Region,Alder,Kon,Fodelseregion,000001IB 2006,000001IB 2007,000001IB 2008,000001IB 2009,000001IB 2010,000001E4 2006,000001E4 2007,000001E4 2008,000001E4 2009,000001E4 2010,000001E7 2006,000001E7 2007,000001E7 2008,000001E7 2009,000001E7 2010,000001E8 2006,000001E8 2007,000001E8 2008,000001E8 2009,000001E8 2010,000001EA 2006,000001EA 2007,000001EA 2008,000001EA 2009,000001EA 2010,000001E9 2006,000001E9 2007,000001E9 2008,000001E9 2009,000001E9 2010,000001EB 2006,000001EB 2007,000001EB 2008,000001EB 2009,000001EB 2010,000001EC 2006,000001EC 2007,000001EC 2008,000001EC 2009,000001EC 2010,000001ED 2006,000001ED 2007,000001ED 2008,000001ED 2009,000001ED 2010,000001EE 2006,000001EE 2007,000001EE 2008,000001EE 2009,000001EE 2010,000001J5 2006,000001J5 2007,000001J5 2008,000001J5 2009,000001J5 2010,000001J6 2006,000001J6 2007,000001J6 2008,000001J6 2009,000001J6 2010,000001IB 2011,000001IB 2012,000001IB 2013,000001IB 2014,000001IB 2015,000001E4 2011,000001E4 2012,000001E4 2013,000001E4 2014,000001E4 2015,000001E7 2011,000001E7 2012,000001E7 2013,000001E7 2014,000001E7 2015,000001E8 2011,000001E8 2012,000001E8 2013,000001E8 2014,000001E8 2015,000001EA 2011,000001EA 2012,000001EA 2013,000001EA 2014,000001EA 2015,000001E9 2011,000001E9 2012,000001E9 2013,000001E9 2014,000001E9 2015,000001EB 2011,000001EB 2012,000001EB 2013,000001EB 2014,000001EB 2015,000001EC 2011,000001EC 2012,000001EC 2013,000001EC 2014,000001EC 2015,000001ED 2011,000001ED 2012,000001ED 2013,000001ED 2014,000001ED 2015,000001EE 2011,000001EE 2012,000001EE 2013,000001EE 2014,000001EE 2015,000001J5 2011,000001J5 2012,000001J5 2013,000001J5 2014,000001J5 2015,000001J6 2011,000001J6 2012,000001J6 2013,000001J6 2014,000001J6 2015,000001IB 2016,000001IB 2017,000001IB 2018,000001IB 2019,000001IB 2020,000001E4 2016,000001E4 2017,000001E4 2018,000001E4 2019,000001E4 2020,000001E7 2016,000001E7 2017,000001E7 2018,000001E7 2019,000001E7 2020,000001E8 2016,000001E8 2017,000001E8 2018,000001E8 2019,000001E8 2020,000001EA 2016,000001EA 2017,000001EA 2018,000001EA 2019,000001EA 2020,000001E9 2016,000001E9 2017,000001E9 2018,000001E9 2019,000001E9 2020,000001EB 2016,000001EB 2017,000001EB 2018,000001EB 2019,000001EB 2020,000001EC 2016,000001EC 2017,000001EC 2018,000001EC 2019,000001EC 2020,000001ED 2016,000001ED 2017,000001ED 2018,000001ED 2019,000001ED 2020,000001EE 2016,000001EE 2017,000001EE 2018,000001EE 2019,000001EE 2020,000001J5 2016,000001J5 2017,000001J5 2018,000001J5 2019,000001J5 2020,000001J6 2016,000001J6 2017,000001J6 2018,000001J6 2019,000001J6 2020,000001IB 2021,000001IB 2022,000001IB 2023,000001IB 2024,000001E4 2021,000001E4 2022,000001E4 2023,000001E4 2024,000001E7 2021,000001E7 2022,000001E7 2023,000001E7 2024,000001E8 2021,000001E8 2022,000001E8 2023,000001E8 2024,000001EA 2021,000001EA 2022,000001EA 2023,000001EA 2024,000001E9 2021,000001E9 2022,000001E9 2023,000001E9 2024,000001EB 2021,000001EB 2022,000001EB 2023,000001EB 2024,000001EC 2021,000001EC 2022,000001EC 2023,000001EC 2024,000001ED 2021,000001ED 2022,000001ED 2023,000001ED 2024,000001EE 2021,000001EE 2022,000001EE 2023,000001EE 2024,000001J5 2021,000001J5 2022,000001J5 2023,000001J5 2024,000001J6 2021,000001J6 2022,000001J6 2023,000001J6 2024
2580,0,1,09,13,7,12,5,5,10,16,10,6,9,2,3,5,1,3,11,3,7,4,2,4,6,4,4,2,4,8,6,2,7,0,1,0,0,0,2,2,0,0,0,3,-9,2,-1,-4,-2,-3,1,-3,1,7,-5,1,2,-5,-2,-1,0,0,0,16,23,12,8,10,12,7,10,13,15,2,5,5,5,4,14,17,6,3,5,4,4,4,10,9,8,3,6,3,6,0,1,1,0,1,0,0,0,0,0,4,16,2,-5,-5,-2,1,1,-5,-5,6,14,0,0,-1,0,1,1,0,1,11,13,9,9,9,13,7,6,14,7,3,5,3,4,6,7,7,6,4,3,4,5,2,7,3,9,2,4,7,4,1,1,0,1,0,0,0,0,0,0,-2,6,3,-5,2,-1,0,1,-3,3,-2,5,2,-3,-1,1,1,0,1,0,8,8,7,10,17,6,9,5,1,3,2,5,7,5,5,5,9,3,3,1,7,3,6,4,0,0,0,0,1,0,0,0,-9,2,-2,5,-8,0,-1,4,0,2,-1,1,-1,0,0,0
2580,0,1,11,1,3,4,2,1,0,0,0,0,0,0,0,0,0,0,0,0,0,0,0,0,0,0,0,0,0,0,0,0,0,1,3,4,2,1,0,0,0,0,0,1,3,4,2,1,0,0,0,0,0,0,0,0,0,0,1,3,4,2,1,0,1,0,1,2,0,0,0,0,0,0,0,0,0,0,0,0,0,0,0,0,0,0,0,0,0,0,0,0,0,0,1,0,1,2,0,0,0,0,0,0,1,0,1,2,0,0,0,0,0,0,0,0,0,0,0,1,0,1,2,0,3,2,2,1,0,0,0,0,0,0,0,0,0,0,0,0,0,0,0,0,0,0,0,0,0,0,0,0,0,0,3,2,2,1,0,0,0,0,0,0,3,2,2,1,0,0,0,0,0,0,0,0,0,0,0,3,2,2,1,0,3,2,3,0,1,0,0,0,1,0,0,0,0,0,0,0,0,0,0,0,0,0,0,0,2,2,3,0,1,0,0,0,2,2,3,0,1,0,0,0,0,0,0,0,1,2,3
2580,0,2,09,13,7,6,2,8,4,11,8,14,7,6,3,1,1,0,6,4,5,1,7,3,4,3,9,3,1,6,4,3,3,1,0,0,0,1,0,1,1,2,1,9,-4,-2,-12,1,3,-1,-2,-8,-3,5,-2,1,-2,4,1,-1,-1,-2,0,4,10,8,11,9,13,9,14,12,11,1,5,4,4,4,2,4,4,7,4,7,5,8,6,9,6,4,4,6,2,1,1,0,0,1,0,0,2,0,0,-9,1,-6,-1,-2,-6,0,-4,-2,-5,-4,0,0,1,2,1,1,-2,0,1,7,9,11,2,12,17,13,12,9,12,3,3,3,1,3,4,4,6,1,9,8,6,6,3,5,9,7,6,6,5,0,2,2,0,0,0,0,0,0,2,-10,-4,-1,-7,0,-5,-3,-3,-2,-2,-5,-3,0,-5,4,0,2,2,0,-2,8,8,5,7,10,15,10,7,3,5,2,3,5,3,3,3,4,9,5,4,6,4,5,3,0,0,0,1,0,2,0,0,-2,-7,-5,0,-1,-4,-3,-1,-1,-1,-2,0,0,-2,0,1
2580,0,2,11,3,3,1,0,0,0,0,0,0,0,0,0,0,0,0,0,0,0,0,0,0,0,0,0,0,0,0,0,0,0,3,3,1,0,0,0,0,0,0,0,3,3,1,0,0,0,0,0,0,0,0,0,0,0,0,3,3,1,0,0,3,3,1,1,2,0,0,0,0,0,0,0,0,0,0,0,0,0,0,0,0,0,0,0,0,0,0,0,0,0,3,3,1,1,2,0,0,0,0,0,3,3,1,1,2,0,0,0,0,0,0,0,0,0,0,3,3,1,1,2,0,7,4,4,0,0,0,0,0,0,0,1,0,0,0,0,0,0,0,0,0,0,0,0,0,0,0,0,0,0,0,6,4,4,0,0,0,0,0,0,0,7,4,4,0,0,1,0,0,0,0,0,0,0,0,0,6,4,4,0,0,2,1,1,0,0,0,0,0,0,0,0,0,0,0,0,0,0,0,0,0,0,0,0,0,2,1,1,0,0,0,0,0,2,1,1,0,0,0,0,0,0,0,0,0,2,1,1
2580,1,1,09,24,17,35,18,18,24,34,24,14,24,9,7,13,7,9,12,10,21,11,8,14,11,7,9,9,10,22,13,5,13,3,0,1,0,1,0,1,4,0,2,0,-17,11,4,-6,-5,-4,6,-2,0,2,-12,8,6,-5,3,-1,-3,0,-1,24,22,14,26,12,30,20,14,24,21,9,6,3,9,4,14,15,11,15,8,12,9,6,17,5,14,10,7,3,12,1,1,0,2,0,4,1,1,4,4,-6,2,0,2,-9,-3,-3,-3,-8,-1,0,5,4,12,-4,-3,0,-1,-2,-4,15,21,24,18,28,23,22,28,15,16,6,9,10,9,10,8,12,11,9,16,12,16,14,6,10,8,6,14,9,6,1,0,3,0,2,3,0,0,0,0,-8,-1,-4,3,12,-6,-7,-4,3,0,0,6,-3,0,10,-2,0,3,0,2,21,30,22,19,17,22,13,14,6,16,6,8,14,13,16,9,12,11,6,9,5,10,5,5,1,1,0,2,0,1,2,0,4,8,9,5,-6,5,0,-1,9,3,11,4,1,0,-2,2
2580,1,1,11,4,2,6,2,9,1,0,2,0,0,0,0,0,0,0,0,0,0,1,0,0,0,1,0,0,1,0,0,0,0,4,2,6,1,9,0,0,1,0,0,3,2,4,2,9,0,0,-1,0,0,-1,0,0,1,0,4,2,5,1,9,11,9,3,5,6,4,1,1,1,0,0,1,0,1,0,1,1,0,0,0,1,1,0,0,0,3,0,0,1,0,10,7,3,4,6,0,0,1,0,0,7,8,2,4,6,-1,0,0,1,0,-2,1,0,-1,0,10,7,2,4,6,8,10,8,6,6,4,1,1,1,2,0,0,0,1,0,0,1,0,0,0,0,1,0,0,1,2,0,1,1,0,8,9,8,5,6,2,0,0,0,1,4,9,7,5,4,0,-1,0,1,-1,-2,1,-1,-1,0,6,9,8,5,5,5,9,1,4,0,0,0,1,0,1,0,0,0,0,0,0,0,0,0,0,0,0,0,0,5,8,1,4,0,0,0,1,5,9,1,3,0,1,0,0,0,0,0,0,5,8,1,3
2580,1,2,09,17,23,17,20,24,27,22,15,18,17,6,8,6,10,8,8,14,10,9,15,11,8,7,3,6,15,11,7,11,11,3,1,1,1,1,1,3,1,4,0,-10,1,2,2,7,-5,0,-1,7,2,-7,3,3,-2,4,2,-2,0,-3,1,13,25,15,18,20,18,13,24,10,24,4,7,6,13,9,8,17,9,5,10,7,3,7,1,13,10,10,15,8,11,1,1,0,0,1,1,0,2,1,0,-5,12,-9,8,-4,-3,4,-1,12,-4,-2,7,-6,-3,-1,0,1,-2,-1,1,21,27,14,15,23,16,18,22,23,18,10,14,3,7,6,9,12,10,6,17,6,8,11,11,8,10,9,11,11,10,2,1,1,2,0,0,1,0,1,0,5,9,-8,-8,5,4,6,-8,-4,-2,-1,3,-1,-5,7,2,0,1,1,0,20,22,13,23,14,22,23,21,10,10,7,11,10,11,6,12,7,11,10,14,7,10,12,6,0,1,0,0,0,1,1,1,6,0,-10,2,3,-1,-3,-3,3,1,-6,6,0,0,-1,-1
2580,1,2,11,6,1,7,0,5,1,2,1,0,1,0,0,0,0,0,0,0,0,0,1,0,0,0,0,0,1,1,1,0,1,6,1,7,0,4,0,1,0,0,0,5,-1,6,0,4,0,0,0,0,0,-1,-1,-1,0,0,6,0,7,0,4,4,4,2,6,3,0,1,1,1,0,0,0,0,0,1,0,0,1,0,0,0,0,0,0,0,0,0,1,0,0,4,4,1,6,2,0,1,0,1,0,4,3,1,5,3,0,0,0,0,1,0,0,0,0,0,4,3,1,5,2,6,9,4,6,3,0,1,1,1,0,0,0,0,0,0,0,0,0,0,0,0,0,0,0,0,0,1,0,0,0,6,9,4,6,3,0,0,1,1,0,6,8,3,5,3,0,0,0,0,0,0,-1,0,0,0,6,9,3,5,3,7,2,1,5,1,0,0,0,0,0,0,1,0,0,0,0,1,0,0,0,0,0,0,0,7,2,1,4,0,0,0,0,6,2,1,5,-1,0,0,1,0,0,0,0,7,2,1,4
2580,2,1,09,18,20,16,14,14,12,22,12,14,20,6,4,10,7,6,11,14,5,7,7,6,10,6,3,12,4,7,6,7,8,1,2,1,0,1,2,5,0,4,0,6,-2,4,0,-6,0,-6,4,4,-6,7,7,-1,0,-1,-1,-3,1,-4,1,19,15,13,10,13,17,15,18,10,18,9,5,9,5,3,10,9,4,5,10,8,3,5,4,9,7,8,9,6,9,0,1,0,0,0,2,4,4,0,0,2,0,-5,0,-5,1,2,4,1,-6,3,1,-5,-1,1,-2,-3,-4,0,0,18,25,19,13,15,15,5,26,13,14,6,8,13,6,7,8,17,5,6,7,5,4,11,5,7,10,1,14,7,7,4,0,1,1,1,0,0,1,1,0,3,20,-7,0,1,1,4,2,1,0,-2,16,-9,-1,0,4,0,0,0,1,18,13,16,12,22,22,24,19,5,5,6,6,12,6,9,6,8,9,13,4,12,12,9,9,1,2,1,0,2,1,2,6,-4,-9,-8,-7,-3,-4,-7,2,0,-6,0,-3,-1,1,-1,-6
2580,2,1,11,5,9,3,4,3,1,4,1,1,1,1,0,0,0,0,0,0,1,0,0,0,0,0,1,0,0,4,1,0,1,4,9,2,4,3,1,0,0,0,0,4,5,2,3,2,1,0,0,-1,0,0,-4,0,0,-1,3,9,2,4,3,9,6,3,3,4,3,0,1,1,0,1,0,1,1,1,1,3,0,0,0,1,0,0,0,0,2,0,1,0,0,7,3,2,2,3,0,0,0,1,0,6,6,2,2,4,0,0,1,1,1,-1,3,-1,0,0,7,3,2,1,3,8,7,6,4,5,1,0,0,2,1,1,3,0,0,0,0,1,1,0,0,1,0,0,1,0,0,0,0,1,0,7,3,5,4,5,0,0,0,0,1,7,7,6,2,4,0,3,0,-1,0,0,1,1,-1,0,7,3,5,4,4,4,6,5,10,1,1,0,2,0,0,1,2,0,1,0,1,0,0,0,0,1,1,0,1,4,5,4,7,0,0,0,1,3,5,5,8,0,0,1,2,-1,0,0,0,4,5,4,6
2580,2,2,09,12,19,10,8,15,15,24,20,15,13,4,7,4,5,8,7,10,6,2,7,9,9,7,5,3,4,14,9,7,9,1,2,0,1,0,2,1,4,3,1,-3,-5,-10,-7,2,-5,-2,-3,0,5,3,-4,-3,-5,-2,-1,1,-4,-2,-1,16,14,17,12,18,9,15,24,16,18,9,8,4,5,4,7,6,13,7,13,4,3,10,9,9,5,10,14,7,8,0,0,0,0,1,0,2,0,0,1,7,-1,-7,-4,0,5,5,-6,-4,-5,2,-4,-1,0,5,0,-2,0,0,0,22,14,14,11,18,11,12,18,14,16,7,7,2,5,7,14,6,11,6,10,4,7,8,5,6,6,3,9,8,9,1,1,1,0,1,1,2,1,1,1,11,2,-4,-3,2,3,0,-6,0,1,8,3,2,-2,1,0,-1,0,-1,0,19,19,9,12,16,4,12,14,5,5,4,3,14,13,3,8,2,1,6,6,13,2,3,7,0,1,2,1,1,1,3,1,3,15,-3,-2,3,4,-2,-3,1,11,0,1,-1,0,-1,0
2580,2,2,11,3,4,7,2,4,3,1,1,1,0,0,0,0,0,0,1,0,0,0,0,1,0,0,0,0,1,1,1,0,0,2,4,7,2,4,1,0,0,1,0,0,3,6,1,4,-1,0,0,0,0,0,-1,-1,0,0,1,4,7,1,4,6,4,1,2,4,0,0,0,1,2,0,0,0,1,1,1,0,0,0,0,0,0,0,0,0,0,0,0,0,1,5,4,1,1,3,0,0,0,1,1,6,4,1,1,2,0,0,0,1,1,1,0,0,0,-1,5,4,1,0,2,7,10,1,6,5,2,2,0,1,1,1,1,0,0,1,1,1,0,0,1,0,2,0,1,0,1,0,0,0,1,5,8,1,6,3,1,0,0,0,0,5,8,1,5,4,1,-1,0,-1,1,0,1,0,0,0,4,8,1,6,3,4,5,3,3,0,3,2,1,1,0,0,0,0,1,0,1,0,1,1,0,0,2,0,1,3,4,3,2,0,0,1,0,4,2,1,2,1,-1,-1,0,0,-1,0,0,3,4,2,2
2580,3,1,09,14,6,11,16,12,12,15,10,14,14,5,1,3,7,5,7,5,8,9,7,6,6,3,5,5,6,7,5,9,8,2,0,0,0,0,0,2,2,0,1,2,-9,1,2,-2,-1,-5,0,2,0,1,-2,3,0,-1,2,-2,-2,0,-1,7,19,20,15,20,17,10,16,11,16,5,7,7,6,5,2,11,10,9,13,8,3,4,7,6,6,5,9,4,9,0,1,3,0,2,3,2,3,0,1,-10,9,4,4,4,-3,4,3,-1,-1,-4,6,1,5,4,-3,-1,0,0,1,18,13,7,26,16,16,13,15,14,14,15,7,1,12,6,3,6,5,10,10,7,8,4,4,5,9,5,10,9,9,0,0,1,4,0,0,0,1,1,0,2,0,-8,12,2,8,-1,-3,8,1,-6,1,-5,1,1,0,0,0,3,0,14,11,16,10,10,13,9,15,5,6,7,5,9,5,9,5,2,4,5,5,7,9,3,9,0,0,0,0,1,0,1,1,4,-2,7,-5,3,2,2,0,2,-4,6,-4,-1,0,-1,-1
2580,3,1,11,5,5,3,0,4,1,4,3,0,4,1,1,0,0,0,0,0,0,0,0,0,1,1,0,1,1,0,1,0,2,4,4,3,0,4,0,3,1,0,1,4,1,0,0,0,1,0,-1,0,-1,-1,0,-1,0,-2,4,1,2,0,3,2,2,2,4,4,1,1,2,1,2,0,0,0,1,0,1,0,0,0,0,0,0,0,0,0,1,1,1,1,0,1,2,2,3,4,0,0,1,0,2,1,1,0,3,2,0,0,0,1,0,0,-1,-1,-1,0,1,2,1,3,2,4,8,9,7,1,1,5,3,0,2,3,2,0,2,1,0,1,0,2,0,0,0,2,0,0,1,3,1,0,0,1,5,9,3,0,0,2,0,0,2,3,3,6,7,-1,3,2,-2,2,1,-1,-2,-1,2,0,1,3,9,3,-2,6,3,8,7,2,1,2,4,1,1,0,0,0,0,1,3,0,0,0,1,0,0,1,0,5,2,7,4,2,1,1,3,4,2,6,3,1,1,0,-1,0,0,0,3,3,1,6,1
2580,3,2,09,14,18,17,18,14,12,19,11,18,16,5,7,8,8,7,9,9,9,10,6,1,5,5,10,5,10,14,4,7,7,0,2,0,0,1,1,0,2,1,4,2,-1,6,0,-2,4,2,3,-2,2,-1,-5,5,3,-1,-1,2,-2,-1,-3,15,19,14,13,15,11,15,11,11,18,5,4,7,4,9,9,14,7,9,5,5,3,1,6,11,6,12,8,3,5,1,1,0,0,1,0,0,2,2,2,4,4,3,2,-3,0,1,6,-2,-2,3,2,-1,6,0,1,1,-2,-2,-1,14,20,14,9,18,15,10,15,22,13,8,4,8,2,11,6,16,6,7,7,7,6,9,7,6,8,4,4,12,7,0,0,0,0,0,0,0,2,3,0,-1,10,-1,-13,5,1,-2,-1,-5,5,-2,12,2,-5,0,0,0,-2,-3,0,20,20,12,12,17,10,12,15,5,4,6,3,14,16,6,9,6,2,6,5,9,7,6,5,1,0,0,0,2,1,0,5,3,10,0,-3,-1,2,0,-2,5,9,0,4,-1,-1,0,-5
2580,3,2,11,4,3,7,2,4,1,1,2,0,2,1,0,1,0,0,1,1,1,0,0,1,0,0,0,1,0,1,2,0,1,2,2,5,2,4,0,0,0,0,0,3,2,5,2,2,0,0,1,0,-1,1,0,-1,0,-1,2,2,5,2,4,2,4,2,2,3,0,2,0,0,0,0,0,0,0,0,0,0,0,0,0,0,0,0,0,0,0,2,0,0,0,2,4,2,2,3,0,0,0,0,0,2,2,2,2,3,0,0,0,0,0,0,-2,0,0,0,2,4,2,2,3,2,14,6,5,3,4,3,6,1,0,1,5,2,1,0,0,2,0,0,0,0,0,0,0,0,2,2,3,0,0,1,7,4,4,3,2,1,3,1,0,-2,11,0,4,3,1,5,2,1,0,-2,0,-3,0,0,-1,6,1,3,3,7,5,4,2,1,0,1,0,0,0,1,1,1,0,0,0,0,0,1,0,1,0,0,0,6,5,3,1,0,0,0,0,6,5,3,2,0,0,0,1,0,0,0,0,6,5,3,1
2580,4,1,09,4,8,9,6,13,13,12,9,10,12,2,1,3,3,7,2,7,6,3,5,7,4,5,5,4,6,7,2,5,8,0,0,0,0,1,0,1,2,0,0,-9,-4,0,-4,1,-5,-3,-2,-2,3,-4,0,4,-2,-3,0,-1,-2,0,1,15,13,13,16,15,11,12,12,10,12,5,10,4,9,5,10,3,6,6,10,4,3,5,6,6,6,8,6,3,4,0,0,3,1,0,1,1,1,1,2,4,1,1,6,3,1,7,-1,3,-1,4,-5,0,3,6,-1,-1,2,0,-2,12,13,15,13,11,7,13,11,14,12,5,6,4,5,4,6,6,10,8,7,2,6,2,3,5,5,6,9,8,7,1,1,1,0,0,0,1,0,3,0,5,0,4,-1,-1,3,0,2,2,-1,1,0,1,0,0,1,0,1,-3,0,8,8,11,7,12,15,17,12,2,2,3,3,6,6,7,2,6,4,5,4,4,11,8,5,0,0,1,2,2,0,4,3,-4,-7,-6,-5,-4,-2,-2,-1,2,-5,-1,-3,-2,0,-3,-1
2580,4,1,11,3,3,5,5,7,1,2,3,1,1,0,0,1,0,0,0,0,1,0,1,1,0,0,0,0,0,1,3,1,1,3,3,3,5,6,0,1,0,0,0,2,1,2,4,6,-1,0,1,0,0,0,-1,-2,-1,0,3,2,3,5,6,6,9,3,5,2,0,3,1,1,2,0,1,1,0,0,2,1,0,0,0,0,0,0,0,1,0,2,0,0,0,4,7,2,5,2,0,1,1,1,1,6,6,2,4,0,0,1,1,0,-1,2,-1,0,0,0,4,6,1,4,1,5,10,4,6,6,1,0,1,3,5,0,1,2,0,1,0,1,1,0,1,0,0,1,0,0,0,0,0,2,4,5,8,1,6,4,1,0,0,1,1,4,10,3,3,1,0,1,1,0,1,0,1,1,-2,-3,4,8,1,5,3,2,7,2,6,1,6,2,3,0,0,0,0,0,0,0,0,0,1,0,1,0,2,0,1,2,7,2,6,1,3,2,1,1,1,0,3,0,-1,0,-1,0,-2,0,-1,1,4,0,5
2580,4,2,09,12,11,9,10,14,11,11,10,16,12,7,4,2,2,12,5,7,7,8,1,5,6,0,4,8,6,5,8,10,3,0,0,0,0,1,0,0,2,2,1,1,0,-1,-6,2,2,-2,2,-2,4,-1,2,-1,-2,-2,0,0,-2,-2,0,14,9,14,13,14,20,15,15,9,9,5,0,7,7,5,9,8,7,6,8,7,3,5,5,5,9,9,8,2,2,0,1,0,0,1,4,3,2,2,2,-6,-6,-1,4,5,-2,-3,2,2,0,0,-1,-1,4,6,-4,-2,-2,-2,-1,13,17,17,9,12,14,12,15,11,8,7,8,9,4,5,4,8,8,5,7,4,6,7,5,4,10,5,8,5,4,2,1,0,0,0,0,1,0,1,0,-1,5,2,-2,4,3,2,2,-1,1,-6,3,0,0,3,2,0,0,-1,0,8,16,11,8,10,10,11,14,4,12,4,4,4,4,5,4,4,3,3,4,5,5,8,8,0,0,2,0,1,2,0,2,-2,6,0,-6,0,9,1,0,-1,-1,-3,-4,-1,-2,2,-2
2580,4,2,11,7,1,8,5,7,4,0,3,1,1,1,0,1,0,0,0,0,1,0,1,0,0,1,0,0,3,0,1,1,1,6,1,6,5,6,1,0,1,0,0,3,1,5,4,6,1,0,0,0,0,-3,0,0,-1,0,5,1,5,5,6,4,6,5,2,1,2,2,0,2,1,0,1,2,0,1,1,1,0,0,0,1,0,0,0,0,1,0,0,1,1,3,4,3,2,0,0,2,0,1,0,2,4,5,0,0,-1,1,2,0,1,0,1,0,-1,-1,3,2,3,1,0,5,12,6,3,3,3,2,3,1,1,1,1,0,0,2,0,1,0,1,0,0,0,1,0,0,1,2,2,1,0,4,10,6,2,1,2,0,0,0,1,2,10,3,2,2,1,1,-1,0,2,-1,-1,-2,0,0,2,10,6,2,0,6,3,2,5,2,1,2,3,0,0,0,1,0,0,0,0,0,0,0,0,2,1,0,2,6,3,2,4,0,0,2,1,4,2,0,2,0,0,0,1,-2,-1,0,-2,6,3,0,3
2580,5,1,09,9,10,12,13,12,6,12,12,8,10,6,6,6,8,4,3,4,6,4,8,2,7,1,3,3,4,3,10,3,5,0,0,0,1,0,0,2,1,2,2,3,-2,0,5,2,4,-1,5,5,1,-1,1,-4,1,3,0,-2,-1,-1,-2,14,11,16,11,12,12,14,8,15,11,6,2,7,4,1,7,9,8,7,9,4,4,4,9,7,8,9,3,4,3,1,0,1,0,2,0,1,1,2,1,2,-3,8,-4,1,2,-2,3,-5,-6,-1,0,5,3,6,1,-1,0,-2,1,16,8,12,12,12,12,10,11,12,4,8,5,3,6,6,8,3,9,6,6,10,6,3,4,2,2,3,8,8,2,0,0,0,0,0,0,1,0,0,0,4,-2,1,0,8,-2,-1,0,2,4,6,0,1,-2,4,0,-1,0,0,0,16,15,7,9,15,11,8,14,8,6,0,4,7,9,7,4,6,4,2,4,9,5,5,7,1,0,0,1,0,2,1,3,1,4,-1,-5,2,2,-2,0,-2,4,2,-3,1,-2,-1,-2
2580,5,1,11,4,3,5,1,4,3,1,1,2,0,2,0,2,0,0,0,1,0,0,0,0,0,1,0,0,3,1,0,2,0,2,2,3,1,4,0,0,0,0,0,1,2,4,-1,4,2,0,1,0,0,-3,0,0,-2,0,2,2,3,1,4,3,2,1,6,5,1,0,0,4,1,0,0,0,2,3,0,1,0,0,0,0,0,0,0,0,0,0,0,2,1,3,1,1,4,2,1,0,0,2,0,2,2,1,2,4,0,0,0,2,3,0,1,0,-2,-1,2,1,1,2,2,4,13,9,4,2,1,3,2,2,1,1,4,0,0,0,0,1,0,0,1,0,1,0,1,0,1,1,1,1,0,3,8,9,4,1,0,1,1,0,1,3,10,7,2,1,1,3,0,-1,0,-1,0,-1,-1,1,3,7,8,4,0,4,5,6,2,4,0,2,3,0,0,1,0,0,0,1,0,1,0,0,1,3,0,0,0,4,5,4,2,0,0,2,2,0,5,4,-1,-1,0,1,-1,-3,0,1,0,4,5,2,0
2580,5,2,09,7,7,7,8,12,11,11,4,9,8,1,4,5,3,5,6,3,1,5,6,4,4,2,5,4,7,6,2,3,4,0,0,1,0,1,0,1,0,1,0,-4,-4,3,-1,4,-3,0,3,-2,1,-1,-3,-1,2,2,0,-1,1,-1,1,8,11,11,14,13,7,8,8,18,13,2,4,3,4,5,5,6,6,10,8,4,0,4,8,5,1,6,2,9,5,1,1,2,0,0,2,2,2,1,3,1,3,3,-4,0,-2,4,-1,-4,0,4,0,4,1,3,-1,-1,0,-1,-3,13,10,13,8,14,11,3,12,10,9,5,5,6,4,9,8,3,6,3,5,2,1,6,4,4,8,0,6,4,4,0,2,1,1,0,1,2,0,2,1,2,7,1,-2,5,3,4,0,0,5,0,3,0,-1,1,-1,0,1,-1,-1,7,7,6,10,8,6,8,9,2,3,5,4,5,4,1,6,2,4,2,3,6,1,6,3,0,0,0,0,0,1,0,3,-1,1,-2,1,0,-1,3,1,-1,3,-5,3,0,-1,0,-3
2580,5,2,11,2,4,5,3,2,3,2,3,3,2,0,0,0,0,0,1,0,0,0,0,0,0,0,0,0,2,2,2,3,2,1,4,5,3,2,1,0,1,0,0,-1,2,2,0,0,0,0,0,0,0,-1,-2,-2,-3,-2,0,4,4,3,2,3,5,3,7,1,3,3,1,4,1,0,0,1,1,1,0,0,0,1,0,0,2,0,2,0,2,1,1,2,0,3,5,2,5,0,1,0,0,0,1,0,2,2,3,0,0,-2,1,-1,1,-2,-1,-1,-1,0,2,5,2,5,-1,0,4,6,7,7,2,1,4,2,2,0,1,1,0,0,0,0,0,0,1,0,0,2,0,0,2,0,1,1,2,0,3,5,7,6,0,1,1,1,0,-2,3,2,5,5,0,1,-1,0,0,-2,0,-1,-1,-1,0,2,4,6,6,5,3,3,1,0,2,2,2,0,0,1,1,1,0,1,0,0,1,0,0,0,1,1,1,4,3,1,0,0,0,1,1,5,1,1,-1,0,-1,1,1,1,-1,0,-1,4,3,0,-1
2580,6,1,09,1,9,10,5,9,2,10,7,8,5,1,5,5,3,2,0,4,5,2,6,2,7,3,4,3,0,3,4,4,2,0,0,0,0,1,0,0,0,0,0,-1,-1,3,-3,4,-1,-2,2,-1,-1,0,1,1,-2,4,0,0,0,0,1,10,4,13,14,10,9,11,7,8,8,3,2,4,6,5,6,2,8,7,4,4,5,3,4,6,3,5,4,3,2,1,0,1,1,1,2,1,0,1,0,1,-7,6,6,2,-1,-3,1,2,-1,3,-3,4,4,2,-1,-1,1,0,1,10,11,7,8,14,12,5,14,9,4,4,7,2,1,9,5,4,5,5,4,7,2,7,5,2,3,2,6,4,2,1,0,0,2,1,2,1,1,0,0,-2,6,-7,-1,10,-3,5,-5,-4,7,2,2,-1,1,2,-1,-1,-1,2,1,17,5,3,9,13,7,8,17,4,1,1,6,11,4,2,3,6,3,4,4,4,3,2,11,2,0,0,0,3,1,2,2,4,-2,-5,-8,-2,-2,-3,2,7,1,0,-8,-1,-1,-2,-2
2580,6,1,11,0,7,1,1,6,2,1,3,1,4,0,1,0,0,0,0,1,0,0,1,0,0,0,0,0,0,0,2,1,3,0,5,1,1,5,2,1,1,0,1,-2,6,-2,0,2,0,1,0,0,0,0,1,-2,-1,-2,-2,4,0,1,4,2,8,3,11,3,3,5,3,2,1,1,1,1,3,0,0,0,1,0,0,1,0,0,0,0,0,3,0,1,1,1,7,1,8,3,2,2,3,1,0,-1,3,0,9,2,0,1,1,3,0,0,-3,1,-1,-1,-1,5,-2,7,3,5,13,10,9,2,2,0,8,2,2,0,3,1,2,0,4,1,1,0,0,0,0,2,0,0,1,0,4,0,1,1,9,8,7,2,1,0,2,2,1,3,13,2,7,0,0,3,-1,2,0,3,1,-3,0,-1,0,9,6,5,1,3,5,2,5,1,2,3,4,0,0,0,0,1,1,0,0,0,0,1,0,1,2,2,1,2,4,2,5,0,0,0,3,2,3,-1,1,0,0,-1,0,0,-1,-2,-1,2,4,2,2
2580,6,2,09,9,10,7,9,6,8,11,4,9,4,2,2,2,1,3,6,7,5,8,3,6,4,2,4,2,2,5,2,5,1,1,1,0,0,0,0,2,0,0,1,1,-1,3,0,2,-4,-2,0,-3,1,4,2,3,3,2,1,-1,0,0,-1,11,13,8,13,9,11,8,13,9,11,8,7,1,3,6,3,6,5,10,2,7,5,4,3,5,3,3,8,4,5,0,0,2,0,1,1,0,1,2,1,0,5,-5,4,-2,1,2,-3,0,1,0,3,-3,6,-3,-1,0,1,-2,0,4,10,11,10,4,6,5,7,10,10,2,6,3,4,2,1,3,7,6,2,1,3,3,2,4,5,1,3,7,4,1,1,1,0,0,0,1,1,1,2,-2,5,4,0,-6,1,3,0,2,-2,-4,2,4,-1,-2,1,0,0,-1,-2,12,7,8,7,14,8,12,5,5,4,6,5,6,3,2,2,5,1,7,2,8,7,2,2,1,0,0,0,1,0,3,1,-2,-1,-4,2,0,3,-1,3,-2,-4,0,0,0,0,-3,-1
2580,6,2,11,3,2,0,4,6,2,3,4,0,1,2,0,0,0,1,1,0,0,0,0,0,1,0,0,0,1,1,1,0,1,0,2,0,4,5,1,1,3,0,0,1,-1,-4,4,5,2,-1,0,0,1,0,-1,-1,0,-1,-1,1,-3,4,5,4,3,5,1,3,2,1,1,1,1,0,0,1,1,1,0,0,0,0,0,0,0,0,1,1,1,1,1,0,0,4,3,4,0,2,1,0,0,0,0,2,2,4,0,2,0,0,1,0,0,-1,-1,-1,0,0,3,3,4,0,2,4,12,4,3,2,2,3,0,2,0,2,4,0,1,0,0,1,0,0,0,0,1,0,0,0,1,2,0,2,0,2,7,4,2,2,1,0,0,0,0,2,9,4,1,2,2,3,0,1,0,-1,-1,0,-2,0,1,7,4,2,2,7,3,3,5,4,1,3,8,2,0,1,0,3,0,1,0,0,0,2,3,3,0,0,1,2,3,1,5,1,1,1,4,3,2,0,-3,2,0,-1,-3,0,0,1,-1,1,2,0,1
2580,7,1,09,6,8,8,4,7,9,6,9,9,12,2,5,3,3,6,4,3,5,0,1,5,3,1,4,3,4,3,6,5,8,0,0,0,1,0,0,0,2,0,1,-3,2,-1,-5,-5,-3,2,2,-1,3,0,0,-1,-5,-7,0,0,-2,1,-1,6,8,4,5,12,8,7,8,8,12,4,3,1,1,1,2,5,2,3,11,2,0,4,4,7,5,7,3,2,5,0,0,1,1,0,1,0,1,2,0,-2,1,-4,-3,0,2,3,-3,-3,-6,-3,-2,-1,1,6,-1,0,0,-1,0,9,5,7,4,6,8,9,5,10,8,6,1,4,1,1,2,3,2,3,5,3,4,3,2,4,5,5,2,8,3,1,1,1,0,0,0,0,0,0,1,1,-4,2,-6,-2,3,-3,1,-1,-3,-3,-2,0,-5,2,1,1,1,0,-1,7,8,7,13,6,3,11,11,3,5,2,11,4,3,4,2,2,2,7,2,3,1,4,9,0,0,1,0,1,0,0,0,1,5,-4,2,1,3,-5,9,1,2,0,-7,-1,0,1,0
2580,7,1,11,5,5,4,4,3,3,5,6,3,0,1,0,0,0,0,0,0,0,0,0,1,1,0,0,0,2,1,3,3,0,4,5,4,4,3,0,3,3,0,0,2,0,-2,1,3,0,-1,0,0,0,-2,-1,-3,-3,0,4,2,1,4,3,8,3,7,8,1,3,1,0,2,3,0,1,2,1,0,0,1,1,0,0,0,0,0,0,0,3,1,0,1,2,8,1,4,7,1,0,0,0,1,1,5,2,7,6,-2,0,1,2,1,0,-3,0,1,-1,-2,8,1,4,6,0,4,7,10,4,3,1,2,5,3,2,0,2,3,0,0,1,0,0,0,2,0,1,2,0,0,1,1,2,0,1,3,5,7,4,1,0,0,1,3,1,3,5,5,1,1,0,1,1,0,0,0,-1,-2,0,1,3,5,6,1,0,6,4,2,5,2,3,3,1,4,2,1,1,0,0,0,1,0,0,2,0,1,1,1,0,2,2,1,3,1,2,0,1,4,1,-1,4,4,2,-1,1,-1,-1,-1,1,1,0,1,2
2580,7,2,09,7,10,9,7,6,1,5,10,1,7,2,7,6,1,5,4,3,2,6,1,0,3,5,0,2,1,2,5,1,4,1,0,1,0,0,0,0,0,0,1,6,5,-1,6,-1,2,4,1,1,3,3,1,-3,5,-3,1,0,1,0,-1,6,8,2,9,6,4,6,8,3,6,2,3,0,4,2,3,5,1,4,3,1,0,1,2,2,3,5,5,1,3,1,0,1,1,1,0,1,2,0,1,2,2,-6,6,0,1,3,-1,2,0,0,0,-4,3,0,1,-1,-1,1,0,4,2,12,5,5,10,9,11,7,5,1,0,6,3,3,2,1,5,2,2,4,4,3,1,2,6,5,5,5,3,1,1,1,0,0,0,0,3,1,0,-6,-7,1,-2,0,-3,-4,3,2,1,-4,-4,0,-3,-1,1,1,-2,-1,0,10,8,5,3,9,6,7,8,4,4,3,1,4,4,1,1,4,3,2,4,4,3,3,4,2,0,1,1,1,0,2,0,1,2,-2,-5,0,1,1,-3,0,1,-2,-3,1,0,-1,1
2580,7,2,11,4,1,8,0,2,1,2,2,2,1,1,0,2,0,0,1,0,1,0,0,0,0,1,0,0,1,1,1,1,1,2,1,5,0,2,0,1,0,1,0,3,-1,6,-2,1,1,0,1,0,0,0,-1,0,-1,-1,2,0,5,-1,2,4,6,1,4,3,0,1,0,3,1,0,0,0,2,0,0,0,0,0,1,0,0,0,0,0,0,0,0,2,1,4,6,1,2,2,0,1,0,1,0,4,5,1,1,2,0,0,0,2,0,0,0,0,-2,0,4,5,1,1,2,6,7,5,8,1,1,0,3,2,5,1,1,1,0,0,0,1,0,0,0,0,0,1,0,1,0,0,2,0,3,5,5,4,8,1,1,0,0,2,1,5,7,2,6,-4,1,1,0,0,-1,0,1,-2,0,-3,4,5,4,6,0,5,1,2,10,3,3,5,3,1,0,0,2,0,0,0,1,0,0,0,0,2,1,2,0,4,1,2,7,1,2,3,3,2,-2,-3,7,1,0,0,2,-2,-1,-2,1,3,-1,-1,4
2580,8,1,09,5,1,5,2,5,6,8,3,6,5,3,0,3,1,3,2,0,2,1,2,3,2,1,3,3,2,6,1,3,2,0,1,0,0,0,1,0,1,0,0,-1,-7,2,-4,0,0,-2,2,-2,0,0,-6,1,-2,0,-1,1,-1,0,0,8,6,7,7,10,8,4,7,5,6,3,3,3,4,7,5,2,4,3,2,6,2,3,0,3,2,1,3,4,3,0,1,0,0,1,0,1,1,1,0,0,2,0,2,4,-3,1,0,4,4,3,1,1,-1,-1,0,0,-1,-1,1,10,3,10,7,11,6,7,7,10,8,6,0,3,5,5,3,3,7,0,5,0,4,1,2,4,5,3,6,8,3,1,0,0,2,1,1,0,0,0,1,4,-4,3,-3,3,6,-4,2,3,1,-2,0,1,-8,2,0,0,0,2,0,8,4,2,5,6,11,3,9,3,2,1,3,5,2,1,2,5,4,2,2,1,5,1,7,0,0,0,0,0,2,0,0,2,-7,-1,-4,-2,-2,-1,1,4,-3,0,-5,0,-2,0,0
2580,8,1,11,7,6,3,2,4,0,2,2,2,0,0,0,1,0,1,0,0,0,0,0,0,0,0,0,0,0,2,2,2,0,7,6,2,2,3,0,0,0,0,0,7,4,1,0,4,0,0,1,0,1,0,-2,-2,-2,0,7,6,2,2,3,4,2,5,4,4,1,4,3,3,0,1,0,0,0,1,1,0,1,0,1,0,1,0,1,0,0,3,3,1,0,2,2,4,4,2,1,0,0,1,0,3,-2,2,1,4,1,-1,0,-1,1,1,-3,-2,-1,1,1,2,4,3,2,10,6,9,6,5,2,4,3,2,2,3,2,3,0,0,2,0,0,0,1,0,1,1,1,0,2,3,0,1,2,5,4,6,6,4,0,0,2,0,0,8,2,6,4,3,3,1,2,-1,0,0,-3,0,-1,-1,5,4,4,6,4,6,10,3,9,8,4,5,3,0,0,1,1,1,1,1,1,0,0,1,0,7,3,2,0,5,9,1,7,1,1,2,3,-2,6,-2,6,0,0,0,1,-6,-2,-1,1,4,8,-1,4
2580,8,2,09,6,2,9,2,10,7,9,10,4,7,2,2,6,0,7,4,0,3,2,3,2,4,7,2,4,3,4,2,2,3,0,0,0,0,0,2,1,1,0,0,-1,-7,-1,-2,3,0,-2,-1,-2,3,1,-4,1,0,0,-2,-1,-1,0,0,7,11,6,6,4,3,7,5,10,12,2,5,2,1,1,4,5,3,5,2,1,1,4,4,5,1,6,0,4,4,1,1,1,0,1,1,0,1,2,3,4,4,1,-4,-8,1,4,-2,-3,-4,3,-1,3,1,-2,0,1,0,-2,-2,5,4,7,5,5,9,3,6,9,6,3,1,2,1,1,2,3,5,4,4,7,2,2,1,3,2,0,3,7,2,0,0,0,0,0,0,1,1,1,1,-4,1,1,-4,-1,-4,-1,0,0,-2,0,3,2,-3,2,0,-1,-1,-1,-1,6,12,6,6,8,8,3,6,1,5,2,3,5,6,4,1,4,2,3,1,2,6,0,3,0,1,0,2,2,0,0,2,-2,4,3,0,-3,3,-1,2,3,0,4,-2,-2,1,0,0
2580,8,2,11,8,2,2,2,1,4,5,1,1,0,1,0,0,0,0,1,0,0,0,0,1,2,0,0,0,3,2,1,1,0,6,2,2,2,1,0,1,0,0,0,4,-3,1,1,1,0,-2,0,0,0,-2,-2,-1,-1,0,6,1,2,2,1,2,8,5,7,2,1,3,2,1,3,0,2,1,0,1,0,0,0,1,0,0,1,0,0,0,1,2,0,0,2,2,6,4,6,1,0,0,2,1,1,1,5,3,6,-1,0,1,1,0,1,-1,-2,0,1,-2,2,6,2,5,0,4,6,5,4,3,0,2,3,3,1,2,3,2,0,0,0,0,0,0,1,0,0,0,0,0,0,1,2,2,0,2,3,3,4,2,0,1,1,1,1,4,4,2,1,2,2,3,2,0,0,0,-1,-2,-2,1,2,2,2,3,1,5,4,6,4,1,4,3,6,3,1,0,0,1,0,0,2,0,0,0,0,0,2,0,3,1,3,6,2,1,2,3,3,4,0,3,-2,3,1,0,0,1,-2,0,-1,0,1,3,-1
2580,9,1,09,6,9,4,3,8,3,6,2,3,6,4,3,3,2,6,1,5,1,1,1,2,5,1,1,2,1,1,0,1,3,1,1,0,0,1,0,0,1,1,1,3,3,2,0,2,2,-2,2,1,4,0,4,1,0,-2,1,1,-1,-1,0,2,6,8,6,3,2,3,5,4,9,2,2,3,2,2,0,2,3,4,1,1,2,2,2,4,0,1,1,2,5,0,2,2,0,0,1,0,2,0,0,0,3,3,2,-6,1,0,1,0,-2,0,1,2,2,-4,-1,2,0,0,0,4,10,7,4,3,4,4,4,8,7,2,7,2,3,1,2,3,5,1,2,3,2,1,3,3,0,2,2,5,4,0,0,0,0,0,1,0,1,0,0,0,6,3,-4,-4,-1,5,1,0,-2,2,1,3,-4,-2,-1,0,-1,0,0,13,3,1,8,4,6,6,9,3,1,1,6,8,1,0,2,0,3,1,2,4,3,3,5,2,1,0,0,0,0,2,2,9,-3,-5,-1,3,-2,0,4,4,-2,-3,-3,2,1,-2,-2
2580,9,1,11,2,3,2,1,4,1,2,3,1,0,0,0,0,0,0,0,0,0,0,0,0,2,0,0,0,1,0,1,1,0,2,3,2,1,4,0,0,2,0,0,1,1,-1,0,4,0,-2,0,0,0,-1,0,-1,-1,0,2,3,0,1,4,3,4,3,3,6,2,2,1,1,4,0,0,0,2,0,1,0,0,0,1,0,0,1,0,1,1,1,0,0,1,2,4,3,1,5,1,1,0,1,2,1,2,2,2,2,0,0,-1,2,-1,0,-1,0,0,0,1,3,3,0,3,2,15,3,8,5,6,2,3,4,6,1,5,1,1,1,0,1,0,1,0,1,1,1,1,0,3,1,2,2,4,1,9,2,6,4,2,0,0,1,2,-4,13,0,4,-1,0,4,0,0,1,-3,0,-2,-1,-4,-1,9,2,5,2,4,4,3,5,5,1,3,3,2,0,1,0,1,0,1,0,1,0,1,0,4,0,2,3,1,4,1,5,0,1,0,0,-1,3,0,2,1,0,0,0,-3,0,-1,-3,1,3,1,5
2580,9,2,09,5,6,9,11,9,3,1,4,8,2,2,3,6,5,5,3,3,3,6,4,3,1,1,4,1,0,0,1,4,1,0,0,0,0,0,0,0,2,0,0,2,5,5,3,7,-1,2,5,1,4,3,3,2,2,3,0,0,-2,0,0,3,2,6,4,4,7,6,5,6,5,1,1,1,2,3,2,1,3,2,1,3,1,1,1,3,3,5,4,4,2,0,0,2,0,0,1,0,0,1,0,-4,-4,1,-2,-1,-2,0,0,1,0,-1,-4,-1,-2,-1,-1,0,2,-1,0,6,3,7,2,4,9,2,6,11,6,5,2,3,1,3,0,1,4,1,1,6,1,2,2,2,3,1,4,8,3,1,0,0,0,0,0,0,0,1,1,-3,1,1,-9,-2,-1,1,1,-1,1,-3,0,0,-7,-2,1,0,0,-1,-1,8,6,5,5,11,8,5,7,4,5,2,4,3,0,3,0,6,6,3,4,3,2,1,2,1,1,0,1,2,0,1,1,-3,-2,0,-2,-2,-1,-1,0,0,-2,2,-2,-1,1,-1,0
2580,9,2,11,6,3,2,0,5,2,3,0,2,2,1,0,2,0,0,0,0,0,0,2,1,1,0,0,0,1,1,0,1,2,5,3,0,0,3,0,1,0,1,0,4,0,2,-2,3,0,-1,2,0,0,-1,-1,0,-1,0,5,2,0,-1,3,1,6,3,6,8,0,1,2,2,3,0,0,0,1,2,0,0,0,2,1,0,1,0,0,0,0,0,1,2,2,1,6,3,3,5,0,0,1,0,1,1,5,1,4,5,0,-1,0,1,2,0,0,-1,0,-1,1,6,2,3,4,6,5,6,8,3,2,4,2,2,1,0,1,0,1,0,1,0,1,1,2,1,1,1,0,0,1,3,1,2,1,5,4,5,6,1,0,0,0,0,0,4,1,4,6,2,-1,0,-1,1,0,0,-3,0,-1,1,5,4,5,6,1,5,5,7,10,3,1,4,1,0,1,0,1,0,1,1,1,0,0,2,0,3,1,1,1,5,3,6,8,0,0,1,0,2,4,3,9,0,1,-2,1,-3,0,0,0,5,3,5,8
2580,10,1,09,7,3,9,3,6,3,11,4,2,5,5,3,7,2,5,2,0,2,1,1,2,5,2,1,2,1,3,2,1,3,0,0,0,0,0,0,3,0,0,0,4,-8,5,1,1,3,-2,5,1,3,1,-3,0,0,-2,0,-3,0,0,0,5,3,6,3,5,5,3,7,8,3,1,0,4,3,2,2,2,2,0,1,3,1,5,4,1,2,1,2,4,1,2,1,0,0,2,0,1,0,0,1,0,0,-1,-5,2,-2,-1,-1,-1,1,0,1,0,-4,0,2,0,0,0,1,5,4,5,3,3,5,6,3,3,8,4,1,3,2,3,1,2,2,1,0,1,1,2,2,2,3,5,1,1,6,0,1,0,0,0,1,0,0,0,0,0,-2,2,0,-5,3,0,1,0,1,-2,-3,1,0,-6,-1,1,0,0,0,9,8,5,2,2,6,7,5,3,5,2,0,6,2,3,1,2,1,4,1,0,5,2,3,0,1,0,1,0,0,1,1,7,2,-2,-3,1,4,-2,-1,6,-3,1,-2,0,1,-1,0
2580,10,1,11,4,2,2,2,2,2,0,2,2,0,0,0,0,0,0,0,0,0,0,1,1,0,0,0,0,1,0,1,1,0,4,2,2,2,1,0,0,1,1,0,2,2,0,0,2,-1,0,0,0,0,-1,0,-1,-1,1,4,2,1,1,1,3,5,1,4,3,2,1,1,0,2,1,0,0,2,1,0,0,0,0,1,0,0,0,0,0,1,1,0,0,2,2,5,1,2,1,1,0,1,0,0,1,4,0,4,1,1,0,0,2,1,-1,-1,0,0,-1,1,5,0,2,1,2,10,2,9,4,2,3,6,2,4,0,3,1,3,1,0,0,0,0,1,0,2,1,0,1,1,1,3,2,3,2,7,1,6,2,1,0,2,0,0,0,7,-4,7,0,0,1,0,3,0,-1,-1,-3,-2,-2,1,7,-1,6,2,3,8,3,1,3,5,1,4,1,0,0,0,1,1,0,1,0,0,0,0,3,4,1,4,1,7,3,0,0,1,0,0,0,3,2,-3,1,0,0,0,-2,-3,-1,-3,1,6,3,0
2580,10,2,09,5,5,0,4,4,5,10,3,4,8,2,3,0,2,2,3,2,0,2,2,3,5,0,1,3,1,3,2,3,5,0,0,0,0,0,1,2,1,0,0,0,-5,-3,0,-4,-1,-2,0,1,-1,2,-1,-2,-1,-3,-1,-2,-1,0,0,4,5,4,3,6,1,4,5,8,9,3,3,1,2,3,1,2,2,1,2,1,2,2,3,3,0,2,3,4,5,0,0,1,0,1,0,0,0,1,1,3,1,-1,-5,-3,2,1,-1,-1,0,1,0,-1,-3,-3,0,0,1,-1,0,6,7,2,4,3,5,5,5,8,5,2,5,1,3,1,4,2,0,1,2,5,4,2,1,2,0,1,3,7,3,0,0,1,0,0,0,0,0,0,0,1,2,-3,-4,-2,-3,1,-1,2,-1,4,1,-3,-6,-1,0,0,1,0,0,5,5,8,5,10,2,4,7,1,1,6,4,3,3,2,1,4,2,2,0,6,0,2,5,1,1,0,0,0,0,0,2,-5,3,4,-2,-3,-1,4,4,-3,3,0,-4,1,1,0,-2
2580,10,2,11,6,4,3,1,4,1,7,2,1,3,1,0,1,0,0,0,0,0,0,0,0,0,1,0,0,1,5,1,1,3,5,4,2,1,4,0,2,0,0,0,5,-3,1,0,1,1,0,0,0,0,-1,-5,-1,-1,-3,5,2,2,1,4,5,2,4,6,6,1,0,2,1,3,0,0,1,0,3,0,1,2,1,0,0,0,0,0,1,1,0,2,1,2,5,1,1,5,3,0,0,0,0,0,4,2,2,5,3,0,0,1,0,2,-1,1,0,0,-2,5,1,1,5,3,4,8,6,4,0,1,3,3,2,2,1,1,0,0,0,0,0,0,0,0,1,1,1,0,0,0,2,2,2,2,3,7,6,4,0,0,0,0,0,0,3,5,3,2,-2,0,0,-1,0,0,0,-2,-2,-2,-2,3,7,6,4,0,1,4,2,8,4,1,1,1,0,1,0,0,0,0,0,4,0,0,1,0,4,1,0,0,1,3,2,4,0,0,0,1,-3,3,1,7,0,1,-1,0,-4,-1,0,4,1,3,2,3
2580,11,1,09,9,5,8,3,5,4,7,6,2,1,8,1,6,3,2,1,4,2,0,3,3,3,4,2,1,1,4,2,0,0,0,0,0,0,0,0,0,0,0,0,5,-2,2,1,4,5,-2,2,1,1,0,0,0,0,3,0,0,0,0,0,7,5,3,1,4,5,5,12,5,4,5,2,1,0,3,2,2,2,1,1,3,4,4,3,1,2,1,6,2,2,0,1,0,0,0,0,0,2,0,1,2,0,-9,-4,0,2,-2,-3,-3,2,0,1,-4,-1,-1,0,1,-2,0,-1,8,5,6,7,4,4,0,5,8,4,2,3,1,7,1,5,2,5,0,3,1,0,3,4,2,2,0,1,3,1,1,0,0,0,0,1,0,1,1,1,4,5,1,-1,0,1,3,-2,3,-1,3,2,4,-3,2,0,0,-1,-1,-1,4,4,6,5,7,5,5,8,2,1,4,0,1,3,2,4,3,1,1,2,3,3,3,6,1,0,0,1,1,1,1,0,-3,-1,1,-3,-1,0,3,-2,-2,0,-1,-2,0,-1,-1,1
2580,11,1,11,1,4,3,4,3,0,1,0,1,5,0,0,0,1,0,0,0,0,0,0,0,1,0,0,1,0,0,0,0,4,1,4,3,3,3,0,0,0,1,0,1,3,3,3,-2,0,-1,0,1,-1,0,0,0,0,-4,1,4,3,2,3,4,4,2,4,3,1,4,0,0,4,0,1,1,2,1,0,0,1,1,1,0,0,0,0,0,1,2,0,0,2,4,3,0,1,1,0,2,0,0,2,3,0,2,4,-1,0,1,1,2,1,-1,-2,1,1,-1,4,1,0,1,-1,6,7,4,6,1,1,2,2,7,6,2,3,2,1,1,0,0,0,0,0,0,1,0,1,1,1,1,1,4,4,4,4,2,5,0,0,0,1,2,1,5,5,2,-1,-5,2,2,2,0,0,-1,-1,-1,-4,-4,4,4,1,3,-1,2,3,3,4,3,3,2,1,2,0,0,0,0,0,1,0,1,0,0,0,1,1,0,1,0,3,2,4,1,2,2,0,-1,0,1,3,1,0,0,0,-1,-1,1,-1,-1,1,0,4
2580,11,2,09,10,6,10,4,6,3,5,4,4,4,7,5,8,3,5,3,0,2,1,0,1,1,1,2,1,2,4,3,2,2,0,1,0,0,1,0,0,0,0,1,7,1,6,0,2,6,4,7,1,4,1,-4,-1,-1,-2,0,1,0,0,0,5,4,7,3,3,9,12,6,3,5,2,1,4,2,2,3,3,3,1,1,6,3,4,2,1,3,9,2,1,3,0,0,0,0,0,0,0,0,0,1,-4,-8,1,0,-2,-4,-2,0,0,1,0,-6,1,0,-2,0,0,0,0,-1,3,6,6,6,10,1,2,4,5,9,2,5,2,2,6,1,1,4,4,4,0,0,2,1,4,0,2,2,4,4,0,0,0,0,0,1,0,0,0,1,2,4,2,1,1,2,5,0,1,2,1,-1,2,0,0,-1,0,0,0,-1,4,5,3,4,2,8,5,5,1,2,3,0,3,2,0,4,2,1,1,2,0,6,1,3,0,1,0,0,0,1,3,0,2,-3,-2,-1,-1,1,2,-2,3,-4,-1,1,0,0,-3,0
2580,11,2,11,4,2,3,5,2,3,5,1,3,3,0,0,0,0,0,0,0,0,1,0,1,0,0,1,2,2,3,1,2,1,4,2,3,4,2,0,2,0,0,0,1,-3,2,2,-1,-1,0,0,-1,-2,-2,-3,-1,-1,-1,4,0,3,4,2,0,3,3,3,2,3,5,1,3,3,0,0,0,1,0,0,0,0,1,0,0,0,1,1,0,2,4,0,2,2,0,3,3,1,2,1,1,0,0,1,-3,-2,2,0,-1,0,0,-1,0,0,-2,-4,0,-1,-2,-1,2,3,1,1,6,5,0,3,3,6,2,2,2,3,0,1,0,0,1,0,1,0,0,0,1,0,0,0,0,3,2,1,2,1,6,3,0,3,2,2,0,1,0,2,0,3,-2,1,0,-1,1,0,0,1,-3,-1,-1,-2,-1,4,3,-1,3,0,1,7,4,2,0,0,2,1,0,0,0,1,1,3,0,0,0,0,0,0,0,0,1,1,0,4,4,1,0,0,1,0,1,7,2,1,0,0,0,1,1,3,-1,-1,0,4,3,1
2580,12,1,09,8,1,3,7,1,2,5,5,7,3,5,1,2,6,1,3,0,1,0,0,1,1,1,3,3,1,4,4,4,0,0,0,0,1,0,0,0,0,0,0,6,-4,-2,0,-2,4,0,1,3,-2,2,-4,-3,-4,0,0,0,0,1,0,1,5,3,2,6,4,2,4,3,6,1,3,2,1,6,0,2,1,1,0,3,1,1,0,1,0,0,3,2,5,0,0,0,0,0,1,1,0,1,0,-3,3,-1,-1,0,-2,2,1,1,5,0,2,-2,-1,-5,-1,-1,0,-1,0,8,1,4,9,4,5,4,5,9,10,5,1,3,3,3,3,0,1,5,1,3,1,1,6,4,2,3,3,2,3,0,0,0,1,0,0,0,1,1,3,3,-3,-1,0,-6,2,0,2,-3,-1,1,-3,-2,3,-2,0,0,-1,0,-3,8,7,5,5,8,3,8,5,5,5,2,3,0,1,3,2,4,0,4,1,3,3,4,3,3,1,0,0,1,0,0,1,0,4,-3,0,1,5,-2,2,-3,-2,-1,-1,2,1,0,-1
2580,12,1,11,2,8,8,4,5,0,4,3,5,3,0,0,3,0,2,0,1,0,1,0,0,1,1,0,0,0,3,1,4,3,2,7,5,3,3,0,0,1,1,0,2,4,5,-1,2,0,-1,2,0,2,0,-2,-1,-3,-3,2,7,4,2,3,5,4,2,4,4,1,3,2,3,4,1,0,0,1,0,1,1,0,0,0,0,1,1,0,0,1,2,1,3,1,3,3,2,3,4,0,0,0,0,3,4,1,0,1,0,1,-1,-1,1,0,0,-1,-1,-3,-1,3,3,2,3,1,2,10,7,6,0,4,1,3,1,3,0,2,0,4,0,0,1,2,0,0,2,0,0,0,0,2,1,3,1,1,2,7,5,2,0,0,0,0,0,2,-2,9,4,5,-3,-2,2,0,4,0,-2,0,-1,-1,-1,2,7,5,2,-2,8,4,3,8,3,5,3,3,2,2,2,1,2,0,0,2,0,1,0,0,3,2,2,1,4,2,1,5,0,2,1,2,5,-1,0,5,2,1,2,1,-1,-2,-2,1,4,0,0,3
2580,12,2,09,5,1,9,2,7,7,3,7,7,3,3,1,6,1,5,2,0,3,1,2,4,2,4,5,2,3,1,3,2,1,0,0,0,0,0,0,0,0,0,0,-2,-2,2,-5,4,-1,-1,2,-4,3,-1,-1,0,-1,1,0,0,0,0,0,6,6,5,4,3,7,5,2,3,5,5,3,1,2,1,1,3,4,1,2,3,3,1,1,3,4,2,1,2,2,0,0,0,1,0,0,0,0,0,0,-1,1,3,1,-2,2,0,0,1,-2,-3,1,3,-1,0,0,0,0,1,0,4,6,4,5,4,3,4,4,4,3,4,4,1,3,4,0,2,2,2,0,0,4,3,1,3,2,0,1,3,0,0,0,1,0,0,1,0,0,0,0,1,2,0,1,1,4,0,-2,2,1,-2,2,1,-1,0,-1,0,1,0,0,6,6,6,6,5,2,7,5,3,4,0,5,3,2,6,1,3,1,5,1,2,1,2,4,0,0,0,0,0,0,0,0,1,4,-1,1,0,3,-5,4,1,1,4,-3,0,0,0,0
2580,12,2,11,1,0,6,0,4,2,1,1,0,1,1,0,0,0,0,0,0,1,0,0,0,0,1,0,0,2,1,0,0,1,0,0,5,0,4,0,0,0,0,0,-1,-1,5,0,3,1,0,-1,0,0,-2,-1,1,0,-1,0,0,5,0,4,3,2,2,6,6,1,0,3,0,2,0,0,0,2,1,0,0,0,0,0,0,0,0,0,1,1,0,1,0,0,3,2,2,4,5,0,0,2,0,1,2,2,-1,6,4,0,0,0,2,0,-1,0,-1,0,0,3,2,0,4,4,4,7,6,6,3,3,4,4,2,0,3,1,1,0,0,0,1,2,0,2,0,2,2,0,0,2,2,2,2,0,1,5,3,6,1,1,0,0,0,0,1,3,2,4,3,3,-1,-1,0,0,-2,-1,0,-2,2,0,5,3,6,1,6,4,3,4,5,1,2,1,1,1,1,0,1,0,0,1,0,0,1,0,4,1,0,0,4,3,2,3,1,0,1,1,1,3,1,3,1,1,0,0,-3,-1,0,1,3,3,1,2
2580,13,1,09,11,6,6,4,5,4,6,3,8,6,6,2,5,2,5,5,4,1,2,0,2,4,2,5,4,2,2,1,3,2,0,0,0,0,0,0,0,0,0,0,7,0,3,-4,-1,4,-2,3,-3,1,3,2,0,-1,-2,0,0,0,0,0,3,3,4,11,4,8,2,7,6,7,1,1,3,7,1,2,2,1,3,3,4,2,5,3,4,4,0,2,2,3,0,0,0,1,0,0,0,0,1,0,-5,1,-3,5,-3,-3,-1,-2,4,-3,-2,2,-1,1,0,0,0,0,0,0,7,9,4,7,5,2,2,6,2,4,5,8,2,7,4,2,0,1,0,1,0,1,1,1,1,2,1,4,1,3,0,1,1,0,0,0,0,1,0,0,5,7,-2,5,1,5,7,1,6,3,0,-1,-3,-1,-2,0,1,0,0,0,11,4,4,8,8,4,2,4,6,3,3,1,5,1,1,6,5,3,0,1,3,1,2,3,0,0,0,1,0,0,0,0,3,0,2,4,1,0,3,0,2,0,-1,3,0,0,0,1
2580,13,1,11,8,3,7,2,2,3,2,0,0,2,2,0,0,1,1,0,0,0,1,1,0,0,0,0,0,3,1,0,0,2,6,3,7,0,0,0,1,0,0,0,5,1,7,2,0,2,0,0,1,1,-3,-1,0,1,-1,6,2,7,0,0,1,1,6,3,4,4,1,1,0,1,0,1,0,0,1,0,0,2,0,1,1,0,0,0,0,3,1,1,0,0,1,0,4,3,2,0,0,0,0,1,-3,0,5,3,3,-1,1,0,0,1,-3,-1,1,0,1,1,0,4,3,1,4,5,4,6,2,1,0,1,4,3,2,1,2,2,1,0,1,0,0,0,0,0,0,0,0,1,0,0,3,2,2,3,2,4,1,0,0,1,1,1,3,5,3,2,-1,2,1,2,2,1,-1,1,0,-3,-2,2,3,1,3,0,1,1,0,8,1,3,3,3,0,0,0,0,0,1,0,2,0,0,0,0,1,0,2,3,1,0,0,6,0,3,1,0,0,-2,-3,5,0,0,0,0,-1,1,-2,-1,1,-3,-1,6
2580,13,2,09,9,3,8,4,5,1,4,2,6,4,4,2,4,2,3,4,1,4,2,2,0,2,1,5,0,1,2,1,1,4,1,0,0,0,0,0,0,0,0,0,8,-1,6,-2,1,4,0,3,-3,3,3,-1,3,1,-2,1,0,0,0,0,1,5,5,5,6,2,7,7,7,4,1,1,3,2,4,0,3,2,3,1,2,2,5,1,1,0,4,2,6,3,0,1,0,0,1,0,1,0,0,0,-1,-2,-2,-2,2,-1,-1,-2,1,3,0,-1,0,-3,-2,0,0,0,0,1,6,2,7,5,5,3,5,4,7,5,2,0,4,1,3,4,2,3,4,1,1,1,2,1,0,2,4,2,6,5,0,0,0,0,1,0,0,0,0,0,3,-3,3,-2,0,1,-1,2,0,3,2,-2,1,-2,-4,0,0,0,0,1,2,12,7,5,4,10,8,6,1,4,2,2,1,7,5,3,3,5,5,1,0,3,3,4,0,1,0,0,1,2,0,1,-2,2,-1,-1,-2,-1,-3,1,1,4,2,-1,-1,-1,0,-1
2580,13,2,11,3,2,3,3,3,3,1,1,1,1,0,0,1,0,0,0,0,0,1,0,0,1,0,0,0,3,0,1,1,1,3,2,2,2,3,0,0,0,0,0,0,1,2,2,2,0,-1,1,0,0,-3,0,-1,0,-1,3,2,2,2,3,4,3,1,5,2,0,3,1,0,1,0,1,0,0,0,1,0,1,0,0,0,1,0,0,0,0,1,0,0,1,3,2,0,5,2,0,1,1,0,0,4,0,0,5,1,0,0,0,0,0,1,-1,1,0,-1,3,1,-1,5,2,2,5,9,5,1,3,3,6,3,0,1,2,2,1,0,0,2,0,0,0,1,1,1,0,0,1,2,2,3,0,1,1,7,4,1,1,0,3,0,0,-1,2,3,2,1,0,1,1,1,0,-1,0,-2,-3,0,0,1,4,4,1,2,1,3,5,3,0,1,1,1,1,0,1,0,0,1,0,0,0,0,1,2,0,0,0,1,0,2,4,1,0,1,0,-1,1,2,4,1,1,0,0,-2,0,1,0,0,0,1,4
2580,14,1,09,8,7,5,3,4,8,10,14,2,3,7,5,5,2,4,1,2,0,1,0,5,7,7,2,1,3,3,6,0,2,0,0,0,0,0,0,0,1,0,0,0,-3,-9,1,1,2,-2,-2,0,3,-2,-1,-6,1,-2,0,0,-1,0,0,7,5,9,1,8,7,4,4,5,6,6,2,6,1,6,1,3,3,0,2,2,1,1,3,2,4,3,3,2,2,0,0,0,0,0,1,0,0,0,2,0,1,5,-4,2,4,1,5,-2,4,-3,0,0,-2,0,-1,0,0,0,-2,8,7,8,9,3,0,1,5,4,8,5,3,4,5,3,3,4,4,4,0,0,0,2,2,4,0,1,2,2,4,0,0,0,0,0,0,0,1,0,0,8,6,3,5,-5,5,3,2,3,-1,3,3,2,2,-4,0,0,-1,0,0,2,5,6,6,5,10,4,3,1,5,4,3,1,0,2,3,4,8,4,1,1,2,0,1,0,0,0,0,0,0,0,1,-3,-5,2,3,-3,-3,0,2,0,-2,2,2,0,0,0,-1
2580,14,1,11,3,3,5,8,9,1,0,1,4,6,0,0,2,1,0,1,0,1,0,0,0,0,1,1,2,1,0,0,3,4,2,3,2,7,9,0,0,0,0,0,2,3,4,4,3,0,0,1,0,-2,0,0,1,-3,-4,2,3,2,7,9,3,8,1,0,2,3,2,2,2,4,1,3,0,0,0,0,0,0,0,0,2,0,1,0,1,1,2,0,2,1,2,5,1,0,2,0,0,1,0,2,0,6,-1,-2,-2,-1,3,-1,0,-1,-1,-2,0,-2,-1,2,5,0,0,0,5,8,7,4,1,2,4,4,3,2,1,1,2,1,0,0,0,1,0,0,0,1,0,1,0,2,2,4,2,2,4,7,4,3,1,0,1,0,0,0,3,4,3,1,-1,1,0,2,0,0,-2,-2,-3,-2,-2,4,6,4,3,1,7,5,3,7,7,4,2,4,2,1,2,1,1,1,0,2,1,0,1,0,5,3,1,4,4,3,1,4,1,1,0,0,0,1,1,3,1,1,1,1,-4,-2,-1,-2,3,2,1,4
2580,14,2,09,6,6,5,1,2,5,6,4,9,4,2,4,4,0,0,4,1,1,0,2,1,2,2,4,2,4,4,1,4,1,0,1,0,1,0,0,0,1,1,1,1,0,1,-8,-2,1,2,2,-4,-2,0,-3,0,-4,1,0,1,-1,0,-1,6,8,9,4,7,9,2,5,2,7,3,7,5,3,2,3,1,4,1,5,4,1,3,2,3,5,1,2,0,4,0,0,0,0,0,0,0,0,0,0,-3,6,4,2,0,-1,6,2,1,-1,-2,0,2,1,1,0,0,0,0,0,7,3,1,6,6,8,1,6,5,4,4,2,1,5,3,3,1,0,0,3,3,1,3,1,1,4,0,3,4,2,0,0,0,1,0,1,0,0,0,1,-1,2,-5,1,2,1,1,-2,4,2,-1,1,-3,-4,1,-1,0,0,1,-1,6,7,2,9,2,4,9,6,5,2,0,8,1,4,2,1,0,0,4,3,2,3,5,1,0,1,0,0,0,1,0,2,4,3,-7,3,5,2,-4,5,-1,1,-3,0,0,0,0,-2
2580,14,2,11,6,2,4,2,4,1,3,1,1,4,0,0,0,0,0,3,0,1,0,0,1,0,0,0,0,0,3,1,1,3,3,2,3,2,4,0,0,0,0,1,5,-1,3,1,0,-1,0,0,0,0,3,-3,0,-1,-3,3,2,3,2,3,4,2,2,6,2,3,3,1,0,3,0,0,1,1,0,1,0,0,0,0,1,1,0,0,0,2,1,0,0,1,3,2,1,5,2,0,1,1,0,2,1,-1,1,6,-1,-1,-1,1,1,0,-1,-1,0,0,-1,3,1,0,5,0,4,8,5,6,2,1,3,2,0,2,0,1,1,1,0,1,1,1,0,1,0,2,1,0,0,1,0,1,0,1,3,6,3,5,1,0,1,0,0,1,3,5,3,6,0,0,-1,0,1,0,0,1,0,0,0,3,5,3,5,0,2,8,5,3,1,1,0,1,1,1,2,1,0,1,0,0,0,0,0,0,1,1,0,1,1,6,3,2,0,0,0,0,1,7,5,2,1,1,2,1,-1,0,0,-1,1,6,3,2
2580,15,1,09,6,6,9,10,1,5,3,9,3,7,2,4,6,5,1,4,2,3,4,0,1,1,6,2,5,4,2,3,1,2,0,0,0,1,0,0,0,0,0,0,1,3,0,7,-6,1,3,0,3,-4,0,0,0,3,-2,0,0,0,1,0,5,14,3,9,3,7,3,4,7,4,1,8,2,6,2,3,5,1,3,1,3,1,4,4,1,4,2,0,3,3,1,1,0,0,0,0,0,0,0,0,-2,11,-1,2,-1,-2,7,-2,2,1,-1,3,1,0,-2,1,1,0,0,0,6,4,3,6,3,0,1,1,7,6,4,3,2,5,3,2,1,1,1,0,0,1,1,3,2,0,0,0,3,2,0,0,0,0,0,0,0,0,1,2,6,3,2,-1,-3,4,2,1,2,1,2,1,1,-2,-2,0,0,0,-1,-2,3,6,8,7,1,4,4,3,2,5,6,5,1,1,2,1,0,0,3,1,1,4,1,2,0,0,0,1,0,0,0,0,2,2,4,4,2,5,3,4,0,-3,1,-1,0,0,0,1
2580,15,1,11,5,3,7,5,5,2,1,2,2,4,1,1,1,1,1,0,0,0,0,0,0,1,2,0,1,2,0,0,2,2,4,2,6,4,4,0,0,0,0,1,3,2,5,3,1,1,0,-1,1,0,-2,0,0,-2,-2,4,2,6,4,3,5,5,5,2,7,3,3,1,0,1,0,1,0,0,0,1,1,0,0,1,2,0,1,0,0,1,2,0,0,1,4,3,5,2,6,0,1,0,0,0,2,2,4,2,6,-2,1,-1,0,0,0,-1,0,0,0,4,2,5,2,6,3,6,9,3,3,1,1,3,4,1,1,1,1,1,1,0,0,2,0,0,0,1,0,0,0,0,0,2,4,1,2,5,6,2,2,1,0,1,0,0,2,5,6,-1,2,1,0,1,1,1,0,0,0,-4,-1,1,5,5,2,2,3,4,4,7,2,2,3,1,1,1,1,2,0,1,1,2,1,0,2,0,1,2,0,0,2,2,2,3,0,0,1,1,1,2,1,6,0,1,-1,2,-1,-1,1,2,2,2,1,2
2580,15,2,09,5,10,7,6,5,2,6,2,6,5,4,6,4,6,3,1,4,3,0,2,2,0,0,3,2,0,5,1,3,3,0,0,0,0,0,0,1,1,0,0,3,4,5,0,0,2,6,4,3,1,1,-1,2,-3,-1,0,-1,-1,0,0,3,7,3,3,4,7,10,6,4,5,3,5,2,0,4,0,2,1,3,0,3,6,5,2,4,3,2,1,2,1,0,0,0,0,0,1,2,0,0,0,-4,-3,-3,-1,-1,0,-1,-3,-2,0,-3,0,0,1,-1,-1,-2,0,0,0,6,3,3,4,3,2,6,5,7,4,3,1,2,3,2,3,2,1,1,1,1,2,2,4,2,1,4,3,3,2,0,0,0,0,0,0,0,0,0,0,4,-3,-2,-3,-1,2,-1,0,-1,0,2,-2,-2,-2,-1,0,0,0,0,0,3,6,6,5,5,6,4,7,2,4,4,5,1,1,2,0,4,2,0,3,1,3,3,3,0,1,0,0,0,1,1,1,-2,0,2,-2,-2,2,4,2,0,-2,-1,-3,0,0,-1,-1
2580,15,2,11,0,3,7,3,4,2,1,1,4,4,0,0,2,1,0,0,0,0,1,0,0,0,0,0,0,2,1,0,4,3,0,3,5,1,4,0,0,1,0,1,-2,2,6,-1,0,0,0,2,1,0,-2,-1,0,-3,-3,0,3,4,1,3,4,3,5,10,3,1,3,4,0,3,0,0,0,3,1,0,1,0,0,0,1,0,1,0,1,0,3,3,0,2,4,2,5,7,2,0,0,0,0,0,3,0,1,10,0,-1,0,-1,3,0,0,-2,-3,0,-2,4,2,5,7,2,2,7,2,5,3,2,1,3,3,5,0,0,0,1,1,0,4,0,0,0,0,1,0,0,1,2,0,3,3,1,2,3,2,4,2,0,0,0,0,3,0,6,-1,2,-2,0,-1,0,1,0,-2,4,-3,-3,-1,2,3,2,4,-1,3,2,2,4,1,1,4,3,0,1,1,0,0,1,1,0,0,0,0,1,1,1,2,0,3,0,0,4,0,0,2,2,2,1,-2,1,0,1,1,-1,-1,0,-1,0,3,0,-2,2
2580,16,1,09,24,6,8,14,12,15,13,11,10,9,17,4,4,8,8,7,2,4,5,3,10,6,5,5,3,5,7,6,5,6,0,0,0,1,1,0,0,0,0,0,9,-7,-3,4,3,7,-2,-1,3,5,2,-5,-2,0,-3,0,0,0,1,1,10,6,16,5,15,5,3,8,11,6,8,4,8,3,12,2,2,8,2,3,3,3,3,7,2,2,0,5,4,4,0,0,0,0,0,0,0,0,0,0,5,3,8,-6,9,5,1,5,-4,10,0,2,3,-2,-1,0,0,0,0,0,10,6,9,13,8,11,5,3,8,6,3,5,5,8,6,6,1,3,5,2,4,3,2,3,2,5,2,1,5,4,1,0,1,0,0,2,0,0,0,0,-1,1,6,5,2,-1,2,3,5,4,1,-1,2,0,-2,-1,0,1,0,0,9,10,11,17,8,5,4,13,6,3,9,9,2,6,2,7,4,3,3,7,4,2,1,5,1,1,0,1,0,0,0,1,1,5,7,4,2,0,6,2,-2,4,1,2,1,1,0,0
2580,16,1,11,3,6,6,12,3,2,2,1,3,2,2,0,1,0,0,0,1,0,0,1,0,0,0,1,1,2,2,1,2,1,1,5,5,12,2,0,0,0,0,0,1,4,5,9,1,2,0,1,-1,-1,-2,-1,-1,-2,0,1,5,5,12,2,2,4,7,7,4,1,0,2,2,1,0,1,3,0,0,1,0,0,1,1,0,0,0,1,0,1,0,2,0,1,1,3,4,6,3,0,0,0,1,0,1,4,5,5,3,0,1,3,-1,0,0,0,-2,1,0,1,3,4,5,3,8,15,8,8,7,4,2,3,2,4,1,3,4,1,2,0,1,0,0,1,0,0,2,1,1,4,2,0,1,2,7,11,4,7,4,0,0,1,0,1,4,13,5,6,3,1,3,2,0,1,-4,-1,0,-1,-1,7,11,3,7,3,1,3,7,10,4,3,2,5,0,2,3,3,0,1,2,0,1,1,2,1,2,0,0,4,1,0,2,7,1,2,0,0,-3,0,5,5,-1,1,1,2,-2,1,2,-4,0,-2,2,7
2580,16,2,09,14,15,12,14,14,7,10,14,7,15,8,11,9,12,12,6,4,3,2,2,3,2,7,5,10,4,8,5,2,5,0,0,0,0,0,0,0,2,0,0,7,5,-2,7,-1,5,9,2,7,2,2,-4,-2,0,-3,0,0,-2,0,0,13,14,15,10,10,5,10,10,6,7,10,9,11,7,8,3,5,4,3,2,1,5,7,4,5,4,5,3,2,1,0,0,0,0,0,0,0,0,0,1,8,4,5,4,3,9,4,4,3,3,-1,0,1,1,1,0,0,0,0,-1,12,6,7,10,9,10,6,9,2,6,8,5,4,5,8,4,1,3,5,0,7,3,6,2,3,3,3,3,0,3,0,0,0,0,1,0,0,0,0,0,2,0,-2,8,3,1,2,-2,3,5,1,-2,0,5,-3,0,0,0,0,1,10,12,6,7,10,4,7,9,5,9,3,4,4,3,3,2,5,1,3,5,5,3,4,4,1,0,0,1,0,0,0,0,0,8,-1,-2,0,8,0,-1,-1,0,-1,-2,1,0,0,1
2580,16,2,11,1,3,3,2,2,1,1,4,2,3,0,0,0,0,0,0,0,0,0,1,0,0,1,0,0,1,1,3,2,3,1,3,3,2,1,0,0,0,0,0,0,2,-1,0,-1,0,0,-1,0,0,-1,-1,-3,-2,-2,1,3,3,2,1,8,1,3,3,4,0,4,0,1,2,1,0,1,0,1,2,1,1,0,0,0,0,0,0,2,0,4,0,1,0,5,0,1,3,3,0,0,0,0,0,8,-3,3,2,2,1,0,1,0,-1,2,-3,1,-1,0,5,0,1,3,3,4,6,3,5,2,0,4,4,1,4,1,1,0,1,2,1,1,0,0,0,0,1,0,1,0,0,3,1,0,3,2,4,3,4,0,0,0,3,0,1,4,2,-1,4,-2,1,0,0,0,2,1,-2,-1,0,-3,2,4,0,4,-1,7,2,1,7,4,5,4,1,1,1,0,2,2,1,0,1,0,1,0,0,3,2,3,1,4,0,1,4,1,2,1,0,3,-3,-3,6,1,0,0,2,-1,-1,-3,0,3,-2,0,4
2580,17,1,09,9,12,11,7,11,9,10,7,2,11,4,7,6,4,7,5,5,5,3,4,3,7,3,1,5,6,3,3,1,5,0,0,0,0,0,0,0,1,0,1,0,2,4,5,0,1,0,3,3,2,-1,2,2,2,-1,0,0,-1,0,-1,12,12,10,10,8,12,4,6,6,4,5,7,7,7,6,7,5,3,3,2,6,2,4,3,2,5,2,2,3,2,0,0,0,0,0,1,0,0,0,0,0,8,4,4,4,-1,5,3,4,4,2,3,1,0,0,-1,0,0,0,0,8,9,3,3,7,10,5,2,5,8,5,6,2,2,5,2,2,1,1,2,8,1,1,2,6,2,4,1,3,2,1,1,0,0,0,0,0,0,0,0,-2,4,1,-2,-1,-3,5,1,0,-1,0,-2,0,-2,0,1,1,0,0,0,5,9,6,5,7,6,4,5,3,5,2,2,2,4,3,2,5,6,0,2,2,0,3,2,0,0,1,1,0,0,1,1,-2,3,2,0,-2,-1,2,0,0,4,0,0,0,0,0,0
2580,17,1,11,7,3,8,8,6,1,5,2,0,7,1,0,3,0,1,1,0,0,0,0,1,0,0,0,2,0,3,1,0,5,5,3,5,8,5,0,2,1,0,0,6,-2,6,8,-1,0,0,3,0,-1,1,-3,-1,0,-5,5,1,4,8,5,13,10,13,7,8,3,1,6,0,1,0,0,4,0,1,2,1,2,1,0,1,0,0,0,0,2,1,3,0,1,11,9,7,6,7,0,0,3,0,0,10,9,7,7,7,-1,0,4,0,1,0,0,-1,1,-1,11,9,4,6,7,28,19,11,8,10,1,2,4,4,4,2,1,3,3,1,2,2,1,0,2,0,0,0,3,2,1,2,4,1,2,24,16,7,5,7,0,0,0,0,0,27,17,7,4,6,2,1,3,0,-1,1,0,-3,-1,0,24,16,7,5,7,5,10,4,6,1,0,4,1,2,2,0,3,0,2,2,1,0,0,1,0,1,0,2,1,3,6,2,2,0,0,1,0,4,10,0,5,2,2,-1,3,-1,2,0,0,3,6,1,2
2580,17,2,09,14,9,15,13,5,8,12,9,12,5,12,6,10,5,5,2,3,5,6,0,4,7,3,7,2,3,5,6,4,3,0,0,0,2,0,1,0,0,1,0,6,-3,6,1,0,8,-1,7,-2,3,-1,-2,-1,2,-3,-1,0,0,1,0,9,4,4,4,5,6,9,7,3,7,4,3,2,3,3,5,1,2,1,2,2,6,1,3,2,4,3,5,0,4,0,0,0,0,0,0,0,1,0,1,3,-5,-3,1,-2,2,-3,1,0,1,1,-2,-3,1,-2,0,0,-1,0,-1,8,6,9,4,6,5,9,7,1,11,6,4,8,4,4,2,2,1,0,1,1,5,3,0,5,3,4,3,1,3,0,0,0,0,1,1,0,1,0,3,3,-3,2,3,-5,5,-1,5,4,-1,-1,-2,-2,-1,-2,-1,0,-1,0,-2,7,6,8,5,5,4,6,3,4,3,6,2,3,2,2,3,5,3,4,1,0,1,2,1,0,1,0,0,0,0,0,1,2,2,2,2,-1,0,2,1,3,1,0,2,0,1,0,-1
2580,17,2,11,2,7,5,1,1,3,8,1,2,2,0,2,0,0,0,1,0,2,0,0,0,3,0,0,0,3,4,1,2,1,1,5,3,1,1,0,1,0,0,1,-1,-1,4,-1,-1,0,-1,0,0,0,-2,-4,1,-2,-1,1,4,3,1,0,2,3,4,1,2,1,4,2,1,3,0,1,0,0,0,0,0,1,0,0,0,0,1,0,0,1,4,1,0,1,2,2,3,1,2,0,0,0,1,2,1,-1,2,0,-1,0,1,-1,0,0,-1,-4,0,0,-1,2,2,3,0,0,5,2,3,3,2,2,1,1,2,2,0,0,0,0,0,0,0,1,0,0,0,1,0,1,1,2,0,1,1,1,5,2,2,3,2,0,0,0,0,0,3,1,2,1,0,0,-1,0,-1,-1,-2,0,0,-1,-1,5,2,2,3,2,5,3,5,9,1,6,2,3,1,1,3,1,1,1,0,3,0,0,0,0,0,6,1,2,3,1,2,5,1,0,1,1,4,-3,3,6,1,1,3,1,1,-5,-1,1,2,1,1,4
2580,18,1,09,14,9,13,16,19,11,5,6,13,11,10,7,8,5,12,4,2,5,10,4,7,4,1,8,5,4,1,5,3,5,0,0,0,1,3,0,0,0,2,1,3,4,7,3,8,3,3,7,-3,7,0,1,0,7,-1,0,0,0,-1,2,13,17,8,8,5,8,9,4,6,8,5,6,4,4,4,8,11,3,4,1,3,5,2,4,4,5,3,2,2,4,0,0,1,0,0,0,1,0,0,0,5,8,4,2,-3,2,1,2,0,0,3,8,1,2,-3,0,-1,1,0,0,11,8,10,10,7,5,3,3,5,5,5,3,4,6,3,6,5,6,3,4,5,2,3,3,3,0,1,0,2,2,0,0,0,1,0,0,0,0,0,0,6,5,7,5,2,0,1,1,3,0,6,4,6,1,2,0,0,0,1,0,10,3,11,5,9,6,6,5,4,2,7,3,5,1,3,1,4,1,5,3,5,5,1,2,1,0,1,1,0,0,0,0,1,-3,5,0,0,1,2,0,0,-4,2,-1,1,0,1,1
2580,18,1,11,5,2,7,3,2,2,4,3,4,5,1,0,0,1,0,2,0,3,1,0,1,0,1,0,0,1,4,2,3,5,2,2,4,1,2,0,0,0,1,0,3,-2,4,-1,-3,0,0,-1,1,0,1,-4,1,-2,-5,2,2,4,0,2,8,9,11,8,8,9,6,2,3,3,2,2,2,1,0,2,3,2,0,2,1,1,0,2,0,8,5,2,1,0,4,4,7,7,6,0,0,0,0,3,-1,3,9,5,5,1,1,2,-1,0,-6,-2,0,-1,2,4,4,7,7,3,16,44,10,8,2,4,3,4,4,1,1,4,2,1,0,1,1,2,2,0,0,1,2,1,1,4,2,2,3,0,14,39,6,5,2,0,0,0,0,0,12,41,6,4,1,1,3,0,0,-1,-3,-1,0,-1,0,14,39,6,5,2,6,9,2,4,2,3,1,3,3,1,0,1,0,4,0,1,0,0,1,1,2,3,0,1,3,4,2,2,0,0,0,1,4,6,1,1,3,1,-1,0,-2,1,0,0,3,4,2,1
2580,18,2,09,17,14,18,19,16,11,16,16,23,10,12,12,11,11,8,4,2,7,8,8,9,12,9,10,1,1,4,6,10,8,1,0,0,0,0,1,0,1,3,1,6,-2,2,-4,6,3,0,2,1,7,3,-2,1,-2,0,0,0,-1,-3,-1,8,9,6,15,15,8,16,10,17,9,4,6,5,7,13,4,3,1,6,2,5,6,9,6,3,3,9,1,9,4,0,0,0,2,0,0,1,0,2,2,0,-7,-4,-2,6,-1,0,-4,1,10,1,-6,0,-3,-2,0,-1,0,0,-2,10,14,7,10,10,6,11,8,11,12,7,7,5,5,4,3,7,2,5,6,4,8,4,5,9,2,3,4,5,3,0,0,0,0,0,0,0,0,1,0,4,3,-1,-1,-2,3,-1,1,0,-5,1,4,-2,0,3,0,0,0,-1,0,12,10,10,11,13,3,10,10,5,6,7,8,5,4,3,3,8,2,7,7,5,1,2,3,2,0,0,0,0,0,1,0,-1,7,0,1,-3,4,0,1,0,3,1,0,2,0,-1,0
2580,18,2,11,2,2,7,5,3,2,2,3,7,1,0,0,1,2,2,1,0,4,1,1,2,0,1,0,0,0,2,2,7,0,1,2,2,2,0,0,0,0,0,1,0,0,4,-2,2,-2,0,0,2,2,1,-2,2,-6,1,1,2,2,2,-1,1,5,2,6,5,0,2,3,2,0,0,1,0,0,2,0,2,1,3,0,0,0,0,0,0,0,2,2,2,0,1,2,1,3,3,0,0,1,0,0,1,3,-1,4,5,0,1,0,0,2,0,0,-1,1,0,1,2,0,3,3,5,8,7,5,2,3,2,4,4,2,2,0,3,2,1,1,2,2,1,1,0,0,1,0,0,2,2,2,4,1,2,6,2,2,0,1,0,1,0,1,2,6,3,1,0,2,0,2,2,1,-1,0,0,-3,0,1,6,1,2,-1,4,7,4,14,1,6,6,1,2,1,1,2,0,2,2,3,0,1,1,0,0,4,5,1,2,4,1,9,1,1,0,0,3,1,-2,13,2,0,0,2,0,-2,-3,2,1,3,1,9
2580,19,1,09,105,115,122,170,146,34,30,25,55,42,21,24,26,28,36,82,90,96,142,108,9,9,7,11,9,24,20,16,41,31,2,1,0,0,2,1,1,2,3,2,71,85,97,115,104,12,15,19,17,27,58,70,80,101,77,1,0,-2,-3,0,167,170,147,152,148,43,36,53,46,43,23,26,20,16,15,143,142,127,136,133,10,6,9,7,10,33,27,43,39,32,1,2,0,0,0,0,3,1,0,1,124,134,94,106,105,13,20,11,9,5,110,115,84,97,101,1,-1,-1,0,-1,152,154,171,129,188,34,27,31,40,36,20,21,22,14,17,132,133,149,113,171,8,4,8,6,8,26,23,23,33,26,0,0,0,2,0,0,0,0,1,2,118,127,140,89,152,12,17,14,8,9,106,110,126,80,145,0,0,0,1,-2,142,126,114,97,39,35,36,31,13,18,13,17,129,108,101,79,11,7,6,5,28,27,29,26,0,0,0,1,0,1,1,0,103,91,78,66,2,11,7,12,101,81,72,53,0,-1,-1,1
2580,19,1,11,16,14,9,7,10,7,1,2,2,6,2,1,1,2,0,7,12,4,5,4,0,0,0,0,1,5,1,2,2,5,7,1,4,0,6,2,0,0,0,0,9,13,7,5,4,2,1,1,2,-1,2,11,2,3,-1,5,1,4,0,6,9,16,8,11,17,3,9,7,9,4,1,4,0,3,1,3,10,8,5,14,0,0,3,4,1,3,8,4,5,3,5,2,0,3,2,0,1,0,0,0,6,7,1,2,13,1,4,-3,-1,0,0,2,4,0,11,5,1,0,3,2,16,25,52,38,28,8,6,10,3,3,1,4,7,6,3,12,17,15,20,23,0,2,4,1,1,7,4,6,2,2,3,4,30,12,2,1,0,0,0,0,8,19,42,35,25,1,2,3,5,2,5,13,9,18,21,2,4,30,12,2,24,21,21,20,4,5,10,6,6,2,2,3,14,15,18,12,1,0,1,0,3,5,8,4,4,4,1,5,0,0,1,2,20,16,11,14,5,2,1,3,11,10,10,8,4,4,0,3
2580,19,2,09,111,115,103,103,112,57,54,46,42,57,57,49,45,27,42,54,66,58,74,68,26,14,12,9,17,29,38,34,30,38,0,0,0,2,2,2,2,0,3,2,54,61,57,61,55,31,35,33,18,25,25,28,24,44,30,-2,-2,0,-1,0,115,102,100,91,78,60,38,51,48,37,31,31,31,21,28,83,71,68,70,49,11,12,15,10,11,46,25,32,38,24,1,0,1,0,1,3,1,4,0,2,55,64,49,43,41,20,19,16,11,17,37,46,36,32,25,-2,-1,-3,0,-1,71,70,71,80,101,39,35,39,36,50,23,19,16,23,23,47,50,54,57,76,9,7,10,8,9,30,27,29,28,40,1,1,1,0,2,0,1,0,0,1,32,35,32,44,51,14,12,6,15,14,17,23,25,29,36,1,0,1,0,1,109,90,86,82,41,45,40,29,38,33,31,20,71,57,55,61,9,9,11,10,32,35,29,18,0,0,0,1,0,1,0,1,68,45,46,53,29,24,20,10,39,22,26,43,0,-1,0,0
2580,19,2,11,11,9,11,12,13,4,8,10,9,3,4,0,3,4,4,2,3,3,5,4,1,1,1,1,0,2,6,7,8,3,5,6,5,3,5,1,1,2,0,0,7,1,1,3,10,3,-1,2,3,4,0,-3,-4,-3,1,4,5,3,3,5,12,11,7,7,7,6,6,5,4,9,3,2,1,1,1,5,2,5,3,6,1,1,0,1,2,3,4,4,3,7,4,7,1,3,0,2,1,1,0,0,6,5,2,3,-2,2,1,1,0,-1,2,-2,1,0,-1,2,6,0,3,0,10,15,17,20,19,2,8,8,18,9,3,2,3,5,3,5,9,11,10,13,0,2,2,5,5,2,6,5,13,4,2,4,3,5,3,0,0,1,0,0,8,7,9,2,10,3,0,1,0,-2,3,3,6,-3,9,2,4,2,5,3,20,18,8,23,10,7,7,6,5,5,0,3,12,10,4,13,2,2,0,0,7,5,6,3,3,3,4,7,1,0,1,3,10,11,1,17,3,3,0,3,5,5,-2,10,2,3,3,4
2580,20,1,09,141,140,117,153,127,73,79,78,65,100,35,32,30,41,26,105,108,87,110,95,19,13,22,15,16,53,63,55,48,81,1,0,0,2,6,1,3,1,2,3,68,61,39,88,27,16,19,8,26,10,52,45,32,62,14,0,-3,-1,0,3,135,137,214,176,128,90,89,83,75,72,28,20,21,22,16,106,116,192,153,112,24,13,20,11,6,59,73,62,62,66,1,1,1,1,0,7,3,1,2,0,45,48,131,101,56,4,7,1,11,10,47,43,130,91,46,-6,-2,0,-1,0,156,142,167,132,196,92,64,67,82,70,28,19,15,19,17,127,123,152,113,179,15,13,10,16,11,76,51,57,66,59,1,0,0,0,0,1,0,0,0,0,64,78,100,50,126,13,6,5,3,6,51,72,95,47,120,0,0,0,0,0,196,167,139,140,104,81,67,59,20,34,16,27,174,133,123,112,10,12,14,9,94,68,53,49,2,0,0,1,0,1,0,1,92,86,72,81,10,22,2,18,80,65,70,63,2,-1,0,0
2580,20,1,11,12,12,17,13,11,6,10,11,4,8,3,3,5,2,2,6,5,10,8,8,1,2,2,0,0,5,7,9,3,8,3,4,2,3,1,0,1,0,1,0,6,2,6,9,3,2,1,3,2,2,1,-2,1,5,0,3,3,2,2,1,7,12,21,18,16,6,12,11,5,7,0,0,3,3,4,5,6,15,15,9,0,2,2,1,2,4,7,9,4,4,2,6,3,0,3,2,3,0,0,1,1,0,10,13,9,0,-2,1,2,2,1,-1,6,11,5,0,3,3,0,2,20,26,33,45,25,11,14,16,18,14,6,9,7,14,2,10,16,18,16,20,2,0,2,4,3,8,13,14,12,11,4,1,8,15,3,1,1,0,2,0,9,12,17,27,11,4,9,5,10,-1,2,3,4,4,9,3,0,8,13,3,41,25,27,38,17,12,9,13,8,3,1,4,28,18,25,25,1,2,1,0,16,10,8,12,5,4,1,9,0,0,0,1,24,13,18,25,7,1,0,4,12,8,17,13,5,4,1,8
2580,20,2,09,148,131,111,133,109,81,95,90,90,76,63,54,49,32,37,84,77,58,100,71,22,26,27,24,13,57,68,59,62,60,1,0,4,1,1,2,1,4,4,3,67,36,21,43,33,41,28,22,8,24,27,9,-1,38,11,-1,-1,0,-3,-2,126,133,143,135,93,87,115,81,91,67,40,39,40,32,30,82,91,100,100,63,18,38,17,17,21,61,70,63,69,46,4,3,3,3,0,8,7,1,5,0,39,18,62,44,26,22,1,23,15,9,21,21,37,31,17,-4,-4,2,-2,0,104,97,95,96,134,79,58,64,71,61,26,30,24,27,41,78,65,70,68,93,13,16,8,16,13,64,41,56,53,48,0,2,1,1,0,2,1,0,2,0,25,39,31,25,73,13,14,16,11,28,14,24,14,15,45,-2,1,1,-1,0,138,94,123,106,88,78,69,72,35,35,37,38,103,59,86,67,24,25,20,12,63,53,48,59,0,0,0,1,1,0,1,1,50,16,54,34,11,10,17,26,40,6,38,8,-1,0,-1,0
2580,20,2,11,8,13,16,14,6,8,8,12,12,7,2,2,3,3,1,3,7,8,7,4,1,1,1,2,2,6,7,10,9,3,3,4,5,4,1,1,0,1,1,2,0,5,4,2,-1,1,1,2,1,-1,-3,0,-2,-2,1,2,4,4,3,-1,13,12,12,13,18,10,4,8,8,5,2,2,2,1,8,8,4,8,6,6,3,0,3,1,2,7,3,3,3,3,3,6,2,6,4,0,1,2,4,0,3,8,4,5,13,-1,2,-1,0,6,1,1,5,3,3,3,5,0,2,4,17,12,18,23,24,3,3,10,9,11,4,4,5,4,2,9,6,8,16,19,1,0,3,1,1,2,3,6,5,8,4,2,5,3,3,0,0,1,3,2,14,9,8,14,13,3,4,2,3,1,7,3,2,11,11,4,2,4,0,1,15,12,23,20,13,6,9,15,0,2,8,4,14,7,12,11,1,0,0,2,11,6,7,12,1,3,3,5,1,0,2,1,2,6,14,5,-1,2,8,2,3,1,5,-1,0,3,1,4
2580,21,1,09,99,111,95,169,98,81,122,78,68,76,24,31,30,38,23,74,79,64,129,73,20,26,14,19,19,58,93,63,48,54,1,1,1,2,2,3,3,1,1,3,18,-11,17,101,22,4,5,16,19,4,16,-14,1,81,19,-2,-2,0,1,-1,124,141,157,145,119,101,88,114,126,92,36,27,24,24,26,86,111,129,119,92,23,23,25,22,14,76,60,86,102,78,2,3,4,2,1,2,5,3,2,0,23,53,43,19,27,13,4,-1,2,12,10,51,43,17,14,0,-2,1,0,1,142,140,100,97,141,81,80,85,74,85,28,18,23,21,22,114,122,77,75,119,12,12,12,9,21,69,67,71,64,63,0,0,0,1,0,0,1,2,1,1,61,60,15,23,56,16,6,11,12,1,45,55,6,11,56,0,-1,-2,0,-1,127,111,102,113,89,88,94,76,21,27,31,22,106,84,70,90,10,12,15,14,76,76,74,62,0,0,1,1,3,0,5,0,38,23,8,37,11,15,16,8,30,8,-4,28,-3,0,-4,1
2580,21,1,11,17,15,11,13,6,8,11,11,11,10,1,0,3,2,1,8,11,6,6,5,1,2,2,1,2,7,8,7,10,8,8,4,2,5,0,0,1,2,0,0,9,4,0,2,-4,0,-2,1,1,-1,1,3,-1,-4,-3,8,3,0,5,0,16,17,17,8,11,5,9,7,12,6,2,2,1,1,1,11,10,14,7,9,1,1,2,0,1,4,6,5,11,4,3,5,2,0,1,0,2,0,1,1,11,8,10,-4,5,1,1,-1,1,0,7,4,9,-4,5,3,3,2,-1,0,24,29,24,32,38,13,17,11,17,25,6,9,5,10,10,13,14,14,18,28,2,1,1,8,6,7,16,9,9,16,5,6,5,4,0,4,0,1,0,3,11,12,13,15,13,4,8,4,2,4,6,-2,5,9,12,1,6,4,4,-3,30,20,24,33,17,21,17,20,5,3,4,7,22,15,18,20,2,5,0,2,15,16,16,15,3,2,2,6,0,0,1,3,13,-1,7,13,3,-2,4,5,7,-1,2,5,3,2,1,3
2580,21,2,09,108,106,81,109,125,90,98,101,87,120,39,40,21,26,38,66,66,60,81,84,17,17,25,22,28,68,80,73,64,89,3,0,0,2,3,5,1,3,1,3,18,8,-20,22,5,22,23,-4,4,10,-2,-14,-13,17,-5,-2,-1,-3,1,0,97,97,133,126,92,85,94,93,105,78,33,34,36,32,24,63,58,96,93,68,20,27,18,24,14,63,63,73,78,63,1,5,1,1,0,2,4,2,3,1,12,3,40,21,14,13,7,18,8,10,0,-5,23,15,5,-1,1,-1,-2,-1,106,80,81,56,84,77,67,82,55,77,31,18,25,15,29,75,60,56,41,55,18,11,23,17,21,59,56,57,38,54,0,2,0,0,0,0,0,2,0,2,29,13,-1,1,7,13,7,2,-2,8,16,4,-1,3,1,0,2,-2,0,-2,82,89,85,76,74,99,63,85,21,26,29,21,60,62,56,54,12,15,18,20,62,83,45,65,1,1,0,1,0,1,0,0,8,-10,22,-9,9,11,11,1,-2,-21,11,-11,1,0,0,1
2580,21,2,11,12,14,13,22,7,3,5,6,13,6,1,2,4,3,1,6,6,4,10,5,1,0,2,3,1,1,4,4,10,5,5,6,5,9,1,1,1,0,0,0,9,9,7,9,1,0,2,2,0,0,5,2,0,0,0,4,5,5,9,1,11,14,14,9,8,11,7,7,8,2,3,2,1,1,0,4,11,12,6,3,3,1,1,0,0,7,5,6,7,1,4,1,1,2,5,1,1,0,1,1,0,7,7,1,6,0,1,0,1,0,-3,6,6,-1,2,3,0,1,1,4,14,17,7,11,18,14,13,1,6,15,5,4,1,3,4,4,11,2,8,11,3,3,1,1,3,10,8,0,3,10,5,2,4,0,3,1,2,0,2,2,0,4,6,5,3,2,1,0,2,1,-6,3,2,5,1,4,0,4,-2,1,19,26,16,18,10,7,9,10,4,3,1,3,13,20,7,11,0,2,1,0,9,5,7,7,2,3,8,4,1,0,1,3,9,19,7,8,4,1,0,3,4,15,0,4,1,3,7,1
2580,22,1,09,104,78,91,111,94,78,117,79,83,102,40,22,25,22,32,64,55,61,85,60,22,21,15,22,19,56,96,60,59,82,0,1,5,4,2,0,0,4,2,1,26,-39,12,28,-8,18,1,10,0,13,8,-41,1,26,-22,0,1,1,2,1,106,136,127,135,124,103,120,110,112,128,21,33,18,25,28,83,101,101,110,94,29,30,21,17,22,71,86,87,93,103,2,2,8,0,2,3,4,2,2,3,3,16,17,23,-4,-8,3,-3,8,6,12,15,14,17,-9,-1,-2,6,-2,-1,126,109,112,94,86,106,94,96,88,85,30,19,25,21,17,96,90,86,73,68,23,19,22,23,17,83,74,73,63,68,0,0,1,0,1,0,1,1,2,0,20,15,16,6,1,7,0,3,-2,0,13,16,13,10,0,0,-1,0,-2,1,91,70,81,82,118,111,96,97,19,16,20,21,72,53,61,59,27,20,22,34,91,90,74,60,0,1,0,2,0,1,0,3,-27,-41,-15,-15,-8,-4,-2,-13,-19,-37,-13,-1,0,0,0,-1
2580,22,1,11,19,7,15,14,5,15,9,14,12,4,5,1,4,1,2,5,3,7,6,0,1,2,2,2,0,13,5,11,9,4,9,3,4,7,3,1,2,1,1,0,4,-2,1,2,1,4,-1,2,-1,2,-8,-2,-4,-3,-4,8,1,3,6,3,18,13,12,16,12,7,8,14,12,8,0,1,0,3,0,8,8,9,10,10,0,1,2,0,2,7,7,11,12,4,10,4,3,3,2,0,0,1,0,2,11,5,-2,4,4,0,0,-2,3,-2,1,1,-2,-2,6,10,4,2,3,0,27,19,20,18,23,10,9,10,14,15,15,3,3,2,3,8,9,13,12,19,0,2,2,0,2,10,6,6,13,13,4,7,4,4,1,0,1,2,1,0,17,10,10,4,8,15,1,1,2,1,-2,3,7,-1,6,4,6,2,3,1,38,17,23,27,21,13,15,17,12,6,11,7,21,7,8,16,3,4,2,3,18,9,11,11,5,4,4,4,0,0,2,3,17,4,8,10,9,2,9,4,3,-2,-3,5,5,4,2,1
2580,22,2,09,82,75,92,91,83,96,81,115,87,104,39,26,27,32,27,43,47,64,59,56,19,9,31,22,23,77,72,78,62,74,0,2,1,0,0,0,0,6,3,7,-14,-6,-23,4,-21,20,17,-4,10,4,-34,-25,-14,-3,-18,0,2,-5,-3,-7,90,110,93,83,105,108,102,110,94,125,37,29,23,27,34,50,78,65,54,70,20,19,23,23,31,85,79,80,69,93,3,3,5,2,1,3,4,7,2,1,-18,8,-17,-11,-20,17,10,0,4,3,-35,-1,-15,-15,-23,0,-1,-2,0,0,100,82,70,79,66,78,68,73,73,82,28,29,22,23,20,69,53,48,56,46,11,12,6,19,11,66,55,65,53,71,3,0,0,0,0,1,1,2,1,0,22,14,-3,6,-16,17,17,16,4,9,3,-2,-17,3,-25,2,-1,-2,-1,0,80,98,85,50,67,76,80,74,30,34,20,21,50,63,65,29,21,25,17,22,44,51,63,52,0,1,0,0,2,0,0,0,13,22,5,-24,9,9,3,-1,6,12,2,-23,-2,1,0,0
2580,22,2,11,14,17,11,20,6,14,5,7,13,6,0,2,2,2,1,2,7,5,9,1,3,0,2,4,0,11,5,5,8,4,12,8,4,9,4,0,0,0,1,2,0,12,4,7,0,-3,2,0,-2,1,-9,2,0,1,-3,12,8,4,8,2,5,12,8,11,13,8,8,8,12,6,1,3,0,3,3,3,5,3,5,4,1,1,1,4,3,7,7,3,8,2,1,4,5,3,6,0,0,4,0,1,-3,4,0,-1,7,0,2,-1,-1,0,-4,-2,0,-3,2,1,4,1,3,5,11,18,18,18,15,3,6,12,15,12,2,7,6,3,1,5,6,8,9,9,0,1,1,3,2,2,5,11,12,9,4,5,4,6,5,1,0,0,0,1,8,12,6,3,3,2,6,5,0,-1,3,1,-3,-3,0,3,5,4,6,4,19,17,15,17,17,11,15,14,6,2,1,4,9,12,10,7,5,2,1,2,12,8,14,9,4,3,4,6,0,1,0,3,2,6,0,3,1,0,0,2,-3,4,-4,-2,4,2,4,3
2580,23,1,09,89,86,85,101,89,87,99,97,108,104,37,24,28,29,29,52,62,56,71,59,21,24,26,14,18,64,74,67,92,85,0,0,1,1,1,2,1,4,2,1,2,-13,-12,-7,-15,16,0,2,15,11,-12,-12,-11,-21,-26,-2,-1,-3,-1,0,98,98,104,106,102,104,92,116,111,104,29,28,34,24,30,67,69,68,80,70,20,15,23,23,20,82,77,92,87,84,2,1,2,2,2,2,0,1,1,0,-6,6,-12,-5,-2,9,13,11,1,10,-15,-8,-24,-7,-14,0,1,1,1,2,116,90,98,76,93,131,114,107,84,87,25,24,15,25,20,89,66,82,51,73,28,17,16,19,16,103,95,88,65,70,2,0,1,0,0,0,2,3,0,1,-15,-24,-9,-8,6,-3,7,-1,6,4,-14,-29,-6,-14,3,2,-2,-2,0,-1,71,85,85,82,94,80,82,95,18,21,19,28,53,64,66,54,19,15,22,20,72,65,60,74,0,0,0,0,3,0,0,1,-23,5,3,-13,-1,6,-3,8,-19,-1,6,-20,-3,0,0,-1
2580,23,1,11,22,10,13,17,14,14,18,7,5,10,3,2,1,3,0,6,5,5,4,9,3,0,1,0,1,10,14,6,5,8,13,3,7,10,5,1,4,0,0,1,8,-8,6,12,4,0,2,0,3,-1,-4,-9,-1,-1,1,12,-1,7,10,4,7,11,12,9,9,10,11,15,7,11,2,0,3,2,1,3,4,6,5,4,0,0,2,2,2,9,10,13,5,7,2,7,3,2,4,1,1,0,0,2,-3,0,-3,2,-2,2,0,1,0,-1,-6,-6,-7,0,-3,1,6,3,2,2,19,30,22,20,22,7,18,13,11,23,7,12,6,3,3,8,10,12,14,16,3,5,2,3,6,4,13,10,8,17,4,8,4,3,3,0,0,1,0,0,12,12,9,9,-1,4,7,4,0,-3,4,-3,2,6,-1,4,8,3,3,3,23,46,20,23,16,27,16,20,5,18,9,4,17,23,6,12,7,10,1,4,9,17,11,16,1,5,5,7,0,0,4,0,7,19,4,3,-2,8,8,0,8,6,-5,-4,1,5,1,7
2580,23,2,09,71,75,80,81,74,83,104,94,96,109,21,25,23,24,22,48,50,56,55,49,17,30,21,21,18,66,74,70,74,88,2,0,1,2,3,0,0,3,1,3,-12,-29,-14,-15,-35,4,-5,2,3,4,-18,-24,-14,-19,-39,2,0,-2,1,0,78,99,91,87,96,93,86,97,90,93,31,27,23,23,28,44,70,67,60,64,21,23,22,22,14,66,62,73,64,77,3,2,1,4,4,6,1,2,4,2,-15,13,-6,-3,3,10,4,1,1,14,-22,8,-6,-4,-13,-3,1,-1,0,2,96,83,79,59,81,102,88,75,83,69,28,26,20,18,27,65,57,58,40,54,23,19,16,15,16,78,67,58,67,53,3,0,1,1,0,1,2,1,1,0,-6,-5,4,-24,12,5,7,4,3,11,-13,-10,0,-27,1,2,-2,0,0,0,60,72,51,80,73,73,66,85,14,24,18,20,46,48,32,60,16,21,18,23,56,52,44,59,0,0,1,0,1,0,4,3,-13,-1,-15,-5,-2,3,0,-3,-10,-4,-12,1,-1,0,-3,-3
2580,23,2,11,20,11,10,17,21,11,13,6,13,11,0,1,0,2,3,6,3,3,5,8,2,1,1,0,1,6,10,5,10,9,14,7,7,10,10,3,2,0,3,1,9,-2,4,4,10,-2,0,-1,2,2,0,-7,-2,-5,-1,11,5,7,7,9,8,7,10,12,11,10,8,6,6,10,0,3,3,4,1,1,2,2,6,4,2,0,2,1,1,5,8,3,3,9,7,2,5,2,6,3,0,1,2,0,-2,-1,4,6,1,-2,3,1,3,0,-4,-6,-1,3,-5,4,2,4,0,6,19,11,19,20,16,8,7,11,13,9,5,0,3,5,0,6,3,9,8,10,1,2,1,4,1,7,5,9,9,8,8,8,7,7,6,0,0,1,0,0,11,4,8,7,7,4,-2,2,1,-1,-1,-2,0,-1,2,8,8,6,7,6,21,21,21,20,12,14,11,15,2,4,3,0,13,13,13,12,1,3,0,1,11,11,11,13,6,4,5,8,0,0,0,1,9,7,10,5,1,1,3,-1,2,2,2,-1,6,4,5,7
2580,24,1,09,76,91,62,87,61,124,116,107,116,97,19,37,24,36,15,57,52,38,51,45,22,24,18,20,18,98,89,88,93,73,0,2,0,0,1,4,3,1,3,6,-48,-25,-45,-29,-36,-3,13,6,16,-3,-41,-37,-50,-42,-28,-4,-1,-1,-3,-5,80,82,82,81,88,84,133,122,108,126,26,27,26,28,22,50,53,56,52,65,21,24,29,28,24,58,106,91,79,100,4,2,0,1,1,5,3,2,1,2,-4,-51,-40,-27,-38,5,3,-3,0,-2,-8,-53,-35,-27,-35,-1,-1,-2,0,-1,99,92,72,71,60,127,161,141,134,129,29,32,23,23,15,67,59,48,47,45,13,23,23,16,16,111,137,113,116,111,3,1,1,1,0,3,1,5,2,2,-28,-69,-69,-63,-69,16,9,0,7,-1,-44,-78,-65,-69,-66,0,0,-4,-1,-2,78,65,65,66,145,108,112,111,25,18,18,24,53,47,47,40,20,16,19,11,125,92,91,100,0,0,0,2,0,0,2,0,-67,-43,-47,-45,5,2,-1,13,-72,-45,-44,-60,0,0,-2,2
2580,24,1,11,17,18,16,12,22,10,21,9,4,13,2,5,0,2,1,6,4,7,3,6,2,2,1,0,2,8,13,7,3,11,9,9,9,7,15,0,6,1,1,0,7,-3,7,8,9,0,3,-1,2,-1,-2,-9,0,0,-5,9,3,8,6,15,16,19,5,23,15,10,11,6,16,16,3,3,2,0,1,8,8,2,7,7,1,1,0,5,2,6,9,5,11,12,5,8,1,16,7,3,1,1,0,2,6,8,-1,7,-1,2,2,2,-5,-1,2,-1,-3,-4,-5,2,7,0,16,5,22,20,22,14,23,8,13,13,8,15,10,7,7,2,2,7,6,7,7,12,0,1,4,3,2,5,11,8,5,13,5,7,8,5,9,3,1,1,0,0,14,7,9,6,8,10,6,3,-1,0,2,-5,-1,2,-1,2,6,7,5,9,25,26,44,24,20,21,46,18,5,6,11,4,13,11,27,10,2,4,7,1,17,16,37,15,7,9,6,10,1,1,2,2,5,5,-2,6,3,2,4,3,-4,-5,-10,-5,6,8,4,8
2580,24,2,09,66,72,80,71,80,85,94,98,99,117,18,21,25,18,25,47,51,54,51,53,18,17,22,9,24,65,76,75,85,90,1,0,1,2,2,2,1,1,5,3,-19,-22,-18,-28,-37,0,4,3,9,1,-18,-25,-21,-34,-37,-1,-1,0,-3,-1,80,63,68,78,91,89,110,114,101,120,27,18,13,20,26,52,39,55,57,64,15,28,28,19,21,68,78,82,79,98,1,6,0,1,1,6,4,4,3,1,-9,-47,-46,-23,-29,12,-10,-15,1,5,-16,-39,-27,-22,-34,-5,2,-4,-2,0,90,80,68,66,64,124,130,131,100,72,25,31,23,22,20,61,49,45,44,44,23,22,25,21,15,93,105,106,79,56,4,0,0,0,0,8,3,0,0,1,-34,-50,-63,-34,-8,2,9,-2,1,5,-32,-56,-61,-35,-12,-4,-3,0,0,-1,51,67,61,51,77,59,71,83,17,21,19,15,33,46,41,36,13,14,18,19,62,45,50,64,1,0,1,0,2,0,3,0,-26,8,-10,-32,4,7,1,-4,-29,1,-9,-28,-1,0,-2,0
2580,24,2,11,13,12,13,17,12,7,16,9,15,8,2,1,0,5,1,3,5,5,3,3,1,2,1,2,1,6,14,7,12,7,8,6,8,9,8,0,0,1,1,0,6,-4,4,2,4,1,-1,-1,3,0,-3,-9,-2,-9,-4,8,6,7,8,8,11,9,14,14,14,18,5,7,6,15,2,0,4,1,2,3,5,3,4,5,3,2,1,1,2,11,3,6,3,12,6,4,7,9,7,4,0,0,2,1,-7,4,7,8,-1,-1,-2,3,0,0,-8,2,-3,1,-7,2,4,7,7,6,17,22,17,11,17,10,12,6,9,11,3,5,5,3,5,9,7,5,5,5,1,3,1,2,0,8,8,3,6,10,5,10,7,3,7,1,1,2,1,1,7,10,11,2,6,2,2,4,1,5,1,-1,2,-1,-5,4,9,5,2,6,19,20,21,18,12,16,20,12,2,2,7,1,6,11,10,8,0,3,4,0,11,13,16,12,11,7,4,9,1,0,0,0,7,4,1,6,2,-1,3,1,-5,-2,-6,-4,10,7,4,9
2580,25,1,09,91,60,60,71,69,137,128,93,90,119,34,19,16,20,24,55,40,43,48,43,22,24,14,15,28,113,101,76,73,90,2,1,1,3,2,2,3,3,2,1,-46,-68,-33,-19,-50,12,-5,2,5,-4,-58,-61,-33,-25,-47,0,-2,-2,1,1,63,58,72,74,69,96,102,89,110,134,17,20,23,22,19,45,37,48,51,50,12,20,24,19,26,82,82,62,89,102,1,1,1,1,0,2,0,3,2,6,-33,-44,-17,-36,-65,5,0,-1,3,-7,-37,-45,-14,-38,-52,-1,1,-2,-1,-6,84,76,90,58,71,116,132,163,103,97,23,24,29,18,24,58,51,61,40,47,21,18,24,17,14,92,112,137,85,83,3,1,0,0,0,3,2,2,1,0,-32,-56,-73,-45,-26,2,6,5,1,10,-34,-61,-76,-45,-36,0,-1,-2,-1,0,63,51,64,65,94,91,101,94,16,16,21,16,46,34,42,49,12,17,10,14,81,74,89,80,1,1,1,0,1,0,2,0,-31,-40,-37,-29,4,-1,11,2,-35,-40,-47,-31,0,1,-1,0
2580,25,1,11,19,16,14,15,31,9,15,19,8,13,0,4,3,1,1,2,6,1,6,6,0,1,3,1,2,7,11,15,5,7,17,6,10,8,24,2,3,1,2,4,10,1,-5,7,18,0,3,0,0,-1,-5,-5,-14,1,-1,15,3,9,6,20,18,17,9,18,22,19,8,11,8,14,0,2,2,2,3,10,7,4,7,6,1,0,1,4,2,9,7,9,4,11,8,8,3,9,13,9,1,1,0,1,-1,9,-2,10,8,-1,2,1,-2,1,1,0,-5,3,-5,-1,7,2,9,12,24,30,24,28,23,8,15,14,21,20,7,5,4,5,3,5,13,3,13,6,0,4,4,4,5,7,10,9,16,15,12,12,17,10,14,1,1,1,1,0,16,15,10,7,3,7,1,0,1,-2,-2,3,-6,-3,-9,11,11,16,9,14,26,31,35,36,22,22,20,27,5,4,7,12,10,13,16,16,2,1,4,10,18,21,16,17,11,14,12,8,2,0,0,0,4,9,15,9,3,3,3,2,-8,-8,0,-1,9,14,12,8
2580,25,2,09,70,52,54,67,61,97,91,83,78,92,23,12,9,27,9,46,40,45,39,50,19,19,17,20,22,75,70,64,56,66,1,0,0,1,2,3,2,2,2,4,-27,-39,-29,-11,-31,4,-7,-8,7,-13,-29,-30,-19,-17,-16,-2,-2,-2,-1,-2,60,82,77,65,64,67,88,89,101,96,23,29,29,18,17,34,50,47,46,47,16,22,21,21,22,50,59,66,75,74,3,3,1,1,0,1,7,2,5,0,-7,-6,-12,-36,-32,7,7,8,-3,-5,-16,-9,-19,-29,-27,2,-4,-1,-4,0,71,78,60,72,51,106,109,94,98,80,18,25,21,25,18,50,52,38,46,33,23,24,17,19,13,82,83,75,77,67,3,1,1,1,0,1,2,2,2,0,-35,-31,-34,-26,-29,-5,1,4,6,5,-32,-31,-37,-31,-34,2,-1,-1,-1,0,53,51,67,72,78,71,65,59,10,21,27,21,42,29,40,51,16,14,16,6,60,56,48,52,1,1,0,0,2,1,1,1,-25,-20,2,13,-6,7,11,15,-18,-27,-8,-1,-1,0,-1,-1
2580,25,2,11,16,11,15,20,11,11,9,12,19,12,3,1,0,7,1,5,5,6,8,0,1,1,1,3,0,7,7,11,11,9,8,5,9,5,10,3,1,0,5,3,5,2,3,1,-1,2,0,-1,4,1,-2,-2,-5,-3,-9,5,4,9,0,7,20,14,19,17,12,18,14,8,13,10,2,3,3,2,1,8,4,3,6,2,1,2,1,3,1,14,12,5,9,4,10,7,13,9,9,3,0,2,1,5,2,0,11,4,2,1,1,2,-1,0,-6,-8,-2,-3,-2,7,7,11,8,4,21,21,15,9,17,9,10,7,6,16,6,4,2,1,1,3,7,2,3,9,2,3,3,1,3,5,7,3,4,12,12,10,11,5,7,2,0,1,1,1,12,11,8,3,1,4,1,-1,0,-2,-2,0,-1,-1,-3,10,10,10,4,6,18,17,22,23,12,17,15,18,2,3,6,5,7,6,7,8,2,3,2,3,8,11,11,15,9,8,9,10,2,3,2,0,6,0,7,5,0,0,4,2,-1,-5,-4,-7,7,5,7,10
2580,26,1,09,61,64,54,47,49,131,99,94,74,91,18,18,24,15,12,41,43,30,32,36,30,16,22,19,16,98,80,72,53,70,2,3,0,0,1,3,3,0,2,5,-70,-35,-40,-27,-42,-12,2,2,-4,-4,-57,-37,-42,-21,-34,-1,0,0,-2,-4,62,59,46,54,68,72,83,85,112,107,22,13,13,15,23,38,45,33,38,43,16,13,15,33,23,55,68,67,77,81,2,1,0,1,2,1,2,3,2,3,-10,-24,-39,-58,-39,6,0,-2,-18,0,-17,-23,-34,-39,-38,1,-1,-3,-1,-1,59,83,67,64,52,80,122,103,107,83,19,29,22,25,17,38,52,44,38,35,13,18,16,24,21,64,100,85,82,61,2,2,1,1,0,3,4,2,1,1,-21,-39,-36,-43,-31,6,11,6,1,-4,-26,-48,-41,-44,-26,-1,-2,-1,0,-1,50,45,46,47,96,80,79,78,22,13,13,16,28,32,32,31,23,14,16,10,72,65,62,63,0,0,1,0,1,1,1,5,-46,-35,-33,-31,-1,-1,-3,6,-44,-33,-30,-32,-1,-1,0,-5
2580,26,1,11,16,13,21,23,29,15,12,17,16,11,0,2,3,3,2,5,3,5,5,6,1,4,1,4,0,13,4,12,7,9,11,8,13,15,21,1,4,4,5,2,1,1,4,7,18,-1,-2,2,-1,2,-8,-1,-7,-2,-3,10,4,9,10,19,21,14,20,22,11,15,13,10,10,7,1,2,3,2,1,5,4,6,9,3,0,2,1,2,0,8,9,5,7,5,15,8,11,11,7,7,2,4,1,2,6,1,10,12,4,1,0,2,0,1,-3,-5,1,2,-2,8,6,7,10,5,23,26,22,19,26,13,10,21,23,22,8,4,3,3,6,3,6,12,9,7,3,1,2,2,3,9,7,16,19,19,12,16,7,7,13,1,2,3,2,0,10,16,1,-4,4,5,3,1,1,3,-6,-1,-4,-10,-12,11,14,4,5,13,27,20,22,23,19,22,16,31,3,6,3,2,9,6,8,8,3,4,1,2,16,17,12,26,15,8,11,13,0,1,3,3,8,-2,6,-8,0,2,2,0,-7,-11,-4,-18,15,7,8,10
2580,26,2,09,58,59,56,46,44,91,99,56,65,69,18,23,20,12,15,39,34,34,33,29,23,20,16,14,8,61,75,37,46,55,1,2,2,1,0,7,4,3,5,6,-33,-40,0,-19,-25,-5,3,4,-2,7,-22,-41,-3,-13,-26,-6,-2,-1,-4,-6,50,55,56,69,56,61,75,82,76,87,18,19,20,28,20,31,35,35,40,34,16,17,23,24,21,44,57,58,51,62,1,1,1,1,2,1,1,1,1,4,-11,-20,-26,-7,-31,2,2,-3,4,-1,-13,-22,-23,-11,-28,0,0,0,0,-2,61,49,63,56,48,93,74,74,78,67,18,11,22,14,13,43,36,41,40,35,24,14,19,15,17,68,58,51,63,49,0,2,0,2,0,1,2,4,0,1,-32,-25,-11,-22,-19,-6,-3,3,-1,-4,-25,-22,-10,-23,-14,-1,0,-4,2,-1,53,56,51,47,64,55,60,80,18,11,22,13,35,45,29,34,15,15,13,22,49,40,47,58,0,0,0,0,0,0,0,0,-11,1,-9,-33,3,-4,9,-9,-14,5,-18,-24,0,0,0,0
2580,26,2,11,22,14,15,14,13,17,13,10,17,8,2,0,3,1,1,6,4,5,4,1,2,3,0,1,1,15,8,6,12,6,14,10,7,9,11,0,2,4,4,1,5,1,5,-3,5,0,-3,3,0,0,-9,-4,-1,-8,-5,14,8,3,5,10,10,13,16,10,8,19,11,12,6,5,2,1,3,1,2,2,5,6,1,0,2,0,5,0,1,8,10,5,4,3,6,7,7,8,6,9,1,2,2,1,-9,2,4,4,3,0,1,-2,1,1,-6,-5,1,-3,-3,-3,6,5,6,5,27,18,11,18,20,7,10,10,11,9,5,5,1,2,2,13,5,3,8,6,1,2,1,2,1,6,7,9,7,6,9,8,7,8,12,0,1,0,2,2,20,8,1,7,11,4,3,0,0,1,7,-2,-6,1,0,9,7,7,6,10,15,22,14,19,8,15,12,12,4,8,0,6,3,4,5,1,2,2,3,4,6,10,8,7,8,10,9,12,0,3,1,1,7,7,2,7,2,6,-3,2,-3,-6,-3,-6,8,7,8,11
2580,27,1,09,46,51,40,41,35,88,93,79,57,60,11,24,13,17,15,33,25,26,23,17,17,22,15,17,11,66,68,60,39,47,2,2,1,1,3,5,3,4,1,2,-42,-42,-39,-16,-25,-6,2,-2,0,4,-33,-43,-34,-16,-30,-3,-1,-3,0,1,41,64,47,68,57,63,65,59,74,74,15,20,13,16,20,26,42,33,51,37,18,14,10,14,20,42,49,45,57,52,0,2,1,1,0,3,2,4,3,2,-22,-1,-12,-6,-17,-3,6,3,2,0,-16,-7,-12,-6,-15,-3,0,-3,-2,-2,51,57,62,52,60,95,81,105,82,79,13,21,23,18,17,36,35,37,33,42,22,18,21,15,18,68,62,80,63,61,2,1,2,1,1,5,1,4,4,0,-44,-24,-43,-30,-19,-9,3,2,3,-1,-32,-27,-43,-30,-19,-3,0,-2,-3,1,71,51,41,50,76,67,45,59,23,13,15,21,46,38,26,29,16,8,9,12,59,57,35,47,2,0,0,0,1,2,1,0,-5,-16,-4,-9,7,5,6,9,-13,-19,-9,-18,1,-2,-1,0
2580,27,1,11,17,16,16,17,20,10,24,12,11,10,2,1,0,2,4,4,5,5,5,7,4,1,1,1,3,6,13,6,7,5,11,10,11,10,9,0,10,5,3,2,7,-8,4,6,10,-2,0,-1,1,1,-2,-8,-1,-2,2,11,0,6,7,7,18,18,13,14,15,19,16,10,11,12,4,2,4,2,2,6,10,2,4,2,1,5,2,6,4,11,9,8,5,5,8,6,7,8,11,7,2,0,0,3,-1,2,3,3,3,3,-3,2,-4,-2,-5,1,-6,-1,-3,1,4,7,8,8,22,16,15,22,24,13,15,12,14,15,5,4,2,3,4,8,4,7,7,8,3,4,2,1,2,8,9,9,13,13,9,8,6,12,12,2,2,1,0,0,9,1,3,8,9,2,0,0,2,2,0,-5,-2,-6,-5,7,6,5,12,12,20,23,22,24,15,17,20,10,2,3,2,5,10,13,5,6,4,6,3,2,10,11,14,6,8,7,15,13,1,0,3,2,5,6,2,14,-2,-3,-1,3,0,2,-9,0,7,7,12,11
2580,27,2,09,58,48,51,40,38,53,44,58,50,46,25,16,20,16,11,32,30,30,24,27,14,13,9,15,8,36,30,47,32,35,1,2,1,0,0,3,1,2,3,3,5,4,-7,-10,-8,11,3,11,1,3,-4,0,-17,-8,-8,-2,1,-1,-3,-3,34,40,46,44,47,59,62,57,44,60,10,9,17,13,15,22,29,29,30,30,16,12,19,17,19,40,47,38,26,37,2,2,0,1,2,3,3,0,1,4,-25,-22,-11,0,-13,-6,-3,-2,-4,-4,-18,-18,-9,4,-7,-1,-1,0,0,-2,51,54,47,37,57,54,65,65,73,77,16,20,13,9,23,33,32,32,27,34,16,13,20,15,22,36,51,43,57,54,2,2,2,1,0,2,1,2,1,1,-3,-11,-18,-36,-20,0,7,-7,-6,1,-3,-19,-11,-30,-20,0,1,0,0,-1,42,43,40,29,57,60,50,54,11,12,9,14,30,31,31,15,17,14,10,18,36,43,39,36,1,0,0,0,4,3,1,0,-15,-17,-10,-25,-6,-2,-1,-4,-6,-12,-8,-21,-3,-3,-1,0
2580,27,2,11,17,13,10,13,17,15,17,11,13,8,3,3,0,2,0,5,4,4,4,3,1,0,1,0,3,12,11,5,11,3,9,6,6,7,14,2,6,5,2,2,2,-4,-1,0,9,2,3,-1,2,-3,-7,-7,-1,-7,0,7,0,1,5,12,18,18,9,18,18,17,8,13,10,14,0,1,1,5,2,4,5,3,3,7,0,2,2,4,3,6,5,11,4,8,14,12,5,10,9,11,1,0,2,3,1,10,-4,8,4,0,-1,-1,1,-1,-2,0,-8,-1,-1,3,11,5,8,6,20,17,21,12,26,9,14,18,12,17,4,1,5,3,5,6,4,5,3,8,2,4,2,3,4,5,7,12,6,8,10,12,11,6,13,2,3,4,3,5,11,3,3,0,9,2,-3,3,0,1,1,-3,-7,-3,0,8,9,7,3,8,17,16,21,23,10,9,17,11,1,1,2,3,6,5,9,10,0,1,2,2,8,7,14,9,10,10,10,10,2,1,1,0,7,7,4,12,1,0,0,1,-2,-2,-5,1,8,9,9,10
2580,28,1,09,34,31,55,39,33,55,54,61,62,48,13,12,22,14,9,20,18,33,25,24,11,10,14,15,13,42,41,47,43,35,1,1,0,0,0,2,3,0,4,0,-21,-23,-6,-23,-15,2,2,8,-1,-4,-22,-23,-14,-18,-11,-1,-2,0,-4,0,45,39,54,46,40,45,43,60,58,51,10,20,20,14,12,35,19,33,30,27,15,10,19,20,10,28,32,39,33,40,0,0,1,2,1,2,1,2,5,1,0,-4,-6,-12,-11,-5,10,1,-6,2,7,-13,-6,-3,-13,-2,-1,-1,-3,0,40,41,53,48,48,62,60,69,66,67,20,13,18,15,19,18,27,34,32,28,20,9,11,12,20,41,49,57,52,46,2,1,1,1,1,1,2,1,2,1,-22,-19,-16,-18,-19,0,4,7,3,-1,-23,-22,-23,-20,-18,1,-1,0,-1,0,50,55,46,31,71,64,47,46,11,26,15,9,37,29,30,22,21,18,8,14,49,45,37,32,2,0,1,0,1,1,2,0,-21,-9,-1,-15,-10,8,7,-5,-12,-16,-7,-10,1,-1,-1,0
2580,28,1,11,21,13,24,9,23,12,15,17,18,12,1,2,3,2,1,8,4,5,4,9,1,1,3,1,2,10,6,8,10,9,12,7,16,3,13,1,8,6,7,1,9,-2,7,-9,11,0,1,0,1,-1,-2,-2,-3,-6,0,11,-1,10,-4,12,12,14,17,16,14,30,10,12,6,14,3,2,4,2,0,6,6,4,3,3,4,2,1,1,3,14,7,8,4,6,3,6,9,11,11,12,1,3,1,5,-18,4,5,10,0,-1,0,3,1,-3,-8,-1,-4,-1,-3,-9,5,6,10,6,17,20,28,22,27,10,15,16,11,13,6,4,8,5,3,2,6,6,7,9,3,1,2,0,5,3,10,12,7,6,9,10,14,10,15,4,4,2,4,2,7,5,12,11,14,3,3,6,5,-2,-1,-4,-6,0,3,5,6,12,6,13,18,26,17,14,22,25,20,16,4,7,3,2,7,9,4,4,4,3,2,1,16,21,10,13,7,10,10,8,2,1,8,2,-4,1,-3,-2,0,4,1,1,-9,-12,-6,-9,5,9,2,6
2580,28,2,09,31,36,37,29,25,54,44,57,48,33,12,12,11,7,11,19,23,25,20,14,21,9,19,16,5,29,28,32,31,25,0,1,1,2,0,4,7,6,1,3,-23,-8,-20,-19,-8,-9,3,-8,-9,6,-10,-5,-7,-11,-11,-4,-6,-5,1,-3,44,46,51,36,39,34,40,34,41,54,9,11,15,14,12,34,33,35,22,26,8,15,11,16,25,24,21,20,24,28,1,2,1,0,1,2,4,3,1,1,10,6,17,-5,-15,1,-4,4,-2,-13,10,12,15,-2,-2,-1,-2,-2,-1,0,36,34,37,38,48,45,46,52,51,62,13,10,15,16,18,22,24,22,22,28,14,7,12,14,14,27,38,39,36,48,1,0,0,0,2,4,1,1,1,0,-9,-12,-15,-13,-14,-1,3,3,2,4,-5,-14,-17,-14,-20,-3,-1,-1,-1,2,46,35,35,36,40,37,36,44,18,10,12,13,27,23,23,23,14,10,12,8,25,26,24,35,1,2,0,0,1,1,0,1,6,-2,-1,-8,4,0,0,5,2,-3,-1,-12,0,1,0,-1
2580,28,2,11,19,10,11,11,15,6,12,11,11,8,3,3,2,1,0,6,1,1,1,4,1,1,2,3,1,4,9,6,6,4,10,6,8,9,11,1,2,3,2,3,13,-2,0,0,7,2,2,0,-2,-1,2,-8,-5,-5,0,9,4,5,7,8,12,17,9,17,15,17,8,5,4,11,3,2,2,1,1,3,4,1,4,5,3,0,0,0,2,7,8,4,1,8,6,11,6,12,9,7,0,1,3,1,-5,9,4,13,4,0,2,2,1,-1,-4,-4,-3,3,-3,-1,11,5,9,8,14,12,19,11,21,9,13,12,9,6,3,2,4,1,4,4,0,6,3,6,0,3,5,4,0,5,8,7,3,4,7,10,9,7,11,4,2,0,2,2,5,-1,7,2,15,3,-1,-1,-3,4,-1,-8,-1,0,2,3,8,9,5,9,9,24,19,22,14,11,13,20,1,3,3,4,2,5,7,3,2,4,2,1,12,5,8,13,6,16,9,15,0,2,3,6,-5,13,6,2,-1,-1,1,3,-10,0,-1,-10,6,14,6,9
2580,29,1,09,28,45,37,33,48,62,59,41,48,46,11,12,16,11,14,16,33,20,20,33,19,16,8,18,13,42,43,31,25,31,1,0,1,2,1,1,0,2,5,2,-34,-14,-4,-15,2,-8,-4,8,-7,1,-26,-10,-11,-5,2,0,0,-1,-3,-1,24,29,30,32,32,41,39,38,44,37,6,12,15,12,15,17,17,15,18,16,12,15,15,14,15,27,24,23,27,21,1,0,0,2,1,2,0,0,3,1,-17,-10,-8,-12,-5,-6,-3,0,-2,0,-10,-7,-8,-9,-5,-1,0,0,-1,0,32,52,47,37,53,49,53,56,64,55,11,22,17,13,18,21,30,28,22,32,14,19,16,15,18,34,33,39,47,35,0,0,2,2,3,1,1,1,2,2,-17,-1,-9,-27,-2,-3,3,1,-2,0,-13,-3,-11,-25,-3,-1,-1,1,0,1,43,41,40,32,50,54,47,45,20,16,14,16,23,24,26,16,17,16,7,21,32,37,37,24,0,1,0,0,1,1,3,0,-7,-13,-7,-13,3,0,7,-5,-9,-13,-11,-8,-1,0,-3,0
2580,29,1,11,14,8,10,14,25,7,23,13,5,12,3,1,1,1,3,4,2,6,4,10,2,1,2,2,2,4,12,6,2,6,7,5,3,9,12,1,10,5,1,4,7,-15,-3,9,13,1,0,-1,-1,1,0,-10,0,2,4,6,-5,-2,8,8,18,18,10,18,16,21,10,9,10,11,0,3,3,2,2,9,9,4,6,5,1,0,1,4,1,11,8,7,6,6,9,6,3,10,9,9,2,1,0,4,-3,8,1,8,5,-1,3,2,-2,1,-2,1,-3,0,-1,0,4,2,10,5,17,18,24,18,19,18,17,11,17,16,3,10,7,4,3,4,1,6,6,5,2,6,3,1,2,14,8,6,10,10,10,7,11,8,11,2,3,2,6,4,-1,1,13,1,3,1,4,4,3,1,-10,-7,0,-4,-5,8,4,9,2,7,18,18,23,19,16,21,13,18,5,5,3,2,8,5,14,5,3,3,2,4,11,16,9,8,5,8,6,12,2,2,2,6,2,-3,10,1,2,2,1,-2,-3,-11,5,-3,3,6,4,6
2580,29,2,09,26,29,24,29,31,27,40,36,32,35,10,10,5,10,11,16,19,17,18,19,10,9,15,10,8,15,31,19,21,24,0,0,2,1,1,2,0,2,1,3,-1,-11,-12,-3,-4,0,1,-10,0,3,1,-12,-2,-3,-5,-2,0,0,0,-2,18,39,27,30,31,35,30,31,31,34,6,12,10,10,12,11,25,14,19,19,10,9,11,9,14,24,20,17,22,19,1,2,3,1,0,1,1,3,0,1,-17,9,-4,-1,-3,-4,3,-1,1,-2,-13,5,-3,-3,0,0,1,0,1,-1,32,44,41,25,37,40,31,34,49,38,12,14,15,6,14,20,25,24,19,23,15,8,7,15,11,25,22,24,33,27,0,5,2,0,0,0,1,3,1,0,-8,13,7,-24,-1,-3,6,8,-9,3,-5,3,0,-14,-4,0,4,-1,-1,0,36,44,36,26,50,44,26,34,12,11,12,9,23,32,23,17,19,16,6,13,31,26,17,21,1,1,1,0,0,2,3,0,-14,0,10,-8,-7,-5,6,-4,-8,6,6,-4,1,-1,-2,0
2580,29,2,11,6,6,12,8,13,6,11,12,4,7,0,2,1,1,3,2,1,5,3,3,0,3,1,0,3,5,4,8,3,1,4,3,6,4,7,1,4,3,1,3,0,-5,0,4,6,0,-1,0,1,0,-3,-3,-3,0,2,3,-1,3,3,4,10,11,17,12,15,13,3,12,7,9,1,1,2,1,0,4,4,5,2,6,3,0,2,2,0,7,2,10,4,7,5,6,10,9,9,3,1,0,1,2,-3,8,5,5,6,-2,1,0,-1,0,-3,2,-5,-2,-1,2,5,10,8,7,10,17,17,15,13,2,10,10,13,11,2,4,5,3,3,3,3,3,3,7,0,2,1,0,1,1,6,9,8,9,5,10,9,9,3,1,2,0,5,1,8,7,7,2,2,2,2,4,3,2,2,-3,-6,-5,-2,4,8,9,4,2,16,12,21,19,18,11,14,18,5,0,0,3,6,5,6,5,4,1,2,5,14,9,7,5,5,7,15,11,0,1,5,8,-2,1,7,1,1,-1,-2,-2,-8,-4,-1,0,5,6,10,3
2580,30,1,09,33,30,26,25,44,38,40,46,26,42,18,11,6,5,19,14,18,20,19,24,18,14,18,8,16,19,24,26,18,25,1,1,0,1,1,1,2,2,0,1,-5,-10,-20,-1,2,0,-3,-12,-3,3,-5,-6,-6,1,-1,0,-1,-2,1,0,44,30,30,28,30,51,38,43,31,40,11,11,8,10,12,30,18,22,18,18,21,15,15,10,15,28,21,26,19,24,3,1,0,0,0,2,2,2,2,1,-7,-8,-13,-3,-10,-10,-4,-7,0,-3,2,-3,-4,-1,-6,1,-1,-2,-2,-1,26,32,37,40,32,33,38,45,45,44,9,9,15,17,14,15,23,20,22,18,9,14,12,17,17,24,24,32,28,27,2,0,2,1,0,0,0,1,0,0,-7,-6,-8,-5,-12,0,-5,3,0,-3,-9,-1,-12,-6,-9,2,0,1,1,0,33,46,36,36,56,48,43,28,14,21,11,16,19,25,25,19,15,15,14,9,40,31,29,18,0,0,0,1,1,2,0,1,-23,-2,-7,8,-1,6,-3,7,-21,-6,-4,1,-1,-2,0,0
2580,30,1,11,18,15,15,14,14,13,21,14,10,8,3,3,3,2,3,5,3,3,7,2,1,0,3,3,2,7,13,8,6,3,10,9,9,5,9,5,8,3,1,3,5,-6,1,4,6,2,3,0,-1,1,-2,-10,-5,1,-1,5,1,6,4,6,23,14,15,18,10,22,14,15,9,13,6,2,2,4,0,10,6,3,4,2,2,2,2,1,1,5,11,10,6,6,7,6,10,10,8,15,1,3,2,6,1,0,0,9,-3,4,0,0,3,-1,5,-5,-7,-2,-4,-8,5,7,8,2,21,28,23,22,21,11,11,12,12,13,8,12,7,6,9,3,9,3,3,6,1,0,2,2,4,9,6,7,7,8,10,7,13,13,6,1,5,3,3,1,10,17,11,10,8,7,12,5,4,5,-6,3,-4,-4,-2,9,2,10,10,5,15,20,19,30,18,12,11,24,2,0,4,5,4,4,2,9,2,1,1,5,13,11,3,13,9,16,13,16,3,0,7,6,-3,8,8,6,0,-1,3,0,-9,-7,-1,-4,6,16,6,10
2580,30,2,09,25,19,29,16,29,32,30,29,29,33,7,7,11,7,13,17,12,16,8,13,9,4,6,5,17,22,24,21,21,15,1,0,2,1,3,1,2,2,3,1,-7,-11,0,-13,-4,-2,3,5,2,-4,-5,-12,-5,-13,-2,0,-2,0,-2,2,23,25,26,25,27,38,18,28,24,21,10,7,5,15,11,12,16,20,10,15,15,8,11,14,6,20,10,16,10,13,1,2,1,0,1,3,0,1,0,2,-15,7,-2,1,6,-5,-1,-6,1,5,-8,6,4,0,2,-2,2,0,0,-1,27,42,31,28,37,30,42,37,32,28,12,15,13,13,15,12,26,18,14,22,11,15,12,12,9,17,27,24,18,17,3,1,0,1,0,2,0,1,2,2,-3,0,-6,-4,9,1,0,1,1,6,-5,-1,-6,-4,5,1,1,-1,-1,-2,24,34,25,34,34,30,36,27,3,14,9,11,21,19,16,20,16,11,12,11,16,18,23,14,0,1,0,3,2,1,1,2,-10,4,-11,7,-13,3,-3,0,5,1,-7,6,-2,0,-1,1
2580,30,2,11,12,16,4,8,13,8,23,5,7,8,3,4,1,0,0,2,1,1,7,2,1,2,0,0,1,6,11,3,5,6,7,11,2,1,11,1,10,2,2,1,4,-7,-1,1,5,2,2,1,0,-1,-4,-10,-2,2,-4,6,1,0,-1,10,8,10,7,11,15,13,8,7,12,10,3,3,1,1,2,1,1,0,3,4,0,1,1,2,2,7,5,5,9,4,4,6,6,7,9,6,2,1,1,4,-5,2,0,-1,5,3,2,0,-1,0,-6,-4,-5,-6,0,-2,4,5,6,5,22,26,10,14,11,14,9,13,7,18,6,8,1,2,1,5,5,3,4,6,0,3,0,0,4,9,3,10,2,11,11,13,6,8,4,5,3,3,5,3,8,17,-3,7,-7,6,5,1,2,-3,-4,2,-7,2,-5,6,10,3,3,1,13,17,22,21,17,13,16,20,2,1,1,1,3,6,10,3,4,0,6,3,11,12,6,9,8,10,11,17,2,1,4,8,-4,4,6,1,-2,1,-5,-2,-8,-6,4,-6,6,9,7,9
2580,31,1,09,27,23,24,29,30,30,36,32,43,31,12,13,7,13,8,15,9,16,15,21,12,13,11,13,4,17,22,19,30,23,0,1,1,1,1,1,1,2,0,4,-3,-13,-8,-14,-1,0,0,-4,0,4,-2,-13,-3,-15,-2,-1,0,-1,1,-3,33,26,31,23,29,38,42,16,30,36,10,8,11,13,12,21,17,19,7,17,13,16,4,13,11,23,25,12,17,24,2,1,1,3,0,2,1,0,0,1,-5,-16,15,-7,-7,-3,-8,7,0,1,-2,-8,7,-10,-7,0,0,1,3,-1,27,28,27,35,32,30,23,34,37,36,13,11,13,13,16,14,15,14,21,14,9,9,15,17,16,20,14,19,20,20,0,2,0,1,2,1,0,0,0,0,-3,5,-7,-2,-4,4,2,-2,-4,0,-6,1,-5,1,-6,-1,2,0,1,2,30,41,27,25,35,32,32,33,12,22,12,9,18,19,15,15,10,7,6,11,24,24,25,20,0,0,0,1,1,1,1,2,-5,9,-5,-8,2,15,6,-2,-6,-5,-10,-5,-1,-1,-1,-1
2580,31,1,11,15,12,18,10,9,3,11,14,8,11,4,2,3,2,1,3,6,2,3,2,0,0,1,2,2,3,5,9,3,5,8,4,13,5,6,0,6,4,3,4,12,1,4,2,-2,4,2,2,0,-1,0,1,-7,0,-3,8,-2,9,2,2,8,15,13,15,16,21,8,12,12,22,0,3,4,4,1,5,5,5,5,5,2,0,0,2,3,5,6,10,4,6,3,7,4,6,10,14,2,2,6,13,-13,7,1,3,-6,-2,3,4,2,-2,0,-1,-5,1,-1,-11,5,2,0,-3,14,30,17,14,19,13,16,15,10,10,8,11,7,1,5,4,6,4,3,6,0,5,2,1,1,10,9,9,5,7,2,13,6,10,8,3,2,4,4,2,1,14,2,4,9,8,6,5,0,4,-6,-3,-5,-2,-1,-1,11,2,6,6,21,17,16,24,10,16,27,12,5,2,1,6,7,9,7,9,2,4,5,1,5,11,14,3,9,6,8,9,3,1,8,8,11,1,-11,12,3,-2,-4,5,2,-2,-7,6,6,5,0,1
2580,31,2,09,21,19,16,18,17,20,25,19,19,26,4,2,6,6,6,15,16,10,12,10,10,6,9,8,6,8,16,7,10,17,2,1,0,0,1,2,3,3,1,3,1,-6,-3,-1,-9,-6,-4,-3,-2,0,7,0,3,2,-7,0,-2,-3,-1,-2,32,30,18,17,25,28,20,17,28,17,17,16,6,3,15,14,13,12,14,10,13,11,6,13,7,12,9,11,14,10,1,1,0,0,0,3,0,0,1,0,4,10,1,-11,8,4,5,0,-10,8,2,4,1,0,0,-2,1,0,-1,0,28,21,30,24,21,25,22,25,32,22,12,5,12,10,12,15,16,17,14,9,15,12,11,6,9,8,8,12,24,10,1,0,1,0,0,2,2,2,2,3,3,-1,5,-8,-1,-3,-7,1,4,3,7,8,5,-10,-1,-1,-2,-1,-2,-3,24,26,36,30,17,36,25,27,8,11,11,9,16,15,25,20,8,13,12,13,9,21,11,11,0,0,0,1,0,2,2,3,7,-10,11,3,0,-2,-1,-4,7,-6,14,9,0,-2,-2,-2
2580,31,2,11,12,9,11,12,12,4,13,10,4,7,0,0,3,1,3,2,3,4,5,6,1,0,0,0,1,1,7,9,4,4,10,6,4,6,3,2,6,1,0,2,8,-4,1,8,5,-1,0,3,1,2,1,-4,-5,1,2,8,0,3,6,1,10,9,9,17,7,10,4,4,11,9,1,2,1,3,2,0,1,2,4,3,2,1,0,0,2,4,3,4,8,5,9,6,6,10,2,4,0,0,3,2,0,5,5,6,-2,-1,1,1,3,0,-4,-2,-2,-4,-2,5,6,6,7,0,12,15,14,27,13,5,14,16,12,10,1,3,2,4,2,3,1,1,4,3,0,0,4,0,2,5,10,8,12,5,8,11,11,19,8,0,4,4,0,3,7,1,-2,15,3,1,3,-2,4,0,-2,-9,-7,-8,-2,8,7,7,19,5,19,22,21,14,8,8,9,16,2,4,4,1,5,4,6,3,0,0,0,3,6,7,7,6,12,14,11,10,2,1,2,7,11,14,12,-2,2,4,4,-2,-1,-3,-1,-3,10,13,9,3
2580,32,1,09,22,24,26,23,19,24,23,25,16,31,8,11,9,10,3,13,12,17,12,16,11,9,6,2,8,12,13,19,13,21,1,1,0,1,0,1,1,0,1,2,-2,1,1,7,-12,-3,2,3,8,-5,1,-1,-2,-1,-5,0,0,0,0,-2,21,19,19,28,29,21,28,30,18,25,7,3,5,8,13,13,16,14,19,16,2,9,13,4,13,16,18,17,13,10,1,0,0,1,0,3,1,0,1,2,0,-9,-11,10,4,5,-6,-8,4,0,-3,-2,-3,6,6,-2,-1,0,0,-2,22,26,22,21,31,29,26,28,26,31,9,8,7,8,16,13,16,13,13,15,12,11,13,9,14,15,13,14,15,16,0,2,2,0,0,2,2,1,2,1,-7,0,-6,-5,0,-3,-3,-6,-1,2,-2,3,-1,-2,-1,-2,0,1,-2,-1,28,25,40,47,38,34,38,40,12,9,15,20,15,15,24,27,17,15,16,18,19,16,21,18,1,1,1,0,2,3,1,4,-10,-9,2,7,-5,-6,-1,2,-4,-1,3,9,-1,-2,0,-4
2580,32,1,11,9,13,10,12,11,7,12,9,7,7,1,1,1,2,1,1,3,4,3,0,1,2,2,0,1,3,8,5,5,3,7,9,5,7,10,3,2,2,2,3,2,1,1,5,4,0,-1,-1,2,0,-2,-5,-1,-2,-3,4,7,3,5,7,17,14,11,11,13,13,11,9,9,19,4,2,1,0,2,3,5,2,5,3,4,0,1,0,4,3,11,6,9,7,10,7,8,6,8,6,0,2,0,8,4,3,2,2,-6,0,2,0,0,-2,0,-6,-4,-4,-4,4,7,6,6,0,21,17,28,22,18,13,21,17,14,13,9,6,12,2,2,5,6,4,7,7,3,4,2,2,2,6,12,10,10,7,7,5,12,13,9,4,5,5,2,4,8,-4,11,8,5,6,2,10,0,0,-1,-6,-6,-3,0,3,0,7,11,5,16,21,20,20,17,18,25,19,2,4,3,3,5,6,8,7,1,5,2,2,12,11,15,12,9,11,9,10,4,2,8,5,-1,3,-5,1,1,-1,1,1,-7,-5,-7,-5,5,9,1,5
2580,32,2,09,23,17,9,18,15,18,19,19,17,23,5,6,2,7,3,18,11,7,11,12,7,6,10,8,7,10,11,8,7,14,0,0,0,0,0,1,2,1,2,2,5,-2,-10,1,-8,-2,0,-8,-1,-4,8,0,-1,4,-2,-1,-2,-1,-2,-2,19,23,26,18,25,16,23,10,10,20,5,7,8,9,12,12,16,16,9,12,3,12,3,3,7,12,10,5,7,11,2,0,2,0,1,1,1,2,0,2,3,0,16,8,5,2,-5,5,6,5,0,6,11,2,1,1,-1,0,0,-1,15,22,18,25,25,28,23,12,20,20,6,9,9,9,7,9,12,9,15,17,16,12,5,7,11,8,10,6,13,8,0,1,0,1,1,4,1,1,0,1,-13,-1,6,5,5,-10,-3,4,2,-4,1,2,3,2,9,-4,0,-1,1,0,17,24,27,28,24,20,23,31,4,10,13,12,13,13,14,16,11,10,4,16,13,9,13,15,0,1,0,0,0,1,6,0,-7,4,4,-3,-7,0,9,-4,0,4,1,1,0,0,-6,0
2580,32,2,11,6,10,13,4,14,12,5,6,8,8,1,3,0,1,3,3,0,3,1,2,4,0,2,2,1,4,2,3,2,7,2,7,10,2,9,4,3,1,4,0,-6,5,7,-4,6,-3,3,-2,-1,2,-1,-2,0,-1,-5,-2,4,9,-2,9,9,13,6,11,9,10,10,6,5,7,0,1,0,1,3,2,4,1,2,2,1,0,2,0,1,4,7,3,1,4,7,8,5,8,4,5,3,1,4,2,-1,3,0,6,2,-1,1,-2,1,2,-2,-3,-2,1,-2,2,5,4,4,2,12,4,6,16,14,12,5,11,8,8,2,2,0,3,1,2,0,3,1,5,3,0,0,1,1,5,3,6,7,5,8,2,3,12,8,4,2,5,0,2,0,-1,-5,8,6,-1,2,0,2,0,-3,-3,-3,-6,0,4,0,-2,12,6,10,19,20,19,11,14,11,16,2,1,5,4,3,2,6,5,0,2,2,3,7,10,7,9,5,16,9,10,4,2,2,4,-1,5,9,3,2,-1,3,1,-4,-8,-1,-4,1,14,7,6
2580,33,1,09,28,23,24,18,10,22,28,30,24,21,8,7,9,10,2,20,15,13,8,7,9,10,7,10,6,12,18,18,14,14,0,1,2,0,1,1,0,5,0,1,6,-5,-6,-6,-11,-1,-3,2,0,-4,8,-3,-5,-6,-7,-1,1,-3,0,0,21,18,25,26,17,21,29,25,23,22,9,7,13,9,7,11,10,11,17,10,8,9,7,8,8,11,17,17,14,12,1,1,1,0,0,2,3,1,1,2,0,-11,0,3,-5,1,-2,6,1,-1,0,-7,-6,3,-2,-1,-2,0,-1,-2,27,20,11,16,22,27,12,35,20,20,10,7,5,9,11,17,10,6,6,11,12,5,12,5,9,14,6,20,14,10,0,3,0,1,0,1,1,3,1,1,0,8,-24,-4,2,-2,2,-7,4,2,3,4,-14,-8,1,-1,2,-3,0,-1,34,19,29,28,24,30,23,29,14,9,13,13,20,9,16,14,12,9,10,12,11,18,12,16,0,1,0,1,1,3,1,1,10,-11,6,-1,2,0,3,1,9,-9,4,-2,-1,-2,-1,0
2580,33,1,11,9,7,14,13,8,7,12,12,13,10,1,3,0,1,0,3,2,7,3,2,1,0,3,2,0,4,5,8,8,6,5,2,7,9,6,2,7,1,3,4,2,-5,2,0,-2,0,3,-3,-1,0,-1,-3,-1,-5,-4,3,-5,6,6,2,12,6,9,12,9,11,7,9,18,13,2,1,0,3,3,3,2,2,2,3,2,2,2,3,2,3,4,7,11,6,7,3,7,7,3,6,1,0,4,5,1,-1,0,-6,-4,0,-1,-2,0,1,0,-2,-5,-9,-3,1,2,7,3,-2,12,17,18,20,12,7,11,11,17,7,3,8,5,5,2,3,5,3,3,5,1,3,1,5,1,3,6,7,11,6,6,4,10,12,5,3,2,3,1,0,5,6,7,3,5,2,5,4,0,1,0,-1,-4,-8,-1,3,2,7,11,5,10,24,14,18,13,15,20,12,2,6,1,2,2,6,6,4,4,4,5,1,8,9,6,6,6,12,7,12,1,2,9,5,-3,9,-6,6,-2,2,-4,1,-6,-3,0,-2,5,10,-2,7
2580,33,2,09,28,17,11,8,20,11,21,18,17,21,4,3,3,1,6,24,11,8,7,13,3,9,7,8,5,8,11,9,7,15,0,3,0,0,1,0,1,2,2,1,17,-4,-7,-9,-1,1,-6,-4,-7,1,16,0,-1,0,-2,0,2,-2,-2,0,27,20,23,14,16,10,12,20,12,18,8,5,10,1,4,18,15,13,11,12,3,5,5,3,13,6,7,13,8,5,1,0,0,2,0,1,0,2,1,0,17,8,3,2,-2,5,0,5,-2,-9,12,8,0,3,7,0,0,-2,1,0,21,17,15,10,19,14,16,25,16,25,7,4,6,5,5,13,13,8,5,14,5,6,15,9,12,9,10,10,7,12,1,0,1,0,0,0,0,0,0,1,7,1,-10,-6,-6,2,-2,-9,-4,-7,4,3,-2,-2,2,1,0,1,0,-1,24,24,15,24,20,15,16,18,13,9,11,11,11,14,4,12,11,8,12,7,8,5,4,10,0,1,0,1,1,2,0,1,4,9,-1,6,2,1,-1,4,3,9,0,2,-1,-1,0,0
2580,33,2,11,7,9,4,7,9,2,7,8,2,2,0,1,0,2,2,0,1,1,1,1,0,1,3,0,0,2,1,4,2,1,7,7,3,4,6,0,5,1,0,1,5,2,-4,5,7,0,0,-3,2,2,-2,0,-3,-1,0,7,2,2,4,5,6,9,12,13,7,5,6,4,5,5,0,0,2,4,0,3,4,4,0,1,0,1,0,1,1,2,3,3,4,2,3,5,6,9,6,3,2,1,0,2,1,3,8,8,2,0,-1,2,3,-1,1,1,1,-4,-1,0,3,5,9,4,15,16,17,11,11,10,6,15,6,8,3,4,5,1,2,4,0,5,1,3,0,0,2,1,2,9,6,10,3,4,8,12,7,9,6,1,0,3,2,2,5,10,2,5,3,3,4,3,0,0,-5,-6,-5,-2,-1,7,12,4,7,4,11,14,19,19,15,9,13,13,1,1,3,3,3,4,6,6,3,1,3,1,7,5,4,7,7,9,10,10,5,3,6,5,-4,5,6,6,-2,0,0,2,-4,-1,2,-1,2,6,4,5
2580,34,1,09,22,22,18,20,22,23,15,21,25,17,7,6,6,10,13,15,15,10,10,9,10,9,7,9,6,12,6,14,15,11,0,1,2,0,0,1,0,0,1,0,-1,7,-3,-5,5,-3,-3,-1,1,7,3,9,-4,-5,-2,-1,1,2,-1,0,12,16,20,23,17,26,15,17,22,17,6,6,5,9,6,6,10,15,13,11,10,5,5,9,6,15,10,11,12,10,0,0,0,1,0,1,0,1,1,1,-14,1,3,1,0,-4,1,0,0,0,-9,0,4,1,1,-1,0,-1,0,-1,20,18,18,18,26,16,14,14,18,27,11,7,9,9,13,9,10,9,7,13,8,9,9,5,7,8,5,5,12,19,0,1,0,2,0,0,0,0,1,1,4,4,4,0,-1,3,-2,0,4,6,1,5,4,-5,-6,0,1,0,1,-1,32,23,17,26,23,20,18,26,15,11,4,9,16,12,13,17,7,8,9,9,16,10,9,13,1,0,0,0,0,2,0,4,9,3,-1,0,8,3,-5,0,0,2,4,4,1,-2,0,-4
2580,34,1,11,7,6,8,10,13,5,12,4,7,10,3,0,2,2,1,2,2,1,6,8,2,0,1,1,2,0,5,1,4,8,2,4,5,2,4,3,7,2,2,0,2,-6,4,3,3,1,0,1,1,-1,2,-3,0,2,0,-1,-3,3,0,4,7,10,3,8,10,16,9,8,9,21,0,2,0,2,3,1,3,2,2,2,2,1,2,2,3,4,5,2,6,8,6,5,1,4,5,10,3,4,1,10,-9,1,-5,-1,-11,-2,1,-2,0,0,-3,-2,0,-4,-6,-4,2,-3,3,-5,17,21,14,14,13,10,17,14,16,13,4,8,4,4,2,4,2,1,3,3,2,3,3,3,3,4,9,9,9,9,9,11,9,7,8,4,5,2,4,1,7,4,0,-2,0,2,5,1,1,-1,0,-7,-8,-6,-6,5,6,7,3,7,15,26,16,14,7,16,20,16,2,6,1,2,4,6,5,4,0,1,2,8,6,13,12,5,9,14,10,8,1,2,6,3,8,10,-4,-2,2,5,-1,-6,-2,-7,-7,-1,8,12,4,5
2580,34,2,09,14,17,21,9,15,14,12,17,15,11,5,7,7,4,8,9,10,12,5,7,5,4,7,5,3,9,6,8,9,8,0,0,2,0,0,0,2,2,1,0,0,5,4,-6,4,0,3,0,-1,5,0,4,4,-4,-1,0,-2,0,-1,0,18,10,21,18,10,24,10,17,13,15,5,3,5,5,4,11,6,16,11,5,13,2,2,2,7,10,6,13,10,7,2,1,0,2,1,1,2,2,1,1,-6,0,4,5,-5,-8,1,3,3,-3,1,0,3,1,-2,1,-1,-2,1,0,16,11,13,13,14,13,17,16,18,15,3,6,6,6,5,10,4,7,6,9,5,8,8,12,9,7,9,8,6,6,3,1,0,1,0,1,0,0,0,0,3,-6,-3,-5,-1,-2,-2,-2,-6,-4,3,-5,-1,0,3,2,1,0,1,0,21,22,20,16,18,16,21,17,1,8,10,11,20,14,8,4,7,4,9,5,10,10,12,12,0,0,2,1,1,2,0,0,3,6,-1,-1,-6,4,1,6,10,4,-4,-8,-1,-2,2,1
2580,34,2,11,12,7,5,4,7,4,6,2,3,5,4,1,1,1,0,4,0,3,0,2,1,0,0,0,3,2,4,2,1,1,4,6,1,3,5,1,2,0,2,1,8,1,3,1,2,3,1,1,1,-3,2,-4,1,-1,1,3,4,1,1,4,7,9,6,16,15,3,5,5,7,6,1,0,0,3,2,3,3,1,5,8,1,0,1,1,1,1,5,4,4,2,3,6,5,8,5,1,0,0,2,3,4,4,1,9,9,0,0,-1,2,1,2,-2,-3,1,6,2,6,5,6,2,8,11,12,7,10,3,12,9,15,8,2,1,3,0,1,1,2,1,2,2,0,2,1,1,3,2,9,3,11,3,5,8,8,5,7,1,1,5,3,2,5,-1,3,-8,2,2,-1,2,-1,-2,-1,-7,-2,-9,-1,4,7,3,2,5,12,19,7,19,11,9,6,12,2,6,1,2,5,3,3,2,4,0,1,0,7,7,3,8,5,10,3,15,0,2,2,4,1,10,1,7,-2,6,0,2,-2,-4,0,-6,5,8,1,11
2580,35,1,09,17,21,16,16,9,18,23,20,19,27,5,8,5,11,3,12,10,10,5,6,7,8,4,11,7,11,15,15,5,19,0,3,1,0,0,0,0,1,3,1,-1,-2,-4,-3,-18,-2,0,1,0,-4,1,-5,-5,0,-13,0,3,0,-3,-1,17,13,17,6,23,14,9,7,24,13,6,6,5,1,7,11,6,12,4,15,2,4,2,13,5,10,5,5,9,6,0,1,0,1,1,2,0,0,2,2,3,4,10,-18,10,4,2,3,-12,2,1,1,7,-5,9,-2,1,0,-1,-1,23,16,14,10,16,15,18,15,14,17,10,7,6,3,5,10,9,8,6,10,5,8,5,10,8,8,9,10,4,8,3,0,0,1,1,2,1,0,0,1,8,-2,-1,-4,-1,5,-1,1,-7,-3,2,0,-2,2,2,1,-1,0,1,0,15,26,19,23,23,13,20,14,3,9,7,9,12,17,12,14,12,5,5,8,10,8,14,4,0,0,0,0,1,0,1,2,-8,13,-1,9,-9,4,2,1,2,9,-2,10,-1,0,-1,-2
2580,35,1,11,7,5,7,10,15,4,6,10,3,14,1,1,0,2,2,2,1,6,1,4,2,0,2,1,3,2,5,7,1,11,4,3,1,7,9,0,1,1,1,0,3,-1,-3,7,1,-1,1,-2,1,-1,0,-4,-1,0,-7,4,2,0,6,9,7,5,12,8,6,15,6,11,9,11,0,0,2,1,1,2,4,3,3,1,0,2,3,1,1,4,3,5,4,4,5,1,7,4,4,11,1,3,4,6,-8,-1,1,-1,-5,0,-2,-1,0,0,-2,1,-2,-1,-3,-6,0,4,0,-2,17,20,13,14,21,8,17,11,14,16,8,4,6,3,3,3,8,2,4,10,0,4,2,2,3,6,10,7,8,9,6,8,5,7,8,2,3,2,4,4,9,3,2,0,5,8,0,4,1,0,-3,-2,-5,-4,1,4,5,3,3,4,13,13,23,20,15,10,17,20,1,3,6,3,2,2,11,4,1,3,3,5,11,6,8,4,10,8,6,13,3,1,6,11,-2,3,6,0,0,0,3,-2,-9,-4,3,0,7,7,0,2
2580,35,2,09,13,13,12,12,11,15,15,14,13,10,8,4,5,7,4,5,9,7,5,7,7,7,7,7,4,8,8,7,6,3,0,0,0,0,0,0,0,0,0,3,-2,-2,-2,-1,1,1,-3,-2,0,0,-3,1,0,-1,4,0,0,0,0,-3,10,6,13,17,14,9,9,12,13,25,5,2,3,4,4,5,4,9,13,9,3,3,6,4,13,3,6,4,9,12,0,0,1,0,1,3,0,2,0,0,1,-3,1,4,-11,2,-1,-3,0,-9,2,-2,5,4,-3,-3,0,-1,0,1,8,21,11,13,8,9,10,9,12,11,2,9,4,3,3,6,10,7,9,5,4,7,3,6,6,5,1,6,6,5,0,2,0,1,0,0,2,0,0,0,-1,11,2,1,-3,-2,2,1,-3,-3,1,9,1,3,0,0,0,0,1,0,24,21,12,10,14,18,11,18,7,10,4,4,15,10,7,6,6,11,5,7,7,7,4,7,2,1,1,0,1,0,2,4,10,3,1,-8,1,-1,-1,-3,8,3,3,-1,1,1,-1,-4
2580,35,2,11,9,5,7,6,10,3,7,5,4,6,0,0,2,1,1,3,1,1,0,3,1,1,0,0,0,1,3,4,2,6,6,4,4,5,6,1,3,1,2,0,6,-2,2,2,4,-1,-1,2,1,1,2,-2,-3,-2,-3,5,1,3,3,6,6,10,7,9,8,5,4,6,7,10,1,2,1,2,0,0,2,2,2,1,0,2,2,1,2,1,0,1,4,3,5,6,4,5,7,4,2,3,2,5,1,6,1,2,-2,1,0,-1,1,-2,-1,2,1,-2,-2,1,4,1,3,2,6,9,16,15,8,8,4,8,6,5,2,0,3,3,0,1,2,3,2,5,2,1,4,2,0,5,3,3,2,3,3,7,10,10,3,1,0,1,2,2,-2,5,8,9,3,0,-1,-1,1,0,-4,-1,0,0,2,2,7,9,8,1,13,14,8,15,7,16,16,15,4,1,1,3,3,8,3,1,2,1,3,3,4,10,6,4,6,5,4,11,1,5,7,8,6,-2,-8,0,2,0,-2,0,-1,-2,-3,-3,5,0,-3,3
2580,36,1,09,22,15,6,7,21,20,10,18,18,13,13,3,3,2,12,9,12,3,5,9,11,5,9,5,5,9,5,8,11,6,0,0,0,0,0,0,0,1,2,2,2,5,-12,-11,8,2,-2,-6,-3,7,0,7,-5,-6,3,0,0,-1,-2,-2,16,15,19,17,16,14,6,13,11,13,6,6,9,10,6,9,9,8,6,9,9,5,7,6,6,5,1,5,4,7,1,0,2,1,1,0,0,1,1,0,2,9,6,6,3,-3,1,2,4,0,4,8,3,2,2,1,0,1,0,1,17,13,13,14,20,20,19,22,13,7,6,6,4,6,13,11,7,9,7,7,8,5,9,6,2,11,12,13,7,5,0,0,0,1,0,1,2,0,0,0,-3,-6,-9,1,13,-2,1,-5,0,11,0,-5,-4,0,2,-1,-2,0,1,0,20,19,20,20,19,14,20,21,8,10,13,7,11,7,6,13,9,6,7,5,9,7,12,16,1,2,1,0,1,1,1,0,1,5,0,-1,-1,4,6,2,2,0,-6,-3,0,1,0,0
2580,36,1,11,12,7,9,7,5,5,9,3,8,7,3,1,3,3,0,2,3,2,2,1,2,1,2,1,0,2,2,1,6,6,7,3,4,2,4,1,6,0,1,1,7,-2,6,-1,-2,1,0,1,2,0,0,1,1,-4,-5,6,-3,4,1,3,9,16,8,10,13,14,11,6,5,10,1,2,0,0,3,3,5,3,4,2,3,2,0,0,1,5,5,2,2,2,5,9,5,6,8,6,4,4,3,7,-5,5,2,5,3,-2,0,0,0,2,-2,0,1,2,0,-1,5,1,3,1,13,12,15,19,15,11,16,19,10,12,2,3,1,3,3,1,2,6,2,5,2,6,3,0,3,5,6,13,8,9,10,7,8,14,7,4,4,3,2,0,2,-4,-4,9,3,0,-3,-2,3,0,-4,-4,-7,-6,-4,6,3,5,12,7,17,16,14,30,14,14,20,24,3,3,1,12,6,7,7,6,3,3,1,2,10,9,9,13,8,6,6,12,1,2,10,9,3,2,-6,6,0,0,0,10,-4,-2,-2,-7,7,4,-4,3
2580,36,2,09,14,15,11,10,18,8,9,9,12,11,4,5,8,7,12,9,10,3,3,4,1,2,3,5,5,7,4,6,7,6,1,0,0,0,2,0,3,0,0,0,6,6,2,-2,7,3,3,5,2,7,2,6,-3,-4,-2,1,-3,0,0,2,16,6,16,9,14,9,8,10,6,13,6,2,5,3,5,9,4,10,6,8,7,1,5,3,7,2,6,4,2,5,1,0,1,0,1,0,1,1,1,1,7,-2,6,3,1,-1,1,0,0,-2,7,-2,6,4,3,1,-1,0,-1,0,13,10,11,11,12,10,10,16,14,6,4,2,3,4,7,9,8,7,7,4,3,6,5,7,5,6,4,10,7,1,0,0,1,0,1,1,0,1,0,0,3,0,-5,-3,6,1,-4,-2,-3,2,3,4,-3,0,3,-1,0,0,0,1,13,14,11,14,6,9,15,16,6,5,4,5,7,8,6,8,1,7,8,5,5,2,6,11,0,1,1,1,0,0,1,0,7,5,-4,-2,5,-2,-4,0,2,6,0,-3,0,1,0,1
2580,36,2,11,5,8,7,7,11,7,8,3,3,7,1,1,1,2,2,1,1,0,0,1,0,2,3,0,2,6,5,0,2,4,3,6,6,5,8,1,1,0,1,1,-2,0,4,4,4,1,-1,-2,2,0,-5,-4,0,-2,-3,2,5,6,4,7,8,9,8,7,11,4,6,9,7,7,0,1,1,2,2,3,0,0,1,3,0,0,1,3,1,2,4,6,4,1,5,8,7,4,6,2,2,2,0,5,4,3,-1,0,4,0,1,0,-1,1,1,-4,-6,-3,2,3,6,5,4,1,11,11,11,7,10,8,6,8,7,6,3,4,2,2,2,1,2,5,0,0,1,1,2,0,1,5,3,5,3,4,7,5,4,5,8,2,2,1,4,1,3,5,3,0,4,2,3,0,2,1,-4,-1,0,-3,-4,5,3,3,1,7,9,9,6,23,7,5,12,15,1,1,0,5,3,2,1,7,1,1,2,4,4,4,6,6,5,6,5,11,2,0,4,5,2,4,-6,8,0,0,-2,1,-1,-2,-5,1,3,6,1,6
2580,37,1,09,18,9,13,13,11,13,10,15,15,13,7,4,7,9,4,11,5,6,4,6,5,4,5,8,4,7,5,8,3,9,0,0,0,0,1,1,1,2,4,0,5,-1,-2,-2,-2,2,0,2,1,0,4,0,-2,1,-3,-1,-1,-2,-4,1,11,16,15,13,13,13,10,18,11,18,5,4,4,6,3,4,12,11,7,10,4,3,6,7,9,8,6,11,3,8,2,0,0,0,0,1,1,1,1,1,-2,6,-3,2,-5,1,1,-2,-1,-6,-4,6,0,4,2,1,-1,-1,-1,-1,12,15,13,14,10,16,12,13,18,10,1,7,3,4,5,10,6,9,10,5,7,4,6,10,4,8,8,5,7,5,1,2,1,0,0,1,0,2,1,1,-4,3,0,-4,0,-6,3,-3,-6,1,2,-2,4,3,0,0,2,-1,-1,-1,14,18,11,10,19,15,20,20,4,7,7,3,10,11,4,7,13,9,12,5,5,6,6,14,0,0,0,0,1,0,2,1,-5,3,-9,-10,-9,-2,-5,-2,5,5,-2,-7,-1,0,-2,-1
2580,37,1,11,2,9,8,6,11,4,12,4,2,5,0,1,2,1,1,0,0,1,2,3,0,1,0,0,2,3,5,4,1,1,2,8,5,3,7,1,6,0,1,2,-2,-3,4,4,6,0,0,2,1,-1,-3,-5,-3,1,2,1,2,5,2,5,7,12,13,6,5,9,7,11,4,8,0,4,2,1,2,3,4,5,2,1,0,1,2,0,0,2,4,7,2,3,4,4,6,3,2,7,2,2,2,5,-2,5,2,2,-3,0,3,0,1,2,1,0,-2,0,-2,-3,2,4,1,-3,9,14,8,17,12,14,9,11,12,17,3,0,1,5,4,2,3,5,5,5,1,1,3,2,3,10,6,8,7,11,4,11,2,7,3,3,2,0,3,3,-5,5,-3,5,-5,2,-1,-2,3,1,-8,-3,-3,-2,-6,1,9,2,4,0,9,21,15,19,10,17,15,23,2,3,2,3,3,6,5,8,2,1,2,4,7,10,8,6,4,12,8,8,1,6,5,13,-1,4,0,-4,0,2,0,-1,-4,-4,-3,2,3,6,3,-5
2580,37,2,09,11,9,10,16,10,9,10,10,10,14,4,3,3,5,5,6,6,6,11,5,3,2,5,6,6,5,6,5,3,7,1,0,1,0,0,1,2,0,1,1,2,-1,0,6,-4,1,1,-2,-1,-1,1,0,1,8,-2,0,-2,1,-1,-1,14,11,17,15,10,8,9,11,7,17,4,5,6,3,6,9,6,7,9,4,4,4,3,2,8,3,4,8,5,7,1,0,4,3,0,1,1,0,0,2,6,2,6,8,-7,0,1,3,1,-2,6,2,-1,4,-3,0,-1,4,3,-2,13,8,14,13,13,8,13,9,13,12,4,3,5,2,3,9,4,9,11,9,4,2,3,4,4,4,10,4,9,6,0,1,0,0,1,0,1,2,0,2,5,-5,5,0,1,0,1,2,-2,-1,5,-6,5,2,3,0,0,-2,0,-1,8,10,14,14,7,12,13,12,4,3,6,5,3,6,8,8,2,7,5,1,4,5,7,11,1,1,0,1,1,0,1,0,1,-2,1,2,2,-4,1,4,-1,1,1,-3,0,1,-1,1
2580,37,2,11,4,3,5,6,5,3,3,8,1,6,1,0,2,1,1,2,0,1,1,3,1,0,1,1,0,1,0,3,0,6,1,3,2,4,1,1,3,4,0,0,1,0,-3,5,-1,0,0,1,0,1,1,0,-2,1,-3,0,0,-2,4,1,13,8,7,5,3,4,5,5,5,4,3,1,0,3,0,3,3,1,1,1,1,2,3,2,0,1,3,2,2,4,7,4,6,1,2,2,0,0,1,0,9,3,2,0,-1,2,-1,-3,1,0,2,0,-1,-1,-3,5,4,6,0,2,9,8,12,9,9,8,4,7,4,7,2,1,2,3,2,0,1,5,0,3,0,2,2,0,0,3,2,3,2,7,7,6,5,6,4,5,0,2,2,0,1,4,5,5,2,2,-1,0,3,2,-3,-1,2,-2,-4,2,6,3,4,4,12,7,8,11,12,4,5,6,3,2,3,2,5,1,0,2,0,0,2,0,8,4,2,2,4,4,5,7,4,0,1,4,0,3,3,5,3,2,1,2,-3,-3,-2,0,0,4,4,3
2580,38,1,09,9,5,13,14,11,7,10,15,14,9,1,3,8,5,4,7,2,5,8,7,3,3,7,6,2,2,6,8,8,6,1,0,0,1,0,2,1,0,0,1,2,-5,-2,0,2,-2,0,1,-1,2,5,-4,-3,0,1,-1,-1,0,1,-1,10,10,9,12,19,5,7,7,11,17,3,4,4,5,9,7,5,5,7,10,4,4,2,6,6,1,3,5,4,11,0,1,0,0,0,0,0,0,1,0,5,3,2,1,2,-1,0,2,-1,3,6,2,0,3,-1,0,1,0,-1,0,13,6,12,17,13,12,3,9,12,11,6,3,3,6,3,7,2,9,11,10,8,2,5,3,9,3,0,4,9,2,0,1,0,0,0,1,1,0,0,0,1,3,3,5,2,-2,1,-2,3,-6,4,2,5,2,8,-1,0,0,0,0,20,7,14,8,10,13,13,12,8,3,5,3,10,4,9,5,4,8,6,2,5,5,7,9,2,0,0,0,1,0,0,1,10,-6,1,-4,4,-5,-1,1,5,-1,2,-4,1,0,0,-1
2580,38,1,11,4,3,4,7,5,3,13,5,7,3,0,0,2,0,1,3,2,1,3,2,0,2,3,0,1,3,4,2,3,1,1,1,1,4,2,0,7,0,4,1,1,-10,-1,0,2,0,-2,-1,0,0,0,-2,-1,0,1,1,-6,1,0,1,5,4,7,8,10,6,4,7,8,9,1,1,2,4,1,2,0,1,0,2,0,0,2,3,1,3,2,3,3,4,2,3,4,4,7,3,2,2,2,4,-1,0,0,0,1,1,1,0,1,0,-1,-2,-2,-3,-2,-1,1,2,2,3,7,11,12,8,9,5,9,6,11,13,2,3,4,3,1,1,5,4,3,3,0,2,0,4,0,2,5,5,4,10,4,3,4,2,5,3,2,1,3,3,2,2,6,-3,-4,2,1,4,-1,1,-1,0,-1,-1,-7,1,1,3,-1,2,17,6,12,10,16,11,11,20,3,1,2,1,6,0,5,7,3,3,3,1,8,8,4,8,8,5,5,2,5,0,4,11,1,-5,1,-10,0,-2,-1,0,-2,-8,1,-1,3,5,1,-9
2580,38,2,09,9,8,11,7,13,8,14,6,12,6,2,3,3,3,6,6,5,7,4,7,4,6,5,5,3,4,7,1,6,3,1,0,1,0,0,0,1,0,1,0,1,-6,5,-5,7,-2,-3,-2,-2,3,2,-2,6,-2,4,1,-1,1,-1,0,12,10,10,6,9,13,11,8,7,9,4,5,5,2,3,7,4,5,4,6,9,4,4,2,3,3,6,4,3,4,1,1,0,0,0,1,1,0,2,2,-1,-1,2,-1,0,-5,1,1,0,0,4,-2,1,1,2,0,0,0,-2,-2,8,10,8,11,9,8,12,4,11,4,6,7,4,7,2,1,2,3,3,7,5,4,1,9,1,3,8,3,2,3,1,1,1,1,0,0,0,0,0,0,0,-2,4,0,5,1,3,3,-2,1,-2,-6,0,1,4,1,1,1,1,0,9,10,8,12,8,7,8,3,4,1,2,6,3,9,5,5,4,3,2,0,2,4,3,3,2,0,1,1,2,0,3,0,1,3,0,9,0,-2,0,6,1,5,2,2,0,0,-2,1
2580,38,2,11,6,6,5,6,4,3,8,3,5,4,2,2,3,2,0,2,1,1,2,0,1,0,2,0,0,2,5,1,4,3,2,3,1,2,4,0,3,0,1,1,3,-2,2,1,0,1,2,1,2,0,0,-4,0,-2,-3,2,0,1,1,3,7,5,8,7,4,7,6,8,6,4,1,0,2,1,2,2,2,3,3,1,2,1,2,1,0,3,5,4,2,2,4,3,3,3,1,2,0,2,3,2,0,-1,0,1,0,-1,-1,0,0,2,-1,-3,-1,1,-1,2,3,1,0,-1,7,6,12,10,10,4,5,8,8,5,5,1,4,1,3,1,2,1,4,1,0,2,4,4,1,4,2,3,2,2,1,3,7,5,6,0,1,1,2,2,3,1,4,2,5,5,-1,0,-3,2,-3,0,-2,2,-1,1,2,6,3,4,7,12,13,9,3,15,6,13,1,5,0,2,3,3,3,4,0,3,1,2,3,10,5,5,3,4,10,3,0,2,0,6,4,-3,7,-4,1,2,-1,0,0,-7,-2,-1,3,2,10,-3
2580,39,1,09,18,12,11,13,11,12,9,8,15,8,3,5,6,7,5,14,6,5,6,5,4,4,3,4,2,8,5,4,11,6,1,1,0,0,1,0,0,1,0,0,6,3,3,-2,3,-1,1,3,3,3,6,1,1,-5,-1,1,1,-1,0,1,15,12,7,12,13,8,13,17,11,8,4,5,3,2,2,9,7,4,10,10,3,3,9,7,4,5,10,7,4,4,2,0,0,0,1,0,0,1,0,0,7,-1,-10,1,5,1,2,-6,-5,-2,4,-3,-3,6,6,2,0,-1,0,1,7,16,18,11,5,11,11,9,9,11,5,10,7,6,3,2,6,11,4,2,6,5,1,5,7,4,6,7,3,3,0,0,0,1,0,1,0,1,1,1,-4,5,9,2,-6,-1,5,6,1,-4,-2,0,4,1,-1,-1,0,-1,0,-1,10,12,8,20,10,12,9,15,7,4,6,11,2,8,2,9,6,7,4,5,3,5,4,7,1,0,0,0,1,0,1,3,0,0,-1,5,1,-3,2,6,-1,3,-2,2,0,0,-1,-3
2580,39,1,11,2,1,3,5,6,5,7,5,1,5,0,0,0,0,0,1,1,0,2,0,2,2,1,0,1,3,3,4,1,2,1,0,3,3,6,0,2,0,0,2,-3,-6,-2,4,1,-2,-2,-1,0,-1,-2,-2,-4,1,-2,1,-2,3,3,4,5,2,4,6,8,8,2,2,3,8,1,0,1,2,0,0,0,1,3,4,1,0,2,0,2,2,1,0,0,4,4,2,2,1,4,5,1,0,3,2,-3,0,2,3,0,0,0,-1,2,-2,-2,-1,1,3,0,-1,1,2,-2,2,11,8,6,5,12,7,4,8,9,5,5,2,3,1,4,2,1,2,1,4,1,0,0,1,1,5,3,5,7,3,4,5,1,3,4,1,1,3,1,1,4,4,-2,-4,7,4,2,3,0,3,-3,-2,-3,-6,1,3,4,-2,2,3,7,10,13,14,6,11,11,23,3,1,2,3,1,5,5,5,2,0,0,3,2,7,8,12,3,4,6,6,2,4,3,8,1,-1,2,-9,1,1,2,0,-1,-2,-3,-7,1,0,3,-2
2580,39,2,09,10,9,9,8,14,5,14,2,9,4,4,7,5,7,7,5,2,3,1,6,2,4,1,4,2,3,9,1,4,2,1,0,1,0,1,0,1,0,1,0,5,-5,7,-1,10,2,3,4,3,5,2,-7,2,-3,4,1,-1,1,-1,1,6,8,14,10,10,6,6,10,9,6,2,3,4,3,3,3,5,8,5,5,2,2,4,4,4,4,4,6,4,1,1,0,2,2,2,0,0,0,1,1,0,2,4,1,4,0,1,0,-1,-1,-1,1,2,1,4,1,0,2,1,1,7,4,9,11,10,6,4,6,8,7,3,2,1,7,6,4,1,6,3,4,1,3,3,4,2,5,1,1,4,4,0,1,2,1,0,0,0,2,0,1,1,0,3,3,3,2,-1,-2,3,4,-1,0,5,-1,0,0,1,0,1,-1,18,16,7,9,10,9,6,6,6,7,5,4,11,9,2,5,5,4,3,0,4,5,2,5,1,0,0,0,1,0,1,1,8,7,1,3,1,3,2,4,7,4,0,0,0,0,-1,-1
2580,39,2,11,4,5,10,3,2,4,5,5,1,2,1,0,1,1,0,0,1,2,0,0,1,2,2,0,0,2,2,1,1,1,3,4,7,2,2,1,1,2,0,1,0,0,5,2,0,0,-2,-1,1,0,-2,-1,1,-1,-1,2,3,5,2,1,13,6,8,7,7,10,6,2,6,3,2,1,3,2,0,3,3,2,2,1,2,0,1,0,0,5,4,1,4,3,8,2,3,3,6,3,2,0,2,0,3,0,6,1,4,0,1,2,2,0,-2,-1,1,-2,-2,5,0,3,1,6,6,5,10,10,10,2,2,6,9,7,2,0,3,1,3,0,0,1,3,3,1,0,2,2,2,0,1,4,6,4,4,5,6,6,4,1,1,0,1,1,4,3,4,1,3,1,0,1,-1,1,0,-1,-3,-3,-1,3,4,6,5,3,12,7,11,8,7,6,9,4,4,2,4,2,4,1,2,1,3,1,1,0,3,2,5,3,4,4,5,5,1,3,3,1,5,1,2,4,1,1,3,2,1,-1,-3,-2,3,1,2,4
2580,40,1,09,13,14,6,11,8,11,25,4,11,9,3,9,1,5,3,10,5,5,5,4,5,9,2,7,7,6,15,2,4,2,0,0,0,1,1,0,1,0,0,0,2,-11,2,0,-1,-2,0,-1,-2,-4,4,-10,3,1,2,0,-1,0,1,1,8,8,8,9,4,10,7,7,9,15,4,2,4,4,3,4,4,4,5,1,6,5,2,2,6,4,1,5,4,8,0,2,0,0,0,0,1,0,3,1,-2,1,1,0,-11,-2,-3,2,2,-3,0,3,-1,1,-7,0,1,0,-3,-1,5,6,13,12,13,5,5,14,14,7,1,3,6,3,3,4,3,7,9,9,4,3,9,5,2,1,2,3,9,5,0,0,0,0,1,0,0,2,0,0,0,1,-1,-2,6,-3,0,-3,-2,1,3,1,4,0,4,0,0,-2,0,1,8,5,10,10,14,7,10,5,3,2,6,6,5,3,4,4,8,2,5,2,6,4,4,3,0,0,0,0,0,1,1,0,-6,-2,0,5,-5,0,1,4,-1,-1,0,1,0,-1,-1,0
2580,40,1,11,5,5,4,3,7,3,6,2,3,5,2,2,1,0,1,1,0,1,0,3,0,0,1,0,1,3,5,1,2,4,2,3,2,3,3,0,1,0,1,0,2,-1,2,0,2,2,2,0,0,0,-2,-5,0,-2,-1,2,2,2,2,3,1,8,5,10,6,5,5,8,5,4,0,2,0,2,3,0,2,3,2,3,0,2,2,3,1,2,3,6,1,2,1,4,2,6,0,3,0,0,1,1,-4,3,-3,5,2,0,0,-2,-1,2,-2,-1,-3,1,1,-2,4,2,5,-1,14,6,14,9,8,8,5,7,5,6,5,1,4,3,1,3,1,1,2,1,2,1,0,0,1,4,3,7,5,5,6,4,9,4,6,2,1,0,0,0,6,1,7,4,2,3,0,4,3,0,-1,-2,-6,-3,-4,4,3,9,4,6,4,8,4,17,6,7,12,14,2,1,1,4,0,4,2,5,0,0,2,1,6,5,8,11,2,3,1,8,0,2,2,2,-2,1,-8,3,2,1,-1,3,-6,-1,-6,-6,2,1,-1,6
2580,40,2,09,7,5,11,8,12,6,8,10,3,9,4,5,9,3,5,3,0,1,5,6,4,3,5,1,5,2,4,5,2,3,0,0,1,0,1,0,1,0,0,1,1,-3,1,5,3,0,2,4,2,0,1,-4,-4,3,3,0,-1,1,0,0,4,13,11,11,12,6,11,10,12,8,2,6,5,6,7,1,7,4,4,5,2,6,5,4,3,4,5,4,7,4,1,0,2,1,0,0,0,1,1,1,-2,2,1,-1,4,0,0,0,2,4,-3,2,0,-3,1,1,0,1,0,-1,10,6,10,6,3,5,3,7,10,10,6,2,6,4,1,3,4,4,2,2,2,3,4,4,5,3,0,3,6,4,1,0,0,0,0,0,0,0,0,1,5,3,3,-4,-7,4,-1,2,0,-4,0,4,1,-4,-2,1,0,0,0,-1,11,10,5,12,8,12,4,6,5,6,2,4,6,4,3,8,4,5,0,2,4,7,3,3,0,0,0,0,0,0,1,1,3,-2,1,6,1,1,2,2,2,-3,0,5,0,0,-1,-1
2580,40,2,11,2,2,7,6,4,2,2,7,2,4,1,1,1,0,0,1,0,1,2,0,0,0,2,0,0,2,1,2,2,3,0,1,5,4,4,0,1,3,0,1,0,0,0,4,0,1,1,-1,0,0,-1,-1,-1,0,-3,0,0,2,4,3,2,7,4,5,7,1,2,5,5,5,1,3,1,0,1,0,0,2,0,2,0,0,0,2,0,0,2,4,2,3,1,4,1,5,4,1,0,1,1,2,1,5,-1,0,2,1,3,1,-2,1,0,-2,-2,-2,-1,0,4,0,4,2,6,8,7,5,5,8,4,8,8,7,0,1,1,2,2,4,4,1,0,0,1,3,2,2,1,5,1,4,5,4,2,3,5,3,3,2,0,2,1,2,-2,4,-1,-3,-2,-1,-2,-1,0,1,-1,3,-3,-5,-4,0,3,3,2,1,6,7,11,17,4,10,7,7,1,2,2,6,0,3,3,1,0,1,1,0,3,6,5,4,5,2,6,10,1,3,1,3,2,-3,4,10,1,1,1,6,-3,-3,-2,-3,4,-1,5,7
2580,41,1,09,15,10,13,8,7,12,16,17,10,7,9,3,9,3,6,6,7,4,5,1,8,10,10,6,2,4,5,6,4,5,0,0,0,0,0,0,1,1,0,0,3,-6,-4,-2,0,1,-7,-1,-3,4,2,2,-2,1,-4,0,-1,-1,0,0,9,8,15,12,12,12,12,12,8,10,5,4,5,6,7,4,4,6,5,4,7,6,7,1,5,5,6,2,6,5,0,0,4,1,1,0,0,3,1,0,-3,-4,3,4,2,-2,-2,-2,5,2,-1,-2,4,-1,-1,0,0,1,0,1,12,8,13,11,14,9,10,7,6,11,7,6,7,7,8,5,2,5,4,6,4,5,3,4,7,4,5,4,2,3,0,0,1,0,0,1,0,0,0,1,3,-2,6,5,3,3,1,4,3,1,1,-3,1,2,3,-1,0,1,0,-1,10,6,8,8,11,15,14,10,3,2,2,4,7,4,6,3,6,5,6,3,5,8,7,4,0,0,0,1,0,2,1,3,-1,-9,-6,-2,-3,-3,-4,1,2,-4,-1,-1,0,-2,-1,-2
2580,41,1,11,2,4,7,6,6,4,7,6,4,7,1,0,1,2,3,0,2,2,2,1,1,0,1,1,2,3,5,4,2,3,1,2,4,2,2,0,2,1,1,2,-2,-3,1,2,-1,0,0,0,1,1,-3,-3,-2,0,-2,1,0,3,1,0,4,7,5,6,8,3,8,6,4,9,0,2,1,1,3,0,2,2,1,1,2,0,1,0,0,0,5,4,0,5,4,3,2,4,4,1,3,1,4,4,1,-1,-1,2,-1,-2,2,0,1,3,0,-3,-2,1,-4,3,0,1,0,0,8,7,2,16,6,3,8,7,10,5,3,2,2,0,2,1,1,0,3,1,0,3,0,0,0,2,4,5,5,2,4,4,0,13,3,1,1,2,5,3,5,-1,-5,6,1,3,-1,2,0,2,-1,-3,-5,-2,-1,3,3,-2,8,0,12,9,11,12,6,3,14,9,4,4,3,2,5,1,6,3,3,0,1,2,2,2,6,5,3,4,2,7,1,1,7,2,6,6,-3,3,1,4,2,0,3,-1,0,-2,2,3,-5,5
2580,41,2,09,11,10,18,11,9,6,12,5,10,8,5,4,6,4,7,5,4,10,5,2,4,5,3,6,3,2,5,2,4,5,1,2,2,2,0,0,2,0,0,0,5,-2,13,1,1,1,-1,3,-2,4,3,-1,8,1,-3,1,0,2,2,0,10,12,8,7,7,6,6,14,3,10,7,6,5,2,3,3,5,3,4,3,3,3,3,1,3,3,3,11,2,5,0,1,0,1,1,0,0,0,0,2,4,6,-6,4,-3,4,3,2,1,0,0,2,-8,2,-2,0,1,0,1,-1,11,7,3,6,5,5,5,5,3,8,2,3,2,2,3,7,4,1,3,2,1,3,3,1,6,4,2,2,2,2,2,0,0,1,0,0,0,0,0,0,6,2,-2,3,-3,1,0,-1,1,-3,3,2,-1,1,0,2,0,0,1,0,15,10,8,10,7,6,12,8,8,4,2,4,7,6,6,6,3,3,6,4,3,3,5,4,0,0,0,0,1,0,1,0,8,4,-4,2,5,1,-4,0,4,3,1,2,-1,0,-1,0
2580,41,2,11,3,3,9,5,2,0,5,2,3,5,0,0,1,3,0,0,2,1,0,0,0,0,0,1,2,0,4,1,2,3,3,1,7,2,2,0,1,1,0,0,3,-2,7,2,-3,0,0,1,2,-2,0,-2,0,-2,-3,3,0,6,2,2,3,6,3,6,3,4,5,6,4,5,1,0,1,1,0,0,0,2,0,1,1,0,0,2,1,3,2,5,2,1,2,6,0,5,2,0,3,1,0,3,-1,1,-3,2,-2,0,0,1,-1,-1,-3,-2,-3,-2,0,2,3,-1,5,-1,8,8,6,6,7,8,5,3,5,5,2,4,1,0,3,1,2,1,2,1,1,3,1,0,0,6,1,1,4,3,5,2,4,4,3,1,1,1,1,2,0,3,3,1,2,1,1,0,0,3,-5,1,0,-2,-2,4,1,3,3,1,7,10,10,6,2,6,7,6,5,3,1,2,0,4,5,2,0,0,1,0,2,6,4,4,2,3,4,2,0,0,2,2,5,4,3,0,5,3,0,2,-2,-2,1,-2,2,3,2,0
2580,42,1,09,15,14,9,3,8,15,11,10,11,8,9,9,4,2,3,5,4,4,1,5,7,4,5,7,5,7,7,3,3,2,1,1,1,0,0,1,0,2,1,1,0,3,-1,-8,0,2,5,-1,-5,-2,-2,-3,1,-2,3,0,1,-1,-1,-1,10,3,5,15,11,9,13,11,7,10,5,2,4,10,4,4,1,1,5,6,3,6,6,3,3,5,5,4,4,4,1,0,0,0,1,1,2,1,0,3,1,-10,-6,8,1,2,-4,-2,7,1,-1,-4,-3,1,2,0,-2,-1,0,-2,10,11,9,4,6,8,13,4,3,5,5,5,5,3,3,4,4,4,1,3,4,8,0,2,2,3,5,4,1,3,1,2,0,0,0,1,0,0,0,0,2,-2,5,1,1,1,-3,5,1,1,1,-1,0,0,0,0,2,0,0,0,12,8,5,8,12,9,8,6,5,4,2,4,6,3,3,3,7,4,1,1,5,5,6,4,1,1,0,1,0,0,1,1,0,-1,-3,2,-2,0,1,3,1,-2,-3,-1,1,1,-1,0
2580,42,1,11,3,4,2,5,3,3,7,3,3,1,1,2,1,0,1,0,0,0,2,0,0,2,0,0,0,2,4,1,1,0,2,2,1,3,2,1,1,2,2,1,0,-3,-1,2,2,1,0,1,0,1,-2,-4,-1,1,0,1,1,-1,1,1,6,5,4,4,3,3,2,3,3,4,1,2,1,1,0,0,0,0,0,1,0,1,2,1,0,3,1,0,2,1,5,3,3,3,2,0,0,1,0,3,3,3,1,1,-1,1,1,-1,0,0,-3,-1,0,-2,0,5,3,2,3,-1,6,9,6,4,7,3,5,10,2,10,1,3,3,0,1,2,0,1,2,2,0,3,3,0,2,0,1,5,2,6,3,6,2,2,4,3,1,2,0,2,3,4,-4,2,-3,1,0,0,0,-1,2,-1,-4,0,-4,0,5,0,2,2,7,4,5,5,3,10,9,12,0,2,1,0,2,2,2,0,0,2,2,0,3,6,6,6,5,0,2,5,0,2,1,6,4,-6,-4,-7,0,0,-1,0,-1,-4,-4,-6,5,-2,1,-1
2580,42,2,09,12,11,14,5,8,9,14,6,4,6,6,7,7,3,6,6,3,6,1,2,6,6,3,2,5,3,7,3,2,1,0,1,1,1,0,0,1,0,0,0,3,-3,8,1,2,0,1,4,1,1,3,-4,3,-1,1,0,0,1,1,0,4,9,8,4,6,11,10,10,4,8,2,4,4,1,1,2,5,3,3,4,2,5,6,1,2,8,5,4,3,5,0,0,1,0,1,1,0,0,0,1,-7,-1,-2,0,-2,0,-1,-2,0,-1,-6,0,-1,0,-1,-1,0,1,0,0,5,6,6,5,8,9,9,6,5,6,3,2,3,2,3,2,4,3,3,5,4,4,3,2,1,2,4,3,2,4,0,0,0,0,0,3,1,0,1,1,-4,-3,0,0,2,-1,-2,0,0,2,0,0,0,1,1,-3,-1,0,-1,-1,6,8,7,11,6,12,9,8,2,6,3,8,4,2,3,3,4,5,4,3,1,6,4,4,0,0,1,0,1,1,1,1,0,-4,-2,3,-2,1,-1,5,3,-4,-1,-1,-1,-1,0,-1
2580,42,2,11,4,6,8,5,5,6,4,4,7,4,0,1,3,1,1,2,0,2,0,1,2,1,0,0,1,4,1,4,5,2,2,5,3,4,3,0,2,0,2,1,-2,2,4,-2,1,-2,0,3,1,0,-2,-1,-2,-5,-1,2,3,3,2,2,5,5,5,5,7,2,1,3,2,4,0,2,1,0,1,0,2,1,1,1,1,0,0,1,0,0,1,2,1,0,5,1,3,4,5,1,0,1,0,4,3,4,2,3,3,-1,2,1,-1,1,0,1,-1,0,1,4,1,2,4,1,5,9,5,5,2,2,4,7,4,3,0,2,3,1,0,1,0,0,0,1,0,0,2,1,0,2,3,4,2,3,4,7,2,4,1,0,1,1,1,0,3,5,-2,1,-1,0,2,1,0,0,-1,-3,-4,-2,-2,4,6,1,3,1,5,9,7,9,1,8,10,8,2,2,1,3,1,4,1,4,0,0,1,0,0,6,3,5,2,3,5,2,1,2,6,3,4,1,-3,1,2,2,0,3,1,-2,-2,-1,1,1,-1,-1
2580,43,1,09,10,7,12,8,7,9,15,8,4,13,7,5,7,6,4,3,2,5,2,1,5,9,2,1,5,4,5,5,2,7,0,0,0,0,2,0,1,1,1,1,1,-8,4,4,-6,2,-4,5,5,-1,-1,-3,0,0,-6,0,-1,-1,-1,1,14,11,6,8,6,9,11,3,6,12,6,8,3,4,4,8,2,3,4,2,5,6,0,2,6,2,5,2,4,5,0,1,0,0,0,2,0,1,0,1,5,0,3,2,-6,1,2,3,2,-2,6,-3,1,0,-3,-2,1,-1,0,-1,11,7,10,7,5,12,6,10,8,12,4,2,7,7,4,6,5,2,0,1,6,3,2,5,4,5,3,8,3,7,1,0,1,0,0,1,0,0,0,1,-1,1,0,-1,-7,-2,-1,5,2,0,1,2,-6,-3,-6,0,0,1,0,-1,6,7,7,3,14,7,7,4,2,1,2,0,4,6,5,3,12,3,1,1,1,4,6,3,0,0,0,0,1,0,0,0,-8,0,0,-1,-10,-2,1,-1,3,2,-1,0,-1,0,0,0
2580,43,1,11,5,3,8,6,3,3,13,6,5,3,1,0,3,1,0,1,1,0,3,0,1,3,2,1,1,2,5,1,1,2,3,2,5,2,3,0,5,3,3,0,2,-10,2,1,0,0,-3,1,0,-1,-1,-4,-1,2,-2,3,-3,2,-1,3,6,2,4,5,5,5,4,6,4,4,1,0,0,2,1,2,1,0,2,3,1,2,2,2,0,0,2,3,2,2,3,1,4,1,1,4,0,1,0,2,1,-2,-2,1,1,0,-2,-2,0,1,2,-1,-3,0,1,-1,1,3,1,-1,4,5,10,7,5,5,9,12,5,4,1,2,1,4,2,0,0,3,1,0,1,2,5,2,1,3,4,3,2,3,3,3,6,2,3,1,3,4,1,0,-1,-4,-2,2,1,0,0,-4,2,1,-3,-4,0,-1,-3,2,0,2,1,3,8,7,10,10,4,7,9,8,1,0,3,1,4,4,3,7,0,1,3,2,2,6,3,2,3,3,4,2,2,0,3,4,4,0,1,2,1,-1,0,-1,2,-2,0,5,1,3,1,-2
2580,43,2,09,4,6,6,8,3,7,6,7,6,9,3,2,6,5,1,1,4,0,3,2,4,4,2,2,3,3,2,3,4,5,0,0,0,0,0,0,0,2,0,1,-3,0,-1,2,-6,-1,-2,4,3,-2,-2,2,-3,-1,-3,0,0,-2,0,-1,6,5,7,9,8,13,7,6,0,4,4,1,3,4,6,2,3,4,4,2,3,3,4,0,0,7,4,2,0,4,0,1,0,1,0,3,0,0,0,0,-7,-2,1,9,4,1,-2,-1,4,6,-5,-1,2,4,-2,-3,1,0,1,0,12,5,9,6,8,6,8,3,6,3,4,3,6,4,3,7,2,3,2,5,3,2,0,5,3,2,6,3,1,0,1,0,0,0,0,1,0,0,0,0,6,-3,6,0,5,1,1,6,-1,0,5,-4,0,1,5,0,0,0,0,0,8,11,7,6,7,7,4,7,2,8,5,6,5,2,2,0,4,1,2,5,2,5,2,2,1,1,0,0,1,1,0,0,1,4,3,-1,-2,7,3,1,3,-3,0,-2,0,0,0,0
2580,43,2,11,5,5,2,3,7,5,4,4,6,4,1,1,1,0,1,1,1,0,0,2,1,0,1,1,2,4,3,1,2,2,3,3,1,3,4,0,1,2,3,0,0,1,-2,-3,3,0,1,0,-1,-1,-3,-2,-1,-2,0,3,2,-1,0,4,3,5,9,4,7,5,1,4,1,4,2,1,2,0,2,1,2,2,2,2,1,0,3,1,0,2,1,0,0,2,0,2,5,2,3,2,0,1,0,2,-2,4,5,3,3,1,1,-1,-1,2,-1,1,2,2,0,-2,2,4,2,1,4,1,5,3,2,4,3,7,5,5,0,1,1,0,1,1,0,4,0,1,1,1,1,1,1,2,2,6,4,1,3,0,0,3,0,1,0,0,0,3,0,-2,-2,-2,-3,-1,0,0,-1,0,-1,-2,-2,-4,0,2,0,0,3,-3,1,5,4,9,4,5,7,6,1,0,1,2,0,2,2,2,2,1,1,0,2,4,3,6,0,3,1,5,0,0,3,0,-3,0,-3,3,-1,-1,0,2,-2,-2,-1,-4,0,3,-2,5
2580,44,1,09,11,11,11,11,15,5,15,7,12,8,6,9,5,5,7,4,2,6,6,6,5,7,4,5,5,0,7,1,6,3,1,0,0,0,2,0,1,2,1,0,6,-4,4,-1,7,1,2,1,0,2,4,-5,5,0,3,1,-1,-2,-1,2,10,9,9,11,11,9,10,11,8,6,8,1,6,4,5,2,7,3,6,5,2,5,6,2,3,7,4,5,6,2,0,1,0,1,1,0,1,0,0,1,1,-1,-2,3,5,6,-4,0,2,2,-5,3,-2,0,3,0,0,0,1,0,3,3,6,8,6,8,9,12,7,14,2,1,2,3,3,1,2,3,4,3,3,3,7,2,7,5,5,5,5,7,0,0,1,1,0,0,1,0,0,0,-5,-6,-6,1,-8,-1,-2,-5,1,-4,-4,-3,-2,-1,-4,0,-1,1,1,0,4,17,11,14,3,14,6,5,2,12,6,6,2,4,5,6,3,11,3,3,0,2,2,0,0,1,0,2,0,1,1,2,1,3,5,9,-1,1,3,3,2,2,3,6,0,0,-1,0
2580,44,1,11,2,3,5,6,3,2,6,4,7,1,0,1,2,1,0,1,0,3,0,1,0,1,0,1,0,2,3,2,3,1,1,2,0,5,2,0,2,2,3,0,0,-3,1,-1,2,0,0,2,0,0,-1,-3,1,-3,0,1,0,-2,2,2,2,2,6,2,4,3,0,6,4,4,0,0,1,0,1,0,0,0,1,1,0,0,1,1,0,1,0,2,2,0,2,2,5,1,2,2,0,3,1,4,-1,2,0,-2,0,0,0,0,-1,1,-1,0,-2,-1,1,0,2,2,0,-2,6,6,5,6,6,2,4,4,4,8,2,2,1,1,3,1,1,3,0,2,0,1,0,1,1,1,3,3,3,3,3,3,1,5,1,1,0,1,0,4,4,2,1,2,-2,2,1,1,0,2,0,-2,0,-3,-1,2,3,0,5,-3,6,5,6,6,5,8,7,7,3,2,1,1,1,1,3,2,0,1,2,2,3,5,2,3,2,2,2,3,2,2,3,2,1,-3,-1,-1,3,1,-1,-1,-2,-4,1,-1,0,0,-1,1
2580,44,2,09,6,2,5,8,1,6,4,9,9,8,4,1,4,2,1,2,1,1,5,0,1,1,5,2,4,4,1,2,7,4,0,0,0,1,0,1,2,2,0,0,0,-2,-4,-1,-7,3,0,-1,0,-3,-2,0,-1,-2,-4,-1,-2,-2,1,0,9,9,5,5,5,8,8,3,8,9,4,4,1,1,3,5,5,4,3,2,4,3,1,5,7,4,4,1,3,2,0,0,0,1,0,0,1,1,0,0,1,1,2,-3,-4,0,1,0,-4,-4,1,1,3,0,0,0,-1,-1,1,0,9,4,6,5,7,7,9,8,7,4,7,2,3,1,3,2,1,2,3,4,4,2,6,1,3,2,6,2,6,1,0,1,1,1,0,1,1,0,0,0,2,-5,-2,-2,3,3,0,-3,0,0,0,-5,0,-3,3,-1,0,1,1,0,6,7,7,15,5,6,5,4,4,7,5,5,1,0,2,9,3,4,1,2,1,2,2,2,1,0,0,1,1,0,2,0,1,1,2,11,1,3,4,3,0,-2,0,7,0,0,-2,1
2580,44,2,11,4,5,7,2,5,4,6,5,4,6,1,0,3,0,0,0,2,0,0,2,2,1,1,0,1,1,2,1,2,3,3,3,4,2,3,1,3,3,2,2,0,-1,2,-2,-1,-1,-1,2,0,-1,-1,0,-1,-2,-1,2,0,1,0,1,3,4,2,3,2,3,5,2,0,3,1,2,1,1,0,0,1,0,0,1,0,1,0,0,0,2,3,2,0,2,2,1,1,2,1,1,1,0,0,1,0,-1,0,3,-1,1,1,1,1,0,-2,-2,-2,0,-1,1,0,1,2,0,8,3,6,5,2,3,3,3,4,4,3,2,4,2,1,1,0,0,0,1,0,2,0,0,2,3,1,3,3,2,4,1,2,3,0,0,0,0,1,0,5,0,3,1,-2,3,0,4,2,-1,-2,-1,-3,-3,-1,4,1,2,2,0,6,2,7,14,4,1,5,5,0,1,0,2,1,1,3,2,0,0,0,1,4,1,2,1,5,0,4,10,0,0,3,3,2,1,2,9,0,1,0,1,-3,0,1,1,5,0,1,7
2580,45,1,09,8,15,11,4,11,14,6,9,5,9,4,10,5,3,8,4,5,5,1,3,11,2,2,1,6,3,4,5,4,3,0,0,1,0,0,0,0,2,0,0,-6,9,2,-1,2,-7,8,3,2,2,1,1,0,-3,0,0,0,-1,0,0,2,5,7,6,10,7,9,9,6,8,2,2,4,4,4,0,3,2,2,4,4,4,7,5,1,2,5,2,1,7,0,0,1,0,2,1,0,0,0,0,-5,-4,-2,0,2,-2,-2,-3,-1,3,-2,-2,0,1,-3,-1,0,1,0,2,8,3,10,13,11,2,7,5,11,3,5,3,3,6,5,3,0,5,7,6,2,5,3,3,1,0,2,0,7,2,0,0,2,0,0,0,0,2,1,0,6,-4,5,2,8,3,-2,0,3,4,3,-2,5,0,4,0,0,0,-1,0,7,10,7,2,5,3,11,6,4,5,3,1,2,5,4,0,4,0,5,2,1,2,5,2,1,0,0,1,0,1,1,2,2,7,-4,-4,0,5,-2,-1,1,3,-1,-2,1,-1,-1,-1
2580,45,1,11,0,3,0,6,1,1,1,2,1,4,0,0,0,1,0,0,0,0,2,0,0,0,1,0,1,0,1,0,1,2,0,3,0,3,1,1,0,1,0,1,-1,2,-2,5,-3,0,0,-1,1,-1,0,-1,0,1,-2,-1,3,-1,3,0,2,5,4,5,6,2,2,3,1,4,1,3,2,1,0,0,0,0,2,3,0,0,0,0,1,2,2,2,1,1,1,2,2,2,3,0,0,1,0,2,0,3,1,4,2,1,3,2,1,-1,-2,-2,-2,1,2,1,2,1,2,1,10,4,11,4,5,7,2,4,4,3,2,1,4,0,2,2,2,1,3,0,2,1,2,1,1,3,1,1,2,0,6,1,6,1,3,2,0,1,1,2,3,2,7,0,2,0,0,2,-1,1,-1,1,0,1,0,4,1,5,0,1,12,5,6,5,10,6,6,10,2,0,0,0,4,2,4,0,2,2,0,1,8,4,5,4,6,3,2,5,0,0,1,5,2,-1,0,-5,0,-2,0,-1,-4,-2,-1,-4,6,3,1,0
2580,45,2,09,11,4,4,7,9,3,6,7,3,10,9,3,0,4,7,2,1,4,3,2,2,4,3,1,3,0,2,2,2,6,0,0,0,0,0,1,0,2,0,1,8,-2,-3,4,-1,7,-1,-3,3,4,2,-1,2,1,-4,-1,0,-2,0,-1,10,9,10,7,9,6,9,10,8,9,8,5,8,4,6,1,4,0,1,2,3,5,7,4,4,3,4,3,4,5,1,0,2,2,1,0,0,0,0,0,4,0,0,-1,0,5,0,1,0,2,-2,0,-3,-3,-3,1,0,2,2,1,10,7,11,9,6,3,5,10,6,4,6,3,4,2,3,3,4,7,6,3,2,5,6,3,1,1,0,4,3,1,1,0,0,1,0,0,0,0,0,2,7,2,1,3,2,4,-2,-2,-1,2,2,4,3,3,2,1,0,0,1,-2,1,4,6,7,6,9,7,6,1,1,3,5,0,2,3,1,5,3,5,3,1,6,2,3,0,1,0,1,0,0,0,0,-5,-5,-1,1,-4,-2,-2,2,-1,-4,1,-2,0,1,0,1
2580,45,2,11,6,4,3,4,4,4,3,1,4,1,1,0,0,1,2,1,1,0,1,0,0,0,0,0,0,4,2,1,1,1,4,3,3,2,2,0,1,0,3,0,2,1,2,0,3,1,0,0,1,2,-3,-1,-1,0,-1,4,2,3,-1,2,2,4,4,0,1,2,3,2,2,1,0,1,1,0,0,0,0,1,0,0,1,0,1,2,0,0,1,1,0,1,2,3,2,0,1,1,2,0,0,0,0,1,2,-2,0,-1,1,0,-2,0,0,-1,0,0,-1,1,1,2,0,1,1,4,6,7,7,3,3,5,3,5,0,2,1,1,0,0,0,3,1,0,0,0,1,1,1,3,2,3,2,2,1,2,2,5,7,0,1,1,0,2,-2,1,1,4,2,0,2,0,0,-1,-3,-2,0,-1,-2,1,1,1,5,5,3,4,7,6,4,3,5,6,2,0,2,2,0,2,1,1,1,0,2,1,1,2,3,4,1,2,4,3,2,1,0,1,-1,1,2,0,1,0,0,1,-1,0,-2,-3,-1,1,4,2
2580,46,1,09,7,10,6,5,5,4,14,12,8,8,3,6,6,4,4,4,3,0,1,1,3,6,3,4,3,1,7,7,4,5,0,1,0,0,0,0,1,2,0,0,3,-4,-6,-3,-3,0,0,3,0,1,3,-4,-7,-3,-4,0,0,-2,0,0,10,10,12,6,4,15,12,10,7,5,7,4,7,4,3,3,6,5,2,1,8,3,7,4,3,7,9,3,3,2,0,0,0,0,0,0,0,0,0,0,-5,-2,2,-1,-1,-1,1,0,0,0,-4,-3,2,-1,-1,0,0,0,0,0,6,9,4,8,6,1,7,5,8,11,3,5,1,7,3,2,4,3,1,3,1,3,2,7,3,0,3,3,1,8,1,0,0,0,0,0,1,0,0,0,5,2,-1,0,-5,2,2,-1,0,0,2,1,0,0,-5,1,-1,0,0,0,4,4,6,9,12,5,7,5,1,1,3,7,2,3,2,1,6,2,4,4,3,1,3,1,1,0,1,1,3,2,0,0,-8,-1,-1,4,-5,-1,-1,3,-1,2,-1,0,-2,-2,1,1
2580,46,1,11,6,3,5,1,2,7,1,4,3,3,2,2,1,0,0,2,0,2,1,0,2,0,1,1,2,4,1,1,1,0,2,1,2,0,2,1,0,2,1,1,-1,2,1,-2,-1,0,2,0,-1,-2,-2,-1,1,0,0,1,1,0,-1,1,5,2,5,3,4,3,5,4,5,3,2,0,0,2,1,1,0,2,0,1,0,0,0,0,1,1,3,2,2,1,2,2,3,1,2,2,2,2,3,1,2,-3,1,-2,1,2,0,0,2,0,0,-3,0,-2,0,0,0,1,-2,1,7,9,5,3,3,3,7,6,5,1,3,3,2,0,0,3,0,0,1,0,0,0,2,0,0,2,4,2,2,0,1,6,3,2,3,1,3,2,3,1,4,2,-1,-2,2,3,3,0,0,0,1,-4,-2,-1,0,0,3,1,-1,2,2,8,9,10,4,4,6,8,1,5,3,1,0,1,4,3,1,2,0,1,3,2,2,2,1,2,2,6,0,0,4,5,-2,4,3,2,0,3,3,0,-3,-1,2,1,1,2,-2,1
2580,46,2,09,9,5,8,9,9,5,7,5,7,5,7,4,6,4,6,2,1,2,4,2,4,6,2,3,3,1,1,2,4,2,0,0,0,1,1,0,0,1,0,0,4,-2,3,2,4,3,-2,4,1,3,1,0,0,0,0,0,0,-1,1,1,9,10,4,8,6,9,8,7,6,6,6,4,3,5,3,2,5,1,3,3,5,5,3,2,3,4,3,3,4,3,1,1,0,0,0,0,0,1,0,0,0,2,-3,2,0,1,-1,0,3,0,-2,2,-2,-1,0,1,1,-1,0,0,7,3,5,12,10,3,7,7,5,8,7,2,3,7,7,0,1,2,4,3,2,3,4,2,1,0,4,3,3,7,0,0,0,1,0,1,0,0,0,0,4,-4,-2,7,2,5,-1,-1,5,6,0,-3,-1,1,-4,-1,0,0,1,0,3,2,3,3,5,4,3,3,3,1,2,2,0,1,1,1,4,2,3,1,1,1,0,1,0,0,0,0,0,1,0,1,-2,-2,0,0,-1,-1,-1,1,-1,0,1,0,0,-1,0,-1
2580,46,2,11,8,3,4,2,3,1,3,1,1,2,5,1,0,1,2,2,1,0,0,0,0,0,0,0,0,1,3,1,1,1,1,1,4,1,1,0,0,0,0,1,7,0,3,1,1,5,1,0,1,2,1,-2,-1,-1,-1,1,1,4,1,0,4,6,2,4,3,2,1,4,2,1,0,1,0,0,1,0,0,1,2,0,0,0,0,1,0,1,1,2,1,0,4,5,1,2,2,1,0,2,0,1,2,5,-2,2,2,0,1,0,-1,1,-1,-1,-1,1,0,3,5,-1,2,1,7,9,3,8,1,2,4,5,4,5,2,4,0,2,0,2,1,2,1,0,0,1,1,1,1,2,3,3,2,2,3,4,1,5,1,0,0,1,1,2,5,5,-2,4,-4,2,3,-1,1,-1,0,-2,-1,-1,-2,3,4,0,4,-1,6,4,8,2,9,3,5,2,2,1,2,0,4,1,2,0,3,2,2,1,6,1,3,1,0,2,4,2,0,0,0,0,-3,1,3,0,-1,-1,0,-1,-2,0,-1,-1,0,2,4,2
2580,47,1,09,2,6,5,6,8,8,5,7,9,11,1,4,4,4,3,1,2,1,1,4,5,1,5,3,4,2,4,2,6,7,0,0,0,1,1,1,0,0,0,0,-6,1,-2,-3,-3,-4,3,-1,1,-1,-1,-2,-1,-5,-3,-1,0,0,1,1,2,6,8,7,9,6,13,8,7,5,2,2,3,6,5,0,4,5,1,3,4,9,6,5,1,2,4,1,2,4,0,0,0,0,1,0,0,1,0,0,-4,-7,0,0,4,-2,-7,-3,1,4,-2,0,4,-1,-1,0,0,-1,0,1,7,12,9,4,6,6,8,5,6,7,6,5,6,2,4,0,6,3,2,2,2,3,1,1,3,3,4,4,3,3,1,1,0,0,0,1,1,0,2,1,1,4,4,-2,-1,4,2,5,1,1,-3,2,-1,-1,-1,0,0,0,-2,-1,11,9,11,8,9,7,6,2,6,5,8,3,4,2,3,4,6,2,2,2,3,5,4,0,1,2,0,1,0,0,0,0,2,2,5,6,0,3,6,1,1,-3,-1,4,1,2,0,1
2580,47,1,11,3,4,1,2,2,3,7,3,3,2,1,2,0,0,0,1,1,1,0,0,0,0,1,0,0,2,2,0,2,1,1,1,0,2,2,1,5,2,1,1,0,-3,-2,-1,0,1,2,-1,0,0,-1,-1,1,-2,-1,0,-4,-2,1,1,3,6,2,3,3,4,5,3,3,2,0,1,0,1,0,2,0,1,1,0,1,2,1,1,0,2,2,2,2,1,1,5,1,1,3,1,1,0,0,1,-1,1,-1,0,1,-1,-1,-1,0,0,0,-2,-1,-1,-1,0,4,1,1,2,6,3,5,4,1,2,1,3,5,4,2,2,3,0,0,1,0,1,2,1,0,1,3,0,0,2,0,0,4,2,3,1,1,2,0,0,0,0,1,2,4,2,2,-1,-3,2,1,0,0,0,-1,0,1,-2,-1,3,1,1,1,-2,4,9,5,8,4,7,5,11,1,2,0,1,1,4,3,2,1,0,0,1,3,5,4,6,2,3,2,5,0,2,1,4,0,2,0,-3,0,2,0,0,-2,-1,-1,-4,2,1,1,1
2580,47,2,09,5,6,10,7,7,4,5,4,11,3,2,3,8,5,1,3,3,2,2,6,2,4,0,6,2,2,1,4,4,0,0,0,0,0,0,0,0,0,1,1,1,1,6,-4,4,0,-1,8,-1,-1,1,2,-2,-2,6,0,0,0,-1,-1,7,7,8,13,7,8,9,5,6,7,5,4,5,7,6,2,3,3,5,1,4,5,0,1,4,4,4,5,5,3,0,0,0,1,0,0,0,0,0,0,-1,-2,3,7,0,1,-1,5,6,2,-2,-1,-2,0,-2,0,0,0,1,0,8,4,6,5,8,8,2,6,3,7,6,3,5,2,5,1,0,1,2,2,6,2,3,1,4,2,0,3,2,2,1,1,0,1,1,0,0,0,0,1,0,2,0,2,1,0,1,2,1,1,-1,0,-2,0,0,1,1,0,1,0,8,4,6,3,8,4,4,2,4,3,4,1,4,1,2,1,7,1,0,0,0,2,4,1,0,0,0,1,1,1,0,1,0,0,2,1,-3,2,4,1,4,-1,-2,0,-1,-1,0,0
2580,47,2,11,2,3,1,3,3,5,6,2,2,6,0,2,0,0,1,0,1,0,1,1,0,1,1,0,1,5,3,0,2,5,2,0,1,2,1,0,2,1,0,0,-3,-3,-1,1,-3,0,1,-1,0,0,-5,-2,0,-1,-4,2,-2,0,2,1,4,4,2,1,4,6,1,3,3,6,2,0,0,1,0,2,1,0,0,2,3,0,2,0,2,3,1,1,1,3,0,3,2,0,2,0,0,0,2,1,-2,3,-1,-2,-2,-1,0,-2,1,-2,-1,0,-1,-1,-1,0,3,2,-2,1,5,4,8,4,5,1,1,5,2,3,0,0,1,2,2,1,1,3,0,1,0,0,0,1,0,1,1,3,1,2,4,3,4,2,2,0,0,2,0,1,4,3,3,2,2,0,0,1,1,2,0,0,0,-1,-1,4,3,2,2,1,5,8,5,12,4,4,3,6,0,0,2,2,4,6,0,4,1,0,1,1,3,3,1,2,1,2,3,6,0,1,1,3,1,4,2,6,-1,0,1,1,1,3,-1,2,1,1,2,3
2580,48,1,09,11,4,7,8,10,9,7,0,10,11,10,3,3,5,7,1,1,4,3,2,6,6,0,4,8,2,1,0,6,3,0,0,0,0,1,1,0,0,0,0,2,-3,7,-2,-1,4,-3,3,1,-1,-1,0,4,-3,-1,-1,0,0,0,1,10,9,6,6,11,10,3,4,10,6,7,5,5,4,7,3,3,1,1,4,5,2,1,4,3,5,1,3,6,3,0,1,0,1,0,0,0,0,0,0,0,6,2,-4,5,2,3,4,0,4,-2,2,-2,-5,1,0,1,0,1,0,6,3,2,6,5,5,5,9,12,4,4,1,1,2,2,2,2,1,4,2,2,2,5,3,2,3,3,4,9,2,0,0,0,0,1,0,0,0,0,0,1,-2,-7,-6,1,2,-1,-4,-1,0,-1,-1,-3,-5,0,0,0,0,0,1,6,10,13,8,3,7,7,11,2,3,9,5,3,7,4,2,1,3,1,6,1,4,4,4,1,0,0,1,1,0,2,1,3,3,6,-3,1,0,8,-1,2,3,0,-2,0,0,-2,0
2580,48,1,11,0,0,1,5,3,5,4,5,3,4,0,0,0,0,1,0,0,1,1,1,1,0,3,0,0,2,3,1,3,1,0,0,0,4,1,2,1,1,0,3,-5,-4,-4,2,-1,-1,0,-3,0,1,-2,-3,0,-2,0,-2,-1,-1,4,-2,5,2,3,4,1,3,3,2,6,6,3,1,1,2,0,1,0,2,0,0,1,1,1,1,1,1,1,1,4,3,1,1,0,2,1,1,1,0,1,2,2,-1,1,-2,-5,2,0,0,1,-1,0,-1,1,-4,-3,0,0,0,1,-1,1,3,6,4,3,1,1,3,3,2,0,1,1,2,1,0,1,1,0,0,0,0,1,1,1,1,1,2,1,0,1,1,4,2,2,0,0,0,1,1,0,2,3,1,1,0,1,0,1,0,-1,0,-1,-1,0,1,1,4,1,1,5,4,6,7,1,2,7,13,1,2,2,1,1,1,3,2,0,0,0,3,1,2,1,4,3,1,1,4,0,0,6,6,4,2,-1,-6,1,2,2,-2,0,-1,2,-2,3,1,-5,-2
2580,48,2,09,10,10,7,7,6,8,10,12,8,6,8,5,7,4,4,2,5,0,3,1,4,5,5,5,1,4,4,6,3,4,0,0,0,0,1,0,1,1,0,1,2,0,-5,-1,0,4,0,2,-1,3,-2,1,-6,0,-3,0,-1,-1,0,0,9,11,8,4,6,9,12,5,11,11,5,9,4,4,3,3,2,3,0,3,4,9,2,5,3,4,3,2,6,8,1,0,1,0,0,1,0,1,0,0,0,-1,3,-7,-5,1,0,2,-1,0,-1,-1,1,-6,-5,0,0,0,0,0,8,5,5,13,3,7,6,11,9,9,4,3,3,10,2,3,1,2,3,1,5,2,6,5,5,2,2,5,4,2,1,1,0,0,0,0,2,0,0,2,1,-1,-6,4,-6,-1,1,-3,5,-3,1,-1,-3,-1,-1,1,-1,0,0,-2,2,7,11,10,5,3,4,5,0,4,6,3,2,3,3,5,3,1,2,3,2,2,2,2,0,0,2,2,0,0,0,0,-3,4,7,5,-3,3,4,0,0,1,1,3,0,0,2,2
2580,48,2,11,5,3,3,4,6,4,3,2,3,3,1,2,1,3,2,2,0,0,1,1,1,1,0,1,0,3,1,2,2,1,2,1,2,0,3,0,1,0,0,2,1,0,1,1,3,0,1,1,2,2,-1,-1,-2,-1,0,2,0,2,0,1,4,5,2,7,4,4,0,2,0,3,0,2,0,2,1,1,2,1,1,2,0,0,1,0,1,4,0,1,0,1,3,1,1,4,1,0,0,0,0,1,0,5,0,7,1,0,2,-1,2,0,-3,2,0,1,1,3,1,1,4,0,4,2,5,5,6,3,5,4,3,2,0,1,0,1,2,3,0,3,1,3,0,0,1,1,1,3,5,3,1,1,1,1,2,3,1,0,0,0,1,0,1,-3,1,2,4,0,1,-1,0,1,0,-5,0,0,2,1,1,2,2,1,1,2,3,8,8,2,5,1,0,0,2,1,1,0,1,1,2,0,0,1,5,2,3,0,0,2,0,6,1,0,2,0,-7,0,-2,7,-2,0,2,0,-4,-2,-2,1,-1,2,-2,6
2580,49,1,09,8,4,11,8,9,5,8,7,10,7,3,3,7,6,7,5,1,4,2,2,4,4,1,7,5,1,4,4,3,1,0,0,0,0,0,0,0,2,0,1,3,-4,4,-2,2,-1,-1,6,-1,2,4,-3,0,-1,1,0,0,-2,0,-1,6,10,7,9,5,6,6,5,7,12,5,8,6,6,2,0,2,0,3,3,3,3,2,5,3,3,3,3,2,9,1,0,1,0,0,0,0,0,0,0,0,4,2,2,-7,2,5,4,1,-1,-3,-1,-3,1,-6,1,0,1,0,0,8,4,7,14,4,7,6,4,9,5,6,3,5,6,4,2,1,2,8,0,4,2,2,4,3,3,4,2,5,2,0,0,0,0,0,0,0,0,0,0,1,-2,3,5,-1,2,1,3,2,1,-1,-3,0,3,-2,0,0,0,0,0,4,5,7,13,5,5,7,8,0,2,3,8,2,3,3,4,1,1,5,5,4,3,2,2,2,0,1,1,0,1,0,1,-1,0,0,5,-1,1,-2,3,-2,0,1,2,2,-1,1,0
2580,49,1,11,2,3,2,3,2,2,4,2,1,3,1,2,2,0,0,1,0,0,1,2,1,0,0,0,0,0,2,2,1,3,0,1,0,2,0,1,2,0,0,0,0,-1,0,2,-1,0,2,2,0,0,1,-2,-2,0,-1,-1,-1,0,2,0,4,3,4,6,3,3,2,2,2,3,1,1,1,0,1,1,0,0,3,1,1,0,0,0,1,1,0,0,2,2,2,2,3,3,1,1,2,2,0,0,1,1,2,4,0,0,1,1,0,0,0,0,0,1,-1,1,0,1,3,1,3,1,3,7,5,3,4,2,2,5,2,0,1,1,3,1,1,0,0,1,0,2,0,1,2,1,2,2,1,1,0,0,2,6,1,2,0,0,0,2,0,-3,1,5,0,2,-2,1,0,1,0,-1,-2,-1,0,-2,0,2,6,-1,3,5,2,4,1,7,7,6,0,1,1,2,2,1,0,1,0,2,3,0,0,4,3,5,1,3,1,1,1,1,1,1,2,-2,-5,-2,0,-1,-2,2,2,-3,-3,-4,0,2,0,0
2580,49,2,09,7,11,9,5,7,6,11,12,12,9,5,6,3,3,4,2,5,5,2,1,4,4,8,10,3,2,6,4,2,6,0,0,1,0,2,0,1,0,0,0,1,0,-3,-7,-2,1,2,-5,-7,1,0,-1,1,0,-5,0,-1,1,0,2,9,9,12,10,13,8,6,3,8,8,5,6,8,7,8,3,3,4,2,5,5,3,2,5,3,3,3,1,2,4,1,0,0,1,0,0,0,0,1,1,1,3,9,2,5,0,3,6,2,5,0,0,3,0,1,1,0,0,0,-1,12,7,7,9,7,5,9,8,4,8,7,6,5,7,4,5,1,2,1,3,3,6,7,1,2,2,3,1,3,5,0,0,0,1,0,0,0,0,0,1,7,-2,-1,5,-1,4,0,-2,6,2,3,-2,1,-2,-2,0,0,0,1,-1,6,7,10,8,4,5,7,8,4,5,4,6,2,1,6,2,3,0,2,5,1,5,5,3,0,1,0,0,0,0,0,0,2,2,3,0,1,5,2,1,1,-4,1,-1,0,1,0,0
2580,49,2,11,4,5,3,4,2,3,1,0,4,3,1,3,1,2,1,0,0,0,0,1,1,1,0,1,3,2,0,0,2,0,3,2,2,2,0,0,0,0,1,0,1,4,3,0,-1,0,2,1,1,-2,-2,0,0,-2,1,3,2,2,1,0,6,6,2,3,1,5,0,1,2,3,2,4,2,1,0,1,0,0,0,1,1,0,1,0,1,3,0,0,2,1,3,2,0,2,0,1,0,0,0,1,1,6,1,1,-2,1,4,1,1,-1,-2,0,0,-2,0,2,2,0,2,-1,2,4,4,3,3,0,2,0,5,7,0,1,0,2,1,0,0,3,0,1,0,1,0,1,0,0,1,0,2,6,2,3,1,1,1,0,0,0,2,1,2,2,4,-2,-4,0,0,0,1,1,0,-1,3,-2,-5,2,3,1,-1,0,2,4,1,6,5,0,3,2,1,0,0,1,1,2,1,0,2,0,1,0,3,0,1,1,0,2,0,5,0,0,1,1,-3,4,-2,4,-1,0,-1,1,-2,2,0,-1,0,2,-1,4
2580,50,1,09,5,5,7,3,8,8,15,7,6,7,3,4,4,3,4,2,1,3,0,4,3,6,2,1,3,5,9,3,4,4,0,0,0,0,0,0,0,2,1,0,-3,-10,0,-3,1,0,-2,2,2,1,-3,-8,0,-4,0,0,0,-2,-1,0,4,7,3,10,9,9,10,10,4,5,2,5,3,9,7,1,2,0,1,2,6,6,9,1,4,3,4,1,3,1,1,0,0,0,0,0,0,0,0,0,-5,-3,-7,6,4,-4,-1,-6,8,3,-2,-2,-1,-2,1,1,0,0,0,0,7,7,12,4,2,4,4,7,5,7,2,3,3,2,1,5,3,9,1,1,1,2,2,1,2,3,2,4,4,5,0,1,0,1,0,0,0,1,0,0,3,3,5,-1,-5,1,1,1,1,-1,2,1,5,-3,-4,0,1,-1,1,0,3,5,6,5,10,5,5,7,2,3,1,3,1,2,4,2,7,2,2,2,2,3,3,4,0,0,1,0,1,0,0,1,-7,0,1,-2,-5,1,-1,1,-1,-1,1,-2,-1,0,1,-1
2580,50,1,11,4,4,4,3,3,1,0,5,2,1,0,2,0,0,1,2,0,1,0,1,0,0,1,0,1,1,0,2,0,0,2,2,3,3,1,0,0,2,2,0,3,4,-1,1,2,0,2,-1,0,0,1,0,-1,0,1,2,2,1,1,1,0,2,2,1,2,1,5,1,3,3,0,1,0,0,1,0,0,1,1,1,0,0,0,2,0,0,5,1,1,1,0,1,1,0,0,1,0,0,0,2,-1,-3,1,-2,-1,0,1,0,-2,1,0,-5,0,0,0,-1,1,1,0,-2,6,4,0,3,1,3,2,3,8,1,2,0,0,1,0,1,1,0,2,0,0,0,0,3,0,2,0,2,4,1,3,3,0,0,1,1,2,1,1,0,3,2,-3,-5,0,2,0,0,-2,0,-1,1,-2,-2,-1,2,1,-1,-1,1,4,2,2,3,7,2,3,5,2,0,0,1,0,0,1,1,3,0,1,0,4,1,0,1,2,2,1,1,0,1,2,4,-3,0,-1,-2,-1,0,-1,1,-4,-1,1,0,2,1,-1,-3
2580,50,2,09,9,5,8,9,4,7,3,8,8,8,6,4,5,8,3,3,1,3,1,1,4,1,5,5,5,3,2,3,3,2,0,0,0,0,0,0,0,0,0,1,2,2,0,1,-4,2,3,0,3,-2,0,-1,0,-2,-1,0,0,0,0,-1,7,6,9,10,6,7,3,8,2,9,4,5,3,8,4,3,1,6,2,1,4,2,4,0,6,3,1,4,2,3,0,0,0,0,1,0,0,0,0,0,0,3,1,8,-3,0,3,-1,8,-2,0,0,2,0,-2,0,0,0,0,1,4,10,12,9,6,8,2,12,6,8,1,7,8,7,1,3,3,4,2,5,4,0,6,3,3,3,2,5,3,4,0,0,0,0,0,1,0,1,0,1,-4,8,0,3,-2,-3,7,2,4,-2,0,1,-1,-1,1,-1,0,-1,0,-1,9,6,7,11,10,6,5,4,8,2,5,7,1,4,2,4,6,3,3,1,4,3,2,3,0,0,0,0,0,0,0,0,-1,0,2,7,2,-1,2,6,-3,1,0,1,0,0,0,0
2580,50,2,11,2,1,0,3,4,0,0,2,4,1,0,0,0,2,1,1,1,0,0,0,0,0,0,3,0,0,0,0,1,1,1,0,0,1,3,0,0,2,0,0,2,1,-2,-1,3,0,0,0,-1,1,1,1,0,-1,-1,1,0,-2,1,3,3,6,2,5,2,1,3,3,4,2,0,2,0,4,0,1,2,1,0,0,1,0,2,2,1,0,3,1,2,1,2,2,1,1,2,0,0,0,0,0,2,3,-1,1,0,-1,2,-2,2,-1,1,-1,0,-2,-1,2,2,1,1,2,5,7,5,6,4,3,4,5,4,3,0,4,1,1,0,2,0,1,2,2,1,0,2,1,0,1,3,2,3,1,3,3,3,3,2,1,1,1,0,2,2,3,0,2,1,-1,4,-1,0,0,1,-3,-1,-1,1,2,2,2,3,0,3,6,2,6,7,4,3,1,2,2,0,1,0,1,0,1,4,0,1,0,2,3,1,1,1,3,2,4,1,1,1,0,-4,2,-1,5,-2,2,-1,1,-2,-2,-1,0,0,2,1,4
2580,51,1,09,8,10,6,3,4,9,3,7,4,15,6,3,3,2,2,2,7,3,0,2,6,2,4,2,7,3,1,3,2,5,0,0,0,1,0,0,0,0,0,3,-1,7,-1,-1,-11,0,1,-1,0,-5,-1,6,0,-2,-3,0,0,0,1,-3,5,6,10,8,9,5,4,9,11,5,4,3,6,4,6,1,3,4,4,3,3,2,6,6,3,2,2,2,5,2,0,0,0,0,0,0,0,1,0,0,0,2,1,-3,4,1,1,0,-2,3,-1,1,2,-1,1,0,0,-1,0,0,10,5,13,6,3,9,5,9,6,6,7,2,10,4,0,3,2,3,2,3,3,3,3,3,1,6,2,6,3,4,0,1,0,0,0,0,0,0,0,1,1,0,4,0,-3,4,-1,7,1,-1,-3,0,-3,-1,-1,0,1,0,0,-1,7,6,6,10,9,7,3,10,2,2,2,6,5,4,4,3,6,5,2,4,2,2,1,5,0,0,0,1,1,0,0,1,-2,-1,3,0,-4,-3,0,2,3,2,3,-2,-1,0,0,0
2580,51,1,11,2,4,4,6,1,0,2,1,4,2,0,1,1,0,1,1,0,2,3,0,0,0,0,1,1,0,2,1,1,1,1,3,1,3,0,0,0,0,2,0,2,2,3,2,-1,0,1,1,-1,0,1,-2,1,2,-1,1,3,1,1,0,1,2,0,3,4,1,4,2,3,2,0,0,0,1,1,1,0,0,0,1,0,0,0,1,0,1,3,1,0,1,0,2,0,2,2,0,1,1,2,1,0,-2,-2,0,2,0,0,0,0,1,0,-3,-1,0,0,0,1,-1,0,1,3,8,4,2,3,1,3,5,3,1,0,1,2,0,0,0,2,1,2,0,0,0,0,2,0,1,2,3,1,1,3,5,1,0,3,0,1,2,0,0,2,5,-1,-1,2,0,1,2,-2,0,-1,0,-2,1,-1,3,4,-1,0,3,3,3,6,3,3,1,8,4,0,1,1,2,0,1,2,0,1,0,2,0,1,1,4,2,3,1,3,1,1,0,2,2,0,2,-2,-1,-1,1,-1,2,-1,0,-2,-2,2,1,1,-1
2580,51,2,09,4,5,5,8,5,6,11,8,4,6,3,3,4,4,4,1,2,1,4,1,1,4,4,2,1,5,7,3,2,5,0,0,0,0,0,0,0,1,0,0,-2,-6,-3,4,-1,2,-1,0,2,3,-4,-5,-2,2,-4,0,0,-1,0,0,6,6,6,7,7,1,7,9,7,6,6,2,2,3,4,0,4,4,4,3,1,2,4,5,5,0,3,3,2,1,0,0,0,0,0,0,2,2,0,0,5,-1,-3,0,1,5,0,-2,-2,-1,0,1,1,2,2,0,-2,-2,0,0,5,7,5,6,9,4,5,5,11,5,3,5,2,3,5,2,2,3,3,4,1,4,3,6,4,3,1,2,5,1,0,0,0,0,0,0,0,0,0,0,1,2,0,-5,4,2,1,-1,-3,1,-1,1,1,-2,3,0,0,0,0,0,1,8,5,10,8,3,5,4,0,6,2,2,1,2,3,5,5,1,1,1,3,2,3,3,0,0,0,3,0,0,1,0,-7,5,0,6,-5,5,1,1,-2,0,0,2,0,0,-1,3
2580,51,2,11,2,3,2,2,3,3,0,1,7,3,0,2,1,0,1,0,0,1,2,1,0,0,0,2,1,2,0,1,4,1,2,1,0,0,1,1,0,0,1,1,-1,3,1,-5,0,0,2,1,-2,0,-2,0,0,-2,0,1,1,0,-1,0,3,1,2,2,3,1,2,6,3,4,1,1,2,2,1,0,0,0,0,1,1,0,1,1,1,0,2,3,1,1,2,0,0,0,1,0,0,2,1,2,2,-1,-4,-1,-1,0,1,1,1,0,0,-2,-3,-1,0,2,0,-2,-1,-1,2,6,5,2,1,2,2,0,1,4,1,2,1,1,0,1,2,3,1,0,1,0,0,0,0,0,2,0,0,3,0,2,1,0,1,1,0,0,1,1,0,4,5,1,-3,0,2,1,1,0,1,0,3,1,-3,-1,2,1,-1,0,1,2,4,5,6,3,7,1,1,1,1,1,0,1,0,2,1,2,3,1,4,1,2,0,0,0,3,2,1,0,2,0,-5,-1,-3,4,0,-1,-2,0,-4,0,-2,2,-1,0,1,2
2580,52,1,09,5,2,8,4,3,8,10,7,5,8,4,2,5,4,2,1,0,3,0,1,5,5,4,2,3,2,5,1,3,3,0,0,0,0,0,1,0,2,0,2,-3,-8,1,-1,-5,-1,-3,1,2,-1,-1,-5,2,-3,-2,-1,0,-2,0,-2,9,3,5,3,7,7,11,8,6,8,5,2,1,2,4,2,1,4,1,3,4,3,2,3,5,3,8,6,3,3,2,0,0,0,0,0,0,0,0,0,2,-8,-3,-3,-1,1,-1,-1,-1,-1,-1,-7,-2,-2,0,2,0,0,0,0,3,5,10,7,8,7,11,11,8,8,1,4,5,4,2,2,1,5,3,4,4,6,7,6,6,3,5,3,2,2,0,0,0,0,2,0,0,1,0,0,-4,-6,-1,-1,0,-3,-2,-2,-2,-4,-1,-4,2,1,2,0,0,-1,0,2,4,7,3,7,2,5,7,10,2,4,2,6,2,3,1,0,2,3,5,7,0,2,2,2,0,0,0,1,0,0,0,1,2,2,-4,-3,0,1,-3,-1,2,1,-1,-2,0,0,0,0
2580,52,1,11,1,1,1,0,2,1,2,1,1,1,0,0,0,0,0,0,0,0,0,0,0,0,0,0,0,0,1,0,1,1,1,1,1,0,2,1,1,1,0,0,0,-1,0,-1,1,0,0,0,0,0,0,-1,0,-1,-1,0,0,0,0,2,1,3,3,1,6,1,4,0,1,1,1,1,0,0,2,0,1,0,1,1,0,3,0,0,0,1,1,0,1,0,0,1,3,0,3,0,0,0,0,1,0,-1,3,0,5,1,-2,0,0,2,-1,0,0,0,1,0,1,3,0,2,6,2,3,2,3,6,3,1,0,4,2,0,0,0,0,2,1,2,0,2,2,1,0,0,2,3,1,1,0,1,2,1,1,2,1,1,1,0,0,1,0,-1,2,2,-1,0,-1,0,0,-2,-1,0,1,0,1,1,0,1,2,0,3,4,3,5,3,3,4,3,1,0,1,1,1,1,0,2,0,0,1,1,3,2,1,0,1,3,2,2,0,1,2,2,0,1,-1,2,1,0,0,0,-2,-1,-1,2,1,2,0,0
2580,52,2,09,7,8,2,6,4,4,9,6,4,6,4,5,1,5,2,3,3,1,1,2,2,5,4,2,1,2,4,2,1,5,0,0,0,0,0,0,0,0,1,0,3,-1,-4,2,-2,2,0,-3,3,1,1,-1,-1,0,-3,0,0,0,-1,0,8,7,5,3,4,5,6,7,6,8,2,3,1,2,3,5,3,2,1,1,3,4,4,3,3,2,2,3,3,5,1,1,2,0,0,0,0,0,0,0,3,1,-2,-3,-4,-1,-1,-3,-1,0,3,1,-1,-2,-4,1,1,2,0,0,6,13,7,7,13,4,8,10,13,14,4,9,5,5,8,2,4,2,2,4,3,6,5,6,8,1,2,4,7,5,0,0,0,0,1,0,0,1,0,1,2,5,-3,-6,-1,1,3,0,-1,0,1,2,-2,-5,-1,0,0,-1,0,0,4,7,9,5,11,8,2,7,2,4,4,4,2,3,5,1,8,5,2,2,3,3,0,4,0,0,0,0,0,0,0,1,-7,-1,7,-2,-6,-1,2,2,-1,0,5,-3,0,0,0,-1
2580,52,2,11,1,2,3,1,1,0,3,3,0,0,0,0,2,0,1,1,1,0,0,0,0,0,2,0,0,0,3,1,0,0,0,1,1,1,0,0,0,0,0,0,1,-1,0,1,1,0,0,0,0,1,1,-2,-1,0,0,0,1,1,1,0,4,2,5,3,4,2,5,0,2,5,0,1,2,2,1,1,0,0,1,2,0,1,0,2,1,2,4,0,0,2,3,1,3,0,1,0,0,0,0,2,2,-3,5,1,-1,0,0,2,0,0,-1,-4,0,1,0,3,1,3,0,-1,2,6,4,3,3,3,3,4,4,2,1,3,2,2,0,1,0,0,1,1,2,1,2,1,1,0,1,1,1,1,0,3,2,0,2,1,1,1,2,0,-1,3,0,-1,1,-1,2,0,1,-1,1,-1,-1,0,0,-1,2,1,-2,2,4,3,3,13,1,2,1,4,1,2,2,5,1,0,1,0,0,1,0,2,1,1,1,2,2,1,0,8,0,0,0,0,3,1,2,9,1,1,2,3,0,-1,0,-2,2,1,0,8
2580,53,1,09,5,5,6,8,4,4,8,8,7,8,2,4,4,4,2,3,1,2,3,2,2,2,4,5,5,2,3,3,2,3,0,0,0,1,0,0,3,1,0,0,1,-3,-2,1,-4,0,2,0,-1,-3,1,-2,-1,1,-1,0,-3,-1,1,0,5,7,4,6,6,9,6,7,6,10,3,4,3,3,3,1,2,1,2,3,4,3,2,3,7,5,3,5,1,3,1,1,0,1,0,0,0,0,2,0,-4,1,-3,0,-4,-1,1,1,0,-4,-4,-1,-4,1,0,1,1,0,-1,0,6,4,3,7,6,4,8,12,6,12,3,2,3,5,3,3,0,0,1,2,2,4,8,4,6,2,4,4,2,6,0,2,0,1,1,0,0,0,0,0,2,-4,-9,1,-6,1,-2,-5,1,-3,1,-4,-4,-1,-4,0,2,0,1,1,5,7,4,6,9,9,2,7,4,2,1,4,1,5,3,2,5,3,1,2,4,5,1,5,0,0,0,0,0,1,0,0,-4,-2,2,-1,-1,-1,0,2,-3,0,2,-3,0,-1,0,0
2580,53,1,11,3,2,2,1,2,3,3,5,2,2,0,0,1,0,0,2,1,1,0,0,0,0,0,1,0,3,1,2,0,2,1,1,0,1,2,0,2,3,1,0,0,-1,-3,-1,0,0,0,1,-1,0,-1,0,-1,0,-2,1,-1,-3,0,2,2,1,3,1,1,1,2,2,4,2,0,1,0,0,0,0,0,1,0,0,0,0,0,0,0,1,1,1,0,1,2,0,2,1,1,0,1,1,4,1,1,-1,1,-3,-1,0,1,0,0,0,-1,-1,0,0,-1,2,-1,1,-3,0,1,5,2,2,4,0,3,2,4,1,0,2,1,1,3,0,1,0,0,1,0,1,0,1,0,0,1,1,2,0,1,2,1,1,0,0,1,1,1,1,1,2,0,-2,3,0,1,1,0,3,0,0,-1,-2,1,1,1,0,0,-1,2,1,2,5,2,0,5,5,0,0,0,2,0,1,0,0,1,0,1,1,0,0,0,1,2,0,2,3,1,0,4,3,0,1,-3,0,-1,0,-1,1,0,1,0,-1,1,0,-2,0
2580,53,2,09,4,6,5,5,5,7,5,4,3,7,3,3,4,3,4,1,3,1,2,1,7,2,2,1,2,0,3,2,2,5,0,0,0,0,0,0,0,0,0,0,-3,1,1,2,-2,-4,1,2,2,2,1,0,-1,0,-4,0,0,0,0,0,7,6,2,7,7,9,8,7,5,5,3,5,1,4,4,4,1,1,3,3,5,3,4,3,1,4,5,3,2,3,0,0,0,0,0,0,0,0,0,1,-2,-2,-5,2,2,-2,2,-3,1,3,0,-4,-2,1,0,0,0,0,0,-1,7,7,7,4,4,9,13,12,8,9,5,2,6,2,3,1,4,1,2,1,4,5,7,3,8,4,7,4,5,1,1,1,0,0,0,1,1,1,0,0,-2,-6,-5,-4,-5,1,-3,-1,-1,-5,-3,-3,-3,-3,0,0,0,-1,0,0,5,10,10,6,9,8,11,7,1,5,3,5,2,5,7,1,4,7,5,3,4,1,6,4,2,0,0,0,1,0,0,0,-4,2,-1,-1,-3,-2,-2,2,-2,4,1,-3,1,0,0,0
2580,53,2,11,0,0,1,0,1,1,3,1,1,2,0,0,0,0,0,0,0,0,0,0,0,0,0,1,0,1,1,0,0,0,0,0,1,0,1,0,2,1,0,2,-1,-3,0,-1,-1,0,0,0,-1,0,-1,-1,0,0,0,0,-2,0,0,-1,3,3,3,0,4,2,3,0,3,2,1,1,1,0,1,2,1,0,0,2,0,2,0,1,0,1,0,0,1,2,0,1,2,0,1,1,1,0,1,0,1,0,3,-3,2,1,-1,1,-1,1,1,1,0,-1,0,-1,0,2,-1,1,2,2,4,4,2,1,3,6,3,4,1,1,1,1,1,1,0,0,1,1,0,1,3,0,1,0,2,2,2,3,0,1,3,2,0,1,0,1,1,0,1,-1,-2,1,-2,1,0,-2,1,0,1,-2,-2,-1,-2,-1,1,2,1,0,5,1,1,6,4,6,1,1,1,0,0,3,2,1,1,1,3,1,0,0,1,3,1,0,2,0,0,2,0,2,0,1,1,-5,0,5,-2,-1,0,3,1,-2,0,1,2,-2,0,1
2580,54,1,09,8,9,6,4,3,6,6,5,7,4,4,6,2,4,3,4,3,4,0,0,4,4,2,3,2,1,1,3,3,2,0,0,0,0,0,1,1,0,1,0,2,3,1,-3,-1,0,2,0,1,1,3,2,1,-3,-2,-1,-1,0,-1,0,3,4,3,6,5,5,6,4,5,8,3,4,2,3,3,0,0,0,3,2,4,3,3,5,3,1,3,1,0,4,0,0,1,0,0,0,0,0,0,1,-2,-2,-1,1,-3,-1,1,-1,-2,0,-1,-3,-1,3,-2,0,0,1,0,-1,3,10,5,7,3,11,10,3,1,7,2,8,2,4,2,1,2,2,2,1,7,5,1,0,4,4,5,1,1,3,0,0,1,1,0,0,0,1,0,0,-8,0,2,6,-4,-5,3,1,4,-2,-3,-3,1,1,-2,0,0,0,1,0,3,10,10,6,8,8,8,5,0,5,6,4,3,3,3,2,4,2,5,3,4,4,3,1,0,2,1,0,0,2,0,1,-5,2,2,1,-4,3,1,1,-1,-1,0,1,0,0,1,-1
2580,54,1,11,1,0,2,1,1,1,1,4,4,5,0,0,1,0,1,0,0,0,0,0,0,0,2,0,0,1,1,1,3,4,1,0,1,1,0,0,0,1,1,1,0,-1,-2,-3,-4,0,0,-1,0,1,-1,-1,-1,-3,-4,1,0,0,0,-1,0,1,1,5,2,5,1,1,2,1,0,0,1,1,0,0,1,0,3,0,3,0,0,0,0,0,0,1,1,1,0,0,0,1,2,2,1,0,1,0,-5,0,0,3,1,-3,0,1,1,0,0,1,-1,2,-1,-2,-1,0,0,2,0,1,1,1,3,1,5,2,2,6,0,0,0,0,3,0,0,0,1,0,0,2,0,1,1,0,2,1,1,3,0,1,1,0,0,1,1,1,0,2,-1,-4,-1,-1,-3,0,-2,0,-1,2,0,-2,-1,0,-3,-1,0,0,0,-2,4,4,2,3,1,3,3,3,0,3,0,1,1,0,1,1,0,1,0,0,1,2,1,0,3,1,1,1,0,0,2,3,3,1,-1,0,0,2,0,1,0,-2,0,1,3,1,-1,-2
2580,54,2,09,6,7,6,4,3,5,6,5,4,4,4,6,4,3,3,2,1,2,1,0,2,4,4,4,0,3,2,0,0,4,0,0,0,0,0,0,0,1,0,0,1,1,1,0,-1,2,2,0,-1,3,-1,-1,2,1,-4,0,0,-1,0,0,5,3,5,9,5,10,5,5,4,6,4,2,4,3,4,1,1,1,5,1,8,2,1,3,4,2,3,3,1,2,0,0,0,1,0,0,0,1,0,0,-5,-2,0,5,-1,-4,0,3,0,0,-1,-2,-2,4,-1,0,0,-1,1,0,6,5,3,7,4,6,7,7,10,5,2,2,2,4,4,2,3,1,3,0,3,4,4,4,3,3,3,3,6,2,2,0,0,0,0,0,0,0,0,0,0,-2,-4,-3,-1,-1,-2,-2,0,1,-1,0,-2,-3,-2,2,0,0,0,0,5,11,6,8,9,10,4,10,2,8,5,4,3,3,1,4,4,5,2,8,5,4,2,2,0,0,0,0,0,1,0,0,-4,1,2,-2,-2,3,3,-4,-2,-1,-1,2,0,-1,0,0
2580,54,2,11,2,3,2,1,1,2,2,1,1,3,1,0,1,1,0,0,2,0,0,0,1,0,0,1,1,0,2,1,0,2,1,1,1,0,1,1,0,0,0,0,0,1,1,0,-2,0,0,1,0,-1,0,0,-1,0,-2,0,1,1,0,1,2,3,1,0,0,1,3,0,1,3,0,2,0,0,0,1,0,0,0,0,1,1,0,1,0,0,2,0,0,1,1,1,1,0,0,0,0,0,0,2,1,0,1,-1,-3,-1,1,0,-1,0,1,-2,0,0,-1,1,1,1,0,-2,3,4,4,3,3,2,0,2,3,1,0,2,3,0,2,2,0,0,1,0,0,0,2,2,0,2,0,0,1,0,1,2,1,2,1,0,0,0,0,1,1,4,2,0,2,0,2,1,-2,2,0,0,0,0,0,1,2,1,2,0,5,1,2,5,1,1,2,4,1,0,0,2,3,1,2,0,0,0,0,1,1,1,2,1,1,0,0,3,0,0,0,2,4,0,0,1,1,0,0,1,2,0,0,-1,1,0,0,1
2580,55,1,09,2,12,9,7,8,2,4,7,3,9,2,9,8,3,4,0,2,1,2,3,0,2,4,1,3,2,1,2,2,5,0,1,0,2,1,0,1,1,0,1,0,8,2,4,-1,2,7,4,2,1,-2,1,-1,0,-2,0,0,-1,2,0,4,7,6,5,4,6,7,8,7,7,2,4,1,1,3,2,3,4,4,1,1,3,3,4,5,5,4,4,3,2,0,0,1,0,0,0,0,1,0,0,-2,0,-2,-2,-3,1,1,-2,-3,-2,-3,-1,0,1,-1,0,0,0,0,0,13,10,2,6,10,6,9,6,5,7,10,5,2,4,6,2,5,0,1,4,4,3,4,3,5,2,6,2,2,2,1,0,0,1,0,0,0,0,0,0,7,1,-4,1,3,6,2,-2,1,1,0,-1,-2,-1,2,1,0,0,1,0,11,7,6,4,11,5,7,5,5,4,5,4,6,3,1,0,3,2,1,2,7,2,4,2,0,0,0,0,1,1,2,1,0,2,-1,-1,2,2,4,2,-1,1,-3,-2,-1,-1,-2,-1
2580,55,1,11,1,4,0,2,1,2,1,3,0,0,0,1,0,0,0,1,1,0,0,0,1,0,2,0,0,0,1,1,0,0,0,2,0,2,1,1,0,0,0,0,-1,3,-3,2,1,-1,1,-2,0,0,1,0,-1,0,0,-1,2,0,2,1,1,1,2,2,0,2,2,4,1,2,1,0,0,0,0,0,0,0,2,0,1,0,0,0,0,1,2,4,1,1,0,1,2,0,0,0,0,0,0,1,-1,-1,-2,1,-2,0,0,0,0,0,-1,-2,-4,1,-1,0,1,2,0,-1,1,0,1,1,3,2,0,2,4,4,0,0,0,0,0,0,0,0,0,1,0,0,1,0,0,0,0,0,2,2,1,0,1,1,2,2,0,1,2,2,-1,0,-1,-3,-1,0,0,-1,0,0,0,0,0,-2,-1,-1,0,0,-1,0,5,3,5,5,1,3,4,4,1,2,3,1,1,0,2,3,0,2,2,1,0,1,1,2,3,1,0,1,1,0,1,1,4,0,1,1,1,0,1,0,1,-1,1,1,2,1,-1,0
2580,55,2,09,3,4,9,11,4,4,5,6,3,6,3,1,7,10,4,0,3,2,1,0,2,3,2,3,4,2,2,4,0,2,0,0,0,0,0,0,0,0,0,0,-1,-1,3,8,-2,1,-2,5,7,0,-2,1,-2,1,-2,0,0,0,0,0,4,6,4,3,10,5,7,9,7,8,2,4,2,3,6,2,2,2,0,4,2,5,4,5,2,3,2,5,2,6,0,0,0,0,0,0,0,0,0,0,-1,-1,-5,-4,2,0,-1,-2,-2,4,-1,0,-3,-2,-2,0,0,0,0,0,3,7,7,10,4,4,6,6,7,5,2,5,5,6,3,1,2,2,4,0,2,4,3,6,3,2,2,3,1,2,0,0,0,0,1,0,0,0,0,0,-1,1,1,3,-1,0,1,2,0,0,-1,0,-1,3,-2,0,0,0,0,1,11,8,4,9,4,8,8,9,5,5,4,7,6,3,0,2,2,5,7,7,2,3,1,2,0,0,0,0,0,0,0,0,7,0,-4,0,3,0,-3,0,4,0,-1,0,0,0,0,0
2580,55,2,11,0,4,0,2,1,1,2,2,0,0,0,2,0,1,0,0,1,0,1,0,0,1,1,0,0,0,1,1,0,0,0,1,0,0,1,1,0,0,0,0,-1,2,-2,2,1,0,1,-1,1,0,0,0,-1,1,0,-1,1,0,0,1,2,1,2,0,1,4,4,1,1,1,1,0,2,0,0,0,1,0,0,1,1,0,0,0,0,2,3,1,0,0,1,0,0,0,0,1,1,0,1,1,-2,-3,1,-1,0,0,0,2,0,0,-2,-2,-1,0,1,0,-1,0,-1,-1,1,0,3,3,2,4,4,6,3,1,0,0,0,0,0,0,0,2,2,1,1,0,1,0,0,2,3,4,3,1,1,0,1,1,1,1,1,1,0,0,-3,-4,-3,0,1,-1,0,-1,0,0,-2,-3,-2,-1,0,0,-1,0,1,1,1,2,2,2,6,5,6,4,0,1,2,0,0,0,0,0,1,1,1,0,4,3,2,1,1,1,0,2,1,1,3,3,-5,-3,-4,-2,-1,0,1,0,-4,-3,-2,-1,0,0,-3,-1
2580,56,1,09,3,3,4,4,5,7,5,8,5,7,3,1,4,4,3,0,2,0,0,2,5,5,5,2,4,2,0,3,2,3,0,0,0,0,0,0,0,0,1,0,-4,-2,-4,-1,-2,-2,-4,-1,2,-1,-2,2,-3,-2,-1,0,0,0,-1,0,1,4,7,4,12,13,6,6,4,5,0,4,4,3,7,1,0,1,1,5,9,2,2,2,2,4,4,4,2,3,0,0,2,0,0,0,0,0,0,0,-12,-2,1,0,7,-9,2,2,1,5,-3,-4,-3,-1,2,0,0,2,0,0,5,5,11,11,15,4,4,5,8,10,1,2,8,5,12,4,3,3,5,3,3,2,2,2,8,1,2,2,6,2,0,0,0,1,0,0,0,1,0,0,1,1,6,3,5,-2,0,6,3,4,3,1,1,-1,1,0,0,-1,1,0,9,6,5,8,12,6,7,4,4,5,5,2,5,1,0,5,3,3,4,1,9,2,3,3,0,0,0,1,0,1,0,0,-3,0,-2,4,1,2,1,1,-4,-1,-3,2,0,-1,0,1
2580,56,1,11,2,3,1,1,4,1,1,3,0,1,0,1,1,0,1,0,1,0,0,2,0,1,0,0,1,1,0,1,0,0,2,1,0,1,1,0,0,2,0,0,1,2,-2,1,3,0,0,1,0,0,-1,1,-1,0,2,2,1,-2,1,1,2,3,2,1,3,0,0,5,1,3,0,0,1,0,1,1,3,0,0,0,0,0,1,0,0,0,0,2,0,2,1,0,1,1,2,0,0,2,1,1,2,3,-3,0,0,0,0,0,0,1,1,3,-2,0,-2,1,0,-1,0,1,1,1,1,4,0,2,0,2,3,0,1,0,1,1,0,0,0,0,2,0,0,0,2,0,0,2,0,0,2,0,0,1,0,1,0,0,0,0,1,0,-1,1,-1,1,0,1,0,-1,1,0,-2,0,0,0,0,0,1,0,0,0,2,3,2,1,0,3,4,1,0,2,0,0,1,0,2,1,0,1,0,1,0,1,3,0,1,1,0,0,0,1,1,0,2,0,-2,0,0,1,0,-1,1,-1,-1,1,1,0,-1,0
2580,56,2,09,14,6,2,2,2,4,4,3,8,13,12,2,1,1,1,2,4,1,1,1,2,4,2,3,5,2,0,1,5,8,0,0,0,0,0,0,0,0,0,0,10,2,-1,-6,-11,10,-2,-1,-2,-4,0,4,0,-4,-7,0,0,0,0,0,5,2,3,7,8,10,3,7,4,5,3,1,1,6,5,2,1,2,1,3,4,1,2,3,2,6,2,5,1,2,0,0,0,0,0,0,0,0,0,1,-5,-1,-4,3,3,-1,0,-1,3,3,-4,-1,-3,0,1,0,0,0,0,-1,8,2,11,7,11,7,4,7,11,6,5,1,9,7,9,3,1,2,0,2,4,2,3,4,4,3,2,3,7,2,0,0,0,0,0,0,0,1,0,0,1,-2,4,-4,5,1,-1,6,3,5,0,-1,-1,-7,0,0,0,-1,0,0,8,6,12,5,10,6,10,9,5,1,6,3,3,5,6,2,6,2,6,2,4,4,4,6,0,0,0,0,0,0,0,1,-2,0,2,-4,-1,-1,0,1,-1,1,2,-4,0,0,0,-1
2580,56,2,11,1,1,1,2,1,3,0,3,1,3,0,1,1,1,0,0,0,0,0,0,1,0,1,0,2,2,0,1,1,1,1,0,0,1,1,0,0,1,0,0,-2,1,-2,1,-2,-1,1,0,1,-2,-2,0,-1,-1,-1,1,0,-1,1,1,2,0,4,0,0,1,1,5,2,0,0,0,1,0,0,0,0,2,0,0,1,1,1,0,0,0,0,1,1,0,2,0,1,0,0,0,0,3,1,0,1,-1,-1,-2,0,-1,-1,0,0,0,0,0,1,-1,0,2,0,-2,-1,0,1,0,1,1,4,3,0,6,2,2,1,0,1,1,3,0,0,0,0,1,2,0,1,1,0,0,0,5,1,2,0,0,0,0,0,1,0,0,0,0,-2,0,-5,-1,2,-1,0,0,0,3,0,0,-5,-1,-1,-1,0,0,0,0,2,3,3,3,6,2,2,4,0,0,1,3,2,2,2,0,2,0,0,1,4,2,2,1,0,1,0,0,0,0,0,2,-4,1,1,-1,-2,0,1,2,-2,0,0,-1,0,1,0,-2
2580,57,1,09,6,8,6,2,4,5,5,5,7,6,4,5,2,2,2,2,3,3,0,2,4,4,1,5,3,1,1,3,2,3,0,0,1,0,0,0,0,1,0,0,1,3,1,-5,-2,0,1,1,-3,-1,1,2,0,-2,-1,0,0,0,0,0,4,6,3,1,5,3,3,4,5,6,2,4,3,1,4,2,1,0,0,1,2,2,2,3,5,1,0,1,2,1,0,1,0,0,0,0,1,1,0,0,1,3,-1,-4,-1,0,2,1,-2,-1,1,1,-1,-2,0,0,0,-1,0,0,8,4,2,10,8,3,6,8,8,4,5,2,0,5,6,2,2,2,5,2,0,2,1,5,3,3,4,6,3,1,1,0,0,0,0,0,0,1,0,0,5,-2,-6,2,4,5,0,-1,0,3,-1,-2,-4,2,1,1,0,-1,0,0,6,5,4,12,10,8,8,13,4,3,3,6,2,2,1,5,5,3,4,9,4,5,2,3,0,0,0,1,1,0,2,1,-4,-3,-4,-1,-1,0,-1,-3,-2,-3,-1,2,-1,0,-2,0
2580,57,1,11,2,2,1,2,0,2,2,0,3,1,1,0,0,0,0,1,1,0,1,0,0,0,0,2,0,1,1,0,0,1,0,1,1,1,0,1,1,0,1,0,0,0,1,-1,-1,1,0,0,-2,0,0,0,0,1,-1,-1,0,1,0,0,1,2,0,1,1,4,0,3,0,2,0,0,0,0,0,1,1,0,0,0,2,0,2,0,0,1,0,1,0,0,0,1,0,1,1,1,0,0,0,2,-3,2,-3,1,-1,-2,0,-2,0,0,0,1,-1,0,0,-1,1,0,1,-1,3,5,1,4,3,2,1,0,1,4,0,2,0,1,0,0,2,0,0,2,0,0,0,0,1,0,1,0,1,3,3,1,1,3,1,2,0,0,0,0,1,4,1,3,-1,0,2,0,1,-1,0,1,0,-1,-1,1,1,1,3,1,2,1,4,7,2,1,4,2,0,0,1,5,0,1,2,0,0,0,1,1,0,0,1,0,2,0,1,2,2,1,2,1,0,0,0,5,0,0,0,4,0,1,1,0,0,-1,-1,1
2580,57,2,09,5,3,3,5,5,6,3,3,5,5,3,2,2,3,5,2,1,1,2,0,2,1,0,2,3,4,2,3,3,1,0,0,0,0,0,0,0,0,0,1,-1,0,0,0,0,1,1,2,1,2,-2,-1,-2,-1,-1,0,0,0,0,-1,6,2,4,3,4,6,5,8,4,7,1,1,2,1,4,5,1,2,2,0,2,2,5,1,3,4,3,3,3,4,0,0,0,0,0,0,0,0,0,0,0,-3,-4,-1,-3,-1,-1,-3,0,1,1,-2,-1,-1,-4,0,0,0,0,0,3,4,5,4,4,10,7,5,7,5,0,1,3,3,2,3,3,2,1,2,7,3,2,2,2,3,4,3,5,3,0,0,0,0,0,0,0,0,0,0,-7,-3,0,-3,-1,-7,-2,1,1,0,0,-1,-1,-4,-1,0,0,0,0,0,8,9,6,6,10,12,5,6,6,4,3,2,2,4,3,4,6,9,4,3,4,3,1,3,0,1,0,0,0,0,0,0,-2,-3,1,0,0,-5,-1,-1,-2,1,2,1,0,1,0,0
2580,57,2,11,0,2,1,1,1,0,2,3,1,2,0,2,0,0,0,0,0,0,0,0,0,1,2,1,0,0,0,0,0,1,0,0,1,1,1,0,1,1,0,1,0,0,-2,0,-1,0,1,-2,-1,0,0,0,0,0,-1,0,-1,0,1,0,3,1,3,3,1,2,3,0,1,1,2,1,3,1,1,1,0,0,1,0,0,0,0,1,0,2,3,0,0,1,0,0,0,1,0,0,0,0,0,0,1,-2,3,2,0,2,1,3,0,1,-1,-3,0,1,-1,0,0,0,1,0,5,1,2,4,1,4,0,0,6,1,3,0,0,1,1,1,1,1,2,0,1,0,0,3,0,3,0,0,2,1,1,0,1,1,0,0,0,0,1,0,1,1,2,-2,0,2,0,0,-2,1,-2,1,1,0,-1,1,0,1,0,0,2,2,2,3,1,1,1,1,1,1,0,1,1,1,2,1,1,1,0,0,0,0,0,1,0,0,0,1,0,0,1,0,1,1,1,2,0,0,0,1,1,1,2,0,0,0,-1,1
2580,58,1,09,8,3,6,5,5,8,2,4,11,5,3,1,5,2,4,4,2,1,3,1,3,1,3,2,1,4,1,1,9,3,1,0,0,0,0,1,0,0,0,1,0,1,2,-6,0,0,0,2,0,3,0,1,0,-6,-2,0,0,0,0,-1,6,4,7,5,9,10,2,6,2,7,4,2,4,2,5,2,2,3,3,4,6,1,5,1,2,4,0,1,1,4,0,0,0,0,0,0,1,0,0,1,-4,2,1,3,2,-2,1,-1,1,3,-2,2,2,2,0,0,-1,0,0,-1,3,4,4,9,7,5,6,4,3,6,1,2,2,7,5,2,2,1,2,2,3,2,1,2,2,2,4,1,1,4,0,0,1,0,0,0,0,2,0,0,-2,-2,0,6,1,-2,0,1,5,3,0,-2,0,1,-2,0,0,-1,0,0,8,6,5,5,11,8,7,6,2,4,4,2,6,1,1,3,8,3,4,4,3,3,3,2,0,1,0,0,0,2,0,0,-3,-2,-2,-1,-6,1,0,-2,3,-2,-2,1,0,-1,0,0
2580,58,1,11,1,1,1,1,3,1,1,3,1,2,1,1,0,0,1,0,0,0,0,0,0,0,0,1,0,0,1,2,0,0,0,0,1,1,2,1,0,1,0,2,0,0,-2,0,1,1,1,0,-1,1,0,-1,-2,0,0,-1,0,0,1,0,0,3,1,1,1,4,1,3,2,1,0,2,0,0,0,0,0,0,0,0,1,0,1,2,1,2,0,1,0,0,0,1,1,1,1,1,1,1,0,0,-4,2,-2,-1,0,-1,2,-1,-2,-1,-2,0,-1,0,0,-1,0,0,1,1,2,3,2,1,2,3,3,1,2,3,1,1,1,1,0,1,0,0,0,1,1,2,1,1,0,1,1,0,1,3,0,2,1,0,1,1,0,0,0,0,-1,0,1,-1,-1,0,-1,0,0,0,0,-1,0,-1,-2,-1,2,1,0,1,2,0,1,2,3,1,0,2,1,0,1,0,0,0,0,1,2,0,0,0,1,1,0,2,1,0,0,1,0,0,0,0,-1,-1,1,0,-1,0,1,0,-1,-1,0,-1,1,0,0,1
2580,58,2,09,4,7,4,8,3,7,5,7,4,6,3,5,3,6,3,1,2,1,2,0,3,2,5,1,1,4,3,2,3,5,0,0,0,0,0,0,0,0,0,0,-3,2,-3,4,-3,0,3,-2,5,2,-3,-1,-1,-1,-5,0,0,0,0,0,2,4,7,3,8,2,2,5,4,6,2,3,4,1,5,0,1,2,2,2,1,2,5,1,1,1,0,0,2,3,0,0,1,0,1,0,0,0,1,2,0,2,2,-1,2,1,1,-1,0,4,-1,1,2,0,-1,0,0,1,-1,-1,1,8,6,10,6,5,7,7,9,6,0,6,3,7,3,1,2,2,3,2,4,3,3,7,2,1,4,4,2,4,0,0,1,0,1,0,0,0,0,0,-4,1,-1,1,0,-4,3,0,0,1,0,-2,-2,1,-2,0,0,1,0,1,4,6,7,8,4,6,4,11,3,3,6,5,1,3,1,2,3,3,3,5,1,3,1,6,0,0,0,1,0,0,0,0,0,0,3,-3,0,0,3,0,0,0,0,-4,0,0,0,1
2580,58,2,11,1,2,4,2,0,0,2,2,1,1,1,2,1,0,0,0,0,1,1,0,0,1,0,0,0,0,1,2,0,1,0,0,2,1,0,0,0,0,1,0,1,0,2,1,-1,1,1,1,0,0,0,-1,-1,1,-1,0,0,2,0,0,1,2,3,3,1,2,2,2,4,3,0,2,1,2,0,0,0,1,1,0,0,1,1,0,1,2,1,0,3,0,1,0,1,0,1,0,0,1,1,2,-1,0,1,-1,-2,0,1,0,2,-1,-2,-1,1,-2,0,1,0,0,-1,-1,2,0,3,1,0,1,1,6,4,1,2,0,1,0,0,0,0,0,0,0,1,0,0,0,0,0,0,5,3,1,0,0,2,1,0,0,1,1,1,0,1,-1,-3,-3,-1,1,0,1,0,0,0,0,-5,-3,-1,0,-1,1,0,0,2,3,0,4,3,4,0,3,0,0,0,0,1,1,0,2,1,4,0,1,2,0,0,1,1,2,0,2,0,0,0,1,-1,-1,0,1,-1,-4,0,-1,-1,1,0,1,1,2,0,1
2580,59,1,09,5,8,4,4,1,2,7,10,9,6,2,4,2,3,1,3,4,2,1,0,1,4,2,6,3,0,3,8,2,1,0,0,0,0,0,1,0,0,1,2,3,1,-6,-5,-5,1,0,0,-3,-2,3,1,-6,-1,-1,-1,0,0,-1,-2,8,3,6,3,3,4,6,5,5,5,4,3,3,3,2,3,0,2,0,1,2,4,3,2,2,2,2,2,3,3,1,0,1,0,0,0,0,0,0,0,4,-3,1,-2,-2,2,-1,0,1,0,1,-2,0,-3,-2,1,0,1,0,0,1,5,4,3,6,3,6,6,10,10,1,5,2,3,3,0,0,2,0,3,3,4,2,8,5,0,2,3,2,4,0,0,0,0,0,0,0,1,0,1,-2,-1,-2,-7,-4,-2,1,0,-5,-2,0,-2,-1,-2,-1,0,0,-1,0,-1,8,2,10,5,5,4,9,6,5,0,5,5,3,2,4,0,5,4,5,4,0,0,3,2,0,0,1,0,0,0,1,0,3,-2,1,-1,0,-4,0,1,3,2,1,-2,0,0,0,0
2580,59,1,11,0,2,0,1,0,0,0,1,1,1,0,0,0,0,0,0,1,0,0,0,0,0,0,0,0,0,0,0,0,0,0,1,0,1,0,0,0,1,1,1,0,2,-1,0,-1,0,0,0,0,0,0,1,0,0,0,0,1,-1,0,-1,0,2,2,1,0,3,1,1,3,1,0,1,0,0,0,0,0,0,1,0,1,1,1,0,0,2,0,0,2,0,0,1,2,0,0,0,0,0,1,1,-3,1,1,-2,-1,-1,0,-1,0,0,-2,0,0,-1,0,0,1,2,-1,-1,1,1,3,2,2,1,2,4,1,3,1,0,1,0,0,0,1,1,0,0,0,0,1,1,1,0,2,2,0,1,0,0,1,2,2,1,0,1,0,1,0,-1,-1,1,-1,1,0,0,-1,-1,0,-1,-1,0,-1,-1,0,0,2,1,3,1,0,3,2,2,1,3,2,0,0,1,0,0,0,1,0,0,1,0,1,1,0,1,1,1,0,1,1,1,0,2,1,-1,-1,0,2,0,-1,1,-1,-1,0,0,0,0,0,-1
2580,59,2,09,3,11,2,8,6,5,3,2,4,8,2,7,2,6,5,1,4,0,2,0,2,3,2,1,3,1,0,0,3,5,0,0,0,0,1,2,0,0,0,0,-2,8,0,4,-2,0,4,0,5,2,0,4,0,-1,-5,-2,0,0,0,1,3,3,2,5,3,8,6,4,3,3,2,2,2,4,2,1,1,0,1,0,5,5,3,3,2,3,1,1,0,1,0,0,0,0,1,0,0,0,0,0,-5,-3,-2,2,0,-3,-3,-1,1,0,-2,0,-1,1,-1,0,0,0,0,1,3,3,3,2,5,2,3,4,6,9,2,3,2,1,4,1,0,0,1,1,1,1,2,1,7,1,1,2,5,2,0,0,1,0,0,0,1,0,0,0,1,0,-1,-4,-4,1,2,0,0,-3,0,-1,-2,-4,-1,0,-1,1,0,0,2,3,3,8,6,2,8,5,0,1,2,4,2,2,1,4,3,2,4,2,3,0,4,2,0,0,0,0,0,0,0,1,-4,1,-5,3,-3,-1,-2,2,-1,2,-3,2,0,0,0,-1
2580,59,2,11,1,0,1,1,2,1,2,3,2,1,1,0,0,1,1,0,0,0,0,0,0,0,1,2,1,1,1,2,0,0,0,0,1,0,1,0,1,0,0,0,0,-2,-2,-1,1,1,0,-1,-1,0,-1,-1,-2,0,0,0,-1,1,0,1,0,1,2,2,3,1,0,4,2,4,0,0,1,1,2,0,0,0,0,1,1,0,2,2,2,0,0,2,0,2,0,1,1,1,0,0,0,0,0,0,-1,1,-2,0,-1,-1,0,-1,-1,0,0,0,-2,0,-1,0,1,1,1,0,0,1,1,2,1,3,3,1,0,2,0,1,1,0,0,0,0,0,2,0,1,1,0,0,0,2,2,1,0,0,0,0,0,0,1,0,0,0,0,2,-3,-2,0,2,-1,-1,0,1,0,0,-2,-2,-1,2,0,0,0,0,0,-1,0,1,2,2,0,2,3,2,0,1,0,1,0,0,0,0,0,1,1,0,0,1,2,1,0,0,2,1,0,0,0,1,0,-1,-1,0,0,0,-1,1,0,-1,-2,-1,0,0,2,0
2580,60,1,09,8,1,6,3,5,10,2,6,8,5,2,0,5,1,1,5,1,1,2,4,7,1,3,4,4,2,0,3,4,1,1,0,0,0,0,1,1,0,0,0,-2,-1,0,-5,0,-5,-1,2,-3,-3,3,1,-2,-2,3,0,-1,0,0,0,3,3,1,0,6,3,4,7,6,7,1,2,1,0,3,2,0,0,0,3,3,3,5,4,2,0,1,1,2,5,0,1,0,0,0,0,0,1,0,0,0,-1,-6,-6,-1,-2,-1,-4,-4,1,2,-1,-1,-2,-2,0,1,-1,0,0,4,6,5,8,8,6,10,7,5,6,1,4,3,5,4,3,1,2,3,2,3,4,5,3,3,3,3,1,2,2,0,1,0,0,2,0,3,1,0,1,-2,-4,-2,3,2,-2,0,-2,2,1,0,-2,1,1,0,0,-2,-1,0,1,5,4,1,5,9,9,7,3,4,3,0,4,1,1,1,1,8,4,2,2,1,5,5,1,0,0,0,0,0,0,0,0,-4,-5,-6,2,-4,-1,-2,2,0,-4,-4,0,0,0,0,0
2580,60,1,11,1,1,1,1,0,0,1,2,2,0,0,0,0,1,0,0,1,1,0,0,0,0,0,1,0,0,1,1,1,0,1,0,0,0,0,0,0,1,0,0,1,0,-1,-1,0,0,0,0,0,0,0,0,0,-1,0,1,0,-1,0,0,0,0,0,1,1,1,0,0,2,2,0,0,0,0,0,0,0,0,1,0,0,0,0,1,0,0,0,0,1,0,0,0,0,0,1,1,0,0,0,2,-1,0,0,-1,-1,0,0,0,-1,0,0,0,0,0,0,-1,0,0,0,-1,0,5,1,1,0,0,3,0,0,1,0,2,0,0,0,0,1,0,0,0,0,0,0,0,0,0,3,0,0,1,0,2,1,1,0,0,0,0,0,0,0,2,1,1,-1,0,2,0,0,0,0,-2,0,0,-1,0,2,1,1,0,4,2,2,2,0,2,3,3,0,1,0,2,1,1,1,0,0,2,0,1,0,0,1,0,3,0,1,0,0,0,2,2,4,0,-1,-1,0,-1,0,1,1,1,0,0,3,0,-1,-2
2580,60,2,09,3,3,2,9,1,6,2,5,5,7,2,3,1,8,0,1,0,1,1,1,5,2,2,4,5,1,0,3,1,2,0,0,0,0,0,0,0,0,0,0,-3,1,-3,4,-6,-3,1,-1,4,-5,0,0,-2,0,-1,0,0,0,0,0,3,6,4,5,8,6,2,3,6,3,3,3,4,2,6,0,3,0,2,2,4,1,1,1,0,1,1,2,4,3,0,0,0,1,0,1,0,0,1,0,-3,4,1,-1,5,-1,2,3,1,6,-1,2,-2,-2,-1,-1,0,0,0,0,1,4,5,3,9,7,9,4,8,11,1,0,2,2,5,0,4,3,1,4,3,4,4,6,8,4,5,0,2,3,0,0,0,0,0,0,0,0,0,0,-6,-5,1,-5,-2,-2,-4,-2,-4,-3,-4,-1,3,-1,1,0,0,0,0,0,3,5,2,8,5,6,4,5,2,3,2,4,1,2,0,4,1,4,1,2,3,2,3,3,0,0,0,0,1,0,0,0,-2,-1,-2,3,1,-1,1,2,-2,0,-3,1,-1,0,0,0
2580,60,2,11,1,2,0,1,2,1,4,1,1,3,1,0,0,1,1,0,2,0,0,0,1,2,1,1,1,0,2,0,0,2,0,0,0,0,1,0,0,0,0,0,0,-2,-1,0,-1,0,-2,-1,0,0,0,0,0,0,-2,0,0,0,0,1,1,0,1,0,0,2,0,0,0,1,1,0,0,0,0,0,0,1,0,0,0,0,0,0,1,2,0,0,0,0,0,0,0,0,0,0,0,0,0,0,-1,0,1,0,-1,1,0,0,0,-1,-2,0,1,0,0,0,0,0,0,0,0,1,2,2,0,1,2,0,2,2,0,0,1,2,0,0,1,1,0,0,0,0,0,0,0,1,2,0,1,1,0,0,0,0,0,0,0,0,1,1,-1,-1,2,0,-2,0,0,1,2,0,-1,-1,1,-1,-1,0,0,0,-1,-1,1,2,0,2,3,0,0,2,0,1,0,1,0,0,0,0,1,0,0,1,2,0,0,0,1,1,0,1,0,0,0,1,-2,2,0,0,-1,1,0,0,-2,0,0,0,1,1,0,0
2580,61,1,09,4,5,1,7,5,7,6,11,6,8,3,4,1,3,3,1,1,0,4,2,3,3,6,3,2,4,3,4,3,6,0,0,0,0,0,0,0,1,0,0,-3,-1,-10,1,-3,0,1,-5,0,1,-3,-2,-4,1,-4,0,0,-1,0,0,1,6,5,3,4,6,0,9,6,6,0,5,3,2,3,1,1,2,1,1,3,0,7,4,4,3,0,2,1,2,0,0,0,0,0,0,0,0,1,0,-5,6,-4,-3,-2,-3,5,-4,-2,-1,-2,1,0,0,-1,0,0,0,-1,0,3,6,9,8,4,12,5,5,8,9,1,5,4,7,3,2,1,4,1,1,6,1,1,4,5,6,3,3,3,4,0,0,1,0,0,0,1,1,1,0,-9,1,4,0,-5,-5,4,3,3,-2,-4,-2,1,-2,-3,0,-1,0,-1,0,4,5,4,5,7,8,4,6,2,3,3,2,2,1,1,3,3,6,1,3,4,2,3,3,0,1,0,0,0,0,0,0,-3,-3,0,-1,-1,-3,2,-1,-2,-1,-2,0,0,1,0,0
2580,61,1,11,1,2,1,0,1,0,0,2,0,0,1,1,0,0,1,0,1,0,0,0,0,0,2,0,0,0,0,0,0,0,0,0,1,0,0,0,0,0,0,0,1,2,-1,0,1,1,1,-2,0,1,0,1,0,0,0,0,0,1,0,0,0,1,0,1,1,1,1,0,0,2,0,0,0,1,1,0,1,0,0,0,0,0,0,0,0,1,1,0,0,1,0,0,0,0,0,0,0,0,0,1,-1,0,0,1,-1,0,0,0,1,1,-1,0,0,0,-1,0,0,0,0,-1,1,1,3,0,0,0,3,1,0,1,0,1,1,0,0,0,0,1,0,0,0,1,0,0,0,0,0,0,0,0,1,0,1,0,0,0,2,1,0,1,1,-2,2,0,-1,0,0,1,0,0,0,0,1,0,0,1,-2,0,0,-1,2,1,1,0,2,0,3,2,0,0,0,0,1,1,1,0,1,0,0,0,1,0,2,2,1,0,0,0,0,0,1,0,0,1,-2,-2,-1,0,0,0,0,1,-1,-2,1,0,-1,0
2580,61,2,09,6,4,5,5,6,5,3,6,10,2,3,4,3,2,2,3,0,2,3,3,3,2,4,6,1,2,1,1,4,1,0,0,0,0,1,0,0,1,0,0,1,1,-1,-5,4,0,2,-1,-4,1,1,-1,1,-1,2,0,0,-1,0,1,6,2,3,3,2,3,4,5,7,5,3,2,3,3,1,3,0,0,0,1,2,2,4,4,2,1,2,1,3,3,0,0,0,0,0,0,0,0,0,0,3,-2,-2,-4,-3,1,0,-1,-1,-1,2,-2,-1,-3,-2,0,0,0,0,0,5,6,10,4,4,6,4,7,4,6,3,2,7,1,2,2,4,2,3,2,0,2,1,2,3,5,1,5,2,3,0,0,1,0,0,1,1,1,0,0,-1,2,3,0,-2,3,0,6,-1,-1,-3,3,-3,1,-1,-1,-1,0,0,0,8,3,1,4,5,8,5,7,4,1,0,2,4,2,1,2,3,4,4,5,2,4,0,2,0,0,0,0,0,0,1,0,3,-5,-4,-3,1,-3,-4,-3,2,-2,1,0,0,0,-1,0
2580,61,2,11,3,0,1,0,1,2,0,1,0,3,2,0,0,0,0,0,0,1,0,0,1,0,0,0,0,1,0,1,0,2,1,0,0,0,1,0,0,0,0,1,1,0,0,0,-2,1,0,0,0,0,-1,0,0,0,-2,1,0,0,0,0,2,1,1,0,1,2,1,3,2,1,1,1,1,0,1,0,0,0,0,0,1,0,2,1,1,0,1,1,0,0,1,0,0,0,0,1,0,0,1,0,0,0,-2,-2,0,0,1,-1,-1,0,0,-1,-1,0,0,0,0,0,-1,0,0,3,1,1,0,0,0,1,1,1,0,2,0,1,0,0,0,0,0,0,0,0,0,0,1,0,0,0,1,0,0,1,1,0,0,0,0,1,0,0,0,3,0,0,-1,0,2,0,1,-1,0,0,0,-1,0,0,1,0,0,0,1,0,1,3,0,1,2,0,0,0,0,0,0,0,0,1,0,0,0,0,0,0,2,0,1,0,1,2,0,1,0,0,1,-1,-1,3,0,0,0,0,0,0,-2,1,1,-1,1,2
2580,62,1,09,4,6,2,3,3,4,5,10,7,7,3,6,1,2,1,1,0,1,1,1,2,1,6,6,3,2,4,4,1,4,0,0,0,0,1,0,0,0,0,0,0,1,-8,-4,-4,1,5,-5,-4,-2,-1,-4,-3,0,-3,0,0,0,0,1,8,7,4,7,6,5,2,6,8,3,5,3,2,6,5,3,2,2,1,1,3,2,5,4,1,2,0,1,3,1,0,2,0,0,0,0,0,0,1,1,3,5,-2,-1,3,2,1,-3,2,4,1,2,1,-2,0,0,2,0,-1,-1,4,2,6,4,4,5,6,10,6,6,4,1,5,2,4,0,1,1,2,0,2,5,4,2,4,3,1,6,4,2,0,0,0,0,0,0,0,0,0,0,-1,-4,-4,-2,-2,2,-4,1,0,0,-3,0,-5,-2,-2,0,0,0,0,0,7,0,6,6,8,4,3,5,3,0,5,3,4,0,1,2,4,2,2,3,4,1,1,2,0,0,0,1,0,1,0,0,-1,-4,3,1,-1,-2,3,0,0,-1,0,0,0,-1,0,1
2580,62,1,11,2,0,0,0,2,1,0,1,0,1,2,0,0,0,1,0,0,0,0,0,0,0,0,0,1,1,0,1,0,0,0,0,0,0,1,0,0,0,0,0,1,0,-1,0,1,2,0,0,0,0,-1,0,-1,0,0,0,0,0,0,1,0,1,0,0,1,0,0,1,1,2,0,0,0,0,0,0,0,0,0,1,0,0,0,0,1,0,0,1,0,1,0,1,0,0,0,0,0,0,1,0,0,1,-1,-1,-1,0,0,0,0,-1,0,0,-1,0,0,0,1,0,-1,0,0,1,0,1,0,1,2,0,1,1,0,1,0,0,0,0,0,0,1,0,1,1,0,0,0,0,1,0,1,0,0,0,0,0,0,0,0,0,0,1,-1,-1,0,0,-1,-1,0,0,0,0,0,-1,0,0,0,0,0,0,0,-1,2,1,2,3,1,2,4,5,0,1,0,0,0,0,0,2,0,1,0,0,1,0,0,3,2,0,2,1,0,1,4,2,1,-1,-2,-2,0,0,0,0,-1,0,0,-1,2,-1,-2,-1
2580,62,2,09,1,2,8,7,7,9,5,10,4,9,1,2,6,5,6,0,0,2,2,1,6,3,5,2,5,3,1,5,2,4,0,0,0,0,0,0,1,0,0,0,-8,-3,-2,3,-2,-5,-1,1,3,1,-3,-1,-3,0,-3,0,-1,0,0,0,5,5,7,6,8,10,3,9,4,5,2,4,7,4,5,3,1,0,2,3,6,2,9,2,1,3,1,0,2,4,0,0,0,0,0,1,0,0,0,0,-5,2,-2,2,3,-4,2,-2,2,4,0,0,0,0,-1,-1,0,0,0,0,2,4,5,4,1,4,4,4,8,7,2,3,4,2,0,0,1,1,2,1,1,1,3,4,4,3,3,1,3,3,0,0,0,0,0,0,0,0,1,0,-2,0,1,-4,-6,1,2,1,-2,-4,-3,-2,0,-1,-2,0,0,0,-1,0,5,4,3,5,10,4,9,2,5,3,2,1,0,1,1,3,7,1,5,1,3,3,4,1,0,0,0,1,0,0,0,0,-5,0,-6,3,-2,2,-3,0,-3,-2,-3,2,0,0,0,1
2580,62,2,11,0,0,1,1,1,1,1,1,1,0,0,0,1,0,1,0,0,0,0,0,1,1,0,1,0,0,0,0,0,0,0,0,0,1,0,0,0,1,0,0,-1,-1,0,0,1,-1,-1,1,-1,1,0,0,0,0,0,0,0,-1,1,0,1,0,0,0,0,1,0,2,0,1,0,0,0,0,0,0,0,0,0,0,1,0,1,0,1,0,0,1,0,0,1,0,0,0,0,0,0,0,0,0,0,0,-2,0,-1,-1,0,-1,0,-1,0,0,-1,0,0,1,0,0,0,0,2,0,0,0,2,0,1,1,0,1,2,0,0,0,1,0,0,0,0,0,0,0,0,0,1,0,1,1,0,0,0,0,0,0,1,0,0,0,0,0,2,-1,-1,0,1,2,0,0,0,0,0,-1,-1,0,0,0,0,0,0,1,1,1,2,1,0,0,2,3,0,1,0,0,0,0,1,1,0,0,0,2,0,0,2,1,1,0,1,0,0,0,0,0,1,1,0,-2,0,1,0,-2,0,0,-1,0,1,0,1,0
2580,63,1,09,1,5,7,9,10,4,7,7,6,11,0,5,5,5,5,1,0,2,3,4,3,4,5,4,4,1,3,2,2,6,0,0,0,1,1,0,0,0,0,1,-3,-2,0,3,-1,-3,1,0,1,1,0,-3,0,1,-2,0,0,0,1,0,0,3,10,7,3,12,9,5,3,4,0,2,6,3,2,0,1,4,3,1,6,4,3,2,2,3,5,2,1,2,0,0,0,1,0,3,0,0,0,0,-12,-6,5,4,-1,-6,-2,3,1,0,-3,-4,2,2,-1,-3,0,0,1,0,8,2,3,3,7,7,6,6,10,7,4,2,2,2,4,4,0,1,1,3,5,2,1,4,5,2,3,5,5,1,0,0,0,0,0,0,1,0,1,1,1,-4,-3,-7,0,-1,0,1,-2,-1,2,-3,-4,-4,2,0,-1,0,-1,-1,2,4,4,10,6,10,3,9,1,4,3,6,1,0,1,3,3,5,0,3,2,4,3,4,0,0,0,1,1,1,0,2,-4,-6,1,1,-2,-1,3,3,-1,-4,-2,-1,-1,-1,0,-1
2580,63,1,11,1,0,0,0,0,0,0,0,2,3,0,0,0,0,0,0,0,0,0,0,0,0,0,1,1,0,0,0,0,1,1,0,0,0,0,0,0,0,1,1,1,0,0,-2,-3,0,0,0,-1,-1,0,0,0,0,-1,1,0,0,-1,-1,0,0,0,0,0,1,0,1,1,1,0,0,0,0,0,0,0,0,0,0,0,0,1,0,1,1,0,0,0,0,0,0,0,0,0,0,0,0,1,0,-1,0,-1,-1,-1,0,0,-1,0,-1,-1,0,0,0,0,0,0,0,-1,0,1,0,1,2,1,1,1,2,0,4,0,0,0,0,0,0,0,0,1,0,0,0,0,0,1,0,1,1,0,2,1,0,1,1,1,1,0,1,0,1,0,-1,-1,2,-3,0,0,0,0,-1,0,-1,-1,1,-2,0,0,0,1,0,0,2,0,1,2,1,0,2,0,2,0,1,0,0,0,0,2,0,0,1,0,0,0,0,0,0,0,0,0,1,0,1,-2,1,0,-1,-2,2,0,0,0,0,0,0,0,-1,0,-1
2580,63,2,09,3,2,10,7,7,3,8,12,9,10,1,2,6,4,6,1,0,3,3,0,2,4,5,3,6,1,4,7,6,4,1,0,1,0,1,0,0,0,0,0,0,-6,-2,-2,-3,-1,-2,1,1,0,0,-4,-4,-3,-4,1,0,1,0,1,4,7,3,10,7,9,6,3,3,11,2,5,3,8,4,2,2,0,2,3,4,4,1,2,5,5,2,2,1,6,0,0,0,0,0,0,0,0,0,0,-5,1,0,7,-4,-2,1,2,6,-1,-3,0,-2,1,-3,0,0,0,0,0,3,2,8,11,6,9,9,10,6,4,2,2,6,6,4,1,0,2,5,2,5,2,4,2,3,4,7,6,4,1,0,0,0,0,0,0,0,0,0,0,-6,-7,-2,5,2,-3,0,2,4,1,-3,-7,-4,1,1,0,0,0,0,0,8,3,2,7,5,4,7,5,4,2,2,4,4,1,0,3,2,2,3,4,3,2,4,1,0,0,0,0,0,0,0,0,3,-1,-5,2,2,0,-1,0,1,-1,-4,2,0,0,0,0
2580,63,2,11,0,0,0,1,1,0,2,3,2,2,0,0,0,0,1,0,0,0,0,0,0,0,2,1,0,0,2,0,1,2,0,0,0,1,0,0,0,1,0,0,0,-2,-3,-1,-1,0,0,-2,-1,1,0,-2,0,-1,-2,0,0,-1,1,0,0,1,1,1,1,3,3,4,2,1,0,1,1,0,0,0,0,0,0,1,1,0,2,0,1,1,2,1,0,0,0,0,0,1,0,1,1,1,2,0,-3,-2,-3,-1,0,-1,1,-1,0,-1,-1,-2,-1,0,1,-1,-1,-1,-1,0,2,1,0,1,0,1,0,2,1,2,1,1,0,0,0,1,0,0,1,0,0,0,1,1,1,1,0,0,0,1,0,0,0,0,0,0,0,1,0,0,1,1,-2,0,-2,1,1,-1,-1,-1,0,0,0,1,-1,0,0,-1,0,0,0,0,3,1,3,1,2,3,0,0,1,1,0,0,2,0,1,0,1,0,2,1,1,2,0,0,0,0,0,0,0,1,-3,-1,1,-2,-1,0,0,1,-2,-1,1,-2,0,0,0,-1
2580,64,1,09,2,8,6,6,4,7,6,2,10,17,0,6,4,3,2,2,2,2,2,1,5,4,2,5,12,2,2,0,4,4,0,0,0,1,1,0,0,0,1,1,-5,2,4,-4,-13,-5,2,2,-2,-10,0,0,2,-2,-3,0,0,0,0,0,4,5,9,6,3,3,9,8,9,15,2,3,4,5,3,2,1,4,1,0,0,5,4,5,9,3,4,3,3,5,0,1,1,0,0,0,0,1,1,1,1,-4,1,-3,-12,2,-2,0,0,-6,-1,-3,1,-2,-5,0,1,0,-1,-1,2,4,6,6,4,3,12,5,6,9,2,3,4,3,2,0,1,2,3,2,2,6,1,4,4,1,6,4,2,5,0,0,0,0,0,0,0,0,0,0,-1,-8,1,0,-5,0,-3,3,-1,-2,-1,-5,-2,1,-3,0,0,0,0,0,2,4,1,4,10,5,4,5,1,2,1,3,1,2,0,0,6,4,2,5,3,1,2,0,0,0,0,1,1,0,0,0,-8,-1,-3,-1,-5,-2,-1,-2,-2,1,-2,0,-1,0,0,1
2580,64,1,11,1,0,0,0,1,1,3,0,0,2,0,0,0,0,1,0,0,0,0,0,1,1,0,0,0,0,0,0,0,0,1,0,0,0,0,0,2,0,0,2,0,-3,0,0,-1,-1,-1,0,0,1,0,0,0,0,0,1,-2,0,0,-2,0,0,0,0,1,2,0,1,0,1,0,0,0,0,0,0,0,0,0,0,1,0,0,0,0,1,0,1,0,0,0,0,0,0,1,0,0,0,0,1,-2,0,-1,0,0,-1,0,0,0,0,-1,0,-1,0,0,0,0,0,0,0,1,0,2,0,1,1,0,1,1,1,0,0,0,0,0,0,0,1,0,0,0,0,0,0,0,1,0,0,1,0,1,0,1,0,1,0,0,1,0,1,0,0,1,-1,0,0,0,0,0,0,-1,0,1,-1,0,1,0,0,0,0,2,0,0,0,2,1,0,3,1,0,0,0,1,0,0,0,0,0,0,1,2,0,0,1,0,0,0,0,0,1,0,1,0,-1,0,-3,1,0,0,-1,-1,0,0,-1,0,-1,0,-1
2580,64,2,09,2,1,3,3,4,1,5,5,5,9,2,1,0,3,2,0,0,3,0,2,0,2,1,0,5,1,3,4,4,3,0,0,0,0,0,0,0,0,1,1,1,-4,-2,-2,-5,2,-1,-1,3,-3,-1,-3,-1,-4,-1,0,0,0,-1,-1,3,5,2,4,3,5,5,7,13,5,3,4,0,3,1,0,1,2,1,2,3,4,2,8,2,2,1,5,5,3,0,0,0,0,0,0,0,0,0,0,-2,0,-5,-9,-2,0,0,-2,-5,-1,-2,0,-3,-4,-1,0,0,0,0,0,4,2,13,8,6,11,8,6,9,10,4,2,10,6,2,0,0,3,1,4,7,5,3,6,8,3,2,3,3,2,0,0,0,1,0,1,1,0,0,0,-7,-6,7,-1,-4,-3,-3,7,0,-6,-3,-2,0,-2,2,-1,-1,0,1,0,6,3,2,8,4,2,1,4,3,2,1,7,3,1,1,1,3,0,0,0,1,2,1,4,0,0,0,0,0,0,0,0,2,1,1,4,0,2,1,7,2,-1,0,-3,0,0,0,0
2580,64,2,11,1,0,0,0,3,0,0,0,0,3,1,0,0,0,2,0,0,0,0,1,0,0,0,0,1,0,0,0,0,0,0,0,0,0,0,0,0,0,0,2,1,0,0,0,0,1,0,0,0,1,0,0,0,0,1,0,0,0,0,-2,1,1,2,3,0,2,1,0,0,3,0,1,0,0,0,1,0,1,1,0,1,0,0,0,1,1,0,0,0,1,0,0,1,2,0,0,1,0,0,1,-1,0,2,3,-3,-1,1,0,0,-1,0,0,1,1,-1,0,-1,1,2,-1,0,0,0,2,1,0,0,0,0,2,0,0,0,0,0,0,0,0,1,1,0,0,0,0,1,0,0,0,0,1,0,0,0,1,0,0,0,0,0,0,0,0,0,2,-1,0,0,0,0,-1,0,0,0,1,0,0,0,0,1,0,1,0,1,1,1,5,3,2,1,0,1,0,0,0,0,1,1,0,2,1,0,3,0,1,0,0,0,0,0,2,1,0,0,-5,-2,-1,0,0,-1,-1,0,-3,0,0,0,-2,-1,0
2580,65,1,09,3,2,6,1,4,10,6,11,6,11,2,1,4,1,2,1,1,2,0,2,6,2,6,2,5,4,4,5,4,5,0,0,0,0,0,0,0,0,0,1,-7,-4,-5,-5,-7,-4,-1,-2,-1,-3,-3,-3,-3,-4,-3,0,0,0,0,-1,5,2,4,4,6,15,11,7,8,4,4,2,3,1,3,1,0,1,3,2,9,5,2,3,2,6,6,5,3,2,0,0,0,0,1,0,0,0,2,0,-10,-9,-3,-4,2,-5,-3,1,-2,1,-5,-6,-4,0,0,0,0,0,-2,1,2,4,5,7,7,7,7,5,3,6,2,3,5,6,6,0,1,0,0,1,3,3,2,2,2,3,4,3,1,4,0,0,0,1,0,1,0,0,0,0,-5,-3,0,4,1,-1,0,3,4,4,-3,-3,-3,-1,-3,-1,0,0,1,0,4,2,1,4,10,7,6,7,3,1,0,2,1,1,1,2,7,4,3,5,3,3,3,2,0,0,0,0,0,0,0,0,-6,-5,-5,-3,-4,-3,-3,-3,-2,-2,-2,0,0,0,0,0
2580,65,1,11,1,2,1,0,0,2,2,2,0,0,0,0,0,0,0,0,2,1,0,0,0,1,1,0,0,2,1,1,0,0,1,0,0,0,0,0,0,0,0,0,-1,0,-1,0,0,0,-1,-1,0,0,-2,1,0,0,0,1,0,0,0,0,1,2,2,1,2,1,2,0,0,1,0,0,0,1,1,0,0,1,0,1,1,1,0,0,1,0,1,0,0,0,1,2,1,0,0,0,0,0,0,0,0,0,2,1,1,-1,-1,0,1,0,0,-1,1,0,1,1,2,1,0,0,0,1,2,2,0,0,1,3,2,0,0,0,0,0,0,0,0,0,2,0,0,0,1,1,0,0,1,1,0,0,0,1,2,0,0,0,0,1,1,0,0,0,-1,0,0,0,0,-1,-1,0,0,-1,-1,2,0,0,1,1,-1,0,2,0,2,1,4,1,2,3,1,0,0,0,0,0,1,0,0,0,1,0,1,0,1,1,1,0,1,1,3,1,0,2,-2,-1,0,-2,1,0,-1,0,-1,0,0,-1,-2,-1,1,-1
2580,65,2,09,9,4,3,6,4,7,5,10,6,9,6,3,1,4,4,3,1,2,2,0,5,2,3,3,5,2,3,7,3,4,0,0,0,0,0,0,0,0,0,0,2,-1,-7,0,-5,1,1,-2,1,-1,1,-2,-5,-1,-4,0,0,0,0,0,8,6,3,8,7,7,7,6,9,4,5,4,1,3,5,2,2,2,5,2,5,3,5,3,3,2,4,1,6,1,1,0,0,0,0,0,0,0,0,0,1,-1,-3,-1,3,0,1,-4,0,2,0,-2,1,-1,1,1,0,0,0,0,5,3,4,7,11,6,7,3,10,9,4,2,3,3,4,1,1,1,4,6,3,5,3,5,5,3,2,0,5,4,0,0,0,0,1,0,0,0,0,0,-1,-4,1,-3,2,1,-3,0,-2,-1,-2,-1,1,-1,2,0,0,0,0,1,2,5,5,5,10,9,7,3,1,1,4,3,1,4,0,2,6,6,5,2,4,3,2,1,0,0,1,0,0,0,0,0,-8,-4,-2,2,-5,-5,-1,1,-3,1,-2,1,0,0,1,0
2580,65,2,11,0,0,1,1,1,3,2,0,0,1,0,0,0,0,0,0,0,0,1,0,2,1,0,0,0,1,1,0,0,1,0,0,1,0,1,0,0,0,0,0,-3,-2,1,1,0,-2,-1,0,0,0,-1,-1,0,1,-1,0,0,1,0,1,1,1,2,1,0,1,0,0,2,0,1,1,2,0,0,0,0,0,1,0,1,0,0,1,0,0,0,0,0,0,0,0,0,0,0,0,0,0,1,0,0,1,2,-1,0,0,1,2,-1,0,0,0,0,1,0,0,0,0,-1,0,0,0,1,0,0,1,1,2,2,0,0,0,0,0,0,0,0,0,0,0,0,0,0,1,0,0,0,0,1,0,0,0,1,0,0,1,1,2,0,0,-1,-1,-1,-2,0,0,0,0,-1,0,0,0,0,-1,0,-1,-1,-1,0,0,0,1,0,1,3,3,2,1,0,1,0,1,0,0,0,0,1,3,1,1,2,0,1,0,0,0,0,0,0,0,0,0,-3,-2,-2,0,-1,-2,-1,0,-2,0,-1,0,0,0,0,0
2580,66,1,09,2,4,3,2,6,5,4,7,6,9,2,3,0,2,3,0,1,3,0,3,3,4,3,2,5,2,0,3,4,4,0,0,0,0,0,0,0,1,0,0,-3,0,-4,-4,-3,-1,-1,-3,0,-2,-2,1,0,-4,-1,0,0,-1,0,0,5,6,4,2,7,3,7,5,8,5,0,4,1,2,2,4,2,3,0,4,2,5,3,5,1,1,2,2,2,4,1,0,0,0,1,0,0,0,1,0,2,-1,-1,-6,2,-2,-1,-2,-3,1,3,0,1,-2,0,1,0,0,-1,1,5,5,4,2,4,9,4,6,6,11,5,2,2,1,4,0,3,2,1,0,6,2,2,4,4,3,2,4,2,6,0,0,0,0,0,0,0,0,0,1,-4,1,-2,-4,-7,-1,0,0,-3,0,-3,1,-2,-1,-6,0,0,0,0,-1,1,3,5,5,5,6,5,5,0,1,3,5,1,2,1,0,3,1,1,3,2,5,4,2,0,0,1,0,0,0,0,0,-4,-3,0,0,-3,0,2,2,-1,-3,-3,-2,0,0,1,0
2580,66,1,11,2,0,1,0,0,0,0,1,0,2,0,0,0,0,0,1,0,0,0,0,0,0,1,0,1,0,0,0,0,1,1,0,1,0,0,0,0,0,0,0,2,0,0,0,-2,0,0,-1,0,-1,1,0,0,0,-1,1,0,1,0,0,0,1,0,0,0,0,1,1,1,1,0,1,0,0,0,0,0,0,0,0,0,1,1,1,1,0,0,0,0,0,0,0,0,0,0,0,0,0,0,0,0,0,-1,-1,-1,0,0,-1,-1,-1,0,0,0,0,0,0,0,0,0,0,1,1,1,0,1,3,0,1,1,4,0,1,0,0,0,1,0,0,0,1,1,0,1,1,2,1,0,0,0,1,0,0,1,0,0,1,0,0,0,1,-2,1,0,-1,-3,-1,1,-1,-1,-2,0,0,0,0,0,-1,0,1,0,-1,0,3,1,1,1,1,2,1,0,1,1,0,0,1,0,0,0,0,0,1,1,1,1,0,0,1,0,1,0,0,1,0,-1,2,-1,0,0,1,1,-1,-1,0,-1,0,0,1,-1,1
2580,66,2,09,5,5,0,2,5,4,5,6,3,7,4,2,0,2,4,1,3,0,0,1,2,1,1,1,3,2,3,5,2,4,0,0,0,0,0,0,1,0,0,0,1,0,-6,-1,-2,2,1,-1,1,1,-1,0,-5,-2,-3,0,-1,0,0,0,7,3,8,4,6,5,9,7,4,9,4,2,4,2,4,3,1,3,2,2,3,2,3,2,3,2,7,4,2,6,0,0,1,0,0,0,0,0,0,0,2,-6,1,0,-3,1,0,1,0,1,1,-6,-1,0,-4,0,0,1,0,0,7,4,4,3,8,5,5,8,7,6,6,3,1,3,4,1,1,3,0,3,3,2,3,3,5,2,3,5,4,1,0,0,0,0,1,0,0,0,0,0,2,-1,-4,-4,2,3,1,-2,0,-1,-1,-2,-2,-4,2,0,0,0,0,1,5,5,7,4,11,8,6,5,3,4,4,2,2,1,3,2,6,3,4,3,3,5,2,2,0,0,0,0,2,0,0,0,-6,-3,1,-1,-3,1,0,-1,-1,-4,1,0,-2,0,0,0
2580,66,2,11,1,2,1,1,1,1,0,0,0,0,0,1,0,1,1,0,1,1,0,0,1,0,0,0,0,0,0,0,0,0,1,0,0,0,0,0,0,0,0,0,0,2,1,1,1,-1,1,0,1,1,0,1,1,0,0,1,0,0,0,0,0,1,0,1,1,1,1,1,0,3,0,0,0,1,0,0,1,0,0,0,0,1,1,0,0,1,0,0,0,0,0,0,0,0,1,0,0,0,0,3,-1,0,-1,1,-2,0,-1,-1,1,0,-1,1,0,0,0,0,0,0,0,-2,0,1,1,1,0,1,5,0,2,1,0,1,0,0,0,0,0,0,0,0,0,1,0,0,0,0,2,0,1,1,0,0,1,1,0,1,2,0,1,0,-1,-4,1,-1,-1,0,0,0,0,0,0,-2,0,-1,-1,-1,-2,1,0,0,0,0,2,4,2,1,2,0,0,0,2,1,0,0,0,2,1,1,2,0,1,0,0,0,0,0,0,1,0,0,0,0,-2,-1,0,4,-1,-1,0,1,-1,0,0,2,0,0,0,1
2580,67,1,09,3,4,6,4,7,0,5,3,5,4,2,3,4,3,5,1,1,2,1,2,0,4,2,1,1,0,1,1,4,3,0,0,0,0,0,0,0,0,0,0,3,-1,3,-1,3,2,-1,2,2,4,1,0,1,-3,-1,0,0,0,0,0,4,6,3,2,7,4,3,8,5,6,1,1,2,2,4,3,4,0,0,3,2,1,5,2,2,2,2,2,3,3,0,1,1,0,0,0,0,1,0,1,0,3,-5,-3,1,-1,0,-3,0,2,1,2,-2,-3,0,0,1,0,0,-1,4,5,3,3,1,12,5,5,4,6,2,4,2,2,0,2,1,1,1,1,8,2,3,3,4,4,3,2,0,2,0,0,0,0,0,0,0,0,1,0,-8,0,-2,-1,-5,-6,2,-1,-1,-4,-2,-2,-1,1,-1,0,0,0,-1,0,6,2,3,4,4,2,3,1,1,1,1,4,5,1,1,0,3,1,2,1,1,1,1,0,0,0,1,0,0,0,0,0,2,0,0,3,-2,0,-1,3,4,0,0,0,0,0,1,0
2580,67,1,11,1,1,0,0,1,1,1,1,0,2,0,0,0,0,0,0,1,0,0,0,1,0,0,0,0,0,1,1,0,1,1,0,0,0,1,0,0,0,0,1,0,0,-1,0,-1,-1,0,0,0,0,0,0,-1,0,-1,1,0,0,0,0,1,1,1,0,0,0,1,3,1,0,1,1,1,0,0,0,0,0,0,0,0,0,1,1,0,0,1,1,0,0,0,0,0,0,0,0,0,1,0,0,1,0,-2,-1,0,1,1,0,-1,0,0,-1,-1,0,0,0,0,-1,0,0,2,2,0,1,0,1,2,1,1,1,0,1,0,1,0,2,1,0,0,0,1,1,0,0,0,0,1,0,0,0,0,0,0,0,0,0,0,1,1,1,1,0,-1,0,-1,-1,0,0,1,0,2,0,0,0,0,0,0,-1,-1,-1,1,0,1,0,0,0,1,1,0,0,0,0,1,0,0,0,0,0,0,0,0,0,0,1,0,0,1,0,0,0,1,0,1,0,0,-1,0,0,0,0,1,0,0,-1,0,0,0,0
2580,67,2,09,3,3,7,2,1,4,3,1,0,2,3,2,5,1,1,0,1,2,1,0,4,0,1,0,1,0,3,0,0,1,0,0,0,0,0,0,0,0,0,0,-1,0,6,2,-1,-1,2,4,1,0,0,-2,2,1,-1,0,0,0,0,0,5,6,3,4,8,4,6,4,5,9,1,4,1,2,7,4,1,2,2,1,4,3,0,0,7,0,3,4,4,2,0,1,0,0,0,0,0,0,1,0,1,0,-1,-1,-1,-3,1,1,2,0,4,-2,-2,-2,-1,0,1,0,-1,0,2,0,9,5,2,2,2,6,5,5,1,0,6,4,2,1,0,2,1,0,2,1,2,0,3,0,1,4,4,2,0,0,1,0,0,0,0,0,1,0,0,-2,3,0,-3,-1,-1,4,4,-1,1,-1,-2,-3,-2,0,0,1,-1,0,3,3,3,5,1,8,4,4,3,3,3,3,0,0,0,2,0,2,1,1,1,4,2,3,0,0,0,0,0,2,1,0,2,-5,-1,1,3,1,2,2,-1,-4,-2,-1,0,-2,-1,0
2580,67,2,11,1,0,0,0,2,0,0,0,1,0,1,0,0,0,2,0,0,0,0,0,0,0,0,1,0,0,0,0,0,0,0,0,0,0,0,0,0,0,0,0,1,0,0,-1,2,1,0,0,-1,2,0,0,0,0,0,0,0,0,0,0,0,0,0,0,1,1,1,1,2,1,0,0,0,0,0,0,0,0,0,1,0,1,0,2,1,0,0,0,0,0,0,0,0,0,0,1,0,1,0,0,-1,-1,-1,-2,0,0,-1,0,-2,-1,0,0,0,0,1,-1,0,-1,0,0,0,0,4,1,0,0,2,1,1,0,0,0,3,0,0,0,0,0,0,0,0,0,1,0,0,0,2,0,1,0,0,0,1,1,0,0,0,0,0,0,0,-2,3,0,0,0,0,2,0,0,0,-2,0,-1,0,0,0,1,1,0,2,0,1,1,2,1,0,1,2,0,0,1,0,0,0,0,2,0,0,0,0,1,0,1,0,0,1,0,0,0,0,0,0,-1,1,0,0,0,0,1,0,-1,0,-1,0,0,1,0
2580,68,1,09,3,4,2,2,5,2,7,3,3,5,2,3,1,2,3,1,1,1,0,2,0,3,3,2,2,2,4,0,1,3,0,0,0,0,0,0,0,0,0,0,1,-3,-1,-1,0,2,0,-2,0,1,-1,-3,1,-1,-1,0,0,0,0,0,5,3,6,3,2,5,3,5,3,4,4,1,4,1,1,1,2,2,1,1,1,3,4,0,2,4,0,1,2,2,0,0,0,1,0,0,0,0,1,0,0,0,1,0,-2,3,-2,0,1,-1,-3,2,1,-1,-1,0,0,0,0,0,2,9,3,3,6,6,4,5,13,3,1,7,3,2,3,1,2,0,1,2,2,3,4,4,3,3,0,1,9,0,0,0,0,0,1,1,1,0,0,0,-4,5,-2,-10,3,-1,4,-1,-2,0,-2,2,-1,-8,2,-1,-1,0,0,1,4,3,6,6,7,7,2,2,2,1,4,4,1,2,2,2,4,4,1,1,2,3,1,1,1,0,0,0,1,0,0,0,-3,-4,4,4,-2,-3,3,3,-1,-1,1,1,0,0,0,0
2580,68,1,11,2,0,0,0,1,2,1,0,1,1,0,0,0,0,0,0,0,0,0,1,1,0,0,1,1,1,0,0,0,0,2,0,0,0,0,0,1,0,0,0,0,-1,0,-1,0,-1,0,0,-1,-1,-1,0,0,0,1,2,-1,0,0,0,0,0,0,0,1,1,0,0,0,1,0,0,0,0,0,0,0,0,0,1,0,0,0,0,0,1,0,0,0,1,0,0,0,0,0,0,0,0,0,0,-1,0,0,0,0,0,0,0,0,0,-1,0,0,0,0,0,0,0,0,0,0,0,1,0,0,0,0,1,0,1,0,0,0,0,0,0,0,1,0,0,0,0,0,0,1,0,0,1,0,0,0,0,0,0,0,0,0,0,0,0,0,0,0,0,-1,0,0,0,0,-1,0,0,0,0,0,0,0,0,0,0,2,1,1,3,2,1,0,3,0,1,0,0,0,0,1,1,1,0,0,0,1,0,0,2,2,0,0,2,0,1,0,1,0,0,1,0,-1,1,0,0,-1,0,1,-1,2,-1,0,1
2580,68,2,09,6,2,3,0,2,3,0,0,3,6,3,1,1,0,2,3,1,2,0,0,2,0,0,2,3,0,0,0,1,3,0,0,0,0,0,1,0,0,0,0,3,2,3,-3,-4,1,1,1,-2,-1,3,1,2,-1,-3,-1,0,0,0,0,4,1,1,5,5,1,4,2,9,3,1,0,1,4,2,3,1,0,1,3,0,1,1,6,2,1,3,1,3,1,0,0,0,0,0,0,0,0,0,0,3,-3,-1,-4,2,1,-1,0,-2,0,2,-2,-1,-2,2,0,0,0,0,0,2,9,3,7,4,2,11,7,2,2,1,5,1,5,4,1,3,2,2,0,1,5,3,1,2,1,6,4,1,0,0,1,0,0,0,0,0,0,0,0,0,-2,-4,5,2,0,0,-2,4,2,0,-3,-2,1,0,0,1,0,0,0,5,5,5,10,9,2,7,0,4,3,2,7,1,2,3,3,3,1,5,0,5,1,2,0,0,0,0,0,1,0,0,0,-4,3,-2,10,1,2,-3,7,-4,1,1,3,-1,0,0,0
2580,68,2,11,3,1,2,2,0,1,0,0,0,2,2,0,1,2,0,1,0,0,0,0,0,0,0,0,1,1,0,0,0,1,0,1,1,0,0,0,0,0,0,0,2,1,2,2,-2,2,0,1,2,-1,0,0,0,0,-1,0,1,1,0,0,0,0,1,0,1,2,0,0,1,0,0,0,0,0,1,0,0,0,0,0,1,0,0,0,0,1,0,0,1,0,0,0,1,0,0,0,0,0,0,0,-2,0,1,-1,1,-1,0,0,0,1,-1,0,0,-1,0,0,0,1,0,0,0,1,1,0,5,1,1,0,0,2,0,1,1,0,3,0,0,0,0,1,0,0,0,0,0,0,1,0,0,2,0,0,0,0,1,1,0,0,0,0,-1,0,1,0,3,0,1,1,0,3,0,-1,0,0,-1,-1,0,0,0,1,0,1,1,4,0,0,1,1,0,0,1,1,0,0,0,0,0,0,0,0,0,0,0,1,0,1,0,3,0,0,1,0,0,1,0,3,0,0,1,1,0,0,0,-1,0,1,-1,3
2580,69,1,09,1,5,2,2,3,4,3,4,5,5,1,3,2,1,3,0,2,0,1,0,2,2,3,3,3,2,1,1,2,2,0,0,0,0,0,0,0,0,0,0,-3,2,-2,-3,-2,-1,1,-1,-2,0,-2,1,-1,-1,-2,0,0,0,0,0,4,4,2,2,2,6,1,9,6,3,2,3,2,2,2,1,1,0,0,0,3,1,5,1,2,3,0,4,5,1,1,0,0,0,0,0,0,0,0,0,-2,3,-7,-4,-1,-1,2,-3,1,0,-2,1,-4,-5,-1,1,0,0,0,0,3,3,2,4,4,3,4,5,6,5,1,2,1,4,3,1,1,1,0,1,1,3,2,4,3,2,1,2,2,2,1,0,0,0,0,0,0,1,0,0,0,-1,-3,-2,-1,0,-1,-1,0,0,-1,0,-1,-2,-1,1,0,-1,0,0,2,8,4,4,2,3,0,5,1,4,3,4,1,3,1,0,1,2,0,4,0,1,0,1,0,1,0,0,1,0,0,0,0,5,4,-1,0,2,3,0,1,2,1,-1,-1,1,0,0
2580,69,1,11,0,1,0,1,1,0,0,0,1,1,0,1,0,1,1,0,0,0,0,0,0,0,0,1,0,0,0,0,0,0,0,0,0,0,0,0,0,0,0,1,0,1,0,0,0,0,1,0,0,1,0,0,0,0,0,0,0,0,0,-1,0,2,0,1,0,0,2,0,0,1,0,1,0,1,0,0,1,0,0,0,0,1,0,0,0,0,0,0,0,0,0,0,0,0,0,0,1,0,0,1,0,0,0,1,-1,0,0,0,1,0,0,1,0,0,0,0,-1,0,0,-1,0,0,2,1,0,0,1,1,4,0,0,0,1,0,0,0,0,0,0,0,0,0,0,2,0,0,1,1,2,0,0,0,1,1,0,0,0,0,0,0,0,-1,1,-3,0,0,0,1,-2,0,0,-1,-1,-2,0,0,0,1,1,0,0,0,1,1,3,1,2,1,0,0,0,0,0,0,0,0,1,0,1,0,1,1,1,0,0,0,1,1,1,0,0,1,-3,-1,-1,0,-1,0,-1,0,-1,-1,-1,0,-1,0,1,0
2580,69,2,09,0,3,8,1,5,1,4,2,1,1,0,2,6,0,4,0,1,2,1,1,1,1,2,1,0,0,3,0,0,1,0,0,0,0,0,0,0,0,0,0,-1,-1,6,0,4,-1,1,4,-1,4,0,-2,2,1,0,0,0,0,0,0,8,4,3,2,2,3,2,2,3,4,6,2,2,2,0,2,2,1,0,2,2,1,2,1,2,1,1,0,2,2,0,0,0,0,0,0,0,0,0,0,5,2,1,-1,-2,4,1,0,1,-2,1,1,1,-2,0,0,0,0,0,0,3,7,4,6,6,3,7,8,3,4,3,6,1,3,5,0,1,2,3,1,1,3,1,1,1,1,3,7,2,3,0,0,1,0,0,1,1,0,0,0,0,0,-4,3,2,2,3,0,2,4,-1,-2,-5,1,-2,-1,-1,1,0,0,2,6,0,2,4,2,4,2,1,6,0,1,1,0,0,1,2,0,2,2,2,2,2,0,0,0,0,0,0,0,0,0,-2,4,-4,0,-1,6,-2,-1,-1,-2,-2,1,0,0,0,0
2580,69,2,11,1,1,0,2,1,2,1,0,0,0,1,0,0,1,1,0,1,0,1,0,0,0,0,0,0,2,1,0,0,0,0,0,0,0,0,0,0,0,0,0,-1,0,0,2,1,1,0,0,1,1,-2,0,0,1,0,0,0,0,0,0,3,0,2,1,2,0,1,1,1,0,3,0,2,1,1,0,0,0,0,1,0,1,0,1,0,0,0,0,0,0,0,0,0,0,0,0,0,1,0,0,3,-1,1,0,2,3,-1,2,0,1,0,0,0,0,1,0,0,-1,0,0,3,2,1,1,1,0,2,1,1,0,0,0,0,0,1,3,1,1,0,0,0,1,0,1,0,0,1,0,0,0,0,1,0,1,0,0,0,1,0,0,3,0,0,0,1,0,-1,0,-1,1,3,0,1,0,0,0,1,-1,1,0,0,0,0,1,0,3,0,0,0,0,0,0,0,0,0,0,0,2,0,0,0,0,0,0,0,0,0,1,0,1,0,0,0,-3,0,1,0,-2,0,0,0,0,0,0,0,-1,0,1
2580,70,1,09,3,3,2,4,3,1,1,2,1,2,1,3,2,1,3,1,0,0,3,0,1,0,0,0,0,0,1,2,0,2,1,0,0,0,0,0,0,0,1,0,2,2,0,3,1,0,3,2,1,3,1,-1,-2,3,-2,1,0,0,-1,0,0,2,6,3,4,2,3,2,4,2,0,1,4,1,4,0,1,2,2,0,1,1,0,2,1,1,2,2,2,1,0,0,0,0,0,0,0,0,0,0,-2,-1,4,-1,2,-1,0,4,-1,3,-1,-1,0,0,-1,0,0,0,0,0,4,1,3,4,5,5,5,2,1,6,2,1,2,2,3,2,0,0,2,1,2,3,1,0,6,2,2,0,1,0,0,0,1,0,1,1,0,1,0,0,-1,-4,1,3,-1,0,-2,1,2,-3,0,-2,0,1,1,-1,0,0,0,1,4,5,2,5,9,5,7,2,3,4,1,4,1,1,0,1,7,3,3,1,1,2,2,1,0,0,1,0,1,0,2,0,-5,0,-5,3,-4,1,-2,3,0,-1,-2,0,-1,0,-1,0
2580,70,1,11,0,0,0,0,2,0,0,0,0,2,0,0,0,0,1,0,0,0,0,1,0,0,0,0,2,0,0,0,0,0,0,0,0,0,0,0,0,0,0,0,0,0,0,0,0,0,0,0,0,-1,0,0,0,0,1,0,0,0,0,0,2,1,0,2,0,1,1,1,0,1,0,1,0,0,0,1,0,0,1,0,0,0,0,0,1,0,0,1,0,0,1,0,0,1,0,1,1,0,0,0,1,0,-1,2,-1,0,1,0,0,-1,1,0,-1,1,0,0,-1,0,1,0,0,1,0,0,0,0,0,1,0,0,0,0,0,0,0,0,1,0,0,0,0,0,0,0,0,0,0,1,0,0,0,0,0,0,0,0,0,0,0,0,0,1,-1,0,0,0,0,0,0,0,0,1,-1,0,0,0,0,0,0,0,0,1,0,0,0,0,1,0,0,1,0,0,0,0,0,0,0,0,0,0,0,0,0,0,0,0,0,0,0,0,1,0,0,1,-1,0,0,1,0,0,0,0,0,0,0,0,-1,0
2580,70,2,09,2,7,2,3,3,6,5,2,4,5,1,4,1,3,1,1,3,1,0,2,4,3,1,3,3,2,2,1,1,2,0,0,0,0,0,0,0,0,0,0,-4,2,0,-1,-2,-3,1,0,0,-2,-1,1,0,-1,0,0,0,0,0,0,3,3,5,3,3,5,2,6,2,5,3,0,3,2,3,0,2,2,1,0,4,0,4,0,0,1,1,2,2,5,0,1,0,0,0,0,1,0,0,0,-2,1,-1,1,-2,-1,0,-1,2,3,-1,1,0,-1,-5,0,0,0,0,0,3,5,5,2,3,8,5,5,7,3,1,4,5,1,1,2,0,0,1,2,5,4,1,3,2,3,1,3,4,1,0,1,0,0,0,0,0,1,0,0,-5,0,0,-5,0,-4,0,4,-2,-1,-1,-1,-3,-3,1,0,1,-1,0,0,6,2,2,3,5,5,2,2,4,1,2,3,2,1,0,0,3,3,0,1,2,2,2,1,0,0,0,0,0,0,0,0,1,-3,0,1,1,-2,2,2,0,-1,-2,-1,0,0,0,0
2580,70,2,11,3,0,0,1,0,0,1,0,1,0,1,0,0,1,0,1,0,0,0,0,0,1,0,0,0,0,0,0,0,0,1,0,0,0,0,0,0,0,1,0,3,-1,0,0,0,1,-1,0,1,0,1,0,0,0,0,1,0,0,-1,0,2,1,0,0,1,2,1,0,0,0,1,0,0,0,0,0,0,0,0,1,0,0,0,0,0,0,1,0,0,0,1,1,0,0,0,2,0,0,0,0,0,0,0,0,1,1,0,0,0,0,0,-1,0,0,1,-1,1,0,0,0,1,1,0,0,0,0,0,0,0,0,1,1,0,0,0,0,0,0,0,0,0,0,0,0,0,0,0,0,0,0,0,0,0,0,0,0,0,0,0,0,1,1,0,0,0,1,1,0,0,0,0,0,0,0,0,0,0,0,0,0,1,0,1,2,0,0,0,3,0,0,1,0,1,0,0,0,0,0,0,1,0,0,0,0,0,0,0,2,0,0,0,2,1,0,1,-1,0,0,1,-1,1,0,0,0,0,0,0,0
2580,71,1,09,2,1,4,1,1,3,3,1,3,4,1,0,4,0,1,1,1,0,1,0,3,2,0,1,4,0,1,1,2,0,0,0,0,0,0,0,0,0,0,0,-1,-2,3,-2,-3,-2,-2,4,-1,-3,1,0,-1,-1,0,0,0,0,0,0,1,2,3,2,5,1,3,2,3,7,1,1,2,1,3,0,1,1,1,2,1,2,1,3,2,0,1,1,0,5,0,0,0,0,0,0,0,0,0,0,0,-1,1,-1,-2,0,-1,1,-2,1,0,0,0,1,-3,0,0,0,0,0,3,6,6,7,4,2,5,8,4,6,2,5,3,6,2,1,0,3,0,2,2,1,0,3,3,0,2,8,1,3,0,1,0,1,0,0,2,0,0,0,1,1,-2,3,-2,0,4,3,3,-1,1,-2,-5,-1,-1,0,-1,0,1,0,3,3,4,5,6,1,4,1,2,2,3,3,1,1,1,0,3,0,1,0,3,1,3,0,0,0,0,2,0,0,0,1,-3,2,0,4,-1,2,2,3,-2,0,-2,0,0,0,0,1
2580,71,1,11,0,0,0,1,1,0,0,0,0,0,0,0,0,1,1,0,0,0,0,0,0,0,0,0,0,0,0,0,0,0,0,0,0,0,0,0,0,0,0,0,0,0,0,1,1,0,0,0,1,1,0,0,0,0,0,0,0,0,0,0,2,0,0,0,1,1,0,0,2,2,1,0,0,0,0,0,0,0,0,1,1,0,0,0,1,0,0,0,1,1,1,0,0,0,0,0,0,0,1,0,1,0,0,-2,-1,0,0,0,0,-1,0,0,0,-1,0,1,0,0,-1,0,1,1,1,1,0,0,0,0,0,0,1,1,0,0,0,0,0,0,1,0,0,0,0,0,0,0,0,0,0,0,0,0,1,0,0,0,0,0,0,0,1,1,1,1,0,1,1,0,0,0,0,0,0,1,0,0,0,1,0,0,0,1,0,2,0,0,2,0,0,0,0,1,0,0,0,1,0,0,1,0,0,0,1,0,0,1,0,0,0,0,0,0,0,1,-2,2,0,0,-1,1,0,0,-1,1,0,1,0,0
2580,71,2,09,4,3,7,4,4,1,5,0,1,4,3,1,6,1,1,1,2,1,3,3,1,2,0,0,4,0,3,0,1,0,0,0,0,0,0,0,0,0,0,0,3,-2,7,3,0,2,-1,6,1,-3,1,-1,1,2,3,0,0,0,0,0,1,2,2,1,4,1,2,4,5,1,1,1,2,0,4,0,1,0,1,0,1,1,2,0,1,0,1,2,5,0,0,0,0,0,0,0,0,0,0,0,0,0,-2,-4,3,0,0,0,0,3,0,0,-2,-4,0,0,0,0,0,0,2,3,5,4,4,2,3,9,2,1,1,3,3,2,2,1,0,2,1,1,1,1,3,1,0,1,2,6,1,1,0,0,0,1,1,0,0,0,0,0,0,0,-4,2,3,0,2,0,1,2,0,-2,-4,0,0,0,0,0,1,1,4,4,5,4,5,4,7,2,1,3,4,3,3,1,1,1,1,1,3,1,4,3,4,1,0,0,0,0,0,0,0,0,-1,0,-2,2,0,2,1,2,-1,-2,-3,0,0,0,0,0
2580,71,2,11,0,0,0,1,0,0,1,0,0,0,0,0,0,0,0,0,0,0,0,0,0,0,0,0,0,0,1,0,0,0,0,0,0,1,0,0,0,0,0,0,0,-1,0,1,0,0,0,0,0,0,0,-1,0,0,0,0,0,0,1,0,1,2,0,0,2,0,0,0,0,1,1,1,0,0,1,0,0,0,0,0,0,0,0,0,1,0,0,0,0,0,0,1,0,0,1,0,0,0,0,0,1,2,0,0,1,1,1,0,0,0,0,0,0,0,0,0,1,0,0,1,2,0,0,0,0,1,1,1,0,1,2,0,0,0,0,0,0,0,0,0,1,0,0,0,1,0,1,1,0,0,0,0,0,0,0,0,0,0,0,0,1,-1,-1,0,-1,1,0,0,0,-1,0,-1,-1,0,0,0,0,0,0,0,0,1,2,1,1,0,3,0,0,0,1,0,0,0,1,1,1,0,1,0,0,0,2,0,0,1,0,0,0,0,0,0,-1,1,-1,1,-1,0,0,0,0,0,-1,1,0,1,0,0
2580,72,1,09,2,3,6,2,1,1,4,1,0,4,2,2,3,1,1,0,1,3,1,0,1,2,1,0,2,0,2,0,0,2,0,0,0,0,0,0,0,0,0,0,1,-1,5,2,-3,1,0,2,1,-1,0,-1,3,1,-2,0,0,0,0,0,5,1,4,4,1,2,2,3,0,4,2,1,1,3,1,3,0,3,1,0,2,1,2,0,0,0,0,1,0,4,0,0,0,0,0,0,1,0,0,0,3,-1,1,4,-3,0,0,-1,3,1,3,0,2,1,-4,0,-1,0,0,0,3,4,1,5,6,5,6,3,7,3,2,4,0,5,3,1,0,0,0,2,2,1,1,4,2,3,5,2,3,1,0,0,1,0,1,0,0,0,0,0,-2,-2,-2,-2,3,0,3,-1,1,1,-2,-5,-2,-3,1,0,0,1,0,1,4,3,3,3,2,3,2,1,3,2,1,2,0,1,2,1,2,2,1,1,0,0,1,0,1,0,0,0,0,1,0,0,2,0,1,2,1,0,0,1,0,1,1,1,1,-1,0,0
2580,72,1,11,0,1,0,1,1,0,0,0,0,2,0,0,0,0,1,0,1,0,0,0,0,0,0,0,0,0,0,0,0,1,0,0,0,1,0,0,0,0,0,1,0,1,0,1,-1,0,0,0,0,1,0,1,0,0,-1,0,0,0,1,-1,0,0,0,0,1,0,0,1,1,1,0,0,0,0,0,0,0,0,0,1,0,0,0,0,1,0,0,1,0,0,0,0,0,0,0,0,0,0,1,0,0,0,-1,-1,0,0,0,0,0,-1,0,0,-1,0,1,0,0,0,-1,0,0,0,0,1,1,2,0,0,0,2,0,0,0,1,0,0,0,0,0,0,1,0,0,0,0,1,0,0,0,1,0,0,0,0,1,0,0,0,0,1,-2,0,0,1,-1,-1,0,0,1,0,-1,0,0,0,-1,0,0,0,0,0,0,0,0,2,2,1,0,0,0,0,0,1,0,0,0,1,0,0,0,0,2,1,0,0,0,0,0,0,0,0,0,0,-2,-1,0,2,0,0,0,1,-2,-1,0,1,0,0,0,0
2580,72,2,09,5,1,3,4,5,3,6,1,1,2,1,1,2,2,4,3,0,1,2,1,2,4,1,1,0,1,2,0,0,2,1,0,0,0,0,0,0,0,0,0,2,-5,2,3,3,-1,-3,1,1,4,2,-2,1,2,-1,1,0,0,0,0,0,2,1,4,2,1,1,1,1,2,0,1,0,3,2,0,1,1,1,0,1,1,0,1,1,0,0,1,0,1,0,0,0,0,0,0,0,0,0,0,-1,1,0,3,0,-1,0,0,2,1,0,1,0,1,-1,0,0,0,0,0,2,3,3,6,6,0,2,5,1,5,2,0,3,5,4,0,3,0,1,2,0,1,2,0,1,0,1,3,1,4,0,0,0,0,0,0,0,0,0,0,2,1,-2,5,1,2,-1,1,5,3,0,2,-3,0,-2,0,0,0,0,0,4,4,4,4,7,5,2,4,2,3,3,4,2,1,1,0,4,2,2,2,3,3,0,2,0,0,0,0,0,0,0,0,-3,-1,2,0,-2,1,1,2,-1,-2,1,-2,0,0,0,0
2580,72,2,11,1,1,0,0,1,0,0,0,1,1,0,1,0,0,0,1,0,0,0,1,0,0,0,0,0,0,0,0,0,1,0,0,0,0,0,0,0,0,1,0,1,1,0,-1,0,0,1,0,0,0,1,0,0,0,0,0,0,0,-1,0,1,0,0,0,0,1,1,0,1,1,0,0,0,0,0,0,0,0,0,0,0,1,0,0,0,1,0,0,1,1,1,0,0,0,0,0,0,0,0,0,0,-1,0,-1,-1,0,-1,0,0,0,-1,0,0,-1,-1,1,0,0,0,0,0,0,0,0,0,0,1,1,0,1,0,0,0,0,0,0,0,0,0,0,0,1,1,0,0,0,0,0,0,1,0,0,0,0,0,0,0,0,0,0,0,-1,-1,0,-1,0,-1,-1,0,0,0,0,0,0,-1,0,0,0,0,0,2,1,1,3,2,0,3,1,1,1,0,1,1,0,1,1,0,0,2,0,1,0,1,1,0,0,0,1,1,0,0,0,0,1,-2,2,1,1,-2,1,0,0,0,0,-1,0,0,1
2580,73,1,09,3,2,4,1,2,3,2,0,2,2,2,1,4,1,2,0,1,0,0,0,1,2,0,1,0,2,0,0,1,2,1,0,0,0,0,0,0,0,0,0,0,0,4,-1,0,1,-1,4,0,2,-2,1,0,-1,-2,1,0,0,0,0,3,2,3,5,0,2,5,3,2,2,1,2,1,5,0,2,0,1,0,0,2,3,1,2,2,0,2,2,0,0,0,0,1,0,0,0,0,0,0,0,1,-3,0,3,-2,-1,-1,0,3,-2,2,-2,-1,0,0,0,0,1,0,0,2,2,6,7,5,1,0,4,4,3,2,2,2,6,4,0,0,2,1,1,0,0,1,2,2,1,0,2,2,1,0,0,2,0,0,0,0,1,0,0,1,2,2,3,2,2,2,1,4,2,-1,0,0,-1,0,0,0,1,0,0,4,2,2,3,3,2,3,2,2,2,2,3,2,0,0,0,0,1,2,2,3,1,1,0,0,0,0,0,0,0,0,0,1,0,-1,1,2,1,0,1,-1,-1,-1,0,0,0,0,0
2580,73,1,11,0,0,0,0,0,0,0,0,0,0,0,0,0,0,0,0,0,0,0,0,0,0,0,0,0,0,0,0,0,0,0,0,0,0,0,0,0,0,0,0,0,0,0,0,0,0,0,0,0,0,0,0,0,0,0,0,0,0,0,0,0,0,0,0,0,1,0,0,0,0,0,0,0,0,0,0,0,0,0,0,1,0,0,0,0,0,0,0,0,0,0,0,0,0,0,0,0,0,0,0,-1,0,0,0,0,-1,0,0,0,0,0,0,0,0,0,0,0,0,0,0,0,0,0,0,0,0,1,0,0,2,0,0,0,0,0,0,0,0,0,0,0,0,0,0,0,0,1,0,0,1,0,0,0,0,0,0,0,0,0,1,0,-1,0,0,-2,0,0,0,0,0,0,-1,0,0,-1,0,0,0,0,-1,1,0,0,1,0,0,0,0,0,0,0,0,1,0,0,1,0,0,0,0,0,0,0,0,0,0,0,0,0,0,0,0,1,0,0,1,0,0,0,0,1,0,0,1,0,0,0,0
2580,73,2,09,0,0,3,0,2,2,4,4,5,2,0,0,1,0,0,0,0,2,0,2,1,2,3,2,0,1,2,1,3,2,0,0,0,0,0,0,0,0,0,0,-2,-4,-1,-5,0,-1,-2,-2,-2,0,-1,-2,1,-3,0,0,0,0,0,0,3,2,2,2,0,1,1,4,3,3,3,1,2,2,0,0,1,0,0,0,1,0,3,1,3,0,1,1,2,0,0,0,0,0,0,0,0,0,0,0,2,1,-2,-1,-3,2,1,-1,1,-3,0,0,-1,-2,0,0,0,0,0,0,3,3,5,5,3,3,3,1,4,0,2,2,3,4,3,1,1,2,1,0,1,1,1,3,0,2,2,0,1,0,0,0,0,0,0,0,0,0,0,0,0,0,4,1,3,1,1,2,1,3,-1,-1,2,0,0,0,0,0,0,0,1,9,4,5,3,4,0,0,0,6,2,1,1,3,2,4,3,2,0,0,0,2,0,0,0,0,0,0,0,0,0,0,-2,5,4,5,-3,4,2,1,1,1,2,4,0,0,0,0
2580,73,2,11,0,0,0,0,2,0,0,0,0,0,0,0,0,0,0,0,0,0,0,1,0,0,0,0,0,0,0,0,0,0,0,0,0,0,1,0,0,0,0,0,0,0,0,0,2,0,0,0,0,0,0,0,0,0,1,0,0,0,0,1,0,1,0,0,1,0,0,1,0,0,0,1,0,0,1,0,0,0,0,0,0,0,0,0,0,0,0,0,0,0,0,0,0,0,0,0,0,1,0,0,0,1,-1,0,1,0,1,0,0,1,0,0,0,0,0,0,0,-1,0,0,0,0,0,3,0,1,0,0,1,1,0,0,0,1,0,0,0,0,1,0,1,0,0,0,0,0,0,0,0,1,0,0,0,1,0,0,0,0,1,0,-1,0,0,2,-1,-1,0,0,1,0,0,0,0,1,-1,0,0,0,0,0,0,0,0,2,0,0,0,0,0,0,0,0,0,0,0,1,0,0,0,0,0,0,0,0,0,0,0,1,0,0,0,0,0,0,0,2,0,0,0,0,0,0,0,1,0,0,0,1
2580,74,1,09,2,4,1,1,2,2,0,2,0,6,1,3,1,1,2,1,1,0,0,0,2,0,1,0,3,0,0,1,0,3,0,0,0,0,0,0,0,0,0,0,0,4,-1,1,-4,-1,3,0,1,-1,1,1,-1,0,-3,0,0,0,0,0,2,2,1,2,3,1,0,5,2,3,1,2,1,1,2,1,0,0,1,1,0,0,3,2,3,1,0,2,0,0,0,0,0,0,0,0,0,0,0,0,1,2,-4,0,0,1,2,-2,-1,-1,0,0,-2,1,1,0,0,0,0,0,2,4,2,5,2,4,3,2,2,5,1,2,2,4,1,0,2,0,1,1,3,2,1,0,2,1,1,1,2,3,1,0,0,0,0,0,0,0,0,0,-2,1,0,3,-3,-2,0,1,4,-1,-1,1,-1,-1,-2,1,0,0,0,0,4,5,4,2,5,6,5,5,3,4,3,2,1,1,1,0,5,3,2,2,0,3,3,3,0,0,0,0,0,0,0,0,-1,-1,-1,-3,-2,1,1,0,1,-2,-2,-3,0,0,0,0
2580,74,1,11,0,0,0,0,0,0,0,0,1,0,0,0,0,0,0,0,0,0,0,0,0,0,0,0,0,0,0,0,1,0,0,0,0,0,0,0,0,0,0,0,0,0,0,-1,0,0,0,0,0,0,0,0,0,-1,0,0,0,0,0,0,0,0,0,2,0,0,1,0,0,0,0,0,0,1,0,0,0,0,1,0,0,1,0,0,0,0,0,0,0,0,0,0,0,0,0,0,0,0,0,0,0,-1,0,2,0,0,-1,0,1,0,0,0,0,1,0,0,0,0,0,0,0,0,0,1,0,0,1,0,1,1,0,0,0,0,0,0,0,0,0,0,0,0,0,1,0,0,1,0,0,1,0,0,0,1,0,0,0,0,0,0,0,-1,0,0,-1,0,0,0,-1,0,0,-1,0,0,-1,0,0,0,1,0,0,1,0,0,0,0,0,0,0,0,0,0,0,1,0,0,0,0,0,0,0,0,0,0,0,0,0,0,0,0,0,0,0,1,0,0,0,0,0,0,0,1,0,0,0,0,0,0
2580,74,2,09,3,1,2,1,9,2,2,1,1,1,1,0,1,1,7,2,1,1,0,2,2,1,1,0,1,0,1,0,1,0,0,0,0,0,0,0,0,0,0,0,1,-1,1,0,8,-1,-1,0,1,6,2,0,1,-1,2,0,0,0,0,0,3,3,3,1,2,3,5,3,1,1,0,2,2,1,0,3,1,1,0,2,1,2,3,0,0,2,3,0,1,1,0,0,0,0,0,0,0,0,0,0,0,-2,0,0,1,-1,0,-1,1,0,1,-2,1,-1,1,0,0,0,0,0,2,2,6,5,4,3,2,4,0,2,1,1,5,3,3,1,1,1,2,1,3,1,2,0,0,0,1,2,0,2,0,0,0,0,0,0,0,0,0,0,-1,0,2,5,2,-2,0,3,3,3,1,0,-1,2,-1,0,0,0,0,0,3,3,3,4,1,5,2,2,1,2,2,3,1,1,1,1,1,1,1,1,0,4,0,1,1,0,0,0,0,0,1,0,2,-2,1,2,0,1,1,2,1,-3,1,0,1,0,-1,0
2580,74,2,11,1,0,0,1,1,0,1,0,2,2,1,0,0,0,1,0,0,0,0,0,0,0,0,1,1,0,1,0,1,1,0,0,0,1,0,0,0,0,0,0,1,-1,0,-1,-1,1,0,0,-1,0,0,-1,0,-1,-1,0,0,0,1,0,0,0,0,0,1,0,0,0,0,2,0,0,0,0,0,0,0,0,0,0,0,0,0,0,0,0,0,0,0,2,0,0,0,0,1,0,0,0,0,0,0,0,0,0,-1,0,0,0,0,0,0,0,0,0,-2,0,0,0,0,1,0,0,1,0,2,1,0,0,1,1,0,0,1,0,2,0,0,0,0,0,0,0,0,0,0,1,0,0,1,1,0,0,0,0,0,0,0,0,0,0,-1,0,1,-1,1,0,0,1,0,2,-1,0,0,-1,-1,0,0,0,0,0,0,0,2,0,1,1,0,0,0,0,2,0,0,0,0,0,1,1,0,0,0,0,0,0,0,0,0,0,0,0,0,0,-1,-1,2,0,-1,-1,2,0,0,0,0,0,0,0,0,0
2580,75,1,09,3,1,3,3,4,2,4,3,2,1,3,0,2,3,3,0,1,1,0,1,0,3,3,2,0,2,1,0,0,0,0,0,0,0,0,0,0,0,0,1,1,-3,0,1,3,3,-3,-1,1,3,-2,0,1,0,1,0,0,0,0,-1,3,1,5,2,0,1,1,2,1,2,2,1,4,1,0,1,0,1,1,0,1,1,2,1,1,0,0,0,0,1,0,0,0,0,0,0,0,0,0,0,2,0,3,1,-2,1,0,2,0,-1,1,0,1,1,-1,0,0,0,0,0,4,6,2,1,2,0,1,2,4,3,3,5,1,1,2,1,1,1,0,0,0,1,0,3,0,0,0,2,1,3,0,0,0,0,0,0,0,0,0,0,4,5,0,-3,-1,3,4,1,-2,2,1,1,-1,-1,-3,0,0,0,0,0,5,2,5,6,6,5,6,2,3,1,3,3,1,1,2,3,5,0,4,1,1,4,2,1,1,0,0,0,0,1,0,0,-1,-3,-1,4,-2,1,-1,2,0,-3,0,2,1,-1,0,0
2580,75,1,11,0,0,0,0,2,0,0,0,1,1,0,0,0,0,1,0,0,0,0,1,0,0,0,0,1,0,0,0,0,0,0,0,0,0,0,0,0,0,1,0,0,0,0,-1,1,0,0,0,0,0,0,0,0,0,1,0,0,0,-1,0,1,0,0,1,1,0,0,0,0,0,1,0,0,1,0,0,0,0,0,1,0,0,0,0,0,0,0,0,0,0,0,0,0,0,0,0,0,0,0,0,1,0,0,1,1,1,0,0,1,0,0,0,0,0,1,0,0,0,0,0,1,1,1,0,0,0,0,0,0,0,0,1,0,0,0,1,0,1,0,0,0,0,0,0,0,0,0,0,0,0,0,0,0,0,0,0,0,0,0,0,1,1,1,0,0,0,1,0,0,0,1,0,1,0,0,0,0,0,0,0,0,0,1,0,0,0,1,0,0,0,0,0,0,0,0,0,0,0,0,0,0,0,0,0,0,0,1,0,0,0,1,0,0,0,0,0,0,0,0,0,0,0,0,0,0,0,0,0
2580,75,2,09,0,0,2,2,3,1,0,1,2,4,0,0,1,1,3,0,0,1,1,0,0,0,1,0,4,1,0,0,2,0,0,0,0,0,0,0,0,0,0,0,-1,0,1,0,-1,0,0,0,1,-1,-1,0,1,-1,0,0,0,0,0,0,1,2,7,4,1,0,2,4,5,1,0,0,7,1,1,1,2,0,3,0,0,1,3,3,1,0,1,1,2,0,0,0,0,0,0,0,0,0,0,0,1,0,3,-1,0,0,-1,4,-2,0,1,1,-1,1,0,0,0,0,0,0,2,1,1,3,2,0,2,3,2,1,2,1,0,3,2,0,0,1,0,0,0,2,3,1,1,0,0,0,1,0,0,0,0,0,0,0,0,0,0,0,2,-1,-2,1,1,2,-1,-3,2,1,0,0,1,-1,0,0,0,0,0,0,4,2,3,3,2,1,1,4,2,2,3,2,2,0,0,0,2,0,1,2,0,1,0,2,0,0,0,1,0,0,0,0,2,1,2,-1,0,2,2,0,2,-1,0,-2,0,0,0,1
2580,75,2,11,0,1,0,1,0,0,2,0,0,0,0,1,0,1,0,0,0,0,0,0,0,0,0,0,0,0,2,0,0,0,0,0,0,0,0,0,0,0,0,0,0,-1,0,1,0,0,1,0,1,0,0,-2,0,0,0,0,0,0,0,0,0,0,0,0,1,0,0,0,0,2,0,0,0,0,0,0,0,0,0,1,0,0,0,0,0,0,0,0,0,2,0,0,0,0,0,0,0,0,0,0,0,0,0,0,-1,0,0,0,0,0,0,0,0,0,-1,0,0,0,0,0,2,1,1,0,1,1,0,0,0,0,0,0,1,0,1,2,0,0,0,0,0,0,0,0,0,1,0,0,0,0,0,1,0,0,0,0,0,0,0,0,1,1,1,0,1,0,0,1,0,1,1,0,0,0,0,0,1,0,0,0,0,0,2,0,1,2,0,0,0,0,1,0,0,0,1,0,0,0,0,0,0,2,0,0,0,0,0,0,1,0,0,0,-1,-2,2,0,0,0,1,0,0,-2,1,0,-1,0,0,0
2580,76,1,09,1,2,0,1,3,3,0,1,5,0,1,1,0,1,2,0,1,0,0,1,2,0,1,3,0,1,0,0,2,0,0,0,0,0,0,0,0,0,0,0,-2,2,-1,-4,3,-1,1,-1,-2,2,-1,1,0,-2,1,0,0,0,0,0,0,2,2,3,0,4,0,2,2,2,0,1,2,0,0,0,1,0,3,0,3,0,1,1,1,1,0,1,1,1,0,0,0,0,0,0,0,0,0,0,-4,2,0,1,-2,-3,1,1,-1,-1,-1,1,-1,2,-1,0,0,0,0,0,3,4,3,4,0,1,1,2,1,3,2,3,2,4,0,1,1,0,0,0,1,1,0,1,0,0,0,2,0,3,0,0,1,0,0,0,0,0,0,0,2,3,1,3,-3,1,2,2,3,0,1,1,-2,0,-3,0,0,1,0,0,0,4,1,0,2,3,3,2,0,4,0,0,0,0,1,0,1,2,1,2,1,1,2,0,0,0,0,0,0,0,0,0,-2,1,-2,-2,-1,2,-1,-2,-1,-1,-1,0,0,0,0,0
2580,76,1,11,0,0,0,0,0,0,1,0,0,0,0,0,0,0,0,0,0,0,0,0,0,0,0,0,0,0,0,0,0,0,0,0,0,0,0,0,1,0,0,0,0,-1,0,0,0,0,0,0,0,0,0,0,0,0,0,0,-1,0,0,0,0,0,0,0,0,0,0,0,0,0,0,0,0,0,0,0,0,0,0,0,0,0,0,0,0,0,0,0,0,0,0,0,0,0,0,0,0,0,0,0,0,0,0,0,0,0,0,0,0,0,0,0,0,0,0,0,0,0,0,0,0,0,0,0,0,0,0,0,0,0,0,0,0,0,0,0,0,0,0,0,0,0,0,0,0,0,0,0,0,0,0,0,0,0,0,0,0,0,0,0,0,0,0,0,0,0,0,0,0,0,0,0,0,0,0,0,0,0,0,0,1,0,1,0,0,0,0,0,1,0,0,0,0,0,1,0,0,0,0,0,0,0,0,0,0,0,0,0,0,0,0,0,1,0,1,0,1,0,0,0,0,0,1,0,0,0,0,0
2580,76,2,09,2,3,2,2,4,1,2,3,3,3,2,1,1,2,3,0,2,1,0,1,1,2,2,1,1,0,0,1,2,2,0,0,0,0,0,0,0,0,0,0,1,1,-1,-1,1,1,-1,-1,1,2,0,2,0,-2,-1,0,0,0,0,0,4,1,0,6,5,3,3,1,2,2,3,1,0,5,5,1,0,0,1,0,2,3,0,2,2,1,0,1,0,0,0,0,0,0,0,0,0,0,0,0,1,-2,-1,4,3,1,-2,0,3,3,0,0,-1,1,0,0,0,0,0,0,0,1,2,6,5,2,2,2,3,1,0,1,2,5,4,0,0,0,1,1,1,1,0,3,0,1,1,2,0,1,0,0,0,0,0,0,0,0,0,0,-2,-1,0,3,4,-1,0,2,2,4,-1,-1,-2,1,0,0,0,0,0,0,5,2,4,2,0,2,2,0,2,2,3,1,3,0,1,1,0,1,1,0,0,1,1,0,0,0,0,0,0,0,0,0,5,0,2,2,2,1,2,1,3,-1,0,1,0,0,0,0
2580,76,2,11,0,0,0,0,0,1,1,1,2,1,0,0,0,0,0,0,0,0,0,0,0,0,1,0,0,1,0,0,2,1,0,0,0,0,0,0,1,0,0,0,-1,-1,-1,-2,-1,0,0,-1,0,0,-1,0,0,-2,-1,0,-1,0,0,0,1,0,0,0,0,1,0,1,1,0,1,0,0,0,0,0,0,0,0,0,1,0,0,0,0,0,0,0,0,0,0,0,0,0,0,0,0,1,1,0,0,0,-1,-1,0,0,0,0,0,0,0,0,0,0,0,0,0,-1,-1,0,1,1,0,0,0,1,0,0,0,0,0,1,0,0,0,0,0,0,0,0,0,0,0,0,0,1,0,0,0,0,1,0,0,0,0,0,0,0,0,0,0,1,0,0,0,0,1,0,0,0,-1,0,0,0,0,1,0,0,0,0,0,3,0,2,0,0,0,0,0,2,0,1,0,0,0,1,0,0,0,0,0,0,0,0,0,1,0,0,0,0,0,0,0,3,0,2,0,2,0,1,0,0,0,1,0,1,0,0
2580,77,1,09,3,0,0,3,1,1,1,1,1,2,2,0,0,2,1,1,0,0,1,0,1,0,0,1,1,0,1,1,0,1,0,0,0,0,0,0,0,0,0,0,2,-1,-1,2,-1,1,0,0,1,0,1,-1,-1,1,-1,0,0,0,0,0,0,2,0,2,1,1,2,1,2,2,0,2,0,2,1,0,0,0,0,0,0,1,1,1,1,1,1,0,1,1,0,0,0,0,0,0,0,0,0,0,-1,0,-1,0,-1,0,1,-1,1,0,-1,-1,0,-1,-1,0,0,0,0,0,1,2,3,6,1,3,3,4,0,2,1,1,2,5,0,0,1,1,1,1,2,2,3,0,1,1,1,1,0,1,0,0,0,0,0,0,0,0,0,0,-2,-1,-1,6,-1,-1,-1,-1,5,-1,-1,0,0,1,0,0,0,0,0,0,4,1,7,5,5,3,1,4,2,1,6,3,2,0,1,2,2,2,1,0,3,1,0,4,0,0,0,0,0,0,0,0,-1,-2,6,1,0,-1,5,3,-1,-1,1,-2,0,0,0,0
2580,77,1,11,0,0,0,0,0,1,0,0,0,0,0,0,0,0,0,0,0,0,0,0,0,0,0,0,0,1,0,0,0,0,0,0,0,0,0,0,0,0,0,0,-1,0,0,0,0,0,0,0,0,0,-1,0,0,0,0,0,0,0,0,0,0,0,0,0,0,0,0,0,0,0,0,0,0,0,0,0,0,0,0,0,0,0,0,0,0,0,0,0,0,0,0,0,0,0,0,0,0,0,0,0,0,0,0,0,0,0,0,0,0,0,0,0,0,0,0,0,0,0,0,0,1,0,0,0,0,0,2,0,0,0,0,0,0,0,0,1,0,0,0,0,0,0,0,0,0,0,1,0,0,0,0,0,0,0,0,0,1,0,0,0,1,-2,0,0,0,0,0,0,0,0,1,-1,0,0,0,0,-1,0,0,0,0,0,0,0,0,0,0,2,0,0,0,0,0,0,0,0,0,0,0,0,0,0,0,1,0,0,0,0,0,0,0,1,0,0,0,-2,0,0,0,0,0,0,0,-1,0,0,0,-1
2580,77,2,09,2,2,4,1,3,0,3,1,0,0,1,1,3,1,3,1,1,1,0,0,0,1,0,0,0,0,2,1,0,0,0,0,0,0,0,0,0,0,0,0,2,-1,3,1,3,1,0,3,1,3,1,-1,0,0,0,0,0,0,0,0,1,3,3,4,4,2,1,0,2,4,1,3,2,3,3,0,0,1,1,1,1,0,0,0,2,1,1,0,2,2,0,0,0,0,0,0,0,0,0,0,-1,2,3,2,0,0,3,2,3,1,-1,-1,1,-1,-1,0,0,0,0,0,3,3,3,6,1,0,0,2,0,5,2,3,3,4,0,1,0,0,2,1,0,0,1,0,2,0,0,0,0,3,0,0,0,0,0,0,0,1,0,0,3,3,1,6,-4,2,3,2,4,-2,1,0,0,2,-2,0,0,-1,0,0,6,4,4,4,5,6,1,1,4,2,1,1,2,2,3,3,2,3,1,1,3,3,0,0,0,0,0,0,0,0,0,0,1,-2,3,3,2,-1,0,0,-1,-1,3,3,0,0,0,0
2580,77,2,11,0,0,0,0,0,0,0,0,0,0,0,0,0,0,0,0,0,0,0,0,0,0,0,0,0,0,0,0,0,0,0,0,0,0,0,0,0,0,0,0,0,0,0,0,0,0,0,0,0,0,0,0,0,0,0,0,0,0,0,0,0,0,0,0,0,0,0,0,0,0,0,0,0,0,0,0,0,0,0,0,0,0,0,0,0,0,0,0,0,0,0,0,0,0,0,0,0,0,0,0,0,0,0,0,0,0,0,0,0,0,0,0,0,0,0,0,0,0,0,0,0,0,2,1,0,0,0,3,1,0,0,0,1,1,0,0,0,1,0,0,0,0,0,0,0,0,0,3,1,0,0,0,0,0,0,0,0,0,0,0,0,0,-1,0,0,0,0,1,1,0,0,0,-2,-1,0,0,0,0,0,0,0,0,2,2,0,0,2,0,0,0,1,1,0,0,1,0,0,0,1,0,0,0,1,0,0,0,0,1,0,0,0,0,0,0,0,2,0,0,0,1,0,0,0,0,0,0,0,1
2580,78,1,09,3,1,2,3,1,0,0,2,1,1,3,0,2,1,1,0,1,0,2,0,0,0,0,0,1,0,0,2,1,0,0,0,0,0,0,0,0,0,0,0,3,1,0,2,0,3,0,2,1,0,0,1,-2,1,0,0,0,0,0,0,1,1,3,3,2,2,2,0,1,1,0,1,2,3,2,0,0,1,0,0,1,2,0,1,0,1,0,0,0,1,1,0,0,0,0,0,0,0,0,0,-1,-1,3,2,1,-1,-1,2,2,2,-1,0,1,0,-1,1,0,0,0,0,1,1,0,2,0,2,3,0,2,5,1,0,0,2,0,0,1,0,0,0,1,2,0,1,2,1,1,0,1,3,0,0,0,0,0,0,0,0,0,0,-1,-2,0,0,-5,0,-2,0,1,-2,-1,0,0,-1,-3,0,0,0,0,0,3,4,3,4,3,2,1,2,2,2,2,3,1,2,1,1,1,1,0,1,2,1,1,1,0,0,0,0,0,0,0,0,0,2,2,2,1,1,2,2,-1,1,0,0,0,0,0,0
2580,78,1,11,0,0,0,0,1,0,0,0,0,0,0,0,0,0,0,0,0,0,0,1,0,0,0,0,0,0,0,0,0,0,0,0,0,0,0,0,0,0,0,0,0,0,0,0,1,0,0,0,0,0,0,0,0,0,1,0,0,0,0,0,0,0,0,0,0,0,0,0,1,0,0,0,0,0,0,0,0,0,0,0,0,0,0,0,0,0,0,0,0,0,0,0,0,0,0,0,0,0,1,0,0,0,0,-1,0,0,0,0,0,0,0,0,0,0,0,0,0,0,-1,0,0,0,0,0,0,0,1,0,0,0,0,0,0,0,0,0,0,0,0,0,0,1,0,0,0,0,0,0,0,0,0,0,0,0,0,0,0,0,0,0,0,-1,0,0,0,0,-1,0,0,0,0,0,0,0,0,0,0,0,0,0,0,0,0,1,2,0,0,0,0,0,0,0,0,0,0,0,1,0,0,0,1,0,0,0,0,0,0,1,0,0,0,0,-2,0,0,1,-1,0,0,0,-1,0,0,0,0,0,0,1
2580,78,2,09,2,1,1,2,1,1,0,2,1,0,1,1,1,1,1,1,0,0,1,0,1,0,1,1,0,0,0,1,0,0,0,0,0,0,0,0,0,0,0,0,1,1,-1,1,1,0,1,0,0,1,1,0,-1,1,0,0,0,0,0,0,0,3,2,5,1,1,1,1,2,4,0,0,0,5,1,0,2,2,0,0,1,1,0,1,3,0,0,1,1,1,0,1,0,0,0,0,0,0,0,0,-1,2,1,3,-3,-1,-1,0,4,-2,0,2,1,-1,-1,0,1,0,0,0,3,0,1,0,2,1,3,0,2,1,2,0,0,0,2,1,0,1,0,0,1,3,0,1,0,0,0,0,1,1,0,0,0,0,0,0,0,0,0,0,2,-3,1,-2,1,1,-3,0,-1,2,1,0,1,-1,-1,0,0,0,0,0,2,3,5,3,1,2,3,0,0,2,4,3,2,1,1,0,1,1,2,0,0,1,1,0,0,0,0,0,0,0,0,0,1,1,2,3,-1,1,2,3,2,0,0,0,0,0,0,0
2580,78,2,11,1,1,0,0,0,0,0,0,0,0,1,0,0,0,0,0,0,0,0,0,0,0,0,0,0,0,0,0,0,0,0,1,0,0,0,0,0,0,0,0,1,1,0,0,0,1,0,0,0,0,0,0,0,0,0,0,1,0,0,0,0,1,0,0,0,0,0,0,0,2,0,1,0,0,0,0,0,0,0,0,0,0,0,0,1,0,0,0,0,0,0,0,0,0,0,0,0,0,0,1,0,1,0,0,-2,0,1,0,0,-1,0,0,0,0,0,0,0,0,0,-1,0,0,1,0,0,1,0,0,0,1,0,0,0,0,0,0,0,1,0,0,1,0,0,0,1,0,0,0,0,0,0,0,0,0,0,0,0,0,0,0,-1,0,1,0,-1,-1,0,0,0,-1,0,0,1,0,0,0,0,0,0,0,0,1,0,1,0,0,0,0,0,1,0,1,0,0,0,0,0,0,0,0,0,0,0,0,0,0,0,0,0,0,0,0,0,1,0,1,0,1,0,1,0,0,0,0,0,0,0,0
2580,79,1,09,1,0,1,2,4,1,1,1,2,1,1,0,1,1,4,0,0,0,1,0,1,1,1,1,0,0,0,0,1,1,0,0,0,0,0,0,0,0,0,0,0,-1,0,0,3,0,-1,0,0,4,0,0,0,0,-1,0,0,0,0,0,2,1,1,3,2,1,2,3,2,1,1,1,1,3,1,1,0,0,0,1,1,1,2,1,1,0,1,1,1,0,0,0,0,0,0,0,0,0,0,0,1,-1,-2,1,1,0,0,-1,2,0,1,-1,-1,-1,1,0,0,0,0,0,0,0,1,2,1,2,1,2,2,1,0,0,1,2,1,0,0,0,0,0,0,0,1,1,1,2,1,1,1,0,0,0,0,0,0,0,0,0,0,0,-2,-1,-1,0,0,0,0,0,1,0,-2,-1,-1,-1,0,0,0,0,0,0,4,1,1,2,2,7,2,3,2,0,0,1,2,1,1,1,1,5,1,3,1,2,1,0,0,0,0,0,0,0,0,0,2,-6,-1,-1,1,-5,-1,-2,1,-1,0,1,0,0,0,0
2580,79,1,11,0,0,0,1,0,0,0,1,0,0,0,0,0,0,0,0,0,0,1,0,0,0,0,0,0,0,0,0,0,0,0,0,0,0,0,0,0,1,0,0,0,0,-1,1,0,0,0,0,0,0,0,0,0,1,0,0,0,-1,0,0,0,0,0,0,0,0,0,0,1,1,0,0,0,0,0,0,0,0,0,0,0,0,0,0,1,0,0,0,1,0,0,0,0,0,0,0,0,0,0,0,0,0,0,-1,-1,0,0,0,0,-1,0,0,0,-1,0,0,0,0,0,0,0,0,0,0,0,0,0,0,0,0,0,0,0,0,0,0,0,0,0,0,0,0,0,0,0,0,0,0,0,0,0,0,0,0,0,0,0,0,0,0,0,0,0,0,0,0,0,0,0,0,0,0,0,0,0,0,0,0,0,0,0,1,0,0,0,0,0,0,0,1,0,0,0,0,0,0,0,0,0,0,0,0,0,0,0,0,0,0,0,0,0,0,0,1,0,0,0,1,0,0,0,0,0,0,0,0,0,0
2580,79,2,09,0,1,1,3,2,2,1,3,1,2,0,0,0,3,1,0,1,1,0,1,1,0,2,1,2,1,1,1,0,0,0,0,0,0,0,0,0,0,0,0,-2,0,-2,2,0,-1,0,-2,2,-1,-1,0,0,0,1,0,0,0,0,0,2,1,2,2,4,0,3,5,0,0,1,0,1,2,3,1,1,1,0,1,0,1,1,0,0,0,2,4,0,0,0,0,0,0,0,0,0,0,0,0,2,-2,-3,2,4,1,-1,0,2,3,1,-1,-3,0,1,0,0,0,0,0,4,1,4,2,4,2,0,4,1,2,2,0,2,2,3,2,1,2,0,0,0,0,3,1,1,2,0,1,0,1,0,0,0,0,1,0,0,0,0,0,2,1,0,1,2,2,0,-1,1,2,0,1,1,0,-1,0,0,0,0,1,2,5,3,5,2,2,1,0,2,2,3,4,0,3,0,1,2,0,1,0,0,2,0,0,0,0,0,0,0,0,0,0,0,3,2,5,0,2,2,4,0,1,0,1,0,0,0,0
2580,79,2,11,0,0,0,0,0,0,1,0,0,1,0,0,0,0,0,0,0,0,0,0,0,1,0,0,0,0,0,0,0,0,0,0,0,0,0,0,0,0,0,1,0,-1,0,0,-1,0,-1,0,0,0,0,0,0,0,0,0,0,0,0,-1,1,0,0,0,1,0,0,1,0,0,1,0,0,0,0,0,0,0,0,1,0,0,0,0,0,0,0,0,0,0,0,0,0,0,0,0,0,1,0,0,1,0,-1,0,1,1,0,0,0,0,0,0,0,0,1,0,0,-1,0,0,1,0,0,0,1,0,0,0,0,0,0,0,0,0,0,0,0,0,0,1,0,0,0,0,0,0,0,0,0,0,1,0,0,0,0,0,0,0,0,0,1,0,0,0,1,0,0,0,0,0,0,0,0,0,1,1,0,0,0,0,0,0,0,0,1,1,0,1,0,0,0,0,0,0,0,0,0,0,0,0,0,0,0,1,0,0,0,0,1,1,0,0,-1,-1,0,-1,0,0,0,0,0,0,0,-1,-1,-1,0,0
2582,0,1,09,5,10,2,2,2,4,3,7,5,6,0,4,1,0,0,2,3,0,1,0,1,1,2,2,3,3,2,5,3,3,3,3,1,1,2,0,0,0,0,0,1,7,-5,-3,-4,-1,3,-1,-2,-3,-1,1,-5,-2,-3,3,3,1,1,2,3,4,4,8,7,3,2,14,6,7,1,2,2,3,1,0,0,1,2,2,2,2,4,3,3,0,0,10,3,4,2,2,1,3,4,1,0,0,0,0,0,2,-10,2,0,-1,0,-2,0,-2,0,0,-9,-1,-2,1,2,1,3,4,4,7,7,3,5,7,6,3,5,6,1,5,4,3,4,2,1,2,0,1,1,2,0,1,3,6,4,3,4,3,1,1,1,0,0,0,0,0,0,0,-3,1,4,-2,-1,0,3,4,2,1,-4,-3,-1,-4,-2,1,1,1,0,0,10,6,4,4,6,7,3,5,6,2,1,1,3,3,1,2,3,7,2,2,3,0,1,3,1,1,2,1,0,0,0,0,4,-1,1,-1,3,-5,-1,-1,0,3,0,-1,1,1,2,1
2582,0,1,11,1,1,0,1,2,0,1,0,1,1,0,0,0,0,0,0,0,0,0,0,0,0,0,0,0,0,1,0,0,1,1,1,0,1,2,0,0,0,1,0,1,0,0,0,1,0,0,0,0,0,0,-1,0,0,-1,1,1,0,0,2,1,1,0,0,1,0,0,0,0,0,0,0,0,0,0,0,0,0,0,0,0,0,0,0,0,0,0,0,0,0,1,1,0,0,1,0,0,0,0,0,1,1,0,0,1,0,0,0,0,0,0,0,0,0,0,1,1,0,0,1,2,0,1,0,2,0,0,0,0,0,0,0,0,0,0,0,0,0,0,0,0,0,0,0,0,0,0,0,0,0,2,0,1,0,2,0,0,0,0,0,2,0,1,0,2,0,0,0,0,0,0,0,0,0,0,2,0,1,0,2,0,1,0,0,0,1,0,0,0,0,0,0,0,0,0,0,0,1,0,0,0,0,0,0,0,1,0,0,0,0,0,0,0,0,0,0,0,-1,0,0,0,0,0,0,0,1,0,0
2582,0,2,09,8,5,5,8,2,2,7,7,6,2,2,0,2,3,1,2,3,2,2,0,0,2,3,2,0,2,4,4,4,2,4,2,1,3,1,0,1,0,0,0,6,-2,-2,2,0,2,-2,-1,1,1,0,-1,-2,-2,-2,4,1,1,3,1,7,5,5,8,4,3,10,11,10,4,5,0,3,2,3,1,4,0,3,1,0,2,4,5,3,3,8,7,5,1,1,1,2,3,0,0,0,0,0,0,4,-5,-6,-2,0,5,-2,-1,-3,0,-2,-4,-7,-2,0,1,1,2,3,0,10,7,2,6,2,5,6,4,4,5,3,3,2,3,1,0,1,0,3,1,4,2,3,2,3,1,4,1,2,2,7,3,0,0,0,0,0,0,0,0,5,1,-2,2,-3,-1,1,-1,1,-2,-1,-3,-1,1,-1,7,3,0,0,0,5,5,3,3,0,2,5,3,2,2,2,1,2,2,1,2,0,1,5,3,0,1,0,0,1,1,0,0,0,0,0,0,5,3,-2,0,2,1,-3,-2,2,1,1,2,1,1,0,0
2582,0,2,11,0,1,0,0,0,0,0,0,0,0,0,0,0,0,0,0,0,0,0,0,0,0,0,0,0,0,0,0,0,0,0,1,0,0,0,0,0,0,0,0,0,1,0,0,0,0,0,0,0,0,0,0,0,0,0,0,1,0,0,0,2,0,2,0,0,0,0,0,0,0,0,0,0,0,0,0,0,0,0,0,0,0,0,0,0,0,0,0,0,0,2,0,2,0,0,0,0,0,0,0,2,0,2,0,0,0,0,0,0,0,0,0,0,0,0,2,0,2,0,0,0,1,0,0,0,0,1,0,0,0,0,0,0,0,0,0,0,0,0,0,0,1,0,0,0,0,0,0,0,0,0,1,0,0,0,0,0,0,0,0,0,0,0,0,0,0,-1,0,0,0,0,0,0,0,0,0,1,0,0,0,0,1,1,1,0,0,0,0,0,0,0,0,0,0,0,0,0,0,0,0,0,0,0,0,0,1,1,1,0,0,0,0,0,1,1,1,0,0,0,0,0,0,0,0,0,1,1,1
2582,1,1,09,13,8,10,4,8,16,8,10,4,12,6,3,3,2,2,2,1,6,2,6,5,3,4,1,6,10,4,6,3,6,5,4,1,0,0,1,1,0,0,0,-3,0,0,0,-4,1,0,-1,1,-4,-8,-3,0,-1,0,4,3,1,0,0,11,10,3,16,11,4,10,5,10,11,4,4,2,6,5,7,4,1,4,3,2,4,2,1,1,2,6,3,9,10,0,2,0,6,3,0,0,0,0,0,7,0,-2,6,0,2,0,0,5,4,5,-2,-2,-5,-7,0,2,0,6,3,12,13,19,8,8,12,13,9,12,7,5,5,13,4,4,4,3,4,1,3,4,6,5,7,5,8,7,3,5,2,3,5,2,3,1,0,0,1,0,0,0,0,10,-4,1,1,-1,8,-3,-1,-4,-4,1,-4,1,3,5,1,3,1,17,6,10,4,11,8,11,6,9,3,4,3,5,3,5,1,4,6,2,5,7,2,9,1,3,0,1,0,0,0,0,0,6,-2,-1,-2,5,-3,2,-2,-2,1,-4,0,3,0,1,0
2582,1,1,11,3,2,1,4,4,1,1,1,1,1,0,0,0,0,0,0,0,0,0,0,0,0,0,0,0,1,1,1,1,1,3,2,1,4,4,0,0,0,0,0,2,1,0,3,3,0,0,0,0,0,-1,-1,-1,-1,-1,3,2,1,4,4,3,2,5,1,3,2,3,2,1,0,1,0,0,0,0,0,0,0,0,0,0,0,0,1,0,2,3,2,0,0,2,2,5,1,3,0,0,0,0,0,1,-1,3,0,3,1,0,0,-1,0,-2,-3,-2,0,0,2,2,5,1,3,1,2,1,0,5,1,3,1,1,0,0,0,0,0,1,0,0,0,0,0,0,1,0,0,0,1,2,1,1,0,1,2,1,0,4,0,0,0,0,0,0,-1,0,-1,5,0,-1,0,0,1,-1,-2,-1,-1,0,1,2,1,0,4,1,2,1,3,1,0,0,0,0,0,0,0,0,0,0,0,0,0,0,0,0,0,0,0,1,2,1,3,1,0,0,0,0,2,1,3,0,0,0,0,0,0,0,0,0,2,1,3
2582,1,2,09,11,7,8,3,7,7,9,12,4,4,5,4,5,2,3,4,2,0,0,3,3,5,2,2,2,4,4,9,2,2,2,1,3,1,1,0,0,1,0,0,4,-2,-4,-1,3,2,-1,3,0,1,0,-2,-9,-2,1,2,1,2,1,1,8,10,6,2,20,3,7,7,7,14,2,5,1,2,11,6,3,1,0,2,2,3,2,2,6,1,4,5,4,8,0,2,4,0,7,0,0,0,1,0,5,3,-1,-5,6,0,2,-1,0,5,5,-1,-4,-4,-6,0,2,4,-1,7,16,16,15,9,8,13,17,11,9,5,7,4,7,4,4,4,4,3,3,2,6,7,2,2,0,7,10,9,7,5,5,8,5,2,2,0,0,0,0,0,3,-1,4,0,3,1,-3,5,2,4,-3,-6,-6,-4,-3,5,8,5,2,2,6,9,9,7,5,9,5,7,1,7,4,3,5,2,3,4,3,6,3,2,2,2,2,4,0,0,2,0,0,1,0,1,1,0,4,0,-2,1,1,1,3,0,1,0,0,-1,2,-1
2582,1,2,11,1,1,4,1,3,1,0,2,0,2,0,0,0,0,0,0,0,1,0,0,0,0,0,0,0,1,0,2,0,2,1,1,3,1,3,0,0,0,0,0,0,1,2,1,1,0,0,0,0,0,-1,0,-1,0,-2,1,1,3,1,3,1,6,1,2,3,0,3,0,2,1,0,0,0,0,0,0,0,1,0,0,0,0,0,0,0,0,3,0,2,1,1,6,0,2,3,0,0,0,0,0,1,3,1,0,2,0,0,0,0,0,0,-3,1,-2,-1,1,6,0,2,3,4,1,2,1,5,0,0,0,0,0,0,0,0,0,0,0,0,0,0,0,0,0,0,0,0,0,0,0,0,0,4,1,2,1,5,0,0,0,0,0,4,1,2,1,5,0,0,0,0,0,0,0,0,0,0,4,1,2,1,5,3,1,2,1,1,0,0,1,1,0,0,0,0,0,0,0,0,0,0,1,1,0,0,0,2,1,2,1,0,0,0,0,2,1,2,0,1,0,0,-1,-1,0,0,0,2,1,2,1
2582,2,1,09,11,8,4,3,7,8,6,13,5,5,5,4,1,2,5,2,3,0,1,2,4,2,3,3,3,4,4,9,2,2,4,1,3,0,0,0,0,1,0,0,3,2,-9,-2,2,1,2,-2,-1,2,-2,-1,-9,-1,0,4,1,2,0,0,7,5,8,1,8,5,10,8,4,10,2,2,2,1,5,5,2,5,0,2,4,3,4,0,2,1,7,4,4,8,0,1,1,0,1,0,0,0,0,0,2,-5,0,-3,-2,-2,-1,-2,1,3,4,-5,1,-4,-6,0,1,1,0,1,5,8,8,9,9,5,9,5,8,8,2,3,4,6,5,2,4,1,1,3,0,4,2,5,3,5,5,2,3,5,1,1,3,2,1,0,0,1,0,0,0,-1,3,1,1,2,-1,2,1,2,-3,-1,-1,-2,-2,1,1,2,2,1,4,7,4,6,7,8,3,4,3,5,3,1,1,2,1,4,2,3,1,0,4,3,2,3,0,0,0,1,1,2,0,1,-3,-1,1,2,1,2,2,1,-3,-1,-1,1,-1,-2,0,0
2582,2,1,11,1,2,4,2,2,2,2,3,2,0,0,0,0,0,0,0,0,0,0,0,0,0,0,0,0,1,2,3,2,0,1,2,4,2,2,1,0,0,0,0,-1,0,1,0,2,0,0,0,0,0,-1,-2,-3,-2,0,0,2,4,2,2,5,4,4,4,7,3,1,0,2,5,1,0,0,0,0,0,0,0,0,0,1,0,0,1,1,2,1,0,1,4,4,4,4,4,7,0,0,0,0,0,2,3,4,2,2,0,0,0,-1,-1,-2,-1,0,-1,-4,4,4,4,4,7,4,12,1,3,0,2,7,1,1,0,0,0,0,1,0,0,1,0,0,0,1,3,1,0,0,1,4,0,1,0,4,11,1,2,0,0,0,0,0,0,2,5,0,2,0,-1,-3,-1,1,0,-1,-3,0,-1,0,4,11,1,2,0,0,0,1,0,0,0,1,0,0,0,0,0,0,0,0,0,0,0,1,0,0,0,0,0,0,0,1,0,0,0,0,0,0,0,0,0,0,0,-1,0,0,0,0,0,0,0,1,0
2582,2,2,09,7,8,5,5,5,2,10,9,6,5,1,4,3,3,3,1,3,2,1,2,0,5,3,1,2,2,4,6,5,3,5,1,0,1,0,0,1,0,0,0,5,-2,-4,-1,0,1,-1,0,2,1,-1,-1,-4,-4,-1,5,0,0,1,0,8,5,6,5,5,8,4,9,6,1,4,2,4,4,3,3,3,2,0,2,5,2,3,2,0,3,1,6,4,1,1,0,0,1,0,0,1,0,0,0,0,1,-3,-1,4,-1,0,1,2,3,0,2,-4,-4,1,1,-1,0,1,0,10,8,11,4,6,12,2,11,7,10,5,7,5,3,5,5,1,2,1,1,3,1,0,2,4,9,1,11,5,6,0,0,4,0,0,0,0,0,0,0,-2,6,0,-3,-4,2,6,5,1,1,-4,0,-9,-4,-5,0,0,4,0,0,9,7,6,7,6,4,2,6,5,2,4,4,3,5,2,3,1,3,2,1,4,1,0,4,1,0,0,0,1,0,0,1,3,3,4,1,4,-1,2,3,-1,4,2,-1,0,0,0,-1
2582,2,2,11,5,1,2,4,4,3,0,2,4,3,0,0,0,0,0,0,0,0,0,0,0,0,0,0,0,3,0,2,4,3,5,1,2,4,4,0,0,0,0,0,2,1,0,0,1,0,0,0,0,0,-3,0,-2,-4,-3,5,1,2,4,4,4,8,5,2,2,0,4,6,3,0,1,0,0,0,0,0,0,0,0,0,0,0,0,1,0,0,4,6,2,0,3,8,5,2,2,0,0,0,0,0,4,4,-1,-1,2,1,0,0,-1,0,0,-4,-6,-2,0,3,8,5,2,2,9,8,1,3,0,4,7,1,1,0,0,1,0,1,0,0,0,0,0,0,1,2,0,0,0,3,5,1,1,0,9,7,1,2,0,0,0,0,0,0,5,1,0,2,0,-1,-1,0,1,0,-3,-5,-1,-1,0,9,7,1,2,0,1,2,1,3,1,0,0,1,0,1,0,0,0,0,0,0,0,0,0,0,1,0,0,1,1,1,1,3,0,0,0,0,0,2,1,2,0,1,0,0,-1,0,0,-1,1,1,1,3
2582,3,1,09,9,3,5,4,7,6,4,11,2,8,4,2,2,2,5,1,1,1,2,2,2,3,5,1,3,4,1,6,1,5,4,0,2,0,0,0,0,0,0,0,3,-1,-6,2,-1,2,-1,-3,1,2,-3,0,-5,1,-3,4,0,2,0,0,8,5,5,7,7,7,6,5,8,2,4,2,2,2,5,4,3,2,5,1,6,4,3,2,0,1,2,2,6,2,0,0,1,0,1,0,0,0,0,0,1,-1,0,-1,5,-2,-2,-1,0,5,3,1,0,-1,-1,0,0,1,0,1,10,2,4,6,4,14,4,3,14,4,5,1,1,1,2,2,1,3,4,2,7,1,0,3,2,7,3,3,11,2,3,0,0,1,0,0,0,0,0,0,-4,-2,1,-8,0,-2,0,1,-2,0,-5,-2,0,-7,0,3,0,0,1,0,8,3,3,7,5,9,5,5,3,1,3,2,5,1,0,5,2,3,1,4,2,6,3,1,0,1,0,0,1,0,1,0,3,-6,-2,2,1,-2,2,-2,3,-5,-3,4,-1,1,-1,0
2582,3,1,11,5,4,3,1,4,3,2,2,0,2,0,1,0,0,0,0,0,1,0,0,1,0,0,0,0,2,2,1,0,2,5,3,2,1,4,0,0,1,0,0,2,2,1,1,2,-1,1,0,0,0,-2,-2,0,0,-2,5,3,1,1,4,4,2,5,5,4,1,2,3,5,1,0,0,0,0,0,0,0,0,0,0,0,0,0,0,0,1,2,3,5,1,4,2,5,5,4,0,0,0,0,0,3,0,2,0,3,0,0,0,0,0,-1,-2,-3,-5,-1,4,2,5,5,4,6,6,2,3,2,4,4,3,1,2,0,1,0,0,0,0,0,0,0,0,2,3,0,0,0,2,1,3,1,1,6,5,2,3,2,0,0,0,0,1,2,2,-1,2,0,-2,-2,0,0,0,-2,-1,-3,-1,-1,6,5,2,3,1,1,3,1,4,1,2,1,1,0,0,0,1,0,0,0,0,0,1,0,0,1,1,1,1,1,3,1,3,0,0,0,0,0,1,0,3,0,-1,0,1,-1,-1,-1,-1,1,3,1,3
2582,3,2,09,3,4,4,7,6,3,2,6,4,4,0,4,2,6,2,1,0,2,1,4,1,1,4,3,0,2,1,1,1,3,2,0,0,0,0,0,0,1,0,1,0,2,-2,3,2,-1,3,-2,3,2,-1,-1,1,0,1,2,0,-1,0,-1,7,3,4,5,4,3,5,6,4,3,1,2,1,1,3,6,1,3,3,0,3,3,3,1,3,0,2,3,3,0,0,0,0,1,1,0,0,0,0,0,4,-2,-2,1,1,-2,-1,-2,0,0,6,-1,0,0,0,0,0,0,1,1,10,5,12,6,6,7,5,12,4,6,5,5,7,4,4,3,0,4,1,2,5,2,7,0,2,2,3,4,3,4,2,0,1,1,0,0,0,1,1,0,3,0,0,2,0,0,3,0,4,2,1,-3,0,-2,-2,2,0,0,0,0,5,2,8,4,5,5,5,4,4,2,3,3,1,0,5,1,3,4,2,1,2,1,3,3,0,0,0,0,0,0,0,0,0,-3,3,0,1,-2,1,2,-1,-1,2,-2,0,0,0,0
2582,3,2,11,3,5,2,2,5,2,3,3,2,1,1,0,0,0,1,0,0,0,0,0,0,0,2,0,0,2,3,1,2,1,2,5,2,2,4,0,0,0,0,0,1,2,-1,0,4,1,0,-2,0,1,-2,-3,-1,-2,-1,2,5,2,2,4,3,6,3,6,6,1,5,5,3,2,0,0,0,0,0,0,0,0,0,0,0,1,0,1,0,0,4,5,2,1,3,6,3,6,6,1,0,0,0,1,2,1,-2,3,4,0,-1,0,-1,0,0,-4,-5,-2,-1,2,6,3,6,5,7,5,6,3,2,5,4,7,2,2,0,1,1,1,0,0,0,0,0,1,2,2,2,1,0,3,2,5,0,1,7,4,5,2,1,0,0,0,1,1,2,1,-1,1,0,-2,-1,-1,0,0,-3,-2,-5,0,0,7,4,5,1,0,0,2,1,2,1,1,1,1,0,0,0,0,0,0,0,0,0,0,0,1,0,1,1,0,0,2,1,2,1,0,0,0,-1,1,0,1,0,0,0,-1,0,-1,-1,0,-1,2,1,2
2582,4,1,09,4,3,1,3,6,0,1,6,5,7,3,2,1,2,2,0,1,0,1,4,0,1,2,1,2,0,0,4,4,5,1,0,0,0,0,0,0,0,0,0,4,2,-5,-2,-1,3,1,-1,1,0,0,1,-4,-3,-1,1,0,0,0,0,5,5,5,6,3,5,4,5,1,6,1,2,2,4,2,4,3,3,2,1,4,3,1,0,2,1,1,3,1,4,0,0,0,0,0,0,0,1,0,0,0,1,0,5,-3,-3,-1,1,4,0,3,2,0,1,-3,0,0,-1,0,0,6,5,3,1,4,2,3,4,4,6,2,4,1,1,2,4,1,2,0,1,2,3,1,2,2,0,0,3,2,4,0,0,0,0,1,0,0,0,0,0,4,2,-1,-3,-2,0,1,0,-1,0,4,1,-1,-2,-3,0,0,0,0,1,2,5,2,3,4,6,4,4,2,1,1,2,0,3,1,1,2,2,3,1,2,3,0,2,0,1,0,0,0,1,1,1,-2,-1,-2,-1,0,-1,-2,1,-2,0,1,-1,0,0,-1,-1
2582,4,1,11,0,5,6,3,1,0,5,2,2,0,0,0,0,1,0,0,0,2,0,0,0,1,1,0,0,0,4,1,2,0,0,5,4,2,1,0,0,0,0,0,0,0,4,1,1,0,-1,-1,1,0,0,-4,1,-2,0,0,5,4,2,1,1,6,5,4,4,2,2,3,3,4,0,0,0,0,1,0,0,0,0,1,0,1,0,0,1,2,1,3,3,3,1,6,5,4,2,0,0,0,0,0,-1,4,2,1,0,0,-1,0,0,0,-2,-1,-3,-3,-2,1,6,5,4,2,2,6,8,2,0,2,4,7,2,1,0,1,1,0,0,0,1,0,0,0,0,1,1,0,1,2,3,5,2,0,2,4,7,2,0,0,0,1,0,0,0,2,1,0,-1,0,0,0,0,-1,-2,-2,-5,-2,0,2,4,6,2,0,2,4,1,5,3,0,1,4,0,1,0,0,0,1,0,1,0,0,0,0,2,0,1,2,2,2,1,4,1,0,0,2,-1,4,0,1,0,1,0,0,-2,1,-1,-1,1,2,1,2
2582,4,2,09,6,4,3,1,3,7,2,8,1,7,3,2,1,0,3,2,1,1,0,0,4,0,1,0,5,3,2,7,0,2,1,1,1,1,0,0,0,0,1,0,-1,2,-5,0,-4,-1,2,0,0,-2,-1,-1,-6,0,-2,1,1,1,0,0,6,1,6,8,5,6,1,3,6,6,4,1,4,6,2,2,0,2,2,3,4,0,0,2,2,1,1,3,4,3,0,0,0,0,0,1,0,0,0,1,0,0,3,2,-1,0,1,4,4,0,1,-1,-1,-2,0,-1,0,0,0,-1,4,6,6,4,4,2,5,6,2,4,4,4,4,3,2,0,0,1,1,2,2,4,3,2,0,0,1,3,0,4,0,2,1,0,0,0,0,0,0,0,2,1,0,2,0,2,0,1,1,2,0,-1,-2,1,-2,0,2,1,0,0,4,6,3,5,2,6,4,3,2,2,1,2,2,4,0,3,1,4,2,2,1,1,2,1,0,0,2,0,0,1,0,0,2,0,-1,2,1,-2,-1,0,1,3,-2,2,0,-1,2,0
2582,4,2,11,7,3,4,1,1,5,1,6,0,0,0,0,0,0,0,0,1,0,0,0,1,0,1,0,0,4,0,4,0,0,7,2,4,1,1,0,1,1,0,0,2,2,-2,1,1,-1,0,-1,0,0,-4,1,-4,0,0,7,1,3,1,1,7,6,4,2,4,8,5,5,0,2,1,0,1,0,0,0,0,0,0,0,1,1,1,0,0,6,4,4,0,2,6,6,3,2,4,1,0,0,0,0,-1,1,-1,2,2,0,-1,0,0,0,-6,-4,-4,0,-2,5,6,3,2,4,7,5,5,4,1,5,3,3,1,1,0,0,0,2,0,0,0,0,0,0,2,0,0,0,1,3,3,3,1,0,7,5,5,2,1,0,0,0,0,0,2,2,2,3,0,-2,0,0,2,-1,-3,-3,-3,-1,0,7,5,5,2,1,4,0,1,4,5,0,0,3,0,0,0,0,0,0,0,0,0,0,0,1,4,0,0,2,4,0,1,4,1,0,0,0,-1,0,1,1,0,0,0,-1,-4,0,0,-2,3,0,1,4
2582,5,1,09,5,3,1,4,3,4,5,4,1,6,1,2,0,1,1,3,1,1,2,2,2,4,3,1,5,1,1,0,0,1,1,0,0,1,0,1,0,1,0,0,1,-2,-3,3,-3,-1,-2,-3,0,-4,2,0,1,2,1,0,0,-1,1,0,4,2,5,3,2,1,3,2,0,1,1,1,1,2,2,2,0,4,0,0,1,2,2,0,1,0,1,0,0,0,1,1,0,1,0,0,0,0,0,0,3,-1,3,3,1,0,-1,-1,2,1,2,-1,4,0,0,1,1,0,1,0,12,5,4,5,2,1,4,3,5,3,7,3,1,1,1,4,1,3,4,1,1,1,2,3,0,0,3,1,2,1,1,1,0,0,0,0,0,0,0,2,11,1,1,0,-1,6,2,-1,-2,1,4,-2,2,2,0,1,1,0,0,-2,4,13,1,3,2,10,1,4,0,8,1,2,3,3,0,1,1,6,0,3,1,3,1,1,1,2,0,0,0,1,0,0,2,3,0,-1,-1,2,1,-1,2,0,-1,0,1,1,0,0
2582,5,1,11,4,2,2,1,1,3,0,2,1,1,0,0,0,0,0,0,0,0,0,0,1,0,2,0,1,1,0,0,1,0,4,2,2,1,1,1,0,0,0,0,1,2,0,0,0,-1,0,-2,0,-1,-1,0,0,-1,0,3,2,2,1,1,8,1,16,6,5,2,2,6,3,5,1,0,0,0,0,0,0,0,0,0,0,0,0,2,2,2,1,6,1,3,7,1,16,6,5,0,1,0,0,0,6,-1,10,3,0,1,0,0,-2,-2,-2,-1,-6,-1,-3,7,0,16,6,5,10,9,3,5,3,6,9,6,3,2,0,2,0,1,0,0,2,0,0,1,2,2,0,0,0,4,6,6,3,1,10,5,3,4,2,0,1,0,0,1,4,0,-3,2,1,-2,0,0,1,0,-4,-4,-6,-3,0,10,4,3,4,1,0,0,1,8,1,0,2,2,0,0,0,1,0,0,1,0,0,0,1,0,0,0,1,2,0,0,0,7,1,0,0,0,-1,0,-1,6,0,0,-1,1,0,0,0,-2,-1,0,0,7
2582,5,2,09,6,4,2,6,1,1,4,2,4,1,3,3,0,4,1,3,1,2,1,0,0,2,1,1,1,1,2,1,3,0,0,0,0,1,0,0,0,0,0,0,5,0,0,2,0,3,1,-1,3,0,2,-1,1,-2,0,0,0,0,1,0,4,2,3,2,2,1,1,6,2,6,2,0,2,0,0,2,2,1,2,0,1,1,2,1,2,0,0,4,0,4,0,0,0,0,2,0,0,0,1,0,3,1,-3,0,-4,1,-1,0,-1,-2,2,2,-3,2,-4,0,0,0,-1,2,4,2,6,4,2,3,4,3,5,4,3,1,4,1,0,0,1,2,3,2,2,4,2,2,1,0,0,0,3,3,1,0,0,0,0,1,0,1,0,0,1,-2,3,-1,-2,1,-3,2,-1,-1,0,1,2,0,-1,0,0,-1,0,0,6,10,5,6,4,7,9,1,4,5,1,4,1,2,3,2,2,1,3,1,2,6,5,0,1,3,1,0,0,0,1,0,2,3,-4,5,2,4,-2,3,-1,-4,-2,2,1,3,0,0
2582,5,2,11,4,2,3,5,2,4,2,3,4,0,0,0,0,0,0,0,0,0,0,0,1,0,0,0,0,3,2,3,4,0,4,2,3,5,2,0,0,0,0,0,0,0,0,1,2,-1,0,0,0,0,-3,-2,-3,-4,0,4,2,3,5,2,1,9,3,5,3,0,3,4,5,3,1,0,0,1,1,0,0,0,0,0,0,0,0,1,1,0,3,4,3,2,0,9,3,4,2,0,0,0,1,0,1,6,-1,0,0,1,0,0,0,0,0,-3,-4,-3,-2,0,9,3,3,2,7,5,2,3,2,8,3,4,1,0,1,1,0,1,0,1,1,0,0,1,3,0,1,0,0,5,3,3,1,0,5,3,2,2,1,0,0,0,0,0,-1,2,-2,2,2,-2,1,-1,1,0,-4,-2,-3,-1,1,5,3,2,2,1,2,0,4,2,1,1,3,1,0,0,0,0,1,0,0,0,0,0,1,0,1,1,2,1,1,0,4,2,0,0,0,0,1,-1,1,1,0,0,-1,0,0,-1,-2,-1,1,0,4,2
2582,6,1,09,2,4,1,2,4,5,5,6,2,3,2,4,0,0,1,0,0,1,2,3,3,4,3,0,1,2,1,2,2,2,0,0,0,0,0,0,0,1,0,0,-3,-1,-5,0,1,-1,0,-3,0,0,-2,-1,-1,0,1,0,0,-1,0,0,4,5,4,1,5,5,7,4,7,1,2,2,2,0,2,2,1,2,0,3,4,1,1,3,0,1,6,3,4,1,0,2,0,1,0,0,0,0,0,0,-1,-2,0,-6,4,-2,1,1,-3,2,1,-5,-1,-4,2,0,2,0,1,0,3,2,5,2,2,3,5,6,3,5,2,1,4,2,0,1,1,1,0,2,1,4,2,1,3,2,1,4,2,2,0,0,0,0,0,0,0,0,0,0,0,-3,-1,-1,-3,1,-3,2,1,-3,-1,0,-3,-2,0,0,0,0,0,0,5,5,8,2,2,9,4,2,2,2,4,2,2,2,2,0,1,0,2,0,1,6,2,2,1,1,2,0,0,3,0,0,3,-4,4,0,1,2,2,2,1,-4,0,-2,1,-2,2,0
2582,6,1,11,5,2,4,0,4,5,2,5,1,1,0,0,0,0,0,0,0,0,0,0,1,1,0,0,0,4,1,5,1,1,5,2,4,0,4,0,0,0,0,0,0,0,-1,-1,3,-1,-1,0,0,0,-4,-1,-5,-1,-1,5,2,4,0,4,11,10,6,3,7,7,9,3,5,4,2,0,0,0,0,0,0,0,0,0,3,3,0,1,0,4,6,3,3,3,9,10,6,3,7,0,0,0,1,1,4,1,3,-2,3,-1,-3,0,-1,0,-4,-6,-3,-3,-3,9,10,6,2,6,7,6,6,2,2,2,6,6,1,3,0,0,1,0,0,0,0,0,0,0,0,0,2,0,0,2,6,4,1,2,7,6,5,2,2,0,0,0,0,1,5,0,0,1,-1,0,0,-1,0,0,-2,-6,-4,-1,-2,7,6,5,2,1,2,0,4,3,1,0,2,0,0,0,0,0,0,0,0,0,0,0,0,0,1,0,2,0,2,0,4,3,0,0,0,0,1,0,2,3,0,0,0,0,-1,0,-2,0,2,0,4,3
2582,6,2,09,3,3,1,2,3,5,2,7,4,4,0,2,0,1,0,2,1,1,1,3,1,0,4,1,1,3,2,1,3,2,1,0,0,0,0,1,0,2,0,1,-2,1,-6,-2,-1,-1,2,-4,0,-1,-1,-1,0,-2,1,0,0,-2,0,-1,3,3,4,3,6,5,1,2,3,1,1,1,1,2,4,2,2,3,1,2,5,0,0,1,0,0,1,2,2,1,0,0,0,0,0,0,0,0,0,0,-2,2,2,0,5,-4,1,1,1,4,2,1,1,-1,1,0,0,0,0,0,1,2,6,4,1,2,5,1,3,3,0,2,4,1,1,1,0,1,2,0,1,2,0,1,1,1,3,1,0,1,0,0,1,1,0,0,0,0,2,1,-1,-3,5,1,-2,-1,0,4,0,0,0,-3,0,2,-1,0,0,1,-1,-1,4,5,3,0,1,5,4,2,3,1,2,0,1,2,1,0,0,3,3,2,1,1,1,0,0,2,0,0,0,1,0,0,3,0,-1,-2,3,-2,-1,-2,0,1,0,0,0,1,0,0
2582,6,2,11,3,5,7,3,3,3,3,3,2,1,0,0,0,0,0,0,0,1,0,0,0,1,0,0,0,3,2,3,2,1,3,5,6,3,3,0,0,0,0,0,0,2,4,1,2,0,-1,0,0,0,-3,-2,-2,-2,-1,3,5,6,3,3,5,4,8,4,2,3,1,7,2,1,0,1,0,1,0,0,0,1,0,0,0,0,1,1,0,3,1,5,1,1,5,3,7,3,2,0,0,1,0,0,2,3,1,2,1,0,1,-1,0,0,-3,-1,-4,-1,-1,5,3,6,3,2,9,6,5,0,1,2,3,2,1,3,0,0,0,0,0,0,1,0,0,1,1,0,0,1,0,1,3,2,0,1,9,5,5,0,0,0,0,0,0,2,7,3,3,-1,-2,-1,0,0,-1,0,-1,-2,-2,0,0,9,5,5,0,-2,1,2,4,3,3,2,1,1,0,0,1,1,0,0,1,0,2,0,0,0,1,2,1,1,1,2,2,2,0,0,0,0,-2,0,3,2,-2,0,1,1,-1,-2,0,-1,1,2,2,2
2582,7,1,09,4,1,2,2,0,3,4,4,1,2,2,0,1,2,0,1,1,1,0,0,0,3,1,1,1,2,1,3,0,1,1,0,0,0,0,1,0,0,0,0,1,-3,-2,1,-2,2,-3,0,1,-1,-1,0,-2,0,-1,0,0,0,0,0,2,1,5,4,5,1,4,1,1,4,1,1,3,2,4,0,0,2,2,1,0,2,0,0,0,1,1,1,1,2,1,0,0,0,0,0,1,0,0,2,1,-3,4,3,1,1,-1,3,2,4,-1,-1,1,1,-1,1,-1,0,0,-2,0,3,4,6,2,4,3,5,2,2,0,3,1,2,0,0,0,2,3,2,1,1,2,1,0,2,2,3,0,1,0,0,1,1,0,1,0,0,1,1,-4,0,-1,4,0,-1,2,-1,1,0,-2,-2,-1,3,1,-1,0,1,0,-1,1,4,6,6,3,3,0,6,1,3,4,4,0,1,1,2,1,2,0,3,1,1,0,1,0,0,1,0,1,0,0,2,-2,1,6,0,0,1,4,1,-1,0,1,1,-1,0,1,-2
2582,7,1,11,5,0,9,2,5,2,0,7,2,0,0,0,0,0,0,0,0,0,1,0,1,0,0,0,0,1,0,7,2,0,5,0,9,1,5,0,0,0,0,0,3,0,2,0,5,-1,0,0,0,0,-1,0,-7,-1,0,5,0,9,1,5,5,5,6,3,8,3,2,5,3,7,0,1,0,0,0,0,0,0,0,0,0,1,0,1,0,2,1,4,2,6,5,4,6,3,8,1,0,1,0,1,2,3,1,0,1,0,0,0,-1,0,-2,-1,-4,-2,-6,4,4,5,3,7,3,6,2,4,1,3,6,4,1,0,0,0,0,0,0,0,0,0,0,0,0,2,1,0,0,3,4,3,1,0,3,6,2,4,1,0,0,0,0,0,0,0,-2,3,1,0,-2,-1,0,0,-3,-4,-3,-1,0,3,6,2,4,1,1,1,0,4,3,2,0,2,0,0,0,0,1,0,0,2,1,0,0,1,0,1,0,1,0,1,0,2,2,1,0,0,-2,-1,0,2,-1,0,0,-1,1,-1,0,1,-2,0,0,2
2582,7,2,09,2,2,1,5,2,3,5,5,2,2,0,1,1,0,2,2,1,0,4,0,2,2,3,1,1,1,3,1,1,1,0,0,0,1,0,0,0,1,0,0,-1,-3,-4,3,0,-2,-1,-2,-1,1,1,-2,-1,3,-1,0,0,-1,1,0,3,1,5,3,1,0,1,2,4,2,0,0,1,2,0,3,1,4,1,1,0,1,0,1,1,0,0,2,3,1,0,0,0,0,0,0,0,0,0,0,3,0,3,-1,-1,0,-1,1,1,-1,3,1,2,-2,0,0,0,0,0,0,3,0,4,4,2,2,1,4,2,2,2,0,2,1,1,1,0,1,3,1,0,0,1,0,2,2,1,3,2,0,0,0,1,0,0,0,0,0,0,0,1,-1,0,2,0,2,0,1,1,-1,-1,-1,-2,1,1,0,0,1,0,0,3,5,3,2,4,9,6,3,3,3,1,1,0,2,0,1,3,4,3,1,1,4,3,1,0,0,2,0,0,1,0,1,-1,-4,-3,-1,0,-1,-2,0,-1,-2,-3,0,0,-1,2,-1
2582,7,2,11,6,3,2,0,1,4,2,4,1,0,0,0,0,0,0,0,0,1,0,0,1,0,2,0,0,3,2,2,1,0,6,3,1,0,1,0,0,0,0,0,2,1,-2,-1,1,-1,0,-2,0,0,-3,-2,-1,-1,0,6,3,1,0,1,3,3,4,7,8,4,2,3,8,4,0,0,1,0,0,0,0,1,0,0,0,0,0,2,0,4,2,3,6,4,3,3,2,7,8,0,0,0,0,0,-1,1,1,-1,4,0,0,1,-2,0,-4,-2,-2,-6,-4,3,3,2,7,8,4,5,6,0,0,1,7,7,2,2,0,0,1,0,0,2,1,0,0,0,0,1,0,0,0,1,6,7,2,0,2,4,5,0,0,0,0,0,0,2,3,-2,-1,-2,-2,0,-1,1,0,0,1,-5,-7,-2,0,2,4,5,0,-2,3,3,5,7,3,1,3,2,1,0,0,0,0,0,0,0,1,0,0,2,2,1,3,0,2,3,5,7,0,0,0,0,0,2,2,5,0,0,0,-2,-2,-1,-3,0,2,3,5,7
2582,8,1,09,3,1,3,5,3,4,1,1,1,3,1,1,2,4,1,2,0,1,1,1,3,1,0,1,0,1,0,1,0,3,0,0,0,0,1,0,0,0,0,0,-1,0,2,4,0,-2,0,2,3,1,1,0,0,1,-2,0,0,0,0,1,1,3,3,0,1,0,4,1,4,4,0,1,2,0,1,1,2,1,0,0,0,4,1,2,3,0,0,0,2,1,0,0,0,0,0,0,0,0,0,0,1,-1,2,-4,-3,0,-3,1,-2,-2,1,2,1,-2,-1,0,0,0,0,0,1,7,0,4,5,3,3,1,5,2,0,5,0,2,4,1,2,0,2,1,2,0,0,3,2,1,3,0,2,0,0,0,0,0,0,0,0,1,0,0,-2,4,-1,-1,3,-2,5,0,-1,2,0,-1,0,0,1,0,0,-1,0,0,4,3,3,4,7,2,1,4,3,1,2,2,1,2,1,1,2,0,1,1,4,1,0,2,0,0,0,1,1,1,0,1,-3,1,2,0,1,1,1,1,-3,1,1,-1,-1,-1,0,0
2582,8,1,11,1,4,7,4,0,2,4,5,1,2,0,0,0,0,0,0,0,0,0,0,1,0,0,0,1,1,4,5,1,1,1,4,7,4,0,0,0,0,0,0,-1,0,2,3,-2,-1,0,0,0,-1,-1,-4,-5,-1,-1,1,4,7,4,0,8,6,5,0,4,7,5,4,1,4,1,0,1,0,0,0,0,0,0,0,2,2,0,0,1,5,2,4,1,2,7,6,4,0,4,0,1,0,0,1,1,1,1,-1,0,-1,-2,1,0,-1,-5,-2,-4,-1,-2,7,5,4,0,3,1,12,7,2,4,4,7,4,0,4,0,0,1,0,0,0,3,0,0,0,1,2,0,0,0,3,5,4,0,4,1,9,6,2,4,0,0,0,0,0,-3,5,3,2,0,-1,-2,1,0,0,-3,-2,-4,0,-4,1,9,6,2,4,3,0,4,2,2,1,2,1,0,0,0,0,0,0,0,1,0,0,1,0,2,0,1,0,3,0,4,1,0,1,0,1,1,-1,2,1,0,0,-1,0,-2,0,-1,1,3,-1,4,0
2582,8,2,09,0,2,4,2,6,1,3,6,1,4,0,2,3,2,4,0,0,1,0,2,1,1,3,0,2,0,2,3,1,2,0,0,0,0,0,0,0,0,0,0,-1,-1,-2,1,2,-1,1,0,2,2,0,-2,-2,-1,0,0,0,0,0,0,1,2,0,1,1,4,3,1,2,2,0,0,0,0,0,1,2,0,1,1,2,3,1,0,1,2,0,0,2,1,0,0,0,0,0,0,0,0,0,0,-3,-1,-1,-1,-1,-2,-3,-1,0,-1,-1,2,0,-1,0,0,0,0,0,0,5,3,4,4,4,1,3,4,1,2,3,2,2,2,2,2,1,1,2,1,1,1,1,1,2,0,2,3,0,0,0,0,1,0,1,0,0,0,0,0,4,0,0,3,2,2,1,1,1,0,2,-1,-2,2,1,0,0,1,0,1,1,5,4,2,0,3,2,0,0,2,2,1,0,3,2,1,0,1,2,0,0,1,0,0,1,0,0,0,0,1,0,0,1,2,2,2,0,1,0,1,0,2,2,1,1,-1,0,0
2582,8,2,11,4,2,4,2,5,4,2,4,0,2,0,0,0,1,1,0,0,0,0,0,2,0,1,0,0,2,2,3,0,2,4,2,4,1,4,0,0,0,0,0,0,0,0,2,3,-2,0,-1,1,1,-2,-2,-3,0,-2,4,2,4,1,4,7,5,13,6,2,5,4,5,2,6,0,0,0,0,0,1,0,1,0,1,0,0,0,0,0,5,4,5,2,6,6,5,12,6,1,0,0,0,0,0,2,1,8,4,-4,0,0,0,0,0,-4,-4,-4,-2,-5,6,5,12,6,1,6,7,4,4,5,3,4,3,2,3,0,0,0,0,1,1,1,1,0,0,2,1,0,0,0,1,1,3,2,2,5,6,3,4,4,0,2,0,0,1,3,3,1,2,2,-2,-1,0,0,1,0,0,-2,-2,-2,5,4,3,4,3,1,3,1,2,1,2,0,2,0,0,0,0,0,0,0,0,0,0,0,0,1,2,0,1,1,3,1,2,0,0,0,1,0,1,1,0,0,0,0,0,-1,-2,0,-1,1,3,1,1
2582,9,1,09,2,3,1,0,0,2,2,2,0,3,1,2,0,0,0,1,1,1,0,0,1,1,1,0,3,1,1,0,0,0,0,0,0,0,0,0,0,1,0,0,0,1,-1,0,-3,0,1,-1,0,-3,0,0,1,0,0,0,0,-1,0,0,3,0,2,5,2,1,2,3,4,1,2,0,1,3,0,1,0,1,2,2,1,0,1,3,0,0,2,2,1,1,0,0,0,0,0,0,0,0,0,0,2,-2,-1,1,1,1,0,0,0,0,1,-2,-1,1,1,0,0,0,0,0,3,0,2,5,1,2,1,2,3,2,2,0,1,3,1,1,0,1,2,0,2,1,1,1,0,0,0,1,0,1,0,0,0,0,0,0,0,0,2,1,1,-1,0,2,-1,0,-1,0,2,1,1,0,0,2,-1,0,0,0,-2,-1,3,4,3,4,3,3,1,5,1,2,1,2,2,2,2,1,0,0,1,3,3,1,0,1,0,0,0,1,0,2,0,1,0,1,2,-1,1,2,0,-1,-1,1,2,0,0,-2,0,0
2582,9,1,11,8,4,5,1,5,5,3,6,3,1,0,0,0,0,0,1,0,1,0,0,0,1,0,0,0,5,2,6,3,1,7,4,4,1,5,0,0,0,0,0,3,1,-1,-2,4,0,-1,0,0,0,-4,-2,-5,-3,-1,7,4,4,1,5,6,5,11,4,4,1,4,7,4,4,0,0,1,0,1,0,2,1,0,0,0,0,0,1,1,1,4,7,3,2,6,3,9,4,3,0,0,0,0,1,5,1,4,0,0,0,0,1,-1,0,-1,-2,-6,-3,-2,6,3,9,4,2,6,6,5,3,1,3,6,6,2,0,0,0,1,1,0,0,0,0,1,1,2,3,0,1,0,1,3,6,1,0,6,6,4,1,0,0,0,0,0,0,3,0,-1,1,1,-2,-3,1,0,0,-1,-3,-6,0,1,6,6,4,1,0,3,1,3,6,3,1,2,1,1,0,0,0,0,0,0,0,1,0,0,0,1,1,1,1,2,1,3,6,1,0,1,0,0,0,1,5,0,0,0,0,-1,-1,-1,-1,1,1,2,6
2582,9,2,09,4,4,2,2,1,6,3,5,3,1,1,1,0,2,0,3,3,2,0,1,2,1,2,3,1,3,2,3,0,0,0,0,0,0,0,1,0,0,0,0,-2,1,-3,-1,0,-1,0,-2,-1,-1,0,1,-1,0,1,-1,0,0,0,0,5,2,2,1,5,8,2,4,2,1,2,2,2,0,3,3,0,0,1,2,3,1,1,2,0,5,1,3,0,1,0,0,0,0,0,0,0,0,0,0,-3,0,-2,-1,4,-1,1,1,-2,3,-2,-1,-3,1,1,0,0,0,0,0,8,0,1,3,0,3,2,2,3,1,7,0,0,1,0,0,0,0,2,0,2,1,1,2,0,1,0,1,1,1,1,0,1,0,0,0,1,0,0,0,5,-2,-1,0,-1,5,-1,-1,-1,0,-1,0,-1,1,-1,1,-1,1,0,0,2,5,2,2,3,2,1,2,0,3,1,1,1,2,1,1,2,0,0,1,1,2,1,1,1,0,0,0,0,0,0,0,-1,3,1,0,-2,3,1,0,0,0,0,0,1,0,0,0
2582,9,2,11,4,6,1,3,1,2,2,2,1,2,0,0,0,0,0,0,0,1,0,0,0,0,2,0,1,2,2,0,1,1,4,6,0,3,1,0,0,0,0,0,2,4,-1,2,-1,0,0,-2,0,-1,-2,-2,1,-1,-1,4,6,0,3,1,8,4,9,0,4,7,3,4,5,5,1,0,0,0,0,0,0,0,0,0,0,0,0,1,1,7,2,4,4,4,7,4,9,0,4,0,1,0,0,0,1,1,5,-5,-1,1,0,0,-1,-1,-7,-2,-4,-4,-4,7,3,9,0,4,6,7,9,1,2,0,9,6,3,2,0,1,0,0,0,1,2,0,0,0,0,1,0,0,0,0,7,6,3,2,5,4,9,1,2,0,1,0,0,0,6,-2,3,-2,0,0,0,0,0,0,1,-5,-6,-3,-2,5,3,9,1,2,6,5,3,7,1,3,3,1,0,0,1,0,0,0,1,0,0,1,1,0,1,2,1,1,6,5,1,7,0,0,1,0,5,2,0,6,0,-1,0,0,-1,-2,0,-1,6,5,0,7
2582,10,1,09,3,2,2,2,0,3,1,6,1,1,1,1,0,1,0,2,1,1,1,0,2,0,3,1,0,1,1,3,0,1,0,0,1,0,0,0,0,0,0,0,0,1,-4,1,-1,-1,1,-3,0,0,1,0,-2,1,-1,0,0,1,0,0,3,1,2,2,2,1,0,4,3,0,0,0,2,2,2,2,1,0,0,0,1,0,2,1,0,0,0,2,2,0,1,0,0,0,0,0,0,0,0,0,2,1,-2,-1,2,-1,0,0,1,2,2,1,-2,-2,0,1,0,0,0,0,5,1,4,2,4,2,2,0,4,3,5,1,2,1,2,0,0,2,1,2,1,0,0,1,3,1,2,0,3,0,0,0,0,0,0,0,0,0,0,0,3,-1,4,-2,1,4,1,2,0,-1,-1,-2,2,-2,2,0,0,0,0,0,1,1,2,2,0,2,1,3,1,0,2,1,0,1,0,1,0,1,0,0,0,1,1,3,0,0,0,0,0,0,0,0,1,-1,1,-1,1,-1,2,1,0,0,-1,-2,0,0,0,0
2582,10,1,11,3,3,6,0,2,3,3,3,2,0,0,0,0,0,0,0,0,0,0,0,0,0,0,0,0,3,3,3,2,0,3,3,6,0,2,0,0,0,0,0,0,0,3,-2,2,0,0,0,0,0,-3,-3,-3,-2,0,3,3,6,0,2,7,4,8,3,5,8,7,3,4,5,0,0,0,0,0,0,0,1,0,0,1,1,0,1,0,7,5,3,3,5,7,4,7,3,5,0,1,0,0,0,-1,-3,5,-1,0,-1,-1,0,-1,0,-7,-5,-2,-3,-5,7,3,7,3,5,3,7,5,3,2,2,6,2,5,1,0,1,0,0,0,0,1,0,0,0,0,1,0,1,0,2,5,2,4,1,3,5,5,3,2,0,0,0,0,0,1,1,3,-2,1,0,0,0,-1,0,-2,-4,-2,-4,-1,3,5,5,3,2,2,4,3,4,3,4,0,2,0,0,0,1,0,0,0,0,1,0,0,0,0,3,0,2,2,4,3,3,2,1,0,0,-1,0,3,2,-1,0,0,1,0,-3,0,-2,0,3,3,3
2582,10,2,09,2,0,0,1,4,6,2,2,0,7,1,0,0,0,2,0,0,0,1,2,3,1,2,0,4,2,1,0,0,3,1,0,0,0,0,1,0,0,0,0,-4,-2,-2,1,-3,-2,-1,-2,0,-2,-2,-1,0,1,-1,0,0,0,0,0,1,2,3,2,2,0,8,2,2,3,0,0,2,1,1,1,2,1,1,1,0,3,1,1,1,0,5,1,1,2,0,0,0,0,0,0,0,0,0,0,1,-6,1,0,-1,0,-3,1,0,0,1,-3,0,0,-1,0,0,0,0,0,5,2,1,0,3,2,1,1,4,0,4,2,1,0,0,1,0,0,0,3,2,1,0,3,0,0,0,1,1,0,0,0,0,0,0,0,0,0,0,0,3,1,0,-4,3,2,1,1,-3,0,1,0,-1,-1,3,0,0,0,0,0,2,2,1,2,0,2,5,3,2,1,1,0,0,1,0,2,0,1,3,0,0,1,2,3,0,0,0,0,0,0,0,0,2,0,-4,-1,2,0,-2,0,0,0,-2,-1,0,0,0,0
2582,10,2,11,2,3,4,1,0,2,3,5,0,0,0,0,0,0,0,0,1,0,0,0,0,0,1,0,0,2,3,4,0,0,2,2,4,1,0,0,0,0,0,0,0,0,-1,1,0,0,0,-1,0,0,-2,-2,-4,0,0,2,2,4,1,0,6,6,8,2,3,4,3,6,7,2,2,0,1,0,0,0,0,1,0,0,0,0,0,0,0,4,3,6,7,2,4,6,6,2,3,0,0,0,0,0,2,3,2,-5,1,2,0,1,0,0,-4,-3,-5,-7,-2,4,6,6,2,3,0,3,7,4,2,1,4,4,3,1,0,1,1,0,0,0,0,1,0,0,0,1,0,0,0,1,2,4,3,1,0,2,5,4,2,0,1,0,0,0,-1,-1,3,1,1,0,0,1,0,0,-1,-2,-3,-3,-1,0,1,5,4,2,1,3,6,3,1,6,5,4,0,0,0,0,0,1,0,1,0,1,0,0,1,3,4,2,1,2,6,2,0,2,1,2,0,-3,1,-1,0,-1,0,0,-1,-2,-4,-1,1,0,5,0
2582,11,1,09,1,3,4,1,2,7,3,3,5,0,0,2,2,0,2,1,1,2,1,0,6,0,1,1,0,1,3,1,4,0,0,0,0,0,0,0,0,1,0,0,-6,0,1,-4,2,-6,2,1,-1,2,0,-2,1,-3,0,0,0,-1,0,0,1,2,3,2,3,4,4,1,2,3,0,2,1,1,0,1,0,2,1,3,3,2,0,0,2,1,2,1,2,1,0,0,0,0,0,0,0,0,0,0,-3,-2,2,0,0,-3,0,1,1,-2,0,-2,1,-1,2,0,0,0,0,0,2,0,3,2,3,1,3,2,3,2,1,0,2,2,2,1,0,1,0,1,1,1,2,3,1,0,2,0,0,1,0,0,0,0,0,0,0,0,0,0,1,-3,1,-1,1,0,-1,0,-1,1,1,-2,1,0,0,0,0,0,0,0,1,2,2,1,4,0,2,1,1,2,1,0,0,0,1,0,0,0,2,1,4,0,0,0,0,0,0,1,0,0,0,0,-3,2,0,0,1,2,-1,-1,-4,0,1,0,0,0,0,1
2582,11,1,11,9,2,4,3,1,5,2,2,2,0,1,0,0,0,1,0,0,1,1,0,2,0,0,0,0,3,2,2,2,0,8,2,3,2,0,0,0,0,0,0,4,0,2,1,1,-1,0,0,0,1,-3,-2,-1,-1,0,8,2,3,2,0,4,6,6,3,2,1,3,2,6,3,1,0,0,0,0,0,0,0,0,0,0,0,1,2,0,1,2,1,4,3,3,6,6,3,2,0,1,0,0,0,3,3,4,-3,-1,1,0,-1,-2,0,-1,-2,-1,-4,-3,3,5,6,3,2,6,7,5,1,0,3,3,4,1,1,0,0,1,0,0,1,0,0,0,0,1,1,1,1,0,2,2,3,0,1,5,7,4,1,0,0,0,0,0,0,3,4,1,0,-1,-1,-1,0,-1,0,-1,-2,-3,0,-1,5,7,4,1,0,0,1,1,2,2,0,3,0,0,1,0,0,0,0,0,0,0,0,0,0,2,0,2,0,0,0,1,2,0,0,1,0,-2,1,-2,2,0,1,0,0,-2,0,-2,0,0,0,0,2
2582,11,2,09,2,1,3,2,0,4,4,2,2,1,2,1,2,1,0,0,0,1,1,0,4,3,2,2,1,0,1,0,0,0,0,0,0,0,0,0,0,0,0,0,-2,-3,1,0,-1,-2,-2,0,-1,-1,0,-1,1,1,0,0,0,0,0,0,3,2,2,0,1,0,3,2,2,1,2,2,1,0,0,1,0,1,0,1,0,2,0,1,0,0,1,2,1,1,0,0,0,0,0,0,0,0,0,0,3,-1,0,-2,0,2,0,1,-1,0,1,-1,-1,-1,0,0,0,0,0,0,0,1,3,2,2,3,3,3,1,0,0,0,3,2,1,0,1,0,0,1,1,2,1,1,0,2,1,2,0,0,0,0,0,0,0,0,0,0,0,0,-3,-2,0,1,2,-1,-2,2,1,1,-2,0,-2,0,1,0,0,0,0,0,3,1,2,2,2,6,4,1,2,0,1,0,1,0,1,2,1,3,2,1,1,2,2,0,0,1,0,0,0,1,0,0,1,-5,-2,1,1,-3,-1,-1,0,-2,-1,2,0,0,0,0
2582,11,2,11,4,3,6,1,5,1,1,3,2,3,0,0,0,0,1,0,1,1,0,0,0,0,0,0,0,1,1,3,2,3,4,2,5,1,4,0,0,0,0,0,3,2,3,-1,2,0,0,0,0,1,-1,0,-2,-2,-3,4,2,5,1,4,5,3,6,5,4,2,0,6,6,3,0,0,1,0,0,0,0,1,0,0,0,0,0,0,0,2,0,6,6,3,5,3,4,5,4,0,0,0,0,0,3,3,0,-1,1,0,0,1,0,0,-2,0,-5,-6,-3,5,3,4,5,4,9,1,2,4,2,3,1,1,3,1,1,0,0,1,1,0,0,0,0,0,1,0,0,0,1,2,0,1,2,0,8,1,2,3,1,0,1,0,1,0,6,0,1,1,1,0,0,0,1,0,-2,0,-1,-2,0,8,0,2,2,1,2,3,3,3,3,2,3,1,0,0,0,0,0,0,2,0,0,0,0,1,3,2,1,0,2,3,1,3,0,0,2,0,-1,1,0,2,0,0,0,-1,-3,-2,1,0,2,3,-1,3
2582,12,1,09,2,1,2,3,1,4,2,3,1,1,2,0,1,2,0,0,1,1,1,1,2,1,3,1,0,2,1,0,0,1,0,0,0,0,0,0,0,0,0,0,-2,-1,-1,2,0,0,-1,-2,1,0,-2,0,1,1,0,0,0,0,0,0,6,0,1,1,2,1,3,0,3,4,2,0,1,0,1,3,0,0,1,1,1,2,0,1,3,0,1,0,2,1,1,0,0,0,0,0,0,0,0,0,5,-3,1,-2,-2,1,-2,1,-1,-2,3,-1,0,-1,0,1,0,0,0,0,3,5,1,3,1,4,4,2,1,4,3,3,1,1,1,0,1,0,2,0,3,2,0,0,1,1,2,2,1,3,0,1,0,0,0,0,0,0,0,0,-1,1,-1,2,-3,0,1,1,1,0,-1,-1,-2,1,-3,0,1,0,0,0,2,3,1,3,3,3,1,2,2,1,1,1,0,2,0,1,3,3,0,2,0,0,1,0,0,0,0,1,0,0,0,0,-1,0,0,1,-1,-2,1,-1,0,2,-1,1,0,0,0,1
2582,12,1,11,3,2,3,0,2,3,4,4,1,3,0,0,0,0,0,0,0,1,0,0,0,0,3,0,1,3,3,1,1,2,3,2,2,0,2,0,1,0,0,0,0,-2,-1,-1,-1,0,0,-3,0,-1,-3,-3,0,-1,-2,3,1,2,0,2,4,3,8,3,3,1,2,6,5,2,1,0,1,0,0,0,0,0,0,0,1,0,0,1,0,0,2,6,4,2,3,3,7,3,3,0,0,0,0,0,3,1,2,-2,1,0,0,1,-1,0,0,-2,-6,-4,-2,3,3,7,3,3,6,3,3,2,1,3,7,4,3,2,0,1,0,0,0,0,1,0,0,1,0,1,1,1,0,2,6,3,2,2,6,1,3,2,0,1,0,0,0,0,3,-4,-1,-1,-1,0,0,-1,-1,0,-2,-5,-3,-2,-1,5,1,3,2,0,3,0,5,10,1,1,5,4,0,0,0,0,0,0,1,1,0,0,1,1,1,1,4,2,3,0,4,9,0,0,0,1,2,-1,0,6,0,0,-1,-1,-1,-1,-3,-1,3,0,4,8
2582,12,2,09,3,1,1,2,5,3,0,3,1,1,1,0,1,2,2,2,0,0,0,3,1,0,3,0,1,2,0,0,1,0,0,1,0,0,0,0,0,0,0,0,0,1,-2,1,4,0,0,-2,2,1,0,0,0,-1,3,0,1,0,0,0,2,4,1,1,4,2,2,3,3,2,1,4,1,1,2,1,0,0,0,2,2,1,1,1,1,0,1,2,1,1,0,0,0,0,0,0,0,0,1,0,0,2,-2,-2,2,-1,3,0,0,1,1,-1,-2,-1,1,0,0,0,-1,0,0,3,3,1,2,1,3,2,2,1,0,1,2,1,0,0,2,1,0,1,0,1,1,0,0,1,2,1,2,1,0,0,0,0,1,0,0,0,0,0,-1,0,1,-1,1,0,0,1,1,0,-1,0,0,-2,0,0,0,0,0,1,2,1,7,1,0,7,5,3,2,1,6,1,0,0,1,0,0,3,3,1,0,4,2,2,0,0,0,0,0,0,0,0,2,-6,2,-2,2,-2,3,0,0,-4,-1,-2,0,0,0,0
2582,12,2,11,2,3,4,1,0,3,3,3,1,0,0,0,0,0,0,0,0,0,0,0,0,1,1,0,0,3,2,2,1,0,2,3,4,1,0,0,0,0,0,0,-1,0,1,0,0,0,-1,-1,0,0,-3,-2,-2,-1,0,2,3,4,1,0,9,2,5,5,5,8,4,4,7,4,0,0,1,0,0,0,0,0,0,2,1,1,0,2,0,7,3,4,5,4,9,2,4,5,3,0,0,0,0,0,1,-2,1,-2,1,-1,-1,1,-2,0,-7,-3,-4,-5,-2,9,2,4,5,3,6,9,9,1,2,3,3,6,1,1,1,1,1,0,0,0,0,0,0,0,2,0,1,0,1,1,3,5,1,0,5,8,8,1,2,0,0,0,0,0,3,6,3,0,1,-1,1,0,0,-1,-1,-3,-5,-1,0,5,8,8,1,2,1,2,4,3,4,2,2,3,0,0,0,0,0,0,0,0,0,0,0,0,3,1,1,2,1,2,4,3,1,1,1,1,-3,0,2,0,0,0,0,0,-3,-1,-1,-2,0,1,3,2
2582,13,1,09,2,3,2,3,0,4,1,5,2,3,1,2,1,1,0,1,1,1,2,0,2,0,1,0,2,2,1,4,1,1,0,0,0,0,0,0,0,0,1,0,-2,2,-3,1,-3,-1,2,0,1,-2,-1,0,-3,1,-1,0,0,0,-1,0,4,1,5,1,1,2,3,5,5,2,3,0,3,1,1,1,1,2,0,0,1,0,3,4,1,1,3,2,1,1,0,0,0,0,0,0,0,0,0,0,2,-2,0,-4,-1,2,0,0,-3,0,0,-2,0,-1,-1,0,0,0,0,0,0,2,0,3,1,1,0,0,2,2,0,2,0,2,1,0,0,0,1,0,1,0,0,2,0,0,0,0,0,2,0,0,0,0,0,0,0,0,0,0,-1,2,0,1,-1,-1,2,0,0,1,0,0,0,1,-2,0,0,0,0,0,1,4,2,2,3,0,3,2,0,3,1,0,1,0,1,1,2,0,2,0,1,0,1,1,0,1,0,1,0,0,0,1,-2,4,-1,0,-2,3,-1,0,0,0,0,0,0,1,0,0
2582,13,1,11,5,0,2,0,4,3,1,1,1,1,1,0,0,0,1,1,0,0,0,0,3,0,0,1,0,0,1,1,0,0,3,0,2,0,3,0,0,0,0,1,2,-1,1,-1,3,-2,0,0,-1,1,1,-1,-1,0,0,3,0,2,0,2,2,3,8,1,0,1,1,5,1,0,1,0,0,0,0,0,0,0,0,0,0,0,0,0,0,1,1,5,1,0,1,3,8,1,0,0,0,0,0,0,1,2,3,0,0,1,0,0,0,0,-1,-1,-5,-1,0,1,3,8,1,0,2,2,2,3,4,4,5,2,3,0,0,0,0,0,0,0,0,0,1,1,1,1,1,1,0,2,3,1,2,0,2,2,2,2,3,1,1,0,0,0,-2,-3,0,0,4,-1,-1,-1,-1,0,-2,-3,-1,-1,1,1,1,2,2,3,1,4,3,4,2,4,1,2,0,0,0,0,0,0,0,0,0,0,0,0,2,3,1,2,1,4,3,4,0,1,0,0,-1,0,2,2,0,0,0,0,-2,-3,-1,-2,1,3,3,4
2582,13,2,09,0,4,1,2,1,3,1,2,0,3,0,3,0,2,1,0,0,1,0,0,2,1,1,0,1,1,0,0,0,2,0,1,0,0,0,0,0,1,0,0,-3,3,-1,2,-2,-2,2,-1,2,0,-1,0,1,0,-2,0,1,-1,0,0,5,2,8,0,0,2,2,2,2,0,4,1,6,0,0,1,1,2,0,0,1,2,0,1,0,1,0,2,1,0,0,0,0,0,0,0,0,0,0,0,3,0,6,-2,0,3,-1,6,-1,0,0,1,0,-1,0,0,0,0,0,0,1,2,1,2,1,2,3,3,2,2,1,1,0,2,1,0,1,1,0,0,2,0,1,0,2,0,2,2,2,0,0,0,0,0,0,0,1,0,0,0,-1,-1,-2,0,-1,-1,1,-1,2,-1,0,-1,-1,-2,0,0,-1,0,0,0,1,3,2,0,1,1,3,1,1,2,1,0,0,1,1,0,0,1,0,1,1,0,3,0,0,0,0,0,0,0,0,0,0,2,-1,-1,1,1,1,-1,-1,1,-2,0,0,0,0,0
2582,13,2,11,4,4,5,1,2,1,1,2,4,1,0,0,0,0,0,0,0,1,0,1,0,0,1,0,0,1,1,1,4,1,4,4,4,1,1,0,0,0,0,0,3,3,3,-3,1,0,0,-1,0,0,-1,-1,0,-4,0,4,4,4,1,1,5,2,5,2,3,2,4,2,1,1,0,1,0,0,0,0,0,0,0,0,0,0,0,0,0,2,4,2,1,1,5,1,5,2,3,0,0,0,0,0,3,-2,3,1,2,0,1,0,0,0,-2,-4,-2,-1,-1,5,1,5,2,3,3,5,2,3,3,2,2,6,4,1,1,0,0,1,1,0,1,0,0,1,1,1,1,1,0,1,1,5,3,1,2,4,2,2,1,0,0,0,0,0,1,3,-4,-1,2,0,-1,-1,0,1,-1,0,-5,-3,0,2,4,2,2,1,1,5,4,1,1,2,4,0,0,0,0,1,0,1,1,0,0,0,0,0,1,2,3,0,1,4,3,0,0,0,1,0,0,3,0,1,0,0,0,1,-1,-1,-2,0,1,4,2,0
2582,14,1,09,1,3,9,4,3,4,3,6,3,4,1,2,7,2,1,0,1,2,2,2,4,0,3,2,2,0,3,2,1,2,0,0,0,0,0,0,0,1,0,0,-3,0,3,1,-1,-3,2,4,0,-1,0,-2,0,1,0,0,0,-1,0,0,4,0,1,3,3,2,2,3,2,2,2,0,0,2,1,2,0,1,1,2,1,1,3,1,2,1,1,0,1,0,0,0,0,0,0,0,0,0,0,0,2,-2,-2,1,1,1,-1,-3,1,-1,1,-1,1,0,2,0,0,0,0,0,3,0,2,2,2,3,1,2,2,2,1,0,1,1,1,2,0,1,1,1,1,0,0,1,0,2,1,2,1,2,0,0,0,0,0,0,0,0,0,0,0,-1,0,0,0,0,0,1,0,1,0,-1,-1,0,-1,0,0,0,0,0,2,1,0,1,3,1,3,2,2,0,0,0,0,1,0,1,3,0,2,1,0,1,1,1,0,0,0,0,0,0,0,0,-1,0,-3,-1,-1,0,-2,-1,0,0,-1,0,0,0,0,0
2582,14,1,11,5,1,4,2,5,4,2,3,2,1,0,0,0,0,1,0,0,0,0,0,0,0,1,0,0,4,2,2,2,1,5,1,4,2,4,0,0,0,0,0,1,-1,1,0,4,0,0,-1,0,1,-4,-2,-2,-2,-1,5,1,4,2,4,0,7,7,5,8,2,3,3,3,6,0,0,0,0,1,0,1,1,0,1,0,1,0,1,0,2,2,3,2,5,0,6,6,5,6,0,0,0,0,1,-2,4,4,2,2,0,-1,0,-1,1,-2,-1,-2,-2,-4,0,6,6,5,5,4,7,6,2,4,1,3,4,0,1,0,1,0,1,0,0,1,0,1,0,0,0,1,0,0,1,3,3,0,1,4,5,6,0,4,0,0,0,0,0,3,4,2,2,3,0,1,-1,1,0,-1,-2,-3,1,-1,4,5,6,0,4,5,7,2,1,3,5,3,1,2,0,0,0,0,0,0,0,1,0,1,0,2,4,1,1,3,7,2,1,0,1,1,0,2,2,-1,0,1,0,-1,0,-2,-4,-1,-1,3,6,1,1
2582,14,2,09,1,2,8,1,0,4,3,7,1,0,0,1,1,1,0,1,1,6,0,0,2,2,3,1,0,2,1,3,0,0,0,0,1,0,0,0,0,1,0,0,-3,-1,1,0,0,-2,-1,-2,0,0,-1,0,3,0,0,0,0,0,0,0,2,0,3,0,5,3,3,2,5,1,2,0,2,0,3,0,0,1,0,2,2,2,1,1,1,1,1,1,4,0,0,0,0,0,0,0,0,0,0,0,-1,-3,1,-5,4,0,-2,1,-1,2,-1,-1,0,-4,2,0,0,0,0,0,4,1,3,3,2,3,1,2,4,2,2,1,3,3,1,2,0,0,0,0,1,1,1,2,1,2,0,0,2,1,0,0,0,0,1,0,0,1,0,0,1,0,1,-1,0,1,0,2,1,0,0,0,0,-2,-1,0,0,-1,0,1,0,1,2,3,3,1,2,4,0,1,2,0,0,0,0,3,3,1,1,1,0,0,1,2,0,0,0,0,0,0,0,1,-3,0,0,-1,-3,0,1,-1,0,0,-1,1,0,0,0,-1
2582,14,2,11,4,2,1,1,1,3,3,1,1,2,0,0,0,0,0,0,0,0,0,0,0,0,1,0,1,3,3,0,1,1,4,2,1,1,1,0,0,0,0,0,1,-1,0,0,-1,0,0,-1,0,-1,-3,-3,0,-1,-1,4,2,1,1,1,8,7,9,2,4,4,1,3,3,1,2,1,0,0,0,0,0,1,0,0,0,0,0,0,0,3,1,3,3,1,6,6,8,2,4,1,0,0,0,0,4,6,6,-1,3,2,1,0,0,0,-3,-1,-2,-3,-1,5,6,8,2,4,4,6,2,3,1,1,5,3,2,0,0,1,0,0,1,0,1,0,0,0,0,2,2,0,0,1,2,1,1,0,4,4,2,3,0,0,1,0,1,0,3,1,-1,1,1,0,-1,-2,0,1,-1,-1,-1,-1,0,4,3,2,2,0,1,6,3,3,0,7,1,2,0,0,0,0,1,0,1,0,0,1,0,1,0,4,1,1,0,6,2,3,0,2,0,0,1,-1,2,1,0,-1,0,-1,1,-4,0,-1,0,4,2,3
2582,15,1,09,3,4,2,2,1,2,3,3,5,1,1,1,2,2,1,2,3,0,0,0,0,2,2,2,0,2,1,1,2,1,0,0,0,0,0,0,0,0,1,0,1,1,-1,-3,0,1,-1,0,0,1,0,2,-1,-2,-1,0,0,0,-1,0,5,0,2,1,2,2,8,1,3,3,2,0,2,1,1,3,0,0,0,1,1,7,1,3,1,1,1,0,0,2,0,0,0,0,0,0,0,0,0,0,3,-8,1,-2,-1,1,-7,1,-2,0,2,-1,0,0,-1,0,0,0,0,0,0,2,3,2,3,3,2,1,1,0,0,1,0,2,1,0,1,3,0,2,1,1,1,1,0,2,1,0,0,0,0,0,0,0,0,0,0,0,0,0,-3,0,2,1,3,-1,0,-1,1,1,-2,0,3,0,2,0,0,0,0,0,0,0,1,2,1,1,3,2,0,0,0,1,0,0,1,1,1,1,1,2,0,0,2,0,0,0,0,0,0,0,0,0,-1,-1,-2,0,-1,-1,-1,-1,0,0,-1,1,0,0,0,0
2582,15,1,11,5,3,5,2,3,5,4,4,1,1,0,1,0,0,0,0,0,0,0,1,1,2,0,0,0,4,2,4,1,1,5,2,5,2,2,0,0,0,0,0,0,-1,1,1,2,-1,-1,0,0,0,-4,-2,-4,-1,0,5,2,5,2,2,2,7,8,3,6,0,3,2,1,3,1,0,1,0,0,0,0,1,0,1,0,1,0,0,1,0,2,2,1,2,1,7,6,3,5,0,0,0,0,0,2,4,6,2,3,1,-1,1,0,-1,0,-2,-1,-1,-1,1,7,6,3,5,5,7,3,1,1,3,3,3,2,2,0,0,0,0,0,0,0,0,0,0,1,0,0,0,0,2,3,3,1,1,5,7,3,1,1,0,0,0,1,1,2,4,0,-1,-1,-1,0,0,0,0,-2,-3,-3,-1,-1,5,7,3,0,0,0,0,7,6,1,0,5,4,0,0,0,1,0,0,0,0,0,0,0,1,1,0,5,3,0,0,7,5,0,0,0,0,-1,0,2,2,0,0,0,0,-1,0,-5,-3,0,0,7,5
2582,15,2,09,4,2,3,1,4,6,3,5,2,5,4,1,1,1,2,0,1,2,0,1,0,2,2,2,2,6,1,2,0,3,0,0,0,0,1,0,0,1,0,0,-2,-1,-2,-1,-1,4,-1,-1,-1,0,-6,0,0,0,-2,0,0,-1,0,1,7,4,2,4,1,3,6,4,3,2,3,3,1,3,1,3,1,1,1,0,1,6,3,1,2,2,0,1,2,0,1,0,0,0,0,0,0,0,0,0,4,-2,-2,1,-1,2,-3,-2,2,-1,1,1,0,-1,0,1,0,0,0,0,2,2,1,6,2,3,2,2,3,2,2,1,1,5,2,0,0,0,1,0,1,1,0,3,1,2,1,2,0,1,0,1,0,0,0,0,0,0,0,0,-1,0,-1,3,0,1,0,1,2,1,-2,-1,-2,1,-1,0,1,0,0,0,5,2,2,3,4,4,1,3,1,1,1,3,4,1,1,0,2,2,0,2,2,2,1,1,0,0,0,0,0,0,0,0,1,-2,1,0,-1,-1,1,1,2,-1,0,-1,0,0,0,0
2582,15,2,11,2,1,2,1,1,0,0,3,3,0,0,0,0,0,0,0,0,0,0,0,0,0,0,1,0,0,0,3,2,0,2,1,2,1,1,0,0,0,0,0,2,1,-1,-2,1,0,0,0,-1,0,0,0,-3,-2,0,2,1,2,1,1,2,5,3,2,5,0,4,3,3,0,0,0,0,0,1,0,1,0,0,1,0,0,0,1,0,0,4,2,2,0,2,4,3,2,3,0,0,1,0,0,2,1,0,-1,5,0,0,0,-1,1,0,-3,-2,-2,1,2,4,2,2,3,0,3,3,1,3,0,1,7,3,2,0,0,0,0,1,0,0,1,0,0,0,0,1,0,1,0,1,6,3,1,0,3,2,1,2,0,0,0,0,0,0,2,-4,-2,1,0,0,-1,0,0,0,-1,-5,-3,-1,0,3,2,1,2,0,3,5,5,2,3,2,1,0,0,1,0,0,0,0,0,2,0,1,0,0,3,1,1,0,3,4,5,0,0,0,0,-2,0,3,4,-2,0,0,0,0,-3,-1,-1,0,3,4,5
2582,16,1,09,10,8,8,4,4,8,8,4,4,4,9,5,4,0,2,1,3,4,4,1,5,3,1,3,2,3,5,3,1,2,0,0,0,0,1,0,0,0,0,0,2,0,4,0,0,4,2,3,-3,0,-2,-2,1,3,-1,0,0,0,0,1,3,2,7,6,1,7,3,6,4,4,3,2,5,3,0,0,0,2,3,1,7,2,4,0,2,0,1,2,4,2,0,0,0,0,0,0,0,0,0,0,-4,-1,1,2,-3,-4,0,1,3,-2,0,-1,0,-1,-1,0,0,0,0,0,4,2,1,1,2,2,2,3,3,2,4,2,1,0,2,0,0,0,1,0,1,1,2,1,2,1,1,1,2,0,0,0,0,0,0,0,0,0,0,0,2,0,-2,-2,0,3,1,-1,-1,0,-1,-1,-1,-1,0,0,0,0,0,0,5,3,5,5,5,4,6,3,4,1,2,4,1,2,3,1,5,2,4,2,0,2,2,1,0,0,0,0,0,0,0,0,0,-1,-1,2,-1,-1,-2,2,1,0,1,0,0,0,0,0
2582,16,1,11,4,0,3,3,7,5,0,3,2,1,0,0,0,0,1,0,0,0,1,0,1,0,1,0,0,4,0,2,2,1,4,0,3,2,6,0,0,0,0,0,-1,0,0,1,6,-1,0,-1,0,1,-4,0,-2,-1,-1,4,0,3,2,6,2,6,7,11,8,2,1,3,3,3,0,0,0,0,0,0,0,0,0,0,0,1,0,0,1,2,0,3,3,2,2,6,7,11,8,0,0,0,0,0,0,5,4,8,5,0,-1,0,0,-1,-2,0,-3,-3,-2,2,6,7,11,8,10,9,5,2,2,2,1,3,2,4,0,1,0,1,1,0,0,0,0,1,1,0,1,2,1,1,1,2,0,3,10,8,5,1,0,0,0,0,0,0,8,8,2,0,-2,-1,1,-1,-1,0,-1,-1,-2,0,-2,10,8,5,1,0,1,7,4,7,1,6,2,3,0,1,1,1,0,1,1,2,0,1,0,0,1,4,1,3,1,5,2,4,0,1,1,0,0,1,2,4,0,0,1,1,-1,-3,0,-1,1,4,1,4
2582,16,2,09,6,3,6,3,8,12,6,1,5,4,3,2,4,2,7,3,1,2,1,1,7,3,0,4,3,5,3,1,1,1,0,0,0,0,0,0,0,0,0,0,-6,-3,5,-2,4,-4,-1,4,-2,4,-2,-2,1,0,0,0,0,0,0,0,4,4,3,5,3,3,4,7,3,12,2,4,2,4,2,2,0,1,1,1,0,4,5,1,6,3,0,2,2,6,0,0,0,0,0,0,0,0,0,0,1,0,-4,2,-9,2,0,-3,3,-4,-1,0,-1,-1,-5,0,0,0,0,0,4,0,6,6,5,4,7,3,4,3,4,0,5,3,4,0,0,1,3,1,2,2,1,3,3,2,5,2,1,0,0,0,0,0,0,0,0,0,0,0,0,-7,3,2,2,2,-2,4,0,1,-2,-5,-1,2,1,0,0,0,0,0,1,4,2,2,2,2,3,2,1,3,1,1,0,1,1,1,2,2,3,1,0,0,0,1,0,0,0,0,0,0,0,0,-1,2,-1,0,-1,1,-2,0,0,1,1,0,0,0,0,0
2582,16,2,11,7,1,1,2,2,2,0,1,2,0,0,0,1,1,0,0,0,0,0,1,0,0,0,1,0,2,0,1,1,0,7,1,0,1,1,0,0,0,0,0,5,1,0,0,2,0,0,1,0,0,-2,0,-1,-1,1,7,1,0,1,1,7,4,1,3,3,3,3,2,5,3,0,0,0,0,1,0,1,0,0,0,2,1,0,2,1,1,2,2,3,2,7,3,1,3,2,0,0,0,0,0,4,1,-1,-2,0,-2,-1,0,-2,0,-1,-1,-2,-3,-2,7,3,1,3,2,4,8,3,2,2,4,5,5,0,0,1,2,0,0,0,1,0,0,0,0,1,1,0,0,0,3,3,5,0,0,2,6,3,2,2,0,1,0,0,0,0,3,-2,2,2,0,1,0,0,0,-2,-3,-5,0,0,2,5,3,2,2,7,5,4,7,4,2,3,2,2,1,0,0,0,0,0,0,0,0,0,1,4,2,3,1,5,4,4,7,0,0,0,0,3,3,1,5,2,1,0,-1,-4,-2,-3,-1,5,4,4,7
2582,17,1,09,2,6,6,3,3,3,9,5,4,5,1,5,0,1,1,1,1,6,2,2,2,8,2,2,1,1,1,3,1,4,0,0,0,0,0,0,0,0,1,0,-1,-3,1,-1,-2,-1,-3,-2,-1,0,0,0,3,1,-2,0,0,0,-1,0,3,2,3,3,3,4,6,5,5,2,1,1,2,2,1,2,1,1,1,2,2,5,3,5,1,2,0,2,0,1,0,0,0,0,0,0,1,0,0,0,-1,-4,-2,-2,1,-1,-4,-1,-3,0,0,1,-1,1,1,0,-1,0,0,0,5,2,2,3,7,1,3,4,3,3,4,2,1,2,6,1,0,1,1,1,1,3,3,1,3,0,0,1,2,0,0,0,0,0,0,0,0,0,0,0,4,-1,-2,0,4,3,-1,-2,1,3,1,0,0,-1,1,0,0,0,0,0,3,4,3,2,0,2,4,0,3,4,1,1,0,0,2,1,0,2,1,0,0,0,3,0,0,0,0,0,0,0,0,0,3,2,-1,2,3,2,0,1,0,0,-1,1,0,0,0,0
2582,17,1,11,3,1,2,3,3,2,2,2,2,3,0,0,0,0,0,0,0,0,0,1,0,0,0,0,0,2,2,2,2,3,3,1,2,3,2,0,0,0,0,0,1,-1,0,1,0,0,0,0,0,0,-2,-2,-2,-2,-2,3,1,2,3,2,3,4,9,10,6,1,1,4,5,6,1,0,0,0,0,0,0,0,2,1,0,0,2,1,1,1,1,2,4,4,2,4,9,8,5,0,0,0,0,1,2,3,5,5,0,1,0,-2,-1,-1,-1,-1,-2,-2,-3,2,4,9,8,4,17,12,10,6,1,3,3,7,4,0,0,1,2,3,1,1,0,1,0,0,1,0,3,1,0,2,3,4,2,0,16,11,7,3,0,0,0,0,1,0,14,9,3,2,1,-1,1,-1,2,1,-1,-3,-3,-2,0,16,11,7,2,0,1,6,9,4,1,5,5,4,0,0,2,0,1,1,0,1,0,0,0,2,1,5,5,2,0,5,7,3,0,0,0,0,0,1,4,0,0,0,2,-2,0,-4,-5,-1,0,5,7,3
2582,17,2,09,4,9,2,3,3,7,6,2,5,2,3,3,1,3,2,1,6,1,0,1,4,3,2,3,0,3,3,0,2,2,0,0,0,0,0,0,0,0,0,0,-3,3,0,-2,1,-1,0,-1,0,2,-2,3,1,-2,-1,0,0,0,0,0,4,4,2,3,2,6,4,3,2,1,2,1,1,1,1,1,3,1,2,1,4,3,1,2,0,2,1,2,0,1,1,0,0,0,0,0,0,0,0,0,-2,0,-1,1,1,-2,-2,0,-1,1,-1,2,-1,2,0,1,0,0,0,0,4,5,4,1,4,6,6,7,2,1,3,4,1,0,2,1,1,3,1,1,4,3,5,0,0,2,3,2,2,1,0,0,0,0,1,0,0,0,0,0,-2,-1,-3,-1,3,-1,1,-4,0,2,-1,-2,1,-1,0,0,0,0,0,1,5,2,4,0,2,5,7,1,4,2,4,0,1,0,0,0,1,3,7,1,1,2,0,0,0,0,0,0,0,0,0,0,3,-3,-3,-1,3,-1,-3,-1,0,-2,0,0,0,0,0,0
2582,17,2,11,1,1,2,1,3,1,1,2,0,0,0,1,0,0,0,0,0,0,1,0,0,0,0,0,0,1,1,2,0,0,1,0,2,0,3,0,0,0,0,0,0,0,0,1,3,0,1,0,0,0,-1,-1,-2,1,0,1,0,2,0,3,6,2,12,5,4,2,4,5,0,1,0,1,3,0,0,0,0,0,0,0,0,1,0,0,0,2,3,5,0,0,6,1,9,5,4,0,0,0,0,1,4,-2,7,5,3,0,0,3,0,0,-2,-3,-5,0,0,6,1,9,5,3,4,6,2,1,3,1,4,4,1,3,0,0,1,1,0,0,2,0,0,0,0,0,1,0,0,1,4,2,1,3,4,4,1,0,3,0,0,1,0,0,3,2,-2,0,0,0,0,0,1,0,-1,-2,-2,-1,-3,4,4,0,0,3,1,1,5,1,3,4,2,0,0,0,2,0,0,0,0,0,0,1,0,0,3,1,2,0,1,1,3,1,0,2,0,0,-2,-3,3,1,0,-1,2,0,-3,-1,-2,0,1,-1,3,1
2582,18,1,09,3,3,2,2,3,5,9,5,6,7,3,2,1,1,2,0,1,1,1,1,4,7,3,2,5,0,2,2,4,2,0,0,0,0,0,1,0,0,0,0,-2,-6,-3,-4,-4,-1,-5,-2,-1,-3,0,-1,-1,-3,-1,-1,0,0,0,0,3,6,2,4,1,3,7,9,6,4,1,5,0,0,1,2,0,2,4,0,2,6,3,3,2,1,1,6,3,2,0,1,0,0,0,0,0,0,0,0,0,-1,-7,-2,-3,-1,-1,-3,-3,-1,1,-1,-4,1,-2,0,1,0,0,0,3,1,4,1,2,4,3,2,3,2,3,0,2,1,1,0,1,2,0,1,2,1,2,2,0,2,2,0,1,2,0,0,0,0,0,0,0,0,0,0,-1,-2,2,-2,0,1,-1,0,-1,1,-2,-1,2,-1,-1,0,0,0,0,0,3,1,0,1,2,4,1,3,3,1,0,0,0,0,0,1,2,2,1,3,0,2,0,0,0,0,0,0,0,0,0,0,1,-3,-1,-2,1,-1,-1,-3,0,-2,0,1,0,0,0,0
2582,18,1,11,2,3,3,4,4,1,3,0,2,1,0,0,0,0,0,0,0,1,0,0,0,1,0,1,0,1,2,0,1,1,2,3,2,4,4,0,0,0,0,0,1,0,3,2,3,0,-1,0,-1,0,-1,-2,1,-1,-1,2,3,2,4,4,2,5,6,10,7,1,0,3,8,2,0,0,0,2,0,0,0,1,1,0,0,0,0,0,0,1,0,3,8,2,2,5,5,7,7,0,0,0,0,0,1,5,3,2,5,0,0,0,2,0,-1,0,-2,-7,-2,2,5,5,7,7,8,25,13,8,6,1,10,7,4,5,1,2,1,1,1,2,1,5,2,2,1,4,2,2,0,0,6,4,2,5,5,22,7,5,3,0,0,1,0,0,7,15,6,4,1,0,-2,-1,-1,1,2,-5,1,0,-3,5,22,6,5,3,3,1,6,6,1,0,5,4,0,0,1,3,0,0,0,0,0,0,0,0,1,0,4,3,3,1,5,3,0,0,1,1,2,1,1,2,0,0,1,3,-1,0,-4,-3,3,1,4,2
2582,18,2,09,10,10,12,8,3,14,9,9,5,9,8,6,7,8,2,2,4,5,0,1,7,4,5,5,5,7,5,4,0,4,0,0,0,0,0,0,0,0,0,0,-4,1,3,3,-6,1,2,2,3,-3,-5,-1,1,0,-3,0,0,0,0,0,4,1,1,3,2,8,7,4,5,4,2,0,1,2,0,2,1,0,1,2,3,3,3,3,4,5,4,1,2,0,0,0,0,0,0,0,0,0,0,0,-4,-6,-3,-2,-2,-1,-3,-2,-1,-4,-3,-3,-1,-1,2,0,0,0,0,0,3,5,4,2,6,3,3,3,1,2,2,3,2,1,3,1,2,2,1,3,3,1,3,1,1,0,2,0,0,1,0,0,0,0,0,0,0,0,0,0,0,2,1,1,4,-1,2,-1,0,2,1,0,2,1,2,0,0,0,0,0,8,0,5,8,4,4,4,9,5,0,5,7,3,0,0,1,2,3,4,7,2,1,0,2,0,0,0,0,0,0,0,0,4,-4,1,-1,3,-3,1,0,1,-1,0,-1,0,0,0,0
2582,18,2,11,5,1,1,2,6,2,0,3,1,2,0,0,0,0,0,1,0,0,1,1,1,0,0,1,2,1,0,3,0,0,4,1,1,1,5,0,0,0,0,0,3,1,-2,1,4,-1,0,0,-1,-2,0,0,-3,1,1,4,1,1,1,5,2,4,3,7,2,0,5,3,5,2,0,0,0,1,0,0,0,0,0,0,0,2,0,0,1,0,3,3,4,1,2,4,3,6,2,0,0,0,1,0,2,-1,0,2,0,0,-2,0,1,-1,0,-3,-3,-4,-1,2,4,3,5,2,3,5,3,4,1,4,3,5,2,0,0,0,0,1,0,0,1,0,1,0,1,1,3,0,0,3,2,1,2,0,3,4,3,2,1,0,0,1,0,0,-1,2,-2,2,1,-1,-1,-3,1,0,-3,-1,-1,-1,0,3,4,2,2,1,3,0,6,9,1,0,4,4,1,0,1,1,0,0,0,0,0,0,2,2,1,0,2,2,2,0,5,8,0,0,0,0,2,0,2,5,1,0,-1,-1,-1,0,-2,-2,2,0,5,8
2582,19,1,09,8,5,9,10,8,12,14,17,16,22,6,2,5,7,3,2,2,4,3,4,3,5,5,8,6,9,9,12,8,16,0,1,0,0,1,0,0,0,0,0,-4,-9,-8,-6,-14,3,-3,0,-1,-3,-7,-7,-8,-5,-12,0,1,0,0,1,17,8,14,12,10,21,17,14,10,13,7,4,9,5,6,10,4,5,7,3,8,7,7,5,3,13,10,7,5,10,0,0,0,0,1,0,0,0,0,0,-4,-9,0,2,-3,-1,-3,2,0,3,-3,-6,-2,2,-7,0,0,0,0,1,5,8,5,9,7,7,10,9,12,6,2,2,2,4,3,3,6,3,5,4,3,3,3,7,2,4,7,6,5,3,0,0,0,0,0,0,0,0,0,1,-2,-2,-4,-3,1,-1,-1,-1,-3,1,-1,-1,-3,0,1,0,0,0,0,-1,16,11,11,6,7,9,7,7,6,4,6,2,10,7,5,4,4,6,4,4,3,3,3,3,0,0,0,0,0,0,0,0,9,2,4,-1,2,-2,2,-2,7,4,2,1,0,0,0,0
2582,19,1,11,1,1,2,1,2,2,1,2,4,1,0,0,0,0,0,0,0,1,0,0,0,1,0,2,0,2,0,1,2,1,1,1,1,1,2,0,0,1,0,0,-1,0,0,-3,1,0,-1,0,-2,0,-2,0,0,-2,-1,1,1,0,1,2,2,8,14,14,5,1,3,7,9,8,0,0,2,2,0,2,1,3,1,0,0,0,0,1,1,0,3,7,8,7,0,7,9,11,5,1,0,0,0,0,1,5,7,5,-3,0,0,2,1,-1,2,-2,-4,-7,-7,-1,7,9,11,5,12,40,28,16,7,4,23,19,11,4,2,3,1,1,2,2,3,3,5,3,0,12,6,3,1,3,11,13,8,2,8,34,24,10,2,1,0,0,0,1,8,17,9,5,3,2,-9,-5,-2,1,-1,-8,-10,-3,1,7,34,24,10,1,4,8,5,5,5,4,1,4,0,0,0,0,1,2,3,1,3,2,0,0,2,2,1,4,3,6,2,4,0,0,0,0,-1,4,4,1,-3,-2,0,0,-1,0,2,-3,3,6,2,4
2582,19,2,09,7,14,13,17,13,26,29,26,32,24,3,8,7,12,10,4,6,6,4,3,12,13,7,8,11,13,15,19,23,12,0,0,0,1,0,1,1,0,1,1,-19,-15,-13,-15,-11,-9,-5,0,4,-1,-9,-9,-13,-19,-9,-1,-1,0,0,-1,13,15,26,14,12,13,19,21,14,16,8,8,12,6,5,5,7,14,8,6,5,11,7,5,9,8,8,14,9,6,0,0,0,0,1,0,0,0,0,1,0,-4,5,0,-4,3,-3,5,1,-4,-3,-1,0,-1,0,0,0,0,0,0,11,9,13,11,14,13,14,18,19,20,9,6,9,8,9,2,3,4,3,5,4,8,7,8,7,9,6,10,10,12,0,0,0,0,0,0,0,1,1,1,-2,-5,-5,-8,-6,5,-2,2,0,2,-7,-3,-6,-7,-7,0,0,-1,-1,-1,6,5,12,12,26,20,21,11,2,1,9,7,4,3,3,5,13,12,13,5,12,8,8,6,0,1,0,0,1,0,0,0,-20,-15,-9,1,-11,-11,-4,2,-8,-5,-5,-1,-1,1,0,0
2582,19,2,11,4,4,3,2,5,4,6,6,3,6,0,1,0,2,0,1,1,0,0,1,1,1,2,2,0,3,5,4,1,6,3,2,3,0,4,0,0,0,0,0,0,-2,-3,-1,-1,-1,0,-2,0,0,-2,-4,-4,-1,-5,3,2,3,0,4,6,3,5,7,3,2,4,0,3,8,0,1,0,0,0,0,0,1,1,0,0,2,0,1,0,2,2,0,2,8,6,2,4,6,3,0,0,0,0,0,4,-1,5,4,-5,0,-1,0,-1,0,-2,-2,1,-1,-8,6,2,4,6,3,3,11,8,5,8,7,8,4,4,6,0,0,2,2,3,1,0,1,1,1,2,6,1,2,1,5,2,3,2,5,2,11,5,2,4,0,0,0,0,0,-4,3,4,1,2,-2,-6,1,0,2,-4,-2,-2,-1,-4,2,11,5,2,4,4,4,3,4,6,2,3,4,0,2,1,2,1,0,0,0,1,0,0,2,4,2,2,2,3,2,2,2,1,0,1,0,-2,2,0,0,-1,2,1,0,-3,-2,-2,-2,2,2,1,2
2582,20,1,09,15,17,20,15,28,30,16,27,29,23,7,8,14,9,8,7,9,6,6,20,11,7,14,9,8,18,9,12,20,15,1,0,0,0,0,1,0,1,0,0,-15,1,-7,-14,5,-4,1,0,0,0,-11,0,-6,-14,5,0,0,-1,0,0,42,20,34,38,24,34,22,17,17,17,9,7,14,10,6,33,13,20,28,18,10,6,6,9,8,23,15,11,8,9,0,0,0,0,0,1,1,0,0,0,8,-2,17,21,7,-1,1,8,1,-2,10,-2,9,20,9,-1,-1,0,0,0,11,19,17,24,47,14,17,18,16,12,6,10,5,7,11,5,9,12,17,36,7,12,2,3,4,7,5,14,13,8,0,0,0,0,0,0,0,2,0,0,-3,2,-1,8,35,-1,-2,3,4,7,-2,4,-2,4,28,0,0,-2,0,0,45,43,43,44,19,20,21,23,6,8,11,10,37,35,32,34,14,9,4,12,5,10,17,11,2,0,0,0,0,1,0,0,26,23,22,21,-8,-1,7,-2,32,25,15,23,2,-1,0,0
2582,20,1,11,4,6,0,4,7,2,6,0,4,4,0,1,0,1,0,0,2,0,0,0,0,2,0,1,1,2,4,0,3,3,4,3,0,3,7,0,0,0,0,0,2,0,0,0,3,0,-1,0,0,-1,-2,-2,0,-3,-3,4,3,0,3,7,7,7,9,15,4,2,1,5,10,8,0,0,1,2,0,1,1,1,2,0,0,0,1,3,2,2,1,4,6,6,6,6,7,11,4,0,0,0,1,0,5,6,4,5,-4,0,0,0,-1,-2,-1,0,-3,-4,-6,6,6,7,10,4,10,27,15,29,11,6,24,28,11,9,0,0,2,2,2,1,7,2,7,8,3,9,5,4,3,3,15,23,7,6,9,20,11,20,1,0,0,0,0,0,4,3,-13,18,2,-3,-9,-3,-2,-1,-2,-8,-21,0,2,9,20,11,20,1,7,6,4,8,14,4,3,5,0,2,0,0,3,1,2,1,1,0,1,1,11,4,2,3,4,3,2,7,2,0,0,1,-7,2,1,3,-1,2,-1,-1,-8,-3,0,-2,2,3,2,6
2582,20,2,09,15,16,26,18,23,55,43,30,32,36,6,6,19,10,12,8,10,5,8,11,26,21,11,10,11,29,22,16,21,25,1,0,2,0,0,0,0,3,1,0,-40,-27,-4,-14,-13,-20,-15,8,0,1,-21,-12,-11,-13,-14,1,0,-1,-1,0,26,22,21,24,21,45,29,34,33,21,7,12,9,8,13,19,10,12,16,8,15,5,19,12,9,30,22,15,21,12,0,0,0,0,0,0,2,0,0,0,-19,-7,-13,-9,0,-8,7,-10,-4,4,-11,-12,-3,-5,-4,0,-2,0,0,0,7,19,12,18,28,21,18,26,25,19,4,11,6,8,9,3,8,6,10,18,8,13,8,10,8,13,5,18,15,11,0,0,0,0,1,0,0,0,0,0,-14,1,-14,-7,9,-4,-2,-2,-2,1,-10,3,-12,-5,7,0,0,0,0,1,26,35,38,31,22,30,31,29,12,11,13,10,14,24,25,21,10,13,15,14,12,17,14,15,0,0,0,0,0,0,2,0,4,5,7,2,2,-2,-2,-4,2,7,11,6,0,0,-2,0
2582,20,2,11,1,5,3,4,9,3,4,4,2,7,0,0,0,0,1,0,2,0,1,0,1,2,2,1,1,2,2,1,1,5,1,3,3,3,8,0,0,1,0,1,-2,1,-1,2,2,-1,-2,-2,-1,0,-2,0,-1,0,-5,1,3,2,3,7,7,6,8,11,11,4,9,5,9,13,3,0,1,1,0,0,0,0,0,2,1,1,2,1,2,3,8,3,8,11,4,6,7,10,9,0,0,0,0,0,3,-3,3,2,-2,2,-1,-1,0,-2,-3,-8,-3,-8,-9,4,6,7,10,9,5,10,4,4,2,1,9,5,9,4,1,2,3,1,0,2,3,1,1,2,1,4,1,2,1,0,5,4,6,2,2,5,0,2,0,0,0,0,1,1,4,1,-1,-5,-2,0,-2,2,-1,-1,2,-2,-3,-5,0,2,5,0,1,-1,5,6,9,2,4,6,10,3,2,0,1,0,1,2,2,0,1,0,4,1,3,5,6,2,2,4,6,2,0,1,0,0,1,0,-1,-1,1,0,-3,-1,-2,-3,-4,-2,2,3,6,2
2582,21,1,09,15,18,13,9,21,19,23,31,26,22,7,10,5,3,9,8,8,8,5,12,10,8,9,13,7,9,14,21,13,14,0,0,0,1,0,0,1,1,0,1,-4,-5,-18,-17,-1,-3,2,-4,-10,2,-1,-6,-13,-8,-2,0,-1,-1,1,-1,42,31,29,28,19,26,38,25,20,31,8,9,9,8,6,34,22,20,20,13,8,8,10,11,13,16,28,14,9,18,0,0,0,0,0,2,2,1,0,0,16,-7,4,8,-12,0,1,-1,-3,-7,18,-6,6,11,-5,-2,-2,-1,0,0,25,23,26,10,22,27,23,20,14,21,7,6,8,2,12,18,17,18,7,10,11,12,8,5,8,16,10,12,9,13,0,0,0,1,0,0,1,0,0,0,-2,0,6,-4,1,-4,-6,0,-3,4,2,7,6,-2,-3,0,-1,0,1,0,22,23,16,29,28,22,42,26,3,7,4,8,19,16,12,21,11,6,15,7,17,15,27,19,0,0,0,0,0,1,0,0,-6,1,-26,3,-8,1,-11,1,2,1,-15,2,0,-1,0,0
2582,21,1,11,10,4,6,4,4,5,3,7,3,5,0,0,2,1,0,0,0,0,1,0,1,0,3,1,0,4,3,4,2,4,10,4,4,2,4,0,0,0,0,1,5,1,-1,1,-1,-1,0,-1,0,0,-4,-3,-4,-1,-4,10,4,4,2,3,6,4,16,13,16,3,2,4,10,19,1,0,2,0,0,2,1,5,3,2,0,1,1,2,3,3,1,3,8,16,3,3,9,10,14,0,0,0,0,0,3,2,12,3,-3,1,-1,1,-2,-3,-1,0,2,-5,-14,3,3,9,10,14,23,23,17,8,9,13,20,19,4,22,1,1,4,4,4,4,3,6,0,5,2,8,6,2,7,11,12,13,2,15,18,19,7,4,0,0,0,0,0,0,10,3,-2,4,-13,-1,-7,-2,2,-3,-7,-9,-7,-2,-10,18,19,7,4,0,8,10,9,4,8,4,4,7,2,2,2,0,0,4,5,0,2,1,1,1,5,3,2,6,6,4,2,4,1,0,1,0,0,6,5,-3,0,1,1,-1,-5,1,3,-6,5,4,1,4
2582,21,2,09,17,16,22,27,23,37,37,43,37,24,8,4,14,14,13,8,12,8,11,10,15,8,13,17,6,21,29,28,20,18,1,0,0,2,0,1,0,2,0,0,-20,-21,-21,-10,-1,-7,-4,1,-3,7,-13,-17,-20,-9,-8,0,0,-2,2,0,26,22,20,27,19,45,34,32,28,25,8,14,7,13,5,18,8,13,14,14,12,10,12,10,3,33,23,20,16,20,0,0,0,0,0,0,1,0,2,2,-19,-12,-12,-1,-6,-4,4,-5,3,2,-15,-15,-7,-2,-6,0,-1,0,-2,-2,19,23,19,17,24,25,18,24,15,33,8,13,13,11,15,11,10,6,6,9,11,7,13,4,18,12,10,10,11,15,0,0,0,0,0,2,1,1,0,0,-6,5,-5,2,-9,-3,6,0,7,-3,-1,0,-4,-5,-6,-2,-1,-1,0,0,16,12,22,16,21,15,34,29,7,6,13,8,9,6,9,8,13,5,9,9,8,10,25,20,0,0,0,0,0,0,0,0,-5,-3,-12,-13,-6,1,4,-1,1,-4,-16,-12,0,0,0,0
2582,21,2,11,6,2,4,4,6,9,1,3,4,7,1,0,1,0,0,0,1,0,0,0,1,0,1,1,1,8,1,2,3,6,5,1,3,4,6,0,0,0,0,0,-3,1,1,0,-1,0,0,0,-1,-1,-8,0,-2,-3,-6,5,1,3,4,6,3,9,5,11,6,2,5,5,4,10,0,0,1,0,0,0,2,1,0,0,0,0,0,0,0,2,5,4,4,10,3,7,3,11,6,0,0,1,0,0,1,4,0,7,-4,0,0,1,0,0,-2,-3,-3,-4,-10,3,7,2,11,6,7,11,6,5,7,7,8,3,3,4,1,2,4,1,1,0,2,0,1,1,3,4,1,0,1,3,4,2,3,3,6,7,2,3,5,1,0,0,0,0,0,3,3,2,3,-2,-2,3,1,0,-3,-2,-2,-2,-2,5,7,2,3,5,9,2,4,2,4,4,5,4,0,0,0,0,6,0,0,2,2,2,0,1,2,2,5,3,3,2,4,0,0,0,0,0,5,-2,-1,-2,-2,-2,0,-1,4,-2,-5,-1,3,2,4,0
2582,22,1,09,15,13,17,30,24,31,30,27,22,24,4,8,6,8,8,11,5,10,19,16,14,11,11,9,5,16,19,15,13,19,0,0,1,3,0,1,0,1,0,0,-16,-17,-10,8,0,-10,-3,-5,-1,3,-5,-14,-5,6,-3,-1,0,0,3,0,39,33,36,32,28,26,37,26,23,30,11,12,10,5,8,27,20,25,26,20,9,8,7,7,15,16,28,19,15,15,1,1,1,1,0,1,1,0,1,0,13,-4,10,9,-2,2,4,3,-2,-7,11,-8,6,11,5,0,0,1,0,0,15,17,18,13,22,20,21,20,15,15,6,6,4,9,7,8,11,14,4,15,11,7,5,5,7,8,14,15,10,8,1,0,0,0,0,1,0,0,0,0,-5,-4,-2,-2,7,-5,-1,-1,4,0,0,-3,-1,-6,7,0,0,0,0,0,21,13,19,28,21,18,26,23,11,7,10,6,10,6,9,22,9,8,14,8,12,10,12,15,0,0,0,0,0,0,0,0,0,-5,-7,5,2,-1,-4,-2,-2,-4,-3,7,0,0,0,0
2582,22,1,11,10,7,0,3,6,10,8,6,2,6,1,1,0,0,1,1,2,0,0,1,5,1,2,1,1,5,7,4,1,5,8,4,0,3,4,0,0,0,0,0,0,-1,-6,1,0,-4,0,-2,-1,0,-4,-5,-4,-1,-4,8,4,0,3,4,4,11,12,14,12,1,7,6,12,12,0,0,0,1,2,0,0,2,3,1,0,2,0,1,0,1,5,5,11,12,4,11,10,10,9,0,0,1,0,0,3,4,6,2,0,0,-2,0,0,2,-1,-5,-3,-8,-11,4,11,9,10,9,13,21,5,10,6,22,20,9,12,10,1,2,1,0,0,2,1,3,2,1,10,4,0,2,2,11,16,9,10,8,10,18,1,8,5,1,0,0,0,0,-9,1,-4,-2,-4,-9,-2,1,-2,-2,-9,-15,-6,-8,-7,9,18,1,8,5,12,9,4,9,9,9,9,8,3,0,0,0,7,4,2,1,3,3,7,3,6,6,2,5,2,5,2,8,0,0,0,0,3,0,-5,1,0,-3,-7,-3,1,-2,0,-4,2,5,2,8
2582,22,2,09,24,18,15,23,27,29,33,12,29,27,8,4,6,11,13,13,13,9,12,14,14,10,5,10,13,14,23,6,19,14,3,1,0,0,0,1,0,1,0,0,-5,-15,3,-6,0,-6,-6,1,1,0,-1,-10,3,-7,0,2,1,-1,0,0,19,22,18,27,20,28,26,30,24,29,7,4,6,9,12,12,18,11,18,7,13,9,9,11,12,14,17,21,13,17,0,0,1,0,1,1,0,0,0,0,-9,-4,-12,3,-9,-6,-5,-3,-2,0,-2,1,-10,5,-10,-1,0,1,0,1,13,15,17,12,14,17,28,28,15,20,3,5,10,6,5,9,9,7,4,9,10,11,12,8,10,7,17,16,7,7,1,1,0,2,0,0,0,0,0,3,-4,-13,-11,-3,-6,-7,-6,-2,-2,-5,2,-8,-9,-3,2,1,1,0,2,-3,16,20,23,18,21,32,31,20,10,11,14,5,6,9,9,12,10,15,14,8,11,16,16,12,0,0,0,1,0,1,1,0,-5,-12,-8,-2,0,-4,0,-3,-5,-7,-7,0,0,-1,-1,1
2582,22,2,11,2,6,2,4,5,1,2,2,2,6,0,0,0,1,0,0,3,0,1,2,0,0,1,0,0,1,2,1,2,6,2,3,2,2,3,0,0,0,0,0,1,4,0,2,-1,0,0,-1,1,0,-1,1,-1,-1,-4,2,3,2,2,3,4,7,6,8,8,3,8,7,11,13,0,0,0,0,2,0,1,2,1,0,0,2,1,1,3,3,6,6,10,9,4,6,4,7,6,0,0,0,0,1,1,-1,-1,-3,-5,0,-2,-1,-1,-1,-3,-5,-4,-9,-9,4,6,4,7,5,8,15,6,6,6,12,9,9,10,6,1,3,1,3,2,3,4,2,2,3,1,4,3,2,1,10,5,5,6,5,4,8,3,1,1,1,0,1,2,0,-4,6,-3,-4,0,0,-1,-2,1,1,-7,-1,-3,-4,-2,3,8,2,-1,1,8,3,6,5,6,5,9,6,3,0,0,0,1,0,1,2,3,0,2,1,2,5,7,4,4,3,5,3,1,0,0,1,2,-2,-3,-1,0,0,-2,-1,-1,-5,-6,-2,3,3,5,2
2582,23,1,09,17,8,22,6,21,32,19,28,16,30,6,6,10,2,2,10,2,12,4,18,17,5,10,5,8,14,14,18,10,18,1,0,0,0,1,1,0,0,1,4,-15,-11,-6,-10,-9,-11,1,0,-3,-6,-4,-12,-6,-6,0,0,0,0,-1,-3,20,30,27,29,31,22,36,32,28,32,5,11,6,9,8,15,19,21,19,23,8,16,10,9,12,14,20,22,18,20,0,0,0,1,0,0,0,0,1,0,-2,-6,-5,1,-1,-3,-5,-4,0,-4,1,-1,-1,1,3,0,0,0,0,0,27,22,19,22,19,26,27,18,25,18,12,6,8,12,5,14,16,11,10,14,7,7,5,8,7,19,20,13,17,11,1,0,0,0,0,0,0,0,0,0,1,-5,1,-3,1,5,-1,3,4,-2,-5,-4,-2,-7,3,1,0,0,0,0,10,20,19,14,14,16,22,21,7,7,6,7,3,13,13,7,5,8,12,12,9,7,10,9,0,0,0,0,0,1,0,0,-4,4,-3,-7,2,-1,-6,-5,-6,6,3,-2,0,-1,0,0
2582,23,1,11,6,1,4,3,9,2,4,7,1,6,2,0,1,0,1,0,0,0,1,2,1,2,1,0,0,1,2,5,0,6,4,1,3,2,6,0,0,1,1,0,4,-3,-3,2,3,1,-2,0,0,1,-1,-2,-5,1,-4,4,1,2,1,6,5,5,15,17,13,2,4,5,12,13,0,0,1,0,1,1,1,3,1,0,0,0,0,1,1,1,4,5,11,11,4,4,11,16,12,1,0,0,0,1,3,1,10,5,0,0,0,1,-1,0,0,-3,-2,-10,-11,3,4,11,16,11,14,24,7,4,6,9,14,12,5,10,2,2,1,0,2,0,3,1,3,2,6,8,5,2,1,3,6,7,3,8,12,19,5,1,2,0,0,0,0,1,5,10,-5,-1,-4,-4,-6,-4,-2,1,-3,-3,-6,0,-6,12,19,5,1,1,9,7,16,9,3,10,13,13,4,0,1,2,4,5,7,1,0,3,2,2,3,6,11,10,1,2,8,6,0,1,0,1,6,-3,3,-4,4,-3,-1,0,1,-1,-4,-9,1,1,8,5
2582,23,2,09,16,12,24,12,27,30,21,26,24,25,7,4,10,6,11,9,8,14,6,15,12,6,8,6,10,18,13,18,18,15,0,0,0,0,1,0,2,0,0,0,-14,-9,-2,-12,2,-5,-2,2,0,1,-9,-5,-4,-12,0,0,-2,0,0,1,15,15,28,32,20,25,34,22,26,33,5,7,9,15,8,10,8,19,17,12,7,12,7,12,13,15,21,15,14,20,0,0,0,0,0,3,1,0,0,0,-10,-19,6,6,-13,-2,-5,2,3,-5,-5,-13,4,3,-8,-3,-1,0,0,0,18,19,15,19,9,29,20,18,21,11,9,10,6,8,7,7,9,9,11,2,11,12,6,11,9,17,8,11,10,2,2,0,0,0,0,1,0,1,0,0,-11,-1,-3,-2,-2,-2,-2,0,-3,-2,-10,1,-2,1,0,1,0,-1,0,0,10,17,15,19,13,26,25,20,5,7,7,9,5,10,8,9,6,13,11,10,6,12,14,10,0,0,0,1,1,1,0,0,-3,-9,-10,-1,-1,-6,-4,-1,-1,-2,-6,-1,-1,-1,0,1
2582,23,2,11,5,4,2,6,9,3,4,4,4,10,0,0,0,0,0,1,0,0,0,0,0,0,0,1,3,2,4,4,2,7,4,4,2,6,9,1,0,0,1,0,2,0,-2,2,-1,0,0,0,-1,-3,-1,-4,-4,-2,-7,3,4,2,5,9,9,8,12,16,11,4,7,8,10,5,0,0,2,2,1,1,1,0,1,0,0,1,3,2,1,2,5,4,8,4,8,7,10,13,10,2,1,1,0,0,5,1,4,6,6,0,-1,-1,0,0,-1,-4,-4,-7,-4,6,6,9,13,10,10,7,4,7,3,8,4,3,2,2,1,0,0,1,1,1,2,0,2,1,2,2,1,0,0,6,2,2,0,1,8,5,4,4,1,0,0,0,2,1,2,3,1,5,1,-1,-2,-1,1,1,-5,0,-2,2,0,8,5,4,2,0,4,15,7,6,4,9,6,6,0,2,0,0,1,4,0,1,1,2,0,0,2,6,5,5,3,9,7,5,1,1,1,1,0,6,1,0,-1,0,0,0,-1,-2,-5,-4,2,8,6,4
2582,24,1,09,14,14,10,16,16,16,22,13,22,8,7,4,4,4,5,7,10,6,11,10,8,12,9,6,1,8,8,4,14,7,0,0,0,1,1,0,2,0,2,0,-2,-8,-3,-6,8,-1,-8,-5,-2,4,-1,2,2,-3,3,0,-2,0,-1,1,36,19,30,26,31,22,26,27,33,22,3,5,12,10,8,31,14,16,16,23,9,9,14,9,8,11,17,13,24,14,2,0,2,0,0,2,0,0,0,0,14,-7,3,-7,9,-6,-4,-2,1,0,20,-3,3,-8,9,0,0,2,0,0,19,15,26,14,11,28,25,28,11,18,7,8,16,5,4,11,7,10,9,7,8,8,7,9,6,20,17,20,2,11,1,0,0,0,0,0,0,1,0,1,-9,-10,-2,3,-7,-1,0,9,-4,-2,-9,-10,-10,7,-4,1,0,-1,0,-1,25,14,13,12,26,19,19,21,11,5,6,7,14,9,6,5,15,7,7,8,11,12,12,13,0,0,1,0,0,0,0,0,-1,-5,-6,-9,-4,-2,-1,-1,3,-3,-6,-8,0,0,1,0
2582,24,1,11,5,6,5,7,9,4,7,3,4,9,1,0,0,0,2,0,2,4,1,2,1,2,1,1,1,3,5,2,3,7,4,4,1,6,5,0,0,0,0,1,1,-1,2,3,0,0,-2,-1,-1,1,-3,-3,2,-2,-5,4,4,1,6,4,5,8,11,9,20,4,6,7,14,18,1,1,1,2,2,1,1,0,0,1,1,1,0,2,2,2,5,7,11,15,3,6,10,7,17,1,0,0,1,1,1,2,4,-5,2,0,0,1,0,0,-1,-4,-7,-11,-14,2,6,10,6,16,15,18,7,5,7,15,14,9,4,6,0,0,2,2,2,3,1,2,3,4,6,6,5,0,1,9,8,4,4,5,12,17,3,0,1,0,0,0,0,0,0,4,-2,1,1,-6,-6,-3,2,1,-6,-7,-2,-1,-1,12,17,3,0,1,6,7,14,12,8,6,15,15,0,2,1,2,1,3,6,2,3,2,2,2,5,4,9,12,5,2,7,8,0,0,4,1,-2,1,-1,-3,-3,0,-1,0,-4,-1,-3,-10,5,2,3,7
2582,24,2,09,14,16,14,15,19,17,14,19,15,12,5,6,6,4,6,9,10,8,11,13,4,4,9,6,5,13,10,10,8,7,0,0,0,0,0,0,0,0,1,0,-3,2,-5,0,7,1,2,-3,-2,1,-4,0,-2,3,6,0,0,0,-1,0,23,16,21,19,21,28,21,20,24,26,8,9,11,8,11,15,7,10,11,10,12,8,4,6,11,15,13,14,18,15,0,0,0,0,0,1,0,2,0,0,-5,-5,1,-5,-5,-4,1,7,2,0,0,-6,-4,-7,-5,-1,0,-2,0,0,26,19,14,22,17,23,21,23,19,21,12,6,9,13,8,13,13,5,7,9,6,7,12,9,9,16,13,11,10,12,1,0,0,2,0,1,1,0,0,0,3,-2,-9,3,-4,6,-1,-3,4,-1,-3,0,-6,-3,-3,0,-1,0,2,0,19,12,10,18,17,14,14,18,8,5,5,12,11,6,5,6,12,10,7,8,5,4,7,10,0,1,0,0,0,0,0,0,2,-2,-4,0,-4,-5,-2,4,6,2,-2,-4,0,1,0,0
2582,24,2,11,1,6,5,3,6,4,4,2,3,5,0,1,0,0,0,0,2,2,1,0,2,0,0,1,0,1,4,2,2,5,1,3,3,2,6,1,0,0,0,0,-3,2,3,0,1,-2,1,0,-1,0,-1,-2,0,-1,-5,0,3,3,2,6,9,13,11,10,13,8,8,10,7,11,0,2,0,0,2,0,1,0,1,1,1,1,3,1,1,6,7,7,6,8,9,10,11,9,10,1,0,0,0,2,1,5,1,3,2,-1,1,-3,-1,1,-6,-6,-7,-5,-7,8,10,11,9,8,5,9,11,3,7,5,6,11,2,5,1,1,2,1,1,0,0,2,0,0,3,2,2,0,0,2,4,9,2,5,4,8,7,2,6,0,0,0,0,0,0,3,0,1,2,-2,-1,0,1,1,-2,-4,-7,-2,-5,4,8,7,2,6,6,6,7,6,6,3,12,3,0,2,1,0,1,2,1,0,0,1,3,1,6,1,7,2,5,2,5,6,0,1,2,0,0,3,-5,3,0,1,-2,-1,-5,1,-6,-2,5,1,3,6
2582,25,1,09,19,19,18,11,24,21,25,17,17,21,4,8,7,4,12,15,11,11,7,11,9,12,6,8,9,12,13,11,8,12,0,0,0,0,1,0,0,0,1,0,-2,-6,1,-6,3,-5,-4,1,-4,3,3,-2,0,-1,-1,0,0,0,-1,1,22,23,28,23,24,10,20,22,26,29,3,12,6,8,9,18,11,22,14,15,3,6,5,12,5,6,14,17,13,23,1,0,0,1,0,1,0,0,1,1,12,3,6,-3,-5,0,6,1,-4,4,12,-3,5,1,-8,0,0,0,0,-1,18,21,12,25,16,26,20,31,22,19,9,5,4,14,9,9,16,8,10,6,10,10,13,13,12,15,10,17,9,7,0,0,0,1,1,1,0,1,0,0,-8,1,-19,3,-3,-1,-5,-9,1,-3,-6,6,-9,1,-1,-1,0,-1,1,1,26,13,16,12,19,25,13,14,9,7,1,6,16,6,15,6,9,8,7,8,9,16,6,6,1,0,0,0,1,1,0,0,7,-12,3,-2,0,-1,-6,-2,7,-10,9,0,0,-1,0,0
2582,25,1,11,2,6,5,8,14,3,7,7,6,11,0,1,0,1,1,0,1,1,1,0,1,2,2,1,0,2,4,5,5,11,2,4,4,6,13,0,1,0,0,0,-1,-1,-2,2,3,-1,-1,-2,0,1,-2,-3,-4,-4,-11,2,3,4,6,13,10,12,6,15,14,5,4,5,11,13,0,1,0,1,1,1,1,0,1,3,0,0,1,2,4,5,4,4,9,9,9,10,6,13,10,0,0,0,0,0,5,8,1,4,1,0,1,-1,-1,-3,-4,-3,-4,-8,-6,9,10,6,13,10,21,14,11,5,4,20,13,17,7,4,1,1,3,1,1,3,1,5,1,2,7,6,4,2,1,13,7,13,5,3,17,12,3,3,1,0,0,0,0,0,1,1,-6,-2,0,-6,-5,-1,-1,0,-10,-6,-8,-4,-1,17,12,3,3,1,9,7,10,16,5,8,14,17,1,0,0,3,4,3,6,7,3,3,4,4,2,5,8,10,4,4,4,6,0,0,2,3,4,-1,-4,-1,-2,-3,-4,-1,2,-2,-2,-3,4,4,2,3
2582,25,2,09,20,16,16,8,12,28,15,15,16,11,6,8,5,3,5,11,8,11,5,7,8,6,2,5,3,18,8,12,11,8,3,0,0,0,0,2,1,1,0,0,-8,1,1,-8,1,-2,2,3,-2,2,-7,0,-1,-6,-1,1,-1,-1,0,0,22,28,17,21,25,19,20,13,18,26,5,15,5,6,12,17,12,11,15,13,8,9,8,6,11,11,9,5,12,15,0,1,1,0,0,0,2,0,0,0,3,8,4,3,-1,-3,6,-3,0,1,6,3,6,3,-2,0,-1,1,0,0,22,20,19,15,13,20,23,18,19,19,11,11,11,9,4,10,8,8,6,9,7,10,7,9,6,12,12,9,10,13,1,1,0,0,0,1,1,2,0,0,2,-3,1,-4,-6,4,1,4,0,-2,-2,-4,-1,-4,-4,0,0,-2,0,0,20,11,11,12,19,20,17,13,10,5,7,6,10,6,4,6,6,10,8,8,13,10,9,5,0,0,0,0,0,0,0,0,1,-9,-6,-1,4,-5,-1,-2,-3,-4,-5,1,0,0,0,0
2582,25,2,11,4,9,7,2,12,5,3,6,2,10,1,0,0,2,0,0,3,3,0,2,2,0,0,1,1,2,2,4,1,8,3,6,4,0,10,1,1,2,0,1,-1,6,1,0,2,-1,0,0,1,-1,-2,1,-1,-1,-6,2,5,2,0,9,4,7,14,10,12,5,4,12,10,12,0,0,1,1,0,0,1,2,1,1,2,0,4,4,1,3,3,8,6,11,4,6,11,8,11,0,1,0,0,0,-1,3,2,0,0,-2,0,-3,-3,-1,-3,-2,-6,-5,-10,4,5,11,8,11,11,9,5,5,5,11,7,6,4,3,0,1,2,1,1,0,1,1,2,3,4,4,0,1,1,7,3,6,3,2,11,7,2,2,1,0,0,0,0,0,0,2,-1,1,2,-4,-3,2,0,0,-7,-2,-5,-1,1,11,7,2,2,1,6,9,14,10,7,8,5,3,0,2,2,2,0,2,3,1,1,3,2,3,5,3,2,0,6,5,9,7,1,2,1,0,-1,1,9,7,-1,-1,0,-1,-5,-1,1,1,5,3,8,7
2582,26,1,09,18,11,18,14,14,25,26,21,12,16,14,4,9,8,7,3,7,8,6,7,11,11,9,4,4,13,14,11,8,12,1,0,1,0,0,1,1,1,0,0,-7,-15,-3,2,-2,3,-7,0,4,3,-10,-7,-3,-2,-5,0,-1,0,0,0,19,11,18,30,22,22,21,16,18,22,4,4,2,12,14,15,7,16,17,8,9,5,7,2,11,13,16,8,14,11,0,0,0,1,0,0,0,1,2,0,-3,-10,2,12,0,-5,-1,-5,10,3,2,-9,8,3,-3,0,0,-1,-1,0,17,27,18,16,19,26,32,28,27,26,4,12,8,7,9,12,14,10,9,10,10,15,16,9,12,15,17,11,17,12,1,1,0,0,0,1,0,1,1,2,-9,-5,-10,-11,-7,-6,-3,-8,-2,-3,-3,-3,-1,-8,-2,0,1,-1,-1,-2,13,10,20,14,20,21,22,22,3,5,8,3,10,5,12,11,9,7,8,11,11,14,13,11,0,0,0,0,0,0,1,0,-7,-11,-2,-8,-6,-2,0,-8,-1,-9,-1,0,0,0,-1,0
2582,26,1,11,14,12,3,8,9,10,5,4,7,5,0,2,1,3,0,0,0,0,0,0,1,1,1,2,2,9,4,3,5,3,14,10,2,5,9,0,0,0,0,0,4,7,-1,1,4,-1,1,0,1,-2,-9,-4,-3,-5,-3,14,10,2,5,9,3,6,17,21,27,3,8,6,7,19,0,0,0,1,3,1,1,4,1,1,1,2,1,0,1,1,6,4,7,18,2,5,13,19,23,1,0,1,0,0,0,-2,11,14,8,-1,-2,-1,1,2,0,-5,0,-6,-17,1,5,12,19,23,25,22,6,11,10,27,16,9,7,5,2,0,1,1,4,0,2,0,2,2,8,8,1,3,3,19,7,8,4,2,23,20,5,8,4,0,1,0,0,0,-2,6,-3,4,5,-6,-8,0,-2,1,-19,-5,-8,-2,0,23,19,5,8,4,9,7,8,5,8,10,6,6,1,0,1,0,2,4,3,2,1,4,1,0,6,6,5,5,6,3,4,3,1,0,0,1,1,-3,2,-1,0,-4,0,0,-4,-2,-2,-3,5,3,4,2
2582,26,2,09,16,13,13,16,5,11,21,14,11,6,7,7,5,6,2,9,6,7,9,3,3,11,7,3,2,8,9,6,8,4,0,0,1,1,0,0,1,1,0,0,5,-8,-1,5,-1,4,-4,-2,3,0,1,-3,1,1,-1,0,-1,0,1,0,11,18,18,15,23,11,23,17,12,21,4,6,9,9,12,7,12,8,6,9,7,9,3,8,9,4,13,13,4,12,0,0,1,0,2,0,1,1,0,0,0,-5,1,3,2,-3,-3,6,1,3,3,-1,-5,2,-3,0,-1,0,0,2,22,16,13,14,16,20,12,20,17,15,10,8,9,7,10,12,8,4,7,6,9,4,10,9,5,11,7,10,8,10,0,0,0,0,0,0,1,0,0,0,2,4,-7,-3,1,1,4,-1,-2,5,1,1,-6,-1,-4,0,-1,0,0,0,15,5,14,9,16,18,12,13,7,2,8,6,8,3,6,2,10,5,6,7,6,12,4,5,0,0,0,1,0,1,2,1,-1,-13,2,-4,-3,-3,2,-1,2,-9,2,-3,0,-1,-2,0
2582,26,2,11,8,3,4,2,7,4,2,5,1,6,1,0,0,0,1,1,1,1,1,1,1,0,2,1,1,3,1,1,0,5,6,2,3,1,5,0,1,2,0,0,4,1,-1,1,1,0,0,-2,-1,0,-2,0,0,1,-4,6,1,1,1,5,9,10,15,5,12,6,9,11,12,10,2,0,2,0,4,2,0,1,0,1,1,1,0,1,2,5,7,11,11,8,5,10,12,5,7,0,1,0,0,0,3,1,4,-7,2,1,-1,2,-1,2,-3,-7,-10,-11,-7,5,9,12,5,7,12,10,7,4,6,14,11,6,0,2,0,2,2,2,0,0,0,1,0,1,4,3,2,0,0,9,8,4,0,1,12,8,4,2,5,1,0,0,0,1,-2,-1,1,4,4,-4,-1,0,2,0,-9,-8,-3,0,0,11,8,4,2,4,5,11,2,13,3,7,6,12,1,0,0,2,0,0,0,3,0,3,1,3,2,4,5,8,4,11,2,8,1,0,0,1,2,4,-4,1,1,-3,-1,-1,-2,-4,-5,-5,3,11,2,7
2582,27,1,09,15,17,18,16,18,16,12,10,17,16,5,10,9,9,5,10,7,7,6,11,4,5,5,6,7,11,6,5,10,9,0,0,2,1,2,1,1,0,1,0,-1,5,8,-1,2,1,5,4,3,-2,-1,1,2,-4,2,-1,-1,2,0,2,14,11,12,18,20,14,16,14,16,18,5,5,5,8,11,8,6,6,9,9,5,6,5,11,8,8,10,9,5,10,1,0,1,1,0,1,0,0,0,0,0,-5,-2,2,2,0,-1,0,-3,3,0,-4,-3,4,-1,0,0,1,1,0,16,18,19,18,15,17,26,20,25,12,12,12,11,7,6,4,6,8,8,9,6,15,7,8,7,11,9,13,17,5,0,0,0,3,0,0,2,0,0,0,-1,-8,-1,-7,3,6,-3,4,-1,-1,-7,-3,-5,-9,4,0,-2,0,3,0,14,12,17,19,20,16,9,23,8,6,5,9,6,6,12,10,14,5,3,15,6,10,6,8,0,0,0,0,0,1,0,0,-6,-4,8,-4,-6,1,2,-6,0,-4,6,2,0,-1,0,0
2582,27,1,11,6,9,6,4,1,4,9,4,7,3,2,0,1,0,0,1,1,1,0,0,3,2,1,1,0,1,7,3,5,3,3,8,4,4,1,0,0,0,1,0,2,0,2,-3,-2,-1,-2,0,-1,0,0,-6,-2,-5,-3,3,8,4,3,1,5,8,18,17,16,5,2,9,18,25,0,2,0,2,1,0,0,3,1,2,1,0,2,1,3,3,2,7,16,22,5,6,15,14,13,1,0,0,1,0,0,6,9,-1,-9,-1,2,-2,1,-2,-3,-2,-4,-15,-20,4,6,15,13,13,15,19,8,5,4,16,11,10,4,4,1,1,3,1,0,2,3,2,2,2,8,3,1,2,1,8,8,9,2,3,12,15,3,2,2,0,0,0,0,0,-1,8,-2,1,0,-7,-2,2,-1,-1,-6,-5,-7,0,-1,12,15,3,2,2,7,8,10,12,9,7,5,8,1,1,1,1,1,2,6,3,1,1,0,1,8,5,5,6,5,5,3,8,0,1,0,1,-2,1,5,4,0,0,1,0,-7,-3,1,-3,5,4,3,7
2582,27,2,09,7,13,8,14,7,18,11,11,14,10,2,3,2,4,1,5,10,6,10,5,4,4,6,7,2,13,6,5,7,8,0,0,0,0,1,1,1,0,0,0,-11,2,-3,0,-3,-2,-1,-4,-3,-1,-8,4,1,3,-3,-1,-1,0,0,1,13,11,15,16,13,8,12,10,11,9,6,7,9,7,8,7,4,6,9,5,4,6,4,5,5,3,5,6,6,4,0,0,0,0,0,1,1,0,0,0,5,-1,5,5,4,2,1,5,2,3,4,-1,0,3,1,-1,-1,0,0,0,12,20,14,14,16,13,15,17,11,9,5,10,7,13,10,5,10,7,1,6,5,6,4,7,4,8,8,12,4,5,2,0,0,0,0,0,1,1,0,0,-1,5,-3,3,7,0,4,3,6,6,-3,2,-5,-3,1,2,-1,-1,0,0,12,9,15,12,8,12,10,10,8,5,5,6,4,4,9,6,3,3,4,2,5,7,5,8,0,0,1,0,0,2,1,0,4,-3,5,2,5,2,1,4,-1,-3,4,-2,0,-2,0,0
2582,27,2,11,3,2,7,6,7,0,4,3,7,4,0,0,0,0,2,1,1,2,0,1,0,1,0,1,0,0,2,3,6,4,2,1,5,6,4,0,1,0,0,0,3,-2,4,-1,3,0,-1,0,-1,2,1,-1,-1,-6,-3,2,0,5,6,4,5,8,10,7,5,2,3,11,10,4,0,0,1,2,2,1,0,3,0,1,0,0,3,4,1,2,3,7,6,3,4,8,6,5,2,0,0,1,0,0,3,5,-1,-3,1,0,0,-2,-2,1,-1,-3,-4,-6,-2,4,8,5,5,2,8,9,3,9,6,9,5,8,5,11,1,2,1,1,1,0,1,1,4,1,3,1,1,1,4,6,4,7,4,6,7,6,1,4,4,0,0,0,0,1,-1,4,-5,4,-5,-2,1,0,0,-3,-6,-3,-6,0,-5,7,6,1,4,3,8,10,6,7,7,5,9,4,0,3,0,1,0,1,2,1,1,0,1,1,6,5,8,2,8,6,4,5,0,0,0,1,1,5,-3,3,-1,3,-1,0,-6,-4,-6,-1,8,6,4,4
2582,28,1,09,16,8,12,7,9,18,15,13,11,7,10,3,6,6,4,6,5,6,1,5,7,3,3,6,3,11,12,10,5,4,0,0,0,0,0,0,0,0,0,0,-2,-7,-1,-4,2,3,0,3,0,1,-5,-7,-4,-4,1,0,0,0,0,0,12,19,14,11,7,12,12,12,16,9,5,11,9,4,6,6,7,5,7,1,5,4,7,7,3,6,7,5,9,6,1,1,0,0,0,1,1,0,0,0,0,7,2,-5,-2,0,7,2,-3,3,0,0,0,-2,-5,0,0,0,0,0,14,9,17,15,20,16,13,18,22,19,9,5,7,9,12,5,4,9,5,8,9,4,11,8,9,7,9,7,14,9,0,0,1,1,0,0,0,0,0,1,-2,-4,-1,-7,1,0,1,-4,1,3,-2,-5,2,-9,-1,0,0,1,1,-1,15,10,12,11,11,18,10,9,10,4,2,4,5,6,10,7,6,5,5,6,4,12,4,3,0,0,0,0,1,1,1,0,4,-8,2,2,4,-1,-3,-2,1,-6,6,4,-1,-1,-1,0
2582,28,1,11,6,10,4,9,7,7,9,5,10,4,0,1,0,0,0,0,1,1,3,1,2,2,1,2,0,3,6,4,8,4,6,8,3,6,6,2,1,0,0,0,-1,1,-1,-1,3,-2,-1,-1,-2,0,-3,-5,-3,-5,-3,4,7,3,6,6,6,18,11,22,20,4,9,9,18,19,2,2,0,0,1,0,1,1,0,2,3,0,3,2,0,0,8,5,14,19,4,15,10,22,17,1,1,1,2,0,2,9,2,4,1,-1,2,-3,-2,1,0,-7,-4,-14,-17,3,14,9,20,17,16,17,8,8,5,15,13,14,5,2,1,2,0,1,2,2,2,2,3,1,3,5,6,1,0,12,8,8,4,2,13,13,6,4,2,0,0,0,0,0,1,4,-6,3,3,-2,-3,-6,0,2,-10,-6,-6,-1,-1,13,13,6,4,2,9,5,6,7,7,8,10,9,1,1,2,1,2,1,3,2,1,3,1,3,5,4,8,5,6,3,1,4,1,1,1,1,2,-3,-4,-2,0,-2,1,-2,-3,-3,-5,-3,5,2,0,3
2582,28,2,09,15,12,7,10,5,13,12,9,6,15,8,6,5,5,3,6,5,1,5,2,2,4,6,3,5,10,8,3,3,10,1,1,1,0,0,1,0,0,0,0,2,0,-2,4,-10,6,2,-1,2,-2,-4,-3,-2,2,-8,0,1,1,0,0,7,8,9,16,16,10,4,10,13,11,3,4,4,7,12,4,4,5,9,3,5,1,4,8,1,4,3,6,5,10,0,0,0,0,1,1,0,0,0,0,-3,4,-1,3,5,-2,3,0,-1,11,0,1,-1,4,-7,-1,0,0,0,1,11,15,10,8,7,15,9,14,12,14,7,6,7,3,5,4,9,2,4,1,8,4,8,5,7,7,5,6,7,6,0,0,1,1,1,0,0,0,0,1,-4,6,-4,-4,-7,-1,2,-1,-2,-2,-3,4,-4,-3,-5,0,0,1,1,0,13,15,8,7,12,14,11,7,5,8,2,3,7,7,6,4,7,7,7,4,5,6,4,2,1,0,0,0,0,1,0,1,1,1,-3,0,-2,1,-5,-1,2,1,2,2,1,-1,0,-1
2582,28,2,11,9,7,5,4,9,7,7,5,1,9,0,0,0,1,0,1,0,0,0,0,1,1,1,0,1,6,6,3,1,8,8,7,5,3,9,0,0,1,0,0,2,0,0,3,0,-1,-1,-1,1,-1,-5,-6,-3,-1,-8,8,7,4,3,9,9,12,7,7,14,10,3,4,7,12,0,0,0,0,0,1,0,2,0,0,3,1,0,0,2,7,2,4,6,10,8,12,5,7,14,0,0,0,1,0,-1,9,3,0,2,-3,-1,0,0,-2,-6,-2,-2,-6,-10,8,12,5,6,14,11,8,5,4,8,9,6,3,2,9,0,1,2,0,0,1,2,0,1,2,3,2,0,0,1,5,4,3,2,8,10,5,3,3,6,1,0,0,0,0,2,2,2,2,-1,-3,-1,2,0,-1,-4,-2,-3,-1,-6,9,5,3,3,6,5,5,9,5,7,7,7,7,1,0,0,0,1,2,1,3,1,3,2,0,5,4,5,5,3,3,8,2,1,0,0,2,-2,-2,2,-2,0,-3,-2,0,-4,-2,-4,-2,2,3,8,0
2582,29,1,09,7,8,6,12,11,10,11,11,16,10,1,4,4,5,7,6,4,2,6,4,5,1,5,7,3,5,8,5,8,7,0,0,0,1,0,0,2,1,1,0,-3,-3,-5,-4,1,-4,3,-1,-2,4,1,-4,-3,-2,-3,0,-2,-1,0,0,13,11,13,17,11,6,11,8,14,10,4,8,6,9,5,9,3,6,8,5,2,6,3,7,5,4,5,5,6,4,0,0,1,0,1,0,0,0,1,1,7,0,5,3,1,2,2,3,2,0,5,-2,1,2,1,0,0,1,-1,0,8,23,10,13,16,16,12,17,14,15,3,13,6,4,7,4,9,4,8,8,5,6,6,4,7,9,6,11,10,8,1,1,0,1,1,2,0,0,0,0,-8,11,-7,-1,1,-2,7,0,0,0,-5,3,-7,-2,0,-1,1,0,1,1,15,19,16,17,18,20,18,12,6,8,6,12,9,11,10,5,6,9,10,7,10,11,6,5,0,0,0,0,2,0,2,0,-3,-1,-2,5,0,-1,-4,5,-1,0,4,0,-2,0,-2,0
2582,29,1,11,5,8,6,6,6,6,8,6,4,7,1,0,0,2,1,2,1,0,1,2,2,1,1,0,2,3,7,5,4,5,2,7,6,3,3,1,0,0,0,0,-1,0,0,2,-1,-1,-1,-1,2,-1,-1,-6,-5,-3,-3,1,7,6,3,3,6,11,14,16,16,1,11,10,15,11,1,0,1,2,0,1,2,3,0,2,0,3,1,3,1,1,8,8,12,10,4,9,10,14,14,0,0,1,0,0,5,0,4,1,5,1,-3,0,-1,-1,0,-6,-5,-12,-8,4,9,9,14,14,16,20,10,10,7,16,12,12,6,11,1,2,1,2,1,0,0,3,4,3,5,3,6,3,2,11,9,6,3,6,15,18,6,4,3,0,0,0,0,3,0,8,-2,4,-4,-4,-1,-5,-1,-1,-11,-9,-3,1,-3,15,18,6,4,0,9,9,6,11,9,7,10,9,1,1,0,2,3,3,1,5,3,3,3,2,5,2,7,7,5,5,5,4,1,2,0,0,0,2,-4,2,-2,-2,-3,0,-2,1,-6,-2,4,3,5,4
2582,29,2,09,6,7,9,6,8,10,8,5,5,11,3,5,8,2,5,3,2,1,4,3,4,2,2,1,5,6,6,2,4,6,0,0,0,0,0,0,0,1,0,0,-4,-1,4,1,-3,-1,3,6,1,0,-3,-4,-1,0,-3,0,0,-1,0,0,13,7,9,16,11,8,5,6,4,7,4,2,5,5,4,9,5,4,11,7,2,3,3,3,5,6,2,3,1,2,0,0,0,0,0,0,0,0,0,0,5,2,3,12,4,2,-1,2,2,-1,3,3,1,10,5,0,0,0,0,0,14,5,7,8,7,10,12,14,8,14,7,1,4,5,5,7,4,3,3,2,7,6,6,2,7,3,6,7,5,7,0,0,0,0,0,0,0,1,1,0,4,-7,-7,0,-7,0,-5,-2,3,-2,4,-2,-4,-2,-5,0,0,-1,-1,0,12,9,12,5,10,7,16,8,7,8,2,2,5,0,9,3,4,6,12,3,6,1,3,4,0,1,1,0,0,0,1,1,2,2,-4,-3,3,2,-10,-1,-1,-1,6,-1,0,1,0,-1
2582,29,2,11,9,6,4,2,10,3,6,6,1,7,0,0,1,0,0,1,0,0,0,2,0,2,2,0,0,3,4,4,1,7,8,6,3,2,8,0,0,0,0,0,6,0,-2,1,3,0,-2,-1,0,0,-2,-4,-4,-1,-5,8,6,3,2,8,8,6,6,15,10,4,7,9,11,6,2,0,1,2,0,0,0,0,0,0,0,1,1,1,0,3,6,7,9,6,6,6,5,13,10,1,0,1,1,0,4,-1,-3,4,4,2,-1,0,1,0,-3,-6,-7,-9,-6,5,6,4,12,10,9,8,6,7,5,10,4,4,4,3,1,0,0,3,1,0,3,1,0,1,2,1,1,3,2,8,3,3,1,1,8,5,5,4,3,0,0,0,0,0,-1,4,2,3,2,-1,-1,-1,0,-1,-8,0,-2,-1,0,8,5,5,4,3,5,4,1,8,5,2,3,3,2,0,0,1,1,1,0,2,2,1,0,1,3,1,3,2,2,3,1,5,0,0,0,0,0,2,-2,5,0,-1,0,0,-2,0,-3,0,2,3,1,5
2582,30,1,09,11,9,8,6,8,8,5,6,4,8,6,6,6,3,5,4,3,2,3,2,4,2,1,2,4,4,2,4,2,4,1,0,0,0,1,0,1,1,0,0,3,4,2,2,0,2,4,5,1,1,0,1,-2,1,-2,1,-1,-1,0,1,10,10,15,7,8,11,6,9,8,10,9,5,8,6,5,1,4,7,0,3,4,4,4,3,7,5,2,5,5,3,0,1,0,1,0,2,0,0,0,0,-1,4,6,-1,-2,5,1,4,3,-2,-4,2,2,-5,0,-2,1,0,1,0,11,10,14,14,21,11,9,13,14,15,5,7,7,9,15,4,3,6,5,6,4,2,6,5,6,6,6,5,9,9,2,0,1,0,0,1,1,2,0,0,0,1,1,0,6,1,5,1,4,9,-2,-3,1,-4,-3,1,-1,-1,0,0,8,18,10,10,13,20,16,13,3,14,9,5,5,4,1,4,4,8,8,7,8,11,8,5,0,0,0,1,1,1,0,1,-5,-2,-6,-3,-1,6,1,-2,-3,-7,-7,-1,-1,-1,0,0
2582,30,1,11,9,3,3,5,4,4,2,4,5,4,1,0,1,2,1,0,0,0,1,0,0,0,0,0,1,4,1,4,3,2,8,3,2,2,3,0,1,0,2,1,5,1,-1,0,0,1,0,1,2,0,-4,-1,-4,-2,-2,8,2,2,0,2,7,7,20,16,10,6,1,10,15,11,1,1,1,1,0,0,0,2,0,0,4,0,2,2,1,2,1,8,13,7,6,6,17,15,10,0,0,0,0,3,1,6,10,1,-1,-3,1,-1,-1,-1,-2,-1,-6,-13,-7,6,6,17,15,7,18,13,6,11,12,19,15,17,10,16,1,2,0,3,5,2,3,1,4,3,5,10,3,4,9,14,5,14,6,7,15,8,5,4,4,0,0,0,0,0,-1,-2,-11,1,-4,-4,-8,-3,-1,-4,-12,-2,-13,-2,-4,15,8,5,4,4,10,4,5,13,5,5,5,8,1,1,0,6,3,1,1,3,0,1,1,3,5,4,3,5,6,2,4,4,0,0,1,0,5,-1,0,5,1,0,-1,3,-2,-3,-2,-2,6,2,3,4
2582,30,2,09,3,4,2,5,8,12,7,7,6,8,2,0,0,1,6,1,4,2,4,2,6,6,3,5,5,5,1,4,1,3,0,0,0,0,0,1,0,0,0,0,-9,-3,-5,-1,0,-4,-6,-3,-4,1,-4,3,-2,3,-1,-1,0,0,0,0,13,7,8,10,9,6,4,3,6,10,10,3,3,6,3,3,4,5,4,6,6,3,1,3,5,0,1,2,2,4,0,0,0,0,0,0,0,0,1,1,7,3,5,4,-1,4,0,2,3,-2,3,3,3,2,2,0,0,0,-1,-1,9,11,14,6,14,9,6,8,5,9,5,7,10,3,7,4,4,4,3,5,3,4,3,4,3,6,2,5,1,5,0,0,0,0,2,0,0,0,0,1,0,5,6,1,5,2,3,7,-1,4,-2,2,-1,2,0,0,0,0,0,1,10,11,9,9,7,10,9,8,6,5,4,4,4,6,5,5,4,7,4,6,3,3,5,2,0,0,0,0,0,0,0,0,3,1,0,1,2,-2,0,-2,1,3,0,3,0,0,0,0
2582,30,2,11,6,5,6,2,10,5,4,9,1,7,1,1,1,0,1,1,0,0,0,0,1,0,0,0,0,3,3,9,1,7,4,4,5,2,9,1,1,0,0,0,1,1,-3,1,3,0,1,1,0,1,-2,-3,-9,-1,-7,3,3,5,2,9,5,4,13,12,9,5,9,8,3,9,0,0,0,1,2,1,1,2,1,2,0,1,1,0,2,5,7,6,3,7,4,3,11,10,5,0,1,1,0,0,0,-5,5,9,0,0,-1,-1,1,0,-4,-6,-4,-2,-5,4,2,10,10,5,12,13,4,5,3,12,6,4,2,4,0,2,0,0,1,1,2,2,0,2,4,5,1,0,0,8,1,3,2,2,11,9,2,5,0,0,0,0,0,2,0,7,0,3,-1,-4,-3,-1,0,1,-7,1,-1,-2,0,11,9,2,5,-2,9,6,12,5,6,3,3,4,2,0,5,1,3,0,1,1,1,0,2,1,5,2,1,3,4,6,6,3,0,1,0,0,3,3,9,1,1,0,3,0,-2,-2,0,-2,4,5,6,3
2582,31,1,09,13,8,9,9,6,8,9,9,7,8,4,4,5,5,3,7,3,4,4,3,5,4,5,5,4,2,5,4,2,4,2,1,0,0,0,1,0,0,0,0,5,-1,0,2,-2,-1,0,0,0,-1,5,-2,0,2,-1,1,1,0,0,0,8,9,7,9,11,7,4,8,10,5,5,6,4,7,5,3,1,3,2,6,3,3,5,6,3,4,1,3,4,2,0,2,0,0,0,0,0,0,0,0,1,5,-1,-1,6,2,3,-1,1,2,-1,0,0,-2,4,0,2,0,0,0,10,10,10,12,8,10,7,9,16,15,5,6,7,7,4,4,3,3,5,4,5,3,6,9,9,4,3,3,6,6,1,1,0,0,0,1,1,0,1,0,0,3,1,-4,-7,0,3,1,-2,-5,0,0,0,-1,-2,0,0,0,-1,0,14,13,10,10,11,18,11,8,5,7,4,6,9,6,5,4,3,11,7,5,8,6,4,3,0,0,1,0,0,1,0,0,3,-5,-1,2,2,-4,-3,1,1,0,1,1,0,-1,1,0
2582,31,1,11,9,6,1,5,5,6,9,2,5,4,0,0,0,1,0,1,0,0,1,0,3,1,0,2,1,3,7,2,3,3,8,6,1,3,5,0,1,0,0,0,3,-3,-1,0,1,-3,-1,0,-1,-1,-2,-7,-2,-2,-3,8,5,1,3,5,1,10,9,15,11,1,4,8,16,10,0,0,0,1,1,0,0,0,2,1,0,2,2,2,1,1,2,5,14,9,1,10,9,12,9,0,0,1,0,0,0,6,1,-1,1,0,-2,-2,-1,0,-1,-2,-5,-12,-8,1,10,8,12,9,18,10,4,5,4,12,12,5,5,6,0,2,1,2,1,1,2,0,0,1,4,3,1,1,1,8,9,4,3,5,17,6,3,3,2,0,0,0,1,0,6,-2,-1,0,-2,-4,-1,0,1,0,-7,-7,-4,-3,-4,17,6,3,2,2,7,8,12,10,4,4,9,4,1,3,4,0,3,1,2,1,1,0,1,1,2,4,8,3,3,4,6,9,1,0,0,0,3,4,3,6,0,3,3,-1,1,-3,-6,-2,2,4,6,9
2582,31,2,09,10,5,5,0,9,11,7,8,3,8,4,4,2,0,4,6,1,3,0,5,3,2,4,2,2,8,5,4,1,6,0,0,0,0,0,0,0,0,0,0,-1,-2,-3,-3,1,1,2,-2,-2,2,-2,-4,-1,-1,-1,0,0,0,0,0,6,9,7,6,4,8,9,7,5,4,2,5,3,2,3,4,4,4,4,1,6,4,3,2,3,2,5,4,3,1,0,0,0,0,0,0,0,0,0,0,-2,0,0,1,0,-4,1,0,0,0,2,-1,0,1,0,0,0,0,0,0,9,13,6,8,6,8,4,7,8,10,8,9,4,3,4,1,3,2,5,2,6,1,4,1,5,2,3,3,7,5,0,1,0,0,0,0,0,0,0,0,1,9,-1,0,-4,2,8,0,2,-1,-1,0,-1,-2,-3,0,1,0,0,0,10,10,11,12,6,11,9,6,4,7,6,4,6,3,4,8,1,9,6,3,5,2,3,2,0,0,1,0,0,0,0,1,4,-1,2,6,3,-2,0,1,1,1,1,6,0,0,1,-1
2582,31,2,11,4,2,3,4,6,3,3,6,2,7,0,0,0,0,0,0,0,0,1,0,0,0,0,0,2,3,2,6,2,5,4,2,3,3,6,0,1,0,0,0,1,-1,-3,2,-1,0,0,0,0,-2,-3,-2,-6,-1,-5,4,1,3,3,6,6,9,11,7,4,2,9,5,10,9,1,1,1,0,0,0,1,1,1,0,0,2,1,2,2,2,7,4,8,6,5,7,9,6,4,0,0,0,0,1,4,0,6,-3,-5,1,-1,0,-2,-2,-2,-6,-3,-7,-6,5,7,9,6,3,6,7,7,4,5,5,8,7,5,4,0,0,2,1,2,1,0,0,1,0,0,4,2,3,1,5,4,5,2,3,5,7,5,2,3,0,0,0,0,0,1,-1,0,-1,1,0,-4,0,-2,1,-4,-4,-5,-1,-3,5,7,5,2,3,4,7,4,8,4,5,7,4,0,0,0,2,1,0,0,3,2,1,2,0,1,4,5,3,3,7,4,3,1,0,0,1,0,2,-3,4,-2,-1,-2,2,0,-4,-5,0,2,7,4,2
2582,32,1,09,9,9,6,4,7,7,12,8,5,3,7,5,2,1,2,2,4,4,3,5,1,7,5,3,0,6,5,3,2,2,0,0,0,0,0,0,0,0,0,1,2,-3,-2,-1,4,6,-2,-3,-2,2,-4,-1,1,1,3,0,0,0,0,-1,7,5,8,4,7,5,8,5,8,7,2,3,5,2,5,5,2,3,2,2,5,2,3,6,6,0,6,2,2,1,0,0,0,0,0,0,0,0,0,0,2,-3,3,-4,0,-3,1,2,-4,-1,5,-4,1,0,1,0,0,0,0,0,13,11,12,4,4,10,10,5,3,10,8,5,9,2,2,5,5,3,2,1,6,6,3,2,3,4,4,2,1,6,0,1,0,0,1,0,0,0,0,1,3,1,7,1,-6,2,-1,6,0,-1,1,1,1,1,-5,0,1,0,0,0,10,13,10,12,5,8,12,18,7,6,5,6,3,7,4,6,4,4,8,10,1,4,4,8,0,0,1,0,0,0,0,0,5,5,-2,-6,3,2,-3,-4,2,3,0,-2,0,0,1,0
2582,32,1,11,6,11,7,1,3,7,4,3,2,1,0,1,1,0,1,0,0,2,0,0,1,1,0,0,0,6,3,3,2,1,6,10,4,1,2,0,0,0,0,0,-1,7,4,-1,2,-1,0,1,0,1,-6,-3,-1,-2,-1,6,10,4,1,2,12,8,7,10,17,5,8,4,4,12,1,0,0,0,1,3,1,0,0,3,2,3,0,0,3,2,5,4,4,9,8,7,7,10,13,1,0,0,0,0,7,0,3,6,5,-1,-3,0,0,-2,1,-4,-4,-4,-6,7,7,7,10,13,12,9,7,6,5,15,13,12,4,5,2,1,2,2,0,1,1,0,1,0,3,6,4,3,0,12,5,8,1,5,9,7,5,3,5,0,2,0,0,0,-3,-4,-5,2,0,-1,-5,-2,-1,0,-11,-4,-8,0,-5,9,5,5,3,5,5,4,5,9,6,8,9,7,1,2,1,1,2,2,2,3,2,2,4,1,4,6,4,5,2,0,2,5,0,0,1,1,-1,-4,-4,2,-1,0,-3,0,-2,-4,-2,-2,2,0,1,4
2582,32,2,09,6,3,6,7,8,4,7,1,3,5,2,2,4,5,3,4,1,1,2,5,3,2,0,3,4,1,4,1,0,1,0,0,1,0,0,0,1,0,0,0,2,-4,5,4,3,-1,0,4,2,-1,3,-3,0,2,4,0,-1,1,0,0,11,7,5,5,8,9,3,7,5,2,4,2,2,2,3,7,5,2,3,5,5,1,3,2,1,3,2,4,3,1,0,0,1,0,0,1,0,0,0,0,2,4,-2,0,6,-1,1,-1,0,2,4,3,-2,0,4,-1,0,1,0,0,9,5,8,9,7,4,10,11,8,4,9,4,4,3,6,0,1,4,6,1,1,7,8,4,2,3,2,3,4,2,0,0,0,0,0,0,1,0,0,0,5,-5,-3,1,3,8,-3,-4,-1,4,-3,-1,1,2,-1,0,-1,0,0,0,3,14,8,11,3,15,7,7,2,6,2,10,1,7,6,1,2,9,4,5,1,6,3,2,0,1,0,0,0,0,0,0,0,-1,1,4,0,-3,-2,5,0,1,3,-1,0,1,0,0
2582,32,2,11,10,5,4,5,9,5,4,2,4,7,4,1,1,2,0,0,0,0,0,0,1,1,0,0,1,4,3,1,4,6,6,4,3,3,9,0,0,1,0,0,5,1,2,1,2,3,0,1,2,-1,-4,-3,-1,-4,-6,6,4,2,3,9,1,9,5,8,7,0,10,1,8,9,0,0,1,0,0,0,1,0,1,0,0,0,0,1,1,0,10,1,6,8,1,8,4,7,7,0,0,0,1,0,1,-1,4,0,-2,0,0,1,-1,-1,0,-9,-1,-5,-8,1,8,4,6,7,4,7,5,3,5,5,5,6,10,2,1,1,1,2,1,0,5,0,0,2,1,0,1,1,0,4,5,5,7,2,3,1,4,1,2,0,0,0,2,0,-1,2,-1,-7,3,0,1,0,1,1,-4,0,-5,-7,0,3,1,4,-1,2,5,6,6,11,4,3,4,4,0,2,0,0,1,0,4,1,1,1,0,2,3,2,3,2,4,4,2,10,0,0,1,0,1,3,2,7,-1,1,0,-2,-2,-2,1,-1,4,4,1,10
2582,33,1,09,8,6,6,7,4,4,6,12,4,3,6,4,6,4,2,2,2,0,3,2,0,2,6,1,1,4,4,5,2,2,0,0,0,0,0,0,0,1,1,0,4,0,-6,3,1,6,2,0,3,1,-2,-2,-5,1,0,0,0,-1,-1,0,5,9,4,8,10,6,4,4,5,11,3,5,4,3,3,2,4,0,4,7,3,3,4,1,6,3,0,0,4,5,0,0,0,1,0,0,1,0,0,0,-1,5,0,3,-1,0,2,0,2,-3,-1,4,0,0,2,0,-1,0,1,0,9,7,12,5,6,10,8,5,5,10,6,2,8,4,3,3,4,4,1,3,6,3,3,3,2,3,4,1,2,8,0,1,0,0,0,1,1,1,0,0,-1,-1,7,0,-4,0,-1,5,1,1,0,0,3,-1,-5,-1,0,-1,0,0,12,12,11,7,12,9,11,8,9,7,4,4,3,5,7,3,9,6,4,4,3,3,7,4,0,0,0,0,0,0,0,0,0,3,0,-1,0,1,0,0,0,2,0,-1,0,0,0,0
2582,33,1,11,6,9,1,4,5,3,8,6,2,6,0,0,0,0,0,0,1,0,3,2,0,4,1,1,1,3,3,4,1,4,6,8,1,1,3,0,1,1,0,1,3,1,-5,2,-1,0,-4,-1,-1,-1,-3,-2,-4,2,-2,6,7,0,1,2,4,8,8,8,10,5,5,6,9,11,2,1,2,1,2,0,1,1,0,0,3,0,0,2,0,1,5,6,7,11,2,6,5,7,8,1,0,0,0,0,-1,3,2,-1,-1,-1,1,2,-1,2,-1,-4,-5,-7,-11,1,6,5,7,8,13,7,8,9,8,19,8,7,6,7,1,2,1,4,4,0,0,1,0,0,4,5,2,3,2,15,3,5,3,5,12,5,6,5,4,0,0,0,0,0,-6,-1,1,3,1,-3,-3,-1,1,2,-15,-3,-4,-3,-5,12,5,6,5,4,8,11,6,3,4,11,2,5,1,2,4,1,4,1,1,0,0,6,1,1,4,4,1,3,3,8,1,2,0,1,0,1,4,0,4,-2,1,-4,3,0,0,-3,0,-3,3,7,1,1
2582,33,2,09,7,6,4,7,6,7,4,5,1,1,1,3,2,3,3,4,3,2,4,3,3,2,3,0,1,3,2,2,1,0,2,0,0,0,0,1,0,0,0,0,0,2,-1,6,5,-2,1,-1,3,2,1,1,0,3,3,1,0,0,0,0,4,4,6,1,12,4,1,5,0,6,1,3,4,0,5,3,1,2,1,7,2,1,1,0,3,1,0,3,0,3,0,0,0,0,0,1,0,1,0,0,0,3,1,1,6,-1,2,3,0,2,2,1,-1,1,4,-1,0,-1,0,0,5,5,12,12,4,8,4,8,4,4,4,4,10,6,4,1,1,1,6,0,5,1,4,3,1,3,3,4,1,3,0,0,1,0,0,0,0,0,0,0,-3,1,4,8,0,-1,3,6,3,3,-2,-2,-3,5,-3,0,0,1,0,0,8,5,5,7,9,7,14,9,5,2,2,4,3,3,3,3,7,3,3,4,1,4,10,5,0,0,0,0,1,0,1,0,-1,-2,-9,-2,-2,-1,-1,0,2,-1,-7,-2,-1,0,-1,0
2582,33,2,11,2,10,6,2,4,3,5,3,2,3,0,2,0,0,0,0,0,1,0,0,0,0,0,0,0,2,4,3,2,3,2,8,5,2,4,1,1,0,0,0,-1,5,3,0,1,0,2,0,0,0,-2,-4,-2,-2,-3,1,7,5,2,4,4,3,13,2,10,4,1,9,3,9,0,0,0,0,1,0,1,1,0,0,1,0,0,1,2,3,1,9,2,7,4,2,12,2,9,0,0,0,0,0,0,2,4,-1,1,-1,0,0,-1,-1,-3,0,-8,-2,-7,4,2,12,2,9,6,15,3,4,3,7,7,5,3,1,0,1,0,0,1,0,2,0,2,0,1,1,1,0,1,6,6,3,2,0,6,12,3,2,2,0,0,1,1,0,-1,8,-2,1,2,-1,0,-1,0,0,-6,-4,-3,0,0,6,12,2,1,2,13,6,10,3,7,5,6,5,5,0,1,0,4,1,3,1,1,1,2,2,5,4,4,3,4,5,6,2,1,0,0,0,6,1,4,-2,4,-1,-1,-2,-1,-3,-1,-2,3,5,6,2
2582,34,1,09,10,7,11,5,4,9,10,7,4,3,6,2,5,3,3,4,5,6,2,1,5,4,3,2,1,4,6,4,0,2,0,0,0,0,0,0,0,0,2,0,1,-3,4,1,1,1,-2,2,1,2,0,-1,2,2,-1,0,0,0,-2,0,10,1,6,7,5,5,3,11,7,6,5,1,3,4,2,5,0,3,3,3,3,2,5,5,1,2,1,5,2,5,0,0,0,0,0,0,0,1,0,0,5,-2,-5,0,-1,2,-1,-2,-1,1,3,-1,-2,1,-2,0,0,-1,0,0,6,6,7,12,5,5,3,8,6,14,4,4,4,7,3,2,1,3,5,2,3,2,5,4,8,2,1,2,1,5,0,1,0,0,0,0,0,1,1,1,1,3,-1,6,-9,1,2,-1,3,-5,0,0,1,4,-3,0,1,-1,-1,-1,8,7,8,15,5,11,6,8,4,4,5,5,4,3,3,10,1,5,3,4,4,5,3,4,0,0,0,0,0,1,0,0,3,-4,2,7,3,-1,2,1,0,-2,0,6,0,-1,0,0
2582,34,1,11,8,9,1,5,1,4,7,4,4,4,1,0,0,0,0,1,1,0,1,0,1,0,1,0,1,1,7,3,4,2,6,8,1,4,1,2,0,0,0,1,4,2,-3,1,-3,0,0,-1,0,-1,0,-6,-3,-3,-2,4,8,1,4,0,7,6,10,14,13,2,4,7,7,11,0,0,1,1,6,0,1,0,0,1,0,1,1,2,2,2,3,6,5,8,7,5,9,13,6,0,0,0,0,1,5,2,3,7,2,0,-1,0,-1,4,-2,-2,-6,-5,-7,7,5,9,13,5,10,9,7,7,10,8,12,13,5,6,1,2,0,3,3,0,3,2,2,3,1,5,3,3,0,7,7,9,1,4,9,4,5,2,4,0,0,1,1,2,2,-3,-6,2,4,0,-3,-3,0,3,-7,-4,-7,1,-1,9,4,4,1,2,6,5,4,8,4,9,2,3,3,0,0,3,2,2,1,1,1,3,1,2,2,4,1,1,1,3,3,4,1,2,0,0,2,-4,2,5,2,-3,-1,1,0,-2,0,0,0,1,3,4
2582,34,2,09,4,3,5,6,5,4,7,8,1,5,1,2,1,1,1,3,1,4,5,4,1,6,6,0,3,3,1,1,0,2,0,0,0,0,0,0,0,1,1,0,0,-4,-3,5,0,0,-4,-5,1,-2,0,0,3,5,2,0,0,-1,-1,0,3,2,2,2,6,5,2,3,7,4,3,2,0,2,3,0,0,2,0,3,3,0,1,4,3,1,2,2,3,1,0,0,0,0,0,1,0,0,0,0,-2,0,-1,-5,2,0,2,-1,-2,0,-1,-2,0,-3,2,-1,0,0,0,0,6,4,5,5,4,6,4,7,2,4,5,2,2,3,3,1,2,2,2,1,2,2,2,1,2,4,1,5,1,2,0,0,1,0,0,0,1,0,0,0,0,0,-2,3,0,3,0,0,2,1,-3,1,-3,1,-1,0,-1,1,0,0,6,5,8,7,2,5,9,7,2,0,4,2,4,5,4,4,0,4,6,6,2,1,3,0,0,0,0,1,0,0,0,1,4,0,-1,0,2,-4,-2,-4,2,4,1,4,0,0,0,0
2582,34,2,11,5,5,7,4,5,6,3,10,4,2,0,0,0,0,1,0,1,0,1,0,2,1,2,1,0,4,2,8,3,2,5,4,7,3,4,0,0,0,0,0,-1,2,-3,0,3,-2,-1,-2,-1,1,-4,-1,-8,-2,-2,5,4,7,3,4,8,5,8,7,6,2,3,4,9,4,1,0,0,0,1,2,0,1,0,0,0,0,1,1,1,2,3,3,8,3,5,5,7,7,5,0,0,0,0,0,6,2,4,-2,2,1,0,-1,-1,0,0,-3,-2,-8,-3,5,5,7,7,5,4,6,4,6,4,5,2,4,6,1,0,1,0,1,1,2,2,0,1,1,1,0,1,0,0,4,2,3,6,1,2,3,4,4,2,0,0,0,0,0,-1,4,0,0,3,-1,1,-1,1,1,-2,0,-3,-5,0,2,3,4,4,2,7,4,7,4,3,4,5,3,3,0,0,0,1,3,2,2,1,3,1,0,2,1,4,3,3,1,5,2,0,0,0,0,4,0,2,1,2,-3,-1,0,-1,2,-2,-1,3,1,5,2
2582,35,1,09,9,10,2,6,10,7,7,6,4,6,5,5,0,2,5,4,4,1,3,4,1,2,3,1,4,5,5,2,2,2,0,1,1,1,1,1,0,1,1,0,2,3,-4,2,4,4,3,-3,1,1,-1,-1,-1,1,2,-1,1,0,0,1,3,4,4,5,6,7,4,4,5,5,0,1,3,3,4,3,3,1,2,2,3,2,3,2,2,4,2,1,2,3,0,0,0,0,0,0,0,0,1,0,-4,0,0,0,1,-3,-1,0,1,2,-1,1,0,0,-1,0,0,0,-1,0,7,6,10,7,7,5,5,8,8,5,5,3,5,6,2,2,3,5,1,5,4,3,3,4,4,1,2,4,4,1,0,0,0,0,0,0,0,1,0,0,2,1,2,-1,2,1,0,2,2,-2,1,1,1,-3,4,0,0,-1,0,0,9,3,9,4,4,6,9,5,5,1,5,4,4,2,4,0,2,3,3,3,2,3,6,1,0,0,0,0,0,0,0,1,5,-3,0,-1,3,-2,2,1,2,-1,-2,-1,0,0,0,-1
2582,35,1,11,7,8,3,6,8,4,5,3,4,6,1,0,0,0,0,0,1,2,1,0,2,2,0,1,0,2,3,3,3,6,6,7,1,5,8,0,0,0,0,0,3,3,0,2,2,-1,-2,0,-1,0,-2,-2,-1,-2,-6,6,7,1,5,8,2,5,8,11,7,0,4,8,10,12,0,1,1,1,1,1,0,1,0,0,0,0,0,1,2,0,4,8,8,10,1,4,6,10,6,0,0,0,1,0,2,1,0,1,-5,0,1,1,0,-1,1,-4,-7,-8,-10,1,4,6,9,6,8,8,9,6,6,12,7,9,5,7,0,3,2,1,2,1,1,5,2,2,5,4,4,2,0,6,3,5,2,7,7,4,2,3,2,1,0,0,1,0,-4,1,0,1,-1,-5,-1,-2,-1,2,-5,-2,0,0,-5,6,4,2,2,2,5,6,7,9,10,8,6,8,0,0,0,3,0,2,1,2,1,1,2,1,8,7,4,5,5,4,6,4,1,0,0,2,-5,-2,1,1,-1,-1,-2,2,-8,-5,-3,-3,4,4,6,2
2582,35,2,09,10,6,5,6,6,9,7,6,3,6,6,4,4,3,1,3,2,1,3,3,4,4,4,1,0,3,3,1,2,5,1,0,0,0,2,2,0,1,0,1,1,-1,-1,3,0,2,0,0,2,1,0,-1,0,1,-2,-1,0,-1,0,1,5,3,4,3,12,4,3,1,6,4,1,0,2,2,10,4,3,2,1,2,2,0,0,3,1,0,2,1,3,3,0,0,0,0,0,2,1,0,0,0,1,0,3,-3,8,-1,0,2,-1,9,4,1,1,-2,-1,-2,-1,0,0,0,2,8,9,5,7,1,2,2,2,3,2,6,3,3,3,0,2,4,2,4,0,2,0,2,3,1,0,2,0,0,0,0,2,0,0,0,0,0,0,0,1,6,7,3,4,2,4,3,1,0,-1,2,2,2,4,0,0,2,0,0,4,10,7,6,6,9,4,4,1,5,3,0,3,5,4,6,3,6,2,2,2,3,2,2,0,0,0,0,1,0,0,0,-2,1,3,2,-2,-1,1,-2,1,2,2,4,-1,0,0,0
2582,35,2,11,8,4,3,6,5,6,2,3,5,4,0,0,0,1,0,1,0,1,0,0,1,0,0,0,0,5,1,3,5,4,7,4,2,5,5,0,1,0,0,0,2,2,0,1,1,-1,0,0,1,0,-4,-1,-2,-5,-4,7,3,2,5,5,3,8,4,9,6,5,7,4,5,3,0,0,1,1,1,0,0,0,0,0,2,0,0,0,0,3,7,4,5,3,3,8,3,8,5,0,0,0,0,0,-2,1,0,4,3,-2,0,1,1,1,-3,-7,-4,-5,-3,3,8,3,8,5,11,13,6,5,4,5,5,6,3,4,0,3,2,0,0,2,1,0,0,1,3,1,1,0,0,2,4,4,2,2,9,9,4,5,3,0,0,1,1,2,6,8,0,2,0,-3,2,1,0,0,0,-3,-4,-2,-1,9,9,3,4,1,3,4,4,13,2,3,3,7,2,1,1,1,0,1,2,3,1,1,0,2,1,2,2,5,1,2,1,9,0,0,1,0,1,1,1,6,1,0,1,-1,-1,-1,0,-2,1,2,0,9
2582,36,1,09,3,8,2,1,2,5,8,5,2,8,3,6,1,0,2,0,2,1,1,0,4,2,1,0,4,1,5,4,1,4,0,0,0,0,0,0,1,0,1,0,-2,0,-3,-1,-6,-1,4,0,0,-2,-1,-3,-3,0,-4,0,-1,0,-1,0,10,8,7,3,6,8,6,5,3,0,5,4,5,2,4,4,4,2,1,2,6,3,4,3,0,2,3,1,0,0,1,0,0,0,0,0,0,0,0,0,2,2,2,0,6,-1,1,1,-1,4,2,1,1,1,2,1,0,0,0,0,5,1,5,4,4,5,2,5,4,8,4,1,4,1,1,1,0,1,2,3,3,2,4,2,6,2,0,1,2,2,0,0,0,1,0,0,0,0,0,0,0,-1,0,0,-4,1,-1,0,-1,-5,-1,0,0,0,1,0,0,0,1,0,8,6,7,8,4,5,7,5,1,3,2,4,7,2,5,4,2,5,6,4,2,0,1,1,0,1,0,0,0,0,0,0,4,1,0,3,-1,-2,-4,0,5,2,4,3,0,1,0,0
2582,36,1,11,9,7,4,3,6,7,6,5,5,5,0,0,0,0,0,1,1,1,0,0,1,1,1,2,0,6,5,4,3,5,8,6,3,3,6,0,0,0,0,0,2,1,-1,-2,1,-1,-1,-1,-2,0,-5,-4,-3,-3,-5,8,6,3,3,6,8,9,6,4,7,5,3,2,6,7,0,0,0,0,1,1,0,1,1,1,1,0,0,0,2,3,2,2,5,4,7,9,5,3,5,1,1,0,1,1,3,6,4,-2,0,-1,0,0,0,-1,-2,-2,-1,-4,-3,6,8,5,2,4,17,13,3,2,4,12,12,2,6,4,2,2,1,0,2,2,1,0,0,0,3,4,1,1,2,9,7,0,4,1,13,10,2,2,2,0,1,1,1,1,5,1,1,-4,0,-1,-2,0,-1,0,-7,-6,0,-4,-1,13,9,1,1,1,5,5,9,11,9,4,7,5,1,3,0,1,2,1,5,1,4,2,1,3,3,2,6,0,2,1,4,9,2,0,0,2,-4,1,2,6,-3,1,-1,-2,-1,-1,-1,1,0,1,4,7
2582,36,2,09,4,4,5,6,5,3,7,7,2,7,1,2,3,4,3,3,2,2,2,1,2,2,5,1,4,0,4,2,1,2,0,0,0,0,1,1,1,0,0,1,1,-3,-2,4,-2,-1,0,-2,3,-1,3,-2,0,1,-1,-1,-1,0,0,0,5,2,3,1,4,2,4,1,2,2,2,0,2,1,2,2,2,1,0,2,2,1,1,0,2,0,3,0,2,0,1,0,0,0,0,0,0,0,0,0,3,-2,2,-1,2,0,-1,1,1,0,2,-1,1,-2,2,1,0,0,0,0,6,8,5,3,3,4,5,5,7,5,3,3,5,2,1,3,5,0,1,2,3,2,3,4,4,1,3,2,2,1,0,0,0,0,0,0,0,0,1,0,2,3,0,-4,-2,0,1,2,-2,-3,2,2,-2,-1,1,0,0,0,-1,0,3,3,3,1,3,5,5,5,3,2,2,0,0,1,1,1,2,3,3,2,1,2,2,3,0,0,0,0,0,0,0,0,0,-2,-2,-4,1,-1,-1,-2,-1,-1,-1,-2,0,0,0,0
2582,36,2,11,6,7,8,2,9,6,5,8,3,10,0,2,0,0,1,0,0,0,0,2,1,2,0,0,1,5,2,8,3,9,6,5,8,2,6,0,1,0,0,0,0,2,0,-1,-1,-1,0,0,0,0,-5,-2,-8,-3,-7,6,4,8,2,6,4,8,7,3,8,1,5,7,3,7,0,0,0,0,2,0,0,1,0,1,0,1,0,1,0,1,4,7,2,7,4,8,6,3,5,0,0,0,0,0,3,3,0,0,1,0,-1,0,-1,2,-1,-4,-6,-2,-6,4,8,6,3,5,9,4,6,8,4,4,9,6,4,3,1,0,1,1,1,0,0,1,1,1,1,2,1,0,1,3,6,3,3,1,8,4,4,6,2,0,1,2,1,1,5,-5,0,4,1,0,-2,0,1,0,-3,-6,-2,-2,0,8,3,2,5,1,5,4,4,15,5,4,4,4,2,2,1,2,0,0,0,4,1,1,0,2,4,3,3,1,3,2,3,9,0,0,1,1,0,0,0,11,1,1,1,0,-4,-3,-3,3,3,2,2,8
2582,37,1,09,3,4,4,3,3,8,4,10,6,4,2,2,2,3,1,1,2,2,0,1,6,2,5,3,2,1,2,5,3,2,0,0,0,0,1,1,0,0,0,0,-5,0,-6,-3,-1,-4,0,-3,0,-1,0,0,-3,-3,-1,-1,0,0,0,1,4,5,4,6,9,3,5,5,5,2,1,1,2,3,6,3,3,2,3,3,2,3,3,3,1,1,1,2,1,1,0,1,0,0,0,0,1,0,1,0,1,0,-1,1,7,-1,-2,-1,0,5,2,2,0,2,2,0,0,0,-1,0,6,3,7,11,6,3,1,1,3,4,3,2,5,6,3,3,1,2,5,3,2,1,0,1,2,1,0,0,2,2,0,0,0,0,0,0,0,1,0,0,3,2,6,8,2,1,1,5,5,1,2,1,2,3,1,0,0,-1,0,0,9,4,9,6,4,7,5,6,6,3,4,4,3,1,4,2,1,5,3,1,2,2,2,4,0,0,1,0,1,0,0,1,5,-3,4,0,5,-2,1,3,1,-1,2,-2,-1,0,1,-1
2582,37,1,11,4,3,0,1,4,2,3,4,6,2,1,0,0,0,1,0,1,0,0,0,0,0,2,1,0,2,1,2,5,2,3,2,0,1,3,0,2,0,0,0,2,0,-4,-5,2,1,0,-2,-1,1,-2,0,-2,-5,-2,3,0,0,1,3,5,2,4,6,14,4,3,7,5,6,0,0,0,1,0,0,0,0,0,0,1,1,0,0,2,3,1,7,5,4,5,2,4,5,14,0,1,0,0,0,1,-1,-3,1,8,-1,-1,0,1,-2,-3,-1,-7,-5,-4,5,1,4,5,14,8,5,7,7,4,9,11,8,8,4,1,1,3,1,2,0,2,0,2,2,2,1,1,0,1,7,9,7,8,1,7,2,4,4,0,0,1,0,0,2,-1,-6,-1,-1,0,-1,0,2,1,1,-7,-7,-7,-6,1,7,1,4,4,-2,2,1,6,9,4,3,6,5,1,1,0,1,0,0,0,1,2,1,0,1,2,1,5,4,1,0,6,7,0,1,1,0,-2,-2,0,4,-1,0,0,0,-2,-1,-5,-3,1,-1,5,7
2582,37,2,09,6,2,4,4,6,7,3,7,5,3,2,1,1,3,3,4,1,2,1,3,3,2,4,1,2,4,0,3,4,1,0,0,1,0,0,0,1,0,0,0,-1,-1,-3,-1,3,-1,-1,-3,2,1,0,1,-1,-3,2,0,-1,1,0,0,6,3,7,1,4,6,3,6,2,7,2,0,4,0,3,3,3,2,1,1,2,2,1,1,4,3,1,5,0,1,1,0,1,0,0,1,0,0,1,2,0,0,1,-1,-3,0,-2,3,-1,-1,0,2,-3,1,0,0,0,1,-1,-2,6,1,2,3,2,1,3,3,4,6,3,1,2,0,1,2,0,0,3,1,0,3,1,1,4,1,0,2,3,2,1,0,0,0,0,0,0,0,0,0,5,-2,-1,-1,-4,3,-2,1,-1,-3,1,0,-2,0,-1,1,0,0,0,0,2,5,3,6,3,3,3,2,1,3,3,2,1,2,0,4,1,1,1,2,2,2,2,0,0,0,0,0,0,0,0,0,-1,2,0,4,0,2,2,0,-1,0,-2,4,0,0,0,0
2582,37,2,11,4,3,1,2,5,3,1,4,1,5,0,0,0,0,0,0,0,0,1,0,0,0,0,0,1,3,1,4,1,2,4,3,1,1,5,0,0,0,0,2,1,2,-3,1,0,0,0,0,0,-1,-3,-1,-4,0,-2,4,3,1,1,3,8,3,9,4,4,8,4,2,4,4,1,0,1,2,0,0,0,2,0,0,3,1,0,1,0,5,3,2,3,3,7,3,6,2,4,0,0,0,0,1,0,-1,7,0,0,-2,-1,1,1,0,-5,-3,0,-3,-3,7,3,6,2,3,4,3,7,5,2,6,4,4,4,2,0,1,1,1,0,1,0,0,2,2,3,1,1,2,1,2,3,3,2,1,3,2,6,2,0,1,0,0,0,0,-2,-1,3,1,0,-3,0,0,-1,-1,-1,-3,-3,0,1,2,2,6,2,0,5,4,6,7,9,5,4,3,0,0,0,0,1,1,0,1,3,2,1,0,6,3,3,3,4,3,6,6,0,0,0,0,-4,-1,2,4,-3,-2,-1,0,-5,-2,-3,-2,4,3,6,6
2582,38,1,09,6,3,4,6,4,6,6,4,2,6,1,2,1,3,0,3,1,3,2,4,3,1,2,1,3,2,5,2,1,3,2,0,0,1,0,1,0,0,0,0,0,-3,0,4,-2,-2,1,-1,2,-3,1,-4,1,1,1,1,0,0,1,0,4,4,4,3,4,3,7,3,3,5,1,1,2,1,3,3,3,2,2,1,0,5,2,0,3,2,2,1,2,1,0,0,0,0,0,1,0,0,1,1,1,-3,1,0,-1,1,-4,0,1,0,1,1,1,0,0,-1,0,0,-1,-1,4,2,3,3,6,7,5,8,3,4,3,2,2,2,5,1,0,1,1,1,4,0,3,2,2,3,5,5,1,2,0,0,0,0,0,0,0,0,0,0,-3,-3,-5,0,2,-1,2,-1,0,3,-2,-5,-4,0,-1,0,0,0,0,0,5,6,6,3,6,2,7,7,4,4,5,2,1,2,1,1,3,1,2,4,3,1,4,1,0,0,0,0,0,0,1,2,-1,4,-1,-4,1,3,3,-2,-2,1,-3,0,0,0,-1,-2
2582,38,1,11,5,3,2,1,2,2,2,3,1,3,0,0,1,0,0,2,0,1,0,1,0,1,1,0,0,2,1,2,1,2,3,3,0,1,1,0,0,0,0,1,3,1,-1,0,-1,0,-1,0,0,0,0,-1,-1,-1,-1,3,3,0,1,0,3,6,4,10,5,3,4,5,7,7,1,0,1,3,2,0,0,1,0,0,1,0,1,3,1,1,4,4,4,6,2,6,2,7,3,1,0,0,0,0,0,2,-1,3,-2,0,0,0,0,1,-1,-4,-3,-4,-6,1,6,2,7,3,5,12,8,5,5,8,7,6,5,4,0,1,0,3,0,1,2,0,0,3,2,3,2,1,1,6,4,4,4,3,4,9,8,2,2,0,0,0,0,0,-3,5,2,0,1,-2,-2,-2,2,-1,-5,-2,-4,-4,0,4,9,8,2,2,5,5,7,9,4,4,5,5,1,0,2,1,3,1,2,5,1,0,1,0,3,4,4,4,1,4,3,3,0,0,0,1,1,1,2,4,0,0,1,1,0,-3,-2,1,1,4,3,2
2582,38,2,09,3,6,3,3,2,4,2,5,2,3,2,3,2,2,0,1,3,1,1,2,3,1,3,0,2,1,1,2,2,1,0,0,0,0,0,0,0,0,0,0,-1,4,-2,1,-1,-1,2,-1,2,-2,0,2,-1,-1,1,0,0,0,0,0,7,5,2,3,2,4,8,5,4,1,5,3,1,0,1,1,2,1,3,1,2,6,5,1,1,2,1,0,3,0,1,0,0,0,0,0,1,0,0,0,3,-3,-3,-1,1,3,-3,-4,-1,0,-1,1,1,0,1,1,-1,0,0,0,8,3,1,12,4,2,6,4,7,0,3,3,0,7,1,4,0,1,5,3,1,3,1,5,0,1,3,3,2,0,1,0,0,0,0,0,0,0,0,0,6,-3,-3,5,4,2,0,-1,2,1,3,-3,-2,3,3,1,0,0,0,0,4,4,2,0,1,2,3,2,4,4,1,0,0,0,1,0,1,0,1,1,0,2,2,1,0,0,0,0,0,0,0,0,3,2,-1,-2,3,4,0,-1,0,-2,-1,-1,0,0,0,0
2582,38,2,11,5,4,3,4,6,6,3,7,2,3,0,1,0,0,1,1,1,0,0,0,2,1,3,1,0,4,2,4,1,2,4,2,3,4,5,0,0,0,0,1,-1,1,-4,2,3,-2,0,-3,-1,1,-3,-1,-4,-1,-2,4,2,3,4,4,7,10,8,2,8,4,3,3,7,4,0,1,3,0,1,2,0,0,0,1,0,1,1,1,1,4,2,2,5,2,5,9,5,2,6,0,0,0,1,1,3,7,5,-5,4,0,0,2,-1,0,-2,-2,-2,-5,-1,5,9,5,1,5,4,12,2,4,3,4,2,2,6,6,0,4,1,2,0,0,2,0,0,0,2,1,2,1,2,2,1,0,3,4,4,6,1,2,3,0,0,0,2,0,0,10,0,-2,-3,-2,3,-1,1,-2,-2,1,0,-3,-4,4,6,1,0,3,3,6,6,9,5,8,5,6,1,1,2,3,1,1,0,1,1,3,1,1,2,5,3,4,1,4,4,5,2,0,1,1,-2,-2,1,3,0,-2,1,2,-1,-4,-3,-3,-1,4,3,4
2582,39,1,09,5,3,6,3,3,4,6,10,3,4,3,2,4,2,0,1,1,2,1,3,2,4,7,2,1,2,2,3,1,2,1,0,0,0,0,0,0,0,0,1,1,-3,-4,0,-1,1,-2,-3,0,-1,-1,-1,-1,0,1,1,0,0,0,-1,2,4,4,6,1,3,2,2,3,6,0,4,3,4,0,1,0,1,2,1,1,2,0,1,1,1,0,2,2,3,1,0,0,0,0,1,0,0,0,2,-1,2,2,3,-5,-1,2,3,3,-1,0,0,-1,0,-2,0,0,0,0,-2,3,3,3,3,4,4,3,2,1,3,1,3,2,3,4,2,0,1,0,0,0,2,1,1,2,4,1,1,0,1,0,0,0,0,0,0,0,0,0,0,-1,0,1,2,1,1,1,1,2,2,-2,-1,0,0,-1,0,0,0,0,0,6,5,4,5,8,3,4,10,2,3,1,3,3,2,3,2,6,3,2,7,2,0,2,3,1,0,0,0,0,0,0,0,-2,2,0,-5,-4,0,-1,-4,1,2,1,-1,1,0,0,0
2582,39,1,11,6,8,8,1,3,8,5,5,4,3,1,1,1,0,0,0,1,3,1,0,1,0,0,0,1,5,5,5,4,2,5,6,4,0,3,2,0,0,0,0,-2,3,3,-3,0,0,1,1,0,-1,-5,-4,-2,-3,-2,3,6,4,0,3,0,4,9,4,7,1,2,6,3,9,0,0,2,0,0,0,0,0,0,2,0,0,1,1,1,0,1,5,2,7,0,4,7,4,5,1,1,0,0,1,-1,2,3,1,-2,0,0,1,-1,-1,0,-1,-5,-2,-5,-1,3,7,4,4,5,4,6,1,2,8,2,8,4,3,0,1,0,0,0,0,1,3,0,0,5,1,2,2,2,3,1,5,2,1,5,2,3,1,2,0,0,1,0,0,-3,2,-2,-3,-1,-5,0,-2,-2,-2,-3,0,-2,-2,-1,5,2,2,1,2,2,4,6,8,3,4,3,3,0,0,0,0,1,0,1,2,1,0,0,2,1,4,1,0,1,4,5,6,1,0,2,1,-1,0,3,5,-1,0,0,-2,0,-4,0,2,0,4,3,5
2582,39,2,09,3,2,2,6,0,3,4,2,5,5,1,2,1,3,0,2,0,1,3,0,2,4,0,4,2,1,0,1,1,2,0,0,0,0,0,0,0,1,0,1,0,-2,0,1,-5,-1,-2,1,-1,-2,1,0,0,2,-2,0,0,-1,0,-1,4,0,2,5,3,4,1,5,2,0,1,0,1,3,2,3,0,1,2,1,2,1,3,0,0,2,0,2,2,0,0,0,0,0,0,0,0,0,0,0,0,-1,-3,3,3,-1,-1,-2,3,2,1,0,-1,0,1,0,0,0,0,0,1,3,4,4,3,3,2,1,5,3,1,3,3,3,3,0,0,1,1,0,2,0,1,3,3,1,2,0,2,0,0,0,0,0,0,0,0,0,0,0,-2,1,3,-1,0,-1,3,2,0,0,-1,-2,1,-1,0,0,0,0,0,0,5,3,3,8,4,3,1,4,3,2,0,6,2,1,3,1,3,3,1,2,1,0,0,1,0,0,0,1,0,0,0,1,1,0,2,4,0,-1,-1,4,1,1,3,0,0,0,0,0
2582,39,2,11,2,2,3,2,2,2,2,3,0,1,0,1,1,0,0,0,0,1,0,0,0,0,0,0,0,2,2,3,0,1,2,1,1,2,2,0,0,0,0,0,0,0,0,2,1,0,1,1,0,0,-2,-2,-2,0,-1,2,1,1,2,2,8,5,8,3,4,4,1,9,7,6,3,0,0,0,0,0,1,0,0,0,2,0,3,2,1,2,1,6,5,5,5,4,8,3,4,0,0,0,0,0,4,4,-1,-4,-2,1,0,-3,-2,-1,-2,0,-6,-5,-5,5,4,8,3,4,8,3,7,2,3,5,2,4,1,2,0,1,2,1,0,1,2,0,0,0,3,0,2,0,0,2,2,2,1,1,7,0,5,1,3,0,0,0,0,1,3,1,3,1,1,-3,1,0,1,0,-1,0,-2,-1,-1,7,0,5,1,2,10,6,3,6,5,4,2,4,4,0,1,1,1,1,0,1,2,0,0,2,2,4,1,1,5,5,2,4,1,0,1,1,5,2,1,2,2,0,1,-1,-1,-3,-1,0,4,5,1,3
2582,40,1,09,4,7,6,7,6,6,5,4,4,1,2,4,3,1,5,1,3,3,6,1,3,3,1,1,0,3,2,2,3,1,1,0,0,0,0,0,0,1,0,0,-2,2,2,3,5,-1,1,2,0,5,-2,1,1,3,0,1,0,-1,0,0,6,9,2,1,8,2,2,2,3,4,2,5,1,1,5,4,3,1,0,3,1,0,1,3,3,0,1,1,0,1,0,1,0,0,0,1,1,0,0,0,4,7,0,-2,4,1,5,0,-2,2,4,2,0,0,2,-1,0,0,0,0,5,3,6,4,1,0,4,4,4,3,3,1,4,3,0,2,2,2,1,0,0,2,1,2,3,0,2,2,2,0,0,0,0,0,1,0,0,1,0,0,5,-1,2,0,-2,3,-1,3,1,-3,2,0,0,-1,0,0,0,-1,0,1,7,6,1,5,2,7,3,3,7,3,1,1,0,3,0,4,2,2,2,2,0,5,1,1,0,0,0,0,0,0,0,0,5,-1,-2,2,5,1,-1,-1,0,-2,-1,3,0,0,0,0
2582,40,1,11,8,5,2,2,5,5,1,0,3,2,0,0,1,0,2,0,0,0,0,0,2,0,0,0,0,3,1,0,3,2,8,5,1,2,3,0,0,0,0,0,3,4,2,-1,3,-2,0,1,0,2,-3,-1,0,-3,-2,8,5,1,2,3,2,3,6,12,13,2,0,6,8,6,1,1,3,3,1,1,1,0,1,2,0,0,0,1,2,1,0,6,6,4,0,1,3,8,10,1,0,0,1,0,0,3,0,4,7,1,1,3,2,-1,0,1,-6,-5,-2,-1,1,3,7,10,5,3,2,4,7,3,4,5,7,5,1,1,0,0,0,0,1,0,1,1,1,1,3,3,0,2,3,2,4,5,4,1,2,3,6,0,0,0,0,0,2,-1,-3,-3,2,0,0,-3,-3,0,-2,-2,-2,-3,-4,4,1,2,3,6,3,4,4,10,5,2,3,4,1,0,1,1,0,1,1,2,2,0,1,2,2,2,1,1,2,3,2,7,1,0,1,1,-2,2,1,6,-1,0,0,-1,-2,-1,0,1,1,3,1,6
2582,40,2,09,2,6,6,2,3,5,3,4,4,3,2,3,4,0,1,0,3,2,2,1,3,2,4,1,1,2,1,0,3,2,0,0,0,0,1,0,0,0,0,0,-3,3,2,-2,0,-1,1,0,-1,0,-2,2,2,-1,-1,0,0,0,0,1,3,5,4,9,1,4,1,3,5,5,2,3,2,3,0,1,2,2,5,1,3,1,1,2,4,1,0,2,3,1,0,0,0,1,0,0,0,0,0,0,-1,4,1,4,-4,-1,2,1,1,-4,0,2,0,2,0,0,0,0,1,0,2,2,2,8,5,0,1,3,4,3,2,2,1,5,4,0,0,0,3,1,0,1,3,2,1,0,0,0,2,2,0,0,1,0,0,0,0,0,0,0,2,1,-1,4,2,2,1,-2,3,3,0,0,0,1,-1,0,0,1,0,0,5,6,1,5,6,7,4,4,3,5,0,2,2,1,1,3,3,5,2,4,3,2,2,0,0,0,0,0,0,0,0,0,-1,-1,-3,1,0,0,-2,-2,-1,-1,-1,3,0,0,0,0
2582,40,2,11,4,2,4,2,5,2,3,3,2,1,0,0,1,1,0,0,0,1,0,0,1,2,2,0,0,1,1,1,1,1,4,2,2,1,5,0,0,0,1,0,2,-1,1,0,4,-1,-2,-1,1,0,-1,-1,0,-1,-1,4,2,2,0,5,5,9,3,5,5,6,8,3,4,2,0,0,0,0,0,1,1,0,0,0,1,1,0,1,1,4,4,3,3,1,4,8,3,5,5,1,3,0,0,0,-1,1,0,1,3,-1,-1,0,-1,-1,-3,-3,-3,-3,-1,3,5,3,5,5,4,3,4,3,3,1,8,3,3,1,2,2,2,1,2,0,0,1,1,1,0,3,0,0,1,1,3,3,2,0,2,1,1,1,0,0,2,0,1,0,3,-5,1,0,2,2,-1,2,1,1,-1,-3,-2,-1,1,2,-1,1,0,0,1,3,1,4,2,2,3,3,0,1,0,0,0,1,0,0,1,2,1,1,1,0,1,1,1,1,1,4,0,0,1,1,-1,1,-2,1,-1,-1,-1,-1,-1,1,-1,-1,1,1,0,3
2582,41,1,09,4,10,5,4,2,4,3,9,2,3,2,7,2,3,1,2,2,3,1,1,2,2,4,2,0,1,1,4,0,3,0,1,0,0,0,1,0,1,0,0,0,7,-4,2,-1,0,5,-2,1,1,1,1,-1,1,-2,-1,1,-1,0,0,1,3,1,1,3,2,4,5,1,3,1,0,1,1,1,0,2,0,0,2,2,2,2,1,2,0,2,3,0,0,0,1,0,0,0,0,0,0,0,1,-1,-1,-4,0,0,-1,-2,-1,0,-1,0,0,-3,0,2,0,1,0,0,-1,4,6,6,3,6,2,4,3,6,1,3,3,3,1,6,1,3,3,2,0,1,2,3,4,1,1,2,0,2,0,0,0,0,0,0,0,0,0,0,0,2,2,3,-3,5,2,1,0,-3,5,0,1,3,0,0,0,0,0,0,0,5,4,4,1,2,7,3,2,4,4,3,1,1,0,1,0,1,4,2,1,0,3,1,1,0,0,0,0,1,0,0,0,3,-3,1,-1,3,0,1,0,1,-3,0,-1,-1,0,0,0
2582,41,1,11,5,4,2,1,4,3,5,3,4,1,1,0,0,1,2,1,0,0,0,0,0,0,0,2,1,3,5,3,2,0,3,4,2,0,2,0,0,0,0,0,2,-1,-1,-3,3,1,0,0,-1,1,-2,-5,-3,-2,0,3,4,2,0,2,6,4,3,5,12,4,3,1,3,13,0,1,0,0,1,0,0,0,0,0,0,2,0,1,4,4,1,1,2,8,6,3,3,5,11,0,0,0,0,1,2,1,2,2,-1,0,-1,0,-1,-3,-4,-1,-1,-2,-8,6,3,3,5,10,10,7,5,3,2,11,8,4,0,3,0,1,2,1,0,2,4,1,0,1,2,3,1,0,2,9,4,3,0,1,8,2,2,2,1,0,1,0,0,0,-1,-1,1,3,-1,-2,-2,1,1,-2,-7,0,-2,0,0,8,1,2,2,1,1,4,4,8,2,3,5,5,0,0,0,2,1,2,1,2,0,1,1,1,2,2,4,4,0,2,3,4,0,0,0,0,-1,1,-1,3,0,-1,-1,1,-1,0,-3,-2,0,2,3,4
2582,41,2,09,4,2,3,3,3,8,3,4,5,2,1,1,3,3,2,3,1,0,0,1,5,3,1,4,2,3,0,3,1,0,0,0,0,0,0,0,0,0,0,0,-4,-1,-1,-2,1,-4,-2,2,-1,0,0,1,-3,-1,1,0,0,0,0,0,4,4,3,1,1,4,8,3,1,2,3,2,1,1,1,1,2,2,0,0,3,7,2,0,0,1,1,1,0,2,0,0,0,0,0,0,0,0,1,0,0,-4,0,0,-1,0,-5,-1,1,1,0,1,1,0,-2,0,0,0,-1,0,2,1,2,3,8,2,2,3,1,8,2,1,0,2,5,0,0,1,1,3,1,1,2,0,4,1,0,1,1,4,0,0,1,0,0,0,1,0,0,0,0,-1,-1,2,0,1,0,-2,2,1,-1,0,0,0,-1,0,-1,1,0,0,5,3,2,4,5,5,4,2,3,1,2,3,2,2,0,1,3,2,1,1,2,3,3,1,0,0,0,0,0,0,0,0,0,-2,-2,2,0,-1,1,2,0,-1,-3,0,0,0,0,0
2582,41,2,11,3,1,5,2,10,2,1,2,4,4,0,0,0,1,1,0,0,2,0,2,0,0,1,2,1,2,0,1,1,3,3,1,3,1,7,0,1,0,1,0,1,0,3,-2,6,0,0,-1,-1,0,-2,0,1,-1,-1,3,0,3,0,7,4,3,10,7,6,2,3,10,5,4,0,0,0,1,0,0,0,0,0,1,0,1,0,1,0,2,2,9,4,4,4,3,10,6,5,0,0,1,0,0,2,0,0,2,2,0,-1,0,0,0,-2,-2,-9,-4,-3,4,3,9,6,5,7,6,5,5,3,6,6,4,0,5,1,0,2,3,0,0,1,0,1,1,2,4,0,0,2,3,2,3,0,3,6,5,3,1,2,1,0,1,0,0,1,0,1,5,-2,-1,-4,2,3,-2,-3,-1,-3,1,-2,5,5,2,1,2,4,1,3,5,3,3,5,2,0,0,1,0,0,0,0,0,1,1,2,1,2,2,2,1,4,1,2,5,0,0,1,0,1,-2,-2,3,-1,-1,-1,-1,-2,-2,-2,-1,4,1,1,5
2582,42,1,09,7,4,5,4,7,4,4,4,7,3,4,2,2,3,3,3,2,3,1,2,2,3,2,3,1,2,0,2,4,1,0,0,0,0,2,0,1,0,0,1,3,0,1,-3,4,2,-1,0,0,2,1,2,1,-3,1,0,-1,0,0,1,5,1,8,2,3,4,1,6,6,2,1,0,6,1,1,3,1,2,1,2,2,0,0,6,2,2,1,6,0,0,1,0,0,0,0,0,0,0,0,0,1,0,2,-4,1,-1,0,6,-5,-1,1,0,-4,1,2,1,0,0,0,0,5,5,3,1,2,1,2,4,3,2,4,1,1,0,1,0,3,2,1,1,1,0,3,3,2,0,2,1,0,0,1,1,0,0,0,0,0,0,0,0,4,3,-1,-2,0,3,1,-2,-3,-1,0,1,1,1,1,1,1,0,0,0,5,2,6,4,6,5,2,3,2,2,2,2,3,0,4,2,5,3,1,1,1,2,1,2,0,0,0,0,0,0,0,0,-1,-3,4,1,-3,-1,1,1,2,-2,3,0,0,0,0,0
2582,42,1,11,6,4,3,1,1,5,1,4,0,2,0,1,0,0,0,1,2,0,0,1,1,0,1,0,1,4,0,3,0,1,5,1,3,1,0,0,1,0,0,0,1,3,-1,1,-1,-1,1,-1,0,-1,-3,2,-3,0,0,5,0,3,1,0,3,5,5,8,7,3,2,4,10,5,0,1,0,1,0,0,0,1,0,2,2,0,0,0,0,1,2,2,10,5,3,4,4,7,5,0,0,2,0,0,0,3,1,-2,2,-2,1,0,1,0,-1,-2,-1,-10,-3,3,4,2,7,5,5,6,5,1,1,10,7,4,1,2,0,2,2,0,1,0,0,1,0,0,3,2,3,0,1,6,4,1,1,1,5,4,2,1,0,1,1,0,0,0,-5,-1,1,0,-1,-3,0,-1,0,0,-6,-4,0,-1,-1,4,3,2,1,0,2,6,3,6,2,2,4,2,0,1,1,0,0,2,1,2,0,0,1,0,2,2,3,1,2,3,1,4,0,0,0,1,0,4,-1,4,0,1,0,0,-2,0,-2,1,2,3,1,3
2582,42,2,09,3,4,5,3,4,1,3,3,4,5,3,4,3,2,2,0,0,1,1,1,1,3,2,2,1,0,0,1,2,4,0,0,1,0,1,0,0,0,0,0,2,1,2,-1,-1,2,1,1,0,1,0,0,0,-1,-3,0,0,1,0,1,2,2,6,0,2,3,3,2,1,2,0,1,3,0,2,2,1,3,0,0,2,3,1,1,1,1,0,1,0,1,0,0,0,0,0,0,0,0,0,0,-1,-1,4,-1,0,-2,-2,2,-1,1,1,1,2,0,-1,0,0,0,0,0,5,3,3,2,0,2,4,4,0,0,3,2,1,1,0,2,0,2,1,0,1,2,2,0,0,1,2,2,0,0,0,1,0,0,0,0,0,0,0,0,3,-1,-1,2,0,2,0,-1,1,0,1,-2,0,1,0,0,1,0,0,0,2,5,6,3,2,2,2,4,1,4,4,1,1,1,2,2,1,2,1,3,1,0,1,1,0,0,0,0,0,0,0,0,0,3,4,-1,0,2,3,-2,0,1,1,1,0,0,0,0
2582,42,2,11,4,4,7,3,1,1,3,6,6,0,1,2,0,0,1,0,1,1,0,0,0,1,3,1,0,1,2,3,5,0,3,1,6,3,0,0,0,0,0,0,3,1,1,-3,1,1,1,-3,-1,1,-1,-1,-2,-5,0,3,1,6,3,0,4,5,4,3,3,6,7,3,3,3,0,0,0,1,0,1,0,1,0,0,0,1,1,0,1,6,6,2,3,2,3,5,3,2,3,0,0,0,0,0,-2,-2,1,0,0,0,-1,-1,1,-1,-5,-6,-1,-3,-2,3,5,3,2,3,7,6,3,2,5,6,3,3,3,1,0,0,0,2,1,0,2,1,0,1,0,0,1,0,0,5,3,2,3,1,7,4,2,0,3,1,0,0,0,0,1,3,0,-1,4,0,0,-1,2,1,-5,-1,-1,-3,0,6,4,2,0,3,1,1,0,6,3,5,1,3,0,0,0,0,0,0,0,1,1,2,0,1,2,3,1,1,1,1,0,5,0,0,0,1,-2,-4,-1,3,-1,-2,0,-1,-2,-3,-1,0,1,1,0,4
2582,43,1,09,4,4,4,0,0,7,3,6,2,4,2,4,0,0,0,1,0,3,0,0,2,3,5,1,1,5,0,1,0,3,1,0,1,0,0,0,0,0,1,0,-3,1,-2,-2,-4,0,1,-5,-1,-1,-4,0,2,0,-3,1,0,1,-1,0,1,4,2,1,3,5,4,5,2,2,1,2,0,1,0,0,2,2,0,3,4,2,2,1,1,1,2,3,0,0,0,0,0,0,0,0,0,0,1,1,-4,0,-3,-1,1,-3,0,-2,0,-1,-1,0,-1,0,3,0,0,0,-1,-1,2,0,0,3,5,2,2,5,6,3,2,0,0,2,3,0,0,0,1,2,1,2,1,3,2,1,0,4,3,0,0,0,0,0,0,0,0,0,0,1,0,-2,-5,-3,2,1,-2,-1,-1,1,-1,0,-4,-2,2,0,0,0,0,-1,8,3,3,1,2,2,4,0,7,1,1,0,1,2,2,1,0,0,3,0,2,2,1,0,0,0,0,0,0,0,0,0,6,1,-1,1,7,1,-2,0,-1,0,1,1,0,0,0,0
2582,43,1,11,4,7,3,1,3,2,4,3,0,0,0,1,0,1,0,1,1,0,0,1,0,0,0,0,0,2,4,3,0,0,3,5,3,0,2,0,0,0,0,0,2,3,0,1,3,0,1,0,1,0,-1,-3,-3,0,1,3,5,3,0,2,3,3,6,8,10,3,3,7,7,4,0,0,1,2,1,0,1,0,0,0,0,1,1,2,1,3,2,6,5,3,3,2,5,6,9,0,0,0,0,0,0,0,-1,1,6,0,-1,0,0,0,-3,-1,-6,-5,-3,3,2,5,6,9,3,3,6,2,1,1,4,5,3,2,1,0,1,2,1,0,1,1,0,0,1,0,2,3,0,0,4,3,0,1,2,2,4,0,0,0,0,0,0,1,2,-1,1,-1,-1,0,0,-1,-1,1,0,-3,-2,0,-1,2,2,4,0,-1,3,3,8,6,2,1,6,1,0,1,3,3,1,1,1,0,1,0,3,1,1,1,3,0,2,1,4,3,0,0,0,0,1,2,2,5,-1,1,0,2,0,0,-2,0,2,1,4,3
2582,43,2,09,2,2,5,3,6,4,4,4,6,1,1,1,2,1,3,0,1,3,2,3,2,2,2,3,1,2,2,2,3,0,1,0,0,0,0,0,0,0,0,0,-2,-2,1,-3,5,-1,-1,0,-2,2,-2,-1,1,-1,3,1,0,0,0,0,3,4,3,3,1,4,5,8,2,1,1,3,3,2,1,2,1,0,1,0,3,4,6,2,0,1,1,2,0,1,0,0,0,0,0,0,0,0,0,0,-1,-1,-5,1,0,-2,-1,-3,0,1,1,0,-2,1,-1,0,0,0,0,0,1,3,1,4,1,1,2,2,3,0,1,0,1,2,1,0,3,0,1,0,0,0,0,2,0,1,1,2,1,0,0,0,0,1,0,0,1,0,0,0,0,1,-1,1,1,1,0,1,0,1,-1,2,-2,0,0,0,-1,0,1,0,3,2,2,1,0,8,3,5,2,1,1,1,1,1,1,0,0,6,1,4,0,2,2,1,0,0,0,0,0,0,0,0,3,-6,-1,-4,2,-5,0,-3,1,-1,-1,-1,0,0,0,0
2582,43,2,11,1,3,1,4,8,1,1,4,3,2,0,0,0,1,3,0,0,0,0,0,0,0,0,0,0,1,1,4,3,2,1,3,1,3,5,0,0,0,0,0,0,2,-3,1,6,0,0,0,1,3,-1,-1,-4,-3,-2,1,3,1,3,5,2,4,7,2,8,1,1,3,1,9,0,0,3,0,1,0,1,0,1,2,1,0,0,0,1,0,1,3,1,6,2,3,4,1,5,0,0,0,0,2,1,3,4,1,-1,-1,0,3,0,0,0,0,-3,0,-4,2,3,4,1,3,2,2,3,4,2,2,2,4,0,3,0,1,0,0,0,1,0,1,1,0,0,0,0,0,0,2,1,3,0,2,1,1,2,3,2,0,1,1,0,1,0,0,-1,4,-1,0,1,0,0,0,-1,-1,-2,1,-2,1,0,1,3,1,2,2,6,9,3,1,3,3,0,0,1,1,0,0,1,1,0,0,0,1,3,1,2,1,2,2,4,7,0,0,1,1,-1,1,3,6,0,0,1,0,-3,-1,-1,0,2,2,3,6
2582,44,1,09,4,4,5,2,7,6,5,5,5,5,1,3,2,2,3,3,1,3,0,3,4,2,1,2,1,2,2,4,3,4,0,0,0,0,1,0,1,0,0,0,-2,-1,0,-3,2,-3,1,1,0,2,1,-1,-1,-3,-1,0,-1,0,0,1,7,3,5,1,1,4,0,5,2,1,3,2,4,1,0,4,1,1,0,1,4,0,3,1,1,0,0,2,1,0,0,0,0,0,0,0,0,0,0,0,3,3,0,-1,0,-1,2,1,0,-1,4,1,-1,-1,1,0,0,0,0,0,2,2,7,3,4,4,3,0,3,1,1,1,5,1,4,1,1,2,2,0,2,2,0,1,1,2,0,0,2,0,0,0,0,0,0,0,1,0,0,0,-2,-1,7,0,3,-1,-1,5,0,3,-1,1,2,0,0,0,-1,0,0,0,1,1,5,3,6,3,2,4,1,0,3,2,0,1,2,1,2,2,0,4,4,1,2,0,0,0,0,0,0,0,0,0,-5,-2,3,-1,-1,-2,3,-2,-4,0,0,1,0,0,0,0
2582,44,1,11,0,8,3,1,3,0,4,0,2,1,0,1,0,1,0,0,0,0,0,2,0,0,0,1,0,0,4,0,1,1,0,7,3,0,1,0,0,0,0,0,0,4,3,-1,2,0,1,0,0,0,0,-4,0,-1,1,0,7,3,0,1,3,3,7,5,2,3,3,1,4,9,1,0,1,0,1,0,1,2,0,0,1,0,0,0,3,1,3,1,4,6,2,2,4,5,1,1,0,0,0,0,0,0,6,1,-7,0,0,1,0,-2,-1,-2,1,-4,-6,1,2,4,5,1,4,2,2,3,2,8,4,2,3,3,1,0,0,0,0,0,0,1,1,1,2,1,0,0,2,5,2,2,3,1,3,2,1,2,1,1,1,0,0,0,-4,-2,0,0,-1,-1,-1,0,0,-2,-5,-2,-1,-2,0,2,1,1,2,1,2,2,5,12,3,3,3,3,0,1,1,3,0,0,1,0,1,3,0,1,1,0,2,1,2,1,3,9,1,0,1,1,-1,-1,2,9,-1,-2,1,2,-1,0,-1,-1,1,1,2,8
2582,44,2,09,2,2,3,2,3,2,3,1,2,0,1,0,1,2,3,1,2,2,0,0,2,0,0,1,0,0,2,1,1,0,0,0,0,0,0,0,1,0,0,0,0,-1,2,0,3,-1,0,1,1,3,1,0,1,-1,0,0,-1,0,0,0,3,5,3,0,5,4,2,3,4,6,1,4,3,0,5,1,1,0,0,0,4,2,2,2,4,0,0,1,2,2,1,0,0,0,0,0,0,0,0,0,-1,3,0,-4,-1,-3,2,1,-2,1,1,1,-1,-2,-2,1,0,0,0,0,4,3,4,3,3,3,0,0,0,4,2,1,4,2,2,2,1,0,1,1,2,0,0,0,1,1,0,0,0,3,0,1,0,0,0,0,0,0,0,0,1,3,4,3,-1,0,1,4,2,1,1,1,0,1,-2,0,1,0,0,0,1,0,6,0,3,3,5,3,1,0,2,0,0,0,4,0,2,2,2,2,1,1,3,1,0,0,0,0,0,0,0,0,-2,-3,1,-3,-1,-2,0,-2,-1,-1,1,-1,0,0,0,0
2582,44,2,11,2,1,1,0,1,0,2,4,0,0,0,0,0,0,0,1,0,0,0,0,0,0,2,0,0,0,2,2,0,0,1,1,1,0,1,0,0,0,0,0,2,-1,-3,0,1,0,0,-2,0,0,1,-2,-2,0,0,1,1,1,0,1,3,4,2,4,2,3,2,4,2,3,0,1,0,0,0,0,0,0,0,0,1,1,1,0,0,2,1,3,1,3,3,3,2,4,2,0,0,0,1,0,0,2,-2,2,-1,-1,0,-1,0,0,-2,-1,-3,-1,-3,3,3,2,3,2,3,8,2,1,1,1,3,3,1,1,0,1,0,0,1,0,1,0,0,0,0,0,2,1,0,1,3,1,0,1,3,6,2,1,0,0,0,0,0,0,2,5,-1,0,0,0,1,-2,-1,1,-1,-2,-1,0,-1,3,6,2,1,0,7,2,3,12,5,3,1,4,0,0,0,1,4,0,1,0,1,0,0,0,3,2,1,4,3,2,2,11,1,1,0,0,2,-1,2,8,-1,0,0,1,1,-2,0,-4,2,1,2,11
2582,45,1,09,6,0,5,1,4,8,3,3,5,5,4,0,1,0,4,2,0,4,1,0,4,2,3,3,3,4,1,0,2,1,0,0,0,0,0,0,0,0,0,1,-2,-3,2,-4,-1,0,-2,-2,-3,1,-2,-1,4,-1,-1,0,0,0,0,-1,4,3,7,4,2,2,3,5,5,2,2,2,4,3,1,2,1,2,1,1,1,2,4,2,1,1,1,0,3,1,0,0,1,0,0,0,0,1,0,0,2,0,2,-1,0,1,0,0,1,0,1,0,2,-2,0,0,0,0,0,0,5,4,2,1,2,2,3,2,3,2,3,4,1,0,2,2,0,0,1,0,1,1,2,2,1,1,2,0,1,1,0,0,1,0,0,0,0,0,0,0,3,1,0,-2,0,2,3,-1,-2,1,1,-2,0,0,-1,0,0,1,0,0,5,1,1,0,2,4,3,1,1,0,1,0,4,1,0,0,1,4,1,0,1,0,2,1,0,0,0,0,0,0,0,0,3,-3,-2,-1,0,-4,0,0,3,1,-2,-1,0,0,0,0
2582,45,1,11,3,3,2,1,6,1,2,6,6,4,0,0,0,0,1,1,0,0,0,1,0,0,1,1,0,1,1,5,2,3,2,3,2,1,4,0,1,0,3,1,2,1,-4,-5,2,0,0,-1,-1,1,0,-1,-5,-2,-2,2,2,2,-2,3,3,0,3,2,4,4,2,2,3,7,0,0,0,0,1,0,0,3,0,1,1,1,0,1,0,3,1,2,2,7,3,0,0,2,2,0,0,0,0,0,-1,-2,1,-1,-3,-1,-1,0,-1,1,-3,-1,1,-2,-6,3,0,0,2,2,4,4,7,1,2,3,0,7,2,2,1,0,2,0,1,0,1,0,0,0,1,0,3,1,1,2,0,4,0,0,3,3,5,1,1,0,0,0,1,1,1,4,0,-1,0,0,0,-1,-1,0,-2,1,-4,0,0,3,3,5,0,0,4,3,2,8,2,3,3,3,2,0,0,1,0,0,0,2,0,0,0,0,2,3,2,2,2,3,2,5,0,0,1,1,2,0,-1,5,2,0,0,1,-2,-3,-2,0,2,3,1,4
2582,45,2,09,3,5,3,0,2,9,6,0,3,5,2,2,2,0,1,1,2,1,0,1,7,3,0,2,4,2,3,0,1,1,0,1,0,0,0,0,0,0,0,0,-6,-1,3,-3,-3,-5,-1,2,-2,-3,-1,-1,1,-1,0,0,1,0,0,0,4,3,3,5,7,6,7,3,5,4,2,2,2,5,3,2,1,1,0,3,4,6,2,3,2,1,1,1,1,1,0,0,0,0,1,1,0,0,1,1,-2,-4,0,0,3,-2,-4,0,2,1,1,0,0,-1,2,-1,0,0,-1,0,4,3,5,2,2,2,2,5,2,0,2,2,3,0,1,2,1,2,2,1,1,1,4,0,0,1,1,0,2,0,0,0,0,0,0,0,0,1,0,0,2,1,0,0,2,1,1,-1,0,1,1,0,2,0,1,0,0,-1,0,0,1,5,2,3,0,0,1,5,1,4,2,1,0,1,0,2,0,0,1,2,0,0,0,2,0,0,0,0,0,0,0,1,1,5,1,-2,1,4,1,-1,0,1,0,0,0,0,0,-1
2582,45,2,11,2,2,3,1,2,1,2,1,0,2,0,0,0,1,0,0,0,1,0,0,1,0,0,0,1,0,2,1,0,1,2,2,2,0,2,0,0,0,0,0,1,0,2,1,0,-1,0,0,1,-1,0,-2,0,0,-1,2,2,2,0,2,1,3,4,3,3,2,0,2,2,3,0,1,1,2,0,1,0,1,0,1,0,0,1,1,1,1,0,1,1,2,0,2,2,1,2,1,0,0,0,0,-1,3,2,1,0,0,1,0,1,-1,0,0,0,-1,-1,-1,2,2,1,2,2,3,3,2,0,1,2,3,1,1,0,1,1,1,0,0,0,1,0,0,0,2,1,0,0,1,0,2,1,1,2,2,1,1,0,0,0,0,0,0,1,1,0,1,-1,0,-1,0,1,0,-1,0,-1,-1,-1,2,2,1,1,0,2,1,3,2,3,1,1,1,1,0,0,0,0,1,2,0,0,0,0,1,2,1,1,0,1,0,1,2,1,0,0,0,-1,0,2,1,1,0,0,-1,-2,0,1,0,0,0,1,2
2582,46,1,09,1,4,8,3,5,4,2,6,3,4,1,3,3,2,4,0,1,4,1,1,2,1,5,1,2,2,1,1,2,2,0,0,1,0,0,0,0,0,0,0,-3,2,2,0,1,-1,2,-2,1,2,-2,0,3,-1,-1,0,0,1,0,0,6,4,5,3,1,5,6,2,4,1,4,1,4,3,0,0,3,1,0,1,3,2,2,1,1,2,4,0,3,0,2,0,0,0,0,0,0,0,0,0,1,-2,3,-1,0,1,-1,2,2,-1,-2,-1,1,-3,1,2,0,0,0,0,0,2,2,9,1,2,2,2,2,2,0,0,1,5,1,0,1,1,4,0,1,1,2,2,1,1,1,0,0,1,0,1,0,0,0,0,0,0,0,0,-2,0,0,7,-1,-1,-1,-1,3,0,-1,0,1,4,-1,0,1,0,0,0,4,2,4,4,5,4,2,2,2,0,2,2,2,1,2,2,2,2,2,2,3,2,0,0,0,1,0,0,0,0,0,0,-1,-2,2,2,0,-2,0,0,-1,-1,2,2,0,1,0,0
2582,46,1,11,1,7,4,2,2,1,6,3,0,1,0,1,1,1,0,0,0,1,1,0,1,1,1,0,0,0,4,2,0,1,1,6,2,0,2,0,1,0,0,0,0,1,1,2,1,-1,0,0,1,0,0,-4,-1,1,-1,1,5,2,0,2,1,5,1,4,4,2,2,1,6,4,0,0,0,0,0,0,1,0,0,1,1,1,0,3,0,1,1,1,3,4,1,4,1,4,3,0,0,0,0,0,-1,3,0,-2,0,-1,-1,0,-3,0,-1,0,-1,-3,-3,1,4,1,4,3,2,7,1,2,0,3,7,3,1,0,0,2,0,1,0,0,0,1,0,0,1,4,1,1,0,2,3,2,0,0,2,5,0,1,0,0,0,0,0,0,-1,0,-2,1,0,-1,-2,-1,0,0,-2,-3,-1,0,0,2,5,0,1,0,5,3,1,14,4,5,0,3,1,1,0,0,3,1,1,2,1,4,0,0,3,1,0,3,1,1,0,12,0,0,0,0,1,-2,1,11,0,-3,0,0,0,0,1,-1,1,1,0,12
2582,46,2,09,3,1,3,2,2,7,1,5,1,2,2,1,1,1,1,1,0,1,1,1,5,0,5,0,2,2,1,0,1,0,0,0,1,0,0,0,0,0,0,0,-4,0,-2,1,0,-3,1,-4,1,-1,-1,-1,1,0,1,0,0,1,0,0,3,2,0,2,2,4,0,3,1,3,3,1,0,2,2,0,0,0,0,0,2,0,1,0,3,2,0,2,1,0,0,1,0,0,0,0,0,0,0,0,-1,2,-3,1,-1,1,1,-1,2,-1,-2,0,-2,-1,0,0,1,0,0,0,2,1,5,2,3,5,3,5,3,2,2,0,3,1,0,0,1,2,0,3,3,1,4,2,2,2,2,1,1,0,0,0,0,1,0,0,0,0,0,0,-3,-2,0,-1,1,-1,-1,-1,-1,-2,-2,-1,1,-1,3,0,0,0,1,0,1,1,0,0,2,1,2,4,0,0,0,0,1,1,0,0,2,1,1,3,0,0,1,1,0,0,0,0,0,0,0,0,-1,0,-2,-4,-2,-1,-1,-3,1,1,-1,-1,0,0,0,0
2582,46,2,11,2,2,3,0,1,4,3,1,0,2,0,0,0,0,0,0,0,0,0,0,4,1,0,0,1,0,1,1,0,1,2,2,3,0,1,0,1,0,0,0,-2,-1,2,0,-1,-4,-1,0,0,-1,0,-1,-1,0,-1,2,1,3,0,1,2,2,2,1,0,0,1,1,1,1,0,0,1,0,0,0,0,0,0,0,0,0,0,0,1,0,1,1,1,0,2,2,1,1,0,0,0,0,0,0,2,1,1,0,-1,0,0,1,0,-1,0,-1,-1,-1,0,2,2,1,1,0,4,1,1,1,3,2,1,2,1,1,0,1,1,0,0,0,0,0,0,3,0,0,0,0,1,2,1,2,1,0,4,0,0,1,0,0,0,0,0,0,2,0,-1,0,2,0,1,1,0,-1,-2,-1,-2,-1,3,4,0,0,1,0,6,0,4,2,1,1,1,4,4,0,3,0,1,0,1,0,1,0,1,0,0,1,0,4,1,0,0,2,0,0,0,0,5,-1,3,-2,3,0,2,0,1,-1,1,-4,1,0,0,2
2582,47,1,09,5,1,5,3,4,1,5,4,4,2,5,1,4,2,2,0,0,1,1,2,0,2,1,4,0,1,2,3,0,2,0,0,0,0,0,0,1,0,0,0,4,-4,1,-1,2,5,-1,3,-2,2,-1,-2,-2,1,0,0,-1,0,0,0,3,5,2,4,4,1,1,6,1,10,1,4,1,4,1,1,1,1,0,2,1,1,4,1,5,0,0,2,0,4,1,0,0,0,1,0,0,0,0,1,2,4,-4,3,-6,0,3,-3,3,-4,1,1,-1,0,-2,1,0,0,0,0,4,2,2,3,2,5,2,2,4,1,1,2,2,2,1,3,0,0,1,1,4,2,0,4,0,1,0,2,0,1,0,0,0,0,0,0,0,0,0,0,-1,0,0,-1,1,-3,0,2,-2,1,2,0,-2,1,0,0,0,0,0,0,4,3,2,0,3,5,6,1,1,1,0,0,3,2,2,0,0,2,6,0,3,2,0,1,0,0,0,0,0,1,0,0,1,-2,-4,-1,1,-1,-6,0,0,0,2,-1,0,-1,0,0
2582,47,1,11,4,3,2,1,1,3,4,6,0,4,0,0,0,1,0,0,0,0,0,0,1,2,0,0,1,2,2,6,0,3,4,3,2,0,1,0,0,0,0,0,1,-1,-4,1,-3,-1,-2,0,1,-1,-2,-2,-6,0,-3,4,3,2,0,1,0,5,5,1,2,1,2,5,1,2,0,0,1,0,0,0,0,0,0,1,0,1,0,0,0,1,1,5,0,2,0,5,4,1,1,0,0,0,1,0,-1,3,0,0,0,0,-1,1,0,0,-1,-1,-5,0,-1,0,5,4,0,1,0,5,3,2,3,3,3,3,1,1,0,0,1,0,0,0,2,1,2,3,1,0,1,0,0,2,3,2,1,1,0,3,1,0,0,0,0,0,0,0,-3,2,0,1,2,-1,0,0,0,0,-2,-1,-1,1,2,0,3,1,0,0,2,3,2,8,0,2,3,3,1,0,0,1,1,2,1,0,0,1,0,1,0,1,2,2,0,1,1,7,0,0,1,0,2,1,-1,5,1,-1,0,0,1,1,-1,-2,0,1,0,7
2582,47,2,09,4,6,2,4,1,4,5,5,6,2,3,5,0,2,1,1,1,2,2,0,1,3,3,2,0,3,2,1,3,2,0,0,0,0,0,0,0,1,1,0,0,1,-3,-2,-1,2,2,-3,0,1,-2,-1,1,-1,-2,0,0,-1,-1,0,5,3,0,2,7,2,6,1,5,3,3,1,0,1,4,2,2,0,1,3,2,5,1,3,2,0,1,0,2,1,0,0,0,0,0,0,0,0,0,0,3,-3,-1,-3,4,1,-4,-1,-2,2,2,1,0,-1,2,0,0,0,0,0,8,3,2,2,5,4,1,3,0,5,8,2,2,1,5,0,1,0,1,0,4,0,1,0,4,0,1,2,0,0,0,0,0,0,0,0,0,0,0,1,4,2,-1,2,0,4,2,1,1,1,0,0,-2,1,0,0,0,0,0,-1,2,2,1,2,3,1,2,1,1,2,1,1,1,0,0,1,0,0,2,1,3,1,0,0,0,0,0,0,0,0,0,0,-1,1,-1,1,1,2,-1,0,-2,-1,0,1,0,0,0,0
2582,47,2,11,0,2,1,3,2,0,3,1,2,1,0,1,0,1,1,0,0,1,0,1,0,2,0,0,0,0,1,1,2,1,0,1,0,2,0,0,0,0,0,0,0,-1,0,1,1,0,-1,0,1,1,0,-1,0,-2,0,0,1,0,2,0,2,1,2,1,2,4,1,1,2,0,2,0,1,0,0,0,0,0,0,0,3,0,0,1,0,1,1,1,1,0,0,1,1,1,2,0,0,0,0,0,-2,0,1,-1,2,-1,0,1,-1,0,-1,-1,-1,-1,0,0,1,1,1,2,2,1,0,3,1,1,0,0,2,1,0,0,0,1,0,1,0,0,1,1,0,0,0,1,1,0,0,0,1,0,1,1,0,1,0,1,0,0,0,0,1,1,0,1,0,0,0,0,0,-1,1,0,0,0,1,0,1,0,1,0,3,2,2,7,1,1,1,2,0,0,1,0,0,0,0,1,1,0,0,0,0,1,1,1,3,2,1,6,0,0,0,1,2,1,1,5,-1,0,1,0,0,-1,-1,0,3,2,1,5
2582,48,1,09,4,2,0,5,3,6,3,0,3,4,3,2,0,4,3,1,0,0,1,0,4,1,0,2,4,2,2,0,1,0,0,0,0,0,0,0,0,0,0,0,-2,-1,0,2,-1,-1,1,0,2,-1,-1,-2,0,0,0,0,0,0,0,0,3,1,2,3,3,4,8,2,5,8,2,0,2,3,2,0,1,0,0,1,4,6,2,2,6,0,2,0,3,2,1,0,0,0,0,0,0,0,0,0,-1,-7,0,-2,-5,-2,-6,0,1,-4,0,-1,0,-3,-1,1,0,0,0,0,2,2,5,3,3,2,3,1,0,2,1,0,3,2,2,1,1,2,1,1,1,1,1,0,1,1,1,0,0,1,0,1,0,0,0,0,1,0,0,0,0,-1,4,3,1,0,-1,2,2,1,0,0,2,1,0,0,0,0,0,0,2,3,2,3,1,5,4,4,1,2,1,1,1,1,1,2,1,2,3,2,0,3,1,2,0,0,0,0,0,0,0,0,1,-2,-2,-1,0,0,-2,-1,1,-2,0,0,0,0,0,0
2582,48,1,11,0,3,3,2,0,0,3,2,0,3,0,0,2,0,0,0,0,0,1,0,0,1,0,0,1,0,2,2,0,0,0,3,1,1,0,0,0,0,0,2,0,0,1,2,-3,0,-1,2,0,-1,0,-2,-2,1,0,0,3,1,1,-2,3,4,4,1,6,2,1,2,5,4,1,0,0,1,1,0,0,0,0,0,2,1,1,2,1,0,0,1,3,3,2,4,4,0,5,0,0,0,0,0,1,3,2,-4,2,-1,-1,-1,-1,0,0,0,-1,-3,-3,2,4,4,0,5,1,1,4,0,4,1,0,5,0,1,0,0,1,0,0,0,0,0,0,1,0,0,1,0,0,1,0,4,0,1,1,1,3,0,3,0,0,0,0,0,0,1,-1,0,3,0,0,0,0,0,-1,0,-4,0,0,1,1,3,0,3,3,0,1,7,1,2,5,1,1,0,0,2,0,0,0,0,1,1,1,0,0,1,3,0,2,0,1,5,0,0,1,1,2,-2,-4,6,0,-1,-1,2,0,-1,-3,0,2,0,0,4
2582,48,2,09,0,6,5,6,4,5,9,6,2,5,0,3,4,5,3,0,3,1,1,0,3,4,4,1,3,2,5,2,1,2,0,0,0,0,1,0,0,0,0,0,-5,-3,-1,4,-1,-3,-1,0,4,0,-2,-2,-1,0,-2,0,0,0,0,1,4,8,5,2,3,3,9,5,2,4,4,5,3,2,2,0,3,2,0,1,2,7,2,2,3,1,2,3,0,1,0,0,0,0,0,0,0,0,0,0,1,-1,0,0,-1,2,-2,1,0,-1,-1,1,-1,0,0,0,0,0,0,0,2,5,4,5,1,3,6,4,3,1,2,3,3,2,1,0,2,1,3,0,3,5,4,2,0,0,1,0,1,1,0,0,0,0,0,0,0,0,0,0,-1,-1,0,2,0,-1,-2,-1,0,1,0,1,1,2,-1,0,0,0,0,0,2,3,2,1,1,6,5,2,1,1,1,0,0,2,1,1,1,2,4,1,0,4,1,1,1,0,0,0,0,0,0,0,1,-3,-3,-1,0,-1,-3,-1,0,-2,0,0,1,0,0,0
2582,48,2,11,2,1,2,5,1,2,1,3,4,0,0,1,0,1,0,1,0,0,3,0,1,0,1,2,0,1,1,2,2,0,1,0,2,1,1,0,0,0,0,0,0,0,-1,1,1,-1,1,-1,-1,0,0,-1,-2,1,0,1,0,2,1,1,0,0,3,0,4,3,2,3,0,5,0,0,2,0,1,0,0,1,0,0,0,2,0,0,2,0,0,2,0,3,0,0,0,0,3,3,0,1,0,0,-3,-2,0,0,-1,0,-2,2,0,-1,0,0,-1,0,-3,-3,0,-1,0,3,2,5,2,2,1,1,4,0,2,2,1,0,0,0,0,0,1,0,0,1,0,0,0,1,1,1,3,0,1,0,1,4,2,2,0,0,1,0,0,1,1,1,2,0,-1,1,0,0,-1,-1,-1,-2,0,-1,1,1,3,2,2,-1,3,1,3,8,1,0,2,4,2,0,0,0,0,1,0,1,0,0,1,1,0,0,1,3,1,0,3,7,1,0,0,0,2,1,1,4,2,0,-1,-1,0,1,-1,-2,0,0,3,7
2582,49,1,09,3,3,0,4,4,4,2,1,5,3,2,2,0,4,1,1,1,0,0,3,2,1,1,3,1,2,1,0,2,2,0,0,0,0,0,0,0,0,0,0,-1,1,-1,-1,1,0,1,-1,1,0,-1,0,0,-2,1,0,0,0,0,0,1,4,1,5,6,3,4,5,5,6,1,2,1,4,2,0,2,0,1,4,3,4,4,3,1,0,0,1,2,5,0,0,0,0,0,0,0,0,0,0,-2,0,-4,0,0,-2,-2,-3,1,1,0,2,-1,-1,-1,0,0,0,0,0,7,3,0,3,3,4,4,5,2,4,3,3,0,0,2,4,0,0,3,1,3,3,4,1,3,1,1,1,1,1,0,0,0,0,0,0,0,0,0,0,3,-1,-5,1,-1,0,0,-4,-1,-1,3,-1,-1,2,0,0,0,0,0,0,1,0,2,4,2,2,0,8,1,0,1,3,0,0,1,1,0,1,0,7,2,1,0,0,0,0,0,0,0,0,0,1,-1,-2,2,-4,1,-1,1,-4,-2,-1,1,1,0,0,0,-1
2582,49,1,11,3,0,1,3,2,3,0,5,3,3,0,0,0,1,0,0,0,0,0,1,1,0,2,1,0,2,0,2,2,3,3,0,1,2,1,0,0,1,0,0,0,0,-4,0,-1,-1,0,-2,0,0,-2,0,-2,-2,-2,3,0,0,2,1,3,2,2,2,2,1,1,2,3,0,0,0,0,0,1,0,0,0,0,0,0,0,0,0,0,1,0,2,2,0,3,2,2,2,1,0,1,0,1,0,2,1,0,-1,2,0,0,0,0,1,-1,0,-2,-2,0,3,1,2,1,1,3,4,2,3,3,5,5,3,4,1,0,1,0,1,0,0,1,1,2,3,0,0,1,0,1,5,5,1,2,0,3,2,1,0,0,0,0,1,2,0,-2,-1,-1,-1,2,0,1,-1,1,-1,-5,-4,0,0,3,3,2,0,-2,0,2,4,4,4,4,3,2,2,0,1,2,1,1,0,2,1,1,3,0,1,3,0,2,1,1,3,0,2,0,0,0,0,-2,1,2,2,-1,-2,2,0,-2,0,0,0,1,3,0,2
2582,49,2,09,1,3,5,4,5,2,2,5,5,2,1,2,3,4,3,0,1,2,0,2,2,2,2,2,1,0,0,3,3,1,0,0,0,0,0,0,0,0,0,0,-1,1,0,-1,3,-1,0,1,2,2,0,1,-1,-3,1,0,0,0,0,0,3,4,4,4,0,2,7,6,5,3,2,1,3,4,0,1,3,1,0,0,1,7,3,3,2,1,0,3,2,1,0,0,0,0,0,0,0,0,0,0,1,-3,-2,-1,-3,1,-6,0,1,-2,0,3,-2,-2,-1,0,0,0,0,0,2,2,4,3,2,3,6,8,2,4,2,2,3,1,2,0,0,1,2,0,1,4,4,2,0,2,2,4,0,4,0,0,0,0,0,0,0,0,0,0,-1,-4,-4,1,-2,1,-2,-1,-1,2,-2,-2,-3,2,-4,0,0,0,0,0,3,0,3,2,2,1,5,5,2,0,1,2,1,0,2,0,2,0,4,2,0,1,1,3,0,0,0,0,0,0,0,0,1,-1,-2,-3,0,0,-3,0,1,-1,1,-3,0,0,0,0
2582,49,2,11,3,4,3,0,1,0,5,2,1,2,0,1,0,0,1,0,0,1,0,0,0,1,1,1,1,0,3,0,0,1,3,3,2,0,0,0,1,1,0,0,3,-1,1,-1,-1,0,0,-1,-1,0,0,-3,1,0,-1,3,2,1,0,0,1,4,3,1,1,2,1,0,2,1,0,1,1,0,1,0,0,0,0,0,2,0,0,0,0,0,1,0,2,1,1,3,2,1,0,0,0,0,0,0,-1,3,3,-1,0,-2,1,1,0,1,0,-1,0,-2,-1,1,3,2,1,0,2,0,1,1,1,1,0,2,1,1,0,0,1,0,0,0,0,0,0,0,0,0,0,1,0,1,0,2,0,0,2,0,0,1,1,0,0,0,0,1,1,0,-1,0,0,0,0,1,-1,0,-1,0,-2,0,0,2,0,0,1,0,4,3,3,1,2,2,6,0,2,0,0,0,0,1,0,0,1,0,0,0,1,2,6,0,2,2,3,1,0,0,0,0,2,1,-3,1,1,0,0,0,-1,-1,-6,0,2,2,3,1
2582,50,1,09,4,5,6,2,3,2,3,2,0,5,2,2,3,2,1,2,0,3,0,1,2,0,2,0,2,0,2,0,0,3,0,3,0,0,1,0,1,0,0,0,2,2,4,2,-2,0,2,1,2,-1,2,-2,3,0,-2,0,2,0,0,1,5,4,5,1,4,3,6,2,8,5,2,4,3,1,2,2,0,2,0,2,1,3,0,6,3,2,3,2,2,2,1,0,0,0,0,0,0,0,0,0,2,-2,3,-7,-1,1,1,3,-5,-1,0,-3,0,-2,0,1,0,0,0,0,6,2,1,4,2,1,3,2,0,2,2,0,0,2,1,4,2,1,2,1,0,1,1,0,1,1,2,1,0,1,0,0,0,0,0,0,0,0,0,0,5,-1,-1,4,0,2,-1,-1,2,0,3,0,0,2,0,0,0,0,0,0,4,5,3,3,4,1,4,1,3,0,0,3,1,5,3,0,1,0,3,0,2,0,1,1,0,0,0,0,1,1,0,0,0,4,-1,2,2,0,-3,3,-1,5,2,-1,-1,-1,0,0
2582,50,1,11,2,2,2,2,2,1,3,0,1,2,1,1,0,0,1,0,0,1,0,0,0,2,0,0,1,1,1,0,1,1,1,1,1,2,1,0,0,0,0,0,1,-1,2,1,0,1,-1,0,0,0,-1,-1,1,-1,-1,1,1,1,2,1,3,3,3,2,2,1,3,2,3,1,0,0,1,0,0,0,0,0,0,1,0,1,0,1,1,0,2,2,2,0,3,3,2,2,1,1,0,0,0,0,2,0,1,-1,1,0,-1,1,-1,-1,0,-2,-2,-2,1,2,3,2,2,1,2,2,1,0,2,3,3,0,0,3,0,0,0,0,0,0,1,0,0,1,1,1,0,0,0,2,1,0,0,3,2,1,1,0,1,0,1,0,0,0,-1,-1,1,0,-1,-1,-1,0,0,0,-2,0,0,0,-2,2,0,1,0,1,3,2,2,6,1,1,0,1,0,0,1,1,1,1,0,0,0,0,0,1,1,1,0,0,2,1,1,5,0,0,0,0,2,1,2,5,0,0,1,0,0,0,0,0,2,1,1,5
2582,50,2,09,1,1,4,2,2,5,3,3,3,3,1,1,3,2,1,0,0,1,0,1,5,2,3,2,1,0,1,0,1,2,0,0,0,0,0,0,0,0,0,0,-4,-2,1,-1,-1,-4,-1,0,0,0,0,-1,1,-1,-1,0,0,0,0,0,2,1,2,4,5,4,6,8,8,4,2,1,1,1,2,0,0,1,3,3,4,5,2,6,2,0,1,5,2,2,0,0,0,0,0,0,0,1,0,0,-2,-5,-6,-4,1,-2,-4,-1,-5,0,0,-1,-4,1,1,0,0,-1,0,0,7,4,5,4,2,3,4,2,5,0,6,1,5,4,1,1,3,0,0,1,0,4,1,4,0,2,0,1,1,0,0,0,0,0,0,1,0,0,0,0,4,0,3,-1,2,6,-3,4,0,1,-1,3,-1,-1,1,-1,0,0,0,0,3,8,1,2,3,2,1,3,2,3,0,2,0,5,1,0,2,0,1,2,1,2,0,1,1,0,0,0,0,0,0,0,0,6,0,-1,0,3,-1,0,-1,3,1,-1,1,0,0,0
2582,50,2,11,0,0,1,2,2,0,0,1,2,0,0,0,0,2,0,0,0,0,0,0,0,0,0,2,0,0,0,1,0,0,0,0,1,0,2,0,0,0,0,0,0,0,0,0,2,0,0,0,0,0,0,0,-1,0,0,0,0,1,0,2,3,3,2,1,1,0,2,1,1,1,1,1,1,0,0,0,0,0,0,0,0,0,0,0,1,0,2,1,1,0,2,2,1,1,1,0,0,0,0,0,3,1,1,0,0,1,1,1,0,-1,0,-2,-1,-1,0,2,2,1,1,1,2,3,3,1,0,1,4,1,1,2,1,1,2,0,0,0,0,0,1,0,0,2,1,0,1,1,2,0,0,1,1,2,1,0,0,0,0,0,1,0,1,-1,2,0,-2,1,-1,1,0,-1,-1,-2,0,1,-1,1,2,1,-1,0,1,0,2,5,1,4,1,2,1,0,0,0,0,0,0,1,0,2,0,0,1,2,1,2,0,0,2,4,0,0,0,0,0,-4,1,3,1,-2,0,0,-1,-2,-1,-1,0,0,2,4
2582,51,1,09,3,2,3,1,2,5,2,0,4,3,2,2,2,0,1,1,0,1,1,1,4,1,0,1,1,1,1,0,3,2,0,0,0,0,0,0,0,0,0,0,-2,0,3,-3,-1,-2,1,2,-1,0,0,-1,1,-2,-1,0,0,0,0,0,3,0,2,0,0,4,4,6,1,0,2,0,1,0,0,1,0,1,0,0,1,3,3,1,0,3,1,3,0,0,0,0,0,0,0,0,0,0,0,0,-1,-4,-4,-1,0,1,-3,-2,-1,0,-2,-1,-2,0,0,0,0,0,0,0,2,5,6,4,2,5,1,5,5,0,2,4,4,3,1,0,1,2,1,0,3,0,4,3,0,2,0,1,2,0,0,0,0,0,1,0,1,0,0,0,-3,4,1,-1,2,-1,4,0,0,1,-2,1,1,-1,0,0,-1,0,0,1,2,7,1,3,3,1,1,6,2,4,0,2,0,2,1,1,2,0,1,4,1,0,0,2,0,1,0,0,0,1,0,0,-1,6,0,-3,0,4,-1,-2,-1,2,1,-1,0,0,0,0
2582,51,1,11,1,1,0,2,1,0,0,1,2,1,0,0,0,1,0,0,0,0,0,0,0,0,0,0,0,0,0,0,2,1,1,1,0,1,1,0,0,1,0,0,1,1,-1,0,0,0,0,0,1,0,0,0,0,-2,-1,1,1,-1,1,1,1,0,3,5,4,0,3,2,2,1,0,0,0,0,0,0,0,2,0,1,0,0,0,0,1,0,3,1,2,0,1,0,1,5,3,0,0,1,0,0,1,-3,1,3,3,0,0,0,0,-1,0,-3,1,-2,1,1,0,0,5,3,0,2,2,1,3,2,2,1,2,3,0,0,0,0,0,0,2,0,0,3,0,1,1,0,0,1,1,0,2,0,0,0,2,1,0,1,0,0,0,3,-2,0,1,-1,0,0,-1,-1,0,0,-1,1,0,-2,3,-1,0,2,1,-3,0,0,3,4,0,2,3,3,0,0,2,0,0,0,0,1,0,0,1,0,0,2,2,2,0,0,1,3,0,0,0,1,0,-2,0,1,0,0,1,0,0,-2,-2,-1,0,0,1,2
2582,51,2,09,3,3,1,4,1,4,3,3,4,4,1,2,1,3,0,2,1,0,1,1,3,1,1,4,3,1,1,2,0,1,0,0,0,0,0,0,1,0,0,0,-1,0,-2,0,-3,-2,1,0,-1,-3,1,0,-2,1,0,0,-1,0,0,0,1,2,3,3,2,4,3,6,0,3,1,0,1,3,2,0,2,1,0,0,2,1,3,0,3,2,2,2,0,0,0,0,1,0,0,0,0,1,0,0,-3,-1,-3,3,-1,-1,-1,-2,3,-1,-2,0,-1,0,0,0,0,0,0,0,0,2,2,4,1,4,8,3,3,3,0,1,2,3,1,0,1,0,1,0,1,4,0,2,2,3,4,3,1,1,0,0,0,0,0,0,0,0,0,0,-4,-6,-1,1,-2,-1,-3,2,1,-1,-3,-3,-3,0,-1,0,0,0,0,0,3,1,1,1,2,1,2,2,2,1,1,0,1,0,0,1,0,1,1,2,2,0,1,0,0,0,0,0,0,0,0,0,1,0,-1,-1,2,0,0,-2,-1,0,-1,1,0,0,0,0
2582,51,2,11,2,3,1,0,1,1,2,1,0,0,0,0,0,0,1,0,0,0,0,0,0,0,0,0,0,1,2,0,0,0,2,3,1,0,0,0,0,1,0,0,1,1,0,0,1,0,0,0,0,1,-1,-2,0,0,0,2,3,0,0,0,2,0,5,0,1,2,3,4,2,3,0,0,1,0,0,0,0,1,0,0,0,0,0,1,0,2,2,4,1,3,2,0,3,0,1,0,1,0,0,0,0,-3,1,-2,-2,0,0,1,-1,0,-2,-2,-3,-1,-3,2,-1,3,0,1,1,4,0,3,1,1,2,2,3,0,1,0,0,1,0,0,2,0,0,1,0,2,1,1,0,1,0,1,2,0,0,2,0,2,0,0,0,0,0,0,0,2,-2,0,1,1,-2,-1,0,0,-1,2,-1,-2,1,0,2,0,2,0,1,4,3,4,1,1,1,0,0,0,0,0,0,2,2,2,0,1,0,0,1,0,1,0,1,2,1,2,0,0,0,0,0,3,2,4,0,-1,0,0,-1,2,1,2,1,2,1,2
2582,52,1,09,3,3,1,3,2,5,4,3,0,3,1,3,1,2,1,2,0,0,1,1,1,0,3,0,2,3,2,0,0,1,0,0,0,0,0,1,2,0,0,0,-2,-1,-2,3,-1,0,3,-2,2,-1,-1,-2,0,1,0,-1,-2,0,0,0,2,4,3,1,3,2,4,2,3,5,2,2,1,1,2,0,2,2,0,1,2,1,0,2,4,0,2,2,1,1,0,0,0,0,0,0,1,0,0,0,0,0,1,-2,-2,0,1,1,-1,-2,0,0,0,-1,0,0,-1,0,0,0,4,4,9,3,3,1,5,6,2,3,4,3,6,3,2,0,1,2,0,1,0,3,3,1,0,1,2,2,1,3,0,0,1,0,0,0,0,1,0,0,3,-1,3,1,0,4,0,3,2,2,-1,-1,0,-1,-2,0,0,0,0,0,4,4,6,4,3,2,2,5,2,2,5,4,2,2,1,0,2,0,2,3,1,2,0,1,0,0,0,0,0,0,0,1,1,2,4,-1,0,2,3,1,1,0,1,-1,0,0,0,-1
2582,52,1,11,1,0,1,0,0,2,0,2,0,0,0,0,1,0,0,0,0,0,0,0,1,0,0,0,0,1,0,2,0,0,1,0,0,0,0,0,0,0,0,0,-1,0,-1,0,0,-1,0,1,0,0,-1,0,-2,0,0,1,0,0,0,0,1,5,1,0,0,3,4,1,3,4,0,1,0,0,0,0,0,1,0,0,1,1,0,1,1,2,2,1,2,3,1,4,0,0,0,0,1,0,0,0,-2,1,0,-3,-4,-1,0,0,-1,-1,-2,-2,0,-2,-3,1,3,0,0,0,6,3,3,1,1,4,1,2,2,1,2,1,0,0,0,0,0,1,1,0,1,0,0,0,0,2,1,2,2,1,4,2,2,0,1,1,0,0,0,0,2,2,1,-1,0,1,1,0,0,0,-2,-1,-1,-1,-1,3,2,2,0,1,2,1,4,4,3,0,2,2,0,0,2,0,2,0,2,0,1,0,0,0,2,0,2,0,0,1,0,4,0,0,0,2,-1,1,2,2,-1,0,2,0,0,0,0,0,0,1,0,2
2582,52,2,09,1,2,4,1,1,4,3,1,2,2,1,2,4,1,1,0,0,0,0,0,2,2,0,2,1,2,1,1,0,1,0,0,0,0,0,0,0,0,0,0,-3,-1,3,-1,-1,-1,0,4,-1,0,-2,-1,-1,0,-1,0,0,0,0,0,3,4,3,1,7,4,4,2,1,2,1,4,3,1,4,2,0,0,0,3,2,4,1,1,1,2,0,1,0,0,0,0,0,0,0,0,0,0,0,1,-1,0,1,0,5,-1,0,2,0,3,0,0,-1,0,3,0,0,0,0,-1,3,7,2,1,3,4,4,2,4,4,3,5,2,1,2,0,1,0,0,1,2,2,1,1,3,2,2,1,3,1,0,1,0,0,0,0,0,0,0,0,-1,3,0,-3,-1,1,3,1,0,-1,-2,-1,-1,-3,0,0,1,0,0,0,5,4,3,3,1,3,4,3,4,1,2,2,1,2,1,1,0,2,1,1,1,1,3,2,0,1,0,0,0,0,0,0,4,1,-1,0,4,-1,1,1,0,1,-2,-1,0,1,0,0
2582,52,2,11,2,0,3,1,2,0,1,2,1,0,0,0,1,0,1,1,0,0,0,1,0,0,1,1,0,0,0,1,0,0,1,0,2,1,0,0,1,0,0,0,2,-1,1,0,2,0,0,0,-1,1,1,0,-1,0,1,1,-1,2,1,0,1,1,1,4,0,1,0,0,3,1,0,0,0,3,0,0,0,0,0,0,0,0,0,2,0,1,0,0,1,1,1,1,1,1,0,0,0,0,0,0,0,1,1,1,-1,0,0,0,1,0,-1,0,0,-1,-1,1,1,1,1,0,5,4,1,1,1,6,3,2,1,1,0,1,1,1,1,2,0,0,0,0,1,2,2,1,0,5,1,0,0,0,3,3,0,0,0,0,0,0,0,1,-1,1,-1,0,0,-1,-1,-1,0,1,-3,-1,0,0,0,3,3,0,0,-1,1,1,2,2,2,1,2,3,0,0,1,0,0,0,0,0,0,0,1,1,2,1,0,1,1,1,1,2,0,0,1,1,-1,0,0,-1,0,0,0,-1,-2,-1,0,-1,1,1,0,1
2582,53,1,09,2,5,3,3,3,2,5,2,4,1,1,5,1,3,3,1,0,2,0,0,2,3,1,2,1,0,2,1,2,0,0,0,0,0,0,0,0,0,0,0,0,0,1,-1,2,-1,2,0,1,2,1,-2,1,-2,0,0,0,0,0,0,2,1,2,6,3,2,4,2,4,1,1,1,1,2,2,1,0,1,4,1,0,2,1,3,0,2,1,1,1,1,0,0,0,0,0,0,1,0,0,0,0,-3,0,2,2,1,-1,0,-1,2,-1,-1,0,3,0,0,-1,0,0,0,3,2,4,4,3,4,1,3,5,2,2,2,3,2,2,1,0,1,2,1,2,0,1,4,1,1,1,2,1,0,0,0,0,0,0,1,0,0,0,1,-1,1,1,-1,1,0,2,2,-2,1,0,-1,-1,1,1,-1,0,0,0,-1,2,2,0,1,1,5,0,8,2,0,0,1,0,2,0,0,1,2,0,5,0,3,0,3,0,0,0,0,0,0,0,0,1,-3,0,-7,1,-2,0,-4,0,-1,0,-3,0,0,0,0
2582,53,1,11,3,0,1,1,2,2,1,0,0,2,0,0,0,1,0,0,0,0,0,0,0,0,0,0,0,2,1,0,0,2,3,0,1,0,2,0,0,0,0,0,1,-1,1,1,0,0,0,0,1,0,-2,-1,0,0,-2,3,0,1,0,2,0,0,2,2,2,0,0,1,1,3,0,0,0,0,0,0,0,0,2,0,0,0,0,0,1,0,0,1,1,1,0,0,2,0,2,0,0,0,0,1,0,0,1,1,-1,0,0,0,0,-1,0,0,-1,1,-1,0,0,2,0,1,0,1,3,3,2,0,3,2,1,1,0,0,0,1,0,0,0,2,0,0,0,1,1,0,0,0,2,1,1,1,0,1,1,2,2,0,0,0,0,0,0,-2,1,2,1,0,-1,-1,1,0,0,-2,1,-1,-1,0,1,1,2,2,1,2,2,9,0,0,1,3,0,0,1,1,0,2,0,1,0,0,0,1,0,0,0,1,1,0,1,7,0,0,1,1,1,2,1,6,0,0,1,0,0,2,0,0,1,0,0,6
2582,53,2,09,4,2,1,3,1,0,5,2,3,1,3,1,0,3,1,1,1,1,0,0,0,0,1,2,0,0,5,1,1,1,0,0,0,0,0,0,0,0,0,0,4,-3,-1,0,0,3,1,-1,1,1,1,-4,0,-1,-1,0,0,0,0,0,3,5,2,1,2,4,3,2,1,4,2,4,2,0,1,0,1,0,1,1,4,3,1,0,2,0,0,1,1,2,1,0,0,0,0,0,0,0,0,0,-1,2,0,0,-2,-2,1,1,0,-1,0,1,-1,0,-1,1,0,0,0,0,3,7,7,3,7,4,5,6,3,1,2,5,4,1,4,0,2,3,2,3,4,2,5,2,1,0,3,1,1,0,1,0,0,0,0,0,0,0,0,0,-1,2,1,0,6,-2,3,-1,-1,3,0,-1,2,1,3,1,0,0,0,0,4,1,3,3,2,3,2,3,2,1,3,2,2,0,0,1,1,2,0,3,1,1,2,0,0,0,0,0,0,0,0,0,2,-2,1,0,1,-1,3,-1,1,-1,-2,1,0,0,0,0
2582,53,2,11,1,1,0,0,2,0,1,0,0,2,0,0,0,0,0,0,0,0,0,0,0,0,0,0,0,0,1,0,0,2,1,1,0,0,2,0,0,0,0,0,1,0,0,0,0,0,0,0,0,0,0,-1,0,0,-2,1,1,0,0,2,1,0,3,3,2,1,0,2,2,1,0,0,0,0,0,0,0,0,2,2,0,0,1,0,0,1,0,1,2,1,1,0,3,1,0,0,0,0,0,0,0,0,1,1,1,0,0,-1,0,0,-1,0,-1,0,1,1,0,3,1,0,0,2,6,0,2,0,1,5,1,3,0,1,2,0,0,0,1,0,0,1,0,0,1,0,1,0,1,4,0,2,0,0,4,0,1,0,0,0,1,0,0,1,1,-1,-1,0,1,1,0,-1,0,0,-4,0,-1,0,0,4,-1,1,2,0,0,3,2,3,0,2,1,0,0,0,0,0,0,0,1,0,0,2,1,3,0,0,1,0,0,3,0,0,0,0,0,-3,0,1,0,0,0,-2,-1,-3,0,0,1,0,0,3
2582,54,1,09,4,6,5,3,4,7,6,4,3,3,1,5,5,2,1,3,1,0,1,3,3,4,2,2,2,4,2,1,1,1,0,0,0,0,0,0,0,1,0,0,-3,0,1,0,1,-2,1,3,0,-1,-1,-1,-1,0,2,0,0,-1,0,0,3,0,0,2,4,2,3,2,5,3,3,0,0,2,2,0,0,0,0,2,1,2,1,3,0,1,1,1,2,3,0,0,0,0,0,0,0,0,0,0,1,-3,-2,-3,1,2,-2,-1,-1,2,-1,-1,-1,-2,-1,0,0,0,0,0,3,6,2,2,2,1,7,1,4,5,2,6,2,2,1,0,0,0,0,1,0,4,1,3,1,0,3,0,1,3,1,0,0,0,0,1,0,0,0,1,2,-1,1,-2,-3,2,2,1,-1,0,0,-3,0,-1,-2,0,0,0,0,-1,2,2,4,3,2,3,3,1,2,0,2,3,0,2,2,0,0,2,1,1,2,1,2,0,0,0,0,0,0,0,0,0,0,-1,1,2,2,-2,1,2,-2,1,0,0,0,0,0,0
2582,54,1,11,1,1,1,0,1,1,2,2,0,2,0,0,0,0,0,0,0,0,0,0,0,0,0,0,2,1,2,2,0,0,1,1,1,0,1,0,0,0,0,0,0,-1,-1,0,-1,0,0,0,0,-2,-1,-2,-2,0,0,1,1,1,0,1,3,2,1,0,0,0,2,0,1,1,1,1,0,0,0,0,0,0,0,0,0,0,0,0,0,0,2,0,1,1,2,1,1,0,0,0,0,0,0,0,3,0,1,-1,-1,1,1,0,0,0,0,-2,0,-1,-1,2,1,1,0,0,2,2,1,1,0,0,3,0,3,1,0,1,1,1,0,1,1,0,0,0,0,0,0,1,0,0,2,0,2,1,1,0,0,0,0,0,1,0,0,0,2,-1,1,-2,-1,0,1,1,0,0,1,-1,0,-2,-1,1,-1,0,0,0,1,2,2,3,2,4,3,2,0,1,0,1,0,0,0,0,0,2,0,0,2,2,3,0,1,1,2,2,0,0,0,2,-1,-2,-1,1,0,-1,0,1,-2,-2,-3,0,1,1,2,0
2582,54,2,09,2,2,2,2,2,2,3,2,3,1,1,2,2,2,1,0,0,0,0,1,2,2,1,2,1,0,1,1,0,0,1,0,0,0,0,0,0,0,1,0,0,-1,0,-1,1,-1,0,1,0,0,0,-1,-1,0,1,1,0,0,-1,0,1,4,4,5,3,2,4,5,4,3,1,3,2,3,1,0,1,2,2,2,2,3,2,3,1,0,1,3,1,2,0,0,0,0,0,0,0,0,0,0,-1,0,-1,1,0,-1,0,0,0,0,0,0,-1,1,0,0,0,0,0,0,2,2,3,7,2,1,6,6,4,4,2,2,1,4,0,0,0,2,3,2,1,2,3,2,1,0,4,3,2,3,0,0,0,0,0,0,0,0,0,0,1,-4,-3,3,-2,1,0,-2,2,-1,0,-4,-1,1,-1,0,0,0,0,0,1,2,1,5,1,4,1,7,0,1,0,4,1,1,1,1,1,2,1,3,0,2,0,3,0,0,0,0,0,0,0,1,0,-2,0,-2,-1,-1,-1,1,1,-1,1,-2,0,0,0,-1
2582,54,2,11,1,0,3,0,0,3,1,2,0,0,0,0,1,0,0,0,0,1,0,0,1,0,0,0,0,1,1,2,0,0,1,0,1,0,0,1,0,0,0,0,-2,-1,1,0,0,-1,0,1,0,0,-1,-1,-1,0,0,0,0,1,0,0,1,3,1,0,0,0,5,1,3,2,1,1,0,0,0,0,0,0,0,0,0,2,0,0,0,0,2,1,3,2,0,2,1,0,0,0,1,0,0,0,1,-2,0,-3,-2,1,-1,0,0,0,0,-2,-1,-3,-2,0,1,1,0,0,2,2,3,1,0,2,2,1,1,0,0,1,2,1,0,0,0,0,0,0,2,2,0,0,0,0,0,0,0,0,2,1,1,0,0,0,0,1,1,0,0,0,2,0,0,-2,-1,2,1,0,0,0,0,0,0,2,1,0,-1,0,0,1,0,2,1,2,0,2,0,0,0,0,0,0,0,0,0,0,0,1,1,1,0,0,0,1,0,2,0,1,0,1,-1,-1,0,0,0,0,0,-1,-1,-1,0,0,0,0,0,1
2582,55,1,09,1,4,2,3,6,2,4,6,4,3,0,2,1,3,5,1,2,1,0,1,1,3,4,4,0,0,1,2,0,1,0,0,0,0,0,1,0,0,0,2,-1,0,-4,-1,3,-1,-1,-3,-1,5,1,1,-1,0,0,-1,0,0,0,-2,1,1,4,2,4,2,4,1,0,2,0,1,3,1,3,1,0,1,1,1,2,1,0,0,0,0,3,1,0,2,0,0,0,0,0,0,0,0,0,0,-1,-3,3,2,2,-2,0,3,1,3,1,-3,0,1,-1,0,0,0,0,0,7,4,3,0,1,9,7,1,6,4,6,3,3,0,1,0,1,0,0,0,7,3,0,5,3,2,3,1,1,1,1,0,0,0,0,0,1,0,0,0,-2,-3,2,-6,-3,-1,0,3,-5,-2,-2,-2,-1,-1,-1,1,-1,0,0,0,3,3,2,3,4,2,4,7,2,1,1,2,1,2,1,1,4,2,3,4,0,0,1,3,0,0,0,0,0,0,0,0,-1,1,-2,-4,-2,-1,-2,-2,1,2,0,-2,0,0,0,0
2582,55,1,11,1,0,1,0,0,0,0,1,1,0,0,0,1,0,0,1,0,0,0,0,0,0,1,0,0,0,0,0,0,0,0,0,0,0,0,0,0,0,1,0,1,0,0,-1,0,0,0,0,0,0,1,0,0,0,0,0,0,0,-1,0,2,0,0,1,0,2,0,0,3,0,0,0,0,0,0,0,0,0,0,0,2,0,0,0,0,0,0,0,2,0,2,0,0,1,0,0,0,0,1,0,0,0,0,-2,0,-2,0,0,0,0,0,0,0,-2,0,2,0,0,0,0,3,2,3,1,1,2,0,1,2,3,1,0,2,0,0,0,1,0,0,0,0,0,0,0,1,2,0,1,2,2,2,1,1,1,1,0,0,0,0,0,1,2,2,-1,-2,1,0,2,0,-1,-2,1,-1,-2,-2,2,1,1,1,1,1,0,3,2,1,2,2,2,0,0,0,0,0,0,2,0,0,2,1,0,1,0,1,2,1,0,1,2,0,0,0,0,0,-2,1,0,0,-2,-1,0,-1,0,1,-2,1,0,1,2
2582,55,2,09,2,3,1,2,3,2,0,2,5,3,2,3,1,2,3,0,0,0,0,0,2,0,1,4,1,0,0,1,1,2,0,0,0,0,0,0,0,0,0,0,0,3,-1,-3,0,0,3,0,-2,2,0,0,-1,-1,-2,0,0,0,0,0,2,3,3,4,2,1,5,3,2,2,2,1,2,4,2,0,2,1,0,0,1,3,2,1,2,0,1,1,1,0,0,0,0,0,0,0,1,0,0,0,1,-2,0,2,0,1,-2,0,3,0,0,1,0,-1,0,0,-1,0,0,0,2,2,2,2,4,1,3,6,4,5,2,2,2,2,1,0,0,0,0,3,1,3,5,2,0,0,0,1,2,5,0,0,0,0,0,0,0,0,0,0,1,-1,-4,-2,-1,1,-1,-3,0,1,0,0,-1,-2,-2,0,0,0,0,0,2,5,6,3,3,5,4,5,1,2,5,3,1,2,1,0,2,3,2,4,1,2,2,1,0,1,0,0,0,0,0,0,-1,0,2,-2,-1,-1,3,-1,0,0,-1,-1,0,1,0,0
2582,55,2,11,2,0,1,1,1,1,0,1,1,2,0,0,1,0,0,1,0,0,0,0,1,0,0,0,0,0,0,1,1,2,1,0,0,1,1,0,0,0,0,0,1,0,0,0,-1,-1,0,1,0,0,1,0,-1,-1,-2,1,0,0,1,1,4,0,2,0,1,1,0,1,3,0,0,0,0,0,0,2,0,1,0,0,0,0,1,0,0,1,0,0,2,0,2,0,1,0,1,0,0,0,1,0,3,0,1,-3,1,0,0,-1,0,0,1,0,1,-2,0,2,0,1,-1,1,1,1,1,1,1,1,4,2,1,1,0,0,0,0,0,1,0,0,0,0,0,1,0,0,0,1,3,2,1,1,0,1,1,1,1,0,0,0,0,0,0,-3,-1,0,0,0,-1,0,0,0,0,-3,-2,-1,-1,0,1,1,1,1,2,1,1,2,1,3,0,1,1,1,0,0,0,0,0,1,0,0,0,0,0,1,0,1,1,0,1,1,1,2,0,0,1,-2,1,1,1,1,0,0,0,-1,0,0,0,-2,1,1
2582,56,1,09,2,4,2,1,2,5,1,4,3,2,2,3,1,0,1,0,1,1,1,0,1,1,3,2,0,4,0,1,1,2,0,0,0,0,1,0,0,0,0,0,-3,3,-2,-2,0,1,2,-2,-2,1,-4,1,0,0,-2,0,0,0,0,1,1,3,2,2,0,0,3,2,3,6,1,2,0,2,0,0,1,2,0,0,0,3,1,1,4,0,0,1,2,2,0,0,0,0,0,0,0,0,0,0,1,0,0,-1,-6,1,-1,-1,1,-4,0,1,1,-2,-2,0,0,0,0,0,2,5,2,3,3,2,6,3,3,2,1,2,2,3,2,1,3,0,0,1,2,3,3,3,2,0,3,0,0,0,0,0,0,0,0,0,0,0,0,0,0,-1,-1,0,1,-1,-1,-1,0,0,1,0,0,0,1,0,0,0,0,0,2,3,4,0,4,4,5,7,0,3,2,0,2,0,2,0,2,2,2,3,2,1,3,3,0,0,0,0,0,1,0,1,-2,-1,-1,-7,-2,1,0,-3,0,-1,-1,-3,0,-1,0,-1
2582,56,1,11,0,1,0,0,0,1,2,1,0,0,0,0,0,0,0,0,0,0,0,0,0,1,1,0,0,1,1,0,0,0,0,1,0,0,0,0,0,0,0,0,-1,-1,-1,0,0,0,-1,-1,0,0,-1,-1,0,0,0,0,1,0,0,0,1,1,4,1,2,0,1,2,1,0,0,0,1,0,1,0,0,0,1,0,0,0,1,0,0,0,1,1,1,0,1,1,3,0,1,0,0,0,0,0,1,0,2,0,2,0,0,0,0,1,0,-1,-1,0,0,1,1,3,0,1,1,0,0,1,2,0,4,0,1,1,0,0,0,0,1,0,0,0,0,0,0,1,0,1,0,0,3,0,0,1,1,0,0,1,1,0,0,0,0,0,1,-4,0,0,1,0,-1,0,-1,1,0,-3,0,0,-1,1,0,0,1,1,2,1,1,3,0,2,0,0,1,1,0,2,1,0,1,0,0,1,0,0,0,1,0,0,0,0,0,1,0,0,0,0,2,-1,1,3,1,0,0,2,1,-1,1,0,0,0,0,1
2582,56,2,09,2,3,1,2,9,7,4,2,3,2,1,1,0,2,3,1,2,1,0,6,6,3,1,1,1,1,1,1,2,1,0,0,0,0,0,0,0,0,0,0,-5,-1,-1,-1,7,-5,-2,-1,1,2,0,1,0,-2,5,0,0,0,0,0,1,2,3,2,3,0,3,4,4,3,1,2,1,2,1,0,0,2,0,2,0,2,1,3,2,0,1,2,1,1,0,0,0,0,0,0,0,1,0,0,1,-1,-1,-2,0,1,0,0,-1,-1,0,-1,0,-1,1,0,0,-1,0,0,7,0,5,4,3,5,2,4,5,3,3,0,3,4,1,4,0,2,0,2,4,2,3,5,1,1,0,1,0,2,0,0,0,0,0,0,0,0,0,0,2,-2,1,-1,0,-1,-2,0,-1,0,3,0,1,0,0,0,0,0,0,0,3,2,2,5,4,1,7,2,1,2,1,2,2,0,1,3,2,1,4,2,2,0,3,0,0,0,0,0,0,0,0,0,-1,1,-5,3,-1,1,-3,0,0,0,-2,3,0,0,0,0
2582,56,2,11,3,2,0,1,1,1,0,2,0,0,1,0,0,0,1,0,0,0,1,0,0,0,1,0,0,1,0,1,0,0,2,2,0,0,0,0,0,0,0,0,2,2,-2,1,1,1,0,-1,0,1,-1,0,-1,1,0,2,2,0,0,0,0,0,5,1,1,0,1,2,3,0,0,0,1,0,0,0,0,1,1,1,0,0,0,0,0,0,1,2,3,0,0,0,3,0,0,0,0,0,0,0,0,-1,3,-2,1,0,0,1,0,0,0,-1,-1,-2,1,0,0,3,0,0,0,2,0,0,0,0,1,1,0,1,0,0,0,0,0,0,1,0,0,0,0,0,0,0,1,0,1,0,0,0,0,1,0,0,0,0,0,1,0,0,0,1,-1,0,-1,0,0,0,0,-1,0,0,0,0,0,0,1,-1,0,0,1,0,0,2,0,3,1,1,1,0,0,0,0,0,0,0,0,0,0,1,0,2,0,0,0,0,0,2,0,1,1,0,1,-3,-1,1,1,0,0,-1,0,-2,0,0,0,-1,-1,2
2582,57,1,09,2,3,4,2,1,0,2,4,2,1,1,2,3,1,0,1,1,1,1,1,0,2,1,1,1,0,0,2,1,0,0,0,0,0,0,0,0,1,0,0,2,1,0,0,0,1,0,2,0,-1,1,1,-1,0,1,0,0,-1,0,0,2,2,4,0,4,0,4,1,3,1,2,0,2,0,1,0,2,2,0,3,0,3,0,2,1,0,1,1,1,0,0,0,0,0,0,0,0,0,0,0,2,-2,3,-3,3,2,-3,2,-2,0,0,1,1,-1,3,0,0,0,0,0,1,3,2,2,2,2,4,1,4,3,0,1,2,1,1,1,2,0,1,1,1,2,0,3,3,1,2,0,0,0,0,0,0,0,0,0,0,1,1,0,-1,-1,1,-2,-1,-1,-1,2,-2,-2,0,0,0,1,1,0,0,-1,-1,0,4,3,5,3,5,3,4,7,1,1,3,3,3,2,1,0,4,1,3,6,1,2,1,0,0,0,1,0,0,0,0,1,-1,0,1,-4,-3,0,0,-3,2,0,0,0,0,0,1,-1
2582,57,1,11,2,0,1,2,1,1,0,2,1,0,0,0,1,1,0,1,0,0,0,1,1,0,2,0,0,0,0,0,1,0,1,0,0,1,0,0,0,0,0,0,1,0,-1,1,1,-1,0,-1,1,0,1,0,0,-1,1,1,0,0,1,0,1,2,2,1,1,0,0,2,1,0,0,0,2,0,0,0,0,0,0,0,0,0,0,0,0,0,0,2,1,0,1,2,0,1,1,0,0,0,0,0,1,2,0,0,1,0,0,2,0,0,0,0,-2,-1,0,1,2,0,1,1,0,1,1,0,1,1,3,0,0,1,0,0,0,0,1,0,0,0,0,0,0,2,0,0,0,1,1,0,0,1,0,1,1,0,0,0,0,0,0,0,-1,-2,1,0,0,0,-2,0,0,1,-1,-1,0,0,-1,0,1,1,0,0,0,0,0,3,2,3,0,3,0,0,0,1,0,0,0,1,1,2,0,1,0,1,0,2,0,0,0,1,1,0,0,0,-2,-3,0,0,-1,-2,0,0,0,-1,0,-1,-1,0,0,1
2582,57,2,09,3,2,1,2,3,0,4,2,3,2,1,2,0,2,3,2,0,1,0,0,0,1,0,3,1,0,3,2,0,1,0,0,0,0,0,0,0,0,0,0,3,-2,-1,-1,1,1,1,0,-1,2,2,-3,-1,0,-1,0,0,0,0,0,2,3,0,3,2,3,2,1,2,5,2,3,0,2,2,0,0,0,1,0,2,1,1,1,3,1,1,0,1,2,0,0,0,0,0,0,0,0,0,0,-1,1,-1,1,-3,0,2,-1,1,-1,-1,-1,0,0,-2,0,0,0,0,0,2,4,2,2,3,1,4,3,0,0,1,2,1,2,2,1,2,1,0,1,0,2,2,0,0,1,2,1,0,0,0,0,0,0,0,0,0,0,0,0,1,0,-1,2,3,1,0,-1,2,2,0,0,0,0,1,0,0,0,0,0,4,2,2,3,5,1,2,4,2,2,1,2,2,0,0,1,2,1,1,1,3,0,1,3,0,0,1,0,0,0,0,0,-1,1,0,-1,0,1,0,1,-1,0,-1,-2,0,0,1,0
2582,57,2,11,0,1,1,0,1,0,2,2,0,0,0,0,0,0,0,0,0,0,0,1,0,1,1,0,0,0,1,1,0,0,0,1,1,0,0,0,0,0,0,0,0,-1,-1,0,1,0,-1,-1,0,0,0,-1,-1,0,1,0,1,1,0,0,2,0,1,1,1,2,1,3,1,1,0,0,0,0,0,0,0,0,0,0,2,0,1,0,1,0,1,2,1,0,2,0,1,1,1,0,0,0,0,0,0,-1,-2,0,0,-2,0,-1,0,-1,0,-1,-2,-1,0,2,0,1,1,1,1,1,0,0,1,1,1,0,0,0,0,0,0,0,0,0,1,0,0,0,0,0,0,0,0,1,1,0,0,0,1,0,0,0,1,0,0,0,0,0,0,0,0,0,1,0,0,0,0,0,-1,0,0,0,0,1,0,0,0,1,0,0,2,1,0,2,1,3,0,0,0,0,0,0,1,0,0,2,0,1,0,0,1,2,0,0,1,1,0,0,0,0,0,-2,1,-2,0,-2,0,-1,0,0,0,-2,0,0,1,1
2582,58,1,09,3,2,1,3,1,4,1,3,2,2,1,1,1,2,1,2,1,0,1,0,3,1,3,1,2,1,0,0,1,0,0,0,0,0,0,0,0,0,0,0,-1,1,-2,1,-1,-2,0,-2,1,-1,1,1,0,0,0,0,0,0,0,0,5,1,1,3,3,5,2,3,1,3,4,1,1,2,2,1,0,0,1,1,3,1,3,0,1,2,1,0,0,2,0,0,0,0,0,0,0,0,1,0,0,-1,-2,2,0,1,0,-2,2,1,-1,-1,0,1,-1,0,0,0,-1,0,1,2,0,0,1,4,2,1,3,3,0,1,0,0,1,0,1,0,0,0,2,2,1,2,3,2,0,0,1,0,1,0,0,0,0,0,0,0,0,0,-3,0,-1,-3,-2,-2,-1,-1,-2,-2,-2,1,0,-1,0,1,0,0,0,0,2,2,2,3,2,3,0,3,2,0,1,2,0,2,1,1,2,2,0,2,0,1,0,0,0,0,0,0,0,0,0,1,0,-1,2,0,0,-2,1,0,0,1,1,1,0,0,0,-1
2582,58,1,11,1,0,0,0,0,2,1,0,0,0,0,0,0,0,0,0,0,0,0,0,1,1,0,0,0,1,0,0,0,0,1,0,0,0,0,0,0,0,0,0,-1,-1,0,0,0,-1,-1,0,0,0,-1,0,0,0,0,1,0,0,0,0,0,0,3,0,1,0,1,1,2,3,0,0,1,0,1,0,0,0,0,0,0,1,0,1,0,0,0,0,1,3,0,0,2,0,0,0,0,1,0,0,0,-1,2,-2,-2,0,-1,1,-1,1,0,0,0,-1,-3,0,0,1,0,0,0,1,3,1,0,0,0,1,1,0,0,1,1,0,0,0,0,1,0,0,0,0,0,1,0,0,0,0,0,0,0,0,1,1,0,0,0,1,0,0,0,1,2,0,0,0,1,1,-1,0,0,0,1,0,0,0,0,0,1,0,0,0,0,1,0,0,0,1,0,0,0,0,0,0,0,0,0,0,0,0,0,0,0,0,0,0,0,1,0,0,0,1,0,0,0,0,0,0,0,0,0,0,0,0,0,0,0,0
2582,58,2,09,2,1,1,0,1,3,2,4,4,1,1,1,1,0,1,1,0,0,0,0,2,0,2,3,1,1,2,2,1,0,0,0,0,0,0,0,0,0,0,0,-1,-1,-3,-4,0,-1,1,-1,-3,0,0,-2,-2,-1,0,0,0,0,0,0,2,2,3,1,2,3,4,1,1,5,2,1,2,0,1,0,1,1,1,1,1,3,1,0,3,2,1,0,1,2,0,0,0,0,0,0,0,0,0,0,-1,-2,2,0,-3,1,-2,1,0,-2,-2,0,1,0,-1,0,0,0,0,0,2,2,2,0,4,0,2,3,5,0,2,0,1,0,4,0,2,1,0,0,0,0,1,3,0,0,2,2,2,0,0,0,0,0,0,0,0,0,0,0,2,0,-1,-5,4,2,0,0,-3,4,0,0,-1,-2,0,0,0,0,0,0,4,4,2,0,4,2,0,4,3,1,0,0,0,2,1,0,3,1,0,3,1,1,0,1,1,1,1,0,0,0,0,0,0,2,2,-4,0,0,0,-3,-1,1,1,-1,1,1,1,0
2582,58,2,11,0,0,0,0,1,0,0,0,0,1,0,0,0,0,0,0,0,0,0,0,0,0,0,0,0,0,0,0,0,1,0,0,0,0,1,0,0,0,0,0,0,0,0,0,0,0,0,0,0,0,0,0,0,0,-1,0,0,0,0,1,0,1,3,1,0,1,1,1,3,0,0,1,1,0,0,0,0,0,0,0,0,1,0,1,0,1,0,1,2,0,0,0,2,1,0,0,0,0,0,0,-1,0,2,-2,0,0,0,1,-1,0,-1,0,-1,-2,0,0,0,2,1,0,2,0,0,0,0,2,0,2,1,0,0,0,0,0,0,0,0,0,0,0,1,0,1,0,0,1,0,1,1,0,2,0,0,0,0,0,0,0,0,0,0,0,-2,-1,0,-1,0,-1,0,0,-1,0,-1,-1,0,2,0,0,0,0,2,3,0,1,3,0,0,0,1,2,0,1,0,1,0,0,1,0,0,0,2,0,0,0,1,0,0,0,0,0,0,0,-1,3,0,1,0,2,0,1,-2,1,0,0,1,0,0,0
2582,59,1,09,3,2,0,4,2,2,4,1,2,1,2,1,0,3,1,0,1,0,0,1,0,2,1,0,1,1,2,0,1,0,1,0,0,1,0,1,0,0,1,0,1,-2,-1,2,1,2,-1,-1,3,0,-1,-1,0,-1,1,0,0,0,0,0,2,0,3,3,1,3,3,1,1,1,2,0,1,2,0,0,0,2,0,0,3,2,1,1,1,0,1,0,0,0,0,0,0,1,1,0,0,0,0,0,-1,-3,2,2,0,-1,-2,0,1,-1,0,-1,2,0,0,0,0,0,1,1,5,3,1,3,3,1,1,2,2,4,5,2,1,2,3,0,0,0,1,0,1,0,0,2,3,0,0,2,0,1,0,1,0,0,0,0,1,0,0,0,4,2,-1,1,-1,4,2,1,0,0,0,0,-2,1,-1,0,0,0,0,0,3,4,3,3,1,1,4,3,3,2,3,1,0,0,0,2,1,0,3,2,0,1,1,1,0,2,0,0,0,0,0,0,2,3,-1,0,2,2,0,-1,0,-1,-1,1,0,2,0,0
2582,59,1,11,1,0,0,1,0,0,0,0,0,0,0,0,0,0,0,0,0,0,0,0,0,0,0,0,0,0,0,0,0,0,1,0,0,1,0,0,0,0,0,0,1,0,0,1,0,0,0,0,0,0,0,0,0,0,0,1,0,0,1,0,1,1,1,0,0,0,1,1,3,0,0,0,0,0,0,1,0,0,0,0,0,0,0,0,0,0,1,0,3,0,0,1,1,0,0,0,0,1,0,0,1,0,0,-3,0,0,0,0,0,0,1,-1,0,-3,0,0,1,0,0,0,0,0,0,1,1,1,0,0,1,0,0,0,0,1,1,0,0,0,0,0,0,0,0,0,0,0,0,0,1,0,0,0,0,0,0,1,0,0,0,0,-1,0,0,0,1,0,0,0,1,1,0,0,0,-1,0,-1,0,0,0,0,1,0,2,2,1,1,0,0,0,0,1,0,0,0,1,1,1,1,0,0,0,0,0,0,1,0,0,1,0,0,0,0,0,-1,2,2,-1,-1,1,0,0,0,1,1,1,0,0,1
2582,59,2,09,3,3,4,2,3,2,6,2,4,3,2,3,2,1,2,1,0,2,1,1,0,4,1,3,0,2,2,1,1,3,0,0,0,0,0,0,0,0,0,0,1,-3,2,-2,0,2,-1,1,-2,2,-1,-2,1,0,-2,0,0,0,0,0,4,0,5,2,2,0,2,5,3,1,3,0,4,2,1,1,0,1,0,1,0,1,3,2,1,0,1,1,1,0,0,0,0,0,0,0,0,1,0,0,4,-2,0,-1,1,3,-1,1,0,0,1,-1,0,-1,1,0,0,-1,0,0,2,3,1,3,1,2,0,2,1,2,1,2,0,2,1,1,1,1,1,0,0,0,1,0,1,2,0,1,1,1,0,0,0,0,0,0,0,0,0,0,0,3,-1,2,-1,1,2,-1,2,0,-1,1,0,0,-1,0,0,0,0,0,2,9,3,2,3,5,2,2,2,4,1,2,0,5,2,0,2,2,0,2,1,3,2,0,0,0,0,0,0,0,0,0,-1,4,1,0,0,2,1,0,-1,2,0,0,0,0,0,0
2582,59,2,11,0,0,0,2,2,0,0,0,0,1,0,0,0,1,1,0,0,0,0,1,0,0,0,0,0,0,0,0,0,1,0,0,0,1,0,0,0,0,0,0,0,0,0,2,1,0,0,0,1,1,0,0,0,0,0,0,0,0,1,0,0,0,1,1,1,0,1,0,1,0,0,0,1,0,1,0,0,0,0,0,0,1,0,0,0,0,0,0,1,0,0,0,0,1,0,0,0,0,0,0,0,-1,1,0,1,0,-1,1,0,1,0,0,0,-1,0,0,0,0,1,0,2,2,1,0,0,2,1,1,0,0,0,1,0,0,0,0,0,1,0,0,0,1,0,0,0,1,0,1,0,0,2,1,0,0,0,1,0,0,0,0,0,1,0,0,0,0,0,0,0,0,-1,0,0,0,0,1,1,0,0,0,0,0,0,2,0,1,1,0,0,0,0,1,0,0,0,0,0,1,1,0,0,0,0,0,0,0,0,1,0,0,0,0,0,-1,-1,2,0,-1,-1,1,0,0,0,0,0,0,0,1
2582,60,1,09,7,3,4,2,2,4,2,2,3,1,5,2,4,2,2,2,1,0,0,0,2,0,2,0,1,2,2,0,3,0,0,0,0,0,0,0,0,0,0,0,3,1,2,-1,1,3,2,2,2,1,0,-1,0,-3,0,0,0,0,0,0,1,1,3,3,2,2,0,0,2,2,1,1,3,3,1,0,0,0,0,0,1,0,0,1,2,1,0,0,1,0,0,0,0,0,1,0,0,0,0,0,-1,1,3,1,0,0,1,3,2,-1,-1,0,0,-1,0,0,0,0,0,1,0,0,4,4,2,1,4,1,6,3,0,0,4,3,1,0,0,0,1,1,1,4,1,4,2,0,0,0,2,1,0,0,0,0,0,0,0,0,0,0,-1,-4,3,-2,-1,-1,-4,3,-1,-1,0,0,0,-1,0,0,0,0,0,0,5,3,1,0,2,3,4,1,4,3,0,0,1,0,1,0,2,2,2,1,0,1,2,0,0,0,0,0,0,0,0,0,3,0,-3,-1,2,1,-2,-1,1,-1,-1,0,0,0,0,0
2582,60,1,11,1,0,0,1,0,0,0,0,0,0,0,0,0,1,0,0,0,0,0,0,0,0,0,0,0,0,0,0,0,0,1,0,0,0,0,0,0,0,0,0,1,0,0,1,0,0,0,0,1,0,0,0,0,0,0,1,0,0,0,0,0,1,0,0,0,0,1,0,0,1,0,0,0,0,0,0,0,0,0,0,0,0,0,0,0,0,1,0,0,1,0,1,0,0,0,0,0,0,0,0,0,0,0,0,-1,0,0,0,0,0,0,-1,0,0,-1,0,1,0,0,0,0,2,1,0,2,1,1,0,0,0,0,0,0,0,0,0,1,0,0,2,0,0,0,0,0,1,1,0,0,0,0,1,1,0,0,0,0,0,0,0,-1,1,1,0,2,0,0,0,0,0,-1,0,0,0,2,0,1,1,0,0,1,0,0,7,1,2,1,2,0,0,0,0,1,0,0,3,0,1,0,0,1,1,1,2,0,0,0,4,0,0,0,0,0,-2,-1,5,0,-1,0,0,0,-1,-1,1,0,0,0,4
2582,60,2,09,4,4,3,1,4,3,1,2,2,2,4,4,3,0,3,0,0,0,1,1,1,1,1,2,0,2,0,1,0,2,0,0,0,0,0,0,0,0,0,0,1,3,1,-1,2,3,3,2,-2,3,-2,0,-1,1,-1,0,0,0,0,0,4,0,1,0,2,4,2,3,0,1,2,0,0,0,2,2,0,1,0,0,1,1,3,0,0,3,1,0,0,1,0,0,0,0,0,0,0,0,0,0,0,-2,-2,0,1,1,-1,-3,0,2,-1,-1,1,0,-1,0,0,0,0,0,2,4,4,6,3,3,2,1,2,3,2,3,2,3,3,0,0,2,3,0,1,0,1,2,3,2,2,0,0,0,0,1,0,0,0,0,0,0,0,0,-1,2,3,4,0,1,3,1,1,0,-2,-2,2,3,0,0,1,0,0,0,2,2,2,3,3,3,2,4,1,2,0,1,1,0,2,2,1,2,0,1,2,1,2,3,0,0,0,0,0,0,0,0,-1,-1,0,-1,0,0,0,0,-1,-1,0,-1,0,0,0,0
2582,60,2,11,1,0,2,1,1,0,0,1,2,2,1,0,2,1,1,0,0,0,0,0,0,0,1,2,1,0,0,0,0,1,0,0,0,0,0,0,0,0,0,0,1,0,1,-1,-1,1,0,1,-1,0,0,0,0,0,-1,0,0,0,0,0,1,0,0,0,1,2,0,0,1,1,0,0,0,0,1,1,0,0,0,0,0,0,0,0,0,1,0,0,1,1,0,0,0,0,0,1,0,0,0,0,-1,0,0,-1,0,0,0,0,0,1,0,0,0,-1,-1,-1,0,0,0,0,1,0,0,0,0,1,1,0,1,0,0,0,0,0,0,0,0,0,0,0,0,0,0,1,0,1,1,0,0,0,1,0,0,0,0,0,0,0,0,0,0,-1,0,-1,0,0,0,0,-1,0,-1,-1,0,0,0,1,0,0,0,0,0,1,0,1,1,0,0,1,0,0,0,1,0,1,0,0,0,0,0,1,0,0,0,0,0,0,0,0,1,0,0,0,-1,1,0,0,0,0,0,0,0,1,0,0,-1,0,0,0
2582,61,1,09,4,4,6,3,8,2,3,3,3,1,1,3,5,2,4,3,1,1,1,4,1,1,2,1,0,1,2,0,2,1,0,0,0,0,0,0,0,1,0,0,2,1,3,0,7,0,2,3,1,4,2,-1,1,-1,3,0,0,-1,0,0,3,0,4,6,5,2,4,1,3,1,3,0,3,3,4,0,0,1,3,1,0,4,1,1,1,2,0,0,2,0,0,0,0,0,0,0,0,0,0,0,1,-4,3,3,4,3,-4,2,2,3,-2,0,1,1,1,0,0,0,0,0,3,1,2,3,5,0,5,2,4,1,3,0,1,2,3,0,1,0,1,2,0,3,2,4,1,0,2,0,0,0,0,0,1,0,0,0,0,0,0,0,3,-4,0,-1,4,3,-3,-1,-2,2,0,-1,0,1,2,0,0,1,0,0,1,3,2,4,6,2,1,4,1,3,0,2,0,0,1,2,3,2,1,1,3,0,0,3,0,0,1,0,0,0,0,0,-5,1,1,0,-2,1,-1,1,-3,0,1,-1,0,0,1,0
2582,61,1,11,1,0,1,0,1,0,2,1,0,1,0,0,1,0,0,0,0,0,0,0,0,1,0,0,0,0,1,1,0,0,1,0,0,0,1,0,0,0,0,1,1,-2,0,0,0,0,-1,1,0,0,0,-1,-1,0,0,1,0,0,0,0,0,0,1,1,1,0,0,1,2,0,0,0,0,0,1,0,0,1,0,0,0,0,0,1,0,0,0,1,1,0,0,0,0,1,0,0,0,0,0,0,0,0,0,-1,1,0,0,0,-1,1,0,0,0,-1,0,0,0,0,1,0,0,0,0,1,0,0,1,0,0,1,0,0,0,0,0,0,0,0,1,0,0,1,0,0,1,0,0,0,0,0,0,0,0,0,0,0,0,0,0,0,0,-1,0,1,-1,0,-1,0,0,-1,0,0,0,1,0,0,0,0,0,0,1,1,0,3,0,0,1,1,0,0,0,0,1,0,0,1,0,0,0,0,0,0,1,0,0,1,0,2,0,0,0,1,1,1,-1,2,0,0,0,0,1,0,-1,1,0,1,0,1
2582,61,2,09,1,2,4,3,0,5,3,4,5,1,1,2,1,3,0,0,0,3,0,0,1,3,2,2,1,4,0,2,3,0,0,0,0,0,0,0,0,0,0,0,-4,-1,0,-2,-1,0,-1,-1,1,-1,-4,0,1,-3,0,0,0,0,0,0,0,1,3,4,4,2,5,1,1,1,0,1,2,3,3,0,0,1,1,1,2,3,0,1,1,0,2,1,0,0,0,0,0,0,0,0,0,0,0,0,-2,-4,2,3,3,-2,-2,2,2,2,0,-2,0,1,1,0,0,0,0,0,1,2,0,1,2,3,2,4,0,2,1,1,0,1,1,0,1,0,0,1,3,0,3,0,1,0,2,1,0,1,0,0,0,0,0,0,0,0,0,0,-2,0,-4,1,0,-2,1,-3,1,0,0,-1,-1,0,0,0,0,0,0,0,3,1,3,2,3,2,0,4,1,1,3,1,2,0,0,1,2,2,0,3,1,0,0,1,0,0,0,0,0,0,0,0,0,-1,3,-2,-1,-1,3,-2,1,0,0,0,0,0,0,0
2582,61,2,11,0,0,1,0,0,0,1,0,0,2,0,0,0,0,0,0,0,0,0,0,0,1,0,0,0,0,0,0,0,1,0,0,1,0,0,0,0,0,0,1,0,-1,1,0,-2,0,-1,0,0,0,0,0,0,0,-1,0,0,1,0,-1,0,1,0,2,0,1,1,0,1,0,0,0,0,1,0,0,0,0,0,0,1,0,0,1,0,0,1,0,0,0,0,1,0,1,0,0,0,0,0,0,-1,0,0,1,0,-1,0,0,0,0,0,-1,0,0,0,0,1,0,1,0,0,0,0,0,0,0,0,0,1,0,0,0,0,0,0,0,0,0,0,0,0,0,0,1,0,0,0,0,0,0,0,0,0,0,0,0,0,0,0,0,0,0,0,-1,0,0,0,0,-1,0,0,0,0,0,0,0,0,0,0,0,1,1,1,1,0,0,1,0,0,0,0,0,0,0,0,0,0,0,0,0,0,0,1,0,1,1,1,1,0,0,0,0,1,1,0,1,0,0,0,0,0,0,-1,0,1,1,1,1
2582,62,1,09,4,2,3,4,1,4,4,3,3,4,2,1,3,1,0,2,1,0,3,1,2,4,0,1,2,2,0,3,2,2,0,0,0,0,0,0,0,0,0,0,0,-2,0,1,-3,0,-3,3,0,-2,0,1,-3,1,-1,0,0,0,0,0,2,1,1,2,0,3,3,2,5,3,1,1,1,2,0,1,0,0,0,0,2,2,1,4,2,1,1,1,1,1,0,0,0,0,0,0,0,0,0,0,-1,-2,-1,-3,-3,-1,-1,0,-2,-2,0,-1,-1,-1,-1,0,0,0,0,0,2,1,1,2,5,2,3,3,0,6,1,1,1,1,1,1,0,0,1,4,2,0,3,0,4,0,3,0,0,2,0,0,0,0,0,0,0,0,0,0,0,-2,-2,2,-1,-1,1,-2,1,-3,1,-3,0,1,2,0,0,0,0,0,5,4,1,3,4,3,4,1,4,2,0,1,1,2,1,2,1,1,3,1,3,2,1,0,0,0,0,0,0,0,0,0,1,1,-3,2,3,1,-3,0,-2,0,0,2,0,0,0,0
2582,62,1,11,0,0,2,0,1,2,1,1,0,1,0,0,1,0,1,0,0,0,0,0,2,1,0,0,1,0,0,1,0,0,0,0,1,0,0,0,0,0,0,0,-2,-1,1,0,0,-2,-1,1,0,0,0,0,-1,0,0,0,0,1,0,0,0,0,1,0,0,0,1,0,1,2,0,0,0,0,0,0,0,0,0,0,0,0,0,0,0,0,1,0,1,2,0,0,1,0,0,0,0,0,0,0,0,-1,1,-1,-2,0,0,0,0,0,0,-1,0,-1,-2,0,0,1,0,0,1,0,0,0,0,0,0,0,0,1,1,0,0,0,0,0,0,0,0,0,0,0,0,0,0,0,0,0,0,1,0,0,0,0,0,0,0,0,0,0,1,0,0,0,-1,1,0,0,0,0,0,0,0,0,-1,0,0,0,0,0,1,0,2,4,0,0,0,1,0,0,0,0,0,0,1,2,0,0,0,0,0,0,0,1,1,0,1,2,0,0,0,0,1,0,2,3,0,0,0,0,0,0,1,1,1,0,1,2
2582,62,2,09,3,3,4,3,0,2,0,5,1,3,2,1,4,1,0,1,2,0,2,0,0,0,5,1,3,2,0,0,0,0,0,0,0,0,0,0,0,0,0,0,1,3,-1,2,-3,2,1,-1,0,-3,-1,2,0,2,0,0,0,0,0,0,3,3,10,1,2,2,1,5,3,5,3,2,6,1,0,0,1,4,0,2,1,1,3,2,3,1,0,2,1,2,0,0,0,0,0,0,0,0,0,0,1,2,5,-2,-3,2,1,3,-1,-3,-1,1,2,-1,0,0,0,0,0,0,1,2,1,5,2,3,3,3,2,1,0,2,1,2,2,1,0,0,2,0,2,1,2,2,0,1,2,1,0,1,0,0,0,1,0,0,0,0,0,0,-2,-1,-2,3,1,-2,1,-1,0,2,0,-2,-1,2,-1,0,0,0,1,0,4,2,3,2,4,2,1,1,1,2,2,1,3,0,1,1,2,2,0,1,2,0,1,0,0,0,0,0,0,0,0,0,0,0,2,1,-1,0,2,0,1,0,0,1,0,0,0,0
2582,62,2,11,1,0,1,2,0,0,0,0,2,0,1,0,0,1,0,0,0,0,0,0,0,0,0,0,0,0,0,0,1,0,0,0,1,1,0,0,0,0,1,0,1,0,1,0,0,1,0,0,1,0,0,0,0,-1,0,0,0,1,0,0,1,0,1,0,0,0,0,0,0,1,0,0,1,0,0,0,0,0,0,0,0,0,0,0,0,0,0,0,0,1,1,0,0,0,0,0,0,0,0,0,1,0,1,0,-1,0,0,1,0,0,0,0,0,0,-1,1,0,0,0,0,0,1,1,0,0,1,0,0,0,0,0,1,0,0,0,0,0,1,0,0,1,0,0,0,0,0,0,0,0,0,0,0,0,0,0,0,0,0,0,0,-1,1,1,0,0,-1,1,0,0,0,0,0,1,0,0,0,0,0,0,0,1,0,0,2,1,1,0,2,0,0,0,0,0,0,0,0,0,0,0,0,1,1,0,2,1,0,0,2,0,0,0,0,0,-1,0,0,0,0,0,0,-1,-1,0,-2,1,0,0,2
2582,63,1,09,3,3,3,4,2,2,4,2,1,2,2,2,2,4,2,1,1,1,0,0,0,2,2,1,1,2,2,0,0,0,0,0,0,0,0,0,0,0,0,1,1,-1,1,3,0,2,0,0,3,1,-1,-1,1,0,0,0,0,0,0,-1,6,2,2,1,2,1,0,4,4,4,4,1,1,1,2,2,1,1,0,0,0,0,3,1,2,1,0,1,2,1,0,0,0,0,0,0,0,0,1,1,5,2,-2,-3,-2,4,1,-2,0,0,1,1,0,-2,-1,0,0,0,-1,-1,5,3,1,4,0,7,4,1,3,1,3,2,0,4,0,2,1,1,0,0,5,1,1,3,1,1,3,0,0,0,0,0,0,0,0,1,0,0,0,0,-2,-1,0,1,-1,-2,1,-1,1,-1,1,-2,1,0,0,-1,0,0,0,0,3,7,2,5,1,5,1,4,1,3,1,4,2,3,1,1,0,1,0,4,1,4,1,0,0,1,0,0,0,0,0,0,2,2,1,1,1,2,1,0,1,-1,0,1,0,1,0,0
2582,63,1,11,0,0,0,2,2,0,0,0,1,1,0,0,0,1,0,0,0,0,0,1,0,0,0,0,0,0,0,0,1,1,0,0,0,1,1,0,0,0,0,0,0,0,0,1,1,0,0,0,1,0,0,0,0,-1,0,0,0,0,1,1,0,0,3,0,2,0,0,1,0,0,0,0,1,0,1,0,0,1,0,0,0,0,0,0,0,0,0,1,0,0,0,0,1,0,1,0,0,0,0,0,0,0,2,0,2,0,0,1,0,1,0,0,0,0,0,0,0,1,0,1,2,0,1,0,1,1,1,1,0,1,0,0,0,0,0,0,0,0,0,0,0,0,0,0,0,1,0,1,0,0,2,0,1,0,1,0,1,0,0,1,1,-1,0,0,0,0,0,0,0,0,-1,0,-1,0,0,2,-1,1,0,0,2,2,1,2,0,0,3,1,1,0,0,0,1,0,1,0,0,0,0,0,0,0,2,0,0,2,0,2,0,0,1,1,2,2,-2,1,1,0,0,0,1,0,-1,0,0,2,-1,1
2582,63,2,09,1,6,8,4,6,2,5,6,4,2,0,4,4,2,4,1,2,4,2,2,1,1,6,1,1,1,4,0,3,1,0,0,0,0,0,0,0,0,0,0,-1,1,2,0,4,-1,3,-2,1,3,0,-2,4,-1,1,0,0,0,0,0,0,2,2,4,2,4,1,5,4,3,0,1,0,3,2,0,1,2,1,0,1,1,2,3,2,3,0,3,1,0,0,0,0,0,0,0,0,0,0,1,-4,1,-3,0,-1,-1,0,-2,0,0,-3,1,-1,0,0,0,0,0,0,-1,3,3,1,1,2,0,3,2,4,3,3,1,1,0,1,0,2,0,1,1,0,2,2,2,3,0,1,0,2,0,0,0,0,0,0,0,0,0,0,0,3,0,-1,-3,-1,3,-1,-1,-2,-2,0,1,0,-1,1,0,0,0,0,0,4,2,3,2,7,3,4,2,3,2,1,1,0,0,2,1,5,2,2,1,1,1,2,0,1,0,0,0,1,0,0,1,-3,-1,-1,0,-2,0,-1,0,-1,-1,0,1,0,0,0,-1
2582,63,2,11,0,0,1,2,0,0,0,0,1,1,0,0,1,2,0,0,0,0,0,0,0,0,0,0,1,0,0,0,1,0,0,0,0,0,0,0,0,0,0,0,0,0,1,1,-1,0,0,1,2,-1,0,0,0,-1,0,0,0,0,0,0,0,1,0,0,0,0,1,0,0,0,0,0,0,0,0,0,0,0,0,0,0,0,0,0,0,0,1,0,0,0,0,1,0,0,0,0,0,0,0,0,0,0,0,0,0,0,0,0,0,0,0,-1,0,0,0,0,1,0,0,0,0,1,0,1,1,0,0,0,0,0,0,0,0,0,1,0,0,0,1,0,0,0,0,0,0,0,0,0,0,0,0,1,0,0,0,0,0,0,0,0,0,1,0,1,1,0,0,0,0,1,0,0,0,1,0,0,1,0,0,0,1,1,0,0,0,0,0,3,1,0,0,0,0,0,0,0,0,0,0,1,0,0,0,1,0,1,0,0,0,0,0,1,1,1,0,-3,1,0,0,-1,0,0,0,-1,0,1,0,-1
2582,64,1,09,1,2,4,2,6,2,3,4,2,4,0,1,4,1,5,1,1,0,1,1,0,1,1,1,3,2,2,3,1,1,0,0,0,0,0,0,0,0,0,0,-1,-1,0,0,2,0,0,3,0,2,-1,-1,-3,0,0,0,0,0,0,0,2,6,5,2,5,2,9,6,3,0,1,6,2,1,5,1,0,3,1,0,1,5,3,3,0,1,3,2,0,0,0,0,0,0,0,0,1,1,0,0,0,-3,-1,-1,5,0,1,-1,-2,5,0,-3,1,1,0,0,-1,-1,0,0,0,2,0,3,3,2,4,2,2,1,0,1,0,2,1,0,1,0,1,2,2,1,2,1,0,0,3,0,1,1,0,0,0,0,0,0,0,0,0,0,-2,-2,-2,1,2,-2,0,-2,1,1,0,-2,0,0,1,0,0,0,0,0,2,4,1,1,5,1,3,2,2,2,1,1,0,2,0,0,2,0,2,1,3,1,1,1,0,0,0,0,0,0,0,0,-3,3,-2,-1,0,2,-1,0,-3,1,-1,-1,0,0,0,0
2582,64,1,11,2,0,0,0,0,1,0,0,0,0,1,0,0,0,0,0,0,0,0,0,0,0,0,0,0,1,0,0,0,0,1,0,0,0,0,0,0,0,0,0,1,0,0,0,0,1,0,0,0,0,-1,0,0,0,0,1,0,0,0,0,2,0,0,2,0,2,0,0,0,0,0,0,0,0,0,1,0,0,1,0,0,0,0,0,0,2,0,0,0,0,1,0,0,1,0,0,0,0,0,0,0,0,0,2,0,0,0,0,0,0,-1,0,0,1,0,1,0,0,1,0,1,0,0,0,0,1,1,0,0,0,0,0,0,0,0,0,0,0,0,0,0,1,0,0,0,1,0,0,0,0,1,0,0,0,0,0,0,0,0,0,0,-1,0,0,0,0,-1,0,0,0,-1,0,0,0,0,1,0,0,0,0,0,2,0,2,1,1,1,1,0,0,0,0,0,0,0,1,0,1,0,0,1,0,0,0,0,2,0,1,0,0,1,1,-1,1,-1,1,0,-1,0,0,-1,0,0,1,0,2,-1,0
2582,64,2,09,1,4,1,2,6,0,5,1,2,4,0,4,0,1,2,1,0,1,1,4,0,1,0,2,3,0,4,1,0,1,0,0,0,0,0,0,0,0,0,0,1,-1,0,0,2,0,3,0,-1,-1,1,-4,0,1,3,0,0,0,0,0,1,4,0,5,1,4,1,1,4,1,1,3,0,3,1,0,1,0,2,0,2,1,0,3,1,2,0,1,1,0,0,0,0,0,0,0,0,0,0,0,-3,3,-1,1,0,-1,2,0,0,0,-2,1,-1,1,0,0,0,0,0,0,6,5,3,2,5,2,4,7,1,5,4,3,2,2,5,2,2,1,0,0,1,2,6,1,3,1,2,1,0,2,0,0,0,0,0,0,0,0,0,0,4,1,-4,1,0,3,1,-4,1,2,1,0,0,0,-2,0,0,0,0,0,1,1,3,2,1,1,0,5,1,0,2,1,0,1,1,1,0,1,0,4,1,0,0,1,0,0,0,0,0,0,0,0,0,0,3,-3,1,-1,2,-3,-1,1,1,0,0,0,0,0
2582,64,2,11,0,1,0,1,1,0,0,0,0,2,0,0,0,0,0,0,0,0,0,0,0,0,0,0,1,0,0,0,0,1,0,1,0,1,1,0,0,0,0,0,0,1,0,1,-1,0,0,0,0,-1,0,0,0,0,-1,0,1,0,1,1,1,0,0,0,2,1,1,0,0,0,0,0,0,0,2,0,0,0,0,0,0,0,0,0,0,1,1,0,0,0,1,0,0,0,0,0,0,0,0,0,0,-1,0,0,2,0,0,0,0,2,-1,-1,0,0,0,1,0,0,0,0,2,0,0,0,0,1,1,0,0,1,0,0,0,0,0,1,0,0,0,0,0,1,0,0,0,1,0,0,0,1,1,0,0,0,0,0,0,0,0,0,1,-1,0,0,-1,0,-1,0,0,0,0,0,0,0,-1,1,0,0,0,0,1,0,1,2,0,0,0,0,0,0,0,0,1,0,0,0,0,0,0,0,0,0,0,0,0,0,1,2,0,0,0,0,1,0,1,2,0,0,0,0,1,0,0,0,0,0,1,2
2582,65,1,09,2,2,8,2,2,2,1,2,2,1,1,1,5,0,1,0,1,3,1,0,2,0,1,1,0,0,1,1,1,1,1,0,0,1,1,0,0,0,0,0,0,1,6,0,1,-1,1,4,-1,1,0,0,2,0,-1,1,0,0,1,1,2,5,5,4,1,2,2,3,3,5,1,4,2,3,1,1,1,2,1,0,1,0,1,2,3,1,1,2,1,2,0,0,1,0,0,0,1,0,0,0,0,3,2,1,-4,0,4,1,1,-2,0,0,0,0,-2,0,-1,1,0,0,1,1,0,2,1,1,2,8,3,3,1,1,0,0,0,0,0,0,2,1,0,1,6,1,2,0,1,2,2,1,0,0,0,0,0,1,0,0,0,0,0,-1,-8,-1,-2,1,0,-6,-1,-2,0,-1,-2,0,0,-1,0,0,0,0,4,1,3,3,0,1,3,2,2,0,1,3,2,1,2,0,0,0,0,2,0,1,3,0,0,0,0,0,0,0,0,0,4,0,0,1,2,0,1,1,2,0,-1,0,0,0,0,0
2582,65,1,11,1,0,1,0,1,0,0,0,0,1,0,0,0,0,0,0,0,1,0,0,0,0,0,0,0,0,0,0,0,1,1,0,0,0,1,0,0,0,0,0,1,0,1,0,0,0,0,0,0,0,0,0,1,0,-1,1,0,0,0,1,1,0,1,0,2,0,1,0,1,3,0,0,1,0,0,0,0,0,0,1,0,0,0,0,0,0,1,0,1,3,1,0,0,0,1,0,0,0,0,0,1,-1,1,-1,-1,0,0,1,0,0,0,-1,0,-1,-2,1,0,0,0,1,1,1,0,1,1,0,0,0,1,1,0,0,0,0,0,1,0,0,1,0,0,0,0,0,0,0,0,0,0,1,0,1,0,0,1,0,0,0,1,0,1,1,0,0,0,0,0,0,0,0,1,0,0,1,-1,0,1,0,-1,1,1,1,1,2,0,1,1,0,0,0,0,0,0,0,0,0,0,0,0,0,0,1,1,0,1,1,1,2,0,0,0,0,1,0,0,2,0,0,0,0,0,-1,-1,0,1,1,1,2
2582,65,2,09,1,6,6,1,3,2,6,3,1,4,1,1,5,1,3,0,5,1,0,0,2,1,0,1,1,0,5,3,0,3,0,0,0,0,0,0,0,0,0,0,-1,0,3,0,-1,-1,0,5,0,2,0,0,-2,0,-3,0,0,0,0,0,2,1,1,2,1,4,2,3,3,3,2,0,1,0,0,0,1,0,2,1,2,2,2,3,3,2,0,1,0,0,0,0,0,0,0,0,0,0,0,0,-2,-1,-2,-1,-2,0,-2,-1,-3,-3,-2,1,-1,2,1,0,0,0,0,0,1,2,4,8,4,3,3,5,3,3,1,1,1,3,3,0,0,1,5,1,1,1,2,1,2,2,2,3,2,1,0,1,2,0,0,0,0,0,0,0,-2,-1,-1,5,1,0,0,-1,2,1,-2,-2,-2,3,0,0,1,2,0,0,4,6,3,2,2,1,5,4,0,6,2,1,3,0,1,1,0,0,4,1,1,1,1,3,1,0,0,0,1,0,0,0,2,5,-2,-2,0,6,-2,0,2,-1,0,-2,0,0,0,0
2582,65,2,11,1,2,0,1,0,0,0,1,0,0,1,0,0,0,0,0,2,0,1,0,0,0,0,0,0,0,0,1,0,0,0,0,0,0,0,0,0,0,0,0,1,2,-1,1,0,1,0,0,0,0,0,2,-1,1,0,0,0,0,0,0,3,0,1,0,0,0,1,1,0,0,1,0,0,0,0,1,0,0,0,0,0,0,1,0,0,0,1,0,0,0,1,0,1,0,0,0,0,0,0,0,3,-1,0,0,0,1,0,-1,0,0,1,-1,0,0,0,1,0,1,0,0,0,0,1,0,1,1,2,0,1,0,0,0,0,0,0,0,0,0,0,0,0,1,0,0,0,0,1,0,0,0,0,0,1,0,1,1,0,0,1,0,-1,-2,1,-1,1,0,-1,0,0,0,0,-1,0,0,0,-1,0,1,-1,1,0,0,1,0,3,1,0,3,0,0,0,0,0,0,1,0,1,1,0,0,2,0,0,1,0,0,0,0,0,0,0,2,-3,-1,1,-3,-1,-1,0,0,-2,0,1,-1,0,0,0,-2
2582,66,1,09,0,3,1,1,2,1,3,2,6,4,0,3,1,0,1,0,0,0,1,1,0,1,0,1,2,1,1,2,5,2,0,0,0,0,0,0,1,0,0,0,-1,0,-1,-5,-2,0,2,1,-1,-1,-1,-1,-2,-4,-1,0,-1,0,0,0,1,0,5,4,1,3,1,3,3,1,1,0,1,3,1,0,0,3,1,0,0,0,1,1,1,2,1,2,2,0,0,0,1,0,0,1,0,0,0,0,-2,-1,2,1,0,1,0,0,2,0,-2,-1,1,-1,0,-1,0,1,0,0,3,2,3,4,4,0,1,0,0,2,2,1,2,1,1,1,1,1,3,3,0,0,0,0,1,0,1,0,0,1,0,0,0,0,0,0,0,0,0,0,3,1,3,4,2,2,1,2,1,0,1,0,1,3,2,0,0,0,0,0,2,2,1,0,1,2,3,4,0,1,0,0,2,1,1,0,0,1,2,2,1,1,1,2,0,0,0,0,0,0,0,0,1,0,-2,-4,0,0,-2,-2,1,0,0,-2,0,0,0,0
2582,66,1,11,0,0,0,1,2,0,0,0,0,2,0,0,0,0,1,0,0,0,1,0,0,0,0,0,1,0,0,0,0,1,0,0,0,0,1,0,0,0,0,0,0,0,0,1,0,0,0,0,0,0,0,0,0,1,-1,0,0,0,0,1,1,0,2,0,1,0,1,2,0,0,0,0,0,0,1,1,0,0,0,0,0,0,0,0,0,0,1,1,0,0,0,0,2,0,0,0,0,1,0,0,1,-1,0,0,1,0,0,0,0,1,1,-1,-1,0,0,0,0,1,0,0,1,0,2,0,1,0,0,1,2,0,0,0,1,0,0,1,0,0,0,1,0,0,0,1,0,0,0,1,0,0,0,0,1,0,0,0,0,0,1,0,1,0,1,-2,1,0,0,1,-1,0,1,0,-1,0,1,0,0,1,-1,0,0,0,1,2,1,0,1,1,0,0,0,0,0,0,1,1,0,0,0,0,1,0,1,1,0,0,0,1,0,0,0,0,-1,0,0,1,0,0,0,0,-1,0,0,0,0,0,0,1
2582,66,2,09,2,0,0,4,8,2,1,1,3,3,1,0,0,1,6,1,0,0,3,2,0,1,0,1,1,2,0,1,2,2,0,0,0,0,0,0,0,0,0,0,0,-1,-1,1,5,1,-1,0,0,5,-1,0,-1,1,0,0,0,0,0,0,1,3,3,2,4,1,1,2,2,2,1,3,2,1,3,0,0,1,1,1,1,1,1,0,1,0,0,1,2,1,0,0,0,0,0,0,0,0,0,0,0,2,1,0,2,0,2,1,1,2,0,0,0,-1,0,0,0,0,0,0,3,3,1,2,4,4,1,1,4,5,2,2,1,2,3,1,1,0,0,1,2,0,1,0,2,2,1,0,3,3,0,0,0,0,0,0,0,0,1,0,-1,2,0,-2,-1,0,2,0,2,1,-1,0,0,-3,-2,0,0,0,-1,0,5,3,1,3,2,3,2,0,4,2,0,2,1,1,1,1,2,2,2,0,0,1,0,0,0,0,0,0,0,0,0,0,3,0,-1,3,2,0,-2,2,1,0,1,1,0,0,0,0
2582,66,2,11,1,0,0,1,0,0,1,0,0,1,0,0,0,0,0,0,0,0,1,0,0,0,0,0,1,0,0,0,0,0,1,0,0,0,0,0,1,0,0,0,1,-1,0,1,-1,0,0,0,0,-1,0,0,0,1,0,1,-1,0,0,0,0,1,0,0,0,0,1,0,0,0,0,0,0,0,0,0,0,0,0,0,0,0,0,0,0,0,1,0,0,0,0,1,0,0,0,0,0,0,0,0,0,0,0,0,0,0,0,0,0,0,0,-1,0,0,0,0,1,0,0,0,1,0,1,1,0,1,0,2,1,0,1,0,0,1,0,0,0,0,0,0,0,0,1,0,0,1,0,1,0,0,0,0,1,0,0,0,0,0,1,0,0,0,-1,0,0,1,0,-1,1,0,-1,0,-1,0,0,0,0,1,-1,0,0,1,0,0,0,0,1,1,0,1,0,0,0,0,0,0,0,0,0,0,0,0,0,1,0,0,0,0,0,0,1,0,0,1,-1,-1,0,1,0,0,0,0,0,-1,0,0,-1,0
2582,67,1,09,1,1,1,1,3,1,1,3,0,3,0,1,1,0,1,1,0,0,1,2,1,0,1,0,3,0,1,2,0,0,0,0,0,0,0,0,0,0,0,0,0,0,-2,1,0,-1,1,0,0,-2,1,-1,-2,1,2,0,0,0,0,0,1,0,3,3,2,1,1,3,2,4,0,0,3,1,1,1,0,0,1,0,0,0,0,1,2,1,1,3,1,2,0,0,0,1,1,0,0,0,0,0,0,-1,0,1,-2,0,0,3,0,-1,0,-1,-3,0,-2,0,0,0,1,1,2,4,2,2,3,4,0,0,3,1,1,4,2,0,0,1,0,0,2,3,2,0,0,1,0,2,0,0,0,1,0,0,0,0,0,0,0,0,2,0,-2,4,2,-1,2,-1,4,2,-1,0,-1,0,0,2,2,0,0,0,-2,0,0,4,3,0,1,2,1,3,0,2,2,0,0,2,1,0,1,1,0,2,0,1,1,1,0,0,0,0,0,0,0,0,-1,2,2,-3,-1,1,2,-2,0,1,0,-1,0,0,0,0
2582,67,1,11,0,0,0,0,1,1,0,0,0,0,0,0,0,0,0,0,0,0,0,0,0,0,0,0,0,0,0,0,0,0,0,0,0,0,1,1,0,0,0,0,-1,0,0,0,1,0,0,0,0,0,0,0,0,0,0,-1,0,0,0,1,0,0,0,1,0,1,0,0,1,0,0,0,0,1,0,0,0,0,0,0,1,0,0,1,0,0,0,0,0,0,0,0,0,0,0,0,0,0,0,0,-1,0,0,0,0,-1,0,0,0,0,0,0,0,0,0,0,0,0,0,0,0,0,0,0,1,0,0,0,1,1,0,0,0,0,0,0,0,0,0,0,0,0,0,0,0,0,0,0,0,1,0,0,0,0,1,0,0,0,1,0,0,0,0,-1,0,0,0,0,0,0,0,0,0,0,-1,0,0,0,-1,1,0,0,0,6,1,0,0,1,0,0,0,0,0,0,0,0,0,0,0,0,1,0,0,1,0,0,0,6,0,0,0,0,-1,0,0,5,0,0,0,0,-1,0,0,-1,0,0,0,6
2582,67,2,09,1,3,1,2,1,0,3,2,5,2,0,2,1,1,1,1,1,0,1,0,0,3,1,3,1,0,0,1,2,1,0,0,0,0,0,0,0,0,0,0,1,0,-1,-3,-1,0,-1,0,-2,0,1,1,-1,-1,-1,0,0,0,0,0,3,2,2,0,3,2,3,3,4,5,2,1,0,0,2,1,1,2,0,1,2,2,1,2,5,0,1,2,2,0,0,0,0,0,0,0,0,0,0,0,1,-1,-1,-4,-2,0,-1,-1,-2,-3,1,0,0,-2,1,0,0,0,0,0,1,3,2,1,2,4,3,4,2,1,1,1,1,0,1,0,2,1,1,1,1,2,2,1,0,3,1,2,1,1,0,0,0,0,0,0,0,0,0,0,-3,0,-2,-1,1,0,-1,-1,-1,1,-3,1,-1,0,0,0,0,0,0,0,1,2,3,2,5,1,5,2,1,2,2,0,0,0,1,2,2,1,3,1,3,0,2,1,0,0,0,0,0,0,0,0,-4,1,-2,0,-1,1,-1,-1,-3,0,-1,1,0,0,0,0
2582,67,2,11,0,0,0,0,1,0,1,0,0,1,0,0,0,0,1,0,0,0,0,0,0,0,0,0,1,0,1,0,0,0,0,0,0,0,0,0,0,0,0,0,0,-1,0,0,0,0,0,0,0,0,0,-1,0,0,0,0,0,0,0,0,0,1,0,2,0,0,0,1,0,0,0,1,0,2,0,0,0,0,0,0,0,0,1,0,0,0,0,0,0,0,0,0,0,0,0,0,0,0,0,0,0,1,-1,2,0,0,1,-1,2,0,0,0,0,0,0,0,0,0,0,0,1,0,1,2,0,0,1,2,0,0,0,0,1,1,0,1,0,0,1,0,0,0,2,0,0,0,0,0,0,0,0,0,0,0,0,0,1,0,0,0,1,-1,-1,2,0,0,0,-1,1,0,1,0,0,1,0,0,-1,0,0,0,1,0,0,1,0,0,0,0,0,0,0,0,0,0,0,0,0,0,0,0,0,0,0,0,1,0,0,1,0,0,0,0,1,0,0,1,0,0,0,0,0,0,0,0,1,0,0,1
2582,68,1,09,0,3,1,1,3,2,3,0,3,2,0,2,1,1,2,0,1,0,0,1,1,2,0,1,2,1,1,0,2,0,0,0,0,0,0,0,0,0,0,0,-2,0,1,-2,1,-1,0,1,0,0,-1,0,0,-2,1,0,0,0,0,0,1,2,2,0,2,1,0,1,7,1,0,2,2,0,2,0,0,0,0,0,1,0,1,5,0,0,0,0,2,1,1,0,0,0,0,0,0,0,0,0,0,2,1,-7,1,-1,2,1,-5,2,0,0,0,-2,-1,1,0,0,0,0,3,2,4,1,3,1,3,0,4,2,0,2,3,1,2,3,0,1,0,1,0,2,0,2,0,1,1,0,2,2,0,0,0,0,0,0,0,0,0,0,2,-1,4,-3,1,0,0,3,-1,2,2,-1,1,-2,-1,0,0,0,0,0,1,1,1,0,3,1,3,3,1,0,1,0,0,1,0,0,1,1,1,3,2,0,2,0,0,0,0,0,0,0,0,0,-2,0,-2,-3,0,-1,0,-3,-2,1,-2,0,0,0,0,0
2582,68,1,11,1,1,0,0,0,0,0,0,0,0,1,0,0,0,0,0,1,0,0,0,0,0,0,0,0,0,0,0,0,0,0,0,0,0,0,0,0,0,0,0,1,1,0,0,0,1,0,0,0,0,0,1,0,0,0,0,0,0,0,0,1,0,1,1,1,0,0,0,0,1,0,0,0,1,0,0,0,0,0,1,0,0,0,0,1,0,0,0,0,0,1,0,1,0,0,0,0,0,0,0,1,0,1,1,0,0,0,0,1,-1,0,0,0,0,1,1,0,1,0,0,0,0,0,0,0,0,0,0,0,0,0,0,0,0,0,0,0,0,0,0,0,0,0,0,0,0,0,0,0,0,0,0,0,0,0,0,0,0,0,0,0,0,0,0,0,0,0,0,0,0,0,0,0,0,0,0,0,0,0,0,2,0,0,0,0,1,0,1,2,0,0,0,0,0,0,0,0,1,0,0,0,0,0,0,0,0,0,0,0,0,0,1,2,-1,0,-1,2,-1,0,0,0,0,0,0,0,0,0,-1
2582,68,2,09,2,0,0,1,4,1,0,1,2,2,2,0,0,0,3,0,0,0,1,1,1,0,0,0,1,0,0,1,2,1,0,0,0,0,0,0,0,0,0,0,1,0,-1,-1,2,1,0,0,0,2,0,0,-1,-1,0,0,0,0,0,0,2,1,1,4,1,4,2,1,0,1,0,1,1,4,1,2,0,0,0,0,2,0,1,0,0,2,2,0,0,1,0,0,0,0,0,0,0,0,0,0,-2,-1,0,4,0,-2,1,0,4,1,0,-2,0,0,-1,0,0,0,0,0,1,3,0,0,2,2,5,2,3,3,1,3,0,0,1,0,0,0,0,1,2,4,2,1,3,0,1,0,2,0,0,0,0,0,0,0,0,0,0,0,-1,-2,-2,-3,-1,-1,-1,-2,-1,-2,0,-1,0,-2,1,0,0,0,0,0,4,1,2,1,2,5,3,2,1,1,1,0,3,0,1,1,1,4,3,1,1,1,0,1,0,0,0,0,0,0,0,0,2,-4,-1,-1,0,-3,-2,-1,2,-1,1,0,0,0,0,0
2582,68,2,11,0,0,0,0,1,0,1,0,1,0,0,0,0,0,1,0,0,0,0,0,0,1,0,1,0,0,0,0,0,0,0,0,0,0,0,0,0,0,0,0,0,-1,0,-1,1,0,-1,0,-1,1,0,0,0,0,0,0,0,0,0,0,0,0,0,0,0,1,0,0,0,1,0,0,0,0,0,0,0,0,0,0,0,0,0,0,1,1,0,0,0,0,0,0,0,0,0,0,0,0,0,0,-1,0,0,0,-1,0,0,0,0,-1,-1,0,0,0,0,0,0,0,0,0,1,0,0,1,0,1,0,1,0,0,0,0,0,0,0,0,0,0,0,0,1,0,1,0,0,0,0,0,0,0,1,0,0,1,0,0,0,0,0,0,0,0,-1,1,0,-1,0,-1,0,0,0,0,0,0,0,1,0,0,1,0,0,0,1,0,0,0,0,0,0,0,1,0,0,0,0,0,0,0,0,0,0,0,0,0,0,0,0,0,0,0,0,0,0,0,1,0,0,0,1,0,0,0,0,0,0,0,0,0
2582,69,1,09,1,2,2,2,3,0,0,3,0,2,1,2,1,2,2,0,0,1,0,1,0,0,1,0,2,0,0,2,0,0,0,0,0,0,0,0,0,0,0,0,1,2,-1,2,1,1,2,0,2,0,0,0,-1,0,1,0,0,0,0,0,2,1,4,2,2,2,1,3,4,5,1,0,2,0,1,1,1,2,2,1,1,0,1,2,2,1,1,2,2,3,0,0,0,0,0,0,0,0,0,0,0,0,1,-2,-3,0,0,1,-2,-1,0,0,0,0,-2,0,0,0,0,0,0,3,2,2,1,1,2,2,4,2,0,3,0,2,1,0,0,1,0,0,1,1,2,1,2,0,1,0,3,0,0,0,1,0,0,0,0,0,0,0,-1,1,0,-2,-1,-1,2,-2,1,-1,0,-1,1,-3,0,0,0,1,0,0,6,2,0,1,3,2,0,1,2,2,0,1,4,0,0,0,2,2,0,0,1,0,0,1,0,0,0,0,0,0,0,0,3,0,0,0,0,0,0,1,3,0,0,-1,0,0,0,0
2582,69,1,11,0,0,1,1,0,0,0,1,0,0,0,0,1,1,0,0,0,0,0,0,0,0,1,0,0,0,0,0,0,0,0,0,0,0,0,0,0,0,0,0,0,0,0,1,0,0,0,0,1,0,0,0,0,0,0,0,0,0,0,0,0,0,2,0,0,0,2,1,1,0,0,0,0,0,0,0,0,0,0,0,0,0,0,1,0,0,0,1,0,0,0,0,2,0,0,0,2,0,0,0,0,-2,1,-1,0,0,0,0,-1,0,0,0,-1,0,0,0,-2,2,0,0,0,0,0,2,0,0,0,0,1,0,0,0,0,1,0,0,0,0,0,0,0,0,0,1,0,0,0,0,0,0,0,0,0,1,0,0,0,0,0,0,0,0,0,1,0,0,0,0,0,0,0,0,0,0,0,0,0,0,1,0,0,0,1,1,0,0,0,1,0,0,1,0,0,0,0,0,0,0,0,0,0,0,0,1,0,0,0,1,0,0,0,0,0,0,1,0,0,0,1,0,0,0,0,-1,0,0,0,1
2582,69,2,09,1,2,1,1,1,3,1,4,0,2,0,1,1,1,0,1,1,0,0,1,1,1,1,0,0,2,0,3,0,2,0,0,0,0,0,0,0,0,0,0,-2,1,-3,1,-1,-1,0,0,1,0,-1,1,-3,0,-1,0,0,0,0,0,2,2,1,1,1,3,3,3,4,3,2,1,1,0,1,0,1,0,1,0,3,2,2,2,0,0,1,1,2,3,0,0,0,0,0,0,0,0,0,0,-1,-1,-2,-3,-2,-1,-1,-1,-2,1,0,0,-1,-1,-3,0,0,0,0,0,0,2,2,1,2,5,1,0,2,3,0,2,0,1,0,0,0,2,0,2,2,1,0,1,2,3,0,0,1,1,0,0,0,0,0,0,0,0,0,0,-5,1,2,-1,-1,-2,1,0,0,-2,-3,0,2,-1,1,0,0,0,0,0,1,1,1,0,3,2,1,0,0,0,0,0,1,1,1,0,2,1,0,0,1,1,1,0,0,0,0,0,0,0,0,0,-2,-1,0,0,-2,-1,0,0,0,0,0,0,0,0,0,0
2582,69,2,11,0,1,0,0,0,0,0,0,1,0,0,1,0,0,0,0,0,0,0,0,0,0,0,1,0,0,0,0,0,0,0,0,0,0,0,0,0,0,0,0,0,1,0,-1,0,0,1,0,-1,0,0,0,0,0,0,0,0,0,0,0,0,1,0,0,0,1,1,1,0,0,0,0,0,0,0,0,0,0,0,0,1,0,1,0,0,0,1,0,0,0,0,1,0,0,0,0,0,0,0,0,-1,0,-1,0,0,-1,0,-1,0,0,0,-1,0,0,0,0,1,0,0,0,2,1,0,1,0,1,2,1,1,0,1,0,0,1,0,0,0,0,0,0,0,0,1,1,0,1,2,0,0,0,1,1,0,0,0,0,0,0,0,0,1,-1,-1,0,0,1,0,-1,0,0,-1,-2,0,0,0,1,1,0,0,0,2,1,0,0,0,1,0,2,1,0,0,0,0,0,0,0,0,0,0,0,0,1,0,2,1,1,0,0,0,0,0,0,2,0,0,-2,1,0,0,0,0,-1,0,-2,1,1,0,0
2582,70,1,09,1,0,1,2,0,1,2,0,2,0,1,0,0,1,0,0,0,1,0,0,1,1,0,2,0,0,1,0,0,0,0,0,0,1,0,0,0,0,0,0,0,-2,1,0,0,0,-1,0,-1,0,0,-1,1,0,0,0,0,0,1,0,1,2,0,2,1,1,1,3,2,3,0,0,0,2,0,1,2,0,0,0,0,0,3,0,2,1,1,0,2,0,0,0,0,0,1,0,0,0,0,1,0,1,-3,0,-2,0,0,-3,2,-2,0,1,0,-2,0,0,0,0,0,0,2,3,1,0,2,2,0,1,0,3,2,2,1,0,1,0,1,0,0,1,1,0,1,0,2,1,0,0,0,1,0,0,0,0,0,0,0,0,0,0,0,3,0,0,-1,1,2,0,0,-1,-1,1,0,0,0,0,0,0,0,0,1,2,3,0,2,2,1,0,1,2,1,0,0,0,1,0,2,2,0,0,0,0,1,0,0,0,1,0,0,0,0,0,-1,0,2,0,-1,0,1,0,0,0,0,0,0,0,1,0
2582,70,1,11,0,0,0,0,1,0,0,0,0,1,0,0,0,0,1,0,0,0,0,0,0,0,0,0,1,0,0,0,0,0,0,0,0,0,0,0,0,0,0,0,0,0,0,0,0,0,0,0,0,0,0,0,0,0,0,0,0,0,0,0,0,1,0,0,0,0,1,1,0,0,0,0,0,0,0,0,0,0,0,0,0,1,0,0,0,0,0,1,0,0,0,1,0,0,0,0,0,0,0,0,0,0,-1,0,0,0,-1,0,0,0,0,0,-1,0,0,0,1,0,0,0,0,0,0,1,1,0,0,0,0,2,0,0,0,1,0,0,0,0,0,0,0,0,0,0,0,0,0,0,0,2,0,0,0,0,1,0,0,0,0,0,0,0,0,1,-1,0,0,0,1,0,0,0,0,0,-2,0,0,0,0,1,0,0,0,0,0,0,1,1,0,0,0,0,0,0,0,0,0,0,0,1,0,0,0,0,0,0,0,0,0,0,1,0,0,0,-1,-1,0,0,0,-1,0,0,0,0,0,0,-1,0
2582,70,2,09,2,1,0,2,1,0,3,0,0,4,2,1,0,1,1,0,0,0,1,0,0,1,0,0,1,0,2,0,0,3,0,0,0,0,0,0,0,0,0,0,2,-2,0,2,-3,2,0,0,1,0,0,-2,0,1,-3,0,0,0,0,0,2,3,2,0,2,0,2,0,0,1,2,1,1,0,1,0,2,1,0,0,0,1,0,0,1,0,1,0,0,0,0,0,0,0,1,0,0,0,0,0,2,1,2,0,1,2,0,1,0,0,0,1,1,0,0,0,0,0,0,1,2,2,1,4,1,0,2,4,1,1,2,2,1,3,1,0,0,0,1,0,0,1,3,0,0,0,1,1,1,1,0,0,0,0,0,0,0,0,0,0,2,0,-3,3,0,2,1,-2,3,1,0,-1,-1,0,-1,0,0,0,0,0,1,1,0,0,1,2,0,3,1,0,0,0,0,1,0,0,0,2,0,1,1,0,0,2,0,0,0,0,0,0,0,0,0,-1,0,-3,1,-2,0,-1,-1,1,0,-2,0,0,0,0
2582,70,2,11,2,0,1,0,0,2,0,0,0,0,0,0,0,0,0,1,0,1,0,0,1,0,0,0,0,1,0,0,0,0,1,0,0,0,0,0,0,0,0,0,0,0,1,0,0,-1,0,0,0,0,0,0,1,0,0,1,0,0,0,0,0,3,0,0,0,0,0,0,0,0,0,0,0,0,0,0,0,0,0,0,0,0,0,0,0,0,0,0,0,0,0,3,0,0,0,0,0,0,0,0,0,3,0,0,0,0,0,0,0,0,0,0,0,0,0,0,3,0,0,0,0,0,0,0,1,1,1,1,0,2,0,0,0,0,1,0,0,0,0,0,0,1,0,0,1,1,0,1,0,1,0,0,0,0,0,0,0,0,0,0,-1,-1,-1,0,-1,0,-1,0,0,0,-1,0,-1,0,-1,0,0,0,0,0,0,0,0,0,0,0,1,0,0,0,0,0,0,0,0,0,0,0,1,0,0,0,0,0,0,0,0,0,0,0,0,0,0,0,-1,0,0,0,-1,0,0,0,0,0,0,0,0,0
2582,71,1,09,1,3,1,1,0,1,0,1,1,2,1,3,1,1,0,0,0,0,0,0,0,0,1,0,0,1,0,0,1,2,0,0,0,0,0,0,0,0,0,0,0,3,0,0,-2,1,3,0,1,0,-1,0,0,-1,-2,0,0,0,0,0,3,2,0,0,5,1,1,1,2,2,2,1,0,0,3,0,1,0,0,2,1,0,1,2,1,0,1,0,0,1,1,0,0,0,0,0,0,0,0,0,2,1,-1,-2,3,1,1,-1,-2,2,0,0,0,0,1,1,0,0,0,0,2,0,3,2,3,1,4,2,2,1,2,0,2,2,1,0,0,1,0,2,1,2,1,2,1,0,2,1,0,0,0,0,0,0,0,0,0,0,0,0,1,-4,1,0,2,1,-2,1,0,0,0,-2,0,0,2,0,0,0,0,0,2,1,2,0,2,0,1,3,2,0,1,0,0,1,0,0,0,0,1,2,2,0,0,1,0,0,1,0,0,0,0,0,0,1,1,-3,2,0,0,-2,-2,1,0,-1,0,0,1,0
2582,71,1,11,0,0,0,0,0,0,0,0,0,0,0,0,0,0,0,0,0,0,0,0,0,0,0,0,0,0,0,0,0,0,0,0,0,0,0,0,0,0,0,0,0,0,0,0,0,0,0,0,0,0,0,0,0,0,0,0,0,0,0,0,1,1,0,0,0,1,0,1,0,0,1,1,0,0,0,0,0,0,0,0,1,0,0,0,0,0,0,1,0,0,0,0,0,0,0,0,0,0,0,0,0,1,-1,0,0,0,1,0,0,0,0,0,-1,0,0,0,0,0,0,0,0,1,0,0,0,0,2,0,0,0,0,0,0,0,0,0,1,0,0,0,0,1,0,0,0,0,1,0,0,0,0,0,0,0,0,0,0,0,0,0,0,-1,0,0,0,0,-1,0,0,0,0,0,0,0,0,0,0,0,0,0,1,0,0,0,0,0,0,1,0,0,0,0,0,0,0,0,0,0,0,0,0,0,0,1,1,0,0,0,0,0,0,0,1,0,0,-1,0,0,0,0,0,0,0,-1,1,0,0,0
2582,71,2,09,2,1,1,1,0,1,1,2,1,1,2,1,0,0,0,0,0,1,1,0,1,1,1,0,1,0,0,1,1,0,0,0,0,0,0,0,0,0,0,0,1,0,-1,0,-1,1,0,-1,0,-1,0,0,0,0,0,0,0,0,0,0,2,1,3,0,0,2,1,3,1,0,1,1,3,0,0,1,0,0,0,0,0,0,1,1,0,2,0,2,0,0,0,0,0,0,0,0,1,0,0,0,0,0,0,-1,0,1,1,2,-1,0,-1,0,-2,0,0,0,-1,0,0,0,0,1,0,1,2,0,3,1,2,2,0,1,0,0,0,0,0,0,1,2,0,2,0,2,1,0,1,1,0,1,0,0,0,0,0,0,0,0,0,0,0,-2,-1,-1,0,0,-1,0,-2,-1,0,-1,-1,1,1,0,0,0,0,0,2,3,2,1,1,1,1,1,1,2,1,1,1,1,1,0,1,1,0,1,0,0,1,0,0,0,0,0,0,0,0,0,1,2,1,0,0,1,1,0,1,1,0,0,0,0,0,0
2582,71,2,11,1,2,0,1,0,1,2,0,1,0,0,1,0,0,0,1,0,0,0,0,0,0,0,0,0,1,2,0,1,0,0,1,0,1,0,0,0,0,0,0,0,0,0,0,0,0,1,0,0,0,0,-2,0,-1,0,0,1,0,1,0,0,1,0,0,1,0,1,2,0,1,0,1,0,0,1,0,0,0,0,0,0,1,0,0,1,0,0,2,0,0,0,0,0,0,0,0,0,0,0,0,0,0,-2,0,0,0,0,0,0,0,0,0,-2,0,0,0,0,0,0,0,2,2,0,0,1,1,0,0,0,0,1,2,0,0,1,0,0,0,0,0,1,0,0,0,0,0,0,0,0,0,1,0,0,0,0,0,0,0,0,0,1,2,0,0,1,0,2,0,0,1,0,0,0,0,0,1,0,0,0,0,0,1,0,0,1,0,1,0,0,1,0,0,0,0,0,0,1,0,1,0,0,0,0,0,0,0,0,0,0,0,0,0,-1,1,-1,0,-1,1,-1,0,0,0,0,0,0,0,0,0
2582,72,1,09,0,2,1,1,2,1,1,1,1,1,0,0,1,1,2,0,2,0,0,0,1,0,1,1,0,0,1,0,0,1,0,0,0,0,0,0,0,0,0,0,-1,1,0,0,1,-1,0,0,0,2,0,1,0,0,-1,0,0,0,0,0,1,1,2,1,0,1,1,0,1,2,1,1,2,1,0,0,0,0,0,0,1,1,0,0,1,0,0,0,1,1,0,0,0,0,0,0,0,0,0,0,0,0,2,0,-2,0,0,2,1,-1,0,0,0,-1,-1,0,0,0,0,0,0,0,2,2,4,2,2,2,4,4,0,0,1,0,3,0,0,1,1,1,1,2,0,4,2,1,0,2,0,2,0,0,0,1,0,0,0,0,0,0,-2,-2,0,-2,0,-1,-2,1,-4,1,-1,0,-1,1,-1,0,0,0,1,0,0,2,0,1,2,4,2,0,0,1,0,1,0,1,0,0,1,2,1,0,1,2,1,0,0,0,0,0,0,0,0,0,-2,-2,-2,1,-1,-1,-1,1,-1,-1,-1,0,0,0,0,0
2582,72,1,11,0,1,0,0,1,0,1,1,0,0,0,0,0,0,1,0,0,0,0,0,0,0,1,0,0,0,1,0,0,0,0,1,0,0,0,0,0,0,0,0,0,0,-1,0,1,0,0,-1,0,1,0,-1,0,0,0,0,1,0,0,0,0,0,0,0,0,0,0,0,0,0,0,0,0,0,0,0,0,0,0,0,0,0,0,0,0,0,0,0,0,0,0,0,0,0,0,0,0,0,0,0,0,0,0,0,0,0,0,0,0,0,0,0,0,0,0,0,0,0,0,0,0,0,0,1,0,0,0,0,1,0,0,0,0,1,0,0,0,0,0,0,0,0,0,0,0,0,0,0,1,0,0,0,0,0,0,0,0,0,0,0,0,0,0,0,0,0,0,0,1,0,0,0,0,-1,0,0,0,0,0,0,0,1,0,1,0,0,0,0,0,0,0,0,0,1,0,0,0,0,0,0,0,0,0,0,0,0,0,1,0,0,0,0,0,1,0,1,0,0,0,0,0,1,0,0,0,0,0,1
2582,72,2,09,2,4,1,4,0,3,1,0,0,0,1,2,1,2,0,1,2,0,2,0,2,1,0,0,0,1,0,0,0,0,0,0,0,0,0,0,0,0,0,0,-1,3,1,4,0,-1,1,1,2,0,0,2,0,2,0,0,0,0,0,0,2,0,3,1,1,1,1,2,1,3,2,0,2,1,0,0,0,1,0,1,1,1,1,1,1,0,0,1,0,2,0,0,0,0,0,0,0,0,0,0,1,-1,1,0,-2,1,-1,1,0,-1,0,0,0,0,-1,0,0,0,0,0,1,1,2,0,2,0,0,3,2,2,0,1,2,0,2,1,0,0,0,0,0,0,2,2,2,0,0,1,0,0,0,0,0,0,0,0,0,0,0,0,1,1,-1,-2,0,0,1,0,-2,0,1,0,-1,0,0,0,0,0,0,0,1,3,1,1,2,0,1,1,1,2,1,0,0,1,0,1,1,0,0,0,1,0,1,1,0,0,0,0,0,0,0,0,-1,3,0,0,0,2,1,0,-1,1,-1,0,0,0,0,0
2582,72,2,11,1,0,1,1,0,0,0,0,0,0,1,0,1,0,0,0,0,0,1,0,0,0,0,0,0,0,0,0,0,0,0,0,0,0,0,0,0,0,0,0,1,0,1,1,0,1,0,1,0,0,0,0,0,1,0,0,0,0,0,0,0,0,0,0,0,0,0,0,0,0,0,0,0,0,0,0,0,0,0,0,0,0,0,0,0,0,0,0,0,0,0,0,0,0,0,0,0,0,0,0,0,0,0,0,0,0,0,0,0,0,0,0,0,0,0,0,0,0,0,0,0,0,1,0,0,0,0,0,0,0,0,0,1,0,0,0,0,0,0,0,0,0,0,0,0,0,0,0,0,0,0,0,0,0,0,0,0,0,0,0,0,0,1,0,0,0,0,1,0,0,0,0,0,0,0,0,0,0,0,0,0,1,0,0,1,0,0,0,0,1,0,0,0,0,0,0,1,0,0,0,0,0,0,0,0,0,0,0,0,0,0,0,-1,1,0,0,-1,1,0,0,0,0,0,0,0,0,0,0
2582,73,1,09,1,1,1,2,1,2,2,1,0,2,1,0,0,1,1,0,1,1,1,0,0,2,0,0,1,2,0,1,0,0,0,0,0,0,0,0,0,0,0,1,-1,-1,0,2,-1,1,-2,0,1,0,-2,1,0,1,0,0,0,0,0,-1,0,2,1,0,0,0,1,0,0,0,0,1,1,0,0,0,1,0,0,0,0,0,0,0,0,0,1,0,0,0,0,0,0,0,0,0,0,0,0,0,0,1,1,0,0,0,1,1,0,0,0,0,0,0,0,0,0,0,0,0,1,0,1,1,2,1,2,1,0,2,0,0,1,0,2,1,0,0,1,0,0,1,0,0,2,1,1,1,0,0,0,0,0,0,0,0,0,0,0,0,0,-2,0,1,0,0,-1,1,0,0,0,-1,-1,1,0,0,0,0,0,0,1,1,1,1,2,3,1,2,0,0,0,1,1,1,1,0,2,2,1,2,0,1,0,0,0,0,0,0,0,0,0,0,-1,-2,0,-1,-2,-2,-1,-1,1,0,1,0,0,0,0,0
2582,73,1,11,0,2,0,0,0,0,0,0,0,0,0,0,0,0,0,0,1,0,0,0,0,0,0,0,0,0,0,0,0,0,0,1,0,0,0,0,0,0,0,0,0,2,0,0,0,0,0,0,0,0,0,1,0,0,0,0,1,0,0,0,0,1,0,0,1,0,1,1,0,1,0,0,0,0,0,0,1,0,0,0,0,0,1,0,0,0,1,0,0,1,0,0,0,0,1,0,0,0,0,0,0,0,-1,0,0,0,0,-1,0,0,0,0,0,0,-1,0,0,0,0,1,0,0,0,0,0,0,0,0,0,0,0,0,0,0,0,0,0,0,0,0,0,0,0,0,0,0,0,0,0,0,0,0,0,0,0,0,0,0,0,0,0,0,0,0,0,0,0,0,0,0,0,0,0,0,0,0,0,0,0,0,0,0,0,0,1,0,0,0,0,0,0,0,0,0,0,0,0,0,0,0,1,0,0,0,0,0,0,0,0,0,0,0,-1,0,0,0,0,0,0,0,-1,0,0,0,0,0,0,0
2582,73,2,09,2,0,5,3,0,1,1,0,0,1,2,0,4,2,0,0,0,0,1,0,0,0,0,0,0,1,1,0,0,1,0,0,1,0,0,0,0,0,0,0,1,-1,5,3,-1,2,0,4,2,0,-1,-1,0,1,-1,0,0,1,0,0,0,2,3,1,2,3,2,1,0,1,0,0,3,0,1,0,2,0,1,1,2,0,0,0,0,1,2,1,0,1,0,0,0,0,0,0,0,0,0,0,-3,0,2,1,1,-2,0,3,0,1,-1,0,-1,1,0,0,0,0,0,0,1,3,0,0,0,1,2,3,2,0,1,3,0,0,0,0,0,0,0,0,0,2,2,1,0,1,0,1,1,0,0,0,0,0,0,0,0,0,0,0,0,1,-3,-2,0,1,1,-2,-1,0,-1,0,-1,-1,0,0,0,0,0,0,2,1,0,0,0,2,3,1,2,0,0,0,0,1,0,0,0,2,2,0,0,0,1,1,0,0,0,0,0,0,0,0,2,-1,-3,-1,2,-2,-2,0,0,1,-1,-1,0,0,0,0
2582,73,2,11,0,0,0,0,0,0,0,0,0,0,0,0,0,0,0,0,0,0,0,0,0,0,0,0,0,0,0,0,0,0,0,0,0,0,0,0,0,0,0,0,0,0,0,0,0,0,0,0,0,0,0,0,0,0,0,0,0,0,0,0,1,0,0,0,0,0,0,0,0,0,0,0,0,0,0,0,0,0,0,0,0,0,0,0,0,0,0,0,0,0,1,0,0,0,0,0,0,0,0,0,1,0,0,0,0,0,0,0,0,0,0,0,0,0,0,1,0,0,0,0,0,1,0,0,0,0,1,0,0,0,0,1,0,0,0,0,0,0,0,0,0,0,0,0,0,0,1,0,0,0,0,0,0,0,0,0,0,0,0,0,0,0,0,0,0,0,1,0,0,0,0,-1,0,0,0,0,0,0,0,0,0,0,2,0,0,0,3,2,0,0,0,0,0,0,0,0,0,0,1,1,0,0,1,0,0,0,2,0,0,0,1,1,0,0,-1,-2,0,0,-1,-1,0,0,-1,0,0,0,1,-1
2582,74,1,09,3,1,1,2,0,2,3,2,1,0,3,1,1,0,0,0,0,0,2,0,2,2,2,0,0,0,1,0,1,0,0,0,0,0,0,0,0,0,0,0,1,-2,-1,1,0,1,-1,-1,0,0,0,-1,0,1,0,0,0,0,0,0,2,1,4,0,2,0,2,3,0,0,1,1,4,0,2,0,0,0,0,0,0,1,1,0,0,0,1,2,0,0,1,0,0,0,0,0,0,0,0,0,2,-1,1,0,2,1,0,3,0,2,0,-1,-2,0,0,1,0,0,0,0,2,1,0,2,1,0,0,2,0,1,1,1,0,1,1,1,0,0,1,0,0,0,1,0,0,0,0,1,0,1,0,0,0,0,0,0,0,0,0,0,2,1,-2,2,0,1,1,-1,1,1,1,0,-1,1,-1,0,0,0,0,0,2,1,2,1,4,0,1,1,2,1,1,1,0,0,1,0,3,0,1,1,1,0,0,0,0,0,0,0,0,0,0,0,-2,1,1,0,-1,1,0,0,-1,0,1,0,0,0,0,0
2582,74,1,11,0,0,0,0,0,0,0,1,0,0,0,0,0,0,0,0,0,0,0,0,0,0,0,0,0,0,0,1,0,0,0,0,0,0,0,0,0,0,0,0,0,0,-1,0,0,0,0,0,0,0,0,0,-1,0,0,0,0,0,0,0,0,0,0,0,0,0,0,0,0,1,0,0,0,0,0,0,0,0,0,0,0,0,0,0,0,0,0,0,0,1,0,0,0,0,0,0,0,0,0,0,0,0,0,0,-1,0,0,0,0,0,0,0,0,0,-1,0,0,0,0,0,0,0,0,1,0,0,0,0,1,0,0,0,0,1,0,0,0,0,0,0,0,0,0,0,0,0,0,0,1,0,0,0,0,0,0,0,0,0,0,0,0,0,0,0,0,0,0,0,1,0,0,0,0,-1,0,0,0,0,0,0,0,0,0,0,0,0,0,0,0,0,0,0,0,0,0,0,0,0,0,0,0,0,0,0,0,0,0,0,0,0,0,0,0,0,0,0,0,0,0,0,0,0,0,0,0,0,0,0
2582,74,2,09,0,0,1,1,1,1,0,1,0,3,0,0,1,0,1,0,0,0,1,0,0,0,1,0,2,1,0,0,0,1,0,0,0,0,0,0,0,0,0,0,-1,0,0,1,-2,0,0,0,0,-1,-1,0,0,1,-1,0,0,0,0,0,0,1,5,0,0,1,1,0,2,1,0,1,4,0,0,0,0,1,0,0,1,0,0,1,0,0,1,0,1,1,0,0,0,0,0,0,0,0,0,0,-1,0,5,-2,-1,-1,1,4,-1,0,0,-1,1,-1,-1,0,0,0,0,0,1,0,1,0,0,2,1,2,2,0,0,0,1,0,0,1,0,0,0,0,0,1,2,1,0,2,0,0,1,0,0,0,0,0,0,0,0,0,0,0,-1,-1,-1,-2,0,0,-1,-1,-1,0,-1,0,0,-1,0,0,0,0,0,0,1,0,0,1,2,0,0,1,0,0,0,0,1,0,0,1,0,0,0,0,2,0,0,1,0,0,0,0,0,0,0,0,-1,0,0,0,0,0,0,0,-1,0,0,0,0,0,0,0
2582,74,2,11,0,1,0,0,0,0,1,0,0,0,0,0,0,0,0,0,0,0,0,0,0,0,0,0,0,0,1,0,0,0,0,1,0,0,0,0,0,0,0,0,0,0,0,0,0,0,0,0,0,0,0,-1,0,0,0,0,1,0,0,0,0,0,0,0,0,0,0,0,0,0,0,0,0,0,0,0,0,0,0,0,0,0,0,0,0,0,0,0,0,0,0,0,0,0,0,0,0,0,0,0,0,0,0,0,0,0,0,0,0,0,0,0,0,0,0,0,0,0,0,0,0,1,1,0,0,0,0,1,0,1,0,1,1,0,0,0,0,0,0,0,0,0,1,0,1,0,0,0,0,0,0,0,0,0,0,0,0,0,0,0,0,1,0,0,-1,0,1,0,0,-1,0,0,0,0,0,0,0,0,0,0,0,1,0,0,1,0,1,0,0,0,0,0,0,1,0,0,0,0,1,0,1,0,0,0,0,0,0,0,0,0,0,0,-1,1,-1,0,0,0,-1,0,-1,1,0,0,0,0,0,0
2582,75,1,09,1,2,1,4,0,2,1,0,2,1,1,1,1,2,0,0,1,0,2,0,2,0,0,2,1,0,1,0,0,0,0,0,0,0,0,0,0,0,0,0,-1,1,1,2,-1,-1,1,1,0,-1,0,0,0,2,0,0,0,0,0,0,1,2,1,2,0,2,0,1,1,0,1,2,1,0,0,0,0,0,2,0,1,0,1,1,0,1,0,0,0,0,0,0,0,0,0,0,0,0,0,0,-1,2,0,1,0,0,2,0,-1,0,-1,0,0,2,0,0,0,0,0,0,1,3,0,2,0,1,4,0,1,0,0,1,0,2,0,0,2,0,0,0,1,4,0,1,0,0,0,0,0,0,1,0,0,0,0,0,0,0,0,0,0,-1,0,1,0,-1,-3,0,1,0,0,2,0,0,0,1,0,0,0,0,4,0,1,1,0,0,2,1,3,0,0,1,0,0,1,0,0,0,1,1,0,0,1,0,1,0,0,0,0,0,0,0,4,0,-1,0,3,0,-1,0,0,0,0,0,1,0,0,0
2582,75,1,11,0,0,0,0,0,0,0,0,0,0,0,0,0,0,0,0,0,0,0,0,0,0,0,0,0,0,0,0,0,0,0,0,0,0,0,0,0,0,0,0,0,0,0,0,0,0,0,0,0,0,0,0,0,0,0,0,0,0,0,0,0,1,0,0,0,0,0,0,0,0,0,1,0,0,0,0,0,0,0,0,0,0,0,0,0,0,0,0,0,0,0,0,0,0,0,0,0,0,0,0,0,1,0,0,0,0,1,0,0,0,0,0,0,0,0,0,0,0,0,0,0,1,0,0,0,0,0,0,0,0,0,0,0,0,0,0,0,0,0,0,0,0,0,0,0,0,0,0,0,0,0,1,0,0,0,0,0,0,0,0,0,1,0,0,0,0,0,0,0,0,0,0,0,0,0,0,1,0,0,0,0,0,1,0,0,0,1,0,0,0,0,0,0,0,1,0,0,0,0,0,0,0,1,0,0,0,0,0,0,0,0,0,0,0,0,0,0,0,0,0,0,0,0,0,0,0,0,0
2582,75,2,09,0,0,0,2,0,1,1,1,0,2,0,0,0,1,0,0,0,0,1,0,0,0,1,0,2,0,1,0,0,0,0,0,0,0,0,1,0,0,0,0,-1,-1,-1,2,-2,0,0,-1,1,-2,0,-1,0,1,0,-1,0,0,0,0,0,1,1,2,0,0,1,3,2,0,0,0,1,1,0,0,1,0,1,0,0,1,3,1,0,0,0,0,1,0,0,0,0,0,0,0,0,0,0,0,0,0,-2,0,0,0,-1,-2,0,0,0,1,0,0,0,0,0,0,0,0,1,3,1,0,0,0,0,0,5,0,0,2,0,0,0,1,1,1,0,0,0,0,0,3,0,0,0,0,2,0,0,0,0,0,0,0,0,0,0,0,1,3,1,-5,0,0,2,0,-3,0,1,1,1,-2,0,0,0,0,0,0,1,0,0,1,2,0,1,0,1,0,0,1,0,0,0,0,2,0,1,0,0,0,0,0,0,0,0,0,0,0,0,0,-1,0,-1,1,-1,0,-1,1,0,0,0,0,0,0,0,0
2582,75,2,11,0,1,0,0,0,0,0,0,0,0,0,1,0,0,0,0,0,0,0,0,0,0,0,0,0,0,0,0,0,0,0,0,0,0,0,0,0,0,0,0,0,1,0,0,0,0,1,0,0,0,0,0,0,0,0,0,0,0,0,0,1,1,0,2,0,0,0,0,0,0,0,1,0,0,0,1,0,0,1,0,0,0,0,0,0,0,0,0,0,0,0,0,0,1,0,0,0,0,0,0,1,1,0,2,0,0,1,0,0,0,1,0,0,1,0,0,0,0,1,0,1,0,1,1,0,0,2,0,0,1,0,0,0,0,0,0,0,1,1,0,0,0,0,0,1,0,1,0,0,0,1,0,0,0,0,0,1,0,0,0,1,-2,1,1,-1,0,0,0,0,-1,0,-1,1,1,0,1,-1,0,0,0,0,0,1,0,0,0,0,1,0,0,1,0,0,0,0,0,0,0,0,0,0,0,0,1,0,0,0,0,0,0,0,0,0,0,1,-1,0,0,1,0,0,0,0,-1,0,0,0,0
2582,76,1,09,0,1,0,1,0,0,1,0,0,1,0,1,0,0,0,0,0,0,1,0,0,1,0,0,0,0,0,0,0,1,0,0,0,0,0,0,0,0,0,0,0,0,0,1,-1,0,0,0,0,0,0,0,0,1,-1,0,0,0,0,0,0,0,2,1,0,2,1,2,0,1,0,0,1,1,0,0,0,1,0,0,2,1,2,0,0,0,0,0,0,1,0,0,0,0,0,0,0,0,0,0,-2,-1,0,1,-1,-2,-1,-1,1,0,0,0,1,0,-1,0,0,0,0,0,0,2,3,1,2,0,1,0,1,0,0,2,2,1,2,0,0,1,0,0,0,0,0,1,0,0,0,0,0,0,0,0,0,0,0,0,1,0,0,0,0,1,3,0,2,0,2,2,0,2,0,0,1,0,0,0,-1,0,0,0,1,1,0,0,1,1,1,2,1,1,0,0,0,0,0,0,0,1,1,1,1,0,0,1,0,0,0,0,0,0,0,0,0,0,-1,-2,1,0,-1,-1,-1,0,0,-1,0,0,0,0
2582,76,1,11,0,0,0,0,0,0,0,0,0,0,0,0,0,0,0,0,0,0,0,0,0,0,0,0,0,0,0,0,0,0,0,0,0,0,0,0,0,0,0,0,0,0,0,0,0,0,0,0,0,0,0,0,0,0,0,0,0,0,0,0,0,0,0,0,0,0,0,0,0,0,0,0,0,0,0,0,0,0,0,0,0,0,0,0,0,0,0,0,0,0,0,0,0,0,0,0,0,0,0,0,0,0,0,0,0,0,0,0,0,0,0,0,0,0,0,0,0,0,0,0,0,2,0,0,0,1,0,0,0,1,0,2,0,0,0,0,0,0,0,0,0,0,0,0,0,1,0,0,0,0,0,0,0,0,0,0,0,0,0,1,-1,2,0,0,-1,0,2,0,0,0,-1,0,0,0,0,0,0,0,0,-1,0,0,0,0,0,0,0,0,0,0,0,0,0,0,0,0,0,0,0,0,0,0,0,0,0,0,0,0,0,0,0,0,0,0,0,0,0,0,0,0,0,0,0,0,0,0,0,0
2582,76,2,09,0,0,4,1,2,1,2,1,1,1,0,0,3,1,1,0,0,1,0,1,0,1,1,1,1,1,1,0,0,0,0,0,0,0,0,0,0,0,0,0,-1,-2,3,0,1,0,-1,2,0,0,-1,-1,1,0,1,0,0,0,0,0,2,0,4,2,0,2,0,0,1,1,1,0,3,1,0,1,0,1,1,0,2,0,0,1,1,0,0,0,0,0,0,0,0,0,0,0,0,0,0,0,0,0,4,1,-1,-1,0,3,0,-1,1,0,1,1,0,0,0,0,0,0,0,1,2,0,1,0,1,0,1,2,0,0,2,0,1,0,1,0,0,0,0,1,0,1,1,0,0,0,0,1,0,0,0,0,0,0,0,0,0,0,0,0,2,-1,-1,0,-1,2,-1,0,0,1,0,0,-1,0,0,0,0,0,1,1,0,1,2,1,1,0,0,1,0,1,1,0,0,0,1,1,0,0,1,0,1,0,0,0,0,0,0,0,0,0,-1,0,-1,1,-1,0,0,1,0,0,-1,0,0,0,0,0
2582,76,2,11,0,1,0,0,0,0,1,0,0,0,0,0,0,0,0,0,0,0,0,0,0,0,0,0,0,0,1,0,0,0,0,1,0,0,0,0,0,0,0,0,0,0,0,0,0,0,0,0,0,0,0,-1,0,0,0,0,1,0,0,0,0,1,0,0,0,0,0,0,0,0,0,1,0,0,0,0,0,0,0,0,0,0,0,0,0,0,0,0,0,0,0,0,0,0,0,0,0,0,0,0,0,1,0,0,0,0,1,0,0,0,0,0,0,0,0,0,0,0,0,0,0,0,0,0,0,0,0,0,0,0,0,0,0,0,0,0,0,0,0,0,0,0,0,0,0,0,0,0,0,0,0,0,0,0,0,0,0,0,0,0,0,0,0,0,0,0,0,0,0,0,0,0,0,0,0,0,0,0,0,0,0,1,0,0,0,0,0,1,0,1,0,0,0,0,0,0,0,0,0,0,0,0,0,1,0,0,0,0,0,0,0,0,0,1,0,-1,0,1,0,0,0,0,0,-1,0,0,0,0
2582,77,1,09,1,0,1,1,1,1,1,3,1,1,1,0,1,1,1,0,0,0,0,0,0,1,1,1,0,1,0,2,0,1,0,0,0,0,0,0,0,0,0,0,0,-1,-2,0,0,1,-1,0,0,1,-1,0,-2,0,-1,0,0,0,0,0,0,0,0,0,1,4,1,1,2,0,0,0,0,0,0,0,0,0,0,1,2,0,0,0,0,2,1,1,2,0,0,0,0,0,0,0,0,0,0,0,-4,-1,-1,-2,1,-2,0,0,0,0,-2,-1,-1,-2,1,0,0,0,0,0,1,1,1,1,3,1,2,1,2,0,0,0,0,0,3,1,0,0,1,0,1,1,1,2,0,0,1,0,0,0,0,1,1,0,0,0,0,0,0,0,0,-1,0,-1,3,-1,-1,-1,-2,3,1,-1,0,1,0,0,1,1,0,0,1,1,1,0,1,0,3,4,0,1,1,0,1,0,0,0,0,0,2,4,1,0,1,0,0,0,0,0,0,0,0,0,0,1,-2,-4,0,1,-1,-4,0,0,-1,0,0,0,0,0
2582,77,1,11,0,0,0,0,0,0,0,0,0,0,0,0,0,0,0,0,0,0,0,0,0,0,0,0,0,0,0,0,0,0,0,0,0,0,0,0,0,0,0,0,0,0,0,0,0,0,0,0,0,0,0,0,0,0,0,0,0,0,0,0,0,0,1,0,0,0,0,0,0,0,0,0,0,0,0,0,0,1,0,0,0,0,0,0,0,0,0,0,0,0,0,0,0,0,0,0,0,0,0,0,0,0,1,0,0,0,0,0,0,0,0,0,1,0,0,0,0,0,0,0,0,0,0,0,0,0,0,1,0,0,0,0,0,0,0,0,0,0,0,0,0,0,0,0,0,0,0,1,0,0,0,0,0,0,0,0,0,0,0,0,0,0,-1,0,0,0,0,0,0,0,0,0,-1,0,0,0,0,0,0,0,1,1,0,0,0,0,0,0,0,0,0,0,0,1,0,0,0,0,0,0,0,0,0,0,1,0,0,0,0,0,0,0,1,1,0,0,0,0,0,0,0,1,0,0,1,0,0,0
2582,77,2,09,1,3,1,1,1,1,2,3,1,1,1,1,1,0,0,0,2,0,1,1,1,1,1,0,0,0,1,2,0,1,0,0,0,0,0,0,0,0,1,0,0,1,-2,0,0,0,0,0,0,0,0,1,-2,1,0,0,0,0,-1,0,1,0,0,0,0,1,4,2,0,1,1,0,0,0,0,0,0,0,0,0,0,3,2,0,0,1,1,0,0,1,0,0,0,0,0,0,0,0,0,0,0,-4,-2,0,-1,1,-3,-2,0,0,-1,-1,0,0,-1,0,0,0,0,0,0,2,2,0,1,0,2,2,2,0,0,1,1,0,1,0,1,1,0,0,0,2,1,2,0,0,0,1,0,0,0,0,0,0,0,0,0,0,0,0,0,0,0,-2,1,0,-1,0,-2,1,0,1,0,0,0,0,0,0,0,0,0,5,2,3,2,2,1,0,0,4,2,3,0,1,0,0,1,2,0,0,1,0,1,0,0,0,0,0,0,0,0,0,-2,3,1,3,-1,2,2,3,-1,1,-1,0,0,0,0,0
2582,77,2,11,0,0,0,1,1,0,0,0,0,0,0,0,0,0,1,0,0,0,1,0,0,0,0,0,0,0,0,0,0,0,0,0,0,0,0,0,0,0,0,0,0,0,0,1,1,0,0,0,0,1,0,0,0,1,0,0,0,0,0,0,0,0,0,0,0,0,0,0,0,1,0,0,0,0,0,0,0,0,0,0,0,0,0,0,0,0,0,0,0,0,0,0,0,0,0,0,0,0,0,1,0,0,0,0,-1,0,0,0,0,0,0,0,0,0,0,0,0,0,0,-1,0,1,0,0,0,0,0,0,1,0,0,1,0,0,0,0,0,0,0,0,0,0,0,1,0,0,0,0,0,0,0,0,0,0,0,0,0,0,0,0,0,1,0,-1,0,0,1,0,-1,0,0,0,0,0,0,0,0,0,0,0,0,0,0,0,0,0,0,0,0,0,0,0,0,0,0,0,0,0,0,0,0,0,0,0,0,0,0,0,0,0,0,0,0,0,0,0,0,0,0,0,0,0,0,0,0,0,0,0
2582,78,1,09,0,1,0,0,0,1,0,1,0,0,0,1,0,0,0,0,0,0,0,0,1,0,1,0,0,0,0,0,0,0,0,0,0,0,0,0,0,0,0,0,-1,1,-1,0,0,-1,1,-1,0,0,0,0,0,0,0,0,0,0,0,0,1,1,1,1,2,0,0,0,1,2,1,1,1,0,0,0,0,0,1,2,0,0,0,1,2,0,0,0,0,0,0,0,0,0,0,0,0,0,0,0,1,1,1,0,0,1,1,1,-1,-2,0,0,0,1,2,0,0,0,0,0,1,3,0,0,2,0,1,0,4,1,0,3,0,0,2,1,0,0,0,0,0,1,0,2,0,0,0,0,2,1,0,0,0,0,0,0,0,0,0,0,1,2,0,-4,1,0,2,0,-2,2,1,0,0,-2,-1,0,0,0,0,0,0,1,1,2,0,2,0,1,0,1,1,2,0,0,0,0,0,2,0,0,0,0,0,1,0,0,0,0,0,0,0,0,0,-1,1,1,0,-1,1,2,0,0,0,-1,0,0,0,0
2582,78,1,11,0,0,1,0,0,0,0,0,1,0,0,0,0,0,0,0,0,1,0,0,0,0,0,1,0,0,0,0,0,0,0,0,0,0,0,0,0,0,0,0,0,0,1,-1,0,0,0,0,-1,0,0,0,1,0,0,0,0,0,0,0,0,0,0,1,0,0,1,0,2,0,0,0,0,1,0,0,0,0,0,0,0,0,0,0,0,0,1,0,2,0,0,0,0,0,0,0,0,0,0,0,0,-1,0,-1,0,0,0,0,1,0,0,-1,0,-2,0,0,0,0,0,0,0,0,0,0,0,0,1,0,0,0,0,0,0,0,0,0,0,0,0,0,0,0,0,0,0,0,1,0,0,0,0,0,0,0,0,0,0,0,0,0,0,-1,0,0,0,0,0,0,0,0,0,-1,0,0,0,0,0,0,0,0,1,0,0,0,0,0,1,0,1,0,0,0,0,0,0,0,0,0,0,0,0,0,0,0,0,0,0,0,0,0,1,0,1,0,-1,0,1,0,0,0,0,0,0,0,0,0,-1,0
2582,78,2,09,1,0,0,1,1,1,0,1,1,2,1,0,0,0,0,0,0,0,1,0,0,0,1,1,1,1,0,0,0,1,0,0,0,0,1,0,0,0,0,0,0,0,-1,0,-1,1,0,-1,-1,-1,-1,0,0,1,-1,0,0,0,0,1,1,0,2,1,1,0,1,1,2,1,1,0,1,1,1,0,0,1,0,0,0,0,1,2,1,0,0,0,0,0,0,0,0,0,0,0,1,0,0,0,1,-1,1,-1,0,1,0,0,-1,0,0,0,1,0,0,0,-1,0,0,0,1,1,1,0,2,0,1,0,1,3,1,0,0,0,2,0,1,1,0,0,0,1,0,1,1,0,0,0,0,2,0,0,0,0,0,0,0,0,0,0,1,0,1,-1,-1,1,-1,0,-1,1,0,1,1,0,-2,0,0,0,0,0,0,0,2,1,0,0,2,2,0,0,2,0,0,0,0,1,0,0,2,1,0,0,0,1,0,0,0,0,0,0,0,0,0,0,0,-1,0,0,0,-1,0,0,0,0,0,0,0,0
2582,78,2,11,0,0,0,0,0,1,0,0,0,0,0,0,0,0,0,0,0,0,0,0,1,0,0,0,0,0,0,0,0,0,0,0,0,0,0,0,0,0,0,0,-1,0,0,0,0,-1,0,0,0,0,0,0,0,0,0,0,0,0,0,0,0,0,0,0,3,0,0,0,0,0,0,0,0,0,2,0,0,0,0,1,0,0,0,0,0,0,0,0,0,0,0,0,0,0,0,0,0,0,0,0,0,0,0,0,3,0,0,0,0,2,0,0,0,0,1,0,0,0,0,0,1,0,0,0,0,0,0,0,0,0,1,0,0,0,0,0,0,0,0,0,0,0,0,0,0,0,0,0,0,0,0,0,0,0,0,0,0,0,0,0,1,0,0,0,0,1,0,0,0,0,0,0,0,0,0,0,0,0,0,0,0,0,0,1,1,0,0,2,0,0,0,0,0,0,0,0,0,0,0,2,1,0,0,0,0,0,0,1,0,0,0,0,-1,0,0,-1,0,0,0,-2,-1,0,0,0,0,0,0,1
2582,79,1,09,1,0,0,3,0,0,1,1,1,0,1,0,0,2,0,0,0,0,1,0,0,1,0,1,0,0,0,1,0,0,0,0,0,0,0,0,0,0,0,0,1,-1,-1,2,0,1,-1,0,1,0,0,0,-1,1,0,0,0,0,0,0,0,0,0,1,0,1,5,1,1,0,0,0,0,1,0,0,0,0,0,0,0,5,1,0,0,1,0,0,1,0,0,0,0,0,0,0,0,0,0,0,-1,-5,-1,0,0,0,-5,-1,1,0,-1,0,0,-1,0,0,0,0,0,0,1,1,1,1,1,0,1,2,2,0,0,0,1,1,1,1,1,0,0,0,0,0,0,1,0,0,1,2,1,0,0,0,0,0,0,0,0,0,0,0,1,0,-1,-1,1,0,0,1,0,1,1,0,-2,-1,0,0,0,0,0,0,0,5,1,0,0,0,2,3,0,4,0,0,0,1,0,0,0,0,2,0,0,0,0,3,0,0,1,0,0,0,0,0,0,5,-1,-3,0,4,-2,0,0,1,0,-3,0,0,1,0
2582,79,1,11,0,0,0,0,0,0,1,0,1,0,0,0,0,0,0,0,0,0,0,0,0,0,0,0,0,0,0,0,1,0,0,0,0,0,0,0,1,0,0,0,0,-1,0,-1,0,0,0,0,0,0,0,0,0,-1,0,0,-1,0,0,0,0,0,0,0,0,0,0,0,0,0,0,0,0,0,0,0,0,0,0,0,0,0,0,0,0,0,0,0,0,0,0,0,0,0,0,0,0,0,0,0,0,0,0,0,0,0,0,0,0,0,0,0,0,0,0,0,0,0,0,0,0,0,0,0,0,0,0,0,0,0,0,0,0,0,0,0,0,0,0,0,0,0,0,0,0,0,0,0,0,0,0,0,0,0,0,0,0,0,0,0,0,0,0,0,0,0,0,0,0,0,0,0,0,0,0,0,0,0,0,0,0,2,0,0,0,0,0,0,0,0,0,0,0,1,0,0,0,0,0,0,0,0,0,0,0,1,0,0,0,0,0,0,0,2,0,0,0,0,0,0,0,1,0,0,0,1,0,0
2582,79,2,09,0,0,1,1,0,0,0,0,1,0,0,0,1,1,0,0,0,0,0,0,0,0,0,1,0,0,0,0,0,0,0,0,0,0,0,0,0,0,0,0,0,0,1,0,0,0,0,1,0,0,0,0,0,0,0,0,0,0,0,0,0,0,1,0,1,1,0,2,2,1,0,0,0,0,1,0,0,1,0,0,1,0,0,1,1,0,0,2,0,0,0,0,0,0,0,0,0,0,1,0,-1,0,-1,-2,0,-1,0,0,-1,0,0,0,-1,0,0,0,0,0,-1,0,0,1,2,0,0,1,1,2,1,3,0,1,2,0,0,0,0,0,0,0,1,1,1,1,1,0,0,1,0,2,0,0,0,0,0,0,0,0,0,0,-1,0,0,-1,-3,-1,0,1,-1,-1,0,0,-1,0,-2,0,0,0,0,0,4,0,1,0,1,1,1,1,4,0,1,0,0,0,0,0,0,1,1,0,1,0,0,1,0,0,0,0,0,0,0,0,3,-1,0,-1,4,-1,0,0,-1,0,0,-1,0,0,0,0
2582,79,2,11,0,1,0,1,0,0,0,0,0,0,0,1,0,0,0,0,0,0,0,0,0,0,0,0,0,0,0,0,0,0,0,0,0,1,0,0,0,0,0,0,0,1,0,1,0,0,1,0,0,0,0,0,0,0,0,0,0,0,1,0,0,0,0,0,0,0,0,0,0,0,0,0,0,0,0,0,0,0,0,0,0,0,0,0,0,0,0,0,0,0,0,0,0,0,0,0,0,0,0,0,0,0,0,0,0,0,0,0,0,0,0,0,0,0,0,0,0,0,0,0,0,1,0,0,0,0,0,1,0,0,0,1,0,0,0,0,0,0,0,0,0,0,0,0,0,0,0,1,0,0,0,0,0,0,0,0,0,0,0,0,0,1,-1,0,0,0,1,0,0,0,0,0,-1,0,0,0,0,0,0,0,1,1,0,0,0,0,0,0,0,0,0,0,0,1,0,0,0,0,0,0,0,0,0,0,1,0,0,0,0,0,0,0,1,1,0,0,0,0,0,0,0,1,0,0,1,0,0,0
2581,0,1,09,5,8,7,6,7,5,1,6,5,1,4,3,2,2,3,1,5,5,3,4,3,0,3,0,1,2,1,2,4,0,0,0,0,1,0,0,0,1,1,0,0,7,1,1,6,1,3,-1,2,2,-1,4,3,-1,4,0,0,-1,0,0,5,3,7,11,11,2,4,3,6,2,1,1,3,5,7,3,2,4,6,4,0,2,1,4,0,0,2,2,2,2,1,0,0,0,0,2,0,0,0,0,3,-1,4,5,9,1,-1,2,1,7,3,0,2,4,2,-1,0,0,0,0,14,10,1,5,9,8,8,5,6,4,5,4,0,1,3,3,4,0,4,6,4,5,2,3,2,4,3,3,3,2,6,2,1,0,0,0,0,0,0,0,6,2,-4,-1,5,1,-1,-2,-2,1,-1,1,-3,1,4,6,2,1,0,0,6,7,11,4,4,3,2,5,5,2,5,1,1,5,6,2,3,1,0,1,1,2,2,4,0,0,0,1,0,0,0,0,2,4,9,-1,2,1,5,0,0,3,4,-2,0,0,0,1
2581,0,1,11,0,1,0,1,0,0,0,0,0,0,0,0,0,0,0,0,0,0,0,0,0,0,0,0,0,0,0,0,0,0,0,1,0,1,0,0,0,0,0,0,0,1,0,1,0,0,0,0,0,0,0,0,0,0,0,0,1,0,1,0,0,1,1,0,1,0,0,0,0,0,0,0,0,0,0,0,0,0,0,0,0,0,0,0,0,0,0,0,0,0,0,1,1,0,1,0,0,0,0,0,0,1,1,0,1,0,0,0,0,0,0,0,0,0,0,0,1,1,0,1,0,6,0,1,0,0,3,0,0,0,0,0,0,0,0,0,0,0,0,0,0,0,0,0,0,0,3,0,0,0,0,6,0,1,0,0,0,0,0,0,0,3,0,1,0,0,0,0,0,0,0,-3,0,0,0,0,6,0,1,0,0,1,0,0,0,0,0,0,0,0,0,0,0,0,0,0,0,0,0,0,0,0,0,0,0,1,0,0,0,0,0,0,0,1,0,0,0,0,0,0,0,0,0,0,0,1,0,0
2581,0,2,09,8,5,4,8,2,5,2,1,4,2,1,3,4,3,0,7,2,0,5,2,4,0,0,0,1,1,1,1,4,1,0,0,0,0,0,0,1,0,0,0,3,3,3,4,0,-3,3,4,3,-1,6,1,-1,1,1,0,-1,0,0,0,4,5,8,9,6,4,6,1,2,4,2,2,3,5,3,2,2,5,3,3,3,3,1,1,2,0,2,0,1,2,0,1,0,1,0,1,1,0,0,0,0,-1,7,7,2,-1,-1,2,4,1,2,0,5,2,1,-1,0,0,1,0,13,9,4,6,6,4,7,4,3,2,7,4,2,2,3,1,5,1,4,3,3,1,1,0,1,1,6,3,3,1,5,0,1,0,0,0,0,0,0,0,9,2,0,3,4,4,3,1,2,2,0,-1,-2,1,2,5,0,1,0,0,1,7,8,4,1,1,1,1,0,5,4,1,1,2,4,2,0,1,0,0,1,0,1,1,0,0,0,1,0,0,0,0,0,6,7,3,0,4,4,1,0,2,3,1,0,0,0,1
2581,0,2,11,0,0,0,0,0,0,0,0,0,0,0,0,0,0,0,0,0,0,0,0,0,0,0,0,0,0,0,0,0,0,0,0,0,0,0,0,0,0,0,0,0,0,0,0,0,0,0,0,0,0,0,0,0,0,0,0,0,0,0,0,1,0,1,3,0,0,0,0,1,0,0,0,0,0,0,0,0,0,0,0,0,0,0,0,0,0,0,0,0,0,1,0,1,3,0,0,0,0,1,0,1,0,1,2,0,0,0,0,0,0,0,0,0,0,0,1,0,1,2,0,0,3,0,1,1,0,1,0,0,0,0,0,0,0,0,0,0,0,0,0,0,0,0,0,0,0,1,0,0,0,0,3,0,1,1,0,0,0,0,0,0,2,0,1,1,0,0,0,0,0,0,-1,0,0,0,0,3,0,1,1,1,0,0,0,0,0,0,0,0,0,0,0,0,0,0,0,0,0,0,0,0,0,0,0,1,0,0,0,0,0,0,0,1,0,0,0,0,0,0,0,0,0,0,0,1,0,0,0
2581,1,1,09,12,7,4,10,8,4,6,12,6,5,6,6,0,5,4,6,1,4,5,4,3,3,6,3,2,1,3,5,3,3,0,0,0,0,0,0,0,1,0,0,8,1,-8,4,3,3,3,-6,2,2,5,-2,-1,2,1,0,0,-1,0,0,9,9,8,15,13,6,4,3,12,14,3,3,2,8,3,6,6,6,7,8,4,1,1,5,8,2,3,2,6,5,0,0,0,0,2,0,0,0,1,1,3,5,5,3,-1,-1,2,1,3,-5,4,3,4,1,3,0,0,0,-1,1,16,20,6,8,7,6,11,8,4,10,6,9,2,1,3,9,9,3,6,4,2,3,2,1,4,4,7,5,3,6,1,2,1,1,0,0,1,1,0,0,10,9,-2,4,-3,4,6,0,0,-1,5,2,-2,3,-2,1,1,0,1,0,12,10,12,12,12,7,8,7,2,7,5,4,10,3,7,8,6,3,1,2,6,3,4,4,0,0,0,0,0,1,3,1,0,3,4,5,-4,4,4,2,4,0,3,4,0,-1,-3,-1
2581,1,1,11,3,3,0,0,4,0,0,0,0,0,0,0,0,0,0,0,1,0,0,0,0,0,0,0,0,0,0,0,0,0,3,2,0,0,4,0,0,0,0,0,3,3,0,0,4,0,0,0,0,0,0,1,0,0,0,3,2,0,0,4,1,3,1,4,3,0,0,0,0,0,0,1,0,0,0,0,0,0,0,0,0,0,0,0,0,0,0,0,0,0,1,2,1,4,3,0,0,0,0,0,1,3,1,4,3,0,1,0,0,0,0,0,0,0,0,1,2,1,4,3,5,6,5,1,1,0,4,5,1,0,0,3,0,0,0,0,0,0,0,0,0,0,2,1,0,0,4,3,0,0,5,3,5,1,1,0,0,0,0,0,5,2,0,0,1,0,3,-2,-1,0,0,-4,-3,0,0,5,3,5,1,1,1,4,2,4,0,1,0,1,0,0,0,0,0,2,1,0,0,0,0,0,0,1,0,1,1,2,1,4,0,0,0,0,1,3,2,3,0,0,0,0,0,1,1,-1,1,2,1,4
2581,1,2,09,13,12,9,7,12,6,6,9,5,7,3,4,3,3,4,10,8,6,4,8,3,3,4,2,1,2,3,5,2,6,0,0,0,0,0,1,0,0,1,0,7,6,0,2,5,0,1,-1,1,3,8,5,1,2,2,-1,0,0,-1,0,9,9,6,7,10,11,9,5,11,9,2,0,4,2,4,7,9,2,5,6,4,4,2,7,5,6,5,3,4,4,0,0,0,0,0,1,0,0,0,0,-2,0,1,-4,1,-2,-4,2,-5,-1,1,4,-1,1,2,-1,0,0,0,0,11,20,11,8,10,7,14,5,9,7,5,9,3,7,3,5,5,8,1,7,5,9,0,5,2,2,5,5,4,5,1,6,0,0,0,0,0,0,0,0,4,6,6,-1,3,0,0,3,2,1,3,0,3,-3,2,1,6,0,0,0,6,10,3,11,9,4,4,10,2,3,1,7,4,7,2,4,6,1,2,5,3,3,2,5,0,0,0,0,0,0,0,0,-3,6,-1,1,-4,2,-1,2,1,4,0,-1,0,0,0,0
2581,1,2,11,0,0,2,1,0,0,0,0,0,0,0,0,0,0,0,0,0,0,0,0,0,0,0,0,0,0,0,0,0,0,0,0,2,1,0,0,0,0,0,0,0,0,2,1,0,0,0,0,0,0,0,0,0,0,0,0,0,2,1,0,2,3,4,0,1,0,1,1,0,1,0,0,0,0,0,0,0,0,0,1,0,0,1,0,1,0,1,0,0,0,2,3,4,0,0,0,0,0,0,0,2,2,3,0,0,0,0,-1,0,-1,0,-1,0,0,1,2,3,4,0,0,5,7,8,1,0,0,1,6,0,0,0,0,0,0,0,0,0,1,0,0,0,0,1,0,0,0,1,5,0,0,5,7,7,1,0,0,0,0,0,0,5,6,2,1,0,0,0,-1,0,0,0,-1,-4,0,0,5,7,7,1,0,2,2,1,1,1,0,0,0,0,0,0,0,0,0,0,0,0,0,0,0,1,0,0,0,2,2,1,1,0,0,0,0,1,2,1,1,0,0,0,0,-1,0,0,0,2,2,1,1
2581,2,1,09,7,7,10,6,8,6,5,4,2,9,4,4,4,1,3,3,3,6,5,5,1,2,2,0,4,5,3,1,2,4,0,0,0,0,0,0,0,1,0,1,1,2,6,4,-1,3,2,2,1,-1,-2,0,5,3,1,0,0,-1,0,-1,7,4,10,7,10,7,5,6,4,6,4,3,3,3,3,3,1,7,4,6,3,2,3,2,2,1,3,3,2,4,0,0,0,0,1,3,0,0,0,0,0,-1,4,3,4,1,1,0,1,1,2,-2,4,2,2,-3,0,0,0,1,12,11,10,11,7,5,4,7,5,5,2,5,7,2,3,9,5,2,8,4,2,3,4,4,2,3,1,3,0,3,1,1,1,1,0,0,0,0,1,0,7,7,3,6,2,0,2,3,-2,1,6,4,-1,8,1,1,1,1,0,0,8,7,12,11,6,8,3,1,1,4,6,2,7,3,6,8,2,1,2,1,2,7,1,0,0,0,0,1,2,0,0,0,2,-1,9,10,-1,3,4,1,5,-4,5,8,-2,0,0,1
2581,2,1,11,1,1,1,3,2,0,0,1,1,1,0,1,0,1,0,0,0,0,1,1,0,0,0,0,0,0,0,1,1,1,1,0,1,1,1,0,0,0,0,0,1,1,0,2,1,0,1,0,1,0,0,0,-1,0,0,1,0,1,1,1,0,1,1,4,1,0,0,0,0,2,0,0,0,0,0,0,0,0,1,1,0,0,0,0,0,0,0,0,0,0,0,1,1,3,0,0,0,0,0,2,0,1,1,4,-1,0,0,0,0,0,0,0,0,1,1,0,1,1,3,-2,6,8,5,1,2,1,7,1,2,0,0,0,1,0,0,0,0,1,0,1,0,1,0,0,0,1,6,1,2,0,6,8,3,1,1,0,0,0,0,0,5,1,4,-1,2,0,-1,1,0,0,-1,-6,0,-2,1,6,8,3,1,1,2,4,2,2,1,1,2,1,0,0,0,0,0,0,2,1,0,0,0,1,1,1,1,0,2,4,0,1,0,0,1,0,1,3,0,1,0,0,0,-1,-1,-1,1,1,2,4,-1,1
2581,2,2,09,8,5,5,2,7,9,8,4,8,11,7,1,2,2,2,1,3,3,0,5,5,3,1,2,8,4,3,2,6,3,0,1,0,0,0,0,2,1,0,0,-1,-3,1,-6,-4,2,-2,1,0,-6,-3,0,1,-6,2,0,-1,-1,0,0,10,6,10,6,8,3,3,6,6,4,1,3,2,3,8,9,3,7,3,0,2,2,2,3,2,1,1,3,3,2,0,0,1,0,0,0,0,1,0,0,7,3,4,0,4,-1,1,0,0,6,8,2,4,0,-2,0,0,0,0,0,6,10,11,10,3,8,4,11,4,4,1,7,5,2,1,4,3,6,8,2,4,2,4,1,2,4,2,7,3,1,1,0,0,0,0,0,0,0,0,1,-2,6,0,6,-1,-3,5,1,1,-1,0,1,-1,5,1,1,0,0,0,-1,6,11,5,7,3,8,8,4,3,3,1,5,3,8,4,2,2,3,5,1,1,5,3,2,0,0,0,0,0,0,0,1,3,3,-3,3,1,0,-4,4,2,3,1,0,0,0,0,-1
2581,2,2,11,0,1,2,0,0,0,0,1,0,0,0,0,0,0,0,0,0,0,0,0,0,0,0,0,0,0,0,1,0,0,0,1,2,0,0,0,0,0,0,0,0,1,1,0,0,0,0,0,0,0,0,0,-1,0,0,0,1,2,0,0,1,0,2,3,5,0,0,0,2,0,0,0,0,0,1,0,0,0,0,0,0,0,0,0,0,0,0,0,2,0,1,0,2,3,4,0,0,0,0,0,1,0,2,1,5,0,0,0,0,1,0,0,0,-2,0,1,0,2,3,4,6,8,2,2,1,0,6,3,1,0,0,1,0,0,0,0,0,0,0,0,0,0,0,1,0,0,6,3,0,0,6,7,2,2,1,0,0,0,0,0,6,2,-1,1,1,0,1,0,-1,0,0,-6,-3,0,0,6,7,2,2,1,3,4,2,1,0,1,1,0,0,0,1,0,0,2,0,0,0,0,1,0,0,1,0,0,3,2,1,1,0,0,0,0,3,3,1,1,0,0,0,0,0,1,0,0,3,2,1,1
2581,3,1,09,2,6,4,4,8,4,3,4,6,8,1,5,3,2,4,1,1,1,2,3,2,1,1,4,5,2,1,3,2,2,0,0,0,0,1,0,1,0,0,1,-2,3,0,-2,0,-1,4,2,-2,-1,-1,0,-2,0,1,0,-1,0,0,0,6,9,7,10,7,4,3,4,5,4,4,5,2,4,3,2,4,5,5,4,1,2,2,2,2,1,1,2,3,2,0,0,0,1,0,2,0,0,0,0,2,6,3,5,3,3,3,0,2,1,1,3,3,2,2,-2,0,0,1,0,4,10,5,10,5,5,6,7,9,3,3,7,0,4,2,1,3,5,4,3,4,4,1,6,1,1,2,6,3,2,0,0,0,2,0,0,0,0,0,0,-1,4,-2,1,2,-1,3,-1,-2,1,0,1,-1,1,1,0,0,0,2,0,3,12,3,10,6,4,2,4,2,5,2,5,1,7,1,4,1,2,1,2,5,2,1,2,0,0,0,1,0,0,0,0,-3,8,1,6,1,3,1,3,-4,5,0,2,0,0,0,1
2581,3,1,11,1,3,2,0,3,0,0,0,0,0,0,3,0,0,1,1,0,0,0,0,0,0,0,0,0,0,0,0,0,0,0,0,2,0,2,0,0,0,0,0,1,3,2,0,3,0,3,0,0,1,1,0,0,0,0,0,0,2,0,2,0,2,2,1,1,0,1,1,0,1,0,0,0,0,0,0,0,0,0,0,0,0,0,0,0,0,0,0,0,1,0,2,2,1,1,0,1,1,0,0,0,1,1,1,0,0,0,0,0,0,0,0,0,0,-1,0,1,1,1,1,2,9,4,4,2,1,3,6,4,0,1,0,2,0,0,0,1,1,0,0,0,1,0,2,0,1,2,6,2,0,1,8,1,4,2,0,0,0,0,0,1,6,-2,0,2,1,-1,2,-2,0,-1,-1,-5,-2,0,1,8,1,4,2,3,3,1,3,1,0,0,2,0,0,0,0,1,0,1,1,0,0,0,0,1,0,0,2,2,3,0,2,0,0,0,0,2,3,1,1,0,0,0,0,0,0,1,-1,2,3,0,2
2581,3,2,09,6,8,6,6,8,4,8,6,7,8,2,1,2,3,5,3,6,3,3,3,2,2,1,3,4,2,3,4,3,2,1,1,1,0,0,0,3,1,1,2,2,0,0,-1,0,0,-1,1,0,1,1,3,-1,0,1,1,-2,0,-1,-2,7,4,4,7,10,7,4,3,9,7,3,2,0,4,8,4,2,3,3,2,4,2,1,4,2,2,2,2,4,4,0,0,1,0,0,1,0,0,1,1,0,0,1,-2,3,-1,0,-1,0,6,2,0,1,-1,-2,-1,0,1,-1,-1,10,9,3,6,9,7,4,4,6,4,4,4,0,6,3,6,5,3,0,6,5,1,1,3,3,2,3,3,3,1,0,0,0,0,0,0,0,0,0,0,3,5,-1,0,5,-1,3,-1,3,0,4,2,0,-3,5,0,0,0,0,0,6,3,6,7,3,3,7,3,2,0,2,5,4,2,4,2,2,1,2,1,1,2,5,2,0,1,0,0,0,0,0,0,3,0,-1,4,0,-1,0,4,3,0,-1,0,0,1,0,0
2581,3,2,11,0,2,1,0,0,0,0,0,1,0,0,0,0,0,0,0,2,0,0,0,0,0,0,0,0,0,0,0,0,0,0,0,1,0,0,0,0,0,1,0,0,2,1,-1,0,0,0,0,0,0,0,2,0,0,0,0,0,1,-1,0,1,2,2,4,2,0,0,1,1,2,0,0,0,0,0,1,0,0,1,0,0,0,0,0,0,0,0,1,1,1,0,2,2,3,2,0,0,0,0,1,1,2,1,3,0,0,0,0,0,0,1,0,-1,0,-1,0,2,2,3,1,5,12,0,1,2,0,12,3,1,0,0,2,0,0,0,0,1,0,0,0,0,4,1,0,0,0,8,2,1,0,5,9,0,1,2,0,0,0,0,0,5,0,-3,0,2,0,-2,-1,0,0,0,-7,-2,-1,0,5,9,0,1,2,1,1,2,0,2,1,2,1,0,0,0,0,0,0,1,0,0,0,0,0,2,0,1,1,1,1,1,0,0,1,1,0,-1,0,0,-1,0,0,0,0,-2,0,0,-1,1,0,0,0
2581,4,1,09,6,2,6,3,3,3,2,7,4,4,4,0,2,2,2,2,2,4,1,1,1,1,4,2,3,2,1,3,2,1,0,0,0,0,0,0,0,0,0,0,3,0,-1,-1,-1,3,-1,-2,0,-1,0,1,1,-1,0,0,0,0,0,0,8,4,5,2,6,7,4,4,6,2,1,2,2,0,1,7,2,2,2,5,2,2,3,4,0,4,1,1,2,1,0,0,1,0,0,1,1,0,0,1,1,0,1,-4,4,-1,0,-1,-4,1,3,1,1,0,4,-1,-1,1,0,-1,6,6,4,3,6,3,7,1,6,5,1,2,1,1,3,5,4,3,2,3,1,4,0,2,2,2,3,1,4,2,0,0,0,0,0,0,0,0,0,1,3,-1,3,-3,1,0,-2,1,-1,1,3,1,2,-2,1,0,0,0,0,-1,4,6,4,6,2,7,2,1,2,3,2,4,2,3,2,2,1,0,0,0,0,7,2,1,0,0,0,0,1,0,0,0,2,-1,2,5,1,3,2,4,2,-4,0,1,-1,0,0,0
2581,4,1,11,1,2,1,2,1,0,1,0,3,0,1,2,0,0,0,0,0,0,1,0,0,0,0,0,0,0,0,0,3,0,0,0,1,1,1,0,1,0,0,0,1,1,1,-1,1,1,2,0,0,0,0,0,0,-2,0,0,-1,1,1,1,1,1,1,1,3,1,1,0,2,0,0,1,0,0,0,0,0,0,1,1,1,0,0,0,0,0,1,0,1,0,1,0,1,0,2,0,0,0,1,0,0,0,1,-1,3,-1,1,0,0,0,0,-1,0,0,1,1,0,1,-1,2,2,14,4,4,0,0,9,8,2,1,0,0,0,0,0,0,0,0,1,0,0,0,1,1,0,0,9,7,1,0,2,14,4,3,0,0,0,0,0,1,2,5,-4,2,-1,0,0,-1,-1,0,0,-9,-7,0,0,2,14,4,3,-1,2,0,0,1,1,1,1,1,0,0,0,0,0,0,0,1,0,0,0,0,0,0,1,0,2,0,0,0,1,1,0,1,1,-1,-1,0,0,0,0,0,0,0,-1,1,1,-1,0,-1
2581,4,2,09,3,7,6,1,12,6,4,6,0,7,2,2,3,1,4,1,5,3,0,7,3,1,3,0,5,2,3,3,0,2,0,0,0,0,1,1,0,0,0,0,-3,3,0,1,5,-1,1,0,1,-1,-1,2,0,0,5,-1,0,0,0,1,8,4,10,4,4,5,0,5,4,7,2,3,3,2,3,6,1,7,2,1,1,0,3,0,3,3,0,2,4,3,0,0,0,0,0,1,0,0,0,1,3,4,5,0,-3,1,3,0,2,0,3,1,5,-2,-2,-1,0,0,0,-1,4,6,8,11,6,1,3,4,3,4,3,1,2,4,2,1,5,6,7,4,0,3,2,1,3,1,0,2,2,1,0,0,0,0,0,0,0,0,0,0,3,3,4,8,2,3,-2,0,3,-1,0,5,4,5,3,0,0,0,0,0,4,1,5,8,6,3,2,1,1,0,1,3,3,1,4,5,3,2,0,0,3,1,2,1,0,0,0,0,0,0,0,0,-2,-2,3,7,-2,-2,1,3,0,0,2,4,0,0,0,0
2581,4,2,11,0,0,0,2,0,0,0,1,1,0,0,0,0,0,0,0,0,0,1,0,0,0,0,0,0,0,0,1,1,0,0,0,0,1,0,0,0,0,0,0,0,0,-1,1,0,0,0,0,0,0,0,0,-1,0,0,0,0,0,1,0,0,1,1,1,3,1,1,0,0,1,0,0,0,0,0,0,0,0,0,1,0,0,0,0,0,0,1,0,0,1,0,1,1,1,2,1,0,0,0,0,-1,0,1,1,2,0,0,0,0,0,0,-1,0,0,0,-1,1,1,1,2,8,9,4,6,0,1,3,3,5,0,1,1,1,0,0,0,1,1,4,0,0,0,0,0,0,1,3,3,4,0,7,7,2,2,0,0,0,0,1,0,7,6,1,1,0,1,1,1,0,0,-1,-2,-2,0,0,7,7,2,1,0,1,1,2,4,3,0,1,1,0,0,0,0,0,1,0,2,0,0,0,0,2,0,1,1,1,0,2,2,1,0,0,0,-2,1,1,3,0,0,0,0,-2,1,-1,1,0,0,2,2
2581,5,1,09,6,5,7,4,6,2,5,3,3,6,2,3,3,2,3,4,2,4,2,3,2,1,2,3,2,0,4,1,0,2,0,0,0,0,0,0,0,0,0,2,4,0,4,1,0,0,2,1,-1,1,4,-2,3,2,1,0,0,0,0,-2,3,8,7,7,3,2,5,5,3,3,2,5,1,3,1,1,3,5,4,2,2,3,3,1,1,0,2,2,1,2,0,0,1,0,0,0,0,0,1,0,1,3,2,4,0,0,2,-2,2,0,1,1,3,3,0,0,0,1,-1,0,8,5,9,5,3,7,7,1,5,4,3,2,4,5,2,5,3,5,0,1,4,3,1,2,3,2,4,0,3,1,0,0,0,0,0,1,0,0,0,0,1,-2,8,0,-1,-1,-1,3,3,-1,3,-1,5,-3,0,-1,0,0,0,0,6,3,5,9,9,1,3,2,4,1,0,2,2,2,5,5,2,0,0,0,6,1,2,2,0,0,0,2,1,0,1,0,-3,2,2,7,2,1,0,2,-4,1,3,3,-1,0,-1,2
2581,5,1,11,0,2,1,1,1,0,0,2,0,0,0,0,0,0,0,0,1,0,0,0,0,0,0,0,0,0,0,2,0,0,0,1,1,1,1,0,0,0,0,0,0,2,-1,1,1,0,0,0,0,0,0,1,-2,0,0,0,1,1,1,1,1,1,2,1,3,1,1,0,1,0,0,0,0,0,0,0,0,0,1,0,0,0,0,0,0,1,0,0,1,0,1,1,2,0,3,0,1,0,0,0,0,0,2,0,3,0,0,0,0,0,-1,0,0,0,0,1,0,2,0,3,13,9,2,0,2,1,6,3,1,1,1,0,0,0,0,1,0,0,0,0,0,1,1,0,0,1,5,2,0,0,11,9,2,0,2,0,0,0,1,1,12,3,-1,-1,1,1,-1,-1,0,0,0,-5,-2,0,0,11,9,2,-1,1,3,4,1,1,0,1,0,0,1,0,1,0,0,1,0,0,0,0,0,0,0,0,0,0,2,3,0,1,0,1,0,0,3,3,1,1,1,0,1,0,0,1,0,0,2,2,0,1
2581,5,2,09,6,6,3,3,5,5,1,3,4,4,6,3,1,2,3,0,3,2,1,1,3,0,0,1,2,2,0,3,3,2,0,0,0,0,1,0,1,0,0,0,1,5,0,-1,1,3,3,1,1,1,-2,3,-1,-2,-1,0,-1,0,0,1,1,6,5,7,6,0,5,7,4,4,1,2,1,5,2,0,3,4,2,4,0,3,3,0,4,0,2,2,3,0,0,1,0,0,0,0,0,2,1,0,1,1,-2,3,2,1,-1,-2,5,-2,0,1,2,-1,4,0,1,-2,-1,0,1,7,5,9,6,2,2,6,4,4,0,4,2,3,1,1,3,3,6,5,2,2,2,0,2,0,0,4,3,2,0,0,0,0,0,0,0,0,1,0,-1,5,-1,5,2,-2,2,0,3,-1,1,3,-1,3,3,0,0,0,-1,0,6,2,4,6,5,4,5,4,3,0,1,1,3,2,3,5,2,1,0,1,3,2,5,2,0,0,0,0,0,1,0,1,1,-2,-1,2,1,-1,1,0,0,0,-2,3,0,-1,0,-1
2581,5,2,11,1,1,1,4,0,0,0,0,2,0,0,0,0,0,0,0,1,0,2,0,0,0,0,0,0,0,0,0,2,0,1,0,1,2,0,0,0,0,0,0,1,1,1,2,0,0,0,0,0,0,0,1,0,0,0,1,0,1,2,0,2,0,2,3,1,0,0,1,0,1,0,0,0,0,0,2,0,0,0,0,0,0,0,0,0,0,0,1,0,1,0,0,2,3,1,0,0,0,0,0,2,0,1,3,0,0,0,0,0,0,2,0,-1,0,-1,0,0,2,3,1,5,11,5,1,1,0,10,5,1,2,1,2,4,0,0,0,0,0,0,1,0,2,1,0,0,0,8,4,1,2,4,9,1,1,0,0,0,0,0,0,5,1,0,0,-1,1,0,3,0,0,0,-8,-4,-1,-1,4,9,1,1,0,1,3,0,1,2,1,1,0,0,0,0,0,1,0,0,0,0,1,0,0,1,0,1,0,0,3,0,1,1,0,0,0,-1,2,-1,1,0,-1,0,0,0,0,-1,0,-1,3,0,1
2581,6,1,09,1,0,2,2,4,1,5,5,1,3,0,0,1,1,1,1,0,1,1,3,1,2,2,0,0,0,2,3,1,3,0,0,0,0,0,0,1,0,0,0,0,-5,-3,1,1,-1,-2,-1,1,1,1,-2,-2,0,0,0,-1,0,0,0,2,4,5,1,2,2,2,2,5,4,1,2,1,1,1,1,2,3,0,0,2,1,2,0,1,0,0,0,3,3,0,0,1,0,1,0,1,0,2,0,0,2,3,-4,-2,-1,1,-1,1,0,1,2,3,-3,-3,0,-1,1,-2,1,6,5,8,5,5,2,4,2,6,5,4,3,5,5,1,2,1,3,0,2,1,3,1,4,3,1,1,1,2,1,0,1,0,0,2,0,0,0,0,1,4,1,6,-1,0,3,0,4,1,-2,1,0,2,-2,1,0,1,0,0,1,5,2,2,5,4,3,5,3,2,0,2,1,3,2,0,4,4,0,2,1,0,3,3,1,0,0,0,0,0,0,0,1,1,-1,-3,2,-2,0,0,0,3,-1,-3,3,0,0,0,-1
2581,6,1,11,1,2,2,1,0,0,2,2,0,1,0,0,0,1,0,0,0,1,0,0,0,0,0,0,0,0,0,1,0,0,1,2,1,0,0,0,2,1,0,1,1,0,0,1,-1,0,0,0,1,0,0,0,0,0,0,1,0,0,0,-1,2,1,2,2,1,1,0,0,0,0,1,0,0,0,0,1,0,0,0,0,0,0,0,0,0,0,0,0,0,0,0,1,2,2,1,1,0,0,0,0,1,1,2,2,1,1,0,0,0,0,1,0,0,0,0,-1,1,2,2,1,4,6,9,2,0,1,11,9,2,0,0,1,4,0,0,0,0,0,0,0,0,1,1,1,0,1,9,8,1,0,4,5,5,2,0,0,1,0,0,0,3,-5,0,0,0,0,0,3,-1,0,-1,-9,-8,-1,0,4,4,5,2,0,1,0,2,2,2,1,0,0,0,0,0,0,0,0,1,0,0,0,0,0,2,1,0,0,1,0,1,2,0,0,0,0,-1,-1,2,2,0,0,0,0,-2,-1,1,0,1,0,1,2
2581,6,2,09,5,1,2,3,5,5,1,2,0,7,3,1,2,1,3,2,0,0,2,2,3,1,2,0,5,2,0,0,0,2,0,0,0,0,0,0,0,0,0,0,0,0,0,3,-2,0,0,0,1,-2,0,0,0,2,0,0,0,0,0,0,3,4,0,4,4,4,4,0,5,5,1,2,0,2,2,2,2,0,1,1,3,2,0,2,3,1,2,0,3,1,0,0,0,1,1,0,0,0,0,1,-1,0,0,-1,-1,-2,0,0,0,-1,1,0,0,-2,0,0,0,0,1,0,1,6,2,3,3,4,3,5,7,1,0,3,0,3,3,1,3,2,0,0,2,2,4,3,0,2,1,1,4,1,0,0,0,0,0,0,0,0,0,0,-3,3,-3,-4,2,-2,1,-4,0,3,-1,2,1,-4,-1,0,0,0,0,0,5,4,7,8,4,1,9,5,3,2,4,2,2,2,2,5,2,0,5,2,2,1,4,3,0,0,1,1,0,0,0,0,1,3,-2,3,1,2,-1,0,0,1,-2,2,0,0,1,1
2581,6,2,11,1,1,0,1,1,1,0,1,0,0,0,1,0,0,0,0,0,0,1,0,0,0,0,0,0,0,0,1,0,0,1,0,0,0,1,1,0,0,0,0,0,1,-1,1,1,0,1,0,0,0,0,0,-1,1,0,0,0,0,0,1,0,2,0,1,1,1,0,0,0,1,0,0,0,0,0,0,1,0,0,0,0,0,0,0,1,0,0,0,0,0,0,1,0,1,1,1,0,0,0,0,-1,2,0,1,0,0,0,0,0,-1,0,1,0,0,0,-1,1,0,1,1,4,6,4,2,2,0,4,6,0,0,0,0,0,0,0,0,0,0,0,2,0,2,0,0,0,0,2,6,0,0,4,6,4,2,0,0,0,0,0,0,4,2,-2,2,2,0,-2,0,0,0,0,-2,-6,0,2,4,6,4,2,0,3,0,1,0,0,0,0,0,0,0,0,0,0,0,0,0,0,0,0,0,0,0,0,0,3,0,1,0,0,0,0,0,3,0,1,0,0,0,0,0,0,0,0,0,3,0,1,0
2581,7,1,09,7,4,3,2,1,2,2,2,1,3,4,1,1,0,0,3,3,2,2,1,0,0,1,0,3,2,0,1,1,0,0,0,0,0,0,0,2,0,0,0,5,2,1,1,-2,4,1,0,0,-3,1,3,1,1,1,0,-2,0,0,0,3,6,5,5,5,7,2,2,4,1,3,2,1,3,1,0,3,3,2,4,6,2,0,0,0,1,0,2,4,1,0,1,1,0,0,0,0,0,0,0,-4,4,3,1,4,-3,0,1,3,1,-1,3,1,-2,3,0,1,1,0,0,4,7,2,4,2,4,6,2,0,3,3,2,1,1,2,1,4,1,3,0,3,3,0,0,1,1,2,2,0,2,0,1,0,0,0,0,1,0,0,0,0,1,0,4,-1,0,-1,1,1,1,0,2,-1,3,-2,0,0,0,0,0,6,1,4,1,5,4,4,2,4,1,3,1,2,0,1,0,1,3,0,1,4,1,4,1,0,0,0,0,0,0,0,0,1,-3,0,-1,3,-2,3,0,-2,-1,-3,-1,0,0,0,0
2581,7,1,11,1,2,2,1,0,0,0,0,2,0,0,1,0,0,0,0,1,0,1,0,0,0,0,0,0,0,0,0,2,0,1,0,2,0,0,0,0,0,0,0,1,2,2,-1,0,0,1,0,0,0,0,1,0,-1,0,1,0,2,0,0,1,1,0,4,2,2,1,0,1,1,1,1,0,1,0,0,0,0,2,0,0,0,0,0,1,1,1,0,1,0,0,0,0,1,2,1,0,0,0,0,-1,0,0,3,1,1,1,0,1,-1,-1,-1,0,1,0,-1,0,0,1,2,2,8,2,2,0,1,5,4,2,1,0,1,1,1,0,2,1,0,1,0,0,0,0,0,0,1,5,4,2,0,0,6,1,0,0,0,0,0,0,1,1,3,-2,0,-1,0,1,1,1,0,1,-4,-4,-1,0,0,6,1,0,-1,4,1,2,2,0,1,1,1,0,0,1,0,0,1,1,0,0,0,0,0,0,1,0,1,4,0,0,2,0,0,1,0,4,0,1,1,0,0,1,0,0,0,1,-1,4,0,-1,2
2581,7,2,09,1,3,3,1,2,1,2,1,0,1,1,2,2,1,0,0,0,1,0,2,1,0,0,0,1,0,2,1,0,0,0,1,0,0,0,0,0,0,0,0,0,1,2,1,1,0,2,2,1,-1,0,-2,0,0,2,0,1,0,0,0,5,2,1,3,6,0,3,0,7,2,4,1,0,2,3,1,1,0,1,2,0,1,0,5,0,0,2,0,2,1,0,0,1,0,1,0,0,0,0,1,5,-1,1,-4,4,4,0,0,-3,3,1,-1,0,-1,1,0,0,1,0,0,6,6,1,2,3,2,2,4,3,2,3,5,0,2,2,1,1,1,0,1,1,0,2,1,0,0,2,2,2,2,2,0,0,0,0,1,0,0,0,0,4,4,-3,-1,1,2,5,-2,1,2,1,-1,-1,-2,-1,1,0,0,0,0,6,3,2,1,4,1,5,2,3,3,0,1,3,0,1,0,2,0,1,2,2,1,4,0,0,0,1,0,0,0,0,0,2,2,-3,-1,1,3,-1,-1,1,-1,-3,0,0,0,1,0
2581,7,2,11,0,1,0,2,2,0,0,0,1,1,0,0,0,0,0,0,1,0,1,1,0,0,0,0,0,0,0,0,1,1,0,0,0,1,1,0,0,0,0,0,0,1,0,1,1,0,0,0,0,0,0,1,0,0,0,0,0,0,1,1,1,1,0,0,2,0,1,0,0,0,1,0,0,0,0,0,0,0,0,0,0,0,0,0,0,0,1,0,0,0,0,1,0,0,2,0,0,0,0,0,1,0,0,0,2,1,0,0,0,0,0,-1,0,0,0,0,1,0,0,2,5,7,5,2,0,1,6,3,0,0,2,2,1,0,0,0,0,0,2,0,0,0,1,0,0,1,6,2,0,0,3,5,4,0,0,0,0,0,0,0,4,1,2,2,0,2,2,0,0,0,-1,-6,-2,2,0,3,5,4,0,0,3,6,0,2,2,4,0,1,0,0,0,0,0,4,0,0,0,1,0,0,1,2,0,0,3,2,0,2,1,1,0,1,1,2,0,1,0,-1,0,0,-1,2,0,0,2,1,0,1
2581,8,1,09,1,0,1,0,6,3,2,2,1,3,0,0,1,0,5,1,0,0,0,1,1,1,1,0,3,2,1,1,1,0,0,0,0,0,0,0,0,0,0,0,-2,-2,-1,-1,3,-1,-1,0,0,2,-1,-1,-1,-1,1,0,0,0,0,0,3,4,2,2,3,0,4,3,3,3,3,4,0,1,2,0,0,2,1,1,0,2,2,1,1,0,2,0,2,2,0,0,0,0,0,0,0,1,0,0,3,0,-1,-1,0,3,2,-2,0,1,0,-2,2,-1,-1,0,0,-1,0,0,2,7,2,4,2,3,3,2,3,1,0,4,0,3,2,0,3,2,1,0,1,1,1,2,1,2,0,1,1,0,2,0,0,0,0,0,2,0,0,0,-1,4,0,1,1,-1,3,-1,1,1,-2,3,1,0,0,2,-2,0,0,0,6,3,3,8,5,3,1,3,4,1,2,4,2,2,1,3,4,2,1,2,1,1,0,1,0,0,0,1,0,0,0,0,1,0,2,5,0,-1,1,2,1,1,1,2,0,0,0,1
2581,8,1,11,1,2,2,2,1,0,0,0,1,0,0,0,0,0,0,0,1,0,1,0,0,0,0,0,0,0,0,0,1,0,1,1,2,1,1,0,0,0,0,0,1,2,2,1,1,0,0,0,0,0,0,1,0,0,0,1,1,2,1,1,0,0,2,1,5,0,1,0,0,0,0,0,0,0,1,0,0,1,0,1,0,0,0,0,0,0,1,0,0,0,0,0,1,1,3,0,0,0,0,0,0,-1,2,1,5,0,0,0,0,1,0,-1,1,0,1,0,0,1,1,3,5,5,3,6,0,0,3,5,0,0,0,2,1,0,0,0,0,1,1,0,0,1,0,0,0,0,2,5,0,0,5,3,1,5,0,0,0,0,0,0,5,2,-2,6,0,0,1,1,0,0,0,-2,-4,1,0,5,3,1,5,0,1,1,0,1,0,0,2,1,0,0,0,0,0,0,0,0,0,0,0,0,0,0,2,1,1,1,0,1,0,0,0,0,1,1,-2,0,0,0,0,0,0,0,-2,-1,1,1,0,1
2581,8,2,09,5,1,5,2,1,4,3,3,2,0,2,1,4,1,0,3,0,1,1,1,1,3,1,1,0,3,0,2,1,0,0,0,0,0,0,0,0,0,0,0,1,-2,2,0,1,1,-2,3,0,0,0,0,-1,0,1,0,0,0,0,0,1,3,3,4,2,2,4,0,0,4,0,0,1,2,2,1,2,2,2,0,1,4,0,0,0,1,0,0,0,3,0,1,0,0,0,0,0,0,0,1,-1,-1,3,4,-2,-1,-4,1,2,2,0,2,2,2,-3,0,1,0,0,-1,4,3,4,5,4,3,2,1,2,3,3,2,1,3,2,1,0,3,2,2,0,0,0,1,1,3,2,1,0,2,0,1,0,0,0,0,0,0,1,0,1,1,3,3,1,3,2,1,2,1,-2,-2,2,2,0,0,1,0,-1,0,6,4,4,1,1,2,1,0,4,1,3,1,2,3,1,0,0,1,0,0,1,1,1,0,0,0,0,0,0,0,0,0,5,2,3,1,4,0,3,1,1,2,0,0,0,0,0,0
2581,8,2,11,1,1,1,1,4,0,0,1,1,1,0,0,0,1,0,0,0,0,0,2,0,0,0,0,0,0,0,1,1,1,1,1,1,0,2,0,0,0,0,0,1,1,0,0,3,0,0,0,1,0,0,0,-1,-1,1,1,1,1,0,2,1,1,2,1,3,0,0,0,1,0,0,1,0,0,1,0,0,0,0,1,0,0,0,0,0,0,0,0,0,0,1,0,2,1,1,0,0,0,1,0,1,1,2,0,3,0,1,0,0,1,0,0,0,0,1,1,0,2,0,1,4,9,5,0,2,0,7,6,2,1,0,0,0,0,0,0,2,0,0,0,0,1,0,0,0,0,6,6,2,1,4,7,5,0,2,0,0,0,0,0,4,2,-1,-2,1,0,-1,0,0,0,0,-4,-6,-2,-1,4,7,5,0,2,2,1,3,0,1,1,4,0,0,0,0,0,0,0,2,0,0,0,0,0,1,0,4,0,2,1,1,0,0,1,0,0,1,0,-1,0,0,0,0,0,-1,0,-2,0,2,0,1,0
2581,9,1,09,3,3,2,1,2,1,2,3,4,2,1,1,0,0,0,2,1,2,1,2,0,1,1,1,1,1,1,2,3,1,0,1,0,0,0,0,0,0,0,0,2,1,-1,-3,0,1,0,-1,-1,-1,1,0,0,-2,1,0,1,0,0,0,3,2,1,2,3,3,1,2,5,3,2,2,0,1,1,1,0,1,1,2,2,1,2,3,2,1,0,0,2,0,0,0,0,0,0,0,0,0,0,1,0,1,-1,-3,0,0,1,-2,-2,-1,0,0,1,-1,2,0,0,0,0,-1,3,2,2,5,3,0,0,4,3,0,2,1,1,3,3,1,1,1,2,0,0,0,1,1,0,0,0,3,2,0,0,0,0,0,0,0,0,0,0,0,3,2,-2,2,3,2,1,0,2,3,1,1,-2,0,0,0,0,0,0,0,1,5,4,4,2,3,2,0,0,4,2,2,1,1,2,2,1,1,0,0,1,2,2,0,0,0,0,0,0,0,0,0,-1,2,2,4,-1,3,2,2,0,-1,0,2,0,0,0,0
2581,9,1,11,0,2,2,0,1,0,0,1,0,0,0,1,1,0,0,0,0,0,0,0,0,0,1,0,0,0,0,0,0,0,0,1,1,0,1,0,0,0,0,0,0,2,1,0,1,0,1,0,0,0,0,0,0,0,0,0,1,1,0,1,0,1,1,2,2,1,0,1,1,1,0,0,0,0,1,0,1,0,0,0,0,0,0,0,0,0,0,1,1,1,0,0,1,2,1,1,0,0,0,0,-1,1,0,1,1,0,0,0,0,1,0,1,-1,-1,-1,-1,0,1,2,1,1,5,2,4,2,3,3,3,0,0,1,2,0,1,0,0,0,0,0,1,1,0,0,0,0,2,3,3,0,0,0,3,2,3,1,0,0,0,0,0,-2,2,-1,4,2,0,2,0,1,0,-2,-3,-3,0,1,0,3,2,3,1,2,3,1,1,3,1,0,0,0,0,0,0,1,1,1,0,1,0,0,0,1,1,0,0,1,2,0,1,1,0,0,0,-1,2,1,1,-1,0,0,0,0,0,1,0,0,2,0,1
2581,9,2,09,3,2,4,1,3,0,0,1,2,2,2,2,2,0,1,1,0,2,1,2,0,0,0,1,1,0,0,1,1,1,0,0,0,0,0,0,0,0,0,0,3,2,3,-1,1,2,2,2,-1,0,1,0,1,0,1,0,0,0,0,0,4,1,2,4,5,3,1,0,4,0,3,0,1,2,2,0,1,1,2,3,2,0,0,2,0,1,1,0,2,0,1,0,0,0,0,0,0,0,0,0,1,0,2,0,5,1,0,1,0,2,-1,0,1,0,3,1,0,0,0,0,3,3,2,3,5,0,1,2,1,0,2,1,1,1,3,1,1,1,2,0,0,0,2,0,0,0,1,0,1,0,0,1,0,0,2,0,0,0,0,0,3,2,0,2,5,2,1,-1,1,3,1,0,1,1,0,0,1,0,0,2,3,3,3,1,2,4,0,2,2,1,1,1,1,2,2,0,1,3,0,0,1,1,0,2,0,0,0,0,0,0,0,0,1,-1,3,-1,1,-2,1,1,0,1,2,-2,0,0,0,0
2581,9,2,11,1,1,1,0,0,0,1,1,1,0,0,0,0,0,0,0,1,0,0,0,0,0,0,0,0,0,1,1,1,0,1,0,1,0,0,0,0,0,0,0,1,0,0,-1,0,0,0,0,0,0,0,0,-1,-1,0,1,0,1,0,0,1,1,2,2,3,1,0,0,2,3,0,0,0,0,1,0,1,0,1,0,0,0,0,0,1,0,0,0,1,1,1,0,2,1,2,1,0,0,1,1,0,1,2,0,0,0,0,0,0,0,0,1,0,0,-1,0,0,2,0,1,3,6,5,4,2,1,4,1,0,1,1,0,0,1,0,0,0,0,0,0,0,0,0,0,0,1,4,1,0,1,2,6,5,3,2,0,0,0,0,0,2,2,4,4,1,1,0,0,1,0,-1,-4,-1,0,-1,2,6,5,3,2,1,1,0,4,1,1,1,3,0,0,0,0,0,0,0,2,0,0,0,0,1,0,1,2,1,1,0,2,0,1,0,1,0,0,-1,1,0,0,0,0,-1,0,-1,0,1,0,0,1
2581,10,1,09,7,1,5,2,4,3,1,4,2,3,4,0,2,1,2,3,1,3,1,2,2,1,1,1,2,1,0,2,1,1,0,0,0,0,0,0,0,1,0,0,4,0,1,0,1,2,-1,1,0,0,2,1,1,0,1,0,0,-1,0,0,2,2,3,2,3,3,2,3,1,4,1,0,1,1,2,1,2,1,1,1,2,0,2,1,3,1,2,0,0,0,0,0,1,0,0,0,0,1,0,1,-1,0,0,1,-1,-1,0,-1,0,-1,0,0,1,1,1,0,0,0,0,-1,1,3,1,4,1,4,1,2,1,2,1,3,0,2,1,0,0,1,0,0,3,0,1,0,1,1,1,1,1,1,0,0,0,2,0,0,0,0,0,0,-3,2,-1,3,-1,-2,3,-1,2,0,-1,-1,0,-1,-1,0,0,0,2,0,3,4,1,3,4,3,2,2,2,1,1,0,1,3,0,3,2,2,1,0,2,1,1,2,0,0,0,0,0,0,0,0,-1,1,-1,1,0,-1,0,0,-1,2,-1,1,0,0,0,0
2581,10,1,11,1,2,0,0,1,0,0,1,0,1,1,0,0,0,0,0,0,0,0,1,0,0,0,0,0,0,0,1,0,1,0,2,0,0,0,0,0,0,0,0,1,2,-1,0,0,1,0,0,0,0,0,0,-1,0,0,0,2,0,0,0,2,0,2,2,1,0,0,0,0,2,0,0,0,0,0,1,0,0,0,0,0,0,0,0,0,0,0,0,0,2,1,0,2,2,1,0,0,0,0,0,2,0,2,2,-1,0,0,0,0,0,1,0,0,0,-2,1,0,2,2,1,8,6,2,1,2,0,2,4,0,0,1,1,0,0,0,1,1,0,0,0,0,0,0,0,0,0,2,4,0,0,6,4,2,1,2,0,0,0,0,0,8,4,-2,1,2,1,1,0,0,0,1,-1,-4,0,0,6,4,2,1,2,1,0,0,3,2,0,2,0,0,0,0,0,0,0,0,0,0,0,0,0,1,0,2,0,1,0,0,3,1,0,0,0,-1,0,-2,3,0,0,0,0,-1,0,-2,0,0,0,0,3
2581,10,2,09,5,1,3,2,1,3,1,3,2,1,3,1,1,2,0,2,0,2,0,1,1,1,1,1,0,2,0,2,1,1,0,0,0,0,0,0,0,0,0,0,2,0,0,0,0,2,0,0,1,0,0,0,0,-1,0,0,0,0,0,0,2,2,2,4,1,1,2,2,4,1,1,0,1,3,1,1,2,1,1,0,1,1,0,4,0,0,1,1,0,1,0,0,0,0,0,0,0,1,0,0,1,0,0,0,0,0,-1,1,-1,1,1,1,0,1,-1,0,0,-1,0,0,1,2,0,5,4,3,6,0,3,1,1,1,0,0,2,0,1,0,5,1,1,3,0,0,0,2,3,0,2,1,0,0,0,0,1,0,0,0,1,0,-2,-4,0,2,3,0,-2,0,0,2,-2,-2,0,3,0,0,0,0,-1,1,0,2,3,2,2,0,2,2,0,2,2,2,0,0,1,0,2,0,1,1,0,0,1,1,0,0,0,0,0,0,0,0,-2,2,1,0,-2,2,1,1,0,0,0,-1,0,0,0,0
2581,10,2,11,0,0,0,0,0,0,0,1,0,0,0,0,0,0,0,0,0,0,0,0,0,0,0,0,0,0,0,1,0,0,0,0,0,0,0,0,0,0,0,0,0,0,-1,0,0,0,0,0,0,0,0,0,-1,0,0,0,0,0,0,0,0,2,1,0,4,0,0,0,1,0,0,0,0,0,0,0,0,0,0,2,0,0,0,0,0,0,0,0,1,0,0,2,1,0,2,0,0,0,0,0,0,2,1,-1,4,0,0,0,0,0,0,0,0,-1,2,0,2,1,0,2,4,8,3,3,2,1,4,5,1,0,1,2,0,1,0,1,0,0,0,1,0,0,0,0,0,1,4,5,1,0,2,6,3,2,1,0,0,0,0,0,3,4,-2,2,2,1,2,0,1,0,0,-4,-5,-1,1,2,6,3,2,1,2,1,1,2,1,0,2,0,0,0,0,0,0,0,0,1,0,0,0,0,0,0,2,0,2,1,1,1,1,0,0,0,1,1,-1,2,0,0,0,0,0,0,-2,1,1,1,1,1
2581,11,1,09,3,4,1,2,2,4,2,3,4,3,3,1,1,2,0,0,3,0,0,2,1,0,3,2,1,3,2,0,2,2,0,0,0,0,0,0,0,0,0,0,-1,2,-2,-2,-1,2,1,-2,0,-1,-3,1,0,-2,0,0,0,0,0,0,3,4,3,3,4,2,0,1,2,3,2,3,2,1,1,1,0,1,1,3,0,0,1,0,0,2,0,0,2,3,0,1,0,1,0,0,0,0,0,0,1,4,2,1,1,2,3,1,1,1,-1,0,1,-1,0,0,1,0,1,0,8,2,3,5,3,2,2,3,5,3,3,0,3,3,2,4,0,0,2,1,1,0,2,4,2,1,2,1,1,1,1,2,0,0,0,0,0,0,0,0,6,0,0,0,0,2,0,1,-1,0,3,-2,-1,1,0,1,2,0,0,0,3,0,4,1,1,1,3,2,2,0,2,0,1,0,2,1,0,1,2,0,1,0,1,2,0,0,0,0,0,0,0,0,2,-1,1,-1,2,-1,0,0,0,0,1,-1,0,0,0,0
2581,11,1,11,0,1,0,3,2,0,2,0,1,1,0,0,0,0,0,0,1,0,0,2,0,0,0,0,0,0,1,0,1,1,0,0,0,3,0,0,1,0,0,0,0,-1,0,2,1,0,0,0,0,0,0,0,0,-1,1,0,-1,0,3,0,2,1,3,4,3,0,1,0,3,1,1,0,1,2,0,1,0,0,0,1,0,0,0,1,0,0,0,0,2,0,0,1,2,2,2,0,1,0,0,1,2,0,3,1,2,1,0,1,1,0,1,0,0,-2,1,0,0,2,2,1,3,10,6,5,2,1,7,5,1,1,1,1,0,1,0,0,0,1,1,0,0,0,1,0,1,1,6,4,1,0,2,9,5,3,2,0,1,0,0,0,2,3,1,4,1,1,1,-1,1,-1,-1,-6,-3,0,0,2,8,5,3,2,4,1,2,1,3,2,3,0,0,0,1,0,2,0,0,0,1,0,0,0,1,2,2,0,2,1,1,1,1,0,1,0,1,-1,-1,1,-1,0,1,0,1,-2,-2,0,1,1,0,1
2581,11,2,09,4,2,0,3,1,7,0,2,3,4,3,0,0,1,1,1,2,0,2,0,6,0,2,1,3,1,0,0,2,1,0,0,0,0,0,0,0,0,0,0,-3,2,-2,0,-3,-3,0,-2,0,-2,0,2,0,0,-1,0,0,0,0,0,4,2,3,3,3,2,1,3,0,3,2,2,3,2,1,2,0,0,1,2,1,1,3,0,2,1,0,0,0,1,0,0,0,0,0,0,0,0,0,0,2,1,0,3,0,1,1,0,2,-1,1,0,0,1,1,0,0,0,0,0,1,0,2,0,3,2,3,4,2,4,0,0,1,0,3,1,0,1,0,0,2,3,3,0,4,0,0,1,2,0,0,0,0,0,0,0,0,0,0,0,-1,-3,-2,-2,-1,-2,-3,-2,0,-1,1,0,0,-2,0,0,0,0,0,0,1,2,3,2,2,2,2,1,1,2,3,1,0,0,0,0,1,0,1,0,1,2,1,1,0,0,0,1,0,0,0,0,-1,0,1,1,0,2,2,1,-1,-2,-1,-1,0,0,0,1
2581,11,2,11,0,1,1,0,1,0,0,0,0,0,0,0,0,0,0,0,1,0,0,1,0,0,0,0,0,0,0,0,0,0,0,0,1,0,0,0,0,0,0,0,0,1,1,0,1,0,0,0,0,0,0,1,0,0,1,0,0,1,0,0,1,0,0,2,4,0,1,0,0,0,0,0,0,0,1,0,0,0,1,0,0,0,0,0,0,0,1,0,0,0,1,0,0,1,3,0,0,0,0,0,1,-1,0,2,4,0,0,0,0,1,0,-1,0,1,0,1,0,0,1,3,3,2,5,3,2,2,2,4,0,0,0,0,0,0,0,0,1,0,1,0,0,0,0,0,0,2,2,4,0,0,3,1,5,2,2,0,0,0,0,0,1,0,1,3,2,0,0,0,0,0,-2,-1,-4,1,0,3,1,5,2,2,1,3,2,2,1,1,1,1,0,0,0,0,0,0,0,1,1,0,0,0,0,1,1,1,1,3,2,1,0,0,0,0,0,2,1,1,-1,0,0,0,0,-1,-1,0,1,3,2,1
2581,12,1,09,3,0,2,1,4,0,3,4,3,0,3,0,2,1,1,0,0,0,0,2,0,1,2,3,0,0,2,1,0,0,0,0,0,0,1,0,0,1,0,0,3,-3,-2,-2,4,3,-1,0,-2,1,0,-2,-1,0,2,0,0,-1,0,1,3,3,2,3,2,0,5,1,0,2,1,0,2,1,1,2,2,0,2,1,0,3,0,0,2,0,2,1,0,0,0,1,0,0,0,0,0,0,0,0,3,-2,1,3,0,1,-3,2,1,-1,2,0,-1,2,1,0,1,0,0,0,2,5,3,4,5,1,0,5,5,3,1,4,1,4,1,1,1,2,0,4,1,0,3,4,0,0,0,2,1,3,0,0,0,0,0,0,0,0,0,0,1,5,-2,-1,2,0,4,-2,0,1,1,1,0,-1,1,0,0,0,0,0,3,6,4,2,4,3,1,3,2,4,2,1,1,2,1,1,0,1,1,0,2,2,0,3,0,0,1,0,2,0,0,0,-1,3,3,-1,2,3,1,1,-1,0,1,-2,-2,0,1,0
2581,12,1,11,0,0,1,0,1,1,0,1,1,1,0,0,0,0,0,0,0,0,0,1,0,0,0,0,0,0,0,1,1,1,0,0,1,0,0,1,0,0,0,0,-1,0,0,-1,0,0,0,0,0,0,0,0,-1,-1,0,-1,0,1,0,0,1,1,2,2,2,0,2,0,2,2,1,0,1,0,1,0,0,0,0,0,0,0,0,0,0,0,2,0,2,2,0,1,1,2,1,0,0,0,0,0,1,-1,2,0,0,1,0,1,0,1,0,-2,0,-2,-2,0,1,1,2,1,6,6,5,3,2,1,3,9,3,2,0,3,1,0,0,1,1,0,1,0,0,1,0,1,0,0,2,9,2,2,5,2,4,2,2,1,0,0,0,0,5,3,-4,0,0,0,2,1,-1,0,1,-1,-9,-1,-2,4,2,4,2,2,5,0,1,1,2,1,2,1,0,0,0,0,0,0,1,0,0,0,0,0,2,1,1,0,5,0,0,1,0,0,1,1,3,-1,-1,0,0,0,0,0,-2,-1,0,0,5,0,-1,0
2581,12,2,09,9,4,7,2,1,4,4,6,2,2,5,3,3,2,0,4,1,4,0,1,3,4,2,1,0,1,0,3,1,2,0,0,0,0,0,0,0,1,0,0,5,0,1,0,-1,2,-1,1,1,0,3,1,1,-1,-1,0,0,-1,0,0,3,2,1,0,0,3,2,3,1,1,2,1,0,0,0,1,1,1,0,0,1,1,0,0,0,2,1,2,1,1,0,0,0,0,0,0,0,1,0,0,0,0,-2,-1,-1,1,0,0,0,0,-1,0,-1,-1,-1,0,0,-1,0,0,2,2,1,7,3,3,2,2,4,3,2,1,1,1,3,0,1,0,6,0,3,2,1,2,2,0,0,1,2,1,0,0,0,0,0,0,0,0,0,0,-1,0,-1,3,0,-1,-1,0,-1,1,0,1,-1,4,-1,0,0,0,0,0,7,1,5,2,5,1,3,3,2,1,3,1,5,0,2,1,2,0,1,3,3,1,1,0,0,0,0,0,0,0,1,0,2,0,2,-1,0,1,2,-2,2,-1,1,1,0,0,-1,0
2581,12,2,11,2,3,2,0,2,0,0,2,1,0,0,1,2,0,1,0,1,0,0,0,0,0,1,0,0,0,0,1,0,0,2,1,0,0,1,0,0,0,1,0,2,3,0,-1,2,0,1,1,0,1,0,1,-1,0,0,2,1,0,-1,1,2,4,2,1,0,0,0,1,0,0,0,1,1,1,0,0,0,0,0,0,0,0,0,0,0,0,0,1,0,0,2,3,1,0,0,0,0,0,0,0,2,4,1,1,0,0,1,1,1,0,0,0,-1,0,0,2,3,1,0,0,0,6,2,0,1,2,3,0,0,0,0,1,0,0,1,0,0,0,0,0,2,1,0,0,0,0,2,0,0,0,0,5,2,0,0,0,0,0,0,0,-2,3,2,0,1,-2,0,0,0,1,0,-2,0,0,0,0,5,2,0,0,0,1,1,2,1,0,1,0,0,0,0,0,0,0,0,0,0,0,0,0,1,0,0,0,0,1,1,2,0,0,1,0,-1,1,0,2,0,0,0,0,-1,0,0,0,0,1,0,2
2581,13,1,09,5,1,1,4,3,3,2,2,1,3,2,0,1,2,2,3,1,0,2,1,3,1,2,0,2,0,1,0,1,1,0,0,0,0,0,0,0,0,0,0,2,-1,-1,3,0,-1,-1,-1,2,0,3,0,0,1,0,0,0,0,0,0,3,2,3,2,2,4,1,2,2,1,3,1,1,1,0,0,1,2,1,1,1,1,0,2,0,3,0,2,0,1,0,0,0,0,1,0,0,0,0,0,-1,1,1,0,1,2,0,1,-1,0,-3,1,0,1,0,0,0,0,0,1,5,0,1,6,0,5,1,3,3,1,2,0,1,2,0,3,0,0,4,0,1,1,1,2,1,3,0,2,1,0,0,0,0,0,0,1,0,0,0,0,0,-1,-2,3,-1,1,-1,0,0,-1,0,0,-2,3,0,-1,0,0,0,0,4,2,4,5,4,1,2,3,3,2,0,2,1,0,4,2,3,1,2,0,1,0,0,2,0,0,0,1,0,0,0,1,0,1,2,2,0,1,-2,2,0,0,4,0,0,0,0,0
2581,13,1,11,0,1,0,1,1,0,0,0,2,0,0,0,0,0,0,0,1,0,1,1,0,0,0,0,0,0,0,0,2,0,0,0,0,0,0,0,0,0,0,0,0,1,0,-1,1,0,0,0,0,0,0,1,0,-1,1,0,0,0,0,0,0,0,3,2,6,0,0,2,0,1,0,0,1,0,0,0,0,0,0,1,0,0,1,0,1,0,0,1,0,0,0,0,2,2,5,0,0,0,0,0,0,0,1,2,5,0,0,0,0,-1,0,0,-1,0,1,0,0,2,2,5,2,5,4,2,1,1,6,3,3,1,0,0,0,0,0,0,0,1,0,0,0,1,2,1,1,1,5,1,2,0,2,5,3,2,1,0,0,0,0,0,1,-1,1,-1,0,0,-1,-2,-1,-1,-1,-5,0,-2,0,2,5,3,2,1,5,0,3,1,4,1,2,1,1,0,0,0,1,0,2,0,0,1,0,0,3,0,1,0,3,0,1,1,1,0,1,1,1,-1,1,0,1,-1,0,0,-2,0,1,0,2,0,0,0
2581,13,2,09,3,0,5,4,3,3,1,3,5,2,1,0,3,1,2,2,0,2,3,1,1,1,1,2,1,2,0,1,3,1,0,0,0,0,0,0,0,1,0,0,0,-1,2,-1,1,0,-1,2,-1,1,0,0,1,0,0,0,0,-1,0,0,4,3,5,3,4,3,2,2,1,6,1,2,2,3,3,3,1,3,0,1,0,1,0,0,3,3,1,1,1,3,0,0,0,0,0,0,0,1,0,0,1,1,3,2,-2,1,1,2,3,0,0,0,2,-1,-2,0,0,-1,0,0,2,1,3,3,0,3,2,3,1,2,1,1,2,0,0,1,0,1,3,0,0,0,1,0,0,3,1,2,1,2,0,0,0,0,0,0,1,0,0,0,-1,-1,0,2,-2,1,1,1,0,0,-2,-1,-1,2,-2,0,-1,0,0,0,5,3,5,4,3,4,5,3,2,2,5,1,3,1,0,3,0,3,3,0,3,1,1,3,0,0,0,0,0,0,1,0,2,-1,0,1,2,-1,2,1,0,0,-1,0,0,0,-1,0
2581,13,2,11,1,1,0,1,0,0,0,1,0,0,0,1,0,0,0,0,0,0,0,0,0,0,0,0,0,0,0,1,0,0,1,0,0,1,0,0,0,0,0,0,1,1,-1,1,0,0,1,0,0,0,0,0,-1,0,0,1,0,0,1,0,3,1,0,1,0,0,1,0,0,0,2,1,0,0,0,0,0,0,0,0,0,0,0,0,0,0,0,0,0,0,1,0,0,1,0,0,1,0,0,0,3,0,0,1,0,2,1,0,0,0,0,0,0,0,0,1,-1,0,1,0,4,7,3,2,3,0,2,3,0,0,1,1,1,0,0,1,1,0,0,0,0,0,0,0,0,0,2,3,0,0,2,5,2,2,3,0,0,0,0,0,4,5,0,2,3,1,1,1,0,0,1,-1,-3,0,0,2,5,2,2,3,1,2,1,1,0,1,0,0,0,0,0,0,0,1,1,0,0,0,0,0,0,1,0,0,1,1,0,1,0,0,0,0,1,1,1,1,0,0,0,0,0,0,1,0,1,1,0,1
2581,14,1,09,5,3,5,1,2,3,3,5,0,5,3,3,3,1,1,2,0,2,0,1,1,2,0,0,1,2,1,4,0,4,0,0,0,0,0,0,0,1,0,0,2,0,0,1,-3,2,1,3,1,0,0,-1,-2,0,-3,0,0,-1,0,0,3,3,2,1,1,2,3,4,1,2,1,1,1,1,1,2,2,1,0,0,1,1,3,0,2,1,2,1,1,0,0,0,0,0,0,0,0,0,0,0,1,0,-2,0,-1,0,0,-2,1,-1,1,0,0,-1,0,0,0,0,0,0,2,3,4,3,3,2,4,6,1,2,2,2,2,2,3,0,0,1,1,0,1,0,5,0,1,1,3,1,1,1,0,1,1,0,0,0,1,0,0,0,0,-1,-2,2,1,1,2,-3,2,2,-1,-3,0,0,-1,0,0,1,0,0,6,6,5,3,2,4,2,2,4,4,3,3,2,2,2,0,1,3,1,1,1,1,1,1,0,0,0,0,0,0,0,0,4,2,3,1,3,1,2,2,1,1,1,-1,0,0,0,0
2581,14,1,11,0,1,2,2,4,0,0,2,1,0,0,0,1,1,1,0,1,0,0,0,0,0,1,0,0,0,0,0,1,0,0,0,1,1,3,0,0,1,0,0,0,1,0,1,4,0,0,0,1,1,0,1,0,-1,0,0,0,0,1,3,3,2,1,3,2,1,1,1,2,1,2,0,0,1,1,0,1,0,0,1,1,1,0,0,0,0,0,1,2,1,1,1,1,2,0,0,0,0,0,0,2,1,0,1,1,1,-1,0,1,1,0,1,-1,-2,0,1,1,1,2,0,9,7,4,5,1,3,4,1,1,1,0,1,0,0,0,3,0,0,1,1,1,1,0,0,0,2,3,1,1,1,6,6,4,4,0,0,0,0,0,0,6,3,3,4,0,-1,0,0,0,0,1,-3,-1,0,0,6,6,4,4,0,1,0,0,1,0,0,1,2,0,0,0,0,1,0,0,0,0,0,0,0,0,0,1,1,0,0,0,1,0,0,0,1,1,0,-1,-1,0,0,0,0,1,0,-1,-1,0,0,0,0
2581,14,2,09,8,0,2,4,4,7,2,3,1,0,6,0,2,4,1,2,0,0,0,2,3,1,1,0,0,4,1,2,1,0,0,0,0,0,1,0,0,0,0,0,1,-2,-1,3,4,3,-1,1,4,1,-2,-1,-2,-1,2,0,0,0,0,1,2,2,1,4,4,3,3,3,1,1,0,0,1,3,2,2,2,0,1,1,2,2,3,1,1,1,1,0,0,0,0,0,0,0,1,0,0,0,0,0,-1,-1,-2,3,3,-2,-2,-2,2,1,1,1,0,1,1,0,0,0,0,1,1,2,1,5,4,5,1,2,6,5,1,2,1,2,1,0,0,0,3,3,3,0,1,4,3,2,1,1,2,2,0,0,0,0,0,0,0,0,0,0,-4,1,-1,-1,-1,-2,2,0,-2,-2,-2,-1,-1,1,1,0,0,0,0,0,4,3,4,6,3,4,1,3,3,1,2,2,1,2,1,4,1,2,1,2,2,2,0,1,0,0,1,0,0,0,0,0,1,-1,3,3,2,-1,1,0,-1,0,1,3,0,0,1,0
2581,14,2,11,1,1,0,1,3,0,1,0,2,0,0,0,0,0,1,0,0,0,1,0,0,0,0,0,0,0,1,0,2,0,1,1,0,0,2,0,0,0,0,0,1,0,0,-1,3,0,0,0,0,1,0,-1,0,-1,0,1,1,0,0,2,2,0,1,1,2,0,1,0,1,0,0,0,0,0,0,1,0,0,0,1,0,0,0,1,0,0,1,0,0,0,1,0,1,1,1,0,0,0,0,0,2,-1,1,0,2,0,0,0,-1,0,1,-1,0,0,1,1,0,1,1,1,4,1,3,2,2,0,2,5,1,2,1,0,1,0,0,0,0,0,0,1,0,0,0,0,1,0,2,5,1,1,3,1,2,2,1,0,0,0,0,0,4,-1,-2,1,0,1,0,1,0,-1,0,-2,-5,-1,0,3,1,2,2,1,1,2,1,2,3,0,1,2,0,0,0,1,0,0,1,0,0,0,0,0,2,0,0,1,1,2,0,1,1,0,1,1,-2,2,0,0,0,0,0,1,-2,0,1,-1,0,2,-1,0
2581,15,1,09,1,4,7,1,0,4,6,5,0,2,0,1,5,0,0,1,2,2,1,0,1,2,3,0,1,3,4,1,0,1,0,1,0,0,0,0,0,1,0,0,-3,-2,2,1,-2,-1,-1,2,0,-1,-2,-2,1,1,-1,0,1,-1,0,0,4,3,4,3,0,3,4,4,0,1,4,1,2,2,0,0,2,2,0,0,0,1,1,0,0,3,3,3,0,1,0,0,0,1,0,0,0,0,0,0,1,-1,0,3,-1,4,0,1,2,0,-3,-1,-1,0,-1,0,0,0,1,0,3,2,1,3,1,0,3,2,2,3,2,1,0,2,1,1,1,1,1,0,0,1,1,1,3,0,2,1,1,0,0,0,0,0,0,0,0,0,0,0,3,-1,-1,1,-2,2,0,-1,1,-2,1,-1,0,0,0,0,0,0,0,0,3,1,4,3,3,1,0,3,3,1,3,0,0,0,1,2,3,0,0,1,0,1,0,2,0,0,0,1,0,0,0,0,0,0,4,0,0,1,3,-1,0,-1,1,0,0,0,0,1
2581,15,1,11,0,3,1,0,0,0,1,1,0,0,0,1,1,0,0,0,1,0,0,0,0,0,0,0,0,0,1,1,0,0,0,1,0,0,0,0,0,0,0,0,0,2,0,0,0,0,1,1,0,0,0,0,-1,0,0,0,1,0,0,0,3,2,3,1,2,0,2,1,1,2,1,1,0,0,0,1,0,0,1,0,0,2,0,0,0,0,0,1,1,1,1,1,3,0,2,0,0,0,0,1,3,0,2,0,0,1,-1,0,0,0,1,0,-1,0,-1,1,1,3,0,1,3,9,4,5,7,0,6,2,3,4,0,1,0,1,1,1,1,0,1,1,0,0,1,0,2,0,5,1,3,1,2,7,4,3,5,0,1,0,0,1,3,3,2,2,3,0,1,-1,1,-1,1,-4,-1,-2,0,2,6,4,3,4,1,0,2,3,2,1,3,0,1,0,0,0,0,0,1,0,0,0,1,0,1,1,2,0,0,0,1,3,1,0,0,0,-1,-1,-1,3,1,0,-1,0,-1,-1,-1,0,-1,0,1,3
2581,15,2,09,5,3,1,5,1,7,4,2,4,1,4,1,0,2,1,1,2,1,3,0,3,1,2,2,0,4,3,0,2,1,0,0,0,0,0,0,0,0,0,0,-2,-1,-1,1,0,1,0,-2,0,1,-3,-1,1,1,-1,0,0,0,0,0,6,3,1,1,4,6,2,1,1,3,2,2,1,1,4,3,1,0,0,0,1,1,1,1,2,5,1,0,0,1,1,0,0,0,0,0,0,0,0,0,0,1,0,0,1,1,1,0,0,2,-2,0,0,0,-1,1,0,0,0,0,3,7,3,11,2,6,1,2,5,1,2,6,3,7,1,1,1,0,3,1,3,0,1,4,0,3,1,1,1,1,0,0,0,1,0,0,0,0,0,0,-3,6,1,6,1,-1,6,2,3,1,-2,0,-1,2,0,0,0,0,1,0,3,4,2,3,3,3,2,2,2,2,0,2,1,2,2,1,0,2,1,1,3,1,1,1,0,0,0,0,0,0,0,0,0,1,0,1,2,0,-1,1,-2,1,1,0,0,0,0,0
2581,15,2,11,1,0,1,1,0,0,0,2,0,1,0,0,0,1,0,0,0,1,0,0,0,0,2,0,0,0,0,0,0,0,1,0,0,0,0,0,0,0,0,1,1,0,-1,1,-1,0,0,-2,1,0,0,0,1,0,0,1,0,0,0,-1,3,1,3,0,2,0,0,0,1,0,3,0,1,0,0,0,1,0,0,0,0,0,0,0,0,0,0,0,0,0,0,0,2,0,2,0,0,0,1,0,3,1,3,-1,2,3,0,1,0,0,0,1,0,0,0,0,0,2,-1,2,5,6,2,2,0,0,3,1,1,0,0,2,1,0,0,0,0,0,0,0,0,0,0,0,0,0,3,1,1,0,5,4,1,2,0,0,0,0,0,0,5,3,1,1,0,0,2,1,0,0,0,-3,-1,-1,0,5,4,1,2,0,4,1,1,2,0,1,0,1,0,0,0,0,0,0,1,0,0,1,0,0,0,0,0,0,4,1,0,2,0,0,0,1,4,0,1,1,0,-1,0,0,0,0,1,0,4,1,0,1
2581,16,1,09,2,8,4,5,3,11,6,8,5,5,2,6,2,5,1,0,2,2,0,1,6,1,2,4,1,5,5,6,1,4,0,0,0,0,1,0,0,0,0,0,-9,2,-4,0,-2,-4,5,0,1,0,-5,-3,-4,-1,-3,0,0,0,0,1,4,5,5,6,7,5,5,7,4,4,3,1,3,3,4,1,4,2,3,3,3,2,2,3,2,2,3,5,1,2,0,0,0,0,0,0,0,0,0,0,-1,0,-2,2,3,0,-1,1,0,2,-1,1,-3,2,1,0,0,0,0,0,2,3,2,10,2,2,3,5,4,5,0,1,2,3,1,2,2,0,7,1,1,2,3,1,3,1,1,2,3,2,0,0,0,0,0,0,0,0,0,0,0,0,-3,6,-3,-1,-1,-1,2,-2,1,1,-2,4,-1,0,0,0,0,0,7,8,5,3,2,4,4,4,5,5,3,1,2,3,2,2,0,3,4,1,2,1,0,3,0,0,0,0,0,0,0,0,5,4,1,-1,5,2,-1,0,0,2,2,-1,0,0,0,0
2581,16,1,11,1,0,1,0,5,0,0,1,0,2,0,0,0,0,0,0,0,0,0,1,0,0,0,0,0,0,0,1,0,2,1,0,1,0,4,0,0,0,0,0,1,0,0,0,3,0,0,0,0,0,0,0,-1,0,-1,1,0,1,0,4,0,6,4,2,1,0,1,3,4,0,0,1,0,0,0,0,1,1,0,0,0,0,2,0,0,0,1,1,4,0,0,4,3,2,1,0,0,0,0,0,0,5,1,-2,1,0,1,-2,0,0,0,0,0,-4,0,0,4,3,2,1,7,11,6,6,7,1,4,4,1,1,0,2,2,3,0,2,0,0,0,0,0,0,1,1,0,1,4,3,0,1,5,9,4,3,7,0,0,0,0,0,6,7,2,5,6,0,2,1,2,0,1,-4,-3,0,-1,5,9,4,3,7,5,1,4,3,2,1,1,4,1,0,0,1,0,0,0,0,0,1,1,2,0,0,0,2,4,1,4,2,2,0,0,0,3,0,3,-1,1,-1,-1,-1,0,0,0,-2,2,1,4,2
2581,16,2,09,9,6,4,4,6,7,3,8,6,5,7,4,3,3,4,2,2,1,1,2,4,1,4,3,4,3,2,4,3,1,0,0,0,0,0,0,0,0,0,0,2,3,-4,-2,1,3,3,-1,0,0,-1,0,-3,-2,1,0,0,0,0,0,1,4,6,2,10,6,7,5,3,4,1,1,3,0,7,0,3,3,2,3,5,3,1,0,3,1,4,4,3,1,0,0,0,0,0,0,0,0,0,0,-5,-3,1,-1,6,-4,-2,2,0,4,-1,-1,-1,-1,2,0,0,0,0,0,9,3,6,3,5,8,8,5,3,2,8,1,2,3,3,1,2,4,0,2,3,2,3,3,2,5,6,2,0,0,0,0,0,0,0,0,0,0,0,0,1,-5,1,0,3,5,-1,-1,0,1,-4,-4,2,0,2,0,0,0,0,0,5,3,3,5,1,7,3,4,3,1,1,3,2,2,2,2,0,3,1,1,1,4,2,3,0,0,0,0,0,0,0,0,4,-4,0,1,3,-2,0,2,1,-2,0,-1,0,0,0,0
2581,16,2,11,1,1,0,0,1,0,0,1,0,0,0,0,0,0,0,0,1,0,0,0,0,0,0,0,0,0,0,0,0,0,1,0,0,0,1,0,0,1,0,0,1,1,-1,0,1,0,0,0,0,0,0,1,0,0,0,1,0,-1,0,1,2,2,1,4,8,0,0,1,2,1,1,1,0,0,1,1,0,0,0,1,0,0,0,0,0,0,0,1,2,1,0,1,1,4,6,0,0,0,0,0,2,2,0,2,7,1,1,0,0,1,1,0,-1,-2,0,0,1,1,4,6,4,1,4,3,1,3,1,5,1,3,0,0,1,1,0,0,0,0,0,0,1,1,1,0,2,2,0,4,1,1,4,1,3,2,1,0,0,0,0,0,1,0,-1,2,-2,-1,-1,0,1,-2,-2,0,-4,-1,-1,4,1,3,2,1,1,2,1,4,3,2,0,1,0,1,0,0,1,0,0,1,0,2,0,1,3,0,0,0,0,1,1,3,0,0,0,0,-2,0,1,3,0,-1,0,-1,-2,0,0,1,0,1,1,3
2581,17,1,09,6,7,1,3,3,2,8,8,4,7,6,3,1,2,2,0,4,0,1,1,1,2,7,4,5,1,6,1,0,2,0,0,0,0,0,0,0,0,0,0,4,-1,-7,-1,-4,5,1,-6,-2,-3,-1,-2,-1,1,-1,0,0,0,0,0,4,4,5,2,3,0,4,4,1,2,3,3,2,0,3,1,1,3,2,0,0,3,3,0,1,0,1,1,1,1,0,0,0,0,0,0,0,0,0,0,4,0,1,1,1,3,0,-1,0,2,1,0,2,1,-1,0,0,0,0,0,8,4,5,2,3,4,7,3,1,3,7,3,3,2,3,0,1,2,0,0,2,3,1,1,3,2,4,2,0,0,1,0,0,0,0,0,0,0,0,0,4,-3,2,1,0,5,0,2,1,0,-2,-3,0,0,0,1,0,0,0,0,3,5,2,2,4,1,1,0,2,2,2,2,1,3,0,0,3,0,0,0,1,1,1,0,0,0,0,0,0,0,0,0,-1,4,1,2,-1,2,2,2,0,2,-1,0,0,0,0,0
2581,17,1,11,2,0,1,7,6,1,0,2,3,0,0,0,0,1,1,1,0,0,1,0,0,0,0,1,0,1,0,2,2,0,1,0,1,5,5,0,0,0,0,0,1,0,-1,4,6,0,0,0,0,1,0,0,-2,-1,0,1,0,1,5,5,5,4,6,8,8,1,1,2,2,3,1,1,1,2,1,0,1,1,0,1,0,1,1,1,0,1,0,1,1,3,4,2,4,6,6,0,0,0,0,0,4,3,4,6,5,1,0,0,1,1,-1,1,0,-1,-2,4,2,4,6,6,8,13,4,8,4,1,6,1,0,0,1,1,0,0,0,1,1,0,0,0,1,2,0,0,0,0,4,1,0,0,6,11,4,8,4,0,0,0,0,0,7,7,3,8,4,0,-1,0,0,0,1,-3,-1,0,0,6,11,4,8,4,5,4,2,6,2,2,1,1,0,0,0,1,0,1,1,1,0,2,1,0,2,0,0,1,5,3,1,4,0,0,0,0,3,2,1,5,0,-2,-1,1,-2,1,1,0,5,3,1,4
2581,17,2,09,4,4,4,4,3,8,5,8,3,0,0,2,0,2,1,4,2,3,2,2,6,3,5,0,0,2,2,3,3,0,0,0,1,0,0,0,0,0,0,0,-4,-1,-4,1,3,-6,-1,-5,2,1,2,0,0,-1,2,0,0,1,0,0,3,5,3,7,1,2,4,5,3,2,2,4,3,2,1,1,1,0,5,0,1,4,4,0,2,1,0,1,3,0,0,0,0,0,0,0,0,0,0,0,1,1,-2,4,-1,1,0,-1,2,-1,0,1,-1,2,0,0,0,0,0,0,1,4,3,3,4,3,5,3,0,1,0,4,3,2,4,1,0,0,1,0,2,2,2,0,1,1,3,1,0,0,0,0,0,0,0,0,0,0,0,0,-2,-1,0,3,3,-2,2,1,2,3,0,-3,-1,1,0,0,0,0,0,0,1,2,4,7,1,2,5,4,1,2,2,1,0,0,2,6,1,2,3,4,0,0,1,0,0,0,0,0,0,0,1,0,0,0,-1,3,0,0,-1,-3,0,0,1,6,0,0,-1,0
2581,17,2,11,0,1,0,4,1,1,0,1,1,0,0,0,0,0,0,0,1,0,2,0,0,0,0,0,0,1,0,1,1,0,0,0,0,2,1,0,0,0,0,0,-1,1,-1,3,1,0,0,0,0,0,-1,1,-1,1,0,0,0,0,2,1,0,1,2,4,2,0,2,1,1,3,0,0,0,0,0,0,1,0,1,2,0,0,1,0,1,0,2,0,1,1,0,0,2,3,0,0,0,0,0,1,0,-1,1,3,-1,0,0,-1,0,-1,0,-1,0,0,1,0,0,2,3,-1,6,5,7,0,3,0,1,1,0,1,0,2,0,0,0,0,0,0,0,0,0,0,0,0,0,0,1,1,0,1,6,3,7,0,3,0,0,0,0,0,6,4,6,0,2,0,2,0,0,0,0,-1,-1,0,-1,6,3,7,0,3,2,2,2,2,0,0,1,0,0,0,0,0,0,1,0,1,0,0,0,0,0,0,1,0,2,1,2,1,0,0,0,0,2,2,1,2,0,0,0,0,0,1,-1,1,2,1,2,1
2581,18,1,09,6,3,5,6,7,6,6,6,5,3,3,3,2,5,4,2,0,3,1,3,4,4,4,3,3,2,2,2,2,0,1,0,0,0,0,0,0,0,0,0,0,-3,-1,1,4,-1,-1,-2,2,1,0,-2,1,-1,3,1,0,0,0,0,4,6,4,5,6,8,3,3,4,4,3,3,3,4,4,1,3,1,1,2,6,2,2,3,2,2,1,1,1,2,0,0,0,0,0,0,0,0,0,0,-4,3,1,1,2,-3,1,1,1,2,-1,2,0,0,0,0,0,0,0,0,3,4,7,3,4,5,3,1,4,1,1,1,5,3,3,2,3,1,0,1,1,1,1,3,1,3,2,0,1,0,0,0,1,0,0,1,0,0,0,0,-2,1,6,-1,3,0,0,4,0,2,-1,1,1,-1,1,-1,0,1,0,0,5,0,3,4,5,1,5,5,1,0,3,3,4,0,0,1,2,0,3,0,3,1,2,5,0,0,0,0,0,0,0,0,0,-1,-2,-1,-1,0,0,3,1,-1,-2,-4,0,0,0,0
2581,18,1,11,0,1,2,2,6,0,0,1,0,2,0,1,1,0,2,0,0,1,0,1,0,0,0,0,0,0,0,1,0,2,0,0,0,2,3,0,0,0,0,0,0,1,1,2,4,0,1,1,0,2,0,0,0,0,-1,0,0,0,2,3,0,1,1,6,4,2,2,0,1,2,0,0,0,2,1,0,0,0,0,0,0,0,0,0,0,2,2,0,1,2,0,1,1,4,3,0,0,0,0,0,-2,-1,1,5,2,0,0,0,2,1,-2,-2,0,-1,-2,0,1,1,4,3,10,37,6,4,1,4,12,5,1,0,1,3,0,1,0,1,1,0,0,0,1,6,1,0,0,3,6,4,1,0,8,33,6,3,1,0,0,0,0,0,6,25,1,3,1,0,-3,-1,1,0,-2,-5,-4,-1,0,8,33,6,3,1,2,1,4,2,2,0,1,1,0,0,0,0,0,0,0,1,1,0,0,0,1,0,1,0,2,1,4,1,0,0,0,1,0,1,3,1,-1,0,0,0,-1,0,-1,1,2,1,4,0
2581,18,2,09,8,7,10,7,7,9,9,8,6,4,5,5,8,3,4,3,2,2,3,3,6,2,6,4,3,3,6,2,2,1,0,0,0,1,0,0,1,0,0,0,-1,-2,2,1,3,-1,3,2,-1,1,0,-4,0,1,2,0,-1,0,1,0,10,7,12,3,8,6,5,4,1,11,5,4,10,2,7,5,2,2,1,1,2,4,3,0,6,4,1,1,1,5,0,1,0,0,0,0,0,0,0,0,4,2,8,2,-3,3,0,7,2,1,1,1,1,0,-4,0,1,0,0,0,4,10,9,6,6,4,7,9,2,4,3,8,5,3,6,1,2,4,3,0,4,6,6,1,1,0,1,3,1,3,0,0,0,0,0,0,0,0,0,0,0,3,0,4,2,-1,2,-1,2,5,1,1,1,2,-3,0,0,0,0,0,4,5,4,7,4,5,3,5,3,4,2,3,1,1,1,3,2,4,2,3,2,1,0,2,0,0,1,1,0,0,1,0,0,0,1,2,1,0,0,0,-1,0,1,1,0,0,0,1
2581,18,2,11,3,2,1,1,1,0,2,1,1,1,0,0,0,0,0,1,2,0,0,1,0,0,0,0,0,0,2,1,1,1,2,0,1,1,0,0,0,0,0,0,3,0,0,0,0,0,0,0,0,0,1,0,-1,-1,0,2,0,1,1,0,0,2,2,5,2,0,0,0,2,0,0,0,0,1,0,0,1,1,0,0,0,0,0,0,0,0,0,0,2,0,0,1,1,4,2,0,0,0,0,0,0,2,2,3,2,0,0,0,1,0,0,1,1,-2,0,0,1,1,4,2,3,9,9,3,0,2,3,7,1,0,0,1,0,1,0,0,0,0,1,0,0,0,1,0,0,2,2,6,1,0,3,8,9,1,0,0,1,0,0,0,1,6,2,2,0,0,1,-1,1,0,-2,-2,-6,0,0,3,7,9,1,0,1,3,1,2,1,2,2,1,0,1,1,0,1,0,0,0,0,1,1,1,1,1,1,0,0,2,0,2,0,0,0,0,0,1,-1,1,0,0,0,-1,0,-1,-1,0,0,2,0,2
2581,19,1,09,20,17,21,23,17,18,14,25,16,25,7,3,8,12,6,13,14,13,11,11,4,5,8,8,5,14,9,17,8,20,0,0,0,0,0,0,0,0,0,0,2,3,-4,7,-8,3,-2,0,4,1,-1,5,-4,3,-9,0,0,0,0,0,15,27,23,18,11,20,21,23,18,14,6,6,6,7,7,9,20,17,11,4,3,6,7,5,3,17,15,16,13,10,0,1,0,0,0,0,0,0,0,1,-5,6,0,0,-3,3,0,-1,2,4,-8,5,1,-2,-6,0,1,0,0,-1,12,17,11,17,20,23,22,22,20,29,5,6,6,8,6,7,11,5,9,14,5,10,7,5,6,18,12,15,14,23,0,0,0,0,0,0,0,0,1,0,-11,-5,-11,-3,-9,0,-4,-1,3,0,-11,-1,-10,-5,-9,0,0,0,-1,0,14,15,15,20,15,25,20,28,5,3,9,10,9,11,6,10,1,4,5,9,14,20,14,19,0,1,0,0,0,1,1,0,-1,-10,-5,-8,4,-1,4,1,-5,-9,-8,-9,0,0,-1,0
2581,19,1,11,1,3,3,4,4,0,0,1,0,1,0,0,0,1,1,1,1,0,3,0,0,0,1,0,0,0,0,0,0,1,0,2,3,0,3,0,0,0,0,0,1,3,2,4,3,0,0,-1,1,1,1,1,0,3,-1,0,2,3,0,3,4,1,0,4,3,2,3,2,1,4,1,0,0,1,1,0,1,0,3,1,0,1,1,0,0,2,2,1,1,4,3,0,0,0,1,0,0,0,0,0,2,-2,-2,3,-1,1,-1,-1,1,1,-2,-1,-1,2,-3,3,0,0,0,1,9,19,24,7,1,5,8,10,7,6,1,4,3,0,0,3,2,1,0,1,2,1,2,3,3,3,7,8,4,2,5,13,20,7,0,0,0,0,0,1,4,11,14,0,-5,-1,3,1,-3,-3,0,-5,-7,-4,-1,5,13,20,7,-1,0,2,1,3,2,1,4,3,0,1,0,1,0,1,1,1,0,0,0,2,2,1,3,1,0,0,0,1,0,0,1,0,-2,1,-3,0,0,1,0,-1,-2,0,-2,0,0,0,-1,1
2581,19,2,09,47,24,36,37,41,44,39,34,45,42,24,10,17,21,22,22,14,18,16,19,18,11,11,15,5,25,28,23,28,36,1,0,1,0,0,1,0,0,2,1,3,-15,2,-8,-1,6,-1,6,6,17,-3,-14,-5,-12,-17,0,0,1,-2,-1,30,34,28,17,22,30,39,35,24,21,11,14,13,6,9,19,20,15,11,13,5,6,11,7,3,24,33,24,17,18,0,0,0,0,0,1,0,0,0,0,0,-5,-7,-7,1,6,8,2,-1,6,-5,-13,-9,-6,-5,-1,0,0,0,0,26,16,30,22,23,27,18,25,23,29,10,9,22,15,9,16,7,8,7,14,14,3,9,12,10,13,15,16,11,19,0,0,0,0,0,0,0,0,0,0,-1,-2,5,-1,-6,-4,6,13,3,-1,3,-8,-8,-4,-5,0,0,0,0,0,26,29,12,23,32,30,37,27,15,24,5,10,11,5,7,12,8,7,7,8,24,23,29,19,0,0,0,1,0,0,1,0,-6,-1,-25,-4,7,17,-2,2,-13,-18,-22,-7,0,0,-1,1
2581,19,2,11,2,2,2,2,4,1,0,4,3,4,0,1,0,1,0,0,0,2,0,2,0,0,0,2,1,0,0,3,1,3,2,1,0,1,2,1,0,1,0,0,1,2,-2,-1,0,0,1,0,-1,-1,0,0,-1,-1,-1,1,1,-1,1,2,3,4,2,4,4,3,3,0,3,6,2,2,0,4,2,0,2,1,0,0,1,2,0,1,2,2,1,0,2,4,1,0,1,0,2,0,0,0,0,0,0,1,2,1,-2,1,0,0,3,0,-2,1,1,-2,-4,1,0,1,0,2,9,15,4,4,5,2,2,8,5,7,0,8,0,2,2,3,1,1,2,2,0,1,0,1,0,2,1,8,4,7,6,6,3,0,1,0,0,0,0,0,7,13,-4,-1,-2,0,7,0,1,2,1,0,-7,-2,-5,6,6,3,0,1,4,3,3,2,6,6,4,3,0,2,1,0,2,0,0,0,2,2,0,2,4,4,3,0,2,1,2,2,0,0,1,1,-2,-3,-1,-1,-2,0,1,-2,-2,-4,-3,0,2,1,1,1
2581,20,1,09,40,33,37,43,45,32,51,24,47,31,18,14,15,13,18,22,18,22,30,27,11,12,10,9,5,21,34,14,37,26,0,1,0,0,0,0,5,0,1,0,8,-18,13,-4,14,7,2,5,4,13,1,-16,8,-7,1,0,-4,0,-1,0,33,30,34,38,17,37,31,29,24,25,12,9,7,5,8,21,20,27,33,9,7,9,11,8,6,30,22,18,16,18,0,1,0,0,0,0,0,0,0,1,-4,-1,5,14,-8,5,0,-4,-3,2,-9,-2,9,17,-9,0,1,0,0,-1,28,19,27,12,21,25,21,19,26,45,11,6,16,10,7,17,13,11,2,14,5,6,6,9,14,20,15,13,17,31,0,0,0,0,0,0,0,0,0,0,3,-2,8,-14,-24,6,0,10,1,-7,-3,-2,-2,-15,-17,0,0,0,0,0,21,25,16,24,28,33,31,28,5,10,8,11,16,15,8,12,5,18,7,12,22,15,24,16,0,0,0,1,1,0,0,0,-7,-8,-15,-4,0,-8,1,-1,-6,0,-16,-4,-1,0,0,1
2581,20,1,11,4,5,3,3,6,1,3,1,7,1,1,0,1,2,0,1,2,1,1,6,0,0,0,2,1,1,3,0,5,0,2,3,1,0,0,0,0,1,0,0,3,2,2,-4,5,1,0,1,0,-1,0,-1,1,-4,6,2,3,0,0,0,4,4,1,6,5,5,2,3,2,4,1,1,0,1,1,3,1,1,1,2,1,0,0,0,1,4,2,3,2,3,0,2,0,4,2,0,0,0,0,0,-1,2,-2,4,1,0,1,0,1,0,-1,-1,-2,-1,-1,0,2,0,4,2,14,26,11,31,6,8,14,15,24,1,3,4,1,3,2,3,2,1,5,2,2,2,3,13,0,6,12,11,11,1,8,20,9,23,2,0,0,1,0,0,6,12,-4,7,5,1,2,-2,-10,2,-3,-10,-10,-6,1,8,20,8,23,2,4,3,4,7,6,3,3,7,1,1,1,1,1,1,2,1,3,1,0,1,3,2,3,5,2,1,1,5,0,0,0,1,-2,0,1,0,-2,0,1,0,-2,-1,-1,-4,2,1,1,4
2581,20,2,09,53,53,47,47,48,64,63,54,63,55,21,28,15,16,13,31,25,32,31,35,17,22,13,12,13,45,41,40,47,41,1,0,0,0,0,2,0,1,4,1,-11,-10,-7,-16,-7,4,6,2,4,0,-14,-16,-8,-16,-6,-1,0,-1,-4,-1,32,51,49,45,35,61,50,41,39,32,14,19,20,19,16,18,31,29,26,19,14,12,16,9,12,47,37,25,29,20,0,1,0,0,0,0,1,0,1,0,-29,1,8,6,3,0,7,4,10,4,-29,-6,4,-3,-1,0,0,0,-1,0,30,23,18,23,22,38,24,22,27,70,10,15,6,10,6,19,8,12,13,16,14,4,4,7,16,23,20,17,20,53,1,0,0,0,0,1,0,1,0,1,-8,-1,-4,-4,-48,-4,11,2,3,-10,-4,-12,-5,-7,-37,0,0,-1,0,-1,43,31,35,36,59,49,48,42,16,15,20,13,27,16,15,22,13,15,13,6,44,34,35,36,0,0,0,1,2,0,0,0,-16,-18,-13,-6,3,0,7,7,-17,-18,-20,-14,-2,0,0,1
2581,20,2,11,4,10,5,3,1,5,4,6,1,3,2,1,1,0,0,2,4,1,2,1,2,1,0,0,0,3,3,6,0,3,0,5,3,1,0,0,0,0,1,0,-1,6,-1,2,-2,0,0,1,0,0,-1,1,-5,2,-2,0,5,3,0,0,3,4,4,5,7,4,1,2,4,3,0,1,2,0,1,2,1,1,4,1,1,0,1,1,2,3,1,1,3,0,1,2,1,1,5,0,0,0,0,1,-1,3,2,1,4,-1,1,1,-1,-1,-1,0,0,1,1,1,2,1,1,4,8,13,5,3,4,1,5,13,4,3,2,2,0,2,2,3,3,0,0,0,0,0,1,2,0,1,5,12,1,3,3,8,5,1,2,0,0,0,1,0,7,8,-8,-1,1,2,2,-1,0,2,2,-2,-12,-1,-3,3,8,5,0,2,4,1,6,6,6,2,4,4,2,0,1,0,1,1,3,1,1,0,2,2,5,2,2,2,1,0,2,5,0,0,0,0,-2,-1,2,2,1,0,-1,-2,-4,-1,1,-1,1,0,2,5
2581,21,1,09,41,41,36,44,49,46,41,39,52,53,15,17,12,17,13,25,24,22,27,36,11,7,12,15,14,33,33,26,36,39,1,0,2,0,0,2,1,1,1,0,-5,0,-3,-8,-4,4,10,0,2,-1,-8,-9,-4,-9,-3,-1,-1,1,-1,0,40,48,43,39,33,44,28,37,29,40,13,16,13,13,11,27,32,30,26,22,12,4,10,7,9,32,22,26,22,31,0,0,0,0,0,0,2,1,0,0,-4,20,6,10,-7,1,12,3,6,2,-5,10,4,4,-9,0,-2,-1,0,0,30,28,25,15,28,24,34,20,23,32,13,6,11,7,12,16,22,14,8,16,10,9,8,9,13,14,25,12,14,19,1,0,0,0,0,0,0,0,0,0,6,-6,5,-8,-4,3,-3,3,-2,-1,2,-3,2,-6,-3,1,0,0,0,0,25,20,23,22,32,33,38,36,7,4,8,6,18,16,15,16,11,11,15,11,21,22,23,25,0,0,0,0,0,0,0,0,-7,-13,-15,-14,-4,-7,-7,-5,-3,-6,-8,-9,0,0,0,0
2581,21,1,11,3,3,5,2,5,2,3,4,5,2,0,2,2,0,1,2,0,2,0,3,0,1,2,1,1,2,0,2,3,1,1,1,1,2,1,0,2,0,1,0,1,0,1,-3,3,0,1,0,-1,0,0,0,0,-3,2,1,-1,1,1,1,3,5,5,5,2,2,2,3,2,3,0,1,3,2,0,1,2,2,1,1,1,0,1,0,0,1,2,2,2,3,2,2,0,2,1,0,0,0,0,0,1,3,2,3,-1,-1,1,2,2,0,0,0,0,-1,-2,2,2,0,2,1,8,29,10,13,12,1,15,15,8,10,3,5,3,0,4,0,8,2,6,8,0,4,4,1,1,1,11,11,7,9,5,16,5,7,0,0,0,0,0,0,7,14,-5,5,2,3,1,-1,-1,3,-1,-3,-9,-1,-1,5,16,5,7,0,5,2,3,5,4,2,5,3,2,1,0,0,2,1,1,2,1,1,2,1,3,1,2,1,1,0,2,3,0,0,1,1,1,0,-2,2,1,0,-2,-1,-1,0,-1,1,1,0,1,2
2581,21,2,09,40,23,48,44,61,46,49,53,52,63,14,6,20,17,13,25,16,27,26,46,9,9,16,8,11,37,40,36,41,50,1,1,1,1,2,0,0,1,3,2,-6,-26,-5,-8,-2,5,-3,4,9,2,-12,-24,-9,-15,-4,1,1,0,-2,0,44,58,38,45,45,56,61,41,53,46,14,17,16,13,17,27,40,22,32,28,14,18,13,14,11,40,41,27,34,34,3,1,0,0,0,2,2,1,5,1,-12,-3,-3,-8,-1,0,-1,3,-1,6,-13,-1,-5,-2,-6,1,-1,-1,-5,-1,38,29,24,14,28,32,33,31,33,43,18,10,11,7,11,20,18,13,7,17,12,9,10,5,19,20,23,20,28,24,0,1,0,0,0,0,1,1,0,0,6,-4,-7,-19,-15,6,1,1,2,-8,0,-5,-7,-21,-7,0,0,-1,0,0,34,33,31,27,49,52,34,44,12,9,10,10,22,21,21,17,10,8,11,11,39,42,22,33,0,3,0,0,0,2,1,0,-15,-19,-3,-17,2,1,-1,-1,-17,-21,-1,-16,0,1,-1,0
2581,21,2,11,3,3,3,3,6,6,2,4,4,1,0,0,2,2,2,3,2,1,0,0,0,1,2,1,0,6,1,1,3,1,0,1,0,1,4,0,0,1,0,0,-3,1,-1,-1,5,0,-1,0,1,2,-3,1,0,-3,-1,0,1,-1,1,4,5,0,2,2,3,3,1,2,3,5,4,0,0,0,0,0,0,2,1,1,1,0,1,0,0,0,1,1,3,4,1,0,0,1,2,2,0,0,0,1,2,-1,0,-1,-2,3,0,-1,0,0,0,-1,1,-2,-3,-1,0,0,1,1,5,9,8,3,3,3,5,15,4,3,2,4,3,1,1,1,0,1,0,2,2,0,0,2,0,1,5,15,1,2,2,5,4,2,0,0,0,0,1,1,2,4,-7,-1,0,0,4,3,-1,1,0,-5,-14,-1,0,2,5,4,1,-1,5,6,5,4,3,2,5,3,1,2,0,1,3,1,4,1,0,0,0,0,2,2,5,2,1,3,1,2,1,0,0,1,2,4,0,1,1,2,0,1,1,-1,-1,-1,0,3,1,1
2581,22,1,09,37,44,30,38,31,45,32,40,33,44,11,21,11,14,13,26,22,19,21,18,15,7,7,2,10,30,23,32,30,33,0,1,0,3,0,0,2,1,1,1,-8,12,-10,5,-13,-4,14,4,12,3,-4,-1,-13,-9,-15,0,-1,-1,2,-1,44,46,38,30,27,43,44,44,26,44,15,9,7,5,10,29,37,30,25,17,9,7,6,9,11,34,37,36,17,32,0,0,1,0,0,0,0,2,0,1,1,2,-6,4,-17,6,2,1,-4,-1,-5,0,-6,8,-15,0,0,-1,0,-1,28,24,28,31,23,41,25,37,36,31,5,4,10,10,10,23,20,18,21,13,7,4,8,13,11,34,21,28,23,20,0,0,0,0,0,0,0,1,0,0,-13,-1,-9,-5,-8,-2,0,2,-3,-1,-11,-1,-10,-2,-7,0,0,-1,0,0,25,24,34,35,29,28,22,38,8,9,12,16,17,15,22,19,9,6,5,8,20,21,17,29,0,0,0,0,0,1,0,1,-4,-4,12,-3,-1,3,7,8,-3,-6,5,-10,0,-1,0,-1
2581,22,1,11,3,2,2,1,5,2,3,2,0,3,0,0,0,0,2,2,1,0,0,2,0,0,1,0,2,1,3,0,0,1,1,1,2,1,1,1,0,1,0,0,1,-1,0,1,2,0,0,-1,0,0,1,-2,0,0,1,0,1,1,1,1,4,4,6,5,7,2,9,4,7,5,1,1,0,1,0,1,2,2,2,2,0,0,1,2,0,2,9,3,4,5,2,1,4,2,5,0,0,0,1,0,2,-5,2,-2,2,1,1,-1,-1,0,-1,-7,-1,-2,-3,2,1,4,1,5,5,15,6,7,4,1,13,15,6,9,2,4,0,2,0,1,2,3,3,4,0,3,1,1,1,1,10,14,5,7,2,9,3,2,0,0,0,0,0,1,4,2,-9,1,-5,2,1,-1,1,-1,0,-8,-11,-2,-3,2,9,3,2,-1,5,8,4,7,10,9,4,8,1,1,2,1,4,5,1,3,5,4,1,3,4,5,3,2,0,2,1,3,1,0,0,3,-5,-1,0,-1,-4,-3,1,-2,0,0,-2,1,-1,2,1,0
2581,22,2,09,34,30,32,32,42,42,52,52,41,43,11,8,11,12,10,23,22,21,20,31,17,11,9,9,8,25,41,43,30,34,0,0,0,0,1,0,0,0,2,1,-8,-22,-20,-9,-1,-6,-3,2,3,2,-2,-19,-22,-10,-3,0,0,0,-2,0,46,41,40,46,41,56,56,41,38,54,13,8,11,14,18,33,32,29,31,22,15,11,7,9,15,38,44,30,29,38,0,1,0,1,1,3,1,4,0,1,-10,-15,-1,8,-13,-2,-3,4,5,3,-5,-12,-1,2,-16,-3,0,-4,1,0,25,15,21,31,36,52,38,47,21,23,10,3,6,12,9,15,12,15,18,27,16,13,11,5,9,36,25,36,16,14,0,0,0,1,0,0,0,0,0,0,-27,-23,-26,10,13,-6,-10,-5,7,0,-21,-13,-21,2,13,0,0,0,1,0,33,37,17,27,45,37,31,33,17,13,8,9,16,23,8,18,16,9,3,14,29,28,27,17,0,1,1,0,0,0,1,2,-12,0,-14,-6,1,4,5,-5,-13,-5,-19,1,0,1,0,-2
2581,22,2,11,5,2,8,6,4,2,2,3,4,2,1,0,1,3,0,2,1,3,1,4,0,0,1,2,1,2,2,2,2,1,2,1,4,2,0,0,0,0,0,0,3,0,5,2,2,1,0,0,1,-1,0,-1,1,-1,3,2,1,4,2,0,3,1,6,2,2,4,3,2,1,4,0,0,1,0,1,1,1,1,2,0,1,2,0,0,1,2,1,2,1,2,2,0,4,0,1,1,0,0,0,1,-1,-2,4,1,-2,-1,-2,1,0,0,-1,0,-1,1,-2,1,0,4,0,0,6,10,3,7,4,4,5,7,9,4,0,2,1,1,1,2,3,1,3,2,0,1,1,1,0,4,4,6,5,3,4,5,1,3,1,0,0,0,3,1,2,5,-4,-2,0,0,1,0,0,1,-2,-1,-5,-2,-1,4,5,1,0,0,5,1,2,4,3,5,2,3,2,0,0,1,1,0,2,1,2,1,0,1,1,4,2,2,2,1,0,2,0,0,0,0,2,-4,0,1,0,-1,0,0,0,-4,0,-1,2,1,0,2
2581,23,1,09,31,24,26,37,39,42,39,49,50,48,12,10,9,8,13,18,14,17,25,26,17,10,14,11,12,25,29,35,38,33,1,0,0,4,0,0,0,0,1,3,-11,-15,-23,-13,-9,-5,0,-5,-3,1,-7,-15,-18,-13,-7,1,0,0,3,-3,22,37,35,38,35,25,37,36,41,42,10,10,10,8,13,12,26,25,30,22,7,8,7,8,11,17,27,29,32,30,0,1,0,0,0,1,2,0,1,1,-3,0,-1,-3,-7,3,2,3,0,2,-5,-1,-4,-2,-8,-1,-1,0,-1,-1,29,24,23,24,19,38,36,28,29,21,15,3,6,10,10,13,21,17,13,9,11,4,7,12,8,27,32,21,17,13,1,0,0,1,0,0,0,0,0,0,-9,-12,-5,-5,-2,4,-1,-1,-2,2,-14,-11,-4,-4,-4,1,0,0,1,0,29,24,25,21,27,27,24,30,11,8,10,7,18,16,14,14,8,6,4,11,18,21,18,19,0,0,1,0,1,0,2,0,2,-3,1,-9,3,2,6,-4,0,-5,-4,-5,-1,0,-1,0
2581,23,1,11,6,6,6,2,2,4,7,1,4,4,1,0,3,0,0,1,0,1,1,0,0,1,0,1,0,2,6,0,2,2,4,6,2,1,2,2,0,1,1,2,2,-1,5,-2,-2,1,-1,3,-1,0,-1,-6,1,-1,-2,2,6,1,0,0,4,4,4,7,7,2,3,4,7,6,2,3,1,1,0,0,1,2,4,4,0,2,3,2,0,1,1,1,5,6,2,0,1,2,3,1,0,0,0,0,2,1,0,0,1,2,1,-2,-1,0,-1,0,1,-1,-2,1,0,1,2,3,9,24,11,5,4,4,14,13,4,7,1,6,2,0,1,2,6,3,1,2,0,6,1,0,2,4,7,12,4,3,6,12,6,4,1,0,1,0,0,2,5,10,-2,1,-3,1,0,1,0,-1,-2,-1,-9,-3,-1,6,11,6,4,-1,7,10,2,3,4,11,5,4,2,4,2,1,5,4,0,1,0,3,2,1,4,8,2,1,0,2,0,1,0,0,1,2,3,-1,-3,-1,2,1,0,0,1,-4,-2,0,0,2,-1,-1
2581,23,2,09,34,39,40,45,43,40,44,43,36,53,7,18,12,10,13,25,21,28,35,28,8,10,10,4,14,32,34,30,32,38,2,0,0,0,2,0,0,3,0,1,-6,-5,-3,9,-10,-1,8,2,6,-1,-7,-13,-2,3,-10,2,0,-3,0,1,43,50,46,37,34,51,59,45,37,46,14,10,12,8,12,29,35,34,29,22,15,15,11,6,8,34,44,34,30,38,0,5,0,0,0,2,0,0,1,0,-8,-9,1,0,-12,-1,-5,1,2,4,-5,-9,0,-1,-16,-2,5,0,-1,0,33,36,22,29,21,48,35,35,29,26,11,11,8,12,9,21,25,14,17,12,13,11,9,6,10,34,23,25,23,15,1,0,0,0,0,1,1,1,0,1,-15,1,-13,0,-5,-2,0,-1,6,-1,-13,2,-11,-6,-3,0,-1,-1,0,-1,26,30,37,24,30,27,31,17,11,12,8,9,15,17,29,14,8,8,8,9,21,18,23,7,0,1,0,1,1,1,0,1,-4,3,6,7,3,4,0,0,-6,-1,6,7,-1,0,0,0
2581,23,2,11,6,3,5,1,2,3,4,0,3,4,1,0,0,0,1,1,2,3,0,1,0,0,0,0,2,3,4,0,1,2,4,1,2,1,0,0,0,0,2,0,3,-1,5,-2,-2,1,0,0,0,-1,-2,-2,3,-1,-1,4,1,2,-1,0,1,4,3,2,4,5,2,3,4,3,1,0,1,1,1,0,3,1,1,1,1,1,1,1,1,3,1,2,3,1,0,1,1,0,2,1,0,0,0,1,-4,2,0,-2,1,0,-1,0,0,0,-3,2,-1,-2,0,-1,1,1,0,1,6,5,7,3,5,1,4,9,5,1,1,1,2,0,0,1,3,2,1,1,1,0,3,2,0,0,4,6,3,1,4,1,3,2,4,0,0,0,0,0,5,1,-2,-2,4,0,1,-1,-2,0,1,-1,-4,-2,0,4,1,3,2,4,5,1,7,3,4,2,4,2,1,0,0,1,3,1,3,1,1,1,2,1,2,1,2,0,1,0,4,1,1,0,0,1,1,-1,3,1,0,-1,-2,0,1,0,1,1,0,0,4,0
2581,24,1,09,33,36,32,27,41,37,27,37,44,40,11,17,9,10,18,20,19,23,17,23,9,8,13,13,10,28,19,24,30,30,2,0,0,0,0,0,0,0,1,0,-4,9,-5,-17,1,2,9,-4,-3,8,-8,0,-1,-13,-7,2,0,0,-1,0,29,22,42,35,24,35,38,37,48,43,8,7,18,11,6,21,14,24,23,18,8,14,16,12,9,24,24,21,34,34,0,1,0,1,0,3,0,0,2,0,-6,-16,5,-13,-19,0,-7,2,-1,-3,-3,-10,3,-11,-16,-3,1,0,-1,0,24,28,29,22,23,30,38,26,32,32,7,7,8,12,4,17,21,21,10,19,11,9,9,7,10,19,29,17,24,22,0,0,0,0,0,0,0,0,1,0,-6,-10,3,-10,-9,-4,-2,-1,5,-6,-2,-8,4,-14,-3,0,0,0,-1,0,29,31,26,19,33,26,31,26,13,12,8,3,16,19,18,16,6,6,7,13,27,20,24,13,0,0,0,0,0,0,0,0,-4,5,-5,-7,7,6,1,-10,-11,-1,-6,3,0,0,0,0
2581,24,1,11,4,6,8,4,4,4,5,2,5,2,0,1,1,0,1,1,2,3,2,1,0,1,0,1,0,2,2,1,3,2,3,3,4,2,2,2,2,1,1,0,0,1,6,-1,2,0,0,1,-1,1,-1,0,2,-1,-1,1,1,3,1,2,6,7,7,4,5,5,4,5,2,8,1,2,1,2,0,3,2,1,1,2,0,2,3,0,0,4,2,1,1,6,2,3,5,1,3,1,0,1,1,2,1,3,2,2,-3,1,0,-2,2,0,-1,0,0,0,-4,1,3,4,0,1,11,18,7,9,7,6,12,6,8,8,1,5,5,3,1,3,2,1,4,3,2,2,5,1,0,4,9,1,7,7,7,11,1,2,3,0,1,0,0,1,5,6,1,1,-1,-1,3,0,2,1,-1,-7,0,-3,-4,7,10,1,2,2,9,4,9,9,5,5,9,6,4,0,3,1,3,4,5,6,0,0,3,1,5,5,6,5,2,0,1,2,0,0,0,0,4,-1,0,3,4,0,0,0,-2,-1,-1,1,2,0,1,2
2581,24,2,09,25,28,36,29,36,37,36,41,27,46,3,6,10,6,10,21,22,25,22,26,6,7,8,9,11,30,29,33,18,33,1,0,1,1,0,1,0,0,0,2,-12,-8,-5,2,-10,-3,-1,2,-3,-1,-9,-7,-8,4,-7,0,0,1,1,-2,36,38,41,30,35,42,46,41,32,49,10,9,12,7,8,25,28,29,23,25,13,7,10,7,11,27,38,31,24,38,1,1,0,0,2,2,1,0,1,0,-6,-8,0,-2,-14,-3,2,2,0,-3,-2,-10,-2,-1,-13,-1,0,0,-1,2,26,32,25,29,26,44,41,36,30,44,11,14,11,7,7,15,18,14,21,19,16,11,12,7,13,27,29,24,23,30,0,0,0,1,0,1,1,0,0,1,-18,-9,-11,-1,-18,-5,3,-1,0,-6,-12,-11,-10,-2,-11,-1,-1,0,1,-1,23,17,28,21,28,28,31,21,8,7,10,7,15,10,17,14,6,5,11,7,22,23,20,14,0,0,1,0,0,0,0,0,-5,-11,-3,0,2,2,-1,0,-7,-13,-3,0,0,0,1,0
2581,24,2,11,4,1,2,3,5,2,1,3,4,1,0,0,1,1,0,2,1,0,2,2,0,0,0,1,0,2,0,3,1,1,2,0,1,0,3,0,1,0,2,0,2,0,-1,-1,4,0,0,1,0,0,0,1,-3,1,1,2,-1,1,-2,3,4,5,3,4,8,3,1,2,1,2,1,1,0,1,1,1,3,1,2,2,1,0,0,0,1,1,1,1,0,1,2,1,2,1,5,1,0,1,1,0,1,4,1,3,6,0,1,0,1,0,0,2,0,2,1,1,1,1,0,5,11,6,8,2,3,6,6,7,2,3,0,1,0,0,1,2,0,1,2,1,0,1,2,1,2,4,4,5,1,1,9,5,7,0,1,2,1,0,0,0,5,0,1,0,0,0,0,-2,-1,-1,-2,-4,-4,1,0,7,4,7,0,1,6,3,5,6,9,3,4,2,2,1,1,0,4,1,1,5,2,0,0,1,7,2,3,1,0,1,3,1,0,1,1,0,-3,0,1,4,0,1,1,-1,-3,-1,-2,4,0,0,2,1
2581,25,1,09,26,36,15,28,29,37,27,32,27,47,7,18,6,12,11,18,17,9,16,17,10,7,4,7,5,26,18,27,20,41,1,1,0,0,1,1,2,1,0,1,-11,9,-17,1,-18,-3,11,2,5,6,-8,-1,-18,-4,-24,0,-1,-1,0,0,19,30,25,26,34,35,32,25,32,44,5,8,11,8,11,13,20,12,18,22,7,8,6,2,9,26,22,19,30,35,1,2,2,0,1,2,2,0,0,0,-16,-2,0,-6,-10,-2,0,5,6,2,-13,-2,-7,-12,-13,-1,0,2,0,1,28,28,31,23,14,37,35,32,24,17,12,12,16,7,3,16,16,15,16,11,7,12,10,7,5,30,23,22,16,12,0,0,0,0,0,0,0,0,1,0,-9,-7,-1,-1,-3,5,0,6,0,-2,-14,-7,-7,0,-1,0,0,0,-1,0,15,20,21,23,26,19,32,21,7,8,8,8,8,12,12,15,10,8,9,7,16,10,23,14,0,0,1,0,0,1,0,0,-11,1,-11,2,-3,0,-1,1,-8,2,-11,1,0,-1,1,0
2581,25,1,11,5,2,4,7,8,3,1,5,9,6,0,0,1,0,1,3,0,3,3,3,0,0,1,1,0,1,1,4,5,3,2,2,0,4,4,2,0,0,3,3,2,1,-1,-2,2,0,0,0,-1,1,2,-1,-1,-2,0,0,2,0,1,1,3,5,4,8,6,6,4,3,8,4,2,0,2,2,1,0,2,0,2,3,0,2,0,2,0,4,2,3,5,4,1,3,2,4,2,2,0,0,1,0,-3,1,1,0,2,2,-2,2,0,1,-4,0,-3,-3,-1,-1,3,2,3,2,3,21,7,7,4,3,14,11,11,5,0,3,2,1,1,0,5,1,1,3,1,2,1,3,1,2,12,8,8,4,3,13,4,5,0,0,0,2,0,0,0,7,-4,-4,-1,-1,1,1,-2,0,-2,-7,-7,-7,-1,3,13,2,5,0,6,6,4,14,7,2,7,15,1,1,0,5,3,3,4,8,1,0,0,1,6,2,6,12,2,2,0,1,0,0,1,2,-1,4,-3,-1,0,1,0,4,-3,1,-2,-4,2,2,-1,-1
2581,25,2,09,28,33,26,31,27,34,24,31,33,36,3,15,8,10,9,25,17,17,21,18,9,4,8,8,4,25,19,22,24,28,0,1,1,0,0,0,1,1,1,4,-6,9,-5,-2,-9,-6,11,0,2,5,0,-2,-5,-3,-10,0,0,0,-1,-4,27,35,21,30,26,37,32,20,29,33,6,13,7,12,6,20,20,14,18,19,8,10,6,9,5,26,19,12,18,26,1,2,0,0,1,3,3,2,2,2,-10,3,1,1,-7,-2,3,1,3,1,-6,1,2,0,-7,-2,-1,-2,-2,-1,29,31,25,27,23,32,26,23,31,25,11,10,7,10,7,18,20,18,17,16,6,8,5,13,9,25,17,17,18,15,0,1,0,0,0,1,1,1,0,1,-3,5,2,-4,-2,5,2,2,-3,-2,-7,3,1,-1,1,-1,0,-1,0,-1,23,24,15,16,23,25,26,29,5,9,7,3,17,15,8,13,4,9,13,12,19,15,13,17,1,0,0,0,0,1,0,0,0,-1,-11,-13,1,0,-6,-9,-2,0,-5,-4,1,-1,0,0
2581,25,2,11,4,3,2,2,5,1,5,1,6,5,0,0,1,0,2,2,0,0,0,1,0,1,0,3,0,1,4,1,2,3,2,3,1,2,2,0,0,0,1,2,3,-2,1,-4,0,0,-1,1,-3,2,1,-4,-1,-2,-2,2,3,1,1,0,2,6,5,5,3,1,4,3,1,6,0,1,1,1,1,0,3,3,1,1,0,2,0,0,0,1,2,3,1,6,2,2,1,3,1,0,0,0,0,0,1,2,2,4,-3,0,-1,1,1,1,-1,1,0,0,-5,2,2,1,3,1,5,9,5,7,6,4,7,4,7,5,3,3,0,1,1,0,0,2,3,2,2,4,1,0,0,2,3,3,7,3,2,6,3,3,3,0,0,0,0,2,1,2,1,0,1,1,-1,-1,1,1,-2,-3,-1,-4,-1,2,6,3,3,1,2,9,4,12,2,2,4,5,0,2,0,1,2,3,1,5,1,0,0,0,1,2,4,4,0,4,3,6,0,0,0,1,0,7,0,7,-1,2,0,1,1,1,-3,1,0,4,3,5
2581,26,1,09,27,22,15,20,21,22,20,31,14,26,11,4,7,3,7,15,18,8,17,14,6,2,8,4,7,14,18,21,9,19,1,0,0,0,0,2,0,2,1,0,5,2,-16,6,-5,5,2,-1,-1,0,1,0,-13,8,-5,-1,0,-2,-1,0,27,24,41,24,27,24,20,20,24,31,10,7,11,10,6,16,17,29,14,21,7,7,4,6,5,14,11,15,18,26,1,0,1,0,0,3,2,1,0,0,3,4,21,0,-4,3,0,7,4,1,2,6,14,-4,-5,-2,-2,0,0,0,31,29,25,28,25,31,33,36,27,23,12,7,11,12,13,19,22,14,16,12,10,12,5,7,8,21,21,29,20,13,0,0,0,0,0,0,0,2,0,2,0,-4,-11,1,2,2,-5,6,5,5,-2,1,-15,-4,-1,0,0,-2,0,-2,23,22,18,16,21,20,20,16,8,10,6,5,15,12,12,11,7,8,6,5,14,12,14,11,0,0,0,0,0,0,0,0,2,2,-2,0,1,2,0,0,1,0,-2,0,0,0,0,0
2581,26,1,11,9,4,6,3,8,3,2,6,2,2,1,2,0,0,3,2,2,3,0,3,1,0,1,1,0,1,2,2,1,2,6,0,3,3,2,1,0,3,0,0,6,2,0,1,6,0,2,-1,-1,3,1,0,1,-1,1,5,0,0,3,2,3,5,4,7,5,0,1,4,3,4,0,0,1,1,1,2,3,2,2,2,0,0,0,0,0,0,0,2,3,3,1,2,1,4,2,0,1,2,0,1,3,4,0,4,1,0,0,1,1,1,2,3,0,-1,-1,1,1,-1,4,1,15,13,8,7,6,2,6,14,4,6,2,4,0,3,1,4,0,5,2,2,0,1,2,0,2,2,4,12,4,3,9,9,3,2,3,0,1,0,0,1,13,7,-6,3,0,2,3,-2,3,-1,2,-4,-7,-2,-1,9,8,3,2,2,5,6,7,8,3,4,5,7,1,3,0,0,3,2,5,5,1,0,1,0,1,3,1,7,1,1,2,3,1,1,3,0,2,2,2,1,0,3,-1,0,2,-1,4,-2,0,0,-1,3
2581,26,2,09,27,26,24,18,17,36,19,36,17,22,10,6,7,4,4,17,19,16,14,13,16,5,14,6,3,20,13,21,11,17,0,1,1,0,0,0,1,1,0,2,-9,7,-12,1,-5,-6,1,-7,-2,1,-3,6,-5,3,-4,0,0,0,0,-2,25,26,30,27,30,25,29,28,29,26,6,9,8,13,10,18,17,22,14,20,6,10,11,10,10,17,18,16,19,16,1,0,0,0,0,2,1,1,0,0,0,-3,2,-2,4,0,-1,-3,3,0,1,-1,6,-5,4,-1,-1,-1,0,0,36,23,16,27,20,31,38,22,25,23,14,9,7,6,4,22,13,8,20,16,8,8,7,8,5,21,29,13,17,18,0,1,1,1,0,2,1,2,0,0,5,-15,-6,2,-3,6,1,0,-2,-1,1,-16,-5,3,-2,-2,0,-1,1,0,20,23,18,16,19,19,18,6,7,12,7,8,12,11,10,8,5,5,9,3,14,14,8,3,1,0,1,0,0,0,1,0,1,4,0,10,2,7,-2,5,-2,-3,2,5,1,0,0,0
2581,26,2,11,3,2,6,2,1,1,2,1,1,0,0,1,0,0,0,2,1,1,1,0,1,0,1,0,0,0,1,0,1,0,1,0,5,1,1,0,1,0,0,0,2,0,5,1,1,-1,1,-1,0,0,2,0,1,0,0,1,-1,5,1,1,2,0,7,6,3,3,4,6,1,7,0,0,2,1,1,2,0,1,0,0,1,0,2,0,4,2,2,2,1,2,0,0,4,5,2,0,2,2,0,1,-1,-4,1,5,-4,-1,0,0,1,-3,0,-2,-1,-1,-2,0,-2,2,5,1,10,9,10,10,4,1,11,6,8,5,3,1,4,0,0,0,0,2,1,2,0,2,1,1,1,1,9,5,5,4,7,8,4,9,2,0,0,0,2,0,9,-2,4,2,-1,3,-1,3,-1,-1,-1,-9,-3,-4,-2,7,8,4,7,2,7,5,4,5,5,1,4,5,2,0,2,2,2,1,0,2,1,0,0,3,2,1,3,1,3,4,2,1,2,0,1,1,2,4,0,0,1,0,2,-1,0,0,-3,1,1,4,1,0
2581,27,1,09,25,18,14,19,12,26,42,21,18,33,7,4,5,5,5,18,13,9,13,7,6,11,3,3,5,19,30,16,15,28,0,1,0,1,0,1,1,2,0,0,-1,-24,-7,1,-21,1,-7,2,2,0,-1,-17,-7,-2,-21,-1,0,-2,1,0,20,22,18,22,17,23,28,26,31,24,6,9,5,8,6,13,12,13,12,11,4,13,9,6,6,15,15,16,24,18,1,1,0,2,0,4,0,1,1,0,-3,-6,-8,-9,-7,2,-4,-4,2,0,-2,-3,-3,-12,-7,-3,1,-1,1,0,22,21,21,15,22,27,31,25,21,23,10,9,10,5,7,12,12,11,8,14,5,11,10,2,8,21,19,14,18,13,0,0,0,2,1,1,1,1,1,2,-5,-10,-4,-6,-1,5,-2,0,3,-1,-9,-7,-3,-10,1,-1,-1,-1,1,-1,23,17,18,11,32,20,25,19,7,8,6,5,15,9,12,6,8,8,6,9,24,11,18,8,1,0,0,0,0,1,1,2,-9,-3,-7,-8,-1,0,0,-4,-9,-2,-6,-2,1,-1,-1,-2
2581,27,1,11,4,1,2,2,2,3,5,6,2,2,0,0,0,0,0,2,0,0,1,1,0,0,0,0,1,1,3,4,1,1,2,1,2,1,1,2,2,2,1,0,1,-4,-4,0,0,0,0,0,0,-1,1,-3,-4,0,0,0,-1,0,0,1,6,6,4,6,7,7,5,1,2,5,1,1,1,4,0,1,1,0,0,2,0,0,1,2,1,4,5,0,0,2,4,4,3,2,5,3,0,0,0,2,-1,1,3,4,2,1,1,0,2,-1,-3,-4,0,0,0,1,4,3,2,3,16,13,16,8,7,5,12,15,6,5,3,3,2,1,0,2,2,1,3,6,1,1,3,0,1,4,10,11,5,4,11,8,13,4,1,0,1,1,1,0,11,1,1,2,2,2,2,-1,1,-1,-2,-8,-10,-2,2,11,7,12,3,1,2,7,1,6,4,3,4,7,1,2,0,2,1,3,1,3,1,0,1,0,2,3,3,7,0,2,0,1,1,0,0,0,-2,4,-3,-1,0,2,-1,2,-1,0,-2,-4,-1,2,0,1
2581,27,2,09,25,15,17,15,18,24,18,21,19,17,5,7,4,4,8,19,8,13,11,9,13,2,7,4,5,10,16,12,13,12,1,0,0,0,1,1,0,2,2,0,1,-3,-4,-4,1,-8,5,-3,0,3,9,-8,1,-2,-3,0,0,-2,-2,1,22,15,17,20,20,22,21,23,21,23,7,5,2,6,5,14,9,15,13,15,5,8,8,4,5,17,13,14,17,18,1,1,0,1,0,0,0,1,0,0,0,-6,-6,-1,-3,2,-3,-6,2,0,-3,-4,1,-4,-3,1,1,-1,1,0,23,21,19,22,25,29,22,17,16,24,12,7,9,8,9,9,14,10,13,15,6,7,5,4,9,22,14,11,12,14,2,0,0,1,1,1,1,1,0,1,-6,-1,2,6,1,6,0,4,4,0,-13,0,-1,1,1,1,-1,-1,1,0,20,17,29,20,19,18,9,12,7,9,6,8,13,8,23,12,6,6,4,6,13,11,5,6,0,0,0,0,0,1,0,0,1,-1,20,8,1,3,2,2,0,-3,18,6,0,-1,0,0
2581,27,2,11,1,3,4,3,7,6,5,2,3,1,1,0,1,0,2,0,0,2,0,3,3,0,0,1,0,3,4,1,1,1,0,3,1,3,2,0,1,1,1,0,-5,-2,2,0,6,-2,0,1,-1,2,-3,-4,1,-1,2,0,2,0,2,2,5,4,4,2,4,0,2,2,4,4,2,0,1,1,0,0,1,2,1,2,0,1,0,0,0,0,1,2,3,3,3,3,1,0,2,0,0,0,1,1,5,2,2,-2,0,2,-1,1,1,0,0,0,0,-2,-1,3,3,1,-1,1,4,15,7,3,4,1,8,7,4,1,0,4,0,2,2,1,2,4,0,2,0,1,2,1,0,0,7,5,3,1,3,9,3,1,0,1,0,0,0,0,3,7,0,-1,3,0,3,-2,1,2,1,-5,-1,-3,1,2,9,3,1,0,3,5,5,6,2,5,1,4,1,2,1,1,0,1,1,2,0,0,0,0,2,4,0,3,2,2,3,3,0,1,1,1,1,0,4,2,1,2,1,1,-2,-3,1,-1,2,1,2,2
2581,28,1,09,21,17,18,19,16,25,15,15,20,23,5,6,5,4,5,16,10,12,15,8,4,2,5,1,4,21,12,10,16,18,0,1,1,0,3,0,1,0,3,1,-4,2,3,-1,-7,1,4,0,3,1,-5,-2,2,-1,-10,0,0,1,-3,2,16,24,18,24,17,12,16,27,13,17,5,2,7,8,8,11,22,11,16,9,4,8,8,5,7,6,7,17,8,10,0,0,0,0,0,2,1,2,0,0,4,8,-9,11,0,1,-6,-1,3,1,5,15,-6,8,-1,-2,-1,-2,0,0,19,10,20,22,24,22,20,16,21,20,4,3,4,10,7,15,7,16,12,17,6,6,8,3,6,15,12,8,18,13,0,0,0,0,0,1,2,0,0,1,-3,-10,4,1,4,-2,-3,-4,7,1,0,-5,8,-6,4,-1,-2,0,0,-1,22,21,19,19,23,26,15,8,10,10,8,6,12,11,11,12,11,15,3,2,12,11,11,6,0,0,0,1,0,0,1,0,-1,-5,4,11,-1,-5,5,4,0,0,0,6,0,0,-1,1
2581,28,1,11,6,5,5,3,2,3,5,3,4,1,1,2,1,0,1,1,0,2,1,1,0,0,0,1,0,1,3,2,3,1,4,3,2,2,0,2,2,1,0,0,3,0,2,-1,1,1,2,1,-1,1,0,-3,0,-2,0,2,1,1,2,0,4,4,7,6,6,3,4,6,4,8,1,0,1,0,1,2,1,3,1,1,0,0,2,0,1,0,4,3,4,4,1,3,3,5,4,3,0,1,0,3,1,0,1,2,-2,1,0,-1,0,0,2,-3,0,-3,-3,-2,3,2,5,1,14,13,13,4,9,7,15,12,4,8,2,3,6,1,1,4,3,2,1,3,0,2,2,2,0,3,13,9,2,7,8,7,5,2,5,4,0,1,0,1,7,-2,1,0,1,2,1,4,-1,1,1,-10,-7,-1,-4,4,7,4,2,4,10,3,6,8,9,4,4,6,3,1,2,0,6,1,3,7,3,2,2,2,6,1,1,4,1,1,1,1,0,1,1,0,1,-1,2,2,0,-1,0,-2,0,0,2,3,1,0,0,1
2581,28,2,09,18,16,13,15,9,18,26,18,20,16,9,6,6,7,1,9,10,7,8,8,6,6,4,2,5,12,20,14,16,10,0,0,0,0,0,0,0,0,2,1,0,-10,-5,-5,-7,3,0,2,5,-4,-3,-10,-7,-8,-2,0,0,0,-2,-1,18,20,18,18,19,13,25,17,6,30,5,6,9,9,12,11,14,8,9,5,4,7,3,1,9,8,18,12,4,19,2,0,1,0,2,1,0,2,1,2,5,-5,1,12,-11,1,-1,6,8,3,3,-4,-4,5,-14,1,0,-1,-1,0,16,16,21,21,16,13,25,17,16,15,8,8,8,9,4,8,8,12,12,12,3,10,4,10,5,10,12,13,6,8,0,0,1,0,0,0,3,0,0,2,3,-9,4,5,1,5,-2,4,-1,-1,-2,-4,-1,6,4,0,-3,1,0,-2,26,23,16,18,24,18,19,13,10,10,9,4,14,13,7,14,5,5,8,4,17,12,9,9,2,0,0,0,2,1,2,0,2,5,-3,5,5,5,1,0,-3,1,-2,5,0,-1,-2,0
2581,28,2,11,6,7,9,4,4,1,1,1,3,4,0,1,1,1,2,0,3,2,2,0,0,0,0,2,0,1,1,1,0,3,6,3,6,1,2,0,0,0,1,1,5,6,8,1,0,0,1,1,-1,2,-1,2,1,2,-3,6,3,6,0,1,3,3,3,3,7,4,4,1,1,3,2,0,0,0,3,1,2,1,1,0,0,2,0,1,0,3,2,0,0,1,0,1,2,2,4,1,0,1,0,2,-1,-1,2,2,4,2,-2,0,-1,3,-2,0,1,1,-1,-1,1,1,2,2,7,7,8,5,4,5,6,12,6,1,3,2,0,2,1,0,1,2,0,2,0,1,1,1,0,5,5,10,4,1,4,4,6,3,1,0,0,1,1,0,2,1,-4,-1,3,3,1,-1,1,1,-5,-4,-8,-4,1,4,4,5,2,1,6,7,7,4,5,5,2,6,1,3,1,0,1,0,5,0,1,0,0,1,4,3,2,4,4,4,1,4,0,2,0,1,1,2,5,-2,0,3,1,-1,-3,-3,3,-4,4,2,1,3
2581,29,1,09,19,14,19,18,16,20,21,24,18,19,7,8,7,11,5,12,6,11,7,11,4,9,9,5,7,16,12,14,13,12,0,0,1,0,0,0,0,1,0,0,-1,-7,-5,0,-3,3,-1,-2,6,-2,-4,-6,-3,-6,-1,0,0,0,0,0,17,12,15,18,16,12,15,13,13,13,3,6,6,6,7,12,6,7,11,9,3,6,4,3,8,9,9,9,9,5,2,0,2,1,0,0,0,0,1,0,5,-3,2,5,3,0,0,2,3,-1,3,-3,-2,2,4,2,0,2,0,0,19,17,25,11,16,12,17,12,19,17,10,6,9,6,5,8,11,16,5,11,4,4,3,4,7,8,12,9,14,10,1,0,0,0,0,0,1,0,1,0,7,0,13,-8,-1,6,2,6,2,-2,0,-1,7,-9,1,1,-1,0,-1,0,13,16,9,12,17,17,9,11,4,6,3,6,8,9,5,6,8,5,4,8,8,12,5,3,1,1,1,0,1,0,0,0,-4,-1,0,1,-4,1,-1,-2,0,-3,0,3,0,1,1,0
2581,29,1,11,3,3,5,2,6,6,2,4,3,2,1,1,0,0,3,1,2,2,1,3,2,0,0,0,2,3,1,3,2,0,1,0,3,1,0,1,1,1,1,0,-3,1,1,-1,4,-1,1,0,0,1,-2,1,-1,-1,3,0,-1,2,0,0,5,3,3,8,3,3,3,2,6,6,3,0,0,3,1,0,1,0,3,0,1,0,0,2,0,2,2,1,4,3,2,2,3,2,2,0,1,1,0,3,2,0,1,2,-3,2,0,0,1,1,-2,-1,-1,-1,-3,2,1,2,2,-1,8,18,16,5,2,1,14,18,5,4,2,4,7,0,0,2,2,1,0,2,0,5,5,0,1,1,9,13,5,2,4,12,8,5,0,0,0,0,0,1,7,4,-2,0,-2,2,-1,2,0,-1,1,-7,-12,-5,0,4,12,8,5,-1,4,7,8,3,5,6,2,9,2,2,2,0,1,1,3,3,0,0,1,3,3,5,0,5,1,4,3,0,2,1,1,1,-1,1,6,-6,2,2,1,-3,-2,-4,3,-2,-1,3,2,-1
2581,29,2,09,14,10,13,12,20,19,14,13,5,15,6,5,5,4,8,7,5,7,8,12,6,8,5,2,8,11,6,7,3,6,1,0,1,0,0,2,0,1,0,1,-5,-4,0,7,5,0,-3,0,2,0,-4,-1,0,5,6,-1,0,0,0,-1,17,10,14,18,13,12,17,13,18,8,4,3,6,6,9,13,7,7,12,4,5,8,6,7,2,4,8,7,10,6,0,0,1,0,0,3,1,0,1,0,5,-7,1,0,5,-1,-5,0,-1,7,9,-1,0,2,-2,-3,-1,1,-1,0,13,15,19,14,23,11,19,10,14,13,6,3,9,8,10,7,12,9,5,13,1,7,4,2,6,9,12,5,11,7,0,0,1,1,0,1,0,1,1,0,2,-4,9,0,10,5,-4,5,6,4,-2,0,4,-6,6,-1,0,0,0,0,15,16,17,14,16,8,14,12,6,7,5,7,8,9,12,6,3,2,3,5,13,5,11,6,1,0,0,1,0,1,0,1,-1,8,3,2,3,5,2,2,-5,4,1,0,1,-1,0,0
2581,29,2,11,4,4,1,2,7,4,3,2,5,4,0,1,0,0,3,0,2,1,1,2,0,0,0,0,2,4,1,2,5,1,4,1,0,1,2,0,2,0,0,1,0,1,-1,-3,3,0,1,0,0,1,-4,1,-1,-4,1,4,-1,0,1,1,4,3,4,5,3,2,2,4,5,5,1,1,2,1,0,1,0,0,3,2,0,1,1,0,0,1,1,2,4,3,2,2,2,1,1,1,0,1,1,2,2,1,0,0,-2,1,0,1,1,0,0,-1,-2,-1,-1,1,2,1,0,-1,6,8,6,5,3,3,6,6,6,1,1,2,1,0,1,0,0,0,1,1,1,1,1,2,1,2,4,5,4,0,5,6,5,4,1,0,1,0,0,0,3,2,0,-1,2,0,1,0,-2,0,-2,-4,-5,-3,1,5,5,5,4,1,4,7,4,7,5,1,1,5,2,0,1,1,0,2,1,1,2,0,0,2,2,1,1,3,2,5,2,5,1,0,0,0,-1,6,3,2,0,0,1,-1,-2,1,0,-2,1,5,2,5
2581,30,1,09,15,17,9,13,18,11,13,16,16,22,5,5,7,3,5,10,12,2,9,13,5,1,5,5,8,6,10,11,10,13,0,0,0,1,0,0,2,0,1,1,4,4,-7,-3,-4,0,4,2,-2,-3,4,2,-9,-1,0,0,-2,0,0,-1,7,23,14,12,17,11,16,11,13,8,1,7,4,3,8,6,16,9,9,9,5,3,6,7,3,5,10,5,6,4,0,0,1,0,0,1,3,0,0,1,-4,7,3,-1,9,-4,4,-2,-4,5,1,6,4,3,5,-1,-3,1,0,-1,16,16,10,8,18,10,9,7,18,16,5,11,5,4,6,11,5,3,4,12,3,3,4,8,4,7,6,2,10,11,0,0,2,0,0,0,0,1,0,1,6,7,3,-10,2,2,8,1,-4,2,4,-1,1,-6,1,0,0,1,0,-1,25,24,16,16,17,15,10,15,8,10,6,3,17,14,10,13,6,4,2,5,11,11,8,9,0,0,0,0,0,0,0,1,8,9,6,1,2,6,4,-2,6,3,2,4,0,0,0,-1
2581,30,1,11,3,1,7,2,3,7,1,5,3,2,1,0,2,2,1,0,1,1,0,2,1,1,0,1,0,4,0,4,1,1,2,0,4,0,0,2,0,1,1,1,-4,0,2,-1,1,0,-1,2,1,1,-4,1,-3,-1,1,0,0,3,-1,-1,4,0,5,1,3,4,2,4,5,2,1,0,2,0,1,2,0,1,0,0,2,1,0,2,0,2,1,4,3,1,1,0,2,1,2,0,0,0,0,1,0,-2,1,-4,1,-1,-1,2,-2,1,0,-1,-3,-3,-1,1,0,2,1,1,3,11,9,7,6,4,8,9,5,5,1,3,0,3,1,0,1,1,1,2,1,2,2,1,1,3,6,6,4,2,2,7,8,3,3,0,0,1,0,2,-1,3,0,2,1,0,1,-2,2,0,-3,-5,-5,-3,0,2,7,7,3,1,5,9,4,4,7,1,2,5,2,0,1,1,3,2,1,2,0,0,1,1,7,1,1,4,0,7,2,1,0,0,0,0,-2,8,2,-1,2,0,0,0,-4,1,0,-2,0,7,2,1
2581,30,2,09,13,12,18,8,13,9,11,10,11,7,6,4,5,3,7,7,6,11,5,6,3,4,6,4,4,4,6,3,7,3,0,2,2,0,0,2,1,1,0,0,4,1,8,-3,6,3,0,-1,-1,3,3,0,8,-2,3,-2,1,1,0,0,14,18,11,9,10,15,10,8,16,11,2,7,2,2,2,12,10,9,7,7,5,2,2,10,5,8,8,5,5,6,0,1,0,0,1,2,0,1,1,0,-1,8,3,-7,-1,-3,5,0,-8,-3,4,2,4,2,1,-2,1,-1,-1,1,14,16,12,13,22,7,15,8,13,14,7,5,3,7,9,7,10,9,5,13,1,6,1,7,4,6,8,7,6,7,0,1,0,1,0,0,1,0,0,3,7,1,4,0,8,6,-1,2,0,5,1,2,2,-1,6,0,0,0,1,-3,18,14,12,9,12,9,12,12,7,5,6,5,11,9,6,4,4,2,3,7,8,7,9,5,0,0,0,0,0,0,0,0,6,5,0,-3,3,3,3,-2,3,2,-3,-1,0,0,0,0
2581,30,2,11,1,2,3,6,2,1,3,3,2,1,0,0,0,0,1,1,2,0,3,0,0,1,1,0,0,0,1,1,2,1,0,0,3,3,1,1,1,1,0,0,0,-1,0,4,1,0,-1,-1,0,1,1,1,-1,1,-1,-1,-1,2,3,1,3,5,5,3,7,6,2,0,2,2,1,1,0,0,0,1,1,0,2,1,2,0,0,1,1,2,2,0,1,1,1,3,5,1,6,2,0,0,0,0,-3,3,5,1,5,-1,1,0,-1,-1,-1,-1,0,1,0,-1,3,5,1,6,4,4,8,9,5,2,5,4,6,1,1,1,1,2,3,0,1,2,1,1,0,1,0,2,0,2,4,4,3,1,3,2,5,6,1,0,0,0,1,0,2,-1,4,3,4,1,0,1,0,3,-2,-3,-2,-2,0,3,2,5,5,1,3,1,2,9,1,1,4,2,1,0,1,2,1,0,1,4,0,0,0,1,1,0,2,1,1,1,0,3,0,1,2,0,2,0,-2,7,1,0,1,1,0,0,-1,3,1,0,-2,3
2581,31,1,09,20,8,14,9,10,15,8,14,12,12,5,6,4,6,0,15,2,9,2,10,4,1,6,6,6,10,7,8,5,6,0,0,1,1,0,1,0,0,1,0,5,0,0,-3,-2,1,5,-2,0,-6,5,-5,1,-3,4,-1,0,1,0,0,14,14,10,8,9,17,10,12,13,16,5,5,4,4,5,9,8,6,4,4,8,2,5,5,5,7,8,7,8,10,0,1,0,0,0,2,0,0,0,1,-3,4,-2,-5,-7,-3,3,-1,-1,0,2,0,-1,-4,-6,-2,1,0,0,-1,12,14,14,16,6,11,7,9,7,8,3,4,4,5,4,9,9,10,11,2,3,1,2,0,3,8,6,7,7,5,0,1,0,0,0,0,0,0,0,0,1,7,5,9,-2,0,3,2,5,1,1,3,3,4,-3,0,1,0,0,0,18,16,12,17,18,18,13,8,6,8,4,10,11,8,8,7,7,7,4,4,11,11,9,4,1,0,0,0,0,0,0,0,0,-2,-1,9,-1,1,0,6,0,-3,-1,3,1,0,0,0
2581,31,1,11,3,5,5,4,4,4,5,5,3,5,0,1,0,2,0,1,3,2,0,1,2,1,0,1,1,1,3,5,2,1,2,1,3,2,3,1,1,0,0,3,-1,0,0,1,-1,-2,0,0,1,-1,0,0,-3,-2,0,1,0,3,2,0,2,6,6,5,4,3,4,2,3,1,0,0,1,0,2,1,2,2,3,2,0,0,1,0,1,2,4,1,3,0,1,4,3,2,0,1,0,0,0,0,-1,2,4,2,3,0,0,0,0,1,-1,-2,1,0,2,0,4,3,2,0,9,13,7,1,8,2,8,8,4,4,3,2,0,0,1,1,2,1,0,6,0,5,0,0,1,2,3,7,2,1,5,9,6,1,1,0,0,1,2,2,7,5,-1,-3,4,3,-3,0,0,0,-1,-1,-6,-2,5,5,9,5,-1,-1,5,5,4,2,4,1,2,3,0,1,2,0,2,2,1,2,0,0,0,1,2,1,2,1,3,2,1,0,2,0,0,1,1,4,2,-1,0,1,2,-1,0,1,-1,1,1,2,1,-1
2581,31,2,09,13,10,13,11,8,4,4,9,10,10,5,1,6,5,2,7,7,7,6,6,0,0,4,3,6,4,4,5,6,4,1,2,0,0,0,0,0,0,1,0,9,6,4,1,-2,5,1,2,2,-4,3,3,2,0,2,1,2,0,-1,0,15,10,7,9,11,15,11,4,4,8,7,6,2,5,2,8,3,5,4,9,8,9,0,3,4,6,2,4,1,3,0,1,0,0,0,1,0,0,0,1,0,-1,3,5,3,-1,-3,2,2,-2,2,1,1,3,6,-1,1,0,0,-1,16,15,9,9,12,9,8,11,6,14,8,6,8,1,3,8,9,1,8,9,4,3,6,3,8,5,5,5,3,6,0,0,0,0,0,0,0,0,0,0,7,7,-2,3,-2,4,3,2,-2,-5,3,4,-4,5,3,0,0,0,0,0,15,17,14,14,6,18,6,6,4,5,4,8,10,12,9,6,2,6,1,3,4,11,4,3,1,0,1,0,0,1,1,0,9,-1,8,8,2,-1,3,5,6,1,5,3,1,-1,0,0
2581,31,2,11,2,3,2,0,6,1,1,2,0,3,0,0,0,0,2,1,1,1,0,2,0,0,1,0,1,0,1,0,0,2,1,2,1,0,2,1,0,1,0,0,1,2,0,0,3,0,0,-1,0,1,1,0,1,0,0,0,2,0,0,2,7,3,2,2,2,5,1,2,5,0,2,1,1,0,1,1,2,0,2,0,2,0,0,1,0,2,1,0,2,0,4,0,1,0,1,1,0,2,2,0,2,2,0,-3,2,0,1,1,-1,1,-1,1,0,0,0,3,0,-1,-2,1,5,14,14,5,2,3,5,4,4,3,1,1,4,0,1,0,4,2,1,0,0,0,1,2,1,3,4,3,2,2,4,9,8,4,1,0,1,0,0,0,2,9,10,1,-1,1,1,3,-2,0,-3,0,-1,-1,-2,4,8,8,4,1,2,6,3,2,2,2,5,1,0,0,0,1,0,3,0,0,1,1,1,0,1,0,4,1,2,3,3,1,0,1,0,0,0,4,-2,1,-1,-1,-1,1,-1,3,-4,-1,2,2,3,1
2581,32,1,09,11,17,12,7,10,15,13,7,12,12,4,5,3,0,5,5,11,9,6,5,6,6,6,3,3,9,7,1,8,8,2,1,0,1,0,0,0,0,1,1,-4,4,5,-5,-2,-2,-1,-3,-3,2,-4,4,8,-2,-3,2,1,0,0,-1,7,9,7,10,12,7,5,4,7,11,2,6,2,2,3,4,3,5,8,9,1,2,1,2,6,6,3,2,4,4,1,0,0,0,0,0,0,1,1,1,0,4,3,3,1,1,4,1,0,-3,-2,0,3,4,5,1,0,-1,-1,-1,8,18,13,12,11,10,14,10,11,11,6,7,8,3,6,1,9,5,9,5,4,3,5,6,8,6,10,5,5,3,1,2,0,0,0,0,1,0,0,0,-2,4,3,1,0,2,4,3,-3,-2,-5,-1,0,4,2,1,1,0,0,0,21,19,13,12,18,23,14,16,9,8,8,6,11,11,5,6,8,6,7,8,9,16,6,7,1,0,0,0,1,1,1,1,3,-4,-1,-4,1,2,1,-2,2,-5,-1,-1,0,-1,-1,-1
2581,32,1,11,4,2,2,2,2,6,3,4,0,2,2,0,0,0,1,0,1,1,2,1,1,1,1,0,2,2,2,3,0,0,2,1,1,0,0,3,0,0,0,0,-2,-1,-2,2,0,1,-1,-1,0,-1,-2,-1,-2,2,1,-1,1,1,0,0,4,1,5,5,9,3,2,3,4,4,2,0,3,0,1,0,0,0,2,2,2,0,1,0,0,1,2,2,4,2,2,1,2,3,6,0,0,0,0,2,1,-1,2,1,5,0,0,2,0,1,-1,-2,-2,-2,0,2,1,2,3,4,5,18,10,3,8,5,17,10,6,5,2,5,1,0,2,0,0,4,0,4,2,2,3,0,0,3,15,7,4,5,3,13,5,3,2,0,0,0,2,0,0,1,0,-3,3,0,3,-2,0,2,-3,-15,-3,-4,-1,3,13,5,1,2,3,4,2,4,5,4,3,6,0,1,1,0,2,1,0,0,0,0,1,1,5,3,2,2,1,2,1,4,0,1,0,3,-2,0,-1,-2,0,1,0,-1,-3,-2,-2,-2,1,1,1,1
2581,32,2,09,11,10,12,4,8,9,9,4,7,7,5,2,9,2,4,6,8,3,2,3,4,3,3,3,1,5,5,1,4,6,0,0,0,0,1,0,1,0,0,0,2,1,8,-3,1,1,-1,6,-1,3,1,3,2,-2,-3,0,-1,0,0,1,9,10,6,7,9,5,8,5,13,10,2,7,2,2,4,6,3,3,5,5,2,5,3,5,7,3,2,1,7,3,1,0,1,0,0,0,1,1,1,0,4,2,1,-6,-1,0,2,-1,-3,-3,3,1,2,-2,2,1,-1,0,-1,0,9,7,8,13,7,5,6,6,6,4,5,3,4,5,4,3,4,4,8,3,2,1,0,3,3,2,4,4,3,1,1,0,0,0,0,1,1,2,0,0,4,1,2,7,3,3,2,4,2,1,1,0,0,5,2,0,-1,-2,0,0,8,10,9,17,11,13,11,12,5,6,3,8,3,4,5,9,2,4,3,4,8,8,5,7,0,0,1,0,1,1,3,1,-3,-3,-2,5,3,2,0,4,-5,-4,0,2,-1,-1,-2,-1
2581,32,2,11,1,1,0,5,3,0,4,3,3,4,1,1,0,0,0,0,0,0,4,2,0,0,0,0,0,0,3,1,3,3,0,0,0,1,1,0,1,2,0,1,1,-3,-3,2,-1,1,1,0,0,0,0,-3,-1,1,-1,0,-1,-2,1,0,2,1,2,2,3,4,0,1,3,1,1,0,1,0,2,1,1,1,1,1,0,0,0,0,1,2,0,1,3,0,0,0,0,1,0,2,0,0,0,0,-2,1,1,-1,2,1,0,1,0,1,-1,1,0,-2,1,-2,0,0,1,0,2,5,8,5,4,0,3,6,6,0,0,1,0,1,0,0,2,0,0,3,0,0,1,1,0,0,3,5,5,0,2,2,8,4,1,0,0,0,0,0,2,2,2,-1,4,0,1,-1,0,0,0,-1,-5,-5,3,2,2,8,4,1,5,2,2,7,6,0,2,1,0,0,0,1,1,1,1,2,1,0,1,0,5,0,1,1,4,1,1,4,0,0,0,0,-1,2,0,6,-1,0,-1,1,-4,1,0,1,4,1,1,4
2581,33,1,09,3,9,13,5,5,5,13,18,5,10,1,1,3,2,1,2,8,10,3,4,4,4,7,1,2,1,8,11,2,8,0,0,0,0,0,0,1,0,2,0,-2,-4,-5,0,-5,-3,-3,-4,1,-1,1,0,-1,1,-4,0,-1,0,-2,0,6,7,13,14,13,9,14,13,5,6,2,2,4,4,9,4,5,8,10,3,5,6,5,2,2,2,8,8,2,4,0,0,1,0,1,2,0,0,1,0,-3,-7,0,9,7,-3,-4,-1,2,7,2,-3,0,8,-1,-2,0,1,-1,1,9,8,19,8,10,6,9,7,10,15,4,5,9,2,5,5,3,8,6,5,3,2,2,4,5,3,7,5,6,10,0,0,2,0,0,0,0,0,0,0,3,-1,12,-2,-5,1,3,7,-2,0,2,-4,3,0,-5,0,0,2,0,0,14,6,19,15,13,10,13,7,8,4,7,6,5,2,12,9,9,5,7,4,3,5,6,3,1,0,0,0,1,0,0,0,1,-4,6,8,-1,-1,0,2,2,-3,6,6,0,0,0,0
2581,33,1,11,5,6,3,0,0,1,1,3,3,5,1,1,2,0,0,0,3,0,0,0,0,0,0,0,0,1,1,1,3,3,4,2,1,0,0,0,0,2,0,2,4,5,0,-3,-5,1,1,2,0,0,-1,2,-1,-3,-3,4,2,-1,0,-2,1,1,3,1,3,2,2,3,3,4,0,1,1,1,0,1,0,1,0,1,0,1,1,0,0,2,1,2,2,2,0,0,1,0,2,0,0,0,1,2,-1,-1,0,-2,-1,0,0,0,1,0,-1,-1,-1,-2,-1,0,0,1,-1,0,5,6,5,7,7,6,5,9,4,5,2,1,0,2,0,1,1,0,2,3,1,1,1,1,1,4,4,8,1,3,2,4,5,3,4,1,0,0,2,1,-1,1,-4,3,2,1,0,-1,1,-1,-3,-3,-8,1,0,1,4,5,1,3,1,9,6,2,4,7,3,2,0,1,3,0,1,3,1,1,0,1,0,1,3,6,2,1,0,5,2,1,1,0,1,0,-3,2,3,0,0,0,3,-1,-2,-3,-1,0,-1,5,1,1
2581,33,2,09,9,10,9,11,7,5,3,3,8,6,5,3,5,7,2,4,6,4,4,4,1,0,0,1,2,4,2,2,6,3,0,1,0,0,1,0,1,1,1,1,4,7,6,3,1,4,3,5,6,0,0,4,2,-2,1,0,0,-1,-1,0,7,7,8,8,14,7,9,10,9,4,2,2,2,2,6,5,5,5,5,7,5,3,5,0,1,2,4,5,8,3,0,0,1,1,1,0,2,0,1,0,0,-2,-2,-1,10,-3,-1,-3,2,5,3,1,0,-3,4,0,-2,1,0,1,5,10,7,13,9,4,3,3,6,7,0,1,4,5,6,5,9,3,7,3,1,1,1,3,2,3,1,1,3,5,0,0,0,1,0,0,1,1,0,0,1,7,4,7,2,-1,0,3,2,4,2,8,2,4,-2,0,-1,-1,1,0,12,9,11,8,9,9,7,6,5,2,6,2,7,7,5,5,5,3,4,1,3,6,3,4,0,0,0,1,1,0,0,1,3,0,4,2,0,-1,2,1,4,1,2,1,-1,0,0,0
2581,33,2,11,1,1,4,0,2,2,0,0,2,3,0,0,0,0,0,0,1,1,0,0,0,0,0,0,2,2,0,0,2,0,1,0,3,0,2,0,0,0,0,1,-1,1,4,-2,-1,0,0,0,0,-2,-2,1,1,-2,0,1,0,3,0,1,2,0,1,0,3,1,1,1,2,3,0,0,0,0,0,0,0,1,0,2,0,0,1,1,0,1,0,0,1,2,2,0,0,0,1,0,1,0,0,1,1,-1,0,-2,0,0,0,-1,-1,0,-1,0,1,-1,0,2,-1,0,0,0,1,4,4,7,3,1,6,4,6,2,0,1,2,1,0,0,1,1,1,1,0,0,0,0,0,1,4,3,5,1,1,2,1,5,2,0,2,1,1,1,0,-2,0,1,1,0,1,2,1,0,-1,-3,-2,-4,0,1,0,0,4,1,1,2,3,6,4,1,5,3,0,0,1,1,0,1,1,1,1,0,1,0,3,1,3,3,1,1,1,4,0,0,1,0,-3,1,-2,3,-1,0,0,1,-3,0,-2,-2,1,1,0,4
2581,34,1,09,8,2,6,11,9,8,6,11,7,3,5,1,4,8,4,3,1,2,2,5,2,2,3,3,2,6,4,7,4,1,0,0,0,1,0,0,0,1,0,0,0,-4,-5,4,6,3,-1,1,5,2,-3,-3,-5,-2,4,0,0,-1,1,0,9,9,8,12,7,2,7,4,10,7,5,2,5,4,3,4,6,3,8,4,1,3,0,5,4,0,4,4,5,3,0,1,0,0,0,1,0,0,0,0,7,2,4,2,0,4,-1,5,-1,-1,4,2,-1,3,1,-1,1,0,0,0,11,13,7,7,18,9,5,5,9,10,6,4,4,0,8,5,8,3,7,10,4,2,4,6,1,5,2,1,2,8,0,1,0,0,0,0,1,0,1,1,2,8,2,-2,8,2,2,0,-6,7,0,6,2,5,2,0,0,0,-1,-1,11,13,9,16,10,13,6,13,3,5,4,5,8,8,5,11,3,9,0,6,7,4,6,5,0,0,0,0,0,0,0,2,1,0,3,3,0,-4,4,-1,1,4,-1,6,0,0,0,-2
2581,34,1,11,4,4,4,3,3,3,3,3,3,2,1,0,1,1,2,1,2,1,1,0,0,0,0,1,0,2,3,3,2,2,2,2,2,1,1,1,0,0,0,0,1,1,1,0,1,1,0,1,0,2,-1,-1,-2,-1,-2,1,2,2,1,1,2,2,3,4,2,1,1,4,2,6,1,1,1,0,1,0,1,0,2,0,0,1,0,0,4,0,0,2,2,2,1,0,2,2,1,1,0,2,0,0,1,1,-1,2,-4,1,0,1,0,-3,0,1,-2,0,-2,0,0,0,2,1,5,12,8,4,3,0,9,4,2,2,0,3,3,1,0,2,1,2,1,1,0,2,0,1,1,0,5,3,0,0,3,8,3,2,2,0,2,1,1,1,5,3,4,2,1,0,1,3,0,-1,2,-4,-1,1,1,3,6,2,1,1,8,4,6,5,2,6,9,4,0,0,2,1,3,2,3,3,0,2,0,1,1,3,7,2,5,2,1,1,1,1,2,1,6,-2,-3,1,0,-2,2,0,2,-1,-4,1,4,1,-1,0
2581,34,2,09,11,9,5,8,6,7,9,8,5,7,4,3,1,2,2,6,6,4,6,2,4,5,3,2,4,3,4,5,2,2,1,0,0,0,2,0,0,0,1,1,4,0,-3,3,-1,0,-2,-2,0,-2,3,2,-1,4,0,1,0,0,-1,1,10,3,11,9,3,1,3,2,10,4,4,1,5,4,2,6,2,5,3,1,0,1,0,5,1,1,2,2,4,2,0,0,1,2,0,0,0,0,1,1,9,0,9,-1,-1,4,0,5,-1,1,5,0,3,-1,-1,0,0,1,1,-1,3,10,14,16,12,5,5,10,7,3,1,5,8,10,4,2,4,6,6,8,2,3,6,6,1,3,2,3,1,2,0,1,0,0,0,0,0,1,0,0,-2,5,4,9,9,-1,2,2,4,3,-1,2,3,5,6,0,1,-1,0,0,9,10,10,6,4,7,8,6,4,3,5,1,5,6,4,5,2,0,3,1,2,7,5,4,0,1,1,0,0,0,0,1,5,3,2,0,2,3,2,0,3,-1,-1,1,0,1,1,-1
2581,34,2,11,1,3,2,3,2,0,2,2,1,0,0,0,0,0,1,0,1,1,1,0,0,0,0,0,0,0,0,2,1,0,1,2,1,2,1,0,2,0,0,0,1,1,0,2,2,0,0,0,0,1,0,1,-1,0,0,1,0,1,2,1,2,1,5,6,4,2,0,3,2,0,0,0,1,1,1,1,0,2,4,2,1,0,0,0,0,1,0,2,2,0,1,1,2,1,1,0,0,1,0,0,0,1,2,4,4,-1,0,1,1,1,0,0,0,2,2,1,1,1,1,1,5,7,3,3,5,0,5,1,3,3,1,2,1,0,2,0,1,1,0,1,0,2,0,1,2,0,3,1,2,1,4,4,1,3,2,0,0,0,0,0,5,2,2,0,2,1,0,1,-1,0,0,-2,0,-2,0,4,4,1,3,2,4,3,1,5,2,5,3,5,3,1,1,0,0,1,0,1,1,1,1,2,1,3,1,2,1,1,0,4,0,1,1,1,2,-2,-2,0,2,0,0,-2,-1,-2,-1,-1,1,0,-1,3
2581,35,1,09,11,11,8,4,7,11,7,1,4,5,3,2,2,1,5,7,9,6,3,2,3,4,1,3,3,8,3,0,1,2,1,0,0,0,0,0,0,0,0,0,0,4,7,0,2,0,-2,1,-2,2,-1,6,6,2,0,1,0,0,0,0,10,12,6,10,8,5,9,9,6,2,3,6,0,6,4,7,5,6,3,4,2,2,1,2,2,3,4,7,3,0,0,1,0,1,0,0,3,1,1,0,5,3,-3,4,6,1,4,-1,4,2,4,1,-1,0,4,0,-2,-1,0,0,4,10,3,11,11,5,5,6,6,9,0,5,1,4,8,4,5,2,7,3,3,3,2,1,3,2,2,4,5,5,0,0,0,0,0,0,0,0,0,1,-1,5,-3,5,2,-3,2,-1,3,5,2,3,-2,2,-2,0,0,0,0,-1,12,2,6,13,7,7,8,5,6,0,2,6,6,2,4,7,3,3,4,2,4,4,4,3,0,0,0,0,0,0,0,0,5,-5,-2,8,3,-3,-2,4,2,-2,0,4,0,0,0,0
2581,35,1,11,1,4,1,2,4,2,5,4,4,4,1,0,1,1,2,0,2,0,1,2,0,0,0,1,1,0,5,3,2,1,0,2,0,0,0,2,0,1,1,2,-1,-1,-3,-2,0,1,0,1,0,1,0,-3,-3,-1,1,-2,2,-1,-1,-2,2,2,4,2,4,1,0,4,1,2,0,1,2,0,1,0,1,1,2,2,0,0,1,1,1,1,0,2,0,1,2,0,1,0,1,0,0,1,0,0,1,2,0,1,2,0,1,1,-1,0,-1,1,-1,2,1,2,0,0,0,1,5,12,7,2,9,3,7,3,4,3,1,2,2,1,1,0,2,1,1,2,2,1,1,1,2,1,6,2,3,0,4,8,4,0,6,0,0,0,0,1,2,5,4,-2,6,-1,1,1,0,-1,-1,-4,-1,-2,2,4,8,4,0,5,7,7,7,9,3,6,3,3,1,1,2,2,2,4,4,3,1,1,0,0,2,2,2,2,4,2,1,4,0,3,1,1,4,1,4,6,0,0,2,2,0,2,2,1,4,-1,0,3
2581,35,2,09,7,6,12,6,6,4,2,5,4,7,2,3,5,3,1,5,2,4,3,4,2,0,2,3,2,2,2,3,1,4,0,1,3,0,1,0,0,0,0,1,3,4,7,2,-1,0,3,3,0,-1,3,0,1,2,0,0,1,3,0,0,6,6,6,7,9,3,8,5,3,9,3,4,2,4,2,1,2,4,3,5,1,2,2,0,3,2,6,3,3,5,2,0,0,0,2,0,0,0,0,1,3,-2,1,4,0,2,2,0,4,-1,-1,-4,1,0,0,2,0,0,0,1,7,9,8,12,8,4,11,3,7,7,4,4,0,5,4,2,5,7,7,3,2,7,1,3,4,2,3,2,4,3,1,0,1,0,1,0,1,0,0,0,3,-2,5,5,1,2,-3,-1,2,0,0,2,5,3,0,1,-1,1,0,1,3,7,9,7,4,7,3,6,0,4,2,5,3,3,7,2,0,4,2,3,4,3,1,3,0,0,0,0,0,0,0,0,-1,0,6,1,0,0,0,2,-1,0,6,-1,0,0,0,0
2581,35,2,11,2,1,0,3,3,1,4,4,0,0,0,1,0,1,1,0,0,0,0,1,1,0,2,0,0,0,2,1,0,0,2,0,0,2,1,0,2,1,0,0,1,-3,-4,3,3,-1,1,-2,1,1,0,-2,-1,0,1,2,-2,-1,2,1,1,2,1,2,1,1,1,0,1,2,1,0,0,0,0,0,0,1,0,0,0,1,0,0,0,1,0,0,1,2,0,2,0,2,1,0,0,0,0,0,0,1,1,1,-1,1,-1,0,0,0,-1,0,1,-1,-2,0,2,0,2,1,3,6,6,5,3,2,8,5,3,1,1,1,1,1,0,1,0,1,1,3,1,0,1,1,0,1,8,4,2,1,1,5,4,3,0,0,0,0,0,0,1,-2,1,2,2,0,1,0,0,0,0,-8,-3,-1,2,1,5,4,3,0,4,4,2,7,2,3,3,2,0,2,1,2,3,1,0,2,0,2,1,0,1,1,0,0,1,1,1,3,1,0,2,2,2,1,-1,5,0,0,0,2,2,0,0,2,0,1,-1,1
2581,36,1,09,10,3,6,4,10,10,3,7,4,4,2,1,5,1,5,8,2,1,3,5,7,1,4,1,2,3,1,3,3,2,0,0,0,0,0,0,1,0,0,0,0,0,-1,0,6,-5,0,1,0,3,5,1,-2,0,3,0,-1,0,0,0,8,7,10,6,3,5,3,10,8,7,3,2,0,4,0,5,5,9,2,2,0,2,5,3,4,5,1,4,5,3,0,0,1,0,1,0,0,1,0,0,3,4,0,-2,-4,3,0,-5,1,-4,0,4,5,-3,-1,0,0,0,0,1,3,8,9,10,6,4,7,7,2,10,2,2,4,1,2,1,5,5,9,4,2,1,2,1,3,2,6,3,0,6,0,1,0,0,0,0,0,2,1,1,-1,1,2,8,-4,0,1,2,0,-1,-1,-1,2,9,-2,0,1,-2,-1,-1,12,4,10,11,7,10,8,4,6,1,6,7,6,3,4,4,3,1,3,2,4,9,5,1,0,0,0,0,0,0,0,1,5,-6,2,7,3,0,3,5,2,-6,-1,3,0,0,0,-1
2581,36,1,11,1,2,3,1,4,1,0,2,0,1,0,1,1,1,0,0,0,1,0,2,1,0,1,0,0,0,0,1,0,0,1,1,1,0,2,0,0,0,0,1,0,2,1,1,3,-1,1,0,1,0,0,0,0,0,2,1,1,1,0,1,4,4,6,5,0,1,2,1,2,1,1,1,1,0,0,2,1,2,2,0,1,1,0,1,1,0,0,1,1,0,1,2,3,3,0,0,1,0,0,0,3,2,5,3,-1,0,0,1,-1,-1,2,1,1,1,0,1,1,3,3,0,10,13,5,4,1,1,8,7,3,0,1,5,1,1,1,2,2,1,0,0,0,1,1,0,0,1,7,6,2,0,7,6,3,3,0,0,0,0,1,0,9,5,-2,1,1,1,4,0,1,1,1,-5,-5,-2,0,7,6,3,2,0,4,0,3,5,5,2,5,10,0,0,1,0,1,0,1,2,0,0,1,2,5,2,3,7,3,0,1,3,0,0,1,1,-1,-2,-2,-5,0,0,0,-2,-4,-2,-2,-5,3,0,0,2
2581,36,2,09,3,4,2,4,7,3,7,8,7,7,1,1,1,0,5,2,3,1,4,2,1,3,2,3,6,2,4,5,4,1,0,0,0,0,0,0,0,1,0,0,0,-3,-6,-3,0,0,-2,-1,-3,-1,0,-1,-4,0,1,0,0,-1,0,0,9,6,4,5,6,4,7,1,6,3,5,2,1,1,2,3,4,3,3,4,1,2,1,1,2,2,5,0,4,1,1,0,0,1,0,1,0,0,1,0,5,-1,3,-1,3,4,0,0,0,0,1,-1,3,-1,3,0,0,0,0,0,0,8,7,10,9,4,8,4,3,4,0,2,5,4,4,0,4,1,6,4,1,2,3,0,2,3,5,1,3,2,0,2,1,0,1,0,1,0,0,0,-4,0,3,7,5,-1,0,2,4,2,-3,-1,0,3,2,0,1,1,0,1,4,7,7,12,7,3,7,1,2,2,4,7,2,5,3,3,3,3,3,0,4,0,3,1,0,0,0,2,0,0,1,0,-3,4,0,11,-1,-1,1,7,-2,5,0,2,0,0,-1,2
2581,36,2,11,3,3,1,2,2,2,0,2,1,0,0,1,1,0,1,1,1,0,1,0,0,0,0,0,0,2,0,0,1,0,2,1,0,1,1,0,0,2,0,0,1,3,-1,1,2,0,1,1,0,1,-1,1,0,0,0,2,1,-2,1,1,1,3,0,3,4,0,0,0,1,2,1,0,0,1,1,0,2,0,1,1,0,0,0,1,1,0,0,0,0,1,0,1,0,1,2,0,0,0,0,0,1,3,0,2,2,1,0,0,0,0,0,2,0,1,0,0,1,0,1,2,3,8,6,2,1,0,4,5,0,1,1,2,2,1,0,0,0,1,0,0,0,1,0,0,1,0,2,5,0,0,2,6,3,1,1,0,1,0,0,0,3,4,1,2,0,1,1,2,1,-1,0,-2,-4,0,0,2,5,3,1,1,1,1,7,5,2,3,2,1,0,0,1,1,0,0,5,1,1,1,1,1,1,2,1,0,1,1,1,3,0,0,0,0,-1,-2,5,4,-1,-1,0,0,-1,-2,4,1,1,1,1,3
2581,37,1,09,7,2,6,7,5,6,7,13,5,3,0,0,2,3,4,7,2,3,4,1,1,3,4,2,2,5,4,7,2,1,0,0,1,0,0,0,0,2,1,0,1,-5,-7,2,2,-1,-3,-2,1,2,2,-2,-4,2,0,0,0,-1,-1,0,6,4,4,5,9,3,4,6,8,3,2,1,0,3,2,4,3,2,1,6,0,3,0,1,1,3,1,5,7,2,0,0,2,1,1,0,0,1,0,0,3,0,-2,-3,6,2,-2,0,2,1,1,2,-3,-6,4,0,0,1,1,1,10,6,4,15,2,7,7,7,8,4,5,1,1,10,1,5,5,3,4,1,4,2,3,2,1,3,5,4,6,2,0,0,0,1,0,0,0,0,0,1,3,-1,-3,7,-2,1,-1,-2,8,0,2,0,-1,-2,-1,0,0,0,1,-1,11,5,10,8,4,8,7,6,4,2,5,3,7,2,5,5,0,3,3,1,3,5,4,5,0,1,0,0,1,0,0,0,7,-3,3,2,4,-1,2,2,4,-3,1,0,-1,1,0,0
2581,37,1,11,1,2,1,0,4,3,0,1,1,3,0,0,1,0,2,0,1,0,0,1,0,0,0,0,2,1,0,1,1,1,1,1,0,0,1,2,0,0,0,0,-2,2,0,-1,1,0,0,1,0,0,-1,1,-1,-1,0,-1,1,0,0,1,1,5,2,4,5,4,3,4,5,4,0,0,0,1,2,0,2,0,1,2,0,1,0,2,0,3,1,2,2,2,1,3,2,2,1,1,1,2,1,2,-3,2,-2,-1,1,0,-1,0,-1,2,-3,1,-2,-1,0,0,2,0,1,-1,6,6,3,5,3,1,6,4,3,1,1,5,0,0,1,1,0,1,1,1,0,0,0,1,0,1,6,4,1,0,4,1,2,4,1,0,0,0,1,1,5,0,-1,2,2,1,5,0,-1,1,0,-6,-3,0,1,4,1,2,3,0,2,2,4,5,1,5,3,4,0,0,1,2,2,1,2,0,0,0,0,0,1,4,2,2,0,1,1,3,0,1,1,2,1,-3,1,1,0,0,1,2,1,-3,0,-2,0,0,0,1
2581,37,2,09,2,1,10,9,7,3,2,2,3,2,1,0,6,5,3,1,1,4,4,4,2,0,0,1,1,1,2,2,2,1,0,0,0,0,0,0,0,0,0,0,-1,-1,8,6,5,-1,0,6,4,2,0,-1,2,2,3,0,0,0,0,0,6,9,4,6,7,6,5,6,5,1,4,3,0,2,6,2,5,3,4,1,2,3,3,1,0,4,2,2,4,1,0,1,1,0,0,0,0,1,0,0,0,4,-2,1,6,2,0,-3,1,6,-2,3,1,0,0,0,1,0,0,0,5,6,4,7,8,6,5,5,3,11,2,2,1,4,3,3,4,3,2,5,3,2,2,2,1,3,3,2,1,10,0,0,0,1,0,0,0,1,0,0,-1,1,-1,4,-3,-1,0,-1,2,2,0,1,1,1,-5,0,0,-1,1,0,5,4,4,10,6,6,4,9,3,3,0,3,2,1,4,6,2,2,1,6,4,4,3,2,0,0,0,1,0,0,0,1,-1,-2,0,1,1,1,-1,-3,-2,-3,1,4,0,0,0,0
2581,37,2,11,3,2,2,1,3,2,1,2,1,0,0,0,0,1,0,0,1,0,0,1,0,0,0,0,0,1,1,1,1,0,3,1,2,0,2,1,0,1,0,0,1,1,0,0,3,0,0,0,1,0,-1,0,-1,-1,1,2,1,1,0,2,1,1,2,1,3,1,1,1,2,1,0,0,1,0,0,0,0,0,0,0,0,0,0,0,0,0,0,0,2,1,1,1,1,1,3,1,1,1,0,0,0,0,1,-1,2,0,0,1,0,0,0,0,0,-2,-1,0,0,0,1,3,3,10,5,3,0,4,7,4,5,1,0,3,1,0,0,0,2,0,1,0,1,1,0,1,0,1,6,4,4,1,3,5,4,2,0,2,0,0,0,0,-1,3,1,-2,-1,-1,2,1,-1,0,-1,-4,-4,-3,-1,1,5,4,2,0,4,3,1,4,0,3,2,3,0,0,1,0,1,1,0,0,0,1,0,1,0,1,2,2,3,2,0,4,0,1,0,0,4,0,-1,1,0,-1,1,-1,1,0,-2,-2,3,1,0,4
2581,38,1,09,2,4,5,7,6,4,6,4,1,2,0,1,4,3,4,2,3,1,4,2,0,3,2,1,0,3,3,2,0,2,0,0,0,0,0,1,0,0,0,0,-2,-2,1,6,4,0,-2,2,2,4,-1,0,-1,4,0,-1,0,0,0,0,8,7,4,5,8,5,4,8,3,4,1,5,2,3,4,7,1,2,2,3,4,2,2,2,1,1,2,6,1,3,0,1,0,0,1,0,0,0,0,0,3,3,-4,2,4,-3,3,0,1,3,6,-1,-4,1,0,0,1,0,0,1,10,2,12,7,5,4,1,4,2,4,7,2,4,1,5,2,0,7,5,0,2,0,2,1,2,2,1,2,1,2,1,0,1,1,0,0,0,0,0,0,6,1,8,5,1,5,2,2,0,3,0,-1,5,4,-2,1,0,1,1,0,9,7,9,4,4,2,4,5,4,1,3,2,5,5,6,2,3,0,0,0,1,2,4,5,0,1,0,0,0,0,0,0,5,5,5,-1,1,1,3,2,4,3,2,-3,0,1,0,0
2581,38,1,11,1,1,3,0,1,1,2,2,2,2,0,0,0,0,1,0,1,1,0,0,0,0,0,0,1,1,1,2,1,1,1,0,2,0,0,0,1,0,1,0,0,-1,1,-2,-1,0,0,0,0,0,-1,0,-1,-1,-1,1,-1,2,-1,0,0,2,4,2,5,3,1,3,2,3,0,0,0,1,2,0,1,1,0,0,1,1,0,0,2,0,0,2,2,0,0,1,3,1,3,2,0,1,0,1,-3,1,1,0,2,-1,-1,0,1,0,0,1,-1,-2,0,-2,1,2,1,2,4,8,2,3,2,3,5,3,2,1,0,3,0,1,0,2,0,1,0,1,0,0,0,0,0,2,5,3,2,1,2,5,1,2,1,1,0,0,0,0,1,3,-1,1,1,0,3,0,1,0,0,-5,-2,-2,0,1,5,1,2,1,3,3,7,2,2,2,6,3,1,0,2,0,0,1,1,1,0,0,1,0,0,2,4,2,2,2,4,1,2,0,1,1,1,1,1,-1,1,0,1,0,0,-1,-3,-1,0,2,3,0
2581,38,2,09,5,2,5,3,3,1,3,2,3,8,3,2,1,1,1,2,0,4,2,2,0,3,2,1,3,0,0,0,2,5,0,0,0,0,0,1,0,0,0,0,4,-1,3,0,-5,3,-1,-1,0,-2,2,0,4,0,-3,-1,0,0,0,0,4,5,4,5,3,6,7,4,3,3,2,4,1,3,1,1,1,2,2,2,3,4,2,0,1,2,2,2,3,2,1,0,1,0,0,1,1,0,0,0,-2,-2,0,2,0,-1,0,-1,3,0,-1,-1,0,-1,0,0,-1,1,0,0,4,7,6,5,2,6,6,3,1,3,3,3,2,1,0,1,4,4,4,2,4,5,2,1,1,2,1,1,0,2,0,0,0,0,0,0,0,0,0,0,-2,1,3,4,-1,-1,-2,0,0,-1,-1,3,3,4,0,0,0,0,0,0,6,4,2,2,7,1,1,4,0,1,1,0,6,3,1,2,2,0,1,2,5,1,0,1,0,0,0,0,0,0,0,1,-1,3,1,-2,-2,1,0,-2,1,2,1,1,0,0,0,-1
2581,38,2,11,0,0,2,1,2,0,2,1,0,1,0,0,1,0,0,0,0,0,0,1,0,1,1,0,1,0,0,0,0,0,0,0,1,1,1,0,1,0,0,0,0,-2,1,1,1,0,-1,0,0,-1,0,0,0,0,1,0,-1,1,1,1,3,2,3,1,0,2,0,0,1,1,1,1,0,1,0,2,0,0,0,0,0,0,0,0,0,0,0,0,0,0,0,1,3,0,0,2,0,0,1,1,1,2,3,0,-1,1,1,0,1,0,2,0,0,0,0,-2,1,3,-1,-1,4,6,5,6,3,1,4,5,4,2,1,1,2,3,1,1,1,0,0,1,1,1,1,0,0,0,3,4,4,1,2,4,3,3,1,0,0,0,0,1,3,2,0,2,1,0,0,1,3,1,1,-2,-4,-4,0,2,4,3,3,0,5,5,3,3,3,1,6,4,1,1,1,1,2,1,0,1,0,0,1,0,3,1,4,3,2,3,2,1,0,0,1,1,2,4,-3,-1,1,1,0,1,-1,0,-4,-2,2,3,1,0
2581,39,1,09,5,8,4,3,1,9,5,5,3,2,3,2,1,1,1,2,4,3,2,0,2,0,1,1,1,7,5,3,2,1,0,2,0,0,0,0,0,1,0,0,-4,3,-1,0,-1,1,2,0,0,0,-5,-1,0,0,-1,0,2,-1,0,0,5,3,4,7,3,4,4,2,3,3,2,1,2,4,0,3,2,2,3,3,3,2,1,2,2,1,2,1,1,1,0,0,0,0,0,0,0,0,0,0,1,-1,2,4,0,-1,-1,1,2,-2,2,0,1,2,2,0,0,0,0,0,1,11,4,8,3,5,5,7,5,3,1,4,2,3,1,0,7,2,5,2,1,4,2,2,1,3,1,5,3,2,0,0,0,0,0,1,0,0,0,0,-4,6,-3,3,0,0,0,0,1,0,-3,6,-3,2,0,-1,0,0,0,0,8,4,4,7,7,2,1,8,2,2,2,4,5,2,2,3,2,1,0,4,5,1,1,2,1,0,0,0,0,0,0,2,1,2,3,-1,0,1,2,0,0,1,1,1,1,0,0,-2
2581,39,1,11,0,1,2,0,1,0,0,1,1,0,0,1,0,0,1,0,0,0,0,0,0,0,0,0,0,0,0,1,1,0,0,0,2,0,0,0,0,0,0,0,0,1,1,-1,1,0,1,0,0,1,0,0,-1,-1,0,0,0,2,0,0,3,1,1,2,4,3,1,3,0,1,1,0,0,0,1,1,0,0,2,2,1,0,2,0,0,1,1,0,0,1,1,1,1,0,1,1,0,1,0,0,0,0,-2,2,3,0,0,-2,0,1,0,-1,0,2,1,0,1,0,0,1,2,8,8,1,2,0,5,8,0,3,2,0,1,0,0,0,1,1,0,1,0,1,1,0,0,0,4,7,0,2,0,7,6,1,1,0,0,0,0,1,2,3,0,1,-1,2,-1,0,0,0,0,-3,-6,0,-1,0,7,6,1,0,3,5,1,2,3,5,1,3,1,0,0,1,0,3,0,0,1,0,0,0,1,4,0,0,2,2,1,1,1,1,1,3,0,0,0,-1,0,0,0,1,-1,-1,0,0,1,1,0,-2
2581,39,2,09,8,4,3,1,2,5,4,3,3,0,4,3,0,1,0,4,1,3,0,2,1,2,2,2,0,4,2,1,0,0,0,0,0,0,0,0,0,0,1,0,3,0,0,-2,2,3,1,-2,-1,0,0,-1,2,0,2,0,0,0,-1,0,6,4,4,6,7,2,3,3,3,4,1,2,2,2,5,5,2,2,4,2,1,2,1,1,1,1,1,2,2,3,0,0,0,0,0,0,0,0,0,0,4,1,1,3,3,0,0,1,1,4,4,1,0,2,-1,0,0,0,0,0,9,2,6,4,6,3,3,1,5,3,0,1,3,3,3,8,0,3,1,3,0,1,1,2,1,3,1,0,1,2,1,1,0,0,0,0,1,0,2,0,6,-1,5,-1,3,0,0,2,1,2,5,-1,3,0,1,1,0,0,-2,0,8,8,2,4,5,5,3,1,4,2,2,2,4,6,0,2,1,2,3,0,3,3,0,1,0,0,0,0,1,0,0,0,3,3,-1,3,3,0,-1,2,1,3,0,1,-1,0,0,0
2581,39,2,11,1,2,2,0,1,2,1,0,2,1,0,1,0,0,0,0,0,0,0,1,0,0,0,0,0,1,0,0,2,1,1,1,2,0,0,1,1,0,0,0,-1,1,2,-2,0,0,1,0,0,0,-1,0,0,-2,0,0,0,2,0,0,1,1,1,0,2,0,0,2,1,0,0,0,0,0,1,1,0,1,0,0,0,0,0,0,0,0,0,2,1,0,0,1,0,0,1,0,0,0,0,0,1,1,-1,-1,2,0,0,0,0,1,1,0,-1,-1,0,0,1,0,0,1,3,3,3,3,2,0,3,3,4,2,0,0,0,0,0,0,1,1,1,1,0,0,0,0,2,0,3,3,3,0,3,2,2,2,1,0,0,0,1,0,3,0,0,-1,0,0,0,0,0,-2,0,-2,-2,-2,1,3,2,2,1,1,1,3,3,4,0,3,2,0,1,0,1,0,0,1,2,2,0,2,0,0,0,1,2,0,0,2,0,2,0,0,0,0,1,0,1,4,1,-2,1,0,0,0,0,2,0,2,0,2
2581,40,1,09,10,7,4,6,5,2,3,5,1,6,7,1,1,4,1,3,5,3,2,4,0,1,2,0,2,2,1,2,1,4,0,1,0,0,0,0,1,1,0,0,8,4,-1,5,-1,7,0,-1,4,-1,1,4,1,1,0,0,0,-1,0,0,5,3,6,5,5,2,1,1,3,2,4,1,3,1,3,1,2,2,4,1,1,0,1,2,0,1,1,0,1,1,0,0,1,0,1,0,0,0,0,1,3,2,5,2,3,3,1,2,-1,3,0,1,2,3,0,0,0,1,0,0,2,9,4,10,10,4,4,9,1,8,1,5,1,2,3,1,4,3,8,6,0,2,5,0,1,4,2,3,0,7,0,0,0,0,1,0,0,1,1,0,-2,5,-5,9,2,1,3,-4,2,2,-3,2,0,8,-1,0,0,-1,-1,1,7,2,4,3,2,6,3,8,0,1,1,1,7,1,3,2,1,1,1,4,1,5,1,4,0,0,0,0,0,0,1,0,5,-4,1,-5,-1,0,0,-3,6,-4,2,-2,0,0,-1,0
2581,40,1,11,0,1,0,2,1,1,3,1,0,4,0,0,0,1,0,0,0,0,0,1,1,0,0,0,0,0,3,1,0,1,0,1,0,1,0,0,0,0,0,3,-1,-2,-1,2,-3,-1,0,0,1,0,0,-3,-1,0,0,0,1,0,1,-3,0,1,1,2,2,0,2,1,0,4,0,0,0,0,1,0,1,0,2,0,0,1,0,0,1,0,1,0,0,3,0,0,1,0,1,0,0,1,0,0,0,-1,0,2,-2,0,-1,0,0,0,0,0,0,2,-3,0,0,0,0,1,6,5,3,1,2,3,1,4,3,3,2,0,0,0,1,2,0,1,1,0,2,0,0,0,1,1,1,4,2,2,2,5,2,0,1,0,0,0,1,0,3,4,-1,-2,-1,0,0,0,0,0,1,-1,-3,-1,-2,2,5,2,-1,1,2,1,1,4,3,3,1,4,0,0,1,2,1,0,0,0,0,0,0,0,1,2,1,2,1,1,0,2,2,1,0,2,-1,-2,0,0,0,0,1,2,0,-2,-1,-2,-1,0,0,0
2581,40,2,09,8,2,2,3,6,5,5,4,1,5,4,0,1,2,4,4,2,1,1,1,2,0,3,0,1,3,5,1,1,3,0,0,0,0,1,0,0,0,0,1,3,-3,-2,2,1,2,0,-2,2,3,1,-3,0,0,-2,0,0,0,0,0,4,3,5,9,7,4,1,7,2,3,2,2,4,3,5,2,0,1,3,2,1,1,4,1,1,3,0,3,1,2,0,1,0,3,0,0,0,0,0,0,0,2,-2,7,4,1,1,0,2,4,-1,0,-2,2,0,0,1,0,3,0,5,6,6,3,8,5,3,2,5,1,2,4,4,2,6,3,2,2,1,2,4,1,0,3,1,1,2,2,1,0,0,0,0,0,0,0,0,0,1,0,0,3,4,-2,7,-2,3,4,-1,5,2,0,0,0,2,0,0,0,-1,0,6,6,5,8,5,6,2,5,2,2,2,2,4,4,3,6,3,2,0,4,2,4,2,1,0,0,0,0,0,0,0,0,1,0,3,3,-1,0,2,-2,2,0,1,5,0,0,0,0
2581,40,2,11,1,3,2,1,0,0,2,2,0,0,0,1,2,0,0,0,2,0,0,0,0,0,1,0,0,0,1,1,0,0,1,0,0,1,0,0,1,0,0,0,1,1,0,1,0,0,1,1,0,0,0,1,-1,0,0,1,-1,0,1,0,1,5,2,1,3,1,2,0,1,2,0,2,1,1,0,0,0,0,0,1,0,2,0,0,0,1,0,0,1,2,1,3,1,0,2,0,0,0,0,0,0,3,2,0,1,0,0,1,1,0,-1,0,0,-1,-1,1,3,1,0,2,5,5,4,3,2,1,0,4,2,4,0,3,0,1,0,1,1,0,1,1,0,0,0,1,0,1,0,4,1,3,4,1,4,1,1,0,0,0,0,1,4,5,0,1,-2,0,3,0,0,0,0,1,-4,0,-2,4,1,4,1,0,3,1,3,1,0,0,1,3,0,0,1,0,2,0,0,0,0,0,1,2,0,0,0,1,1,1,2,1,0,0,0,0,3,1,2,-2,0,0,0,-2,2,0,0,-1,1,1,2,1
2581,41,1,09,6,7,4,4,2,6,1,7,2,4,3,3,3,2,1,3,4,1,2,1,4,0,0,1,1,2,1,6,1,3,0,0,0,0,0,0,0,1,0,0,0,6,-3,2,-2,-1,3,3,1,0,1,3,-5,1,-2,0,0,-1,0,0,4,7,6,4,4,3,4,1,2,4,3,5,2,1,3,1,2,4,2,1,2,4,1,0,3,1,0,0,2,1,0,0,0,1,0,0,0,0,0,0,1,3,5,2,0,1,1,1,1,0,0,2,4,0,0,0,0,0,1,0,3,2,2,9,3,4,8,3,7,7,2,2,0,6,3,1,0,2,3,0,1,6,2,4,7,2,1,1,3,0,0,0,0,0,0,1,1,0,0,0,-1,-6,-1,2,-4,1,-4,-2,2,-4,-1,-1,1,0,0,-1,-1,0,0,0,6,2,5,4,6,2,4,4,4,1,2,1,2,1,3,2,2,1,3,3,4,1,0,0,0,0,0,1,0,0,1,1,0,0,1,0,2,0,-1,-2,-2,0,3,2,0,0,-1,0
2581,41,1,11,1,2,0,3,0,2,1,0,1,2,0,1,0,1,0,1,0,0,0,0,0,1,0,0,0,1,0,0,1,1,0,1,0,2,0,1,0,0,0,1,-1,1,0,2,-2,0,0,0,1,0,0,0,0,-1,-1,-1,1,0,2,-1,2,3,2,3,1,1,3,0,3,3,1,0,0,1,1,1,0,0,0,0,0,1,0,0,0,0,2,0,3,2,0,3,2,2,0,1,0,0,0,1,1,0,2,0,-2,1,-1,0,1,1,1,-2,0,-3,-2,-1,3,2,2,-1,2,6,4,4,5,1,6,7,2,1,0,1,0,0,1,1,1,3,2,2,0,2,1,0,1,0,2,4,1,0,1,4,1,2,2,1,2,2,1,0,1,0,-3,2,4,0,-1,-1,0,0,1,-1,-1,1,2,0,2,-1,1,2,2,3,2,6,4,2,4,2,0,0,0,3,2,2,2,1,1,1,0,2,2,0,3,0,0,1,0,2,1,1,1,0,-2,1,-2,4,-1,-1,0,1,0,2,-1,1,-1,0,-1,2
2581,41,2,09,2,4,4,2,7,3,2,3,1,7,1,2,2,2,3,1,2,2,0,4,2,1,2,1,3,1,1,0,0,3,0,0,0,0,0,0,0,1,0,1,-1,2,1,1,0,-1,1,0,1,0,0,1,2,0,1,0,0,-1,0,-1,4,1,5,1,6,6,6,5,1,1,1,1,2,0,3,3,0,3,1,3,3,2,3,1,0,3,4,2,0,1,0,0,0,0,0,0,0,0,0,0,-2,-5,0,0,5,-2,-1,-1,-1,3,0,-4,1,1,2,0,0,0,0,0,3,5,4,5,3,2,5,2,3,1,2,1,1,1,1,1,4,3,3,2,0,2,0,1,0,1,2,2,2,1,0,0,0,1,0,1,1,0,0,0,1,0,2,2,2,2,-1,1,0,1,0,2,1,1,1,-1,-1,0,1,0,5,6,4,5,5,5,4,3,1,4,3,1,4,2,1,4,4,3,4,2,1,1,0,1,0,0,0,0,0,1,0,0,0,1,0,2,-3,1,-1,-1,3,1,1,3,0,-1,0,0
2581,41,2,11,1,2,1,0,2,0,0,1,0,1,0,1,0,0,0,0,0,0,0,0,0,0,0,0,0,0,0,1,0,0,1,1,1,0,2,0,0,0,0,1,1,2,0,0,1,0,1,0,0,0,0,0,-1,0,0,1,1,1,0,1,0,1,1,1,2,0,1,1,2,2,0,0,0,1,1,0,0,1,0,0,0,0,0,0,1,0,0,1,2,1,0,1,0,0,1,0,1,0,0,0,0,0,0,-1,0,0,0,0,1,0,0,0,0,-2,-1,0,0,0,0,1,4,4,1,2,1,1,6,0,2,1,1,1,0,0,0,1,0,1,0,0,1,1,0,2,1,0,5,0,0,0,2,3,0,2,1,0,0,0,0,0,3,-2,1,0,0,0,0,0,-2,-1,1,-5,1,0,0,2,3,0,2,1,1,2,5,4,3,0,1,4,0,1,2,0,1,0,1,2,0,0,1,1,1,0,0,1,0,1,2,2,2,0,0,2,-2,2,4,0,0,1,1,-1,0,0,1,1,-2,1,2,0
2581,42,1,09,4,5,6,3,3,3,6,9,4,3,3,3,2,1,1,1,2,4,2,2,3,3,5,1,2,0,3,3,3,1,0,0,0,0,0,0,0,1,0,0,1,-1,-3,-1,0,0,0,-3,0,-1,1,-1,1,-1,1,0,0,-1,0,0,5,8,3,4,4,4,0,6,4,4,2,3,2,2,3,3,5,1,2,0,1,0,5,3,3,3,0,0,1,0,0,0,0,0,1,0,0,1,0,1,1,8,-3,0,0,1,3,-3,-1,0,0,5,1,1,0,0,0,-1,0,0,3,8,9,4,4,8,3,3,2,4,2,5,1,0,1,1,2,7,4,3,5,1,2,2,1,3,1,1,0,3,0,1,1,0,0,0,1,0,0,0,-5,5,6,2,0,-3,4,-1,-2,0,-2,1,6,4,0,0,0,1,0,0,5,2,0,3,2,3,1,3,3,2,0,1,1,0,0,1,2,1,0,2,0,2,0,1,1,0,0,1,0,0,1,0,3,-1,-1,0,1,1,0,-1,1,-2,0,0,1,0,-1,1
2581,42,1,11,1,1,2,1,1,1,1,2,0,0,1,0,0,0,0,0,1,0,0,0,1,0,0,0,0,0,1,2,0,0,0,0,2,1,1,0,0,0,0,0,0,0,0,1,1,0,0,0,0,0,0,0,-2,0,0,0,0,2,1,1,2,3,2,4,4,3,1,0,2,3,1,0,1,0,1,0,1,1,1,0,0,1,0,1,0,2,0,0,1,3,1,2,0,3,3,1,0,0,0,0,-1,2,2,2,1,1,-1,1,-1,1,-2,1,1,0,-3,0,2,0,3,3,4,4,4,3,5,3,4,8,1,2,1,1,2,2,1,2,0,1,0,0,0,2,2,1,0,3,2,5,0,1,1,3,1,1,4,0,0,1,0,1,1,0,-4,2,3,1,-1,0,1,1,-1,-2,-4,0,-1,1,3,0,1,3,1,6,0,5,1,0,3,4,0,2,0,0,1,2,0,0,0,0,2,0,1,0,1,3,0,2,0,5,0,0,0,1,0,6,-3,1,0,2,-2,0,0,2,-1,-3,0,2,0,4
2581,42,2,09,6,2,3,3,1,6,5,7,1,1,4,1,1,2,1,2,1,2,1,0,2,2,5,1,0,4,2,2,0,1,0,0,0,0,0,0,1,0,0,0,0,-3,-4,2,0,2,-1,-4,1,1,-2,-1,0,1,-1,0,-1,0,0,0,3,7,2,3,8,3,4,5,1,1,2,3,1,0,6,1,4,1,3,2,2,1,4,1,0,1,3,1,0,0,0,0,0,0,0,0,0,0,0,1,0,3,-3,2,7,0,2,-3,-1,6,0,1,0,3,2,0,0,0,0,-1,3,1,6,5,4,1,4,3,6,3,2,1,5,3,0,1,0,1,2,4,0,1,2,3,2,0,3,0,3,1,0,0,0,0,0,1,0,1,0,0,2,-3,3,-1,1,2,0,3,0,-2,1,-3,1,-1,3,-1,0,-1,0,0,8,7,6,8,2,3,4,3,7,3,3,3,1,4,3,5,2,1,2,3,0,2,2,0,0,0,0,0,0,0,0,0,6,4,2,5,5,2,1,0,1,2,1,5,0,0,0,0
2581,42,2,11,1,1,0,2,1,0,1,1,0,1,0,0,0,1,0,1,0,0,1,1,0,0,0,0,0,0,1,0,0,1,0,1,0,0,0,0,0,1,0,0,1,0,-1,2,0,0,0,0,1,0,1,-1,0,1,0,0,1,-1,0,0,2,3,1,3,6,0,2,1,2,3,1,1,0,1,0,0,0,0,0,2,0,2,0,0,0,0,0,1,1,2,1,2,1,2,4,0,0,0,1,1,2,1,0,1,3,1,-1,0,1,0,0,0,-1,-1,0,1,2,1,1,3,3,1,4,3,2,1,0,3,3,1,1,0,1,1,0,1,0,1,0,1,0,0,1,0,0,1,0,2,3,1,1,1,2,2,1,0,0,0,0,0,2,1,1,0,1,1,0,0,1,0,0,0,-1,-3,0,1,1,2,2,1,2,1,1,2,1,0,1,3,0,0,1,0,0,0,0,0,1,0,0,2,0,0,1,0,2,1,0,2,0,0,0,1,1,1,0,-1,-1,0,1,-2,0,0,-1,0,2,1,0,1
2581,43,1,09,6,4,7,3,5,4,7,4,8,1,3,3,6,2,0,3,1,1,1,5,1,5,3,3,1,3,2,1,5,0,0,0,0,0,0,0,0,0,0,0,2,-3,3,-5,4,2,-2,3,-1,-1,0,-1,0,-4,5,0,0,0,0,0,5,7,5,6,9,5,6,7,4,5,4,4,2,2,5,1,3,3,3,4,2,5,3,2,1,3,1,4,2,4,0,0,0,1,0,0,0,0,0,0,0,1,-2,2,4,2,-1,-1,0,4,-2,2,-1,1,0,0,0,0,1,0,8,6,3,5,6,5,1,5,3,7,6,3,1,3,2,2,3,2,2,3,2,1,4,3,4,3,0,1,0,3,0,0,0,0,1,0,0,0,0,0,3,5,-2,2,-1,4,2,-3,0,-2,-1,3,1,2,0,0,0,0,0,1,4,4,5,3,0,3,2,2,2,3,3,1,2,1,2,0,0,2,1,0,0,1,1,2,0,0,0,2,0,0,0,0,4,1,3,1,2,1,2,1,2,0,1,-2,0,0,0,2
2581,43,1,11,0,1,2,1,1,0,0,2,6,2,0,0,1,0,0,0,0,0,1,1,0,0,1,1,0,0,0,0,1,0,0,1,1,0,0,0,0,1,4,2,0,1,0,-5,-1,0,0,0,-1,0,0,0,0,0,1,0,1,0,-4,-2,1,2,0,4,4,1,1,1,1,4,1,1,0,1,1,0,0,0,0,0,1,0,0,1,1,0,1,0,0,2,0,1,0,3,3,0,0,1,0,1,0,1,-1,3,0,0,1,0,0,0,0,-1,0,0,-2,0,1,-1,3,2,6,6,4,5,1,4,5,0,1,2,1,1,3,0,1,2,3,0,1,0,1,1,0,1,2,1,4,0,0,0,3,2,1,4,0,2,0,0,0,0,2,1,4,4,-1,0,0,3,-1,-1,1,-1,0,1,0,1,2,1,4,0,3,2,3,2,2,0,4,1,0,0,1,0,1,1,0,1,0,0,0,0,2,0,2,0,2,1,2,1,0,0,2,1,1,2,-1,1,0,0,1,0,-1,1,-2,1,2,1,0,0
2581,43,2,09,6,5,4,3,6,8,5,4,2,3,3,2,3,1,3,3,3,0,2,3,3,1,0,0,1,5,3,4,2,2,0,0,1,0,0,0,1,0,0,0,-2,0,0,1,3,0,1,3,1,2,-2,0,-4,0,1,0,-1,1,0,0,4,3,7,4,4,3,2,4,1,6,0,2,5,2,2,3,1,2,2,2,0,0,3,0,3,2,2,1,0,3,1,0,0,0,0,1,0,0,1,0,1,1,3,3,-2,0,2,2,2,-1,1,-1,1,2,-1,0,0,0,-1,0,0,5,4,6,3,2,4,3,2,3,0,3,3,3,1,0,2,1,2,2,1,3,3,1,2,1,1,0,1,1,0,0,0,1,0,0,0,0,0,0,-2,1,1,4,0,-1,0,0,2,-1,-1,1,1,1,1,0,0,0,1,0,3,1,3,5,4,3,3,2,3,1,1,4,0,0,2,1,1,3,3,0,2,0,0,2,0,0,0,0,1,0,0,0,-1,-2,0,3,2,-2,-2,4,-2,0,2,-1,-1,0,0,0
2581,43,2,11,1,1,0,2,2,2,1,1,1,2,0,0,0,0,0,1,1,0,1,0,0,1,0,0,0,2,0,1,1,1,0,0,0,1,2,0,0,0,0,1,-1,0,-1,1,0,0,-1,0,0,0,-1,1,-1,0,-1,0,0,0,1,1,3,2,3,0,3,1,1,0,0,2,3,0,1,0,0,0,0,0,0,0,1,1,0,0,1,0,0,0,0,1,0,2,2,0,3,0,0,0,0,0,2,1,3,0,1,2,-1,1,0,-1,0,0,0,0,-1,0,2,2,0,3,4,3,2,1,4,3,3,2,0,0,1,0,1,1,2,0,0,0,0,1,0,0,0,0,0,3,3,1,0,0,3,3,1,0,1,0,0,1,0,0,1,0,0,1,4,1,0,1,1,2,-3,-3,-1,0,1,3,3,0,0,1,2,1,2,3,0,0,0,1,1,0,0,0,0,1,1,1,0,0,0,0,0,0,0,1,1,0,1,2,0,0,0,0,2,1,2,2,1,0,0,0,0,1,1,0,1,0,1,2
2581,44,1,09,7,4,4,4,7,5,2,3,7,10,4,2,1,2,3,2,2,3,2,4,3,2,1,4,6,2,0,2,3,4,1,0,0,0,0,0,0,0,0,0,2,2,1,-3,-3,1,0,0,-2,-3,0,2,1,-1,0,1,0,0,0,0,4,2,3,3,7,2,1,11,4,6,2,1,1,3,4,2,1,2,0,3,1,0,4,3,2,1,0,5,1,4,0,0,0,0,0,0,1,2,0,0,2,1,-8,-1,1,1,1,-3,0,2,1,1,-3,-1,-1,0,-1,-2,0,0,5,5,5,5,2,3,0,6,4,4,1,1,3,3,2,4,4,2,1,0,2,0,4,0,2,1,0,2,3,2,0,0,0,1,0,0,0,0,1,0,2,5,-1,1,-2,-1,1,-1,3,0,3,4,0,-2,-2,0,0,0,0,0,5,7,4,4,3,6,4,4,2,3,2,2,3,4,2,2,1,4,1,3,2,2,3,1,0,0,0,0,0,0,0,0,2,1,0,0,1,-1,1,-1,1,2,-1,1,0,0,0,0
2581,44,1,11,0,1,3,1,0,0,2,2,0,0,0,0,0,1,0,0,0,1,0,0,0,0,0,0,0,0,1,1,0,0,0,1,2,0,0,0,1,1,0,0,0,-1,1,1,0,0,0,0,1,0,0,-1,0,0,0,0,0,1,0,0,3,0,1,4,4,1,1,2,3,3,1,0,0,1,1,0,0,1,1,1,1,0,1,0,1,0,1,1,2,2,2,0,0,2,2,0,0,0,1,0,2,-1,-1,1,1,0,0,-1,1,0,0,-1,0,-1,-1,2,0,0,1,2,4,2,4,2,2,3,3,3,1,3,0,0,0,1,1,0,0,2,0,1,0,1,0,0,1,3,2,3,1,1,4,2,2,1,0,0,0,0,0,1,1,-1,1,1,-1,0,-1,0,1,0,-3,-2,-1,-1,0,4,2,2,1,-1,3,1,1,6,4,2,2,5,1,0,1,2,0,0,0,0,1,1,1,0,3,1,1,3,2,1,0,4,0,0,0,2,-1,-1,-1,1,0,-1,0,2,-3,-1,-1,-3,2,1,0,2
2581,44,2,09,6,1,6,5,2,4,2,4,3,2,4,1,3,3,2,2,0,3,2,0,3,1,2,2,1,1,1,2,1,1,0,0,0,0,0,0,0,0,0,0,2,-1,2,2,0,1,0,1,1,1,1,-1,1,1,-1,0,0,0,0,0,3,2,3,5,7,4,6,3,2,4,3,1,2,3,6,0,1,1,2,1,1,5,0,1,1,3,1,2,1,3,0,0,0,0,0,0,0,1,0,0,-1,-4,0,3,3,2,-4,2,2,5,-3,0,-1,1,-2,0,0,-1,0,0,2,1,4,3,3,5,1,3,2,2,1,1,3,1,1,1,0,1,2,2,2,1,3,2,1,2,0,0,0,1,0,0,0,0,0,1,0,0,0,0,-3,0,1,1,1,-1,0,0,-1,0,-1,0,1,2,1,-1,0,0,0,0,3,4,2,5,1,4,5,2,1,4,1,3,2,0,1,2,1,1,2,0,0,3,3,2,0,0,0,0,0,0,0,0,2,0,-3,3,0,3,-1,3,2,-3,-2,0,0,0,0,0
2581,44,2,11,1,1,0,0,0,2,0,1,0,0,1,1,0,0,0,0,0,0,0,0,2,0,1,0,0,0,0,0,0,0,0,0,0,0,0,0,0,0,0,0,-1,1,-1,0,0,-1,1,-1,0,0,0,0,0,0,0,0,0,0,0,0,0,5,1,0,0,0,3,2,1,0,0,2,0,0,0,0,0,1,0,0,0,1,0,0,0,0,2,2,0,0,0,3,0,0,0,0,0,0,1,0,0,2,-1,-1,0,0,1,0,0,0,0,-2,-1,0,0,0,3,0,-1,0,3,1,1,3,1,1,2,2,1,0,1,0,0,0,0,0,0,0,1,1,1,1,1,0,0,0,1,1,1,0,2,1,1,2,0,0,0,0,0,0,2,-1,-1,2,1,0,-1,-1,0,0,0,-1,-1,0,1,2,1,1,2,0,1,2,1,5,3,2,2,1,0,0,0,0,0,0,1,1,1,2,0,0,2,0,2,1,1,2,0,4,0,0,0,0,-2,0,-1,4,-1,-2,0,0,-2,0,-1,0,1,2,0,4
2581,45,1,09,6,0,3,5,8,8,2,7,4,5,2,0,2,3,3,4,0,1,2,5,3,2,2,1,1,5,0,5,3,4,0,0,0,0,0,0,0,0,0,0,-2,-2,-4,1,3,-1,-2,0,2,2,-1,0,-4,-1,1,0,0,0,0,0,4,1,5,6,2,6,1,5,5,2,0,0,4,2,1,3,1,1,3,1,0,1,0,3,1,6,0,5,2,1,1,0,0,1,0,0,0,0,0,0,-2,0,0,1,0,0,-1,4,-1,0,-3,1,-4,1,0,1,0,0,1,0,2,4,3,4,5,2,7,3,2,6,1,3,2,2,2,1,1,1,2,3,1,3,0,1,3,1,4,2,1,3,0,0,0,0,0,0,0,1,0,0,0,-3,0,2,-1,0,0,2,1,-1,0,-3,-1,1,0,0,0,-1,0,0,4,2,4,6,4,3,5,4,3,1,3,0,1,1,1,6,0,2,1,1,4,1,4,2,0,0,0,0,0,0,0,1,0,-1,-1,2,3,-1,2,-1,-3,0,-3,4,0,0,0,-1
2581,45,1,11,0,0,1,0,0,1,0,2,0,1,0,0,1,0,0,0,0,0,0,0,0,0,0,0,0,0,0,0,0,0,0,0,0,0,0,1,0,2,0,1,-1,0,-1,0,-1,0,0,1,0,0,0,0,0,0,0,-1,0,-2,0,-1,1,0,2,1,2,1,1,2,2,2,1,0,0,0,0,0,0,1,0,2,0,1,1,0,0,1,0,1,0,2,0,0,1,1,0,0,0,0,2,0,0,-1,0,-1,0,1,-1,-1,0,0,-1,0,0,0,0,0,0,1,-1,0,1,4,6,4,3,2,6,4,1,3,0,0,2,2,1,1,2,0,1,0,2,1,0,0,2,0,3,4,1,1,0,2,4,1,2,0,2,0,0,0,-1,-2,2,3,0,-2,-1,2,2,-1,1,-1,-4,0,-1,0,0,4,1,2,2,2,4,2,2,1,4,0,1,0,0,0,0,1,2,0,2,0,0,0,0,1,3,0,1,1,2,2,0,0,1,0,0,1,0,2,-1,0,0,0,0,0,-1,0,1,1,1,2
2581,45,2,09,1,3,4,2,2,0,2,3,4,5,0,0,1,2,1,1,3,3,0,1,0,1,1,2,3,0,1,2,2,2,0,0,0,0,0,0,0,0,0,0,1,1,1,-2,-3,0,-1,0,0,-2,1,2,1,-2,-1,0,0,0,0,0,3,5,5,3,5,4,4,4,2,6,2,4,3,0,3,1,1,2,2,2,3,2,4,1,6,1,2,0,1,0,0,0,0,1,0,0,0,0,0,0,-1,1,1,1,-1,-1,2,-1,-1,-3,0,-1,2,1,2,0,0,0,1,0,2,3,4,5,1,2,3,3,4,5,1,2,3,1,1,1,1,1,4,0,2,0,1,2,3,0,3,2,2,1,0,0,0,0,0,0,0,0,0,1,0,0,1,1,-4,-1,2,2,-1,-2,1,-2,-1,2,-1,0,0,0,0,-1,6,2,3,4,5,2,3,2,4,2,2,0,2,0,1,4,0,1,2,0,4,1,1,2,0,0,0,0,1,0,0,0,1,0,0,2,4,1,0,0,-2,-1,0,2,-1,0,0,0
2581,45,2,11,0,1,0,1,0,0,1,0,0,1,0,1,0,0,0,0,0,0,0,0,0,1,0,0,1,0,0,0,0,0,0,0,0,1,0,0,0,0,0,0,0,0,0,1,-1,0,0,0,0,-1,0,0,0,0,0,0,0,0,1,0,0,0,1,2,2,0,4,2,1,1,0,0,0,1,0,0,0,1,0,0,0,2,2,0,0,0,2,0,1,1,0,0,0,1,2,0,0,0,0,0,0,-4,-1,1,1,0,-2,-2,1,0,0,-2,1,-1,-1,0,0,0,1,2,3,2,1,3,0,2,1,2,2,1,0,0,0,0,0,0,0,1,0,0,0,0,1,1,0,2,1,1,0,1,3,2,0,3,0,0,0,0,1,0,1,1,-1,1,-1,0,0,-1,-1,0,-2,-1,0,0,-1,3,2,0,2,0,0,0,1,2,3,1,4,0,0,0,1,1,0,0,0,0,1,0,0,0,1,0,3,0,0,0,0,1,1,1,1,0,-3,-1,-3,2,-1,0,1,1,-1,0,-3,0,-1,-1,-1,1
2581,46,1,09,0,5,1,5,0,6,7,6,4,5,0,2,0,3,0,0,3,1,2,0,3,4,3,1,3,3,3,2,3,2,0,0,0,0,0,0,0,1,0,0,-6,-2,-5,1,-5,-3,-2,-3,2,-3,-3,0,-1,-1,-2,0,0,-1,0,0,7,8,3,4,6,2,7,4,2,1,5,4,1,2,3,2,4,2,2,2,0,0,3,1,0,1,7,0,1,1,0,0,0,0,1,1,0,1,0,0,5,1,-1,2,5,5,4,-2,1,3,1,-3,2,1,1,-1,0,-1,0,1,7,1,3,4,6,6,7,1,4,3,4,0,2,2,4,3,1,1,2,2,3,4,0,3,3,1,3,1,1,0,0,0,0,0,0,2,0,0,0,0,1,-6,2,0,3,1,-4,2,-1,1,2,-2,0,1,2,-2,0,0,0,0,2,2,8,3,4,1,2,2,1,1,4,1,0,1,3,2,1,0,2,1,2,1,0,1,1,0,1,0,1,0,0,0,-2,1,6,1,0,1,2,0,-2,0,3,1,0,0,1,0
2581,46,1,11,0,0,0,1,2,0,0,1,0,3,0,0,0,0,0,0,0,0,0,0,0,0,0,0,0,0,0,1,0,2,0,0,0,1,2,0,0,0,0,1,0,0,-1,1,-1,0,0,0,0,0,0,0,-1,0,-2,0,0,0,1,1,0,0,0,2,1,0,0,1,3,3,0,0,0,2,0,0,0,0,0,1,0,0,0,1,0,0,0,1,2,0,0,0,0,0,0,0,0,0,0,3,0,0,-1,-1,-2,0,0,0,1,0,0,0,-1,-2,1,0,0,0,0,-3,4,3,5,2,0,4,0,2,2,1,1,2,1,1,0,0,0,1,1,0,2,0,1,0,0,0,0,1,2,0,3,1,3,0,0,2,0,0,0,1,0,3,3,0,-1,-1,2,0,1,0,0,0,0,-1,0,1,1,3,0,-1,0,1,1,3,2,3,1,3,0,0,0,1,0,0,0,0,0,1,0,0,0,2,0,3,0,1,1,2,2,0,1,0,-2,-2,0,0,0,-1,0,1,0,-2,0,-3,-2,1,0,2
2581,46,2,09,6,4,2,2,5,2,2,2,2,5,6,3,1,1,2,0,0,1,1,3,1,2,1,2,2,0,0,1,0,2,0,1,0,0,0,1,0,0,0,1,4,2,0,0,0,5,1,0,-1,0,0,0,0,1,1,-1,1,0,0,-1,3,5,5,2,6,1,2,3,0,2,1,5,4,1,3,2,0,0,1,1,0,1,1,0,1,1,1,2,0,1,0,0,1,0,2,0,0,0,0,0,2,3,2,2,4,1,4,3,1,2,1,-1,-2,1,0,0,0,1,0,2,3,4,3,0,2,2,5,4,3,4,0,1,2,0,1,2,3,1,0,1,0,3,1,2,3,2,2,3,1,1,1,0,0,0,0,0,0,0,0,0,1,-1,-1,-3,-2,0,-2,1,-2,-2,0,1,-2,-1,0,1,0,0,0,0,6,2,4,8,2,1,2,3,4,0,2,2,2,2,2,5,0,1,1,1,2,0,1,2,0,0,0,1,0,0,0,0,4,1,2,5,4,-1,1,1,0,2,1,3,0,0,0,1
2581,46,2,11,0,1,1,2,0,1,1,0,1,0,0,0,0,1,0,0,0,0,0,0,1,0,0,1,0,0,0,0,0,0,0,1,1,1,0,0,1,0,0,0,-1,0,1,1,0,-1,0,0,0,0,0,0,0,0,0,0,0,1,1,0,0,1,0,1,1,0,1,0,1,2,0,0,0,0,0,0,1,0,0,0,0,0,0,0,1,0,0,0,1,1,0,0,0,1,1,0,1,0,0,0,0,0,0,0,-1,0,0,0,0,-1,0,1,0,-1,-1,0,-1,0,1,1,1,3,2,2,1,1,1,1,3,1,0,0,0,2,1,0,2,1,0,0,1,0,0,2,0,0,1,1,1,0,1,1,1,0,0,0,0,0,0,1,0,2,1,-1,0,-1,0,0,0,1,0,1,0,-1,0,1,1,1,0,-1,3,1,2,3,2,2,2,3,1,0,1,0,0,0,0,3,0,2,1,1,2,0,1,2,2,1,1,0,0,0,0,0,1,-1,0,0,1,-2,0,-1,-2,0,-1,1,2,1,1,0
2581,47,1,09,6,5,5,4,6,5,2,6,5,4,2,0,2,3,5,4,5,3,1,1,2,1,3,2,1,3,1,3,3,3,0,0,0,0,0,0,0,0,0,0,1,3,-1,-1,2,0,-1,-1,1,4,1,4,0,-2,-2,0,0,0,0,0,1,3,5,6,6,2,3,2,3,5,0,3,4,3,4,1,0,1,2,2,1,2,0,2,3,0,1,2,0,2,0,0,0,1,0,1,0,0,1,0,-1,0,3,3,1,-1,1,4,1,1,1,-1,-1,2,0,-1,0,0,0,0,5,2,3,3,3,4,2,5,2,4,3,0,0,2,3,2,1,3,1,0,2,1,2,1,3,2,1,2,1,1,0,1,0,0,0,0,0,1,0,0,1,0,-2,1,-1,1,-1,-2,1,0,0,0,1,0,-1,0,1,-1,0,0,3,2,3,6,6,2,5,2,1,0,0,3,2,2,3,3,3,2,2,1,3,0,2,1,0,0,0,0,0,0,1,0,-3,0,-2,4,-2,-2,-2,2,-1,2,1,2,0,0,-1,0
2581,47,1,11,0,0,1,2,3,0,0,0,1,1,0,0,0,0,1,0,0,0,0,0,0,0,0,0,0,0,0,0,1,1,0,0,1,2,2,0,0,0,0,0,0,0,1,1,2,0,0,0,0,1,0,0,0,-1,-1,0,0,1,2,2,1,2,2,0,3,0,0,0,0,1,1,0,0,0,1,0,1,2,0,1,0,0,0,0,0,0,0,0,0,0,0,1,0,0,1,0,0,0,0,1,1,2,2,0,2,1,0,0,0,1,0,1,2,0,1,0,1,0,0,0,4,1,3,0,3,2,3,3,1,0,1,0,1,0,0,1,0,1,0,2,0,0,2,0,0,2,3,1,0,0,2,1,1,0,1,0,0,0,1,0,2,-2,0,-1,3,1,0,-1,0,0,-1,-3,0,0,2,2,1,1,-1,1,1,2,2,3,0,3,2,3,0,0,0,0,0,1,2,0,0,1,0,0,0,2,2,2,1,1,0,3,0,0,0,1,1,-1,0,0,0,-1,0,0,0,-1,0,-2,1,1,0,2
2581,47,2,09,4,2,2,3,3,4,7,5,5,6,2,0,1,2,0,1,2,1,1,3,3,2,3,2,1,1,5,1,3,4,1,0,0,0,0,0,0,1,0,1,0,-5,-3,-2,-3,-1,-2,-2,0,-1,0,-3,0,-2,-1,1,0,-1,0,-1,8,5,2,1,2,2,2,5,3,3,4,4,0,0,2,4,1,2,1,0,0,1,3,1,3,2,1,2,2,0,0,0,0,0,0,0,0,0,0,0,6,3,-3,-2,-1,4,3,-3,-1,-1,2,0,0,-1,0,0,0,0,0,0,3,3,3,2,3,5,3,5,1,2,2,2,1,0,2,1,1,2,2,1,2,2,2,1,2,2,1,3,0,0,0,0,0,0,0,1,0,0,0,0,-2,0,-2,1,1,0,0,-1,-1,0,-1,0,-1,2,1,-1,0,0,0,0,8,7,4,3,5,4,3,3,4,5,2,1,4,2,2,2,4,2,3,3,1,2,0,0,0,0,0,0,0,0,0,0,3,3,1,0,0,3,-1,-2,3,0,2,2,0,0,0,0
2581,47,2,11,0,0,0,1,1,0,0,1,1,0,0,0,0,0,0,0,0,0,0,0,0,0,0,1,0,0,0,0,0,0,0,0,0,1,1,0,0,1,0,0,0,0,-1,0,1,0,0,0,-1,0,0,0,0,0,0,0,0,-1,1,1,1,0,3,4,2,0,0,1,3,4,1,0,3,1,0,0,0,0,2,1,0,0,1,1,0,0,0,0,2,4,0,0,0,1,1,0,0,0,0,0,1,0,2,1,-2,1,0,2,0,0,0,0,0,0,-3,0,0,0,1,1,3,3,3,4,5,1,2,1,1,0,0,1,1,0,0,0,0,0,0,2,0,0,0,1,0,1,2,1,0,0,3,2,2,4,3,0,0,0,0,0,2,1,2,3,5,0,1,1,-1,0,-1,-2,-1,0,2,3,2,2,4,3,3,2,1,2,0,1,0,1,0,1,0,0,3,0,0,0,0,0,0,1,0,0,0,0,0,1,1,2,0,1,0,0,3,1,1,1,0,1,0,-1,3,0,0,0,0,0,1,2
2581,48,1,09,5,4,2,1,6,4,1,4,6,6,3,3,1,0,4,1,1,1,1,2,3,1,3,4,3,1,0,1,2,2,1,0,0,0,0,0,0,0,0,1,1,3,-2,-5,0,0,2,-2,-4,1,0,1,0,-1,0,1,0,0,0,-1,1,5,3,4,4,4,4,1,6,5,1,3,1,4,3,0,2,2,0,1,2,1,1,4,4,2,3,0,2,1,0,0,0,0,0,0,0,0,0,0,-3,1,2,-2,-1,-1,2,0,0,-1,-2,-1,2,-2,0,0,0,0,0,0,3,3,5,2,0,1,2,1,4,5,0,2,3,0,0,3,1,2,2,0,0,1,0,2,2,1,1,1,1,3,0,0,0,0,0,0,0,0,1,0,2,1,4,-2,-5,0,1,3,-2,-2,2,0,1,1,-3,0,0,0,-1,0,5,3,1,7,5,5,8,1,4,2,1,4,1,1,0,2,2,1,6,1,3,3,1,0,0,0,0,1,0,1,1,0,0,-2,-7,6,2,1,-5,3,-2,-2,-1,2,0,-1,-1,1
2581,48,1,11,0,4,1,0,0,0,1,0,0,1,0,3,0,0,0,0,1,1,0,0,0,0,0,0,0,0,1,0,0,0,0,0,0,0,0,0,0,0,0,1,0,3,1,0,-1,0,3,0,0,0,0,0,1,0,0,0,0,0,0,-1,3,0,1,2,3,2,1,1,2,0,0,0,1,0,1,0,0,0,2,1,0,0,0,0,0,2,1,1,2,0,3,0,0,0,1,0,0,0,0,0,1,-1,0,0,3,0,0,1,0,1,-2,-1,-1,0,1,3,0,0,0,1,2,1,1,4,2,0,2,1,0,2,0,0,0,2,1,1,0,1,1,1,0,0,0,0,0,0,2,1,0,1,1,1,0,1,0,0,0,0,0,1,2,-1,0,4,0,0,0,0,2,1,1,-2,0,1,0,1,1,0,1,-1,0,1,0,1,4,1,1,0,0,0,0,0,0,0,0,1,1,1,1,0,3,0,0,0,0,1,0,0,0,0,0,0,-4,0,-1,1,-1,-1,-1,0,-3,0,0,1,0,1,0,0
2581,48,2,09,6,4,1,3,2,8,4,2,2,1,5,3,1,3,1,1,1,0,0,1,5,2,2,2,1,3,2,0,0,0,0,0,0,0,0,0,0,0,0,0,-2,0,-1,1,1,0,1,-1,1,0,-2,-1,0,0,1,0,0,0,0,0,1,8,2,5,4,0,9,1,4,6,1,6,0,3,2,0,2,2,2,1,0,4,0,3,1,0,4,1,1,5,0,0,0,0,1,0,1,0,0,0,1,-1,1,1,-2,1,2,0,0,1,0,-2,1,1,-4,0,-1,0,0,1,4,4,6,5,3,3,4,2,6,4,4,3,3,4,2,0,1,2,1,1,2,0,2,4,4,1,4,0,2,0,0,0,1,0,0,0,0,0,0,0,1,0,4,-1,-1,2,3,1,0,-2,-1,-3,2,-1,1,0,0,1,0,0,2,6,2,3,1,3,7,4,1,2,1,2,1,4,1,1,0,1,5,1,1,2,2,2,0,0,0,0,0,0,0,1,1,3,-5,-1,1,1,-4,1,0,2,-1,-1,0,0,0,-1
2581,48,2,11,1,0,1,0,1,0,0,0,0,0,0,0,0,0,0,0,0,0,0,0,0,0,0,0,0,0,0,0,0,0,1,0,1,0,1,0,0,0,0,0,1,0,1,0,1,0,0,0,0,0,0,0,0,0,0,1,0,1,0,1,0,0,0,0,1,1,0,0,1,0,0,0,0,0,0,0,0,0,0,1,0,0,0,0,0,1,0,0,1,0,0,0,0,0,0,0,0,0,0,0,-1,0,0,-1,1,0,0,0,0,0,-1,0,0,-1,1,0,0,0,0,0,2,1,3,3,0,0,3,2,1,1,1,0,1,2,0,0,1,0,1,0,0,1,0,0,1,0,2,2,1,0,1,0,2,0,0,0,0,0,0,0,2,-2,1,2,-1,1,-1,1,2,-1,0,-1,-2,0,0,1,0,2,0,0,1,0,1,2,0,0,0,1,0,0,0,0,0,0,1,0,0,0,0,0,0,0,0,1,1,0,0,2,0,0,0,0,1,0,1,1,0,0,0,0,0,0,1,-1,1,0,0,2
2581,49,1,09,4,2,3,5,3,5,5,2,3,6,3,1,0,4,1,1,1,3,1,2,1,3,1,2,3,4,2,1,1,3,0,0,0,0,0,0,0,0,0,0,-1,-3,1,2,-3,2,-2,-1,2,-2,-3,-1,2,0,-1,0,0,0,0,0,5,5,5,5,3,2,2,2,7,4,1,1,3,4,1,2,4,1,1,2,0,1,2,3,2,2,1,0,4,2,2,0,1,0,0,0,0,0,0,0,3,3,3,-2,-1,1,0,1,1,-1,0,3,1,-3,0,2,0,1,0,0,1,3,3,5,1,4,1,4,4,6,0,2,3,4,1,1,1,0,0,0,3,1,3,2,3,1,0,1,2,1,0,0,0,1,0,0,0,0,0,2,-3,2,-1,1,-5,-3,1,0,2,-2,0,1,-1,-2,-1,0,0,0,1,-2,3,3,5,3,2,0,2,4,1,2,1,1,2,1,3,2,1,0,1,1,1,0,1,3,0,0,1,0,0,0,0,0,1,3,3,-1,0,2,0,0,1,1,2,-1,0,0,1,0
2581,49,1,11,1,1,0,0,0,0,3,3,0,0,1,0,0,0,0,0,0,0,0,0,0,2,0,0,0,0,0,2,0,0,0,1,0,0,0,0,1,1,0,0,1,-2,-3,0,0,1,-2,0,0,0,0,0,-2,0,0,0,0,-1,0,0,2,2,0,0,1,2,1,1,2,2,0,0,0,0,0,2,1,0,0,0,1,0,0,0,1,1,0,0,1,1,0,1,0,0,1,0,1,1,1,0,0,1,-1,-2,-1,-1,0,0,0,-1,1,1,0,-1,-1,0,0,-1,-1,1,2,0,4,3,2,2,1,0,1,0,0,0,0,0,1,2,0,1,1,1,1,0,0,0,0,1,1,0,1,0,0,0,3,2,0,0,0,0,0,0,0,-1,4,2,2,-1,0,0,0,1,1,-1,1,0,1,0,0,3,2,0,1,0,2,1,1,1,1,2,0,0,1,0,1,0,0,1,0,0,0,1,1,0,1,0,0,0,1,0,0,1,0,1,0,-1,1,-1,0,0,1,-1,0,0,-1,1,0,-1,1,-1
2581,49,2,09,6,3,10,4,4,8,3,3,1,4,2,0,8,4,2,4,3,2,0,2,5,2,1,1,4,3,1,2,0,0,0,0,0,0,0,0,0,0,0,0,-2,0,7,3,0,-3,-2,7,3,-2,1,2,0,0,2,0,0,0,0,0,8,2,5,2,9,3,2,4,3,4,6,2,4,2,8,2,0,1,0,1,2,0,4,0,2,1,2,0,3,2,0,0,0,0,0,0,0,0,0,0,5,0,1,-1,5,4,2,0,2,6,1,-2,1,-3,-1,0,0,0,0,0,3,5,4,4,5,3,2,2,7,5,1,4,3,2,2,2,1,1,2,3,1,2,2,5,3,1,0,0,2,2,0,0,0,0,0,1,0,0,0,0,0,3,2,-3,0,0,2,1,-3,-1,1,1,1,0,1,-1,0,0,0,0,6,4,7,3,3,4,3,3,4,2,4,1,2,2,2,2,2,3,1,1,1,1,2,2,0,0,1,0,0,0,0,0,3,0,4,0,2,-1,3,0,1,1,0,0,0,0,1,0
2581,49,2,11,1,0,0,2,1,0,1,1,2,2,0,0,0,2,1,0,0,0,0,0,0,1,1,0,1,0,0,0,2,0,1,0,0,0,0,0,0,0,0,1,1,-1,-1,0,-1,0,-1,-1,2,0,0,0,0,-2,0,1,0,0,0,-1,4,2,1,2,0,0,1,2,1,0,0,0,0,0,0,1,1,0,0,0,0,1,1,0,0,0,0,0,0,0,3,1,1,2,0,0,0,1,1,0,4,1,-1,1,0,0,-1,-1,0,0,1,1,0,0,0,3,1,0,1,0,1,2,3,0,0,2,1,2,2,2,0,1,1,0,0,0,1,1,0,0,0,0,0,0,1,2,1,2,2,1,1,0,1,0,0,0,0,0,0,0,-1,1,1,-2,-2,0,1,1,0,-1,-2,0,-1,-2,-1,1,0,1,0,0,1,0,3,1,3,0,0,3,0,0,1,0,1,0,1,1,0,0,0,0,3,0,0,3,0,0,1,0,0,0,0,0,-2,0,3,-2,0,0,1,0,-2,0,1,-2,0,0,1,0
2581,50,1,09,3,5,2,1,3,4,2,3,4,2,1,1,0,1,1,1,3,1,0,2,1,1,2,2,2,2,1,1,2,0,1,1,1,0,0,1,0,0,0,0,-1,3,-1,-3,1,0,0,-2,-1,-1,-1,2,0,-2,2,0,1,1,0,0,7,4,3,5,3,2,4,2,2,7,2,2,3,5,3,5,1,0,0,0,0,2,1,2,4,2,1,1,0,3,0,1,0,0,0,0,1,0,0,0,5,0,1,3,-4,2,0,2,3,-1,3,0,-1,0,-3,0,0,0,0,0,4,3,4,8,1,5,5,4,1,1,1,1,4,4,1,3,2,0,2,0,0,1,0,1,0,5,4,4,0,1,0,0,0,2,0,0,0,0,0,0,-1,-2,0,7,0,1,0,4,3,1,-2,-2,-4,2,-1,0,0,0,2,0,7,3,2,4,3,6,5,3,1,2,2,1,6,1,0,2,1,2,4,1,2,4,0,1,0,0,0,1,0,0,1,1,4,-3,-3,1,0,0,-2,0,4,-3,0,1,0,0,-1,0
2581,50,1,11,0,0,1,0,0,2,0,0,0,0,0,0,1,0,0,0,0,0,0,0,1,0,0,0,0,1,0,0,0,0,0,0,0,0,0,0,0,0,0,0,-2,0,1,0,0,-1,0,1,0,0,-1,0,0,0,0,0,0,0,0,0,0,2,0,3,1,0,3,1,0,2,0,1,0,2,0,0,0,0,1,0,0,2,1,0,0,0,0,0,0,2,0,1,0,0,1,0,1,0,0,0,0,-1,-1,3,-1,0,-1,-1,2,0,0,0,0,1,-2,0,0,0,0,1,5,2,1,1,1,3,3,2,2,0,1,0,0,1,0,1,1,0,0,0,0,1,1,0,0,2,2,1,1,0,3,1,1,0,1,1,0,0,1,0,2,-1,-1,-1,1,1,-1,-1,1,0,-1,-1,-1,-1,0,2,1,1,-1,1,2,0,2,3,1,2,2,5,1,0,2,1,1,0,0,2,0,0,0,3,0,2,2,2,0,0,0,0,1,0,0,0,1,-2,0,-2,1,0,2,-2,1,-2,-2,0,-1,0,0,0
2581,50,2,09,2,3,4,4,2,9,4,2,4,6,1,3,3,4,1,1,0,1,0,1,4,1,0,2,1,5,3,2,2,4,0,0,0,0,0,0,0,0,0,1,-7,-1,2,0,-4,-3,2,3,2,0,-4,-3,-1,-2,-3,0,0,0,0,-1,5,4,2,5,5,6,0,5,2,3,5,4,1,4,4,0,0,1,1,1,2,0,4,1,1,4,0,1,1,2,0,0,0,0,0,0,0,0,0,0,-1,4,-3,3,2,3,4,-3,3,3,-4,0,0,0,-1,0,0,0,0,0,3,3,4,2,5,0,2,1,4,3,2,1,4,2,3,1,1,0,0,2,0,1,0,2,2,0,1,1,2,1,0,1,0,0,0,0,0,0,0,0,3,1,3,-2,2,2,0,4,0,1,1,0,-1,-2,1,0,1,0,0,0,5,3,5,4,2,3,4,10,3,2,3,1,2,1,2,3,1,1,3,4,1,2,1,5,0,0,0,0,0,0,0,1,3,0,1,-6,2,1,0,-3,1,-1,1,-2,0,0,0,-1
2581,50,2,11,0,2,0,1,0,0,0,1,0,1,0,0,0,0,0,0,0,0,0,0,0,0,1,0,1,0,0,0,0,0,0,2,0,1,0,0,0,0,0,0,0,2,-1,1,-1,0,0,-1,0,-1,0,0,0,0,0,0,2,0,1,0,1,0,1,0,2,0,1,0,2,1,0,0,1,0,1,0,0,0,0,1,0,1,0,1,0,0,0,0,1,1,1,0,0,0,0,0,0,0,0,0,1,-1,1,-2,1,0,-1,1,-1,1,0,0,0,-1,0,1,0,0,0,0,1,1,2,2,1,0,1,1,1,0,0,0,1,0,0,1,0,0,0,1,0,0,0,1,0,0,1,1,0,0,0,1,1,2,0,0,0,0,0,0,1,0,1,1,1,0,0,1,-1,0,1,-1,-1,0,1,0,1,1,2,0,2,0,1,1,0,1,0,3,0,0,1,0,2,0,0,0,0,0,0,0,0,1,0,3,0,0,0,1,0,0,0,0,2,-1,1,-2,0,0,1,0,2,-1,0,-3,0,0,0,1
2581,51,1,09,7,1,2,4,1,4,2,4,3,3,5,0,1,2,1,2,1,1,2,0,2,1,1,2,0,2,0,2,1,3,0,0,0,0,0,0,1,1,0,0,3,-1,-2,1,-2,3,-1,0,0,1,0,1,-1,1,-3,0,-1,-1,0,0,4,7,1,8,3,3,1,2,2,5,3,3,0,5,2,1,3,1,3,1,1,0,1,1,2,2,1,1,1,3,0,1,0,0,0,0,0,0,0,0,1,6,-1,6,-2,2,3,-1,4,0,-1,2,0,2,-2,0,1,0,0,0,2,5,2,2,2,1,6,4,3,2,2,2,0,1,0,0,3,2,1,1,1,2,4,1,1,0,4,0,2,1,0,0,0,0,1,0,0,0,0,0,1,-1,-2,-1,0,1,0,-4,0,-1,0,-1,2,-1,0,0,0,0,0,1,7,4,2,2,3,4,3,5,4,1,0,2,3,3,2,0,1,2,0,1,2,2,2,4,0,0,0,0,0,0,1,0,4,0,-1,-3,3,-1,0,1,1,1,0,-4,0,0,-1,0
2581,51,1,11,0,1,1,0,0,0,0,1,0,0,0,0,0,0,0,0,1,0,0,0,0,0,1,0,0,0,0,0,0,0,0,0,1,0,0,0,0,0,0,0,0,1,0,0,0,0,0,-1,0,0,0,1,0,0,0,0,0,1,0,0,2,0,0,0,2,0,0,1,1,1,1,0,0,0,0,0,0,0,0,1,0,0,0,0,0,0,0,1,1,1,1,0,0,0,1,0,0,0,0,0,2,0,-1,-1,1,1,0,0,0,0,0,0,-1,-1,0,1,0,0,0,1,0,0,0,3,1,1,2,2,0,1,0,0,0,1,0,0,0,0,0,1,0,1,1,0,0,0,1,1,0,1,0,0,0,2,0,1,0,0,0,0,-1,-2,-2,3,0,0,-1,-1,1,0,0,-1,-1,0,0,-1,0,0,2,0,2,0,3,1,0,3,2,3,1,0,1,1,0,0,1,0,0,1,1,1,0,1,1,0,1,0,1,0,0,1,0,2,2,-3,1,-2,1,-1,0,0,0,-1,0,0,1,-1,1,-2
2581,51,2,09,0,6,4,3,4,3,3,5,3,1,0,4,1,1,2,0,2,2,2,2,2,0,1,1,1,1,2,3,2,0,0,0,1,0,0,0,1,1,0,0,-3,3,-1,0,3,-2,4,0,0,1,-1,0,-1,0,2,0,-1,0,0,0,2,6,7,8,4,3,3,2,6,3,2,2,4,4,2,0,2,3,4,1,2,0,0,0,2,0,3,2,6,1,0,2,0,0,1,1,0,0,0,0,-1,3,5,2,1,0,2,4,4,0,0,-1,1,-2,0,-1,2,0,0,1,3,4,4,4,1,3,4,3,4,3,2,3,2,3,0,1,1,2,1,1,1,2,2,2,3,2,2,1,2,0,0,0,0,0,0,0,0,0,0,0,0,0,1,0,-2,1,1,0,1,-3,-1,-1,1,-1,1,0,0,0,0,0,9,4,3,4,5,5,2,4,4,3,1,2,5,1,2,2,3,4,1,1,2,1,0,3,0,0,0,0,0,0,1,0,4,-1,1,0,1,-1,0,1,3,0,2,-1,0,0,-1,0
2581,51,2,11,0,1,0,3,0,0,0,2,0,1,0,0,0,2,0,0,0,0,1,0,0,0,0,0,0,0,0,0,0,0,0,1,0,0,0,0,0,2,0,1,0,1,-2,3,-1,0,0,0,2,0,0,0,0,1,0,0,1,-2,0,-1,1,0,0,0,0,0,0,0,0,0,0,0,0,0,0,1,0,0,0,0,0,0,0,0,0,0,0,0,0,0,0,0,0,0,0,0,0,0,0,0,1,0,0,0,0,0,0,0,0,0,1,0,0,0,0,0,0,0,0,0,1,0,3,1,0,1,2,2,2,0,1,0,0,0,0,0,0,1,0,0,1,0,1,0,0,0,2,1,1,0,0,0,2,1,0,0,0,0,1,0,0,-2,1,-1,0,0,0,-1,0,0,0,-2,0,-1,0,0,0,2,0,0,1,2,1,0,1,1,0,1,0,0,0,0,0,2,0,0,0,1,0,0,1,0,0,1,1,0,1,0,0,0,0,0,0,1,1,-1,0,-1,0,0,-1,2,0,-1,1,0,1,0
2581,52,1,09,4,5,5,2,6,4,1,4,3,4,2,2,5,0,4,2,2,0,2,2,3,1,1,3,2,1,0,2,0,2,0,1,0,0,0,0,0,1,0,0,0,4,1,-1,2,-1,1,4,-3,2,1,2,-2,2,0,0,1,-1,0,0,6,1,4,1,5,4,3,4,4,7,4,1,2,1,3,2,0,2,0,2,3,2,2,0,4,1,1,1,3,3,0,0,0,0,0,0,0,1,1,0,2,-2,0,-3,-2,1,-1,0,1,-1,1,-1,1,-3,-1,0,0,-1,-1,0,8,11,6,4,4,4,4,7,1,5,8,7,2,3,2,0,4,4,1,2,1,1,3,0,2,3,3,4,1,2,0,0,0,0,0,0,0,0,0,1,4,7,-1,3,-1,7,6,-1,3,0,-3,1,0,0,0,0,0,0,0,-1,4,8,3,5,1,5,2,1,3,4,0,4,1,3,3,0,0,3,0,0,1,2,2,1,0,1,0,1,0,0,0,0,3,3,1,4,3,1,0,4,0,1,1,-1,0,1,0,1
2581,52,1,11,0,0,1,1,0,1,0,0,0,1,0,0,0,1,0,0,0,1,0,0,0,0,0,0,1,1,0,0,0,0,0,0,0,0,0,0,0,0,0,0,-1,0,1,1,-1,0,0,0,1,-1,-1,0,1,0,0,0,0,0,0,0,2,0,1,1,0,0,0,0,0,2,1,0,0,1,0,0,0,0,0,0,0,0,0,0,1,0,0,0,0,1,1,0,1,0,0,0,0,0,0,0,2,0,1,1,-2,1,0,0,1,-1,0,0,0,0,-1,1,0,1,0,0,3,1,1,0,1,3,0,0,0,1,1,0,0,0,1,0,0,1,0,0,2,0,0,0,0,1,0,0,0,0,2,1,0,0,0,0,0,0,0,1,0,1,1,0,0,-1,0,0,0,1,-1,0,1,0,0,2,1,0,0,-1,2,0,0,1,1,0,1,0,0,0,0,0,1,0,0,0,0,0,0,0,1,0,1,0,1,0,0,1,0,0,0,0,1,0,-1,1,0,0,0,0,0,0,-1,0,1,0,0,1
2581,52,2,09,5,1,5,4,2,3,0,2,1,0,3,0,2,2,1,2,0,3,2,1,1,0,1,0,0,2,0,1,1,0,0,1,0,0,0,0,0,0,0,0,2,1,3,3,2,2,0,1,2,1,0,0,2,1,1,0,1,0,0,0,2,1,1,2,3,2,1,3,3,5,2,0,0,0,0,0,1,1,2,3,0,1,2,2,2,2,0,1,1,3,0,0,0,0,0,0,0,0,0,0,0,0,-2,-1,-2,2,-1,-2,-2,-2,-2,1,0,1,0,0,0,0,0,0,5,1,3,2,8,3,6,3,2,5,3,1,2,2,7,2,0,1,0,1,1,3,2,1,3,2,3,1,0,2,0,0,0,0,0,0,0,0,1,0,2,-5,0,0,3,2,-2,0,1,4,0,-3,0,0,-1,0,0,0,-1,0,9,5,3,3,2,4,3,4,7,5,1,1,2,0,2,2,1,3,1,1,1,1,2,3,0,0,0,0,0,0,0,0,7,1,0,-1,6,2,0,0,1,-1,0,-1,0,0,0,0
2581,52,2,11,0,1,0,1,0,0,0,1,0,2,0,0,0,1,0,0,0,0,0,0,0,0,1,0,1,0,0,0,0,1,0,1,0,0,0,0,0,0,0,0,0,1,-1,1,-2,0,0,-1,1,-1,0,0,0,0,-1,0,1,0,0,0,1,0,0,0,1,1,0,1,1,1,0,0,0,0,1,0,0,0,0,0,0,0,0,0,1,1,0,1,1,0,1,0,0,0,0,0,0,0,0,0,0,0,-1,-1,0,0,0,0,0,0,-1,0,-1,-1,0,1,0,0,0,0,4,4,3,1,1,1,4,0,1,3,2,1,2,0,0,0,0,0,0,0,0,2,0,0,1,1,2,0,1,2,2,3,1,1,1,0,0,0,0,0,3,0,3,0,-2,2,-1,2,0,-1,-1,-2,0,-1,-2,2,3,1,1,1,1,1,0,0,0,1,2,1,0,1,0,0,0,0,0,0,0,0,0,0,0,1,2,1,1,0,0,0,0,0,0,0,1,0,-2,-1,0,1,0,0,0,-1,-2,-1,1,0,0,0
2581,53,1,09,2,0,3,4,3,3,4,3,3,2,2,0,2,4,3,0,0,1,0,0,3,1,0,2,0,0,2,3,0,2,0,0,0,0,0,0,1,0,1,0,-1,-4,0,1,1,-1,-1,2,2,3,0,-2,-2,0,-2,0,-1,0,-1,0,5,3,2,6,7,6,5,2,3,4,3,2,2,4,5,2,1,0,2,1,1,2,1,1,0,5,3,1,2,3,0,0,0,0,1,0,0,0,0,1,-1,-2,0,3,3,2,0,1,3,5,-3,-2,-1,0,-2,0,0,0,0,0,4,4,7,3,1,7,4,3,4,1,2,3,4,3,1,2,1,3,0,0,2,2,2,2,0,5,2,1,2,1,0,0,0,0,0,0,0,0,0,0,-3,0,4,-1,0,0,1,2,1,1,-3,-1,2,-2,-1,0,0,0,0,0,8,4,1,5,2,4,4,3,3,3,1,3,5,1,0,2,0,0,2,1,2,3,2,1,0,0,0,0,0,1,0,1,6,0,-3,2,3,3,-1,2,3,-2,-2,1,0,-1,0,-1
2581,53,1,11,0,1,1,0,0,1,0,1,1,1,0,0,0,0,0,0,1,0,0,0,0,0,0,0,0,1,0,1,0,1,0,0,1,0,0,0,0,0,1,0,-1,1,0,-1,-1,0,0,0,0,0,-1,1,-1,0,-1,0,0,1,-1,0,2,0,1,0,2,0,2,1,1,1,1,0,0,0,1,1,0,0,0,0,0,1,1,0,0,0,1,0,1,1,0,0,1,0,1,0,0,0,0,0,2,-2,0,-1,1,1,-1,-1,0,1,1,-1,0,-1,-1,0,0,1,0,1,0,2,1,1,1,0,2,1,2,1,0,1,0,0,0,0,1,0,1,0,0,1,0,0,1,0,0,1,0,0,0,0,1,0,1,0,1,0,2,0,0,0,0,-1,0,0,0,0,0,-1,0,1,-1,1,0,0,-1,1,-2,1,2,2,0,3,1,2,1,1,2,1,0,1,0,1,0,1,0,1,0,0,0,0,1,0,0,0,0,1,1,1,0,1,1,0,-1,2,2,0,0,1,0,1,-1,1,-1,-1,0,0
2581,53,2,09,4,3,2,1,4,3,4,1,4,0,3,2,2,1,1,1,1,0,0,3,1,1,1,3,0,2,2,0,1,0,0,0,0,0,0,0,1,0,0,0,1,-1,1,-3,4,2,1,1,-2,1,-1,-1,0,-1,3,0,-1,0,0,0,5,3,6,3,1,3,5,1,4,4,5,1,4,1,1,0,2,2,2,0,1,2,1,3,3,2,3,0,1,1,0,0,0,0,0,0,0,0,0,0,2,-2,5,-1,-3,4,-1,3,-2,-2,-2,-1,2,1,-1,0,0,0,0,0,4,4,4,2,5,1,3,4,3,3,2,2,2,1,2,2,2,1,1,1,1,1,0,1,2,0,2,4,2,1,0,0,1,0,2,0,0,0,0,0,3,1,0,-1,2,1,1,2,0,0,2,0,-3,-1,0,0,0,1,0,2,6,4,4,3,5,3,4,0,2,4,1,3,4,0,2,0,3,1,1,0,2,2,2,0,0,0,1,0,0,0,1,0,1,1,0,3,-1,3,0,3,2,-2,0,0,0,0,0,0
2581,53,2,11,0,1,0,0,0,0,0,1,1,0,0,0,0,0,0,0,0,0,0,0,0,0,0,0,0,0,0,1,1,0,0,1,0,0,0,0,0,0,0,0,0,1,-1,-1,0,0,0,0,0,0,0,0,-1,-1,0,0,1,0,0,0,1,1,0,1,3,0,1,0,0,1,1,0,0,0,1,0,1,0,1,1,0,1,0,0,0,0,0,0,0,0,0,0,0,0,1,0,0,0,0,1,1,0,0,1,2,1,-1,0,0,1,0,1,0,1,1,0,0,0,0,0,3,2,2,2,3,0,0,2,0,1,1,0,1,0,1,0,0,0,0,2,0,0,0,0,0,0,0,2,0,1,2,2,1,2,0,0,0,0,0,0,3,2,0,2,2,1,0,1,0,1,0,0,-2,0,1,2,2,1,2,0,2,1,1,2,1,0,0,2,1,0,0,1,0,0,0,0,0,0,0,1,1,0,0,1,1,1,1,1,0,0,0,0,1,1,1,0,1,0,0,0,-1,0,0,-1,1,1,1,1
2581,54,1,09,4,6,1,0,1,3,8,2,5,1,3,3,1,0,0,1,2,0,0,1,2,4,1,1,1,1,3,1,4,0,0,1,0,0,0,0,1,0,0,0,1,-2,-1,-5,0,1,-1,0,-1,-1,0,-1,-1,-4,1,0,0,0,0,0,2,4,8,4,0,2,5,4,2,2,1,1,4,3,0,1,2,4,1,0,1,2,0,2,1,1,2,4,0,1,0,1,0,0,0,0,1,0,0,0,0,-1,4,2,-2,0,-1,4,1,-1,0,0,0,1,-1,0,0,0,0,0,3,5,3,4,8,5,5,3,2,0,3,4,1,2,4,0,1,2,2,4,1,3,2,2,0,4,2,1,0,0,0,0,0,0,0,0,0,0,0,0,-2,0,0,2,8,2,1,-1,0,4,-4,-1,1,2,4,0,0,0,0,0,5,4,4,2,6,2,5,8,3,1,4,0,2,3,0,2,1,1,2,3,5,1,1,5,0,0,0,0,0,0,2,0,-1,2,-1,-6,2,0,2,-3,-3,2,-1,-3,0,0,-2,0
2581,54,1,11,0,0,0,1,0,0,2,0,1,0,0,0,0,0,0,0,0,0,0,0,0,0,0,0,0,0,1,0,0,0,0,0,0,1,0,0,1,0,1,0,0,-2,0,0,0,0,0,0,0,0,0,-1,0,0,0,0,-1,0,0,0,1,0,0,0,0,0,2,0,1,0,0,0,0,0,0,1,0,0,0,0,0,1,0,0,0,0,1,0,0,0,0,0,0,0,0,0,0,0,1,0,1,-2,0,-1,0,0,-1,0,0,0,1,-1,0,0,0,0,0,0,-1,0,2,1,1,1,2,1,1,1,0,2,1,0,0,1,1,0,0,1,0,1,0,0,0,0,1,1,1,1,0,1,1,1,0,0,0,0,0,0,0,0,1,0,0,1,0,1,0,0,1,0,-1,-1,0,0,0,1,1,0,0,0,1,2,3,1,0,3,2,2,0,0,0,0,0,2,1,0,0,3,0,0,0,0,2,2,1,0,2,1,0,0,0,0,1,-1,1,-1,0,-3,0,0,0,2,-1,-2,1,0,2,1
2581,54,2,09,3,5,5,3,4,5,2,1,0,2,1,3,1,1,3,2,2,3,2,1,3,1,1,0,1,2,1,0,0,1,0,0,1,0,0,0,0,0,0,0,-2,3,4,3,2,-2,2,0,1,2,0,1,3,2,0,0,0,1,0,0,7,4,5,2,4,5,1,3,5,3,4,2,2,0,3,1,2,3,2,1,2,1,1,1,3,3,0,2,4,0,2,0,0,0,0,0,0,0,0,0,2,3,2,-3,1,2,1,1,-1,0,-2,2,1,-2,1,2,0,0,0,0,2,3,4,3,1,0,2,6,2,3,2,2,2,1,1,0,1,2,2,0,0,0,4,1,1,0,2,2,1,2,0,0,0,0,0,0,0,0,0,0,2,1,-2,1,-2,2,2,-2,0,0,0,-1,0,1,-2,0,0,0,0,0,4,4,5,4,3,3,4,2,2,4,2,3,2,0,3,0,2,2,2,2,1,1,2,0,0,0,0,1,0,0,0,0,1,1,1,2,0,2,0,1,1,-1,1,0,0,0,0,1
2581,54,2,11,1,2,0,0,0,1,2,0,0,0,0,0,0,0,0,0,1,0,0,0,0,1,0,0,0,0,1,0,0,0,1,1,0,0,0,1,0,0,0,0,0,0,0,0,0,0,-1,0,0,0,0,0,0,0,0,0,1,0,0,0,1,1,1,0,0,1,0,0,2,0,1,0,0,0,0,0,1,1,0,0,0,0,0,0,0,0,0,0,2,0,0,0,0,0,0,1,0,0,0,0,0,1,1,-2,0,1,0,0,0,0,0,1,1,-2,0,-1,0,0,0,0,2,2,0,1,1,1,3,1,1,2,0,1,0,0,1,2,0,0,0,0,1,0,1,0,2,0,3,0,1,0,0,1,0,1,0,0,0,0,0,0,1,-1,-1,0,-1,-1,1,-1,0,-1,2,-3,0,-1,0,0,1,0,1,0,0,0,1,2,1,0,0,0,0,0,0,0,0,0,0,1,0,0,0,0,0,0,0,0,0,0,1,1,1,0,0,0,-1,0,1,2,0,0,0,0,0,0,0,1,-1,0,1,1
2581,55,1,09,3,1,4,6,0,4,10,3,3,3,1,1,1,3,0,2,0,2,2,0,3,6,1,2,2,1,4,1,1,1,0,0,1,1,0,0,0,1,0,0,-1,-9,1,3,-3,-2,-5,0,1,-2,1,-4,1,1,-1,0,0,0,1,0,2,7,4,3,4,4,2,3,3,4,0,4,2,2,2,1,3,2,1,2,2,2,1,1,2,1,0,2,2,2,1,0,0,0,0,1,0,0,0,0,-2,5,1,0,0,-2,2,1,1,0,0,3,0,-1,0,0,0,0,0,0,7,0,2,7,2,6,2,1,2,4,5,0,0,4,2,2,0,2,3,0,5,0,0,1,1,1,2,1,1,3,0,0,0,0,0,0,0,0,0,0,1,-2,1,5,-2,0,0,0,3,1,1,-2,1,2,-3,0,0,0,0,0,4,1,4,5,0,3,4,3,3,1,3,2,1,0,1,3,0,1,2,2,0,2,2,1,0,0,0,0,0,0,0,0,4,-2,0,2,3,0,1,0,1,-2,-1,2,0,0,0,0
2581,55,1,11,0,1,1,0,0,0,0,0,1,0,0,0,0,0,0,0,0,0,0,0,0,0,0,0,0,0,0,0,1,0,0,1,1,0,0,0,0,0,0,0,0,1,1,-1,0,0,0,0,0,0,0,0,0,-1,0,0,1,1,0,0,1,0,0,2,1,2,0,1,1,0,0,0,0,0,0,1,0,0,2,0,1,0,0,0,0,0,0,1,1,0,0,0,0,0,1,1,0,0,0,0,-1,0,-1,1,1,-1,0,0,0,0,1,0,-1,1,0,-1,0,0,0,1,1,1,1,0,0,0,1,0,2,0,0,0,0,0,0,1,0,1,0,0,0,0,0,0,0,0,1,0,2,0,0,1,0,0,0,0,0,0,0,0,1,0,1,-2,0,0,0,0,0,0,1,-1,1,-2,0,0,1,0,0,0,1,3,2,1,1,0,1,3,1,1,1,0,0,2,1,1,1,0,1,0,0,0,0,2,0,0,0,0,0,0,0,1,0,3,1,-2,0,1,0,0,0,2,1,-1,0,0,0,-1
2581,55,2,09,5,2,2,3,0,3,3,6,2,3,4,0,0,2,0,1,2,2,1,0,1,2,4,1,2,2,1,2,1,1,0,0,0,0,0,0,0,0,0,0,2,-1,-4,1,-3,3,-2,-4,1,-2,-1,1,0,0,-1,0,0,0,0,0,3,4,1,3,5,4,2,4,1,4,3,4,0,1,3,0,0,1,2,2,2,1,1,0,3,2,1,3,1,1,0,0,0,0,0,0,0,0,0,0,-1,2,-3,2,1,1,3,-1,1,0,-2,-1,-2,1,1,0,0,0,0,0,4,1,6,8,1,3,2,4,2,2,3,0,3,4,1,1,1,3,4,0,1,1,0,1,1,2,1,4,1,1,0,0,0,0,0,0,0,0,0,0,1,-1,2,6,-1,2,-1,3,3,0,-1,0,-1,3,-1,0,0,0,0,0,8,5,5,5,6,3,3,4,5,3,4,5,3,2,1,0,5,2,0,1,1,1,2,3,0,0,0,0,0,0,1,0,2,2,2,1,0,1,4,4,2,1,-1,-3,0,0,-1,0
2581,55,2,11,3,1,1,0,0,2,0,0,1,0,0,0,1,0,0,0,1,0,0,0,1,0,0,0,0,1,0,0,1,0,3,0,0,0,0,0,0,0,0,0,1,1,1,-1,0,-1,0,1,0,0,-1,1,0,-1,0,3,0,0,0,0,3,1,2,2,3,2,0,1,1,2,1,0,0,0,0,2,0,2,0,3,0,0,1,0,0,2,0,0,1,2,0,1,0,2,0,0,0,0,0,0,1,1,1,1,1,1,0,-1,0,0,0,0,2,-1,1,0,1,0,2,0,2,1,2,1,1,0,2,3,0,0,1,0,1,0,0,1,0,0,0,0,0,0,1,0,0,0,2,2,0,0,0,1,1,1,1,0,0,0,0,0,2,-1,-1,1,1,1,0,0,0,0,1,-2,-2,0,0,0,1,1,1,1,0,0,3,2,0,2,0,2,0,0,0,0,0,0,2,1,0,1,0,0,0,1,0,0,0,0,1,1,0,0,0,2,0,-2,3,0,0,-1,0,0,0,-1,2,1,0,0,1,-1
2581,56,1,09,2,4,3,4,0,2,2,2,1,2,1,4,3,2,0,1,0,0,1,0,1,1,1,1,1,0,1,1,0,1,0,0,0,1,0,1,0,0,0,0,0,2,1,3,-2,0,3,2,1,-1,1,-1,-1,1,-1,-1,0,0,1,0,2,2,4,5,2,3,0,1,3,5,2,0,2,2,1,0,1,2,3,1,1,0,0,1,3,0,0,1,2,2,0,1,0,0,0,2,0,0,0,0,-1,2,3,2,-3,1,0,2,1,-2,0,1,1,1,-1,-2,1,0,0,0,5,4,2,1,4,4,3,5,3,7,4,2,1,0,4,1,2,1,1,0,0,2,4,2,6,4,1,1,1,1,0,0,0,0,0,0,0,0,0,0,1,1,-3,-2,-3,4,0,-3,-2,-2,-3,1,0,0,-1,0,0,0,0,0,2,5,6,4,4,2,3,1,1,2,2,2,1,3,4,2,3,1,2,1,1,1,1,0,0,0,0,0,0,0,0,0,-2,3,3,3,-2,1,0,1,0,2,3,2,0,0,0,0
2581,56,1,11,0,1,0,0,0,0,0,0,0,0,0,0,0,0,0,0,1,0,0,0,0,0,0,0,0,0,0,0,0,0,0,0,0,0,0,0,0,0,0,0,0,1,0,0,0,0,0,0,0,0,0,1,0,0,0,0,0,0,0,0,0,0,0,0,1,0,0,1,0,0,0,0,0,0,0,0,0,0,0,0,0,0,0,0,0,0,0,0,0,0,0,0,0,0,1,0,0,1,0,0,0,0,-1,0,1,0,0,0,0,0,0,0,0,0,0,0,0,-1,0,1,1,0,1,1,1,1,1,0,1,0,0,0,1,0,0,1,0,0,0,0,0,0,0,0,0,0,1,0,1,0,0,0,0,1,1,1,0,0,0,0,0,-1,1,0,1,0,0,1,0,0,1,-1,0,-1,0,-1,0,0,1,1,0,1,2,0,1,0,0,1,0,1,1,0,0,0,0,0,0,0,0,0,0,0,0,1,0,0,1,0,1,0,0,0,-1,1,2,-1,0,1,1,0,0,0,0,-1,-1,0,1,0
2581,56,2,09,3,2,4,2,3,1,2,2,1,2,1,2,3,1,1,2,0,1,1,2,1,1,0,1,1,0,1,2,0,1,0,0,0,0,0,0,0,0,0,0,2,0,2,1,1,0,1,3,0,0,2,-1,-1,1,1,0,0,0,0,0,5,6,3,5,4,2,3,0,1,5,3,4,1,3,3,2,2,2,2,1,1,2,0,1,2,1,1,0,0,3,0,0,0,0,0,0,0,0,0,0,3,3,3,4,-1,2,2,1,2,1,1,1,2,2,-2,0,0,0,0,0,4,2,2,4,6,2,1,3,2,6,3,0,2,3,5,1,2,0,1,1,2,0,2,1,3,0,1,1,1,3,0,0,0,0,0,0,0,0,0,0,2,1,-1,2,0,1,0,0,2,2,1,1,-1,0,-2,0,0,0,0,0,7,2,6,2,3,3,0,4,4,2,4,1,3,0,2,1,2,2,0,2,1,1,0,2,0,0,0,0,0,0,0,0,4,-1,6,-2,2,0,4,-1,2,-1,2,-1,0,0,0,0
2581,56,2,11,0,1,1,1,0,0,1,0,0,0,0,1,1,0,0,0,0,0,0,0,0,0,0,0,0,0,0,0,0,0,0,0,0,1,0,0,1,0,0,0,0,0,1,1,0,0,1,1,0,0,0,0,0,0,0,0,-1,0,1,0,0,0,0,2,3,0,0,0,4,2,0,0,0,1,0,0,0,0,1,2,0,0,0,0,1,0,0,0,4,1,0,0,0,0,1,0,0,0,0,0,0,0,0,-2,1,0,0,0,1,-1,0,0,0,-3,1,0,0,0,0,1,4,1,0,1,1,1,1,0,2,0,3,0,0,1,0,0,1,0,0,0,0,1,0,2,0,0,0,0,0,0,1,0,0,0,1,1,0,0,0,0,3,0,0,-1,1,3,-1,0,-1,0,0,1,0,0,0,0,0,0,0,1,0,1,0,1,2,0,0,1,0,0,0,0,0,1,0,0,1,0,0,1,0,0,0,0,0,0,0,1,1,0,0,0,-2,1,0,0,-1,0,0,-1,0,1,0,0,-1,0,0,1
2581,57,1,09,4,2,2,5,5,3,0,2,1,1,2,1,1,3,2,2,1,1,2,3,3,0,1,0,1,0,0,1,1,0,0,0,0,0,0,0,0,0,0,0,1,2,0,4,4,-1,1,0,3,1,2,1,0,1,3,0,0,0,0,0,5,3,1,3,6,3,2,5,1,4,3,2,1,3,5,2,1,0,0,1,2,0,3,1,4,1,2,2,0,0,0,0,0,0,0,0,0,0,0,0,2,1,-4,2,2,1,2,-2,2,1,1,-1,-2,0,1,0,0,0,0,0,5,4,2,4,3,1,2,1,3,3,2,1,0,3,1,3,3,2,1,2,1,1,0,1,1,0,1,1,2,2,0,0,0,0,0,0,0,0,0,0,4,2,1,1,0,1,0,0,2,0,3,2,1,-1,0,0,0,0,0,0,5,0,6,8,2,4,2,6,3,0,3,4,2,0,2,4,2,2,1,2,0,1,1,4,0,0,1,0,0,1,0,0,3,-4,4,2,1,-2,2,2,2,-1,1,0,0,-1,1,0
2581,57,1,11,0,0,2,1,0,0,0,1,0,0,0,0,2,1,0,0,0,0,0,0,0,0,1,0,0,0,0,0,0,0,0,0,0,0,0,0,0,0,0,0,0,0,1,1,0,0,0,1,1,0,0,0,0,0,0,0,0,0,0,0,0,1,0,1,1,0,1,1,0,0,0,0,0,1,1,0,1,0,0,0,0,0,0,0,0,0,1,1,0,0,0,0,0,0,0,0,0,0,0,0,0,0,-1,1,1,0,0,0,1,1,0,0,-1,0,0,0,0,0,0,0,0,1,3,0,0,0,0,3,1,0,0,0,0,0,0,0,1,1,0,0,0,0,1,0,0,0,0,2,1,0,0,0,2,0,0,0,0,0,0,0,0,1,0,-1,0,0,0,-1,0,0,0,1,-1,-1,0,0,0,2,0,0,0,0,0,0,0,0,1,1,0,0,0,0,0,0,0,0,0,0,1,0,0,0,0,0,0,0,0,0,0,0,0,1,0,0,-1,-1,0,0,-1,0,0,0,0,0,0,0,0,-1
2581,57,2,09,2,2,3,3,3,3,1,3,1,5,1,1,1,1,2,0,1,2,2,1,2,0,2,0,4,1,1,1,1,1,1,0,0,0,0,0,0,0,0,0,-1,1,0,2,-2,-1,1,-1,1,-2,-1,0,1,1,0,1,0,0,0,0,3,6,2,2,5,5,5,2,0,4,1,2,1,2,4,2,4,1,0,1,2,0,1,0,1,3,5,1,0,3,0,0,0,0,0,0,0,0,0,0,-2,1,0,2,1,-1,2,0,2,3,-1,-1,0,0,-2,0,0,0,0,0,7,1,5,3,3,5,4,3,3,3,5,1,3,2,2,2,0,2,1,1,1,1,1,3,2,3,3,2,0,1,0,0,0,0,0,1,0,0,0,0,2,-3,2,0,0,4,0,2,-1,0,-1,-3,0,1,0,-1,0,0,0,0,0,1,4,3,2,3,1,3,0,1,2,3,0,0,2,0,1,1,0,2,1,2,1,1,0,0,0,0,0,0,0,0,-2,-2,3,0,-1,0,2,1,-1,-2,1,-1,0,0,0,0
2581,57,2,11,0,1,0,0,0,0,1,0,1,0,0,1,0,0,0,0,0,0,0,0,0,1,0,1,0,0,0,0,0,0,0,0,0,0,0,0,0,0,0,0,0,0,0,-1,0,0,0,0,-1,0,0,0,0,0,0,0,0,0,0,0,2,0,0,1,0,1,1,2,2,0,0,0,0,1,0,1,0,0,0,0,0,1,0,1,0,1,0,2,1,0,1,0,0,0,0,0,0,0,0,0,1,-1,-2,-1,0,0,-1,0,0,0,0,0,-2,-1,0,1,0,0,0,0,2,1,0,1,0,1,2,2,1,0,1,0,0,0,0,1,0,0,0,0,1,0,0,0,0,0,2,2,1,0,0,1,0,1,0,0,0,0,0,0,1,-1,-2,0,0,0,0,0,0,0,1,-2,-2,-1,0,0,1,0,1,0,0,3,0,0,0,2,0,0,0,1,0,0,0,2,0,0,0,0,0,0,0,1,0,0,0,0,0,0,0,1,0,0,0,1,0,0,0,1,0,0,0,1,0,0,0,-1,0,0
2581,58,1,09,4,2,2,3,2,1,1,4,3,2,2,1,1,0,0,1,1,1,3,2,0,0,2,1,0,1,1,1,2,2,1,0,0,0,0,0,0,1,0,0,3,1,-2,0,0,2,1,-1,-1,0,0,0,0,1,0,1,0,-1,0,0,2,3,4,5,4,3,1,1,1,2,2,3,1,2,3,0,0,2,3,1,2,1,1,1,1,1,0,0,0,1,0,0,1,0,0,0,0,0,0,0,-1,2,3,4,2,0,2,0,1,2,-1,0,2,3,0,0,0,1,0,0,5,3,2,3,5,4,5,3,6,1,2,1,0,3,3,3,2,2,0,1,1,1,0,4,1,3,4,3,2,0,0,0,0,0,1,0,0,0,0,0,1,-2,-1,-3,4,1,0,0,-1,2,0,-2,-1,-2,1,0,0,0,0,1,1,3,2,2,0,3,3,2,0,2,2,0,1,1,0,2,0,2,2,2,0,1,1,0,0,0,0,0,0,0,0,0,1,0,-1,0,0,0,0,-2,1,0,-1,2,0,0,0,0
2581,58,1,11,1,0,0,1,0,0,0,0,0,1,0,0,0,0,0,1,0,0,1,0,0,0,0,0,0,0,0,0,0,0,0,0,0,0,0,0,0,0,0,1,1,0,0,1,-1,0,0,0,0,0,1,0,0,1,0,0,0,0,0,-1,0,0,0,0,1,0,0,2,0,0,0,0,0,0,0,0,0,0,0,1,0,0,0,0,0,0,0,2,0,0,0,0,0,0,0,0,0,0,0,0,0,0,-2,0,1,0,0,0,0,0,0,0,-2,0,1,0,0,0,0,0,1,0,0,0,1,0,0,1,0,2,1,0,0,0,0,0,0,0,0,1,0,0,0,0,0,0,0,0,0,1,0,0,0,0,0,0,0,1,0,1,1,0,-1,0,-1,1,0,0,0,0,0,0,0,0,0,0,0,-1,0,-1,0,1,0,1,1,0,0,1,0,0,0,0,0,1,0,1,0,0,0,0,1,0,0,1,0,0,0,0,0,0,0,0,-1,1,0,0,0,0,0,0,-1,1,0,0,0,0,0,0
2581,58,2,09,5,1,2,0,1,1,0,1,2,1,3,0,1,0,1,2,1,1,0,0,1,0,0,2,1,0,0,1,0,0,0,0,0,0,0,0,0,0,0,0,4,1,1,-2,0,2,0,1,-2,0,2,1,0,0,0,0,0,0,0,0,1,2,2,6,3,0,2,3,2,3,0,1,2,4,1,1,1,0,2,2,0,1,2,1,0,0,1,1,1,3,0,0,0,0,0,0,0,0,0,0,1,0,-1,4,0,0,0,0,3,1,1,0,-1,1,-1,0,0,0,0,0,3,5,1,6,0,2,3,2,5,1,3,3,0,5,0,0,2,1,1,0,0,2,0,5,0,2,1,2,0,1,0,0,0,0,0,0,0,0,0,0,1,2,-1,1,-1,3,1,0,0,0,-2,1,-1,1,-1,0,0,0,0,0,1,3,6,8,3,2,4,4,0,1,3,6,1,2,3,2,3,0,3,1,0,2,1,3,0,0,0,0,0,0,0,0,-2,1,2,4,-3,1,0,5,1,0,2,-1,0,0,0,0
2581,58,2,11,1,0,1,0,0,0,0,1,2,0,0,0,0,0,0,1,0,1,0,0,0,0,1,1,0,0,0,0,1,0,0,0,0,0,0,0,0,0,0,0,1,0,0,-2,0,0,0,-1,-1,0,1,0,1,-1,0,0,0,0,0,0,0,1,0,1,1,1,0,0,1,0,0,0,0,0,1,0,0,0,1,0,1,0,0,0,0,0,0,0,1,0,0,1,0,0,0,0,0,0,0,0,-1,1,0,0,1,-1,0,0,0,1,0,0,0,0,0,0,1,0,0,0,1,1,0,0,1,0,1,0,0,0,1,0,0,0,0,0,0,0,0,0,0,1,0,0,0,0,0,0,0,0,0,1,0,0,1,0,0,0,0,0,1,0,0,0,1,1,-1,0,0,0,0,0,0,0,0,0,1,0,0,1,0,1,1,0,0,1,2,0,0,1,0,0,0,0,0,0,0,0,0,0,0,0,1,0,0,0,1,0,0,1,1,0,0,0,-1,0,0,1,0,0,0,0,-1,0,0,-1,0,0
2581,59,1,09,3,5,1,3,1,2,3,1,2,2,1,3,0,2,1,2,2,1,1,0,1,2,0,2,2,1,0,1,0,0,0,0,0,0,0,0,1,0,0,0,1,2,0,1,-1,0,1,0,0,-1,1,2,0,1,0,0,-1,0,0,0,2,2,3,1,4,3,2,1,6,7,2,1,1,1,1,0,1,2,0,3,2,0,0,2,2,1,2,1,3,5,0,0,0,0,0,0,0,0,1,0,-1,0,2,-5,-3,0,1,1,-1,-1,-1,-1,1,-3,-2,0,0,0,-1,0,1,3,2,5,3,1,6,0,3,1,1,2,2,3,1,0,1,0,2,2,0,3,0,2,1,1,3,0,1,0,0,0,0,0,0,0,0,0,0,0,0,-3,2,2,2,1,-1,2,1,0,-1,-2,0,1,2,0,0,0,0,0,2,0,4,7,7,1,2,3,2,0,3,4,0,0,1,3,2,0,2,1,3,0,0,2,0,0,0,0,2,1,0,0,-5,-1,2,4,0,0,1,3,-3,0,1,1,-2,-1,0,0
2581,59,1,11,0,0,1,0,0,0,0,0,0,0,0,0,0,0,0,0,0,0,0,0,0,0,0,0,0,0,0,0,0,0,0,0,1,0,0,0,0,0,0,0,0,0,1,0,0,0,0,0,0,0,0,0,0,0,0,0,0,1,0,0,0,0,0,1,0,0,0,0,0,0,0,0,0,0,0,0,0,0,0,0,0,0,0,0,0,0,0,0,0,0,0,0,0,1,0,0,0,0,0,0,0,0,0,1,0,0,0,0,0,0,0,0,0,0,0,0,0,0,1,0,0,1,1,0,0,0,1,1,1,0,0,0,0,0,0,0,0,1,0,0,0,1,0,1,0,0,0,1,0,0,0,1,0,0,0,0,0,0,0,0,0,0,0,-1,0,0,-1,0,-1,0,0,0,0,0,0,0,1,0,0,0,0,0,2,0,0,0,0,1,0,0,2,0,0,0,0,0,0,0,0,1,0,0,0,0,0,0,0,0,0,0,0,0,0,0,2,-1,0,0,2,-1,0,0,0,0,0,0,0,0
2581,59,2,09,3,4,0,1,2,4,1,1,3,2,1,4,0,1,1,1,0,0,0,1,2,1,0,1,1,1,0,1,2,1,1,0,0,0,0,1,0,0,0,0,-1,3,-1,-2,0,-1,3,0,0,0,0,0,-1,-2,0,0,0,0,0,0,5,3,2,2,0,4,0,3,3,4,2,3,1,2,0,3,0,1,0,0,3,0,0,2,1,1,0,3,1,3,0,0,0,0,0,0,0,0,0,0,1,3,-1,-1,-4,-1,3,1,0,-1,2,0,-2,-1,-3,0,0,0,0,0,0,3,4,1,3,2,0,2,2,3,0,1,2,1,2,0,2,2,0,1,0,0,1,1,0,2,0,1,1,3,0,0,0,0,0,0,0,0,0,0,-2,3,2,-1,0,0,1,1,0,2,-2,2,1,-1,-2,0,0,0,0,0,3,3,3,7,3,3,1,5,2,2,2,5,1,1,1,2,1,1,1,4,2,2,0,1,0,0,0,0,0,0,0,0,0,0,2,2,1,1,1,1,-1,-1,1,1,0,0,0,0
2581,59,2,11,0,0,1,1,0,0,0,0,2,0,0,0,0,1,0,0,0,0,0,0,0,0,0,2,0,0,0,0,0,0,0,0,1,0,0,0,0,0,0,0,0,0,1,-1,0,0,0,0,-1,0,0,0,0,0,0,0,0,1,0,0,0,1,1,1,1,0,1,2,0,2,0,1,0,0,0,0,0,1,1,1,0,0,0,0,1,0,1,1,0,0,0,0,0,0,0,0,0,1,0,1,0,0,-1,1,-1,0,1,0,0,-1,0,-1,0,1,1,0,0,-1,0,-1,0,0,1,1,0,0,1,2,1,0,0,0,0,0,0,0,0,0,1,0,0,1,0,0,0,0,0,1,1,0,0,0,1,0,0,0,0,1,0,0,0,-1,-1,0,0,0,-1,0,0,0,0,0,-1,0,0,0,0,0,0,0,0,1,1,1,0,0,1,0,0,1,1,0,0,0,0,0,0,0,0,0,0,0,1,0,0,0,0,1,0,0,0,0,0,1,0,1,0,1,1,0,0,0,-1,0,0,0,0,1
2581,60,1,09,4,1,3,3,5,1,1,7,5,1,4,0,1,0,4,0,1,1,3,0,1,1,7,4,1,0,0,0,1,0,0,0,1,0,1,0,0,0,0,0,3,0,-4,-2,4,3,-1,-6,-4,3,0,1,1,2,0,0,0,1,0,1,2,2,0,2,2,1,3,4,2,4,1,1,0,1,1,1,1,0,0,1,0,2,2,2,1,1,1,2,0,3,0,0,0,1,0,0,0,0,0,0,1,-1,-4,0,-2,1,-1,-2,-1,0,0,0,-2,0,-2,0,0,0,1,0,6,3,8,3,4,1,7,4,3,3,4,0,6,2,4,2,3,2,1,0,0,2,1,1,1,1,4,3,2,2,0,0,0,0,0,0,1,0,0,0,5,-4,4,0,1,4,-2,5,1,3,1,-1,-1,-1,-2,0,-1,0,0,0,6,4,2,5,3,2,1,2,4,2,1,3,2,2,1,1,3,2,0,0,0,0,1,2,0,0,0,1,0,0,0,0,3,2,1,3,1,0,1,3,2,2,0,-1,0,0,0,1
2581,60,1,11,0,0,0,0,0,0,2,0,0,0,0,0,0,0,0,0,0,0,0,0,0,0,0,0,0,0,1,0,0,0,0,0,0,0,0,0,1,0,0,0,0,-2,0,0,0,0,0,0,0,0,0,-1,0,0,0,0,-1,0,0,0,0,0,0,0,1,0,0,0,0,1,0,0,0,0,0,0,0,0,0,1,0,0,0,0,1,0,0,0,0,0,0,0,0,0,0,0,0,0,0,0,0,0,0,0,0,0,0,0,0,-1,0,0,0,0,1,0,0,0,0,0,0,0,1,2,0,0,1,1,0,1,0,0,0,1,0,0,0,0,0,0,0,1,0,0,1,0,0,1,0,0,0,0,1,1,0,0,0,0,0,0,0,-1,0,2,-1,0,-1,0,1,-1,0,0,-1,0,0,0,0,1,1,0,1,0,0,1,0,1,1,0,0,0,0,0,1,0,0,1,0,0,0,0,0,1,0,0,0,0,0,0,0,0,1,0,1,-1,-1,1,0,0,0,0,1,-1,0,1,0,0,-1,0
2581,60,2,09,0,4,3,3,3,3,3,0,4,1,0,2,1,2,1,0,2,2,1,2,1,1,0,3,0,2,2,0,1,1,0,0,0,0,0,0,0,0,0,0,-3,1,3,-1,2,-1,1,1,-1,1,-2,0,2,0,1,0,0,0,0,0,4,0,3,3,2,2,0,4,2,8,4,0,1,2,1,0,0,2,1,1,2,0,1,1,4,0,0,3,1,4,0,0,0,0,0,0,0,0,0,0,2,0,-1,1,-6,2,0,0,1,-3,0,0,-1,0,-3,0,0,0,0,0,4,1,4,6,5,1,2,2,2,7,2,0,3,3,4,2,1,1,3,1,0,1,0,0,3,1,1,2,2,4,0,0,0,0,0,0,0,0,0,0,3,-1,2,4,-2,2,-1,3,3,1,1,0,-1,1,-3,0,0,0,0,0,0,2,1,3,4,1,3,0,0,2,1,2,0,0,0,1,1,0,0,0,2,1,3,0,0,0,0,0,1,0,0,0,-4,1,-2,3,-1,2,1,2,-2,-1,-3,1,-1,0,0,0
2581,60,2,11,0,1,1,0,2,0,0,0,0,1,0,0,0,0,1,0,0,1,0,1,0,0,0,0,1,0,0,0,0,0,0,1,0,0,0,0,0,0,0,0,0,1,1,0,1,0,0,0,0,0,0,0,1,0,1,0,1,0,0,0,0,0,0,1,0,1,0,0,1,0,0,0,0,0,0,0,0,0,0,0,1,0,0,0,0,0,0,0,1,0,0,0,0,1,0,0,0,0,0,0,-1,0,0,0,0,-1,0,0,0,0,0,0,0,-1,0,0,0,0,1,0,0,0,0,0,0,1,2,0,1,0,0,0,0,0,0,0,0,0,0,0,0,0,0,1,0,1,0,0,0,0,0,0,0,0,0,0,2,0,0,0,-1,-2,0,-1,0,0,0,0,-1,0,-1,0,0,0,0,0,-2,0,0,0,0,0,1,2,0,1,0,2,0,0,1,1,0,0,0,1,0,0,0,1,0,1,0,1,0,0,0,0,0,0,0,0,0,-1,1,0,0,0,1,0,0,-1,0,0,0,0,0,0
2581,61,1,09,2,1,3,2,6,1,2,2,3,4,2,1,2,1,4,0,0,1,1,2,0,1,2,1,0,1,1,0,1,4,0,0,0,0,0,0,0,0,1,0,1,-1,1,-1,2,2,0,0,0,4,-1,-1,1,0,-2,0,0,0,-1,0,3,1,3,5,1,2,6,3,1,8,2,1,3,3,1,0,0,0,2,0,1,3,1,0,2,1,3,2,0,6,1,0,0,0,0,0,0,0,1,0,1,-5,0,4,-7,1,-2,2,3,-1,-1,-3,-2,2,-6,1,0,0,-1,0,3,1,1,4,3,0,2,1,5,1,3,0,0,2,3,0,0,1,2,0,0,1,0,4,0,0,0,1,1,1,0,1,0,0,0,0,1,0,0,0,3,-1,0,-1,2,3,-1,0,-2,3,0,0,0,1,-1,0,0,0,0,0,1,3,3,3,1,2,2,0,1,3,2,2,0,0,1,1,1,1,1,0,0,1,1,0,0,0,0,0,0,0,0,0,0,1,1,3,0,2,1,2,0,-1,0,1,0,0,0,0
2581,61,1,11,2,0,1,0,0,1,0,0,0,0,0,0,0,0,0,1,0,1,0,0,0,0,0,0,0,1,0,0,0,0,1,0,0,0,0,0,0,0,0,0,1,0,1,0,0,0,0,0,0,0,0,0,1,0,0,1,0,0,0,0,1,1,0,0,0,0,0,0,0,1,0,0,0,0,0,1,1,0,0,0,0,0,0,0,0,0,0,0,0,1,0,0,0,0,0,0,0,0,0,0,1,1,0,0,-1,0,0,0,0,0,1,1,0,0,-1,0,0,0,0,0,2,1,0,1,0,0,0,0,2,1,0,0,0,0,0,0,0,0,0,0,0,0,0,2,0,0,0,0,0,1,2,1,0,1,0,0,0,0,0,0,2,1,0,-1,-1,0,0,0,-2,0,0,0,0,0,-1,2,1,0,1,0,0,0,1,0,1,0,1,0,0,0,0,0,0,0,0,0,0,0,0,0,1,0,1,0,0,0,1,0,0,0,0,0,-1,0,0,0,0,0,0,0,-1,0,-1,0,0,0,1,0
2581,61,2,09,1,6,4,3,1,0,3,2,4,0,0,3,4,2,1,1,3,0,1,0,0,2,1,1,0,0,1,1,3,0,0,0,0,0,0,0,0,0,0,0,1,3,2,-1,1,0,1,3,1,1,1,2,-1,-2,0,0,0,0,0,0,1,1,2,5,0,1,1,2,3,0,0,0,1,4,0,1,1,1,1,0,1,0,1,1,0,0,1,1,2,0,0,0,0,0,0,0,0,0,0,0,0,0,0,2,0,-1,0,0,3,0,1,0,0,-1,0,0,0,0,0,0,3,2,3,1,5,4,3,4,3,0,3,1,3,0,4,0,1,0,1,1,2,2,2,1,0,2,1,2,2,0,0,0,0,0,0,0,0,0,0,0,-1,-1,-1,-2,5,1,-1,1,-1,4,-2,0,-2,-1,1,0,0,0,0,0,4,5,2,7,2,2,5,2,2,4,1,5,2,1,1,2,0,0,2,0,2,2,3,2,0,0,0,0,0,0,0,0,2,3,-3,5,2,4,-1,5,0,-1,-2,0,0,0,0,0
2581,61,2,11,1,0,0,0,1,0,0,0,1,0,0,0,0,0,0,0,0,0,0,1,0,0,0,0,0,0,0,0,1,0,1,0,0,0,0,0,0,0,0,0,1,0,0,-1,1,0,0,0,0,0,0,0,0,-1,1,1,0,0,0,0,0,0,1,0,0,1,0,0,0,2,0,0,1,0,0,0,0,0,0,0,0,0,0,0,0,0,0,0,0,2,0,0,0,0,0,1,0,0,0,0,-1,0,1,0,-2,0,0,1,0,0,0,0,0,0,-2,-1,0,0,0,0,0,0,0,0,0,0,0,1,0,0,0,0,0,0,0,0,0,0,0,0,0,0,0,0,0,0,0,1,0,0,0,0,0,0,0,0,0,0,0,0,0,0,-1,0,0,0,0,0,0,0,0,0,-1,0,0,0,0,0,0,0,0,1,4,0,0,0,0,0,0,0,0,0,0,0,2,0,0,0,0,0,0,0,0,0,0,1,2,0,0,0,0,0,0,1,4,0,0,0,0,0,0,0,2,0,0,1,2,0
2581,62,1,09,1,2,4,3,1,3,1,2,2,3,0,1,3,2,1,0,1,1,1,0,2,1,2,0,2,1,0,0,2,1,1,0,0,0,0,0,0,0,0,0,-2,1,2,1,-2,-2,0,1,2,-1,-1,1,1,-1,-1,1,0,0,0,0,3,5,5,4,2,3,2,2,3,2,1,1,4,3,2,2,4,1,1,0,2,1,2,0,2,1,1,0,3,0,0,0,0,0,0,0,0,0,0,0,0,3,3,1,0,-1,0,2,3,0,1,3,1,-2,0,0,0,0,0,0,3,2,3,2,8,1,3,3,4,4,2,1,2,1,5,0,1,1,0,3,1,1,1,2,0,0,2,2,2,4,1,0,0,1,0,0,0,0,0,0,2,-1,0,-2,4,1,0,1,-1,5,0,-1,-1,-2,-1,1,0,0,1,0,1,6,5,3,0,1,6,6,1,4,4,2,0,2,1,1,0,1,3,4,0,0,3,2,0,0,0,0,0,0,0,0,1,5,-1,-3,1,3,1,-2,0,2,-2,-1,0,0,0,0
2581,62,1,11,0,0,1,0,0,0,1,0,0,0,0,0,0,0,0,0,0,1,0,0,0,0,0,0,0,0,1,0,0,0,0,0,0,0,0,0,0,0,0,0,0,-1,1,0,0,0,0,0,0,0,0,-1,1,0,0,0,0,0,0,0,1,0,0,0,0,0,1,0,0,0,0,0,0,0,0,0,0,0,0,0,0,0,0,0,0,0,0,0,0,0,1,0,0,0,0,0,1,0,0,0,1,-1,0,0,0,0,0,0,0,0,0,0,0,0,0,1,-1,0,0,0,0,0,0,0,0,0,1,0,1,0,0,0,0,0,0,0,0,0,0,0,0,0,0,0,0,0,1,0,0,0,0,0,0,0,0,0,0,0,1,0,0,-1,0,-1,0,0,0,0,0,0,0,-1,0,0,0,0,0,0,-1,0,0,0,0,1,0,0,0,2,0,0,0,0,0,0,0,1,0,0,0,0,0,0,0,2,0,0,0,0,0,0,0,0,0,0,0,-1,0,0,0,0,0,0,0,-1,0,0,0,0
2581,62,2,09,5,1,6,3,7,5,1,4,4,3,4,1,5,2,7,1,0,1,1,0,1,0,2,2,0,4,1,2,2,3,0,0,0,0,0,0,0,0,0,0,0,0,2,-1,4,3,1,3,0,7,-3,-1,-1,-1,-3,0,0,0,0,0,1,1,5,3,2,0,3,3,0,4,1,1,3,2,1,0,0,2,1,1,0,3,1,0,1,0,0,2,0,3,0,0,0,0,0,0,0,0,0,0,1,-2,2,3,-2,1,-2,2,2,0,0,0,0,1,-2,0,0,0,0,0,3,6,1,4,0,5,1,4,2,3,2,4,1,4,0,1,2,0,0,0,2,0,1,0,2,3,1,3,2,1,0,0,0,0,0,0,0,0,0,0,-2,5,-3,2,-3,0,4,0,4,-2,-2,1,-3,-2,-1,0,0,0,0,0,6,5,2,2,8,4,1,2,4,1,2,1,2,4,0,1,4,1,0,1,4,3,1,1,0,0,0,0,0,0,0,0,-2,1,1,0,0,0,2,0,-2,1,-1,0,0,0,0,0
2581,62,2,11,2,0,0,0,0,0,0,0,0,0,0,0,0,0,0,1,0,0,0,0,0,0,0,0,0,0,0,0,0,0,1,0,0,0,0,0,0,0,0,0,2,0,0,0,0,0,0,0,0,0,1,0,0,0,0,1,0,0,0,0,0,0,1,1,0,0,1,1,1,0,0,0,0,1,0,0,0,1,0,0,0,0,1,0,0,0,1,0,1,0,0,0,0,0,0,0,0,0,0,0,0,-1,0,0,0,0,0,-1,1,0,0,-1,1,-1,0,0,0,0,0,0,0,1,0,0,0,0,2,1,1,1,0,0,0,0,0,0,0,0,0,0,0,0,0,0,1,0,2,1,1,0,0,1,0,0,0,0,0,0,0,0,0,-1,-1,-1,-1,0,0,0,0,-1,0,-2,-1,-1,0,0,1,0,0,0,1,0,1,4,0,0,0,2,1,0,1,1,0,0,0,0,0,0,0,0,0,0,0,1,0,0,0,3,0,0,0,1,1,0,1,2,1,0,1,1,0,0,0,-1,0,0,0,2
2581,63,1,09,2,2,5,3,1,3,2,3,3,3,0,1,4,0,1,2,0,0,3,0,2,0,2,1,2,1,2,1,2,1,0,1,1,0,0,0,0,0,0,0,-1,0,2,0,-2,-2,1,2,-1,-1,1,-2,-1,1,-1,0,1,1,0,0,3,4,1,2,1,2,4,6,1,5,2,1,1,1,1,1,3,0,1,0,1,2,1,0,4,1,2,4,1,1,0,0,0,0,0,0,0,1,0,0,1,0,-5,1,-4,1,-1,0,1,-3,0,1,-4,0,-1,0,0,-1,0,0,3,3,1,2,2,5,0,1,2,2,2,1,0,1,2,0,2,1,1,0,0,0,1,1,1,4,0,0,1,1,1,0,0,0,0,1,0,0,0,0,-2,3,0,0,0,2,1,-1,0,1,-4,2,1,0,-1,0,0,0,0,0,5,5,2,1,7,3,2,2,2,2,1,1,3,2,1,0,3,2,1,0,4,1,1,2,0,1,0,0,0,0,0,0,-2,2,0,-1,-1,0,0,1,-1,1,0,-2,0,1,0,0
2581,63,1,11,0,0,0,0,0,0,0,0,0,0,0,0,0,0,0,0,0,0,0,0,0,0,0,0,0,0,0,0,0,0,0,0,0,0,0,0,0,0,0,0,0,0,0,0,0,0,0,0,0,0,0,0,0,0,0,0,0,0,0,0,1,0,0,0,0,2,1,0,1,0,0,0,0,0,0,1,0,0,0,0,1,0,0,0,0,1,0,0,1,0,0,0,0,0,0,0,1,0,0,0,-1,-1,0,-1,0,-1,0,0,0,0,0,0,0,-1,0,0,-1,0,0,0,0,0,1,0,1,1,1,0,0,0,0,0,1,0,1,0,0,0,0,0,0,0,0,0,0,1,0,0,0,0,0,0,0,0,0,0,1,0,0,0,-1,-1,1,0,1,0,0,1,0,1,-1,0,0,0,0,0,-1,0,0,0,1,0,0,2,0,0,0,1,1,0,0,1,0,0,0,0,0,0,0,1,0,0,0,0,0,0,0,1,0,0,0,0,1,0,0,1,1,0,0,0,0,0,0,0,0,0,0,1
2581,63,2,09,5,4,4,2,3,0,3,2,6,3,2,0,3,1,1,3,3,1,1,2,0,1,0,3,2,0,2,2,3,1,0,1,0,0,0,0,0,0,0,0,5,1,2,-4,0,2,-1,3,-2,-1,3,1,-1,-2,1,0,1,0,0,0,3,2,3,0,2,2,6,4,3,6,1,1,2,0,1,2,1,0,0,0,0,2,3,1,4,2,4,1,2,2,0,0,1,0,1,0,0,0,0,0,1,-4,-1,-3,-4,1,-1,-1,-1,-3,0,-3,-1,-2,-2,0,0,1,0,1,5,2,3,2,11,6,4,1,2,2,3,1,2,2,5,2,1,1,0,6,2,2,0,1,2,3,2,1,1,0,0,0,0,0,0,1,0,0,0,0,-1,-2,2,0,9,1,-1,2,1,3,-1,-1,0,-1,6,-1,0,0,0,0,2,2,1,5,2,3,3,4,1,2,1,3,1,0,0,1,1,1,1,2,1,2,2,1,0,0,0,1,0,0,0,1,0,-1,-2,1,0,1,0,1,0,-2,-2,0,0,0,0,0
2581,63,2,11,0,0,1,0,0,0,0,1,0,0,0,0,0,0,0,0,0,1,0,0,0,0,0,0,0,0,0,1,0,0,0,0,0,0,0,0,0,0,0,0,0,0,0,0,0,0,0,0,0,0,0,0,0,0,0,0,0,0,0,0,1,0,0,2,0,0,2,0,0,0,0,0,0,1,0,1,0,0,0,0,0,1,0,0,0,0,0,0,0,0,0,0,0,1,0,0,1,0,0,0,1,-2,0,2,0,0,-1,0,1,0,1,0,0,0,0,0,-1,0,1,0,1,1,0,2,0,0,0,0,1,0,0,1,0,1,0,0,0,0,1,0,0,0,0,0,0,0,0,0,1,0,1,0,0,0,0,0,0,0,0,0,1,1,0,1,0,0,1,0,1,0,0,0,0,0,0,1,0,0,0,0,0,1,0,0,0,1,2,0,0,0,0,0,0,0,0,0,0,0,0,0,0,0,2,0,0,1,0,0,0,1,0,0,0,0,-2,0,0,0,0,0,0,0,-2,0,0,0,0,0
2581,64,1,09,3,6,2,3,6,2,5,2,2,2,3,4,1,3,5,0,2,1,0,1,1,3,2,1,2,1,2,0,1,0,0,0,0,0,0,0,0,0,0,0,1,1,0,1,4,2,1,-1,2,3,-1,0,1,-1,1,0,0,0,0,0,1,4,3,5,5,1,3,3,3,3,1,3,3,3,2,0,1,0,2,3,1,2,1,3,3,0,1,2,0,0,0,0,0,0,0,0,0,0,0,0,0,1,0,2,2,0,1,2,0,-1,0,0,-2,2,3,0,0,0,0,0,2,5,6,1,2,2,3,2,3,3,2,4,3,0,0,0,1,3,1,2,1,2,0,1,3,1,1,2,2,0,0,0,0,0,0,0,0,0,0,0,0,2,4,-2,-1,1,2,3,-1,-3,-1,0,1,-1,2,0,0,0,0,0,4,3,0,3,3,3,1,3,3,3,0,2,0,0,0,1,2,1,0,1,1,2,0,2,1,0,0,0,0,0,1,0,1,0,-1,0,1,2,0,1,-1,-2,0,-1,1,0,-1,0
2581,64,1,11,1,0,0,0,1,0,0,0,0,2,0,0,0,0,0,0,0,0,0,1,0,0,0,0,1,0,0,0,0,0,1,0,0,0,0,0,0,0,0,1,1,0,0,0,-1,0,0,0,0,-1,0,0,0,0,1,1,0,0,0,-1,0,0,0,1,1,0,0,0,1,1,0,0,0,0,0,0,0,0,0,0,0,0,0,0,0,0,0,0,1,1,0,0,0,1,1,0,0,0,0,0,0,0,0,0,0,0,0,0,0,0,0,0,0,-1,-1,0,0,0,1,1,1,1,0,0,0,0,2,1,0,1,0,1,0,0,0,0,0,0,0,0,0,0,0,0,0,0,1,1,0,0,1,0,0,0,0,0,1,0,0,1,1,-1,-1,0,-1,0,1,0,0,0,0,-1,-1,0,0,1,-1,0,0,-1,1,0,0,2,0,0,0,0,0,0,0,1,1,0,0,1,0,0,0,0,0,0,0,0,0,0,0,0,0,0,0,0,1,0,0,2,0,0,0,1,1,0,0,1,0,0,0,0
2581,64,2,09,0,2,1,2,4,3,2,2,4,3,0,2,0,0,1,0,0,1,2,3,2,1,0,2,1,1,1,2,2,2,0,0,0,0,0,0,0,0,0,0,-3,0,-1,-2,1,-2,1,0,-2,0,-1,-1,-1,0,1,0,0,0,0,0,5,2,3,6,3,1,1,2,2,2,4,1,2,4,2,0,1,1,2,1,0,1,1,2,1,1,0,1,0,1,1,0,0,0,0,0,0,0,0,0,4,1,1,4,1,4,0,1,2,1,-1,1,0,2,0,1,0,0,0,0,5,2,4,1,5,4,3,8,1,2,3,2,2,0,5,2,0,2,1,0,1,2,3,0,1,3,1,4,1,1,0,0,0,0,0,0,0,1,0,0,1,-1,-4,0,3,2,0,-1,0,4,-1,-1,-2,0,-1,0,0,-1,0,0,2,1,3,2,5,4,6,1,1,0,1,0,1,1,2,2,3,2,1,0,1,2,5,1,0,0,0,0,1,0,0,0,-3,-3,-3,1,-2,-2,0,0,0,-1,-3,1,-1,0,0,0
2581,64,2,11,0,0,0,0,1,0,0,0,0,0,0,0,0,0,1,0,0,0,0,0,0,0,0,0,0,0,0,0,0,0,0,0,0,0,0,0,0,0,0,0,0,0,0,0,1,0,0,0,0,1,0,0,0,0,0,0,0,0,0,0,1,0,1,0,1,0,0,1,1,0,0,0,1,0,0,1,0,0,0,1,0,0,0,0,0,0,0,1,1,0,0,0,0,0,0,0,0,0,0,0,1,0,0,-1,1,0,0,1,0,0,1,0,-1,-1,1,0,0,0,0,0,0,1,0,0,0,0,1,0,0,0,0,0,0,0,0,0,0,0,0,0,0,0,0,0,0,0,1,0,0,0,0,1,0,0,0,0,0,0,0,0,0,0,0,0,0,0,0,0,0,0,0,-1,0,0,0,0,1,0,0,0,0,0,1,1,0,0,0,1,0,0,0,0,0,0,1,1,0,0,0,0,0,0,0,1,0,0,0,0,0,0,0,0,0,0,1,0,0,0,0,0,0,0,1,0,0,0,0,0
2581,65,1,09,0,2,3,0,5,3,1,4,3,4,0,1,2,0,4,0,1,1,0,1,0,0,1,2,2,3,1,3,1,2,0,0,0,0,0,0,0,0,0,0,-3,1,-1,-3,1,0,1,1,-2,2,-3,0,-2,-1,-1,0,0,0,0,0,4,1,7,7,3,0,4,3,1,5,2,1,3,4,1,2,0,4,3,2,0,2,1,1,1,0,2,2,0,4,0,0,0,0,0,0,0,0,0,0,4,-3,4,6,-2,2,-1,2,3,0,2,-2,2,3,-2,0,0,0,0,0,3,6,5,1,1,4,6,6,3,1,1,5,5,1,0,2,1,0,0,1,1,1,2,2,0,2,5,4,1,0,0,0,0,0,0,1,0,0,0,1,-1,0,-1,-2,0,0,4,3,-1,0,0,-4,-4,-1,1,-1,0,0,0,-1,8,5,4,3,3,3,2,3,4,3,2,1,4,2,2,2,1,0,0,1,2,3,2,2,0,0,0,0,0,0,0,0,5,2,2,0,3,3,2,0,2,-1,0,0,0,0,0,0
2581,65,1,11,0,1,0,1,0,0,0,0,0,0,0,1,0,0,0,0,0,0,1,0,0,0,0,0,0,0,0,0,0,0,0,0,0,0,0,0,0,0,0,0,0,1,0,1,0,0,1,0,0,0,0,0,0,1,0,0,0,0,0,0,0,1,0,0,1,1,1,0,0,1,0,0,0,0,0,0,0,0,0,0,0,0,0,0,0,0,0,0,0,1,0,1,0,0,1,1,1,0,0,0,-1,0,0,0,0,0,0,0,0,0,0,0,0,0,-1,-1,0,0,0,1,0,0,0,1,0,0,1,1,1,0,0,0,0,1,0,0,0,0,0,0,0,0,0,0,0,0,1,0,1,0,0,0,0,0,0,0,0,1,0,0,0,-1,-1,0,0,0,0,0,1,0,0,-1,0,-1,0,0,0,-1,0,0,0,0,0,0,0,0,0,0,0,0,0,0,0,0,0,0,0,0,0,0,0,0,0,0,0,0,0,0,0,0,0,0,0,0,0,0,0,0,0,0,0,0,0,0,0,0,0,0
2581,65,2,09,3,7,1,6,3,3,1,2,4,3,1,3,1,5,2,2,4,0,1,1,2,1,1,2,1,1,0,1,2,2,0,0,0,0,0,0,0,0,0,0,0,6,-1,2,0,-1,2,0,3,1,1,4,-1,-1,-1,0,0,0,0,0,6,3,7,4,5,1,1,2,3,3,4,1,5,4,3,2,2,2,0,2,0,1,1,0,0,1,0,1,3,3,0,0,0,0,0,0,0,0,0,0,5,2,5,1,2,4,0,4,4,3,1,2,1,-3,-1,0,0,0,0,0,1,4,6,0,3,1,4,7,4,2,1,2,5,0,2,0,2,1,0,1,1,2,3,4,1,0,2,4,0,1,0,0,0,0,0,0,0,0,0,0,0,0,-1,-4,1,0,0,2,-4,1,0,0,-3,0,0,0,0,0,0,0,5,2,2,2,9,1,3,3,4,2,2,1,1,0,0,1,5,0,2,2,4,1,1,1,0,0,0,0,0,0,0,0,-4,1,-1,-1,-1,2,0,-1,-3,-1,-1,0,0,0,0,0
2581,65,2,11,0,1,0,1,0,0,1,0,1,0,0,0,0,0,0,0,0,0,0,0,0,0,0,0,0,0,1,0,0,0,0,1,0,1,0,0,0,0,1,0,0,0,0,0,0,0,0,0,0,0,0,-1,0,0,0,0,1,0,0,0,1,0,0,0,0,1,0,0,0,2,1,0,0,0,0,0,0,0,0,0,1,0,0,0,2,0,0,0,0,0,0,0,0,0,0,0,0,0,0,0,0,0,0,0,-2,0,0,0,0,-2,0,0,0,0,0,0,0,0,0,0,1,0,1,0,0,0,0,1,1,1,1,0,1,0,0,0,0,0,0,0,0,0,0,0,0,0,0,1,0,1,0,0,0,0,0,0,0,0,1,0,1,0,0,-1,-1,1,0,1,0,0,0,0,-1,0,-1,0,0,0,-1,0,0,0,2,2,0,0,0,0,0,0,2,1,0,0,0,1,0,0,0,0,0,0,0,0,0,0,0,0,0,0,0,0,0,0,2,2,0,0,2,1,0,0,0,1,0,0,0,0
2581,66,1,09,3,4,1,3,5,1,3,3,3,1,2,1,1,2,3,1,3,0,1,2,0,2,1,1,1,1,1,2,2,0,0,0,0,0,0,0,0,0,0,0,2,1,-2,0,4,2,-1,0,1,2,0,2,-2,-1,2,0,0,0,0,0,2,4,3,5,5,1,5,1,4,3,0,2,2,2,2,1,2,1,3,3,1,3,0,3,1,0,2,1,1,2,1,0,0,0,0,0,0,0,0,0,1,-1,2,1,2,-1,-1,2,-1,1,1,0,0,2,1,1,0,0,0,0,6,3,3,3,3,4,4,5,1,6,3,0,2,3,2,3,3,1,0,1,1,0,4,0,2,3,3,1,1,3,0,0,0,0,0,0,1,0,0,1,2,-1,-2,2,-3,2,0,-2,3,0,0,0,0,-1,-2,0,-1,0,0,-1,7,2,3,4,2,3,3,2,2,1,1,2,4,1,2,1,0,1,1,1,2,2,2,1,1,0,0,1,0,0,0,0,5,-1,0,2,2,0,0,1,2,-1,0,0,1,0,0,1
2581,66,1,11,0,0,3,0,0,0,0,0,1,0,0,0,1,0,0,0,0,1,0,0,0,0,0,0,0,0,0,0,1,0,0,0,1,0,0,0,0,0,0,0,0,0,3,-1,0,0,0,1,0,0,0,0,1,-1,0,0,0,1,0,0,1,2,0,2,1,0,0,0,1,0,1,1,0,1,0,0,0,0,0,1,0,0,0,0,0,0,0,0,0,0,0,1,0,1,0,0,0,0,1,0,1,2,0,1,1,1,1,0,1,0,0,0,0,0,1,0,1,0,0,0,1,0,0,0,0,1,0,1,0,0,0,0,0,0,0,0,0,0,0,0,1,0,0,0,0,0,0,1,0,0,1,0,0,0,0,0,0,0,0,0,0,0,-1,0,0,-1,0,0,0,0,0,0,-1,0,0,1,0,0,0,0,0,0,0,0,0,0,1,2,0,0,0,0,0,0,0,0,0,0,1,0,0,0,0,0,0,0,0,0,0,0,0,2,0,0,-1,-2,0,0,-1,0,0,0,0,0,0,0,0,-2
2581,66,2,09,0,3,4,3,8,3,1,2,1,2,0,1,2,1,4,0,2,2,2,4,3,0,0,0,2,0,0,2,1,0,0,0,0,0,0,0,1,0,0,0,-3,2,2,2,6,-3,1,2,1,2,0,2,0,1,4,0,-1,0,0,0,2,3,3,0,2,3,2,4,1,4,0,1,3,0,1,2,2,0,0,1,0,0,2,1,2,3,2,2,0,2,0,0,0,0,0,0,0,0,0,0,-1,1,-1,-1,-2,0,1,1,-1,-1,-1,0,-2,0,-1,0,0,0,0,0,3,1,4,2,2,3,4,4,1,0,2,0,2,2,1,1,1,2,0,0,3,1,1,0,0,0,3,3,1,0,0,0,0,0,1,0,0,0,0,0,0,-3,0,1,2,-1,-1,1,2,1,1,-2,-1,-1,0,0,0,0,0,1,1,4,4,2,2,2,2,3,0,3,4,1,1,1,0,0,2,1,0,1,0,1,2,2,0,0,0,1,0,0,0,0,-1,2,2,-1,-2,2,4,0,1,0,-2,-2,0,0,0,1
2581,66,2,11,0,0,0,0,1,0,0,0,0,0,0,0,0,0,1,0,0,0,0,0,0,0,0,0,0,0,0,0,0,0,0,0,0,0,0,0,0,0,0,0,0,0,0,0,1,0,0,0,0,1,0,0,0,0,0,0,0,0,0,0,0,1,0,0,0,1,0,0,0,0,0,1,0,0,0,0,0,0,0,0,0,0,0,0,0,0,0,0,0,0,0,0,0,0,0,1,0,0,0,0,-1,1,0,0,0,0,1,0,0,0,0,0,0,0,0,-1,0,0,0,0,1,1,1,1,0,0,1,0,0,0,1,1,1,1,0,0,0,0,0,0,0,1,0,0,0,0,0,0,0,0,0,0,0,0,0,0,0,0,0,0,1,0,1,1,0,1,0,1,1,0,0,0,0,0,0,0,0,0,0,0,0,1,1,1,0,1,1,1,0,0,0,0,0,0,0,0,0,1,1,1,0,0,0,0,0,1,1,1,0,0,0,0,0,0,0,0,0,-1,-1,-1,0,0,0,0,0,1,1,1
2581,67,1,09,3,2,1,2,2,1,0,0,0,1,0,2,0,1,2,3,0,1,1,0,1,0,0,0,1,0,0,0,0,0,0,0,0,0,0,0,0,0,0,0,2,2,1,2,1,-1,2,0,1,1,3,0,1,1,0,0,0,0,0,0,3,3,2,3,2,2,2,2,2,2,2,1,0,2,2,1,2,2,0,0,1,1,2,0,1,1,1,0,1,1,0,0,0,1,0,0,0,0,1,0,1,1,0,1,0,1,0,-2,2,1,0,1,2,-1,-1,0,0,0,0,0,2,5,0,3,4,4,3,4,4,3,1,3,0,2,4,1,1,0,1,0,1,3,1,1,3,3,0,3,3,0,0,1,0,0,0,0,0,0,0,0,-2,2,-4,-1,1,0,0,-1,1,1,-2,1,-3,-2,0,0,1,0,0,0,1,3,3,2,1,1,4,0,1,1,0,1,0,2,3,1,1,1,2,0,0,0,2,0,0,0,0,0,0,0,0,0,0,2,-1,2,0,0,-2,1,0,2,1,1,0,0,0,0
2581,67,1,11,0,0,0,1,0,0,0,1,0,0,0,0,0,0,0,0,0,0,1,0,0,0,0,0,0,0,0,1,0,0,0,0,0,0,0,0,0,0,0,0,0,0,-1,1,0,0,0,0,0,0,0,0,-1,1,0,0,0,0,0,0,0,1,1,0,0,0,1,1,0,1,0,0,1,0,0,0,1,0,0,0,0,0,1,0,0,0,1,0,0,1,0,0,0,0,0,0,0,0,0,0,0,0,0,0,-1,0,0,0,0,0,0,0,0,0,-1,0,0,0,0,0,0,0,0,0,1,0,1,0,0,0,0,0,0,0,0,0,0,0,0,1,0,0,0,0,0,0,1,0,0,0,0,0,0,0,0,0,0,0,0,0,0,-1,0,0,1,0,0,0,0,0,0,-1,0,0,1,0,0,0,0,0,0,0,0,1,0,1,0,2,0,0,0,0,0,0,0,0,0,0,0,0,0,1,0,2,0,0,0,1,0,0,0,0,0,-1,0,-1,0,0,0,0,0,-1,0,-2,0,0,0,1
2581,67,2,09,2,2,2,2,0,1,2,0,0,0,2,1,1,0,0,0,1,1,1,0,1,2,0,0,0,0,0,0,0,0,0,0,0,1,0,0,0,0,0,0,1,0,2,2,0,1,-1,1,0,0,0,1,1,1,0,0,0,0,1,0,4,3,2,3,4,4,3,4,0,2,2,2,1,2,2,2,1,1,0,2,1,1,1,0,2,3,2,3,0,0,0,0,0,1,0,0,0,0,0,0,0,0,-2,3,2,1,1,0,2,0,-1,-1,-2,0,2,0,0,0,1,0,3,4,4,1,1,4,3,4,8,3,1,3,1,1,0,2,1,3,0,1,0,2,0,3,3,4,1,4,5,0,0,0,0,0,0,0,0,0,0,0,-1,1,0,-7,-2,1,1,1,-2,-3,-2,0,-1,-5,1,0,0,0,0,0,2,1,4,3,3,3,2,1,1,0,1,1,1,1,3,2,1,0,2,0,2,3,0,1,0,0,0,0,0,0,0,0,-1,-2,2,2,0,0,-1,1,-1,-2,3,1,0,0,0,0
2581,67,2,11,0,0,0,0,0,0,0,0,0,0,0,0,0,0,0,0,0,0,0,0,0,0,0,0,0,0,0,0,0,0,0,0,0,0,0,0,0,0,0,0,0,0,0,0,0,0,0,0,0,0,0,0,0,0,0,0,0,0,0,0,0,0,0,0,0,1,0,0,0,2,0,0,0,0,0,0,0,0,0,0,0,0,0,0,0,1,0,0,0,2,0,0,0,0,0,0,0,0,0,0,-1,0,0,0,-2,0,0,0,0,0,-1,0,0,0,-2,0,0,0,0,0,0,1,0,1,1,0,0,1,0,2,0,1,0,0,0,0,0,0,1,1,0,0,1,0,0,0,0,0,0,2,0,0,0,0,0,0,0,0,0,0,0,1,-1,1,-1,0,1,-1,0,0,0,0,0,1,-1,0,0,0,0,0,1,0,0,0,0,0,0,0,1,0,0,0,0,0,0,0,0,0,0,0,0,0,0,0,0,0,0,0,0,0,0,0,1,0,0,0,1,0,0,0,0,0,0,0,0,0,0,0
2581,68,1,09,0,1,1,8,3,3,1,1,1,2,0,0,1,5,2,0,1,0,2,1,2,1,0,1,2,1,0,1,0,0,0,0,0,1,0,0,0,0,0,0,-3,0,0,7,1,-2,-1,1,4,0,-1,1,-1,2,1,0,0,0,1,0,2,0,1,2,1,1,0,1,3,1,1,0,1,2,0,1,0,0,0,1,1,0,1,1,0,0,0,0,2,1,0,0,0,0,0,0,0,0,0,0,1,0,0,-1,0,0,0,0,1,0,1,0,0,-2,0,0,0,0,0,0,4,0,2,1,3,5,6,2,0,7,3,0,1,1,2,1,0,1,0,1,1,2,0,0,5,4,4,2,0,2,0,0,0,0,0,0,0,0,0,0,-1,-6,0,1,-4,2,-2,1,1,-3,-3,-4,-1,0,-1,0,0,0,0,0,6,2,3,1,3,0,3,1,5,2,2,0,1,0,0,1,2,0,1,0,1,0,2,1,0,0,1,0,0,0,0,0,3,2,0,0,3,2,1,0,0,0,-2,0,0,0,1,0
2581,68,1,11,0,0,0,0,1,0,0,0,0,1,0,0,0,0,1,0,0,0,0,0,0,0,0,0,0,0,0,0,0,1,0,0,0,0,0,0,0,0,0,0,0,0,0,0,0,0,0,0,0,1,0,0,0,0,-1,0,0,0,0,0,0,0,0,0,0,0,0,1,0,0,0,0,0,0,0,0,0,0,0,0,0,0,0,0,0,0,0,1,0,0,0,0,0,0,0,0,0,0,0,0,0,0,-1,0,0,0,0,0,0,0,0,0,-1,0,0,0,0,0,0,0,0,0,0,0,1,0,0,0,0,1,0,0,0,0,1,0,0,0,0,0,0,0,0,0,0,0,0,0,0,0,0,0,0,0,0,0,0,0,0,1,0,0,0,0,0,0,0,0,0,1,0,0,0,0,0,0,0,0,0,-1,0,0,1,0,0,0,0,1,0,0,0,0,0,0,1,0,0,0,0,0,0,0,0,1,0,0,0,0,0,0,0,0,0,0,1,-1,0,0,0,0,0,0,1,-1,0,0,0,0
2581,68,2,09,1,1,3,3,3,1,0,0,1,1,0,0,0,2,1,1,1,3,1,2,1,0,0,0,1,0,0,0,1,0,0,0,0,0,0,0,0,0,0,0,0,1,3,2,2,-1,0,0,2,0,1,1,3,0,2,0,0,0,0,0,1,4,1,5,2,0,1,2,0,6,1,2,0,1,1,0,2,1,4,1,0,0,1,0,6,0,1,1,0,0,0,0,0,0,0,0,0,0,0,0,1,3,-1,5,-4,1,2,-1,1,-5,0,1,0,4,1,0,0,0,0,0,5,3,2,0,2,1,4,0,2,6,4,1,2,0,1,1,2,0,0,1,0,4,0,1,2,1,0,0,1,4,0,0,0,0,0,0,0,0,0,0,4,-1,2,-2,-4,4,-3,2,-1,-1,0,2,0,-1,-3,0,0,0,0,0,1,5,4,5,1,0,3,5,0,4,2,3,1,1,2,2,1,0,1,1,0,0,2,4,0,0,0,0,0,0,0,0,0,5,1,0,-1,4,1,2,1,1,0,-2,0,0,0,0
2581,68,2,11,1,0,0,0,0,0,0,0,1,0,0,0,0,0,0,1,0,0,0,0,0,0,0,0,0,0,0,0,1,0,0,0,0,0,0,0,0,0,0,0,1,0,0,-1,0,0,0,0,0,0,1,0,0,-1,0,0,0,0,0,0,0,0,0,0,0,0,0,0,0,0,0,0,0,0,0,0,0,0,0,0,0,0,0,0,0,0,0,0,0,0,0,0,0,0,0,0,0,0,0,0,0,0,0,0,0,0,0,0,0,0,0,0,0,0,0,0,0,0,0,0,1,0,1,0,1,0,0,0,0,3,0,0,1,0,0,1,0,0,0,1,0,0,0,0,1,0,0,0,0,2,0,0,0,0,0,0,0,0,0,0,1,0,1,0,-2,0,0,1,0,-1,1,0,0,0,-1,0,0,0,0,0,2,3,0,0,2,0,0,1,0,0,0,0,0,1,0,0,1,0,0,1,1,0,0,0,2,2,0,0,0,0,0,0,0,3,0,-1,-1,0,0,-1,-1,1,0,0,2,2,0,0
2581,69,1,09,3,2,1,0,3,0,2,1,3,1,1,1,1,0,0,1,1,0,0,3,0,1,0,1,1,0,1,1,2,0,1,0,0,0,0,0,0,0,0,0,3,0,0,-3,2,1,0,1,-1,-1,1,0,-1,-2,3,1,0,0,0,0,6,3,2,2,6,1,1,5,1,5,3,3,2,1,4,3,0,0,1,2,0,0,1,1,2,1,1,4,0,3,0,0,0,0,0,0,0,0,0,0,5,2,-3,1,1,3,3,1,0,2,2,-1,-4,1,-1,0,0,0,0,0,2,6,3,3,3,3,0,2,6,2,2,1,1,1,2,0,5,2,2,1,0,0,1,3,1,3,0,1,3,1,0,0,0,0,0,0,0,0,0,0,-1,6,1,-3,1,2,1,0,-2,1,-3,5,1,-1,0,0,0,0,0,0,4,2,1,1,3,3,4,7,2,0,1,0,2,2,0,1,1,2,2,4,2,1,2,3,0,0,0,0,0,0,0,0,1,-1,-3,-6,1,-2,-1,-4,0,1,-2,-2,0,0,0,0
2581,69,1,11,0,1,0,0,0,0,1,0,0,0,0,0,0,0,0,0,0,0,0,0,0,1,0,0,0,0,0,0,0,0,0,1,0,0,0,0,0,0,0,0,0,0,0,0,0,0,-1,0,0,0,0,0,0,0,0,0,1,0,0,0,0,0,0,0,0,0,1,0,0,0,0,0,0,0,0,0,0,0,0,0,0,1,0,0,0,0,0,0,0,0,0,0,0,0,0,0,0,0,0,0,0,-1,0,0,0,0,-1,0,0,0,0,0,0,0,0,0,0,0,0,0,0,0,0,0,0,0,1,1,0,0,0,0,0,0,0,0,0,0,0,0,0,0,0,0,0,0,0,1,0,0,0,0,0,0,0,0,1,0,0,0,0,-1,-1,0,0,0,0,0,0,0,0,0,-1,0,0,0,-1,0,0,0,0,0,0,0,0,1,0,1,0,0,0,0,0,0,0,0,0,0,0,0,0,1,0,1,0,0,0,0,0,0,0,0,0,-1,0,-1,0,0,0,0,0,-1,0,-1,0,0,0,0
2581,69,2,09,1,2,1,1,0,0,0,0,1,1,0,2,0,1,0,1,0,1,0,0,0,0,0,0,0,0,0,0,1,1,0,0,0,0,0,0,0,0,0,0,1,2,1,0,-1,0,2,0,1,0,1,0,1,-1,-1,0,0,0,0,0,1,1,1,3,2,3,0,2,2,2,0,0,0,0,1,1,1,1,3,1,1,0,1,0,0,2,0,1,2,2,0,0,0,0,0,0,0,0,0,0,-2,1,-1,1,0,-1,0,-1,0,1,-1,1,0,1,-1,0,0,0,0,0,1,2,2,3,2,0,3,2,2,4,1,1,1,1,1,0,1,1,1,1,0,2,1,0,0,0,1,1,2,4,0,0,0,1,0,0,0,0,0,0,1,-1,0,1,-2,1,-1,0,1,1,0,0,0,-1,-3,0,0,0,1,0,6,2,0,1,2,1,1,0,5,0,0,0,1,2,0,1,0,1,0,0,2,0,1,0,0,0,0,0,0,0,0,0,4,1,-1,1,5,-1,0,0,-1,2,-1,1,0,0,0,0
2581,69,2,11,0,1,0,0,1,0,0,0,1,1,0,0,0,0,1,0,1,0,0,0,0,0,0,0,0,0,0,0,1,1,0,0,0,0,0,0,0,0,0,0,0,1,0,-1,0,0,0,0,0,1,0,1,0,-1,-1,0,0,0,0,0,0,0,0,0,0,0,0,1,0,0,0,0,0,0,0,0,0,0,0,0,0,0,0,0,0,0,0,0,0,0,0,0,0,0,0,0,0,1,0,0,0,0,-1,0,0,0,0,0,0,0,0,0,0,0,0,0,0,-1,0,0,1,0,1,1,2,0,1,1,1,1,0,0,1,1,0,1,0,0,0,2,0,0,0,1,0,0,1,1,0,0,0,0,0,0,0,0,0,0,0,1,1,-1,0,0,1,0,0,1,0,0,1,-1,-1,0,2,0,0,0,0,-1,2,0,0,0,0,0,0,0,1,0,0,0,1,0,0,0,0,0,0,0,0,0,0,0,0,0,0,0,0,0,0,0,2,0,0,0,1,0,0,0,1,0,0,0,0,0,0,0
2581,70,1,09,0,1,4,1,0,1,2,1,2,3,0,1,1,1,0,0,0,3,0,0,1,1,1,0,3,0,1,0,1,0,0,0,0,0,0,0,0,0,1,0,-1,-1,3,-1,-3,-1,0,0,1,-3,0,-1,3,-1,0,0,0,0,-1,0,0,3,0,1,3,2,2,1,1,1,0,3,0,1,1,0,0,0,0,2,0,1,1,0,1,2,1,0,1,0,0,0,0,0,0,0,0,0,0,0,-2,1,-1,0,2,0,2,-1,1,0,-2,-1,0,-1,2,0,0,0,0,0,4,0,1,1,3,3,3,2,2,2,2,0,0,1,3,2,0,0,0,0,2,2,0,2,2,1,1,2,0,0,0,0,1,0,0,0,0,0,0,0,1,-3,-1,-1,1,0,-2,0,-1,1,1,-1,-2,0,0,0,0,1,0,0,5,2,1,1,5,4,1,3,2,1,1,1,3,1,0,0,1,2,1,1,4,2,0,2,0,0,0,0,0,0,0,0,0,-2,0,-2,1,-1,0,0,-1,-1,0,-2,0,0,0,0
2581,70,1,11,0,0,0,0,0,0,0,1,0,0,0,0,0,0,0,0,0,0,0,0,0,0,0,0,0,0,0,1,0,0,0,0,0,0,0,0,0,0,0,0,0,0,-1,0,0,0,0,0,0,0,0,0,-1,0,0,0,0,0,0,0,0,0,0,0,1,0,0,0,0,0,0,0,0,0,1,0,0,0,0,0,0,0,0,0,0,0,0,0,0,0,0,0,0,0,0,0,0,0,0,0,0,0,0,0,1,0,0,0,0,1,0,0,0,0,0,0,0,0,0,0,0,1,1,0,0,0,0,1,0,1,0,0,0,0,0,0,0,0,0,0,0,0,0,0,0,0,0,1,0,1,0,1,1,0,0,0,0,0,0,0,0,1,0,0,-1,0,0,0,0,0,0,0,-1,0,-1,0,1,1,0,0,0,0,0,0,0,0,0,0,0,0,0,0,0,0,0,0,0,0,0,0,0,0,0,0,0,0,0,0,0,0,0,0,0,0,0,0,0,0,0,0,0,0,0,0,0,0,0,0
2581,70,2,09,1,4,2,4,2,2,1,1,1,1,1,3,1,3,1,0,1,1,1,1,0,1,0,0,1,2,0,1,1,0,0,0,0,0,0,0,0,0,0,0,-1,3,1,3,1,1,2,1,3,0,-2,1,0,0,1,0,0,0,0,0,3,2,2,2,3,2,1,3,0,2,2,2,2,1,0,1,0,0,1,2,0,0,2,0,2,2,1,1,0,0,0,0,0,0,1,0,0,0,0,0,1,1,-1,2,1,2,2,0,1,-2,-1,-1,-1,1,2,0,0,0,0,1,2,6,1,1,1,4,2,1,1,4,1,4,0,0,1,1,2,1,1,0,1,0,0,0,0,3,2,1,0,4,0,0,0,0,0,0,0,0,1,0,-2,4,0,0,-3,0,4,0,0,1,-2,0,0,1,-4,0,0,0,-1,0,4,4,1,1,1,0,1,1,2,1,0,0,2,3,1,1,0,0,0,0,1,0,1,1,0,0,0,0,0,0,0,0,3,4,0,0,2,1,0,0,1,3,0,0,0,0,0,0
2581,70,2,11,2,0,0,0,0,0,0,1,0,0,0,0,0,0,0,2,0,0,0,0,0,0,0,0,0,0,0,1,0,0,0,0,0,0,0,0,0,0,0,0,2,0,-1,0,0,0,0,0,0,0,2,0,-1,0,0,0,0,0,0,0,0,2,0,0,0,0,0,0,0,0,0,1,0,0,0,0,1,0,0,0,0,0,0,0,0,0,0,0,0,0,0,0,0,0,0,0,0,0,0,0,0,2,0,0,0,0,1,0,0,0,0,1,0,0,0,0,0,0,0,0,1,1,0,1,1,0,0,0,0,2,0,0,0,0,1,1,0,0,0,0,0,0,0,0,1,0,0,0,0,0,0,1,0,1,0,0,0,0,0,1,1,1,0,1,-1,0,0,0,0,0,1,0,0,0,0,0,1,0,1,-1,2,0,0,0,1,0,0,1,1,0,0,0,1,0,0,0,0,0,0,0,0,0,0,0,0,0,0,0,1,0,0,1,1,0,0,-1,1,0,0,0,1,0,0,0,-1,0,0,-1
2581,71,1,09,0,1,0,0,3,2,0,1,4,0,0,0,0,0,2,0,1,0,0,1,1,0,0,2,0,1,0,1,2,0,0,0,0,0,0,0,0,0,0,0,-2,1,-1,-4,3,-1,0,0,-2,2,-1,1,-1,-2,1,0,0,0,0,0,2,0,1,3,2,0,1,3,3,0,2,0,0,2,1,0,0,1,1,1,0,1,2,2,0,0,0,1,1,0,0,0,0,0,0,0,0,0,0,0,2,-1,-2,0,2,2,-1,-2,0,1,0,0,0,0,1,0,0,0,0,0,0,5,2,3,3,2,2,4,4,3,0,2,2,2,2,0,3,0,1,1,1,2,1,1,0,1,0,3,3,3,0,0,0,0,0,0,0,0,0,0,-2,3,-2,-1,0,-1,0,1,1,2,-1,3,-3,-2,-2,0,0,0,0,0,2,2,4,0,5,0,3,2,2,0,2,0,0,2,2,0,4,0,2,1,1,0,1,1,0,0,0,0,0,0,0,0,-3,2,1,-2,-2,0,0,-1,-1,2,1,-1,0,0,0,0
2581,71,1,11,0,0,0,0,0,0,0,1,0,0,0,0,0,0,0,0,0,0,0,0,0,0,0,0,0,0,0,1,0,0,0,0,0,0,0,0,0,0,0,0,0,0,-1,0,0,0,0,0,0,0,0,0,-1,0,0,0,0,0,0,0,0,0,0,0,0,0,0,1,0,0,0,0,0,0,0,0,0,0,0,0,0,0,0,0,0,0,0,0,0,0,0,0,0,0,0,0,0,1,0,0,0,0,-1,0,0,0,0,0,0,0,0,0,0,0,0,0,0,-1,0,0,0,0,0,0,1,1,0,0,1,0,0,0,0,0,1,0,0,0,0,0,1,0,0,0,0,0,0,0,0,0,0,0,0,0,0,0,0,0,1,0,-1,0,0,-1,1,-1,0,0,0,1,0,0,0,0,0,0,0,0,-1,0,0,0,0,0,0,0,0,0,0,0,0,0,0,0,0,0,0,0,0,0,0,0,0,0,0,0,0,0,0,0,0,0,0,0,0,0,0,0,0,0,0,0,0,0,0,0,0,0
2581,71,2,09,3,0,2,1,5,1,1,2,1,0,1,0,1,0,5,2,0,1,1,0,1,1,1,1,0,0,0,1,0,0,0,0,0,0,0,0,0,0,0,0,2,-1,0,0,5,0,-1,0,-1,5,2,0,0,1,0,0,0,0,0,0,3,0,3,0,1,0,2,0,1,0,1,0,3,0,1,2,0,0,0,0,0,1,0,0,0,0,1,0,1,0,0,0,0,0,0,0,0,0,0,0,3,-2,3,-1,1,1,-1,3,0,1,2,-1,0,-1,0,0,0,0,0,0,7,0,3,3,1,1,0,5,1,2,6,0,2,1,0,1,0,1,2,1,0,0,1,0,1,1,0,4,1,1,0,0,0,0,0,0,0,0,0,0,6,0,-2,2,-1,6,0,1,1,-1,0,0,-3,1,0,0,0,0,0,0,2,2,2,2,1,2,2,2,2,1,2,1,0,1,0,1,0,2,2,0,1,0,0,2,0,0,0,0,0,0,0,0,1,0,0,0,2,-1,0,1,-1,1,0,-1,0,0,0,0
2581,71,2,11,0,0,0,0,1,0,1,0,0,0,0,0,0,0,0,0,0,0,0,1,0,0,0,0,0,0,1,0,0,0,0,0,0,0,0,0,0,0,0,0,0,-1,0,0,1,0,0,0,0,0,0,-1,0,0,1,0,0,0,0,0,0,0,0,0,1,1,0,0,0,0,0,0,0,0,0,0,0,0,0,0,1,0,0,0,0,0,0,0,0,0,0,0,0,0,1,0,0,0,0,0,-1,0,0,0,1,-1,0,0,0,0,0,0,0,0,0,0,0,0,0,1,0,0,1,0,0,0,1,1,1,0,0,0,1,0,0,0,0,0,0,0,0,1,0,0,0,0,0,1,1,0,0,0,0,0,0,0,0,0,0,0,0,-1,0,-1,0,0,-1,1,0,0,0,0,-1,-1,0,0,0,0,0,0,1,0,1,1,0,2,0,0,1,0,0,0,0,0,1,0,0,1,0,0,0,1,0,0,0,0,0,1,0,0,0,0,1,-2,1,1,1,-1,0,0,0,-1,1,0,0,0,0,1
2581,72,1,09,1,2,3,1,2,0,1,2,1,1,1,2,1,0,2,0,0,2,0,0,0,1,1,0,1,0,0,1,1,0,0,0,0,1,0,0,0,0,0,0,1,1,1,0,1,1,1,0,0,1,0,0,1,-1,0,0,0,0,1,0,1,0,1,0,3,0,2,3,0,1,0,0,1,0,1,1,0,0,0,2,0,0,2,0,0,0,2,1,0,1,0,0,0,0,0,0,0,0,0,0,1,-2,-2,0,2,0,0,-1,0,1,1,-2,-1,0,1,0,0,0,0,0,1,0,2,3,0,1,2,2,1,3,0,0,2,3,0,1,0,0,0,0,1,0,0,1,2,0,2,2,0,1,0,0,0,0,0,0,0,0,0,0,0,-2,0,2,-3,-1,0,2,2,-2,1,-2,-2,0,-1,0,0,0,0,0,6,3,1,1,1,2,5,3,4,1,0,0,2,2,1,1,0,0,2,2,1,2,3,1,0,0,0,0,0,0,0,0,5,1,-4,-2,4,1,-2,-2,1,0,-2,0,0,0,0,0
2581,72,1,11,0,0,1,0,0,0,0,0,1,0,0,0,1,0,0,0,0,0,0,0,0,0,0,0,0,0,0,0,0,0,0,0,0,0,0,0,0,0,1,0,0,0,1,-1,0,0,0,1,0,0,0,0,0,0,0,0,0,0,-1,0,0,0,0,0,0,0,1,0,0,0,0,0,0,0,0,0,0,0,0,0,0,0,0,0,0,0,0,0,0,0,0,0,0,0,0,0,1,0,0,0,0,-1,0,0,0,0,0,0,0,0,0,0,0,0,0,0,-1,0,0,0,0,1,0,0,1,0,0,0,1,0,0,1,0,0,0,0,0,0,0,1,0,0,0,0,0,0,0,0,1,0,0,0,0,0,0,0,0,0,0,0,0,1,0,-1,1,0,1,0,0,0,0,0,0,-1,1,0,0,0,0,0,0,0,0,0,0,0,0,0,0,0,0,0,0,0,0,0,0,0,0,0,0,0,0,0,0,0,0,0,0,0,0,0,0,0,0,0,0,0,0,0,0,0,0,0,0,0,0,0
2581,72,2,09,3,5,3,1,1,1,0,2,1,1,2,3,3,1,1,1,2,0,0,0,0,0,2,0,1,1,0,0,1,0,0,0,0,0,0,0,0,0,0,0,2,5,1,0,0,2,3,1,1,0,0,2,0,-1,0,0,0,0,0,0,2,2,1,1,0,3,0,0,3,0,1,1,1,0,0,1,1,0,1,0,3,0,0,2,0,0,0,0,1,0,0,0,0,0,0,0,0,0,0,0,-1,2,1,-2,0,-2,1,1,-2,0,1,1,0,0,0,0,0,0,0,0,2,3,2,3,0,1,1,2,0,3,1,0,1,1,0,1,3,1,2,0,1,0,1,0,2,0,1,1,0,1,0,0,0,0,0,0,0,0,0,0,1,2,0,3,-3,0,0,0,1,-2,1,2,0,2,-1,0,0,0,0,0,5,3,2,0,3,3,2,2,2,1,2,0,3,2,0,0,0,1,1,2,3,2,0,0,0,0,0,0,0,0,1,0,2,0,0,-2,2,0,1,-2,0,0,0,0,0,0,-1,0
2581,72,2,11,0,0,0,0,1,0,0,0,0,0,0,0,0,0,1,0,0,0,0,0,0,0,0,0,0,0,0,0,0,0,0,0,0,0,0,0,0,0,0,0,0,0,0,0,1,0,0,0,0,1,0,0,0,0,0,0,0,0,0,0,0,0,0,0,0,0,0,0,2,0,0,0,0,0,0,0,0,0,0,0,0,0,0,1,0,0,0,0,0,0,0,0,0,0,0,0,0,0,1,0,0,0,0,-2,0,0,0,0,-1,0,0,0,0,0,0,0,0,0,-1,0,0,1,0,0,1,0,0,0,0,0,0,0,0,0,0,0,0,0,0,1,0,0,0,0,0,0,0,0,0,0,0,1,0,0,0,0,0,0,0,0,0,1,0,0,1,0,0,0,0,0,0,0,0,0,1,0,1,0,0,0,0,0,2,0,0,1,0,1,0,0,2,0,0,0,0,0,0,1,0,1,0,0,0,0,0,0,0,0,0,0,0,0,0,-1,2,-1,0,-1,2,-1,0,0,0,0,0,0,0,0
2581,73,1,09,2,3,1,1,0,2,1,1,2,2,1,3,1,1,0,1,0,0,0,0,1,1,1,1,2,1,0,0,0,0,0,0,0,0,0,0,0,0,1,0,0,2,0,-1,-2,0,2,0,0,-2,0,0,0,0,0,0,0,0,-1,0,1,1,1,1,1,0,1,3,1,1,1,1,1,0,1,0,0,0,1,0,0,1,1,1,1,0,0,2,0,0,0,0,0,0,0,0,0,0,0,0,1,0,-2,0,0,1,0,0,-1,0,0,0,-2,1,0,0,0,0,0,0,5,0,0,1,2,1,1,0,1,3,4,0,0,0,1,1,0,0,1,1,0,0,0,1,1,1,1,0,0,2,0,0,0,0,0,0,0,0,0,0,4,-1,0,0,-1,4,0,0,-1,0,0,-1,0,1,-1,0,0,0,0,0,2,2,1,1,1,0,1,2,1,0,1,0,1,2,0,1,0,0,0,0,1,0,1,2,0,0,0,0,0,0,0,0,1,2,0,-1,1,0,1,0,0,2,-1,-1,0,0,0,0
2581,73,1,11,0,0,0,0,0,0,0,0,0,1,0,0,0,0,0,0,0,0,0,0,0,0,0,0,0,0,0,0,0,1,0,0,0,0,0,0,0,0,0,0,0,0,0,0,-1,0,0,0,0,0,0,0,0,0,-1,0,0,0,0,0,0,0,0,0,0,0,0,0,0,1,0,0,0,0,0,0,0,0,0,0,0,0,0,0,0,0,0,0,0,1,0,0,0,0,0,0,0,0,0,0,0,0,0,0,-1,0,0,0,0,0,0,0,0,0,-1,0,0,0,0,0,1,0,0,0,0,0,0,0,0,0,1,0,0,0,0,0,0,0,0,0,0,0,0,0,0,0,0,0,0,0,0,0,0,0,0,0,0,0,0,0,1,0,0,0,0,1,0,0,0,0,0,0,0,0,0,0,0,0,0,0,0,0,0,0,0,0,0,0,0,0,0,0,0,0,0,0,0,0,0,0,0,0,0,0,0,0,0,0,0,0,0,0,0,0,0,0,0,0,0,0,0,0,0,0,0,0,0,0
2581,73,2,09,0,3,1,0,0,1,3,0,1,0,0,2,1,0,0,0,1,0,0,0,0,1,0,0,0,1,2,0,1,0,0,0,0,0,0,0,0,0,0,0,-1,0,1,-1,0,0,1,1,0,0,-1,-1,0,-1,0,0,0,0,0,0,3,1,1,2,1,1,3,0,0,2,1,1,1,0,0,2,0,0,2,1,1,2,0,0,2,0,1,0,0,0,0,0,0,0,0,0,0,0,0,0,2,-2,1,2,-1,0,-1,1,0,-2,2,-1,0,2,1,0,0,0,0,0,2,1,3,1,1,1,4,3,3,1,1,1,3,0,0,1,0,0,1,1,0,3,1,2,0,1,1,2,1,1,0,0,0,0,0,0,0,0,0,0,1,-3,0,-2,0,1,-2,2,-2,0,0,-1,-2,0,0,0,0,0,0,0,1,1,2,0,2,1,0,2,0,0,1,0,1,1,1,0,0,0,0,0,2,1,0,2,0,0,0,0,0,0,0,0,-1,0,2,-2,0,0,1,0,-1,0,1,-2,0,0,0,0
2581,73,2,11,0,0,0,0,0,0,0,0,1,0,0,0,0,0,0,0,0,0,0,0,0,0,0,0,0,0,0,0,1,0,0,0,0,0,0,0,0,0,0,0,0,0,0,-1,0,0,0,0,0,0,0,0,0,-1,0,0,0,0,0,0,0,0,0,1,0,0,0,0,0,0,0,0,0,0,0,0,0,0,1,0,0,0,0,0,0,0,0,0,0,0,0,0,0,0,0,0,0,0,0,0,0,0,0,1,0,0,0,0,0,0,0,0,0,1,0,0,0,0,0,0,1,0,0,0,0,0,0,0,0,0,1,0,0,0,0,0,0,0,0,0,0,0,0,0,0,0,0,0,0,0,0,0,0,0,0,0,0,0,0,0,1,0,0,0,0,1,0,0,0,0,0,0,0,0,0,0,0,0,0,0,0,0,1,0,0,0,0,1,0,0,1,0,0,0,0,0,0,0,0,0,0,0,0,0,0,0,0,0,0,0,0,1,0,0,1,-1,0,0,1,0,0,0,0,0,0,0,0,-1
2581,74,1,09,1,3,1,0,2,1,4,0,1,1,0,0,1,0,1,1,3,0,0,0,0,1,0,1,1,1,3,0,0,0,0,0,0,0,1,0,0,0,0,0,0,-1,1,-1,1,0,-1,1,-1,0,0,0,0,0,0,0,0,0,0,1,0,2,1,2,5,1,1,3,1,1,0,0,1,1,4,0,2,0,1,1,1,0,3,0,1,0,1,0,1,0,0,0,0,0,0,0,0,0,0,0,-1,1,-2,1,4,-1,0,-2,1,3,0,1,0,0,1,0,0,0,0,0,1,2,1,0,2,0,5,1,4,0,0,1,1,0,1,1,1,0,0,1,0,1,0,2,0,0,4,1,2,0,0,0,0,0,0,0,0,0,0,0,1,-3,0,-4,2,0,0,1,-2,1,1,-3,-1,-2,1,0,0,0,0,0,4,1,2,3,2,1,4,0,3,0,1,1,1,1,1,2,1,1,3,0,1,0,1,0,0,0,0,0,0,0,0,0,2,0,-2,3,2,-1,-2,1,0,1,0,2,0,0,0,0
2581,74,1,11,0,0,0,0,0,0,0,0,0,1,0,0,0,0,0,0,0,0,0,0,0,0,0,0,0,0,0,0,0,0,0,0,0,0,0,0,0,0,0,1,0,0,0,0,-1,0,0,0,0,0,0,0,0,0,0,0,0,0,0,-1,0,1,0,0,1,0,1,0,0,0,0,0,0,0,0,0,0,0,0,1,0,0,0,0,0,0,0,0,0,0,0,1,0,0,0,0,1,0,0,0,0,0,0,0,1,0,0,0,0,0,0,0,0,0,1,0,0,0,0,0,0,0,0,1,0,1,0,0,0,1,0,0,0,0,0,0,0,0,1,0,0,0,0,0,0,0,0,0,0,1,0,0,0,0,0,1,0,0,0,0,-1,0,0,1,-1,0,0,0,0,0,0,0,0,1,-1,-1,0,0,0,0,0,2,0,0,0,0,0,0,0,0,0,0,0,2,0,0,0,0,0,0,0,0,0,0,0,0,0,0,0,0,0,0,0,2,0,0,0,0,0,0,0,2,0,0,0,0,0,0
2581,74,2,09,1,0,2,1,0,0,2,0,1,2,1,0,0,0,0,0,0,2,1,0,0,0,0,0,2,0,2,0,1,0,0,0,0,0,0,0,0,0,0,0,1,-2,2,0,-2,1,0,0,0,-2,0,-2,2,0,0,0,0,0,0,0,1,2,1,0,1,1,0,3,0,0,0,2,1,0,0,1,0,0,0,1,0,0,2,0,0,1,0,1,0,0,0,0,0,0,0,0,0,0,0,0,0,2,-2,0,1,0,2,-1,0,0,0,0,-1,0,1,0,0,0,0,0,1,3,3,1,1,1,1,2,2,5,1,2,2,0,0,0,1,1,1,1,1,1,0,2,1,0,0,2,0,4,0,0,0,0,0,0,0,0,0,0,0,2,1,-1,-4,0,1,2,-2,-1,0,1,-1,1,-3,0,0,0,0,0,3,2,0,1,0,2,4,2,1,1,0,0,2,1,0,1,0,1,1,1,0,1,3,1,0,0,0,0,0,0,0,0,3,0,-4,-1,1,0,-1,-1,2,0,-3,0,0,0,0,0
2581,74,2,11,0,0,0,0,0,0,0,0,0,0,0,0,0,0,0,0,0,0,0,0,0,0,0,0,0,0,0,0,0,0,0,0,0,0,0,0,0,0,0,0,0,0,0,0,0,0,0,0,0,0,0,0,0,0,0,0,0,0,0,0,0,0,0,0,1,1,0,0,0,0,0,0,0,0,1,0,0,0,0,0,0,0,0,0,0,1,0,0,0,0,0,0,0,0,0,0,0,0,0,0,-1,0,0,0,1,0,0,0,0,1,-1,0,0,0,0,0,0,0,0,0,0,0,0,0,0,0,0,0,0,1,0,0,0,0,0,0,0,0,0,0,0,0,0,0,1,0,0,0,0,0,0,0,0,0,0,0,0,0,0,0,0,0,0,0,-1,0,0,0,0,-1,0,0,0,0,0,0,0,0,0,0,0,0,0,0,1,0,2,0,0,0,0,0,0,0,0,0,0,0,1,0,1,0,1,0,0,0,0,0,0,0,0,0,-1,0,-2,0,0,0,-1,0,-1,0,-1,0,0,0,0,0
2581,75,1,09,3,2,5,2,0,1,2,3,0,1,2,1,1,2,0,1,1,4,0,0,1,1,0,0,1,0,1,3,0,0,0,0,0,0,0,0,0,0,0,0,2,0,2,2,-1,1,0,1,2,-1,1,0,1,0,0,0,0,0,0,0,2,1,2,0,0,2,0,1,0,1,0,1,1,0,0,2,0,1,0,0,1,0,0,0,1,1,0,1,0,0,0,0,0,0,0,0,0,0,0,0,0,1,1,0,-1,-1,1,1,0,-1,1,0,0,0,0,0,0,0,0,0,1,3,2,1,1,0,1,1,2,0,1,3,2,0,0,0,0,0,1,0,0,1,1,1,0,0,0,0,1,0,0,0,0,0,1,0,0,0,0,0,1,2,1,-1,1,1,2,1,-1,0,0,0,0,0,0,0,0,0,0,1,2,1,3,2,0,2,2,3,2,0,2,1,0,1,1,0,0,1,1,0,0,1,1,2,0,0,0,1,0,0,0,1,2,-1,1,-1,2,-1,1,1,0,0,0,-2,0,0,0,0
2581,75,1,11,0,0,0,0,0,0,0,0,1,0,0,0,0,0,0,0,0,0,0,0,0,0,0,0,0,0,0,0,1,0,0,0,0,0,0,0,0,0,0,0,0,0,0,-1,0,0,0,0,0,0,0,0,0,-1,0,0,0,0,0,0,0,0,0,0,0,0,0,1,0,0,0,0,0,0,0,0,0,0,0,0,0,0,0,0,0,0,0,0,0,0,0,0,0,0,0,0,0,1,0,0,0,0,-1,0,0,0,0,0,0,0,0,0,0,0,0,0,0,-1,0,0,0,0,0,0,0,0,0,1,0,2,0,0,0,0,0,0,0,0,0,0,0,0,0,0,0,0,0,1,0,1,0,0,0,0,0,0,0,0,0,1,0,0,-1,0,-2,0,0,0,0,0,0,0,-1,0,-1,0,0,0,0,-1,0,0,0,0,0,0,2,0,0,0,0,0,0,0,0,0,0,0,0,0,0,0,2,0,0,0,0,0,0,0,0,0,0,0,-2,0,0,0,0,0,0,0,-2,0,0,0,0,0
2581,75,2,09,2,0,3,0,4,0,0,1,2,1,0,0,2,0,2,1,0,1,0,2,0,0,1,2,0,0,0,0,0,1,1,0,0,0,0,0,0,0,0,0,2,0,2,-2,3,0,0,1,-2,2,1,0,1,0,1,1,0,0,0,0,2,5,1,0,0,1,0,2,0,1,1,1,0,0,0,1,3,1,0,0,0,0,1,0,0,1,0,1,0,1,0,1,0,0,0,0,0,0,0,0,1,5,-1,0,-1,1,1,-1,0,0,0,3,0,0,-1,0,1,0,0,0,1,1,2,0,3,1,2,2,1,3,0,0,2,0,3,1,1,0,0,0,0,2,1,0,2,1,0,1,1,1,0,0,0,0,0,0,0,0,0,0,0,-1,0,-1,0,0,-2,1,0,1,0,1,-1,-1,-1,0,0,0,0,0,2,1,2,2,1,2,2,4,1,0,2,2,1,1,0,0,0,0,1,0,1,2,1,4,0,0,0,0,0,0,0,0,1,-1,0,-2,1,0,1,2,0,-1,-1,-4,0,0,0,0
2581,75,2,11,0,0,0,0,1,0,0,0,0,0,0,0,0,0,0,0,0,0,0,1,0,0,0,0,0,0,0,0,0,0,0,0,0,0,0,0,0,0,0,0,0,0,0,0,1,0,0,0,0,0,0,0,0,0,1,0,0,0,0,0,1,0,0,1,0,0,0,0,0,0,0,0,0,0,0,0,0,0,1,0,0,0,0,0,0,0,0,0,0,0,1,0,0,0,0,0,0,0,0,0,1,0,0,1,0,0,0,0,0,0,0,0,0,1,0,1,0,0,0,0,0,0,0,0,0,0,0,0,0,0,0,0,0,0,0,0,0,0,0,0,0,0,0,0,0,0,0,0,0,0,0,0,0,0,0,0,0,0,0,0,0,0,0,0,0,0,0,0,0,0,0,0,0,0,0,0,0,0,0,0,0,0,1,0,0,0,1,0,0,0,1,0,0,0,0,0,0,0,1,0,0,0,0,0,0,0,0,0,0,0,0,0,0,0,0,0,0,0,0,0,0,0,0,0,0,0,0,0
2581,76,1,09,1,0,0,2,2,0,0,1,0,2,1,0,0,1,0,0,0,0,1,2,0,0,1,0,1,0,0,0,0,1,0,0,0,0,0,0,0,0,0,0,1,0,-1,2,0,1,0,-1,1,-1,0,0,0,1,1,0,0,0,0,0,2,2,0,1,0,1,1,1,0,0,2,0,0,0,0,0,2,0,1,0,1,0,0,0,0,0,1,1,0,0,0,0,0,0,0,0,0,0,0,0,1,1,-1,1,0,1,0,0,0,0,0,1,-1,1,0,0,0,0,0,0,1,2,1,1,1,0,0,0,2,3,1,0,0,0,0,0,2,0,1,1,0,0,0,1,1,0,0,0,1,2,0,0,1,0,0,0,0,0,0,0,1,2,1,-1,-2,1,0,0,-1,-1,0,2,0,0,-1,0,0,1,0,0,0,1,2,4,0,2,0,2,0,1,1,1,0,0,1,3,0,1,0,0,0,1,0,2,0,0,0,0,0,0,0,0,0,-1,2,2,0,0,1,1,0,-1,1,1,0,0,0,0
2581,76,1,11,0,0,0,0,0,0,0,0,0,0,0,0,0,0,0,0,0,0,0,0,0,0,0,0,0,0,0,0,0,0,0,0,0,0,0,0,0,0,0,0,0,0,0,0,0,0,0,0,0,0,0,0,0,0,0,0,0,0,0,0,0,0,0,0,0,0,0,0,0,0,0,0,0,0,0,0,0,0,0,0,0,0,0,0,0,0,0,0,0,0,0,0,0,0,0,0,0,0,0,0,0,0,0,0,0,0,0,0,0,0,0,0,0,0,0,0,0,0,0,0,0,0,0,1,0,0,0,0,0,1,0,0,0,0,0,0,0,0,1,0,0,0,0,0,0,0,0,0,0,1,0,0,0,0,0,0,0,0,0,0,0,0,0,1,-1,0,0,0,0,0,0,0,0,1,-1,0,0,0,0,0,0,1,0,0,0,0,0,0,0,0,0,0,0,0,0,0,0,0,0,0,0,0,0,0,0,1,0,0,0,0,0,0,0,1,0,0,0,0,0,0,0,0,0,0,0,1,0,0
2581,76,2,09,1,3,2,1,1,2,2,2,0,2,1,1,0,0,0,0,2,2,1,1,0,0,0,0,1,2,2,2,0,1,0,0,0,0,0,0,0,0,0,0,-1,1,0,1,-1,1,1,0,0,-1,-2,0,0,1,0,0,0,0,0,0,1,4,1,0,2,2,2,2,1,0,1,3,1,0,2,0,1,0,0,0,2,1,2,0,0,0,1,0,1,0,0,0,0,0,0,0,0,0,0,0,-1,2,-1,-1,2,-1,2,-1,0,2,0,0,0,-1,0,0,0,0,0,0,0,1,1,3,2,2,0,1,2,2,0,1,1,1,0,0,0,0,2,2,1,0,1,0,1,1,0,0,2,1,0,0,0,0,0,0,0,0,0,0,-2,1,0,1,0,-1,1,0,1,-1,-1,0,0,0,1,0,0,0,0,0,0,1,3,1,1,0,6,2,0,0,2,1,0,1,1,0,1,0,2,2,0,0,4,0,0,0,0,0,0,0,0,0,-1,1,-3,-1,-1,0,0,-1,0,1,-3,0,0,0,0,0
2581,76,2,11,0,0,0,0,0,0,0,0,0,0,0,0,0,0,0,0,0,0,0,0,0,0,0,0,0,0,0,0,0,0,0,0,0,0,0,0,0,0,0,0,0,0,0,0,0,0,0,0,0,0,0,0,0,0,0,0,0,0,0,0,0,0,0,0,0,0,0,0,0,0,0,0,0,0,0,0,0,0,0,0,0,0,0,0,0,0,0,0,0,0,0,0,0,0,0,0,0,0,0,0,0,0,0,0,0,0,0,0,0,0,0,0,0,0,0,0,0,0,0,0,0,0,0,0,0,0,0,0,0,0,0,0,0,0,0,0,0,0,0,0,0,0,0,0,0,0,0,0,0,0,0,0,0,0,0,0,0,0,0,0,0,0,0,0,0,0,0,0,0,0,0,0,0,0,0,0,0,0,0,0,0,0,0,1,0,1,0,0,0,0,0,0,0,0,0,1,0,1,0,0,0,0,0,0,0,0,0,0,0,0,0,0,0,-1,0,1,0,-1,0,0,0,0,0,1,0,0,0,0
2581,77,1,09,3,0,1,0,0,1,1,0,0,1,2,0,0,0,0,1,0,1,0,0,1,1,0,0,0,0,0,0,0,1,0,0,0,0,0,0,0,0,0,0,2,-1,1,0,-1,1,-1,0,0,0,1,0,1,0,-1,0,0,0,0,0,2,3,0,0,1,2,1,0,1,1,1,1,0,0,1,1,2,0,0,0,1,0,0,0,0,1,1,0,1,1,0,0,0,0,0,0,0,0,0,0,0,2,0,-1,0,0,1,0,0,1,0,1,0,-1,-1,0,0,0,0,0,0,1,1,2,0,0,2,1,0,0,0,1,1,1,0,0,0,0,1,0,0,0,0,0,0,0,2,1,0,0,0,0,0,0,0,0,0,0,0,0,0,-1,0,2,0,0,1,1,1,0,0,-2,-1,1,0,0,0,0,0,0,1,1,2,0,1,0,6,3,1,0,2,0,0,1,0,0,1,0,4,0,0,0,2,3,0,0,0,0,0,0,0,0,0,1,-4,-3,0,0,-2,0,0,1,-2,-3,0,0,0,0
2581,77,1,11,1,0,0,0,0,0,0,0,0,0,1,0,0,0,0,0,0,0,0,0,0,0,0,0,0,0,0,0,0,0,0,0,0,0,0,0,0,0,0,0,1,0,0,0,0,1,0,0,0,0,0,0,0,0,0,0,0,0,0,0,0,0,0,0,0,0,0,0,0,0,0,0,0,0,0,0,0,0,0,0,0,0,0,0,0,0,0,0,0,0,0,0,0,0,0,0,0,0,0,0,0,0,0,0,0,0,0,0,0,0,0,0,0,0,0,0,0,0,0,0,0,0,0,0,0,0,0,1,0,0,0,0,0,0,0,0,0,0,0,0,0,0,0,0,0,0,0,1,0,0,0,0,0,0,0,0,0,0,0,0,0,0,-1,0,0,0,0,0,0,0,0,0,-1,0,0,0,0,0,0,0,0,0,0,0,0,0,0,0,0,0,0,0,0,0,0,0,0,0,0,0,0,0,0,0,0,0,0,0,0,0,0,0,0,0,0,0,0,0,0,0,0,0,0,0,0,0,0,0
2581,77,2,09,2,1,0,1,0,1,0,1,2,2,2,1,0,0,0,0,0,0,1,0,0,0,1,0,1,1,0,0,2,1,0,0,0,0,0,0,0,0,0,0,1,1,-1,-1,-2,2,1,-1,0,-1,-1,0,0,-1,-1,0,0,0,0,0,0,1,1,0,1,1,0,0,0,0,0,1,1,0,1,0,0,0,0,0,0,0,0,0,0,1,0,0,0,0,0,0,0,0,0,0,0,0,0,0,-1,1,1,0,1,0,1,1,0,1,-1,0,0,0,0,0,0,0,0,0,5,2,2,1,5,1,1,1,0,0,3,0,0,1,1,2,2,1,0,4,1,0,0,0,0,0,1,1,0,0,0,0,1,0,0,0,0,0,0,0,4,1,1,1,5,2,0,0,1,1,2,1,0,0,4,0,0,1,0,0,1,4,1,1,1,0,1,1,1,1,0,0,0,3,1,1,1,0,0,0,0,0,1,1,0,0,0,0,0,0,0,0,0,4,0,0,0,1,0,0,0,3,0,0,0,0,0,0
2581,77,2,11,0,0,0,0,0,0,0,0,0,0,0,0,0,0,0,0,0,0,0,0,0,0,0,0,0,0,0,0,0,0,0,0,0,0,0,0,0,0,0,0,0,0,0,0,0,0,0,0,0,0,0,0,0,0,0,0,0,0,0,0,0,0,0,0,0,0,0,0,0,0,0,0,0,0,0,0,0,0,0,0,0,0,0,0,0,0,0,0,0,0,0,0,0,0,0,0,0,0,0,0,0,0,0,0,0,0,0,0,0,0,0,0,0,0,0,0,0,0,0,0,0,0,0,0,0,0,0,0,0,0,0,0,0,0,0,0,0,0,0,0,0,0,0,0,0,0,0,0,0,0,0,0,0,0,0,0,0,0,0,0,0,0,0,0,0,0,0,0,0,0,0,0,0,0,0,0,0,0,0,0,0,1,0,0,0,1,0,1,0,1,0,0,0,0,0,0,0,0,0,0,0,0,0,1,0,0,0,0,0,1,0,0,0,0,0,-1,0,1,0,0,0,0,0,-1,0,-1,0,0
2581,78,1,09,0,0,0,1,1,1,0,0,1,1,0,0,0,0,0,0,0,0,1,1,1,0,0,0,0,0,0,0,1,1,0,0,0,0,0,0,0,0,0,0,-1,0,0,0,0,-1,0,0,0,0,0,0,0,0,0,0,0,0,0,0,2,1,1,0,1,1,0,1,0,0,0,1,1,0,1,2,0,0,0,0,1,0,1,0,0,0,0,0,0,0,0,0,0,0,0,0,0,0,0,0,1,1,0,0,1,-1,1,0,0,1,2,0,0,0,0,0,0,0,0,0,2,2,0,0,1,0,1,1,1,0,1,2,0,0,1,1,0,0,0,0,0,1,0,0,0,0,0,1,1,0,0,0,0,0,0,0,0,0,0,0,2,1,-1,-1,1,1,1,0,0,1,1,0,-1,-1,0,0,0,0,0,0,0,1,1,0,1,2,1,2,0,0,1,0,0,1,0,0,0,1,1,1,1,1,0,1,0,0,0,0,0,0,0,0,-1,-1,0,-2,0,-1,0,-1,-1,0,0,-1,0,0,0,0
2581,78,1,11,0,0,0,0,0,0,1,0,0,0,0,0,0,0,0,0,0,0,0,0,0,0,0,0,0,0,1,0,0,0,0,0,0,0,0,0,0,0,0,0,0,-1,0,0,0,0,0,0,0,0,0,-1,0,0,0,0,0,0,0,0,0,0,0,1,0,0,0,0,1,0,0,0,0,0,0,0,0,0,1,0,0,0,0,1,0,0,0,0,0,0,0,0,0,0,0,0,0,0,0,0,0,0,0,0,0,0,0,0,-1,0,0,0,0,1,0,0,0,0,0,0,1,1,0,0,0,1,0,0,1,0,0,1,0,0,0,0,0,0,0,0,0,0,0,0,0,0,0,0,1,0,1,0,0,0,0,1,0,0,0,0,0,1,0,-1,0,0,1,0,0,0,0,0,0,-1,0,0,0,0,0,0,0,0,0,0,0,0,0,0,0,0,0,0,0,0,0,0,0,0,0,0,0,0,0,0,0,0,0,0,0,0,0,0,0,0,0,0,0,0,0,0,0,0,0,0,0,0,0,0
2581,78,2,09,0,2,2,2,3,1,1,1,2,0,0,2,1,0,3,0,0,1,2,0,1,1,0,2,0,0,0,1,0,0,0,0,0,0,0,0,0,0,0,0,-1,1,1,0,3,-1,1,1,-2,3,0,0,0,2,0,0,0,0,0,0,0,1,1,1,2,1,1,0,1,1,0,1,0,1,2,0,0,1,0,0,1,0,0,0,1,0,1,0,1,0,0,0,0,0,0,0,0,0,0,0,-1,0,1,0,1,-1,1,0,1,1,0,-1,1,-1,0,0,0,0,0,0,2,5,0,0,4,0,3,0,1,2,2,3,0,0,1,0,2,0,0,2,0,1,0,1,1,0,2,0,0,1,0,0,0,0,1,0,0,0,0,0,2,2,0,-1,2,2,2,0,-1,0,0,0,0,0,1,0,0,0,0,1,1,2,1,2,1,3,3,2,0,1,1,0,1,1,0,2,0,1,1,0,1,2,2,2,0,0,0,0,0,0,0,0,0,-1,-2,0,0,0,0,0,0,-1,-2,0,0,0,0,0
2581,78,2,11,0,0,0,0,0,0,0,0,0,0,0,0,0,0,0,0,0,0,0,0,0,0,0,0,0,0,0,0,0,0,0,0,0,0,0,0,0,0,0,0,0,0,0,0,0,0,0,0,0,0,0,0,0,0,0,0,0,0,0,0,1,0,0,0,0,0,0,0,3,0,0,0,0,0,0,1,0,0,0,0,0,0,0,1,0,0,0,0,1,0,0,0,0,0,0,0,0,0,1,0,1,0,0,-3,0,0,0,0,-1,0,1,0,0,-1,0,0,0,0,-1,0,0,0,0,0,0,0,0,0,0,0,0,0,0,0,0,0,0,0,0,0,0,0,0,0,0,0,0,0,0,0,0,0,0,0,0,0,0,0,0,0,0,0,0,0,0,0,0,0,0,0,0,0,0,0,0,0,0,0,0,0,0,0,0,0,0,0,0,0,0,0,0,0,0,0,0,0,0,0,0,0,0,0,0,0,0,0,0,0,0,0,0,0,0,0,0,0,0,0,0,0,0,0,0,0,0,0,0,0
2581,79,1,09,0,1,1,0,1,0,0,1,0,0,0,1,1,0,1,0,0,0,0,0,0,0,1,0,0,0,0,0,0,0,0,0,0,0,0,0,0,0,0,0,0,1,0,0,1,0,1,0,0,1,0,0,0,0,0,0,0,0,0,0,0,1,1,0,1,1,0,0,0,0,0,1,1,0,1,0,0,0,0,0,1,0,0,0,0,0,0,0,0,0,0,0,0,0,0,0,0,0,0,0,-1,1,1,0,1,-1,1,1,0,1,0,0,0,0,0,0,0,0,0,0,1,0,1,0,2,0,1,1,0,2,0,0,1,0,1,1,0,0,0,1,0,1,0,0,1,0,0,1,0,1,0,0,0,0,0,0,0,0,0,0,1,-1,0,0,0,0,-1,1,0,0,1,0,-1,0,0,0,0,0,0,0,1,1,1,1,1,2,0,1,0,1,1,0,1,0,0,1,0,1,0,1,1,1,0,0,0,0,0,0,0,0,0,0,0,-1,1,0,0,0,1,-1,0,-1,0,1,0,0,0,0
2581,79,1,11,0,0,0,0,0,0,0,0,0,0,0,0,0,0,0,0,0,0,0,0,0,0,0,0,0,0,0,0,0,0,0,0,0,0,0,0,0,0,0,0,0,0,0,0,0,0,0,0,0,0,0,0,0,0,0,0,0,0,0,0,0,0,0,0,0,0,0,0,0,0,0,0,0,0,0,0,0,0,0,0,0,0,0,0,0,0,0,0,0,0,0,0,0,0,0,0,0,0,0,0,0,0,0,0,0,0,0,0,0,0,0,0,0,0,0,0,0,0,0,0,0,0,0,0,0,0,0,0,0,0,0,0,0,0,0,0,0,0,0,0,0,0,0,0,0,0,0,0,0,0,0,0,0,0,0,0,0,0,0,0,0,0,0,0,0,0,0,0,0,0,0,0,0,0,0,0,0,0,0,0,0,0,0,0,0,0,0,0,0,0,0,0,0,0,0,0,0,0,0,0,0,0,0,0,0,0,0,0,0,0,0,0,0,0,0,0,0,0,0,0,0,0,0,0,0,0,0,0
2581,79,2,09,1,0,1,1,1,0,0,1,1,0,1,0,0,1,1,0,0,1,0,0,0,0,0,1,0,0,0,1,0,0,0,0,0,0,0,0,0,0,0,0,1,0,0,0,1,1,0,0,0,1,0,0,0,0,0,0,0,0,0,0,1,3,1,1,2,0,0,1,1,2,1,1,1,0,1,0,2,0,1,1,0,0,0,0,1,0,0,1,1,1,0,0,0,0,0,0,0,0,0,0,1,3,0,0,0,1,1,1,0,0,0,2,-1,0,0,0,0,0,0,0,2,0,2,2,1,2,2,2,0,2,0,0,0,1,1,2,0,2,1,0,2,0,1,0,1,0,2,1,0,1,0,0,0,0,0,0,0,0,0,0,0,-2,0,2,-1,-2,0,-1,1,0,2,-2,1,1,-1,0,0,0,0,0,0,1,3,2,0,0,2,4,0,0,1,1,0,1,2,1,0,0,1,4,0,0,1,0,0,0,0,0,0,0,0,0,0,1,1,-2,0,0,0,-3,0,1,1,1,0,0,0,0
2581,79,2,11,0,0,0,0,0,0,0,0,0,0,0,0,0,0,0,0,0,0,0,0,0,0,0,0,0,0,0,0,0,0,0,0,0,0,0,0,0,0,0,0,0,0,0,0,0,0,0,0,0,0,0,0,0,0,0,0,0,0,0,0,0,0,0,0,0,0,0,0,0,1,0,0,0,0,0,0,0,0,0,0,0,0,0,0,1,0,0,0,0,0,0,0,0,0,0,0,0,0,0,0,0,0,0,0,-1,0,0,0,0,-1,0,0,0,0,0,0,0,0,0,0,0,0,0,1,0,0,0,0,0,0,0,0,0,0,0,0,0,0,1,0,0,0,0,0,0,0,0,0,0,0,0,0,0,0,0,0,0,0,0,0,0,0,0,1,0,0,0,0,0,0,0,0,0,1,0,0,0,0,0,0,0,0,1,1,0,0,0,0,0,0,0,0,0,0,1,1,0,0,0,0,0,0,0,0,0,0,0,0,0,0,0,0,0,0,1,1,0,0,0,0,0,0,1,1,0,0,0,0
2560,0,1,09,4,0,1,1,2,3,1,1,0,2,1,0,0,1,0,0,0,1,0,1,1,1,0,0,1,2,0,1,0,1,3,0,0,0,1,0,0,0,0,0,1,-1,0,1,0,0,-1,0,1,-1,-2,0,0,0,0,3,0,0,0,1,6,4,1,3,3,0,2,0,1,2,5,1,0,2,1,0,1,1,0,1,0,0,0,0,1,0,2,0,1,1,1,2,0,1,1,0,0,0,0,0,6,2,1,2,1,5,1,0,2,0,0,-1,1,-1,0,1,2,0,1,1,2,4,0,2,2,3,1,1,0,1,2,1,0,2,1,0,1,0,0,1,1,1,0,0,1,2,0,1,0,0,0,2,0,0,0,0,0,0,0,0,-1,3,-1,2,1,1,0,0,2,0,-2,1,-1,0,1,0,2,0,0,0,2,3,1,0,1,3,1,0,1,3,0,0,1,0,1,0,1,2,0,0,0,1,1,0,0,0,0,0,0,0,0,0,1,0,0,0,0,1,0,0,1,-1,0,0,0,0,0,0
2560,0,1,11,0,0,0,0,0,0,0,0,0,0,0,0,0,0,0,0,0,0,0,0,0,0,0,0,0,0,0,0,0,0,0,0,0,0,0,0,0,0,0,0,0,0,0,0,0,0,0,0,0,0,0,0,0,0,0,0,0,0,0,0,0,1,0,0,0,0,1,0,0,0,0,0,0,0,0,0,0,0,0,0,0,0,0,0,0,0,1,0,0,0,0,1,0,0,0,0,0,0,0,0,0,0,0,0,0,0,0,0,0,0,0,-1,0,0,0,0,1,0,0,0,0,1,0,0,0,0,1,0,0,0,0,0,0,0,0,0,0,0,0,0,0,0,0,0,0,0,1,0,0,0,0,1,0,0,0,0,0,0,0,0,0,0,0,0,0,0,0,0,0,0,0,-1,0,0,0,0,1,0,0,0,0,0,1,0,0,0,0,0,0,0,0,0,0,0,0,0,0,0,0,0,0,0,0,0,0,0,1,0,0,0,0,0,0,0,1,0,0,0,0,0,0,0,0,0,0,0,1,0
2560,0,2,09,3,1,0,1,1,1,1,2,1,0,1,0,0,0,1,2,0,0,0,0,0,0,0,0,0,1,1,2,1,0,0,1,0,1,0,0,0,0,0,0,2,0,-2,0,1,1,0,0,0,1,1,-1,-2,-1,0,0,1,0,1,0,1,1,0,0,1,2,2,0,1,1,0,0,0,0,1,0,1,0,0,0,2,1,0,0,1,0,1,0,1,0,1,0,0,0,0,0,0,0,0,0,-1,-1,0,-1,0,-2,-1,0,0,0,0,0,0,-1,0,1,0,0,0,0,3,3,0,0,2,2,3,1,1,1,1,0,0,0,2,0,1,0,0,0,1,1,0,1,1,1,2,1,0,0,2,2,0,0,0,0,0,0,0,0,1,0,-1,-1,1,0,-1,0,-1,1,-1,-1,-1,0,0,2,2,0,0,0,0,0,0,1,1,2,0,1,0,0,0,1,0,0,0,0,1,1,0,1,0,1,0,0,0,0,0,0,0,0,0,0,-1,-2,0,0,-1,-1,0,0,0,-1,0,0,0,0,0,0
2560,0,2,11,1,0,0,0,0,0,0,0,0,0,0,0,0,0,0,0,0,0,0,0,0,0,0,0,0,0,0,0,0,0,1,0,0,0,0,0,0,0,0,0,1,0,0,0,0,0,0,0,0,0,0,0,0,0,0,1,0,0,0,0,0,0,0,0,0,0,0,0,0,0,0,0,0,0,0,0,0,0,0,0,0,0,0,0,0,0,0,0,0,0,0,0,0,0,0,0,0,0,0,0,0,0,0,0,0,0,0,0,0,0,0,0,0,0,0,0,0,0,0,0,0,0,0,0,0,0,0,0,0,0,0,0,0,0,0,0,0,0,0,0,0,0,0,0,0,0,0,0,0,0,0,0,0,0,0,0,0,0,0,0,0,0,0,0,0,0,0,0,0,0,0,0,0,0,0,0,0,0,0,0,1,0,1,1,0,0,0,0,0,0,0,0,0,0,0,0,0,0,0,0,0,0,0,0,1,0,1,1,0,0,0,0,1,0,1,1,0,0,0,0,0,0,0,0,1,0,1,1
2560,1,1,09,2,2,2,2,0,2,1,0,4,0,1,2,1,1,0,0,0,1,0,0,0,0,0,1,0,2,1,0,3,0,1,0,0,1,0,0,0,0,0,0,0,1,2,-2,0,1,2,1,0,0,-2,-1,1,-3,0,1,0,0,1,0,4,4,4,1,6,4,2,2,2,5,3,0,2,0,3,1,3,1,0,1,1,0,0,0,1,3,2,2,2,2,0,1,1,1,2,0,0,0,0,2,0,2,2,-1,1,2,0,2,0,2,-2,1,-1,-2,-1,0,1,1,1,0,2,11,5,2,4,3,8,10,1,1,1,3,0,1,4,0,4,2,0,0,2,3,2,1,0,1,5,7,0,1,1,4,3,1,0,0,0,1,0,0,-1,3,-5,1,3,-1,0,-2,0,4,-1,-1,-5,0,-1,1,4,2,1,0,2,3,1,3,3,1,2,0,2,2,1,0,0,1,0,3,2,1,2,0,1,0,0,0,0,0,0,0,0,0,0,0,-1,2,-1,3,0,1,-1,0,-1,1,0,3,0,0,0,0
2560,1,1,11,0,1,1,0,1,0,0,0,0,0,0,0,1,0,1,0,0,0,0,0,0,0,0,0,0,0,0,0,0,0,0,1,0,0,0,0,0,0,0,0,0,1,1,0,1,0,0,1,0,1,0,0,0,0,0,0,1,0,0,0,0,0,0,1,2,0,0,0,0,1,0,0,0,0,0,0,0,0,0,0,0,0,0,0,0,0,0,0,0,1,0,0,0,1,2,0,0,0,0,0,0,0,0,1,1,0,0,0,0,0,0,0,0,0,-1,0,0,0,1,2,0,2,0,0,0,0,0,0,0,0,0,0,0,0,0,0,0,0,0,0,0,0,0,0,0,0,0,0,0,0,0,2,0,0,0,0,0,0,0,0,0,2,0,0,0,0,0,0,0,0,0,0,0,0,0,0,2,0,0,0,0,1,0,0,0,0,0,0,0,0,0,0,0,0,0,0,0,0,0,0,0,0,0,0,0,1,0,0,0,0,0,0,0,1,0,0,0,0,0,0,0,0,0,0,0,1,0,0
2560,1,2,09,10,1,0,5,2,3,4,3,5,3,4,0,0,1,0,3,0,0,3,2,1,1,0,1,3,2,2,3,4,0,3,1,0,1,0,0,1,0,0,0,7,-3,-3,0,-1,3,-1,0,0,-3,1,-2,-3,-1,2,3,0,0,1,0,2,3,4,0,4,3,4,3,1,4,0,0,2,0,1,1,3,1,0,2,2,0,0,0,2,1,4,3,1,2,1,0,1,0,1,0,0,0,0,0,-1,-1,1,-1,0,-2,0,2,0,-1,0,-1,-2,-1,0,1,0,1,0,1,8,5,2,3,1,3,4,2,3,0,5,2,2,2,1,1,1,0,0,0,0,2,0,2,0,3,2,2,1,0,2,2,0,1,0,0,0,0,0,0,5,1,0,0,1,5,0,2,0,1,-2,-1,-2,-1,0,2,2,0,1,0,4,1,2,3,2,3,3,1,3,0,2,1,1,1,0,1,2,1,3,0,0,2,0,1,0,0,0,1,0,0,0,0,2,-2,-1,2,1,-1,-1,1,1,-1,0,0,0,0,0,1
2560,1,2,11,1,1,2,1,2,0,1,1,0,0,0,0,0,0,0,0,0,0,0,0,0,0,0,0,0,0,1,1,0,0,1,1,2,1,2,0,0,0,0,0,1,0,1,1,2,0,0,0,0,0,0,-1,-1,0,0,1,1,2,1,2,3,1,0,1,0,0,1,0,0,0,0,0,0,0,0,0,0,0,0,0,0,0,0,0,0,0,0,0,0,0,3,1,0,1,0,0,1,0,0,0,3,0,0,1,0,0,0,0,0,0,0,0,0,0,0,3,0,0,1,0,1,0,0,0,1,0,0,0,0,0,0,0,0,0,0,0,0,0,0,0,0,0,0,0,0,0,0,0,0,0,1,0,0,0,1,0,0,0,0,0,1,0,0,0,1,0,0,0,0,0,0,0,0,0,0,1,0,0,0,1,1,0,0,2,1,0,0,0,0,0,0,0,0,0,0,0,0,0,0,0,1,0,0,0,1,0,0,2,0,0,0,0,0,0,0,2,0,0,0,0,-1,0,0,0,1,0,0,2
2560,2,1,09,1,0,2,3,1,1,1,2,1,1,1,0,1,1,1,0,0,1,2,0,1,0,2,1,0,0,1,0,0,1,0,0,0,0,0,0,0,0,0,0,0,-1,0,2,0,0,0,-1,0,1,0,-1,1,2,-1,0,0,0,0,0,3,1,2,6,3,3,2,2,0,4,1,0,1,2,1,1,1,1,1,1,1,2,1,0,1,1,0,1,0,3,1,0,0,3,1,1,0,0,0,0,0,-1,0,6,-1,0,-2,0,2,0,0,1,0,1,-2,0,0,0,3,1,5,1,6,5,2,1,1,6,1,1,3,0,1,3,2,2,1,4,1,0,1,0,3,1,1,0,1,3,0,0,0,0,1,1,0,0,0,0,0,0,4,0,0,4,1,2,0,-2,2,1,2,0,1,1,0,0,0,1,1,0,0,5,1,4,1,4,2,1,0,2,1,1,0,1,0,2,0,0,1,0,1,4,0,1,0,2,0,1,0,0,1,0,-1,1,-1,3,0,2,0,1,-1,-3,0,1,0,2,-1,1
2560,2,1,11,2,0,2,1,1,2,0,1,2,0,0,0,0,0,0,0,0,0,0,0,0,0,0,0,0,2,0,1,2,0,2,0,2,1,1,0,0,0,0,0,0,0,1,-1,1,0,0,0,0,0,-2,0,-1,-2,0,2,0,2,1,1,1,3,1,0,3,0,1,0,0,2,0,0,0,0,0,0,1,1,0,0,0,0,0,0,0,0,1,0,0,2,1,2,0,0,3,0,0,0,0,0,1,2,1,0,1,0,0,0,0,0,0,0,1,0,-2,1,2,0,0,3,1,4,1,1,1,0,0,1,1,1,1,0,0,0,0,0,0,0,0,0,0,0,0,0,0,0,0,1,1,1,0,4,1,1,1,0,0,0,0,0,1,4,0,0,0,1,0,0,0,0,0,0,-1,-1,-1,0,4,1,1,1,1,1,1,1,0,1,0,0,0,0,0,0,0,0,0,0,0,0,0,0,0,1,0,0,1,1,1,1,0,0,0,0,1,0,1,1,0,0,0,0,0,-1,0,0,1,1,1,1
2560,2,2,09,3,0,1,3,1,0,3,2,1,0,3,0,0,2,0,0,0,1,1,1,0,1,2,0,0,0,2,0,1,0,0,0,0,0,0,0,0,0,0,0,3,-3,-1,2,1,3,-1,-2,2,0,0,-2,1,0,1,0,0,0,0,0,0,1,4,2,1,2,2,1,3,0,0,1,2,0,1,0,0,0,1,0,1,0,0,1,0,1,1,1,2,0,0,0,2,1,0,0,1,0,0,0,-2,-1,3,-1,1,-1,1,2,-1,1,-1,-1,-1,-1,0,0,-1,2,1,0,4,1,2,2,3,3,2,2,1,2,2,0,1,2,1,2,1,1,0,2,1,1,1,1,2,2,1,1,0,0,0,0,0,0,0,0,0,0,0,0,1,-1,0,1,1,1,-1,0,1,-1,0,0,0,0,2,0,0,0,0,0,2,4,2,0,3,2,1,0,0,1,1,0,1,2,0,0,1,1,0,0,2,1,1,0,1,1,1,0,0,0,0,0,-1,2,1,0,-1,0,1,0,-1,1,-1,0,1,1,1,0
2560,2,2,11,1,0,0,1,1,0,0,0,1,0,0,0,0,0,0,0,0,0,0,0,0,0,0,0,0,0,0,0,1,0,1,0,0,1,1,0,0,0,0,0,1,0,0,0,1,0,0,0,0,0,0,0,0,-1,0,1,0,0,1,1,2,0,0,0,1,2,3,0,0,1,0,0,0,0,0,0,0,0,0,0,1,0,0,0,1,1,3,0,0,0,2,0,0,0,1,0,0,0,0,0,0,-3,0,0,0,-1,0,0,0,-1,-1,-3,0,0,0,2,0,0,0,1,1,3,0,2,1,1,3,0,1,0,0,0,0,2,0,0,0,0,0,0,0,0,0,1,0,1,3,0,0,0,1,3,0,0,1,0,0,0,0,0,0,0,0,1,1,0,0,0,1,0,-1,-3,0,0,0,1,3,0,0,1,0,0,0,0,0,0,0,0,0,0,0,0,0,0,0,0,0,0,0,0,0,0,0,0,0,0,0,0,0,0,0,0,0,0,0,0,0,0,0,0,0,0,0,0,0,0,0,0
2560,3,1,09,2,3,3,2,2,2,1,0,3,3,1,3,2,0,2,0,0,1,2,0,1,1,0,2,2,1,0,0,1,1,1,0,0,0,0,0,0,0,0,0,0,2,3,-1,-1,0,2,2,-2,0,-1,0,1,1,-1,1,0,0,0,0,2,2,2,2,1,1,2,3,2,0,1,2,1,0,0,1,0,1,1,1,1,0,2,1,0,0,1,1,1,0,0,0,0,1,0,0,1,0,0,0,1,0,-1,0,1,0,2,-1,-1,0,1,-1,0,0,1,0,-1,0,1,0,4,2,3,3,2,1,4,3,3,4,3,1,0,0,1,0,0,1,1,0,1,1,0,1,1,0,3,3,2,3,1,1,2,2,1,0,0,0,0,0,3,-2,0,0,-2,2,0,0,-1,0,0,-3,-2,-1,-3,1,1,2,2,1,1,2,2,0,3,2,1,2,0,1,1,0,1,0,1,0,3,1,0,1,0,1,1,0,0,1,0,0,0,0,0,1,-2,0,1,-2,-3,0,1,-1,1,-1,0,0,0,1,0,-1
2560,3,1,11,0,1,3,0,4,0,1,2,0,1,0,0,1,0,0,0,0,0,0,0,0,1,0,0,0,0,0,2,0,1,0,1,2,0,4,0,0,0,0,0,0,0,1,0,3,0,-1,1,0,0,0,0,-2,0,-1,0,1,2,0,4,3,0,1,0,0,1,0,0,1,0,0,0,0,0,0,1,0,0,0,0,1,0,0,0,0,0,0,0,0,0,2,0,1,0,0,0,0,0,1,0,2,0,1,-1,0,-1,0,0,0,0,1,0,0,0,0,2,0,1,-1,0,2,4,0,0,1,2,3,2,1,0,1,1,0,0,0,0,0,0,0,1,2,0,0,0,0,0,3,2,1,0,1,3,0,0,0,0,0,0,0,0,0,1,-2,-1,1,-1,1,0,0,0,0,-3,-2,-1,1,1,3,0,0,0,0,0,1,0,0,0,0,1,0,0,0,0,0,0,0,0,0,0,0,0,0,0,0,0,0,0,1,0,0,0,0,1,0,0,1,-1,0,0,0,0,0,0,0,0,0,0,1,-1
2560,3,2,09,4,3,1,2,0,3,1,2,4,3,2,3,0,0,0,1,0,1,2,0,3,1,1,1,2,0,0,1,2,0,1,0,0,0,0,0,0,0,1,1,1,2,-1,-2,-3,-1,2,-1,-1,-2,1,0,0,0,0,1,0,0,-1,-1,2,4,0,4,4,2,2,0,2,2,1,0,0,2,0,0,4,0,2,4,0,1,0,1,2,2,1,0,1,0,1,0,0,0,0,0,0,0,0,0,0,2,0,2,2,1,-1,0,1,-2,-2,3,0,1,4,1,0,0,0,0,2,0,4,1,0,3,0,2,5,3,2,0,2,0,0,0,0,1,0,0,2,0,0,4,2,0,0,2,1,1,0,0,1,1,0,1,0,0,0,0,-1,0,2,-4,-3,0,0,2,-4,-2,0,0,-1,-1,-1,-1,0,1,1,0,1,5,1,0,3,1,2,1,1,0,0,0,0,5,0,0,2,0,0,1,0,1,2,0,0,0,1,0,1,0,0,0,-2,4,-1,-1,-1,0,0,-1,0,4,-2,0,-1,0,1,0
2560,3,2,11,1,0,1,2,1,0,0,1,1,0,0,0,0,0,1,0,0,0,1,0,0,0,0,0,0,0,0,1,1,0,1,0,1,1,0,0,0,0,0,0,1,0,0,1,1,0,0,0,0,1,0,0,-1,0,0,1,0,1,1,0,0,2,4,2,2,2,1,2,1,1,0,1,0,1,0,0,0,1,0,0,0,0,0,0,0,1,1,2,1,1,0,1,3,1,2,1,0,0,0,0,-2,1,2,1,1,0,1,0,1,0,-1,-1,-1,-1,-1,-1,1,3,1,2,1,5,2,0,0,1,2,2,0,0,0,1,0,0,0,0,0,1,0,0,1,0,0,0,0,0,2,2,0,0,1,4,1,0,0,0,0,0,0,0,0,3,0,0,0,-1,1,0,0,0,0,-2,-1,0,0,1,4,1,0,0,0,0,0,2,0,0,0,0,0,0,0,0,0,0,0,0,0,0,0,0,0,0,0,0,0,0,0,2,0,0,0,0,0,0,0,2,0,0,0,0,0,0,0,0,0,0,0,2
2560,4,1,09,2,2,1,1,1,1,1,1,1,0,1,2,0,1,1,0,0,1,0,0,1,0,0,1,0,0,1,1,0,0,1,0,0,0,0,0,0,0,0,0,1,1,0,0,1,0,2,0,0,1,0,-1,0,0,0,1,0,0,0,0,0,2,1,2,1,1,1,1,2,4,0,1,1,2,0,0,1,0,0,0,0,1,1,1,2,1,0,0,1,2,0,0,0,0,1,0,0,0,0,0,-1,1,0,0,-3,0,0,0,1,-2,-1,1,0,-1,-2,0,0,0,0,1,0,3,2,1,2,2,1,2,0,1,0,2,1,1,2,0,1,1,0,0,0,0,0,0,1,2,1,1,0,0,0,0,0,0,0,0,0,1,0,0,-2,2,0,1,1,0,2,1,1,1,-2,0,0,0,0,0,0,-1,0,0,1,0,1,1,1,2,0,0,1,0,1,0,0,0,0,1,1,1,0,0,0,1,0,0,0,0,0,0,0,0,0,0,0,-2,1,1,0,-1,1,0,0,-1,0,1,0,0,0,0
2560,4,1,11,1,0,2,4,1,0,0,0,2,0,0,0,0,0,0,0,0,0,0,0,0,0,0,0,0,0,0,0,2,0,1,0,2,4,1,0,0,0,0,0,1,0,2,2,1,0,0,0,0,0,0,0,0,-2,0,1,0,2,4,1,3,2,0,2,1,5,3,0,0,1,0,0,0,0,1,0,0,0,0,0,1,0,0,0,0,4,3,0,0,1,3,2,0,2,0,0,0,0,0,0,-2,-1,0,2,0,-1,0,0,0,1,-4,-3,0,0,-1,3,2,0,2,0,2,2,1,1,1,1,1,4,0,1,0,1,0,0,0,0,0,0,0,1,0,0,0,0,0,1,1,3,0,1,2,1,1,1,0,0,0,1,0,0,1,1,-3,1,0,0,1,0,0,0,-1,-1,-3,0,0,2,1,0,1,0,0,0,0,1,0,0,0,0,0,0,0,1,0,0,0,0,0,0,0,0,0,0,0,0,0,0,0,0,0,0,0,0,0,0,0,1,0,0,0,1,0,0,0,0,0,0,0,0
2560,4,2,09,0,2,0,0,2,0,2,2,3,0,0,1,0,0,0,0,1,0,0,1,0,0,1,0,0,0,1,1,3,0,0,0,0,0,1,0,1,0,0,0,0,0,-2,-3,2,0,1,-1,0,0,0,0,-1,-3,1,0,-1,0,0,1,1,0,0,1,5,0,2,0,1,3,1,0,0,1,3,0,0,0,0,1,0,1,0,1,3,0,1,0,0,0,0,0,0,0,1,0,0,0,0,0,1,-2,0,0,2,1,-1,0,0,0,0,-1,0,0,1,0,0,0,0,1,1,2,1,1,2,0,1,1,1,1,1,0,0,1,1,0,2,1,0,1,0,1,1,0,0,0,0,0,1,1,0,0,0,0,0,0,0,0,0,0,1,1,0,0,1,1,-1,-1,1,1,0,2,1,-1,0,0,0,0,0,0,2,4,1,3,3,2,0,0,1,3,1,0,1,1,0,3,1,0,0,0,2,2,0,0,0,0,0,0,0,0,0,0,-1,2,1,3,0,3,1,0,-1,-1,0,3,0,0,0,0
2560,4,2,11,1,2,3,1,0,1,2,1,0,0,0,0,2,0,0,0,0,0,0,0,0,0,0,0,0,1,2,1,0,0,1,2,1,1,0,0,0,0,0,0,0,0,2,1,0,0,0,2,0,0,-1,-2,-1,0,0,1,2,1,1,0,1,0,0,0,1,0,0,0,0,1,0,0,0,0,0,0,0,0,0,0,0,0,0,0,0,0,0,0,0,1,1,0,0,0,1,0,0,0,0,0,1,0,0,0,0,0,0,0,0,0,0,0,0,0,-1,1,0,0,0,1,0,3,1,1,1,0,2,2,2,0,0,0,0,0,0,0,0,0,0,0,0,1,0,0,0,0,1,2,2,0,0,3,1,1,1,0,0,0,0,0,0,1,-1,-1,1,0,-1,0,0,0,0,-1,-2,-2,0,0,3,1,1,1,2,0,2,1,0,0,1,1,0,0,0,0,0,0,0,0,0,0,0,0,0,0,1,1,2,0,2,1,0,0,0,0,2,0,1,0,0,0,0,0,0,0,-1,-1,2,0,2,1
2560,5,1,09,1,3,1,3,2,0,3,1,3,0,1,3,1,1,2,0,0,0,2,0,0,2,1,2,0,0,1,0,0,0,0,0,0,0,0,0,0,0,1,0,1,0,0,0,2,1,1,0,-1,2,0,-1,0,2,0,0,0,0,-1,0,0,1,4,2,1,3,4,1,2,0,0,1,2,2,0,0,0,0,0,1,2,3,1,1,0,0,0,0,1,0,0,0,2,0,0,1,1,0,0,0,-3,-3,3,0,1,-2,-2,1,1,0,0,0,0,-1,1,-1,-1,2,0,0,0,0,2,1,3,1,1,1,4,2,0,0,1,0,3,0,0,1,1,0,1,0,0,3,2,0,1,1,1,0,0,0,0,0,0,0,0,0,0,0,-1,-1,1,-3,1,-1,0,1,-3,1,0,-1,0,0,0,0,0,0,0,0,3,2,1,1,4,4,0,3,0,1,0,1,3,1,1,0,3,3,0,1,1,1,0,0,0,0,0,0,0,0,0,2,-1,-2,1,-2,-3,-2,0,0,2,0,1,0,0,0,0,-2
2560,5,1,11,2,2,0,2,3,1,1,0,3,1,0,0,0,0,1,0,1,0,0,0,0,0,0,0,0,1,1,0,3,1,2,1,0,2,2,0,0,0,0,0,1,1,0,-1,2,0,0,0,0,1,-1,0,0,-3,-1,2,1,0,2,2,5,0,1,3,1,1,0,1,0,2,0,0,0,0,0,0,0,0,0,0,1,0,0,0,0,0,0,1,0,2,5,0,1,3,1,0,0,0,0,0,4,0,0,3,-1,-1,0,0,0,0,0,0,-1,0,-2,5,0,1,3,1,1,3,2,1,2,0,2,2,0,2,1,0,0,1,0,0,1,0,0,0,0,0,0,0,0,0,2,2,0,2,0,2,2,0,2,0,0,0,0,0,1,1,0,1,0,1,0,0,1,0,0,-1,-2,0,-2,0,2,2,0,2,0,1,1,0,0,2,0,0,0,0,0,0,0,0,0,0,0,0,0,0,0,2,0,0,0,1,1,0,0,0,0,0,0,-1,1,0,0,0,0,0,0,-2,0,0,0,1,1,0
2560,5,2,09,2,0,2,0,0,0,0,2,2,1,1,0,0,0,0,1,0,2,0,0,0,0,0,2,1,0,0,2,0,0,0,0,0,0,0,0,0,0,0,0,2,0,0,-2,-1,1,0,0,-2,-1,1,0,0,0,0,0,0,0,0,0,0,1,2,1,3,1,1,2,0,1,0,1,1,1,2,0,0,0,0,0,0,1,0,0,0,1,0,2,0,1,0,0,1,0,1,0,0,0,0,0,-1,0,0,1,2,0,0,1,1,2,-1,0,-2,0,-1,0,0,1,0,1,3,1,3,1,0,1,0,2,1,2,2,0,1,0,0,1,1,1,1,0,0,0,1,1,1,1,0,1,0,1,0,0,1,0,0,0,0,0,0,0,2,1,1,0,-2,2,0,0,-1,-1,0,1,0,1,-1,0,0,1,0,0,3,2,2,1,4,3,2,1,1,0,1,1,1,2,1,0,4,2,1,1,0,1,1,0,1,0,0,0,0,0,0,0,-1,-1,0,0,-3,-2,0,0,1,1,0,0,1,0,0,0
2560,5,2,11,0,0,0,1,0,0,0,0,0,1,0,0,0,0,0,0,0,0,0,0,0,0,0,0,0,0,0,0,0,1,0,0,0,1,0,0,0,0,0,0,0,0,0,1,-1,0,0,0,0,0,0,0,0,0,-1,0,0,0,1,0,2,2,0,1,3,1,2,0,2,1,1,0,0,0,0,0,0,0,0,0,0,0,0,0,0,1,1,0,2,1,1,2,0,1,3,0,1,0,0,0,1,0,0,-1,2,1,0,0,0,0,-1,-1,0,-2,-1,1,1,0,1,3,1,5,2,2,1,1,2,0,2,1,0,0,1,0,0,0,0,1,0,1,0,1,0,1,0,1,1,0,1,1,1,5,0,2,0,0,0,0,0,0,0,3,2,0,0,0,-1,1,-1,0,-1,-1,1,-1,0,1,5,0,2,0,2,1,1,1,1,0,0,2,0,1,0,0,1,0,0,0,0,0,0,0,1,0,0,1,1,0,1,1,0,0,0,1,1,1,1,-1,0,1,0,0,0,0,0,-1,1,0,1,0
2560,6,1,09,1,3,2,2,1,0,1,0,1,2,1,3,2,1,0,0,0,0,1,1,0,1,0,1,1,0,0,0,0,1,0,0,0,0,0,0,0,0,0,0,1,2,2,1,-1,1,2,2,0,-1,0,0,0,1,0,0,0,0,0,0,1,0,1,0,3,1,0,0,2,1,1,0,0,0,3,0,0,1,0,0,1,0,0,0,0,0,0,0,2,1,0,0,0,0,0,0,0,0,0,0,0,0,1,-2,2,0,0,0,0,3,0,0,1,-2,-1,0,0,0,0,0,0,2,3,5,1,0,1,1,3,1,0,1,2,3,1,0,1,1,1,0,0,1,1,2,0,0,0,0,1,1,0,0,0,1,0,0,0,0,0,0,0,1,2,2,0,0,0,1,1,1,0,1,1,0,-1,0,0,0,1,0,3,1,4,0,3,4,4,1,3,0,1,0,0,1,1,0,1,1,2,0,1,2,2,1,0,0,2,0,1,1,0,0,0,-3,0,-1,2,-1,-1,0,-1,-1,-1,-1,-1,-1,2,0
2560,6,1,11,1,2,0,1,1,0,1,0,1,0,0,0,0,0,0,0,0,0,0,0,0,0,0,0,0,0,1,0,1,0,1,2,0,1,1,0,0,0,0,0,1,1,0,0,1,0,0,0,0,0,0,-1,0,-1,0,1,2,0,1,1,2,1,2,2,2,2,4,0,0,0,0,0,0,0,0,0,0,0,1,0,0,0,0,0,0,2,4,0,0,0,2,1,2,1,2,0,0,0,0,0,0,-3,2,2,2,0,0,0,0,0,-2,-4,0,1,0,2,1,2,1,2,2,2,1,1,0,1,2,1,3,1,0,1,1,0,0,0,0,0,0,0,0,1,0,1,0,1,1,1,2,1,2,1,0,1,0,0,0,0,0,0,1,0,0,-2,-1,0,0,1,-1,0,-1,-1,-1,-2,-1,2,1,0,1,0,1,1,0,1,0,0,0,1,0,0,0,0,1,0,0,0,0,0,0,0,0,0,0,1,0,1,0,1,0,0,0,0,1,1,0,0,0,0,0,0,1,0,0,-1,0,1,0,1
2560,6,2,09,3,0,2,1,1,1,0,0,3,1,3,0,2,0,0,0,0,0,1,1,1,0,0,1,1,0,0,0,2,0,0,0,0,0,0,0,0,0,0,0,2,0,2,-2,0,2,0,2,-1,-1,0,0,0,-1,1,0,0,0,0,0,6,0,3,3,4,2,2,1,1,3,5,0,0,0,2,1,0,2,3,1,1,2,0,1,2,0,0,1,0,1,0,0,1,0,1,1,0,0,0,0,4,-2,2,2,1,4,-2,0,-1,0,1,0,1,3,0,-1,0,1,0,1,1,2,0,0,3,1,2,2,1,1,1,1,0,0,3,0,1,0,0,0,0,2,1,1,1,1,0,1,0,0,0,0,0,0,0,0,0,0,0,0,0,0,-2,-1,2,1,-1,-1,-1,2,-1,1,-1,0,0,0,0,0,0,0,0,2,3,3,0,1,5,1,0,0,2,2,0,2,0,1,0,1,3,1,0,0,2,0,0,0,1,0,0,0,0,0,0,1,-2,2,0,-1,-1,1,0,2,-2,1,0,0,1,0
2560,6,2,11,1,1,1,1,4,1,1,1,1,1,0,0,0,0,1,0,0,0,0,0,1,0,0,0,0,0,1,1,1,1,1,1,1,1,3,0,0,0,0,0,0,0,0,0,3,-1,0,0,0,1,0,-1,-1,-1,-1,1,1,1,1,3,3,0,1,1,2,3,0,0,0,0,0,0,0,0,1,0,0,0,0,0,0,0,0,0,0,2,0,0,0,0,3,0,1,1,1,1,0,0,0,0,0,0,1,1,2,0,0,0,0,1,-2,0,0,0,0,2,0,1,1,1,2,2,0,0,1,2,0,2,0,0,0,1,0,0,0,0,0,0,0,1,1,0,0,0,0,1,0,2,0,0,2,1,0,0,0,0,0,0,0,0,0,2,-2,0,1,-1,1,0,0,0,-1,0,-2,0,1,2,1,0,0,0,1,0,0,2,0,0,1,1,0,0,0,1,1,0,0,0,0,0,1,0,0,0,0,0,0,0,0,1,0,0,0,1,1,0,-1,1,0,0,-1,1,1,0,0,0,0,0,0,0
2560,7,1,09,1,2,1,1,2,0,1,3,0,0,0,2,1,1,1,1,0,0,0,1,0,1,3,0,0,0,0,0,0,0,0,0,0,0,0,0,0,0,0,0,1,1,-2,1,2,0,1,-2,1,1,1,0,0,0,1,0,0,0,0,0,2,1,0,0,1,1,0,1,1,0,1,1,0,0,0,1,0,0,0,0,0,0,1,0,0,1,0,0,1,0,0,0,0,0,1,0,0,0,0,0,1,1,-1,-1,1,1,1,-1,0,0,0,0,0,-1,0,0,0,0,0,1,2,2,0,0,1,1,0,1,0,1,1,1,0,0,1,0,1,0,0,0,1,0,0,0,1,0,0,1,0,0,1,0,0,0,0,0,0,0,0,0,1,2,-1,0,0,0,1,0,0,0,0,1,-1,0,0,1,0,0,0,0,2,1,3,3,2,2,3,3,0,0,1,0,2,1,1,2,2,1,1,2,0,1,2,0,0,0,1,1,0,0,0,1,0,-1,0,0,-2,-1,0,-2,2,0,-1,2,0,0,1,0
2560,7,1,11,1,3,0,2,1,1,2,1,1,0,0,0,0,0,0,0,0,0,0,0,0,1,0,0,0,1,1,1,1,0,1,3,0,2,1,0,0,0,0,0,0,1,-1,1,1,0,-1,0,0,0,-1,-1,-1,-1,0,1,3,0,2,1,2,1,0,2,1,2,3,0,2,1,0,0,0,0,1,0,0,0,0,0,0,1,0,0,0,2,2,0,2,1,2,1,0,2,0,0,0,0,0,0,0,-2,0,0,0,0,-1,0,0,1,-2,-2,0,-2,-1,2,1,0,2,0,1,0,2,2,0,1,1,1,1,0,0,0,0,0,0,0,0,0,0,0,0,0,0,0,0,1,1,1,1,0,1,0,2,2,0,0,0,0,0,0,0,-1,1,1,0,0,0,0,0,0,-1,-1,-1,-1,0,1,0,2,2,0,2,0,2,1,1,1,1,1,0,0,1,0,1,0,0,1,1,1,1,0,0,0,0,1,1,0,1,0,0,0,0,0,1,-1,1,0,-1,-1,0,0,1,0,0,0,1,0,1,0
2560,7,2,09,2,2,2,0,2,0,1,2,1,1,2,1,2,0,0,0,1,0,0,2,0,0,0,1,0,0,1,2,0,0,0,0,0,0,0,0,0,0,0,1,2,1,0,-1,1,2,1,2,-1,0,0,0,-2,0,2,0,0,0,0,-1,1,1,1,3,5,2,1,0,1,3,0,1,0,2,0,1,0,1,0,3,1,1,0,1,2,0,0,0,0,1,0,0,0,1,2,1,0,0,0,0,-1,0,1,2,2,-1,0,0,1,-2,1,0,1,0,2,-1,0,0,1,2,1,1,1,2,2,2,1,1,1,1,1,0,1,0,2,0,1,0,2,0,1,0,0,1,0,1,0,1,0,1,0,0,0,0,0,0,1,0,0,0,-1,0,0,1,1,0,0,1,-1,2,-1,1,-1,2,-1,0,-1,0,0,0,1,2,2,1,2,1,1,0,1,0,2,1,0,2,0,0,1,1,0,0,1,0,1,0,0,0,0,0,0,0,0,0,-1,1,1,1,0,-1,2,1,-1,2,-1,0,0,0,0,0
2560,7,2,11,0,0,1,1,0,1,1,0,0,0,0,0,1,0,0,0,0,0,0,0,0,0,0,0,0,1,1,0,0,0,0,0,0,1,0,0,0,0,0,0,-1,-1,1,1,0,0,0,1,0,0,-1,-1,0,0,0,0,0,0,1,0,1,1,0,0,1,1,0,0,1,0,0,0,0,0,0,0,0,0,0,0,0,0,0,0,0,0,0,0,1,0,1,1,0,0,1,1,0,0,0,0,0,1,0,-1,1,0,0,0,0,0,0,0,0,-1,0,0,1,0,0,1,1,1,4,0,0,1,2,3,0,1,0,0,0,0,0,0,0,0,0,0,0,2,1,0,0,1,0,2,0,1,1,1,4,0,0,0,0,0,0,0,0,-1,1,0,-1,0,-2,-1,0,0,-1,0,-2,0,-1,1,1,4,0,0,0,2,1,1,1,1,1,0,0,1,0,0,0,0,0,0,1,0,0,0,0,1,1,0,0,1,1,1,0,0,0,0,-1,1,0,1,-1,1,0,0,0,-1,-1,0,0,1,1,1
2560,8,1,09,1,1,0,0,2,1,0,1,1,2,1,1,0,0,1,0,0,0,0,1,1,0,0,1,2,0,0,0,0,0,0,0,0,0,0,0,0,1,0,0,0,1,-1,-1,0,0,1,0,-1,-1,0,0,0,0,1,0,0,-1,0,0,1,1,0,2,1,1,0,0,0,0,0,1,0,1,1,1,0,0,0,0,1,0,0,0,0,0,0,0,0,0,0,0,0,1,0,0,0,0,0,0,0,1,0,2,1,-1,1,0,1,1,1,0,0,0,0,0,0,0,1,0,0,1,0,2,2,1,2,0,1,4,0,1,0,2,1,0,0,0,0,1,1,1,0,1,2,0,1,0,0,2,0,0,0,0,0,0,0,0,0,0,-1,-1,0,1,-2,-1,0,0,1,-1,0,-1,0,0,-1,0,0,0,0,0,1,3,1,2,3,2,2,3,1,2,1,2,0,1,0,0,2,0,2,1,1,1,0,1,0,0,0,0,0,1,0,1,-2,1,-1,-1,-1,2,-1,1,-1,0,0,-1,0,-1,0,-1
2560,8,1,11,3,0,0,1,0,1,1,1,0,2,0,0,0,0,0,0,0,0,1,0,0,0,1,0,0,1,1,0,0,2,3,0,0,0,0,0,0,0,0,0,2,-1,-1,1,-2,0,0,-1,0,0,-1,-1,0,1,-2,3,0,0,0,0,2,2,0,0,1,0,2,1,0,0,0,1,0,0,0,0,0,0,0,0,0,0,0,0,0,0,2,0,0,0,2,1,0,0,1,0,0,1,0,0,2,0,-1,0,1,0,1,0,0,0,0,-2,0,0,0,2,1,-1,0,1,4,2,1,0,2,3,2,1,0,0,0,0,0,0,0,0,0,0,0,0,2,0,1,0,0,1,2,0,0,0,4,2,1,0,2,0,0,0,0,0,1,0,0,0,2,-2,0,-1,0,0,-1,-2,0,0,0,4,2,1,0,2,0,0,1,1,0,0,0,0,0,0,1,0,0,0,0,0,0,0,0,0,0,0,0,0,0,0,0,1,0,0,0,0,0,0,1,1,0,0,1,0,0,0,0,0,0,0,0,1
2560,8,2,09,0,1,2,2,0,0,0,1,3,0,0,1,1,0,0,0,0,1,1,0,0,0,1,3,0,0,0,0,0,0,0,0,0,1,0,0,0,0,0,0,0,1,1,-1,0,0,1,0,-3,0,0,0,1,1,0,0,0,0,1,0,0,1,2,2,1,1,0,1,1,0,0,1,1,1,0,0,0,0,1,1,0,0,0,0,0,1,0,1,0,0,0,0,1,0,0,0,0,0,1,0,-1,1,1,1,1,0,1,1,1,0,-1,0,-1,1,1,0,0,1,-1,0,0,1,1,2,1,2,1,0,1,2,0,0,0,1,1,0,0,1,1,0,1,1,0,1,1,1,0,0,0,1,0,1,0,0,0,0,0,0,0,0,-2,0,1,1,-1,-1,-1,0,0,0,-1,0,1,1,-1,0,1,0,0,0,1,2,0,0,1,2,1,0,1,1,0,0,0,1,0,0,0,1,1,0,0,0,0,0,0,0,0,0,1,1,0,0,0,0,-1,0,1,0,-1,0,0,1,0,0,-1,-1,0,0
2560,8,2,11,0,1,1,0,2,3,1,1,1,2,0,0,0,0,0,0,0,0,0,0,0,0,0,0,0,3,1,1,1,2,0,1,1,0,2,0,0,0,0,0,-3,0,0,-1,0,0,0,0,0,0,-3,-1,-1,-1,-2,0,1,1,0,2,0,1,2,0,4,1,1,0,0,3,0,0,0,0,0,0,0,0,0,0,0,0,0,0,2,1,1,0,0,1,0,1,2,0,4,0,0,0,0,0,-1,0,2,0,1,0,0,0,0,-2,-1,-1,0,0,-1,0,1,2,0,4,2,3,4,0,1,0,1,1,2,1,0,0,0,0,0,0,0,0,0,0,0,0,1,0,0,0,1,0,2,1,2,3,4,0,1,0,0,0,0,0,2,2,3,-2,0,0,0,-1,0,0,0,-1,0,-2,-1,2,3,4,0,1,1,0,2,1,2,1,1,1,0,0,0,0,0,0,0,0,2,1,0,0,0,0,1,1,1,0,2,1,0,0,0,0,-1,-1,1,0,-2,-1,0,0,0,0,-1,-1,1,0,2,1
2560,9,1,09,2,1,1,1,2,1,0,1,0,1,1,1,0,1,2,1,0,1,0,0,0,0,1,0,0,1,0,0,0,1,0,0,0,0,0,0,0,0,0,0,1,1,0,1,1,1,1,-1,1,2,0,0,1,0,-1,0,0,0,0,0,1,0,1,1,1,0,0,0,0,1,0,0,0,1,1,1,0,1,0,0,0,0,0,0,0,0,0,0,0,1,0,0,0,0,0,0,0,0,0,0,1,0,1,1,0,0,0,0,1,1,1,0,1,0,-1,0,0,0,0,0,1,0,0,3,4,1,0,0,2,1,1,0,0,1,4,0,0,0,2,0,1,0,0,2,1,0,0,0,0,0,0,0,0,0,0,0,0,0,0,0,0,0,0,1,3,0,0,0,-1,3,0,0,0,2,0,0,0,0,0,0,1,1,2,0,0,2,2,0,0,1,1,0,1,0,1,0,0,2,1,0,0,0,1,0,0,0,0,0,0,0,0,0,1,-1,0,0,0,-1,0,0,1,0,0,0,0,0,0,0
2560,9,1,11,0,1,0,1,1,0,2,0,0,1,0,0,0,0,0,0,0,0,0,0,0,0,0,0,0,0,2,0,0,0,0,1,0,1,1,0,0,0,0,1,0,-1,0,1,0,0,0,0,0,0,0,-2,0,0,0,0,1,0,1,0,1,3,2,0,1,0,2,0,0,0,0,0,0,0,0,1,0,0,0,0,0,0,0,0,0,0,2,0,0,0,0,3,2,0,1,0,0,0,0,0,1,1,2,0,1,0,0,0,0,0,1,-2,0,0,0,0,3,2,0,1,1,2,0,1,0,0,2,1,1,0,0,0,0,0,0,0,0,0,0,0,0,1,0,0,0,0,1,1,1,0,1,2,0,1,0,0,0,0,0,0,1,0,-1,0,0,0,-1,0,0,0,0,-1,-1,-1,0,1,2,0,1,0,2,2,1,0,2,2,1,0,1,0,0,0,0,0,0,0,1,0,0,0,1,2,0,0,1,2,1,0,0,0,1,0,0,0,0,0,0,0,0,0,-1,-2,0,0,1,2,0,0
2560,9,2,09,1,0,1,1,2,2,1,2,2,2,1,0,0,1,1,0,0,1,0,0,2,1,2,1,0,0,0,0,1,2,0,0,0,0,1,0,0,0,0,0,-1,-1,-1,-1,0,-1,-1,-2,0,1,0,0,1,-1,-2,0,0,0,0,1,1,1,2,1,2,0,1,1,2,1,1,0,2,1,1,0,1,0,0,0,0,0,1,0,0,0,1,0,2,1,0,0,0,0,1,0,0,0,0,0,1,0,1,-1,1,1,0,1,1,1,0,0,0,-2,-1,0,0,0,0,1,0,1,1,4,1,1,1,2,3,1,0,1,1,3,0,0,0,0,1,1,1,1,1,2,1,0,0,1,1,0,0,0,0,0,0,0,0,0,0,0,-1,0,-1,1,0,-1,0,0,1,-1,0,0,-1,0,1,0,0,0,0,0,0,1,0,0,2,0,2,1,0,1,0,0,0,0,0,0,1,0,0,1,1,0,2,0,0,0,0,0,0,0,0,0,-2,1,-2,-1,-1,1,0,-1,-1,0,-2,0,0,0,0,0
2560,9,2,11,2,1,1,3,1,0,0,0,0,1,0,0,0,0,0,0,1,0,1,0,0,0,0,0,0,0,0,0,0,1,2,0,1,2,1,0,0,0,0,0,2,1,1,3,0,0,0,0,0,0,0,1,0,1,-1,2,0,1,2,1,4,1,0,0,3,1,0,0,1,1,0,0,0,0,0,0,0,0,0,0,1,0,0,0,0,0,0,0,1,1,4,1,0,0,3,0,0,0,0,0,3,1,0,-1,2,-1,0,0,0,0,0,0,0,-1,-1,4,1,0,0,3,1,3,0,0,1,1,0,1,2,1,0,0,0,0,0,0,1,0,0,0,0,0,0,0,0,1,0,1,2,1,1,2,0,0,1,0,0,0,0,0,0,3,-1,-2,0,0,0,0,0,0,-1,1,-1,-2,-1,1,2,0,0,1,1,0,4,2,0,0,2,1,0,0,2,0,1,0,0,0,0,0,0,0,0,0,2,1,0,0,2,2,0,0,0,0,1,0,2,1,0,0,2,0,1,0,-2,-1,0,0,2,2
2560,10,1,09,1,1,2,0,0,4,1,2,0,0,0,1,0,0,0,1,0,2,0,0,3,1,2,0,0,1,0,0,0,0,0,0,0,0,0,0,0,0,0,0,-3,0,0,0,0,-3,0,-2,0,0,0,0,2,0,0,0,0,0,0,0,1,1,1,2,1,0,1,0,4,1,0,0,0,1,1,1,1,1,1,0,0,0,0,2,1,0,1,0,2,0,0,0,0,0,0,0,0,0,0,0,1,0,1,-2,0,0,0,0,-1,0,1,0,1,-1,0,0,0,0,0,0,1,0,0,2,1,2,0,1,0,1,1,0,0,0,1,0,0,0,2,0,2,0,0,0,0,0,0,1,0,1,0,0,0,0,0,0,0,0,0,0,-1,0,-1,2,0,-1,0,0,0,1,0,0,-1,2,-1,0,0,0,0,0,1,2,1,0,0,3,0,2,0,1,1,0,1,1,0,0,0,2,0,0,0,0,0,2,0,0,0,0,0,1,0,0,1,-1,1,-2,0,-1,1,0,1,1,0,-2,0,-1,0,0
2560,10,1,11,2,1,1,0,1,0,1,0,0,2,0,0,0,0,0,0,0,1,0,0,0,0,0,0,0,0,1,0,0,1,2,1,0,0,1,0,0,0,0,1,2,0,1,0,-1,0,0,0,0,0,0,-1,1,0,-1,2,1,0,0,0,2,4,1,1,2,0,0,0,2,1,0,2,0,0,0,0,0,0,0,0,0,0,0,0,0,0,0,0,2,1,2,2,1,1,2,0,0,0,0,0,2,4,1,-1,1,0,2,0,0,0,0,0,0,-2,-1,2,2,1,1,2,0,3,0,0,0,1,1,0,0,1,0,1,0,0,0,0,0,0,0,0,0,1,0,0,0,1,0,0,0,1,0,2,0,0,0,0,0,0,0,0,-1,2,0,0,-1,0,0,0,0,0,-1,0,0,0,-1,0,2,0,0,0,0,0,1,0,0,0,1,0,0,0,0,0,0,0,0,0,0,0,0,0,0,0,1,0,0,0,1,0,0,0,0,0,0,0,0,0,0,0,0,0,0,0,-1,0,0,0,1,0
2560,10,2,09,1,0,1,3,2,0,3,0,2,1,1,0,0,1,2,0,0,1,1,0,0,1,0,1,0,0,2,0,1,1,0,0,0,1,0,0,0,0,0,0,1,-3,1,1,1,1,-1,0,0,2,0,-2,1,0,-1,0,0,0,1,0,0,0,1,1,0,3,1,0,0,0,0,0,0,1,0,0,0,1,0,0,0,1,0,0,0,2,0,0,0,0,0,0,0,0,0,1,0,0,0,0,-3,-1,1,1,0,0,-1,0,1,0,-2,0,1,0,0,-1,0,0,0,0,1,1,1,0,0,0,1,1,0,1,1,1,0,0,0,0,0,1,0,0,0,1,0,0,1,0,0,1,0,0,0,0,0,0,0,0,0,0,0,0,1,0,0,0,-1,1,0,0,0,-1,0,0,0,0,0,0,0,0,0,0,2,3,1,1,1,0,1,1,1,2,1,0,1,1,0,1,1,0,1,1,0,0,0,0,0,0,0,0,0,0,0,0,1,3,0,0,0,2,0,-1,1,1,0,1,0,0,0,0
2560,10,2,11,1,2,0,0,0,2,1,0,0,0,0,0,0,0,0,0,0,0,0,0,1,0,0,0,0,1,1,0,0,0,1,2,0,0,0,0,0,0,0,0,-1,1,0,0,0,-1,0,0,0,0,-1,-1,0,0,0,1,2,0,0,0,3,0,1,3,2,3,1,1,0,1,0,0,0,0,0,0,0,1,1,0,1,0,0,0,1,2,1,1,0,0,3,0,0,2,2,0,0,0,0,0,0,-1,0,3,1,-1,0,0,0,-1,-2,-1,0,1,0,3,0,0,2,2,0,0,1,0,0,0,1,3,1,0,0,0,0,0,0,0,0,0,0,0,0,0,0,1,0,0,1,3,0,0,0,0,1,0,0,0,0,0,0,0,0,-1,-2,-1,0,0,0,0,-1,0,0,-1,-3,0,0,0,0,1,0,0,0,0,4,0,1,0,3,0,0,0,0,0,0,0,0,0,0,0,0,0,0,0,3,0,0,0,4,0,1,0,0,0,-1,0,1,0,0,0,0,0,0,0,-3,0,-1,0,4,0
2560,11,1,09,2,1,1,0,1,0,0,0,0,0,2,0,1,0,1,0,1,0,0,0,0,0,0,0,0,0,0,0,0,0,0,0,0,0,0,0,0,0,0,0,2,1,1,0,1,2,0,1,0,1,0,1,0,0,0,0,0,0,0,0,2,1,1,0,0,2,1,0,0,0,0,0,1,0,0,1,1,0,0,0,1,1,0,0,0,1,0,0,0,0,1,0,0,0,0,0,0,0,0,0,0,0,1,0,0,-1,-1,1,0,0,0,1,0,0,0,1,0,0,0,0,0,1,0,1,0,1,0,0,0,3,0,1,0,1,0,0,0,0,0,0,1,0,0,0,1,0,0,0,0,2,0,0,0,0,0,0,0,0,0,0,-1,1,0,1,-3,-1,1,0,1,-1,0,0,0,0,-2,0,0,0,0,0,1,1,0,1,0,1,2,1,1,1,0,1,0,0,0,0,0,1,2,1,0,0,0,0,0,0,0,0,0,0,0,0,1,0,-2,0,1,0,-2,0,0,0,0,0,0,0,0,0
2560,11,1,11,6,1,1,1,1,1,1,1,0,2,2,0,0,1,0,0,0,0,0,0,1,0,0,0,0,0,1,1,0,2,4,1,1,0,1,0,0,0,0,0,5,0,0,1,-1,1,0,0,1,0,0,-1,-1,0,-2,4,1,1,0,1,0,0,0,0,1,0,1,1,0,0,0,0,0,0,0,0,0,0,0,0,0,0,0,0,0,0,1,1,0,0,0,0,0,0,1,0,0,0,0,0,0,-1,-1,0,1,0,0,0,0,0,0,-1,-1,0,0,0,0,0,0,1,1,4,0,1,3,0,0,1,1,2,0,0,0,1,1,0,0,0,0,0,0,0,0,1,0,0,0,1,0,2,1,4,0,0,2,0,0,0,0,0,1,4,-1,0,1,0,0,0,0,1,0,0,-1,0,-2,1,4,0,0,2,0,1,1,1,0,1,2,1,0,0,0,0,0,0,0,0,0,0,0,0,0,1,2,0,0,1,1,1,0,0,0,1,0,0,-1,0,0,0,0,0,0,-1,-2,0,0,1,1,0
2560,11,2,09,1,0,1,1,2,0,3,1,0,3,1,0,0,1,2,0,0,1,0,0,0,2,1,0,1,0,1,0,0,2,0,0,0,0,0,0,0,0,0,0,1,-3,0,1,-1,1,-2,-1,1,1,0,-1,1,0,-2,0,0,0,0,0,1,1,0,1,0,2,0,1,1,0,1,0,0,0,0,0,1,0,1,0,0,0,1,0,0,1,0,0,0,0,0,0,0,0,0,1,0,0,1,0,-1,1,-1,0,0,1,0,-1,0,0,-1,1,0,1,0,-1,0,0,-1,0,0,1,0,1,1,0,0,0,1,0,0,0,0,0,1,0,1,0,1,0,0,0,0,0,0,0,0,0,1,0,0,0,0,0,0,0,0,0,0,0,0,1,0,0,1,0,0,0,0,1,0,1,0,0,0,0,0,0,0,0,0,0,0,0,2,1,1,0,0,0,0,0,0,0,0,0,1,1,0,0,1,0,1,0,0,0,0,0,0,0,0,0,-2,-1,-1,0,-1,-1,0,0,-1,0,-1,0,0,0,0,0
2560,11,2,11,0,0,0,0,1,0,0,0,0,0,0,0,0,0,0,0,0,0,0,0,0,0,0,0,0,0,0,0,0,0,0,0,0,0,1,0,0,0,0,0,0,0,0,0,1,0,0,0,0,0,0,0,0,0,0,0,0,0,0,1,2,0,1,1,0,0,0,1,2,2,0,0,0,0,0,0,0,0,0,0,0,0,0,1,1,0,0,1,1,0,2,0,1,1,0,0,0,0,0,1,2,0,0,-1,-2,0,0,0,-1,-1,0,0,-1,-1,0,2,0,1,1,-1,1,1,1,1,3,0,0,0,1,2,0,0,0,0,1,0,0,0,0,0,0,0,0,0,1,0,0,0,1,1,1,1,1,1,2,0,0,0,0,0,1,1,1,0,1,0,0,0,0,0,0,0,0,-1,-1,1,1,1,1,2,2,2,2,1,0,0,1,1,1,0,0,0,1,0,0,0,0,0,0,0,0,0,0,1,0,2,2,1,0,0,1,0,2,2,1,0,1,0,0,0,1,0,0,-1,0,2,1,1
2560,12,1,09,1,1,1,1,1,0,0,0,3,0,0,1,0,1,1,1,0,1,0,0,0,0,0,1,0,0,0,0,2,0,0,0,0,0,0,0,0,0,0,0,1,1,1,-2,1,0,1,0,0,1,1,0,1,-2,0,0,0,0,0,0,0,0,0,1,3,1,1,2,1,1,0,0,0,0,2,0,0,0,1,1,0,0,2,1,1,1,0,0,0,0,0,0,0,0,0,0,1,0,0,0,-1,-1,-2,0,2,0,0,-2,-1,1,-1,0,0,1,1,0,-1,0,0,0,1,0,1,0,0,0,0,2,0,1,1,0,0,0,0,0,0,1,0,0,0,0,2,0,0,0,0,0,0,1,0,0,0,0,0,0,0,0,0,0,1,0,-1,0,-1,1,0,-2,0,0,0,0,1,0,-1,0,0,0,0,0,1,1,0,0,3,1,1,0,1,0,0,0,0,1,0,0,3,1,1,0,0,0,0,0,0,0,0,0,0,0,0,0,-2,0,-1,0,-2,-1,-1,0,0,1,0,0,0,0,0,0
2560,12,1,11,1,3,0,2,2,0,3,1,0,1,0,0,0,0,0,0,1,0,1,0,0,0,0,0,1,0,2,1,0,0,1,2,0,1,2,0,1,0,0,0,1,0,-1,2,1,0,0,0,0,-1,0,-1,-1,1,0,1,1,0,1,2,2,1,0,2,2,1,1,1,1,2,0,0,0,0,0,0,0,0,0,0,1,0,0,0,0,0,1,1,1,2,2,1,0,2,2,0,0,0,0,0,1,0,-1,1,0,-1,0,0,0,0,0,-1,-1,-1,-2,2,1,0,2,2,3,4,1,1,1,0,2,1,0,1,1,0,0,1,0,0,0,0,0,0,0,2,0,0,0,0,0,1,0,1,2,4,1,0,1,0,0,0,0,0,3,2,0,1,0,1,-2,0,1,0,0,0,-1,0,-1,2,4,1,0,1,1,1,0,2,1,1,0,0,0,0,0,0,0,0,0,0,1,0,0,0,0,1,0,0,1,1,0,2,0,0,0,0,0,0,0,2,-1,0,0,0,0,-1,0,0,1,1,0,2
2560,12,2,09,1,3,1,0,0,1,0,1,1,0,0,3,1,0,0,0,0,0,0,0,1,0,0,0,0,0,0,1,1,0,1,0,0,0,0,0,0,0,0,0,0,3,0,-1,0,-1,3,1,0,0,0,0,-1,-1,0,1,0,0,0,0,0,1,2,0,1,0,3,0,0,0,0,0,1,0,1,0,1,1,0,0,0,3,0,0,0,0,0,0,0,0,0,0,0,0,0,0,0,0,0,0,0,-2,2,0,1,0,-3,1,0,1,0,1,1,0,0,0,0,0,0,0,2,0,0,0,2,0,0,0,1,1,2,0,0,0,1,0,0,0,0,1,0,0,0,1,1,0,0,0,0,0,0,0,0,0,0,0,0,0,0,0,2,0,0,-1,1,2,0,0,-1,0,0,0,0,0,1,0,0,0,0,0,1,0,3,1,3,0,4,2,1,0,3,0,0,0,0,1,2,0,4,2,0,0,0,0,0,0,0,0,1,0,0,0,-2,0,-1,-1,-1,0,-1,-2,0,0,0,1,-1,0,0,0
2560,12,2,11,1,1,0,0,0,2,0,1,0,2,0,0,0,0,0,0,0,0,0,0,1,0,0,0,0,1,0,1,0,1,1,1,0,0,0,0,0,0,0,1,-1,1,-1,0,-2,-1,0,0,0,0,-1,0,-1,0,-1,1,1,0,0,-1,2,0,0,0,1,0,0,0,0,0,0,0,0,0,0,0,0,0,0,0,0,0,0,0,0,0,0,0,0,0,2,0,0,0,1,0,0,0,0,0,2,0,0,0,1,0,0,0,0,0,0,0,0,0,0,2,0,0,0,1,2,2,1,1,0,2,0,3,2,0,0,0,0,0,0,0,1,0,0,0,0,0,0,0,0,2,0,3,2,0,2,1,1,1,0,0,0,0,0,0,0,2,-2,-1,0,0,0,0,0,0,-2,1,-3,-2,0,2,1,1,1,0,0,2,4,0,0,4,4,1,0,0,1,0,0,0,0,0,0,1,1,0,0,3,3,1,0,2,3,0,0,0,0,0,0,-2,0,-1,0,-1,0,0,0,-3,-3,-1,0,2,3,0
2560,13,1,09,0,1,1,1,1,1,1,2,1,1,0,1,1,0,0,0,0,0,0,1,1,0,2,0,0,0,1,0,1,1,0,0,0,1,0,0,0,0,0,0,-1,0,-1,0,0,-1,1,-1,0,0,0,-1,0,-1,0,0,0,0,1,0,2,1,2,0,2,1,0,1,0,1,1,1,0,0,2,0,0,2,0,0,1,0,0,0,0,0,0,1,0,1,1,0,0,0,0,0,0,0,0,0,1,1,1,0,1,0,1,0,0,2,0,0,1,0,-1,1,0,0,0,0,1,2,1,0,0,1,1,1,1,1,0,1,1,0,0,1,1,0,0,0,1,0,1,1,0,0,1,0,0,1,0,0,0,0,0,0,0,0,0,0,0,1,0,-1,-1,-1,1,0,-1,0,1,0,0,0,-1,0,0,0,0,0,3,3,2,1,1,3,3,2,2,1,2,1,1,1,0,0,1,2,1,1,0,1,2,1,0,1,0,0,0,0,0,0,2,0,-1,-1,1,-1,1,0,1,0,-2,-1,0,1,0,0
2560,13,1,11,5,3,0,1,0,1,3,1,0,2,2,0,0,0,0,0,0,0,0,0,1,0,0,0,1,0,3,0,0,1,3,3,0,1,0,0,0,1,0,0,4,0,-1,1,-2,1,0,0,0,-1,0,-3,0,0,-1,3,3,-1,1,0,5,0,1,0,2,1,0,1,0,2,0,0,0,0,0,0,0,0,0,0,0,0,0,0,1,1,0,1,0,0,5,0,1,0,2,0,0,0,0,1,4,0,0,0,0,0,0,0,0,-1,-1,0,-1,0,0,5,0,1,0,1,1,2,1,0,1,0,1,2,0,2,0,1,0,0,1,0,0,1,0,0,0,0,0,0,0,0,1,2,0,2,1,1,0,0,0,0,0,0,0,0,1,1,-1,0,-1,0,1,0,0,1,0,-1,-1,0,-2,1,1,0,0,0,2,1,1,2,0,0,1,0,0,1,0,0,1,0,0,0,0,0,0,0,0,0,1,0,1,0,1,2,0,0,0,0,2,1,0,2,0,1,0,0,1,0,-1,0,1,0,1,2
2560,13,2,09,0,1,0,0,1,1,0,1,0,3,0,0,0,0,1,0,1,0,0,0,1,0,1,0,2,0,0,0,0,1,0,0,0,0,0,0,0,0,0,0,-1,1,-1,0,-2,-1,0,-1,0,-1,0,1,0,0,-1,0,0,0,0,0,1,0,0,1,1,0,0,2,1,2,0,0,0,1,1,1,0,0,0,0,0,0,2,1,2,0,0,0,0,0,0,0,0,0,0,0,0,0,0,0,1,0,-2,0,-1,0,0,-2,0,-1,1,0,0,0,0,0,0,0,0,0,0,1,0,0,0,1,1,0,2,0,0,0,0,0,0,0,1,0,0,0,1,1,0,1,0,0,0,0,1,0,0,0,0,0,0,0,0,0,0,0,-1,0,0,-2,0,-1,-1,0,-1,0,0,1,0,-1,0,0,0,0,0,0,1,0,2,0,0,1,3,0,1,0,2,0,0,0,0,0,0,1,2,0,0,0,1,0,0,0,0,0,0,0,0,0,1,-1,-1,0,1,-1,0,0,0,0,-1,0,0,0,0,0
2560,13,2,11,1,2,1,1,1,1,1,0,0,0,0,1,0,0,1,0,0,0,1,0,0,0,0,0,0,1,1,0,0,0,1,1,1,0,0,0,0,0,0,0,0,1,1,1,1,0,1,0,0,1,-1,-1,0,1,0,1,1,1,0,0,2,1,0,0,0,1,0,1,0,0,0,1,0,0,0,0,0,0,0,0,0,0,0,0,0,1,0,1,0,0,2,0,0,0,0,0,0,0,0,0,1,1,-1,0,0,0,1,0,0,0,-1,0,-1,0,0,2,0,0,0,0,1,2,0,0,1,0,0,2,0,1,0,0,0,0,0,0,0,0,0,0,0,0,0,0,0,0,0,2,0,1,1,2,0,0,1,0,0,0,0,0,1,2,-2,0,0,0,0,0,0,0,0,0,-2,0,-1,1,2,0,0,1,2,0,0,0,2,0,1,0,0,0,0,0,2,0,0,0,1,0,0,0,1,0,1,0,0,0,0,0,0,0,0,0,0,0,-1,0,-1,0,0,0,1,0,-1,0,0,0,0,0
2560,14,1,09,2,2,1,2,0,0,1,2,1,2,1,2,1,2,0,1,0,0,0,0,0,1,2,1,1,0,0,0,0,1,0,0,0,0,0,0,0,0,0,0,2,1,-1,1,-2,1,1,-1,1,-1,1,0,0,0,-1,0,0,0,0,0,0,2,0,0,0,3,2,0,1,0,0,1,0,0,0,0,1,0,0,0,2,1,0,0,0,1,0,0,1,0,0,0,0,0,0,0,1,0,0,0,-3,0,0,-1,0,-2,0,0,0,0,-1,1,0,-1,0,0,-1,0,0,0,0,1,1,0,0,2,2,1,2,1,0,0,1,0,0,0,1,0,0,0,2,0,1,2,0,0,2,0,0,1,0,0,0,0,0,0,0,0,0,0,-2,-1,0,-2,-1,-2,0,0,-2,0,0,-1,0,0,-1,0,0,0,0,0,1,1,0,0,1,2,0,2,0,1,0,0,1,0,0,0,1,2,0,2,0,0,0,0,0,0,0,0,0,0,0,0,0,-1,0,-2,-1,-1,0,-2,1,0,0,0,0,0,0,0
2560,14,1,11,1,0,0,2,1,2,4,0,3,2,0,0,0,1,0,0,0,0,0,0,0,0,0,2,0,2,3,0,1,2,1,0,0,1,1,0,1,0,0,0,-1,-4,0,-1,-1,0,0,0,-1,0,-2,-3,0,-1,-2,1,-1,0,1,1,4,0,1,2,1,0,0,0,0,0,0,0,0,0,0,0,0,0,0,0,0,0,0,0,0,0,0,0,0,0,4,0,1,2,1,0,0,0,0,0,4,0,1,2,1,0,0,0,0,0,0,0,0,0,0,4,0,1,2,1,4,3,1,1,1,0,1,2,0,0,0,1,0,1,0,0,0,0,0,0,0,0,1,0,0,0,1,1,0,0,4,2,1,0,1,0,0,0,0,0,4,2,-1,1,1,0,1,-1,1,0,0,-1,-1,0,0,4,2,1,0,1,1,1,1,0,2,2,0,0,0,0,0,0,0,0,0,0,1,1,0,0,0,1,0,0,1,1,1,0,1,0,0,0,-1,-1,1,0,-1,-1,0,0,0,-1,0,0,0,1,1,0
2560,14,2,09,1,0,1,0,1,1,1,0,2,1,1,0,0,0,1,0,0,1,0,0,1,0,0,1,0,0,1,0,1,1,0,0,0,0,0,0,0,0,0,0,0,-1,1,-2,0,0,0,0,-1,1,0,-1,1,-1,-1,0,0,0,0,0,3,0,3,0,2,1,0,1,2,1,2,0,2,0,1,1,0,1,0,1,0,0,0,2,0,1,0,1,0,1,0,0,0,0,0,0,0,0,0,0,2,0,2,-2,1,2,0,2,-2,1,0,0,0,0,0,0,0,0,0,0,2,0,3,0,1,0,1,1,0,0,2,0,3,0,0,0,0,0,0,1,0,1,1,0,0,0,0,0,0,0,0,0,0,0,0,0,0,0,0,0,2,-1,2,0,1,2,-1,2,0,0,0,0,0,0,1,0,0,0,0,0,0,0,1,0,0,2,1,4,0,0,1,0,0,0,0,0,0,2,1,3,0,0,0,1,0,0,0,0,0,0,0,0,0,-2,0,-4,0,-2,0,-3,0,0,0,-1,0,0,0,0
2560,14,2,11,1,1,0,2,0,2,0,0,0,0,0,0,0,0,0,0,0,0,0,0,0,0,0,0,0,2,0,0,0,0,1,1,0,2,0,0,0,0,0,0,-1,1,0,2,0,0,0,0,0,0,-2,0,0,0,0,1,1,0,2,0,2,3,1,1,1,1,1,0,1,0,0,0,0,0,0,0,1,0,0,0,0,0,0,0,0,1,1,0,1,0,2,2,1,1,1,0,0,0,0,0,1,2,1,0,1,0,0,0,0,0,-1,0,0,-1,0,2,2,1,1,1,1,3,1,1,0,1,0,2,1,1,0,0,0,0,0,0,1,1,0,0,0,0,0,0,0,1,0,2,1,1,1,2,0,1,0,0,0,0,0,0,0,3,-1,0,-1,0,0,0,0,0,-1,1,-1,-1,-1,1,2,0,1,0,0,1,1,1,0,1,2,2,0,0,0,0,0,1,0,0,0,0,1,0,0,1,1,0,0,0,1,1,0,0,0,2,0,0,-1,-1,0,0,-1,0,0,0,-1,0,0,0,1,-1
2560,15,1,09,0,0,1,2,0,0,1,0,1,1,0,0,1,1,0,0,0,0,0,0,0,1,0,0,0,0,0,0,1,1,0,0,0,1,0,0,0,0,0,0,0,-1,1,1,-1,0,-1,1,1,0,0,0,0,-1,-1,0,0,0,1,0,0,0,0,0,0,1,1,0,0,0,0,0,0,0,0,0,0,0,0,0,1,0,0,0,0,0,1,0,0,0,0,0,0,0,0,0,0,0,0,0,-1,-1,0,0,0,-1,0,0,0,0,0,-1,0,0,0,0,0,0,0,0,0,1,0,3,1,1,1,0,2,2,0,1,0,0,1,0,0,0,2,0,1,1,0,1,2,0,0,0,1,0,0,0,0,1,0,0,0,0,0,0,-1,0,0,1,-1,-1,0,0,-1,-1,0,0,0,1,0,0,0,0,1,0,0,1,0,0,0,0,1,0,0,0,0,0,0,0,0,0,0,0,1,0,0,0,0,0,0,1,0,0,0,0,0,0,0,1,-1,0,0,0,-1,0,0,0,0,0,0,1,0,0
2560,15,1,11,2,2,2,0,0,3,0,0,0,2,0,0,0,0,0,0,1,0,0,0,0,0,0,0,1,3,0,0,0,1,2,1,2,0,0,0,0,0,0,0,-1,2,2,0,-2,0,0,0,0,-1,-3,1,0,0,-1,2,1,2,0,0,1,1,1,5,3,1,1,1,1,1,0,1,0,0,0,0,0,0,0,0,0,1,0,0,0,1,0,1,1,0,1,0,1,5,3,0,0,0,0,1,0,0,0,4,2,0,0,0,0,0,-1,0,-1,-1,0,1,0,1,5,2,2,2,0,1,3,1,2,1,1,2,1,0,0,0,1,0,0,0,0,1,1,1,0,0,0,0,1,1,1,2,1,2,0,1,1,0,0,0,0,0,1,0,-1,0,1,0,-1,0,0,1,0,-1,-1,-1,-1,1,2,0,1,1,0,1,3,0,1,1,3,2,0,0,1,0,0,0,0,0,0,0,1,1,0,1,2,0,0,1,2,0,1,0,0,1,-1,0,0,-2,0,0,0,-1,0,-1,-2,0,-1,1,2,-1
2560,15,2,09,3,0,0,0,0,1,1,0,0,1,2,0,0,0,0,1,0,0,0,0,1,0,0,0,1,0,1,0,0,0,0,0,0,0,0,0,0,0,0,0,2,-1,0,0,-1,1,0,0,0,-1,1,-1,0,0,0,0,0,0,0,0,0,1,1,0,2,4,1,1,0,3,0,1,0,0,1,0,0,1,0,1,4,1,0,0,2,0,0,1,0,1,0,0,0,0,0,0,0,0,0,0,-4,0,0,0,-1,-4,0,0,0,-1,0,0,0,0,0,0,0,0,0,0,1,1,0,1,0,1,4,3,3,0,1,0,0,1,0,0,1,0,0,0,1,3,2,3,0,0,1,1,0,0,0,0,0,0,0,0,0,0,0,0,0,-3,-3,-2,0,0,-3,-2,-2,0,0,0,-1,0,0,0,0,0,0,0,1,0,0,0,2,1,0,0,0,0,0,0,1,0,0,0,1,1,0,0,1,0,0,0,0,0,0,0,0,0,0,0,-1,-1,0,0,-1,-1,0,0,0,0,0,0,0,0,0,0
2560,15,2,11,2,1,1,0,0,1,0,0,1,0,0,0,0,0,0,0,0,0,0,0,0,0,0,1,0,1,0,0,0,0,2,1,1,0,0,0,0,0,0,0,1,1,1,-1,0,0,0,0,-1,0,-1,0,0,0,0,2,1,1,0,0,1,0,2,0,1,1,1,0,1,1,0,0,0,0,0,0,0,1,0,0,0,0,0,0,0,1,1,0,1,1,1,0,1,0,1,0,0,0,0,0,0,-1,2,-1,0,0,0,0,0,0,-1,-1,1,-1,-1,1,0,1,0,1,3,1,1,0,1,1,0,2,1,1,0,0,0,0,0,0,0,0,0,0,0,0,0,1,0,1,0,2,0,1,3,1,1,0,1,0,0,0,0,0,2,1,-1,-1,0,0,0,0,-1,0,-1,0,-2,0,-1,3,1,1,0,1,0,1,2,2,0,1,1,2,0,0,0,1,0,0,0,0,0,0,0,0,0,1,1,1,0,1,2,1,0,0,0,1,0,0,1,0,0,0,0,1,0,-1,-1,-1,0,1,2,0
2560,16,1,09,4,0,0,1,0,3,2,0,1,1,4,0,0,1,0,0,0,0,0,0,3,2,0,1,0,0,0,0,0,1,0,0,0,0,0,0,0,0,0,0,1,-2,0,0,-1,1,-2,0,0,0,0,0,0,0,-1,0,0,0,0,0,3,0,2,1,0,2,0,2,0,1,1,0,1,1,0,2,0,1,0,0,2,0,2,0,1,0,0,0,0,0,0,0,0,0,0,0,0,0,0,0,1,0,0,1,-1,-1,0,-1,1,-1,2,0,1,0,0,0,0,0,0,0,0,0,2,0,1,0,0,4,0,1,0,0,2,0,0,0,0,0,0,1,0,0,3,0,0,0,0,1,0,1,0,0,0,0,0,0,0,0,0,0,0,0,-2,0,0,0,0,-1,0,0,0,0,-1,0,0,0,0,0,0,0,2,1,0,2,4,2,0,1,1,1,0,0,1,0,0,2,3,2,0,1,1,0,0,0,0,0,0,0,0,0,0,0,-2,-1,0,1,-2,-1,0,-1,0,0,0,2,0,0,0,0
2560,16,1,11,1,2,2,1,1,1,1,1,0,1,0,0,0,0,0,0,0,0,0,0,1,0,0,0,0,0,1,1,0,1,1,2,2,1,1,0,0,0,0,0,0,1,1,1,0,-1,0,0,0,0,0,-1,-1,0,-1,1,2,2,1,1,6,1,0,4,3,0,0,0,4,0,0,0,0,0,0,0,0,0,1,0,0,0,0,0,0,0,0,0,4,0,6,1,0,3,3,0,0,0,0,0,6,1,0,0,3,0,0,0,0,0,0,0,0,-3,0,6,1,0,3,3,9,3,2,0,1,2,2,2,1,0,1,0,0,0,0,0,1,0,0,1,1,2,0,0,0,1,0,2,1,0,8,2,2,0,0,0,0,0,0,0,7,1,0,-1,1,0,-2,0,0,0,-1,1,-2,-1,1,8,2,2,0,0,0,0,2,1,2,0,2,2,0,0,0,1,0,0,0,0,1,0,0,0,1,0,2,1,0,0,2,0,0,0,0,1,-2,0,0,-1,-1,0,0,1,-1,0,-2,-1,0,0,2,-1
2560,16,2,09,2,1,1,2,1,2,0,0,2,4,2,1,1,2,1,0,0,0,0,0,2,0,0,2,2,0,0,0,0,2,0,0,0,0,0,0,0,0,0,0,0,1,1,0,-3,0,1,1,0,-1,0,0,0,0,-2,0,0,0,0,0,3,2,3,0,1,3,1,3,4,0,3,1,2,0,1,0,1,1,0,0,2,1,2,2,0,1,0,1,2,0,0,0,0,0,0,0,0,0,0,0,0,1,0,-4,1,1,0,0,-2,1,-1,1,0,-2,0,0,0,0,0,0,4,0,1,4,1,1,2,1,0,1,4,0,1,3,1,0,0,0,1,0,0,2,1,0,1,1,0,0,0,0,0,0,0,0,0,0,0,0,0,0,3,-2,0,4,0,4,-2,0,3,0,-1,0,0,1,0,0,0,0,0,0,1,0,0,1,1,1,1,1,1,0,0,0,0,0,0,1,1,1,1,1,0,0,0,0,0,0,0,0,0,0,0,0,0,-1,-1,0,0,-1,-1,-1,0,0,0,1,0,0,0,0
2560,16,2,11,3,0,1,2,0,2,1,1,1,0,0,0,0,0,0,0,0,0,0,0,0,0,0,0,0,2,1,1,1,0,3,0,1,2,0,0,0,0,0,0,1,-1,0,1,0,0,0,0,0,0,-2,-1,-1,-1,0,3,0,1,2,0,0,2,0,0,0,0,0,0,2,3,0,0,0,0,0,0,0,0,0,0,0,0,0,0,1,0,0,0,2,2,0,2,0,0,0,0,0,0,0,0,0,2,0,-2,-3,0,0,0,0,-1,0,0,0,-2,-2,0,2,0,0,0,1,4,0,0,1,1,0,2,0,2,0,0,0,0,0,1,0,0,0,0,1,0,1,0,0,0,0,0,0,2,0,4,0,0,1,0,0,1,0,0,0,4,-2,0,-1,-1,0,-1,0,0,1,0,0,0,-2,0,4,-1,0,1,2,2,2,0,2,1,2,0,0,1,0,0,0,0,0,0,1,0,0,0,1,1,2,0,2,1,2,0,0,0,0,0,0,1,0,0,-1,1,0,0,-1,-1,-2,0,2,1,2,0
2560,17,1,09,1,0,4,2,2,1,0,0,3,0,1,0,3,2,2,0,0,1,0,0,1,0,0,3,0,0,0,0,0,0,0,0,0,0,0,0,0,0,0,0,0,0,4,-1,2,0,0,3,-1,2,0,0,1,0,0,0,0,0,0,0,0,1,1,0,1,1,0,1,0,2,0,1,1,0,0,0,0,0,0,0,1,0,1,0,2,0,0,0,0,0,0,0,0,0,1,0,0,0,0,0,-1,1,0,0,-1,-1,1,0,0,-2,0,0,0,0,0,0,0,0,0,1,0,2,2,1,1,1,1,1,1,3,0,2,2,0,1,0,0,0,1,0,1,1,1,0,2,0,0,0,1,1,0,0,0,0,0,0,0,0,0,0,-1,1,1,0,-2,-1,1,1,0,-1,0,0,0,0,-1,0,0,0,0,0,1,1,0,0,1,4,1,1,0,1,0,0,1,0,0,0,1,4,1,1,0,0,0,0,0,0,0,0,0,0,0,0,0,-3,-1,-1,-1,-3,-1,-1,1,0,0,0,0,0,0,0
2560,17,1,11,1,1,1,1,1,1,1,2,1,2,0,0,0,0,0,0,0,0,0,0,1,0,1,0,0,0,1,1,1,2,1,1,1,1,1,0,0,0,0,0,0,0,-1,0,-1,-1,0,-1,0,0,0,-1,-1,-1,-2,1,1,1,1,1,4,5,1,8,4,2,2,0,1,1,0,2,0,0,0,0,0,0,0,0,1,1,0,0,0,1,1,0,1,0,4,3,1,8,4,0,0,0,0,1,2,3,1,7,3,-1,1,0,0,0,-1,-1,0,-1,0,4,3,1,8,3,11,3,3,0,1,2,1,2,2,0,0,2,1,0,0,1,0,0,0,0,1,0,0,1,0,1,1,2,1,0,10,1,2,0,1,0,0,0,0,0,9,2,1,-2,1,-1,2,1,-1,0,0,-1,-2,-1,0,10,1,2,0,1,0,1,1,0,3,0,1,2,0,1,0,0,0,0,1,0,2,0,0,0,1,0,1,1,0,0,0,0,0,0,0,1,-3,1,0,-2,-2,1,0,0,-1,0,0,-1,0,0,0,-1
2560,17,2,09,3,3,1,0,0,0,3,1,0,2,3,3,1,0,0,0,0,0,0,0,0,2,1,0,1,0,1,0,0,1,0,0,0,0,0,0,0,0,0,0,3,0,0,0,-2,3,1,0,0,-1,0,-1,0,0,-1,0,0,0,0,0,2,3,2,3,1,2,1,2,0,0,2,2,2,2,1,0,1,0,1,0,2,0,2,0,0,0,1,0,0,0,0,0,0,0,0,0,0,0,0,0,0,2,0,3,1,0,2,0,2,1,0,0,0,1,0,0,0,0,0,0,1,0,1,0,0,1,2,1,2,2,1,0,0,0,0,0,0,1,0,0,0,2,0,2,2,1,0,1,0,0,0,0,0,0,0,0,0,0,0,0,0,-2,0,-2,-2,1,-2,0,-2,-2,-1,0,0,0,0,0,0,0,0,0,1,0,0,2,0,0,1,0,1,0,0,2,0,0,0,0,0,0,1,0,0,0,0,0,0,0,0,0,0,0,0,0,1,0,-1,2,1,0,-1,2,0,0,0,0,0,0,0,0
2560,17,2,11,4,3,1,0,1,1,0,0,1,2,0,0,0,0,0,0,2,0,0,0,0,0,0,1,1,1,0,0,0,1,4,1,1,0,1,0,0,0,0,0,3,3,1,-1,-1,0,0,0,-1,-1,-1,2,0,0,-1,4,1,1,0,1,0,1,0,2,2,0,1,2,1,0,0,0,0,0,0,0,0,0,0,0,0,0,1,0,0,0,1,1,1,0,0,1,0,2,2,0,0,0,0,0,0,0,-2,1,2,0,0,-1,0,0,0,-1,-1,-1,0,0,1,0,2,2,1,2,0,0,3,0,0,4,0,1,0,0,0,0,1,0,0,0,0,1,0,0,0,0,0,0,0,4,0,1,1,2,0,0,1,0,0,0,0,0,1,2,-4,0,2,0,0,0,0,1,0,0,-4,0,0,1,2,0,0,1,0,2,0,0,0,2,2,1,0,0,0,0,0,0,0,0,0,0,1,1,0,2,1,0,0,2,0,0,0,0,0,0,0,0,-2,-1,0,0,-1,-1,0,-2,-1,0,0,2,0,0
2560,18,1,09,1,3,0,0,1,1,1,2,2,0,1,3,0,0,1,0,0,0,0,0,1,1,1,0,0,0,0,1,2,0,0,0,0,0,0,0,0,0,0,0,0,2,-2,-2,1,0,2,-1,0,1,0,0,-1,-2,0,0,0,0,0,0,2,1,1,1,0,1,1,1,1,0,2,1,1,1,0,0,0,0,0,0,1,0,1,1,0,0,1,0,0,0,0,0,0,0,0,0,0,0,0,0,1,0,0,0,0,1,1,0,0,0,0,-1,0,0,0,0,0,0,0,0,2,0,3,0,0,1,1,1,1,2,1,0,0,0,0,0,0,2,0,0,1,1,1,1,2,0,0,0,0,0,1,0,1,0,0,0,0,0,0,0,1,-1,2,-1,-2,0,-1,-1,-1,-2,0,0,2,0,0,1,0,1,0,0,0,0,1,0,0,1,1,1,0,0,1,0,0,0,0,0,0,0,1,1,0,1,0,0,0,0,0,0,0,0,0,0,0,-1,0,-1,0,0,0,-1,0,-1,0,0,0,0,0,0
2560,18,1,11,3,0,1,0,2,2,0,0,0,5,0,0,1,0,1,1,0,0,0,0,0,0,0,0,1,2,0,0,0,4,2,0,0,0,1,0,0,0,0,0,1,0,1,0,-3,0,0,1,0,0,-1,0,0,0,-4,2,0,0,0,1,0,2,1,2,1,0,1,3,2,1,0,0,0,0,0,0,0,0,0,1,0,0,1,0,0,0,1,2,2,1,0,2,1,2,0,0,0,0,0,0,0,1,-2,0,0,0,0,-1,0,0,0,-1,-2,-2,0,0,2,1,2,0,5,13,4,0,1,0,5,3,0,1,0,1,1,0,0,0,1,0,0,0,0,0,0,0,0,0,5,3,0,1,5,11,3,0,1,0,0,0,0,0,5,8,1,0,0,0,1,1,0,0,0,-4,-3,0,-1,5,11,3,0,1,2,2,1,0,1,3,0,1,0,0,0,0,1,0,1,0,1,1,0,1,0,2,0,0,1,2,0,0,0,0,0,0,1,-1,1,-1,-1,-1,0,-1,1,-2,1,0,1,2,0,0
2560,18,2,09,3,1,4,3,2,3,4,5,3,1,2,0,3,3,2,1,1,1,0,0,1,1,4,2,1,2,3,1,1,0,0,0,0,0,0,0,0,0,0,0,0,-3,-1,0,1,1,-1,-1,1,1,-1,-2,0,-1,0,0,0,0,0,0,1,5,1,1,1,1,1,0,2,6,1,3,1,1,1,0,1,0,0,0,1,0,0,2,5,0,0,0,0,1,0,1,0,0,0,0,1,0,0,0,0,4,1,-1,-5,0,3,1,-1,-4,0,1,0,0,-1,0,0,0,0,0,1,2,3,2,1,2,1,1,3,2,1,2,2,2,1,0,0,1,0,0,2,1,1,2,0,0,0,0,1,2,0,0,0,0,0,0,0,0,0,0,-1,1,2,-1,-1,-1,1,1,0,1,0,0,1,-1,-2,0,0,0,0,0,0,2,0,2,0,2,2,0,0,2,0,2,0,0,0,0,0,2,1,0,0,0,1,0,0,0,0,0,0,0,0,0,0,0,-2,2,0,0,-1,2,0,0,-1,0,0,0,0,0
2560,18,2,11,1,1,0,2,2,0,2,0,1,0,0,0,0,0,0,0,0,0,0,0,0,0,0,0,0,0,2,0,1,0,1,1,0,2,2,0,0,0,0,0,1,-1,0,1,2,0,0,0,0,0,0,-2,0,-1,0,1,1,0,2,2,1,2,0,1,1,0,0,0,0,2,0,0,0,0,0,0,1,0,1,0,0,0,0,0,1,0,0,0,0,1,1,1,0,0,1,0,0,0,0,0,1,2,0,1,-1,0,0,0,0,-1,0,1,0,1,-1,1,1,0,0,1,1,3,0,1,0,1,1,0,4,1,0,0,0,0,0,0,0,0,0,0,1,0,0,3,0,0,1,0,1,1,1,3,0,1,0,0,0,0,0,0,0,2,0,-3,-1,-1,0,0,-3,0,0,-1,0,-1,-1,1,3,0,1,0,1,0,0,0,1,0,0,0,0,0,0,0,1,0,0,0,0,0,0,0,1,0,0,0,0,0,0,0,0,0,0,0,0,0,0,0,0,0,0,0,0,0,0,0,0,0,0,0
2560,19,1,09,2,2,3,2,3,8,8,5,7,7,2,2,2,1,1,0,0,1,1,2,5,8,4,4,3,3,0,1,3,4,0,0,0,0,0,0,0,0,0,0,-6,-6,-2,-5,-4,-3,-6,-2,-3,-2,-3,0,0,-2,-2,0,0,0,0,0,1,2,3,2,1,7,5,6,5,2,1,2,3,2,1,0,0,0,0,0,4,3,4,4,2,3,2,2,1,0,0,0,0,0,0,0,0,0,0,0,-6,-3,-3,-3,-1,-3,-1,-1,-2,-1,-3,-2,-2,-1,0,0,0,0,0,0,3,1,3,3,0,4,6,7,5,0,2,1,2,2,0,1,0,1,1,0,3,4,5,2,0,1,2,2,3,0,0,0,0,0,0,0,0,0,0,0,-1,-5,-4,-2,0,-1,-3,-3,0,0,0,-2,-1,-2,0,0,0,0,0,0,2,1,0,0,6,5,6,4,1,1,0,0,1,0,0,0,4,3,5,4,2,2,1,0,0,0,0,0,0,0,0,0,-4,-4,-6,-4,-3,-2,-5,-4,-1,-2,-1,0,0,0,0,0
2560,19,1,11,1,0,0,0,3,2,0,0,0,0,0,0,0,0,1,0,0,0,0,0,0,0,0,0,0,2,0,0,0,0,1,0,0,0,2,0,0,0,0,0,-1,0,0,0,3,0,0,0,0,1,-2,0,0,0,0,1,0,0,0,2,1,2,1,0,2,2,2,2,0,1,0,0,0,0,0,0,1,1,0,1,1,0,0,0,0,1,1,2,0,0,1,1,0,0,1,0,1,0,0,1,-1,0,-1,0,1,-1,0,0,0,0,-1,0,-1,0,1,1,0,0,0,0,4,1,5,5,2,2,1,5,5,0,0,1,0,1,1,1,0,0,0,0,0,0,0,1,0,2,1,5,3,0,3,0,5,4,1,0,0,0,1,0,2,0,0,0,2,0,1,0,0,1,-1,-1,-5,-3,0,3,0,5,3,1,3,2,2,0,3,2,2,4,0,0,1,0,1,0,1,0,1,1,2,1,2,1,0,2,2,2,0,0,0,0,0,1,0,0,0,-4,-1,-1,-1,-1,-1,-1,1,-2,2,2,0,-1
2560,19,2,09,3,7,7,6,5,14,4,14,12,19,1,6,4,4,3,2,1,3,2,2,7,1,6,8,15,7,2,8,4,4,0,0,0,0,0,0,1,0,0,0,-11,3,-7,-6,-14,-6,5,-2,-4,-12,-5,-1,-5,-2,-2,0,-1,0,0,0,3,2,5,1,3,12,8,6,7,4,2,1,3,1,2,1,1,2,0,1,5,3,5,4,4,7,5,1,3,0,0,0,0,0,0,0,0,0,0,0,-9,-6,-1,-6,-1,-3,-2,-2,-3,-2,-6,-4,1,-3,1,0,0,0,0,0,5,1,7,2,5,4,4,11,6,7,4,0,5,2,2,1,1,2,0,3,3,2,11,6,5,1,2,0,0,2,0,0,0,0,0,0,0,0,0,0,1,-3,-4,-4,-2,1,-2,-6,-4,-3,0,-1,2,0,1,0,0,0,0,0,2,1,6,4,6,10,9,5,2,1,6,3,0,0,0,1,2,8,5,5,4,2,4,0,0,0,0,0,0,0,0,0,-4,-9,-3,-1,0,-7,1,-2,-4,-2,-4,1,0,0,0,0
2560,19,2,11,2,0,2,3,0,0,1,1,2,0,0,0,0,0,0,0,0,0,1,0,0,0,0,0,0,0,1,1,2,0,2,0,2,2,0,0,0,0,0,0,2,-1,1,1,0,0,0,0,0,0,0,-1,-1,-1,0,2,0,2,2,0,1,3,0,3,1,2,4,1,1,3,0,1,0,1,0,0,1,0,0,0,2,1,0,0,1,0,3,1,1,2,1,1,0,2,1,0,0,0,0,0,-1,-1,-1,2,-2,-2,0,0,1,-1,0,-2,-1,-1,-2,1,1,0,2,1,2,1,1,2,1,1,0,3,1,0,0,0,0,1,1,0,0,0,0,0,1,0,0,0,0,0,0,3,1,0,2,1,1,1,0,0,0,0,0,0,1,1,-2,1,1,-1,0,0,1,1,0,0,-3,-1,0,2,1,1,1,0,2,1,0,0,0,2,1,0,0,0,0,0,1,0,0,0,0,0,1,0,0,2,0,0,1,1,0,0,0,0,0,0,2,-1,-1,0,0,0,-1,0,1,-2,0,0,1,1,0,0
2560,20,1,09,4,3,5,4,7,9,11,11,18,9,2,2,4,3,4,2,1,1,1,3,5,7,8,15,4,4,4,3,3,5,0,0,0,0,0,0,0,0,0,0,-5,-8,-6,-14,-2,-3,-5,-4,-12,0,-2,-3,-2,-2,-2,0,0,0,0,0,1,4,4,5,5,10,5,6,6,3,1,3,4,2,3,0,1,0,3,2,5,3,4,5,3,5,2,2,1,0,0,0,0,0,0,0,0,0,0,0,-9,-1,-2,-1,2,-4,0,0,-3,0,-5,-1,-2,2,2,0,0,0,0,0,0,4,2,4,2,3,4,6,3,5,0,0,1,3,2,0,4,1,1,0,2,0,4,1,4,1,4,2,2,1,0,0,0,0,0,0,0,0,0,0,-3,0,-4,1,-3,-2,0,-3,2,-2,-1,0,-1,-1,-1,0,0,0,0,0,0,4,2,0,3,4,10,7,0,4,1,0,0,0,1,0,1,3,8,7,2,1,2,0,0,0,0,0,0,0,0,0,-3,0,-8,-7,-1,1,-7,-7,-2,-1,-1,0,0,0,0,0
2560,20,1,11,1,0,2,0,5,1,0,3,0,6,0,0,1,0,0,0,0,0,0,0,0,0,2,0,0,1,0,1,0,6,1,0,1,0,5,0,0,0,0,0,0,0,-1,0,-1,0,0,-1,0,0,-1,0,-1,0,-6,1,0,1,0,5,0,1,1,2,3,1,0,0,0,2,0,0,0,1,1,0,0,0,0,0,1,0,0,0,0,0,0,0,0,1,0,1,1,1,2,0,0,0,0,1,-1,1,1,2,1,-1,0,0,1,1,0,0,0,0,-1,0,1,1,1,1,0,3,1,18,2,1,5,2,8,2,0,2,0,12,0,0,1,0,1,1,1,2,0,5,0,0,3,1,3,2,0,0,1,5,1,0,0,1,0,0,-1,-2,-1,10,0,-1,0,0,7,0,0,-2,-1,-2,-1,0,0,0,5,1,1,1,3,2,4,4,3,1,0,1,1,0,1,0,0,0,1,2,1,1,3,2,2,0,0,0,2,2,0,0,0,0,-3,-3,0,1,-1,-1,0,-1,-2,-2,-2,0,0,0,2,2
2560,20,2,09,0,7,5,4,7,14,12,10,17,13,0,6,4,2,4,0,1,0,2,3,8,7,6,8,7,6,5,3,9,5,0,0,1,0,0,0,0,1,0,1,-14,-5,-5,-13,-6,-8,-1,-2,-6,-3,-6,-4,-3,-7,-2,0,0,0,0,-1,3,4,6,4,3,11,11,8,14,6,2,1,4,3,3,1,3,2,1,0,5,4,5,7,3,6,7,3,7,3,0,0,0,0,0,0,0,0,0,0,-8,-7,-2,-10,-3,-3,-3,-1,-4,0,-5,-4,-1,-6,-3,0,0,0,0,0,5,6,2,3,7,9,13,5,6,5,5,5,2,2,4,0,1,0,1,3,5,12,5,4,3,4,1,0,2,2,0,0,0,0,0,0,0,0,0,0,-4,-7,-3,-3,2,0,-7,-3,-2,1,-4,0,0,-1,1,0,0,0,0,0,7,2,4,6,7,1,12,15,6,2,3,1,1,0,1,5,5,1,8,10,2,0,4,5,0,0,0,0,0,0,0,0,0,1,-8,-9,1,1,-5,-9,-1,0,-3,0,0,0,0,0
2560,20,2,11,3,1,1,2,0,0,1,1,3,2,0,0,0,1,0,0,0,1,1,0,0,0,0,0,0,0,1,1,3,2,3,1,0,0,0,0,0,0,0,0,3,0,0,-1,-2,0,0,0,1,0,0,-1,0,-2,-2,3,1,0,0,0,2,0,3,5,1,0,0,1,1,3,0,0,1,1,0,0,0,0,0,0,0,0,1,0,3,0,0,0,1,0,2,0,2,4,1,0,0,0,0,0,2,0,2,4,-2,0,0,0,1,-3,0,0,0,-1,0,2,0,2,4,1,2,2,4,2,0,1,3,6,3,0,0,0,1,1,0,2,0,1,0,0,1,2,1,0,0,0,1,5,3,0,0,2,2,1,0,0,0,0,0,0,1,-1,-2,-1,0,-1,-2,0,1,0,2,-1,-4,-3,0,0,2,2,1,0,1,1,1,1,1,1,1,1,0,0,0,0,0,1,0,0,1,0,1,1,0,1,0,0,1,0,1,1,0,0,0,0,0,0,0,0,-1,0,-1,-1,0,0,0,0,1,0,1,1
2560,21,1,09,5,2,4,8,6,8,13,9,12,11,3,0,4,8,5,2,2,0,0,1,3,8,6,8,7,5,5,3,3,4,0,0,0,0,0,0,0,0,1,0,-3,-11,-5,-4,-5,0,-8,-2,0,-2,-3,-3,-3,-3,-3,0,0,0,-1,0,2,6,5,3,4,9,7,7,7,7,0,2,3,2,2,2,4,2,1,2,8,4,4,7,2,1,3,2,0,5,0,0,0,0,0,0,0,1,0,0,-7,-1,-2,-4,-3,-8,-2,-1,-5,0,1,1,0,1,-3,0,0,-1,0,0,2,3,3,4,0,9,4,8,6,7,2,2,2,2,0,0,1,1,1,0,7,0,5,5,5,2,4,3,1,2,0,0,0,1,0,0,0,0,0,0,-7,-1,-5,-2,-7,-5,2,-3,-3,-5,-2,-3,-2,0,-2,0,0,0,1,0,3,1,7,2,4,2,5,7,1,1,6,1,2,0,1,1,3,2,3,4,1,0,2,3,0,0,0,0,0,0,0,0,-1,-1,2,-5,-2,-1,3,-3,1,0,-1,-2,0,0,0,0
2560,21,1,11,0,1,1,0,0,0,2,0,0,1,0,1,1,0,0,0,0,0,0,0,0,1,0,0,0,0,1,0,0,1,0,0,0,0,0,0,0,0,0,0,0,-1,1,0,-1,0,0,1,0,0,0,-1,0,0,-1,0,0,0,0,0,3,2,0,1,2,2,2,0,1,2,0,0,0,0,1,0,2,0,0,0,0,1,0,0,1,1,1,0,1,1,3,0,0,1,1,1,0,0,0,0,1,0,0,0,0,0,-1,0,0,0,-1,1,0,-1,-1,2,0,0,1,1,0,2,3,3,7,2,0,1,4,6,0,1,1,0,2,0,0,0,1,5,1,0,1,0,2,1,0,0,4,4,0,1,2,2,0,0,0,0,0,0,-2,2,2,-1,1,-1,1,0,0,0,-1,0,0,-3,1,0,1,2,2,0,1,0,1,2,3,0,0,4,0,0,1,1,1,0,0,0,0,0,0,2,2,0,0,1,0,0,0,1,1,0,0,1,-2,0,1,-2,0,0,1,-1,-1,0,0,-1,-1,0,0,0
2560,21,2,09,7,5,10,3,7,8,8,12,12,10,4,4,7,2,3,3,1,3,1,4,3,5,5,6,8,5,3,7,6,2,0,0,0,0,0,0,0,0,0,0,-1,-3,-2,-9,-3,1,-1,2,-4,-5,-2,-2,-4,-5,2,0,0,0,0,0,6,7,7,3,9,9,7,9,8,7,3,3,5,2,4,3,4,2,1,5,6,3,5,5,4,3,4,4,3,3,0,0,0,0,0,0,0,0,0,0,-3,0,-2,-5,2,-3,0,0,-3,0,0,0,-2,-2,2,0,0,0,0,0,6,4,11,0,6,8,9,8,3,6,4,3,9,0,6,2,1,2,0,0,7,7,7,2,5,1,2,1,1,1,0,0,0,0,0,0,0,0,0,0,-2,-5,3,-3,0,-3,-4,2,-2,1,1,-1,1,-1,-1,0,0,0,0,0,2,5,3,7,8,10,7,7,1,2,1,7,1,3,2,0,5,5,5,6,3,5,2,1,0,0,0,0,0,0,0,0,-6,-5,-4,0,-4,-3,-4,1,-2,-2,0,-1,0,0,0,0
2560,21,2,11,0,1,1,0,1,0,2,0,1,2,0,0,1,0,0,0,0,0,0,0,0,0,0,0,0,0,2,0,1,2,0,1,0,0,1,0,0,0,0,0,0,-1,1,-1,-1,0,0,1,0,0,0,-2,0,-1,-2,0,1,0,0,1,1,1,3,2,1,2,1,1,2,2,0,0,2,0,0,0,0,0,0,0,1,0,0,0,0,1,1,1,2,2,1,1,1,2,1,0,0,0,0,0,-1,0,2,0,-1,-1,0,2,0,0,-1,-1,-1,-2,-2,1,1,1,2,1,2,3,1,2,0,2,1,3,3,1,1,1,0,1,0,0,1,0,0,0,0,1,0,2,0,2,0,3,1,1,1,1,1,1,0,0,0,0,0,0,0,2,-2,-1,-1,1,0,0,-1,0,-2,1,-3,-1,-1,1,1,1,1,0,0,1,1,3,3,1,1,1,0,0,0,0,0,0,0,1,1,0,1,1,1,1,0,0,0,1,1,2,1,0,0,0,-3,0,0,2,-1,0,-1,-1,-1,-1,0,1,-1,1,1,2
2560,22,1,09,1,4,2,5,2,7,13,8,9,9,0,1,1,1,2,1,3,1,4,0,1,8,4,8,5,6,5,4,1,2,0,0,0,0,0,0,0,0,0,2,-6,-9,-6,-4,-7,-1,-7,-3,-7,-3,-5,-2,-3,3,-2,0,0,0,0,-2,7,2,1,3,2,8,5,6,7,3,6,2,1,2,2,1,0,0,1,0,5,3,4,4,2,3,2,2,3,1,0,0,0,0,0,0,0,0,0,0,-1,-3,-5,-4,-1,1,-1,-3,-2,0,-2,-2,-2,-2,-1,0,0,0,0,0,2,3,3,3,5,8,4,3,6,2,1,2,1,3,5,1,1,2,0,0,5,2,2,5,2,3,2,1,1,0,0,0,0,0,0,0,0,0,0,0,-6,-1,0,-3,3,-4,0,-1,-2,3,-2,-1,1,-1,0,0,0,0,0,0,4,0,3,6,4,1,7,8,3,0,2,2,1,0,1,4,1,0,7,8,3,1,0,0,0,0,0,0,0,0,0,0,0,-1,-4,-2,2,0,-5,-6,-2,-1,1,4,0,0,0,0
2560,22,1,11,0,0,1,0,4,0,0,0,0,4,0,0,0,0,1,0,0,1,0,0,0,0,0,0,1,0,0,0,0,2,0,0,0,0,3,0,0,0,0,1,0,0,1,0,0,0,0,0,0,0,0,0,1,0,-2,0,0,0,0,2,0,1,1,2,1,0,2,1,1,1,0,0,0,0,0,0,0,1,0,0,0,0,0,0,0,0,2,1,1,0,0,1,0,2,1,0,0,0,0,1,0,-1,0,1,0,0,0,0,0,0,0,-2,0,-1,0,0,1,0,2,0,7,3,1,2,3,6,0,3,2,1,0,2,0,1,2,0,1,1,0,1,2,0,1,0,0,4,0,2,2,1,7,0,0,1,0,0,0,0,0,0,1,3,-2,0,2,-2,2,-1,1,2,-4,1,-1,-2,0,7,0,0,1,0,7,4,3,1,12,4,3,2,1,2,0,0,6,1,0,0,5,1,2,1,7,3,1,1,0,1,3,1,0,0,0,0,-5,0,0,-1,-4,1,-2,-1,-1,-2,-1,-1,0,1,3,1
2560,22,2,09,8,10,4,8,9,13,6,7,10,8,5,7,3,2,3,3,3,1,6,6,4,4,3,4,6,9,2,4,6,2,0,0,0,0,0,0,0,0,0,0,-5,4,-3,-2,1,1,3,0,-2,-3,-6,1,-3,0,4,0,0,0,0,0,10,4,5,4,3,12,3,6,8,10,7,2,1,2,2,3,1,4,2,1,7,1,3,3,6,5,2,3,5,4,0,1,0,0,0,0,0,0,0,0,-2,1,-1,-4,-7,0,1,-2,-1,-4,-2,-1,1,-3,-3,0,1,0,0,0,3,2,6,4,5,5,4,6,9,4,2,1,3,4,4,1,1,3,0,1,2,1,4,7,4,3,3,2,2,0,0,0,0,0,0,0,0,0,0,0,-2,-2,0,-5,1,0,0,-1,-3,0,-2,-2,1,-2,1,0,0,0,0,0,2,3,3,5,5,8,6,5,2,2,3,4,0,1,0,1,2,5,5,3,3,3,1,2,0,0,0,0,0,0,0,0,-3,-5,-3,0,0,-3,-2,1,-3,-2,-1,-1,0,0,0,0
2560,22,2,11,2,0,0,1,1,2,0,2,0,0,0,0,0,0,1,1,0,0,1,0,0,0,0,0,0,2,0,2,0,0,1,0,0,0,0,0,0,0,0,0,0,0,-2,1,1,0,0,0,0,1,-1,0,-2,1,0,1,0,0,0,0,1,2,0,0,3,0,1,1,0,5,1,0,0,0,0,0,2,0,0,1,0,0,1,0,2,0,1,0,0,3,0,0,0,0,2,0,0,0,0,0,1,1,-1,0,-2,1,0,-1,0,-2,0,1,0,0,-2,0,0,0,0,2,2,4,1,1,0,2,3,4,2,0,0,1,0,0,0,0,0,1,1,0,1,2,0,0,0,1,1,3,2,0,2,3,0,0,0,0,0,1,0,0,0,1,-3,-1,0,-1,-1,0,0,0,-1,-1,-2,-1,0,2,3,-1,0,0,3,1,2,5,1,2,3,4,0,1,0,1,2,0,0,2,0,1,1,0,1,1,2,3,1,0,2,2,0,0,0,1,2,-1,-1,1,0,0,-1,1,1,-1,-2,-1,1,0,2,1
2560,23,1,09,2,7,8,5,5,5,5,5,6,6,2,5,4,3,3,0,2,4,2,2,4,3,2,4,5,1,2,3,2,1,0,0,0,0,0,0,0,0,0,0,-3,2,3,-1,-1,-2,2,2,-1,-2,-1,0,1,0,1,0,0,0,0,0,7,2,4,3,5,14,6,5,1,7,2,0,3,2,3,4,2,1,1,2,9,5,3,1,4,5,1,2,0,3,1,0,0,0,0,0,0,0,0,0,-7,-4,-1,2,-2,-7,-5,0,1,-1,-1,1,-1,1,-1,1,0,0,0,0,5,5,1,3,2,7,2,4,5,3,4,5,1,2,2,1,0,0,1,0,5,2,4,5,2,2,0,0,0,1,0,0,0,0,0,0,0,0,0,0,-2,3,-3,-2,-1,-1,3,-3,-3,0,-1,0,0,1,-1,0,0,0,0,0,2,5,1,3,5,9,6,2,2,3,0,3,0,2,1,0,4,8,5,1,1,1,1,1,0,0,0,0,0,0,0,0,-3,-4,-5,1,-2,-5,-5,2,-1,1,0,-1,0,0,0,0
2560,23,1,11,1,2,0,3,2,2,1,1,4,3,0,0,0,0,1,0,0,0,2,0,1,0,0,0,0,1,1,1,4,3,1,2,0,1,1,0,0,0,0,0,-1,1,-1,-1,-1,-1,0,0,0,1,-1,-1,-1,-2,-3,1,2,0,1,1,0,2,1,1,1,0,1,0,1,2,0,0,0,1,0,0,0,1,0,0,0,1,0,0,0,0,0,0,1,2,0,2,0,0,1,0,0,0,0,0,0,1,1,0,-1,0,-1,0,1,0,0,0,1,-1,-2,0,2,0,0,1,3,5,2,3,2,3,4,3,2,3,1,3,0,2,1,0,0,1,0,1,1,2,0,1,0,2,2,3,1,3,2,2,1,1,0,0,0,0,0,0,0,1,-1,1,-1,0,1,0,1,1,-2,-2,-2,-1,-2,2,2,1,1,0,1,7,3,3,2,13,6,2,0,5,0,1,1,1,0,0,1,10,2,1,1,3,3,1,0,1,3,2,0,0,1,0,-1,-6,-3,1,-1,-5,-2,0,0,-2,-3,-1,0,1,2,2
2560,23,2,09,5,1,6,4,4,4,8,8,7,10,4,1,4,1,2,1,0,2,3,2,2,6,4,5,8,2,2,4,2,2,0,0,0,0,0,0,0,0,0,0,1,-7,-2,-3,-6,2,-5,0,-4,-6,-1,-2,-2,1,0,0,0,0,0,0,8,6,1,7,5,9,4,8,6,9,4,2,0,4,2,4,4,1,3,3,6,2,3,4,5,3,2,4,2,4,0,0,0,0,0,0,0,1,0,0,-1,2,-7,1,-4,-2,0,-3,0,-3,1,2,-3,1,-1,0,0,-1,0,0,4,2,3,3,5,6,6,3,2,8,4,1,2,1,4,0,1,1,2,1,3,3,1,1,6,3,3,2,0,2,0,0,0,0,0,0,0,0,1,0,-2,-4,0,1,-3,1,-2,1,0,-2,-3,-2,-1,2,-1,0,0,0,-1,0,5,6,8,2,5,8,5,5,4,4,7,0,1,2,1,2,3,7,3,2,2,1,2,3,0,0,0,0,0,0,0,0,0,-2,3,-3,1,-3,4,-2,-1,1,-1,-1,0,0,0,0
2560,23,2,11,0,1,1,0,3,0,0,0,1,0,0,1,1,0,0,0,0,0,0,0,0,0,0,1,0,0,0,0,0,0,0,0,0,0,3,0,0,0,0,0,0,1,1,-1,3,0,1,1,-1,0,0,0,0,0,0,0,0,0,0,3,3,2,0,4,2,1,0,1,2,1,1,0,0,1,0,0,0,0,0,0,0,0,0,1,0,1,0,1,1,1,2,2,0,3,2,0,0,0,0,0,2,2,-1,2,1,1,0,0,0,0,-1,0,-1,-1,-1,2,2,0,3,2,1,2,2,3,2,1,1,5,0,2,0,1,0,0,0,0,1,0,1,2,1,0,1,0,0,0,1,4,0,2,1,0,2,2,0,0,0,0,0,0,0,1,-3,3,0,-1,1,-1,0,0,0,0,-4,1,0,1,0,2,2,0,0,0,4,3,1,1,4,2,0,0,1,0,0,0,1,1,0,1,1,0,1,0,2,2,0,0,2,2,0,0,1,0,-1,-1,0,1,0,-1,0,0,-1,0,-1,-1,0,0,1,2
2560,24,1,09,12,5,9,7,3,7,6,6,6,8,4,1,5,2,1,8,4,4,5,2,2,3,4,3,7,5,3,2,3,1,0,0,0,0,0,0,0,0,0,0,5,-1,3,1,-5,2,-2,1,-1,-6,3,1,2,2,1,0,0,0,0,0,5,8,5,5,3,8,6,4,3,4,3,6,4,3,3,2,2,1,2,0,5,2,4,3,3,3,4,0,0,1,0,0,0,0,0,0,0,0,0,0,-3,2,1,2,-1,-2,4,0,0,0,-1,-2,1,2,-1,0,0,0,0,0,3,2,4,2,2,4,5,6,2,2,0,1,3,1,2,3,1,1,1,0,2,5,5,2,1,2,0,1,0,1,0,0,0,0,0,0,0,0,0,0,-1,-3,-2,0,0,-2,-4,-2,-1,1,1,1,0,1,-1,0,0,0,0,0,2,1,2,2,4,6,5,2,1,0,2,1,1,1,0,1,3,5,4,1,1,1,1,1,0,0,0,0,0,0,0,0,-2,-5,-3,0,-2,-5,-2,0,0,0,-1,0,0,0,0,0
2560,24,1,11,1,0,0,3,2,1,0,1,1,0,0,0,0,0,0,0,0,0,0,1,0,0,0,0,0,0,0,1,1,0,1,0,0,3,1,1,0,0,0,0,0,0,-1,2,2,0,0,0,0,0,0,0,-1,-1,1,0,0,0,3,1,2,2,1,2,0,1,2,2,0,0,0,1,0,0,0,0,0,0,0,0,0,2,0,0,0,1,0,2,0,0,2,1,1,2,0,0,0,0,0,0,1,0,-1,2,0,0,-1,0,0,0,-1,0,-2,0,0,2,1,1,2,0,2,3,0,1,3,2,0,2,5,1,0,3,0,0,0,0,0,0,1,3,1,0,0,2,0,1,0,2,2,1,2,0,0,0,0,0,0,0,1,0,0,3,-2,-4,2,-1,3,0,-2,0,-1,0,-2,-1,2,2,0,0,-1,0,1,5,7,5,6,6,8,2,0,1,4,0,1,0,0,2,2,3,4,2,4,3,4,0,0,4,3,3,0,0,0,0,-5,-1,-1,3,-2,-2,0,-2,-3,-3,-4,2,0,4,3,3
2560,24,2,09,5,3,5,4,7,6,6,4,2,6,3,1,3,2,4,2,2,2,2,3,2,0,2,1,5,4,6,2,1,1,0,0,0,0,0,0,0,0,0,0,-1,-3,1,2,1,1,1,1,1,-1,-2,-4,0,1,2,0,0,0,0,0,8,5,3,7,3,15,6,7,5,7,5,2,2,5,2,3,3,1,2,1,6,5,4,2,3,9,1,3,3,4,0,0,0,0,0,0,0,0,0,0,-7,-1,-4,2,-4,-1,-3,-2,3,-1,-6,2,-2,-1,-3,0,0,0,0,0,9,7,6,1,5,5,6,5,3,6,6,3,4,1,3,3,4,2,0,2,3,4,4,3,4,2,2,1,0,2,0,0,0,0,0,0,0,0,0,0,4,1,1,-2,-1,3,-1,0,-2,-1,1,2,1,0,0,0,0,0,0,0,4,2,7,6,5,5,9,4,4,2,6,6,0,0,1,0,3,2,6,4,1,3,2,0,0,0,0,0,1,0,1,0,-1,-3,-2,2,1,0,0,2,-1,-3,-1,0,-1,0,-1,0
2560,24,2,11,3,0,1,1,0,2,0,0,3,1,1,0,0,0,0,0,0,1,0,0,0,0,0,2,0,1,0,0,1,1,2,0,0,1,0,1,0,0,0,0,1,0,1,-2,-1,1,0,0,-2,0,-1,0,1,-1,-1,1,0,0,1,0,1,2,2,3,1,4,2,3,1,3,0,0,0,0,0,0,0,0,0,0,0,0,0,0,1,4,2,3,1,2,1,2,2,3,1,0,0,0,0,0,-3,0,-1,2,-2,0,0,0,0,-1,-4,-2,-3,-1,-2,1,2,2,3,1,1,3,1,1,0,1,2,1,1,2,0,0,0,0,0,0,1,1,0,0,0,1,0,1,0,1,1,0,0,2,1,2,0,1,0,0,0,1,0,0,0,1,0,0,-2,0,-1,0,-1,0,-1,0,1,0,-2,1,2,-1,1,0,0,2,3,2,0,2,3,0,0,0,0,1,0,2,0,0,0,0,2,0,0,2,1,0,0,0,3,1,0,0,0,0,0,0,0,2,0,0,-2,1,0,0,-1,0,0,0,3,1
2560,25,1,09,7,2,3,2,4,6,7,6,6,5,3,0,0,2,2,4,2,3,0,1,4,1,3,4,4,2,6,3,2,1,0,0,0,0,1,0,0,0,0,0,1,-5,-3,-4,-1,-1,-1,-3,-2,-2,2,-4,0,-2,0,0,0,0,0,1,5,3,3,2,6,2,2,1,7,2,3,3,1,1,4,2,0,2,1,2,1,1,1,2,1,0,1,0,4,1,0,0,0,0,0,1,0,0,1,0,3,1,2,-5,4,2,2,0,-1,3,2,-1,2,-3,1,-1,0,0,-1,0,4,6,6,4,5,3,5,6,5,4,3,4,5,2,5,1,2,1,2,0,2,1,3,4,3,1,4,3,1,1,0,0,0,0,0,0,0,0,0,0,1,1,0,-1,1,1,3,2,-2,2,0,-2,-2,1,-1,0,0,0,0,0,3,3,3,3,0,2,3,1,3,2,1,2,0,1,2,1,0,1,1,1,0,1,2,0,0,0,0,0,0,0,0,0,3,1,0,2,3,1,0,1,0,0,0,1,0,0,0,0
2560,25,1,11,1,1,2,1,4,0,2,1,1,3,0,0,2,0,0,0,0,0,1,0,0,0,1,0,0,0,2,0,1,3,1,1,0,0,4,0,0,0,0,0,1,-1,1,0,1,0,0,1,0,0,0,-2,0,0,-3,1,1,0,0,4,1,2,1,2,3,2,1,1,0,3,0,1,0,0,1,0,0,0,0,0,1,0,1,0,0,1,1,0,0,3,1,1,1,2,2,0,0,0,0,0,-1,1,0,2,0,-1,1,-1,0,1,-1,-1,0,0,-3,1,1,1,2,2,2,6,1,2,2,1,1,2,3,3,0,4,1,0,1,0,0,0,2,0,0,1,0,2,0,1,0,2,0,3,2,2,0,0,1,0,0,0,1,0,1,5,-1,-1,-1,0,3,1,-2,1,-1,0,-2,2,-3,2,2,0,-1,1,1,1,2,4,3,1,5,4,0,0,0,1,1,1,1,1,0,0,0,2,3,1,3,0,0,0,1,2,0,0,2,2,-2,0,-3,0,0,0,0,-1,-2,0,-2,1,0,0,-1,0
2560,25,2,09,5,8,5,1,4,2,5,2,6,4,3,6,3,0,3,2,2,2,1,1,1,2,1,5,2,1,3,1,1,2,0,0,0,0,0,0,0,0,0,0,3,3,3,-5,0,2,4,2,-5,1,1,-1,1,0,-1,0,0,0,0,0,3,5,2,8,3,2,7,2,5,4,2,2,1,4,2,1,3,1,4,1,0,5,1,2,3,2,2,1,3,1,0,0,0,0,0,0,0,0,0,0,1,-2,0,3,-1,2,-3,0,2,-1,-1,1,0,1,0,0,0,0,0,0,3,5,5,2,7,5,4,8,4,3,3,1,2,1,2,0,4,3,1,5,4,1,2,3,1,1,3,5,0,1,0,0,0,0,0,0,0,1,1,1,-2,1,-3,-2,4,-1,0,0,-2,1,-1,1,-2,1,4,0,0,-1,-1,-1,8,3,1,4,8,3,3,6,3,2,1,1,4,1,0,1,4,3,1,4,4,0,2,2,1,0,0,2,0,0,0,0,0,0,-2,-2,-1,-1,0,-3,0,1,-2,-1,1,0,0,2
2560,25,2,11,0,1,0,2,3,0,1,0,3,2,0,0,0,2,0,0,0,0,0,0,0,0,0,1,0,0,1,0,2,2,0,1,0,0,3,0,0,0,0,0,0,0,0,-1,1,0,0,0,1,0,0,-1,0,-2,-2,0,1,0,0,3,1,1,1,3,2,0,2,0,1,4,1,0,1,1,0,0,0,0,0,0,0,0,0,0,0,0,1,0,1,3,0,1,0,2,2,0,1,0,0,1,1,-1,1,2,-2,1,0,1,1,0,0,-1,0,-1,-3,0,0,0,2,1,1,3,2,1,1,1,0,1,2,0,0,1,1,0,1,0,1,0,0,0,1,0,0,0,0,0,0,1,2,0,1,1,1,1,0,0,0,0,0,0,0,3,1,-1,1,-1,1,1,0,1,0,1,-1,-2,0,1,1,1,1,0,1,1,4,4,2,0,4,4,0,0,0,0,0,0,0,0,0,0,1,2,2,0,3,2,1,1,4,4,0,0,0,0,-1,1,0,0,0,0,-1,-2,-2,0,-3,-2,1,1,4,4
2560,26,1,09,7,3,8,4,4,4,3,7,2,4,4,2,3,1,3,2,1,5,3,1,3,2,3,0,2,1,1,4,2,2,1,0,0,0,0,0,0,0,0,0,3,0,1,2,0,1,0,0,1,1,1,0,1,1,-1,1,0,0,0,0,5,6,2,4,5,6,6,6,1,1,3,4,2,3,2,2,2,0,1,3,4,6,4,0,1,2,0,2,1,0,0,0,0,0,0,0,0,0,0,0,-1,0,-4,3,4,-1,-2,-2,3,1,0,2,-2,0,3,0,0,0,0,0,3,2,7,2,5,7,5,4,5,3,1,1,4,2,3,2,1,3,0,2,5,2,4,4,2,2,2,0,1,1,0,0,0,0,0,0,1,0,0,0,-4,-3,3,-3,2,-4,-1,0,-2,1,0,-1,3,-1,1,0,-1,0,0,0,4,3,6,0,3,0,3,3,4,3,6,0,0,0,0,0,1,0,1,2,2,0,1,1,0,0,0,0,0,0,1,0,1,3,3,-3,3,3,5,-2,-2,0,-1,-1,0,0,-1,0
2560,26,1,11,1,0,1,3,3,0,0,0,1,1,0,0,0,2,0,0,0,1,1,0,0,0,0,1,1,0,0,0,0,0,1,0,0,0,3,0,0,0,0,0,1,0,1,2,2,0,0,0,1,-1,0,0,1,1,0,1,0,0,0,3,0,1,1,1,1,0,1,1,1,2,0,0,0,1,0,0,1,0,0,0,0,0,0,1,0,0,1,1,0,2,0,0,1,0,1,0,0,0,0,0,0,0,0,0,-1,0,0,0,0,0,0,0,-1,0,-2,0,0,1,0,1,3,2,1,0,1,4,0,3,0,2,0,0,1,0,0,0,1,0,0,1,2,0,0,0,1,2,0,2,0,1,3,1,0,0,0,0,0,1,0,0,-1,2,-2,0,-1,-2,0,1,0,-1,-2,1,-2,0,0,3,1,-1,0,0,2,4,5,0,1,2,8,2,0,1,0,0,1,0,1,0,0,0,1,1,1,2,7,0,1,3,4,0,0,0,0,1,1,2,-3,-2,0,1,-1,-1,0,-2,-6,0,1,3,4,-1
2560,26,2,09,3,4,1,0,2,1,3,2,3,0,2,2,0,0,1,1,2,1,0,1,1,1,1,2,0,0,2,1,1,0,0,0,0,0,0,0,0,0,0,0,2,1,-1,-3,2,1,1,-1,-2,1,1,0,0,-1,1,0,0,0,0,0,0,5,2,3,8,4,5,1,4,3,0,2,1,2,4,0,3,1,1,4,3,3,0,1,0,1,1,1,3,2,0,0,0,0,0,0,1,0,0,1,-4,0,1,-1,5,-3,-1,1,1,4,-1,2,0,-2,2,0,-1,0,0,-1,3,2,4,4,1,6,2,4,2,3,2,2,2,1,0,0,0,2,3,1,4,2,1,0,2,2,0,3,2,1,1,0,0,0,0,0,0,0,0,0,-3,0,0,2,-2,-2,0,1,1,-2,-2,0,-1,1,0,1,0,0,0,0,1,7,1,6,4,4,3,3,0,4,1,1,1,3,0,5,2,0,2,1,2,4,1,2,0,0,0,0,0,0,0,0,-3,3,-2,3,-2,4,-1,0,-1,-1,-1,3,0,0,0,0
2560,26,2,11,1,0,2,0,1,0,0,1,0,1,0,0,0,0,0,0,0,0,0,0,0,0,0,0,0,0,0,1,0,1,1,0,2,0,1,0,0,0,0,0,1,0,1,0,0,0,0,0,0,0,0,0,-1,0,-1,1,0,2,0,1,1,2,1,3,2,0,0,1,1,2,0,0,0,0,2,0,0,0,0,0,0,0,0,0,0,0,0,1,1,2,1,2,1,3,0,0,0,0,0,0,1,2,0,2,0,0,0,0,0,2,0,0,-1,-1,-2,1,2,1,3,0,2,4,4,0,1,0,2,4,0,1,0,1,1,0,0,1,3,1,0,1,0,0,1,0,0,0,2,3,0,1,1,0,2,0,0,0,0,0,0,0,2,2,0,0,0,0,1,0,0,0,1,1,-2,0,0,1,0,2,0,0,3,0,3,2,2,0,2,0,0,0,0,1,0,0,0,0,0,0,0,0,2,0,2,0,3,0,3,1,0,0,0,0,1,0,1,2,0,0,0,1,-2,0,-2,0,3,0,3,1
2560,27,1,09,1,3,3,3,3,4,7,3,5,1,0,2,1,1,1,1,1,1,2,2,2,6,2,3,0,2,1,0,2,1,0,0,1,0,0,0,0,1,0,0,-3,-4,0,-2,2,-2,-4,-1,-2,1,-1,0,1,0,1,0,0,0,0,0,1,4,2,2,2,6,5,10,0,3,0,3,2,2,2,1,1,0,0,0,3,3,6,0,1,3,1,4,0,1,0,0,0,0,0,0,1,0,0,1,-5,-1,-8,2,-1,-3,0,-4,2,1,-2,0,-4,0,-1,0,-1,0,0,-1,7,10,4,1,2,7,1,4,5,4,4,6,2,1,2,3,4,2,0,0,4,0,1,4,4,3,1,3,1,0,0,0,0,0,0,0,0,0,0,0,0,9,0,-4,-2,0,6,1,-3,-2,0,3,-1,-1,0,0,0,0,0,0,5,4,0,0,3,4,3,2,5,2,0,0,0,2,0,0,3,3,2,2,0,1,1,0,0,0,0,0,0,0,0,0,2,0,-3,-2,2,-1,-2,-2,0,1,-1,0,0,0,0,0
2560,27,1,11,2,3,0,2,3,1,2,0,1,3,1,1,0,1,0,0,0,0,0,0,0,0,0,0,1,1,2,0,1,2,1,2,0,1,3,0,0,0,0,0,1,1,0,1,0,1,1,0,1,-1,-1,-2,0,-1,-2,1,2,0,1,3,0,3,2,0,2,2,2,0,0,2,0,0,0,0,0,0,0,0,0,0,0,0,0,0,1,2,1,0,0,1,0,3,2,0,2,0,1,0,0,0,-2,1,2,0,0,0,0,0,0,-1,-2,-1,0,0,-1,0,2,2,0,2,2,3,2,0,1,1,2,4,0,1,1,0,1,0,0,0,2,0,0,0,0,0,1,0,1,1,2,3,0,0,1,1,1,0,1,0,0,0,0,0,1,1,-2,0,0,1,0,0,0,-1,-1,0,-3,0,0,1,1,1,0,1,0,2,0,3,0,1,1,3,0,1,0,0,0,0,0,1,0,0,0,0,0,1,1,1,0,1,0,2,0,0,0,2,0,1,-1,0,0,1,0,0,0,-1,-1,0,0,1,0,0
2560,27,2,09,6,1,2,2,2,4,4,5,5,2,3,1,1,1,1,3,0,1,1,1,2,2,4,2,2,2,2,1,3,0,0,0,0,0,0,0,0,0,0,0,2,-3,-3,-3,0,1,-1,-3,-1,-1,1,-2,0,-2,1,0,0,0,0,0,3,6,2,3,4,5,5,2,2,5,1,3,2,1,2,2,3,0,2,2,4,4,2,1,2,0,1,0,1,3,0,0,0,0,0,1,0,0,0,0,-2,1,0,1,-1,-3,-1,0,0,0,2,2,0,1,-1,-1,0,0,0,0,5,1,5,5,5,7,1,3,2,2,3,0,2,2,4,2,1,3,3,1,4,1,1,1,2,3,0,2,1,0,0,0,0,0,0,0,0,0,0,0,-2,0,2,3,3,-1,-1,1,1,2,-1,1,1,2,1,0,0,0,0,0,3,4,3,4,5,5,1,1,2,3,0,2,1,1,3,2,5,4,1,1,0,0,0,0,0,0,0,0,0,1,0,0,-2,-1,2,3,-3,-1,-1,1,1,1,3,2,0,-1,0,0
2560,27,2,11,1,0,0,0,3,3,2,0,2,2,0,0,0,0,0,0,0,0,0,0,0,0,0,1,0,3,1,0,1,2,1,0,0,0,3,0,1,0,0,0,-2,-2,0,-2,1,0,0,0,-1,0,-3,-1,0,-1,-2,1,-1,0,0,3,3,1,4,1,0,0,0,1,0,1,1,1,1,1,0,0,0,0,0,0,0,0,0,0,0,0,0,1,0,0,2,0,3,0,0,0,0,0,0,1,3,1,3,1,-1,1,1,1,1,0,0,0,-1,0,0,2,0,3,0,-1,4,5,2,2,1,3,5,2,2,0,2,1,1,1,0,0,1,0,1,0,0,3,0,2,0,2,2,2,0,0,2,3,1,0,1,1,0,0,0,0,1,0,0,0,1,2,-2,1,-1,0,-2,-1,-2,1,0,1,3,1,0,1,0,1,2,2,1,0,2,1,0,0,0,0,0,0,0,1,1,0,0,0,0,0,2,1,0,1,2,1,0,0,0,0,-1,1,0,1,-1,0,0,0,0,0,-2,0,0,1,2,1
2560,28,1,09,3,2,2,3,4,1,3,4,3,4,2,1,1,1,4,1,1,1,2,0,0,1,2,0,1,1,0,2,3,3,0,0,0,0,0,0,2,0,0,0,2,-1,-2,0,0,2,0,-1,1,3,0,1,-1,-1,-3,0,-2,0,0,0,3,5,3,7,2,3,2,5,3,4,0,3,1,3,1,3,2,2,4,0,1,2,4,2,3,2,0,1,1,1,0,0,0,0,1,0,0,0,0,0,0,3,-2,4,-2,-1,1,-3,1,-2,1,2,1,3,-1,0,0,0,0,1,3,7,0,3,5,1,6,6,2,4,2,4,0,1,3,1,3,0,1,2,1,2,4,2,2,0,3,2,0,2,0,0,0,1,0,0,1,0,0,0,2,1,-6,1,1,1,2,-4,-1,1,1,0,-2,1,0,0,-1,0,1,0,3,2,1,5,1,4,4,1,3,0,1,2,0,2,0,3,1,1,2,0,0,3,2,1,0,0,0,0,0,0,0,0,2,-2,-3,4,2,-1,-1,2,0,-1,-2,2,0,0,0,0
2560,28,1,11,1,4,1,1,3,0,1,1,0,3,1,0,0,0,0,0,0,0,0,0,0,0,0,0,0,0,1,1,0,3,0,4,1,1,3,0,0,0,0,0,1,3,0,1,0,1,0,0,0,0,0,-1,-1,0,-3,0,4,1,1,3,0,1,3,3,4,2,0,3,2,2,0,0,1,0,1,0,0,0,0,0,1,0,1,0,0,1,0,1,2,1,0,1,2,3,3,0,0,1,0,1,-2,1,0,1,2,-1,0,0,0,1,-1,0,-1,-2,-1,0,1,1,3,2,3,3,4,2,3,1,0,5,0,2,1,2,1,1,2,0,0,1,0,0,0,0,1,0,2,1,0,4,0,0,2,1,2,1,1,0,0,0,0,0,2,3,-1,2,1,1,2,0,1,0,-1,0,-3,0,0,2,1,2,1,1,4,1,3,3,2,1,4,2,1,0,1,1,0,0,0,0,1,0,2,0,1,1,2,2,3,1,2,2,0,0,0,0,2,0,-1,1,0,0,-1,1,-1,-1,-2,-2,3,1,2,2
2560,28,2,09,3,0,2,3,1,4,3,4,4,2,2,0,1,1,1,1,0,1,2,0,1,2,1,1,2,3,1,3,3,0,0,0,0,0,0,0,0,0,0,0,-1,-3,-2,-1,-1,1,-2,0,0,-1,-2,-1,-2,-1,0,0,0,0,0,0,2,2,1,0,2,2,2,3,4,1,2,2,1,0,1,0,0,0,0,1,1,0,3,2,1,1,2,0,2,0,0,0,0,0,0,0,0,0,0,0,0,0,-2,-4,1,1,2,-2,-2,0,-1,-2,0,-2,1,0,0,0,0,0,5,4,1,3,0,3,3,3,2,4,3,3,1,2,0,2,1,0,1,0,1,2,1,2,3,2,0,2,0,1,0,0,0,0,0,0,1,0,0,0,2,1,-2,1,-4,2,1,0,0,-3,0,1,-2,1,-1,0,-1,0,0,0,6,6,2,2,6,3,1,2,4,3,1,1,1,3,0,1,5,2,0,1,0,1,0,1,1,0,1,0,1,0,1,0,0,3,1,0,-1,1,1,0,1,2,0,0,0,0,0,0
2560,28,2,11,2,4,1,3,3,1,2,1,1,0,1,1,0,0,1,0,0,1,1,0,1,0,1,0,0,0,2,0,1,0,1,3,0,2,2,0,0,0,0,0,1,2,0,2,3,0,1,-1,0,1,0,-2,1,0,0,1,3,0,2,2,2,1,3,2,5,2,2,0,5,2,0,1,0,0,1,0,0,0,0,1,1,0,0,1,0,1,2,0,4,2,2,0,3,2,3,0,0,0,0,0,0,-1,3,-3,3,-1,1,0,-1,1,-1,-2,0,-4,-1,2,0,3,2,3,1,2,3,4,2,2,2,3,4,2,1,0,1,2,1,0,0,1,0,1,1,0,1,3,2,1,2,2,1,0,0,2,1,2,0,0,0,0,0,0,-1,0,0,0,0,0,0,0,-1,-1,-1,-2,-1,-1,1,0,2,1,2,0,0,5,3,2,1,3,2,1,0,0,0,0,0,0,0,1,0,0,1,0,1,3,1,0,0,5,3,1,0,0,0,1,-1,2,1,1,0,0,-1,0,-1,-3,-1,1,0,5,3,0
2560,29,1,09,4,0,2,2,2,2,2,3,2,7,2,0,2,2,1,2,0,0,0,1,1,1,2,2,5,1,1,1,0,2,0,0,0,0,0,0,0,0,0,0,2,-2,-1,0,-5,1,-1,0,0,-4,1,-1,-1,0,-1,0,0,0,0,0,2,3,4,3,5,2,1,6,3,4,1,1,1,2,3,1,2,3,1,2,1,0,3,0,1,1,1,3,3,3,0,0,0,0,0,0,0,0,0,0,0,2,-2,0,1,0,1,-2,2,2,0,1,0,-2,-1,0,0,0,0,0,2,3,2,2,1,2,1,5,3,0,0,1,1,1,0,2,1,1,1,1,2,1,4,1,0,0,0,1,2,0,0,1,0,0,0,0,0,0,0,0,0,2,-3,-1,1,-2,0,-3,0,0,2,1,0,-1,1,0,1,0,0,0,4,2,1,5,3,2,5,1,2,2,0,3,2,0,1,2,1,1,2,1,2,1,3,0,0,0,0,0,0,0,0,0,1,0,-4,4,1,1,-2,2,0,-1,-2,2,0,0,0,0
2560,29,1,11,2,1,0,0,2,2,1,1,0,2,0,0,0,0,0,0,1,0,0,0,0,1,0,0,1,2,0,1,0,1,2,0,0,0,2,0,0,0,0,0,0,0,-1,0,0,0,-1,0,0,-1,-2,1,-1,0,-1,2,0,0,0,2,1,3,2,2,2,3,2,0,1,0,0,1,0,0,0,0,0,0,0,0,1,0,0,0,0,2,1,0,1,0,1,2,2,2,2,0,1,0,0,0,-2,1,2,1,2,-1,1,0,0,0,-2,-1,0,-1,0,1,1,2,2,2,3,0,2,1,3,2,1,3,1,3,1,0,0,0,1,1,0,1,0,0,1,0,1,1,0,1,0,2,0,2,1,0,1,1,2,0,1,0,0,1,1,-1,-1,0,0,0,0,-1,-1,1,0,0,-1,0,-2,1,-1,1,1,1,1,4,1,1,2,3,0,1,0,1,1,1,1,1,0,0,2,2,0,0,0,1,0,1,0,2,0,0,0,0,0,0,-1,1,1,0,-2,-1,1,1,1,0,0,-1,0,2,0,0
2560,29,2,09,2,4,4,2,3,1,2,2,3,4,1,1,3,0,3,1,3,1,2,0,1,2,1,0,3,0,0,1,3,1,0,0,0,0,0,0,0,0,0,0,1,2,2,-1,-1,0,-1,2,0,0,1,3,0,-1,-1,0,0,0,0,0,3,1,0,5,2,2,1,0,1,1,3,0,0,4,1,0,1,0,1,1,2,1,0,0,1,0,0,0,1,0,0,0,0,0,0,0,0,0,0,0,1,0,0,4,1,1,-1,0,4,0,0,1,0,0,1,0,0,0,0,0,5,0,3,1,4,1,0,3,0,0,3,0,2,0,2,2,0,1,1,2,0,0,3,0,0,1,0,0,0,0,0,0,0,0,0,0,0,0,0,0,4,0,0,1,4,3,0,-1,0,2,1,0,1,1,2,0,0,0,0,0,2,1,2,3,1,3,3,5,2,0,1,0,0,1,1,3,1,3,2,1,0,0,1,4,0,0,0,0,0,0,0,0,1,-2,-1,-2,1,-3,-1,-1,0,1,0,-1,0,0,0,0
2560,29,2,11,1,2,0,4,6,0,3,0,3,1,0,0,0,0,2,0,0,0,1,1,0,0,0,0,0,0,3,0,3,1,1,2,0,3,3,0,0,0,0,0,1,-1,0,1,5,0,0,0,0,2,0,-3,0,-2,0,1,2,0,3,3,3,4,1,3,2,3,3,2,2,1,0,1,0,0,0,2,1,0,0,0,0,0,0,0,0,3,3,1,2,1,1,2,1,3,2,0,0,1,0,0,0,1,-1,1,1,0,1,0,0,0,-1,-2,-1,-2,-1,1,2,0,3,2,2,2,4,2,0,1,1,3,0,0,0,1,0,1,0,0,0,1,0,0,0,0,0,0,0,1,1,2,0,0,2,1,3,1,0,0,0,1,0,0,1,1,1,2,0,0,1,0,1,0,-1,-1,-1,0,0,2,1,2,1,0,4,1,0,3,2,0,0,0,3,1,0,0,0,0,0,0,2,0,0,0,0,0,0,0,1,0,0,3,0,0,0,0,2,1,0,3,1,1,0,0,0,0,0,0,1,0,0,3
2560,30,1,09,3,2,0,1,1,5,4,2,0,2,3,0,0,1,1,0,2,0,0,0,3,1,2,0,1,2,2,0,0,1,0,0,0,0,0,0,1,0,0,0,-2,-2,-2,1,-1,0,-1,-2,1,0,-2,0,0,0,-1,0,-1,0,0,0,3,3,1,2,4,3,4,1,2,2,1,2,1,2,4,2,1,0,0,0,1,3,0,1,2,2,1,1,1,0,0,0,0,0,0,0,0,0,0,0,0,-1,0,0,2,0,-1,1,1,2,0,0,-1,-1,0,0,0,0,0,0,9,2,4,3,1,2,1,2,3,2,4,1,3,2,1,5,1,1,1,0,1,0,2,2,1,1,1,0,0,1,0,0,0,0,0,0,0,0,1,0,7,1,2,0,-1,3,1,1,0,0,4,0,1,1,-1,0,0,0,-1,0,4,4,2,4,1,6,2,0,3,1,1,3,1,3,1,1,1,5,2,0,0,0,0,0,0,0,0,0,0,1,0,0,3,-2,0,4,2,-4,-1,3,1,3,1,1,0,-1,0,0
2560,30,1,11,3,1,0,1,2,3,1,0,1,1,0,0,0,0,1,0,0,0,0,0,0,0,0,1,0,3,1,0,0,1,3,1,0,1,1,0,0,0,0,0,0,0,0,0,1,0,0,0,-1,1,-3,-1,0,0,-1,3,1,0,1,1,4,0,1,1,4,1,0,0,2,2,1,0,0,0,2,0,0,0,0,0,0,0,0,0,0,1,0,0,2,2,3,0,1,1,2,0,0,0,0,0,3,0,1,-1,2,1,0,0,0,2,-1,0,0,-2,-2,3,0,1,1,2,0,6,2,2,1,2,2,3,2,2,0,3,1,2,1,0,0,1,0,0,1,1,1,1,1,1,1,1,1,1,0,3,0,0,0,0,0,1,0,0,-2,4,-1,0,-1,-1,2,0,1,0,-1,-1,0,-1,-1,0,3,-1,0,0,1,2,1,3,1,2,3,0,0,0,0,0,0,0,0,0,0,0,2,0,1,2,1,0,1,2,1,3,0,0,0,0,0,0,-2,3,0,0,-2,0,-1,-2,-1,0,1,2,1,3
2560,30,2,09,0,1,5,2,0,3,1,3,3,0,0,1,2,1,0,0,0,3,1,0,3,0,0,1,0,0,1,3,2,0,0,0,0,0,0,0,0,0,0,0,-3,0,2,-1,0,-3,1,2,0,0,0,-1,0,-1,0,0,0,0,0,0,3,1,4,0,1,1,4,3,1,1,1,1,4,0,0,2,0,0,0,1,1,4,1,1,1,0,0,2,0,0,0,0,0,0,0,0,0,0,0,0,2,-3,1,-1,0,0,-3,3,-1,-1,2,0,-2,0,1,0,0,0,0,0,1,5,0,3,3,2,4,1,0,2,0,2,0,3,1,1,3,0,0,2,2,2,0,0,2,0,2,1,0,0,0,0,0,0,0,0,0,0,0,0,-1,1,-1,3,1,-2,0,0,3,-1,1,1,-1,0,2,0,0,0,0,0,3,3,0,5,1,1,3,1,3,2,0,5,0,1,0,0,1,1,2,1,0,0,1,0,0,0,0,0,0,0,0,0,2,2,-3,4,2,1,-2,4,0,1,-1,0,0,0,0,0
2560,30,2,11,2,2,2,3,2,2,2,3,1,1,0,1,0,0,0,1,0,1,1,1,1,1,1,0,0,1,1,2,0,1,1,1,1,2,1,0,0,0,1,0,0,0,-1,2,1,-1,0,-1,0,0,0,-1,-1,1,0,1,1,1,1,1,3,2,1,0,2,2,6,0,1,1,1,0,0,0,1,0,1,0,0,0,1,2,0,0,0,1,2,0,1,1,2,1,1,0,1,0,2,0,0,0,1,-4,1,-1,1,0,-2,0,0,1,-1,-1,0,-1,-1,2,-1,1,0,1,3,2,2,1,0,2,2,1,1,1,0,0,0,1,0,0,0,0,0,0,2,1,0,1,0,0,0,1,0,0,3,2,2,0,0,0,1,0,0,1,1,0,1,0,-1,-2,-1,0,0,0,0,0,-1,0,0,3,1,2,0,-1,2,2,3,4,1,3,4,2,0,0,1,1,0,1,0,0,0,2,2,1,1,1,2,1,2,1,2,3,0,0,0,0,1,-1,-1,2,0,-2,-1,0,-1,0,-2,-1,2,1,2,3
2560,31,1,09,4,1,6,1,2,3,2,6,1,2,1,0,4,1,2,3,1,2,0,0,1,2,1,1,0,2,0,5,0,2,0,0,0,0,0,0,0,0,0,0,1,-1,0,0,0,0,-2,3,0,2,1,1,-3,0,-2,0,0,0,0,0,5,0,3,1,1,2,3,2,2,1,3,0,1,0,1,2,0,2,1,0,1,2,2,1,1,1,1,0,1,0,0,0,0,0,0,0,0,0,0,0,3,-3,1,-1,0,2,-2,-1,-1,0,1,-1,2,0,0,0,0,0,0,0,1,1,2,4,3,2,2,1,4,2,1,0,2,4,2,0,1,0,0,0,2,1,0,3,2,0,1,1,1,0,0,0,0,0,1,0,0,0,0,0,-1,-1,1,0,1,-1,-1,2,1,0,0,0,-1,-1,0,0,0,0,0,1,5,4,1,2,1,7,2,0,4,1,1,0,1,3,0,2,1,4,2,0,0,3,0,0,0,0,0,0,0,0,0,0,4,-3,-1,2,3,-3,-1,0,1,0,0,2,0,0,0,0
2560,31,1,11,3,3,2,2,1,0,2,2,2,1,1,0,1,0,0,1,0,0,1,0,0,1,0,0,1,0,1,2,2,0,1,3,1,1,1,0,0,0,0,0,3,1,0,0,0,1,-1,1,0,-1,1,-1,-2,-1,0,1,3,1,1,1,1,2,2,0,2,0,2,1,2,2,0,0,1,0,1,0,0,0,0,1,0,0,0,1,2,0,1,1,1,0,1,2,1,0,0,0,1,0,0,0,1,0,1,-2,0,0,0,1,-1,-1,0,-1,-1,-1,1,1,1,1,0,0,3,4,1,1,0,1,3,3,1,3,2,2,0,0,0,0,0,1,0,0,1,2,0,0,1,0,1,3,1,2,1,2,0,1,0,0,0,0,0,0,2,1,-2,0,-3,1,0,0,0,-1,0,-1,-2,-1,-2,1,2,0,1,0,1,2,0,2,1,2,1,1,0,0,0,0,0,0,0,0,0,1,1,0,1,1,0,1,1,2,0,2,0,0,0,0,0,0,-1,1,0,-1,-1,0,-1,-1,0,-1,1,2,0,2
2560,31,2,09,1,2,3,4,4,3,1,3,4,2,1,1,1,3,4,0,1,2,1,0,2,0,2,2,2,1,1,1,2,0,0,0,0,0,0,0,0,0,0,0,-2,1,0,0,2,-1,1,-1,1,2,-1,0,1,-1,0,0,0,0,0,0,2,1,1,3,5,3,0,3,2,2,1,0,1,2,2,1,1,0,1,3,3,0,2,2,1,0,0,1,0,1,0,0,0,0,0,0,0,0,0,0,-1,1,-2,1,3,-2,0,-1,0,1,1,1,-1,1,2,0,0,0,0,0,4,4,3,0,7,2,5,1,0,4,1,0,1,0,6,3,3,2,0,0,2,0,1,0,3,0,5,0,0,1,0,1,0,0,1,0,0,0,0,0,2,-1,2,0,3,-1,0,0,0,3,3,-2,2,0,-1,0,1,0,0,1,2,4,0,1,1,3,1,3,0,1,0,0,2,3,0,1,0,2,1,1,1,1,0,1,0,0,0,0,0,0,0,1,1,1,-1,-2,0,-1,-1,-1,1,2,0,0,0,0,0,-1
2560,31,2,11,1,0,1,2,3,1,0,1,1,0,0,0,0,1,0,0,0,0,0,0,0,0,0,1,0,1,0,1,0,0,1,0,1,1,3,0,0,0,0,0,0,0,0,1,3,0,0,0,0,0,-1,0,-1,0,0,1,0,1,1,3,4,2,1,2,6,3,1,0,1,3,0,0,0,0,1,1,0,0,0,0,0,0,0,0,1,3,1,0,1,2,3,2,1,2,5,0,0,0,0,0,1,1,1,1,3,0,0,0,0,0,-2,-1,0,-1,-2,3,2,1,2,5,0,3,1,1,1,1,0,2,2,1,0,0,0,0,1,0,1,1,0,0,0,0,0,0,1,1,0,2,2,0,0,2,0,1,0,0,0,0,0,0,-1,3,-1,-1,0,0,0,0,0,0,-1,1,-1,-2,0,0,2,0,1,0,2,1,3,3,0,1,2,2,0,0,0,0,0,0,0,1,0,0,0,1,0,1,2,1,2,1,3,2,0,0,0,0,2,0,1,1,0,0,0,-1,0,-1,-2,0,2,1,3,2
2560,32,1,09,3,5,4,4,1,1,6,2,3,0,0,2,2,1,1,3,3,2,3,0,0,2,1,0,0,1,4,1,3,0,0,0,0,0,0,0,0,0,0,0,2,-1,2,1,1,0,0,1,1,1,2,-1,1,0,0,0,0,0,0,0,3,1,3,4,2,1,5,2,3,1,0,0,2,2,0,3,1,1,2,2,1,1,1,1,1,0,2,1,2,0,0,0,0,0,0,0,2,0,0,0,2,-4,1,1,1,-1,-1,1,1,-1,3,-1,0,0,2,0,-2,0,0,0,2,2,2,2,1,2,1,3,0,2,2,2,1,2,1,0,0,1,0,0,1,0,2,0,2,1,1,1,0,0,0,0,0,0,0,0,0,0,0,0,0,1,-1,2,-1,1,2,-1,2,-1,-1,-1,0,0,0,0,0,0,0,0,4,3,3,1,2,2,0,2,2,2,2,1,2,1,1,0,2,1,0,1,0,1,0,1,0,0,0,0,0,0,0,0,2,1,3,-1,0,1,2,0,2,0,1,-1,0,0,0,0
2560,32,1,11,0,0,0,1,2,1,1,2,1,1,0,0,0,0,1,0,0,0,0,0,1,0,1,0,0,0,1,1,1,1,0,0,0,1,1,0,0,0,0,0,-1,-1,-2,0,1,-1,0,-1,0,1,0,-1,-1,-1,-1,0,0,0,1,1,0,1,1,1,3,1,0,1,0,1,0,1,0,0,1,0,0,0,0,1,0,0,1,0,0,0,0,0,0,1,0,0,1,1,1,1,0,0,0,0,-1,1,0,1,2,0,1,-1,0,1,0,0,0,0,0,-1,0,1,1,1,0,3,0,0,2,0,3,3,1,0,0,1,0,0,0,0,0,0,0,1,0,0,0,1,0,0,3,3,0,0,0,2,0,0,1,0,0,0,0,0,0,0,-3,-1,2,0,1,0,-1,0,0,-3,-3,0,1,0,2,0,0,1,0,3,4,1,0,3,1,1,0,1,2,0,0,1,1,0,0,2,0,0,0,1,1,1,0,1,1,1,0,0,0,0,0,0,3,0,0,-1,2,0,0,0,0,-1,0,1,1,1
2560,32,2,09,2,0,2,1,3,1,1,1,1,1,1,0,1,1,1,1,0,1,0,2,1,0,1,1,0,0,1,0,0,1,0,0,0,0,0,0,0,0,0,0,1,-1,1,0,2,0,0,0,0,1,1,-1,1,0,1,0,0,0,0,0,0,3,0,1,2,2,0,0,0,1,0,2,0,1,2,0,1,0,0,0,2,0,0,0,0,0,0,0,0,0,0,0,0,0,0,0,0,0,0,1,-2,3,0,1,1,-2,2,0,1,2,0,1,0,0,0,0,0,0,0,-1,2,2,2,0,0,1,1,2,2,3,2,1,0,0,0,0,1,2,0,0,1,0,1,1,2,0,1,1,1,1,0,0,0,0,0,0,0,0,0,0,1,1,0,-2,-3,1,1,-1,-1,-2,0,0,1,-1,-1,0,0,0,0,0,1,1,2,2,1,1,3,0,0,0,1,2,1,1,1,0,1,1,2,0,0,0,1,0,0,0,0,0,0,0,0,0,0,0,-1,2,-1,-1,-1,2,1,1,0,0,0,0,0,0
2560,32,2,11,5,1,0,2,1,2,3,1,1,1,0,0,0,0,0,1,0,0,0,0,1,0,1,0,1,1,2,0,1,0,4,1,0,2,1,0,1,0,0,0,3,-2,-1,1,0,-1,0,-1,0,-1,0,-2,0,-1,0,4,0,0,2,1,2,0,1,0,6,0,3,0,1,5,0,0,0,0,1,1,0,0,0,1,0,0,0,0,2,0,3,0,1,3,1,0,1,0,4,0,0,0,0,0,2,-3,1,-1,1,0,0,0,0,-1,1,-3,0,-1,-2,1,0,1,0,4,1,2,0,0,1,2,1,2,2,0,0,0,0,0,0,0,0,0,0,1,0,0,0,0,0,2,1,2,2,0,1,2,0,0,0,0,0,0,0,0,-1,1,-2,-2,1,0,0,0,0,0,-2,-1,-2,-2,1,1,2,0,0,0,2,3,0,1,1,5,0,0,1,1,0,0,1,0,0,0,0,1,0,0,0,4,0,0,0,2,0,1,1,0,0,0,1,-2,0,1,1,0,0,0,1,-4,0,0,-1,2,0,1
2560,33,1,09,1,0,4,1,0,3,2,1,3,1,1,0,2,0,0,0,0,2,1,0,2,0,1,0,0,0,2,0,3,1,0,0,0,0,0,1,0,0,0,0,-2,-2,3,-2,-1,-1,0,1,0,0,0,-2,2,-2,-1,-1,0,0,0,0,0,1,2,2,2,1,1,3,0,2,0,1,2,0,2,0,0,0,2,0,1,1,3,0,1,0,0,0,0,1,0,0,0,0,0,0,0,0,0,0,-1,0,-1,2,0,-1,0,-1,0,1,0,0,0,2,-1,0,0,0,0,0,3,1,0,2,2,2,1,2,1,5,2,0,0,2,0,1,1,0,0,2,0,1,2,0,3,2,0,0,1,2,0,0,0,0,0,0,0,0,0,0,1,0,-2,1,-3,2,-1,-2,2,-3,-1,1,0,-1,0,0,0,0,0,0,2,2,0,3,2,1,1,3,2,2,0,1,0,0,0,2,2,0,0,2,0,0,1,1,0,0,0,0,0,1,0,0,0,1,-1,0,0,2,0,-1,0,0,-1,1,0,-1,0,0
2560,33,1,11,3,3,2,1,2,2,1,1,0,1,0,1,1,0,0,1,0,1,1,0,0,0,1,0,0,1,1,0,0,1,2,2,0,0,2,1,0,0,0,0,1,2,1,1,1,0,1,0,0,0,0,-1,1,1,-1,1,2,0,0,2,0,2,3,2,3,2,2,2,2,3,0,0,0,0,1,0,1,0,0,1,0,0,0,0,2,1,0,2,2,1,0,1,3,2,1,1,2,0,0,0,-2,0,1,0,0,0,0,0,0,-1,-1,1,-2,-2,0,-1,-1,3,2,1,3,2,1,3,2,3,0,0,2,2,1,1,0,1,1,0,1,0,1,1,0,0,0,0,2,3,0,0,2,0,2,0,1,1,0,0,0,0,0,0,0,2,1,1,0,1,1,0,1,-1,-3,1,0,-1,1,2,0,1,1,0,1,1,1,1,0,0,2,0,0,1,0,0,1,0,0,0,0,0,2,0,0,0,0,0,0,0,1,1,0,0,0,0,1,1,-1,1,0,1,-2,0,1,0,0,0,0,0,1,1
2560,33,2,09,4,1,0,1,0,2,0,2,1,1,2,1,0,1,0,2,0,0,0,0,2,0,2,1,0,0,0,0,0,1,0,0,0,0,0,0,0,0,0,0,2,1,-2,0,-1,0,1,-2,0,0,2,0,0,0,-1,0,0,0,0,0,1,0,1,1,1,3,0,1,1,1,1,0,1,1,1,0,0,0,0,0,3,0,1,1,1,0,0,0,0,0,0,0,0,0,0,0,0,0,0,0,-2,0,0,0,0,-2,0,0,0,0,0,0,0,0,0,0,0,0,0,0,1,1,3,1,6,1,2,2,0,2,0,0,1,1,4,1,1,2,0,2,1,2,0,0,2,0,0,1,0,0,0,0,0,0,0,0,0,1,0,0,0,-1,1,1,4,-1,-2,1,1,2,1,1,1,0,2,0,0,-1,0,0,2,5,2,2,0,3,0,1,2,3,2,1,0,2,0,1,0,2,0,1,0,1,0,0,0,0,0,0,0,0,0,0,2,2,2,1,2,1,2,0,0,1,0,1,0,0,0,0
2560,33,2,11,2,1,1,0,3,1,1,2,0,1,0,1,1,0,1,0,0,0,0,0,0,0,1,0,0,1,0,1,0,1,2,0,0,0,2,0,1,0,0,0,1,0,-1,0,2,0,1,0,0,1,-1,0,-1,0,-1,2,-1,0,0,2,4,0,4,0,3,2,0,1,2,1,0,0,0,0,0,2,0,0,0,0,0,0,0,1,0,1,0,1,1,1,2,0,4,0,3,1,0,0,0,0,2,0,3,-2,2,0,0,0,-1,0,1,0,-1,-1,-1,1,0,4,0,3,3,1,0,3,2,2,0,1,3,2,0,0,0,0,0,0,0,0,0,0,0,0,1,0,0,2,0,0,3,2,3,1,0,3,2,0,0,0,0,0,1,1,-1,0,0,0,0,-1,0,0,-2,0,0,-3,-2,3,1,0,3,2,2,1,6,6,0,1,6,1,0,1,2,0,0,0,1,3,0,0,0,0,0,1,4,1,2,0,3,3,0,0,2,0,2,0,0,5,0,1,2,0,0,-1,-3,2,2,0,1,3
2560,34,1,09,3,1,1,1,1,1,1,3,2,1,2,1,1,0,1,1,0,0,1,0,1,0,1,1,1,0,1,2,1,0,0,0,0,0,0,0,0,0,0,0,2,0,-2,-1,0,1,1,0,-1,0,1,-1,-2,0,0,0,0,0,0,0,1,1,2,2,4,2,0,2,2,1,1,1,1,1,2,0,0,1,0,2,0,0,2,1,1,1,0,0,1,0,0,0,0,1,0,1,0,0,0,0,-1,1,0,0,3,1,1,-1,0,1,-1,0,1,-1,2,-1,0,0,1,0,2,1,2,1,2,3,0,1,1,4,1,0,1,1,2,1,1,1,0,0,2,0,0,1,4,1,0,1,0,0,0,0,0,0,0,0,0,0,0,0,-1,1,1,0,-2,-1,0,1,0,-2,0,1,0,0,0,0,0,0,0,0,2,0,3,2,3,1,3,2,1,0,1,1,1,0,2,1,2,1,1,2,1,0,2,0,0,0,0,0,0,0,0,0,-1,-1,0,0,-1,-1,0,-1,0,0,0,1,0,0,0,0
2560,34,1,11,0,0,1,2,2,1,0,1,1,1,0,0,0,0,0,0,0,0,0,1,1,0,1,1,1,0,0,0,0,0,0,0,1,2,1,0,0,0,0,0,-1,0,0,1,1,-1,0,-1,-1,-1,0,0,0,0,1,0,0,1,2,1,1,2,1,2,4,1,1,2,1,1,1,0,0,0,1,0,0,0,0,0,0,0,0,0,0,1,1,2,1,1,0,2,1,2,3,0,0,0,0,0,0,1,-1,1,3,1,0,0,0,1,-1,-1,-2,-1,-1,0,2,1,2,3,0,8,3,1,0,0,2,4,1,1,0,2,0,0,0,0,0,0,0,0,0,2,0,0,0,0,0,4,1,1,0,6,3,1,0,0,0,0,0,0,0,6,-1,0,-1,0,0,0,0,0,0,0,-4,-1,-1,0,6,3,1,0,3,1,1,7,2,1,0,3,1,1,0,3,0,0,0,0,1,1,0,0,1,0,0,2,2,0,1,4,0,0,0,1,1,0,1,4,0,0,0,3,-1,0,0,-2,2,0,1,3
2560,34,2,09,3,2,3,1,1,1,3,3,0,2,2,2,3,1,1,1,0,0,0,0,1,1,0,0,1,0,2,3,0,1,0,0,0,0,0,0,0,0,0,0,2,-1,0,1,-1,1,1,3,1,0,1,-2,-3,0,-1,0,0,0,0,0,1,0,2,1,1,1,0,1,1,1,1,0,0,0,1,0,0,2,1,0,1,0,1,0,1,0,0,0,1,0,0,0,0,0,0,0,0,0,0,0,0,0,1,0,0,0,0,-1,0,0,0,0,2,0,0,0,0,0,0,0,1,2,2,2,0,0,1,5,3,1,0,1,1,2,0,1,1,1,0,0,0,0,4,3,1,0,1,1,0,0,0,0,0,0,0,0,0,0,0,0,1,1,-3,-1,-1,0,1,-3,-1,-1,1,0,0,0,0,0,0,0,0,0,1,1,2,1,0,2,3,3,1,0,1,0,0,1,1,1,0,2,2,2,0,0,1,1,0,0,0,0,0,0,0,0,1,-1,-1,-2,1,-2,-1,-2,0,1,0,0,0,0,0,0
2560,34,2,11,0,0,0,1,0,0,0,0,1,0,0,0,0,0,0,0,0,0,0,0,0,0,0,0,0,0,0,0,1,0,0,0,0,1,0,0,0,0,0,0,0,0,0,0,0,0,0,0,0,0,0,0,0,-1,0,0,0,0,1,0,4,1,1,1,2,5,1,1,1,0,1,0,0,0,0,0,0,0,0,1,0,0,0,0,0,5,1,1,1,0,3,1,1,1,1,0,0,0,0,0,-1,0,0,0,2,1,0,0,0,0,-5,-1,-1,-1,1,3,1,1,1,1,2,4,4,3,1,0,2,4,3,0,0,1,0,1,0,0,1,1,0,0,0,1,0,1,0,0,1,4,1,0,2,2,3,2,1,0,0,0,1,0,2,2,0,0,1,0,0,0,0,0,0,0,-3,-1,0,2,2,3,1,1,1,2,1,3,2,2,2,2,0,1,0,0,0,0,0,0,0,0,0,0,2,2,2,1,1,1,1,3,0,0,0,1,-1,0,-1,1,0,1,0,0,-2,-2,-2,-1,1,1,1,2
2560,35,1,09,1,2,1,3,1,2,1,2,2,3,1,2,1,3,0,0,0,0,0,1,1,1,1,2,2,1,0,1,0,1,0,0,0,0,0,0,0,0,0,0,-1,1,-1,1,-2,0,1,0,1,-2,-1,0,-1,0,0,0,0,0,0,0,1,0,0,4,2,2,1,1,3,1,0,0,0,3,0,1,0,0,1,2,2,1,0,0,1,0,0,1,3,0,0,0,0,0,0,0,0,0,0,0,-1,-1,-1,1,1,-2,-1,0,3,-1,1,0,-1,-2,2,0,0,0,0,0,2,1,1,1,0,2,2,1,1,1,2,0,1,1,0,0,1,0,0,0,1,0,0,1,1,1,2,1,0,0,0,0,0,0,0,0,0,0,0,0,0,-1,0,0,-1,1,0,1,0,-1,-1,-1,-1,0,0,0,0,0,0,0,0,1,4,1,0,0,6,1,0,0,4,0,0,1,0,0,0,0,3,1,0,0,2,0,0,0,0,1,0,0,1,0,0,1,-2,0,0,0,1,-1,0,1,-2,0,0,0,-1,1
2560,35,1,11,0,4,0,3,2,0,2,0,2,2,0,1,0,0,0,0,0,0,0,0,0,0,0,0,0,0,2,0,2,2,0,3,0,3,2,0,0,0,0,0,0,2,0,1,0,0,1,0,0,0,0,-2,0,-2,-2,0,3,0,3,2,1,2,1,1,1,0,0,0,0,1,0,1,0,0,1,0,0,0,0,0,0,0,0,0,0,0,0,0,0,0,1,1,1,1,0,0,0,0,0,1,1,2,1,1,0,0,1,0,0,1,0,0,0,0,0,1,1,1,1,-1,1,5,4,0,1,1,1,5,0,0,0,1,0,0,0,0,1,1,0,1,0,0,1,0,0,1,0,4,0,0,1,3,3,0,0,0,1,0,0,0,0,4,-1,0,1,0,1,-1,0,0,-1,1,-3,0,1,1,2,3,0,0,1,1,2,2,0,0,3,0,0,1,1,0,0,0,0,1,0,0,1,0,0,0,1,0,1,0,1,1,0,0,1,0,1,1,-1,2,0,1,0,0,0,0,-1,1,1,0,0,1
2560,35,2,09,1,1,2,1,1,1,1,1,0,0,0,1,1,1,1,1,0,1,0,0,1,1,1,0,0,0,0,0,0,0,0,0,0,0,0,0,0,0,0,0,0,0,1,1,1,-1,0,0,1,1,1,0,1,0,0,0,0,0,0,0,0,1,1,0,2,1,0,1,0,2,0,0,0,0,0,0,1,1,0,2,0,0,1,0,2,1,0,0,0,0,0,0,0,0,0,0,0,0,0,0,-1,1,0,0,0,0,0,-1,0,-2,-1,1,1,0,2,0,0,0,0,0,1,3,0,1,1,0,0,1,2,3,1,0,0,1,1,0,3,0,0,0,0,0,0,1,2,0,0,1,1,1,0,0,0,0,0,0,0,0,0,0,1,3,-1,-1,-2,1,0,0,0,-1,0,3,-1,-1,-1,0,0,0,0,0,0,1,1,0,0,1,0,0,0,0,1,0,0,1,0,0,0,1,0,0,0,0,0,0,0,0,0,0,0,0,0,0,0,0,1,0,0,-1,1,0,0,1,0,0,0,0,0,0
2560,35,2,11,2,1,1,1,3,3,2,1,2,2,0,0,0,0,0,0,0,0,0,0,0,0,0,2,0,3,2,1,0,1,2,1,1,1,3,0,0,0,0,1,-1,-1,0,-1,1,0,0,0,-2,0,-3,-2,-1,0,-1,2,1,1,1,2,1,5,2,1,1,0,5,2,1,0,0,0,1,0,0,0,0,0,0,0,0,0,1,0,0,0,4,1,1,0,1,5,1,1,1,0,1,0,0,0,1,0,0,0,1,0,0,0,0,0,0,-4,-1,-1,0,1,4,1,1,1,9,5,1,1,2,5,1,2,0,1,3,0,0,0,0,1,1,0,0,1,1,0,1,0,0,4,1,0,0,1,5,4,1,1,1,0,0,1,0,0,4,4,-1,1,1,2,0,-1,0,0,-3,0,0,0,0,5,4,0,1,1,1,3,0,3,1,4,1,3,0,2,0,1,1,0,0,0,1,2,0,0,0,2,1,2,0,1,0,2,0,0,0,1,0,-1,-1,0,-1,0,0,1,1,-2,-1,-2,0,1,0,1
2560,36,1,09,1,0,1,1,2,1,2,0,1,4,1,0,1,0,1,0,0,0,1,1,0,1,0,0,2,1,1,0,1,2,0,0,0,0,0,0,0,0,0,0,0,-2,1,0,-2,1,-1,1,0,-1,-1,-1,0,0,-1,0,0,0,0,0,1,0,2,2,0,0,1,0,1,0,1,0,1,2,0,0,0,1,0,0,0,1,0,1,0,0,0,0,0,0,0,0,0,0,0,0,0,0,0,0,1,-1,2,1,0,1,-1,1,1,0,0,0,1,0,0,0,0,0,0,0,3,1,5,0,0,3,1,2,0,0,2,0,3,0,0,1,1,2,0,0,2,1,2,0,0,1,0,0,0,0,0,0,0,0,0,0,0,0,0,0,0,0,3,0,0,0,-1,1,0,0,0,1,2,0,0,0,0,0,0,0,2,1,0,0,0,1,2,3,1,0,0,0,1,1,0,0,0,1,2,3,0,0,0,0,0,0,0,0,0,0,0,0,2,0,-2,-3,1,-1,-2,-3,1,1,0,0,0,0,0,0
2560,36,1,11,3,3,0,0,1,2,0,0,1,1,1,2,0,0,0,0,0,0,0,0,0,0,0,1,0,2,0,0,0,1,2,1,0,0,1,0,0,0,0,0,1,3,0,-1,0,1,2,0,-1,0,-2,0,0,0,-1,2,1,0,0,1,5,2,1,1,0,3,3,1,0,1,3,0,0,0,0,1,0,0,0,0,1,1,1,0,0,2,1,0,0,1,1,2,1,1,0,0,1,0,0,0,2,-1,0,1,-1,2,-1,-1,0,0,-1,-1,0,0,-1,1,1,1,1,0,2,4,2,1,3,1,1,0,3,1,0,0,1,0,0,0,1,1,0,1,1,1,0,1,0,0,0,0,2,1,2,3,0,1,2,0,0,0,0,0,1,3,2,-2,2,-1,-1,1,-1,0,0,1,1,-2,0,2,3,0,1,2,2,2,3,3,3,0,1,2,0,0,1,0,0,0,1,1,0,0,0,1,2,0,1,1,2,2,1,2,1,0,0,0,-1,2,2,1,0,0,1,-1,-2,0,0,0,1,2,1,2
2560,36,2,09,2,2,1,1,2,1,2,1,1,4,1,1,1,0,2,0,1,0,1,0,1,0,0,1,3,0,2,0,0,1,1,0,0,0,0,0,0,1,0,0,1,0,0,0,-2,0,1,1,-1,-1,0,-1,0,1,-1,1,0,-1,0,0,4,1,1,1,3,1,0,0,2,0,1,0,1,1,1,3,1,0,0,2,1,0,0,1,0,0,0,0,1,0,0,0,0,0,0,0,0,0,0,0,3,1,1,-1,3,0,0,1,0,1,3,1,0,-1,2,0,0,0,0,0,2,3,1,0,2,0,2,4,1,2,2,1,1,0,2,0,2,0,0,0,0,1,4,1,1,0,1,0,0,1,0,0,0,0,0,0,0,0,0,0,2,1,-3,-1,0,2,0,-3,-1,1,0,1,0,0,-1,0,0,0,0,0,2,3,2,1,0,0,0,2,0,2,0,0,2,1,2,1,0,0,0,1,0,0,0,1,0,0,0,0,0,0,0,0,2,3,2,-1,0,2,0,-1,2,1,2,0,0,0,0,0
2560,36,2,11,2,1,1,2,2,3,0,1,2,0,0,0,0,0,0,0,0,0,0,0,0,0,0,0,0,3,0,1,2,0,2,1,1,2,2,0,0,0,0,0,-1,1,0,0,2,0,0,0,0,0,-3,0,-1,-2,0,2,1,1,2,2,3,1,1,3,1,2,0,1,0,4,0,0,0,1,0,0,0,0,0,0,1,0,0,0,2,0,0,1,0,1,3,1,1,2,1,1,0,0,0,1,1,1,0,3,-3,-1,0,0,1,-2,0,0,-1,0,-1,2,1,1,2,0,1,2,0,0,1,1,6,2,1,0,0,0,0,0,0,0,1,0,0,0,0,1,1,1,0,1,5,1,0,0,1,1,0,0,1,0,0,0,0,0,0,-4,-2,-1,1,0,-1,-1,-1,0,-1,-4,-1,0,0,1,1,0,0,1,0,2,2,0,1,1,3,0,0,1,0,0,0,1,0,0,1,0,1,0,0,1,2,0,0,0,2,0,0,0,0,0,-1,1,-1,0,-1,1,-1,0,0,0,-2,0,0,0,2,0
2560,37,1,09,0,1,1,0,1,1,0,0,0,0,0,1,1,0,0,0,0,0,0,0,1,0,0,0,0,0,0,0,0,0,0,0,0,0,1,0,0,0,0,0,-1,1,1,0,1,-1,1,1,0,0,0,0,0,0,0,0,0,0,0,1,2,0,2,1,1,1,0,0,0,0,0,0,2,1,0,2,0,0,0,1,1,0,0,0,0,0,0,0,0,0,0,0,0,0,0,0,0,0,0,0,1,0,2,1,1,-1,0,2,1,0,2,0,0,0,1,0,0,0,0,0,4,1,3,3,0,1,1,2,6,0,3,0,2,2,0,1,1,1,1,0,0,0,1,5,0,1,1,1,1,0,0,0,0,0,0,0,0,0,0,0,3,0,1,-3,0,3,0,1,-3,0,0,0,0,0,0,0,0,0,0,0,1,0,0,0,2,4,0,1,1,0,0,0,0,0,0,0,2,1,0,0,0,3,0,1,0,0,0,0,0,0,0,0,-1,-4,0,-1,-1,-1,0,0,0,-3,0,-1,0,0,0,0
2560,37,1,11,1,1,1,0,2,1,1,2,0,1,0,0,0,0,0,0,0,1,0,0,0,0,1,0,1,1,1,1,0,0,1,1,0,0,2,0,0,0,0,0,0,0,-1,0,1,0,0,-1,0,-1,-1,-1,0,0,0,1,1,0,0,2,2,0,2,3,1,0,0,0,3,2,0,0,1,1,0,0,0,0,0,0,0,0,0,2,1,0,0,0,1,1,2,0,1,2,1,0,0,0,0,0,2,0,2,0,-1,0,0,1,-1,-1,0,0,0,-1,-1,2,0,1,2,1,0,1,1,1,1,0,2,3,1,0,0,0,1,1,0,0,0,0,0,1,0,1,0,1,0,0,1,3,0,0,0,1,0,0,0,0,0,0,0,0,0,-1,-2,0,1,0,-1,1,0,0,0,-1,-3,0,1,0,1,0,0,0,4,2,3,2,2,3,2,0,0,0,0,0,0,0,0,0,0,1,0,0,2,2,2,0,4,2,3,2,0,0,0,0,2,-1,1,2,0,-1,0,0,-2,-2,-2,0,4,2,3,2
2560,37,2,09,0,0,1,0,0,1,2,0,3,1,0,0,1,0,0,0,0,0,0,0,1,1,0,3,0,0,1,0,0,1,0,0,0,0,0,0,0,0,0,0,-1,-2,1,-3,-1,-1,-1,1,-3,0,0,-1,0,0,-1,0,0,0,0,0,1,2,3,0,0,2,2,0,1,2,1,1,2,0,0,0,1,1,0,0,1,1,0,1,2,1,1,0,0,0,0,0,0,0,0,0,0,0,0,0,-1,0,3,-1,-2,0,0,2,-1,-2,-1,0,1,0,0,0,0,0,0,0,3,0,1,1,1,2,0,1,1,1,2,0,1,1,1,1,0,0,0,0,2,0,1,1,0,0,0,0,0,1,0,0,0,0,0,0,0,0,0,0,1,0,0,0,0,0,0,0,0,1,1,0,0,0,-1,0,0,0,0,0,2,2,0,3,1,1,2,5,1,1,0,3,1,1,0,0,1,0,2,3,0,1,0,2,0,0,0,0,0,0,0,0,1,1,-2,-2,0,1,-2,0,1,0,0,-2,0,0,0,0
2560,37,2,11,1,2,1,3,3,1,1,0,0,1,0,0,0,0,0,0,0,0,0,0,1,0,0,0,0,0,1,0,0,1,1,2,1,3,3,0,0,0,0,0,0,1,1,3,2,-1,0,0,0,0,0,-1,0,0,-1,1,2,1,3,3,2,0,0,3,1,2,2,0,4,1,0,0,0,0,0,0,0,0,2,0,0,0,0,2,0,2,2,0,2,0,2,0,0,1,1,0,0,0,0,1,0,-2,0,-1,0,0,0,0,-2,0,-2,-2,0,0,0,2,0,0,1,0,3,3,1,1,6,1,0,3,3,5,1,1,0,0,1,0,0,0,0,0,0,0,0,1,1,1,0,3,2,4,2,2,1,1,5,0,0,0,0,0,2,3,-2,-2,1,1,1,0,-1,0,-1,0,-3,-2,-4,2,2,1,1,5,1,1,2,2,0,2,3,0,0,1,0,0,1,0,0,0,0,0,1,0,0,1,2,0,0,0,2,2,0,1,0,0,1,-1,-1,2,0,1,-1,0,1,-1,-2,0,0,-1,2,2
2560,38,1,09,0,0,0,1,0,0,0,1,1,2,0,0,0,0,0,0,0,0,1,0,0,0,0,0,2,0,0,1,1,0,0,0,0,0,0,0,0,0,0,0,0,0,-1,0,-2,0,0,0,0,-2,0,0,-1,0,0,0,0,0,0,0,2,1,4,2,0,2,2,3,3,2,0,1,1,2,0,2,0,3,0,0,1,1,1,3,2,1,1,2,0,0,0,0,0,0,0,0,0,0,0,0,0,-1,1,-1,-2,-1,0,0,-1,-2,1,-1,1,0,0,0,0,0,0,0,0,1,1,0,1,1,1,1,0,1,0,0,0,0,1,0,0,1,0,0,1,1,0,0,1,0,0,1,0,0,0,1,0,0,0,0,0,0,0,0,-1,0,0,0,0,-1,-1,0,0,0,0,0,0,0,0,0,1,0,0,0,1,2,3,1,1,2,1,0,0,2,1,0,1,0,2,1,1,2,1,0,0,0,0,0,0,0,0,0,0,0,0,0,0,0,2,1,-1,0,0,0,1,0,2,1,0,0,0,0
2560,38,1,11,0,3,0,2,0,0,1,0,3,0,0,1,0,0,0,0,0,0,2,0,0,0,0,0,0,0,0,0,2,0,0,2,0,0,0,0,1,0,1,0,0,2,0,-1,0,0,1,0,0,0,0,0,0,0,0,0,1,0,-1,0,1,2,1,4,4,1,2,1,0,2,0,0,0,0,1,0,0,1,1,0,0,0,0,0,1,1,2,1,0,1,1,2,0,3,3,0,0,0,0,0,0,0,0,4,2,0,0,0,0,0,-1,-2,0,1,-1,1,2,0,3,3,1,1,0,1,1,0,0,1,0,1,0,0,0,1,0,0,0,0,0,0,0,0,0,0,1,0,0,1,0,0,1,1,0,0,1,0,0,0,0,0,1,1,-1,1,0,0,0,0,1,-1,0,0,-1,0,0,1,1,0,0,1,1,1,2,0,1,1,3,0,1,1,0,0,0,0,0,0,1,0,0,0,0,1,3,0,0,0,2,0,0,0,0,0,0,0,-1,0,0,1,0,0,0,-1,-3,0,0,0,2,0
2560,38,2,09,2,0,0,1,2,0,0,0,2,1,1,0,0,1,2,1,0,0,0,0,0,0,0,0,1,0,0,0,2,0,0,0,0,0,0,0,0,0,0,0,2,0,0,-1,1,1,0,0,1,1,1,0,0,-2,0,0,0,0,0,0,0,3,3,0,1,1,1,3,1,0,0,1,2,0,1,0,2,1,0,0,1,0,1,1,0,0,1,2,0,0,0,0,0,0,0,0,0,0,0,0,-1,2,0,-1,1,-1,1,1,-1,1,0,1,-1,0,0,0,0,0,0,0,2,1,2,0,0,1,1,1,0,0,1,1,0,0,0,1,0,2,0,0,1,1,1,0,0,0,0,0,0,0,0,0,0,0,0,0,0,0,0,0,1,0,1,0,0,0,0,-1,0,0,1,0,2,0,0,0,0,0,0,0,0,0,0,2,2,1,2,0,0,0,0,0,0,0,0,2,2,1,1,0,0,0,1,0,0,0,0,0,0,0,0,0,-2,-1,-2,2,-2,-1,-1,0,0,0,-1,2,0,0,0,0
2560,38,2,11,1,0,0,1,2,2,0,2,0,3,0,0,0,0,0,0,0,0,0,0,0,0,0,0,1,2,0,2,0,2,1,0,0,1,2,0,0,0,0,0,-1,0,-2,1,-1,0,0,0,0,-1,-2,0,-2,0,-2,1,0,0,1,2,0,4,2,1,2,1,0,1,0,1,0,0,0,0,0,0,1,1,0,0,0,0,0,0,1,1,0,1,0,0,0,3,1,1,2,0,0,0,0,0,-1,4,1,1,1,0,0,0,0,-1,-1,1,0,0,0,0,3,1,1,2,1,1,0,2,2,1,3,1,0,1,0,0,0,0,0,0,1,0,1,2,1,1,0,0,0,0,2,1,0,1,1,0,0,1,0,0,0,0,0,0,0,-2,-1,2,1,-1,-1,0,0,0,0,-1,-1,1,1,1,0,0,1,0,1,1,2,2,1,1,1,2,0,1,0,0,1,0,0,1,1,1,0,0,0,0,1,2,0,0,2,1,0,0,0,0,0,0,1,0,-1,0,0,0,1,0,-1,-1,0,0,2,1
2560,39,1,09,4,0,1,1,3,3,2,1,1,2,2,0,1,0,1,2,0,0,1,2,2,1,1,1,1,1,0,0,0,1,0,0,0,0,0,0,1,0,0,0,1,-2,0,0,1,0,-1,0,-1,0,1,0,0,1,1,0,-1,0,0,0,1,1,1,1,3,1,2,1,3,0,0,1,1,0,2,1,0,0,1,1,1,0,0,2,0,0,1,1,1,0,0,0,0,0,0,0,1,0,0,0,0,-1,0,-2,3,-1,1,1,-2,2,1,-1,-1,0,1,0,-1,0,0,0,0,0,1,2,3,1,2,4,1,0,0,0,1,0,2,0,0,0,2,1,1,2,2,0,0,0,0,2,1,0,0,0,0,0,0,0,0,0,0,0,-1,-2,-3,1,3,-1,-2,-1,0,2,0,0,-2,1,1,0,0,0,0,0,2,1,0,3,1,2,2,4,1,1,0,1,1,0,0,2,0,1,2,1,1,1,0,2,0,0,0,0,0,0,0,1,1,-1,-2,-1,1,0,-2,0,0,-1,0,0,0,0,0,-1
2560,39,1,11,3,2,1,2,0,2,1,2,1,2,2,1,0,1,0,0,0,0,0,0,1,0,0,0,1,1,1,2,1,1,1,1,1,1,0,0,0,0,0,0,1,1,-1,1,-2,1,1,0,1,-1,-1,-1,-2,-1,-1,1,1,1,1,0,4,1,0,0,0,2,1,1,1,1,0,0,0,0,0,0,0,0,0,0,0,0,0,0,1,1,1,1,1,0,4,1,0,0,0,1,0,0,0,0,2,0,-1,-1,-1,0,0,0,0,-1,-1,-1,-1,-1,0,3,1,0,0,0,0,3,1,3,2,0,1,2,3,0,0,2,1,1,0,0,1,0,0,0,0,1,0,0,0,0,0,2,2,0,0,0,0,2,2,0,0,0,1,0,0,2,-1,0,2,0,1,1,1,0,0,1,-2,-2,0,0,0,0,1,2,0,2,2,0,2,3,2,1,0,0,0,0,0,1,1,0,1,1,0,0,0,2,2,1,0,1,1,0,1,0,0,0,-2,-1,0,-1,-1,-1,0,0,0,-1,-1,-1,-1,1,1,0
2560,39,2,09,1,0,1,3,1,2,2,0,0,1,1,0,0,1,1,0,0,0,1,0,1,1,0,0,1,1,1,0,0,0,0,0,1,1,0,0,0,0,0,0,-1,-2,1,3,0,0,-1,0,1,0,-1,-1,0,1,0,0,0,1,1,0,1,3,0,0,0,2,0,0,2,2,1,2,0,0,0,0,1,0,0,0,1,0,0,2,1,1,0,0,0,1,0,0,0,0,0,0,0,0,0,0,-1,3,0,-2,-2,0,2,0,-2,-1,-1,1,0,0,-1,0,0,0,0,0,1,1,0,1,1,0,0,0,1,2,1,0,0,0,1,0,1,0,1,0,0,0,0,0,2,0,0,0,1,0,0,0,0,0,0,0,0,0,0,0,1,1,0,0,-1,1,0,0,0,-1,0,1,0,0,0,0,0,0,0,0,1,0,1,1,2,1,1,2,1,0,1,0,0,0,0,1,1,1,1,1,1,0,0,1,0,0,0,0,0,0,0,0,-1,-1,0,-1,0,-1,0,-1,-1,0,0,0,0,0,0,0
2560,39,2,11,1,4,1,3,0,0,2,0,2,0,0,0,1,0,0,0,0,0,0,0,0,1,0,0,0,0,1,0,2,0,1,4,0,3,0,0,0,0,0,0,1,2,1,1,0,0,-1,1,0,0,0,-1,0,-2,0,1,4,0,3,0,3,0,1,0,1,3,0,0,1,2,0,0,0,0,0,0,0,1,0,0,1,0,0,0,1,2,0,0,1,1,3,0,0,0,1,0,0,0,0,0,0,0,1,-1,-1,-1,0,0,0,-1,-2,0,1,-1,-1,3,0,0,0,1,3,1,0,0,0,2,1,0,0,0,1,0,0,0,0,0,0,0,0,0,1,0,0,0,0,1,1,0,0,0,2,1,0,0,0,0,0,0,0,0,1,0,0,0,0,0,0,0,0,0,-1,-1,0,0,0,2,1,0,0,0,0,1,1,2,3,1,1,0,0,0,0,0,0,0,1,0,3,0,1,0,0,1,0,0,0,1,0,2,0,0,0,0,-3,0,0,2,-3,0,-1,0,0,-1,1,0,0,1,0,2
2560,40,1,09,3,1,2,1,1,6,2,0,0,0,2,1,1,1,0,1,0,0,0,1,4,0,0,0,0,2,0,0,0,0,0,0,1,0,0,0,2,0,0,0,-3,-1,2,1,1,-2,1,1,1,0,-1,0,0,0,1,0,-2,1,0,0,1,0,0,0,0,4,0,0,1,1,1,0,0,0,0,0,0,0,0,0,4,0,0,1,1,0,0,0,0,0,0,0,0,0,0,0,0,0,0,0,-3,0,0,-1,-1,-3,0,0,-1,-1,0,0,0,0,0,0,0,0,0,0,1,0,1,2,2,0,3,1,0,0,0,0,0,1,1,1,0,1,1,1,0,1,0,0,0,0,1,1,0,0,0,0,0,0,0,0,1,0,0,0,1,-3,0,2,2,0,-1,0,1,1,1,-1,0,1,1,0,-1,0,0,0,0,0,0,1,1,1,1,0,0,0,0,1,0,0,0,0,1,0,1,0,0,1,0,0,0,0,0,0,0,0,0,0,-1,-1,-1,1,-1,0,-1,1,0,-1,0,0,0,0,0,0
2560,40,1,11,4,2,0,1,3,0,2,1,2,4,1,0,0,0,0,0,0,0,0,0,0,0,0,1,1,0,1,1,1,2,3,2,0,1,3,0,1,0,0,1,4,0,-1,-1,-1,1,0,0,-1,-1,0,-1,-1,-1,-2,3,1,0,1,2,2,2,1,0,1,1,3,1,0,1,0,1,0,0,0,0,0,0,0,0,1,0,0,0,0,0,3,1,0,1,2,1,1,0,1,0,0,0,0,0,1,-1,0,0,0,-1,1,0,0,0,0,-3,-1,0,-1,2,1,1,0,1,2,1,1,0,1,2,0,1,0,1,1,0,1,0,0,0,0,0,0,0,1,0,0,0,0,1,0,1,0,1,1,1,0,0,1,0,0,0,0,0,0,1,0,0,0,0,0,1,0,0,-1,0,-1,0,-1,1,1,0,0,1,0,1,3,0,2,1,0,1,0,1,1,0,0,0,1,0,0,0,0,0,1,1,0,1,0,0,1,0,1,0,0,0,-2,0,3,-1,0,1,1,0,-1,-1,1,-1,-1,0,1,0
2560,40,2,09,1,1,2,1,1,0,1,0,1,0,1,0,0,1,0,0,1,2,0,1,0,1,0,0,0,0,0,0,0,0,0,0,0,0,0,0,0,0,1,0,1,0,2,0,1,1,-1,0,1,0,0,1,2,0,1,0,0,0,-1,0,0,0,1,1,2,2,1,3,1,2,0,0,1,0,1,0,0,0,1,1,2,1,2,0,1,0,0,1,1,1,0,0,0,0,0,0,0,0,0,0,-2,-1,-2,0,0,-2,-1,-1,0,0,0,0,-1,0,0,0,0,0,0,0,0,1,1,0,1,0,0,2,0,3,0,0,0,0,0,0,1,1,0,1,0,0,2,0,3,0,0,0,0,0,0,0,0,0,0,0,0,0,0,0,0,1,-1,0,-2,0,0,-2,0,-3,0,1,1,0,1,0,0,0,0,0,1,0,0,4,0,2,1,0,1,0,0,2,0,0,0,2,0,2,1,0,0,0,0,0,0,0,0,0,0,0,0,0,1,-2,-1,4,1,-2,-1,2,0,0,0,2,0,0,0,0
2560,40,2,11,1,0,1,0,0,1,1,0,1,0,0,0,1,0,0,0,0,0,0,0,0,0,0,1,0,1,1,0,0,0,1,0,0,0,0,0,0,0,0,0,0,-1,1,-1,0,0,0,1,-1,0,-1,-1,0,0,0,1,0,0,0,0,3,1,0,0,0,3,0,1,1,0,0,0,0,0,0,0,0,0,0,0,0,0,1,0,0,1,0,0,0,0,3,1,0,0,0,2,0,0,1,0,0,1,-1,-1,0,0,0,-1,0,0,-1,0,0,0,0,1,1,0,-1,0,0,1,1,0,2,0,2,1,1,0,0,1,0,0,1,0,0,0,0,0,0,2,0,1,0,0,0,1,0,0,0,0,1,0,1,0,0,0,0,0,0,-1,0,-1,2,0,-1,0,-1,1,0,0,-1,0,0,0,0,1,0,1,2,0,1,0,1,0,1,1,0,0,0,0,1,0,0,0,0,0,1,0,0,0,0,0,1,0,1,0,1,0,0,1,1,0,0,-1,0,0,-1,0,1,0,0,0,0,0,1,-1
2560,41,1,09,1,3,5,1,1,0,4,3,1,0,1,0,4,0,1,0,2,0,1,0,0,1,3,1,0,0,2,0,0,0,0,1,1,0,0,0,1,0,0,0,1,-1,2,0,1,1,-1,1,-1,1,0,0,0,1,0,0,0,1,0,0,0,2,0,1,2,0,1,0,1,1,0,2,0,0,1,0,0,0,1,1,0,1,0,1,1,0,0,0,0,0,0,0,0,0,0,0,0,0,0,0,0,1,0,0,1,0,1,0,-1,0,0,0,0,1,1,0,0,0,0,0,3,2,1,1,1,5,1,0,2,2,1,2,0,0,0,2,0,1,1,1,3,1,0,1,1,2,0,0,1,1,0,0,0,0,0,0,0,0,0,0,-2,1,1,-1,-1,-2,1,0,-1,-1,0,0,1,0,0,0,0,0,0,0,3,1,3,1,1,0,0,0,2,1,2,1,1,0,1,0,1,0,0,0,0,0,0,0,0,0,0,0,0,0,0,0,2,1,3,1,1,1,2,1,1,0,1,0,0,0,0,0
2560,41,1,11,0,0,0,1,1,0,3,0,0,0,0,0,0,0,0,0,0,0,0,0,0,0,0,0,0,0,2,0,0,0,0,0,0,1,1,0,1,0,0,0,0,-3,0,1,1,0,0,0,0,0,0,-2,0,0,0,0,-1,0,1,1,0,0,0,3,0,0,1,1,1,2,0,0,0,0,0,0,0,0,1,0,0,0,0,0,2,0,1,1,1,0,0,0,0,2,0,0,0,0,0,0,0,-1,-1,2,-2,0,0,0,0,-2,0,-1,-1,0,0,0,0,0,2,0,0,1,0,1,0,0,0,1,1,0,0,1,0,0,0,0,0,0,0,0,0,0,1,0,0,0,0,0,1,0,0,0,0,1,0,0,0,0,0,0,0,1,-1,0,0,0,1,-1,0,0,0,0,0,-1,0,0,0,0,1,0,6,0,2,4,2,2,3,5,2,0,0,0,4,0,1,0,1,0,2,2,1,2,1,1,0,0,1,4,0,0,0,2,4,-2,-1,-1,1,0,-2,-2,3,-2,0,-1,0,0,1,2
2560,41,2,09,1,1,0,0,4,0,0,0,0,2,1,0,0,0,2,0,1,0,0,1,0,0,0,0,2,0,0,0,0,0,0,0,0,0,1,0,0,0,0,0,1,1,0,0,2,1,0,0,0,0,0,1,0,0,1,0,0,0,0,1,2,1,2,0,0,3,0,0,0,0,1,1,1,0,0,1,0,1,0,0,3,0,0,0,0,0,0,0,0,0,0,0,0,0,0,0,0,0,0,0,-1,1,2,0,0,-2,1,1,0,0,1,0,1,0,0,0,0,0,0,0,0,1,1,1,1,1,1,1,0,0,0,1,1,0,1,0,0,0,1,0,1,0,0,0,0,0,1,1,0,0,0,0,0,0,0,0,0,0,0,0,-1,0,0,1,1,-1,1,1,0,1,0,-1,-1,1,0,0,0,0,0,0,2,1,1,0,1,2,1,0,1,1,1,0,1,0,0,0,1,2,1,0,0,0,0,0,0,0,0,0,0,0,0,0,1,-1,0,0,0,-1,0,0,1,0,0,0,0,0,0,0
2560,41,2,11,0,0,0,0,0,0,0,0,0,1,0,0,0,0,0,0,0,0,0,0,0,0,0,0,0,0,0,0,0,0,0,0,0,0,0,0,0,0,0,1,0,0,0,0,-1,0,0,0,0,0,0,0,0,0,0,0,0,0,0,-1,2,1,0,0,2,0,0,1,0,0,0,1,0,0,0,0,0,0,0,0,0,0,0,0,0,0,0,1,0,0,2,0,0,0,2,0,0,0,0,0,2,1,-1,0,2,0,1,0,0,0,0,0,-1,0,0,2,0,0,0,2,1,1,0,1,2,0,0,0,2,0,0,0,0,1,1,0,1,0,0,0,0,0,0,2,0,0,0,0,0,0,1,0,0,0,1,0,0,0,0,0,1,1,0,-1,2,0,0,0,-1,1,0,1,0,0,0,1,0,0,0,1,2,1,2,1,4,1,1,2,0,0,1,0,0,0,0,0,3,0,0,0,0,1,1,1,2,1,1,1,1,0,0,1,-2,0,1,-1,-3,0,1,0,0,-1,-1,-1,1,1,1,0
2560,42,1,09,1,0,3,0,0,1,1,2,1,1,0,0,2,0,0,1,0,1,0,0,1,1,1,0,0,0,0,1,1,0,0,0,0,0,0,0,0,0,0,1,0,-1,1,-1,-1,-1,-1,1,0,0,1,0,0,-1,0,0,0,0,0,-1,1,0,2,1,1,3,0,1,0,1,0,0,1,0,1,1,0,1,1,0,2,0,1,0,1,0,0,0,0,0,0,0,0,0,0,1,0,0,0,0,-2,0,1,1,0,-2,0,0,0,0,1,0,1,1,0,-1,0,0,0,0,1,4,0,2,1,1,1,1,0,1,1,4,0,2,1,0,0,0,0,0,1,1,1,0,1,0,0,0,0,0,0,0,0,0,0,0,0,0,0,0,0,3,-1,2,0,0,3,-1,2,0,0,0,0,0,0,0,0,0,0,0,4,0,0,1,2,1,0,2,2,0,0,1,2,0,0,0,1,1,0,2,1,0,0,0,0,0,0,0,0,0,0,0,2,-1,0,-1,1,-1,0,-1,1,0,0,0,0,0,0,0
2560,42,1,11,1,1,1,2,0,2,2,0,0,0,0,1,0,0,0,0,0,0,0,0,0,1,0,0,0,2,1,0,0,0,1,0,1,2,0,0,0,0,0,0,-1,-1,1,2,0,0,0,0,0,0,-2,-1,0,0,0,1,0,1,2,0,1,1,1,1,3,2,1,1,0,2,0,0,1,0,0,1,0,0,0,0,0,1,1,0,1,2,0,0,0,0,0,1,0,1,3,0,0,0,0,1,-1,0,0,1,1,0,-1,0,0,-1,-1,0,0,0,0,0,1,0,1,2,2,0,1,0,0,2,0,0,1,1,0,0,1,0,0,0,0,0,0,0,0,0,0,1,1,1,0,0,0,0,2,0,0,0,0,1,0,0,0,0,0,0,1,-1,-1,0,0,1,-1,-1,-1,0,0,0,0,1,0,0,0,0,1,2,2,1,0,0,1,0,0,1,0,0,0,0,1,0,0,0,0,0,0,0,1,0,1,1,1,1,0,0,0,0,1,2,1,1,0,1,0,0,0,0,0,0,1,1,1,1
2560,42,2,09,0,0,0,2,1,0,1,0,2,1,0,0,0,2,0,0,0,0,0,1,0,1,0,1,1,0,0,0,1,0,0,0,0,0,0,0,0,0,0,0,0,-1,0,0,0,0,-1,0,1,-1,0,0,0,-1,1,0,0,0,0,0,0,2,1,0,2,0,3,1,2,1,0,2,1,0,1,0,0,0,0,1,0,2,1,2,1,0,1,0,0,0,0,0,0,0,0,0,0,0,0,0,0,-1,0,-2,1,0,0,0,-2,0,0,-1,0,0,1,0,0,0,0,0,1,1,1,1,0,1,0,1,2,1,1,0,1,1,0,0,1,0,0,0,1,0,1,2,0,0,0,0,0,1,0,0,0,0,0,0,0,0,0,0,0,1,0,-1,-1,0,0,0,-1,0,0,1,0,0,-1,0,0,0,0,0,0,1,0,0,1,2,1,0,0,0,0,0,0,1,0,0,1,1,1,0,0,1,0,0,0,0,0,0,0,0,0,0,-1,-1,-1,0,-1,-1,-1,0,0,0,0,0,0,0,0,0
2560,42,2,11,3,1,2,1,0,0,0,1,2,0,0,0,0,0,0,0,1,0,0,0,0,0,0,1,0,0,0,1,1,0,3,0,2,1,0,0,0,0,0,0,3,1,1,-1,0,0,0,0,-1,0,0,1,-1,-1,0,3,0,2,1,0,0,1,0,1,2,0,2,0,1,0,0,1,0,0,0,0,0,0,1,0,0,1,0,0,0,0,1,0,1,0,0,0,0,0,2,0,0,0,0,0,0,-1,0,0,2,0,0,0,0,0,0,-1,0,0,0,0,0,0,0,2,1,1,0,0,1,2,0,1,1,3,0,0,0,0,0,0,0,0,0,0,0,0,1,1,1,2,0,0,0,2,1,1,0,0,1,0,0,0,0,0,-1,1,-1,-1,-2,0,0,-1,-1,-1,-2,0,0,0,-2,1,1,0,0,1,1,1,1,2,1,1,2,2,0,0,0,1,0,0,0,0,0,0,0,1,1,1,1,0,1,1,1,1,0,0,1,1,0,0,-1,0,0,0,0,0,-1,-1,-1,0,1,1,0,0
2560,43,1,09,1,3,1,1,0,0,1,2,3,1,1,3,1,0,0,0,0,0,1,0,0,1,2,1,0,0,0,0,2,1,0,0,0,0,0,0,0,0,0,0,1,2,-1,-2,-1,1,2,-1,-1,0,0,0,0,-1,-1,0,0,0,0,0,1,1,1,0,2,4,2,1,1,2,0,1,1,0,2,1,0,0,0,0,2,1,1,1,2,2,1,0,0,0,0,0,0,0,0,0,0,0,0,0,-3,-1,0,-1,0,-2,0,0,-1,0,-1,-1,0,0,0,0,0,0,0,0,1,0,0,1,1,2,1,2,2,0,1,0,0,0,0,0,0,0,1,1,2,1,1,2,0,0,0,1,0,0,0,0,0,0,0,0,0,0,0,0,-1,-1,-2,-1,1,-1,-1,-1,-2,0,0,0,-1,1,1,0,0,0,0,0,0,2,0,0,0,1,1,0,0,1,0,0,0,1,0,0,0,1,1,0,0,0,0,0,0,0,0,0,0,0,0,0,0,1,-1,0,0,0,-1,0,0,1,0,0,0,0,0,0
2560,43,1,11,1,0,1,0,0,2,0,3,0,0,0,0,1,0,0,1,0,0,0,0,1,0,2,0,0,0,0,0,0,0,0,0,0,0,0,1,0,1,0,0,-1,0,-2,0,0,-1,0,-1,0,0,1,0,0,0,0,-1,0,-1,0,0,1,0,0,1,2,0,0,1,1,0,0,0,0,0,0,0,0,0,0,2,0,0,0,0,0,0,0,1,1,0,1,0,0,1,0,0,0,0,0,0,1,0,-1,0,2,0,0,0,0,0,0,0,-1,-1,2,1,0,0,1,0,2,2,1,1,0,0,2,0,1,0,0,0,0,1,0,0,1,0,0,0,0,1,0,0,0,0,1,0,1,0,2,1,1,0,0,0,0,0,0,0,2,0,1,0,0,0,-1,0,1,0,0,0,0,-1,0,2,1,1,0,0,0,2,4,1,0,0,4,3,0,0,2,0,0,1,1,0,0,0,3,0,0,0,1,1,0,1,1,1,0,0,0,2,0,2,0,-2,0,0,-1,0,0,1,0,-1,0,1,1,-1
2560,43,2,09,2,1,2,2,0,0,0,1,1,3,2,0,2,1,0,0,1,0,1,0,0,0,1,0,1,0,0,0,1,2,0,0,0,0,0,0,0,0,0,0,2,1,1,1,-3,2,0,1,1,-1,0,1,0,0,-2,0,0,0,0,0,2,1,2,0,0,4,2,1,0,1,2,0,2,0,0,0,1,0,0,0,2,1,0,0,1,2,1,1,0,0,0,0,0,0,0,0,0,0,0,0,-2,-1,1,0,-1,0,-1,2,0,-1,-2,0,-1,0,0,0,0,0,0,0,0,0,1,2,0,2,3,3,2,0,0,0,1,2,0,0,0,0,0,0,1,3,3,1,0,1,0,0,1,0,0,0,0,0,0,0,0,0,0,0,-2,-3,-2,0,0,-1,-3,-2,1,0,-1,0,0,-1,0,0,0,0,0,0,2,0,1,1,1,0,0,1,0,0,1,0,2,0,0,1,1,0,0,0,0,0,0,1,0,0,0,0,0,0,0,0,1,0,1,0,-1,0,1,0,2,0,0,0,0,0,0,0
2560,43,2,11,0,1,0,0,2,0,2,0,1,1,0,0,0,0,0,0,0,0,0,0,0,0,0,0,1,0,2,0,1,0,0,1,0,0,2,0,0,0,0,0,0,-1,0,-1,1,0,0,0,0,-1,0,-2,0,-1,0,0,1,0,0,2,2,0,1,0,0,1,1,0,0,1,1,0,0,0,0,0,0,0,0,0,1,0,0,0,1,0,0,0,0,0,1,0,1,0,0,0,1,0,0,0,1,-1,1,0,-1,0,0,0,0,-1,0,0,0,0,0,1,-1,1,0,0,0,1,2,0,0,1,0,1,0,2,0,0,0,0,0,0,1,1,0,0,0,0,0,0,2,1,0,1,0,0,0,0,1,0,0,0,0,0,0,0,-1,1,1,0,-2,0,0,0,0,-2,-1,1,0,0,0,0,0,1,0,0,1,1,0,0,2,1,2,0,1,0,0,0,0,1,0,0,1,0,1,0,0,1,1,0,0,0,0,0,1,0,0,0,-1,0,-2,0,0,0,-1,0,0,0,-1,0,-1,0,0,0
2560,44,1,09,0,0,2,4,2,2,0,1,1,2,0,0,2,2,0,0,0,0,2,2,2,0,1,0,1,0,0,0,1,1,0,0,0,0,0,0,0,0,0,0,-2,0,1,3,0,-2,0,1,2,-1,0,0,0,1,1,0,0,0,0,0,1,1,1,1,2,3,0,1,2,0,0,1,0,0,1,1,0,1,1,1,3,0,1,1,0,0,0,0,1,0,0,0,0,0,0,0,0,0,0,0,-2,1,0,-1,2,-3,1,-1,-1,1,1,0,1,0,1,0,0,0,0,0,0,2,1,0,0,0,1,0,1,3,0,1,1,0,0,0,1,0,0,0,0,0,0,1,3,0,1,0,0,0,0,0,0,0,0,0,0,0,0,0,0,1,1,-1,-3,0,1,1,-1,-3,0,0,0,0,0,0,0,0,0,0,1,0,0,0,4,0,2,0,0,0,0,0,1,0,0,0,2,0,2,0,2,0,0,0,0,0,0,0,0,0,0,0,-3,0,-2,0,-2,0,-2,0,-1,0,0,0,0,0,0,0
2560,44,1,11,2,2,1,1,1,0,1,1,0,0,0,0,0,0,0,0,0,0,0,1,0,0,0,0,0,0,1,0,0,0,2,2,1,1,0,0,0,1,0,0,2,1,0,1,1,0,0,0,0,0,0,-1,0,0,1,2,2,0,1,0,0,0,3,0,3,0,1,2,1,0,0,0,0,0,0,0,0,1,0,1,0,0,0,0,0,0,1,2,0,0,0,0,2,0,2,0,0,0,1,0,0,-1,1,-1,3,0,0,0,0,0,0,-1,-1,0,1,0,0,2,-1,2,0,3,2,0,0,0,3,1,1,1,0,1,0,0,0,0,1,0,0,0,0,2,0,0,0,0,1,1,0,1,0,1,2,0,0,0,0,0,1,0,0,0,1,-1,-1,0,-1,0,0,0,0,0,-1,0,-1,0,1,2,-1,0,1,2,0,1,1,0,1,4,0,2,0,0,0,0,0,1,1,0,0,1,0,0,1,2,1,0,0,0,0,0,0,1,0,2,-1,-3,-1,2,0,-1,0,0,-1,-1,1,0,0,-1
2560,44,2,09,1,1,1,1,0,1,0,2,0,1,1,1,1,0,0,0,0,0,1,0,1,0,2,0,1,0,0,0,0,0,0,0,0,0,0,0,0,0,0,0,0,1,-1,1,-1,0,1,-1,0,-1,0,0,0,1,0,0,0,0,0,0,1,1,1,1,1,1,2,1,0,2,1,1,0,1,1,0,0,1,0,0,1,2,0,0,1,0,0,1,0,1,0,0,0,0,0,0,0,0,0,0,0,-1,0,1,-1,0,-1,0,1,0,0,0,0,0,-1,0,0,0,0,0,0,0,0,1,0,1,1,0,0,0,0,0,0,1,0,0,0,0,0,0,0,0,0,0,0,1,1,0,0,0,0,0,0,0,0,0,0,0,0,0,-1,-1,0,1,0,0,0,0,1,0,-1,-1,0,0,0,0,0,0,0,0,0,0,0,1,1,1,0,0,0,0,0,0,0,0,0,1,1,1,0,0,0,0,0,0,0,0,0,0,0,0,0,0,-1,-1,0,1,-1,-1,0,0,0,0,0,1,0,0,0,0
2560,44,2,11,2,0,2,0,1,0,0,1,0,1,0,0,2,0,0,0,0,0,0,0,0,0,1,0,0,0,0,0,0,1,2,0,0,0,1,0,0,0,0,0,2,0,1,0,0,0,0,1,0,0,0,0,0,0,-1,2,0,0,0,1,1,0,0,3,0,0,0,1,2,0,0,0,0,0,0,0,0,0,0,0,0,0,0,0,0,0,0,1,2,0,1,0,0,3,0,0,0,0,0,0,1,0,-1,1,0,0,0,0,0,0,0,0,-1,-2,0,1,0,0,3,0,1,3,1,0,0,0,0,1,1,0,0,1,0,0,0,0,0,0,0,0,0,0,0,0,0,0,0,1,1,0,1,2,1,0,0,0,0,0,0,0,1,3,0,-1,0,0,1,0,0,0,0,0,-1,-1,0,1,2,1,0,0,0,3,0,2,0,0,0,1,0,0,0,1,0,1,0,1,0,0,0,0,0,0,0,0,0,2,0,0,0,0,0,1,0,3,0,1,0,0,0,1,0,1,0,1,0,2,0,-1
2560,45,1,09,4,2,1,0,0,1,4,0,2,1,4,0,0,0,0,0,2,1,0,0,1,2,0,1,1,0,2,0,1,0,0,0,0,0,0,0,0,0,0,0,3,-2,1,-2,-1,3,-2,0,-1,-1,0,0,1,-1,0,0,0,0,0,0,3,1,0,3,1,1,0,1,1,1,2,1,0,1,1,1,0,0,1,0,0,0,1,1,1,1,0,0,0,0,0,0,0,1,0,0,0,0,0,0,2,1,-1,2,0,2,1,-1,0,0,0,0,0,1,0,0,0,0,1,0,3,0,1,1,0,3,0,1,1,2,2,0,0,0,0,1,0,1,1,0,2,0,1,1,1,1,0,0,0,1,0,0,0,0,0,0,0,0,0,0,0,0,0,0,-2,0,0,-1,-1,-1,0,0,1,1,-1,0,0,0,0,0,0,1,0,0,1,0,0,0,0,1,0,0,0,0,0,0,1,0,0,0,0,0,0,0,0,0,0,0,0,0,0,0,-1,1,0,0,-1,1,0,0,0,0,0,0,0,0,0,0
2560,45,1,11,0,0,0,1,1,0,2,1,0,0,0,0,0,0,0,0,0,0,0,0,0,0,0,0,0,0,1,1,0,0,0,0,0,1,1,0,1,0,0,0,0,-2,-1,1,1,0,0,0,0,0,0,-1,-1,0,0,0,-1,0,1,1,0,0,0,1,0,3,0,0,1,0,0,0,0,0,0,0,0,0,1,0,0,0,0,0,0,1,0,0,1,0,0,0,0,0,0,2,0,0,0,0,-3,0,0,0,0,0,0,0,0,0,-1,0,0,0,0,-2,0,0,0,0,1,0,1,0,3,1,2,2,0,2,0,0,0,0,3,0,0,1,0,0,1,0,1,0,2,0,2,0,0,0,1,0,0,0,0,0,0,1,0,0,0,-2,-1,0,1,-1,0,-1,0,1,0,-2,1,0,0,1,0,-1,0,0,0,2,2,1,1,0,1,0,0,0,0,0,0,1,0,1,0,0,0,0,1,0,0,0,0,1,2,0,0,0,1,0,-1,2,1,1,0,0,0,0,-1,1,0,1,0,1,1,0
2560,45,2,09,1,2,0,0,0,0,0,1,0,1,1,2,0,0,0,0,0,0,0,0,0,0,1,0,0,0,0,0,0,1,0,0,0,0,0,0,0,0,0,0,1,2,-1,0,-1,1,2,-1,0,0,0,0,0,0,-1,0,0,0,0,0,3,1,0,1,4,0,2,0,1,0,2,1,0,1,4,0,0,0,0,0,0,1,0,1,0,0,1,0,0,0,1,0,0,0,0,0,0,0,0,0,3,-1,0,0,4,2,0,0,0,4,0,-1,0,0,0,1,0,0,0,0,0,0,0,1,1,1,0,0,0,0,0,0,0,0,1,0,0,0,1,0,1,0,0,0,0,0,0,0,0,0,0,0,0,0,0,0,0,0,0,0,-1,0,0,1,1,-1,0,0,0,1,0,0,0,1,0,0,0,0,0,0,0,1,0,0,1,0,1,0,0,1,0,0,0,0,0,0,1,0,1,0,0,0,0,0,0,0,0,0,0,0,0,0,-1,1,-1,0,-1,1,-1,0,0,0,0,0,0,0,0,0
2560,45,2,11,1,0,1,1,0,0,0,0,0,1,0,0,0,0,0,0,0,0,0,0,0,0,0,0,0,0,0,0,0,1,1,0,1,1,0,0,0,0,0,0,1,0,1,1,-1,0,0,0,0,0,0,0,0,0,-1,1,0,1,1,0,0,0,0,0,1,1,0,0,0,1,0,0,0,0,0,0,0,0,0,0,0,0,0,0,1,1,0,0,0,0,0,0,0,0,1,0,0,0,0,0,-1,0,0,0,0,0,0,0,0,-1,-1,0,0,0,0,0,0,0,0,1,2,1,0,0,0,1,0,1,1,0,0,0,0,0,0,0,0,0,0,0,0,0,0,1,0,1,0,1,0,0,2,1,0,0,0,0,0,0,0,0,1,1,-1,-1,0,0,0,0,-1,0,-1,0,-1,0,0,2,1,0,0,0,0,0,2,1,0,0,3,0,0,0,1,0,0,0,0,0,0,0,1,0,0,0,2,0,0,0,1,1,0,0,0,0,0,0,-1,1,0,0,0,0,0,0,-2,0,0,0,1,1
2560,46,1,09,1,2,0,0,0,1,0,1,1,1,1,1,0,0,0,0,1,0,0,0,0,0,0,1,1,1,0,0,0,0,0,0,0,0,0,0,0,1,0,0,0,2,-1,-1,-1,1,1,0,-1,-1,-1,1,0,0,0,0,0,-1,0,0,1,2,2,1,1,2,1,0,2,0,1,0,0,0,1,0,2,2,1,0,2,0,0,1,0,0,1,0,1,0,0,0,0,0,0,0,0,0,0,0,-1,1,2,-1,1,-1,0,0,-1,1,0,1,2,0,0,0,0,0,0,0,0,1,1,2,1,1,0,0,2,1,0,1,0,2,1,0,0,1,0,0,0,0,0,2,1,1,0,0,0,0,0,0,0,0,0,0,0,0,0,0,-1,1,1,0,0,0,1,0,0,0,-1,0,1,0,0,0,0,0,0,0,2,0,0,0,1,0,1,0,0,0,0,0,2,0,0,0,1,0,1,0,0,0,0,0,0,0,0,0,0,0,0,0,1,0,-1,0,-1,0,-1,0,2,0,0,0,0,0,0,0
2560,46,1,11,1,0,2,0,0,0,0,1,1,1,1,0,0,0,0,0,0,0,0,0,0,0,0,0,0,0,0,1,1,1,0,0,2,0,0,0,0,0,0,0,1,0,1,-1,-1,1,0,0,0,0,0,0,-1,-1,-1,0,0,2,0,0,1,0,1,2,0,1,0,0,1,0,0,0,0,0,0,0,0,0,0,0,0,0,0,0,0,0,0,0,1,0,1,0,1,2,0,1,0,0,0,0,0,0,1,1,0,0,0,0,0,0,0,0,0,-1,0,0,0,1,2,0,1,2,0,0,1,1,1,1,1,2,0,0,0,0,0,0,1,0,0,0,0,1,1,1,0,1,0,0,0,2,1,1,0,0,1,0,0,0,0,0,0,1,-1,-1,-1,0,-1,-1,-1,0,-1,1,0,0,-2,1,1,0,0,1,0,3,2,1,1,2,3,0,0,1,0,0,0,0,0,0,0,0,0,0,0,2,3,0,0,2,2,1,1,0,0,0,-1,1,-1,1,0,1,0,0,0,-2,-3,0,-1,2,2,1
2560,46,2,09,0,2,1,0,0,1,1,0,1,1,0,1,1,0,0,0,1,0,0,0,1,1,0,1,0,0,0,0,0,1,0,0,0,0,0,0,0,0,0,0,-1,1,1,-1,-1,-1,0,1,-1,0,0,1,0,0,-1,0,0,0,0,0,0,0,0,0,1,0,1,0,2,5,0,0,0,0,0,0,0,0,0,0,0,0,0,2,3,0,0,0,0,1,0,0,0,0,1,0,1,0,0,1,0,-1,0,-2,-4,0,0,0,-2,-3,0,0,0,0,-1,0,-1,0,0,0,0,1,0,1,2,2,0,1,1,0,0,1,0,1,1,0,0,0,0,1,2,0,1,0,0,0,0,0,1,0,0,0,0,0,0,0,0,0,0,0,-2,1,-1,0,2,-2,1,-1,1,1,0,0,0,-1,1,0,0,0,0,0,3,1,1,1,3,0,1,1,1,1,1,1,1,0,0,0,2,0,1,1,1,0,0,0,1,0,0,0,0,0,0,0,0,1,0,0,-1,1,0,0,0,0,0,0,1,0,0,0
2560,46,2,11,2,0,0,2,0,0,0,1,0,2,0,0,0,0,0,0,0,0,0,0,0,0,0,0,0,0,0,1,0,2,2,0,0,2,0,0,0,0,0,0,2,0,-1,2,-2,0,0,0,0,0,0,0,-1,0,-2,2,0,0,2,0,1,3,0,1,2,0,0,0,0,1,0,0,0,0,1,0,1,0,0,0,0,0,0,0,1,0,0,0,0,0,1,2,0,1,1,0,0,0,0,0,1,3,0,1,1,0,0,0,0,0,0,1,0,0,0,1,2,0,1,1,0,1,0,1,1,1,0,0,1,0,0,0,0,0,1,0,0,0,1,0,0,0,0,0,0,0,0,0,1,0,0,1,0,0,0,1,0,0,0,0,-1,1,0,0,1,0,0,0,0,1,0,0,0,0,0,-1,1,0,0,0,1,2,0,1,1,0,1,0,0,1,0,1,1,0,0,0,0,0,0,0,1,0,1,0,0,1,0,0,0,0,0,0,0,2,-1,1,0,1,0,1,0,0,-1,0,0,1,0,0
2560,47,1,09,0,1,2,2,0,1,2,3,1,1,0,1,2,2,0,0,0,0,0,0,1,1,2,1,0,0,1,1,0,0,0,0,0,0,0,0,0,0,0,1,-1,-1,-1,1,-1,-1,0,0,1,0,0,-1,-1,0,0,0,0,0,0,-1,1,1,1,1,3,0,1,2,2,3,0,1,1,0,3,1,0,0,1,0,0,1,2,1,3,0,0,0,0,0,0,0,0,0,0,0,0,0,1,0,1,0,-1,-1,0,0,0,-1,-1,0,1,0,0,1,0,0,0,0,-1,0,1,1,2,0,2,4,0,1,1,1,1,1,0,0,2,0,0,2,0,0,4,0,0,1,1,0,0,1,0,0,0,0,0,0,0,0,0,0,0,0,-3,1,1,-1,1,-3,1,0,-1,1,0,0,1,0,0,0,0,0,0,0,1,1,0,0,1,1,0,1,0,1,0,0,1,0,0,0,0,1,0,1,1,0,0,0,0,0,0,0,0,0,0,0,0,0,0,-1,0,0,0,-1,0,0,0,0,0,0,0,0
2560,47,1,11,1,1,0,2,1,0,1,1,1,0,0,1,0,0,0,0,0,0,0,1,0,1,0,0,0,0,0,0,1,0,1,0,0,2,0,0,0,1,0,0,1,0,-1,1,1,0,0,0,0,0,0,0,0,-1,1,1,0,-1,2,0,0,1,2,2,1,0,1,1,2,0,0,1,0,0,1,0,0,0,0,0,0,0,0,0,0,0,0,1,2,0,0,0,2,2,0,0,1,0,0,0,0,0,1,0,1,0,1,0,0,1,0,0,-1,-2,0,0,-1,2,2,0,1,2,1,1,0,2,2,1,0,2,0,1,0,0,0,0,0,0,0,0,1,1,0,0,0,1,1,1,0,2,1,1,1,1,0,0,0,0,0,0,-1,0,0,1,-2,-1,0,0,0,0,-1,-1,-1,0,-2,1,1,1,1,0,0,0,0,0,3,1,1,1,0,0,0,0,0,0,0,0,2,0,0,1,0,0,1,0,0,0,0,0,1,1,0,0,-3,-1,-1,-1,-2,0,0,-1,0,0,-1,0,-1,-1,0,0
2560,47,2,09,3,1,1,1,0,1,0,2,1,0,2,0,0,0,0,1,1,1,1,0,1,0,2,0,0,0,0,0,1,0,0,0,0,0,0,0,0,0,0,0,2,1,-1,0,0,1,0,-2,0,0,1,1,1,0,0,0,0,0,0,0,0,1,0,0,1,1,1,1,1,1,0,0,0,0,1,0,1,0,0,0,1,0,1,1,1,0,1,0,0,0,0,0,0,0,0,0,0,0,0,0,-1,0,-1,-1,0,-1,0,-1,-1,0,0,0,0,0,0,0,0,0,0,0,0,0,3,0,4,3,0,0,0,3,0,0,3,0,2,0,0,0,0,2,2,0,0,0,3,1,0,0,0,0,0,0,0,0,0,0,0,0,0,0,-3,0,3,0,1,-2,0,3,0,-1,-1,0,0,0,2,0,0,0,0,0,1,1,1,3,2,1,4,3,1,1,1,3,0,0,0,0,2,1,3,3,0,0,1,0,0,0,0,0,0,0,0,0,-1,0,-3,0,-1,0,-2,0,0,0,-1,0,0,0,0,0
2560,47,2,11,0,1,0,0,1,0,0,0,0,0,0,0,0,0,1,0,1,0,0,0,0,0,0,0,0,0,0,0,0,0,0,0,0,0,0,0,0,0,0,0,0,1,0,0,1,0,0,0,0,1,0,1,0,0,0,0,0,0,0,0,1,0,0,0,0,0,0,0,0,1,0,0,0,0,0,0,0,0,0,0,0,0,0,0,0,0,0,0,0,0,1,0,0,0,0,0,0,0,0,1,1,0,0,0,-1,0,0,0,0,0,0,0,0,0,0,1,0,0,0,-1,1,1,0,2,0,0,0,2,1,0,0,0,0,1,0,0,0,0,0,0,0,0,1,0,0,0,0,1,1,0,1,1,0,1,0,0,0,0,0,0,1,1,-2,1,0,0,0,-1,1,0,0,0,-1,-1,0,1,1,0,1,0,0,0,0,0,0,0,0,0,0,0,0,0,0,0,0,0,0,0,0,0,0,0,0,0,0,0,0,0,0,0,0,0,0,0,0,0,0,0,0,0,0,0,0,0,0,0,0,0
2560,48,1,09,2,1,1,1,3,2,2,2,1,1,1,0,1,0,2,1,1,0,0,0,1,0,2,0,1,1,2,0,0,0,0,0,0,1,1,0,0,0,1,0,0,-1,-1,0,2,0,0,-1,0,1,0,-1,0,0,0,0,0,0,0,1,2,2,0,2,0,0,1,1,1,2,2,0,0,2,0,0,2,0,0,0,0,1,0,1,0,0,0,1,0,2,0,0,0,0,0,0,0,0,0,0,2,1,-1,1,-2,2,-1,0,1,0,0,2,-1,0,-2,0,0,0,0,0,1,1,1,2,0,1,0,0,1,2,0,0,1,0,0,1,1,0,2,0,0,0,0,0,1,1,0,0,0,1,0,0,0,0,0,0,0,0,1,0,0,1,1,1,-2,0,0,1,0,-1,0,1,0,2,-1,0,0,0,-1,0,3,1,0,0,1,0,0,0,3,0,0,0,0,1,0,0,1,0,0,0,0,0,0,0,0,0,0,0,0,0,0,0,2,1,0,0,2,0,0,0,0,1,0,0,0,0,0,0
2560,48,1,11,0,1,0,1,0,0,0,0,0,1,0,0,0,0,0,0,0,0,1,0,0,0,0,0,0,0,0,0,0,1,0,1,0,0,0,0,0,0,0,0,0,1,0,1,-1,0,0,0,0,0,0,0,0,1,-1,0,1,0,0,0,0,0,1,0,1,0,0,0,0,2,0,0,0,0,0,0,0,0,0,0,0,0,0,0,1,0,0,0,0,0,0,0,1,0,1,0,0,0,0,1,0,0,1,0,-1,0,0,0,0,-1,0,0,0,0,0,0,0,1,0,0,1,0,0,0,0,1,1,0,2,1,0,0,0,0,0,1,0,0,0,0,0,0,0,2,1,1,1,0,0,0,0,0,0,0,0,0,0,0,0,0,0,-1,0,-2,-1,0,0,0,-2,-1,0,-1,0,0,0,0,0,0,0,0,2,1,0,1,0,1,0,3,2,0,0,0,0,0,0,1,0,0,0,0,0,1,0,1,0,1,0,0,0,0,0,2,2,0,0,-2,2,0,0,0,0,-1,0,0,0,1,0,-2
2560,48,2,09,4,0,0,1,0,1,0,0,2,2,3,0,0,1,0,1,0,0,0,0,1,0,0,2,0,0,0,0,0,2,0,0,0,0,0,0,0,0,0,0,3,0,0,-1,-2,2,0,0,-1,0,1,0,0,0,-2,0,0,0,0,0,0,1,0,1,0,1,3,0,2,0,0,1,0,1,0,0,0,0,0,0,0,3,0,1,0,1,0,0,1,0,0,0,0,0,0,0,0,0,0,0,-1,-2,0,-1,0,0,-2,0,0,0,-1,0,0,-1,0,0,0,0,0,0,1,0,0,0,2,2,1,1,0,0,1,0,0,0,1,0,0,0,0,1,2,1,0,0,0,0,0,1,0,0,0,0,0,0,0,0,0,0,0,0,-1,-1,-1,0,2,-1,-1,0,0,1,0,0,-1,0,1,0,0,0,0,0,0,1,1,1,1,2,2,0,0,0,1,1,0,1,0,0,1,1,2,0,0,1,0,0,0,0,0,0,0,0,0,0,-1,-1,-1,1,-1,-1,-1,1,0,0,0,0,0,0,0,0
2560,48,2,11,0,0,1,0,0,0,0,1,1,0,0,0,0,0,0,0,0,0,0,0,0,0,0,1,0,0,0,1,0,0,0,0,1,0,0,0,0,0,0,0,0,0,0,-1,0,0,0,0,-1,0,0,0,-1,0,0,0,0,1,0,0,0,1,1,0,1,0,2,0,1,0,0,0,0,0,0,0,0,0,0,0,0,0,0,0,0,0,2,0,1,0,0,1,1,0,1,0,0,0,0,0,0,-1,1,-1,1,0,0,0,0,0,0,-2,0,-1,0,0,1,1,0,1,1,0,0,0,0,0,1,1,0,1,0,0,0,0,0,0,0,0,0,0,0,0,0,0,0,0,0,1,0,1,1,0,0,0,0,0,1,0,0,0,1,-1,-1,0,-1,0,0,0,0,0,0,0,-1,0,-1,1,-1,0,0,0,1,2,1,0,1,1,0,0,0,0,1,0,0,1,0,0,0,0,0,0,1,0,0,0,1,1,0,0,0,1,0,0,0,1,1,0,0,0,1,0,-1,1,0,0,1,0,0,0
2560,49,1,09,0,1,0,1,0,2,2,3,0,0,0,0,0,0,0,0,1,0,1,0,2,2,3,0,0,0,0,0,0,0,0,0,0,0,0,0,0,0,0,0,-2,-1,-3,1,0,-2,-2,-3,0,0,0,1,0,1,0,0,0,0,0,0,2,0,2,1,0,2,1,2,1,1,1,0,1,1,0,0,0,1,0,0,1,1,2,1,0,0,0,0,0,1,1,0,0,0,0,1,0,0,0,0,0,-1,0,0,-1,0,-1,-1,0,0,0,0,1,0,-1,0,0,0,0,0,1,1,3,1,2,0,2,1,0,0,1,1,3,0,1,0,0,0,1,1,0,2,1,0,0,0,0,0,0,0,0,0,0,0,0,0,0,0,0,0,1,-1,2,1,2,1,-1,2,0,1,0,0,0,1,1,0,0,0,0,0,0,0,1,3,0,2,1,1,0,0,0,2,0,0,1,1,0,1,1,1,0,1,0,0,0,0,0,0,0,0,0,0,0,-2,0,2,0,-1,-1,1,0,-1,1,1,0,0,0,0
2560,49,1,11,0,0,0,2,0,0,0,0,1,0,0,0,0,0,0,0,0,0,1,0,0,0,0,0,0,0,0,0,0,0,0,0,0,1,0,0,0,0,1,0,0,0,0,1,0,0,0,0,0,0,0,0,0,1,0,0,0,0,0,0,2,0,0,1,0,1,0,0,0,0,1,0,0,0,0,0,0,0,0,0,0,0,0,0,0,1,0,0,0,0,1,0,0,1,0,0,0,0,0,0,1,0,0,1,0,1,0,0,0,0,-1,0,0,0,0,1,0,0,1,0,1,0,0,0,0,0,0,0,0,0,0,0,0,0,0,0,0,0,0,0,0,0,0,0,0,0,0,0,0,0,1,0,0,0,0,0,0,0,0,0,1,0,0,0,0,0,0,0,0,0,0,0,0,0,0,1,0,0,0,0,0,0,0,1,0,0,1,2,0,0,0,0,0,0,0,0,0,0,1,1,0,0,0,1,0,0,0,1,0,0,0,0,0,0,-1,-1,0,0,-1,-1,0,0,0,-1,0,0,0,1
2560,49,2,09,1,0,2,0,2,0,2,3,1,0,1,0,1,0,0,0,0,1,0,2,0,2,2,0,0,0,0,1,1,0,0,0,0,0,0,0,0,0,0,0,1,-2,-1,-1,2,1,-2,-1,0,0,0,0,0,-1,2,0,0,0,0,0,3,1,3,2,1,2,0,1,2,2,3,0,2,0,0,0,1,1,2,1,2,0,1,2,2,0,0,0,0,0,0,0,0,0,0,0,0,0,0,0,1,1,2,0,-1,1,0,1,-2,-2,0,1,1,2,1,0,0,0,0,0,1,4,4,3,3,0,2,1,2,1,0,4,4,2,1,1,0,0,1,2,0,2,1,2,1,0,0,0,0,0,0,0,0,0,0,0,0,0,0,0,1,2,3,1,2,0,2,3,0,0,1,0,0,1,2,0,0,0,0,0,2,0,0,1,3,1,3,1,1,0,0,1,1,0,0,0,3,1,3,1,0,0,0,0,0,0,0,0,0,0,0,0,-1,-1,-3,0,-2,-1,-3,0,1,0,0,0,0,0,0,0
2560,49,2,11,0,0,0,0,1,2,0,0,1,0,0,0,0,0,1,0,0,0,0,0,0,0,0,0,0,2,0,0,0,0,0,0,0,0,0,0,0,0,1,0,-2,0,0,-1,1,0,0,0,0,1,-2,0,0,0,0,0,0,0,-1,0,0,1,0,2,0,0,1,0,2,0,0,0,0,0,0,0,0,0,1,0,0,0,0,0,0,0,1,0,2,0,0,1,0,1,0,0,0,0,0,0,0,0,0,0,0,0,0,0,0,0,0,-1,0,-1,0,0,1,0,1,0,1,1,0,0,1,0,1,0,0,0,0,0,0,0,0,0,0,0,0,0,0,0,0,0,0,0,0,0,0,0,1,1,0,0,1,0,1,0,0,0,1,0,0,0,1,0,0,0,0,0,0,0,0,0,0,1,0,0,0,1,0,0,1,0,0,0,0,1,0,0,0,0,0,0,1,0,0,0,0,1,0,0,0,0,0,0,0,0,0,0,0,0,0,0,1,-1,0,0,0,-1,0,0,1,0,0,0,0,0
2560,50,1,09,0,0,0,1,1,0,0,1,2,1,0,0,0,1,0,0,0,0,0,1,0,0,1,2,1,0,0,0,0,0,0,0,0,0,0,0,0,0,0,0,0,0,-1,-1,0,0,0,-1,-1,-1,0,0,0,0,1,0,0,0,0,0,3,1,2,2,0,1,4,0,1,1,2,1,1,0,0,1,0,1,2,0,0,2,0,1,1,1,1,0,0,0,0,0,0,0,0,0,1,0,0,0,2,-3,2,1,-1,2,-1,1,-1,-1,0,-1,1,2,0,0,-1,0,0,0,0,2,0,0,0,2,3,2,1,1,0,0,0,0,0,0,1,0,0,0,2,1,1,1,1,0,2,1,0,0,0,1,0,0,0,0,0,0,0,0,-2,-1,-2,-1,-1,-2,-1,-1,-1,-1,0,-1,-1,0,0,0,1,0,0,0,1,2,0,0,2,1,0,1,1,2,0,0,0,0,0,0,2,1,0,1,0,0,0,0,0,0,0,0,0,0,0,0,-1,1,0,-1,-1,1,0,-1,0,0,0,0,0,0,0,0
2560,50,1,11,0,1,1,0,1,1,0,2,0,2,0,0,0,0,0,0,1,1,0,0,0,0,0,0,0,0,0,2,0,2,0,0,0,0,1,1,0,0,0,0,-1,1,-1,0,-1,0,0,0,0,0,0,1,-1,0,-2,-1,0,0,0,1,0,1,0,0,0,1,1,0,0,1,0,0,0,0,0,0,0,0,0,0,0,0,0,0,0,1,1,0,0,1,0,1,0,0,0,0,0,0,0,0,-1,0,0,0,-1,0,0,0,0,0,-1,-1,0,0,-1,0,1,0,0,0,1,0,0,0,0,1,1,0,0,0,0,0,0,0,0,0,0,0,0,0,0,0,0,0,0,1,1,0,0,0,1,0,0,0,0,0,0,0,0,0,0,-1,0,0,0,0,0,0,0,0,-1,-1,0,0,0,1,0,0,0,0,1,0,2,0,0,0,2,0,0,0,1,0,1,0,0,0,0,0,0,0,0,0,2,0,0,0,1,0,0,0,0,0,1,0,0,0,0,0,1,0,1,0,-2,0,0,0,1,0
2560,50,2,09,2,0,0,0,0,1,4,3,1,0,2,0,0,0,0,0,0,0,0,0,1,2,3,1,0,0,2,0,0,0,0,0,0,0,0,0,0,0,0,0,1,-4,-3,-1,0,1,-2,-3,-1,0,0,-2,0,0,0,0,0,0,0,0,1,1,1,1,0,2,3,0,1,0,1,1,1,1,0,0,0,0,0,0,2,3,0,1,0,0,0,0,0,0,0,0,0,0,0,0,0,0,0,0,-1,-2,1,0,0,-1,-2,1,0,0,0,0,0,0,0,0,0,0,0,0,2,0,0,0,1,3,0,2,2,3,1,0,0,0,1,0,0,0,0,0,2,0,2,2,2,1,0,0,0,1,1,0,0,0,0,0,0,0,0,0,-1,0,-2,-2,-2,-1,0,-2,-2,-1,-1,0,0,0,-1,1,0,0,0,0,2,0,0,1,2,0,0,1,2,0,0,0,0,0,0,1,2,0,0,1,0,0,0,0,0,0,0,0,0,0,0,0,0,0,0,0,0,0,0,-1,0,0,0,1,0,0,0,0
2560,50,2,11,0,2,1,0,1,0,0,0,0,1,0,0,1,0,0,0,1,0,0,0,0,0,0,0,0,0,0,0,0,1,0,1,0,0,1,0,0,0,0,0,0,2,1,0,0,0,0,1,0,0,0,1,0,0,-1,0,1,0,0,1,0,2,0,1,1,0,0,1,0,0,0,0,0,0,1,0,0,0,1,0,0,0,0,0,0,0,0,1,0,0,0,2,0,0,0,0,0,0,0,0,0,2,-1,1,1,0,0,0,0,1,0,0,-1,1,0,0,2,0,0,0,0,1,0,1,2,0,1,2,1,1,0,0,0,1,1,0,0,0,0,1,0,1,0,0,0,0,0,2,0,1,0,1,0,0,0,0,0,0,1,0,0,0,-2,0,1,0,-1,0,1,1,0,0,-2,0,0,0,1,0,-1,0,1,0,0,0,0,0,0,2,0,0,0,0,1,0,0,0,0,0,0,1,0,0,0,0,0,0,0,0,0,0,0,1,1,0,0,-2,0,0,0,-1,1,0,0,0,0,0,0,-1
2560,51,1,09,0,0,2,1,1,0,1,1,0,1,0,0,2,1,1,0,0,0,0,0,0,1,1,0,1,0,0,0,0,0,0,0,0,0,0,0,0,0,0,0,0,-1,1,1,0,0,-1,1,1,0,0,0,0,0,0,0,0,0,0,0,2,0,1,1,3,0,2,1,1,1,1,0,1,1,2,0,0,0,0,0,0,1,0,0,1,0,1,1,1,0,1,0,0,0,1,0,0,0,0,0,2,-2,0,0,2,1,-1,1,1,1,0,-1,-1,-1,0,1,0,0,0,1,0,0,1,0,1,0,2,0,2,2,0,0,1,0,1,0,0,0,0,0,0,2,0,2,0,0,0,0,0,2,0,0,0,0,0,0,0,0,0,0,0,-2,1,-2,-1,0,-2,1,-2,1,0,0,0,0,-2,0,0,0,0,0,0,1,1,3,0,2,0,1,0,1,0,1,0,0,1,2,0,1,0,1,0,1,0,0,0,0,0,0,0,0,0,0,0,-1,1,2,0,0,0,0,0,-1,1,2,0,0,0,0
2560,51,1,11,1,0,1,0,1,1,0,0,0,0,0,0,0,0,0,0,0,1,0,1,0,0,0,0,0,1,0,0,0,0,1,0,0,0,0,0,0,0,0,0,0,0,1,0,1,0,0,0,0,0,-1,0,1,0,1,1,0,0,0,0,1,0,1,0,0,1,0,0,1,0,0,0,0,0,0,0,0,0,0,0,0,0,0,1,0,1,0,0,0,0,1,0,1,0,0,0,0,0,0,0,0,0,1,-1,0,0,0,0,-1,0,-1,0,0,0,0,1,0,1,0,0,0,2,2,1,0,1,1,0,1,0,0,2,1,0,0,0,0,0,1,0,0,1,0,0,0,1,0,0,1,0,0,0,1,0,0,0,0,0,0,0,-1,1,2,0,0,0,1,1,0,0,-1,0,0,0,0,0,0,1,0,0,2,2,1,0,0,3,2,1,1,1,1,0,1,1,0,0,0,1,1,1,0,2,0,0,0,0,0,0,0,0,1,0,2,-1,-1,-1,1,0,0,-1,1,-1,0,0,0,0,-1,0
2560,51,2,09,1,0,0,2,0,1,2,0,1,2,1,0,0,1,0,0,0,0,1,0,0,2,0,0,1,1,0,0,1,1,0,0,0,0,0,0,0,0,0,0,0,-2,0,1,-2,1,-2,0,1,-1,-1,0,0,0,-1,0,0,0,0,0,0,0,0,0,2,1,0,0,1,2,0,0,0,0,2,0,0,0,0,0,1,0,0,1,2,0,0,0,0,0,0,0,0,0,0,0,0,0,0,0,-1,0,0,-1,0,-1,0,0,-1,0,0,0,0,0,0,0,0,0,0,0,0,1,1,3,2,1,2,1,1,0,0,1,1,3,2,0,0,0,0,0,1,2,1,1,0,0,0,0,0,0,0,0,0,0,0,0,0,0,0,0,-1,-1,0,2,2,-1,-1,0,2,2,0,0,0,0,0,0,0,0,0,0,0,0,0,2,1,3,1,1,0,0,0,0,0,0,0,2,1,2,1,0,0,1,0,1,0,0,0,0,0,0,0,0,-1,-3,-1,1,-1,-2,-1,0,0,-1,0,1,0,0,0,0
2560,51,2,11,0,1,0,0,0,0,1,0,0,0,0,0,0,0,0,0,0,0,0,0,0,0,0,0,0,0,1,0,0,0,0,1,0,0,0,0,0,0,0,0,0,0,0,0,0,0,0,0,0,0,0,-1,0,0,0,0,1,0,0,0,0,0,2,0,0,0,0,3,0,0,0,0,0,0,0,0,0,2,0,0,0,0,0,0,0,0,0,3,0,0,0,0,0,0,0,0,0,0,0,0,0,0,-1,0,0,0,0,0,0,0,0,0,-1,0,0,0,0,0,0,0,1,1,2,1,0,1,1,1,1,0,0,1,1,0,0,0,0,0,1,0,0,1,0,0,0,1,0,1,1,0,1,0,1,0,0,0,0,0,0,0,0,0,1,0,0,0,0,1,0,0,-1,0,-1,0,0,1,0,1,0,0,0,1,1,1,1,2,1,0,0,0,0,0,0,0,0,0,0,0,0,0,1,2,1,0,0,1,1,1,0,0,0,0,-1,-1,0,1,0,0,0,0,-1,-2,-1,0,0,1,1,1
2560,52,1,09,0,1,1,1,2,0,0,1,0,1,0,0,1,1,0,0,1,0,0,2,0,0,1,0,1,0,0,0,0,0,0,0,0,0,0,0,0,0,0,0,0,1,0,1,1,0,0,0,1,-1,0,1,0,0,2,0,0,0,0,0,0,0,1,1,1,0,0,1,0,1,0,0,1,1,1,0,0,0,0,0,0,0,1,0,1,0,0,0,0,0,0,0,0,0,0,0,0,0,0,0,0,0,0,1,0,0,0,0,1,0,0,0,0,0,0,0,0,0,0,0,0,1,2,2,2,2,2,0,4,0,0,1,2,2,2,0,0,0,0,0,1,1,0,3,0,1,1,0,0,0,0,0,0,0,0,0,0,0,1,0,-2,-1,2,-2,2,-1,0,2,-1,2,-1,-1,0,0,0,0,0,0,-1,0,0,0,1,0,1,1,1,1,0,0,1,0,0,0,0,0,1,0,1,0,0,1,0,1,0,0,0,0,0,0,0,0,-1,-1,0,-1,-1,0,0,0,0,-1,0,-1,0,0,0,0
2560,52,1,11,0,0,1,1,1,0,0,0,1,0,0,0,0,0,1,0,0,0,0,0,0,0,0,1,0,0,0,0,0,0,0,0,1,1,0,0,0,0,0,0,0,0,1,0,1,0,0,0,-1,1,0,0,0,0,0,0,0,1,1,0,1,1,0,0,1,0,1,0,0,1,0,0,0,0,0,0,0,0,0,0,0,0,0,0,0,0,1,0,0,1,1,1,0,0,1,0,0,0,0,0,1,0,0,0,0,0,0,0,0,0,0,-1,0,0,-1,1,1,0,0,1,1,1,0,0,1,1,0,1,0,0,1,0,0,0,1,0,1,0,0,0,1,0,0,0,0,0,0,1,0,0,0,0,0,0,0,0,0,0,0,0,0,1,-1,0,1,0,0,0,0,1,0,1,-1,0,0,0,0,0,0,0,0,0,0,0,0,0,0,0,0,0,0,0,0,0,0,0,0,0,0,0,0,0,0,0,0,0,0,0,0,0,0,0,0,0,0,0,0,0,0,0,0,0,0,0,0,0,0,0
2560,52,2,09,1,1,0,0,0,2,0,3,0,2,1,1,0,0,0,0,0,0,0,0,2,0,2,0,1,0,0,1,0,1,0,0,0,0,0,0,0,0,0,0,-1,1,-3,0,-2,-1,1,-2,0,-1,0,0,-1,0,-1,0,0,0,0,0,0,0,0,1,0,1,0,0,0,0,0,0,0,1,0,0,0,0,0,0,1,0,0,0,0,0,0,0,0,0,0,0,0,0,0,0,0,0,0,0,-1,0,0,1,0,-1,0,0,1,0,0,0,0,0,0,0,0,0,0,0,2,0,1,1,1,1,0,0,0,1,1,0,1,1,1,1,0,0,0,0,1,0,0,0,1,0,0,0,0,0,0,0,0,0,0,0,0,0,0,0,1,0,1,1,0,0,0,1,1,0,1,0,0,0,0,0,0,0,0,0,1,0,0,2,5,1,1,1,0,0,0,0,1,0,0,2,4,1,1,1,1,0,0,0,0,0,0,0,0,0,0,0,-4,-1,-1,1,-4,-1,-1,-1,0,0,0,2,0,0,0,0
2560,52,2,11,0,0,0,0,2,0,0,0,0,0,0,0,0,0,0,0,0,0,0,0,0,0,0,0,0,0,0,0,0,0,0,0,0,0,2,0,0,0,0,0,0,0,0,0,2,0,0,0,0,0,0,0,0,0,0,0,0,0,0,2,0,0,0,1,0,0,0,0,2,0,0,0,0,0,0,0,0,0,1,0,0,0,0,0,0,0,0,0,2,0,0,0,0,0,0,0,0,0,0,0,0,0,0,-1,0,0,0,0,0,0,0,0,0,-1,0,0,0,0,0,0,0,0,1,0,1,0,0,1,1,1,0,0,0,0,1,0,0,0,0,0,0,0,0,1,0,0,0,1,0,1,0,0,1,0,0,0,0,0,0,0,0,0,0,-1,0,0,0,0,-1,1,0,0,-1,0,-1,0,0,1,0,0,0,0,1,1,1,1,2,0,0,0,0,0,0,0,0,1,1,1,0,0,0,0,1,0,0,0,1,0,0,0,1,0,-1,-1,-1,1,-1,-1,0,0,0,0,-1,1,0,0,0,0
2560,53,1,09,0,1,0,1,0,0,2,1,1,0,0,1,0,1,0,0,0,0,0,0,0,2,0,1,0,0,0,1,0,0,0,0,0,0,0,0,0,0,0,0,0,-1,-1,0,0,0,-1,0,0,0,0,0,-1,0,0,0,0,0,0,0,0,1,1,0,1,2,0,2,1,2,0,1,1,0,1,0,0,0,0,0,1,0,2,1,2,1,0,0,0,0,0,0,0,0,0,0,0,0,0,0,-2,1,-1,-1,-1,-1,1,-1,-1,-1,-1,0,0,0,0,0,0,0,0,0,0,0,1,1,2,0,1,0,1,1,0,0,0,1,0,0,0,0,0,2,0,1,0,1,0,0,0,0,0,1,0,0,1,0,0,0,0,0,0,0,0,-1,1,0,1,0,-1,0,0,0,0,0,0,0,1,0,0,1,0,0,0,1,1,2,1,1,0,1,0,1,1,1,0,0,0,1,1,1,0,1,0,0,0,0,0,0,0,0,0,0,0,0,-1,0,1,1,-1,0,1,0,0,0,0,1,0,0,0,0
2560,53,1,11,1,0,0,0,0,0,0,0,0,1,0,0,0,0,0,0,0,0,0,0,0,0,0,0,0,0,0,0,0,1,1,0,0,0,0,0,0,0,0,0,1,0,0,0,-1,0,0,0,0,0,0,0,0,0,-1,1,0,0,0,0,1,0,0,1,0,1,0,0,0,0,0,0,0,0,0,0,0,0,0,0,1,0,0,0,0,0,0,0,0,0,1,0,0,1,0,0,0,0,0,0,0,0,0,1,0,-1,0,0,0,0,0,0,0,0,0,1,0,0,1,0,1,1,0,0,1,0,0,0,1,0,0,0,0,0,1,0,0,0,0,0,0,0,0,1,0,0,0,0,0,0,1,1,0,0,0,0,0,0,0,0,1,1,0,-1,1,0,0,0,-1,1,0,0,0,0,0,1,1,0,0,0,0,0,0,2,0,1,1,1,0,0,0,0,0,0,0,1,0,0,0,1,0,1,0,0,0,0,0,1,0,0,1,0,0,-1,-1,1,0,0,0,-1,0,-1,0,1,0,0,-1,1
2560,53,2,09,1,0,1,1,1,1,1,2,1,1,0,0,1,1,1,1,0,0,0,0,1,1,1,1,1,0,0,0,0,0,0,0,0,0,0,0,0,1,0,0,0,-1,-1,0,0,-1,-1,0,0,0,1,0,0,0,0,0,0,-1,0,0,0,0,0,3,1,0,1,0,2,1,0,0,0,3,1,0,0,0,0,0,0,1,0,1,1,0,0,0,1,0,0,0,0,0,0,0,0,0,0,0,0,-1,0,1,0,0,-1,0,2,0,0,0,0,-1,0,0,0,0,0,0,0,0,1,1,2,1,1,2,1,0,0,0,0,1,2,0,0,1,0,0,0,1,2,1,0,1,0,0,0,0,0,0,0,0,0,0,0,0,0,0,-1,-1,-1,0,2,0,-1,-2,0,2,-1,0,1,0,0,0,0,0,0,0,2,5,0,1,0,1,3,1,2,3,0,0,0,2,0,1,0,0,3,1,0,1,0,0,0,0,0,0,0,0,0,0,2,4,-3,0,2,3,-3,-1,0,1,0,1,0,0,0,0
2560,53,2,11,0,1,1,0,1,0,0,1,0,0,0,0,0,0,0,0,0,0,0,0,0,0,0,0,0,0,0,1,0,0,0,1,1,0,1,0,0,0,0,0,0,1,0,0,1,0,0,0,0,0,0,0,-1,0,0,0,1,1,0,1,1,2,0,0,1,3,0,0,0,2,0,1,0,0,0,0,1,0,0,0,1,0,0,0,0,2,0,0,0,2,1,0,0,0,1,0,0,0,0,0,-2,2,0,0,-1,-1,1,0,0,0,-2,1,0,0,-2,1,0,0,0,1,1,1,0,0,0,1,0,0,0,0,0,0,0,0,0,0,0,0,0,0,1,0,0,0,0,0,0,0,0,0,1,1,0,0,0,0,0,0,0,0,0,1,0,0,0,-1,0,0,0,0,0,0,0,0,0,1,1,0,0,0,1,1,1,2,1,0,1,1,0,0,0,0,1,0,0,0,0,0,0,0,1,0,1,1,0,1,1,2,0,0,0,0,0,1,0,1,0,0,0,0,0,0,-1,-1,0,1,1,2
2560,54,1,09,1,1,0,1,0,0,0,0,1,0,0,1,0,1,0,1,0,0,0,0,0,0,0,1,0,0,0,0,0,0,0,0,0,0,0,0,0,0,0,0,1,1,0,0,0,0,1,0,0,0,1,0,0,0,0,0,0,0,0,0,0,1,0,0,1,1,0,1,1,0,0,1,0,0,0,0,0,0,0,1,1,0,1,1,0,0,0,0,0,0,0,0,0,0,0,0,0,0,0,0,-1,1,-1,-1,1,-1,1,-1,-1,0,0,0,0,0,1,0,0,0,0,0,0,0,1,0,1,2,0,1,1,2,0,0,1,0,1,0,0,0,0,0,1,0,0,1,1,1,0,1,0,1,0,0,0,0,0,0,0,0,0,0,-2,0,0,-1,-1,-1,0,1,-1,0,-1,0,-1,0,-1,0,0,0,0,0,1,0,0,2,0,1,1,0,1,0,0,1,0,0,0,1,0,0,1,0,0,1,0,0,0,0,0,0,0,0,0,0,1,-1,-1,2,1,0,-1,1,0,-1,0,1,0,0,0,0
2560,54,1,11,0,0,0,0,0,0,0,0,0,1,0,0,0,0,0,0,0,0,0,0,0,0,0,0,0,0,0,0,0,1,0,0,0,0,0,0,0,0,0,0,0,0,0,0,-1,0,0,0,0,0,0,0,0,0,-1,0,0,0,0,0,0,0,0,1,2,0,1,1,1,2,0,0,0,0,0,0,0,0,0,0,0,0,0,0,1,0,0,0,1,1,0,0,0,1,2,0,1,1,0,0,0,-1,-1,0,0,0,0,0,0,-1,0,0,0,-1,-1,0,-1,-1,1,2,0,0,0,1,0,1,0,0,1,0,0,0,0,1,0,0,0,0,0,0,0,0,0,1,0,1,0,0,0,0,0,0,0,0,0,0,0,0,0,0,-1,0,0,0,0,0,0,0,0,0,-1,0,0,0,0,0,0,0,0,0,0,1,0,0,0,0,0,1,0,0,0,0,0,1,0,0,0,0,0,1,0,0,0,0,0,0,0,0,0,0,0,0,0,1,0,-1,0,0,0,-1,0,1,0,0,0,0,0,0
2560,54,2,09,0,1,0,1,0,0,0,1,0,1,0,1,0,1,0,0,0,0,0,0,0,0,1,0,1,0,0,0,0,0,0,0,0,0,0,0,0,0,0,0,0,1,-1,1,-1,0,1,-1,1,-1,0,0,0,0,0,0,0,0,0,0,1,0,2,2,0,1,1,0,1,3,1,0,2,2,0,0,0,0,0,0,1,1,0,1,2,0,0,0,0,1,0,0,0,0,0,0,0,0,0,0,0,-1,2,1,-3,0,-1,2,1,-2,0,0,0,0,-1,0,0,0,0,0,0,0,3,1,0,2,2,2,0,0,0,0,3,1,0,0,0,0,0,0,2,2,0,0,0,0,0,2,0,0,0,0,0,0,0,0,0,0,0,0,-2,-2,1,1,0,-2,-2,3,1,0,0,0,-2,0,0,0,0,0,0,0,0,1,0,1,0,1,1,0,0,0,0,0,0,1,0,1,0,1,0,0,0,0,0,0,0,0,0,0,0,0,1,0,0,0,-1,1,0,-1,0,0,0,1,0,1,0,0,-1,0
2560,54,2,11,2,0,0,0,0,2,0,2,0,0,0,0,0,0,0,0,0,0,0,0,0,0,0,0,0,2,0,2,0,0,2,0,0,0,0,0,0,0,0,0,0,0,-2,0,0,0,0,0,0,0,-2,0,-2,0,0,2,0,0,0,0,1,0,0,1,0,2,1,0,0,0,0,0,0,0,0,0,0,0,0,0,1,0,0,0,0,1,0,0,0,0,1,0,0,1,0,0,1,0,0,0,-1,-1,0,1,0,-1,0,0,0,0,-1,0,0,0,0,1,-1,0,1,0,1,0,0,1,0,0,0,0,1,0,0,0,0,0,0,1,0,0,1,0,0,0,0,0,0,0,0,0,1,0,0,0,0,0,0,0,0,0,0,0,1,0,0,0,0,0,0,0,0,0,1,0,0,0,0,0,0,0,0,0,1,0,0,1,0,0,0,1,0,0,0,1,0,0,0,0,0,0,0,1,0,0,0,0,1,0,0,0,0,0,0,0,1,0,0,0,0,0,0,0,0,0,0,0,1,0,0,0
2560,55,1,09,2,1,0,0,0,1,1,2,1,1,1,1,0,0,0,1,0,0,0,0,1,1,2,1,1,0,0,0,0,0,0,0,0,0,0,0,0,0,0,0,1,0,-2,-1,-1,0,0,-2,-1,-1,1,0,0,0,0,0,0,0,0,0,0,0,1,1,0,0,1,1,0,1,0,0,1,1,0,0,0,0,0,0,0,0,0,0,1,0,1,1,0,0,0,0,0,0,0,0,0,0,0,0,0,-1,0,1,-1,0,0,1,1,-1,0,-1,-1,0,0,0,0,0,0,0,0,0,1,0,1,1,1,0,0,1,0,0,0,0,1,0,0,1,0,0,1,1,0,0,1,0,0,0,0,0,0,0,0,0,0,0,0,0,0,0,-1,-1,1,0,0,-1,-1,0,0,0,0,0,1,0,0,0,0,0,0,0,1,3,0,2,0,2,0,0,0,0,0,2,1,3,0,0,0,1,0,0,0,1,0,0,0,0,0,0,0,0,0,0,1,1,0,2,0,-1,0,2,1,2,0,0,0,0,0,0
2560,55,1,11,1,0,0,0,1,0,0,0,0,0,0,0,0,0,0,1,0,0,0,1,0,0,0,0,0,0,0,0,0,0,0,0,0,0,0,0,0,0,0,0,1,0,0,0,1,0,0,0,0,0,1,0,0,0,1,0,0,0,0,0,0,0,0,0,0,0,0,0,0,0,0,0,0,0,0,0,0,0,0,0,0,0,0,0,0,0,0,0,0,0,0,0,0,0,0,0,0,0,0,0,0,0,0,0,0,0,0,0,0,0,0,0,0,0,0,0,0,0,0,0,1,0,0,1,1,0,2,0,1,0,0,0,0,0,1,0,0,0,0,0,0,0,0,0,0,0,1,0,1,0,1,0,0,1,0,0,1,0,0,0,1,-2,0,0,1,0,0,0,0,1,0,-1,0,-1,0,1,-1,0,1,0,0,0,0,2,0,1,1,0,0,0,0,0,0,0,0,1,0,0,1,0,0,1,0,0,0,0,0,1,0,0,0,0,0,-1,-1,2,0,0,-1,0,0,-1,0,1,0,0,0,1
2560,55,2,09,0,0,2,0,1,1,0,0,1,0,0,0,2,0,0,0,0,0,0,1,1,0,0,0,0,0,0,0,1,0,0,0,0,0,0,0,0,0,0,0,-1,0,2,-1,1,-1,0,2,0,0,0,0,0,-1,1,0,0,0,0,0,0,0,3,1,1,0,0,0,1,0,0,0,2,0,0,0,0,0,1,1,0,0,0,1,0,0,0,0,0,0,0,0,1,0,0,0,0,0,0,0,0,0,3,0,1,0,0,2,-1,0,0,0,0,1,1,0,0,1,0,0,0,0,0,0,3,0,0,1,0,2,0,0,0,0,1,0,0,0,0,2,0,0,1,0,1,0,0,0,0,1,0,0,0,0,0,0,0,0,0,0,0,0,-1,0,1,0,0,-1,0,0,0,0,0,0,1,0,0,0,0,0,0,1,1,1,1,1,1,2,0,1,1,1,0,0,0,0,1,0,1,2,0,1,0,0,0,0,0,0,0,0,0,0,-1,0,0,-1,-1,1,0,-1,0,-1,0,0,0,0,0,0
2560,55,2,11,0,0,1,0,0,0,0,1,0,0,0,0,0,0,0,0,0,0,0,0,0,0,0,0,0,0,0,1,0,0,0,0,1,0,0,0,0,0,0,0,0,0,0,0,0,0,0,0,0,0,0,0,-1,0,0,0,0,1,0,0,0,0,0,1,1,0,0,0,1,0,0,0,0,0,0,0,0,0,0,0,0,0,0,0,0,0,0,0,1,0,0,0,0,1,1,0,0,0,0,0,0,0,0,0,1,0,0,0,0,0,0,0,0,-1,0,0,0,0,1,1,1,0,1,0,0,0,0,0,1,0,0,0,0,0,0,0,0,1,0,0,0,0,0,0,0,0,0,0,1,0,1,0,0,0,0,0,0,0,0,0,1,0,1,-1,0,0,0,0,0,0,0,0,1,-1,0,1,0,0,0,0,1,0,0,0,0,0,1,0,0,0,0,0,1,0,0,0,0,0,0,0,0,0,1,0,0,0,0,0,0,0,0,0,1,0,-1,0,0,0,0,0,1,0,-1,0,0,0,0,0
2560,56,1,09,0,2,1,0,1,0,2,0,0,1,0,0,1,0,1,0,2,0,0,0,0,1,0,0,0,0,1,0,0,1,0,0,0,0,0,0,0,0,0,0,0,0,1,0,0,0,-1,1,0,1,0,1,0,0,-1,0,0,0,0,0,2,2,2,2,1,0,1,0,2,0,1,0,0,0,0,1,2,2,2,1,0,0,0,2,0,0,1,0,0,0,0,0,0,0,0,0,0,0,0,0,2,1,2,0,1,1,0,0,-2,0,1,1,2,2,1,0,0,0,0,0,1,2,4,1,0,0,0,0,2,0,0,1,3,1,0,1,1,0,0,0,0,0,0,1,0,0,0,0,0,0,0,0,1,0,0,0,0,0,1,0,1,2,4,-1,0,0,1,3,0,0,1,1,0,0,0,0,0,1,-1,0,1,1,0,0,1,1,1,0,0,0,0,0,1,1,0,0,1,1,0,0,0,0,1,0,0,0,0,0,0,0,0,0,0,0,-1,0,-1,-1,0,0,1,1,-1,0,0,0,0,0
2560,56,1,11,0,0,0,0,1,0,0,0,0,0,0,0,0,0,0,0,0,0,0,1,0,0,0,0,0,0,0,0,0,0,0,0,0,0,0,0,0,0,0,0,0,0,0,0,1,0,0,0,0,0,0,0,0,0,1,0,0,0,0,0,1,1,0,1,0,1,1,0,0,0,0,0,0,0,0,0,1,0,0,0,1,0,0,0,0,0,1,0,0,0,1,0,0,1,0,0,0,0,0,0,0,0,0,1,0,-1,0,0,0,0,0,0,0,0,0,1,0,0,1,0,0,0,0,0,0,0,1,0,1,0,0,0,0,0,0,0,0,0,0,0,0,0,0,0,0,0,1,0,1,0,0,0,0,0,0,0,0,0,0,0,0,-1,0,-1,0,0,0,0,0,0,0,-1,0,-1,0,0,0,0,0,0,0,1,0,1,1,1,1,0,0,0,0,0,0,0,0,1,0,0,1,0,1,1,0,0,0,1,0,0,0,0,0,0,-1,0,-1,1,0,0,-1,0,-1,-1,0,1,0,1,0,0
2560,56,2,09,0,0,0,2,0,2,1,1,1,0,0,0,0,2,0,0,0,0,0,0,2,1,1,1,0,0,0,0,0,0,0,0,0,0,0,0,0,0,0,0,-2,-1,-1,1,0,-2,-1,-1,1,0,0,0,0,0,0,0,0,0,0,0,0,0,0,0,1,0,3,0,0,0,0,0,0,0,1,0,0,0,0,0,0,3,0,0,0,0,0,0,0,0,0,0,0,0,0,0,0,0,0,0,0,-3,0,0,1,0,-3,0,0,1,0,0,0,0,0,0,0,0,0,0,1,3,3,2,0,0,0,0,0,1,1,2,1,2,0,0,1,2,0,0,0,0,0,0,1,0,0,0,0,0,0,0,0,0,0,0,0,0,0,0,1,3,3,2,-1,1,2,1,2,-1,0,1,2,0,0,0,0,0,0,0,1,2,2,1,1,3,0,0,1,1,1,0,0,1,1,1,1,1,0,0,0,2,0,0,0,0,0,0,0,0,0,0,0,-1,2,1,0,0,1,0,0,-1,1,1,0,0,0,0
2560,56,2,11,0,1,0,0,2,0,0,0,0,0,0,0,0,0,0,0,1,0,0,0,0,0,0,0,0,0,0,0,0,0,0,0,0,0,2,0,0,0,0,0,0,1,0,0,2,0,0,0,0,0,0,1,0,0,0,0,0,0,0,2,0,1,2,0,0,0,1,0,0,1,0,0,0,0,0,0,1,0,0,0,0,0,0,0,0,0,1,0,0,1,0,0,2,0,0,0,0,0,0,0,0,0,2,0,-1,0,0,0,0,0,0,0,0,0,-1,0,0,2,0,0,1,0,0,1,0,1,1,0,0,0,0,0,0,1,0,0,0,0,0,0,1,0,0,0,0,0,1,0,0,0,1,0,0,0,0,0,0,0,0,0,0,-1,0,1,0,-1,0,0,1,0,0,-1,0,0,0,1,0,0,0,0,0,1,0,1,0,0,0,1,0,0,0,0,0,0,0,0,0,0,0,0,0,0,0,0,0,1,0,1,0,0,0,1,0,1,0,0,0,0,0,0,0,0,0,0,0,1,0,0
2560,57,1,09,1,0,0,0,2,1,0,1,0,1,0,0,0,0,2,1,0,0,0,0,1,0,0,0,1,0,0,1,0,0,0,0,0,0,0,0,0,0,0,0,0,0,-1,0,1,-1,0,0,0,1,1,0,-1,0,0,0,0,0,0,0,1,0,1,1,0,0,1,0,1,1,1,0,1,1,0,0,0,0,0,0,0,1,0,0,0,0,0,0,1,1,0,0,0,0,0,0,0,0,0,0,1,-1,1,0,-1,1,-1,1,1,0,0,0,0,-1,-1,0,0,0,0,0,1,0,0,3,0,2,0,0,1,0,0,0,0,2,0,1,0,0,1,0,2,0,0,1,0,0,0,0,0,0,0,0,0,0,0,0,0,0,0,0,-1,0,0,2,0,-2,0,0,1,0,1,0,0,1,0,0,0,0,0,0,2,3,0,1,1,1,0,2,2,2,0,1,0,1,0,0,1,1,0,2,0,0,0,0,0,0,0,0,0,0,0,0,1,2,0,-1,1,1,0,-1,0,1,0,0,0,0,0,0
2560,57,1,11,1,0,1,0,1,0,0,1,0,1,1,0,1,0,0,0,0,0,0,0,0,0,1,0,0,0,0,0,0,1,0,0,0,0,1,0,0,0,0,0,1,0,0,0,0,1,0,0,0,0,0,0,0,0,-1,0,0,0,0,1,0,0,0,0,0,1,0,0,0,0,0,0,0,0,0,0,0,0,0,0,0,0,0,0,0,1,0,0,0,0,0,0,0,0,0,0,0,0,0,0,-1,0,0,0,0,0,0,0,0,0,-1,0,0,0,0,0,0,0,0,0,0,1,0,0,0,0,1,0,1,0,0,0,0,0,0,0,0,0,0,0,0,0,0,1,0,0,1,0,0,0,0,1,0,0,0,0,0,0,0,0,0,0,0,-1,0,0,0,0,-1,0,0,-1,0,0,0,0,1,0,0,0,0,1,0,0,0,0,0,0,0,1,0,0,0,0,0,0,0,0,0,0,0,0,0,0,0,0,0,0,0,0,0,0,0,1,0,0,0,1,0,0,0,0,0,0,0,0,0,0
2560,57,2,09,1,1,0,0,2,2,0,0,0,1,1,0,0,0,1,0,1,0,0,0,2,0,0,0,1,0,0,0,0,0,0,0,0,0,1,0,0,0,0,0,-1,1,0,0,1,-1,0,0,0,0,0,1,0,0,0,0,0,0,0,1,1,0,1,1,0,0,2,0,0,1,1,0,1,0,0,0,0,0,1,0,0,2,0,0,0,0,0,0,0,1,0,0,0,0,0,0,0,0,0,0,1,-2,1,1,-1,1,-2,1,0,0,0,0,0,1,-1,0,0,0,0,0,1,1,0,0,3,0,0,1,1,2,0,1,0,0,2,1,0,0,0,1,0,0,1,1,2,0,0,0,0,0,0,0,0,0,0,0,0,0,0,0,1,1,-1,-1,1,0,1,-1,-1,0,1,0,0,0,1,0,0,0,0,0,2,0,0,0,1,2,1,1,2,0,0,0,0,0,0,0,1,2,0,0,0,0,1,1,0,0,0,0,0,0,0,0,1,-2,-1,-1,1,-2,0,0,0,0,-1,-1,0,0,0,0
2560,57,2,11,0,1,0,0,1,0,0,1,0,0,0,0,0,0,0,0,0,0,0,0,0,0,0,0,0,0,0,1,0,0,0,1,0,0,1,0,0,0,0,0,0,1,-1,0,1,0,0,0,0,0,0,0,-1,0,0,0,1,0,0,1,1,0,1,0,0,2,0,0,0,0,1,0,0,0,0,0,0,1,0,0,1,0,0,0,0,1,0,0,0,0,0,0,0,0,0,0,0,0,0,0,-1,0,1,0,0,0,0,0,0,0,-1,0,1,0,0,0,0,0,0,0,1,0,0,0,0,1,1,0,0,0,0,0,0,0,0,1,0,0,0,0,0,0,0,0,0,1,1,0,0,0,0,0,0,0,0,0,0,0,0,0,0,-1,0,0,0,0,0,0,0,0,0,-1,0,0,0,0,0,0,0,0,0,1,0,0,0,0,1,0,0,0,0,0,0,1,0,0,0,0,0,0,0,0,0,0,0,0,0,0,0,0,1,0,0,1,-1,0,0,0,0,0,0,1,0,0,0,0,-1,0
2560,58,1,09,2,0,1,0,1,2,1,1,0,0,0,0,1,0,1,2,0,0,0,0,2,0,1,0,0,0,1,0,0,0,0,0,0,0,0,0,0,0,0,0,0,-1,0,0,1,-2,0,0,0,1,2,-1,0,0,0,0,0,0,0,0,3,0,0,0,1,2,2,0,1,2,2,0,0,0,0,1,0,0,0,0,0,2,0,1,1,2,0,0,0,0,0,0,0,0,1,0,0,0,0,1,1,-2,0,-1,-1,2,-2,0,-1,-1,-1,0,0,0,0,0,0,0,0,0,0,2,0,0,2,1,1,0,1,0,0,1,0,0,1,0,1,0,0,1,1,1,0,1,0,0,0,0,0,0,0,0,0,0,0,0,0,0,0,0,-1,1,0,-1,2,-1,0,0,-1,1,0,1,0,0,1,0,0,0,0,0,1,1,2,1,2,3,1,1,1,1,2,1,0,0,0,0,2,2,0,0,0,1,1,1,0,0,0,0,0,0,0,0,-1,-2,1,0,-1,-1,2,1,0,-1,-1,-1,0,0,0,0
2560,58,1,11,0,0,0,0,0,0,0,0,0,0,0,0,0,0,0,0,0,0,0,0,0,0,0,0,0,0,0,0,0,0,0,0,0,0,0,0,0,0,0,0,0,0,0,0,0,0,0,0,0,0,0,0,0,0,0,0,0,0,0,0,0,0,0,0,0,0,0,0,0,0,0,0,0,0,0,0,0,0,0,0,0,0,0,0,0,0,0,0,0,0,0,0,0,0,0,0,0,0,0,0,0,0,0,0,0,0,0,0,0,0,0,0,0,0,0,0,0,0,0,0,0,0,0,0,1,1,0,1,1,0,0,0,0,0,0,0,0,0,0,0,1,0,0,0,0,0,0,0,0,0,0,0,0,0,1,0,0,1,1,0,-1,0,-1,-1,1,-1,0,0,0,0,0,0,0,0,0,0,0,-1,-1,1,0,0,2,1,0,0,2,0,0,0,0,0,0,0,0,0,0,0,0,0,0,0,1,0,0,0,2,1,0,0,1,0,0,0,0,1,0,0,0,0,0,0,-1,0,0,0,1,1
2560,58,2,09,0,0,0,1,1,1,1,0,0,1,0,0,0,0,1,0,0,0,1,0,0,1,0,0,1,1,0,0,0,0,0,0,0,0,0,0,0,0,0,0,-1,-1,0,1,0,0,-1,0,0,0,-1,0,0,1,0,0,0,0,0,0,0,0,2,2,0,1,0,1,1,1,0,0,1,1,0,0,0,1,1,0,1,0,1,0,1,0,0,0,1,0,0,0,0,0,0,0,0,0,0,0,-1,0,1,1,-1,-1,0,0,1,-1,0,0,1,0,0,0,0,0,0,0,2,1,2,2,0,1,2,1,3,0,1,1,1,2,0,1,0,1,0,0,1,2,1,2,0,0,0,0,0,0,0,0,0,0,0,0,0,0,1,0,1,-1,1,-1,0,0,-1,0,0,0,1,0,1,0,0,0,0,0,-1,0,1,1,0,3,1,0,0,2,0,1,0,2,1,0,0,1,1,0,0,2,0,0,0,0,0,0,0,0,0,0,0,0,0,1,0,1,-1,1,0,0,1,0,0,1,0,0,0,0
2560,58,2,11,0,0,0,1,0,0,0,1,0,0,0,0,0,1,0,0,0,0,0,0,0,0,1,0,0,0,0,0,0,0,0,0,0,0,0,0,0,0,0,0,0,0,-1,1,0,0,0,-1,1,0,0,0,0,0,0,0,0,0,0,0,2,0,0,0,0,1,0,0,0,0,1,0,0,0,0,0,0,0,0,0,1,0,0,0,0,0,0,0,0,0,1,0,0,0,0,0,0,0,0,0,1,0,0,0,0,0,0,0,0,0,0,0,0,0,0,1,0,0,0,0,0,1,1,0,0,0,0,1,0,0,0,1,0,0,0,0,0,0,0,0,0,0,0,0,0,0,0,1,0,0,0,0,1,0,0,0,0,0,0,0,0,1,0,0,0,0,1,0,0,0,0,0,-1,0,0,0,0,1,0,0,0,0,1,1,0,0,1,0,0,0,0,0,0,0,0,0,0,0,0,0,0,0,1,0,0,0,1,1,0,0,0,0,0,0,0,1,0,0,0,0,0,0,-1,0,0,0,1,1
2560,59,1,09,1,2,0,3,0,2,2,0,3,0,0,2,0,2,0,1,0,0,1,0,1,1,0,2,0,1,1,0,1,0,0,0,0,0,0,0,0,0,0,0,-1,0,0,0,0,-1,1,0,0,0,0,-1,0,0,0,0,0,0,0,0,0,1,1,1,3,2,1,2,0,1,0,0,1,1,2,0,1,0,0,1,2,1,2,0,1,0,0,0,0,0,0,0,0,0,0,0,0,0,0,0,-2,0,-1,1,2,-2,-1,-1,1,1,0,1,0,0,1,0,0,0,0,0,0,0,1,1,1,1,1,1,0,1,0,0,0,0,1,0,0,1,1,0,1,1,1,0,0,0,0,0,0,1,0,0,0,0,0,0,0,0,0,0,-1,-1,0,1,0,-1,-1,-1,0,1,0,0,1,1,-1,0,0,0,0,0,0,0,1,3,1,1,1,1,0,0,1,1,0,0,0,2,1,0,0,1,0,1,1,0,0,0,0,0,0,0,0,0,-1,-1,0,2,-1,0,1,0,0,-1,-1,2,0,0,0,0
2560,59,1,11,1,0,1,0,0,1,0,1,0,0,0,0,0,0,0,0,0,1,0,0,0,0,0,0,0,1,0,1,0,0,1,0,0,0,0,0,0,0,0,0,0,0,0,0,0,0,0,0,0,0,-1,0,0,0,0,1,0,0,0,0,0,0,1,0,0,0,0,0,0,0,0,0,0,0,0,0,0,0,0,0,0,0,0,0,0,0,0,0,0,0,0,0,1,0,0,0,0,0,0,0,0,0,1,0,0,0,0,0,0,0,0,0,0,0,0,0,0,1,0,0,1,2,1,1,0,1,0,1,0,0,0,1,0,1,0,1,0,0,0,0,1,0,0,0,0,0,0,1,0,0,0,1,1,0,0,0,0,0,0,0,0,2,0,1,0,-1,1,0,1,0,1,0,-1,0,0,0,1,1,0,0,0,0,1,1,0,1,0,0,0,0,0,0,0,0,0,0,0,0,0,0,0,1,0,0,0,0,1,1,0,0,0,0,0,-1,1,1,0,0,0,0,0,-1,0,0,0,0,1,1
2560,59,2,09,1,0,0,0,2,0,2,0,0,1,0,0,0,0,0,1,0,0,0,2,0,2,0,0,1,0,0,0,0,0,0,0,0,0,0,0,0,0,0,0,1,-2,0,0,1,0,-2,0,0,-1,1,0,0,0,2,0,0,0,0,0,2,0,0,0,2,0,0,0,2,2,2,0,0,0,2,0,0,0,0,0,0,0,0,1,2,0,0,0,1,0,0,0,0,0,0,0,0,0,0,0,2,0,0,-2,0,2,0,0,-1,0,0,0,0,-1,0,0,0,0,0,0,1,0,2,0,0,1,2,0,0,1,0,0,1,0,0,1,0,1,0,0,0,2,0,0,0,1,0,0,0,1,0,0,0,0,0,0,0,0,0,0,0,-2,2,0,-1,0,-2,1,0,0,0,0,1,0,-1,0,0,0,0,0,1,1,1,0,0,0,2,0,1,1,0,0,0,0,1,0,0,0,1,0,0,0,1,0,0,0,0,0,0,0,0,0,1,1,-1,0,1,1,-1,0,0,0,0,0,0,0,0,0
2560,59,2,11,1,0,1,0,0,1,0,0,0,1,0,0,0,0,0,0,0,1,0,0,0,0,0,0,1,1,0,0,0,0,1,0,0,0,0,0,0,0,0,0,0,0,1,0,-1,0,0,0,0,-1,-1,0,1,0,0,1,0,0,0,0,0,0,0,0,1,0,0,0,0,1,0,0,0,0,1,0,0,0,0,0,0,0,0,0,0,0,0,0,0,1,0,0,0,0,0,0,0,0,0,0,0,0,0,0,0,0,0,0,0,1,0,0,0,0,-1,0,0,0,0,0,0,2,0,0,0,0,0,2,0,0,0,1,0,0,0,0,0,0,0,0,0,0,1,0,0,0,0,1,0,0,0,1,0,0,0,0,0,0,0,0,0,2,-2,0,0,0,1,-1,0,0,0,0,-1,0,0,0,1,0,0,0,1,0,0,0,0,1,1,0,0,0,0,0,1,0,0,0,0,1,0,0,0,0,1,0,0,0,0,0,0,0,0,0,1,-1,-1,0,0,-1,0,0,1,0,-1,0,0,0,0,0
2560,60,1,09,0,0,2,1,0,2,0,2,0,1,0,0,2,0,0,0,0,0,1,0,2,0,2,0,1,0,0,0,0,0,0,0,0,0,0,0,0,0,0,0,-2,0,0,1,-1,-2,0,0,0,-1,0,0,0,1,0,0,0,0,0,0,0,0,2,0,0,1,0,0,1,1,0,0,1,0,0,0,0,1,0,0,1,0,0,0,1,0,0,0,1,0,0,0,0,0,0,0,0,0,0,0,-1,0,2,-1,-1,-1,0,1,0,-1,0,0,1,-1,0,0,0,0,0,0,1,3,2,1,1,0,1,3,2,0,1,2,2,1,1,0,1,0,0,0,0,0,2,1,0,0,1,1,1,0,0,0,0,0,0,0,0,0,0,0,1,2,-1,-1,1,1,2,0,0,1,0,0,-1,-1,0,0,0,0,0,0,0,1,1,1,0,1,1,2,0,1,1,1,0,0,0,0,0,0,0,1,0,1,1,1,0,0,0,0,0,0,0,0,0,0,0,-1,0,1,1,0,0,-1,-1,-1,0,0,0,0
2560,60,1,11,0,0,0,0,0,0,0,0,0,0,0,0,0,0,0,0,0,0,0,0,0,0,0,0,0,0,0,0,0,0,0,0,0,0,0,0,0,0,0,0,0,0,0,0,0,0,0,0,0,0,0,0,0,0,0,0,0,0,0,0,1,0,1,0,0,0,0,0,0,0,1,0,0,0,0,0,0,0,0,0,0,0,0,0,0,0,0,0,0,0,0,0,1,0,0,0,0,0,0,0,1,0,1,0,0,1,0,0,0,0,0,0,0,0,0,0,0,1,0,0,0,1,0,1,0,0,1,1,0,0,0,0,0,0,0,0,0,0,0,0,0,1,0,0,0,0,0,1,0,0,0,1,0,1,0,0,0,0,0,0,0,0,-1,1,0,0,-1,0,0,0,0,0,-1,0,0,0,1,0,1,0,0,2,0,0,0,1,0,0,0,1,0,0,0,0,0,0,0,0,0,0,0,1,0,0,0,1,0,0,0,0,0,0,0,1,0,0,0,1,0,0,0,-1,0,0,0,1,0,0
2560,60,2,09,0,2,0,1,1,1,6,0,0,0,0,2,0,1,0,0,0,0,0,1,1,5,0,0,0,0,1,0,0,0,0,0,0,0,0,0,0,0,0,0,-1,-4,0,1,1,-1,-3,0,1,0,0,-1,0,0,1,0,0,0,0,0,0,0,0,0,1,3,0,1,1,2,0,0,0,0,1,0,0,0,0,0,2,0,1,0,2,1,0,0,1,0,0,0,0,0,0,0,0,0,0,0,-3,0,-1,-1,-1,-2,0,-1,0,-1,-1,0,0,-1,0,0,0,0,0,0,0,0,0,0,1,1,0,3,1,1,0,0,0,0,1,0,0,0,0,0,1,0,2,1,0,0,0,0,0,1,0,0,0,0,0,0,0,1,0,0,-1,0,-3,-1,0,-1,0,-2,-1,1,0,0,0,0,-1,0,0,-1,0,0,0,0,0,0,0,0,2,0,0,0,0,0,0,0,0,0,0,0,2,0,0,0,0,0,0,0,0,0,0,0,0,0,0,0,-2,0,0,0,-2,0,0,0,0,0,0,0,0,0
2560,60,2,11,0,0,0,1,0,0,0,0,0,0,0,0,0,1,0,0,0,0,0,0,0,0,0,0,0,0,0,0,0,0,0,0,0,0,0,0,0,0,0,0,0,0,0,1,0,0,0,0,1,0,0,0,0,0,0,0,0,0,0,0,0,0,0,0,1,0,0,1,0,1,0,0,0,0,0,0,0,0,0,0,0,0,0,0,0,0,0,1,0,0,0,0,0,0,1,0,0,0,0,1,0,0,-1,0,0,0,0,0,0,0,0,0,-1,0,0,0,0,0,0,0,0,0,0,0,0,0,0,0,1,0,0,0,0,0,0,0,0,0,0,0,0,0,0,0,0,0,0,0,1,0,0,0,0,0,0,0,0,0,0,0,0,0,0,-1,0,0,0,0,0,0,0,0,0,-1,0,0,0,0,0,0,0,0,0,0,0,0,1,0,0,0,0,0,0,0,0,0,0,0,1,0,0,0,0,0,0,0,0,0,0,0,0,0,0,0,-1,0,0,0,-1,0,0,0,0,0,0,0,0,0
2560,61,1,09,1,0,1,2,1,1,1,1,1,0,1,0,1,1,0,0,0,0,1,0,0,1,0,1,0,1,0,1,0,0,0,0,0,0,1,0,0,0,0,0,0,-1,0,1,1,1,-1,1,0,0,-1,0,-1,1,0,0,0,0,0,1,0,1,0,1,1,1,1,1,1,1,0,1,0,0,0,0,0,0,1,1,1,1,1,1,1,0,0,0,0,0,0,0,0,0,0,0,0,0,0,0,-1,0,-1,0,0,-1,0,-1,-1,-1,0,0,0,1,1,0,0,0,0,0,0,0,1,2,2,0,1,0,0,1,0,0,0,2,1,0,0,1,0,1,0,1,0,0,1,0,0,0,0,0,0,0,0,0,0,0,0,0,0,0,0,-1,1,2,1,0,-1,0,2,0,0,0,1,0,1,0,0,0,0,0,0,0,1,0,2,1,2,0,0,0,0,0,0,0,1,0,2,1,2,0,0,0,0,0,0,0,0,0,0,0,0,0,-2,-1,-1,0,-2,-1,-2,0,0,0,1,0,0,0,0,0
2560,61,1,11,0,0,0,0,0,1,1,0,0,2,0,0,0,0,0,0,0,0,0,0,0,1,0,0,2,1,0,0,0,0,0,0,0,0,0,0,0,0,0,0,-1,-1,0,0,-2,0,-1,0,0,-2,-1,0,0,0,0,0,0,0,0,0,0,0,0,0,0,0,0,0,0,0,0,0,0,0,0,0,0,0,0,0,0,0,0,0,0,0,0,0,0,0,0,0,0,0,0,0,0,0,0,0,0,0,0,0,0,0,0,0,0,0,0,0,0,0,0,0,0,0,0,0,1,1,1,0,1,0,0,1,1,0,0,1,0,0,1,0,0,0,0,0,0,0,1,0,0,0,0,0,1,0,1,0,1,0,0,0,0,0,0,0,1,1,0,-1,1,0,1,-1,0,1,0,0,0,-1,0,1,0,1,0,0,1,0,0,0,0,0,0,0,0,0,0,0,1,0,0,0,0,0,0,0,0,0,0,0,0,0,0,0,0,0,0,0,1,0,0,0,0,0,0,0,1,0,0,0,0,0,0,0
2560,61,2,09,1,1,2,0,0,1,3,1,0,1,1,0,2,0,0,0,1,0,0,0,0,1,1,0,0,1,2,0,0,1,0,0,0,0,0,0,0,0,0,0,0,-2,1,0,-1,1,-1,1,0,0,-1,-1,0,0,-1,0,0,0,0,0,1,1,0,1,0,0,0,0,1,0,0,0,0,0,0,1,1,0,1,0,0,0,0,1,0,0,0,0,0,0,0,0,0,0,0,0,0,0,0,0,1,1,0,0,0,0,0,0,-1,0,1,1,0,1,0,0,0,0,0,0,0,2,0,2,1,1,0,0,0,2,0,0,0,1,0,0,2,0,1,1,1,0,0,0,2,0,0,0,0,0,0,0,0,0,0,0,0,0,0,0,-1,2,0,2,-1,-1,0,0,1,-2,0,2,0,1,1,0,0,0,0,0,2,0,0,1,0,0,0,2,0,0,0,0,2,0,0,1,0,0,0,1,0,0,0,1,0,0,0,0,0,0,0,0,2,0,0,-1,0,0,0,-1,2,0,0,0,0,0,0,0
2560,61,2,11,0,0,0,1,0,0,0,0,1,0,0,0,0,0,0,0,0,0,0,0,0,0,0,0,0,0,0,0,1,0,0,0,0,1,0,0,0,0,0,0,0,0,0,0,0,0,0,0,0,0,0,0,0,-1,0,0,0,0,1,0,0,0,0,0,1,0,0,0,0,0,0,0,0,0,0,0,0,0,0,1,0,0,0,0,0,0,0,0,0,0,0,0,0,0,0,0,0,0,0,0,0,0,0,0,1,0,0,0,0,0,0,0,0,0,1,0,0,0,0,0,0,0,0,0,0,0,0,1,0,0,0,0,0,0,0,0,0,0,0,0,0,0,0,0,0,0,0,0,0,0,0,0,0,0,0,0,0,1,0,0,0,0,-1,0,0,0,0,0,0,0,0,0,0,0,0,0,0,-1,0,0,0,0,0,0,0,0,0,0,0,0,0,0,0,0,0,0,0,0,0,0,0,0,0,0,0,0,0,0,0,0,0,0,0,0,0,0,0,0,0,0,0,0,0,0,0,0,0,0
2560,62,1,09,2,0,1,2,1,1,4,2,0,0,1,0,1,2,1,1,0,0,0,0,0,2,2,0,0,1,2,0,0,0,0,0,0,0,0,0,0,0,0,0,1,-4,-1,2,1,1,-2,-1,2,1,0,-2,0,0,0,0,0,0,0,0,2,0,1,0,1,0,0,2,1,1,2,0,1,0,1,0,0,0,0,0,0,0,1,1,1,0,0,1,0,0,0,0,0,0,0,0,0,0,0,0,2,0,-1,-1,0,2,0,0,-1,0,0,0,-1,0,0,0,0,0,0,0,0,0,1,0,2,1,0,0,1,1,0,0,0,0,1,0,0,1,0,1,1,0,0,1,1,0,0,0,0,0,0,0,0,0,0,0,0,0,0,0,-1,0,1,-1,1,-1,0,0,-1,0,0,0,1,0,1,0,0,0,0,0,1,2,0,1,1,0,1,0,1,1,0,1,0,1,0,0,0,0,1,0,0,0,0,0,0,0,0,0,1,0,0,0,0,2,-1,1,1,1,-1,1,0,1,0,0,-1,0,0,0
2560,62,1,11,0,0,0,0,0,0,0,0,0,0,0,0,0,0,0,0,0,0,0,0,0,0,0,0,0,0,0,0,0,0,0,0,0,0,0,0,0,0,0,0,0,0,0,0,0,0,0,0,0,0,0,0,0,0,0,0,0,0,0,0,0,1,0,0,0,0,0,0,0,0,0,0,0,0,0,0,0,0,0,0,0,0,0,0,0,0,0,0,0,0,0,1,0,0,0,0,0,0,0,0,0,1,0,0,0,0,0,0,0,0,0,0,0,0,0,0,1,0,0,0,0,0,1,0,1,0,1,1,0,0,0,0,0,0,0,0,0,0,0,0,0,0,0,0,0,0,1,1,0,0,0,0,1,0,1,0,0,0,0,0,0,-1,0,0,1,0,0,0,0,0,0,-1,-1,0,0,0,0,1,0,1,0,0,0,0,0,0,0,0,0,0,0,0,0,0,0,0,0,0,0,0,0,0,0,0,0,0,0,0,0,0,0,0,0,0,0,0,0,0,0,0,0,0,0,0,0,0,0,0
2560,62,2,09,1,1,0,0,2,1,1,2,0,3,1,0,0,0,2,0,1,0,0,0,1,0,1,0,3,0,1,1,0,0,0,0,0,0,0,0,0,0,0,0,0,0,-2,0,-1,0,0,-1,0,-1,0,0,-1,0,0,0,0,0,0,0,0,0,0,0,1,0,1,0,2,1,0,0,0,0,1,0,0,0,0,0,0,1,0,1,1,0,0,0,1,0,0,0,0,0,0,0,0,0,0,0,0,-1,0,-2,0,0,-1,0,-1,0,0,0,0,-1,0,0,0,0,0,0,0,0,1,0,1,0,2,0,0,1,0,0,1,0,1,0,0,0,0,0,0,1,0,0,0,0,1,0,0,1,0,0,0,0,0,0,0,0,0,0,0,-2,1,0,0,0,-1,1,0,1,0,-1,0,0,-1,0,0,0,0,0,0,0,1,0,0,1,1,0,0,0,1,0,0,0,0,0,0,1,1,0,0,0,0,0,0,0,0,0,0,0,0,0,0,-1,0,0,0,-1,0,0,0,0,0,0,0,0,0,0
2560,62,2,11,0,0,1,1,0,0,0,0,0,0,0,0,0,0,0,0,0,0,1,0,0,0,0,0,0,0,0,0,0,0,0,0,1,0,0,0,0,0,0,0,0,0,1,1,0,0,0,0,0,0,0,0,0,1,0,0,0,1,0,0,0,0,1,0,0,0,0,0,0,1,0,0,1,0,0,0,0,0,0,0,0,0,0,0,0,0,0,0,0,1,0,0,0,0,0,0,0,0,0,0,0,0,1,0,-1,0,0,1,0,0,0,0,0,0,-1,0,0,0,0,0,0,1,0,0,0,0,0,0,0,0,0,0,0,0,0,0,0,0,0,0,0,0,0,0,0,0,0,0,0,0,0,1,0,0,0,0,0,0,0,0,0,1,0,0,0,0,0,0,0,0,0,0,0,0,0,0,1,0,0,0,0,0,0,0,0,0,0,0,0,0,0,0,0,0,0,0,0,0,0,0,0,0,0,0,0,0,0,0,0,0,0,0,0,0,0,0,0,0,0,0,0,0,0,0,0,0,0,0
2560,63,1,09,1,0,0,0,0,0,1,0,0,2,1,0,0,0,0,0,0,0,0,0,0,1,0,0,2,0,0,0,0,0,0,0,0,0,0,0,0,0,0,0,1,-1,0,0,-2,1,-1,0,0,-2,0,0,0,0,0,0,0,0,0,0,0,1,4,1,2,1,0,2,1,0,0,1,1,0,2,0,0,3,1,0,1,0,1,0,0,0,0,1,1,0,0,0,0,0,0,0,0,0,0,0,-1,1,2,0,2,-1,1,0,0,2,0,0,2,0,0,0,0,0,0,0,1,1,2,0,1,0,1,0,1,0,1,0,0,0,1,0,1,2,0,0,0,0,0,0,0,0,0,0,1,0,0,0,0,0,0,0,1,0,0,0,1,0,2,-1,1,1,0,0,0,1,0,1,2,-1,0,0,-1,0,0,0,3,0,0,1,1,0,2,1,2,0,0,0,1,0,0,1,0,0,1,0,1,0,1,1,0,0,0,0,0,0,0,0,2,0,-2,0,2,0,-1,0,0,0,-1,0,0,0,0,0
2560,63,1,11,0,0,0,0,2,0,0,0,0,2,0,0,0,0,0,0,0,0,0,0,0,0,0,0,0,0,0,0,0,2,0,0,0,0,2,0,0,0,0,0,0,0,0,0,0,0,0,0,0,0,0,0,0,0,-2,0,0,0,0,2,0,2,0,0,0,0,0,1,0,0,0,1,0,0,0,0,1,0,0,0,0,0,0,0,0,0,0,1,0,0,0,0,0,0,0,0,0,0,0,0,0,2,-1,0,0,0,1,0,0,0,0,1,-1,0,0,0,0,0,0,0,0,0,0,0,0,0,0,0,0,0,0,0,0,0,0,0,0,0,0,0,0,0,0,0,0,0,0,0,0,0,0,0,0,0,0,0,0,0,0,0,0,0,0,0,0,0,0,0,0,0,0,0,0,0,0,0,0,0,0,0,0,0,0,0,0,0,1,0,0,0,0,0,0,0,0,0,0,0,0,0,0,0,1,0,0,0,0,0,0,0,0,0,0,0,-1,0,0,0,0,0,0,0,-1,0,0,0,0,0
2560,63,2,09,0,0,1,0,0,0,0,1,0,0,0,0,0,0,0,0,0,1,0,0,0,0,1,0,0,0,0,0,0,0,0,0,0,0,0,0,0,0,0,0,0,0,0,0,0,0,0,-1,0,0,0,0,1,0,0,0,0,0,0,0,1,0,3,1,2,1,1,1,2,0,1,0,2,0,2,0,0,1,1,0,1,0,0,0,0,0,1,1,2,0,0,0,0,0,0,0,0,0,0,0,0,-1,2,-1,2,0,0,2,0,2,0,-1,0,-1,0,0,0,0,0,0,0,1,2,0,0,0,0,3,1,0,0,1,2,0,0,0,0,0,0,0,0,0,3,1,0,0,0,0,0,0,0,0,0,0,0,0,0,0,0,0,0,1,-1,-1,0,0,1,-1,-1,0,0,0,0,0,0,0,0,0,0,0,1,2,0,1,1,4,0,1,1,1,0,1,0,1,0,0,0,2,0,1,1,2,0,0,0,0,0,0,0,0,0,0,0,-2,0,0,1,-1,0,0,-1,-1,0,0,0,0,0,0
2560,63,2,11,0,0,0,0,0,0,0,0,1,0,0,0,0,0,0,0,0,0,0,0,0,0,0,1,0,0,0,0,0,0,0,0,0,0,0,0,0,0,0,0,0,0,0,-1,0,0,0,0,-1,0,0,0,0,0,0,0,0,0,0,0,0,1,1,0,0,0,0,0,0,0,0,1,0,0,0,0,0,0,0,0,0,0,0,0,0,0,0,0,0,0,0,0,1,0,0,0,0,0,0,0,0,1,1,0,0,0,1,0,0,0,0,0,0,0,0,0,0,1,0,0,0,0,1,0,0,0,0,1,0,1,0,0,1,0,0,0,0,0,0,0,0,0,0,0,0,0,0,0,0,1,0,0,0,0,0,0,0,1,0,0,0,0,0,0,-1,0,0,1,0,0,0,0,0,0,-1,0,0,-1,0,0,0,0,0,0,0,0,1,0,0,0,0,0,0,0,0,0,0,0,0,0,0,0,1,0,0,0,0,0,0,0,0,0,0,0,-1,0,0,0,0,0,0,0,-1,0,0,0,0,0
2560,64,1,09,0,0,1,0,1,0,1,1,1,0,0,0,1,0,0,0,0,0,0,1,0,1,1,1,0,0,0,0,0,0,0,0,0,0,0,0,0,0,0,0,0,-1,0,-1,1,0,-1,0,-1,0,0,0,0,0,1,0,0,0,0,0,2,0,0,3,2,0,1,1,1,3,1,0,0,2,2,0,0,0,1,0,0,0,1,1,2,0,0,0,0,1,1,0,0,0,0,0,1,0,0,0,2,-1,-1,2,-1,1,0,-1,1,0,0,0,0,1,-1,1,-1,0,0,0,0,0,0,0,1,0,0,0,1,1,0,0,0,0,1,0,0,0,0,0,0,0,0,1,1,0,0,0,0,0,0,0,0,0,0,0,0,0,0,0,0,0,0,-1,0,0,0,0,-1,0,0,0,0,0,0,0,0,0,0,0,1,0,0,3,1,1,0,1,1,0,0,2,0,0,0,1,1,0,0,1,0,1,0,0,0,0,0,0,0,0,0,0,0,-1,0,2,0,0,0,1,0,-1,0,1,0,0,0,0
2560,64,1,11,0,0,0,0,0,0,0,0,0,0,0,0,0,0,0,0,0,0,0,0,0,0,0,0,0,0,0,0,0,0,0,0,0,0,0,0,0,0,0,0,0,0,0,0,0,0,0,0,0,0,0,0,0,0,0,0,0,0,0,0,0,0,2,0,0,0,0,2,0,0,0,0,0,0,0,0,0,2,0,0,0,0,0,0,0,0,0,2,0,0,0,0,0,0,0,0,0,0,0,0,0,0,0,0,0,0,0,0,0,0,0,0,0,0,0,0,0,0,0,0,0,0,0,0,0,0,0,0,0,0,0,0,0,0,0,0,0,0,0,0,0,0,0,0,0,0,0,0,0,0,0,0,0,0,0,0,0,0,0,0,0,0,0,0,0,0,0,0,0,0,0,0,0,0,0,0,0,0,0,0,0,0,0,1,0,0,2,0,0,0,0,0,0,0,0,0,0,0,0,0,0,0,2,0,0,0,0,1,0,0,0,0,0,0,-2,1,0,0,0,0,0,0,-2,0,0,0,0,1
2560,64,2,09,0,1,0,0,2,0,1,0,0,0,0,1,0,0,2,0,0,0,0,0,0,1,0,0,0,0,0,0,0,0,0,0,0,0,0,0,0,0,0,0,0,0,0,0,2,0,0,0,0,2,0,0,0,0,0,0,0,0,0,0,1,0,0,1,0,2,3,1,0,0,1,0,0,1,0,0,0,0,0,0,2,1,1,0,0,0,2,0,0,0,0,0,0,0,0,0,0,0,0,0,-1,-3,-1,1,0,-1,-1,-1,1,0,0,-2,0,0,0,0,0,0,0,0,0,0,0,1,0,1,0,0,0,2,0,0,0,1,0,0,0,0,0,0,1,0,0,0,1,0,0,0,0,1,0,0,0,0,0,0,0,0,0,0,-1,0,0,1,-2,-1,0,0,1,-1,0,0,0,0,-1,0,0,0,0,0,0,1,0,1,0,1,1,1,0,0,0,0,0,1,0,1,0,1,1,1,0,0,0,0,0,0,0,0,0,0,0,0,0,0,-1,0,0,-1,-1,-1,0,1,0,1,0,0,0,0
2560,64,2,11,0,1,0,1,0,1,0,0,0,0,0,0,0,0,0,0,1,0,1,0,0,0,0,0,0,1,0,0,0,0,0,0,0,0,0,0,0,0,0,0,-1,1,0,1,0,0,0,0,0,0,-1,1,0,1,0,0,0,0,0,0,0,0,0,0,0,0,0,0,1,0,0,0,0,0,0,0,0,0,0,0,0,0,0,0,0,0,0,0,1,0,0,0,0,0,0,0,0,0,0,0,0,0,0,-1,0,0,0,0,0,0,0,0,0,-1,0,0,0,0,0,0,0,0,0,0,0,0,1,0,0,0,0,0,0,0,0,0,0,0,0,0,0,0,0,0,0,0,0,0,0,0,0,0,0,0,0,0,1,0,0,0,0,-1,0,0,0,0,0,0,0,0,0,0,0,0,0,0,-1,0,0,0,0,1,1,0,0,1,1,0,0,0,0,0,0,1,0,0,0,0,0,0,0,0,1,0,0,0,1,0,0,1,0,0,0,0,0,0,0,0,0,0,0,1,-1,0,0,-1,1,0
2560,65,1,09,0,1,2,0,1,1,3,2,0,0,0,0,1,0,0,0,1,1,0,1,0,2,1,0,0,1,1,1,0,0,0,0,0,0,0,0,0,0,0,0,-1,-2,0,0,1,0,-2,0,0,0,-1,0,0,0,1,0,0,0,0,0,1,0,0,0,2,1,3,0,1,3,1,0,0,0,1,0,0,0,0,0,1,1,0,0,2,0,2,0,1,1,0,0,0,0,1,0,0,0,0,0,0,-3,0,-1,-1,0,-1,0,0,-1,0,-2,0,-1,-1,0,0,0,0,1,0,1,0,1,1,0,2,0,0,1,0,0,0,1,1,0,1,0,0,0,0,2,0,0,0,0,0,0,0,1,0,0,0,0,0,0,0,0,0,0,0,-1,0,1,0,0,-2,0,1,1,0,1,0,0,-1,0,0,0,0,0,2,0,2,0,2,0,1,0,2,0,2,0,0,0,0,0,2,0,1,0,0,0,0,0,0,0,0,0,0,0,0,0,0,0,1,0,0,0,1,0,0,0,0,0,0,0,0,0
2560,65,1,11,1,0,0,1,0,0,0,0,0,0,0,0,0,0,0,1,0,0,1,0,0,0,0,0,0,0,0,0,0,0,0,0,0,0,0,0,0,0,0,0,1,0,0,1,0,0,0,0,0,0,1,0,0,1,0,0,0,0,0,0,0,0,0,0,0,0,0,0,1,0,0,0,0,0,0,0,0,0,0,0,0,0,0,0,0,0,0,0,1,0,0,0,0,0,0,0,0,0,0,0,0,0,0,-1,0,0,0,0,0,0,0,0,0,-1,0,0,0,0,0,0,0,0,0,0,0,0,0,0,0,0,0,0,0,0,0,0,0,0,0,0,0,0,0,0,0,0,0,0,0,0,0,0,0,0,0,0,0,0,0,0,0,0,0,0,0,0,0,0,0,0,0,0,0,0,0,0,0,0,0,0,1,0,0,0,0,0,0,0,0,0,0,0,1,0,0,0,0,0,0,0,0,0,0,0,0,0,0,0,0,0,0,0,1,0,0,0,0,0,0,0,1,0,0,0,0,0,0,0
2560,65,2,09,1,1,3,0,3,0,0,1,0,4,0,1,2,0,2,0,0,1,0,1,0,0,1,0,2,0,0,0,0,2,1,0,0,0,0,0,0,0,0,0,1,1,2,0,-1,0,1,1,0,0,0,0,1,0,-1,1,0,0,0,0,0,1,2,0,0,1,0,2,0,1,0,0,1,0,0,0,1,1,0,0,1,0,0,0,0,0,0,2,0,1,0,0,0,0,0,0,0,0,0,0,-1,1,0,0,-1,-1,0,1,0,0,0,1,-1,0,-1,0,0,0,0,0,0,1,0,3,2,0,0,0,1,3,0,1,0,3,2,0,0,0,0,0,0,0,0,1,3,0,0,0,0,0,0,0,0,0,0,0,0,0,0,0,0,1,0,2,-1,0,1,0,2,-1,0,0,0,0,0,0,0,0,0,0,5,0,2,0,4,1,2,1,3,0,2,0,2,0,0,0,3,1,2,1,1,0,0,0,0,0,0,0,0,0,0,0,1,-1,0,-1,0,-1,0,-1,1,0,0,0,0,0,0,0
2560,65,2,11,0,0,0,0,0,0,0,1,0,0,0,0,0,0,0,0,0,0,0,0,0,0,1,0,0,0,0,0,0,0,0,0,0,0,0,0,0,0,0,0,0,0,-1,0,0,0,0,-1,0,0,0,0,0,0,0,0,0,0,0,0,1,0,0,0,0,1,1,2,0,0,0,0,0,0,0,0,0,0,0,0,0,0,0,0,0,1,0,2,0,0,1,0,0,0,0,0,1,0,0,0,0,-1,-2,0,0,0,0,0,0,0,-1,0,-2,0,0,1,-1,0,0,0,1,0,0,0,0,0,0,1,0,0,1,0,0,0,0,0,0,0,0,0,0,0,0,0,0,0,0,1,0,0,0,0,0,0,0,0,0,0,0,0,1,0,-1,0,0,1,0,0,0,0,0,0,-1,0,0,0,0,0,0,0,1,1,1,0,0,0,0,0,1,1,0,0,0,0,0,0,0,0,0,0,0,0,0,0,0,0,1,0,0,0,0,0,1,1,1,0,1,1,0,0,0,0,0,0,0,0,1,0
2560,66,1,09,0,0,1,0,1,0,1,2,1,0,0,0,1,0,1,0,0,0,0,0,0,1,1,0,0,0,0,1,1,0,0,0,0,0,0,0,0,0,0,0,0,-1,-1,-1,1,0,-1,0,0,1,0,0,-1,-1,0,0,0,0,0,0,1,1,1,2,0,0,1,1,0,1,1,0,0,2,0,0,1,1,0,0,0,0,0,0,1,0,1,1,0,0,0,0,0,0,0,0,0,0,0,0,1,0,0,2,-1,1,0,0,2,-1,0,0,0,0,0,0,0,0,0,0,0,0,1,0,0,2,0,0,0,0,0,0,1,0,0,0,0,0,0,0,1,0,0,0,0,1,0,0,0,0,0,0,0,0,0,0,0,0,0,0,-2,0,1,0,0,-1,0,1,0,0,-1,0,0,0,0,0,0,0,0,0,1,0,0,1,0,0,1,3,0,0,0,1,1,0,0,0,0,0,0,3,0,0,1,0,0,0,0,0,0,0,0,0,1,0,-1,-2,0,0,0,-2,1,0,-1,0,0,0,0,0
2560,66,1,11,0,2,0,0,0,0,0,0,0,0,0,1,0,0,0,0,1,0,0,0,0,0,0,0,0,0,0,0,0,0,0,0,0,0,0,0,0,0,0,0,0,2,0,0,0,0,1,0,0,0,0,1,0,0,0,0,0,0,0,0,0,0,0,0,0,0,0,1,0,0,0,0,0,0,0,0,0,0,0,0,0,0,0,0,0,0,0,1,0,0,0,0,0,0,0,0,0,0,0,0,0,0,-1,0,0,0,0,0,0,0,0,0,-1,0,0,0,0,0,0,0,0,0,1,0,0,0,1,0,0,0,0,0,1,0,0,0,0,0,0,0,0,1,0,0,0,0,0,0,0,0,0,0,0,0,0,0,0,0,0,0,0,-1,1,0,0,0,-1,1,0,0,0,0,0,0,0,0,0,0,0,0,0,0,0,0,0,0,0,0,0,0,0,0,0,0,0,0,0,0,0,0,0,0,0,0,0,0,0,0,0,0,0,0,0,0,0,0,0,0,0,0,0,0,0,0,0,0,0,0
2560,66,2,09,1,0,0,0,0,1,2,2,1,0,1,0,0,0,0,0,0,0,0,0,1,1,1,1,0,0,1,1,0,0,0,0,0,0,0,0,0,0,0,0,0,-2,-2,-1,0,0,-1,-1,-1,0,0,-1,-1,0,0,0,0,0,0,0,2,0,1,1,0,2,1,2,1,1,1,0,1,1,0,1,0,0,0,0,1,0,1,1,0,1,1,1,0,1,0,0,0,0,0,0,0,0,0,0,0,-1,-1,0,-1,0,0,0,0,0,0,-1,-1,0,-1,0,0,0,0,0,1,0,1,0,0,1,1,0,1,1,1,0,1,0,0,0,0,0,0,0,0,0,0,1,1,1,1,0,0,0,0,0,0,0,0,0,0,0,0,0,0,-1,1,-1,-1,1,0,1,-1,-1,-1,-1,0,0,0,0,0,0,0,0,2,0,0,0,0,1,0,1,2,0,0,0,0,0,0,0,0,1,0,1,0,0,0,0,0,0,0,0,0,0,0,0,2,-1,0,-1,2,-1,0,-1,0,0,0,0,0,0,0,0
2560,66,2,11,0,0,0,0,0,0,0,0,0,0,0,0,0,0,0,0,0,0,0,0,0,0,0,0,0,0,0,0,0,0,0,0,0,0,0,0,0,0,0,0,0,0,0,0,0,0,0,0,0,0,0,0,0,0,0,0,0,0,0,0,0,0,0,0,0,0,0,0,1,0,0,0,0,0,0,0,0,0,0,0,0,0,0,0,0,0,0,0,0,0,0,0,0,0,0,0,0,0,1,0,0,0,0,-1,0,0,0,0,0,0,0,0,0,0,0,0,0,0,-1,0,0,0,2,0,0,0,0,1,0,1,0,0,0,0,0,0,0,1,0,0,0,0,0,0,0,0,0,1,0,0,0,0,1,0,0,0,0,0,0,1,0,0,1,0,-1,0,0,0,0,0,0,0,0,0,0,0,0,1,0,-1,0,0,0,0,0,2,0,1,0,0,0,0,0,0,0,0,0,1,0,0,0,1,0,1,0,0,0,0,0,0,0,0,0,-2,0,-1,0,-1,0,0,0,-1,0,-1,0,0,0,0
2560,67,1,09,1,1,0,0,1,0,0,0,1,1,0,1,0,0,0,0,0,0,0,1,0,0,0,0,1,0,0,0,1,0,1,0,0,0,0,0,0,0,0,0,1,1,0,-1,0,0,1,0,0,-1,0,0,0,-1,1,1,0,0,0,0,2,0,1,0,0,1,0,0,2,0,1,0,1,0,0,1,0,0,0,0,1,0,0,0,0,0,0,0,2,0,0,0,0,0,0,0,0,0,0,0,1,0,1,-2,0,0,0,1,0,0,1,0,0,-2,0,0,0,0,0,0,3,0,0,0,0,0,2,0,1,0,3,0,0,0,0,0,0,0,0,0,0,1,0,1,0,0,1,0,0,0,0,0,0,0,0,0,0,0,0,0,3,-2,0,-1,0,3,-1,0,-1,0,0,-1,0,0,0,0,0,0,0,0,1,0,1,0,0,1,0,1,0,0,0,0,1,0,1,0,0,1,0,0,0,0,0,1,0,0,0,0,0,0,0,0,1,-1,1,-1,0,-1,0,0,1,0,1,-1,0,0,0,0
2560,67,1,11,0,1,0,0,0,0,0,0,0,0,0,0,0,0,0,0,0,0,0,0,0,0,0,0,0,0,0,0,0,0,0,1,0,0,0,0,0,0,0,0,0,1,0,0,0,0,0,0,0,0,0,0,0,0,0,0,1,0,0,0,1,0,0,1,0,0,0,0,0,0,0,0,0,1,0,1,0,0,0,0,0,0,0,0,0,0,0,0,0,0,0,0,0,0,0,0,0,0,0,0,1,0,0,1,0,0,0,0,1,0,1,0,0,0,0,0,0,0,0,0,0,1,0,0,1,0,0,0,0,1,0,0,0,0,0,0,0,0,0,1,0,0,0,0,0,0,0,0,0,1,0,1,0,0,0,0,0,0,0,0,0,1,0,0,0,0,0,0,0,0,0,0,0,0,0,0,1,0,0,0,0,0,0,0,0,0,0,0,0,0,0,0,0,0,0,0,0,0,0,0,0,0,0,0,0,0,0,0,0,0,0,0,0,0,0,0,0,0,0,0,0,0,0,0,0,0,0,0
2560,67,2,09,2,1,0,0,0,0,2,1,0,0,2,1,0,0,0,0,0,0,0,0,0,1,0,0,0,0,1,1,0,0,0,0,0,0,0,0,0,0,0,0,2,-1,-1,0,0,2,0,0,0,0,0,-1,-1,0,0,0,0,0,0,0,2,1,0,1,1,1,0,1,2,0,1,1,0,0,1,1,0,0,0,0,1,0,1,0,0,0,0,0,2,0,0,0,0,1,0,0,0,0,0,0,1,1,-1,-1,1,0,1,-1,0,1,1,0,0,-2,0,0,0,0,1,0,1,2,0,0,0,0,1,1,0,0,1,2,0,0,0,0,0,0,0,0,0,1,1,0,0,0,0,0,0,0,0,0,0,0,0,0,0,0,0,0,1,1,-1,0,0,1,1,-1,0,0,0,0,0,0,0,0,0,0,0,0,2,0,2,0,0,0,1,2,1,0,1,0,1,0,1,0,0,0,1,2,0,0,0,0,0,0,0,0,0,0,0,0,2,0,1,-2,1,0,0,-2,1,0,1,0,0,0,0,0
2560,67,2,11,0,0,0,0,1,0,0,0,0,1,0,0,0,0,1,0,0,0,0,0,0,0,0,0,0,0,0,0,0,0,0,0,0,0,0,0,0,0,0,1,0,0,0,0,0,0,0,0,0,1,0,0,0,0,0,0,0,0,0,-1,0,0,0,0,0,0,0,0,0,0,0,0,0,0,0,0,0,0,0,0,0,0,0,0,0,0,0,0,0,0,0,0,0,0,0,0,0,0,0,0,0,0,0,0,0,0,0,0,0,0,0,0,0,0,0,0,0,0,0,0,0,0,0,0,0,0,0,0,0,0,0,0,0,0,0,0,0,0,0,0,0,0,0,0,0,0,0,0,0,0,0,0,0,0,0,0,0,0,0,0,0,0,0,0,0,0,0,0,0,0,0,0,0,0,0,0,0,0,0,0,0,0,0,0,1,0,0,0,0,0,0,0,0,0,0,0,1,0,0,0,0,0,0,0,0,0,0,0,0,0,0,0,-1,0,0,0,-1,0,0,0,0,0,0,0,0,0,0,0
2560,68,1,09,0,1,0,0,0,0,0,1,0,3,0,0,0,0,0,0,1,0,0,0,0,0,1,0,1,0,0,0,0,0,0,0,0,0,0,0,0,0,0,2,0,1,-1,0,-3,0,0,-1,0,-1,0,1,0,0,0,0,0,0,0,-2,0,0,0,0,0,1,0,1,0,0,0,0,0,0,0,0,0,0,0,0,1,0,0,0,0,0,0,1,0,0,0,0,0,0,0,0,0,0,0,0,-1,0,-1,0,0,-1,0,0,0,0,0,0,-1,0,0,0,0,0,0,0,0,0,0,0,2,2,1,1,0,0,0,0,0,0,2,0,0,0,0,0,2,0,0,0,0,0,0,0,0,0,0,0,0,0,0,0,1,1,0,0,-2,-1,-1,0,2,-2,0,0,0,2,0,0,0,0,0,0,-1,-1,0,0,3,1,1,0,1,0,1,1,1,1,0,0,2,0,1,0,1,0,1,1,0,0,0,0,0,0,0,0,0,0,0,0,2,1,0,-1,0,1,-1,-1,2,0,1,0,0,0,0,0
2560,68,1,11,0,0,0,0,0,0,0,1,1,0,0,0,0,0,0,0,0,0,0,0,0,0,0,0,0,0,0,1,1,0,0,0,0,0,0,0,0,0,0,0,0,0,-1,-1,0,0,0,0,0,0,0,0,-1,-1,0,0,0,0,0,0,0,0,0,0,0,0,0,0,0,1,0,0,0,0,0,0,0,0,0,0,0,0,0,0,0,0,0,0,0,1,0,0,0,0,0,0,0,0,0,0,0,0,0,0,-1,0,0,0,0,0,0,0,0,0,-1,0,0,0,0,0,0,0,0,0,0,0,0,0,0,0,0,0,0,0,0,0,0,0,0,0,0,0,0,0,0,0,0,0,0,0,0,0,0,0,0,0,0,0,0,0,0,0,0,0,0,0,0,0,0,0,0,0,0,0,0,0,0,0,0,0,0,0,0,0,1,0,0,0,0,0,0,0,0,0,0,0,0,0,0,0,1,0,0,0,0,0,0,0,0,0,0,0,-1,0,0,0,0,0,0,0,-1,0,0,0,0,0,0,0
2560,68,2,09,1,1,0,0,0,0,0,0,1,0,1,1,0,0,0,0,0,0,0,0,0,0,0,1,0,0,0,0,0,0,0,0,0,0,0,0,0,0,0,0,1,1,0,-1,0,1,1,0,-1,0,0,0,0,0,0,0,0,0,0,0,2,0,1,4,1,0,1,0,1,1,2,0,1,4,1,0,0,0,0,0,0,1,0,0,0,0,0,0,1,1,0,0,0,0,0,0,0,0,0,0,2,-1,1,3,0,2,-1,1,4,1,0,0,0,-1,-1,0,0,0,0,0,0,0,0,0,1,1,0,1,0,1,0,0,0,0,1,0,0,0,0,0,1,0,1,0,1,0,0,0,0,0,0,0,0,0,0,0,0,0,0,0,-1,0,-1,0,0,-1,0,-1,0,0,0,0,0,0,0,0,0,0,0,0,1,0,0,0,0,0,0,1,1,0,0,0,0,0,0,0,0,0,0,1,0,0,0,0,0,0,0,0,0,0,0,0,1,0,0,-1,1,0,0,-1,0,0,0,0,0,0,0,0
2560,68,2,11,0,0,0,0,0,0,0,0,0,0,0,0,0,0,0,0,0,0,0,0,0,0,0,0,0,0,0,0,0,0,0,0,0,0,0,0,0,0,0,0,0,0,0,0,0,0,0,0,0,0,0,0,0,0,0,0,0,0,0,0,0,0,0,0,0,0,0,0,0,0,0,0,0,0,0,0,0,0,0,0,0,0,0,0,0,0,0,0,0,0,0,0,0,0,0,0,0,0,0,0,0,0,0,0,0,0,0,0,0,0,0,0,0,0,0,0,0,0,0,0,0,0,0,0,1,0,0,0,0,0,0,0,0,0,1,0,0,0,0,0,0,0,0,0,0,0,0,0,0,0,0,0,0,0,0,0,0,0,0,0,0,0,0,0,1,0,0,0,0,1,0,0,0,0,0,0,0,0,0,0,3,0,0,1,2,0,0,1,0,0,0,0,3,0,0,1,0,0,0,0,2,0,0,1,0,0,0,0,0,0,0,0,1,0,0,0,0,0,0,0,1,0,0,0,0,0,0,0
2560,69,1,09,0,0,0,0,1,0,0,0,0,0,0,0,0,0,1,0,0,0,0,0,0,0,0,0,0,0,0,0,0,0,0,0,0,0,0,0,0,0,0,0,0,0,0,0,1,0,0,0,0,1,0,0,0,0,0,0,0,0,0,0,1,0,1,1,2,0,1,1,1,1,0,0,1,1,1,1,0,0,0,1,0,0,1,0,0,0,1,0,1,1,0,0,0,0,0,0,0,0,0,0,1,-1,0,0,1,0,0,0,1,1,1,-1,0,-1,0,0,0,0,0,0,1,0,0,1,0,1,0,0,2,0,0,0,0,1,0,1,0,0,0,0,0,0,0,1,0,1,0,0,1,0,0,0,0,0,0,0,0,0,0,0,0,0,0,-1,0,0,0,0,0,0,0,0,0,-1,0,0,0,0,0,0,1,0,0,0,0,2,1,0,1,0,0,0,0,0,0,0,0,2,1,0,0,0,0,0,0,0,0,0,0,0,0,0,1,-2,-1,0,1,-2,-1,0,0,0,0,0,0,0,0,0
2560,69,1,11,0,0,0,1,0,0,0,0,0,0,0,0,0,0,0,0,0,0,0,0,0,0,0,0,0,0,0,0,0,0,0,0,0,1,0,0,0,0,0,0,0,0,0,1,0,0,0,0,0,0,0,0,0,0,0,0,0,0,1,0,0,1,1,0,0,0,1,1,0,0,0,1,0,0,0,0,0,1,0,0,0,1,0,0,0,0,0,1,0,0,0,0,0,0,0,0,0,0,0,0,0,0,0,0,0,0,0,0,0,0,0,0,0,0,0,0,0,0,0,0,0,0,0,0,0,0,0,0,0,0,0,0,0,0,0,0,0,0,0,0,0,0,0,0,0,0,0,0,0,0,0,0,0,0,0,0,0,0,0,0,0,0,0,0,0,0,0,0,0,0,0,0,0,0,0,0,0,0,0,0,0,1,0,0,0,0,0,0,0,0,0,0,0,1,0,0,0,0,0,0,0,0,0,0,0,0,0,0,0,0,0,0,0,1,0,0,0,0,0,0,0,1,0,0,0,0,0,0
2560,69,2,09,2,1,1,0,1,0,0,0,0,1,2,0,1,0,0,0,1,0,0,1,0,0,0,0,0,0,0,0,0,0,0,0,0,0,0,0,0,0,0,1,2,1,1,0,0,2,0,1,0,0,0,1,0,0,1,0,0,0,0,-1,1,0,0,0,0,2,0,0,0,1,0,0,0,0,0,1,0,0,0,0,2,0,0,0,1,0,0,0,0,0,0,0,0,0,0,0,0,0,0,0,-1,0,0,0,-1,-2,0,0,0,-1,1,0,0,0,0,0,0,0,0,0,0,0,0,1,0,0,1,0,1,0,0,0,0,1,0,0,0,0,0,0,0,1,0,1,0,0,0,0,0,0,0,0,0,0,0,0,0,0,0,0,0,-1,0,0,0,0,-1,0,0,0,0,0,0,0,0,0,0,0,0,0,0,0,1,0,0,0,0,0,0,0,1,0,0,0,0,0,0,0,0,0,0,0,0,0,0,0,0,0,0,0,0,0,0,0,1,0,0,0,1,0,0,0,0,0,0,0,0,0
2560,69,2,11,0,0,0,0,0,0,0,0,0,0,0,0,0,0,0,0,0,0,0,0,0,0,0,0,0,0,0,0,0,0,0,0,0,0,0,0,0,0,0,0,0,0,0,0,0,0,0,0,0,0,0,0,0,0,0,0,0,0,0,0,0,0,0,0,0,0,0,0,0,1,0,0,0,0,0,0,0,0,0,0,0,0,0,0,0,0,0,0,0,0,0,0,0,0,0,0,0,0,0,1,0,0,0,0,-1,0,0,0,0,0,0,0,0,0,0,0,0,0,0,-1,0,0,0,0,0,0,0,1,0,0,0,0,0,0,0,0,0,0,0,0,0,0,0,0,0,0,0,1,0,0,0,0,0,0,0,0,0,0,0,0,0,0,-1,0,0,0,0,0,0,0,0,0,-1,0,0,0,0,0,0,0,0,0,2,0,0,0,0,0,0,0,0,0,0,0,1,0,0,0,0,0,0,0,0,0,0,0,1,0,0,0,0,0,0,0,2,0,0,0,0,0,0,0,1,0,0,0,1,0
2560,70,1,09,0,2,0,1,0,1,3,2,0,0,0,2,0,0,0,0,0,0,0,0,0,2,2,0,0,1,1,0,0,0,0,0,0,1,0,0,0,0,0,0,-1,-1,-2,1,0,0,0,-2,0,0,-1,-1,0,0,0,0,0,0,1,0,0,0,0,0,0,0,1,0,1,1,0,0,0,0,0,0,0,0,0,0,0,1,0,1,1,0,0,0,0,0,0,0,0,0,0,0,0,0,0,0,0,-1,0,-1,-1,0,-1,0,-1,-1,0,0,0,0,0,0,0,0,0,0,0,2,0,0,0,0,0,0,0,1,0,1,0,0,0,0,1,0,0,0,0,0,0,0,1,0,0,0,0,0,0,0,0,0,0,0,0,0,0,0,0,2,0,0,-1,0,1,0,0,-1,0,1,0,0,0,0,0,0,0,0,1,0,3,1,1,1,1,1,1,0,1,0,0,0,1,1,0,1,0,1,0,0,1,0,0,0,1,0,1,0,0,0,0,-1,2,0,1,-1,1,-1,0,0,0,1,-1,0,1,0
2560,70,1,11,0,0,0,0,0,0,0,0,0,1,0,0,0,0,0,0,0,0,0,0,0,0,0,0,1,0,0,0,0,0,0,0,0,0,0,0,0,0,0,0,0,0,0,0,-1,0,0,0,0,-1,0,0,0,0,0,0,0,0,0,0,1,0,0,0,0,1,0,1,0,0,0,0,0,0,0,0,0,0,0,0,0,0,0,0,0,1,0,1,0,0,1,0,0,0,0,0,0,0,0,0,0,0,-1,0,0,0,0,0,0,0,-1,0,-1,0,0,1,0,0,0,0,0,0,0,0,0,0,0,0,0,0,0,0,0,0,0,0,0,0,0,0,0,0,0,0,0,0,0,0,0,0,0,0,0,0,0,0,0,0,0,0,0,0,0,0,0,0,0,0,0,0,0,0,0,0,0,0,0,0,0,0,0,1,0,0,0,0,0,0,0,0,0,0,0,0,0,0,0,0,0,0,0,0,0,0,0,1,0,0,0,0,0,0,0,1,0,0,0,0,0,0,0,0,0,0,0,1,0,0
2560,70,2,09,0,0,1,0,0,0,0,1,2,0,0,0,0,0,0,0,0,1,0,0,0,0,1,2,0,0,0,0,0,0,0,0,0,0,0,0,0,0,0,0,0,0,0,-2,0,0,0,-1,-2,0,0,0,1,0,0,0,0,0,0,0,0,0,0,0,2,0,1,0,0,0,0,0,0,0,0,0,0,0,0,2,0,1,0,0,0,0,0,0,0,0,0,0,0,0,0,0,0,0,0,0,0,-1,0,0,2,0,-1,0,0,0,0,0,0,0,2,0,0,0,0,0,0,0,0,0,2,1,1,1,1,1,0,0,0,0,1,0,0,0,0,1,1,1,1,1,1,0,0,0,0,0,0,0,0,0,0,0,0,0,0,0,-1,-1,-1,-1,1,-1,-1,-1,-1,0,0,0,0,0,1,0,0,0,0,0,0,0,2,1,3,0,2,0,0,0,0,0,0,0,1,1,2,0,2,0,1,0,0,0,0,0,1,0,0,0,0,0,-3,0,0,1,-2,0,-2,0,-1,0,1,1,0,0,1,0
2560,70,2,11,0,0,0,0,0,0,0,0,0,0,0,0,0,0,0,0,0,0,0,0,0,0,0,0,0,0,0,0,0,0,0,0,0,0,0,0,0,0,0,0,0,0,0,0,0,0,0,0,0,0,0,0,0,0,0,0,0,0,0,0,0,0,0,0,0,0,0,1,0,0,0,0,0,0,0,0,0,0,0,0,0,0,1,0,0,0,0,0,0,0,0,0,0,0,0,0,0,0,0,0,0,0,-1,0,0,0,0,-1,0,0,0,0,0,0,0,0,0,0,0,0,0,0,0,0,0,0,0,0,0,0,0,0,0,0,0,0,0,0,0,0,0,0,0,0,0,0,0,0,0,0,0,0,0,0,0,0,0,0,0,0,0,0,0,0,0,0,0,0,0,0,0,0,0,0,0,0,0,0,0,0,0,0,0,0,0,1,0,0,0,0,0,0,0,0,0,0,0,1,0,0,0,0,0,0,0,0,0,0,0,0,0,0,0,-1,0,0,0,-1,0,0,0,0,0,0,0,0,0,0
2560,71,1,09,1,0,1,0,0,0,0,0,1,0,1,0,0,0,0,0,0,1,0,0,0,0,0,0,0,0,0,0,1,0,0,0,0,0,0,0,0,0,0,0,1,0,1,-1,0,1,0,0,0,0,0,0,1,-1,0,0,0,0,0,0,0,0,1,0,0,2,0,0,0,0,0,0,1,0,0,0,0,0,0,0,2,0,0,0,0,0,0,0,0,0,0,0,0,0,0,0,0,0,0,0,-2,0,1,0,0,-2,0,1,0,0,0,0,0,0,0,0,0,0,0,0,0,1,0,0,0,1,2,0,0,0,0,0,0,0,0,0,1,0,0,0,1,2,0,0,0,0,0,0,0,0,0,0,0,0,0,0,0,0,0,0,-1,-1,0,0,0,-1,-2,0,0,0,0,1,0,0,0,0,0,0,0,0,0,1,0,1,1,1,0,1,0,1,0,0,0,0,0,1,1,1,0,1,0,0,0,0,0,0,0,0,0,0,0,0,-1,0,0,0,-1,0,0,-1,0,0,0,1,0,0,0,0
2560,71,1,11,0,0,0,0,0,0,0,0,0,0,0,0,0,0,0,0,0,0,0,0,0,0,0,0,0,0,0,0,0,0,0,0,0,0,0,0,0,0,0,0,0,0,0,0,0,0,0,0,0,0,0,0,0,0,0,0,0,0,0,0,0,0,0,0,0,0,0,0,0,0,0,0,0,0,0,0,0,0,0,0,0,0,0,0,0,0,0,0,0,0,0,0,0,0,0,0,0,0,0,0,0,0,0,0,0,0,0,0,0,0,0,0,0,0,0,0,0,0,0,0,0,0,0,0,0,0,0,0,0,0,0,0,0,0,0,0,0,0,0,0,0,0,0,0,0,0,0,0,0,0,0,0,0,0,0,0,0,0,0,0,0,0,0,0,0,0,0,0,0,0,0,0,0,0,0,0,0,0,0,0,0,0,1,0,0,0,0,1,0,0,1,0,0,0,0,0,0,0,0,0,0,0,0,1,0,0,0,0,0,0,0,0,0,0,1,-1,0,0,1,0,0,0,0,-1,0,0,0,0
2560,71,2,09,0,0,0,0,0,0,0,0,1,0,0,0,0,0,0,0,0,0,0,0,0,0,0,1,0,0,0,0,0,0,0,0,0,0,0,0,0,0,0,0,0,0,0,-1,0,0,0,0,-1,0,0,0,0,0,0,0,0,0,0,0,0,1,0,0,1,1,1,1,0,2,0,1,0,0,1,0,0,0,0,0,0,0,1,0,2,1,1,0,0,0,0,0,0,0,0,0,0,0,0,0,-1,0,-1,0,-1,0,1,-1,0,-1,-1,-1,0,0,0,0,0,0,0,0,0,0,1,0,1,3,0,0,0,0,0,0,0,0,0,0,0,1,0,1,3,0,0,0,0,0,0,0,0,0,0,0,0,0,0,0,0,0,0,0,-3,0,1,0,1,-3,0,0,0,0,0,0,1,0,1,0,0,0,0,0,0,0,1,0,2,0,0,1,0,0,1,0,0,0,0,0,1,0,0,1,1,0,0,0,0,0,0,0,0,0,0,0,-2,0,1,-1,-1,0,1,-1,-1,0,0,0,0,0,0,0
2560,71,2,11,0,0,0,0,0,0,0,0,0,0,0,0,0,0,0,0,0,0,0,0,0,0,0,0,0,0,0,0,0,0,0,0,0,0,0,0,0,0,0,0,0,0,0,0,0,0,0,0,0,0,0,0,0,0,0,0,0,0,0,0,0,0,0,0,0,0,0,0,0,0,0,0,0,0,0,0,0,0,0,0,0,0,0,0,0,0,0,0,0,0,0,0,0,0,0,0,0,0,0,0,0,0,0,0,0,0,0,0,0,0,0,0,0,0,0,0,0,0,0,0,0,0,0,0,0,0,0,0,0,0,0,0,0,0,0,0,0,0,0,0,0,0,0,0,0,0,0,0,0,0,0,0,0,0,0,0,0,0,0,0,0,0,0,0,0,0,0,0,0,0,0,0,0,0,0,0,0,0,0,0,0,0,0,0,0,0,0,0,0,0,0,0,0,0,0,0,0,0,0,0,0,0,0,0,0,0,0,0,0,0,0,0,0,0,0,0,0,0,0,0,0,0,0,0,0,0,0,0
2560,72,1,09,1,1,1,0,0,0,0,0,0,0,1,1,1,0,0,0,0,0,0,0,0,0,0,0,0,0,0,0,0,0,0,0,0,0,0,0,0,0,0,0,1,1,1,0,0,1,1,1,0,0,0,0,0,0,0,0,0,0,0,0,1,1,0,0,0,0,0,2,1,2,1,0,0,0,0,0,1,0,0,0,0,0,2,1,1,0,0,0,0,1,0,0,0,0,0,0,0,0,0,0,1,1,-2,-1,-2,1,0,-2,-1,-1,0,1,0,0,-1,0,0,0,0,0,0,2,0,1,0,0,1,1,1,0,0,2,0,1,0,0,0,0,0,0,0,0,1,1,0,0,1,0,0,0,0,0,0,0,0,0,0,0,0,0,0,1,-1,0,0,0,2,-1,0,0,0,-1,0,0,0,0,0,0,0,0,0,3,1,1,1,1,0,0,0,2,1,1,0,1,0,0,0,0,0,0,1,1,0,0,0,0,0,0,0,0,0,0,-1,2,1,1,0,2,1,1,-1,0,0,0,0,0,0,0
2560,72,1,11,0,0,0,0,0,0,0,0,0,0,0,0,0,0,0,0,0,0,0,0,0,0,0,0,0,0,0,0,0,0,0,0,0,0,0,0,0,0,0,0,0,0,0,0,0,0,0,0,0,0,0,0,0,0,0,0,0,0,0,0,1,0,0,0,0,0,0,0,0,0,0,0,0,0,0,1,0,0,0,0,0,0,0,0,0,0,0,0,0,0,0,0,0,0,0,0,0,0,0,0,1,0,0,0,0,0,0,0,0,0,1,0,0,0,0,0,0,0,0,0,0,0,0,0,0,0,0,0,0,0,0,0,0,0,0,0,0,0,0,0,0,0,0,0,0,0,0,0,0,0,0,0,0,0,0,0,0,0,0,0,0,0,0,0,0,0,0,0,0,0,0,0,0,0,0,0,0,0,0,0,0,0,0,0,0,0,0,0,0,0,0,0,0,0,0,0,0,0,0,0,0,0,0,0,0,0,0,0,0,0,0,0,0,0,0,0,0,0,0,0,0,0,0,0,0,0,0,0
2560,72,2,09,0,1,1,0,0,0,0,1,1,2,0,0,1,0,0,0,1,0,0,0,0,0,1,1,2,0,0,0,0,0,0,0,0,0,0,0,0,0,0,0,0,1,0,-1,-2,0,0,0,-1,-2,0,1,0,0,0,0,0,0,0,0,1,0,1,0,3,0,0,4,0,0,1,0,0,0,2,0,0,1,0,1,0,0,2,0,0,0,0,2,0,0,0,0,0,0,0,0,0,0,0,0,1,0,-3,0,3,1,0,-2,0,2,0,0,-1,0,1,0,0,0,0,0,1,1,0,0,1,0,1,1,1,0,0,1,0,0,1,1,0,0,0,0,0,1,1,1,0,0,0,0,0,0,0,0,0,0,0,0,0,0,0,0,1,0,-1,-1,1,0,0,-1,-1,1,1,0,0,0,0,0,0,0,0,0,1,1,0,0,1,0,1,0,0,1,0,0,1,0,0,0,0,0,1,0,1,0,0,0,0,0,0,0,0,0,0,0,0,1,-1,0,0,1,-1,0,0,0,0,0,0,0,0,0
2560,72,2,11,0,0,0,0,0,0,0,0,0,0,0,0,0,0,0,0,0,0,0,0,0,0,0,0,0,0,0,0,0,0,0,0,0,0,0,0,0,0,0,0,0,0,0,0,0,0,0,0,0,0,0,0,0,0,0,0,0,0,0,0,0,0,0,0,0,0,0,0,0,0,0,0,0,0,0,0,0,0,0,0,0,0,0,0,0,0,0,0,0,0,0,0,0,0,0,0,0,0,0,0,0,0,0,0,0,0,0,0,0,0,0,0,0,0,0,0,0,0,0,0,0,0,1,0,0,0,0,0,0,0,0,0,0,0,0,0,0,1,0,0,0,0,0,0,0,0,0,0,0,0,0,0,0,0,0,0,0,0,0,0,0,0,1,0,0,0,0,0,0,0,0,0,1,0,0,0,0,0,0,0,1,0,0,0,0,0,0,0,0,0,0,0,1,0,0,0,0,0,0,0,0,0,0,0,0,0,0,0,0,0,0,0,1,0,0,0,0,0,0,0,1,0,0,0,0,0,0,0
2560,73,1,09,1,0,2,0,0,2,1,2,0,0,1,0,2,0,0,0,0,0,0,0,2,1,1,0,0,0,0,1,0,0,0,0,0,0,0,0,0,0,0,0,-1,-1,0,0,0,-1,-1,1,0,0,0,0,-1,0,0,0,0,0,0,0,1,0,0,0,1,1,0,1,0,0,1,0,0,0,1,0,0,0,0,0,1,0,1,0,0,0,0,0,0,0,0,0,0,0,0,0,0,0,0,0,0,0,-1,0,1,0,0,-1,0,1,0,0,0,0,0,0,0,0,0,0,0,0,0,1,0,2,0,1,2,1,0,0,0,1,0,0,0,0,0,0,2,0,1,1,1,0,0,0,0,0,0,0,0,0,0,0,0,0,1,0,-2,0,-1,-1,-1,-2,0,-1,0,-1,0,0,0,0,0,0,0,0,-1,0,0,0,0,1,1,0,0,0,0,0,0,1,0,0,0,0,1,0,0,0,0,0,0,0,0,0,0,0,0,0,0,0,-1,0,0,1,-1,0,0,1,0,0,0,0,0,0,0,0
2560,73,1,11,0,0,0,0,0,0,0,0,0,0,0,0,0,0,0,0,0,0,0,0,0,0,0,0,0,0,0,0,0,0,0,0,0,0,0,0,0,0,0,0,0,0,0,0,0,0,0,0,0,0,0,0,0,0,0,0,0,0,0,0,1,0,0,0,0,0,0,0,0,0,0,0,0,0,0,1,0,0,0,0,0,0,0,0,0,0,0,0,0,0,0,0,0,0,0,0,0,0,0,0,1,0,0,0,0,0,0,0,0,0,1,0,0,0,0,0,0,0,0,0,0,0,1,0,0,1,0,0,0,1,0,0,0,0,0,0,0,1,0,0,1,0,0,0,0,0,0,0,0,1,0,0,0,0,0,0,0,0,0,0,-1,0,1,0,-1,-1,0,0,0,0,0,0,1,0,-1,0,0,0,0,0,0,0,0,0,0,0,0,0,0,0,0,0,0,0,0,0,0,0,0,0,0,0,0,0,0,0,0,0,0,0,0,0,0,0,0,0,0,0,0,0,0,0,0,0,0,0,0,0
2560,73,2,09,0,1,0,2,0,0,0,1,0,0,0,1,0,1,0,0,0,0,1,0,0,0,1,0,0,0,0,0,0,0,0,0,0,0,0,0,0,0,0,0,0,1,-1,2,0,0,1,-1,1,0,0,0,0,1,0,0,0,0,0,0,2,1,0,0,1,1,1,0,0,0,2,1,0,0,1,0,0,0,0,0,0,1,0,0,0,1,0,0,0,0,0,0,0,0,0,0,0,0,0,0,1,0,0,0,1,2,0,0,0,1,-1,0,0,0,0,0,0,0,0,0,0,1,0,3,0,1,0,1,1,0,0,1,0,3,0,0,0,0,0,0,0,0,1,1,0,1,0,0,0,0,0,0,0,0,0,0,0,0,0,0,-1,1,-1,2,0,0,1,-1,2,0,-1,0,0,0,0,0,0,0,0,0,0,3,0,0,0,1,0,0,0,3,0,0,0,0,0,0,0,1,0,0,0,0,0,0,0,0,0,0,0,0,0,0,0,2,0,0,0,2,0,0,0,0,0,0,0,0,0,0
2560,73,2,11,0,0,0,0,0,0,0,0,0,0,0,0,0,0,0,0,0,0,0,0,0,0,0,0,0,0,0,0,0,0,0,0,0,0,0,0,0,0,0,0,0,0,0,0,0,0,0,0,0,0,0,0,0,0,0,0,0,0,0,0,0,0,0,0,0,0,0,0,0,0,0,0,0,0,0,0,0,0,0,0,0,0,0,0,0,0,0,0,0,0,0,0,0,0,0,0,0,0,0,0,0,0,0,0,0,0,0,0,0,0,0,0,0,0,0,0,0,0,0,0,0,0,0,0,0,0,0,0,0,0,0,0,0,0,0,0,0,0,0,0,0,0,0,0,0,0,0,0,0,0,0,0,0,0,0,0,0,0,0,0,0,0,0,0,0,0,0,0,0,0,0,0,0,0,0,0,0,0,0,0,0,0,0,0,0,0,0,0,0,0,0,0,0,0,0,0,0,0,0,0,0,0,0,0,0,0,0,0,0,0,0,0,0,0,0,0,0,0,0,0,0,0,0,0,0,0,0,0
2560,74,1,09,0,1,0,0,0,0,1,0,1,0,0,1,0,0,0,0,0,0,0,0,0,1,0,1,0,0,0,0,0,0,0,0,0,0,0,0,0,0,0,0,0,0,0,-1,0,0,0,0,-1,0,0,0,0,0,0,0,0,0,0,0,0,0,1,1,0,0,0,0,1,1,0,0,1,1,0,0,0,0,0,0,0,0,0,0,1,0,0,0,1,0,0,0,0,0,0,0,0,0,0,0,0,0,1,0,-1,0,0,1,1,-1,0,0,0,-1,0,0,0,0,0,0,1,1,0,0,0,0,0,0,0,0,1,1,0,0,0,0,0,0,0,0,0,0,0,0,0,0,0,0,0,0,0,0,0,0,0,0,0,0,0,0,1,1,0,0,0,1,1,0,0,0,0,0,0,0,0,0,0,0,0,0,0,0,0,0,1,1,1,0,0,0,0,0,0,0,0,0,0,1,1,0,1,0,0,0,0,0,0,0,0,0,0,0,-1,-1,-1,0,0,-1,-1,0,-1,0,0,0,0,0,0,0
2560,74,1,11,0,0,0,0,0,0,0,0,0,0,0,0,0,0,0,0,0,0,0,0,0,0,0,0,0,0,0,0,0,0,0,0,0,0,0,0,0,0,0,0,0,0,0,0,0,0,0,0,0,0,0,0,0,0,0,0,0,0,0,0,0,0,0,0,0,0,0,0,0,0,0,0,0,0,0,0,0,0,0,0,0,0,0,0,0,0,0,0,0,0,0,0,0,0,0,0,0,0,0,0,0,0,0,0,0,0,0,0,0,0,0,0,0,0,0,0,0,0,0,0,0,0,1,0,0,0,0,0,0,0,0,0,0,0,0,0,0,1,0,0,0,0,0,0,0,0,0,0,0,0,0,0,0,0,0,0,0,0,0,0,0,0,1,0,0,0,0,0,0,0,0,0,1,0,0,0,0,0,0,0,0,0,0,0,0,0,0,0,0,0,0,0,0,0,0,0,0,0,0,0,0,0,0,0,0,0,0,0,0,0,0,0,0,0,0,0,0,0,0,0,0,0,0,0,0,0,0,0
2560,74,2,09,0,0,0,0,0,1,0,2,0,0,0,0,0,0,0,0,0,0,0,0,0,0,1,0,0,1,0,1,0,0,0,0,0,0,0,0,0,0,0,0,-1,0,-2,0,0,0,0,-1,0,0,-1,0,-1,0,0,0,0,0,0,0,0,0,1,0,1,0,1,1,0,0,0,0,1,0,1,0,0,0,0,0,0,0,0,0,0,0,1,1,0,0,0,0,0,0,0,0,0,0,0,0,0,-1,0,0,1,0,0,1,0,1,0,-1,-1,0,0,0,0,0,0,0,1,0,1,1,0,0,1,1,1,0,1,0,1,1,0,0,0,0,0,0,0,0,0,0,0,0,1,1,1,0,0,0,0,0,0,0,0,0,0,0,1,-1,0,0,0,1,0,1,1,0,0,-1,-1,-1,0,0,0,0,0,0,0,1,0,0,1,1,0,1,0,1,0,0,0,0,0,0,0,1,0,1,1,0,0,0,0,0,0,0,0,0,0,0,-1,0,0,-1,0,0,0,-1,-1,0,0,0,0,0,0,0
2560,74,2,11,0,1,0,0,0,0,1,0,0,0,0,1,0,0,0,0,0,0,0,0,0,1,0,0,0,0,0,0,0,0,0,0,0,0,0,0,0,0,0,0,0,0,0,0,0,0,0,0,0,0,0,0,0,0,0,0,0,0,0,0,0,0,0,0,0,0,0,0,0,1,0,0,0,0,0,0,0,0,0,0,0,0,0,0,1,0,0,0,0,0,0,0,0,0,0,0,0,0,0,0,0,0,0,0,-1,0,0,0,0,-1,0,0,0,0,0,0,0,0,0,0,0,0,0,0,0,0,0,0,0,0,0,0,0,0,0,0,0,0,0,0,0,0,0,0,0,0,0,0,0,0,0,0,0,0,0,0,0,0,0,0,0,0,0,0,0,0,0,0,0,0,0,0,0,0,0,0,0,0,0,0,0,0,0,0,0,0,0,0,0,0,0,0,0,0,0,0,0,0,0,0,0,0,0,0,0,0,0,0,0,0,0,0,0,0,0,0,0,0,0,0,0,0,0,0,0,0,0,0
2560,75,1,09,2,0,1,0,0,0,0,0,1,0,2,0,0,0,0,0,0,1,0,0,0,0,0,1,0,0,0,0,0,0,0,0,0,0,0,0,0,0,0,0,2,0,1,-1,0,2,0,0,-1,0,0,0,1,0,0,0,0,0,0,0,0,0,0,0,0,1,1,0,0,0,0,0,0,0,0,0,0,0,0,0,0,1,0,0,0,1,0,0,0,0,0,0,0,0,0,0,0,0,0,0,-1,-1,0,0,0,0,-1,0,0,0,-1,0,0,0,0,0,0,0,0,0,0,1,1,0,0,1,1,1,1,0,0,1,0,0,0,0,0,1,0,0,0,1,1,1,0,1,0,0,0,0,0,0,0,0,0,0,0,0,0,0,-1,0,0,-1,0,0,0,-1,-1,0,-1,0,1,0,0,0,0,0,0,0,0,0,2,3,0,1,0,1,0,0,1,2,0,0,1,1,0,1,0,1,0,0,0,0,0,0,0,0,0,0,0,0,0,-1,2,2,0,-1,1,1,0,0,1,1,0,0,0,0
2560,75,1,11,0,0,0,0,0,0,1,0,0,0,0,0,0,0,0,0,0,0,0,0,0,0,0,0,0,0,1,0,0,0,0,0,0,0,0,0,0,0,0,0,0,-1,0,0,0,0,0,0,0,0,0,-1,0,0,0,0,0,0,0,0,0,0,0,0,0,0,0,0,0,0,0,0,0,0,0,0,0,0,0,0,0,0,0,0,0,0,0,0,0,0,0,0,0,0,0,0,0,0,0,0,0,0,0,0,0,0,0,0,0,0,0,0,0,0,0,0,0,0,0,0,0,0,0,0,0,0,1,0,0,0,0,0,0,0,0,0,0,0,0,0,0,1,0,0,0,0,0,0,0,0,0,0,0,0,0,0,0,0,0,0,0,-1,0,0,0,0,-1,0,0,0,0,0,0,0,0,0,0,0,0,0,0,0,0,0,0,0,0,0,0,0,0,0,0,0,0,0,0,0,0,0,0,0,0,0,0,0,0,0,0,0,0,0,0,0,0,0,0,0,0,0,0,0,0,0,0,0,0,0
2560,75,2,09,1,1,0,1,1,0,0,0,0,0,0,0,0,0,1,1,1,0,1,0,0,0,0,0,0,0,0,0,0,0,0,0,0,0,0,0,0,0,0,0,1,1,0,1,1,0,0,0,0,1,1,1,0,1,0,0,0,0,0,0,0,1,3,0,0,3,0,1,1,0,0,0,2,0,0,0,0,1,0,0,2,0,1,1,0,1,0,0,0,0,0,1,0,0,0,0,0,0,0,0,-3,1,2,-1,0,-2,0,1,-1,0,-1,0,1,0,0,0,1,0,0,0,1,0,0,0,1,1,0,0,0,1,0,0,0,0,1,1,0,0,0,0,0,0,0,0,1,1,0,0,0,0,0,0,0,0,0,0,0,0,0,0,0,0,0,0,0,0,0,0,0,0,0,0,0,0,0,0,0,0,0,0,0,1,0,0,0,0,1,0,0,1,0,0,0,0,0,0,0,0,1,0,0,0,0,0,0,0,0,0,0,0,0,0,0,1,-1,0,0,1,-1,0,0,0,0,0,0,0,0,0
2560,75,2,11,0,0,0,0,0,0,0,1,0,0,0,0,0,0,0,0,0,0,0,0,0,0,1,0,0,0,0,0,0,0,0,0,0,0,0,0,0,0,0,0,0,0,-1,0,0,0,0,-1,0,0,0,0,0,0,0,0,0,0,0,0,0,0,0,0,0,0,0,0,0,0,0,0,0,0,0,0,0,0,0,0,0,0,0,0,0,0,0,0,0,0,0,0,0,0,0,0,0,0,0,0,0,0,0,0,0,0,0,0,0,0,0,0,0,0,0,0,0,0,0,0,0,0,0,0,0,0,0,0,0,0,0,0,0,0,0,0,0,0,0,0,0,0,0,0,0,0,0,0,0,0,0,0,0,0,0,0,0,0,0,0,0,0,0,0,0,0,0,0,0,0,0,0,0,0,0,0,0,0,0,0,0,0,0,0,0,0,0,0,0,0,0,0,0,0,0,0,0,0,0,0,0,0,0,0,0,0,0,0,0,0,0,0,0,0,0,0,0,0,0,0,0,0,0,0,0,0,0,0
2560,76,1,09,0,1,0,0,0,0,1,1,1,0,0,1,0,0,0,0,0,0,0,0,0,0,0,1,0,0,1,1,0,0,0,0,0,0,0,0,0,0,0,0,0,0,-1,-1,0,0,1,0,-1,0,0,-1,-1,0,0,0,0,0,0,0,1,0,0,2,0,2,0,0,0,0,1,0,0,2,0,0,0,0,0,0,0,0,0,0,0,2,0,0,0,0,0,0,0,0,0,0,0,0,0,0,-1,0,0,2,0,1,0,0,2,0,-2,0,0,0,0,0,0,0,0,0,0,0,0,1,1,1,1,3,1,0,0,0,0,1,0,0,0,0,0,1,1,1,3,1,0,0,0,0,0,0,0,0,0,0,0,0,0,0,0,0,-1,-1,-3,0,1,-1,-1,-3,0,0,0,0,0,0,1,0,0,0,0,0,0,0,1,1,0,0,0,0,0,0,0,1,0,0,1,0,0,0,0,0,0,0,0,0,0,0,0,0,0,0,0,0,0,0,1,1,0,0,0,1,0,0,1,0,0,0,0,0
2560,76,1,11,0,0,0,0,0,0,0,0,0,0,0,0,0,0,0,0,0,0,0,0,0,0,0,0,0,0,0,0,0,0,0,0,0,0,0,0,0,0,0,0,0,0,0,0,0,0,0,0,0,0,0,0,0,0,0,0,0,0,0,0,0,0,0,0,0,0,0,0,0,0,0,0,0,0,0,0,0,0,0,0,0,0,0,0,0,0,0,0,0,0,0,0,0,0,0,0,0,0,0,0,0,0,0,0,0,0,0,0,0,0,0,0,0,0,0,0,0,0,0,0,0,0,0,0,0,0,0,0,0,0,0,0,0,0,0,0,0,0,0,0,0,0,0,0,0,0,0,0,0,0,0,0,0,0,0,0,0,0,0,0,0,0,0,0,0,0,0,0,0,0,0,0,0,0,0,0,0,0,0,0,0,0,0,0,0,1,0,0,0,0,0,0,0,0,0,0,0,1,0,0,0,0,0,0,0,0,0,0,0,0,0,0,0,-1,0,0,0,-1,0,0,0,0,0,0,0,0,0,0
2560,76,2,09,0,1,1,1,0,1,0,0,0,0,0,1,1,0,0,0,0,0,1,0,1,0,0,0,0,0,0,0,0,0,0,0,0,0,0,0,0,0,0,0,-1,1,1,1,0,-1,1,1,0,0,0,0,0,1,0,0,0,0,0,0,1,2,0,0,0,1,1,1,0,0,1,2,0,0,0,0,0,0,0,0,0,1,1,0,0,1,0,0,0,0,0,0,0,0,0,0,0,0,0,0,0,1,-1,0,0,1,1,-1,0,0,-1,0,0,0,0,0,0,0,0,0,0,0,0,1,1,0,0,2,2,0,0,0,0,1,1,0,0,0,0,0,0,0,1,1,0,0,0,1,1,0,0,0,0,0,0,0,0,0,0,0,0,0,-2,-1,1,0,0,-1,0,1,0,0,-1,-1,0,0,0,0,0,0,1,0,1,0,0,1,2,1,1,0,1,0,0,0,0,0,0,1,1,1,0,0,1,0,0,0,0,0,0,0,0,0,1,-1,-1,-1,1,-1,0,-1,0,0,-1,0,0,0,0,0
2560,76,2,11,0,0,0,0,0,0,0,0,0,0,0,0,0,0,0,0,0,0,0,0,0,0,0,0,0,0,0,0,0,0,0,0,0,0,0,0,0,0,0,0,0,0,0,0,0,0,0,0,0,0,0,0,0,0,0,0,0,0,0,0,0,0,0,0,0,0,0,0,0,0,0,0,0,0,0,0,0,0,0,0,0,0,0,0,0,0,0,0,0,0,0,0,0,0,0,0,0,0,0,0,0,0,0,0,0,0,0,0,0,0,0,0,0,0,0,0,0,0,0,0,0,0,1,0,0,0,0,1,0,0,0,0,0,0,0,0,0,0,0,0,0,0,1,0,0,0,0,0,0,0,0,0,1,0,0,0,0,0,0,0,0,0,0,0,0,0,0,-1,0,0,0,0,0,0,0,0,0,1,0,0,0,0,0,0,0,0,0,0,0,0,0,0,0,0,0,0,0,0,0,0,0,0,0,0,0,0,0,0,0,0,0,0,0,0,0,0,0,0,0,0,0,0,0,0,0,0,0,0
2560,77,1,09,1,1,1,2,1,0,0,0,2,1,1,1,0,1,1,0,0,1,1,0,0,0,0,2,1,0,0,0,0,0,0,0,0,0,0,0,0,0,0,0,1,1,1,0,0,1,1,0,-1,0,0,0,1,1,0,0,0,0,0,0,1,2,0,0,1,0,1,0,0,0,1,2,0,0,0,0,0,0,0,1,0,1,0,0,0,0,0,0,0,0,0,0,0,0,0,0,0,0,0,0,1,1,0,0,1,1,1,0,0,0,0,0,0,0,1,0,0,0,0,0,0,1,0,0,0,0,0,1,1,0,0,1,0,0,0,0,0,0,0,0,0,0,0,1,0,0,0,1,0,0,0,0,0,0,0,0,0,0,0,0,0,1,-1,-1,0,0,1,0,-1,0,0,0,-1,0,0,0,0,0,0,0,0,1,1,1,1,0,0,0,0,1,1,0,0,0,0,1,0,0,0,0,1,0,0,0,0,0,0,0,0,0,0,0,-1,1,1,1,0,1,1,0,-1,0,0,1,0,0,0,0
2560,77,1,11,0,0,0,0,0,0,0,0,0,0,0,0,0,0,0,0,0,0,0,0,0,0,0,0,0,0,0,0,0,0,0,0,0,0,0,0,0,0,0,0,0,0,0,0,0,0,0,0,0,0,0,0,0,0,0,0,0,0,0,0,0,1,0,0,0,0,0,0,0,0,0,0,0,0,0,0,0,0,0,0,0,0,0,0,0,0,0,0,0,0,0,1,0,0,0,0,0,0,0,0,0,1,0,0,0,0,0,0,0,0,0,0,0,0,0,0,1,0,0,0,0,0,0,0,0,0,0,0,0,0,0,0,0,0,0,0,0,0,0,0,0,0,0,0,0,0,0,0,0,0,0,0,0,0,0,0,0,0,0,0,0,0,0,0,0,0,0,0,0,0,0,0,0,0,0,0,0,0,0,0,0,0,1,0,0,0,0,0,0,0,0,0,0,0,0,0,0,0,0,0,0,0,0,0,0,0,1,0,0,0,0,0,0,0,1,0,0,0,0,0,0,0,0,0,0,0,1,0
2560,77,2,09,0,0,0,0,1,2,1,0,0,2,0,0,0,0,1,0,0,0,0,0,2,1,0,0,1,0,0,0,0,1,0,0,0,0,0,0,0,0,0,0,-2,-1,0,0,-1,-2,-1,0,0,0,0,0,0,0,-1,0,0,0,0,0,0,1,0,0,1,0,1,2,1,1,0,1,0,0,1,0,0,0,0,0,0,1,2,1,0,0,0,0,0,1,0,0,0,0,0,0,0,0,0,0,0,0,-2,-1,0,0,0,-2,-1,1,0,0,0,0,-1,0,0,0,0,0,1,0,0,0,1,0,0,1,2,0,0,0,0,0,1,1,0,0,0,0,0,0,1,2,0,0,0,0,0,0,0,0,0,0,0,0,0,0,0,0,1,0,-1,-2,1,0,0,-1,-2,1,1,0,0,0,0,0,0,0,0,0,0,1,0,0,1,1,0,3,0,0,0,0,0,1,0,0,0,1,0,2,1,0,0,0,0,0,0,0,0,0,0,1,-1,0,0,-3,0,-1,0,-2,-1,1,0,0,0,0,0,-1
2560,77,2,11,0,0,0,0,1,0,0,0,0,0,0,0,0,0,1,0,0,0,0,0,0,0,0,0,0,0,0,0,0,0,0,0,0,0,0,0,0,0,0,0,0,0,0,0,1,0,0,0,0,1,0,0,0,0,0,0,0,0,0,0,0,0,0,0,0,0,0,0,0,0,0,0,0,0,0,0,0,0,0,0,0,0,0,0,0,0,0,0,0,0,0,0,0,0,0,0,0,0,0,0,0,0,0,0,0,0,0,0,0,0,0,0,0,0,0,0,0,0,0,0,0,0,0,0,0,0,0,0,0,0,0,0,0,0,0,0,0,0,0,0,0,0,0,0,0,0,0,0,0,0,0,0,0,0,0,0,0,0,0,0,0,0,0,0,0,0,0,0,0,0,0,0,0,0,0,0,0,0,0,0,0,0,0,0,0,0,0,0,0,0,0,0,0,0,0,0,0,0,0,0,0,0,0,0,0,0,0,0,0,0,0,0,0,0,0,0,0,0,0,0,0,0,0,0,0,0,0,0
2560,78,1,09,0,0,0,0,0,0,0,1,1,0,0,0,0,0,0,0,0,0,0,0,0,0,1,0,0,0,0,0,1,0,0,0,0,0,0,0,0,0,0,0,0,0,-1,-1,0,0,0,-1,0,0,0,0,0,-1,0,0,0,0,0,0,0,0,0,0,0,0,0,0,0,0,0,0,0,0,0,0,0,0,0,0,0,0,0,0,0,0,0,0,0,0,0,0,0,0,0,0,0,0,0,0,0,0,0,0,0,0,0,0,0,0,0,0,0,0,0,0,0,0,0,0,0,0,0,1,1,1,1,0,0,1,0,0,0,1,1,0,0,0,0,0,1,1,0,0,1,0,0,0,0,0,0,0,0,0,0,0,0,0,0,0,-1,-1,0,1,0,-1,-1,0,1,0,0,0,0,0,0,0,0,0,0,0,0,2,0,1,0,0,0,1,0,1,0,0,0,1,0,1,0,0,0,1,0,0,0,0,0,0,0,0,0,0,0,0,0,2,0,0,0,1,0,-1,0,1,0,1,0,0,0,0
2560,78,1,11,0,0,0,0,0,0,0,0,0,0,0,0,0,0,0,0,0,0,0,0,0,0,0,0,0,0,0,0,0,0,0,0,0,0,0,0,0,0,0,0,0,0,0,0,0,0,0,0,0,0,0,0,0,0,0,0,0,0,0,0,0,0,0,0,0,0,0,0,0,0,0,0,0,0,0,0,0,0,0,0,0,0,0,0,0,0,0,0,0,0,0,0,0,0,0,0,0,0,0,0,0,0,0,0,0,0,0,0,0,0,0,0,0,0,0,0,0,0,0,0,0,0,1,0,0,0,0,0,0,0,0,0,0,0,0,0,0,1,0,0,0,0,0,0,0,0,0,0,0,0,0,0,0,0,0,0,0,0,0,0,0,0,1,0,0,0,0,0,0,0,0,0,1,0,0,0,0,0,0,0,0,0,0,0,0,0,0,0,0,0,0,0,0,0,0,0,0,0,0,0,0,0,0,0,0,0,0,0,0,0,0,0,0,0,0,0,0,0,0,0,0,0,0,0,0,0,0,0
2560,78,2,09,0,0,0,1,0,0,2,0,0,1,0,0,0,1,0,0,0,0,0,0,0,2,0,0,1,0,0,0,0,0,0,0,0,0,0,0,0,0,0,0,0,-2,0,1,-1,0,-2,0,1,-1,0,0,0,0,0,0,0,0,0,0,1,0,0,0,0,0,0,0,0,0,1,0,0,0,0,0,0,0,0,0,0,0,0,0,0,0,0,0,0,0,0,0,0,0,0,0,0,0,0,0,1,0,0,0,0,1,0,0,0,0,0,0,0,0,0,0,0,0,0,0,0,0,0,1,0,3,0,0,1,2,0,0,0,1,0,0,0,0,0,0,2,0,0,0,2,1,0,0,1,0,0,0,0,0,0,0,0,0,0,0,-3,0,0,0,-2,-2,0,0,1,-2,-1,0,0,-1,0,0,0,0,0,0,1,0,1,0,0,1,1,1,0,0,1,0,0,0,0,0,0,1,1,0,0,0,0,1,1,0,0,0,0,0,0,0,1,-1,0,-1,0,-1,0,0,0,0,0,-1,1,0,0,0
2560,78,2,11,0,0,0,0,1,0,0,0,0,0,0,0,0,0,0,0,0,0,0,0,0,0,0,0,0,0,0,0,0,0,0,0,0,0,1,0,0,0,0,0,0,0,0,0,1,0,0,0,0,0,0,0,0,0,0,0,0,0,0,1,0,0,0,0,0,0,0,0,0,0,0,0,0,0,0,0,0,0,0,0,0,0,0,0,0,0,0,0,0,0,0,0,0,0,0,0,0,0,0,0,0,0,0,0,0,0,0,0,0,0,0,0,0,0,0,0,0,0,0,0,0,0,0,0,0,0,0,0,0,0,0,0,0,0,0,0,0,0,0,0,0,0,0,0,0,0,0,0,0,0,0,0,0,0,0,0,0,0,0,0,0,0,0,0,0,0,0,0,0,0,0,0,0,0,0,0,0,0,0,0,0,0,0,0,0,0,0,0,0,0,0,0,0,0,0,0,0,0,0,0,0,0,0,0,0,0,0,0,0,0,0,0,0,0,0,0,0,0,0,0,0,0,0,0,0,0,0,0
2560,79,1,09,0,0,1,0,0,1,0,1,0,1,0,0,0,0,0,0,0,1,0,0,1,0,1,0,1,0,0,0,0,0,0,0,0,0,0,0,0,0,0,0,-1,0,0,0,-1,-1,0,-1,0,-1,0,0,1,0,0,0,0,0,0,0,0,1,1,0,0,1,0,0,1,0,0,1,1,0,0,0,0,0,0,0,1,0,0,1,0,0,0,0,0,0,0,0,0,0,0,0,0,0,0,0,-1,1,1,-1,0,-1,1,1,-1,0,0,0,0,0,0,0,0,0,0,0,0,1,0,0,1,0,0,0,0,2,0,1,0,0,1,0,0,0,0,0,0,0,0,0,2,0,0,0,0,0,0,0,0,0,0,0,0,0,0,0,0,1,0,0,-1,0,1,0,0,-1,0,0,0,0,0,0,0,0,0,0,0,0,0,0,0,2,0,0,0,0,0,0,0,0,0,0,0,0,0,0,0,2,0,0,0,0,0,0,0,0,0,0,0,-2,0,0,0,0,0,0,0,-2,0,0,0,0,0,0
2560,79,1,11,0,0,0,0,0,0,0,0,0,0,0,0,0,0,0,0,0,0,0,0,0,0,0,0,0,0,0,0,0,0,0,0,0,0,0,0,0,0,0,0,0,0,0,0,0,0,0,0,0,0,0,0,0,0,0,0,0,0,0,0,0,0,0,0,0,0,0,0,0,0,0,0,0,0,0,0,0,0,0,0,0,0,0,0,0,0,0,0,0,0,0,0,0,0,0,0,0,0,0,0,0,0,0,0,0,0,0,0,0,0,0,0,0,0,0,0,0,0,0,0,0,0,0,0,0,0,0,0,0,0,0,0,0,0,0,0,0,0,0,0,0,0,0,0,0,0,0,0,0,0,0,0,0,0,0,0,0,0,0,0,0,0,0,0,0,0,0,0,0,0,0,0,0,0,0,0,0,0,0,0,0,0,0,0,0,0,0,0,0,0,0,0,0,0,0,0,0,0,0,0,0,0,0,0,0,0,0,0,0,0,0,0,0,0,0,0,0,0,0,0,0,0,0,0,0,0,0,0
2560,79,2,09,0,0,0,0,0,0,0,0,0,0,0,0,0,0,0,0,0,0,0,0,0,0,0,0,0,0,0,0,0,0,0,0,0,0,0,0,0,0,0,0,0,0,0,0,0,0,0,0,0,0,0,0,0,0,0,0,0,0,0,0,0,0,0,0,0,1,0,0,0,0,0,0,0,0,0,0,0,0,0,0,1,0,0,0,0,0,0,0,0,0,0,0,0,0,0,0,0,0,0,0,-1,0,0,0,0,-1,0,0,0,0,0,0,0,0,0,0,0,0,0,0,1,0,2,0,0,0,0,0,1,0,1,0,1,0,0,0,0,1,0,0,0,0,0,1,0,0,0,0,0,0,0,0,0,0,0,0,0,0,0,0,1,0,2,-1,0,1,0,1,-1,0,0,0,1,0,0,0,0,0,0,0,0,0,1,2,0,1,1,1,0,0,1,1,0,0,0,1,0,1,1,1,0,0,0,0,0,0,0,0,0,0,0,0,0,-1,0,1,0,-1,0,0,0,0,0,1,0,0,0,0
2560,79,2,11,0,0,0,0,0,0,1,0,0,0,0,0,0,0,0,0,0,0,0,0,0,0,0,0,0,0,1,0,0,0,0,0,0,0,0,0,0,0,0,0,0,-1,0,0,0,0,0,0,0,0,0,-1,0,0,0,0,0,0,0,0,0,0,0,0,0,0,0,0,0,0,0,0,0,0,0,0,0,0,0,0,0,0,0,0,0,0,0,0,0,0,0,0,0,0,0,0,0,0,0,0,0,0,0,0,0,0,0,0,0,0,0,0,0,0,0,0,0,0,0,0,0,0,0,0,0,0,0,0,0,0,0,0,0,0,0,0,0,0,0,0,0,0,0,0,0,0,0,0,0,0,0,0,0,0,0,0,0,0,0,0,0,0,0,0,0,0,0,0,0,0,0,0,0,0,0,0,0,0,0,0,0,0,0,0,0,0,0,0,0,0,0,0,0,0,0,0,0,0,0,0,0,0,0,0,0,0,0,0,0,0,0,0,0,0,0,0,0,0,0,0,0,0,0,0,0,0,0,0
2514,0,1,09,3,0,4,3,2,1,1,1,3,2,2,0,3,3,1,1,0,1,0,1,0,0,1,1,1,1,1,0,2,1,0,0,0,0,0,0,0,0,0,0,2,-1,3,0,0,2,0,2,2,0,0,-1,1,-2,0,0,0,0,0,0,0,1,2,2,3,0,1,1,2,2,0,0,0,2,2,0,1,2,0,0,0,0,1,0,1,0,0,0,2,1,0,0,0,0,1,0,1,0,0,0,0,0,1,0,1,0,0,-1,2,1,0,1,2,-2,-1,0,-1,0,0,1,2,1,0,3,0,2,4,0,4,1,2,1,0,1,0,0,0,0,1,0,2,1,0,3,1,0,3,0,1,0,0,0,0,1,0,0,0,0,0,0,0,-3,0,-1,-1,0,0,0,-2,-1,0,-3,0,0,0,0,0,0,1,0,5,1,2,1,0,0,0,2,3,1,0,0,1,0,2,1,0,0,0,1,0,0,0,0,1,0,0,0,0,0,0,1,5,1,2,-1,3,1,0,-1,1,0,2,1,1,0,0,-1
2514,0,1,11,0,0,0,0,0,0,0,0,0,0,0,0,0,0,0,0,0,0,0,0,0,0,0,0,0,0,0,0,0,0,0,0,0,0,0,0,0,0,0,0,0,0,0,0,0,0,0,0,0,0,0,0,0,0,0,0,0,0,0,0,0,1,0,0,1,0,0,0,0,0,0,0,0,0,0,0,0,0,0,0,0,0,0,0,0,0,0,0,0,0,0,1,0,0,1,0,0,0,0,0,0,1,0,0,1,0,0,0,0,0,0,0,0,0,0,0,1,0,0,1,1,1,0,0,0,0,0,0,0,0,1,0,0,0,0,0,0,0,0,0,0,0,0,0,0,0,0,0,0,0,0,1,0,0,0,0,0,0,0,0,1,1,0,0,0,1,0,0,0,0,0,0,0,0,0,0,1,0,0,0,1,0,0,0,0,0,0,0,0,0,0,0,0,0,0,0,0,0,0,0,0,0,0,0,1,0,0,0,0,0,0,0,1,0,0,0,0,0,0,0,0,0,0,0,1,0,0,0
2514,0,2,09,0,4,2,4,3,1,4,1,1,3,0,3,2,4,3,0,1,0,0,0,0,4,0,0,3,1,0,1,1,0,0,0,0,0,0,0,0,0,0,0,-1,0,1,3,0,0,-1,2,4,0,-1,1,-1,-1,0,0,0,0,0,0,2,1,2,3,7,3,1,1,2,3,1,1,1,2,4,1,0,1,1,3,2,1,0,1,0,1,0,1,1,3,0,0,0,0,0,0,0,0,0,0,-1,0,1,1,4,-1,0,1,1,4,0,0,0,0,0,0,0,0,0,0,2,4,2,0,2,2,3,2,2,2,1,2,1,0,1,1,0,1,0,1,1,1,1,1,1,1,2,1,1,1,0,2,0,0,0,0,0,0,0,0,0,1,0,-2,0,0,1,0,-1,0,0,-2,0,-1,0,0,2,0,0,0,4,3,1,2,1,1,0,3,1,1,1,1,3,2,0,1,1,1,0,2,0,0,0,1,0,0,0,0,0,0,0,0,3,2,1,-1,0,0,1,-1,3,2,0,0,0,0,0,0
2514,0,2,11,0,0,0,1,1,0,0,0,0,0,0,0,0,0,0,0,0,0,0,0,0,0,0,0,0,0,0,0,0,0,0,0,0,1,1,0,0,0,0,0,0,0,0,1,1,0,0,0,0,0,0,0,0,0,0,0,0,0,1,1,0,0,0,0,0,0,0,0,0,0,0,0,0,0,0,0,0,0,0,0,0,0,0,0,0,0,0,0,0,0,0,0,0,0,0,0,0,0,0,0,0,0,0,0,0,0,0,0,0,0,0,0,0,0,0,0,0,0,0,0,0,0,0,1,1,0,0,0,0,0,0,0,0,0,0,0,0,0,0,0,0,0,0,0,0,0,0,0,0,0,0,0,0,1,1,0,0,0,0,0,0,0,0,1,1,0,0,0,0,0,0,0,0,0,0,0,0,0,1,1,0,0,0,0,0,0,0,0,0,0,0,0,0,0,0,0,0,0,0,0,0,0,0,0,0,0,0,0,0,0,0,0,0,0,0,0,0,0,0,0,0,0,0,0,0,0,0,0
2514,1,1,09,3,4,6,3,5,4,9,7,5,4,1,3,3,1,3,2,1,3,2,2,2,3,4,2,0,1,6,3,3,4,0,0,0,0,0,1,0,0,0,0,-1,-5,-1,-2,1,-1,0,-1,-1,3,1,-5,0,-1,-2,-1,0,0,0,0,2,0,2,4,3,2,3,2,3,2,0,0,0,2,1,2,0,2,2,2,1,1,1,2,2,1,0,1,1,0,0,0,0,0,0,0,2,0,0,0,0,-3,0,1,1,-1,-1,-1,0,-1,1,0,1,1,2,0,-2,0,0,0,6,13,7,7,8,3,9,5,7,4,3,3,3,3,4,2,7,1,4,4,3,2,1,3,2,0,7,4,4,2,1,3,3,0,0,0,0,0,0,0,3,4,2,0,4,0,1,2,0,2,2,0,-3,0,2,1,3,3,0,0,5,1,3,3,8,2,4,2,2,1,1,2,2,0,1,0,4,0,1,0,4,2,3,2,1,0,1,1,0,0,0,0,-3,-1,-1,1,-2,1,0,2,-2,-2,-2,-2,1,0,1,1
2514,1,1,11,1,3,0,1,4,0,0,0,0,0,0,0,0,0,0,0,0,0,0,0,0,0,0,0,0,0,0,0,0,0,1,3,0,1,4,0,0,0,0,0,1,3,0,1,4,0,0,0,0,0,0,0,0,0,0,1,3,0,1,4,0,2,1,1,0,0,0,0,0,0,0,0,0,0,0,0,0,0,0,0,0,0,0,0,0,0,0,0,0,0,0,2,1,1,0,0,0,0,0,0,0,2,1,1,0,0,0,0,0,0,0,0,0,0,0,0,2,1,1,0,1,1,1,0,0,1,1,0,0,0,0,0,0,0,0,0,0,0,0,0,0,1,0,0,0,1,0,0,0,0,1,1,1,0,0,0,0,0,0,0,0,0,1,0,0,0,-1,0,0,0,-1,0,0,0,0,1,1,1,0,0,0,1,0,0,0,2,1,0,0,0,0,0,0,0,0,0,0,1,0,0,0,1,1,0,0,1,0,0,0,0,0,0,0,-1,-1,0,0,-1,0,0,0,-1,-1,0,0,1,0,0
2514,1,2,09,3,3,0,2,3,3,1,4,6,6,2,1,0,0,2,1,2,0,2,1,2,0,1,3,5,1,0,1,3,1,0,0,0,0,0,0,1,2,0,0,0,2,-4,-4,-3,0,1,-1,-3,-3,0,2,-1,-1,0,0,-1,-2,0,0,3,5,2,2,5,0,5,3,7,1,3,2,2,1,3,0,2,0,1,1,0,2,1,5,0,0,3,2,2,1,0,1,0,0,1,0,0,0,0,0,3,0,-1,-5,4,3,0,1,-4,3,0,-1,-2,-1,0,0,1,0,0,1,3,5,6,2,5,3,6,1,4,5,1,4,2,2,2,2,0,3,0,2,3,2,0,3,0,0,4,1,1,4,0,1,1,0,1,0,0,0,0,1,0,-1,5,-2,0,-2,2,2,-1,2,2,-4,2,-1,-2,0,1,1,0,0,7,3,5,10,6,3,4,5,3,1,5,7,3,2,0,3,4,1,2,4,2,2,2,1,1,0,0,0,0,0,0,0,1,0,1,5,-1,0,3,3,1,0,-2,2,1,0,0,0
2514,1,2,11,0,0,0,0,1,0,0,0,0,0,0,0,0,0,0,0,0,0,0,0,0,0,0,0,0,0,0,0,0,0,0,0,0,0,1,0,0,0,0,0,0,0,0,0,1,0,0,0,0,0,0,0,0,0,0,0,0,0,0,1,1,0,1,1,1,0,0,0,0,1,0,0,0,0,0,0,0,0,0,0,0,0,0,0,0,0,0,0,0,1,1,0,1,1,1,0,0,0,0,0,1,0,1,1,0,0,0,0,0,0,0,0,0,0,-1,1,0,1,1,1,2,5,1,0,0,1,1,0,0,0,0,0,0,0,0,0,0,0,0,0,0,0,0,0,0,1,1,0,0,0,2,5,1,0,0,0,0,0,0,0,1,4,1,0,0,0,0,0,0,0,-1,-1,0,0,0,2,5,1,0,0,2,0,1,0,0,0,0,0,0,0,0,0,0,0,0,0,0,0,0,0,0,0,0,0,2,0,1,0,0,0,0,0,2,0,1,0,0,0,0,0,0,0,0,0,2,0,1,0
2514,2,1,09,4,4,3,3,5,2,2,4,4,5,1,2,0,2,3,3,2,3,1,2,2,0,3,2,1,0,1,1,2,1,0,0,0,0,0,0,1,0,0,3,2,2,-1,-1,0,-1,2,-3,0,2,3,1,2,-1,1,0,-1,0,0,-3,3,7,4,1,2,2,2,2,4,1,1,2,3,1,2,2,5,1,0,0,0,1,1,1,0,2,1,1,3,0,0,0,0,0,0,0,0,0,0,1,1,5,2,-3,1,1,1,2,0,2,0,4,0,-3,0,0,0,0,0,-1,1,2,4,4,9,0,5,7,5,6,0,0,2,2,3,1,2,1,2,4,0,0,2,2,2,0,5,5,2,4,0,0,1,0,2,0,0,0,1,0,1,-3,-3,-1,3,0,0,0,0,1,1,-3,-4,0,0,0,0,1,-1,2,3,3,1,2,4,3,3,2,2,1,1,0,1,2,0,2,2,2,2,1,2,1,1,1,0,0,0,0,0,0,0,0,-1,0,-2,0,0,-1,-1,-1,-1,1,-1,1,0,0,0,0
2514,2,1,11,0,3,1,0,1,0,0,1,0,0,0,0,0,0,1,0,0,1,0,0,0,0,0,0,0,0,0,1,0,0,0,3,0,0,0,0,0,0,0,0,0,3,0,0,1,0,0,0,0,1,0,0,0,0,0,0,3,0,0,0,1,0,0,2,0,0,0,0,0,0,0,0,0,0,0,0,0,0,0,0,0,0,0,0,0,0,0,0,0,0,1,0,0,2,0,0,0,0,0,0,1,0,0,2,0,0,0,0,0,0,0,0,0,0,0,1,0,0,2,0,1,4,0,0,2,0,0,0,0,0,0,1,0,0,0,0,0,0,0,1,0,0,0,0,0,0,0,0,0,0,1,3,0,0,1,0,0,0,0,0,1,4,0,0,2,0,1,0,0,0,0,0,0,0,1,1,3,0,0,1,2,0,3,0,0,0,1,0,0,0,0,0,0,0,1,0,0,0,0,0,0,0,1,0,2,0,2,0,0,0,0,0,2,0,2,0,0,0,0,0,0,0,0,0,2,0,2,0
2514,2,2,09,9,6,4,2,1,2,3,3,2,1,3,5,2,1,1,6,1,2,1,0,1,2,0,2,1,1,0,3,0,0,0,0,0,0,0,0,1,0,0,0,7,3,1,0,0,2,3,2,-1,0,5,1,-1,1,0,0,-1,0,0,0,5,2,3,3,4,2,3,1,2,5,2,1,2,3,3,3,1,1,0,1,1,2,0,1,4,1,0,1,1,1,0,0,0,0,0,0,1,0,0,0,3,-1,2,1,-1,1,-1,2,2,-1,2,1,0,-1,0,0,-1,0,0,0,3,2,4,4,3,4,4,4,7,1,1,1,1,1,1,2,1,1,1,1,2,2,0,2,1,2,2,4,5,0,0,0,2,2,1,0,0,0,0,0,-1,-2,0,-3,2,-1,-1,1,-1,0,0,-1,-3,-4,1,0,0,2,2,1,3,3,3,2,1,5,3,5,0,1,3,1,3,2,0,1,0,2,1,4,1,3,2,1,0,0,0,0,0,0,0,0,2,-2,0,-3,0,-1,2,-3,2,-1,-2,0,0,0,0,0
2514,2,2,11,2,0,0,0,1,1,0,0,0,0,0,0,0,0,0,0,0,0,0,0,0,0,0,0,0,1,0,0,0,0,2,0,0,0,1,0,0,0,0,0,1,0,0,0,1,0,0,0,0,0,-1,0,0,0,0,2,0,0,0,1,1,0,0,1,1,0,0,0,1,0,1,0,0,0,0,0,0,0,0,0,0,0,0,0,0,0,0,0,1,0,0,0,0,1,1,0,0,0,0,0,1,0,0,0,1,1,0,0,0,0,0,0,0,-1,0,0,0,0,1,1,3,3,0,0,1,1,3,1,0,0,0,1,0,0,0,0,0,0,0,0,0,0,0,0,0,1,3,1,0,0,3,2,0,0,1,0,0,0,0,0,2,0,-1,0,1,0,1,0,0,0,-1,-3,-1,0,0,3,2,0,0,1,0,0,0,2,1,0,0,0,0,0,0,1,0,0,0,0,1,0,0,0,0,0,0,0,0,0,0,1,0,0,0,0,-1,0,0,2,-1,0,0,1,0,0,0,0,0,0,0,1
2514,3,1,09,2,1,2,7,3,2,2,4,3,6,2,1,1,2,1,0,0,1,5,2,1,0,0,2,4,1,1,4,1,2,0,0,0,0,0,0,1,0,0,0,0,-1,-2,4,-3,1,1,1,0,-3,-1,-1,-3,4,0,0,-1,0,0,0,1,5,3,3,0,4,3,3,3,1,1,2,2,2,0,0,2,1,1,0,1,2,1,3,1,3,1,2,0,0,0,1,0,0,0,0,0,0,0,0,-3,2,0,0,-1,0,0,1,-1,-1,-3,1,-1,1,0,0,1,0,0,0,1,2,3,6,9,4,4,0,6,2,0,1,2,4,2,1,1,1,2,4,1,2,0,4,2,3,1,0,2,0,0,0,0,0,3,0,1,0,0,0,-3,-2,3,0,7,-1,-1,2,0,0,-2,0,1,0,4,0,-1,0,0,3,4,2,2,0,2,4,1,0,1,1,0,0,3,0,2,0,0,3,1,0,2,1,0,0,0,1,0,0,0,0,0,0,2,-2,1,0,1,-2,-1,0,1,-1,2,0,0,1,0,0
2514,3,1,11,0,2,2,0,0,0,0,1,0,0,0,0,0,0,0,0,0,1,0,0,0,0,0,0,0,0,0,1,0,0,0,2,1,0,0,0,0,0,0,0,0,2,1,0,0,0,0,0,0,0,0,0,0,0,0,0,2,1,0,0,0,0,0,1,1,1,1,0,0,3,0,0,0,0,0,0,0,0,0,0,0,0,0,0,0,1,1,0,0,3,0,0,0,1,1,0,0,0,0,0,-1,-1,0,1,-2,0,0,0,0,0,-1,-1,0,0,-3,0,0,0,1,1,1,8,0,1,0,2,6,1,0,1,0,1,0,0,0,0,0,0,0,0,0,1,0,0,1,2,5,1,0,0,1,7,0,1,0,0,0,0,0,0,-1,2,-1,1,-1,0,0,0,0,-1,-2,-5,-1,0,0,1,7,0,1,0,1,0,0,0,1,0,0,1,0,0,0,0,0,0,0,0,0,0,0,0,1,0,0,1,1,0,0,0,0,0,0,0,0,0,0,-1,0,0,0,0,-1,0,0,-1,1,0,0,0
2514,3,2,09,1,3,0,1,0,1,5,4,1,2,1,2,0,0,0,0,1,0,1,0,1,4,3,1,0,0,0,0,0,2,0,0,0,0,0,0,1,1,0,0,0,-2,-4,0,-2,0,-2,-3,-1,0,0,1,0,1,-2,0,-1,-1,0,0,0,3,4,1,5,1,4,0,2,4,0,3,2,1,2,0,0,2,0,3,0,1,0,1,2,1,2,0,1,2,0,0,0,0,0,0,1,0,0,0,-1,-1,4,-1,1,0,2,2,0,0,-1,-2,2,-1,1,0,-1,0,0,0,2,1,6,0,2,5,2,2,1,5,0,0,4,0,1,2,1,2,0,1,0,1,0,1,3,5,1,2,0,2,0,0,0,0,0,0,0,0,0,0,-3,-1,4,-1,-3,0,-1,4,-1,-2,-3,0,0,0,-1,0,0,0,0,0,4,3,2,3,3,2,1,2,2,3,0,1,2,0,2,2,0,2,0,2,2,0,1,0,0,0,0,0,1,0,0,0,1,1,1,1,2,1,0,-1,0,0,1,2,-1,0,0,0
2514,3,2,11,0,2,1,1,0,0,1,0,0,0,0,0,1,0,0,0,0,0,0,0,0,0,0,0,0,0,0,0,0,0,0,2,0,1,0,0,1,0,0,0,0,1,1,1,0,0,0,1,0,0,0,0,0,0,0,0,1,0,1,0,0,1,1,1,1,0,0,0,0,0,0,0,0,0,0,0,0,0,0,0,0,0,0,0,0,0,0,0,0,0,0,1,1,1,1,0,0,0,0,0,0,1,1,1,1,0,0,0,0,0,0,0,0,0,0,0,1,1,1,1,2,3,2,1,1,0,4,0,1,0,1,0,0,0,0,0,0,0,0,1,0,1,0,0,0,0,3,0,1,0,1,3,2,1,0,0,0,0,0,0,2,-1,2,0,1,1,-1,0,0,0,0,-3,0,-1,1,1,3,2,1,0,1,1,1,1,0,0,0,0,0,0,0,0,0,0,0,0,0,0,0,0,0,0,0,0,1,1,1,1,0,0,0,0,1,1,1,1,0,0,0,0,0,0,0,0,1,1,1,1
2514,4,1,09,1,0,2,2,2,1,0,2,1,2,0,0,1,0,2,1,0,1,2,0,0,0,0,0,2,0,0,2,1,0,0,0,0,0,0,1,0,0,0,0,0,0,0,1,0,0,0,1,0,0,1,0,-1,1,0,-1,0,0,0,0,4,0,2,2,2,2,2,5,3,2,2,0,2,1,2,2,0,0,1,0,0,2,1,3,1,2,0,3,0,1,0,0,0,0,0,0,0,1,0,0,2,-2,-3,-1,0,2,-2,1,-2,1,0,0,-3,1,-1,0,0,-1,0,0,2,4,0,2,5,1,1,0,4,2,0,1,0,2,2,2,3,0,0,3,0,0,0,2,1,1,1,0,2,1,0,0,0,0,0,0,0,0,0,0,1,3,0,-2,3,0,1,0,0,1,1,2,0,-2,2,0,0,0,0,0,4,1,3,2,6,3,1,7,4,1,0,0,0,0,3,2,4,2,0,4,2,1,1,2,0,0,0,0,0,0,0,1,-2,-2,2,-5,0,-1,0,-4,-2,-1,2,0,0,0,0,-1
2514,4,1,11,0,1,0,0,2,0,1,0,0,1,0,0,0,0,0,0,0,0,0,0,0,0,0,0,0,0,0,0,0,0,0,1,0,0,2,0,1,0,0,1,0,0,0,0,1,0,0,0,0,0,0,0,0,0,0,0,0,0,0,1,3,0,0,3,1,0,0,0,0,0,0,0,0,0,0,1,0,0,0,0,0,0,0,0,0,0,0,0,0,0,2,0,0,3,1,0,0,0,0,0,3,0,0,3,1,0,0,0,0,0,1,0,0,0,0,2,0,0,3,1,3,6,3,2,2,0,1,6,1,1,1,0,0,0,0,0,0,1,0,0,0,0,0,0,0,0,1,6,1,1,2,6,2,2,2,0,0,0,0,0,3,5,-3,1,1,1,0,0,0,0,0,-1,-5,-1,-1,2,6,2,2,2,0,0,0,1,0,0,0,0,0,0,0,0,0,0,0,0,0,0,0,0,0,0,0,0,0,0,0,1,0,0,0,0,0,0,0,1,0,0,0,0,0,0,0,0,0,0,0,1
2514,4,2,09,3,1,2,5,2,1,3,2,1,4,1,1,0,3,2,2,0,2,2,0,1,2,1,0,2,0,1,0,1,2,0,0,0,0,0,0,0,1,0,0,2,-2,0,4,-2,0,-1,-1,3,0,2,-1,2,1,-2,0,0,-1,0,0,2,1,2,0,2,1,1,2,6,2,2,0,1,0,2,0,1,1,0,0,0,0,1,4,1,1,1,1,1,1,0,0,0,0,0,0,0,0,1,0,1,0,0,-6,0,2,0,0,-4,1,-1,0,0,-1,-1,0,0,0,-1,0,0,5,2,4,3,4,3,3,4,3,0,3,2,2,0,0,2,0,2,3,2,1,2,1,0,2,2,1,3,3,0,0,0,0,0,0,0,0,0,0,-4,2,-1,0,0,-2,2,0,1,0,-2,0,-1,-1,0,0,0,0,0,0,4,3,2,3,3,3,4,2,2,0,1,3,2,2,1,0,1,2,2,1,2,1,0,1,0,1,0,0,0,0,2,0,1,0,-2,1,1,-2,-1,2,0,1,1,-1,0,1,-2,0
2514,4,2,11,0,1,0,0,1,0,0,1,1,1,0,0,0,0,0,0,0,0,0,0,0,0,0,0,0,0,0,1,1,1,0,1,0,0,1,0,0,0,0,0,0,1,-1,-1,0,0,0,0,0,0,0,0,-1,-1,-1,0,1,0,0,1,0,1,1,0,1,0,0,0,0,0,0,1,0,0,0,0,0,0,0,0,0,0,0,0,0,0,0,0,0,0,0,0,1,0,1,0,0,0,0,0,0,1,1,0,1,0,1,0,0,0,0,0,0,0,0,0,0,1,0,1,2,1,1,1,0,1,1,0,1,0,0,0,0,0,0,0,0,0,0,0,0,0,0,1,0,1,1,0,0,0,2,1,1,1,0,0,0,0,0,0,1,0,1,0,0,0,0,0,-1,0,-1,-1,0,0,0,2,1,1,1,0,1,1,0,1,3,0,2,0,0,0,0,0,0,0,0,0,0,0,0,0,3,0,2,0,1,1,0,1,0,0,0,0,-2,1,-2,1,0,0,0,0,-3,0,-2,0,1,1,0,1
2514,5,1,09,2,4,2,0,1,2,2,3,1,1,0,1,0,0,0,2,3,2,0,1,2,1,0,0,1,0,1,3,0,0,0,0,0,0,0,0,0,0,1,0,0,2,-1,-1,0,-2,0,0,0,-1,2,2,-1,0,1,0,0,0,-1,0,2,5,0,1,4,0,1,0,3,1,0,3,0,0,3,2,0,0,1,1,0,0,0,1,0,0,0,0,2,1,0,2,0,0,0,0,1,0,0,0,2,4,0,-2,3,0,3,0,-1,3,2,0,0,-1,0,0,1,0,0,0,1,2,4,3,2,0,0,1,1,5,0,1,1,2,0,1,1,3,1,2,0,0,1,0,4,0,0,0,1,1,0,0,0,0,0,0,0,0,0,0,1,2,3,2,-3,0,1,0,2,-4,1,1,3,0,1,0,0,0,0,0,5,2,0,2,4,2,3,4,4,1,0,1,1,1,0,1,2,1,1,1,2,1,2,3,0,0,0,0,0,0,0,0,1,0,-3,-2,2,0,-1,0,-1,0,-2,-2,0,0,0,0
2514,5,1,11,0,1,3,1,0,0,0,2,0,0,0,0,1,0,0,0,0,0,0,0,0,0,0,0,0,0,0,2,0,0,0,1,2,1,0,0,0,0,0,0,0,1,1,1,0,0,0,1,0,0,0,0,-2,0,0,0,1,2,1,0,1,1,1,0,0,0,0,0,0,0,0,0,0,0,0,0,0,0,0,0,0,0,0,0,0,0,0,0,0,0,1,1,1,0,0,0,0,0,0,0,1,1,1,0,0,0,0,0,0,0,0,0,0,0,0,1,1,1,0,0,1,4,0,3,2,2,4,1,0,2,0,0,0,0,0,0,0,0,1,0,1,0,0,0,0,1,4,1,0,1,1,4,0,2,2,0,0,0,0,1,-1,0,-1,3,0,-1,0,0,0,0,-1,-4,-1,1,-1,1,4,0,2,1,2,1,3,1,1,0,1,0,0,0,0,0,0,0,0,0,0,0,0,0,1,0,0,0,2,1,3,1,0,0,1,0,1,1,2,1,0,0,0,0,-1,0,0,0,2,1,2,1
2514,5,2,09,1,3,1,0,1,2,7,4,0,1,0,2,0,0,1,1,1,0,0,0,0,2,2,0,1,2,3,2,0,0,0,0,1,0,0,0,2,0,0,0,-1,-4,-3,0,0,0,0,-2,0,0,-1,-2,-2,0,0,0,-2,1,0,0,3,1,0,2,4,2,2,1,5,2,1,0,0,1,2,2,1,0,1,2,2,1,1,3,2,0,0,0,2,0,0,0,0,0,0,0,1,0,0,0,1,-1,-1,-3,2,-1,-1,-1,-2,0,2,1,0,-1,2,0,-1,0,0,0,3,4,4,4,4,1,2,0,2,1,1,2,1,0,3,2,2,3,4,1,1,1,0,1,1,0,1,0,1,0,0,0,0,0,0,0,0,0,0,0,2,2,4,2,3,0,1,1,-1,2,2,1,3,3,1,0,0,0,0,0,4,4,2,0,2,4,4,3,2,2,2,0,2,2,0,0,0,3,2,3,2,1,1,0,0,0,0,0,0,0,1,0,2,0,-2,-3,2,-1,0,-3,0,1,-1,0,0,0,-1,0
2514,5,2,11,1,0,1,0,1,0,0,0,1,0,0,0,0,0,0,0,0,0,0,0,0,0,0,0,0,0,0,0,0,0,1,0,1,0,1,0,0,0,1,0,1,0,1,-1,1,0,0,0,0,0,0,0,0,0,0,1,0,1,-1,1,0,1,0,3,0,0,0,0,0,0,0,1,0,1,0,0,0,0,0,0,0,0,0,0,0,0,0,0,0,0,0,0,0,2,0,0,0,0,0,0,0,1,0,3,0,0,1,0,1,0,0,0,0,0,0,0,0,0,2,0,3,6,3,1,2,1,1,2,0,0,2,0,0,0,0,0,0,2,1,0,1,0,0,0,0,0,1,2,0,0,1,6,1,0,2,0,0,0,0,0,2,5,1,1,2,1,0,0,0,0,0,-1,0,1,0,1,6,1,0,2,1,3,0,1,0,0,1,0,0,1,0,0,0,1,0,0,0,0,0,0,0,0,1,0,1,1,0,1,0,0,0,0,1,3,-1,1,0,1,0,0,0,1,-1,0,1,1,0,1
2514,6,1,09,2,2,0,2,3,0,2,1,3,4,1,1,0,1,2,1,1,0,1,0,0,1,1,2,1,0,1,0,0,3,0,0,0,0,1,0,0,0,1,0,2,0,-1,-1,-1,1,0,-1,-1,1,1,0,0,1,-3,0,0,0,-1,1,2,2,2,0,1,0,4,3,2,3,2,2,2,0,1,0,0,0,0,0,0,1,1,1,2,0,3,1,1,1,0,0,0,0,0,0,0,1,0,0,2,-2,-1,-2,-2,2,1,1,-1,-1,0,-3,-1,-1,-1,0,0,-1,0,0,1,0,1,3,0,0,1,1,3,0,1,0,1,2,0,0,0,0,1,0,0,0,1,1,0,0,1,0,2,0,0,0,0,0,0,0,0,0,0,0,1,-1,0,0,0,1,0,0,1,0,0,-1,0,-1,0,0,0,0,0,0,5,2,2,1,4,3,3,3,4,2,0,0,1,0,1,1,3,1,0,1,0,2,3,2,0,0,1,0,1,0,0,0,1,-1,-1,-2,1,1,0,-1,1,-2,-2,-1,-1,0,1,0
2514,6,1,11,1,3,1,1,1,0,1,1,1,2,0,0,0,0,0,1,0,0,0,0,0,0,0,0,0,0,0,1,1,2,0,3,1,1,1,0,1,0,0,0,1,2,0,0,-1,0,0,0,0,0,1,0,-1,-1,-2,0,2,1,1,1,0,1,0,1,0,0,1,0,0,0,0,0,0,0,0,0,1,0,0,0,0,0,0,0,0,0,1,0,0,0,0,0,0,1,0,0,0,0,0,0,0,0,0,1,0,0,0,0,0,0,0,0,0,0,0,0,0,0,1,0,3,8,0,0,3,1,4,1,0,0,0,0,0,0,0,0,3,0,0,1,0,1,0,0,0,1,2,1,0,0,3,5,0,0,2,0,1,0,0,0,2,4,-1,0,3,0,-1,0,0,0,-1,1,-1,0,1,3,4,0,0,2,1,1,0,1,0,2,1,1,0,0,0,1,0,0,0,0,0,0,0,0,0,2,1,1,1,1,0,0,0,0,0,0,1,-1,-1,0,0,0,0,1,0,-2,-1,-1,1,1,0,0
2514,6,2,09,1,2,3,1,1,1,0,3,1,2,1,1,0,1,1,0,1,3,0,0,1,0,2,0,0,0,0,0,1,2,0,0,0,0,0,0,0,1,0,0,0,2,0,0,-1,0,1,-2,1,1,0,1,3,-1,-2,0,0,-1,0,0,1,1,0,0,3,1,2,3,0,3,0,1,0,0,2,1,0,0,0,1,0,0,2,0,0,1,2,0,0,2,0,0,0,0,0,0,0,1,0,1,0,-1,-3,0,0,0,1,-2,0,2,0,-2,0,0,-1,0,0,-1,0,-1,0,2,2,1,2,3,3,1,5,4,0,2,1,0,2,0,0,1,1,0,0,2,1,0,4,3,1,0,4,0,0,0,0,0,0,0,0,0,1,0,-3,-1,1,-4,-2,0,0,0,0,-2,-3,-1,1,-3,0,0,0,0,-1,0,3,4,5,1,1,4,2,3,1,2,2,1,2,0,3,0,1,1,0,2,0,3,2,1,0,2,0,0,0,0,0,0,2,0,3,-2,0,1,2,-1,2,-3,1,-1,0,2,0,0
2514,6,2,11,1,0,0,0,0,0,0,0,0,1,0,0,0,0,0,0,0,0,0,0,0,0,0,0,0,0,0,0,0,0,1,0,0,0,0,0,0,0,0,1,1,0,0,0,-1,0,0,0,0,0,0,0,0,0,0,1,0,0,0,-1,1,0,0,3,3,0,0,0,2,1,0,0,0,0,0,0,0,0,0,0,0,0,0,0,1,0,0,0,2,0,1,0,0,3,3,0,0,0,0,0,1,0,0,1,2,0,0,0,0,-1,0,0,0,-2,0,1,0,0,3,3,3,3,2,1,0,1,3,3,0,2,1,0,0,0,0,0,0,0,0,0,0,1,0,0,0,1,2,3,0,2,2,3,2,1,0,0,0,0,0,0,2,0,-1,1,-2,1,-1,0,0,0,-1,-2,-3,0,-2,2,3,2,1,0,0,1,0,0,0,0,1,0,0,0,0,0,0,0,0,0,0,0,1,0,0,0,0,0,0,1,0,0,0,0,0,0,0,1,-1,0,0,0,-1,0,0,0,0,0,0,1,0,0
2514,7,1,09,1,0,4,0,4,0,2,2,4,3,1,0,2,0,4,0,0,2,0,0,0,2,0,2,2,0,0,2,2,1,0,0,0,0,0,0,0,0,0,0,1,-2,2,-4,1,1,-2,2,-2,2,0,0,0,-2,-1,0,0,0,0,0,2,1,1,1,1,1,1,2,1,1,2,0,0,1,0,0,1,1,0,1,1,0,1,1,1,0,0,1,0,0,0,0,0,0,0,0,1,0,0,0,1,0,-1,0,0,1,0,-1,0,-1,0,1,0,0,1,0,-1,0,0,0,0,1,2,4,3,2,3,1,1,2,0,1,2,2,1,0,0,0,2,2,1,2,1,1,1,1,1,0,0,1,0,0,0,0,0,0,0,0,0,0,-2,-2,1,3,1,-1,-1,1,1,0,-1,-1,0,2,1,0,0,0,0,0,2,3,0,1,4,0,2,4,1,1,0,0,1,1,0,1,2,0,0,4,2,0,1,0,0,1,0,0,0,0,1,0,-2,3,-2,-3,-1,1,0,-4,-1,1,-1,1,0,1,-1,0
2514,7,1,11,1,1,0,0,0,0,1,0,1,0,0,1,0,0,0,0,0,0,0,0,0,1,0,0,0,0,0,0,1,0,1,0,0,0,0,0,0,0,0,0,1,0,0,-1,0,0,0,0,0,0,0,0,0,-1,0,1,0,0,0,0,1,1,0,0,1,0,1,0,1,1,0,0,0,0,0,1,1,0,0,0,0,0,0,0,0,0,1,0,1,1,0,0,0,0,1,0,0,0,0,0,1,0,0,-1,0,0,0,0,0,0,1,0,0,-1,-1,0,0,0,0,1,3,2,2,3,1,2,1,2,2,0,0,1,0,0,0,0,1,1,1,0,0,0,0,0,0,2,1,1,2,0,3,0,1,2,1,0,0,1,0,0,1,1,0,1,1,0,1,0,0,0,-2,0,0,-1,0,3,0,0,2,1,0,1,1,3,2,0,2,0,0,0,0,0,0,0,0,0,1,0,0,0,1,0,2,0,0,1,1,3,0,0,0,0,-2,1,-1,3,-1,0,0,0,-1,0,-2,0,0,1,1,3
2514,7,2,09,0,1,2,1,2,0,1,1,1,3,0,1,0,0,0,0,0,2,1,2,0,1,1,0,2,0,0,0,1,1,0,0,0,0,0,0,0,0,0,0,0,0,1,0,-1,0,0,-1,0,-2,0,0,2,0,1,0,0,0,0,0,3,1,1,1,0,2,1,2,1,1,0,1,1,1,0,3,0,0,0,0,2,1,1,0,0,0,0,1,1,1,0,0,0,0,0,0,0,0,0,0,1,0,-1,0,-1,-2,0,0,1,0,3,0,-1,-1,-1,0,0,0,0,0,1,6,1,0,1,0,2,3,2,1,0,4,0,0,0,1,2,1,0,1,0,0,1,2,1,0,2,1,0,0,0,0,0,0,0,0,0,1,0,0,1,4,-2,-2,0,0,4,-1,-2,-1,1,0,0,0,1,0,0,-1,0,0,2,4,2,0,0,3,2,2,1,3,2,0,1,1,0,0,0,2,0,0,0,1,1,2,0,0,0,0,0,0,1,0,2,1,0,-2,1,1,2,0,1,0,-1,-2,0,0,-1,0
2514,7,2,11,0,1,0,0,0,0,1,0,0,1,0,0,0,0,0,0,0,0,0,0,0,0,0,0,0,0,0,0,0,0,0,1,0,0,0,0,1,0,0,1,0,0,0,0,-1,0,0,0,0,0,0,0,0,0,0,0,0,0,0,-1,2,2,0,1,0,0,0,0,2,0,0,0,0,0,0,0,1,0,0,0,0,0,0,0,0,0,0,0,2,0,2,1,0,1,0,0,0,0,0,0,2,2,0,-1,0,0,0,0,0,0,0,1,0,-2,0,2,1,0,1,0,0,2,1,2,1,3,2,2,2,0,0,0,0,0,0,0,0,0,1,0,1,1,0,0,0,2,1,2,2,0,0,2,1,1,1,0,0,0,0,0,-3,0,-1,0,1,-1,-1,0,0,0,-2,-1,-2,-1,0,0,2,1,1,1,2,2,0,2,0,3,0,1,0,0,0,0,1,0,0,0,0,0,0,0,0,3,0,1,1,2,0,2,0,0,0,0,2,-1,0,1,0,0,0,0,1,-3,0,-1,1,2,0,2
2514,8,1,09,3,1,3,2,0,0,0,1,5,1,3,1,3,1,0,0,0,0,1,0,0,0,1,4,0,0,0,0,1,1,0,0,0,0,0,0,0,0,0,0,3,1,2,-3,-1,3,1,2,-3,0,0,0,0,0,-1,0,0,0,0,0,1,1,0,3,1,0,3,1,6,1,1,1,0,0,1,0,0,0,3,0,0,1,0,3,0,0,1,1,3,1,0,0,0,0,0,0,1,0,0,0,1,-2,-1,-3,0,1,0,0,-3,1,0,-1,-1,0,-1,0,-1,0,0,0,2,1,1,3,1,2,4,1,0,0,0,0,0,1,1,2,1,1,2,0,0,2,1,0,0,2,2,0,0,0,0,0,0,0,0,0,0,0,0,0,0,-3,0,3,1,0,-2,-1,1,1,0,-1,1,2,0,0,0,0,0,0,2,6,5,0,0,2,2,3,2,5,2,0,0,1,2,0,0,0,0,1,0,2,2,1,0,0,1,0,0,0,0,1,2,4,3,-3,2,5,2,-1,0,-1,0,-1,0,0,1,-1
2514,8,1,11,0,1,0,0,1,0,0,0,1,1,0,0,0,0,0,0,0,0,0,1,0,0,0,0,0,0,0,0,1,0,0,1,0,0,0,0,0,0,0,1,0,1,0,-1,0,0,0,0,0,0,0,0,0,-1,1,0,1,0,0,-1,0,1,0,2,1,0,0,0,0,0,0,0,0,1,0,0,0,0,0,0,0,0,0,0,0,0,0,0,0,0,0,1,0,1,1,0,0,0,0,0,0,1,0,2,1,0,0,0,1,0,0,0,0,0,0,0,1,0,1,1,4,6,1,2,1,0,3,2,3,1,0,1,0,0,0,0,0,0,0,0,0,0,0,1,0,0,2,2,1,1,4,5,1,2,1,0,1,0,1,0,4,3,-1,-1,0,0,1,0,-1,0,0,-2,-2,-1,-1,4,4,1,1,1,1,1,2,0,1,1,2,0,0,0,0,0,0,0,0,0,0,0,0,0,1,1,2,0,1,1,2,0,0,0,0,0,0,0,0,0,0,0,0,0,-1,-1,-2,0,1,1,2,0
2514,8,2,09,1,0,2,1,2,0,2,1,0,6,0,0,1,1,1,1,0,1,0,1,0,0,0,0,4,0,2,1,0,2,0,0,0,0,0,0,0,0,0,0,1,-2,1,1,-4,0,0,1,1,-3,1,-2,0,0,-1,0,0,0,0,0,4,0,1,2,1,1,1,1,1,1,2,0,1,2,1,2,0,0,0,0,0,1,1,1,0,1,0,0,0,1,0,0,0,0,0,0,0,0,0,0,3,-1,0,1,0,2,-1,0,1,1,1,0,0,0,-1,0,0,0,0,0,2,1,1,0,2,1,1,1,6,0,1,0,0,0,0,1,1,1,0,2,1,0,0,3,0,0,1,1,3,0,0,0,0,0,0,0,0,0,0,0,1,0,0,-6,2,0,0,0,-3,0,1,0,0,-3,2,0,0,0,0,0,1,1,2,0,2,3,2,0,0,1,0,0,1,0,2,0,2,2,0,0,0,1,2,0,0,0,0,0,0,0,0,0,-1,-2,0,0,-2,-1,0,0,1,-1,0,0,0,0,0,0
2514,8,2,11,0,1,2,0,0,1,0,0,0,0,0,1,1,0,0,0,0,0,0,0,0,0,0,0,0,1,0,0,0,0,0,0,1,0,0,0,0,0,0,0,-1,1,2,0,0,0,1,1,0,0,-1,0,0,0,0,0,0,1,0,0,0,0,1,1,2,0,0,1,0,1,0,0,0,0,0,0,0,0,0,0,0,0,1,0,0,0,0,0,0,1,0,0,1,1,2,0,0,0,0,0,0,0,0,1,1,0,0,-1,0,0,0,0,0,0,-1,0,0,1,1,2,2,5,2,1,0,1,4,2,1,1,1,0,0,0,0,0,2,0,0,0,0,1,0,0,0,1,2,2,1,1,1,3,2,1,0,0,1,0,0,0,1,1,0,0,-1,1,-1,0,0,0,-1,0,-2,-1,-1,1,2,2,1,0,0,2,0,0,1,1,0,0,0,0,0,0,0,1,0,0,0,0,0,0,1,1,0,0,0,1,0,0,0,0,0,0,-1,1,0,0,0,0,0,0,-1,0,0,0,0,1,0,0
2514,9,1,09,1,1,1,0,1,2,2,2,0,2,1,1,0,0,1,0,0,1,0,0,2,1,1,0,2,0,1,1,0,0,0,0,0,0,0,0,0,0,0,0,-1,-1,-1,0,-1,-1,0,-1,0,-1,0,-1,0,0,0,0,0,0,0,0,0,1,3,1,3,0,2,1,0,1,0,0,3,1,1,0,1,0,0,2,0,0,1,0,0,0,2,0,0,1,0,0,0,0,0,0,0,0,0,0,0,-1,2,1,2,0,0,2,1,1,0,-1,0,0,1,0,0,0,0,0,1,0,1,1,2,0,1,1,2,3,1,0,0,0,0,0,0,1,1,2,0,1,1,1,2,0,0,0,1,1,0,0,0,0,0,0,0,0,0,0,1,-1,0,-1,-1,1,-1,-1,-1,-2,0,0,1,0,1,0,0,0,0,0,0,0,0,0,4,1,1,5,0,0,0,0,0,0,0,0,1,0,0,2,2,1,1,3,0,0,0,0,1,0,0,0,-4,-1,-1,-5,-1,0,0,-2,-2,-1,-1,-3,-1,0,0,0
2514,9,1,11,1,2,1,2,0,1,0,0,1,1,0,2,0,0,0,0,0,0,0,0,0,0,0,0,1,0,0,0,1,0,1,0,1,2,0,1,0,0,0,0,0,2,1,1,-1,0,2,0,0,-1,0,0,0,-1,0,0,0,1,2,0,3,1,2,2,1,0,0,0,0,2,1,0,0,0,0,1,0,2,0,0,0,0,0,0,0,0,0,0,0,2,1,1,0,2,1,0,0,0,0,0,3,1,2,2,-1,1,0,0,0,0,1,0,2,0,-2,1,1,0,2,1,3,3,2,2,2,2,2,2,1,0,0,1,0,0,0,1,0,0,1,0,0,0,0,0,0,2,2,2,1,0,2,2,2,1,2,0,0,0,0,0,1,1,0,1,2,0,1,0,0,0,-1,-2,-2,0,0,2,2,2,1,2,1,1,2,0,0,0,2,3,0,0,0,0,1,0,0,0,0,0,0,0,0,0,2,1,0,1,2,0,0,0,0,2,1,1,0,-3,0,0,0,0,1,0,-2,-1,0,1,2,-2
2514,9,2,09,0,1,0,0,1,0,0,3,1,0,0,0,0,0,1,0,1,0,0,0,0,0,2,0,0,0,0,0,1,0,0,0,0,0,0,0,0,1,0,0,0,1,-3,-1,1,0,0,-2,0,1,0,1,0,-1,0,0,0,-1,0,0,2,1,1,2,1,1,0,1,1,3,1,0,1,2,0,1,1,0,0,1,1,0,1,0,1,0,0,0,1,1,0,0,0,0,0,0,0,0,0,1,1,1,0,1,-2,0,0,0,2,-1,1,1,0,-1,0,0,0,0,0,-1,1,2,1,1,1,1,1,1,3,0,0,1,0,1,1,1,1,1,0,0,1,1,1,3,0,0,0,0,0,0,0,0,0,0,0,0,0,0,0,0,0,1,0,-2,1,-1,0,-1,-2,1,1,1,1,0,0,0,0,0,0,0,3,1,1,2,1,0,1,2,3,0,0,0,0,1,1,2,0,0,0,0,0,0,0,2,0,0,0,0,1,0,1,0,2,1,0,0,3,0,0,0,0,1,1,0,-1,0,-1,0
2514,9,2,11,1,3,0,0,1,2,0,2,1,0,1,0,0,0,0,0,0,0,0,0,1,0,2,0,0,1,0,0,1,0,0,3,0,0,1,0,0,0,0,0,-1,3,-2,-1,1,0,0,-2,0,0,-1,0,0,-1,0,0,3,0,0,1,1,4,0,0,1,0,0,0,0,0,0,1,0,0,0,0,1,0,0,0,0,0,0,0,0,0,0,0,0,0,1,2,0,0,1,0,0,0,0,0,1,4,0,0,1,0,1,0,0,0,0,1,0,0,0,1,2,0,0,1,0,1,2,1,0,0,3,3,2,0,0,0,0,0,0,0,0,1,0,0,0,1,0,1,0,0,1,2,1,0,0,1,1,1,0,0,1,1,0,0,0,-2,-1,-1,0,0,-1,0,-1,0,0,-1,-1,-1,0,0,0,0,1,0,2,1,1,0,2,3,1,0,0,0,0,0,0,0,0,0,0,0,0,0,2,2,1,0,2,1,1,0,0,1,0,0,0,-2,0,0,0,0,0,0,-2,-2,-1,0,2,0,1,0
2514,10,1,09,1,0,4,5,0,2,1,3,3,1,0,0,3,2,0,1,0,1,3,0,2,1,3,3,1,0,0,0,0,0,0,0,0,0,0,0,0,0,0,0,-1,-1,1,2,-1,-2,-1,0,-1,-1,1,0,1,3,0,0,0,0,0,0,3,1,1,2,0,0,0,1,2,2,3,0,1,1,0,0,1,0,1,0,0,0,0,2,0,0,0,0,0,2,0,0,0,0,0,0,0,1,0,0,3,1,0,0,-2,3,0,1,-1,0,0,1,0,1,-2,0,0,-1,0,0,1,0,2,1,3,1,3,2,2,0,0,0,0,0,1,1,0,2,1,2,0,1,1,2,0,1,2,0,0,0,0,0,0,0,0,0,0,1,0,0,0,-3,0,-1,3,0,-1,-1,-2,1,0,-2,2,1,2,0,0,-1,0,0,1,2,1,1,0,4,3,2,0,1,1,0,1,0,0,1,0,3,0,0,0,1,2,2,0,1,0,0,0,0,1,0,1,-2,-2,-1,0,-2,1,0,1,-1,-2,-1,0,1,-1,0
2514,10,1,11,0,0,0,2,0,0,0,1,0,1,0,0,0,0,0,0,0,0,0,0,0,0,1,0,0,0,0,0,0,1,0,0,0,2,0,0,0,0,0,0,0,0,-1,2,-1,0,0,-1,0,0,0,0,0,0,-1,0,0,0,2,0,2,0,0,1,0,0,0,0,1,3,1,0,0,0,0,0,0,0,0,0,0,0,0,0,0,0,0,0,1,2,1,0,0,1,0,0,0,0,0,1,2,0,0,0,-3,1,0,0,0,0,0,0,0,-1,-2,1,0,0,1,-1,3,4,0,2,1,1,2,3,2,0,0,1,0,0,1,0,1,0,0,0,0,1,0,1,0,1,1,3,1,0,3,2,0,2,0,0,0,0,0,0,2,2,-3,0,1,0,0,0,-1,1,-1,0,-3,-1,0,3,2,0,2,0,0,4,3,1,2,1,1,1,0,0,2,0,0,1,0,0,0,0,0,1,2,1,1,0,0,3,1,1,0,0,0,0,-2,3,2,0,0,0,2,-1,-2,0,-1,0,0,3,1,1
2514,10,2,09,0,1,1,1,1,0,1,2,1,0,0,1,1,1,1,0,0,0,0,0,0,0,1,1,0,0,1,1,0,0,0,0,0,0,0,0,0,0,0,0,0,0,-1,0,1,0,1,0,0,1,0,-1,-1,0,0,0,0,0,0,0,2,3,0,2,1,0,3,2,0,1,0,3,0,2,1,2,0,0,0,0,0,0,1,0,1,0,2,1,0,0,0,0,0,0,0,0,1,0,0,0,2,0,-2,2,0,0,3,-1,2,0,2,-2,-1,0,0,0,-1,0,0,0,2,0,0,0,2,0,3,1,0,4,2,0,0,0,2,0,0,0,0,0,0,2,1,0,1,0,1,0,0,3,0,0,0,0,0,0,0,0,0,0,2,-3,-1,0,-2,2,-2,-1,0,1,0,-1,0,0,-3,0,0,0,0,0,3,0,3,1,0,1,1,4,1,0,1,0,2,0,2,1,0,0,0,2,0,1,1,2,0,0,0,0,0,0,0,0,3,-1,2,-3,1,0,1,-2,2,-1,1,-1,0,0,0,0
2514,10,2,11,2,1,1,0,1,0,0,1,0,0,0,0,1,0,0,0,0,0,0,0,0,0,1,0,0,0,0,0,0,0,2,1,0,0,1,0,0,0,0,0,2,1,0,0,1,0,0,0,0,0,0,0,0,0,0,2,1,0,0,1,0,1,1,0,0,0,0,0,0,0,0,0,0,0,0,0,0,0,0,0,0,0,0,0,0,0,0,0,0,0,0,1,1,0,0,0,0,0,0,0,0,1,1,0,0,0,0,0,0,0,0,0,0,0,0,0,1,1,0,0,1,3,2,2,0,0,3,0,2,0,0,1,0,0,0,0,0,0,0,0,0,1,0,0,0,0,1,0,2,0,1,2,2,2,0,0,1,0,0,0,1,0,2,0,0,0,0,0,0,0,0,-1,0,-2,0,1,1,2,2,0,2,0,1,1,1,0,0,0,0,0,0,0,0,0,0,0,0,0,0,0,1,0,0,0,2,0,1,1,0,0,0,0,1,0,1,1,0,0,0,0,-1,0,0,0,2,0,1,1
2514,11,1,09,1,1,1,3,0,2,1,0,1,2,1,1,1,2,0,0,0,0,1,0,1,0,0,1,2,1,1,0,0,0,0,0,0,0,0,0,0,0,0,0,-1,0,1,2,-2,0,1,1,1,-2,-1,-1,0,1,0,0,0,0,0,0,0,1,2,1,0,1,0,2,0,1,0,0,2,1,0,0,1,0,0,0,1,0,1,0,1,0,0,1,0,0,0,0,0,0,0,0,0,0,0,0,-1,1,0,1,-1,-1,0,1,1,-1,0,1,-1,0,0,0,0,0,0,0,2,0,2,0,1,1,4,1,1,0,1,0,2,0,0,1,0,0,0,1,1,4,0,1,0,0,0,1,0,0,0,0,0,0,0,0,0,0,0,0,1,-4,1,-1,1,0,-4,2,-1,0,1,0,-1,0,1,0,0,0,0,0,2,0,1,1,3,1,1,3,1,0,0,0,1,0,1,1,1,1,1,0,0,0,0,3,0,0,0,0,2,0,0,0,-1,-1,0,-2,0,-1,-1,0,1,0,1,-2,-2,0,0,0
2514,11,1,11,1,2,2,0,1,0,0,0,3,2,0,1,0,0,1,0,0,0,0,0,0,0,0,2,0,0,0,0,1,2,1,1,2,0,0,0,0,0,0,0,1,2,2,-3,-1,0,1,0,-2,1,0,0,0,-1,-2,1,1,2,0,0,0,1,1,0,2,0,2,0,0,1,0,0,0,0,0,0,0,0,0,0,0,0,0,0,0,0,1,0,0,0,0,1,1,0,2,0,1,0,0,1,0,-1,1,0,1,0,0,0,0,0,0,-1,0,0,0,0,0,1,0,1,3,2,2,2,1,0,2,2,1,0,0,1,1,0,0,0,0,1,2,1,0,2,0,0,0,0,0,0,1,0,3,1,0,0,0,0,0,2,0,0,3,0,0,1,1,0,-1,1,0,0,0,0,1,1,1,3,1,-2,0,0,0,1,4,0,1,0,2,0,0,0,1,0,0,0,2,0,0,0,1,0,1,0,1,0,0,1,1,0,0,0,0,0,-1,1,2,0,0,0,0,0,-1,0,1,0,0,1,1,0
2514,11,2,09,2,0,1,1,0,1,0,3,1,3,1,0,0,1,0,1,0,1,0,0,0,0,2,0,2,1,0,0,1,1,0,0,0,0,0,0,0,1,0,0,1,0,-2,0,-3,1,0,-2,1,-2,0,0,1,-1,-1,0,0,-1,0,0,1,1,2,0,0,0,1,0,1,1,0,1,2,0,0,1,0,0,0,0,0,0,0,1,1,0,1,0,0,0,0,0,0,0,0,0,0,0,0,0,1,0,2,-1,-1,0,1,2,-1,-1,1,-1,0,0,0,0,0,0,0,0,2,1,0,0,0,0,2,1,2,1,1,1,0,0,0,1,0,0,0,0,0,0,1,0,1,0,1,0,2,0,0,0,0,0,0,0,1,0,0,0,2,-1,-1,-2,-1,1,1,-1,0,-1,1,-1,0,-2,0,0,-1,0,0,0,0,1,2,0,0,1,0,1,0,1,1,0,0,0,1,0,0,0,0,0,0,1,0,1,0,0,0,0,0,0,0,0,0,0,2,-1,0,1,1,0,0,-1,1,-1,0,0,0,0
2514,11,2,11,0,1,1,1,2,0,0,0,2,0,0,0,1,0,0,0,0,0,0,0,0,0,0,0,0,0,0,0,1,0,0,1,0,1,2,0,0,0,1,0,0,1,1,-1,2,0,0,1,0,0,0,0,0,-1,0,0,1,0,0,2,0,1,1,1,0,0,1,0,2,0,0,0,0,1,0,0,0,0,0,0,0,1,0,0,0,0,0,0,2,0,0,1,1,0,0,0,0,0,0,0,0,0,1,-1,0,0,-1,0,1,0,0,0,0,-2,0,0,1,1,0,0,3,4,2,1,1,1,2,2,1,1,0,0,0,0,0,0,0,0,0,1,0,0,0,0,1,1,2,2,1,0,3,4,2,1,0,0,0,0,0,0,2,2,0,0,0,0,0,0,0,-1,-1,-2,-2,-1,1,3,4,2,1,0,0,3,1,2,1,0,1,1,0,0,0,0,0,0,0,0,0,0,0,0,1,0,1,1,0,3,1,2,0,0,0,0,-1,3,0,1,0,0,0,0,-1,0,-1,-1,0,3,1,2
2514,12,1,09,1,2,1,0,1,2,0,0,2,3,0,1,1,0,1,1,1,0,0,0,1,0,0,1,1,1,0,0,1,2,0,0,0,0,0,0,0,0,0,0,-1,2,1,-2,-2,-1,1,1,-1,0,0,1,0,-1,-2,0,0,0,0,0,4,1,0,0,1,2,2,1,1,2,0,0,0,0,0,4,0,0,0,1,1,0,1,0,1,1,2,0,1,1,0,1,0,0,0,0,0,0,0,0,2,-1,-1,-1,-1,-1,0,-1,0,-1,3,-2,0,-1,0,0,1,0,0,0,1,0,2,0,4,2,0,2,1,2,1,0,2,0,3,0,0,0,0,1,1,0,1,1,2,1,0,0,0,0,0,0,0,0,0,0,0,1,0,0,-1,0,0,-1,2,0,0,1,-1,1,-1,0,0,0,1,0,0,-1,0,0,2,1,2,1,0,1,3,0,1,1,1,0,1,0,0,1,0,1,1,0,0,0,1,0,0,0,1,0,0,0,1,0,2,0,-1,1,1,0,0,0,1,0,-1,1,0,0,0,0
2514,12,1,11,0,2,1,2,0,0,0,0,1,0,0,1,1,0,0,0,0,0,0,0,0,0,0,0,0,0,0,0,1,0,0,1,0,2,0,0,0,0,0,0,0,2,1,1,0,0,1,1,0,0,0,0,0,-1,0,0,1,0,2,0,2,1,0,0,1,0,1,0,0,0,1,0,0,0,0,0,0,0,0,0,0,0,0,0,0,0,0,0,0,0,1,1,0,0,1,0,1,0,0,0,2,0,0,0,1,1,0,0,0,0,0,0,0,0,0,1,0,0,0,1,7,3,2,0,1,3,2,2,0,2,2,0,1,0,0,0,0,0,0,0,0,1,0,0,1,3,1,2,0,1,5,3,1,0,1,0,0,0,0,0,4,1,0,0,-1,2,-1,1,0,-1,-3,-1,-2,0,-1,5,3,1,0,1,1,3,1,1,0,2,1,1,1,1,0,0,0,0,0,0,0,1,0,0,0,1,1,1,0,2,1,1,0,0,0,0,1,1,0,0,1,0,0,0,0,-1,-1,-1,0,2,1,1
2514,12,2,09,3,0,1,1,1,0,2,2,1,3,2,0,0,1,1,1,0,1,0,0,0,2,2,0,2,0,0,0,1,1,0,0,0,0,0,0,0,0,0,0,3,-2,-1,0,-2,2,-2,-2,1,-1,1,0,1,-1,-1,0,0,0,0,0,2,4,2,1,2,1,1,2,2,1,2,2,2,1,2,0,2,0,0,0,0,0,1,1,1,1,1,0,1,0,0,0,0,0,0,0,0,1,0,0,1,3,0,-1,1,2,2,1,0,1,-1,1,0,-1,0,0,0,-1,0,0,1,2,1,1,2,1,3,0,0,0,0,1,0,0,1,1,1,1,1,1,1,1,0,0,0,0,2,0,0,0,0,0,0,0,0,0,0,0,0,0,0,-1,1,1,2,-1,0,0,0,1,1,-1,1,1,1,0,0,0,0,0,0,2,4,0,0,1,0,3,0,2,2,0,0,0,2,0,0,1,0,1,0,0,0,2,0,0,0,0,0,0,0,0,0,1,4,-3,0,1,2,-1,0,0,2,-2,0,0,0,0
2514,12,2,11,1,0,1,0,1,0,0,0,1,0,0,0,1,0,1,0,0,0,0,0,0,0,0,0,0,0,0,0,1,0,1,0,0,0,0,0,0,0,0,0,1,0,1,-1,1,0,0,1,0,1,0,0,0,-1,0,1,0,0,0,0,1,1,0,0,1,1,1,0,0,2,0,0,0,0,0,0,0,0,0,0,0,1,0,0,0,1,0,0,0,2,1,1,0,0,1,0,0,0,0,0,0,0,0,0,-1,0,-1,0,0,0,-1,0,0,0,-2,1,1,0,0,1,1,6,0,2,0,1,5,0,1,0,0,1,0,0,0,1,0,0,0,0,0,1,0,0,0,0,4,0,1,0,0,5,0,2,0,1,0,0,0,0,0,1,0,1,0,0,0,0,0,0,1,-4,0,-1,0,-1,5,0,2,0,1,1,2,0,2,0,1,0,0,0,1,0,1,0,0,0,1,0,0,0,1,0,1,0,0,1,1,0,0,0,0,0,-1,1,1,0,-1,0,1,0,0,0,-1,0,0,1,1,0
2514,13,1,09,1,1,4,1,1,3,1,4,3,0,1,0,1,0,1,0,1,3,1,0,2,1,2,3,0,1,0,2,0,0,0,0,0,0,0,0,0,0,0,0,-2,0,0,-2,1,-1,-1,-1,-3,1,-1,1,1,1,0,0,0,0,0,0,0,2,3,0,3,1,1,3,2,3,0,1,2,0,1,0,1,1,0,2,0,1,2,1,1,1,0,1,1,2,0,0,0,0,0,0,0,0,0,0,-1,1,0,-2,0,0,0,0,-1,0,-1,1,0,-1,0,0,0,0,0,0,0,0,0,1,1,2,3,0,1,3,0,0,0,1,0,0,0,0,0,1,0,3,0,1,2,2,0,0,0,1,0,0,0,0,0,0,0,0,0,0,-2,-3,0,0,-2,0,-3,0,0,-2,-2,0,0,0,0,0,0,0,0,0,1,1,0,2,2,0,1,1,1,1,0,0,0,0,0,2,1,0,1,0,1,0,0,1,0,0,0,0,0,0,0,0,-1,1,-1,1,0,1,-1,0,-1,0,0,1,0,0,0,0
2514,13,1,11,0,0,0,0,1,0,1,1,2,2,0,0,0,0,0,0,0,0,0,0,0,0,1,0,0,0,1,0,1,2,0,0,0,0,1,0,0,0,1,0,0,-1,-1,-2,-1,0,0,-1,0,0,0,-1,0,-1,-2,0,0,0,-1,1,0,0,0,1,1,0,0,1,1,0,0,0,0,0,0,0,0,0,0,0,0,0,0,0,0,0,0,0,0,0,0,0,0,1,1,0,0,1,1,0,0,0,-1,0,1,0,0,0,0,0,0,0,0,0,0,0,0,-1,0,1,1,1,0,0,2,0,2,1,0,0,0,0,0,0,0,0,0,0,0,1,0,0,0,0,0,0,2,1,0,0,1,1,0,0,1,0,0,0,0,0,1,-1,-1,0,2,0,0,0,0,0,0,-2,-1,0,1,1,1,0,0,1,2,2,2,1,2,0,1,1,0,0,0,1,1,1,1,0,0,0,1,0,2,0,0,0,1,1,1,0,0,0,0,1,0,2,1,0,0,0,-1,1,-1,1,1,0,1,1,1,-1
2514,13,2,09,1,1,3,2,0,2,0,1,0,3,0,0,2,1,0,1,1,1,1,0,1,0,1,0,1,1,0,0,0,2,0,0,0,0,0,0,0,0,0,0,-1,1,2,2,-3,-1,0,1,1,-1,0,1,1,1,-2,0,0,0,0,0,2,2,2,0,2,3,5,6,0,2,0,1,1,0,1,2,1,1,0,1,2,1,6,0,0,1,3,0,0,2,0,0,0,0,0,0,1,0,0,0,-1,-3,-4,0,0,-2,0,-5,0,1,1,-2,1,0,-1,0,-1,0,0,0,4,2,4,1,1,0,1,3,2,1,2,1,2,0,0,2,1,2,1,1,0,0,3,2,1,0,1,0,0,0,0,0,0,0,0,0,0,0,0,0,4,1,1,-1,0,2,1,-1,-2,-1,2,0,2,1,1,0,0,0,0,0,3,3,2,2,0,0,1,5,1,3,0,1,2,0,2,1,0,0,0,3,0,0,1,2,0,0,0,0,0,0,0,0,3,3,1,-3,1,3,0,-2,2,0,1,-1,0,0,0,0
2514,13,2,11,0,0,1,0,0,2,0,0,2,0,0,0,0,0,0,0,0,0,0,0,0,0,0,0,0,1,0,0,2,0,0,0,1,0,0,1,0,0,0,0,-2,0,1,-2,0,0,0,0,0,0,-1,0,0,-2,0,-1,0,1,0,0,0,1,1,1,2,0,0,0,1,1,0,0,0,0,0,0,0,0,0,0,0,0,0,0,0,0,0,0,1,0,0,1,1,1,2,0,0,0,0,1,0,1,1,0,1,0,0,0,0,0,0,0,0,-1,0,0,1,1,1,1,0,4,0,1,1,1,4,0,1,1,0,0,0,0,0,0,0,0,0,0,0,1,0,0,0,1,2,0,1,1,0,4,0,1,1,0,1,0,0,0,-1,0,0,0,0,0,-1,0,0,0,-1,-2,0,-1,-1,0,3,0,1,1,1,1,2,2,0,0,2,1,0,0,1,1,0,0,1,0,0,0,0,1,0,0,2,0,1,1,0,1,0,0,0,0,1,1,0,1,0,0,1,0,0,0,-1,0,1,1,0,1
2514,14,1,09,1,2,2,0,1,4,3,1,2,1,0,2,1,0,0,1,0,1,0,1,3,3,1,0,1,1,0,0,2,0,0,0,0,0,0,0,0,0,0,0,-3,-1,1,-2,0,-3,-1,0,0,-1,0,0,1,-2,1,0,0,0,0,0,1,0,2,1,0,2,2,0,0,1,0,0,1,0,0,1,0,1,1,0,1,0,0,0,1,1,2,0,0,0,0,0,0,0,0,0,0,0,0,0,-1,-2,2,1,-1,-1,0,1,0,-1,0,-2,1,1,0,0,0,0,0,0,0,1,0,1,1,2,1,2,2,3,0,0,0,1,1,0,1,0,0,0,2,1,1,2,2,0,0,0,0,1,0,0,0,0,0,0,0,1,0,0,-2,0,-2,-1,-2,-2,-1,-1,-1,-1,0,1,0,0,-1,0,0,-1,0,0,1,1,3,0,1,1,1,0,0,1,3,0,1,0,0,0,1,1,0,0,0,0,1,0,0,0,0,0,0,0,0,0,0,0,2,0,-1,0,3,0,1,0,-1,0,0,0,0,0
2514,14,1,11,0,2,1,1,0,0,0,0,3,0,0,1,0,0,0,0,0,0,0,0,0,0,0,1,0,0,0,0,2,0,0,1,1,1,0,0,0,0,0,0,0,2,1,-2,0,0,1,0,-1,0,0,0,0,-2,0,0,1,1,1,0,1,0,0,1,2,0,0,0,0,0,0,0,0,0,0,0,0,0,0,0,0,0,0,0,0,0,0,0,0,0,1,0,0,1,2,0,0,0,0,0,1,0,0,1,2,0,0,0,0,0,0,0,0,0,0,1,0,0,1,2,1,4,0,0,0,0,3,2,0,0,0,0,0,0,0,0,0,0,0,0,0,1,0,0,0,0,1,2,0,0,1,4,0,0,0,0,1,0,0,0,1,1,-2,0,0,0,-1,0,0,0,0,-1,-2,0,0,1,3,0,0,0,0,1,2,2,1,1,1,1,0,0,1,0,0,0,0,1,0,0,1,1,1,1,0,0,0,1,1,1,0,0,0,0,-1,0,1,1,0,0,0,-1,-1,-1,0,1,0,1,1,1
2514,14,2,09,2,1,1,4,3,2,1,4,0,3,0,1,1,3,2,2,0,0,1,1,0,0,3,0,1,1,1,1,0,2,0,0,0,0,0,1,0,0,0,0,0,0,-3,4,0,0,1,-2,3,1,1,-1,-1,1,-1,-1,0,0,0,0,0,1,1,2,0,2,0,3,1,2,0,0,1,2,0,0,1,0,0,0,0,0,1,0,2,2,0,1,1,0,0,0,0,0,0,0,0,1,0,0,-2,1,-2,1,-2,0,0,0,2,-2,-2,1,-1,-1,0,0,0,-1,0,0,0,0,4,3,1,1,1,2,6,0,0,0,1,2,0,0,0,3,1,0,1,0,1,3,0,0,1,1,3,0,0,0,0,0,1,0,0,0,0,0,-1,-1,2,-3,1,-1,0,0,-1,0,0,-1,2,-2,0,0,0,0,0,1,2,0,1,1,0,2,2,1,1,0,0,1,1,0,1,0,0,1,1,0,0,1,1,1,0,0,0,0,0,0,0,0,2,-2,-1,0,1,-1,-1,1,1,-1,0,-1,0,0,0,0
2514,14,2,11,1,2,1,0,2,0,0,0,2,0,0,0,1,0,0,0,0,0,0,1,0,0,0,0,0,0,0,0,2,0,1,2,0,0,1,0,0,0,0,0,1,2,1,-2,2,0,0,1,0,0,0,0,0,-2,1,1,2,0,0,1,2,0,0,0,0,1,0,0,2,0,0,0,0,0,0,1,0,0,0,0,1,0,0,0,0,0,0,0,1,0,1,0,0,0,0,0,0,0,1,0,1,0,0,-2,0,-1,0,0,0,0,1,0,0,-1,0,1,0,0,-1,0,4,1,1,0,1,3,0,1,1,1,0,1,0,0,1,1,0,0,0,0,0,0,0,0,0,3,0,1,1,0,3,0,1,0,0,0,0,0,0,1,1,1,0,-1,0,0,1,0,0,1,-2,0,-1,-1,0,3,0,1,0,-1,3,2,1,0,1,1,0,1,0,1,0,0,1,0,1,0,1,0,0,1,0,1,0,0,2,1,0,0,0,0,0,0,2,1,1,-1,-1,1,0,-1,1,-1,1,0,2,1,0,0
2514,15,1,09,1,1,0,1,2,2,0,2,4,0,0,0,0,1,2,1,1,0,0,0,0,0,2,3,0,2,0,0,1,0,0,0,0,0,0,0,0,0,0,0,-1,1,-2,-3,2,0,0,-2,-2,2,-1,1,0,-1,0,0,0,0,0,0,2,2,3,2,0,2,1,1,2,0,2,0,2,2,0,0,2,1,0,0,1,1,1,1,0,1,0,0,1,0,0,0,0,0,0,0,0,0,0,0,0,1,2,0,0,1,-1,1,1,0,-1,2,1,-1,0,0,0,0,0,0,1,0,0,1,1,1,1,0,3,2,0,0,0,1,1,1,0,0,0,0,0,1,0,3,1,1,0,0,0,1,0,0,0,0,0,0,0,0,0,0,0,-1,0,-2,-1,0,-1,0,-2,0,0,0,0,0,-1,0,0,0,0,0,0,0,3,3,1,1,1,1,0,0,0,1,0,0,3,2,1,0,1,1,0,1,0,0,0,0,0,0,0,0,0,0,-1,-1,2,2,-1,0,-1,0,0,-1,3,2,0,0,0,0
2514,15,1,11,1,0,2,0,0,0,0,1,2,0,0,0,0,0,0,0,0,0,0,0,0,0,1,1,0,0,0,0,1,0,1,0,2,0,0,0,0,0,0,0,1,0,1,-2,0,0,0,-1,-1,0,0,0,0,-1,0,1,0,2,0,0,3,3,1,0,1,0,2,0,0,0,0,1,1,0,0,0,0,0,0,0,0,0,0,0,0,0,2,0,0,0,3,2,0,0,1,0,0,0,0,0,3,1,1,0,1,0,1,1,0,0,0,-2,0,0,0,3,2,0,0,1,2,2,3,0,1,1,3,1,1,1,0,0,1,0,0,1,0,0,0,0,0,0,0,0,0,1,3,1,1,1,1,2,2,0,1,0,0,0,0,0,1,-1,2,-1,0,0,0,1,0,0,0,-3,-1,-1,-1,1,2,2,0,1,3,1,1,0,1,2,1,4,0,0,0,0,1,0,1,0,0,0,0,1,1,2,0,2,2,1,0,0,0,0,1,1,2,-1,0,-4,0,0,0,-1,0,-2,1,-2,2,1,-1,-1
2514,15,2,09,1,1,1,1,1,6,2,2,2,2,0,0,0,1,1,1,1,1,0,0,5,2,1,2,1,1,0,1,0,1,0,0,0,0,0,0,0,0,0,0,-5,-1,-1,-1,-1,-5,-2,-1,-1,0,0,1,0,0,-1,0,0,0,0,0,1,2,2,1,2,0,3,1,2,2,0,1,2,0,2,1,1,0,1,0,0,1,0,2,1,0,1,1,0,1,0,0,0,0,0,0,1,0,0,0,1,-1,1,-1,0,0,0,2,-2,1,1,0,-1,1,-1,0,-1,0,0,0,3,0,0,2,0,1,2,0,3,3,2,0,0,1,0,1,0,0,1,0,1,0,0,1,3,0,2,0,2,0,0,0,0,0,0,0,0,0,0,0,2,-2,0,-1,-3,1,0,0,0,-3,1,-2,0,-1,0,0,0,0,0,0,1,1,0,3,1,0,2,4,1,1,0,2,0,0,0,1,1,0,1,3,0,0,1,1,0,0,0,0,0,0,0,0,0,1,-2,-1,0,1,-1,-1,0,0,-1,0,0,0,0,0
2514,15,2,11,0,0,0,0,1,0,0,1,2,1,0,0,0,0,0,0,0,0,0,0,0,0,0,0,0,0,0,1,1,1,0,0,0,0,1,0,0,0,1,0,0,0,-1,-2,0,0,0,0,0,0,0,0,-1,-1,-1,0,0,0,-1,1,0,0,1,0,0,0,0,0,0,0,0,0,0,0,0,0,0,0,0,0,0,0,0,0,0,0,0,0,0,0,0,0,1,0,0,0,0,0,0,0,0,0,1,0,0,0,0,0,0,0,0,0,0,0,0,0,0,1,0,0,2,2,1,3,1,0,2,1,0,0,0,0,1,0,0,0,0,0,1,0,0,1,0,0,0,0,1,1,0,0,2,2,0,2,1,0,0,0,0,0,2,0,0,3,1,0,-1,1,0,0,0,-1,-1,1,0,2,2,0,2,1,2,3,0,0,2,0,1,1,1,0,0,0,1,1,0,0,0,0,0,0,2,0,1,1,0,2,0,0,0,0,0,0,0,3,-1,-1,1,0,0,0,-1,1,-1,-1,0,2,0,0
2514,16,1,09,2,1,2,3,3,5,3,3,1,3,2,1,1,3,2,0,0,1,0,1,2,2,2,1,2,2,1,1,0,1,0,0,0,0,0,1,0,0,0,0,-3,-2,-1,2,0,0,-1,-1,2,0,-2,-1,0,0,0,-1,0,0,0,0,1,1,0,2,0,3,1,1,1,2,0,0,0,2,0,1,1,0,0,0,2,0,1,1,2,1,1,0,0,0,0,0,0,0,0,0,0,0,0,0,-2,0,-1,1,-2,-2,0,-1,1,-2,0,0,0,0,0,0,0,0,0,0,0,2,1,2,1,0,3,0,3,1,0,1,1,2,1,0,0,0,0,0,0,0,0,2,1,0,2,0,1,0,0,1,0,0,0,0,1,0,0,0,0,-1,1,-1,0,0,1,1,0,0,0,-2,0,-1,0,0,0,0,0,0,1,4,4,1,1,2,5,2,0,4,2,1,1,0,2,0,1,1,3,1,0,1,2,1,0,0,0,0,0,0,0,0,0,2,-1,-1,-1,3,-1,0,1,-1,0,-1,0,0,0,0
2514,16,1,11,0,0,1,4,4,1,0,0,1,0,0,0,0,0,0,0,0,0,0,0,0,0,0,0,0,1,0,0,1,0,0,0,1,4,4,0,0,0,0,0,-1,0,1,3,4,0,0,0,0,0,-1,0,0,-1,0,0,0,1,4,4,2,5,1,1,1,1,0,1,0,0,1,0,0,0,0,0,0,0,0,0,1,0,0,0,0,0,0,0,0,0,1,5,1,1,1,0,0,1,0,0,1,5,0,1,1,0,0,0,0,0,0,0,0,0,0,1,5,0,1,1,5,6,4,4,0,3,3,2,2,0,1,0,2,0,0,1,0,1,2,0,0,0,0,0,0,3,2,2,2,0,3,6,1,2,0,0,1,0,0,0,2,3,2,2,0,1,0,2,0,0,-2,-2,-1,0,0,3,5,1,2,0,3,3,1,5,0,3,1,1,1,1,1,1,1,0,0,0,0,1,1,0,0,1,0,1,1,2,0,4,0,1,0,0,3,0,0,4,1,0,0,1,1,-1,0,-1,1,1,0,4
2514,16,2,09,0,0,5,3,3,0,5,4,3,4,0,0,2,1,1,0,0,3,2,0,0,4,2,1,3,0,1,2,2,1,0,0,0,0,2,0,0,0,0,0,0,-5,1,0,-1,0,-4,0,0,-2,0,-1,1,0,-1,0,0,0,0,2,1,3,4,3,3,3,2,5,4,2,1,2,4,2,1,0,1,0,1,1,2,1,3,2,2,1,0,2,2,0,0,0,0,0,1,0,1,0,0,0,-2,1,-1,-1,1,-1,1,1,0,-1,-1,1,-2,-1,1,0,-1,0,0,1,0,2,2,1,1,4,1,1,6,3,0,1,2,1,0,0,1,0,0,1,4,0,1,5,1,0,1,0,1,2,0,0,0,0,0,0,0,0,0,0,-4,1,1,-5,-2,-4,1,1,-4,-1,0,0,0,-1,-1,0,0,0,0,0,2,2,1,2,1,1,1,3,1,2,0,1,1,0,1,1,1,1,0,2,0,0,1,1,0,0,0,0,0,0,0,0,1,1,0,-1,0,1,0,-1,1,0,0,0,0,0,0,0
2514,16,2,11,1,2,0,3,4,2,0,0,2,0,0,0,0,1,0,0,0,0,0,1,0,0,0,1,0,1,0,0,1,0,1,2,0,2,3,1,0,0,0,0,-1,2,0,1,4,0,0,0,0,0,-1,0,0,-1,1,0,2,0,2,3,1,1,0,2,1,0,1,0,0,1,0,0,0,1,0,0,0,0,0,0,0,0,0,0,0,0,0,0,0,0,1,1,0,1,1,0,1,0,0,1,1,0,0,2,0,0,0,0,1,0,0,0,0,0,0,1,0,0,1,0,0,0,3,0,0,2,2,2,0,0,0,0,2,0,0,0,0,0,0,0,1,1,0,0,0,1,0,2,0,0,0,0,1,0,0,0,1,0,0,0,-2,-2,1,0,0,-1,-1,2,0,0,-1,0,-2,0,0,0,-1,1,0,0,0,3,1,1,0,0,2,0,0,0,0,0,0,1,1,0,0,0,0,0,0,0,2,0,0,2,0,1,0,0,0,0,0,3,-1,1,0,0,0,0,0,1,-1,0,0,2,0,1
2514,17,1,09,1,1,3,1,5,3,1,1,1,0,0,0,3,1,4,1,0,0,0,1,3,0,0,0,0,0,1,1,1,0,0,1,0,0,0,0,0,0,0,0,-2,0,2,0,5,-3,0,3,1,4,1,-1,-1,-1,1,0,1,0,0,0,3,0,1,0,0,2,0,1,1,4,2,0,0,0,0,1,0,1,0,0,1,0,1,1,4,1,0,0,0,0,0,0,0,0,0,0,0,0,0,0,1,0,0,-1,-4,1,0,-1,-1,-4,0,0,1,0,0,0,0,0,0,0,4,0,0,2,1,4,1,0,0,2,3,0,0,1,0,1,0,0,1,1,4,1,0,0,1,0,0,0,0,1,0,0,0,0,0,0,0,0,0,0,0,-1,0,2,-1,-1,-1,0,1,-1,1,0,0,1,0,0,0,0,0,0,2,3,2,1,0,3,3,1,2,2,2,1,0,1,0,0,0,3,3,1,0,0,0,0,0,0,0,0,0,0,0,0,2,0,-1,0,2,-1,-1,0,0,1,0,0,0,0,0,0
2514,17,1,11,1,1,1,2,5,0,1,0,2,1,0,0,0,1,1,0,0,0,0,0,0,0,0,0,0,0,0,0,2,1,1,1,1,1,4,0,1,0,0,0,1,0,1,0,4,0,0,0,1,1,0,0,0,-2,-1,1,0,1,1,4,0,3,2,0,4,1,1,0,1,0,0,0,0,0,2,0,0,0,0,0,0,1,0,0,0,0,0,0,1,0,0,3,2,0,2,1,0,0,0,0,-1,2,2,-1,4,0,-1,0,0,2,0,0,0,-1,0,-1,3,2,0,2,4,6,3,0,2,0,2,3,1,5,0,1,0,0,0,0,0,1,0,0,0,1,1,0,0,0,1,2,1,4,4,5,2,0,2,0,0,0,0,1,4,4,0,-1,-3,0,0,-1,0,0,0,-1,-1,-1,-4,4,5,2,0,1,5,0,2,2,2,0,0,0,2,0,0,1,1,0,0,0,0,0,0,0,2,0,0,0,2,0,2,1,0,0,0,0,3,0,2,2,2,0,0,1,-1,0,0,0,2,0,2,1
2514,17,2,09,3,2,2,1,1,5,2,2,2,3,2,1,0,1,1,1,1,2,0,0,4,0,0,2,3,1,2,2,0,0,0,0,0,0,0,0,0,0,0,0,-2,0,0,-1,-2,-2,1,0,-1,-2,0,-1,0,0,0,0,0,0,0,0,1,3,0,3,2,2,0,2,1,3,0,2,0,1,1,1,1,0,2,1,0,0,2,1,2,1,0,0,0,1,0,0,0,0,0,1,0,0,0,0,-1,3,-2,2,-1,0,2,-2,0,-1,0,1,0,2,0,-1,0,0,0,0,3,2,1,1,0,3,3,3,3,2,0,2,1,0,0,3,0,0,1,0,1,1,3,3,1,2,2,0,0,1,0,0,0,0,0,0,0,0,0,0,0,-1,-2,-2,-2,-1,1,-2,-3,-1,1,-2,0,1,-1,0,0,0,0,0,1,1,0,0,2,0,0,1,0,1,0,0,1,0,0,0,2,0,0,0,0,0,0,1,0,0,0,0,0,0,0,0,-1,1,0,-1,-2,1,0,0,1,0,0,-1,0,0,0,0
2514,17,2,11,0,1,0,2,1,1,1,1,2,3,0,1,0,1,0,0,0,0,0,1,0,1,0,0,0,0,0,0,2,3,0,0,0,1,0,1,0,1,0,0,-1,0,-1,0,-2,0,0,0,1,0,0,0,0,-2,-2,-1,0,-1,1,0,0,1,0,0,0,0,0,0,1,0,0,0,0,0,0,0,1,0,0,0,0,0,0,0,0,0,0,0,1,0,0,0,0,0,0,0,0,0,0,0,0,1,0,-1,0,0,0,0,0,0,0,1,0,-1,0,0,0,0,0,0,1,3,1,1,2,0,1,1,0,1,0,0,1,0,1,0,0,0,0,0,0,0,0,0,1,0,1,1,0,0,1,3,0,1,1,0,0,0,0,0,1,2,0,1,1,0,0,1,0,0,0,-1,-1,0,0,1,3,0,1,1,1,1,1,0,0,1,5,1,0,0,0,0,1,0,1,0,0,0,3,0,0,1,1,1,0,1,0,0,0,0,1,0,1,0,-4,-1,0,0,-3,0,1,-1,0,-1,0,1,-1,0
2514,18,1,09,3,5,4,2,0,2,5,4,1,4,2,4,3,2,0,1,1,0,0,0,2,2,3,1,3,0,3,1,0,0,0,0,1,0,0,0,0,0,0,1,1,0,0,1,-4,0,2,0,1,-3,1,-2,-1,0,0,0,0,1,0,-1,4,0,2,2,1,4,2,2,1,1,2,0,2,2,0,2,0,0,0,1,1,2,2,0,0,3,0,0,1,1,0,0,0,0,0,0,0,0,0,0,0,-2,0,1,0,1,-2,0,2,0,-1,0,0,-1,0,0,0,0,0,0,2,2,1,2,2,1,2,1,2,4,1,1,1,2,2,1,1,0,0,0,1,1,1,1,1,0,1,0,1,3,0,0,0,0,0,0,0,0,0,0,1,0,0,0,-2,0,0,0,1,1,1,0,0,-1,-3,0,0,0,0,0,2,2,1,1,0,1,1,2,2,1,0,0,0,1,1,1,0,0,0,1,0,1,1,1,0,0,0,0,0,0,0,0,2,1,0,-1,2,1,0,-1,0,0,0,0,0,0,0,0
2514,18,1,11,0,0,0,2,3,0,0,0,2,0,0,0,0,0,0,0,0,0,1,0,0,0,0,0,0,0,0,0,2,0,0,0,0,1,3,0,0,0,0,0,0,0,0,0,3,0,0,0,0,0,0,0,0,-1,0,0,0,0,1,3,0,1,2,2,1,1,3,2,3,1,0,0,1,0,0,0,0,0,0,0,0,0,1,0,0,1,3,1,3,1,0,1,1,2,1,0,0,0,0,0,-1,-2,0,-1,0,0,0,0,0,0,-1,-3,-1,-3,-1,0,1,1,2,1,2,9,5,4,0,2,1,4,3,1,0,1,2,2,0,1,0,0,1,0,0,0,1,1,0,2,0,3,2,1,1,8,3,1,0,0,1,0,0,0,0,8,1,1,-1,0,1,1,1,0,-1,0,-3,-1,-1,1,7,3,1,0,2,0,0,0,2,0,1,0,0,0,0,0,1,0,0,0,1,0,0,0,1,0,1,0,1,0,0,0,0,0,0,0,0,0,-1,0,-1,0,0,0,0,0,-1,0,1,0,0,0
2514,18,2,09,4,5,2,3,2,7,5,4,3,4,3,3,1,3,1,1,2,1,0,1,2,4,1,3,3,5,1,3,0,1,0,0,0,0,0,0,0,0,0,0,-3,0,-2,0,-2,1,-1,0,0,-2,-4,1,-2,0,0,0,0,0,0,0,0,2,0,4,1,4,3,5,3,4,0,1,0,3,1,0,0,0,1,0,3,1,2,1,4,1,1,3,2,0,0,1,0,0,0,0,1,0,0,0,-4,-1,-5,1,-3,-3,0,-2,2,-3,-1,-1,-3,-1,0,0,0,0,0,0,4,4,4,1,2,2,5,0,1,2,2,3,3,1,2,2,1,0,0,0,1,5,0,0,1,1,0,0,1,1,0,0,1,0,0,0,0,0,0,0,2,-1,4,0,0,1,-2,3,1,1,1,1,0,-1,-1,0,0,1,0,0,2,3,2,1,1,5,1,3,1,2,1,1,1,1,1,0,0,3,0,3,1,2,1,0,0,0,0,0,0,0,0,0,1,-2,1,-2,1,-1,1,-2,0,-1,0,0,0,0,0,0
2514,18,2,11,2,2,0,0,0,0,0,0,1,0,1,0,0,0,0,0,0,0,0,0,0,0,0,0,0,0,0,0,1,0,1,2,0,0,0,0,0,0,0,0,2,2,0,-1,0,1,0,0,0,0,0,0,0,-1,0,1,2,0,0,0,1,3,1,0,1,0,3,0,0,1,0,0,0,0,0,0,2,0,0,1,0,0,0,0,0,0,3,0,0,1,1,1,1,0,0,0,0,0,0,0,1,0,1,0,0,0,0,0,0,0,0,-1,0,0,0,1,1,1,0,0,1,3,3,1,2,2,1,2,1,0,0,2,1,0,0,0,0,1,0,1,1,0,0,0,0,1,1,2,1,0,1,1,1,1,1,0,0,0,0,0,-1,2,1,0,2,-1,2,1,0,0,-1,-1,-1,-1,1,1,1,1,1,1,2,0,0,1,4,0,2,1,0,0,0,0,0,0,0,0,2,0,0,0,2,0,2,1,2,0,0,1,0,0,0,0,-2,0,-2,0,-2,0,0,0,-2,0,-2,-1,2,0,0,1
2514,19,1,09,2,8,7,3,1,13,15,15,25,13,2,6,3,2,0,0,2,4,1,1,5,6,9,9,5,8,9,6,16,8,0,0,0,0,0,0,0,0,0,0,-11,-7,-8,-22,-12,-3,0,-6,-7,-5,-8,-7,-2,-15,-7,0,0,0,0,0,6,9,3,0,4,17,15,8,5,9,3,3,2,0,3,3,6,1,0,1,7,10,4,3,5,9,5,4,2,4,0,0,0,0,0,1,0,0,0,0,-11,-6,-5,-5,-5,-4,-7,-2,-3,-2,-6,1,-3,-2,-3,-1,0,0,0,0,4,6,3,6,4,9,13,18,12,6,3,4,1,6,2,1,2,2,0,2,3,4,2,8,3,6,9,16,4,3,0,0,0,0,0,0,0,0,0,0,-5,-7,-15,-6,-2,0,0,-1,-2,-1,-5,-7,-14,-4,-1,0,0,0,0,0,3,5,5,4,9,11,7,9,1,2,2,3,2,3,3,1,5,5,5,5,4,6,2,4,0,0,0,0,0,0,0,0,-6,-6,-2,-5,-4,-3,-3,-2,-2,-3,1,-3,0,0,0,0
2514,19,1,11,1,1,0,0,1,0,1,2,1,0,0,0,0,0,0,1,0,0,0,1,0,1,1,0,0,0,0,1,1,0,0,1,0,0,0,0,0,0,0,0,1,0,-2,-1,1,0,-1,-1,0,0,1,0,-1,-1,1,0,1,0,0,0,0,1,0,4,2,0,5,0,1,3,0,0,0,1,1,0,0,0,2,1,0,1,0,1,0,0,4,0,0,3,0,1,0,1,0,0,0,0,0,0,0,-4,0,3,-1,0,-1,0,0,1,0,-4,0,2,-2,0,1,0,1,0,3,4,8,4,1,2,1,5,3,2,0,0,1,1,0,1,0,1,0,0,0,1,1,0,0,2,0,4,2,1,2,4,6,3,1,0,0,0,1,1,1,3,3,1,-1,0,-1,0,1,0,-1,0,-3,-2,-1,2,4,6,2,0,2,0,2,0,1,1,2,1,0,0,0,0,2,0,1,0,0,0,0,0,1,1,2,0,0,0,1,0,0,0,0,1,1,-1,0,-1,0,0,0,0,1,-1,-1,0,0,0,1,-1
2514,19,2,09,9,7,6,4,4,26,36,20,14,26,6,6,5,1,3,2,1,1,3,1,10,17,11,5,11,16,19,9,9,15,1,0,0,0,0,0,0,0,0,0,-17,-29,-14,-10,-22,-4,-11,-6,-4,-8,-14,-18,-8,-6,-14,1,0,0,0,0,6,4,6,8,6,30,25,17,14,13,4,3,3,5,4,2,1,3,3,2,11,13,9,5,4,19,11,8,9,9,0,0,0,0,0,0,1,0,0,0,-24,-21,-11,-6,-7,-7,-10,-6,0,0,-17,-10,-5,-6,-7,0,-1,0,0,0,2,3,7,6,3,9,21,18,18,22,2,2,5,4,3,0,1,1,2,0,5,8,4,9,6,4,13,14,9,16,0,0,1,0,0,0,0,0,0,0,-7,-18,-11,-12,-19,-3,-6,1,-5,-3,-4,-12,-13,-7,-16,0,0,1,0,0,4,5,7,3,20,10,22,11,2,4,5,2,2,1,2,1,10,3,10,4,10,7,12,7,0,0,0,0,0,0,0,0,-16,-5,-15,-8,-8,1,-5,-2,-8,-6,-10,-6,0,0,0,0
2514,19,2,11,0,1,2,0,0,0,0,0,1,1,0,0,1,0,0,0,1,0,0,0,0,0,0,0,1,0,0,0,0,0,0,0,1,0,0,0,0,0,1,0,0,1,2,-1,-1,0,0,1,0,-1,0,1,0,0,0,0,0,1,-1,0,0,1,2,1,1,1,1,2,1,0,0,1,0,1,0,0,0,1,0,0,0,0,0,0,0,1,0,2,1,0,0,0,1,0,1,0,1,0,0,0,-1,0,0,0,1,0,1,0,1,0,-1,0,-1,-1,0,0,-1,1,0,1,1,2,2,1,0,1,0,1,1,0,0,1,0,0,0,0,0,0,1,0,0,0,0,0,0,1,0,1,1,0,1,1,2,0,0,0,0,0,0,0,0,2,1,0,0,0,1,0,0,0,-1,0,-1,0,0,1,1,2,0,0,1,3,4,2,2,2,1,1,0,1,0,1,1,2,3,0,0,0,0,0,2,2,1,1,0,0,1,1,0,0,0,0,-1,1,3,1,0,1,0,1,-1,0,2,-1,0,0,1,1
2514,20,1,09,9,5,8,6,8,14,16,9,25,14,6,2,5,3,3,3,3,3,3,5,3,4,3,10,5,11,11,6,15,9,0,0,0,0,0,0,1,0,0,0,-5,-11,-1,-19,-6,3,-2,2,-7,-2,-8,-8,-3,-12,-4,0,-1,0,0,0,10,10,14,8,6,17,7,17,12,9,3,4,10,4,1,6,5,3,4,5,5,3,9,6,3,11,4,7,6,6,1,1,1,0,0,1,0,1,0,0,-7,3,-3,-4,-3,-2,1,1,-2,-2,-5,1,-4,-2,-1,0,1,0,0,0,7,4,3,7,9,15,5,15,10,13,2,3,2,2,6,5,1,1,5,3,6,4,7,4,4,9,1,7,6,9,0,0,0,0,0,0,0,1,0,0,-8,-1,-12,-3,-4,-4,-1,-5,-2,2,-4,0,-6,-1,-6,0,0,-1,0,0,5,5,5,8,6,6,13,15,4,1,2,4,1,4,3,4,4,3,4,8,1,3,9,6,0,0,0,0,1,0,0,1,-1,-1,-8,-7,0,-2,-2,-4,0,1,-6,-2,-1,0,0,-1
2514,20,1,11,1,0,0,2,4,1,1,1,0,1,0,0,0,0,1,0,0,0,0,1,0,0,1,0,1,1,1,0,0,0,1,0,0,2,2,0,0,0,0,0,0,-1,-1,2,3,0,0,-1,0,0,-1,-1,0,0,1,1,0,0,2,2,1,0,1,2,4,2,0,2,2,3,0,0,1,0,1,0,0,0,2,2,0,0,1,1,0,2,0,0,1,2,1,0,0,0,1,0,0,1,0,1,-1,0,-1,0,1,0,0,0,-1,1,-2,0,0,1,0,1,0,-1,0,0,0,5,5,13,3,0,3,4,6,4,0,1,0,5,2,0,0,1,3,1,0,0,0,2,0,0,2,4,3,4,0,4,4,5,0,0,1,0,1,0,0,2,1,7,-1,0,1,0,3,2,0,-2,-3,0,-3,0,3,4,4,0,2,7,1,0,2,2,0,1,0,2,0,0,2,1,1,0,0,0,0,1,2,2,0,0,0,4,0,0,0,0,0,0,0,5,1,-1,0,2,0,-1,0,-1,1,0,0,4,0,0
2514,20,2,09,16,16,15,16,6,20,31,21,26,26,11,8,6,9,2,5,8,9,7,4,6,7,9,8,8,14,24,12,16,16,0,0,0,0,0,0,0,0,2,2,-4,-15,-6,-10,-20,5,1,-3,1,-6,-9,-16,-3,-9,-12,0,0,0,-2,-2,9,12,10,6,4,22,20,18,19,10,6,5,3,3,3,3,7,7,3,1,7,8,5,10,4,15,12,13,9,6,0,0,0,0,0,0,0,0,0,0,-13,-8,-8,-13,-6,-1,-3,-2,-7,-1,-12,-5,-6,-6,-5,0,0,0,0,0,8,6,9,7,8,16,11,13,19,17,6,3,5,4,5,2,3,4,3,3,4,7,7,7,6,12,4,6,12,11,0,0,0,0,0,0,0,0,0,0,-8,-5,-4,-12,-9,2,-4,-2,-3,-1,-10,-1,-2,-9,-8,0,0,0,0,0,14,10,9,11,19,10,13,15,7,9,5,6,7,1,4,5,9,5,6,5,10,5,7,10,0,0,0,0,0,0,0,0,-5,0,-4,-4,-2,4,-1,1,-3,-4,-3,-5,0,0,0,0
2514,20,2,11,1,1,0,1,1,1,0,0,4,0,1,0,0,0,1,0,0,0,0,0,0,0,0,0,0,0,0,0,4,0,0,1,0,1,0,1,0,0,0,0,0,1,0,-3,1,1,0,0,0,1,0,0,0,-4,0,-1,1,0,1,0,1,0,1,2,1,1,0,1,0,1,1,0,0,0,1,0,0,0,2,0,0,0,0,0,1,1,0,1,0,0,0,0,1,0,0,0,0,0,0,0,0,0,0,2,0,1,0,0,0,0,-1,0,-1,2,0,0,0,1,0,0,1,0,3,4,1,2,1,2,4,2,0,0,1,0,0,0,0,1,2,1,2,1,1,0,0,0,0,1,4,2,1,0,1,2,0,0,0,0,0,0,-1,-1,1,0,-1,-2,-1,0,0,0,0,0,0,-2,-1,1,0,1,2,0,3,2,1,2,1,3,2,5,2,0,1,1,0,1,0,1,1,0,0,0,0,3,2,5,1,1,0,0,0,0,0,0,2,-1,-1,-3,1,0,1,1,0,-2,-2,-4,1,1,0,0
2514,21,1,09,10,6,10,4,17,13,13,18,19,17,4,3,4,2,5,5,3,5,2,12,7,3,5,11,5,6,10,12,8,12,1,0,1,0,0,0,0,1,0,0,-3,-7,-8,-15,0,-3,0,-1,-9,0,-1,-7,-7,-6,0,1,0,0,0,0,11,8,6,8,8,12,19,11,13,7,5,2,4,6,5,6,4,2,2,3,10,8,1,7,3,2,10,10,6,4,0,2,0,0,0,0,1,0,0,0,-1,-11,-5,-5,1,-5,-6,3,-1,2,4,-6,-8,-4,-1,0,1,0,0,0,8,11,4,12,6,12,6,15,16,8,5,6,3,8,4,3,5,1,4,2,4,3,9,6,3,8,3,6,10,5,0,0,0,0,0,0,0,0,0,0,-4,5,-11,-4,-2,1,3,-6,2,1,-5,2,-5,-6,-3,0,0,0,0,0,3,7,6,10,8,8,13,7,2,3,1,5,1,4,5,5,3,6,2,2,5,2,11,5,0,0,0,0,0,0,0,0,-5,-1,-7,3,-1,-3,-1,3,-4,2,-6,0,0,0,0,0
2514,21,1,11,1,2,0,1,4,0,1,0,0,0,0,1,0,0,3,0,0,0,1,0,0,0,0,0,0,0,0,0,0,0,1,1,0,0,1,0,1,0,0,0,1,1,0,1,4,0,1,0,0,3,0,0,0,1,0,1,0,0,0,1,0,1,1,1,1,0,1,1,3,1,0,0,0,0,1,0,0,1,0,0,0,0,0,0,0,0,1,1,1,1,0,1,0,1,0,0,0,0,2,0,0,0,0,-2,0,0,0,0,0,1,0,-1,0,-1,-1,0,1,0,-1,0,3,14,1,0,7,2,8,3,1,9,0,4,0,0,1,3,2,0,0,3,1,3,0,0,2,1,5,3,1,7,0,8,1,0,3,0,0,0,0,0,1,6,-2,-1,-2,-1,1,0,0,-1,2,-3,-3,-1,-4,0,8,1,0,3,1,4,2,2,2,4,2,1,1,3,0,1,0,1,2,1,2,1,0,0,0,3,2,1,0,0,0,0,0,0,0,0,-1,0,0,1,-1,2,0,1,0,-2,0,0,0,0,0,0
2514,21,2,09,9,17,6,14,13,24,27,8,21,21,5,7,3,6,7,4,10,3,8,6,9,14,2,6,6,15,13,6,15,15,0,0,0,0,0,0,0,0,0,0,-15,-10,-2,-7,-8,-4,-7,1,0,1,-11,-3,-3,-7,-9,0,0,0,0,0,11,9,17,13,9,20,21,19,15,10,2,5,10,4,5,8,4,6,9,4,8,10,8,3,1,12,9,10,12,7,1,0,1,0,0,0,2,1,0,2,-9,-12,-2,-2,-1,-6,-5,2,1,4,-4,-5,-4,-3,-3,1,-2,0,0,-2,10,4,5,7,7,15,10,10,17,17,5,1,4,4,4,5,3,1,3,3,7,6,5,7,4,8,4,5,10,13,0,0,0,0,0,0,0,0,0,0,-5,-6,-5,-10,-10,-2,-5,-1,-3,0,-3,-1,-4,-7,-10,0,0,0,0,0,0,7,8,6,5,13,14,7,0,2,6,5,0,5,2,1,4,7,7,4,1,6,7,3,0,0,0,0,0,0,0,0,-5,-6,-6,-1,-4,-5,-1,1,-1,-1,-5,-2,0,0,0,0
2514,21,2,11,0,1,5,1,0,1,1,4,3,1,0,1,2,0,0,0,0,0,0,0,0,0,4,0,0,0,0,0,3,1,0,0,3,1,0,1,1,0,0,0,-1,0,1,-2,-1,0,1,-2,0,0,0,0,0,-3,-1,-1,-1,3,1,0,0,1,0,1,4,1,1,0,2,2,0,0,0,0,0,0,0,0,0,2,1,0,0,1,0,0,1,0,1,2,0,1,0,1,2,0,0,0,0,0,-1,0,0,-1,2,-1,0,0,-1,0,0,-1,0,-1,0,0,1,0,1,2,3,3,1,2,2,3,3,1,2,2,1,2,0,0,0,0,1,0,1,0,2,1,0,0,0,1,2,1,2,2,2,0,1,1,2,0,0,0,0,0,0,0,0,0,0,-1,1,0,0,0,-1,-1,-1,-1,-2,2,0,1,1,2,5,1,2,0,3,1,4,1,0,1,1,0,2,0,1,0,0,0,1,0,3,1,3,1,3,0,0,0,0,0,0,0,2,0,-2,-1,0,1,0,0,-1,-1,-2,-1,3,0,0,0
2514,22,1,09,9,11,7,5,9,16,14,20,12,18,4,8,3,4,4,4,3,4,1,5,6,6,6,5,8,9,7,14,6,10,1,0,0,0,0,1,1,0,1,0,-7,-3,-13,-7,-9,-2,2,-3,-1,-4,-5,-4,-10,-5,-5,0,-1,0,-1,0,13,9,9,11,7,12,19,17,12,10,9,1,2,4,5,3,8,7,7,2,5,7,3,3,7,7,12,13,9,3,1,0,0,0,0,0,0,1,0,0,1,-10,-8,-1,-3,4,-6,-1,1,-2,-4,-4,-6,-2,-1,1,0,-1,0,0,8,8,7,5,5,10,8,14,8,11,5,4,6,1,1,3,4,1,4,4,4,4,9,4,3,6,4,5,4,8,0,0,0,0,0,0,0,0,0,0,-2,0,-7,-3,-6,1,0,-3,-3,-2,-3,0,-4,0,-4,0,0,0,0,0,10,4,6,8,13,5,10,10,5,4,5,4,5,0,0,4,8,4,6,6,4,1,4,4,0,0,1,0,1,0,0,0,-3,-1,-4,-2,-3,0,-1,-2,1,-1,-4,0,-1,0,1,0
2514,22,1,11,1,2,1,3,0,2,1,0,3,0,1,1,0,2,0,0,1,0,0,0,0,0,0,0,0,2,1,0,2,0,0,0,1,1,0,0,0,0,1,0,-1,1,1,0,0,1,1,0,2,0,-2,0,0,-2,0,0,0,1,0,0,0,1,3,0,1,2,2,2,2,1,0,0,1,0,0,0,1,1,0,0,1,0,0,1,0,1,2,2,1,1,0,0,1,0,1,0,0,0,0,0,-2,-1,1,-2,0,-1,0,1,-1,0,-1,-1,-1,-1,-1,0,0,1,0,1,7,8,2,4,1,3,8,4,2,2,2,3,0,2,0,2,1,0,0,1,1,1,3,1,1,2,7,1,0,1,3,4,2,2,0,0,0,0,1,0,4,0,-2,2,-1,1,2,-3,1,-1,0,-6,-1,0,0,3,4,2,1,0,4,3,3,3,4,4,6,4,0,0,0,1,4,1,2,1,0,1,2,1,3,3,4,3,0,2,1,1,1,0,0,0,0,-1,-3,-1,0,-1,-2,0,1,-2,-2,-2,-1,2,1,1
2514,22,2,09,12,8,12,4,19,18,14,8,18,27,2,2,5,2,10,10,6,7,2,9,7,3,4,7,18,11,11,4,9,9,0,0,0,0,0,0,0,0,2,0,-6,-6,4,-14,-8,-5,-1,1,-5,-8,-1,-5,3,-7,0,0,0,0,-2,0,16,14,13,12,18,16,7,20,15,17,3,8,5,8,9,12,6,7,4,9,8,3,6,8,5,8,4,14,6,11,1,0,1,0,0,0,0,0,1,1,0,7,-7,-3,1,-5,5,-1,0,4,4,2,-7,-2,-2,1,0,1,-1,-1,6,7,7,8,10,8,10,9,17,8,4,3,2,4,5,2,4,5,4,5,4,5,6,7,4,4,5,3,10,4,0,0,0,0,0,0,0,0,0,0,-2,-3,-2,-9,2,0,-2,-4,-3,1,-2,-1,2,-6,1,0,0,0,0,0,10,14,6,9,5,9,16,15,5,10,2,3,4,4,4,6,2,5,4,5,2,4,12,10,1,0,0,0,1,0,0,0,5,5,-10,-6,3,5,-2,-2,2,0,-8,-4,0,0,0,0
2514,22,2,11,3,1,0,1,3,3,1,0,4,1,1,0,0,1,0,1,0,0,0,1,0,1,0,2,0,3,0,0,2,1,1,1,0,0,2,0,0,0,0,0,0,0,0,-3,2,1,-1,0,-1,0,-2,0,0,-2,0,1,1,0,0,2,1,1,2,2,4,0,0,0,0,2,0,0,0,1,1,1,0,2,0,1,0,0,0,0,1,0,0,0,0,1,0,1,0,1,2,0,0,0,0,0,1,1,2,2,2,0,0,0,1,0,1,0,2,0,0,0,1,0,1,2,2,2,4,1,0,4,2,2,2,2,0,0,1,0,0,1,1,0,0,0,0,0,0,1,1,4,1,2,1,1,1,1,3,1,0,0,1,0,0,0,-2,0,2,-1,-2,0,0,1,-1,-1,-3,0,-2,-1,-1,1,0,3,1,0,2,3,2,2,2,2,3,2,1,0,0,1,0,1,2,1,2,0,0,1,0,2,3,1,1,2,0,0,0,0,0,0,0,1,-1,0,-1,0,0,0,0,-1,-1,0,1,2,0,0
2514,23,1,09,7,5,6,12,6,13,11,7,15,11,4,3,2,4,2,3,2,4,8,4,6,7,2,4,7,7,4,5,11,4,0,0,0,0,0,0,0,0,0,0,-6,-6,-1,-3,-5,-2,-4,0,0,-5,-4,-2,-1,-3,0,0,0,0,0,0,11,8,8,12,3,10,7,19,12,10,7,4,3,3,1,4,4,5,8,2,6,1,10,6,5,4,5,8,6,4,0,0,0,1,0,0,1,1,0,1,1,1,-11,0,-7,1,3,-7,-3,-4,0,-1,-3,2,-2,0,-1,-1,1,-1,4,6,2,6,11,8,8,8,13,9,2,4,2,2,5,2,2,0,4,6,4,6,2,6,4,4,2,6,7,5,0,0,0,0,0,0,0,0,0,0,-4,-2,-6,-7,2,-2,-2,0,-4,1,-2,0,-6,-3,1,0,0,0,0,0,7,11,7,7,15,12,5,10,2,5,4,3,5,5,3,4,10,7,4,5,5,5,1,5,0,1,0,0,0,0,0,0,-8,-1,2,-3,-8,-2,0,-2,0,0,2,-1,0,1,0,0
2514,23,1,11,0,4,0,2,1,1,2,3,3,0,0,0,0,0,0,0,1,0,1,0,0,0,2,0,0,1,2,1,3,0,0,3,0,1,1,0,0,0,0,0,-1,2,-3,-1,1,0,0,-2,0,0,-1,-1,-1,-2,0,0,3,0,1,1,1,2,3,4,2,3,2,2,3,0,0,2,0,3,0,0,0,1,0,2,2,1,0,1,0,1,1,2,2,0,1,0,2,1,0,0,0,0,0,0,-2,0,1,1,2,-2,1,0,2,0,-1,-1,-1,-2,2,1,0,2,1,0,3,6,2,1,4,2,3,3,1,3,0,3,0,1,0,0,2,0,0,3,0,2,0,0,2,2,1,3,0,1,3,1,2,0,1,0,0,0,1,0,1,3,-1,0,1,0,1,0,1,-2,-2,1,-3,0,2,3,1,2,-1,1,4,3,2,2,3,8,4,5,2,2,1,0,1,1,0,2,0,3,0,0,3,5,3,3,1,0,1,0,0,0,1,2,1,-5,-2,-3,2,-1,1,0,-2,-4,-3,-1,1,0,0,-2
2514,23,2,09,10,14,8,12,9,12,14,13,14,9,8,6,3,6,2,2,6,5,6,7,5,5,5,5,4,7,7,6,9,5,0,2,0,0,0,0,2,2,0,0,-2,0,-5,-2,0,3,1,-2,1,-2,-5,-1,-1,-3,2,0,0,-2,0,0,11,4,9,17,11,17,16,9,12,8,5,2,2,10,3,6,2,7,6,7,10,6,5,4,6,6,10,4,8,2,0,0,0,1,1,1,0,0,0,0,-6,-12,0,5,3,-5,-4,-3,6,-3,0,-8,3,-2,5,-1,0,0,1,1,19,9,9,4,9,12,9,8,7,6,10,3,5,2,4,9,6,4,2,5,4,2,4,3,5,8,7,4,4,1,0,0,0,0,0,0,0,0,0,0,7,0,1,-3,3,6,1,1,-1,-1,1,-1,0,-2,4,0,0,0,0,0,9,12,7,9,9,10,10,15,7,5,4,6,2,7,3,3,7,3,6,9,2,7,4,6,0,0,0,0,0,0,0,0,0,2,-3,-6,0,2,-2,-3,0,0,-1,-3,0,0,0,0
2514,23,2,11,0,0,0,0,4,0,1,1,1,3,0,0,0,0,1,0,0,0,0,0,0,1,0,0,1,0,0,1,1,2,0,0,0,0,3,0,0,0,0,0,0,-1,-1,-1,1,0,-1,0,0,0,0,0,-1,-1,-2,0,0,0,0,3,1,1,0,0,1,1,0,0,0,2,0,1,0,0,1,1,0,0,0,0,0,0,0,0,1,1,0,0,0,1,0,0,0,0,0,0,0,0,0,0,0,1,0,0,-1,0,1,0,0,0,0,0,0,0,-1,0,0,0,0,0,7,2,2,3,2,5,2,4,2,1,1,0,0,2,0,1,0,1,0,0,0,0,1,2,0,2,2,3,0,1,5,2,1,1,2,3,0,0,0,0,2,0,-2,1,1,1,0,-1,0,0,-1,-2,-2,0,-1,2,2,1,1,2,4,3,3,4,4,2,5,3,0,1,0,0,3,1,3,3,0,0,0,0,4,2,5,2,1,1,0,1,0,0,0,1,0,1,-2,1,0,1,0,0,-1,-1,-2,1,1,1,0,0
2514,24,1,09,9,8,4,9,8,11,17,7,18,13,6,5,1,6,2,3,3,3,3,6,6,8,1,13,4,5,9,6,4,9,0,0,0,0,0,0,0,0,1,0,-2,-9,-3,-9,-5,0,-3,0,-7,-2,-2,-6,-3,-1,-3,0,0,0,-1,0,8,15,8,10,8,11,12,13,6,7,3,7,2,3,3,5,8,6,7,5,4,4,5,2,6,6,7,8,4,1,0,0,0,0,0,1,1,0,0,0,-3,3,-5,4,1,-1,3,-3,1,-3,-1,1,-2,3,4,-1,-1,0,0,0,6,9,3,9,4,13,11,3,10,6,3,3,1,4,4,3,6,2,5,0,5,8,2,5,2,8,3,1,5,3,0,0,0,0,0,0,0,0,0,1,-7,-2,0,-1,-2,-2,-5,-1,-1,2,-5,3,1,0,-3,0,0,0,0,-1,5,10,6,6,6,9,10,12,2,5,3,2,3,5,3,4,5,5,4,3,1,4,5,9,0,0,0,0,0,0,1,0,-1,1,-4,-6,-3,0,-1,-1,2,1,-2,-5,0,0,-1,0
2514,24,1,11,0,2,1,1,1,0,0,2,2,1,0,1,0,0,0,0,1,0,0,0,0,0,0,0,0,0,0,2,2,1,0,0,1,1,1,0,0,0,0,0,0,2,-1,-1,0,0,1,0,0,0,0,1,-2,-2,-1,0,0,1,1,1,1,4,2,1,1,2,1,1,2,2,0,1,1,0,0,0,2,1,1,0,1,0,0,0,0,1,1,1,2,1,1,1,0,0,1,0,0,0,0,1,-1,3,1,-1,-1,-1,1,1,0,0,-1,1,0,-1,-1,1,1,0,0,0,2,3,1,1,2,0,5,4,1,2,0,0,1,1,1,1,2,0,0,0,0,1,0,1,1,0,3,3,0,0,1,1,0,0,1,0,1,1,0,1,2,-2,-3,0,0,0,-1,1,0,0,1,-1,-3,0,0,1,0,-1,0,0,2,2,6,3,3,2,7,2,1,0,2,2,1,0,0,1,1,1,1,2,1,1,5,0,0,2,4,0,1,0,1,0,-1,0,-1,1,0,-1,1,0,0,-1,-5,1,-1,2,3,0
2514,24,2,09,7,6,5,7,11,9,12,6,8,14,5,3,2,1,3,2,3,3,5,8,8,6,3,2,5,1,6,3,6,9,0,0,0,1,0,0,0,0,0,0,-2,-6,-1,-1,-3,-3,-3,-1,-1,-2,1,-3,0,-1,-1,0,0,0,1,0,8,14,9,13,8,10,10,12,13,9,3,5,3,4,3,5,9,6,9,5,3,5,5,5,6,7,5,6,8,3,0,0,0,0,0,0,0,1,0,0,-2,4,-3,0,-1,0,0,-2,-1,-3,-2,4,0,1,2,0,0,-1,0,0,4,8,13,11,5,10,8,9,8,5,2,4,4,6,2,2,4,9,5,3,6,4,1,5,4,4,4,8,3,1,0,0,0,0,0,0,0,0,0,0,-6,0,4,3,0,-4,0,3,1,-2,-2,0,1,2,2,0,0,0,0,0,9,6,10,9,11,9,12,7,4,2,6,3,5,4,4,6,2,5,6,4,8,4,6,3,0,0,0,0,1,0,0,0,-2,-3,-2,2,2,-3,0,-1,-3,0,-2,3,-1,0,0,0
2514,24,2,11,0,2,0,1,2,0,3,0,0,0,0,1,0,0,0,0,1,0,0,0,0,2,0,0,0,0,1,0,0,0,0,0,0,1,2,0,0,0,0,0,0,-1,0,1,2,0,-1,0,0,0,0,0,0,0,0,0,0,0,1,2,1,1,1,3,2,3,1,0,2,1,1,0,0,1,0,0,1,0,0,0,1,0,0,0,1,2,0,0,2,0,0,0,1,2,2,0,1,0,0,0,-2,0,1,1,1,0,0,0,1,-1,-2,1,0,-2,0,0,-1,1,2,2,2,6,2,2,2,0,7,1,1,4,0,2,1,1,0,0,1,1,0,0,0,1,0,1,3,0,5,1,0,1,2,3,0,1,2,0,1,0,0,0,2,-1,1,1,-2,0,1,1,0,-3,0,-4,0,0,-1,2,2,0,1,2,2,0,4,3,1,1,3,1,0,0,3,0,1,0,0,1,0,0,3,0,1,1,0,1,1,0,1,2,0,0,0,0,1,-1,1,2,0,0,0,0,0,-1,0,0,1,0,1,2
2514,25,1,09,5,3,8,8,10,11,11,5,8,10,3,1,2,4,4,2,2,6,4,6,4,6,1,6,5,7,5,4,2,3,0,0,0,0,0,0,0,0,0,2,-6,-8,3,0,0,-1,-5,1,-2,-1,-5,-3,2,2,3,0,0,0,0,-2,12,9,9,14,8,15,15,13,8,5,2,3,4,6,5,10,6,5,8,3,6,7,8,4,2,9,7,5,4,3,0,0,0,0,0,0,1,0,0,0,-3,-6,-4,6,3,-4,-4,-4,2,3,1,-1,0,4,0,0,-1,0,0,0,8,7,6,3,4,12,3,5,4,13,4,2,3,2,3,4,5,3,1,1,6,2,2,3,9,5,1,3,1,4,0,0,0,0,0,1,0,0,0,0,-4,4,1,-1,-9,-2,0,1,-1,-6,-1,4,0,0,-3,-1,0,0,0,0,8,5,6,8,8,8,8,4,4,4,5,2,4,1,1,6,4,5,6,3,3,3,2,1,0,0,0,0,1,0,0,0,0,-3,-2,4,0,-1,-1,-1,1,-2,-1,5,-1,0,0,0
2514,25,1,11,2,0,4,1,1,0,1,0,2,1,1,0,2,0,0,0,0,0,1,1,0,0,0,0,0,0,1,0,1,0,1,0,2,0,0,0,0,0,1,1,2,-1,4,-1,0,1,0,2,0,0,0,-1,0,0,1,1,0,2,-1,-1,0,3,1,5,2,0,0,0,2,1,0,1,0,2,0,0,1,0,0,1,0,0,0,0,0,0,0,0,0,1,0,1,1,3,1,0,0,0,2,0,0,3,1,3,1,0,1,0,2,0,0,1,0,0,0,0,1,1,1,1,3,3,4,5,1,3,3,3,3,3,2,1,0,2,0,1,1,1,0,1,1,0,0,1,1,1,3,3,2,2,0,1,3,3,0,1,0,0,0,0,0,0,1,2,-2,1,1,0,1,-1,0,-2,-2,-2,-1,-1,1,3,3,0,2,4,4,5,2,5,3,2,0,2,2,1,1,2,2,1,1,2,1,1,1,3,2,1,1,0,0,3,0,0,0,0,0,-1,1,3,-1,0,1,0,0,-1,0,0,1,0,0,3
2514,25,2,09,14,8,7,11,6,10,9,6,12,9,6,4,1,7,1,8,3,6,4,5,5,3,3,8,2,5,5,3,4,5,0,1,0,0,0,0,1,0,0,2,4,-1,1,-1,-3,1,1,-2,-1,-1,3,-2,3,0,0,0,0,0,0,-2,6,10,14,9,15,15,11,12,6,8,2,3,7,4,11,4,7,7,4,4,3,5,7,3,4,12,6,4,3,4,0,0,0,1,0,0,0,1,0,0,-9,-1,2,3,7,-1,-2,0,1,7,-8,1,3,1,0,0,0,-1,1,0,13,8,6,7,5,9,10,11,10,6,3,6,3,3,4,9,2,3,4,1,3,4,6,6,3,4,6,5,4,3,1,0,0,0,0,2,0,0,0,0,4,-2,-5,-3,-1,0,2,-3,-3,1,5,-4,-2,0,-2,-1,0,0,0,0,5,3,1,5,4,5,3,5,2,0,0,1,3,2,1,4,2,4,2,1,2,1,1,4,0,1,0,0,0,0,0,0,1,-2,-2,0,0,-4,-2,0,1,1,0,0,0,1,0,0
2514,25,2,11,2,1,1,3,1,1,0,0,0,0,0,0,0,0,0,2,0,0,0,0,0,0,0,0,0,1,0,0,0,0,0,1,1,3,1,0,0,0,0,0,1,1,1,3,1,0,0,0,0,0,1,0,0,0,0,0,1,1,3,1,1,1,1,2,1,1,0,2,0,1,0,0,0,1,1,1,0,0,0,0,0,0,1,0,1,1,0,0,0,0,0,1,1,1,0,0,0,1,0,0,0,1,-1,2,0,0,0,-1,1,0,0,0,0,0,0,0,1,0,1,0,2,4,2,1,3,3,0,3,2,1,1,1,0,0,1,0,0,0,1,1,0,0,1,0,0,3,0,2,2,0,1,3,2,0,1,0,0,0,0,1,-1,4,-1,-1,2,1,1,-1,0,1,-3,0,-2,-1,1,1,3,2,0,0,4,4,4,3,0,2,3,4,1,0,1,0,3,1,1,3,0,0,0,2,0,2,2,2,0,3,2,0,0,0,1,0,4,2,1,-1,1,0,1,-2,3,-1,-1,1,0,3,1,0
2514,26,1,09,9,8,7,3,6,9,10,9,10,10,4,3,4,2,4,5,5,3,1,2,4,5,4,5,6,5,5,4,4,3,0,0,0,0,0,0,0,1,1,1,0,-2,-2,-7,-4,0,-2,0,-3,-2,0,0,-1,-3,-1,0,0,-1,-1,-1,4,10,12,8,7,8,8,6,9,9,1,2,6,5,4,0,8,5,2,3,4,0,2,5,6,4,7,3,4,3,3,0,1,1,0,0,1,1,0,0,-4,2,6,-1,-2,-3,2,4,0,-2,-4,1,2,-2,0,3,-1,0,1,0,10,9,7,7,8,8,6,7,6,5,6,7,4,2,7,4,2,3,5,1,3,3,3,2,1,5,2,4,3,4,0,0,0,0,0,0,1,0,1,0,2,3,0,1,3,3,4,1,0,6,-1,0,-1,2,-3,0,-1,0,-1,0,10,4,3,5,9,6,3,5,7,1,2,1,3,3,1,4,6,3,1,0,3,3,2,5,0,0,0,0,0,0,0,0,1,-2,0,0,1,-2,1,1,0,0,-1,-1,0,0,0,0
2514,26,1,11,2,2,1,0,3,0,2,1,3,0,0,0,0,0,0,0,0,0,0,2,0,2,0,0,0,0,0,1,3,0,2,2,1,0,1,0,0,0,0,0,2,0,0,-3,3,0,-2,0,0,0,0,0,-1,-3,2,2,2,1,0,1,1,0,2,0,5,1,0,0,1,2,0,0,0,0,1,0,0,1,0,0,0,0,0,1,0,1,0,0,0,1,1,0,1,0,4,0,0,0,0,1,0,0,2,-1,3,0,0,0,-1,1,-1,0,1,0,-1,1,0,1,0,3,4,3,2,4,1,1,3,3,3,1,3,1,0,2,0,0,0,0,0,0,0,0,1,2,0,1,3,2,1,1,1,2,2,2,1,0,0,0,0,0,3,0,-1,1,0,3,1,-1,0,0,-1,-3,-2,-1,-1,1,2,2,2,1,2,2,2,4,3,4,1,1,0,1,0,2,1,0,0,1,2,1,1,0,1,3,0,1,1,1,2,1,0,0,0,0,-1,-2,1,3,-2,0,-1,2,0,-3,0,0,1,1,2,1
2514,26,2,09,9,11,3,8,7,8,11,13,7,6,6,3,1,4,3,3,8,2,4,4,5,6,5,4,3,3,5,8,3,3,0,0,0,0,0,0,0,0,0,0,1,0,-10,1,1,1,-3,-4,0,0,0,3,-6,1,1,0,0,0,0,0,5,17,9,13,11,7,7,9,10,9,0,7,2,5,4,3,10,7,7,7,1,1,4,8,5,6,5,5,2,4,2,0,0,1,0,0,1,0,0,0,-2,10,0,3,2,-1,6,-2,-3,-1,-3,5,2,5,3,2,-1,0,1,0,8,7,9,8,7,10,5,7,9,4,4,2,4,2,4,4,5,5,6,3,3,2,4,1,3,6,3,3,8,1,0,0,0,0,0,1,0,0,0,0,-2,2,2,-1,3,1,0,0,1,1,-2,2,2,-2,2,-1,0,0,0,0,1,6,1,7,5,5,5,4,1,3,1,6,0,3,0,1,2,2,2,3,3,2,3,1,0,0,0,0,0,1,0,0,-4,1,-4,3,-1,1,-1,3,-3,1,-3,0,0,-1,0,0
2514,26,2,11,2,2,3,1,3,2,3,1,1,1,0,0,0,0,0,2,2,1,1,0,1,0,1,0,1,0,2,0,1,0,0,0,2,0,3,1,1,0,0,0,0,-1,2,0,2,-1,0,-1,0,-1,2,0,1,0,0,-1,-1,2,0,3,3,1,2,0,2,1,0,0,2,2,1,0,0,0,0,1,0,1,0,0,0,0,0,0,1,1,0,0,0,0,1,1,1,0,2,0,0,0,2,1,2,1,2,-2,0,1,0,0,0,-1,0,0,1,0,0,1,1,1,-2,1,2,3,5,5,3,1,2,2,1,0,0,0,1,0,2,1,1,0,3,0,0,1,0,0,0,1,1,2,1,0,1,2,4,2,1,0,0,0,0,0,1,1,3,4,3,0,-1,1,0,2,0,0,-2,2,0,1,2,4,2,1,4,3,3,1,3,3,3,2,0,2,0,0,1,0,3,1,0,1,0,2,3,1,3,0,3,1,0,0,0,1,0,0,1,0,0,-1,0,1,0,-2,-2,-1,0,1,3,0,0,0
2514,27,1,09,6,8,4,7,3,7,9,8,7,10,2,3,1,2,0,4,5,3,5,3,2,4,4,1,3,5,5,4,6,6,0,0,0,0,0,0,0,0,0,1,-1,-1,-4,0,-7,0,-1,-3,1,-3,-1,0,-1,-1,-3,0,0,0,0,-1,9,4,3,7,7,7,7,7,7,6,5,2,0,4,5,4,2,3,2,2,2,3,2,5,2,4,4,4,2,4,0,0,0,1,0,1,0,1,0,0,2,-3,-4,0,1,3,-1,-2,-1,3,0,-2,-1,0,-2,-1,0,-1,1,0,9,7,11,4,10,9,6,8,5,10,4,2,6,2,8,5,5,5,2,2,7,4,4,3,5,2,2,4,2,5,0,0,0,0,0,0,0,0,0,0,0,1,3,-1,0,-3,-2,2,-1,3,3,3,1,0,-3,0,0,0,0,0,5,4,2,4,7,6,6,3,0,3,0,2,5,1,2,2,5,4,5,2,2,2,1,1,0,0,0,0,0,0,0,0,-2,-2,-4,1,-5,-1,-5,0,3,-1,1,1,0,0,0,0
2514,27,1,11,2,3,2,3,2,0,4,1,0,3,0,0,1,2,1,0,1,0,0,0,0,0,0,0,2,0,3,0,0,1,2,2,1,1,1,0,1,1,0,0,2,-1,1,3,-1,0,0,1,2,-1,0,-2,0,0,-1,2,1,0,1,1,1,5,1,2,2,1,0,2,2,0,0,2,0,1,1,1,2,0,0,0,0,0,0,1,0,0,0,2,1,0,0,1,1,1,1,1,0,0,0,0,0,5,-1,0,2,0,2,0,0,1,1,2,-2,-1,0,-1,1,1,1,1,6,4,2,0,5,2,3,0,3,3,1,1,0,0,1,1,1,0,0,1,0,1,0,0,0,1,2,0,3,3,4,2,2,0,3,1,0,0,0,0,4,1,2,-3,2,1,0,0,0,1,0,-1,0,-3,-2,3,2,2,0,3,4,3,3,3,2,2,3,6,1,1,2,0,2,0,1,2,1,0,1,2,1,2,2,2,1,2,0,1,0,0,0,2,2,1,0,-3,0,1,1,-2,1,-2,-1,0,1,2,0,-1
2514,27,2,09,4,8,5,5,8,3,8,12,5,5,2,3,3,3,5,2,5,2,2,3,2,3,5,1,3,1,5,5,4,2,0,0,0,0,0,0,0,2,0,0,1,0,-7,0,3,0,0,-2,2,2,1,0,-3,-2,1,0,0,-2,0,0,6,8,3,5,8,6,6,8,6,6,2,4,3,1,4,4,4,0,4,4,3,2,5,3,3,3,4,3,3,2,0,0,0,0,0,0,0,0,0,1,0,2,-5,-1,2,-1,2,-2,-2,1,1,0,-3,1,2,0,0,0,0,-1,4,5,7,6,8,8,8,4,6,8,2,4,5,2,4,2,1,2,4,4,4,6,4,2,6,4,2,0,3,2,0,0,0,0,0,0,0,0,1,0,-4,-3,3,0,0,-2,-2,1,0,-2,-2,-1,2,1,2,0,0,0,-1,0,6,8,2,4,6,10,2,3,3,5,0,2,3,3,1,2,5,8,1,2,0,2,1,1,0,0,1,0,1,0,0,0,0,-2,0,1,-2,-3,-1,0,3,1,0,1,-1,0,1,0
2514,27,2,11,1,2,0,2,2,0,1,0,0,1,0,0,0,1,0,0,0,0,0,1,0,1,0,0,0,0,0,0,0,1,1,2,0,1,1,0,0,0,0,0,1,1,0,2,1,0,-1,0,1,0,0,0,0,0,0,1,2,0,1,1,1,0,2,4,4,1,0,0,2,1,0,0,2,2,3,1,0,0,0,0,0,0,0,2,0,0,0,0,0,1,0,0,0,2,1,1,0,0,0,0,0,0,2,2,3,0,0,2,0,3,1,0,0,0,-1,-1,0,0,2,1,3,7,3,0,3,1,4,2,1,2,2,2,0,0,0,1,1,2,0,1,1,1,1,0,0,0,3,0,1,2,0,4,1,0,2,0,0,1,0,0,2,3,1,-1,1,1,1,-1,0,0,1,-2,2,-1,-1,0,4,0,0,2,3,2,6,7,0,3,5,3,1,0,2,0,1,2,1,0,0,3,0,0,0,0,3,2,1,0,3,7,0,0,2,1,3,-1,1,4,1,-3,2,0,1,2,-2,-2,1,0,1,6
2514,28,1,09,6,8,5,5,6,12,11,14,7,4,3,4,2,3,1,3,4,2,2,4,5,6,7,3,1,6,5,7,4,2,0,0,1,0,1,1,0,0,0,1,-6,-3,-9,-2,2,-2,-2,-5,0,0,-3,-1,-5,-2,2,-1,0,1,0,0,8,9,7,7,4,5,10,8,4,9,3,4,2,2,3,5,5,5,5,1,1,8,4,0,4,4,2,4,4,4,0,0,0,0,0,0,0,0,0,1,3,-1,-1,3,-5,2,-4,-2,2,-1,1,3,1,1,-3,0,0,0,0,-1,10,1,9,3,8,4,7,8,9,10,7,1,2,1,6,3,0,7,2,2,3,5,5,5,4,0,2,3,3,5,0,0,0,0,0,1,0,0,1,1,6,-6,1,-6,-2,4,-4,-3,-4,2,3,-2,4,-1,-3,-1,0,0,-1,-1,6,9,5,7,5,8,4,2,4,5,3,6,2,4,2,1,3,3,3,2,2,4,1,0,0,0,0,0,0,1,0,0,1,1,1,5,1,2,0,4,0,0,1,1,0,-1,0,0
2514,28,1,11,1,4,0,2,7,0,1,2,1,2,0,0,0,1,1,1,0,0,0,2,0,0,0,0,1,0,0,2,1,1,0,4,0,1,4,0,1,0,0,0,1,3,-2,1,5,0,0,0,1,0,1,0,-2,-1,1,0,3,0,1,4,2,1,0,3,2,1,1,1,0,0,1,0,0,1,1,1,0,0,0,0,1,1,1,0,0,0,0,0,0,0,0,1,0,2,1,0,0,0,0,0,1,0,-1,3,2,0,-1,-1,1,1,1,0,0,0,0,0,1,0,2,1,3,3,5,1,3,2,5,4,1,0,1,0,1,1,1,0,1,2,0,0,1,1,0,0,0,0,4,4,1,0,2,2,2,0,2,1,0,0,0,0,1,-2,1,0,3,0,-1,1,1,1,0,-3,-2,-1,0,1,2,2,0,2,1,3,3,5,2,3,4,3,0,2,0,1,0,1,1,3,1,2,0,2,1,1,4,0,1,0,2,1,0,0,0,1,-1,0,-1,2,-1,0,0,-1,-1,0,-3,3,1,0,2,0
2514,28,2,09,9,3,3,4,3,9,6,3,8,1,3,0,0,3,1,6,2,3,1,2,2,1,0,3,1,6,4,3,3,0,0,1,0,0,0,1,1,0,2,0,0,-3,0,-4,2,1,-1,0,0,0,0,-2,0,-2,2,-1,0,0,-2,0,2,3,2,4,7,3,7,4,5,1,2,2,1,1,6,0,1,1,3,1,0,2,4,4,1,3,5,0,1,0,0,0,0,0,0,0,0,0,0,0,-1,-4,-2,-1,6,2,0,-3,-3,5,-3,-4,1,2,1,0,0,0,0,0,7,3,4,7,6,4,4,8,6,11,4,0,2,4,4,3,3,2,3,2,3,2,5,3,4,1,2,3,1,7,0,0,0,0,0,0,0,0,2,0,3,-1,-4,1,-5,1,-2,-3,1,0,2,1,-1,2,-5,0,0,0,-2,0,5,7,6,4,6,1,2,5,1,4,4,1,3,3,2,3,2,1,0,1,4,0,2,3,1,0,0,0,0,0,0,1,-1,6,4,-1,-1,3,4,0,-1,3,0,0,1,0,0,-1
2514,28,2,11,2,1,1,1,0,1,1,1,1,3,0,0,0,0,0,2,0,0,0,0,0,1,0,0,1,1,0,1,0,2,0,1,1,1,0,0,0,0,1,0,1,0,0,0,-3,0,-1,0,0,-1,1,0,-1,0,-2,0,1,1,0,0,1,0,1,3,1,1,0,0,1,2,1,0,0,0,0,0,0,0,1,0,0,0,0,0,0,1,0,0,0,1,0,0,1,2,1,0,0,0,1,1,0,0,1,2,-1,1,0,0,0,0,-1,0,0,1,-1,0,0,1,1,0,2,6,3,2,3,1,3,1,3,2,0,0,1,2,0,0,0,1,0,1,0,0,0,1,2,0,1,1,2,0,2,6,1,0,2,1,2,0,0,0,1,3,2,-1,1,0,0,1,1,-2,0,-1,0,-2,1,1,4,1,0,2,2,1,3,3,3,1,3,6,1,1,0,2,0,0,0,1,1,0,0,2,2,0,3,1,1,0,3,0,0,1,0,3,-1,0,0,-3,0,1,0,0,-2,0,-3,0,1,-1,3,-3
2514,29,1,09,6,8,3,11,5,5,6,7,4,4,2,5,1,6,1,3,3,2,5,4,1,3,6,1,3,4,3,1,3,0,1,0,0,0,0,0,0,0,0,1,1,2,-4,7,1,1,2,-5,5,-2,-1,0,1,2,4,1,0,0,0,-1,3,7,2,4,6,1,7,5,4,9,3,5,1,1,3,0,2,1,3,3,0,5,2,2,6,1,2,2,1,3,0,0,0,0,0,0,0,1,1,0,2,0,-3,0,-3,3,0,-1,-1,-3,-1,0,-1,2,0,0,0,-1,-1,0,6,4,2,6,7,4,9,1,6,6,2,1,1,2,6,2,3,1,4,1,2,6,1,2,3,1,3,0,4,3,2,0,0,0,0,1,0,0,0,0,2,-5,1,0,1,0,-5,0,0,3,1,0,1,0,-2,1,0,0,0,0,12,8,6,6,6,4,4,5,9,4,1,4,3,4,5,1,6,2,2,3,0,2,2,1,0,0,0,1,0,0,0,1,6,4,2,1,3,2,-1,1,3,2,3,0,0,0,0,0
2514,29,1,11,2,5,2,1,4,2,2,1,0,3,0,2,1,0,1,0,0,1,1,2,0,1,0,0,1,0,1,0,0,2,2,3,0,0,1,2,0,1,0,0,0,3,1,1,1,0,1,1,0,0,0,-1,1,1,0,0,3,-1,0,1,1,3,1,1,4,4,1,2,1,1,1,0,1,0,0,0,2,0,1,1,2,0,1,0,1,2,0,0,1,0,0,1,0,0,3,0,1,1,0,0,-3,2,-1,0,3,-1,0,0,0,-1,-2,2,0,0,1,0,0,-1,0,3,3,2,5,1,2,2,1,4,2,1,1,0,0,0,0,0,0,1,0,1,1,0,2,1,0,0,1,2,1,1,2,2,4,1,1,1,0,0,0,0,1,1,1,-1,1,0,0,-2,-1,0,0,-1,-1,-1,0,1,2,4,1,1,2,5,3,5,0,1,4,2,1,1,1,1,1,1,1,2,0,0,0,0,0,0,3,2,0,3,1,2,0,1,1,0,2,4,-1,3,1,1,1,1,1,1,-2,0,0,2,0,2
2514,29,2,09,5,7,5,4,3,3,4,3,3,3,4,1,2,2,0,1,5,2,2,3,0,2,1,2,2,3,2,2,1,1,0,1,1,0,0,0,0,0,0,0,2,3,2,1,0,4,-1,1,0,-2,-2,3,0,1,2,0,1,1,0,0,4,5,5,6,2,5,3,4,4,2,2,3,1,2,2,2,2,4,4,0,2,3,2,2,1,3,0,2,2,1,0,0,0,0,0,0,0,0,0,0,-1,2,1,2,0,0,0,-1,0,1,-1,2,2,2,-1,0,0,0,0,0,6,6,8,1,7,5,4,3,2,6,2,3,4,0,3,3,3,4,1,2,3,3,3,2,3,2,1,0,0,2,1,0,0,0,2,0,0,0,0,1,1,2,5,-1,1,-1,0,1,-2,0,1,2,4,1,0,1,0,0,0,1,9,4,1,4,9,7,4,6,6,2,1,4,3,2,0,0,8,5,0,2,1,1,4,4,0,0,0,0,0,1,0,0,0,-3,-3,-2,-2,-3,1,2,2,1,-4,-4,0,-1,0,0
2514,29,2,11,1,3,4,1,1,1,1,2,1,1,0,1,0,0,0,1,2,3,0,0,0,0,0,0,1,1,1,2,1,0,0,0,1,1,1,0,0,0,0,0,0,2,2,0,0,0,1,0,0,-1,0,1,1,-1,0,0,0,1,1,1,0,2,1,0,2,0,2,1,0,2,0,0,1,0,0,0,1,0,0,0,0,0,0,0,0,0,1,0,0,2,0,1,0,0,2,0,1,1,0,0,0,0,0,0,0,0,0,1,0,0,0,0,0,0,-2,0,0,-1,0,2,2,5,2,2,2,0,4,5,2,1,0,1,0,0,2,0,0,1,0,0,0,0,1,1,1,0,3,4,0,0,2,4,1,2,0,0,1,0,1,0,2,1,-3,0,1,0,1,-1,-1,1,0,-3,-3,0,0,2,3,1,1,0,2,4,3,5,3,5,1,1,1,1,1,3,0,0,0,1,2,1,0,1,1,3,0,0,1,3,2,1,0,1,1,0,-1,-1,2,4,-1,0,1,2,-1,-3,0,1,1,2,1,1
2514,30,1,09,5,4,6,5,4,2,7,4,4,5,3,1,2,5,4,2,2,4,0,0,2,2,0,2,3,0,5,3,1,2,0,1,0,0,0,0,0,1,1,0,3,-3,2,1,-1,1,-1,2,3,1,2,-3,1,-1,-2,0,1,-1,-1,0,1,4,4,2,8,10,2,4,5,8,1,4,3,0,4,0,0,1,2,4,6,0,3,2,2,4,2,1,2,6,0,0,0,0,0,0,0,0,1,0,-9,2,0,-3,0,-5,4,0,-2,2,-4,-2,0,0,-2,0,0,0,-1,0,6,4,4,1,8,2,4,5,4,11,1,3,4,1,4,5,1,0,0,4,1,1,4,0,4,1,3,1,1,5,0,0,0,0,0,0,0,0,3,2,4,0,-1,-3,-3,0,2,0,1,0,4,-2,-1,-1,-1,0,0,0,-3,-2,5,3,5,2,4,12,7,5,4,3,3,1,0,0,2,1,2,11,3,1,2,1,3,4,1,0,0,0,0,0,1,0,1,-9,-2,-3,2,-8,0,0,-2,-1,-1,-3,1,0,-1,0
2514,30,1,11,3,2,1,1,1,1,2,1,2,1,0,0,0,1,0,0,1,1,0,0,0,2,0,1,1,1,0,1,1,0,3,1,0,0,1,0,0,0,0,0,2,0,0,-1,0,0,-2,0,0,-1,-1,1,0,-1,0,3,1,0,0,1,4,2,2,1,4,3,3,0,0,4,1,1,0,1,0,1,0,0,0,2,0,1,0,0,0,3,0,0,0,3,2,1,2,0,2,0,2,0,0,1,1,-1,2,1,0,1,0,0,1,0,-2,0,0,0,-1,2,-1,2,0,1,2,5,4,2,2,1,4,3,4,0,0,1,3,1,1,0,2,0,0,1,1,3,1,3,0,0,1,2,1,0,2,2,1,1,0,0,0,0,0,0,1,1,1,-2,2,-1,-2,2,-2,1,0,1,-2,-1,1,2,2,1,1,0,2,2,2,3,4,1,4,4,1,0,1,0,1,1,0,2,3,0,2,1,0,1,2,3,0,1,1,1,1,0,0,0,-2,1,-2,-1,-2,0,-1,-1,1,0,-2,-1,-1,1,1,1
2514,30,2,09,12,4,4,3,5,4,6,4,2,3,8,2,2,2,1,4,2,1,1,4,1,3,1,2,3,3,3,3,0,0,0,0,1,0,0,0,0,0,0,0,8,-2,0,1,2,7,-1,1,0,-2,1,-1,-2,1,4,0,0,1,0,0,6,0,2,4,5,5,1,4,7,2,3,0,0,2,1,2,0,2,2,4,2,0,2,2,0,3,0,1,4,2,1,0,0,0,0,0,1,1,1,0,1,-1,-2,-3,3,1,0,-2,0,1,-1,0,1,-2,2,1,-1,-1,-1,0,4,1,6,2,6,4,5,4,8,1,1,0,2,1,3,3,1,4,1,3,2,3,4,3,1,2,2,0,5,0,0,0,0,0,0,0,0,0,0,0,0,-4,2,-6,5,-1,-3,-2,-2,2,1,-1,4,-4,3,0,0,0,0,0,4,3,2,3,7,2,5,3,3,2,1,3,1,1,1,0,3,0,2,1,3,1,3,2,0,0,0,0,1,1,0,0,-3,1,-3,0,0,2,-1,2,-2,0,-2,-2,-1,-1,0,0
2514,30,2,11,2,3,2,0,1,3,0,2,1,2,0,2,0,0,0,1,1,0,0,0,0,0,0,1,1,3,0,0,0,0,1,0,2,0,1,0,0,2,0,1,-1,3,0,-1,-1,0,2,0,-1,-1,-2,1,0,0,0,1,0,0,0,0,0,2,1,2,1,1,0,0,0,2,0,1,0,1,0,0,0,1,1,1,1,0,0,0,0,0,0,0,0,2,0,1,0,0,0,0,0,0,0,0,-1,2,1,2,-1,-1,1,0,1,0,0,0,1,1,-1,0,1,0,0,0,5,1,1,0,7,3,3,1,1,2,0,0,1,0,0,1,0,0,0,3,0,1,0,0,0,2,2,1,1,2,4,1,0,0,4,1,0,0,0,0,2,-2,0,-1,5,0,-1,1,0,0,-1,-2,-1,-1,1,3,1,0,0,4,2,3,4,3,1,2,3,3,1,0,1,2,1,0,0,1,1,0,1,1,0,2,1,1,0,3,3,0,0,0,1,1,1,1,1,0,0,0,0,1,1,-2,-1,0,0,3,2,-1
2514,31,1,09,6,7,3,3,4,5,9,3,3,3,5,3,2,1,1,1,4,1,2,3,3,4,2,2,2,2,5,1,1,1,0,0,0,0,0,0,0,0,0,0,1,-2,0,0,1,2,-1,0,-1,-1,-1,-1,0,1,2,0,0,0,0,0,4,4,3,7,4,2,2,6,3,3,3,3,0,2,2,1,1,3,5,2,1,0,3,2,1,1,1,2,1,2,0,0,0,0,0,0,1,1,0,0,2,2,-3,4,1,2,3,-3,0,1,0,0,1,4,0,0,-1,-1,0,0,4,6,3,6,4,3,4,6,6,0,3,3,3,5,1,1,3,0,1,2,2,0,3,3,0,1,4,2,3,0,0,0,0,0,1,0,0,1,0,0,1,2,-3,0,4,1,3,0,2,1,0,-1,-2,-2,2,0,0,-1,0,1,6,3,5,7,4,4,5,5,2,1,3,4,4,2,2,3,3,3,2,4,1,1,3,0,0,0,0,0,0,0,0,1,2,-1,0,2,-1,-2,1,0,3,1,-1,3,0,0,0,-1
2514,31,1,11,1,0,0,5,0,0,3,1,2,0,0,0,0,1,0,0,0,0,4,0,0,0,0,1,0,0,1,1,1,0,1,0,0,0,0,0,2,0,0,0,1,-3,-1,3,0,0,0,0,0,0,0,-1,-1,3,0,1,-2,0,0,0,0,2,3,3,2,0,2,2,5,0,0,0,1,1,2,0,0,1,1,0,0,1,0,1,0,0,1,2,3,0,0,2,1,1,0,0,0,0,1,0,0,0,1,-2,2,0,-1,1,0,2,0,-1,-1,-2,0,0,2,1,0,0,5,8,3,1,5,2,6,6,2,1,0,3,1,0,0,0,0,1,1,3,1,1,3,0,1,1,5,3,2,0,5,5,1,0,2,0,0,0,0,0,3,2,-3,-1,4,-1,2,-2,0,-1,-1,-5,-2,-1,3,5,5,1,0,2,2,3,0,2,5,0,1,3,1,1,0,0,1,0,0,1,3,0,0,1,2,0,1,2,0,2,0,1,0,0,0,0,-3,3,-1,-1,-2,1,0,-1,-1,0,-1,-1,0,2,0,1
2514,31,2,09,1,4,4,6,2,2,4,3,3,5,1,3,2,0,2,0,1,2,6,0,1,3,1,2,3,1,1,2,1,2,0,0,0,0,0,0,0,0,0,0,-1,0,1,3,-3,0,0,1,-2,-1,-1,0,0,5,-2,0,0,0,0,0,2,4,5,4,3,3,4,2,1,3,2,3,1,3,2,0,0,4,1,1,2,3,1,1,3,1,0,1,0,0,0,1,0,0,0,0,1,0,0,0,-1,0,3,3,0,0,0,0,2,-1,-1,0,3,1,1,0,0,0,0,0,4,5,7,3,3,3,4,2,7,4,3,2,5,0,1,1,3,2,3,2,2,2,2,4,2,1,2,0,3,2,0,0,0,0,0,0,0,0,0,0,1,1,5,-4,-1,1,0,3,-4,-1,0,1,2,0,0,0,0,0,0,0,2,6,4,6,6,2,1,3,2,3,3,4,0,2,1,2,3,1,1,3,3,0,0,0,0,1,0,0,0,1,0,0,-4,4,3,3,-1,2,2,1,-3,2,1,2,0,0,0,0
2514,31,2,11,1,0,0,2,1,0,0,3,3,1,0,0,0,0,0,1,0,0,0,0,0,0,2,1,1,0,0,0,1,0,0,0,0,2,1,0,0,1,1,0,1,0,-3,-1,0,0,0,-2,-1,-1,1,0,0,-1,0,0,0,-1,1,1,3,1,2,1,0,0,1,0,0,1,1,0,0,0,0,1,1,1,0,0,0,0,0,0,0,0,0,0,0,1,1,0,1,1,0,0,1,0,0,0,3,0,2,1,-1,1,0,0,0,0,1,1,1,0,-1,1,-1,1,1,0,3,2,3,2,1,0,3,1,0,1,0,1,2,1,0,1,0,0,0,0,0,0,0,0,1,0,3,1,0,0,2,1,1,1,1,0,0,0,0,0,3,-1,2,2,0,0,1,2,1,-1,1,-3,-1,0,0,2,1,1,1,1,1,3,3,2,2,1,0,4,0,0,1,0,0,0,0,1,0,0,0,2,2,1,0,1,1,3,2,1,0,0,0,1,-1,2,3,-2,0,0,1,-2,-2,-1,0,0,1,3,2,0
2514,32,1,09,2,6,3,3,6,3,6,5,2,6,0,3,1,1,4,2,3,2,2,2,2,2,2,2,3,1,4,2,0,1,0,0,0,0,0,0,0,1,0,2,-1,0,-2,1,0,-2,1,-1,-1,1,1,-1,0,2,1,0,0,-1,0,-2,2,2,8,2,5,0,4,2,0,2,0,1,6,1,3,2,1,2,1,2,0,3,2,0,1,0,0,0,0,1,0,0,0,0,0,0,1,0,0,0,2,-2,6,2,3,0,-2,4,1,2,2,1,2,1,1,0,-1,0,0,0,6,3,5,3,3,2,7,2,4,7,4,2,2,1,0,2,1,2,2,3,2,5,1,1,4,0,2,0,3,2,0,0,1,0,0,0,0,1,0,1,4,-4,3,-1,-4,2,-3,1,0,-4,2,-1,2,-1,1,0,0,0,0,-1,5,6,4,6,2,6,8,3,3,3,2,4,2,3,2,1,2,3,3,2,0,3,5,1,0,0,0,1,0,0,0,0,3,0,-4,3,1,0,-1,2,2,0,-3,0,0,0,0,1
2514,32,1,11,1,5,2,0,1,0,4,0,2,5,0,2,0,0,0,0,0,2,0,0,0,1,0,1,1,0,3,0,1,1,1,3,0,0,1,0,0,0,0,3,1,1,2,-2,-4,0,1,0,-1,-1,0,-3,2,-1,-1,1,3,0,0,-2,0,0,0,0,3,0,0,0,1,2,0,0,0,0,0,0,0,0,0,0,0,0,0,0,0,0,0,0,1,2,0,0,0,0,3,0,0,0,0,0,0,0,0,-1,1,0,0,0,0,0,0,0,0,-1,-2,0,0,0,0,3,3,2,0,4,3,3,1,2,2,1,1,1,0,1,0,1,0,0,2,0,2,0,1,0,1,1,1,0,1,0,1,1,0,1,3,0,0,1,1,0,0,1,-2,2,2,-1,1,-1,1,-1,0,-1,0,1,0,1,1,-1,0,3,0,4,2,1,3,2,1,1,0,2,2,0,0,2,0,1,0,1,1,0,2,1,0,1,0,0,0,0,1,0,0,0,-3,2,1,0,0,1,1,0,-2,1,0,0,-1,0,0,0
2514,32,2,09,5,2,3,3,3,1,1,3,2,2,1,1,1,2,1,4,1,2,1,2,0,0,2,1,2,1,1,1,1,0,0,0,0,0,0,0,0,0,0,0,4,1,0,1,1,1,1,-1,1,-1,3,0,1,0,2,0,0,0,0,0,3,5,3,2,3,1,4,4,3,5,1,1,1,0,2,2,4,2,2,1,0,0,2,0,2,1,3,2,3,3,0,0,0,0,0,0,1,0,0,0,2,1,-1,-1,-2,1,1,-1,0,0,1,1,0,-1,-2,0,-1,0,0,0,1,5,3,1,3,1,8,1,2,2,1,5,2,1,1,0,0,1,0,2,1,6,1,2,1,0,1,0,0,1,0,0,0,0,0,0,1,0,0,0,0,-3,2,-1,1,0,-1,1,-1,0,0,-1,1,0,1,0,-1,0,0,0,5,3,2,7,3,2,2,1,1,3,1,1,4,0,0,6,0,1,0,1,1,1,2,0,0,0,1,0,2,0,0,0,2,1,0,6,1,2,1,0,3,-1,-2,6,-2,0,1,0
2514,32,2,11,0,3,3,1,0,1,1,0,1,1,0,0,1,0,0,0,1,0,0,0,1,0,0,0,1,0,0,0,1,0,0,2,2,1,0,0,1,0,0,0,-1,2,3,0,-1,-1,0,1,0,-1,0,1,0,-1,0,0,1,2,1,0,0,1,2,1,1,0,1,0,2,3,0,0,0,1,0,0,1,1,0,0,0,0,0,1,0,0,0,0,1,3,0,0,1,0,1,0,1,0,0,0,0,0,2,-1,-2,0,0,0,0,0,0,1,1,-1,-3,0,-1,1,0,1,5,2,0,2,2,1,2,0,2,1,1,0,0,0,0,0,0,0,1,1,0,1,0,1,1,1,1,0,1,0,4,2,0,1,1,0,0,0,0,0,4,0,0,0,1,1,-1,0,-1,-1,-1,-1,0,0,1,4,2,0,1,1,0,1,3,0,1,3,4,0,0,0,0,0,0,0,1,0,0,2,1,0,1,1,3,0,0,1,2,0,0,0,0,0,-1,-2,-1,0,0,-2,-1,0,-1,-1,-2,0,0,1,2,0
2514,33,1,09,5,1,1,2,2,4,2,3,3,3,3,1,1,1,2,2,0,0,1,0,4,0,1,3,0,0,2,2,0,1,0,0,0,0,0,0,0,0,0,2,1,-1,-2,-1,-1,-1,1,0,-2,2,2,-2,-2,1,-1,0,0,0,0,-2,5,2,0,3,1,2,2,5,3,5,4,1,0,2,0,0,1,0,1,1,1,1,4,2,4,1,1,0,1,1,1,0,0,0,0,0,0,1,0,0,3,0,-5,0,-4,3,0,-4,0,-4,-1,0,0,0,0,1,0,-1,0,0,5,2,4,2,4,2,0,1,4,1,3,2,3,1,1,2,0,1,1,3,0,0,0,2,1,2,0,1,1,0,0,0,0,0,0,0,0,0,1,0,3,2,3,-2,3,3,2,3,-1,0,0,0,0,0,3,0,0,0,-1,0,5,1,9,3,5,3,5,4,3,0,4,2,2,1,5,1,5,3,2,3,0,0,3,1,0,0,0,0,0,0,0,0,0,-2,4,-1,-2,-3,2,-1,2,1,2,0,0,0,0,0
2514,33,1,11,0,0,1,0,1,0,2,1,0,0,0,0,1,0,0,0,0,0,0,1,0,0,0,0,0,0,2,0,0,0,0,0,0,0,0,0,0,1,0,0,0,-2,0,0,1,0,0,1,0,0,0,-2,0,0,1,0,0,-1,0,0,2,4,1,1,1,1,2,0,2,0,0,0,0,0,0,0,2,0,0,1,0,0,0,1,0,1,2,0,0,0,2,2,1,1,0,0,0,0,1,0,1,2,1,-1,1,0,0,0,-1,0,-1,0,0,0,1,2,2,1,0,0,3,3,2,0,3,2,3,3,1,1,2,1,0,0,2,0,0,1,0,0,2,0,0,0,0,0,3,2,1,1,1,2,1,0,1,0,0,1,0,0,1,0,-1,-1,2,0,1,0,0,2,0,-3,-1,-1,-1,1,2,0,0,1,3,4,3,1,3,4,1,4,3,0,1,0,0,0,1,1,2,0,0,1,1,3,1,3,0,4,1,0,0,1,0,0,0,0,2,-3,1,0,1,-1,-1,-3,0,-2,0,3,1,0
2514,33,2,09,5,1,3,5,1,0,4,1,3,1,2,1,1,2,0,3,0,2,3,1,0,3,1,1,1,0,1,0,2,0,0,0,0,0,0,0,0,0,0,0,5,-3,2,2,0,2,-2,0,1,-1,3,-1,2,1,1,0,0,0,0,0,3,6,1,2,4,2,2,3,3,4,1,2,1,0,3,1,4,0,1,1,1,1,1,1,0,1,1,1,2,3,1,0,0,1,0,0,0,1,0,1,1,4,-2,-1,0,0,1,0,-1,3,0,3,-1,-1,-2,1,0,-1,1,-1,4,2,8,2,2,2,4,2,3,1,2,2,3,2,0,2,0,5,0,2,1,2,2,2,1,1,1,0,1,0,0,0,0,0,0,0,1,0,0,0,2,-2,6,-1,1,1,0,1,0,-1,1,-1,5,-1,2,0,-1,0,0,0,3,3,3,1,3,1,3,5,2,2,3,0,1,1,0,1,2,1,2,3,0,0,1,2,0,0,0,0,1,0,0,0,0,2,0,-4,0,1,1,-3,1,1,-1,-1,-1,0,0,0
2514,33,2,11,2,3,1,4,1,1,2,0,3,0,1,1,1,0,0,0,1,0,0,0,1,1,0,0,0,0,1,0,2,0,1,1,0,4,1,0,0,0,1,0,1,1,1,1,1,0,0,1,0,0,0,0,0,-2,0,1,1,0,3,1,1,3,0,3,4,0,1,1,1,1,0,0,0,1,1,0,1,0,0,0,0,0,0,1,0,0,1,1,0,1,1,2,0,2,3,0,0,0,0,0,1,2,-1,2,3,0,0,0,0,1,0,0,-1,0,-1,1,2,0,2,3,0,4,1,3,1,0,1,2,0,3,0,1,0,1,0,0,0,0,0,0,0,0,1,0,1,0,1,1,0,1,0,3,1,2,1,0,0,0,0,1,0,3,-1,3,-2,0,1,-1,1,-1,0,-1,-1,0,-1,0,3,1,2,0,0,2,4,0,0,1,6,2,0,1,1,0,0,0,1,0,0,0,1,0,0,1,5,0,0,1,2,0,0,0,0,2,0,1,-2,-2,0,1,0,0,0,-1,-4,0,0,1,2,-2
2514,34,1,09,5,4,6,0,1,6,2,1,2,8,2,3,4,0,0,3,1,2,0,1,5,2,1,0,6,1,0,0,1,2,0,0,0,0,0,0,0,0,1,0,-1,2,5,-2,-7,-3,1,3,0,-6,2,1,2,-1,-1,0,0,0,-1,0,4,3,1,5,4,4,5,2,3,3,1,2,0,3,2,2,1,1,2,1,1,3,0,1,1,3,2,2,2,2,1,0,0,0,1,0,0,0,0,0,0,-2,-1,2,1,0,-1,0,2,1,-1,-1,-1,0,-1,1,0,0,0,1,3,2,7,3,7,1,2,4,3,4,1,1,4,1,2,2,1,3,2,5,0,1,1,3,3,1,1,3,0,1,0,0,0,0,0,0,0,0,0,0,2,0,3,0,3,1,0,3,-2,-1,1,0,0,2,4,0,0,0,0,0,3,5,3,4,5,5,2,10,2,2,1,1,1,3,2,3,5,3,1,4,0,2,1,6,0,0,0,0,0,0,0,0,-2,0,1,-6,-3,-1,0,-3,1,1,1,-3,0,0,0,0
2514,34,1,11,0,1,1,1,1,0,0,1,1,2,0,0,0,0,0,0,0,1,1,0,0,0,1,0,0,0,0,0,1,2,0,1,0,0,1,0,0,0,0,0,0,1,0,0,-1,0,0,-1,0,0,0,0,1,0,-2,0,1,0,0,1,1,2,1,0,1,0,1,1,0,3,0,1,1,0,1,0,1,0,0,0,0,0,0,0,1,0,0,1,0,1,1,0,0,0,0,0,1,0,0,1,1,1,0,0,-2,0,1,1,0,0,0,1,-1,0,-1,1,-1,0,0,-1,1,1,3,1,1,2,0,0,2,2,0,0,0,0,0,0,1,0,0,0,1,0,0,1,1,1,0,0,1,1,1,0,3,1,1,0,0,0,0,0,-1,1,3,-1,-1,-1,0,0,-1,-1,-1,1,0,-1,-1,1,0,3,1,1,0,4,5,3,3,2,3,3,0,1,2,3,0,1,0,0,3,0,0,2,0,2,3,1,0,2,3,0,0,0,0,0,-3,2,2,0,-3,1,2,1,0,-1,-3,-1,0,2,3,0
2514,34,2,09,3,3,2,4,7,3,1,4,0,3,0,1,1,1,2,3,1,1,3,5,2,0,2,0,1,1,1,1,0,1,0,1,0,0,0,0,0,1,0,1,0,2,-2,4,4,-2,1,-1,1,1,2,0,0,3,4,0,1,-1,0,-1,2,6,2,2,3,3,5,3,4,1,1,5,1,2,2,1,1,1,0,1,2,2,3,2,1,1,3,0,2,0,0,0,0,0,0,0,0,0,0,0,-1,1,-1,-2,2,-1,3,-2,0,1,0,-2,1,-2,1,0,0,0,0,0,3,2,4,2,1,1,4,1,4,0,1,1,3,0,1,2,1,1,2,0,0,2,0,2,0,1,1,1,2,0,0,0,0,0,0,0,1,0,0,0,2,-2,3,-2,1,1,-1,3,-2,1,1,0,0,0,0,0,-1,0,0,0,6,3,4,6,4,3,5,1,4,1,1,3,2,2,3,3,3,2,3,0,0,1,2,1,0,0,0,0,1,0,0,0,2,0,-1,5,1,-1,-2,3,2,1,1,2,-1,0,0,0
2514,34,2,11,1,2,2,3,3,1,0,0,2,7,1,0,0,0,0,0,0,0,1,1,1,0,0,0,1,0,0,0,1,5,0,2,2,2,2,0,0,0,1,1,0,2,2,1,-4,0,0,0,0,-1,0,0,0,0,-4,0,2,2,1,1,1,0,0,1,2,0,1,0,0,2,0,0,0,1,1,0,0,0,0,0,0,0,0,0,1,0,0,0,0,1,1,0,0,0,1,0,1,0,0,0,1,-1,0,1,0,0,0,0,1,0,0,0,0,0,-1,1,-1,0,0,1,1,1,1,3,0,6,1,1,1,1,0,1,0,0,0,0,0,0,1,0,2,0,0,0,0,4,0,1,1,0,1,0,1,2,0,0,1,0,0,1,-5,0,0,2,-1,-2,1,0,0,0,-4,0,-1,0,0,1,-1,1,2,-1,2,4,0,2,2,0,0,0,0,0,0,1,1,1,0,0,2,0,0,0,0,0,0,0,1,3,0,1,0,0,0,0,0,4,0,2,-2,0,0,1,1,1,0,0,1,3,0,1
2514,35,1,09,3,4,2,4,2,3,2,1,2,3,3,1,2,1,2,0,3,0,3,0,2,2,0,0,2,1,0,1,2,1,0,0,0,0,0,0,0,0,0,0,0,2,1,2,-1,1,-1,2,1,0,-1,3,-1,1,-1,0,0,0,0,0,2,1,2,2,1,0,2,1,3,0,0,0,1,2,0,2,1,1,0,0,0,0,0,1,0,0,2,1,2,0,0,0,0,0,1,0,0,0,0,0,2,-1,1,-1,1,0,0,1,1,0,2,-1,0,-2,0,0,0,0,0,1,1,2,2,4,5,3,3,2,4,4,0,1,1,2,2,1,0,1,2,2,2,2,1,1,1,1,1,1,2,1,0,1,0,0,1,0,0,0,1,2,-2,-1,0,0,1,-2,-1,0,1,1,0,-1,0,0,1,0,1,0,-1,-1,3,3,3,4,7,3,2,3,2,2,1,3,0,1,1,1,4,2,2,2,3,1,0,1,1,0,1,0,0,0,0,0,-4,0,1,1,-2,0,-1,1,-3,0,1,0,1,0,1,0
2514,35,1,11,0,3,0,1,1,0,1,0,0,0,0,1,0,0,1,0,1,0,0,0,0,0,0,0,0,0,1,0,0,0,0,1,0,1,0,0,0,0,0,0,0,2,0,1,1,0,1,0,0,1,0,0,0,0,0,0,1,0,1,0,1,1,2,0,2,0,0,2,1,1,0,0,1,0,0,0,0,1,0,0,0,0,1,0,0,0,0,0,0,1,1,1,0,0,2,0,0,1,1,0,1,1,0,-1,1,0,0,0,0,0,0,0,1,0,-1,1,1,-1,-1,2,2,5,1,3,0,2,2,2,1,1,0,1,0,2,0,0,1,0,0,0,0,0,0,1,1,2,1,2,0,0,2,3,1,1,0,0,1,0,0,0,0,3,-1,2,-1,0,1,0,1,-1,-2,0,-2,0,0,2,2,1,1,0,2,0,3,2,0,0,1,5,2,0,1,0,0,0,0,0,0,0,1,3,0,0,0,1,0,0,2,2,0,0,0,1,2,0,2,-3,2,0,0,-3,0,0,0,-1,0,0,2,1
2514,35,2,09,1,3,4,2,3,2,2,6,1,4,0,1,2,1,1,1,2,2,1,2,2,1,2,1,0,0,1,4,0,4,0,0,0,0,0,0,0,0,0,0,-1,1,-2,1,-1,-2,0,0,0,1,1,1,-2,1,-2,0,0,0,0,0,1,1,4,2,2,4,2,3,1,0,0,1,3,1,1,1,0,1,1,0,3,0,1,1,0,1,2,0,0,0,0,0,0,0,1,0,0,2,0,0,-3,-1,1,1,2,-3,1,2,0,1,0,-2,1,1,0,0,0,-2,0,1,1,2,1,4,2,2,1,2,2,2,0,1,1,0,1,1,0,0,4,1,1,0,2,2,0,1,1,0,0,2,0,1,0,0,0,0,0,0,0,0,-1,1,-1,2,0,-1,1,-1,-2,1,0,-1,0,4,-1,0,1,0,0,0,4,2,4,3,0,0,3,0,3,2,2,1,1,0,1,2,0,0,1,0,0,0,2,0,0,0,1,0,0,0,0,0,4,2,1,3,3,2,1,1,1,0,-1,2,0,0,1,0
2514,35,2,11,1,2,0,1,0,1,1,0,2,2,0,1,0,0,0,0,0,0,0,0,0,0,0,0,0,0,0,0,1,2,1,1,0,1,0,1,1,0,1,0,0,1,0,-1,-2,0,1,0,0,0,0,0,0,-1,-2,0,0,0,0,0,2,2,0,0,1,0,2,0,1,1,0,0,0,0,0,1,1,0,0,0,0,1,0,0,0,0,0,0,0,1,1,1,0,0,1,0,1,0,1,0,2,0,0,-1,0,0,-1,0,0,0,1,1,0,0,-1,1,0,0,-1,1,2,5,0,1,2,1,1,0,1,2,0,1,0,0,0,0,3,0,0,1,0,1,0,0,0,1,0,0,1,2,2,1,0,1,1,0,0,0,0,0,1,4,0,0,0,0,0,0,0,0,-1,3,0,-1,-1,2,1,0,1,1,2,1,1,0,4,2,1,0,1,0,1,0,0,0,0,0,3,0,1,0,1,2,0,0,1,1,0,0,0,0,0,0,-2,-1,0,0,-2,0,0,0,-1,-2,0,0,1,1,0,0
2514,36,1,09,4,1,4,0,4,2,2,3,2,5,2,0,2,0,1,2,1,2,0,2,1,1,2,0,4,1,1,1,1,1,0,0,0,0,1,0,0,0,1,0,2,-1,1,-2,-1,1,-1,0,0,-3,1,0,1,-1,1,0,0,0,-1,1,4,2,3,2,3,0,0,2,7,0,3,0,1,1,1,1,2,2,0,2,0,0,2,5,0,0,0,0,2,0,0,0,0,1,0,0,0,0,0,0,4,2,1,-5,3,3,0,-1,-4,1,1,2,2,-2,2,0,0,0,1,0,2,6,2,2,4,3,1,0,4,5,1,1,1,1,1,1,3,1,1,3,0,0,0,3,5,2,1,0,1,0,0,2,0,0,0,1,0,0,0,0,-1,5,2,-2,-1,1,1,1,-2,-4,-1,2,1,0,3,-1,2,0,0,0,5,3,3,3,8,0,1,3,4,2,3,2,1,1,0,1,5,0,1,0,2,0,0,3,0,0,0,0,1,0,0,0,-3,3,2,0,-1,2,2,2,-1,1,0,-2,-1,0,0,0
2514,36,1,11,1,1,1,0,2,0,1,2,0,1,0,1,1,0,0,0,0,0,0,0,0,0,1,0,0,0,0,1,0,1,1,0,0,0,2,0,1,0,0,0,1,0,-1,0,1,0,1,0,0,0,0,0,-1,0,-1,1,-1,0,0,2,0,0,1,1,2,0,1,0,2,2,0,0,0,0,0,0,0,1,0,0,0,0,0,0,0,0,1,0,2,1,0,0,0,1,2,0,0,0,0,1,0,-1,1,-1,0,0,0,0,0,0,0,-1,1,-2,-1,0,0,0,1,1,0,4,0,2,0,0,3,3,2,2,0,1,0,1,0,0,0,0,0,0,0,1,0,0,1,0,1,3,2,1,0,3,0,1,0,0,1,0,0,0,0,1,-3,0,-2,0,0,0,1,-1,0,-1,-3,-2,-1,0,2,0,1,0,1,2,3,2,2,2,1,4,1,0,1,0,0,1,1,1,0,0,1,2,2,2,0,2,0,1,1,1,0,0,0,0,-1,0,2,-2,1,0,0,-2,-2,-1,1,-1,0,1,1,1
2514,36,2,09,0,0,5,2,3,1,2,1,2,2,0,0,2,0,1,0,0,3,2,2,1,1,1,1,2,0,1,0,1,0,0,0,0,0,0,0,0,0,0,0,-1,-2,4,0,1,-1,-1,1,-1,-1,0,-1,3,1,2,0,0,0,0,0,2,1,2,3,2,0,0,1,1,0,1,0,1,1,2,1,1,1,1,0,0,0,1,1,0,0,0,0,0,0,0,0,0,1,0,0,0,0,0,0,2,1,1,2,2,1,0,0,0,2,1,1,1,1,0,0,0,0,1,0,1,2,3,3,5,1,1,2,0,2,0,1,2,3,2,1,1,1,0,3,1,0,2,0,0,0,1,0,0,2,0,0,0,0,0,0,0,0,0,0,0,1,1,3,3,-1,1,0,3,2,1,0,1,0,1,0,0,0,0,0,1,1,1,0,1,4,0,1,0,1,1,0,1,0,0,0,1,3,0,1,0,1,0,0,0,0,0,0,0,0,0,0,0,-3,1,-1,-1,-2,1,-1,1,-1,0,0,0,0,0,0
2514,36,2,11,1,1,4,1,1,1,2,2,2,1,0,0,0,0,0,1,0,1,0,0,0,0,0,2,1,0,1,2,0,0,0,1,3,1,1,1,1,0,0,0,0,-1,2,-1,0,0,0,0,-2,-1,1,-1,-1,0,0,-1,0,3,1,1,1,2,1,1,1,1,3,0,1,1,0,1,0,0,0,0,0,0,1,0,0,1,0,0,0,1,2,0,1,1,1,1,1,0,1,0,0,0,0,0,0,-1,1,0,0,0,0,0,0,0,-1,-2,0,0,-1,1,1,1,0,1,2,4,2,2,3,0,2,1,1,3,0,1,2,0,0,1,0,0,1,2,0,0,0,0,0,0,2,1,1,2,1,3,0,1,1,0,0,0,0,1,2,2,1,1,0,0,1,2,0,0,1,-2,-1,0,0,1,3,0,1,0,1,0,1,1,3,1,0,0,0,0,1,0,0,0,0,0,0,1,0,0,3,0,0,0,1,0,0,1,0,0,0,0,-2,-1,1,1,0,-1,1,0,-3,0,0,0,1,0,0,1
2514,37,1,09,2,3,4,2,3,3,1,5,3,1,1,2,1,2,1,1,1,3,0,2,1,1,0,1,0,2,0,4,2,1,0,0,0,0,0,0,0,1,0,0,-1,2,-1,-1,2,0,1,1,1,1,-1,1,-1,-2,1,0,0,-1,0,0,5,3,0,1,0,6,2,1,3,1,1,0,0,1,0,4,3,0,0,0,2,0,0,2,1,3,1,1,1,0,0,0,0,0,0,1,1,0,0,0,-1,1,-1,-2,-1,-1,0,0,-1,-1,1,2,-1,-1,0,-1,-1,0,0,0,1,2,2,2,1,0,2,2,2,3,0,2,1,2,1,1,0,1,0,0,0,2,0,1,1,0,0,2,1,2,0,0,0,0,0,0,0,0,0,0,1,0,0,0,-2,0,0,1,1,0,1,0,-1,-1,-2,0,0,0,0,0,4,3,2,0,3,1,0,2,2,3,2,0,2,0,0,0,2,0,0,1,1,1,0,1,0,0,0,0,0,0,0,0,1,2,2,-2,0,3,2,-1,1,-1,0,-1,0,0,0,0
2514,37,1,11,0,4,1,1,0,1,1,1,2,0,0,2,0,0,0,0,1,1,0,0,1,0,0,0,0,0,0,0,1,0,0,1,0,1,0,0,1,1,1,0,-1,3,0,-1,0,-1,2,0,0,0,0,1,1,-1,0,0,0,-1,0,0,0,1,1,0,4,2,2,0,0,2,0,0,0,0,1,0,0,1,0,1,0,0,0,0,0,1,1,0,0,2,0,1,0,0,2,1,1,0,0,0,-2,-1,1,0,2,0,0,0,0,1,-1,-1,1,0,-1,-1,0,0,0,2,1,1,1,2,2,1,1,1,2,3,0,0,0,1,0,0,0,0,0,1,0,0,0,1,3,0,1,0,1,0,1,1,1,1,1,1,0,1,0,0,0,0,0,0,-1,0,0,0,0,-3,0,-1,0,-1,1,0,1,0,1,1,3,4,2,1,1,4,3,2,0,2,1,0,1,0,1,0,0,3,3,1,1,1,0,1,2,2,0,1,0,0,0,0,2,0,-1,-1,0,-1,-2,-1,0,-1,1,-1,2,2,0,1
2514,37,2,09,3,3,2,3,1,3,0,1,4,5,2,1,0,2,0,1,2,2,1,1,2,0,1,3,2,1,0,0,1,2,0,0,0,0,0,0,0,0,0,1,0,3,1,-1,-4,0,1,-1,-1,-2,0,2,2,0,-1,0,0,0,0,-1,4,1,0,2,1,2,1,2,0,4,1,0,0,2,1,3,1,0,0,0,1,1,2,0,3,1,0,0,0,0,0,0,0,0,0,0,0,0,0,1,2,0,-2,2,-3,0,-1,-2,2,-2,2,1,0,0,0,0,0,0,0,-1,1,2,4,2,0,1,2,2,2,1,0,1,2,1,0,1,1,2,1,0,1,0,1,1,1,0,2,0,1,0,0,0,0,0,0,0,0,1,0,0,0,0,2,0,-1,-1,1,1,0,-1,1,-1,2,0,0,0,0,-1,0,0,1,2,2,1,3,1,1,3,0,1,1,0,1,0,1,1,2,1,1,2,1,0,0,1,0,1,0,0,0,0,0,0,-2,1,1,-2,-2,0,0,-2,0,0,1,0,0,1,0,0
2514,37,2,11,1,0,0,1,3,1,1,1,3,1,0,0,0,1,0,0,0,0,0,0,0,0,0,1,0,1,1,1,1,1,1,0,0,0,3,0,0,0,1,0,0,-1,-1,-2,2,0,0,0,0,0,-1,-1,-1,-1,-1,1,0,0,-1,3,0,3,2,0,0,1,1,2,0,0,0,1,0,0,0,0,1,0,0,0,0,0,0,0,0,1,1,1,0,0,0,1,2,0,0,0,0,1,0,0,-1,2,0,0,0,0,1,0,0,0,-1,0,-1,0,0,0,1,1,0,0,3,2,0,1,0,0,2,1,1,0,0,0,0,0,0,1,1,0,0,0,0,0,0,0,0,0,2,1,1,0,2,1,0,1,0,0,0,0,0,0,3,0,-1,0,0,0,0,0,0,0,1,-1,-1,-1,0,2,1,0,1,0,1,1,3,4,0,0,0,1,0,0,1,1,0,1,2,0,0,0,0,1,0,0,0,0,1,0,0,3,0,0,0,0,1,1,3,3,0,0,1,0,0,1,2,0,1,0,0,3
2514,38,1,09,2,4,1,2,1,1,2,6,1,5,1,1,0,1,1,1,2,1,1,0,1,0,4,1,1,0,2,2,0,4,0,1,0,0,0,0,0,0,0,0,1,2,-5,1,-4,0,1,-4,0,0,1,0,-1,1,-4,0,1,0,0,0,2,2,4,2,3,3,1,4,2,1,2,1,1,2,2,0,1,2,0,1,0,1,3,1,0,3,0,1,1,1,0,0,1,0,0,0,0,0,0,0,-1,1,0,0,2,2,0,-2,1,2,-3,1,1,-1,0,0,0,1,0,0,0,2,2,6,1,1,5,0,4,2,0,2,0,3,1,0,0,2,3,0,0,3,0,1,1,1,2,0,3,1,0,0,0,0,0,0,0,0,0,0,-1,-3,2,2,-1,0,-1,0,2,0,-1,-2,2,0,-1,0,0,0,0,0,4,4,4,2,4,2,1,3,1,4,0,2,3,0,4,0,4,1,1,0,0,1,0,1,0,0,0,0,0,0,0,2,0,2,3,-1,-3,3,-1,2,3,-1,4,-1,0,0,0,-2
2514,38,1,11,1,2,1,1,1,1,2,2,2,0,0,2,0,0,0,1,0,0,1,0,0,1,0,1,0,0,0,2,1,0,0,0,1,0,1,1,1,0,0,0,0,0,-1,-1,1,0,1,0,-1,0,1,0,-2,0,0,-1,-1,1,0,1,2,3,2,0,0,0,1,3,0,0,1,0,1,0,0,0,1,0,0,0,0,0,1,0,0,0,1,1,0,0,1,2,1,0,0,0,0,1,0,0,2,2,-1,0,0,1,0,0,0,0,0,0,-1,0,0,1,2,0,0,0,1,4,2,2,2,3,1,1,1,0,0,1,1,1,1,0,1,0,0,1,0,0,0,1,0,2,0,1,0,0,1,2,1,1,0,1,1,0,0,0,-2,3,1,1,2,0,1,1,0,1,-2,1,-1,0,1,0,1,1,1,0,1,2,4,1,1,2,1,0,0,0,0,1,0,0,2,0,0,0,0,0,1,1,1,0,1,2,2,0,0,1,0,0,0,0,3,1,0,0,0,1,-1,-1,1,0,1,1,2,0
2514,38,2,09,1,0,1,0,5,1,2,0,0,7,1,0,1,0,3,0,0,0,0,2,1,2,0,0,3,0,0,0,0,4,0,0,0,0,0,0,0,0,0,0,0,-2,1,0,-2,0,-2,1,0,0,0,0,0,0,-2,0,0,0,0,0,1,4,6,0,2,2,3,6,1,1,0,4,2,0,0,1,0,4,0,2,0,3,3,1,0,1,0,3,0,1,0,0,0,0,0,1,0,0,0,0,-1,1,0,-1,1,0,1,-1,-1,0,0,0,1,0,1,-1,0,0,0,0,1,1,1,2,2,2,1,0,2,3,0,0,1,1,1,1,0,0,1,1,1,1,0,0,2,1,0,0,2,1,0,1,0,0,0,0,0,0,0,0,-1,0,1,0,-1,-1,-1,1,1,-1,0,0,0,-1,0,0,1,0,0,0,1,1,3,0,2,1,2,3,0,0,2,0,1,1,1,0,1,0,1,1,1,1,0,1,0,0,0,0,0,0,1,1,-1,0,1,-3,-1,0,1,-1,0,0,1,-1,0,0,-1,-1
2514,38,2,11,0,1,2,0,2,0,0,0,0,0,0,0,2,0,0,0,0,0,0,0,0,0,0,0,0,0,0,0,0,0,0,1,0,0,2,0,0,0,0,0,0,1,2,0,2,0,0,2,0,0,0,0,0,0,0,0,1,0,0,2,2,0,2,2,1,0,1,1,1,2,1,0,0,0,0,0,0,2,1,0,0,0,0,0,1,0,0,1,1,1,1,0,0,1,1,0,1,0,0,0,2,-1,1,1,-1,1,0,0,0,-1,0,0,1,0,-1,1,-1,0,1,1,2,1,1,1,3,1,2,2,0,1,1,1,1,0,1,0,0,0,0,0,0,0,0,0,1,1,1,2,0,0,1,0,0,1,2,0,1,0,0,0,1,-1,-1,1,2,1,1,1,0,0,-1,-1,-2,0,0,1,-1,0,1,2,4,2,1,2,0,3,1,3,0,0,0,0,3,1,0,0,0,0,0,1,0,2,1,2,1,1,1,2,0,1,0,0,4,-1,0,-1,0,0,0,-1,3,-1,-1,-2,1,0,1,2
2514,39,1,09,5,0,3,1,2,2,0,3,0,4,3,0,1,1,1,2,0,2,0,1,0,0,1,0,2,2,0,2,0,2,0,0,0,0,0,0,0,0,0,0,3,0,0,1,-2,3,0,0,1,-1,0,0,0,0,-1,0,0,0,0,0,3,2,1,2,4,2,4,2,0,0,2,2,1,0,2,1,0,0,2,2,1,3,2,0,0,1,1,0,0,0,0,0,0,0,0,0,0,0,0,0,1,-2,-1,2,4,1,-1,-1,0,2,0,-1,0,2,2,0,0,0,0,0,4,2,2,3,5,2,1,2,1,1,2,0,0,2,3,2,2,2,1,2,1,1,2,1,1,1,0,0,0,0,0,0,0,0,0,0,0,0,0,0,2,1,0,2,4,1,-1,-2,1,2,1,2,2,1,2,0,0,0,0,0,4,4,1,3,1,1,4,4,2,2,1,1,2,2,0,2,1,1,4,3,0,0,0,0,0,0,0,0,0,0,0,1,3,3,-3,-1,1,1,-3,-2,2,2,0,2,0,0,0,-1
2514,39,1,11,2,0,0,3,1,0,0,0,1,1,0,0,0,0,0,1,0,0,3,0,0,0,0,1,0,0,0,0,0,1,1,0,0,0,1,0,0,0,0,0,2,0,0,2,0,0,0,0,-1,0,1,0,0,3,-1,1,0,0,0,1,1,2,1,1,0,2,1,2,0,0,0,0,0,0,0,0,1,1,0,0,0,1,1,0,0,0,0,0,0,0,1,1,0,1,0,2,0,1,0,0,-1,1,-1,1,0,0,-1,-1,0,0,0,1,1,0,0,-1,1,-1,1,0,4,1,1,5,3,2,4,1,0,1,0,0,0,2,0,0,0,0,1,0,1,1,0,0,1,1,2,1,0,0,4,1,1,2,3,0,1,0,0,0,2,-3,0,5,2,-1,-1,0,2,-1,-1,-2,-1,1,0,4,0,1,2,3,2,1,1,4,2,1,3,5,2,0,1,3,0,1,0,0,1,1,0,2,1,0,3,2,0,0,0,1,0,0,0,1,0,0,-2,-1,1,-1,1,1,-1,1,-3,-2,0,0,0,0
2514,39,2,09,2,1,1,2,3,2,1,1,6,3,2,0,0,2,3,0,1,1,0,0,0,0,0,4,2,2,1,1,1,1,0,0,0,0,0,0,0,0,1,0,0,0,0,-4,0,2,0,0,-2,1,-2,0,0,-1,-1,0,0,0,-1,0,3,5,3,1,2,4,0,1,4,1,0,1,3,0,1,3,4,0,1,1,2,0,1,1,1,2,0,0,2,0,0,0,0,0,0,0,0,0,1,0,-1,5,2,-3,1,-2,1,2,-1,0,1,4,0,-1,1,0,0,0,-1,0,2,3,0,3,2,2,7,1,2,1,0,1,0,1,0,2,2,0,2,1,0,2,1,0,1,2,5,0,2,0,0,0,0,0,1,0,0,0,0,0,0,-4,-1,1,1,0,-1,-1,1,-1,0,-3,0,0,1,0,0,0,0,1,2,3,1,3,1,5,2,8,2,1,0,1,0,2,1,2,1,4,0,5,0,1,2,2,0,0,0,0,0,0,0,1,1,-2,-1,-5,1,-3,0,-4,0,1,-1,0,0,0,0,-1
2514,39,2,11,3,1,2,0,0,0,0,0,1,0,0,1,1,0,0,1,0,0,0,0,0,0,0,0,0,0,0,0,1,0,2,0,1,0,0,0,0,0,0,0,3,1,2,-1,0,0,1,1,0,0,1,0,0,-1,0,2,0,1,0,0,1,1,1,0,1,1,2,0,1,3,0,0,0,0,0,0,1,0,0,0,1,1,0,0,0,0,1,0,1,3,1,0,1,0,1,0,0,0,0,0,0,-1,1,-1,-2,-1,-1,0,0,0,0,0,0,-1,-3,1,0,1,0,1,2,2,0,0,2,1,3,0,1,1,0,0,0,0,1,1,1,0,0,0,0,1,0,0,0,1,1,0,1,1,1,1,0,0,1,0,1,0,0,0,1,-1,0,-1,1,0,-1,0,0,1,0,0,0,-1,-1,1,0,0,0,1,3,0,3,1,4,1,2,0,0,0,1,0,1,0,1,0,1,0,0,0,3,1,2,0,2,0,1,1,0,0,0,0,-1,-1,1,1,-1,0,1,0,-2,-1,-1,0,2,0,1,1
2514,40,1,09,0,3,3,0,2,1,5,0,1,3,0,2,1,0,0,0,1,2,0,2,0,2,0,1,1,1,2,0,0,1,0,0,0,0,0,0,1,0,0,1,-1,-2,3,-1,-1,0,0,1,-1,-1,-1,-1,2,0,1,0,-1,0,0,-1,1,1,4,2,2,2,3,4,3,1,1,0,2,0,2,0,1,2,2,0,1,1,3,1,1,1,2,1,2,0,0,0,0,0,0,0,0,0,0,0,-1,-2,0,-1,1,0,-1,-1,-1,1,-1,-1,1,0,0,0,0,0,0,0,1,2,5,1,0,2,0,1,2,1,0,2,3,0,0,1,0,2,1,0,1,0,1,1,0,1,0,0,1,1,0,0,0,0,0,0,0,0,0,0,-1,2,4,-1,-1,-1,2,2,-1,0,0,0,2,0,-1,0,0,0,0,0,3,4,3,3,3,2,2,2,2,3,1,1,0,1,2,1,2,0,1,1,0,2,1,0,1,0,0,1,1,0,0,1,0,2,1,1,0,3,0,0,0,-1,1,1,0,0,0,0
2514,40,1,11,0,0,0,0,3,0,1,2,1,3,0,0,0,0,1,0,0,0,0,1,0,1,1,0,1,0,0,0,1,1,0,0,0,0,1,0,0,1,0,1,0,-1,-2,-1,0,0,-1,-1,0,0,0,0,0,-1,0,0,0,-1,0,0,0,1,2,0,0,0,1,0,0,1,0,0,1,0,0,0,0,0,0,0,0,0,0,0,0,0,0,0,0,0,0,1,1,0,0,0,1,0,0,1,0,0,2,0,-1,0,0,1,0,0,0,0,0,0,0,0,0,1,0,-1,2,0,0,0,0,0,0,0,2,0,0,0,0,0,0,0,0,0,0,0,0,0,0,1,0,0,0,0,1,0,2,0,0,0,0,0,0,0,0,0,2,0,0,-2,0,0,0,0,-1,0,0,0,0,-1,0,2,0,0,0,0,2,0,3,0,2,1,1,0,0,0,1,0,1,0,1,0,0,1,0,0,2,0,0,0,1,0,1,0,0,0,1,0,0,-1,2,0,0,-1,1,0,-1,0,1,0,1,0,0,0
2514,40,2,09,2,1,2,1,0,0,0,3,0,3,1,0,1,0,0,1,1,1,1,0,0,0,2,0,2,0,0,1,0,1,0,0,0,0,0,0,0,0,0,0,2,1,-1,1,-3,1,0,-1,0,-2,1,1,0,1,-1,0,0,0,0,0,0,1,3,2,2,1,5,3,4,1,0,1,3,2,2,0,0,0,0,0,1,4,2,4,1,0,1,1,0,0,0,0,0,0,0,0,0,0,0,0,-1,-4,0,-2,1,-1,-3,1,-2,1,0,-1,-1,0,0,0,0,0,0,0,0,1,0,1,1,1,2,1,1,3,0,1,0,1,0,0,0,0,0,1,0,2,1,1,1,1,0,0,0,2,0,0,0,0,0,0,0,0,0,0,-1,-1,-1,0,-2,0,-1,-1,0,-1,-1,0,0,0,-1,0,0,0,0,0,2,0,2,2,2,0,0,5,2,0,1,2,0,0,1,0,2,0,0,2,0,0,0,1,0,0,0,0,0,0,0,2,0,0,2,-3,0,0,1,0,0,0,1,-1,0,0,0,-2
2514,40,2,11,0,1,0,0,2,0,2,1,1,0,0,1,0,0,0,0,0,0,0,0,0,1,1,0,0,0,0,0,1,0,0,0,0,0,2,0,1,0,0,0,0,-1,-1,-1,2,0,0,-1,0,0,0,0,0,-1,0,0,-1,0,0,2,0,1,0,2,0,0,3,1,1,2,0,0,0,1,0,0,0,0,0,0,0,1,1,0,0,0,1,0,1,2,0,1,0,1,0,0,1,0,0,0,0,-2,-1,1,-2,0,-1,-1,1,0,0,-1,0,-1,-2,0,0,0,1,0,1,4,0,3,3,0,2,0,0,2,0,0,0,2,0,0,1,0,0,0,0,0,0,0,1,0,2,0,0,1,1,3,0,1,3,0,0,0,0,0,1,2,0,3,1,0,0,0,2,-1,0,-1,0,0,-1,1,3,0,1,3,1,0,0,3,2,0,0,1,0,0,0,0,1,0,0,1,0,0,0,1,2,0,0,0,0,0,0,2,0,0,0,0,-1,0,0,2,0,0,0,-1,-1,0,0,1,0,0,0,2
2514,41,1,09,2,2,5,2,0,0,1,2,1,2,1,1,0,1,0,1,1,4,1,0,0,1,1,1,2,0,0,0,0,0,0,0,1,0,0,0,0,1,0,0,2,1,3,1,-2,1,0,-1,0,-2,1,1,4,1,0,0,0,0,0,0,1,4,2,6,1,3,1,0,2,2,1,0,2,4,1,0,4,0,2,0,2,1,0,2,2,1,0,0,0,0,0,0,0,0,0,0,0,0,0,0,-2,3,2,4,-1,-1,-1,2,2,-1,-1,4,0,2,0,0,0,0,0,0,2,4,0,3,3,2,1,0,2,3,1,2,0,3,2,1,2,0,0,1,1,0,0,1,1,1,1,0,1,2,0,0,0,0,0,0,0,0,0,0,0,3,0,1,0,0,2,0,2,1,0,1,0,-1,-1,0,0,0,0,0,0,4,3,2,1,3,3,4,0,3,3,1,0,1,0,0,1,2,2,2,0,1,1,2,0,0,0,1,0,0,0,0,-1,1,0,-2,-1,1,1,-1,0,0,-1,-2,0,0,0,1
2514,41,1,11,1,1,1,0,0,1,2,2,3,2,0,1,0,0,0,1,0,0,0,0,0,1,1,1,2,1,1,1,1,0,0,0,1,0,0,0,0,0,1,0,0,-1,-1,-3,-2,0,0,-1,-1,-2,0,-1,-1,-1,0,0,0,1,-1,0,0,0,1,0,0,1,0,1,1,0,0,0,1,0,0,0,0,0,0,0,0,0,1,0,0,1,0,0,1,0,0,0,0,0,0,0,0,0,0,0,-1,0,0,-1,0,0,0,0,0,0,-1,0,0,-1,0,0,0,0,0,0,2,0,1,1,3,1,1,1,2,1,0,0,0,0,0,1,0,0,0,0,0,0,0,1,0,1,1,1,0,1,1,0,1,1,3,0,0,0,1,0,1,-1,0,-1,2,0,0,0,-1,0,0,-1,-1,0,-1,1,0,1,0,3,1,1,2,2,2,0,2,2,0,0,0,1,0,1,1,0,1,0,0,0,1,0,1,2,1,0,1,1,0,0,1,0,-1,1,0,0,-1,0,0,1,-1,1,0,-2,1,0,0,1
2514,41,2,09,1,4,0,2,0,1,4,1,1,1,1,3,0,2,0,0,1,0,0,0,0,2,1,1,1,0,0,0,0,0,0,0,0,0,0,1,2,0,0,0,0,0,-1,1,-1,1,1,-1,1,-1,0,1,0,0,0,-1,-2,0,0,0,0,6,1,1,0,1,2,3,2,2,0,4,1,0,0,0,2,0,1,0,0,0,2,0,2,0,2,1,2,0,0,0,0,0,0,1,0,0,0,0,-1,4,-2,-1,-2,0,4,-1,0,-2,0,0,-1,-1,0,-1,0,0,0,0,0,4,1,0,0,1,0,1,1,2,0,4,1,0,0,0,0,0,0,0,0,0,1,0,2,1,0,0,1,0,0,0,0,0,0,0,0,0,0,0,-1,4,0,-1,-2,0,4,0,0,-2,-1,0,0,-1,0,0,0,0,0,0,3,2,2,1,1,0,0,1,0,1,1,1,3,1,1,0,1,0,0,1,0,0,0,0,0,0,0,0,0,0,0,0,2,2,2,0,-1,1,1,0,3,1,1,0,0,0,0,0
2514,41,2,11,0,1,0,0,1,0,1,0,1,0,0,0,0,0,1,0,0,0,0,0,0,1,0,1,0,0,0,0,0,0,0,1,0,0,0,0,0,0,0,0,0,0,0,-1,1,0,-1,0,-1,1,0,0,0,0,0,0,1,0,0,0,3,0,1,1,2,0,0,3,0,2,0,0,0,0,0,1,0,0,0,1,0,0,2,0,0,0,0,0,0,2,2,0,1,1,1,0,0,1,0,0,3,0,-2,1,0,0,0,-2,0,0,1,0,0,0,-1,2,0,0,1,1,1,2,4,1,1,1,0,3,1,1,0,1,0,0,0,0,0,1,1,0,1,0,0,1,1,0,0,3,0,0,1,1,3,0,1,0,0,0,0,0,0,2,1,0,0,-1,1,0,-1,-1,0,0,-2,1,0,1,1,3,0,1,1,3,2,1,1,2,2,0,0,0,1,0,0,1,1,0,0,1,1,0,1,1,0,0,1,2,0,1,0,0,1,0,0,1,0,1,0,-1,0,0,-1,0,1,0,1,2,-1,1
2514,42,1,09,3,2,3,3,0,5,1,3,2,1,1,1,1,2,0,2,1,2,1,0,2,1,2,0,0,3,0,1,2,1,0,0,0,0,0,0,0,0,0,0,-2,1,0,1,-1,-1,0,-1,2,0,-1,1,1,-1,-1,0,0,0,0,0,0,1,3,1,1,3,1,4,2,1,0,1,2,0,1,0,0,1,1,0,1,1,3,2,1,2,0,1,0,0,0,0,0,0,0,0,0,0,0,0,-3,0,-1,-1,0,-1,0,-1,-2,0,-2,0,0,1,0,0,0,0,0,0,3,2,0,3,0,2,5,3,0,1,1,2,0,2,0,2,0,0,1,0,0,3,2,0,0,2,2,1,0,1,0,0,0,0,0,0,0,0,0,0,1,-3,-3,3,-1,1,-1,-2,2,0,0,-2,-1,1,-1,0,0,0,0,0,3,0,1,0,2,1,2,2,2,0,1,0,1,0,0,0,0,1,1,2,0,0,1,0,0,0,0,0,2,0,0,0,1,-1,-1,-2,2,-1,0,-2,1,0,-1,0,-2,0,0,0
2514,42,1,11,3,2,2,0,2,1,1,2,0,1,0,1,1,0,0,1,0,1,0,1,0,1,0,0,0,0,0,2,0,0,2,1,0,0,1,1,0,0,0,1,2,1,0,0,1,0,0,1,0,0,1,0,-1,0,1,1,1,0,0,0,0,1,0,0,1,0,1,2,0,1,0,1,0,0,0,0,0,0,0,0,0,0,1,0,0,0,0,1,0,1,0,0,0,0,1,0,1,0,0,0,0,0,-2,0,0,0,1,-1,0,0,0,0,-1,0,-1,0,-1,0,0,1,1,2,0,1,4,1,2,0,0,2,0,1,0,1,1,0,0,0,0,1,0,0,0,0,0,0,2,0,0,2,1,1,0,0,2,1,0,0,0,0,0,0,0,1,2,0,1,0,1,1,0,-2,0,0,-1,0,1,0,0,2,0,1,1,1,2,0,0,0,0,0,0,0,0,0,1,1,0,0,0,0,1,0,0,0,0,1,0,0,1,0,0,0,-2,1,1,1,0,0,0,0,-1,0,1,1,-1,1,0,0
2514,42,2,09,2,1,3,0,2,3,1,2,1,3,2,1,1,0,2,0,0,2,0,0,3,1,1,1,3,0,0,1,0,0,0,0,0,0,0,0,0,0,0,0,-1,0,1,-1,-1,-1,0,0,-1,-1,0,0,1,0,0,0,0,0,0,0,2,1,1,1,1,0,1,2,1,2,2,1,1,1,0,0,0,0,0,1,0,1,0,0,1,0,0,2,1,1,0,0,0,0,0,0,0,0,0,0,2,0,-1,0,-1,2,0,1,1,-1,0,0,-2,-1,0,0,0,0,0,0,2,1,0,1,1,2,0,1,0,1,2,1,0,1,0,0,0,0,0,1,2,0,1,0,0,0,0,0,0,1,0,0,0,0,0,0,0,0,0,0,0,1,-1,1,0,0,1,-1,1,0,0,0,0,0,0,0,0,0,0,0,2,1,1,0,1,2,0,1,1,0,1,0,1,1,0,0,1,0,0,0,0,2,0,1,0,0,0,0,0,0,0,0,1,-1,1,-1,0,0,1,0,1,-1,0,-1,0,0,0,0
2514,42,2,11,1,1,0,1,2,0,0,0,0,0,0,0,0,1,1,0,0,0,0,0,0,0,0,0,0,0,0,0,0,0,1,1,0,0,1,0,0,0,0,0,1,1,0,1,2,0,0,0,1,1,0,0,0,0,0,1,1,0,0,1,0,1,0,0,0,0,2,0,0,0,0,0,0,0,0,0,1,0,0,0,0,0,0,0,0,0,2,0,0,0,0,0,0,0,0,0,0,0,0,0,0,-1,0,0,0,0,0,0,0,0,0,-1,0,0,0,0,0,0,0,0,0,0,3,3,2,1,0,2,1,3,0,0,0,0,0,0,0,1,1,0,0,0,0,0,0,1,0,2,1,2,0,0,2,2,2,0,0,0,0,1,-1,0,1,2,-1,0,0,0,0,0,-1,0,-1,0,-2,0,0,2,2,1,3,1,3,2,2,0,2,2,0,0,0,1,1,0,0,0,0,0,0,0,1,0,1,2,2,1,3,1,1,0,1,0,1,1,1,0,0,0,0,1,0,0,-1,-2,1,1,2,1
2514,43,1,09,2,2,2,0,1,3,2,1,0,5,2,1,1,0,1,0,1,0,0,0,2,0,0,0,2,1,2,1,0,3,0,0,1,0,0,0,0,0,0,0,-1,0,1,0,-4,0,1,1,0,-1,-1,-1,-1,0,-3,0,0,1,0,0,3,2,4,2,4,1,3,0,0,2,2,0,2,1,3,1,2,1,1,1,1,1,0,0,1,0,1,0,0,1,0,0,1,0,0,0,1,0,0,0,2,-1,4,2,2,1,-1,2,1,2,1,1,1,1,0,0,-1,1,0,0,0,3,4,3,1,2,2,1,4,2,0,1,1,2,0,0,2,2,1,1,2,1,0,3,1,0,1,1,1,1,0,0,1,0,0,0,0,0,0,0,-2,1,3,-1,-1,-2,0,1,-1,-1,0,1,1,0,0,0,0,1,0,0,2,1,3,3,3,0,1,2,1,0,1,2,1,0,1,1,1,0,0,2,1,0,1,0,0,1,1,0,1,0,0,0,-1,1,2,1,0,0,1,0,0,0,0,1,-1,1,1,0
2514,43,1,11,0,2,1,0,2,0,1,1,3,1,0,1,0,0,0,0,0,1,0,0,0,1,0,1,0,0,0,0,1,1,0,1,0,0,2,0,0,1,1,0,0,1,0,-3,1,0,0,0,-1,0,0,0,1,-1,-1,0,1,-1,-1,2,0,1,2,1,1,0,0,0,0,0,0,1,1,0,0,0,0,0,0,0,0,0,0,0,0,0,0,0,0,0,0,0,1,1,1,0,0,0,0,0,0,1,2,1,1,0,1,1,0,0,0,0,0,0,0,0,0,1,1,1,2,3,2,1,1,0,0,1,0,1,0,2,2,1,0,0,0,0,0,1,0,0,0,0,1,0,0,0,0,0,2,1,0,0,0,0,0,1,0,0,2,3,1,1,0,0,2,2,1,-1,0,0,0,0,1,2,1,-1,0,0,3,3,4,1,0,0,1,2,0,1,2,0,2,0,1,0,0,0,0,0,0,0,1,1,1,2,1,1,0,0,0,1,3,3,3,-1,0,1,2,0,2,0,0,-1,1,2,1,0
2514,43,2,09,1,2,2,1,1,1,1,4,1,1,0,2,0,1,1,1,0,1,0,0,1,0,4,0,0,0,1,0,1,1,0,0,1,0,0,0,0,0,0,0,0,1,-2,0,0,-1,2,-4,1,1,1,-1,1,-1,-1,0,0,1,0,0,1,0,2,1,1,0,1,2,2,3,1,0,2,0,1,0,0,0,0,0,0,1,1,2,2,0,0,0,0,1,0,0,0,1,0,0,0,1,0,0,1,-1,0,-1,-2,1,-1,1,-2,-1,0,0,0,0,-1,0,0,-1,1,0,1,1,0,5,0,1,2,3,2,0,0,0,0,3,0,1,1,0,2,0,0,1,1,1,0,1,1,2,1,0,0,0,0,0,0,0,0,0,0,0,0,-1,-3,3,0,0,-1,-1,2,0,0,0,-2,1,0,0,0,0,0,0,3,1,2,1,0,0,0,1,2,1,1,0,1,0,1,1,0,0,0,1,0,0,0,0,0,0,0,0,0,0,0,0,3,1,2,0,2,1,1,-1,1,0,1,1,0,0,0,0
2514,43,2,11,0,2,1,0,1,0,0,1,0,1,0,1,0,0,0,0,1,0,0,0,0,0,1,0,0,0,0,0,0,0,0,0,1,0,1,0,0,0,0,1,0,2,0,0,0,0,1,-1,0,0,0,1,0,0,0,0,0,1,0,0,0,1,1,1,0,1,2,2,0,1,0,0,0,0,0,0,0,1,0,0,0,1,2,0,0,1,0,0,0,0,0,1,0,1,0,0,1,0,0,1,-1,-1,-1,1,-1,0,-1,-2,0,0,-1,0,1,0,0,0,0,0,1,-1,1,1,0,1,2,2,0,1,0,0,0,1,0,0,1,0,0,0,0,0,0,0,0,0,0,2,0,1,0,0,1,0,0,1,1,0,0,0,0,0,-1,1,-1,1,2,0,1,0,0,1,-2,0,-1,0,0,1,0,0,1,1,2,2,0,2,0,0,1,3,2,0,0,2,0,0,0,0,0,0,0,2,0,0,1,1,0,2,0,0,0,0,0,0,2,2,-1,-1,2,0,0,0,0,0,-1,-1,0,2,0,0
2514,44,1,09,3,1,2,4,4,1,3,2,1,5,2,1,2,4,2,1,0,0,0,2,1,1,2,1,3,0,2,0,0,2,0,0,0,0,0,0,0,0,0,0,2,-2,0,3,-1,1,0,0,3,-1,1,-2,0,0,0,0,0,0,0,0,4,2,1,1,1,2,3,0,0,2,0,2,1,1,1,4,0,0,0,0,0,1,0,0,1,2,2,0,0,1,0,0,0,0,0,0,0,0,0,0,2,-1,1,1,-1,0,1,1,1,0,2,-2,0,0,-1,0,0,0,0,0,1,1,2,2,3,3,2,1,3,1,1,0,2,1,2,0,1,0,1,1,1,1,1,0,0,2,1,0,3,1,0,0,0,0,0,0,0,0,0,0,-2,-1,1,-1,2,0,-1,1,1,2,-2,0,0,-2,0,0,0,0,0,0,3,7,1,4,0,8,2,4,1,7,0,1,2,0,1,3,0,7,2,1,0,1,0,2,0,0,0,0,0,0,0,1,3,-1,-1,0,1,0,-2,0,2,-1,1,1,0,0,0,-1
2514,44,1,11,0,3,1,1,1,0,1,0,1,0,0,1,0,0,0,0,0,1,1,1,0,0,0,0,0,0,1,0,1,0,0,2,0,0,0,0,0,0,0,0,0,2,1,0,1,0,1,0,0,0,0,-1,1,0,1,0,2,0,0,0,0,1,0,1,0,0,0,0,2,0,0,0,0,1,0,0,0,0,0,0,0,0,0,1,0,0,0,0,1,0,0,1,0,0,0,0,0,0,0,0,0,1,0,-1,0,0,0,0,0,0,0,0,0,-1,0,0,1,0,0,0,3,4,0,0,0,0,5,1,2,0,0,0,0,0,0,0,0,0,0,0,0,1,1,1,0,0,3,0,1,0,3,4,0,0,0,0,1,0,0,0,3,-1,-1,-2,0,0,-1,-1,-1,0,0,-3,0,-1,0,3,3,0,0,0,1,3,3,0,4,1,1,3,0,1,0,0,0,0,1,0,1,1,0,2,3,0,0,1,1,2,2,0,0,0,1,0,-3,2,2,-3,-1,0,0,-2,-3,0,1,-1,1,2,1,0
2514,44,2,09,1,2,3,2,2,2,0,3,2,0,1,1,2,1,1,0,1,1,1,1,1,0,3,1,0,1,0,0,0,0,0,0,0,0,0,0,0,0,1,0,-1,2,0,0,2,0,1,-1,0,1,-1,1,1,1,1,0,0,0,-1,0,0,2,1,2,3,2,4,3,1,2,0,1,1,2,2,0,1,0,0,1,0,2,3,0,2,2,2,0,1,0,0,0,0,0,0,0,0,0,0,0,-2,-2,-2,1,1,0,-1,-2,2,0,-2,-1,0,-1,1,0,0,0,0,0,3,1,0,1,3,2,0,0,2,3,1,1,0,0,2,2,0,0,1,1,2,0,0,2,3,0,0,0,0,0,0,0,0,0,0,0,0,0,0,0,1,1,0,-1,0,-1,1,0,-2,-1,2,0,0,1,1,0,0,0,0,0,3,0,2,1,0,1,4,2,1,0,0,1,1,0,2,0,0,1,2,2,0,0,2,0,1,0,0,0,0,0,0,0,3,-1,-2,-1,1,-1,-2,-1,1,0,0,0,1,0,0,0
2514,44,2,11,6,1,0,0,1,3,0,1,1,0,1,0,0,0,0,4,0,0,0,1,0,0,1,0,0,3,0,0,1,0,1,1,0,0,0,0,0,0,0,0,3,1,-1,-1,1,1,0,-1,0,0,1,0,0,-1,1,1,1,0,0,0,0,1,0,1,0,0,0,0,0,0,0,0,0,0,0,0,0,0,0,0,0,0,0,0,0,0,0,0,0,0,0,1,0,1,0,0,0,0,0,0,0,1,0,1,0,0,0,0,0,0,0,0,0,0,0,0,1,0,1,0,1,1,1,2,1,0,2,1,0,0,0,0,0,0,0,0,0,0,0,0,0,0,0,0,0,0,2,0,0,0,1,1,1,2,1,0,0,1,0,0,1,-1,0,2,1,0,0,0,0,0,0,-2,0,0,0,1,1,0,2,1,2,0,1,0,1,0,2,1,1,0,0,0,0,0,0,0,0,0,0,1,1,0,1,0,1,0,1,0,0,0,1,0,1,0,-1,-1,1,0,0,-1,-1,0,-1,0,1,0,0,0
2514,45,1,09,0,4,0,7,0,1,3,1,0,3,0,2,0,3,0,0,2,0,4,0,1,1,1,0,3,0,2,0,0,0,0,0,0,0,0,0,0,0,0,0,-1,1,-1,7,-3,-1,1,-1,3,-3,0,0,0,4,0,0,0,0,0,0,1,1,2,0,1,1,1,2,0,2,1,1,0,0,1,0,0,1,0,0,1,0,1,0,1,0,1,1,0,1,0,0,1,0,0,0,0,0,0,0,0,0,0,0,-1,0,1,-1,0,0,0,-1,0,0,-1,0,0,1,0,0,1,0,1,1,2,1,1,1,3,2,0,0,1,1,0,1,0,0,0,2,1,0,1,2,2,0,1,0,1,0,0,0,0,0,0,0,0,0,0,0,0,-1,0,-2,0,-1,0,0,-1,-2,1,-1,0,-1,2,0,0,0,0,0,3,1,1,2,4,2,2,0,0,1,1,0,3,0,0,2,2,2,2,0,2,0,0,0,0,0,0,0,0,0,0,0,-1,-1,-1,2,-2,-1,-1,0,1,0,0,2,0,0,0,0
2514,45,1,11,1,0,1,1,1,0,2,0,2,2,0,0,1,0,0,0,0,0,0,1,0,0,0,0,1,0,1,0,1,1,1,0,0,1,0,0,1,0,1,0,1,-2,1,-1,-1,0,0,1,0,-1,0,-1,0,-1,0,1,-1,0,0,0,0,2,2,0,0,0,1,1,0,0,0,0,0,0,0,0,0,1,0,0,0,0,0,0,0,0,0,1,0,0,0,2,1,0,0,0,1,0,0,0,0,1,1,0,0,0,0,0,0,0,0,0,0,0,0,0,1,1,0,0,1,0,1,0,0,0,2,0,0,1,1,0,1,0,0,0,0,0,0,0,0,1,0,0,1,0,1,0,0,0,0,0,0,0,0,0,0,0,0,0,1,-2,1,0,-1,1,-1,1,0,-1,0,-1,0,0,0,0,0,0,0,0,1,4,0,0,0,0,3,1,0,0,0,0,1,3,0,0,0,0,1,0,0,0,2,0,0,1,0,0,0,0,0,1,1,4,-3,-1,0,0,-1,0,1,3,-2,0,0,1,0,-1
2514,45,2,09,5,4,1,0,2,1,2,2,1,1,2,3,0,0,2,3,0,1,0,0,1,1,1,1,1,0,1,1,0,0,0,1,0,0,0,0,0,0,0,0,4,2,-1,-1,1,1,2,-1,-1,1,3,-1,0,0,0,0,1,0,0,0,0,2,0,2,1,1,2,2,1,0,0,0,0,2,0,0,2,0,0,1,1,0,1,1,0,0,2,0,0,0,0,0,0,0,0,0,0,1,0,0,-1,0,-2,1,1,-1,0,-1,1,0,0,0,0,0,1,0,0,-1,0,0,2,3,4,3,4,4,4,2,1,1,1,1,2,1,0,1,1,2,2,4,3,2,0,0,1,1,2,2,1,0,0,1,0,0,0,0,0,0,0,0,-2,-1,2,2,3,-2,-1,2,1,-1,0,-1,0,1,4,0,1,0,0,0,1,0,0,4,2,0,2,2,0,0,0,1,1,0,0,3,0,0,1,1,2,0,1,1,0,0,0,0,0,0,0,0,-1,0,-2,2,0,0,-1,0,-1,0,-1,2,0,0,0,0
2514,45,2,11,0,0,2,1,0,1,0,0,4,0,0,0,1,0,0,0,0,0,0,0,0,0,0,2,0,0,0,0,2,0,0,0,1,1,0,1,0,0,0,0,-1,0,2,-3,0,0,0,1,-2,0,0,0,0,-2,0,-1,0,1,1,0,0,1,0,4,1,0,1,0,2,1,0,0,0,1,0,0,0,0,3,1,0,0,0,1,0,0,0,0,1,1,0,1,0,0,0,0,1,0,0,0,0,0,0,2,0,0,0,0,0,0,0,0,0,2,0,0,0,0,0,0,0,2,1,0,0,0,1,1,0,0,0,1,0,0,0,0,0,1,0,0,0,1,0,0,0,0,0,1,0,0,0,1,0,0,0,0,0,0,0,0,0,1,0,0,0,0,0,0,0,0,0,0,0,0,0,0,1,0,0,0,1,1,2,1,1,1,3,2,1,0,0,0,0,1,2,1,0,0,0,0,1,1,2,2,0,0,0,0,0,0,1,0,0,0,-1,-1,1,0,0,0,-1,0,0,-1,0,0,-1,0
2514,46,1,09,3,1,3,0,3,0,0,3,0,3,1,1,2,0,2,2,0,1,0,1,0,0,1,0,1,0,0,1,0,1,0,0,0,0,0,0,0,1,0,1,3,1,0,0,0,1,1,1,0,1,2,0,0,0,0,0,0,-1,0,-1,0,1,4,3,0,2,1,1,1,1,0,0,3,2,0,0,1,1,1,0,2,0,1,0,0,0,1,0,1,1,0,0,0,0,0,0,0,0,0,0,-2,0,3,2,-1,-2,0,2,2,0,0,0,1,0,-1,0,0,0,0,0,3,3,3,4,1,2,5,2,4,2,0,2,1,2,1,3,1,2,2,0,0,2,1,4,1,2,3,1,0,1,0,0,0,0,0,0,0,0,0,0,1,-2,1,0,-1,0,0,0,-2,0,1,-2,1,2,-1,0,0,0,0,0,2,2,0,0,1,0,3,1,2,1,0,0,0,1,0,0,0,0,2,1,1,0,1,0,0,0,0,0,0,0,0,0,1,2,-3,-1,2,1,-2,-1,-1,1,-1,0,0,0,0,0
2514,46,1,11,3,1,0,0,2,4,0,0,2,0,2,1,0,0,2,0,0,0,0,0,3,0,0,0,0,0,0,0,1,0,1,0,0,0,0,1,0,0,1,0,-1,1,0,-2,2,-1,1,0,0,2,0,0,0,-1,0,0,0,0,-1,0,0,0,0,0,1,0,0,0,3,2,0,0,0,0,0,0,0,0,0,0,0,0,0,0,1,0,0,0,2,1,0,0,0,0,1,0,0,0,1,0,0,0,0,-3,-1,0,0,0,0,-1,0,0,0,-2,-1,0,0,0,-1,1,2,3,4,1,0,2,2,1,2,0,1,1,1,0,0,0,0,0,0,0,2,0,0,0,0,0,2,1,1,0,1,2,3,1,0,0,0,0,1,0,0,1,3,-1,0,-1,1,1,0,0,0,-2,-1,-1,0,1,2,3,0,0,1,0,1,0,1,1,2,0,0,0,0,0,1,0,1,0,0,1,1,0,0,0,1,0,0,0,0,0,1,0,0,0,0,-1,-1,0,0,-1,-1,0,1,0,0,0,-1,0,0,0
2514,46,2,09,2,2,0,0,4,2,2,2,3,2,1,2,0,0,3,1,0,0,0,1,2,1,2,3,1,0,1,0,0,1,0,0,0,0,0,0,0,0,0,0,0,0,-2,-3,2,-1,1,-2,-3,2,1,-1,0,0,0,0,0,0,0,0,1,2,0,1,6,4,4,0,0,2,1,1,0,1,4,0,1,0,0,1,4,2,0,0,2,0,2,0,0,0,0,0,0,0,1,0,0,0,0,0,-3,-2,0,1,4,-3,-1,0,1,2,0,-1,0,0,1,0,0,0,0,1,3,2,3,0,1,2,1,1,0,1,1,1,1,0,0,2,0,2,0,1,2,0,1,0,1,0,0,0,0,0,0,1,0,0,0,0,1,0,0,0,1,1,2,0,0,-1,1,0,0,-1,2,0,2,0,1,0,0,0,0,0,0,3,0,1,0,3,1,0,0,2,0,1,0,1,0,0,0,0,1,0,0,3,0,0,0,0,0,0,0,0,0,0,0,0,-1,1,0,2,-1,1,0,-2,0,0,0,0,0,0
2514,46,2,11,0,2,1,0,0,2,2,2,0,2,0,0,0,0,0,0,0,0,0,0,1,1,1,0,0,1,0,1,0,1,0,2,1,0,0,0,1,0,0,1,-2,0,-1,0,-2,-1,-1,-1,0,0,-1,0,-1,0,-1,0,1,1,0,-1,0,0,1,2,2,1,0,1,1,2,0,0,0,2,1,0,0,1,0,0,0,0,1,1,0,0,0,0,0,2,0,0,0,0,1,1,0,0,0,0,-1,0,0,1,0,0,0,-1,1,1,0,0,1,0,-2,-1,0,0,0,1,0,2,2,0,1,0,3,0,0,0,0,0,2,0,0,0,0,0,0,0,0,2,0,0,0,0,1,0,0,0,0,2,0,0,1,0,0,0,0,0,0,-1,2,0,1,0,-2,2,0,0,0,-1,0,0,0,0,2,0,0,1,1,6,2,0,0,1,3,1,0,5,1,0,0,0,0,0,0,0,2,0,0,1,1,1,1,1,1,0,0,0,0,0,1,5,-1,-1,0,5,-1,0,0,-1,-1,-1,1,1,1,0
2514,47,1,09,0,1,5,1,0,3,1,2,1,1,0,0,2,0,0,0,1,3,1,0,2,1,2,0,1,1,0,0,1,0,0,0,0,0,0,0,0,0,0,0,-3,0,3,0,-1,-2,-1,0,0,-1,-1,1,3,0,0,0,0,0,0,0,3,3,3,2,0,3,2,2,6,1,2,2,3,2,0,1,1,0,0,0,1,0,0,6,1,2,2,2,0,0,0,0,0,0,0,0,0,0,0,0,0,1,1,-4,-1,1,2,3,-4,-1,-1,-1,-2,0,0,0,0,0,0,0,2,1,0,2,2,3,1,3,0,2,1,1,0,1,2,1,0,0,1,0,2,1,3,0,1,1,0,0,0,1,0,0,0,0,0,0,0,0,0,0,-1,0,-3,2,0,-1,0,-3,1,1,0,0,0,1,-1,0,0,0,0,0,3,1,4,1,3,1,2,1,3,1,2,0,0,0,2,1,2,1,1,1,1,0,1,0,0,0,0,0,0,0,0,0,0,0,2,0,1,0,1,-1,-1,0,1,1,0,0,0,0
2514,47,1,11,1,0,0,0,1,0,1,1,0,1,1,0,0,0,0,0,0,0,0,0,0,0,0,0,0,0,0,1,0,0,0,0,0,0,1,0,1,0,0,1,1,-1,-1,0,0,1,0,0,0,0,0,0,-1,0,0,0,-1,0,0,0,0,0,0,0,0,0,1,1,2,0,0,0,0,0,0,0,0,0,0,0,0,0,0,0,0,0,0,1,0,0,0,0,0,0,0,0,1,0,2,0,0,-1,-1,-2,0,0,0,0,0,0,0,0,-1,0,0,0,-1,0,-2,0,1,1,0,1,0,0,1,1,0,1,0,1,0,0,0,0,0,0,0,0,0,0,0,0,0,0,1,1,0,1,1,0,0,1,0,0,0,0,0,0,1,0,-1,1,-1,0,1,0,0,0,0,-1,-1,0,-1,1,0,0,1,0,1,4,3,1,0,1,1,1,1,1,1,1,0,2,1,0,0,0,0,0,0,1,1,0,0,1,1,0,0,0,0,1,1,3,2,0,1,1,1,1,0,1,0,0,0,1,1,-1
2514,47,2,09,2,3,1,1,1,2,1,0,1,1,1,2,1,1,1,0,1,0,0,0,2,0,0,1,1,0,1,0,0,0,1,0,0,0,0,0,0,0,0,0,0,2,1,0,0,-1,2,1,0,0,0,0,0,0,0,1,0,0,0,0,1,3,2,1,1,0,1,0,1,4,1,3,0,1,1,0,0,2,0,0,0,1,0,0,3,0,0,0,1,1,0,0,0,0,0,0,0,0,0,0,1,2,2,0,-3,1,2,0,1,-2,0,0,2,-1,-1,0,0,0,0,0,1,1,2,0,3,0,0,2,0,0,1,1,1,0,2,0,0,1,0,1,0,0,2,0,0,0,0,0,0,0,0,0,0,0,0,0,0,0,0,0,1,1,0,0,3,1,1,-1,0,2,0,0,1,0,1,0,0,0,0,0,1,0,2,1,2,4,3,1,1,0,0,1,0,0,2,0,0,3,0,1,2,1,3,0,0,0,0,0,0,0,0,0,-1,-4,-1,0,1,-3,0,0,-2,-1,-1,0,0,0,0,0
2514,47,2,11,1,3,2,1,1,1,1,0,1,3,0,1,1,0,0,0,1,0,0,0,0,0,0,0,2,1,1,0,1,1,1,1,1,1,1,0,0,0,0,0,0,2,2,0,-2,0,1,1,0,-2,-1,0,0,-1,-1,1,1,1,1,1,2,2,0,2,2,0,2,2,0,1,1,0,0,1,1,0,1,0,0,1,0,1,1,0,0,0,0,1,0,1,1,1,0,1,0,0,1,0,0,0,2,0,-2,2,1,1,-1,-1,1,1,0,1,-1,0,0,1,0,0,1,0,1,2,1,1,2,0,2,0,0,1,0,0,0,1,0,1,0,0,0,2,0,1,0,0,0,0,1,0,0,1,0,2,1,0,0,0,0,0,0,0,1,0,1,1,1,0,-1,0,1,0,1,-1,0,0,1,0,2,1,0,0,1,0,0,1,0,0,0,2,1,0,0,1,0,0,0,0,0,0,0,1,0,0,0,1,0,0,0,0,0,0,0,0,1,0,0,-1,1,0,0,0,0,0,0,-1,0,0,0,0
2514,48,1,09,2,1,2,2,4,3,1,2,1,2,2,1,1,1,2,0,0,1,1,1,1,1,1,0,0,2,0,1,1,2,0,0,0,0,1,0,0,0,0,0,-1,0,0,1,2,1,0,0,1,2,-2,0,0,0,-1,0,0,0,0,1,1,3,1,1,2,1,3,1,1,2,0,2,0,0,2,1,1,1,1,0,0,2,0,0,0,1,1,1,1,2,0,0,0,0,0,0,0,0,0,0,0,0,0,0,0,0,0,0,0,2,0,0,0,0,-2,0,0,0,0,0,1,1,2,1,2,2,0,1,4,2,0,1,2,0,1,1,0,0,1,1,2,0,1,2,2,0,0,0,2,0,0,0,0,0,0,0,0,0,0,0,-1,1,1,-3,0,-2,1,1,-2,-1,1,0,0,-1,1,0,0,0,0,0,3,5,0,2,0,5,1,2,1,2,0,1,2,3,0,1,0,2,1,2,0,3,0,0,0,0,0,0,0,0,0,0,3,0,-1,0,1,0,-1,-1,2,0,0,1,0,0,0,0
2514,48,1,11,1,0,0,1,0,1,1,2,2,0,1,0,0,0,0,0,0,0,1,0,1,0,1,0,0,0,0,0,1,0,0,0,0,0,0,0,1,1,1,0,0,-1,-2,-1,0,0,0,-1,0,0,0,0,0,0,0,0,-1,-1,-1,0,0,0,0,1,1,0,0,2,0,1,0,0,0,1,0,0,0,0,0,1,0,0,2,0,0,0,0,0,0,1,0,0,0,0,0,0,0,0,0,0,0,0,-2,1,0,0,0,-2,1,0,0,0,0,0,0,0,0,0,0,0,0,1,2,1,3,0,3,1,0,2,0,0,0,0,0,0,0,1,1,0,0,1,0,0,0,0,1,0,0,1,0,1,1,0,3,0,1,1,0,1,0,-2,1,1,1,0,-1,0,0,0,0,-1,1,1,-1,0,0,0,0,2,2,2,0,2,2,1,1,2,1,0,0,0,0,1,0,2,1,0,0,2,1,1,1,0,1,1,0,0,0,0,0,0,0,1,-1,0,0,0,0,-2,-1,0,-1,2,1,1,0,0
2514,48,2,09,2,0,4,1,0,3,2,3,3,3,2,0,3,0,0,0,0,0,1,0,3,1,1,1,2,0,1,1,2,1,0,0,1,0,0,0,0,1,0,0,-1,-2,1,-2,-3,-1,-1,2,-1,-2,0,-1,-1,-1,-1,0,0,0,0,0,2,1,1,5,2,2,3,1,4,2,2,1,1,5,2,0,0,0,0,0,2,3,1,1,0,0,0,0,3,2,0,0,0,0,0,0,0,0,0,0,0,-2,0,1,0,0,-2,0,4,2,0,0,0,-3,-2,0,0,0,0,0,5,2,3,0,3,0,0,1,1,3,4,1,3,0,3,1,1,0,0,0,0,0,1,1,2,0,0,0,0,1,0,0,0,0,0,0,0,0,0,0,5,2,2,-1,0,4,1,2,-1,1,1,1,0,0,-1,0,0,0,0,0,3,1,0,3,1,0,1,5,2,1,0,2,1,0,0,1,0,0,0,2,1,0,1,3,0,0,0,0,0,0,0,0,2,1,-1,-2,2,1,0,0,0,0,-1,-2,0,0,0,0
2514,48,2,11,3,2,0,3,1,1,0,2,3,1,1,0,0,1,0,1,1,0,2,0,1,0,2,1,1,0,0,0,1,0,1,1,0,0,1,0,0,0,1,0,2,2,-2,0,0,0,0,-2,0,-1,1,1,0,1,0,1,1,0,-1,1,2,1,0,0,0,0,0,1,0,0,1,0,0,0,0,1,0,0,0,0,0,0,1,0,0,0,0,0,0,0,0,1,0,0,0,0,0,0,0,0,2,1,-1,0,0,1,0,-1,0,0,1,0,0,0,0,0,1,0,0,0,1,1,0,0,0,1,0,2,0,0,0,0,0,0,0,0,0,0,0,0,0,0,1,0,0,1,0,1,0,0,1,1,0,0,0,0,0,0,0,0,0,1,-2,0,0,0,0,-1,0,0,-1,0,-1,0,0,1,1,0,0,0,1,3,0,1,0,0,1,2,0,0,0,1,0,2,0,0,0,0,1,0,0,0,0,1,1,1,0,0,0,0,0,1,1,3,-1,-1,0,0,-1,1,0,2,0,-1,1,1,0,-1
2514,49,1,09,3,2,2,0,2,2,1,1,2,2,3,1,2,0,1,0,1,0,0,1,2,0,1,2,1,0,1,0,0,1,0,0,0,0,0,0,0,0,0,0,1,1,1,-2,0,1,1,1,-2,0,0,0,0,0,0,0,0,0,0,0,1,2,2,4,2,0,3,2,4,0,0,0,0,2,1,1,2,2,2,1,0,3,1,2,0,0,0,1,2,0,0,0,0,0,0,0,0,0,0,0,1,-1,0,0,2,0,-3,-1,0,1,1,2,1,0,1,0,0,0,0,0,1,3,3,1,0,2,2,1,8,1,0,3,3,0,0,1,0,0,1,0,0,2,0,4,1,2,0,1,3,0,0,0,0,0,0,0,0,0,1,0,-1,1,2,-7,-1,0,1,3,-4,-1,-1,0,-1,-2,0,0,0,0,-1,0,2,1,3,1,0,0,3,0,0,0,2,1,2,1,1,0,0,0,1,0,0,0,2,0,0,0,0,0,0,0,0,0,2,1,0,1,0,0,1,1,2,1,-1,0,0,0,0,0
2514,49,1,11,4,1,0,1,0,1,0,0,1,0,2,0,0,0,0,1,1,0,0,0,1,0,0,0,0,0,0,0,0,0,1,0,0,1,0,0,0,0,1,0,3,1,0,0,0,1,0,0,0,0,1,1,0,0,0,1,0,0,0,0,0,1,0,0,1,1,1,2,0,2,0,1,0,0,0,0,0,0,0,0,1,1,0,0,0,0,0,1,0,1,0,0,0,0,1,0,0,1,0,1,-1,0,-2,0,-1,-1,0,0,0,0,0,0,-1,0,-1,0,0,-1,0,0,0,1,0,1,1,0,0,0,1,3,0,0,0,0,0,0,0,0,1,0,0,0,0,1,2,0,0,0,0,0,0,1,0,0,1,0,0,0,0,1,0,1,0,0,-2,0,0,0,-1,-2,0,0,0,1,0,0,1,0,0,0,1,1,0,1,2,1,1,0,0,1,0,0,0,0,0,0,1,0,1,0,1,0,0,0,1,0,0,1,0,1,0,0,-1,0,-1,1,-1,1,-1,0,-1,0,0,0,1,-1,0,1
2514,49,2,09,1,3,1,3,1,3,2,5,1,3,1,3,1,2,1,0,0,0,1,0,1,0,1,0,3,2,2,4,1,0,0,0,0,0,0,0,0,0,0,0,-2,1,-4,2,-2,0,3,0,2,-2,-2,-2,-4,0,0,0,0,0,0,0,5,2,2,3,0,3,3,2,2,3,3,1,1,2,0,1,1,1,1,0,2,3,2,1,1,1,0,0,1,2,1,0,0,0,0,0,0,0,0,0,2,-1,0,1,-3,1,-2,-1,1,-1,0,1,1,0,-2,1,0,0,0,0,1,4,3,1,2,1,1,0,0,0,0,4,2,0,2,1,0,1,0,0,1,1,0,0,0,0,0,0,0,0,0,0,0,1,0,0,0,0,0,0,0,3,3,1,2,-1,3,2,0,2,1,0,1,0,0,0,0,0,1,0,5,1,3,1,0,3,0,3,2,0,2,1,3,1,1,0,0,2,0,3,0,1,0,0,0,0,0,0,0,0,0,0,5,-2,3,-2,2,-2,2,-2,3,0,1,0,0,0,0,0
2514,49,2,11,2,1,1,1,2,1,1,0,1,2,1,0,0,0,0,1,1,0,0,0,1,1,0,1,0,0,0,0,0,1,0,0,1,1,2,0,0,0,0,1,1,0,1,0,0,0,-1,0,-1,0,1,1,0,0,-1,0,0,1,1,1,0,0,0,1,2,3,1,0,0,0,0,0,0,0,1,0,0,0,0,0,2,0,0,0,0,1,0,0,0,0,0,0,0,1,1,0,1,0,0,0,-3,-1,0,1,2,-2,0,0,0,1,-1,0,0,0,0,0,-1,0,1,1,3,1,0,0,0,2,1,1,2,1,0,0,0,0,0,0,0,0,0,0,0,0,0,1,0,2,1,0,1,0,3,1,0,0,0,0,0,1,0,1,1,0,-1,-2,-1,0,0,0,-1,0,-2,-1,0,-1,0,3,1,-1,0,-1,2,1,0,2,2,0,0,1,0,0,0,0,0,0,0,1,0,0,0,1,1,0,0,0,2,1,0,1,1,0,0,0,0,1,0,1,0,0,0,-1,-1,0,0,1,1,1,0,1
2514,50,1,09,3,2,1,3,0,3,6,0,2,0,2,1,0,2,0,1,0,1,1,0,1,2,0,2,0,2,3,0,0,0,0,1,0,0,0,0,1,0,0,0,0,-4,1,1,0,1,-1,0,0,0,-1,-3,1,1,0,0,0,0,0,0,0,3,2,1,2,1,3,2,0,1,0,2,1,1,0,0,1,1,0,2,0,2,1,0,0,1,1,1,0,1,0,0,0,0,0,0,0,0,0,0,-1,0,0,1,1,0,0,0,1,0,-1,0,0,0,1,0,0,0,0,0,3,2,2,0,5,2,1,3,2,2,2,2,2,0,2,1,0,0,0,3,2,1,3,2,2,0,0,0,0,0,0,0,0,0,0,0,0,0,0,0,1,1,-1,-2,3,0,1,-1,-2,0,1,0,0,0,3,0,0,0,0,0,3,2,1,3,1,1,1,4,2,2,1,3,1,0,0,0,0,1,0,4,1,0,1,0,0,0,0,0,0,0,0,0,2,1,0,-1,2,1,1,-1,0,0,-1,0,0,0,0,0
2514,50,1,11,0,1,0,2,2,0,1,0,1,0,0,0,0,0,0,0,1,0,0,1,0,0,0,0,0,0,1,0,1,0,0,0,0,2,1,0,0,0,0,0,0,0,0,1,2,0,0,0,0,0,0,0,0,-1,1,0,0,0,2,1,2,1,0,1,0,2,0,1,0,0,0,0,0,0,0,1,0,0,1,0,1,0,1,0,0,0,0,0,0,0,1,1,0,0,0,1,0,0,0,0,0,1,-1,1,0,-1,0,-1,0,0,1,0,0,1,0,0,1,0,0,0,1,0,2,1,1,0,0,1,1,0,0,0,0,1,0,0,0,2,0,0,0,0,0,1,0,0,0,1,0,0,1,0,0,0,1,0,0,0,0,0,1,0,1,0,1,0,0,0,0,0,0,0,1,0,0,1,0,0,0,1,1,1,0,2,0,0,0,0,0,0,0,0,0,0,0,0,0,0,0,0,0,0,0,0,1,1,0,2,0,0,0,0,1,1,0,2,0,0,0,0,0,0,0,0,1,1,0,2
2514,50,2,09,1,0,2,1,2,0,1,3,4,1,1,0,2,0,2,0,0,0,1,0,0,0,2,2,1,0,1,1,2,0,0,0,0,0,0,0,0,0,0,0,1,-1,-1,-3,1,1,0,0,-2,1,0,-1,-1,-1,0,0,0,0,0,0,1,1,1,0,1,1,2,0,4,1,0,1,0,0,1,1,0,1,0,0,1,1,0,3,0,0,0,0,1,1,0,0,0,0,0,0,1,0,0,0,0,-1,1,-4,0,-1,0,0,-3,1,1,0,1,-1,-1,0,-1,0,0,0,0,0,3,5,2,2,3,3,5,1,0,0,2,2,0,0,0,1,3,2,1,1,3,2,1,1,1,0,3,0,0,0,0,0,0,0,1,0,0,0,-2,-3,0,0,1,-1,-1,-1,0,-1,-1,-1,1,0,2,0,-1,0,0,0,3,3,1,1,4,3,2,2,1,2,1,0,2,1,0,1,2,2,1,1,2,1,1,1,0,0,0,0,0,0,0,0,-1,0,-1,-1,-1,0,0,-1,0,0,-1,0,0,0,0,0
2514,50,2,11,0,1,2,0,1,0,0,3,1,0,0,0,0,0,0,0,1,1,0,0,0,0,1,0,0,0,0,2,0,0,0,0,1,0,1,0,0,0,1,0,0,1,-1,-1,1,0,0,-1,0,0,0,1,-1,0,0,0,0,1,-1,1,1,0,0,2,0,1,2,1,1,0,0,0,0,2,0,0,0,0,0,0,0,1,0,0,0,1,1,1,0,0,1,0,0,0,0,0,0,0,1,0,0,-2,-1,1,0,0,-1,0,2,0,-1,-1,-1,0,0,1,0,0,-1,0,2,2,2,0,0,1,2,0,0,0,1,0,1,0,0,1,1,0,0,0,0,0,0,0,0,1,2,0,0,0,0,1,1,0,0,0,0,0,0,0,1,0,2,0,0,1,0,1,0,0,0,-1,0,0,0,0,1,1,0,0,0,0,1,3,0,0,2,1,0,0,1,1,0,0,0,0,0,0,0,1,0,0,1,0,0,0,0,2,0,0,1,0,0,0,-1,2,0,0,1,0,0,0,-1,0,0,0,-1,2
2514,51,1,09,2,3,0,0,2,1,1,1,0,1,2,2,0,0,1,0,1,0,0,1,1,1,1,0,1,0,0,0,0,0,0,0,0,0,0,0,0,0,0,0,1,2,-1,0,1,1,1,-1,0,0,0,1,0,0,1,0,0,0,0,0,1,1,2,4,0,3,2,2,1,5,0,1,1,1,0,1,0,1,3,0,2,2,1,0,1,1,0,1,1,4,0,0,0,0,0,0,0,0,0,0,-2,-1,0,3,-5,-2,-1,0,1,-1,0,0,0,2,-4,0,0,0,0,0,1,2,1,3,1,2,1,1,0,1,0,0,1,3,1,0,1,0,0,0,2,1,1,0,1,0,0,0,0,0,1,1,0,0,0,0,0,0,0,0,-1,1,0,3,0,-2,-1,0,3,0,0,1,0,0,0,1,1,0,0,0,1,1,2,2,3,1,2,2,1,1,2,1,0,0,0,1,0,1,0,2,3,0,2,0,0,0,0,0,0,0,0,0,-2,0,0,0,1,0,2,-1,-3,0,-2,1,0,0,0,0
2514,51,1,11,2,0,0,0,3,1,0,0,1,0,0,0,0,0,1,1,0,0,0,0,1,0,0,0,0,0,0,0,0,0,1,0,0,0,2,0,0,0,1,0,1,0,0,-1,3,-1,0,0,0,1,1,0,0,0,0,1,0,0,-1,2,3,3,0,0,1,0,0,0,1,0,1,0,0,0,0,0,1,0,0,0,0,0,0,0,0,0,0,0,1,0,2,2,0,0,1,0,0,0,0,0,3,3,0,-1,1,1,0,0,0,0,0,1,0,-1,0,2,2,0,0,1,1,1,0,0,0,0,1,0,0,1,0,1,0,0,0,0,0,0,0,0,0,0,0,0,0,0,0,0,0,1,1,0,0,0,0,0,1,0,0,0,1,0,0,0,-1,0,1,0,0,0,0,0,0,0,-1,1,-1,0,0,0,1,1,0,0,0,0,1,1,1,0,0,0,0,0,0,0,0,0,0,1,0,0,1,0,0,1,0,0,0,0,0,0,1,1,-1,-1,1,0,0,-1,0,0,-1,0,0,1,0,0
2514,51,2,09,1,0,1,1,1,1,1,1,0,3,0,0,1,1,0,1,0,0,0,1,0,1,1,0,3,0,0,0,0,0,0,0,0,0,0,1,0,0,0,0,0,-1,0,1,-2,0,-1,0,1,-3,1,0,0,0,1,-1,0,0,0,0,1,2,2,2,1,2,0,3,2,3,1,1,2,2,1,0,1,0,0,0,1,0,1,1,3,1,0,2,1,0,0,0,0,0,0,0,0,0,0,0,-1,2,-1,0,-2,0,1,1,1,-2,-1,1,-2,-1,0,0,0,0,0,0,2,2,1,0,1,1,0,0,4,3,2,1,1,0,1,0,1,0,0,0,0,0,0,2,1,1,0,0,2,1,0,0,0,0,0,0,0,0,0,1,1,2,1,-4,-2,2,1,1,-2,0,-1,1,0,-2,-1,0,0,0,0,-1,1,3,2,2,3,4,1,2,1,0,1,1,0,3,1,1,0,4,0,1,3,0,1,1,0,0,0,0,0,0,0,0,-2,-1,1,0,1,-4,1,0,-3,3,0,0,0,0,0,0
2514,51,2,11,0,0,1,1,2,0,0,1,1,1,0,0,0,1,0,0,0,1,0,0,0,0,0,1,1,0,0,1,0,0,0,0,0,0,2,0,0,0,0,0,0,0,0,0,1,0,0,0,0,-1,0,0,0,0,0,0,0,0,0,2,0,3,0,0,1,0,0,1,0,2,0,0,0,0,0,0,1,0,0,1,0,0,1,0,0,0,0,0,0,2,0,2,0,0,0,0,0,0,0,0,0,3,-1,0,-1,0,0,-1,0,0,0,1,0,0,-1,0,2,0,0,0,1,1,1,1,1,1,1,0,1,1,0,0,1,1,0,0,0,0,0,0,1,0,0,0,0,0,1,0,1,0,1,1,0,0,1,0,0,0,0,1,0,0,1,0,0,-1,0,1,1,0,0,-1,0,-1,0,1,1,0,0,0,3,1,2,2,1,0,0,1,1,1,2,1,2,0,0,0,0,0,0,1,0,0,0,0,0,0,0,1,1,0,0,0,2,1,2,1,1,1,2,0,2,0,0,0,-1,0,0,1
2514,52,1,09,1,2,1,1,1,2,2,2,3,0,1,2,1,1,1,0,0,0,0,0,2,2,1,2,0,0,0,1,0,0,0,0,0,0,0,0,0,0,1,0,-1,0,-1,-2,1,-1,0,0,-1,1,0,0,-1,0,0,0,0,0,-1,0,3,0,0,1,0,2,0,0,0,1,2,0,0,1,0,1,0,0,0,0,2,0,0,0,1,0,0,0,0,0,0,0,0,0,0,0,0,0,0,0,1,0,0,1,-1,0,0,0,1,-1,1,0,0,0,0,0,0,0,0,0,0,2,1,1,2,0,3,2,1,2,0,2,1,0,1,0,0,0,1,1,0,3,2,0,2,0,0,0,1,0,0,0,0,0,0,0,0,0,0,0,0,-1,-1,0,0,0,-1,-1,0,-1,0,0,0,0,1,0,0,0,0,0,0,2,1,2,0,2,1,1,0,2,1,1,0,0,0,1,0,2,1,1,0,0,0,0,0,0,0,0,0,0,0,0,0,0,0,1,0,0,0,0,0,0,0,1,0,0,0,0
2514,52,1,11,1,1,1,0,0,1,2,1,0,0,0,0,1,0,0,0,0,0,0,0,0,1,1,0,0,1,1,0,0,0,1,1,0,0,0,0,0,0,0,0,0,-1,0,0,0,0,-1,0,0,0,-1,-1,0,0,0,1,1,0,0,0,0,2,1,0,1,1,0,0,0,1,0,1,1,0,0,0,0,0,0,1,0,0,0,0,0,1,0,0,0,1,0,1,0,0,0,0,0,0,0,0,-1,2,1,0,0,0,1,1,0,0,-1,0,0,0,0,0,1,0,0,0,0,0,3,2,0,0,1,1,1,0,0,0,1,0,0,0,0,1,1,0,0,0,0,0,0,0,0,1,0,0,0,0,1,1,0,0,1,0,1,0,0,-1,2,1,0,0,0,1,0,0,0,0,0,1,0,0,-1,1,0,0,0,2,2,2,0,1,0,0,0,0,1,0,0,1,1,1,0,0,0,0,0,0,0,0,0,1,0,1,0,1,0,0,0,1,2,2,0,0,1,0,0,1,1,1,0,0,0,1
2514,52,2,09,2,2,0,0,0,1,4,2,2,0,1,1,0,0,0,1,1,0,0,0,1,3,1,2,0,0,1,1,0,0,0,0,0,0,0,0,0,0,0,0,1,-2,-2,-2,0,0,-2,-1,-2,0,1,0,-1,0,0,0,0,0,0,0,3,2,3,2,0,1,0,3,0,2,2,1,3,1,0,1,1,0,1,0,0,0,2,0,0,1,0,1,0,2,0,0,0,0,0,0,0,0,0,0,2,2,0,2,-2,2,1,1,1,0,0,1,-1,1,-2,0,0,0,0,0,0,1,2,3,2,1,3,1,3,3,0,1,2,2,2,0,0,0,1,0,1,3,0,3,3,0,0,1,0,0,0,0,0,0,0,0,0,0,0,0,-1,-2,1,0,-1,-1,-2,2,-1,-1,0,0,-1,1,0,0,0,0,0,0,1,1,1,1,1,1,2,0,1,1,1,1,0,0,0,0,1,0,2,0,0,1,0,0,0,0,0,0,0,0,0,0,0,0,-1,1,0,1,-1,1,0,-1,0,0,0,0,0,0
2514,52,2,11,2,1,0,1,1,2,3,0,0,0,2,0,0,0,0,0,0,0,1,0,1,2,0,0,0,1,0,0,0,0,0,1,0,0,1,0,1,0,0,0,0,-2,0,1,1,1,-2,0,0,0,-1,0,0,1,0,0,0,0,0,1,0,1,0,1,1,0,1,2,0,0,0,1,0,0,0,0,0,0,0,1,0,0,1,0,0,0,0,1,0,0,0,0,0,1,0,0,1,0,0,0,0,0,-2,1,1,0,1,-1,0,0,0,0,-1,0,1,0,-1,0,1,0,0,0,1,0,1,0,0,1,1,1,0,0,1,0,1,0,0,0,0,0,0,0,1,1,0,0,0,0,0,1,0,0,0,0,0,0,0,0,0,0,0,0,0,-1,0,0,0,0,-1,1,0,0,0,0,-1,0,0,0,0,0,1,0,0,1,1,0,0,2,0,0,0,1,0,0,0,0,0,0,0,2,1,0,0,0,1,0,0,0,0,0,0,0,0,0,0,-1,0,0,0,-1,-1,0,0,0,1,0,0,0
2514,53,1,09,2,1,1,1,1,3,3,2,1,3,1,1,1,1,1,1,0,0,0,0,2,2,1,1,3,1,1,1,0,0,0,0,0,0,0,0,0,0,0,0,-1,-2,-1,0,-2,-1,-1,0,0,-2,0,-1,-1,0,0,0,0,0,0,0,1,4,4,2,1,1,3,2,5,2,1,2,4,1,1,0,1,0,1,0,1,0,1,4,0,0,3,1,1,2,0,1,0,0,0,0,0,0,0,0,0,1,2,-3,-1,0,2,3,-3,1,0,-2,-1,0,-2,0,1,0,0,0,2,3,2,1,1,1,1,2,0,2,2,1,1,1,1,0,2,1,0,0,1,1,2,0,0,0,0,0,0,2,0,0,0,0,0,0,0,0,0,0,1,2,0,1,-1,1,0,-1,1,1,0,2,1,0,-2,0,0,0,0,0,3,2,1,4,3,0,0,2,2,1,1,1,1,1,0,3,3,0,0,2,0,0,0,0,0,0,0,0,0,0,0,0,0,2,1,2,-1,1,1,-1,1,1,0,3,0,0,0,0
2514,53,1,11,0,0,0,1,0,1,1,0,0,0,0,0,0,1,0,0,0,0,0,0,0,0,0,0,0,0,0,0,0,0,0,0,0,0,0,1,1,0,0,0,-1,-1,0,1,0,0,0,0,1,0,0,0,0,0,0,-1,-1,0,0,0,0,1,0,0,2,0,0,1,0,2,0,0,0,0,0,0,0,0,0,0,0,0,0,0,0,0,0,1,0,2,0,1,0,0,2,0,0,0,0,0,0,1,-1,0,0,0,0,0,0,0,0,0,-1,0,-2,0,1,0,0,2,3,0,0,0,2,1,0,0,1,1,0,0,0,0,0,1,0,0,0,1,0,0,0,0,0,1,0,0,1,1,2,0,0,0,1,0,0,0,0,0,2,0,0,-1,1,0,0,0,0,0,0,0,0,-1,0,2,0,0,0,1,1,1,0,1,0,1,1,2,0,0,0,1,1,0,0,0,0,0,0,0,0,1,0,2,0,1,0,0,0,0,1,0,1,0,-1,-1,0,0,0,1,1,-1,0,-2,0,1,-1,0
2514,53,2,09,0,3,1,0,0,1,0,2,1,0,0,2,1,0,0,0,1,0,0,0,1,0,0,0,0,0,0,1,1,0,0,0,0,0,0,0,0,1,0,0,-1,3,-1,-1,0,-1,2,1,0,0,0,1,-1,-1,0,0,0,-1,0,0,2,3,2,2,2,3,2,2,2,1,1,1,1,0,1,1,2,1,2,1,2,1,1,2,0,1,1,1,0,1,0,0,0,0,0,0,0,0,0,0,-1,1,0,0,1,-1,0,0,-2,1,0,1,0,2,0,0,0,0,0,0,1,2,2,0,6,1,3,2,4,4,1,2,2,0,4,0,0,0,0,2,1,2,1,2,2,0,1,1,2,2,0,0,0,0,0,0,0,0,0,0,0,-1,0,-4,2,0,0,1,-2,2,0,-1,-1,-2,0,0,0,0,0,0,2,4,2,1,0,3,2,2,1,3,1,1,1,1,1,0,0,3,1,1,0,0,1,0,0,0,0,0,0,0,0,1,2,1,0,-1,1,0,0,0,1,1,0,0,0,0,0,-1
2514,53,2,11,1,5,0,0,0,1,2,0,1,2,0,1,0,0,0,1,1,0,0,0,1,0,0,0,0,0,2,0,1,2,0,3,0,0,0,0,0,0,0,0,0,3,0,-1,-2,-1,1,0,0,0,1,-1,0,-1,-2,0,3,0,0,0,0,0,2,1,0,1,0,1,1,1,0,0,0,0,0,0,0,0,0,0,0,0,0,0,1,1,0,0,1,0,0,0,2,1,0,0,0,1,0,0,-1,0,1,0,-1,0,0,0,0,-1,-1,0,0,-1,0,0,0,1,1,0,1,4,2,1,0,1,1,0,0,0,0,2,0,1,0,0,0,2,0,0,1,1,0,0,0,0,0,0,0,0,1,2,0,0,0,0,0,0,0,0,0,3,2,1,0,-1,1,0,1,0,0,0,2,0,0,1,2,0,0,0,2,2,0,0,1,0,1,0,0,2,0,0,2,0,0,0,0,0,0,0,1,0,1,0,0,0,0,0,0,0,0,0,1,2,-1,0,0,2,0,0,1,0,-1,0,0,0,0,0
2514,54,1,09,1,1,1,1,3,3,1,0,1,2,0,1,0,0,2,1,0,1,1,1,1,1,0,0,1,2,0,0,1,1,0,0,0,0,0,0,0,0,0,0,-2,0,1,0,1,-1,0,0,0,1,-1,0,1,0,0,0,0,0,0,0,1,2,0,3,1,2,2,0,2,0,0,1,0,2,1,0,1,0,1,0,0,2,0,1,0,1,0,0,1,0,1,0,0,0,0,1,0,0,0,0,-1,0,0,1,1,0,-1,0,1,1,-1,1,0,0,0,0,0,0,0,0,2,3,2,3,0,1,1,3,2,2,1,2,2,2,0,1,1,0,1,0,1,0,2,1,2,0,1,1,0,0,0,0,0,0,0,0,0,0,1,0,1,2,-1,1,-2,0,2,0,1,-2,1,0,-1,1,0,0,0,0,-1,0,1,4,1,4,1,6,2,1,1,3,0,3,0,1,1,1,1,4,2,1,0,2,0,0,0,0,0,0,0,0,0,0,0,-2,-1,3,0,-1,-2,2,0,-1,1,1,0,0,0,0
2514,54,1,11,2,0,2,2,0,0,1,1,1,0,1,0,2,1,0,1,0,0,1,0,0,0,1,0,0,0,1,0,0,0,0,0,0,0,0,0,0,0,1,0,2,-1,1,1,0,1,0,1,1,0,1,-1,0,1,0,0,0,0,-1,0,2,1,1,0,0,1,1,1,1,0,1,0,0,0,0,0,1,0,0,0,1,0,1,0,0,0,1,0,1,0,1,0,1,0,0,0,0,0,0,0,1,0,0,-1,0,0,0,-1,0,0,0,0,0,-1,0,1,0,1,0,0,1,2,0,1,1,2,1,1,0,0,0,0,0,0,0,0,2,0,1,1,1,0,0,0,0,1,1,0,0,0,1,0,0,0,0,0,0,1,0,0,-1,1,-1,1,1,-1,0,0,0,0,-1,1,0,1,1,1,0,-1,0,0,2,3,1,3,1,1,0,2,1,1,0,1,1,1,1,0,1,0,0,1,0,1,0,1,0,1,0,2,0,0,0,0,1,2,1,1,0,1,0,0,1,0,1,-1,0,1,0,2
2514,54,2,09,3,0,4,1,0,2,1,2,6,1,2,0,2,0,0,1,0,2,0,0,1,1,1,2,1,1,0,1,4,0,0,0,0,1,0,0,0,0,0,0,1,-1,2,-5,-1,1,-1,1,-2,-1,0,0,1,-4,0,0,0,0,1,0,4,1,1,0,4,2,1,0,0,5,4,0,1,0,4,0,1,0,0,0,1,1,0,0,2,1,0,0,0,3,0,0,0,0,0,0,0,0,0,0,2,0,1,0,-1,3,-1,1,0,2,-1,1,0,0,-3,0,0,0,0,0,1,1,1,0,0,1,0,1,4,3,1,0,1,0,0,0,1,0,0,0,0,0,0,3,2,1,0,1,1,1,0,0,0,0,0,0,0,0,0,0,0,1,0,-4,-3,1,0,1,-3,-2,-1,1,-1,-1,-1,0,0,0,0,0,2,2,2,1,2,1,2,2,1,1,1,1,0,1,1,0,2,0,2,1,0,0,0,1,1,0,0,0,0,1,0,0,0,1,0,-1,-1,1,-1,0,0,1,1,-1,1,-1,0,0
2514,54,2,11,1,0,2,2,1,4,1,1,1,0,0,0,0,1,0,0,0,2,1,1,2,1,0,0,0,1,0,0,1,0,1,0,0,0,0,1,0,1,0,0,-3,-1,1,1,1,-2,-1,0,1,0,-1,0,2,0,1,0,0,-1,0,0,1,0,1,0,2,0,0,0,0,0,0,0,1,0,0,0,0,0,0,0,0,0,0,0,0,0,0,0,0,0,1,0,0,0,2,0,0,0,0,0,1,0,1,0,2,0,0,1,0,0,0,0,0,0,0,1,0,0,0,2,0,2,2,1,0,0,1,3,1,1,0,1,0,1,0,0,1,1,0,0,0,1,2,0,1,0,0,1,0,0,0,0,1,0,0,0,0,0,1,0,0,1,-1,0,-1,0,0,-2,1,-1,0,1,0,0,0,0,0,1,-1,0,1,0,0,3,0,0,0,1,1,0,0,2,0,0,0,0,0,0,0,1,0,0,0,0,0,0,0,1,0,0,0,0,1,0,0,2,1,0,0,1,0,0,0,0,0,0,0,1
2514,55,1,09,0,1,2,1,1,0,1,0,2,1,0,1,1,0,1,0,0,1,1,0,0,0,0,2,1,0,0,0,0,0,0,0,0,0,0,0,1,0,0,0,0,0,2,-1,0,0,1,1,-2,0,0,0,1,1,0,0,-1,0,0,0,3,1,0,0,1,1,2,0,0,0,2,1,0,0,1,1,0,0,0,0,0,2,0,0,0,1,0,0,0,0,0,0,0,0,0,0,0,0,0,0,2,-1,0,0,1,2,-1,0,0,1,0,0,0,0,0,0,0,0,0,0,0,0,1,2,1,1,3,0,0,0,0,0,1,2,1,0,0,0,0,0,1,1,0,0,0,0,2,0,0,0,0,0,0,0,0,0,0,0,0,0,-1,-3,1,2,1,-1,-1,1,2,1,0,-2,0,0,0,0,0,0,0,0,4,1,2,1,2,3,3,2,0,1,1,1,4,0,1,0,1,2,2,1,1,1,1,1,0,0,0,0,0,0,0,0,2,-2,-1,-1,-1,-1,-1,0,3,-1,0,-1,0,0,0,0
2514,55,1,11,1,3,2,1,1,2,1,1,0,1,1,0,2,0,1,0,2,0,0,0,0,1,1,0,0,2,0,0,0,1,0,1,0,1,0,0,0,0,0,0,-1,2,1,1,0,1,-1,1,0,1,-2,2,0,0,-1,0,1,0,1,0,1,1,0,0,1,0,0,0,1,0,0,0,0,0,0,0,1,0,0,0,0,0,0,0,0,0,0,0,1,0,1,0,0,0,1,0,0,0,0,0,1,1,0,-1,1,0,0,0,0,0,0,1,0,-1,0,1,0,0,0,1,0,0,0,0,1,0,0,0,1,1,0,0,0,0,0,0,0,0,0,0,0,0,0,0,0,0,0,0,0,0,0,0,0,0,1,0,0,0,1,1,0,0,0,-1,0,0,0,0,0,0,0,0,0,0,0,0,0,0,-1,0,1,0,0,1,2,3,1,2,0,0,0,0,0,0,0,1,1,0,1,2,0,0,0,0,1,0,0,0,1,3,0,0,-1,-3,-1,-1,-1,0,-1,-2,0,0,0,1,0,-3,0,0
2514,55,2,09,0,1,1,1,1,0,1,0,6,0,0,0,1,0,1,0,1,0,1,0,0,1,0,5,0,0,0,0,1,0,0,0,0,0,0,0,0,0,0,0,0,0,1,-5,1,0,-1,1,-5,1,0,1,0,0,0,0,0,0,0,0,2,2,1,2,1,2,2,2,2,1,2,1,1,1,1,0,1,0,1,0,0,0,0,2,1,2,2,1,0,0,0,0,0,0,0,0,0,1,0,0,0,0,-1,0,0,2,1,1,-1,0,-2,-1,-1,1,0,0,0,-1,0,0,0,2,4,0,5,1,1,2,2,1,0,0,3,0,3,0,2,1,0,2,1,0,1,2,0,0,1,1,0,1,0,0,0,0,0,0,0,0,0,0,-1,1,2,-2,4,-1,0,2,-2,3,0,1,0,0,1,0,0,0,0,0,2,5,2,1,2,2,6,3,2,2,1,0,0,3,1,1,1,2,4,2,0,0,2,1,0,0,0,0,1,0,0,0,0,3,-4,-2,1,0,-3,-2,0,3,-1,0,-1,0,0,0
2514,55,2,11,3,0,1,0,1,4,3,2,1,1,1,0,0,0,0,2,0,1,0,1,1,0,1,1,1,2,2,1,0,0,0,0,0,0,0,1,1,0,0,0,-1,-3,-1,-1,0,0,0,-1,-1,-1,0,-2,0,0,1,-1,-1,0,0,0,0,0,0,0,1,2,1,1,0,0,0,0,0,0,0,0,0,0,0,1,0,1,0,0,0,2,0,1,0,0,0,0,0,0,0,0,0,0,0,0,-2,-1,-1,0,1,0,-1,0,0,0,-2,0,-1,0,1,0,0,0,0,0,0,0,3,3,0,0,0,1,2,0,0,0,1,0,0,0,0,0,0,0,0,0,0,0,0,0,0,1,2,0,0,0,2,3,0,0,0,0,0,0,0,0,2,1,0,0,0,1,0,0,0,0,-1,-2,0,0,0,2,3,0,1,1,3,1,0,1,0,0,0,0,1,0,0,1,1,1,0,1,0,0,0,0,0,0,1,0,1,0,0,0,0,0,1,0,3,1,0,-1,1,0,0,1,1,1,1,0,1,0
2514,56,1,09,1,1,2,1,1,0,1,0,2,1,1,0,1,1,1,0,1,1,0,0,0,1,0,2,1,0,0,0,0,0,0,0,0,0,0,0,0,0,0,0,1,0,2,-1,0,1,-1,1,-1,0,0,1,1,0,0,0,0,0,0,0,2,2,1,1,2,0,4,2,0,0,2,2,1,1,2,0,0,0,0,0,0,2,2,0,0,0,1,0,0,0,0,0,0,0,0,0,1,0,0,0,2,-2,-1,1,2,2,0,-1,1,2,0,-1,0,0,0,0,-1,0,0,0,0,0,0,1,3,2,1,1,1,5,0,0,0,1,3,0,0,0,0,0,2,0,1,0,5,0,1,0,1,0,0,0,0,0,0,0,0,0,0,0,-2,-1,-1,0,-2,-2,0,-1,1,-2,0,-1,0,-1,0,0,0,0,0,0,2,2,2,2,2,3,2,0,1,2,0,2,0,0,2,0,1,3,0,0,1,0,2,0,1,0,0,0,0,0,0,0,0,-1,0,2,0,-1,0,2,-1,0,0,0,1,0,0,0
2514,56,1,11,2,4,0,1,2,0,0,2,0,1,1,1,0,0,1,1,1,0,1,0,0,0,1,0,1,0,0,1,0,0,0,2,0,0,1,0,0,0,0,0,2,4,-2,1,1,1,1,-1,0,0,1,1,-1,1,0,0,2,0,0,1,0,0,1,2,0,0,0,2,0,0,0,0,0,0,0,0,0,1,1,0,0,0,2,0,0,0,0,0,0,0,0,0,0,1,0,0,0,0,0,0,0,0,-1,2,0,0,0,-2,0,0,0,0,1,1,0,0,0,0,1,0,0,1,0,3,1,0,0,1,1,0,0,0,0,0,0,0,1,0,0,1,0,0,1,0,0,0,0,0,1,0,0,0,0,3,0,0,0,0,0,0,0,1,-1,2,1,0,0,-1,0,0,0,1,0,-1,1,0,0,0,3,0,0,1,3,1,1,2,1,0,0,1,0,0,0,0,2,0,0,0,0,0,1,0,1,0,0,0,1,1,0,2,0,0,-1,-1,2,1,0,1,0,0,-1,0,1,0,0,-2,1,1
2514,56,2,09,2,3,0,0,1,3,2,0,0,1,2,3,0,0,1,0,0,0,0,0,2,1,0,0,0,1,1,0,0,1,0,0,0,0,0,0,0,0,0,0,-1,1,0,0,0,0,2,0,0,1,-1,-1,0,0,-1,0,0,0,0,0,4,2,1,0,1,2,1,0,0,1,3,0,0,0,1,1,1,1,0,0,2,0,0,0,0,0,1,0,0,1,0,1,0,0,0,0,0,0,0,0,2,1,1,0,0,1,0,0,0,1,1,0,1,0,-1,0,1,0,0,0,1,0,0,0,2,1,0,2,2,2,0,0,0,0,1,1,0,0,0,1,1,0,2,2,2,0,0,0,0,0,0,0,0,0,0,0,0,0,0,0,0,0,-2,-2,0,-1,0,-2,-2,-1,1,0,0,0,1,0,0,0,0,0,5,2,2,0,5,1,2,3,3,1,2,0,2,1,0,0,3,0,1,2,2,1,1,1,0,0,0,0,0,0,0,0,0,1,0,-3,0,1,1,-2,0,0,-1,-1,0,0,0,0
2514,56,2,11,1,2,2,1,0,0,0,1,1,1,0,1,0,0,0,0,1,2,1,0,0,0,0,0,0,0,0,1,0,0,1,0,0,0,0,0,0,0,1,1,1,2,1,0,-1,0,1,0,0,0,0,1,1,1,0,1,0,0,-1,-1,4,0,1,0,0,1,0,2,0,0,1,0,1,0,0,1,0,0,0,0,0,0,1,0,0,1,0,0,0,0,2,0,0,0,0,0,0,1,0,0,3,0,-1,0,0,1,0,0,0,0,0,0,0,0,0,2,0,-1,0,0,0,0,1,1,1,2,3,1,1,2,0,0,1,0,0,0,0,0,0,1,1,0,1,1,0,1,2,0,0,1,0,0,0,1,0,0,1,0,0,1,-2,-3,0,0,-1,-1,0,0,-1,0,-1,-2,0,0,0,0,-1,0,1,-1,1,0,0,0,0,0,3,1,1,0,0,0,0,0,0,0,0,0,1,1,0,0,2,0,0,0,0,0,0,0,0,0,1,0,-3,-1,1,0,-1,-1,0,0,-2,0,0,0,0,0
2514,57,1,09,2,3,2,1,2,2,3,3,1,2,1,2,1,1,1,0,1,1,0,1,1,1,1,1,0,1,2,1,0,2,1,0,0,0,0,0,0,1,0,0,0,0,-1,0,0,0,1,0,0,1,-1,-1,0,0,-1,1,0,-1,0,0,0,1,1,3,3,1,1,1,2,0,0,1,1,2,3,0,0,0,1,0,1,0,1,0,0,0,1,0,2,0,0,0,0,0,0,0,0,0,0,0,-1,0,0,1,3,-1,1,0,2,3,0,-1,0,-1,0,0,0,0,0,0,1,3,3,1,2,3,0,0,1,1,1,1,1,0,1,0,2,2,1,1,3,0,0,1,1,0,0,0,0,0,0,0,0,0,0,0,0,0,0,0,-2,3,3,0,1,-2,1,1,-1,0,0,2,2,1,1,0,0,0,0,0,4,4,2,3,3,2,2,2,3,3,0,3,1,1,2,0,1,2,1,1,2,0,1,1,0,0,0,0,0,0,0,0,1,2,0,1,2,1,-1,2,-1,1,1,-1,0,0,0,0
2514,57,1,11,0,2,3,1,0,2,1,1,0,1,0,0,0,0,0,0,2,1,1,0,0,1,0,0,1,1,0,0,0,0,0,0,2,0,0,1,0,1,0,0,-2,1,2,1,-1,0,-1,0,0,-1,-1,2,1,1,0,-1,0,1,0,0,1,0,0,1,1,1,0,0,1,0,1,0,0,0,0,0,0,0,0,1,0,0,0,0,0,0,0,0,0,0,0,0,0,1,0,1,0,0,1,0,0,0,0,0,1,1,0,0,0,0,0,0,0,0,1,-1,0,0,0,0,0,0,1,0,1,0,0,0,0,1,0,0,1,0,1,0,0,0,0,0,0,0,0,0,0,0,0,0,0,1,0,0,0,0,0,0,0,0,0,0,0,0,1,0,0,0,0,1,0,1,0,0,0,0,-1,0,0,0,0,0,0,0,2,1,0,0,2,1,0,0,1,0,0,0,0,1,0,0,0,1,0,0,2,0,0,0,1,0,0,0,0,0,0,0,0,0,0,0,1,-1,0,0,-2,1,0,0,1,0
2514,57,2,09,0,1,0,1,0,0,0,2,1,0,0,0,0,0,0,0,1,0,1,0,0,0,1,1,0,0,0,1,0,0,0,0,0,0,0,0,0,0,0,0,0,1,-2,0,0,0,0,-1,-1,0,0,1,-1,1,0,0,0,0,0,0,2,0,1,0,1,0,1,1,0,3,1,0,1,0,1,1,0,0,0,0,0,1,1,0,1,0,0,0,0,2,0,0,0,0,0,0,0,0,0,0,2,-1,0,0,-2,1,-1,0,0,0,1,0,0,0,-2,0,0,0,0,0,0,1,0,1,1,0,2,0,0,1,0,0,0,1,0,0,1,0,0,1,0,1,0,0,0,0,1,0,0,1,0,0,0,0,0,0,0,0,0,0,0,-1,0,1,0,0,-1,0,1,0,0,0,0,0,0,0,0,0,0,0,2,5,2,2,3,3,2,3,1,4,1,1,1,0,1,1,1,1,0,1,2,2,2,2,0,1,0,0,0,0,0,0,-1,2,0,-1,0,3,1,0,-1,-2,-1,-1,0,1,0,0
2514,57,2,11,1,4,1,2,0,3,2,0,0,0,0,0,0,0,0,1,3,1,2,0,1,1,0,0,0,2,1,0,0,0,0,1,0,0,0,0,0,0,0,0,-2,2,1,2,0,-1,-1,0,0,0,-1,2,1,2,0,0,1,0,0,0,1,0,0,1,0,1,0,0,1,0,0,0,0,0,0,0,0,0,0,0,1,0,0,1,0,0,0,0,0,0,1,0,0,1,0,0,0,0,0,0,0,0,0,0,0,-1,0,0,-1,0,0,0,0,0,0,1,0,0,1,0,0,1,2,1,0,0,1,1,1,1,0,0,0,1,0,0,1,1,0,0,0,1,0,1,1,0,0,1,0,0,0,0,1,0,0,0,0,0,0,0,0,0,1,0,-1,0,-1,0,0,-1,0,1,0,0,0,0,0,1,0,0,1,0,1,1,3,1,1,0,1,0,0,0,0,0,0,0,1,0,1,0,1,0,0,0,0,0,1,1,1,1,0,0,-2,-1,0,1,0,0,-1,0,-1,0,0,0,-1,-1,1,1
2514,58,1,09,1,2,0,2,1,1,1,1,1,3,1,2,0,1,0,0,0,0,1,0,0,1,1,0,2,1,0,0,1,1,0,0,0,0,1,0,0,0,0,0,0,1,-1,1,-2,1,1,-1,1,-2,-1,0,0,0,-1,0,0,0,0,1,0,1,1,1,1,2,2,1,0,2,0,1,1,0,0,0,0,0,1,1,2,0,0,0,2,0,2,1,0,0,0,0,0,0,0,0,0,0,0,0,-2,-1,0,1,-1,-2,1,1,0,-2,0,-2,-1,1,1,0,0,0,0,0,1,1,2,0,2,0,0,2,2,0,1,1,0,0,1,0,0,2,0,1,0,0,2,1,0,0,0,0,0,0,0,0,0,0,0,0,0,0,1,0,1,1,0,-2,2,1,1,-2,-1,1,0,0,2,0,1,0,0,0,-1,0,5,1,4,1,1,3,3,1,5,0,1,0,0,1,3,1,1,3,1,0,0,0,2,1,0,0,0,0,0,0,0,0,4,-2,1,0,4,-3,0,0,0,1,1,0,0,0,0,0
2514,58,1,11,2,0,0,0,1,1,2,1,1,0,1,0,0,0,0,0,0,0,0,0,1,0,0,1,0,0,1,1,0,0,1,0,0,0,1,0,1,0,0,0,1,-2,-1,-1,1,0,0,0,-1,0,0,-1,-1,0,0,1,-1,0,0,1,0,0,0,0,1,0,2,1,0,0,0,0,0,0,0,0,0,0,0,0,0,2,1,0,0,0,0,0,0,0,0,0,0,0,1,0,0,0,0,0,0,-2,-1,0,1,0,-2,-1,0,0,0,0,0,0,0,0,0,0,0,1,2,0,0,0,0,3,0,2,0,0,0,0,0,0,0,0,0,0,0,0,0,0,1,0,0,3,0,1,0,0,2,0,0,0,0,0,0,0,0,0,-1,0,-2,0,0,0,0,-1,0,0,-3,0,-1,0,0,2,0,0,0,0,1,0,2,0,3,0,0,1,0,0,0,0,0,0,2,0,1,0,0,1,1,0,0,0,1,0,0,0,1,0,0,0,-2,0,2,-1,-1,0,0,-1,-1,0,2,0,0,0,0,0
2514,58,2,09,1,3,1,1,1,1,1,2,1,0,1,2,1,0,0,0,1,0,1,1,0,1,2,1,0,1,0,0,0,0,0,0,0,0,0,0,0,0,0,0,0,2,-1,0,1,1,1,-1,-1,0,-1,1,0,1,1,0,0,0,0,0,0,2,3,2,0,1,1,0,0,1,0,2,3,2,0,0,0,0,0,0,1,0,0,0,1,0,1,0,0,0,0,0,0,0,0,0,0,0,0,0,-1,1,3,2,-1,-1,2,3,2,-1,0,-1,0,0,0,0,0,0,0,0,1,2,3,1,1,0,1,1,0,2,0,1,2,1,1,1,1,0,0,0,0,1,1,0,0,0,0,0,0,2,0,0,1,0,0,0,0,0,0,0,1,1,2,1,-1,0,0,1,1,1,1,1,0,0,-2,0,0,1,0,0,3,1,2,1,0,0,5,1,1,0,1,0,2,1,1,1,0,0,3,1,0,0,2,0,0,0,0,0,0,0,0,0,3,1,-3,0,1,0,-2,-1,2,1,-1,1,0,0,0,0
2514,58,2,11,2,1,0,1,0,1,1,0,1,0,0,1,0,0,0,1,0,0,0,0,1,1,0,0,0,0,0,0,0,0,1,0,0,1,0,0,0,0,1,0,1,0,0,0,0,-1,0,0,0,0,1,0,0,0,0,1,0,0,0,0,1,0,2,1,0,0,0,2,1,1,0,0,0,1,0,1,0,2,0,0,0,0,1,0,0,0,0,1,1,0,0,0,0,0,0,0,0,0,0,1,1,0,0,0,-1,0,0,-1,1,0,1,0,1,-1,0,0,0,0,0,-1,2,0,0,0,2,1,0,0,0,0,1,0,0,0,0,0,0,0,0,2,0,0,0,0,0,1,0,0,0,0,1,0,0,0,0,0,0,0,0,0,1,0,0,0,2,1,0,0,0,0,-1,0,0,0,2,1,0,0,0,0,1,2,0,0,0,0,0,0,0,1,0,0,1,1,0,0,0,0,0,0,0,0,0,0,0,0,0,0,0,0,0,0,1,2,0,0,0,1,0,0,1,1,0,0,0,0,0,0
2514,59,1,09,0,3,2,1,2,2,1,1,2,1,0,1,2,1,1,0,2,0,0,1,2,1,0,2,1,0,0,1,0,0,0,0,0,0,0,0,0,0,0,0,-2,2,1,-1,1,-2,0,2,-1,0,0,2,-1,0,1,0,0,0,0,0,1,2,0,1,1,1,1,3,1,0,1,2,0,0,0,0,0,0,0,1,0,1,2,0,0,1,0,1,1,0,0,0,0,1,0,0,0,0,0,0,0,1,-3,0,1,1,1,-2,0,0,-1,0,-1,-1,1,0,0,0,1,0,2,0,1,4,4,1,2,1,1,1,0,0,0,4,4,2,0,1,0,0,1,1,0,1,0,0,1,1,0,1,0,0,0,0,0,0,0,0,0,0,1,-2,0,3,3,-1,-1,0,3,4,2,-1,0,0,-1,0,0,0,0,0,2,1,2,1,1,0,4,2,2,1,2,1,0,0,0,0,1,0,2,1,0,0,2,1,0,0,0,0,0,0,0,0,1,1,-2,-1,1,1,0,0,0,0,-2,-1,0,0,0,0
2514,59,1,11,0,0,1,0,1,2,1,0,1,0,0,0,0,0,0,0,0,1,0,0,1,1,0,1,0,1,0,0,0,0,0,0,0,0,1,0,0,0,0,0,-2,-1,1,-1,1,-1,-1,0,-1,0,-1,0,1,0,0,0,0,0,0,1,2,1,2,0,1,1,1,0,0,1,0,1,1,0,0,2,0,0,0,0,1,1,0,0,0,0,0,0,0,0,0,0,1,0,1,0,0,0,0,1,1,0,2,0,0,-1,0,1,0,0,2,0,0,0,0,0,0,1,0,0,0,0,0,0,0,1,0,0,0,0,0,0,0,0,0,0,0,0,0,0,0,0,0,0,0,0,0,0,0,0,0,0,0,0,0,1,0,0,0,0,-1,0,0,0,0,0,0,0,0,0,0,0,0,0,0,-1,0,0,0,0,1,1,0,2,0,0,0,0,0,1,0,0,0,0,0,1,0,0,0,0,0,0,0,0,1,0,0,1,0,0,0,0,1,1,0,2,0,1,0,0,0,0,0,1,1,0,0,1
2514,59,2,09,0,1,1,1,1,1,3,2,2,2,0,0,1,1,1,0,1,0,0,0,0,3,1,2,2,1,0,1,0,0,0,0,0,0,0,0,0,0,0,0,-1,-2,-1,-1,-1,0,-3,0,-1,-1,-1,1,-1,0,0,0,0,0,0,0,0,2,2,0,0,2,1,1,2,0,0,2,2,0,0,0,0,0,0,0,1,1,1,0,0,1,0,0,2,0,0,0,0,0,0,0,0,0,0,0,-2,1,1,-2,0,-1,1,1,0,0,-1,0,0,-2,0,0,0,0,0,0,0,0,1,0,3,1,0,2,3,2,0,0,1,0,3,0,0,0,0,0,1,0,0,2,1,0,0,2,0,1,0,0,0,0,0,0,0,0,1,0,-1,0,-1,-3,1,-1,0,1,-2,2,0,0,-2,0,-1,0,0,0,-1,0,0,3,1,0,1,1,1,1,0,2,0,0,0,1,1,0,1,1,0,0,0,0,1,0,0,0,0,0,0,0,0,1,-1,2,0,-1,-1,1,0,0,0,1,0,0,0,0,0,-1
2514,59,2,11,1,1,1,2,1,3,0,2,1,1,0,0,1,1,1,0,1,0,0,0,2,0,1,1,0,1,0,1,0,0,1,0,0,1,0,0,0,0,0,1,-2,1,-1,1,0,-2,0,0,0,1,-1,1,-1,0,0,1,0,0,1,-1,0,1,1,1,3,1,1,1,0,0,0,0,1,1,0,0,1,0,0,2,1,0,1,0,0,0,1,0,0,0,0,0,0,0,1,0,0,0,0,0,-1,0,0,1,3,-1,0,0,1,0,0,0,0,0,2,0,0,0,0,1,1,3,0,1,0,0,1,0,1,0,0,2,0,0,0,1,0,0,0,0,0,1,0,0,0,0,0,0,1,0,0,1,0,1,0,0,0,0,0,0,1,2,0,0,0,0,1,0,0,0,1,0,0,-1,0,0,1,0,1,0,1,3,3,1,1,2,0,1,1,1,1,0,0,1,1,0,0,0,0,1,0,2,0,0,0,1,1,1,1,0,0,0,0,1,3,0,1,1,1,-1,0,-1,1,0,-1,1,1,1
2514,60,1,09,3,0,2,1,2,2,1,4,3,1,3,0,1,1,2,0,0,0,0,0,1,1,1,1,0,1,0,1,2,1,0,0,1,0,0,0,0,2,0,0,1,-1,-2,-2,1,2,-1,0,0,2,-1,0,-1,-2,-1,0,0,-1,0,0,3,2,3,2,1,3,1,0,0,1,2,2,3,2,1,1,0,0,0,0,1,1,0,0,0,2,0,0,0,1,0,0,0,0,0,0,0,0,0,0,0,1,3,2,0,1,1,3,2,1,-1,0,0,0,-1,0,0,0,0,0,2,3,0,1,2,0,1,2,0,2,1,2,0,1,1,1,0,0,0,1,0,1,2,0,2,0,0,0,0,0,0,1,0,0,0,0,0,0,0,0,2,2,-2,1,0,1,1,-2,1,-1,1,0,0,0,1,0,1,0,0,0,1,5,1,1,1,1,0,1,0,2,1,1,1,3,0,0,1,0,0,1,0,1,0,0,0,0,0,0,0,0,0,0,0,4,1,0,-1,2,1,0,1,2,0,0,0,0,0,0
2514,60,1,11,0,0,0,1,2,2,0,3,0,1,0,0,0,1,1,0,0,0,0,1,2,0,1,0,0,0,0,0,0,0,0,0,0,0,0,0,0,2,0,1,-2,0,-3,1,1,-2,0,-1,1,1,0,0,0,0,1,0,0,-2,0,-1,1,0,0,1,1,0,0,2,0,1,1,0,0,0,0,0,0,0,1,1,0,0,1,0,1,0,0,1,0,0,0,0,0,0,0,0,0,0,0,0,1,0,-2,1,0,1,0,-1,0,-1,0,0,-1,1,1,0,0,0,0,0,0,0,0,1,0,0,1,0,0,0,0,0,0,0,0,0,0,0,0,0,0,0,0,0,0,0,0,0,0,0,0,0,0,1,0,0,1,0,0,0,0,-1,0,1,0,0,0,0,0,0,0,0,0,0,0,0,-1,0,1,0,0,2,0,0,0,0,0,0,0,0,0,0,0,1,0,0,0,0,0,0,0,0,0,0,0,1,0,0,0,0,0,0,0,2,0,0,0,0,0,0,0,1,0,0,0,1,0,0
2514,60,2,09,2,2,1,1,0,0,5,0,2,0,1,2,0,1,0,1,0,1,0,0,0,5,0,2,0,0,0,0,0,0,0,0,0,0,0,0,0,0,0,0,2,-3,1,-1,0,1,-3,0,-1,0,1,0,1,0,0,0,0,0,0,0,1,1,3,0,0,1,1,1,4,1,0,1,2,0,0,0,0,1,0,0,1,1,0,1,0,0,0,1,3,1,1,0,0,0,0,0,0,0,0,0,0,0,2,-4,-1,-1,0,2,-1,0,0,0,0,-3,-1,1,0,0,0,0,1,1,0,2,2,3,2,0,1,2,0,1,0,2,1,1,0,0,0,1,0,1,0,1,0,3,1,0,0,2,0,0,0,0,0,0,0,0,0,0,-2,-1,0,1,0,0,0,0,1,1,-2,-1,0,0,-1,0,0,0,0,0,0,1,1,0,1,0,0,1,0,1,1,0,0,0,0,0,1,0,0,1,0,0,0,0,0,0,0,0,0,0,0,0,-1,1,1,-1,-1,1,1,-1,0,0,0,0,0,0,0,0
2514,60,2,11,0,2,1,0,3,0,0,1,1,0,0,0,1,0,1,0,2,0,0,1,0,0,1,1,0,0,0,0,0,0,0,0,0,0,1,0,0,0,0,0,0,2,0,-1,3,0,0,0,-1,1,0,2,0,0,1,0,0,0,0,1,0,2,0,0,0,0,0,0,0,0,0,0,0,0,0,0,2,0,0,0,0,0,0,0,0,0,0,0,0,0,0,0,0,0,0,0,0,0,0,0,0,2,0,0,0,0,0,0,0,0,0,2,0,0,0,0,0,0,0,0,0,0,2,1,0,0,0,1,0,0,0,0,1,0,0,0,0,1,1,0,0,0,0,0,0,0,0,1,0,0,0,0,0,0,0,0,0,0,0,0,0,0,1,1,0,0,0,1,0,0,0,0,0,1,0,0,0,0,0,0,1,1,1,0,1,1,2,3,1,0,0,0,0,1,1,0,0,0,1,0,0,1,1,2,0,0,0,0,1,0,0,1,0,0,-1,-3,1,0,-1,0,0,0,0,-2,-1,0,0,-1
2514,61,1,09,1,4,0,1,0,2,2,2,0,1,1,2,0,0,0,0,2,0,1,0,2,2,1,0,1,0,0,1,0,0,0,0,0,0,0,0,0,0,0,0,-1,2,-2,1,-1,-1,0,-1,0,-1,0,2,-1,1,0,0,0,0,0,0,3,1,4,2,0,2,0,1,2,1,3,0,3,1,0,0,1,1,1,0,1,0,1,1,0,0,0,0,0,1,0,0,0,0,0,1,0,0,1,0,1,1,3,0,-1,2,0,2,0,0,0,1,1,1,-1,-1,0,0,-1,0,4,2,2,3,0,1,2,3,1,0,2,1,1,3,0,2,1,1,0,0,1,1,1,1,0,0,1,2,0,0,0,0,0,0,0,0,0,0,0,0,3,0,-1,2,0,1,0,0,2,0,2,0,-1,0,0,0,0,0,0,0,2,3,0,3,1,2,2,1,2,3,0,2,0,0,0,1,1,1,1,0,0,1,1,0,0,0,0,0,0,0,0,1,1,1,-2,2,1,2,-1,2,0,-1,-1,1,0,0,0,-1
2514,61,1,11,1,2,3,1,3,1,2,0,0,1,0,0,2,0,2,1,1,1,1,1,1,1,0,0,1,0,1,0,0,0,0,1,0,0,0,0,0,0,0,0,0,0,3,1,2,-1,-1,2,0,1,1,0,1,1,1,0,1,0,0,0,0,0,1,0,1,2,2,0,0,1,0,0,0,0,0,0,0,1,0,1,1,1,0,0,0,1,0,0,0,1,0,0,0,0,0,0,1,0,0,0,-2,-2,1,0,0,-1,-1,0,0,0,-1,0,1,0,0,0,-1,0,0,0,1,0,2,0,1,0,2,1,0,0,0,0,0,0,0,1,0,1,0,0,0,0,0,0,0,0,1,0,0,0,0,0,1,0,1,0,1,1,0,0,1,-2,1,0,1,0,0,0,0,0,1,-1,1,0,0,0,-1,0,0,1,0,0,1,0,0,0,0,0,0,0,0,0,0,0,0,0,0,0,0,0,0,0,0,0,0,0,1,0,0,0,0,0,0,0,1,0,0,0,0,0,0,0,0,0,0,0,1,0
2514,61,2,09,1,1,0,2,0,1,0,1,0,0,1,0,0,2,0,0,1,0,0,0,1,0,1,0,0,0,0,0,0,0,0,0,0,0,0,0,0,0,0,0,0,1,-1,2,0,0,0,-1,2,0,0,1,0,0,0,0,0,0,0,0,2,2,0,1,0,1,1,2,1,0,2,2,0,0,0,0,0,0,1,0,0,0,2,0,0,0,1,0,1,0,0,0,0,0,0,1,0,0,0,0,1,1,-2,0,0,2,2,-2,0,0,0,-1,0,0,0,-1,0,0,0,0,1,1,1,1,3,2,2,5,0,1,0,1,1,0,2,1,0,0,1,1,1,0,4,0,0,1,2,1,0,1,0,0,0,0,0,0,0,0,0,0,-1,-1,-4,1,2,-1,1,-3,0,2,0,-2,-1,1,0,0,0,0,0,0,4,1,4,3,2,0,1,0,3,1,2,3,1,0,2,0,2,0,0,0,0,0,1,0,0,0,0,0,0,0,0,0,2,1,3,3,1,1,2,3,1,0,1,0,0,0,0,0
2514,61,2,11,1,2,5,0,0,0,0,1,0,0,0,1,1,0,0,1,1,3,0,0,0,0,0,0,0,0,0,1,0,0,0,0,1,0,0,0,0,0,0,0,1,2,4,0,0,0,1,1,0,0,1,1,2,0,0,0,0,1,0,0,1,1,2,1,0,1,1,2,1,0,1,0,1,0,0,0,0,0,1,0,0,1,1,0,0,0,0,1,1,0,0,1,1,0,0,1,0,0,0,0,0,0,0,0,0,1,-1,0,0,0,0,0,-1,0,0,-1,1,1,0,0,1,0,0,1,1,0,0,0,1,0,0,0,0,0,0,0,0,0,1,1,0,0,0,0,0,0,0,0,0,0,1,0,0,0,0,0,0,0,1,0,1,0,0,0,1,0,0,0,0,0,0,0,0,1,1,1,0,0,-1,0,0,2,0,1,0,0,0,1,0,1,0,0,0,1,0,0,0,0,0,0,0,0,0,0,0,0,0,1,0,0,0,1,0,2,0,0,0,1,0,0,0,1,0,0,0,0,0,0
2514,62,1,09,2,0,4,3,0,1,2,2,3,0,0,0,4,3,0,2,0,0,0,0,0,2,1,2,0,1,0,1,1,0,0,0,0,0,0,0,0,0,0,0,1,-2,2,0,0,0,-2,3,1,0,1,0,-1,-1,0,0,0,0,0,0,0,1,2,3,1,0,1,1,3,2,0,1,1,2,0,0,0,1,1,0,0,1,0,3,1,0,0,1,0,1,0,0,0,0,1,0,0,0,0,0,0,0,1,0,-1,0,0,1,-1,-1,0,0,0,1,-1,0,0,0,0,1,4,3,3,2,0,2,0,0,0,3,4,3,2,1,0,0,0,1,1,0,1,0,0,0,2,1,0,0,0,1,0,0,0,0,0,0,0,0,0,0,2,3,3,2,-3,3,3,2,1,-2,-1,0,1,1,-1,0,0,0,0,0,0,3,0,3,1,0,2,2,0,3,0,3,0,0,0,0,1,0,1,2,0,0,1,0,0,0,0,0,0,0,0,0,-1,3,-2,1,-1,3,-1,1,0,0,-1,0,0,0,0,0
2514,62,1,11,0,0,1,0,0,0,0,0,2,1,0,0,1,0,0,0,0,0,0,0,0,0,0,0,1,0,0,0,1,0,0,0,0,0,0,0,0,0,1,0,0,0,1,-2,-1,0,0,1,0,-1,0,0,0,-1,0,0,0,0,-1,0,0,1,1,0,2,1,0,1,0,1,0,0,1,0,1,0,1,0,0,1,1,0,0,0,1,0,0,0,0,0,0,0,0,0,0,0,0,1,0,0,-1,1,0,0,1,-1,0,1,0,0,0,1,0,0,1,0,0,-1,0,0,1,0,1,1,0,0,0,1,1,0,0,0,0,1,0,1,0,0,0,0,0,0,1,1,0,0,0,0,0,0,0,0,1,0,0,0,0,0,0,0,1,0,0,0,0,0,0,-1,0,0,1,0,0,0,0,0,0,1,0,0,0,0,0,0,1,0,0,0,0,0,0,0,0,0,0,0,1,0,0,0,0,0,0,0,0,0,0,0,0,0,0,0,-1,0,0,0,-1,0,0,0,0,0,0,0,0,0,0,0
2514,62,2,09,1,2,2,1,1,0,0,0,3,5,0,1,2,1,0,1,1,0,0,1,0,0,0,3,3,0,0,0,0,2,0,0,0,0,0,0,0,0,0,0,1,2,2,-2,-4,0,1,2,-2,-3,1,1,0,0,-1,0,0,0,0,0,0,1,1,0,3,1,0,3,1,3,0,1,0,0,2,0,0,1,0,1,1,0,2,1,2,0,0,1,0,1,0,0,0,0,0,0,0,0,0,0,-1,1,-2,-1,0,-1,1,-2,-1,0,0,0,0,0,0,0,0,0,0,0,0,1,3,2,2,1,0,2,1,4,0,1,3,1,2,0,0,0,1,0,0,0,1,1,4,1,0,1,0,0,0,0,0,0,0,0,0,0,0,0,-1,1,1,1,-2,0,1,2,0,-2,-1,0,-1,1,0,0,0,0,0,0,3,2,2,2,1,3,1,2,2,1,2,1,1,1,0,1,0,0,1,1,1,3,0,1,0,0,0,0,0,0,0,0,2,-1,1,0,2,1,1,0,0,-2,0,0,0,0,0,0
2514,62,2,11,1,2,1,1,0,0,2,2,2,1,0,2,1,1,0,1,0,0,0,0,0,0,2,0,1,0,2,0,2,0,0,0,0,0,0,0,0,0,0,0,1,0,-1,-1,-1,0,2,-1,1,-1,1,-2,0,-2,0,0,0,0,0,0,1,0,0,4,1,1,0,1,0,2,1,0,0,2,1,0,0,0,0,0,0,0,1,0,2,1,0,0,0,0,0,0,0,2,0,0,0,0,0,0,0,0,-1,4,-1,1,0,-1,2,-1,-1,0,0,0,0,0,0,0,2,0,2,2,0,0,1,0,5,0,2,1,1,2,0,0,1,1,0,0,0,0,0,0,0,1,1,0,3,0,0,0,0,0,0,0,0,0,2,0,1,0,2,-3,0,-2,0,1,2,0,-1,0,1,-3,0,0,0,0,-2,0,-1,0,0,0,0,2,0,2,1,1,0,0,0,1,0,0,0,0,0,1,1,0,0,1,0,1,0,0,0,1,0,0,0,0,0,-2,-1,1,0,-1,-1,1,0,-1,0,-1,0,0,0,1
2514,63,1,09,2,4,2,3,2,0,2,1,4,1,0,3,2,1,1,2,1,0,2,1,0,2,1,3,0,0,0,0,1,1,0,0,0,0,0,0,0,0,0,0,2,2,1,-1,1,0,1,1,-2,1,2,1,0,1,0,0,0,0,0,0,0,2,1,1,1,3,0,0,3,4,0,1,0,1,1,0,1,1,0,0,1,0,0,2,2,2,0,0,1,2,0,0,0,0,0,0,0,0,0,0,-3,2,1,-2,-3,-1,1,0,-1,-1,-2,1,1,-1,-2,0,0,0,0,0,1,0,1,0,2,3,1,1,4,0,1,0,1,0,0,0,0,0,0,2,3,1,0,3,0,0,0,1,1,0,0,0,0,0,0,0,0,0,0,0,-2,-1,0,-4,2,-2,-1,1,-3,0,0,0,-1,-1,2,0,0,0,0,0,1,2,0,0,1,1,3,1,1,1,0,0,0,1,0,0,1,0,0,1,0,1,2,0,0,0,0,0,0,0,1,0,0,1,-3,-1,0,1,0,-1,0,0,-2,0,0,0,-1,0
2514,63,1,11,3,1,1,3,0,0,0,0,0,0,1,0,0,0,0,1,1,1,3,0,0,0,0,0,0,0,0,0,0,0,1,0,0,0,0,0,0,0,0,0,3,1,1,3,0,1,0,0,0,0,1,1,1,3,0,1,0,0,0,0,0,1,2,1,1,0,2,1,1,1,0,1,1,1,0,0,0,0,0,1,0,1,0,0,0,0,0,0,0,1,0,0,1,0,0,0,1,1,1,0,0,-1,1,0,0,0,0,1,1,0,0,0,0,0,0,0,-1,0,-1,0,1,0,1,1,2,1,1,1,1,0,0,0,0,0,1,0,0,0,0,1,0,1,0,0,0,0,0,0,1,0,1,0,1,1,0,1,0,1,0,0,0,-1,0,0,2,0,-1,0,0,1,0,0,0,-1,1,0,0,0,1,0,1,0,0,2,1,0,1,1,1,0,0,0,0,0,0,0,1,0,0,1,0,0,0,0,0,0,0,2,0,0,1,0,0,0,-1,1,0,0,0,-1,0,0,0,0,0,0,-1,2
2514,63,2,09,1,1,2,2,0,1,0,2,2,1,1,1,2,1,0,0,0,0,1,0,0,0,1,0,0,1,0,1,2,1,0,0,0,0,0,0,0,0,0,0,0,1,0,0,-1,1,1,1,1,0,-1,0,-1,-1,-1,0,0,0,0,0,1,2,1,4,2,1,2,2,3,2,0,1,1,2,2,1,1,0,2,0,0,2,1,2,0,1,0,1,1,2,0,0,0,0,0,0,0,0,0,0,0,0,-1,1,0,0,-1,0,0,2,0,1,-1,1,-2,0,0,0,0,0,1,1,2,2,2,1,2,2,4,0,0,1,1,2,2,1,0,1,0,0,0,1,2,3,0,1,1,0,1,0,0,0,0,0,0,0,0,0,0,0,0,-1,0,-2,2,0,0,-1,-1,2,0,-1,1,-1,0,0,0,0,0,0,0,0,2,1,2,1,2,1,0,0,1,0,0,0,1,1,1,0,1,1,1,1,1,0,0,0,0,0,0,0,0,0,-2,-1,0,0,-1,0,0,-1,-1,-1,0,1,0,0,0,0
2514,63,2,11,0,0,1,0,0,1,1,1,0,0,0,0,0,0,0,0,0,1,0,0,1,0,1,0,0,0,1,0,0,0,0,0,0,0,0,0,0,0,0,0,-1,-1,0,0,0,-1,0,-1,0,0,0,-1,1,0,0,0,0,0,0,0,1,1,2,2,1,2,1,1,0,3,1,0,1,1,0,0,1,1,1,1,0,1,1,0,1,0,0,0,0,0,0,0,0,0,0,2,0,0,0,2,-1,0,1,2,-2,1,-1,0,1,-1,0,1,1,1,1,-2,0,0,0,-2,1,0,0,0,0,0,1,0,1,1,0,0,0,0,0,1,0,0,0,0,0,1,0,1,0,0,0,0,0,1,0,0,0,0,0,0,0,0,0,0,1,-1,0,-1,-1,0,-1,0,-1,0,1,0,0,0,-1,0,0,0,0,0,1,2,1,1,2,1,0,2,1,2,1,1,0,0,0,0,1,0,0,0,1,1,0,1,0,0,0,0,0,0,0,1,-1,1,1,-1,0,2,1,1,-1,-1,0,-1,0,0,0,-1
2514,64,1,09,1,1,4,2,0,1,2,0,2,2,1,0,2,0,0,0,1,2,2,0,1,0,0,1,1,0,2,0,1,1,0,0,0,0,0,0,0,0,0,0,0,-1,4,0,-2,0,0,2,-1,-1,0,-1,2,1,-1,0,0,0,0,0,3,0,2,1,2,1,1,3,2,2,2,0,1,0,2,1,0,1,1,0,1,0,2,0,1,0,1,0,2,1,0,0,0,0,0,0,0,1,0,0,2,-1,-1,-1,0,1,0,-1,0,1,1,-1,1,-1,-1,0,0,-1,0,0,2,1,1,0,5,1,1,3,2,2,1,0,1,0,4,1,1,0,0,0,1,0,3,1,1,0,1,0,1,1,0,0,0,0,1,0,0,0,0,0,1,0,-2,-2,3,0,0,-2,-1,3,1,0,0,-1,-1,0,0,0,0,1,1,2,2,4,2,1,0,1,1,2,1,4,0,0,1,0,1,1,0,1,1,0,0,0,0,0,0,0,0,0,0,0,-1,1,2,3,0,1,1,3,-1,0,1,0,0,0,0,0
2514,64,1,11,2,2,1,1,2,0,0,0,1,1,0,0,0,0,0,1,2,1,1,1,0,0,0,0,1,0,0,0,0,0,1,0,0,0,1,0,0,0,1,0,2,2,1,0,1,0,0,0,0,-1,1,2,1,1,1,1,0,0,-1,1,1,1,0,0,0,0,1,0,1,0,0,0,0,0,0,0,1,0,0,0,0,0,0,0,0,0,0,0,1,0,1,0,0,0,0,0,1,0,0,0,1,0,0,-1,0,0,0,0,0,0,0,1,0,-1,0,1,-1,0,0,0,1,2,0,1,0,1,0,0,1,0,1,2,0,0,0,0,0,0,1,0,0,0,0,1,0,0,0,0,0,0,0,0,0,0,0,1,0,0,0,0,0,2,0,0,0,1,2,0,-1,0,0,0,0,1,0,-1,0,0,0,0,1,1,1,0,0,0,0,1,0,0,0,0,1,0,1,0,0,0,0,0,0,0,0,0,0,1,0,0,0,0,0,1,1,1,1,-1,0,0,0,0,1,0,1,0,0,1,0,-1
2514,64,2,09,0,0,2,0,0,2,1,0,0,1,0,0,1,0,0,0,0,1,0,0,1,0,0,0,0,1,1,0,0,1,0,0,0,0,0,0,0,0,0,0,-2,-1,2,0,-1,-1,0,1,0,0,-1,-1,1,0,-1,0,0,0,0,0,1,1,1,5,0,1,1,1,0,0,1,1,0,3,0,0,0,1,2,0,1,1,0,0,0,0,0,1,0,0,0,0,0,0,0,0,0,0,0,0,0,0,0,5,0,0,0,0,3,0,0,0,0,2,0,0,0,0,0,0,4,2,0,3,1,1,2,1,3,1,4,1,0,2,1,0,1,0,1,0,1,0,0,3,1,0,2,1,0,0,0,0,0,0,0,0,0,0,0,0,3,0,-1,0,0,3,1,0,-1,0,0,-1,-1,1,0,0,0,0,0,0,3,1,2,2,1,1,1,0,2,1,0,1,1,0,1,1,1,0,0,0,0,1,1,0,0,0,1,0,0,0,0,0,2,0,1,2,1,1,0,1,1,-1,0,1,0,0,1,0
2514,64,2,11,2,0,0,0,2,0,0,0,0,1,1,0,0,0,2,0,0,0,0,0,0,0,0,0,1,0,0,0,0,0,1,0,0,0,0,0,0,0,0,0,2,0,0,0,1,1,0,0,0,1,0,0,0,0,0,1,0,0,0,0,0,1,1,0,0,1,2,0,0,3,0,0,1,0,0,0,1,0,0,0,1,2,0,0,2,0,0,0,0,1,0,0,0,0,0,0,0,0,0,0,-1,-1,1,0,-3,-1,-2,1,0,-2,0,1,0,0,-1,0,0,0,0,0,2,2,0,1,1,0,0,1,1,0,0,0,0,0,1,0,0,0,1,0,0,0,0,0,0,0,0,0,0,0,2,2,0,0,0,0,0,1,1,0,2,2,-1,0,1,0,0,0,0,1,0,0,0,1,0,2,2,-1,-1,0,0,2,2,3,0,2,1,2,0,1,2,2,0,1,0,0,0,0,1,0,0,1,0,1,0,0,0,1,0,1,0,1,0,0,1,1,0,1,1,2,0,0,0,-1,0,-1,0,0
2514,65,1,09,3,1,3,2,0,0,1,1,0,2,3,0,2,0,0,0,1,1,2,0,0,0,0,0,0,0,1,1,0,1,0,0,0,0,0,0,0,0,0,1,3,0,2,2,-2,3,0,2,0,0,0,0,0,2,-1,0,0,0,0,-1,1,1,2,1,2,1,1,2,1,1,0,0,0,0,1,1,0,2,1,0,0,0,2,0,1,1,1,0,0,0,0,1,0,0,1,0,0,0,1,0,0,0,0,0,1,0,0,-2,0,0,0,-1,2,1,0,0,1,0,-1,1,3,1,4,3,1,1,1,4,1,3,2,1,4,1,0,1,0,0,2,1,0,0,2,1,1,1,1,2,0,1,0,0,0,0,0,0,0,0,0,1,2,0,0,2,-2,2,1,2,0,-1,0,-1,-2,2,0,0,0,0,0,-1,4,4,4,2,4,1,2,0,2,3,4,2,2,1,0,0,2,1,1,0,2,0,1,0,0,0,0,0,0,0,0,0,0,3,2,2,0,2,3,2,0,1,-1,0,0,0,0,0
2514,65,1,11,1,1,1,1,1,1,1,0,1,0,0,0,0,0,0,1,1,1,1,0,0,0,0,0,0,0,0,0,0,0,0,0,0,0,1,1,1,0,1,0,0,0,1,0,1,0,0,0,0,0,1,1,1,1,0,-1,-1,0,-1,1,1,1,0,1,4,0,2,1,1,3,1,0,0,0,1,0,1,0,0,1,0,1,0,1,1,0,0,0,0,0,0,0,0,1,2,0,1,1,0,2,1,-1,-1,0,1,1,-1,0,-1,0,0,1,0,0,1,0,-1,-1,1,0,1,2,0,0,0,0,0,0,1,0,0,2,0,0,0,1,0,0,0,0,0,0,0,1,0,0,0,0,0,0,0,0,0,0,0,0,0,0,0,0,1,2,0,-1,0,0,2,0,-1,0,1,0,0,0,0,0,0,0,0,0,0,1,0,1,0,1,1,1,0,0,0,0,0,0,0,0,0,0,0,0,0,0,0,1,0,1,0,1,0,1,1,0,0,0,-1,0,0,0,0,0,0,0,0,-1,0,0,-1,1
2514,65,2,09,2,4,1,3,2,1,1,2,2,1,2,1,1,3,2,0,3,0,0,0,1,0,0,2,0,0,1,2,0,1,0,0,0,0,0,0,0,0,0,0,1,3,-1,1,1,1,1,1,1,2,0,2,-2,0,-1,0,0,0,0,0,2,3,3,0,3,0,2,3,0,1,0,2,1,0,2,2,1,2,0,1,0,2,1,0,0,0,0,1,0,1,0,0,0,0,0,0,0,1,0,0,2,1,0,0,2,0,0,0,0,2,2,1,1,0,0,0,0,-1,0,0,1,4,3,4,2,1,1,3,0,0,1,4,1,3,1,0,0,2,1,1,1,0,1,0,0,0,1,2,0,0,0,0,0,0,0,0,0,0,0,0,0,3,0,4,2,0,4,0,3,1,0,-1,0,1,1,0,0,0,0,0,3,3,1,1,0,2,1,0,3,3,1,0,0,0,0,1,0,1,1,0,0,1,0,0,0,0,0,0,0,0,0,0,3,1,0,1,3,2,0,0,0,-1,0,1,0,0,0,0
2514,65,2,11,0,0,1,0,0,0,2,1,0,0,0,0,0,0,0,0,0,0,0,0,0,1,0,0,0,0,0,0,0,0,0,0,1,0,0,0,1,1,0,0,0,-2,0,0,0,0,-1,0,0,0,0,0,0,0,0,0,-1,0,0,0,0,1,3,0,0,0,1,1,2,0,0,1,1,0,0,0,0,1,0,0,0,0,1,2,0,0,1,0,0,0,0,0,1,0,0,0,0,0,0,0,0,0,2,-2,0,0,1,0,-2,0,0,-1,1,0,0,0,0,1,0,0,1,0,1,0,0,1,2,1,0,0,0,0,0,0,0,1,0,1,0,0,1,1,0,0,0,0,0,1,0,0,0,0,0,0,0,0,1,0,0,0,0,-2,0,0,0,-1,-1,0,0,0,1,0,0,0,0,0,-1,0,0,0,1,0,1,3,0,1,1,2,0,0,0,0,0,0,1,1,0,1,0,1,0,0,1,1,1,0,0,2,0,0,0,0,1,-1,0,1,0,-1,0,-1,0,0,0,0,1,0,0,2
2514,66,1,09,1,1,1,2,2,1,0,1,0,1,1,1,1,2,1,0,0,0,0,1,1,0,1,0,1,0,0,0,0,0,0,0,0,0,0,0,0,0,0,0,0,1,0,2,1,0,1,0,2,0,0,0,0,0,1,0,0,0,0,0,0,3,2,1,1,0,1,2,1,1,0,3,2,0,0,0,0,0,1,1,0,1,0,0,1,0,0,2,1,0,0,0,0,0,0,0,0,0,0,0,0,2,0,0,0,0,2,2,0,-1,0,0,-2,0,1,0,0,0,0,0,2,4,0,2,0,3,5,1,1,2,2,2,0,2,0,0,2,0,0,0,1,1,0,1,0,2,4,1,0,2,0,0,0,0,0,0,0,0,0,0,-1,-1,-1,1,-2,1,1,0,1,0,-2,-2,-1,0,-2,0,0,0,0,0,0,1,1,1,4,4,1,2,0,1,1,1,0,0,0,0,2,1,1,2,2,3,0,0,0,0,0,0,0,0,0,0,-4,-3,0,-1,-2,0,0,-1,-2,-3,0,0,0,0,0,0
2514,66,1,11,1,1,0,1,1,0,1,0,1,0,0,0,0,0,0,1,0,0,1,0,0,0,0,1,0,0,1,0,0,0,0,1,0,0,1,0,0,0,0,0,1,0,0,0,1,0,0,0,-1,0,1,-1,0,1,0,0,1,0,0,1,0,3,0,1,1,0,1,1,0,2,0,0,0,1,0,0,2,0,0,0,0,1,0,0,0,0,0,0,0,1,0,1,0,0,1,0,0,1,0,1,0,2,-1,1,-1,0,-1,0,1,0,0,2,0,0,-1,0,1,-1,0,0,1,0,1,2,1,0,0,2,0,0,1,0,0,1,1,0,0,1,1,0,0,0,1,0,0,0,0,0,0,0,0,0,0,0,0,0,0,1,0,0,1,0,-1,2,1,1,0,-1,1,1,0,0,1,1,0,0,0,-1,0,0,1,0,1,3,0,0,2,2,0,0,1,1,1,0,0,0,0,0,1,0,0,0,1,1,0,0,0,2,0,0,0,1,1,0,-1,1,0,0,0,1,1,0,-1,-1,0,0,0,1
2514,66,2,09,4,0,0,2,1,0,2,0,0,6,3,0,0,1,0,0,0,0,1,0,0,2,0,0,2,0,0,0,0,4,1,0,0,0,1,0,0,0,0,0,4,-2,0,2,-5,3,-2,0,1,-2,0,0,0,1,-4,1,0,0,0,1,1,1,0,1,1,1,0,0,0,3,1,1,0,1,0,0,0,0,0,1,0,0,0,0,2,1,0,0,0,1,0,0,0,0,0,0,0,0,0,0,0,1,0,1,-2,1,1,0,1,-2,-1,0,0,0,0,0,0,0,0,0,1,1,2,1,1,3,4,1,2,2,1,1,2,0,0,0,0,0,1,1,2,2,0,1,1,1,2,1,1,1,0,0,0,0,0,0,0,0,0,0,-2,-3,1,-1,-1,-1,-1,2,-1,-1,-1,-2,-1,0,0,0,0,0,0,0,2,1,1,0,3,2,3,0,2,0,1,0,0,1,0,0,1,2,3,0,2,0,0,0,0,0,0,0,0,0,0,0,-1,-1,-2,0,1,-2,-2,0,-2,1,0,0,0,0,0,0
2514,66,2,11,1,1,1,0,0,0,1,0,1,1,1,0,1,0,0,0,1,0,0,0,0,0,0,1,1,0,1,0,0,0,0,0,0,0,0,0,0,0,0,0,1,0,1,-1,-1,1,0,1,-1,-1,0,0,0,0,0,0,0,0,0,0,1,0,1,0,1,2,1,0,0,0,0,0,0,0,0,0,0,0,0,0,0,0,0,0,0,1,1,0,0,0,1,0,1,0,1,1,0,0,0,0,-1,-1,1,0,1,0,0,0,0,0,-1,-1,0,0,0,0,0,1,0,1,1,2,0,1,1,1,0,1,1,1,1,1,0,0,0,0,1,0,1,1,0,0,0,0,1,1,0,0,0,0,0,0,0,0,0,0,0,1,1,0,0,2,-1,0,0,1,1,0,0,-1,-1,1,0,1,1,0,0,-1,-1,0,2,1,2,1,0,0,0,2,1,0,2,0,0,1,0,0,0,0,0,1,0,0,0,1,1,0,0,1,0,0,0,0,2,1,2,-1,1,0,2,-1,0,1,0,-1,1,0,0,1
2514,67,1,09,3,1,1,1,0,1,1,2,1,2,1,0,1,1,0,2,1,0,0,0,1,0,2,1,1,0,1,0,0,1,0,0,0,0,0,0,0,0,0,0,2,0,-1,0,-2,0,0,-1,0,-1,2,0,0,0,-1,0,0,0,0,0,3,3,3,1,2,2,2,3,0,3,3,2,2,0,1,0,0,1,1,1,1,1,2,0,3,1,1,1,0,0,0,1,0,0,0,0,0,0,0,0,1,1,0,1,-1,2,1,0,0,-2,-1,-1,0,1,1,0,1,0,0,0,1,0,4,0,3,2,2,3,0,0,0,0,3,0,3,1,0,1,0,0,2,1,1,0,0,0,1,2,0,0,0,0,0,0,0,0,0,0,0,0,-1,-2,1,0,3,-2,-1,2,0,3,1,-1,-1,0,0,0,0,0,0,0,2,2,3,0,1,3,2,0,2,1,3,0,0,1,0,0,0,1,1,0,1,2,1,0,0,0,0,0,0,0,0,0,1,-1,1,0,2,0,2,0,-1,-1,-1,0,0,0,0,0
2514,67,1,11,0,1,2,0,1,0,2,1,0,0,0,1,1,0,0,0,0,0,0,1,0,1,1,0,0,0,0,0,0,0,0,0,1,0,0,0,1,0,0,0,0,-1,1,0,1,0,0,0,0,0,0,0,0,0,1,0,-1,1,0,0,1,1,1,0,0,0,0,1,0,0,1,1,1,0,0,0,0,0,0,0,0,0,0,0,0,0,0,1,0,0,0,0,0,0,0,0,0,0,0,0,1,1,0,0,0,1,1,1,0,0,0,0,-1,0,0,0,0,0,0,0,2,0,0,2,0,1,1,0,0,3,2,0,0,1,0,0,0,0,1,0,1,1,0,0,2,0,0,0,0,0,0,0,0,0,0,0,0,0,0,1,1,-1,0,2,-3,1,-1,0,1,-2,0,0,0,1,0,0,0,0,0,-1,0,1,0,0,0,1,0,0,0,0,0,0,0,1,0,0,0,0,0,0,0,0,0,0,0,0,0,0,0,1,0,0,0,0,0,0,0,0,0,0,0,1,0,0,0,-1,0,0
2514,67,2,09,1,1,3,2,0,3,1,2,0,0,1,1,2,1,0,0,0,1,1,0,3,0,1,0,0,0,1,1,0,0,0,0,0,0,0,0,0,0,0,0,-2,0,1,2,0,-2,1,1,1,0,0,-1,0,1,0,0,0,0,0,0,0,2,0,1,5,0,0,0,0,2,0,1,0,0,2,0,1,0,1,3,0,0,0,0,2,0,0,0,0,0,0,0,0,0,0,0,0,0,0,0,0,2,0,1,3,0,1,0,0,0,0,1,0,1,3,0,0,0,0,0,3,3,2,2,3,1,0,2,0,3,1,2,1,2,2,2,0,1,0,1,0,0,1,0,1,1,0,1,0,2,0,1,0,0,0,0,0,0,0,0,2,3,0,2,0,1,2,0,2,1,1,0,0,0,-1,0,1,0,0,0,0,0,0,1,0,0,1,1,0,0,0,1,0,0,0,0,0,0,1,0,0,0,0,1,0,0,0,0,0,0,0,0,0,0,-1,0,0,0,-1,1,0,0,0,-1,0,0,0,0
2514,67,2,11,0,0,1,0,1,1,0,0,0,0,0,0,0,0,1,0,0,1,0,0,1,0,0,0,0,0,0,0,0,0,0,0,0,0,0,0,0,0,0,0,-1,0,1,0,1,-1,0,0,0,1,0,0,1,0,0,0,0,0,0,0,1,0,1,0,0,0,0,1,2,2,1,0,1,0,0,0,0,0,0,0,0,0,0,1,0,0,0,1,0,1,0,0,0,0,0,0,0,0,1,1,1,0,0,-2,-2,1,0,1,-1,0,0,0,-1,0,-1,0,0,0,-1,-1,0,0,0,0,0,1,0,2,2,1,0,0,0,0,0,0,0,0,0,0,0,0,2,2,0,0,0,0,0,1,0,0,0,0,0,1,0,0,0,0,-1,0,-2,-2,-1,0,0,-2,-2,0,0,0,0,0,-1,-1,0,0,0,0,1,0,1,2,1,2,0,0,1,0,0,1,0,0,0,0,0,2,0,0,0,0,0,0,0,0,1,1,1,0,0,0,0,-2,1,2,1,-2,0,1,0,0,0,0,-1,0,1,1
2514,68,1,09,2,2,1,2,0,0,0,1,6,0,1,0,1,1,0,1,1,0,1,0,0,0,1,4,0,0,0,0,2,0,0,1,0,0,0,0,0,0,0,0,2,2,0,-4,0,1,0,0,-3,0,1,1,0,-1,0,0,1,0,0,0,0,3,2,2,1,0,1,2,1,1,0,2,1,0,0,0,1,1,2,1,0,1,2,1,1,0,0,0,0,0,0,0,0,0,0,0,0,0,0,0,0,2,0,1,0,0,1,-1,-1,-1,0,1,1,2,1,0,0,0,0,0,2,2,0,3,1,0,2,1,4,3,1,2,0,1,0,1,0,0,2,1,0,1,1,3,2,0,1,0,1,1,0,0,0,0,0,0,0,0,0,0,2,0,-1,-1,-2,1,1,-1,-2,-2,1,-1,0,1,0,0,0,0,0,0,1,1,3,1,1,0,1,0,0,1,0,1,1,0,1,0,1,0,1,0,0,0,0,0,0,0,2,0,0,0,0,0,0,1,2,1,-1,1,-1,1,1,0,1,0,0,0,2,0
2514,68,1,11,0,1,1,0,1,0,1,1,0,1,0,0,0,0,1,0,1,0,0,0,0,1,1,0,0,0,0,0,0,0,0,0,1,0,0,0,0,0,0,1,0,0,0,0,0,0,-1,-1,0,1,0,1,0,0,0,0,0,1,0,-1,0,0,1,0,1,1,2,0,0,1,0,0,0,0,0,0,0,0,0,1,1,2,0,0,0,0,0,0,0,1,0,0,1,0,0,0,0,0,0,0,-1,-2,1,0,0,-1,-2,0,0,0,0,0,0,0,0,0,0,1,0,0,2,1,0,0,1,0,1,1,1,1,0,0,0,0,0,2,1,0,0,1,0,0,0,0,0,0,1,0,0,1,0,0,0,0,0,0,0,1,1,0,2,0,-1,-1,0,0,0,0,0,0,2,0,0,0,0,0,0,-1,-1,0,1,0,0,0,0,1,1,0,0,0,0,0,1,0,0,0,0,1,1,0,0,0,0,0,0,0,0,0,0,0,0,0,1,-1,-1,0,0,-1,-1,0,1,0,0,0,0,0,0,0
2514,68,2,09,2,2,1,1,0,2,1,1,2,0,0,2,0,1,0,2,0,1,0,0,2,0,1,1,0,0,1,0,1,0,0,0,0,0,0,0,0,0,0,0,0,1,0,-1,0,-2,2,-1,0,0,2,-1,1,-1,0,0,0,0,0,0,1,2,0,2,0,1,0,1,2,0,1,1,0,1,0,0,0,0,1,0,0,0,0,2,0,1,0,1,0,0,0,1,0,0,0,0,0,0,0,0,0,2,-1,0,0,1,1,0,-1,0,-1,0,-1,1,0,0,1,0,0,0,1,3,0,0,3,1,0,3,1,2,0,2,0,0,2,1,1,0,0,1,0,0,0,1,1,1,0,3,0,1,0,0,0,0,0,0,0,0,0,0,0,3,-3,-1,1,0,2,0,-1,1,0,1,-3,0,0,0,0,0,0,0,3,0,3,2,2,0,2,3,2,0,3,2,1,0,0,0,0,0,0,3,2,0,2,0,0,0,0,0,0,0,0,0,1,0,1,-1,2,0,3,-1,-1,0,-2,0,0,0,0,0
2514,68,2,11,0,0,0,2,0,0,0,1,0,1,0,0,0,0,0,0,0,0,1,0,0,0,1,0,1,0,0,0,0,0,0,0,0,1,0,0,0,0,0,0,0,0,-1,2,-1,0,0,-1,0,-1,0,0,0,1,0,0,0,0,1,0,2,1,1,0,0,0,1,1,0,1,2,1,0,0,0,0,0,0,0,0,0,1,0,0,0,0,0,0,0,1,0,0,1,0,0,0,0,1,0,0,2,0,0,0,-1,2,0,0,0,0,0,0,0,0,-1,0,0,0,0,0,1,1,0,3,0,1,0,1,1,0,0,1,0,1,0,1,0,0,1,0,1,0,0,0,0,0,0,1,0,0,0,0,0,1,0,0,0,0,1,0,0,1,-1,2,0,-1,1,0,1,0,1,0,-1,1,0,0,0,0,0,0,0,0,0,0,0,0,2,1,0,0,0,0,0,0,0,0,0,0,0,1,0,0,2,0,0,0,0,0,0,0,0,0,0,0,-2,-1,0,0,0,-1,0,0,-2,0,0,0,0,0
2514,69,1,09,1,1,2,2,1,3,2,1,2,2,1,1,1,1,0,0,0,1,1,1,3,2,0,0,1,0,0,1,2,1,0,0,0,0,0,0,0,0,0,0,-2,-1,1,0,-1,-2,-1,1,1,-1,0,0,0,-1,0,0,0,0,0,0,0,1,3,1,3,2,1,0,0,0,0,0,3,0,1,0,1,0,1,2,2,0,0,0,0,0,1,0,0,0,0,0,0,0,0,0,0,0,0,0,-2,0,3,1,3,-2,0,3,0,1,0,0,0,1,2,0,0,0,0,0,1,2,1,2,1,0,1,2,3,0,1,2,1,1,1,0,0,0,1,0,0,0,1,3,0,0,1,1,0,0,0,0,0,0,0,0,0,0,0,0,1,1,-1,-1,1,1,2,0,-2,1,0,-1,-1,1,0,0,0,0,0,0,3,1,0,1,1,1,1,0,1,0,0,1,2,1,0,0,1,1,1,0,0,0,0,0,0,0,0,0,0,0,0,0,2,0,-1,1,0,-1,-1,1,2,1,0,0,0,0,0,0
2514,69,1,11,0,0,0,1,0,1,0,1,0,0,0,0,0,1,0,0,0,0,0,0,0,0,1,0,0,0,0,0,0,0,0,0,0,0,0,1,0,0,0,0,-1,0,-1,1,0,0,0,-1,1,0,0,0,0,0,0,-1,0,0,0,0,1,1,0,0,0,1,0,1,1,2,0,0,0,0,0,0,1,0,0,0,1,0,0,0,0,0,0,0,0,0,1,0,0,0,0,0,0,1,1,2,0,1,-1,-1,-2,-1,0,0,0,0,0,1,0,0,0,1,0,-1,-1,-2,0,0,1,0,0,0,0,2,0,0,0,0,1,0,0,0,0,0,0,0,0,0,2,0,0,0,0,0,0,0,0,0,0,0,0,0,0,0,0,0,0,0,-1,0,0,0,0,-1,0,0,0,0,0,0,0,0,0,0,0,0,0,0,0,1,2,0,0,0,0,0,0,1,0,0,0,0,1,0,0,0,0,0,0,0,0,0,0,0,1,0,0,0,-2,0,0,1,-1,0,0,1,0,0,0,0,-1,0,0,0
2514,69,2,09,1,0,1,0,0,0,2,2,0,2,0,0,1,0,0,1,0,0,0,0,0,1,2,0,1,0,1,0,0,1,0,0,0,0,0,0,0,0,0,0,1,-2,-1,0,-2,0,-1,-1,0,-1,1,-1,0,0,-1,0,0,0,0,0,1,1,1,2,3,3,0,1,2,0,1,1,1,1,1,0,0,0,1,2,2,0,1,0,0,1,0,0,2,0,0,0,0,0,0,0,0,0,0,0,-2,1,0,0,3,-1,1,0,1,1,-1,0,0,-1,2,0,0,0,0,0,1,3,2,1,2,2,5,1,3,0,1,3,2,1,1,0,0,0,0,1,0,2,1,2,0,2,3,0,1,0,0,0,0,0,0,0,0,0,0,0,-1,-2,1,-2,2,1,1,1,-1,1,-2,-3,0,-1,1,0,0,0,0,0,2,4,3,3,1,3,0,1,2,2,2,3,0,2,1,0,1,2,0,1,0,1,0,0,0,0,0,0,0,0,0,0,1,1,3,2,1,0,2,2,0,1,1,0,0,0,0,0
2514,69,2,11,0,0,1,0,1,1,1,0,1,1,0,0,1,0,0,0,0,0,0,1,1,1,0,0,1,0,0,0,1,0,0,0,0,0,0,0,0,0,0,0,-1,-1,1,-1,0,-1,-1,1,0,-1,0,0,0,-1,1,0,0,0,0,0,0,0,2,0,0,0,0,0,0,2,0,0,2,0,0,0,0,0,0,0,0,0,0,0,1,0,0,0,0,1,0,0,0,0,0,0,0,0,0,0,0,0,2,0,-2,0,0,2,0,-1,0,0,0,0,-1,0,0,0,0,0,1,0,0,0,0,1,0,0,0,0,0,0,0,0,0,0,0,0,0,0,1,0,0,0,0,0,0,0,0,0,1,0,0,0,0,0,0,0,0,0,0,0,0,0,0,-1,0,0,0,0,0,0,0,0,0,1,0,0,0,0,0,1,0,0,0,2,0,0,0,1,0,0,0,0,0,0,0,0,0,0,0,2,0,0,0,0,0,0,0,0,0,0,0,-1,0,0,0,1,0,0,0,-2,0,0,0,0,0,0
2514,70,1,09,0,0,0,2,0,0,0,1,0,1,0,0,0,2,0,0,0,0,0,0,0,0,0,0,0,0,0,1,0,1,0,0,0,0,0,0,0,0,0,0,0,0,-1,2,-1,0,0,0,2,0,0,0,-1,0,-1,0,0,0,0,0,2,4,0,2,2,0,1,0,2,1,1,3,0,2,1,1,1,0,0,1,0,1,0,1,0,0,0,0,1,1,0,0,0,0,0,0,0,0,0,0,2,3,0,0,1,1,2,0,1,1,1,1,0,-1,0,0,0,0,0,0,1,2,2,1,0,0,0,2,1,1,0,1,0,0,0,1,1,2,1,0,0,0,0,1,0,0,0,2,0,1,0,0,0,0,0,0,0,0,0,0,1,2,0,0,-1,0,1,0,-1,0,1,1,0,1,-1,0,0,0,0,0,5,2,1,0,3,1,2,2,4,0,1,0,1,2,0,0,2,1,2,1,1,0,0,1,0,0,0,0,0,0,0,0,2,1,-1,-2,2,-1,-1,-1,0,2,0,-1,0,0,0,0
2514,70,1,11,2,0,0,0,1,0,1,0,0,1,1,0,0,0,1,1,0,0,0,0,0,0,0,0,0,0,1,0,0,0,0,0,0,0,0,0,0,0,0,1,2,-1,0,0,0,1,0,0,0,1,1,-1,0,0,0,0,0,0,0,-1,0,1,1,2,1,1,0,0,2,1,0,0,1,1,0,0,1,0,1,1,0,0,0,2,0,0,0,0,0,1,0,0,0,0,0,1,0,0,0,0,-1,1,1,0,0,0,0,1,-1,0,0,1,0,1,0,-1,0,0,0,0,0,2,0,0,1,0,1,0,1,0,0,0,0,0,1,0,1,0,0,0,0,0,0,1,0,0,0,0,0,0,0,1,0,0,0,0,1,0,0,0,0,1,0,-1,1,0,0,0,-1,1,0,1,0,0,0,0,0,0,0,0,2,0,0,1,2,1,0,0,1,0,0,1,1,0,0,0,0,0,0,0,1,0,0,0,0,0,0,0,1,1,0,0,0,-1,0,1,1,0,0,1,0,0,0,0,-1,-1,0,0
2514,70,2,09,0,2,1,1,0,0,0,2,1,1,0,2,1,1,0,0,0,0,0,0,0,0,1,0,1,0,0,1,1,0,0,0,0,0,0,0,0,0,0,0,0,2,-1,0,-1,0,2,0,1,-1,0,0,-1,-1,0,0,0,0,0,0,2,0,4,1,1,1,0,1,2,0,1,0,3,0,1,1,0,0,1,0,0,0,0,2,0,1,0,1,0,0,0,0,1,0,0,0,0,0,0,0,1,0,3,-1,1,1,0,3,-2,1,0,0,-1,1,0,0,0,1,0,0,4,1,3,2,0,0,2,5,1,0,4,1,2,2,0,0,0,1,0,0,0,0,3,1,0,0,2,2,0,0,0,0,0,0,0,0,0,0,0,0,4,-1,-2,1,0,4,1,-1,1,0,0,-2,-1,0,0,0,0,0,0,0,1,3,2,0,3,0,1,0,1,2,1,0,0,1,1,0,2,0,0,0,1,0,1,0,0,0,0,0,0,0,0,0,-2,3,1,0,-1,2,1,0,-1,1,0,0,0,0,0,0
2514,70,2,11,0,1,0,0,0,1,0,0,0,0,0,1,0,0,0,0,0,0,0,0,1,0,0,0,0,0,0,0,0,0,0,0,0,0,0,0,0,0,0,0,-1,1,0,0,0,-1,1,0,0,0,0,0,0,0,0,0,0,0,0,0,0,0,0,0,1,1,0,0,0,1,0,0,0,0,0,0,0,0,0,1,0,0,0,0,0,0,0,0,0,1,0,0,0,0,0,1,0,0,0,0,-1,0,0,0,0,0,0,0,0,0,0,0,0,0,0,-1,0,0,0,0,1,1,3,0,0,1,1,1,1,1,0,0,1,0,0,0,1,0,0,0,1,0,0,1,0,0,1,0,0,1,1,0,2,0,0,0,0,1,0,0,0,0,2,-1,-1,-1,0,1,-1,0,0,0,0,0,-1,1,0,1,0,0,0,0,0,0,2,1,1,0,0,0,0,0,0,0,0,0,1,0,0,0,0,1,0,0,0,0,0,0,1,0,1,0,-2,-1,-1,0,-1,0,0,0,0,-1,0,0,-1,0,-1,0
2514,71,1,09,0,0,0,2,3,1,3,2,1,1,0,0,0,1,2,0,0,0,1,1,1,1,2,1,0,0,2,0,0,0,0,0,0,0,0,0,0,0,0,1,-1,-3,-2,1,2,-1,-1,-2,0,2,0,-2,0,1,1,0,0,0,0,-1,0,1,2,0,2,0,0,1,0,2,0,1,2,0,1,0,0,0,0,1,0,0,1,0,1,0,0,0,0,1,0,0,0,0,0,0,0,0,0,0,0,1,1,0,0,0,1,1,0,0,0,0,0,0,0,0,0,0,0,0,4,1,1,2,4,3,3,1,3,3,3,1,1,1,2,1,0,0,1,2,0,1,1,1,2,2,2,0,2,1,0,0,0,0,0,1,0,0,0,0,1,-2,0,-1,1,3,0,0,0,0,-1,-2,0,-1,1,-1,0,0,0,0,1,2,0,1,0,2,0,0,1,2,0,1,0,0,0,0,0,2,0,0,0,0,0,0,0,0,0,0,0,0,0,0,1,0,0,1,1,0,0,1,0,0,0,0,0,0,0,0
2514,71,1,11,0,0,0,0,0,0,1,0,0,0,0,0,0,0,0,0,0,0,0,0,0,1,0,0,0,0,0,0,0,0,0,0,0,0,0,0,0,0,0,0,0,-1,0,0,0,0,-1,0,0,0,0,0,0,0,0,0,0,0,0,0,0,0,0,0,1,2,0,0,2,0,0,0,0,0,1,0,0,0,0,0,2,0,0,2,0,0,0,0,0,0,0,0,0,0,0,0,0,0,0,0,-2,0,0,-2,1,-2,0,0,-2,1,0,0,0,0,0,0,0,0,0,0,0,0,0,1,2,1,1,2,0,1,0,0,0,0,1,0,0,0,1,1,1,1,1,0,1,0,0,1,0,0,0,0,0,0,0,0,0,0,0,0,-1,-1,-2,1,1,-1,-1,-1,0,0,0,0,-1,1,1,0,0,0,0,0,0,0,0,1,0,0,0,2,0,0,0,1,0,0,0,0,0,0,0,1,0,0,0,1,0,0,0,0,0,0,0,0,0,0,0,-1,0,0,0,0,0,0,0,-1,0,0,0,0
2514,71,2,09,1,0,1,1,1,0,1,3,0,1,1,0,0,0,1,0,0,1,1,0,0,0,2,0,1,0,1,1,0,0,0,0,0,0,0,0,0,0,0,0,1,-1,-2,1,0,1,0,-2,0,0,0,-1,0,1,0,0,0,0,0,0,1,0,0,0,1,0,1,2,0,0,1,0,0,0,0,0,0,0,0,1,0,1,1,0,0,0,0,1,0,0,0,0,0,0,0,0,0,0,0,0,1,-1,-2,0,1,1,-1,-1,0,0,0,0,-1,0,1,0,0,0,0,0,0,0,1,3,0,2,1,3,2,1,0,0,0,0,0,0,0,1,3,0,2,1,2,1,0,0,0,1,1,1,0,0,0,0,0,0,0,0,0,0,-2,-1,-2,1,-1,-2,-1,-2,-1,0,0,0,0,2,-1,0,0,0,0,0,0,0,0,1,1,2,0,1,0,0,0,0,0,0,0,1,1,1,0,0,0,1,0,1,0,0,0,0,0,0,0,0,-1,-2,0,0,-1,-1,0,0,0,-1,0,0,0,0,0,0
2514,71,2,11,1,1,0,0,0,0,2,1,0,1,1,0,0,0,0,0,1,0,0,0,0,1,1,0,1,0,1,0,0,0,0,0,0,0,0,0,0,0,0,0,1,-1,-1,0,-1,1,-1,-1,0,-1,0,0,0,0,0,0,0,0,0,0,0,0,1,0,0,1,2,1,0,0,0,0,0,0,0,0,0,1,0,0,0,0,0,0,0,1,2,0,0,0,0,0,0,0,0,0,0,1,0,0,-1,-2,0,0,0,0,0,0,0,0,-1,-2,1,0,0,0,0,-1,0,0,0,1,0,0,0,1,1,0,0,0,0,0,0,0,0,0,0,0,0,0,0,0,0,0,0,0,0,0,0,0,0,1,0,0,0,1,1,0,0,0,-1,0,0,0,0,0,0,0,0,0,0,0,0,0,0,-1,0,0,0,0,4,0,1,0,0,1,0,0,1,0,1,0,3,0,0,0,0,0,0,0,0,1,0,0,0,0,0,0,0,0,0,0,4,-1,1,0,1,0,1,0,3,-1,0,0,0,0,0,0
2514,72,1,09,1,1,0,0,0,0,2,1,0,0,0,1,0,0,0,1,0,0,0,0,0,2,1,0,0,0,0,0,0,0,0,0,0,0,0,0,0,0,0,0,1,-1,-1,0,0,0,-1,-1,0,0,1,0,0,0,0,0,0,0,0,0,1,4,2,2,2,1,0,1,3,1,1,3,1,1,2,0,1,0,1,0,1,0,0,3,1,0,0,0,0,0,0,0,1,0,0,0,0,1,0,0,0,4,1,-1,1,0,3,1,-2,1,0,1,0,1,0,0,0,0,0,0,1,0,2,0,0,1,0,2,1,0,1,0,1,0,0,0,0,1,0,0,0,0,0,0,0,1,0,2,1,0,0,0,0,0,0,0,0,0,0,0,0,0,0,-1,0,1,0,1,0,0,-1,0,-1,-1,0,0,0,0,0,0,0,1,0,0,1,1,0,0,0,1,0,0,0,0,0,0,0,1,0,0,1,0,0,0,0,0,0,0,0,0,0,0,-1,0,0,0,0,0,0,0,-1,0,0,0,0,0,0,0
2514,72,1,11,0,0,0,1,0,0,0,0,0,0,0,0,0,0,0,0,0,0,0,0,0,0,0,0,0,0,0,0,0,0,0,0,0,1,0,0,0,0,0,0,0,0,0,1,0,0,0,0,0,0,0,0,0,0,0,0,0,0,1,0,1,0,1,0,1,0,0,2,0,0,1,0,0,0,1,0,0,1,0,0,0,0,0,0,0,0,0,1,0,0,0,0,0,0,0,0,0,1,0,0,1,0,-1,0,1,1,0,0,0,1,0,0,0,0,0,0,0,-1,0,0,0,2,0,0,0,1,1,0,2,2,0,2,0,0,0,0,0,0,0,0,1,1,0,2,1,0,0,0,0,1,0,0,0,0,0,0,0,0,0,0,-1,1,0,-2,-2,-1,1,0,-2,-1,0,0,0,0,-1,0,0,0,0,0,0,0,1,0,0,0,0,0,0,0,0,0,0,0,1,0,0,0,0,0,0,0,0,0,0,0,0,0,0,0,0,0,0,0,1,0,0,0,0,0,0,0,1,0,0,0,0,0
2514,72,2,09,1,1,0,0,0,1,0,0,0,0,1,1,0,0,0,0,0,0,0,0,0,0,0,0,0,1,0,0,0,0,0,0,0,0,0,0,0,0,0,0,0,1,0,0,0,1,1,0,0,0,-1,0,0,0,0,0,0,0,0,0,1,2,1,0,0,0,1,1,0,1,0,1,1,0,0,1,1,0,0,0,0,0,0,0,0,0,1,1,0,1,0,0,0,0,0,0,0,0,0,0,1,1,0,0,-1,0,1,1,0,0,1,0,-1,0,-1,0,0,0,0,0,1,0,4,0,0,1,0,2,0,4,1,0,4,0,0,0,0,0,0,0,1,0,1,0,1,0,0,1,0,3,0,0,0,0,0,0,0,0,0,0,0,0,2,0,-4,0,0,3,0,-1,0,0,-1,0,-3,0,0,0,0,0,2,0,2,1,3,0,1,1,2,0,0,1,0,0,2,0,1,0,0,1,2,0,1,0,0,0,0,0,0,0,0,0,-1,0,1,0,1,0,0,0,-2,0,1,0,0,0,0,0
2514,72,2,11,0,1,0,0,0,1,1,2,0,1,0,0,0,0,0,0,1,0,0,0,0,0,1,0,1,1,1,1,0,0,0,0,0,0,0,0,0,0,0,0,-1,0,-2,0,-1,0,0,-1,0,-1,-1,0,-1,0,0,0,0,0,0,0,2,1,0,1,1,0,0,0,0,1,2,1,0,1,1,0,0,0,0,0,0,0,0,0,0,0,0,0,0,0,0,0,0,0,0,0,0,0,0,1,2,1,0,1,0,2,1,0,1,1,0,0,0,0,0,0,0,0,0,-1,0,2,0,0,0,0,0,0,0,1,0,1,0,0,0,0,0,0,0,0,0,0,0,0,0,0,0,0,0,0,0,1,0,0,0,0,0,0,0,1,0,2,0,0,-1,0,1,0,0,0,0,0,0,0,0,0,1,0,0,-1,0,0,0,1,0,2,0,1,0,0,0,0,0,0,0,0,0,1,0,1,0,1,0,0,0,0,0,1,0,0,0,0,0,-2,0,0,0,-1,0,-1,0,-1,0,0,0,0,0,1
2514,73,1,09,2,1,1,0,0,0,0,3,0,0,1,1,1,0,0,1,0,0,0,0,0,0,3,0,0,0,0,0,0,0,0,0,0,0,0,0,0,0,0,0,2,1,-2,0,0,1,1,-2,0,0,1,0,0,0,0,0,0,0,0,0,0,1,1,0,1,1,1,1,1,0,0,1,1,0,1,0,0,0,0,0,1,0,0,1,0,0,1,1,0,0,0,0,0,0,0,0,0,0,0,0,-1,0,0,-1,1,-1,1,1,-1,1,0,-1,-1,0,0,0,0,0,0,0,5,1,1,1,2,4,2,3,1,0,3,1,0,1,1,2,0,0,0,1,1,2,2,0,0,3,0,1,1,0,0,0,1,0,0,0,0,0,0,0,1,-1,-2,0,2,2,-1,-2,1,1,-1,0,-1,-1,1,0,0,1,0,0,1,1,1,2,1,2,1,1,0,0,1,1,1,1,0,1,0,0,1,1,1,2,0,0,0,0,0,0,0,0,0,0,0,-1,0,1,0,0,0,0,0,-1,0,1,0,0,0,0
2514,73,1,11,0,0,0,0,0,1,0,0,0,0,0,0,0,0,0,0,0,0,0,0,0,0,0,0,0,0,0,0,0,0,0,0,0,0,0,1,0,0,0,0,-1,0,0,0,0,0,0,0,0,0,0,0,0,0,0,-1,0,0,0,0,0,0,1,0,0,0,0,1,0,1,0,0,1,0,0,0,0,0,0,0,0,0,0,0,0,0,0,1,0,0,0,0,0,0,0,0,0,0,0,1,0,0,0,0,-1,0,0,1,0,0,0,0,-1,0,0,0,0,0,0,-1,1,1,0,0,0,0,1,0,0,0,0,0,0,0,0,0,0,0,0,0,0,1,0,0,0,0,0,0,0,0,1,1,0,0,0,0,0,0,0,0,1,0,0,0,0,0,-1,0,0,0,0,0,0,0,0,1,1,0,0,0,1,0,0,0,0,1,0,0,1,0,0,0,0,0,0,0,0,0,0,0,0,0,0,0,0,0,0,0,0,1,0,0,1,-1,0,0,1,0,0,0,0,0,0,0,0,-1,0,0
2514,73,2,09,1,0,0,1,0,1,0,0,1,0,1,0,0,0,0,0,0,0,1,0,1,0,0,1,0,0,0,0,0,0,0,0,0,0,0,0,0,0,0,0,0,0,0,0,0,0,0,0,-1,0,0,0,0,1,0,0,0,0,0,0,1,0,0,1,0,1,1,3,0,1,1,0,0,1,0,0,0,0,0,0,1,0,1,0,0,0,1,2,0,1,0,0,0,0,0,0,0,0,0,0,0,-1,-3,1,-1,0,0,-1,1,0,0,-1,-2,0,-1,0,0,0,0,0,1,1,2,0,0,1,1,0,1,0,1,0,2,0,0,0,1,0,0,0,1,0,0,1,0,0,1,0,0,0,0,0,0,0,0,0,0,0,0,0,0,0,2,-1,0,0,0,2,-1,0,0,0,0,0,0,0,0,0,0,0,0,1,2,1,1,1,1,0,0,0,1,0,0,1,0,1,0,1,1,0,1,0,0,0,0,0,1,0,0,0,0,0,-1,0,1,1,0,-1,0,0,-1,1,0,1,0,0,1,0
2514,73,2,11,0,0,0,1,0,0,0,0,1,0,0,0,0,1,0,0,0,0,0,0,0,0,0,0,0,0,0,0,1,0,0,0,0,0,0,0,0,0,0,0,0,0,0,0,0,0,0,0,1,0,0,0,0,-1,0,0,0,0,0,0,0,0,0,0,0,0,1,1,0,1,0,0,0,0,0,0,0,0,0,0,0,0,0,0,1,0,1,0,0,0,0,0,0,0,0,0,0,1,0,0,0,-1,-1,0,-1,0,0,0,0,-1,0,-1,0,0,0,0,0,-1,0,0,0,0,1,1,0,3,3,1,2,1,0,0,0,0,0,0,0,0,0,0,3,1,0,0,1,0,0,1,1,0,0,0,1,1,0,0,2,0,1,0,-3,-3,0,-1,-1,-3,-1,0,0,-1,0,0,-1,-1,0,0,-2,1,0,0,0,0,2,2,0,0,0,0,0,0,0,1,0,0,2,0,0,0,0,0,0,0,0,0,0,0,0,1,0,0,0,0,0,0,2,2,0,0,0,1,0,0,2,0,0,0,0,1
2514,74,1,09,0,0,1,1,1,1,1,1,1,1,0,0,1,1,1,0,0,0,0,0,1,1,1,0,0,0,0,0,1,1,0,0,0,0,0,0,0,0,0,0,-1,-1,0,0,0,-1,-1,0,1,1,0,0,0,-1,-1,0,0,0,0,0,1,1,0,0,2,1,1,1,1,2,1,0,0,0,0,0,1,0,0,2,0,1,1,1,0,1,0,0,0,2,0,0,0,0,0,0,0,0,0,0,0,0,-1,-1,0,1,-1,-1,-1,0,-1,1,0,0,0,0,0,0,0,0,0,0,1,1,0,0,1,1,1,1,0,0,1,0,0,0,0,0,1,0,0,1,0,0,1,0,0,1,0,0,0,0,0,0,0,0,0,0,1,0,0,-1,0,0,-1,0,-1,1,0,-1,0,0,-1,1,0,0,0,0,-1,0,0,1,2,3,2,0,1,1,0,0,2,2,0,1,0,1,1,0,0,1,1,0,1,0,0,0,0,0,0,0,0,0,-2,1,1,2,-1,0,2,1,-1,1,-1,1,0,0,0,0
2514,74,1,11,0,1,0,0,1,0,1,0,0,0,0,1,0,0,0,0,0,0,0,1,0,1,0,0,0,0,0,0,0,0,0,0,0,0,0,0,0,0,0,0,0,0,0,0,1,0,0,0,0,0,0,0,0,0,1,0,0,0,0,0,0,0,1,0,0,1,0,1,0,0,0,0,1,0,0,0,0,0,0,0,0,0,0,0,0,0,0,1,0,0,0,0,0,0,0,1,0,0,0,0,-1,0,0,0,0,0,0,1,0,0,0,0,-1,0,0,-1,0,0,0,0,0,0,1,1,0,0,0,0,1,0,0,0,1,0,0,0,0,0,1,0,0,0,0,1,0,0,0,0,0,0,0,0,0,0,0,0,0,0,0,0,0,0,1,0,0,0,0,1,-1,0,0,0,0,1,0,0,0,0,0,0,0,1,0,0,0,0,0,0,0,0,0,0,0,1,0,0,0,0,0,0,0,0,0,0,0,0,0,0,0,0,0,0,0,1,0,0,0,0,0,0,0,1,0,0,0,0,0,0
2514,74,2,09,0,1,0,1,0,0,0,0,0,0,0,1,0,0,0,0,0,0,1,0,0,0,0,0,0,0,0,0,0,0,0,0,0,0,0,0,0,0,0,0,0,1,0,1,0,0,1,0,0,0,0,0,0,1,0,0,0,0,0,0,0,0,0,0,0,0,1,0,1,0,0,0,0,0,0,0,0,0,0,0,0,1,0,0,0,0,0,0,1,0,0,0,0,0,0,0,0,0,0,0,0,-1,0,-1,0,0,-1,0,0,0,0,0,0,-1,0,0,0,0,0,0,1,1,0,0,1,2,0,1,1,0,1,1,0,0,1,0,0,0,0,0,1,0,1,1,0,1,0,0,0,0,0,0,0,0,0,0,0,0,0,0,-1,1,-1,-1,1,0,1,-1,-1,1,-1,0,0,0,0,0,0,0,0,0,0,4,1,0,0,1,1,1,0,0,1,0,0,4,0,0,0,0,1,1,0,1,0,0,0,0,0,0,0,0,0,0,0,3,0,-1,0,0,0,-1,0,3,0,0,0,0,0,0
2514,74,2,11,0,0,1,1,1,1,0,1,1,0,0,0,0,1,0,0,0,0,0,1,0,0,0,0,0,1,0,1,1,0,0,0,1,0,0,0,0,0,0,0,-1,0,0,0,1,0,0,0,1,0,-1,0,-1,-1,1,0,0,1,0,0,0,0,0,0,0,0,0,0,0,0,0,0,0,0,0,0,0,0,0,0,0,0,0,0,0,0,0,0,0,0,0,0,0,0,0,0,0,0,0,0,0,0,0,0,0,0,0,0,0,0,0,0,0,0,0,0,0,0,0,0,0,0,1,1,2,0,0,1,2,0,0,0,1,0,0,0,0,0,0,1,0,0,1,0,0,0,0,0,0,0,0,0,0,1,1,0,0,0,2,0,0,0,0,-1,2,0,0,0,0,0,0,0,0,0,1,0,0,0,-1,1,0,0,0,1,0,0,1,0,0,0,0,0,0,0,0,1,0,0,0,0,0,0,1,0,0,0,0,0,0,0,0,0,0,0,-1,1,0,0,0,0,0,0,-1,1,0,0,0,0
2514,75,1,09,0,2,1,0,0,1,0,1,1,1,0,2,1,0,0,0,0,0,0,0,0,0,0,0,0,1,0,1,1,1,0,0,0,0,0,0,0,0,0,0,-1,2,0,-1,-1,0,2,1,0,0,-1,0,-1,-1,-1,0,0,0,0,0,1,0,2,1,3,1,1,2,1,0,0,0,2,1,1,1,0,0,0,2,1,1,2,0,0,0,0,0,1,0,0,0,0,0,0,0,0,0,0,0,0,-1,0,0,3,-1,-1,0,1,1,1,0,0,-1,2,0,0,0,0,0,0,2,0,1,0,2,0,1,1,2,0,1,0,1,0,0,1,0,0,0,2,0,0,0,0,0,0,1,1,2,0,0,0,0,0,0,0,0,0,0,-2,2,-1,0,-2,-2,1,0,1,0,0,1,-1,-1,-2,0,0,0,0,0,1,0,1,1,2,0,0,1,1,0,1,1,0,0,0,0,2,0,0,1,0,0,0,0,0,0,0,0,0,0,0,0,-1,0,1,0,-1,0,1,0,0,0,0,0,0,0,0,0
2514,75,1,11,1,0,1,1,0,0,1,1,0,0,0,0,0,0,0,0,0,0,1,0,0,0,1,0,0,0,0,0,0,0,1,0,1,0,0,0,1,0,0,0,1,-1,0,1,0,0,0,-1,0,0,0,0,0,1,0,1,-1,1,0,0,0,0,1,0,0,0,0,0,1,0,0,0,0,0,0,0,0,0,0,0,0,0,0,1,0,0,0,0,0,0,0,0,1,0,0,0,0,0,0,0,0,0,1,-1,0,0,0,0,-1,0,0,0,0,0,0,0,0,1,0,0,1,0,0,0,1,1,0,0,1,2,0,0,0,0,0,1,0,0,0,1,0,0,0,0,1,1,0,0,0,0,0,0,0,0,0,0,0,0,1,1,0,0,0,-1,-1,0,0,0,0,-1,0,0,0,0,1,0,0,0,-1,-1,0,1,1,0,0,0,0,1,0,0,1,0,0,1,0,0,0,0,0,0,0,0,0,0,0,0,0,0,0,0,0,1,0,1,1,-1,0,0,1,0,0,1,0,0,0,0,0,-1
2514,75,2,09,1,1,2,1,1,0,2,0,0,1,0,1,2,1,0,1,0,0,0,1,0,2,0,0,0,0,0,0,0,1,0,0,0,0,0,0,0,0,0,0,1,-1,2,1,0,0,-1,2,1,0,1,0,0,0,0,0,0,0,0,0,0,0,1,2,3,0,0,1,0,0,0,0,1,2,0,0,0,0,0,3,0,0,1,0,0,0,0,0,0,0,0,0,0,0,0,0,0,0,0,0,0,0,0,2,3,0,0,0,2,0,0,0,0,0,3,0,0,0,0,0,0,0,0,3,0,0,0,1,0,2,0,0,0,3,0,0,0,0,0,0,0,0,0,0,1,0,0,1,0,1,0,0,0,0,0,0,0,0,0,0,0,0,-1,3,-2,0,0,0,3,-1,0,0,-1,0,-1,0,0,0,0,0,0,0,1,2,1,0,1,1,0,0,0,2,0,0,1,0,1,0,0,1,0,0,1,0,0,0,0,0,0,0,0,0,-1,0,0,1,-1,0,0,1,0,0,0,0,0,0,0,0
2514,75,2,11,0,0,1,0,1,0,1,0,1,0,0,0,0,0,0,0,0,1,0,1,0,0,0,1,0,0,0,0,0,0,0,0,0,0,0,0,1,0,0,0,0,-1,1,-1,1,0,0,0,-1,0,0,0,1,0,1,0,-1,0,0,0,0,0,0,0,0,0,0,0,0,0,0,0,0,0,0,0,0,0,0,0,0,0,0,0,0,0,0,0,0,0,0,0,0,0,0,0,0,0,0,0,0,0,0,0,0,0,0,0,0,0,0,0,0,0,0,0,0,0,0,0,0,0,0,0,1,0,0,0,0,0,0,0,0,0,0,0,0,0,0,0,0,0,0,0,0,0,0,0,0,0,0,0,0,0,1,0,0,0,0,0,0,0,0,0,1,0,0,0,0,0,0,0,0,0,0,0,0,0,0,1,0,0,0,0,2,0,1,0,0,0,0,0,0,0,0,0,1,0,1,0,1,0,0,0,0,0,0,0,0,0,0,0,-2,0,-1,0,-1,0,-1,0,-1,0,0,0,0,0,0,0
2514,76,1,09,1,0,1,2,0,0,0,0,0,0,1,0,0,1,0,0,0,1,1,0,0,0,0,0,0,0,0,0,0,0,0,0,0,0,0,0,0,0,0,0,1,0,1,2,0,1,0,0,1,0,0,0,1,1,0,0,0,0,0,0,1,2,0,2,0,0,1,0,1,0,1,0,0,2,0,0,2,0,0,0,0,1,0,1,0,0,0,0,0,0,0,0,0,0,0,0,0,0,0,0,1,1,0,1,0,1,-1,0,1,0,0,2,0,0,0,0,0,0,0,0,0,1,0,1,0,2,1,0,1,1,0,0,0,0,0,0,1,0,1,0,1,0,0,1,1,1,1,0,0,0,0,0,0,0,0,0,0,0,0,0,-2,0,0,0,-1,-1,0,0,-1,-1,-1,0,0,1,0,0,0,0,0,0,1,1,1,1,0,1,0,1,1,1,1,0,0,0,0,1,0,0,0,1,0,1,0,0,0,0,0,0,0,0,0,0,1,0,1,0,1,1,1,-1,0,-1,0,1,0,0,0,0
2514,76,1,11,0,0,0,0,0,0,0,0,0,0,0,0,0,0,0,0,0,0,0,0,0,0,0,0,0,0,0,0,0,0,0,0,0,0,0,0,0,0,0,0,0,0,0,0,0,0,0,0,0,0,0,0,0,0,0,0,0,0,0,0,0,0,0,0,0,0,0,0,0,1,0,0,0,0,0,0,0,0,0,0,0,0,0,0,1,0,0,0,0,0,0,0,0,0,0,0,0,0,0,0,0,0,0,0,-1,0,0,0,0,-1,0,0,0,0,0,0,0,0,0,0,2,0,0,0,1,0,0,0,0,0,1,0,0,0,0,1,0,0,0,1,0,0,0,0,0,0,0,0,0,0,0,0,0,0,0,0,0,0,0,0,2,0,0,0,1,1,0,0,0,0,1,0,0,0,1,0,0,0,0,0,0,1,0,0,1,2,0,0,0,1,0,0,0,0,0,0,1,1,0,0,0,1,0,0,0,0,0,0,0,0,0,0,-1,-1,0,0,-1,0,0,0,0,-1,0,0,0,0,0,0
2514,76,2,09,0,2,2,0,0,1,1,2,0,1,0,2,1,0,0,0,0,1,0,0,1,1,2,0,1,0,0,0,0,0,0,0,0,0,0,0,0,0,0,0,-1,1,0,0,-1,-1,1,-1,0,-1,0,0,1,0,0,0,0,0,0,0,0,2,0,0,0,1,0,1,2,0,0,2,0,0,0,0,0,0,0,0,1,0,1,0,0,0,0,0,2,0,0,0,0,0,0,0,0,0,0,0,-1,2,-1,-2,0,-1,2,-1,0,0,0,0,0,-2,0,0,0,0,0,0,1,0,0,1,0,0,1,1,5,1,1,0,0,1,0,0,0,0,0,0,0,0,1,3,1,0,1,0,2,0,0,0,0,0,0,0,0,0,0,0,1,-1,-1,-4,-1,1,0,-1,-2,-1,0,-1,0,-2,0,0,0,0,0,0,1,2,1,2,1,0,1,2,0,2,1,1,1,0,0,1,0,0,0,0,1,0,1,2,0,0,0,0,0,0,0,0,0,2,0,0,0,2,1,1,0,0,-1,-1,0,0,0,0
2514,76,2,11,0,0,0,0,0,0,0,0,0,0,0,0,0,0,0,0,0,0,0,0,0,0,0,0,0,0,0,0,0,0,0,0,0,0,0,0,0,0,0,0,0,0,0,0,0,0,0,0,0,0,0,0,0,0,0,0,0,0,0,0,0,0,0,0,0,1,0,0,0,0,0,0,0,0,0,0,0,0,0,0,1,0,0,0,0,0,0,0,0,0,0,0,0,0,0,0,0,0,0,0,-1,0,0,0,0,-1,0,0,0,0,0,0,0,0,0,0,0,0,0,0,0,1,0,0,0,1,1,0,0,0,0,0,0,0,0,0,0,0,0,0,1,0,0,0,0,0,1,0,0,0,0,1,0,0,0,0,0,0,0,0,-1,0,0,0,0,-1,0,0,0,0,0,-1,0,0,0,0,1,0,0,0,0,0,0,1,0,1,1,1,0,0,0,0,0,0,0,0,0,1,0,0,0,0,1,0,0,0,0,1,0,0,0,1,0,-1,-1,0,0,-1,0,0,0,0,-1,0,0,0,0,0
2514,77,1,09,1,1,0,0,1,2,0,0,0,0,1,1,0,0,1,0,0,0,0,0,2,0,0,0,0,0,0,0,0,0,0,0,0,0,0,0,0,0,0,0,-1,1,0,0,1,-1,1,0,0,1,0,0,0,0,0,0,0,0,0,0,0,3,1,1,0,0,0,0,1,0,0,1,1,1,0,0,2,0,0,0,0,0,0,1,0,0,0,0,0,0,0,0,0,0,0,0,0,0,0,0,0,3,1,0,0,0,1,1,0,0,0,2,0,0,0,0,0,0,0,0,0,1,1,0,0,0,1,1,1,1,0,1,1,0,0,0,0,0,0,0,0,1,1,1,0,0,0,0,0,1,0,0,0,0,0,0,0,0,0,0,0,0,0,-1,-1,0,0,0,-1,0,0,0,0,0,-1,0,0,0,0,0,2,0,0,0,0,0,2,0,1,0,0,0,1,0,0,0,0,0,2,0,0,0,0,0,0,0,0,0,0,0,0,0,2,0,-2,0,1,0,-2,0,1,0,0,0,0,0,0,0
2514,77,1,11,0,0,0,0,0,0,0,0,0,0,0,0,0,0,0,0,0,0,0,0,0,0,0,0,0,0,0,0,0,0,0,0,0,0,0,0,0,0,0,0,0,0,0,0,0,0,0,0,0,0,0,0,0,0,0,0,0,0,0,0,1,0,0,0,0,0,1,0,1,0,0,0,0,0,0,1,0,0,0,0,0,0,0,1,0,0,1,0,0,0,0,0,0,0,0,0,0,0,0,0,1,-1,0,-1,0,0,0,0,-1,0,1,-1,0,0,0,0,0,0,0,0,0,0,0,0,0,0,0,1,1,0,0,0,0,0,0,0,0,0,0,0,0,0,1,0,0,0,0,0,1,0,0,0,0,0,0,0,0,0,0,0,0,0,-1,-1,0,0,0,-1,0,0,0,0,0,-1,0,0,0,0,0,0,0,0,0,0,1,0,0,0,0,0,0,0,0,0,0,0,1,0,0,0,0,0,0,0,0,0,0,0,0,0,0,0,-1,0,0,0,-1,0,0,0,0,0,0,0,0,0,0,0
2514,77,2,09,0,3,0,0,0,0,1,1,0,0,0,1,0,0,0,0,2,0,0,0,0,0,1,0,0,0,1,0,0,0,0,0,0,0,0,0,0,0,0,0,0,2,-1,0,0,0,1,-1,0,0,0,1,0,0,0,0,0,0,0,0,2,0,1,0,1,0,1,0,1,2,1,0,1,0,1,1,0,0,0,0,0,0,0,1,2,0,1,0,0,0,0,0,0,0,0,0,0,0,0,0,2,-1,1,-1,-1,1,0,1,-1,-1,1,-1,0,0,0,0,0,0,0,0,2,2,1,0,0,0,1,0,1,0,1,1,0,0,0,1,1,1,0,0,0,0,0,0,0,0,1,0,1,0,0,0,0,0,0,0,0,0,0,0,2,1,1,-1,0,1,1,0,0,0,1,0,1,-1,0,0,0,0,0,0,2,0,0,1,1,0,2,1,2,0,0,0,0,0,0,1,0,0,2,0,1,0,0,1,0,0,0,0,0,0,0,0,1,0,-2,0,2,0,-2,0,-1,0,0,0,0,0,0,0
2514,77,2,11,0,0,0,1,1,0,1,0,0,1,0,0,0,1,1,0,0,0,0,0,0,0,0,0,1,0,1,0,0,0,0,0,0,0,0,0,0,0,0,0,0,-1,0,1,0,0,0,0,1,0,0,-1,0,0,0,0,0,0,0,0,1,0,0,0,0,1,0,0,0,0,0,0,0,0,0,0,0,0,0,0,0,0,0,0,0,0,0,0,0,0,1,0,0,0,0,1,0,0,0,0,0,0,0,0,0,0,0,0,0,0,0,0,0,0,0,0,0,0,0,0,0,0,0,0,0,1,0,1,1,0,0,0,0,0,0,0,0,0,0,0,1,0,0,0,0,0,0,0,1,0,0,0,0,0,0,0,0,1,0,0,-1,0,-1,-1,0,-1,0,0,0,0,0,0,0,-1,0,0,0,-1,0,0,0,0,0,0,0,1,0,0,0,0,0,0,0,0,0,0,0,0,0,0,0,1,0,0,0,0,0,0,0,0,0,0,0,-1,0,0,0,0,0,0,0,-1,0,0,0,0,0,0
2514,78,1,09,0,0,0,0,0,2,1,0,0,0,0,0,0,0,0,0,0,0,0,0,1,0,0,0,0,1,1,0,0,0,0,0,0,0,0,0,0,0,0,0,-2,-1,0,0,0,-1,0,0,0,0,-1,-1,0,0,0,0,0,0,0,0,0,0,0,0,0,0,0,2,1,0,0,0,0,0,0,0,0,0,0,0,0,0,2,0,0,0,0,0,1,0,0,0,0,0,0,0,0,0,0,0,0,0,-2,-1,0,0,0,-2,0,0,0,0,0,-1,0,0,0,0,0,0,2,1,0,1,0,1,0,0,0,0,2,1,0,1,0,0,0,0,0,0,1,0,0,0,0,0,0,0,0,0,0,0,0,0,0,0,0,0,0,0,1,1,0,1,0,1,1,0,1,0,0,0,0,0,0,0,0,0,0,0,1,1,1,0,1,0,1,1,1,0,0,0,0,1,1,0,0,0,0,1,1,0,1,0,0,0,0,0,0,0,0,0,0,1,0,-1,1,0,0,-1,-1,1,0,0,0,0,0,0
2514,78,1,11,0,0,0,0,0,0,0,0,1,0,0,0,0,0,0,0,0,0,0,0,0,0,0,0,0,0,0,0,1,0,0,0,0,0,0,0,0,0,0,0,0,0,0,-1,0,0,0,0,0,0,0,0,0,-1,0,0,0,0,0,0,0,0,0,0,0,1,0,0,0,0,0,0,0,0,0,0,0,0,0,0,0,0,0,0,0,0,0,0,0,0,0,0,0,0,0,1,0,0,0,0,-1,0,0,0,0,0,0,0,0,0,0,0,0,0,0,-1,0,0,0,0,0,0,0,0,0,0,0,0,0,0,0,0,0,0,0,0,0,0,0,0,0,0,0,0,0,0,0,0,0,0,0,0,0,0,0,0,0,0,0,0,0,0,0,0,0,0,0,0,0,0,0,0,0,0,0,0,0,0,0,0,0,0,0,0,0,1,1,1,0,0,0,0,0,0,0,0,0,1,0,1,0,0,1,0,0,0,0,0,0,0,0,0,0,-1,-1,-1,0,-1,0,-1,0,0,-1,0,0,0,0,0
2514,78,2,09,0,0,0,2,2,2,0,0,0,0,0,0,0,1,1,0,0,0,1,1,0,0,0,0,0,2,0,0,0,0,0,0,0,0,0,0,0,0,0,0,-2,0,0,2,2,0,0,0,1,1,-2,0,0,1,1,0,0,0,0,0,0,0,2,0,0,1,0,0,3,0,0,0,1,0,0,0,0,1,0,0,0,0,0,3,0,1,0,0,0,0,0,0,0,0,0,0,0,0,0,0,-1,0,2,-3,0,0,0,1,-3,0,-1,0,1,0,0,0,0,0,0,0,2,1,0,1,0,1,0,1,0,0,2,0,0,1,0,0,1,0,0,0,1,0,0,0,0,0,0,1,0,0,0,0,0,0,0,0,0,0,0,0,1,1,-1,1,0,1,0,0,1,0,0,1,-1,0,0,0,0,0,0,0,2,0,1,0,1,0,0,2,1,0,1,0,1,0,0,0,0,0,0,1,1,0,0,1,0,0,0,0,0,0,0,0,1,0,1,-2,1,0,1,-1,0,0,0,-1,0,0,0,0
2514,78,2,11,0,0,0,0,0,1,0,0,0,0,0,0,0,0,0,0,0,0,0,0,1,0,0,0,0,0,0,0,0,0,0,0,0,0,0,0,0,0,0,0,-1,0,0,0,0,-1,0,0,0,0,0,0,0,0,0,0,0,0,0,0,0,1,1,0,0,2,3,0,1,0,0,1,0,0,0,0,0,0,0,0,1,3,0,0,0,0,0,0,0,0,0,0,1,0,0,1,0,0,1,0,-2,-2,1,-1,0,-1,-2,0,0,0,0,0,0,0,0,-1,0,1,-1,0,0,0,0,0,0,0,0,0,0,0,0,0,0,0,0,0,0,0,0,0,0,0,0,0,0,0,0,0,0,0,0,0,0,0,0,0,0,0,0,0,0,0,0,0,0,0,0,0,0,0,0,0,0,0,0,0,0,0,0,0,0,0,1,0,0,0,0,0,0,0,0,0,0,0,1,0,0,0,0,0,0,0,0,0,0,0,0,0,0,0,0,0,0,0,1,0,0,0,0,0,0,0,1,0,0,0,0,0
2514,79,1,09,0,1,0,0,0,0,0,0,1,4,0,1,0,0,0,0,0,0,0,0,0,0,0,1,2,0,0,0,0,2,0,0,0,0,0,0,0,0,0,0,0,1,0,-1,-4,0,1,0,-1,-2,0,0,0,0,-2,0,0,0,0,0,1,0,0,3,2,0,0,0,3,0,1,0,0,3,2,0,0,0,0,0,0,0,0,2,0,0,0,0,1,0,0,0,0,0,0,0,0,0,0,0,1,0,0,0,2,1,0,0,1,2,0,0,0,-1,0,0,0,0,0,0,0,0,0,1,0,0,0,1,0,0,0,0,0,1,0,0,0,0,0,0,0,0,1,0,0,0,0,0,0,0,0,0,0,0,0,0,0,0,0,0,0,0,-1,1,0,0,0,-1,1,0,0,0,0,0,0,0,0,0,0,0,0,0,1,1,0,0,0,0,0,0,0,1,0,0,1,0,0,0,0,0,0,0,0,0,0,0,0,0,0,0,0,0,0,0,1,1,0,0,0,1,0,0,1,0,0,0,0,0
2514,79,1,11,0,1,0,0,0,0,0,0,0,0,0,1,0,0,0,0,0,0,0,0,0,0,0,0,0,0,0,0,0,0,0,0,0,0,0,0,0,0,0,0,0,1,0,0,0,0,1,0,0,0,0,0,0,0,0,0,0,0,0,0,0,0,0,0,0,0,0,0,0,0,0,0,0,0,0,0,0,0,0,0,0,0,0,0,0,0,0,0,0,0,0,0,0,0,0,0,0,0,0,0,0,0,0,0,0,0,0,0,0,0,0,0,0,0,0,0,0,0,0,0,0,0,0,0,0,0,0,1,0,0,0,0,0,0,0,0,0,0,0,0,0,0,0,0,0,0,0,0,0,0,0,0,0,0,0,0,0,1,0,0,0,0,-1,0,0,0,0,0,0,0,0,0,0,0,0,0,0,-1,0,0,0,0,0,0,0,0,0,0,0,0,0,0,0,0,0,0,0,0,0,0,0,0,0,0,0,0,0,0,0,0,0,0,0,0,0,0,0,0,0,0,0,0,0,0,0,0,0,0
2514,79,2,09,0,1,1,0,0,0,0,0,0,1,0,1,1,0,0,0,0,0,0,0,0,0,0,0,1,0,0,0,0,0,0,0,0,0,0,0,0,0,0,0,0,1,1,0,-1,0,1,1,0,-1,0,0,0,0,0,0,0,0,0,0,0,1,0,1,0,2,0,1,1,0,0,1,0,1,0,0,0,0,0,0,0,0,1,1,0,2,0,0,0,0,0,0,0,0,0,0,0,0,0,0,-2,1,-1,0,0,0,1,-1,0,0,-2,0,0,0,0,0,0,0,0,0,1,1,2,2,0,0,2,1,1,0,0,1,2,2,0,1,0,0,0,0,0,1,0,0,0,0,1,1,1,0,0,0,0,0,0,0,0,0,0,0,1,-1,1,1,0,0,0,2,2,0,1,-1,-1,-1,0,0,0,0,0,0,0,0,0,0,1,1,1,1,0,0,0,0,0,0,0,0,1,1,1,1,0,0,0,0,0,0,0,0,0,0,0,0,-1,-1,-1,-1,-1,-1,-1,-1,0,0,0,0,0,0,0,0
2514,79,2,11,1,0,0,0,0,0,0,0,0,0,0,0,0,0,0,1,0,0,0,0,0,0,0,0,0,0,0,0,0,0,0,0,0,0,0,0,0,0,0,0,1,0,0,0,0,0,0,0,0,0,1,0,0,0,0,0,0,0,0,0,0,0,2,0,1,1,0,2,0,0,0,0,2,0,1,0,0,0,0,0,1,0,1,0,0,0,0,0,0,0,0,0,0,0,0,0,0,1,0,0,-1,0,0,0,1,-1,0,1,0,1,0,0,0,0,0,0,0,-1,0,0,1,0,0,0,0,0,0,0,0,1,1,0,0,0,0,0,0,0,0,0,0,0,0,0,1,0,0,0,0,0,0,0,0,0,0,0,0,0,0,0,1,0,0,0,-1,1,0,0,0,-1,0,0,0,0,0,0,0,0,0,0,0,0,0,0,0,0,0,0,0,0,0,0,0,0,0,0,0,0,0,0,0,0,0,0,0,0,0,0,0,0,0,0,0,0,0,0,0,0,0,0,0,0,0,0,0,0,0,0
2580,80,1,09,2,1,1,1,1,0,1,0,2,0,2,0,1,1,1,0,1,0,0,0,0,0,0,1,0,0,1,0,1,0,0,0,0,0,0,0,0,0,0,0,2,0,1,-1,1,2,0,1,0,1,0,0,0,-1,0,0,0,0,0,0,3,1,2,0,0,3,2,1,0,0,2,0,1,0,0,1,1,1,0,0,1,1,0,0,0,2,1,1,0,0,0,0,0,0,0,0,0,0,0,0,0,-1,1,0,0,1,-1,1,0,0,-1,0,0,0,0,0,0,0,0,0,4,1,2,0,2,2,0,3,2,3,4,1,2,0,1,0,0,0,0,1,0,0,3,1,1,2,0,0,1,2,0,0,0,0,0,0,0,0,0,0,2,1,-1,-2,-1,4,1,-1,-1,0,-2,0,0,-1,-1,0,0,0,0,0,3,0,2,2,0,2,1,0,2,0,2,2,1,0,0,0,0,0,1,0,0,2,0,0,0,0,0,0,0,0,0,0,3,-2,1,2,2,0,1,2,1,-2,0,0,0,0,0,0
2580,80,1,11,0,1,0,0,0,0,0,0,0,0,0,0,0,0,0,0,0,0,0,0,0,0,0,0,0,0,0,0,0,0,0,1,0,0,0,0,0,0,0,0,0,1,0,0,0,0,0,0,0,0,0,0,0,0,0,0,1,0,0,0,0,0,0,0,0,0,0,2,0,1,0,0,0,0,0,0,0,0,0,0,0,0,0,0,0,0,0,0,0,1,0,0,0,0,0,0,0,2,0,0,0,0,-2,0,-1,0,0,0,0,0,0,0,0,0,-1,0,0,-2,0,0,0,0,0,0,0,0,0,0,0,0,0,0,0,0,0,0,0,0,0,0,0,0,0,0,0,0,0,0,0,0,0,0,0,0,0,0,0,0,0,0,0,0,0,0,0,0,0,0,0,0,0,0,0,0,0,0,0,0,0,0,0,0,1,1,1,0,1,1,0,0,1,0,0,0,0,0,0,0,1,0,0,0,0,0,0,0,0,1,1,0,0,1,-1,0,0,0,0,0,0,0,0,0,0,0,-1,0,0,0
2580,80,2,09,1,0,3,2,3,1,2,3,1,0,1,0,2,1,3,0,0,1,1,0,0,0,2,0,0,1,2,1,1,0,0,0,0,0,0,0,0,0,0,0,0,-2,0,1,3,1,0,0,1,3,-1,-2,0,0,0,0,0,0,0,0,0,0,0,0,0,2,2,3,1,2,0,0,0,0,0,0,0,0,0,0,0,1,2,1,1,2,1,1,0,1,0,0,0,0,0,0,0,0,0,0,-2,-2,-3,-1,-2,0,-1,-2,-1,-1,-2,-1,-1,0,-1,0,0,0,0,0,0,4,2,2,2,0,4,1,1,2,0,3,2,2,1,0,1,0,0,1,0,1,1,1,2,0,3,0,0,0,0,0,0,0,0,0,0,0,0,0,0,0,1,1,0,0,2,1,1,-1,0,-2,0,0,1,0,0,0,0,0,2,1,1,2,4,2,3,4,1,0,1,1,1,1,0,1,0,0,2,3,4,2,1,1,0,0,0,0,0,0,0,0,-2,-1,-2,-2,1,0,-1,-2,-3,-1,-1,0,0,0,0,0
2580,80,2,11,1,2,0,0,1,0,0,0,0,0,0,1,0,0,0,1,1,0,0,0,0,0,0,0,0,0,0,0,0,0,0,0,0,0,1,0,0,0,0,0,1,2,0,0,1,0,1,0,0,0,1,1,0,0,0,0,0,0,0,1,0,1,0,0,0,0,0,0,0,0,0,1,0,0,0,0,0,0,0,0,0,0,0,0,0,0,0,0,0,0,0,0,0,0,0,0,0,0,0,0,0,1,0,0,0,0,1,0,0,0,0,0,0,0,0,0,0,0,0,0,0,2,0,1,0,0,0,0,0,0,0,1,0,0,0,0,0,0,0,0,0,0,0,0,0,0,0,0,0,0,0,1,0,1,0,0,0,0,0,0,0,2,0,1,0,0,1,0,0,0,0,0,0,0,0,0,1,0,1,0,1,0,0,0,0,0,0,0,0,0,0,0,1,0,0,0,0,0,0,0,0,0,0,0,0,0,0,0,0,0,0,0,1,0,0,0,0,0,0,0,1,0,0,0,0,0,0,0
2580,81,1,09,1,1,0,2,3,0,1,0,3,0,1,0,0,1,3,0,1,0,0,0,0,1,0,3,0,0,0,0,0,0,0,0,0,1,0,0,0,0,0,0,1,0,0,-1,3,1,-1,0,-2,3,0,1,0,0,0,0,0,0,1,0,1,0,1,1,1,0,0,1,0,0,1,0,1,1,1,0,0,0,0,0,0,0,0,0,0,0,0,1,0,0,0,0,0,0,0,0,0,0,0,0,1,0,0,1,1,1,0,1,1,1,0,0,-1,0,0,0,0,0,0,0,0,2,1,1,1,0,3,1,1,1,0,2,1,1,1,0,0,0,0,0,0,3,1,1,1,0,0,0,0,0,0,0,0,0,0,0,0,0,0,0,0,-1,0,0,0,0,-1,0,0,0,0,0,0,0,0,0,0,0,0,0,1,3,1,0,3,2,2,1,1,2,1,0,0,1,0,0,2,0,1,1,1,2,1,0,0,0,0,0,0,0,0,0,-2,1,-1,-1,-1,2,0,-1,-1,-1,-1,0,0,0,0,0
2580,81,1,11,0,0,1,0,0,0,0,0,0,0,0,0,1,0,0,0,0,0,0,0,0,0,0,0,0,0,0,0,0,0,0,0,0,0,0,0,0,0,0,0,0,0,1,0,0,0,0,1,0,0,0,0,0,0,0,0,0,0,0,0,0,0,0,0,0,0,0,0,0,0,0,0,0,0,0,0,0,0,0,0,0,0,0,0,0,0,0,0,0,0,0,0,0,0,0,0,0,0,0,0,0,0,0,0,0,0,0,0,0,0,0,0,0,0,0,0,0,0,0,0,0,0,0,0,0,1,0,0,0,0,0,0,0,0,0,0,0,0,0,0,0,0,0,0,0,1,0,0,0,0,0,0,0,0,0,0,0,0,0,0,-1,0,0,0,0,0,0,0,0,0,-1,0,0,0,0,0,0,0,0,0,0,2,1,0,0,0,0,0,0,0,1,0,0,0,0,0,0,0,0,0,0,0,0,0,0,2,0,0,0,0,0,0,0,2,1,0,0,0,1,0,0,0,0,0,0,2,0,0
2580,81,2,09,1,3,1,3,0,1,2,2,3,2,1,1,1,2,0,0,2,0,1,0,1,0,0,1,0,0,2,2,2,2,0,0,0,0,0,0,0,0,0,0,0,1,-1,0,-2,0,1,1,1,0,0,0,-2,-1,-2,0,0,0,0,0,3,3,2,2,2,0,2,1,1,1,3,3,2,2,2,0,0,0,0,0,0,1,1,1,1,0,1,0,0,0,0,0,0,0,0,0,0,0,0,0,3,1,1,1,1,3,2,1,1,1,0,-1,0,0,0,0,0,0,0,0,0,4,2,1,4,0,1,0,0,4,0,2,2,1,2,0,2,0,0,2,0,0,0,0,0,0,1,0,0,4,0,0,0,0,0,0,0,0,0,0,0,3,2,1,0,0,2,2,1,2,0,1,0,0,-2,0,0,0,0,0,2,3,1,0,2,1,3,1,2,1,1,0,0,2,0,0,2,0,1,0,0,1,2,1,0,0,0,0,0,0,0,0,0,2,-2,-1,0,1,0,0,0,1,-2,-1,0,0,0,0
2580,81,2,11,1,3,0,0,1,0,0,0,0,1,1,2,0,0,0,0,0,0,0,0,0,0,0,0,1,0,0,0,0,0,0,1,0,0,1,0,0,0,0,0,1,3,0,0,0,1,2,0,0,-1,0,0,0,0,0,0,1,0,0,1,0,0,0,0,0,0,0,0,0,0,0,0,0,0,0,0,0,0,0,0,0,0,0,0,0,0,0,0,0,0,0,0,0,0,0,0,0,0,0,0,0,0,0,0,0,0,0,0,0,0,0,0,0,0,0,0,0,0,0,0,0,0,1,0,0,0,0,1,0,0,0,0,0,0,0,0,0,0,0,0,0,0,0,0,0,0,0,1,0,0,0,0,1,0,0,0,0,0,0,0,0,0,0,0,0,0,0,0,0,0,0,0,-1,0,0,0,0,1,0,0,0,0,1,0,1,1,1,0,0,0,1,0,0,0,0,0,0,0,0,0,0,1,1,0,0,0,0,0,1,0,0,0,-1,-1,0,0,0,0,1,0,0,-1,-1,0,-1,0,0,0
2580,82,1,09,1,0,1,2,1,1,0,1,0,0,0,0,0,0,1,1,0,1,2,0,1,0,1,0,0,0,0,0,0,0,0,0,0,0,0,0,0,0,0,0,0,0,0,2,1,-1,0,-1,0,1,1,0,1,2,0,0,0,0,0,0,2,3,1,1,2,1,3,0,1,1,2,0,0,1,2,0,3,0,0,0,0,1,0,0,1,1,2,0,1,0,0,0,1,0,0,0,0,0,0,0,1,0,1,0,1,2,-1,0,1,1,-1,1,0,-1,0,0,0,1,0,0,0,1,1,3,1,2,1,1,1,1,0,1,1,3,1,0,0,0,0,0,1,0,1,1,0,1,1,0,0,1,0,0,0,0,0,0,0,0,0,0,-2,0,0,2,0,-1,1,0,2,1,-1,-1,0,0,-1,0,0,0,0,0,3,1,1,2,1,2,2,2,1,0,0,1,2,1,1,1,1,1,2,1,0,1,0,1,0,0,0,0,0,0,0,0,2,-1,-1,0,0,-1,-2,0,2,0,1,0,0,0,0,0
2580,82,1,11,0,0,0,0,0,0,0,0,0,0,0,0,0,0,0,0,0,0,0,0,0,0,0,0,0,0,0,0,0,0,0,0,0,0,0,0,0,0,0,0,0,0,0,0,0,0,0,0,0,0,0,0,0,0,0,0,0,0,0,0,0,0,0,0,0,1,0,0,0,0,0,0,0,0,0,0,0,0,0,0,0,0,0,0,0,1,0,0,0,0,0,0,0,0,0,0,0,0,0,0,-1,0,0,0,0,0,0,0,0,0,-1,0,0,0,0,0,0,0,0,0,0,0,0,0,0,1,0,0,0,0,0,0,0,0,0,0,0,0,0,0,0,0,0,0,0,1,0,0,0,0,0,0,0,0,0,0,0,0,0,0,-1,0,0,0,0,0,0,0,0,0,-1,0,0,0,0,0,0,0,0,0,0,0,0,1,0,1,0,0,0,0,0,0,0,0,0,0,0,1,0,0,0,0,0,0,0,0,0,1,0,0,0,0,0,-1,0,1,0,-1,0,0,0,0,0,0,0,0,0,1
2580,82,2,09,2,0,2,0,2,0,2,1,2,1,2,0,2,0,1,0,0,0,0,1,0,2,0,0,1,0,0,1,2,0,0,0,0,0,0,0,0,0,0,0,2,-2,1,-2,1,2,-2,2,0,0,0,0,-1,-2,1,0,0,0,0,0,2,1,3,1,1,2,0,2,0,2,2,0,2,0,1,0,1,1,1,0,1,0,1,0,1,1,0,1,0,1,0,0,0,0,0,0,0,0,0,0,0,1,1,1,-1,1,0,1,0,0,-1,1,0,1,-1,0,0,0,0,0,1,1,3,2,3,1,0,1,3,3,1,1,2,0,0,0,0,1,1,3,1,0,1,2,3,0,0,0,1,0,0,0,0,1,0,0,0,0,0,0,0,1,2,-1,0,0,1,1,-2,-3,0,0,1,0,3,0,0,0,1,0,4,1,2,2,2,2,3,4,2,1,2,1,2,0,0,1,2,1,3,1,0,1,0,3,0,0,0,0,0,0,0,0,2,-1,-1,-2,0,0,-1,0,2,-1,0,-2,0,0,0,0
2580,82,2,11,0,0,0,0,0,0,0,0,1,0,0,0,0,0,0,0,0,0,0,0,0,0,0,1,0,0,0,0,0,0,0,0,0,0,0,0,0,0,0,0,0,0,0,-1,0,0,0,0,-1,0,0,0,0,0,0,0,0,0,0,0,0,0,0,0,0,1,0,0,1,0,0,0,0,0,0,0,0,0,0,0,1,0,0,0,0,0,0,0,1,0,0,0,0,0,0,0,0,0,0,0,-1,0,0,-1,0,-1,0,0,0,0,0,0,0,-1,0,0,0,0,0,0,0,0,0,0,0,0,0,0,0,0,0,0,0,0,0,0,0,0,0,0,0,0,0,0,0,0,0,0,0,0,0,0,0,0,0,0,0,0,0,0,0,0,0,0,0,0,0,0,0,0,0,0,0,0,0,0,0,0,0,0,0,0,0,0,0,0,1,1,0,0,0,0,0,0,0,0,0,0,1,0,0,0,0,0,0,0,0,0,0,0,0,1,0,0,-1,-1,0,0,-1,0,0,0,0,0,0,0,0,-1
2580,83,1,09,1,2,0,2,2,0,4,1,1,1,1,2,0,2,1,0,0,0,0,1,0,3,1,0,0,0,1,0,1,1,0,0,0,0,0,0,0,0,0,0,1,-2,-1,1,1,1,-1,-1,2,1,0,-1,0,-1,0,0,0,0,0,0,2,0,0,1,1,1,1,2,0,0,2,0,0,1,0,0,0,0,0,1,0,1,0,0,0,1,0,2,0,0,0,0,0,0,0,0,0,0,0,0,1,-1,-2,1,1,2,-1,0,1,0,-1,0,-2,0,1,0,0,0,0,0,1,1,1,3,2,1,2,2,1,0,0,1,1,3,2,1,0,0,0,0,1,2,2,1,0,0,0,0,0,0,0,0,0,0,0,0,0,0,0,0,0,-1,-1,2,2,-1,-1,-1,2,2,1,0,0,0,0,0,0,0,0,0,3,4,0,1,2,2,0,1,2,4,0,1,1,0,0,0,0,0,0,0,2,2,0,1,0,0,0,0,0,0,0,0,1,2,0,0,2,4,0,1,-1,-2,0,-1,0,0,0,0
2580,83,1,11,0,0,0,0,0,0,0,0,1,1,0,0,0,0,0,0,0,0,0,0,0,0,0,0,1,0,0,0,0,0,0,0,0,0,0,0,0,0,1,0,0,0,0,-1,-1,0,0,0,0,-1,0,0,0,0,0,0,0,0,-1,0,0,0,0,0,0,0,0,0,0,0,0,0,0,0,0,0,0,0,0,0,0,0,0,0,0,0,0,0,0,0,0,0,0,0,0,0,0,0,0,0,0,0,0,0,0,0,0,0,0,0,0,0,0,0,0,0,0,0,0,0,0,0,1,0,1,0,0,0,0,0,0,0,1,0,0,0,0,0,0,1,0,0,0,0,0,0,0,0,0,0,0,0,0,0,0,0,0,0,0,0,0,0,1,0,1,0,0,1,0,0,0,0,0,0,1,0,0,0,0,0,0,0,0,0,0,0,1,0,0,0,0,0,0,0,0,0,0,0,0,0,0,0,0,0,0,0,0,0,0,0,1,0,0,0,-1,0,0,0,0,0,0,0,0,0,0,0,-1,0
2580,83,2,09,0,0,1,1,1,3,2,0,2,1,0,0,1,1,1,0,0,0,0,0,2,0,0,1,0,1,2,0,1,1,0,0,0,0,0,0,0,0,0,0,-3,-2,1,-1,0,-2,0,1,0,1,-1,-2,0,-1,-1,0,0,0,0,0,1,0,1,1,1,2,2,3,4,0,1,0,0,1,1,0,0,1,0,0,2,0,2,1,0,0,2,1,3,0,0,0,0,0,0,0,0,0,0,0,-1,-2,-2,-3,1,-1,0,-2,0,1,0,-2,0,-3,0,0,0,0,0,0,0,1,2,0,0,1,3,2,0,5,0,1,2,0,0,0,0,0,0,0,1,3,2,0,3,0,0,0,0,2,0,0,0,0,0,0,0,0,0,0,-1,-2,0,0,-5,-1,-2,0,0,-3,0,0,0,0,-2,0,0,0,0,0,1,1,2,2,3,2,1,3,0,1,2,1,1,0,0,1,3,1,1,2,0,1,0,1,0,0,0,0,0,0,0,0,-2,-1,1,-1,-3,0,1,-1,1,-1,0,0,0,0,0,0
2580,83,2,11,0,0,0,0,2,0,0,0,0,0,0,0,0,0,2,0,0,0,0,0,0,0,0,0,0,0,0,0,0,0,0,0,0,0,0,0,0,0,0,0,0,0,0,0,2,0,0,0,0,2,0,0,0,0,0,0,0,0,0,0,0,0,0,0,0,0,0,0,1,0,0,0,0,0,0,0,0,0,0,0,0,0,0,0,0,0,0,0,0,0,0,0,0,0,0,0,0,0,1,0,0,0,0,-1,0,0,0,0,0,0,0,0,0,0,0,0,0,0,-1,0,0,0,0,0,0,0,0,0,0,2,0,0,0,0,0,0,0,0,0,0,0,0,0,0,0,0,0,0,0,0,0,0,0,0,0,0,0,0,0,2,0,0,0,0,-2,0,0,0,0,0,0,0,0,0,0,0,0,0,0,-2,0,0,1,0,1,0,1,0,0,0,0,0,0,0,0,0,1,0,0,0,0,0,0,0,0,0,1,0,0,0,1,0,-1,0,0,0,-1,0,0,0,0,0,0,0,0,0,0,0
2580,84,1,09,0,1,1,1,0,0,0,0,1,0,0,1,1,1,0,0,0,0,0,0,0,0,0,0,0,0,0,0,1,0,0,0,0,0,0,0,0,0,0,0,0,1,1,0,0,0,1,1,1,0,0,0,0,-1,0,0,0,0,0,0,0,0,0,2,2,0,0,0,0,1,0,0,0,1,1,0,0,0,1,1,0,0,0,0,0,0,0,0,0,1,0,0,0,0,0,0,0,0,0,0,0,0,0,2,1,0,0,0,1,1,0,0,0,1,0,0,0,0,0,0,1,3,0,2,1,0,0,0,1,3,1,2,0,1,1,0,1,0,0,0,0,0,0,1,1,0,0,0,0,2,0,0,0,1,0,0,0,0,0,0,1,3,0,1,-2,1,2,0,0,0,0,1,0,0,-2,0,0,0,1,0,0,2,1,1,1,1,1,0,0,1,1,1,0,1,0,0,0,0,0,0,1,1,1,0,0,0,0,0,0,0,0,0,-1,1,0,1,0,1,1,1,-1,0,-1,0,0,0,0,0
2580,84,1,11,0,0,0,0,0,0,0,0,0,0,0,0,0,0,0,0,0,0,0,0,0,0,0,0,0,0,0,0,0,0,0,0,0,0,0,0,0,0,0,0,0,0,0,0,0,0,0,0,0,0,0,0,0,0,0,0,0,0,0,0,0,0,0,0,0,0,0,0,0,0,0,0,0,0,0,0,0,0,0,0,0,0,0,0,0,0,0,0,0,0,0,0,0,0,0,0,0,0,0,0,0,0,0,0,0,0,0,0,0,0,0,0,0,0,0,0,0,0,0,0,0,0,0,0,0,0,0,0,0,0,0,0,0,0,0,0,0,0,0,0,0,0,0,0,0,0,0,0,0,0,0,0,0,0,0,0,0,0,0,0,0,0,0,0,0,0,0,0,0,0,0,0,0,0,0,0,0,0,0,0,0,0,0,0,0,0,0,0,0,0,0,0,0,0,0,0,0,0,0,0,0,0,0,0,0,0,0,0,0,0,0,0,0,0,0,0,0,0,0,0,0,0,0,0,0,0,0,0
2580,84,2,09,2,1,1,2,1,0,2,1,1,0,1,0,1,1,0,1,1,0,1,1,0,1,0,0,0,0,1,1,1,0,0,0,0,0,0,0,0,0,0,0,2,-1,0,1,1,1,-1,1,1,0,1,0,-1,0,1,0,0,0,0,0,2,2,2,0,1,0,1,3,3,2,1,1,2,0,1,1,1,0,0,0,0,1,1,1,2,0,0,2,2,0,0,0,0,0,0,0,0,0,0,0,2,1,-1,-3,-1,1,0,1,-1,-1,1,1,-2,-2,0,0,0,0,0,0,2,2,1,2,2,0,3,0,1,1,2,2,1,2,2,0,0,0,0,0,0,1,0,1,0,0,2,0,0,1,0,0,0,0,0,0,0,0,0,0,2,-1,1,1,1,2,1,1,1,2,0,-2,0,0,-1,0,0,0,0,0,1,2,0,2,2,0,0,1,1,0,0,1,0,1,0,1,1,0,0,0,1,0,0,1,0,1,0,0,0,0,0,0,-1,2,0,1,0,0,0,1,-1,1,0,0,0,1,0,0
2580,84,2,11,0,0,0,1,0,0,0,0,0,0,0,0,0,1,0,0,0,0,0,0,0,0,0,0,0,0,0,0,0,0,0,0,0,0,0,0,0,0,0,0,0,0,0,1,0,0,0,0,1,0,0,0,0,0,0,0,0,0,0,0,0,0,0,1,0,1,0,1,0,0,0,0,0,0,0,0,0,0,0,0,0,0,0,0,0,1,0,1,0,0,0,0,0,1,0,0,0,0,0,0,-1,0,-1,1,0,0,0,0,0,0,-1,0,-1,0,0,0,0,0,1,0,0,0,0,0,0,0,0,0,0,0,0,0,0,0,0,0,0,0,0,0,0,0,0,0,0,0,0,0,0,0,0,0,0,0,0,0,0,0,0,0,0,0,0,0,0,0,0,0,0,0,0,0,0,0,0,0,0,0,0,0,0,1,0,0,0,0,0,0,0,1,0,0,0,0,0,0,0,0,0,0,0,0,0,0,0,0,0,0,0,0,0,0,0,1,0,0,0,1,0,0,0,0,0,0,0,0,0,0
2580,85,1,09,1,0,1,2,1,0,0,1,1,0,0,0,0,1,1,1,0,1,1,0,0,0,1,1,0,0,0,0,0,0,0,0,0,0,0,0,0,0,0,0,1,0,0,1,1,0,0,-1,0,1,1,0,1,1,0,0,0,0,0,0,0,1,1,1,0,0,1,0,0,0,0,1,1,1,0,0,0,0,0,0,0,1,0,0,0,0,0,0,0,0,0,0,0,0,0,0,0,0,0,0,0,0,1,1,0,0,0,1,1,0,0,0,0,0,0,0,0,0,0,0,0,0,0,2,0,0,1,0,1,2,0,0,0,0,0,0,0,0,2,0,0,1,0,0,2,0,0,0,1,0,0,0,0,0,0,0,0,0,0,0,0,-1,0,1,-2,0,-1,0,0,-2,0,0,0,1,0,0,0,0,0,0,2,0,2,4,1,0,0,0,1,0,2,1,1,0,0,3,1,0,0,0,0,0,0,0,0,0,0,0,0,0,0,0,1,0,2,4,0,0,2,1,1,0,0,3,0,0,0,0
2580,85,1,11,0,0,0,0,0,0,0,0,0,0,0,0,0,0,0,0,0,0,0,0,0,0,0,0,0,0,0,0,0,0,0,0,0,0,0,0,0,0,0,0,0,0,0,0,0,0,0,0,0,0,0,0,0,0,0,0,0,0,0,0,0,0,0,0,0,0,0,0,0,0,0,0,0,0,0,0,0,0,0,0,0,0,0,0,0,0,0,0,0,0,0,0,0,0,0,0,0,0,0,0,0,0,0,0,0,0,0,0,0,0,0,0,0,0,0,0,0,0,0,0,0,1,1,0,0,0,0,0,0,0,0,0,0,0,0,0,1,0,0,0,0,0,0,0,0,0,0,0,0,0,0,0,1,0,0,0,0,0,0,0,0,1,1,0,0,0,0,0,0,0,0,1,0,0,0,0,0,1,0,0,0,0,0,0,0,0,0,0,0,0,0,0,0,0,0,0,0,0,0,0,0,0,0,0,0,0,0,0,0,0,0,0,0,0,0,0,0,0,0,0,0,0,0,0,0,0,0,0
2580,85,2,09,1,2,1,2,1,2,0,0,0,0,1,1,0,1,1,0,1,1,1,0,1,0,0,0,0,1,0,0,0,0,0,0,0,0,0,0,0,0,0,0,-1,2,1,2,1,0,1,0,1,1,-1,1,1,1,0,0,0,0,0,0,1,1,2,1,1,2,1,2,0,2,0,1,2,1,1,1,0,0,0,0,0,1,1,0,1,2,0,1,0,1,0,0,0,0,0,0,0,0,0,0,-1,0,0,1,-1,0,0,1,1,0,-1,0,-1,0,-1,0,0,0,0,0,0,2,2,4,2,0,0,1,1,2,0,2,2,3,2,0,0,0,1,0,0,0,1,1,1,0,0,0,0,1,0,0,0,0,0,0,0,0,0,0,0,2,1,3,0,0,2,1,2,1,0,0,0,1,-1,0,0,0,0,0,2,0,3,2,5,0,1,2,1,0,1,1,1,0,2,0,3,0,0,0,2,0,1,2,0,0,0,1,0,0,0,0,-3,0,2,0,-2,0,1,1,-1,0,1,-2,0,0,0,1
2580,85,2,11,0,0,1,0,0,0,0,0,0,0,0,0,1,0,0,0,0,0,0,0,0,0,0,0,0,0,0,0,0,0,0,0,0,0,0,0,0,0,0,0,0,0,1,0,0,0,0,1,0,0,0,0,0,0,0,0,0,0,0,0,0,0,0,0,2,0,0,0,0,1,0,0,0,0,1,0,0,0,0,1,0,0,0,0,0,0,0,0,0,1,0,0,0,0,0,0,0,0,0,0,0,0,0,0,1,0,0,0,0,1,0,0,0,0,0,0,0,0,0,0,0,2,0,1,0,0,0,0,0,0,0,1,0,1,0,0,1,0,0,0,0,0,0,0,0,0,0,0,0,0,0,0,0,0,0,0,0,0,0,0,0,2,0,1,0,0,1,0,1,0,0,1,0,0,0,0,0,0,0,0,0,0,1,0,0,0,1,0,0,0,0,0,0,0,0,0,0,0,1,0,0,0,0,0,0,0,1,0,0,0,0,0,0,0,0,0,0,0,-1,0,0,0,0,0,0,0,1,0
2580,86,1,09,0,0,1,1,0,0,1,1,1,0,0,0,0,1,0,0,0,1,0,0,0,0,0,0,0,0,1,1,1,0,0,0,0,0,0,0,0,0,0,0,0,-1,0,0,0,0,0,0,1,0,0,-1,0,-1,0,0,0,0,0,0,0,2,1,0,1,0,0,1,0,0,0,2,1,0,1,0,0,0,0,0,0,0,0,0,0,0,0,1,0,0,0,0,0,0,0,0,0,0,0,0,0,2,0,0,1,0,2,1,0,1,0,0,-1,0,0,0,0,0,0,0,0,0,0,0,1,0,1,0,0,1,0,0,0,0,1,0,0,0,0,0,0,1,0,0,1,0,0,0,0,0,0,0,0,0,0,0,0,0,0,0,0,-1,0,0,0,0,-1,0,0,0,0,0,0,0,0,0,0,0,0,0,0,1,1,2,1,1,1,0,0,1,1,1,0,0,0,1,0,1,1,0,1,0,0,0,0,0,0,0,0,0,0,0,-1,0,0,2,0,0,0,1,-1,0,0,1,0,0,0,0
2580,86,1,11,0,0,0,0,0,0,0,0,0,0,0,0,0,0,0,0,0,0,0,0,0,0,0,0,0,0,0,0,0,0,0,0,0,0,0,0,0,0,0,0,0,0,0,0,0,0,0,0,0,0,0,0,0,0,0,0,0,0,0,0,0,0,0,0,0,0,0,0,0,0,0,0,0,0,0,0,0,0,0,0,0,0,0,0,0,0,0,0,0,0,0,0,0,0,0,0,0,0,0,0,0,0,0,0,0,0,0,0,0,0,0,0,0,0,0,0,0,0,0,0,0,0,0,0,0,0,0,0,0,0,0,0,0,0,0,0,0,0,0,0,0,0,0,0,0,0,0,0,0,0,0,0,0,0,0,0,0,0,0,0,0,0,0,0,0,0,0,0,0,0,0,0,0,0,0,0,0,0,0,0,0,0,0,0,0,0,0,0,0,0,0,0,0,0,0,0,0,0,0,0,0,0,0,0,0,0,0,0,0,0,0,0,0,0,0,0,0,0,0,0,0,0,0,0,0,0,0,0
2580,86,2,09,1,0,0,1,1,2,0,1,0,0,1,0,0,1,0,0,0,0,0,1,0,0,0,0,0,2,0,1,0,0,0,0,0,0,0,0,0,0,0,0,-1,0,-1,1,1,1,0,0,1,0,-2,0,-1,0,1,0,0,0,0,0,1,0,1,2,0,0,0,1,1,2,1,0,1,2,0,0,0,0,0,0,0,0,1,1,0,0,0,0,0,2,0,0,0,0,0,0,0,0,0,0,1,0,0,1,-2,1,0,0,1,0,0,0,0,0,-2,0,0,0,0,0,0,0,0,1,2,1,2,0,0,1,0,0,0,1,1,0,0,0,0,1,1,1,0,0,1,0,1,0,0,0,0,0,0,0,0,0,0,0,0,0,-1,-2,0,1,1,-1,-1,0,1,0,0,-1,0,0,1,0,0,0,0,0,4,1,2,1,3,1,0,0,3,1,1,1,1,0,1,0,1,1,0,0,2,0,0,0,0,0,0,0,0,0,0,0,1,0,2,1,2,0,1,1,-1,0,1,0,0,0,0,0
2580,86,2,11,0,0,0,0,0,0,0,0,0,0,0,0,0,0,0,0,0,0,0,0,0,0,0,0,0,0,0,0,0,0,0,0,0,0,0,0,0,0,0,0,0,0,0,0,0,0,0,0,0,0,0,0,0,0,0,0,0,0,0,0,0,0,0,0,0,0,1,0,1,1,0,0,0,0,0,0,0,0,0,0,0,0,0,1,0,0,1,0,0,0,0,0,0,0,0,0,0,0,0,1,0,-1,0,-1,-1,0,0,0,-1,0,0,-1,0,0,0,0,0,0,0,-1,0,1,0,0,0,1,0,0,0,1,0,1,0,0,0,0,0,0,0,0,0,0,0,0,1,1,0,0,0,0,0,0,0,0,0,0,0,0,0,0,-1,1,0,0,-1,0,1,0,0,-1,-1,0,0,0,0,0,0,0,0,0,0,0,1,1,0,0,0,0,0,0,0,0,0,0,1,0,0,0,0,0,0,0,0,0,0,0,0,1,0,0,0,0,0,0,1,1,0,0,0,0,0,0,1,0,0,0,0,1
2580,87,1,09,1,0,1,0,0,0,0,0,0,1,0,0,0,0,0,1,0,1,0,0,0,0,0,0,1,0,0,0,0,0,0,0,0,0,0,0,0,0,0,0,1,0,1,0,-1,0,0,0,0,-1,1,0,1,0,0,0,0,0,0,0,1,0,0,0,0,0,0,0,1,0,1,0,0,0,0,0,0,0,0,0,0,0,0,0,0,0,0,0,1,0,0,0,0,0,0,0,0,0,0,0,1,0,0,-1,0,1,0,0,0,0,0,0,0,-1,0,0,0,0,0,0,0,0,0,2,2,0,1,0,0,0,0,0,0,1,2,0,0,0,1,0,0,1,0,0,0,0,0,0,0,0,0,0,0,0,0,0,0,0,0,0,0,-1,0,2,2,0,-1,0,1,2,0,0,0,1,0,0,0,0,0,0,0,0,2,0,1,0,1,2,0,0,2,0,0,0,0,0,1,0,1,1,0,0,0,1,0,0,0,0,0,0,0,0,-1,0,1,-2,-1,0,1,-1,0,0,0,-1,0,0,0,0
2580,87,1,11,0,0,0,0,0,0,0,0,0,0,0,0,0,0,0,0,0,0,0,0,0,0,0,0,0,0,0,0,0,0,0,0,0,0,0,0,0,0,0,0,0,0,0,0,0,0,0,0,0,0,0,0,0,0,0,0,0,0,0,0,0,0,0,0,0,0,0,0,0,0,0,0,0,0,0,0,0,0,0,0,0,0,0,0,0,0,0,0,0,0,0,0,0,0,0,0,0,0,0,0,0,0,0,0,0,0,0,0,0,0,0,0,0,0,0,0,0,0,0,0,0,0,0,0,0,0,0,0,0,0,0,0,0,0,0,0,0,0,0,0,0,0,0,0,0,0,0,0,0,0,0,0,0,0,0,0,0,0,0,0,0,0,0,0,0,0,0,0,0,0,0,0,0,0,0,0,0,0,0,0,0,0,0,0,0,0,0,0,0,0,0,0,0,0,0,0,0,0,0,0,0,0,0,0,0,0,0,0,0,0,0,0,0,0,0,0,0,0,0,0,0,0,0,0,0,0,0,0
2580,87,2,09,0,2,2,0,0,0,1,0,0,0,0,2,1,0,0,0,0,1,0,0,0,1,0,0,0,0,0,0,0,0,0,0,0,0,0,0,0,0,0,0,0,1,2,0,0,0,1,1,0,0,0,0,1,0,0,0,0,0,0,0,3,5,1,0,0,0,1,0,1,1,3,2,1,0,0,0,3,0,0,0,0,0,0,0,1,0,1,0,1,0,0,0,0,0,0,0,0,0,0,0,3,4,1,-1,-1,3,2,1,0,-1,0,2,0,-1,0,0,0,0,0,0,0,1,2,2,1,1,1,0,0,2,0,0,2,2,0,0,1,0,0,1,1,0,0,0,0,0,1,0,0,2,0,0,0,0,0,0,0,0,0,0,-1,0,2,2,-1,-1,0,2,2,0,0,0,0,0,-1,0,0,0,0,0,0,1,1,0,3,3,0,1,0,1,1,0,0,0,0,0,2,1,0,0,1,2,0,1,0,0,0,0,0,0,0,0,-3,-2,1,-1,-2,0,1,0,-1,-2,0,-1,0,0,0,0
2580,87,2,11,0,0,0,0,0,0,0,1,0,0,0,0,0,0,0,0,0,0,0,0,0,0,1,0,0,0,0,0,0,0,0,0,0,0,0,0,0,0,0,0,0,0,-1,0,0,0,0,-1,0,0,0,0,0,0,0,0,0,0,0,0,0,1,0,1,0,0,0,0,0,0,0,1,0,1,0,0,0,0,0,0,0,0,0,0,0,0,0,0,0,0,0,0,0,0,0,0,0,0,0,0,0,1,0,1,0,0,1,0,1,0,0,0,0,0,0,0,0,0,0,0,0,0,0,1,0,0,0,0,0,0,0,0,0,1,0,0,0,0,0,0,0,0,0,0,0,0,0,0,0,0,0,0,0,0,0,0,0,0,0,0,0,0,0,1,0,0,0,0,1,0,0,0,0,0,0,0,0,0,0,0,0,0,0,1,1,0,0,0,0,0,0,1,0,0,0,0,1,0,0,0,0,0,0,0,0,0,0,0,0,0,0,0,-1,0,0,1,-1,0,0,1,0,0,0,0,0,0,0,0
2580,88,1,09,0,0,1,0,0,0,0,0,0,0,0,0,1,0,0,0,0,0,0,0,0,0,0,0,0,0,0,0,0,0,0,0,0,0,0,0,0,0,0,0,0,0,1,0,0,0,0,1,0,0,0,0,0,0,0,0,0,0,0,0,0,0,0,0,0,0,0,1,0,1,0,0,0,0,0,0,0,0,0,0,0,0,0,0,0,0,0,1,0,1,0,0,0,0,0,0,0,0,0,0,0,0,-1,0,-1,0,0,0,0,0,0,0,-1,0,-1,0,0,0,0,0,0,1,0,0,0,0,0,0,1,0,0,1,0,0,0,0,0,0,0,0,0,0,0,0,0,0,0,0,1,0,0,0,0,0,0,0,0,0,0,0,0,1,0,-1,0,0,1,0,0,0,0,0,0,-1,0,0,0,0,0,0,1,0,0,0,1,0,0,0,1,0,0,0,0,0,0,0,1,0,0,0,0,0,0,0,0,0,0,0,0,0,0,0,0,0,0,0,0,0,0,0,0,0,0,0,0,0,0,0
2580,88,1,11,0,0,0,0,0,0,0,0,0,0,0,0,0,0,0,0,0,0,0,0,0,0,0,0,0,0,0,0,0,0,0,0,0,0,0,0,0,0,0,0,0,0,0,0,0,0,0,0,0,0,0,0,0,0,0,0,0,0,0,0,0,0,0,0,0,0,0,0,0,0,0,0,0,0,0,0,0,0,0,0,0,0,0,0,0,0,0,0,0,0,0,0,0,0,0,0,0,0,0,0,0,0,0,0,0,0,0,0,0,0,0,0,0,0,0,0,0,0,0,0,0,0,0,1,0,0,0,0,0,0,0,0,0,0,0,0,0,0,0,0,0,0,0,0,0,0,0,0,0,0,0,0,0,1,0,0,0,0,0,0,0,0,0,1,0,0,0,0,0,0,0,0,0,0,0,0,0,0,1,0,0,0,0,0,1,0,0,0,0,0,0,0,0,0,0,0,1,0,0,0,0,0,0,0,0,0,0,0,0,0,0,0,-1,0,0,0,-1,0,0,0,0,0,0,0,0,0,0,0
2580,88,2,09,0,2,2,1,3,1,1,1,0,1,0,1,2,1,1,0,1,0,0,2,1,0,1,0,1,0,1,0,0,0,0,0,0,0,0,0,0,0,0,0,-1,1,1,1,2,-1,1,1,1,0,0,0,0,0,2,0,0,0,0,0,1,0,0,1,1,0,0,0,0,1,0,0,0,1,1,1,0,0,0,0,0,0,0,0,1,0,0,0,0,0,0,0,0,0,0,0,0,0,0,0,1,0,0,1,0,0,0,0,1,0,1,0,0,0,0,0,0,0,0,0,1,1,0,1,1,0,1,0,4,2,1,1,0,1,1,0,0,0,0,0,0,1,0,3,0,0,0,0,1,2,0,0,0,0,0,0,0,0,0,0,1,0,0,-3,-1,1,0,0,-2,1,0,0,0,-1,-2,0,0,0,0,0,2,1,3,4,3,1,1,2,2,0,2,3,0,1,1,1,2,0,0,0,1,1,1,2,0,0,0,0,0,0,0,0,-1,0,2,2,0,0,2,3,-1,0,0,-1,0,0,0,0
2580,88,2,11,0,0,1,0,0,0,0,0,0,0,0,0,1,0,0,0,0,0,0,0,0,0,0,0,0,0,0,0,0,0,0,0,0,0,0,0,0,0,0,0,0,0,1,0,0,0,0,1,0,0,0,0,0,0,0,0,0,0,0,0,0,0,0,0,0,0,0,0,0,0,0,0,0,0,0,0,0,0,0,0,0,0,0,0,0,0,0,0,0,0,0,0,0,0,0,0,0,0,0,0,0,0,0,0,0,0,0,0,0,0,0,0,0,0,0,0,0,0,0,0,1,0,0,0,0,0,0,0,0,1,1,0,0,0,0,0,0,0,0,0,0,0,0,0,0,0,0,0,0,1,0,0,0,0,0,0,0,0,0,0,1,0,0,0,-1,1,0,0,0,0,0,0,0,0,-1,0,0,0,0,0,0,0,0,0,0,0,0,0,0,0,0,0,0,0,0,0,0,0,0,0,0,0,0,0,0,0,0,0,0,0,0,0,0,0,0,0,0,0,0,0,0,0,0,0,0,0,0,0
2580,89,1,09,0,0,0,0,0,0,0,3,1,0,0,0,0,0,0,0,0,0,0,0,0,0,1,0,0,0,0,2,1,0,0,0,0,0,0,0,0,0,0,0,0,0,-3,-1,0,0,0,-1,0,0,0,0,-2,-1,0,0,0,0,0,0,0,0,0,0,0,1,0,0,0,0,0,0,0,0,0,0,0,0,0,0,0,0,0,0,0,1,0,0,0,0,0,0,0,0,0,0,0,0,0,0,-1,0,0,0,0,0,0,0,0,0,-1,0,0,0,0,0,0,0,0,0,0,1,1,0,1,0,1,0,0,0,0,1,1,0,1,0,0,0,0,0,0,0,0,0,0,0,1,0,0,0,0,0,0,0,0,0,0,0,0,0,0,0,1,0,1,0,1,1,0,1,0,-1,0,0,0,0,0,0,0,0,0,0,0,0,2,1,1,0,0,0,0,0,0,0,0,0,1,0,1,0,1,1,0,0,0,0,0,0,0,0,0,0,-2,-1,-1,0,-1,0,-1,0,-1,-1,0,0,0,0,0,0
2580,89,1,11,0,0,0,0,0,0,0,0,0,0,0,0,0,0,0,0,0,0,0,0,0,0,0,0,0,0,0,0,0,0,0,0,0,0,0,0,0,0,0,0,0,0,0,0,0,0,0,0,0,0,0,0,0,0,0,0,0,0,0,0,0,0,0,0,0,0,0,0,0,0,0,0,0,0,0,0,0,0,0,0,0,0,0,0,0,0,0,0,0,0,0,0,0,0,0,0,0,0,0,0,0,0,0,0,0,0,0,0,0,0,0,0,0,0,0,0,0,0,0,0,0,1,0,0,0,0,0,0,1,0,0,1,0,0,0,0,0,0,0,0,0,0,0,0,0,0,0,0,1,0,0,0,0,0,0,0,0,0,0,0,0,1,0,-1,0,0,1,0,0,0,0,0,0,-1,0,0,0,0,0,0,0,0,0,0,0,0,0,0,0,0,0,0,0,0,0,0,0,0,0,0,0,0,0,0,0,0,0,0,0,0,0,0,0,0,0,0,0,0,0,0,0,0,0,0,0,0,0,0
2580,89,2,09,0,0,2,1,0,0,0,0,1,0,0,0,0,1,0,0,0,2,0,0,0,0,0,0,0,0,0,0,1,0,0,0,0,0,0,0,0,0,0,0,0,0,2,0,0,0,0,0,1,0,0,0,2,-1,0,0,0,0,0,0,2,0,0,0,1,0,2,0,1,0,2,0,0,0,1,0,0,0,0,0,0,0,0,0,0,0,2,0,1,0,0,0,0,0,0,0,0,0,0,0,2,-2,0,-1,1,2,0,0,0,1,0,-2,0,-1,0,0,0,0,0,0,0,2,0,1,0,2,2,0,1,1,0,0,0,0,0,0,1,0,1,0,1,1,0,1,0,1,1,0,0,1,0,1,0,0,0,0,0,0,0,0,-2,0,0,0,-1,-1,-1,0,-1,0,-1,0,0,1,-1,0,1,0,0,0,1,0,0,1,0,1,1,0,0,0,0,1,1,0,0,0,0,0,0,0,0,1,1,0,0,0,0,0,0,0,0,0,1,-1,-1,1,0,0,0,1,1,-1,-1,0,0,0,0,0
2580,89,2,11,0,0,0,0,0,0,0,0,0,0,0,0,0,0,0,0,0,0,0,0,0,0,0,0,0,0,0,0,0,0,0,0,0,0,0,0,0,0,0,0,0,0,0,0,0,0,0,0,0,0,0,0,0,0,0,0,0,0,0,0,0,1,0,0,0,0,0,0,0,0,0,1,0,0,0,0,0,0,0,0,0,0,0,0,0,0,0,0,0,0,0,0,0,0,0,0,0,0,0,0,0,1,0,0,0,0,1,0,0,0,0,0,0,0,0,0,0,0,0,0,0,0,0,0,0,0,0,0,0,0,0,0,0,0,0,0,0,0,0,0,0,0,0,0,0,0,0,0,0,0,0,0,0,0,0,0,0,0,0,0,0,0,0,0,0,0,0,0,0,0,0,0,0,0,0,0,0,0,0,0,0,0,0,0,0,0,0,0,0,0,0,0,0,0,0,0,0,0,0,0,0,0,0,0,0,0,0,0,0,0,0,0,0,0,0,0,0,0,0,0,0,0,0,0,0,0,0,0
2580,90,1,09,0,1,0,1,0,1,0,0,0,0,0,0,0,1,0,0,1,0,0,0,1,0,0,0,0,0,0,0,0,0,0,0,0,0,0,0,0,0,0,0,-1,1,0,1,0,-1,0,0,1,0,0,1,0,0,0,0,0,0,0,0,1,0,1,1,0,1,1,0,1,0,0,0,1,1,0,1,0,0,0,0,1,1,0,0,0,0,0,0,1,0,0,0,0,0,0,0,0,0,0,0,0,-1,1,0,0,-1,-1,1,1,0,1,0,0,-1,0,0,0,0,0,0,0,0,1,0,1,0,0,0,2,0,0,0,1,0,1,0,0,0,0,0,0,0,0,1,0,0,0,0,1,0,0,0,0,0,0,0,0,0,0,0,0,0,1,-2,1,0,0,1,-1,1,0,0,0,-1,0,0,0,0,0,0,1,2,1,0,1,1,2,0,1,1,1,0,0,1,0,0,1,1,1,0,0,0,1,0,0,0,0,0,0,0,0,0,0,1,-1,0,0,0,0,0,0,1,-1,0,0,0,0,0
2580,90,1,11,0,0,0,0,0,0,0,0,0,0,0,0,0,0,0,0,0,0,0,0,0,0,0,0,0,0,0,0,0,0,0,0,0,0,0,0,0,0,0,0,0,0,0,0,0,0,0,0,0,0,0,0,0,0,0,0,0,0,0,0,0,0,0,0,0,0,0,0,0,0,0,0,0,0,0,0,0,0,0,0,0,0,0,0,0,0,0,0,0,0,0,0,0,0,0,0,0,0,0,0,0,0,0,0,0,0,0,0,0,0,0,0,0,0,0,0,0,0,0,0,0,0,0,0,0,0,0,0,0,0,0,0,0,0,0,0,0,0,0,0,0,0,0,0,0,0,0,0,0,0,0,0,0,0,0,0,0,0,0,0,0,0,0,0,0,0,0,0,0,0,0,0,0,0,0,0,0,0,0,0,0,0,0,0,0,0,0,0,0,0,0,0,0,0,0,0,0,0,0,0,0,0,0,0,0,0,0,0,0,0,0,0,0,0,0,0,0,0,0,0,0,0,0,0,0,0,0,0
2580,90,2,09,3,0,0,1,2,1,1,0,1,0,2,0,0,0,2,1,0,0,1,0,0,0,0,0,0,1,1,0,1,0,0,0,0,0,0,0,0,0,0,0,2,-1,0,0,2,2,0,0,0,2,0,-1,0,0,0,0,0,0,0,0,0,0,1,0,1,0,1,0,1,1,0,0,1,0,1,0,0,0,0,0,0,1,0,1,1,0,0,0,0,0,0,0,0,0,0,0,0,0,0,0,0,-1,1,-1,0,0,-1,1,-1,0,0,0,0,0,0,0,0,0,0,0,0,2,0,3,0,1,1,1,0,0,0,1,0,3,0,0,0,0,0,0,1,0,0,0,0,0,1,1,0,0,0,1,0,0,0,0,0,0,0,0,-1,1,-1,3,0,-1,1,0,3,0,0,-1,-1,0,0,0,1,0,0,0,0,2,0,0,1,1,0,0,0,2,0,0,0,0,0,0,0,0,0,0,1,1,0,0,0,0,0,0,0,0,0,0,-1,1,0,0,0,2,0,0,-1,-1,0,0,0,0,0,0
2580,90,2,11,0,0,0,0,0,0,0,0,0,0,0,0,0,0,0,0,0,0,0,0,0,0,0,0,0,0,0,0,0,0,0,0,0,0,0,0,0,0,0,0,0,0,0,0,0,0,0,0,0,0,0,0,0,0,0,0,0,0,0,0,0,0,0,0,0,0,0,0,0,0,0,0,0,0,0,0,0,0,0,0,0,0,0,0,0,0,0,0,0,0,0,0,0,0,0,0,0,0,0,0,0,0,0,0,0,0,0,0,0,0,0,0,0,0,0,0,0,0,0,0,0,0,0,0,1,0,0,0,0,0,0,0,0,0,1,0,0,0,0,0,0,0,0,0,0,0,0,0,0,0,0,0,0,0,0,0,0,0,0,0,0,0,0,0,1,0,0,0,0,1,0,0,0,0,0,0,0,0,0,0,0,0,0,1,0,0,0,1,0,0,0,0,0,0,0,0,0,0,0,0,0,0,0,1,0,0,0,1,0,0,0,0,0,0,0,0,0,0,0,0,0,0,0,-1,0,0,0,1
2580,91,1,09,0,0,1,0,0,0,1,0,0,0,0,0,1,0,0,0,0,0,0,0,0,0,0,0,0,0,1,0,0,0,0,0,0,0,0,0,0,0,0,0,0,-1,1,0,0,0,0,1,0,0,0,-1,0,0,0,0,0,0,0,0,0,1,0,1,0,0,0,0,0,0,0,1,0,1,0,0,0,0,0,0,0,0,0,0,0,0,0,0,0,0,0,0,0,0,0,0,0,0,0,0,0,1,0,1,0,0,1,0,1,0,0,0,0,0,0,0,0,0,0,0,0,0,0,1,0,0,0,0,1,1,0,0,0,1,0,0,0,0,0,0,0,0,0,1,0,0,0,0,0,1,0,0,0,0,0,0,0,0,0,0,0,0,0,0,-1,0,0,0,0,0,0,0,0,0,-1,0,0,0,0,0,0,2,0,1,0,0,1,0,0,2,0,0,0,0,0,1,0,0,1,0,0,0,0,0,0,0,0,0,0,0,0,0,0,2,-1,1,0,2,-1,0,0,0,0,1,0,0,0,0
2580,91,1,11,0,0,0,0,0,0,0,0,0,0,0,0,0,0,0,0,0,0,0,0,0,0,0,0,0,0,0,0,0,0,0,0,0,0,0,0,0,0,0,0,0,0,0,0,0,0,0,0,0,0,0,0,0,0,0,0,0,0,0,0,0,0,0,0,0,0,0,0,0,0,0,0,0,0,0,0,0,0,0,0,0,0,0,0,0,0,0,0,0,0,0,0,0,0,0,0,0,0,0,0,0,0,0,0,0,0,0,0,0,0,0,0,0,0,0,0,0,0,0,0,0,0,0,0,0,0,0,0,1,0,0,0,0,0,0,0,0,0,0,0,0,0,0,1,0,0,0,0,0,0,0,0,0,0,0,0,0,0,0,0,0,0,0,-1,0,0,0,0,-1,0,0,0,0,0,0,0,0,0,0,0,0,0,0,0,0,0,0,0,0,0,0,0,0,0,0,0,0,0,0,0,0,0,0,0,0,0,0,0,0,0,0,0,0,0,0,0,0,0,0,0,0,0,0,0,0,0,0,0
2580,91,2,09,0,0,0,1,0,0,0,0,1,0,0,0,0,1,0,0,0,0,0,0,0,0,0,1,0,0,0,0,0,0,0,0,0,0,0,0,0,0,0,0,0,0,0,0,0,0,0,0,0,0,0,0,0,0,0,0,0,0,0,0,0,1,1,1,1,0,2,0,0,1,0,1,1,1,1,0,0,0,0,0,0,1,0,0,0,0,1,0,0,1,0,0,0,0,0,0,0,0,0,0,0,-1,1,1,0,0,0,1,1,1,0,-1,0,0,-1,0,0,0,0,0,0,1,1,2,2,1,1,1,1,0,0,1,1,1,1,0,0,0,1,1,0,0,1,0,0,1,1,0,1,0,0,0,0,0,0,0,0,0,0,0,-1,0,0,1,2,0,1,0,1,1,-1,-1,0,0,1,0,0,0,0,0,0,1,0,1,0,0,0,0,0,1,0,1,0,0,0,0,0,0,0,0,0,0,0,0,0,0,0,0,0,0,0,0,0,1,0,1,0,1,0,1,0,0,0,0,0,0,0,0
2580,91,2,11,0,0,0,0,0,0,0,0,0,0,0,0,0,0,0,0,0,0,0,0,0,0,0,0,0,0,0,0,0,0,0,0,0,0,0,0,0,0,0,0,0,0,0,0,0,0,0,0,0,0,0,0,0,0,0,0,0,0,0,0,0,0,0,0,0,0,0,0,1,0,0,0,0,0,0,0,0,0,0,0,0,0,0,1,0,0,0,0,0,0,0,0,0,0,0,0,0,0,0,0,0,0,0,-1,0,0,0,0,-1,0,0,0,0,0,0,0,0,0,0,0,0,0,0,0,0,0,0,0,0,0,0,0,0,0,0,0,0,0,0,0,0,0,0,0,0,0,0,0,0,0,0,0,0,0,0,0,0,0,0,0,0,0,0,0,0,0,0,0,0,0,0,0,0,0,0,0,0,0,0,0,0,0,0,0,0,0,0,0,0,0,0,0,0,0,0,0,0,0,0,0,0,0,0,0,0,0,0,0,0,0,0,0,0,0,0,0,0,0,0,0,0,0,0,0,0,0,0,0
2580,92,1,09,0,0,0,0,0,0,0,0,0,0,0,0,0,0,0,0,0,0,0,0,0,0,0,0,0,0,0,0,0,0,0,0,0,0,0,0,0,0,0,0,0,0,0,0,0,0,0,0,0,0,0,0,0,0,0,0,0,0,0,0,1,1,0,0,1,0,0,0,0,2,1,1,0,0,1,0,0,0,0,0,0,0,0,0,1,0,0,0,0,1,0,0,0,0,0,0,0,0,0,0,1,1,0,0,-1,1,1,0,0,0,0,0,0,0,-1,0,0,0,0,0,0,2,0,0,0,1,0,0,1,0,0,2,0,0,0,0,0,0,0,0,0,0,0,0,0,1,0,0,1,0,0,0,0,0,0,0,0,0,0,0,-1,2,0,-1,0,0,2,0,0,0,-1,0,0,-1,0,0,0,0,0,0,0,0,0,0,1,0,0,0,0,0,0,0,0,0,0,0,0,0,0,0,1,0,0,0,0,0,0,0,0,0,0,0,-1,0,0,0,0,0,0,0,-1,0,0,0,0,0,0,0
2580,92,1,11,0,0,0,0,0,0,0,0,0,0,0,0,0,0,0,0,0,0,0,0,0,0,0,0,0,0,0,0,0,0,0,0,0,0,0,0,0,0,0,0,0,0,0,0,0,0,0,0,0,0,0,0,0,0,0,0,0,0,0,0,0,0,0,0,0,0,0,0,0,0,0,0,0,0,0,0,0,0,0,0,0,0,0,0,0,0,0,0,0,0,0,0,0,0,0,0,0,0,0,0,0,0,0,0,0,0,0,0,0,0,0,0,0,0,0,0,0,0,0,0,0,0,0,0,0,0,0,0,0,0,0,0,0,0,0,0,0,0,0,0,0,0,0,0,0,0,0,0,0,0,0,0,0,0,0,0,0,0,0,0,0,0,0,0,0,0,0,0,0,0,0,0,0,0,0,0,0,0,0,0,0,0,0,0,0,0,0,0,0,0,0,0,0,0,0,0,0,0,0,0,0,0,0,0,0,0,0,0,0,0,0,0,0,0,0,0,0,0,0,0,0,0,0,0,0,0,0,0
2580,92,2,09,0,0,1,2,0,1,0,0,1,0,0,0,1,1,0,0,0,0,1,0,1,0,0,0,0,0,0,0,1,0,0,0,0,0,0,0,0,0,0,0,-1,0,1,1,0,-1,0,1,1,0,0,0,0,0,0,0,0,0,0,0,0,1,0,0,1,0,0,0,0,0,0,1,0,0,0,0,0,0,0,1,0,0,0,0,0,0,0,0,0,0,0,0,0,0,0,0,0,0,0,0,0,1,0,0,1,0,1,0,0,0,0,0,0,0,1,0,0,0,0,0,1,1,1,1,1,0,0,0,1,0,0,1,1,0,1,1,0,0,1,0,0,0,0,0,0,0,0,0,1,0,0,0,0,0,0,0,0,0,0,0,1,1,1,0,1,0,1,1,0,1,1,0,0,0,0,0,0,0,0,0,0,1,0,0,0,0,0,1,0,1,0,0,0,0,0,0,0,0,0,1,0,0,0,0,0,0,0,0,0,0,0,0,0,1,0,-1,0,1,0,-1,0,0,0,0,0,0,0,0
2580,92,2,11,0,0,0,0,0,0,0,0,0,0,0,0,0,0,0,0,0,0,0,0,0,0,0,0,0,0,0,0,0,0,0,0,0,0,0,0,0,0,0,0,0,0,0,0,0,0,0,0,0,0,0,0,0,0,0,0,0,0,0,0,0,0,0,1,0,0,0,0,0,0,0,0,0,1,0,0,0,0,0,0,0,0,0,0,0,0,0,0,0,0,0,0,0,0,0,0,0,0,0,0,0,0,0,1,0,0,0,0,1,0,0,0,0,0,0,0,0,0,0,0,0,0,0,0,0,0,0,0,0,0,0,0,0,0,0,0,0,0,0,0,0,0,0,0,0,0,0,0,0,0,0,0,0,0,0,0,0,0,0,0,0,0,0,0,0,0,0,0,0,0,0,0,0,0,0,0,0,0,0,0,0,0,0,0,0,0,0,0,0,0,0,0,0,0,0,0,0,0,0,0,0,0,0,0,0,0,0,0,0,0,0,0,0,0,0,0,0,0,0,0,0,0,0,0,0,0,0,0
2580,93,1,09,0,0,0,0,0,0,1,0,0,0,0,0,0,0,0,0,0,0,0,0,0,1,0,0,0,0,0,0,0,0,0,0,0,0,0,0,0,0,0,0,0,-1,0,0,0,0,-1,0,0,0,0,0,0,0,0,0,0,0,0,0,1,1,0,0,0,0,0,0,0,0,1,1,0,0,0,0,0,0,0,0,0,0,0,0,0,0,0,0,0,0,0,0,0,0,0,0,0,0,0,0,1,1,0,0,0,1,1,0,0,0,0,0,0,0,0,0,0,0,0,0,0,0,0,0,0,1,0,0,0,1,0,0,0,0,0,0,0,0,0,0,1,0,0,0,1,0,0,0,0,0,0,0,0,0,0,0,0,0,0,0,-1,0,0,0,-1,-1,0,0,0,-1,0,0,0,0,0,0,0,0,0,0,0,0,0,0,0,0,0,0,0,0,0,0,0,0,0,0,0,0,0,0,0,0,0,0,0,0,0,0,0,0,0,0,0,0,0,0,0,0,0,0,0,0,0,0,0,0,0,0
2580,93,1,11,0,0,0,0,0,0,0,0,0,0,0,0,0,0,0,0,0,0,0,0,0,0,0,0,0,0,0,0,0,0,0,0,0,0,0,0,0,0,0,0,0,0,0,0,0,0,0,0,0,0,0,0,0,0,0,0,0,0,0,0,0,0,0,0,0,0,0,0,0,0,0,0,0,0,0,0,0,0,0,0,0,0,0,0,0,0,0,0,0,0,0,0,0,0,0,0,0,0,0,0,0,0,0,0,0,0,0,0,0,0,0,0,0,0,0,0,0,0,0,0,0,0,0,0,0,0,0,0,0,0,0,0,0,0,0,0,0,0,0,0,0,0,0,0,0,0,0,0,0,0,0,0,0,0,0,0,0,0,0,0,0,0,0,0,0,0,0,0,0,0,0,0,0,0,0,0,0,0,0,0,0,0,0,0,0,0,0,0,0,0,0,0,0,0,0,0,0,0,0,0,0,0,0,0,0,0,0,0,0,0,0,0,0,0,0,0,0,0,0,0,0,0,0,0,0,0,0,0
2580,93,2,09,0,1,0,0,0,1,0,1,0,0,0,1,0,0,0,0,0,0,0,0,0,0,1,0,0,1,0,0,0,0,0,0,0,0,0,0,0,0,0,0,-1,1,-1,0,0,0,1,-1,0,0,-1,0,0,0,0,0,0,0,0,0,0,1,0,0,0,0,0,0,0,0,0,1,0,0,0,0,0,0,0,0,0,0,0,0,0,0,0,0,0,0,0,0,0,0,0,0,0,0,0,0,0,1,0,0,0,0,1,0,0,0,0,0,0,0,0,0,0,0,0,0,1,0,0,0,0,0,0,3,0,0,1,0,0,0,0,0,0,0,0,0,0,0,2,0,0,0,0,1,0,0,0,0,0,0,0,0,0,0,0,0,1,0,-3,0,0,1,0,-2,0,0,0,0,-1,0,0,0,0,0,0,0,1,0,0,1,0,0,0,0,1,0,0,1,0,0,0,0,0,0,0,0,0,0,0,0,0,0,0,0,0,0,0,0,1,0,0,1,1,0,0,1,0,0,0,0,0,0,0,0
2580,93,2,11,0,0,0,0,0,0,0,0,0,0,0,0,0,0,0,0,0,0,0,0,0,0,0,0,0,0,0,0,0,0,0,0,0,0,0,0,0,0,0,0,0,0,0,0,0,0,0,0,0,0,0,0,0,0,0,0,0,0,0,0,0,0,0,0,0,0,0,0,0,0,0,0,0,0,0,0,0,0,0,0,0,0,0,0,0,0,0,0,0,0,0,0,0,0,0,0,0,0,0,0,0,0,0,0,0,0,0,0,0,0,0,0,0,0,0,0,0,0,0,0,0,0,0,0,0,0,0,0,0,0,0,0,0,0,0,0,0,0,0,0,0,0,0,0,0,0,0,0,0,0,0,0,0,0,0,0,0,0,0,0,0,0,0,0,0,0,0,0,0,0,0,0,0,0,0,0,0,0,0,0,0,0,0,0,1,0,0,0,0,0,0,0,0,0,0,0,1,0,0,0,0,0,0,0,0,0,0,0,0,0,0,0,-1,0,0,0,-1,0,0,0,0,0,0,0,0,0,0,0
2580,94,1,09,0,0,0,0,0,0,0,0,0,0,0,0,0,0,0,0,0,0,0,0,0,0,0,0,0,0,0,0,0,0,0,0,0,0,0,0,0,0,0,0,0,0,0,0,0,0,0,0,0,0,0,0,0,0,0,0,0,0,0,0,0,0,0,0,1,0,0,0,0,0,0,0,0,0,1,0,0,0,0,0,0,0,0,0,0,0,0,0,0,0,0,0,0,0,0,0,0,0,0,0,0,0,0,0,1,0,0,0,0,1,0,0,0,0,0,0,0,0,0,0,0,0,1,0,0,0,0,0,0,0,0,0,1,0,0,0,0,0,0,0,0,0,0,0,0,0,0,0,0,0,0,0,0,0,0,0,0,0,0,0,0,0,1,0,0,0,0,1,0,0,0,0,0,0,0,0,0,0,0,0,0,0,0,1,0,0,0,0,0,0,0,0,0,0,0,1,0,0,0,0,0,0,0,0,0,0,0,0,0,0,0,0,0,0,0,1,0,0,0,0,0,0,0,1,0,0,0,0
2580,94,1,11,0,0,0,0,0,0,0,0,0,0,0,0,0,0,0,0,0,0,0,0,0,0,0,0,0,0,0,0,0,0,0,0,0,0,0,0,0,0,0,0,0,0,0,0,0,0,0,0,0,0,0,0,0,0,0,0,0,0,0,0,0,0,0,0,0,0,0,0,0,0,0,0,0,0,0,0,0,0,0,0,0,0,0,0,0,0,0,0,0,0,0,0,0,0,0,0,0,0,0,0,0,0,0,0,0,0,0,0,0,0,0,0,0,0,0,0,0,0,0,0,0,0,0,0,0,0,0,0,0,0,0,0,0,0,0,0,0,0,0,0,0,0,0,0,0,0,0,0,0,0,0,0,0,0,0,0,0,0,0,0,0,0,0,0,0,0,0,0,0,0,0,0,0,0,0,0,0,0,0,0,0,0,0,0,0,0,0,0,0,0,0,0,0,0,0,0,0,0,0,0,0,0,0,0,0,0,0,0,0,0,0,0,0,0,0,0,0,0,0,0,0,0,0,0,0,0,0,0
2580,94,2,09,0,0,1,0,0,1,0,0,0,0,0,0,1,0,0,0,0,0,0,0,0,0,0,0,0,1,0,0,0,0,0,0,0,0,0,0,0,0,0,0,-1,0,1,0,0,0,0,1,0,0,-1,0,0,0,0,0,0,0,0,0,0,0,0,1,0,0,0,0,0,1,0,0,0,1,0,0,0,0,0,0,0,0,0,0,1,0,0,0,0,0,0,0,0,0,0,0,0,0,0,0,0,0,0,1,-1,0,0,0,1,-1,0,0,0,0,0,0,0,0,0,0,0,0,0,0,0,0,1,0,0,0,0,0,0,0,0,0,0,0,0,0,0,0,0,0,0,0,1,0,0,0,0,0,0,0,0,0,0,0,0,0,0,-1,0,0,0,0,0,0,0,0,0,-1,0,0,0,0,0,0,0,0,0,1,0,0,1,0,0,1,0,1,0,0,0,0,0,0,0,0,0,0,1,0,0,1,0,0,0,0,0,0,0,0,-1,1,0,-1,0,1,0,0,-1,0,0,-1,0,0,0,0
2580,94,2,11,0,0,0,0,1,0,0,0,0,0,0,0,0,0,0,0,0,0,0,1,0,0,0,0,0,0,0,0,0,0,0,0,0,0,0,0,0,0,0,0,0,0,0,0,1,0,0,0,0,0,0,0,0,0,1,0,0,0,0,0,0,0,0,0,0,0,0,0,0,0,0,0,0,0,0,0,0,0,0,0,0,0,0,0,0,0,0,0,0,0,0,0,0,0,0,0,0,0,0,0,0,0,0,0,0,0,0,0,0,0,0,0,0,0,0,0,0,0,0,0,0,0,0,0,0,0,0,0,0,0,0,0,0,0,0,0,0,0,0,0,0,0,0,0,0,0,0,0,0,0,0,0,0,0,0,0,0,0,0,0,0,0,0,0,0,0,0,0,0,0,0,0,0,0,0,0,0,0,0,0,0,0,0,0,0,0,0,0,0,0,0,0,0,0,0,0,0,0,0,0,0,0,0,0,0,0,0,0,0,0,0,0,0,0,0,0,0,0,0,0,0,0,0,0,0,0,0,0
2580,95,1,09,0,0,0,0,0,0,0,0,0,0,0,0,0,0,0,0,0,0,0,0,0,0,0,0,0,0,0,0,0,0,0,0,0,0,0,0,0,0,0,0,0,0,0,0,0,0,0,0,0,0,0,0,0,0,0,0,0,0,0,0,0,0,0,0,0,0,0,0,0,0,0,0,0,0,0,0,0,0,0,0,0,0,0,0,0,0,0,0,0,0,0,0,0,0,0,0,0,0,0,0,0,0,0,0,0,0,0,0,0,0,0,0,0,0,0,0,0,0,0,0,1,0,0,0,0,0,0,0,0,0,1,0,0,0,0,0,0,0,0,0,0,0,0,0,0,0,0,0,0,0,0,0,0,0,0,0,0,0,0,0,1,0,0,0,0,1,0,0,0,0,0,0,0,0,0,0,0,0,0,0,0,0,0,0,0,0,0,0,0,0,0,0,0,0,0,0,0,0,0,0,0,0,0,0,0,0,0,0,0,0,0,0,0,0,0,0,0,0,0,0,0,0,0,0,0,0,0,0
2580,95,1,11,0,0,0,0,0,0,0,0,0,0,0,0,0,0,0,0,0,0,0,0,0,0,0,0,0,0,0,0,0,0,0,0,0,0,0,0,0,0,0,0,0,0,0,0,0,0,0,0,0,0,0,0,0,0,0,0,0,0,0,0,0,0,0,0,0,0,0,0,0,0,0,0,0,0,0,0,0,0,0,0,0,0,0,0,0,0,0,0,0,0,0,0,0,0,0,0,0,0,0,0,0,0,0,0,0,0,0,0,0,0,0,0,0,0,0,0,0,0,0,0,0,0,0,0,0,0,0,0,0,0,0,0,0,0,0,0,0,0,0,0,0,0,0,0,0,0,0,0,0,0,0,0,0,0,0,0,0,0,0,0,0,0,0,0,0,0,0,0,0,0,0,0,0,0,0,0,0,0,0,0,0,0,0,0,0,0,0,0,0,0,0,0,0,0,0,0,0,0,0,0,0,0,0,0,0,0,0,0,0,0,0,0,0,0,0,0,0,0,0,0,0,0,0,0,0,0,0,0
2580,95,2,09,0,1,0,0,0,0,1,0,0,0,0,1,0,0,0,0,0,0,0,0,0,1,0,0,0,0,0,0,0,0,0,0,0,0,0,0,0,0,0,0,0,0,0,0,0,0,0,0,0,0,0,0,0,0,0,0,0,0,0,0,0,1,0,0,0,0,1,0,0,0,0,1,0,0,0,0,0,0,0,0,0,0,0,0,0,0,1,0,0,0,0,0,0,0,0,0,0,0,0,0,0,0,0,0,0,0,1,0,0,0,0,-1,0,0,0,0,0,0,0,0,0,0,2,1,0,0,0,1,2,0,0,0,1,1,0,0,0,1,0,0,0,0,0,1,0,0,0,1,1,0,0,0,0,0,0,0,0,0,0,0,0,0,1,-1,0,0,0,1,0,0,0,0,0,-1,0,0,0,0,0,0,0,0,0,1,0,1,0,1,0,0,0,0,0,0,0,1,0,1,0,1,0,0,0,0,0,0,0,0,0,0,0,0,0,-1,0,0,0,-1,0,-1,0,0,0,1,0,0,0,0
2580,95,2,11,1,0,0,0,0,0,0,0,0,0,0,0,0,0,0,1,0,0,0,0,0,0,0,0,0,0,0,0,0,0,0,0,0,0,0,0,0,0,0,0,1,0,0,0,0,0,0,0,0,0,1,0,0,0,0,0,0,0,0,0,0,0,0,0,0,0,0,0,0,0,0,0,0,0,0,0,0,0,0,0,0,0,0,0,0,0,0,0,0,0,0,0,0,0,0,0,0,0,0,0,0,0,0,0,0,0,0,0,0,0,0,0,0,0,0,0,0,0,0,0,0,0,0,0,0,0,0,0,0,0,0,0,0,0,0,0,0,0,0,0,0,0,0,0,0,0,0,0,0,0,0,0,0,0,0,0,0,0,0,0,0,0,0,0,0,0,0,0,0,0,0,0,0,0,0,0,0,0,0,0,0,0,0,0,0,0,0,0,0,0,0,0,0,0,0,0,0,0,0,0,0,0,0,0,0,0,0,0,0,0,0,0,0,0,0,0,0,0,0,0,0,0,0,0,0,0,0,0
2580,96,1,09,0,0,0,0,0,0,0,0,0,0,0,0,0,0,0,0,0,0,0,0,0,0,0,0,0,0,0,0,0,0,0,0,0,0,0,0,0,0,0,0,0,0,0,0,0,0,0,0,0,0,0,0,0,0,0,0,0,0,0,0,0,0,0,0,0,0,0,0,0,0,0,0,0,0,0,0,0,0,0,0,0,0,0,0,0,0,0,0,0,0,0,0,0,0,0,0,0,0,0,0,0,0,0,0,0,0,0,0,0,0,0,0,0,0,0,0,0,0,0,0,0,0,0,1,0,0,1,0,0,0,0,0,0,0,0,0,0,0,1,0,0,1,0,0,0,0,0,0,0,0,0,0,0,0,0,0,0,0,0,0,0,-1,0,1,0,0,-1,0,0,0,0,0,0,1,0,0,0,0,0,0,0,0,0,0,0,0,0,0,0,0,0,0,0,0,0,0,0,0,0,0,0,0,0,0,0,0,0,0,0,0,0,0,0,0,0,0,0,0,0,0,0,0,0,0,0,0,0,0
2580,96,1,11,0,0,0,0,0,0,0,0,0,0,0,0,0,0,0,0,0,0,0,0,0,0,0,0,0,0,0,0,0,0,0,0,0,0,0,0,0,0,0,0,0,0,0,0,0,0,0,0,0,0,0,0,0,0,0,0,0,0,0,0,0,0,0,0,0,0,0,0,0,0,0,0,0,0,0,0,0,0,0,0,0,0,0,0,0,0,0,0,0,0,0,0,0,0,0,0,0,0,0,0,0,0,0,0,0,0,0,0,0,0,0,0,0,0,0,0,0,0,0,0,0,0,0,0,0,0,0,0,0,0,0,0,0,0,0,0,0,0,0,0,0,0,0,0,0,0,0,0,0,0,0,0,0,0,0,0,0,0,0,0,0,0,0,0,0,0,0,0,0,0,0,0,0,0,0,0,0,0,0,0,0,0,0,0,0,0,0,0,0,0,0,0,0,0,0,0,0,0,0,0,0,0,0,0,0,0,0,0,0,0,0,0,0,0,0,0,0,0,0,0,0,0,0,0,0,0,0,0
2580,96,2,09,0,0,0,0,0,1,0,0,0,0,0,0,0,0,0,0,0,0,0,0,0,0,0,0,0,1,0,0,0,0,0,0,0,0,0,0,0,0,0,0,-1,0,0,0,0,0,0,0,0,0,-1,0,0,0,0,0,0,0,0,0,0,0,0,0,1,0,0,0,0,0,0,0,0,0,1,0,0,0,0,0,0,0,0,0,0,0,0,0,0,0,0,0,0,0,0,0,0,0,0,0,0,0,0,0,1,0,0,0,0,1,0,0,0,0,0,0,0,0,0,0,0,0,0,0,0,0,0,0,0,0,0,0,0,0,0,0,0,0,0,0,0,0,0,0,0,0,0,0,0,0,0,0,0,0,0,0,0,0,0,0,0,0,0,0,0,0,0,0,0,0,0,0,0,0,0,0,0,0,0,0,0,0,1,0,0,0,0,0,0,0,0,0,0,0,1,0,0,0,0,0,0,0,0,0,0,0,0,0,0,0,0,0,0,0,1,0,0,0,0,0,0,0,1,0,0,0,0,0
2580,96,2,11,0,0,0,0,0,0,0,0,0,0,0,0,0,0,0,0,0,0,0,0,0,0,0,0,0,0,0,0,0,0,0,0,0,0,0,0,0,0,0,0,0,0,0,0,0,0,0,0,0,0,0,0,0,0,0,0,0,0,0,0,0,0,0,0,0,0,0,0,0,0,0,0,0,0,0,0,0,0,0,0,0,0,0,0,0,0,0,0,0,0,0,0,0,0,0,0,0,0,0,0,0,0,0,0,0,0,0,0,0,0,0,0,0,0,0,0,0,0,0,0,0,0,0,0,0,0,0,0,0,0,0,0,0,0,0,0,0,0,0,0,0,0,0,0,0,0,0,0,0,0,0,0,0,0,0,0,0,0,0,0,0,0,0,0,0,0,0,0,0,0,0,0,0,0,0,0,0,0,0,0,0,1,0,0,0,0,0,0,0,0,0,0,0,1,0,0,0,0,0,0,0,0,0,0,0,0,0,0,0,0,0,0,0,1,0,0,0,0,0,0,0,1,0,0,0,0,0,0
2580,97,1,09,0,0,0,0,0,0,0,0,0,0,0,0,0,0,0,0,0,0,0,0,0,0,0,0,0,0,0,0,0,0,0,0,0,0,0,0,0,0,0,0,0,0,0,0,0,0,0,0,0,0,0,0,0,0,0,0,0,0,0,0,1,0,0,0,0,0,0,0,0,0,0,0,0,0,0,1,0,0,0,0,0,0,0,0,0,0,0,0,0,0,0,0,0,0,0,0,0,0,0,0,1,0,0,0,0,0,0,0,0,0,1,0,0,0,0,0,0,0,0,0,0,0,0,0,0,0,0,0,0,0,0,0,0,0,0,0,0,0,0,0,0,0,0,0,0,0,0,0,0,0,0,0,0,0,0,0,0,0,0,0,0,0,0,0,0,0,0,0,0,0,0,0,0,0,0,0,0,0,0,0,0,0,0,0,0,0,0,0,0,0,0,0,0,0,0,0,0,0,0,0,0,0,0,0,0,0,0,0,0,0,0,0,0,0,0,0,0,0,0,0,0,0,0,0,0,0,0,0
2580,97,1,11,0,0,0,0,0,0,0,0,0,0,0,0,0,0,0,0,0,0,0,0,0,0,0,0,0,0,0,0,0,0,0,0,0,0,0,0,0,0,0,0,0,0,0,0,0,0,0,0,0,0,0,0,0,0,0,0,0,0,0,0,0,0,0,0,0,0,0,0,0,0,0,0,0,0,0,0,0,0,0,0,0,0,0,0,0,0,0,0,0,0,0,0,0,0,0,0,0,0,0,0,0,0,0,0,0,0,0,0,0,0,0,0,0,0,0,0,0,0,0,0,0,0,0,0,0,0,0,0,0,0,0,0,0,0,0,0,0,0,0,0,0,0,0,0,0,0,0,0,0,0,0,0,0,0,0,0,0,0,0,0,0,0,0,0,0,0,0,0,0,0,0,0,0,0,0,0,0,0,0,0,0,0,0,0,0,0,0,0,0,0,0,0,0,0,0,0,0,0,0,0,0,0,0,0,0,0,0,0,0,0,0,0,0,0,0,0,0,0,0,0,0,0,0,0,0,0,0,0
2580,97,2,09,0,0,0,0,0,0,0,0,1,0,0,0,0,0,0,0,0,0,0,0,0,0,0,0,0,0,0,0,1,0,0,0,0,0,0,0,0,0,0,0,0,0,0,-1,0,0,0,0,0,0,0,0,0,-1,0,0,0,0,0,0,0,0,0,1,1,0,0,0,0,0,0,0,0,1,1,0,0,0,0,0,0,0,0,0,0,0,0,0,0,0,0,0,0,0,0,0,0,0,0,0,0,0,0,1,1,0,0,0,1,1,0,0,0,0,0,0,0,0,0,0,0,1,0,0,0,0,0,0,0,0,0,0,0,0,0,0,1,0,0,0,0,0,0,0,0,0,0,0,0,0,0,0,0,0,0,0,0,0,0,0,0,1,0,0,0,0,0,0,0,0,0,1,0,0,0,0,0,0,0,0,0,0,0,0,0,0,0,1,0,0,0,0,0,0,0,0,0,0,0,0,0,0,0,1,0,0,0,0,0,0,0,0,0,0,0,-1,0,0,0,0,0,0,0,-1,0,0,0,0
2580,97,2,11,0,0,0,0,0,0,0,1,0,0,0,0,0,0,0,0,0,0,0,0,0,0,0,0,0,0,0,1,0,0,0,0,0,0,0,0,0,0,0,0,0,0,-1,0,0,0,0,0,0,0,0,0,-1,0,0,0,0,0,0,0,0,0,0,0,0,0,0,0,0,0,0,0,0,0,0,0,0,0,0,0,0,0,0,0,0,0,0,0,0,0,0,0,0,0,0,0,0,0,0,0,0,0,0,0,0,0,0,0,0,0,0,0,0,0,0,0,0,0,0,0,0,0,0,0,0,0,0,0,0,0,0,0,0,0,0,0,0,0,0,0,0,0,0,0,0,0,0,0,0,0,0,0,0,0,0,0,0,0,0,0,0,0,0,0,0,0,0,0,0,0,0,0,0,0,0,0,0,0,0,0,0,0,0,0,0,0,0,0,0,0,0,0,0,0,0,0,0,0,0,0,0,0,0,0,0,0,0,0,0,0,0,0,0,0,0,0,0,0,0,0,0,0,0,0,0,0,0,0
2580,98,1,09,0,0,0,0,0,0,0,0,0,0,0,0,0,0,0,0,0,0,0,0,0,0,0,0,0,0,0,0,0,0,0,0,0,0,0,0,0,0,0,0,0,0,0,0,0,0,0,0,0,0,0,0,0,0,0,0,0,0,0,0,0,0,0,0,0,0,0,0,0,0,0,0,0,0,0,0,0,0,0,0,0,0,0,0,0,0,0,0,0,0,0,0,0,0,0,0,0,0,0,0,0,0,0,0,0,0,0,0,0,0,0,0,0,0,0,0,0,0,0,0,0,0,0,0,0,0,0,0,0,0,0,0,0,0,0,0,0,0,0,0,0,0,0,0,0,0,0,0,0,0,0,0,0,0,0,0,0,0,0,0,0,0,0,0,0,0,0,0,0,0,0,0,0,0,0,0,0,0,0,0,0,0,0,0,0,0,0,0,0,0,0,0,0,0,0,0,0,0,0,0,0,0,0,0,0,0,0,0,0,0,0,0,0,0,0,0,0,0,0,0,0,0,0,0,0,0,0,0
2580,98,1,11,0,0,0,0,0,0,0,0,0,0,0,0,0,0,0,0,0,0,0,0,0,0,0,0,0,0,0,0,0,0,0,0,0,0,0,0,0,0,0,0,0,0,0,0,0,0,0,0,0,0,0,0,0,0,0,0,0,0,0,0,0,0,0,0,0,0,0,0,0,0,0,0,0,0,0,0,0,0,0,0,0,0,0,0,0,0,0,0,0,0,0,0,0,0,0,0,0,0,0,0,0,0,0,0,0,0,0,0,0,0,0,0,0,0,0,0,0,0,0,0,0,0,0,0,0,0,0,0,0,0,0,0,0,0,0,0,0,0,0,0,0,0,0,0,0,0,0,0,0,0,0,0,0,0,0,0,0,0,0,0,0,0,0,0,0,0,0,0,0,0,0,0,0,0,0,0,0,0,0,0,0,0,0,0,0,0,0,0,0,0,0,0,0,0,0,0,0,0,0,0,0,0,0,0,0,0,0,0,0,0,0,0,0,0,0,0,0,0,0,0,0,0,0,0,0,0,0,0
2580,98,2,09,0,0,0,0,2,0,0,0,0,0,0,0,0,0,1,0,0,0,0,1,0,0,0,0,0,0,0,0,0,0,0,0,0,0,0,0,0,0,0,0,0,0,0,0,2,0,0,0,0,1,0,0,0,0,1,0,0,0,0,0,0,0,0,0,0,0,0,0,0,0,0,0,0,0,0,0,0,0,0,0,0,0,0,0,0,0,0,0,0,0,0,0,0,0,0,0,0,0,0,0,0,0,0,0,0,0,0,0,0,0,0,0,0,0,0,0,0,0,0,0,0,0,0,0,0,0,0,0,0,0,0,0,0,0,0,0,0,0,0,0,0,0,0,0,0,0,0,0,0,0,0,0,0,0,0,0,0,0,0,0,0,0,0,0,0,0,0,0,0,0,0,0,0,0,0,0,0,0,0,0,0,0,0,0,0,0,0,0,0,0,0,0,0,0,0,0,0,0,0,0,0,0,0,0,0,0,0,0,0,0,0,0,0,0,0,0,0,0,0,0,0,0,0,0,0,0,0,0
2580,98,2,11,0,0,0,0,0,0,0,0,0,0,0,0,0,0,0,0,0,0,0,0,0,0,0,0,0,0,0,0,0,0,0,0,0,0,0,0,0,0,0,0,0,0,0,0,0,0,0,0,0,0,0,0,0,0,0,0,0,0,0,0,0,0,0,0,0,0,0,0,0,0,0,0,0,0,0,0,0,0,0,0,0,0,0,0,0,0,0,0,0,0,0,0,0,0,0,0,0,0,0,0,0,0,0,0,0,0,0,0,0,0,0,0,0,0,0,0,0,0,0,0,0,0,0,0,0,0,0,0,0,0,0,0,0,0,0,0,0,0,0,0,0,0,0,0,0,0,0,0,0,0,0,0,0,0,0,0,0,0,0,0,0,0,0,0,0,0,0,0,0,0,0,0,0,0,0,0,0,0,0,0,0,0,0,0,0,0,0,0,0,0,0,0,0,0,0,0,0,0,0,0,0,0,0,0,0,0,0,0,0,0,0,0,0,0,0,0,0,0,0,0,0,0,0,0,0,0,0,0
2580,99,1,09,0,0,0,0,0,0,0,0,0,0,0,0,0,0,0,0,0,0,0,0,0,0,0,0,0,0,0,0,0,0,0,0,0,0,0,0,0,0,0,0,0,0,0,0,0,0,0,0,0,0,0,0,0,0,0,0,0,0,0,0,0,0,0,0,0,0,0,0,0,0,0,0,0,0,0,0,0,0,0,0,0,0,0,0,0,0,0,0,0,0,0,0,0,0,0,0,0,0,0,0,0,0,0,0,0,0,0,0,0,0,0,0,0,0,0,0,0,0,0,0,0,0,0,0,0,0,0,0,0,0,0,0,0,0,0,0,0,0,0,0,0,0,0,0,0,0,0,0,0,0,0,0,0,0,0,0,0,0,0,0,0,0,0,0,0,0,0,0,0,0,0,0,0,0,0,0,0,0,0,0,0,0,0,0,0,0,0,0,0,0,0,0,0,0,0,0,0,0,0,0,0,0,0,0,0,0,0,0,0,0,0,0,0,0,0,0,0,0,0,0,0,0,0,0,0,0,0,0
2580,99,1,11,0,0,0,0,0,0,0,0,0,0,0,0,0,0,0,0,0,0,0,0,0,0,0,0,0,0,0,0,0,0,0,0,0,0,0,0,0,0,0,0,0,0,0,0,0,0,0,0,0,0,0,0,0,0,0,0,0,0,0,0,0,0,0,0,0,0,0,0,0,0,0,0,0,0,0,0,0,0,0,0,0,0,0,0,0,0,0,0,0,0,0,0,0,0,0,0,0,0,0,0,0,0,0,0,0,0,0,0,0,0,0,0,0,0,0,0,0,0,0,0,0,0,0,0,0,0,0,0,0,0,0,0,0,0,0,0,0,0,0,0,0,0,0,0,0,0,0,0,0,0,0,0,0,0,0,0,0,0,0,0,0,0,0,0,0,0,0,0,0,0,0,0,0,0,0,0,0,0,0,0,0,0,0,0,0,0,0,0,0,0,0,0,0,0,0,0,0,0,0,0,0,0,0,0,0,0,0,0,0,0,0,0,0,0,0,0,0,0,0,0,0,0,0,0,0,0,0,0
2580,99,2,09,0,0,0,0,0,0,0,0,0,0,0,0,0,0,0,0,0,0,0,0,0,0,0,0,0,0,0,0,0,0,0,0,0,0,0,0,0,0,0,0,0,0,0,0,0,0,0,0,0,0,0,0,0,0,0,0,0,0,0,0,0,0,0,0,0,0,0,0,0,0,0,0,0,0,0,0,0,0,0,0,0,0,0,0,0,0,0,0,0,0,0,0,0,0,0,0,0,0,0,0,0,0,0,0,0,0,0,0,0,0,0,0,0,0,0,0,0,0,0,0,0,0,0,0,0,0,0,0,0,0,0,0,0,0,0,0,0,0,0,0,0,0,0,0,0,0,0,0,0,0,0,0,0,0,0,0,0,0,0,0,0,0,0,0,0,0,0,0,0,0,0,0,0,0,0,0,0,0,0,0,0,0,0,0,0,0,0,0,0,0,0,0,0,0,0,0,0,0,0,0,0,0,0,0,0,0,0,0,0,0,0,0,0,0,0,0,0,0,0,0,0,0,0,0,0,0,0,0
2580,99,2,11,0,1,0,0,0,0,0,0,0,0,0,1,0,0,0,0,0,0,0,0,0,0,0,0,0,0,0,0,0,0,0,0,0,0,0,0,0,0,0,0,0,1,0,0,0,0,1,0,0,0,0,0,0,0,0,0,0,0,0,0,0,0,0,0,0,0,0,0,0,0,0,0,0,0,0,0,0,0,0,0,0,0,0,0,0,0,0,0,0,0,0,0,0,0,0,0,0,0,0,0,0,0,0,0,0,0,0,0,0,0,0,0,0,0,0,0,0,0,0,0,0,0,0,0,0,0,0,0,0,0,0,0,0,0,0,0,0,0,0,0,0,0,0,0,0,0,0,0,0,0,0,0,0,0,0,0,0,0,0,0,0,0,0,0,0,0,0,0,0,0,0,0,0,0,0,0,0,0,0,0,0,0,0,0,0,0,0,0,0,0,0,0,0,0,0,0,0,0,0,0,0,0,0,0,0,0,0,0,0,0,0,0,0,0,0,0,0,0,0,0,0,0,0,0,0,0,0,0
2580,100+,1,09,0,0,0,0,0,0,0,0,0,0,0,0,0,0,0,0,0,0,0,0,0,0,0,0,0,0,0,0,0,0,0,0,0,0,0,0,0,0,0,0,0,0,0,0,0,0,0,0,0,0,0,0,0,0,0,0,0,0,0,0,0,0,0,0,0,0,0,0,0,0,0,0,0,0,0,0,0,0,0,0,0,0,0,0,0,0,0,0,0,0,0,0,0,0,0,0,0,0,0,0,0,0,0,0,0,0,0,0,0,0,0,0,0,0,0,0,0,0,0,0,0,0,0,0,0,0,0,0,0,0,0,0,0,0,0,0,0,0,0,0,0,0,0,0,0,0,0,0,0,0,0,0,0,0,0,0,0,0,0,0,0,0,0,0,0,0,0,0,0,0,0,0,0,0,0,0,0,0,0,0,0,0,0,0,0,0,0,0,0,0,0,0,0,0,0,0,0,0,0,0,0,0,0,0,0,0,0,0,0,0,0,0,0,0,0,0,0,0,0,0,0,0,0,0,0,0,0,0
2580,100+,1,11,0,0,0,0,0,0,0,0,0,0,0,0,0,0,0,0,0,0,0,0,0,0,0,0,0,0,0,0,0,0,0,0,0,0,0,0,0,0,0,0,0,0,0,0,0,0,0,0,0,0,0,0,0,0,0,0,0,0,0,0,0,0,0,0,0,0,0,0,0,0,0,0,0,0,0,0,0,0,0,0,0,0,0,0,0,0,0,0,0,0,0,0,0,0,0,0,0,0,0,0,0,0,0,0,0,0,0,0,0,0,0,0,0,0,0,0,0,0,0,0,0,0,0,0,0,0,0,0,0,0,0,0,0,0,0,0,0,0,0,0,0,0,0,0,0,0,0,0,0,0,0,0,0,0,0,0,0,0,0,0,0,0,0,0,0,0,0,0,0,0,0,0,0,0,0,0,0,0,0,0,0,0,0,0,0,0,0,0,0,0,0,0,0,0,0,0,0,0,0,0,0,0,0,0,0,0,0,0,0,0,0,0,0,0,0,0,0,0,0,0,0,0,0,0,0,0,0,0
2580,100+,2,09,0,0,0,0,0,0,0,0,0,0,0,0,0,0,0,0,0,0,0,0,0,0,0,0,0,0,0,0,0,0,0,0,0,0,0,0,0,0,0,0,0,0,0,0,0,0,0,0,0,0,0,0,0,0,0,0,0,0,0,0,0,0,0,0,1,0,0,0,0,0,0,0,0,0,1,0,0,0,0,0,0,0,0,0,0,0,0,0,0,0,0,0,0,0,0,0,0,0,0,0,0,0,0,0,1,0,0,0,0,1,0,0,0,0,0,0,0,0,0,0,0,0,0,0,0,1,0,0,0,0,0,0,0,0,0,0,0,0,0,0,0,0,0,0,0,0,0,0,0,0,0,0,0,0,0,1,0,0,0,0,-1,0,0,0,0,0,0,0,0,0,0,0,0,0,0,-1,0,0,0,0,0,0,0,0,0,1,0,0,0,0,0,0,0,0,0,0,0,0,0,0,0,1,0,0,0,0,0,0,0,0,0,0,0,-1,0,0,0,0,0,0,0,-1,0,0,0,0,0,0
2580,100+,2,11,0,0,0,0,0,0,0,0,0,0,0,0,0,0,0,0,0,0,0,0,0,0,0,0,0,0,0,0,0,0,0,0,0,0,0,0,0,0,0,0,0,0,0,0,0,0,0,0,0,0,0,0,0,0,0,0,0,0,0,0,0,0,0,0,0,0,0,0,0,1,0,0,0,0,0,0,0,0,0,0,0,0,0,0,0,0,0,0,0,0,0,0,0,0,0,0,0,0,0,1,0,0,0,0,-1,0,0,0,0,0,0,0,0,0,0,0,0,0,0,-1,0,0,0,0,0,0,0,0,0,0,0,0,0,0,0,0,0,0,0,0,0,0,0,0,0,0,0,0,0,0,0,0,0,0,0,0,0,0,0,0,0,0,0,0,0,0,0,0,0,0,0,0,0,0,0,0,0,0,0,0,0,0,0,0,0,0,0,0,0,0,0,0,0,0,0,0,0,0,0,0,0,0,0,0,0,0,0,0,0,0,0,0,0,0,0,0,0,0,0,0,0,0,0,0,0,0,0,0
2582,80,1,09,1,0,2,2,2,1,1,1,2,1,1,0,0,2,0,0,0,2,0,2,1,0,0,2,1,0,1,1,0,0,0,0,0,0,0,0,0,0,0,0,0,-1,1,0,1,0,0,0,0,-1,0,-1,1,0,2,0,0,0,0,0,0,1,2,1,1,1,0,1,0,0,0,1,1,1,1,0,0,1,0,0,1,0,0,0,0,0,0,1,0,0,0,0,0,0,0,0,0,0,0,0,-1,1,1,1,1,-1,1,1,1,1,0,0,0,0,0,0,0,0,0,0,2,0,2,0,0,2,0,0,0,2,0,0,2,0,0,2,0,0,0,0,1,0,0,0,1,1,0,0,0,1,0,0,0,0,0,0,0,0,0,0,0,0,2,0,-2,-1,0,2,0,-1,1,0,0,0,-1,0,0,0,0,0,0,2,0,0,0,1,0,1,0,1,0,0,0,1,0,0,0,1,0,0,0,0,0,1,0,0,0,0,0,0,0,0,0,1,0,-1,0,0,0,0,0,1,0,-1,0,0,0,0
2582,80,1,11,0,0,0,0,0,0,0,0,0,0,0,0,0,0,0,0,0,0,0,0,0,0,0,0,0,0,0,0,0,0,0,0,0,0,0,0,0,0,0,0,0,0,0,0,0,0,0,0,0,0,0,0,0,0,0,0,0,0,0,0,0,0,0,0,0,0,0,0,0,0,0,0,0,0,0,0,0,0,0,0,0,0,0,0,0,0,0,0,0,0,0,0,0,0,0,0,0,0,0,0,0,0,0,0,0,0,0,0,0,0,0,0,0,0,0,0,0,0,0,0,0,0,0,0,0,0,0,0,1,0,0,0,0,0,0,0,0,0,0,0,0,0,0,1,0,0,0,0,0,0,0,0,0,0,0,0,0,0,0,0,0,0,0,-1,0,0,0,0,-1,0,0,0,0,0,0,0,0,0,0,0,0,0,0,0,0,0,0,0,0,0,0,0,0,0,0,0,0,0,0,0,0,0,0,0,0,0,0,0,0,0,0,0,0,0,0,0,0,0,0,0,0,0,0,0,0,0,0,0
2582,80,2,09,1,0,0,0,0,0,0,3,0,1,0,0,0,0,0,1,0,0,0,0,0,0,2,0,1,0,0,1,0,0,0,0,0,0,0,0,0,0,0,0,1,0,-3,0,-1,0,0,-2,0,-1,1,0,-1,0,0,0,0,0,0,0,1,1,2,1,0,0,0,0,1,0,1,1,2,1,0,0,0,0,0,0,0,0,0,1,0,0,0,0,0,0,0,0,0,0,0,0,0,0,0,0,1,1,2,0,0,1,1,2,0,0,0,0,0,0,0,0,0,0,0,0,0,0,0,0,0,0,2,0,0,0,0,0,0,0,0,0,0,0,0,0,0,2,0,0,0,0,0,0,0,0,0,0,0,0,0,0,0,0,0,0,0,-2,0,0,0,0,-2,0,0,0,0,0,0,0,0,0,0,0,0,0,0,2,0,3,1,1,1,1,0,1,0,3,0,1,0,0,0,0,0,1,1,1,1,0,0,0,0,0,0,0,0,0,-1,1,-1,2,0,1,0,2,-1,0,-1,0,0,0,0,0
2582,80,2,11,0,0,0,0,0,0,1,0,0,0,0,0,0,0,0,0,0,0,0,0,0,1,0,0,0,0,0,0,0,0,0,0,0,0,0,0,0,0,0,0,0,-1,0,0,0,0,-1,0,0,0,0,0,0,0,0,0,0,0,0,0,0,0,0,0,0,0,0,0,0,0,0,0,0,0,0,0,0,0,0,0,0,0,0,0,0,0,0,0,0,0,0,0,0,0,0,0,0,0,0,0,0,0,0,0,0,0,0,0,0,0,0,0,0,0,0,0,0,0,0,0,0,0,0,1,0,0,0,0,0,0,0,0,0,1,0,0,0,0,0,0,0,0,0,0,0,0,0,0,0,0,0,0,0,0,0,0,0,0,0,0,0,0,0,1,0,0,0,0,1,0,0,0,0,0,0,0,0,0,0,0,0,0,0,0,0,0,0,0,0,0,0,0,0,0,0,0,0,0,0,0,0,0,0,0,0,0,0,0,0,0,0,0,0,0,0,0,0,0,0,0,0,0,0,0,0,0,0,0
2582,81,1,09,1,0,0,2,0,0,0,0,2,1,0,0,0,1,0,1,0,0,1,0,0,0,0,1,1,0,0,0,1,0,0,0,0,0,0,0,0,0,0,0,1,0,0,0,-1,0,0,0,0,-1,1,0,0,0,0,0,0,0,0,0,1,0,1,0,0,1,2,0,1,1,1,0,0,0,0,0,0,1,0,0,1,1,0,1,1,0,0,0,0,0,0,0,0,0,0,0,1,0,0,0,0,-2,1,-1,-1,0,-1,0,-1,-1,0,0,1,0,0,0,-1,0,0,0,0,1,1,1,0,0,0,1,1,1,0,1,0,1,0,0,0,1,0,0,0,0,1,1,1,0,0,0,0,0,0,0,0,0,0,0,0,0,0,0,0,1,0,0,-1,0,1,-1,0,-1,0,0,1,0,0,0,0,0,0,0,2,0,1,0,2,0,0,0,2,0,1,0,0,0,0,0,1,0,0,0,1,0,0,0,0,0,0,0,0,0,0,0,0,0,1,0,1,0,1,0,-1,0,0,0,0,0,0,0
2582,81,1,11,0,0,0,0,0,0,0,0,0,0,0,0,0,0,0,0,0,0,0,0,0,0,0,0,0,0,0,0,0,0,0,0,0,0,0,0,0,0,0,0,0,0,0,0,0,0,0,0,0,0,0,0,0,0,0,0,0,0,0,0,0,0,1,0,0,0,0,0,0,0,0,0,0,0,0,0,0,1,0,0,0,0,0,0,0,0,0,0,0,0,0,0,0,0,0,0,0,0,0,0,0,0,1,0,0,0,0,0,0,0,0,0,1,0,0,0,0,0,0,0,0,0,0,0,0,0,0,0,1,0,0,0,0,0,0,0,0,0,0,0,0,0,0,1,0,0,0,0,0,0,0,0,0,0,0,0,0,0,0,0,0,0,0,-1,0,0,0,0,-1,0,0,0,0,0,0,0,0,0,0,0,0,0,0,0,0,0,0,1,0,0,0,0,0,0,0,0,0,0,0,0,0,0,0,1,0,0,0,0,0,0,0,0,0,0,0,-1,0,0,0,0,0,0,0,-1,0,0,0,0
2582,81,2,09,1,0,1,1,1,0,0,1,0,1,1,0,0,1,1,0,0,1,0,0,0,0,0,0,0,0,0,1,0,1,0,0,0,0,0,0,0,0,0,0,1,0,0,1,0,1,0,0,1,1,0,0,0,0,-1,0,0,0,0,0,1,2,2,1,1,1,3,3,1,1,0,1,1,0,1,1,1,1,1,0,1,1,2,1,0,0,2,1,0,1,0,0,0,0,0,0,0,0,0,0,0,-1,-1,0,0,-1,0,-1,-1,1,1,-1,0,1,-1,0,0,0,0,0,1,0,1,0,0,0,1,0,0,0,0,0,1,0,0,1,0,0,0,0,0,1,0,0,0,0,0,0,0,0,0,0,0,0,0,0,0,0,0,0,1,-1,1,0,0,0,-1,1,0,0,1,0,0,0,0,0,0,0,0,0,1,2,0,0,0,1,1,2,1,0,0,0,0,1,0,0,0,1,1,1,0,0,0,1,0,1,0,0,0,0,0,0,1,1,-1,-2,1,-1,-1,-1,0,1,0,-1,0,1,0,0
2582,81,2,11,0,0,0,0,0,0,0,1,0,0,0,0,0,0,0,0,0,0,0,0,0,0,1,0,0,0,0,0,0,0,0,0,0,0,0,0,0,0,0,0,0,0,-1,0,0,0,0,-1,0,0,0,0,0,0,0,0,0,0,0,0,0,0,0,0,0,0,0,0,0,0,0,0,0,0,0,0,0,0,0,0,0,0,0,0,0,0,0,0,0,0,0,0,0,0,0,0,0,0,0,0,0,0,0,0,0,0,0,0,0,0,0,0,0,0,0,0,0,0,0,0,1,0,0,0,0,0,0,0,0,0,0,0,0,0,0,0,0,0,0,0,0,0,0,0,0,0,0,0,0,0,1,0,0,0,0,0,0,0,0,0,1,0,0,0,0,0,0,0,0,0,0,0,0,0,0,1,0,0,0,0,0,0,0,0,0,0,0,0,0,0,0,0,0,0,0,0,0,0,0,0,0,0,0,0,0,0,0,0,0,0,0,0,0,0,0,0,0,0,0,0,0,0,0,0,0,0,0,0
2582,82,1,09,0,0,0,0,0,0,0,0,0,0,0,0,0,0,0,0,0,0,0,0,0,0,0,0,0,0,0,0,0,0,0,0,0,0,0,0,0,0,0,0,0,0,0,0,0,0,0,0,0,0,0,0,0,0,0,0,0,0,0,0,0,0,0,0,0,0,0,1,1,0,0,0,0,0,0,0,0,0,0,0,0,0,1,1,0,0,0,0,0,0,0,0,0,0,0,0,0,0,0,0,0,0,-1,-1,0,0,0,-1,-1,0,0,0,0,0,0,0,0,0,0,0,2,0,0,1,0,0,0,0,1,0,2,0,0,1,0,0,0,0,0,0,0,0,0,1,0,0,0,0,0,0,0,0,0,0,0,0,0,0,0,0,2,0,0,0,0,2,0,0,0,0,0,0,0,0,0,0,0,0,0,0,1,1,1,1,0,0,0,1,0,1,1,1,1,0,0,0,0,0,0,1,0,0,0,0,0,0,0,0,0,0,0,0,1,1,1,0,0,1,1,0,1,0,0,0,0,0,0,0
2582,82,1,11,0,0,0,0,0,0,0,0,0,0,0,0,0,0,0,0,0,0,0,0,0,0,0,0,0,0,0,0,0,0,0,0,0,0,0,0,0,0,0,0,0,0,0,0,0,0,0,0,0,0,0,0,0,0,0,0,0,0,0,0,0,0,0,0,0,0,0,0,0,0,0,0,0,0,0,0,0,0,0,0,0,0,0,0,0,0,0,0,0,0,0,0,0,0,0,0,0,0,0,0,0,0,0,0,0,0,0,0,0,0,0,0,0,0,0,0,0,0,0,0,0,0,0,0,0,0,0,1,0,0,0,0,0,0,0,0,0,0,0,0,0,0,0,0,0,0,0,1,0,0,0,0,0,0,0,0,0,0,0,0,0,0,-1,0,0,0,0,0,0,0,0,0,-1,0,0,0,0,0,0,0,0,0,0,0,1,0,0,0,0,0,0,0,0,0,0,0,0,0,0,0,1,0,0,0,0,0,0,0,0,0,0,0,-1,0,0,0,0,0,0,0,-1,0,0,0,0,0,0,0
2582,82,2,09,1,2,0,0,1,0,0,1,0,0,1,1,0,0,0,0,1,0,0,1,0,0,1,0,0,0,0,0,0,0,0,0,0,0,0,0,0,0,0,0,1,2,-1,0,1,1,1,-1,0,0,0,1,0,0,1,0,0,0,0,0,0,0,1,0,0,0,0,1,0,1,0,0,1,0,0,0,0,0,0,0,0,0,1,0,0,0,0,0,0,1,0,0,0,0,0,0,0,0,0,0,0,0,0,0,-1,0,0,0,0,0,0,0,0,0,-1,0,0,0,0,0,1,2,2,2,0,1,3,0,0,0,0,1,1,1,0,1,1,1,1,0,0,2,0,0,0,1,1,0,0,0,0,0,0,0,0,0,0,0,0,0,0,-1,2,2,0,0,-1,1,1,0,0,0,1,1,0,0,0,0,0,0,1,0,1,0,1,2,1,0,1,0,1,0,0,0,0,0,1,2,0,0,0,0,1,0,0,0,0,0,0,0,0,0,0,-2,0,0,0,-2,1,0,0,0,-1,0,0,0,0,0
2582,82,2,11,0,0,0,0,1,0,0,0,1,0,0,0,0,0,1,0,0,0,0,0,0,0,0,1,0,0,0,0,0,0,0,0,0,0,0,0,0,0,0,0,0,0,0,-1,1,0,0,0,-1,1,0,0,0,0,0,0,0,0,0,0,1,0,0,0,0,0,0,0,0,1,1,0,0,0,0,0,0,0,0,0,0,0,0,0,0,0,0,0,0,1,0,0,0,0,0,0,0,0,0,0,1,0,0,0,-1,1,0,0,0,0,0,0,0,0,-1,0,0,0,0,0,0,0,0,0,0,0,0,0,0,1,0,0,0,0,0,0,0,0,0,0,0,0,0,0,0,0,0,0,0,1,0,0,0,0,0,0,0,0,0,0,0,0,0,0,-1,0,0,0,0,0,0,0,0,0,-1,0,0,0,0,0,0,0,0,0,0,0,0,0,0,0,0,0,0,0,0,0,0,0,0,0,0,0,0,0,0,0,0,0,0,0,0,0,0,0,0,0,0,0,0,0,0,0,0,0,0,0,0,0
2582,83,1,09,0,2,1,0,0,0,1,0,0,0,0,2,1,0,0,0,0,0,0,0,0,1,0,0,0,0,0,0,0,0,0,0,0,0,0,0,0,0,0,0,0,1,1,0,0,0,1,1,0,0,0,0,0,0,0,0,0,0,0,0,1,0,0,0,0,1,0,1,0,0,0,0,0,0,0,1,0,0,0,0,1,0,1,0,0,0,0,0,0,0,0,0,0,0,0,0,0,0,0,0,0,0,-1,0,0,-1,0,-1,0,0,1,0,0,0,0,0,0,0,0,0,2,2,1,0,1,0,1,0,1,0,2,2,1,0,0,0,0,0,0,1,0,0,0,1,0,0,1,0,0,0,0,0,0,0,0,0,0,0,0,0,2,1,1,-1,1,2,2,1,-1,0,0,-1,0,0,1,0,0,0,0,0,0,1,1,0,0,1,1,0,0,0,0,0,0,1,1,0,0,1,0,0,0,0,1,0,0,0,0,0,0,0,0,0,0,0,0,0,0,-1,0,0,0,1,0,0,0,0,0,0
2582,83,1,11,0,1,0,1,0,0,1,0,0,0,0,0,0,0,0,0,0,0,1,0,0,0,0,0,0,0,1,0,0,0,0,1,0,0,0,0,0,0,0,0,0,0,0,1,0,0,0,0,0,0,0,-1,0,1,0,0,1,0,0,0,0,0,0,0,0,0,0,0,0,0,0,0,0,0,0,0,0,0,0,0,0,0,0,0,0,0,0,0,0,0,0,0,0,0,0,0,0,0,0,0,0,0,0,0,0,0,0,0,0,0,0,0,0,0,0,0,0,0,0,0,0,0,0,0,0,0,0,0,0,0,0,0,0,0,0,0,0,0,0,0,0,0,0,0,0,0,0,0,0,0,0,0,0,0,0,0,0,0,0,0,0,0,0,0,0,0,0,0,0,0,0,0,0,0,0,0,0,0,0,0,0,0,0,1,0,0,0,0,0,0,0,0,0,0,0,0,0,0,0,0,0,0,0,0,0,0,0,1,0,0,0,0,0,0,0,1,0,0,0,0,0,0,0,0,0,0,0,1
2582,83,2,09,1,0,1,1,1,1,0,1,1,0,1,0,1,1,0,0,0,0,0,1,0,0,1,1,0,1,0,0,0,0,0,0,0,0,0,0,0,0,0,0,0,0,0,0,1,1,0,0,0,0,-1,0,0,0,1,0,0,0,0,0,0,0,1,0,1,1,0,0,0,0,0,0,1,0,1,0,0,0,0,0,1,0,0,0,0,0,0,0,0,0,0,0,0,0,0,0,0,0,0,0,-1,0,1,0,1,-1,0,1,0,1,0,0,0,0,0,0,0,0,0,0,1,0,1,1,2,0,2,1,2,0,1,0,1,0,2,0,0,0,1,0,0,0,1,1,0,0,2,0,1,0,0,0,0,0,0,0,0,0,0,0,1,-2,0,-1,2,1,0,0,-1,2,0,-2,0,0,0,0,0,0,0,0,0,1,1,0,0,1,2,0,0,1,1,0,0,0,0,0,0,1,1,0,0,0,1,0,0,0,0,0,0,0,0,0,0,0,-1,0,0,0,0,0,0,0,-1,0,0,0,0,0
2582,83,2,11,0,0,0,0,0,0,0,0,0,0,0,0,0,0,0,0,0,0,0,0,0,0,0,0,0,0,0,0,0,0,0,0,0,0,0,0,0,0,0,0,0,0,0,0,0,0,0,0,0,0,0,0,0,0,0,0,0,0,0,0,0,0,0,0,0,0,0,0,0,0,0,0,0,0,0,0,0,0,0,0,0,0,0,0,0,0,0,0,0,0,0,0,0,0,0,0,0,0,0,0,0,0,0,0,0,0,0,0,0,0,0,0,0,0,0,0,0,0,0,0,0,0,0,1,0,0,0,0,2,0,0,0,0,1,0,0,0,0,0,0,0,0,0,2,0,0,0,0,0,0,0,0,0,0,0,0,0,0,0,0,0,0,0,-1,0,0,0,0,-1,0,0,0,0,0,0,0,0,0,0,0,1,0,0,0,0,0,0,0,1,0,0,0,0,0,0,0,0,0,0,0,0,0,0,0,0,0,0,0,0,0,0,0,1,0,0,0,1,0,0,0,0,0,0,0,0,0,0,0
2582,84,1,09,0,0,1,0,0,0,1,0,1,0,0,0,1,0,0,0,0,0,0,0,0,1,0,1,0,0,0,0,0,0,0,0,0,0,0,0,0,0,0,0,0,-1,1,-1,0,0,-1,1,-1,0,0,0,0,0,0,0,0,0,0,0,2,0,1,0,0,0,0,0,1,1,1,0,0,0,0,1,0,1,0,0,0,0,0,1,1,0,0,0,0,0,0,0,0,0,0,0,0,0,0,0,2,0,1,-1,-1,1,0,0,-1,-1,1,0,1,0,0,0,0,0,0,0,0,1,2,1,0,0,0,0,1,0,0,1,2,1,0,0,0,0,0,0,0,0,0,1,0,0,0,0,0,0,0,0,0,0,0,0,0,0,0,0,0,1,2,0,0,0,1,2,0,0,0,0,0,0,0,0,0,0,0,0,0,1,1,0,0,1,0,1,0,1,1,0,0,0,0,0,0,1,0,1,0,0,0,0,0,0,0,0,0,0,0,0,0,0,1,-1,0,0,1,-1,0,0,0,0,0,0,0,0
2582,84,1,11,0,0,0,0,0,0,0,0,0,0,0,0,0,0,0,0,0,0,0,0,0,0,0,0,0,0,0,0,0,0,0,0,0,0,0,0,0,0,0,0,0,0,0,0,0,0,0,0,0,0,0,0,0,0,0,0,0,0,0,0,0,0,0,0,0,0,0,0,0,1,0,0,0,0,0,0,0,0,0,0,0,0,0,0,0,0,0,0,0,1,0,0,0,0,0,0,0,0,0,0,0,0,0,0,-1,0,0,0,0,0,0,0,0,0,-1,0,0,0,0,0,0,0,0,0,0,0,0,0,0,0,0,0,0,0,0,0,0,0,0,0,0,0,0,0,0,0,0,0,0,0,0,0,0,0,0,0,0,0,0,0,0,0,0,0,0,0,0,0,0,0,0,0,0,0,0,0,0,0,0,0,0,0,0,0,0,0,0,0,0,0,0,0,0,0,0,0,0,0,0,0,0,0,0,0,0,0,0,0,0,0,0,0,0,0,0,0,0,0,0,0,0,0,0,0,0,0,0,0
2582,84,2,09,1,0,0,0,0,2,1,0,0,0,1,0,0,0,0,0,0,0,0,0,1,0,0,0,0,1,1,0,0,0,0,0,0,0,0,0,0,0,0,0,-1,-1,0,0,0,0,0,0,0,0,-1,-1,0,0,0,0,0,0,0,0,0,1,0,0,1,2,2,0,0,1,0,1,0,0,1,0,0,0,0,0,1,1,0,0,0,1,1,0,0,1,0,0,0,0,0,0,0,0,0,0,-2,-1,0,0,0,-1,0,0,0,1,-1,-1,0,0,-1,0,0,0,0,0,0,4,0,0,0,0,2,1,0,1,0,4,0,0,0,0,0,0,0,0,0,2,1,0,1,0,0,0,0,0,0,0,0,0,0,0,0,0,0,0,0,2,-1,0,-1,0,2,-1,0,-1,0,0,0,0,0,0,0,0,0,0,0,0,0,2,0,1,1,1,0,0,0,1,0,0,0,1,0,0,0,0,0,1,1,1,0,0,0,0,0,0,0,0,0,-1,-1,1,0,0,0,1,0,-1,-1,0,0,0,0,0
2582,84,2,11,0,0,0,0,0,0,0,0,0,0,0,0,0,0,0,0,0,0,0,0,0,0,0,0,0,0,0,0,0,0,0,0,0,0,0,0,0,0,0,0,0,0,0,0,0,0,0,0,0,0,0,0,0,0,0,0,0,0,0,0,0,0,0,0,0,0,1,0,0,0,0,0,0,0,0,0,0,0,0,0,0,1,0,0,0,0,0,0,0,0,0,0,0,0,0,0,0,0,0,0,0,-1,0,0,0,0,-1,0,0,0,0,0,0,0,0,0,0,0,0,0,0,0,0,0,0,0,0,0,0,0,0,0,0,0,0,0,0,0,0,0,0,0,0,0,0,0,0,0,0,0,0,0,0,0,0,0,0,0,0,0,0,0,0,0,0,0,0,0,0,0,0,0,0,0,0,0,0,0,0,0,0,0,0,0,0,1,1,0,0,0,0,0,0,0,0,0,0,1,0,0,0,0,0,0,0,0,0,0,0,0,1,0,0,-1,-1,0,0,-1,0,0,0,0,0,0,0,0,-1,0
2582,85,1,09,0,0,1,0,0,0,0,0,0,0,0,0,1,0,0,0,0,0,0,0,0,0,0,0,0,0,0,0,0,0,0,0,0,0,0,0,0,0,0,0,0,0,1,0,0,0,0,1,0,0,0,0,0,0,0,0,0,0,0,0,0,1,0,0,0,1,2,2,2,0,0,1,0,0,0,0,0,0,0,0,0,1,1,0,0,1,1,1,2,0,0,0,0,0,0,0,0,0,0,0,-1,-1,-2,-2,0,0,0,-1,0,0,-1,-1,-1,-2,0,0,0,0,0,0,0,0,0,0,0,0,0,0,3,1,0,0,0,0,0,0,0,0,0,0,0,0,0,2,1,0,0,0,1,0,0,0,0,0,0,0,0,0,0,0,0,0,0,-3,-1,0,0,0,-2,-1,0,0,0,-1,0,0,0,0,0,0,0,0,1,0,0,2,1,1,0,0,1,0,0,0,0,0,0,1,1,1,0,1,0,0,0,0,0,0,0,0,0,0,0,-2,0,-1,0,-1,0,-1,0,-1,0,0,0,0,0,0
2582,85,1,11,0,0,0,0,0,0,0,0,0,0,0,0,0,0,0,0,0,0,0,0,0,0,0,0,0,0,0,0,0,0,0,0,0,0,0,0,0,0,0,0,0,0,0,0,0,0,0,0,0,0,0,0,0,0,0,0,0,0,0,0,0,0,0,0,0,0,0,0,0,0,0,0,0,0,0,0,0,0,0,0,0,0,0,0,0,0,0,0,0,0,0,0,0,0,0,0,0,0,0,0,0,0,0,0,0,0,0,0,0,0,0,0,0,0,0,0,0,0,0,0,0,0,0,1,0,0,0,0,0,0,0,0,0,1,0,0,0,0,0,0,0,0,0,0,0,0,0,0,0,0,0,0,0,0,0,0,0,0,0,0,0,0,0,1,0,0,0,0,1,0,0,0,0,0,0,0,0,0,0,0,0,0,0,0,0,0,0,0,0,0,0,0,0,0,0,0,0,0,0,0,0,0,0,0,0,0,0,0,0,0,0,0,0,0,0,0,0,0,0,0,0,0,0,0,0,0,0,0
2582,85,2,09,2,0,0,0,0,1,1,0,1,1,1,0,0,0,0,1,0,0,0,0,1,1,0,1,0,0,0,0,0,1,0,0,0,0,0,0,0,0,0,0,1,-1,0,-1,-1,0,-1,0,-1,0,1,0,0,0,-1,0,0,0,0,0,1,0,0,2,1,0,1,0,1,2,0,0,0,2,0,1,0,0,0,1,0,1,0,1,1,0,0,0,0,1,0,0,0,0,0,0,0,0,0,0,1,-1,0,1,-1,0,-1,0,1,-1,1,0,0,0,0,0,0,0,0,0,0,1,0,1,0,0,2,0,0,0,0,1,0,1,0,0,0,0,0,0,0,1,0,0,0,0,1,0,0,0,0,0,0,0,0,0,0,0,0,0,0,-1,0,1,0,0,0,0,1,0,0,-1,0,0,0,0,0,0,0,0,1,0,1,0,0,0,0,0,1,0,0,0,0,0,1,0,0,0,0,0,0,0,0,0,0,0,0,0,0,0,0,0,1,0,1,0,1,0,0,0,0,0,1,0,0,0,0,0
2582,85,2,11,0,0,0,0,0,0,0,0,0,0,0,0,0,0,0,0,0,0,0,0,0,0,0,0,0,0,0,0,0,0,0,0,0,0,0,0,0,0,0,0,0,0,0,0,0,0,0,0,0,0,0,0,0,0,0,0,0,0,0,0,0,0,0,0,0,0,0,1,0,0,0,0,0,0,0,0,0,0,0,0,0,0,0,0,0,0,0,0,0,0,0,0,0,0,0,0,0,1,0,0,0,0,-1,0,0,0,0,0,0,0,0,0,0,0,0,0,0,-1,0,0,0,0,0,0,0,1,0,0,0,0,0,0,0,0,0,0,0,0,0,0,0,0,0,0,0,1,0,0,0,0,0,0,0,0,0,0,0,0,0,0,-1,0,0,0,0,0,0,0,0,0,-1,0,0,0,0,0,0,0,0,0,0,0,1,0,0,0,0,0,0,0,1,0,0,0,0,0,0,0,0,0,0,0,0,0,0,0,0,0,0,0,0,0,0,0,1,0,0,0,1,0,0,0,0,0,0,0,0,0
2582,86,1,09,0,0,0,0,1,0,1,0,0,0,0,0,0,0,1,0,0,0,0,0,0,1,0,0,0,0,0,0,0,0,0,0,0,0,0,0,0,0,0,0,0,-1,0,0,1,0,-1,0,0,1,0,0,0,0,0,0,0,0,0,0,0,0,0,0,0,0,0,0,0,1,0,0,0,0,0,0,0,0,0,0,0,0,0,0,1,0,0,0,0,0,0,0,0,0,0,0,0,0,0,0,0,0,0,0,-1,0,0,0,0,-1,0,0,0,0,0,0,0,0,0,0,0,0,0,2,1,0,0,1,0,1,0,0,0,2,1,0,0,0,0,0,0,0,1,0,1,0,0,0,0,0,0,0,0,0,0,0,0,0,0,0,0,0,-1,2,0,0,0,-1,2,0,0,0,0,0,0,0,0,0,0,0,0,0,2,1,0,0,0,1,0,0,1,0,0,0,1,1,0,0,0,1,0,0,0,0,0,0,0,0,0,0,0,0,0,0,2,0,0,0,1,-1,0,0,1,1,0,0,0,0
2582,86,1,11,0,0,0,0,0,0,0,0,0,0,0,0,0,0,0,0,0,0,0,0,0,0,0,0,0,0,0,0,0,0,0,0,0,0,0,0,0,0,0,0,0,0,0,0,0,0,0,0,0,0,0,0,0,0,0,0,0,0,0,0,0,0,0,0,0,0,0,0,0,0,0,0,0,0,0,0,0,0,0,0,0,0,0,0,0,0,0,0,0,0,0,0,0,0,0,0,0,0,0,0,0,0,0,0,0,0,0,0,0,0,0,0,0,0,0,0,0,0,0,0,0,0,0,0,0,0,0,0,0,0,0,0,0,0,0,0,0,0,0,0,0,0,0,0,0,0,0,0,0,0,0,0,0,0,0,0,0,0,0,0,0,0,0,0,0,0,0,0,0,0,0,0,0,0,0,0,0,0,0,0,0,0,0,0,0,0,0,0,0,0,0,0,0,0,0,0,0,0,0,0,0,0,0,0,0,0,0,0,0,0,0,0,0,0,0,0,0,0,0,0,0,0,0,0,0,0,0,0
2582,86,2,09,1,0,0,0,0,0,0,1,0,0,1,0,0,0,0,0,0,0,0,0,0,0,1,0,0,0,0,0,0,0,0,0,0,0,0,0,0,0,0,0,1,0,-1,0,0,1,0,-1,0,0,0,0,0,0,0,0,0,0,0,0,0,0,0,1,0,1,0,0,1,1,0,0,0,0,0,0,0,0,1,0,1,0,0,1,0,0,0,0,0,1,0,0,0,0,0,0,0,0,0,0,-1,0,0,0,-1,-1,0,0,-1,0,0,0,0,1,-1,0,0,0,0,0,0,1,0,2,0,1,0,0,0,0,0,0,0,1,0,0,1,0,1,0,0,0,0,0,0,1,0,0,0,0,0,0,0,0,0,0,0,0,0,0,-1,1,0,2,0,0,0,0,1,0,-1,1,0,1,0,0,0,0,0,0,0,0,0,0,1,1,0,1,0,0,0,0,0,0,0,0,1,1,0,1,0,0,0,0,0,0,0,0,0,0,0,0,-1,-1,0,-1,-1,-1,0,-1,0,0,0,0,0,0,0,0
2582,86,2,11,0,0,0,0,0,0,0,0,0,0,0,0,0,0,0,0,0,0,0,0,0,0,0,0,0,0,0,0,0,0,0,0,0,0,0,0,0,0,0,0,0,0,0,0,0,0,0,0,0,0,0,0,0,0,0,0,0,0,0,0,0,1,0,0,0,0,0,0,0,0,0,1,0,0,0,0,0,0,0,0,0,0,0,0,0,0,0,0,0,0,0,0,0,0,0,0,0,0,0,0,0,1,0,0,0,0,1,0,0,0,0,0,0,0,0,0,0,0,0,0,0,0,0,0,0,0,0,0,0,0,0,0,0,0,0,0,0,0,0,0,0,0,0,0,0,0,0,0,0,0,0,0,0,0,0,0,0,0,0,0,0,0,0,0,0,0,0,0,0,0,0,0,0,0,0,0,0,0,0,0,0,0,0,0,0,0,0,0,0,0,0,0,0,0,0,0,0,0,0,0,0,0,0,0,0,0,0,0,0,0,0,0,0,0,0,0,0,0,0,0,0,0,0,0,0,0,0,0
2582,87,1,09,0,0,0,0,0,0,0,0,0,0,0,0,0,0,0,0,0,0,0,0,0,0,0,0,0,0,0,0,0,0,0,0,0,0,0,0,0,0,0,0,0,0,0,0,0,0,0,0,0,0,0,0,0,0,0,0,0,0,0,0,0,0,0,0,0,1,0,0,0,0,0,0,0,0,0,0,0,0,0,0,1,0,0,0,0,0,0,0,0,0,0,0,0,0,0,0,0,0,0,0,-1,0,0,0,0,-1,0,0,0,0,0,0,0,0,0,0,0,0,0,0,0,0,0,1,0,0,0,0,0,1,0,0,0,1,0,0,0,0,0,0,0,0,0,0,1,0,0,0,0,0,0,0,0,0,0,0,0,0,0,0,0,0,0,1,-1,0,0,0,1,-1,0,0,0,0,0,0,0,0,0,0,0,0,2,0,0,0,0,0,0,0,2,0,0,0,0,0,0,0,0,0,0,0,0,0,0,0,0,0,0,0,0,0,0,0,2,0,0,0,2,0,0,0,0,0,0,0,0,0
2582,87,1,11,0,0,0,0,0,0,0,0,0,0,0,0,0,0,0,0,0,0,0,0,0,0,0,0,0,0,0,0,0,0,0,0,0,0,0,0,0,0,0,0,0,0,0,0,0,0,0,0,0,0,0,0,0,0,0,0,0,0,0,0,0,0,0,0,0,0,0,0,0,0,0,0,0,0,0,0,0,0,0,0,0,0,0,0,0,0,0,0,0,0,0,0,0,0,0,0,0,0,0,0,0,0,0,0,0,0,0,0,0,0,0,0,0,0,0,0,0,0,0,0,0,0,0,0,0,0,0,0,0,0,0,0,0,0,0,0,0,0,0,0,0,0,0,0,0,0,0,0,0,0,0,0,0,0,0,0,0,0,0,0,0,0,0,0,0,0,0,0,0,0,0,0,0,0,0,0,0,0,0,0,0,0,0,0,0,0,0,0,0,0,0,0,0,0,0,0,0,0,0,0,0,0,0,0,0,0,0,0,0,0,0,0,0,0,0,0,0,0,0,0,0,0,0,0,0,0,0,0
2582,87,2,09,0,1,1,0,0,2,2,0,1,0,0,1,1,0,0,0,0,0,0,0,0,1,0,0,0,2,1,0,1,0,0,0,0,0,0,0,0,0,0,0,-2,-1,1,-1,0,0,0,1,0,0,-2,-1,0,-1,0,0,0,0,0,0,0,0,0,0,0,2,2,1,0,0,0,0,0,0,0,0,0,0,0,0,2,1,1,0,0,0,1,0,0,0,0,0,0,0,0,0,0,0,0,0,-2,-2,-1,0,0,-2,-1,-1,0,0,0,-1,0,0,0,0,0,0,0,0,1,0,0,0,0,1,0,0,1,0,1,0,0,0,0,0,0,0,0,0,0,0,0,1,0,1,0,0,0,0,0,0,0,0,0,0,0,0,0,0,0,0,0,-1,0,1,0,0,-1,0,-1,0,0,0,0,0,0,0,0,0,0,0,1,1,2,0,0,0,0,0,1,1,0,0,0,0,1,0,0,0,1,0,0,0,0,0,0,0,0,0,0,0,-2,0,1,1,-1,0,1,1,-1,0,0,0,0,0,0,0
2582,87,2,11,0,0,0,0,0,0,0,0,0,0,0,0,0,0,0,0,0,0,0,0,0,0,0,0,0,0,0,0,0,0,0,0,0,0,0,0,0,0,0,0,0,0,0,0,0,0,0,0,0,0,0,0,0,0,0,0,0,0,0,0,0,0,0,0,1,0,0,0,0,0,0,0,0,0,1,0,0,0,0,0,0,0,0,0,0,0,0,0,0,0,0,0,0,0,0,0,0,0,0,0,0,0,0,0,1,0,0,0,0,1,0,0,0,0,0,0,0,0,0,0,0,1,0,0,0,0,0,0,0,0,0,0,0,0,0,0,0,0,0,0,0,0,0,0,0,0,0,0,0,0,0,1,0,0,0,0,0,0,0,0,0,1,0,0,0,0,0,0,0,0,0,0,0,0,0,0,1,0,0,0,0,0,0,0,0,0,0,1,0,0,0,0,0,0,0,0,0,0,0,1,0,0,0,0,0,0,0,0,0,0,0,0,0,0,0,-1,0,0,0,-1,0,0,0,0,0,0,0,0
2582,88,1,09,1,0,0,0,0,0,0,0,0,0,1,0,0,0,0,0,0,0,0,0,0,0,0,0,0,0,0,0,0,0,0,0,0,0,0,0,0,0,0,0,1,0,0,0,0,1,0,0,0,0,0,0,0,0,0,0,0,0,0,0,0,0,0,0,0,0,0,0,1,0,0,0,0,0,0,0,0,0,0,0,0,0,0,1,0,0,0,0,0,0,0,0,0,0,0,0,0,0,0,0,0,0,0,-1,0,0,0,0,-1,0,0,0,0,0,0,0,0,0,0,0,0,1,1,0,0,0,1,0,0,0,0,1,1,0,0,0,0,0,0,0,0,1,0,0,0,0,0,0,0,0,0,0,0,0,0,0,0,0,0,0,0,0,1,0,0,0,0,1,0,0,0,0,0,0,0,0,0,0,0,0,1,0,1,1,0,0,0,0,1,0,1,0,0,0,0,1,0,0,0,0,0,0,0,0,0,0,0,0,0,0,0,0,1,0,1,1,1,0,1,0,0,0,0,1,0,0,0,0
2582,88,1,11,0,0,0,0,0,0,0,0,0,0,0,0,0,0,0,0,0,0,0,0,0,0,0,0,0,0,0,0,0,0,0,0,0,0,0,0,0,0,0,0,0,0,0,0,0,0,0,0,0,0,0,0,0,0,0,0,0,0,0,0,0,0,0,0,0,0,0,0,1,0,0,0,0,0,0,0,0,0,0,0,0,0,0,1,0,0,0,0,0,0,0,0,0,0,0,0,0,0,0,0,0,0,0,-1,0,0,0,0,-1,0,0,0,0,0,0,0,0,0,0,0,0,0,0,1,0,0,0,0,0,0,0,0,0,0,0,0,0,0,0,0,0,0,0,0,0,0,0,0,0,0,0,0,0,1,0,0,0,0,0,0,0,0,0,1,0,0,0,0,0,0,0,0,0,0,0,0,0,0,1,0,0,0,0,0,0,0,0,0,0,0,0,0,0,0,0,0,0,0,0,0,0,0,0,0,0,0,0,0,0,0,0,0,0,0,0,0,0,0,0,0,0,0,0,0,0,0,0,0
2582,88,2,09,2,1,1,0,0,1,0,1,1,1,2,0,0,0,0,0,1,1,0,0,0,0,1,1,1,1,0,0,0,0,0,0,0,0,0,0,0,0,0,0,1,1,0,-1,-1,2,0,-1,-1,-1,-1,1,1,0,0,0,0,0,0,0,0,0,0,0,0,0,1,0,1,0,0,0,0,0,0,0,0,0,0,0,0,1,0,1,0,0,0,0,0,0,0,0,0,0,0,0,0,0,0,0,0,-1,0,-1,0,0,-1,0,-1,0,0,0,0,0,0,0,0,0,0,0,0,1,0,1,0,0,1,0,0,0,0,0,0,0,0,0,1,0,1,0,0,1,0,0,0,0,0,0,0,0,0,0,0,0,0,0,0,0,0,0,0,0,0,1,0,0,-1,0,0,0,0,1,0,1,0,0,0,0,0,0,0,0,1,0,0,0,0,1,0,0,1,0,0,0,0,0,0,0,0,1,0,0,0,0,0,0,0,0,0,0,0,0,0,0,1,-1,0,0,1,-1,0,0,0,0,0,0,0,0
2582,88,2,11,0,0,0,0,0,0,0,0,0,0,0,0,0,0,0,0,0,0,0,0,0,0,0,0,0,0,0,0,0,0,0,0,0,0,0,0,0,0,0,0,0,0,0,0,0,0,0,0,0,0,0,0,0,0,0,0,0,0,0,0,0,0,0,0,0,0,0,0,0,0,0,0,0,0,0,0,0,0,0,0,0,0,0,0,0,0,0,0,0,0,0,0,0,0,0,0,0,0,0,0,0,0,0,0,0,0,0,0,0,0,0,0,0,0,0,0,0,0,0,0,0,0,0,0,0,0,0,0,0,0,0,0,0,0,0,0,0,0,0,0,0,0,0,0,0,0,0,0,0,0,0,0,0,0,0,0,0,0,0,0,0,0,0,0,0,0,0,0,0,0,0,0,0,0,0,0,0,0,0,0,0,0,0,0,0,0,0,0,0,0,0,0,0,0,0,0,0,0,0,0,0,0,0,0,0,0,0,0,0,0,0,0,0,0,0,0,0,0,0,0,0,0,0,0,0,0,0,0
2582,89,1,09,0,0,0,0,0,1,0,1,1,0,0,0,0,0,0,0,0,0,0,0,0,0,1,0,0,1,0,0,1,0,0,0,0,0,0,0,0,0,0,0,-1,0,-1,-1,0,0,0,-1,0,0,-1,0,0,-1,0,0,0,0,0,0,0,0,0,0,0,0,0,0,0,0,0,0,0,0,0,0,0,0,0,0,0,0,0,0,0,0,0,0,0,0,0,0,0,0,0,0,0,0,0,0,0,0,0,0,0,0,0,0,0,0,0,0,0,0,0,0,0,0,0,0,0,0,0,0,0,0,0,0,0,0,0,0,0,0,0,0,0,0,0,0,0,0,0,0,0,0,0,0,0,0,0,0,0,0,0,0,0,0,0,0,0,0,0,0,0,0,0,0,0,0,0,0,0,0,0,0,0,0,0,0,0,0,1,1,0,0,0,0,0,0,1,1,0,0,0,0,0,0,0,0,0,0,0,0,0,0,0,0,0,0,0,0,0,0,1,1,0,0,1,1,0,0,0,0,0,0,0,0
2582,89,1,11,0,0,0,0,0,0,0,0,0,0,0,0,0,0,0,0,0,0,0,0,0,0,0,0,0,0,0,0,0,0,0,0,0,0,0,0,0,0,0,0,0,0,0,0,0,0,0,0,0,0,0,0,0,0,0,0,0,0,0,0,0,0,0,0,1,0,0,0,0,0,0,0,0,0,1,0,0,0,0,0,0,0,0,0,0,0,0,0,0,0,0,0,0,0,0,0,0,0,0,0,0,0,0,0,1,0,0,0,0,1,0,0,0,0,0,0,0,0,0,0,0,0,0,0,0,0,0,0,0,0,0,0,0,0,0,0,0,0,0,0,0,0,0,0,0,0,0,0,0,0,0,0,0,0,0,0,0,0,0,0,0,0,0,0,0,0,0,0,0,0,0,0,0,0,0,0,0,0,0,0,0,0,0,0,0,0,0,0,0,0,0,0,0,0,0,0,0,0,0,0,0,0,0,0,0,0,0,0,0,0,0,0,0,0,0,0,0,0,0,0,0,0,0,0,0,0,0,0
2582,89,2,09,0,0,0,0,0,1,1,0,1,1,0,0,0,0,0,0,0,0,0,0,1,1,0,1,0,0,0,0,0,1,0,0,0,0,0,0,0,0,0,0,-1,-1,0,-1,-1,-1,-1,0,-1,0,0,0,0,0,-1,0,0,0,0,0,0,0,0,2,0,1,0,1,0,0,0,0,0,2,0,0,0,0,0,0,1,0,0,0,0,0,0,0,0,0,0,0,0,0,0,0,0,1,0,0,-1,0,-1,2,0,-1,0,0,2,0,0,0,0,0,0,0,0,-1,0,0,0,0,1,0,0,1,0,0,0,0,0,0,1,0,0,0,0,0,0,0,0,0,0,0,0,1,0,0,0,0,0,0,0,0,0,0,0,0,0,0,-1,0,1,0,0,0,0,1,0,0,-1,0,0,0,0,0,0,0,0,0,0,0,0,0,0,0,0,0,0,0,0,0,0,0,0,0,0,0,0,0,0,0,0,0,0,0,0,0,0,0,0,0,0,0,0,0,0,0,0,0,0,0,0,0,0,0,0,0
2582,89,2,11,0,0,0,0,0,0,0,0,0,0,0,0,0,0,0,0,0,0,0,0,0,0,0,0,0,0,0,0,0,0,0,0,0,0,0,0,0,0,0,0,0,0,0,0,0,0,0,0,0,0,0,0,0,0,0,0,0,0,0,0,0,1,0,0,0,0,0,0,0,0,0,1,0,0,0,0,0,0,0,0,0,0,0,0,0,0,0,0,0,0,0,0,0,0,0,0,0,0,0,0,0,1,0,0,0,0,1,0,0,0,0,0,0,0,0,0,0,0,0,0,0,0,0,0,0,0,0,0,0,0,0,0,0,0,0,0,0,0,0,0,0,0,0,0,0,0,0,0,0,0,0,0,0,0,0,0,0,0,0,0,0,0,0,0,0,0,0,0,0,0,0,0,0,0,0,0,0,0,0,0,0,0,0,0,0,0,0,0,0,0,0,0,0,0,0,0,0,0,0,0,0,0,0,0,0,0,0,0,0,0,0,0,0,0,0,0,0,0,0,0,0,0,0,0,0,0,0,0
2582,90,1,09,1,0,0,1,0,0,0,0,1,0,1,0,0,1,0,0,0,0,0,0,0,0,0,0,0,0,0,0,1,0,0,0,0,0,0,0,0,0,0,0,1,0,0,0,0,1,0,0,1,0,0,0,0,-1,0,0,0,0,0,0,0,0,0,0,0,0,0,1,1,0,0,0,0,0,0,0,0,0,0,0,0,0,1,1,0,0,0,0,0,0,0,0,0,0,0,0,0,0,0,0,0,0,-1,-1,0,0,0,-1,-1,0,0,0,0,0,0,0,0,0,0,0,0,0,0,0,0,0,0,1,0,0,0,0,0,0,0,0,0,0,0,0,0,0,0,0,0,0,0,1,0,0,0,0,0,0,0,0,0,0,0,0,0,0,-1,0,0,0,0,0,0,0,0,0,-1,0,0,0,0,0,0,0,0,1,0,0,1,1,2,0,0,1,0,0,0,0,0,0,0,1,1,0,1,0,1,0,0,0,0,0,0,0,0,0,-1,0,-2,0,0,0,-1,0,-1,0,-1,0,0,0,0,0
2582,90,1,11,0,0,0,0,0,0,0,0,0,0,0,0,0,0,0,0,0,0,0,0,0,0,0,0,0,0,0,0,0,0,0,0,0,0,0,0,0,0,0,0,0,0,0,0,0,0,0,0,0,0,0,0,0,0,0,0,0,0,0,0,0,0,0,0,0,0,0,0,0,0,0,0,0,0,0,0,0,0,0,0,0,0,0,0,0,0,0,0,0,0,0,0,0,0,0,0,0,0,0,0,0,0,0,0,0,0,0,0,0,0,0,0,0,0,0,0,0,0,0,0,0,0,0,0,0,0,0,0,0,0,0,0,0,0,0,0,0,0,0,0,0,0,0,0,0,0,0,0,0,0,0,0,0,0,0,0,0,0,0,0,0,0,0,0,0,0,0,0,0,0,0,0,0,0,0,0,0,0,0,0,0,0,0,0,0,0,0,0,0,0,0,0,0,0,0,0,0,0,0,0,0,0,0,0,0,0,0,0,0,0,0,0,0,0,0,0,0,0,0,0,0,0,0,0,0,0,0,0
2582,90,2,09,0,0,0,0,2,2,0,0,0,1,0,0,0,0,2,0,0,0,0,0,1,0,0,0,1,1,0,0,0,0,0,0,0,0,0,0,0,0,0,0,-2,0,0,0,1,-1,0,0,0,1,-1,0,0,0,0,0,0,0,0,0,0,2,0,2,1,0,0,0,0,0,0,2,0,0,1,0,0,0,2,0,0,0,0,0,0,0,0,0,0,0,0,0,0,0,0,0,0,0,0,0,0,2,0,2,1,0,2,0,0,1,0,0,0,2,0,0,0,0,0,0,0,0,0,0,0,0,0,0,2,0,0,0,0,0,0,0,0,0,0,0,0,0,0,2,0,0,0,0,0,0,0,0,0,0,0,0,0,0,0,0,0,0,0,-2,0,0,0,0,-2,0,0,0,0,0,0,0,0,0,0,0,0,0,0,0,0,0,0,0,0,0,0,0,0,0,0,0,0,0,0,0,0,0,0,0,0,0,0,0,0,0,0,0,0,0,0,0,0,0,0,0,0,0,0,0,0,0,0,0
2582,90,2,11,0,0,0,0,0,0,0,0,0,0,0,0,0,0,0,0,0,0,0,0,0,0,0,0,0,0,0,0,0,0,0,0,0,0,0,0,0,0,0,0,0,0,0,0,0,0,0,0,0,0,0,0,0,0,0,0,0,0,0,0,0,0,1,0,0,0,0,0,0,0,0,0,1,0,0,0,0,0,0,0,0,0,0,0,0,0,0,0,0,0,0,0,0,0,0,0,0,0,0,0,0,0,1,0,0,0,0,1,0,0,0,0,0,0,0,0,0,0,0,0,0,0,0,0,1,0,0,0,0,0,0,0,0,0,1,0,0,0,0,0,0,0,0,0,0,0,0,0,0,0,0,0,0,0,0,0,0,0,0,0,0,0,0,0,1,0,0,0,0,1,0,0,0,0,0,0,0,0,0,0,0,0,0,0,0,0,0,0,0,0,0,0,0,0,0,0,0,0,0,0,0,0,0,0,0,0,0,0,0,0,0,0,0,0,0,0,0,0,0,0,0,0,0,0,0,0,0,0
2582,91,1,09,0,0,0,0,0,0,0,0,0,0,0,0,0,0,0,0,0,0,0,0,0,0,0,0,0,0,0,0,0,0,0,0,0,0,0,0,0,0,0,0,0,0,0,0,0,0,0,0,0,0,0,0,0,0,0,0,0,0,0,0,0,0,0,0,0,0,0,0,0,1,0,0,0,0,0,0,0,0,0,0,0,0,0,0,0,0,0,0,0,1,0,0,0,0,0,0,0,0,0,0,0,0,0,0,-1,0,0,0,0,0,0,0,0,0,-1,0,0,0,0,0,0,0,0,0,0,0,0,0,1,0,0,0,0,0,0,0,0,0,0,0,0,0,0,1,0,0,0,0,0,0,0,0,0,0,0,0,0,0,0,0,0,0,0,-1,0,0,0,0,-1,0,0,0,0,0,0,0,0,0,0,0,0,0,0,0,0,0,0,0,0,0,0,0,0,0,0,0,0,0,0,0,0,0,0,0,0,0,0,0,0,0,0,0,0,0,0,0,0,0,0,0,0,0,0,0,0,0,0,0
2582,91,1,11,0,0,0,0,0,0,0,0,0,0,0,0,0,0,0,0,0,0,0,0,0,0,0,0,0,0,0,0,0,0,0,0,0,0,0,0,0,0,0,0,0,0,0,0,0,0,0,0,0,0,0,0,0,0,0,0,0,0,0,0,0,0,0,0,0,0,0,0,0,0,0,0,0,0,0,0,0,0,0,0,0,0,0,0,0,0,0,0,0,0,0,0,0,0,0,0,0,0,0,0,0,0,0,0,0,0,0,0,0,0,0,0,0,0,0,0,0,0,0,0,0,0,0,0,0,0,0,0,0,0,0,0,0,0,0,0,0,0,0,0,0,0,0,0,0,0,0,0,0,0,0,0,0,0,0,0,0,0,0,0,0,0,0,0,0,0,0,0,0,0,0,0,0,0,0,0,0,0,0,0,0,0,0,0,0,0,0,0,0,0,0,0,0,0,0,0,0,0,0,0,0,0,0,0,0,0,0,0,0,0,0,0,0,0,0,0,0,0,0,0,0,0,0,0,0,0,0,0
2582,91,2,09,0,0,0,1,0,0,0,0,0,0,0,0,0,1,0,0,0,0,0,0,0,0,0,0,0,0,0,0,0,0,0,0,0,0,0,0,0,0,0,0,0,0,0,1,0,0,0,0,1,0,0,0,0,0,0,0,0,0,0,0,0,0,1,0,0,0,0,0,1,1,0,0,1,0,0,0,0,0,0,0,0,0,0,0,0,0,0,0,1,1,0,0,0,0,0,0,0,0,0,0,0,0,1,-1,-1,0,0,1,0,0,0,0,0,-1,-1,0,0,0,0,0,0,0,0,0,0,0,0,1,1,0,0,0,0,0,0,0,0,0,0,0,0,0,0,1,0,0,0,1,0,0,0,0,0,0,0,0,0,0,0,0,0,0,-1,-1,0,0,0,0,-1,0,0,0,-1,0,0,0,0,0,0,0,0,0,0,0,0,0,0,0,0,0,0,0,0,0,0,0,0,0,0,0,0,0,0,0,0,0,0,0,0,0,0,0,0,0,0,0,0,0,0,0,0,0,0,0,0,0,0,0
2582,91,2,11,0,0,0,0,0,0,0,0,0,0,0,0,0,0,0,0,0,0,0,0,0,0,0,0,0,0,0,0,0,0,0,0,0,0,0,0,0,0,0,0,0,0,0,0,0,0,0,0,0,0,0,0,0,0,0,0,0,0,0,0,0,0,0,0,0,0,0,0,1,0,0,0,0,0,0,0,0,0,0,0,0,0,0,0,0,0,0,0,1,0,0,0,0,0,0,0,0,0,0,0,0,0,0,-1,0,0,0,0,0,0,0,0,0,-1,0,0,0,0,0,0,0,0,0,1,0,0,0,0,0,0,0,0,0,0,0,0,0,0,0,0,0,0,0,0,0,0,0,0,0,0,0,0,0,1,0,0,0,0,0,0,0,0,0,1,0,0,0,0,0,0,0,0,0,0,0,0,0,0,1,0,0,0,0,0,0,0,0,0,0,0,0,0,0,0,0,0,0,0,0,0,0,0,0,0,0,0,0,0,0,0,0,0,0,0,0,0,0,0,0,0,0,0,0,0,0,0,0,0
2582,92,1,09,0,0,0,0,0,1,0,0,0,0,0,0,0,0,0,0,0,0,0,0,0,0,0,0,0,1,0,0,0,0,0,0,0,0,0,0,0,0,0,0,-1,0,0,0,0,0,0,0,0,0,-1,0,0,0,0,0,0,0,0,0,0,0,0,2,0,0,0,0,0,0,0,0,0,2,0,0,0,0,0,0,0,0,0,0,0,0,0,0,0,0,0,0,0,0,0,0,0,0,0,0,0,0,0,2,0,0,0,0,2,0,0,0,0,0,0,0,0,0,0,0,0,0,0,0,0,0,2,0,0,0,0,0,0,0,0,0,0,0,0,0,0,2,0,0,0,0,0,0,0,0,0,0,0,0,0,0,0,0,0,0,0,-2,0,0,0,0,-2,0,0,0,0,0,0,0,0,0,0,0,0,0,0,0,0,0,0,0,0,0,0,0,0,0,0,0,0,0,0,0,0,0,0,0,0,0,0,0,0,0,0,0,0,0,0,0,0,0,0,0,0,0,0,0,0,0,0,0,0,0
2582,92,1,11,0,0,0,0,0,0,0,0,0,0,0,0,0,0,0,0,0,0,0,0,0,0,0,0,0,0,0,0,0,0,0,0,0,0,0,0,0,0,0,0,0,0,0,0,0,0,0,0,0,0,0,0,0,0,0,0,0,0,0,0,0,0,0,0,0,0,0,0,0,0,0,0,0,0,0,0,0,0,0,0,0,0,0,0,0,0,0,0,0,0,0,0,0,0,0,0,0,0,0,0,0,0,0,0,0,0,0,0,0,0,0,0,0,0,0,0,0,0,0,0,0,0,0,0,0,0,0,0,0,0,0,0,0,0,0,0,0,0,0,0,0,0,0,0,0,0,0,0,0,0,0,0,0,0,0,0,0,0,0,0,0,0,0,0,0,0,0,0,0,0,0,0,0,0,0,0,0,0,0,0,0,0,0,0,0,0,0,0,0,0,0,0,0,0,0,0,0,0,0,0,0,0,0,0,0,0,0,0,0,0,0,0,0,0,0,0,0,0,0,0,0,0,0,0,0,0,0,0
2582,92,2,09,1,1,0,0,0,0,0,0,0,0,0,0,0,0,0,1,1,0,0,0,0,0,0,0,0,0,0,0,0,0,0,0,0,0,0,0,0,0,0,0,1,1,0,0,0,0,0,0,0,0,1,1,0,0,0,0,0,0,0,0,0,0,0,0,0,0,0,0,0,0,0,0,0,0,0,0,0,0,0,0,0,0,0,0,0,0,0,0,0,0,0,0,0,0,0,0,0,0,0,0,0,0,0,0,0,0,0,0,0,0,0,0,0,0,0,0,0,0,0,0,2,0,0,0,1,0,0,1,1,0,1,0,0,0,1,1,0,0,0,0,0,0,1,0,0,0,0,0,1,0,0,0,0,0,0,0,0,0,0,0,2,0,-1,-1,1,1,0,-1,0,1,1,0,0,-1,0,0,0,0,0,0,0,0,0,0,0,0,0,1,0,0,0,0,0,0,0,0,0,0,0,0,0,0,0,1,0,0,0,0,0,0,0,0,0,0,0,-1,0,0,0,0,0,0,0,-1,0,0,0,0
2582,92,2,11,0,0,0,0,0,0,0,0,0,0,0,0,0,0,0,0,0,0,0,0,0,0,0,0,0,0,0,0,0,0,0,0,0,0,0,0,0,0,0,0,0,0,0,0,0,0,0,0,0,0,0,0,0,0,0,0,0,0,0,0,0,0,0,0,0,0,0,0,0,0,0,0,0,0,0,0,0,0,0,0,0,0,0,0,0,0,0,0,0,0,0,0,0,0,0,0,0,0,0,0,0,0,0,0,0,0,0,0,0,0,0,0,0,0,0,0,0,0,0,0,0,0,0,0,0,0,0,0,0,0,0,0,0,0,0,0,0,0,0,0,0,0,0,0,0,0,0,0,0,0,0,0,0,0,0,0,0,0,0,0,0,0,0,0,0,0,0,0,0,0,0,0,0,0,0,0,0,0,0,0,0,0,0,0,0,1,0,0,0,0,0,0,0,0,0,0,0,0,0,0,0,0,0,0,0,0,0,0,0,1,0,0,0,-1,0,0,0,0,0,0,0,0,0,0,0,-1,0,0
2582,93,1,09,0,0,0,0,0,0,0,0,0,0,0,0,0,0,0,0,0,0,0,0,0,0,0,0,0,0,0,0,0,0,0,0,0,0,0,0,0,0,0,0,0,0,0,0,0,0,0,0,0,0,0,0,0,0,0,0,0,0,0,0,0,0,0,0,0,1,1,0,0,1,0,0,0,0,0,0,0,0,0,0,1,1,0,0,1,0,0,0,0,0,0,0,0,0,0,0,0,0,0,0,-1,-1,0,0,-1,-1,-1,0,0,-1,0,0,0,0,0,0,0,0,0,0,1,0,0,0,0,0,0,0,0,0,1,0,0,0,0,0,0,0,0,0,0,0,0,0,0,0,0,0,0,0,0,0,0,0,0,0,0,0,0,0,1,0,0,0,0,1,0,0,0,0,0,0,0,0,0,0,0,0,0,0,0,0,0,0,0,0,0,0,0,0,0,0,0,0,0,0,0,0,0,0,0,0,0,0,0,0,0,0,0,0,0,0,0,0,0,0,0,0,0,0,0,0,0,0,0,0,0,0
2582,93,1,11,0,0,0,0,0,0,0,0,0,0,0,0,0,0,0,0,0,0,0,0,0,0,0,0,0,0,0,0,0,0,0,0,0,0,0,0,0,0,0,0,0,0,0,0,0,0,0,0,0,0,0,0,0,0,0,0,0,0,0,0,0,0,0,0,0,0,0,0,0,0,0,0,0,0,0,0,0,0,0,0,0,0,0,0,0,0,0,0,0,0,0,0,0,0,0,0,0,0,0,0,0,0,0,0,0,0,0,0,0,0,0,0,0,0,0,0,0,0,0,0,0,0,0,0,0,0,0,0,0,0,0,0,0,0,0,0,0,0,0,0,0,0,0,0,0,0,0,0,0,0,0,0,0,0,0,0,0,0,0,0,0,0,0,0,0,0,0,0,0,0,0,0,0,0,0,0,0,0,0,0,0,0,0,0,0,0,0,0,0,0,0,0,0,0,0,0,0,0,0,0,0,0,0,0,0,0,0,0,0,0,0,0,0,0,0,0,0,0,0,0,0,0,0,0,0,0,0,0
2582,93,2,09,0,0,1,0,0,0,0,0,0,0,0,0,1,0,0,0,0,0,0,0,0,0,0,0,0,0,0,0,0,0,0,0,0,0,0,0,0,0,0,0,0,0,1,0,0,0,0,1,0,0,0,0,0,0,0,0,0,0,0,0,0,0,0,0,0,0,1,0,0,0,0,0,0,0,0,0,0,0,0,0,0,0,0,0,0,0,1,0,0,0,0,0,0,0,0,0,0,0,0,0,0,-1,0,0,0,0,0,0,0,0,0,-1,0,0,0,0,0,0,0,0,0,1,2,0,0,0,0,1,1,0,0,0,2,0,0,0,1,0,0,0,0,0,1,1,0,0,0,0,0,0,0,0,0,0,0,0,0,0,0,0,0,1,1,-1,0,0,0,1,-1,0,0,1,0,0,0,0,0,0,0,0,0,0,0,0,0,1,0,1,0,0,0,0,0,0,0,0,0,0,0,1,0,1,0,0,0,0,0,0,0,0,0,0,0,-1,0,-1,0,0,0,-1,0,-1,0,0,0,0,0,0
2582,93,2,11,0,0,0,0,0,0,0,0,0,0,0,0,0,0,0,0,0,0,0,0,0,0,0,0,0,0,0,0,0,0,0,0,0,0,0,0,0,0,0,0,0,0,0,0,0,0,0,0,0,0,0,0,0,0,0,0,0,0,0,0,0,0,0,0,0,0,0,0,0,0,0,0,0,0,0,0,0,0,0,0,0,0,0,0,0,0,0,0,0,0,0,0,0,0,0,0,0,0,0,0,0,0,0,0,0,0,0,0,0,0,0,0,0,0,0,0,0,0,0,0,0,0,0,0,0,0,0,0,0,0,0,0,0,0,0,0,0,0,0,0,0,0,0,0,0,0,0,0,0,0,0,0,0,0,0,0,0,0,0,0,0,0,0,0,0,0,0,0,0,0,0,0,0,0,0,0,0,0,0,0,0,0,0,0,0,0,0,0,0,0,0,0,0,0,0,0,0,0,0,0,0,0,0,0,0,0,0,0,0,0,0,0,0,0,0,0,0,0,0,0,0,0,0,0,0,0,0,0
2582,94,1,09,0,0,0,0,0,0,0,0,0,0,0,0,0,0,0,0,0,0,0,0,0,0,0,0,0,0,0,0,0,0,0,0,0,0,0,0,0,0,0,0,0,0,0,0,0,0,0,0,0,0,0,0,0,0,0,0,0,0,0,0,0,0,0,0,0,0,0,0,0,0,0,0,0,0,0,0,0,0,0,0,0,0,0,0,0,0,0,0,0,0,0,0,0,0,0,0,0,0,0,0,0,0,0,0,0,0,0,0,0,0,0,0,0,0,0,0,0,0,0,0,0,0,0,0,0,0,0,1,1,0,0,0,0,0,0,0,0,0,0,0,0,0,1,1,0,0,0,0,0,0,0,0,0,0,0,0,0,0,0,0,0,0,-1,-1,0,0,0,-1,-1,0,0,0,0,0,0,0,0,0,0,0,0,0,0,0,0,0,0,0,0,0,0,0,0,0,0,0,0,0,0,0,0,0,0,0,0,0,0,0,0,0,0,0,0,0,0,0,0,0,0,0,0,0,0,0,0,0,0,0
2582,94,1,11,0,0,0,0,0,0,0,0,0,0,0,0,0,0,0,0,0,0,0,0,0,0,0,0,0,0,0,0,0,0,0,0,0,0,0,0,0,0,0,0,0,0,0,0,0,0,0,0,0,0,0,0,0,0,0,0,0,0,0,0,0,0,0,0,0,0,0,0,0,0,0,0,0,0,0,0,0,0,0,0,0,0,0,0,0,0,0,0,0,0,0,0,0,0,0,0,0,0,0,0,0,0,0,0,0,0,0,0,0,0,0,0,0,0,0,0,0,0,0,0,0,0,0,0,0,0,0,0,0,0,0,0,0,0,0,0,0,0,0,0,0,0,0,0,0,0,0,0,0,0,0,0,0,0,0,0,0,0,0,0,0,0,0,0,0,0,0,0,0,0,0,0,0,0,0,0,0,0,0,0,0,0,0,0,0,0,0,0,0,0,0,0,0,0,0,0,0,0,0,0,0,0,0,0,0,0,0,0,0,0,0,0,0,0,0,0,0,0,0,0,0,0,0,0,0,0,0,0
2582,94,2,09,0,0,0,0,0,0,0,0,0,0,0,0,0,0,0,0,0,0,0,0,0,0,0,0,0,0,0,0,0,0,0,0,0,0,0,0,0,0,0,0,0,0,0,0,0,0,0,0,0,0,0,0,0,0,0,0,0,0,0,0,0,0,0,0,0,0,0,0,1,0,0,0,0,0,0,0,0,0,0,0,0,0,0,1,0,0,0,0,0,0,0,0,0,0,0,0,0,0,0,0,0,0,0,-1,0,0,0,0,-1,0,0,0,0,0,0,0,0,0,0,0,0,0,0,0,0,0,0,1,0,0,0,0,0,0,0,0,0,0,0,0,0,0,0,0,0,0,0,1,0,0,0,0,0,0,0,0,0,0,0,0,0,0,-1,0,0,0,0,0,0,0,0,0,-1,0,0,0,0,0,0,0,0,0,0,0,0,1,0,0,0,0,0,0,0,0,0,0,0,0,0,0,0,1,0,0,0,0,0,0,0,0,0,0,0,-1,0,0,0,0,0,0,0,-1,0,0,0,0,0,0
2582,94,2,11,0,0,0,0,0,0,0,0,0,0,0,0,0,0,0,0,0,0,0,0,0,0,0,0,0,0,0,0,0,0,0,0,0,0,0,0,0,0,0,0,0,0,0,0,0,0,0,0,0,0,0,0,0,0,0,0,0,0,0,0,0,0,0,0,1,0,0,0,0,0,0,0,0,0,1,0,0,0,0,0,0,0,0,0,0,0,0,0,0,0,0,0,0,0,0,0,0,0,0,0,0,0,0,0,1,0,0,0,0,1,0,0,0,0,0,0,0,0,0,0,0,0,0,0,0,0,0,0,0,0,0,0,0,0,0,0,0,0,0,0,0,0,0,0,0,0,0,0,0,0,0,0,0,0,0,0,0,0,0,0,0,0,0,0,0,0,0,0,0,0,0,0,0,0,0,0,0,0,0,0,0,0,0,0,0,0,0,0,0,0,0,0,0,0,0,0,0,0,0,0,0,0,0,0,0,0,0,0,0,0,0,0,0,0,0,0,0,0,0,0,0,0,0,0,0,0,0,0
2582,95,1,09,0,0,0,0,0,0,0,0,0,0,0,0,0,0,0,0,0,0,0,0,0,0,0,0,0,0,0,0,0,0,0,0,0,0,0,0,0,0,0,0,0,0,0,0,0,0,0,0,0,0,0,0,0,0,0,0,0,0,0,0,0,0,0,0,0,0,0,0,0,0,0,0,0,0,0,0,0,0,0,0,0,0,0,0,0,0,0,0,0,0,0,0,0,0,0,0,0,0,0,0,0,0,0,0,0,0,0,0,0,0,0,0,0,0,0,0,0,0,0,0,0,0,0,0,0,0,0,0,0,0,0,0,0,0,0,0,0,0,0,0,0,0,0,0,0,0,0,0,0,0,0,0,0,0,0,0,0,0,0,0,0,0,0,0,0,0,0,0,0,0,0,0,0,0,0,0,0,0,0,0,1,0,0,0,0,0,0,0,0,0,0,0,1,0,0,0,0,0,0,0,0,0,0,0,0,0,0,0,0,0,0,0,1,0,0,0,0,0,0,0,1,0,0,0,0,0,0,0
2582,95,1,11,0,0,0,0,0,0,0,0,0,0,0,0,0,0,0,0,0,0,0,0,0,0,0,0,0,0,0,0,0,0,0,0,0,0,0,0,0,0,0,0,0,0,0,0,0,0,0,0,0,0,0,0,0,0,0,0,0,0,0,0,0,0,0,0,0,0,0,0,0,0,0,0,0,0,0,0,0,0,0,0,0,0,0,0,0,0,0,0,0,0,0,0,0,0,0,0,0,0,0,0,0,0,0,0,0,0,0,0,0,0,0,0,0,0,0,0,0,0,0,0,0,0,0,0,0,0,0,0,0,0,0,0,0,0,0,0,0,0,0,0,0,0,0,0,0,0,0,0,0,0,0,0,0,0,0,0,0,0,0,0,0,0,0,0,0,0,0,0,0,0,0,0,0,0,0,0,0,0,0,0,0,0,0,0,0,0,0,0,0,0,0,0,0,0,0,0,0,0,0,0,0,0,0,0,0,0,0,0,0,0,0,0,0,0,0,0,0,0,0,0,0,0,0,0,0,0,0,0
2582,95,2,09,0,0,0,0,0,1,0,0,0,0,0,0,0,0,0,0,0,0,0,0,1,0,0,0,0,0,0,0,0,0,0,0,0,0,0,0,0,0,0,0,-1,0,0,0,0,-1,0,0,0,0,0,0,0,0,0,0,0,0,0,0,0,0,0,0,0,0,0,0,0,0,0,0,0,0,0,0,0,0,0,0,0,0,0,0,0,0,0,0,0,0,0,0,0,0,0,0,0,0,0,0,0,0,0,0,0,0,0,0,0,0,0,0,0,0,0,0,0,0,0,0,0,0,0,0,0,1,0,0,0,0,0,0,0,0,0,0,0,0,0,0,0,0,0,0,0,1,0,0,0,0,0,0,0,0,0,0,0,0,0,0,-1,0,0,0,0,0,0,0,0,0,-1,0,0,0,0,0,0,0,0,0,0,0,0,1,0,0,0,0,0,0,0,1,0,0,0,0,0,0,0,0,0,0,0,0,0,0,0,0,0,0,0,0,0,0,0,1,0,0,0,1,0,0,0,0,0,0,0,0
2582,95,2,11,0,0,0,0,0,0,0,0,0,0,0,0,0,0,0,0,0,0,0,0,0,0,0,0,0,0,0,0,0,0,0,0,0,0,0,0,0,0,0,0,0,0,0,0,0,0,0,0,0,0,0,0,0,0,0,0,0,0,0,0,0,0,0,0,0,0,0,0,0,0,0,0,0,0,0,0,0,0,0,0,0,0,0,0,0,0,0,0,0,0,0,0,0,0,0,0,0,0,0,0,0,0,0,0,0,0,0,0,0,0,0,0,0,0,0,0,0,0,0,0,0,0,0,0,0,0,0,0,0,0,0,0,0,0,0,0,0,0,0,0,0,0,0,0,0,0,0,0,0,0,0,0,0,0,0,0,0,0,0,0,0,0,0,0,0,0,0,0,0,0,0,0,0,0,0,0,0,0,0,0,0,0,0,1,0,0,0,0,0,0,0,0,0,0,0,1,0,0,0,0,0,0,0,0,0,0,0,0,0,0,0,0,0,0,0,1,0,0,0,0,0,0,0,1,0,0,0,0
2582,96,1,09,0,0,0,0,0,0,0,0,0,0,0,0,0,0,0,0,0,0,0,0,0,0,0,0,0,0,0,0,0,0,0,0,0,0,0,0,0,0,0,0,0,0,0,0,0,0,0,0,0,0,0,0,0,0,0,0,0,0,0,0,0,0,0,0,0,0,0,1,0,0,0,0,0,0,0,0,0,0,0,0,0,0,0,0,0,0,0,1,0,0,0,0,0,0,0,0,0,0,0,0,0,0,-1,0,0,0,0,0,0,0,0,0,-1,0,0,0,0,0,0,0,0,0,0,0,0,0,0,0,0,0,0,0,0,0,0,0,0,0,0,0,0,0,0,0,0,0,0,0,0,0,0,0,0,0,0,0,0,0,0,0,0,0,0,0,0,0,0,0,0,0,0,0,0,0,0,0,0,0,0,0,0,0,0,0,0,0,0,0,0,0,0,0,0,0,0,0,0,0,0,0,0,0,0,0,0,0,0,0,0,0,0,0,0,0,0,0,0,0,0,0,0,0,0,0,0,0,0,0
2582,96,1,11,0,0,0,0,0,0,0,0,0,0,0,0,0,0,0,0,0,0,0,0,0,0,0,0,0,0,0,0,0,0,0,0,0,0,0,0,0,0,0,0,0,0,0,0,0,0,0,0,0,0,0,0,0,0,0,0,0,0,0,0,0,0,0,0,0,0,0,0,0,0,0,0,0,0,0,0,0,0,0,0,0,0,0,0,0,0,0,0,0,0,0,0,0,0,0,0,0,0,0,0,0,0,0,0,0,0,0,0,0,0,0,0,0,0,0,0,0,0,0,0,0,0,0,0,0,0,0,0,0,0,0,0,0,0,0,0,0,0,0,0,0,0,0,0,0,0,0,0,0,0,0,0,0,0,0,0,0,0,0,0,0,0,0,0,0,0,0,0,0,0,0,0,0,0,0,0,0,0,0,0,0,0,0,0,0,0,0,0,0,0,0,0,0,0,0,0,0,0,0,0,0,0,0,0,0,0,0,0,0,0,0,0,0,0,0,0,0,0,0,0,0,0,0,0,0,0,0,0
2582,96,2,09,0,0,0,0,0,0,1,0,0,0,0,0,0,0,0,0,0,0,0,0,0,1,0,0,0,0,0,0,0,0,0,0,0,0,0,0,0,0,0,0,0,-1,0,0,0,0,-1,0,0,0,0,0,0,0,0,0,0,0,0,0,0,0,0,1,0,0,0,0,0,0,0,0,0,1,0,0,0,0,0,0,0,0,0,0,0,0,0,0,0,0,0,0,0,0,0,0,0,0,0,0,0,0,0,1,0,0,0,0,1,0,0,0,0,0,0,0,0,0,0,0,0,0,0,0,0,1,0,0,0,0,0,0,0,0,0,0,0,0,0,0,0,0,0,0,0,1,0,0,0,0,0,0,0,0,0,0,0,0,0,0,-1,0,0,0,0,0,0,0,0,0,-1,0,0,0,0,0,0,0,0,0,0,0,0,0,0,0,0,0,0,0,0,0,0,0,0,0,0,0,0,0,0,0,0,0,0,0,0,0,0,0,0,0,0,0,0,0,0,0,0,0,0,0,0,0,0,0,0,0
2582,96,2,11,0,0,0,0,0,0,0,0,0,0,0,0,0,0,0,0,0,0,0,0,0,0,0,0,0,0,0,0,0,0,0,0,0,0,0,0,0,0,0,0,0,0,0,0,0,0,0,0,0,0,0,0,0,0,0,0,0,0,0,0,0,0,0,0,0,0,0,0,0,0,0,0,0,0,0,0,0,0,0,0,0,0,0,0,0,0,0,0,0,0,0,0,0,0,0,0,0,0,0,0,0,0,0,0,0,0,0,0,0,0,0,0,0,0,0,0,0,0,0,0,0,0,0,0,0,0,0,0,0,0,0,0,0,0,0,0,0,0,0,0,0,0,0,0,0,0,0,0,0,0,0,0,0,0,0,0,0,0,0,0,0,0,0,0,0,0,0,0,0,0,0,0,0,0,0,0,0,0,0,0,0,0,0,0,0,0,0,0,0,0,0,0,0,0,0,0,0,0,0,0,0,0,0,0,0,0,0,0,0,0,0,0,0,0,0,0,0,0,0,0,0,0,0,0,0,0,0,0
2582,97,1,09,0,0,0,0,0,0,0,0,0,0,0,0,0,0,0,0,0,0,0,0,0,0,0,0,0,0,0,0,0,0,0,0,0,0,0,0,0,0,0,0,0,0,0,0,0,0,0,0,0,0,0,0,0,0,0,0,0,0,0,0,0,0,0,0,0,0,0,0,0,0,0,0,0,0,0,0,0,0,0,0,0,0,0,0,0,0,0,0,0,0,0,0,0,0,0,0,0,0,0,0,0,0,0,0,0,0,0,0,0,0,0,0,0,0,0,0,0,0,0,0,0,0,0,0,0,0,0,0,0,0,0,0,0,0,0,0,0,0,0,0,0,0,0,0,0,0,0,0,0,0,0,0,0,0,0,0,0,0,0,0,0,0,0,0,0,0,0,0,0,0,0,0,0,0,0,0,0,0,0,0,0,0,0,0,0,1,0,0,0,0,0,0,0,0,0,0,0,0,0,0,0,1,0,0,0,0,0,0,0,0,0,0,0,-1,0,0,0,0,0,0,0,-1,0,0,0,0,0,0
2582,97,1,11,0,0,0,0,0,0,0,0,0,0,0,0,0,0,0,0,0,0,0,0,0,0,0,0,0,0,0,0,0,0,0,0,0,0,0,0,0,0,0,0,0,0,0,0,0,0,0,0,0,0,0,0,0,0,0,0,0,0,0,0,0,0,0,0,0,0,0,0,0,0,0,0,0,0,0,0,0,0,0,0,0,0,0,0,0,0,0,0,0,0,0,0,0,0,0,0,0,0,0,0,0,0,0,0,0,0,0,0,0,0,0,0,0,0,0,0,0,0,0,0,0,0,0,0,0,0,0,0,0,0,0,0,0,0,0,0,0,0,0,0,0,0,0,0,0,0,0,0,0,0,0,0,0,0,0,0,0,0,0,0,0,0,0,0,0,0,0,0,0,0,0,0,0,0,0,0,0,0,0,0,0,0,0,0,0,0,0,0,0,0,0,0,0,0,0,0,0,0,0,0,0,0,0,0,0,0,0,0,0,0,0,0,0,0,0,0,0,0,0,0,0,0,0,0,0,0,0,0
2582,97,2,09,0,0,0,0,0,0,0,0,0,0,0,0,0,0,0,0,0,0,0,0,0,0,0,0,0,0,0,0,0,0,0,0,0,0,0,0,0,0,0,0,0,0,0,0,0,0,0,0,0,0,0,0,0,0,0,0,0,0,0,0,0,0,0,0,0,0,0,0,0,0,0,0,0,0,0,0,0,0,0,0,0,0,0,0,0,0,0,0,0,0,0,0,0,0,0,0,0,0,0,0,0,0,0,0,0,0,0,0,0,0,0,0,0,0,0,0,0,0,0,0,0,0,0,0,0,0,0,0,0,0,0,0,0,0,0,0,0,0,0,0,0,0,0,0,0,0,0,0,0,0,0,0,0,0,0,0,0,0,0,0,0,0,0,0,0,0,0,0,0,0,0,0,0,0,0,0,0,0,0,0,0,0,0,0,0,0,0,0,0,0,0,0,0,0,0,0,0,0,0,0,0,0,0,0,0,0,0,0,0,0,0,0,0,0,0,0,0,0,0,0,0,0,0,0,0,0,0,0
2582,97,2,11,0,0,0,0,0,0,0,0,0,0,0,0,0,0,0,0,0,0,0,0,0,0,0,0,0,0,0,0,0,0,0,0,0,0,0,0,0,0,0,0,0,0,0,0,0,0,0,0,0,0,0,0,0,0,0,0,0,0,0,0,0,0,0,0,0,0,0,0,0,0,0,0,0,0,0,0,0,0,0,0,0,0,0,0,0,0,0,0,0,0,0,0,0,0,0,0,0,0,0,0,0,0,0,0,0,0,0,0,0,0,0,0,0,0,0,0,0,0,0,0,0,0,0,0,0,0,0,0,0,0,0,0,0,0,0,0,0,0,0,0,0,0,0,0,0,0,0,0,0,0,0,0,0,0,0,0,0,0,0,0,0,0,0,0,0,0,0,0,0,0,0,0,0,0,0,0,0,0,0,0,0,0,0,0,0,0,0,0,0,0,0,0,0,0,0,0,0,0,0,0,0,0,0,0,0,0,0,0,0,0,0,0,0,0,0,0,0,0,0,0,0,0,0,0,0,0,0,0
2582,98,1,09,0,0,0,0,0,0,0,0,0,0,0,0,0,0,0,0,0,0,0,0,0,0,0,0,0,0,0,0,0,0,0,0,0,0,0,0,0,0,0,0,0,0,0,0,0,0,0,0,0,0,0,0,0,0,0,0,0,0,0,0,0,0,0,0,0,0,0,0,0,0,0,0,0,0,0,0,0,0,0,0,0,0,0,0,0,0,0,0,0,0,0,0,0,0,0,0,0,0,0,0,0,0,0,0,0,0,0,0,0,0,0,0,0,0,0,0,0,0,0,0,0,0,0,0,0,0,0,0,0,0,0,0,0,0,0,0,0,0,0,0,0,0,0,0,0,0,0,0,0,0,0,0,0,0,0,0,0,0,0,0,0,0,0,0,0,0,0,0,0,0,0,0,0,0,0,0,0,0,0,0,0,0,0,0,0,0,0,0,0,0,0,0,0,0,0,0,0,0,0,0,0,0,0,0,0,0,0,0,0,0,0,0,0,0,0,0,0,0,0,0,0,0,0,0,0,0,0,0
2582,98,1,11,0,0,0,0,0,0,0,0,0,0,0,0,0,0,0,0,0,0,0,0,0,0,0,0,0,0,0,0,0,0,0,0,0,0,0,0,0,0,0,0,0,0,0,0,0,0,0,0,0,0,0,0,0,0,0,0,0,0,0,0,0,0,0,0,0,0,0,0,0,0,0,0,0,0,0,0,0,0,0,0,0,0,0,0,0,0,0,0,0,0,0,0,0,0,0,0,0,0,0,0,0,0,0,0,0,0,0,0,0,0,0,0,0,0,0,0,0,0,0,0,0,0,0,0,0,0,0,0,0,0,0,0,0,0,0,0,0,0,0,0,0,0,0,0,0,0,0,0,0,0,0,0,0,0,0,0,0,0,0,0,0,0,0,0,0,0,0,0,0,0,0,0,0,0,0,0,0,0,0,0,0,0,0,0,0,0,0,0,0,0,0,0,0,0,0,0,0,0,0,0,0,0,0,0,0,0,0,0,0,0,0,0,0,0,0,0,0,0,0,0,0,0,0,0,0,0,0,0
2582,98,2,09,0,0,0,0,0,0,0,0,0,0,0,0,0,0,0,0,0,0,0,0,0,0,0,0,0,0,0,0,0,0,0,0,0,0,0,0,0,0,0,0,0,0,0,0,0,0,0,0,0,0,0,0,0,0,0,0,0,0,0,0,0,0,0,0,0,0,0,0,0,0,0,0,0,0,0,0,0,0,0,0,0,0,0,0,0,0,0,0,0,0,0,0,0,0,0,0,0,0,0,0,0,0,0,0,0,0,0,0,0,0,0,0,0,0,0,0,0,0,0,0,0,0,0,0,0,0,1,0,0,0,0,0,0,0,0,0,0,0,0,0,0,1,0,0,0,0,0,0,0,0,0,0,0,0,0,0,0,0,0,0,0,-1,0,0,0,0,-1,0,0,0,0,0,0,0,0,0,0,0,0,0,0,0,0,0,0,0,0,0,0,0,0,0,0,0,0,0,0,0,0,0,0,0,0,0,0,0,0,0,0,0,0,0,0,0,0,0,0,0,0,0,0,0,0,0,0,0,0,0
2582,98,2,11,0,0,0,0,0,0,0,0,0,0,0,0,0,0,0,0,0,0,0,0,0,0,0,0,0,0,0,0,0,0,0,0,0,0,0,0,0,0,0,0,0,0,0,0,0,0,0,0,0,0,0,0,0,0,0,0,0,0,0,0,0,0,0,0,0,0,0,0,0,0,0,0,0,0,0,0,0,0,0,0,0,0,0,0,0,0,0,0,0,0,0,0,0,0,0,0,0,0,0,0,0,0,0,0,0,0,0,0,0,0,0,0,0,0,0,0,0,0,0,0,0,0,0,0,0,0,0,0,0,0,0,0,0,0,0,0,0,0,0,0,0,0,0,0,0,0,0,0,0,0,0,0,0,0,0,0,0,0,0,0,0,0,0,0,0,0,0,0,0,0,0,0,0,0,0,0,0,0,0,0,0,0,0,0,0,0,0,0,0,0,0,0,0,0,0,0,0,0,0,0,0,0,0,0,0,0,0,0,0,0,0,0,0,0,0,0,0,0,0,0,0,0,0,0,0,0,0,0
2582,99,1,09,0,0,0,0,0,0,0,0,0,0,0,0,0,0,0,0,0,0,0,0,0,0,0,0,0,0,0,0,0,0,0,0,0,0,0,0,0,0,0,0,0,0,0,0,0,0,0,0,0,0,0,0,0,0,0,0,0,0,0,0,0,0,0,0,0,0,0,0,0,0,0,0,0,0,0,0,0,0,0,0,0,0,0,0,0,0,0,0,0,0,0,0,0,0,0,0,0,0,0,0,0,0,0,0,0,0,0,0,0,0,0,0,0,0,0,0,0,0,0,0,0,0,0,0,0,0,0,0,0,0,0,0,0,0,0,0,0,0,0,0,0,0,0,0,0,0,0,0,0,0,0,0,0,0,0,0,0,0,0,0,0,0,0,0,0,0,0,0,0,0,0,0,0,0,0,0,0,0,0,0,0,0,0,0,0,0,0,0,0,0,0,0,0,0,0,0,0,0,0,0,0,0,0,0,0,0,0,0,0,0,0,0,0,0,0,0,0,0,0,0,0,0,0,0,0,0,0,0
2582,99,1,11,0,0,0,0,0,0,0,0,0,0,0,0,0,0,0,0,0,0,0,0,0,0,0,0,0,0,0,0,0,0,0,0,0,0,0,0,0,0,0,0,0,0,0,0,0,0,0,0,0,0,0,0,0,0,0,0,0,0,0,0,0,0,0,0,0,0,0,0,0,0,0,0,0,0,0,0,0,0,0,0,0,0,0,0,0,0,0,0,0,0,0,0,0,0,0,0,0,0,0,0,0,0,0,0,0,0,0,0,0,0,0,0,0,0,0,0,0,0,0,0,0,0,0,0,0,0,0,0,0,0,0,0,0,0,0,0,0,0,0,0,0,0,0,0,0,0,0,0,0,0,0,0,0,0,0,0,0,0,0,0,0,0,0,0,0,0,0,0,0,0,0,0,0,0,0,0,0,0,0,0,0,0,0,0,0,0,0,0,0,0,0,0,0,0,0,0,0,0,0,0,0,0,0,0,0,0,0,0,0,0,0,0,0,0,0,0,0,0,0,0,0,0,0,0,0,0,0,0
2582,99,2,09,0,0,0,0,0,0,0,0,0,0,0,0,0,0,0,0,0,0,0,0,0,0,0,0,0,0,0,0,0,0,0,0,0,0,0,0,0,0,0,0,0,0,0,0,0,0,0,0,0,0,0,0,0,0,0,0,0,0,0,0,0,0,0,0,0,0,0,0,1,0,0,0,0,0,0,0,0,0,0,0,0,0,0,1,0,0,0,0,0,0,0,0,0,0,0,0,0,0,0,0,0,0,0,-1,0,0,0,0,-1,0,0,0,0,0,0,0,0,0,0,0,0,0,0,0,0,0,0,0,0,0,0,0,0,0,0,0,0,0,0,0,0,0,0,0,0,0,0,0,0,0,0,0,0,0,0,0,0,0,0,0,0,0,0,0,0,0,0,0,0,0,0,0,0,0,0,0,0,0,0,0,0,0,0,0,0,0,0,0,0,0,0,0,0,0,0,0,0,0,0,0,0,0,0,0,0,0,0,0,0,0,0,0,0,0,0,0,0,0,0,0,0,0,0,0,0,0,0,0
2582,99,2,11,0,0,0,0,0,0,0,0,0,0,0,0,0,0,0,0,0,0,0,0,0,0,0,0,0,0,0,0,0,0,0,0,0,0,0,0,0,0,0,0,0,0,0,0,0,0,0,0,0,0,0,0,0,0,0,0,0,0,0,0,0,0,0,0,0,0,0,0,0,0,0,0,0,0,0,0,0,0,0,0,0,0,0,0,0,0,0,0,0,0,0,0,0,0,0,0,0,0,0,0,0,0,0,0,0,0,0,0,0,0,0,0,0,0,0,0,0,0,0,0,0,0,0,0,0,0,0,0,0,0,0,0,0,0,0,0,0,0,0,0,0,0,0,0,0,0,0,0,0,0,0,0,0,0,0,0,0,0,0,0,0,0,0,0,0,0,0,0,0,0,0,0,0,0,0,0,0,0,0,0,0,0,0,0,0,0,0,0,0,0,0,0,0,0,0,0,0,0,0,0,0,0,0,0,0,0,0,0,0,0,0,0,0,0,0,0,0,0,0,0,0,0,0,0,0,0,0,0
2582,100+,1,09,0,0,0,0,0,0,0,0,0,0,0,0,0,0,0,0,0,0,0,0,0,0,0,0,0,0,0,0,0,0,0,0,0,0,0,0,0,0,0,0,0,0,0,0,0,0,0,0,0,0,0,0,0,0,0,0,0,0,0,0,0,0,0,0,0,0,0,0,0,0,0,0,0,0,0,0,0,0,0,0,0,0,0,0,0,0,0,0,0,0,0,0,0,0,0,0,0,0,0,0,0,0,0,0,0,0,0,0,0,0,0,0,0,0,0,0,0,0,0,0,0,0,0,0,0,0,0,0,0,0,0,0,0,0,0,0,0,0,0,0,0,0,0,0,0,0,0,0,0,0,0,0,0,0,0,0,0,0,0,0,0,0,0,0,0,0,0,0,0,0,0,0,0,0,0,0,0,0,0,0,0,0,0,0,0,0,0,1,0,0,0,0,0,0,0,0,0,0,0,0,0,0,0,1,0,0,0,0,0,0,0,0,0,0,0,-1,0,0,0,0,0,0,0,-1,0,0,0,0
2582,100+,1,11,0,0,0,0,0,0,0,0,0,0,0,0,0,0,0,0,0,0,0,0,0,0,0,0,0,0,0,0,0,0,0,0,0,0,0,0,0,0,0,0,0,0,0,0,0,0,0,0,0,0,0,0,0,0,0,0,0,0,0,0,0,0,0,0,0,0,0,0,0,0,0,0,0,0,0,0,0,0,0,0,0,0,0,0,0,0,0,0,0,0,0,0,0,0,0,0,0,0,0,0,0,0,0,0,0,0,0,0,0,0,0,0,0,0,0,0,0,0,0,0,0,0,0,0,0,0,0,0,0,0,0,0,0,0,0,0,0,0,0,0,0,0,0,0,0,0,0,0,0,0,0,0,0,0,0,0,0,0,0,0,0,0,0,0,0,0,0,0,0,0,0,0,0,0,0,0,0,0,0,0,0,0,0,0,0,0,0,0,0,0,0,0,0,0,0,0,0,0,0,0,0,0,0,0,0,0,0,0,0,0,0,0,0,0,0,0,0,0,0,0,0,0,0,0,0,0,0,0
2582,100+,2,09,0,0,0,0,0,0,0,0,0,0,0,0,0,0,0,0,0,0,0,0,0,0,0,0,0,0,0,0,0,0,0,0,0,0,0,0,0,0,0,0,0,0,0,0,0,0,0,0,0,0,0,0,0,0,0,0,0,0,0,0,0,0,0,0,0,0,0,0,0,0,0,0,0,0,0,0,0,0,0,0,0,0,0,0,0,0,0,0,0,0,0,0,0,0,0,0,0,0,0,0,0,0,0,0,0,0,0,0,0,0,0,0,0,0,0,0,0,0,0,0,0,0,0,0,0,0,0,0,0,0,0,0,0,0,0,0,0,0,0,0,0,0,0,0,0,0,0,0,0,0,0,0,0,0,0,0,0,0,0,0,0,0,0,0,0,0,0,0,0,0,0,0,0,0,0,0,0,0,0,0,0,0,0,0,0,0,0,0,0,0,0,0,0,0,0,0,0,0,0,0,0,0,0,0,0,0,0,0,0,0,0,0,0,0,0,0,0,0,0,0,0,0,0,0,0,0,0,0
2582,100+,2,11,0,0,0,0,0,0,0,0,0,0,0,0,0,0,0,0,0,0,0,0,0,0,0,0,0,0,0,0,0,0,0,0,0,0,0,0,0,0,0,0,0,0,0,0,0,0,0,0,0,0,0,0,0,0,0,0,0,0,0,0,0,0,0,0,0,0,0,0,0,0,0,0,0,0,0,0,0,0,0,0,0,0,0,0,0,0,0,0,0,0,0,0,0,0,0,0,0,0,0,0,0,0,0,0,0,0,0,0,0,0,0,0,0,0,0,0,0,0,0,0,0,0,0,0,0,0,0,0,0,0,0,0,0,0,0,0,0,0,0,0,0,0,0,0,0,0,0,0,0,0,0,0,0,0,0,0,0,0,0,0,0,0,0,0,0,0,0,0,0,0,0,0,0,0,0,0,0,0,0,0,0,0,0,0,0,0,0,0,0,0,0,0,0,0,0,0,0,0,0,0,0,0,0,0,0,0,0,0,0,0,0,0,0,0,0,0,0,0,0,0,0,0,0,0,0,0,0,0
2581,80,1,09,1,0,0,0,1,1,0,2,1,0,1,0,0,0,1,0,0,0,0,0,1,0,1,1,0,0,0,1,0,0,0,0,0,0,0,0,0,0,0,0,0,0,-2,-1,1,0,0,-1,-1,1,0,0,-1,0,0,0,0,0,0,0,2,0,1,0,2,0,1,0,1,0,2,0,1,0,2,0,0,0,0,0,0,1,0,1,0,0,0,0,0,0,0,0,0,0,0,0,0,0,0,0,2,-1,1,-1,2,2,-1,1,-1,2,0,0,0,0,0,0,0,0,0,0,0,0,1,1,2,1,0,1,1,0,0,0,1,1,1,0,0,0,0,1,1,0,1,0,0,0,0,0,1,0,0,0,0,0,0,0,0,0,0,0,-1,0,0,0,2,-1,0,0,1,1,0,0,0,-1,1,0,0,0,0,0,1,1,3,1,2,0,1,1,0,1,2,0,1,0,1,1,1,0,0,1,1,0,1,0,0,0,0,0,0,0,0,0,-1,1,2,0,-1,1,2,-1,0,0,0,1,0,0,0,0
2581,80,1,11,0,0,0,0,0,0,0,0,0,0,0,0,0,0,0,0,0,0,0,0,0,0,0,0,0,0,0,0,0,0,0,0,0,0,0,0,0,0,0,0,0,0,0,0,0,0,0,0,0,0,0,0,0,0,0,0,0,0,0,0,0,0,0,0,0,0,0,0,0,0,0,0,0,0,0,0,0,0,0,0,0,0,0,0,0,0,0,0,0,0,0,0,0,0,0,0,0,0,0,0,0,0,0,0,0,0,0,0,0,0,0,0,0,0,0,0,0,0,0,0,1,0,0,0,0,0,1,0,0,0,0,0,0,0,0,1,0,0,0,0,0,0,0,0,0,0,0,0,0,0,0,0,0,0,0,0,1,0,0,0,1,-1,0,0,0,0,0,0,0,0,1,0,0,0,0,0,-1,0,0,0,0,0,0,0,0,0,0,0,0,0,0,0,0,0,0,0,0,0,0,0,0,0,0,0,0,0,0,0,0,0,0,0,0,0,0,0,0,0,0,0,0,0,0,0,0,0,0,0
2581,80,2,09,1,2,2,1,1,2,0,0,0,1,0,1,2,1,0,1,1,0,0,1,1,0,0,0,1,1,0,0,0,0,0,0,0,0,0,0,0,0,0,0,-1,2,2,1,0,-1,1,2,1,-1,0,1,0,0,1,0,0,0,0,0,1,0,2,1,0,0,0,0,3,0,0,0,1,1,0,0,0,1,0,0,0,0,0,3,0,0,0,0,0,0,1,0,0,0,0,0,0,0,0,0,1,0,2,-2,0,0,0,1,-2,0,0,0,1,0,0,1,0,0,0,0,0,2,2,1,1,0,1,1,2,1,0,2,1,0,1,0,0,1,1,0,0,0,0,2,0,0,1,1,0,1,0,0,0,0,0,0,0,0,0,0,0,1,1,-1,0,0,2,1,-2,1,0,-1,0,1,-1,0,0,0,0,0,0,1,1,1,0,0,0,3,0,0,1,0,0,1,0,1,0,0,0,0,0,0,0,3,0,0,0,0,0,0,0,0,0,1,1,-2,0,0,1,0,0,1,0,-2,0,0,0,0
2581,80,2,11,0,1,0,0,0,0,0,0,0,0,0,0,0,0,0,0,1,0,0,0,0,0,0,0,0,0,0,0,0,0,0,0,0,0,0,0,0,0,0,0,0,1,0,0,0,0,0,0,0,0,0,1,0,0,0,0,0,0,0,0,0,1,0,0,0,0,0,0,0,0,0,0,0,0,0,0,1,0,0,0,0,0,0,0,0,0,0,0,0,0,0,0,0,0,0,0,0,0,0,0,0,1,0,0,0,0,0,0,0,0,0,1,0,0,0,0,0,0,0,0,0,1,0,1,0,0,0,0,0,0,0,0,0,1,0,0,1,0,0,0,0,0,0,0,0,0,0,0,0,0,0,0,0,0,0,0,0,0,0,0,0,1,0,1,0,0,0,0,1,0,0,1,0,0,0,0,0,0,0,0,0,0,0,0,0,0,0,0,0,0,0,0,0,0,0,0,0,0,0,0,0,0,0,0,0,0,0,0,0,0,0,0,0,0,0,0,0,0,0,0,0,0,0,0,0,0,0,0
2581,81,1,09,0,1,0,2,2,0,0,0,0,1,0,1,0,2,1,0,0,0,0,0,0,0,0,0,1,0,0,0,0,0,0,0,0,0,1,0,0,0,0,0,0,1,0,2,1,0,1,0,2,0,0,0,0,0,0,0,0,0,0,1,0,0,0,2,0,0,0,0,1,1,0,0,0,1,0,0,0,0,1,0,0,0,0,0,1,0,0,0,1,0,0,0,0,0,0,0,0,0,0,0,0,0,0,1,-1,0,0,0,1,-1,0,0,0,0,0,0,0,0,0,0,1,3,2,1,2,0,0,0,0,1,0,2,2,1,2,1,1,0,0,0,0,0,0,0,0,0,0,0,0,1,0,0,0,0,0,0,0,0,0,0,1,3,2,1,1,0,2,2,1,2,1,1,0,0,-1,0,0,0,0,0,1,1,1,0,2,1,0,2,1,1,0,0,0,0,1,0,2,1,0,2,0,0,0,0,0,0,0,0,0,0,0,0,-1,0,1,-2,-1,0,0,-2,0,0,1,0,0,0,0,0
2581,81,1,11,0,0,0,0,0,0,0,0,0,0,0,0,0,0,0,0,0,0,0,0,0,0,0,0,0,0,0,0,0,0,0,0,0,0,0,0,0,0,0,0,0,0,0,0,0,0,0,0,0,0,0,0,0,0,0,0,0,0,0,0,0,0,1,0,0,0,0,0,0,0,0,0,0,0,0,0,0,1,0,0,0,0,0,0,0,0,0,0,0,0,0,0,0,0,0,0,0,0,0,0,0,0,1,0,0,0,0,0,0,0,0,0,1,0,0,0,0,0,0,0,0,0,0,0,0,0,0,0,0,0,0,0,0,0,0,0,0,0,0,0,0,0,0,0,0,0,0,0,0,0,0,0,0,0,0,0,0,0,0,0,0,0,0,0,0,0,0,0,0,0,0,0,0,0,0,0,0,0,0,0,0,0,0,0,0,0,0,0,0,0,0,0,0,0,0,0,0,0,0,0,0,0,0,0,0,0,0,0,0,0,0,0,0,0,0,0,0,0,0,0,0,0,0,0,0,0,0,0
2581,81,2,09,1,0,0,1,0,2,0,0,3,0,0,0,0,1,0,1,0,0,0,0,1,0,0,2,0,1,0,0,1,0,0,0,0,0,0,0,0,0,0,0,-1,0,0,-2,0,-1,0,0,-1,0,0,0,0,-1,0,0,0,0,0,0,1,0,1,0,2,0,2,0,1,3,1,0,1,0,2,0,0,0,0,0,0,2,0,0,2,0,0,0,1,1,0,0,0,0,0,0,0,0,0,0,1,-2,1,-1,-1,1,-2,1,0,0,0,0,0,-1,-1,0,0,0,0,0,0,1,2,2,0,0,1,2,1,0,0,1,1,2,0,0,0,1,0,0,0,1,2,1,0,0,0,0,0,0,0,0,0,0,0,0,0,0,0,0,0,0,0,1,0,0,0,-1,1,0,0,0,1,0,0,0,0,0,0,0,0,0,0,0,1,0,0,0,0,0,0,0,0,0,0,0,0,0,0,0,1,0,0,0,0,0,0,0,0,0,0,0,-1,0,0,0,0,0,0,0,-1,0,0,0,0,0,0,0
2581,81,2,11,0,0,1,0,1,0,0,0,0,0,0,0,1,0,1,0,0,0,0,0,0,0,0,0,0,0,0,0,0,0,0,0,0,0,0,0,0,0,0,0,0,0,1,0,1,0,0,1,0,1,0,0,0,0,0,0,0,0,0,0,0,0,0,0,0,1,0,0,0,0,0,0,0,0,0,0,0,0,0,0,0,0,0,0,0,1,0,0,0,0,0,0,0,0,0,0,0,0,0,0,-1,0,0,0,0,0,0,0,0,0,-1,0,0,0,0,0,0,0,0,0,0,1,0,1,0,0,0,0,0,0,0,1,0,0,0,0,0,0,1,0,0,0,0,0,0,0,0,0,0,0,0,0,0,0,0,0,0,0,0,0,0,1,0,1,0,0,1,0,0,0,0,0,0,1,0,0,0,0,0,0,0,0,0,0,0,1,1,0,0,0,0,0,0,0,0,0,0,0,0,0,0,0,1,0,0,0,0,0,0,1,0,0,0,-1,-1,0,0,0,0,0,0,0,-1,0,0,-1,0,0
2581,82,1,09,0,0,1,0,0,0,1,0,0,0,0,0,1,0,0,0,0,0,0,0,0,1,0,0,0,0,0,0,0,0,0,0,0,0,0,0,0,0,0,0,0,-1,1,0,0,0,-1,1,0,0,0,0,0,0,0,0,0,0,0,0,0,1,1,0,1,0,0,1,1,0,0,1,0,0,1,0,0,1,0,0,0,0,1,1,0,0,0,0,0,0,0,0,0,0,0,0,0,0,0,0,0,1,0,-1,1,0,1,-1,-1,1,0,0,1,0,0,0,0,0,0,0,1,0,0,1,1,1,0,0,1,0,0,0,0,1,1,1,0,0,0,0,1,0,0,1,0,0,0,0,0,0,0,0,0,0,0,0,0,0,0,0,0,0,0,0,1,-1,0,0,0,1,1,0,0,0,0,0,0,0,0,0,1,0,0,4,2,0,1,1,1,0,0,2,0,0,0,2,1,0,1,0,1,0,0,1,0,0,0,0,0,0,0,0,-1,0,-1,3,0,0,-1,2,-1,0,0,1,0,0,0,0
2581,82,1,11,0,0,0,0,0,0,0,0,0,0,0,0,0,0,0,0,0,0,0,0,0,0,0,0,0,0,0,0,0,0,0,0,0,0,0,0,0,0,0,0,0,0,0,0,0,0,0,0,0,0,0,0,0,0,0,0,0,0,0,0,1,0,0,0,0,0,0,0,0,0,0,0,0,0,0,0,0,0,0,0,0,0,0,0,0,0,0,0,0,0,1,0,0,0,0,0,0,0,0,0,1,0,0,0,0,0,0,0,0,0,0,0,0,0,0,1,0,0,0,0,0,0,0,0,0,0,0,0,0,0,0,0,0,0,0,0,0,0,0,0,0,0,0,0,0,0,0,0,0,0,0,0,0,0,0,0,0,0,0,0,0,0,0,0,0,0,0,0,0,0,0,0,0,0,0,0,0,0,0,0,0,0,0,0,0,0,0,0,0,0,0,0,0,0,0,0,0,0,0,0,0,0,0,0,0,0,0,0,0,0,0,0,0,0,0,0,0,0,0,0,0,0,0,0,0,0,0,0
2581,82,2,09,0,1,1,0,0,2,1,0,1,0,0,1,0,0,0,0,0,1,0,0,2,1,0,0,0,0,0,0,1,0,0,0,0,0,0,0,0,0,0,0,-2,0,1,-1,0,-2,0,0,0,0,0,0,1,-1,0,0,0,0,0,0,0,0,2,0,1,1,0,1,0,0,0,0,2,0,1,0,0,0,0,0,0,0,1,0,0,1,0,0,0,0,0,0,0,0,0,0,0,0,0,0,-1,0,1,0,1,0,0,1,0,1,-1,0,0,0,0,0,0,0,0,0,1,3,1,1,2,0,0,3,2,1,1,2,1,1,1,0,1,0,0,1,0,0,1,1,0,0,0,1,1,1,0,0,0,0,0,0,0,1,0,0,1,3,-2,-1,1,1,2,0,0,1,0,1,-1,-1,0,0,0,-1,0,0,1,1,1,1,1,0,0,0,1,1,0,0,0,0,1,1,1,0,0,0,0,0,0,0,0,0,0,0,0,0,0,0,0,1,1,1,0,1,0,0,0,0,1,1,0,0,0,0
2581,82,2,11,0,1,0,1,0,0,0,0,0,0,0,0,0,1,0,0,0,0,0,0,0,0,0,0,0,0,0,0,0,0,0,1,0,0,0,0,0,0,0,0,0,1,0,1,0,0,0,0,1,0,0,0,0,0,0,0,1,0,0,0,0,1,0,0,0,0,0,0,1,0,0,0,0,0,0,0,0,0,0,0,0,0,0,0,0,0,0,0,1,0,0,1,0,0,0,0,0,0,0,0,0,1,0,-1,0,0,0,0,0,0,0,0,0,-1,0,0,1,0,0,0,0,0,0,0,0,0,0,0,0,0,0,0,0,0,0,0,0,0,0,0,0,0,0,0,0,0,0,0,0,0,0,0,0,0,0,0,0,0,0,0,0,0,0,0,0,0,0,0,0,0,0,0,0,0,0,0,0,0,0,0,0,0,1,1,0,0,0,0,0,0,1,0,0,0,0,1,0,0,0,0,0,0,0,0,0,0,0,0,0,0,0,0,0,0,1,1,0,0,1,0,0,0,0,1,0,0,0,0
2581,83,1,09,1,1,0,0,2,2,1,0,1,1,0,1,0,0,2,1,0,0,0,0,1,1,0,1,1,1,0,0,0,0,0,0,0,0,0,0,0,0,0,0,-1,0,0,-1,1,-1,0,0,-1,1,0,0,0,0,0,0,0,0,0,0,0,2,0,0,1,0,1,0,1,0,0,1,0,0,0,0,1,0,0,0,0,0,0,0,0,0,1,0,1,0,0,0,0,0,1,0,0,0,0,0,0,1,0,-1,1,0,1,0,0,0,0,0,0,-1,0,0,0,0,0,1,2,2,1,2,0,0,1,0,4,1,1,2,1,1,0,0,0,0,1,0,0,1,0,3,0,0,0,0,1,1,1,0,0,0,0,0,0,0,0,0,2,1,1,-2,-1,1,1,1,-2,0,0,0,0,0,-1,1,0,0,0,0,0,0,0,5,1,1,1,1,0,0,0,2,0,0,0,3,1,1,0,0,0,0,1,1,0,0,0,0,0,0,0,0,-1,-1,-1,4,-1,-1,0,2,0,0,-1,2,0,0,0,0
2581,83,1,11,0,0,0,0,1,0,0,0,0,0,0,0,0,0,1,0,0,0,0,0,0,0,0,0,0,0,0,0,0,0,0,0,0,0,0,0,0,0,0,0,0,0,0,0,1,0,0,0,0,1,0,0,0,0,0,0,0,0,0,0,0,0,0,0,1,0,0,0,0,0,0,0,0,0,0,0,0,0,0,1,0,0,0,0,0,0,0,0,0,0,0,0,0,0,0,0,0,0,0,0,0,0,0,0,1,0,0,0,0,0,0,0,0,0,1,0,0,0,0,0,0,0,0,0,0,0,0,0,0,0,0,0,0,0,0,0,0,0,0,0,0,0,0,0,0,0,0,0,0,0,0,0,0,0,0,0,0,0,0,0,0,0,0,0,0,0,0,0,0,0,0,0,0,0,0,0,0,0,0,0,0,0,0,0,0,0,0,0,0,0,0,0,0,0,0,0,0,0,0,0,0,0,0,0,0,0,0,0,0,0,0,0,0,0,0,0,0,0,0,0,0,0,0,0,0,0,0,0
2581,83,2,09,0,1,1,3,1,0,1,0,1,1,0,1,0,2,1,0,0,1,1,0,0,1,0,0,1,0,0,0,1,0,0,0,0,0,0,0,0,0,0,0,0,0,1,2,0,0,0,0,2,0,0,0,1,0,0,0,0,0,0,0,3,1,3,3,0,0,2,1,1,1,1,1,1,1,0,2,0,2,2,0,0,1,0,0,1,0,1,1,1,0,0,0,0,0,0,0,0,0,0,0,3,-1,2,2,-1,1,0,1,1,-1,2,-1,1,1,0,0,0,0,0,0,2,3,3,1,0,0,1,0,0,1,1,3,2,1,0,1,0,1,0,0,0,1,0,0,0,0,0,0,0,1,0,0,0,0,0,0,0,0,0,0,2,2,3,1,-1,1,2,2,1,0,1,0,1,0,-1,0,0,0,0,0,0,3,0,1,1,2,0,0,0,2,0,1,0,1,0,0,0,1,0,0,1,1,0,0,0,0,0,0,0,0,0,0,-1,1,0,1,0,1,0,1,-1,0,0,0,0,0,0,0
2581,83,2,11,0,0,0,1,0,0,0,0,0,1,0,0,0,0,0,0,0,0,0,0,0,0,0,0,1,0,0,0,0,0,0,0,0,1,0,0,0,0,0,0,0,0,0,1,-1,0,0,0,0,-1,0,0,0,0,0,0,0,0,1,0,0,0,0,1,0,0,0,1,0,0,0,0,0,0,0,0,0,0,1,0,0,0,0,0,0,0,0,0,0,0,0,0,0,0,0,0,0,1,0,0,0,0,-1,1,0,0,0,0,0,0,0,0,0,1,0,0,0,-1,0,0,0,0,0,0,0,0,0,0,0,0,0,0,0,0,0,0,0,0,0,0,0,0,0,0,0,0,0,0,0,0,0,0,0,0,0,0,0,0,0,0,0,0,0,0,0,0,0,0,0,0,0,0,0,0,0,0,0,0,0,0,0,0,0,0,0,0,0,0,0,0,0,0,0,0,0,0,0,0,0,0,0,0,0,0,0,0,0,0,0,0,0,0,0,0,0,0,0,0,0,0,0,0,0,0,0,0,0,0
2581,84,1,09,0,0,1,0,0,0,0,0,0,0,0,0,0,0,0,0,0,1,0,0,0,0,0,0,0,0,0,0,0,0,0,0,0,0,0,0,0,0,0,0,0,0,1,0,0,0,0,0,0,0,0,0,1,0,0,0,0,0,0,0,0,0,0,1,1,1,0,0,0,0,0,0,0,0,1,0,0,0,1,0,1,0,0,0,0,0,0,0,0,0,0,0,0,0,0,0,0,0,0,0,-1,0,0,1,1,-1,0,0,0,1,0,0,0,1,0,0,0,0,0,0,1,0,2,0,1,1,1,0,0,0,1,0,1,0,1,0,0,1,0,0,1,1,0,0,0,0,0,0,0,0,0,0,0,0,0,0,0,0,0,0,0,-1,2,0,1,0,-1,1,0,1,0,0,1,0,0,0,0,0,0,0,0,1,2,3,1,1,0,1,0,1,0,1,0,0,2,2,0,1,0,1,1,0,0,0,0,0,0,0,0,0,0,0,-1,0,2,2,0,0,0,0,-1,0,2,2,0,0,0,0
2581,84,1,11,0,0,0,0,0,0,0,0,0,0,0,0,0,0,0,0,0,0,0,0,0,0,0,0,0,0,0,0,0,0,0,0,0,0,0,0,0,0,0,0,0,0,0,0,0,0,0,0,0,0,0,0,0,0,0,0,0,0,0,0,0,0,0,0,0,0,0,0,0,0,0,0,0,0,0,0,0,0,0,0,0,0,0,0,0,0,0,0,0,0,0,0,0,0,0,0,0,0,0,0,0,0,0,0,0,0,0,0,0,0,0,0,0,0,0,0,0,0,0,0,0,0,0,0,0,0,0,0,0,0,0,0,0,0,0,0,0,0,0,0,0,0,0,0,0,0,0,0,0,0,0,0,0,0,0,0,0,0,0,0,0,0,0,0,0,0,0,0,0,0,0,0,0,0,0,0,0,0,0,0,0,0,0,0,0,0,0,0,0,0,0,0,0,0,0,0,0,0,0,0,0,0,0,0,0,0,0,0,0,0,0,0,0,0,0,0,0,0,0,0,0,0,0,0,0,0,0,0
2581,84,2,09,1,2,0,4,1,0,1,0,0,0,1,1,0,4,0,0,1,0,0,1,0,1,0,0,0,0,0,0,0,0,0,0,0,0,0,0,0,0,0,0,1,1,0,4,1,1,0,0,4,0,0,1,0,0,1,0,0,0,0,0,3,1,0,0,0,0,0,0,0,0,1,1,0,0,0,2,0,0,0,0,0,0,0,0,0,0,0,0,0,0,0,0,0,0,0,0,0,0,0,0,3,1,0,0,0,1,1,0,0,0,2,0,0,0,0,0,0,0,0,0,0,0,0,0,0,0,0,0,0,0,0,0,0,0,0,0,0,0,0,0,0,0,0,0,0,0,0,0,0,0,0,0,0,0,0,0,0,0,0,0,0,0,0,0,0,0,0,0,0,0,0,0,0,0,0,0,0,0,0,0,0,1,0,0,0,1,1,1,0,1,0,0,0,0,0,0,0,0,0,0,0,1,1,1,0,0,0,0,0,0,0,0,0,0,-1,-1,0,1,0,0,0,-1,-1,-1,0,0,0,0
2581,84,2,11,0,0,0,0,0,0,0,0,0,0,0,0,0,0,0,0,0,0,0,0,0,0,0,0,0,0,0,0,0,0,0,0,0,0,0,0,0,0,0,0,0,0,0,0,0,0,0,0,0,0,0,0,0,0,0,0,0,0,0,0,0,0,0,0,0,0,0,0,0,0,0,0,0,0,0,0,0,0,0,0,0,0,0,0,0,0,0,0,0,0,0,0,0,0,0,0,0,0,0,0,0,0,0,0,0,0,0,0,0,0,0,0,0,0,0,0,0,0,0,0,0,0,0,1,0,0,0,0,0,0,0,0,0,0,0,0,0,0,0,0,0,0,0,0,0,0,0,0,0,0,0,0,0,1,0,0,0,0,0,0,0,0,0,1,0,0,0,0,0,0,0,0,0,0,0,0,0,0,1,0,0,0,0,0,0,1,0,0,0,0,0,0,0,0,0,0,0,1,0,0,0,0,0,0,0,0,0,0,0,0,0,0,0,-1,0,0,0,-1,0,0,0,0,0,0,0,0,0,0
2581,85,1,09,0,2,1,1,1,0,0,1,1,0,0,2,0,1,1,0,0,1,0,0,0,0,1,1,0,0,0,0,0,0,0,0,0,0,0,0,0,0,0,0,0,2,0,0,1,0,2,-1,0,1,0,0,1,0,0,0,0,0,0,0,1,0,0,1,1,0,0,0,0,0,1,0,0,0,1,0,0,0,1,0,0,0,0,0,0,0,0,0,0,0,0,0,0,0,0,0,0,0,0,0,1,0,0,1,1,1,0,0,0,1,0,0,0,1,0,0,0,0,0,0,2,1,1,0,0,0,1,1,0,0,2,1,1,0,0,0,0,0,0,0,0,0,1,0,0,0,1,0,0,0,0,0,0,0,0,0,0,0,0,0,2,0,0,0,0,2,1,0,0,0,0,-1,0,0,0,0,0,0,0,0,0,1,0,0,1,0,1,1,0,1,0,0,0,0,0,0,0,0,0,0,1,0,1,1,0,0,0,0,0,0,0,0,-1,1,-1,-1,0,1,0,0,-1,0,-1,-1,0,0,0,0
2581,85,1,11,0,0,1,0,0,0,0,0,0,0,0,0,0,0,0,0,0,1,0,0,0,0,0,0,0,0,0,0,0,0,0,0,0,0,0,0,0,0,0,0,0,0,1,0,0,0,0,0,0,0,0,0,1,0,0,0,0,0,0,0,0,1,0,0,0,0,0,0,0,0,0,0,0,0,0,0,0,0,0,0,0,0,0,0,0,0,0,0,0,0,0,1,0,0,0,0,0,0,0,0,0,1,0,0,0,0,0,0,0,0,0,0,0,0,0,0,1,0,0,0,0,0,0,0,0,0,0,0,0,0,0,0,0,0,0,0,0,0,0,0,0,0,0,0,0,0,0,0,0,0,0,0,0,0,0,0,0,0,0,0,0,0,0,0,0,0,0,0,0,0,0,0,0,0,0,0,0,0,0,0,0,0,0,0,0,0,0,1,0,0,0,0,0,0,0,0,0,0,0,0,0,0,0,1,0,0,0,0,0,0,0,0,0,0,0,-1,0,0,0,0,0,0,0,-1,0,0,0,0
2581,85,2,09,4,3,2,0,1,1,0,0,1,0,3,1,2,0,0,1,2,0,0,1,1,0,0,0,0,0,0,0,1,0,0,0,0,0,0,0,0,0,0,0,3,3,2,-1,1,2,1,2,0,0,1,2,0,-1,1,0,0,0,0,0,1,2,1,0,3,0,0,0,0,1,0,2,0,0,2,1,0,1,0,1,0,0,0,0,1,0,0,0,0,0,0,0,0,0,0,0,0,0,0,0,1,2,1,0,2,0,2,0,0,1,1,0,1,0,1,0,0,0,0,0,0,2,0,0,2,0,1,0,1,1,0,1,0,0,1,0,1,0,0,1,0,0,0,1,1,0,1,0,0,0,0,0,0,0,0,0,0,0,0,0,0,1,0,-1,1,0,1,0,-1,0,0,0,0,0,1,0,0,0,0,0,0,0,2,1,1,1,4,0,0,0,1,1,0,0,1,0,0,1,4,0,1,0,0,0,0,0,0,0,0,0,0,0,-1,-1,-2,1,0,-1,-3,1,-1,0,1,0,0,0,0,0
2581,85,2,11,0,0,0,0,0,0,0,0,0,0,0,0,0,0,0,0,0,0,0,0,0,0,0,0,0,0,0,0,0,0,0,0,0,0,0,0,0,0,0,0,0,0,0,0,0,0,0,0,0,0,0,0,0,0,0,0,0,0,0,0,0,0,0,0,0,0,0,0,0,0,0,0,0,0,0,0,0,0,0,0,0,0,0,0,0,0,0,0,0,0,0,0,0,0,0,0,0,0,0,0,0,0,0,0,0,0,0,0,0,0,0,0,0,0,0,0,0,0,0,0,0,0,0,0,0,0,1,0,0,0,0,0,0,0,0,0,0,0,0,0,0,1,0,0,0,0,0,0,0,0,0,0,0,0,0,0,0,0,0,0,0,-1,0,0,0,0,-1,0,0,0,0,0,0,0,0,0,0,0,0,0,0,0,0,0,0,0,1,0,0,0,0,0,0,0,0,0,0,0,0,0,0,0,1,0,0,0,0,0,0,0,0,0,0,0,-1,0,0,0,0,0,0,0,-1,0,0,0,0,0
2581,86,1,09,2,1,0,2,4,0,0,0,0,0,0,1,0,2,1,2,0,0,0,3,0,0,0,0,0,0,0,0,0,0,0,0,0,0,0,0,0,0,0,0,2,1,0,2,4,0,1,0,2,1,2,0,0,0,3,0,0,0,0,0,1,0,0,0,0,0,1,0,1,1,1,0,0,0,0,0,0,0,0,0,0,1,0,0,1,0,0,0,1,0,0,0,0,0,0,0,0,0,0,0,1,-1,0,-1,-1,1,-1,0,0,-1,0,0,0,-1,0,0,0,0,0,0,0,1,2,0,0,2,0,0,1,0,0,1,1,0,0,0,0,1,0,0,2,0,0,1,0,0,0,0,0,0,0,0,0,0,0,0,0,0,0,0,-2,1,2,-1,0,-2,1,1,-1,0,0,0,1,0,0,0,0,0,0,0,0,0,2,0,0,1,1,1,0,0,2,0,0,0,0,0,0,0,1,0,0,1,0,1,0,0,0,0,0,0,0,0,0,-1,1,-1,0,0,1,0,0,-1,0,-1,0,0,0,0
2581,86,1,11,0,0,0,0,0,0,0,0,0,0,0,0,0,0,0,0,0,0,0,0,0,0,0,0,0,0,0,0,0,0,0,0,0,0,0,0,0,0,0,0,0,0,0,0,0,0,0,0,0,0,0,0,0,0,0,0,0,0,0,0,0,0,0,0,1,0,0,0,0,0,0,0,0,0,1,0,0,0,0,0,0,0,0,0,0,0,0,0,0,0,0,0,0,0,0,0,0,0,0,0,0,0,0,0,1,0,0,0,0,1,0,0,0,0,0,0,0,0,0,0,0,0,0,0,0,0,0,0,0,0,0,0,0,0,0,0,0,0,0,0,0,0,0,0,0,0,0,0,0,0,0,0,0,0,0,0,0,0,0,0,0,0,0,0,0,0,0,0,0,0,0,0,0,0,0,0,0,0,0,0,0,0,0,0,0,0,0,0,0,0,0,0,0,0,0,0,0,0,0,0,0,0,0,0,0,0,0,0,0,0,0,0,0,0,0,0,0,0,0,0,0,0,0,0,0,0,0,0
2581,86,2,09,0,1,0,1,0,1,0,1,0,0,0,0,0,1,0,0,1,0,0,0,1,0,0,0,0,0,0,1,0,0,0,0,0,0,0,0,0,0,0,0,-1,1,-1,1,0,-1,0,0,1,0,0,1,-1,0,0,0,0,0,0,0,0,0,1,1,0,0,0,0,2,0,0,0,1,0,0,0,0,0,1,0,0,0,0,0,0,0,0,0,2,0,0,0,0,0,0,0,0,0,0,0,0,0,1,-1,0,0,0,1,0,0,0,0,0,-1,0,0,0,0,0,0,0,4,0,0,0,0,0,0,2,1,0,4,0,0,0,0,0,0,0,0,0,0,0,2,1,0,0,0,0,0,0,0,0,0,0,0,0,0,0,0,0,4,0,-2,-1,0,4,0,-2,-1,0,0,0,0,0,0,0,0,0,0,1,2,0,0,1,2,2,1,1,0,0,0,0,2,0,0,1,1,1,0,0,1,1,1,0,0,0,0,0,0,0,0,0,0,-2,-1,0,-1,-1,0,0,1,-1,-1,0,0,0,0
2581,86,2,11,0,0,0,0,0,0,0,0,0,0,0,0,0,0,0,0,0,0,0,0,0,0,0,0,0,0,0,0,0,0,0,0,0,0,0,0,0,0,0,0,0,0,0,0,0,0,0,0,0,0,0,0,0,0,0,0,0,0,0,0,0,0,0,0,0,0,0,0,0,0,0,0,0,0,0,0,0,0,0,0,0,0,0,0,0,0,0,0,0,0,0,0,0,0,0,0,0,0,0,0,0,0,0,0,0,0,0,0,0,0,0,0,0,0,0,0,0,0,0,0,0,1,0,0,0,0,1,0,0,0,0,0,0,0,0,0,1,0,0,0,0,0,0,0,0,0,1,0,0,0,0,0,0,0,0,0,0,0,0,0,0,0,0,0,0,0,0,0,0,0,0,0,0,0,0,0,0,0,0,0,0,0,0,0,0,0,0,0,0,0,0,0,0,0,0,0,0,0,0,0,0,0,0,0,0,0,0,0,0,0,0,0,0,0,0,0,0,0,0,0,0,0,0,0,0,0,0,0
2581,87,1,09,0,1,1,0,0,0,0,1,0,0,0,0,1,0,0,0,1,0,0,0,0,0,1,0,0,0,0,0,0,0,0,0,0,0,0,0,0,0,0,0,0,1,0,0,0,0,0,0,0,0,0,1,0,0,0,0,0,0,0,0,1,0,0,0,0,0,1,0,0,0,0,0,0,0,0,1,0,0,0,0,0,1,0,0,0,0,0,0,0,0,0,0,0,0,0,0,0,0,0,0,1,-1,0,0,0,0,-1,0,0,0,1,0,0,0,0,0,0,0,0,0,1,0,1,0,0,0,0,0,0,1,1,0,1,0,0,0,0,0,0,0,0,0,0,0,1,0,0,0,0,0,0,0,0,0,0,0,0,0,0,0,1,0,1,0,-1,1,0,1,0,-1,0,0,0,0,0,0,0,0,0,0,1,1,0,1,0,0,4,0,1,1,0,0,0,0,0,1,0,0,4,0,0,0,0,0,0,0,0,0,0,0,0,0,1,1,-4,1,1,1,-4,0,0,0,0,1,0,0,0,0
2581,87,1,11,0,0,0,0,0,0,0,0,0,0,0,0,0,0,0,0,0,0,0,0,0,0,0,0,0,0,0,0,0,0,0,0,0,0,0,0,0,0,0,0,0,0,0,0,0,0,0,0,0,0,0,0,0,0,0,0,0,0,0,0,0,0,0,0,0,0,0,0,0,0,0,0,0,0,0,0,0,0,0,0,0,0,0,0,0,0,0,0,0,0,0,0,0,0,0,0,0,0,0,0,0,0,0,0,0,0,0,0,0,0,0,0,0,0,0,0,0,0,0,0,0,0,0,0,0,0,0,0,0,0,0,0,0,0,0,0,0,0,0,0,0,0,0,0,0,0,0,0,0,0,0,0,0,0,0,0,0,0,0,0,0,0,0,0,0,0,0,0,0,0,0,0,0,0,0,0,0,0,0,0,0,0,0,0,0,0,0,0,0,0,0,0,0,0,0,0,0,0,0,0,0,0,0,0,0,0,0,0,0,0,0,0,0,0,0,0,0,0,0,0,0,0,0,0,0,0,0,0
2581,87,2,09,0,1,0,1,0,0,0,0,0,0,0,1,0,1,0,0,0,0,0,0,0,0,0,0,0,0,0,0,0,0,0,0,0,0,0,0,0,0,0,0,0,1,0,1,0,0,1,0,1,0,0,0,0,0,0,0,0,0,0,0,0,0,1,0,1,0,0,0,0,0,0,0,0,0,1,0,0,1,0,0,0,0,0,0,0,0,0,0,0,0,0,0,0,0,0,0,0,0,0,0,0,0,1,0,1,0,0,0,0,1,0,0,1,0,0,0,0,0,0,0,0,0,0,0,1,0,1,0,1,1,0,0,0,0,0,0,0,0,0,1,0,0,0,1,0,0,1,0,0,1,0,0,0,0,0,0,0,0,0,0,0,-1,0,-1,0,0,0,0,-1,0,0,-1,0,0,0,0,0,0,0,0,0,1,0,1,2,0,1,0,0,1,0,0,0,0,0,1,1,0,1,0,1,0,0,0,0,0,0,0,0,0,0,0,-2,1,-1,1,-1,1,-1,0,-1,0,0,1,0,0,0,0
2581,87,2,11,0,0,0,0,0,0,0,0,0,0,0,0,0,0,0,0,0,0,0,0,0,0,0,0,0,0,0,0,0,0,0,0,0,0,0,0,0,0,0,0,0,0,0,0,0,0,0,0,0,0,0,0,0,0,0,0,0,0,0,0,0,0,0,0,0,0,0,0,0,0,0,0,0,0,0,0,0,0,0,0,0,0,0,0,0,0,0,0,0,0,0,0,0,0,0,0,0,0,0,0,0,0,0,0,0,0,0,0,0,0,0,0,0,0,0,0,0,0,0,0,1,0,0,0,0,0,0,0,0,0,1,0,0,0,0,0,0,0,0,0,0,0,0,0,0,0,0,0,0,0,0,0,0,0,0,0,0,0,0,0,1,0,0,0,0,1,0,0,0,0,0,0,0,0,0,0,0,0,0,0,0,0,0,0,0,0,0,0,0,0,0,0,0,0,0,0,0,0,0,0,0,0,0,0,0,0,0,0,0,0,0,0,0,0,0,0,0,0,0,0,0,0,0,0,0,0,0,0
2581,88,1,09,0,2,0,0,0,0,1,0,0,1,0,2,0,0,0,0,0,0,0,0,0,1,0,0,1,0,0,0,0,0,0,0,0,0,0,0,0,0,0,0,0,1,0,0,-1,0,1,0,0,-1,0,0,0,0,0,0,0,0,0,0,1,0,0,1,0,1,0,1,0,0,0,0,0,1,0,1,0,0,0,0,0,0,1,0,0,1,0,0,0,0,0,0,0,0,0,0,0,0,0,0,0,0,-1,1,0,0,0,-1,1,0,0,0,0,0,0,0,0,0,0,0,0,1,0,0,0,0,0,1,0,0,0,1,0,0,0,0,0,0,0,0,0,0,1,0,0,0,0,0,0,0,0,0,0,0,0,0,0,0,0,0,0,1,-1,0,0,0,1,-1,0,0,0,0,0,0,0,0,0,0,0,0,3,0,0,1,0,0,0,0,2,0,0,1,1,0,0,0,0,0,0,0,0,0,0,0,0,0,0,0,0,0,0,0,3,0,0,1,2,0,0,1,1,0,0,0,0,0,0,0
2581,88,1,11,0,0,0,0,0,0,0,0,0,0,0,0,0,0,0,0,0,0,0,0,0,0,0,0,0,0,0,0,0,0,0,0,0,0,0,0,0,0,0,0,0,0,0,0,0,0,0,0,0,0,0,0,0,0,0,0,0,0,0,0,0,0,0,0,0,0,0,0,0,0,0,0,0,0,0,0,0,0,0,0,0,0,0,0,0,0,0,0,0,0,0,0,0,0,0,0,0,0,0,0,0,0,0,0,0,0,0,0,0,0,0,0,0,0,0,0,0,0,0,0,0,0,0,0,0,0,0,0,0,0,0,0,0,0,0,0,0,0,0,0,0,0,0,0,0,0,0,0,0,0,0,0,0,0,0,0,0,0,0,0,0,0,0,0,0,0,0,0,0,0,0,0,0,0,0,0,0,0,0,0,0,0,0,0,0,0,0,0,0,0,0,0,0,0,0,0,0,0,0,0,0,0,0,0,0,0,0,0,0,0,0,0,0,0,0,0,0,0,0,0,0,0,0,0,0,0,0,0
2581,88,2,09,0,0,1,0,1,0,0,1,0,0,0,0,1,0,1,0,0,0,0,0,0,0,1,0,0,0,0,0,0,0,0,0,0,0,0,0,0,0,0,0,0,0,0,0,1,0,0,0,0,1,0,0,0,0,0,0,0,0,0,0,0,0,0,2,2,0,0,0,1,0,0,0,0,2,2,0,0,0,0,0,0,0,0,1,0,0,0,0,0,0,0,0,0,0,0,0,0,0,0,0,0,0,0,1,2,0,0,0,1,2,0,0,0,0,0,0,0,0,0,0,1,0,0,1,1,2,0,0,0,0,0,0,0,1,0,1,0,0,0,1,2,0,0,0,0,0,0,0,0,0,0,0,0,0,0,0,0,0,0,0,-1,0,0,1,1,-2,0,0,1,0,1,0,0,0,1,0,0,0,0,0,1,0,0,0,0,0,1,1,1,0,0,0,0,0,0,0,0,0,1,0,0,0,0,1,0,0,0,0,0,0,0,0,1,0,-1,-1,1,0,-1,0,0,0,0,-1,0,0,0,0
2581,88,2,11,0,0,0,0,0,0,0,0,0,0,0,0,0,0,0,0,0,0,0,0,0,0,0,0,0,0,0,0,0,0,0,0,0,0,0,0,0,0,0,0,0,0,0,0,0,0,0,0,0,0,0,0,0,0,0,0,0,0,0,0,0,0,0,0,0,1,0,0,0,0,0,0,0,0,0,0,0,0,0,0,0,0,0,0,0,1,0,0,0,0,0,0,0,0,0,0,0,0,0,0,-1,0,0,0,0,0,0,0,0,0,-1,0,0,0,0,0,0,0,0,0,0,0,0,0,0,0,0,0,0,0,0,0,0,0,0,0,0,0,0,0,0,0,0,0,0,0,0,0,0,0,0,0,0,0,0,0,0,0,0,0,0,0,0,0,0,0,0,0,0,0,0,0,0,0,0,0,0,0,0,0,0,0,0,0,0,0,0,0,0,0,0,0,0,0,0,0,0,0,0,0,0,0,0,0,0,0,0,0,0,0,0,0,0,0,0,0,0,0,0,0,0,0,0,0,0,0,0,0
2581,89,1,09,0,0,1,0,2,1,0,0,0,1,0,0,1,0,1,0,0,0,0,1,1,0,0,0,1,0,0,0,0,0,0,0,0,0,0,0,0,0,0,0,-1,0,1,0,1,-1,0,1,0,0,0,0,0,0,1,0,0,0,0,0,0,1,0,2,0,0,0,0,0,0,0,0,0,1,0,0,1,0,1,0,0,0,0,0,0,0,0,0,0,0,0,0,0,0,0,0,0,0,0,0,0,1,0,2,0,0,0,0,1,0,0,1,0,1,0,0,0,0,0,0,0,1,0,0,0,0,0,0,1,0,0,0,0,0,0,0,1,0,0,0,0,0,0,0,0,0,0,0,1,0,0,0,0,0,0,0,0,0,0,0,0,1,0,-1,0,0,0,0,0,0,0,1,0,-1,0,0,0,0,0,0,0,0,0,1,0,0,0,1,0,0,0,1,0,0,0,0,0,0,0,0,0,0,0,1,0,0,0,0,0,0,0,0,0,0,0,0,0,0,0,1,0,0,0,-1,0,0,0,0
2581,89,1,11,0,0,0,0,0,0,0,0,0,0,0,0,0,0,0,0,0,0,0,0,0,0,0,0,0,0,0,0,0,0,0,0,0,0,0,0,0,0,0,0,0,0,0,0,0,0,0,0,0,0,0,0,0,0,0,0,0,0,0,0,0,0,0,0,0,0,0,0,0,0,0,0,0,0,0,0,0,0,0,0,0,0,0,0,0,0,0,0,0,0,0,0,0,0,0,0,0,0,0,0,0,0,0,0,0,0,0,0,0,0,0,0,0,0,0,0,0,0,0,0,0,0,0,0,0,0,0,0,0,0,0,0,0,0,0,0,0,0,0,0,0,0,0,0,0,0,0,0,0,0,0,0,0,0,0,0,0,0,0,0,0,0,0,0,0,0,0,0,0,0,0,0,0,0,0,0,0,0,0,0,0,0,0,0,0,0,0,0,0,0,0,0,0,0,0,0,0,0,0,0,0,0,0,0,0,0,0,0,0,0,0,0,0,0,0,0,0,0,0,0,0,0,0,0,0,0,0,0
2581,89,2,09,1,0,0,0,1,0,0,1,0,0,1,0,0,0,1,0,0,0,0,0,0,0,0,0,0,0,0,1,0,0,0,0,0,0,0,0,0,0,0,0,1,0,-1,0,1,1,0,0,0,1,0,0,-1,0,0,0,0,0,0,0,0,1,1,0,0,1,0,0,0,0,0,1,1,0,0,0,0,0,0,0,0,0,0,0,0,1,0,0,0,0,0,0,0,0,0,0,0,0,0,0,-1,1,1,0,0,0,1,1,0,0,-1,0,0,0,0,0,0,0,0,0,2,1,0,1,0,1,1,1,0,1,2,1,0,1,0,0,0,0,0,0,1,0,0,0,0,0,1,1,0,1,0,0,0,0,0,0,0,0,0,0,1,0,-1,1,-1,1,1,0,1,0,0,-1,-1,0,-1,0,0,0,0,0,0,0,1,0,1,1,0,1,0,0,0,0,0,0,1,0,1,0,0,1,0,1,0,0,0,0,0,0,0,0,0,0,-1,-1,1,-1,-1,0,0,-1,0,-1,1,0,0,0,0,0
2581,89,2,11,0,0,0,0,0,0,0,0,0,0,0,0,0,0,0,0,0,0,0,0,0,0,0,0,0,0,0,0,0,0,0,0,0,0,0,0,0,0,0,0,0,0,0,0,0,0,0,0,0,0,0,0,0,0,0,0,0,0,0,0,0,0,0,0,0,0,0,0,0,0,0,0,0,0,0,0,0,0,0,0,0,0,0,0,0,0,0,0,0,0,0,0,0,0,0,0,0,0,0,0,0,0,0,0,0,0,0,0,0,0,0,0,0,0,0,0,0,0,0,0,0,0,0,0,0,0,0,0,0,0,0,0,0,0,0,0,0,0,0,0,0,0,0,0,0,0,0,0,0,0,0,0,0,0,0,0,0,0,0,0,0,0,0,0,0,0,0,0,0,0,0,0,0,0,0,0,0,0,0,0,0,0,0,0,0,0,0,0,0,0,0,0,0,0,0,0,0,0,0,0,0,0,0,0,0,0,0,0,0,0,0,0,0,0,0,0,0,0,0,0,0,0,0,0,0,0,0,0
2581,90,1,09,0,0,0,0,0,0,0,0,1,0,0,0,0,0,0,0,0,0,0,0,0,0,0,1,0,0,0,0,0,0,0,0,0,0,0,0,0,0,0,0,0,0,0,-1,0,0,0,0,-1,0,0,0,0,0,0,0,0,0,0,0,1,0,0,0,1,0,0,0,1,0,0,0,0,0,0,1,0,0,0,1,0,0,0,0,0,0,0,0,1,0,0,0,0,0,0,0,0,0,0,0,1,0,0,-1,1,0,0,0,0,0,1,0,0,-1,1,0,0,0,0,0,0,0,0,0,0,0,0,0,0,1,0,0,0,0,0,0,0,0,0,0,0,0,0,0,1,0,0,0,0,0,0,0,0,0,0,0,0,0,0,0,0,0,0,0,-1,0,0,0,0,-1,0,0,0,0,0,0,0,0,0,0,0,0,0,0,0,0,0,0,0,0,0,0,0,0,0,0,0,0,0,0,0,0,0,0,0,0,0,0,0,0,0,0,0,0,0,0,0,0,0,0,0,0,0,0,0,0,0,0
2581,90,1,11,0,0,0,0,0,0,0,0,0,0,0,0,0,0,0,0,0,0,0,0,0,0,0,0,0,0,0,0,0,0,0,0,0,0,0,0,0,0,0,0,0,0,0,0,0,0,0,0,0,0,0,0,0,0,0,0,0,0,0,0,0,0,0,0,0,0,0,0,0,0,0,0,0,0,0,0,0,0,0,0,0,0,0,0,0,0,0,0,0,0,0,0,0,0,0,0,0,0,0,0,0,0,0,0,0,0,0,0,0,0,0,0,0,0,0,0,0,0,0,0,0,0,0,0,0,0,0,0,0,0,0,0,0,0,0,0,0,0,0,0,0,0,0,0,0,0,0,0,0,0,0,0,0,0,0,0,0,0,0,0,0,0,0,0,0,0,0,0,0,0,0,0,0,0,0,0,0,0,0,0,0,0,0,0,0,0,0,0,0,0,0,0,0,0,0,0,0,0,0,0,0,0,0,0,0,0,0,0,0,0,0,0,0,0,0,0,0,0,0,0,0,0,0,0,0,0,0,0
2581,90,2,09,0,1,0,0,0,1,0,0,1,1,0,0,0,0,0,0,1,0,0,0,0,0,0,0,1,1,0,0,1,0,0,0,0,0,0,0,0,0,0,0,-1,1,0,-1,-1,0,0,0,0,-1,-1,1,0,-1,0,0,0,0,0,0,0,1,0,0,0,1,0,0,0,1,0,1,0,0,0,0,0,0,0,0,0,0,0,0,1,1,0,0,0,0,0,0,0,0,0,0,0,0,0,0,-1,1,0,0,-1,0,1,0,0,-1,-1,0,0,0,0,0,0,0,0,0,0,1,0,0,1,0,1,1,0,0,0,0,0,0,0,0,1,0,0,1,0,1,1,0,0,0,0,0,0,0,0,0,0,0,0,0,0,0,0,0,0,0,-1,0,1,0,-1,-1,0,0,0,1,0,0,1,0,0,0,0,0,0,0,0,0,0,0,0,0,0,0,0,0,0,0,0,0,0,0,0,0,0,0,0,0,0,0,0,0,0,0,0,0,0,0,0,0,0,0,0,0,0,0,0,0,0,0,0,0
2581,90,2,11,0,0,0,0,0,0,0,0,0,0,0,0,0,0,0,0,0,0,0,0,0,0,0,0,0,0,0,0,0,0,0,0,0,0,0,0,0,0,0,0,0,0,0,0,0,0,0,0,0,0,0,0,0,0,0,0,0,0,0,0,0,0,0,0,0,0,0,0,0,0,0,0,0,0,0,0,0,0,0,0,0,0,0,0,0,0,0,0,0,0,0,0,0,0,0,0,0,0,0,0,0,0,0,0,0,0,0,0,0,0,0,0,0,0,0,0,0,0,0,0,0,0,0,0,0,0,0,0,0,1,0,0,0,0,0,0,0,0,0,0,0,0,0,0,1,0,0,0,0,0,0,0,0,0,0,0,0,0,0,0,0,0,0,0,-1,0,0,0,0,-1,0,0,0,0,0,0,0,0,0,0,0,0,0,0,0,0,0,0,0,0,0,0,0,0,0,0,0,0,0,0,0,0,0,0,0,0,0,0,0,0,0,0,0,0,0,0,0,0,0,0,0,0,0,0,0,0,0,0
2581,91,1,09,0,0,0,1,0,0,0,0,0,0,0,0,0,1,0,0,0,0,0,0,0,0,0,0,0,0,0,0,0,0,0,0,0,0,0,0,0,0,0,0,0,0,0,1,0,0,0,0,1,0,0,0,0,0,0,0,0,0,0,0,0,0,0,1,0,0,0,0,0,0,0,0,0,0,0,0,0,0,1,0,0,0,0,0,0,0,0,0,0,0,0,0,0,0,0,0,0,0,0,0,0,0,0,1,0,0,0,0,0,0,0,0,0,1,0,0,0,0,0,0,0,0,0,1,0,0,0,0,0,1,0,0,0,1,0,0,0,0,0,0,0,0,0,0,0,0,0,0,0,1,0,0,0,0,0,0,0,0,0,0,0,0,0,1,-1,0,0,0,1,0,0,0,0,0,-1,0,0,0,0,0,0,0,0,0,1,0,0,0,0,0,0,0,0,0,0,0,0,0,0,0,1,0,0,0,0,0,0,0,0,0,0,0,-1,0,0,0,0,0,0,0,-1,0,0,0,0,0,0,0
2581,91,1,11,0,0,0,0,0,0,0,0,0,0,0,0,0,0,0,0,0,0,0,0,0,0,0,0,0,0,0,0,0,0,0,0,0,0,0,0,0,0,0,0,0,0,0,0,0,0,0,0,0,0,0,0,0,0,0,0,0,0,0,0,0,0,0,0,0,0,0,0,0,0,0,0,0,0,0,0,0,0,0,0,0,0,0,0,0,0,0,0,0,0,0,0,0,0,0,0,0,0,0,0,0,0,0,0,0,0,0,0,0,0,0,0,0,0,0,0,0,0,0,0,0,0,0,0,0,0,0,0,0,0,0,0,0,0,0,0,0,0,0,0,0,0,0,0,0,0,0,0,0,0,0,0,0,0,0,0,0,0,0,0,0,0,0,0,0,0,0,0,0,0,0,0,0,0,0,0,0,0,0,0,0,0,0,0,0,0,0,0,0,0,0,0,0,0,0,0,0,0,0,0,0,0,0,0,0,0,0,0,0,0,0,0,0,0,0,0,0,0,0,0,0,0,0,0,0,0,0,0
2581,91,2,09,1,0,0,0,0,0,1,0,0,0,1,0,0,0,0,0,0,0,0,0,0,0,0,0,0,0,1,0,0,0,0,0,0,0,0,0,0,0,0,0,1,-1,0,0,0,1,0,0,0,0,0,-1,0,0,0,0,0,0,0,0,0,1,0,1,0,0,0,0,0,0,0,1,0,0,0,0,0,0,1,0,0,0,0,0,0,0,0,0,0,0,0,0,0,0,0,0,0,0,0,0,0,1,0,1,0,0,1,0,0,0,0,0,0,1,0,0,0,0,0,0,0,0,1,1,0,0,0,1,0,1,0,0,1,1,0,0,0,0,0,0,0,0,1,0,1,0,0,0,0,0,0,0,0,0,0,0,0,0,0,0,0,0,0,1,-1,0,0,0,1,-1,0,0,0,0,0,0,0,0,0,0,0,0,0,0,0,0,0,1,0,0,0,0,0,0,0,0,0,0,0,1,0,0,0,0,0,0,0,0,0,0,0,0,0,0,0,-1,0,0,0,-1,0,0,0,0,0,0,0,0
2581,91,2,11,0,0,0,0,0,0,0,0,0,0,0,0,0,0,0,0,0,0,0,0,0,0,0,0,0,0,0,0,0,0,0,0,0,0,0,0,0,0,0,0,0,0,0,0,0,0,0,0,0,0,0,0,0,0,0,0,0,0,0,0,0,0,0,0,0,0,0,0,0,0,0,0,0,0,0,0,0,0,0,0,0,0,0,0,0,0,0,0,0,0,0,0,0,0,0,0,0,0,0,0,0,0,0,0,0,0,0,0,0,0,0,0,0,0,0,0,0,0,0,0,0,0,0,0,0,0,0,0,0,0,0,0,0,0,0,0,0,0,0,0,0,0,0,0,0,0,0,0,0,0,0,0,0,0,0,0,0,0,0,0,0,0,0,0,0,0,0,0,0,0,0,0,0,0,0,0,0,0,0,0,0,0,0,0,0,0,0,0,0,0,0,0,0,0,0,0,0,0,0,0,0,0,0,0,0,0,0,0,0,0,0,0,0,0,0,0,0,0,0,0,0,0,0,0,0,0,0,0
2581,92,1,09,0,0,0,0,0,0,0,0,1,0,0,0,0,0,0,0,0,0,0,0,0,0,0,0,0,0,0,0,1,0,0,0,0,0,0,0,0,0,0,0,0,0,0,-1,0,0,0,0,0,0,0,0,0,-1,0,0,0,0,0,0,0,0,0,0,0,0,0,0,0,0,0,0,0,0,0,0,0,0,0,0,0,0,0,0,0,0,0,0,0,0,0,0,0,0,0,0,0,0,0,0,0,0,0,0,0,0,0,0,0,0,0,0,0,0,0,0,0,0,0,0,0,1,0,0,0,0,1,0,0,0,0,1,0,0,0,0,0,0,0,0,0,0,0,0,0,0,1,0,0,0,0,0,0,0,0,0,0,0,0,0,0,0,0,0,0,0,1,0,0,0,0,-1,0,0,0,0,0,0,0,0,0,0,0,0,0,0,0,0,0,0,0,0,0,0,0,0,0,0,0,0,0,0,0,0,0,0,0,0,0,0,0,0,0,0,0,0,0,0,0,0,0,0,0,0,0,0,0,0
2581,92,1,11,0,0,0,0,0,0,0,0,0,0,0,0,0,0,0,0,0,0,0,0,0,0,0,0,0,0,0,0,0,0,0,0,0,0,0,0,0,0,0,0,0,0,0,0,0,0,0,0,0,0,0,0,0,0,0,0,0,0,0,0,0,0,0,0,0,0,0,0,0,0,0,0,0,0,0,0,0,0,0,0,0,0,0,0,0,0,0,0,0,0,0,0,0,0,0,0,0,0,0,0,0,0,0,0,0,0,0,0,0,0,0,0,0,0,0,0,0,0,0,0,0,0,0,0,0,0,0,0,0,0,0,0,0,0,0,0,0,0,0,0,0,0,0,0,0,0,0,0,0,0,0,0,0,0,0,0,0,0,0,0,0,0,0,0,0,0,0,0,0,0,0,0,0,0,0,0,0,0,0,0,0,0,0,0,0,0,0,0,0,0,0,0,0,0,0,0,0,0,0,0,0,0,0,0,0,0,0,0,0,0,0,0,0,0,0,0,0,0,0,0,0,0,0,0,0,0,0,0
2581,92,2,09,1,0,1,1,0,0,0,1,0,0,1,0,1,0,0,0,0,0,1,0,0,0,1,0,0,0,0,0,0,0,0,0,0,0,0,0,0,0,0,0,1,0,0,1,0,1,0,0,0,0,0,0,0,1,0,0,0,0,0,0,0,1,0,1,0,0,0,0,0,1,0,1,0,1,0,0,0,0,0,0,0,0,0,0,0,0,0,0,0,1,0,0,0,0,0,0,0,0,0,0,0,1,0,1,-1,0,1,0,1,0,0,0,0,0,-1,0,0,0,0,0,0,0,0,0,0,1,0,1,0,1,0,0,0,0,0,0,0,0,0,0,0,0,0,0,1,1,0,1,0,0,0,0,0,0,0,0,0,0,0,0,-1,0,-1,0,-1,0,0,0,0,-1,-1,0,-1,0,0,0,0,0,0,0,0,0,0,1,0,0,0,0,0,0,0,1,0,0,0,0,0,0,0,0,0,0,0,0,0,0,0,0,0,0,0,0,0,0,0,1,0,0,0,1,0,0,0,0,0,0,0,0
2581,92,2,11,0,0,0,0,0,0,0,0,0,0,0,0,0,0,0,0,0,0,0,0,0,0,0,0,0,0,0,0,0,0,0,0,0,0,0,0,0,0,0,0,0,0,0,0,0,0,0,0,0,0,0,0,0,0,0,0,0,0,0,0,0,0,0,0,0,0,0,0,0,0,0,0,0,0,0,0,0,0,0,0,0,0,0,0,0,0,0,0,0,0,0,0,0,0,0,0,0,0,0,0,0,0,0,0,0,0,0,0,0,0,0,0,0,0,0,0,0,0,0,0,0,0,0,0,0,0,0,0,0,0,0,0,0,0,0,0,0,0,0,0,0,0,0,0,0,0,0,0,0,0,0,0,0,0,0,0,0,0,0,0,0,0,0,0,0,0,0,0,0,0,0,0,0,0,0,0,0,0,0,0,0,0,0,0,0,0,0,0,0,0,0,0,0,0,0,0,0,0,0,0,0,0,0,0,0,0,0,0,0,0,0,0,0,0,0,0,0,0,0,0,0,0,0,0,0,0,0,0
2581,93,1,09,0,0,1,1,0,0,0,0,0,0,0,0,0,1,0,0,0,1,0,0,0,0,0,0,0,0,0,0,0,0,0,0,0,0,0,0,0,0,0,0,0,0,1,1,0,0,0,0,1,0,0,0,1,0,0,0,0,0,0,0,0,0,0,0,0,0,0,0,0,1,0,0,0,0,0,0,0,0,0,0,0,0,0,0,0,0,0,0,0,1,0,0,0,0,0,0,0,0,0,0,0,0,0,0,-1,0,0,0,0,0,0,0,0,0,-1,0,0,0,0,0,0,0,0,0,1,0,1,0,0,1,0,0,0,0,1,0,0,0,0,0,0,0,0,0,0,0,1,0,0,1,0,0,0,0,0,0,0,0,0,0,0,-1,0,0,0,0,0,0,0,1,0,-1,0,0,-1,0,0,0,0,0,0,0,0,0,0,1,0,0,0,0,0,0,0,0,0,0,0,1,0,0,0,0,0,0,0,0,0,0,0,0,0,0,0,-1,0,0,0,-1,0,0,0,0,0,0,0,0,0,0
2581,93,1,11,0,0,0,0,0,0,0,0,0,0,0,0,0,0,0,0,0,0,0,0,0,0,0,0,0,0,0,0,0,0,0,0,0,0,0,0,0,0,0,0,0,0,0,0,0,0,0,0,0,0,0,0,0,0,0,0,0,0,0,0,0,0,0,0,0,0,0,0,0,0,0,0,0,0,0,0,0,0,0,0,0,0,0,0,0,0,0,0,0,0,0,0,0,0,0,0,0,0,0,0,0,0,0,0,0,0,0,0,0,0,0,0,0,0,0,0,0,0,0,0,0,0,0,0,0,0,0,0,0,0,0,0,0,0,0,0,0,0,0,0,0,0,0,0,0,0,0,0,0,0,0,0,0,0,0,0,0,0,0,0,0,0,0,0,0,0,0,0,0,0,0,0,0,0,0,0,0,0,0,0,0,0,0,0,0,0,0,0,0,0,0,0,0,0,0,0,0,0,0,0,0,0,0,0,0,0,0,0,0,0,0,0,0,0,0,0,0,0,0,0,0,0,0,0,0,0,0,0
2581,93,2,09,0,1,0,0,0,0,1,0,0,0,0,0,0,0,0,0,1,0,0,0,0,1,0,0,0,0,0,0,0,0,0,0,0,0,0,0,0,0,0,0,0,0,0,0,0,0,-1,0,0,0,0,1,0,0,0,0,0,0,0,0,0,0,0,0,0,0,0,0,0,0,0,0,0,0,0,0,0,0,0,0,0,0,0,0,0,0,0,0,0,0,0,0,0,0,0,0,0,0,0,0,0,0,0,0,0,0,0,0,0,0,0,0,0,0,0,0,0,0,0,0,0,0,1,1,0,0,0,1,0,0,0,0,1,1,0,0,0,0,0,0,0,0,0,0,0,0,0,1,0,0,0,0,0,0,0,0,0,0,0,0,0,0,0,1,0,0,0,1,1,0,0,0,-1,0,0,0,0,0,0,0,1,0,0,0,0,0,0,1,0,0,0,0,1,0,0,0,0,0,0,1,0,0,0,0,0,0,0,0,0,0,0,0,1,0,0,-1,0,0,0,-1,1,0,0,0,0,0,0,0
2581,93,2,11,0,0,0,0,0,0,0,0,0,0,0,0,0,0,0,0,0,0,0,0,0,0,0,0,0,0,0,0,0,0,0,0,0,0,0,0,0,0,0,0,0,0,0,0,0,0,0,0,0,0,0,0,0,0,0,0,0,0,0,0,0,0,0,0,0,0,0,0,0,0,0,0,0,0,0,0,0,0,0,0,0,0,0,0,0,0,0,0,0,0,0,0,0,0,0,0,0,0,0,0,0,0,0,0,0,0,0,0,0,0,0,0,0,0,0,0,0,0,0,0,0,0,0,0,0,0,0,0,0,0,0,0,0,0,0,0,0,0,0,0,0,0,0,0,0,0,0,0,0,0,0,0,0,0,0,0,0,0,0,0,0,0,0,0,0,0,0,0,0,0,0,0,0,0,0,0,0,0,0,0,1,0,0,0,0,0,0,0,1,0,0,0,0,0,0,0,0,0,0,0,0,0,0,0,0,0,0,0,0,0,0,0,1,0,0,0,1,0,0,0,0,0,0,0,0,0,0,0
2581,94,1,09,0,0,0,0,0,0,0,0,0,0,0,0,0,0,0,0,0,0,0,0,0,0,0,0,0,0,0,0,0,0,0,0,0,0,0,0,0,0,0,0,0,0,0,0,0,0,0,0,0,0,0,0,0,0,0,0,0,0,0,0,0,1,0,0,0,0,0,0,0,1,0,1,0,0,0,0,0,0,0,0,0,0,0,0,1,0,0,0,0,0,0,0,0,0,0,0,0,0,0,0,0,1,0,0,-1,0,1,0,0,-1,0,0,0,0,0,0,0,0,0,0,0,0,0,0,0,0,0,0,0,0,0,0,0,0,0,0,0,0,0,0,0,0,0,0,0,0,0,0,0,0,0,0,0,0,0,0,0,0,0,0,0,0,0,0,0,0,0,0,0,0,0,0,0,0,0,0,0,0,0,0,0,1,0,0,0,0,0,0,0,1,0,0,0,0,0,0,0,0,0,0,0,0,0,0,0,0,0,0,0,0,0,0,0,1,0,0,0,1,0,0,0,0,0,0,0,0,0,0
2581,94,1,11,0,0,0,0,0,0,0,0,0,0,0,0,0,0,0,0,0,0,0,0,0,0,0,0,0,0,0,0,0,0,0,0,0,0,0,0,0,0,0,0,0,0,0,0,0,0,0,0,0,0,0,0,0,0,0,0,0,0,0,0,0,0,0,0,0,0,0,0,0,0,0,0,0,0,0,0,0,0,0,0,0,0,0,0,0,0,0,0,0,0,0,0,0,0,0,0,0,0,0,0,0,0,0,0,0,0,0,0,0,0,0,0,0,0,0,0,0,0,0,0,0,0,0,0,0,0,0,0,0,0,0,0,0,0,0,0,0,0,0,0,0,0,0,0,0,0,0,0,0,0,0,0,0,0,0,0,0,0,0,0,0,0,0,0,0,0,0,0,0,0,0,0,0,0,0,0,0,0,0,0,0,0,0,0,0,0,0,0,0,0,0,0,0,0,0,0,0,0,0,0,0,0,0,0,0,0,0,0,0,0,0,0,0,0,0,0,0,0,0,0,0,0,0,0,0,0,0,0
2581,94,2,09,0,0,0,1,0,0,0,0,0,0,0,0,0,1,0,0,0,0,0,0,0,0,0,0,0,0,0,0,0,0,0,0,0,0,0,0,0,0,0,0,0,0,0,1,0,0,0,0,1,0,0,0,0,0,0,0,0,0,0,0,0,0,0,0,0,0,0,0,1,0,0,0,0,0,0,0,0,0,0,0,0,0,0,0,0,0,0,0,1,0,0,0,0,0,0,0,0,0,0,0,0,0,0,-1,0,0,0,0,0,0,0,0,0,-1,0,0,0,0,0,0,0,0,0,0,0,0,0,0,0,0,0,0,0,0,0,0,0,0,0,0,0,0,0,0,0,0,0,0,0,0,0,0,0,0,0,0,0,0,0,0,0,0,0,0,0,0,0,0,0,0,0,0,0,0,0,0,0,0,0,0,0,0,0,0,0,0,0,0,0,0,0,0,0,0,0,0,0,0,0,0,0,0,0,0,0,0,0,0,0,0,0,0,0,0,0,0,0,0,0,0,0,0,0,0,0,0,0,0
2581,94,2,11,0,0,0,0,0,0,0,0,0,0,0,0,0,0,0,0,0,0,0,0,0,0,0,0,0,0,0,0,0,0,0,0,0,0,0,0,0,0,0,0,0,0,0,0,0,0,0,0,0,0,0,0,0,0,0,0,0,0,0,0,0,0,0,0,0,0,0,0,0,0,0,0,0,0,0,0,0,0,0,0,0,0,0,0,0,0,0,0,0,0,0,0,0,0,0,0,0,0,0,0,0,0,0,0,0,0,0,0,0,0,0,0,0,0,0,0,0,0,0,0,0,0,0,0,0,0,0,0,0,0,0,0,0,0,0,0,0,0,0,0,0,0,0,0,0,0,0,0,0,0,0,0,0,0,0,0,0,0,0,0,0,0,0,0,0,0,0,0,0,0,0,0,0,0,0,0,0,0,0,0,0,0,0,0,0,0,0,0,0,0,0,0,0,0,0,0,0,0,0,0,0,0,0,0,0,0,0,0,0,0,0,0,0,0,0,0,0,0,0,0,0,0,0,0,0,0,0,0
2581,95,1,09,0,0,0,0,0,0,0,0,0,0,0,0,0,0,0,0,0,0,0,0,0,0,0,0,0,0,0,0,0,0,0,0,0,0,0,0,0,0,0,0,0,0,0,0,0,0,0,0,0,0,0,0,0,0,0,0,0,0,0,0,0,0,0,0,0,0,0,0,0,0,0,0,0,0,0,0,0,0,0,0,0,0,0,0,0,0,0,0,0,0,0,0,0,0,0,0,0,0,0,0,0,0,0,0,0,0,0,0,0,0,0,0,0,0,0,0,0,0,0,0,0,0,0,0,0,0,0,0,0,0,0,0,0,0,0,0,0,0,0,0,0,0,0,0,0,0,0,0,0,0,0,0,0,0,0,0,0,0,0,0,0,0,0,0,0,0,0,0,0,0,0,0,0,0,0,0,0,0,0,0,0,0,0,0,0,0,0,0,0,0,0,0,0,0,0,0,0,0,0,0,0,0,0,0,0,0,0,0,0,0,0,0,0,0,0,0,0,0,0,0,0,0,0,0,0,0,0,0
2581,95,1,11,0,0,0,0,0,0,0,0,0,0,0,0,0,0,0,0,0,0,0,0,0,0,0,0,0,0,0,0,0,0,0,0,0,0,0,0,0,0,0,0,0,0,0,0,0,0,0,0,0,0,0,0,0,0,0,0,0,0,0,0,0,0,0,0,0,0,0,0,0,0,0,0,0,0,0,0,0,0,0,0,0,0,0,0,0,0,0,0,0,0,0,0,0,0,0,0,0,0,0,0,0,0,0,0,0,0,0,0,0,0,0,0,0,0,0,0,0,0,0,0,0,0,0,0,0,0,0,0,0,0,0,0,0,0,0,0,0,0,0,0,0,0,0,0,0,0,0,0,0,0,0,0,0,0,0,0,0,0,0,0,0,0,0,0,0,0,0,0,0,0,0,0,0,0,0,0,0,0,0,0,0,0,0,0,0,0,0,0,0,0,0,0,0,0,0,0,0,0,0,0,0,0,0,0,0,0,0,0,0,0,0,0,0,0,0,0,0,0,0,0,0,0,0,0,0,0,0,0
2581,95,2,09,0,0,0,0,0,0,0,0,0,0,0,0,0,0,0,0,0,0,0,0,0,0,0,0,0,0,0,0,0,0,0,0,0,0,0,0,0,0,0,0,0,0,0,0,0,0,0,0,0,0,0,0,0,0,0,0,0,0,0,0,0,0,0,0,0,0,0,0,0,0,0,0,0,0,0,0,0,0,0,0,0,0,0,0,0,0,0,0,0,0,0,0,0,0,0,0,0,0,0,0,0,0,0,0,0,0,0,0,0,0,0,0,0,0,0,0,0,0,0,0,0,0,0,1,0,0,0,0,0,0,0,0,0,1,0,0,0,0,0,0,0,0,0,0,0,0,0,0,0,0,0,0,0,0,0,0,0,0,0,0,0,0,0,1,0,0,0,0,1,0,0,0,0,0,0,0,0,0,0,0,0,0,1,0,0,0,0,0,0,0,1,0,0,0,0,0,0,0,0,0,0,0,0,0,0,0,0,0,0,0,0,0,0,0,1,0,0,0,1,0,0,0,0,0,0,0,0,0
2581,95,2,11,0,0,0,0,0,0,0,0,0,0,0,0,0,0,0,0,0,0,0,0,0,0,0,0,0,0,0,0,0,0,0,0,0,0,0,0,0,0,0,0,0,0,0,0,0,0,0,0,0,0,0,0,0,0,0,0,0,0,0,0,0,0,0,0,0,0,0,0,0,0,0,0,0,0,0,0,0,0,0,0,0,0,0,0,0,0,0,0,0,0,0,0,0,0,0,0,0,0,0,0,0,0,0,0,0,0,0,0,0,0,0,0,0,0,0,0,0,0,0,0,0,0,0,0,0,0,0,0,0,0,0,0,0,0,0,0,0,0,0,0,0,0,0,0,0,0,0,0,0,0,0,0,0,0,0,0,0,0,0,0,0,0,0,0,0,0,0,0,0,0,0,0,0,0,0,0,0,0,0,0,0,0,0,0,0,0,0,0,0,0,0,0,0,0,0,0,0,0,0,0,0,0,0,0,0,0,0,0,0,0,0,0,0,0,0,0,0,0,0,0,0,0,0,0,0,0,0,0
2581,96,1,09,0,0,0,1,0,0,0,0,0,0,0,0,0,1,0,0,0,0,0,0,0,0,0,0,0,0,0,0,0,0,0,0,0,0,0,0,0,0,0,0,0,0,0,1,0,0,0,0,1,0,0,0,0,0,0,0,0,0,0,0,0,0,0,0,0,0,0,0,1,0,0,0,0,0,0,0,0,0,0,0,0,0,0,1,0,0,0,0,0,0,0,0,0,0,0,0,0,0,0,0,0,0,0,-1,0,0,0,0,-1,0,0,0,0,0,0,0,0,0,0,0,0,0,0,0,0,0,0,0,0,0,0,0,0,0,0,0,0,0,0,0,0,0,0,0,0,0,0,0,0,0,0,0,0,0,0,0,0,0,0,0,0,0,0,0,0,0,0,0,0,0,0,0,0,0,0,0,0,0,0,0,0,0,0,0,0,0,0,0,0,0,0,0,0,0,0,0,0,0,0,0,0,0,0,0,0,0,0,0,0,0,0,0,0,0,0,0,0,0,0,0,0,0,0,0,0,0,0,0
2581,96,1,11,0,0,0,0,0,0,0,0,0,0,0,0,0,0,0,0,0,0,0,0,0,0,0,0,0,0,0,0,0,0,0,0,0,0,0,0,0,0,0,0,0,0,0,0,0,0,0,0,0,0,0,0,0,0,0,0,0,0,0,0,0,0,0,0,0,0,0,0,0,0,0,0,0,0,0,0,0,0,0,0,0,0,0,0,0,0,0,0,0,0,0,0,0,0,0,0,0,0,0,0,0,0,0,0,0,0,0,0,0,0,0,0,0,0,0,0,0,0,0,0,0,0,0,0,0,0,0,0,0,0,0,0,0,0,0,0,0,0,0,0,0,0,0,0,0,0,0,0,0,0,0,0,0,0,0,0,0,0,0,0,0,0,0,0,0,0,0,0,0,0,0,0,0,0,0,0,0,0,0,0,0,0,0,0,0,0,0,0,0,0,0,0,0,0,0,0,0,0,0,0,0,0,0,0,0,0,0,0,0,0,0,0,0,0,0,0,0,0,0,0,0,0,0,0,0,0,0,0
2581,96,2,09,0,1,0,0,0,0,0,0,0,0,0,1,0,0,0,0,0,0,0,0,0,0,0,0,0,0,0,0,0,0,0,0,0,0,0,0,0,0,0,0,0,1,0,0,0,0,1,0,0,0,0,0,0,0,0,0,0,0,0,0,0,0,0,0,0,0,0,0,0,0,0,0,0,0,0,0,0,0,0,0,0,0,0,0,0,0,0,0,0,0,0,0,0,0,0,0,0,0,0,0,0,0,0,0,0,0,0,0,0,0,0,0,0,0,0,0,0,0,0,0,0,0,0,0,0,0,0,0,0,0,0,0,0,0,0,0,0,0,0,0,0,0,0,0,0,0,0,0,0,0,0,0,0,0,0,0,0,0,0,0,0,0,0,0,0,0,0,0,0,0,0,0,0,0,0,0,0,0,0,0,0,0,0,0,0,1,0,0,0,0,0,0,0,0,0,0,0,0,0,0,0,1,0,0,0,0,0,0,0,0,0,0,0,-1,0,0,0,0,0,0,0,-1,0,0,0,0,0,0
2581,96,2,11,0,0,0,0,0,0,0,0,0,0,0,0,0,0,0,0,0,0,0,0,0,0,0,0,0,0,0,0,0,0,0,0,0,0,0,0,0,0,0,0,0,0,0,0,0,0,0,0,0,0,0,0,0,0,0,0,0,0,0,0,0,0,0,0,0,0,0,0,0,0,0,0,0,0,0,0,0,0,0,0,0,0,0,0,0,0,0,0,0,0,0,0,0,0,0,0,0,0,0,0,0,0,0,0,0,0,0,0,0,0,0,0,0,0,0,0,0,0,0,0,0,0,0,0,0,0,0,0,0,0,0,0,0,0,0,0,0,0,0,0,0,0,0,0,0,0,0,0,0,0,0,0,0,0,0,0,0,0,0,0,0,0,0,0,0,0,0,0,0,0,0,0,0,0,0,0,0,0,0,0,0,0,0,0,0,0,0,0,0,0,0,0,0,0,0,0,0,0,0,0,0,0,0,0,0,0,0,0,0,0,0,0,0,0,0,0,0,0,0,0,0,0,0,0,0,0,0,0
2581,97,1,09,0,0,0,0,0,0,0,0,0,0,0,0,0,0,0,0,0,0,0,0,0,0,0,0,0,0,0,0,0,0,0,0,0,0,0,0,0,0,0,0,0,0,0,0,0,0,0,0,0,0,0,0,0,0,0,0,0,0,0,0,0,0,0,0,0,0,0,0,0,1,0,0,0,0,0,0,0,0,0,0,0,0,0,0,1,0,0,0,0,0,0,0,0,0,0,0,0,0,0,0,0,0,0,0,-1,0,0,0,0,-1,0,0,0,0,0,0,0,0,0,0,1,0,0,0,0,1,0,0,0,0,0,0,0,0,0,1,0,0,0,0,0,0,0,0,0,1,0,0,0,0,0,0,0,0,0,0,0,0,0,0,0,0,0,0,0,0,0,0,0,0,0,0,0,0,0,0,0,0,0,0,0,0,0,0,0,0,0,0,0,0,0,0,0,0,0,0,0,0,0,0,0,0,0,0,0,0,0,0,0,0,0,0,0,0,0,0,0,0,0,0,0,0,0,0,0,0,0,0
2581,97,1,11,0,0,0,0,0,0,0,0,0,0,0,0,0,0,0,0,0,0,0,0,0,0,0,0,0,0,0,0,0,0,0,0,0,0,0,0,0,0,0,0,0,0,0,0,0,0,0,0,0,0,0,0,0,0,0,0,0,0,0,0,0,0,0,0,0,0,0,0,0,0,0,0,0,0,0,0,0,0,0,0,0,0,0,0,0,0,0,0,0,0,0,0,0,0,0,0,0,0,0,0,0,0,0,0,0,0,0,0,0,0,0,0,0,0,0,0,0,0,0,0,0,0,0,0,0,0,0,0,0,0,0,0,0,0,0,0,0,0,0,0,0,0,0,0,0,0,0,0,0,0,0,0,0,0,0,0,0,0,0,0,0,0,0,0,0,0,0,0,0,0,0,0,0,0,0,0,0,0,0,0,0,0,0,0,0,0,0,0,0,0,0,0,0,0,0,0,0,0,0,0,0,0,0,0,0,0,0,0,0,0,0,0,0,0,0,0,0,0,0,0,0,0,0,0,0,0,0,0
2581,97,2,09,0,0,0,0,1,0,0,0,0,0,0,0,0,0,1,0,0,0,0,0,0,0,0,0,0,0,0,0,0,0,0,0,0,0,0,0,0,0,0,0,0,0,0,0,1,0,0,0,0,1,0,0,0,0,0,0,0,0,0,0,0,0,0,0,0,0,0,0,0,0,0,0,0,0,0,0,0,0,0,0,0,0,0,0,0,0,0,0,0,0,0,0,0,0,0,0,0,0,0,0,0,0,0,0,0,0,0,0,0,0,0,0,0,0,0,0,0,0,0,0,0,0,0,0,0,0,0,0,0,0,0,0,0,0,0,0,0,0,0,0,0,0,0,0,0,0,0,0,0,0,0,0,0,0,0,0,0,0,0,0,0,0,0,0,0,0,0,0,0,0,0,0,0,0,0,0,0,0,0,0,0,0,0,0,0,0,0,0,0,0,0,0,0,0,0,0,0,0,0,0,0,0,0,0,0,0,0,0,0,0,0,0,0,0,0,0,0,0,0,0,0,0,0,0,0,0,0,0
2581,97,2,11,0,0,0,0,0,0,0,0,0,0,0,0,0,0,0,0,0,0,0,0,0,0,0,0,0,0,0,0,0,0,0,0,0,0,0,0,0,0,0,0,0,0,0,0,0,0,0,0,0,0,0,0,0,0,0,0,0,0,0,0,0,0,0,0,0,0,0,0,0,0,0,0,0,0,0,0,0,0,0,0,0,0,0,0,0,0,0,0,0,0,0,0,0,0,0,0,0,0,0,0,0,0,0,0,0,0,0,0,0,0,0,0,0,0,0,0,0,0,0,0,0,0,0,0,0,0,0,0,0,0,0,0,0,0,0,0,0,0,0,0,0,0,0,0,0,0,0,0,0,0,0,0,0,0,0,0,0,0,0,0,0,0,0,0,0,0,0,0,0,0,0,0,0,0,0,0,0,0,0,0,0,0,0,0,0,0,0,0,0,0,0,0,0,0,0,0,0,0,0,0,0,0,0,0,0,0,0,0,0,0,0,0,0,0,0,0,0,0,0,0,0,0,0,0,0,0,0,0
2581,98,1,09,0,0,0,0,0,0,0,0,0,0,0,0,0,0,0,0,0,0,0,0,0,0,0,0,0,0,0,0,0,0,0,0,0,0,0,0,0,0,0,0,0,0,0,0,0,0,0,0,0,0,0,0,0,0,0,0,0,0,0,0,0,0,0,0,0,0,0,0,0,0,0,0,0,0,0,0,0,0,0,0,0,0,0,0,0,0,0,0,0,0,0,0,0,0,0,0,0,0,0,0,0,0,0,0,0,0,0,0,0,0,0,0,0,0,0,0,0,0,0,0,0,0,0,0,0,0,0,0,0,0,0,0,0,0,0,0,0,0,0,0,0,0,0,0,0,0,0,0,0,0,0,0,0,0,0,0,0,0,0,0,0,0,0,0,0,0,0,0,0,0,0,0,0,0,0,0,0,0,0,0,0,0,0,0,0,0,0,0,0,0,0,0,0,0,0,0,0,0,0,0,0,0,0,0,0,0,0,0,0,0,0,0,0,0,0,0,0,0,0,0,0,0,0,0,0,0,0,0
2581,98,1,11,0,0,0,0,0,0,0,0,0,0,0,0,0,0,0,0,0,0,0,0,0,0,0,0,0,0,0,0,0,0,0,0,0,0,0,0,0,0,0,0,0,0,0,0,0,0,0,0,0,0,0,0,0,0,0,0,0,0,0,0,0,0,0,0,0,0,0,0,0,0,0,0,0,0,0,0,0,0,0,0,0,0,0,0,0,0,0,0,0,0,0,0,0,0,0,0,0,0,0,0,0,0,0,0,0,0,0,0,0,0,0,0,0,0,0,0,0,0,0,0,0,0,0,0,0,0,0,0,0,0,0,0,0,0,0,0,0,0,0,0,0,0,0,0,0,0,0,0,0,0,0,0,0,0,0,0,0,0,0,0,0,0,0,0,0,0,0,0,0,0,0,0,0,0,0,0,0,0,0,0,0,0,0,0,0,0,0,0,0,0,0,0,0,0,0,0,0,0,0,0,0,0,0,0,0,0,0,0,0,0,0,0,0,0,0,0,0,0,0,0,0,0,0,0,0,0,0,0
2581,98,2,09,0,0,0,0,0,0,0,0,0,0,0,0,0,0,0,0,0,0,0,0,0,0,0,0,0,0,0,0,0,0,0,0,0,0,0,0,0,0,0,0,0,0,0,0,0,0,0,0,0,0,0,0,0,0,0,0,0,0,0,0,0,0,0,0,0,0,0,0,1,0,0,0,0,0,0,0,0,0,0,0,0,0,0,0,0,0,0,0,1,0,0,0,0,0,0,0,0,0,0,0,0,0,0,-1,0,0,0,0,0,0,0,0,0,-1,0,0,0,0,0,0,1,1,0,0,0,0,0,0,0,0,1,1,0,0,0,0,0,0,0,0,0,0,0,0,0,0,0,0,0,0,0,0,0,0,0,0,0,0,0,0,1,1,0,0,0,1,1,0,0,0,0,0,0,0,0,0,0,0,0,0,0,0,0,1,0,0,0,0,0,0,0,0,0,0,0,1,0,0,0,0,0,0,0,0,0,0,0,0,0,0,0,0,0,0,0,1,0,0,0,0,0,0,0,1,0,0,0,0
2581,98,2,11,0,0,0,0,0,0,0,0,0,0,0,0,0,0,0,0,0,0,0,0,0,0,0,0,0,0,0,0,0,0,0,0,0,0,0,0,0,0,0,0,0,0,0,0,0,0,0,0,0,0,0,0,0,0,0,0,0,0,0,0,0,0,0,0,0,0,0,0,0,0,0,0,0,0,0,0,0,0,0,0,0,0,0,0,0,0,0,0,0,0,0,0,0,0,0,0,0,0,0,0,0,0,0,0,0,0,0,0,0,0,0,0,0,0,0,0,0,0,0,0,0,0,0,0,0,0,0,0,0,0,0,0,0,0,0,0,0,0,0,0,0,0,0,0,0,0,0,0,0,0,0,0,0,0,0,0,0,0,0,0,0,0,0,0,0,0,0,0,0,0,0,0,0,0,0,0,0,0,0,0,0,0,0,0,0,0,0,0,0,0,0,0,0,0,0,0,0,0,0,0,0,0,0,0,0,0,0,0,0,0,0,0,0,0,0,0,0,0,0,0,0,0,0,0,0,0,0,0
2581,99,1,09,0,0,0,0,0,0,0,0,0,0,0,0,0,0,0,0,0,0,0,0,0,0,0,0,0,0,0,0,0,0,0,0,0,0,0,0,0,0,0,0,0,0,0,0,0,0,0,0,0,0,0,0,0,0,0,0,0,0,0,0,0,0,0,0,0,0,0,0,0,0,0,0,0,0,0,0,0,0,0,0,0,0,0,0,0,0,0,0,0,0,0,0,0,0,0,0,0,0,0,0,0,0,0,0,0,0,0,0,0,0,0,0,0,0,0,0,0,0,0,0,0,0,0,0,0,0,0,0,0,0,0,0,0,0,0,0,0,0,0,0,0,0,0,0,0,0,0,0,0,0,0,0,0,0,0,0,0,0,0,0,0,0,0,0,0,0,0,0,0,0,0,0,0,0,0,0,0,0,0,0,0,0,0,0,0,0,0,0,0,0,0,0,0,0,0,0,0,0,0,0,0,0,0,0,0,0,0,0,0,0,0,0,0,0,0,0,0,0,0,0,0,0,0,0,0,0,0,0
2581,99,1,11,0,0,0,0,0,0,0,0,0,0,0,0,0,0,0,0,0,0,0,0,0,0,0,0,0,0,0,0,0,0,0,0,0,0,0,0,0,0,0,0,0,0,0,0,0,0,0,0,0,0,0,0,0,0,0,0,0,0,0,0,0,0,0,0,0,0,0,0,0,0,0,0,0,0,0,0,0,0,0,0,0,0,0,0,0,0,0,0,0,0,0,0,0,0,0,0,0,0,0,0,0,0,0,0,0,0,0,0,0,0,0,0,0,0,0,0,0,0,0,0,0,0,0,0,0,0,0,0,0,0,0,0,0,0,0,0,0,0,0,0,0,0,0,0,0,0,0,0,0,0,0,0,0,0,0,0,0,0,0,0,0,0,0,0,0,0,0,0,0,0,0,0,0,0,0,0,0,0,0,0,0,0,0,0,0,0,0,0,0,0,0,0,0,0,0,0,0,0,0,0,0,0,0,0,0,0,0,0,0,0,0,0,0,0,0,0,0,0,0,0,0,0,0,0,0,0,0,0
2581,99,2,09,0,0,0,0,1,0,0,0,0,0,0,0,0,0,1,0,0,0,0,0,0,0,0,0,0,0,0,0,0,0,0,0,0,0,0,0,0,0,0,0,0,0,0,0,1,0,0,0,0,1,0,0,0,0,0,0,0,0,0,0,0,0,0,1,0,0,0,0,0,0,0,0,0,1,0,0,0,0,0,0,0,0,0,0,0,0,0,0,0,0,0,0,0,0,0,0,0,0,0,0,0,0,0,1,0,0,0,0,1,0,0,0,0,0,0,0,0,0,0,0,0,0,0,0,0,0,0,0,0,0,0,0,0,0,0,0,0,0,0,0,0,0,0,0,0,0,0,0,0,0,0,0,0,0,0,0,0,0,0,0,0,0,0,0,0,0,0,0,0,0,0,0,0,0,0,0,0,0,0,0,0,0,0,0,0,0,0,0,0,0,0,0,0,0,0,0,0,0,0,0,0,0,0,0,0,0,0,0,0,0,0,0,0,0,0,0,0,0,0,0,0,0,0,0,0,0,0,0
2581,99,2,11,0,0,0,0,0,0,0,0,0,0,0,0,0,0,0,0,0,0,0,0,0,0,0,0,0,0,0,0,0,0,0,0,0,0,0,0,0,0,0,0,0,0,0,0,0,0,0,0,0,0,0,0,0,0,0,0,0,0,0,0,0,0,0,0,0,0,0,0,0,0,0,0,0,0,0,0,0,0,0,0,0,0,0,0,0,0,0,0,0,0,0,0,0,0,0,0,0,0,0,0,0,0,0,0,0,0,0,0,0,0,0,0,0,0,0,0,0,0,0,0,0,0,0,0,0,0,0,0,0,0,0,0,0,0,0,0,0,0,0,0,0,0,0,0,0,0,0,0,0,0,0,0,0,0,0,0,0,0,0,0,0,0,0,0,0,0,0,0,0,0,0,0,0,0,0,0,0,0,0,0,0,0,0,0,0,0,0,0,0,0,0,0,0,0,0,0,0,0,0,0,0,0,0,0,0,0,0,0,0,0,0,0,0,0,0,0,0,0,0,0,0,0,0,0,0,0,0,0
2581,100+,1,09,0,0,0,0,0,0,0,0,0,0,0,0,0,0,0,0,0,0,0,0,0,0,0,0,0,0,0,0,0,0,0,0,0,0,0,0,0,0,0,0,0,0,0,0,0,0,0,0,0,0,0,0,0,0,0,0,0,0,0,0,0,0,0,0,0,0,0,0,0,0,0,0,0,0,0,0,0,0,0,0,0,0,0,0,0,0,0,0,0,0,0,0,0,0,0,0,0,0,0,0,0,0,0,0,0,0,0,0,0,0,0,0,0,0,0,0,0,0,0,0,0,0,0,0,0,0,0,0,0,0,0,0,0,0,0,0,0,0,0,0,0,0,0,0,0,0,0,0,0,0,0,0,0,0,0,0,0,0,0,0,0,0,0,0,0,0,0,0,0,0,0,0,0,0,0,0,0,0,0,0,0,0,0,0,0,0,0,0,0,0,0,0,0,0,0,0,0,0,0,0,0,0,0,0,0,0,0,0,0,0,0,0,0,0,0,0,0,0,0,0,0,0,0,0,0,0,0,0
2581,100+,1,11,0,0,0,0,0,0,0,0,0,0,0,0,0,0,0,0,0,0,0,0,0,0,0,0,0,0,0,0,0,0,0,0,0,0,0,0,0,0,0,0,0,0,0,0,0,0,0,0,0,0,0,0,0,0,0,0,0,0,0,0,0,0,0,0,0,0,0,0,0,0,0,0,0,0,0,0,0,0,0,0,0,0,0,0,0,0,0,0,0,0,0,0,0,0,0,0,0,0,0,0,0,0,0,0,0,0,0,0,0,0,0,0,0,0,0,0,0,0,0,0,0,0,0,0,0,0,0,0,0,0,0,0,0,0,0,0,0,0,0,0,0,0,0,0,0,0,0,0,0,0,0,0,0,0,0,0,0,0,0,0,0,0,0,0,0,0,0,0,0,0,0,0,0,0,0,0,0,0,0,0,0,0,0,0,0,0,0,0,0,0,0,0,0,0,0,0,0,0,0,0,0,0,0,0,0,0,0,0,0,0,0,0,0,0,0,0,0,0,0,0,0,0,0,0,0,0,0,0
2581,100+,2,09,0,0,0,0,0,0,0,0,0,0,0,0,0,0,0,0,0,0,0,0,0,0,0,0,0,0,0,0,0,0,0,0,0,0,0,0,0,0,0,0,0,0,0,0,0,0,0,0,0,0,0,0,0,0,0,0,0,0,0,0,0,0,0,0,0,0,0,0,0,1,0,0,0,0,0,0,0,0,0,0,0,0,0,0,1,0,0,0,0,0,0,0,0,0,0,0,0,0,0,0,0,0,0,0,-1,0,0,0,0,-1,0,0,0,0,0,0,0,0,0,0,0,0,0,0,0,0,0,0,0,0,0,0,0,0,0,0,0,0,0,0,0,0,0,0,0,0,0,0,0,0,0,0,0,0,0,0,0,0,0,0,0,0,0,0,0,0,0,0,0,0,0,0,0,0,0,0,0,0,0,0,0,0,0,0,0,0,0,0,0,0,0,0,0,0,0,0,0,0,0,0,0,0,0,0,0,0,0,0,0,0,0,0,0,0,0,0,0,0,0,0,0,0,0,0,0,0,0,0
2581,100+,2,11,0,0,0,0,0,0,0,0,0,0,0,0,0,0,0,0,0,0,0,0,0,0,0,0,0,0,0,0,0,0,0,0,0,0,0,0,0,0,0,0,0,0,0,0,0,0,0,0,0,0,0,0,0,0,0,0,0,0,0,0,0,0,0,0,0,0,0,0,0,0,0,0,0,0,0,0,0,0,0,0,0,0,0,0,0,0,0,0,0,0,0,0,0,0,0,0,0,0,0,0,0,0,0,0,0,0,0,0,0,0,0,0,0,0,0,0,0,0,0,0,0,0,0,0,0,0,0,0,0,0,0,0,0,0,0,0,0,0,0,0,0,0,0,0,0,0,0,0,0,0,0,0,0,0,0,0,0,0,0,0,0,0,0,0,0,0,0,0,0,0,0,0,0,0,0,0,0,0,0,0,0,0,0,0,0,0,0,0,0,0,0,0,0,0,0,0,0,0,0,0,0,0,0,0,0,0,0,0,0,0,0,0,0,0,0,0,0,0,0,0,0,0,0,0,0,0,0,0
2560,80,1,09,0,0,0,0,1,0,0,0,1,0,0,0,0,0,1,0,0,0,0,0,0,0,0,1,0,0,0,0,0,0,0,0,0,0,0,0,0,0,0,0,0,0,0,-1,1,0,0,0,-1,1,0,0,0,0,0,0,0,0,0,0,0,1,0,0,0,1,0,0,0,2,0,1,0,0,0,0,0,0,0,0,1,0,0,0,2,0,0,0,0,0,0,0,0,0,0,0,0,0,0,0,-1,1,0,0,-2,-1,1,0,0,-2,0,0,0,0,0,0,0,0,0,0,0,0,0,1,1,0,0,0,2,0,0,0,0,0,1,0,0,0,1,0,0,0,0,1,0,0,0,0,1,0,0,0,0,0,0,0,0,0,0,0,0,0,0,-1,1,0,0,0,-1,1,0,0,0,0,0,0,0,0,0,0,1,0,0,0,0,2,1,1,1,0,0,0,0,0,0,0,0,2,1,0,0,0,0,1,0,0,0,0,0,0,0,0,1,-2,-1,-1,1,-2,-1,0,0,0,0,-1,0,0,0,0
2560,80,1,11,0,0,0,0,0,0,0,0,0,0,0,0,0,0,0,0,0,0,0,0,0,0,0,0,0,0,0,0,0,0,0,0,0,0,0,0,0,0,0,0,0,0,0,0,0,0,0,0,0,0,0,0,0,0,0,0,0,0,0,0,0,0,0,0,0,0,0,0,0,0,0,0,0,0,0,0,0,0,0,0,0,0,0,0,0,0,0,0,0,0,0,0,0,0,0,0,0,0,0,0,0,0,0,0,0,0,0,0,0,0,0,0,0,0,0,0,0,0,0,0,0,0,0,0,0,0,0,0,0,0,0,0,0,0,0,0,0,0,0,0,0,0,0,0,0,0,0,0,0,0,0,0,0,0,0,0,0,0,0,0,0,0,0,0,0,0,0,0,0,0,0,0,0,0,0,0,0,0,0,0,0,0,1,0,0,0,1,0,0,0,1,0,0,0,0,0,0,0,1,0,0,0,0,0,0,0,0,0,0,0,0,0,0,0,0,0,0,0,0,0,0,0,0,0,0,0,0,0
2560,80,2,09,0,0,0,0,0,0,1,1,1,0,0,0,0,0,0,0,0,0,0,0,0,1,0,1,0,0,0,1,0,0,0,0,0,0,0,0,0,0,0,0,0,-1,-1,-1,0,0,-1,0,-1,0,0,0,-1,0,0,0,0,0,0,0,0,0,0,0,1,0,0,1,1,0,0,0,0,0,1,0,0,0,0,0,0,0,1,1,0,0,0,0,0,0,0,0,0,0,0,0,0,0,0,0,0,0,-1,-1,1,0,0,-1,-1,1,0,0,0,0,0,0,0,0,0,0,1,1,0,1,0,1,1,0,1,0,1,1,0,1,0,0,0,0,0,0,1,1,0,1,0,0,0,0,0,0,0,0,0,0,0,0,0,0,0,0,0,0,0,0,0,0,0,0,0,0,0,0,0,0,0,0,0,0,0,0,0,0,0,0,0,1,0,0,0,0,0,0,0,0,0,0,0,1,0,0,0,0,0,0,0,0,0,0,0,0,0,0,0,-1,0,0,0,-1,0,0,0,0,0,0,0,0,0,0
2560,80,2,11,0,0,0,0,0,0,0,0,0,0,0,0,0,0,0,0,0,0,0,0,0,0,0,0,0,0,0,0,0,0,0,0,0,0,0,0,0,0,0,0,0,0,0,0,0,0,0,0,0,0,0,0,0,0,0,0,0,0,0,0,0,0,0,0,0,0,0,0,0,0,0,0,0,0,0,0,0,0,0,0,0,0,0,0,0,0,0,0,0,0,0,0,0,0,0,0,0,0,0,0,0,0,0,0,0,0,0,0,0,0,0,0,0,0,0,0,0,0,0,0,0,0,0,0,0,0,0,0,0,0,0,0,0,0,0,0,0,0,0,0,0,0,0,0,0,0,0,0,0,0,0,0,0,0,0,0,0,0,0,0,0,0,0,0,0,0,0,0,0,0,0,0,0,0,0,0,0,0,0,0,0,0,0,0,0,0,0,0,0,0,0,0,0,0,0,0,0,0,0,0,0,0,0,0,0,0,0,0,0,0,0,0,0,0,0,0,0,0,0,0,0,0,0,0,0,0,0,0
2560,81,1,09,0,0,0,0,0,1,0,0,0,0,0,0,0,0,0,0,0,0,0,0,1,0,0,0,0,0,0,0,0,0,0,0,0,0,0,0,0,0,0,0,-1,0,0,0,0,-1,0,0,0,0,0,0,0,0,0,0,0,0,0,0,1,0,0,1,0,0,0,0,0,0,1,0,0,1,0,0,0,0,0,0,0,0,0,0,0,0,0,0,0,0,0,0,0,0,0,0,0,0,0,0,1,0,0,1,0,1,0,0,1,0,0,0,0,0,0,0,0,0,0,0,1,0,0,1,0,0,2,0,1,0,1,0,0,1,0,0,0,0,0,0,0,2,0,0,0,0,0,0,1,0,0,0,0,0,0,0,0,0,0,0,1,-2,0,0,0,1,-2,0,1,0,0,0,0,-1,0,0,0,0,0,0,1,1,0,1,1,1,0,0,1,1,0,1,0,0,0,0,0,1,0,0,1,0,0,0,0,0,0,0,0,0,0,0,0,0,0,1,1,0,0,1,-1,0,0,0,0,0,0,0
2560,81,1,11,0,0,0,0,0,0,0,0,0,0,0,0,0,0,0,0,0,0,0,0,0,0,0,0,0,0,0,0,0,0,0,0,0,0,0,0,0,0,0,0,0,0,0,0,0,0,0,0,0,0,0,0,0,0,0,0,0,0,0,0,0,0,0,0,1,0,0,0,0,0,0,0,0,0,0,0,0,0,0,1,0,0,0,0,0,0,0,0,0,0,0,0,0,0,0,0,0,0,0,0,0,0,0,0,1,0,0,0,0,0,0,0,0,0,1,0,0,0,0,0,0,0,0,0,0,1,0,0,0,0,0,0,0,0,0,0,0,0,0,0,0,0,0,0,0,0,0,0,0,0,0,0,0,0,0,1,0,0,0,0,-1,0,0,0,0,0,0,0,0,0,0,0,0,0,0,-1,0,0,0,0,0,0,0,0,0,0,0,0,0,0,0,0,0,0,0,0,0,0,0,0,0,0,0,0,0,0,0,0,0,0,0,0,0,0,0,0,0,0,0,0,0,0,0,0,0,0,0,0
2560,81,2,09,0,0,0,0,0,0,0,0,1,0,0,0,0,0,0,0,0,0,0,0,0,0,0,1,0,0,0,0,0,0,0,0,0,0,0,0,0,0,0,0,0,0,0,-1,0,0,0,0,-1,0,0,0,0,0,0,0,0,0,0,0,0,0,0,1,1,2,0,0,1,0,0,0,0,1,1,0,0,0,0,0,1,0,0,1,0,1,0,0,0,0,0,0,0,0,0,0,0,0,0,0,-2,0,0,0,1,-1,0,0,0,1,-1,0,0,0,0,0,0,0,0,0,0,0,1,1,0,0,1,0,1,0,0,0,1,1,0,0,0,0,0,0,0,1,0,1,0,0,0,0,0,0,0,0,0,0,0,0,0,0,0,0,0,-1,1,0,0,0,-1,1,0,0,0,0,0,0,0,0,0,0,0,0,0,0,0,0,0,0,0,0,0,0,0,0,0,0,0,0,0,0,0,0,0,0,0,0,0,0,0,0,0,0,0,0,0,0,0,0,0,0,0,0,0,0,0,0,0,0,0,0
2560,81,2,11,0,0,1,0,0,1,0,0,0,0,0,0,0,0,0,0,0,1,0,0,1,0,0,0,0,0,0,0,0,0,0,0,0,0,0,0,0,0,0,0,-1,0,1,0,0,-1,0,0,0,0,0,0,1,0,0,0,0,0,0,0,0,0,0,0,0,0,0,0,0,0,0,0,0,0,0,0,0,0,0,0,0,0,0,0,0,0,0,0,0,0,0,0,0,0,0,0,0,0,0,0,0,0,0,0,0,0,0,0,0,0,0,0,0,0,0,0,0,0,0,0,1,0,0,0,0,0,0,0,0,0,1,0,0,0,0,0,0,0,0,0,0,0,0,0,0,0,0,0,0,0,0,0,0,0,0,0,0,0,0,0,1,0,0,0,0,1,0,0,0,0,0,0,0,0,0,0,0,0,0,0,0,0,0,1,0,0,0,0,0,0,0,0,0,0,0,0,0,0,0,0,0,0,0,0,0,0,0,1,0,0,0,0,0,0,0,1,0,0,0,0,0,0,0,0,0,0,0,1
2560,82,1,09,0,0,0,0,0,0,0,0,0,0,0,0,0,0,0,0,0,0,0,0,0,0,0,0,0,0,0,0,0,0,0,0,0,0,0,0,0,0,0,0,0,0,0,0,0,0,0,0,0,0,0,0,0,0,0,0,0,0,0,0,0,0,0,1,0,0,1,0,1,0,0,0,0,1,0,0,0,0,0,0,0,1,0,0,0,0,0,0,1,0,0,0,0,0,0,0,0,0,0,0,0,-1,0,0,0,0,-1,0,1,0,0,0,0,-1,0,0,0,0,0,0,2,0,0,1,0,0,0,0,1,0,1,0,0,0,0,1,0,0,1,0,0,0,0,0,0,0,0,0,1,0,0,0,0,0,0,0,0,0,0,0,2,0,0,0,0,1,0,0,0,0,1,0,0,0,0,0,0,0,0,0,1,0,1,0,0,0,0,1,0,0,1,0,1,0,0,0,0,0,0,1,0,0,0,0,0,0,0,0,0,0,0,0,1,0,1,-1,0,0,1,-1,1,0,0,0,0,0,0,0
2560,82,1,11,0,0,0,0,0,0,0,0,0,0,0,0,0,0,0,0,0,0,0,0,0,0,0,0,0,0,0,0,0,0,0,0,0,0,0,0,0,0,0,0,0,0,0,0,0,0,0,0,0,0,0,0,0,0,0,0,0,0,0,0,0,0,0,0,0,0,0,0,0,0,0,0,0,0,0,0,0,0,0,0,0,0,0,0,0,0,0,0,0,0,0,0,0,0,0,0,0,0,0,0,0,0,0,0,0,0,0,0,0,0,0,0,0,0,0,0,0,0,0,0,0,0,0,0,0,0,0,0,0,0,0,0,0,0,0,0,0,0,0,0,0,0,0,0,0,0,0,0,0,0,0,0,0,0,0,0,0,0,0,0,0,0,0,0,0,0,0,0,0,0,0,0,0,0,0,0,0,0,0,0,0,0,0,0,0,0,0,0,0,0,0,0,0,0,0,0,0,0,0,0,0,0,0,0,0,0,0,0,0,0,0,0,0,0,0,0,0,0,0,0,0,0,0,0,0,0,0,0
2560,82,2,09,0,0,0,0,0,0,0,0,0,0,0,0,0,0,0,0,0,0,0,0,0,0,0,0,0,0,0,0,0,0,0,0,0,0,0,0,0,0,0,0,0,0,0,0,0,0,0,0,0,0,0,0,0,0,0,0,0,0,0,0,0,1,0,0,0,1,0,2,0,0,0,1,0,0,0,0,0,0,0,0,1,0,1,0,0,0,0,1,0,0,0,0,0,0,0,0,0,0,0,0,-1,1,-2,0,0,-1,1,-1,0,0,0,0,-1,0,0,0,0,0,0,0,0,0,1,0,0,0,2,2,0,0,0,0,1,0,0,0,0,0,0,0,0,1,2,0,0,0,1,0,0,0,0,0,0,0,0,0,0,0,0,0,0,-2,-1,0,0,0,-1,-1,0,0,0,-1,0,0,0,0,0,0,0,0,2,0,1,1,2,0,2,0,2,0,1,0,0,0,0,1,0,0,2,0,2,0,0,0,0,0,0,0,0,0,0,0,0,0,-1,1,2,0,-1,0,-2,0,0,1,0,0,0,0
2560,82,2,11,0,0,0,0,0,0,0,0,1,0,0,0,0,0,0,0,0,0,0,0,0,0,0,0,0,0,0,0,1,0,0,0,0,0,0,0,0,0,0,0,0,0,0,-1,0,0,0,0,0,0,0,0,0,-1,0,0,0,0,0,0,0,0,0,0,0,0,0,0,0,1,0,0,0,0,0,0,0,0,0,0,0,0,0,0,1,0,0,0,0,0,0,0,0,0,0,0,0,0,0,0,0,0,0,0,-1,0,0,0,0,-1,0,0,0,0,0,0,0,0,0,0,0,0,0,0,0,0,0,0,0,0,0,0,0,0,0,0,0,0,0,0,0,0,0,0,0,0,0,0,0,0,0,0,0,0,0,0,0,0,0,0,0,0,0,0,0,0,0,0,0,0,0,0,0,0,0,0,0,0,0,0,0,0,1,0,0,0,1,0,0,0,0,0,0,0,0,0,0,0,0,0,0,0,1,0,0,0,1,0,0,0,0,0,0,0,0,0,0,0,0,0,0,0,-1,0,0,0,1,0
2560,83,1,09,0,0,0,0,1,0,1,0,1,2,0,0,0,0,1,0,0,0,0,0,0,1,0,1,2,0,0,0,0,0,0,0,0,0,0,0,0,0,0,0,0,-1,0,-1,-1,0,-1,0,-1,-1,0,0,0,0,0,0,0,0,0,0,0,0,0,0,0,0,0,1,0,0,0,0,0,0,0,0,0,0,0,0,0,0,1,0,0,0,0,0,0,0,0,0,0,0,0,0,0,0,0,0,0,0,-1,0,0,0,0,-1,0,0,0,0,0,0,0,0,0,0,0,0,0,0,0,0,0,3,1,0,0,0,0,0,0,0,0,0,0,0,0,0,3,1,0,0,0,0,0,0,0,0,0,0,0,0,0,0,0,0,0,0,-3,-1,0,0,0,-3,-1,0,0,0,0,0,0,0,0,0,0,0,0,0,0,0,0,0,0,1,0,1,0,0,0,0,0,0,0,0,0,1,0,1,0,0,0,0,0,0,0,0,0,0,0,0,0,-1,0,-1,0,-1,0,-1,0,0,0,0,0,0,0,0
2560,83,1,11,0,0,0,0,0,0,0,0,0,0,0,0,0,0,0,0,0,0,0,0,0,0,0,0,0,0,0,0,0,0,0,0,0,0,0,0,0,0,0,0,0,0,0,0,0,0,0,0,0,0,0,0,0,0,0,0,0,0,0,0,0,0,0,0,0,0,0,0,0,0,0,0,0,0,0,0,0,0,0,0,0,0,0,0,0,0,0,0,0,0,0,0,0,0,0,0,0,0,0,0,0,0,0,0,0,0,0,0,0,0,0,0,0,0,0,0,0,0,0,0,0,0,0,0,0,0,0,0,0,0,0,0,0,0,0,0,0,0,0,0,0,0,0,0,0,0,0,0,0,0,0,0,0,0,0,0,0,0,0,0,0,0,0,0,0,0,0,0,0,0,0,0,0,0,0,0,0,0,0,0,0,0,0,0,0,0,0,0,0,0,0,0,0,0,0,0,0,0,0,0,0,0,0,0,0,0,0,0,0,0,0,0,0,0,0,0,0,0,0,0,0,0,0,0,0,0,0,0
2560,83,2,09,0,0,0,0,0,0,1,0,0,1,0,0,0,0,0,0,0,0,0,0,0,1,0,0,1,0,0,0,0,0,0,0,0,0,0,0,0,0,0,0,0,-1,0,0,-1,0,-1,0,0,-1,0,0,0,0,0,0,0,0,0,0,0,1,0,0,0,0,1,1,0,0,0,1,0,0,0,0,0,0,0,0,0,0,0,0,0,0,1,1,0,0,0,0,0,0,0,0,0,0,0,0,0,0,-1,0,0,0,1,0,0,0,0,-1,-1,0,0,0,0,0,0,0,0,1,0,0,0,0,1,1,0,1,0,1,0,0,0,0,0,0,0,0,0,1,1,0,1,0,0,0,0,0,0,0,0,0,0,0,0,0,0,0,0,0,-1,0,-1,0,0,-1,0,-1,0,0,0,0,0,0,0,0,0,0,1,0,0,1,0,1,0,0,0,0,0,1,1,0,0,0,0,1,0,0,0,0,0,0,0,0,0,0,0,0,0,0,1,-1,0,1,0,-1,0,1,1,0,0,0,0,0,0,0
2560,83,2,11,0,1,0,0,0,0,0,0,0,0,0,0,0,0,0,0,0,0,0,0,0,0,0,0,0,0,0,0,0,0,0,1,0,0,0,0,0,0,0,0,0,1,0,0,0,0,0,0,0,0,0,0,0,0,0,0,1,0,0,0,0,0,0,0,0,0,0,0,0,0,0,0,0,0,0,0,0,0,0,0,0,0,0,0,0,0,0,0,0,0,0,0,0,0,0,0,0,0,0,0,0,0,0,0,0,0,0,0,0,0,0,0,0,0,0,0,0,0,0,0,0,0,0,0,0,0,0,0,0,0,0,0,0,0,0,0,0,0,0,0,0,0,0,0,0,0,0,0,0,0,0,0,0,0,0,0,0,0,0,0,0,0,0,0,0,0,0,0,0,0,0,0,0,0,0,0,0,0,0,0,0,0,0,0,0,0,0,0,0,0,0,0,0,0,0,0,0,0,0,0,0,0,0,0,0,0,0,0,0,0,0,0,0,0,0,0,0,0,0,0,0,0,0,0,0,0,0,0
2560,84,1,09,0,1,0,0,0,0,1,0,0,0,0,1,0,0,0,0,0,0,0,0,0,1,0,0,0,0,0,0,0,0,0,0,0,0,0,0,0,0,0,0,0,0,0,0,0,0,0,0,0,0,0,0,0,0,0,0,0,0,0,0,0,0,0,0,0,0,0,0,0,0,0,0,0,0,0,0,0,0,0,0,0,0,0,0,0,0,0,0,0,0,0,0,0,0,0,0,0,0,0,0,0,0,0,0,0,0,0,0,0,0,0,0,0,0,0,0,0,0,0,0,0,0,0,0,1,0,0,1,0,0,0,0,0,0,0,0,0,0,0,1,0,0,1,0,0,0,0,0,0,0,0,0,0,0,0,0,0,0,0,0,0,0,-1,0,1,0,0,-1,0,0,0,0,0,0,1,0,0,0,0,0,0,0,0,0,0,1,0,0,0,0,0,0,0,0,0,0,0,1,0,0,0,0,0,0,0,0,0,0,0,0,0,0,0,-1,0,0,0,-1,0,0,0,0,0,0,0,0,0,0
2560,84,1,11,0,0,0,0,0,0,0,0,0,0,0,0,0,0,0,0,0,0,0,0,0,0,0,0,0,0,0,0,0,0,0,0,0,0,0,0,0,0,0,0,0,0,0,0,0,0,0,0,0,0,0,0,0,0,0,0,0,0,0,0,0,0,0,0,0,0,0,0,0,0,0,0,0,0,0,0,0,0,0,0,0,0,0,0,0,0,0,0,0,0,0,0,0,0,0,0,0,0,0,0,0,0,0,0,0,0,0,0,0,0,0,0,0,0,0,0,0,0,0,0,0,0,0,0,0,0,0,0,0,0,0,0,0,0,0,0,0,0,0,0,0,0,0,0,0,0,0,0,0,0,0,0,0,0,0,0,0,0,0,0,0,0,0,0,0,0,0,0,0,0,0,0,0,0,0,0,0,0,0,0,0,0,0,0,0,0,0,0,0,0,0,0,0,0,0,0,0,0,0,0,0,0,0,0,0,0,0,0,0,0,0,0,0,0,0,0,0,0,0,0,0,0,0,0,0,0,0,0
2560,84,2,09,0,1,0,0,0,1,0,0,1,0,0,1,0,0,0,0,0,0,0,0,1,0,0,1,0,0,0,0,0,0,0,0,0,0,0,0,0,0,0,0,-1,1,0,-1,0,-1,1,0,-1,0,0,0,0,0,0,0,0,0,0,0,0,0,0,1,0,1,0,0,0,0,0,0,0,1,0,0,0,0,0,0,1,0,0,0,0,0,0,0,0,0,0,0,0,0,0,0,0,0,0,0,-1,0,0,1,0,-1,0,0,1,0,0,0,0,0,0,0,0,0,0,0,1,0,0,0,0,0,0,0,0,0,0,0,0,0,0,1,0,0,0,0,0,0,0,0,0,0,0,0,0,0,0,0,0,0,0,0,0,0,0,0,1,0,0,0,0,0,0,0,0,0,1,0,0,0,0,0,0,0,0,0,0,0,0,0,0,1,0,0,0,0,0,0,0,0,0,0,0,1,0,0,0,0,0,0,0,0,0,0,0,0,0,0,0,-1,0,0,0,-1,0,0,0,0,0,0,0,0,0,0
2560,84,2,11,0,0,0,0,0,0,0,1,0,0,0,0,0,0,0,0,0,0,0,0,0,0,1,0,0,0,0,0,0,0,0,0,0,0,0,0,0,0,0,0,0,0,-1,0,0,0,0,-1,0,0,0,0,0,0,0,0,0,0,0,0,0,0,0,0,0,0,0,0,0,0,0,0,0,0,0,0,0,0,0,0,0,0,0,0,0,0,0,0,0,0,0,0,0,0,0,0,0,0,0,0,0,0,0,0,0,0,0,0,0,0,0,0,0,0,0,0,0,0,0,0,0,0,0,0,0,0,0,0,0,0,0,0,0,0,0,0,0,0,0,0,0,0,0,0,0,0,0,0,0,0,0,0,0,0,0,0,0,0,0,0,0,0,0,0,0,0,0,0,0,0,0,0,0,0,0,0,0,0,0,0,0,1,0,0,0,0,0,0,0,1,0,0,0,0,0,0,0,0,0,0,0,0,0,0,0,0,0,0,0,0,0,0,0,1,0,0,0,1,0,0,0,0,0,0,0,0,0,0
2560,85,1,09,1,0,0,0,0,0,2,1,1,0,0,0,0,0,0,1,0,0,0,0,0,2,0,0,0,0,0,1,1,0,0,0,0,0,0,0,0,0,0,0,1,-2,-1,-1,0,0,-2,0,0,0,1,0,-1,-1,0,0,0,0,0,0,0,0,0,0,0,1,0,0,0,0,0,0,0,0,0,0,0,0,0,0,0,0,0,0,0,1,0,0,0,0,0,0,0,0,0,0,0,0,0,0,-1,0,0,0,0,0,0,0,0,0,-1,0,0,0,0,0,0,0,0,0,0,1,0,2,0,2,0,1,0,0,0,1,0,2,0,0,0,0,0,0,1,0,1,0,0,1,0,0,0,0,0,0,0,0,0,0,0,0,0,0,-2,1,-1,2,0,-1,1,-1,2,0,-1,0,0,0,0,0,0,0,0,0,0,0,0,0,0,0,0,0,0,0,0,0,0,0,0,0,0,0,0,0,0,0,0,0,0,0,0,0,0,0,0,0,0,0,0,0,0,0,0,0,0,0,0,0,0,0,0,0
2560,85,1,11,0,0,0,0,0,0,0,0,0,0,0,0,0,0,0,0,0,0,0,0,0,0,0,0,0,0,0,0,0,0,0,0,0,0,0,0,0,0,0,0,0,0,0,0,0,0,0,0,0,0,0,0,0,0,0,0,0,0,0,0,0,0,0,0,0,0,0,0,0,0,0,0,0,0,0,0,0,0,0,0,0,0,0,0,0,0,0,0,0,0,0,0,0,0,0,0,0,0,0,0,0,0,0,0,0,0,0,0,0,0,0,0,0,0,0,0,0,0,0,0,0,0,0,0,0,0,0,0,0,0,0,0,0,0,0,0,0,0,0,0,0,0,0,0,0,0,0,0,0,0,0,0,0,0,0,0,0,0,0,0,0,0,0,0,0,0,0,0,0,0,0,0,0,0,0,0,0,0,0,0,0,0,0,0,0,0,0,0,0,0,0,0,0,0,0,0,0,0,0,0,0,0,0,0,0,0,0,0,0,0,0,0,0,0,0,0,0,0,0,0,0,0,0,0,0,0,0,0
2560,85,2,09,0,0,0,0,0,1,0,1,0,1,0,0,0,0,0,0,0,0,0,0,1,0,1,0,1,0,0,0,0,0,0,0,0,0,0,0,0,0,0,0,-1,0,-1,0,-1,-1,0,-1,0,-1,0,0,0,0,0,0,0,0,0,0,0,0,0,0,0,0,0,0,0,0,0,0,0,0,0,0,0,0,0,0,0,0,0,0,0,0,0,0,0,0,0,0,0,0,0,0,0,0,0,0,0,0,0,0,0,0,0,0,0,0,0,0,0,0,0,0,0,0,0,0,0,1,1,0,0,0,2,0,1,0,0,1,1,0,0,0,0,0,0,0,0,0,0,1,0,0,2,0,0,0,0,0,0,0,0,0,0,0,0,0,0,-1,1,-1,0,0,1,1,-1,0,0,-2,0,0,0,0,0,0,0,0,0,1,1,0,1,0,0,2,0,1,1,0,0,0,0,0,1,0,0,2,0,0,0,0,0,0,0,0,0,0,0,0,-1,1,1,-2,-1,1,1,-2,0,0,0,0,0,0,0,0
2560,85,2,11,0,0,0,0,0,0,0,0,0,0,0,0,0,0,0,0,0,0,0,0,0,0,0,0,0,0,0,0,0,0,0,0,0,0,0,0,0,0,0,0,0,0,0,0,0,0,0,0,0,0,0,0,0,0,0,0,0,0,0,0,0,0,0,0,0,0,0,0,0,0,0,0,0,0,0,0,0,0,0,0,0,0,0,0,0,0,0,0,0,0,0,0,0,0,0,0,0,0,0,0,0,0,0,0,0,0,0,0,0,0,0,0,0,0,0,0,0,0,0,0,0,0,0,0,0,0,0,0,1,0,0,0,0,0,0,0,0,0,0,0,0,0,0,1,0,0,0,0,0,0,0,0,0,0,0,0,0,0,0,0,0,0,0,-1,0,0,0,0,-1,0,0,0,0,0,0,0,0,0,0,0,0,0,0,0,0,0,0,0,0,0,0,0,0,0,0,0,0,0,0,0,0,0,0,0,0,0,0,0,0,0,0,0,0,0,0,0,0,0,0,0,0,0,0,0,0,0,0,0
2560,86,1,09,0,0,1,0,0,0,0,0,1,0,0,0,0,0,0,0,0,1,0,0,0,0,0,1,0,0,0,0,0,0,0,0,0,0,0,0,0,0,0,0,0,0,1,-1,0,0,0,0,-1,0,0,0,1,0,0,0,0,0,0,0,0,0,0,1,0,1,0,0,0,0,0,0,0,0,0,0,0,0,1,0,1,0,0,0,0,0,0,0,0,0,0,0,0,0,0,0,0,0,0,0,-1,0,0,1,0,-1,0,0,0,0,0,0,0,1,0,0,0,0,0,0,0,0,1,0,0,0,0,0,0,0,0,0,1,0,0,0,0,0,0,0,0,0,0,0,0,0,0,0,0,0,0,0,0,0,0,0,0,0,0,0,0,0,1,0,0,0,0,1,0,0,0,0,0,0,0,0,0,0,0,0,0,0,0,0,0,1,1,0,0,0,0,0,0,0,0,0,0,1,1,0,0,0,0,0,0,0,0,0,0,0,0,0,0,-1,-1,0,0,-1,-1,0,0,0,0,0,0,0,0,0
2560,86,1,11,0,0,0,0,0,0,0,0,0,0,0,0,0,0,0,0,0,0,0,0,0,0,0,0,0,0,0,0,0,0,0,0,0,0,0,0,0,0,0,0,0,0,0,0,0,0,0,0,0,0,0,0,0,0,0,0,0,0,0,0,0,0,0,0,0,0,0,0,0,1,0,0,0,0,0,0,0,0,0,0,0,0,0,0,1,0,0,0,0,0,0,0,0,0,0,0,0,0,0,0,0,0,0,0,-1,0,0,0,0,-1,0,0,0,0,0,0,0,0,0,0,0,0,0,0,0,0,0,0,0,0,0,0,0,0,0,0,0,0,0,0,0,0,0,0,0,0,0,0,0,0,0,0,0,0,0,0,0,0,0,0,0,0,0,0,0,0,0,0,0,0,0,0,0,0,0,0,0,0,0,0,0,0,0,0,0,0,0,0,0,0,0,0,0,0,0,0,0,0,0,0,0,0,0,0,0,0,0,0,0,0,0,0,0,0,0,0,0,0,0,0,0,0,0,0,0,0,0,0
2560,86,2,09,0,0,1,0,0,0,1,1,0,0,0,0,1,0,0,0,0,0,0,0,0,0,0,0,0,0,1,1,0,0,0,0,0,0,0,0,0,0,0,0,0,-1,0,0,0,0,0,1,0,0,0,-1,-1,0,0,0,0,0,0,0,0,0,0,0,0,0,0,2,0,0,0,0,0,0,0,0,0,0,0,0,0,0,0,0,0,0,0,2,0,0,0,0,0,0,0,0,0,0,0,0,0,0,-2,0,0,0,0,0,0,0,0,0,-2,0,0,0,0,0,0,0,1,0,0,0,0,0,2,0,0,0,1,0,0,0,0,0,0,0,0,0,0,2,0,0,0,0,0,0,0,0,0,0,0,0,0,0,0,0,0,0,1,-2,0,0,0,1,-2,0,0,0,0,0,0,0,0,0,0,0,0,0,1,2,1,0,0,0,0,0,1,1,0,0,0,1,1,0,0,0,0,0,0,0,0,0,0,0,0,0,0,0,0,0,1,2,1,0,1,1,0,0,0,1,1,0,0,0,0,0
2560,86,2,11,0,0,0,0,1,0,0,0,0,0,0,0,0,0,1,0,0,0,0,0,0,0,0,0,0,0,0,0,0,0,0,0,0,0,0,0,0,0,0,0,0,0,0,0,1,0,0,0,0,1,0,0,0,0,0,0,0,0,0,0,0,0,0,0,0,0,0,0,0,0,0,0,0,0,0,0,0,0,0,0,0,0,0,0,0,0,0,0,0,0,0,0,0,0,0,0,0,0,0,0,0,0,0,0,0,0,0,0,0,0,0,0,0,0,0,0,0,0,0,0,0,0,0,0,0,0,0,0,0,0,0,0,0,0,0,0,0,0,0,0,0,0,0,0,0,0,0,0,0,0,0,0,0,0,0,0,0,0,0,0,0,0,0,0,0,0,0,0,0,0,0,0,0,0,0,0,0,0,0,0,0,0,0,0,0,0,0,0,0,0,0,0,0,0,0,0,0,0,0,0,0,0,0,0,0,0,0,0,0,0,0,0,0,0,0,0,0,0,0,0,0,0,0,0,0,0,0,0
2560,87,1,09,0,0,1,0,0,0,0,0,0,0,0,0,1,0,0,0,0,0,0,0,0,0,0,0,0,0,0,0,0,0,0,0,0,0,0,0,0,0,0,0,0,0,1,0,0,0,0,1,0,0,0,0,0,0,0,0,0,0,0,0,0,1,0,0,0,0,0,0,0,0,0,1,0,0,0,0,0,0,0,0,0,0,0,0,0,0,0,0,0,0,0,0,0,0,0,0,0,0,0,0,0,1,0,0,0,0,1,0,0,0,0,0,0,0,0,0,0,0,0,0,0,0,0,0,0,0,0,0,0,0,0,0,0,0,0,0,0,0,0,0,0,0,0,0,0,0,0,0,0,0,0,0,0,0,0,0,0,0,0,0,0,0,0,0,0,0,0,0,0,0,0,0,0,0,0,0,0,0,0,0,0,0,1,0,1,1,0,0,0,0,1,0,0,0,0,0,1,1,0,0,0,0,0,0,0,0,0,0,0,0,0,0,-1,-1,1,0,-1,-1,1,0,0,0,0,0,0,0,0,0
2560,87,1,11,0,0,0,0,0,0,0,0,0,0,0,0,0,0,0,0,0,0,0,0,0,0,0,0,0,0,0,0,0,0,0,0,0,0,0,0,0,0,0,0,0,0,0,0,0,0,0,0,0,0,0,0,0,0,0,0,0,0,0,0,0,0,0,0,0,0,0,0,0,0,0,0,0,0,0,0,0,0,0,0,0,0,0,0,0,0,0,0,0,0,0,0,0,0,0,0,0,0,0,0,0,0,0,0,0,0,0,0,0,0,0,0,0,0,0,0,0,0,0,0,0,0,0,0,0,0,0,0,0,0,0,0,0,0,0,0,0,0,0,0,0,0,0,0,0,0,0,0,0,0,0,0,0,0,0,0,0,0,0,0,0,0,0,0,0,0,0,0,0,0,0,0,0,0,0,0,0,0,0,0,0,0,0,0,0,0,0,0,0,0,0,0,0,0,0,0,0,0,0,0,0,0,0,0,0,0,0,0,0,0,0,0,0,0,0,0,0,0,0,0,0,0,0,0,0,0,0,0
2560,87,2,09,1,0,0,0,1,0,1,0,1,0,0,0,0,0,1,1,0,0,0,0,0,1,0,1,0,0,0,0,0,0,0,0,0,0,0,0,0,0,0,0,1,-1,0,-1,1,0,-1,0,-1,1,1,0,0,0,0,0,0,0,0,0,0,0,0,0,0,0,0,0,0,0,0,0,0,0,0,0,0,0,0,0,0,0,0,0,0,0,0,0,0,0,0,0,0,0,0,0,0,0,0,0,0,0,0,0,0,0,0,0,0,0,0,0,0,0,0,0,0,0,0,0,0,0,0,0,0,0,0,0,0,0,0,0,0,0,0,0,0,0,0,0,0,0,0,0,0,0,0,0,0,0,0,0,0,0,0,0,0,0,0,0,0,0,0,0,0,0,0,0,0,0,0,0,0,0,0,0,0,0,0,0,0,0,0,0,0,0,0,0,0,0,0,0,0,0,0,0,0,0,0,0,0,0,0,0,0,0,0,0,0,0,0,0,0,0,0,0,0,0,0,0,0,0,0,0,0,0,0,0
2560,87,2,11,0,0,0,0,0,0,0,0,0,0,0,0,0,0,0,0,0,0,0,0,0,0,0,0,0,0,0,0,0,0,0,0,0,0,0,0,0,0,0,0,0,0,0,0,0,0,0,0,0,0,0,0,0,0,0,0,0,0,0,0,0,0,0,0,0,0,0,0,0,0,0,0,0,0,0,0,0,0,0,0,0,0,0,0,0,0,0,0,0,0,0,0,0,0,0,0,0,0,0,0,0,0,0,0,0,0,0,0,0,0,0,0,0,0,0,0,0,0,0,0,0,0,0,0,0,0,0,0,0,0,0,0,0,0,0,0,0,0,0,0,0,0,0,0,0,0,0,0,0,0,0,0,0,0,0,0,0,0,0,0,0,0,0,0,0,0,0,0,0,0,0,0,0,0,0,0,0,0,0,0,1,0,0,0,0,0,0,0,1,0,0,0,0,0,0,0,0,0,0,0,0,0,0,0,0,0,0,0,0,0,0,0,1,0,0,0,1,0,0,0,0,0,0,0,0,0,0,0
2560,88,1,09,0,0,0,0,1,0,1,0,0,0,0,0,0,0,1,0,0,0,0,0,0,1,0,0,0,0,0,0,0,0,0,0,0,0,0,0,0,0,0,0,0,-1,0,0,1,0,-1,0,0,1,0,0,0,0,0,0,0,0,0,0,0,0,0,0,0,0,0,0,0,1,0,0,0,0,0,0,0,0,0,0,0,0,0,0,0,0,0,0,0,1,0,0,0,0,0,0,0,0,0,0,0,0,0,0,-1,0,0,0,0,0,0,0,0,0,-1,0,0,0,0,0,0,0,0,0,0,0,0,0,0,1,0,0,0,0,0,0,0,0,0,0,0,0,0,0,1,0,0,0,0,0,0,0,0,0,0,0,0,0,0,0,0,0,0,0,-1,0,0,0,0,-1,0,0,0,0,0,0,0,0,0,0,0,0,1,0,0,0,0,1,0,0,0,0,0,0,1,0,0,0,0,1,0,0,0,0,0,0,0,0,0,0,0,0,0,0,1,-1,0,0,0,-1,0,0,1,0,0,0,0,0
2560,88,1,11,0,0,0,0,0,0,0,0,0,0,0,0,0,0,0,0,0,0,0,0,0,0,0,0,0,0,0,0,0,0,0,0,0,0,0,0,0,0,0,0,0,0,0,0,0,0,0,0,0,0,0,0,0,0,0,0,0,0,0,0,0,0,0,0,0,0,0,0,0,0,0,0,0,0,0,0,0,0,0,0,0,0,0,0,0,0,0,0,0,0,0,0,0,0,0,0,0,0,0,0,0,0,0,0,0,0,0,0,0,0,0,0,0,0,0,0,0,0,0,0,0,0,0,0,0,0,0,0,0,0,0,0,0,0,0,0,0,0,0,0,0,0,0,0,0,0,0,0,0,0,0,0,0,0,0,0,0,0,0,0,0,0,0,0,0,0,0,0,0,0,0,0,0,0,0,0,0,0,0,0,0,0,0,0,0,0,0,0,0,0,0,0,0,0,0,0,0,0,0,0,0,0,0,0,0,0,0,0,0,0,0,0,0,0,0,0,0,0,0,0,0,0,0,0,0,0,0,0
2560,88,2,09,0,0,0,0,1,0,0,0,0,1,0,0,0,0,1,0,0,0,0,0,0,0,0,0,1,0,0,0,0,0,0,0,0,0,0,0,0,0,0,0,0,0,0,0,0,0,0,0,0,0,0,0,0,0,0,0,0,0,0,0,0,0,0,1,0,0,0,0,1,1,0,0,0,1,0,0,0,0,0,0,0,0,0,1,0,0,0,0,0,1,0,0,0,0,0,0,0,0,0,0,0,0,0,0,-1,0,0,0,0,0,0,0,0,0,-1,0,0,0,0,0,0,0,0,0,0,0,0,0,0,0,0,0,0,0,0,0,0,0,0,0,0,0,0,0,0,0,0,0,0,0,0,0,0,0,0,0,0,0,0,0,0,0,0,0,0,0,0,0,0,0,0,0,0,0,0,0,0,0,0,0,0,0,0,1,0,1,0,1,0,0,0,1,0,0,0,0,0,0,0,1,0,1,0,0,0,0,0,0,0,0,0,0,0,-1,0,0,0,0,0,0,0,-1,0,0,0,0,0,0
2560,88,2,11,0,0,0,0,0,0,0,0,0,0,0,0,0,0,0,0,0,0,0,0,0,0,0,0,0,0,0,0,0,0,0,0,0,0,0,0,0,0,0,0,0,0,0,0,0,0,0,0,0,0,0,0,0,0,0,0,0,0,0,0,0,0,0,0,0,0,0,0,0,0,0,0,0,0,0,0,0,0,0,0,0,0,0,0,0,0,0,0,0,0,0,0,0,0,0,0,0,0,0,0,0,0,0,0,0,0,0,0,0,0,0,0,0,0,0,0,0,0,0,0,0,0,0,0,0,0,0,0,0,0,0,0,0,0,0,0,0,0,0,0,0,0,0,0,0,0,0,0,0,0,0,0,0,0,0,0,0,0,0,0,0,0,0,0,0,0,0,0,0,0,0,0,0,0,0,0,0,0,0,0,0,0,0,0,0,0,0,0,0,0,0,0,0,0,0,0,0,0,0,0,0,0,0,0,0,0,0,0,0,0,0,0,0,0,0,0,0,0,0,0,0,0,0,0,0,0,0,0
2560,89,1,09,0,0,0,0,0,0,0,0,0,0,0,0,0,0,0,0,0,0,0,0,0,0,0,0,0,0,0,0,0,0,0,0,0,0,0,0,0,0,0,0,0,0,0,0,0,0,0,0,0,0,0,0,0,0,0,0,0,0,0,0,0,0,0,0,0,0,0,0,0,0,0,0,0,0,0,0,0,0,0,0,0,0,0,0,0,0,0,0,0,0,0,0,0,0,0,0,0,0,0,0,0,0,0,0,0,0,0,0,0,0,0,0,0,0,0,0,0,0,0,0,0,1,0,0,0,0,0,0,0,0,0,1,0,0,0,0,0,0,0,0,0,0,0,0,0,0,0,0,0,0,0,0,0,0,0,0,0,0,0,0,0,1,0,0,0,0,1,0,0,0,0,0,0,0,0,0,0,0,0,0,1,0,0,0,1,0,0,0,1,0,0,0,0,0,0,0,0,0,0,0,1,0,0,0,0,0,0,0,0,0,0,0,0,0,0,0,1,0,0,0,-1,0,0,0,0,0,0,0
2560,89,1,11,0,0,0,0,0,0,0,0,0,0,0,0,0,0,0,0,0,0,0,0,0,0,0,0,0,0,0,0,0,0,0,0,0,0,0,0,0,0,0,0,0,0,0,0,0,0,0,0,0,0,0,0,0,0,0,0,0,0,0,0,0,0,0,0,0,0,0,0,0,0,0,0,0,0,0,0,0,0,0,0,0,0,0,0,0,0,0,0,0,0,0,0,0,0,0,0,0,0,0,0,0,0,0,0,0,0,0,0,0,0,0,0,0,0,0,0,0,0,0,0,0,0,0,0,0,0,0,0,0,0,0,0,0,0,0,0,0,0,0,0,0,0,0,0,0,0,0,0,0,0,0,0,0,0,0,0,0,0,0,0,0,0,0,0,0,0,0,0,0,0,0,0,0,0,0,0,0,0,0,0,0,0,0,0,0,0,0,0,0,0,0,0,0,0,0,0,0,0,0,0,0,0,0,0,0,0,0,0,0,0,0,0,0,0,0,0,0,0,0,0,0,0,0,0,0,0,0,0
2560,89,2,09,0,0,1,0,2,0,0,0,0,2,0,0,1,0,1,0,0,0,0,1,0,0,0,0,1,0,0,0,0,1,0,0,0,0,0,0,0,0,0,0,0,0,1,0,0,0,0,1,0,0,0,0,0,0,0,0,0,0,0,0,0,0,1,0,0,0,0,0,1,1,0,0,1,0,0,0,0,0,0,0,0,0,0,1,1,0,0,0,0,0,0,0,0,0,0,0,0,0,0,0,0,0,1,-1,-1,0,0,1,-1,-1,0,0,0,0,0,0,0,0,0,0,1,0,0,0,0,1,0,1,0,0,1,0,0,0,0,0,0,0,0,0,1,0,0,0,0,0,0,1,0,0,0,0,0,0,0,0,0,0,0,0,0,0,-1,0,0,0,0,0,0,0,0,0,-1,0,0,0,0,0,0,0,0,0,0,0,0,1,0,0,0,0,0,0,0,0,0,0,0,1,0,0,0,0,0,0,0,0,0,0,0,0,0,0,0,-1,0,0,0,-1,0,0,0,0,0,0,0,0,0,0
2560,89,2,11,0,0,0,1,0,0,0,0,0,0,0,0,0,0,0,0,0,0,1,0,0,0,0,0,0,0,0,0,0,0,0,0,0,0,0,0,0,0,0,0,0,0,0,1,0,0,0,0,0,0,0,0,0,1,0,0,0,0,0,0,0,0,0,0,0,0,0,1,0,0,0,0,0,0,0,0,0,0,0,0,0,0,1,0,0,0,0,0,0,0,0,0,0,0,0,0,0,0,0,0,0,0,-1,0,0,0,0,-1,0,0,0,0,0,0,0,0,0,0,0,0,0,0,0,0,0,0,0,0,0,0,0,0,0,0,0,0,0,0,0,0,0,0,0,0,0,0,0,0,0,0,0,0,0,0,0,0,0,0,0,0,0,0,0,0,0,0,0,0,0,0,0,0,0,0,0,0,0,0,0,0,0,0,0,0,0,0,0,0,0,0,0,0,0,0,0,0,0,0,0,0,0,0,0,0,0,0,0,0,0,0,0,0,0,0,0,0,0,0,0,0,0,0,0,0,0,0,0,0
2560,90,1,09,0,0,0,0,0,0,0,0,0,0,0,0,0,0,0,0,0,0,0,0,0,0,0,0,0,0,0,0,0,0,0,0,0,0,0,0,0,0,0,0,0,0,0,0,0,0,0,0,0,0,0,0,0,0,0,0,0,0,0,0,0,1,0,0,0,0,0,0,0,0,0,1,0,0,0,0,0,0,0,0,0,0,0,0,0,0,0,0,0,0,0,0,0,0,0,0,0,0,0,0,0,1,0,0,0,0,1,0,0,0,0,0,0,0,0,0,0,0,0,0,0,0,0,0,1,0,0,0,0,0,0,0,0,0,1,0,0,0,0,0,0,0,0,0,0,0,0,0,0,0,0,0,0,0,0,0,0,0,0,0,0,0,0,0,1,0,0,0,0,1,0,0,0,0,0,0,0,0,0,0,0,0,1,0,0,0,0,0,0,0,1,0,0,0,0,0,0,0,0,0,0,0,0,0,0,0,0,0,0,0,0,0,0,0,1,0,0,0,1,0,0,0,0,0,0,0,0,0
2560,90,1,11,0,0,0,0,0,0,0,0,0,0,0,0,0,0,0,0,0,0,0,0,0,0,0,0,0,0,0,0,0,0,0,0,0,0,0,0,0,0,0,0,0,0,0,0,0,0,0,0,0,0,0,0,0,0,0,0,0,0,0,0,0,0,0,0,0,0,0,0,0,0,0,0,0,0,0,0,0,0,0,0,0,0,0,0,0,0,0,0,0,0,0,0,0,0,0,0,0,0,0,0,0,0,0,0,0,0,0,0,0,0,0,0,0,0,0,0,0,0,0,0,0,0,0,0,0,0,0,0,0,0,0,0,0,0,0,0,0,0,0,0,0,0,0,0,0,0,0,0,0,0,0,0,0,0,0,0,0,0,0,0,0,0,0,0,0,0,0,0,0,0,0,0,0,0,0,0,0,0,0,0,0,0,0,0,0,0,0,0,0,0,0,0,0,0,0,0,0,0,0,0,0,0,0,0,0,0,0,0,0,0,0,0,0,0,0,0,0,0,0,0,0,0,0,0,0,0,0,0
2560,90,2,09,0,0,0,0,0,0,0,0,0,0,0,0,0,0,0,0,0,0,0,0,0,0,0,0,0,0,0,0,0,0,0,0,0,0,0,0,0,0,0,0,0,0,0,0,0,0,0,0,0,0,0,0,0,0,0,0,0,0,0,0,0,0,0,2,0,0,1,1,1,0,0,0,0,2,0,0,0,0,0,0,0,1,1,1,0,0,0,0,0,0,0,0,0,0,0,0,0,0,0,0,0,-1,-1,1,0,0,-1,-1,1,0,0,0,0,0,0,0,0,0,0,0,1,0,0,0,0,0,0,0,0,0,1,0,0,0,0,0,0,0,0,0,0,0,0,0,0,0,0,0,0,0,0,0,0,0,0,0,0,0,0,0,1,0,0,0,0,1,0,0,0,0,0,0,0,0,0,0,0,0,0,0,0,0,0,0,0,0,0,0,0,0,0,0,0,0,0,0,0,0,0,0,0,0,0,0,0,0,0,0,0,0,0,0,0,0,0,0,0,0,0,0,0,0,0,0,0,0,0,0
2560,90,2,11,0,0,0,0,0,0,0,0,0,0,0,0,0,0,0,0,0,0,0,0,0,0,0,0,0,0,0,0,0,0,0,0,0,0,0,0,0,0,0,0,0,0,0,0,0,0,0,0,0,0,0,0,0,0,0,0,0,0,0,0,0,0,0,0,0,0,0,0,0,0,0,0,0,0,0,0,0,0,0,0,0,0,0,0,0,0,0,0,0,0,0,0,0,0,0,0,0,0,0,0,0,0,0,0,0,0,0,0,0,0,0,0,0,0,0,0,0,0,0,0,0,0,0,0,0,0,0,0,0,0,0,0,0,0,0,0,0,0,0,0,0,0,0,0,0,0,0,0,0,0,0,0,0,0,0,0,0,0,0,0,0,0,0,0,0,0,0,0,0,0,0,0,0,0,0,0,0,0,0,0,0,0,0,0,0,0,0,0,0,0,0,0,0,0,0,0,0,0,0,0,0,0,0,0,0,0,0,0,0,0,0,0,0,0,0,0,0,0,0,0,0,0,0,0,0,0,0,0
2560,91,1,09,0,0,0,0,0,0,0,0,0,0,0,0,0,0,0,0,0,0,0,0,0,0,0,0,0,0,0,0,0,0,0,0,0,0,0,0,0,0,0,0,0,0,0,0,0,0,0,0,0,0,0,0,0,0,0,0,0,0,0,0,0,0,0,0,0,0,0,0,0,0,0,0,0,0,0,0,0,0,0,0,0,0,0,0,0,0,0,0,0,0,0,0,0,0,0,0,0,0,0,0,0,0,0,0,0,0,0,0,0,0,0,0,0,0,0,0,0,0,0,0,1,0,0,0,1,0,0,0,0,0,0,0,0,0,1,1,0,0,0,0,0,0,0,0,0,0,0,0,0,0,0,0,0,0,0,0,0,0,0,0,1,0,0,0,1,0,0,0,0,1,1,0,0,0,0,0,0,0,0,0,0,0,0,0,0,0,0,0,0,0,0,0,0,0,0,0,0,0,0,0,0,0,0,0,0,0,0,0,0,0,0,0,0,0,0,0,0,0,0,0,0,0,0,0,0,0,0,0
2560,91,1,11,0,0,0,0,0,0,0,0,0,0,0,0,0,0,0,0,0,0,0,0,0,0,0,0,0,0,0,0,0,0,0,0,0,0,0,0,0,0,0,0,0,0,0,0,0,0,0,0,0,0,0,0,0,0,0,0,0,0,0,0,0,0,0,0,0,0,0,0,0,0,0,0,0,0,0,0,0,0,0,0,0,0,0,0,0,0,0,0,0,0,0,0,0,0,0,0,0,0,0,0,0,0,0,0,0,0,0,0,0,0,0,0,0,0,0,0,0,0,0,0,0,0,0,0,0,0,0,0,0,0,0,0,0,0,0,0,0,0,0,0,0,0,0,0,0,0,0,0,0,0,0,0,0,0,0,0,0,0,0,0,0,0,0,0,0,0,0,0,0,0,0,0,0,0,0,0,0,0,0,0,0,0,0,0,0,0,0,0,0,0,0,0,0,0,0,0,0,0,0,0,0,0,0,0,0,0,0,0,0,0,0,0,0,0,0,0,0,0,0,0,0,0,0,0,0,0,0,0
2560,91,2,09,0,0,0,0,0,1,0,0,0,0,0,0,0,0,0,0,0,0,0,0,1,0,0,0,0,0,0,0,0,0,0,0,0,0,0,0,0,0,0,0,-1,0,0,0,0,-1,0,0,0,0,0,0,0,0,0,0,0,0,0,0,0,0,0,0,0,0,1,1,1,0,0,0,0,0,0,0,0,0,0,0,0,1,1,1,0,0,0,0,0,0,0,0,0,0,0,0,0,0,0,0,0,-1,-1,-1,0,0,-1,-1,-1,0,0,0,0,0,0,0,0,0,0,0,0,0,0,0,0,0,0,0,0,1,0,0,0,0,0,0,0,0,0,0,0,0,0,0,1,0,0,0,0,0,0,0,0,0,0,0,0,0,0,0,0,0,0,0,-1,0,0,0,0,-1,0,0,0,0,0,0,0,0,0,0,0,0,0,0,0,0,0,0,0,0,0,0,0,0,0,0,0,0,0,0,0,0,0,0,0,0,0,0,0,0,0,0,0,0,0,0,0,0,0,0,0,0,0,0,0,0,0,0
2560,91,2,11,0,0,0,0,0,0,0,0,0,0,0,0,0,0,0,0,0,0,0,0,0,0,0,0,0,0,0,0,0,0,0,0,0,0,0,0,0,0,0,0,0,0,0,0,0,0,0,0,0,0,0,0,0,0,0,0,0,0,0,0,0,0,0,0,0,0,0,0,0,0,0,0,0,0,0,0,0,0,0,0,0,0,0,0,0,0,0,0,0,0,0,0,0,0,0,0,0,0,0,0,0,0,0,0,0,0,0,0,0,0,0,0,0,0,0,0,0,0,0,0,0,0,0,0,0,0,0,0,0,0,0,0,0,0,0,0,0,0,0,0,0,0,0,0,0,0,0,0,0,0,0,0,0,0,0,0,0,0,0,0,0,0,0,0,0,0,0,0,0,0,0,0,0,0,0,0,0,0,0,0,0,0,0,0,0,0,0,0,0,0,0,0,0,0,0,0,0,0,0,0,0,0,0,0,0,0,0,0,0,0,0,0,0,0,0,0,0,0,0,0,0,0,0,0,0,0,0,0
2560,92,1,09,0,0,0,0,0,0,0,0,0,0,0,0,0,0,0,0,0,0,0,0,0,0,0,0,0,0,0,0,0,0,0,0,0,0,0,0,0,0,0,0,0,0,0,0,0,0,0,0,0,0,0,0,0,0,0,0,0,0,0,0,0,0,0,0,0,0,0,1,0,0,0,0,0,0,0,0,0,0,0,0,0,0,0,0,0,0,0,1,0,0,0,0,0,0,0,0,0,0,0,0,0,0,-1,0,0,0,0,0,0,0,0,0,-1,0,0,0,0,0,0,0,0,0,0,0,0,0,0,0,0,0,0,0,0,0,0,0,0,0,0,0,0,0,0,0,0,0,0,0,0,0,0,0,0,0,0,0,0,0,0,0,0,0,0,0,0,0,0,0,0,0,0,0,0,0,0,0,0,0,0,0,0,0,0,0,0,0,0,0,0,0,0,0,0,0,0,0,0,0,0,0,0,0,0,0,0,0,0,0,0,0,0,0,0,0,0,0,0,0,0,0,0,0,0,0,0,0,0,0
2560,92,1,11,0,0,0,0,0,0,0,0,0,0,0,0,0,0,0,0,0,0,0,0,0,0,0,0,0,0,0,0,0,0,0,0,0,0,0,0,0,0,0,0,0,0,0,0,0,0,0,0,0,0,0,0,0,0,0,0,0,0,0,0,0,0,0,0,0,0,0,0,0,0,0,0,0,0,0,0,0,0,0,0,0,0,0,0,0,0,0,0,0,0,0,0,0,0,0,0,0,0,0,0,0,0,0,0,0,0,0,0,0,0,0,0,0,0,0,0,0,0,0,0,0,0,0,0,0,0,0,0,0,0,0,0,0,0,0,0,0,0,0,0,0,0,0,0,0,0,0,0,0,0,0,0,0,0,0,0,0,0,0,0,0,0,0,0,0,0,0,0,0,0,0,0,0,0,0,0,0,0,0,0,0,0,0,0,0,0,0,0,0,0,0,0,0,0,0,0,0,0,0,0,0,0,0,0,0,0,0,0,0,0,0,0,0,0,0,0,0,0,0,0,0,0,0,0,0,0,0,0
2560,92,2,09,0,0,0,0,0,0,0,1,1,0,0,0,0,0,0,0,0,0,0,0,0,0,1,1,0,0,0,0,0,0,0,0,0,0,0,0,0,0,0,0,0,0,-1,-1,0,0,0,-1,-1,0,0,0,0,0,0,0,0,0,0,0,0,0,0,0,0,0,0,0,1,0,0,0,0,0,0,0,0,0,0,0,0,0,0,1,0,0,0,0,0,0,0,0,0,0,0,0,0,0,0,0,0,0,0,-1,0,0,0,0,-1,0,0,0,0,0,0,0,0,0,0,0,0,0,0,0,0,0,0,0,0,0,0,0,0,0,0,0,0,0,0,0,0,0,0,0,0,0,0,0,0,0,0,0,0,0,0,0,0,0,0,0,0,0,0,0,0,0,0,0,0,0,0,0,0,0,0,0,0,0,0,0,0,0,0,0,0,0,0,0,0,0,0,0,0,0,0,0,0,0,0,0,0,0,0,0,0,0,0,0,0,0,0,0,0,0,0,0,0,0,0,0,0,0,0,0,0,0,0,0
2560,92,2,11,0,0,0,0,0,0,0,0,0,0,0,0,0,0,0,0,0,0,0,0,0,0,0,0,0,0,0,0,0,0,0,0,0,0,0,0,0,0,0,0,0,0,0,0,0,0,0,0,0,0,0,0,0,0,0,0,0,0,0,0,0,0,0,0,0,0,0,0,0,0,0,0,0,0,0,0,0,0,0,0,0,0,0,0,0,0,0,0,0,0,0,0,0,0,0,0,0,0,0,0,0,0,0,0,0,0,0,0,0,0,0,0,0,0,0,0,0,0,0,0,0,0,0,0,0,1,0,0,0,0,0,0,0,0,0,0,0,0,0,0,0,0,0,0,0,1,0,0,0,0,0,0,0,0,0,0,0,0,0,0,-1,0,0,0,0,0,0,0,0,0,-1,0,0,0,0,0,0,0,0,0,0,0,0,0,0,0,0,0,0,0,0,0,0,0,0,0,0,0,0,0,0,0,0,0,0,0,0,0,0,0,0,0,0,0,0,0,0,0,0,0,0,0,0,0,0,0,0,0
2560,93,1,09,0,1,0,0,0,0,0,0,1,0,0,1,0,0,0,0,0,0,0,0,0,0,0,1,0,0,0,0,0,0,0,0,0,0,0,0,0,0,0,0,0,1,0,-1,0,0,1,0,-1,0,0,0,0,0,0,0,0,0,0,0,0,0,0,1,0,1,0,0,0,0,0,0,0,0,0,0,0,0,1,0,1,0,0,0,0,0,0,0,0,0,0,0,0,0,0,0,0,0,0,0,-1,0,0,1,0,-1,0,0,0,0,0,0,0,1,0,0,0,0,0,0,0,0,0,0,0,0,0,0,0,0,0,0,0,0,0,0,0,0,0,0,0,0,0,0,0,0,0,0,0,0,0,0,0,0,0,0,0,0,0,0,0,0,0,0,0,0,0,0,0,0,0,0,0,0,0,0,0,0,0,0,0,0,0,0,0,1,0,0,0,0,0,0,0,0,0,0,0,1,0,0,0,0,0,0,0,0,0,0,0,0,0,0,0,-1,0,0,0,-1,0,0,0,0,0,0,0,0,0,0
2560,93,1,11,0,0,0,0,0,0,0,0,0,0,0,0,0,0,0,0,0,0,0,0,0,0,0,0,0,0,0,0,0,0,0,0,0,0,0,0,0,0,0,0,0,0,0,0,0,0,0,0,0,0,0,0,0,0,0,0,0,0,0,0,0,0,0,0,0,0,0,0,0,0,0,0,0,0,0,0,0,0,0,0,0,0,0,0,0,0,0,0,0,0,0,0,0,0,0,0,0,0,0,0,0,0,0,0,0,0,0,0,0,0,0,0,0,0,0,0,0,0,0,0,0,0,0,0,0,0,0,0,0,0,0,0,0,0,0,0,0,0,0,0,0,0,0,0,0,0,0,0,0,0,0,0,0,0,0,0,0,0,0,0,0,0,0,0,0,0,0,0,0,0,0,0,0,0,0,0,0,0,0,0,0,0,0,0,0,0,0,0,0,0,0,0,0,0,0,0,0,0,0,0,0,0,0,0,0,0,0,0,0,0,0,0,0,0,0,0,0,0,0,0,0,0,0,0,0,0,0,0
2560,93,2,09,0,0,0,0,0,0,0,0,1,0,0,0,0,0,0,0,0,0,0,0,0,0,0,0,0,0,0,0,1,0,0,0,0,0,0,0,0,0,0,0,0,0,0,-1,0,0,0,0,0,0,0,0,0,-1,0,0,0,0,0,0,0,0,0,0,0,0,0,0,0,0,0,0,0,0,0,0,0,0,0,0,0,0,0,0,0,0,0,0,0,0,0,0,0,0,0,0,0,0,0,0,0,0,0,0,0,0,0,0,0,0,0,0,0,0,0,0,0,0,0,0,0,0,0,0,0,0,0,0,0,0,0,0,0,0,0,0,0,0,0,0,0,0,0,0,0,0,0,0,0,0,0,0,0,0,0,0,0,0,0,0,0,0,0,0,0,0,0,0,0,0,0,0,0,0,0,0,0,0,0,0,0,0,0,0,0,0,0,1,0,0,0,0,0,0,0,0,0,0,0,1,0,0,0,0,0,0,0,0,0,0,0,0,0,0,0,-1,0,0,0,-1,0,0,0,0,0,0,0,0
2560,93,2,11,0,0,0,0,0,0,0,0,0,0,0,0,0,0,0,0,0,0,0,0,0,0,0,0,0,0,0,0,0,0,0,0,0,0,0,0,0,0,0,0,0,0,0,0,0,0,0,0,0,0,0,0,0,0,0,0,0,0,0,0,0,0,0,0,0,0,0,0,0,0,0,0,0,0,0,0,0,0,0,0,0,0,0,0,0,0,0,0,0,0,0,0,0,0,0,0,0,0,0,0,0,0,0,0,0,0,0,0,0,0,0,0,0,0,0,0,0,0,0,0,0,0,0,0,0,0,0,0,0,0,0,0,0,0,0,0,0,0,0,0,0,0,0,0,0,0,0,0,0,0,0,0,0,0,0,0,0,0,0,0,0,0,0,0,0,0,0,0,0,0,0,0,0,0,0,0,0,0,0,0,0,0,0,0,0,0,0,0,0,0,0,0,0,0,0,0,0,0,0,0,0,0,0,0,0,0,0,0,0,0,0,0,0,0,0,0,0,0,0,0,0,0,0,0,0,0,0,0
2560,94,1,09,0,0,0,0,1,0,0,0,0,0,0,0,0,0,0,0,0,0,0,1,0,0,0,0,0,0,0,0,0,0,0,0,0,0,0,0,0,0,0,0,0,0,0,0,1,0,0,0,0,0,0,0,0,0,1,0,0,0,0,0,0,0,0,0,0,0,0,0,0,0,0,0,0,0,0,0,0,0,0,0,0,0,0,0,0,0,0,0,0,0,0,0,0,0,0,0,0,0,0,0,0,0,0,0,0,0,0,0,0,0,0,0,0,0,0,0,0,0,0,0,0,0,0,0,0,0,0,0,0,0,0,0,0,0,0,0,0,0,0,0,0,0,0,0,0,0,0,0,0,0,0,0,0,0,0,0,0,0,0,0,0,0,0,0,0,0,0,0,0,0,0,0,0,0,0,0,0,0,0,0,0,0,0,0,0,1,0,0,0,0,0,0,0,0,0,0,0,1,0,0,0,0,0,0,0,0,0,0,0,0,0,0,0,-1,0,0,0,-1,0,0,0,0,0,0,0,0,0,0
2560,94,1,11,0,0,0,0,0,0,0,0,0,0,0,0,0,0,0,0,0,0,0,0,0,0,0,0,0,0,0,0,0,0,0,0,0,0,0,0,0,0,0,0,0,0,0,0,0,0,0,0,0,0,0,0,0,0,0,0,0,0,0,0,0,0,0,0,0,0,0,0,0,0,0,0,0,0,0,0,0,0,0,0,0,0,0,0,0,0,0,0,0,0,0,0,0,0,0,0,0,0,0,0,0,0,0,0,0,0,0,0,0,0,0,0,0,0,0,0,0,0,0,0,0,0,0,0,0,0,0,0,0,0,0,0,0,0,0,0,0,0,0,0,0,0,0,0,0,0,0,0,0,0,0,0,0,0,0,0,0,0,0,0,0,0,0,0,0,0,0,0,0,0,0,0,0,0,0,0,0,0,0,0,0,0,0,0,0,0,0,0,0,0,0,0,0,0,0,0,0,0,0,0,0,0,0,0,0,0,0,0,0,0,0,0,0,0,0,0,0,0,0,0,0,0,0,0,0,0,0,0
2560,94,2,09,0,0,0,0,0,0,0,0,0,0,0,0,0,0,0,0,0,0,0,0,0,0,0,0,0,0,0,0,0,0,0,0,0,0,0,0,0,0,0,0,0,0,0,0,0,0,0,0,0,0,0,0,0,0,0,0,0,0,0,0,0,0,0,0,1,0,0,0,0,0,0,0,0,0,1,0,0,0,0,0,0,0,0,0,0,0,0,0,0,0,0,0,0,0,0,0,0,0,0,0,0,0,0,0,1,0,0,0,0,1,0,0,0,0,0,0,0,0,0,0,0,0,0,0,0,0,0,0,0,0,0,0,0,0,0,0,0,0,0,0,0,0,0,0,0,0,0,0,0,0,0,0,0,0,0,0,0,0,0,0,0,0,0,0,0,0,0,0,0,0,0,0,0,0,0,0,0,0,0,0,0,0,0,0,0,1,0,0,0,0,0,0,0,0,0,0,0,1,0,0,0,0,0,0,0,0,0,0,0,0,0,0,0,-1,0,0,0,-1,0,0,0,0,0,0,0,0,0,0
2560,94,2,11,0,0,0,0,0,0,0,0,0,0,0,0,0,0,0,0,0,0,0,0,0,0,0,0,0,0,0,0,0,0,0,0,0,0,0,0,0,0,0,0,0,0,0,0,0,0,0,0,0,0,0,0,0,0,0,0,0,0,0,0,0,0,0,0,0,0,0,0,0,0,0,0,0,0,0,0,0,0,0,0,0,0,0,0,0,0,0,0,0,0,0,0,0,0,0,0,0,0,0,0,0,0,0,0,0,0,0,0,0,0,0,0,0,0,0,0,0,0,0,0,0,0,0,0,0,0,0,0,0,0,0,0,0,0,0,0,0,0,0,0,0,0,0,0,0,0,0,0,0,0,0,0,0,0,0,0,0,0,0,0,0,0,0,0,0,0,0,0,0,0,0,0,0,0,0,0,0,0,0,0,0,0,0,0,0,0,0,0,0,0,0,0,0,0,0,0,0,0,0,0,0,0,0,0,0,0,0,0,0,0,0,0,0,0,0,0,0,0,0,0,0,0,0,0,0,0,0,0
2560,95,1,09,0,0,0,0,0,0,0,0,0,0,0,0,0,0,0,0,0,0,0,0,0,0,0,0,0,0,0,0,0,0,0,0,0,0,0,0,0,0,0,0,0,0,0,0,0,0,0,0,0,0,0,0,0,0,0,0,0,0,0,0,0,0,0,0,0,0,0,0,0,0,0,0,0,0,0,0,0,0,0,0,0,0,0,0,0,0,0,0,0,0,0,0,0,0,0,0,0,0,0,0,0,0,0,0,0,0,0,0,0,0,0,0,0,0,0,0,0,0,0,0,0,0,0,0,0,0,0,0,0,0,0,0,0,0,0,0,0,0,0,0,0,0,0,0,0,0,0,0,0,0,0,0,0,0,0,0,0,0,0,0,0,0,0,0,0,0,0,0,0,0,0,0,0,0,0,0,0,0,0,0,0,0,0,0,0,0,0,0,0,0,0,0,0,0,0,0,0,0,0,0,0,0,0,0,0,0,0,0,0,0,0,0,0,0,0,0,0,0,0,0,0,0,0,0,0,0,0,0
2560,95,1,11,0,0,0,0,0,0,0,0,0,0,0,0,0,0,0,0,0,0,0,0,0,0,0,0,0,0,0,0,0,0,0,0,0,0,0,0,0,0,0,0,0,0,0,0,0,0,0,0,0,0,0,0,0,0,0,0,0,0,0,0,0,0,0,0,0,0,0,0,0,0,0,0,0,0,0,0,0,0,0,0,0,0,0,0,0,0,0,0,0,0,0,0,0,0,0,0,0,0,0,0,0,0,0,0,0,0,0,0,0,0,0,0,0,0,0,0,0,0,0,0,0,0,0,0,0,0,0,0,0,0,0,0,0,0,0,0,0,0,0,0,0,0,0,0,0,0,0,0,0,0,0,0,0,0,0,0,0,0,0,0,0,0,0,0,0,0,0,0,0,0,0,0,0,0,0,0,0,0,0,0,0,0,0,0,0,0,0,0,0,0,0,0,0,0,0,0,0,0,0,0,0,0,0,0,0,0,0,0,0,0,0,0,0,0,0,0,0,0,0,0,0,0,0,0,0,0,0,0
2560,95,2,09,0,0,0,0,0,0,0,0,0,0,0,0,0,0,0,0,0,0,0,0,0,0,0,0,0,0,0,0,0,0,0,0,0,0,0,0,0,0,0,0,0,0,0,0,0,0,0,0,0,0,0,0,0,0,0,0,0,0,0,0,0,0,0,0,0,0,0,0,0,0,0,0,0,0,0,0,0,0,0,0,0,0,0,0,0,0,0,0,0,0,0,0,0,0,0,0,0,0,0,0,0,0,0,0,0,0,0,0,0,0,0,0,0,0,0,0,0,0,0,0,0,0,0,0,0,0,0,0,0,0,0,0,0,0,0,0,0,0,0,0,0,0,0,0,0,0,0,0,0,0,0,0,0,0,0,0,0,0,0,0,0,0,0,0,0,0,0,0,0,0,0,0,0,0,0,0,0,0,0,0,0,0,0,0,0,0,0,0,0,0,0,0,0,0,0,0,0,0,0,0,0,0,0,0,0,0,0,0,0,0,0,0,0,0,0,0,0,0,0,0,0,0,0,0,0,0,0,0
2560,95,2,11,0,0,0,0,0,0,0,0,0,0,0,0,0,0,0,0,0,0,0,0,0,0,0,0,0,0,0,0,0,0,0,0,0,0,0,0,0,0,0,0,0,0,0,0,0,0,0,0,0,0,0,0,0,0,0,0,0,0,0,0,0,0,0,0,0,0,0,0,0,0,0,0,0,0,0,0,0,0,0,0,0,0,0,0,0,0,0,0,0,0,0,0,0,0,0,0,0,0,0,0,0,0,0,0,0,0,0,0,0,0,0,0,0,0,0,0,0,0,0,0,0,0,0,0,0,0,0,0,0,0,0,0,0,0,0,0,0,0,0,0,0,0,0,0,0,0,0,0,0,0,0,0,0,0,0,0,0,0,0,0,0,0,0,0,0,0,0,0,0,0,0,0,0,0,0,0,0,0,0,0,0,0,0,0,0,0,0,0,0,0,0,0,0,0,0,0,0,0,0,0,0,0,0,0,0,0,0,0,0,0,0,0,0,0,0,0,0,0,0,0,0,0,0,0,0,0,0,0
2560,96,1,09,0,0,0,0,0,0,0,0,0,0,0,0,0,0,0,0,0,0,0,0,0,0,0,0,0,0,0,0,0,0,0,0,0,0,0,0,0,0,0,0,0,0,0,0,0,0,0,0,0,0,0,0,0,0,0,0,0,0,0,0,0,0,0,0,0,0,0,0,0,0,0,0,0,0,0,0,0,0,0,0,0,0,0,0,0,0,0,0,0,0,0,0,0,0,0,0,0,0,0,0,0,0,0,0,0,0,0,0,0,0,0,0,0,0,0,0,0,0,0,0,0,0,0,0,0,0,0,0,0,0,0,0,0,0,0,0,0,0,0,0,0,0,0,0,0,0,0,0,0,0,0,0,0,0,0,0,0,0,0,0,0,0,0,0,0,0,0,0,0,0,0,0,0,0,0,0,0,0,0,0,0,0,0,0,0,0,0,0,0,0,0,0,0,0,0,0,0,0,0,0,0,0,0,0,0,0,0,0,0,0,0,0,0,0,0,0,0,0,0,0,0,0,0,0,0,0,0,0
2560,96,1,11,0,0,0,0,0,0,0,0,0,0,0,0,0,0,0,0,0,0,0,0,0,0,0,0,0,0,0,0,0,0,0,0,0,0,0,0,0,0,0,0,0,0,0,0,0,0,0,0,0,0,0,0,0,0,0,0,0,0,0,0,0,0,0,0,0,0,0,0,0,0,0,0,0,0,0,0,0,0,0,0,0,0,0,0,0,0,0,0,0,0,0,0,0,0,0,0,0,0,0,0,0,0,0,0,0,0,0,0,0,0,0,0,0,0,0,0,0,0,0,0,0,0,0,0,0,0,0,0,0,0,0,0,0,0,0,0,0,0,0,0,0,0,0,0,0,0,0,0,0,0,0,0,0,0,0,0,0,0,0,0,0,0,0,0,0,0,0,0,0,0,0,0,0,0,0,0,0,0,0,0,0,0,0,0,0,0,0,0,0,0,0,0,0,0,0,0,0,0,0,0,0,0,0,0,0,0,0,0,0,0,0,0,0,0,0,0,0,0,0,0,0,0,0,0,0,0,0,0
2560,96,2,09,0,0,0,0,0,0,0,0,0,0,0,0,0,0,0,0,0,0,0,0,0,0,0,0,0,0,0,0,0,0,0,0,0,0,0,0,0,0,0,0,0,0,0,0,0,0,0,0,0,0,0,0,0,0,0,0,0,0,0,0,0,0,0,0,0,0,0,1,0,0,0,0,0,0,0,0,0,0,0,0,0,0,1,0,0,0,0,0,0,0,0,0,0,0,0,0,0,0,0,0,0,0,-1,0,0,0,0,-1,0,0,0,0,0,0,0,0,0,0,0,0,0,0,0,0,0,0,0,0,0,0,0,0,0,0,0,0,0,0,0,0,0,0,0,0,0,0,0,0,0,0,0,0,0,0,0,0,0,0,0,0,0,0,0,0,0,0,0,0,0,0,0,0,0,0,0,0,0,0,0,0,0,0,0,0,0,0,0,0,0,0,0,0,0,0,0,0,0,0,0,0,0,0,0,0,0,0,0,0,0,0,0,0,0,0,0,0,0,0,0,0,0,0,0,0,0,0,0,0
2560,96,2,11,0,0,0,0,0,0,0,0,0,0,0,0,0,0,0,0,0,0,0,0,0,0,0,0,0,0,0,0,0,0,0,0,0,0,0,0,0,0,0,0,0,0,0,0,0,0,0,0,0,0,0,0,0,0,0,0,0,0,0,0,0,0,0,0,0,0,0,0,0,0,0,0,0,0,0,0,0,0,0,0,0,0,0,0,0,0,0,0,0,0,0,0,0,0,0,0,0,0,0,0,0,0,0,0,0,0,0,0,0,0,0,0,0,0,0,0,0,0,0,0,0,0,0,0,0,0,0,0,0,0,0,0,0,0,0,0,0,0,0,0,0,0,0,0,0,0,0,0,0,0,0,0,0,0,0,0,0,0,0,0,0,0,0,0,0,0,0,0,0,0,0,0,0,0,0,0,0,0,0,0,0,0,0,0,0,0,0,0,0,0,0,0,0,0,0,0,0,0,0,0,0,0,0,0,0,0,0,0,0,0,0,0,0,0,0,0,0,0,0,0,0,0,0,0,0,0,0,0
2560,97,1,09,0,0,0,0,0,0,0,0,0,0,0,0,0,0,0,0,0,0,0,0,0,0,0,0,0,0,0,0,0,0,0,0,0,0,0,0,0,0,0,0,0,0,0,0,0,0,0,0,0,0,0,0,0,0,0,0,0,0,0,0,0,0,0,0,0,0,0,0,0,0,0,0,0,0,0,0,0,0,0,0,0,0,0,0,0,0,0,0,0,0,0,0,0,0,0,0,0,0,0,0,0,0,0,0,0,0,0,0,0,0,0,0,0,0,0,0,0,0,0,0,0,0,0,0,0,0,0,0,0,0,0,0,0,0,0,0,0,0,0,0,0,0,0,0,0,0,0,0,0,0,0,0,0,0,0,0,0,0,0,0,0,0,0,0,0,0,0,0,0,0,0,0,0,0,0,0,0,0,0,0,0,0,0,0,0,0,0,0,0,0,0,0,0,0,0,0,0,0,0,0,0,0,0,0,0,0,0,0,0,0,0,0,0,0,0,0,0,0,0,0,0,0,0,0,0,0,0,0
2560,97,1,11,0,0,0,0,0,0,0,0,0,0,0,0,0,0,0,0,0,0,0,0,0,0,0,0,0,0,0,0,0,0,0,0,0,0,0,0,0,0,0,0,0,0,0,0,0,0,0,0,0,0,0,0,0,0,0,0,0,0,0,0,0,0,0,0,0,0,0,0,0,0,0,0,0,0,0,0,0,0,0,0,0,0,0,0,0,0,0,0,0,0,0,0,0,0,0,0,0,0,0,0,0,0,0,0,0,0,0,0,0,0,0,0,0,0,0,0,0,0,0,0,0,0,0,0,0,0,0,0,0,0,0,0,0,0,0,0,0,0,0,0,0,0,0,0,0,0,0,0,0,0,0,0,0,0,0,0,0,0,0,0,0,0,0,0,0,0,0,0,0,0,0,0,0,0,0,0,0,0,0,0,0,0,0,0,0,0,0,0,0,0,0,0,0,0,0,0,0,0,0,0,0,0,0,0,0,0,0,0,0,0,0,0,0,0,0,0,0,0,0,0,0,0,0,0,0,0,0,0
2560,97,2,09,0,0,0,0,0,0,0,0,0,1,0,0,0,0,0,0,0,0,0,0,0,0,0,0,1,0,0,0,0,0,0,0,0,0,0,0,0,0,0,0,0,0,0,0,-1,0,0,0,0,-1,0,0,0,0,0,0,0,0,0,0,0,0,0,0,0,0,0,0,1,0,0,0,0,0,0,0,0,0,0,0,0,0,0,1,0,0,0,0,0,0,0,0,0,0,0,0,0,0,0,0,0,0,0,-1,0,0,0,0,-1,0,0,0,0,0,0,0,0,0,0,0,0,0,0,0,0,0,0,0,0,0,0,0,0,0,0,0,0,0,0,0,0,0,0,0,0,0,0,0,0,0,0,0,0,0,0,0,0,0,0,0,0,0,0,0,0,0,0,0,0,0,0,0,0,0,0,0,0,0,0,0,0,0,0,0,0,0,0,0,0,0,0,0,0,0,0,0,0,0,0,0,0,0,0,0,0,0,0,0,0,0,0,0,0,0,0,0,0,0,0,0,0,0,0,0,0,0,0,0
2560,97,2,11,0,0,0,0,0,0,0,0,0,0,0,0,0,0,0,0,0,0,0,0,0,0,0,0,0,0,0,0,0,0,0,0,0,0,0,0,0,0,0,0,0,0,0,0,0,0,0,0,0,0,0,0,0,0,0,0,0,0,0,0,0,0,0,0,0,0,0,0,0,0,0,0,0,0,0,0,0,0,0,0,0,0,0,0,0,0,0,0,0,0,0,0,0,0,0,0,0,0,0,0,0,0,0,0,0,0,0,0,0,0,0,0,0,0,0,0,0,0,0,0,0,0,0,0,0,0,0,0,0,0,0,0,0,0,0,0,0,0,0,0,0,0,0,0,0,0,0,0,0,0,0,0,0,0,0,0,0,0,0,0,0,0,0,0,0,0,0,0,0,0,0,0,0,0,0,0,0,0,0,0,0,0,0,0,0,0,0,0,0,0,0,0,0,0,0,0,0,0,0,0,0,0,0,0,0,0,0,0,0,0,0,0,0,0,0,0,0,0,0,0,0,0,0,0,0,0,0,0
2560,98,1,09,0,0,0,0,0,0,0,0,0,0,0,0,0,0,0,0,0,0,0,0,0,0,0,0,0,0,0,0,0,0,0,0,0,0,0,0,0,0,0,0,0,0,0,0,0,0,0,0,0,0,0,0,0,0,0,0,0,0,0,0,0,0,0,0,0,0,0,0,0,0,0,0,0,0,0,0,0,0,0,0,0,0,0,0,0,0,0,0,0,0,0,0,0,0,0,0,0,0,0,0,0,0,0,0,0,0,0,0,0,0,0,0,0,0,0,0,0,0,0,0,0,0,0,0,0,0,0,0,0,0,0,0,0,0,0,0,0,0,0,0,0,0,0,0,0,0,0,0,0,0,0,0,0,0,0,0,0,0,0,0,0,0,0,0,0,0,0,0,0,0,0,0,0,0,0,0,0,0,0,0,0,0,0,0,0,0,0,0,0,0,0,0,0,0,0,0,0,0,0,0,0,0,0,0,0,0,0,0,0,0,0,0,0,0,0,0,0,0,0,0,0,0,0,0,0,0,0,0
2560,98,1,11,0,0,0,0,0,0,0,0,0,0,0,0,0,0,0,0,0,0,0,0,0,0,0,0,0,0,0,0,0,0,0,0,0,0,0,0,0,0,0,0,0,0,0,0,0,0,0,0,0,0,0,0,0,0,0,0,0,0,0,0,0,0,0,0,0,0,0,0,0,0,0,0,0,0,0,0,0,0,0,0,0,0,0,0,0,0,0,0,0,0,0,0,0,0,0,0,0,0,0,0,0,0,0,0,0,0,0,0,0,0,0,0,0,0,0,0,0,0,0,0,0,0,0,0,0,0,0,0,0,0,0,0,0,0,0,0,0,0,0,0,0,0,0,0,0,0,0,0,0,0,0,0,0,0,0,0,0,0,0,0,0,0,0,0,0,0,0,0,0,0,0,0,0,0,0,0,0,0,0,0,0,0,0,0,0,0,0,0,0,0,0,0,0,0,0,0,0,0,0,0,0,0,0,0,0,0,0,0,0,0,0,0,0,0,0,0,0,0,0,0,0,0,0,0,0,0,0,0
2560,98,2,09,0,0,0,0,0,0,0,0,0,0,0,0,0,0,0,0,0,0,0,0,0,0,0,0,0,0,0,0,0,0,0,0,0,0,0,0,0,0,0,0,0,0,0,0,0,0,0,0,0,0,0,0,0,0,0,0,0,0,0,0,0,0,1,0,0,0,0,0,0,0,0,0,0,0,0,0,0,1,0,0,0,0,0,0,0,0,0,0,0,0,0,0,0,0,0,0,0,0,0,0,0,0,1,0,0,0,0,0,0,0,0,0,1,0,0,0,0,0,0,0,0,0,0,0,0,0,0,0,0,0,0,0,0,0,0,0,0,0,0,0,0,0,0,0,0,0,0,0,0,0,0,0,0,0,0,0,0,0,0,0,0,0,0,0,0,0,0,0,0,0,0,0,0,0,0,0,0,0,0,0,0,0,0,0,0,0,0,0,0,0,0,0,0,0,0,0,0,0,0,0,0,0,0,0,0,0,0,0,0,0,0,0,0,0,0,0,0,0,0,0,0,0,0,0,0,0,0,0
2560,98,2,11,0,0,0,0,0,0,0,0,0,0,0,0,0,0,0,0,0,0,0,0,0,0,0,0,0,0,0,0,0,0,0,0,0,0,0,0,0,0,0,0,0,0,0,0,0,0,0,0,0,0,0,0,0,0,0,0,0,0,0,0,0,0,0,0,0,0,0,0,0,0,0,0,0,0,0,0,0,0,0,0,0,0,0,0,0,0,0,0,0,0,0,0,0,0,0,0,0,0,0,0,0,0,0,0,0,0,0,0,0,0,0,0,0,0,0,0,0,0,0,0,0,0,0,0,0,0,0,0,0,0,0,0,0,0,0,0,0,0,0,0,0,0,0,0,0,0,0,0,0,0,0,0,0,0,0,0,0,0,0,0,0,0,0,0,0,0,0,0,0,0,0,0,0,0,0,0,0,0,0,0,0,0,0,0,0,0,0,0,0,0,0,0,0,0,0,0,0,0,0,0,0,0,0,0,0,0,0,0,0,0,0,0,0,0,0,0,0,0,0,0,0,0,0,0,0,0,0,0
2560,99,1,09,0,0,0,0,0,0,0,0,0,0,0,0,0,0,0,0,0,0,0,0,0,0,0,0,0,0,0,0,0,0,0,0,0,0,0,0,0,0,0,0,0,0,0,0,0,0,0,0,0,0,0,0,0,0,0,0,0,0,0,0,0,0,0,0,0,0,0,0,0,0,0,0,0,0,0,0,0,0,0,0,0,0,0,0,0,0,0,0,0,0,0,0,0,0,0,0,0,0,0,0,0,0,0,0,0,0,0,0,0,0,0,0,0,0,0,0,0,0,0,0,0,0,0,0,0,0,0,0,0,0,0,0,0,0,0,0,0,0,0,0,0,0,0,0,0,0,0,0,0,0,0,0,0,0,0,0,0,0,0,0,0,0,0,0,0,0,0,0,0,0,0,0,0,0,0,0,0,0,0,0,0,0,0,0,0,0,0,0,0,0,0,0,0,0,0,0,0,0,0,0,0,0,0,0,0,0,0,0,0,0,0,0,0,0,0,0,0,0,0,0,0,0,0,0,0,0,0,0
2560,99,1,11,0,0,0,0,0,0,0,0,0,0,0,0,0,0,0,0,0,0,0,0,0,0,0,0,0,0,0,0,0,0,0,0,0,0,0,0,0,0,0,0,0,0,0,0,0,0,0,0,0,0,0,0,0,0,0,0,0,0,0,0,0,0,0,0,0,0,0,0,0,0,0,0,0,0,0,0,0,0,0,0,0,0,0,0,0,0,0,0,0,0,0,0,0,0,0,0,0,0,0,0,0,0,0,0,0,0,0,0,0,0,0,0,0,0,0,0,0,0,0,0,0,0,0,0,0,0,0,0,0,0,0,0,0,0,0,0,0,0,0,0,0,0,0,0,0,0,0,0,0,0,0,0,0,0,0,0,0,0,0,0,0,0,0,0,0,0,0,0,0,0,0,0,0,0,0,0,0,0,0,0,0,0,0,0,0,0,0,0,0,0,0,0,0,0,0,0,0,0,0,0,0,0,0,0,0,0,0,0,0,0,0,0,0,0,0,0,0,0,0,0,0,0,0,0,0,0,0,0
2560,99,2,09,0,0,0,0,0,0,0,0,0,0,0,0,0,0,0,0,0,0,0,0,0,0,0,0,0,0,0,0,0,0,0,0,0,0,0,0,0,0,0,0,0,0,0,0,0,0,0,0,0,0,0,0,0,0,0,0,0,0,0,0,0,0,0,0,0,0,0,0,0,0,0,0,0,0,0,0,0,0,0,0,0,0,0,0,0,0,0,0,0,0,0,0,0,0,0,0,0,0,0,0,0,0,0,0,0,0,0,0,0,0,0,0,0,0,0,0,0,0,0,0,0,0,0,0,0,0,0,0,0,0,0,0,0,0,0,0,0,0,0,0,0,0,0,0,0,0,0,0,0,0,0,0,0,0,0,0,0,0,0,0,0,0,0,0,0,0,0,0,0,0,0,0,0,0,0,0,0,0,0,0,0,0,0,0,0,0,0,0,0,0,0,0,0,0,0,0,0,0,0,0,0,0,0,0,0,0,0,0,0,0,0,0,0,0,0,0,0,0,0,0,0,0,0,0,0,0,0,0
2560,99,2,11,0,0,0,0,0,0,0,0,0,0,0,0,0,0,0,0,0,0,0,0,0,0,0,0,0,0,0,0,0,0,0,0,0,0,0,0,0,0,0,0,0,0,0,0,0,0,0,0,0,0,0,0,0,0,0,0,0,0,0,0,0,0,0,0,0,0,0,0,0,0,0,0,0,0,0,0,0,0,0,0,0,0,0,0,0,0,0,0,0,0,0,0,0,0,0,0,0,0,0,0,0,0,0,0,0,0,0,0,0,0,0,0,0,0,0,0,0,0,0,0,0,0,0,0,0,0,0,0,0,0,0,0,0,0,0,0,0,0,0,0,0,0,0,0,0,0,0,0,0,0,0,0,0,0,0,0,0,0,0,0,0,0,0,0,0,0,0,0,0,0,0,0,0,0,0,0,0,0,0,0,0,0,0,0,0,0,0,0,0,0,0,0,0,0,0,0,0,0,0,0,0,0,0,0,0,0,0,0,0,0,0,0,0,0,0,0,0,0,0,0,0,0,0,0,0,0,0,0
2560,100+,1,09,0,0,0,0,0,0,0,0,0,0,0,0,0,0,0,0,0,0,0,0,0,0,0,0,0,0,0,0,0,0,0,0,0,0,0,0,0,0,0,0,0,0,0,0,0,0,0,0,0,0,0,0,0,0,0,0,0,0,0,0,0,0,0,0,0,0,0,0,0,0,0,0,0,0,0,0,0,0,0,0,0,0,0,0,0,0,0,0,0,0,0,0,0,0,0,0,0,0,0,0,0,0,0,0,0,0,0,0,0,0,0,0,0,0,0,0,0,0,0,0,0,0,0,0,0,0,0,0,0,0,0,0,0,0,0,0,0,0,0,0,0,0,0,0,0,0,0,0,0,0,0,0,0,0,0,0,0,0,0,0,0,0,0,0,0,0,0,0,0,0,0,0,0,0,0,0,0,0,0,0,0,0,0,0,0,0,0,0,0,0,0,0,0,0,0,0,0,0,0,0,0,0,0,0,0,0,0,0,0,0,0,0,0,0,0,0,0,0,0,0,0,0,0,0,0,0,0,0
2560,100+,1,11,0,0,0,0,0,0,0,0,0,0,0,0,0,0,0,0,0,0,0,0,0,0,0,0,0,0,0,0,0,0,0,0,0,0,0,0,0,0,0,0,0,0,0,0,0,0,0,0,0,0,0,0,0,0,0,0,0,0,0,0,0,0,0,0,0,0,0,0,0,0,0,0,0,0,0,0,0,0,0,0,0,0,0,0,0,0,0,0,0,0,0,0,0,0,0,0,0,0,0,0,0,0,0,0,0,0,0,0,0,0,0,0,0,0,0,0,0,0,0,0,0,0,0,0,0,0,0,0,0,0,0,0,0,0,0,0,0,0,0,0,0,0,0,0,0,0,0,0,0,0,0,0,0,0,0,0,0,0,0,0,0,0,0,0,0,0,0,0,0,0,0,0,0,0,0,0,0,0,0,0,0,0,0,0,0,0,0,0,0,0,0,0,0,0,0,0,0,0,0,0,0,0,0,0,0,0,0,0,0,0,0,0,0,0,0,0,0,0,0,0,0,0,0,0,0,0,0,0
2560,100+,2,09,0,0,0,0,0,0,0,0,0,0,0,0,0,0,0,0,0,0,0,0,0,0,0,0,0,0,0,0,0,0,0,0,0,0,0,0,0,0,0,0,0,0,0,0,0,0,0,0,0,0,0,0,0,0,0,0,0,0,0,0,0,0,0,0,0,0,0,0,0,0,0,0,0,0,0,0,0,0,0,0,0,0,0,0,0,0,0,0,0,0,0,0,0,0,0,0,0,0,0,0,0,0,0,0,0,0,0,0,0,0,0,0,0,0,0,0,0,0,0,0,0,0,0,0,0,0,0,0,0,0,0,0,0,0,0,0,0,0,0,0,0,0,0,0,0,0,0,0,0,0,0,0,0,0,0,0,0,0,0,0,0,0,0,0,0,0,0,0,0,0,0,0,0,0,0,0,0,0,0,0,0,0,0,0,0,0,0,0,0,0,0,0,0,0,0,0,0,0,0,0,0,0,0,0,0,0,0,0,0,0,0,0,0,0,0,0,0,0,0,0,0,0,0,0,0,0,0,0
2560,100+,2,11,0,0,0,0,0,0,0,0,0,0,0,0,0,0,0,0,0,0,0,0,0,0,0,0,0,0,0,0,0,0,0,0,0,0,0,0,0,0,0,0,0,0,0,0,0,0,0,0,0,0,0,0,0,0,0,0,0,0,0,0,0,0,0,0,0,0,0,0,0,0,0,0,0,0,0,0,0,0,0,0,0,0,0,0,0,0,0,0,0,0,0,0,0,0,0,0,0,0,0,0,0,0,0,0,0,0,0,0,0,0,0,0,0,0,0,0,0,0,0,0,0,0,0,0,0,0,0,0,0,0,0,0,0,0,0,0,0,0,0,0,0,0,0,0,0,0,0,0,0,0,0,0,0,0,0,0,0,0,0,0,0,0,0,0,0,0,0,0,0,0,0,0,0,0,0,0,0,0,0,0,0,0,0,0,0,0,0,0,0,0,0,0,0,0,0,0,0,0,0,0,0,0,0,0,0,0,0,0,0,0,0,0,0,0,0,0,0,0,0,0,0,0,0,0,0,0,0,0
2514,80,1,09,0,1,0,0,1,2,0,0,0,1,0,0,0,0,0,0,1,0,0,1,2,0,0,0,0,0,0,0,0,1,0,0,0,0,0,0,0,0,0,0,-2,1,0,0,0,-2,0,0,0,0,0,1,0,0,0,0,0,0,0,0,0,0,0,1,0,1,1,0,0,0,0,0,0,1,0,0,0,0,0,0,0,0,0,0,0,1,1,0,0,0,0,0,0,0,0,0,0,0,0,0,-1,-1,0,1,0,0,0,0,1,0,-1,-1,0,0,0,0,0,0,0,0,1,1,0,0,0,1,1,1,0,1,1,0,0,0,0,0,1,0,0,0,1,1,0,0,1,0,0,1,0,0,0,0,0,0,0,0,0,0,0,0,0,0,-1,0,-1,0,-1,0,0,-1,0,1,-1,0,0,0,0,0,0,0,0,0,1,0,1,0,1,2,0,0,0,0,0,0,1,0,1,0,1,0,0,0,0,2,0,0,0,0,0,0,0,0,-1,0,0,-2,-1,0,-1,0,0,0,1,-2,0,0,0,0
2514,80,1,11,0,0,0,0,0,0,0,0,0,1,0,0,0,0,0,0,0,0,0,0,0,0,0,0,0,0,0,0,0,0,0,0,0,0,0,0,0,0,0,1,0,0,0,0,-1,0,0,0,0,0,0,0,0,0,0,0,0,0,0,-1,0,1,0,0,0,0,1,0,0,0,0,1,0,0,0,0,0,0,0,0,0,1,0,0,0,0,0,0,0,0,0,0,0,0,0,0,0,0,0,0,0,0,0,0,0,0,0,0,0,0,0,0,0,0,0,0,0,0,0,0,0,0,0,0,0,0,0,0,0,0,0,0,0,0,0,0,0,0,0,0,0,0,0,0,0,0,0,0,0,0,0,0,0,0,0,0,0,0,0,0,0,0,0,0,0,0,0,0,0,0,0,0,0,0,0,0,0,0,0,0,0,0,0,0,0,0,0,0,0,0,0,0,0,0,0,0,0,0,0,0,0,0,0,0,0,0,0,0,0,0,0,0,0,0,0,0,0,0,0,0,0,0,0,0,0,0,0,0
2514,80,2,09,1,0,0,0,0,1,0,0,2,1,1,0,0,0,0,0,0,0,0,0,0,0,0,2,1,1,0,0,0,0,0,0,0,0,0,0,0,0,0,0,0,0,0,-2,-1,1,0,0,-2,-1,-1,0,0,0,0,0,0,0,0,0,1,2,0,0,1,1,0,0,0,0,1,2,0,0,1,0,0,0,0,0,0,0,0,0,0,1,0,0,0,0,0,0,0,0,0,0,0,0,0,0,0,2,0,0,1,1,2,0,0,1,-1,0,0,0,0,0,0,0,0,0,0,2,0,0,0,1,2,0,2,2,0,2,0,0,0,0,0,0,0,0,0,2,0,1,1,1,0,0,1,1,0,0,0,0,0,0,0,0,0,0,-1,0,0,-2,-2,0,0,0,-1,-1,-1,0,0,-1,-1,0,0,0,0,0,0,0,0,0,0,0,0,0,0,0,0,0,0,0,0,0,0,0,0,0,0,0,0,0,0,0,0,0,0,0,0,0,0,0,0,0,0,0,0,0,0,0,0,0,0,0,0,0
2514,80,2,11,0,0,1,0,0,0,0,0,0,0,0,0,0,0,0,0,0,1,0,0,0,0,0,0,0,0,0,0,0,0,0,0,0,0,0,0,0,0,0,0,0,0,1,0,0,0,0,0,0,0,0,0,1,0,0,0,0,0,0,0,0,0,0,0,1,0,1,0,0,0,0,0,0,0,0,0,0,0,0,1,0,0,0,0,0,0,0,0,0,0,0,0,0,0,0,0,1,0,0,0,0,-1,0,0,1,0,0,0,0,0,0,0,0,0,1,0,-1,0,0,0,0,1,1,0,0,1,0,0,0,1,0,1,0,0,0,0,0,1,0,0,0,0,0,0,1,1,0,0,0,0,0,0,0,0,0,0,0,0,0,0,-1,1,1,0,-1,0,1,0,0,-1,-1,0,1,0,0,0,0,0,0,0,0,0,0,0,0,1,1,0,0,0,0,0,0,0,0,0,0,0,0,0,0,0,1,0,0,0,0,0,0,1,0,0,0,-1,-1,0,0,0,0,0,0,0,-1,0,0,-1,0,0
2514,81,1,09,0,0,1,0,0,2,0,0,0,2,0,0,1,0,0,0,0,0,0,0,0,0,0,0,2,2,0,0,0,0,0,0,0,0,0,0,0,0,0,0,-2,0,1,0,-2,0,0,1,0,-2,-2,0,0,0,0,0,0,0,0,0,0,1,0,0,1,1,0,0,1,2,0,1,0,0,1,0,0,0,0,0,1,0,0,1,1,0,0,0,0,1,0,0,0,0,0,0,0,0,0,0,-1,1,0,-1,-1,-1,1,0,-1,0,0,0,0,0,-1,0,0,0,0,0,1,1,0,0,0,2,0,0,0,0,1,0,0,0,0,0,1,0,0,0,1,0,0,0,0,1,0,0,0,0,0,0,0,0,0,0,0,0,0,0,-1,1,0,0,0,0,0,0,0,0,-1,1,0,0,0,0,0,0,0,0,2,0,0,1,0,0,1,0,2,0,0,1,0,0,0,0,0,0,0,0,0,0,1,0,0,0,0,0,0,0,0,0,2,0,-1,1,2,0,0,1,0,0,-1,0,0,0,0,0
2514,81,1,11,0,0,0,0,0,1,0,0,0,0,0,0,0,0,0,0,0,0,0,0,0,0,0,0,0,1,0,0,0,0,0,0,0,0,0,0,0,0,0,0,-1,0,0,0,0,0,0,0,0,0,-1,0,0,0,0,0,0,0,0,0,0,0,0,0,0,0,0,0,0,0,0,0,0,0,0,0,0,0,0,0,0,0,0,0,0,0,0,0,0,0,0,0,0,0,0,0,0,0,0,0,0,0,0,0,0,0,0,0,0,0,0,0,0,0,0,0,0,0,0,0,0,0,0,0,0,0,1,0,0,0,0,0,0,0,0,0,0,0,0,0,0,0,0,0,0,0,1,0,0,0,0,0,0,0,0,0,0,0,0,0,0,-1,0,0,0,0,0,0,0,0,0,-1,0,0,0,0,0,0,0,0,1,0,0,0,1,0,1,0,1,0,0,0,0,0,0,0,1,0,0,0,0,0,1,0,0,0,0,0,0,0,0,0,0,0,-1,0,0,0,0,0,0,0,-1,0,0,0,0,0
2514,81,2,09,2,1,0,0,1,2,0,1,0,1,2,0,0,0,0,0,1,0,0,1,1,0,1,0,0,1,0,0,0,1,0,0,0,0,0,0,0,0,0,0,0,1,-1,0,0,1,0,-1,0,0,-1,1,0,0,0,0,0,0,0,0,0,1,2,0,0,0,2,0,0,0,0,0,1,0,0,0,1,1,0,0,0,0,0,0,0,0,2,0,0,0,0,0,0,0,0,0,0,0,0,0,0,-1,2,0,0,0,0,1,0,0,0,-1,1,0,0,0,0,0,0,0,1,0,0,0,0,0,1,1,3,1,0,0,0,0,0,1,0,0,0,0,0,0,1,3,1,0,1,0,0,0,0,0,0,0,0,0,0,0,0,0,1,-1,-1,-3,-1,0,0,-1,-3,-1,1,-1,0,0,0,0,0,0,0,0,1,0,0,2,0,0,0,0,1,0,0,1,0,0,0,1,0,0,0,0,0,0,0,0,0,0,0,0,0,0,0,0,1,0,0,2,1,0,0,1,0,0,0,1,0,0,0,0
2514,81,2,11,0,0,0,0,0,0,1,0,0,0,0,0,0,0,0,0,0,0,0,0,0,1,0,0,0,0,0,0,0,0,0,0,0,0,0,0,0,0,0,0,0,-1,0,0,0,0,-1,0,0,0,0,0,0,0,0,0,0,0,0,0,0,0,0,0,2,1,0,0,1,1,0,0,0,0,1,0,0,0,0,0,0,0,0,0,1,0,0,0,1,0,0,0,0,0,1,1,0,0,0,0,-1,0,0,-1,1,0,0,0,0,0,0,0,0,-1,0,-1,0,0,0,1,0,0,0,1,0,0,2,0,0,0,0,0,0,1,0,0,0,0,0,0,0,1,0,0,0,0,1,0,0,0,0,0,0,0,0,0,0,0,0,0,0,-2,0,1,0,0,-1,0,1,0,0,-1,0,0,0,0,0,0,0,0,0,0,0,0,0,0,0,0,0,0,0,0,0,0,0,0,0,0,0,0,0,0,0,0,0,0,0,0,0,0,0,0,0,0,0,0,0,0,0,0,0,0,0,0,0,0,0,0
2514,82,1,09,2,0,0,1,0,1,0,0,0,0,1,0,0,1,0,1,0,0,0,0,0,0,0,0,0,1,0,0,0,0,0,0,0,0,0,0,0,0,0,0,1,0,0,1,0,1,0,0,1,0,0,0,0,0,0,0,0,0,0,0,0,0,1,1,0,0,0,0,1,1,0,0,1,1,0,0,0,0,0,0,0,0,0,1,1,0,0,0,0,0,0,0,0,0,0,0,0,0,0,0,0,0,1,0,-1,0,0,1,0,-1,0,0,0,0,0,0,0,0,0,0,0,0,1,0,0,1,1,0,1,0,0,0,1,0,0,0,0,0,0,0,1,0,0,1,0,0,1,0,0,0,0,0,0,0,0,0,0,0,0,0,-1,-1,1,-1,0,-1,0,1,-1,0,0,-1,0,0,0,0,0,0,0,0,0,0,1,0,0,0,0,1,0,0,1,0,0,0,0,0,0,0,0,1,0,0,0,0,0,0,0,0,0,0,0,0,0,0,1,-1,0,0,1,-1,0,0,0,0,0,0,0,0
2514,82,1,11,0,1,0,0,0,0,0,0,0,1,0,0,0,0,0,0,1,0,0,0,0,0,0,0,1,0,0,0,0,0,0,0,0,0,0,0,0,0,0,0,0,1,0,0,-1,0,0,0,0,-1,0,1,0,0,0,0,0,0,0,0,0,0,0,0,0,0,0,0,0,0,0,0,0,0,0,0,0,0,0,0,0,0,0,0,0,0,0,0,0,0,0,0,0,0,0,0,0,0,0,0,0,0,0,0,0,0,0,0,0,0,0,0,0,0,0,0,0,0,0,0,0,0,0,0,0,0,0,0,0,0,0,0,0,0,0,0,0,0,0,0,0,0,0,0,0,0,0,0,0,0,0,0,0,0,0,0,0,0,0,0,0,0,0,0,0,0,0,0,0,0,0,0,0,0,0,0,0,0,0,0,0,0,0,0,0,0,0,0,0,0,0,0,0,0,0,0,0,0,0,0,0,0,0,0,0,0,0,0,0,0,0,0,0,0,0,0,0,0,0,0,0,0,0,0,0,0,0,0
2514,82,2,09,0,1,0,0,0,1,0,1,0,0,0,1,0,0,0,0,0,0,0,0,1,0,1,0,0,0,0,0,0,0,0,0,0,0,0,0,0,0,0,0,-1,1,-1,0,0,-1,1,-1,0,0,0,0,0,0,0,0,0,0,0,0,0,0,2,1,0,1,1,3,0,2,0,0,2,1,0,0,0,0,0,0,1,0,3,0,1,0,1,0,0,1,0,0,0,0,0,0,0,0,0,0,-1,-1,-1,1,-2,-1,0,-1,1,-1,0,-1,0,0,-1,0,0,0,0,0,0,2,0,0,1,1,0,0,1,0,0,1,0,0,1,0,1,0,0,0,1,0,0,1,0,0,0,0,0,0,0,0,0,0,0,0,0,0,0,0,-1,2,0,-1,1,-1,1,0,-1,1,0,1,0,0,0,0,0,0,0,0,0,1,0,2,0,0,0,0,0,0,0,1,0,1,0,1,0,0,0,0,0,0,0,0,0,0,0,0,0,0,0,0,0,1,0,2,0,0,0,1,0,1,0,1,0,0,0,0
2514,82,2,11,0,0,0,1,0,1,0,0,1,0,0,0,0,1,0,0,0,0,0,0,0,0,0,1,0,0,0,0,0,0,0,0,0,0,0,1,0,0,0,0,-1,0,0,0,0,0,0,0,0,0,0,0,0,0,0,-1,0,0,0,0,0,0,0,0,0,0,0,0,0,0,0,0,0,0,0,0,0,0,0,0,0,0,0,0,0,0,0,0,0,0,0,0,0,0,0,0,0,0,0,0,0,0,0,0,0,0,0,0,0,0,0,0,0,0,0,0,0,0,0,0,0,0,0,0,0,0,0,0,0,1,0,0,0,0,0,0,0,0,0,0,0,0,0,0,1,0,0,0,0,0,0,0,0,0,0,0,0,0,0,0,0,0,0,0,-1,0,0,0,0,-1,0,0,0,0,0,0,0,0,0,0,0,1,0,0,1,0,0,0,0,1,0,0,0,0,0,0,1,0,0,0,0,0,0,0,0,0,0,0,0,0,0,0,-1,1,0,0,-1,1,0,0,0,0,0,0,0,0,0,0
2514,83,1,09,1,2,0,1,1,1,1,1,0,1,1,2,0,0,0,0,0,0,1,1,1,1,1,0,0,0,0,0,0,1,0,0,0,0,0,0,0,0,0,0,0,1,-1,1,0,0,1,-1,0,0,0,0,0,1,0,0,0,0,0,0,0,0,1,1,0,1,0,0,0,0,0,0,1,0,0,0,0,0,1,0,1,0,0,0,0,0,0,0,0,0,0,0,0,0,0,0,0,0,0,0,-1,0,1,1,0,-1,0,1,0,0,0,0,0,1,0,0,0,0,0,0,0,2,2,1,0,0,1,1,0,0,0,2,0,1,0,0,0,2,0,0,0,1,0,0,0,0,0,1,0,0,0,0,0,0,0,0,0,0,0,0,0,1,1,1,0,0,1,0,1,0,0,0,1,0,0,0,0,0,0,0,1,0,0,0,2,0,0,0,0,0,0,0,1,0,0,0,1,0,0,0,1,0,0,0,0,0,0,0,0,0,0,0,-1,0,0,0,-1,0,0,0,0,0,0,0,0,0,0,0
2514,83,1,11,0,0,0,0,0,0,0,0,0,0,0,0,0,0,0,0,0,0,0,0,0,0,0,0,0,0,0,0,0,0,0,0,0,0,0,0,0,0,0,0,0,0,0,0,0,0,0,0,0,0,0,0,0,0,0,0,0,0,0,0,0,0,0,0,0,0,0,0,0,0,0,0,0,0,0,0,0,0,0,0,0,0,0,0,0,0,0,0,0,0,0,0,0,0,0,0,0,0,0,0,0,0,0,0,0,0,0,0,0,0,0,0,0,0,0,0,0,0,0,0,0,0,0,0,0,0,0,0,1,0,0,0,0,0,0,0,0,0,0,0,0,0,0,0,0,0,0,0,0,0,0,0,0,0,0,0,0,0,1,0,0,0,0,-1,0,0,0,0,0,0,0,0,0,0,0,0,0,0,-1,0,0,0,0,0,0,0,0,0,0,0,0,0,0,0,0,0,0,0,0,0,0,0,0,0,0,0,0,0,0,0,0,0,0,0,0,0,0,0,0,0,0,0,0,0,0,0,0,0
2514,83,2,09,1,0,1,0,1,0,0,1,0,0,1,0,1,0,1,0,0,0,0,0,0,0,1,0,0,0,0,0,0,0,0,0,0,0,0,0,0,0,0,0,1,0,0,0,1,1,0,0,0,1,0,0,0,0,0,0,0,0,0,0,0,0,0,1,0,0,0,0,0,0,0,0,0,1,0,0,0,0,0,0,0,0,0,0,0,0,0,0,0,0,0,0,0,0,0,0,0,0,0,0,0,0,0,1,0,0,0,0,1,0,0,0,0,0,0,0,0,0,0,0,1,0,0,0,2,0,1,2,0,0,1,0,0,0,2,0,0,0,0,0,0,1,1,0,0,0,0,1,0,0,0,0,0,0,0,0,0,0,0,0,1,-1,-2,0,2,1,-1,-1,0,2,0,0,-1,0,0,0,0,0,0,0,2,0,0,0,0,0,1,1,1,0,0,0,1,0,0,0,0,0,1,1,0,0,0,0,0,0,0,0,0,0,0,0,2,0,-1,-1,1,0,-1,-1,1,0,0,0,0,0,0,0
2514,83,2,11,0,0,0,0,0,0,0,0,0,1,0,0,0,0,0,0,0,0,0,0,0,0,0,0,0,0,0,0,0,1,0,0,0,0,0,0,0,0,0,0,0,0,0,0,-1,0,0,0,0,0,0,0,0,0,-1,0,0,0,0,0,0,0,0,0,0,0,0,0,0,0,0,0,0,0,0,0,0,0,0,0,0,0,0,0,0,0,0,0,0,0,0,0,0,0,0,0,0,0,0,0,0,0,0,0,0,0,0,0,0,0,0,0,0,0,0,0,0,0,0,0,0,3,0,0,0,0,2,0,0,0,0,2,0,0,0,0,1,0,0,0,0,0,0,0,0,0,0,0,0,0,0,0,0,0,0,0,2,0,0,0,0,1,0,0,0,0,2,0,0,0,0,1,0,0,0,0,-2,0,0,0,0,0,0,0,0,0,0,0,0,0,0,0,0,0,0,0,0,0,0,0,0,0,0,0,0,0,0,0,0,0,0,0,0,0,0,0,0,0,0,0,0,0,0,0,0,0,0,0
2514,84,1,09,0,0,1,1,0,0,0,2,1,0,0,0,1,0,0,0,0,0,1,0,0,0,2,1,0,0,0,0,0,0,0,0,0,0,0,0,0,0,0,0,0,0,-1,0,0,0,0,-1,-1,0,0,0,0,1,0,0,0,0,0,0,1,3,1,0,0,0,0,0,0,1,1,3,0,0,0,0,0,1,0,0,0,0,0,0,0,0,0,0,0,1,0,0,0,0,0,0,0,0,0,0,1,3,1,0,-1,1,3,0,0,0,0,0,1,0,-1,0,0,0,0,0,1,0,0,1,0,0,1,0,1,0,1,0,0,1,0,0,0,0,0,0,0,1,0,0,0,0,0,0,1,0,0,0,0,0,0,0,0,0,0,0,1,-1,0,0,0,1,-1,0,1,0,0,0,0,-1,0,0,0,0,0,0,0,0,0,0,0,0,1,0,0,0,0,0,0,0,0,0,0,0,1,0,0,0,0,0,0,0,0,0,0,0,0,0,0,0,-1,0,0,0,-1,0,0,0,0,0,0,0,0,0
2514,84,1,11,0,1,0,0,0,0,0,0,0,0,0,1,0,0,0,0,0,0,0,0,0,0,0,0,0,0,0,0,0,0,0,0,0,0,0,0,0,0,0,0,0,1,0,0,0,0,1,0,0,0,0,0,0,0,0,0,0,0,0,0,0,0,0,0,0,0,3,0,0,0,0,0,0,0,0,0,0,0,0,0,0,1,0,0,0,0,0,0,0,0,0,0,0,0,0,0,2,0,0,0,0,-3,0,0,0,0,-1,0,0,0,0,0,0,0,0,0,-2,0,0,0,0,1,0,0,0,0,1,0,1,0,0,1,0,0,0,0,0,0,0,0,0,0,0,0,0,0,0,0,1,0,0,0,0,0,0,0,1,0,0,0,0,0,0,-1,0,0,1,0,0,0,0,0,0,-1,0,0,-1,0,0,0,0,0,0,0,0,0,0,0,0,0,0,0,0,0,0,0,0,0,0,0,0,0,0,0,0,0,0,0,0,0,0,0,0,0,0,0,0,0,0,0,0,0,0,0,0,0,0,0
2514,84,2,09,0,1,1,0,1,1,0,1,1,0,0,1,1,0,1,0,0,0,0,0,0,0,1,1,0,1,0,0,0,0,0,0,0,0,0,0,0,0,0,0,-1,1,0,-1,1,0,1,0,-1,1,-1,0,0,0,0,0,0,0,0,0,1,1,1,0,1,1,1,2,0,0,1,1,1,0,0,0,0,0,0,1,1,0,2,0,0,0,1,0,0,0,0,0,0,0,0,0,0,0,0,0,0,0,-1,0,1,0,1,-1,0,0,0,-1,0,0,1,0,0,0,0,0,0,1,0,1,0,0,0,0,0,0,0,1,0,1,0,0,0,0,0,0,0,0,0,0,0,0,0,0,0,0,0,0,0,0,0,0,0,0,0,0,0,1,0,1,0,0,1,0,1,0,0,0,0,0,0,0,0,0,0,0,1,0,0,0,1,0,0,2,1,0,0,0,0,0,0,0,0,0,0,1,1,0,0,1,0,0,0,0,0,0,0,0,0,0,0,-2,1,0,0,-1,-1,0,0,-1,0,0,0,0
2514,84,2,11,0,0,0,0,0,1,0,0,0,0,0,0,0,0,0,0,0,0,0,0,0,0,0,0,0,0,0,0,0,0,0,0,0,0,0,1,0,0,0,0,-1,0,0,0,0,0,0,0,0,0,0,0,0,0,0,-1,0,0,0,0,0,0,0,0,0,1,0,0,0,0,0,0,0,0,0,0,0,0,0,0,1,0,0,0,0,0,0,0,0,0,0,0,0,0,0,0,0,0,0,0,-1,0,0,0,0,-1,0,0,0,0,0,0,0,0,0,0,0,0,0,0,0,0,0,0,0,0,0,0,0,0,0,0,0,0,0,0,0,0,0,0,0,0,0,0,0,0,0,0,0,0,0,0,0,0,0,0,0,0,0,0,0,0,0,0,0,0,0,0,0,0,0,0,0,0,0,0,0,0,0,0,0,0,0,0,0,0,0,0,0,0,0,0,0,0,0,0,0,0,0,0,0,0,0,0,0,0,0,0,0,0,0,0,0,0,0,0,0,0,0,0,0,0,0,0,0,0,0,0
2514,85,1,09,0,0,0,1,0,0,0,0,0,0,0,0,0,1,0,0,0,0,0,0,0,0,0,0,0,0,0,0,0,0,0,0,0,0,0,0,0,0,0,0,0,0,0,1,0,0,0,0,1,0,0,0,0,0,0,0,0,0,0,0,0,0,1,0,0,0,0,0,0,0,0,0,0,0,0,0,0,1,0,0,0,0,0,0,0,0,0,0,0,0,0,0,0,0,0,0,0,0,0,0,0,0,1,0,0,0,0,0,0,0,0,0,1,0,0,0,0,0,0,0,0,0,1,1,0,1,0,0,1,0,0,0,1,1,0,0,0,0,0,0,1,0,0,0,0,0,0,0,1,0,0,0,0,0,0,0,0,0,0,0,-1,0,1,0,0,-1,0,1,1,0,0,0,0,-1,0,0,0,0,0,0,0,0,0,1,0,0,1,0,0,0,0,0,0,0,0,1,0,0,1,0,0,0,0,0,0,0,0,0,0,0,0,0,0,0,-1,1,0,0,-1,0,0,0,0,1,0,0,0,0
2514,85,1,11,0,0,0,0,0,0,0,1,0,0,0,0,0,0,0,0,0,0,0,0,0,0,1,0,0,0,0,0,0,0,0,0,0,0,0,0,0,0,0,0,0,0,-1,0,0,0,0,-1,0,0,0,0,0,0,0,0,0,0,0,0,0,0,0,0,0,0,0,0,1,0,0,0,0,0,0,0,0,0,0,0,0,0,0,0,0,0,0,0,1,0,0,0,0,0,0,0,0,0,0,0,0,0,0,-1,0,0,0,0,0,0,0,0,0,-1,0,0,0,0,0,0,0,0,0,0,0,0,0,0,0,0,0,0,0,0,0,0,0,0,0,0,0,0,0,0,0,0,0,0,0,0,0,0,0,0,0,0,0,0,0,0,0,0,0,0,0,0,0,0,0,0,0,0,0,0,0,0,0,0,0,0,0,0,0,0,0,0,0,0,0,0,0,0,0,0,0,0,0,0,0,0,0,0,0,0,0,0,0,0,0,0,0,0,0,0,0,0,0,0,0,0,0,0,0,0,0,0,0,0
2514,85,2,09,0,1,0,0,1,0,1,0,0,0,0,0,0,0,1,0,1,0,0,0,0,0,0,0,0,0,1,0,0,0,0,0,0,0,0,0,0,0,0,0,0,0,0,0,1,0,0,0,0,1,0,0,0,0,0,0,0,0,0,0,0,0,3,0,0,0,0,0,0,0,0,0,1,0,0,0,0,2,0,0,0,0,0,0,0,0,0,0,0,0,0,0,0,0,0,0,0,0,0,0,0,0,3,0,0,0,0,1,0,0,0,0,2,0,0,0,0,0,0,0,1,0,1,1,0,1,3,0,2,1,0,0,1,1,0,1,0,0,0,0,0,3,0,2,1,1,0,0,0,0,0,0,0,0,0,0,0,0,0,0,0,-3,1,-1,-1,0,-3,1,-1,-1,0,0,0,0,0,0,0,0,0,0,0,0,0,0,0,1,0,1,0,0,0,0,0,0,0,0,0,0,0,1,0,1,0,0,0,0,0,0,0,0,0,0,0,-1,0,-1,0,0,0,-1,0,-1,0,0,0,0,0,0
2514,85,2,11,0,0,0,0,0,0,0,0,0,0,0,0,0,0,0,0,0,0,0,0,0,0,0,0,0,0,0,0,0,0,0,0,0,0,0,0,0,0,0,0,0,0,0,0,0,0,0,0,0,0,0,0,0,0,0,0,0,0,0,0,0,0,0,0,0,0,0,0,0,0,0,0,0,0,0,0,0,0,0,0,0,0,0,0,0,0,0,0,0,0,0,0,0,0,0,0,0,0,0,0,0,0,0,0,0,0,0,0,0,0,0,0,0,0,0,0,0,0,0,0,0,0,0,0,0,0,0,0,0,0,0,0,0,0,0,0,0,0,0,0,0,0,0,0,0,0,0,0,0,0,0,0,0,0,0,0,0,0,0,0,0,0,0,0,0,0,0,0,0,0,0,0,0,0,0,0,0,0,0,0,0,0,0,0,0,0,1,0,0,0,0,0,0,0,0,0,0,0,0,0,0,0,1,0,0,0,0,0,0,0,0,0,0,0,-1,0,0,0,0,0,0,0,-1,0,0,0,0,0
2514,86,1,09,0,0,0,0,0,0,0,0,0,0,0,0,0,0,0,0,0,0,0,0,0,0,0,0,0,0,0,0,0,0,0,0,0,0,0,0,0,0,0,0,0,0,0,0,0,0,0,0,0,0,0,0,0,0,0,0,0,0,0,0,1,0,0,0,0,0,0,0,0,0,1,0,0,0,0,0,0,0,0,0,0,0,0,0,0,0,0,0,0,0,0,0,0,0,0,0,0,0,0,0,1,0,0,0,0,1,0,0,0,0,0,0,0,0,0,0,0,0,0,0,0,1,0,0,0,0,1,0,1,0,0,0,0,0,0,0,1,0,0,0,0,1,0,1,0,0,0,0,0,0,0,0,0,0,0,0,0,0,0,0,0,0,0,-1,0,0,-1,0,-1,0,0,1,0,0,0,0,0,0,0,0,0,0,0,0,0,0,0,0,0,0,0,0,0,0,0,0,0,0,0,0,0,0,0,0,0,0,0,0,0,0,0,0,0,0,0,0,0,0,0,0,0,0,0,0,0,0,0,0
2514,86,1,11,0,0,0,0,0,0,0,0,0,0,0,0,0,0,0,0,0,0,0,0,0,0,0,0,0,0,0,0,0,0,0,0,0,0,0,0,0,0,0,0,0,0,0,0,0,0,0,0,0,0,0,0,0,0,0,0,0,0,0,0,0,0,0,0,0,0,0,0,0,0,0,0,0,0,0,0,0,0,0,0,0,0,0,0,0,0,0,0,0,0,0,0,0,0,0,0,0,0,0,0,0,0,0,0,0,0,0,0,0,0,0,0,0,0,0,0,0,0,0,0,0,0,0,0,0,0,0,0,0,0,0,0,0,0,0,0,0,0,0,0,0,0,0,0,0,0,0,0,0,0,0,0,0,0,0,0,0,0,0,0,0,0,0,0,0,0,0,0,0,0,0,0,0,0,0,0,0,0,0,0,0,0,0,0,0,0,0,0,0,0,0,0,0,0,0,0,0,0,0,0,0,0,0,0,0,0,0,0,0,0,0,0,0,0,0,0,0,0,0,0,0,0,0,0,0,0,0,0
2514,86,2,09,0,0,0,0,0,1,0,0,0,0,0,0,0,0,0,0,0,0,0,0,1,0,0,0,0,0,0,0,0,0,0,0,0,0,0,0,0,0,0,0,-1,0,0,0,0,-1,0,0,0,0,0,0,0,0,0,0,0,0,0,0,1,0,0,0,1,0,0,0,1,1,1,0,0,0,0,0,0,0,0,1,0,0,0,1,0,0,0,0,0,1,0,0,0,0,0,0,0,0,0,0,1,0,0,-1,0,1,0,0,-1,0,0,0,0,0,0,0,0,0,0,0,1,0,0,0,1,0,1,0,0,0,1,0,0,0,1,0,0,0,0,0,0,1,0,0,0,0,0,0,0,0,0,0,0,0,0,0,0,0,0,0,1,-1,0,0,1,1,-1,0,0,1,0,0,0,0,0,0,0,0,0,0,0,0,1,0,2,0,2,0,0,0,0,0,0,0,1,0,2,0,1,0,0,0,1,0,0,0,0,0,0,0,0,0,-2,0,-1,0,-2,0,-1,0,0,0,0,0,0,0,0,0
2514,86,2,11,0,0,0,0,0,0,0,0,0,0,0,0,0,0,0,0,0,0,0,0,0,0,0,0,0,0,0,0,0,0,0,0,0,0,0,0,0,0,0,0,0,0,0,0,0,0,0,0,0,0,0,0,0,0,0,0,0,0,0,0,0,0,1,2,0,0,0,1,0,0,0,0,0,1,0,0,0,1,0,0,0,0,0,0,0,0,0,1,0,0,0,0,0,1,0,0,0,0,0,0,0,0,0,2,0,0,0,0,1,0,0,0,0,0,0,0,0,0,1,0,0,0,0,0,0,0,0,0,0,0,0,0,0,0,0,0,0,0,0,0,0,0,0,0,0,0,0,0,0,0,0,0,0,0,0,0,0,0,0,0,0,0,0,0,0,0,0,0,0,0,0,0,0,0,0,0,0,0,0,0,0,0,0,1,0,1,0,0,0,0,0,0,0,0,0,1,0,1,0,0,0,0,0,0,0,0,0,0,0,0,0,0,0,-1,0,1,0,-1,0,0,0,0,0,1,0,0,0,0
2514,87,1,09,0,0,0,0,1,0,1,0,0,0,0,0,0,0,1,0,0,0,0,0,0,0,0,0,0,0,1,0,0,0,0,0,0,0,0,0,0,0,0,0,0,-1,0,0,1,0,0,0,0,1,0,-1,0,0,0,0,0,0,0,0,0,0,0,0,0,0,0,0,0,0,0,0,0,0,0,0,0,0,0,0,0,0,0,0,0,0,0,0,0,0,0,0,0,0,0,0,0,0,0,0,0,0,0,0,0,0,0,0,0,0,0,0,0,0,0,0,0,0,0,0,0,1,0,0,0,1,0,0,0,0,0,1,0,0,0,0,0,0,0,0,1,0,0,0,0,0,0,0,0,0,0,0,0,0,0,0,0,0,0,0,-1,1,0,0,0,-1,1,0,0,0,0,0,0,0,0,0,0,0,0,0,0,1,0,0,1,0,1,0,0,1,0,0,0,0,0,0,0,0,1,0,1,0,0,0,0,0,0,0,0,0,0,0,-1,1,-1,0,0,1,-1,0,-1,0,0,0,0,0,0,0
2514,87,1,11,0,0,0,0,0,0,0,0,1,0,0,0,0,0,0,0,0,0,0,0,0,0,0,0,0,0,0,0,0,0,0,0,0,0,0,0,0,0,1,0,0,0,0,-1,0,0,0,0,0,0,0,0,0,0,0,0,0,0,-1,0,0,0,0,0,0,0,0,0,0,0,0,0,0,0,0,0,0,0,0,0,0,0,0,0,0,0,0,0,0,0,0,0,0,0,0,0,0,0,0,0,0,0,0,0,0,0,0,0,0,0,0,0,0,0,0,0,0,0,0,0,0,0,0,0,0,0,0,0,0,0,0,0,0,0,0,0,0,0,0,0,0,0,0,0,0,0,0,0,0,0,0,0,0,0,0,0,0,0,0,0,0,0,0,0,0,0,0,0,0,0,0,0,0,0,0,0,0,0,0,0,0,0,0,1,0,0,0,0,0,0,0,0,0,0,0,0,0,0,0,0,0,0,0,0,0,0,0,1,0,0,0,0,0,0,0,1,0,0,0,0,0,0,0,0,0,0,0,1
2514,87,2,09,0,1,0,0,1,0,1,1,0,0,0,0,0,0,0,0,1,0,0,1,0,1,1,0,0,0,0,0,0,0,0,0,0,0,0,0,0,0,0,0,0,0,-1,0,1,0,-1,-1,0,0,0,1,0,0,1,0,0,0,0,0,1,0,0,0,0,0,0,0,0,0,1,0,0,0,0,0,0,0,0,0,0,0,0,0,0,0,0,0,0,0,0,0,0,0,0,0,0,0,0,0,1,0,0,0,0,1,0,0,0,0,0,0,0,0,0,0,0,0,0,0,0,0,0,0,0,0,0,1,0,0,0,0,0,0,0,0,0,0,0,0,0,0,0,0,0,0,0,1,0,0,0,0,0,0,0,0,0,0,0,0,0,0,-1,0,0,0,0,0,0,0,0,0,-1,0,0,0,0,0,0,0,0,0,0,0,0,0,0,0,0,0,0,0,0,0,0,0,0,0,0,0,0,0,0,0,0,0,0,0,0,0,0,0,0,0,0,0,0,0,0,0,0,0,0,0,0,0,0,0
2514,87,2,11,0,0,1,0,0,0,0,0,0,0,0,0,1,0,0,0,0,0,0,0,0,0,0,0,0,0,0,0,0,0,0,0,0,0,0,0,0,0,0,0,0,0,1,0,0,0,0,1,0,0,0,0,0,0,0,0,0,0,0,0,0,0,0,0,0,0,0,0,1,0,0,0,0,0,0,0,0,0,0,0,0,0,0,1,0,0,0,0,0,0,0,0,0,0,0,0,0,0,0,0,0,0,0,-1,0,0,0,0,-1,0,0,0,0,0,0,0,0,0,0,0,0,0,0,0,0,0,0,0,1,0,0,0,0,0,0,0,0,0,0,0,0,0,0,1,0,0,0,0,0,0,0,0,0,0,0,0,0,0,0,0,0,0,0,-1,0,0,0,0,-1,0,0,0,0,0,0,0,0,0,0,0,0,0,0,0,0,0,1,0,0,0,0,0,0,0,0,0,0,0,0,0,0,0,0,0,0,0,0,0,0,0,1,0,0,0,-1,0,0,0,0,0,0,0,0,0,0,0,-1,0
2514,88,1,09,0,0,0,0,0,0,1,0,0,0,0,0,0,0,0,0,0,0,0,0,0,1,0,0,0,0,0,0,0,0,0,0,0,0,0,0,0,0,0,0,0,-1,0,0,0,0,-1,0,0,0,0,0,0,0,0,0,0,0,0,0,0,0,0,1,0,0,1,0,0,0,0,0,0,1,0,0,0,0,0,0,0,0,0,0,0,0,1,0,0,0,0,0,0,0,0,0,0,0,0,0,0,-1,0,1,0,0,0,0,1,0,0,-1,0,0,0,0,0,0,0,0,0,0,0,0,0,0,0,1,0,0,0,0,0,0,0,0,0,0,0,0,0,0,0,0,0,0,0,1,0,0,0,0,0,0,0,0,0,0,0,0,0,0,-1,0,0,0,0,0,0,0,0,0,-1,0,0,0,0,0,0,0,0,0,0,0,2,0,0,0,0,0,0,0,0,0,0,0,2,0,0,0,0,0,0,0,0,0,0,0,0,0,0,0,-2,0,0,0,-2,0,0,0,0,0,0,0,0,0,0,0
2514,88,1,11,0,0,0,0,0,0,0,0,0,0,0,0,0,0,0,0,0,0,0,0,0,0,0,0,0,0,0,0,0,0,0,0,0,0,0,0,0,0,0,0,0,0,0,0,0,0,0,0,0,0,0,0,0,0,0,0,0,0,0,0,0,0,0,0,0,0,0,0,0,0,0,0,0,0,0,0,0,0,0,0,0,0,0,0,0,0,0,0,0,0,0,0,0,0,0,0,0,0,0,0,0,0,0,0,0,0,0,0,0,0,0,0,0,0,0,0,0,0,0,0,0,1,0,0,0,0,0,0,0,0,0,0,0,0,0,0,1,0,0,0,0,0,0,0,0,0,0,0,0,0,0,0,0,0,0,0,0,0,0,0,0,1,0,0,0,0,0,0,0,0,0,1,0,0,0,0,0,0,0,0,0,0,0,0,0,0,0,0,0,0,0,0,0,0,0,0,0,0,0,0,0,0,0,0,0,0,0,0,0,0,0,0,0,0,0,0,0,0,0,0,0,0,0,0,0,0,0,0
2514,88,2,09,0,0,0,0,0,1,1,0,0,0,0,0,0,0,0,0,0,0,0,0,0,1,0,0,0,1,0,0,0,0,0,0,0,0,0,0,0,0,0,0,-1,-1,0,0,0,0,-1,0,0,0,-1,0,0,0,0,0,0,0,0,0,0,0,0,0,1,0,0,0,0,0,0,0,0,0,1,0,0,0,0,0,0,0,0,0,0,0,0,0,0,0,0,0,0,0,0,0,0,0,0,0,0,0,0,0,1,0,0,0,0,1,0,0,0,0,0,0,0,0,0,0,1,0,1,0,0,0,0,0,0,0,0,0,0,0,0,1,0,1,0,0,0,0,0,0,0,0,0,0,0,0,0,0,0,0,0,0,0,0,0,0,1,0,1,0,0,0,0,0,0,0,1,0,1,0,0,0,0,0,0,0,0,0,0,0,2,0,0,0,0,0,0,0,0,0,0,0,2,0,0,0,0,0,0,0,0,0,0,0,0,0,0,0,-2,0,0,0,-2,0,0,0,0,0,0,0,0,0,0,0
2514,88,2,11,0,0,0,0,0,0,0,1,0,0,0,0,0,0,0,0,0,0,0,0,0,0,0,0,0,0,0,1,0,0,0,0,0,0,0,0,0,0,0,0,0,0,-1,0,0,0,0,0,0,0,0,0,-1,0,0,0,0,0,0,0,0,0,0,0,0,0,0,0,0,1,0,0,0,0,0,0,0,0,0,0,0,0,0,0,0,0,0,0,0,1,0,0,0,0,0,0,0,0,0,0,0,0,0,0,-1,0,0,0,0,0,0,0,0,0,-1,0,0,0,0,0,0,0,0,0,0,1,0,0,0,0,0,0,0,0,0,0,0,0,0,0,1,0,0,0,0,0,0,0,0,0,0,0,0,0,0,0,0,0,0,0,-1,0,0,0,0,-1,0,0,0,0,0,0,0,0,0,0,0,0,0,0,0,0,0,0,0,0,0,0,0,0,0,0,0,0,0,0,0,0,0,0,0,0,0,0,0,0,0,0,0,0,0,0,0,0,0,0,0,0,0,0,0,0,0,0,0,0,0,0
2514,89,1,09,0,0,0,0,0,0,0,0,0,1,0,0,0,0,0,0,0,0,0,0,0,0,0,0,1,0,0,0,0,0,0,0,0,0,0,0,0,0,0,0,0,0,0,0,-1,0,0,0,0,-1,0,0,0,0,0,0,0,0,0,0,0,0,1,0,0,0,0,0,0,0,0,0,0,0,0,0,0,1,0,0,0,0,0,0,0,0,0,0,0,0,0,0,0,0,0,0,0,0,0,0,0,0,1,0,0,0,0,0,0,0,0,0,1,0,0,0,0,0,0,0,0,0,0,0,0,1,0,0,0,1,0,0,0,0,0,0,0,0,0,0,1,0,0,0,1,0,0,0,0,0,0,0,0,0,0,0,0,0,0,0,-1,0,0,0,-1,-1,0,0,0,-1,0,0,0,0,0,0,0,0,0,0,0,0,0,0,0,0,0,0,0,0,0,0,0,0,0,0,0,0,0,0,0,0,0,0,0,0,0,0,0,0,0,0,0,0,0,0,0,0,0,0,0,0,0,0,0,0,0,0
2514,89,1,11,0,0,0,0,0,0,0,0,0,0,0,0,0,0,0,0,0,0,0,0,0,0,0,0,0,0,0,0,0,0,0,0,0,0,0,0,0,0,0,0,0,0,0,0,0,0,0,0,0,0,0,0,0,0,0,0,0,0,0,0,0,0,0,0,0,0,0,0,0,0,0,0,0,0,0,0,0,0,0,0,0,0,0,0,0,0,0,0,0,0,0,0,0,0,0,0,0,0,0,0,0,0,0,0,0,0,0,0,0,0,0,0,0,0,0,0,0,0,0,0,0,0,0,0,0,0,0,1,0,0,0,0,0,0,0,0,0,0,0,0,0,0,0,0,0,0,0,1,0,0,0,0,0,0,0,0,0,0,0,0,0,0,-1,0,0,0,0,0,0,0,0,0,-1,0,0,0,0,0,0,0,0,0,0,0,0,0,0,0,0,0,0,0,0,0,0,0,0,0,0,0,0,0,0,0,0,0,0,0,0,0,0,0,0,0,0,0,0,0,0,0,0,0,0,0,0,0,0,0
2514,89,2,09,0,0,0,0,0,0,0,0,0,0,0,0,0,0,0,0,0,0,0,0,0,0,0,0,0,0,0,0,0,0,0,0,0,0,0,0,0,0,0,0,0,0,0,0,0,0,0,0,0,0,0,0,0,0,0,0,0,0,0,0,0,0,0,0,0,2,0,0,0,0,0,0,0,0,0,0,0,0,0,0,2,0,0,0,0,0,0,0,0,0,0,0,0,0,0,0,0,0,0,0,-2,0,0,0,0,-2,0,0,0,0,0,0,0,0,0,0,0,0,0,0,0,0,0,0,0,0,0,0,0,0,0,0,0,0,0,0,0,0,0,0,0,0,0,0,0,0,0,0,0,0,0,0,0,0,0,0,0,0,0,0,0,0,0,0,0,0,0,0,0,0,0,0,0,0,0,0,0,0,0,0,0,0,0,0,0,0,0,0,0,0,0,0,0,0,0,0,0,0,0,0,0,0,0,0,0,0,0,0,0,0,0,0,0,0,0,0,0,0,0,0,0,0,0,0,0,0,0,0
2514,89,2,11,0,0,0,0,0,0,0,0,0,0,0,0,0,0,0,0,0,0,0,0,0,0,0,0,0,0,0,0,0,0,0,0,0,0,0,0,0,0,0,0,0,0,0,0,0,0,0,0,0,0,0,0,0,0,0,0,0,0,0,0,0,0,0,0,0,0,0,0,0,0,0,0,0,0,0,0,0,0,0,0,0,0,0,0,0,0,0,0,0,0,0,0,0,0,0,0,0,0,0,0,0,0,0,0,0,0,0,0,0,0,0,0,0,0,0,0,0,0,0,0,0,0,0,0,0,0,0,0,0,0,0,0,0,0,0,0,0,0,0,0,0,0,0,0,0,0,0,0,0,0,0,0,0,0,0,0,0,0,0,0,0,0,0,0,0,0,0,0,0,0,0,0,0,0,0,0,0,0,0,0,0,0,0,0,0,1,0,0,0,0,0,0,0,0,0,0,0,1,0,0,0,0,0,0,0,0,0,0,0,0,0,0,0,-1,0,0,0,-1,0,0,0,0,0,0,0,0,0,0
2514,90,1,09,0,0,0,0,0,0,0,0,0,0,0,0,0,0,0,0,0,0,0,0,0,0,0,0,0,0,0,0,0,0,0,0,0,0,0,0,0,0,0,0,0,0,0,0,0,0,0,0,0,0,0,0,0,0,0,0,0,0,0,0,0,0,0,0,0,0,0,0,0,0,0,0,0,0,0,0,0,0,0,0,0,0,0,0,0,0,0,0,0,0,0,0,0,0,0,0,0,0,0,0,0,0,0,0,0,0,0,0,0,0,0,0,0,0,0,0,0,0,0,0,0,0,0,0,0,0,0,0,0,0,0,0,0,0,0,0,0,0,0,0,0,0,0,0,0,0,0,0,0,0,0,0,0,0,0,0,0,0,0,0,0,0,0,0,0,0,0,0,0,0,0,0,0,0,0,0,0,0,0,0,1,0,0,0,0,0,0,0,1,0,0,0,0,0,0,0,0,0,0,0,0,0,0,0,0,0,0,0,0,0,0,0,1,0,0,0,1,0,0,0,0,0,0,0,0,0,0,0
2514,90,1,11,0,0,0,0,0,0,0,0,0,0,0,0,0,0,0,0,0,0,0,0,0,0,0,0,0,0,0,0,0,0,0,0,0,0,0,0,0,0,0,0,0,0,0,0,0,0,0,0,0,0,0,0,0,0,0,0,0,0,0,0,0,0,0,0,0,0,0,0,0,0,0,0,0,0,0,0,0,0,0,0,0,0,0,0,0,0,0,0,0,0,0,0,0,0,0,0,0,0,0,0,0,0,0,0,0,0,0,0,0,0,0,0,0,0,0,0,0,0,0,0,0,0,0,0,0,0,0,0,0,0,0,0,0,0,0,0,0,0,0,0,0,0,0,0,0,0,0,0,0,0,0,0,0,0,0,0,0,0,0,0,0,0,0,0,0,0,0,0,0,0,0,0,0,0,0,0,0,0,0,0,0,0,0,0,0,0,0,1,0,0,0,0,0,0,0,0,0,0,0,1,0,0,0,0,0,0,0,0,0,0,0,0,0,0,0,-1,0,0,0,-1,0,0,0,0,0,0,0,0
2514,90,2,09,0,0,0,0,1,0,1,0,0,2,0,0,0,0,1,0,0,0,0,0,0,0,0,0,2,0,1,0,0,0,0,0,0,0,0,0,0,0,0,0,0,-1,0,0,-1,0,0,0,0,-1,0,-1,0,0,0,0,0,0,0,0,0,0,0,0,0,0,0,0,0,0,0,0,0,0,0,0,0,0,0,0,0,0,0,0,0,0,0,0,0,0,0,0,0,0,0,0,0,0,0,0,0,0,0,0,0,0,0,0,0,0,0,0,0,0,0,0,0,0,0,0,0,0,1,0,0,0,0,0,1,0,0,0,1,0,0,0,0,0,0,0,0,0,0,1,0,0,0,0,0,0,0,0,0,0,0,0,0,0,0,0,0,0,1,-1,0,0,0,1,-1,0,0,0,0,0,0,0,0,0,0,0,0,0,0,0,1,0,0,0,0,0,0,0,0,0,0,0,1,0,0,0,0,0,0,0,0,0,0,0,0,0,0,0,-1,0,0,0,-1,0,0,0,0,0,0,0,0,0,0,0
2514,90,2,11,0,0,0,0,0,0,0,0,0,0,0,0,0,0,0,0,0,0,0,0,0,0,0,0,0,0,0,0,0,0,0,0,0,0,0,0,0,0,0,0,0,0,0,0,0,0,0,0,0,0,0,0,0,0,0,0,0,0,0,0,0,0,0,0,0,0,0,0,0,0,0,0,0,0,0,0,0,0,0,0,0,0,0,0,0,0,0,0,0,0,0,0,0,0,0,0,0,0,0,0,0,0,0,0,0,0,0,0,0,0,0,0,0,0,0,0,0,0,0,0,0,0,0,0,0,0,0,0,0,0,0,0,0,0,0,0,0,0,0,0,0,0,0,0,0,0,0,0,0,0,0,0,0,0,0,0,0,0,0,0,0,0,0,0,0,0,0,0,0,0,0,0,0,0,0,0,0,0,0,0,0,0,0,0,0,0,0,0,0,0,0,0,0,0,0,0,0,0,0,0,0,0,0,0,0,0,0,0,0,0,0,0,0,0,0,0,0,0,0,0,0,0,0,0,0,0,0,0
2514,91,1,09,0,0,0,0,0,0,0,0,0,0,0,0,0,0,0,0,0,0,0,0,0,0,0,0,0,0,0,0,0,0,0,0,0,0,0,0,0,0,0,0,0,0,0,0,0,0,0,0,0,0,0,0,0,0,0,0,0,0,0,0,0,0,0,0,0,0,0,0,0,0,0,0,0,0,0,0,0,0,0,0,0,0,0,0,0,0,0,0,0,0,0,0,0,0,0,0,0,0,0,0,0,0,0,0,0,0,0,0,0,0,0,0,0,0,0,0,0,0,0,0,1,0,0,1,0,1,0,0,0,1,1,0,0,0,0,0,0,0,1,0,1,0,0,0,1,0,0,0,0,0,0,0,0,0,0,0,0,0,0,0,0,0,0,1,-1,0,0,0,0,-1,0,0,0,1,0,0,0,0,0,0,0,0,1,0,0,1,0,0,0,0,1,0,0,0,0,0,0,1,0,0,0,0,0,0,0,0,0,0,0,0,0,0,0,-1,1,0,0,-1,1,0,0,0,0,0,0,0,0,0
2514,91,1,11,0,0,0,0,0,0,0,0,0,0,0,0,0,0,0,0,0,0,0,0,0,0,0,0,0,0,0,0,0,0,0,0,0,0,0,0,0,0,0,0,0,0,0,0,0,0,0,0,0,0,0,0,0,0,0,0,0,0,0,0,0,0,0,0,0,0,0,0,0,0,0,0,0,0,0,0,0,0,0,0,0,0,0,0,0,0,0,0,0,0,0,0,0,0,0,0,0,0,0,0,0,0,0,0,0,0,0,0,0,0,0,0,0,0,0,0,0,0,0,0,0,0,0,0,0,0,0,0,0,0,0,0,0,0,0,0,0,0,0,0,0,0,0,0,0,0,0,0,0,0,0,0,0,0,0,0,0,0,0,0,0,0,0,0,0,0,0,0,0,0,0,0,0,0,0,0,0,0,0,0,0,0,0,0,0,0,0,0,0,0,0,0,0,0,0,0,0,0,0,0,0,0,0,0,0,0,0,0,0,0,0,0,0,0,0,0,0,0,0,0,0,0,0,0,0,0,0,0
2514,91,2,09,0,0,0,0,0,0,0,0,0,0,0,0,0,0,0,0,0,0,0,0,0,0,0,0,0,0,0,0,0,0,0,0,0,0,0,0,0,0,0,0,0,0,0,0,0,0,0,0,0,0,0,0,0,0,0,0,0,0,0,0,0,0,0,0,0,0,0,2,0,0,0,0,0,0,0,0,0,0,0,0,0,0,1,0,0,0,0,1,0,0,0,0,0,0,0,0,0,0,0,0,0,0,-2,0,0,0,0,-1,0,0,0,0,-1,0,0,0,0,0,0,0,0,0,0,0,0,0,1,0,0,0,0,0,0,0,0,0,0,0,0,0,0,1,0,0,0,0,0,0,0,0,0,0,0,0,0,0,0,0,0,0,0,-1,0,0,0,0,-1,0,0,0,0,0,0,0,0,0,0,0,0,0,0,0,0,0,0,1,0,0,0,0,0,0,0,0,0,0,0,0,0,0,0,1,0,0,0,0,0,0,0,0,0,0,0,-1,0,0,0,0,0,0,0,-1,0,0,0,0,0,0
2514,91,2,11,0,0,0,0,0,0,0,0,0,0,0,0,0,0,0,0,0,0,0,0,0,0,0,0,0,0,0,0,0,0,0,0,0,0,0,0,0,0,0,0,0,0,0,0,0,0,0,0,0,0,0,0,0,0,0,0,0,0,0,0,0,0,0,0,0,0,0,0,0,0,0,0,0,0,0,0,0,0,0,0,0,0,0,0,0,0,0,0,0,0,0,0,0,0,0,0,0,0,0,0,0,0,0,0,0,0,0,0,0,0,0,0,0,0,0,0,0,0,0,0,0,0,0,0,0,0,0,0,0,0,0,0,0,0,0,0,0,0,0,0,0,0,0,0,0,0,0,0,0,0,0,0,0,0,0,0,0,0,0,0,0,0,0,0,0,0,0,0,0,0,0,0,0,0,0,0,0,0,0,0,0,0,0,0,0,0,0,0,0,0,0,0,0,0,0,0,0,0,0,0,0,0,0,0,0,0,0,0,0,0,0,0,0,0,0,0,0,0,0,0,0,0,0,0,0,0,0,0
2514,92,1,09,0,0,0,0,0,0,0,0,0,0,0,0,0,0,0,0,0,0,0,0,0,0,0,0,0,0,0,0,0,0,0,0,0,0,0,0,0,0,0,0,0,0,0,0,0,0,0,0,0,0,0,0,0,0,0,0,0,0,0,0,0,0,1,0,0,1,0,1,0,0,0,0,1,0,0,0,0,0,0,0,1,0,0,0,0,0,0,1,0,0,0,0,0,0,0,0,0,0,0,0,-1,0,0,0,0,-1,0,1,0,0,0,0,-1,0,0,0,0,0,0,0,0,0,0,0,0,0,0,0,0,0,0,0,0,0,0,0,0,0,0,0,0,0,0,0,0,0,0,0,0,0,0,0,0,0,0,0,0,0,0,0,0,0,0,0,0,0,0,0,0,0,0,0,0,0,0,0,0,0,0,0,0,0,0,0,0,0,0,0,0,0,0,0,0,0,0,0,0,0,0,0,0,0,0,0,0,0,0,0,0,0,0,0,0,0,0,0,0,0,0,0,0,0,0,0,0,0,0,0
2514,92,1,11,0,0,0,0,0,0,0,0,0,0,0,0,0,0,0,0,0,0,0,0,0,0,0,0,0,0,0,0,0,0,0,0,0,0,0,0,0,0,0,0,0,0,0,0,0,0,0,0,0,0,0,0,0,0,0,0,0,0,0,0,0,0,0,0,0,0,0,0,0,0,0,0,0,0,0,0,0,0,0,0,0,0,0,0,0,0,0,0,0,0,0,0,0,0,0,0,0,0,0,0,0,0,0,0,0,0,0,0,0,0,0,0,0,0,0,0,0,0,0,0,0,0,0,0,0,0,0,0,0,0,0,0,0,0,0,0,0,0,0,0,0,0,0,0,0,0,0,0,0,0,0,0,0,0,0,0,0,0,0,0,0,0,0,0,0,0,0,0,0,0,0,0,0,0,0,0,0,0,0,0,0,0,0,0,0,0,0,0,0,0,0,0,0,0,0,0,0,0,0,0,0,0,0,0,0,0,0,0,0,0,0,0,0,0,0,0,0,0,0,0,0,0,0,0,0,0,0,0
2514,92,2,09,0,1,0,0,0,0,1,0,0,0,0,1,0,0,0,0,0,0,0,0,0,0,0,0,0,0,0,0,0,0,0,0,0,0,0,0,1,0,0,0,0,0,0,0,0,0,1,0,0,0,0,0,0,0,0,0,-1,0,0,0,0,1,0,0,0,0,1,0,0,0,0,0,0,0,0,0,1,0,0,0,0,1,0,0,0,0,0,0,0,0,0,0,0,0,0,0,0,0,0,0,0,0,0,0,0,0,-1,0,0,0,0,1,0,0,0,0,0,0,0,0,0,0,0,0,0,0,0,0,0,1,0,0,0,0,0,0,0,0,0,0,0,0,0,0,1,0,0,0,0,0,0,0,0,0,0,0,0,0,0,0,0,0,0,0,-1,0,0,0,0,-1,0,0,0,0,0,0,0,0,0,0,0,0,0,0,0,1,0,1,0,0,0,0,0,0,0,0,0,1,0,0,0,0,0,1,0,0,0,0,0,0,0,0,0,-1,0,-1,0,-1,0,0,0,0,0,-1,0,0,0,0
2514,92,2,11,0,0,0,0,0,0,0,0,0,0,0,0,0,0,0,0,0,0,0,0,0,0,0,0,0,0,0,0,0,0,0,0,0,0,0,0,0,0,0,0,0,0,0,0,0,0,0,0,0,0,0,0,0,0,0,0,0,0,0,0,0,0,0,0,0,0,0,0,0,0,0,0,0,0,0,0,0,0,0,0,0,0,0,0,0,0,0,0,0,0,0,0,0,0,0,0,0,0,0,0,0,0,0,0,0,0,0,0,0,0,0,0,0,0,0,0,0,0,0,0,0,0,0,0,0,0,0,0,0,0,0,0,0,0,0,0,0,0,0,0,0,0,0,0,0,0,0,0,0,0,0,0,0,0,0,0,0,0,0,0,0,0,0,0,0,0,0,0,0,0,0,0,0,0,0,0,0,0,0,0,0,0,0,0,0,0,0,0,0,0,0,0,0,0,0,0,0,0,0,0,0,0,0,0,0,0,0,0,0,0,0,0,0,0,0,0,0,0,0,0,0,0,0,0,0,0,0,0
2514,93,1,09,0,0,0,0,0,0,0,0,0,0,0,0,0,0,0,0,0,0,0,0,0,0,0,0,0,0,0,0,0,0,0,0,0,0,0,0,0,0,0,0,0,0,0,0,0,0,0,0,0,0,0,0,0,0,0,0,0,0,0,0,0,0,0,0,0,0,0,0,0,0,0,0,0,0,0,0,0,0,0,0,0,0,0,0,0,0,0,0,0,0,0,0,0,0,0,0,0,0,0,0,0,0,0,0,0,0,0,0,0,0,0,0,0,0,0,0,0,0,0,0,0,0,0,0,0,0,0,0,0,0,0,0,0,0,0,0,0,0,0,0,0,0,0,0,0,0,0,0,0,0,0,0,0,0,0,0,0,0,0,0,0,0,0,0,0,0,0,0,0,0,0,0,0,0,0,0,0,0,0,0,0,0,0,0,0,0,0,0,0,0,0,0,0,0,0,0,0,0,0,0,0,0,0,0,0,0,0,0,0,0,0,0,0,0,0,0,0,0,0,0,0,0,0,0,0,0,0,0
2514,93,1,11,0,0,0,0,0,0,0,0,0,0,0,0,0,0,0,0,0,0,0,0,0,0,0,0,0,0,0,0,0,0,0,0,0,0,0,0,0,0,0,0,0,0,0,0,0,0,0,0,0,0,0,0,0,0,0,0,0,0,0,0,0,0,0,0,0,0,0,0,0,0,0,0,0,0,0,0,0,0,0,0,0,0,0,0,0,0,0,0,0,0,0,0,0,0,0,0,0,0,0,0,0,0,0,0,0,0,0,0,0,0,0,0,0,0,0,0,0,0,0,0,0,0,0,0,0,0,0,0,0,0,0,0,0,0,0,0,0,0,0,0,0,0,0,0,0,0,0,0,0,0,0,0,0,0,0,0,0,0,0,0,0,0,0,0,0,0,0,0,0,0,0,0,0,0,0,0,0,0,0,0,0,0,0,0,0,0,0,0,0,0,0,0,0,0,0,0,0,0,0,0,0,0,0,0,0,0,0,0,0,0,0,0,0,0,0,0,0,0,0,0,0,0,0,0,0,0,0,0
2514,93,2,09,0,0,0,0,0,1,0,0,0,1,0,0,0,0,0,0,0,0,0,0,0,0,0,0,0,1,0,0,0,1,0,0,0,0,0,0,0,0,0,0,-1,0,0,0,-1,0,0,0,0,0,-1,0,0,0,-1,0,0,0,0,0,0,0,0,0,0,0,1,0,1,0,0,0,0,0,0,0,0,0,0,0,0,1,0,0,0,0,0,0,1,0,0,0,0,0,0,0,0,0,0,0,0,-1,0,-1,0,0,-1,0,0,0,0,0,0,-1,0,0,0,0,0,0,0,0,0,0,0,1,0,0,0,0,0,0,0,0,0,0,0,0,0,0,1,0,0,0,0,0,0,0,0,0,0,0,0,0,0,0,0,0,0,0,-1,0,0,0,0,-1,0,0,0,0,0,0,0,0,0,0,0,0,0,0,0,0,0,0,0,0,0,0,0,0,0,0,0,0,0,0,0,0,0,0,0,0,0,0,0,0,0,0,0,0,0,0,0,0,0,0,0,0,0,0,0,0,0,0,0,0,0,0
2514,93,2,11,0,0,0,0,0,0,0,0,0,0,0,0,0,0,0,0,0,0,0,0,0,0,0,0,0,0,0,0,0,0,0,0,0,0,0,0,0,0,0,0,0,0,0,0,0,0,0,0,0,0,0,0,0,0,0,0,0,0,0,0,0,0,0,0,0,0,0,0,0,0,0,0,0,0,0,0,0,0,0,0,0,0,0,0,0,0,0,0,0,0,0,0,0,0,0,0,0,0,0,0,0,0,0,0,0,0,0,0,0,0,0,0,0,0,0,0,0,0,0,0,0,0,0,0,0,0,0,0,0,0,0,0,0,0,0,0,0,0,0,0,0,0,0,0,0,0,0,0,0,0,0,0,0,0,0,0,0,0,0,0,0,0,0,0,0,0,0,0,0,0,0,0,0,0,0,0,0,0,0,0,0,0,0,0,0,0,0,0,0,0,0,0,0,0,0,0,0,0,0,0,0,0,0,0,0,0,0,0,0,0,0,0,0,0,0,0,0,0,0,0,0,0,0,0,0,0,0,0
2514,94,1,09,0,0,0,0,0,0,0,0,0,0,0,0,0,0,0,0,0,0,0,0,0,0,0,0,0,0,0,0,0,0,0,0,0,0,0,0,0,0,0,0,0,0,0,0,0,0,0,0,0,0,0,0,0,0,0,0,0,0,0,0,0,0,0,0,0,0,0,0,0,0,0,0,0,0,0,0,0,0,0,0,0,0,0,0,0,0,0,0,0,0,0,0,0,0,0,0,0,0,0,0,0,0,0,0,0,0,0,0,0,0,0,0,0,0,0,0,0,0,0,0,0,0,0,0,0,0,0,0,0,0,0,0,0,0,0,0,0,0,0,0,0,0,0,0,0,0,0,0,0,0,0,0,0,0,0,0,0,0,0,0,0,0,0,0,0,0,0,0,0,0,0,0,0,0,0,0,0,0,0,0,0,0,0,0,0,0,0,0,0,0,0,0,0,0,0,0,0,0,0,0,0,0,0,0,0,0,0,0,0,0,0,0,0,0,0,0,0,0,0,0,0,0,0,0,0,0,0,0
2514,94,1,11,0,0,0,0,0,0,0,0,0,0,0,0,0,0,0,0,0,0,0,0,0,0,0,0,0,0,0,0,0,0,0,0,0,0,0,0,0,0,0,0,0,0,0,0,0,0,0,0,0,0,0,0,0,0,0,0,0,0,0,0,0,0,0,0,0,0,0,0,0,0,0,0,0,0,0,0,0,0,0,0,0,0,0,0,0,0,0,0,0,0,0,0,0,0,0,0,0,0,0,0,0,0,0,0,0,0,0,0,0,0,0,0,0,0,0,0,0,0,0,0,0,0,0,0,0,0,0,0,0,0,0,0,0,0,0,0,0,0,0,0,0,0,0,0,0,0,0,0,0,0,0,0,0,0,0,0,0,0,0,0,0,0,0,0,0,0,0,0,0,0,0,0,0,0,0,0,0,0,0,0,0,0,0,0,0,0,0,0,0,0,0,0,0,0,0,0,0,0,0,0,0,0,0,0,0,0,0,0,0,0,0,0,0,0,0,0,0,0,0,0,0,0,0,0,0,0,0,0
2514,94,2,09,0,0,0,0,0,0,0,0,0,0,0,0,0,0,0,0,0,0,0,0,0,0,0,0,0,0,0,0,0,0,0,0,0,0,0,0,0,0,0,0,0,0,0,0,0,0,0,0,0,0,0,0,0,0,0,0,0,0,0,0,0,0,0,0,0,0,0,0,0,0,0,0,0,0,0,0,0,0,0,0,0,0,0,0,0,0,0,0,0,0,0,0,0,0,0,0,0,0,0,0,0,0,0,0,0,0,0,0,0,0,0,0,0,0,0,0,0,0,0,0,0,0,0,0,0,0,0,0,0,0,0,0,0,0,0,0,0,0,0,0,0,0,0,0,0,0,0,0,0,0,0,0,0,0,0,0,0,0,0,0,0,0,0,0,0,0,0,0,0,0,0,0,0,0,0,0,0,0,0,0,0,0,0,0,0,0,1,0,0,0,0,0,0,0,0,0,0,0,0,0,0,0,1,0,0,0,0,0,0,0,0,0,0,0,-1,0,0,0,0,0,0,0,-1,0,0,0,0,0
2514,94,2,11,0,0,0,0,0,0,0,0,0,0,0,0,0,0,0,0,0,0,0,0,0,0,0,0,0,0,0,0,0,0,0,0,0,0,0,0,0,0,0,0,0,0,0,0,0,0,0,0,0,0,0,0,0,0,0,0,0,0,0,0,0,0,0,0,0,0,0,0,0,1,0,0,0,0,0,0,0,0,0,0,0,0,0,0,1,0,0,0,0,0,0,0,0,0,0,0,0,0,0,0,0,0,0,0,-1,0,0,0,0,-1,0,0,0,0,0,0,0,0,0,0,0,0,0,0,0,0,0,0,0,0,0,0,0,0,0,0,0,0,0,0,0,0,0,0,0,0,0,0,0,0,0,0,0,0,0,0,0,0,0,0,0,0,0,0,0,0,0,0,0,0,0,0,0,0,0,0,0,0,0,0,0,0,0,0,0,0,0,0,0,0,0,0,0,0,0,0,0,0,0,0,0,0,0,0,0,0,0,0,0,0,0,0,0,0,0,0,0,0,0,0,0,0,0,0,0,0,0,0
2514,95,1,09,0,0,0,0,0,0,0,0,0,0,0,0,0,0,0,0,0,0,0,0,0,0,0,0,0,0,0,0,0,0,0,0,0,0,0,0,0,0,0,0,0,0,0,0,0,0,0,0,0,0,0,0,0,0,0,0,0,0,0,0,0,0,0,0,0,0,0,0,0,0,0,0,0,0,0,0,0,0,0,0,0,0,0,0,0,0,0,0,0,0,0,0,0,0,0,0,0,0,0,0,0,0,0,0,0,0,0,0,0,0,0,0,0,0,0,0,0,0,0,0,0,0,0,0,0,0,0,0,0,0,0,0,0,0,0,0,0,0,0,0,0,0,0,0,0,0,0,0,0,0,0,0,0,0,0,0,0,0,0,0,0,0,0,0,0,0,0,0,0,0,0,0,0,0,0,0,0,0,0,0,0,0,0,0,0,0,0,0,0,0,0,0,0,0,0,0,0,0,0,0,0,0,0,0,0,0,0,0,0,0,0,0,0,0,0,0,0,0,0,0,0,0,0,0,0,0,0,0
2514,95,1,11,0,0,0,0,0,0,0,0,0,0,0,0,0,0,0,0,0,0,0,0,0,0,0,0,0,0,0,0,0,0,0,0,0,0,0,0,0,0,0,0,0,0,0,0,0,0,0,0,0,0,0,0,0,0,0,0,0,0,0,0,0,0,0,0,0,0,0,0,0,0,0,0,0,0,0,0,0,0,0,0,0,0,0,0,0,0,0,0,0,0,0,0,0,0,0,0,0,0,0,0,0,0,0,0,0,0,0,0,0,0,0,0,0,0,0,0,0,0,0,0,0,0,0,0,0,0,0,0,0,0,0,0,0,0,0,0,0,0,0,0,0,0,0,0,0,0,0,0,0,0,0,0,0,0,0,0,0,0,0,0,0,0,0,0,0,0,0,0,0,0,0,0,0,0,0,0,0,0,0,0,0,0,0,0,0,0,0,0,0,0,0,0,0,0,0,0,0,0,0,0,0,0,0,0,0,0,0,0,0,0,0,0,0,0,0,0,0,0,0,0,0,0,0,0,0,0,0,0
2514,95,2,09,0,0,0,0,0,0,0,0,0,0,0,0,0,0,0,0,0,0,0,0,0,0,0,0,0,0,0,0,0,0,0,0,0,0,0,0,0,0,0,0,0,0,0,0,0,0,0,0,0,0,0,0,0,0,0,0,0,0,0,0,0,1,0,0,0,0,0,0,0,0,0,0,0,0,0,0,1,0,0,0,0,0,0,0,0,0,0,0,0,0,0,0,0,0,0,0,0,0,0,0,0,1,0,0,0,0,0,0,0,0,0,1,0,0,0,0,0,0,0,0,0,0,0,0,0,0,0,0,0,0,0,0,0,0,0,0,0,0,0,0,0,0,0,0,0,0,0,0,0,0,0,0,0,0,0,0,0,0,0,0,0,0,0,0,0,0,0,0,0,0,0,0,0,0,0,0,0,0,0,0,0,0,0,0,0,0,0,0,0,0,0,0,0,0,0,0,0,0,0,0,0,0,0,0,0,0,0,0,0,0,0,0,0,0,0,0,0,0,0,0,0,0,0,0,0,0,0,0
2514,95,2,11,0,0,0,0,0,0,0,0,0,0,0,0,0,0,0,0,0,0,0,0,0,0,0,0,0,0,0,0,0,0,0,0,0,0,0,0,0,0,0,0,0,0,0,0,0,0,0,0,0,0,0,0,0,0,0,0,0,0,0,0,0,0,0,0,0,0,0,0,0,0,0,0,0,0,0,0,0,0,0,0,0,0,0,0,0,0,0,0,0,0,0,0,0,0,0,0,0,0,0,0,0,0,0,0,0,0,0,0,0,0,0,0,0,0,0,0,0,0,0,0,0,0,0,0,0,0,0,0,0,0,0,0,0,0,0,0,0,0,0,0,0,0,0,0,0,0,0,0,0,0,0,0,0,0,0,0,0,0,0,0,0,0,0,0,0,0,0,0,0,0,0,0,0,0,0,0,0,0,0,0,0,0,0,0,0,0,0,0,0,0,0,0,0,0,0,0,0,0,0,0,0,0,0,0,0,0,0,0,0,0,0,0,0,0,0,0,0,0,0,0,0,0,0,0,0,0,0,0
2514,96,1,09,0,0,0,0,0,0,0,0,0,0,0,0,0,0,0,0,0,0,0,0,0,0,0,0,0,0,0,0,0,0,0,0,0,0,0,0,0,0,0,0,0,0,0,0,0,0,0,0,0,0,0,0,0,0,0,0,0,0,0,0,0,0,0,0,0,0,0,0,0,0,0,0,0,0,0,0,0,0,0,0,0,0,0,0,0,0,0,0,0,0,0,0,0,0,0,0,0,0,0,0,0,0,0,0,0,0,0,0,0,0,0,0,0,0,0,0,0,0,0,0,0,1,0,0,0,0,0,0,0,0,0,1,0,0,0,0,0,0,0,0,0,0,0,0,0,0,0,0,0,0,0,0,0,0,0,0,0,0,0,0,0,1,0,0,0,0,1,0,0,0,0,0,0,0,0,0,0,0,0,0,0,0,0,0,0,0,1,0,0,0,0,0,0,0,0,0,0,0,0,0,0,0,1,0,0,0,0,0,0,0,0,0,0,0,-1,0,0,0,0,0,0,0,-1,0,0,0,0,0
2514,96,1,11,0,0,0,0,0,0,0,0,0,0,0,0,0,0,0,0,0,0,0,0,0,0,0,0,0,0,0,0,0,0,0,0,0,0,0,0,0,0,0,0,0,0,0,0,0,0,0,0,0,0,0,0,0,0,0,0,0,0,0,0,0,0,0,0,0,0,0,0,0,0,0,0,0,0,0,0,0,0,0,0,0,0,0,0,0,0,0,0,0,0,0,0,0,0,0,0,0,0,0,0,0,0,0,0,0,0,0,0,0,0,0,0,0,0,0,0,0,0,0,0,0,0,0,0,0,0,0,0,0,0,0,0,0,0,0,0,0,0,0,0,0,0,0,0,0,0,0,0,0,0,0,0,0,0,0,0,0,0,0,0,0,0,0,0,0,0,0,0,0,0,0,0,0,0,0,0,0,0,0,0,0,0,0,0,0,0,0,0,0,0,0,0,0,0,0,0,0,0,0,0,0,0,0,0,0,0,0,0,0,0,0,0,0,0,0,0,0,0,0,0,0,0,0,0,0,0,0,0
2514,96,2,09,0,0,0,0,0,0,0,0,0,0,0,0,0,0,0,0,0,0,0,0,0,0,0,0,0,0,0,0,0,0,0,0,0,0,0,0,0,0,0,0,0,0,0,0,0,0,0,0,0,0,0,0,0,0,0,0,0,0,0,0,0,0,0,0,0,0,0,0,0,0,0,0,0,0,0,0,0,0,0,0,0,0,0,0,0,0,0,0,0,0,0,0,0,0,0,0,0,0,0,0,0,0,0,0,0,0,0,0,0,0,0,0,0,0,0,0,0,0,0,0,0,0,0,0,0,1,0,0,0,0,0,0,0,0,0,0,0,0,0,0,0,0,0,0,0,1,0,0,0,0,0,0,0,0,0,0,0,0,0,0,-1,0,0,0,0,0,0,0,0,0,-1,0,0,0,0,0,0,0,0,0,0,0,0,0,0,0,0,0,0,0,0,0,0,0,0,0,0,0,0,0,0,0,0,0,0,0,0,0,0,0,0,0,0,0,0,0,0,0,0,0,0,0,0,0,0,0,0,0
2514,96,2,11,0,0,0,0,0,0,0,0,0,0,0,0,0,0,0,0,0,0,0,0,0,0,0,0,0,0,0,0,0,0,0,0,0,0,0,0,0,0,0,0,0,0,0,0,0,0,0,0,0,0,0,0,0,0,0,0,0,0,0,0,0,0,0,0,0,0,0,0,0,0,0,0,0,0,0,0,0,0,0,0,0,0,0,0,0,0,0,0,0,0,0,0,0,0,0,0,0,0,0,0,0,0,0,0,0,0,0,0,0,0,0,0,0,0,0,0,0,0,0,0,0,0,0,0,0,0,0,0,0,0,0,0,0,0,0,0,0,0,0,0,0,0,0,0,0,0,0,0,0,0,0,0,0,0,0,0,0,0,0,0,0,0,0,0,0,0,0,0,0,0,0,0,0,0,0,0,0,0,0,0,0,0,0,0,0,0,0,0,0,0,0,0,0,0,0,0,0,0,0,0,0,0,0,0,0,0,0,0,0,0,0,0,0,0,0,0,0,0,0,0,0,0,0,0,0,0,0,0
2514,97,1,09,0,0,0,0,0,0,0,0,0,0,0,0,0,0,0,0,0,0,0,0,0,0,0,0,0,0,0,0,0,0,0,0,0,0,0,0,0,0,0,0,0,0,0,0,0,0,0,0,0,0,0,0,0,0,0,0,0,0,0,0,0,0,0,0,0,0,0,0,0,0,0,0,0,0,0,0,0,0,0,0,0,0,0,0,0,0,0,0,0,0,0,0,0,0,0,0,0,0,0,0,0,0,0,0,0,0,0,0,0,0,0,0,0,0,0,0,0,0,0,0,0,0,0,0,0,0,0,0,0,0,0,0,0,0,0,0,0,0,0,0,0,0,0,0,0,0,0,0,0,0,0,0,0,0,0,0,0,0,0,0,0,0,0,0,0,0,0,0,0,0,0,0,0,0,0,0,0,0,0,0,0,0,0,0,0,0,0,0,0,0,0,0,0,0,0,0,0,0,0,0,0,0,0,0,0,0,0,0,0,0,0,0,0,0,0,0,0,0,0,0,0,0,0,0,0,0,0,0
2514,97,1,11,0,0,0,0,0,0,0,0,0,0,0,0,0,0,0,0,0,0,0,0,0,0,0,0,0,0,0,0,0,0,0,0,0,0,0,0,0,0,0,0,0,0,0,0,0,0,0,0,0,0,0,0,0,0,0,0,0,0,0,0,0,0,0,0,0,0,0,0,0,0,0,0,0,0,0,0,0,0,0,0,0,0,0,0,0,0,0,0,0,0,0,0,0,0,0,0,0,0,0,0,0,0,0,0,0,0,0,0,0,0,0,0,0,0,0,0,0,0,0,0,0,0,0,0,0,0,0,0,0,0,0,0,0,0,0,0,0,0,0,0,0,0,0,0,0,0,0,0,0,0,0,0,0,0,0,0,0,0,0,0,0,0,0,0,0,0,0,0,0,0,0,0,0,0,0,0,0,0,0,0,0,0,0,0,0,0,0,0,0,0,0,0,0,0,0,0,0,0,0,0,0,0,0,0,0,0,0,0,0,0,0,0,0,0,0,0,0,0,0,0,0,0,0,0,0,0,0,0
2514,97,2,09,0,0,0,0,0,0,0,0,0,0,0,0,0,0,0,0,0,0,0,0,0,0,0,0,0,0,0,0,0,0,0,0,0,0,0,0,0,0,0,0,0,0,0,0,0,0,0,0,0,0,0,0,0,0,0,0,0,0,0,0,0,0,0,0,0,0,0,0,0,1,0,0,0,0,0,0,0,0,0,0,0,0,0,0,1,0,0,0,0,0,0,0,0,0,0,0,0,0,0,0,0,0,0,0,-1,0,0,0,0,-1,0,0,0,0,0,0,0,0,0,0,0,0,0,0,0,0,0,0,0,0,0,0,0,0,0,0,0,0,0,0,0,0,0,0,0,0,0,0,0,0,0,0,0,0,0,0,0,0,0,0,0,0,0,0,0,0,0,0,0,0,0,0,0,0,0,0,0,0,0,0,0,0,0,0,0,0,0,0,0,0,0,0,0,0,0,0,0,0,0,0,0,0,0,0,0,0,0,0,0,0,0,0,0,0,0,0,0,0,0,0,0,0,0,0,0,0,0,0
2514,97,2,11,0,0,0,0,0,0,0,0,0,0,0,0,0,0,0,0,0,0,0,0,0,0,0,0,0,0,0,0,0,0,0,0,0,0,0,0,0,0,0,0,0,0,0,0,0,0,0,0,0,0,0,0,0,0,0,0,0,0,0,0,0,0,0,0,0,0,0,0,0,0,0,0,0,0,0,0,0,0,0,0,0,0,0,0,0,0,0,0,0,0,0,0,0,0,0,0,0,0,0,0,0,0,0,0,0,0,0,0,0,0,0,0,0,0,0,0,0,0,0,0,0,0,0,0,0,0,0,0,0,0,0,0,0,0,0,0,0,0,0,0,0,0,0,0,0,0,0,0,0,0,0,0,0,0,0,0,0,0,0,0,0,0,0,0,0,0,0,0,0,0,0,0,0,0,0,0,0,0,0,0,0,0,0,0,0,0,0,0,0,0,0,0,0,0,0,0,0,0,0,0,0,0,0,0,0,0,0,0,0,0,0,0,0,0,0,0,0,0,0,0,0,0,0,0,0,0,0,0
2514,98,1,09,0,0,0,0,0,0,0,0,0,0,0,0,0,0,0,0,0,0,0,0,0,0,0,0,0,0,0,0,0,0,0,0,0,0,0,0,0,0,0,0,0,0,0,0,0,0,0,0,0,0,0,0,0,0,0,0,0,0,0,0,0,0,0,0,0,0,0,0,0,0,0,0,0,0,0,0,0,0,0,0,0,0,0,0,0,0,0,0,0,0,0,0,0,0,0,0,0,0,0,0,0,0,0,0,0,0,0,0,0,0,0,0,0,0,0,0,0,0,0,0,0,0,0,0,0,0,0,0,0,0,0,0,0,0,0,0,0,0,0,0,0,0,0,0,0,0,0,0,0,0,0,0,0,0,0,0,0,0,0,0,0,0,0,0,0,0,0,0,0,0,0,0,0,0,0,0,0,0,0,0,0,0,0,0,0,0,0,0,0,0,0,0,0,0,0,0,0,0,0,0,0,0,0,0,0,0,0,0,0,0,0,0,0,0,0,0,0,0,0,0,0,0,0,0,0,0,0,0
2514,98,1,11,0,0,0,0,0,0,0,0,0,0,0,0,0,0,0,0,0,0,0,0,0,0,0,0,0,0,0,0,0,0,0,0,0,0,0,0,0,0,0,0,0,0,0,0,0,0,0,0,0,0,0,0,0,0,0,0,0,0,0,0,0,0,0,0,0,0,0,0,0,0,0,0,0,0,0,0,0,0,0,0,0,0,0,0,0,0,0,0,0,0,0,0,0,0,0,0,0,0,0,0,0,0,0,0,0,0,0,0,0,0,0,0,0,0,0,0,0,0,0,0,0,0,0,0,0,0,0,0,0,0,0,0,0,0,0,0,0,0,0,0,0,0,0,0,0,0,0,0,0,0,0,0,0,0,0,0,0,0,0,0,0,0,0,0,0,0,0,0,0,0,0,0,0,0,0,0,0,0,0,0,0,0,0,0,0,0,0,0,0,0,0,0,0,0,0,0,0,0,0,0,0,0,0,0,0,0,0,0,0,0,0,0,0,0,0,0,0,0,0,0,0,0,0,0,0,0,0,0
2514,98,2,09,0,0,0,0,0,0,0,0,0,0,0,0,0,0,0,0,0,0,0,0,0,0,0,0,0,0,0,0,0,0,0,0,0,0,0,0,0,0,0,0,0,0,0,0,0,0,0,0,0,0,0,0,0,0,0,0,0,0,0,0,0,0,0,0,0,0,0,0,0,0,0,0,0,0,0,0,0,0,0,0,0,0,0,0,0,0,0,0,0,0,0,0,0,0,0,0,0,0,0,0,0,0,0,0,0,0,0,0,0,0,0,0,0,0,0,0,0,0,0,0,0,0,0,0,0,1,0,0,0,0,0,0,0,0,0,0,0,0,0,0,1,0,0,0,0,0,0,0,0,0,0,0,0,0,0,0,0,0,0,0,-1,0,0,0,0,-1,0,0,0,0,0,0,0,0,0,0,0,0,0,0,0,0,0,0,0,0,0,0,0,0,0,0,0,0,0,0,0,0,0,0,0,0,0,0,0,0,0,0,0,0,0,0,0,0,0,0,0,0,0,0,0,0,0,0,0,0,0,0
2514,98,2,11,0,0,0,0,0,0,0,0,0,0,0,0,0,0,0,0,0,0,0,0,0,0,0,0,0,0,0,0,0,0,0,0,0,0,0,0,0,0,0,0,0,0,0,0,0,0,0,0,0,0,0,0,0,0,0,0,0,0,0,0,0,0,0,0,0,0,0,0,0,0,0,0,0,0,0,0,0,0,0,0,0,0,0,0,0,0,0,0,0,0,0,0,0,0,0,0,0,0,0,0,0,0,0,0,0,0,0,0,0,0,0,0,0,0,0,0,0,0,0,0,0,0,0,0,0,0,0,0,0,0,0,0,0,0,0,0,0,0,0,0,0,0,0,0,0,0,0,0,0,0,0,0,0,0,0,0,0,0,0,0,0,0,0,0,0,0,0,0,0,0,0,0,0,0,0,0,0,0,0,0,0,0,0,0,0,0,0,0,0,0,0,0,0,0,0,0,0,0,0,0,0,0,0,0,0,0,0,0,0,0,0,0,0,0,0,0,0,0,0,0,0,0,0,0,0,0,0,0
2514,99,1,09,0,0,0,0,0,0,0,0,0,0,0,0,0,0,0,0,0,0,0,0,0,0,0,0,0,0,0,0,0,0,0,0,0,0,0,0,0,0,0,0,0,0,0,0,0,0,0,0,0,0,0,0,0,0,0,0,0,0,0,0,0,0,0,0,0,0,0,0,0,0,0,0,0,0,0,0,0,0,0,0,0,0,0,0,0,0,0,0,0,0,0,0,0,0,0,0,0,0,0,0,0,0,0,0,0,0,0,0,0,0,0,0,0,0,0,0,0,0,0,0,0,0,0,0,0,0,0,0,0,0,0,0,0,0,0,0,0,0,0,0,0,0,0,0,0,0,0,0,0,0,0,0,0,0,0,0,0,0,0,0,0,0,0,0,0,0,0,0,0,0,0,0,0,0,0,0,0,0,0,0,0,0,0,0,0,0,0,0,0,0,0,0,0,0,0,0,0,0,0,0,0,0,0,0,0,0,0,0,0,0,0,0,0,0,0,0,0,0,0,0,0,0,0,0,0,0,0,0
2514,99,1,11,0,0,0,0,0,0,0,0,0,0,0,0,0,0,0,0,0,0,0,0,0,0,0,0,0,0,0,0,0,0,0,0,0,0,0,0,0,0,0,0,0,0,0,0,0,0,0,0,0,0,0,0,0,0,0,0,0,0,0,0,0,0,0,0,0,0,0,0,0,0,0,0,0,0,0,0,0,0,0,0,0,0,0,0,0,0,0,0,0,0,0,0,0,0,0,0,0,0,0,0,0,0,0,0,0,0,0,0,0,0,0,0,0,0,0,0,0,0,0,0,0,0,0,0,0,0,0,0,0,0,0,0,0,0,0,0,0,0,0,0,0,0,0,0,0,0,0,0,0,0,0,0,0,0,0,0,0,0,0,0,0,0,0,0,0,0,0,0,0,0,0,0,0,0,0,0,0,0,0,0,0,0,0,0,0,0,0,0,0,0,0,0,0,0,0,0,0,0,0,0,0,0,0,0,0,0,0,0,0,0,0,0,0,0,0,0,0,0,0,0,0,0,0,0,0,0,0,0
2514,99,2,09,0,0,0,0,0,0,0,0,0,0,0,0,0,0,0,0,0,0,0,0,0,0,0,0,0,0,0,0,0,0,0,0,0,0,0,0,0,0,0,0,0,0,0,0,0,0,0,0,0,0,0,0,0,0,0,0,0,0,0,0,0,0,0,0,0,0,0,0,0,0,0,0,0,0,0,0,0,0,0,0,0,0,0,0,0,0,0,0,0,0,0,0,0,0,0,0,0,0,0,0,0,0,0,0,0,0,0,0,0,0,0,0,0,0,0,0,0,0,0,0,0,0,0,0,0,0,0,0,0,0,0,0,0,0,0,0,0,0,0,0,0,0,0,0,0,0,0,0,0,0,0,0,0,0,0,0,0,0,0,0,0,0,0,0,0,0,0,0,0,0,0,0,0,0,0,0,0,0,0,0,0,0,0,0,0,0,0,0,0,0,0,0,0,0,0,0,0,0,0,0,0,0,0,0,0,0,0,0,0,0,0,0,0,0,0,0,0,0,0,0,0,0,0,0,0,0,0,0
2514,99,2,11,0,0,0,0,0,0,0,0,0,0,0,0,0,0,0,0,0,0,0,0,0,0,0,0,0,0,0,0,0,0,0,0,0,0,0,0,0,0,0,0,0,0,0,0,0,0,0,0,0,0,0,0,0,0,0,0,0,0,0,0,0,0,0,0,0,0,0,0,0,0,0,0,0,0,0,0,0,0,0,0,0,0,0,0,0,0,0,0,0,0,0,0,0,0,0,0,0,0,0,0,0,0,0,0,0,0,0,0,0,0,0,0,0,0,0,0,0,0,0,0,0,0,0,0,0,0,0,0,0,0,0,0,0,0,0,0,0,0,0,0,0,0,0,0,0,0,0,0,0,0,0,0,0,0,0,0,0,0,0,0,0,0,0,0,0,0,0,0,0,0,0,0,0,0,0,0,0,0,0,0,0,0,0,0,0,0,0,0,0,0,0,0,0,0,0,0,0,0,0,0,0,0,0,0,0,0,0,0,0,0,0,0,0,0,0,0,0,0,0,0,0,0,0,0,0,0,0,0
2514,100+,1,09,0,0,0,0,0,0,0,0,1,0,0,0,0,0,0,0,0,0,0,0,0,0,0,0,0,0,0,0,1,0,0,0,0,0,0,0,0,0,0,0,0,0,0,-1,0,0,0,0,0,0,0,0,0,-1,0,0,0,0,0,0,0,0,0,0,0,0,0,0,0,0,0,0,0,0,0,0,0,0,0,0,0,0,0,0,0,0,0,0,0,0,0,0,0,0,0,0,0,0,0,0,0,0,0,0,0,0,0,0,0,0,0,0,0,0,0,0,0,0,0,0,0,0,0,0,0,0,0,0,0,0,0,0,0,0,0,0,0,0,0,0,0,0,0,0,0,0,0,0,0,0,0,0,0,0,0,0,0,0,0,0,0,0,0,0,0,0,0,0,0,0,0,0,0,0,0,0,0,0,0,0,0,0,0,0,0,0,0,0,0,0,0,0,0,0,0,0,0,0,0,0,0,0,0,0,0,0,0,0,0,0,0,0,0,0,0,0,0,0,0,0,0,0,0,0,0,0,0,0
2514,100+,1,11,0,0,0,0,0,0,0,0,0,0,0,0,0,0,0,0,0,0,0,0,0,0,0,0,0,0,0,0,0,0,0,0,0,0,0,0,0,0,0,0,0,0,0,0,0,0,0,0,0,0,0,0,0,0,0,0,0,0,0,0,0,0,0,0,0,0,0,0,0,0,0,0,0,0,0,0,0,0,0,0,0,0,0,0,0,0,0,0,0,0,0,0,0,0,0,0,0,0,0,0,0,0,0,0,0,0,0,0,0,0,0,0,0,0,0,0,0,0,0,0,0,0,0,0,0,0,0,0,0,0,0,0,0,0,0,0,0,0,0,0,0,0,0,0,0,0,0,0,0,0,0,0,0,0,0,0,0,0,0,0,0,0,0,0,0,0,0,0,0,0,0,0,0,0,0,0,0,0,0,0,0,0,0,0,0,0,0,0,0,0,0,0,0,0,0,0,0,0,0,0,0,0,0,0,0,0,0,0,0,0,0,0,0,0,0,0,0,0,0,0,0,0,0,0,0,0,0,0
2514,100+,2,09,0,0,0,0,0,0,0,0,0,0,0,0,0,0,0,0,0,0,0,0,0,0,0,0,0,0,0,0,0,0,0,0,0,0,0,0,0,0,0,0,0,0,0,0,0,0,0,0,0,0,0,0,0,0,0,0,0,0,0,0,0,0,0,0,0,0,0,0,0,0,0,0,0,0,0,0,0,0,0,0,0,0,0,0,0,0,0,0,0,0,0,0,0,0,0,0,0,0,0,0,0,0,0,0,0,0,0,0,0,0,0,0,0,0,0,0,0,0,0,0,0,0,0,0,0,0,0,0,0,0,0,0,0,0,0,0,0,0,0,0,0,0,0,0,0,0,0,0,0,0,0,0,0,0,0,0,0,0,0,0,0,0,0,0,0,0,0,0,0,0,0,0,0,0,0,0,0,0,0,0,0,0,0,0,0,0,0,0,0,0,0,0,0,0,0,0,0,0,0,0,0,0,0,0,0,0,0,0,0,0,0,0,0,0,0,0,0,0,0,0,0,0,0,0,0,0,0,0
2514,100+,2,11,0,0,0,0,0,0,0,0,0,0,0,0,0,0,0,0,0,0,0,0,0,0,0,0,0,0,0,0,0,0,0,0,0,0,0,0,0,0,0,0,0,0,0,0,0,0,0,0,0,0,0,0,0,0,0,0,0,0,0,0,0,0,0,0,0,0,0,0,0,0,0,0,0,0,0,0,0,0,0,0,0,0,0,0,0,0,0,0,0,0,0,0,0,0,0,0,0,0,0,0,0,0,0,0,0,0,0,0,0,0,0,0,0,0,0,0,0,0,0,0,0,0,0,0,0,0,0,0,0,0,0,0,0,0,0,0,0,0,0,0,0,0,0,0,0,0,0,0,0,0,0,0,0,0,0,0,0,0,0,0,0,0,0,0,0,0,0,0,0,0,0,0,0,0,0,0,0,0,0,0,0,0,0,0,0,0,0,0,0,0,0,0,0,0,0,0,0,0,0,0,0,0,0,0,0,0,0,0,0,0,0,0,0,0,0,0,0,0,0,0,0,0,0,0,0,0,0,0
