Region,Alder,Kon,BE0101AU 2006,BE0101AU 2007,BE0101AU 2008,BE0101AU 2009,BE0101AU 2010,BE0101AU 2011,BE0101AU 2012,BE0101AU 2013,BE0101AU 2014,BE0101AU 2015,BE0101AU 2016,BE0101AU 2017,BE0101AU 2018,BE0101AV 2006,BE0101AV 2007,BE0101AV 2008,BE0101AV 2009,BE0101AV 2010,BE0101AV 2011,BE0101AV 2012,BE0101AV 2013,BE0101AV 2014,BE0101AV 2015,BE0101AV 2016,BE0101AV 2017,BE0101AV 2018,BE0101AX 2006,BE0101AX 2007,BE0101AX 2008,BE0101AX 2009,BE0101AX 2010,BE0101AX 2011,BE0101AX 2012,BE0101AX 2013,BE0101AX 2014,BE0101AX 2015,BE0101AX 2016,BE0101AX 2017,BE0101AX 2018,BE0101AY 2006,BE0101AY 2007,BE0101AY 2008,BE0101AY 2009,BE0101AY 2010,BE0101AY 2011,BE0101AY 2012,BE0101AY 2013,BE0101AY 2014,BE0101AY 2015,BE0101AY 2016,BE0101AY 2017,BE0101AY 2018,BE0101AZ 2006,BE0101AZ 2007,BE0101AZ 2008,BE0101AZ 2009,BE0101AZ 2010,BE0101AZ 2011,BE0101AZ 2012,BE0101AZ 2013,BE0101AZ 2014,BE0101AZ 2015,BE0101AZ 2016,BE0101AZ 2017,BE0101AZ 2018,BE0101A1 2006,BE0101A1 2007,BE0101A1 2008,BE0101A1 2009,BE0101A1 2010,BE0101A1 2011,BE0101A1 2012,BE0101A1 2013,BE0101A1 2014,BE0101A1 2015,BE0101A1 2016,BE0101A1 2017,BE0101A1 2018,BE0101A2 2006,BE0101A2 2007,BE0101A2 2008,BE0101A2 2009,BE0101A2 2010,BE0101A2 2011,BE0101A2 2012,BE0101A2 2013,BE0101A2 2014,BE0101A2 2015,BE0101A2 2016,BE0101A2 2017,BE0101A2 2018,BE0101A3 2006,BE0101A3 2007,BE0101A3 2008,BE0101A3 2009,BE0101A3 2010,BE0101A3 2011,BE0101A3 2012,BE0101A3 2013,BE0101A3 2014,BE0101A3 2015,BE0101A3 2016,BE0101A3 2017,BE0101A3 2018,BE0101A4 2006,BE0101A4 2007,BE0101A4 2008,BE0101A4 2009,BE0101A4 2010,BE0101A4 2011,BE0101A4 2012,BE0101A4 2013,BE0101A4 2014,BE0101A4 2015,BE0101A4 2016,BE0101A4 2017,BE0101A4 2018,BE0101AU 2019,BE0101AU 2020,BE0101AU 2021,BE0101AU 2022,BE0101AU 2023,BE0101AU 2024,BE0101AV 2019,BE0101AV 2020,BE0101AV 2021,BE0101AV 2022,BE0101AV 2023,BE0101AV 2024,BE0101AX 2019,BE0101AX 2020,BE0101AX 2021,BE0101AX 2022,BE0101AX 2023,BE0101AX 2024,BE0101AY 2019,BE0101AY 2020,BE0101AY 2021,BE0101AY 2022,BE0101AY 2023,BE0101AY 2024,BE0101AZ 2019,BE0101AZ 2020,BE0101AZ 2021,BE0101AZ 2022,BE0101AZ 2023,BE0101AZ 2024,BE0101A1 2019,BE0101A1 2020,BE0101A1 2021,BE0101A1 2022,BE0101A1 2023,BE0101A1 2024,BE0101A2 2019,BE0101A2 2020,BE0101A2 2021,BE0101A2 2022,BE0101A2 2023,BE0101A2 2024,BE0101A3 2019,BE0101A3 2020,BE0101A3 2021,BE0101A3 2022,BE0101A3 2023,BE0101A3 2024,BE0101A4 2019,BE0101A4 2020,BE0101A4 2021,BE0101A4 2022,BE0101A4 2023,BE0101A4 2024
2580,0,1,14,10,16,7,6,16,24,12,9,12,11,16,11,10,16,10,6,9,12,7,10,13,15,13,7,6,1,4,4,2,1,0,2,1,1,3,1,4,2,2,2,0,0,0,0,0,0,0,0,0,0,0,4,-6,6,1,-3,4,17,2,-4,-3,-2,9,5,-1,2,4,2,1,0,2,1,1,3,1,4,2,13,6,12,5,5,16,22,11,8,9,10,12,9,8,14,10,6,9,12,7,10,13,15,13,7,6,5,-8,2,-1,-4,4,15,1,-5,-6,-3,5,3,11,10,8,11,9,13,14,7,17,7,9,5,3,1,0,2,2,3,0,0,1,1,0,0,-3,3,-9,4,0,8,3,1,-1,1,2,3,8,9,8,9,7,10,14,7,16,6,9,5,-6,2,-8,3,-2,5
2580,0,2,16,10,7,2,8,7,13,9,12,11,7,16,15,4,11,8,14,7,13,9,14,12,11,17,13,12,4,3,1,0,1,4,4,1,1,3,0,8,6,0,1,1,2,1,0,0,2,0,0,0,0,0,12,-1,-1,-12,1,-6,4,-5,0,0,-10,3,3,4,2,0,-2,0,4,4,-1,1,3,0,8,6,12,7,6,2,7,3,9,8,11,8,7,8,9,4,10,7,12,6,13,9,12,12,11,17,13,12,8,-3,-1,-10,1,-10,0,-4,-1,-3,-10,-5,-3,6,12,8,10,6,8,9,12,10,15,10,7,4,0,0,2,1,2,0,2,0,2,0,0,-3,0,-2,-5,-4,1,4,-2,0,0,1,2,2,12,8,8,5,6,9,10,10,13,10,7,-7,2,-2,-5,-5,-1
2580,1,1,28,19,41,20,27,35,31,17,31,18,23,31,32,25,34,26,14,24,34,21,15,25,21,27,23,29,7,2,7,1,10,11,8,3,6,6,9,9,11,0,1,5,0,2,4,1,2,4,4,5,0,0,3,-15,15,6,3,1,10,2,6,-3,-4,8,3,7,1,2,1,8,7,7,1,2,2,4,9,11,21,17,34,19,17,24,23,14,25,12,14,22,21,25,33,21,14,22,30,20,13,21,17,22,23,29,-4,-16,13,5,-5,-6,3,1,4,-5,-8,-1,-8,24,34,26,39,23,23,16,18,17,22,13,15,5,8,6,9,1,6,0,1,0,1,2,1,8,16,9,17,10,8,5,7,6,8,-1,5,19,26,20,30,22,17,16,17,17,21,11,14,3,9,3,9,11,3
2580,1,2,23,24,24,20,29,17,29,17,24,23,27,36,18,28,24,16,18,18,18,14,25,11,24,16,19,23,9,2,8,1,5,5,5,1,6,3,8,10,5,1,4,1,4,0,1,1,2,2,0,0,1,1,-5,0,8,2,11,-1,15,-8,13,-1,11,17,-5,8,-2,7,-3,5,4,4,-1,4,3,8,9,4,14,22,16,19,24,12,24,16,18,20,19,26,13,27,20,15,14,18,17,13,23,9,24,16,18,22,-13,2,1,5,6,-5,11,-7,9,-4,3,8,-9,21,26,27,24,14,28,24,18,15,22,23,21,8,3,7,3,1,4,2,0,0,1,1,1,-3,8,12,2,-9,7,6,3,7,2,0,3,13,23,20,21,13,24,22,18,15,21,22,20,-9,5,5,0,-9,4
2580,2,1,23,29,19,18,17,28,21,16,13,17,26,32,25,13,26,13,15,21,20,15,19,11,18,16,5,26,5,11,3,4,4,7,4,2,2,3,11,3,6,3,5,0,4,0,2,4,4,1,0,0,0,1,10,3,6,3,-4,8,6,-3,2,-1,10,27,-1,2,6,3,0,4,5,0,-2,1,3,11,3,5,18,18,16,14,13,21,17,14,11,14,15,29,19,10,21,13,11,21,18,11,15,10,18,16,5,25,8,-3,3,3,-8,3,6,-1,1,-4,-1,24,-6,17,20,22,19,21,22,15,15,23,23,24,21,5,6,5,7,5,7,1,1,2,1,2,7,2,5,-1,-4,-3,1,4,5,3,6,3,0,12,14,17,12,16,15,14,14,21,22,22,14,-2,0,-4,-10,-6,1
2580,2,2,15,23,17,10,19,22,18,18,14,22,29,24,15,18,25,21,16,13,9,15,24,17,20,13,14,18,3,6,7,3,4,5,4,1,1,4,6,9,2,3,1,4,4,1,0,2,0,1,2,2,2,1,-3,-2,-4,-6,6,13,3,-6,-3,2,16,10,-3,0,5,3,-1,3,5,2,1,0,2,4,7,1,12,17,10,7,15,17,14,17,13,18,23,15,13,15,24,17,12,12,9,13,24,16,18,11,12,17,-3,-7,-7,-5,3,8,1,-7,-3,0,12,3,-4,17,23,23,24,12,15,15,17,16,7,14,15,6,4,3,5,5,3,1,1,1,1,4,1,2,6,7,17,-2,0,5,3,2,4,1,2,11,19,20,19,7,12,14,16,15,6,10,14,-3,3,5,13,-3,-2
2580,3,1,19,11,14,16,16,9,21,22,19,24,22,21,16,13,19,13,14,18,18,11,18,12,18,17,18,18,6,4,3,0,4,1,3,5,3,6,1,5,10,0,5,3,0,2,3,2,4,0,3,0,2,1,6,-8,1,2,-2,-9,10,4,7,6,5,3,-2,6,-1,0,0,2,-2,1,1,3,3,1,3,9,13,7,11,16,12,8,18,17,16,18,21,16,6,13,14,10,14,16,15,9,14,12,15,17,16,17,0,-7,1,2,-4,-7,9,3,4,3,4,0,-11,33,17,20,14,24,17,14,16,12,14,11,19,7,0,5,2,7,4,1,2,3,1,2,4,19,1,8,0,13,-2,6,-2,2,1,5,0,26,17,15,12,17,13,13,14,9,13,9,15,13,3,6,-1,8,-2
2580,3,2,18,21,24,20,18,17,23,16,15,18,16,34,20,13,20,13,18,18,11,17,11,11,18,19,13,21,2,4,5,2,5,3,5,2,2,4,1,7,4,1,0,2,1,4,0,0,2,2,2,2,1,5,5,1,11,2,0,6,6,5,4,0,-3,21,-1,1,4,3,1,1,3,5,0,0,2,-1,6,-1,16,17,19,18,13,14,18,14,13,14,15,27,16,12,20,11,17,14,11,17,9,9,16,17,12,16,4,-3,8,1,-1,3,1,5,4,-2,-2,15,0,14,21,27,25,16,14,23,13,18,10,13,15,4,3,7,5,3,1,4,0,2,1,0,5,-9,8,9,15,3,-1,0,3,5,4,3,-4,10,18,20,20,13,13,19,13,16,9,13,10,-9,5,4,11,0,3
2580,4,1,7,11,14,11,20,21,22,16,21,17,17,23,19,14,14,12,11,13,11,15,13,11,14,8,13,12,3,3,3,5,7,4,7,5,6,2,6,9,2,0,2,2,0,0,1,2,2,2,3,1,1,0,-7,-3,2,0,7,10,7,3,10,3,9,10,7,3,1,1,5,7,3,5,3,4,-1,5,8,2,4,8,11,6,13,17,15,11,15,15,11,14,17,14,12,10,11,13,10,13,11,9,11,7,12,12,-10,-4,1,-5,0,7,2,0,6,4,4,2,5,19,17,10,15,13,13,17,17,13,21,19,15,6,4,2,7,3,8,4,1,3,3,6,4,2,0,-3,-6,-6,-2,2,3,-1,4,-3,4,13,13,8,8,10,5,13,16,10,18,13,11,0,-3,-2,-10,-3,-6
2580,4,2,19,12,17,15,21,18,15,19,15,15,18,29,23,15,11,13,17,13,22,17,15,11,10,17,14,18,6,1,6,5,7,3,5,3,2,1,6,11,6,1,0,3,2,1,4,5,2,3,2,2,1,0,4,1,4,-2,8,-4,-2,4,4,5,1,15,5,5,1,3,3,6,-1,0,1,-1,-1,4,10,6,13,11,11,10,14,15,10,16,13,14,12,18,17,14,11,10,15,12,18,12,13,8,8,15,13,18,-1,0,1,-5,2,-3,-2,3,5,6,-3,5,-1,12,15,14,19,13,13,12,9,12,11,13,17,2,1,6,3,4,4,1,1,1,2,2,3,0,6,2,8,0,-4,1,0,5,1,2,1,10,14,8,16,9,9,11,8,11,9,11,14,-1,6,-3,7,-2,-5
2580,5,1,13,13,17,14,16,17,13,17,17,17,20,21,21,9,13,13,10,10,13,14,8,19,12,13,13,13,2,2,3,2,4,4,1,2,4,4,3,8,9,0,2,1,2,2,1,1,1,4,1,0,2,1,4,0,4,4,6,4,-1,9,-2,5,7,8,8,2,0,2,0,2,3,0,1,0,3,3,6,8,11,11,14,12,12,13,12,15,13,13,17,13,12,9,11,12,8,8,12,13,7,15,11,13,11,12,2,0,2,4,4,1,-1,8,-2,2,4,2,0,16,14,20,20,13,11,14,5,19,11,10,17,4,1,5,5,4,3,0,1,0,2,3,5,2,9,1,9,3,-6,4,0,5,3,1,-2,12,13,15,15,9,8,14,4,19,9,7,12,-2,9,-4,6,2,-4
2580,5,2,9,11,12,11,14,11,16,14,21,14,13,14,19,14,13,7,12,10,10,11,9,22,14,13,4,16,1,4,6,3,3,4,6,4,5,0,0,5,6,1,1,1,1,0,3,2,2,1,4,1,3,1,-5,-2,5,-1,4,1,5,5,-1,0,0,10,3,0,3,5,2,3,1,4,2,4,-4,-1,2,5,8,7,6,8,11,7,10,10,16,14,13,9,13,13,12,6,11,10,7,9,7,21,10,12,1,15,-5,-5,0,-3,1,0,1,3,-5,4,1,8,-2,15,21,12,10,9,11,12,11,8,8,10,11,8,6,4,3,1,0,3,1,0,1,1,4,3,10,4,2,-1,0,5,5,4,2,0,-4,7,15,8,7,8,11,9,10,8,7,9,7,-2,5,0,0,-1,4
2580,6,1,1,16,11,6,15,12,12,16,25,13,15,24,17,4,11,10,9,9,12,16,10,10,9,14,5,22,0,5,1,1,6,2,7,2,9,4,2,9,8,2,1,1,0,1,4,3,3,2,0,3,1,3,-3,5,1,-3,6,0,-4,6,15,4,1,19,-5,-2,4,0,1,5,-2,4,-1,7,4,-1,8,5,1,11,10,5,9,10,5,14,16,9,13,15,9,2,10,9,9,8,8,13,7,8,9,11,4,19,-1,1,1,-4,1,2,-8,7,8,0,2,11,-10,17,16,20,10,5,14,11,6,14,9,11,21,9,3,4,4,2,5,2,1,3,1,2,5,6,10,6,1,-6,-7,7,2,1,3,0,0,8,13,16,6,3,9,9,5,11,8,9,16,-1,8,5,-2,-6,-7
2580,6,2,12,12,7,13,12,15,16,13,14,12,8,22,15,10,14,8,9,5,13,9,14,10,12,8,8,7,1,3,0,4,5,4,3,6,0,3,3,8,5,1,3,3,0,1,2,0,1,2,1,1,1,1,2,-2,-1,4,7,2,7,-1,4,0,0,14,8,0,0,-3,4,4,2,3,5,-2,2,2,7,4,11,9,7,9,7,11,13,7,14,9,5,14,10,9,11,5,9,4,11,9,13,8,11,7,7,6,2,-2,2,0,3,0,4,-6,6,-2,-2,7,4,13,6,19,10,11,12,12,10,18,9,15,13,2,2,3,3,1,5,1,2,2,1,4,5,1,-4,1,1,-4,-1,1,0,1,2,-3,0,11,4,16,7,10,7,11,8,16,8,11,8,0,-4,0,-1,-1,-1
2580,7,1,11,13,12,8,10,14,11,11,13,13,13,12,17,12,11,15,12,12,11,8,8,10,15,9,11,10,4,5,4,5,3,8,1,5,8,1,4,6,8,0,3,5,0,1,1,0,1,3,1,0,0,1,-1,2,-3,-4,-2,3,3,3,3,-2,4,1,7,4,2,-1,5,2,7,1,4,5,0,4,6,7,7,8,8,3,7,6,10,6,5,12,9,6,9,12,8,10,12,11,10,8,7,7,14,9,11,9,-5,0,-2,-9,-4,-4,2,-1,-2,-2,0,-5,0,8,9,13,12,9,18,13,10,8,6,14,12,4,1,2,2,2,3,3,2,2,2,0,1,-5,-1,5,6,-5,6,1,-1,0,0,2,2,4,8,11,10,7,15,10,8,6,4,14,11,-6,0,5,6,-7,4
2580,7,2,11,11,17,7,8,10,14,3,13,9,10,9,17,2,7,12,3,8,4,7,8,6,7,11,9,14,3,1,6,0,2,5,6,2,3,3,6,6,5,0,1,0,1,1,0,2,2,1,1,1,0,3,9,4,5,4,0,6,7,-5,7,2,-1,0,3,3,0,6,-1,1,5,4,0,2,2,5,6,2,8,10,11,7,6,5,8,1,10,6,4,3,12,2,6,12,2,7,4,5,6,5,6,10,9,11,6,4,-1,5,-1,1,3,-5,5,0,-6,-6,1,13,6,15,9,7,13,9,10,12,9,12,11,8,1,6,1,3,8,3,1,2,2,5,3,4,-4,3,0,-5,2,5,0,4,-1,-2,5,5,5,9,8,4,5,6,9,10,7,7,8,-1,-4,-1,1,-3,-3
2580,8,1,12,7,8,4,9,12,8,12,11,14,20,9,19,6,10,5,8,5,9,8,10,8,6,8,11,10,7,7,2,2,3,2,3,4,4,3,6,4,6,1,0,1,0,0,1,1,1,2,0,1,0,2,6,-3,3,-4,4,3,0,2,3,8,12,-2,9,6,7,1,2,3,1,2,3,2,3,5,4,4,5,0,6,2,6,10,5,8,7,11,14,5,13,5,10,4,8,5,8,7,9,6,6,7,11,8,0,-10,2,-6,1,2,-2,-1,1,5,7,-6,5,13,16,14,14,5,14,12,10,14,15,8,12,8,5,5,9,1,7,0,1,1,3,2,3,1,6,0,-1,-3,2,8,4,4,6,-1,4,5,11,9,5,4,7,12,9,13,12,6,9,-7,2,-4,-7,-2,-2
2580,8,2,14,4,11,4,11,9,19,11,13,6,9,10,12,11,14,11,5,7,4,10,7,11,15,9,5,9,6,2,2,2,1,3,7,5,6,2,2,3,3,2,2,1,0,0,1,0,3,3,4,0,2,2,3,-10,0,-1,4,5,9,4,2,-9,0,5,3,4,0,1,2,1,2,7,2,3,-2,2,1,1,8,2,9,2,10,6,12,6,7,4,7,7,9,9,12,10,5,7,3,10,4,8,11,9,3,7,-1,-10,-1,-3,3,3,2,2,-1,-7,-2,4,2,9,8,11,16,12,10,12,7,9,12,6,12,4,2,1,4,6,4,2,2,3,2,3,5,-3,1,2,4,6,-2,2,0,-2,2,3,-1,5,6,10,12,6,6,10,5,6,10,3,7,-5,1,4,2,3,-1
2580,9,1,8,12,6,4,12,5,10,11,9,9,6,25,10,4,8,5,4,6,4,5,6,5,13,10,6,7,3,4,2,1,5,2,6,5,1,5,1,9,2,0,0,3,1,1,2,1,2,1,2,3,0,1,4,4,1,0,6,1,5,5,4,-4,-4,19,3,3,4,-1,0,4,0,5,3,0,3,-2,9,1,5,8,4,3,7,3,4,6,8,4,5,16,8,4,8,2,3,5,2,4,4,4,11,7,6,6,1,0,2,0,2,1,0,2,4,-7,-2,10,2,12,8,17,7,4,13,12,13,9,7,9,12,6,4,3,5,1,5,1,2,0,1,2,2,0,-5,8,0,-5,1,5,2,3,4,-1,3,6,4,14,2,3,8,11,11,9,6,7,10,-5,-7,5,-4,-4,-2
2580,9,2,11,9,11,11,14,4,8,9,10,12,12,8,13,5,4,4,10,4,7,7,7,8,8,11,6,8,5,3,0,0,3,1,6,5,3,5,6,4,5,0,1,2,1,0,1,0,1,1,1,0,0,0,6,5,7,1,10,-3,1,2,2,4,1,2,5,5,2,-2,-1,3,0,6,4,2,4,6,4,5,6,6,11,11,11,3,2,4,7,7,6,4,8,5,3,2,9,4,6,7,6,7,7,11,6,8,1,3,9,2,7,-3,-5,-2,0,0,-5,-2,0,10,7,13,11,12,15,13,7,14,9,9,8,6,1,6,4,6,9,1,1,2,0,2,1,-3,0,-1,2,3,7,5,0,4,4,4,8,4,6,7,7,6,6,12,6,12,9,7,7,-8,0,-5,-2,-1,-1
2580,10,1,11,5,11,5,8,8,8,7,7,8,7,14,7,5,11,6,4,5,7,4,8,8,5,7,9,9,4,2,2,2,1,4,6,1,2,3,2,8,1,0,3,1,1,0,1,1,1,0,1,2,0,2,6,-6,5,1,3,1,4,-1,-1,3,0,5,-2,4,-1,1,1,1,3,5,0,2,2,0,8,-1,7,3,9,3,7,4,2,6,5,5,5,6,6,5,8,5,3,5,6,3,7,8,4,5,9,7,2,-5,4,0,2,-2,-1,-1,-3,1,0,-3,-1,12,7,12,16,8,3,5,12,5,11,8,9,6,2,1,8,3,1,0,0,0,1,1,1,7,-5,7,5,0,-6,6,2,1,7,2,0,6,5,11,8,5,2,5,12,5,10,7,8,1,-7,6,-2,-2,-6
2580,10,2,11,9,3,5,8,9,7,8,9,12,10,15,8,6,17,5,5,11,2,4,7,9,12,6,8,8,5,4,2,1,4,5,1,2,5,4,3,7,7,1,4,1,0,0,0,0,0,1,1,0,0,0,5,-8,-2,0,-3,7,3,1,0,0,4,7,0,4,0,1,1,4,5,1,2,4,3,3,7,7,6,5,1,4,4,4,6,6,4,8,7,8,1,5,13,4,5,11,2,4,7,8,11,6,8,8,1,-8,-3,-1,-7,2,2,-1,-4,-3,1,0,-7,8,3,6,9,10,13,10,7,14,3,5,8,4,0,2,4,2,4,0,0,0,0,0,3,-2,-4,-8,6,5,5,4,0,2,4,2,1,4,3,4,5,8,9,10,7,14,3,5,5,-6,-4,-10,2,3,4
2580,11,1,10,9,11,7,8,11,9,5,5,7,14,12,10,4,8,6,3,6,6,9,12,5,8,5,2,7,1,4,3,3,3,4,4,0,1,1,5,4,2,0,0,0,1,0,0,2,2,0,3,1,0,2,6,1,5,4,2,5,0,-7,0,-1,9,10,3,1,4,3,2,3,4,2,-2,1,-2,4,4,0,9,5,8,4,5,7,5,5,4,6,9,8,8,4,8,6,2,6,6,7,10,5,5,4,2,5,5,-3,2,2,-1,1,-2,-5,-1,1,5,6,3,13,5,6,7,9,9,15,10,10,8,7,9,5,0,1,3,2,5,3,2,2,3,3,0,-2,-5,-4,-1,2,0,2,-2,-1,0,-1,5,8,5,5,4,7,4,12,8,8,5,4,9,-4,-3,-3,-1,3,-5
2580,11,2,14,8,13,9,8,5,7,10,6,5,9,11,6,6,10,5,7,7,12,17,7,6,8,7,4,6,4,3,3,4,3,0,3,3,1,2,6,3,0,0,2,0,0,1,1,1,0,0,2,3,0,1,8,-2,8,2,1,-7,-10,3,0,-3,2,7,0,4,1,3,4,2,-1,2,3,1,0,3,3,-1,10,5,10,5,5,5,4,7,5,3,3,8,6,6,8,5,7,6,11,16,7,6,6,4,4,5,4,-3,5,-2,-1,-6,-12,0,-1,-3,-1,4,1,9,13,5,12,7,6,7,12,2,8,7,6,3,2,0,5,4,1,0,3,0,1,4,0,2,1,3,4,0,0,3,-1,0,4,0,1,6,11,5,7,3,5,7,9,2,7,3,6,-1,2,3,0,0,-1
2580,12,1,10,9,11,11,6,6,9,5,6,10,10,11,11,2,9,8,12,6,5,5,6,6,10,9,5,8,2,7,5,4,3,3,3,2,3,4,2,7,5,0,0,1,1,0,1,1,0,1,3,0,0,1,8,0,3,-1,0,1,4,-1,0,0,1,6,3,2,7,4,3,3,2,2,2,2,1,2,7,4,8,2,6,7,3,3,6,3,3,6,8,4,6,2,9,7,11,6,4,4,6,5,7,9,5,7,6,-7,-1,-4,-3,-1,2,-3,-2,-1,-1,-1,-1,15,4,16,11,8,13,10,13,11,8,11,8,3,0,7,3,1,5,1,5,1,2,1,3,5,-9,5,3,-3,5,2,-5,6,1,0,2,12,4,9,8,7,8,9,8,10,6,10,5,3,-4,-1,2,-3,3
2580,12,2,6,1,15,2,11,9,8,7,10,9,8,13,10,9,4,8,7,4,8,5,5,3,7,6,8,8,0,0,5,0,4,3,2,2,5,5,1,5,4,0,0,0,0,0,0,0,2,0,1,2,0,0,-3,-3,7,-5,7,1,3,2,7,2,2,5,2,0,0,5,0,4,3,2,0,5,4,-1,5,4,6,1,10,2,7,6,6,5,5,4,7,8,6,9,4,8,7,4,8,5,3,3,6,4,8,8,-3,-3,2,-5,3,-2,1,2,2,-2,3,0,-2,11,7,12,10,9,10,6,3,10,3,9,6,6,1,4,3,2,3,0,0,1,0,1,1,5,4,2,7,0,4,6,1,3,3,1,2,5,6,8,7,7,7,6,3,9,3,8,5,-1,3,-1,4,-1,2
2580,13,1,19,9,13,6,7,4,4,10,14,8,11,14,8,7,8,3,8,8,12,3,8,6,8,3,2,7,6,3,7,0,0,1,0,4,4,2,2,4,3,0,1,0,0,0,0,0,0,1,1,0,0,2,12,1,10,-2,-1,-8,1,2,8,0,8,12,1,6,2,7,0,0,1,0,4,3,1,2,4,1,13,6,6,6,7,3,4,6,10,6,9,10,5,7,7,3,8,8,12,3,8,5,7,3,2,5,6,-1,3,-2,-1,-9,1,-2,5,-1,6,8,0,13,7,12,5,4,16,6,7,9,7,5,7,4,1,1,0,0,7,1,1,0,3,1,0,7,0,3,-2,-1,9,3,0,1,-3,-1,7,9,6,11,5,4,9,5,6,9,4,4,7,4,0,2,1,0,2
2580,13,2,12,5,11,7,8,5,8,6,10,8,8,7,16,4,5,3,7,5,2,10,8,7,5,6,8,10,4,2,2,2,3,3,3,0,5,3,1,1,7,0,0,0,0,0,0,2,1,0,0,1,0,3,8,0,8,0,3,3,-2,-2,3,3,2,-1,6,4,2,2,2,3,3,1,-1,5,3,0,1,4,8,3,9,5,5,2,5,6,5,5,7,6,9,4,5,3,7,5,2,8,7,7,5,5,8,7,4,-2,6,-2,0,0,-3,-1,-2,0,2,-2,2,10,6,4,13,10,10,10,5,7,10,9,7,4,2,1,1,2,4,0,0,2,2,1,1,0,1,-3,3,1,3,4,2,-1,-1,1,3,6,4,3,12,8,6,10,5,5,8,8,6,-4,-1,-2,4,0,0
2580,14,1,11,10,10,11,13,10,13,10,1,10,13,15,15,9,10,15,6,9,10,6,6,7,10,2,5,9,2,3,2,7,9,2,5,1,0,2,4,7,4,0,0,1,0,0,1,0,1,0,4,0,1,1,2,0,-5,5,4,0,7,4,-6,0,11,10,6,2,3,1,7,9,1,5,0,0,-2,4,6,3,9,7,8,4,4,8,8,9,1,8,9,8,11,9,10,14,6,9,9,6,5,7,6,2,4,8,0,-3,-6,-2,-5,-1,2,4,-6,2,7,4,3,13,4,9,10,9,13,7,10,12,14,6,7,3,1,4,3,1,4,0,0,1,1,0,1,6,-6,-3,-4,3,6,3,1,3,2,1,3,10,3,5,7,8,9,7,10,11,13,6,6,3,-7,-6,-6,2,3
2580,14,2,12,8,9,3,6,10,10,11,10,9,11,11,6,6,9,5,10,8,12,5,6,2,10,9,4,8,3,3,3,3,4,3,2,1,5,2,3,6,3,0,0,1,1,2,0,1,1,0,2,1,1,0,6,-1,4,-7,-2,-2,5,5,8,-1,2,7,-2,3,3,2,2,2,3,1,0,5,0,2,5,3,9,5,6,0,2,7,8,10,5,7,8,5,3,6,9,4,9,6,12,4,5,2,8,8,3,8,3,-4,2,-9,-4,-5,4,5,3,-1,0,2,-5,12,8,8,15,7,12,5,6,3,5,9,7,6,1,1,7,3,2,0,2,0,1,0,2,7,2,5,10,-2,5,6,-1,1,6,3,0,6,7,7,8,4,10,5,4,3,4,9,5,1,3,4,4,-5,5
2580,15,1,11,9,16,15,6,10,19,8,11,10,9,10,12,7,4,11,5,11,10,6,5,7,5,1,2,4,4,2,6,5,4,5,4,5,2,6,2,5,6,0,0,0,0,1,0,1,0,0,0,1,0,1,4,5,5,10,-5,0,13,3,4,5,8,8,8,4,2,6,5,3,5,3,5,2,6,1,5,5,7,7,10,10,2,5,15,3,9,4,7,5,6,7,4,11,5,10,10,5,5,7,5,0,2,3,0,3,-1,5,-8,-5,10,-2,2,-1,7,3,3,9,6,6,10,12,14,11,7,3,6,7,4,2,2,2,2,2,4,1,2,0,0,1,1,-2,-1,3,4,5,10,1,0,2,2,1,3,7,4,4,8,10,10,10,5,3,6,6,3,-3,-1,1,2,4,7
2580,15,2,5,13,14,9,9,7,10,8,13,7,8,10,5,4,7,3,10,9,8,13,10,4,8,4,7,8,0,3,5,1,4,4,2,5,7,2,2,3,2,0,1,2,0,1,1,2,0,0,0,0,0,0,1,6,11,-1,0,-1,-3,-2,9,-1,4,3,-3,0,2,3,1,3,3,0,5,7,2,2,3,2,5,10,9,8,5,3,8,3,6,5,6,7,3,4,6,1,10,8,7,11,10,4,8,4,7,8,1,4,8,-2,-3,-4,-3,-7,2,-3,2,0,-5,9,6,6,8,8,9,10,9,6,7,8,10,4,2,3,1,0,4,0,3,0,1,3,3,-1,-3,0,1,0,-1,4,-1,3,0,-3,1,5,4,3,7,8,5,10,6,6,6,5,7,-5,-2,-3,1,3,-2
2580,16,1,27,12,14,26,15,12,10,23,12,19,18,21,17,17,15,12,13,11,6,3,10,13,7,15,7,6,1,5,5,13,3,1,3,4,6,3,8,11,5,0,0,0,0,0,0,0,0,1,0,2,0,1,10,-3,2,13,4,6,7,13,-1,12,3,14,11,1,5,5,13,3,1,3,4,5,3,6,11,4,26,7,9,13,12,11,7,19,6,16,10,10,12,17,15,12,13,11,6,3,10,12,7,13,7,5,9,-8,-3,0,1,5,4,9,-6,9,-3,3,7,21,15,10,13,18,27,10,10,12,8,6,18,7,4,2,1,2,8,0,1,1,2,0,1,11,5,-2,5,12,9,7,3,1,-1,2,7,14,11,8,12,16,19,10,9,11,6,6,17,4,2,-3,6,10,2
2580,16,2,15,18,15,16,16,21,15,18,13,14,16,12,10,8,11,18,9,18,5,14,10,7,9,10,10,13,1,3,3,2,1,5,0,1,3,3,2,4,3,0,0,2,0,0,0,0,0,0,1,0,0,3,7,7,-3,7,-2,16,1,8,6,5,6,2,-3,1,3,1,2,1,5,0,1,3,2,2,4,0,14,15,12,14,15,16,15,17,10,11,14,8,7,8,11,16,9,18,5,14,10,7,8,10,10,10,6,4,-4,5,-3,11,1,7,3,3,4,-2,-3,15,11,17,14,7,14,3,10,14,9,11,10,4,1,5,0,1,5,0,1,1,2,1,0,12,1,3,5,-4,4,4,0,4,-2,0,5,11,10,12,14,6,9,3,9,13,7,10,10,8,1,-1,7,-4,-1
2580,17,1,16,15,19,15,17,25,22,23,17,16,36,28,14,10,15,9,2,18,15,5,12,6,5,11,7,6,5,3,5,8,5,11,9,7,6,7,25,17,7,0,2,2,0,1,1,0,3,0,0,0,0,0,6,0,10,13,-1,10,17,11,11,11,25,21,8,5,1,3,8,4,10,9,4,6,7,25,17,7,11,12,14,7,12,14,13,16,11,9,11,11,7,10,13,7,2,17,14,5,9,6,5,11,7,6,1,-1,7,5,-5,0,8,7,5,4,0,4,1,11,17,10,19,10,11,9,12,8,6,8,6,5,7,3,6,3,3,0,0,0,0,2,1,2,5,2,13,2,5,5,7,3,6,1,2,6,10,7,13,7,8,9,12,8,6,6,5,-3,-2,-1,7,1,3
2580,17,2,16,16,20,14,6,11,7,8,5,7,13,8,12,11,20,10,14,7,7,13,9,4,10,7,10,8,1,5,3,3,1,2,2,3,1,2,5,2,2,1,1,0,1,1,0,0,1,1,3,1,0,1,5,-4,10,0,-1,4,-6,-1,1,-3,6,-2,4,0,4,3,2,0,2,2,2,0,-1,4,2,1,15,11,17,11,5,9,5,5,4,5,8,6,10,10,19,10,13,6,7,13,8,3,7,6,10,7,5,-8,7,-2,-1,2,-8,-3,1,-2,2,-4,3,7,8,12,9,13,14,3,13,6,10,8,6,3,3,3,2,2,5,0,3,1,0,1,2,4,-5,6,-1,5,8,3,0,2,2,1,3,4,5,9,7,11,9,3,10,5,10,7,4,1,-5,4,-3,4,5
2580,18,1,19,11,20,19,21,21,26,19,16,13,27,52,20,13,9,9,17,16,17,15,6,9,11,9,6,7,2,2,4,2,5,4,4,8,7,6,14,39,6,0,0,0,3,1,0,1,0,0,3,0,0,0,6,2,11,2,5,4,11,13,7,2,18,46,13,2,2,4,-1,4,4,3,8,7,3,14,39,6,17,9,16,17,16,17,22,11,9,7,13,13,14,13,9,9,14,15,17,14,6,9,8,9,6,7,4,0,7,3,1,0,8,5,0,-1,4,7,7,18,9,16,12,13,9,9,6,11,9,7,8,6,2,4,4,3,3,0,0,0,0,0,1,9,3,5,3,6,1,6,2,4,4,3,2,12,7,12,8,10,6,9,6,11,9,7,7,3,1,1,-1,3,-1
2580,18,2,19,16,25,24,19,9,14,8,21,20,15,22,14,13,18,19,30,11,8,18,13,19,9,9,13,12,2,2,2,2,0,1,2,1,5,3,2,6,2,1,0,1,3,2,0,1,1,2,2,1,0,1,6,-2,6,-6,8,1,-4,-5,2,11,6,9,2,1,2,1,-1,-2,1,1,0,3,1,1,6,1,17,14,23,22,19,8,12,7,16,17,13,16,12,12,18,18,27,9,8,17,12,17,7,8,13,11,5,-4,5,-5,10,0,-5,-5,-1,10,5,3,1,15,12,16,17,14,25,15,14,14,9,16,11,2,0,4,4,1,9,1,1,1,1,1,0,0,-2,2,8,-2,14,1,-1,3,3,0,9,13,12,12,13,13,16,14,13,13,8,15,11,-1,-1,-1,5,-2,5
2580,19,1,121,129,131,177,156,176,186,155,163,165,168,179,223,41,31,27,57,48,46,45,60,55,47,42,33,41,9,2,4,0,8,6,4,0,3,2,3,4,30,3,1,2,3,2,0,4,1,0,1,1,0,0,80,98,104,120,108,130,141,95,108,118,126,146,182,6,1,2,-3,6,6,0,-1,3,1,2,4,30,112,127,127,177,148,170,182,155,160,163,165,175,193,38,30,25,54,46,46,41,59,55,46,41,33,41,74,97,102,123,102,124,141,96,105,117,124,142,152,167,216,166,147,135,117,43,39,43,40,46,37,14,2,4,4,1,6,1,2,0,1,2,2,124,177,123,107,89,80,13,0,4,3,-1,4,153,214,162,143,134,111,42,37,43,39,44,35,111,177,119,104,90,76
2580,19,2,122,124,114,115,125,127,113,107,98,85,81,85,88,61,62,56,51,60,66,44,56,52,46,41,43,47,5,6,5,5,7,5,7,2,3,1,3,5,4,3,3,2,3,2,5,2,5,0,2,0,1,1,61,62,58,64,65,61,69,51,46,39,40,42,41,2,3,3,2,5,0,5,-3,3,-1,3,4,3,117,118,109,110,118,122,106,105,95,84,78,80,84,58,59,54,48,58,61,42,51,52,44,41,42,46,59,59,55,62,60,61,64,54,43,40,37,38,38,100,120,129,108,94,105,54,59,51,52,47,35,5,5,3,3,4,8,0,1,1,1,1,4,46,61,78,56,47,70,5,4,2,2,3,4,95,115,126,105,90,97,54,58,50,51,46,31,41,57,76,54,44,66
2580,20,1,153,152,134,166,138,142,149,235,194,144,176,168,200,79,89,89,69,108,96,101,94,80,79,103,78,83,4,4,2,5,7,3,7,4,1,3,5,1,8,1,4,1,3,3,9,6,1,2,1,2,1,0,74,63,45,97,30,46,48,141,114,65,73,90,117,3,0,1,2,4,-6,1,3,-1,2,3,0,8,149,148,132,161,131,139,142,231,193,141,171,167,192,78,85,88,66,105,87,95,93,78,78,101,77,83,71,63,44,95,26,52,47,138,115,63,70,90,109,177,221,237,192,166,178,100,84,121,93,76,72,15,3,7,4,1,10,2,0,0,1,0,2,77,137,116,99,90,106,13,3,7,3,1,8,162,218,230,188,165,168,98,84,121,92,76,70,64,134,109,96,89,98
2580,20,2,156,144,127,147,115,139,145,155,148,111,121,109,113,89,103,102,102,83,97,119,89,99,72,82,61,74,4,4,9,5,2,7,9,5,9,4,4,4,6,3,1,5,5,5,8,8,3,9,0,2,1,1,67,41,25,45,32,42,26,66,49,39,39,48,39,1,3,4,0,-3,-1,1,2,0,4,2,3,5,152,140,118,142,113,132,136,150,139,107,117,105,107,86,102,97,97,78,89,111,86,90,72,80,60,73,66,38,21,45,35,43,25,64,49,35,37,45,34,119,158,153,106,146,126,80,72,101,84,78,87,4,3,1,3,3,6,5,2,2,0,3,2,39,86,52,22,68,39,-1,1,-1,3,0,4,115,155,152,103,143,120,75,70,99,84,75,85,40,85,53,19,68,35
2580,21,1,116,126,106,182,104,140,158,174,153,130,166,169,124,89,133,89,79,86,106,97,121,138,98,94,97,96,9,5,3,7,2,5,8,6,2,2,5,6,5,3,4,3,1,3,2,7,3,3,1,4,1,3,27,-7,17,103,18,34,61,53,15,32,72,72,28,6,1,0,6,-1,3,1,3,-1,1,1,5,2,107,121,103,175,102,135,150,168,151,128,161,163,119,86,129,86,78,83,104,90,118,135,97,90,96,93,21,-8,17,97,19,31,60,50,16,31,71,67,26,129,179,157,131,126,146,91,110,106,109,111,96,5,0,3,2,3,7,1,4,3,0,6,3,38,69,51,22,15,50,4,-4,0,2,-3,4,124,179,154,129,123,139,90,106,103,109,105,93,34,73,51,20,18,46
2580,21,2,120,120,94,131,132,108,111,147,135,100,120,97,88,93,103,107,100,126,96,101,100,113,80,91,80,83,8,6,5,11,4,5,6,2,3,5,5,4,4,6,2,3,1,3,3,5,2,4,2,1,2,2,27,17,-13,31,6,12,10,47,22,20,29,17,5,2,4,2,10,1,2,1,0,-1,3,4,2,2,112,114,89,120,128,103,105,145,132,95,115,93,84,87,101,104,99,123,93,96,98,109,78,90,78,81,25,13,-15,21,5,10,9,47,23,17,25,15,3,67,102,101,115,101,94,61,92,84,106,72,95,0,3,3,4,8,5,2,4,1,1,1,3,6,10,17,9,29,-1,-2,-1,2,3,7,2,67,99,98,111,93,89,59,88,83,105,71,92,8,11,15,6,22,-3
2580,22,1,123,85,106,125,99,124,149,139,151,136,153,128,132,93,126,93,95,106,110,128,124,124,136,116,103,106,9,4,9,11,5,12,6,11,3,4,4,7,5,1,2,5,3,1,3,4,3,2,5,0,2,3,30,-41,13,30,-7,14,21,15,27,0,37,25,26,8,2,4,8,4,9,2,8,1,-1,4,5,2,114,81,97,114,94,112,143,128,148,132,149,121,127,92,124,88,92,105,107,124,121,122,131,116,101,103,22,-43,9,22,-11,5,19,7,26,1,33,20,24,112,109,129,87,104,109,102,100,139,124,111,114,4,2,5,5,4,6,3,0,0,1,2,6,10,9,-10,-37,-7,-5,1,2,5,4,2,0,108,107,124,82,100,103,99,100,139,123,109,108,9,7,-15,-41,-9,-5
2580,22,2,96,92,103,111,89,95,122,101,94,118,111,100,88,110,86,122,100,110,116,110,118,106,131,81,74,85,12,10,5,9,4,4,7,10,5,7,7,5,4,0,0,6,4,9,3,4,11,2,2,2,1,2,-14,6,-19,11,-21,-21,12,-17,-12,-13,30,26,3,12,10,-1,5,-5,1,3,-1,3,5,5,4,2,84,82,98,102,85,91,115,91,89,111,104,95,84,110,86,116,96,101,113,106,107,104,129,79,73,83,-26,-4,-18,6,-16,-22,9,-16,-15,-18,25,22,1,97,81,99,115,100,67,88,94,84,87,95,88,6,5,4,4,4,6,1,1,2,1,0,3,9,-13,15,28,5,-21,5,4,2,3,4,3,91,76,95,111,96,61,87,93,82,86,95,85,4,-17,13,25,1,-24
2580,23,1,111,96,98,118,103,105,109,116,115,111,135,120,120,101,117,104,113,114,114,103,131,118,115,138,132,120,13,3,8,11,6,4,8,5,4,6,6,8,5,3,5,4,2,2,3,1,1,1,2,0,2,4,10,-21,-6,5,-11,-9,6,-15,-3,-4,-3,-12,0,10,-2,4,9,4,1,7,4,3,4,6,6,1,98,93,90,107,97,101,101,111,111,105,129,112,115,98,112,100,111,112,111,102,130,117,113,138,130,116,0,-19,-10,-4,-15,-10,-1,-19,-6,-8,-9,-18,-1,96,115,94,131,105,105,95,110,110,107,98,115,3,3,1,5,5,7,0,1,3,0,4,1,1,5,-16,24,7,-10,3,2,-2,5,1,6,93,112,93,126,100,98,95,109,107,107,94,114,-2,3,-14,19,6,-16
2580,23,2,91,86,90,98,95,86,106,101,99,107,115,94,98,94,117,100,109,120,103,94,103,96,103,110,95,86,16,7,8,12,13,10,4,6,6,10,11,8,8,3,2,3,4,4,9,1,3,6,2,1,2,2,-3,-31,-10,-11,-25,-17,12,-2,3,4,5,-1,12,13,5,5,8,9,1,3,3,0,8,10,6,6,75,79,82,86,82,76,102,95,93,97,104,86,90,91,115,97,105,116,94,93,100,90,101,109,93,84,-16,-36,-15,-19,-34,-18,9,-5,3,-4,-5,-7,6,79,97,81,93,72,100,96,78,85,87,77,100,8,6,6,4,6,8,1,0,1,0,4,4,-17,19,-4,6,-5,0,7,6,5,4,2,4,71,91,75,89,66,92,95,78,84,87,73,96,-24,13,-9,2,-7,-4
2580,24,1,93,109,78,99,83,96,101,87,104,103,121,112,94,134,137,116,120,110,94,144,128,124,142,135,174,154,9,11,9,7,16,9,10,1,17,8,8,8,9,4,9,2,4,6,8,4,3,1,4,6,2,6,-41,-28,-38,-21,-27,2,-43,-41,-20,-39,-14,-62,-60,5,2,7,3,10,1,6,-2,16,4,2,6,3,84,98,69,92,67,87,91,86,87,95,113,104,85,130,128,114,116,104,86,140,125,123,138,129,172,148,-46,-30,-45,-24,-37,1,-49,-39,-36,-43,-16,-68,-63,85,83,103,91,109,90,142,144,165,129,158,129,6,9,7,9,6,12,2,2,1,1,4,2,-57,-61,-62,-38,-49,-39,4,7,6,8,2,10,79,74,96,82,103,78,140,142,164,128,154,127,-61,-68,-68,-46,-51,-49
2580,24,2,79,84,93,88,92,91,72,82,92,105,107,102,85,92,110,107,114,125,107,115,121,107,135,134,142,137,9,6,9,11,10,7,10,7,10,8,9,10,7,2,1,2,6,3,10,4,4,5,2,9,4,2,-13,-26,-14,-26,-33,-16,-43,-39,-15,-30,-27,-40,-52,7,5,7,5,7,-3,6,3,5,6,0,6,5,70,78,84,77,82,84,62,75,82,97,98,92,78,90,109,105,108,122,97,111,117,102,133,125,138,135,-20,-31,-21,-31,-40,-13,-49,-42,-20,-36,-27,-46,-57,77,81,70,87,82,69,109,83,89,75,91,95,3,7,12,7,5,9,1,2,3,0,3,0,-32,-2,-19,12,-9,-26,2,5,9,7,2,9,74,74,58,80,77,60,108,81,86,75,88,95,-34,-7,-28,5,-11,-35
2580,25,1,110,76,74,86,100,81,75,81,92,91,108,106,114,146,143,112,98,132,115,110,100,118,148,124,147,177,19,7,11,11,26,9,9,4,10,13,15,13,17,4,6,4,4,5,11,1,4,2,7,4,3,3,-36,-67,-38,-12,-32,-34,-35,-19,-26,-57,-16,-41,-63,15,1,7,7,21,-2,8,0,8,6,11,10,14,91,69,63,75,74,72,66,77,82,78,93,93,97,142,137,108,94,127,104,109,96,116,141,120,144,174,-51,-68,-45,-19,-53,-32,-43,-19,-34,-63,-27,-51,-77,86,94,89,82,99,101,124,117,116,113,121,121,10,14,12,15,13,8,2,0,3,0,2,0,-38,-23,-27,-31,-22,-20,8,14,9,15,11,8,76,80,77,67,86,93,122,117,113,113,119,121,-46,-37,-36,-46,-33,-28
2580,25,2,86,63,69,87,72,80,96,96,82,76,92,99,75,108,100,95,97,104,85,102,97,114,106,115,119,101,9,5,9,6,12,13,10,14,10,9,15,11,12,6,3,2,7,7,4,7,4,6,5,3,2,3,-22,-37,-26,-10,-32,-5,-6,-1,-32,-30,-23,-20,-26,3,2,7,-1,5,9,3,10,4,4,12,9,9,77,58,60,81,60,67,86,82,72,67,77,88,63,102,97,93,90,97,81,95,93,108,101,112,117,98,-25,-39,-33,-9,-37,-14,-9,-11,-36,-34,-35,-29,-35,81,68,71,68,89,95,104,96,90,88,80,77,6,7,10,9,9,10,3,1,4,4,3,1,-23,-28,-19,-20,9,18,3,6,6,5,6,9,75,61,61,59,80,85,101,95,86,84,77,76,-26,-34,-25,-25,3,9
2580,26,1,77,77,75,70,78,83,73,66,76,79,82,109,89,146,111,111,90,102,87,96,95,122,114,93,132,124,13,11,13,15,22,17,9,11,12,9,14,18,8,4,7,4,7,7,8,4,7,3,5,4,6,5,-69,-34,-36,-20,-24,-4,-23,-29,-46,-35,-11,-23,-35,9,4,9,8,15,9,5,4,9,4,10,12,3,64,66,62,55,56,66,64,55,64,70,68,91,81,142,104,107,83,95,79,92,88,119,109,89,126,119,-78,-38,-45,-28,-39,-13,-28,-33,-55,-39,-21,-35,-38,83,78,77,65,68,70,130,105,115,102,95,109,8,13,15,8,12,13,3,1,1,2,4,8,-47,-27,-38,-37,-27,-39,5,12,14,6,8,5,75,65,62,57,56,57,127,104,114,100,91,101,-52,-39,-52,-43,-35,-44
2580,26,2,80,73,71,60,57,60,68,72,79,64,88,67,74,108,112,66,82,77,80,86,94,82,92,100,84,84,15,12,9,10,11,7,8,8,9,8,9,10,7,7,6,7,9,7,10,2,3,3,5,1,3,4,-28,-39,5,-22,-20,-20,-18,-22,-3,-28,-12,-17,-10,8,6,2,1,4,-3,6,5,6,3,8,7,3,65,61,62,50,46,53,60,64,70,56,79,57,67,101,106,59,73,70,70,84,91,79,87,99,81,80,-36,-45,3,-23,-24,-17,-24,-27,-9,-31,-20,-24,-13,74,68,68,78,65,66,89,76,72,70,72,92,10,12,8,10,9,12,2,3,0,3,1,1,-15,-8,-4,8,-7,-26,8,9,8,7,8,11,64,56,60,68,56,54,87,73,72,67,71,91,-23,-17,-12,1,-15,-37
2580,27,1,63,67,56,58,55,59,82,60,82,72,73,73,77,98,117,91,68,70,82,81,69,85,86,108,96,117,13,12,12,11,12,8,8,8,9,11,11,9,8,5,13,9,4,4,10,4,4,3,5,7,3,5,-35,-50,-35,-10,-15,-23,1,-9,-3,-14,-35,-23,-40,8,-1,3,7,8,-2,4,4,6,6,4,6,3,50,55,44,47,43,51,74,52,73,61,62,64,69,93,104,82,64,66,72,77,65,82,81,101,93,112,-43,-49,-38,-17,-23,-21,-3,-13,-9,-20,-39,-29,-43,74,84,91,74,63,74,96,94,91,84,65,69,13,13,10,7,15,13,4,0,2,2,4,2,-22,-10,0,-10,-2,5,9,13,8,5,11,11,61,71,81,67,48,61,92,94,89,82,61,67,-31,-23,-8,-15,-13,-6
2580,27,2,75,61,61,53,55,52,58,55,62,65,71,71,68,68,61,69,63,54,76,70,70,54,74,63,79,83,10,8,7,7,14,16,14,5,11,11,12,14,13,5,7,7,5,5,14,4,0,3,7,4,4,6,7,0,-8,-10,1,-24,-12,-15,8,-9,8,-8,-15,5,1,0,2,9,2,10,5,8,4,8,10,7,65,53,54,46,41,36,44,50,51,54,59,57,55,63,54,62,58,49,62,66,70,51,67,59,75,77,2,-1,-8,-12,-8,-26,-22,-20,0,-13,0,-18,-22,49,83,59,59,61,52,85,94,67,69,67,65,7,13,11,10,10,10,4,6,6,4,2,0,-36,-11,-8,-10,-6,-13,3,7,5,6,8,10,42,70,48,49,51,42,81,88,61,65,65,65,-39,-18,-13,-16,-14,-23
2580,28,1,55,44,79,48,56,57,53,71,62,54,57,61,81,67,69,78,80,60,75,53,72,64,65,72,75,85,13,8,16,3,13,3,6,10,13,12,11,11,15,3,11,6,11,1,14,2,5,6,6,5,6,3,-12,-25,1,-32,-4,-18,0,-1,-2,-11,-15,-14,-4,10,-3,10,-8,12,-11,4,5,7,6,6,5,12,42,36,63,45,43,54,47,61,49,42,46,50,66,64,58,72,69,59,61,51,67,58,59,67,69,82,-22,-22,-9,-24,-16,-7,-4,-6,-9,-17,-21,-19,-16,70,75,68,81,63,45,77,80,93,89,67,62,11,16,9,10,11,8,6,3,3,2,10,2,-7,-5,-25,-8,-4,-17,5,13,6,8,1,6,59,59,59,71,52,37,71,77,90,87,57,60,-12,-18,-31,-16,-5,-23
2580,28,2,50,46,48,40,40,56,63,60,53,54,50,46,56,60,56,68,59,41,51,48,39,45,65,54,59,64,10,7,9,11,11,7,13,7,12,10,8,10,9,5,9,9,3,6,9,4,4,4,2,8,3,1,-10,-10,-20,-19,-1,5,15,21,8,-11,-4,-13,-8,5,-2,0,8,5,-2,9,3,8,8,0,7,8,40,39,39,29,29,49,50,53,41,44,42,36,47,55,47,59,56,35,42,44,35,41,63,46,56,63,-15,-8,-20,-27,-6,7,6,18,0,-19,-4,-20,-16,49,69,55,59,54,58,60,68,54,48,49,64,7,13,7,18,9,15,3,2,1,3,3,7,-11,1,1,11,5,-6,4,11,6,15,6,8,42,56,48,41,45,43,57,66,53,45,46,57,-15,-10,-5,-4,-1,-14
2580,29,1,42,53,47,47,73,42,47,40,50,48,49,70,71,69,82,54,53,58,62,49,47,54,48,67,70,67,8,5,4,11,13,10,6,3,12,10,10,7,13,2,10,7,6,6,11,2,1,3,5,3,4,3,-27,-29,-7,-6,15,-20,-2,-7,-4,0,-18,0,4,6,-5,-3,5,7,-1,4,2,9,5,7,3,10,34,48,43,36,60,32,41,37,38,38,39,63,58,67,72,47,47,52,51,47,46,51,43,64,66,64,-33,-24,-4,-11,8,-19,-6,-9,-13,-5,-25,-3,-6,55,72,61,59,63,51,81,71,66,75,60,63,10,14,5,9,6,12,8,6,3,3,5,6,-26,1,-5,-16,3,-12,2,8,2,6,1,6,45,58,56,50,57,39,73,65,63,72,55,57,-28,-7,-7,-22,2,-18
2580,29,2,32,35,36,37,44,28,50,44,42,46,42,61,58,33,51,48,36,42,48,33,43,38,43,42,41,44,4,3,8,5,8,6,8,13,10,9,5,15,11,3,4,5,2,6,4,2,3,1,3,1,3,3,-1,-16,-12,1,2,-20,17,1,4,3,0,20,14,1,-1,3,3,2,2,6,10,9,6,4,12,8,28,32,28,32,36,22,42,31,32,37,37,46,47,30,47,43,34,36,44,31,40,37,40,41,38,41,-2,-15,-15,-2,0,-22,11,-9,-5,-3,-4,8,6,40,50,52,56,57,45,62,49,68,55,40,52,9,3,6,8,16,11,6,1,0,3,8,8,-22,1,-16,1,17,-7,3,2,6,5,8,3,31,47,46,48,41,34,56,48,68,52,32,44,-25,-1,-22,-4,9,-10
2580,30,1,51,45,41,39,58,67,44,45,46,40,47,60,60,51,61,60,36,50,73,52,58,40,53,44,49,57,11,10,9,6,10,10,7,10,10,8,12,7,15,6,10,5,1,4,17,3,5,4,7,1,5,4,0,-16,-19,3,8,-6,-8,-13,6,-13,3,11,3,5,0,4,5,6,-7,4,5,6,1,11,2,11,40,35,32,33,48,57,37,35,36,32,35,53,45,45,51,55,35,46,56,49,53,36,46,43,44,53,-5,-16,-23,-2,2,1,-12,-18,0,-14,-8,9,-8,62,53,48,66,55,66,57,57,74,60,54,52,14,6,9,16,13,17,3,1,4,2,7,7,5,-4,-26,6,1,14,11,5,5,14,6,10,48,47,39,50,42,49,54,56,70,58,47,45,-6,-9,-31,-8,-5,4
2580,30,2,37,35,33,24,42,31,35,33,36,42,49,68,41,40,53,34,36,41,51,26,35,36,31,44,51,50,8,11,4,2,14,5,8,7,7,10,14,14,6,2,12,4,5,2,9,2,2,1,6,7,3,4,-3,-18,-1,-12,1,-20,9,-2,0,11,5,17,-9,6,-1,0,-3,12,-4,6,5,6,4,7,11,2,29,24,29,22,28,26,27,26,29,32,35,54,35,38,41,30,31,39,42,24,33,35,25,37,48,46,-9,-17,-1,-9,-11,-16,3,-7,-6,7,-2,6,-11,42,48,37,51,47,55,39,46,51,43,52,47,9,4,8,11,11,20,7,5,4,2,5,10,3,2,-14,8,-5,8,2,-1,4,9,6,10,33,44,29,40,36,35,32,41,47,41,47,37,1,3,-18,-1,-11,-2
2580,31,1,42,35,42,39,39,41,41,44,38,45,41,58,44,33,47,46,51,42,59,50,28,42,58,43,39,49,8,5,14,6,7,5,8,5,9,10,2,15,6,1,7,6,3,8,16,3,2,6,14,4,2,4,9,-12,-4,-12,-3,-18,-9,16,-4,-13,-2,19,-5,7,-2,8,3,-1,-11,5,3,3,-4,-2,13,2,34,30,28,33,32,36,33,39,29,35,39,43,38,32,40,40,48,34,43,47,26,36,44,39,37,45,2,-10,-12,-15,-2,-7,-14,13,-7,-9,0,6,-7,49,51,51,58,43,49,47,46,45,48,59,45,11,10,9,6,8,10,4,2,4,2,9,10,2,5,6,10,-16,4,7,8,5,4,-1,0,38,41,42,52,35,39,43,44,41,46,50,35,-5,-3,1,6,-15,4
2580,31,2,33,28,27,30,29,42,39,27,34,32,40,36,44,24,38,29,23,33,38,24,21,39,26,30,36,41,12,7,4,6,4,10,7,6,10,2,9,11,12,4,9,4,1,5,7,0,0,4,2,2,6,6,9,-10,-2,7,-4,4,15,6,-5,6,10,0,3,8,-2,0,5,-1,3,7,6,6,0,7,5,6,21,21,23,24,25,32,32,21,24,30,31,25,32,20,29,25,22,28,31,24,21,35,24,28,30,35,1,-8,-2,2,-3,1,8,0,-11,6,3,-5,-3,51,34,43,48,57,44,44,32,25,44,34,43,19,8,12,14,11,11,2,6,2,3,4,10,7,2,18,4,23,1,17,2,10,11,7,1,32,26,31,34,46,33,42,26,23,41,30,33,-10,0,8,-7,16,0
2580,32,1,31,37,36,35,30,38,33,30,39,42,43,43,50,31,35,34,23,38,34,39,39,27,44,42,47,45,8,10,5,8,10,11,7,8,7,8,7,7,14,4,3,2,3,5,9,1,2,1,10,6,7,6,0,2,2,12,-8,4,-6,-9,12,-2,1,-4,5,4,7,3,5,5,2,6,6,6,-2,1,0,8,23,27,31,27,20,27,26,22,32,34,36,36,36,27,32,32,20,33,25,38,37,26,34,36,40,39,-4,-5,-1,7,-13,2,-12,-15,6,0,0,-4,-3,43,49,44,46,60,67,40,44,55,52,63,59,13,9,10,12,10,10,4,5,6,5,9,9,3,5,-11,-6,-3,8,9,4,4,7,1,1,30,40,34,34,50,57,36,39,49,47,54,50,-6,1,-15,-13,-4,7
2580,32,2,29,27,22,22,29,28,36,32,29,34,27,26,24,30,24,25,25,31,26,33,16,15,27,40,28,23,2,7,10,2,9,9,8,7,8,5,8,3,3,5,5,2,6,2,6,4,3,4,4,8,3,6,-1,3,-3,-3,-2,2,3,16,14,7,-13,-2,1,-3,2,8,-4,7,3,4,4,4,1,0,0,-3,27,20,12,20,20,19,28,25,21,29,19,23,21,25,19,23,19,29,20,29,13,11,23,32,25,17,2,1,-11,1,-9,-1,-1,12,10,6,-13,-2,4,41,39,27,43,47,47,28,28,35,34,34,47,13,9,5,17,9,10,0,3,4,3,8,4,13,11,-8,9,13,0,13,6,1,14,1,6,28,30,22,26,38,37,28,25,31,31,26,43,0,5,-9,-5,12,-6
2580,33,1,37,30,38,31,18,33,24,34,38,26,39,37,29,29,40,42,37,31,32,36,34,41,35,34,23,46,5,3,9,9,7,8,4,8,7,3,6,7,10,3,7,6,3,5,8,4,1,5,7,4,3,6,8,-10,-4,-6,-13,1,-12,0,-3,-9,5,14,-17,2,-4,3,6,2,0,0,7,2,-4,2,4,4,32,27,29,22,11,25,20,26,31,23,33,30,19,26,33,36,34,26,24,32,33,36,28,30,20,40,6,-6,-7,-12,-15,1,-12,-7,-5,-5,3,10,-21,36,34,44,43,43,46,37,27,37,45,43,41,13,5,6,13,7,13,2,1,2,5,10,6,-1,7,7,-2,0,5,11,4,4,8,-3,7,23,29,38,30,36,33,35,26,35,40,33,35,-12,3,3,-10,3,-2
2580,33,2,35,26,15,15,29,33,29,35,27,23,36,33,32,13,28,26,19,23,15,18,24,17,23,24,22,40,7,10,3,4,7,4,5,6,11,6,9,12,8,0,6,3,2,2,4,2,3,1,2,1,0,3,22,-2,-11,-4,6,18,11,11,10,0,12,11,-8,7,4,0,2,5,0,3,3,10,4,8,12,5,28,16,12,11,22,29,24,29,16,17,27,21,24,13,22,23,17,21,11,16,21,16,21,23,22,37,15,-6,-11,-6,1,18,8,8,0,-4,4,-1,-13,21,30,35,38,34,43,22,33,35,24,29,31,9,6,7,10,10,11,2,3,6,5,6,6,-1,-3,0,14,5,12,7,3,1,5,4,5,12,24,28,28,24,32,20,30,29,19,23,25,-8,-6,-1,9,1,7
2580,34,1,29,28,26,30,35,19,26,23,31,27,37,39,32,28,27,25,32,27,42,24,25,31,38,26,31,28,2,5,7,2,4,6,5,1,5,5,9,12,9,4,7,2,3,0,11,3,5,2,11,4,5,2,1,1,1,-2,8,-23,2,-2,0,-11,11,8,4,-2,-2,5,-1,4,-5,2,-4,3,-6,5,7,7,27,23,19,28,31,13,21,22,26,22,28,27,23,24,20,23,29,27,31,21,20,29,27,22,26,26,3,3,-4,-1,4,-18,0,2,-3,-5,6,1,-3,32,39,47,49,33,40,34,40,30,36,38,42,9,8,10,14,10,8,5,2,1,4,6,7,-2,-1,17,13,-5,-2,4,6,9,10,4,1,23,31,37,35,23,32,29,38,29,32,32,35,-6,-7,8,3,-9,-3
2580,34,2,26,24,26,13,22,25,19,27,34,25,24,22,25,18,18,19,18,16,27,15,22,20,21,16,29,25,4,6,3,3,5,5,7,5,10,6,8,9,8,1,4,2,3,1,2,2,2,3,4,2,1,5,8,6,7,-5,6,-2,4,5,14,4,8,-7,0,3,2,1,0,4,3,5,3,7,2,6,8,3,22,18,23,10,17,20,12,22,24,19,16,13,17,17,14,17,15,15,25,13,20,17,17,14,28,20,5,4,6,-5,2,-5,-1,2,7,2,2,-15,-3,20,24,33,41,27,35,33,23,29,25,27,29,6,7,5,10,5,16,3,2,1,4,2,4,-13,1,4,16,0,6,3,5,4,6,3,12,14,17,28,31,22,19,30,21,28,21,25,25,-16,-4,0,10,-3,-6
2580,35,1,24,26,23,26,24,24,18,29,14,29,40,36,27,22,29,30,22,41,29,15,18,33,24,23,35,26,4,6,2,7,9,5,2,7,5,5,9,8,5,0,1,2,4,1,13,1,3,6,8,4,4,2,2,-3,-7,4,-17,-5,3,11,-19,5,17,1,1,4,5,0,3,8,-8,1,4,-1,-3,5,4,3,20,20,21,19,15,19,16,22,9,24,31,28,22,22,28,28,18,40,16,14,15,27,16,19,31,24,-2,-8,-7,1,-25,3,2,7,-18,8,12,-3,-2,24,37,28,39,42,43,28,33,38,23,37,34,8,9,10,8,6,13,4,5,4,1,7,13,-4,4,-10,16,5,9,4,4,6,7,-1,0,16,28,18,31,36,30,24,28,34,22,30,21,-8,0,-16,9,6,9
2580,35,2,22,18,19,18,21,16,16,20,26,22,14,30,27,18,22,19,17,16,14,13,18,20,35,17,14,17,6,4,4,5,6,5,6,5,5,8,3,9,10,1,3,1,2,3,7,2,5,2,5,1,2,1,4,-4,0,1,5,2,3,2,6,-13,-3,16,10,5,1,3,3,3,-2,4,0,3,3,2,7,9,16,14,15,13,15,11,10,15,21,14,11,21,17,17,19,18,15,13,7,11,13,18,30,16,12,16,-1,-5,-3,-2,2,4,-1,2,3,-16,-5,9,1,28,16,37,35,20,25,18,16,21,34,27,33,11,3,8,6,5,11,2,2,2,5,9,12,10,0,16,1,-7,-8,9,1,6,1,-4,-1,17,13,29,29,15,14,16,14,19,29,18,21,1,-1,10,0,-3,-7
2580,36,1,34,22,15,14,26,25,31,27,27,29,30,25,28,25,19,21,26,20,28,17,19,16,23,31,35,41,7,3,4,2,4,6,9,7,7,9,10,7,8,1,6,1,3,3,6,4,5,4,7,5,6,3,9,3,-6,-12,6,-3,14,8,11,6,-1,-10,-13,6,-3,3,-1,1,0,5,2,3,2,5,1,5,27,19,11,12,22,19,22,20,20,20,20,18,20,24,13,20,23,17,22,13,14,12,16,26,29,38,3,6,-9,-11,5,-3,9,6,8,4,-6,-11,-18,33,35,37,35,34,50,23,19,33,28,40,45,15,7,9,8,7,12,2,0,2,3,11,9,10,16,4,7,-6,5,13,7,7,5,-4,3,18,28,28,27,27,38,21,19,31,25,29,36,-3,9,-3,2,-2,2
2580,36,2,19,23,18,17,29,24,15,24,16,25,24,21,22,15,17,12,15,18,13,14,19,13,20,18,16,24,4,6,6,5,10,6,8,8,4,7,7,5,5,1,4,0,1,1,2,3,3,1,6,3,2,2,4,6,6,2,11,11,1,5,3,5,6,5,-2,3,2,6,4,9,4,5,5,3,1,4,3,3,15,17,12,12,19,18,7,16,12,18,17,16,17,14,13,12,14,17,11,11,16,12,14,15,14,22,1,4,0,-2,2,7,-4,0,0,4,2,2,-5,18,22,22,23,17,37,21,12,13,14,27,31,5,9,5,7,6,12,4,1,2,0,5,5,-3,10,9,9,-10,6,1,8,3,7,1,7,13,13,17,16,11,25,17,11,11,14,22,26,-4,2,6,2,-11,-1
2580,37,1,20,18,21,19,22,18,28,28,19,18,21,29,21,17,22,19,17,18,22,17,29,15,26,30,21,24,2,8,5,3,8,6,4,6,3,2,5,13,3,2,7,2,5,2,8,3,3,3,6,4,2,2,3,-4,2,2,4,-4,11,-1,4,-8,-9,8,-3,0,1,3,-2,6,-2,1,3,0,-4,1,11,1,18,10,16,16,14,12,24,22,16,16,16,16,18,15,15,17,12,16,14,14,26,12,20,26,19,22,3,-5,-1,4,-2,-2,10,-4,4,-4,-10,-3,-4,31,22,23,39,26,29,30,27,29,32,35,43,7,3,4,12,8,8,4,4,2,6,7,14,1,-5,-6,7,-9,-14,3,-1,2,6,1,-6,24,19,19,27,18,21,26,23,27,26,28,29,-2,-4,-8,1,-10,-8
2580,37,2,15,12,15,22,15,27,19,24,20,13,22,16,26,12,13,18,11,20,12,14,16,12,21,16,17,16,2,3,3,4,1,8,4,10,4,2,7,7,5,2,5,4,1,1,3,1,0,1,2,5,1,4,3,-1,-3,11,-5,15,5,8,8,-8,6,-1,10,0,-2,-1,3,0,5,3,10,3,0,2,6,1,13,9,12,18,14,19,15,14,16,11,15,9,21,10,8,14,10,19,9,13,16,11,19,11,16,12,3,1,-2,8,-5,10,2,-2,5,-8,4,-7,9,22,22,20,17,22,25,17,19,19,16,18,18,6,5,5,5,5,8,2,2,5,0,2,4,5,3,1,1,4,7,4,3,0,5,3,4,16,17,15,12,17,17,15,17,14,16,16,14,1,0,1,-4,1,3
2580,38,1,13,8,17,21,16,15,14,16,20,29,20,17,24,10,23,20,21,12,11,11,14,19,26,17,12,15,2,1,1,5,2,2,4,4,4,7,4,4,4,2,8,0,4,2,3,2,2,3,4,4,3,1,3,-15,-3,0,4,4,3,2,1,3,3,5,9,0,-7,1,1,0,-1,2,2,1,3,0,1,3,11,7,16,16,14,13,10,12,16,22,16,13,20,8,15,20,17,10,8,9,12,16,22,13,9,14,3,-8,-4,-1,4,5,1,0,0,0,3,4,6,25,22,37,13,26,18,23,24,26,24,24,32,2,5,10,5,5,2,3,3,6,0,4,12,2,-2,11,-11,2,-14,-1,2,4,5,1,-10,23,17,27,8,21,16,20,21,20,24,20,20,3,-4,7,-16,1,-4
2580,38,2,15,14,16,13,17,19,15,18,13,13,15,16,20,11,22,9,17,10,20,17,16,13,13,12,17,12,3,3,2,2,4,5,4,3,3,1,2,4,8,0,4,0,2,1,3,1,2,5,4,0,1,1,4,-8,7,-4,7,-1,-2,2,0,0,3,-1,8,3,-1,2,0,3,2,3,1,-2,-3,2,3,7,12,11,14,11,13,14,11,15,10,12,13,12,12,11,18,9,15,9,17,16,14,8,9,12,16,11,1,-7,5,-4,4,-3,-5,1,2,3,1,-4,1,21,19,16,22,21,21,19,9,11,22,14,16,6,6,5,4,11,4,2,2,2,2,3,6,2,10,5,0,7,5,4,4,3,2,8,-2,15,13,11,18,10,17,17,7,9,20,11,10,-2,6,2,-2,-1,7
2580,39,1,20,13,14,18,17,20,14,11,18,21,18,24,24,17,16,13,16,13,16,15,19,14,16,18,15,17,2,1,3,3,7,6,2,2,1,5,4,5,1,0,2,1,0,2,5,1,1,3,2,2,1,4,3,-3,1,2,4,4,-1,-8,4,5,0,9,7,2,-1,2,3,5,1,1,1,-2,3,2,4,-3,18,12,11,15,10,14,12,9,17,16,14,19,23,17,14,12,16,11,11,14,18,11,14,16,14,13,1,-2,-1,-1,-1,3,-2,-9,6,2,-2,5,10,16,17,17,22,21,34,18,16,16,23,20,38,4,4,4,4,6,6,2,2,3,4,4,11,-2,1,1,-1,1,-4,2,2,1,0,2,-5,12,13,13,18,15,28,16,14,13,19,16,27,-4,-1,0,-1,-1,1
2580,39,2,14,14,19,11,16,19,14,22,17,17,13,9,19,9,19,7,10,6,16,12,12,15,9,8,6,12,4,4,8,2,3,9,2,5,5,8,4,6,8,1,2,2,1,1,3,2,0,3,1,1,1,2,5,-5,12,1,10,3,2,10,2,8,5,3,7,3,2,6,1,2,6,0,5,2,7,3,5,6,10,10,11,9,13,10,12,17,12,9,9,3,11,8,17,5,9,5,13,10,12,12,8,7,5,10,2,-7,6,0,8,-3,2,5,0,1,2,-2,1,21,20,30,23,18,17,17,14,17,15,15,10,7,4,5,4,5,5,1,2,2,3,4,2,4,6,13,8,3,7,6,2,3,1,1,3,14,16,25,19,13,12,16,12,15,12,11,8,-2,4,10,7,2,4
2580,40,1,18,19,10,14,15,9,16,13,19,10,19,12,27,14,31,6,14,14,15,12,15,14,19,13,10,21,2,3,2,4,4,1,6,2,6,0,6,4,9,0,2,0,1,0,3,1,0,4,2,2,1,2,4,-12,4,0,1,-6,4,-2,5,-9,6,2,6,2,1,2,3,4,-2,5,2,2,-2,4,3,7,16,16,8,10,11,8,10,11,13,10,13,8,18,14,29,6,13,14,12,11,15,10,17,11,9,19,2,-13,2,-3,-3,-4,-1,-4,3,-7,2,-1,-1,21,21,12,13,14,27,19,13,20,14,22,19,4,7,2,3,1,8,0,0,0,3,3,2,2,8,-8,-1,-8,8,4,7,2,0,-2,6,17,14,10,10,13,19,19,13,20,11,19,17,-2,1,-10,-1,-6,2
2580,40,2,9,7,18,14,16,6,20,15,16,19,16,14,17,8,10,17,5,13,7,13,15,17,13,13,7,15,0,1,6,4,5,2,4,3,6,4,3,3,5,0,2,3,0,2,1,0,2,2,3,2,0,2,1,-3,1,9,3,-1,7,0,-1,6,3,7,2,0,-1,3,4,3,1,4,1,4,1,1,3,3,9,6,12,10,11,4,16,12,10,15,13,11,12,8,8,14,5,11,6,13,13,15,10,11,7,13,1,-2,-2,5,0,-2,3,-1,-5,5,2,4,-1,11,8,17,17,16,29,18,17,12,22,11,13,3,3,5,2,6,10,1,3,1,3,2,4,-7,-9,5,-5,5,16,2,0,4,-1,4,6,8,5,12,15,10,19,17,14,11,19,9,9,-9,-9,1,-4,1,10
2580,41,1,17,14,20,14,13,13,15,20,18,20,20,15,15,16,23,23,14,14,15,20,18,12,19,12,18,14,1,2,4,2,2,4,3,6,5,5,4,4,1,0,3,2,1,2,1,3,4,5,4,2,1,2,1,-9,-3,0,-1,-2,-5,2,6,1,8,-3,1,1,-1,2,1,0,3,0,2,0,1,2,3,-1,16,12,16,12,11,9,12,14,13,15,16,11,14,16,20,21,13,12,14,17,14,7,15,10,17,12,0,-8,-5,-1,-1,-5,-5,0,6,0,6,-6,2,27,20,22,15,19,20,16,16,17,18,28,19,13,3,3,4,2,8,5,4,1,3,8,5,11,4,5,-3,-9,1,8,-1,2,1,-6,3,14,17,19,11,17,12,11,12,16,15,20,14,3,5,3,-4,-3,-2
2580,41,2,14,13,27,16,11,13,18,11,13,10,19,15,9,6,17,7,13,13,10,11,20,7,15,13,10,8,4,3,9,4,2,2,7,0,6,3,7,2,4,0,3,1,0,0,0,3,1,0,5,1,1,1,8,-4,20,3,-2,3,7,-9,6,-5,6,5,1,4,0,8,4,2,2,4,-1,6,-2,6,1,3,10,10,18,12,9,11,11,11,7,7,12,13,5,6,14,6,13,13,10,8,19,7,10,12,9,7,4,-4,12,-1,-4,1,3,-8,0,-3,0,4,-2,12,12,22,20,18,16,8,13,9,12,19,14,5,3,2,3,4,2,1,2,1,0,3,2,4,-1,13,8,-1,2,4,1,1,3,1,0,7,9,20,17,14,14,7,11,8,12,16,12,0,-2,12,5,-2,2
2580,42,1,18,18,11,8,11,16,8,9,19,14,16,20,15,18,18,13,14,9,12,15,14,10,14,11,18,14,3,3,2,3,2,6,3,3,3,3,4,8,2,2,1,4,3,2,1,2,2,0,6,4,1,2,0,0,-2,-6,2,4,-7,-5,9,0,5,2,1,1,2,-2,0,0,5,1,1,3,-3,0,7,0,15,15,9,5,9,10,5,6,16,11,12,12,13,16,17,9,11,7,11,13,12,10,8,7,17,12,-1,-2,0,-6,2,-1,-8,-6,6,3,5,-5,1,8,13,19,12,10,13,5,15,15,19,17,18,2,4,6,1,2,6,0,2,0,2,2,7,3,-2,4,-7,-7,-5,2,2,6,-1,0,-1,6,9,13,11,8,7,5,13,15,17,15,11,1,-4,-2,-6,-7,-4
2580,42,2,16,17,22,10,13,9,14,13,9,13,10,15,11,15,18,10,11,10,13,11,13,6,12,11,13,13,2,6,4,5,3,5,1,4,4,6,4,7,2,0,3,0,2,1,2,0,1,0,5,3,2,1,1,-1,12,-1,3,-4,3,0,3,1,-1,2,-2,2,3,4,3,2,3,1,3,4,1,1,5,1,14,11,18,5,10,4,13,9,5,7,6,8,9,15,15,10,9,9,11,11,12,6,7,8,11,12,-1,-4,8,-4,1,-7,2,-3,-1,0,-2,-3,-3,10,10,11,17,14,20,9,9,7,20,19,16,4,1,2,3,6,2,2,1,2,3,7,4,1,1,4,-3,-5,4,2,0,0,0,-1,-2,6,9,9,14,8,18,7,8,5,17,12,12,-1,1,4,-3,-4,6
2580,43,1,15,10,20,14,10,20,13,10,13,11,15,12,20,12,28,14,9,16,14,15,9,10,16,17,15,22,3,2,5,2,5,3,2,4,1,1,4,3,7,0,6,4,4,1,6,0,2,0,3,2,3,4,3,-18,6,5,-6,6,-2,1,3,-5,-2,-3,-2,3,-4,1,-2,4,-3,2,2,1,-2,2,0,3,12,8,15,12,5,17,11,6,12,10,11,9,13,12,22,10,5,15,8,15,7,10,13,15,12,18,0,-14,5,7,-10,9,-4,-1,2,-3,-4,-3,-5,14,10,14,14,17,13,13,16,18,14,16,12,2,3,3,3,4,2,1,1,3,0,3,4,1,-6,-4,0,1,1,1,2,0,3,1,-2,12,7,11,11,13,11,12,15,15,14,13,8,0,-8,-4,-3,0,3
2580,43,2,9,11,8,11,10,9,10,16,13,15,16,6,14,12,10,11,12,13,18,8,10,1,8,10,11,10,3,3,1,3,4,0,3,5,3,3,4,0,0,0,1,4,3,1,5,0,1,0,2,2,0,0,-3,1,-3,-1,-3,-9,2,6,12,7,6,-5,4,3,2,-3,0,3,-5,3,4,3,1,2,0,0,6,8,7,8,6,9,7,11,10,12,12,6,14,12,9,7,9,12,13,8,9,1,6,8,11,10,-6,-1,0,-1,-6,-4,-1,2,9,6,4,-5,4,9,10,9,16,11,15,11,8,11,12,11,13,3,0,1,4,1,5,0,3,1,1,3,0,-2,2,-2,4,0,2,3,-3,0,3,-2,5,6,10,8,12,10,10,11,5,10,11,8,13,-5,5,-2,1,2,-3
2580,44,1,13,14,16,17,18,12,11,15,13,15,9,9,11,7,21,11,19,9,12,10,17,12,10,10,13,16,2,2,0,5,4,2,3,5,2,3,3,3,2,0,3,4,4,0,2,1,3,1,5,1,1,1,6,-7,5,-2,9,0,1,-2,1,5,-1,-4,-5,2,-1,-4,1,4,0,2,2,1,-2,2,2,1,11,12,16,12,14,10,8,10,11,12,6,6,9,7,18,7,15,9,10,9,14,11,5,9,12,15,4,-6,9,-3,5,0,-1,-4,0,7,-3,-6,-6,14,12,10,22,17,20,11,22,8,22,13,12,6,1,2,3,2,5,0,4,2,3,4,4,3,-10,2,0,4,8,6,-3,0,0,-2,1,8,11,8,19,15,15,11,18,6,19,9,8,-3,-7,2,0,6,7
2580,44,2,10,7,12,10,6,12,13,7,8,7,17,7,12,10,10,14,13,14,11,13,5,8,12,10,12,11,3,3,4,3,3,2,1,1,3,1,4,2,3,2,5,5,2,2,1,2,1,0,1,1,1,0,0,-3,-2,-3,-8,1,0,2,0,-5,7,-5,1,1,-2,-1,1,1,1,-1,0,3,0,3,1,3,7,4,8,7,3,10,12,6,5,6,13,5,9,8,5,9,11,12,10,11,4,8,11,9,11,11,-1,-1,-1,-4,-9,0,1,2,-3,-5,4,-6,-2,10,9,12,9,14,29,11,8,9,7,10,9,4,0,6,0,4,11,1,0,1,0,5,3,-1,1,3,2,4,20,3,0,5,0,-1,8,6,9,6,9,10,18,10,8,8,7,5,6,-4,1,-2,2,5,12
2580,45,1,8,18,11,10,12,4,10,11,11,16,18,7,21,15,7,11,6,13,9,11,12,7,12,9,9,9,0,3,1,3,1,1,2,3,2,5,6,1,8,1,0,3,0,1,1,0,1,0,2,2,0,3,-7,11,0,4,-1,-5,-1,-1,4,4,9,-2,12,-1,3,-2,3,0,0,2,2,2,3,4,1,5,8,15,10,7,11,3,8,8,9,11,12,6,13,14,7,8,6,12,8,11,11,7,10,7,9,6,-6,8,2,1,-1,-5,-3,-3,2,1,5,-3,7,17,16,19,15,13,7,15,6,15,9,17,16,1,3,7,3,2,6,2,2,0,1,2,7,2,10,4,6,-4,-9,-1,1,7,2,0,-1,16,13,12,12,11,1,13,4,15,8,15,9,3,9,-3,4,-4,-8
2580,45,2,17,8,7,11,13,12,13,14,7,10,11,11,17,7,9,8,7,11,8,12,12,10,10,6,8,15,4,3,3,2,2,3,3,4,2,2,2,2,2,1,1,2,3,1,1,2,0,0,0,0,1,1,10,-1,-1,4,2,4,1,2,-3,0,5,3,2,3,2,1,-1,1,2,1,4,2,2,2,1,1,13,5,4,9,11,9,10,10,5,8,9,9,15,6,8,6,4,10,7,10,12,10,10,6,7,14,7,-3,-2,5,1,2,0,-2,-5,-2,3,2,1,16,13,4,8,13,13,9,9,10,12,12,12,6,7,1,3,4,4,0,4,2,1,0,1,7,4,-6,-4,1,1,6,3,-1,2,4,3,10,6,3,5,9,9,9,5,8,11,12,11,1,1,-5,-6,-3,-2
2580,46,1,13,13,11,6,7,15,12,17,9,8,13,18,9,11,15,16,11,11,18,17,14,12,8,4,14,11,2,2,2,0,2,2,2,3,1,2,2,6,3,1,1,4,1,1,2,2,2,3,1,1,4,2,2,-2,-5,-5,-4,-3,-5,3,-3,0,9,4,-2,1,1,-2,-1,1,0,0,1,-2,1,1,2,1,11,11,9,6,5,13,10,14,8,6,11,12,6,10,14,12,10,10,16,15,12,9,7,3,10,9,1,-3,-3,-4,-5,-3,-5,2,-1,-1,8,2,-3,11,9,6,12,15,19,13,12,16,9,13,13,2,3,2,2,3,7,3,1,3,2,4,5,-2,-3,-10,3,2,6,-1,2,-1,0,-1,2,9,6,4,10,12,12,10,11,13,7,9,8,-1,-5,-9,3,3,4
2580,46,2,17,8,12,11,12,13,16,6,12,9,14,12,8,6,10,6,8,7,11,9,11,8,7,5,11,12,1,1,4,2,2,5,6,1,2,2,3,4,1,0,0,1,0,1,1,0,3,0,1,1,0,1,11,-2,6,3,5,2,7,-5,4,2,9,1,-4,1,1,3,2,1,4,6,-2,2,1,2,4,0,16,7,8,9,10,8,10,5,10,7,11,8,7,6,10,5,8,6,10,9,8,8,6,4,11,11,10,-3,3,1,4,-2,1,-3,2,1,7,-3,-4,20,11,9,6,11,5,9,13,14,7,8,5,6,1,0,2,4,2,1,2,0,1,0,1,11,-2,-5,-1,3,0,5,-1,0,1,4,1,14,10,9,4,7,3,8,11,14,6,8,4,6,-1,-5,-2,-1,-1
2580,47,1,5,10,6,8,10,5,12,10,10,12,13,15,14,11,12,10,12,13,10,18,11,10,7,8,9,8,1,1,0,3,3,1,5,1,1,4,4,2,1,2,5,2,1,1,1,1,1,0,1,1,1,0,-6,-2,-4,-4,-3,-5,-6,-1,0,5,5,6,6,-1,-4,-2,2,2,0,4,0,1,3,3,1,1,4,9,6,5,7,4,7,9,9,8,9,13,13,9,7,8,11,12,9,17,10,10,6,7,8,8,-5,2,-2,-6,-5,-5,-10,-1,-1,2,2,5,5,8,7,15,18,16,16,11,11,13,14,11,13,2,0,3,5,2,6,3,3,0,2,1,4,-3,-4,2,4,5,3,-1,-3,3,3,1,2,6,7,12,13,14,10,8,8,13,12,10,9,-2,-1,-1,1,4,1
2580,47,2,7,9,11,10,10,11,11,10,14,11,13,8,14,9,11,6,13,9,14,10,8,9,13,9,3,11,2,0,1,2,1,0,3,2,1,2,5,4,4,0,2,1,1,1,0,0,0,2,1,0,0,2,-2,-2,5,-3,1,-3,1,2,5,-2,4,5,3,2,-2,0,1,0,0,3,2,-1,1,5,4,2,5,9,10,8,9,11,8,8,13,9,8,4,10,9,9,5,12,8,14,10,8,7,12,9,3,9,-4,0,5,-4,1,-3,-2,0,6,-3,-1,1,1,9,13,13,12,11,15,5,10,12,8,7,8,3,3,1,2,3,7,0,2,1,2,1,4,4,3,1,4,4,7,3,1,0,0,2,3,6,10,12,10,8,8,5,8,11,6,6,4,1,2,1,4,2,4
2580,48,1,11,4,8,13,13,15,11,9,10,12,7,6,8,14,11,5,13,15,13,6,6,16,12,6,6,12,0,0,0,4,2,1,2,0,3,1,1,1,4,3,1,1,0,3,1,1,0,1,2,0,0,0,-3,-7,3,0,-2,2,5,3,-6,0,1,0,-4,-3,-1,-1,4,-1,0,1,0,2,-1,1,1,4,11,4,8,9,11,14,9,9,7,11,6,5,4,11,10,4,13,12,12,5,6,15,10,6,6,12,0,-6,4,-4,-1,2,4,3,-8,1,0,-1,-8,10,8,11,14,19,15,15,6,4,9,14,24,2,3,4,1,1,5,1,1,1,0,8,7,-5,2,7,5,5,-9,1,2,3,1,-7,-2,8,5,7,13,18,10,14,5,3,9,6,17,-6,0,4,4,12,-7
2580,48,2,15,13,10,11,12,13,16,10,11,10,12,7,10,12,13,14,11,9,13,12,7,11,14,10,11,15,2,1,2,0,4,4,1,2,4,1,2,2,2,0,2,1,0,3,1,0,1,0,1,0,2,0,3,0,-4,0,3,0,4,3,0,-4,2,-4,-5,2,-1,1,0,1,3,1,1,4,0,2,0,2,13,12,8,11,8,9,15,8,7,9,10,5,8,12,11,13,11,6,12,12,6,11,13,10,9,15,1,1,-5,0,2,-3,3,2,-4,-4,0,-4,-7,18,9,3,9,14,18,12,11,13,5,9,6,3,1,0,2,2,8,1,2,1,0,2,0,6,-2,-10,4,5,12,2,-1,-1,2,0,8,15,8,3,7,12,10,11,9,12,5,7,6,4,-1,-9,2,5,4
2580,49,1,10,7,13,11,11,10,13,11,15,8,11,5,10,7,12,9,11,10,9,8,7,9,15,10,10,6,0,1,0,2,0,3,2,4,3,1,0,0,2,1,2,2,0,1,1,2,2,0,0,2,0,0,3,-5,4,0,1,1,5,4,6,-7,1,-5,4,-1,-1,-2,2,-1,2,0,2,3,1,-2,0,2,10,6,13,9,11,7,11,7,12,7,11,5,8,6,10,7,11,9,8,6,5,9,15,8,10,6,4,-4,6,-2,2,-1,5,2,3,-8,3,-5,2,21,9,7,10,9,17,11,10,6,12,14,14,6,1,3,3,2,2,0,2,1,2,1,2,10,-1,1,-2,-5,3,6,-1,2,1,1,0,15,8,4,7,7,15,11,8,5,10,13,12,4,0,-1,-3,-6,3
2580,49,2,11,16,12,9,9,15,15,14,13,14,14,11,11,9,12,12,16,12,13,6,4,10,11,5,11,8,3,2,3,2,2,4,2,0,3,0,2,3,1,0,1,0,1,0,1,0,0,1,2,0,0,0,2,4,0,-7,-3,2,9,10,3,3,9,0,3,3,1,3,1,2,3,2,0,2,-2,2,3,1,8,14,9,7,7,11,13,14,10,14,12,8,10,9,11,12,15,12,12,6,4,9,9,5,11,8,-1,3,-3,-8,-5,-1,7,10,1,5,7,-3,2,12,10,8,11,11,14,9,15,9,5,10,10,2,1,0,3,0,5,2,2,0,0,1,1,3,-5,-1,6,1,4,0,-1,0,3,-1,4,10,9,8,8,11,9,7,13,9,5,9,9,3,-4,-1,3,2,0
2580,50,1,9,9,11,6,11,4,9,5,11,11,13,11,12,9,15,12,8,8,10,15,11,7,8,7,6,10,2,2,3,3,1,1,1,1,0,0,3,4,0,0,0,4,3,0,1,0,0,0,2,1,2,2,0,-6,-1,-2,3,-6,-6,-6,4,3,6,5,2,2,2,-1,0,1,0,1,1,0,-2,2,2,-2,7,7,8,3,10,3,8,4,11,11,10,7,12,9,15,8,5,8,9,15,11,7,6,6,4,8,-2,-8,0,-2,2,-6,-7,-7,4,5,4,3,4,7,3,7,7,8,8,13,8,17,7,8,12,1,1,2,2,2,1,1,0,1,1,2,5,-6,-5,-10,0,0,-4,0,1,1,1,0,-4,6,2,5,5,6,7,12,8,16,6,6,7,-6,-6,-11,-1,0,0
2580,50,2,11,6,8,12,8,10,12,11,15,8,9,17,17,7,3,10,12,9,8,6,11,6,11,11,6,17,1,0,0,1,3,2,2,1,1,3,3,3,3,0,0,2,0,1,0,0,0,0,0,2,1,2,4,3,-2,0,-1,2,6,0,9,-3,-2,11,0,1,0,-2,1,2,2,2,1,1,3,1,2,1,10,6,8,11,5,8,10,10,14,5,6,14,14,7,3,8,12,8,8,6,11,6,11,9,5,15,3,3,0,-1,-3,0,4,-1,8,-6,-3,9,-1,15,10,12,12,9,17,10,11,17,10,8,5,3,2,1,3,2,4,0,3,1,1,1,0,5,-1,-5,2,1,12,3,-1,0,2,1,4,12,8,11,9,7,13,10,8,16,9,7,5,2,0,-5,0,0,8
2580,51,1,10,14,10,9,5,6,8,10,11,13,13,13,17,9,5,8,8,17,6,8,11,14,7,10,8,14,1,3,1,4,0,0,2,0,2,2,3,6,1,0,0,0,2,3,0,1,2,2,1,0,1,2,1,9,2,1,-12,0,0,-1,-3,6,3,5,3,1,3,1,2,-3,0,1,-2,0,1,3,5,-1,9,11,9,5,5,6,6,10,9,11,10,7,16,9,5,8,6,14,6,7,9,12,6,10,7,12,0,6,1,-1,-9,0,-1,1,-3,5,0,0,4,8,6,10,9,12,13,9,7,12,8,11,14,0,3,3,1,3,2,0,1,2,0,2,3,-1,-1,-2,1,1,-1,0,2,1,1,1,-1,8,3,7,8,9,11,9,6,10,8,9,11,-1,-3,-3,0,0,0
2580,51,2,6,8,7,10,8,9,7,8,9,10,7,13,10,9,11,9,11,9,2,9,15,10,10,6,7,5,2,1,0,0,1,2,0,0,0,1,0,2,1,1,0,1,1,1,0,2,4,1,2,1,0,0,-3,-3,-2,-1,-1,7,-2,-7,-1,0,1,6,5,1,1,-1,-1,0,2,-2,-4,-1,-1,-1,2,1,4,7,7,10,7,7,7,8,9,9,7,11,9,8,11,8,10,8,2,7,11,9,8,5,7,5,-4,-4,-1,0,-1,5,0,-3,0,1,2,4,4,8,10,2,10,9,15,12,9,14,6,12,5,0,1,0,0,3,5,1,1,1,0,3,0,-4,1,-12,4,-3,10,-1,0,-1,0,0,5,8,9,2,10,6,10,11,8,13,6,9,5,-3,1,-11,4,-3,5
2580,52,1,6,3,9,4,5,10,6,8,4,13,9,7,13,9,12,8,6,9,8,15,8,7,9,13,14,12,1,1,1,0,2,2,1,3,0,3,2,1,1,2,1,3,0,2,0,0,0,0,1,1,1,1,-3,-9,1,-2,-4,2,-9,0,-3,4,-4,-7,1,-1,0,-2,0,0,2,1,3,0,2,1,0,0,5,2,8,4,3,8,5,5,4,10,7,6,12,7,11,5,6,7,8,15,8,7,8,12,13,11,-2,-9,3,-2,-4,0,-10,-3,-3,2,-5,-7,1,9,11,7,11,6,12,8,12,5,8,11,13,2,3,1,3,2,3,0,1,0,1,2,3,1,-1,2,3,-5,-1,2,2,1,2,0,0,7,8,6,8,4,9,8,11,5,7,9,10,-1,-3,1,1,-5,-1
2580,52,2,8,10,5,7,5,12,9,10,6,8,8,19,11,4,12,9,4,6,7,11,7,8,13,7,11,14,0,1,1,1,0,4,2,5,0,1,0,3,2,0,0,0,1,0,0,0,0,0,2,1,1,2,4,-2,-4,3,-1,5,-2,3,-2,-5,1,8,-3,0,1,1,0,0,4,2,5,0,-1,-1,2,0,8,9,4,6,5,8,7,5,6,7,8,16,9,4,12,9,3,6,7,11,7,8,11,6,10,12,4,-3,-5,3,-1,1,-4,-2,-2,-4,2,6,-3,10,16,8,10,12,18,17,16,12,10,3,11,0,3,2,1,0,8,2,1,0,0,0,1,-7,0,-4,0,9,7,-2,2,2,1,0,7,10,13,6,9,12,10,15,15,12,10,3,10,-5,-2,-6,-1,9,0
2580,53,1,8,7,8,9,6,7,8,7,7,7,7,9,5,7,11,13,9,10,10,8,9,10,12,4,11,14,1,1,0,2,2,3,1,2,2,1,1,4,1,0,5,4,1,0,0,1,1,6,1,0,1,1,1,-4,-5,0,-4,-3,0,-2,-3,-5,3,-2,-9,1,-4,-4,1,2,3,0,1,-4,0,1,3,0,7,6,8,7,4,4,7,5,5,6,6,5,4,7,6,9,8,10,10,7,8,4,11,4,10,13,0,0,-1,-1,-6,-6,0,-3,1,-5,2,-5,-9,9,10,7,8,6,11,10,13,11,9,7,12,2,1,2,0,2,3,1,1,1,1,4,3,-1,-3,-4,-1,-1,-1,1,0,1,-1,-2,0,7,9,5,8,4,8,9,12,10,8,3,9,-2,-3,-5,0,1,-1
2580,53,2,4,6,6,5,6,10,9,5,7,11,9,9,11,8,8,5,4,9,11,11,7,8,7,10,16,18,0,0,1,0,1,0,1,2,0,1,1,2,3,0,2,1,0,2,1,1,0,1,1,2,1,2,-4,-2,1,1,-3,-1,-2,-2,-1,4,-1,-7,-7,0,-2,0,0,-1,-1,0,2,-1,0,-1,1,1,4,6,5,5,5,10,8,3,7,10,8,7,8,8,6,4,4,7,10,10,7,7,6,8,15,16,-4,0,1,1,-2,0,-2,-4,0,4,0,-8,-8,8,6,10,11,11,12,11,13,13,14,12,8,2,0,4,0,0,2,1,0,1,2,0,1,-3,-7,-3,-3,-1,4,1,0,3,-2,0,1,6,6,6,11,11,10,10,13,12,12,12,7,-4,-7,-6,-1,-1,3
2580,54,1,9,9,8,5,4,3,5,4,11,7,3,11,6,7,7,9,11,9,10,7,5,7,9,12,15,5,1,0,1,1,0,0,0,1,1,2,0,1,2,1,1,1,2,1,2,1,0,1,1,1,1,2,2,2,-1,-6,-5,-7,-2,-1,4,-2,-9,-4,1,0,-1,0,-1,-1,-2,-1,1,0,1,-1,0,0,8,9,7,4,4,3,5,3,10,5,3,10,4,6,6,8,9,8,8,6,5,6,8,11,14,3,2,3,-1,-5,-4,-5,-1,-2,4,-3,-8,-4,1,8,6,7,14,12,9,3,13,9,11,11,8,1,0,3,3,2,1,0,2,0,2,2,4,5,-7,-2,3,1,1,1,-2,3,1,0,-3,7,6,4,11,10,8,3,11,9,9,9,4,4,-5,-5,2,1,4
2580,54,2,8,10,8,5,4,7,6,6,9,5,9,9,7,7,8,6,5,7,11,8,5,5,9,8,7,9,1,1,1,0,1,1,1,1,1,0,3,2,1,1,0,1,0,0,0,0,1,0,2,0,0,0,1,2,2,0,-3,-4,-2,1,4,-4,1,2,-2,0,1,0,0,1,1,1,0,1,-2,3,2,1,7,9,7,5,3,6,5,5,8,5,6,7,6,6,8,5,5,7,11,8,4,5,7,8,7,9,1,1,2,0,-4,-5,-3,1,3,-2,-2,0,-3,10,7,10,12,8,13,13,6,10,11,6,14,2,1,1,0,0,3,0,1,0,1,0,2,-3,1,0,1,2,-1,2,0,1,-1,0,1,8,6,9,12,8,10,13,5,10,10,6,12,-5,1,-1,2,2,-2
2580,55,1,3,16,9,9,9,5,8,8,7,4,14,10,3,4,5,10,3,9,8,9,12,8,9,8,9,8,0,3,0,4,2,0,1,3,0,0,2,0,1,1,1,1,0,1,0,0,1,0,1,2,0,1,-1,11,-1,6,0,-3,-1,-4,-1,-5,6,1,-5,-1,2,-1,4,1,0,1,2,0,-1,0,0,0,3,13,9,5,7,5,7,5,7,4,12,10,2,3,4,9,3,8,8,9,11,8,8,6,9,7,0,9,0,2,-1,-3,-2,-6,-1,-4,6,1,-5,7,13,16,10,11,9,9,11,12,8,11,9,2,2,3,1,0,1,2,2,2,1,3,2,-2,2,4,2,0,0,0,0,1,0,-3,-1,5,11,13,9,11,8,7,9,10,7,8,7,-2,2,3,2,3,1
2580,55,2,3,8,9,13,5,6,7,6,3,11,4,7,10,5,7,8,3,6,9,11,10,8,9,8,10,12,0,1,0,0,1,1,0,0,0,0,1,0,1,1,0,0,0,0,1,1,0,1,1,1,1,1,-2,1,1,10,-1,-3,-4,-4,-5,2,-4,-3,-2,-1,1,0,0,1,0,-1,0,-1,-1,0,-1,0,3,7,9,13,4,5,7,6,3,11,3,7,9,4,7,8,3,6,8,10,10,7,8,7,9,11,-1,0,1,10,-2,-3,-3,-4,-4,3,-4,-2,-2,13,6,12,10,6,11,10,6,10,13,14,13,1,2,1,1,0,2,0,0,1,1,3,3,3,0,2,-3,-8,-2,1,2,0,0,-3,-1,12,4,11,9,6,9,10,6,9,12,11,10,2,-2,2,-3,-5,-1
2580,56,1,5,6,5,5,9,3,7,9,5,15,6,6,12,8,6,11,5,8,13,6,11,5,8,6,4,7,2,1,0,1,1,1,0,3,1,2,0,1,0,0,0,2,1,0,0,0,2,1,1,0,0,1,-3,0,-6,0,1,-10,1,-2,0,7,0,2,5,2,1,-2,0,1,1,0,1,0,1,0,1,-1,3,5,5,4,8,2,7,6,4,13,6,5,12,8,6,9,4,8,13,6,9,4,7,6,4,6,-5,-1,-4,0,0,-11,1,-3,0,6,0,1,6,15,15,11,9,7,9,11,10,12,9,11,5,2,0,1,1,0,1,1,0,0,2,1,0,4,5,-1,0,-4,4,1,0,1,-1,-1,1,13,15,10,8,7,8,10,10,12,7,10,5,3,5,-2,1,-3,3
2580,56,2,15,7,3,4,3,7,2,7,7,8,9,2,12,7,4,6,9,16,11,4,12,6,5,10,4,13,1,0,0,1,1,2,0,1,0,0,0,0,0,0,0,1,0,0,0,0,3,1,1,1,0,1,8,3,-3,-5,-13,-4,-2,-5,1,3,-1,-2,-1,1,0,-1,1,1,2,0,-2,-1,-1,-1,0,-1,14,7,3,3,2,5,2,6,7,8,9,2,12,7,4,5,9,16,11,4,9,5,4,9,4,12,7,3,-2,-6,-14,-6,-2,-3,2,4,0,-2,0,8,15,10,9,15,8,13,8,16,8,12,13,0,0,0,1,0,0,0,0,0,0,0,3,-5,7,-6,1,3,-5,0,0,0,1,0,-3,8,15,10,8,15,8,13,8,16,8,12,10,-5,7,-6,0,3,-2
2580,57,1,8,10,7,4,4,5,8,3,2,6,11,9,3,7,7,5,10,7,7,3,7,5,8,5,7,8,0,1,2,1,0,0,2,0,1,1,4,1,1,1,1,1,1,0,1,1,1,0,2,2,0,1,1,3,2,-6,-3,-2,5,-4,-3,-2,6,2,-5,-1,0,1,0,0,-1,1,-1,1,-1,2,1,0,8,9,5,3,4,5,6,3,1,5,7,8,2,6,6,4,9,7,6,2,6,5,6,3,7,7,2,3,1,-6,-3,-1,4,-3,-4,-1,4,1,-5,14,11,8,6,8,19,9,8,12,9,12,15,3,1,2,0,1,3,0,0,3,1,4,2,5,3,-4,-3,-4,4,3,1,-1,-1,-3,1,11,10,6,6,7,16,9,8,9,8,8,13,2,2,-3,-2,-1,3
2580,57,2,5,5,4,6,6,9,3,7,6,5,8,5,7,6,5,6,6,7,8,8,8,5,8,14,7,5,0,0,1,1,1,0,0,0,1,0,1,0,1,0,1,1,0,2,0,0,0,0,0,0,0,0,-1,0,-2,0,-1,1,-5,-1,1,-3,-6,-2,2,0,-1,0,1,-1,0,0,0,1,0,1,0,1,5,5,3,5,5,9,3,7,5,5,7,5,6,6,4,5,6,5,8,8,8,5,8,14,7,5,-1,1,-2,-1,0,1,-5,-1,0,-3,-7,-2,1,8,5,10,11,8,9,13,6,11,13,6,7,1,0,0,1,0,1,1,0,0,0,1,0,-5,-1,-1,-2,2,2,0,0,0,1,-1,1,7,5,10,10,8,8,12,6,11,13,5,7,-5,-1,-1,-3,3,1
2580,58,1,9,4,7,6,8,6,7,8,6,10,5,7,6,9,3,7,12,7,14,3,9,4,8,8,9,5,1,0,1,1,2,0,1,1,1,1,0,2,2,2,0,1,0,3,1,2,1,0,1,1,0,2,0,1,0,-6,1,-8,4,-1,2,2,-3,-2,1,-1,0,0,1,-1,-1,-1,0,1,0,-1,2,0,8,4,6,5,6,6,6,7,5,9,5,5,4,7,3,6,12,4,13,1,8,4,7,7,9,3,1,1,0,-7,2,-7,5,-1,1,2,-2,-4,1,10,9,10,6,6,7,5,9,14,9,7,8,0,1,1,1,0,1,0,0,0,2,0,0,5,0,-4,-3,-1,-1,0,1,1,-1,0,1,10,8,9,5,6,6,5,9,14,7,7,8,5,-1,-5,-2,-1,-2
2580,58,2,5,9,8,10,3,3,6,10,6,9,3,8,9,7,7,9,5,7,4,4,7,8,9,6,8,13,0,0,2,1,0,1,0,2,0,2,0,0,3,0,0,0,1,0,0,0,1,2,4,0,1,1,-2,2,-1,5,-4,-1,2,3,-2,0,-3,0,-4,0,0,2,0,0,1,0,1,-2,-2,0,-1,2,5,9,6,9,3,2,6,8,6,7,3,8,6,7,7,9,4,7,4,4,6,6,5,6,7,12,-2,2,-3,5,-4,-2,2,2,0,2,-3,1,-6,11,6,6,9,7,12,13,7,7,10,4,14,1,1,1,2,0,3,1,0,0,0,0,1,-2,-1,-1,-1,3,-2,0,1,1,2,0,2,10,5,5,7,7,9,12,7,7,10,4,13,-2,-2,-2,-3,3,-4
2580,59,1,5,10,4,5,1,8,5,8,4,3,2,6,7,2,7,11,10,7,7,7,6,8,6,4,8,10,0,1,0,1,0,1,1,3,0,0,0,0,1,1,0,1,2,3,0,0,0,1,1,1,0,2,3,3,-7,-5,-6,1,-2,2,-4,-3,-2,-2,-3,-1,1,-1,-1,-3,1,1,3,-1,-1,-1,0,-1,5,9,4,4,1,7,4,5,4,3,2,6,6,1,7,10,8,4,7,7,6,7,5,3,8,8,4,2,-6,-4,-3,0,-3,-1,-3,-2,-1,-2,-2,5,8,11,3,10,8,11,13,7,6,10,9,2,2,1,1,1,1,0,2,1,1,1,2,-6,-5,4,-3,0,-1,2,0,0,0,0,-1,3,6,10,2,9,7,11,11,6,5,9,7,-8,-5,4,-3,0,0
2580,59,2,4,11,3,9,8,3,4,4,7,6,3,4,4,6,5,5,6,9,9,6,8,5,7,5,6,5,0,0,1,0,2,0,1,1,1,1,0,0,1,2,1,0,0,0,0,0,0,0,0,0,1,0,-2,6,-2,3,-1,-6,-2,-4,2,-1,-2,-2,-1,-2,-1,1,0,2,0,1,1,1,1,0,-1,1,4,11,2,9,6,3,3,3,6,5,3,4,3,4,4,5,6,9,9,6,8,5,7,5,5,5,0,7,-3,3,-3,-6,-3,-5,1,-2,-2,-1,-2,4,6,2,4,5,10,6,11,6,4,11,7,0,1,0,0,2,1,0,2,0,0,0,2,-2,-5,-4,0,-6,3,0,-1,0,0,2,-1,4,5,2,4,3,9,6,9,6,4,11,5,-2,-4,-4,0,-8,4
2580,60,1,9,2,7,4,5,3,3,1,1,7,4,11,6,10,3,8,10,5,4,4,7,8,9,6,13,7,2,0,0,0,0,0,1,0,0,1,0,3,1,1,1,1,0,0,1,0,1,0,2,0,3,1,-1,-1,-1,-6,0,-1,-1,-6,-7,-2,-2,-2,-1,1,-1,-1,0,0,-1,1,-1,0,-1,0,0,0,7,2,7,4,5,3,2,1,1,6,4,8,5,9,2,7,10,5,3,4,6,8,7,6,10,6,-2,0,0,-6,0,0,-2,-5,-7,-1,-2,-2,-1,9,8,9,6,3,7,5,7,9,11,10,6,1,2,3,0,1,0,0,1,0,0,2,2,4,1,0,-5,-7,1,1,1,3,0,-1,-2,8,6,6,6,2,7,5,6,9,11,8,4,3,0,-3,-5,-6,3
2580,60,2,4,5,2,10,3,4,6,5,5,8,1,5,7,7,6,6,6,10,8,2,3,6,4,8,11,4,0,0,0,0,1,0,0,0,1,0,0,0,0,0,0,0,0,0,1,0,0,1,0,0,0,0,-3,-1,-4,4,-7,-4,4,2,-1,4,-7,-6,3,0,0,0,0,1,-1,0,0,0,0,0,0,0,4,5,2,10,2,4,6,5,4,8,1,5,7,7,6,6,6,10,7,2,3,5,4,8,11,4,-3,-1,-4,4,-8,-3,4,2,-1,4,-7,-6,3,5,9,4,7,2,10,10,13,8,6,4,7,0,0,1,1,0,1,1,1,1,0,0,1,-5,-4,-4,1,-2,3,-1,-1,0,1,0,0,5,9,3,6,2,9,9,12,7,6,4,6,-4,-3,-4,0,-2,3
2580,61,1,5,7,2,7,6,1,7,5,4,5,4,7,12,7,6,13,6,8,7,1,9,6,8,12,8,6,0,0,1,0,0,0,0,0,0,0,1,0,2,0,0,1,0,0,0,0,0,1,1,0,3,2,-2,1,-11,1,-2,-6,6,-4,-2,-3,-8,-1,6,0,0,0,0,0,0,0,0,-1,-1,1,-3,0,5,7,1,7,6,1,7,5,4,5,3,7,10,7,6,12,6,8,7,1,9,5,7,12,5,4,-2,1,-11,1,-2,-6,6,-4,-1,-2,-9,2,6,8,4,6,6,5,5,8,10,9,8,7,8,0,0,1,1,0,0,1,1,0,0,1,0,0,-6,-3,-2,-2,-3,-1,-1,1,1,-1,0,8,4,5,5,5,5,7,9,9,8,6,8,1,-5,-4,-3,-1,-3
2580,61,2,9,4,6,5,7,8,3,4,3,3,5,9,11,7,3,7,10,5,5,5,8,9,6,6,4,8,1,0,0,0,2,1,0,0,0,0,0,1,2,0,0,1,0,1,1,0,0,1,0,1,1,2,2,1,-1,-5,2,3,-2,-4,-6,-3,-1,5,3,1,0,-1,0,1,0,0,0,-1,0,-1,0,0,8,4,6,5,5,7,3,4,3,3,5,8,9,7,3,6,10,4,4,5,8,8,6,5,3,6,1,1,0,-5,1,3,-2,-4,-5,-3,0,5,3,5,4,9,3,2,7,5,7,5,9,7,7,0,0,1,0,1,2,0,0,0,1,1,0,0,-3,4,-6,-5,0,0,0,1,-1,0,2,5,4,8,3,1,5,5,7,5,8,6,7,0,-3,3,-5,-5,-2
2580,62,1,6,6,2,3,5,8,8,4,7,7,4,3,6,5,5,11,7,8,5,2,7,9,5,6,8,10,0,0,0,0,2,0,3,0,0,0,0,0,0,0,0,0,0,0,0,0,0,2,1,0,0,0,1,1,-9,-4,-3,3,6,-3,-2,2,-2,-5,-4,0,0,0,0,2,0,3,0,-2,-1,0,0,0,6,6,2,3,3,8,5,4,7,7,4,3,6,5,5,11,7,8,5,2,7,7,4,6,8,10,1,1,-9,-4,-5,3,3,-3,0,3,-2,-5,-4,5,4,9,1,8,9,7,7,9,6,7,10,0,0,2,0,2,2,0,1,0,2,4,2,-2,-3,0,-5,1,-1,0,-1,2,-2,-2,0,5,4,7,1,6,7,7,6,9,4,3,8,-2,-2,-2,-3,3,-1
2580,62,2,1,2,9,8,8,6,5,7,6,8,4,4,5,10,6,11,5,9,11,3,11,4,6,4,5,5,0,0,0,1,0,1,0,0,0,0,0,0,0,0,1,1,0,0,1,0,0,0,0,0,0,0,-9,-4,-2,3,-1,-5,2,-4,2,2,0,-1,0,0,-1,-1,1,0,0,0,0,0,0,0,0,0,1,2,9,7,8,5,5,7,6,8,4,4,5,10,5,10,5,9,10,3,11,4,6,4,5,5,-9,-3,-1,2,-1,-5,2,-4,2,2,0,-1,0,4,3,6,5,5,6,8,8,10,4,11,5,0,1,1,0,1,1,1,0,0,0,0,0,-4,-5,-4,1,-6,1,-1,1,1,0,1,1,4,2,5,5,4,5,7,8,10,4,11,5,-3,-6,-5,1,-7,0
2580,63,1,2,5,7,9,10,0,3,10,7,3,9,2,4,4,7,7,8,14,13,9,6,4,5,8,7,8,1,0,0,1,1,0,0,0,1,0,1,0,1,0,0,0,1,2,3,0,0,1,0,1,1,1,-2,-2,0,1,-4,-13,-6,4,3,-2,1,-5,-4,1,0,0,0,-1,-3,0,0,0,0,0,-1,0,1,5,7,8,9,0,3,10,6,3,8,2,3,4,7,7,7,12,10,9,6,3,5,7,6,7,-3,-2,0,1,-3,-10,-6,4,3,-2,1,-4,-4,5,8,2,6,4,11,10,11,8,11,3,11,1,1,0,0,0,1,1,2,1,2,0,3,-5,-3,-6,-5,1,0,0,-1,-1,-2,0,-2,4,7,2,6,4,10,9,9,7,9,3,8,-5,-2,-5,-3,1,2
2580,63,2,3,2,10,8,8,4,8,4,11,8,5,3,8,3,10,15,11,12,12,9,7,5,12,10,9,12,1,0,1,1,1,0,0,0,1,0,0,0,0,0,0,1,0,0,1,1,1,2,0,0,0,1,0,-8,-5,-3,-4,-8,-1,-3,6,-4,-5,-6,-4,1,0,0,1,1,-1,-1,-1,-1,0,0,0,-1,2,2,9,7,7,4,8,4,10,8,5,3,8,3,10,14,11,12,11,8,6,3,12,10,9,11,-1,-8,-5,-4,-5,-7,0,-2,7,-4,-5,-6,-3,12,6,8,3,5,8,7,6,8,5,9,8,0,0,0,0,0,0,0,0,0,0,0,1,5,0,0,-2,-4,0,0,0,0,0,0,-1,12,6,8,3,5,8,7,6,8,5,9,7,5,0,0,-2,-4,1
2580,64,1,3,8,6,6,5,4,5,9,6,4,3,4,8,8,9,2,10,19,5,9,9,9,16,4,12,6,1,0,0,1,1,0,1,1,0,1,1,0,1,0,2,0,1,3,0,0,1,1,2,0,0,1,-5,-1,4,-4,-14,-1,-4,0,-3,-12,-1,-8,2,1,-2,0,0,-2,0,1,0,-1,-1,1,0,0,2,8,6,5,4,4,4,8,6,3,2,4,7,8,7,2,9,16,5,9,8,8,14,4,12,5,-6,1,4,-4,-12,-1,-5,0,-2,-11,-2,-8,2,6,5,4,4,1,4,7,10,12,6,4,8,0,1,0,0,0,1,0,1,1,1,0,1,-1,-5,-8,-2,-3,-4,0,0,-1,-1,0,0,6,4,4,4,1,3,7,9,11,5,4,7,-1,-5,-7,-1,-3,-4
2580,64,2,3,1,3,3,7,4,6,4,7,3,4,2,13,1,5,5,5,12,7,6,7,13,8,11,8,6,0,0,0,0,0,0,0,1,2,0,0,0,0,0,0,0,1,3,0,1,0,0,1,1,1,0,2,-4,-2,-2,-5,-3,0,-3,-6,-5,-7,-6,7,0,0,0,-1,-3,0,-1,1,2,-1,-1,-1,0,3,1,3,3,7,4,6,3,5,3,4,2,13,1,5,5,4,9,7,5,7,13,7,10,7,6,2,-4,-2,-1,-2,-3,1,-4,-8,-4,-6,-5,7,10,7,7,3,3,9,9,12,5,7,4,6,2,0,0,0,0,0,0,0,0,2,1,0,1,-5,2,-4,-1,3,2,0,0,-2,-1,0,8,7,7,3,3,9,9,12,5,5,3,6,-1,-5,2,-2,0,3
2580,65,1,4,4,7,1,4,6,4,6,5,8,2,5,7,12,8,13,6,11,16,13,7,8,5,7,8,8,1,0,0,0,0,1,2,1,0,1,0,1,2,0,0,0,0,1,0,0,0,2,0,1,0,1,-8,-4,-6,-5,-7,-10,-9,-1,-3,3,-5,-3,-1,1,0,0,0,-1,1,2,1,-2,1,-1,1,1,3,4,7,1,4,5,2,5,5,7,2,4,5,12,8,13,6,10,16,13,7,6,5,6,8,7,-9,-4,-6,-5,-6,-11,-11,-2,-1,2,-4,-4,-2,9,7,6,2,3,5,5,6,14,8,8,10,1,0,1,0,1,1,1,0,3,1,0,2,4,1,-8,-6,-5,-5,0,0,-2,-1,1,-1,8,7,5,2,2,4,4,6,11,7,8,8,4,1,-6,-5,-6,-4
2580,65,2,9,4,4,7,5,9,7,5,9,7,5,3,5,10,7,10,6,10,8,7,6,11,4,7,8,5,0,0,1,0,1,1,0,0,0,0,0,0,1,0,0,0,0,0,0,0,0,1,0,1,1,2,-1,-3,-6,1,-5,1,0,-1,-2,3,-2,-5,0,0,0,1,0,1,1,0,0,-1,0,-1,-1,-1,9,4,3,7,4,8,7,5,9,7,5,3,4,10,7,10,6,10,8,7,6,10,4,6,7,3,-1,-3,-7,1,-6,0,0,-1,-1,3,-1,-4,1,7,11,2,6,5,6,12,9,13,12,9,4,0,1,0,0,1,0,0,0,0,0,0,0,-5,2,-11,-6,-4,2,0,1,0,0,1,0,7,10,2,6,4,6,12,9,13,12,9,4,-5,1,-11,-6,-5,2
2580,66,1,4,4,4,2,6,5,7,4,2,7,6,6,5,5,4,8,6,11,3,8,6,9,6,12,4,7,1,0,1,0,0,1,0,0,0,1,0,0,1,0,0,1,0,0,0,0,0,1,0,1,0,0,-1,0,-4,-4,-5,2,-1,-2,-7,1,-6,2,-2,1,0,0,0,0,1,0,0,-1,1,-1,0,1,3,4,3,2,6,4,7,4,2,6,6,6,4,5,4,7,6,11,3,8,6,8,6,11,4,7,-2,0,-4,-4,-5,1,-1,-2,-6,0,-5,2,-3,2,5,1,6,6,6,7,15,6,7,7,6,0,0,0,1,1,1,0,2,0,0,1,0,-5,-10,-5,-1,-1,0,0,-2,0,1,0,1,2,5,1,5,5,5,7,13,6,7,6,6,-5,-8,-5,-2,-1,-1
2580,66,2,6,7,1,3,6,7,4,8,5,7,7,5,5,5,5,6,3,7,6,10,8,4,12,6,10,8,1,0,0,0,0,0,0,1,0,1,0,0,1,0,1,0,0,0,0,0,0,0,3,1,2,0,1,2,-5,0,-1,1,-6,0,1,-5,1,-5,-3,1,-1,0,0,0,0,0,1,0,-2,-1,-2,1,5,7,1,3,6,7,4,7,5,6,7,5,4,5,4,6,3,7,6,10,8,4,9,5,8,8,0,3,-5,0,-1,1,-6,-1,1,-3,2,-3,-4,4,8,5,5,9,8,9,7,13,9,8,5,1,1,0,0,0,1,1,0,2,0,0,0,-5,1,-8,-4,1,3,0,1,-2,0,0,1,3,7,5,5,9,7,8,7,11,9,8,5,-5,0,-6,-4,1,2
2580,67,1,4,5,6,4,8,5,7,4,2,7,6,7,3,1,6,4,5,6,4,4,11,6,6,13,7,6,1,0,0,0,1,0,1,1,0,0,0,0,0,0,0,0,0,1,0,0,2,0,1,0,0,1,3,-1,2,-1,2,1,3,-7,-4,1,-7,0,-3,1,0,0,0,0,0,1,-1,0,-1,0,0,-1,3,5,6,4,7,5,6,3,2,7,6,7,3,1,6,4,5,5,4,4,9,6,5,13,7,5,2,-1,2,-1,2,1,2,-6,-4,2,-7,0,-2,4,1,7,2,4,4,5,7,4,2,4,2,0,0,0,0,2,0,2,1,0,0,1,0,-1,-6,3,0,0,2,-2,-1,0,0,1,0,4,1,7,2,2,4,3,6,4,2,3,2,1,-5,3,0,-1,2
2580,67,2,4,3,7,2,3,5,6,3,4,9,2,0,13,4,3,1,1,2,5,7,5,7,10,2,4,7,0,0,0,0,0,0,1,0,0,0,0,0,2,0,0,0,0,0,1,0,1,1,0,0,0,0,0,0,6,1,1,0,-1,-2,-3,-1,0,-4,6,0,0,0,0,0,-1,1,-1,-1,0,0,0,2,4,3,7,2,3,5,5,3,4,9,2,0,11,4,3,1,1,2,4,7,4,6,10,2,4,7,0,0,6,1,1,1,-2,-1,-2,-1,0,-4,4,6,2,5,3,4,6,6,5,3,9,4,5,1,0,0,0,1,0,1,0,0,2,1,0,0,-3,2,-6,0,1,0,0,0,-2,0,0,5,2,5,3,3,6,5,5,3,7,3,5,0,-3,2,-4,0,1
2580,68,1,5,4,2,2,6,5,3,6,3,3,2,9,4,4,8,3,4,6,6,3,5,3,5,6,4,6,2,0,0,0,0,0,0,0,1,0,0,0,0,0,1,0,0,0,0,0,0,1,0,1,1,0,1,-4,-1,-2,0,-1,0,1,0,-2,-4,5,-2,2,-1,0,0,0,0,0,0,0,0,-1,-1,0,3,4,2,2,6,5,3,6,2,3,2,9,4,4,7,3,4,6,6,3,5,2,5,5,3,6,-1,-3,-1,-2,0,-1,0,1,0,-2,-3,6,-2,3,6,6,4,7,9,13,4,9,8,2,5,0,1,3,0,0,2,0,0,1,1,0,1,-10,2,-3,-4,5,4,0,1,2,-1,0,1,3,5,3,4,7,7,13,4,8,7,2,4,-10,1,-5,-3,5,3
2580,68,2,9,3,5,2,2,4,1,2,5,6,2,10,4,4,0,0,3,8,3,4,2,10,3,3,12,7,0,1,1,0,0,0,0,1,0,0,0,1,0,1,0,0,0,0,0,0,0,0,0,1,0,0,5,3,5,-1,-6,1,-3,0,-5,3,-1,-2,-3,-1,1,1,0,0,0,0,1,0,0,-1,1,0,9,2,4,2,2,4,1,1,5,6,2,9,4,3,0,0,3,8,3,4,2,10,3,2,12,7,6,2,4,-1,-6,1,-3,-1,-5,3,0,-3,-3,7,9,5,6,6,14,2,4,9,2,8,1,0,1,0,1,0,3,0,0,1,0,1,0,5,5,-4,4,-2,13,0,1,-1,1,-1,3,7,8,5,5,6,11,2,4,8,2,7,1,5,4,-3,3,-1,10
2580,69,1,1,6,2,3,4,4,6,2,3,2,3,3,4,4,3,4,6,6,6,3,9,6,4,3,5,6,0,0,0,0,0,1,0,0,0,0,1,0,1,0,0,0,0,1,0,1,0,0,1,0,0,1,-3,3,-2,-3,-2,-2,3,-7,-3,-2,0,-2,-2,0,0,0,0,-1,1,-1,0,0,-1,1,0,0,1,6,2,3,4,3,6,2,3,2,2,3,3,4,3,4,6,5,6,2,9,6,3,3,5,5,-3,3,-2,-3,-1,-3,4,-7,-3,-1,-1,-2,-2,5,4,2,8,5,5,10,5,5,4,2,6,1,0,0,1,1,1,0,0,2,0,0,1,-5,-1,-3,4,3,-1,1,0,-2,1,1,0,4,4,2,7,4,4,10,5,3,4,2,5,-6,-1,-1,3,2,-1
2580,69,2,1,4,8,3,6,11,4,5,3,4,6,9,5,3,5,2,1,1,3,3,3,4,4,3,9,9,0,0,0,0,0,0,0,0,0,0,0,1,1,0,0,0,0,0,0,0,1,0,0,1,1,1,-2,-1,6,2,5,8,1,2,-1,0,3,0,-4,0,0,0,0,0,0,0,-1,0,0,-1,0,0,1,4,8,3,6,11,4,5,3,4,6,8,4,3,5,2,1,1,3,3,2,4,4,2,8,8,-2,-1,6,2,5,8,1,3,-1,0,4,0,-4,7,7,2,6,0,3,4,4,4,5,4,2,1,0,0,0,0,1,0,0,0,1,0,0,3,3,-2,1,-4,1,1,0,0,-1,0,1,6,7,2,6,0,2,4,4,4,4,4,2,2,3,-2,2,-4,0
2580,70,1,3,3,2,4,5,2,3,6,5,4,4,2,3,1,1,2,1,4,3,4,3,4,3,5,5,3,1,0,0,0,0,1,0,0,1,0,0,0,1,0,0,0,1,0,1,1,0,0,0,1,0,1,2,2,0,3,1,-1,-1,3,1,1,-1,-3,0,1,0,0,-1,0,0,-1,0,1,0,-1,0,0,2,3,2,4,5,1,3,6,4,4,4,2,2,1,1,2,0,4,2,3,3,4,3,4,5,2,1,2,0,4,1,-1,0,3,0,1,0,-3,0,4,5,4,6,2,5,1,6,9,5,8,2,0,1,0,0,1,0,0,0,1,0,3,0,3,-1,-5,1,-6,3,0,1,-1,0,-2,0,4,4,4,6,1,5,1,6,8,5,5,2,3,-2,-4,1,-4,3
2580,70,2,5,7,2,4,3,5,4,5,3,4,4,6,5,6,6,2,5,5,7,3,6,2,5,8,5,5,1,0,0,0,0,1,2,0,0,0,0,1,0,0,0,0,1,0,2,1,0,0,0,0,0,1,-1,1,0,-1,-2,-2,1,-1,1,-1,-4,1,0,1,0,0,-1,0,-1,1,0,0,0,0,1,-1,4,7,2,4,3,4,2,5,3,4,4,5,5,6,6,2,4,5,5,2,6,2,5,8,5,4,-2,1,0,0,-2,-1,0,-1,1,-1,-4,0,1,2,3,7,2,3,5,7,3,5,5,2,5,0,0,0,0,0,2,0,0,0,0,0,2,-5,0,2,-3,1,0,0,0,0,0,0,0,2,3,7,2,3,3,7,3,5,5,2,3,-5,0,2,-3,1,0
2580,71,1,2,1,4,2,2,3,2,3,2,6,4,7,7,3,3,1,3,4,2,3,2,5,9,2,5,8,0,0,0,0,0,1,0,0,0,0,0,1,1,0,0,0,0,0,0,0,0,1,0,0,2,0,-1,-2,3,-1,-2,1,-1,1,-3,-3,2,2,-1,0,0,0,0,0,1,0,0,-1,0,0,-1,1,2,1,4,2,2,2,2,3,2,6,4,6,6,3,3,1,3,4,2,3,2,4,9,2,3,8,-1,-2,3,-1,-2,0,-1,1,-2,-3,2,3,-2,8,4,3,4,4,7,4,6,6,1,6,1,1,0,0,1,0,2,0,0,0,0,0,1,4,-2,-3,3,-2,6,1,0,0,1,0,1,7,4,3,3,4,5,4,6,6,1,6,0,3,-2,-3,2,-2,5
2580,71,2,4,3,7,5,4,2,4,2,1,6,4,3,5,1,6,0,1,4,1,2,4,5,2,3,4,10,0,0,0,1,0,0,1,0,0,1,0,0,0,0,0,0,0,0,0,0,0,0,0,0,0,0,3,-3,7,4,0,1,2,-2,-4,4,1,-1,-5,0,0,0,1,0,0,1,0,0,1,0,0,0,4,3,7,4,4,2,3,2,1,5,4,3,5,1,6,0,1,4,1,2,4,5,2,3,4,10,3,-3,7,3,0,1,1,-2,-4,3,1,-1,-5,4,4,4,5,7,5,2,2,6,4,10,2,1,1,0,1,0,0,0,0,0,0,0,0,2,2,-2,1,-3,3,1,1,0,1,0,0,3,3,4,4,7,5,2,2,6,4,10,2,1,1,-2,0,-3,3
2580,72,1,2,4,6,3,2,5,1,4,4,2,3,4,1,1,4,1,0,6,2,2,4,1,5,7,6,3,0,0,0,1,0,0,0,0,0,0,0,0,1,0,0,0,0,1,0,1,0,1,0,0,0,0,1,0,5,3,-4,3,-1,0,3,-3,-4,-2,-2,0,0,0,1,-1,0,-1,0,-1,0,0,0,1,2,4,6,2,2,5,1,4,4,2,3,4,0,1,4,1,0,5,2,1,4,0,5,7,6,3,1,0,5,2,-3,3,0,0,4,-3,-4,-2,-3,6,7,4,3,3,5,7,5,4,4,2,1,0,2,1,0,0,0,0,1,0,1,0,0,-1,2,0,-1,1,4,0,1,1,-1,0,0,6,5,3,3,3,5,7,4,4,3,2,1,-1,1,-1,0,1,4
2580,72,2,6,2,3,4,6,1,2,1,4,2,2,3,3,3,6,1,2,3,2,2,1,2,3,0,3,6,1,0,0,0,0,1,0,0,0,0,0,0,0,0,0,0,1,0,0,0,0,0,0,0,0,0,3,-4,2,2,3,-1,0,0,2,-1,2,0,-3,1,0,0,-1,0,1,0,0,0,0,0,0,0,5,2,3,4,6,0,2,1,4,2,2,3,3,3,6,1,1,3,2,2,1,2,3,0,3,6,2,-4,2,3,3,-2,0,0,2,-1,2,0,-3,6,6,6,5,5,7,1,6,9,5,5,5,0,0,0,0,0,1,0,0,1,0,0,0,5,0,-3,0,0,2,0,0,-1,0,0,1,6,6,6,5,5,6,1,6,8,5,5,5,5,0,-2,0,0,1
2580,73,1,3,2,4,1,2,3,2,3,5,0,2,2,6,3,2,0,2,2,3,5,3,2,2,1,1,4,1,0,0,0,0,0,0,1,0,0,0,0,2,0,0,0,0,0,0,0,0,0,0,0,0,1,0,0,4,-1,0,0,-3,0,3,-2,1,1,2,1,0,0,0,0,0,0,1,0,0,0,0,1,2,2,4,1,2,3,2,2,5,0,2,2,4,3,2,0,2,2,3,5,3,2,2,1,1,3,-1,0,4,-1,0,0,-3,-1,3,-2,1,1,1,7,5,5,2,2,4,4,5,3,2,3,2,0,0,0,0,0,0,0,1,0,0,0,0,3,0,2,0,-1,2,0,-1,0,0,0,0,7,5,5,2,2,4,4,4,3,2,3,2,3,1,2,0,-1,2
2580,73,2,0,0,3,0,4,3,3,2,2,1,3,3,5,2,4,4,5,2,1,1,5,3,3,4,3,1,0,0,0,0,1,0,0,0,0,0,0,0,0,0,0,0,0,0,0,0,1,0,0,0,0,0,-2,-4,-1,-5,2,2,2,-3,-1,-2,-1,0,4,0,0,0,0,1,0,0,-1,0,0,0,0,0,0,0,3,0,3,3,3,2,2,1,3,3,5,2,4,4,5,2,1,1,4,3,3,4,3,1,-2,-4,-1,-5,1,2,2,-2,-1,-2,-1,0,4,8,3,1,9,4,7,5,1,3,4,0,0,1,0,0,0,0,1,1,0,0,0,0,0,3,2,-2,5,4,7,0,0,0,0,0,1,7,3,1,9,4,6,4,1,3,4,0,0,3,2,-2,5,4,6
2580,74,1,2,4,1,1,2,2,2,1,4,3,2,4,2,2,0,2,1,6,1,1,5,2,3,4,4,2,0,0,0,0,0,0,0,0,0,0,1,0,0,0,0,0,0,0,0,0,0,0,0,0,0,0,0,4,-1,0,-4,1,1,-4,2,0,-2,0,0,0,0,0,0,0,0,0,0,0,0,1,0,0,2,4,1,1,2,2,2,1,4,3,1,4,2,2,0,2,1,6,1,1,5,2,3,4,4,2,0,4,-1,0,-4,1,1,-4,2,0,-3,0,0,6,2,4,6,4,2,3,6,5,6,5,5,1,0,0,0,0,0,0,0,0,0,0,0,3,-4,-1,0,-1,-3,1,0,0,0,0,0,5,2,4,6,4,2,3,6,5,6,5,5,2,-4,-1,0,-1,-3
2580,74,2,4,1,2,2,10,3,3,3,1,3,2,2,7,2,3,1,3,3,3,5,3,1,3,4,2,4,0,0,0,1,0,0,0,0,0,1,0,0,0,0,0,0,0,0,0,0,0,0,0,0,0,0,2,-2,1,-1,7,0,-2,0,0,0,-2,0,3,0,0,0,1,0,0,0,0,0,1,0,0,0,4,1,2,1,10,3,3,3,1,2,2,2,7,2,3,1,3,3,3,5,3,1,3,4,2,4,2,-2,1,-2,7,0,-2,0,0,-1,-2,0,3,5,6,3,3,5,4,1,3,2,6,2,2,0,0,1,0,0,0,0,0,0,0,1,0,4,3,1,-3,3,2,0,0,1,0,-1,0,5,6,2,3,5,4,1,3,2,6,1,2,4,3,0,-3,4,2
2580,75,1,3,1,3,3,6,4,1,5,3,1,5,7,3,2,4,3,3,2,1,1,2,1,2,0,1,2,0,0,0,0,0,0,0,0,0,0,0,0,0,0,0,0,1,1,0,0,0,0,0,0,0,0,1,-3,0,0,4,3,0,3,2,-1,5,6,1,0,0,0,-1,-1,0,0,0,0,0,0,0,0,3,1,3,3,6,4,1,5,3,1,5,7,3,2,4,3,2,1,1,1,2,1,2,0,1,2,1,-3,0,1,5,3,0,3,2,-1,5,6,1,1,2,5,2,6,6,4,3,6,5,7,2,0,0,1,0,1,0,0,0,0,1,1,0,-3,-1,-1,-3,-1,4,0,0,1,-1,0,0,1,2,4,2,5,6,4,3,6,4,6,2,-3,-1,-2,-2,-1,4
2580,75,2,0,1,2,3,3,1,2,7,4,2,4,2,2,1,2,1,2,4,0,2,4,5,3,1,2,3,0,0,0,0,0,0,0,0,0,0,0,1,0,0,0,0,0,0,0,0,0,0,0,0,0,0,-1,-1,1,1,-1,1,0,3,-1,-1,3,0,-1,0,0,0,0,0,0,0,0,0,0,0,1,0,0,1,2,3,3,1,2,7,4,2,4,1,2,1,2,1,2,4,0,2,4,5,3,1,2,3,-1,-1,1,1,-1,1,0,3,-1,-1,3,-1,-1,3,3,4,2,5,3,2,1,3,3,1,4,0,0,0,0,0,1,0,0,1,0,0,0,1,2,1,-1,4,-1,0,0,-1,0,0,1,3,3,4,2,5,2,2,1,2,3,1,4,1,2,2,-1,4,-2
2580,76,1,1,2,0,1,3,0,2,2,3,0,3,4,3,3,1,1,5,0,4,0,2,2,2,1,1,2,0,0,0,0,0,0,0,0,0,0,0,0,1,0,1,0,0,0,0,0,0,0,0,0,0,0,-2,1,-1,-4,3,-4,2,0,1,-2,2,3,1,0,-1,0,0,0,0,0,0,0,0,0,0,1,1,2,0,1,3,0,2,2,3,0,3,4,2,3,0,1,5,0,4,0,2,2,2,1,1,2,-2,2,-1,-4,3,-4,2,0,1,-2,2,3,0,4,0,1,4,2,0,1,3,2,3,3,2,0,0,0,0,0,0,0,0,0,0,0,0,3,-3,-1,1,-1,-2,0,0,0,0,0,0,4,0,1,4,2,0,1,3,2,3,3,2,3,-3,-1,1,-1,-2
2580,76,2,2,3,2,2,4,5,1,0,6,5,1,2,2,2,3,4,5,4,4,3,2,3,2,3,2,2,0,0,0,0,0,0,0,0,0,0,1,0,0,0,1,0,0,0,0,0,1,1,0,0,0,0,0,0,-2,-3,0,1,-2,-2,3,3,-2,0,0,0,-1,0,0,0,0,0,-1,-1,0,1,0,0,2,3,2,2,4,5,1,0,6,5,0,2,2,2,2,4,5,4,4,3,1,2,2,3,2,2,0,1,-2,-3,0,1,-2,-1,4,3,-3,0,0,6,5,5,5,4,4,3,1,0,2,2,0,0,0,0,1,0,0,0,0,0,0,0,0,3,4,5,3,2,4,0,0,0,1,0,0,6,5,5,4,4,4,3,1,0,2,2,0,3,4,5,2,2,4
2580,77,1,3,0,0,3,1,0,2,0,2,1,2,2,3,2,1,1,1,2,1,2,1,2,2,3,5,4,0,0,0,0,0,0,0,0,0,0,0,0,0,0,0,0,0,0,0,0,0,0,0,0,1,0,1,-1,-1,2,-1,-1,0,-1,0,-1,-1,-3,-1,0,0,0,0,0,0,0,0,0,0,0,-1,0,3,0,0,3,1,0,2,0,2,1,2,2,3,2,1,1,1,2,1,2,1,2,2,3,4,4,1,-1,-1,2,-1,-1,0,-1,0,-1,-1,-2,-1,6,1,4,1,7,5,0,2,5,3,1,6,0,0,0,0,0,0,0,0,0,0,0,1,6,-1,-1,-2,6,-1,0,0,0,0,0,-1,6,1,4,1,7,5,0,2,5,3,1,5,6,-1,-1,-2,6,0
2580,77,2,2,2,4,1,3,1,3,3,4,4,3,3,5,0,3,1,0,0,2,1,0,2,4,0,0,5,0,0,0,0,0,0,0,0,0,0,0,0,0,0,0,0,0,0,0,0,0,0,0,0,0,1,2,-1,3,1,3,-1,2,3,2,0,3,3,0,0,0,0,0,0,0,0,0,0,0,0,0,-1,2,2,4,1,3,1,3,3,4,4,3,3,5,0,3,1,0,0,2,1,0,2,4,0,0,4,2,-1,3,1,3,-1,2,3,2,0,3,3,1,7,1,6,4,6,6,1,5,5,6,3,1,0,0,0,0,0,1,0,0,0,0,0,0,6,-4,1,-2,3,5,0,0,0,0,0,1,7,1,6,4,6,5,1,5,5,6,3,1,6,-4,1,-2,3,4
2580,78,1,3,1,2,3,2,1,1,3,3,2,1,1,0,0,0,2,1,1,2,2,0,2,1,2,4,0,0,0,0,0,0,1,0,0,0,0,0,0,0,0,0,0,0,0,0,0,0,1,0,0,0,0,3,1,0,2,1,-1,-1,3,1,1,-1,-3,0,0,0,0,0,0,1,0,0,-1,0,0,0,0,3,1,2,3,2,0,1,3,3,2,1,1,0,0,0,2,1,1,2,2,0,1,1,2,4,0,3,1,0,2,1,-2,-1,3,2,1,-1,-3,0,2,0,3,4,3,5,2,5,5,2,1,2,0,0,0,0,0,1,0,0,0,0,0,0,0,-5,-2,2,2,3,0,0,0,0,0,1,2,0,3,4,3,4,2,5,5,2,1,2,0,-5,-2,2,2,2
2580,78,2,3,2,1,2,1,0,4,2,5,1,3,0,2,1,0,2,1,0,1,1,1,2,6,2,3,0,0,1,0,0,0,0,1,0,0,0,0,0,0,0,0,0,0,0,0,0,0,0,1,0,0,0,2,2,-1,1,1,-1,3,1,3,-5,1,-3,2,0,1,0,0,0,0,1,0,0,-1,0,0,0,3,1,1,2,1,0,3,2,5,1,3,0,2,1,0,2,1,0,1,1,1,2,5,2,3,0,2,1,-1,1,1,-1,2,1,3,-4,1,-3,2,0,2,2,4,5,4,2,2,1,2,3,0,0,0,0,0,0,0,0,0,0,0,0,0,-2,0,1,2,2,4,0,0,0,0,0,0,0,2,2,4,5,4,2,2,1,2,3,0,-2,0,1,2,2,4
2580,79,1,1,0,1,3,4,2,1,1,3,2,0,0,1,1,1,2,2,1,1,2,3,3,2,2,1,2,0,0,0,0,0,0,0,0,0,0,0,0,0,0,0,1,0,0,0,0,0,0,0,0,0,0,0,-1,-1,1,3,1,-1,-2,0,0,-2,-1,-1,0,0,-1,0,0,0,0,0,0,0,0,0,0,1,0,1,3,4,2,1,1,3,2,0,0,1,1,1,1,2,1,1,2,3,3,2,2,1,2,0,-1,0,1,3,1,-1,-2,0,0,-2,-1,-1,2,1,4,2,1,2,2,1,2,7,2,3,0,0,0,0,0,0,0,0,0,0,0,0,0,0,2,-5,-1,-1,0,0,0,0,0,0,2,1,4,2,1,2,2,1,2,7,2,3,0,0,2,-5,-1,-1
2580,79,2,0,1,1,3,2,3,1,2,2,5,5,1,4,2,2,3,1,3,0,3,6,0,0,2,0,4,0,0,0,0,0,0,0,0,0,0,1,0,0,0,0,0,0,1,0,0,1,0,0,0,0,0,-2,-1,-2,2,-1,3,-2,-4,2,5,3,1,0,0,0,0,0,-1,0,0,-1,0,0,1,0,0,0,1,1,3,2,3,1,2,2,5,4,1,4,2,2,3,1,2,0,3,5,0,0,2,0,4,-2,-1,-2,2,0,3,-2,-3,2,5,2,1,0,2,5,2,5,3,5,1,2,3,3,1,1,0,1,0,0,0,0,0,0,1,1,0,0,1,3,-1,2,2,4,0,1,-1,-1,0,0,2,4,2,5,3,5,1,2,2,2,1,1,1,2,0,3,2,4
2582,0,1,6,11,2,3,4,4,5,4,8,8,6,7,8,4,4,7,6,7,3,2,14,6,7,7,6,3,4,4,1,2,4,3,3,1,3,5,3,1,2,0,0,0,1,0,1,0,0,0,0,0,0,0,2,7,-5,-3,-3,1,3,-10,2,1,-1,1,5,4,4,1,1,4,2,3,1,3,5,3,1,2,2,7,1,1,0,1,2,3,5,3,3,6,6,4,4,7,5,7,2,2,14,6,7,7,6,3,-2,3,-6,-4,-7,-1,0,-11,-1,-4,-4,0,3,3,7,10,7,4,4,5,6,6,8,3,5,0,2,1,2,2,1,0,0,0,0,0,0,-2,1,4,-1,1,-1,0,2,1,2,2,1,3,5,9,5,2,3,5,6,6,8,3,5,-2,-1,3,-3,-1,-2
2582,0,2,8,6,5,8,2,9,5,7,8,4,10,8,2,2,7,7,6,2,3,10,11,10,4,5,7,4,4,3,1,3,1,3,1,4,3,0,7,4,0,0,1,0,0,0,0,0,0,0,0,0,0,0,6,-1,-2,2,0,6,-5,-4,-2,0,5,1,-2,4,2,1,3,1,3,1,4,3,0,7,4,0,4,3,4,5,1,6,4,3,5,4,3,4,2,2,6,7,6,2,3,10,11,10,4,5,7,4,2,-3,-3,-1,-1,3,-6,-8,-5,0,-2,-3,-2,6,2,5,6,4,4,4,5,0,2,5,3,0,0,1,2,1,1,0,0,0,0,0,0,2,-3,5,4,-1,1,0,0,1,2,1,1,6,2,4,4,3,3,4,5,0,2,5,3,2,-3,4,2,-2,0
2582,1,1,16,10,11,8,12,14,12,8,17,14,13,15,20,17,9,11,5,13,6,13,7,11,11,13,16,10,8,6,2,4,4,2,4,5,7,6,4,7,3,1,1,0,0,0,0,0,0,0,0,0,0,1,-1,1,0,3,-1,8,-1,1,6,3,0,-1,10,7,5,2,4,4,2,4,5,7,6,4,7,2,8,4,9,4,8,12,8,3,10,8,9,8,17,16,8,11,5,13,6,13,7,11,11,13,16,9,-8,-4,-2,-1,-5,6,-5,-4,-1,-3,-4,-8,8,8,13,18,8,11,7,13,7,12,8,11,6,3,5,4,2,2,3,0,0,1,0,0,0,-5,6,6,0,0,1,3,5,3,2,2,3,5,8,14,6,9,4,13,7,11,8,11,6,-8,1,3,-2,-2,-2
2582,1,2,12,8,12,4,10,9,16,7,4,23,20,17,17,8,9,14,4,6,3,10,7,9,15,13,17,11,3,2,6,2,4,1,8,4,2,10,9,9,7,0,0,1,0,0,0,0,0,1,0,0,0,0,4,-1,-2,0,4,6,6,0,-5,8,7,0,6,3,2,5,2,4,1,8,4,1,10,9,9,7,9,6,6,2,6,8,8,3,2,13,11,8,10,8,9,13,4,6,3,10,7,8,15,13,17,11,1,-3,-7,-2,0,5,-2,-4,-6,-2,-2,-9,-1,10,13,9,10,11,8,9,5,6,9,5,8,3,7,2,1,4,1,0,0,0,1,0,1,1,8,3,1,6,0,3,7,2,0,4,0,7,6,7,9,7,7,9,5,6,8,5,7,-2,1,1,1,2,0
2582,2,1,12,10,8,5,9,12,9,12,5,15,9,20,9,10,8,16,7,5,8,11,8,6,15,7,16,6,5,3,7,2,2,4,5,5,4,8,5,12,4,1,0,1,0,0,0,0,0,0,0,0,0,1,2,2,-8,-2,4,4,-2,4,-1,0,2,4,3,4,3,6,2,2,4,5,5,4,8,5,12,3,7,7,1,3,7,8,4,7,1,7,4,8,5,9,8,15,7,5,8,11,8,6,15,7,16,5,-2,-1,-14,-4,2,0,-7,-1,-5,-8,-3,-8,0,12,9,4,7,5,6,9,8,7,8,4,4,4,1,0,0,1,1,0,0,1,2,0,1,3,1,-3,-1,1,2,4,1,-1,-2,1,0,8,8,4,7,4,5,9,8,6,6,4,3,-1,0,-2,1,0,2
2582,2,2,12,9,7,9,9,12,13,11,7,7,19,16,12,5,10,11,10,8,8,8,15,9,1,16,9,12,10,2,2,5,4,4,8,5,3,2,9,7,5,0,1,0,0,0,0,1,0,0,0,0,0,0,7,-1,-4,-1,1,4,5,-4,-2,6,3,7,0,10,1,2,5,4,4,7,5,3,2,9,7,5,2,7,5,4,5,8,5,6,4,5,10,9,7,5,9,11,10,8,8,7,15,9,1,16,9,12,-3,-2,-6,-6,-3,0,-2,-9,-5,4,-6,0,-5,7,6,10,9,7,10,8,10,7,4,2,7,2,0,2,1,1,3,0,0,1,0,0,1,-1,-4,3,5,5,3,2,0,1,1,1,2,5,6,8,8,6,7,8,10,6,4,2,6,-3,-4,2,4,4,1
2582,3,1,14,7,8,5,11,12,7,10,12,11,16,8,6,9,6,13,2,10,8,8,8,13,3,18,8,6,9,3,4,1,4,4,2,6,5,5,9,5,2,0,0,1,0,0,0,0,0,0,0,0,0,0,5,1,-5,3,1,4,-1,2,-1,8,-2,0,0,9,3,3,1,4,4,2,6,5,5,9,5,2,5,4,4,4,7,8,5,4,7,6,7,3,4,9,6,12,2,10,8,8,8,13,3,18,8,6,-4,-2,-8,2,-3,0,-3,-4,-6,3,-11,-5,-2,9,6,9,6,4,11,15,6,6,11,6,6,4,2,1,4,1,3,0,1,1,0,1,0,-6,0,3,-5,-2,5,4,1,0,4,0,3,5,4,8,2,3,8,15,5,5,11,5,6,-10,-1,3,-9,-2,2
2582,3,2,6,9,6,9,11,10,9,7,11,10,17,10,18,5,5,9,6,5,4,10,11,7,5,12,9,19,4,5,2,2,4,3,6,3,7,7,9,4,6,0,0,1,0,1,1,0,0,0,1,0,0,1,1,4,-3,3,6,6,-1,-4,4,5,5,1,-1,4,5,1,2,3,2,6,3,7,6,9,4,5,2,4,4,7,7,7,3,4,4,3,8,6,12,5,5,8,6,4,3,10,11,7,4,12,9,18,-3,-1,-4,1,3,4,-7,-7,-3,-1,-4,-3,-6,9,8,5,4,9,6,6,8,6,6,6,5,3,1,0,2,1,2,2,1,1,0,0,0,3,0,-1,-2,3,1,1,0,-1,2,1,2,6,7,5,2,8,4,4,7,5,6,6,5,2,0,0,-4,2,-1
2582,4,1,4,8,7,6,7,6,11,10,10,7,8,11,11,0,6,8,7,7,7,6,8,4,10,4,7,11,1,5,4,2,1,1,6,5,4,2,2,4,7,0,0,0,0,0,0,0,1,0,0,0,0,1,4,2,-1,-1,0,-1,5,2,6,-3,4,4,0,1,5,4,2,1,1,6,4,4,2,2,4,6,3,3,3,4,6,5,5,5,6,5,6,7,4,0,6,8,7,7,7,6,7,4,10,4,7,10,3,-3,-5,-3,-1,-2,-1,-2,2,-5,2,0,-6,3,4,4,9,3,8,6,7,7,6,5,8,2,1,2,3,1,4,0,0,1,1,1,3,-3,-3,-3,3,-2,0,2,1,1,2,0,1,1,3,2,6,2,4,6,7,6,5,4,5,-5,-4,-4,1,-2,-1
2582,4,2,13,7,7,2,4,13,7,10,10,9,11,11,11,12,3,14,1,7,14,6,8,6,8,7,8,9,8,3,5,2,1,6,6,3,2,4,7,7,6,0,1,1,1,0,2,0,0,0,1,0,0,0,1,4,-7,1,-3,-1,1,2,4,1,4,3,2,8,2,4,1,1,4,6,3,2,3,7,7,6,5,4,2,0,3,7,1,7,8,5,4,4,5,12,2,13,0,7,12,6,8,6,7,7,8,9,-7,2,-11,0,-4,-5,-5,-1,2,-2,-3,-4,-4,8,5,8,6,4,9,3,5,7,6,4,6,2,1,4,0,3,4,0,0,1,1,0,0,5,0,1,0,0,3,2,1,3,-1,3,4,6,4,4,6,1,5,3,5,6,5,4,6,3,-1,-2,1,-3,-1
2582,5,1,9,5,3,5,4,12,3,21,9,7,22,14,7,7,5,6,2,7,3,5,8,3,6,7,13,9,5,2,2,2,1,8,2,16,7,5,11,6,3,2,0,1,0,0,0,1,0,0,0,0,1,0,2,0,-3,3,-3,9,-2,13,6,1,15,1,-2,3,2,1,2,1,8,1,16,7,5,11,5,3,4,3,1,3,3,4,1,5,2,2,11,8,4,5,5,5,2,7,3,4,8,3,6,7,12,9,-1,-2,-4,1,-4,1,-3,-3,-1,-4,4,-4,-5,10,5,4,13,2,11,8,5,3,10,3,6,4,2,1,2,0,7,0,3,1,1,0,0,2,0,1,3,-1,5,4,-1,0,1,0,7,6,3,3,11,2,4,8,2,2,9,3,6,-2,1,1,2,-1,-2
2582,5,2,10,6,5,11,3,5,11,6,7,5,11,7,8,5,6,5,8,1,1,4,10,7,9,11,7,7,4,2,3,6,2,0,9,3,4,4,6,3,2,0,0,0,0,0,0,0,0,2,0,1,0,1,5,0,0,3,2,4,7,-4,0,-4,0,0,1,4,2,3,6,2,0,9,3,2,4,5,3,1,6,4,2,5,1,5,2,3,3,1,5,4,6,5,6,5,8,1,1,4,10,5,9,10,7,6,1,-2,-3,-3,0,4,-2,-7,-2,-8,-5,-3,0,7,4,8,10,9,8,6,4,5,8,12,2,2,1,2,3,5,2,0,0,0,0,1,0,1,0,3,2,-3,6,2,1,2,3,4,2,5,3,6,7,4,6,6,4,5,8,11,2,-1,-1,1,-1,-7,4
2582,6,1,7,6,5,2,8,15,15,10,4,12,10,8,11,10,7,11,3,4,12,16,7,12,5,5,11,12,5,2,4,0,4,9,12,6,4,7,7,6,5,0,0,1,0,0,0,0,0,1,1,0,0,0,-3,-1,-6,-1,4,3,-1,3,-8,7,5,-3,-1,5,2,3,0,4,9,12,6,3,6,7,6,5,2,4,1,2,4,6,3,4,0,5,3,2,6,10,7,10,3,4,12,16,7,11,4,5,11,12,-8,-3,-9,-1,0,-6,-13,-3,-11,1,-2,-9,-6,4,4,7,5,12,5,4,8,3,9,6,2,2,2,3,1,6,3,0,1,0,3,0,0,0,-4,4,-4,6,3,2,1,3,-2,6,3,2,2,4,4,6,2,4,7,3,6,6,2,-2,-5,1,-2,0,0
2582,6,2,6,8,8,5,6,8,7,12,7,8,10,8,11,8,5,10,6,5,8,2,9,5,2,4,8,3,4,5,6,3,3,5,3,7,3,2,9,5,6,1,0,2,0,1,0,0,1,0,0,0,0,0,-2,3,-2,-1,1,0,5,3,2,6,6,0,8,3,5,4,3,2,5,3,6,3,2,9,5,6,2,3,2,2,3,3,4,5,4,6,1,3,5,7,5,8,6,4,8,2,8,5,2,4,8,3,-5,-2,-6,-4,-1,-5,2,-3,-1,4,-3,-5,2,4,2,5,7,7,3,4,6,4,7,5,3,1,0,1,4,2,2,2,3,0,1,0,0,0,-4,1,0,2,0,-1,-3,1,3,2,2,3,2,4,3,5,1,2,3,4,6,5,3,1,-1,0,-3,0,-2
2582,7,1,9,1,11,4,5,7,6,11,7,13,3,9,6,5,4,11,3,2,4,6,6,4,11,7,9,9,6,0,9,1,5,6,4,6,3,8,3,6,3,1,0,0,0,0,1,1,1,0,3,1,0,0,4,-3,0,1,3,3,0,5,3,2,-4,0,-3,5,0,9,1,5,5,3,5,3,5,2,6,3,3,1,2,3,0,1,2,5,4,5,0,3,3,4,4,11,3,2,3,5,5,4,8,6,9,9,-1,-3,-9,0,-2,-2,-3,0,0,-3,-6,-6,-6,10,3,2,5,6,10,3,2,6,5,0,8,5,1,0,1,1,2,1,1,3,1,0,2,7,1,-4,0,6,2,4,0,-3,0,1,0,5,2,2,4,5,8,2,1,3,4,0,6,3,1,-1,0,5,2
2582,7,2,8,5,3,5,3,6,4,9,10,9,7,5,10,7,7,9,3,2,4,3,5,12,6,3,8,11,6,3,1,1,1,3,3,2,7,8,2,4,6,0,0,1,0,0,0,0,0,0,0,0,0,0,1,-2,-6,2,1,2,1,4,-2,3,4,-3,-1,6,3,0,1,1,3,3,2,7,8,2,4,6,2,2,2,4,2,3,1,7,3,1,5,1,4,7,7,8,3,2,4,3,5,12,6,3,8,11,-5,-5,-6,1,0,-1,-2,2,-9,-5,2,-7,-7,4,2,6,8,8,9,4,4,7,10,9,5,0,0,2,3,7,7,0,2,0,1,0,1,0,-2,-1,-2,-1,4,0,-2,2,2,7,6,4,2,4,5,1,2,4,2,7,9,9,4,0,0,-3,-4,-8,-2
2582,8,1,4,5,10,9,3,9,9,8,0,5,2,19,7,6,5,6,2,5,7,9,5,5,8,7,10,5,1,4,7,4,1,7,6,4,0,4,1,9,6,0,0,0,0,0,0,1,0,0,1,0,0,1,-2,0,4,7,-2,2,0,3,-5,-3,-5,9,2,1,4,7,4,1,7,5,4,0,3,1,9,5,3,1,3,5,2,2,3,4,0,1,1,10,1,6,5,6,2,5,7,8,5,5,7,7,10,4,-3,-4,-3,3,-3,-5,-5,-1,-5,-6,-6,0,-3,6,9,7,3,7,6,5,6,9,3,3,5,2,4,3,0,4,2,0,0,1,2,0,2,1,3,-2,0,4,1,2,4,2,-2,4,0,4,5,4,3,3,4,5,6,8,1,3,3,-1,-1,-4,2,0,1
2582,8,2,4,4,8,4,11,8,7,13,7,3,11,10,8,5,5,10,1,6,9,7,6,4,8,4,7,7,4,2,4,1,4,6,5,12,6,1,5,6,4,0,0,0,0,0,0,0,0,0,0,0,2,0,-1,-1,-2,3,5,-1,0,7,3,-5,7,3,1,4,2,4,1,4,6,5,12,6,1,5,4,4,0,2,4,3,7,2,2,1,1,2,6,4,4,5,5,10,1,6,9,7,6,4,8,4,5,7,-5,-3,-6,2,1,-7,-5,-5,-3,-6,2,-1,-3,8,9,2,8,5,4,3,5,1,5,2,2,4,5,2,3,1,2,0,1,0,1,0,1,5,4,1,3,3,2,4,4,2,2,1,1,4,4,0,5,4,2,3,4,1,4,2,1,1,0,-1,1,2,1
2582,9,1,10,7,6,1,5,9,5,13,9,6,9,6,7,7,5,8,3,4,2,6,10,8,5,5,7,8,7,4,4,1,5,6,3,9,4,3,6,6,4,0,0,1,0,0,0,0,0,0,1,0,0,0,3,2,-2,-2,1,7,-1,3,1,1,4,-1,-1,7,4,3,1,5,6,3,9,4,2,6,6,4,3,3,2,0,0,3,2,4,5,3,3,0,3,7,5,7,3,4,2,6,10,8,4,5,7,8,-4,-2,-5,-3,-4,1,-4,-6,-3,-1,-2,-7,-5,8,2,6,5,6,10,5,2,6,4,3,6,1,0,2,1,3,7,2,1,1,2,1,1,3,0,0,1,3,4,-1,-1,1,-1,2,6,7,2,4,4,3,3,3,1,5,2,2,5,4,1,-1,2,1,-2
2582,9,2,8,10,3,5,2,13,6,11,1,9,14,7,10,8,5,7,4,3,15,5,8,7,6,3,11,8,4,6,0,3,1,7,4,9,0,4,6,4,10,1,0,0,0,0,0,1,0,0,0,0,2,0,0,5,-4,1,-1,-2,1,3,-6,3,11,-4,2,3,6,0,3,1,7,3,9,0,4,6,2,10,4,4,3,2,1,6,2,2,1,5,8,3,0,7,5,7,4,3,15,4,8,7,6,3,9,8,-3,-1,-4,-2,-2,-9,-2,-6,-6,-1,5,-6,-8,4,2,8,10,5,9,6,3,4,5,4,3,1,2,7,5,1,7,0,0,0,0,1,0,-2,-1,4,5,1,6,1,2,7,5,0,7,3,0,1,5,4,2,6,3,4,5,3,3,-3,-3,-3,0,1,-1
2582,10,1,6,5,8,2,2,10,5,10,5,7,8,8,9,6,4,9,3,1,9,7,7,7,5,4,8,2,3,3,7,0,2,8,4,7,3,5,3,5,5,0,0,0,0,0,0,1,0,0,0,0,0,0,0,1,-1,-1,1,1,-2,3,-2,2,4,0,7,3,3,7,0,2,8,3,7,3,5,3,5,5,3,2,1,2,0,2,1,3,2,2,5,3,4,6,4,9,3,1,9,6,7,7,5,4,8,2,-3,-2,-8,-1,-1,-7,-5,-4,-5,-3,1,-5,2,5,6,3,5,5,6,9,4,3,6,1,5,3,2,2,4,3,3,0,0,2,1,0,0,-4,2,0,-1,4,1,3,2,0,3,3,3,2,4,1,1,2,3,9,4,1,5,1,5,-7,0,0,-4,1,-2
2582,10,2,4,3,4,2,4,7,8,11,4,5,5,5,8,8,5,7,0,7,4,11,8,9,5,3,5,5,3,2,4,1,0,4,6,6,2,3,0,2,5,1,0,0,0,0,0,0,0,0,0,0,1,0,-4,-2,-3,2,-3,3,-3,3,-5,0,2,0,3,2,2,4,1,0,4,6,6,2,3,0,1,5,1,1,0,1,4,3,2,5,2,2,5,3,3,7,5,7,0,7,4,11,8,9,5,3,4,5,-6,-4,-7,1,-3,-1,-9,-3,-7,-3,2,-1,-2,4,5,3,5,7,5,7,1,1,8,10,7,4,2,1,2,6,2,0,0,0,2,1,2,-3,4,2,-3,-3,-2,4,2,1,0,5,0,0,3,2,3,1,3,7,1,1,6,9,5,-7,2,1,-3,-8,-2
2582,11,1,10,5,8,4,3,5,8,9,5,5,8,7,8,12,5,5,7,0,5,7,3,8,6,4,6,6,8,2,3,2,0,3,6,6,3,2,5,7,4,0,0,1,0,0,0,1,0,0,0,0,0,0,-2,0,3,-3,3,0,1,6,-3,-1,4,1,2,8,2,2,2,0,3,5,6,3,2,5,7,4,2,3,5,2,3,2,2,3,2,3,3,0,4,12,5,4,7,0,5,6,3,8,6,4,6,6,-10,-2,1,-5,3,-3,-4,0,-6,-3,-1,-6,-2,3,3,1,3,3,3,4,3,6,0,5,1,1,0,0,0,1,3,0,0,0,0,1,0,-1,0,-5,3,-2,2,1,0,0,0,0,3,2,3,1,3,2,0,4,3,6,0,4,1,-2,0,-5,3,-2,-1
2582,11,2,6,4,9,3,5,8,5,8,5,5,9,2,5,5,5,5,4,4,2,3,8,8,4,6,4,4,4,2,5,1,4,5,3,4,5,4,8,1,2,0,0,0,0,0,0,0,0,0,0,0,1,0,1,-1,4,-1,1,6,2,0,-3,1,3,-2,1,4,2,5,1,4,5,3,4,5,4,8,0,2,2,2,4,2,1,3,2,4,0,1,1,1,3,5,5,5,4,4,2,3,8,8,4,6,3,4,-3,-3,-1,-2,-3,1,-1,-4,-8,-3,-5,-2,-1,6,4,5,4,5,5,4,1,5,8,7,2,3,1,2,4,1,3,1,0,0,1,2,0,2,3,0,-4,-2,3,2,1,2,3,-1,3,3,3,3,0,4,2,3,1,5,7,5,2,0,2,-2,-7,-1,0
2582,12,1,5,3,5,3,3,10,3,9,4,5,9,8,4,7,6,7,2,4,2,5,6,8,6,7,11,6,3,2,2,0,2,4,3,7,3,3,6,2,3,0,1,0,0,0,0,0,0,0,0,1,0,0,-2,-3,-2,1,-1,8,-2,3,-4,-1,2,-3,-2,3,1,2,0,2,4,3,7,3,3,5,2,3,2,1,3,3,1,6,0,2,1,2,3,6,1,7,5,7,2,4,2,5,6,8,6,6,11,6,-5,-4,-4,1,-3,4,-5,-4,-7,-4,-3,-5,-5,5,2,5,3,6,13,4,6,4,4,6,6,2,0,3,0,4,10,0,0,0,0,0,1,1,-4,1,-1,0,7,2,0,3,0,4,9,3,2,2,3,2,3,4,6,4,4,6,5,-1,-4,-2,-1,-4,-2
2582,12,2,5,4,5,3,5,11,6,6,6,9,6,12,12,6,3,6,2,1,10,6,7,10,6,4,6,8,2,4,4,1,0,9,2,4,5,3,5,8,8,0,0,0,0,0,0,0,0,1,0,0,0,0,-1,1,-1,1,4,1,0,-1,-4,3,2,6,4,2,4,4,1,0,9,2,4,4,3,5,8,8,3,0,1,2,5,2,4,2,1,6,1,4,4,6,3,6,2,1,10,6,7,9,6,4,6,8,-3,-3,-5,0,4,-8,-2,-5,-8,0,-3,-2,-4,2,4,3,3,11,4,3,2,4,9,7,6,1,3,1,2,4,3,0,0,1,1,1,1,-1,2,-1,-6,4,-2,1,3,0,1,3,2,1,1,2,1,7,1,3,2,3,8,6,5,-2,-1,-1,-7,1,-4
2582,13,1,7,3,4,3,4,6,4,13,2,1,2,4,2,7,2,6,3,4,3,4,10,6,2,5,5,2,3,0,2,0,3,1,3,8,1,0,2,2,2,0,0,0,1,1,0,0,0,0,0,1,1,0,0,1,-2,0,0,3,0,3,-4,-1,-3,-1,0,3,0,2,-1,2,1,3,8,1,0,1,1,2,4,3,2,3,1,5,1,5,1,1,0,2,0,7,2,6,2,3,3,4,10,6,2,4,4,2,-3,1,-4,1,-2,2,-3,-5,-5,-1,-4,-2,-2,6,5,2,8,5,6,5,2,5,4,4,4,2,3,1,5,3,5,0,0,0,1,0,1,1,3,-3,4,1,2,2,3,1,4,3,4,4,2,1,3,2,1,5,2,5,3,4,3,-1,0,-4,0,-2,-2
2582,13,2,4,8,6,3,3,10,4,13,2,3,4,7,3,4,2,4,4,4,4,6,4,3,1,4,5,9,4,5,4,1,1,5,1,5,2,3,2,4,2,0,0,1,0,0,0,0,0,0,0,0,1,0,0,6,2,-1,-1,6,-2,9,-1,2,0,2,-6,4,5,3,1,1,5,1,5,2,3,2,3,2,0,3,2,2,2,5,3,8,0,0,2,3,1,4,2,3,4,4,4,6,4,3,1,4,4,9,-4,1,-1,-2,-2,1,-3,4,-3,-1,-2,-1,-8,5,4,2,8,6,1,6,3,2,3,7,1,2,1,1,4,3,0,0,0,0,0,1,0,-1,1,0,5,-1,0,2,1,1,4,2,0,3,3,1,4,3,1,6,3,2,3,6,1,-3,0,-1,1,-3,0
2582,14,1,6,4,13,6,8,4,7,8,8,11,7,7,8,8,5,9,5,5,4,5,6,5,8,4,4,6,5,1,4,2,4,0,6,6,5,6,4,5,6,0,0,1,0,0,0,0,0,0,1,0,0,0,-2,-1,4,1,3,0,2,2,3,3,3,3,2,5,1,3,2,4,0,6,6,5,5,4,5,6,1,3,9,4,4,4,1,2,3,5,3,2,2,8,5,8,5,5,4,5,6,5,7,4,4,6,-7,-2,1,-1,-1,0,-4,-4,-2,-2,-1,-2,-4,4,6,7,8,2,2,2,3,6,6,6,3,0,4,3,7,2,1,0,0,0,1,1,0,2,3,1,2,-4,-1,0,4,3,6,1,1,4,2,4,1,0,1,2,3,6,5,5,3,2,-1,-2,-4,-5,-2
2582,14,2,5,4,9,2,1,10,7,12,2,9,8,7,5,7,6,8,2,2,7,4,5,8,2,4,6,5,4,2,2,1,1,6,6,8,2,4,4,4,2,0,0,1,0,0,1,0,0,0,0,0,1,1,-2,-2,1,0,-1,3,3,7,-6,7,4,1,0,4,2,1,1,1,5,6,8,2,4,4,3,1,1,2,7,1,0,4,1,4,0,5,4,3,3,7,6,7,2,2,6,4,5,8,2,4,5,4,-6,-4,0,-1,-2,-2,-3,-1,-8,3,0,-2,-1,6,3,1,7,5,6,6,2,3,8,3,6,3,1,0,6,2,3,1,0,0,2,0,1,0,1,-2,-1,2,0,2,1,0,4,2,2,3,2,1,1,3,3,5,2,3,6,3,5,-2,0,-2,-5,0,-2
2582,15,1,8,7,7,4,4,7,7,10,4,8,5,9,6,7,7,7,6,2,2,11,3,4,6,6,5,4,5,2,5,2,2,1,7,6,3,5,5,7,3,0,0,0,1,0,0,0,0,0,0,0,0,0,1,0,0,-2,2,5,-4,7,0,2,-1,4,2,5,2,5,1,2,1,7,6,3,5,5,7,3,3,5,2,2,2,6,0,4,1,3,0,2,3,7,7,7,5,2,2,11,3,4,6,6,5,4,-4,-2,-5,-3,0,4,-11,1,-3,-3,-6,-3,-1,3,4,0,0,8,8,3,2,2,1,8,6,1,1,0,0,7,5,1,1,0,0,0,0,0,2,-2,-1,0,2,0,0,0,0,7,5,2,3,0,0,1,3,2,1,2,1,8,6,0,2,-2,-1,-7,-3
2582,15,2,6,3,5,2,5,9,9,5,6,6,2,5,4,6,3,8,5,5,3,10,7,6,2,3,3,9,2,1,2,1,2,3,4,3,2,3,0,4,2,0,0,1,0,0,0,0,1,0,0,0,0,0,0,0,-3,-3,0,6,-1,-2,0,4,-1,2,-5,2,1,1,1,2,3,4,2,2,3,0,4,2,4,2,3,1,3,6,5,2,4,3,2,1,2,6,3,7,5,5,3,10,6,6,2,3,3,9,-2,-1,-4,-4,-2,3,-5,-4,-2,1,-1,-2,-7,7,5,5,5,7,8,6,4,6,7,3,4,1,2,0,3,4,5,0,0,0,0,0,0,1,1,-1,-2,4,4,1,2,0,3,4,5,6,3,5,2,3,3,6,4,6,7,3,4,0,-1,-1,-5,0,-1
2582,16,1,14,8,11,7,11,5,8,14,17,9,14,11,6,13,8,7,6,5,9,4,9,7,7,4,3,6,4,0,3,2,7,2,6,7,11,8,10,8,5,0,0,0,0,0,0,0,0,0,0,0,0,0,1,0,4,1,6,-4,4,5,10,2,10,8,0,4,0,3,2,7,2,6,7,11,8,10,8,5,10,8,8,5,4,3,2,7,6,1,4,3,1,13,8,7,6,5,9,4,9,7,7,4,3,6,-3,0,1,-1,-1,-6,-2,-2,-1,-6,0,0,-5,3,4,6,10,9,12,5,6,6,10,8,6,1,0,1,5,2,4,0,0,0,1,1,0,-2,-2,0,0,1,6,1,0,1,4,1,4,2,4,5,5,7,8,5,6,6,9,7,6,-3,-2,-1,-4,0,2
2582,16,2,13,4,7,5,10,11,8,4,8,6,8,8,9,14,6,2,7,4,6,7,9,8,15,8,12,8,7,1,0,1,1,7,3,1,3,2,2,6,3,0,0,0,0,0,0,0,0,0,0,0,1,0,-1,-2,5,-2,6,5,1,-5,0,-9,0,-4,1,7,1,0,1,1,7,3,1,3,2,2,5,3,6,3,7,4,9,4,5,3,5,4,6,2,6,14,6,2,7,4,6,7,9,8,15,8,11,8,-8,-3,5,-3,5,-2,-2,-6,-3,-11,-2,-9,-2,8,7,8,9,6,9,4,3,6,4,6,4,2,2,5,4,4,7,0,0,0,0,0,0,4,4,2,5,0,5,2,2,5,4,4,7,6,5,3,5,2,2,4,3,6,4,6,4,2,2,-3,1,-4,-2
2582,17,1,5,7,8,6,6,6,6,12,13,9,22,14,12,5,11,7,6,8,5,7,9,10,8,4,6,11,3,1,2,3,2,2,4,9,8,5,16,11,7,0,0,0,1,0,0,1,0,0,1,0,0,0,0,-4,1,0,-2,1,-1,3,3,1,18,8,1,3,1,2,2,2,2,3,9,8,4,16,11,7,2,6,6,3,4,4,2,3,5,4,6,3,5,5,11,7,5,8,5,6,9,10,7,4,6,11,-3,-5,-1,-2,-4,-1,-4,-6,-5,-3,2,-3,-6,9,8,4,10,12,6,7,3,1,7,9,4,3,0,0,5,7,3,1,0,0,0,0,0,2,5,3,3,3,2,2,0,0,5,7,3,6,8,4,5,5,3,6,3,1,7,9,4,0,5,3,-2,-4,-1
2582,17,2,5,10,4,4,6,10,6,14,8,6,8,11,6,8,7,4,5,2,8,8,8,2,2,7,10,11,1,0,2,0,3,7,1,9,5,4,4,4,1,0,0,0,0,0,0,0,0,0,1,0,0,1,-3,3,0,-1,4,2,-2,6,6,4,1,1,-5,1,0,2,0,3,7,1,9,5,3,4,4,0,4,10,2,4,3,3,5,5,3,2,4,7,5,8,7,4,5,2,8,8,8,2,1,7,10,10,-4,3,-2,-1,1,-5,-3,-3,1,1,-3,-3,-5,2,7,6,3,9,1,3,4,5,9,9,1,0,4,1,1,3,1,0,0,0,2,0,0,-1,3,1,-6,0,0,0,4,1,-1,3,1,2,3,5,2,6,0,3,4,5,7,9,1,-1,-1,0,-5,-3,-1
2582,18,1,5,6,5,6,7,5,11,8,14,8,11,26,17,6,12,5,8,8,4,7,12,14,6,5,13,9,2,3,2,4,4,2,6,5,7,7,5,22,7,1,0,0,0,0,0,0,0,0,0,0,0,1,-1,-6,0,-2,-1,1,4,-4,0,2,6,13,8,1,3,2,4,4,2,6,5,7,7,5,22,6,3,3,3,2,3,3,5,3,7,1,6,4,10,5,12,5,8,8,4,7,12,14,6,5,13,8,-2,-9,-2,-6,-5,-1,-2,-9,-7,-5,1,-9,2,9,8,6,2,6,7,7,7,3,4,6,7,5,3,3,1,5,3,0,0,0,0,1,1,2,1,3,-2,0,0,5,3,3,1,4,2,4,5,3,1,1,4,7,7,3,4,5,6,-3,-2,0,-3,-4,-2
2582,18,2,15,11,13,10,9,6,5,4,10,4,6,10,7,16,9,12,6,11,8,12,7,10,6,7,6,8,4,1,1,1,5,2,4,3,6,2,3,4,3,0,0,0,0,0,0,0,0,1,0,0,0,1,-1,2,1,4,-2,-2,-7,-3,0,-2,-1,4,-1,4,1,1,1,5,2,4,3,5,2,3,4,2,11,10,12,9,4,4,1,1,4,2,3,6,4,16,9,12,6,11,8,12,7,9,6,7,6,7,-5,1,0,3,-7,-4,-11,-6,-5,-4,-4,0,-3,6,7,11,0,11,17,3,2,5,4,8,13,2,1,2,0,5,8,0,0,0,0,0,0,3,5,6,-4,3,4,2,1,2,0,5,8,4,6,9,0,6,9,3,2,5,4,8,13,1,4,4,-4,-2,-4
2582,19,1,9,6,11,11,10,19,16,28,26,15,17,48,33,14,15,19,20,23,22,20,21,19,21,11,33,28,1,2,1,1,3,0,7,9,11,6,8,34,24,0,0,1,0,0,1,0,0,0,0,1,0,0,-5,-9,-8,-9,-13,-3,-4,7,7,-6,6,15,5,1,2,0,1,3,-1,7,9,11,6,7,34,24,8,4,10,10,7,19,9,19,15,9,9,14,9,14,15,18,20,23,21,20,21,19,21,10,33,28,-6,-11,-8,-10,-16,-2,-11,-2,-4,-12,-1,-19,-19,25,14,20,19,16,11,23,10,12,13,8,11,10,2,3,6,2,4,0,2,0,0,0,0,2,4,8,6,8,0,10,0,3,6,2,4,15,12,17,13,14,7,23,8,12,13,8,11,-8,4,5,0,6,-4
2582,19,2,11,18,16,19,18,19,18,31,21,15,14,20,21,30,35,32,35,30,15,23,21,17,24,20,22,22,3,2,3,1,4,6,2,4,6,4,2,11,5,1,1,0,1,1,0,0,0,0,1,0,0,1,-19,-17,-16,-16,-12,4,-5,10,4,-9,-6,-2,-1,2,1,3,0,3,6,2,4,6,3,2,11,4,8,16,13,18,14,13,16,27,15,11,12,9,16,29,34,32,34,29,15,23,21,17,23,20,22,21,-21,-18,-19,-16,-15,-2,-7,6,-2,-12,-8,-13,-5,16,22,10,9,15,16,23,26,32,22,24,15,2,4,3,3,2,2,1,1,2,0,1,0,-7,-4,-22,-13,-9,1,1,3,1,3,1,2,14,18,7,6,13,14,22,25,30,22,23,15,-8,-7,-23,-16,-10,-1
2582,20,1,19,23,20,19,35,49,27,43,53,28,21,46,32,32,22,27,33,27,36,23,22,27,25,20,41,46,5,3,0,3,7,6,6,7,11,4,9,20,11,1,0,1,0,0,1,1,0,1,0,0,0,2,-13,1,-7,-14,8,13,4,21,26,3,1,5,-14,4,3,-1,3,7,5,5,7,10,4,9,20,9,14,20,20,16,28,43,21,36,42,24,12,26,21,31,22,26,33,27,35,22,22,26,25,20,41,44,-17,-2,-6,-17,1,8,-1,14,16,-1,-8,-15,-23,53,58,52,49,47,52,27,21,33,24,24,28,20,1,6,3,2,7,0,0,2,1,0,1,26,37,19,25,23,24,20,1,4,2,2,6,33,57,46,46,45,45,27,21,31,23,24,27,6,36,15,23,21,18
2582,20,2,16,21,29,22,32,33,28,29,35,32,12,29,16,58,47,34,34,43,49,38,39,42,34,22,27,31,2,3,5,3,8,4,6,7,10,9,2,5,0,0,0,4,1,1,0,2,0,0,0,0,0,0,-42,-26,-5,-12,-11,-16,-10,-10,-7,-2,-10,2,-15,2,3,1,2,7,4,4,7,10,9,2,5,0,14,18,24,19,24,29,22,22,25,23,10,24,16,58,47,30,33,42,49,36,39,42,34,22,27,31,-44,-29,-6,-14,-18,-20,-14,-17,-17,-11,-12,-3,-15,22,30,31,41,47,33,34,23,26,36,41,32,2,1,2,4,6,2,1,1,0,1,2,0,-12,7,5,5,6,1,1,0,2,3,4,2,20,29,29,37,41,31,33,22,26,35,39,32,-13,7,3,2,2,-1
2582,21,1,25,22,19,13,25,48,35,45,41,35,48,46,43,24,26,38,29,27,29,40,29,30,50,40,43,39,10,4,4,3,4,3,3,9,10,14,18,19,7,0,1,1,0,2,2,2,1,0,0,0,1,0,1,-4,-19,-16,-2,19,-5,16,11,-15,8,3,4,10,3,3,3,2,1,1,8,10,14,18,18,7,15,18,15,10,21,45,32,36,31,21,30,27,36,24,25,37,29,25,27,38,28,30,50,40,42,39,-9,-7,-22,-19,-4,18,-6,8,1,-29,-10,-15,-3,18,31,30,33,25,33,18,43,36,26,46,33,5,0,6,4,2,4,0,0,1,1,1,0,0,-12,-6,7,-21,0,5,0,5,3,1,4,13,31,24,29,23,29,18,43,35,25,45,33,-5,-12,-11,4,-22,-4
2582,21,2,23,18,26,31,29,29,31,25,38,25,26,34,25,46,38,46,41,31,47,39,37,32,35,32,26,27,6,1,3,6,6,3,7,3,11,6,6,7,2,1,0,2,0,0,0,1,1,2,2,3,1,1,-23,-20,-20,-10,-2,-18,-8,-12,6,-10,-6,8,-2,5,1,1,6,6,3,6,2,9,4,3,6,1,17,17,23,25,23,26,24,22,27,19,20,27,23,45,38,44,41,31,47,38,36,30,33,29,25,26,-28,-21,-21,-16,-8,-21,-14,-14,-3,-14,-9,2,-3,22,31,25,14,26,18,18,37,25,19,39,33,3,5,3,2,4,0,0,0,0,0,0,0,4,-6,0,-5,-13,-15,3,5,3,2,4,0,19,26,22,12,22,18,18,37,25,19,39,33,1,-11,-3,-7,-17,-15
2582,22,1,25,20,17,33,30,43,44,48,46,40,28,38,23,41,38,33,24,30,27,44,32,35,42,42,41,29,8,4,1,6,4,5,12,11,11,9,11,18,1,1,0,1,0,0,1,1,1,1,0,2,0,0,-16,-18,-16,9,0,16,0,16,11,-2,-14,-3,-6,7,4,0,6,4,4,11,10,10,9,9,18,1,17,16,16,27,26,38,32,37,35,31,17,20,22,40,38,32,24,30,26,43,31,34,42,40,41,29,-23,-22,-16,3,-4,12,-11,6,1,-11,-23,-21,-7,23,28,33,22,23,37,27,25,30,27,35,31,8,5,2,5,2,8,0,0,0,0,0,0,-4,3,3,-5,-12,6,8,5,2,5,2,8,15,23,31,17,21,29,27,25,30,27,35,31,-12,-2,1,-10,-14,-2
2582,22,2,26,24,17,27,32,23,29,24,35,28,21,30,23,30,35,14,31,33,31,34,37,35,42,29,37,37,5,4,2,2,3,4,6,5,7,7,5,9,3,1,0,1,0,0,1,0,0,0,1,1,0,1,-4,-11,3,-4,-1,-8,-5,-13,0,-14,-8,-7,-14,4,4,1,2,3,3,6,5,7,6,4,9,2,21,20,15,25,29,19,23,19,28,21,16,21,20,29,35,13,31,33,30,34,37,35,41,28,37,36,-8,-15,2,-6,-4,-11,-11,-18,-7,-20,-12,-16,-16,18,20,24,23,29,23,25,26,27,37,40,26,3,1,4,3,5,4,2,3,1,1,1,1,-7,-6,-3,-14,-11,-3,1,-2,3,2,4,3,15,19,20,20,24,19,23,23,26,36,39,25,-8,-4,-6,-16,-15,-6
2582,23,1,23,9,26,9,30,25,35,42,46,44,41,46,26,34,23,35,17,36,24,40,37,40,45,35,41,30,5,1,3,2,7,4,4,11,17,12,13,19,5,1,0,1,2,4,1,0,0,1,1,0,0,0,-11,-14,-9,-8,-6,1,-5,5,6,-1,6,5,-4,4,1,2,0,3,3,4,11,16,11,13,19,5,18,8,23,7,23,21,31,31,29,32,28,27,21,33,23,34,15,32,23,40,37,39,44,35,41,30,-15,-15,-11,-8,-9,-2,-9,-6,-10,-12,-7,-14,-9,26,25,19,27,35,23,30,28,17,26,35,34,1,2,1,2,8,6,0,1,0,2,0,1,-4,-3,2,1,0,-11,1,1,1,0,8,5,25,23,18,25,27,17,30,27,17,24,35,33,-5,-4,1,1,-8,-16
2582,23,2,21,16,26,18,36,24,23,40,48,31,28,26,19,33,25,30,28,35,29,41,30,36,38,37,24,21,4,4,2,6,10,8,7,10,13,10,10,5,4,1,2,0,1,0,5,2,1,0,0,1,0,1,-12,-9,-4,-10,1,-5,-18,10,12,-7,-9,2,-2,3,2,2,5,10,3,5,9,13,10,9,5,3,17,12,24,12,26,16,16,30,35,21,18,21,15,32,23,30,27,35,24,39,29,36,38,36,24,20,-15,-11,-6,-15,-9,-8,-23,1,-1,-17,-18,-3,-5,26,12,14,32,22,25,23,13,17,35,31,26,4,1,3,9,7,6,2,1,2,2,1,1,3,-1,-3,-3,-9,-1,2,0,1,7,6,5,22,11,11,23,15,19,21,12,15,33,30,25,1,-1,-4,-10,-15,-6
2582,24,1,19,20,15,23,25,41,27,41,35,51,34,33,33,20,29,16,26,17,26,32,34,47,40,43,39,37,4,4,1,7,6,5,6,12,7,17,13,17,3,0,2,0,2,1,3,0,0,1,1,0,0,1,-1,-9,-1,-3,8,15,-5,7,-12,11,-9,-6,-4,4,2,1,5,5,2,6,12,6,16,13,17,2,15,16,14,16,19,36,21,29,28,34,21,16,30,20,27,16,24,16,23,32,34,46,39,43,39,36,-5,-11,-2,-8,3,13,-11,-5,-18,-5,-22,-23,-6,19,18,31,21,27,24,15,24,34,25,34,36,0,1,5,2,8,8,0,1,0,0,4,1,4,-6,-3,-4,-7,-12,0,0,5,2,4,7,19,17,26,19,19,16,15,23,34,25,30,35,4,-6,-8,-6,-11,-19
2582,24,2,15,22,19,18,25,32,29,32,29,34,31,28,25,21,18,21,18,17,36,29,30,31,37,28,27,34,1,3,3,2,6,9,10,11,9,10,5,8,7,1,0,0,1,0,2,0,2,0,2,1,1,0,-6,4,-2,0,8,-4,0,2,-2,-3,3,1,-9,0,3,3,1,6,7,10,9,9,8,4,7,7,14,19,16,16,19,23,19,21,20,24,26,20,18,20,18,21,17,17,34,29,28,31,35,27,26,34,-6,1,-5,-1,2,-11,-10,-7,-11,-11,-1,-6,-16,25,24,25,18,17,24,21,26,23,17,26,21,4,6,5,3,5,6,0,0,0,1,2,0,4,-2,2,1,-9,3,4,6,5,2,3,6,21,18,20,15,12,18,21,26,23,16,24,21,0,-8,-3,-1,-12,-3
2582,25,1,21,25,23,19,38,32,35,34,38,38,39,35,23,24,32,24,23,32,15,24,27,37,42,46,33,48,2,4,4,6,14,10,10,6,14,10,17,12,3,0,1,0,1,0,1,0,0,1,1,1,0,1,-3,-7,-1,-4,6,17,11,7,1,-4,-7,2,-25,2,3,4,5,14,9,10,6,13,9,16,12,2,19,21,19,13,24,22,25,28,24,28,22,23,20,24,31,24,22,32,14,24,27,36,41,45,33,47,-5,-10,-5,-9,-8,8,1,1,-12,-13,-23,-10,-27,30,20,35,20,26,28,29,23,24,33,27,31,4,2,5,4,4,6,0,0,1,1,2,3,1,-3,11,-13,-1,-3,4,2,4,3,2,3,26,18,30,16,22,22,29,23,23,32,25,28,-3,-5,7,-16,-3,-6
2582,25,2,24,25,23,10,24,26,35,31,31,37,33,29,24,33,18,21,18,21,24,24,25,28,38,31,30,24,6,6,4,0,10,4,7,12,8,11,12,8,2,3,2,3,0,1,0,3,0,0,0,1,1,2,-9,7,2,-8,3,2,11,6,3,-1,2,-1,0,3,4,1,0,9,4,4,12,8,11,11,7,0,18,19,19,10,14,22,28,19,23,26,21,21,22,30,16,18,18,20,24,21,25,28,38,30,29,22,-12,3,1,-8,-6,-2,7,-6,-5,-12,-9,-8,0,20,18,26,20,25,22,23,22,26,28,22,16,2,1,6,5,9,7,0,0,1,2,1,0,-3,-4,0,-8,3,6,2,1,5,3,8,7,18,17,20,15,16,15,23,22,25,26,21,16,-5,-5,-5,-11,-5,-1
2582,26,1,32,23,21,22,23,22,17,35,51,49,42,49,24,35,31,25,19,21,25,29,22,25,41,53,48,37,15,10,3,5,9,2,5,13,20,23,24,21,5,1,1,1,0,0,1,0,2,2,0,1,1,1,-3,-8,-4,3,2,-3,-12,13,26,8,-11,1,-13,14,9,2,5,9,1,5,11,18,23,23,20,4,17,13,18,17,14,20,12,22,31,26,18,28,19,34,30,24,19,21,24,29,20,23,41,52,47,36,-17,-17,-6,-2,-7,-4,-17,2,8,-15,-34,-19,-17,27,29,22,17,28,19,34,31,28,31,28,28,8,4,6,3,4,3,1,2,1,0,1,1,-7,-2,-6,-14,0,-9,7,2,5,3,3,2,19,25,16,14,24,16,33,29,27,31,27,27,-14,-4,-11,-17,-3,-11
2582,26,2,24,16,17,18,12,20,28,33,20,35,34,26,20,15,23,19,12,12,17,32,28,24,31,34,23,26,6,2,4,2,5,5,10,13,5,9,12,8,4,0,2,3,0,0,0,2,1,0,0,1,1,0,9,-7,-2,6,0,3,-4,5,-4,4,0,3,-6,6,0,1,2,5,5,8,12,5,9,11,7,4,18,14,13,16,7,15,18,20,15,26,22,18,16,15,21,16,12,12,17,30,27,24,31,33,22,26,3,-7,-3,4,-5,-2,-12,-7,-9,-5,-11,-4,-10,18,22,20,16,16,22,17,17,19,25,18,25,2,5,4,11,2,9,0,1,1,1,2,2,1,5,1,-9,-2,-3,2,4,3,10,0,7,16,17,16,5,14,13,17,16,18,24,16,23,-1,1,-2,-19,-2,-10
2582,27,1,21,26,24,20,19,19,19,30,35,36,31,37,27,20,21,14,24,19,19,18,23,34,43,33,37,30,3,8,6,5,3,6,6,16,15,13,12,15,3,1,1,0,2,0,2,0,0,1,0,0,2,0,1,5,10,-4,0,0,1,7,1,-7,-2,0,-3,2,7,6,3,3,4,6,16,14,13,12,13,3,18,18,18,15,16,13,13,14,20,23,19,22,24,19,20,14,22,19,17,18,23,33,43,33,35,30,-1,-2,4,-7,-3,-4,-5,-9,-13,-20,-14,-13,-6,23,19,21,20,27,31,29,16,29,23,14,31,5,2,5,5,3,8,0,0,0,2,0,1,-6,3,-8,-3,13,0,5,2,5,3,3,7,18,17,16,15,24,23,29,16,29,21,14,30,-11,1,-13,-6,10,-7
2582,27,2,10,15,15,20,14,18,19,25,23,18,20,29,17,18,15,14,21,14,10,15,21,21,13,22,20,25,2,1,5,6,5,4,8,6,5,2,9,6,1,1,2,0,0,0,1,1,1,0,0,0,1,1,-8,0,1,-1,0,8,4,4,2,5,-2,9,-8,1,-1,5,6,5,3,7,5,5,2,9,5,0,8,14,10,14,9,14,11,19,18,16,11,23,16,17,13,14,21,14,9,14,20,21,13,22,19,24,-9,1,-4,-7,-5,5,-3,-1,-3,3,-11,4,-8,23,22,20,19,21,19,16,20,15,17,19,14,4,4,8,6,5,5,0,1,0,2,1,1,7,2,5,2,2,5,4,3,8,4,4,4,19,18,12,13,16,14,16,19,15,15,18,13,3,-1,-3,-2,-2,1
2582,28,1,22,18,16,16,16,18,37,25,33,27,30,26,25,25,24,18,21,11,16,21,21,34,28,31,26,32,6,8,3,6,6,5,16,10,22,17,13,13,7,2,1,0,0,0,2,2,1,2,0,0,0,0,-3,-6,-2,-5,5,2,16,4,-1,-1,-1,0,-7,4,7,3,6,6,3,14,9,20,17,13,13,7,16,10,13,10,10,13,21,15,11,10,17,13,18,23,23,18,21,11,14,19,20,32,28,31,26,32,-7,-13,-5,-11,-1,-1,2,-5,-21,-18,-14,-13,-14,23,25,24,15,18,18,27,21,18,26,20,18,5,2,6,3,1,4,0,1,2,2,2,1,-4,4,6,-11,-2,0,5,1,4,1,-1,3,18,23,18,12,17,14,27,20,16,24,18,17,-9,3,2,-12,-1,-3
2582,28,2,24,19,12,14,14,16,20,16,23,30,22,23,15,20,19,14,7,24,20,7,14,20,23,24,15,17,9,8,6,3,9,8,12,5,7,15,10,5,4,1,0,1,0,0,1,0,0,1,0,1,0,0,4,0,-2,7,-10,-4,13,2,3,7,-2,8,-2,8,8,5,3,9,7,12,5,6,15,9,5,4,15,11,6,11,5,8,8,11,16,15,12,18,11,19,19,13,7,24,19,7,14,19,23,23,15,17,-4,-8,-7,4,-19,-11,1,-3,-3,-8,-11,3,-6,12,15,18,20,17,12,14,23,19,21,18,14,4,7,4,3,8,2,0,1,1,1,0,3,-2,-8,-1,-1,-1,-2,4,6,3,2,8,-1,8,8,14,17,9,10,14,22,18,20,18,11,-6,-14,-4,-3,-9,-1
2582,29,1,12,16,12,18,17,19,22,27,33,27,24,43,20,16,19,17,20,17,7,22,18,29,21,32,24,29,2,7,6,4,3,4,9,11,14,15,16,19,6,1,2,1,1,0,0,0,1,1,1,2,0,0,-4,-3,-5,-2,0,12,0,9,4,6,-8,19,-9,1,5,5,3,3,4,9,10,13,14,14,19,6,10,9,6,14,14,15,13,16,19,12,8,24,14,15,17,16,19,17,7,22,17,28,20,30,24,29,-5,-8,-10,-5,-3,8,-9,-1,-9,-8,-22,0,-15,23,23,24,28,22,28,20,26,27,27,28,21,5,4,5,5,5,4,0,3,3,2,2,0,3,-3,-3,1,-6,7,5,1,2,3,3,4,18,19,19,23,17,24,20,23,24,25,26,21,-2,-4,-5,-2,-9,3
2582,29,2,15,13,13,8,18,21,13,15,31,21,23,13,13,13,14,11,6,18,12,12,15,15,13,20,16,18,8,6,3,2,8,6,6,5,13,10,8,5,5,0,0,1,0,0,1,0,1,1,0,0,0,1,2,-1,2,2,0,9,1,0,16,8,3,-3,-5,8,6,2,2,8,5,6,4,12,10,8,5,4,7,7,10,6,10,15,7,10,18,11,15,8,8,13,14,10,6,18,11,12,14,14,13,20,16,17,-6,-7,0,0,-8,4,-5,-4,4,-2,-5,-8,-9,15,12,17,13,13,13,12,17,15,9,19,11,4,3,2,4,2,5,1,0,0,0,1,1,3,-5,2,4,-6,2,3,3,2,4,1,4,11,9,15,9,11,8,11,17,15,9,18,10,0,-8,0,0,-7,-2
2582,30,1,20,12,11,11,12,17,17,35,23,18,29,23,20,12,7,10,9,12,17,7,19,23,21,30,24,30,9,3,2,2,4,6,7,17,16,10,17,8,6,0,2,1,2,1,2,0,0,0,3,1,1,2,8,5,1,2,0,0,10,16,0,-3,-1,-1,-10,9,1,1,0,3,4,7,17,16,7,16,7,4,11,9,9,9,8,11,10,18,7,8,12,15,14,12,5,9,7,11,15,7,19,23,18,29,23,28,-1,4,0,2,-3,-4,3,-1,-16,-10,-17,-8,-14,25,33,18,22,15,23,24,31,18,25,21,21,4,4,6,2,4,5,0,0,1,1,1,1,1,2,0,-3,-6,2,4,4,5,1,3,4,21,29,12,20,11,18,24,31,17,24,20,20,-3,-2,-5,-4,-9,-2
2582,30,2,9,9,8,7,18,18,11,21,22,18,21,24,18,17,11,16,7,15,11,13,11,9,19,21,12,12,4,4,5,2,9,4,3,11,10,5,11,9,2,2,1,0,0,0,0,1,1,1,1,0,0,0,-8,-2,-8,0,3,7,-2,10,13,-1,0,12,6,2,3,5,2,9,4,2,10,9,4,11,9,2,5,5,3,5,9,14,8,10,12,13,10,15,16,15,10,16,7,15,11,12,10,8,18,21,12,12,-10,-5,-13,-2,-6,3,-4,0,4,-5,-11,3,4,11,17,19,17,21,14,7,13,13,13,12,12,5,2,4,6,6,3,0,3,0,1,0,0,4,4,6,4,9,2,5,-1,4,5,6,3,6,15,15,11,15,11,7,10,13,12,12,12,-1,5,2,-1,3,-1
2582,31,1,22,14,10,14,11,9,19,16,24,22,28,20,14,14,18,11,12,12,8,8,16,26,15,22,19,14,10,7,1,3,5,1,12,9,12,9,18,7,3,1,1,0,0,0,0,0,1,0,0,1,1,0,8,-4,-1,2,-1,1,11,0,-2,7,6,1,0,9,6,1,3,5,1,12,8,12,9,17,6,3,12,7,9,11,6,8,7,7,12,13,10,13,11,13,17,11,12,12,8,8,15,26,15,21,18,14,-1,-10,-2,-1,-6,0,-1,-8,-14,-2,-11,-5,-3,17,12,21,21,22,20,21,21,15,22,20,12,3,2,3,4,7,9,2,0,1,1,0,0,-4,-9,6,-1,2,8,1,2,2,3,7,9,14,10,18,17,15,11,19,21,14,21,20,12,-5,-11,4,-4,-5,-1
2582,31,2,14,7,8,4,15,12,18,18,13,8,15,20,13,14,10,14,5,15,10,18,12,15,13,13,12,14,4,2,3,3,6,5,7,9,6,4,5,8,5,0,1,0,0,0,0,0,0,0,1,0,0,0,0,-3,-6,-1,0,2,0,6,-2,-5,2,8,-1,4,1,3,3,6,5,7,9,6,3,5,8,5,10,5,5,1,9,7,11,9,7,4,10,12,8,14,9,14,5,15,10,18,12,15,12,13,12,14,-4,-4,-9,-4,-6,-3,-7,-3,-8,-8,-3,0,-6,12,11,14,17,15,20,13,14,10,16,16,10,2,3,3,7,5,3,0,0,1,0,0,2,-1,-3,4,1,-1,10,2,3,2,7,5,1,10,8,11,10,10,17,13,14,9,16,16,8,-3,-6,2,-6,-6,9
2582,32,1,15,20,13,5,10,19,13,15,14,24,25,20,19,14,16,11,7,4,10,16,9,12,19,25,23,17,6,10,4,1,2,8,7,7,10,13,9,8,5,0,0,0,0,1,1,0,0,0,0,0,2,0,1,4,2,-2,6,9,-3,6,2,5,0,-3,2,6,10,4,1,1,7,7,7,10,13,9,6,5,9,10,9,4,8,11,6,8,4,11,16,12,14,14,16,11,7,3,9,16,9,12,19,25,21,17,-5,-6,-2,-3,5,2,-10,-1,-8,-8,-9,-9,-3,10,9,15,17,15,21,7,15,11,16,21,25,3,6,2,0,3,5,0,1,0,0,1,1,3,-6,4,1,-6,-4,3,5,2,0,2,4,7,3,13,17,12,16,7,14,11,16,20,24,0,-11,2,1,-8,-8
2582,32,2,16,8,10,12,17,12,16,10,13,15,13,12,13,9,11,3,7,12,9,13,8,13,11,9,15,17,6,4,4,3,9,1,8,5,7,7,3,1,4,0,1,1,0,0,1,0,0,1,0,0,1,0,7,-3,7,5,5,3,3,2,0,4,4,-3,-4,6,3,3,3,9,0,8,5,6,7,3,0,4,10,4,6,9,8,11,8,5,6,8,10,11,9,9,10,2,7,12,8,13,8,12,11,9,14,17,1,-6,4,2,-4,3,-5,-3,-6,-3,1,-3,-8,12,12,8,20,14,22,18,6,7,18,11,11,1,2,4,5,2,10,2,0,0,0,1,0,-6,6,1,2,3,11,-1,2,4,5,1,10,11,10,4,15,12,12,16,6,7,18,10,11,-5,4,-3,-3,2,1
2582,33,1,14,15,7,11,9,9,17,12,16,20,22,14,20,7,14,18,6,9,11,9,10,14,22,29,16,12,6,8,1,1,3,2,6,5,8,8,12,6,6,0,1,2,1,1,1,1,0,0,0,1,1,1,7,1,-11,5,0,-2,8,2,2,-2,-7,-2,8,6,7,-1,0,2,1,5,5,8,8,11,5,5,8,7,6,10,6,7,11,7,8,12,10,8,14,7,13,16,5,8,10,8,10,14,22,28,15,11,1,-6,-10,5,-2,-3,3,-3,-6,-10,-18,-7,3,14,14,20,23,17,10,11,17,16,20,13,13,5,4,3,8,1,2,0,0,0,1,0,1,3,-3,4,3,4,-3,5,4,3,7,1,1,9,10,17,15,16,8,11,17,16,19,13,12,-2,-7,1,-4,3,-4
2582,33,2,9,16,10,9,10,8,7,19,3,22,11,20,15,10,9,8,3,4,8,2,14,3,15,15,11,13,4,8,5,2,4,4,2,12,2,9,6,12,4,2,1,0,0,0,1,0,1,0,0,0,0,1,-1,7,2,6,6,0,5,5,0,7,-4,9,2,2,7,5,2,4,3,2,11,2,9,6,12,3,5,8,5,7,6,4,5,7,1,13,5,8,11,8,8,8,3,4,7,2,13,3,15,15,11,12,-3,0,-3,4,2,-3,3,-6,-2,-2,-10,-3,-1,16,7,21,11,15,10,7,5,16,12,20,14,2,2,4,5,6,2,1,0,2,0,1,0,9,2,5,-1,-5,-4,1,2,2,5,5,2,14,5,17,6,9,8,6,5,14,12,19,14,8,0,3,-6,-10,-6
2582,34,1,18,16,12,10,5,17,7,16,21,18,16,15,14,13,17,11,8,7,7,7,18,14,17,13,15,21,6,8,1,4,1,7,5,9,13,6,9,5,5,2,0,0,2,1,0,0,1,0,1,0,0,2,5,-1,1,2,-2,10,0,-2,7,1,3,0,-7,4,8,1,2,0,7,5,8,13,5,9,5,3,12,8,11,6,4,10,2,7,8,12,7,10,9,11,17,11,6,6,7,7,17,14,16,13,15,19,1,-9,0,0,-2,3,-5,-10,-6,-4,-6,-5,-10,19,15,14,12,12,23,11,20,9,20,8,11,2,4,1,3,3,4,2,3,1,3,0,0,8,-5,5,-8,4,12,0,1,0,0,3,4,17,11,13,9,9,19,9,17,8,17,8,11,8,-6,5,-8,1,8
2582,34,2,9,8,12,10,10,11,7,10,9,12,10,10,9,10,10,18,5,7,7,5,7,16,8,11,6,11,5,4,7,3,4,5,5,7,7,5,2,3,5,0,0,1,1,0,1,0,0,0,0,0,1,0,-1,-2,-6,5,3,4,2,3,-7,4,-1,4,-2,5,4,6,2,4,4,5,7,7,5,2,2,5,4,4,5,7,6,6,2,3,2,7,8,7,4,10,10,17,4,7,6,5,7,16,8,11,5,11,-6,-6,-12,3,-1,0,-3,-4,-14,-1,-3,2,-7,11,8,13,9,15,11,8,5,5,9,14,10,4,2,3,1,5,3,0,0,0,0,0,1,3,3,8,0,1,1,4,2,3,1,5,2,7,6,10,8,10,8,8,5,5,9,14,9,-1,1,5,-1,-4,-1
2582,35,1,16,18,5,12,18,5,9,12,16,13,15,14,19,11,12,9,8,12,7,8,12,15,17,17,12,17,6,8,2,6,9,1,4,6,10,6,7,4,2,1,0,1,1,0,0,0,0,2,0,1,0,1,5,6,-4,4,6,-2,1,0,1,-4,-2,2,2,5,8,1,5,9,1,4,6,8,6,6,4,1,10,10,3,6,9,4,5,6,6,7,8,10,17,10,12,8,7,12,7,8,12,13,17,16,12,16,0,-2,-5,-1,-3,-3,-3,-6,-7,-10,-8,-2,1,13,13,14,9,16,13,13,12,14,14,15,13,3,2,5,4,6,4,1,0,1,0,0,3,0,1,0,-5,1,0,2,2,4,4,6,1,10,11,9,5,10,9,12,12,13,14,15,10,-2,-1,-4,-9,-5,-1
2582,35,2,18,10,8,12,11,8,11,8,12,18,13,21,15,15,9,9,8,10,9,10,5,11,7,6,7,8,8,4,2,5,7,3,8,3,8,5,9,9,6,2,1,1,0,1,2,1,0,0,0,0,0,1,3,1,-1,4,1,-1,1,3,1,11,7,14,7,6,3,1,5,6,1,7,3,8,5,9,9,5,10,6,6,7,4,5,3,5,4,13,4,12,9,13,8,8,8,9,7,9,5,11,7,6,7,7,-3,-2,-2,-1,-5,-2,-6,0,-7,6,-2,5,2,10,11,7,14,11,19,5,7,8,12,7,11,5,3,1,2,1,9,1,2,1,0,1,0,5,4,-1,2,4,8,4,1,0,2,0,9,5,8,6,12,10,10,4,5,7,12,6,11,1,3,-1,0,4,-1
2582,36,1,12,15,6,4,8,18,17,13,7,13,22,14,8,12,14,10,7,13,13,9,7,9,7,17,14,7,8,6,3,3,6,8,9,5,3,5,13,10,2,0,1,0,1,0,1,1,0,1,1,0,1,1,0,1,-4,-3,-5,5,8,6,-2,6,5,0,1,8,5,3,2,6,7,8,5,2,4,13,9,1,4,9,3,1,2,10,8,8,4,8,9,4,6,12,13,10,6,13,12,8,7,8,6,17,13,6,-8,-4,-7,-5,-11,-2,0,1,-4,2,-8,-9,0,6,8,13,11,16,19,10,12,13,9,14,10,3,2,2,2,4,9,1,1,2,0,0,2,-4,-4,0,2,2,9,2,1,0,2,4,7,3,6,11,9,12,10,9,11,11,9,14,8,-6,-5,0,0,-2,2
2582,36,2,10,11,13,8,14,9,10,10,4,12,15,12,11,9,12,15,5,17,3,9,8,5,9,8,14,11,6,5,8,2,7,5,8,6,3,5,8,4,4,1,2,0,0,1,0,0,0,0,0,0,1,2,1,-1,-2,3,-3,6,1,2,-1,3,7,-2,0,5,3,8,2,6,5,8,6,3,5,8,3,2,4,6,5,6,7,4,2,4,1,7,7,8,7,8,10,15,5,16,3,9,8,5,9,8,13,9,-4,-4,-10,1,-9,1,-7,-4,-4,-2,-1,-5,-2,11,7,8,7,7,16,11,8,8,9,9,9,6,2,3,2,3,9,2,1,0,0,1,1,0,-1,0,-2,-2,7,4,1,3,2,2,8,5,5,5,5,4,7,9,7,8,9,8,8,-4,-2,-3,-4,-4,-1
2582,37,1,7,7,4,4,7,9,7,8,12,23,14,8,14,10,7,14,12,6,7,8,12,10,8,12,12,9,3,2,0,1,4,5,3,4,5,14,7,2,4,1,2,0,0,0,0,2,0,1,0,0,1,1,-3,0,-10,-8,1,2,-1,-4,2,15,2,-4,5,2,0,0,1,4,5,1,4,4,14,7,1,3,4,5,4,3,3,4,4,4,7,9,7,6,10,9,5,14,12,6,7,6,12,9,8,12,11,8,-5,0,-10,-9,-3,-3,-2,-8,-2,1,-5,-5,2,18,10,11,5,15,15,11,8,8,10,11,11,4,0,1,0,7,7,0,2,1,1,1,1,7,2,3,-5,4,4,4,-2,0,-1,6,6,14,10,10,5,8,8,11,6,7,9,10,10,3,4,3,-4,-2,-2
2582,37,2,10,5,5,6,11,14,6,16,5,8,10,4,9,10,4,11,6,8,14,7,8,6,11,7,7,7,4,3,2,1,5,8,3,7,2,4,4,2,6,0,1,0,0,2,1,0,0,1,3,1,0,0,0,1,-6,0,3,0,-1,8,-1,-3,3,-3,2,4,2,2,1,3,7,3,7,1,1,3,2,6,6,2,3,5,6,6,3,9,3,4,6,2,3,10,3,11,6,6,13,7,8,5,8,6,7,7,-4,-1,-8,-1,0,-7,-4,1,-2,-4,0,-5,-4,8,4,7,9,9,13,8,8,12,8,7,5,2,0,4,3,6,6,0,0,0,0,0,0,0,-4,-5,1,2,8,2,0,4,3,6,6,6,4,3,6,3,7,8,8,12,8,7,5,-2,-4,-9,-2,-4,2
2582,38,1,11,6,6,7,6,7,10,8,13,9,9,14,11,8,8,7,3,9,6,11,8,10,12,15,12,14,5,3,0,2,1,2,6,2,7,3,4,9,8,1,0,0,0,1,2,0,0,1,1,0,0,0,3,-2,-1,4,-3,1,-1,0,3,-3,-6,2,-3,4,3,0,2,0,0,6,2,6,2,4,9,8,6,3,6,5,5,5,4,6,6,6,5,5,3,7,8,7,3,8,4,11,8,9,11,15,12,14,-1,-5,-1,2,-3,1,-7,-2,-3,-5,-10,-7,-11,8,11,10,11,13,12,8,8,10,6,12,12,2,2,1,4,3,3,0,0,0,0,1,3,0,3,0,5,1,0,2,2,1,4,2,0,6,9,9,7,10,9,8,8,10,6,11,9,-2,1,-1,1,-1,0
2582,38,2,8,10,6,7,8,14,15,10,5,10,12,15,3,10,5,12,4,6,8,11,8,11,5,6,8,6,4,2,3,4,5,6,9,5,2,6,5,6,1,0,0,0,0,1,0,1,0,1,1,0,0,0,-2,5,-6,3,2,6,4,2,-6,5,6,7,-3,4,2,3,4,4,6,8,5,1,5,5,6,1,4,8,3,3,3,8,6,5,3,4,7,9,2,10,5,12,4,5,8,10,8,10,4,6,8,6,-6,3,-9,-1,-2,0,-4,-3,-7,0,1,1,-4,16,7,7,10,8,9,13,6,6,10,8,8,2,3,1,4,4,5,2,0,2,0,1,1,3,1,1,0,0,1,0,3,-1,4,3,4,14,4,6,6,4,4,11,6,4,10,7,7,3,-2,2,-4,-3,-3
2582,39,1,11,11,14,4,6,2,8,13,10,8,8,7,9,12,11,15,7,7,4,4,8,6,15,12,5,10,6,6,4,0,3,1,4,7,4,5,5,2,3,2,0,0,0,1,2,1,0,0,3,0,0,1,-1,0,-1,-3,-1,-2,4,5,4,-7,-4,2,-1,4,6,4,0,2,-1,3,7,4,2,5,2,2,5,5,10,4,3,1,4,6,6,3,3,5,6,10,11,15,7,6,2,3,8,6,12,12,5,9,-5,-6,-5,-3,-3,-1,1,-2,0,-9,-9,0,-3,4,6,8,9,10,13,5,6,11,7,7,13,1,2,2,4,5,6,0,0,1,0,2,1,-1,0,-3,2,3,0,1,2,1,4,3,5,3,4,6,5,5,7,5,6,10,7,5,12,-2,-2,-4,-2,0,-5
2582,39,2,5,4,5,8,2,12,5,10,8,7,9,6,11,5,6,5,5,6,8,2,14,9,6,8,4,5,2,1,1,2,2,5,4,8,3,4,7,0,5,0,0,1,0,1,0,0,0,0,0,0,0,0,0,-2,0,3,-4,4,3,-4,-1,1,1,2,6,2,1,0,2,1,5,4,8,3,4,7,0,5,3,3,4,6,0,7,1,2,5,3,2,6,6,5,6,4,5,5,8,2,14,9,6,8,4,5,-2,-3,0,1,-5,-1,-1,-12,-4,-3,-6,2,1,6,6,15,9,6,14,6,5,9,7,3,8,1,3,5,5,2,5,0,1,1,0,1,2,0,1,6,2,3,6,1,2,4,5,1,3,5,3,10,4,4,9,6,4,8,7,2,6,-1,-1,2,-3,2,3
2582,40,1,12,12,8,9,11,8,12,8,13,21,10,6,8,11,6,4,7,3,4,2,8,11,10,3,8,9,9,5,1,2,3,0,2,3,8,10,4,1,2,0,0,1,0,0,2,1,0,1,0,0,0,1,1,6,4,2,8,4,10,0,2,11,7,-2,-1,9,5,0,2,3,-2,1,3,7,10,4,1,1,3,7,7,7,8,8,10,5,5,11,6,5,6,11,6,3,7,3,2,1,8,10,10,3,8,8,-8,1,4,0,5,6,9,-3,-5,1,3,-3,-2,8,8,10,10,5,15,11,8,7,9,6,7,3,7,2,3,2,7,0,0,1,0,1,1,-3,0,3,1,-1,8,3,7,1,3,1,6,5,1,8,7,3,8,11,8,6,9,5,6,-6,-7,2,-2,-2,2
2582,40,2,6,8,10,4,8,8,14,7,14,6,6,5,6,7,6,7,6,4,10,9,6,9,7,1,9,6,4,2,2,1,6,4,8,3,6,5,2,1,2,0,0,0,1,0,1,3,0,0,0,0,2,0,-1,2,3,-2,4,-2,5,1,5,-1,5,-4,0,4,2,2,0,6,3,5,3,6,5,2,-1,2,2,6,8,3,2,4,6,4,8,1,4,4,4,7,6,7,5,4,9,6,6,9,7,1,7,6,-5,0,1,-2,-2,-5,0,-2,-1,-6,3,-3,-2,11,8,6,9,2,9,7,4,8,9,7,7,1,0,1,1,1,4,1,0,0,0,1,1,4,4,-2,0,-5,2,0,0,1,1,0,3,10,8,5,8,1,5,6,4,8,9,6,6,4,4,-3,-1,-5,-1
2582,41,1,9,14,7,5,6,7,7,4,6,15,14,13,11,7,8,12,6,4,6,7,6,4,16,13,12,7,3,5,2,0,2,6,4,3,5,11,8,2,2,1,0,1,0,0,0,0,0,0,2,0,1,0,2,6,-5,-1,2,1,0,-2,2,-1,1,1,4,2,5,1,0,2,6,4,3,5,9,8,1,2,6,9,5,5,4,1,3,1,1,4,6,11,9,6,8,11,6,4,6,7,6,4,14,13,11,7,0,1,-6,-1,0,-5,-4,-5,-3,-10,-7,0,2,6,8,6,8,8,9,6,4,4,10,8,7,2,1,0,2,3,4,0,0,1,0,0,0,0,4,2,-2,0,2,2,1,-1,2,3,4,4,7,6,6,5,5,6,4,3,10,8,7,-2,3,3,-4,-3,-2
2582,41,2,7,3,8,5,13,8,7,13,8,7,9,7,7,10,4,6,9,6,6,11,13,6,6,8,8,7,3,1,3,1,7,4,3,10,6,5,6,5,4,0,1,0,1,0,0,0,1,1,0,1,1,1,-3,-1,2,-4,7,2,-4,0,2,1,1,-1,0,3,0,3,0,7,4,3,9,5,5,5,4,3,4,2,5,4,6,4,4,3,2,2,3,2,3,10,3,6,8,6,6,11,12,5,6,7,7,6,-6,-1,-1,-4,0,-2,-7,-9,-3,-4,-4,-5,-3,8,11,9,4,5,9,1,13,8,8,9,4,1,2,4,1,2,5,0,0,0,0,1,0,7,-2,1,-4,-4,5,1,2,4,1,1,5,7,9,5,3,3,4,1,13,8,8,8,4,6,-4,-3,-5,-5,0
2582,42,1,13,8,8,5,8,8,6,13,10,10,10,11,8,9,5,8,7,5,7,3,10,16,7,11,9,8,5,1,3,1,2,4,4,4,7,5,6,5,2,0,2,0,0,1,0,0,2,0,0,1,1,0,4,3,0,-2,3,1,3,3,-6,3,-1,2,0,5,-1,3,1,1,4,4,2,7,5,5,4,2,8,7,5,4,6,4,2,9,3,5,4,6,6,9,3,8,7,4,7,3,8,16,7,10,8,8,-1,4,-3,-3,2,-3,-1,1,-13,-2,-6,-2,-2,2,3,7,8,9,10,4,4,8,7,6,5,1,0,2,3,1,4,0,0,0,0,0,1,-2,-1,-1,1,3,5,1,0,2,3,1,3,1,3,5,5,8,6,4,4,8,7,6,4,-3,-1,-3,-2,2,2
2582,42,2,7,8,12,6,5,6,7,10,3,5,12,9,6,2,6,9,10,5,9,10,5,4,5,8,7,7,3,1,7,3,1,3,5,3,2,3,7,5,2,0,0,0,0,0,0,0,0,0,0,1,0,0,5,2,3,-4,0,-3,-3,5,-1,0,4,2,-1,3,1,7,3,1,3,5,3,2,3,6,5,2,4,7,5,3,4,3,2,7,1,2,5,4,4,2,6,9,10,5,9,10,5,4,5,7,7,7,2,1,-4,-7,-1,-6,-8,2,-3,-3,-2,-3,-3,4,5,3,6,6,9,3,1,5,7,3,7,0,3,1,1,0,5,0,0,0,0,0,1,1,4,-2,-1,3,2,0,3,1,1,0,4,4,2,2,5,6,4,3,1,5,7,3,6,1,1,-3,-2,3,-2
2582,43,1,8,11,7,1,3,4,7,8,9,13,5,3,6,9,7,9,2,4,8,7,12,9,6,3,6,10,4,5,4,0,2,3,2,5,6,9,2,2,4,0,0,0,1,0,0,0,0,1,1,0,0,0,-1,4,-2,-1,-1,-4,0,-4,0,7,2,-3,-4,4,5,4,-1,2,3,2,5,5,8,2,2,4,4,6,3,1,1,1,5,3,3,4,3,1,2,9,7,9,1,4,8,7,12,8,5,3,6,10,-5,-1,-6,0,-3,-7,-2,-9,-5,-1,0,-5,-8,5,6,11,6,11,7,9,5,4,3,10,1,0,0,2,1,4,3,0,2,0,0,0,0,-4,1,7,3,1,6,0,-2,2,1,4,3,5,6,9,5,7,4,9,3,4,3,10,1,-4,3,5,2,-3,3
2582,43,2,3,5,6,7,14,5,8,10,5,9,3,5,4,5,5,8,9,3,5,6,11,3,10,3,4,6,2,3,1,3,5,2,3,4,1,5,1,1,2,0,0,0,0,0,0,0,0,0,2,0,2,1,-2,0,-2,-2,11,0,2,-1,2,-1,0,1,-2,2,3,1,3,5,2,3,4,1,3,1,-1,1,1,2,5,4,9,3,5,6,4,4,2,4,2,5,5,8,9,3,5,6,11,3,8,3,2,5,-4,-3,-3,-5,6,-2,-1,-5,1,-4,-1,2,-3,8,3,5,4,8,10,3,3,3,9,6,8,4,2,2,2,4,7,0,1,0,0,1,1,5,0,2,-5,2,2,4,1,2,2,3,6,4,1,3,2,4,3,3,2,3,9,5,7,1,-1,0,-7,-1,-4
2582,44,1,4,12,8,3,10,10,6,12,6,3,6,4,9,6,9,5,7,6,7,3,6,6,10,12,7,2,0,7,3,0,2,2,2,4,5,1,3,2,1,0,1,0,0,0,1,0,0,0,0,1,2,0,-2,3,3,-4,4,3,3,6,0,-7,-6,-3,7,0,6,3,0,2,1,2,4,5,1,2,0,1,4,5,5,3,8,8,4,8,1,2,3,2,8,6,8,5,7,6,6,3,6,6,10,11,5,2,-2,-3,0,-4,2,2,1,2,-5,-8,-8,-3,6,6,6,3,3,10,15,6,4,9,6,5,7,2,1,2,1,3,9,0,0,1,0,1,1,0,2,-6,-3,5,8,2,1,1,1,2,8,4,5,1,2,7,6,6,4,8,6,4,6,-2,1,-7,-4,3,0
2582,44,2,4,3,4,2,4,6,9,5,4,7,7,11,6,2,5,5,2,0,7,4,7,6,9,4,3,3,1,1,1,0,1,4,3,2,4,2,3,7,2,0,1,0,0,0,0,0,0,1,0,0,0,0,2,-2,-1,0,4,-1,5,-2,-2,-2,3,8,3,1,0,1,0,1,4,3,2,3,2,3,7,2,3,2,3,2,3,2,6,3,0,5,4,4,4,2,4,5,2,0,7,4,7,5,9,4,3,3,1,-2,-2,0,3,-5,2,-4,-5,-4,0,1,1,4,4,8,2,9,12,1,5,8,6,6,7,1,0,3,2,2,11,0,0,1,1,0,0,3,-1,0,-4,3,5,1,0,2,1,2,11,3,4,5,0,7,1,1,5,7,5,6,7,2,-1,-2,-5,1,-6
2582,45,1,9,3,7,2,10,7,3,10,6,6,9,8,9,9,5,9,11,9,6,5,7,8,9,5,3,9,2,3,2,1,4,3,0,1,2,2,3,3,6,0,1,0,3,2,0,0,1,0,0,0,0,0,0,-2,-2,-9,1,1,-2,3,-2,-3,4,5,0,2,2,2,-2,2,3,0,0,2,2,3,3,6,7,0,5,1,6,4,3,9,4,4,6,5,3,9,4,9,8,7,6,5,6,8,9,5,3,9,-2,-4,-4,-7,-1,-2,-2,3,-4,-5,1,2,-6,2,4,9,4,3,8,5,4,4,7,6,4,1,1,2,3,2,5,1,1,0,0,1,1,-3,0,5,-3,-3,4,0,0,2,3,1,4,1,3,7,1,1,3,4,3,4,7,5,3,-3,0,3,-6,-4,0
2582,45,2,5,7,6,1,4,5,6,7,8,10,6,6,8,10,8,1,3,7,8,7,5,7,7,3,4,8,2,3,2,0,2,0,2,2,1,3,2,2,1,0,0,0,0,0,2,0,0,1,1,0,0,1,-5,-1,5,-2,-3,-3,-1,2,1,3,3,2,0,2,3,2,0,2,-2,2,2,0,2,2,2,0,3,4,4,1,2,5,4,5,7,7,4,4,7,10,8,1,3,7,6,7,5,6,6,3,4,7,-7,-4,3,-2,-5,-1,-3,0,1,1,1,0,0,4,2,3,6,5,5,3,1,3,1,2,6,1,0,1,0,1,2,0,0,1,0,0,1,1,1,0,5,3,-1,1,0,0,0,1,1,3,2,2,6,4,3,3,1,2,1,2,5,0,1,0,5,2,-2
2582,46,1,2,11,12,5,7,7,9,6,7,5,2,9,3,5,8,9,3,5,7,8,3,10,5,5,9,5,1,6,3,0,2,3,4,1,4,3,2,6,0,0,1,0,0,0,0,0,0,0,0,0,0,0,-3,3,3,2,2,0,1,3,-3,0,-3,0,-2,1,5,3,0,2,3,4,1,4,3,2,6,0,1,5,9,5,5,4,5,5,3,2,0,3,3,5,7,9,3,5,7,8,3,10,5,5,9,5,-4,-2,0,2,0,-3,-3,2,-7,-3,-5,-6,-2,11,1,9,5,5,18,3,2,9,9,2,5,1,0,1,2,0,12,0,0,0,0,0,0,8,-1,0,-4,3,13,1,0,1,2,0,12,10,1,8,3,5,6,3,2,9,9,2,5,7,-1,-1,-6,3,1
2582,46,2,5,3,6,2,3,5,4,2,3,2,6,2,6,11,4,6,1,4,4,1,4,2,4,7,4,7,2,2,4,0,1,2,3,1,1,0,4,0,0,0,1,0,0,0,0,0,0,0,0,0,0,0,-6,-1,0,1,-1,1,3,-2,1,-2,-1,-2,-1,2,1,4,0,1,2,3,1,1,0,4,0,0,3,1,2,2,2,3,1,1,2,2,2,2,6,11,3,6,1,4,4,1,4,2,4,7,4,7,-8,-2,-4,1,-2,-1,0,-3,0,-2,-5,-2,-1,3,6,7,1,4,2,4,3,3,2,3,8,2,0,1,0,0,2,0,0,0,0,0,0,-1,3,4,-1,1,-6,2,0,1,0,0,2,1,6,6,1,4,0,4,3,3,2,3,8,-3,3,3,-1,1,-8
2582,47,1,9,4,7,4,5,3,10,7,5,6,4,7,5,4,9,10,4,6,2,3,11,2,12,8,5,5,4,3,2,0,1,1,5,4,1,2,0,3,1,0,1,0,0,0,0,0,0,1,1,0,0,0,5,-5,-3,0,-1,1,7,-4,3,-6,-4,2,0,4,2,2,0,1,1,5,4,0,1,0,3,1,5,1,5,4,4,2,5,3,4,4,4,4,4,4,8,10,4,6,2,3,11,1,11,8,5,5,1,-7,-5,0,-2,0,2,-8,3,-7,-4,-1,-1,5,5,6,6,4,8,5,2,3,7,9,4,0,0,0,1,1,7,0,0,0,1,1,0,0,3,3,-1,-5,4,0,0,0,0,0,7,5,5,6,5,3,1,5,2,3,6,8,4,0,3,3,-1,-5,-3
2582,47,2,4,8,3,7,3,7,4,2,3,9,10,4,2,4,8,6,8,3,6,7,2,7,3,5,1,3,0,1,0,2,0,0,1,1,1,2,1,1,0,0,0,1,1,0,0,0,0,0,0,1,0,0,0,0,-3,-1,0,1,-3,0,-4,6,5,3,-1,0,1,-1,1,0,0,1,1,1,2,0,1,0,4,7,3,5,3,7,3,1,2,7,9,3,2,4,8,5,7,3,6,7,2,7,3,4,1,3,0,-1,-2,-2,0,1,-4,-1,-5,4,5,2,-1,5,6,5,4,3,9,2,6,4,2,3,3,1,0,3,2,1,6,0,1,0,0,0,1,3,0,1,2,0,6,1,-1,3,2,1,5,4,6,2,2,2,3,2,5,4,2,3,2,2,1,-2,0,-1,1
2582,48,1,4,5,3,7,3,6,5,6,4,9,3,3,9,6,6,2,3,7,6,9,4,10,12,3,3,6,0,3,1,1,0,3,4,4,0,5,1,2,3,0,0,0,0,2,0,0,0,0,0,0,1,0,-2,-1,1,4,-4,0,-4,2,-6,-3,0,0,3,0,3,1,1,-2,3,4,4,0,5,1,1,3,4,2,2,6,3,3,1,2,4,4,2,1,6,6,6,2,3,5,6,9,4,10,12,3,2,6,-2,-4,0,3,-2,-3,-8,-2,-6,-8,-1,-1,0,3,7,5,3,3,10,0,3,2,7,9,5,0,3,2,0,1,5,0,0,0,0,1,1,3,4,3,-4,-6,5,0,3,2,0,0,4,3,4,3,3,2,5,0,3,2,7,8,4,3,1,1,-4,-6,1
2582,48,2,2,7,7,11,5,4,8,8,2,7,4,10,6,7,10,9,6,5,6,11,8,2,9,4,10,4,1,0,2,1,2,0,0,0,0,3,1,4,2,0,0,0,0,0,3,0,1,0,0,0,1,0,-5,-3,-2,5,0,-2,-3,0,0,-2,0,0,2,1,0,2,1,2,-3,0,-1,0,3,1,3,2,1,7,5,10,3,4,8,8,2,4,3,6,4,7,10,9,6,5,3,11,7,2,9,4,9,4,-6,-3,-4,4,-2,1,-3,1,0,-5,-1,-3,0,7,2,5,4,5,9,5,3,2,6,7,6,2,0,2,0,3,7,0,1,1,0,0,0,2,-1,3,-2,-2,3,2,-1,1,0,3,7,5,2,3,4,2,2,5,2,1,6,7,6,0,0,2,-2,-5,-4
2582,49,1,6,3,1,7,6,4,6,3,7,8,10,7,2,7,2,6,8,6,4,5,7,8,6,9,9,8,3,0,1,2,1,3,2,2,2,1,3,2,1,0,0,1,0,0,0,1,0,1,0,0,0,1,-1,1,-5,-1,0,0,1,-4,-1,2,1,-2,-6,3,0,0,2,1,3,1,2,1,1,3,2,0,3,3,0,5,5,1,4,1,5,7,7,5,1,7,2,5,8,6,4,4,7,7,6,9,9,7,-4,1,-5,-3,-1,-3,0,-6,-2,1,-2,-4,-6,6,6,3,4,6,8,6,5,6,5,2,10,0,0,1,3,0,2,2,0,0,0,0,1,0,1,-3,-1,4,-2,-2,0,1,3,0,1,6,6,2,1,6,6,4,5,6,5,2,9,2,1,-4,-4,4,-3
2582,49,2,4,7,8,4,6,4,8,7,5,1,4,2,5,2,7,7,6,4,4,8,6,7,4,4,6,10,3,3,2,0,0,1,3,2,1,0,2,0,0,0,1,1,0,0,0,0,0,0,0,0,0,0,2,0,1,-2,2,0,0,1,-2,-3,0,-4,-5,3,2,1,0,0,1,3,2,1,0,2,0,0,1,4,6,4,6,3,5,5,4,1,2,2,5,2,6,6,6,4,4,8,6,7,4,4,6,10,-1,-2,0,-2,2,-1,-3,-1,-3,-3,-2,-4,-5,4,3,7,3,6,3,3,5,4,3,11,5,1,1,2,2,3,1,0,1,0,0,0,0,1,-2,3,0,-5,-2,1,0,2,2,3,1,3,2,5,1,3,2,3,4,4,3,11,5,0,-2,1,-2,-8,-3
2582,50,1,6,7,8,4,5,8,7,8,3,6,8,4,2,3,6,2,1,7,4,9,4,11,6,4,6,2,1,4,1,2,2,4,3,2,2,1,2,1,1,0,1,0,0,0,1,0,0,0,0,0,1,0,3,1,6,3,-2,4,-2,4,-8,0,4,-2,0,1,3,1,2,2,3,3,2,2,1,2,0,1,5,3,7,2,3,4,4,6,1,5,6,3,1,3,5,2,1,7,3,9,4,11,6,4,5,2,2,-2,5,1,-4,1,-5,2,-10,-1,2,-2,-1,4,4,7,7,5,9,0,5,5,2,4,2,0,1,2,1,1,5,0,0,1,1,0,0,4,-1,2,5,1,7,0,1,1,0,1,5,4,3,5,6,4,4,0,5,4,1,4,2,4,-2,1,5,0,2
2582,50,2,1,1,5,4,4,5,4,4,5,6,9,7,8,5,3,4,5,3,4,8,9,9,5,4,8,3,0,0,1,0,2,2,2,1,1,1,1,2,1,0,0,0,0,0,0,0,1,0,0,1,0,0,-4,-2,1,-1,1,1,-4,-5,-4,1,5,-1,5,0,0,1,0,2,2,2,0,1,1,0,2,1,1,1,4,4,2,3,2,3,4,5,8,5,7,5,3,4,5,3,4,8,8,9,5,3,8,3,-4,-2,0,-1,-1,-1,-6,-5,-5,0,5,-3,4,5,2,4,8,3,7,6,2,4,6,2,5,0,0,1,0,2,4,1,0,0,0,0,0,-1,0,0,2,1,2,-1,0,1,0,2,4,5,2,3,8,1,3,5,2,4,6,2,5,0,0,-1,2,-1,-2
2582,51,1,4,3,3,3,3,4,0,5,5,4,2,7,8,5,2,1,6,4,4,7,8,3,1,7,3,6,1,1,0,1,1,1,0,1,5,3,0,0,2,0,0,1,0,0,0,0,1,0,0,1,1,0,-1,1,2,-3,-1,0,-7,-3,2,3,-5,4,2,1,1,-1,1,1,1,0,0,5,3,-1,-1,2,3,2,3,2,2,3,0,4,0,1,2,7,6,5,2,0,6,4,4,7,7,3,1,6,2,6,-2,0,3,-4,-2,-1,-7,-3,-3,0,-4,5,0,5,5,2,7,4,7,7,3,3,3,4,9,1,1,0,1,1,3,0,3,0,1,0,1,-2,2,-1,4,0,-2,1,-2,0,0,1,2,4,4,2,6,3,4,7,0,3,2,4,8,-3,4,-1,4,-1,-4
2582,51,2,5,6,2,4,2,3,2,8,3,3,1,6,2,5,5,4,4,4,6,6,10,2,6,5,10,5,2,3,1,0,0,2,0,4,0,1,0,2,0,0,1,1,0,0,0,1,1,0,0,0,0,0,0,1,-2,0,-2,-3,-4,-2,1,-3,-4,-4,-3,2,2,0,0,0,2,-1,3,0,1,0,2,0,3,3,1,4,2,1,2,4,3,2,1,4,2,5,4,3,4,4,6,5,9,2,6,5,10,5,-2,-1,-2,0,-2,-5,-3,-5,1,-4,-4,-6,-3,7,2,4,5,4,5,6,3,3,2,3,2,2,0,1,2,1,2,0,0,0,0,0,0,1,-1,1,3,1,3,2,0,1,2,1,2,5,2,3,3,3,3,6,3,3,2,3,2,-1,-1,0,1,0,1
2582,52,1,4,3,2,3,2,3,9,4,1,3,10,7,12,7,4,5,0,3,5,8,3,6,9,5,6,8,1,0,0,0,0,1,4,0,0,0,4,2,3,1,2,0,0,0,0,2,0,0,0,1,0,1,-3,-1,-3,3,-1,-2,1,1,-5,-6,5,1,4,0,-2,0,0,0,1,2,0,0,0,3,2,2,3,3,2,3,2,2,5,4,1,3,6,5,9,6,2,5,0,3,5,6,3,6,9,4,6,7,-3,1,-3,3,-1,-3,-1,1,-5,-6,2,-1,2,4,4,6,5,10,8,4,4,6,2,4,7,0,1,0,1,0,4,0,0,0,0,0,3,0,0,0,3,6,1,0,1,0,1,0,1,4,3,6,4,10,4,4,4,6,2,4,4,0,-1,0,2,6,0
2582,52,2,3,2,7,2,3,4,5,4,5,7,8,11,3,4,4,3,3,2,5,4,2,4,3,10,7,4,1,0,2,1,0,1,1,1,1,0,3,4,0,0,1,0,0,0,0,0,0,0,1,0,0,0,-1,-2,4,-1,1,-1,1,2,1,4,-2,4,-1,1,-1,2,1,0,1,1,1,1,-1,3,4,0,2,2,5,1,3,3,4,3,4,7,5,7,3,4,3,3,3,2,5,4,2,4,2,10,7,4,-2,-1,2,-2,1,-2,0,1,0,5,-5,0,-1,2,4,6,5,5,5,5,5,3,4,6,6,0,0,1,2,1,2,0,1,0,0,1,1,-3,-1,3,1,-1,-1,0,-1,1,2,0,1,2,4,5,3,4,3,5,4,3,4,5,5,-3,0,2,-1,-1,-2
2582,53,1,5,5,4,4,5,2,1,4,8,5,3,3,7,4,6,2,4,3,2,4,3,5,4,4,4,5,3,0,1,0,2,0,0,2,0,2,0,1,1,0,0,0,0,0,0,1,0,0,1,1,0,0,1,-1,2,0,2,0,-3,1,3,1,-1,-1,2,3,0,1,0,2,0,-1,2,0,1,-1,1,1,2,5,3,4,3,2,1,2,8,3,3,2,6,4,6,2,4,3,2,3,3,5,3,3,4,5,-2,-1,1,0,0,0,-2,-1,3,0,0,-2,1,7,5,3,4,2,10,6,3,1,5,1,11,2,2,1,0,1,7,0,1,0,0,1,1,1,2,2,-1,1,-1,2,1,1,0,0,6,5,3,2,4,1,3,6,2,1,5,0,10,-1,1,1,-1,1,-7
2582,53,2,5,3,1,3,3,4,5,5,4,4,3,9,13,0,6,2,3,3,5,3,4,3,5,4,6,11,1,1,0,0,2,2,0,3,1,0,1,0,4,0,0,0,0,0,0,0,0,0,0,0,0,0,5,-3,-1,0,0,-1,2,1,1,-1,-1,3,2,1,1,0,0,2,2,0,3,1,0,1,0,4,4,2,1,3,1,2,5,2,3,4,2,9,9,0,6,2,3,3,5,3,4,3,5,4,6,11,4,-4,-1,0,-2,-3,2,-2,0,-1,-2,3,-2,3,9,6,1,3,6,4,4,4,6,2,5,0,1,1,0,0,3,1,0,0,0,0,0,-1,5,2,-5,1,1,-1,1,1,0,0,3,3,8,5,1,3,3,3,4,4,6,2,5,0,4,1,-5,1,-2
2582,54,1,5,7,6,3,5,6,2,1,2,4,5,8,3,8,8,6,3,5,2,5,2,6,4,1,10,1,1,1,1,0,1,2,1,1,0,0,2,0,0,0,0,1,0,0,0,0,0,0,0,1,1,0,-3,-1,0,0,0,4,-3,-1,-4,0,4,-2,2,1,1,0,0,1,2,1,1,0,0,1,-1,0,4,6,5,3,4,4,1,0,2,4,3,8,3,8,8,5,3,5,2,5,2,6,4,0,9,1,-4,-2,0,0,-1,2,-4,-2,-4,0,3,-1,2,3,2,3,4,6,6,7,6,4,7,6,3,0,0,1,1,2,2,0,1,0,0,0,2,-4,-4,-1,-3,0,3,0,-1,1,1,2,0,3,2,2,3,4,4,7,5,4,7,6,1,-4,-3,-2,-4,-2,3
2582,54,2,3,2,5,2,2,2,7,5,5,3,4,4,6,5,4,4,3,1,2,9,6,7,5,3,8,7,2,0,1,0,0,0,2,1,0,0,2,1,1,1,0,0,1,0,0,1,0,0,0,0,0,1,-2,-2,1,-1,1,0,-2,-1,-2,-2,1,-4,-1,1,0,1,-1,0,0,1,1,0,0,2,1,0,1,2,4,2,2,2,5,4,5,3,2,3,5,4,4,4,2,1,2,8,6,7,5,3,8,6,-3,-2,0,0,1,0,-3,-2,-2,-2,-1,-5,-1,8,2,1,3,1,7,5,4,2,6,1,9,0,0,0,1,0,2,1,0,0,1,0,2,3,-2,-1,-3,0,-2,-1,0,0,0,0,0,8,2,1,2,1,5,4,4,2,5,1,7,4,-2,-1,-3,0,-2
2582,55,1,2,4,3,3,6,3,1,4,3,4,10,6,6,2,4,7,5,3,4,4,1,3,2,11,7,2,0,0,0,0,0,2,0,0,1,0,3,1,1,1,0,0,1,2,0,0,0,1,0,0,1,0,0,0,-4,-2,3,-1,-3,3,0,2,-1,-1,4,-1,0,0,-1,-2,2,0,0,0,0,3,0,1,2,4,3,3,6,1,1,4,2,4,7,5,5,1,4,7,4,1,4,4,1,2,2,11,6,2,1,0,-4,-1,5,-3,-3,3,0,2,-4,-1,3,1,2,4,3,5,5,8,7,5,4,6,9,1,1,1,0,1,2,0,0,0,0,0,0,-7,-5,-1,-1,-1,-4,1,1,1,0,1,2,0,1,3,3,4,3,8,7,5,4,6,9,-8,-6,-2,-1,-2,-6
2582,55,2,4,3,2,3,4,6,3,5,4,3,3,3,3,3,0,3,6,5,2,5,4,5,2,2,7,8,1,0,0,1,1,2,0,1,0,1,0,1,1,0,0,0,0,0,0,1,0,1,0,0,0,0,1,3,-1,-3,-1,4,-2,1,-1,1,1,-4,-5,1,0,0,1,1,2,-1,1,-1,1,0,1,1,3,3,2,2,3,4,3,4,4,2,3,2,2,3,0,3,6,5,2,4,4,4,2,2,7,8,0,3,-1,-4,-2,2,-1,0,0,0,1,-5,-6,3,5,4,6,7,5,5,6,4,8,4,6,1,1,1,1,1,1,0,0,1,2,0,0,-2,-1,0,-2,3,-1,1,1,0,-1,1,1,2,4,3,5,6,4,5,6,3,6,4,6,-3,-2,0,-1,2,-2
2582,56,1,2,5,2,1,2,2,4,6,3,2,3,5,2,6,3,5,3,2,0,4,4,4,6,2,10,3,0,1,0,0,1,1,1,3,0,1,1,0,0,0,0,0,0,0,0,0,0,0,0,0,0,0,-4,2,-3,-2,0,2,0,2,-1,-4,1,-5,-1,0,1,0,0,1,1,1,3,0,1,1,0,0,2,4,2,1,1,1,3,3,3,1,2,5,2,6,3,5,3,2,0,4,4,4,6,2,10,3,-4,1,-3,-2,-1,1,-1,-1,-1,-5,0,-5,-1,4,5,4,4,5,3,4,3,4,6,5,7,1,1,0,0,0,1,0,0,0,1,0,1,0,2,0,-2,0,-4,1,1,0,-1,0,0,3,4,4,4,5,2,4,3,4,5,5,6,-1,1,0,-1,0,-4
2582,56,2,5,5,1,3,10,1,2,8,3,4,7,2,5,8,4,4,3,2,0,4,6,7,3,5,3,5,2,2,0,0,0,0,0,3,0,0,0,1,0,0,0,0,0,0,0,0,1,0,0,0,0,1,-3,1,-3,0,8,1,-2,2,-4,1,2,-1,0,2,2,0,0,0,0,0,2,0,0,0,1,-1,3,3,1,3,10,1,2,5,3,4,7,1,5,8,4,4,3,2,0,4,5,7,3,5,3,4,-5,-1,-3,0,8,1,-2,0,-4,1,2,-2,1,4,3,4,2,2,7,5,4,4,4,8,3,0,0,0,0,0,2,0,0,0,1,1,0,-1,-1,0,-2,-6,4,0,0,0,-1,-1,2,4,3,4,2,2,5,5,4,4,3,7,3,-1,-1,0,-1,-5,2
2582,57,1,4,3,5,4,2,3,4,6,1,5,1,4,3,1,2,6,3,1,0,4,3,4,1,3,7,1,1,0,0,1,0,1,2,0,1,1,0,1,1,0,0,1,0,0,0,0,0,0,0,0,0,1,3,1,-1,1,1,3,0,3,-3,4,-2,-3,2,1,0,-1,1,0,1,2,0,1,1,0,1,0,3,3,5,3,2,2,2,6,0,4,1,3,2,1,2,5,3,1,0,4,3,4,1,3,7,0,2,1,0,0,1,2,-2,3,-4,3,-2,-4,2,2,3,4,3,5,6,4,4,7,6,4,10,0,0,0,0,1,1,1,0,1,0,0,1,-2,-1,-3,-3,1,-4,-1,0,-1,0,1,0,2,3,4,3,4,5,3,4,6,6,4,9,-1,-1,-2,-3,0,-4
2582,57,2,3,3,2,2,4,4,3,1,4,3,3,5,2,0,6,4,3,2,5,3,4,3,6,2,5,3,0,1,1,0,0,2,0,1,1,1,1,0,0,0,0,0,0,0,0,0,0,0,0,0,0,0,3,-3,-2,-1,2,-1,0,-3,1,-3,1,0,-1,0,1,1,0,0,2,0,1,1,1,1,0,0,3,2,1,2,4,2,3,0,3,2,2,5,2,0,6,4,3,2,5,3,4,3,6,2,5,3,3,-4,-3,-1,2,-3,0,-4,0,-4,0,0,-1,2,4,4,2,4,4,0,0,5,3,3,7,0,1,0,0,2,1,0,0,0,0,0,0,2,4,-1,-1,1,-3,0,1,0,0,2,1,2,3,4,2,2,3,0,0,5,3,3,7,2,3,-1,-1,-1,-4
2582,58,1,4,2,1,3,1,5,1,4,3,4,1,3,3,6,2,3,2,2,5,3,4,3,6,4,2,2,1,0,0,0,0,0,0,2,0,0,1,0,1,0,0,0,0,0,0,0,1,1,0,0,0,1,-2,0,-2,1,-1,0,-2,0,0,-2,-3,1,1,1,0,0,0,0,0,0,1,-1,0,1,0,0,3,2,1,3,1,5,1,2,3,4,0,3,2,6,2,3,2,2,5,3,3,2,6,4,2,1,-3,0,-2,1,-1,0,-2,-1,1,-2,-4,1,1,1,1,2,2,2,4,4,3,2,3,0,4,1,0,0,0,0,1,0,0,0,0,0,2,-3,-2,0,-1,2,0,1,0,0,0,0,-1,0,1,2,2,2,3,4,3,2,3,0,2,-4,-2,0,-1,2,1
2582,58,2,2,1,1,0,2,2,3,6,2,2,4,2,2,3,2,4,4,2,4,5,2,4,5,2,2,5,0,0,0,0,1,0,0,2,1,0,2,0,0,0,0,0,0,0,0,0,0,0,0,0,0,0,-1,-1,-3,-4,0,-2,-2,4,-2,-3,2,0,-3,0,0,0,0,1,0,0,2,1,0,2,0,0,2,1,1,0,1,2,3,4,1,2,2,2,2,3,2,4,4,2,4,5,2,4,5,2,2,5,-1,-1,-3,-4,-1,-2,-2,2,-3,-3,0,0,-3,0,4,6,7,2,1,6,0,7,2,0,4,0,0,2,1,1,0,0,0,0,0,0,0,-6,4,-1,5,2,-3,0,0,2,1,1,0,0,4,4,6,1,1,6,0,7,2,0,4,-6,4,-3,4,1,-3
2582,59,1,4,2,0,5,2,3,1,4,3,1,5,3,1,2,4,1,2,1,3,4,2,4,1,2,1,2,2,0,0,2,0,0,1,1,1,1,0,1,0,1,0,0,1,0,0,0,1,0,0,1,1,0,2,-2,-1,3,1,0,-3,2,-1,0,3,2,-1,1,0,0,1,0,0,1,0,1,1,-1,0,0,2,2,0,3,2,3,0,3,2,0,5,2,1,1,4,1,1,1,3,4,1,4,1,1,0,2,1,-2,-1,2,1,0,-4,2,-2,-1,4,2,-1,4,4,4,4,5,5,3,4,2,2,4,3,0,0,1,2,0,1,0,0,0,0,0,0,1,0,2,2,1,2,0,0,1,2,0,1,4,4,3,2,5,4,3,4,2,2,4,3,1,0,1,0,1,1
2582,59,2,3,3,4,4,5,4,0,6,3,3,4,5,2,2,6,2,4,4,0,3,5,4,1,4,1,3,0,0,0,1,0,0,0,0,1,0,2,1,0,0,0,0,0,0,0,0,1,0,0,1,0,0,1,-3,2,0,1,4,-3,1,-1,2,0,4,-1,0,0,0,1,0,0,0,-1,1,0,1,1,0,3,3,4,3,5,4,0,6,2,3,2,4,2,2,6,2,4,4,0,3,4,4,1,3,1,3,1,-3,2,-1,1,4,-3,2,-2,2,-1,3,-1,3,1,2,9,3,4,1,2,3,6,3,2,0,0,0,0,0,1,0,0,0,0,0,0,2,-1,-1,3,0,2,0,0,0,0,0,1,3,1,2,9,3,3,1,2,3,6,3,2,2,-1,-1,3,0,1
2582,60,1,8,3,4,3,2,1,2,3,3,2,0,2,5,4,2,2,3,1,2,1,0,2,3,2,5,1,1,0,0,0,0,0,1,0,0,1,0,1,1,0,0,0,0,0,0,0,0,0,0,0,0,0,4,1,2,0,1,-1,1,3,1,-1,-2,-3,4,1,0,0,0,0,0,1,0,0,1,0,1,1,7,3,4,3,2,1,1,3,3,1,0,1,4,4,2,2,3,1,2,1,0,2,3,2,5,1,3,1,2,0,1,-1,0,3,1,-2,-2,-4,3,4,4,6,3,1,7,6,3,3,5,5,3,0,0,0,0,0,4,0,0,0,0,0,0,-2,1,3,-2,-4,4,0,0,0,0,0,4,4,4,6,3,1,3,6,3,3,5,5,3,-2,1,3,-2,-4,0
2582,60,2,5,4,5,2,5,5,0,1,0,3,3,4,4,3,1,3,4,4,6,2,3,1,2,4,3,1,0,0,0,0,0,0,0,0,0,0,1,1,0,0,0,0,0,0,1,0,0,0,0,0,0,0,2,3,2,-2,1,-1,-2,-2,-1,1,-1,1,3,0,0,0,0,0,-1,0,0,0,0,1,1,0,5,4,5,2,5,5,0,1,0,3,2,3,4,3,1,3,4,4,5,2,3,1,2,4,3,1,2,3,2,-2,1,0,-2,-2,-1,1,-2,0,3,6,3,2,3,2,4,3,3,4,3,2,5,0,0,0,0,0,0,0,0,1,0,0,0,3,0,-2,0,0,-1,0,0,-1,0,0,0,6,3,2,3,2,4,3,3,3,3,2,5,3,0,-1,0,0,-1
2582,61,1,5,4,7,3,9,3,0,5,7,6,3,1,2,2,5,4,3,2,2,4,2,5,1,0,6,2,1,0,0,0,1,0,0,0,1,0,0,0,1,0,0,1,0,1,0,0,0,0,0,0,0,0,3,-1,3,0,7,1,-4,3,2,5,3,-5,0,1,0,-1,0,0,0,0,0,1,0,0,0,1,4,4,7,3,8,3,0,5,6,6,3,1,1,2,5,3,3,1,2,4,2,5,1,0,6,2,2,-1,4,0,7,1,-4,3,1,5,3,-5,-1,4,5,2,4,2,7,4,2,6,2,2,5,0,0,0,1,1,2,0,0,0,0,0,1,0,3,-4,2,0,2,0,0,0,1,1,1,4,5,2,3,1,5,4,2,6,2,2,4,0,3,-4,1,-1,1
2582,61,2,1,2,5,3,0,0,2,3,6,4,1,2,0,5,4,4,5,3,3,6,1,2,1,3,2,4,0,0,1,0,0,0,1,0,1,0,0,0,0,0,0,0,0,1,0,0,0,0,0,0,0,0,-4,-2,1,-2,-3,-3,-4,2,4,3,-2,0,-4,0,0,1,0,-1,0,1,0,1,0,0,0,0,1,2,4,3,0,0,1,3,5,4,1,2,0,5,4,4,5,2,3,6,1,2,1,3,2,4,-4,-2,0,-2,-2,-3,-5,2,3,3,-2,0,-4,1,2,4,2,4,3,1,2,3,2,1,4,0,0,1,1,1,1,0,0,0,0,0,0,0,0,1,0,3,-1,0,0,1,1,1,1,1,2,3,1,3,2,1,2,3,2,1,4,0,0,0,-1,2,-2
2582,62,1,4,2,5,4,2,2,1,2,2,0,3,1,1,6,5,4,3,5,3,4,2,6,5,2,3,3,0,0,1,0,0,0,0,1,0,0,0,0,0,0,0,0,0,0,0,0,0,0,0,0,0,0,-2,-3,1,1,-3,-1,-3,0,-4,-5,1,-2,-2,0,0,1,0,0,0,0,1,0,0,0,0,0,4,2,4,4,2,2,1,1,2,0,3,1,1,6,5,4,3,5,3,4,2,6,5,2,3,3,-2,-3,0,1,-3,-1,-3,-1,-4,-5,1,-2,-2,2,5,6,4,3,7,0,7,4,3,4,2,0,0,1,0,1,2,0,0,0,0,0,0,2,-2,2,1,-1,5,0,0,1,0,1,2,2,5,5,4,2,5,0,7,4,3,4,2,2,-2,1,1,-2,3
2582,62,2,4,3,5,5,0,4,3,11,1,2,1,3,2,2,0,5,3,3,2,1,5,3,6,4,3,3,0,0,1,1,0,1,0,0,0,0,0,0,0,0,0,0,1,0,0,0,0,0,0,0,0,0,2,3,0,2,-3,2,2,6,-2,-4,-3,0,-1,0,0,1,0,0,1,0,0,0,0,0,0,0,4,3,4,4,0,3,3,11,1,2,1,3,2,2,0,5,2,3,2,1,5,3,6,4,3,3,2,3,-1,2,-3,1,2,6,-2,-4,-3,0,-1,5,2,5,2,3,4,2,1,5,3,1,3,1,0,1,0,0,2,0,0,0,0,0,0,3,1,0,-1,2,1,1,0,1,0,0,2,4,2,4,2,3,2,2,1,5,3,1,3,2,1,-1,-1,2,-1
2582,63,1,3,3,3,6,4,6,2,5,1,4,7,3,2,2,4,2,2,3,1,0,5,4,4,8,5,2,0,0,0,1,1,0,0,1,0,1,2,0,1,0,0,0,0,1,0,0,0,1,1,1,1,0,1,-1,1,4,1,5,2,0,-3,0,-1,-2,0,0,0,0,1,0,0,0,1,-1,0,1,-1,1,3,3,3,5,3,6,2,4,1,3,5,3,1,2,4,2,2,2,1,0,5,3,3,7,4,2,1,-1,1,3,1,5,2,-1,-2,0,-2,-1,-1,4,1,5,9,3,7,3,2,1,5,4,5,0,1,0,3,0,2,0,1,0,0,1,1,1,-1,4,4,-1,2,0,0,0,3,-1,1,4,0,5,6,3,5,3,1,1,5,3,4,1,-1,4,1,0,1
2582,63,2,1,6,9,6,6,0,3,2,4,2,3,4,1,2,5,6,5,3,4,2,5,4,3,0,3,2,0,0,0,0,0,0,1,0,0,0,0,1,0,0,0,0,0,0,0,0,0,0,1,0,0,0,-1,1,3,1,3,-4,1,-3,0,-1,3,1,-1,0,0,0,0,0,0,1,0,0,-1,0,1,0,1,6,9,6,6,0,2,2,4,2,3,3,1,2,5,6,5,3,4,2,5,4,2,0,3,2,-1,1,3,1,3,-4,0,-3,0,0,3,0,-1,2,3,5,3,3,2,4,3,7,3,4,5,0,0,1,1,0,0,0,0,1,0,0,2,-2,0,-2,0,-1,-3,0,0,0,1,0,-2,2,3,4,2,3,2,4,3,6,3,4,3,-2,0,-2,-1,-1,-1
2582,64,1,3,2,4,2,6,4,6,5,4,5,1,2,0,3,3,4,2,4,4,9,6,3,0,3,5,2,1,0,0,0,0,1,0,0,1,0,1,0,0,0,0,0,0,0,0,1,1,0,0,0,0,0,0,-1,0,0,2,0,-3,-1,1,5,-2,-3,-2,1,0,0,0,0,1,-1,-1,1,0,1,0,0,2,2,4,2,6,3,6,5,3,5,0,2,0,3,3,4,2,4,4,8,5,3,0,3,5,2,-1,-1,0,0,2,-1,-2,0,0,5,-3,-3,-2,3,3,2,6,1,3,2,1,6,2,4,3,0,0,0,2,0,1,0,0,0,0,1,1,1,2,-4,4,-3,0,0,0,0,2,-1,0,3,3,2,4,1,2,2,1,6,2,3,2,1,2,-4,2,-2,0
2582,64,2,1,5,1,3,7,2,4,0,5,3,8,5,3,0,5,1,2,6,5,2,1,4,1,3,5,7,0,1,0,1,1,1,0,0,0,0,1,0,0,0,0,0,0,0,0,0,0,0,0,0,0,0,1,0,0,1,1,-3,2,-1,1,2,5,0,-4,0,1,0,1,1,1,0,0,0,0,1,0,0,1,4,1,2,6,1,4,0,5,3,7,5,3,0,5,1,2,6,5,2,1,4,1,3,5,7,1,-1,0,0,0,-4,2,-1,1,2,4,0,-4,2,5,2,1,4,4,1,6,1,1,0,5,0,0,0,0,1,2,0,0,0,0,0,0,1,-1,1,0,4,-1,0,0,0,0,1,2,2,5,2,1,3,2,1,6,1,1,0,5,1,-1,1,0,3,-3
2582,65,1,3,2,9,2,3,3,5,6,4,3,2,2,0,2,1,2,2,2,2,3,3,4,8,1,2,8,2,0,0,1,2,1,0,1,0,1,0,1,0,0,0,0,0,0,0,1,0,0,0,1,0,0,1,1,7,0,1,1,2,3,0,-5,1,0,-8,2,0,0,1,2,1,-1,1,0,1,-1,1,0,1,2,9,1,1,2,5,5,4,2,2,1,0,2,1,2,2,2,2,2,3,4,8,0,2,8,-1,1,7,-1,-1,0,3,2,0,-6,2,-1,-8,3,2,5,2,4,5,4,4,0,2,4,2,0,1,1,1,1,2,1,0,0,0,0,0,-1,-2,5,0,0,3,-1,1,1,1,1,2,3,1,4,1,3,3,3,4,0,2,4,2,0,-3,4,-1,-1,1
2582,65,2,2,8,6,2,3,5,1,2,2,1,1,2,5,2,6,4,1,4,4,3,4,3,3,4,5,5,0,0,0,0,0,1,0,1,0,0,0,1,3,0,0,0,0,0,0,0,0,0,0,1,0,0,0,2,2,1,-1,1,-2,-2,-1,-2,-3,-3,0,0,0,0,0,0,1,0,1,0,0,-1,1,3,2,8,6,2,3,4,1,1,2,1,1,1,2,2,6,4,1,4,4,3,4,3,3,3,5,5,0,2,2,1,-1,0,-2,-3,-1,-2,-2,-4,-3,8,5,4,6,4,2,4,3,5,2,5,7,0,1,1,0,0,0,1,0,1,0,0,2,4,2,-1,4,-1,-5,-1,1,0,0,0,-2,8,4,3,6,4,2,3,3,4,2,5,5,5,1,-1,4,-1,-3
2582,66,1,0,3,1,2,4,2,0,7,4,2,4,2,5,1,3,2,6,6,3,2,5,3,1,0,1,1,0,0,0,0,1,0,0,3,0,0,0,0,1,0,1,0,0,0,1,0,1,0,0,0,0,0,-1,0,-1,-4,-2,-1,-2,2,1,1,4,1,4,0,-1,0,0,1,-1,0,2,0,0,0,0,1,0,3,1,2,3,2,0,4,4,2,4,2,4,1,2,2,6,6,2,2,4,3,1,0,1,1,-1,1,-1,-4,-3,0,-2,0,1,1,4,1,3,4,5,2,2,2,2,2,2,2,2,4,5,0,0,0,0,0,1,1,0,0,0,0,0,2,3,0,0,-2,-3,-1,0,0,0,0,1,4,5,2,2,2,1,1,2,2,2,4,5,3,3,0,0,-2,-4
2582,66,2,3,0,0,5,8,1,4,3,2,4,4,3,2,2,2,1,3,4,1,2,2,2,2,5,1,3,1,0,0,0,0,0,1,0,0,0,0,0,1,0,1,0,0,0,0,0,0,0,0,0,0,0,1,-2,-1,2,4,0,2,1,0,2,-1,2,-1,1,-1,0,0,0,0,1,0,0,0,0,0,1,2,0,0,5,8,1,3,3,2,4,4,3,1,2,1,1,3,4,1,2,2,2,2,5,1,3,0,-1,-1,2,4,0,1,1,0,2,-1,2,-2,3,4,5,4,1,3,5,5,2,3,3,1,0,0,0,0,0,0,2,0,0,0,1,0,-2,-1,3,1,-2,2,-2,0,0,0,-1,0,3,4,5,4,1,3,3,5,2,3,2,1,0,-1,3,1,-1,2
2582,67,1,1,1,1,1,4,1,0,3,4,2,2,4,2,2,1,3,0,3,2,1,3,3,4,4,0,0,0,0,0,0,1,0,0,0,1,1,0,0,0,1,0,0,0,0,0,0,0,0,0,0,0,0,-1,0,-2,1,1,-1,-1,0,1,-2,-2,4,2,-1,0,0,0,1,0,0,0,1,1,0,0,0,1,1,1,1,3,1,0,3,3,1,2,4,2,1,1,3,0,3,2,1,3,3,4,4,0,0,0,0,-2,1,0,-1,-1,0,0,-3,-2,4,2,2,4,0,4,3,6,4,2,2,2,1,4,0,1,0,0,0,6,3,0,0,0,0,0,-2,2,-2,2,2,2,-3,1,0,0,0,6,2,3,0,4,3,0,1,2,2,2,1,4,1,1,-2,2,2,-4
2582,67,2,1,3,1,2,2,3,3,2,2,3,2,3,3,0,4,2,5,3,2,3,4,4,5,4,4,6,0,0,0,0,0,0,0,0,0,0,0,0,0,0,0,0,0,0,0,0,0,0,0,0,1,0,1,-1,-1,-3,-1,1,0,-2,-2,-2,-2,-1,-3,0,0,0,0,0,0,0,0,0,0,0,-1,0,1,3,1,2,2,3,3,2,2,3,2,3,3,0,4,2,5,3,2,3,4,4,5,4,3,6,1,-1,-1,-3,-1,1,0,-2,-2,-2,-2,0,-3,3,2,2,2,3,3,2,1,5,1,5,2,0,0,1,0,0,1,0,0,0,0,0,0,1,1,-3,1,-2,1,0,0,1,0,0,1,3,2,1,2,3,2,2,1,5,1,5,2,1,1,-4,1,-2,0
2582,68,1,1,4,1,1,3,2,2,3,1,3,3,2,4,2,3,0,3,2,1,0,1,7,2,1,3,0,0,0,0,0,0,2,0,1,0,0,0,0,0,0,0,0,0,0,0,0,0,0,0,0,0,0,-1,1,1,-2,1,1,2,2,-6,1,2,-1,4,0,0,0,0,0,2,0,1,0,0,0,0,0,1,4,1,1,3,0,2,2,1,3,3,2,4,2,3,0,3,2,1,0,1,7,2,1,3,0,-1,1,1,-2,1,-1,2,1,-6,1,2,-1,4,1,3,3,1,1,0,4,2,3,2,3,4,0,0,0,0,0,0,0,0,0,0,0,1,-3,1,0,-1,-2,-4,0,0,0,0,0,-1,1,3,3,1,1,0,4,2,3,2,3,3,-3,1,0,-1,-2,-3
2582,68,2,2,0,0,1,5,2,1,1,4,1,2,3,0,1,1,1,3,2,5,2,1,0,2,3,5,3,0,0,0,0,0,0,0,0,0,0,1,0,0,0,0,0,0,0,0,0,0,0,0,0,0,0,1,-1,-1,-2,3,-3,-1,0,4,-1,-1,-2,-3,0,0,0,0,0,0,0,0,0,0,1,0,0,2,0,0,1,5,2,1,1,4,1,1,3,0,1,1,1,3,2,5,2,1,0,2,3,5,3,1,-1,-1,-2,3,-3,-1,0,4,-1,-2,-2,-3,1,2,4,1,3,1,3,3,2,5,3,2,1,0,0,0,0,0,0,0,0,0,0,0,-2,-1,2,-4,0,-1,1,0,0,0,0,0,0,2,4,1,3,1,3,3,2,5,3,2,-3,-1,2,-4,0,-1
2582,69,1,1,2,3,3,3,2,1,6,2,2,0,3,2,0,0,4,0,2,2,3,4,5,5,1,2,2,0,0,0,0,0,0,0,2,0,0,0,0,1,0,0,0,0,0,0,2,0,0,0,0,0,0,1,2,-1,3,1,0,-2,2,-3,-3,-1,1,0,0,0,0,0,0,0,-2,2,0,0,0,0,1,1,2,3,3,3,2,1,4,2,2,0,3,1,0,0,4,0,2,2,1,4,5,5,1,2,2,1,2,-1,3,1,0,0,0,-3,-3,-1,1,-1,4,1,6,2,1,2,5,2,3,2,0,2,1,0,0,0,0,1,0,0,0,0,0,0,-1,-1,3,0,1,0,1,0,0,0,0,1,3,1,6,2,1,1,5,2,3,2,0,2,-2,-1,3,0,1,-1
2582,69,2,1,3,1,1,1,2,3,1,1,1,2,3,2,3,1,4,1,2,4,4,4,4,3,6,3,1,0,0,0,0,0,0,1,0,0,0,1,1,0,0,0,0,0,0,0,0,0,0,0,0,0,0,-2,2,-3,0,-1,-2,-1,-3,-3,-2,-4,0,1,0,0,0,0,0,0,1,0,0,0,1,1,0,1,3,1,1,1,2,2,1,1,1,1,2,2,3,1,4,1,2,4,4,4,4,3,6,3,1,-2,2,-3,0,-1,-2,-2,-3,-3,-2,-5,-1,1,2,2,3,2,1,0,3,3,3,3,1,2,0,0,1,1,0,0,0,0,0,0,0,0,-1,-1,0,-1,0,-2,0,0,1,1,0,0,2,2,2,1,1,0,3,3,3,3,1,2,-1,-1,-1,-2,0,-2
2582,70,1,1,0,1,2,1,1,3,0,2,1,2,3,1,1,2,0,2,1,1,2,4,2,3,2,0,1,0,0,0,1,0,0,1,0,0,1,0,0,0,0,0,0,0,0,0,0,0,0,1,0,0,0,0,-2,1,0,0,0,1,-4,0,-2,0,3,0,0,0,0,1,0,0,1,0,0,0,0,0,0,1,0,1,1,1,1,2,0,2,0,2,3,1,1,2,0,2,1,1,2,4,2,2,2,0,1,0,-2,1,-1,0,0,0,-4,0,-2,0,3,0,1,3,1,2,3,0,0,5,2,2,2,1,0,1,0,0,1,0,0,0,0,0,1,0,1,-2,-1,0,1,-1,0,1,0,0,0,0,1,2,1,2,2,0,0,5,2,2,1,1,1,-3,-1,0,1,-1
2582,70,2,4,1,1,2,1,2,6,2,0,2,2,2,1,2,3,0,0,4,0,2,0,0,1,1,3,5,1,0,0,0,0,0,3,0,0,1,0,0,0,0,0,0,0,0,0,0,0,0,0,0,0,0,2,-2,1,2,-3,2,4,2,0,1,1,-1,-4,1,0,0,0,0,0,3,0,0,1,0,0,0,3,1,1,2,1,2,3,2,0,1,2,2,1,2,3,0,0,4,0,2,0,0,1,1,3,5,1,-2,1,2,-3,2,1,2,0,0,1,-1,-4,4,2,1,1,0,0,1,3,1,2,1,3,0,0,0,0,0,0,0,0,0,0,0,0,3,-1,0,-1,-1,-3,0,0,0,0,0,0,4,2,1,1,0,0,1,3,1,2,1,3,3,-1,0,-1,-1,-3
2582,71,1,1,3,1,1,0,4,3,0,0,5,2,1,3,1,0,1,1,2,2,1,2,2,2,1,6,2,0,0,0,0,0,1,0,0,0,0,0,0,0,0,0,0,0,0,0,0,0,0,0,0,0,0,0,3,0,0,-2,2,2,-2,-2,3,1,-5,1,0,0,0,0,0,1,0,0,0,0,0,0,0,1,3,1,1,0,3,3,0,0,5,2,1,3,1,0,1,1,2,2,1,2,2,2,1,6,2,0,3,0,0,-2,1,2,-2,-2,3,1,-5,1,2,3,3,1,2,0,2,1,2,0,1,4,0,0,1,0,1,0,0,0,0,0,0,0,0,2,1,1,1,-4,0,0,1,0,1,0,2,3,2,1,1,0,2,1,2,0,1,4,0,2,0,1,0,-4
2582,71,2,3,3,1,2,0,2,2,3,0,1,2,3,0,2,3,2,2,1,2,2,5,1,1,1,3,1,0,1,0,1,0,0,0,0,0,0,1,0,0,0,0,0,0,0,0,1,0,0,0,0,0,0,1,0,-1,0,-1,0,0,-2,-1,0,1,0,-1,0,1,0,1,0,0,-1,0,0,0,1,0,0,3,2,1,1,0,2,2,3,0,1,1,3,0,2,3,2,2,1,2,1,5,1,1,1,3,1,1,-1,-1,-1,-1,0,1,-2,-1,0,0,0,-1,1,3,2,4,2,1,2,2,2,1,2,1,0,0,0,0,0,0,0,0,0,0,0,0,-1,1,0,3,0,0,0,0,0,0,0,0,1,3,2,4,2,1,2,2,2,1,2,1,-1,1,0,3,0,0
2582,72,1,0,3,1,1,3,1,1,2,1,0,0,0,2,1,2,2,1,1,1,1,0,1,2,2,2,2,0,1,0,0,0,0,0,0,0,0,0,0,0,0,0,0,0,0,0,0,0,0,0,0,0,0,-1,1,-1,0,2,0,0,2,0,-2,-2,-2,0,0,1,0,0,0,0,0,0,0,0,0,0,0,0,2,1,1,3,1,1,2,1,0,0,0,2,1,2,2,1,1,1,1,0,1,2,2,2,2,-1,0,-1,0,2,0,0,2,0,-2,-2,-2,0,3,4,0,3,0,2,5,4,2,4,2,0,1,0,0,0,0,1,0,0,0,0,0,0,-2,0,-2,-1,-2,2,1,0,0,0,0,1,2,4,0,3,0,1,5,4,2,4,2,0,-3,0,-2,-1,-2,1
2582,72,2,3,4,2,5,0,2,0,3,1,1,1,1,3,3,1,0,0,0,1,1,2,1,3,0,0,3,0,0,0,0,0,0,0,0,0,0,0,0,0,0,0,0,0,0,0,0,0,0,0,0,0,0,0,3,2,5,0,1,-1,1,0,-2,1,1,0,0,0,0,0,0,0,0,0,0,0,0,0,0,3,4,2,5,0,2,0,3,1,1,1,1,3,3,1,0,0,0,1,1,2,1,3,0,0,3,0,3,2,5,0,1,-1,1,0,-2,1,1,0,0,2,1,4,1,1,2,2,3,0,1,1,0,0,0,0,0,0,0,0,0,0,0,0,-2,0,-2,4,0,0,0,0,0,0,0,0,0,2,1,4,1,1,2,2,3,0,1,1,-2,0,-2,4,0,0
2582,73,1,1,3,1,2,1,0,3,1,0,1,1,0,1,2,2,1,0,2,0,2,1,0,1,1,2,1,0,1,0,0,0,0,0,0,0,1,0,0,0,0,0,0,0,1,0,0,0,0,0,0,0,0,-1,1,0,2,-1,0,1,0,0,0,0,-2,0,0,1,0,0,-1,0,0,0,0,1,0,0,0,1,2,1,2,1,0,3,1,0,0,1,0,1,2,2,1,0,1,0,2,1,0,1,1,2,1,-1,0,0,2,0,0,1,0,0,-1,0,-2,0,1,2,1,1,1,1,0,2,3,3,1,2,0,0,0,0,0,0,0,0,0,0,0,0,1,0,-2,-2,0,-1,0,0,0,0,0,0,1,2,1,1,1,1,0,2,3,3,1,2,1,0,-2,-2,0,-1
2582,73,2,2,0,5,3,0,1,2,3,1,2,1,4,0,1,1,0,0,1,3,2,1,0,1,1,3,3,0,0,1,0,0,1,0,0,0,0,0,0,0,0,0,0,0,0,0,0,0,0,0,0,0,0,1,-1,5,3,-1,-2,0,2,1,1,0,1,-3,0,0,1,0,0,1,0,0,0,0,0,0,0,2,0,4,3,0,0,2,3,1,2,1,4,0,1,1,0,0,1,3,2,1,0,1,1,3,3,1,-1,4,3,-1,-3,0,2,1,1,0,1,-3,0,0,2,1,2,0,2,0,0,2,6,3,0,0,0,0,2,0,0,0,0,0,1,1,-2,0,2,-1,-4,-3,0,0,0,0,1,-1,0,0,2,1,0,0,2,0,0,2,5,2,-2,0,2,-1,-5,-2
2582,74,1,3,1,1,2,0,2,1,4,0,2,2,1,0,2,3,3,1,0,0,2,3,0,1,0,0,2,0,0,0,0,0,1,0,0,0,0,0,0,0,0,0,0,0,0,0,0,0,0,0,0,0,0,1,-2,-2,1,0,2,-1,1,0,1,2,1,-2,0,0,0,0,0,1,0,0,0,0,0,0,0,3,1,1,2,0,1,1,4,0,2,2,1,0,2,3,3,1,0,0,2,3,0,1,0,0,2,1,-2,-2,1,0,1,-1,1,0,1,2,1,-2,3,1,2,1,2,1,1,1,4,0,1,1,0,0,0,0,0,0,0,0,0,0,0,0,2,0,-2,1,1,0,0,0,0,0,0,0,3,1,2,1,2,1,1,1,4,0,1,1,2,0,-2,1,1,0
2582,74,2,0,1,1,1,1,0,1,5,0,0,1,1,2,1,1,1,0,3,1,1,0,2,1,2,1,3,0,1,0,0,0,0,0,0,0,0,0,0,0,0,0,0,0,0,0,0,0,0,0,0,0,0,-1,0,0,1,-2,-1,0,5,-2,-1,-1,0,-1,0,1,0,0,0,0,0,0,0,0,0,0,0,0,0,1,1,1,0,1,5,0,0,1,1,2,1,1,1,0,3,1,1,0,2,1,2,1,3,-1,-1,0,1,-2,-1,0,5,-2,-1,-1,0,-1,0,0,1,1,0,1,2,1,3,0,1,1,0,0,0,0,0,0,0,0,0,0,0,0,-2,-1,-2,1,-1,0,0,0,0,0,0,0,0,0,1,1,0,1,2,1,3,0,1,1,-2,-1,-2,1,-1,0
2582,75,1,1,2,1,4,0,1,3,1,2,0,1,4,0,2,1,0,2,1,2,0,1,1,0,1,4,0,0,0,0,0,0,0,0,0,0,0,1,1,0,0,0,0,0,0,0,0,0,0,0,0,0,0,-1,1,1,2,-1,-1,3,0,1,0,0,0,0,0,0,0,0,0,0,0,0,0,0,1,1,0,1,2,1,4,0,1,3,1,2,0,0,3,0,2,1,0,2,1,2,0,1,1,0,1,4,0,-1,1,1,2,-1,-1,3,0,1,0,-1,-1,0,2,0,4,0,2,1,1,0,0,0,3,1,0,0,1,0,0,0,0,0,0,0,0,0,1,0,4,0,-1,0,0,0,1,0,0,0,2,0,3,0,2,1,1,0,0,0,3,1,1,0,3,0,-1,0
2582,75,2,0,1,0,2,0,1,2,1,4,0,2,3,2,1,1,1,0,2,0,1,3,2,0,0,2,0,0,0,0,0,0,0,0,0,1,0,1,0,0,1,0,0,0,0,0,0,0,0,0,0,1,0,-1,0,-1,2,-2,1,1,-2,2,0,2,1,2,-1,0,0,0,0,0,0,0,1,0,1,-1,0,0,1,0,2,0,1,2,1,3,0,1,3,2,0,1,1,0,2,0,1,3,2,0,0,1,0,0,0,-1,2,-2,1,1,-2,1,0,1,2,2,1,0,1,0,1,1,5,1,2,0,1,1,0,0,0,0,0,0,0,0,0,0,0,0,-4,-1,-1,0,0,0,0,0,0,0,0,0,1,0,1,0,1,1,5,1,2,0,1,1,-4,-1,-1,0,0,0
2582,76,1,0,1,0,1,0,0,0,2,1,0,0,4,3,0,1,0,0,1,2,1,2,0,1,1,1,0,0,0,0,0,0,0,0,0,0,0,0,0,0,0,0,0,0,0,0,0,0,0,0,0,1,0,0,0,0,1,-1,-2,-1,0,1,-1,-1,3,3,0,0,0,0,0,0,0,0,0,0,0,-1,0,0,1,0,1,0,0,0,2,1,0,0,4,3,0,1,0,0,1,2,1,2,0,1,1,0,0,0,0,0,1,-1,-2,-1,0,1,-1,-1,4,3,1,2,1,1,0,0,1,1,1,1,1,2,0,0,0,0,0,0,0,1,0,0,0,0,0,1,0,0,-1,-2,0,-1,0,0,0,0,1,2,1,1,0,0,1,0,1,1,1,2,0,2,0,0,-1,-2
2582,76,2,0,1,4,1,2,2,1,4,2,0,0,1,2,1,3,1,1,1,2,0,0,1,1,0,1,0,0,1,0,0,0,0,0,0,0,0,0,0,0,0,0,0,0,0,0,0,0,0,0,0,0,0,-1,-2,3,0,1,0,1,4,1,-1,0,0,2,0,1,0,0,0,0,0,0,0,0,0,0,0,0,0,4,1,2,2,1,4,2,0,0,1,2,1,3,1,1,1,2,0,0,1,1,0,1,0,-1,-3,3,0,1,0,1,4,1,-1,0,0,2,0,1,1,2,0,1,1,2,2,1,1,1,0,0,0,0,0,0,0,0,0,0,0,0,-1,-1,-1,1,-1,0,0,0,0,0,0,0,0,1,1,2,0,1,1,2,2,1,1,1,-1,-1,-1,1,-1,0
2582,77,1,1,0,1,1,1,0,0,1,0,1,1,1,1,1,1,3,1,1,4,1,1,2,0,1,2,2,0,0,0,0,0,0,0,0,0,0,0,1,1,0,0,0,0,0,0,0,0,0,0,0,0,0,0,-1,-2,0,0,-4,-1,0,-2,1,0,-1,-1,0,0,0,0,0,0,0,0,0,0,0,1,1,1,0,1,1,1,0,0,1,0,1,1,0,0,1,1,3,1,1,4,1,1,2,0,1,2,2,0,-1,-2,0,0,-4,-1,0,-2,1,0,-2,-2,1,3,2,2,1,0,2,0,1,0,3,4,0,0,1,0,0,0,0,0,0,0,0,0,-1,3,1,2,-2,-4,0,0,1,0,0,0,1,3,1,2,1,0,2,0,1,0,3,4,-1,3,0,2,-2,-4
2582,77,2,1,3,1,2,2,1,0,0,0,0,0,3,2,1,2,3,1,1,1,4,2,0,2,0,2,2,0,0,0,0,0,0,0,0,0,0,0,0,0,0,0,0,1,0,0,0,0,0,1,0,0,0,0,1,-2,1,1,0,-4,-2,0,-2,0,1,0,0,0,0,-1,0,0,0,0,0,-1,0,0,0,1,3,1,2,2,1,0,0,0,0,0,3,2,1,2,3,0,1,1,4,2,0,1,0,2,2,0,1,-2,2,1,0,-4,-2,0,-1,0,1,0,0,1,0,5,2,3,3,0,2,2,1,0,0,0,0,0,0,0,0,0,0,0,0,0,-3,1,-2,3,1,3,0,0,0,0,0,0,0,1,0,5,2,3,3,0,2,2,1,0,-3,1,-2,3,1,3
2582,78,1,0,1,1,0,0,1,1,1,2,2,1,3,0,1,0,1,1,0,0,1,0,3,2,0,2,0,0,0,0,0,0,0,0,0,0,0,0,0,0,0,0,0,0,0,0,0,0,0,0,0,0,0,-1,1,0,-1,0,1,0,1,-1,0,1,1,0,0,0,0,0,0,0,0,0,0,0,0,0,0,0,1,1,0,0,1,1,1,2,2,1,3,0,1,0,1,1,0,0,1,0,3,2,0,2,0,-1,1,0,-1,0,1,0,1,-1,0,1,1,0,0,2,1,1,1,2,4,1,0,2,1,1,0,0,0,0,0,0,0,0,0,0,1,0,-4,1,1,-1,0,1,0,0,0,0,-1,0,0,2,1,1,1,2,4,1,0,2,0,1,-4,1,1,-1,1,1
2582,78,2,1,0,0,1,1,1,0,2,1,4,2,1,1,2,0,1,1,2,0,1,1,2,1,0,1,0,0,0,0,0,1,0,0,0,0,0,0,0,0,0,0,0,0,0,0,1,0,0,0,0,0,0,-1,0,-1,0,-1,1,-1,1,-1,3,2,0,1,0,0,0,0,1,0,-1,0,0,0,0,0,0,1,0,0,1,0,1,0,2,1,4,2,1,1,2,0,1,1,2,0,0,1,2,1,0,1,0,-1,0,-1,0,-2,1,0,1,-1,3,2,0,1,0,2,0,0,2,2,1,3,1,0,2,4,0,0,0,0,0,1,0,0,0,0,0,0,-1,-1,-1,0,0,-2,0,0,0,0,0,1,0,2,0,0,2,1,1,3,1,0,2,4,-1,-1,-1,0,0,-3
2582,79,1,1,0,0,3,0,0,0,0,1,0,1,1,1,0,2,1,2,0,1,5,1,1,0,0,1,2,0,0,0,0,0,0,0,0,0,0,0,0,0,0,1,0,0,0,0,0,0,0,0,0,0,0,1,-2,-1,1,0,-1,-5,-1,0,0,1,0,-1,0,-1,0,0,0,0,0,0,0,0,0,0,0,1,0,0,3,0,0,0,0,1,0,1,1,1,0,1,1,2,0,1,5,1,1,0,0,1,2,1,-1,-1,1,0,-1,-5,-1,0,0,1,0,-1,1,1,0,7,1,0,2,0,0,0,2,3,0,0,0,1,1,0,0,0,0,0,0,0,-1,1,0,7,-1,-3,0,0,0,1,1,0,1,1,0,6,0,0,2,0,0,0,2,3,-1,1,0,6,-2,-3
2582,79,2,0,1,1,2,0,0,0,1,0,1,0,2,2,0,0,0,1,0,1,0,2,2,1,1,1,3,0,0,0,1,0,0,0,0,0,0,0,0,0,0,0,0,0,0,0,0,0,1,0,0,0,0,0,1,1,1,0,-1,0,-1,-2,0,-1,1,-1,0,0,0,1,0,0,0,0,-1,0,0,0,0,0,1,1,1,0,0,0,1,0,1,0,2,2,0,0,0,1,0,1,0,2,1,1,1,1,3,0,1,1,0,0,-1,0,-1,-1,0,-1,1,-1,0,0,5,1,1,0,1,3,1,1,1,1,0,0,1,0,0,0,0,0,0,0,0,0,-1,-3,4,0,0,-1,0,0,1,0,0,0,0,0,4,1,1,0,1,3,1,1,1,1,-1,-3,3,0,0,-1
2581,0,1,5,9,7,7,7,5,4,8,11,12,14,16,1,5,1,6,5,1,2,4,3,6,2,8,11,5,0,1,0,2,0,1,1,1,0,1,6,8,1,0,0,1,1,0,2,0,0,0,0,0,0,0,0,8,1,2,6,3,0,5,5,10,6,5,-4,0,1,-1,1,0,-1,1,1,0,1,6,8,1,5,8,7,5,7,4,3,7,11,11,8,8,0,5,1,5,4,1,0,4,3,6,2,8,11,5,0,7,2,1,6,4,-1,4,5,9,0,-3,-5,6,9,6,8,11,4,6,4,4,3,2,5,1,0,0,1,0,1,0,0,0,0,0,0,0,5,2,5,9,-1,1,0,0,1,0,1,5,9,6,7,11,3,6,4,4,3,2,5,-1,5,2,4,9,-2
2581,0,2,8,5,4,8,2,5,5,9,12,6,13,12,4,5,2,1,4,2,4,6,1,3,4,4,8,4,0,0,0,0,0,1,1,1,4,0,5,3,1,0,1,0,0,0,1,1,0,1,0,0,0,0,3,3,3,4,0,1,-1,8,9,2,9,4,0,0,-1,0,0,0,0,0,1,3,0,5,3,1,8,5,4,8,2,4,4,8,8,6,8,9,3,5,1,1,4,2,3,5,1,2,4,4,8,4,3,4,3,4,0,1,-1,7,6,2,4,1,-1,7,7,2,7,8,4,3,2,1,1,1,1,1,1,1,0,0,1,0,0,0,0,0,0,4,5,1,6,7,3,1,1,1,0,0,1,6,6,1,7,8,3,3,2,1,1,1,1,3,4,0,6,7,2
2581,1,1,15,10,4,10,12,10,12,9,19,16,21,26,11,4,6,12,6,5,6,4,3,12,14,6,15,13,3,2,0,0,4,1,2,1,4,5,6,5,6,0,0,1,0,0,0,0,0,1,1,0,1,1,11,4,-8,4,7,4,8,6,7,2,15,11,-2,3,2,-1,0,4,1,2,1,3,4,6,4,5,12,8,4,10,8,9,10,8,15,11,15,21,5,4,6,11,6,5,6,4,3,11,13,6,14,12,8,2,-7,4,3,3,6,5,4,-2,9,7,-7,9,8,13,14,14,16,5,10,12,8,8,8,2,1,1,2,1,4,0,0,0,1,3,1,4,-2,1,6,6,8,2,1,1,1,-2,3,7,7,12,12,13,12,5,10,12,7,5,7,2,-3,0,5,8,5
2581,1,2,13,12,11,8,12,11,12,10,7,11,16,27,19,6,6,9,5,7,11,10,6,11,10,7,15,11,0,0,2,1,0,2,3,4,0,0,6,13,7,1,0,0,1,0,1,0,0,0,0,0,0,0,7,6,2,3,5,0,2,4,-4,1,9,12,8,-1,0,2,0,0,1,3,4,0,0,6,13,7,13,12,9,7,12,9,9,6,7,11,10,14,12,5,6,9,4,7,10,10,6,11,10,7,15,11,8,6,0,3,5,-1,-1,0,-4,1,3,-1,1,9,10,8,12,4,12,9,7,10,4,4,10,1,0,2,2,1,1,0,0,0,0,0,0,0,3,-2,8,0,2,1,0,2,2,1,1,8,10,6,10,3,11,9,7,10,4,4,10,-1,3,-4,6,-1,1
2581,2,1,8,8,11,9,10,7,5,11,11,11,18,19,15,6,5,5,3,10,7,5,6,4,8,6,11,8,1,0,1,1,1,0,1,1,3,1,7,9,4,0,0,1,0,1,3,0,0,0,2,0,0,0,2,3,6,6,0,0,0,5,7,3,12,8,7,1,0,0,1,0,-3,1,1,3,-1,7,9,4,7,8,10,8,9,7,4,10,8,10,11,10,11,6,5,4,3,9,4,5,6,4,6,6,11,8,1,3,6,5,0,3,-1,4,4,4,5,-1,3,12,9,10,11,14,13,7,5,7,9,5,2,2,1,2,4,0,2,1,0,2,0,1,0,5,4,3,2,9,11,1,1,0,4,-1,2,10,8,8,7,14,11,6,5,5,9,4,2,4,3,3,-2,10,9
2581,2,2,8,6,7,2,7,11,6,12,9,13,12,18,13,9,8,5,8,11,3,3,6,8,4,8,10,14,0,2,2,0,0,1,0,3,3,4,7,7,2,0,2,1,0,0,0,0,1,0,0,0,0,0,-1,-2,2,-6,-4,8,3,6,1,9,4,8,-1,0,0,1,0,0,1,0,2,3,4,7,7,2,8,4,5,2,7,10,6,9,6,9,5,11,11,9,6,4,8,11,3,3,5,8,4,8,10,14,-1,-2,1,-6,-4,7,3,4,-2,5,-3,1,-3,12,4,9,15,7,8,5,4,3,9,9,4,2,1,3,2,1,1,0,1,0,0,0,1,7,0,6,6,-2,4,2,0,3,2,1,0,10,3,6,13,6,7,5,3,3,9,9,3,5,0,3,4,-3,4
2581,3,1,3,9,6,4,11,6,11,9,11,8,6,19,9,4,3,4,6,8,4,4,5,5,5,6,9,13,0,0,2,0,3,0,2,2,2,1,1,8,1,0,1,0,0,1,2,1,1,0,0,0,0,0,-1,6,2,-2,3,2,7,4,6,3,0,10,-4,0,-1,2,0,2,-2,1,1,2,1,1,8,1,3,9,4,4,8,6,9,7,9,7,5,11,8,4,2,4,6,7,2,3,4,5,5,6,9,13,-1,7,0,-2,1,4,6,3,4,2,-1,2,-5,14,7,6,15,4,13,13,3,7,4,2,6,6,2,2,3,0,3,0,0,0,0,0,0,1,4,-1,11,2,7,6,2,2,3,0,3,8,5,4,12,4,10,13,3,7,4,2,6,-5,2,-3,8,2,4
2581,3,2,6,10,7,6,8,8,6,6,11,12,15,21,3,4,8,6,8,8,7,4,4,10,9,7,16,7,1,1,2,0,0,0,2,3,3,2,5,9,0,0,3,1,2,2,1,0,0,1,2,0,0,0,2,2,1,-2,0,1,2,2,1,3,8,5,-4,1,-2,1,-2,-2,-1,2,3,2,0,5,9,0,5,9,5,6,8,8,4,3,8,10,10,12,3,4,5,5,6,6,6,4,4,9,7,7,16,7,1,4,0,0,2,2,0,-1,-1,3,3,-4,-4,7,11,7,4,8,7,7,4,5,4,9,4,1,2,1,2,1,0,0,0,0,1,1,0,0,7,2,0,-1,3,1,2,1,1,0,0,6,9,6,2,7,7,7,4,5,3,8,4,-1,5,1,-1,-1,3
2581,4,1,7,4,7,5,4,9,5,6,3,9,8,20,8,3,3,7,7,4,8,5,4,8,2,3,16,9,0,0,1,1,1,1,0,2,0,2,2,14,4,0,1,0,0,0,1,1,0,1,1,0,0,0,4,1,0,-2,0,1,0,2,-5,7,5,4,-1,0,-1,1,1,1,0,-1,2,-1,1,2,14,4,7,4,6,4,3,8,5,4,3,7,6,6,4,3,2,7,7,4,7,4,4,7,1,3,16,9,4,2,-1,-3,-1,1,1,0,-4,6,3,-10,-5,7,6,6,6,4,7,8,6,3,8,3,2,3,0,2,0,0,0,0,2,2,1,0,1,-1,0,3,-2,1,5,3,-2,0,-1,0,-1,4,6,4,6,4,7,8,4,1,7,3,1,-4,2,3,-1,1,6
2581,4,2,3,7,6,3,12,8,5,11,5,7,12,15,12,6,4,7,1,7,6,1,5,4,8,2,6,7,0,0,0,1,1,0,1,1,1,2,7,7,2,1,0,0,0,0,2,0,0,0,1,0,0,0,-3,3,-1,2,5,2,4,6,1,-1,10,9,5,-1,0,0,1,1,-2,1,1,1,1,7,7,2,3,7,6,2,11,8,4,10,4,5,5,8,10,5,4,7,1,7,4,1,5,4,7,2,6,7,-2,3,-1,1,4,4,3,5,0,-2,3,2,3,17,6,5,2,7,12,8,4,9,3,3,2,2,0,1,0,2,2,1,0,1,0,0,0,9,2,-4,-1,4,10,1,0,0,0,2,2,15,6,4,2,5,10,7,4,8,3,3,2,8,2,-4,-1,2,8
2581,5,1,6,7,8,5,7,4,9,9,8,6,21,14,11,2,5,5,3,6,3,6,5,4,3,8,13,4,0,1,1,1,1,1,1,3,0,3,11,9,2,0,0,0,0,2,0,1,0,1,0,1,0,0,4,2,3,2,1,1,3,4,4,3,13,1,7,0,1,1,1,-1,1,0,3,-1,3,10,9,2,6,6,7,4,6,3,8,6,8,3,10,5,9,2,5,5,3,4,3,5,5,3,3,7,13,4,4,1,2,1,2,0,3,1,5,0,3,-8,5,5,5,9,7,6,10,6,5,9,2,3,2,0,2,2,3,0,3,1,1,1,1,1,0,-1,0,0,5,3,8,-1,1,1,2,-1,3,5,3,7,4,6,7,5,4,8,1,2,2,0,-1,-1,3,4,5
2581,5,2,7,7,4,7,5,3,6,7,10,7,6,18,10,5,1,3,6,4,0,5,8,4,5,2,12,11,1,0,1,2,1,0,1,2,3,1,4,9,1,0,1,0,0,0,0,0,2,1,0,0,0,0,2,6,1,1,1,3,1,-1,6,2,4,6,-1,1,-1,1,2,1,0,1,0,2,1,4,9,1,6,7,3,5,4,3,5,5,7,6,2,9,9,5,0,3,6,4,0,5,6,3,5,2,12,11,1,7,0,-1,0,3,0,-1,4,1,0,-3,-2,10,7,7,5,4,7,5,6,7,5,6,4,1,0,0,3,0,1,1,0,1,1,0,1,5,1,0,0,-2,3,0,0,-1,2,0,0,9,7,7,2,4,6,4,6,6,4,6,3,5,1,1,-2,-2,3
2581,6,1,2,2,4,3,4,4,5,7,3,3,10,11,17,1,7,7,1,4,3,2,2,5,4,3,15,11,1,2,1,0,0,0,1,3,2,2,4,6,5,0,3,1,0,1,1,1,0,2,0,0,1,0,1,-5,-3,2,0,1,3,5,-2,-1,7,-4,6,1,-1,0,0,-1,-1,0,3,0,2,4,5,5,1,0,3,3,4,4,4,4,1,1,6,5,12,1,4,6,1,3,2,1,2,3,4,3,14,11,0,-4,-3,2,1,2,3,2,-2,-3,3,-9,1,7,5,6,2,4,7,8,5,6,4,5,3,2,2,1,0,1,2,0,1,0,0,0,1,-1,0,0,-2,-1,4,2,1,1,0,1,1,5,3,5,2,3,5,8,4,6,4,5,2,-3,-1,-1,-2,-2,3
2581,6,2,6,2,2,4,6,3,6,0,5,5,5,12,6,6,1,3,0,7,5,4,0,5,6,4,7,11,1,0,0,0,1,0,1,0,2,2,4,6,4,1,0,0,0,0,1,0,0,0,1,0,0,0,0,1,-1,4,-1,-2,2,0,0,-1,1,5,-5,0,0,0,0,1,-1,1,0,2,1,4,6,4,5,2,2,4,5,3,5,0,3,3,1,6,2,5,1,3,0,7,4,4,0,5,5,4,7,11,0,1,-1,4,-2,-1,1,0,-2,-2,-3,-1,-9,5,5,8,4,8,8,7,1,4,1,9,5,2,0,3,0,2,1,0,0,0,0,0,0,-2,4,4,3,-1,3,2,0,3,0,2,1,3,5,5,4,6,7,7,1,4,1,9,5,-4,4,1,3,-3,2
2581,7,1,8,6,5,3,1,4,7,5,9,7,6,15,4,2,2,2,3,3,9,3,2,5,2,5,11,6,1,0,2,0,0,0,1,1,1,2,0,7,1,0,2,0,0,0,1,0,0,0,0,0,1,0,6,4,3,0,-2,-5,4,3,4,5,1,4,-2,1,-2,2,0,0,-1,1,1,1,2,0,6,1,7,6,3,3,1,4,6,4,8,5,6,8,3,2,0,2,3,3,8,3,2,5,2,5,10,6,5,6,1,0,-2,-4,3,2,3,3,1,-2,-3,6,2,10,2,6,3,2,4,5,5,5,3,0,0,4,0,0,2,0,1,0,0,1,0,4,-2,5,-3,1,0,0,-1,4,0,-1,2,6,2,6,2,6,1,2,3,5,5,4,3,4,-1,1,-3,2,-2
2581,7,2,1,4,3,3,4,6,3,1,3,8,11,13,6,1,2,1,1,2,0,4,0,7,2,3,8,7,0,1,0,1,1,0,1,1,0,3,5,5,4,0,0,0,0,0,0,0,0,0,1,1,0,0,0,2,2,2,2,6,-1,1,-4,6,8,5,-1,0,1,0,1,1,0,1,1,0,2,4,5,4,1,3,3,2,3,6,2,0,3,5,6,8,2,1,2,1,1,2,0,4,0,7,1,2,8,7,0,1,2,1,1,6,-2,0,-4,4,4,0,-5,4,3,9,9,2,3,3,2,6,5,5,3,0,0,3,2,1,2,0,0,1,1,0,1,1,1,3,4,-3,0,0,0,2,1,1,1,4,3,6,7,1,1,3,2,5,4,5,2,1,1,1,3,-4,-1
2581,8,1,2,2,3,2,7,3,4,4,3,8,7,12,5,3,2,2,2,3,0,5,3,3,3,3,6,7,1,1,2,1,1,0,0,1,1,3,7,3,1,0,0,0,0,0,0,0,1,0,0,0,2,0,-1,0,1,0,4,3,-1,1,0,5,4,6,-2,1,1,2,1,1,0,0,0,1,3,7,1,1,1,1,1,1,6,3,4,3,2,5,0,9,4,3,2,2,2,3,0,5,2,3,3,3,4,7,-2,-1,-1,-1,3,3,-1,1,-1,2,-3,5,-3,10,2,7,4,3,9,3,1,5,3,3,4,5,0,1,1,0,2,0,0,0,0,0,0,7,1,2,1,0,5,5,0,1,1,0,2,5,2,6,3,3,7,3,1,5,3,3,4,2,1,1,0,0,3
2581,8,2,6,2,6,3,5,2,4,5,5,5,8,12,9,4,3,4,3,1,2,4,0,1,4,3,9,7,1,1,1,0,2,1,1,2,1,1,4,8,5,0,0,0,0,0,0,0,0,1,1,0,0,0,2,-1,2,0,4,0,0,5,4,1,5,3,2,1,1,1,0,2,1,1,2,0,0,4,8,5,5,1,5,3,3,1,3,3,4,4,4,4,4,4,3,4,3,1,2,4,0,0,3,3,9,7,1,-2,1,0,2,-1,-1,3,4,1,1,-5,-3,5,6,8,5,7,1,4,4,2,3,5,0,0,2,2,1,1,0,1,0,0,1,0,0,1,2,6,2,2,1,-1,2,2,0,1,0,5,4,6,4,6,1,3,4,2,2,5,0,2,0,4,2,1,1
2581,9,1,3,5,4,1,3,3,3,2,4,5,4,7,4,1,2,4,4,2,4,1,3,6,4,3,3,7,0,2,1,0,1,0,0,1,2,1,0,3,2,0,0,0,0,0,1,0,0,0,1,0,0,0,2,3,0,-3,1,-1,2,-1,-2,1,1,4,-3,0,2,1,0,1,-1,0,1,2,0,0,3,2,3,3,3,1,2,3,3,1,2,4,4,4,2,1,2,4,4,2,3,1,3,6,3,3,3,7,2,1,-1,-3,0,0,2,-2,-4,1,1,1,-5,9,5,3,8,5,5,3,0,5,4,2,0,3,1,1,2,0,1,0,0,1,0,0,0,6,5,-2,4,3,5,3,1,0,2,0,1,6,4,2,6,5,4,3,0,4,4,2,0,3,4,-2,2,3,4
2581,9,2,4,3,5,1,3,5,2,4,6,8,6,9,7,0,1,2,3,2,4,1,0,6,3,1,5,3,1,0,1,0,0,2,0,2,1,2,2,7,5,0,0,0,0,0,1,0,0,1,1,0,0,0,4,2,3,-2,1,1,1,4,0,5,5,4,4,1,0,1,0,0,1,0,2,0,1,2,7,5,3,3,4,1,3,3,2,2,5,6,4,2,2,0,1,2,3,2,3,1,0,5,2,1,5,3,3,2,2,-2,1,0,1,2,0,4,3,-3,-1,7,7,4,4,3,5,1,1,3,5,1,5,3,4,1,1,0,2,0,0,0,1,0,1,6,6,1,-1,2,0,3,4,1,0,0,1,4,3,3,3,3,3,1,1,3,4,1,4,3,2,0,-1,2,-1
2581,10,1,8,3,5,2,5,4,2,5,4,4,9,9,3,3,1,5,2,4,3,2,3,1,6,4,3,6,0,2,0,0,0,1,0,3,2,1,6,4,2,0,0,1,0,0,0,0,1,0,1,0,0,0,5,2,0,0,1,1,0,2,3,-2,5,6,-3,0,2,-1,0,0,1,0,2,2,0,6,4,2,8,1,5,2,5,3,2,2,2,3,3,5,1,3,1,4,2,4,3,2,2,1,5,4,3,6,5,0,1,0,1,0,0,0,1,-2,-1,2,-5,5,3,4,4,1,6,1,2,6,3,4,2,3,2,1,0,0,3,0,0,1,0,0,0,4,1,-2,1,-3,4,3,2,0,0,0,3,2,1,3,4,1,3,1,2,5,3,4,2,1,-1,-2,1,-3,1
2581,10,2,5,1,3,2,1,2,4,3,4,5,5,10,3,3,1,4,2,1,1,2,2,5,1,4,10,5,0,0,0,0,0,0,2,1,0,2,2,6,3,0,0,0,0,0,0,0,1,0,0,0,0,0,2,0,-1,0,0,1,2,1,-1,4,1,0,-2,0,0,0,0,0,0,2,0,0,2,2,6,3,5,1,3,2,1,2,2,2,4,3,3,4,0,3,1,4,2,1,1,2,1,5,1,4,10,5,2,0,-1,0,0,1,0,1,-1,2,-1,-6,-5,8,6,2,3,4,4,4,1,3,0,4,2,2,2,2,1,1,1,1,0,1,0,0,0,4,5,-1,3,0,2,1,2,1,1,1,1,6,4,0,2,3,3,3,1,2,0,4,2,3,3,-2,2,-1,1
2581,11,1,3,5,1,5,4,5,5,6,7,7,11,12,9,4,4,3,5,4,2,1,1,5,4,3,9,8,0,0,0,3,0,0,2,2,3,2,3,11,5,0,1,0,0,0,0,1,0,0,1,0,1,0,-1,1,-2,0,0,3,4,5,2,3,8,3,1,0,-1,0,3,0,0,1,2,3,1,3,10,5,3,5,1,2,4,5,3,4,4,5,8,1,4,4,3,3,5,4,2,0,1,5,3,3,8,8,-1,2,-2,-3,0,3,3,3,-1,2,5,-7,-4,10,5,7,1,6,2,6,4,4,3,6,2,3,2,2,1,1,1,0,0,1,0,1,0,4,1,3,-2,0,0,3,2,1,1,0,1,7,3,5,0,5,1,6,4,3,3,5,2,1,-1,2,-3,0,-1
2581,11,2,4,3,1,3,2,5,2,3,5,7,4,2,7,7,0,2,3,4,2,2,3,0,3,4,5,8,0,0,1,0,0,1,0,0,1,3,3,1,5,0,0,0,0,0,0,0,0,0,0,0,0,0,-3,3,-1,0,-2,3,0,0,5,4,0,-3,-1,0,0,1,0,0,1,0,0,1,3,3,1,5,4,3,0,3,2,4,2,3,4,4,1,1,2,7,0,2,3,4,2,2,3,0,3,4,5,8,-3,3,-2,0,-2,2,0,0,4,1,-3,-4,-6,3,5,2,5,5,4,2,4,3,3,3,2,2,2,1,3,2,2,0,0,0,0,0,0,1,1,-1,2,2,2,2,2,1,3,2,2,1,3,1,2,3,2,2,4,3,3,3,2,-1,-1,-2,-1,0,0
2581,12,1,3,0,3,1,5,4,4,4,5,4,8,11,8,1,3,5,4,1,0,7,1,2,4,2,3,14,0,0,1,0,1,0,2,1,2,1,5,2,4,1,0,1,0,0,0,0,0,0,0,1,0,0,2,-3,-2,-3,4,4,-3,3,3,0,6,8,-6,-1,0,0,0,1,0,2,1,2,1,4,2,4,3,0,2,1,4,4,2,3,3,3,3,9,4,0,3,4,4,1,0,7,1,2,4,1,3,14,3,-3,-2,-3,3,4,-5,2,1,-1,2,6,-10,7,7,8,6,5,3,8,5,6,4,3,4,2,2,5,0,1,1,0,0,2,0,1,1,-1,2,2,2,2,-1,2,2,3,0,0,0,5,5,3,6,4,2,8,5,4,4,2,3,-3,0,-1,2,2,-1
2581,12,2,11,7,9,2,3,5,6,3,1,0,2,8,3,4,4,8,3,2,3,2,4,1,1,5,5,2,2,1,0,0,1,2,3,1,0,0,0,5,2,0,0,1,1,0,0,0,1,0,0,0,0,0,7,3,1,-1,1,2,4,-1,0,-1,-3,3,1,2,1,-1,-1,1,2,3,0,0,0,0,5,2,9,6,9,2,2,3,3,2,1,0,2,3,1,4,4,7,2,2,3,2,3,1,1,5,5,2,5,2,2,0,0,0,1,-1,0,-1,-3,-2,-1,7,4,7,2,6,4,4,3,6,1,4,3,0,0,0,1,1,2,0,0,0,0,2,0,3,1,1,1,2,1,0,0,0,1,-1,2,7,4,7,1,5,2,4,3,6,1,2,3,3,1,1,0,3,-1
2581,13,1,5,2,1,5,4,3,2,6,4,8,7,5,5,3,2,2,3,3,4,1,4,2,2,6,7,6,0,0,0,0,0,0,0,2,2,6,2,5,3,0,0,0,0,0,0,0,0,0,0,1,0,0,2,0,-1,2,1,-1,1,2,2,6,1,-2,-1,0,0,0,0,0,0,0,2,2,6,1,5,3,5,2,1,5,4,3,2,4,2,2,5,0,2,3,2,2,3,3,4,1,4,2,2,5,7,6,2,0,-1,2,1,-1,1,0,0,0,0,-7,-4,8,1,9,2,7,6,6,2,8,2,4,4,2,1,3,0,1,2,0,0,1,0,1,2,2,-1,1,0,3,2,2,1,2,0,0,0,6,0,6,2,6,4,6,2,7,2,3,2,0,-2,-1,0,3,2
2581,13,2,4,1,5,5,3,7,4,5,4,4,6,8,6,3,1,4,5,2,3,3,2,1,6,3,4,6,1,0,0,1,0,1,0,0,1,0,2,5,2,0,0,1,0,0,0,1,1,0,0,0,1,0,1,0,1,0,1,4,1,3,3,-2,3,4,0,1,0,-1,1,0,1,-1,-1,1,0,2,4,2,3,1,5,4,3,6,4,5,3,4,4,3,4,3,1,3,5,2,3,2,1,1,6,3,3,6,0,0,2,-1,1,3,2,4,2,-2,1,0,-2,5,3,6,5,6,5,1,2,3,5,5,3,2,3,1,1,0,1,0,0,0,0,1,0,4,1,3,0,1,2,2,3,1,1,-1,1,3,0,5,4,6,4,1,2,3,5,4,3,2,-2,2,-1,2,1
2581,14,1,5,4,7,3,6,6,5,3,4,3,11,10,8,3,3,7,1,5,3,4,5,3,3,5,8,7,0,0,1,1,3,1,1,1,2,0,6,7,5,0,0,2,0,0,0,0,0,0,0,0,1,0,2,1,0,2,1,3,1,-2,1,0,6,2,1,0,0,-1,1,3,1,1,1,2,0,6,6,5,5,4,6,2,3,5,4,2,2,3,5,3,3,3,3,5,1,5,3,4,5,3,3,5,7,7,2,1,1,1,-2,2,0,-3,-1,0,0,-4,-4,8,4,7,6,5,4,2,3,2,4,3,4,4,0,0,0,0,1,0,0,0,0,0,1,6,1,5,2,2,0,4,0,0,0,0,0,4,4,7,6,5,3,2,3,2,4,3,3,2,1,5,2,2,0
2581,14,2,9,1,2,5,7,4,2,2,5,6,5,3,4,7,3,3,3,0,3,4,3,2,1,5,3,7,1,1,0,0,3,1,0,1,1,2,3,1,2,0,0,0,0,0,0,0,0,0,0,0,0,0,2,-2,-1,2,7,1,-2,-1,3,5,0,0,-3,1,1,0,0,3,1,0,1,1,2,3,1,2,8,0,2,5,4,3,2,1,4,4,2,2,2,7,3,3,3,0,3,4,3,2,1,5,3,7,1,-3,-1,2,4,0,-2,-2,2,3,-3,-1,-5,7,6,5,5,5,8,7,7,6,4,2,5,2,1,1,2,1,1,0,0,1,0,1,1,0,-1,-1,1,3,3,2,1,0,2,0,0,5,5,4,3,4,7,7,7,5,4,1,4,-2,-2,-1,-1,3,3
2581,15,1,1,7,8,1,0,7,5,7,4,2,6,11,5,4,7,6,0,2,3,6,5,1,3,0,9,4,0,2,0,0,0,1,1,3,1,2,2,7,4,0,0,1,0,0,0,0,0,0,1,0,1,0,-3,0,2,1,-2,4,-1,2,3,-1,6,2,1,0,2,-1,0,0,1,1,3,1,1,2,6,4,1,5,8,1,0,6,4,4,3,0,4,4,1,4,7,5,0,2,3,6,5,1,2,0,8,4,-3,-2,3,1,-2,3,-2,-1,2,-2,4,-4,-3,8,8,4,1,6,6,5,7,5,2,3,3,3,5,0,0,1,4,0,1,1,0,0,0,3,1,-1,-1,3,3,3,4,-1,0,1,4,5,3,4,1,5,2,5,6,4,2,3,3,0,-3,0,-1,2,-1
2581,15,2,6,3,2,6,1,9,4,4,1,6,8,13,5,7,4,4,4,2,6,2,1,2,3,6,4,3,1,0,0,0,0,1,0,2,0,2,5,4,1,0,0,0,0,1,0,0,0,1,0,0,0,0,-1,-1,-2,2,-1,3,2,3,-1,3,2,9,2,1,0,0,0,-1,1,0,2,-1,2,5,4,1,5,3,2,6,1,8,4,2,1,4,3,9,4,7,4,4,4,1,6,2,1,1,3,6,4,3,-2,-1,-2,2,0,2,2,1,0,1,-3,5,1,13,2,7,5,3,5,6,1,3,4,2,3,3,0,4,1,0,2,0,0,0,0,0,1,7,1,4,1,1,2,3,0,4,1,0,1,10,2,3,4,3,3,6,1,3,4,2,2,4,1,0,0,1,1
2581,16,1,3,8,5,5,8,4,11,9,8,8,9,14,8,11,6,9,5,7,5,6,10,8,4,3,7,9,1,0,1,0,5,0,4,3,2,1,5,9,4,0,0,0,0,0,0,0,0,0,0,0,0,0,-8,2,-4,0,1,-1,5,-1,0,4,6,7,-1,1,0,1,0,5,0,4,3,2,1,5,9,4,2,8,4,5,3,4,7,6,6,7,4,5,4,11,6,9,5,7,5,6,10,8,4,3,7,9,-9,2,-5,0,-4,-1,1,-4,-2,3,1,-2,-5,16,9,12,9,9,6,5,6,4,5,5,8,3,7,4,1,4,2,0,0,2,0,0,0,11,3,8,4,4,-2,3,7,2,1,4,2,13,2,8,8,5,4,5,6,2,5,5,8,8,-4,6,3,0,-4
2581,16,2,10,7,4,4,7,3,6,7,6,18,13,4,10,7,3,9,6,5,6,7,6,5,5,11,9,10,1,0,0,0,1,0,1,1,4,6,4,1,3,0,0,1,0,0,0,0,0,0,0,0,0,0,3,4,-5,-2,2,-3,-1,1,1,13,2,-5,0,1,0,-1,0,1,0,1,1,4,6,4,1,3,9,7,4,4,6,3,5,6,2,12,9,3,7,7,3,8,6,5,6,7,6,5,5,11,9,10,2,4,-4,-2,1,-3,-2,0,-3,7,-2,-6,-3,6,6,6,5,4,9,4,5,4,9,3,5,2,1,0,1,1,3,0,0,0,0,0,0,2,1,2,-4,1,4,2,1,0,1,1,3,4,5,6,4,3,6,4,5,4,9,3,5,0,0,2,-5,0,1
2581,17,1,8,7,2,10,9,9,8,11,10,11,16,17,9,3,8,10,7,7,1,5,6,3,5,5,13,4,1,0,1,5,5,4,2,4,6,6,7,11,4,0,0,0,0,0,0,0,0,0,0,0,0,0,5,-1,-8,3,2,8,3,5,7,6,11,4,5,1,0,1,5,5,4,2,4,6,6,7,11,4,7,7,1,5,4,5,6,7,4,5,9,6,5,3,8,10,7,7,1,5,6,3,5,5,13,4,4,-1,-9,-2,-3,4,1,1,1,0,4,-7,1,10,7,8,9,4,8,1,3,6,3,2,1,8,4,5,3,1,4,0,0,0,0,0,0,9,4,2,6,2,7,8,4,5,3,1,4,2,3,3,6,3,4,1,3,6,3,2,1,1,0,-3,3,1,3
2581,17,2,4,5,4,8,4,3,6,5,11,3,7,9,10,9,5,9,4,0,2,6,6,4,5,3,6,4,0,0,1,2,1,0,0,2,3,0,6,3,7,0,0,0,0,0,0,0,0,0,1,0,0,0,-5,0,-5,4,4,1,0,-1,7,-2,4,3,6,0,0,1,2,1,0,0,2,3,-1,6,3,7,4,5,3,6,3,3,6,3,8,3,1,6,3,9,5,9,4,0,2,6,6,4,4,3,6,4,-5,0,-6,2,3,1,0,-3,4,-1,-2,0,-1,3,7,3,4,6,9,0,2,1,2,6,4,0,3,2,1,2,1,0,0,0,0,1,0,3,5,2,2,0,5,0,3,2,1,1,1,3,4,1,3,4,8,0,2,1,2,5,4,3,2,0,1,-1,4
2581,18,1,6,4,7,8,13,4,7,5,11,10,13,41,13,6,6,7,5,5,10,5,3,5,6,9,15,6,1,0,0,2,3,0,1,1,4,3,8,33,7,0,0,0,0,0,0,0,0,0,0,1,0,0,0,-2,0,3,8,-6,2,2,6,4,4,26,7,1,0,0,2,3,0,1,1,4,3,7,33,7,5,4,7,6,10,4,6,4,7,7,5,8,6,6,6,7,5,5,10,5,3,5,6,8,15,6,-1,-2,0,1,5,-6,1,1,2,1,-3,-7,0,7,5,7,1,7,6,5,1,7,1,6,6,3,1,2,1,4,1,0,0,0,0,0,1,2,4,0,0,1,0,3,1,2,1,4,0,4,4,5,0,3,5,5,1,7,1,6,5,-1,3,-2,-1,-3,0
2581,18,2,11,9,11,8,8,10,9,14,8,10,7,19,18,9,11,9,7,5,6,5,4,3,11,6,10,16,2,0,1,2,0,0,2,1,4,2,3,8,9,0,1,0,0,0,0,0,0,0,0,0,1,0,2,-2,2,1,3,4,4,10,5,-1,1,9,2,2,-1,1,2,0,0,2,1,4,2,3,7,9,9,9,10,6,8,10,7,13,4,8,4,11,9,9,10,9,7,5,6,5,4,3,11,6,9,16,0,-1,1,-1,3,4,2,9,1,-3,-2,2,-7,9,6,5,8,5,9,3,4,5,7,5,6,1,0,0,2,1,3,0,0,0,0,1,0,6,2,0,1,0,3,1,0,0,2,0,3,8,6,5,6,4,6,3,4,5,7,4,6,5,2,0,-1,0,0
2581,19,1,21,20,24,27,21,19,28,23,22,14,21,36,35,18,14,26,16,26,22,24,25,19,18,28,30,32,0,2,3,0,3,3,1,0,0,1,5,13,20,0,0,0,0,0,0,0,0,0,1,0,0,0,3,6,-2,11,-5,-3,4,-2,3,-4,-7,6,3,0,2,3,0,3,3,1,0,0,0,5,13,20,21,18,21,27,18,16,27,23,22,13,16,23,15,18,14,26,16,26,22,24,25,19,17,28,30,32,3,4,-5,11,-8,-6,3,-2,3,-4,-12,-7,-17,24,21,14,17,16,23,27,35,17,26,24,31,7,0,0,1,0,1,1,1,0,1,2,0,-3,-14,-3,-9,-8,-8,6,-1,0,0,-2,1,17,21,14,16,16,22,26,34,17,25,22,31,-9,-13,-3,-9,-6,-9
2581,19,2,49,26,38,39,45,33,38,30,21,26,35,31,34,45,39,38,48,46,33,42,35,27,27,29,20,33,3,1,1,1,2,1,0,1,0,2,6,6,3,2,0,1,2,1,1,0,0,0,0,0,0,0,4,-13,0,-9,-1,0,-4,-5,-6,-1,6,11,1,1,1,0,-1,1,0,0,1,0,2,6,6,3,46,25,37,38,43,32,38,29,21,24,29,25,31,43,39,37,46,45,32,42,35,27,27,29,20,33,3,-14,0,-8,-2,0,-4,-6,-6,-3,0,5,-2,26,28,30,32,15,25,28,36,38,36,41,30,0,1,2,1,2,3,0,0,0,0,2,1,-2,-8,-8,-4,-26,-5,0,1,2,1,0,2,26,27,28,31,13,22,28,36,38,36,39,29,-2,-9,-10,-5,-26,-7
2581,20,1,44,38,40,46,51,37,34,35,44,22,42,45,38,33,54,25,54,32,42,33,32,26,29,33,35,34,2,4,1,0,0,0,3,0,4,2,8,20,9,0,5,1,1,0,0,0,0,0,1,0,0,1,11,-16,15,-8,19,-5,1,3,18,-7,9,10,4,2,-1,0,-1,0,0,3,0,4,1,8,20,8,42,34,39,46,51,37,31,35,40,20,34,25,29,33,49,24,53,32,42,33,32,26,28,33,35,33,9,-15,15,-7,19,-5,-2,3,14,-8,1,-10,-4,43,27,25,28,20,31,50,46,34,36,34,35,23,2,2,1,1,6,0,0,1,0,0,1,-7,-19,-9,-8,-14,-4,23,2,1,1,1,5,20,25,23,27,19,25,50,46,33,36,34,34,-30,-21,-10,-9,-15,-9
2581,20,2,57,63,52,50,49,35,55,53,50,42,38,36,23,69,67,60,64,58,65,51,43,43,35,39,29,35,1,5,3,1,0,1,3,1,1,5,4,8,5,2,0,1,5,1,0,1,0,1,1,1,0,1,-12,-4,-8,-14,-9,-30,4,10,7,7,-1,7,-12,-1,5,2,-4,-1,1,2,1,0,4,3,8,4,56,58,49,49,49,34,52,52,49,37,34,28,18,67,67,59,59,57,65,50,43,42,34,38,29,34,-11,-9,-10,-10,-8,-31,2,9,7,3,-4,-1,-16,26,26,47,32,41,42,31,73,65,51,52,46,1,2,1,0,2,6,1,1,2,0,0,0,-5,-47,-18,-19,-11,-4,0,1,-1,0,2,6,25,24,46,32,39,36,30,72,63,51,52,46,-5,-48,-17,-19,-13,-10
2581,21,1,44,44,41,46,54,43,53,48,44,35,38,57,35,48,44,43,57,55,46,30,40,31,43,25,49,35,2,1,3,2,1,2,2,0,2,1,6,16,5,2,3,1,2,0,0,2,1,0,0,0,0,0,-4,0,-2,-11,-1,-3,23,8,13,-8,13,8,0,0,-2,2,0,1,2,0,-1,2,1,6,16,5,42,43,38,44,53,41,51,48,42,34,32,41,30,46,41,42,55,55,46,28,39,31,43,25,49,35,-4,2,-4,-11,-2,-5,23,9,11,-9,7,-8,-5,28,40,30,22,26,27,31,42,36,35,43,39,7,0,1,0,2,3,0,0,0,0,1,1,-3,-2,-6,-13,-17,-12,7,0,1,0,1,2,21,40,29,22,24,24,31,42,36,35,42,38,-10,-2,-7,-13,-18,-14
2581,21,2,43,26,51,47,67,49,58,40,47,48,43,38,32,52,51,57,56,64,59,62,43,56,51,35,38,46,1,2,1,2,6,4,1,0,1,2,2,6,4,0,0,2,3,2,4,2,1,5,2,0,1,1,-9,-25,-6,-9,3,-10,-4,-3,-9,-3,8,0,-14,1,2,-1,-1,4,0,-1,-1,-4,0,2,5,3,42,24,50,45,61,45,57,40,46,46,41,32,28,52,51,55,53,62,55,60,42,51,49,35,37,45,-10,-27,-5,-8,-1,-10,-3,-2,-5,-3,6,-5,-17,17,31,39,39,36,31,37,46,52,54,39,47,2,0,1,6,1,2,1,1,1,2,1,1,-20,-15,-13,-15,-3,-16,1,-1,0,4,0,1,15,31,38,33,35,29,36,45,51,52,38,46,-21,-14,-13,-19,-3,-17
2581,22,1,40,46,32,39,36,48,50,44,35,34,33,39,34,47,35,42,33,47,45,53,48,33,49,42,38,52,1,2,2,4,1,2,1,5,2,5,2,9,3,1,2,2,1,1,0,0,2,1,1,0,0,1,-7,11,-10,6,-11,3,-3,-4,2,-15,-9,1,-18,0,0,0,3,0,2,1,3,1,4,2,9,2,39,44,30,35,35,46,49,39,33,29,31,30,31,46,33,40,32,46,45,53,46,32,48,42,38,51,-7,11,-10,3,-11,1,-4,-7,1,-19,-11,-8,-20,38,27,30,32,38,42,42,40,39,37,26,46,2,0,0,2,1,3,0,1,1,1,0,4,-4,-13,-9,-5,12,-4,2,-1,-1,1,1,-1,36,27,30,30,37,39,42,39,38,36,26,42,-6,-12,-8,-6,11,-3
2581,22,2,39,32,40,38,46,49,42,46,48,43,31,25,24,44,54,55,45,45,60,59,43,39,58,56,43,54,2,1,4,2,1,2,1,4,1,2,4,5,1,0,0,0,2,1,4,1,4,0,2,0,0,0,-5,-22,-15,-7,1,-11,-17,3,9,-15,-25,-18,-30,2,1,4,0,0,-2,0,0,1,0,4,5,1,37,31,36,36,45,47,41,42,47,41,27,20,23,44,54,55,43,44,56,58,39,39,56,56,43,54,-7,-23,-19,-7,1,-9,-17,3,8,-15,-29,-23,-31,38,40,38,38,19,31,30,27,48,42,33,36,4,1,2,2,1,2,3,1,0,0,1,2,8,13,-10,-4,-14,-5,1,0,2,2,0,0,34,39,36,36,18,29,27,26,48,42,32,34,7,13,-12,-6,-14,-5
2581,23,1,37,30,32,39,41,26,41,39,45,42,38,48,34,46,46,50,54,52,27,40,40,48,48,42,50,41,5,6,2,5,2,2,1,1,2,3,7,12,6,2,0,1,2,5,2,2,0,1,1,0,1,0,-9,-16,-18,-15,-11,-1,1,-1,-3,-6,-4,-2,-7,3,6,1,3,-3,0,-1,1,1,2,7,11,6,32,24,30,34,39,24,40,38,43,39,31,36,28,44,46,49,52,47,25,38,40,47,47,42,49,41,-12,-22,-19,-18,-8,-1,2,-2,-4,-8,-11,-13,-13,29,23,36,34,27,24,33,28,31,38,29,34,5,1,0,2,1,1,0,2,1,0,3,2,-4,-5,5,-4,-2,-10,5,-1,-1,2,-2,-1,24,22,36,32,26,23,33,26,30,38,26,32,-9,-4,6,-6,0,-9
2581,23,2,40,42,45,46,45,44,54,49,39,38,39,41,29,43,48,43,39,57,56,61,48,41,49,49,39,44,6,1,2,1,2,0,6,1,0,2,5,1,3,0,0,3,2,1,3,0,0,1,1,1,1,1,-3,-6,2,7,-12,-12,-7,1,-2,-11,-10,2,-15,6,1,-1,-1,1,-3,6,1,-1,1,4,0,2,34,41,43,45,43,44,48,48,39,36,34,40,26,43,48,40,37,56,53,61,48,40,48,48,38,43,-9,-7,3,8,-13,-9,-13,0,-1,-12,-14,2,-17,32,26,31,31,44,27,34,27,34,29,35,19,2,4,1,1,4,2,0,1,2,1,0,2,-2,-1,-3,2,9,8,2,3,-1,0,4,0,30,22,30,30,40,25,34,26,32,28,35,17,-4,-4,-2,2,5,8
2581,24,1,37,42,40,31,45,35,29,49,39,29,35,46,36,41,32,39,49,42,40,42,42,50,51,36,50,32,5,3,4,2,2,2,4,5,2,3,7,11,1,2,2,1,2,0,4,0,1,3,2,0,1,0,-4,10,1,-18,3,-5,-13,7,-11,-22,-1,-4,4,3,1,3,0,2,-2,4,4,-1,1,7,10,1,32,39,36,29,43,33,25,44,37,26,28,35,35,39,30,38,47,42,36,42,41,47,49,36,49,32,-7,9,-2,-18,1,-3,-17,3,-10,-23,-8,-14,3,31,30,38,35,35,28,40,40,38,31,40,32,2,3,2,0,1,2,1,1,0,0,0,0,-9,-10,0,4,-5,-4,1,2,2,0,1,2,29,27,36,35,34,26,39,39,38,31,40,32,-10,-12,-2,4,-6,-6
2581,24,2,29,29,38,32,41,40,43,44,34,43,37,38,33,39,37,44,31,47,45,47,43,33,51,50,47,43,3,0,2,1,3,3,2,2,1,7,9,5,7,1,1,0,2,2,3,1,1,2,0,3,2,0,-10,-8,-6,1,-6,-5,-4,1,1,-8,-13,-9,-10,2,-1,2,-1,1,0,1,1,-1,7,6,3,7,26,29,36,31,38,37,41,42,33,36,28,33,26,38,36,44,29,45,42,46,42,31,51,47,45,43,-12,-7,-8,2,-7,-5,-5,0,2,-15,-19,-12,-17,31,29,29,20,33,27,32,47,37,31,35,23,1,1,0,1,4,1,0,1,0,1,1,0,-1,-18,-8,-11,-2,4,1,0,0,0,3,1,30,28,29,19,29,26,32,46,37,30,34,23,-2,-18,-8,-11,-5,3
2581,25,1,31,38,19,35,37,22,35,29,34,40,31,49,38,40,28,37,36,53,41,36,28,40,48,40,49,43,3,3,0,4,5,2,5,4,4,3,3,13,4,3,2,1,3,4,4,2,0,1,0,0,0,2,-9,10,-18,-1,-16,-19,-1,1,-6,-8,-9,0,-5,0,1,-1,1,1,-2,3,4,3,3,3,13,2,28,35,19,31,32,20,30,25,30,37,28,36,34,37,26,36,33,49,37,34,28,39,48,40,49,41,-9,9,-17,-2,-17,-17,-4,-3,-9,-11,-12,-13,-7,30,18,21,26,25,37,35,22,33,21,39,36,5,0,2,2,1,1,1,0,0,1,1,2,-5,-4,-12,5,-14,1,4,0,2,1,0,-1,25,18,19,24,24,36,34,22,33,20,38,34,-9,-4,-14,4,-14,2
2581,25,2,32,36,28,33,32,29,41,26,35,29,34,40,30,35,29,32,39,41,38,36,23,30,39,36,33,27,2,4,2,2,2,3,4,1,3,2,2,7,3,0,1,1,2,6,3,3,2,2,2,1,1,1,-3,7,-4,-6,-9,-9,5,3,5,-10,-2,7,3,2,3,1,0,-4,0,1,-1,1,0,1,6,2,30,32,26,31,30,26,37,25,32,27,32,33,27,35,28,31,37,35,35,33,21,28,37,35,32,26,-5,4,-5,-6,-5,-9,4,4,4,-10,-3,1,1,34,29,25,33,19,28,38,30,25,27,30,34,3,3,1,4,3,6,0,3,0,1,0,1,-4,-1,0,6,-11,-6,3,0,1,3,3,5,31,26,24,29,16,22,38,27,25,26,30,33,-7,-1,-1,3,-14,-11
2581,26,1,36,26,21,23,29,30,29,45,31,32,46,42,33,25,22,37,16,28,24,21,24,27,35,33,39,50,7,0,3,3,2,2,2,2,4,2,9,9,3,3,0,5,1,0,3,3,3,0,1,0,1,2,11,4,-16,7,1,6,8,21,4,-3,13,3,-17,4,0,-2,2,2,-1,-1,-1,4,1,9,8,1,29,26,18,20,27,28,27,43,27,30,37,33,30,22,22,32,15,28,21,18,21,27,34,33,38,48,7,4,-14,5,-1,7,9,22,0,-4,4,-5,-18,35,31,28,28,25,24,31,29,24,24,25,23,2,3,1,1,2,3,0,3,1,1,3,0,4,2,4,4,0,1,2,0,0,0,-1,3,33,28,27,27,23,21,31,26,23,23,22,23,2,2,4,4,1,-2
2581,26,2,30,28,30,20,18,27,26,37,33,33,46,32,26,37,21,37,18,22,28,33,34,30,33,32,49,28,1,1,6,1,1,1,0,4,5,2,7,9,5,0,2,1,0,2,2,3,3,0,1,2,1,2,-7,7,-7,2,-4,-1,-7,3,3,0,14,-17,-2,1,-1,5,1,-1,-1,-3,1,5,1,5,8,3,29,27,24,19,17,26,26,33,28,31,39,23,21,37,19,36,18,20,26,30,31,30,32,30,48,26,-8,8,-12,1,-3,0,-4,2,-2,-1,9,-25,-5,37,24,27,28,22,21,33,28,24,20,22,11,10,2,4,4,3,1,2,0,2,0,2,1,4,-4,3,8,0,10,8,2,2,4,1,0,27,22,23,24,19,20,31,28,22,20,20,10,-4,-6,1,4,-1,10
2581,27,1,29,19,16,21,14,26,28,22,28,24,38,34,37,29,47,27,20,35,30,33,27,33,29,32,43,40,2,2,2,2,1,5,5,3,4,5,11,8,13,3,3,4,1,0,7,0,1,1,2,1,2,2,0,-28,-11,1,-21,-4,-5,-5,-5,-5,6,-9,-3,-1,-1,-2,1,1,-2,5,2,3,3,10,6,11,27,17,14,19,13,21,23,19,24,19,27,26,24,26,44,23,19,35,23,33,26,32,27,31,41,38,1,-27,-9,0,-22,-2,-10,-7,-8,-8,-4,-15,-14,23,29,25,24,19,17,27,28,36,23,29,26,6,2,1,2,0,1,2,2,1,1,1,2,-4,1,-11,1,-10,-9,4,0,0,1,-1,-1,17,27,24,22,19,16,25,26,35,22,28,24,-8,1,-11,0,-9,-8
2581,27,2,26,18,21,18,25,27,19,21,22,24,27,36,26,30,23,23,22,18,22,23,25,25,27,30,30,24,1,3,1,3,3,4,4,1,1,2,5,9,3,1,1,3,3,0,0,0,1,1,1,2,1,1,-4,-5,-2,-4,7,5,-4,-4,-3,-3,-3,6,2,0,2,-2,0,3,4,4,0,0,1,3,8,2,25,15,20,15,22,23,15,20,21,22,22,27,23,29,22,20,19,18,22,23,24,24,26,28,29,23,-4,-7,0,-4,4,1,-8,-4,-3,-4,-6,-2,0,25,29,23,22,34,26,20,25,21,23,10,16,2,1,2,2,3,3,0,1,0,2,1,1,5,4,2,-1,24,10,2,0,2,0,2,2,23,28,21,20,31,23,20,24,21,21,9,15,3,4,0,-1,22,8
2581,28,1,27,22,23,22,18,20,28,25,30,23,33,23,33,28,20,18,24,24,15,20,33,17,25,29,35,28,4,4,3,2,3,1,3,3,5,4,8,7,5,2,3,1,3,1,5,1,3,0,3,5,2,1,-1,2,5,-2,-6,5,8,-8,13,-2,4,-12,5,2,1,2,-1,2,-4,2,0,5,1,3,5,4,23,18,20,20,15,19,25,22,25,19,25,16,28,26,17,17,21,23,10,19,30,17,22,24,33,27,-3,1,3,-1,-8,9,6,-8,8,-3,1,-17,1,26,33,32,24,25,27,25,28,32,30,19,14,2,5,1,1,1,2,0,2,0,1,2,0,1,5,0,-6,6,13,2,3,1,0,-1,2,24,28,31,23,24,25,25,26,32,29,17,14,-1,2,-1,-6,7,11
2581,28,2,24,23,22,19,13,21,23,21,21,26,23,23,29,19,27,19,23,20,17,29,18,7,33,18,31,29,6,3,6,1,2,2,1,3,2,6,4,4,7,0,0,0,3,2,2,0,3,1,4,0,3,1,5,-4,3,-4,-7,4,-6,3,14,-7,5,-8,0,6,3,6,-2,0,0,1,0,1,2,4,1,6,18,20,16,18,11,19,22,18,19,20,19,19,22,19,27,19,20,18,15,29,15,6,29,18,28,28,-1,-7,-3,-2,-7,4,-7,3,13,-9,1,-9,-6,26,20,32,30,23,22,22,16,29,23,21,19,3,1,6,4,1,4,1,2,2,3,2,1,4,4,3,7,2,3,2,-1,4,1,-1,3,23,19,26,26,22,18,21,14,27,20,19,18,2,5,-1,6,3,0
2581,29,1,22,17,24,20,22,22,15,18,26,19,27,35,41,26,23,28,21,21,15,18,15,19,19,13,31,30,1,0,4,1,0,4,2,5,3,2,5,12,8,1,1,2,1,0,0,1,1,1,3,0,1,0,-4,-6,-4,-1,1,7,-3,3,7,0,14,4,11,0,-1,2,0,0,4,1,4,2,-1,5,11,8,21,17,20,19,22,18,13,13,23,17,22,23,33,25,22,26,20,21,15,17,14,18,16,13,30,30,-4,-5,-6,-1,1,3,-4,-1,5,1,9,-7,3,16,18,17,23,17,15,24,21,22,23,11,20,5,0,2,5,4,0,1,1,3,1,1,1,-8,-3,-5,0,6,-5,4,-1,-1,4,3,-1,11,18,15,18,13,15,23,20,19,22,10,19,-12,-2,-4,-4,3,-4
2581,29,2,18,14,14,14,27,21,13,18,23,16,19,23,25,23,17,15,10,19,14,19,17,23,13,14,25,16,5,1,1,1,2,2,2,3,1,1,5,6,6,2,2,1,0,2,4,1,1,2,2,1,1,1,-5,-3,-1,4,8,7,-6,1,0,3,5,-2,9,3,-1,0,1,0,-2,1,2,-1,-1,4,5,5,13,13,13,13,25,19,11,15,22,15,14,17,19,21,15,14,10,17,10,18,16,21,11,13,24,15,-8,-2,-1,3,8,9,-7,-1,1,4,1,-7,4,19,26,19,23,21,21,20,14,21,9,15,17,5,1,3,5,2,6,1,0,1,1,0,1,-1,12,-2,14,6,4,4,1,2,4,2,5,14,25,16,18,19,15,19,14,20,8,15,16,-5,11,-4,10,4,-1
2581,30,1,18,18,16,15,21,11,23,19,13,20,19,27,19,18,14,21,19,24,15,18,15,18,10,14,17,16,2,0,4,1,0,1,0,3,1,2,2,7,10,2,2,1,2,2,1,3,0,0,2,0,0,2,0,4,-5,-4,-3,-4,5,4,-5,10,5,10,3,0,-2,3,-1,-2,0,-3,3,1,0,2,7,8,16,18,12,14,21,10,23,16,12,18,17,20,9,16,12,20,17,22,14,15,15,18,8,14,17,14,0,6,-8,-3,-1,-4,8,1,-6,10,3,3,-5,15,24,30,33,20,20,23,21,24,16,12,20,3,3,0,7,2,1,0,3,0,0,0,1,-8,3,6,17,8,0,3,0,0,7,2,0,12,21,30,26,18,19,23,18,24,16,12,19,-11,3,6,10,6,0
2581,30,2,14,14,21,14,15,17,23,16,12,17,18,20,20,10,14,13,13,8,21,12,8,18,13,9,20,12,0,2,5,3,1,1,4,5,1,7,3,3,5,3,2,2,0,0,4,0,1,1,0,0,1,0,4,0,8,1,7,-4,11,8,-6,4,9,0,8,-3,0,3,3,1,-3,4,4,0,7,3,2,5,14,12,16,11,14,16,19,11,11,10,15,17,15,7,12,11,13,8,17,12,7,17,13,9,19,12,7,0,5,-2,6,-1,7,4,-6,-3,6,-2,3,22,27,21,15,14,18,19,15,13,10,16,14,7,1,1,1,0,3,1,3,0,1,2,0,3,12,8,5,-2,4,6,-2,1,0,-2,3,15,26,20,14,14,15,18,12,13,9,14,14,-3,14,7,5,0,1
2581,31,1,23,13,19,13,14,16,20,16,13,13,21,27,21,19,13,19,15,17,20,14,14,16,17,13,15,17,2,1,4,3,3,1,5,3,2,0,5,10,6,2,1,0,1,3,3,0,0,0,1,0,0,1,4,0,0,-2,-3,-4,6,2,-3,-4,8,12,4,0,0,4,2,0,-2,5,3,2,-1,5,10,5,21,12,15,10,11,15,15,13,11,13,16,17,15,17,12,19,14,14,17,14,14,16,16,13,15,16,4,0,-4,-4,-3,-2,1,-1,-5,-3,3,2,-1,17,14,23,21,16,19,11,12,22,19,15,11,1,1,4,2,1,0,2,2,2,0,0,1,6,2,1,2,1,8,-1,-1,2,2,1,-1,16,13,19,19,15,19,9,10,20,19,15,10,7,3,-1,0,0,9
2581,31,2,15,13,15,11,14,22,13,9,11,13,21,29,23,5,5,11,10,13,20,12,6,9,8,12,13,15,2,4,1,0,2,4,1,1,0,1,4,9,8,1,0,1,1,0,2,0,2,2,1,0,1,0,10,8,4,1,1,2,1,3,2,5,9,16,8,1,4,0,-1,2,2,1,-1,-2,0,4,8,8,13,9,14,11,12,18,12,8,11,12,17,20,15,4,5,10,9,13,18,12,4,7,7,12,12,15,9,4,4,2,-1,0,0,4,4,5,5,8,0,14,14,17,23,17,16,10,17,8,20,11,7,4,1,3,3,4,1,0,0,0,2,1,0,4,-3,9,3,6,9,4,1,3,1,3,1,10,13,14,20,13,15,10,17,8,18,10,7,0,-4,6,2,3,8
2581,32,1,15,19,14,9,12,11,10,12,15,21,13,36,23,21,16,11,12,14,10,7,7,11,15,15,31,20,4,2,1,1,0,3,1,2,3,6,4,15,5,3,0,0,1,1,0,0,1,1,3,0,1,0,-6,3,3,-3,-2,1,3,5,4,6,-2,5,3,1,2,1,0,-1,3,1,1,2,3,4,14,5,11,17,13,8,12,8,9,10,12,15,9,21,18,18,16,11,11,13,10,7,6,10,12,15,30,20,-7,1,2,-3,-1,-2,2,4,2,3,-6,-9,-2,15,19,24,23,15,16,17,16,23,27,17,22,3,2,2,2,1,4,2,0,1,2,1,4,-2,3,1,-4,-2,-6,1,2,1,0,0,0,12,17,22,21,14,12,15,16,22,25,16,18,-3,1,0,-4,-2,-6
2581,32,2,12,11,12,9,11,11,11,8,9,12,11,12,16,9,13,7,10,11,9,8,6,16,11,5,9,12,0,0,0,1,2,1,0,1,1,0,3,2,8,0,2,2,0,1,2,1,1,1,0,1,1,2,3,-2,5,-1,0,2,3,2,-7,1,6,3,4,0,-2,-2,1,1,-1,-1,0,0,0,2,1,6,12,11,12,8,9,10,11,7,8,12,8,10,8,9,11,5,10,10,7,7,5,15,11,4,8,10,3,0,7,-2,-1,3,4,2,-7,1,4,2,-2,18,11,13,12,11,24,12,4,17,13,13,13,4,1,4,1,2,4,0,0,1,1,3,1,6,7,-4,-1,-2,11,4,1,3,0,-1,3,14,10,9,11,9,20,12,4,16,12,10,12,2,6,-7,-1,-1,8
2581,33,1,8,15,16,5,5,7,8,16,15,16,14,14,24,6,14,21,8,15,11,16,16,8,10,12,14,16,4,2,1,0,0,0,0,2,0,3,2,4,7,0,1,2,2,2,2,0,0,2,2,1,0,0,2,1,-5,-3,-10,-4,-8,0,7,6,2,0,8,4,1,-1,-2,-2,-2,0,2,-2,1,1,4,7,4,13,15,5,5,7,8,14,15,13,12,10,17,6,13,19,6,13,9,16,16,6,8,11,14,16,-2,0,-4,-1,-8,-2,-8,-2,9,5,1,-4,1,15,17,15,15,25,17,14,20,17,17,16,9,3,4,1,5,2,1,2,1,2,0,1,0,1,-3,-2,-2,9,8,1,3,-1,5,1,1,12,13,14,10,23,16,12,19,15,17,15,9,0,-6,-1,-7,8,7
2581,33,2,10,11,13,11,9,9,7,9,8,17,6,14,11,7,3,3,10,9,8,10,11,11,7,5,9,7,1,1,3,0,3,2,0,1,1,2,1,2,1,0,1,1,1,2,0,3,0,1,1,0,3,2,3,8,10,1,0,1,-3,-2,-3,10,1,5,4,1,0,2,-1,1,2,-3,1,0,1,1,-1,-1,9,10,10,11,6,7,7,8,7,15,5,12,10,7,2,2,9,7,8,7,11,10,6,5,6,5,2,8,8,2,-1,-1,0,-3,-3,9,0,6,5,20,12,13,11,14,14,12,9,13,10,12,9,6,2,1,1,1,5,1,1,1,0,1,1,8,3,0,1,2,5,5,1,0,1,0,4,14,10,12,10,13,9,11,8,12,10,11,8,3,2,0,0,2,1
2581,34,1,12,6,10,14,12,11,11,11,16,9,16,25,15,11,9,14,10,5,3,8,8,12,13,9,14,9,2,2,2,2,1,1,1,2,2,1,3,9,3,1,0,1,0,0,2,0,2,0,0,0,3,1,1,-3,-4,4,7,8,3,3,4,-4,7,11,6,1,2,1,2,1,-1,1,0,2,1,3,6,2,10,4,8,12,11,10,10,9,14,8,13,16,12,10,9,13,10,5,1,8,6,12,13,9,11,8,0,-5,-5,2,6,9,2,3,2,-5,4,5,4,11,21,19,17,15,21,11,12,12,19,15,17,2,2,5,2,1,1,2,2,1,1,2,3,0,9,7,-2,0,4,0,0,4,1,-1,-2,9,19,14,15,14,20,9,10,11,18,13,14,0,9,3,-3,1,6
2581,34,2,12,12,7,11,8,12,4,16,15,7,8,17,17,7,11,10,6,7,3,3,5,12,4,5,10,11,2,2,1,2,3,1,1,3,3,1,4,5,1,0,2,0,1,1,0,0,1,1,1,0,0,1,5,1,-3,5,1,9,1,11,3,3,3,7,6,2,0,1,1,2,1,1,2,2,0,4,5,0,10,10,6,9,5,11,3,13,12,6,4,12,16,7,9,10,5,6,3,3,4,11,3,5,10,10,3,1,-4,4,-1,8,0,9,1,3,-1,2,6,19,17,13,13,11,11,10,6,6,12,11,11,3,2,1,2,1,4,0,0,0,1,1,2,9,11,7,1,0,0,3,2,1,1,0,2,16,15,12,11,10,7,10,6,6,11,10,9,6,9,6,0,0,-2
2581,35,1,12,15,9,6,11,12,14,10,12,12,9,22,10,13,12,5,8,9,6,9,13,7,4,8,12,9,1,2,0,0,0,2,1,1,1,1,4,8,4,2,0,1,1,2,0,3,2,1,0,0,0,0,-1,3,4,-2,2,6,5,-3,5,8,1,10,1,-1,2,-1,-1,-2,2,-2,-1,0,1,4,8,4,11,13,9,6,11,10,13,9,11,11,5,14,6,11,12,4,7,7,6,6,11,6,4,8,12,9,0,1,5,-1,4,4,7,-2,5,7,-3,2,-3,13,20,19,9,13,22,10,12,10,13,11,8,0,6,4,2,1,4,0,2,0,3,1,1,3,8,9,-4,2,14,0,4,4,-1,0,3,13,14,15,7,12,18,10,10,10,10,10,7,3,4,5,-3,2,11
2581,35,2,9,7,12,9,9,7,8,7,9,10,10,15,14,5,6,9,4,7,4,9,5,4,11,6,19,8,2,1,3,2,2,2,2,0,2,3,2,5,5,0,2,1,0,1,0,0,0,0,1,0,1,0,4,1,3,5,2,3,-1,2,5,-1,4,-4,6,2,-1,2,2,1,2,2,0,2,2,2,4,5,7,6,9,7,7,5,6,7,7,7,8,10,9,5,4,8,4,6,4,9,5,4,10,6,18,8,2,2,1,3,1,1,-3,2,3,-3,2,-8,1,17,11,7,11,11,14,10,8,6,10,6,8,3,1,1,1,1,3,0,0,1,0,2,2,7,3,1,1,5,6,3,1,0,1,-1,1,14,10,6,10,10,11,10,8,5,10,4,6,4,2,1,0,6,5
2581,36,1,11,5,9,5,14,12,11,16,11,3,13,21,14,11,3,9,4,5,6,5,11,10,8,5,15,14,1,1,1,0,2,1,2,4,3,1,7,7,3,0,1,0,0,1,0,1,1,0,0,0,0,2,0,2,0,1,9,6,6,5,1,-5,8,6,0,1,0,1,0,1,1,1,3,3,1,7,7,1,10,4,8,5,12,11,9,12,8,2,6,14,11,11,2,9,4,4,6,4,10,10,8,5,15,12,-1,2,-1,1,8,5,5,2,-2,-6,1,-1,-1,14,7,16,4,13,16,5,10,12,12,13,14,3,0,3,0,1,3,2,1,0,0,1,2,9,-3,4,-8,0,2,1,-1,3,0,0,1,11,7,13,4,12,13,3,9,12,12,12,12,8,-2,1,-8,0,1
2581,36,2,6,7,3,6,9,10,9,4,8,10,3,16,13,5,7,10,8,7,4,7,1,7,5,4,12,9,2,1,0,1,1,1,1,0,2,2,2,8,4,0,0,3,0,0,1,0,0,1,0,0,2,0,1,0,-7,-2,2,6,2,3,1,5,-1,4,4,2,1,-3,1,1,0,1,0,1,2,2,6,4,4,6,3,5,8,9,8,4,6,8,1,8,9,5,7,7,8,7,3,7,1,6,5,4,10,9,-1,-1,-4,-3,1,6,1,3,0,3,-3,-2,0,12,10,5,8,14,17,3,5,9,6,9,2,1,2,1,1,1,5,0,0,0,0,1,0,9,5,-4,2,5,15,1,2,1,1,0,5,11,8,4,7,13,12,3,5,9,6,8,2,8,3,-5,1,5,10
2581,37,1,8,4,7,7,9,7,9,6,9,14,16,12,7,9,7,14,6,6,7,7,10,13,7,8,13,11,1,1,1,0,1,1,3,4,3,2,4,1,2,2,0,2,1,0,1,1,3,1,2,0,0,0,-1,-3,-7,1,3,0,2,-4,-4,7,8,-1,-4,-1,1,-1,-1,1,0,2,1,2,0,4,1,2,7,3,6,7,8,6,6,2,6,12,12,11,5,7,7,12,5,6,6,6,7,12,5,8,13,11,0,-4,-6,2,2,0,0,-5,-6,7,4,-2,-6,20,5,13,7,14,13,11,5,5,13,10,10,5,1,0,2,1,3,1,2,1,1,1,2,9,0,8,-6,4,3,4,-1,-1,1,0,1,15,4,13,5,13,10,10,3,4,12,9,8,5,1,9,-7,4,2
2581,37,2,5,3,12,10,10,7,10,6,7,10,8,16,9,5,3,4,4,2,7,6,7,7,2,10,12,9,3,1,2,0,2,1,2,2,1,3,3,5,4,1,0,1,0,0,1,1,2,0,0,2,0,1,0,0,8,6,8,0,4,-1,0,8,-2,4,0,2,1,1,0,2,0,1,0,1,3,1,5,3,2,2,10,10,8,6,8,4,6,7,5,11,5,4,3,3,4,2,6,5,5,7,2,8,12,8,-2,-1,7,6,6,0,3,-1,-1,5,-3,-1,-3,10,8,9,7,5,14,8,12,6,9,6,12,3,0,3,2,0,5,0,0,0,1,0,1,2,-4,3,-2,-1,2,3,0,3,1,0,4,7,8,6,5,5,9,8,12,6,8,6,11,-1,-4,0,-3,-1,-2
2581,38,1,3,5,8,7,7,8,9,8,7,13,14,10,14,5,8,6,3,4,8,5,11,5,7,7,6,7,1,0,2,0,0,0,2,3,1,4,3,5,2,1,1,0,1,0,2,0,1,0,1,1,0,0,-2,-3,2,4,3,0,4,-3,2,6,7,4,7,0,-1,2,-1,0,-2,2,2,1,3,2,5,2,2,5,6,7,7,8,7,5,6,9,11,5,12,4,7,6,2,4,6,5,10,5,6,6,6,7,-2,-2,0,5,3,2,2,-5,1,3,5,-1,5,10,7,12,10,16,6,4,5,6,4,10,8,3,1,2,3,4,1,0,0,2,0,1,1,6,2,6,6,6,-2,3,1,0,3,3,0,7,6,10,7,12,5,4,5,4,4,9,7,3,1,6,3,3,-2
2581,38,2,5,2,7,4,5,7,7,7,6,3,8,13,11,1,5,3,3,9,8,7,4,4,4,7,10,8,0,0,1,1,1,1,1,4,0,0,2,4,3,1,1,0,0,0,3,1,0,1,1,0,0,0,4,-3,4,1,-4,-1,0,3,2,-1,1,3,3,-1,-1,1,1,1,-2,0,4,-1,-1,2,4,3,5,2,6,3,4,6,6,3,6,3,6,9,8,0,4,3,3,9,5,6,4,3,3,7,10,8,5,-2,3,0,-5,1,0,-1,3,0,-1,-1,0,11,5,11,9,5,5,5,5,10,2,7,8,3,1,2,3,2,1,0,1,0,0,1,2,6,0,1,7,-2,-3,3,0,2,3,1,-1,8,4,9,6,3,4,5,4,10,2,6,6,3,0,-1,4,-3,-2
2581,39,1,5,9,6,3,2,8,4,5,9,7,3,19,12,9,5,6,4,2,7,5,5,3,4,5,10,15,0,2,2,0,0,1,1,1,0,1,0,7,6,0,0,1,0,0,1,0,1,0,0,1,0,0,-4,4,0,-1,0,1,-1,0,6,3,-2,9,-3,0,2,1,0,0,0,1,0,0,1,-1,7,6,5,7,4,3,2,7,3,4,9,6,3,12,6,9,5,5,4,2,6,5,4,3,4,4,10,15,-4,2,-1,-1,0,1,-2,0,6,2,-1,2,-9,9,5,11,9,5,9,5,6,10,7,2,11,1,1,3,2,1,1,0,1,1,1,1,5,4,-1,1,2,3,-2,1,0,2,1,0,-4,8,4,8,7,4,8,5,5,9,6,1,6,3,-1,-1,1,3,2
2581,39,2,9,6,5,1,3,7,5,5,6,9,12,5,9,7,5,3,5,1,2,3,5,4,4,3,6,4,1,1,2,0,0,0,1,0,0,1,4,3,2,1,1,0,1,0,0,0,0,0,0,0,1,0,2,1,2,-4,2,5,2,0,2,5,9,-1,5,0,0,2,-1,0,0,1,0,0,1,4,2,2,8,5,3,1,3,7,4,5,6,8,8,2,7,6,4,3,4,1,2,3,5,4,4,3,5,4,2,1,0,-3,2,5,1,0,2,4,5,-3,3,7,8,9,11,5,8,9,5,5,8,5,1,2,1,0,2,0,2,3,0,1,0,0,0,-2,3,4,3,0,7,-1,1,-1,2,0,2,5,7,9,9,5,6,6,5,4,8,5,1,-1,2,5,1,0,5
2581,40,1,10,8,4,8,6,5,4,7,7,7,8,14,7,3,6,6,1,10,2,3,2,3,6,7,5,13,0,2,0,1,0,0,0,2,0,2,2,5,2,0,1,1,0,3,0,0,1,0,1,0,0,1,7,2,-2,7,-4,3,1,5,4,1,1,9,-6,0,1,-1,1,-3,0,0,1,0,1,2,5,1,10,6,4,7,6,5,4,5,7,5,6,9,5,3,5,5,1,7,2,3,1,3,5,7,5,12,7,1,-1,6,-1,3,1,4,4,0,-1,4,-7,11,12,9,3,5,7,4,11,5,9,4,12,0,2,1,1,0,2,2,0,2,1,1,2,7,1,4,-6,1,-5,-2,2,-1,0,-1,0,11,10,8,2,5,5,2,11,3,8,3,10,9,-1,5,-6,2,-5
2581,40,2,9,5,4,4,6,5,8,7,10,10,10,11,10,5,7,6,1,5,5,3,7,3,5,6,3,6,1,0,0,1,1,1,4,1,3,2,4,1,4,0,1,0,0,1,0,0,0,0,0,0,0,0,4,-2,-2,3,1,0,5,0,7,5,4,8,4,1,-1,0,1,0,1,4,1,3,2,4,1,4,8,5,4,3,5,4,4,6,7,8,6,10,6,5,6,6,1,4,5,3,7,3,5,6,3,6,3,-1,-2,2,1,-1,1,-1,4,3,0,7,0,6,10,9,7,8,9,7,5,5,6,3,8,1,1,1,1,2,1,1,1,0,0,0,0,-1,5,4,1,5,1,0,0,1,1,2,1,5,9,8,6,6,8,6,4,5,6,3,8,-1,5,3,0,3,0
2581,41,1,7,9,4,7,2,6,10,8,7,5,5,8,6,8,2,7,3,6,4,7,1,5,7,5,14,10,0,1,0,2,0,0,3,2,3,0,1,4,1,1,0,1,0,1,1,0,0,0,1,2,3,2,-1,7,-3,4,-4,2,3,7,2,-2,0,-6,-4,-1,1,-1,2,-1,-1,3,2,3,-1,-1,1,-1,7,8,4,5,2,6,7,6,4,5,4,4,5,7,2,6,3,5,3,7,1,5,6,3,11,8,0,6,-2,2,-3,3,0,5,-1,-1,1,-7,-3,13,8,8,5,7,10,9,8,10,4,8,6,2,2,0,1,0,3,1,0,1,1,2,1,4,0,-2,1,-1,4,1,2,-1,0,-2,2,11,6,8,4,7,7,8,8,9,3,6,5,3,-2,-1,1,1,2
2581,41,2,3,6,5,2,9,4,2,6,2,8,7,9,5,3,2,4,1,8,6,7,6,3,3,3,11,2,1,1,1,0,2,0,1,0,0,1,2,3,0,0,0,1,0,2,0,1,0,0,0,1,1,0,0,4,1,1,1,-2,-5,0,-1,5,4,-2,3,1,1,0,0,0,0,0,0,0,1,1,2,0,2,5,4,2,7,4,1,6,2,7,5,6,5,3,2,3,1,6,6,6,6,3,3,2,10,2,-1,3,1,1,1,-2,-5,0,-1,4,3,-4,3,7,4,6,8,9,9,5,2,8,5,5,7,3,1,0,1,2,2,0,0,2,1,0,2,2,2,-2,3,4,2,3,1,-2,0,2,0,4,3,6,7,7,7,5,2,6,4,5,5,-1,1,0,3,2,2
2581,42,1,5,6,8,4,4,7,11,5,8,8,7,12,13,4,7,11,4,3,7,1,6,6,7,11,7,11,0,0,2,1,1,1,2,0,3,4,1,4,2,0,0,1,0,0,1,0,1,0,1,0,1,1,1,-1,-3,0,1,0,10,-1,2,1,-4,5,2,0,0,1,1,1,0,2,-1,3,3,1,3,1,5,6,6,3,3,6,9,5,5,4,6,8,11,4,7,10,4,3,6,1,5,6,6,11,6,10,1,-1,-4,-1,0,0,8,0,-1,-2,-5,2,1,7,9,6,8,0,8,3,6,3,3,4,7,1,4,1,2,0,6,0,1,0,0,1,1,4,3,3,5,-4,1,1,3,1,2,-1,5,6,5,5,6,0,2,3,5,3,3,3,6,3,0,2,3,-3,-4
2581,42,2,7,3,3,5,2,5,10,3,6,14,6,2,10,6,6,8,1,2,3,6,6,3,4,2,4,6,0,1,0,0,0,1,2,1,2,4,1,1,2,0,1,1,0,0,0,0,0,1,2,1,0,1,1,-3,-5,4,0,2,4,-3,3,10,4,-2,4,0,0,-1,0,0,1,2,1,1,2,0,1,1,7,2,3,5,2,4,8,2,4,10,5,1,8,6,5,7,1,2,3,6,6,2,2,1,4,5,1,-3,-4,4,0,1,2,-4,2,8,4,-3,3,8,6,10,8,7,10,9,4,3,3,5,6,2,1,2,1,0,2,0,0,0,0,0,1,-1,2,7,5,2,4,2,1,2,1,0,1,6,5,8,7,7,8,9,4,3,3,5,5,-3,1,5,4,2,3
2581,43,1,6,5,9,4,6,6,9,5,10,13,14,12,7,4,7,6,14,3,6,7,8,5,9,9,6,5,0,1,1,0,0,0,1,0,4,3,3,2,1,0,0,1,4,2,0,0,1,0,1,2,0,0,2,-2,3,-10,3,0,2,-3,5,4,5,6,2,0,1,0,-4,-2,0,1,-1,4,2,1,2,1,6,4,8,4,6,6,8,5,6,10,11,10,6,4,7,5,10,1,6,7,7,5,8,7,6,5,2,-3,3,-6,5,0,1,-2,1,2,4,4,1,10,7,7,6,8,5,4,9,2,3,6,3,4,1,2,1,2,3,0,0,0,0,2,1,6,-2,5,3,2,2,4,1,2,1,0,2,6,6,5,5,6,2,4,9,2,3,4,2,2,-3,3,2,2,0
2581,43,2,7,6,4,5,8,7,5,10,4,7,4,8,6,10,6,5,3,5,4,3,4,1,8,5,7,5,0,0,1,1,2,1,2,2,0,3,3,3,1,0,1,0,0,1,1,0,0,1,0,0,0,1,-3,0,-1,2,3,3,2,6,3,-1,-1,1,1,0,-1,1,1,1,0,2,2,-1,3,3,3,0,7,6,3,4,6,6,3,8,4,4,1,5,5,10,5,5,3,4,3,3,4,0,8,5,7,4,-3,1,-2,1,2,3,0,4,4,-4,-4,-2,1,7,7,5,2,5,8,2,3,4,3,3,3,1,1,1,0,1,2,0,0,1,0,0,0,5,4,1,-1,2,5,1,1,0,0,1,2,6,6,4,2,4,6,2,3,3,3,3,3,4,3,1,-1,1,3
2581,44,1,7,5,7,5,7,7,2,4,7,11,9,7,9,5,4,5,7,10,3,2,13,7,9,6,3,9,1,1,2,0,0,2,0,0,2,2,4,2,2,0,1,1,0,0,0,1,2,1,0,0,0,0,2,1,2,-2,-3,4,0,-9,0,2,3,4,0,1,0,1,0,0,2,-1,-2,1,2,4,2,2,6,4,5,5,7,5,2,4,5,9,5,5,7,5,3,4,7,10,3,1,11,6,9,6,3,9,1,1,1,-2,-3,2,1,-7,-1,0,-1,2,-2,7,4,8,8,5,10,5,7,7,8,6,9,2,0,2,1,0,4,1,1,0,0,0,2,2,-3,1,0,-1,1,1,-1,2,1,0,2,5,4,6,7,5,6,4,6,7,8,6,7,1,-2,-1,-1,-1,-1
2581,44,2,7,2,6,5,2,3,7,4,5,7,5,2,5,6,2,5,3,2,4,9,5,3,4,6,3,5,0,0,0,0,0,0,3,0,0,0,2,1,1,0,0,0,0,0,0,0,1,1,0,1,0,0,1,0,1,2,0,-1,-2,-1,2,3,-1,-1,0,0,0,0,0,0,0,3,-1,-1,0,1,1,1,7,2,6,5,2,3,4,4,5,7,3,1,4,6,2,5,3,2,4,9,4,2,4,5,3,5,1,0,1,2,0,-1,-5,0,3,3,-2,-2,-1,6,4,4,6,3,10,3,2,4,6,7,3,2,0,1,2,0,4,0,0,0,0,0,0,3,2,0,0,-4,7,2,0,1,2,0,4,4,4,3,4,3,6,3,2,4,6,7,3,1,2,-1,-2,-4,3
2581,45,1,6,0,4,5,8,5,1,7,7,4,3,8,9,9,2,9,4,6,7,2,7,7,4,4,13,7,0,0,0,0,0,1,0,1,2,0,0,2,4,1,0,2,0,1,0,0,0,2,0,0,2,1,-3,-2,-5,1,2,-2,-1,0,0,0,-1,-5,2,-1,0,-2,0,-1,1,0,1,0,0,0,0,3,6,0,4,5,8,4,1,6,5,4,3,6,5,8,2,7,4,5,7,2,7,5,4,4,11,6,-2,-2,-3,1,3,-3,-1,-1,0,0,-1,-5,-1,8,8,6,4,8,8,3,9,6,4,9,4,1,2,1,1,2,2,0,0,0,0,1,1,5,-1,0,0,-1,4,1,2,1,1,1,1,7,6,5,3,6,6,3,9,6,4,8,3,4,-3,-1,-1,-2,3
2581,45,2,1,4,4,3,2,3,5,6,5,7,5,5,5,0,3,3,4,6,4,8,6,3,7,4,4,5,0,0,0,1,0,0,0,0,2,2,3,2,0,0,0,0,0,0,0,0,0,0,0,0,0,0,1,1,1,-1,-4,-1,-3,0,2,0,1,1,0,0,0,0,1,0,0,0,0,2,2,3,2,0,1,4,4,2,2,3,5,6,3,5,2,3,5,0,3,3,4,6,4,8,6,3,7,4,4,5,1,1,1,-2,-4,-1,-3,0,0,-2,-2,-1,0,8,1,6,2,4,6,6,6,8,3,7,2,3,0,0,0,0,1,1,1,2,1,1,0,2,-5,-2,-1,-3,4,2,-1,-2,-1,-1,1,5,1,6,2,4,5,5,5,6,2,6,2,0,-4,0,0,-2,3
2581,46,1,0,5,1,6,2,7,8,3,6,7,11,4,8,6,7,7,4,8,2,7,5,5,4,10,7,3,0,0,0,1,2,0,0,0,0,1,3,1,3,0,0,1,0,1,1,0,1,0,3,4,0,0,-6,-2,-6,2,-6,5,1,-2,1,3,1,-3,5,0,0,-1,1,1,-1,0,-1,0,-2,-1,1,3,0,5,1,5,0,7,8,3,6,6,8,3,5,6,7,6,4,7,1,7,4,5,1,6,7,3,-6,-2,-5,1,-7,6,1,-1,1,5,2,-4,2,6,6,2,3,9,6,6,4,6,4,3,5,0,0,1,1,2,2,0,1,3,0,1,0,0,2,-4,-1,6,1,0,-1,-2,1,1,2,6,6,1,2,7,4,6,3,3,4,2,5,0,3,-2,-2,5,-1
2581,46,2,6,5,3,4,5,3,6,5,3,7,4,7,5,3,3,2,3,5,1,3,3,1,4,3,6,5,0,2,1,1,0,0,0,1,1,3,2,1,1,1,1,0,0,1,0,1,0,0,0,0,0,0,3,2,1,1,0,2,3,2,2,3,1,1,0,-1,1,1,1,-1,0,-1,1,1,3,2,1,1,6,3,2,3,5,3,6,4,2,4,2,6,4,2,2,2,3,4,1,2,3,1,4,3,6,5,4,1,0,0,1,2,4,1,1,0,-1,0,-1,2,3,9,3,6,11,6,5,4,3,4,6,0,0,2,1,1,1,0,1,0,0,0,0,-4,-2,5,0,2,5,0,-1,2,1,1,1,2,3,7,2,5,10,6,4,4,3,4,6,-4,-1,3,-1,1,4
2581,47,1,6,5,6,6,9,2,5,7,6,9,9,3,6,5,2,6,6,5,2,3,2,3,6,6,5,8,0,0,1,2,2,0,1,0,1,1,2,2,1,0,0,0,0,0,1,0,0,1,1,0,0,1,1,3,0,0,4,0,2,5,3,3,3,-2,-2,0,0,1,2,2,-1,1,0,0,0,2,2,0,6,5,5,4,7,2,4,7,5,8,7,1,5,5,2,6,6,5,1,3,2,2,5,6,5,7,1,3,-1,-2,2,1,1,5,3,3,1,-4,-2,3,6,4,4,5,9,3,4,6,5,7,5,0,1,1,1,0,3,1,0,0,0,1,1,0,2,-2,-1,-2,4,-1,1,1,1,-1,2,3,5,3,3,5,6,2,4,6,5,6,4,1,1,-3,-2,-1,2
2581,47,2,4,2,2,4,4,9,5,5,5,4,6,6,6,4,7,6,6,6,2,2,6,6,7,6,5,6,1,0,0,1,1,0,0,0,1,1,3,2,2,0,0,2,0,1,0,0,0,0,0,1,0,0,0,-5,-4,-2,-2,7,3,-1,-1,-3,0,1,0,1,0,-2,1,0,0,0,0,1,1,2,2,2,3,2,2,3,3,9,5,5,4,3,3,4,4,4,7,4,6,5,2,2,6,6,7,5,5,6,-1,-5,-2,-3,-2,7,3,-1,-2,-4,-2,-1,-2,6,8,11,9,5,5,2,2,5,5,3,4,4,3,0,1,1,2,0,0,0,1,0,0,4,6,6,4,2,1,4,3,0,0,1,2,2,5,11,8,4,3,2,2,5,4,3,4,0,3,6,4,1,-1
2581,48,1,5,8,3,1,6,4,5,4,6,7,5,4,6,4,2,4,6,7,6,5,2,8,5,1,4,2,1,0,0,0,0,3,0,0,0,1,1,1,0,0,0,0,0,2,0,0,0,0,0,0,0,0,1,6,-1,-5,-1,-2,0,2,-2,2,4,0,4,1,0,0,0,-2,3,0,0,0,1,1,1,0,4,8,3,1,6,1,5,4,6,6,4,3,6,4,2,4,6,5,6,5,2,8,5,1,4,2,0,6,-1,-5,1,-5,0,2,-2,1,3,-1,4,6,2,5,4,1,8,4,7,9,6,9,1,1,0,0,1,0,1,1,1,0,1,1,0,2,-5,-4,-2,-8,7,0,-1,0,0,-1,1,5,2,5,3,1,7,3,6,9,5,8,1,2,-4,-4,-2,-7,6
2581,48,2,7,4,2,3,3,1,8,2,5,5,6,5,9,8,4,2,2,1,1,9,1,5,6,3,7,4,1,0,1,0,1,0,0,0,0,1,1,0,3,0,0,0,0,0,0,1,0,0,0,0,0,0,-1,0,0,1,2,0,-1,1,0,-1,3,-2,5,1,0,1,0,1,0,-1,0,0,1,1,0,3,6,4,1,3,2,1,8,2,5,4,5,5,6,8,4,2,2,1,1,8,1,5,6,3,7,4,-2,0,-1,1,1,0,0,1,0,-2,2,-2,2,8,3,3,6,3,5,7,5,1,3,7,5,0,0,1,0,0,2,0,0,0,0,0,1,1,-2,2,3,-4,0,0,0,1,0,0,1,8,3,2,6,3,3,7,5,1,3,7,4,1,-2,1,3,-4,-1
2581,49,1,5,3,3,5,3,7,7,5,5,4,3,3,7,5,8,5,3,6,4,3,3,9,6,6,2,4,0,1,0,0,0,2,1,1,0,1,0,0,3,0,1,1,0,0,0,1,1,1,0,0,0,0,0,-5,-2,2,-3,3,4,2,-4,-2,-3,1,3,0,0,-1,0,0,2,0,0,-1,1,0,0,3,5,2,3,5,3,5,6,4,5,3,3,3,4,5,7,4,3,6,4,2,2,8,6,6,2,4,0,-5,-1,2,-3,1,4,2,-3,-3,-3,1,0,8,3,4,3,7,4,5,6,3,1,3,6,3,0,0,0,2,0,0,2,0,1,0,1,3,-3,1,2,4,-2,3,-2,0,-1,2,-1,5,3,4,3,5,4,5,4,3,0,3,5,0,-1,1,3,2,-1
2581,49,2,7,3,10,6,5,12,4,6,4,9,4,7,7,8,4,4,3,6,3,3,6,4,4,5,3,4,1,0,0,0,0,3,1,1,2,0,1,0,1,0,0,0,0,1,0,0,1,1,0,1,0,0,-1,-1,6,3,-1,9,1,0,0,5,-1,4,3,1,0,0,0,-1,3,1,0,1,0,0,0,1,6,3,10,6,5,9,3,5,2,9,3,7,6,8,4,4,3,5,3,3,5,3,4,4,3,4,-2,-1,6,3,0,6,0,0,-1,5,-1,4,2,4,5,7,4,10,4,9,7,6,4,3,6,0,0,0,0,2,0,0,0,0,0,0,0,-5,-2,1,0,7,-2,0,0,0,0,2,0,4,5,7,4,8,4,9,7,6,4,3,6,-5,-2,1,0,5,-2
2581,50,1,3,5,3,1,3,7,6,3,8,4,9,5,5,6,2,3,4,2,2,7,3,2,9,8,8,6,1,1,1,0,0,0,2,0,0,1,3,1,1,1,0,0,0,0,0,2,0,0,0,1,0,0,-3,3,0,-3,1,5,-1,0,6,-5,1,-3,-1,0,1,1,0,0,0,0,0,0,1,2,1,1,2,4,2,1,3,7,4,3,8,3,6,4,4,5,2,3,4,2,2,5,3,2,9,7,8,6,-3,2,-1,-3,1,5,-1,0,6,-6,-1,-4,-2,9,2,9,3,4,7,3,1,4,8,7,8,2,1,0,0,0,1,1,0,1,0,1,1,6,1,5,-5,-3,-1,1,1,-1,0,-1,0,7,1,9,3,4,6,2,1,3,8,6,7,5,0,6,-5,-2,-1
2581,50,2,2,5,4,5,2,6,4,3,5,7,4,4,6,9,4,3,4,7,6,1,5,4,4,0,3,2,0,2,0,1,0,1,0,0,0,0,0,2,1,0,0,0,0,1,0,0,0,0,0,0,0,0,-7,1,1,1,-5,0,3,-2,1,3,4,1,4,0,2,0,1,-1,1,0,0,0,0,0,2,1,2,3,4,4,2,5,4,3,5,7,4,2,5,9,4,3,4,6,6,1,5,4,4,0,3,2,-7,-1,1,0,-4,-1,3,-2,1,3,4,-1,3,4,6,7,3,6,5,5,3,2,4,4,13,2,0,0,0,0,1,0,0,0,0,0,1,-1,3,5,-1,2,-8,2,0,0,0,0,0,2,6,7,3,6,4,5,3,2,4,4,12,-3,3,5,-1,2,-8
2581,51,1,7,2,3,4,1,6,7,1,8,5,2,5,2,4,2,5,3,3,3,1,3,3,6,2,8,6,0,0,1,0,0,1,1,0,0,1,0,0,0,0,1,1,0,0,0,0,0,0,0,1,0,0,3,0,-2,1,-2,3,6,-2,5,-1,0,-3,-4,0,-1,0,0,0,1,1,0,0,1,-1,0,0,7,2,2,4,1,5,6,1,8,4,2,5,2,4,1,4,3,3,3,1,3,3,6,1,8,6,3,1,-2,1,-2,2,5,-2,5,-2,1,-3,-4,5,3,9,4,5,3,3,3,3,7,5,8,2,1,1,0,1,0,0,0,0,1,1,2,2,0,6,-3,0,-5,2,1,1,-1,0,-2,3,2,8,4,4,3,3,3,3,6,4,6,0,-1,5,-2,0,-3
2581,51,2,0,7,4,6,4,3,6,7,8,4,4,4,7,3,3,7,3,2,3,3,2,6,3,4,6,5,0,1,1,0,0,0,2,0,0,1,0,0,2,0,1,3,0,1,1,0,0,0,0,0,0,0,-3,4,-3,3,2,0,3,5,2,1,0,-2,2,0,0,-2,0,-1,-1,2,0,0,1,0,0,2,0,6,3,6,4,3,4,7,8,3,4,4,5,3,2,4,3,1,2,3,2,6,3,4,6,5,-3,4,-1,3,3,1,1,5,2,0,0,-2,0,5,1,10,6,4,4,6,3,6,6,2,5,1,0,1,0,1,0,1,0,0,0,1,0,-1,-2,4,0,2,-1,0,0,1,0,0,0,4,1,9,6,3,4,5,3,6,6,1,5,-1,-2,3,0,2,-1
2581,52,1,4,5,6,3,6,8,1,5,2,5,11,12,7,5,1,4,3,5,4,3,4,4,9,7,4,7,0,1,0,0,0,1,0,1,0,0,2,1,0,0,0,1,0,0,0,0,1,1,0,0,0,0,-1,4,2,0,1,4,-2,1,-2,-4,4,8,0,0,1,-1,0,0,1,0,0,-1,0,2,1,0,4,4,6,3,6,7,1,4,2,5,9,11,7,5,1,3,3,5,4,3,3,3,9,7,4,7,-1,3,3,0,1,3,-2,1,-1,-4,2,7,0,4,5,6,8,3,6,1,6,2,5,3,1,0,0,1,1,0,2,0,2,0,0,0,0,3,-1,4,3,0,5,0,-2,1,1,0,2,4,5,5,7,3,4,1,4,2,5,3,1,3,1,3,2,0,3
2581,52,2,5,2,5,5,2,3,1,1,2,4,9,5,6,3,0,3,1,2,3,1,4,4,6,4,10,3,0,2,0,0,0,1,0,0,0,0,2,3,1,0,0,0,0,0,0,0,0,0,0,0,0,0,2,2,2,4,0,0,0,-3,-2,-2,5,-5,3,0,2,0,0,0,1,0,0,0,0,2,3,1,5,0,5,5,2,2,1,1,2,4,7,2,5,3,0,3,1,2,3,1,4,4,6,4,10,3,2,0,2,4,0,-1,0,-3,-2,-2,3,-8,2,3,9,10,6,3,3,3,8,2,5,5,5,1,1,1,0,0,0,1,0,0,0,0,0,0,1,8,1,-2,-2,0,1,1,0,0,0,2,8,9,6,3,3,2,8,2,5,5,5,0,0,7,1,-2,-2
2581,53,1,2,1,4,4,3,7,3,3,6,9,4,6,8,4,4,4,4,3,6,7,3,4,5,7,6,4,0,0,1,0,0,0,0,1,0,2,0,0,1,0,1,0,2,0,0,0,0,0,1,0,1,0,-2,-3,0,0,0,1,-4,0,2,4,-3,0,4,0,-1,1,-2,0,0,0,1,0,1,0,-1,1,2,1,3,4,3,7,3,2,6,7,4,6,7,4,3,4,2,3,6,7,3,4,4,7,5,4,-2,-2,-1,2,0,1,-4,-1,2,3,-3,1,3,4,2,10,6,1,8,6,2,3,6,5,4,0,1,0,0,0,1,2,0,1,2,0,2,-2,0,7,0,-4,4,-2,1,-1,-2,0,-1,4,1,10,6,1,7,4,2,2,4,5,2,0,-1,8,2,-4,5
2581,53,2,4,4,2,1,4,6,4,6,4,4,7,6,6,3,4,2,5,0,3,6,1,4,5,1,3,6,0,1,0,0,0,0,0,0,0,1,2,2,2,0,1,0,0,0,0,0,0,0,1,0,0,0,1,0,0,-4,4,3,-2,5,0,-1,6,3,0,0,0,0,0,0,0,0,0,0,0,2,2,2,4,3,2,1,4,6,4,6,4,3,5,4,4,3,3,2,5,0,3,6,1,4,4,1,3,6,1,0,0,-4,4,3,-2,5,0,-1,4,1,-2,4,8,8,5,5,5,3,4,6,3,4,2,2,2,1,1,2,1,0,0,0,0,1,0,1,4,2,2,1,3,2,2,1,1,1,1,2,6,7,4,3,4,3,4,6,3,3,2,-1,2,1,1,0,2
2581,54,1,4,6,1,1,1,3,4,8,4,0,5,6,4,3,10,2,6,1,2,7,4,3,2,6,6,4,0,1,0,1,0,0,1,0,0,0,1,1,0,0,2,0,1,0,0,1,0,1,0,0,0,0,1,-4,-1,-5,0,1,-3,4,1,-2,-1,0,0,0,-1,0,0,0,0,0,0,-1,0,1,1,0,4,5,1,0,1,3,3,8,4,0,4,5,4,3,8,2,5,1,2,6,4,2,2,6,6,4,1,-3,-1,-5,0,1,-3,4,2,-2,-2,-1,0,5,10,6,6,7,3,2,2,6,5,7,10,0,0,1,0,2,1,0,0,0,0,2,0,3,8,0,1,0,-7,0,0,1,0,0,1,5,10,5,6,5,2,2,2,6,5,5,10,3,8,-1,1,0,-8
2581,54,2,4,7,5,3,4,8,5,6,2,4,4,5,4,6,4,1,0,2,6,1,3,7,3,1,5,7,1,1,1,0,0,2,0,0,0,0,0,1,0,1,0,0,0,0,1,0,0,0,0,0,0,0,-2,3,4,3,2,2,4,3,-5,1,3,0,-3,0,1,1,0,0,1,0,0,0,0,0,1,0,3,6,4,3,4,6,5,6,2,4,4,4,4,5,4,1,0,2,5,1,3,7,3,1,5,7,-2,2,3,3,2,1,4,3,-5,1,3,-1,-3,4,2,4,4,6,6,3,5,4,3,4,2,1,0,0,0,1,2,0,0,1,0,0,0,1,-3,0,1,2,4,1,0,-1,0,1,2,3,2,4,4,5,4,3,5,3,3,4,2,0,-3,1,1,1,2
2581,55,1,3,2,5,6,0,3,7,4,5,5,8,1,3,4,10,3,4,3,6,2,4,4,4,6,3,1,0,1,2,1,0,1,0,0,0,1,0,1,0,0,0,1,0,0,2,0,0,0,0,0,0,0,-1,-8,2,2,-3,-3,5,0,1,1,2,-2,2,0,1,1,1,0,-1,0,0,0,1,0,1,0,3,1,3,5,0,2,7,4,5,4,8,0,3,4,10,2,4,3,4,2,4,4,4,6,3,1,-1,-9,1,1,-3,-2,5,0,1,0,2,-3,2,7,2,5,4,6,6,4,4,1,3,5,6,0,0,0,0,0,0,0,0,0,0,0,1,3,-2,4,1,1,0,0,0,0,0,0,-1,7,2,5,4,6,6,4,4,1,3,5,5,3,-2,4,1,1,1
2581,55,2,8,3,3,3,0,6,5,3,5,8,6,2,8,5,3,6,3,3,6,2,5,2,6,3,4,7,3,0,0,0,0,0,1,0,2,0,0,1,1,0,0,0,0,0,0,0,0,0,0,0,0,0,3,0,-3,0,-3,0,3,-2,3,2,3,-2,1,3,0,0,0,0,0,1,0,2,0,0,1,1,5,3,3,3,0,6,4,3,3,8,6,1,7,5,3,6,3,3,6,2,5,2,6,3,4,7,0,0,-3,0,-3,0,2,-2,1,2,3,-3,0,9,2,8,5,8,7,2,2,6,5,3,6,1,1,0,0,1,1,0,0,0,0,1,2,7,0,2,0,5,1,1,1,0,0,0,-1,8,1,8,5,7,6,2,2,6,5,2,4,6,-1,2,0,5,2
2581,56,1,2,5,3,4,0,2,2,4,5,3,6,4,3,2,2,2,1,2,3,0,2,3,5,5,4,5,0,0,0,1,0,0,1,0,0,1,0,0,0,1,0,0,0,0,2,0,1,0,0,1,0,0,0,3,1,3,-2,-1,2,2,2,-2,1,0,-2,-1,0,0,1,0,-2,1,-1,0,1,-1,0,0,2,5,3,3,0,2,1,4,5,2,6,4,3,1,2,2,1,2,1,0,1,3,5,4,4,5,1,3,1,2,-2,1,1,3,2,-3,2,0,-2,2,5,2,6,8,4,4,7,5,2,3,2,1,1,0,0,1,0,0,0,1,0,0,0,-2,-2,-3,4,5,2,1,1,-1,0,1,0,1,4,2,6,7,4,4,7,4,2,3,2,-3,-3,-2,4,4,2
2581,56,2,3,3,5,3,3,5,6,3,7,7,8,3,2,1,3,2,1,2,2,3,0,5,7,3,2,3,0,0,0,1,0,0,0,0,0,1,1,0,0,0,1,0,0,0,0,0,0,0,0,1,0,0,2,0,3,2,1,3,3,3,2,0,5,1,-1,0,-1,0,1,0,0,0,0,0,1,0,0,0,3,3,5,2,3,5,6,3,7,6,7,3,2,1,2,2,1,2,2,3,0,5,7,2,2,3,2,1,3,1,1,3,3,3,2,-1,5,1,-1,5,7,7,3,6,3,4,6,5,3,0,5,0,1,0,0,0,1,0,0,1,0,0,0,1,1,2,0,6,-2,0,1,-1,0,0,1,5,6,7,3,6,2,4,6,4,3,0,5,1,0,3,0,6,-3
2581,57,1,4,2,4,6,5,5,4,1,4,7,5,5,5,3,0,3,1,1,3,3,6,1,4,1,2,4,0,0,0,0,0,0,0,0,0,0,0,0,2,0,0,0,0,0,0,0,0,0,0,0,0,0,1,2,1,5,4,2,1,-5,3,3,4,3,1,0,0,0,0,0,0,0,0,0,0,0,0,2,4,2,4,6,5,5,4,1,4,7,5,5,3,3,0,3,1,1,3,3,6,1,4,1,2,4,1,2,1,5,4,2,1,-5,3,3,4,3,-1,4,3,5,0,6,8,4,3,2,4,3,7,0,0,0,0,1,0,0,0,0,1,0,1,0,0,3,-4,3,1,0,0,0,-1,1,-1,4,3,5,0,5,8,4,3,2,3,3,6,0,0,3,-3,2,2
2581,57,2,2,3,3,3,3,5,6,2,3,5,9,2,5,3,2,3,2,5,6,6,4,2,4,6,6,5,1,0,0,0,0,1,0,0,0,0,0,1,0,0,0,0,0,0,0,0,0,0,0,1,0,0,-1,1,0,1,-2,-1,0,-2,1,1,3,-4,0,1,0,0,0,0,1,0,0,0,0,-1,1,0,1,3,3,3,3,4,6,2,3,5,9,1,5,3,2,3,2,5,6,6,4,2,4,5,6,5,-2,1,0,1,-2,-2,0,-2,1,1,4,-5,0,4,3,0,4,4,3,4,3,2,5,1,3,1,0,0,0,0,0,0,0,0,1,0,0,0,0,-2,-1,3,0,1,0,0,-1,0,0,3,3,0,4,4,3,4,3,2,4,1,3,-1,0,-2,0,3,0
2581,58,1,5,2,2,4,2,2,3,4,5,5,6,3,2,1,1,4,3,3,3,1,3,1,2,4,5,4,1,0,0,0,0,0,0,1,0,0,0,0,0,0,0,1,0,1,0,0,0,0,0,0,0,1,4,1,-2,1,-1,-1,2,1,4,3,2,-2,-2,1,0,-1,0,-1,0,0,1,0,0,0,0,-1,4,2,2,4,2,2,3,3,5,5,6,3,2,1,1,3,3,2,3,1,3,1,2,4,5,3,3,1,-1,1,0,-1,2,0,4,3,2,-2,-1,3,6,1,4,2,3,6,3,1,3,3,3,0,1,0,0,0,0,0,1,0,0,0,0,-3,3,0,1,-1,0,0,0,0,0,0,0,3,5,1,4,2,3,6,2,1,3,3,3,-3,3,0,1,-1,0
2581,58,2,6,1,3,0,1,1,3,2,7,4,4,6,1,1,0,2,4,1,1,2,3,3,3,2,4,2,0,0,0,0,0,0,1,0,0,0,0,1,0,0,0,0,0,0,0,0,0,0,0,0,0,0,5,1,1,-4,0,0,1,-1,4,1,2,2,-1,0,0,0,0,0,0,1,0,0,0,0,1,0,6,1,3,0,1,1,2,2,7,4,4,5,1,1,0,2,4,1,1,2,3,3,3,2,4,2,5,1,1,-4,0,0,0,-1,4,1,2,1,-1,6,1,1,4,7,8,5,1,3,3,6,4,0,1,0,0,1,0,0,0,0,1,1,0,1,0,-2,1,1,4,0,1,0,-1,0,0,6,0,1,4,6,8,5,1,3,2,5,4,1,-1,-2,2,1,4
2581,59,1,3,5,2,3,1,2,2,3,2,4,1,4,3,2,3,1,2,2,3,2,1,6,7,1,7,1,0,0,1,0,0,0,0,0,1,0,0,1,0,0,1,0,0,0,0,0,0,1,0,0,0,0,1,2,1,1,-1,-1,0,2,-4,-3,0,-3,2,0,-1,1,0,0,0,0,0,0,0,0,1,0,3,5,1,3,1,2,2,3,1,4,1,3,3,2,2,1,2,2,3,2,1,5,7,1,7,1,1,3,0,1,-1,-1,0,2,-4,-3,0,-4,2,5,3,2,0,6,7,4,1,7,1,2,4,0,0,0,0,0,0,0,0,2,1,0,0,1,2,-5,-1,4,3,0,0,-2,-1,0,0,5,3,2,0,6,7,4,1,5,0,2,4,1,2,-3,0,4,3
2581,59,2,3,4,1,2,2,5,4,3,3,1,0,3,5,4,1,1,5,2,4,1,5,3,6,2,1,4,1,0,1,0,0,0,0,0,0,0,0,0,1,1,0,0,0,0,0,0,1,0,1,0,0,1,-1,3,0,-3,0,1,3,-2,0,-5,-2,2,1,0,0,1,0,0,0,0,-1,0,-1,0,0,0,2,4,0,2,2,5,4,3,3,1,0,3,4,3,1,1,5,2,4,1,4,3,5,2,1,3,-1,3,-1,-3,0,1,3,-1,0,-4,-2,2,1,2,3,3,4,4,8,3,3,3,3,2,5,0,0,0,0,0,1,0,0,0,0,0,0,-1,0,0,1,2,3,0,0,0,0,0,1,2,3,3,4,4,7,3,3,3,3,2,5,-1,0,0,1,2,2
2581,60,1,4,1,3,3,5,2,2,0,2,3,6,3,9,1,3,7,5,1,1,3,4,2,5,1,8,5,0,0,1,0,1,0,0,0,1,0,0,0,1,0,1,0,0,0,0,0,0,0,0,0,1,0,3,-2,-4,-2,4,1,-1,-4,0,-2,5,-5,4,0,-1,1,0,1,0,0,0,1,0,0,-1,1,4,1,2,3,4,2,2,0,1,3,6,3,8,1,2,7,5,1,1,3,4,2,5,1,7,5,3,-1,-5,-2,3,1,-1,-4,-1,-2,5,-4,3,5,4,7,4,2,6,3,4,3,3,2,2,1,0,0,0,0,1,0,0,0,0,1,0,2,0,4,1,0,4,1,0,0,0,-1,1,4,4,7,4,2,5,3,4,3,3,1,2,1,0,4,1,1,3
2581,60,2,0,5,4,3,5,4,0,3,4,2,4,1,4,3,3,0,4,2,3,0,4,3,8,2,4,2,0,1,0,0,0,0,0,0,1,0,0,0,0,0,0,0,0,0,0,0,0,0,0,0,2,0,-3,2,4,-1,3,1,0,-1,1,-6,2,-3,2,0,1,0,0,0,0,0,0,1,0,0,-2,0,0,4,4,3,5,4,0,3,3,2,4,1,4,3,3,0,4,2,3,0,4,3,8,2,2,2,-3,1,4,-1,3,1,0,-1,0,-6,2,-1,2,6,5,0,2,2,5,3,7,4,2,3,2,0,0,0,0,0,0,0,0,1,0,0,0,3,-2,-4,0,-1,3,0,0,-1,0,0,0,6,5,0,2,2,5,3,7,3,2,3,2,3,-2,-3,0,-1,3
2581,61,1,4,1,4,2,6,4,2,3,5,1,5,2,1,2,2,2,3,4,2,6,3,1,9,0,2,1,1,0,0,0,0,1,0,0,0,0,2,2,0,0,0,0,1,0,0,0,0,1,0,0,1,0,2,-1,2,-1,2,2,-4,0,4,-8,5,0,0,1,0,0,-1,0,1,0,0,-1,0,2,1,0,3,1,4,2,6,3,2,3,5,1,3,0,1,2,2,2,2,4,2,6,3,0,9,0,1,1,1,-1,2,0,2,1,-4,0,5,-8,3,-1,0,5,3,1,3,4,3,7,2,2,2,3,0,1,0,0,0,1,0,0,0,0,0,0,0,-2,1,-1,1,1,3,1,0,0,0,1,0,4,3,1,3,3,3,7,2,2,2,3,0,-3,1,-1,1,0,3
2581,61,2,2,6,4,3,2,1,1,3,5,0,3,2,3,0,3,2,5,0,2,1,2,3,2,4,3,5,1,0,0,0,0,0,0,0,0,0,0,0,0,0,0,0,0,0,1,0,0,0,0,0,0,0,2,3,2,-2,2,-1,0,1,2,-2,-1,-1,-2,1,0,0,0,0,-1,0,0,0,0,0,0,0,1,6,4,3,2,1,1,3,5,0,3,2,3,0,3,2,5,0,1,1,2,3,2,4,3,5,1,3,2,-2,2,0,0,1,2,-2,-1,-1,-2,1,5,4,6,6,7,3,0,2,2,5,2,0,0,0,1,2,0,0,0,0,0,0,0,-2,5,2,4,1,5,0,0,0,1,2,0,1,5,4,5,4,7,3,0,2,2,5,2,-2,5,2,3,-1,5
2581,62,1,1,2,5,3,1,4,5,5,4,2,3,2,3,3,2,2,2,3,3,3,2,3,2,1,4,3,1,0,0,0,0,1,0,0,0,0,1,0,0,0,0,0,0,0,0,1,0,0,0,0,0,0,-2,0,3,1,-2,1,2,3,1,0,2,-2,0,1,0,0,0,0,1,-1,0,0,0,1,0,0,0,2,5,3,1,3,5,5,4,2,2,2,3,3,2,2,2,3,3,2,2,3,2,1,4,3,-3,0,3,1,-2,0,3,3,1,0,1,-2,0,2,8,1,6,5,4,5,4,0,1,6,8,1,0,0,0,0,0,1,0,0,0,0,0,-3,4,1,5,-1,-4,0,0,0,0,0,0,1,8,1,6,5,4,4,4,0,1,6,8,-3,4,1,5,-1,-4
2581,62,2,7,1,6,3,7,1,1,6,4,2,3,7,1,5,1,4,4,3,0,4,4,1,4,5,3,5,1,0,0,0,0,0,0,0,0,0,0,1,0,0,0,0,0,0,0,0,0,0,0,0,0,0,2,0,2,-1,4,1,-3,2,3,-2,-2,4,-4,1,0,0,0,0,0,0,0,0,0,0,1,0,6,1,6,3,7,1,1,6,4,2,3,6,1,5,1,4,4,3,0,4,4,1,4,5,3,5,1,0,2,-1,4,1,-3,2,3,-2,-2,3,-4,4,0,7,5,3,6,3,4,8,4,1,4,0,0,0,0,0,3,0,0,0,0,0,1,1,-4,-1,1,2,2,0,0,0,0,0,2,4,0,7,5,3,3,3,4,8,4,1,3,1,-4,-1,1,2,0
2581,63,1,2,2,5,3,1,4,4,1,2,1,3,3,2,3,2,3,3,3,4,5,6,2,5,6,1,1,0,1,1,0,0,0,0,0,0,0,1,0,0,0,0,0,0,0,0,1,1,0,0,1,1,0,-1,0,2,0,-2,0,-1,-5,0,-4,-3,2,1,0,1,1,0,0,0,-1,-1,0,0,0,-1,0,2,1,4,3,1,4,4,1,2,1,2,3,2,3,2,3,3,3,4,4,5,2,5,5,0,1,-1,-1,1,0,-2,0,0,-4,0,-4,-3,3,1,2,3,6,5,2,3,2,2,7,3,2,3,0,0,0,1,0,1,0,0,0,0,0,0,0,1,-1,2,0,0,0,0,0,1,0,1,2,3,6,4,2,2,2,2,7,3,2,3,0,1,-1,1,0,-1
2581,63,2,5,4,5,2,3,4,2,3,2,2,6,3,3,0,3,3,6,3,2,8,4,3,6,6,4,1,0,1,0,0,0,0,0,1,1,1,1,0,0,0,0,0,0,0,0,1,0,0,0,1,0,0,5,1,2,-4,0,2,-6,-1,-1,-4,0,-1,2,0,1,0,0,0,0,-1,1,1,1,0,0,0,5,3,5,2,3,4,2,2,1,1,5,3,3,0,3,3,6,3,2,7,4,3,6,5,4,1,5,0,2,-4,0,2,-5,-2,-2,-5,0,-1,2,4,11,2,3,1,5,3,2,2,4,5,4,0,0,0,1,0,1,0,0,0,1,0,1,1,9,0,-1,-4,1,0,0,0,0,0,0,4,11,2,2,1,4,3,2,2,3,5,3,1,9,0,-1,-4,1
2581,64,1,4,6,2,3,7,1,4,3,6,6,3,6,6,2,5,2,2,4,1,3,3,4,4,2,5,3,1,0,0,0,0,0,0,0,1,1,1,0,0,0,0,0,0,1,0,0,0,0,0,0,1,0,2,1,0,1,3,0,1,0,2,2,1,1,3,1,0,0,0,-1,0,0,0,1,1,1,-1,0,3,6,2,3,7,1,4,3,5,5,2,6,6,2,5,2,2,3,1,3,3,4,4,2,4,3,1,1,0,1,4,0,1,0,1,1,0,2,3,1,2,5,3,0,5,3,4,3,3,1,3,0,0,1,0,0,0,0,1,0,0,1,0,-2,-2,2,0,-1,2,0,-1,1,0,-1,0,1,2,4,3,0,5,3,3,3,3,0,3,-2,-1,1,0,0,2
2581,64,2,0,2,1,2,5,6,2,4,6,4,5,3,4,3,2,2,4,3,1,1,3,3,2,4,4,8,0,0,0,0,0,1,0,0,0,0,0,1,0,0,0,0,0,0,0,0,0,0,0,0,0,1,-3,0,-1,-2,2,5,1,1,3,2,1,-1,-4,0,0,0,0,0,1,0,0,0,0,0,1,-1,0,2,1,2,5,5,2,4,6,4,5,2,4,3,2,2,4,3,1,1,3,3,2,4,4,7,-3,0,-1,-2,2,4,1,1,3,2,1,-2,-3,1,5,2,1,4,3,1,2,5,4,6,2,0,0,0,0,0,0,0,0,1,0,0,0,0,3,-3,-3,-2,1,0,0,-1,0,0,0,1,5,2,1,4,3,1,2,4,4,6,2,0,3,-2,-3,-2,1
2581,65,1,0,3,3,1,5,4,2,7,7,4,3,6,5,3,1,4,3,4,1,5,3,1,6,4,7,7,0,0,0,0,0,0,1,0,0,1,0,0,0,0,0,0,0,0,1,1,0,0,0,1,0,1,-3,2,-1,-2,1,3,-3,4,6,-2,-1,-1,-2,0,0,0,0,0,-1,0,0,0,1,-1,0,-1,0,3,3,1,5,4,1,7,7,3,3,6,5,3,1,4,3,4,0,4,3,1,6,3,7,6,-3,2,-1,-2,1,4,-3,4,6,-3,0,-1,-1,2,1,8,5,4,3,4,1,3,3,2,3,0,0,0,0,0,0,0,1,0,0,0,0,-2,0,5,2,2,0,0,-1,0,0,0,0,2,1,8,5,4,3,4,0,3,3,2,3,-2,1,5,2,2,0
2581,65,2,3,8,1,7,3,7,3,7,4,5,2,4,7,3,2,2,5,3,2,1,2,3,5,1,4,8,0,1,0,1,0,0,0,0,0,0,0,0,0,0,0,0,1,0,0,0,0,0,0,0,0,0,0,6,-1,2,0,5,2,5,1,0,1,0,-1,0,1,0,0,0,0,0,0,0,0,0,0,0,3,7,1,6,3,7,3,7,4,5,2,4,7,3,2,2,4,3,2,1,2,3,5,1,4,8,0,5,-1,2,0,5,2,5,1,0,1,0,-1,0,3,5,2,4,4,5,3,9,1,3,3,0,0,0,0,0,0,1,0,0,0,0,0,-5,0,-4,1,1,1,-1,0,0,0,0,0,0,3,5,2,4,4,4,3,9,1,3,3,-4,0,-4,1,1,1
2581,66,1,3,4,4,3,5,3,6,3,7,6,7,3,3,1,3,3,4,1,1,5,1,5,3,5,4,6,0,0,1,0,0,1,1,0,1,0,1,0,0,0,0,0,0,0,0,0,0,1,0,0,1,0,2,1,1,-1,4,2,1,2,2,3,2,-1,-3,0,0,1,0,0,1,1,0,0,0,1,-1,0,3,4,3,3,5,2,5,3,6,6,6,3,3,1,3,3,4,1,1,5,1,4,3,5,3,6,2,1,0,-1,4,1,0,2,2,3,1,0,-3,3,3,7,2,3,4,1,6,2,3,4,4,0,0,1,0,0,1,0,1,0,0,0,2,2,-3,5,-1,-1,0,0,-1,1,0,0,-1,3,3,6,2,3,3,1,5,2,3,4,2,2,-2,4,-1,-1,1
2581,66,2,0,3,4,3,9,2,4,3,0,2,4,2,5,3,1,2,1,2,4,2,4,1,4,3,5,4,0,0,0,0,0,0,0,0,0,0,0,0,0,0,1,0,0,0,1,0,0,0,0,0,0,0,-3,2,2,2,7,-2,2,-1,-1,-2,1,-3,1,0,-1,0,0,0,-1,0,0,0,0,0,0,0,0,3,4,3,9,2,4,3,0,2,4,2,5,3,0,2,1,2,3,2,4,1,4,3,5,4,-3,3,2,2,7,-1,2,-1,-1,-2,1,-3,1,3,2,1,5,5,3,1,0,2,3,3,4,0,1,0,1,1,2,0,0,0,0,0,0,2,2,-1,2,2,-1,0,1,0,1,1,2,3,1,1,4,4,1,1,0,2,3,3,4,2,1,-1,1,1,-3
2581,67,1,3,2,1,3,2,3,4,3,3,2,2,5,0,1,0,1,0,1,2,3,3,2,3,4,4,4,0,0,0,0,0,0,0,0,1,0,0,1,0,0,0,0,0,0,0,0,0,1,0,0,0,0,2,2,0,3,1,1,1,0,1,-1,-2,1,-4,0,0,0,0,0,0,0,0,0,0,0,1,0,3,2,1,3,2,3,4,3,2,2,2,4,0,1,0,1,0,1,2,3,3,1,3,4,4,4,2,2,0,3,1,1,1,0,1,-1,-2,0,-4,3,5,1,3,3,3,4,3,1,2,4,2,0,0,0,0,0,1,0,0,0,0,0,0,-1,2,0,1,-1,1,0,0,0,0,0,1,3,5,1,3,3,2,4,3,1,2,4,2,-1,2,0,1,-1,0
2581,67,2,2,2,2,2,0,4,3,2,3,4,3,5,4,1,2,0,0,0,5,3,4,0,4,4,3,5,0,0,0,1,0,0,0,0,1,0,0,0,0,0,0,0,0,0,0,0,0,0,0,0,0,0,1,0,2,2,0,-1,0,-2,3,0,-1,2,-1,0,0,0,1,0,0,0,0,1,0,0,0,0,2,2,2,1,0,4,3,2,2,4,3,5,4,1,2,0,0,0,5,3,4,0,4,4,3,5,1,0,2,1,0,-1,0,-2,2,0,-1,2,-1,2,2,3,1,4,3,8,5,3,3,2,1,0,0,0,0,0,0,0,0,0,0,0,0,-6,-3,0,-2,2,2,0,0,0,0,0,0,2,2,3,1,4,3,8,5,3,3,2,1,-6,-3,0,-2,2,2
2581,68,1,0,1,1,8,4,2,0,1,2,1,4,0,2,3,1,1,1,3,1,0,2,3,1,5,6,2,0,0,0,1,0,0,0,0,0,0,0,0,0,0,0,0,0,0,0,0,0,0,0,0,0,0,-3,0,0,7,1,1,0,-1,-1,0,-1,-6,0,0,0,0,1,0,0,0,0,0,0,0,0,0,0,1,1,7,4,2,0,1,2,1,4,0,2,3,1,1,1,3,1,0,2,3,1,5,6,2,-3,0,0,6,1,1,0,-1,-1,0,-1,-6,0,1,4,6,2,4,1,0,8,3,0,3,2,0,0,0,0,1,0,0,1,0,0,0,0,1,-4,3,2,1,-1,0,-1,0,0,1,0,1,4,6,2,3,1,0,7,3,0,3,2,1,-3,3,2,0,-1
2581,68,2,2,1,3,3,3,1,4,1,5,2,6,3,3,1,0,0,2,1,0,1,2,0,6,1,4,0,0,0,0,0,0,0,0,0,0,0,0,0,0,0,0,0,0,0,0,0,0,0,0,0,0,0,1,1,3,1,2,1,3,-1,5,-4,5,-1,3,0,0,0,0,0,0,0,0,0,0,0,0,0,2,1,3,3,3,1,4,1,5,2,6,3,3,1,0,0,2,1,0,1,2,0,6,1,4,0,1,1,3,1,2,1,3,-1,5,-4,5,-1,3,0,3,3,8,4,5,2,9,3,0,3,6,0,0,2,2,0,0,0,0,0,0,0,0,-2,-6,0,8,1,-1,0,0,2,2,0,0,0,3,1,6,4,5,2,9,3,0,3,6,-2,-6,-2,6,1,-1
2581,69,1,3,3,1,0,3,6,3,2,2,6,2,6,3,0,3,1,3,1,1,2,5,1,5,3,1,3,1,1,0,0,0,0,0,0,0,0,0,0,0,0,0,0,0,0,0,0,0,0,0,0,1,0,3,0,0,-3,2,5,1,-3,1,1,-1,5,0,1,1,0,0,0,0,0,0,0,0,0,-1,0,2,2,1,0,3,6,3,2,2,6,2,6,3,0,3,1,3,1,1,2,5,1,5,3,0,3,2,-1,0,-3,2,5,1,-3,1,1,-1,6,0,3,3,4,2,1,1,6,2,3,4,4,8,0,0,0,0,0,0,0,0,0,0,0,0,-3,1,1,-2,-3,-7,0,0,0,0,0,0,3,3,4,2,1,1,6,2,3,4,4,8,-3,1,1,-2,-3,-7
2581,69,2,1,3,1,1,1,1,1,1,3,2,2,2,3,0,0,0,2,2,3,0,3,2,2,0,4,3,0,0,0,0,0,0,0,0,0,0,0,0,0,0,0,0,0,0,0,0,1,0,0,0,0,0,1,3,1,-1,-1,-2,1,-2,1,0,2,-2,0,0,0,0,0,0,0,0,-1,0,0,0,0,0,1,3,1,1,1,1,1,1,3,2,2,2,3,0,0,0,2,2,3,0,2,2,2,0,4,3,1,3,1,-1,-1,-2,1,-1,1,0,2,-2,0,4,4,8,2,0,1,3,5,2,1,1,0,1,0,0,0,0,0,0,1,0,0,0,0,1,-1,6,1,-1,1,1,-1,0,0,0,0,3,4,8,2,0,1,3,4,2,1,1,0,0,0,6,1,-1,1
2581,70,1,0,1,4,1,0,0,3,0,1,4,4,1,2,1,2,2,2,3,2,2,1,1,1,3,3,3,0,0,0,0,0,0,0,0,0,0,0,1,2,0,0,0,1,0,0,0,0,0,0,0,0,0,-1,-1,2,-1,-3,-2,1,-1,0,3,1,-2,-1,0,0,0,-1,0,0,0,0,0,0,0,1,2,0,1,4,1,0,0,3,0,1,4,4,0,0,1,2,2,1,3,2,2,1,1,1,3,3,3,-1,-1,2,0,-3,-2,1,-1,0,3,1,-3,-3,1,3,5,2,1,1,2,3,5,4,1,3,0,0,0,0,0,0,0,0,0,0,0,0,-1,0,0,-2,0,-2,0,0,0,0,0,0,1,3,5,2,1,1,2,3,5,4,1,3,-1,0,0,-2,0,-2
2581,70,2,3,4,2,4,2,3,4,2,2,3,3,7,1,2,1,2,1,1,2,1,3,0,2,4,2,1,0,0,0,0,0,0,0,0,0,1,0,1,0,0,0,0,0,0,0,0,0,0,0,0,0,0,1,3,0,3,1,1,3,-1,2,1,-1,5,0,0,0,0,0,0,0,0,0,0,1,0,1,0,3,4,2,4,2,3,4,2,2,2,3,6,1,2,1,2,1,1,2,1,3,0,2,4,2,1,1,3,0,3,1,1,3,-1,2,0,-1,4,0,2,2,6,4,1,1,1,6,2,0,1,2,1,0,0,0,0,0,1,1,1,0,0,1,1,-4,4,4,0,-1,0,-1,-1,0,0,-1,1,2,6,4,1,1,0,5,1,0,1,1,1,-3,5,4,0,0
2581,71,1,0,1,0,0,3,2,0,1,3,2,0,5,2,2,0,2,4,0,0,1,4,3,0,3,2,4,0,0,0,0,0,0,0,0,0,0,0,0,0,0,0,0,0,0,0,0,1,0,0,0,0,0,-2,1,-2,-4,3,2,-1,-3,0,2,-3,3,-2,0,0,0,0,0,0,0,-1,0,0,0,0,0,0,1,0,0,3,2,0,1,3,2,0,5,2,2,0,2,4,0,0,1,3,3,0,3,2,4,-2,1,-2,-4,3,2,-1,-2,0,2,-3,3,-2,3,4,2,2,4,0,5,3,5,0,3,2,0,0,0,0,0,0,1,0,0,0,0,0,-2,1,-3,2,1,-2,-1,0,0,0,0,0,3,4,2,2,4,0,4,3,5,0,3,2,-1,1,-3,2,1,-2
2581,71,2,3,0,2,1,6,3,0,3,0,2,7,0,4,1,2,2,1,0,1,2,0,1,0,1,1,6,0,0,0,0,0,0,0,0,0,1,0,0,0,0,0,0,0,0,0,0,0,0,0,0,0,0,2,-2,0,0,6,2,-2,3,-1,2,6,-1,-2,0,0,0,0,0,0,0,0,0,1,0,0,0,3,0,2,1,6,3,0,3,0,1,7,0,4,1,2,2,1,0,1,2,0,1,0,1,1,6,2,-2,0,0,6,2,-2,3,-1,1,6,-1,-2,3,1,3,2,3,3,2,2,1,4,2,2,0,0,0,0,0,1,0,0,0,0,0,0,1,-1,2,-2,1,1,0,0,0,0,0,1,3,1,3,2,3,2,2,2,1,4,2,2,1,-1,2,-2,1,0
2581,72,1,1,2,4,1,2,1,0,1,0,3,1,1,2,0,1,2,2,1,0,3,3,0,1,1,2,2,0,0,0,1,0,0,0,0,0,0,0,0,0,0,0,0,1,0,0,1,0,0,0,0,0,0,1,1,2,-1,1,1,-3,-2,0,2,0,-1,0,0,0,0,0,0,0,-1,0,0,0,0,0,0,1,2,4,0,2,1,0,1,0,3,1,1,2,0,1,2,1,1,0,2,3,0,1,1,2,2,1,1,2,-1,1,1,-2,-2,0,2,0,-1,0,3,1,6,3,1,1,2,3,1,2,5,3,0,0,0,0,0,0,0,0,0,0,0,0,1,-2,5,1,-4,-2,0,0,0,0,0,0,3,1,6,3,1,1,2,3,1,2,5,3,1,-2,5,1,-4,-2
2581,72,2,3,5,3,1,2,2,2,1,1,0,2,4,2,1,0,2,1,1,3,0,0,5,0,1,1,2,0,0,0,0,0,0,0,0,0,0,0,1,0,0,0,0,0,0,0,0,0,1,0,0,0,0,2,5,1,0,1,-1,2,1,-4,0,1,3,0,0,0,0,0,0,0,0,0,-1,0,0,1,0,3,5,3,1,2,2,2,1,1,0,2,3,2,1,0,2,1,1,3,0,0,4,0,1,1,2,2,5,1,0,1,-1,2,1,-3,0,1,2,0,3,1,5,3,4,0,0,3,3,4,2,3,0,0,0,0,0,0,0,0,0,0,1,0,3,-2,2,-1,2,-3,0,0,0,0,-1,0,3,1,5,3,4,0,0,3,3,4,1,3,3,-2,2,-1,3,-3
2581,73,1,2,3,1,1,0,1,1,1,1,1,6,0,0,2,1,1,2,3,0,1,3,1,2,1,1,0,0,0,0,0,0,0,0,0,0,0,0,0,0,0,0,0,1,0,0,0,0,0,0,0,0,0,0,2,0,-1,-3,1,0,-2,0,-1,5,-1,0,0,0,0,-1,0,0,0,0,0,0,0,0,0,2,3,1,1,0,1,1,1,1,1,6,0,0,2,1,1,1,3,0,1,3,1,2,1,1,0,0,2,0,0,-3,1,0,-2,0,-1,5,-1,0,1,2,2,2,1,1,1,3,1,0,1,2,0,0,0,0,0,0,0,0,0,0,0,0,0,-1,1,2,0,-1,0,0,0,0,0,0,1,2,2,2,1,1,1,3,1,0,1,2,0,-1,1,2,0,-1
2581,73,2,0,3,1,0,0,3,1,1,3,1,3,1,3,1,3,0,2,0,1,3,0,0,2,1,4,3,0,0,0,0,0,0,0,0,0,0,0,0,0,0,0,0,0,0,0,0,0,0,0,0,0,0,-1,0,1,-2,0,2,-2,1,3,-1,2,-3,0,0,0,0,0,0,0,0,0,0,0,0,0,0,0,3,1,0,0,3,1,1,3,1,3,1,3,1,3,0,2,0,1,3,0,0,2,1,4,3,-1,0,1,-2,0,2,-2,1,3,-1,2,-3,0,1,1,1,1,3,0,3,1,2,1,0,3,0,0,0,0,0,0,0,0,0,0,0,1,-2,0,-1,0,3,-3,0,0,0,0,0,-1,1,1,1,1,3,0,3,1,2,1,0,2,-2,0,-1,0,3,-2
2581,74,1,1,3,1,0,2,0,3,1,2,6,1,2,1,1,4,0,1,2,1,2,3,1,1,1,5,1,0,0,0,0,1,0,1,0,0,0,0,0,0,0,0,0,0,1,0,1,0,0,0,1,0,0,0,-1,1,-1,0,-1,1,-2,1,5,0,-3,0,0,0,0,0,0,0,0,0,0,0,-1,0,0,1,3,1,0,1,0,2,1,2,6,1,2,1,1,4,0,1,1,1,1,3,1,1,0,5,1,0,-1,1,-1,0,-1,1,-2,1,5,1,-3,0,1,2,4,3,2,3,4,1,2,1,4,0,0,0,0,0,0,0,0,0,0,0,0,0,-3,1,2,2,-2,3,0,0,0,0,0,0,1,2,4,3,2,3,4,1,2,1,4,0,-3,1,2,2,-2,3
2581,74,2,1,0,2,1,0,1,2,1,0,2,1,3,3,0,2,0,1,2,2,0,3,0,0,1,1,2,0,0,0,0,0,0,0,0,0,0,0,0,0,0,0,0,0,0,0,0,0,0,0,0,0,0,1,-2,2,0,-2,-1,2,-2,0,2,0,2,1,0,0,0,0,0,0,0,0,0,0,0,0,0,1,0,2,1,0,1,2,1,0,2,1,3,3,0,2,0,1,2,2,0,3,0,0,1,1,2,1,-2,2,0,-2,-1,2,-2,0,2,0,2,1,1,1,3,2,0,1,2,6,1,2,6,2,0,0,0,0,0,0,0,0,0,0,0,0,-1,-5,2,0,-6,-1,0,0,0,0,0,0,1,1,3,2,0,1,2,6,1,2,6,2,-1,-5,2,0,-6,-1
2581,75,1,3,2,5,2,0,2,1,2,0,0,1,3,2,1,2,3,1,1,2,0,2,0,1,0,1,2,0,0,0,0,0,0,0,0,0,0,0,0,0,0,0,0,0,0,0,0,1,0,0,0,0,0,2,0,2,1,-1,0,1,0,0,-1,1,2,0,0,0,0,0,0,0,0,-1,0,0,0,0,0,3,2,5,2,0,2,1,2,0,0,1,3,2,1,2,3,1,1,2,0,1,0,1,0,1,2,2,0,2,1,-1,0,1,1,0,-1,1,2,0,1,1,2,1,3,2,2,2,0,2,4,3,0,1,0,0,0,1,0,1,0,0,0,1,-1,-1,2,-1,-1,-1,0,0,0,0,0,0,1,0,2,1,3,1,2,1,0,2,4,2,-1,-1,2,-1,-1,-1
2581,75,2,2,0,3,0,5,3,5,1,1,0,1,1,2,0,0,1,2,1,1,0,2,0,1,1,2,2,1,0,0,0,0,1,1,0,0,0,0,0,0,0,0,0,0,0,0,0,0,0,0,0,0,0,2,0,2,-2,4,2,5,-1,1,-1,0,-1,0,1,0,0,0,0,1,1,0,0,0,0,0,0,1,0,3,0,5,2,4,1,1,0,1,1,2,0,0,1,2,1,1,0,2,0,1,1,2,2,1,0,2,-2,4,1,4,-1,1,-1,0,-1,0,0,3,2,1,3,2,1,3,1,2,3,4,0,0,0,0,0,0,0,0,0,0,0,0,-1,0,1,-1,0,-2,0,0,0,0,0,0,0,3,2,1,3,2,1,3,1,2,3,4,-1,0,1,-1,0,-2
2581,76,1,1,0,0,2,2,2,2,0,1,0,1,2,1,0,0,1,0,2,1,1,1,0,0,0,0,0,0,0,0,0,0,0,0,0,0,0,0,0,1,0,0,0,0,0,0,0,0,0,0,0,0,0,1,0,-1,2,0,1,1,-1,1,0,1,2,1,0,0,0,0,0,0,0,0,0,0,0,0,1,1,0,0,2,2,2,2,0,1,0,1,2,0,0,0,1,0,2,1,1,1,0,0,0,0,0,1,0,-1,2,0,1,1,-1,1,0,1,2,0,2,1,0,2,2,4,2,4,0,2,0,2,0,0,0,1,0,0,0,0,0,0,0,0,0,-3,0,0,2,2,0,0,0,1,0,0,2,1,0,1,2,4,2,4,0,2,0,2,0,-3,0,-1,2,2
2581,76,2,1,3,2,1,1,1,4,1,0,2,0,1,1,2,2,2,0,2,2,2,2,1,0,2,0,1,0,0,0,0,0,0,0,0,0,0,0,0,0,0,0,0,0,0,0,0,0,0,0,0,0,0,-1,1,0,1,-1,-1,2,-1,-1,2,-2,1,0,0,0,0,0,0,0,0,0,0,0,0,0,0,1,3,2,1,1,1,4,1,0,2,0,1,1,2,2,2,0,2,2,2,2,1,0,2,0,1,-1,1,0,1,-1,-1,2,-1,-1,2,-2,1,0,3,2,0,1,3,2,2,2,1,1,6,2,0,0,0,0,0,0,0,0,0,0,0,0,1,0,-1,0,-3,0,0,0,0,0,0,0,3,2,0,1,3,2,2,2,1,1,6,2,1,0,-1,0,-3,0
2581,77,1,4,0,1,0,0,2,3,0,0,1,0,1,1,1,1,0,0,1,2,1,0,1,1,0,2,2,0,0,0,0,0,0,0,0,0,0,0,0,0,0,0,0,0,0,0,0,0,0,0,0,0,0,3,-1,1,0,-1,0,2,0,-1,0,0,-1,-1,0,0,0,0,0,0,0,0,0,0,0,0,0,4,0,1,0,0,2,3,0,0,1,0,1,1,1,1,0,0,1,2,1,0,1,1,0,2,2,3,-1,1,0,-1,0,2,0,-1,0,0,-1,-1,2,0,1,1,2,0,0,0,1,0,6,3,0,0,0,0,0,0,0,0,0,0,0,0,2,0,0,1,-4,-3,0,0,0,0,0,0,2,0,1,1,2,0,0,0,1,0,6,3,2,0,0,1,-4,-3
2581,77,2,2,1,0,1,0,0,1,1,0,1,5,2,2,1,0,1,2,2,1,0,0,0,0,1,1,1,0,0,0,0,0,0,0,0,0,0,0,0,1,0,0,0,0,0,0,0,0,0,0,0,0,0,1,1,-1,-1,-2,-1,1,1,0,1,4,1,1,0,0,0,0,0,0,0,0,0,0,0,0,1,2,1,0,1,0,0,1,1,0,1,5,2,1,1,0,1,2,2,1,0,0,0,0,1,1,1,1,1,-1,-1,-2,-1,1,1,0,1,4,1,0,1,5,1,5,1,1,0,0,1,1,1,2,0,0,0,0,0,0,0,0,0,1,0,0,1,5,0,4,0,-1,0,0,0,-1,0,0,1,5,1,5,1,1,0,0,1,0,1,2,1,5,0,5,0,-1
2581,78,1,0,0,0,1,1,2,1,1,1,1,3,3,0,1,1,0,1,1,1,0,1,1,0,1,1,1,0,0,0,0,0,0,0,0,0,0,1,0,0,0,0,0,0,0,0,0,0,0,0,1,0,0,-1,-1,0,0,0,1,1,0,0,1,2,2,-1,0,0,0,0,0,0,0,0,0,0,0,0,0,0,0,0,1,1,2,1,1,1,1,2,3,0,1,1,0,1,1,1,0,1,1,0,0,1,1,-1,-1,0,0,0,1,1,0,0,1,2,2,-1,0,1,0,1,1,0,2,0,1,2,1,2,0,0,0,0,0,0,0,0,0,0,0,0,-2,1,-1,-1,0,-2,0,0,0,0,0,0,0,1,0,1,1,0,2,0,1,2,1,2,-2,1,-1,-1,0,-2
2581,78,2,0,2,2,2,3,1,1,1,1,2,2,5,0,1,1,1,2,0,1,1,0,4,1,0,3,0,0,0,0,0,0,0,0,0,0,0,0,0,0,0,0,0,0,0,0,0,0,1,0,0,0,0,-1,1,1,0,3,0,0,1,-3,1,2,2,0,0,0,0,0,0,0,0,0,-1,0,0,0,0,0,2,2,2,3,1,1,1,1,2,2,5,0,1,1,1,2,0,1,1,0,3,1,0,3,0,-1,1,1,0,3,0,0,1,-2,1,2,2,0,0,4,1,2,1,2,1,2,1,3,3,2,0,1,0,0,0,0,0,0,0,0,0,0,-1,2,0,-1,-2,0,0,1,0,0,0,0,0,3,1,2,1,2,1,2,1,3,3,2,-1,1,0,-1,-2,0
2581,79,1,0,1,1,0,1,0,1,1,0,1,1,0,1,0,0,1,0,0,1,0,0,0,0,0,1,1,0,0,0,0,0,0,0,0,0,0,0,0,0,0,0,0,0,0,0,0,0,0,0,0,0,0,0,1,0,0,1,-1,1,1,0,1,1,-1,0,0,0,0,0,0,0,0,0,0,0,0,0,0,0,1,1,0,1,0,1,1,0,1,1,0,1,0,0,1,0,0,1,0,0,0,0,0,1,1,0,1,0,0,1,-1,1,1,0,1,1,-1,0,0,2,1,1,1,1,0,2,1,2,0,1,0,0,0,0,0,0,0,0,0,0,0,0,0,0,0,-1,1,0,0,0,0,0,0,0,0,2,1,1,1,1,0,2,1,2,0,1,0,0,0,-1,1,0
2581,79,2,1,0,1,1,1,1,3,1,1,2,2,0,2,0,0,1,1,0,0,0,1,1,3,2,2,2,0,0,0,0,0,0,0,0,0,0,0,0,0,0,0,0,0,0,0,0,0,0,0,0,0,0,1,0,0,0,1,1,3,0,0,-1,0,-2,0,0,0,0,0,0,0,0,0,0,0,0,0,0,1,0,1,1,1,1,3,1,1,2,2,0,2,0,0,1,1,0,0,0,1,1,3,2,2,2,1,0,0,0,1,1,3,0,0,-1,0,-2,0,3,1,0,1,4,3,0,2,0,0,2,4,0,0,0,0,0,0,0,0,0,0,0,0,3,-1,0,1,2,-1,0,0,0,0,0,0,3,1,0,1,4,3,0,2,0,0,2,4,3,-1,0,1,2,-1
2560,0,1,4,0,1,1,2,6,5,1,3,3,2,5,0,3,1,1,0,2,0,3,0,1,2,3,2,1,3,0,0,0,1,1,3,0,1,1,0,3,0,0,0,0,0,0,0,0,0,0,0,0,0,0,1,-1,0,1,0,6,2,1,2,1,-1,3,-1,3,0,0,0,1,1,3,0,1,1,0,3,0,1,0,1,1,1,5,2,1,2,2,2,2,0,3,1,1,0,2,0,3,0,1,2,3,2,1,-2,-1,0,1,-1,5,-1,1,1,0,-1,0,-1,2,2,2,3,2,0,0,1,1,3,1,0,0,0,0,0,1,0,0,0,0,0,0,0,2,1,1,0,1,0,0,0,0,0,1,0,2,2,2,3,1,0,0,1,1,3,1,0,2,1,1,0,0,0
2560,0,2,4,1,0,1,1,1,1,0,0,1,3,3,0,1,1,2,1,0,2,2,0,1,1,2,3,1,1,1,0,1,0,1,0,0,0,0,2,2,0,0,0,0,0,0,0,0,0,0,0,0,0,0,3,0,-2,0,1,-1,-1,0,-1,0,1,0,-1,1,1,0,1,0,1,0,0,0,0,2,2,0,3,0,0,0,1,0,1,0,0,1,1,1,0,1,1,2,1,0,2,2,0,1,1,2,3,1,2,-1,-2,-1,1,-2,-1,0,-1,0,-1,-2,-1,0,2,1,0,1,2,1,1,1,2,0,1,0,0,1,0,1,1,0,0,0,0,0,0,-1,1,0,-2,1,1,0,0,1,0,1,1,0,2,0,0,0,1,1,1,1,2,0,1,-1,1,-1,-2,0,0
2560,1,1,2,3,3,2,1,4,4,4,2,8,2,13,5,2,1,0,4,0,4,2,2,2,6,3,8,10,1,1,0,1,0,0,1,1,2,4,1,6,3,0,0,0,0,0,0,0,0,0,2,0,0,1,0,2,3,-2,1,0,2,2,0,2,-1,5,-5,1,1,0,1,0,0,1,1,2,2,1,6,2,1,2,3,1,1,4,3,3,0,4,1,7,2,2,1,0,4,0,4,2,2,2,4,3,8,9,-1,1,3,-3,1,0,1,1,-2,0,-2,-1,-7,2,4,2,4,1,3,1,1,3,1,2,0,1,0,0,1,0,0,0,0,0,0,0,0,1,3,-1,3,-1,3,1,0,0,1,0,0,1,4,2,3,1,3,1,1,3,1,2,0,0,3,-1,2,-1,3
2560,1,2,11,2,2,6,4,5,4,4,1,4,9,5,2,3,5,4,5,3,3,5,3,1,4,3,4,2,4,2,2,2,2,4,1,1,1,1,3,2,0,0,1,0,0,0,0,1,0,0,0,0,0,0,8,-3,-2,1,1,2,-1,1,0,0,6,1,0,4,1,2,2,2,4,0,1,1,1,3,2,0,7,0,0,4,2,1,3,3,0,3,6,3,2,3,4,4,5,3,3,4,3,1,4,3,4,2,4,-4,-4,-1,-1,-2,-1,0,-1,-1,3,-1,0,3,2,5,1,2,5,3,0,3,3,3,1,1,1,1,0,0,3,0,0,0,0,0,0,0,2,2,-2,-1,4,1,1,1,0,0,3,2,1,4,1,2,2,3,0,3,3,3,1,-1,1,1,-2,-1,1
2560,2,1,3,0,4,4,2,4,4,3,6,6,6,5,7,3,1,3,3,1,3,3,2,0,6,1,1,7,2,0,2,1,1,2,2,0,3,4,0,4,2,0,0,0,0,0,1,0,0,0,0,0,0,0,0,-1,1,1,1,1,1,1,6,0,5,4,0,2,0,2,1,1,1,2,0,3,4,0,4,2,1,0,2,3,1,2,2,3,3,2,6,1,5,3,1,3,3,1,2,3,2,0,6,1,1,7,-2,-1,-1,0,0,0,-1,1,3,-4,5,0,-2,6,3,1,6,2,5,2,2,1,5,2,1,2,1,1,3,1,2,0,0,0,0,1,0,4,1,0,1,0,4,2,1,1,3,0,2,4,2,0,3,1,3,2,2,1,5,1,1,2,0,-1,-2,0,2
2560,2,2,4,0,1,4,2,2,1,4,2,2,5,4,2,0,3,2,2,0,4,5,1,3,1,4,5,2,1,0,0,1,1,2,0,2,1,1,1,3,0,0,0,0,0,0,0,1,0,0,0,0,0,0,4,-3,-1,2,2,-2,-4,3,-1,1,1,-1,0,1,0,0,1,1,2,-1,2,1,1,1,3,0,3,0,1,3,1,0,1,2,1,1,4,1,2,0,3,2,2,0,4,4,1,3,1,4,5,2,3,-3,-1,1,1,-4,-3,1,-2,0,0,-4,0,4,4,2,4,2,0,2,2,3,2,1,0,0,1,1,1,1,0,0,0,0,0,0,0,2,2,-1,2,1,0,0,1,1,1,1,0,4,3,1,3,1,0,2,2,3,2,1,0,2,1,-2,1,0,0
2560,3,1,2,4,6,2,6,5,2,3,2,1,6,6,3,2,2,2,3,4,2,2,3,3,0,3,7,5,1,1,2,0,4,2,0,1,1,0,2,4,2,0,0,0,0,0,0,1,0,1,0,0,0,0,0,2,4,-1,2,3,0,0,-1,1,3,-1,-2,1,1,2,0,4,2,-1,1,0,0,2,4,2,1,3,4,2,2,3,2,2,1,1,4,2,1,2,2,2,3,4,2,1,3,2,0,3,7,5,-1,1,2,-1,-2,1,1,-1,-1,1,1,-5,-4,3,3,1,2,3,0,4,4,3,2,1,3,2,1,0,1,1,0,0,0,0,0,0,2,-1,-1,-2,0,2,-3,2,1,0,1,1,-2,1,2,1,1,2,0,4,4,3,2,1,1,-3,-2,-2,-1,1,-1
2560,3,2,5,3,2,4,1,2,6,4,6,6,3,5,6,3,1,3,5,3,4,3,2,3,3,4,2,4,2,0,1,1,0,1,1,3,1,2,1,4,2,0,0,0,1,1,1,0,0,0,0,1,0,0,2,2,-1,-1,-2,-2,3,2,3,3,-1,3,2,2,0,1,0,-1,0,1,3,1,2,0,4,2,3,3,1,3,1,1,5,1,5,4,2,1,4,3,1,3,4,2,3,3,2,3,3,3,2,4,0,2,-2,-1,-1,-2,2,-1,2,1,-1,-1,0,1,0,1,5,1,2,5,3,3,1,2,1,1,0,0,0,1,2,0,0,1,0,0,0,-4,-3,-2,4,-1,1,1,0,-1,0,1,2,0,0,1,5,0,0,5,3,2,1,2,1,-5,-3,-1,4,-2,-1
2560,4,1,3,2,3,5,2,3,4,1,4,2,2,5,3,1,1,1,3,0,6,4,1,2,5,3,2,6,2,0,2,4,1,3,2,0,2,1,2,1,1,0,0,0,0,0,0,0,0,0,0,0,0,2,2,1,2,2,2,-3,0,0,2,-3,-1,3,-3,2,0,2,4,1,3,2,0,2,1,2,1,-1,1,2,1,1,1,0,2,1,2,1,0,4,2,1,1,1,3,0,6,4,1,2,5,3,2,4,0,1,0,-2,1,-6,-2,0,0,-4,-3,2,-2,2,3,1,0,1,2,0,2,1,2,0,0,1,0,0,0,0,0,0,0,0,0,0,0,2,1,0,-2,1,2,1,0,0,0,0,0,1,3,1,0,1,2,0,2,1,2,0,0,1,1,0,-2,1,2
2560,4,2,1,4,3,1,2,2,0,0,1,6,1,5,2,1,4,3,3,0,0,2,0,1,4,0,3,3,1,2,1,1,1,1,0,0,0,2,0,3,1,0,1,0,0,0,0,0,0,0,0,0,0,0,0,0,0,-2,2,2,-2,0,0,2,1,2,-1,1,1,1,1,1,1,0,0,0,2,0,3,1,0,2,2,0,1,1,0,0,1,4,1,2,1,1,3,3,3,0,0,2,0,1,4,0,3,3,-1,-1,-1,-3,1,1,-2,0,0,0,1,-1,-2,2,3,4,4,3,4,3,1,3,2,1,1,1,1,2,0,2,1,0,0,0,0,0,0,-1,2,1,2,2,3,1,1,2,0,2,1,1,2,2,4,1,3,3,1,3,2,1,1,-2,1,-1,2,0,2
2560,5,1,3,5,1,5,5,5,1,5,5,2,1,3,4,1,4,1,6,1,4,4,2,2,2,1,3,3,2,1,0,2,2,5,0,3,3,1,0,2,2,0,0,0,1,0,1,1,0,0,0,0,0,0,2,1,0,-1,4,1,-3,3,3,0,0,0,1,2,1,0,1,2,4,-1,3,3,1,0,2,2,1,4,1,3,3,0,1,2,2,1,1,1,2,1,4,1,5,1,3,3,2,2,2,1,3,3,0,0,0,-2,2,-3,-2,0,0,-1,0,-2,-1,2,5,3,3,2,1,4,4,4,6,0,3,0,2,0,1,1,0,0,0,0,0,0,2,-2,1,-1,-3,2,-2,0,2,0,1,1,-2,2,3,3,2,1,1,4,4,4,6,0,1,-2,-1,-1,-4,1,0
2560,5,2,2,0,2,1,0,2,3,2,2,6,4,6,5,0,0,2,2,2,2,3,2,2,2,2,2,2,0,0,0,1,0,1,2,1,1,4,1,5,1,0,0,0,0,0,0,1,0,0,0,0,0,0,2,0,0,-1,-2,0,0,0,0,4,2,4,3,0,0,0,1,0,1,1,1,1,4,1,5,1,2,0,2,0,0,1,1,1,1,2,3,1,4,0,0,2,2,2,2,2,2,2,2,2,2,2,2,0,0,-2,-2,-1,-1,-1,-1,0,1,-1,2,3,1,5,3,3,2,3,3,5,3,2,3,2,0,2,0,1,1,0,0,0,0,0,1,0,-2,0,0,1,-1,2,0,2,0,1,0,1,1,3,3,2,1,3,3,5,3,2,2,-2,-2,-2,0,0,-1
2560,6,1,2,5,2,3,2,3,1,3,2,5,2,4,4,0,2,0,2,2,3,4,0,2,1,1,3,2,1,2,0,1,1,2,1,2,1,2,2,1,0,0,0,0,0,0,0,0,0,0,0,0,0,0,2,3,2,1,0,0,-3,3,0,4,1,1,2,1,2,0,1,1,2,1,2,1,2,2,1,0,1,3,2,2,1,1,0,1,1,3,0,3,4,0,2,0,2,2,3,4,0,2,1,1,3,2,1,1,2,0,-1,-2,-4,1,-1,2,-1,0,2,6,1,4,2,4,1,6,2,3,4,4,2,2,0,0,1,2,1,0,0,1,1,0,0,0,-1,1,-2,0,-1,2,0,-1,0,2,1,4,1,4,1,2,0,6,2,2,3,4,2,-2,-1,2,-2,-2,-2
2560,6,2,4,1,3,2,5,9,0,4,4,6,3,4,0,2,1,1,4,2,5,2,1,1,3,3,2,4,1,1,1,1,3,3,0,2,1,2,2,1,0,0,0,0,0,0,2,0,0,0,0,0,0,0,2,0,2,-2,3,4,-2,3,3,3,0,2,-4,1,1,1,1,3,1,0,2,1,2,2,1,0,3,0,2,1,2,6,0,2,3,4,1,3,0,2,1,1,4,2,3,2,1,1,3,3,2,4,1,-1,1,-3,0,3,-2,1,2,1,-2,1,-4,0,4,1,2,3,5,1,1,0,1,6,2,0,0,0,0,1,1,0,0,0,0,0,1,-1,3,1,1,-3,3,0,0,0,0,1,0,0,4,1,2,2,4,1,1,0,1,6,1,-1,3,1,1,-4,3
2560,7,1,2,5,1,3,3,4,2,0,2,2,3,2,2,1,3,4,1,0,3,3,1,3,1,2,1,2,1,3,0,2,1,2,1,0,2,1,2,0,2,0,0,0,0,0,0,0,0,0,0,0,0,0,1,2,-3,2,3,1,-1,-1,-1,1,1,1,0,1,3,0,2,1,2,1,0,2,1,2,0,2,1,2,1,1,2,2,1,0,0,1,1,2,0,1,3,4,1,0,3,3,1,3,1,2,1,2,0,-1,-3,0,2,-1,-2,-1,-3,0,-1,1,-2,2,1,4,1,5,4,1,1,3,3,4,4,2,0,1,0,2,1,0,0,0,0,0,1,1,0,1,-2,1,0,2,0,1,0,2,0,0,1,3,1,3,3,1,1,3,3,4,3,-1,0,0,-2,-1,0
2560,7,2,2,2,3,1,2,2,2,1,3,6,2,2,5,1,2,2,1,1,3,1,0,2,3,3,3,4,0,0,0,1,0,1,1,0,1,3,1,1,4,0,0,0,0,1,2,0,0,0,0,0,1,0,1,0,1,0,1,-1,1,1,1,3,-1,-1,1,0,0,0,1,-1,-1,1,0,1,3,1,0,4,2,2,3,0,2,1,1,1,2,3,1,1,1,1,2,2,1,0,1,1,0,2,3,3,2,4,1,0,1,-1,2,0,0,1,0,0,-2,-1,-3,2,2,1,4,3,2,1,2,3,2,2,0,0,0,0,1,1,1,0,0,0,0,0,0,1,0,-2,2,1,2,0,0,0,1,1,1,2,2,1,3,2,1,1,2,3,2,2,0,1,0,-2,1,0,1
2560,8,1,4,1,0,1,2,3,3,0,2,2,4,3,1,2,1,2,1,4,1,2,1,0,0,4,4,1,3,0,0,0,0,2,1,0,1,1,4,2,1,0,0,1,0,0,0,0,1,0,0,0,0,0,2,0,-2,0,-2,2,1,-1,2,2,0,-1,0,3,0,-1,0,0,2,1,-1,1,1,4,2,1,1,1,0,1,2,1,2,0,1,1,0,1,0,2,1,1,1,4,1,2,0,0,0,4,4,1,-1,0,-1,0,-2,0,0,0,1,1,-4,-3,-1,2,4,1,3,2,3,1,4,3,2,2,3,0,2,0,0,0,1,0,0,0,1,0,1,1,0,-2,1,0,0,0,2,0,-1,0,0,2,2,1,3,2,2,1,4,3,1,2,2,1,-2,-2,2,0,0
2560,8,2,0,2,3,2,2,0,2,4,2,5,2,4,5,3,1,2,4,2,2,1,1,1,3,2,2,1,0,1,1,1,2,0,1,3,0,4,2,4,4,0,0,0,0,0,0,0,0,1,0,0,0,0,-3,1,1,-2,0,-2,1,3,1,2,0,2,4,0,1,1,1,2,0,1,3,-1,4,2,4,4,0,1,2,1,0,0,1,1,2,1,0,0,1,3,1,2,4,2,2,1,1,0,3,2,2,1,-3,0,0,-3,-2,-2,0,0,2,-2,-2,-2,0,2,2,2,2,2,1,3,3,3,3,2,1,0,1,1,0,2,1,0,0,1,1,0,0,-1,-1,-1,-1,0,0,0,1,0,-1,2,1,2,1,1,2,0,0,3,3,2,2,2,1,-1,-2,-1,0,-2,-1
2560,9,1,2,2,1,2,3,2,3,3,1,2,2,2,0,1,2,1,0,2,0,2,0,0,1,1,2,1,0,1,0,1,1,0,3,2,0,1,1,2,0,0,0,0,0,1,0,0,0,0,0,0,0,0,1,0,0,2,1,2,1,3,1,1,1,0,-1,0,1,0,1,0,0,3,2,0,1,1,2,0,2,1,1,1,2,2,0,1,1,1,1,0,0,1,2,1,0,1,0,2,0,0,1,1,2,1,1,-1,0,1,1,2,-2,1,1,0,0,-2,-1,4,4,3,3,3,0,3,1,2,4,3,0,1,0,1,2,1,0,0,0,0,0,1,0,1,3,1,-1,0,0,1,0,1,2,0,0,3,4,2,1,2,0,3,1,2,4,2,0,0,3,0,-3,0,0
2560,9,2,3,1,2,4,3,5,2,2,1,5,1,4,1,2,1,2,2,3,1,1,1,3,2,2,1,3,2,0,1,2,2,4,1,0,0,4,1,2,0,0,0,0,0,0,0,0,0,0,0,0,0,0,1,0,0,2,0,4,1,1,-2,3,-1,3,-2,2,0,1,2,2,4,1,0,0,4,1,2,0,1,1,1,2,1,1,1,2,1,1,0,2,1,2,1,2,2,3,1,1,1,3,2,2,1,3,-1,0,-1,0,-2,0,0,1,-2,-1,-2,1,-2,4,2,1,1,4,2,5,2,2,0,4,2,0,1,0,0,2,2,0,0,0,0,0,0,-1,0,-1,1,0,0,0,1,0,0,2,2,4,1,1,1,2,0,5,2,2,0,4,2,-1,-1,-1,1,-2,-2
2560,10,1,3,2,3,0,1,3,5,2,3,3,1,3,0,4,2,2,0,2,0,1,0,6,2,3,1,1,2,1,0,0,1,2,2,1,1,2,0,2,0,0,0,0,0,1,0,0,0,0,0,0,0,0,-1,0,1,0,-1,3,4,2,-3,1,-2,2,-1,2,1,0,0,0,2,2,1,1,2,0,2,0,1,1,3,0,0,1,3,1,2,1,1,1,0,4,2,2,0,1,0,1,0,6,2,3,1,1,-3,-1,1,0,-1,1,2,1,-4,-1,-2,0,-1,2,1,1,2,2,0,0,2,0,3,1,2,0,0,0,0,1,0,0,0,0,1,0,0,2,-1,1,-1,1,-2,0,0,0,-1,1,0,2,1,1,2,1,0,0,2,0,2,1,2,2,-1,1,0,0,-2
2560,10,2,2,2,1,3,2,3,0,2,4,2,1,1,2,2,4,0,2,1,6,2,1,0,1,0,2,4,1,2,0,1,0,3,0,0,2,2,0,0,1,0,0,0,0,0,1,0,0,0,0,0,0,0,0,-2,1,1,1,-3,-2,1,4,1,1,-1,-2,1,2,0,1,0,2,0,0,2,2,0,0,1,1,0,1,2,2,0,0,2,2,0,1,1,1,2,4,0,2,1,5,2,1,0,1,0,2,4,-1,-4,1,0,1,-5,-2,1,2,-1,1,-1,-3,0,0,2,3,5,1,1,1,2,0,4,1,0,0,0,0,4,0,0,0,1,0,0,0,-1,-1,0,3,1,0,0,0,-1,0,4,0,0,0,2,3,1,1,1,1,1,0,4,1,-1,-1,1,3,-3,0
2560,11,1,8,2,2,1,2,2,1,1,0,1,1,5,0,1,1,1,0,2,2,2,1,0,0,1,0,1,4,1,1,0,1,1,0,0,0,1,1,4,0,0,0,0,0,0,0,0,0,0,0,0,0,0,7,1,1,1,0,0,-1,0,0,1,0,5,-1,4,1,1,0,1,1,0,0,0,1,1,4,0,4,1,1,1,1,1,1,1,0,0,0,1,0,1,1,1,0,2,2,2,1,0,0,1,0,1,3,0,0,1,-1,-1,-1,0,0,0,-1,1,-1,2,3,1,2,1,2,1,5,0,2,4,2,0,2,0,1,1,1,0,0,0,0,0,1,1,-2,1,0,-3,0,0,2,0,1,1,0,2,1,1,1,0,1,1,5,0,2,4,1,1,-4,1,-1,-4,0
2560,11,2,1,0,1,1,3,3,1,1,2,0,1,2,1,0,3,1,0,3,2,0,2,3,2,0,0,0,0,0,0,0,1,2,0,1,1,0,1,1,1,0,0,0,0,0,1,0,0,1,1,0,0,0,1,-3,0,1,0,1,1,-1,-1,-2,1,2,1,0,0,0,0,1,1,0,1,0,-1,1,1,1,1,0,1,1,2,1,1,0,1,0,0,1,0,0,3,1,0,3,1,0,2,2,1,0,0,0,1,-3,0,1,-1,0,1,-2,-1,-1,0,1,0,2,4,2,2,2,1,2,2,2,1,2,1,1,2,0,2,2,1,0,0,0,0,1,0,0,2,0,1,0,0,1,2,0,2,1,1,1,2,2,0,0,0,2,2,2,1,1,1,-1,0,0,-1,-1,-1
2560,12,1,2,4,1,3,3,2,1,0,3,5,4,4,2,0,3,1,3,1,2,2,3,2,3,0,2,3,1,2,0,1,2,2,1,0,2,2,2,4,1,0,1,0,0,0,0,1,0,0,0,0,0,0,2,1,0,0,2,0,-1,-3,1,2,4,2,-1,1,1,0,1,2,2,0,0,2,2,2,4,1,1,2,1,2,1,0,0,0,1,3,2,0,1,0,2,1,3,1,2,1,3,2,3,0,2,3,1,0,0,-1,0,-2,-1,-3,-1,0,2,-2,-2,1,1,2,2,0,2,0,2,4,2,1,0,0,1,1,1,0,2,0,0,0,0,0,0,1,-1,-2,0,-1,2,0,1,1,1,0,2,1,0,1,1,0,0,0,2,4,2,1,0,1,-2,-3,-1,-1,0
2560,12,2,2,4,1,0,0,2,1,2,0,2,4,2,1,3,0,2,1,2,0,3,0,0,0,2,0,3,2,1,0,0,0,2,0,0,0,1,2,1,1,0,0,0,0,1,0,0,0,0,0,0,0,0,-1,4,-1,-1,-2,2,-2,2,0,2,2,2,-2,2,1,0,0,-1,2,0,0,0,1,2,1,1,0,3,1,0,0,0,1,2,0,1,2,1,0,3,0,2,1,1,0,3,0,0,0,2,0,3,-3,3,-1,-1,-1,0,-2,2,0,1,0,1,-3,1,2,1,2,7,1,3,1,3,4,8,3,1,0,0,2,3,0,0,0,1,0,0,0,-2,1,-2,-2,-1,-2,1,0,-1,2,3,0,0,2,1,0,4,1,3,1,2,4,8,3,-3,1,-1,-4,-4,-2
2560,13,1,5,4,1,2,1,7,1,3,0,4,2,4,2,2,4,3,1,3,2,0,2,0,3,1,2,3,3,3,0,2,0,6,0,1,0,2,1,1,0,0,0,1,0,0,0,0,0,0,1,0,0,0,3,0,-2,1,-2,5,1,1,0,1,1,2,-1,3,3,-1,2,0,6,0,1,0,1,1,1,0,2,1,1,0,1,1,1,2,0,2,1,3,2,2,4,2,1,3,2,0,2,0,2,1,2,3,0,-3,-1,-1,-2,-1,1,0,0,0,0,1,-1,0,1,5,4,3,3,1,3,1,3,4,2,0,0,1,1,1,2,0,0,0,0,0,0,-1,-2,4,1,-1,1,0,0,1,1,1,2,0,1,4,3,2,1,1,3,1,3,4,2,-1,-2,3,0,-2,-1
2560,13,2,1,3,1,1,2,3,1,0,1,1,1,3,0,2,1,1,0,3,1,0,3,1,2,1,1,2,1,1,1,0,0,2,0,0,0,0,1,2,0,0,0,0,0,0,0,0,0,0,0,0,0,0,-1,2,0,1,-1,2,1,-3,0,-1,0,2,-2,1,1,1,0,0,2,0,0,0,0,1,2,0,0,2,0,1,2,1,1,0,1,1,0,1,0,2,1,1,0,3,1,0,3,1,2,1,1,2,-2,1,-1,1,-1,0,1,-3,0,-1,-1,0,-2,0,1,3,0,2,0,2,1,2,1,4,0,0,1,0,0,0,0,0,0,0,0,0,0,-2,0,1,-1,-2,0,0,1,0,0,0,0,0,0,3,0,2,0,2,1,2,1,4,0,-2,-1,1,-1,-2,0
2560,14,1,3,2,1,4,1,4,2,1,2,1,4,4,2,2,5,2,4,4,3,2,0,1,0,2,3,3,1,0,0,1,1,4,0,1,2,1,4,2,1,0,1,0,0,0,0,1,0,0,0,0,0,0,1,-3,-1,0,-3,1,0,1,1,1,2,1,-1,1,-1,0,1,1,4,-1,1,2,1,4,2,1,2,2,1,3,0,0,2,0,0,0,0,2,1,2,4,2,4,4,3,1,0,1,0,2,3,3,0,-2,-1,-1,-4,-3,1,0,-1,0,-2,-1,-2,1,1,2,2,1,0,2,1,3,4,0,2,0,1,1,1,1,0,0,0,1,0,0,0,-1,0,-1,-2,1,-2,0,1,0,1,1,0,1,0,1,1,0,0,2,1,2,4,0,2,-1,-1,-1,-3,0,-2
2560,14,2,2,1,1,2,1,5,3,4,1,3,3,3,4,3,1,0,2,1,2,1,1,3,1,1,1,3,1,1,0,2,0,2,2,1,1,1,1,2,0,0,0,0,0,0,0,0,0,0,0,0,0,0,-1,0,1,0,0,3,2,3,-2,2,2,2,1,1,1,0,2,0,2,2,1,1,1,1,2,0,1,0,1,0,1,3,1,3,0,2,2,1,4,3,1,0,2,1,2,1,1,3,1,1,1,3,-2,-1,1,-2,0,1,0,2,-3,1,1,0,1,1,1,0,1,2,1,1,1,0,3,3,6,1,0,0,0,1,1,0,0,0,0,0,2,0,0,0,-2,-1,-5,1,0,0,0,1,-1,0,1,0,1,1,0,1,1,0,3,3,4,-1,0,0,-2,-2,-4
2560,15,1,2,2,3,2,0,1,1,1,5,3,2,3,0,3,1,0,1,3,2,2,1,1,1,2,3,1,2,1,2,1,0,1,0,1,5,3,1,2,0,0,0,0,0,0,0,0,0,0,1,0,0,0,-1,1,3,1,-3,-1,-1,0,4,2,0,0,-1,2,1,2,1,0,1,0,1,5,2,1,2,0,0,1,1,1,0,0,1,0,0,0,1,1,0,3,1,0,1,3,2,2,1,1,0,2,3,1,-3,0,1,0,-3,-2,-1,-1,-1,0,-1,-2,-1,4,4,0,2,3,0,3,4,1,1,4,2,2,1,0,2,2,0,0,0,1,0,0,1,1,0,-1,1,-1,-2,2,1,-1,2,2,-1,2,3,0,0,1,0,3,4,0,1,4,1,-1,-1,0,-1,-3,-1
2560,15,2,5,1,1,0,0,1,1,3,0,3,4,2,1,2,1,0,1,1,5,2,1,1,4,2,4,5,2,1,1,0,0,1,0,1,0,1,3,1,1,0,0,0,0,0,0,0,0,0,0,0,0,0,3,0,1,-1,-1,-4,-1,2,-1,-1,2,-2,-4,2,1,1,0,0,1,0,1,0,1,3,1,1,3,0,0,0,0,0,1,2,0,2,1,1,0,2,1,0,1,1,5,2,1,1,4,2,4,5,1,-1,0,-1,-1,-5,-1,1,-1,-2,-1,-3,-5,1,1,1,1,2,2,4,1,2,2,1,2,0,1,0,1,2,1,0,0,0,0,0,1,-3,0,-1,-1,1,0,0,1,0,1,2,0,1,0,1,0,0,1,4,1,2,2,1,1,-3,-1,-1,-2,-1,0
2560,16,1,5,2,2,2,1,9,1,2,5,3,9,3,4,4,3,1,1,2,2,0,2,4,1,2,2,6,1,2,2,1,1,6,1,0,3,3,8,2,2,0,0,0,0,0,0,0,0,0,0,0,0,0,1,-1,1,1,-1,7,1,0,1,2,7,1,-2,1,2,2,1,1,6,1,0,3,3,8,2,2,4,0,0,1,0,3,0,2,2,0,1,1,2,4,3,1,1,2,2,0,2,4,1,2,2,6,0,-3,-1,0,-2,1,0,0,-2,-1,-1,-1,-4,0,2,2,1,2,3,1,1,6,2,2,3,0,0,0,0,2,0,0,0,0,0,0,1,-1,1,-4,-1,0,0,0,0,0,0,2,-1,0,2,2,1,0,3,1,1,6,2,2,2,-1,1,-4,-1,-2,1
2560,16,2,5,1,2,4,1,3,4,3,0,1,5,4,1,4,1,1,3,4,3,1,3,6,3,2,2,3,3,0,1,2,0,0,2,0,0,0,0,4,0,0,0,0,0,0,0,0,0,0,0,0,0,1,1,0,1,1,-3,0,3,0,-6,-2,3,2,-2,3,0,1,2,0,0,2,0,0,0,0,4,-1,2,1,1,2,1,3,2,3,0,1,5,0,1,4,1,1,3,4,3,1,3,6,3,2,2,2,-2,0,0,-1,-3,0,1,0,-6,-2,3,-2,-1,4,2,3,2,2,1,0,3,3,2,3,1,0,1,2,1,2,0,0,0,0,0,0,0,4,-1,0,0,-1,0,0,1,2,1,2,0,4,1,1,1,0,1,0,3,3,2,3,1,4,-2,-2,-1,-3,0
2560,17,1,2,1,5,3,3,4,6,2,8,5,11,5,5,2,1,2,4,2,3,2,1,1,3,3,2,3,1,1,1,1,1,4,3,1,8,5,10,1,2,0,0,0,0,0,0,0,0,0,1,0,0,0,0,0,3,-1,1,1,4,1,7,2,8,3,2,1,1,1,1,1,4,3,1,8,4,10,1,2,1,0,4,2,2,0,3,1,0,0,1,4,3,2,1,2,4,2,3,2,1,1,2,3,2,3,-1,-1,2,-2,0,-3,1,0,-1,-2,-2,2,0,1,2,1,2,1,0,3,3,4,4,2,3,0,1,0,0,0,0,0,0,0,0,0,1,-2,-1,-3,-2,-1,-3,0,1,0,0,0,-1,1,1,1,2,1,0,3,3,4,4,2,2,-2,-2,-3,-2,-1,-2
2560,17,2,7,6,2,0,1,2,4,2,5,3,2,2,1,1,3,1,1,4,2,2,4,1,0,1,2,5,4,1,1,0,1,0,1,0,2,2,1,2,0,0,0,0,0,0,0,0,0,0,0,0,0,0,6,3,1,-1,-3,0,2,-2,4,3,1,0,-4,4,1,1,0,1,0,1,0,2,2,1,2,0,3,5,1,0,0,2,3,2,3,1,1,0,1,1,3,1,1,4,2,2,4,1,0,1,2,5,2,2,0,-1,-4,0,1,-2,2,1,0,-2,-4,0,3,1,2,0,2,2,3,0,2,3,1,0,1,0,2,0,0,0,0,0,0,0,0,-2,0,1,0,-3,1,0,1,0,2,0,0,0,2,1,0,0,2,2,3,0,2,3,1,-2,-1,1,-2,-3,1
2560,18,1,4,3,1,0,3,2,3,2,3,1,7,13,7,3,1,2,2,5,1,2,4,3,1,1,6,4,2,0,0,0,1,0,2,1,2,0,6,11,4,0,0,0,0,0,0,0,0,0,0,0,0,0,1,2,-1,-2,-2,1,1,-2,0,0,6,7,3,2,0,0,0,1,0,2,1,2,0,6,11,4,2,3,1,0,2,2,1,1,1,1,1,2,3,3,1,2,2,5,1,2,4,3,1,1,6,4,-1,2,-1,-2,-3,1,-1,-3,-2,0,0,-4,-1,0,1,2,2,2,0,1,3,1,4,1,2,0,1,1,2,0,0,0,0,0,0,0,0,-1,-2,1,-2,1,-2,0,1,1,2,0,0,0,0,1,0,2,0,1,3,1,4,1,2,-1,-3,0,-4,1,-2
2560,18,2,4,2,4,5,4,2,7,1,2,2,2,5,3,3,6,5,4,1,1,1,0,2,8,3,2,1,1,1,0,2,2,1,2,0,0,1,1,3,0,0,0,0,0,0,0,1,0,0,0,0,0,0,1,-4,-1,1,3,1,6,1,0,-6,-1,3,2,1,1,0,2,2,1,1,0,0,1,1,3,0,3,1,4,3,2,1,5,1,2,1,1,2,3,3,6,5,4,1,1,0,0,2,8,3,2,1,0,-5,-1,-1,1,0,5,1,0,-7,-2,0,2,3,1,1,2,0,2,7,3,1,2,2,0,1,0,0,0,0,0,0,0,0,0,0,0,-4,-2,0,0,-2,2,1,0,0,0,0,0,2,1,1,2,0,2,7,3,1,2,2,0,-5,-2,0,0,-2,2
2560,19,1,3,2,3,2,6,2,4,4,2,3,7,2,8,10,8,5,7,7,9,7,8,5,3,6,7,12,1,0,0,0,2,1,1,0,0,1,3,0,5,0,0,0,0,0,0,1,0,0,1,0,0,0,-7,-6,-2,-5,-1,-7,-3,-4,-3,0,1,-5,-4,1,0,0,0,2,1,0,0,0,0,3,0,5,2,2,3,2,4,1,3,4,2,2,4,2,3,10,8,5,7,7,9,6,8,5,2,6,7,12,-8,-6,-2,-5,-3,-8,-3,-4,-3,0,-2,-5,-9,8,2,5,3,2,0,10,0,9,7,8,8,4,1,2,2,0,0,1,0,0,0,0,1,-2,2,-4,-4,-6,-8,3,1,2,2,0,-1,4,1,3,1,2,0,9,0,9,7,8,7,-5,1,-6,-6,-6,-7
2560,19,2,5,7,9,9,5,4,5,5,4,4,7,2,8,14,5,15,14,19,14,12,7,8,7,5,4,14,2,0,2,2,0,1,1,0,2,1,2,1,1,0,1,0,0,0,0,0,0,0,0,0,0,0,-9,2,-6,-5,-14,-10,-7,-2,-4,-3,2,-2,-6,2,-1,2,2,0,1,1,0,2,1,2,1,1,3,7,7,7,5,3,4,5,2,3,5,1,7,14,4,15,14,19,14,12,7,8,7,5,4,14,-11,3,-8,-7,-14,-11,-8,-2,-6,-4,0,-3,-7,4,6,4,2,6,4,7,7,6,12,10,5,1,0,1,1,0,0,0,0,0,0,0,0,-3,-1,-2,-10,-4,-1,1,0,1,1,0,0,3,6,3,1,6,4,7,7,6,12,10,5,-4,-1,-3,-11,-4,-1
2560,20,1,5,3,7,4,12,1,5,5,7,8,0,7,3,10,11,14,18,15,11,5,6,6,5,4,9,8,1,0,1,0,5,0,1,1,1,2,0,0,1,0,0,0,0,0,0,0,0,0,1,0,0,1,-5,-8,-7,-14,-3,-10,0,-1,1,3,-4,-2,-5,1,0,1,0,5,0,1,1,1,1,0,0,0,4,3,6,4,7,1,4,4,6,6,0,7,2,10,11,14,18,15,11,5,6,6,4,4,9,7,-6,-8,-8,-14,-8,-10,-1,-2,0,2,-4,-2,-5,22,4,1,5,5,2,11,7,7,8,13,8,5,1,0,0,2,2,0,0,0,0,0,0,11,-3,-6,-3,-8,-6,5,1,0,0,2,2,17,3,1,5,3,0,11,7,7,8,13,8,6,-4,-6,-3,-10,-8
2560,20,2,3,8,6,6,7,5,4,9,9,4,7,8,6,14,13,11,20,15,11,11,9,15,9,10,16,11,3,1,1,0,0,2,0,2,4,1,0,2,2,0,0,1,0,1,0,0,0,0,0,0,0,0,-11,-5,-5,-14,-8,-6,-7,0,-6,-5,-3,-8,-5,3,1,0,0,-1,2,0,2,4,1,0,2,2,0,7,5,6,7,3,4,7,5,3,7,6,4,14,13,10,20,14,11,11,9,15,9,10,16,11,-14,-6,-5,-14,-7,-8,-7,-2,-10,-6,-3,-10,-7,5,7,8,3,5,7,9,5,8,2,13,16,1,0,1,0,1,1,0,0,0,0,0,0,-4,2,0,1,-8,-9,1,0,1,0,1,1,4,7,7,3,4,6,9,5,8,2,13,16,-5,2,-1,1,-9,-10
2560,21,1,5,3,5,8,6,5,8,5,4,6,2,5,6,8,15,9,12,12,11,9,7,8,9,11,4,9,0,0,0,0,0,3,0,0,1,1,0,1,2,0,0,0,1,0,1,0,1,0,0,0,0,0,-3,-12,-4,-4,-6,-6,-1,-2,-4,-3,-9,1,-3,0,0,0,-1,0,2,0,-1,1,1,0,1,2,5,3,5,8,6,2,8,5,3,5,2,4,4,8,15,9,11,12,10,9,6,8,9,11,4,9,-3,-12,-4,-3,-6,-8,-1,-1,-5,-4,-9,0,-5,7,7,4,1,8,4,10,13,7,2,5,11,3,0,0,0,0,1,0,0,1,0,0,1,-3,-6,-3,-1,3,-7,3,0,-1,0,0,0,4,7,4,1,8,3,10,13,6,2,5,10,-6,-6,-2,-1,3,-7
2560,21,2,7,6,11,3,8,7,8,10,5,10,8,7,12,8,10,12,13,12,11,8,10,10,9,10,10,11,0,1,0,0,1,1,1,1,2,1,1,1,1,0,0,0,0,0,0,0,0,0,0,0,0,0,-1,-4,-1,-10,-4,-4,0,0,-5,1,-2,-3,1,0,1,0,0,1,1,1,1,2,1,1,1,1,7,5,11,3,7,6,7,9,3,9,7,6,11,8,10,12,13,12,11,8,10,10,9,10,10,11,-1,-5,-1,-10,-5,-5,-1,-1,-7,0,-3,-4,0,2,6,2,6,4,10,6,7,11,11,8,8,1,0,0,1,1,2,0,0,1,0,0,0,-4,-1,-9,-5,-4,2,1,0,-1,1,1,2,1,6,2,5,3,8,6,7,10,11,8,8,-5,-1,-8,-6,-5,0
2560,22,1,1,4,3,5,6,7,3,2,5,3,9,6,4,7,13,8,9,13,8,7,7,8,4,14,4,6,0,0,0,0,3,0,1,0,2,1,7,0,0,0,0,0,0,3,0,0,0,0,1,0,0,0,-6,-9,-5,-4,-7,-1,-4,-5,-3,-1,-5,2,-2,0,0,0,0,0,0,1,0,2,0,7,0,0,1,4,3,5,3,7,2,2,3,2,2,6,4,7,13,8,9,10,8,7,7,8,3,14,4,6,-6,-9,-5,-4,-7,-1,-5,-5,-5,-1,-12,2,-2,5,8,11,4,6,7,8,3,16,5,10,10,1,0,0,1,3,1,0,0,0,0,0,0,-3,5,-5,-1,-4,-3,1,0,0,1,3,1,4,8,11,3,3,6,8,3,16,5,10,10,-4,5,-5,-2,-7,-4
2560,22,2,10,10,4,9,10,11,6,5,4,6,5,6,7,15,6,9,10,8,12,4,7,8,15,7,7,10,1,0,0,0,0,0,1,0,0,2,2,3,0,0,0,0,0,0,0,0,0,0,0,0,0,1,-5,4,-5,-1,2,-1,2,-2,-4,-9,-2,-1,-3,1,0,0,0,0,0,1,0,0,2,2,3,-1,9,10,4,9,10,11,5,5,4,4,3,3,7,15,6,9,10,8,12,4,7,8,15,7,7,9,-6,4,-5,-1,2,-1,1,-2,-4,-11,-4,-4,-2,5,5,5,4,5,10,11,4,6,10,9,9,0,0,1,0,2,2,0,0,0,0,0,1,-6,1,-1,-6,-4,1,0,0,1,0,2,1,5,5,4,4,3,8,11,4,6,10,9,8,-6,1,-2,-6,-6,0
2560,23,1,3,9,8,8,7,7,4,5,4,6,8,10,3,7,6,6,10,9,14,7,5,2,9,10,6,7,1,2,0,1,1,1,2,0,0,1,2,2,1,0,0,0,0,0,0,0,0,0,0,0,0,0,-4,3,2,-2,-2,-7,-3,0,2,-3,-2,4,-4,1,2,0,1,1,1,2,0,0,1,2,2,1,2,7,8,7,6,6,2,5,4,5,6,8,2,7,6,6,10,9,14,7,5,2,9,10,6,7,-5,1,2,-3,-3,-8,-5,0,2,-4,-4,2,-5,6,4,3,12,4,6,7,6,7,22,12,4,1,0,0,1,3,2,0,0,0,0,1,0,-1,-2,-4,-10,-8,2,1,0,0,1,2,2,5,4,3,11,1,4,7,6,7,22,11,4,-2,-2,-4,-11,-10,0
2560,23,2,5,2,7,4,7,11,8,1,11,7,5,4,5,4,8,8,8,10,10,4,9,8,10,7,7,8,0,0,0,0,3,2,2,0,3,2,1,0,2,0,0,0,0,0,0,0,1,0,0,0,0,0,1,-6,-1,-4,-3,1,4,-8,3,-3,-2,-3,-3,0,0,0,0,3,2,2,-1,3,2,1,0,2,5,2,7,4,4,9,6,1,8,5,4,4,3,4,8,8,8,10,10,4,8,8,10,7,7,8,1,-6,-1,-4,-6,-1,2,-7,0,-5,-3,-3,-5,6,7,5,6,12,5,2,10,6,9,9,7,2,0,0,0,2,2,1,0,0,0,1,0,4,-3,-1,-3,3,-2,1,0,0,0,1,2,4,7,5,6,10,3,1,10,6,9,8,7,3,-3,-1,-3,2,-4
2560,24,1,13,5,9,10,5,7,10,6,7,3,5,5,4,8,6,7,7,8,9,8,6,3,4,6,5,8,1,0,0,3,1,2,1,1,2,0,2,0,0,1,0,0,0,0,0,0,0,0,0,0,0,0,5,-1,2,3,-3,-2,2,0,4,-1,-1,0,-4,0,0,0,3,1,2,1,1,2,0,2,0,0,12,5,9,7,4,5,9,5,5,3,3,5,4,7,6,7,7,8,9,8,6,3,4,6,5,8,5,-1,2,0,-4,-4,1,-1,2,-1,-3,0,-4,3,5,3,6,9,7,7,3,10,12,13,4,0,0,0,4,3,3,1,0,0,0,0,0,-4,2,-7,-6,-4,3,-1,0,0,4,3,3,3,5,3,2,6,4,6,3,10,12,13,4,-3,2,-7,-10,-7,0
2560,24,2,8,3,6,5,7,9,7,5,10,4,10,10,7,8,6,4,5,7,19,8,10,6,10,6,8,6,2,0,0,1,0,1,2,2,3,1,1,2,0,1,0,0,0,0,0,0,0,0,0,0,0,1,0,-3,2,0,0,-10,-1,-5,4,-6,4,2,1,1,0,0,1,0,1,2,2,3,1,1,2,-1,6,3,6,4,7,8,5,3,7,3,9,8,7,7,6,4,5,7,19,8,10,6,10,6,8,5,-1,-3,2,-1,0,-11,-3,-7,1,-7,3,0,2,2,5,4,4,10,8,4,8,5,7,12,4,1,0,0,0,3,1,0,0,1,0,1,0,-2,-3,-1,-3,-2,4,1,0,-1,0,2,1,1,5,4,4,7,7,4,8,4,7,11,4,-3,-3,0,-3,-4,3
2560,25,1,8,3,5,3,8,6,5,4,4,9,6,12,7,6,9,7,7,8,4,3,2,7,5,4,6,8,1,1,0,0,5,1,1,1,2,2,2,2,0,0,0,0,0,0,1,0,0,1,0,0,0,0,2,-6,-2,-4,0,2,2,2,-3,4,2,6,-1,1,1,0,0,5,0,1,1,1,2,2,2,0,7,2,5,3,3,5,4,3,2,7,4,10,7,6,9,7,7,8,3,3,2,6,5,4,6,8,1,-7,-2,-4,-5,2,1,1,-4,2,0,4,-1,6,7,4,4,5,7,8,7,3,3,8,5,0,1,0,0,1,2,1,0,0,0,2,2,-2,0,1,1,-3,2,-1,1,0,0,-1,0,6,6,4,4,4,5,7,7,3,3,6,3,-1,-1,1,1,-2,2
2560,25,2,5,9,5,3,7,4,6,3,11,5,4,8,7,2,6,2,9,6,2,9,2,6,8,6,4,9,0,1,0,0,3,0,1,0,2,2,1,1,1,0,0,0,0,0,0,1,0,0,1,0,0,1,3,3,3,-6,1,2,-3,1,5,-3,-2,4,-2,0,1,0,0,3,0,0,0,2,1,1,1,0,5,8,5,3,4,4,5,3,9,3,3,7,6,2,6,2,9,6,2,8,2,6,7,6,4,8,3,2,3,-6,-2,2,-3,1,3,-4,-3,3,-2,3,8,9,4,5,8,6,3,10,3,7,10,1,0,2,1,4,6,1,1,0,0,0,0,-3,5,-1,1,-2,-2,0,-1,2,1,4,6,2,8,7,3,1,2,5,2,10,3,7,10,-3,6,-3,0,-6,-8
2560,26,1,8,3,9,7,7,5,7,3,5,6,6,4,8,4,3,7,3,5,6,7,7,2,3,11,5,7,2,0,0,0,3,0,0,1,0,1,3,1,0,0,0,0,0,0,0,0,0,0,0,0,1,1,4,0,2,4,2,-1,0,-4,3,3,-5,-1,1,2,0,0,0,3,0,0,1,0,1,3,0,-1,6,3,9,7,4,5,7,2,5,5,3,3,8,4,3,7,3,5,6,7,7,2,3,11,4,6,2,0,2,4,-1,-1,0,-5,3,2,-8,-1,2,2,6,6,7,11,0,5,5,4,2,11,5,0,0,1,3,4,0,0,0,0,0,1,1,-3,1,2,5,0,-5,0,0,1,3,3,-1,2,6,5,4,7,0,5,5,4,2,10,4,-3,1,1,2,-3,-4
2560,26,2,4,4,3,0,3,1,7,3,6,10,5,6,8,1,3,3,3,1,4,5,2,5,5,6,4,8,1,0,2,0,1,1,2,1,3,0,2,0,2,0,0,0,0,0,0,1,0,0,1,0,0,0,3,1,0,-3,2,-3,2,1,1,5,-1,2,0,1,0,2,0,1,1,1,1,3,-1,2,0,2,3,4,1,0,2,0,5,2,3,10,3,6,6,1,3,3,3,1,4,4,2,5,4,6,4,8,2,1,-2,-3,1,-4,1,0,-2,6,-3,2,-2,4,2,4,7,4,8,2,4,6,4,5,3,0,0,3,0,3,1,0,0,0,0,0,0,2,-2,-2,3,-1,5,0,0,3,0,3,1,4,2,1,7,1,7,2,4,6,4,5,3,2,-2,-5,3,-4,4
2560,27,1,3,6,3,5,6,1,7,4,2,4,9,13,6,5,9,3,6,4,8,7,10,0,5,8,3,8,1,2,1,1,3,0,3,2,0,2,1,1,1,0,0,1,0,0,0,2,0,0,1,0,0,0,-2,-3,0,-1,2,-7,0,-6,2,-1,1,10,-2,1,2,0,1,3,0,1,2,0,1,1,1,1,2,4,2,4,3,1,4,2,2,2,8,12,5,5,9,2,6,4,8,5,10,0,4,8,3,8,-3,-5,0,-2,-1,-7,-1,-8,2,-2,0,9,-3,1,3,5,6,0,3,5,5,3,5,4,5,0,1,0,1,0,2,0,0,0,0,0,2,-4,-2,2,1,-4,-2,0,1,0,1,0,0,1,2,5,5,0,1,5,5,3,5,4,3,-4,-3,2,0,-4,-2
2560,27,2,7,1,2,2,5,6,7,6,4,4,9,6,7,7,6,5,7,4,5,5,3,2,6,10,6,5,1,0,0,0,3,2,0,3,0,0,2,3,1,0,1,0,0,0,1,0,0,0,1,1,0,0,0,-5,-3,-5,1,1,2,3,2,-2,-1,0,2,1,-1,0,0,3,1,0,3,0,-1,1,3,1,6,1,2,2,2,4,7,3,4,4,7,3,6,7,5,5,7,4,4,5,3,2,5,9,6,5,-1,-4,-3,-5,-2,0,2,0,2,-1,-2,-3,1,7,6,3,5,5,6,4,2,6,5,3,2,0,1,0,1,2,1,0,0,0,1,0,0,3,4,-3,0,2,4,0,1,0,0,2,1,7,5,3,4,3,5,4,2,6,4,3,2,3,3,-3,0,0,3
2560,28,1,4,6,3,4,7,3,6,6,10,6,6,10,4,1,4,5,3,7,5,2,8,5,6,2,6,11,0,4,1,1,3,0,1,2,3,4,2,1,2,0,2,0,0,0,0,0,1,0,1,0,1,0,3,2,-2,1,0,-2,4,-2,5,0,4,4,-7,0,2,1,1,3,0,1,1,3,3,2,0,2,4,2,2,3,4,3,5,4,7,2,4,9,2,1,2,5,3,7,5,2,7,5,5,2,5,11,3,0,-3,0,-3,-2,3,-3,2,-3,2,4,-9,5,8,7,3,4,8,2,6,3,5,8,3,2,1,3,1,2,2,0,0,0,0,0,0,3,2,4,-2,-4,5,2,1,3,1,2,2,3,7,4,2,2,6,2,6,3,5,8,3,1,1,1,-3,-6,3
2560,28,2,5,4,3,6,4,4,3,4,2,7,6,6,4,5,5,5,5,2,4,4,3,9,3,5,5,6,1,3,0,2,2,2,0,3,2,3,0,2,1,0,0,0,0,0,0,0,0,0,0,0,1,0,0,-1,-2,1,2,0,-1,1,-7,4,1,1,-2,1,3,0,2,2,2,0,3,2,3,0,1,1,4,1,3,4,2,2,3,1,0,4,6,4,3,5,5,5,5,2,4,4,3,9,3,5,4,6,-1,-4,-2,-1,0,-2,-1,-2,-9,1,1,0,-3,7,2,6,11,5,4,6,6,7,6,3,3,2,0,1,5,4,1,0,0,1,0,1,1,1,-4,-1,5,2,1,2,0,0,5,3,0,5,2,5,6,1,3,6,6,6,6,2,2,-1,-4,-1,0,-1,1
2560,29,1,6,1,2,2,4,3,6,6,5,7,5,3,4,4,3,4,2,9,5,3,6,4,4,4,2,8,2,0,0,0,2,1,2,2,2,2,1,1,1,0,0,0,0,0,0,1,0,0,0,0,1,0,2,-2,-2,0,-5,-2,3,0,1,3,1,1,-4,2,0,0,0,2,1,1,2,2,2,1,0,1,4,1,2,2,2,2,4,4,3,5,4,2,3,4,3,4,2,9,5,2,6,4,4,4,1,8,0,-2,-2,0,-7,-3,2,-2,-1,1,0,1,-5,3,4,5,6,2,6,4,3,5,5,5,2,1,2,0,2,0,0,0,1,0,0,0,0,-1,1,0,1,-3,4,1,1,0,2,0,0,2,2,5,4,2,6,4,2,5,5,5,2,-2,0,0,-1,-3,4
2560,29,2,3,6,4,6,9,6,5,1,8,4,7,2,7,1,5,2,6,5,5,4,2,3,2,2,1,6,1,2,0,3,3,1,2,1,3,2,2,1,3,0,0,0,0,0,0,0,1,0,0,0,0,1,2,1,2,0,4,1,1,-1,5,2,5,1,1,1,2,0,3,3,1,2,0,3,2,2,1,2,2,4,4,3,6,5,3,0,5,2,5,1,4,1,5,2,6,5,5,4,1,3,2,2,1,5,1,-1,2,-3,1,0,-1,-1,2,0,3,0,-1,3,4,6,2,2,6,0,0,3,3,3,5,1,0,1,0,0,3,0,0,0,0,0,0,3,4,3,-1,-1,1,1,0,1,0,0,3,2,4,5,2,2,3,0,0,3,3,3,5,2,4,2,-1,-1,-2
2560,30,1,6,3,0,2,3,7,3,2,3,8,9,8,6,8,5,2,1,3,4,4,1,4,4,4,3,5,3,1,0,1,1,3,0,1,1,2,0,3,0,0,1,0,0,0,0,0,0,0,0,0,0,1,-2,-2,-2,1,0,3,-1,1,-1,4,5,5,1,3,0,0,1,1,3,0,1,1,2,0,3,-1,3,2,0,1,2,4,3,1,2,6,9,5,6,8,4,2,1,3,4,4,1,4,4,4,3,4,-5,-2,-2,0,-1,0,-1,0,-2,2,5,2,2,5,2,5,6,3,7,5,4,2,8,5,0,0,0,1,2,1,3,1,0,0,1,0,0,0,-2,3,-2,-2,7,-1,0,1,1,1,3,5,2,4,4,2,4,4,4,2,7,5,0,1,-2,2,-3,-3,4
2560,30,2,2,3,7,5,2,6,3,5,0,3,4,7,2,5,3,6,4,1,3,10,3,2,2,4,6,2,1,1,1,2,1,2,1,1,0,1,3,2,2,0,0,0,1,0,0,2,0,0,0,0,1,0,-3,0,1,1,1,3,-7,2,-2,1,0,1,0,1,1,1,1,1,2,-1,1,0,1,3,1,2,1,2,6,3,1,4,2,4,0,2,1,5,0,5,3,6,3,1,3,8,3,2,2,4,5,2,-4,-1,0,0,0,1,-6,1,-2,0,-3,0,-2,4,3,5,5,3,9,1,3,2,4,7,3,0,0,2,1,2,3,0,1,0,0,0,0,3,0,3,1,-4,6,0,-1,2,1,2,3,4,3,3,4,1,6,1,2,2,4,7,3,3,1,1,0,-6,3
2560,31,1,7,4,8,3,3,6,2,5,1,3,4,5,3,3,4,8,3,3,2,5,3,4,3,3,5,4,1,3,1,1,1,1,2,1,0,0,1,2,0,0,0,0,0,0,0,1,0,0,0,0,0,0,4,0,0,0,0,4,-3,2,-3,0,1,0,-1,1,3,1,1,1,1,1,1,0,0,1,2,0,6,1,7,2,2,5,0,4,1,3,3,3,3,3,4,8,3,3,2,4,3,4,3,3,5,4,3,-3,-1,-1,-1,3,-4,1,-3,0,0,-2,-1,5,3,6,6,1,4,5,5,2,9,3,1,1,1,1,2,0,2,0,0,0,0,0,0,0,-2,4,-3,-2,3,1,1,1,2,0,2,4,2,5,4,1,2,5,5,2,9,3,1,-1,-3,3,-5,-2,1
2560,31,2,2,2,4,6,7,6,3,2,5,11,4,7,4,4,1,4,5,2,6,1,3,3,5,3,5,3,1,0,1,1,3,3,2,1,2,5,0,3,0,0,0,0,0,0,0,0,0,0,0,0,0,0,-2,1,0,1,5,0,2,-1,2,6,1,2,1,1,0,1,1,3,3,2,1,2,5,0,3,0,1,2,3,5,4,3,1,1,3,6,4,4,4,4,1,4,5,2,6,1,3,3,5,3,5,3,-3,1,-1,0,2,-3,0,-2,0,1,1,-1,1,1,8,4,5,3,4,2,5,1,4,3,5,1,1,2,1,3,2,0,0,0,0,0,1,-1,3,3,1,0,-1,1,1,2,1,3,1,0,7,2,4,0,2,2,5,1,4,3,4,-2,2,1,0,-3,-2
2560,32,1,3,5,4,5,3,3,2,4,5,5,2,5,2,2,7,4,4,1,2,5,3,3,2,2,4,6,0,0,0,1,1,0,0,1,1,1,0,2,0,0,0,0,0,0,1,2,0,0,0,0,0,0,1,-2,0,1,2,1,-3,1,2,3,0,1,-4,0,0,0,1,1,-1,-2,1,1,1,0,2,0,3,5,4,4,2,3,2,3,4,4,2,3,2,2,7,4,4,1,1,3,3,3,2,2,4,6,1,-2,0,0,1,2,-1,0,1,2,0,-1,-4,2,3,4,6,7,2,1,2,2,5,1,3,0,1,0,1,1,1,0,0,0,0,0,0,1,1,2,1,6,-1,0,1,0,1,1,1,2,2,4,5,6,1,1,2,2,5,1,3,1,0,2,0,5,-2
2560,32,2,7,1,2,3,4,2,3,1,1,8,3,4,2,3,4,2,2,2,2,3,0,1,6,3,2,4,4,1,0,2,1,1,0,1,0,4,1,2,0,0,1,0,0,0,0,0,0,0,1,0,0,0,4,-3,0,1,2,0,0,1,0,2,0,2,-2,4,0,0,2,1,1,0,1,0,3,1,2,0,3,0,2,1,3,1,3,0,1,4,2,2,2,3,3,2,2,2,2,3,0,1,5,3,2,4,0,-3,0,-1,1,-1,0,0,0,-1,-1,0,-2,0,1,3,4,2,3,4,3,2,6,3,0,0,0,0,2,0,1,0,0,1,0,0,0,-4,-2,1,-2,-1,3,0,0,-1,2,0,1,0,1,3,2,2,2,4,3,1,6,3,0,-4,-2,2,-4,-1,2
2560,33,1,4,3,6,2,2,0,3,5,4,5,6,3,1,5,3,2,3,2,3,3,5,2,5,5,1,2,2,2,0,0,2,0,1,3,2,1,2,0,1,2,0,0,0,0,1,2,0,0,0,0,0,0,-1,0,4,-1,0,-3,0,0,2,0,1,2,-1,0,2,0,0,2,-1,-1,3,2,1,2,0,1,2,1,6,2,0,0,2,2,2,4,4,3,0,3,3,2,3,2,2,1,5,2,5,5,1,2,-1,-2,4,-1,-2,-2,1,-3,0,-1,-1,2,-2,5,4,3,3,1,4,3,7,2,1,3,3,1,0,0,0,1,1,0,0,0,1,0,0,2,-3,1,2,-2,1,1,0,0,-1,1,1,4,4,3,3,0,3,3,7,2,0,3,3,1,-3,1,3,-3,0
2560,33,2,6,2,1,1,3,5,0,5,1,4,4,2,3,3,1,4,1,2,5,0,2,3,2,3,2,3,2,0,0,0,2,2,0,4,0,3,3,1,0,0,1,0,0,0,1,0,0,0,0,0,0,1,3,1,-3,0,1,0,0,3,-2,2,1,0,0,2,-1,0,0,2,1,0,4,0,3,3,1,-1,4,2,1,1,1,3,0,1,1,1,1,1,3,3,0,4,1,2,4,0,2,3,2,3,2,2,1,2,-3,0,-1,-1,0,-1,-2,-1,-2,-1,1,4,8,4,6,8,8,3,4,0,4,6,2,3,2,2,0,3,3,0,0,0,0,2,0,1,4,4,2,2,6,3,2,2,0,1,3,1,6,2,6,5,5,3,4,0,4,4,2,-2,2,2,2,1,3
2560,34,1,3,1,2,3,3,2,3,3,4,8,2,9,5,2,1,4,3,2,3,1,4,3,2,3,2,5,0,0,1,2,1,0,2,1,3,3,0,6,3,0,0,0,0,0,1,0,0,0,0,0,0,0,1,0,-2,0,1,-1,2,-1,1,6,-1,7,0,0,0,1,2,1,-1,2,1,3,3,0,6,3,3,1,1,1,2,2,1,2,1,5,2,3,2,2,1,4,3,2,2,1,4,3,2,3,2,5,1,0,-3,-2,0,0,0,-2,-2,3,-1,1,-3,2,2,5,1,4,9,2,5,5,2,3,5,1,0,2,0,1,4,0,0,0,0,0,1,0,-3,0,-1,1,4,1,0,2,0,1,3,1,2,3,1,3,5,2,5,5,2,3,4,-1,-3,-2,-1,0,1
2560,34,2,3,2,3,2,1,5,1,3,2,3,3,6,6,1,3,3,1,2,6,1,2,2,1,0,3,9,0,0,0,1,0,3,1,1,1,1,2,2,3,0,0,0,0,0,0,0,0,0,0,0,0,0,2,-1,0,1,-1,-1,0,1,0,2,3,3,-3,0,0,0,1,0,3,1,1,1,1,2,2,3,3,2,3,1,1,2,0,2,1,2,1,4,3,1,3,3,1,2,6,1,2,2,1,0,3,9,2,-1,0,0,-1,-4,-1,0,-1,1,1,1,-6,5,1,2,3,3,4,6,1,2,4,5,5,2,1,1,1,1,3,1,0,0,0,0,1,-1,0,0,-1,-2,-1,1,1,1,1,1,2,3,0,1,2,2,1,5,1,2,4,5,4,-2,-1,-1,-2,-3,-3
2560,35,1,1,6,1,6,3,2,2,1,5,3,3,6,5,2,3,2,4,5,2,1,1,3,2,3,3,6,0,3,0,3,2,1,1,1,1,0,1,3,3,0,0,0,0,0,0,0,0,0,1,0,1,0,-1,3,-1,2,-2,0,1,0,2,1,0,3,-1,0,3,0,3,2,1,1,1,1,-1,1,2,3,1,3,1,3,1,1,1,0,4,3,2,3,2,2,3,2,4,5,2,1,1,3,1,3,2,6,-1,0,-1,-1,-4,-1,0,-1,1,2,-1,1,-4,1,1,1,2,6,3,1,1,0,0,9,1,0,0,1,0,1,2,0,0,0,0,2,0,0,0,1,2,-3,2,0,0,1,0,-1,2,1,1,0,2,5,1,1,1,0,0,7,1,0,0,0,2,-2,0
2560,35,2,3,2,3,2,4,1,6,3,1,3,10,8,1,4,3,2,2,2,1,5,3,1,2,5,1,3,2,1,1,1,3,1,5,1,1,1,5,4,1,0,0,0,0,1,0,1,0,0,0,0,0,1,-1,-1,1,0,2,0,1,0,0,1,5,7,-2,2,1,1,1,2,1,4,1,1,1,5,4,0,1,1,2,1,1,0,1,2,0,2,5,4,0,4,3,2,2,1,1,4,3,1,2,5,1,2,-3,-2,0,-1,0,-1,-3,-1,-1,0,0,3,-2,2,3,1,4,1,3,2,4,1,5,1,3,1,1,0,1,0,2,0,0,0,0,0,1,0,-1,0,-1,0,0,1,1,0,1,0,1,1,2,1,3,1,1,2,4,1,5,1,2,-1,-2,0,-2,0,-1
2560,36,1,4,3,1,1,3,6,2,3,3,0,5,5,7,3,2,0,2,5,3,4,1,1,1,4,2,2,2,1,0,0,1,1,2,1,1,0,2,3,0,0,0,0,0,0,0,1,0,0,0,0,0,0,1,1,1,-1,-2,3,-2,2,2,-1,1,3,5,2,1,0,0,1,1,1,1,1,0,2,3,0,2,2,1,1,2,5,0,2,2,0,3,2,7,3,2,0,2,5,3,3,1,1,1,4,2,2,-1,0,1,-1,-3,2,-3,1,1,-1,-1,0,5,1,3,4,3,3,3,3,1,3,1,3,5,1,2,2,2,1,2,0,0,1,0,0,0,-2,2,1,2,0,-2,1,2,1,2,1,2,0,1,2,1,2,1,3,1,2,1,3,5,-3,0,0,0,-1,-4
2560,36,2,4,3,2,3,4,7,2,2,4,4,3,5,1,4,2,2,3,4,3,0,1,2,4,1,8,6,3,1,1,2,2,3,1,1,2,1,1,1,0,0,0,1,0,0,1,0,0,0,1,0,0,0,0,1,0,0,0,4,2,1,2,0,2,-3,-5,3,1,0,2,2,2,1,1,2,0,1,1,0,1,2,1,1,2,4,1,1,2,3,2,4,1,4,2,1,3,4,2,0,1,2,3,1,8,6,-3,0,0,-2,-2,2,1,0,0,0,1,-4,-5,0,3,2,5,4,1,2,2,1,1,3,2,0,1,0,0,2,0,0,0,0,0,0,0,-2,1,1,4,1,-1,0,1,0,0,2,0,0,2,2,5,2,1,2,2,1,1,3,2,-2,0,1,4,-1,-1
2560,37,1,1,2,2,0,3,4,0,4,4,2,4,2,4,2,1,2,0,1,1,0,0,3,2,1,3,5,1,1,0,0,3,2,0,1,2,1,0,1,0,0,0,0,0,0,0,0,0,0,0,0,0,0,-1,1,0,0,2,3,0,4,1,0,3,-1,-1,1,1,0,0,3,2,0,1,2,1,0,1,0,0,1,2,0,0,2,0,3,2,1,4,1,4,2,1,2,0,1,1,0,0,3,2,1,3,5,-2,0,0,0,-1,1,0,3,-1,-1,3,-2,-1,4,1,5,2,3,2,7,0,4,7,2,1,0,0,4,2,3,2,0,0,0,0,0,0,-3,1,1,-5,1,1,0,0,4,2,3,2,4,1,1,0,0,0,7,0,4,7,2,1,-3,1,-3,-7,-2,-1
2560,37,2,1,2,2,3,3,3,2,3,3,1,6,3,2,2,3,0,3,2,4,4,0,5,3,3,0,4,1,2,1,3,3,2,0,0,1,1,2,2,1,0,0,0,0,0,0,0,0,0,1,0,0,0,-1,-1,2,0,1,-1,-2,3,-2,-2,3,3,-2,1,2,1,3,3,2,0,0,1,0,2,2,1,0,0,1,0,0,1,2,3,2,0,4,1,1,2,3,0,3,2,4,4,0,5,2,3,0,4,-2,-3,1,-3,-2,-3,-2,3,-3,-2,1,1,-3,2,7,3,3,2,5,4,6,1,3,5,5,1,5,0,0,2,2,0,0,0,1,0,0,-2,1,2,0,-3,0,1,5,0,-1,2,2,1,2,3,3,0,3,4,6,1,2,5,5,-3,-4,2,1,-5,-2
2560,38,1,0,3,0,3,0,3,3,5,6,4,1,2,1,0,1,1,4,2,3,4,4,3,4,1,1,2,0,2,0,0,0,1,2,0,3,3,1,2,0,0,1,0,1,0,0,0,0,0,0,0,0,0,0,2,-1,-1,-2,0,-1,1,3,0,0,1,-1,0,1,0,-1,0,1,2,0,3,3,1,2,0,0,1,0,3,0,2,1,5,3,1,0,0,1,0,0,1,3,2,3,4,4,3,4,1,1,2,0,1,-1,0,-2,-1,-3,1,0,-3,-1,-1,-1,1,2,2,3,5,1,0,2,2,3,4,0,0,1,0,0,2,0,0,0,0,0,0,0,1,0,0,0,1,1,0,1,0,0,2,0,1,1,2,3,3,1,0,2,2,3,4,0,1,-1,0,0,-1,1
2560,38,2,3,0,0,2,4,0,7,5,1,3,3,2,2,2,0,2,2,4,2,1,4,1,1,2,4,2,1,0,0,1,2,0,3,1,1,2,1,0,0,0,0,0,0,0,0,0,0,0,0,0,0,0,1,0,-2,0,0,-2,6,1,0,2,1,-2,0,1,0,0,1,2,0,3,1,1,2,1,0,0,2,0,0,1,2,0,4,4,0,1,2,2,2,2,0,2,2,4,2,1,4,1,1,2,4,2,0,0,-2,-1,-2,-2,3,0,-1,0,0,-2,0,2,2,1,1,2,4,0,1,3,2,3,2,1,0,0,0,2,1,0,0,0,0,0,0,2,1,-2,-1,-1,2,1,0,0,0,2,1,1,2,1,1,0,3,0,1,3,2,3,2,1,1,-2,-1,-3,1
2560,39,1,7,2,2,3,3,5,2,1,1,3,0,3,2,5,3,3,2,4,3,3,2,4,1,1,3,6,1,1,1,1,0,4,1,0,0,0,0,0,0,0,1,0,0,0,1,1,0,0,0,0,0,0,2,-1,-1,1,-1,2,-1,-1,-3,2,-1,0,-4,1,0,1,1,0,3,0,0,0,0,0,0,0,6,1,1,2,3,1,1,1,1,3,0,3,2,5,2,3,2,4,2,2,2,4,1,1,3,6,1,-1,-2,0,-1,-1,-1,-1,-3,2,-1,0,-4,5,5,2,3,2,3,4,0,3,5,4,5,2,2,0,1,1,0,1,0,1,0,0,1,1,5,-1,-2,-2,-2,1,2,-1,1,1,-1,3,3,2,2,1,3,3,0,2,5,4,4,0,3,0,-3,-3,-1
2560,39,2,2,4,2,6,1,4,3,1,0,1,4,2,0,2,4,0,2,1,5,0,0,3,4,2,1,0,1,4,1,4,0,3,0,0,0,1,2,1,0,0,0,0,0,0,0,0,0,0,0,0,0,0,0,0,2,4,0,-1,3,1,-3,-3,2,1,0,1,4,1,4,0,3,0,0,0,1,2,1,0,1,0,1,2,1,1,3,1,0,0,2,1,0,2,4,0,2,1,5,0,0,3,4,2,1,0,-1,-4,1,0,0,-4,3,1,-3,-4,0,0,0,1,1,1,1,2,3,1,2,5,2,2,2,0,0,0,1,0,2,0,0,0,0,0,0,0,-1,-4,-1,0,1,0,0,0,1,0,2,1,1,1,0,2,1,1,2,5,2,2,2,0,-1,-4,-2,0,-1
2560,40,1,7,3,2,2,4,3,2,1,0,1,3,1,2,6,4,1,2,4,5,3,1,1,2,2,3,2,3,2,1,1,3,2,1,1,0,1,1,1,0,0,3,0,0,1,0,0,0,0,0,0,1,0,1,-1,1,0,0,-2,-1,0,-1,-1,1,-2,0,3,-1,1,1,2,2,1,1,0,1,1,0,0,4,1,1,1,1,1,1,0,0,0,2,0,2,6,1,1,2,3,5,3,1,1,2,2,2,2,-2,0,0,-1,-2,-4,-2,-1,-1,-2,0,-2,0,2,3,0,1,3,1,0,1,3,2,1,1,0,1,0,0,1,0,0,0,1,0,0,0,2,2,-3,-1,2,0,0,1,-1,0,1,0,2,2,0,1,2,1,0,1,2,2,1,1,2,1,-2,-1,1,0
2560,40,2,2,1,3,1,1,3,1,1,1,2,0,2,2,1,2,0,2,0,5,1,4,2,2,0,2,3,1,0,0,0,0,3,1,0,0,0,0,0,1,0,0,0,1,0,2,0,0,1,0,0,0,0,1,-1,3,-1,1,-2,0,-3,-1,0,0,0,-1,1,0,0,-1,0,1,1,0,-1,0,0,0,1,1,1,3,1,1,0,0,1,1,2,0,2,1,1,2,0,1,0,3,1,4,1,2,0,2,3,0,-1,3,0,1,-3,-1,-3,0,0,0,0,-2,0,3,3,0,1,4,1,3,1,2,2,1,0,1,1,0,1,0,0,0,1,0,0,1,-1,0,2,-2,-1,3,0,1,0,0,1,-1,0,2,2,0,0,4,1,3,0,2,2,0,-1,-1,2,-2,-2,4
2560,41,1,1,3,5,2,2,0,2,0,4,2,3,3,1,0,7,3,1,0,0,2,1,2,3,5,1,1,0,1,1,1,1,0,0,0,2,0,0,0,0,0,2,0,0,0,0,0,0,0,0,0,0,0,1,-4,2,1,2,0,0,-1,2,-1,-2,2,0,0,-1,1,1,1,0,0,0,2,0,0,0,0,1,2,4,1,1,0,2,0,2,2,3,3,1,0,5,3,1,0,0,2,1,2,3,5,1,1,1,-3,1,0,1,0,0,-1,0,-1,-2,2,0,2,1,9,1,5,5,3,2,3,2,3,5,1,0,0,0,1,4,0,0,0,0,0,2,-1,-1,6,-1,2,0,1,0,0,0,1,2,1,1,9,1,4,1,3,2,3,2,3,3,-2,-1,6,-1,1,-2
2560,41,2,1,1,0,0,4,4,2,2,0,2,1,2,1,0,0,0,0,3,3,0,1,0,0,1,1,1,0,0,0,0,1,2,0,0,0,2,1,0,0,0,0,0,0,1,0,0,0,0,0,0,0,0,1,1,0,0,1,1,2,1,0,2,0,1,0,0,0,0,0,0,2,0,0,0,2,1,0,0,1,1,0,0,3,2,2,2,0,0,0,2,1,0,0,0,0,2,3,0,1,0,0,1,1,1,1,1,0,0,1,-1,2,1,0,0,-1,1,0,2,3,4,2,3,1,2,0,5,3,2,2,0,1,2,1,1,1,0,0,1,0,0,1,0,3,-1,-1,1,-1,0,1,1,1,1,0,2,2,2,1,2,0,2,0,4,3,2,1,0,2,-2,-2,0,-1
2560,42,1,2,1,4,2,0,2,1,3,2,4,3,4,1,3,3,2,1,1,5,1,2,0,3,3,1,1,1,0,1,2,0,0,1,0,1,3,2,0,0,0,0,0,0,1,1,0,0,0,1,1,0,0,-1,-2,2,1,-1,-3,0,1,2,1,0,3,0,1,0,1,2,-1,-1,1,0,1,2,1,0,0,1,1,3,0,0,2,0,3,1,1,1,4,1,3,3,2,1,0,4,1,2,0,2,2,1,1,-2,-2,1,-1,0,-2,-1,1,1,-1,-1,3,0,2,1,5,2,2,2,1,2,2,1,1,2,0,0,1,1,1,1,0,0,0,0,0,0,1,-1,3,1,1,0,0,0,1,1,1,1,2,1,4,1,1,1,1,2,2,1,1,2,1,-1,2,0,0,-1
2560,42,2,3,1,2,3,1,0,3,1,1,4,2,2,1,0,1,1,4,1,0,5,1,3,1,3,0,2,3,0,2,1,0,0,0,0,0,2,1,1,0,0,0,0,0,0,0,0,0,0,0,0,0,0,3,0,1,-1,0,0,-2,0,-2,3,-1,2,-1,3,0,2,1,0,0,0,0,0,2,1,1,0,0,1,0,2,1,0,3,1,1,2,1,1,1,0,1,1,4,1,0,5,1,3,1,3,0,2,0,0,-1,-2,0,0,-2,0,-2,1,-2,1,-1,1,1,1,2,1,2,3,4,2,3,3,2,0,1,1,1,1,1,0,0,0,0,1,1,-2,-3,-1,-1,-2,0,0,1,1,1,0,0,1,0,0,1,0,1,3,4,2,3,2,1,-2,-4,-2,-2,-2,0
2560,43,1,2,3,2,1,0,2,1,1,1,4,3,2,1,2,1,5,3,1,4,2,2,2,2,2,3,2,0,0,0,0,0,1,0,0,1,0,2,1,1,1,0,1,0,0,0,0,0,0,0,0,0,0,0,2,-3,-2,-1,-2,-1,-1,-1,2,1,-1,-1,-1,0,-1,0,0,1,0,0,1,0,2,1,1,2,3,2,1,0,1,1,1,0,4,1,1,0,1,1,4,3,1,4,2,2,2,2,2,3,2,1,2,-2,-2,-1,-3,-1,-1,-2,2,-1,-2,-2,2,1,0,4,4,1,3,0,0,1,5,3,0,0,0,1,1,1,0,0,0,0,0,2,-1,1,0,3,-1,-2,0,0,0,1,1,-1,2,1,0,3,3,0,3,0,0,1,5,1,-1,1,0,2,-2,-1
2560,43,2,2,2,2,2,2,4,1,3,0,0,0,1,3,0,2,1,2,4,5,3,1,0,2,3,3,4,0,1,0,0,2,1,0,1,0,0,0,0,1,0,0,0,0,0,0,1,0,0,0,0,0,0,2,0,1,0,-2,-1,-2,2,0,-2,-3,-2,-1,0,1,0,0,2,1,-1,1,0,0,0,0,1,2,1,2,2,0,3,1,2,0,0,0,1,2,0,2,1,2,4,5,2,1,0,2,3,3,4,2,-1,1,0,-4,-2,-1,1,0,-2,-3,-2,-2,2,0,3,1,1,1,2,2,3,1,2,1,0,0,0,0,0,0,0,0,1,0,0,0,0,-2,0,0,-1,0,0,0,-1,0,0,0,2,0,3,1,1,1,2,2,2,1,2,1,0,-2,1,0,-1,0
2560,44,1,2,2,3,5,3,1,1,4,1,5,0,5,3,2,1,2,1,2,3,1,3,3,0,0,4,1,2,2,1,1,0,0,0,2,0,2,0,1,2,0,0,1,0,0,0,0,0,1,0,0,0,0,0,1,1,4,1,-2,0,1,-2,5,0,1,2,2,2,0,1,0,0,0,2,-1,2,0,1,2,0,0,2,4,3,1,1,2,1,3,0,4,1,2,1,1,1,2,3,1,3,2,0,0,4,1,-2,-1,1,3,1,-2,0,-1,-1,3,0,0,0,0,0,2,2,0,1,2,4,5,0,3,4,0,0,1,0,0,0,1,0,0,0,0,1,-2,-4,-3,2,-3,-3,-1,0,1,0,0,-1,0,0,1,2,0,1,1,4,5,0,3,3,-1,-4,-4,2,-3,-2
2560,44,2,3,1,3,1,1,2,1,1,4,1,1,3,1,1,0,3,0,2,1,2,2,2,2,1,1,1,2,0,0,0,1,1,0,0,3,0,1,2,1,0,0,0,0,0,0,0,0,0,0,0,0,0,2,1,0,1,-1,1,-1,-1,2,-1,0,2,0,2,0,0,0,1,1,0,0,3,0,1,2,1,1,1,3,1,0,1,1,1,1,1,0,1,0,1,0,3,0,2,1,2,2,2,2,1,1,1,0,1,0,1,-2,0,-1,-1,-1,-1,-1,0,-1,1,0,0,3,0,3,1,0,1,1,0,1,0,0,0,2,0,0,0,0,0,0,0,1,0,0,-1,2,0,2,0,0,0,2,0,-1,1,0,0,1,0,3,1,0,1,1,0,0,0,0,-1,0,0,3
2560,45,1,4,2,1,1,1,3,1,0,4,1,4,0,2,1,6,1,2,1,4,0,1,2,1,4,2,3,0,0,0,1,1,0,0,0,1,0,1,0,0,0,1,0,0,0,2,0,0,0,0,0,0,1,3,-4,0,-1,0,-1,1,-1,2,0,0,-2,-1,0,-1,0,1,1,-2,0,0,1,0,1,0,-1,4,2,1,0,0,3,1,0,3,1,3,0,2,1,5,1,2,1,2,0,1,2,1,4,2,2,3,-3,0,-2,-1,1,1,-1,1,0,-1,-2,0,1,3,0,3,2,1,1,4,2,0,1,0,0,0,0,1,2,0,0,0,0,0,1,0,0,-1,-2,3,1,1,0,0,0,1,1,0,1,3,0,2,0,1,1,4,2,0,0,0,0,-1,-2,2,0,1
2560,45,2,2,2,1,1,0,3,1,0,1,5,2,1,0,0,0,1,0,2,1,2,0,1,1,2,0,1,1,0,1,1,0,1,0,0,0,1,2,1,0,0,0,0,0,0,0,0,0,0,0,0,0,0,2,2,0,1,-2,2,-1,0,0,4,0,1,-1,1,0,1,1,0,1,0,0,0,1,2,1,0,1,2,0,0,0,2,1,0,1,4,0,0,0,0,0,1,0,2,1,2,0,1,1,2,0,1,1,2,-1,0,-2,1,-1,0,0,3,-2,0,-1,1,1,0,1,2,1,1,0,1,0,4,0,0,0,0,0,1,1,0,0,0,0,0,0,0,1,-1,1,-2,1,0,0,0,0,1,1,1,1,0,1,1,0,1,0,1,0,4,0,0,1,-1,1,-3,0
2560,46,1,2,2,2,0,0,2,2,3,3,1,1,3,1,1,0,2,2,2,3,1,0,3,0,2,1,1,0,0,2,0,0,1,0,1,2,0,1,1,0,0,0,1,0,0,1,0,0,0,0,0,0,0,1,2,0,-2,-2,-1,1,3,0,1,-1,2,0,0,0,1,0,0,0,0,1,2,0,1,1,0,2,2,0,0,0,1,2,2,1,1,0,2,1,1,0,1,2,2,2,1,0,3,0,2,1,1,1,2,-1,-2,-2,-1,1,2,-2,1,-2,1,0,2,2,2,3,2,1,3,3,2,2,4,0,0,1,0,2,2,1,0,0,1,0,0,0,-1,-1,0,1,-2,1,0,1,-1,2,2,1,2,1,2,1,0,0,3,3,1,2,4,0,-1,-2,1,-1,-4,0
2560,46,2,2,2,1,2,0,1,3,0,1,3,0,2,0,1,1,1,1,3,0,1,0,2,6,3,0,1,2,0,0,2,0,1,2,0,1,2,0,1,0,0,0,0,0,0,0,1,0,0,1,1,0,0,1,1,0,1,-3,1,2,0,-1,-3,-3,2,-1,2,0,0,2,0,1,1,0,1,1,-1,1,0,0,2,1,0,0,0,1,0,0,1,0,1,0,1,1,1,1,3,0,0,0,2,5,2,0,1,-1,1,0,-1,-3,0,1,0,-2,-4,-2,1,-1,2,3,4,3,1,2,2,0,4,0,2,1,0,0,1,1,0,0,0,0,0,0,0,0,0,3,0,3,-1,1,0,0,1,1,0,0,2,3,3,2,1,2,2,0,4,0,2,1,0,3,-1,2,-1,1
2560,47,1,1,2,2,4,1,1,2,3,3,4,2,3,3,1,3,4,2,1,0,2,3,4,3,6,2,2,1,0,0,2,0,0,0,2,2,0,1,1,1,0,0,1,0,1,0,1,0,1,0,0,0,0,0,-1,-2,2,0,1,0,0,-1,1,-4,1,1,1,0,-1,2,-1,0,-1,2,1,0,1,1,1,0,2,2,2,1,1,2,1,1,4,1,2,2,1,3,3,2,0,0,1,3,3,3,6,2,2,-1,-1,-1,0,1,1,1,-2,-2,1,-5,0,0,1,2,1,1,0,0,1,3,4,2,1,2,1,0,0,0,0,0,0,0,1,1,0,0,0,-1,-3,-1,-1,-2,1,0,-1,-1,0,0,0,2,1,1,0,0,1,3,3,1,1,2,-1,-1,-2,0,-1,-2
2560,47,2,3,2,1,1,1,1,1,0,0,1,1,1,3,1,0,2,1,0,1,1,1,1,2,3,0,2,0,0,0,0,0,1,0,0,0,0,1,1,0,0,0,0,0,0,0,0,0,0,1,0,0,0,2,2,-1,0,1,0,0,-1,-1,-1,-2,1,1,0,0,0,0,0,1,0,0,0,-1,1,1,0,3,2,1,1,1,0,1,0,0,1,0,0,3,1,0,2,1,0,1,1,1,1,1,3,0,2,2,2,-1,0,1,-1,0,-1,-1,0,-3,0,1,2,4,1,1,1,3,1,3,2,1,4,3,1,0,0,0,0,0,0,0,0,0,0,0,1,1,-1,0,-3,0,1,0,0,0,0,0,1,4,1,1,1,3,1,3,2,1,4,3,0,1,-1,0,-3,0
2560,48,1,2,2,1,2,3,2,2,1,2,1,2,1,1,2,2,2,1,2,0,1,1,1,4,2,1,0,0,1,0,1,1,0,0,1,0,1,0,0,0,0,0,0,1,0,0,0,0,0,1,0,0,0,0,0,-1,1,1,2,1,0,1,-3,0,0,1,0,1,0,0,1,0,0,1,0,0,0,0,0,2,1,1,1,2,2,2,0,2,0,2,1,1,2,2,2,0,2,0,1,1,1,3,2,1,0,0,-1,-1,1,0,2,1,-1,1,-3,0,0,1,2,0,5,2,0,1,3,3,1,1,0,3,0,0,0,1,0,0,1,0,0,0,0,2,-1,-3,4,1,0,-2,-1,0,0,1,0,-2,2,0,5,1,0,1,2,3,1,1,0,1,0,-3,4,0,0,0
2560,48,2,4,0,1,1,0,0,2,1,1,1,2,0,0,1,0,1,3,2,1,5,0,3,0,2,2,2,0,0,1,0,0,0,1,1,0,1,1,0,0,0,0,0,0,0,0,0,0,0,0,0,1,0,3,0,0,-2,-2,-1,-3,1,-2,1,0,-2,-2,0,0,1,0,0,0,1,1,0,1,1,-1,0,4,0,0,1,0,0,1,0,1,0,1,0,0,1,0,1,3,2,1,5,0,3,0,2,1,2,3,0,-1,-2,-2,-1,-4,0,-2,0,-1,-1,-2,0,2,1,3,2,1,0,1,2,3,2,0,0,0,1,1,0,0,0,0,0,1,0,0,0,1,-1,0,0,1,0,0,1,0,0,0,0,2,0,2,2,1,0,1,2,2,2,0,0,1,-2,0,0,1
2560,49,1,0,1,0,3,0,4,0,2,2,0,2,1,3,2,2,3,1,0,3,1,2,1,1,0,2,1,0,0,0,1,0,2,0,0,1,0,1,0,0,0,0,0,1,0,1,0,0,0,0,0,0,0,-2,-1,-3,2,0,1,-1,0,1,-1,2,-1,2,0,0,0,0,0,1,0,0,1,0,1,0,0,0,1,0,2,0,2,0,2,1,0,1,1,3,2,2,3,0,0,2,1,2,1,1,0,2,1,-2,-1,-3,2,0,0,-1,0,0,-1,1,-1,2,1,2,0,0,1,4,0,0,0,2,2,3,0,0,0,0,0,1,0,0,0,0,0,0,1,2,0,-2,-1,1,0,0,0,0,0,1,1,2,0,0,1,3,0,0,0,2,2,3,1,2,0,-2,-1,0
2560,49,2,1,0,2,0,3,3,2,3,4,1,2,5,4,2,2,3,2,0,2,1,1,4,2,0,3,1,0,0,0,0,0,0,1,0,1,0,1,1,0,0,0,0,1,0,0,0,0,0,0,0,1,0,-1,-2,-1,-2,3,1,1,2,0,-1,2,2,3,0,0,0,-1,0,0,1,0,1,0,1,0,0,1,0,2,0,3,3,1,3,3,1,1,4,4,2,2,3,1,0,2,1,1,4,2,0,2,1,-1,-2,-1,-1,3,1,0,2,-1,-1,1,2,3,3,4,2,0,1,1,2,1,3,1,3,2,0,1,0,0,0,0,0,0,0,0,0,0,1,3,-1,-1,-2,-1,0,1,0,0,0,0,3,3,2,0,1,1,2,1,3,1,3,2,1,2,-1,-1,-2,-1
2560,50,1,0,1,1,1,2,3,2,2,2,0,1,2,0,1,0,3,2,3,2,5,0,1,2,3,4,2,0,0,0,0,1,0,1,0,0,0,1,1,0,1,0,0,0,0,0,1,0,0,0,0,0,0,-1,1,-2,-1,-1,1,-3,2,1,-2,-2,-2,-2,-1,0,0,0,1,0,0,0,0,0,1,1,0,0,1,1,1,1,3,1,2,2,0,0,1,0,0,0,3,2,3,2,4,0,1,2,3,4,2,0,1,-2,-1,-2,1,-3,2,1,-2,-3,-3,-2,0,0,2,2,2,0,1,1,2,1,2,1,0,0,0,0,1,0,0,0,0,0,0,0,-1,-1,0,1,0,-1,0,0,0,0,1,0,0,0,2,2,1,0,1,1,2,1,2,1,-1,-1,0,1,-1,-1
2560,50,2,2,2,1,0,1,1,3,1,2,1,2,1,0,1,4,3,1,1,2,3,1,1,0,3,1,4,0,1,0,0,1,0,2,0,0,0,1,1,0,0,0,0,0,0,0,0,0,0,0,0,0,0,1,-2,-2,-1,0,-1,0,0,1,1,-1,0,-4,0,1,0,0,1,0,2,0,0,0,1,1,0,2,1,1,0,0,1,1,1,2,1,1,0,0,1,4,3,1,1,2,3,1,1,0,3,1,4,1,-3,-2,-1,-1,-1,-2,0,1,1,-2,-1,-4,1,3,3,0,0,1,3,4,2,0,0,3,0,0,0,0,0,0,1,0,0,0,0,1,-2,-1,1,0,0,-2,-1,0,0,0,0,-1,1,3,3,0,0,1,2,4,2,0,0,2,-1,-1,1,0,0,-1
2560,51,1,1,0,3,1,2,3,0,2,1,3,0,2,3,1,1,1,0,1,1,2,1,2,1,1,3,0,1,0,0,0,0,2,0,1,0,1,0,0,1,0,0,0,0,0,0,0,0,0,0,0,0,0,0,-1,2,1,1,2,-2,1,-1,2,-1,-1,3,1,0,0,0,0,2,0,1,0,1,0,0,1,0,0,3,1,2,1,0,1,1,2,0,2,2,1,1,1,0,1,1,2,1,2,1,1,3,0,-1,-1,2,1,1,0,-2,0,-1,1,-1,-1,2,1,1,2,3,2,3,3,2,0,5,2,2,0,0,0,0,0,0,0,0,0,0,1,0,-2,-1,2,-2,0,1,0,0,0,0,-1,0,1,1,2,3,2,3,3,2,0,5,1,2,-2,-1,2,-2,1,1
2560,51,2,1,1,0,2,0,0,0,2,0,2,1,2,3,1,3,0,1,2,1,0,3,1,2,2,3,2,0,1,0,0,0,0,0,0,0,0,1,0,1,0,0,0,0,0,0,0,0,0,0,0,0,0,0,-2,0,1,-2,-1,0,-1,-1,0,-1,-1,1,0,1,0,0,0,0,0,0,0,0,1,0,1,1,0,0,2,0,0,0,2,0,2,0,2,2,1,3,0,1,2,1,0,3,1,2,2,3,2,0,-3,0,1,-2,-1,0,-1,-1,0,-2,-1,0,4,2,0,1,1,3,2,0,2,5,2,1,0,0,0,1,1,1,0,0,0,0,0,0,2,2,-2,-4,-1,2,0,0,0,1,1,1,4,2,0,0,0,2,2,0,2,5,2,1,2,2,-2,-5,-2,1
2560,52,1,0,1,2,2,3,1,1,1,1,2,1,2,2,0,0,1,1,1,0,1,1,0,2,3,2,1,0,0,1,1,0,1,1,0,0,1,0,0,0,0,0,0,0,0,0,0,0,0,0,0,0,0,0,1,1,1,2,1,0,0,1,0,-2,0,1,0,0,1,1,0,1,1,0,0,1,0,0,0,0,1,1,1,3,0,0,1,1,1,1,2,2,0,0,1,1,1,0,1,1,0,2,3,2,1,0,1,0,0,2,0,-1,0,1,-1,-2,0,1,2,3,0,0,1,0,4,0,1,1,1,1,0,0,0,0,0,0,1,0,0,0,0,0,-2,3,-1,-1,0,-1,-1,0,0,0,0,0,2,3,0,0,1,0,3,0,1,1,1,1,-1,3,-1,-1,0,-1
2560,52,2,1,1,0,0,2,0,0,0,2,0,2,0,2,2,0,3,0,2,1,0,0,2,0,1,0,1,0,0,0,0,2,0,0,0,0,0,0,0,1,0,0,0,0,0,0,0,0,0,0,0,0,0,-1,1,-3,0,0,-1,0,0,0,0,1,0,1,0,0,0,0,2,0,0,0,0,0,0,0,1,1,1,0,0,0,0,0,0,2,0,2,0,1,2,0,3,0,2,1,0,0,2,0,1,0,1,-1,1,-3,0,-2,-1,0,0,0,0,1,0,0,1,2,1,0,1,3,1,2,6,2,3,1,0,0,0,0,1,0,0,0,0,0,1,0,0,0,-5,-2,-2,2,0,0,0,0,0,0,1,2,1,0,0,3,1,2,6,2,2,1,0,0,-5,-2,-2,2
2560,53,1,1,1,0,1,0,1,1,1,1,1,1,1,1,0,2,1,1,1,3,0,2,1,2,0,1,0,1,0,0,0,0,1,0,0,1,0,1,1,1,0,0,0,0,0,0,0,0,0,0,0,0,0,1,-1,-1,0,-1,-2,1,-1,0,-1,1,0,1,1,0,0,0,0,1,0,0,1,0,1,1,1,0,1,0,1,0,0,1,1,0,1,0,0,0,0,2,1,1,1,3,0,2,1,2,0,1,0,0,-1,-1,0,-1,-3,1,-1,-1,-1,0,-1,0,1,3,0,1,1,4,2,1,1,2,1,2,0,0,0,0,0,1,0,0,0,0,1,0,-1,2,-1,-1,0,2,0,0,0,0,-1,1,1,3,0,1,1,3,2,1,1,2,0,2,-1,2,-1,-1,1,1
2560,53,2,1,1,2,1,2,1,2,0,3,2,1,1,1,1,1,3,1,1,3,1,0,2,3,2,1,2,0,1,1,0,1,1,0,0,0,1,1,1,0,0,0,1,0,0,0,0,0,0,0,0,0,0,0,0,-1,0,1,-2,1,0,1,-1,-1,0,-1,0,1,0,0,1,1,0,0,0,1,1,1,0,1,0,1,1,1,0,2,0,3,1,0,0,1,1,1,2,1,1,3,1,0,2,3,2,1,2,0,-1,-1,0,0,-3,1,0,1,-2,-2,-1,-1,1,2,3,6,1,3,1,0,1,1,4,2,0,0,0,1,1,2,0,0,0,0,0,0,0,2,2,5,-3,1,0,0,0,1,1,2,1,2,3,5,0,1,1,0,1,1,4,2,0,2,2,4,-4,-1
2560,54,1,1,1,0,1,0,0,1,0,1,3,0,0,1,0,0,0,1,1,1,1,2,2,2,3,0,1,0,0,0,0,0,0,0,0,1,2,0,0,0,0,0,0,0,0,0,1,1,0,0,0,0,0,1,1,0,0,-1,-1,0,-2,-1,1,-3,0,0,0,0,0,0,0,0,-1,-1,1,2,0,0,0,1,1,0,1,0,0,1,0,0,1,0,0,1,0,0,0,1,1,1,0,1,2,2,3,0,1,1,1,0,0,-1,-1,1,-1,-2,-1,-3,0,0,1,1,1,1,0,2,2,2,0,1,1,1,0,0,0,0,0,0,0,0,0,0,0,0,-1,-1,1,0,-1,1,0,0,0,0,0,0,1,1,1,1,0,2,2,2,0,1,1,1,-1,-1,1,0,-1,1
2560,54,2,2,1,0,1,0,2,0,2,3,0,1,0,3,2,0,3,0,1,3,2,0,1,3,2,2,2,2,0,0,0,0,1,0,0,1,0,0,0,0,0,0,0,0,0,0,1,0,0,0,0,0,0,0,1,-3,1,-1,-1,-2,2,2,-3,-1,-2,1,2,0,0,0,0,1,-1,0,1,0,0,0,0,0,1,0,1,0,1,0,2,2,0,1,0,3,2,0,3,0,1,3,1,0,1,3,2,2,2,-2,1,-3,1,-1,-2,-1,2,1,-3,-1,-2,1,2,0,1,1,0,2,1,0,0,1,1,1,0,0,1,0,0,0,0,0,0,0,1,0,1,0,1,0,-1,1,0,0,1,0,-1,0,2,0,0,1,0,2,1,0,0,1,0,1,1,0,0,0,0,1
2560,55,1,3,1,0,0,1,0,0,1,1,0,1,0,1,1,1,2,1,1,0,1,1,0,1,1,3,0,0,0,0,0,0,0,0,0,0,0,1,0,0,0,0,0,0,0,0,0,0,0,0,0,1,0,2,0,-2,-1,0,0,-1,0,1,-1,0,-3,1,0,0,0,0,0,0,0,0,0,0,1,-1,0,3,1,0,0,1,0,0,1,1,0,0,0,1,1,1,2,1,1,0,1,1,0,1,1,2,0,2,0,-2,-1,0,0,-1,0,1,-1,-1,-2,1,1,2,1,3,0,4,1,1,0,3,1,0,1,0,0,0,0,1,0,0,0,0,0,0,0,1,1,0,-1,4,1,0,0,0,0,1,0,2,1,3,0,3,1,1,0,3,1,0,-1,1,1,0,-1,3
2560,55,2,0,0,3,0,1,0,0,3,2,2,1,0,1,1,0,1,1,0,0,0,0,2,0,0,0,1,0,0,1,0,0,0,0,1,1,1,1,0,0,0,0,0,0,0,0,0,0,0,0,0,0,0,-1,0,2,-1,1,0,0,3,0,2,1,0,0,0,0,1,0,0,0,0,1,1,1,1,0,0,0,0,2,0,1,0,0,2,1,1,0,0,1,1,0,1,1,0,0,0,0,2,0,0,0,1,-1,0,1,-1,1,0,0,2,-1,1,0,0,0,0,3,1,1,1,1,1,2,1,1,2,2,0,0,0,0,0,0,0,0,0,0,0,0,-1,1,0,0,-1,-1,0,0,0,0,0,0,0,3,1,1,1,1,1,2,1,1,2,2,-1,1,0,0,-1,-1
2560,56,1,0,2,1,0,2,3,3,2,3,1,1,2,4,0,2,0,0,1,1,2,0,2,0,0,1,0,0,0,0,0,0,1,0,0,1,0,0,0,1,0,0,0,0,0,0,0,0,0,0,0,0,0,0,0,1,0,1,2,1,2,1,1,1,1,4,0,0,0,0,0,1,0,0,1,0,0,0,1,0,2,1,0,2,2,3,2,2,1,1,2,3,0,2,0,0,1,1,2,0,2,0,0,1,0,0,0,1,0,1,1,1,2,0,1,1,1,3,1,0,1,2,0,1,3,0,2,2,2,0,0,0,0,1,0,0,1,0,0,0,0,0,-2,0,-1,0,-2,1,-1,0,0,1,0,0,1,0,1,1,0,1,2,0,2,2,2,0,-1,0,-1,-1,-2,1
2560,56,2,0,1,0,2,2,0,1,2,0,1,2,3,3,2,1,1,1,0,0,4,0,0,1,1,1,0,0,0,0,0,2,0,0,2,0,0,1,0,0,0,0,0,0,0,0,0,0,0,0,0,0,0,-2,0,-1,1,2,0,-3,2,0,0,1,2,3,0,0,0,0,2,0,0,2,0,0,1,0,0,0,1,0,2,0,0,1,0,0,1,1,3,3,2,1,1,1,0,0,4,0,0,1,1,1,0,-2,0,-1,1,0,0,-3,0,0,0,0,2,3,3,0,1,3,2,2,0,1,1,3,0,1,0,0,0,1,0,1,0,0,0,0,0,1,3,-1,0,0,2,1,0,0,0,1,0,0,3,0,1,2,2,1,0,1,1,3,0,0,3,-1,0,-1,2,1
2560,57,1,2,0,1,0,3,1,0,1,1,0,1,1,0,1,0,2,0,2,1,1,0,1,1,2,1,0,0,0,0,0,1,0,0,0,0,0,0,1,0,0,0,0,0,0,0,0,0,0,0,0,0,0,1,0,-1,0,1,0,-1,1,0,-1,-1,0,0,0,0,0,0,1,0,0,0,0,0,0,1,0,2,0,1,0,2,1,0,1,1,0,1,0,0,1,0,2,0,2,1,1,0,1,1,2,1,0,1,0,-1,0,0,0,-1,1,0,-1,-1,-1,0,3,0,2,4,0,1,2,0,1,1,0,2,0,0,0,0,0,0,0,0,0,0,0,0,1,0,1,3,0,-1,0,0,0,0,0,0,3,0,2,4,0,1,2,0,1,1,0,2,1,0,1,3,0,-1
2560,57,2,1,2,0,0,3,2,0,2,1,0,2,1,0,2,0,1,0,1,2,2,0,0,1,1,1,1,0,1,0,0,2,0,0,0,0,0,0,0,0,0,0,0,0,0,0,0,0,0,0,0,0,0,-1,2,-1,0,2,0,-2,2,1,-1,1,0,-1,0,1,0,0,2,0,0,0,0,0,0,0,0,1,1,0,0,1,2,0,2,1,0,2,1,0,2,0,1,0,1,2,2,0,0,1,1,1,1,-1,1,-1,0,0,0,-2,2,1,-1,1,0,-1,0,3,2,1,0,0,1,2,1,2,2,1,0,0,0,0,0,0,0,0,0,0,1,0,-1,1,1,-1,-2,-1,0,0,0,0,-1,0,0,3,2,1,0,0,1,2,1,2,1,1,-1,1,1,-1,-1,-1
2560,58,1,2,0,1,0,1,3,0,0,0,1,0,2,0,2,1,1,0,0,2,2,0,1,2,2,1,1,0,0,0,0,0,0,0,0,0,1,0,0,0,0,0,0,0,0,0,0,0,0,1,0,0,1,0,-1,0,0,1,1,-2,0,-1,-1,-2,1,-1,0,0,0,0,0,0,0,0,0,0,0,0,-1,2,0,1,0,1,3,0,0,0,0,0,2,0,2,1,1,0,0,2,2,0,1,1,2,1,0,0,-1,0,0,1,1,-2,0,-1,-1,-2,1,0,0,3,1,1,4,2,2,0,2,3,3,1,0,1,0,0,2,1,1,0,0,0,1,0,-2,3,-1,-2,1,1,-1,1,0,0,1,1,0,2,1,1,2,1,1,0,2,3,2,1,-1,2,-1,-2,0,0
2560,58,2,0,0,0,2,1,2,0,2,2,0,2,2,3,1,1,1,0,1,2,0,1,1,1,1,2,2,0,0,0,0,0,1,0,0,0,0,0,0,1,0,0,0,0,0,0,0,0,0,0,0,0,0,-1,-1,-1,2,0,0,0,1,1,-1,1,0,1,0,0,0,0,0,1,0,0,0,0,0,0,1,0,0,0,2,1,1,0,2,2,0,2,2,2,1,1,1,0,1,2,0,1,1,1,1,2,2,-1,-1,-1,2,0,-1,0,1,1,-1,1,0,0,2,0,1,1,1,4,3,0,1,0,1,2,0,0,0,0,1,1,1,0,0,0,0,0,-1,0,0,1,0,2,-1,0,0,0,1,1,2,0,1,1,0,3,2,0,1,0,1,2,0,0,0,1,-1,1
2560,59,1,2,2,1,3,0,0,1,2,1,3,1,2,2,3,2,1,3,0,2,1,2,0,1,2,1,2,1,0,0,0,0,0,0,1,0,0,0,1,1,0,0,0,0,0,0,0,0,0,0,0,0,0,-1,0,0,0,0,-2,0,0,1,2,-1,1,0,1,0,0,0,0,0,0,1,0,0,0,1,1,1,2,1,3,0,0,1,1,1,3,1,1,1,3,2,1,3,0,2,1,2,0,1,2,1,2,-2,0,0,0,0,-2,0,-1,1,2,-1,0,-1,2,1,0,0,2,4,0,1,1,2,1,1,0,0,0,0,1,1,0,0,0,0,0,0,2,0,-1,-2,1,3,0,0,0,0,1,1,2,1,0,0,1,3,0,1,1,2,1,1,2,0,-1,-2,0,2
2560,59,2,2,0,1,0,2,2,0,0,0,3,1,2,2,1,2,0,0,2,0,0,0,2,3,1,2,2,1,0,0,0,0,0,0,0,0,0,0,1,0,0,0,0,0,0,0,0,0,0,0,0,0,0,1,-2,1,0,0,2,0,0,-2,0,0,0,0,1,0,0,0,0,0,0,0,0,0,0,1,0,1,0,1,0,2,2,0,0,0,3,1,1,2,1,2,0,0,2,0,0,0,2,3,1,2,2,0,-2,1,0,0,2,0,0,-2,0,0,-1,0,0,0,2,1,1,0,0,1,0,1,3,0,0,0,0,0,0,0,0,0,0,0,0,0,0,-1,2,0,-2,0,0,0,0,0,0,0,0,0,2,1,1,0,0,1,0,1,3,0,0,-1,2,0,-2,0
2560,60,1,0,0,2,1,0,1,0,3,0,0,1,4,2,2,0,2,0,1,1,0,0,1,1,0,2,4,0,0,0,0,0,0,0,1,0,0,0,1,0,0,0,0,0,0,0,0,0,0,0,0,0,0,-2,0,0,1,-1,0,0,3,-1,-1,1,2,-2,0,0,0,0,0,0,0,1,0,0,0,1,0,0,0,2,1,0,1,0,2,0,0,1,3,2,2,0,2,0,1,1,0,0,1,1,0,2,4,-2,0,0,1,-1,0,0,2,-1,-1,1,1,-2,2,1,0,3,1,1,2,0,0,2,1,2,1,0,0,1,0,0,0,0,0,0,0,0,0,1,0,1,0,-1,1,0,0,1,0,0,1,1,0,2,1,1,2,0,0,2,1,2,-1,1,0,0,0,-1
2560,60,2,0,2,0,2,1,0,0,0,0,2,0,0,0,1,6,0,0,0,3,0,2,1,3,1,0,3,0,0,0,0,0,0,0,0,0,1,0,0,0,0,0,0,0,0,0,0,0,0,1,0,0,1,-1,-4,0,2,1,-3,0,-2,-1,-1,-1,0,-3,0,0,0,0,0,0,0,0,0,0,0,0,-1,0,2,0,2,1,0,0,0,0,1,0,0,0,1,6,0,0,0,3,0,2,1,2,1,0,2,-1,-4,0,2,1,-3,0,-2,-1,-1,-1,0,-2,0,1,0,0,0,0,2,1,0,0,3,0,0,0,0,0,0,0,0,0,0,0,0,0,-2,0,0,0,-3,0,0,0,0,0,0,0,0,1,0,0,0,0,2,1,0,0,3,0,-2,0,0,0,-3,0
2560,61,1,1,0,1,2,1,0,1,0,1,1,1,1,2,2,2,1,1,2,1,1,1,1,1,0,1,1,0,0,0,0,1,0,0,0,0,0,1,0,1,0,0,0,0,0,0,0,0,0,0,0,0,0,-1,-2,0,1,-1,-1,0,-1,0,0,1,0,1,0,0,0,0,1,0,0,0,0,0,1,0,1,1,0,1,2,0,0,1,0,1,1,0,1,1,2,2,1,1,2,1,1,1,1,1,0,1,1,-1,-2,0,1,-2,-1,0,-1,0,0,0,0,0,2,3,1,0,1,0,1,1,2,1,2,0,0,0,0,0,0,0,0,0,0,0,0,0,1,2,-1,-1,-1,0,0,0,0,0,0,0,2,3,1,0,1,0,1,1,2,1,2,0,1,2,-1,-1,-1,0
2560,61,2,1,1,2,1,0,1,1,0,1,1,0,2,0,1,3,1,1,1,0,0,0,1,0,1,0,1,0,0,0,1,0,0,0,0,0,0,0,0,0,0,0,0,0,0,0,0,0,0,0,0,0,1,0,-2,1,0,-1,1,1,0,0,1,-1,2,-1,0,0,0,1,0,0,0,0,0,0,0,0,-1,1,1,2,0,0,1,1,0,1,1,0,2,0,1,3,1,1,1,0,0,0,1,0,1,0,0,0,-2,1,-1,-1,1,1,0,0,1,-1,2,0,2,1,2,0,0,1,0,2,0,0,0,2,0,0,0,0,0,0,0,0,0,0,0,0,2,-1,2,0,0,-1,0,0,0,0,0,0,2,1,2,0,0,1,0,2,0,0,0,2,2,-1,2,0,0,-1
2560,62,1,2,0,1,2,1,2,1,1,0,1,0,0,2,1,4,2,0,0,0,0,2,1,1,1,1,1,0,0,0,0,0,0,1,0,0,0,0,0,1,0,0,0,0,0,0,0,0,0,0,0,0,0,1,-4,-1,2,1,2,1,-1,-1,0,-1,-1,1,0,0,0,0,0,0,1,0,0,0,0,0,1,2,0,1,2,1,2,0,1,0,1,0,0,1,1,4,2,0,0,0,0,2,1,1,1,1,1,1,-4,-1,2,1,2,0,-1,-1,0,-1,-1,0,0,3,1,2,0,1,1,1,1,0,1,0,0,1,0,0,0,0,0,0,1,0,0,0,-1,2,0,2,-1,1,0,1,-1,0,0,0,0,2,1,2,0,1,1,1,0,0,1,0,-1,1,1,2,-1,1
2560,62,2,1,1,1,1,2,0,0,1,0,1,0,1,1,1,1,2,0,3,0,1,0,2,2,0,2,0,0,0,1,0,0,0,0,0,0,0,0,1,0,0,0,0,0,0,0,0,0,0,0,0,0,0,0,0,-1,1,-1,0,-1,1,-2,-1,0,-1,1,0,0,1,0,0,0,0,0,0,0,0,1,0,1,1,0,1,2,0,0,1,0,1,0,0,1,1,1,2,0,3,0,1,0,2,2,0,2,0,0,0,-2,1,-1,0,-1,1,-2,-1,0,-2,1,0,1,0,0,1,0,0,1,0,1,1,0,0,0,0,0,0,0,0,0,0,0,0,0,0,0,0,-1,0,0,0,0,0,0,0,0,0,1,0,0,1,0,0,1,0,1,1,0,0,0,0,-1,0,0
2560,63,1,1,0,0,0,2,0,3,4,1,2,1,1,2,0,1,0,0,4,1,0,3,1,0,0,1,0,0,0,0,0,2,0,0,0,0,0,0,0,0,0,0,0,0,0,0,0,0,0,0,0,1,0,1,-1,0,0,-2,-1,3,1,0,2,1,0,2,0,0,0,0,2,0,0,0,0,0,0,-1,0,1,0,0,0,0,0,3,4,1,2,1,1,2,0,1,0,0,4,1,0,3,1,0,0,0,0,1,-1,0,0,-4,-1,3,1,0,2,1,1,2,0,1,3,0,0,1,1,0,1,0,3,1,0,0,0,0,0,0,0,0,0,0,0,0,-1,1,2,0,-3,0,0,0,0,0,0,0,0,1,3,0,0,1,1,0,1,0,3,1,-1,1,2,0,-3,0
2560,63,2,0,0,1,0,0,1,1,4,1,2,0,1,3,0,0,1,1,0,1,1,1,2,0,0,0,4,0,0,0,0,0,0,0,1,0,0,0,0,0,0,0,0,0,0,0,0,0,0,0,0,0,1,0,0,0,-1,0,0,0,3,-1,2,0,1,-1,0,0,0,0,0,0,0,1,0,0,0,0,-1,0,0,1,0,0,1,1,3,1,2,0,1,3,0,0,1,1,0,1,1,1,2,0,0,0,3,0,0,0,-1,0,0,0,2,-1,2,0,1,0,0,0,1,2,0,1,1,1,1,4,1,1,0,0,0,0,0,0,0,0,0,0,0,0,-1,-1,0,-2,-1,0,0,0,0,0,0,0,0,0,1,2,0,1,1,1,1,4,1,1,-1,-1,0,-2,-1,0
2560,64,1,0,0,1,0,1,2,0,2,3,2,0,0,0,0,1,1,1,0,0,1,3,1,3,0,0,0,0,0,0,0,0,1,0,0,0,0,0,0,0,0,0,0,0,0,0,1,0,0,0,0,0,0,0,-1,0,-1,1,2,-1,-1,2,-1,0,0,0,0,0,0,0,0,1,-1,0,0,0,0,0,0,0,0,1,0,1,1,0,2,3,2,0,0,0,0,1,1,1,0,0,0,3,1,3,0,0,0,0,-1,0,-1,1,1,0,-1,2,-1,0,0,0,0,1,1,0,0,4,1,1,1,1,2,1,0,0,0,0,0,1,0,0,0,0,0,0,-1,0,0,-1,-2,3,0,0,0,0,0,1,0,1,1,0,0,3,1,1,1,1,2,1,-1,0,0,-1,-2,2
2560,64,2,0,2,0,1,2,1,0,0,1,0,0,0,0,1,1,0,0,0,2,3,1,1,0,1,1,0,0,0,0,0,0,0,0,0,0,0,0,0,0,0,0,0,0,0,0,0,0,0,0,0,1,0,-1,1,0,1,2,-1,-3,-1,0,0,-1,-1,0,0,0,0,0,0,0,0,0,0,0,0,-1,0,0,2,0,1,2,1,0,0,1,0,0,0,0,1,1,0,0,0,2,3,1,1,0,1,0,0,-1,1,0,1,2,-1,-3,-1,0,0,-1,0,0,1,0,0,2,1,1,0,2,0,2,2,1,0,0,0,0,1,0,0,0,0,1,0,0,1,-2,0,0,-1,0,0,0,0,-1,1,0,1,0,0,2,0,1,0,2,0,1,2,1,1,-2,0,1,-2,0
2560,65,1,1,1,2,1,1,1,0,0,0,2,0,1,0,1,3,2,0,0,1,3,0,2,3,0,2,0,0,0,0,0,0,0,0,0,0,1,0,0,0,0,0,0,0,0,0,0,0,0,0,0,0,0,0,-2,0,1,1,0,-3,0,-2,-1,0,-1,0,0,0,0,0,0,0,0,0,0,1,0,0,0,1,1,2,1,1,1,0,0,0,1,0,1,0,1,3,2,0,0,1,3,0,2,3,0,2,0,0,-2,0,1,1,0,-3,0,-2,-2,0,-1,0,1,1,3,0,2,0,0,1,2,0,1,0,0,0,0,0,0,0,0,0,0,0,0,0,1,0,1,0,1,0,0,0,0,0,0,0,1,1,3,0,2,0,0,1,2,0,1,0,1,0,1,0,1,0
2560,65,2,1,1,3,0,3,1,1,2,0,0,1,1,0,0,0,2,0,4,2,1,4,0,1,0,0,1,1,0,0,0,0,1,0,0,0,0,0,0,0,0,0,0,0,0,0,1,0,0,0,0,0,0,1,1,1,0,-1,-1,0,-2,0,-1,1,1,-1,1,0,0,0,0,1,-1,0,0,0,0,0,0,0,1,3,0,3,0,1,2,0,0,1,1,0,0,0,2,0,4,2,0,4,0,1,0,0,1,0,1,1,0,-1,-2,1,-2,0,-1,1,1,-1,3,2,6,1,3,0,1,3,4,1,2,1,0,0,0,0,1,0,0,0,0,0,0,0,2,-1,2,0,1,-1,0,0,0,0,1,0,3,2,6,1,2,0,1,3,4,1,2,1,2,-1,2,0,0,-1
2560,66,1,0,2,1,0,1,1,1,1,2,0,0,0,2,0,1,2,1,0,0,1,2,0,1,2,1,0,0,0,0,0,0,0,0,0,0,0,0,0,0,0,0,0,0,0,0,0,0,0,0,0,0,0,0,1,-1,-1,1,1,0,-1,2,-1,-2,-1,2,0,0,0,0,0,0,0,0,0,0,0,0,0,0,2,1,0,1,1,1,1,2,0,0,0,2,0,1,2,1,0,0,1,2,0,1,2,1,0,0,1,-1,-1,1,1,0,-1,2,-1,-2,-1,2,0,0,1,0,0,1,0,0,0,0,1,3,0,0,0,0,0,0,0,0,0,0,0,0,0,0,1,0,-1,-2,0,0,0,0,0,0,0,0,1,0,0,1,0,0,0,0,1,3,0,0,1,0,-1,-2
2560,66,2,1,0,0,0,0,2,0,1,1,0,1,0,3,1,2,2,1,0,2,1,2,2,1,1,1,1,0,0,0,0,0,0,0,0,0,0,0,0,1,0,0,0,0,0,0,0,0,1,0,0,0,0,0,-2,-2,-1,0,0,-1,-1,-1,-1,0,-1,2,0,0,0,0,0,0,0,0,-1,0,0,0,1,1,0,0,0,0,2,0,1,1,0,1,0,2,1,2,2,1,0,2,1,2,1,1,1,1,1,0,-2,-2,-1,0,0,-1,-1,0,-1,0,-1,1,0,0,2,0,0,0,1,2,0,3,0,2,0,0,0,0,0,0,0,1,0,0,0,0,-1,-2,2,-3,0,-2,0,-1,0,0,0,0,0,0,2,0,0,0,1,1,0,3,0,2,-1,-1,2,-3,0,-2
2560,67,1,1,2,0,0,1,3,0,1,1,0,3,1,0,0,0,0,1,1,1,0,0,2,0,0,2,0,1,1,0,0,0,0,0,0,0,0,0,1,0,0,0,0,0,0,0,0,0,0,0,0,0,0,1,2,0,-1,0,2,0,1,-1,0,3,-1,0,1,1,0,0,0,0,0,0,0,0,0,1,0,0,1,0,0,1,3,0,1,1,0,3,0,0,0,0,0,1,1,1,0,0,2,0,0,2,0,0,1,0,-1,0,2,0,1,-1,0,3,-2,0,0,1,1,0,1,0,1,1,0,1,0,1,0,0,0,0,0,0,0,0,0,0,0,0,-1,0,1,-1,1,-1,0,0,0,0,0,0,0,1,1,0,1,0,1,1,0,1,0,1,-1,0,1,-1,1,-1
2560,67,2,2,1,0,0,1,2,1,0,1,1,1,2,0,0,2,1,0,1,1,0,1,2,0,0,1,1,0,0,0,0,0,0,0,0,1,0,0,0,0,0,0,0,0,1,0,0,0,0,0,0,0,0,2,-1,-1,0,0,1,1,-1,-1,1,1,1,-1,0,0,0,0,-1,0,0,0,1,0,0,0,0,2,1,0,0,1,2,1,0,0,1,1,2,0,0,2,1,0,0,1,0,1,2,0,0,1,1,2,-1,-1,0,1,1,1,-1,-2,1,1,1,-1,0,0,2,0,2,0,0,0,1,0,1,2,0,0,0,0,0,0,0,0,0,0,0,0,0,0,1,0,1,-2,0,0,0,0,0,0,0,0,2,0,2,0,0,0,1,0,1,2,0,0,1,0,1,-2
2560,68,1,0,1,0,0,0,0,0,0,0,0,0,0,0,0,0,2,1,3,1,0,1,0,1,2,1,1,0,0,0,0,0,0,0,0,0,0,0,0,0,0,0,0,0,2,0,0,0,0,0,0,1,1,0,1,-2,-1,-3,-1,0,-1,0,-1,-2,-1,-1,0,0,0,0,-2,0,0,0,0,0,0,-1,-1,0,1,0,0,0,0,0,0,0,0,0,0,0,0,0,2,1,1,1,0,1,0,1,2,0,0,0,1,-2,-1,-1,-1,0,-1,0,-1,-2,0,0,0,2,3,1,1,0,0,0,2,0,1,1,0,0,0,0,0,0,0,0,0,0,0,0,0,2,1,1,0,-1,0,0,0,0,0,0,0,2,3,1,1,0,0,0,2,0,1,1,0,2,1,1,0,-1
2560,68,2,1,1,0,0,0,2,0,1,4,1,0,0,0,0,0,0,1,0,0,1,0,1,1,1,0,1,0,0,0,0,0,0,0,0,0,0,0,0,0,0,0,0,0,0,0,0,0,0,0,0,0,0,1,1,0,-1,0,2,-1,1,3,0,-1,0,-1,0,0,0,0,0,0,0,0,0,0,0,0,0,1,1,0,0,0,2,0,1,4,1,0,0,0,0,0,0,1,0,0,1,0,1,1,1,0,1,1,1,0,-1,0,2,-1,1,3,0,-1,0,-1,0,2,4,0,0,1,0,1,2,0,0,2,0,0,0,0,0,0,0,0,0,0,0,0,0,1,2,0,0,-1,0,0,0,0,0,0,0,2,4,0,0,1,0,1,2,0,0,2,0,1,2,0,0,-1
2560,69,1,0,0,0,1,1,1,1,2,1,2,1,0,0,0,0,0,0,0,0,2,2,1,1,1,0,0,0,0,0,1,0,0,0,0,0,0,0,0,0,0,0,0,0,0,0,0,0,0,0,0,0,0,0,0,0,1,1,1,-1,0,0,1,0,0,0,0,0,0,1,0,0,0,0,0,0,0,0,0,0,0,0,0,1,1,1,2,1,2,1,0,0,0,0,0,0,0,0,2,2,1,1,1,0,0,0,0,0,0,1,1,-1,0,0,1,0,0,0,1,0,1,1,0,0,2,0,0,2,1,0,0,0,0,0,0,0,0,0,0,0,0,0,-1,0,1,-1,-1,0,0,0,0,0,0,0,1,0,1,1,0,0,2,0,0,2,1,0,-1,0,1,-1,-1,0
2560,69,2,2,1,1,0,1,1,0,0,0,0,0,0,0,0,0,0,0,1,2,0,0,0,2,0,1,1,0,0,0,0,0,0,0,0,0,0,0,0,0,0,0,0,0,1,0,0,0,0,1,0,0,0,2,1,1,0,0,-1,0,0,0,-2,0,-1,-1,0,0,0,0,-1,0,0,0,0,-1,0,0,0,2,1,1,0,1,1,0,0,0,0,0,0,0,0,0,0,0,0,2,0,0,0,1,0,1,1,2,1,1,0,1,-1,0,0,0,-1,0,-1,-1,1,0,0,0,3,0,1,0,0,0,0,0,0,0,0,0,1,0,0,0,0,0,0,0,0,0,0,0,3,0,0,0,0,0,1,0,1,0,0,0,2,0,1,0,0,0,0,0,0,0,0,0,2,0
2560,70,1,0,2,0,1,0,1,0,0,0,0,0,2,0,1,3,2,0,1,1,1,1,1,1,0,0,0,0,0,0,1,0,1,0,0,0,0,0,0,0,0,0,0,0,0,0,0,0,0,0,0,0,0,-1,-1,-2,1,-1,0,-1,-1,-1,-1,0,2,0,0,0,0,1,0,1,0,0,0,0,0,0,0,0,2,0,0,0,0,0,0,0,0,0,2,0,1,3,2,0,1,1,1,1,1,1,0,0,0,-1,-1,-2,0,-1,-1,-1,-1,-1,-1,0,2,0,0,0,1,1,3,1,0,1,1,1,1,1,0,0,0,1,1,0,0,0,1,0,0,0,0,-1,0,0,2,0,0,0,-1,1,1,0,0,0,1,0,2,1,0,1,0,1,1,1,0,-1,1,-1,1,0
2560,70,2,0,0,1,0,0,0,0,0,0,2,0,0,0,0,0,1,2,0,0,1,1,0,0,1,1,1,0,0,0,0,0,0,0,0,0,0,0,0,0,0,0,0,0,0,0,0,0,0,0,0,0,0,0,0,0,-2,0,0,-1,-1,0,2,-1,-1,-1,0,0,0,0,0,0,0,0,0,0,0,0,0,0,0,1,0,0,0,0,0,0,2,0,0,0,0,0,1,2,0,0,1,1,0,0,1,1,1,0,0,0,-2,0,0,-1,-1,0,2,-1,-1,-1,0,2,0,0,2,1,1,1,3,1,2,0,0,0,0,0,1,0,0,0,0,0,0,0,-1,1,-3,-1,0,1,0,0,0,0,1,0,0,2,0,0,1,1,1,1,3,1,2,0,-1,1,-3,-1,-1,1
2560,71,1,1,0,1,0,0,0,0,1,0,0,0,1,0,0,0,0,1,0,2,0,0,0,0,1,2,0,0,0,0,0,0,0,0,0,0,0,0,0,0,0,0,0,0,0,0,0,0,0,0,0,0,0,1,0,1,-1,0,-2,0,1,0,0,-1,-1,0,0,0,0,0,0,0,0,0,0,0,0,0,0,1,0,1,0,0,0,0,1,0,0,0,1,0,0,0,0,1,0,2,0,0,0,0,1,2,0,1,0,1,-1,0,-2,0,1,0,0,-1,-1,0,0,0,0,1,1,1,0,0,1,1,0,2,0,0,0,0,0,0,0,0,0,0,0,0,0,0,-1,0,1,-1,0,0,0,0,0,0,0,0,0,1,1,1,0,0,1,1,0,2,0,0,-1,0,1,-1
2560,71,2,0,0,0,0,0,0,1,0,0,1,0,0,1,0,0,0,1,0,1,1,1,0,2,3,0,0,0,0,0,0,0,0,0,0,0,0,0,0,0,0,0,0,0,0,0,0,0,0,0,0,0,0,0,0,0,-1,0,-1,0,-1,0,-1,-3,0,1,0,0,0,0,0,0,0,0,0,0,0,0,0,0,0,0,0,0,0,1,0,0,1,0,0,1,0,0,0,1,0,1,1,1,0,2,3,0,0,0,0,0,-1,0,-1,0,-1,0,-1,-3,0,1,0,1,0,0,1,0,0,0,2,0,0,1,0,0,0,0,0,0,0,0,0,0,0,0,0,1,-2,0,1,-1,0,0,0,0,0,0,0,1,0,0,1,0,0,0,2,0,0,1,0,1,-2,0,1,-1
2560,72,1,1,1,1,0,0,2,1,0,0,0,0,2,0,0,0,0,0,0,0,0,2,1,2,0,1,1,0,0,0,0,0,0,0,0,0,0,0,0,0,0,0,0,0,0,0,0,0,0,0,0,0,0,1,1,1,0,0,2,1,-2,-1,-2,0,1,-1,0,0,0,0,0,0,0,0,0,0,0,0,0,1,1,1,0,0,2,1,0,0,0,0,2,0,0,0,0,0,0,0,0,2,1,2,0,1,1,1,1,1,0,0,2,1,-2,-1,-2,0,1,-1,1,0,0,3,1,1,1,0,1,1,0,0,0,0,0,0,0,0,0,0,0,0,0,0,0,0,-1,2,1,1,0,0,0,0,0,0,1,0,0,3,1,1,1,0,1,1,0,0,0,0,-1,2,1,1
2560,72,2,0,1,1,0,0,1,0,1,0,3,1,1,1,0,0,1,1,2,0,0,4,0,0,0,1,1,0,0,0,0,0,0,0,0,0,0,0,0,0,0,0,0,0,0,0,0,0,0,0,0,0,0,0,1,0,-1,-2,1,0,-3,0,3,1,0,0,0,0,0,0,0,0,0,0,0,0,0,0,0,0,1,1,0,0,1,0,1,0,3,1,1,1,0,0,1,1,2,0,0,4,0,0,0,1,1,0,1,0,-1,-2,1,0,-3,0,3,1,0,0,0,1,2,1,0,0,1,0,1,0,1,0,0,0,0,0,0,0,0,0,0,0,0,0,-1,1,1,1,-1,0,0,0,0,0,0,0,0,1,2,1,0,0,1,0,1,0,1,0,-1,1,1,1,-1,0
2560,73,1,1,0,2,0,0,2,0,0,0,1,0,0,1,2,1,2,0,0,1,0,1,0,0,3,0,1,0,0,0,0,0,0,0,0,0,0,0,0,0,0,0,0,0,0,0,0,0,0,0,0,0,0,-1,-1,0,0,0,1,0,-1,0,1,-3,0,0,0,0,0,0,0,0,0,0,0,0,0,0,0,1,0,2,0,0,2,0,0,0,1,0,0,1,2,1,2,0,0,1,0,1,0,0,3,0,1,-1,-1,0,0,0,1,0,-1,0,1,-3,0,0,1,0,0,0,0,1,2,2,1,0,0,0,0,0,0,0,0,0,1,0,0,0,0,0,-1,-2,-1,0,0,1,-1,0,0,0,0,0,1,0,0,0,0,1,1,2,1,0,0,0,0,-2,-1,0,0,1
2560,73,2,0,1,0,2,0,2,1,0,0,1,0,1,0,0,0,1,0,0,1,1,0,0,0,1,0,1,0,0,0,0,0,0,0,0,0,0,0,0,0,0,0,0,0,0,0,0,0,0,0,0,0,0,0,1,-1,2,0,1,0,0,0,1,-1,1,-1,0,0,0,0,0,0,0,0,0,0,0,0,0,0,1,0,2,0,2,1,0,0,1,0,1,0,0,0,1,0,0,1,1,0,0,0,1,0,1,0,1,-1,2,0,1,0,0,0,1,-1,1,-1,3,0,0,3,0,0,1,0,0,1,0,0,0,0,0,0,0,0,0,0,0,0,0,0,2,0,0,2,0,0,0,0,0,0,0,0,3,0,0,3,0,0,1,0,0,1,0,0,2,0,0,2,0,0
2560,74,1,0,1,0,0,0,0,0,1,1,0,1,1,1,0,1,0,1,0,0,0,0,1,1,0,0,0,0,0,0,0,0,0,0,0,0,0,0,0,0,0,0,0,0,0,0,0,0,0,0,0,0,0,0,0,0,-1,0,0,0,1,0,-1,1,1,1,0,0,0,0,0,0,0,0,0,0,0,0,0,0,1,0,0,0,0,0,1,1,0,1,1,1,0,1,0,1,0,0,0,0,1,1,0,0,0,0,0,0,-1,0,0,0,1,0,-1,1,1,1,0,0,0,0,0,0,0,0,1,1,1,0,0,0,0,0,0,0,0,0,0,0,0,0,0,0,-1,-1,-1,0,0,0,0,0,0,0,0,0,0,0,0,0,0,0,1,1,1,0,0,0,-1,-1,-1,0
2560,74,2,0,1,0,0,0,0,0,1,0,1,1,0,1,1,1,2,0,0,0,1,1,0,1,0,1,1,0,0,0,0,0,0,0,0,0,0,0,0,0,0,0,0,0,0,0,0,0,0,0,0,0,0,-1,0,-2,0,0,0,-1,0,0,0,1,-1,0,0,0,0,0,0,0,0,0,0,0,0,0,0,0,1,0,0,0,0,0,1,0,1,1,0,1,1,1,2,0,0,0,1,1,0,1,0,1,1,-1,0,-2,0,0,0,-1,0,0,0,1,-1,0,1,0,0,1,0,0,1,0,1,1,0,1,0,0,0,0,0,0,0,0,0,0,0,0,0,0,-1,0,0,-1,0,0,0,0,0,0,1,0,0,1,0,0,1,0,1,1,0,1,0,0,-1,0,0,-1
2560,75,1,2,0,1,0,0,0,0,0,0,0,0,1,1,0,1,0,1,0,1,1,0,0,0,1,2,1,0,0,0,0,0,0,0,0,0,0,0,0,0,0,0,0,0,0,0,0,0,0,0,0,0,0,2,-1,1,-1,0,-1,-1,0,0,0,-1,-1,0,0,0,0,0,0,0,0,0,0,0,0,0,0,2,0,1,0,0,0,0,0,0,0,0,1,1,0,1,0,1,0,1,1,0,0,0,1,2,1,2,-1,1,-1,0,-1,-1,0,0,0,-1,-1,0,0,0,0,0,2,3,1,0,0,1,0,1,0,0,0,0,0,0,0,0,0,0,0,0,-1,0,0,-1,2,2,0,0,0,0,0,0,0,0,0,0,2,3,1,0,0,1,0,1,-1,0,0,-1,2,2
2560,75,2,1,1,0,1,1,0,1,3,0,0,1,0,0,0,0,1,0,0,3,0,1,1,0,1,0,0,0,0,0,0,0,0,1,0,0,0,0,0,0,0,0,0,0,0,0,0,0,0,0,0,0,0,1,1,-1,1,1,-3,1,2,-1,0,0,0,0,0,0,0,0,0,0,1,0,0,0,0,0,0,1,1,0,1,1,0,0,3,0,0,1,0,0,0,0,1,0,0,3,0,1,1,0,1,0,0,1,1,-1,1,1,-3,0,2,-1,0,0,0,0,0,1,0,1,0,0,0,1,0,0,1,0,0,0,0,0,0,0,0,0,0,0,0,0,0,0,0,1,-1,0,0,0,0,0,0,0,0,1,0,1,0,0,0,1,0,0,1,0,0,0,0,1,-1,0
2560,76,1,0,1,0,0,0,1,0,0,2,0,0,0,0,0,1,1,1,0,2,0,0,0,0,1,1,3,0,0,0,0,0,0,0,0,0,0,0,0,0,0,0,0,0,0,0,0,0,0,0,0,0,0,0,0,-1,-1,0,-1,0,0,2,0,-1,-1,-3,0,0,0,0,0,0,0,0,0,0,0,0,0,0,1,0,0,0,1,0,0,2,0,0,0,0,0,1,1,1,0,2,0,0,0,0,1,1,3,0,0,-1,-1,0,-1,0,0,2,0,-1,-1,-3,1,1,0,0,1,1,1,0,0,1,0,0,0,0,0,0,0,0,0,0,0,0,0,0,0,1,0,-1,1,1,0,0,0,0,0,0,1,1,0,0,1,1,1,0,0,1,0,0,0,1,0,-1,1,1
2560,76,2,0,1,1,1,0,1,2,0,0,0,0,0,1,1,0,0,0,0,1,1,1,0,0,0,0,3,0,0,0,0,0,0,0,0,0,0,0,0,1,0,0,0,0,0,0,0,0,0,0,0,0,0,-1,1,1,1,0,0,1,-1,0,0,0,0,-2,0,0,0,0,0,0,0,0,0,0,0,0,1,0,1,1,1,0,1,2,0,0,0,0,0,0,1,0,0,0,0,1,1,1,0,0,0,0,3,-1,1,1,1,0,0,1,-1,0,0,0,0,-3,1,1,1,0,1,0,2,0,0,1,2,1,0,0,0,0,0,0,0,0,0,0,0,0,-1,1,1,-1,-1,-1,0,0,0,0,0,0,1,1,1,0,1,0,2,0,0,1,2,1,-1,1,1,-1,-1,-1
2560,77,1,1,1,1,2,1,1,3,0,0,1,0,1,0,0,0,0,2,1,0,1,0,0,0,0,0,1,0,0,0,0,0,0,1,0,0,0,0,0,0,0,0,0,0,0,0,0,0,0,0,0,0,0,1,1,1,0,0,1,2,0,0,1,0,1,-1,0,0,0,0,0,0,1,0,0,0,0,0,0,1,1,1,2,1,1,2,0,0,1,0,1,0,0,0,0,2,1,0,1,0,0,0,0,0,1,1,1,1,0,0,1,1,0,0,1,0,1,-1,0,0,0,1,2,1,1,0,1,0,0,0,0,0,0,0,1,0,0,0,0,0,0,0,-1,0,-1,1,2,1,0,0,0,0,1,0,0,0,0,1,1,1,1,0,1,0,0,0,-1,0,-1,1,1,1
2560,77,2,0,0,0,0,2,0,1,0,0,1,1,0,0,2,1,0,0,2,0,1,2,1,1,0,0,1,0,0,0,0,0,0,0,0,0,0,0,0,0,0,0,0,0,0,0,0,0,0,0,0,0,0,-2,-1,0,0,0,0,0,-2,-1,0,1,0,-1,0,0,0,0,0,0,0,0,0,0,0,0,0,0,0,0,0,2,0,1,0,0,1,1,0,0,2,1,0,0,2,0,1,2,1,1,0,0,1,-2,-1,0,0,0,0,0,-2,-1,0,1,0,-1,0,1,0,1,0,0,2,0,1,1,0,3,0,0,0,0,0,0,0,0,0,0,0,1,-2,1,-1,0,0,-3,0,0,0,0,0,-1,0,1,0,1,0,0,2,0,1,1,0,2,-2,1,-1,0,0,-2
2560,78,1,0,0,0,0,0,0,0,0,0,0,0,0,1,0,0,1,1,0,0,0,0,0,0,1,1,0,0,0,0,0,0,0,0,0,0,0,0,0,0,0,0,0,0,0,0,0,0,0,0,0,0,0,0,0,-1,-1,0,0,0,0,0,0,-1,-1,1,0,0,0,0,0,0,0,0,0,0,0,0,0,0,0,0,0,0,0,0,0,0,0,0,0,1,0,0,1,1,0,0,0,0,0,0,1,1,0,0,0,-1,-1,0,0,0,0,0,0,-1,-1,1,1,1,0,2,0,1,0,1,0,0,0,1,0,0,0,0,0,0,0,0,0,0,0,0,1,0,0,2,0,0,0,0,0,0,0,0,1,1,0,2,0,1,0,1,0,0,0,1,1,0,0,2,0,0
2560,78,2,0,0,0,1,1,1,0,0,0,0,0,0,0,0,2,0,0,1,0,0,0,0,0,3,0,0,0,0,0,0,1,0,0,0,0,0,0,0,0,0,0,0,0,0,0,0,0,0,0,0,0,0,0,-2,0,1,0,1,0,0,0,0,-3,0,0,0,0,0,0,1,0,0,0,0,0,0,0,0,0,0,0,1,0,1,0,0,0,0,0,0,0,0,2,0,0,1,0,0,0,0,0,3,0,0,0,-2,0,1,-1,1,0,0,0,0,-3,0,0,1,0,1,0,1,0,1,2,0,1,1,1,0,0,1,0,0,0,0,0,0,0,0,0,0,-2,1,-1,0,-1,0,0,1,0,0,0,1,0,0,0,1,0,1,2,0,1,1,1,0,-2,0,-1,0,-1
2560,79,1,0,0,1,0,0,0,1,1,0,0,0,1,0,1,0,1,0,1,1,0,0,1,0,0,0,0,0,0,0,0,0,0,0,0,0,0,0,0,0,0,0,0,0,0,0,0,0,0,0,0,0,0,-1,0,0,0,-1,-1,1,1,-1,0,0,1,0,0,0,0,0,0,0,0,0,0,0,0,0,0,0,0,1,0,0,0,1,1,0,0,0,1,0,1,0,1,0,1,1,0,0,1,0,0,0,0,-1,0,0,0,-1,-1,1,1,-1,0,0,1,0,0,1,0,0,0,0,0,2,0,2,0,0,0,0,0,0,0,0,0,0,0,0,0,0,0,-1,0,-2,0,0,0,0,0,0,0,0,0,1,0,0,0,0,0,2,0,2,0,0,0,-1,0,-2,0,0
2560,79,2,0,0,0,0,0,0,0,0,0,0,1,0,2,0,1,0,0,0,1,0,0,0,0,0,0,0,0,0,0,0,0,0,0,0,0,0,0,0,0,0,0,0,0,0,0,0,0,0,0,0,0,0,0,-1,0,0,0,-1,0,0,0,0,1,0,2,0,0,0,0,0,0,0,0,0,0,0,0,0,0,0,0,0,0,0,0,0,0,0,1,0,2,0,1,0,0,0,1,0,0,0,0,0,0,0,0,-1,0,0,0,-1,0,0,0,0,1,0,2,0,0,0,0,1,2,1,0,0,1,1,1,0,0,0,0,0,0,0,0,0,0,0,0,-1,0,0,-1,0,1,0,0,0,0,0,0,0,0,0,0,1,2,1,0,0,1,1,1,-1,0,0,-1,0,1
2514,0,1,3,0,4,3,2,0,2,2,2,4,3,2,0,1,1,1,3,2,0,1,1,2,2,2,4,0,0,0,0,0,0,0,1,0,0,2,0,1,0,0,0,0,0,0,0,1,0,0,0,0,0,0,2,-1,3,0,0,0,1,1,0,2,1,-2,0,0,0,0,0,0,0,0,0,0,2,0,1,0,3,0,4,3,2,0,1,2,2,2,3,1,0,1,1,1,3,2,0,0,1,2,2,2,4,0,2,-1,3,0,0,0,1,1,0,0,1,-3,0,3,0,6,1,2,1,4,1,0,0,0,2,1,0,2,0,0,0,0,0,0,0,0,1,-1,-1,6,1,2,-1,1,0,2,0,0,-1,2,0,4,1,2,1,4,1,0,0,0,1,-2,-1,4,1,2,0
2514,0,2,0,4,2,5,4,2,1,2,3,7,2,4,2,1,4,1,1,3,3,1,1,2,3,2,3,2,0,0,0,1,1,0,0,0,0,0,0,2,0,0,0,0,0,0,0,0,0,0,0,0,0,0,-1,0,1,4,1,-1,0,1,1,4,0,1,0,0,0,0,1,1,0,0,0,0,0,0,2,0,0,4,2,4,3,2,1,2,3,7,2,2,2,1,4,1,1,3,3,1,1,2,3,2,3,2,-1,0,1,3,0,-1,0,1,1,4,0,-1,0,1,3,4,3,1,2,2,2,1,1,0,3,1,1,0,0,0,0,0,0,0,0,0,0,-1,1,3,2,1,-1,1,1,0,0,0,0,0,2,4,3,1,2,2,2,1,1,0,3,-2,0,3,2,1,-1
2514,1,1,4,7,6,4,9,2,2,3,5,3,7,14,8,4,9,7,5,4,2,3,2,3,2,4,10,5,1,3,0,1,4,0,2,1,1,0,2,4,4,1,0,0,0,0,0,2,0,0,0,0,0,0,0,-2,-1,-1,5,0,-1,1,2,1,3,4,3,0,3,0,1,4,0,0,1,1,0,2,4,4,3,4,6,3,5,2,0,2,4,3,5,10,4,3,9,7,5,4,2,1,2,3,2,4,10,5,0,-5,-1,-2,1,0,-1,0,1,1,1,0,-1,7,8,5,2,3,3,7,4,8,4,5,2,0,0,1,1,1,1,0,0,0,0,0,0,0,4,-3,-2,-2,1,0,0,1,1,1,1,7,8,4,1,2,2,7,4,8,4,5,2,0,4,-4,-3,-3,0
2514,1,2,3,3,0,2,4,4,5,3,3,6,5,10,7,3,1,4,6,6,0,5,3,7,2,4,7,1,0,0,0,0,1,1,1,1,1,2,2,6,2,0,1,2,0,0,0,0,0,0,0,0,0,0,0,2,-4,-4,-2,4,0,0,-4,4,1,3,6,0,-1,-2,0,1,1,1,1,1,2,2,6,2,3,3,0,2,3,3,4,2,2,4,3,4,5,3,0,2,6,6,0,5,3,7,2,4,7,1,0,3,-2,-4,-3,3,-1,-1,-5,2,-1,-3,4,2,5,9,3,6,10,4,5,6,3,4,5,0,1,3,0,1,0,0,1,0,0,0,0,-2,0,3,0,2,5,0,0,3,0,1,0,2,4,6,3,5,10,4,4,6,3,4,5,-2,0,0,0,1,5
2514,2,1,4,7,4,3,6,4,7,4,3,2,2,6,4,2,2,5,4,5,2,2,2,4,1,0,5,7,0,3,0,0,0,1,0,0,2,0,1,3,1,0,1,0,0,3,0,0,0,0,1,0,0,0,2,5,-1,-1,1,2,5,2,-1,1,2,1,-3,0,2,0,0,-3,1,0,0,2,-1,1,3,1,4,4,4,3,6,3,7,4,1,2,1,3,3,2,1,5,4,2,2,2,2,4,0,0,5,7,2,3,-1,-1,4,1,5,2,-3,2,1,-2,-4,4,11,5,3,4,2,5,6,4,3,4,2,0,3,2,0,2,0,1,0,0,0,0,0,-1,5,1,0,0,0,-1,3,2,0,2,0,4,8,3,3,2,2,4,6,4,3,4,2,0,2,-1,0,-2,0
2514,2,2,11,6,4,2,2,6,2,3,4,5,6,5,4,3,3,3,2,1,2,3,1,3,5,5,7,5,2,0,0,0,1,0,0,0,1,1,3,2,2,0,1,0,0,0,0,1,0,0,0,0,0,0,8,3,1,0,1,4,-1,2,1,0,1,-2,-1,2,-1,0,0,1,0,-1,0,1,1,3,2,2,9,6,4,2,1,6,2,3,3,4,3,3,2,3,2,3,2,1,2,2,1,3,5,5,7,5,6,4,1,0,0,4,0,2,0,-1,-2,-4,-3,4,4,3,3,3,4,7,1,2,5,3,5,2,2,0,0,0,1,0,0,0,0,0,0,-3,3,1,-2,0,-1,2,2,0,0,0,1,2,2,3,3,3,3,7,1,2,5,3,5,-5,1,1,-2,0,-2
2514,3,1,2,3,4,7,3,1,5,3,4,1,2,10,3,2,2,5,3,6,5,4,3,3,4,6,10,1,0,2,1,0,0,0,1,0,1,1,1,7,0,0,1,0,0,0,0,0,0,0,0,0,1,0,0,1,-1,4,-3,-4,1,0,1,-3,-4,0,2,0,1,1,0,0,0,1,0,1,1,1,6,0,2,1,3,7,3,1,4,3,3,0,1,3,3,2,1,5,3,6,5,4,3,3,4,6,9,1,0,0,-2,4,-3,-4,0,0,0,-4,-5,-6,2,7,9,5,2,2,0,6,3,3,4,1,1,1,3,1,1,0,0,0,0,0,0,0,0,1,6,2,-2,1,-1,1,3,1,1,0,0,6,6,4,1,2,0,6,3,3,4,1,1,0,3,1,-3,1,-1
2514,3,2,1,5,1,2,0,0,4,5,2,6,4,4,8,1,6,4,1,2,1,4,0,2,4,5,6,2,0,2,0,1,0,0,1,1,1,1,1,3,2,0,2,1,0,0,0,1,0,0,0,0,0,0,0,-1,-3,1,-2,-1,0,5,0,2,-1,-2,6,0,0,-1,1,0,0,0,1,1,1,1,3,2,1,3,1,1,0,0,3,4,1,5,3,1,6,1,4,3,1,2,1,3,0,2,4,5,6,2,0,-1,-2,0,-2,-1,0,4,-1,1,-2,-5,4,1,3,5,4,3,4,2,5,3,2,1,2,1,0,1,1,1,1,0,0,1,0,0,0,-1,-2,2,2,2,2,1,0,0,1,1,1,0,3,4,3,2,3,2,5,2,2,1,2,-2,-2,2,1,1,1
2514,4,1,1,1,2,2,4,7,0,2,5,3,5,10,3,1,1,2,1,3,2,2,5,3,2,1,2,6,0,1,0,0,2,2,0,0,3,1,2,6,2,1,1,0,0,1,0,0,1,0,0,0,0,0,0,0,0,1,1,5,-2,-3,2,1,4,8,-3,-1,0,0,0,1,2,0,-1,3,1,2,6,2,1,0,2,2,2,5,0,2,2,2,3,4,1,0,0,2,1,2,2,2,4,3,2,1,2,6,1,0,0,1,0,3,-2,-2,-1,0,2,2,-5,4,7,4,1,3,3,5,3,6,3,1,7,2,2,0,0,0,1,0,0,0,0,0,1,-1,4,-2,-2,2,-4,2,2,0,0,0,0,2,5,4,1,3,2,5,3,6,3,1,6,-3,2,-2,-2,2,-4
2514,4,2,3,2,2,5,3,2,2,3,0,3,2,6,3,1,3,3,2,5,1,1,2,6,2,5,4,3,0,1,0,0,1,0,0,1,0,1,2,1,1,0,0,1,0,0,0,0,0,1,0,0,0,0,2,-1,-1,3,-2,1,1,1,-6,1,-3,2,0,0,1,-1,0,1,0,0,1,-1,1,2,1,1,3,1,2,5,2,2,2,2,0,2,0,5,2,1,3,2,2,5,1,1,2,5,2,5,4,3,2,-2,0,3,-3,1,1,0,-5,0,-5,1,-1,5,3,5,4,2,4,5,3,6,3,6,2,1,0,1,2,0,1,0,0,0,0,2,0,0,0,-1,1,-4,2,1,0,1,2,-2,1,4,3,4,2,2,3,5,3,6,3,4,2,-1,0,-2,-1,-2,1
2514,5,1,2,5,5,1,1,3,6,1,1,4,2,6,4,2,2,5,1,1,0,1,0,3,1,2,4,2,0,1,2,1,0,1,3,1,0,0,1,4,0,0,0,0,1,0,0,1,0,0,0,0,0,0,0,3,0,0,0,3,5,1,-2,3,0,2,2,0,1,2,0,0,1,2,1,0,0,1,4,0,2,4,3,0,1,2,3,0,1,4,1,2,4,2,2,5,0,1,0,0,0,3,1,2,4,2,0,2,-2,0,0,2,3,0,-2,3,-1,-2,2,6,4,7,3,3,3,1,7,5,2,4,4,2,2,2,1,3,1,0,1,0,0,1,0,5,-3,2,1,-1,-1,2,1,2,1,2,1,4,2,5,2,0,2,1,6,5,2,3,4,3,-4,0,0,-3,-2
2514,5,2,2,3,2,0,2,3,2,0,5,4,6,10,7,2,7,4,1,1,2,2,1,5,2,2,3,2,1,0,2,0,1,0,0,0,2,0,1,6,1,0,2,0,1,0,0,1,0,0,0,0,0,0,0,-4,-2,-1,1,1,0,-1,0,2,4,7,5,1,-2,2,-1,1,0,-1,0,2,0,1,6,1,1,3,0,0,1,3,2,0,3,4,5,4,6,2,5,4,0,1,2,1,1,5,2,2,3,2,-1,-2,-4,0,0,1,1,-1,-2,2,3,1,4,5,6,5,7,2,1,2,1,2,4,5,3,0,2,1,1,0,1,0,0,0,0,1,0,3,5,3,3,-3,-2,0,2,1,1,-1,1,5,4,4,6,2,0,2,1,2,4,4,3,3,3,2,2,-2,-3
2514,6,1,3,5,1,3,4,2,3,2,1,1,4,8,1,0,3,2,4,6,0,5,3,2,3,1,5,2,0,3,1,1,2,0,0,0,1,0,3,5,0,0,1,0,1,0,0,0,1,0,0,0,1,0,3,2,-1,-1,-2,2,-2,-1,-1,-2,3,3,-1,0,2,1,0,2,0,0,-1,1,0,3,4,0,3,2,0,2,2,2,3,2,0,1,1,3,1,0,2,2,3,6,0,5,2,2,3,1,4,2,3,0,-2,-1,-4,2,-2,0,-2,-2,0,-1,-1,3,3,6,3,2,2,3,0,4,5,4,4,0,2,1,1,1,0,0,0,1,0,0,0,0,3,2,-2,-2,-2,0,2,0,1,1,0,3,1,5,2,1,2,3,0,3,5,4,4,0,1,2,-3,-3,-2
2514,6,2,2,2,3,1,1,2,1,0,3,6,3,5,4,1,0,3,1,3,1,2,3,2,4,4,6,4,1,0,0,0,0,1,0,0,3,3,2,3,2,0,0,1,0,1,0,0,1,0,1,0,0,0,1,2,0,0,-2,1,-1,-3,1,2,-1,-1,0,1,0,-1,0,-1,1,0,-1,3,2,2,3,2,1,2,3,1,1,1,1,0,0,3,1,2,2,1,0,2,1,2,1,2,2,2,3,4,6,4,0,2,1,0,-1,0,-1,-2,-2,0,-3,-4,-2,2,2,3,5,5,1,5,6,1,4,3,3,1,0,0,3,0,0,1,0,0,0,0,0,-3,-4,2,1,2,-2,0,0,0,3,0,0,1,2,3,2,5,1,4,6,1,4,3,3,-3,-4,2,-2,2,-2
2514,7,1,2,1,4,0,4,3,2,1,1,2,3,3,4,0,3,2,5,3,1,2,2,2,2,4,4,3,1,0,0,0,0,0,0,0,0,1,3,0,1,0,0,0,0,0,0,1,0,0,0,0,0,1,2,-2,2,-5,1,2,0,-1,-1,0,-1,-1,1,1,0,0,0,0,0,-1,0,0,1,3,0,0,1,1,4,0,4,3,2,1,1,1,0,3,3,0,3,2,5,3,1,1,2,2,2,4,4,2,1,-2,2,-5,1,2,1,-1,-1,-1,-4,-1,1,7,4,2,4,1,4,3,2,6,0,4,4,2,1,0,2,1,3,0,0,0,0,1,0,4,2,-4,4,-3,0,2,1,0,2,0,3,5,3,2,2,0,1,3,2,6,0,3,4,2,1,-4,2,-3,-3
2514,7,2,0,2,2,1,2,5,3,1,2,0,1,8,2,0,2,1,1,4,2,1,2,3,1,3,4,5,0,1,0,0,0,2,1,0,1,0,0,2,1,0,1,0,0,1,0,0,0,0,0,0,0,1,0,0,1,0,-2,3,2,-1,-1,-1,-2,4,-3,0,0,0,0,-1,2,1,0,1,0,0,2,0,0,1,2,1,2,3,2,1,1,0,1,6,1,0,1,1,1,3,2,1,2,3,1,3,4,4,0,0,1,0,-1,1,1,-1,-2,-1,-2,2,-3,2,2,4,6,2,2,4,1,0,6,2,3,1,1,1,2,0,2,0,0,0,0,1,0,-2,1,4,0,0,-1,1,1,1,2,-1,2,1,1,3,4,2,0,4,1,0,6,1,3,-3,0,3,-2,1,-3
2514,8,1,3,2,3,2,1,1,2,0,5,2,6,7,2,0,0,1,6,2,0,3,1,6,1,2,7,3,0,1,0,0,0,0,1,0,1,1,4,5,1,0,0,0,0,1,0,1,0,0,0,0,1,0,3,2,2,-4,-1,1,-1,-1,-1,1,4,0,-1,0,1,0,0,-1,0,0,0,1,1,4,4,1,3,1,3,2,1,1,1,0,4,1,2,2,1,0,0,1,6,1,0,2,1,6,1,2,6,3,3,1,2,-4,0,1,-1,-1,-2,0,0,-4,-2,5,2,3,7,7,0,3,1,1,3,4,3,2,1,1,1,3,0,1,0,0,0,0,1,2,1,2,4,3,-3,1,1,1,1,3,-1,3,1,2,6,4,0,2,1,1,3,4,2,1,0,1,3,0,-2
2514,8,2,1,1,4,1,2,4,0,2,3,3,4,6,3,1,2,1,0,6,1,1,2,1,2,2,5,3,0,0,1,0,0,0,0,1,1,2,1,3,2,0,0,0,0,0,0,0,0,0,0,0,1,0,0,-1,3,1,-4,3,-1,0,2,1,2,1,0,0,0,1,0,0,0,0,1,1,2,1,2,2,1,1,3,1,2,4,0,1,2,1,3,3,1,1,2,1,0,6,1,1,2,1,2,2,4,3,0,-1,2,1,-4,3,-1,-1,1,-1,1,-1,-2,1,2,1,3,2,0,7,1,3,4,2,0,1,0,0,1,0,0,0,0,0,0,0,0,-6,1,-2,-1,0,0,1,0,0,1,0,0,0,2,1,2,2,0,7,1,3,4,2,0,-7,1,-2,-2,0,0
2514,9,1,2,3,2,2,1,3,2,5,3,4,4,3,3,3,2,2,1,3,0,2,1,0,3,2,3,3,1,0,1,2,0,1,1,0,2,1,2,2,2,1,0,0,0,0,0,0,0,0,0,0,0,0,-1,1,0,1,-2,3,0,4,3,1,2,0,0,0,0,1,2,0,1,1,0,2,1,2,2,2,1,3,1,0,1,2,1,5,1,3,2,1,1,2,2,2,1,3,0,2,1,0,3,2,3,3,-1,1,-1,-1,-2,2,-1,4,1,0,0,-2,-2,3,4,1,1,2,0,3,3,4,1,3,8,1,2,0,1,2,0,0,0,1,0,0,2,0,1,-3,0,-1,-8,1,2,-1,1,2,-2,2,2,1,0,0,0,3,3,3,1,3,6,-1,-1,-2,-1,-3,-6
2514,9,2,1,4,0,0,2,3,5,1,2,2,1,3,3,2,0,5,2,0,1,0,1,1,3,1,4,4,0,3,0,0,1,1,2,0,0,1,0,1,1,0,0,1,0,0,0,0,0,0,1,0,1,1,-1,4,-5,-2,2,2,5,0,1,-1,0,-1,-1,0,3,-1,0,1,1,2,0,0,0,0,0,0,1,1,0,0,1,2,3,1,2,1,1,2,2,2,0,4,2,0,1,0,1,1,2,1,3,3,-1,1,-4,-2,1,1,3,0,1,-1,0,-1,-1,2,1,5,2,2,2,5,0,3,3,2,2,1,0,2,1,1,0,0,0,1,1,1,0,-3,1,2,-1,0,0,1,0,1,0,0,0,1,1,3,1,1,2,5,0,2,2,1,2,-4,1,1,-1,0,0
2514,10,1,1,0,4,7,0,5,1,1,3,0,4,4,2,2,1,4,3,2,0,0,1,3,5,2,5,5,0,0,0,2,0,1,0,0,1,0,3,2,0,0,0,0,0,0,0,0,1,0,1,0,0,1,-1,-1,0,4,-2,5,1,0,0,-5,2,-1,-3,0,0,0,2,0,1,0,-1,1,-1,3,2,-1,1,0,4,5,0,4,1,1,2,0,1,2,2,2,1,4,3,2,0,0,0,3,4,2,5,4,-1,-1,0,2,-2,4,1,1,-1,-4,-1,-3,-2,3,4,1,6,4,2,4,0,2,5,4,3,2,0,0,4,1,1,0,0,0,0,1,0,-1,4,-1,1,0,-1,2,0,0,4,0,1,1,4,1,2,3,1,4,0,2,5,3,3,-3,4,-1,-3,0,-2
2514,10,2,2,2,2,1,2,2,4,1,2,1,3,3,2,0,1,3,1,0,0,3,2,0,1,0,6,1,2,1,0,0,1,0,1,1,0,0,1,2,2,0,0,0,0,0,0,1,0,0,0,0,1,0,2,1,-1,0,2,2,1,-1,2,0,3,-3,1,2,1,0,0,1,0,0,1,0,0,1,1,2,0,1,2,1,1,2,3,0,2,1,2,1,0,0,1,3,1,0,0,2,2,0,1,0,5,1,0,0,-1,0,1,2,1,-2,2,0,2,-4,-1,2,2,5,0,4,2,2,4,1,1,1,4,2,0,2,0,1,1,0,0,0,0,0,0,0,-2,4,-1,3,-2,2,0,2,0,1,1,0,2,3,0,3,1,2,4,1,1,1,4,-2,-2,2,-1,2,-3
2514,11,1,2,3,3,3,1,0,2,3,1,2,5,2,4,2,1,0,4,4,1,2,2,0,2,1,6,3,1,1,2,0,0,0,1,1,0,2,3,1,0,0,0,0,0,0,0,1,0,0,1,0,0,2,0,2,3,-1,-3,-1,0,1,1,0,4,-4,1,1,1,2,0,0,0,0,1,0,1,3,1,-2,1,2,1,3,1,0,1,2,1,0,2,1,4,2,1,0,4,4,1,1,2,0,1,1,6,1,-1,1,1,-1,-3,-1,0,0,1,-1,1,-5,3,2,2,2,1,5,1,2,0,4,1,3,3,0,0,0,1,1,0,0,0,2,0,0,0,0,2,-2,0,2,-2,0,0,-2,1,1,0,2,2,2,0,4,1,2,0,2,1,3,3,0,2,0,-1,1,-2
2514,11,2,2,1,2,2,2,1,2,3,1,0,5,5,2,1,0,3,3,3,0,2,0,3,1,1,4,3,0,1,0,1,2,0,1,1,0,0,3,4,2,0,0,1,1,0,0,0,0,0,0,0,1,0,1,1,-1,-1,-1,1,0,3,-2,-1,4,1,-1,0,1,-1,0,2,0,1,1,0,0,3,3,2,2,0,2,1,0,1,1,2,1,0,2,1,0,1,0,2,2,3,0,2,0,3,1,1,3,3,1,0,0,-1,-3,1,-1,2,-2,-1,1,-2,-3,1,1,0,4,3,2,3,2,1,1,1,2,1,0,0,3,1,2,0,0,0,0,0,0,-2,-1,-1,3,2,0,1,0,0,3,1,2,0,1,0,1,2,0,3,2,1,1,1,2,-3,-1,-1,0,1,-2
2514,12,1,1,4,2,2,1,6,2,0,0,2,8,3,4,2,0,0,3,3,2,3,1,1,2,5,2,4,0,1,0,2,0,1,2,0,0,1,5,3,1,0,0,0,0,0,0,1,0,0,0,0,0,1,-1,4,2,-1,-2,4,-1,-1,-1,0,3,1,0,0,1,0,2,0,1,1,0,0,1,5,3,0,1,3,2,0,1,5,0,0,0,1,3,0,3,2,0,0,3,3,2,2,1,1,2,5,2,3,-1,3,2,-3,-2,3,-2,-1,-1,-1,-2,-2,0,0,5,3,4,3,2,1,4,0,3,4,1,0,1,0,2,2,1,0,0,0,0,1,0,-1,1,3,1,-1,1,0,1,0,2,1,1,0,4,3,2,1,1,1,4,0,3,3,1,-1,0,3,-1,-2,0
2514,12,2,4,0,2,1,2,3,5,2,1,3,2,8,1,0,2,2,2,3,2,2,2,2,3,2,8,0,1,0,0,0,0,1,1,0,0,1,0,5,0,0,0,0,0,0,0,0,1,0,0,1,0,0,4,-2,0,-1,-1,1,3,0,-1,0,0,0,1,1,0,0,0,0,1,1,-1,0,1,-1,5,0,3,0,2,1,2,2,4,2,1,2,2,3,1,0,2,2,2,3,2,2,1,2,3,1,8,0,3,-2,0,-1,-1,0,2,1,-1,-1,1,-5,1,3,2,1,3,6,0,1,0,2,1,1,3,2,0,0,1,1,0,0,0,0,0,0,0,2,2,-1,2,5,-3,2,0,0,1,1,0,1,2,1,2,5,0,1,0,2,1,1,3,0,2,-1,1,4,-3
2514,13,1,1,1,4,1,2,0,2,3,1,4,1,1,0,3,2,5,5,2,1,1,4,3,3,2,5,1,0,0,0,0,1,0,0,0,1,1,1,1,0,0,0,0,1,0,0,0,1,1,0,0,0,0,-2,-1,-1,-4,0,-1,1,-1,-2,1,-1,-4,-1,0,0,0,-1,1,0,0,-1,0,1,1,1,0,1,1,4,1,1,0,2,3,0,3,0,0,0,3,2,5,4,2,1,1,3,2,3,2,5,1,-2,-1,-1,-3,-1,-1,1,0,-2,0,-2,-5,-1,1,3,3,3,2,3,1,3,4,0,2,2,0,1,1,1,1,0,0,0,0,0,0,1,0,0,-1,3,0,1,0,1,1,1,1,-1,1,2,2,2,1,3,1,3,4,0,2,1,0,-1,-2,2,-1,2
2514,13,2,1,1,4,2,0,2,3,3,1,4,4,6,4,4,0,1,2,3,3,5,6,1,3,1,5,3,0,0,1,0,0,0,1,1,1,2,0,4,0,1,0,0,0,0,0,1,0,0,1,0,1,0,-3,1,3,0,-3,-1,-2,-3,0,1,3,1,1,-1,0,1,0,0,0,0,1,1,1,0,3,0,1,1,3,2,0,2,2,2,0,2,4,2,4,3,0,1,2,3,3,4,6,1,2,1,4,3,-2,1,2,0,-3,-1,-2,-4,-1,0,3,-2,1,2,2,4,4,4,4,3,2,0,0,3,6,1,1,1,1,0,1,0,0,0,0,0,0,-1,0,4,4,1,-2,1,1,1,1,0,1,1,1,3,3,4,3,3,2,0,0,3,6,-2,-1,3,3,1,-3
2514,14,1,1,4,3,1,1,2,0,2,2,2,1,5,0,4,3,1,5,1,2,2,0,0,1,2,4,4,0,1,1,1,0,1,0,0,1,2,1,4,0,0,0,0,0,0,0,0,0,0,0,0,1,1,-3,1,2,-4,0,0,-2,2,2,1,-1,1,-4,0,1,1,1,0,1,0,0,1,2,1,3,-1,1,3,2,0,1,1,0,2,1,0,0,1,0,4,3,1,5,1,2,2,0,0,1,2,3,3,-3,0,1,-5,0,-1,-2,2,1,-1,-2,-2,-3,1,1,1,2,5,2,2,3,2,2,2,1,0,0,0,1,1,1,0,0,0,0,0,0,-1,-2,-1,0,3,1,0,0,0,1,1,1,1,1,1,1,4,1,2,3,2,2,2,1,-1,-2,-1,-1,2,0
2514,14,2,3,3,2,4,5,2,1,1,2,0,4,1,5,2,1,4,2,3,3,0,3,3,2,4,1,3,1,2,0,0,1,1,0,0,0,0,3,0,1,1,0,0,0,0,0,0,1,1,0,0,0,0,1,2,-2,2,2,-1,1,-2,-1,-2,0,0,2,0,2,0,0,1,1,0,-1,-1,0,3,0,1,2,1,2,4,4,1,1,1,2,0,1,1,4,1,1,4,2,3,3,0,2,2,2,4,1,3,1,0,-2,2,1,-2,1,-1,0,-2,-3,0,1,3,2,5,2,2,1,7,1,1,3,2,2,0,1,2,1,0,0,0,1,0,0,0,0,-4,1,4,-1,0,-1,0,0,2,1,0,0,3,1,3,1,2,1,7,0,1,3,2,2,-4,1,2,-2,0,-1
2514,15,1,2,1,2,1,2,5,5,4,2,1,3,2,3,2,0,3,6,0,2,3,1,2,0,2,4,1,1,0,2,0,0,3,2,0,0,1,1,2,2,0,0,0,0,0,0,0,0,0,0,0,0,0,0,1,-1,-5,2,3,2,3,0,1,1,-2,2,1,0,2,0,0,3,2,0,0,1,1,2,2,1,1,0,1,2,2,3,4,2,0,2,0,1,2,0,3,6,0,2,3,1,2,0,2,4,1,-1,1,-3,-5,2,0,0,3,0,0,0,-4,0,1,2,3,1,4,3,4,3,2,3,2,5,0,1,2,1,0,0,0,0,0,0,1,1,-3,-1,1,-2,2,-2,0,1,2,1,-1,-1,1,1,1,0,4,3,4,3,2,3,1,4,-3,-2,-1,-3,3,-1
2514,15,2,1,1,1,1,2,1,2,3,1,2,5,2,1,6,2,3,4,3,0,3,1,2,2,1,4,1,0,0,0,0,1,0,0,1,0,0,2,2,0,0,0,0,1,0,0,1,0,0,0,0,0,0,-5,-1,-2,-3,-1,1,-1,2,-1,0,4,-2,0,0,0,0,-1,1,0,-1,1,0,0,2,2,0,1,1,1,1,1,1,2,2,1,2,3,0,1,6,2,3,3,3,0,2,1,2,2,1,4,1,-5,-1,-2,-2,-2,1,0,1,-1,0,2,-4,0,5,1,3,4,0,3,3,3,3,0,3,5,2,1,0,2,0,0,0,0,0,0,0,0,2,-2,0,4,-3,-2,2,1,0,2,0,0,3,0,3,2,0,3,3,3,3,0,3,5,0,-3,0,2,-3,-2
2514,16,1,2,1,3,7,7,3,6,1,3,1,5,8,5,6,3,3,2,3,4,1,2,1,2,3,6,2,0,0,1,4,4,1,5,1,1,1,3,7,1,1,0,0,0,0,0,0,1,0,0,0,2,0,-4,-2,0,5,4,-1,5,-1,2,-1,2,2,3,-1,0,1,4,4,1,5,0,1,1,3,5,1,2,1,2,3,3,2,1,0,2,0,2,1,4,5,3,3,2,3,4,1,1,1,2,3,4,2,-3,-2,-1,1,0,-2,0,-1,1,-2,-1,-3,2,6,1,4,7,5,6,5,1,1,5,6,3,2,0,1,2,0,4,0,0,0,1,0,0,1,0,3,2,-1,3,2,0,1,1,0,4,4,1,3,5,5,2,5,1,1,4,6,3,-1,0,2,1,-1,-1
2514,16,2,1,2,5,6,7,2,4,4,5,4,0,2,5,2,5,4,5,4,3,3,5,4,3,6,3,3,1,2,0,2,5,1,1,0,1,2,0,0,1,1,0,0,0,0,0,2,0,0,1,0,1,0,-1,-3,1,1,3,-1,1,-1,1,1,-6,-1,2,0,2,0,2,5,1,-1,0,1,1,0,-1,1,0,0,5,4,2,1,3,4,4,2,0,2,4,1,5,4,5,4,3,1,5,4,2,6,2,3,-1,-5,1,-1,-2,-2,2,-1,0,0,-6,0,1,1,1,2,5,2,3,6,3,1,1,3,3,0,0,0,2,0,1,0,0,0,0,0,0,-5,-2,1,4,-1,0,0,0,0,2,0,1,1,1,2,3,2,2,6,3,1,1,3,3,-5,-2,1,2,-1,-1
2514,17,1,2,2,4,3,10,3,3,3,0,4,8,6,3,3,2,1,3,1,3,1,1,2,4,4,3,3,1,2,1,1,4,0,3,2,0,2,4,5,2,0,1,0,0,0,1,0,0,0,0,0,0,0,-1,0,3,0,9,0,2,2,-2,0,4,3,0,1,1,1,1,4,-1,3,2,0,2,4,5,2,1,0,3,2,6,3,0,1,0,2,4,1,1,3,1,1,3,1,2,1,1,2,4,4,3,3,-2,-1,2,-1,5,1,-1,0,-2,-2,0,-2,-2,2,3,7,3,4,3,1,7,2,3,3,1,0,2,2,0,2,1,0,1,0,0,0,0,1,-4,5,0,1,2,0,1,2,0,2,1,2,1,5,3,2,2,1,6,2,3,3,1,1,-5,3,0,-1,1
2514,17,2,3,3,2,3,2,1,4,0,3,2,4,5,2,6,3,3,4,6,2,0,2,2,3,3,4,4,0,0,0,1,0,0,0,0,0,0,1,3,0,1,0,1,0,0,1,0,0,0,0,0,0,0,-3,0,-1,-1,-4,-1,4,-2,1,-1,1,1,-2,-1,0,-1,1,0,-1,0,0,0,0,1,3,0,3,3,2,2,2,1,4,0,3,2,3,2,2,5,3,2,4,6,1,0,2,2,3,3,4,4,-2,0,0,-2,-4,0,4,-2,1,-1,0,-2,-2,2,2,2,2,1,0,3,3,2,1,5,2,1,1,0,1,0,0,0,0,0,0,1,0,-1,-1,0,1,-4,-2,1,1,0,1,-1,0,1,1,2,1,1,0,3,3,2,1,4,2,-2,-2,0,0,-3,-2
2514,18,1,3,5,4,4,3,4,1,4,4,2,4,11,6,2,5,4,3,4,5,5,4,4,2,3,3,5,0,0,1,1,3,0,1,1,2,1,1,8,3,0,0,0,0,1,0,0,0,0,0,0,1,0,1,0,0,1,-1,-1,-4,0,0,0,1,8,1,0,0,1,1,2,0,1,1,2,1,1,7,3,3,5,3,3,0,4,0,3,2,1,3,3,3,2,5,4,3,3,5,5,4,4,2,3,2,5,1,0,-1,0,-3,-1,-5,-1,-2,-1,0,1,-2,6,2,4,2,1,1,5,5,2,1,2,2,1,0,1,0,0,0,0,0,0,0,0,0,1,-3,2,1,-1,-1,1,0,1,0,0,0,5,2,3,2,1,1,5,5,2,1,2,2,0,-3,1,1,-1,-1
2514,18,2,6,7,2,3,2,1,5,1,4,2,5,7,7,7,5,4,4,4,4,6,5,3,5,4,6,2,1,2,0,0,0,1,2,1,0,0,1,1,2,0,0,0,0,0,0,1,0,0,0,0,0,0,-1,2,-2,-1,-2,-3,-1,-4,1,-3,1,1,5,1,2,0,0,0,1,1,1,0,0,1,1,2,5,5,2,3,2,0,3,0,4,2,4,6,5,7,5,4,4,4,4,5,5,3,5,4,6,2,-2,0,-2,-1,-2,-4,-2,-5,1,-3,0,0,3,2,4,4,3,2,2,2,2,5,5,3,4,1,1,2,0,0,1,0,0,0,0,0,0,0,2,-1,-2,-1,-2,1,1,2,0,0,1,1,3,2,3,2,1,2,2,5,5,3,4,-1,1,-3,-2,-1,-3
2514,19,1,3,9,7,3,2,6,10,3,4,6,7,10,11,13,16,17,26,13,17,20,8,6,12,11,14,23,0,1,0,0,0,0,1,0,1,0,2,4,6,0,0,0,0,0,1,0,0,0,0,0,0,0,-10,-7,-10,-23,-11,-11,-10,-5,-2,-6,-4,-4,-12,0,1,0,0,0,-1,1,0,1,0,2,4,6,3,8,7,3,2,6,9,3,3,6,5,6,5,13,16,17,26,13,16,20,8,6,12,11,14,23,-10,-8,-10,-23,-11,-10,-11,-5,-3,-6,-6,-8,-18,10,5,5,5,7,4,15,8,10,12,9,10,3,1,0,0,1,0,1,1,0,0,0,1,-5,-3,-5,-7,-2,-6,2,0,0,0,1,-1,7,4,5,5,6,4,14,7,10,12,9,9,-7,-3,-5,-7,-3,-5
2514,19,2,9,8,8,4,4,6,5,8,9,7,3,5,9,26,36,20,15,27,31,26,19,15,13,10,21,19,1,0,1,0,0,0,0,1,0,1,1,1,3,0,0,0,1,0,0,2,0,0,0,0,0,0,-17,-28,-12,-11,-23,-25,-21,-11,-6,-6,-7,-16,-10,1,0,1,-1,0,0,-2,1,0,1,1,1,3,8,8,7,4,4,6,5,7,9,6,2,4,6,26,36,20,14,27,31,24,19,15,13,10,21,19,-18,-28,-13,-10,-23,-25,-19,-12,-6,-7,-8,-17,-13,7,3,5,8,11,5,19,22,22,12,23,12,0,0,0,0,1,1,0,0,0,0,0,0,-12,-19,-17,-4,-12,-7,0,0,0,0,1,1,7,3,5,8,10,4,19,22,22,12,23,12,-12,-19,-17,-4,-13,-8
2514,20,1,10,5,8,8,12,11,10,15,10,10,7,9,8,15,17,10,25,15,19,7,19,14,12,15,8,19,1,0,0,2,2,2,1,1,0,1,0,4,4,0,1,0,0,0,1,0,2,0,1,0,1,1,-5,-12,-2,-17,-3,-8,3,-4,-4,-2,-8,1,-11,1,-1,0,2,2,1,1,-1,0,0,0,3,3,9,5,8,6,10,9,9,14,10,9,7,5,4,15,16,10,25,15,18,7,17,14,11,15,7,18,-6,-11,-2,-19,-5,-9,2,-3,-4,-2,-8,-2,-14,20,12,7,12,6,8,16,17,8,8,13,16,5,0,0,4,0,0,1,0,1,0,0,1,4,-5,-1,4,-7,-8,4,0,-1,4,0,-1,15,12,7,8,6,8,15,17,7,8,13,15,0,-5,0,0,-7,-7
2514,20,2,17,17,15,17,7,10,12,11,8,5,9,6,12,21,31,21,30,26,23,20,19,19,11,18,12,15,0,1,0,1,0,0,0,1,0,0,1,0,1,1,0,0,2,2,0,0,0,0,0,0,0,0,-4,-14,-6,-13,-19,-13,-8,-8,-11,-6,-9,-6,-3,-1,1,0,-1,-2,0,0,1,0,0,1,0,1,17,16,15,16,7,10,12,10,8,5,8,6,11,20,31,21,28,24,23,20,19,19,11,18,12,15,-3,-15,-6,-12,-17,-13,-8,-9,-11,-6,-10,-6,-4,11,9,17,12,10,13,23,19,20,13,15,20,2,0,1,1,0,0,0,0,0,0,0,0,-12,-10,-3,-1,-5,-7,2,0,1,1,0,0,9,9,16,11,10,13,23,19,20,13,15,20,-14,-10,-4,-2,-5,-7
2514,21,1,11,8,10,5,21,11,9,7,9,9,11,25,5,13,14,18,19,17,12,20,12,16,8,14,14,18,2,1,1,0,1,0,3,0,1,0,0,8,1,0,1,1,0,0,0,1,0,2,0,0,0,0,-2,-6,-8,-14,4,-1,-11,-5,-7,1,-3,11,-13,2,0,0,0,1,0,2,0,-1,0,0,8,1,9,7,9,5,20,11,6,7,8,9,11,17,4,13,13,17,19,17,12,19,12,14,8,14,14,18,-4,-6,-8,-14,3,-1,-13,-5,-6,1,-3,3,-14,12,13,4,11,8,12,17,17,10,12,15,8,0,3,0,0,0,0,0,0,0,0,0,0,-5,-4,-6,-1,-7,4,0,3,0,0,0,0,12,10,4,11,8,12,17,17,10,12,15,8,-5,-7,-6,-1,-7,4
2514,21,2,9,18,11,15,13,11,10,17,14,13,13,7,6,25,28,12,24,22,21,22,19,17,12,18,13,11,0,0,3,1,0,1,1,1,1,2,2,0,1,1,1,0,0,0,0,2,1,0,2,0,0,0,-16,-10,-1,-9,-9,-10,-12,-2,-3,1,-5,-6,-5,-1,-1,3,1,0,1,-1,0,1,0,2,0,1,9,18,8,14,13,10,9,16,13,11,11,7,5,24,27,12,24,22,21,20,18,17,10,18,13,11,-15,-9,-4,-10,-9,-11,-11,-2,-4,1,-7,-6,-6,9,9,5,8,10,6,19,19,8,14,18,8,1,2,3,0,0,0,0,0,0,0,0,0,-10,-10,-3,-6,-8,-2,1,2,3,0,0,0,8,7,2,8,10,6,19,19,8,14,18,8,-11,-12,-6,-6,-8,-2
2514,22,1,10,13,8,8,9,13,10,12,11,8,15,16,9,18,15,20,15,18,14,21,19,14,11,13,16,18,1,0,1,1,0,1,0,1,0,1,3,4,2,1,1,0,2,0,0,0,1,0,0,0,0,0,-8,-2,-12,-7,-9,-1,-11,-7,-3,-3,2,0,-9,0,-1,1,-1,0,1,0,0,0,1,3,4,2,9,13,7,7,9,12,10,11,11,7,12,12,7,17,14,20,13,18,14,21,18,14,11,13,16,18,-8,-1,-13,-6,-9,-2,-11,-7,-3,-4,-1,-4,-11,9,6,14,7,9,11,10,13,17,9,16,14,2,0,0,2,2,1,1,0,2,0,0,0,-1,-7,-3,-2,-7,-3,1,0,-2,2,2,1,7,6,14,5,7,10,9,13,15,9,16,14,-2,-7,-1,-4,-9,-4
2514,22,2,15,9,12,5,22,17,15,15,14,22,8,9,11,21,15,8,22,28,16,7,20,15,19,12,12,11,1,1,0,0,2,1,1,1,1,2,1,1,3,0,0,0,2,0,0,0,0,1,1,0,1,0,-6,-6,4,-17,-6,1,8,-5,-1,3,-4,-3,0,1,1,0,-2,2,1,1,1,0,1,1,0,3,14,8,12,5,20,16,14,14,13,20,7,8,8,21,15,8,20,28,16,7,20,14,18,12,11,11,-7,-7,4,-15,-8,0,7,-6,-1,2,-5,-3,-3,9,10,12,17,8,11,19,10,7,11,19,17,1,0,2,2,0,0,0,0,1,0,0,0,-10,0,5,6,-11,-6,1,0,1,2,0,0,8,10,10,15,8,11,19,10,6,11,19,17,-11,0,4,4,-11,-6
2514,23,1,7,9,6,14,7,12,10,11,16,5,7,12,4,14,13,10,18,11,13,9,21,15,10,10,11,11,0,3,0,1,1,1,0,2,2,0,3,1,2,0,0,0,0,0,0,1,1,0,1,0,0,0,-7,-4,-4,-4,-4,-1,1,-10,1,-5,-3,1,-7,0,3,0,1,1,1,-1,1,2,-1,3,1,2,7,6,6,13,6,11,10,9,14,5,4,11,2,14,13,10,18,11,13,8,20,15,9,10,11,11,-7,-7,-4,-5,-5,-2,2,-11,-1,-4,-6,0,-9,7,15,11,14,9,9,14,12,18,20,9,15,0,1,1,1,1,0,1,0,0,0,1,2,-7,3,-7,-6,0,-6,-1,1,1,1,0,-2,7,14,10,13,8,9,13,12,18,20,8,13,-6,2,-8,-7,0,-4
2514,23,2,10,14,8,12,13,12,5,9,17,12,26,11,11,12,15,14,15,12,18,16,9,12,10,17,11,12,0,2,0,0,3,0,0,0,1,1,5,2,1,0,2,2,0,0,1,0,0,0,0,3,0,0,-2,-1,-6,-3,1,-6,-11,0,5,2,9,0,-1,0,0,-2,0,3,-1,0,0,1,1,2,2,1,10,12,8,12,10,12,5,9,16,11,21,9,10,12,13,12,15,12,17,16,9,12,10,14,11,12,-2,-1,-4,-3,-2,-5,-11,0,4,1,7,-2,-2,7,11,13,15,10,13,9,7,13,12,15,18,1,2,1,1,0,1,0,0,0,0,0,1,-2,4,0,3,-5,-5,1,2,1,1,0,0,6,9,12,14,10,12,9,7,13,12,15,17,-3,2,-1,2,-5,-5
2514,24,1,9,10,5,10,9,9,19,10,11,9,8,12,4,11,17,9,20,14,13,13,14,8,9,13,16,7,0,0,1,1,1,1,1,0,0,1,1,1,0,0,0,0,1,0,1,1,0,0,1,0,1,1,-2,-7,-4,-10,-5,-4,6,-4,3,0,-5,-4,-3,0,0,1,0,1,0,0,0,0,0,1,0,-1,9,10,4,9,8,8,18,10,11,8,7,11,4,11,17,9,19,14,12,12,14,8,8,13,15,6,-2,-7,-5,-10,-6,-4,6,-4,3,0,-6,-4,-2,10,6,7,12,12,9,11,8,9,11,17,14,0,1,0,2,4,0,0,2,1,0,2,0,-1,-2,-2,1,-5,-5,0,-1,-1,2,2,0,10,5,7,10,8,9,11,6,8,11,15,14,-1,-1,-1,-1,-7,-5
2514,24,2,7,8,5,8,13,9,15,10,16,10,6,14,15,9,15,6,8,14,13,11,12,15,10,10,15,10,0,0,0,2,2,0,0,1,2,2,2,3,0,0,0,0,0,0,0,1,1,0,0,0,1,0,-2,-7,-1,0,-1,-4,4,-2,1,0,-4,-1,5,0,0,0,2,2,0,-1,0,2,2,2,2,0,7,8,5,6,11,9,15,9,14,8,4,11,15,9,15,6,8,14,13,10,11,15,10,10,14,10,-2,-7,-1,-2,-3,-4,5,-2,-1,-2,-6,-3,5,13,7,11,6,14,12,9,9,12,10,15,8,1,2,1,0,1,2,0,0,1,0,0,0,4,-2,-1,-4,-1,4,1,2,0,0,1,2,12,5,10,6,13,10,9,9,11,10,15,8,3,-4,-1,-4,-2,2
2514,25,1,7,3,12,9,11,12,12,10,19,10,11,10,10,11,12,5,10,11,15,15,13,10,6,15,6,8,1,0,2,0,0,0,1,1,3,1,0,1,3,0,0,0,1,3,0,1,0,2,0,2,0,0,-4,-9,7,-1,0,-3,-3,-3,9,4,-4,4,2,1,0,2,-1,-3,0,0,1,1,1,-2,1,3,6,3,10,9,11,12,11,9,16,9,11,9,7,11,12,5,9,8,15,14,13,8,6,13,6,8,-5,-9,5,0,3,-3,-3,-4,8,3,-2,3,-1,8,5,10,9,10,13,7,16,10,13,11,6,3,0,1,0,0,3,0,0,1,0,0,0,1,-11,0,-4,-1,7,3,0,0,0,0,3,5,5,9,9,10,10,7,16,9,13,11,6,-2,-11,0,-4,-1,4
2514,25,2,16,9,8,14,7,7,11,15,11,16,15,12,8,11,9,6,12,9,16,11,14,6,9,12,10,14,0,2,1,3,1,0,1,1,2,0,2,3,2,0,1,0,0,2,0,0,2,0,0,2,0,0,5,0,2,2,-2,-9,0,1,5,7,3,2,-6,0,1,1,3,-1,0,1,-1,2,0,0,3,2,16,7,7,11,6,7,10,14,9,16,13,9,6,11,8,6,12,7,16,11,12,6,9,10,10,14,5,-1,1,-1,-1,-9,-1,2,3,7,3,-1,-8,8,8,9,7,5,8,12,7,4,7,6,9,0,1,0,4,2,0,0,1,0,0,1,0,-4,1,5,0,-1,-1,0,0,0,4,1,0,8,7,9,3,3,8,12,6,4,7,5,9,-4,1,5,-4,-2,-1
2514,26,1,11,10,8,3,9,5,10,14,8,12,14,12,9,9,12,10,13,10,9,8,6,10,11,9,9,10,2,2,1,0,1,4,0,2,1,4,1,2,2,0,0,1,1,1,0,1,1,0,1,0,1,0,2,-2,-2,-10,-1,-4,2,8,-2,1,5,3,-1,2,2,0,-1,0,4,-1,1,1,3,1,1,2,9,8,7,3,8,1,10,12,7,8,13,10,7,9,12,9,12,9,9,7,5,10,10,9,8,10,0,-4,-2,-9,-1,-8,3,7,-3,-2,4,2,-3,11,9,12,6,5,9,9,6,12,10,4,6,2,1,1,1,2,1,1,0,0,0,0,0,2,3,0,-4,1,3,1,1,1,1,2,1,9,8,11,5,3,8,8,6,12,10,4,6,1,2,-1,-5,-1,2
2514,26,2,11,13,6,9,10,8,18,11,13,13,10,10,14,10,14,14,8,7,8,7,9,12,11,11,7,9,0,0,2,0,3,3,1,1,1,2,1,2,4,1,1,0,0,0,0,1,0,2,1,1,0,0,1,-1,-8,1,3,0,11,2,1,2,-1,3,5,-1,-1,2,0,3,3,0,1,-1,1,0,2,4,11,13,4,9,7,5,17,10,12,11,9,8,10,9,13,14,8,7,8,6,9,10,10,10,7,9,2,0,-10,1,0,-3,11,1,2,1,-1,1,1,13,10,5,9,4,8,10,4,8,8,8,6,2,1,3,1,0,0,0,0,0,2,0,0,3,6,-3,1,-4,2,2,1,3,-1,0,0,11,9,2,8,4,8,10,4,8,6,8,6,1,5,-6,2,-4,2
2514,27,1,8,11,6,10,5,10,9,4,9,9,15,11,13,7,13,9,7,13,8,7,9,9,6,11,9,8,2,2,1,1,1,0,1,1,2,1,4,2,2,0,1,1,0,1,2,0,1,0,0,1,0,0,1,-2,-3,3,-8,2,2,-5,0,3,4,2,5,2,1,0,1,0,-2,1,0,2,1,3,2,2,6,9,5,9,4,10,8,3,7,8,11,9,11,7,12,8,7,12,6,7,8,9,6,10,9,8,-1,-3,-3,2,-8,4,1,-5,-2,2,1,0,3,4,15,9,7,5,7,8,13,9,8,9,9,0,3,1,2,0,1,0,0,0,0,0,2,-4,2,0,-1,-4,-2,0,3,1,2,0,-1,4,12,8,5,5,6,8,13,9,8,9,7,-4,-1,-1,-3,-4,-1
2514,27,2,5,10,5,7,10,7,8,5,9,12,7,12,10,3,9,12,5,6,7,6,8,8,7,9,12,6,1,2,0,1,1,0,0,0,2,1,0,4,1,0,0,2,0,0,1,0,0,0,1,0,0,1,2,1,-7,2,4,0,2,-3,1,5,-2,0,4,1,2,-2,1,1,-1,0,0,2,0,0,4,0,4,8,5,6,9,7,8,5,7,11,7,8,9,3,9,10,5,6,6,6,8,8,6,9,12,5,1,-1,-5,1,3,1,2,-3,-1,5,-2,-4,4,6,11,9,10,8,11,7,10,6,13,7,6,0,2,1,0,4,7,1,0,1,0,2,1,-1,1,3,-3,1,5,-1,2,0,0,2,6,6,9,8,10,4,4,6,10,5,13,5,5,0,-1,3,-3,-1,-1
2514,28,1,7,12,5,7,13,10,10,7,10,6,13,4,14,12,12,16,8,6,6,11,9,4,9,6,12,12,0,4,1,1,5,0,1,0,2,1,2,2,2,1,1,0,0,1,0,0,0,0,1,2,0,0,-5,0,-11,-1,7,4,-1,-2,6,-3,7,-8,2,-1,3,1,1,4,0,1,0,2,0,0,2,2,7,8,4,6,8,10,9,7,8,5,11,2,12,11,11,16,8,5,6,11,9,4,8,4,12,12,-4,-3,-12,-2,3,4,-2,-2,4,-3,7,-10,0,4,11,7,12,8,12,10,10,7,11,8,5,0,2,1,0,2,1,1,1,0,1,0,1,-6,1,0,1,0,7,-1,1,1,-1,2,0,4,9,6,12,6,11,9,9,7,10,8,4,-5,0,-1,2,-2,7
2514,28,2,11,4,4,5,3,3,3,3,7,8,9,9,7,10,7,4,9,4,4,7,4,6,3,5,7,9,0,2,1,1,0,0,0,1,2,1,2,6,1,1,1,0,3,0,0,0,0,1,1,1,2,0,1,-3,0,-4,-1,-1,-4,-1,1,5,4,2,-2,-1,1,1,-2,0,0,0,1,1,0,1,4,1,11,2,3,4,3,3,3,2,5,7,7,3,6,9,6,4,6,4,4,7,4,5,2,4,5,9,2,-4,-1,-2,-1,-1,-4,-2,0,5,3,-2,-3,9,9,7,8,9,7,9,13,9,2,5,11,0,2,2,0,3,0,2,0,0,1,0,4,0,-4,-2,6,4,-4,-2,2,2,-1,3,-4,9,7,5,8,6,7,7,13,9,1,5,7,2,-6,-4,7,1,0
2514,29,1,8,13,5,12,9,4,10,3,5,10,9,6,7,7,8,8,4,7,5,8,7,5,10,6,10,5,3,3,0,0,1,0,1,0,0,3,4,2,4,2,0,1,0,1,0,1,2,1,0,2,0,0,1,5,-3,8,2,-1,2,-4,0,0,3,-4,2,1,3,-1,0,0,0,0,-2,-1,3,2,2,4,5,10,5,12,8,4,9,3,5,7,5,4,3,5,8,7,4,6,5,7,5,4,10,4,10,5,0,2,-2,8,2,-1,2,-2,1,-3,1,-6,-2,7,9,14,13,9,11,8,7,6,5,8,7,1,1,0,3,1,3,0,0,0,1,1,1,-1,2,8,8,1,4,1,1,0,2,0,2,6,8,14,10,8,8,8,7,6,4,7,6,-2,1,8,6,1,2
2514,29,2,6,10,9,5,4,4,7,6,6,4,8,11,10,4,5,5,4,4,5,5,5,4,4,5,8,8,0,1,2,1,1,0,1,0,0,2,3,4,1,0,0,0,0,0,0,1,1,0,0,0,1,0,2,5,4,1,0,-1,2,1,2,0,3,3,2,0,1,2,1,1,0,0,-1,0,2,3,3,1,6,9,7,4,3,4,6,6,6,2,5,7,9,4,5,5,4,4,5,4,4,4,4,5,7,8,2,4,2,0,-1,-1,2,2,2,-2,0,0,1,3,9,11,8,4,9,4,7,12,12,5,7,2,2,1,3,2,1,1,1,0,2,1,0,-1,2,-1,-4,-1,2,1,1,1,1,1,1,1,7,10,5,2,8,3,6,12,10,4,7,-2,1,-2,-5,-2,1
2514,30,1,8,6,7,6,5,5,6,6,3,12,8,9,8,3,9,5,6,6,13,5,4,5,12,3,8,8,3,2,0,0,1,2,1,2,0,2,2,2,1,0,0,1,1,0,0,2,0,1,1,0,0,0,5,-3,2,0,-1,-8,1,2,-2,0,5,1,0,3,2,-1,-1,1,2,-1,2,-1,1,2,2,1,5,4,7,6,4,3,5,4,3,10,6,7,7,3,9,4,5,6,13,3,4,4,11,3,8,8,2,-5,3,1,-2,-10,2,0,-1,-1,3,-1,-1,3,10,7,5,7,5,8,11,8,13,11,9,1,0,1,1,1,1,3,2,1,0,1,0,-5,-1,-1,-8,-4,-4,-2,-2,0,1,0,1,2,10,6,4,6,4,5,9,7,13,10,9,-3,1,-1,-9,-4,-5
2514,30,2,14,7,6,3,6,6,2,3,6,6,9,2,7,7,6,6,3,5,6,1,4,7,4,7,8,5,1,0,3,0,1,1,1,0,0,0,4,1,0,0,0,2,0,1,0,1,1,1,0,1,0,0,7,1,0,0,1,0,1,-1,-1,2,2,-6,2,1,0,1,0,0,1,0,-1,-1,0,3,1,0,13,7,3,3,5,5,1,3,6,6,5,1,7,7,6,4,3,4,6,0,3,6,4,6,8,5,6,1,-1,0,1,-1,1,0,0,2,-1,-7,2,2,13,6,6,6,6,9,3,8,4,8,6,0,4,0,3,3,0,0,0,1,1,1,1,-7,10,-2,2,-2,0,0,4,-1,2,2,-1,2,9,6,3,3,6,9,3,7,3,7,5,-7,6,-1,0,-4,1
2514,31,1,7,7,3,8,4,4,6,6,10,6,9,14,6,5,12,4,5,3,2,4,8,8,3,5,10,12,1,0,0,0,0,0,2,1,1,0,5,5,1,0,2,0,0,0,0,1,1,1,0,0,0,1,2,-5,-1,3,1,2,2,-2,2,3,4,4,-6,1,-2,0,0,0,0,1,0,0,0,5,5,0,6,7,3,8,4,4,4,5,9,6,4,9,5,5,10,4,5,3,2,3,7,7,3,5,10,11,1,-3,-1,3,1,2,1,-2,2,3,-1,-1,-6,7,9,8,6,5,9,8,1,9,4,6,8,0,3,0,2,0,1,0,0,0,0,0,1,-1,8,-1,2,-1,1,0,3,0,2,0,0,7,6,8,4,5,8,8,1,9,4,6,7,-1,5,-1,0,-1,1
2514,31,2,2,4,4,8,3,5,5,7,5,3,7,7,10,2,4,6,6,6,3,5,2,1,4,3,7,3,0,0,0,2,1,1,1,1,1,0,2,1,1,0,0,1,1,0,0,2,0,0,0,0,0,0,0,0,-2,2,-3,2,0,5,4,-1,4,0,7,0,0,-1,1,1,1,-1,1,1,0,2,1,1,2,4,4,6,2,4,4,6,4,3,5,6,9,2,4,5,5,6,3,3,2,1,4,3,7,3,0,0,-1,1,-4,1,1,4,3,-1,2,-1,6,5,4,3,9,7,8,7,5,8,3,1,7,1,1,1,4,2,1,0,0,0,1,0,1,-2,-1,-5,6,6,1,1,1,1,3,2,0,4,3,2,5,5,7,7,5,8,2,1,6,-3,-2,-6,3,4,1
2514,32,1,3,11,5,3,7,2,2,8,2,8,9,5,5,3,10,5,4,11,0,4,2,1,4,5,8,4,1,3,0,0,1,0,0,0,0,3,1,1,1,0,0,1,0,5,0,1,0,0,0,0,0,2,0,1,0,-1,-4,2,-2,6,1,4,4,-3,1,1,3,-1,0,-4,0,-1,0,0,3,1,1,-1,2,8,5,3,6,2,2,8,2,5,8,4,4,3,10,4,4,6,0,3,2,1,4,5,8,2,-1,-2,1,-1,0,2,-1,6,1,1,3,-4,2,7,6,5,10,6,7,6,8,5,8,9,4,1,3,0,0,0,1,1,1,1,0,0,0,1,-2,0,2,-3,3,0,2,-1,0,0,1,6,3,5,10,6,6,5,7,4,8,9,4,1,-4,1,2,-3,2
2514,32,2,5,5,6,4,3,3,6,5,3,4,6,7,3,2,2,3,3,3,1,5,4,5,8,2,10,1,0,2,2,1,0,0,0,1,0,1,4,2,0,0,1,0,0,0,0,2,0,0,0,0,1,0,3,3,3,1,0,2,1,1,-2,-4,4,-3,2,0,1,2,1,0,0,-2,1,0,1,4,1,0,5,3,4,3,3,3,6,4,3,3,2,5,3,2,1,3,3,3,1,3,4,5,8,2,9,1,3,2,1,0,0,2,3,0,-2,-5,0,-4,2,3,5,5,4,5,7,4,3,4,5,6,1,1,1,0,1,3,0,0,0,2,0,0,0,-1,2,1,-1,-1,6,1,1,-2,1,3,0,2,4,5,3,2,7,4,3,2,5,6,1,-2,1,3,-2,-4,6
2514,33,1,5,1,2,2,3,7,6,1,4,2,8,5,6,4,4,4,3,3,3,4,5,5,5,4,3,4,0,0,0,0,0,3,2,1,1,0,1,2,1,0,0,1,0,2,0,0,1,1,0,0,0,1,1,-3,-2,-1,0,4,2,-4,-1,-3,4,2,2,0,0,-1,0,-2,3,2,0,0,0,1,2,0,5,1,2,2,3,4,4,0,3,2,7,3,5,4,4,3,3,1,3,4,4,4,5,4,3,3,1,-3,-1,-1,2,1,0,-4,-1,-3,3,0,2,2,7,8,5,12,4,5,2,8,7,6,8,0,1,0,4,1,0,1,0,0,1,0,0,-3,5,0,-2,6,-4,-1,1,0,3,1,0,2,6,8,1,11,4,4,2,8,6,6,8,-2,4,0,-5,5,-4
2514,33,2,7,4,4,9,2,4,9,1,5,8,4,6,9,1,6,1,6,1,2,3,4,4,5,2,5,4,1,1,0,4,1,2,2,0,3,3,0,3,1,0,0,0,1,0,0,0,1,0,1,0,1,0,6,-2,3,3,1,2,6,-3,1,3,2,1,5,1,1,0,3,1,2,2,-1,3,2,0,2,1,6,3,4,5,1,2,7,1,2,5,4,3,8,1,6,1,5,1,2,3,3,4,4,2,4,4,5,-3,3,0,0,0,4,-2,-2,1,2,-1,4,5,3,3,5,7,1,3,4,3,2,9,7,2,1,0,1,2,0,0,1,1,0,0,2,2,-1,0,3,-2,-6,2,0,-1,1,2,-2,3,2,3,4,5,1,3,3,2,2,9,5,0,-1,1,2,-4,-4
2514,34,1,5,5,7,1,2,5,5,2,5,5,4,3,10,6,2,2,3,10,4,6,3,3,6,3,2,4,0,1,0,0,1,2,0,0,0,1,1,0,3,0,0,0,1,0,0,1,0,0,1,0,0,0,-1,3,5,-2,-8,1,-1,-1,2,-1,1,1,6,0,1,0,-1,1,2,-1,0,0,0,1,0,3,5,4,7,1,1,3,5,2,5,4,3,3,7,6,2,2,2,10,4,5,3,3,5,3,2,4,-1,2,5,-1,-9,-1,0,-1,2,-1,0,1,3,4,8,3,9,8,7,5,6,8,7,5,13,1,1,0,2,3,0,0,0,0,0,0,0,-1,2,-5,2,3,-6,1,1,0,2,3,0,3,7,3,7,5,7,5,6,8,7,5,13,-2,1,-5,0,0,-6
2514,34,2,4,5,4,7,10,3,6,2,3,5,4,3,5,4,1,4,2,10,3,6,3,4,3,7,5,2,0,3,2,2,2,1,0,0,0,1,1,0,1,0,0,1,1,2,0,1,0,0,0,0,2,0,0,4,0,5,0,0,0,-1,-1,2,-3,-2,3,0,3,1,1,0,1,-1,0,0,1,1,-2,1,4,2,2,5,8,2,6,2,3,4,3,3,4,4,1,3,1,8,3,5,3,4,3,7,3,2,0,1,-1,4,0,-1,1,-1,-1,1,-4,0,2,5,1,8,7,4,8,5,1,6,3,5,1,2,0,1,3,0,1,0,1,1,0,0,0,0,0,2,4,-1,7,2,-1,0,3,0,1,3,1,7,4,4,7,5,0,5,3,5,1,-2,1,2,1,-1,6
2514,35,1,3,7,2,5,3,3,2,4,2,3,3,7,3,3,3,1,2,3,0,2,3,4,1,5,5,4,0,1,0,1,0,1,1,0,0,3,2,4,1,0,0,0,0,0,0,0,1,1,0,0,1,0,0,4,1,3,0,3,0,1,-2,2,-2,2,-1,0,1,0,1,0,1,1,-1,-1,3,2,3,1,3,6,2,4,3,2,1,4,2,0,1,3,2,3,3,1,2,3,0,2,2,3,1,5,4,4,0,3,1,2,0,2,-1,2,-1,-1,-4,-1,-2,7,5,5,3,6,6,5,5,7,3,3,8,1,1,1,0,3,2,1,2,0,0,0,1,2,0,-2,0,3,-2,0,-1,1,0,3,1,6,4,4,3,3,4,4,3,7,3,3,7,2,1,-3,0,0,-3
2514,35,2,2,5,4,3,3,3,3,4,2,3,3,7,1,3,3,6,3,6,4,4,3,2,1,3,2,2,1,1,0,1,0,1,1,0,0,2,2,2,0,1,1,0,1,0,0,1,2,1,0,0,0,0,-1,2,-2,0,-3,-1,-1,1,0,2,0,5,-1,0,0,0,0,0,1,0,-2,-1,2,2,2,0,1,4,4,2,3,2,2,4,2,1,1,5,1,2,2,6,2,6,4,3,1,1,1,3,2,2,-1,2,-2,0,-3,-2,-1,3,1,0,-2,3,-1,5,4,6,3,5,3,3,4,4,2,4,0,1,1,1,1,1,0,0,0,0,0,0,0,2,0,2,1,1,3,1,1,1,1,1,0,4,3,5,2,4,3,3,4,4,2,4,0,1,-1,1,0,0,3
2514,36,1,5,2,5,0,6,4,2,4,3,5,2,10,2,2,3,5,2,6,0,1,2,9,2,3,4,3,1,0,0,0,3,0,0,0,2,2,0,5,0,0,1,0,1,0,0,0,0,0,1,1,1,0,3,-1,0,-2,0,4,1,2,-6,3,-1,6,-1,1,-1,0,-1,3,0,0,0,2,1,-1,4,0,4,2,5,0,3,4,2,4,1,3,2,5,2,2,2,5,1,6,0,1,2,9,1,2,3,3,2,0,0,-1,-3,4,1,2,-8,2,0,2,-1,4,4,6,5,6,5,6,7,10,2,2,7,1,0,0,1,1,1,0,0,1,0,0,0,-2,-3,-4,3,4,-2,1,0,-1,1,1,1,3,4,6,4,5,4,6,7,9,2,2,7,-3,-3,-3,2,3,-3
2514,36,2,1,1,9,3,4,3,3,3,4,3,3,6,5,2,4,3,4,3,1,3,1,2,1,1,3,3,0,1,3,1,1,1,1,1,1,1,1,3,0,1,1,0,0,0,0,0,0,0,0,0,0,0,-1,-3,6,-1,1,2,0,2,2,2,2,3,2,-1,0,3,1,1,1,1,1,1,1,1,3,0,1,0,6,2,3,2,2,2,3,2,2,3,5,1,3,3,4,3,1,3,1,2,1,1,3,3,0,-3,3,-2,0,1,-1,1,1,1,1,0,2,5,8,2,1,2,1,1,5,4,5,0,1,1,1,1,0,0,1,0,1,0,0,0,0,4,3,-2,-4,2,0,1,0,1,0,0,1,4,7,1,1,2,0,1,4,4,5,0,1,3,3,-3,-4,2,-1
2514,37,1,2,7,5,3,3,5,4,1,1,4,2,3,3,4,2,6,5,1,8,4,1,3,3,1,3,3,0,1,0,1,0,0,1,0,0,2,1,1,1,0,1,2,1,0,2,2,0,0,0,1,0,1,-2,5,-1,-2,2,-3,0,0,-2,1,1,0,0,0,0,-2,0,0,-2,-1,0,0,2,0,1,0,2,6,5,2,3,5,3,1,1,2,1,2,2,4,1,4,4,1,6,2,1,3,3,0,3,2,-2,5,1,-2,2,-1,1,0,-2,-1,1,-1,0,4,3,7,7,4,1,4,6,4,5,3,4,1,1,2,2,0,1,0,0,0,0,0,0,0,-3,3,2,1,-3,1,1,2,2,0,1,3,2,5,5,4,0,4,6,4,5,3,4,-1,-4,1,0,1,-4
2514,37,2,4,3,2,4,4,4,4,2,2,1,4,4,4,4,1,2,7,6,3,2,4,0,4,1,4,3,1,0,0,0,3,0,1,2,0,0,2,1,0,0,0,0,1,1,0,0,1,0,1,0,0,1,0,2,0,-3,-2,1,2,-2,2,-3,3,0,1,1,0,0,-1,2,0,1,1,0,-1,2,1,-1,3,3,2,4,1,4,3,0,2,1,2,3,4,4,1,2,6,5,3,2,3,0,3,1,4,2,-1,2,0,-2,-4,1,1,-3,2,-2,1,-1,2,3,0,2,3,5,5,3,1,3,1,1,4,1,0,1,1,0,3,0,0,0,0,0,0,0,-1,-1,2,4,1,1,0,1,1,0,3,2,0,1,2,5,2,3,1,3,1,1,4,-1,-1,-2,1,4,-2
2514,38,1,3,6,2,3,2,4,5,6,2,3,1,6,4,2,4,8,3,5,3,2,7,2,1,4,6,1,0,1,1,0,1,1,2,2,0,0,1,2,1,1,1,0,0,0,0,0,1,0,0,1,1,0,1,2,-6,0,-3,1,3,-1,0,2,-3,0,3,-1,0,1,0,1,1,2,1,0,0,0,1,1,3,5,1,3,1,3,3,4,2,3,0,4,3,1,3,8,3,5,3,2,6,2,1,3,5,1,2,2,-7,0,-4,0,1,-2,0,2,-3,-1,2,8,3,5,6,8,3,5,2,5,4,2,3,1,0,1,2,2,0,0,0,0,1,0,2,3,1,0,2,6,0,1,0,1,1,2,-2,7,3,4,4,6,3,5,2,5,3,2,1,2,1,-1,1,4,2
2514,38,2,1,1,3,0,7,3,4,8,2,3,3,2,2,1,2,0,0,7,2,4,7,2,3,3,3,2,0,1,0,0,2,1,0,0,1,1,1,1,0,0,0,0,0,0,1,1,0,0,0,0,1,0,0,-1,3,0,0,1,0,1,0,0,0,-1,0,0,1,0,0,2,0,-1,0,1,1,1,0,0,1,0,3,0,5,2,4,8,1,2,2,1,2,1,2,0,0,7,1,3,7,2,3,3,2,2,0,-2,3,0,-2,1,1,1,-1,-1,-1,-1,0,3,5,5,3,4,2,2,4,2,4,3,6,1,2,1,1,1,2,0,0,0,1,1,1,1,1,3,-1,1,-4,1,2,1,0,0,1,2,3,4,2,3,0,2,4,2,3,2,5,0,-1,2,-1,1,-5
2514,39,1,7,0,3,4,3,4,4,2,3,4,8,3,3,2,0,3,1,5,4,5,4,0,0,4,5,3,1,0,0,0,1,1,1,0,1,0,4,1,1,0,0,0,0,0,2,0,1,0,0,0,1,0,5,0,0,3,-2,0,-1,-2,3,4,4,-2,0,1,0,0,0,1,-1,1,-1,1,0,4,0,1,6,0,3,4,2,3,3,2,2,4,4,2,2,2,0,3,1,5,2,5,3,0,0,4,4,3,4,0,0,3,-3,1,-2,-1,2,4,0,-2,-1,8,8,6,5,2,7,1,2,3,2,7,9,2,3,0,0,0,1,0,0,0,0,0,2,7,6,3,3,-5,-2,2,3,0,0,0,-1,6,5,6,5,2,6,1,2,3,2,7,7,5,3,3,3,-5,-1
2514,39,2,5,2,3,2,3,4,6,4,1,3,4,5,0,2,1,1,7,3,5,2,1,5,4,3,10,1,2,0,1,0,0,1,0,1,0,1,1,1,0,0,0,0,1,0,0,0,0,1,0,0,1,0,3,1,2,-5,0,-1,4,3,-4,-1,1,-5,-1,2,0,1,-1,0,1,0,1,-1,1,1,0,0,3,2,2,2,3,3,6,3,1,2,3,4,0,2,1,1,6,3,5,2,1,4,4,3,9,1,1,1,1,-4,0,-2,4,2,-3,-2,0,-5,-1,3,4,5,3,4,4,3,2,5,6,4,8,0,2,2,0,1,1,0,0,0,0,0,1,0,2,0,-3,0,-4,0,2,2,0,1,0,3,2,3,3,3,3,3,2,5,6,4,7,0,0,-2,-3,-1,-4
2514,40,1,0,3,3,0,5,1,2,6,2,2,3,2,5,1,6,2,2,6,2,4,4,3,2,2,0,1,0,0,0,0,1,0,1,1,0,0,2,0,0,0,1,1,0,2,0,1,0,0,1,0,0,0,-1,-3,1,-2,-1,-1,-2,2,-1,0,1,2,4,0,-1,-1,0,-1,0,0,1,0,-1,2,0,0,0,3,3,0,4,1,1,5,2,2,1,2,5,1,5,1,2,4,2,3,4,3,1,2,0,1,-1,-2,2,-2,0,-1,-2,1,-1,1,-1,2,4,1,0,5,4,6,3,4,1,5,3,3,2,0,0,2,0,1,1,0,0,1,0,1,1,-3,-1,0,1,3,1,0,0,1,0,0,0,1,0,3,4,5,2,4,1,4,3,2,1,-3,-1,-1,1,3,1
2514,40,2,2,2,2,1,2,0,2,3,4,2,1,5,0,0,2,4,1,3,1,8,4,5,3,1,4,1,0,0,0,0,2,0,1,0,1,0,1,3,0,0,1,0,0,0,0,1,0,0,0,0,0,0,2,0,-2,0,-1,-1,-6,-1,-1,-1,0,1,-1,0,-1,0,0,2,0,0,0,1,0,1,3,0,2,2,2,1,0,0,1,3,3,2,0,2,0,0,1,4,1,3,1,7,4,5,3,1,4,1,2,1,-2,0,-3,-1,-6,-1,-2,-1,-1,-2,-1,4,4,3,0,2,5,1,5,4,0,0,6,1,3,0,0,0,2,0,0,0,0,0,2,3,-1,-1,0,2,-1,1,3,0,0,0,0,3,1,3,0,2,3,1,5,4,0,0,4,2,-4,-1,0,2,-1
2514,41,1,3,3,6,2,0,1,4,3,6,1,4,4,1,1,3,4,4,4,4,1,1,3,2,3,2,1,0,0,2,0,0,0,0,0,0,0,1,0,1,0,0,1,1,0,0,0,0,0,0,0,0,0,2,0,2,-2,-4,-3,3,2,3,-1,1,2,0,0,0,1,-1,0,0,0,0,0,0,1,0,1,3,3,4,2,0,1,4,3,6,1,3,4,0,1,3,3,3,4,4,1,1,3,2,3,2,1,2,0,1,-1,-4,-3,3,2,3,-1,0,2,-1,4,6,1,5,5,4,4,4,3,3,5,6,1,3,1,0,1,2,1,0,0,0,1,0,0,2,-2,2,0,-2,0,3,1,0,0,2,3,3,0,5,4,2,3,4,3,3,4,6,0,-1,-3,2,0,-4
2514,41,2,1,5,0,2,1,3,6,2,2,2,1,6,5,1,5,1,2,1,1,2,6,2,4,2,0,4,0,1,0,0,0,2,0,1,1,1,1,1,3,1,2,0,0,0,1,0,1,0,0,0,0,0,0,0,-1,0,0,2,4,-4,0,-2,-1,6,1,-1,-1,0,0,0,1,0,0,1,1,1,1,3,1,4,0,2,1,1,6,1,1,1,0,5,2,0,3,1,2,1,0,2,5,2,4,2,0,4,1,1,-1,0,0,1,4,-4,-1,-3,-2,5,-2,1,1,4,5,4,2,2,3,2,2,2,1,0,1,1,2,0,1,0,0,0,0,1,0,-1,-2,2,3,2,1,0,1,1,2,-1,1,1,0,3,3,4,1,2,3,2,2,1,1,-1,-3,1,1,3,0
2514,42,1,6,4,5,3,2,0,2,3,1,2,4,4,0,6,2,5,2,2,3,2,6,2,2,3,7,3,2,1,0,0,1,0,0,0,0,1,1,1,0,1,0,0,0,1,0,1,0,0,0,1,0,0,0,2,0,1,0,-3,0,-3,-1,0,1,-3,-3,1,1,0,0,0,0,-1,0,0,1,0,1,0,4,3,5,3,1,0,2,3,1,1,3,3,0,5,2,5,2,1,3,1,6,2,2,2,7,3,-1,1,0,1,0,-3,1,-3,-1,-1,1,-4,-3,4,4,3,1,2,1,0,3,4,1,2,2,0,2,0,1,0,0,0,0,3,0,0,0,4,1,-1,0,0,-1,0,2,-3,1,0,0,4,2,3,0,2,1,0,3,1,1,2,2,4,-1,2,-1,0,-1
2514,42,2,3,2,3,1,4,2,2,1,1,1,2,1,3,3,1,2,1,3,0,3,2,1,2,3,0,3,1,1,0,0,1,0,0,0,0,0,0,0,2,0,0,0,0,0,0,0,0,0,0,0,0,0,0,1,1,0,1,2,-1,-1,0,-1,-1,1,0,1,1,0,0,1,0,0,0,0,0,0,0,2,2,1,3,1,3,2,2,1,1,1,2,1,1,3,1,2,1,3,0,3,2,1,2,3,0,3,-1,0,1,0,0,2,-1,-1,0,-1,-1,1,-2,4,3,5,2,4,2,1,4,3,2,2,3,2,2,2,1,3,1,0,1,1,0,1,0,3,-1,2,0,2,-1,2,1,1,1,2,1,2,1,3,1,1,1,1,3,2,2,1,3,1,-2,1,-1,0,-2
2514,43,1,2,4,3,0,3,3,3,6,3,5,2,6,6,3,3,2,3,6,1,3,0,0,2,2,2,2,0,1,1,0,2,0,0,2,1,1,2,1,1,0,0,1,1,0,0,1,0,0,0,0,0,1,-1,1,1,-3,-3,2,0,6,3,3,0,4,4,0,1,0,-1,2,0,-1,2,1,1,2,1,0,2,3,2,0,1,3,3,4,2,4,0,5,5,3,3,1,2,6,1,2,0,0,2,2,2,1,-1,0,1,-2,-5,2,1,4,2,2,-2,3,4,4,2,5,4,7,4,4,3,3,0,2,4,0,0,1,3,2,1,0,0,1,0,0,1,0,-1,2,4,5,0,0,0,0,3,2,0,4,2,4,1,5,3,4,3,2,0,2,3,0,-1,2,1,3,0
2514,43,2,1,4,3,1,2,1,1,3,2,1,2,2,0,1,1,5,1,2,1,3,4,2,4,3,2,4,0,0,2,0,1,0,1,0,2,0,1,0,0,0,0,0,0,1,0,1,1,0,1,0,0,0,0,3,-2,0,0,0,-2,-1,0,-3,-1,0,-4,0,0,2,0,0,0,0,-1,2,-1,1,0,0,1,4,1,1,1,1,0,3,0,1,1,2,0,1,1,5,1,1,1,2,3,2,3,3,2,4,0,3,-4,0,0,0,-2,0,-2,-2,-2,0,-4,6,2,5,3,2,3,2,0,0,0,1,4,1,1,0,2,0,0,0,0,0,0,0,0,4,2,5,3,1,-1,1,1,0,2,0,0,5,1,5,1,2,3,2,0,0,0,1,4,3,1,5,1,1,-1
2514,44,1,3,4,3,5,5,4,3,1,2,1,4,5,2,1,4,2,2,5,2,3,0,2,2,3,7,2,0,2,0,0,0,0,1,0,0,0,3,4,0,0,0,0,0,0,0,0,0,0,0,0,1,0,2,0,1,3,0,2,0,1,0,-1,1,-2,0,0,2,0,0,0,0,1,0,0,0,3,3,0,3,2,3,5,5,4,2,1,2,1,1,1,2,1,4,2,2,5,2,3,0,2,2,3,6,2,2,-2,1,3,0,2,-1,1,0,-1,-2,-5,0,2,3,4,10,4,4,5,1,4,9,3,7,0,0,1,2,2,0,0,0,0,0,1,1,-3,2,0,1,1,-3,0,0,1,2,1,-1,2,3,3,8,2,4,5,1,4,9,2,6,-3,2,-1,-1,0,-2
2514,44,2,7,3,3,2,3,0,3,1,3,3,4,2,1,5,0,4,3,0,2,4,3,1,2,2,2,1,1,1,0,0,0,0,1,0,1,0,1,1,1,0,0,0,1,0,0,0,0,0,0,0,0,1,2,3,-1,-1,3,-2,-1,-2,2,1,2,0,0,1,1,0,-1,0,0,1,0,1,0,1,1,0,6,2,3,2,3,0,2,1,2,3,3,1,0,5,0,4,2,0,2,4,3,1,2,2,2,0,1,2,-1,0,3,-2,-2,-2,1,1,1,-1,0,3,4,5,0,3,1,2,3,1,1,6,3,2,1,2,0,1,0,0,0,0,0,1,0,1,1,4,-1,-3,-2,2,1,2,0,0,0,1,3,3,0,2,1,2,3,1,1,5,3,-1,0,2,-1,-3,-2
2514,45,1,1,4,1,8,1,1,3,4,0,1,2,0,2,1,5,1,2,5,1,2,3,0,2,1,3,1,1,0,0,1,0,0,2,2,0,0,0,0,0,0,1,0,1,0,0,1,0,0,0,0,0,0,0,-1,0,6,-4,0,1,1,0,-1,1,-3,1,1,-1,0,0,0,0,1,2,0,0,0,0,0,0,4,1,7,1,1,1,2,0,1,2,0,2,1,4,1,1,5,1,1,3,0,2,1,3,1,-1,0,0,6,-4,0,0,-1,0,-1,1,-3,1,1,2,4,5,1,2,3,3,4,2,5,1,0,0,0,1,0,0,0,0,0,0,0,1,-2,-1,0,3,-4,1,0,0,0,1,0,-1,1,2,4,4,1,2,3,3,4,2,5,0,-2,-1,0,2,-4,2
2514,45,2,5,4,3,1,2,0,3,0,6,2,2,5,5,2,2,2,5,1,1,3,2,3,1,4,5,3,0,1,1,1,0,0,1,0,0,0,0,2,0,1,0,0,0,0,0,1,1,0,0,0,0,0,3,2,1,-4,1,-1,0,-2,3,1,-2,0,2,-1,1,1,1,0,0,0,-1,0,0,0,2,0,5,3,2,0,2,0,2,0,6,2,2,3,5,1,2,2,5,1,1,2,1,3,1,4,5,3,4,1,0,-5,1,-1,0,-1,3,1,-2,-2,2,3,4,2,1,2,5,1,1,3,1,5,4,0,0,0,0,0,0,0,0,0,0,1,0,2,3,-1,0,-3,1,0,0,0,0,-1,0,3,4,2,1,2,5,1,1,3,1,4,4,2,3,-1,0,-2,1
2514,46,1,6,2,3,0,5,0,1,4,3,1,5,6,7,4,0,3,2,3,2,1,1,4,3,4,7,3,1,0,0,0,0,0,0,0,0,1,1,2,3,1,0,1,1,1,0,0,0,1,0,0,0,0,2,2,0,-2,2,-2,0,3,-1,-2,1,-1,4,0,0,-1,-1,-1,0,0,0,-1,1,1,2,3,5,2,3,0,5,0,1,4,3,0,4,4,4,3,0,2,1,2,2,1,1,3,3,4,7,3,2,2,1,-1,3,-2,0,3,0,-3,0,-3,1,5,1,3,2,1,0,6,2,2,1,5,1,1,0,0,0,0,0,1,0,1,0,0,0,-1,-1,1,1,-4,-1,0,0,-1,0,0,0,4,1,3,2,1,0,5,2,1,1,5,1,-1,-1,2,1,-4,-1
2514,46,2,2,4,1,0,4,1,2,1,3,8,3,4,5,4,4,4,3,4,5,4,1,1,4,2,4,1,0,2,1,0,0,0,0,0,0,2,0,3,0,0,1,0,0,1,1,0,0,0,0,0,1,0,-2,0,-3,-3,0,-4,-2,0,2,4,1,0,4,0,1,1,0,-1,-1,0,0,0,2,0,2,0,2,2,0,0,4,1,2,1,3,6,3,1,5,4,3,4,3,3,4,4,1,1,4,2,3,1,-2,-1,-4,-3,1,-3,-2,0,2,2,1,-2,4,0,2,1,9,2,1,0,1,0,4,4,1,0,1,1,1,1,0,0,0,0,0,0,0,0,1,1,5,-2,0,0,1,1,1,1,0,0,1,0,8,1,1,0,1,0,4,4,1,0,0,0,4,-3,0
2514,47,1,1,1,5,1,1,3,3,3,2,0,3,2,0,3,2,3,1,2,3,3,3,8,1,3,2,4,0,0,0,0,1,0,0,0,0,0,1,0,0,0,1,0,0,1,0,1,0,2,0,0,0,0,-2,-1,2,0,-1,0,0,0,-6,-1,0,0,-4,0,-1,0,0,0,0,-1,0,-2,0,1,0,0,1,1,5,1,0,3,3,3,2,0,2,2,0,3,1,3,1,1,3,2,3,6,1,3,2,4,-2,0,2,0,-1,0,1,0,-4,-1,-1,0,-4,3,2,4,5,7,2,0,3,3,2,3,2,1,0,0,1,1,0,0,0,0,0,0,1,3,-1,1,3,4,0,1,0,0,1,1,-1,2,2,4,4,6,2,0,3,3,2,3,1,2,-1,1,2,3,1
2514,47,2,3,6,3,2,2,3,5,2,3,3,2,3,3,3,2,0,2,4,0,3,2,1,5,0,2,2,2,1,1,1,1,1,1,0,1,0,0,2,1,0,0,0,0,0,0,1,0,0,0,0,0,0,0,4,3,0,-2,3,2,0,2,-2,2,1,1,2,1,1,1,1,1,0,0,1,0,0,2,1,1,5,2,1,1,2,4,2,2,3,2,1,2,3,2,0,2,4,0,2,2,1,5,0,2,2,-2,3,2,-1,-3,2,2,0,1,-2,2,-1,0,1,5,2,0,2,2,0,1,2,4,3,3,0,0,0,0,0,0,0,0,0,0,0,0,1,4,0,-4,-1,-1,0,0,0,0,0,0,1,5,2,0,2,2,0,1,2,4,3,3,1,4,0,-4,-1,-1
2514,48,1,3,1,2,3,4,1,3,1,2,3,1,2,4,4,2,4,3,2,1,3,3,1,3,2,3,2,0,0,0,0,1,0,0,0,0,0,0,1,1,0,1,1,1,0,0,0,0,0,0,0,1,1,-1,-1,-2,0,2,0,0,-2,1,0,-1,-1,2,0,-1,-1,-1,1,0,0,0,0,0,0,0,0,3,1,2,3,3,1,3,1,2,3,1,1,3,4,1,3,2,2,1,3,3,1,3,2,2,1,-1,0,-1,1,1,0,0,-2,1,0,-1,-1,2,2,5,5,7,0,4,4,4,2,6,2,4,0,3,1,1,0,0,0,1,0,0,0,0,-2,1,3,1,-2,0,0,2,1,1,0,0,2,2,4,6,0,4,4,3,2,6,2,4,-2,-1,2,0,-2,0
2514,48,2,5,2,4,4,1,4,2,1,5,2,6,3,3,4,2,5,6,4,2,3,2,4,2,1,0,3,1,1,1,0,1,0,1,0,0,0,1,1,0,0,0,1,1,0,0,0,0,0,0,0,0,0,1,0,-1,-2,-3,2,-1,-1,1,0,5,3,0,1,1,0,-1,1,0,1,0,0,0,1,1,0,4,1,3,4,0,4,1,1,5,2,5,2,3,4,2,4,5,4,2,3,2,4,2,1,0,3,0,-1,-1,-1,-4,2,-2,-1,1,0,4,2,0,0,3,4,4,0,4,1,3,1,0,2,7,0,0,1,1,0,0,0,0,0,0,0,1,-1,0,3,4,-2,-3,0,0,1,1,0,-1,0,3,3,3,0,4,1,3,1,0,2,6,-1,0,2,3,-2,-2
2514,49,1,7,3,2,1,2,1,3,2,4,3,1,4,3,3,1,1,3,2,1,4,4,4,2,2,2,1,1,0,0,1,0,0,0,0,0,1,0,1,0,0,0,0,1,0,0,0,1,0,1,0,0,0,4,2,1,-2,0,0,-1,-2,0,1,-1,2,2,1,0,0,0,0,0,0,-1,0,0,0,1,0,6,3,2,0,2,1,3,2,4,2,1,3,3,3,1,1,2,2,1,4,3,4,1,2,2,1,3,2,1,-2,0,0,-1,-1,0,1,-1,1,2,2,1,3,2,3,2,9,4,2,1,4,0,0,1,1,0,0,1,1,1,0,1,0,0,-7,-3,1,1,-1,2,-1,0,1,-1,0,1,2,0,2,2,3,1,8,3,2,0,4,0,-6,-3,0,2,-1,1
2514,49,2,3,4,2,4,3,5,2,2,4,2,4,5,3,4,3,5,2,5,6,4,2,2,3,3,2,1,0,0,1,1,2,1,0,0,1,1,3,1,0,0,0,0,0,1,0,1,0,0,0,0,0,1,-1,1,-3,2,-2,-1,-2,0,2,-1,1,3,2,0,0,1,1,1,1,-1,0,1,1,3,1,-1,3,4,1,3,1,4,2,2,3,1,1,4,3,4,3,5,2,4,6,3,2,2,3,3,2,0,-1,1,-4,1,-3,-2,-1,0,1,-2,-2,2,3,1,2,7,2,3,3,2,1,2,3,0,4,1,0,2,1,0,1,0,1,1,0,0,0,-1,1,5,-1,3,-1,1,-1,1,1,0,1,0,2,5,1,3,2,2,0,1,3,0,4,-2,2,4,-2,3,-2
2514,50,1,3,3,1,5,2,2,4,2,2,2,4,2,4,3,7,0,3,0,3,3,3,0,1,2,1,4,0,1,0,2,1,1,1,0,0,0,1,0,0,0,1,0,0,0,1,0,0,0,0,0,0,0,0,-4,1,2,2,-1,1,-1,2,1,2,1,0,0,0,0,2,1,0,1,0,0,0,1,0,0,3,2,1,3,1,1,3,2,2,2,3,2,4,3,6,0,3,0,2,3,3,0,1,2,1,4,0,-4,1,0,1,-1,0,-1,2,1,1,1,0,1,6,4,3,1,5,3,2,1,1,1,4,0,1,1,1,0,2,0,0,0,0,0,0,-2,4,3,2,0,1,0,1,1,1,0,2,1,5,3,2,1,3,3,2,1,1,1,4,-2,3,2,1,0,-1
2514,50,2,1,1,4,1,3,2,1,1,2,1,2,2,5,0,1,6,5,1,2,4,1,5,1,3,5,3,0,0,1,0,1,1,0,0,0,0,0,1,1,0,0,0,1,0,0,1,0,1,0,0,1,0,1,0,-2,-4,2,0,-3,0,-3,0,-1,-3,2,0,0,1,-1,1,1,-1,0,-1,0,0,0,1,1,1,3,1,2,1,1,1,2,1,2,1,4,0,1,6,4,1,2,3,1,4,1,3,4,3,1,0,-3,-3,1,-1,-2,0,-2,0,-1,-3,1,5,2,3,3,2,4,5,1,4,3,4,3,0,0,0,0,0,2,0,0,0,0,1,0,0,1,-1,0,-2,1,0,0,0,0,-1,2,5,2,3,3,2,2,5,1,4,3,3,3,0,1,-1,0,-1,-1
2514,51,1,4,3,0,0,5,4,4,2,4,1,2,3,1,2,1,1,1,1,3,2,2,2,5,2,2,1,1,0,0,0,2,2,2,0,0,1,2,1,0,0,0,0,1,0,0,0,0,0,0,0,1,0,2,2,-1,-1,4,1,2,0,2,-4,0,1,0,1,0,0,-1,2,2,2,0,0,1,2,0,0,3,3,0,0,3,2,2,2,4,0,0,2,1,2,1,1,0,1,3,2,2,2,5,2,1,1,1,2,-1,0,2,-1,0,0,2,-5,-2,1,0,3,1,2,2,2,2,0,2,3,1,3,3,0,0,0,1,0,0,0,0,0,0,0,0,3,-1,-1,1,-1,-1,0,0,0,1,0,0,3,1,2,1,2,2,0,2,3,1,3,3,3,-1,-1,0,-1,-1
2514,51,2,1,0,2,2,3,1,5,2,2,2,3,3,2,1,1,2,1,4,2,0,4,2,5,2,1,0,0,0,0,0,2,0,2,0,0,0,1,1,0,1,0,0,0,0,0,0,0,0,0,0,0,0,0,-1,0,1,-1,-1,5,-2,0,-3,1,2,2,-1,0,0,0,2,0,2,0,0,0,1,1,0,1,0,2,2,1,1,3,2,2,2,2,2,2,0,1,2,1,4,2,0,4,2,5,2,1,0,1,-1,0,1,-3,-1,3,-2,0,-3,0,1,2,1,2,4,4,4,4,5,4,4,4,1,3,0,1,0,0,0,1,0,2,1,0,0,0,-4,-2,0,0,3,1,0,-1,-1,0,0,1,1,1,4,4,4,3,5,2,3,4,1,3,-4,-1,1,0,3,0
2514,52,1,2,3,2,1,1,3,2,1,1,1,0,2,4,3,4,3,3,0,3,0,0,0,2,0,4,3,1,1,0,0,0,0,1,0,0,0,0,0,1,0,0,0,1,0,0,0,0,0,0,0,1,0,-1,-1,-1,-2,1,0,2,1,1,-1,0,-2,1,1,1,0,-1,0,0,1,0,0,0,0,-1,1,1,2,2,1,1,3,1,1,1,1,0,2,3,3,4,3,2,0,3,0,0,0,2,0,3,3,-2,-2,-1,-1,1,0,1,1,1,-1,0,-1,0,3,2,0,4,3,4,2,2,0,3,1,1,1,0,0,1,0,1,1,0,0,1,0,0,1,0,0,1,2,3,0,0,0,0,0,1,2,2,0,3,3,3,1,2,0,2,1,1,1,0,0,1,2,2
2514,52,2,4,3,0,1,1,3,3,3,3,1,0,1,3,3,7,2,2,0,1,1,5,0,2,1,3,2,0,1,0,0,1,0,0,0,1,0,0,0,0,0,1,0,0,0,0,1,0,0,0,0,0,0,1,-4,-2,-1,1,2,2,-2,3,-1,-1,-2,1,0,0,0,0,1,0,-1,0,1,0,0,0,0,4,2,0,1,0,3,3,3,2,1,0,1,3,3,6,2,2,0,1,0,5,0,2,1,3,2,1,-4,-2,-1,0,2,3,-2,2,-1,-1,-2,1,3,3,2,1,1,2,4,4,2,1,2,2,0,0,1,0,0,0,0,0,0,0,0,0,-1,-1,0,0,-1,0,0,0,1,0,0,0,3,3,1,1,1,2,4,4,2,1,2,2,-1,-1,-1,0,-1,0
2514,53,1,2,1,1,2,1,1,5,4,2,3,5,3,2,4,4,2,1,3,1,3,3,5,4,2,1,2,0,0,0,0,0,0,2,0,0,2,2,0,0,1,1,0,0,0,0,0,0,0,0,0,0,0,-2,-3,-1,1,-2,0,2,1,-3,-1,3,2,0,-1,-1,0,0,0,0,2,0,0,2,2,0,0,2,1,1,2,1,1,3,4,2,1,3,3,2,3,3,2,1,3,1,3,3,5,4,2,1,2,-1,-2,-1,1,-2,0,0,1,-3,-3,1,2,0,1,3,4,3,1,5,1,3,3,1,1,4,0,1,0,1,0,0,0,0,0,0,1,0,0,0,1,2,0,1,0,1,0,1,-1,0,1,2,4,2,1,5,1,3,3,1,0,4,0,-1,1,1,1,1
2514,53,2,1,8,1,0,0,2,3,4,3,2,2,6,4,2,2,2,2,2,4,2,3,3,2,2,4,2,0,3,0,0,0,0,0,2,1,0,1,2,0,0,0,1,0,0,0,0,1,0,0,0,0,0,-1,6,-1,-2,-2,-2,1,1,0,0,0,2,2,0,3,-1,0,0,0,0,1,1,0,1,2,0,1,5,1,0,0,2,3,2,2,2,1,4,4,2,2,1,2,2,4,2,2,3,2,2,4,2,-1,3,0,-2,-2,-2,1,0,-1,0,-1,0,2,1,6,4,6,2,1,4,4,1,3,3,2,0,0,0,0,0,0,0,0,0,0,0,1,-3,2,3,3,-1,-1,0,0,0,0,0,-1,1,6,4,6,2,1,4,4,1,3,3,1,-3,2,3,3,-1,0
2514,54,1,3,1,3,3,3,3,3,1,3,1,3,5,2,3,2,1,2,2,3,3,1,3,0,3,2,4,0,0,0,0,0,2,0,1,0,0,1,0,0,0,0,0,1,0,1,0,0,0,0,0,0,1,0,-1,2,1,1,0,0,0,0,1,0,3,-2,0,0,0,-1,0,1,0,1,0,0,1,0,-1,3,1,3,3,3,1,3,0,3,1,2,5,2,3,2,1,1,2,2,3,1,3,0,3,2,3,0,-1,2,2,1,-1,0,-1,0,1,-1,3,-1,4,1,3,7,2,7,2,2,2,7,2,3,0,0,0,1,0,2,1,0,0,0,0,0,2,-1,1,0,0,4,-1,0,0,1,0,2,4,1,3,6,2,5,1,2,2,7,2,3,3,-1,1,-1,0,2
2514,54,2,4,0,6,3,1,5,1,2,0,6,1,3,3,6,2,3,7,1,2,1,0,0,5,1,1,4,1,0,0,1,0,1,0,0,0,2,0,0,1,1,0,1,0,0,0,0,0,0,0,0,0,0,-2,-2,3,-4,0,3,0,2,0,1,0,2,-1,0,0,-1,1,0,1,0,0,0,2,0,0,1,3,0,6,2,1,4,1,2,0,4,1,3,2,5,2,2,7,1,2,1,0,0,5,1,1,4,-2,-2,4,-5,0,2,0,2,0,-1,0,2,-2,1,0,3,2,2,4,5,4,2,1,2,3,0,0,1,0,0,1,1,0,0,1,0,0,-4,-4,1,1,0,1,-1,0,1,-1,0,1,1,0,2,2,2,3,4,4,2,0,2,3,-3,-4,0,2,0,0
2514,55,1,1,4,4,2,2,4,2,0,0,2,0,0,1,2,2,1,2,2,1,2,0,1,0,1,3,0,0,1,0,1,0,1,0,0,0,1,0,0,0,0,1,0,0,0,0,0,0,0,0,0,0,0,-1,2,3,0,0,3,0,0,-1,2,-1,-3,1,0,0,0,1,0,1,0,0,0,1,0,0,0,1,3,4,1,2,3,2,0,0,1,0,0,1,2,1,1,2,2,1,2,0,1,0,1,3,0,-1,2,3,-1,0,2,0,0,-1,1,-1,-3,1,2,2,5,1,2,2,1,1,4,6,4,4,0,1,1,0,0,0,1,1,1,3,0,0,1,1,1,-5,-2,-2,-1,0,0,-3,0,0,2,1,4,1,2,2,0,0,3,3,4,4,2,1,1,-2,-2,-2
2514,55,2,3,1,2,1,2,2,2,1,2,2,0,2,7,4,4,2,7,1,4,3,3,2,1,1,1,3,0,0,0,0,0,0,0,0,0,0,0,0,2,1,1,0,0,0,0,0,1,0,0,0,0,0,-1,-3,0,-6,1,-2,-1,-2,0,1,-1,1,4,-1,-1,0,0,0,0,0,-1,0,0,0,0,2,3,1,2,1,2,2,2,1,2,2,0,2,5,3,3,2,7,1,4,3,2,2,1,1,1,3,0,-2,0,-6,1,-2,-1,-1,0,1,-1,1,2,3,5,3,6,5,2,4,1,2,3,6,3,3,0,1,0,1,0,0,0,1,0,0,0,-1,4,1,3,-1,-1,3,0,0,0,1,0,0,5,2,6,4,2,4,1,1,3,6,3,-4,4,1,3,-2,-1
2514,56,1,3,5,2,2,3,2,2,2,3,2,0,1,0,0,1,2,2,2,0,4,4,0,0,2,1,2,0,2,0,0,1,0,0,0,1,0,0,0,0,0,0,0,0,0,0,1,0,0,0,0,0,0,3,4,0,0,1,2,-2,-2,3,2,-2,0,-2,0,2,0,0,1,0,-1,0,1,0,0,0,0,3,3,2,2,2,2,2,2,2,2,0,1,0,0,1,2,2,2,0,3,4,0,0,2,1,2,3,2,0,0,0,2,-1,-2,2,2,-2,0,-2,4,4,2,3,5,3,2,5,3,5,3,0,3,0,1,0,1,1,0,0,0,2,0,0,2,-1,-1,-2,2,3,3,0,1,-2,1,1,1,4,1,3,4,2,2,5,3,3,3,0,-1,-1,-2,0,1,2
2514,56,2,3,5,2,1,1,8,2,2,0,1,1,0,1,3,2,1,1,2,3,1,2,0,1,3,3,3,1,0,0,0,0,2,1,0,0,0,0,0,0,0,0,0,1,1,0,0,1,0,0,0,1,0,0,3,1,0,-1,5,1,0,0,0,-2,-3,-2,1,0,0,-1,-1,2,1,-1,0,0,0,-1,0,2,5,2,1,1,6,1,2,0,1,1,0,1,3,2,1,0,1,3,1,1,0,1,3,2,3,-1,3,1,1,0,3,0,1,0,0,-2,-2,-2,1,3,6,2,2,0,3,4,5,1,5,4,1,0,0,0,0,0,0,1,0,0,0,0,-2,-1,1,1,-3,-4,1,-1,0,0,0,0,0,3,6,2,2,0,3,3,5,1,5,4,-3,0,1,1,-3,-4
2514,57,1,2,5,5,2,2,1,1,1,4,4,1,3,4,4,4,4,1,3,2,1,1,3,0,3,0,0,1,0,2,0,0,0,0,0,1,0,0,0,0,1,0,2,0,0,1,0,0,1,0,0,0,0,-2,1,1,1,-1,-1,0,0,1,4,-2,3,4,0,0,0,0,0,-1,0,0,0,0,0,0,0,1,5,3,2,2,1,1,1,3,4,1,3,4,3,4,2,1,3,1,1,1,2,0,3,0,0,-2,1,1,1,-1,0,0,0,1,4,-2,3,4,1,3,4,4,4,4,1,2,3,2,4,3,0,0,0,0,1,0,0,0,0,0,0,0,0,1,1,2,0,1,0,0,0,0,1,0,1,3,4,4,3,4,1,2,3,2,4,3,0,1,1,2,-1,1
2514,57,2,1,5,1,3,0,3,0,1,1,1,0,2,2,3,2,2,1,0,1,1,1,1,3,0,3,1,0,1,0,0,0,1,0,0,1,0,0,0,1,0,0,0,0,0,0,0,0,0,0,0,0,0,-2,3,-1,2,0,2,-1,0,0,-2,0,-1,1,0,1,0,0,0,1,0,0,1,0,0,0,1,1,4,1,3,0,2,0,1,0,1,0,2,1,3,2,2,1,0,1,1,1,1,3,0,3,1,-2,2,-1,2,0,1,-1,0,-1,-2,0,-1,0,2,1,3,5,3,3,1,2,6,4,3,3,0,0,0,1,1,1,0,0,1,1,0,0,1,-1,-3,1,0,0,0,0,-1,0,1,1,2,1,3,4,2,2,1,2,5,3,3,3,1,-1,-2,1,-1,-1
2514,58,1,3,2,0,2,2,0,1,1,1,2,3,1,2,2,3,2,2,3,2,4,2,0,2,3,0,4,1,0,0,0,2,0,0,0,0,1,2,0,0,0,1,0,0,0,0,0,0,0,0,0,0,0,1,-1,-2,0,-1,-2,-3,-1,1,0,0,1,-2,1,-1,0,0,2,0,0,0,0,1,2,0,0,2,2,0,2,0,0,1,1,1,1,1,1,2,2,2,2,2,3,2,4,2,0,2,3,0,4,0,0,-2,0,-3,-2,-3,-1,1,-1,-2,1,-2,0,2,6,1,6,1,2,0,4,3,3,2,0,0,1,0,0,0,1,0,1,0,0,0,-2,2,2,-2,3,-1,-1,0,0,0,0,0,0,2,5,1,6,1,1,0,3,3,3,2,-1,2,2,-2,3,-1
2514,58,2,3,4,1,2,1,1,2,5,3,0,3,2,3,2,2,2,2,0,1,1,2,1,2,1,1,1,1,0,0,1,0,0,0,0,0,0,1,0,1,0,0,0,1,0,0,0,0,0,1,0,0,0,1,2,-1,0,1,0,1,3,2,-2,2,1,2,1,0,0,0,0,0,0,0,0,-1,1,0,1,2,4,1,1,1,1,2,5,3,0,2,2,2,2,2,2,1,0,1,1,2,1,1,1,1,1,0,2,-1,0,1,0,1,3,2,-1,1,1,1,1,3,4,3,2,1,0,2,0,0,5,1,0,0,0,0,0,0,0,0,0,0,0,0,1,1,4,3,-3,0,0,0,0,0,0,0,1,3,4,3,2,1,0,2,0,0,5,1,1,1,4,3,-3,0
2514,59,1,0,3,3,1,3,3,3,2,1,2,2,0,1,4,2,1,3,1,2,2,3,1,1,2,2,1,0,0,0,0,1,0,0,1,1,1,0,0,0,0,0,0,0,0,0,0,0,0,1,1,0,0,-4,1,2,-2,2,1,1,-1,0,1,0,-2,0,0,0,0,0,1,0,0,1,1,0,-1,0,0,0,3,3,1,2,3,3,1,0,1,2,0,1,4,2,1,3,1,2,2,3,1,0,1,2,1,-4,1,2,-2,1,1,1,-2,-1,1,1,-2,0,4,4,3,2,2,3,1,1,1,0,4,2,0,0,1,0,0,1,0,0,0,0,0,0,3,3,2,2,-2,1,0,0,1,0,0,1,4,4,2,2,2,2,1,1,1,0,4,2,3,3,1,2,-2,0
2514,59,2,1,2,2,3,2,0,3,3,1,3,1,3,1,4,3,4,3,3,3,2,2,2,0,1,1,2,1,0,0,1,0,0,0,0,0,1,0,1,0,0,0,0,0,1,0,0,0,0,0,0,0,0,-3,-1,-2,0,-1,-3,1,1,-1,3,0,2,-1,1,0,0,1,-1,0,0,0,0,1,0,1,0,0,2,2,2,2,0,3,3,1,2,1,2,1,4,3,4,3,2,3,2,2,2,0,1,1,2,-4,-1,-2,-1,0,-3,1,1,-1,2,0,1,-1,1,3,1,6,4,1,4,2,2,3,1,2,1,0,0,1,1,1,1,0,1,0,0,1,-3,1,-1,3,3,-1,0,0,-1,1,1,0,0,3,1,5,3,0,3,2,1,3,1,1,-3,1,0,2,2,-1
2514,60,1,3,0,2,2,4,4,2,3,3,2,2,3,0,4,1,7,3,2,3,1,2,0,2,0,2,2,0,0,1,0,0,0,0,0,0,0,0,1,0,0,0,4,0,1,0,0,0,0,0,0,1,0,-1,-1,-5,-1,2,1,1,1,3,0,2,1,-2,0,0,-3,0,-1,0,0,0,0,0,0,0,0,3,0,1,2,4,4,2,3,3,2,2,2,0,4,1,3,3,1,3,1,2,0,2,0,1,2,-1,-1,-2,-1,3,1,1,1,3,0,2,1,-2,2,2,1,7,1,1,0,2,1,1,0,1,1,0,0,1,0,0,0,0,0,0,0,0,2,0,0,6,1,0,1,0,0,1,0,0,1,2,1,6,1,1,0,2,1,1,0,1,1,0,0,5,1,0
2514,60,2,2,4,2,1,3,1,3,3,0,0,1,1,2,0,5,1,3,0,1,1,1,4,1,3,2,1,0,0,0,0,1,1,0,0,0,0,0,0,0,0,0,0,0,0,0,0,0,0,0,0,0,0,2,-1,1,-2,3,0,2,2,-4,-1,-2,-1,1,0,0,0,0,1,1,0,0,0,0,0,0,0,2,4,2,1,2,0,3,3,0,0,1,1,2,0,5,1,3,0,1,1,1,4,1,3,2,1,2,-1,1,-2,2,-1,2,2,-4,-1,-2,-1,1,3,2,1,2,2,0,1,2,2,1,2,4,0,0,0,0,0,0,0,0,1,0,0,1,2,0,-1,1,0,-4,0,0,-1,0,0,-1,3,2,1,2,2,0,1,2,1,1,2,3,2,0,0,1,0,-3
2514,61,1,2,6,3,2,3,3,1,5,2,1,5,2,4,3,4,2,0,2,4,2,1,2,2,1,4,4,0,1,0,0,0,0,0,0,0,0,0,0,1,0,0,0,0,0,1,1,0,1,0,0,1,1,-1,2,1,2,1,-1,-1,4,0,-1,4,-2,0,0,1,0,0,0,-1,-1,0,-1,0,0,-1,0,2,5,3,2,3,3,1,5,2,1,5,2,3,3,4,2,0,2,3,1,1,1,2,1,3,3,-1,1,1,2,1,0,0,4,1,-1,4,-1,0,3,1,2,3,1,3,1,0,1,2,2,1,0,1,0,0,1,0,0,0,0,0,0,1,2,1,1,1,-1,2,0,1,0,0,1,-1,3,0,2,3,0,3,1,0,1,2,2,0,2,0,1,1,-2,3
2514,61,2,2,3,5,2,0,3,3,2,2,0,2,1,1,1,0,2,0,0,2,2,4,2,0,2,2,5,0,0,1,0,0,0,1,1,0,0,1,0,0,0,0,0,0,0,2,0,0,0,0,0,0,0,1,3,3,2,0,1,1,-2,0,0,0,-1,-4,0,0,1,0,0,-2,1,1,0,0,1,0,0,2,3,4,2,0,3,2,1,2,0,1,1,1,1,0,2,0,0,0,2,4,2,0,2,2,5,1,3,2,2,0,3,0,-3,0,0,-1,-1,-4,2,4,4,3,4,4,1,1,2,0,1,1,0,0,0,0,0,1,1,0,0,0,0,1,1,3,2,3,3,3,-1,0,0,0,0,0,2,4,4,3,4,3,0,1,2,0,1,0,2,3,2,3,3,3
2514,62,1,2,0,5,3,0,0,2,3,3,3,5,3,4,1,2,2,5,1,1,1,2,3,3,2,0,1,0,0,0,0,0,0,0,0,0,1,0,0,1,0,0,0,1,0,0,0,1,0,0,0,0,0,1,-2,3,-2,-1,-1,1,1,0,0,3,3,3,0,0,0,-1,0,0,0,-1,0,1,0,0,1,2,0,5,3,0,0,2,3,3,2,5,3,3,1,2,2,4,1,1,1,1,3,3,2,0,1,1,-2,3,-1,-1,-1,1,2,0,-1,3,3,2,3,0,0,3,0,3,1,3,2,0,2,2,0,0,0,0,0,0,0,0,0,0,0,0,2,-3,-2,3,-2,1,0,0,0,0,0,0,3,0,0,3,0,3,1,3,2,0,2,2,2,-3,-2,3,-2,1
2514,62,2,2,4,3,2,1,1,1,1,4,4,2,3,3,0,2,2,5,6,2,0,4,1,5,1,5,2,0,0,0,0,0,0,0,0,2,0,0,0,0,0,0,0,0,0,0,0,0,0,0,0,2,0,2,2,1,-3,-5,-1,1,-3,3,-1,1,-2,1,0,0,0,0,0,0,0,0,2,0,0,-2,0,2,4,3,2,1,1,1,1,2,4,2,3,3,0,2,2,5,6,2,0,4,1,5,1,3,2,2,2,1,-3,-5,-1,1,-3,1,-1,1,0,1,2,3,3,2,2,4,3,5,1,5,2,3,0,0,0,0,0,1,1,0,0,0,0,0,-1,-2,2,-3,0,1,-1,0,0,0,0,1,2,3,3,2,2,3,2,5,1,5,2,3,0,-2,2,-3,0,0
2514,63,1,5,5,3,6,2,0,3,3,2,2,2,0,2,0,2,1,4,1,3,2,1,4,5,4,2,2,1,0,0,0,0,0,0,1,0,0,1,0,1,0,0,0,0,0,0,1,1,1,0,1,0,1,5,3,2,2,1,-3,1,2,-2,-3,-2,-2,0,1,0,0,0,0,0,-1,0,-1,0,0,0,0,4,5,3,6,2,0,3,2,2,2,1,0,1,0,2,1,4,1,3,1,0,3,5,3,2,1,4,3,2,2,1,-3,2,2,-1,-3,-2,-2,0,1,4,2,2,0,2,5,0,2,1,4,2,1,0,0,0,0,2,0,0,0,0,2,0,-4,4,0,1,-4,0,1,0,0,0,-2,2,0,4,2,2,0,0,5,0,2,1,2,2,-5,4,0,1,-2,-2
2514,63,2,1,1,3,2,0,2,3,3,6,3,2,1,2,2,1,3,2,1,3,3,3,3,5,1,3,2,0,0,0,0,0,0,0,0,0,0,0,0,0,0,0,0,0,0,2,0,0,0,2,0,0,0,-1,0,0,0,-1,-1,0,0,3,-2,1,-2,0,0,0,0,0,0,-2,0,0,0,-2,0,0,0,1,1,3,2,0,2,3,3,6,3,2,1,2,2,1,3,2,1,1,3,3,3,3,1,3,2,-1,0,0,0,-1,1,0,0,3,0,1,-2,0,2,2,1,2,3,2,5,1,4,2,2,3,0,0,0,0,0,0,0,0,0,0,0,1,-3,1,-3,0,1,-1,0,0,0,0,0,-1,2,2,1,2,3,2,5,1,4,2,2,2,-3,1,-3,0,1,0
2514,64,1,3,3,5,3,2,4,1,2,1,2,3,3,1,1,2,0,3,3,1,2,3,3,2,2,1,3,1,0,0,0,1,1,0,0,0,0,0,0,0,0,0,0,1,0,0,1,1,0,0,1,0,0,2,1,5,0,-1,3,-1,-1,-2,0,1,2,-2,1,0,0,-1,1,1,-1,-1,0,0,-1,0,0,2,3,5,3,1,3,1,2,1,2,3,3,1,1,2,0,2,3,1,1,2,3,2,1,1,3,1,1,5,1,-2,2,0,0,-2,0,2,2,-2,1,5,2,3,3,4,3,2,2,1,0,2,0,1,0,1,0,0,0,0,0,0,0,1,-2,3,0,2,3,2,0,1,0,1,0,-1,1,4,2,2,3,4,3,2,2,1,0,1,-2,2,0,1,3,3
2514,64,2,2,0,2,0,2,1,2,2,5,0,6,4,0,2,1,0,0,2,2,3,1,0,3,1,2,2,1,0,0,0,0,0,0,0,0,0,2,2,0,0,0,0,0,0,0,0,0,0,0,0,0,1,0,-1,2,0,0,-1,-1,1,5,-3,5,2,-2,1,0,0,0,0,0,0,0,0,0,2,2,-1,1,0,2,0,2,1,2,2,5,0,4,2,0,2,1,0,0,2,2,3,1,0,3,1,2,1,-1,-1,2,0,0,-1,-1,1,5,-3,3,0,-1,4,2,3,3,4,5,4,1,1,3,2,2,0,0,0,0,1,1,1,0,0,1,0,1,0,1,2,0,2,3,-1,0,0,-1,1,0,4,2,3,3,3,4,3,1,1,2,2,1,1,1,2,1,1,3
2514,65,1,4,2,4,3,1,2,2,2,2,6,4,3,4,1,2,1,1,2,1,3,3,2,4,1,1,4,0,0,0,0,1,0,1,0,1,3,0,0,0,1,1,0,1,1,0,1,1,1,2,0,0,0,3,0,3,2,-1,1,-1,-1,0,2,3,2,0,-1,-1,0,-1,0,0,0,-1,0,1,0,0,0,4,2,4,3,0,2,1,2,1,3,4,3,4,0,1,1,0,1,1,2,2,1,2,1,1,4,4,1,3,3,-1,1,-1,0,0,1,3,2,0,3,1,4,5,4,3,2,3,4,2,3,1,0,0,0,1,0,1,0,1,0,1,1,0,1,-2,0,3,1,2,0,-1,0,0,-1,1,3,1,4,4,4,2,2,2,4,1,2,1,1,-1,0,3,2,1
2514,65,2,2,4,2,3,2,2,4,6,0,3,2,4,4,1,3,3,2,1,0,3,4,2,1,2,3,4,0,0,1,0,0,0,0,1,0,0,0,0,0,0,1,1,0,0,0,0,1,0,0,0,1,0,1,1,-1,1,1,2,1,2,-2,2,0,1,0,0,-1,0,0,0,0,0,0,0,0,0,-1,0,2,4,1,3,2,2,4,5,0,3,2,4,4,1,2,2,2,1,0,3,3,2,1,2,2,4,1,2,-1,1,1,2,1,2,-2,2,0,2,0,4,2,4,3,2,4,0,0,0,3,2,2,0,0,1,0,0,2,0,0,0,0,0,0,4,2,4,0,0,2,0,0,1,0,0,2,4,2,3,3,2,2,0,0,0,3,2,2,4,2,3,0,0,0
2514,66,1,2,2,1,3,3,0,6,2,2,2,3,4,1,1,1,1,1,1,0,2,3,1,3,3,5,3,0,1,0,0,1,0,1,0,0,1,0,0,0,0,0,0,0,0,0,0,1,0,1,0,0,1,1,1,0,2,2,0,4,-1,1,-1,0,-1,-2,0,1,0,0,1,0,1,-1,0,0,0,0,-1,2,1,1,3,2,0,5,2,2,1,3,4,1,1,1,1,1,1,0,2,2,1,2,3,5,2,1,0,0,2,1,0,3,0,1,-1,0,-1,-1,4,1,1,1,2,4,1,2,4,4,3,4,0,0,0,0,0,2,0,0,0,0,0,1,3,-1,-3,-3,-1,0,0,0,0,0,0,1,4,1,1,1,2,2,1,2,4,4,3,3,3,-1,-3,-3,-1,-1
2514,66,2,5,1,1,2,1,2,1,1,1,2,2,3,2,0,3,0,1,7,3,1,0,0,3,4,4,2,1,0,0,0,1,1,0,1,0,1,0,0,0,0,0,0,0,0,1,0,0,0,0,0,0,1,5,-2,1,1,-6,-1,0,1,1,-1,-2,-1,0,1,0,0,0,1,0,0,1,0,1,0,0,-1,4,1,1,2,0,1,1,0,1,1,2,3,2,0,3,0,1,7,2,1,0,0,3,4,4,1,4,-2,1,1,-7,-1,0,0,1,-2,-2,-1,1,2,2,4,2,3,1,3,3,3,2,3,2,0,0,1,0,0,1,1,0,0,0,0,0,-1,-1,1,0,0,-1,-1,0,1,0,0,1,2,2,3,2,3,0,2,3,3,2,3,2,0,-1,0,0,0,-2
2514,67,1,3,2,3,1,1,4,4,4,1,2,3,0,4,1,3,3,1,2,2,2,4,0,3,3,3,3,0,0,1,0,0,0,1,0,0,0,0,0,0,0,1,0,0,0,0,0,0,0,0,0,0,0,2,-1,0,0,-1,2,2,0,1,-1,0,-3,1,0,-1,1,0,0,0,1,0,0,0,0,0,0,3,2,2,1,1,4,3,4,1,2,3,0,4,1,2,3,1,2,2,2,4,0,3,3,3,3,2,0,-1,0,-1,2,1,0,1,-1,0,-3,1,2,3,2,3,3,0,0,3,1,4,2,0,0,0,0,0,0,0,0,1,0,1,0,0,2,0,1,-1,1,0,0,-1,0,-1,0,0,2,3,2,3,3,0,0,2,1,3,2,0,2,1,1,0,1,0
2514,67,2,1,1,4,2,1,1,2,1,1,5,3,3,2,4,1,2,0,0,0,0,1,2,4,2,0,4,0,0,0,0,0,0,0,0,0,0,0,1,0,0,0,0,0,0,0,0,0,1,1,1,0,0,-3,0,2,2,1,1,2,0,-1,1,1,3,-2,0,0,0,0,0,0,0,0,-1,-1,-1,1,0,1,1,4,2,1,1,2,1,1,5,3,2,2,4,1,2,0,0,0,0,1,1,3,1,0,4,-3,0,2,2,1,1,2,0,0,2,2,2,-2,2,3,1,0,1,3,2,4,1,2,1,1,0,0,0,0,1,1,0,0,1,0,0,0,0,-1,0,-2,0,2,0,0,-1,0,1,1,2,3,1,0,0,2,2,4,0,2,1,1,0,-1,1,-2,-1,1
2514,68,1,2,3,2,2,1,0,3,3,2,2,4,3,0,0,1,2,6,1,1,3,2,1,2,0,3,2,0,1,1,0,0,0,0,1,0,0,0,0,0,0,0,0,0,1,0,0,0,0,0,0,0,1,2,2,0,-4,0,-1,0,1,1,0,4,0,-2,0,1,1,0,-1,0,0,1,0,0,0,0,-1,2,2,1,2,1,0,3,2,2,2,4,3,0,0,1,2,6,0,1,3,2,1,2,0,3,1,2,1,-1,-4,1,-1,0,0,1,0,4,0,-1,3,2,2,1,3,1,5,4,1,1,2,0,0,0,0,0,2,0,1,0,0,0,0,0,-2,-2,1,0,1,1,-1,0,0,0,2,0,3,2,2,1,1,1,4,4,1,1,2,0,-1,-2,1,0,-1,1
2514,68,2,2,2,1,3,0,3,3,1,2,0,2,4,0,2,1,2,2,1,1,1,2,2,1,2,0,4,0,0,0,1,0,0,1,1,0,0,0,0,0,0,0,0,0,0,0,0,1,0,0,0,0,0,0,1,-1,1,-1,2,2,-1,0,-1,0,4,-4,0,0,0,1,0,0,1,0,0,0,0,0,0,2,2,1,2,0,3,2,0,2,0,2,4,0,2,1,2,2,1,1,1,1,2,1,2,0,4,0,1,-1,0,-1,2,1,-1,0,-1,0,4,-4,3,3,3,0,3,2,2,2,2,0,4,4,1,0,0,0,0,0,1,0,0,0,0,0,1,1,1,0,-1,-2,0,0,0,0,0,0,2,3,3,0,3,2,1,2,2,0,4,4,1,1,1,0,-1,-2
2514,69,1,1,1,2,3,1,1,2,3,1,3,1,2,2,4,2,2,2,2,3,1,1,1,2,0,1,4,0,0,0,0,0,1,0,0,0,0,0,0,0,1,0,0,0,0,0,0,1,1,2,0,0,0,-3,-1,0,1,-1,-2,1,2,0,1,1,1,-2,-1,0,0,0,0,1,0,-1,-1,-2,0,0,0,1,1,2,3,1,0,2,3,1,3,1,2,2,3,2,2,2,2,3,1,0,0,0,0,1,4,-2,-1,0,1,-1,-3,1,3,1,3,1,1,-2,2,1,3,1,0,2,3,0,3,1,1,0,0,0,0,0,0,0,0,0,1,0,0,0,-1,1,0,0,-1,2,0,0,-1,0,0,0,2,1,3,1,0,2,3,0,2,1,1,0,-1,1,1,0,-1,2
2514,69,2,1,0,2,0,1,1,1,3,2,3,2,3,2,1,3,2,1,3,3,0,1,2,2,3,5,1,0,0,0,0,0,0,0,0,0,0,1,0,0,0,0,0,0,0,0,0,0,0,0,0,0,0,0,-3,0,-1,-2,-2,1,2,0,1,-1,-2,1,0,0,0,0,0,0,0,0,0,0,1,0,0,1,0,2,0,1,1,1,3,2,3,1,3,2,1,3,2,1,3,3,0,1,2,2,3,5,1,0,-3,0,-1,-2,-2,1,2,0,1,-2,-2,1,1,2,2,5,3,3,3,0,1,5,0,1,0,0,0,0,0,0,0,0,0,0,0,0,-2,2,1,0,3,2,0,0,0,0,0,0,1,2,2,5,3,3,3,0,1,5,0,1,-2,2,1,0,3,2
2514,70,1,2,0,0,2,1,2,5,1,4,3,1,4,2,0,1,1,0,2,1,1,0,4,2,0,1,2,0,0,0,0,0,0,0,0,0,0,0,1,0,0,0,0,0,1,1,0,0,0,0,0,1,0,2,-1,-1,2,-1,1,4,1,0,1,1,3,0,0,0,0,0,-1,-1,0,0,0,0,0,0,0,2,0,0,2,1,2,5,1,4,3,1,3,2,0,1,1,0,1,0,1,0,4,2,0,0,2,2,-1,-1,2,0,2,4,1,0,1,1,3,0,1,1,7,2,1,1,2,1,5,2,2,2,0,0,0,0,0,0,0,0,1,1,0,0,-1,0,2,0,-1,-1,0,0,-1,-1,0,0,1,1,7,2,1,1,2,1,4,1,2,2,-1,0,3,1,-1,-1
2514,70,2,0,3,1,1,0,2,0,4,1,2,5,2,6,1,0,2,1,1,2,0,1,2,1,1,3,6,0,0,0,0,0,0,0,1,0,0,1,0,2,0,0,0,0,0,1,0,0,0,0,0,0,1,-1,3,-1,0,-1,0,0,3,-1,1,4,-1,0,0,0,0,0,0,-1,0,1,0,0,1,0,1,0,3,1,1,0,2,0,3,1,2,4,2,4,1,0,2,1,1,1,0,1,2,1,1,3,5,-1,3,-1,0,-1,1,0,2,-1,1,3,-1,-1,2,0,1,3,2,0,2,1,5,1,2,0,0,0,0,0,0,0,0,0,1,0,1,0,0,-1,-4,2,0,0,0,0,-1,0,-1,0,2,0,1,3,2,0,2,1,4,1,1,0,0,-1,-3,2,1,0
2514,71,1,0,0,0,2,3,0,1,2,0,3,4,1,1,1,4,2,1,1,2,0,1,2,2,4,4,3,0,0,0,0,0,0,0,0,0,0,0,0,0,0,0,0,0,1,0,0,0,0,0,1,0,0,-1,-4,-2,1,2,-2,1,1,-2,1,0,-3,-2,0,0,0,0,-1,0,0,0,0,0,-1,0,0,0,0,0,2,3,0,1,2,0,3,4,1,1,1,4,2,1,0,2,0,1,2,2,3,4,3,-1,-4,-2,1,3,-2,1,1,-2,1,1,-3,-2,3,6,1,2,0,2,3,4,0,2,0,2,0,0,0,0,0,0,0,0,0,0,0,0,0,2,1,0,0,0,0,0,0,0,0,0,3,6,1,2,0,2,3,4,0,2,0,2,0,2,1,0,0,0
2514,71,2,2,1,1,1,1,1,0,1,0,1,0,1,1,0,3,4,0,2,1,3,3,0,0,3,2,3,0,0,0,0,0,0,0,0,0,0,0,1,0,0,0,0,0,0,0,0,1,0,0,1,1,0,2,-2,-3,1,-1,0,-3,-2,0,1,-3,-1,-2,0,0,0,0,0,0,0,-1,0,0,-1,0,0,2,1,1,1,1,1,0,1,0,1,0,0,1,0,3,4,0,2,1,3,2,0,0,2,1,3,2,-2,-3,1,-1,0,-3,-1,0,1,-2,-1,-2,3,0,4,0,1,1,2,1,1,3,0,1,0,0,0,0,0,0,0,0,0,0,0,0,1,-1,3,-3,1,0,0,0,0,0,0,0,3,0,4,0,1,1,2,1,1,3,0,1,1,-1,3,-3,1,0
2514,72,1,1,1,0,1,0,2,4,3,2,3,1,2,2,0,2,1,0,0,1,0,3,3,1,2,1,2,0,0,0,1,0,0,0,1,0,0,0,0,0,0,0,0,0,0,0,0,2,0,0,0,0,0,1,-1,-1,1,0,1,4,0,-1,2,-1,1,0,0,0,0,1,0,0,0,-1,0,0,0,0,0,1,1,0,0,0,2,4,2,2,3,1,2,2,0,2,1,0,0,1,0,1,3,1,2,1,2,1,-1,-1,0,0,1,4,1,-1,2,-1,1,0,0,0,0,1,1,0,3,2,1,1,0,0,0,0,0,0,0,0,0,0,0,0,0,0,-3,-2,-1,0,1,0,0,0,0,0,0,0,0,0,0,1,1,0,3,2,1,1,0,0,-3,-2,-1,0,1,0
2514,72,2,1,2,0,0,0,3,3,1,1,1,1,2,4,2,1,2,0,1,0,1,1,0,2,1,0,2,0,0,0,0,0,0,0,0,0,0,0,1,0,0,0,0,0,0,0,0,0,0,1,0,0,0,-1,1,-2,0,-1,3,2,0,1,-1,0,2,2,0,0,0,0,0,0,0,0,0,-1,0,1,0,1,2,0,0,0,3,3,1,1,1,1,1,4,2,1,2,0,1,0,1,1,0,1,1,0,2,-1,1,-2,0,-1,3,2,0,1,0,0,1,2,0,0,2,0,2,2,0,5,3,2,1,2,0,0,0,0,0,1,0,1,0,0,0,0,0,-5,-1,-2,1,0,0,-1,0,0,0,1,0,0,2,0,2,1,0,4,3,2,1,2,0,-4,-1,-2,1,-1
2514,73,1,2,1,1,0,0,0,1,2,0,1,6,2,1,1,0,3,0,0,1,1,2,1,1,4,3,3,0,0,0,0,0,0,0,0,0,0,1,1,1,1,0,0,0,0,0,0,0,0,1,0,0,0,1,1,-2,0,0,-1,0,0,-1,0,2,-1,-2,-1,0,0,0,0,0,0,0,0,-1,1,1,1,2,1,1,0,0,0,1,2,0,1,5,1,0,0,0,3,0,0,1,1,2,1,0,4,3,3,2,1,-2,0,0,-1,0,0,-1,1,1,-2,-3,1,2,2,1,1,2,1,0,1,3,1,1,0,0,0,0,0,0,0,0,0,1,0,0,0,2,1,-2,0,1,0,0,0,-1,0,0,1,2,2,1,1,2,1,0,1,2,1,1,0,2,1,-1,0,1
2514,73,2,1,0,0,2,0,1,0,0,1,0,1,1,3,1,0,0,2,0,1,2,4,0,2,4,4,1,0,0,0,0,0,0,0,0,0,0,0,0,1,0,0,0,0,0,0,0,1,0,0,0,2,0,0,0,0,0,0,0,-2,-4,1,-2,-3,-3,2,0,0,0,0,0,0,0,-1,0,0,0,-2,1,1,0,0,2,0,1,0,0,1,0,1,1,2,1,0,0,2,0,1,2,3,0,2,4,2,1,0,0,0,0,0,0,-2,-3,1,-2,-3,-1,1,1,0,0,1,4,3,3,1,1,1,1,0,1,0,0,0,1,1,1,0,0,0,0,0,-2,-1,-1,0,3,3,0,0,0,0,1,1,0,0,0,1,3,2,2,1,1,1,1,0,-2,-1,-1,0,2,2
2514,74,1,0,1,1,1,2,1,1,1,0,2,0,0,2,1,2,1,1,1,2,1,2,1,2,0,1,1,0,0,0,0,0,0,0,0,0,0,0,0,0,0,0,0,0,0,1,0,0,0,0,0,0,0,-1,-1,0,0,1,-1,0,-1,-1,0,0,-1,1,0,0,0,0,0,-1,0,0,0,0,0,0,0,0,1,1,1,2,1,1,1,0,2,0,0,2,1,2,1,1,1,1,1,2,1,2,0,1,1,-1,-1,0,0,1,0,0,-1,-1,0,0,-1,1,2,0,0,2,2,3,2,1,2,0,1,1,0,0,0,0,0,0,1,0,0,0,0,0,0,-1,-2,2,1,2,-1,0,0,0,0,0,2,0,0,2,2,3,1,1,2,0,1,1,1,-1,-2,2,1,2
2514,74,2,0,1,1,2,1,0,0,0,0,0,1,1,1,1,0,1,1,0,0,1,0,1,0,2,0,2,0,0,1,0,0,0,0,0,0,0,0,0,0,0,0,0,0,0,0,0,0,0,0,0,0,0,-1,1,0,1,1,0,-1,0,-1,0,-1,1,-1,0,0,1,0,0,0,0,0,0,0,0,0,0,0,1,0,2,1,0,0,0,0,0,1,1,1,1,0,1,1,0,0,1,0,1,0,2,0,2,-1,1,-1,1,1,0,-1,0,-1,0,-1,1,-1,1,3,0,4,1,1,3,0,0,1,2,1,1,1,0,0,0,0,2,0,0,0,0,0,-2,3,0,3,-1,0,-1,1,0,0,0,0,0,2,0,4,1,1,1,0,0,1,2,1,-1,2,0,3,-1,0
2514,75,1,1,2,2,1,0,1,0,3,1,3,1,2,0,1,1,2,1,1,1,1,2,2,0,3,0,1,1,0,1,0,0,0,0,1,0,0,0,0,0,0,1,0,0,0,0,0,0,0,0,0,0,0,0,1,0,0,-1,0,-1,1,-1,3,-2,2,-1,1,-1,1,0,0,0,0,1,0,0,0,0,0,0,2,1,1,0,1,0,2,1,3,1,2,0,1,0,2,1,1,1,1,2,2,0,3,0,1,-1,2,-1,0,-1,0,-1,0,-1,3,-2,2,-1,1,1,1,1,2,1,2,4,2,0,0,2,0,0,0,0,0,0,1,1,0,0,0,1,-1,-3,-1,1,2,-1,-1,-1,0,0,0,-1,1,1,1,1,2,1,1,3,2,0,0,1,0,-2,-1,1,2,0
2514,75,2,1,1,3,1,2,0,0,1,2,3,0,0,0,0,3,0,1,1,0,0,1,0,0,0,0,1,0,0,0,0,0,0,0,0,0,0,0,0,0,0,1,0,0,0,0,0,0,0,0,0,0,0,1,-2,3,0,1,0,0,0,2,3,0,0,-1,0,-1,0,0,0,0,0,0,0,0,0,0,0,1,1,3,1,2,0,0,1,2,3,0,0,0,0,2,0,1,1,0,0,1,0,0,0,0,1,1,-1,3,0,1,0,0,0,2,3,0,0,-1,3,1,0,0,1,2,0,2,3,0,2,1,0,1,0,0,0,0,0,0,0,0,0,0,3,-1,-3,0,-1,1,0,1,0,0,0,0,3,0,0,0,1,2,0,2,3,0,2,1,3,-2,-3,0,-1,1
2514,76,1,1,0,1,2,0,1,2,0,2,0,2,1,0,0,0,0,0,0,0,1,0,1,1,2,1,0,0,0,0,0,0,0,0,0,0,0,0,0,0,0,0,0,0,0,0,0,0,0,0,0,0,0,1,0,1,2,0,1,1,0,1,-1,0,0,0,0,0,0,0,0,0,0,0,0,0,0,0,0,1,0,1,2,0,1,2,0,2,0,2,1,0,0,0,0,0,0,0,1,0,1,1,2,1,0,1,0,1,2,0,1,1,0,1,-1,0,0,0,1,1,1,2,1,1,1,1,1,3,0,1,0,0,0,0,0,0,0,0,0,0,0,0,0,0,0,-1,1,0,0,0,0,0,0,0,1,1,1,2,1,1,1,1,1,3,0,1,0,0,0,-1,1,0
2514,76,2,0,2,2,0,0,0,2,0,0,0,1,1,0,1,1,2,0,1,2,0,1,2,0,1,2,1,0,0,0,0,0,0,0,0,0,0,0,1,0,0,0,0,0,0,0,0,0,0,0,0,0,0,-1,1,0,0,-1,-2,2,-1,-2,0,0,-1,-1,0,0,0,0,0,0,0,0,0,0,0,1,0,0,2,2,0,0,0,2,0,0,0,1,0,0,1,1,2,0,1,2,0,1,2,0,1,2,1,-1,1,0,0,-1,-2,2,-1,-2,0,0,-2,-1,1,0,1,2,1,3,5,1,1,1,2,3,0,0,0,0,0,1,0,0,0,0,0,1,-4,-1,0,1,-1,0,0,0,0,0,0,0,1,0,1,2,1,2,5,1,1,1,2,2,-4,-1,0,1,-1,0
2514,77,1,1,1,0,0,1,1,3,1,1,0,0,1,1,2,0,0,0,0,0,1,0,2,0,0,1,2,0,0,0,0,0,0,0,0,0,0,0,0,0,0,0,0,0,0,0,0,0,0,0,0,0,0,-1,1,0,0,1,1,2,1,-1,0,0,0,-1,0,0,0,0,0,0,0,0,0,0,0,0,0,1,1,0,0,1,1,3,1,1,0,0,1,1,2,0,0,0,0,0,1,0,2,0,0,1,2,-1,1,0,0,1,1,2,1,-1,0,0,0,-1,0,0,2,0,0,0,2,1,1,0,2,0,0,0,0,0,0,0,0,0,0,0,0,0,-2,-1,1,0,-2,0,0,0,0,0,0,0,0,0,2,0,0,0,2,1,1,0,2,0,-2,-1,1,0,-2,0
2514,77,2,0,3,0,1,1,3,0,1,0,1,2,2,1,0,2,1,0,1,1,1,0,1,2,1,1,1,0,0,0,0,0,1,0,0,0,0,0,0,0,0,0,0,0,0,1,0,0,0,0,0,0,1,0,1,-1,1,0,2,-1,1,-1,-1,1,1,0,0,0,0,0,0,0,0,0,0,0,0,0,-1,0,3,0,1,1,2,0,1,0,1,2,2,1,0,2,1,0,1,0,1,0,1,2,1,1,0,0,1,-1,1,0,2,-1,1,-1,-1,1,1,1,0,0,2,0,0,1,2,0,1,1,2,1,0,0,0,0,0,0,0,0,0,0,0,0,-2,0,1,-1,-2,0,0,0,0,0,0,0,0,0,2,0,0,1,2,0,1,1,2,1,-2,0,1,-1,-2,0
2514,78,1,0,0,0,0,0,0,0,0,0,0,2,1,0,2,1,0,1,0,1,0,2,1,0,1,0,0,0,0,0,0,0,0,0,0,0,0,0,0,0,0,0,0,0,0,1,0,0,0,0,0,0,0,-2,-1,0,-1,0,-1,0,-2,-1,0,1,1,0,0,0,0,0,0,-1,0,0,0,0,0,0,0,0,0,0,0,0,0,0,0,0,0,2,1,0,2,1,0,1,0,0,0,2,1,0,1,0,0,-2,-1,0,-1,0,0,0,-2,-1,0,1,1,0,1,0,1,1,1,0,0,0,1,1,2,2,0,0,0,0,0,0,0,0,0,0,0,0,1,0,0,0,-1,-2,0,0,0,0,0,0,1,0,1,1,1,0,0,0,1,1,2,2,1,0,0,0,-1,-2
2514,78,2,0,0,0,2,2,0,1,3,0,0,2,1,0,3,0,0,0,0,3,3,0,4,0,1,0,1,0,0,0,0,0,0,0,1,0,0,0,0,0,0,0,0,0,0,1,0,0,1,0,0,0,0,-3,0,0,2,2,-3,-2,3,-4,0,1,1,-1,0,0,0,0,0,-1,0,1,-1,0,0,0,0,0,0,0,2,2,0,1,2,0,0,2,1,0,3,0,0,0,0,2,3,0,3,0,1,0,1,-3,0,0,2,2,-2,-2,2,-3,0,1,1,-1,1,0,2,0,2,0,0,0,1,0,0,2,0,0,0,0,0,0,0,0,0,0,0,0,1,0,1,0,2,-2,0,0,0,0,0,0,1,0,2,0,2,0,0,0,1,0,0,2,1,0,1,0,2,-2
2514,79,1,0,2,0,0,0,1,0,0,3,2,0,0,0,0,0,0,1,4,0,0,0,3,0,0,0,2,0,0,0,0,0,0,0,0,0,0,0,0,0,0,0,0,0,0,0,0,0,0,0,0,0,1,0,2,0,-1,-4,1,0,0,0,2,0,0,-2,0,0,0,0,0,0,0,0,0,0,0,0,-1,0,2,0,0,0,1,0,0,3,2,0,0,0,0,0,0,1,4,0,0,0,3,0,0,0,1,0,2,0,-1,-4,1,0,0,0,2,0,0,-1,1,0,0,0,1,1,0,0,0,0,0,0,0,0,0,0,0,0,0,0,0,0,0,0,1,0,0,0,1,1,0,0,0,0,0,0,1,0,0,0,1,1,0,0,0,0,0,0,1,0,0,0,1,1
2514,79,2,1,1,1,0,0,0,1,2,1,1,2,1,2,0,0,0,0,1,3,0,3,1,0,0,2,1,0,0,0,0,0,0,0,0,0,0,0,0,0,0,0,0,0,0,0,0,1,0,0,0,0,0,1,1,1,0,-1,-3,1,-1,0,1,2,-1,1,0,0,0,0,0,0,0,-1,0,0,0,0,0,1,1,1,0,0,0,1,2,1,1,2,1,2,0,0,0,0,1,3,0,2,1,0,0,2,1,1,1,1,0,-1,-3,1,0,0,1,2,-1,1,2,0,0,0,0,0,1,1,1,1,1,1,0,0,0,0,0,0,0,0,0,0,0,0,1,-1,-1,-1,-1,-1,0,0,0,0,0,0,2,0,0,0,0,0,1,1,1,1,1,1,1,-1,-1,-1,-1,-1
2580,80,1,2,2,1,1,1,3,1,2,0,0,4,1,2,0,1,0,2,0,3,2,3,0,1,2,0,3,0,1,0,0,0,0,0,0,0,0,0,0,0,0,0,0,0,0,0,0,2,0,0,0,0,0,2,1,1,-1,1,0,-1,-1,0,-1,2,1,-1,0,1,0,0,0,0,0,-2,0,0,0,0,0,2,1,1,1,1,3,1,2,0,0,4,1,2,0,1,0,2,0,3,2,1,0,1,2,0,3,2,0,1,-1,1,0,-1,1,0,-1,2,1,-1,0,2,3,0,3,3,2,3,1,2,2,1,0,0,0,0,0,1,0,0,1,0,0,1,-2,-1,2,-2,1,2,0,0,-1,0,0,0,0,2,3,0,3,2,2,3,0,2,2,0,-2,-1,3,-2,1,2
2580,80,2,2,2,3,2,4,0,1,0,0,0,0,6,2,1,2,3,1,0,2,2,3,1,2,0,4,1,0,0,0,0,1,0,0,0,0,0,0,1,0,0,0,0,0,0,0,0,0,0,0,0,0,0,1,0,0,1,4,-2,-1,-3,-1,-2,0,2,1,0,0,0,0,1,0,0,0,0,0,0,1,0,2,2,3,2,3,0,1,0,0,0,0,5,2,1,2,3,1,0,2,2,3,1,2,0,4,1,1,0,0,1,3,-2,-1,-3,-1,-2,0,1,1,3,2,3,1,1,2,1,2,4,2,3,4,1,0,0,0,0,0,0,0,0,0,0,0,2,0,-1,-1,-2,-2,1,0,0,0,0,0,2,2,3,1,1,2,1,2,4,2,3,4,1,0,-1,-1,-2,-2
2580,81,1,1,1,1,2,3,1,0,1,1,1,0,2,1,0,1,0,3,0,0,0,1,0,0,1,3,1,0,0,0,1,0,0,0,0,0,0,0,0,0,0,0,0,0,0,0,0,0,0,0,0,0,0,1,0,1,-1,3,1,0,0,1,1,-1,-1,0,0,0,0,1,0,0,0,0,0,0,0,0,0,1,1,1,1,3,1,0,1,1,1,0,2,1,0,1,0,3,0,0,0,1,0,0,1,3,1,1,0,1,-2,3,1,0,0,1,1,-1,-1,0,1,1,1,5,2,0,1,1,3,2,2,1,0,0,0,2,0,0,0,0,0,0,0,0,0,0,-2,3,0,-1,0,0,0,2,0,0,1,1,1,3,2,0,1,1,3,2,2,1,0,0,-2,1,0,-1
2580,81,2,2,6,1,3,1,3,3,2,2,2,0,4,3,1,2,2,3,3,0,2,1,1,1,0,1,1,0,1,0,0,1,0,0,0,0,0,0,0,1,0,0,0,0,0,0,0,0,0,0,0,0,0,1,4,-1,0,-2,3,1,1,1,1,0,3,2,0,1,0,0,1,0,0,0,0,0,0,0,1,2,5,1,3,0,3,3,2,2,2,0,4,2,1,2,2,3,3,0,2,1,1,1,0,1,1,1,3,-1,0,-3,3,1,1,1,1,0,3,1,1,4,2,3,2,0,0,4,3,2,4,1,0,0,0,0,0,0,0,0,1,0,0,0,1,0,-1,1,-2,-1,0,0,-1,0,0,0,1,4,2,3,2,0,0,4,2,2,4,1,1,0,0,1,-2,-1
2580,82,1,1,0,1,2,1,2,3,1,1,2,0,1,1,1,0,1,0,0,2,3,0,1,1,3,1,1,0,0,0,0,0,0,0,1,0,0,0,0,0,0,0,0,0,0,0,0,0,0,0,0,0,0,0,0,0,2,1,0,0,1,0,1,-3,0,0,0,0,0,0,0,0,0,1,0,0,0,0,0,1,0,1,2,1,2,3,0,1,2,0,1,1,1,0,1,0,0,2,3,0,1,1,3,1,1,0,0,0,2,1,0,0,0,0,1,-3,0,0,3,1,3,1,1,3,1,1,1,3,2,2,0,0,0,0,0,1,0,0,0,0,0,0,2,0,2,-2,-1,1,0,0,0,0,0,1,3,1,3,1,1,2,1,1,1,3,2,2,2,0,2,-2,-1,0
2580,82,2,2,0,2,0,2,2,1,3,1,1,1,1,3,0,2,1,3,1,3,0,2,1,2,1,0,1,0,0,0,0,0,0,0,0,0,0,0,0,0,0,0,0,0,0,0,0,0,0,0,0,0,0,2,-2,1,-3,1,-1,1,1,0,-1,0,1,2,0,0,0,0,0,0,0,0,0,0,0,0,0,2,0,2,0,2,2,1,3,1,1,1,1,3,0,2,1,3,1,3,0,2,1,2,1,0,1,2,-2,1,-3,1,-1,1,1,0,-1,0,1,2,2,3,4,1,2,2,3,3,2,2,4,5,1,0,0,0,0,0,0,0,0,0,0,1,-1,0,2,-1,-2,-3,1,0,0,0,0,-1,1,3,4,1,2,2,3,3,2,2,4,4,-2,0,2,-1,-2,-2
2580,83,1,1,2,0,2,2,2,0,0,1,1,1,1,2,0,4,1,2,2,1,1,2,0,0,1,2,2,0,0,0,0,0,0,0,0,0,0,0,0,0,0,0,0,1,0,0,0,0,0,0,0,0,0,1,-2,-1,0,0,1,-1,-2,1,1,0,-1,0,0,0,0,-1,0,0,0,0,0,0,0,0,0,1,2,0,2,2,2,0,0,1,1,1,1,2,0,4,1,1,2,1,1,2,0,0,1,2,2,1,-2,-1,1,0,1,-1,-2,1,1,0,-1,0,3,3,3,4,0,1,1,0,2,2,1,1,0,0,0,0,0,0,0,0,0,0,1,0,2,3,1,2,-1,0,0,0,0,0,-1,0,3,3,3,4,0,1,1,0,2,2,0,1,2,3,1,2,0,0
2580,83,2,0,0,1,1,3,1,0,1,1,1,0,1,2,3,2,0,2,1,2,2,3,5,0,1,3,2,0,0,0,0,0,0,0,0,0,0,0,0,0,0,0,0,0,0,0,0,0,1,0,0,0,0,-3,-2,1,-1,2,-1,-2,-2,-4,1,-1,-2,0,0,0,0,0,0,0,0,0,-1,0,0,0,0,0,0,1,1,3,1,0,1,1,1,0,1,2,3,2,0,2,1,2,2,3,4,0,1,3,2,-3,-2,1,-1,2,-1,-2,-2,-3,1,-1,-2,0,0,0,1,1,3,2,0,7,4,2,2,3,0,0,0,0,1,0,0,2,0,0,1,0,0,-7,-3,-1,1,-1,0,-2,0,0,0,0,0,0,1,1,2,2,0,5,4,2,1,3,0,-5,-3,-1,1,-1
2580,84,1,0,1,1,1,0,0,0,0,2,2,1,3,0,0,0,0,1,0,0,0,0,0,1,0,0,0,0,0,0,0,0,0,0,0,0,0,0,0,0,0,0,0,0,0,0,0,0,0,0,0,0,0,0,1,1,0,0,0,0,0,2,1,1,3,0,0,0,0,0,0,0,0,0,0,0,0,0,0,0,1,1,1,0,0,0,0,2,2,1,3,0,0,0,0,1,0,0,0,0,0,1,0,0,0,0,1,1,0,0,0,0,0,2,1,1,3,0,2,1,0,2,1,1,1,3,1,1,1,0,1,0,0,0,0,0,0,0,0,0,0,0,1,-2,-1,1,0,1,1,0,0,0,0,0,1,1,0,2,1,1,1,3,1,1,1,0,0,-2,-1,1,0,1
2580,84,2,2,1,1,3,1,2,2,2,1,1,2,2,1,0,2,1,1,0,1,1,4,3,2,0,3,0,0,0,0,0,0,0,0,0,1,0,0,0,0,0,0,0,0,0,0,0,0,0,0,0,0,0,2,-1,0,2,1,1,1,-2,-2,-1,2,-1,1,0,0,0,0,0,0,0,0,1,0,0,0,0,2,1,1,3,1,2,2,2,0,1,2,2,1,0,2,1,1,0,1,1,4,3,2,0,3,0,2,-1,0,2,1,1,1,-2,-3,-1,2,-1,1,2,2,1,3,0,2,1,1,2,0,0,1,0,0,0,1,0,0,0,0,0,0,0,0,1,1,-1,3,0,1,0,0,0,1,0,0,2,2,1,2,0,2,1,1,2,0,0,1,1,1,-1,2,0,1
2580,85,1,1,0,1,2,1,0,1,1,1,0,0,1,1,0,0,1,1,0,0,1,0,0,0,0,1,0,0,0,0,0,0,0,0,0,0,0,0,0,1,0,0,0,0,0,0,0,0,0,0,0,0,0,1,0,0,1,1,0,0,1,1,0,0,0,1,0,0,0,0,0,0,0,0,0,0,0,0,1,1,0,1,2,1,0,1,1,1,0,0,1,0,0,0,1,1,0,0,1,0,0,0,0,1,0,1,0,0,1,1,0,0,1,1,0,0,0,0,2,0,2,0,2,4,1,2,1,0,0,0,0,0,0,0,0,0,0,0,0,0,0,0,1,-2,1,0,2,4,0,0,0,0,0,0,2,0,2,0,2,4,1,2,1,0,0,0,1,-2,1,0,2,4
2580,85,2,1,2,2,2,1,1,1,2,1,3,0,4,2,2,0,0,0,0,2,1,2,0,3,0,0,1,0,0,0,0,0,0,0,0,0,0,0,0,0,0,0,0,0,0,0,0,0,0,0,0,0,0,-1,2,2,2,1,-1,0,0,1,0,0,4,1,0,0,0,0,0,0,0,0,0,0,0,0,0,1,2,2,2,1,1,1,2,1,3,0,4,2,2,0,0,0,0,2,1,2,0,3,0,0,1,-1,2,2,2,1,-1,0,0,1,0,0,4,1,5,2,2,0,4,2,1,2,5,0,2,2,0,0,0,0,1,1,0,0,0,0,0,0,4,0,-3,0,2,0,0,0,0,0,1,1,5,2,2,0,3,1,1,2,5,0,2,2,4,0,-3,0,1,-1
2580,86,1,0,0,1,1,0,0,2,1,0,1,0,0,0,0,1,1,1,0,0,0,1,0,0,0,1,0,0,0,0,0,0,0,0,0,0,0,0,0,0,0,0,0,0,0,0,0,0,0,0,0,0,0,0,-1,0,0,0,0,2,0,0,1,0,-1,0,0,0,0,0,0,0,0,0,0,0,0,0,0,0,0,1,1,0,0,2,1,0,1,0,0,0,0,1,1,1,0,0,0,1,0,0,0,1,0,0,-1,0,0,0,0,2,0,0,1,0,-1,0,0,1,0,1,1,2,0,1,1,1,1,0,0,0,0,0,0,0,0,0,0,0,0,0,0,0,-1,0,0,2,0,0,0,0,0,0,0,1,0,1,1,2,0,1,1,1,1,0,0,0,-1,0,0,2
2580,86,2,1,0,0,1,1,1,0,1,2,0,0,1,0,2,0,1,0,0,0,1,1,2,3,2,2,0,0,0,0,0,0,0,0,0,0,0,0,0,0,0,0,0,0,0,0,0,0,0,1,0,0,0,-1,0,-1,1,1,1,-1,0,0,-3,-2,-1,0,0,0,0,0,0,0,0,0,0,-1,0,0,0,1,0,0,1,1,1,0,1,2,0,0,1,0,2,0,1,0,0,0,1,1,2,2,2,2,0,-1,0,-1,1,1,1,-1,0,0,-2,-2,-1,0,1,2,4,1,3,2,0,2,3,1,0,0,0,0,0,0,0,1,0,0,0,0,0,0,1,0,1,0,3,2,0,0,0,0,0,1,1,2,4,1,3,1,0,2,3,1,0,0,1,0,1,0,3,1
2580,87,1,1,0,1,0,0,1,0,0,0,0,0,0,0,0,0,0,0,1,0,0,0,1,0,0,1,0,0,0,0,0,0,0,0,0,0,0,0,0,0,0,0,0,0,0,0,0,0,0,0,0,0,0,1,0,1,0,-1,1,0,0,-1,0,0,-1,0,0,0,0,0,0,0,0,0,0,0,0,0,0,1,0,1,0,0,1,0,0,0,0,0,0,0,0,0,0,0,1,0,0,0,1,0,0,1,0,1,0,1,0,-1,1,0,0,-1,0,0,-1,0,2,2,0,0,2,0,0,0,1,0,1,2,0,0,0,0,0,0,0,0,0,0,0,0,2,2,-1,0,1,-2,0,0,0,0,0,0,2,2,0,0,2,0,0,0,1,0,1,2,2,2,-1,0,1,-2
2580,87,2,0,2,2,0,0,3,6,1,1,0,0,1,2,0,1,1,0,0,0,1,0,1,1,1,1,0,0,0,0,0,0,0,0,0,0,0,0,0,0,0,0,0,0,0,0,0,0,0,0,0,0,0,0,1,1,0,0,3,5,1,0,-1,-1,0,2,0,0,0,0,0,0,0,0,0,0,0,0,0,0,2,2,0,0,3,6,1,1,0,0,1,2,0,1,1,0,0,0,1,0,1,1,1,1,0,0,1,1,0,0,3,5,1,0,-1,-1,0,2,3,1,0,1,1,1,0,2,4,3,0,1,0,0,0,0,0,0,0,0,0,0,0,0,3,-1,-4,-2,1,0,0,0,0,0,0,0,3,1,0,1,1,1,0,2,4,3,0,1,3,-1,-4,-2,1,0
2580,88,1,0,0,1,0,0,0,0,0,0,0,0,1,0,0,0,0,0,0,0,0,1,0,1,0,0,0,0,0,0,0,0,0,0,0,0,0,0,0,0,0,0,0,0,0,0,0,0,0,0,0,0,0,0,0,1,0,0,0,0,-1,0,-1,0,1,0,0,0,0,0,0,0,0,0,0,0,0,0,0,0,0,1,0,0,0,0,0,0,0,0,1,0,0,0,0,0,0,0,0,1,0,1,0,0,0,0,0,1,0,0,0,0,-1,0,-1,0,1,0,1,0,1,0,0,0,1,0,2,0,0,0,1,0,0,0,0,0,0,0,0,0,0,0,0,0,-1,0,0,0,1,0,0,0,0,0,0,0,1,0,0,0,1,0,2,0,0,0,-1,0,-1,0,0,0
2580,88,2,0,2,3,1,3,1,0,0,1,1,2,1,0,1,1,1,0,1,0,0,0,0,1,0,1,0,0,0,0,0,0,0,0,0,0,0,0,0,0,0,0,0,0,0,0,0,0,0,0,0,0,0,-1,1,2,1,2,1,0,0,1,0,2,0,0,0,0,0,0,0,0,0,0,0,0,0,0,0,0,2,3,1,3,1,0,0,1,1,2,1,0,1,1,1,0,1,0,0,0,0,1,0,1,0,-1,1,2,1,2,1,0,0,1,0,2,0,0,1,1,2,1,3,4,4,3,3,1,1,2,0,0,0,0,0,0,0,0,0,0,0,0,-3,-2,-1,0,2,2,0,0,0,0,0,0,1,1,2,1,3,4,4,3,3,1,1,2,-3,-2,-1,0,2,2
2580,89,1,0,0,0,0,0,0,0,0,0,0,0,2,1,0,0,3,1,0,1,0,0,0,0,0,1,0,0,0,0,0,0,0,0,0,0,0,0,0,0,0,0,0,0,0,0,0,0,0,0,0,0,0,0,0,-3,-1,0,-1,0,0,0,0,0,1,1,0,0,0,0,0,0,0,0,0,0,0,0,0,0,0,0,0,0,0,0,0,0,0,0,2,1,0,0,3,1,0,1,0,0,0,0,0,1,0,0,0,-3,-1,0,-1,0,0,0,0,0,1,1,0,1,0,0,0,0,1,0,2,1,1,0,0,0,0,0,0,0,0,0,0,0,0,0,-1,1,-2,-1,-1,0,0,0,0,0,0,0,0,1,0,0,0,0,1,0,2,1,1,0,-1,1,-2,-1,-1,0
2580,89,2,0,0,2,1,0,2,1,0,0,1,0,2,0,0,0,0,1,0,0,2,0,1,0,2,2,0,0,0,0,0,0,0,0,0,0,0,0,1,0,0,0,0,0,0,0,0,0,0,0,0,0,0,0,0,2,0,0,2,-1,0,-1,1,-2,0,0,0,0,0,0,0,0,0,0,0,0,0,1,0,0,0,2,1,0,2,1,0,0,1,0,1,0,0,0,0,1,0,0,2,0,1,0,2,2,0,0,0,2,0,0,2,-1,0,-1,1,-2,-1,0,1,0,1,0,0,1,1,1,0,1,1,0,0,0,0,0,0,0,0,0,0,0,0,0,0,-1,1,-1,-1,1,0,0,0,0,0,0,1,0,1,0,0,1,1,1,0,1,1,0,0,-1,1,-1,-1,1
2580,90,1,0,1,0,1,0,1,0,1,1,0,0,0,1,1,0,0,0,0,1,1,0,1,0,0,0,0,0,0,0,0,0,0,0,0,0,0,0,0,0,0,0,0,0,0,0,0,0,0,0,0,0,0,-1,1,0,1,0,0,-1,1,0,0,0,0,1,0,0,0,0,0,0,0,0,0,0,0,0,0,0,1,0,1,0,1,0,1,1,0,0,0,1,1,0,0,0,0,1,1,0,1,0,0,0,0,-1,1,0,1,0,0,-1,1,0,0,0,0,1,0,1,1,2,1,0,2,0,1,1,2,0,0,0,0,0,0,0,0,0,0,0,0,0,-2,1,0,1,-1,0,0,0,0,0,0,0,0,1,1,2,1,0,2,0,1,1,2,0,-2,1,0,1,-1,0
2580,90,2,3,0,0,1,2,0,0,1,0,1,0,2,0,1,1,0,1,0,0,1,0,1,1,1,1,1,0,0,0,0,0,0,0,0,0,0,0,1,0,0,0,0,0,0,0,0,0,0,0,0,0,0,2,-1,0,0,2,0,-1,1,-1,0,-1,1,-1,0,0,0,0,0,0,0,0,0,0,0,1,0,3,0,0,1,2,0,0,1,0,1,0,1,0,1,1,0,1,0,0,1,0,1,1,1,1,1,2,-1,0,0,2,0,-1,1,-1,0,-1,0,-1,3,1,0,2,0,1,0,0,1,1,0,1,0,0,0,0,0,1,0,0,0,0,0,0,3,1,-1,1,0,0,0,0,0,0,0,1,3,1,0,2,0,0,0,0,1,1,0,1,3,1,-1,1,0,-1
2580,91,1,0,0,1,0,0,0,1,0,1,0,0,0,0,0,1,0,0,0,0,0,0,0,0,0,0,0,0,0,0,0,0,0,0,0,0,0,0,0,0,0,0,0,0,0,0,0,0,0,0,0,0,0,0,-1,1,0,0,0,1,0,1,0,0,0,0,0,0,0,0,0,0,0,0,0,0,0,0,0,0,0,1,0,0,0,1,0,1,0,0,0,0,0,1,0,0,0,0,0,0,0,0,0,0,0,0,-1,1,0,0,0,1,0,1,0,0,0,0,1,0,0,2,0,1,2,1,0,0,1,0,0,0,0,0,0,0,0,0,0,0,0,0,-1,-1,0,2,-1,1,0,0,0,0,0,0,1,0,0,2,0,1,2,1,0,0,1,0,-1,-1,0,2,-1,1
2580,91,2,0,0,0,1,0,0,1,1,1,1,0,1,1,0,0,0,1,0,0,2,0,1,1,1,1,1,0,0,0,0,0,0,0,0,0,0,0,0,0,0,0,0,0,0,0,0,0,0,0,0,0,0,0,0,0,0,0,0,-1,1,0,0,-1,0,0,0,0,0,0,0,0,0,0,0,0,0,0,0,0,0,0,1,0,0,1,1,1,1,0,1,1,0,0,0,1,0,0,2,0,1,1,1,1,1,0,0,0,0,0,0,-1,1,0,0,-1,0,0,2,2,0,1,0,1,1,0,0,0,0,0,0,0,0,0,0,0,0,0,0,0,0,0,1,2,0,1,0,1,0,0,0,0,0,0,2,2,0,1,0,1,1,0,0,0,0,0,1,2,0,1,0,1
2580,92,1,0,0,0,0,0,1,1,0,0,1,0,2,0,0,0,0,0,0,0,0,0,0,2,1,0,0,0,0,0,0,0,0,0,0,0,0,0,0,0,0,0,0,0,0,0,0,0,0,0,0,0,0,0,0,0,0,0,1,1,0,0,-1,-1,2,0,0,0,0,0,0,0,0,0,0,0,0,0,0,0,0,0,0,0,1,1,0,0,1,0,2,0,0,0,0,0,0,0,0,0,0,2,1,0,0,0,0,0,0,0,1,1,0,0,-1,-1,2,0,0,0,0,0,0,0,1,0,1,0,0,0,0,0,0,0,0,0,0,0,0,0,0,0,-1,0,-1,0,0,0,0,0,0,0,0,0,0,0,0,0,0,0,1,0,1,0,0,0,-1,0,-1,0,0,0
2580,92,2,0,0,1,2,0,0,1,0,1,1,1,1,1,1,0,0,1,0,0,0,0,0,0,0,0,0,0,0,0,0,0,0,0,0,0,0,0,0,0,0,0,0,0,0,0,0,0,0,0,0,0,0,-1,0,1,1,0,0,1,0,1,1,1,1,1,0,0,0,0,0,0,0,0,0,0,0,0,0,0,0,1,2,0,0,1,0,1,1,1,1,1,1,0,0,1,0,0,0,0,0,0,0,0,0,-1,0,1,1,0,0,1,0,1,1,1,1,1,1,1,0,1,0,0,1,0,0,0,0,1,0,0,0,0,0,0,0,0,0,0,0,0,0,1,0,1,0,-1,0,0,0,0,0,0,1,1,0,1,0,0,1,0,0,0,0,1,0,1,0,1,0,-1
2580,93,1,0,0,0,0,0,1,1,0,0,0,0,0,0,0,1,0,0,0,0,0,0,0,0,1,0,0,0,0,0,0,0,0,0,0,0,0,0,0,0,0,0,0,0,0,0,0,0,0,0,0,0,0,0,-1,0,0,0,1,1,0,0,0,-1,0,0,0,0,0,0,0,0,0,0,0,0,0,0,0,0,0,0,0,0,1,1,0,0,0,0,0,0,0,1,0,0,0,0,0,0,0,0,1,0,0,0,-1,0,0,0,1,1,0,0,0,-1,0,0,0,0,0,0,0,0,0,1,0,0,0,0,0,0,0,0,0,0,0,0,0,0,0,0,0,-1,0,0,0,0,0,0,0,0,0,0,0,0,0,0,0,0,0,1,0,0,0,0,0,-1,0,0,0,0
2580,93,2,0,1,0,0,0,0,1,0,0,0,1,0,0,1,0,1,0,0,0,0,0,0,0,0,0,3,0,0,0,0,0,0,0,0,0,0,0,0,0,0,0,0,0,0,0,0,0,0,0,0,0,0,-1,1,-1,0,0,0,1,0,0,0,1,0,-3,0,0,0,0,0,0,0,0,0,0,0,0,0,0,1,0,0,0,0,1,0,0,0,1,0,0,1,0,1,0,0,0,0,0,0,0,0,0,3,-1,1,-1,0,0,0,1,0,0,0,1,0,-3,0,0,1,0,0,1,0,0,1,0,0,0,0,0,0,0,0,0,0,0,0,0,0,0,0,0,0,0,0,1,0,0,0,0,0,0,0,0,1,0,0,1,0,0,1,0,0,0,0,0,0,0,0,1
2580,94,1,0,0,0,0,0,0,0,0,0,1,0,0,1,0,0,0,0,0,0,0,0,0,0,0,0,0,0,0,0,0,0,0,0,0,0,0,0,0,0,0,0,0,0,0,0,0,0,0,0,0,0,0,0,0,0,0,0,0,0,0,0,1,0,0,1,0,0,0,0,0,0,0,0,0,0,0,0,0,0,0,0,0,0,0,0,0,0,1,0,0,1,0,0,0,0,0,0,0,0,0,0,0,0,0,0,0,0,0,0,0,0,0,0,1,0,0,1,0,0,0,0,0,1,0,0,0,0,0,0,0,0,0,0,0,0,0,0,0,0,0,0,0,0,0,0,0,1,0,0,0,0,0,0,0,0,0,0,0,1,0,0,0,0,0,0,0,0,0,0,0,1
2580,94,2,0,0,1,0,1,0,0,0,1,0,0,0,0,1,0,0,0,0,0,0,0,0,1,0,1,0,0,0,0,0,0,0,0,0,0,0,0,0,0,0,0,0,0,0,0,0,0,0,0,0,0,0,-1,0,1,0,1,0,0,0,1,-1,0,-1,0,0,0,0,0,0,0,0,0,0,0,0,0,0,0,0,1,0,1,0,0,0,1,0,0,0,0,1,0,0,0,0,0,0,0,0,1,0,1,0,-1,0,1,0,1,0,0,0,1,-1,0,-1,0,0,0,0,1,0,0,0,0,1,0,0,1,0,0,0,0,0,0,0,0,0,0,0,0,0,0,-1,1,0,-1,0,0,0,0,0,0,0,0,0,1,0,0,0,0,1,0,0,1,0,0,-1,1,0,-1
2580,95,1,0,0,0,0,0,0,0,0,0,0,1,0,0,0,0,0,0,0,0,0,0,0,0,0,0,0,0,0,0,0,0,0,0,0,0,0,0,0,0,0,0,0,0,0,0,0,0,0,0,0,0,0,0,0,0,0,0,0,0,0,0,0,1,0,0,0,0,0,0,0,0,0,0,0,0,0,0,0,0,0,0,0,0,0,0,0,0,0,1,0,0,0,0,0,0,0,0,0,0,0,0,0,0,0,0,0,0,0,0,0,0,0,0,0,1,0,0,0,0,0,0,0,0,0,0,0,0,0,0,0,0,0,0,0,0,0,0,0,0,0,0,0,0,0,0,0,0,0,0,0,0,0,0,0,0,0,0,0,0,0,0,0,0,0,0,0,0,0,0,0,0
2580,95,2,1,1,0,0,0,0,1,0,0,0,0,0,2,0,1,0,0,0,0,1,0,0,0,0,0,1,0,0,0,0,0,0,0,0,0,0,0,0,0,0,0,0,0,0,0,0,0,0,0,0,0,0,1,0,0,0,0,0,0,0,0,0,0,0,1,0,0,0,0,0,0,0,0,0,0,0,0,0,1,1,0,0,0,0,1,0,0,0,0,0,2,0,1,0,0,0,0,1,0,0,0,0,0,1,1,0,0,0,0,0,0,0,0,0,0,0,1,1,0,0,0,0,1,2,0,0,1,0,1,0,0,0,0,0,0,0,0,0,0,0,0,-1,0,0,-1,0,0,0,0,0,0,0,0,1,0,0,0,0,1,2,0,0,1,0,1,-1,0,0,-1,0,0
2580,96,1,0,0,0,0,0,0,0,0,0,0,0,0,0,0,0,0,0,0,0,0,0,0,0,0,1,0,0,0,0,0,0,0,0,0,0,0,0,0,0,0,0,0,0,0,0,0,0,0,0,0,0,0,0,0,0,0,0,0,0,0,0,0,0,-1,0,0,0,0,0,0,0,0,0,0,0,0,0,0,0,0,0,0,0,0,0,0,0,0,0,0,0,0,0,0,0,0,0,0,0,0,0,0,1,0,0,0,0,0,0,0,0,0,0,0,0,-1,0,1,0,0,0,0,0,0,0,0,0,0,0,0,0,0,0,0,0,0,0,0,0,0,0,1,0,0,0,0,0,0,0,0,0,0,0,1,0,0,0,0,0,0,0,0,0,0,0,1,0,0,0,0,0
2580,96,2,0,0,0,0,0,0,0,0,0,1,0,0,0,1,0,0,0,0,0,0,0,0,0,0,0,0,0,0,0,0,0,0,0,0,0,0,0,0,0,0,0,0,0,0,0,0,0,0,0,0,0,0,-1,0,0,0,0,0,0,0,0,1,0,0,0,0,0,0,0,0,0,0,0,0,0,0,0,0,0,0,0,0,0,0,0,0,0,1,0,0,0,1,0,0,0,0,0,0,0,0,0,0,0,0,-1,0,0,0,0,0,0,0,0,1,0,0,0,0,0,0,1,1,0,0,0,0,0,0,0,0,0,0,0,0,0,0,0,0,0,0,0,0,0,0,1,1,0,0,0,0,0,0,0,0,0,0,1,1,0,0,0,0,0,0,0,0,0,0,1,1,0
2580,97,1,0,0,0,0,0,1,0,0,0,0,0,0,0,0,0,0,0,0,0,0,0,0,0,0,0,0,0,0,0,0,0,0,0,0,0,0,0,0,0,0,0,0,0,0,0,0,0,0,0,0,0,0,0,0,0,0,0,1,0,0,0,0,0,0,0,0,0,0,0,0,0,0,0,0,0,0,0,0,0,0,0,0,0,1,0,0,0,0,0,0,0,0,0,0,0,0,0,0,0,0,0,0,0,0,0,0,0,0,0,1,0,0,0,0,0,0,0,0,0,0,0,0,0,0,0,0,0,0,0,0,0,0,0,0,0,0,0,0,0,0,0,0,0,0,0,0,0,0,0,0,0,0,0,0,0,0,0,0,0,0,0,0,0,0,0,0,0,0,0,0,0
2580,97,2,0,0,0,0,0,0,0,0,1,1,0,1,0,0,0,1,1,0,0,0,0,0,0,0,0,0,0,0,0,0,0,0,0,0,0,0,0,0,0,0,0,0,0,0,0,0,0,0,0,0,0,0,0,0,-1,-1,0,0,0,0,1,1,0,1,0,0,0,0,0,0,0,0,0,0,0,0,0,0,0,0,0,0,0,0,0,0,1,1,0,1,0,0,0,1,1,0,0,0,0,0,0,0,0,0,0,0,-1,-1,0,0,0,0,1,1,0,1,0,0,0,0,0,0,0,0,0,0,0,0,1,0,0,0,0,0,0,0,0,0,0,0,0,0,0,0,0,0,-1,0,0,0,0,0,0,0,0,0,0,0,0,0,0,0,0,0,1,0,0,0,0,0,-1
2580,98,1,0,0,0,0,0,0,0,0,0,0,0,0,0,0,0,0,0,0,0,0,0,0,0,0,0,0,0,0,0,0,0,0,0,0,0,0,0,0,0,0,0,0,0,0,0,0,0,0,0,0,0,0,0,0,0,0,0,0,0,0,0,0,0,0,0,0,0,0,0,0,0,0,0,0,0,0,0,0,0,0,0,0,0,0,0,0,0,0,0,0,0,0,0,0,0,0,0,0,0,0,0,0,0,0,0,0,0,0,0,0,0,0,0,0,0,0,0,0,0,0,0,0,0,0,0,0,0,0,0,0,0,0,0,0,0,0,0,0,0,0,0,0,0,0,0,0,0,0,0,0,0,0,0,0,0,0,0,0,0,0,0,0,0,0,0,0,0,0,0,0,0
2580,98,2,0,0,0,0,2,0,0,0,0,0,0,0,0,0,0,0,0,0,0,0,0,0,0,0,0,0,0,0,0,0,0,0,0,0,0,0,0,0,0,0,0,0,0,0,0,0,0,0,0,0,0,0,0,0,0,0,2,0,0,0,0,0,0,0,0,0,0,0,0,0,0,0,0,0,0,0,0,0,0,0,0,0,2,0,0,0,0,0,0,0,0,0,0,0,0,0,0,0,0,0,0,0,0,0,0,0,0,0,2,0,0,0,0,0,0,0,0,0,0,0,0,0,0,0,0,0,0,0,0,0,0,0,0,0,0,0,0,0,0,0,0,0,0,0,0,0,0,0,0,0,0,0,0,0,0,0,0,0,0,0,0,0,0,0,0,0,0,0,0,0,0
2580,99,1,0,0,0,0,0,0,0,0,0,0,0,0,0,0,0,0,0,0,0,0,0,0,0,0,0,0,0,0,0,0,0,0,0,0,0,0,0,0,0,0,0,0,0,0,0,0,0,0,0,0,0,0,0,0,0,0,0,0,0,0,0,0,0,0,0,0,0,0,0,0,0,0,0,0,0,0,0,0,0,0,0,0,0,0,0,0,0,0,0,0,0,0,0,0,0,0,0,0,0,0,0,0,0,0,0,0,0,0,0,0,0,0,0,0,0,0,0,0,0,0,0,0,0,0,0,0,0,0,0,0,0,0,0,0,0,0,0,0,0,0,0,0,0,0,0,0,0,0,0,0,0,0,0,0,0,0,0,0,0,0,0,0,0,0,0,0,0,0,0,0,0
2580,99,2,0,1,0,0,0,0,0,0,0,0,0,0,0,0,0,0,0,0,0,0,0,0,0,0,0,0,0,0,0,0,0,0,0,0,0,0,0,0,0,0,0,0,0,0,0,0,0,0,0,0,0,0,0,1,0,0,0,0,0,0,0,0,0,0,0,0,0,0,0,0,0,0,0,0,0,0,0,0,0,1,0,0,0,0,0,0,0,0,0,0,0,0,0,0,0,0,0,0,0,0,0,0,0,0,0,1,0,0,0,0,0,0,0,0,0,0,0,0,0,0,0,0,0,0,0,0,0,0,0,0,0,0,0,0,0,0,0,0,0,0,0,0,0,0,0,0,0,0,0,0,0,0,0,0,0,0,0,0,0,0,0,0,0,0,0,0,0,0,0,0,0
2580,100+,1,0,0,0,0,0,0,0,0,0,0,0,0,0,0,0,0,0,0,0,0,0,0,0,0,0,0,0,0,0,0,0,0,0,0,0,0,0,0,0,0,0,0,0,0,0,0,0,0,0,0,0,0,0,0,0,0,0,0,0,0,0,0,0,0,0,0,0,0,0,0,0,0,0,0,0,0,0,0,0,0,0,0,0,0,0,0,0,0,0,0,0,0,0,0,0,0,0,0,0,0,0,0,0,0,0,0,0,0,0,0,0,0,0,0,0,0,0,0,0,0,0,0,0,0,0,0,0,0,0,0,0,0,0,0,0,0,0,0,0,0,0,0,0,0,0,0,0,0,0,0,0,0,0,0,0,0,0,0,0,0,0,0,0,0,0,0,0,0,0,0,0
2580,100+,2,0,0,0,0,0,0,0,0,0,1,0,0,0,0,0,0,0,0,0,0,0,0,1,1,0,0,0,0,0,0,0,0,0,0,0,0,0,0,0,0,0,0,0,0,0,0,0,0,1,1,0,0,0,0,0,0,0,0,0,0,0,0,-1,0,0,0,0,0,0,0,0,0,0,0,-1,-1,0,0,0,0,0,0,0,0,0,0,0,1,0,0,0,0,0,0,0,0,0,0,0,0,0,0,0,0,0,0,0,0,0,0,0,0,0,1,0,0,0,0,0,0,0,0,0,0,0,0,1,0,0,0,0,0,0,0,0,0,0,0,0,0,0,0,0,0,-1,0,0,0,0,0,0,0,0,0,0,0,0,0,0,0,0,0,1,0,0,0,0,0,-1,0,0
2582,80,1,1,0,2,2,2,0,1,2,1,1,2,0,2,1,1,1,2,1,1,0,1,0,0,2,0,0,0,0,0,0,0,0,0,0,0,0,0,0,0,0,0,0,0,0,0,0,0,0,0,0,0,0,0,-1,1,0,1,-1,1,1,1,1,0,0,2,0,0,0,0,0,0,0,0,0,0,0,0,0,1,0,2,2,2,0,1,2,1,1,2,0,2,1,1,1,2,1,1,0,1,0,0,2,0,0,0,-1,1,0,1,-1,1,1,1,1,0,0,2,0,0,0,2,0,0,1,2,0,1,0,1,0,0,0,0,0,0,0,0,0,0,0,0,-1,-2,0,1,0,-1,0,0,0,0,0,0,0,0,0,2,0,0,1,2,0,1,0,1,-1,-2,0,1,0,-1
2582,80,2,1,0,0,0,0,1,1,2,1,0,0,0,0,0,1,3,0,1,0,0,0,1,0,0,2,0,0,0,0,0,0,0,0,0,0,0,0,0,0,0,0,0,0,0,0,0,0,0,0,0,0,0,1,-1,-3,0,-1,1,1,2,0,0,0,-2,0,0,0,0,0,0,0,0,0,0,0,0,0,0,1,0,0,0,0,1,1,2,1,0,0,0,0,0,1,3,0,1,0,0,0,1,0,0,2,0,1,-1,-3,0,-1,1,1,2,0,0,0,-2,0,1,0,0,2,0,3,0,0,1,1,1,1,0,0,0,0,0,0,0,0,0,0,0,0,1,0,-1,1,-1,2,0,0,0,0,0,0,1,0,0,2,0,3,0,0,1,1,1,1,1,0,-1,1,-1,2
2582,81,1,1,0,0,2,0,1,0,2,0,0,0,1,1,0,0,0,2,1,1,2,0,1,1,0,0,1,0,0,0,0,0,0,0,0,0,0,0,0,0,0,0,0,0,0,0,1,0,0,0,0,0,0,1,0,0,0,-1,0,-2,2,-1,-1,0,1,0,0,0,0,0,0,0,-1,0,0,0,0,0,0,1,0,0,2,0,1,0,2,0,0,0,1,1,0,0,0,2,1,1,1,0,1,1,0,0,1,1,0,0,0,-1,0,-1,2,-1,-1,0,1,0,1,0,2,0,1,0,2,1,2,0,0,1,0,0,0,0,0,0,0,0,0,0,0,0,-1,-1,0,0,1,-1,0,0,0,0,0,0,1,0,2,0,1,0,2,1,2,0,0,1,-1,-1,0,0,1,-1
2582,81,2,1,0,1,1,1,1,2,2,1,1,2,0,1,0,0,2,0,1,1,3,3,1,1,0,1,0,0,0,0,0,0,0,0,0,0,0,1,0,0,0,0,0,0,0,0,0,0,0,0,0,0,0,1,0,-1,1,0,0,-1,-1,0,0,2,-1,1,0,0,0,0,0,0,0,0,0,0,1,0,0,1,0,1,1,1,1,2,2,1,1,1,0,1,0,0,2,0,1,1,3,3,1,1,0,1,0,1,0,-1,1,0,0,-1,-1,0,0,1,-1,1,0,0,1,2,0,0,0,0,0,1,1,2,0,0,0,1,0,0,0,0,0,0,0,0,0,0,1,1,-1,-2,0,0,0,1,0,0,0,0,1,1,0,0,0,0,0,1,1,2,0,0,1,0,-1,-2
2582,82,1,0,0,0,0,0,0,0,0,0,0,2,0,0,0,0,0,0,0,0,0,1,1,0,0,0,1,0,0,0,0,0,0,0,0,0,0,0,0,0,0,0,0,0,0,0,0,0,0,0,0,0,0,0,0,0,0,0,0,0,-1,-1,0,2,0,-1,0,0,0,0,0,0,0,0,0,0,0,0,0,0,0,0,0,0,0,0,0,0,0,2,0,0,0,0,0,0,0,0,0,1,1,0,0,0,1,0,0,0,0,0,0,0,-1,-1,0,2,0,-1,1,0,1,1,1,1,1,0,1,0,0,1,0,0,0,0,0,0,0,0,0,0,0,0,0,0,0,1,1,0,0,0,0,0,0,0,1,0,1,1,1,1,1,0,1,0,0,1,0,0,0,1,1,0
2582,82,2,1,2,0,0,2,1,0,1,0,0,1,2,2,0,0,1,1,0,0,0,1,0,2,1,3,0,0,0,0,0,0,0,0,0,0,0,0,0,0,0,0,0,0,0,0,0,0,0,0,0,0,0,1,2,-1,-1,2,1,0,0,0,-2,0,-1,2,0,0,0,0,0,0,0,0,0,0,0,0,0,1,2,0,0,2,1,0,1,0,0,1,2,2,0,0,1,1,0,0,0,1,0,2,1,3,0,1,2,-1,-1,2,1,0,0,0,-2,0,-1,2,2,0,1,0,1,0,0,1,1,2,1,0,0,0,0,0,0,0,0,0,0,0,0,0,2,-1,0,-2,0,0,0,0,0,0,0,0,2,0,1,0,1,0,0,1,1,2,1,0,2,-1,0,-2,0,0
2582,83,1,0,3,1,1,0,1,0,0,0,0,2,2,1,0,2,0,0,0,1,0,1,0,0,0,1,0,0,1,0,0,0,0,0,0,0,0,0,0,0,0,0,0,0,0,0,0,0,0,0,0,0,0,0,1,1,1,0,0,0,-1,0,0,2,1,1,0,1,0,0,0,0,0,0,0,0,0,0,0,0,2,1,1,0,1,0,0,0,0,2,2,1,0,2,0,0,0,1,0,1,0,0,0,1,0,0,0,1,1,0,0,0,-1,0,0,2,1,1,0,1,0,1,1,1,1,0,0,1,1,0,0,0,0,0,0,1,0,0,0,0,0,0,-1,1,0,0,0,1,0,0,0,0,0,1,0,1,0,1,1,0,1,0,0,1,1,0,-1,1,0,0,0,0
2582,83,2,1,0,1,1,1,0,0,1,0,1,1,0,1,1,0,1,1,0,1,0,0,0,0,0,2,1,0,0,0,0,0,0,0,0,0,0,0,0,0,0,0,0,0,0,0,0,0,0,0,0,0,0,0,0,0,0,1,-1,0,1,0,1,1,-2,0,0,0,0,0,0,0,0,0,0,0,0,0,0,1,0,1,1,1,0,0,1,0,1,1,0,1,1,0,1,1,0,1,0,0,0,0,0,2,1,0,0,0,0,1,-1,0,1,0,1,1,-2,0,2,2,1,1,1,0,4,0,0,1,2,0,0,0,0,0,0,0,0,0,0,0,0,0,-2,2,1,0,-1,0,0,0,0,0,0,0,2,2,1,1,1,0,4,0,0,1,2,0,-2,2,1,0,-1,0
2582,84,1,0,0,1,0,0,2,0,1,0,0,0,1,2,0,1,0,1,0,0,0,0,1,2,0,0,0,0,0,0,0,0,0,0,0,0,0,0,0,0,0,0,0,0,0,0,0,0,0,0,0,0,0,0,-1,1,-1,0,2,0,1,-1,-2,0,1,2,0,0,0,0,0,0,0,0,0,0,0,0,0,0,0,1,0,0,2,0,1,0,0,0,1,2,0,1,0,1,0,0,0,0,1,2,0,0,0,0,-1,1,-1,0,2,0,1,-1,-2,0,1,2,1,0,0,1,1,0,1,0,0,1,0,1,0,0,0,0,0,0,0,0,0,0,0,0,0,0,0,0,1,-1,0,0,0,0,0,0,1,0,0,1,1,0,1,0,0,1,0,1,0,0,0,0,1,-1
2582,84,2,1,0,0,0,0,0,1,0,0,1,0,4,0,2,1,0,0,0,2,3,0,0,1,0,2,1,0,0,0,0,0,0,0,0,0,0,0,0,0,0,0,0,0,0,0,0,0,0,0,0,0,0,-1,-1,0,0,0,-2,-2,0,0,0,0,2,-1,0,0,0,0,0,0,0,0,0,0,0,0,0,1,0,0,0,0,0,1,0,0,1,0,4,0,2,1,0,0,0,2,3,0,0,1,0,2,1,-1,-1,0,0,0,-2,-2,0,0,0,0,2,-1,0,0,0,0,0,2,0,1,0,2,2,1,0,0,0,0,0,0,0,0,0,0,1,0,0,-1,0,-2,-2,1,0,0,0,0,-1,0,0,0,0,0,0,2,0,1,0,2,1,1,0,-1,0,-2,-1,1
2582,85,1,0,0,1,0,0,0,1,0,0,0,0,0,0,0,0,0,0,0,1,2,2,2,0,0,0,0,0,0,0,0,0,0,0,0,0,0,0,0,0,0,0,0,0,0,0,0,0,0,0,0,0,0,0,0,1,0,0,-1,-1,-2,-2,0,0,0,0,0,0,0,0,0,0,0,0,0,0,0,0,0,0,0,1,0,0,0,1,0,0,0,0,0,0,0,0,0,0,0,1,2,2,2,0,0,0,0,0,0,1,0,0,-1,-1,-2,-2,0,0,0,0,1,0,0,0,1,0,3,1,0,2,1,1,0,0,0,0,0,0,0,0,0,0,0,0,-2,-1,0,-2,0,-1,0,0,0,0,0,0,1,0,0,0,1,0,3,1,0,2,1,1,-2,-1,0,-2,0,-1
2582,85,2,2,0,0,0,0,1,0,0,2,1,0,1,0,1,1,0,1,1,0,1,1,1,2,1,2,0,0,0,0,0,0,0,0,0,0,0,0,0,0,0,0,0,0,0,0,0,1,0,0,0,0,0,1,-1,0,-1,-1,1,-1,-1,1,-1,-1,-1,0,0,0,0,0,0,0,0,-1,0,0,0,0,0,2,0,0,0,0,1,0,0,2,1,0,1,0,1,1,0,1,1,0,1,0,1,2,1,2,0,1,-1,0,-1,-1,1,-1,0,1,-1,-1,-1,0,1,0,1,0,2,0,0,0,0,0,0,0,0,0,0,0,0,0,0,0,0,0,0,0,1,0,1,0,2,0,0,0,0,0,0,0,1,0,1,0,2,0,0,0,0,0,0,0,1,0,1,0,2,0
2582,86,1,0,0,0,0,1,0,0,0,0,0,0,0,0,0,1,0,0,0,0,0,0,0,1,0,0,1,0,0,0,0,0,0,0,0,0,0,0,0,0,0,0,0,0,0,0,0,0,0,0,0,0,0,0,-1,0,0,1,0,0,0,0,-1,0,0,-1,0,0,0,0,0,0,0,0,0,0,0,0,0,0,0,0,0,1,0,0,0,0,0,0,0,0,0,1,0,0,0,0,0,0,0,1,0,0,1,0,-1,0,0,1,0,0,0,0,-1,0,0,-1,2,1,0,0,2,1,0,1,0,0,0,1,0,0,0,0,0,0,0,0,0,0,0,0,2,0,0,0,2,0,0,0,0,0,0,0,2,1,0,0,2,1,0,1,0,0,0,1,2,0,0,0,2,0
2582,86,2,1,0,0,0,0,0,1,0,1,0,0,1,0,0,0,1,0,0,1,0,0,1,1,1,0,0,0,0,0,0,0,0,0,0,0,0,0,0,0,0,0,0,0,0,0,0,0,0,0,0,0,0,1,0,-1,0,0,-1,1,0,0,-1,-1,1,0,0,0,0,0,0,0,0,0,0,0,0,0,0,1,0,0,0,0,0,1,0,1,0,0,1,0,0,0,1,0,0,1,0,0,1,1,1,0,0,1,0,-1,0,0,-1,1,0,0,-1,-1,1,0,2,0,0,0,0,0,0,0,1,1,0,1,0,0,0,0,0,0,0,0,0,0,0,0,2,0,-1,-1,0,-1,0,0,0,0,0,0,2,0,0,0,0,0,0,0,1,1,0,1,2,0,-1,-1,0,-1
2582,87,1,0,0,0,0,0,0,0,0,0,0,0,0,0,0,0,0,0,0,1,0,0,0,0,0,0,0,0,0,0,0,0,0,0,0,0,0,0,0,0,0,0,0,0,0,0,0,0,0,0,0,0,0,0,0,0,0,0,-1,0,0,0,0,0,0,0,0,0,0,0,0,0,0,0,0,0,0,0,0,0,0,0,0,0,0,0,0,0,0,0,0,0,0,0,0,0,0,1,0,0,0,0,0,0,0,0,0,0,0,0,-1,0,0,0,0,0,0,0,1,0,0,0,2,0,0,1,0,0,0,0,0,0,0,0,0,0,0,0,0,0,0,0,1,-1,0,0,2,0,0,0,0,0,0,0,1,0,0,0,2,0,0,1,0,0,0,0,1,-1,0,0,2,0
2582,87,2,0,1,1,0,0,0,0,0,0,1,1,1,0,2,2,0,1,0,2,2,1,0,0,1,0,0,0,0,0,0,0,0,0,0,0,0,0,1,0,0,0,0,0,0,0,0,0,0,0,0,0,0,-2,-1,1,-1,0,-2,-2,-1,0,1,0,1,0,0,0,0,0,0,0,0,0,0,0,0,1,0,0,1,1,0,0,0,0,0,0,1,1,0,0,2,2,0,1,0,2,2,1,0,0,1,0,0,-2,-1,1,-1,0,-2,-2,-1,0,1,0,0,0,0,0,0,0,1,1,1,0,2,0,0,1,0,0,0,0,0,0,0,0,0,0,0,0,-1,0,-2,0,1,0,0,0,0,0,0,0,0,0,0,0,1,1,1,0,2,0,0,1,-1,0,-2,0,1,0
2582,88,1,1,0,0,0,0,0,0,0,0,0,0,1,1,0,0,0,0,0,0,0,0,2,0,0,1,0,0,0,0,0,0,0,0,0,0,0,0,0,0,0,0,0,0,0,0,0,0,0,0,0,0,0,1,0,0,0,0,0,0,0,-2,0,0,0,1,0,0,0,0,0,0,0,0,0,0,0,0,0,1,0,0,0,0,0,0,0,0,0,0,1,1,0,0,0,0,0,0,0,0,2,0,0,1,0,1,0,0,0,0,0,0,0,-2,0,0,0,1,1,0,1,0,1,1,0,0,0,0,0,0,1,0,0,0,0,0,0,0,0,0,0,0,1,0,1,0,1,1,1,0,0,0,0,0,0,0,1,0,1,1,0,0,0,0,0,0,0,0,1,0,1,1
2582,88,2,2,1,1,0,0,0,0,0,0,0,0,1,0,1,0,1,1,1,0,1,0,1,0,0,1,0,0,0,0,0,0,0,0,0,0,0,0,0,0,0,0,0,0,0,0,0,0,0,0,0,0,0,1,1,0,-1,-1,0,-1,0,-1,0,0,0,0,0,0,0,0,0,0,0,0,0,0,0,0,0,2,1,1,0,0,0,0,0,0,0,0,1,0,1,0,1,1,1,0,1,0,1,0,0,1,0,1,1,0,-1,-1,0,-1,0,-1,0,0,0,0,1,0,0,0,1,0,0,0,0,0,0,1,0,0,0,0,0,0,0,0,0,0,0,0,1,0,0,0,1,-1,0,0,0,0,0,0,1,0,0,0,1,0,0,0,0,0,0,1,1,0,0,0,1,-1
2582,89,1,0,0,0,0,0,0,0,0,0,1,0,0,0,1,0,1,1,0,0,0,0,0,0,0,0,0,0,0,0,0,0,0,0,0,0,0,0,0,0,0,0,0,0,0,0,0,0,0,0,0,0,0,-1,0,-1,-1,0,0,0,0,0,1,0,0,0,0,0,0,0,0,0,0,0,0,0,0,0,0,0,0,0,0,0,0,0,0,0,1,0,0,0,1,0,1,1,0,0,0,0,0,0,0,0,0,-1,0,-1,-1,0,0,0,0,0,1,0,0,0,0,0,0,0,1,1,0,0,0,0,0,0,0,0,0,0,0,0,0,0,0,0,0,0,0,0,0,0,1,1,0,0,0,0,0,0,0,0,0,0,1,1,0,0,0,0,0,0,0,0,0,0,1,1
2582,89,2,0,0,0,0,0,0,1,0,2,0,0,0,1,1,1,0,1,1,1,0,1,0,0,1,0,0,0,0,0,0,0,0,0,0,0,0,0,0,0,0,0,0,0,0,0,0,1,0,0,0,0,0,-1,-1,0,-1,-1,-1,1,-1,2,0,-1,0,1,0,0,0,0,0,0,0,-1,0,0,0,0,0,0,0,0,0,0,0,1,0,2,0,0,0,1,1,1,0,1,1,1,0,0,0,0,1,0,0,-1,-1,0,-1,-1,-1,1,0,2,0,-1,0,1,0,0,0,0,0,0,0,0,0,0,0,0,0,0,0,0,0,0,0,0,0,0,0,0,0,0,0,0,0,0,0,0,0,0,0,0,0,0,0,0,0,0,0,0,0,0,0,0,0,0,0,0,0,0
2582,90,1,1,0,0,1,0,0,0,0,0,0,0,0,0,0,0,0,1,0,0,0,1,1,0,0,0,1,0,0,0,0,0,0,0,0,0,0,0,0,0,0,0,0,0,0,0,0,0,0,0,0,0,0,1,0,0,0,0,0,0,-1,-1,0,0,0,-1,0,0,0,0,0,0,0,0,0,0,0,0,0,1,0,0,1,0,0,0,0,0,0,0,0,0,0,0,0,1,0,0,0,1,1,0,0,0,1,1,0,0,0,0,0,0,-1,-1,0,0,0,-1,0,0,0,1,0,0,0,0,1,1,2,0,0,0,0,0,0,0,0,0,0,0,0,0,0,0,-1,0,-2,0,0,0,0,0,0,0,0,0,0,1,0,0,0,0,1,1,2,0,0,0,-1,0,-2,0
2582,90,2,0,0,0,0,2,0,2,1,2,1,0,0,0,2,0,0,0,1,0,0,0,0,0,0,0,0,0,0,0,0,0,0,0,0,0,0,0,0,0,0,0,0,0,0,0,0,0,0,0,0,0,0,-2,0,0,0,1,0,2,1,2,1,0,0,0,0,0,0,0,0,0,0,0,0,0,0,0,0,0,0,0,0,2,0,2,1,2,1,0,0,0,2,0,0,0,1,0,0,0,0,0,0,0,0,-2,0,0,0,1,0,2,1,2,1,0,0,0,0,1,0,0,0,0,2,0,0,0,0,0,0,0,0,0,0,0,0,0,0,0,0,0,-2,1,0,0,0,0,0,0,0,0,0,0,0,1,0,0,0,0,2,0,0,0,0,0,-2,1,0,0,0,0
2582,91,1,0,0,0,0,0,0,0,0,0,0,0,0,0,0,0,0,0,0,0,0,0,0,1,0,0,0,0,0,0,0,0,0,0,0,0,0,0,0,0,0,0,0,0,0,0,0,0,0,0,0,0,0,0,0,0,0,0,0,0,0,0,-1,0,0,0,0,0,0,0,0,0,0,0,0,0,0,0,0,0,0,0,0,0,0,0,0,0,0,0,0,0,0,0,0,0,0,0,0,0,0,1,0,0,0,0,0,0,0,0,0,0,0,0,-1,0,0,0,0,0,0,0,0,0,1,0,0,0,0,0,0,0,0,0,0,0,0,0,0,0,0,0,-1,0,0,0,0,0,0,0,0,0,0,0,0,0,0,0,0,0,1,0,0,0,0,0,-1,0,0,0,0,0
2582,91,2,0,0,0,1,0,0,0,1,0,0,0,0,0,0,0,0,0,0,0,0,0,2,1,0,0,1,0,0,0,0,0,0,0,0,0,0,0,0,0,0,0,0,0,0,0,0,0,0,0,0,0,0,0,0,0,1,0,0,0,1,-2,-1,0,0,-1,0,0,0,0,0,0,0,0,0,0,0,0,0,0,0,0,1,0,0,0,1,0,0,0,0,0,0,0,0,0,0,0,0,0,2,1,0,0,1,0,0,0,1,0,0,0,1,-2,-1,0,0,-1,1,0,0,0,0,0,1,0,0,0,0,0,1,0,0,0,0,0,0,0,0,0,0,0,0,0,0,0,0,0,1,0,0,0,0,0,0,0,0,0,0,0,1,0,0,0,0,0,-1,0,0,0,0,0
2582,92,1,0,0,0,0,0,0,0,0,2,0,0,0,0,1,0,0,0,0,0,0,0,0,0,0,2,0,0,0,0,0,0,0,0,0,0,0,0,0,0,0,0,0,0,0,0,0,0,0,0,0,0,0,-1,0,0,0,0,0,0,0,2,0,0,-2,0,0,0,0,0,0,0,0,0,0,0,0,0,0,0,0,0,0,0,0,0,0,2,0,0,0,0,1,0,0,0,0,0,0,0,0,0,0,2,0,-1,0,0,0,0,0,0,0,2,0,0,-2,0,0,0,0,0,0,0,0,0,0,0,0,0,0,0,0,0,0,0,0,0,0,0,0,0,0,0,0,0,0,0,0,0,0,0,0,0,0,0,0,0,0,0,0,0,0,0,0,0,0,0,0,0,0,0
2582,92,2,1,1,0,0,0,0,0,0,0,0,2,0,0,0,0,0,0,0,0,0,0,0,0,0,0,1,0,0,0,0,0,0,0,0,0,0,0,0,0,0,0,0,0,0,0,0,0,0,0,0,0,0,1,1,0,0,0,0,0,0,0,0,2,0,-1,0,0,0,0,0,0,0,0,0,0,0,0,0,1,1,0,0,0,0,0,0,0,0,2,0,0,0,0,0,0,0,0,0,0,0,0,0,0,1,1,1,0,0,0,0,0,0,0,0,2,0,-1,0,1,0,0,0,0,1,0,0,1,0,1,0,0,0,0,0,0,0,0,0,1,0,0,-1,1,0,-1,0,-1,0,0,0,-1,0,0,0,1,0,0,0,0,1,0,0,0,0,1,-1,1,0,0,0,-1
2582,93,1,0,0,0,0,0,0,0,0,0,0,1,0,0,0,0,0,0,0,1,1,0,0,1,0,0,0,0,0,0,0,0,0,0,0,0,0,0,0,0,0,0,0,0,0,0,0,0,0,0,0,0,0,0,0,0,0,0,-1,-1,0,0,-1,1,0,0,0,0,0,0,0,0,0,0,0,0,0,0,0,0,0,0,0,0,0,0,0,0,0,1,0,0,0,0,0,0,0,1,1,0,0,1,0,0,0,0,0,0,0,0,-1,-1,0,0,-1,1,0,0,0,0,0,0,0,0,0,0,0,0,0,0,0,0,0,0,0,0,0,0,0,0,0,0,0,0,0,0,0,0,0,0,0,0,0,0,0,0,0,0,0,0,0,0,0,0,0,0,0,0,0,0,0,0
2582,93,2,0,0,1,0,0,0,0,0,0,0,0,1,2,0,0,0,0,0,0,1,0,0,0,0,0,1,0,0,0,0,0,0,0,0,0,0,0,0,0,0,0,0,0,0,0,0,0,0,0,0,0,0,0,0,1,0,0,0,-1,0,0,0,0,1,1,0,0,0,0,0,0,0,0,0,0,0,0,0,0,0,1,0,0,0,0,0,0,0,0,1,2,0,0,0,0,0,0,1,0,0,0,0,0,1,0,0,1,0,0,0,-1,0,0,0,0,1,1,0,0,0,0,0,0,1,0,0,1,0,1,0,0,0,0,0,0,0,0,0,0,0,0,-1,0,0,-1,0,-1,0,0,0,0,0,0,0,0,0,0,0,0,1,0,0,1,0,1,-1,0,0,-1,0,-1
2582,94,1,0,0,0,0,0,0,0,0,0,0,0,0,0,0,0,0,0,0,0,0,0,0,0,0,0,1,0,0,0,0,0,0,0,0,0,0,0,0,0,0,0,0,0,0,0,0,0,0,0,0,0,0,0,0,0,0,0,0,0,0,0,0,0,0,-1,0,0,0,0,0,0,0,0,0,0,0,0,0,0,0,0,0,0,0,0,0,0,0,0,0,0,0,0,0,0,0,0,0,0,0,0,0,0,1,0,0,0,0,0,0,0,0,0,0,0,0,-1,0,0,0,0,0,0,1,0,0,0,0,0,0,0,0,0,0,0,0,0,0,0,0,0,-1,0,0,0,0,0,0,0,0,0,0,0,0,0,0,0,0,0,1,0,0,0,0,0,-1,0,0,0,0,0
2582,94,2,0,0,0,0,0,0,0,0,0,1,0,0,0,0,0,0,0,0,0,0,0,1,0,0,0,1,0,0,0,0,0,0,0,0,0,0,0,0,0,0,0,0,0,0,0,0,0,0,0,0,0,0,0,0,0,0,0,0,0,0,-1,1,0,0,-1,0,0,0,0,0,0,0,0,0,0,0,0,0,0,0,0,0,0,0,0,0,0,1,0,0,0,0,0,0,0,0,0,0,0,1,0,0,0,1,0,0,0,0,0,0,0,0,-1,1,0,0,-1,0,0,0,0,0,0,0,0,0,1,0,0,0,0,0,0,0,0,0,0,0,0,0,0,0,0,0,-1,0,0,0,0,0,0,0,0,0,0,0,0,0,0,0,0,0,1,0,0,0,0,0,-1,0,0
2582,95,1,0,0,0,0,0,0,0,0,0,0,0,0,0,0,0,0,0,0,0,0,0,0,0,0,0,0,0,0,0,0,0,0,0,0,0,0,0,0,0,0,0,0,0,0,0,0,0,0,0,0,0,0,0,0,0,0,0,0,0,0,0,0,0,0,0,0,0,0,0,0,0,0,0,0,0,0,0,0,0,0,0,0,0,0,0,0,0,0,0,0,0,0,0,0,0,0,0,0,0,0,0,0,0,0,0,0,0,0,0,0,0,0,0,0,0,0,0,0,0,1,0,0,0,0,0,0,0,0,0,0,0,0,0,0,0,0,0,0,0,0,0,0,0,1,0,0,0,0,0,0,0,0,0,0,0,1,0,0,0,0,0,0,0,0,0,0,0,1,0,0,0
2582,95,2,0,0,0,0,0,0,0,0,0,0,0,0,0,1,0,0,0,0,0,0,0,0,0,1,0,0,0,0,0,0,0,0,0,0,0,0,0,0,0,0,0,0,0,0,0,0,0,0,0,0,0,0,-1,0,0,0,0,0,0,0,0,0,-1,0,0,0,0,0,0,0,0,0,0,0,0,0,0,0,0,0,0,0,0,0,0,0,0,0,0,0,0,1,0,0,0,0,0,0,0,0,0,1,0,0,-1,0,0,0,0,0,0,0,0,0,-1,0,0,0,0,0,0,0,2,0,0,0,0,0,0,0,0,0,0,0,0,0,0,0,0,0,0,0,0,0,0,0,2,0,0,0,0,0,0,0,0,0,0,0,2,0,0,0,0,0,0,0,0,0,0,0,2
2582,96,1,0,0,0,0,0,0,0,0,0,0,0,0,0,0,0,0,0,0,0,0,1,0,0,0,0,0,0,0,0,0,0,0,0,0,0,0,0,0,0,0,0,0,0,0,0,0,0,0,0,0,0,0,0,0,0,0,0,0,0,-1,0,0,0,0,0,0,0,0,0,0,0,0,0,0,0,0,0,0,0,0,0,0,0,0,0,0,0,0,0,0,0,0,0,0,0,0,0,0,1,0,0,0,0,0,0,0,0,0,0,0,0,-1,0,0,0,0,0,0,0,0,0,0,0,0,0,0,0,0,0,0,0,0,0,0,0,0,0,0,0,0,0,0,0,0,0,0,0,0,0,0,0,0,0,0,0,0,0,0,0,0,0,0,0,0,0,0,0,0,0,0,0
2582,96,2,0,0,0,0,0,0,0,0,1,0,0,0,0,0,1,0,0,0,0,0,0,0,0,1,0,0,0,0,0,0,0,0,0,0,0,0,0,0,0,0,0,0,0,0,0,0,0,0,0,0,0,0,0,-1,0,0,0,0,0,0,1,0,-1,0,0,0,0,0,0,0,0,0,0,0,0,0,0,0,0,0,0,0,0,0,0,0,1,0,0,0,0,0,1,0,0,0,0,0,0,0,0,1,0,0,0,-1,0,0,0,0,0,0,1,0,-1,0,0,0,0,0,0,0,0,0,0,0,0,0,0,0,0,0,0,0,0,0,0,0,0,0,0,0,0,0,0,0,0,0,0,0,0,0,0,0,0,0,0,0,0,0,0,0,0,0,0,0,0,0,0,0,0
2582,97,1,0,0,0,0,0,0,0,0,0,0,0,0,0,0,0,0,0,0,0,0,0,0,0,0,0,0,0,0,0,0,0,0,0,0,0,0,0,0,0,0,0,0,0,0,0,0,0,0,0,0,0,0,0,0,0,0,0,0,0,0,0,0,0,0,0,0,0,0,0,0,0,0,0,0,0,0,0,0,0,0,0,0,0,0,0,0,0,0,0,0,0,0,0,0,0,0,0,0,0,0,0,0,0,0,0,0,0,0,0,0,0,0,0,0,0,0,0,0,0,0,0,0,0,0,0,0,1,0,0,0,0,0,0,0,0,0,0,0,0,0,0,0,0,0,-1,0,0,0,0,0,0,0,0,0,0,0,0,0,0,0,0,0,1,0,0,0,0,0,-1,0,0
2582,97,2,0,0,0,0,0,0,0,0,0,0,0,0,0,0,0,0,0,0,0,0,0,0,0,0,0,0,0,0,0,0,0,0,0,0,0,0,0,0,0,0,0,0,0,0,0,0,0,0,0,0,0,0,0,0,0,0,0,0,0,0,0,0,0,0,0,0,0,0,0,0,0,0,0,0,0,0,0,0,0,0,0,0,0,0,0,0,0,0,0,0,0,0,0,0,0,0,0,0,0,0,0,0,0,0,0,0,0,0,0,0,0,0,0,0,0,0,0,0,0,0,0,0,0,0,0,0,0,0,0,0,0,0,0,0,0,0,0,0,0,0,0,0,0,0,0,0,0,0,0,0,0,0,0,0,0,0,0,0,0,0,0,0,0,0,0,0,0,0,0,0,0
2582,98,1,0,0,0,0,0,0,0,0,0,0,0,0,0,0,0,0,0,0,0,0,0,0,0,0,0,0,0,0,0,0,0,0,0,0,0,0,0,0,0,0,0,0,0,0,0,0,0,0,0,0,0,0,0,0,0,0,0,0,0,0,0,0,0,0,0,0,0,0,0,0,0,0,0,0,0,0,0,0,0,0,0,0,0,0,0,0,0,0,0,0,0,0,0,0,0,0,0,0,0,0,0,0,0,0,0,0,0,0,0,0,0,0,0,0,0,0,0,0,0,0,0,0,0,0,0,0,0,0,0,0,0,0,0,0,0,0,0,0,0,0,0,0,0,0,0,0,0,0,0,0,0,0,0,0,0,0,0,0,0,0,0,0,0,0,0,0,0,0,0,0,0
2582,98,2,0,0,0,0,0,0,0,0,0,0,0,0,0,0,0,0,0,0,0,0,0,0,0,0,1,0,0,0,0,0,0,0,0,0,0,0,0,0,0,0,0,0,0,0,0,0,0,0,0,0,0,0,0,0,0,0,0,0,0,0,0,0,0,-1,0,0,0,0,0,0,0,0,0,0,0,0,0,0,0,0,0,0,0,0,0,0,0,0,0,0,0,0,0,0,0,0,0,0,0,0,0,0,1,0,0,0,0,0,0,0,0,0,0,0,0,-1,0,0,0,0,0,0,0,0,0,0,0,0,0,0,0,0,0,0,0,0,0,0,0,0,0,0,0,0,0,0,0,0,0,0,0,0,0,0,0,0,0,0,0,0,0,0,0,0,0,0,0,0,0,0,0
2582,99,1,0,0,0,0,0,0,0,0,0,0,0,0,0,0,0,0,0,0,0,0,0,0,0,0,0,0,0,0,0,0,0,0,0,0,0,0,0,0,0,0,0,0,0,0,0,0,0,0,0,0,0,0,0,0,0,0,0,0,0,0,0,0,0,0,0,0,0,0,0,0,0,0,0,0,0,0,0,0,0,0,0,0,0,0,0,0,0,0,0,0,0,0,0,0,0,0,0,0,0,0,0,0,0,0,0,0,0,0,0,0,0,0,0,0,0,0,0,0,0,0,0,0,0,0,0,0,0,0,0,0,0,0,0,0,0,0,0,0,0,0,0,0,0,0,0,0,0,0,0,0,0,0,0,0,0,0,0,0,0,0,0,0,0,0,0,0,0,0,0,0,0
2582,99,2,0,0,0,0,0,0,0,0,0,0,0,0,0,0,0,0,0,0,0,0,0,1,0,0,0,0,0,0,0,0,0,0,0,0,0,0,0,0,0,0,0,0,0,0,0,0,0,0,0,0,0,0,0,0,0,0,0,0,0,0,-1,0,0,0,0,0,0,0,0,0,0,0,0,0,0,0,0,0,0,0,0,0,0,0,0,0,0,0,0,0,0,0,0,0,0,0,0,0,0,1,0,0,0,0,0,0,0,0,0,0,0,0,-1,0,0,0,0,0,0,0,0,0,0,0,0,0,0,0,0,0,0,0,0,0,0,0,0,0,0,0,0,0,0,0,0,0,0,0,0,0,0,0,0,0,0,0,0,0,0,0,0,0,0,0,0,0,0,0,0,0,0
2582,100+,1,0,0,0,0,0,0,0,0,0,0,0,0,0,0,0,0,0,0,0,0,0,0,0,0,0,0,0,0,0,0,0,0,0,0,0,0,0,0,0,0,0,0,0,0,0,0,0,0,0,0,0,0,0,0,0,0,0,0,0,0,0,0,0,0,0,0,0,0,0,0,0,0,0,0,0,0,0,0,0,0,0,0,0,0,0,0,0,0,0,0,0,0,0,0,0,0,0,0,0,0,0,0,0,0,0,0,0,0,0,0,0,0,0,0,0,0,0,0,0,0,0,0,0,0,0,0,0,0,1,0,0,0,0,0,0,0,0,0,0,0,0,0,0,0,0,0,-1,0,0,0,0,0,0,0,0,0,0,0,0,0,0,0,0,0,1,0,0,0,0,0,-1
2582,100+,2,0,0,0,0,0,0,0,0,0,0,0,0,0,0,0,0,0,0,0,0,0,0,0,0,0,0,0,0,0,0,0,0,0,0,0,0,0,0,0,0,0,0,0,0,0,0,0,0,0,0,0,0,0,0,0,0,0,0,0,0,0,0,0,0,0,0,0,0,0,0,0,0,0,0,0,0,0,0,0,0,0,0,0,0,0,0,0,0,0,0,0,0,0,0,0,0,0,0,0,0,0,0,0,0,0,0,0,0,0,0,0,0,0,0,0,0,0,0,0,0,0,0,0,0,0,0,0,0,0,0,0,0,0,0,0,0,0,0,0,0,0,0,0,0,0,0,0,0,0,0,0,0,0,0,0,0,0,0,0,0,0,0,0,0,0,0,0,0,0,0,0
2581,80,1,1,0,0,0,1,2,0,1,0,2,1,0,1,1,0,2,1,0,0,1,0,1,0,1,1,1,0,0,0,0,0,0,0,0,0,0,0,0,0,0,0,0,0,0,0,0,0,0,0,0,1,0,0,0,-2,-1,1,2,-1,1,-1,2,0,-1,0,0,0,0,0,0,0,0,0,0,0,0,-1,0,1,0,0,0,1,2,0,1,0,2,1,0,1,1,0,2,1,0,0,1,0,1,0,1,0,1,0,0,-2,-1,1,2,-1,1,-1,2,0,0,0,1,2,1,1,3,1,1,0,2,0,1,1,0,0,0,0,0,0,0,0,0,0,0,0,0,2,-1,1,2,0,0,0,0,0,0,0,1,2,1,1,3,1,1,0,2,0,1,1,0,2,-1,1,2,0
2581,80,2,1,3,2,1,1,1,1,2,1,0,0,3,2,2,0,0,0,1,0,0,0,3,0,0,1,1,0,0,0,0,0,1,0,0,0,0,0,0,0,0,0,0,0,0,0,0,0,0,0,0,0,0,-1,3,2,1,0,1,1,2,-2,0,0,2,1,0,0,0,0,0,1,0,0,0,0,0,0,0,1,3,2,1,1,0,1,2,1,0,0,3,2,2,0,0,0,1,0,0,0,3,0,0,1,1,-1,3,2,1,0,0,1,2,-2,0,0,2,1,2,1,0,1,1,1,2,1,0,0,0,3,0,0,0,0,0,0,0,0,0,0,0,0,0,0,0,1,1,-2,0,0,0,0,0,0,2,1,0,1,1,1,2,1,0,0,0,3,0,0,0,1,1,-2
2581,81,1,0,1,0,2,2,0,0,1,2,0,1,3,2,0,0,0,0,1,0,0,0,1,1,0,0,0,0,0,0,0,1,0,0,0,0,0,0,0,0,0,0,0,0,0,0,0,0,0,0,0,0,0,0,1,0,2,1,0,0,1,1,-1,1,3,2,0,0,0,0,1,0,0,0,0,0,0,0,0,0,1,0,2,1,0,0,1,2,0,1,3,2,0,0,0,0,1,0,0,0,1,1,0,0,0,0,1,0,2,0,0,0,1,1,-1,1,3,2,1,2,1,1,1,0,0,1,2,1,0,2,0,0,0,0,0,0,0,0,0,0,0,0,1,1,-1,0,1,-2,0,0,0,0,0,0,1,2,1,1,1,0,0,1,2,1,0,2,1,1,-1,0,1,-2
2581,81,2,1,0,1,1,1,1,0,1,0,2,0,2,2,2,0,0,3,0,1,2,0,1,3,0,1,2,0,0,0,0,0,0,0,0,0,0,0,0,0,0,0,0,0,0,0,0,0,0,0,0,0,0,-1,0,1,-2,1,0,-2,1,-1,-1,0,1,0,0,0,0,0,0,0,0,0,0,0,0,0,0,1,0,1,1,1,1,0,1,0,2,0,2,2,2,0,0,3,0,1,2,0,1,3,0,1,2,-1,0,1,-2,1,0,-2,1,-1,-1,0,1,0,3,0,0,0,0,0,1,0,1,1,1,0,0,0,0,0,0,0,0,0,0,1,0,0,2,0,-1,-1,-1,0,0,0,0,-1,0,0,3,0,0,0,0,0,1,0,1,0,1,0,2,0,-1,0,-1,0
2581,82,1,0,0,1,0,0,1,1,1,0,1,1,0,0,0,1,0,0,0,0,0,1,1,0,1,0,0,0,0,0,0,0,1,0,0,0,0,0,0,0,0,0,0,0,0,0,0,0,0,0,0,0,0,0,-1,1,0,0,1,1,0,-1,1,0,0,0,0,0,0,0,0,1,0,0,0,0,0,0,0,0,0,1,0,0,0,1,1,0,1,1,0,0,0,1,0,0,0,0,0,1,1,0,1,0,0,0,-1,1,0,0,0,1,0,-1,1,0,0,0,1,1,1,0,0,4,1,0,2,0,1,1,0,0,0,0,0,0,0,0,0,0,0,0,0,1,-1,0,-1,3,0,0,0,0,0,0,1,1,1,0,0,4,1,0,2,0,1,1,0,1,-1,0,-1,3
2581,82,2,0,2,1,1,0,0,1,2,0,1,1,3,1,2,1,0,1,0,1,0,1,1,0,0,0,3,0,1,0,0,0,0,1,0,0,0,0,0,0,0,0,0,0,0,0,0,0,0,0,0,0,1,-2,1,1,0,0,-1,1,1,-1,1,1,3,-2,0,1,0,0,0,0,1,0,0,0,0,0,-1,0,1,1,1,0,0,0,2,0,1,1,3,1,2,1,0,1,0,1,0,1,1,0,0,0,2,-2,0,1,0,0,-1,0,1,-1,1,1,3,-1,1,2,1,1,2,2,2,1,1,0,0,0,0,0,0,0,0,0,0,0,0,0,0,0,-1,1,0,1,2,2,0,0,0,0,0,0,1,2,1,1,2,2,2,1,1,0,0,0,-1,1,0,1,2,2
2581,83,1,1,1,0,0,3,0,2,0,0,2,2,2,1,2,1,0,1,1,0,1,0,1,0,0,1,0,0,0,0,0,0,0,0,0,0,1,1,0,0,0,0,0,0,0,0,0,0,0,0,0,0,0,-1,0,0,-1,2,0,1,0,-1,2,2,1,1,0,0,0,0,0,0,0,0,0,1,1,0,0,1,1,0,0,3,0,2,0,0,1,1,2,1,2,1,0,1,1,0,1,0,1,0,0,1,0,-1,0,0,-1,2,0,1,0,-1,1,1,1,1,2,0,0,0,0,5,4,1,1,1,1,1,0,0,0,0,0,0,0,0,0,0,0,0,-2,-1,-1,-1,-1,4,0,0,0,0,0,0,2,0,0,0,0,5,4,1,1,1,1,1,-2,-1,-1,-1,-1,4
2581,83,2,0,1,1,4,1,3,1,3,4,0,2,3,3,0,1,0,1,2,0,2,2,1,1,0,1,0,0,0,0,1,0,0,0,0,0,0,0,0,0,0,0,0,0,0,0,0,1,0,0,0,0,0,0,0,1,3,-1,3,-1,1,3,-1,2,2,3,0,0,0,1,0,0,0,-1,0,0,0,0,0,0,1,1,3,1,3,1,3,4,0,2,3,3,0,1,0,1,2,0,2,1,1,1,0,1,0,0,0,1,2,-1,3,-1,2,3,-1,2,2,3,1,0,0,3,0,1,0,1,1,2,0,0,0,0,0,0,0,0,0,0,0,0,0,0,1,-1,-1,1,0,1,0,0,0,0,0,0,1,0,0,3,0,1,0,1,1,2,0,0,1,-1,-1,1,0,1
2581,84,1,0,0,1,0,0,0,0,0,1,1,1,0,2,0,0,0,0,0,1,0,0,0,0,1,1,0,0,0,0,0,0,0,0,0,0,0,0,0,0,0,0,0,0,0,0,0,0,0,0,0,0,0,0,0,1,0,0,-1,0,0,1,1,0,-1,2,0,0,0,0,0,0,0,0,0,0,0,0,0,0,0,1,0,0,0,0,0,1,1,1,0,2,0,0,0,0,0,1,0,0,0,0,1,1,0,0,0,1,0,0,-1,0,0,1,1,0,-1,2,0,1,0,1,2,3,0,0,1,1,0,1,0,0,0,0,0,0,0,0,0,0,0,0,0,1,-1,0,2,2,0,0,0,0,0,0,0,1,0,1,2,3,0,0,1,1,0,1,0,1,-1,0,2,2
2581,84,2,1,2,0,4,1,3,1,0,0,0,0,0,0,0,1,0,0,0,0,0,0,0,0,0,0,0,0,0,0,0,0,0,0,0,0,0,0,0,0,0,0,0,0,0,0,0,0,0,0,0,0,0,1,1,0,4,1,3,1,0,0,0,0,0,0,0,0,0,0,0,0,0,0,0,0,0,0,0,1,2,0,4,1,3,1,0,0,0,0,0,0,0,1,0,0,0,0,0,0,0,0,0,0,0,1,1,0,4,1,3,1,0,0,0,0,0,0,1,0,0,1,0,0,0,0,0,2,1,1,1,0,0,0,0,0,0,0,0,0,0,0,1,0,0,-1,-1,-1,1,0,0,0,0,0,0,0,0,1,0,0,0,0,0,2,1,1,0,0,0,-1,-1,-1
2581,85,1,0,2,2,1,1,1,1,0,1,1,2,1,1,0,0,1,1,0,0,0,0,0,0,0,1,1,0,0,0,0,0,0,1,0,0,0,0,0,0,0,0,0,0,0,0,0,0,0,0,0,0,0,0,2,1,0,1,1,1,0,1,1,2,0,0,0,0,0,0,0,0,1,0,0,0,0,0,0,0,2,2,1,1,1,0,0,1,1,2,1,1,0,0,1,1,0,0,0,0,0,0,0,1,1,0,2,1,0,1,1,0,0,1,1,2,0,0,0,0,0,1,0,0,0,0,1,0,1,2,0,0,0,0,0,0,0,0,0,0,0,0,0,0,-1,1,-1,-2,0,0,0,0,0,0,0,0,0,1,0,0,0,0,1,0,1,2,0,0,-1,1,-1,-2
2581,85,2,4,3,2,0,1,1,2,1,0,3,0,2,0,1,0,0,1,0,0,0,0,0,1,0,2,0,0,0,0,0,0,0,0,0,0,0,0,0,0,0,0,0,0,0,0,0,0,0,0,0,0,0,3,3,2,-1,1,1,2,1,0,2,0,0,0,0,0,0,0,0,0,0,0,0,0,0,0,0,4,3,2,0,1,1,2,1,0,3,0,2,0,1,0,0,1,0,0,0,0,0,1,0,2,0,3,3,2,-1,1,1,2,1,0,2,0,0,0,0,2,0,0,2,1,1,1,1,1,5,0,0,0,0,0,0,0,0,0,0,0,0,0,-1,1,-1,-1,-3,1,0,0,0,0,0,0,0,2,0,0,2,1,1,1,1,1,5,0,-1,1,-1,-1,-3,1
2581,86,1,2,1,0,2,4,1,0,0,0,1,0,1,2,0,0,0,0,0,0,1,0,1,1,2,0,0,0,0,0,0,0,0,0,0,0,0,0,0,0,0,0,0,0,0,0,0,0,0,0,0,0,0,2,1,0,2,4,1,-1,0,-1,0,-2,1,2,0,0,0,0,0,0,0,0,0,0,0,0,0,2,1,0,2,4,1,0,0,0,1,0,1,2,0,0,0,0,0,0,1,0,1,1,2,0,0,2,1,0,2,4,1,-1,0,-1,0,-2,1,2,0,0,0,0,2,0,1,0,0,1,1,1,0,0,0,0,0,0,0,0,0,0,0,0,-1,0,0,-1,1,-1,0,0,0,0,0,0,0,0,0,0,2,0,1,0,0,1,1,1,-1,0,0,-1,1,-1
2581,86,2,0,1,0,1,0,0,0,1,1,0,0,5,0,1,0,1,0,0,0,0,0,2,0,0,1,0,0,0,0,0,0,0,0,0,0,0,0,0,0,0,0,0,0,0,0,0,0,0,0,0,0,0,-1,1,-1,1,0,0,0,1,-1,0,0,4,0,0,0,0,0,0,0,0,0,0,0,0,0,0,0,1,0,1,0,0,0,1,1,0,0,5,0,1,0,1,0,0,0,0,0,2,0,0,1,0,-1,1,-1,1,0,0,0,1,-1,0,0,4,0,0,0,1,2,0,0,2,1,1,2,2,1,0,0,0,0,0,0,0,0,0,0,0,0,-2,-1,0,0,-2,-1,0,0,0,0,0,0,0,0,1,2,0,0,2,1,1,2,2,1,-2,-1,0,0,-2,-1
2581,87,1,0,1,1,0,0,1,0,0,0,0,1,0,1,0,0,1,0,0,0,1,0,0,0,0,0,0,0,0,0,0,0,0,0,0,0,0,0,0,0,0,0,0,0,0,0,0,0,0,0,0,0,0,0,1,0,0,0,1,-1,0,0,0,1,0,1,0,0,0,0,0,0,0,0,0,0,0,0,0,0,1,1,0,0,1,0,0,0,0,1,0,1,0,0,1,0,0,0,1,0,0,0,0,0,0,0,1,0,0,0,1,-1,0,0,0,1,0,1,0,0,1,1,0,1,0,1,0,0,4,0,0,0,0,0,0,0,0,0,0,0,0,0,0,-1,1,1,-4,1,0,0,0,0,0,0,0,0,1,1,0,1,0,1,0,0,4,0,0,-1,1,1,-4,1
2581,87,2,0,1,0,1,0,0,0,1,0,1,1,0,0,0,0,0,0,0,0,0,0,0,0,0,1,0,0,0,0,0,0,0,0,0,0,0,0,0,0,0,0,0,0,0,0,0,0,0,0,0,0,0,0,1,0,1,0,0,0,1,0,1,1,-1,0,0,0,0,0,0,0,0,0,0,0,0,0,0,0,1,0,1,0,0,0,1,0,1,1,0,0,0,0,0,0,0,0,0,0,0,0,0,1,0,0,1,0,1,0,0,0,1,0,1,1,-1,0,0,1,0,1,0,1,1,1,2,0,1,0,0,0,0,0,0,0,0,0,0,0,0,0,-1,0,-2,1,-1,1,0,0,0,0,0,0,0,1,0,1,0,1,1,1,2,0,1,0,-1,0,-2,1,-1,1
2581,88,1,0,2,0,0,0,1,0,0,1,0,0,1,0,0,1,0,0,1,1,0,1,0,0,0,0,1,0,0,0,0,0,0,0,0,0,0,0,0,0,0,0,0,0,0,0,0,0,0,0,0,0,0,0,1,0,0,-1,0,0,-1,1,0,0,1,-1,0,0,0,0,0,0,0,0,0,0,0,0,0,0,2,0,0,0,1,0,0,1,0,0,1,0,0,1,0,0,1,1,0,1,0,0,0,0,1,0,1,0,0,-1,0,0,-1,1,0,0,1,-1,0,0,3,0,0,1,0,0,0,0,0,0,0,0,0,0,0,0,0,0,0,0,0,0,0,0,3,0,0,1,0,0,0,0,0,0,0,0,3,0,0,1,0,0,0,0,0,0,0,0,3,0,0,1
2581,88,2,0,0,1,0,1,0,0,0,2,2,1,0,0,0,0,1,0,0,1,0,0,1,0,2,0,0,0,0,0,0,0,0,0,0,0,0,0,0,0,0,0,0,0,0,0,0,0,0,0,0,0,0,0,0,0,0,1,-1,0,0,1,2,-1,0,0,0,0,0,0,0,0,0,0,0,0,0,0,0,0,0,1,0,1,0,0,0,2,2,1,0,0,0,0,1,0,0,1,0,0,1,0,2,0,0,0,0,0,0,1,-1,0,0,1,2,-1,0,0,1,1,1,0,0,0,0,0,0,0,1,1,0,0,0,0,0,0,0,0,0,0,0,0,1,1,1,0,-1,-1,0,0,0,0,0,0,1,1,1,0,0,0,0,0,0,0,1,1,1,1,1,0,-1,-1
2581,89,1,0,0,1,0,2,0,1,0,2,0,0,1,0,1,0,0,0,1,0,0,0,0,0,0,0,0,0,0,0,0,0,0,0,0,0,0,0,0,0,0,0,0,0,0,0,0,0,0,0,0,0,0,-1,0,1,0,1,0,1,0,2,0,0,1,0,0,0,0,0,0,0,0,0,0,0,0,0,0,0,0,1,0,2,0,1,0,2,0,0,1,0,1,0,0,0,1,0,0,0,0,0,0,0,0,-1,0,1,0,1,0,1,0,2,0,0,1,0,0,0,0,0,0,1,1,0,0,0,0,1,0,0,0,0,0,0,0,0,0,0,0,0,-1,0,0,0,0,0,0,0,0,0,0,0,0,0,0,0,0,1,1,0,0,0,0,1,-1,0,0,0,0,0
2581,89,2,1,0,0,0,1,0,1,1,0,0,2,1,0,0,0,1,0,0,1,0,0,0,0,1,1,1,0,0,0,0,0,0,0,0,0,0,0,0,0,0,0,0,0,0,0,0,0,0,0,0,0,0,1,0,-1,0,1,-1,1,1,0,0,1,0,-1,0,0,0,0,0,0,0,0,0,0,0,0,0,1,0,0,0,1,0,1,1,0,0,2,1,0,0,0,1,0,0,1,0,0,0,0,1,1,1,1,0,-1,0,1,-1,1,1,0,0,1,0,-1,1,0,0,0,1,0,0,1,1,1,0,1,0,0,0,0,0,0,0,0,0,0,0,0,1,-1,-1,-1,1,-1,0,0,0,0,0,0,1,0,0,0,1,0,0,1,1,1,0,1,1,-1,-1,-1,1,-1
2581,90,1,0,0,0,0,0,1,0,0,0,1,0,0,0,0,0,0,1,0,0,0,0,1,0,0,0,0,0,0,0,0,0,0,0,0,0,0,0,0,0,0,0,0,0,0,0,0,0,0,0,0,0,0,0,0,0,-1,0,1,0,0,-1,1,0,0,0,0,0,0,0,0,0,0,0,0,0,0,0,0,0,0,0,0,0,1,0,0,0,1,0,0,0,0,0,0,1,0,0,0,0,1,0,0,0,0,0,0,0,-1,0,1,0,0,-1,1,0,0,0,0,0,0,0,0,0,0,1,0,0,0,0,0,0,0,0,0,0,0,0,0,0,0,0,0,-1,0,0,0,0,0,0,0,0,0,0,0,0,0,0,0,0,0,1,0,0,0,0,0,-1,0,0,0,0
2581,90,2,0,1,0,0,0,0,1,0,0,0,0,1,0,1,0,0,1,1,1,0,0,0,1,0,1,1,0,0,0,0,0,0,0,0,0,0,0,0,0,0,0,0,0,0,0,0,0,0,0,0,0,0,-1,1,0,-1,-1,-1,1,0,0,-1,0,0,-1,0,0,0,0,0,0,0,0,0,0,0,0,0,0,1,0,0,0,0,1,0,0,0,0,1,0,1,0,0,1,1,1,0,0,0,1,0,1,1,-1,1,0,-1,-1,-1,1,0,0,-1,0,0,-1,0,1,0,0,0,0,0,1,0,0,0,0,0,0,0,0,0,0,0,0,0,0,0,0,0,0,0,0,0,0,0,0,0,0,0,0,0,1,0,0,0,0,0,1,0,0,0,0,0,0,0,0,0,0
2581,91,1,0,0,0,1,0,0,0,0,1,0,0,0,0,0,0,0,0,0,0,0,0,0,0,0,0,0,0,0,0,0,0,0,0,0,0,0,0,0,0,0,0,0,0,0,0,0,0,0,0,0,0,0,0,0,0,1,0,0,0,0,1,0,0,0,0,0,0,0,0,0,0,0,0,0,0,0,0,0,0,0,0,1,0,0,0,0,1,0,0,0,0,0,0,0,0,0,0,0,0,0,0,0,0,0,0,0,0,1,0,0,0,0,1,0,0,0,0,1,0,0,0,0,0,0,1,1,0,0,0,0,0,0,0,0,0,0,0,0,0,0,0,1,-1,-1,0,0,0,0,0,0,0,0,0,1,0,0,0,0,0,0,1,1,0,0,0,1,-1,-1,0,0,0
2581,91,2,1,0,0,0,0,0,1,0,1,0,0,0,1,0,1,0,0,0,0,0,0,0,0,0,0,1,0,0,0,0,0,0,0,0,0,0,0,0,0,0,0,0,0,0,0,0,0,0,0,0,0,0,1,-1,0,0,0,0,1,0,1,0,0,0,0,0,0,0,0,0,0,0,0,0,0,0,0,0,1,0,0,0,0,0,1,0,1,0,0,0,1,0,1,0,0,0,0,0,0,0,0,0,0,1,1,-1,0,0,0,0,1,0,1,0,0,0,0,1,0,0,0,0,0,0,1,0,0,0,1,0,0,0,0,0,0,0,0,0,0,0,0,1,-1,0,0,0,-1,0,0,0,0,0,0,1,0,0,0,0,0,0,1,0,0,0,1,1,-1,0,0,0,-1
2581,92,1,0,0,0,0,0,0,0,0,0,0,0,1,0,0,0,0,1,0,0,0,0,0,0,0,1,0,0,0,0,0,0,0,0,0,0,0,0,0,0,0,0,0,0,0,0,0,0,0,0,0,0,0,0,0,0,-1,0,0,0,0,0,0,0,0,0,0,0,0,0,0,0,0,0,0,0,0,0,0,0,0,0,0,0,0,0,0,0,0,0,1,0,0,0,0,1,0,0,0,0,0,0,0,1,0,0,0,0,-1,0,0,0,0,0,0,0,0,0,0,0,0,0,0,0,0,0,0,0,0,0,0,0,0,0,0,0,0,0,0,0,0,0,0,0,0,0,0,0,0,0,0,0,0,0,0,0,0,0,0,0,0,0,0,0,0,0,0,0,0,0,0,0
2581,92,2,1,0,1,1,0,0,1,0,1,0,0,0,0,0,0,1,0,0,0,0,0,0,1,1,0,1,0,0,0,0,0,0,0,0,0,0,0,0,0,0,0,0,0,0,0,0,0,0,0,0,0,0,1,0,0,1,0,0,1,0,1,-1,-1,0,-1,0,0,0,0,0,0,0,0,0,0,0,0,0,1,0,1,1,0,0,1,0,1,0,0,0,0,0,0,1,0,0,0,0,0,0,1,1,0,1,1,0,0,1,0,0,1,0,1,-1,-1,0,-1,0,0,0,0,0,1,0,1,0,0,0,0,0,0,0,0,0,0,0,0,0,0,0,0,0,-1,0,0,0,1,0,0,0,0,0,0,0,0,0,0,0,1,0,1,0,0,0,0,0,-1,0,0,0,1
2581,93,1,0,0,1,1,0,0,0,0,0,0,0,0,0,0,0,0,0,0,0,0,0,0,1,0,1,0,0,0,0,0,0,0,0,0,0,0,0,0,0,0,0,0,0,0,0,0,0,0,0,0,0,0,0,0,1,1,0,0,0,0,0,-1,0,-1,0,0,0,0,0,0,0,0,0,0,0,0,0,0,0,0,1,1,0,0,0,0,0,0,0,0,0,0,0,0,0,0,0,0,0,0,1,0,1,0,0,0,1,1,0,0,0,0,0,-1,0,-1,0,0,1,0,0,0,0,0,1,0,1,0,0,0,0,0,0,0,0,0,0,0,0,0,0,0,0,0,-1,0,0,0,0,0,0,0,0,0,1,0,0,0,0,0,1,0,1,0,0,0,0,0,-1,0,0
2581,93,2,0,1,0,0,0,0,0,0,0,0,0,0,1,0,1,0,0,0,0,0,0,0,0,0,0,1,0,0,0,0,0,0,0,0,0,0,0,0,0,0,0,0,0,0,0,0,0,0,0,0,0,0,0,0,0,0,0,0,0,0,0,0,0,0,0,0,0,0,0,0,0,0,0,0,0,0,0,0,0,1,0,0,0,0,0,0,0,0,0,0,1,0,1,0,0,0,0,0,0,0,0,0,0,1,0,0,0,0,0,0,0,0,0,0,0,0,0,1,0,2,0,0,0,0,0,0,0,0,1,0,0,0,0,0,0,0,0,0,0,0,0,1,0,2,0,0,-1,0,0,0,0,0,0,1,0,2,0,0,0,0,0,0,0,0,1,1,0,2,0,0,-1
2581,94,1,0,0,0,0,0,0,1,0,0,0,0,0,0,0,0,0,0,0,0,0,0,0,1,0,0,0,0,0,0,0,0,0,0,0,0,0,0,0,0,0,0,0,0,0,0,0,0,0,0,0,0,0,0,0,0,0,0,0,1,0,0,-1,0,0,0,0,0,0,0,0,0,0,0,0,0,0,0,0,0,0,0,0,0,0,1,0,0,0,0,0,0,0,0,0,0,0,0,0,0,0,1,0,0,0,0,0,0,0,0,0,1,0,0,-1,0,0,0,0,0,0,1,0,0,0,0,0,0,0,0,0,0,0,0,0,0,0,0,0,0,0,0,0,0,0,1,0,0,0,0,0,0,0,0,0,0,0,1,0,0,0,0,0,0,0,0,0,0,0,1,0,0
2581,94,2,0,0,0,1,0,0,0,0,0,0,0,0,0,0,0,0,0,0,0,0,0,1,0,0,0,0,0,0,0,0,0,0,0,0,0,0,0,0,0,0,0,0,0,0,0,0,0,0,0,0,0,0,0,0,0,1,0,0,0,0,-1,0,0,0,0,0,0,0,0,0,0,0,0,0,0,0,0,0,0,0,0,1,0,0,0,0,0,0,0,0,0,0,0,0,0,0,0,0,0,1,0,0,0,0,0,0,0,1,0,0,0,0,-1,0,0,0,0,0,0,0,0,0,0,0,0,0,0,0,0,0,0,0,0,0,0,0,0,0,0,0,0,0,0,0,0,0,0,0,0,0,0,0,0,0,0,0,0,0,0,0,0,0,0,0,0,0,0,0,0,0,0
2581,95,1,0,0,0,0,0,0,0,0,0,0,0,0,0,0,0,0,0,0,0,0,0,0,0,0,0,0,0,0,0,0,0,0,0,0,0,0,0,0,0,0,0,0,0,0,0,0,0,0,0,0,0,0,0,0,0,0,0,0,0,0,0,0,0,0,0,0,0,0,0,0,0,0,0,0,0,0,0,0,0,0,0,0,0,0,0,0,0,0,0,0,0,0,0,0,0,0,0,0,0,0,0,0,0,0,0,0,0,0,0,0,0,0,0,0,0,0,0,0,0,0,0,0,0,0,0,0,0,0,0,0,0,0,0,0,0,0,0,0,0,0,0,0,0,0,0,0,0,0,0,0,0,0,0,0,0,0,0,0,0,0,0,0,0,0,0,0,0,0,0,0,0
2581,95,2,0,0,0,0,0,0,0,0,0,0,0,0,0,0,0,0,0,0,0,0,0,0,0,0,0,0,0,0,0,0,0,0,0,0,0,0,0,0,0,0,0,0,0,0,0,0,0,0,0,0,0,0,0,0,0,0,0,0,0,0,0,0,0,0,0,0,0,0,0,0,0,0,0,0,0,0,0,0,0,0,0,0,0,0,0,0,0,0,0,0,0,0,0,0,0,0,0,0,0,0,0,0,0,0,0,0,0,0,0,0,0,0,0,0,0,0,0,1,0,0,0,1,0,0,0,0,0,0,0,0,0,0,0,0,0,0,0,0,0,0,0,1,0,0,0,1,0,0,0,0,0,0,0,1,0,0,0,1,0,0,0,0,0,0,0,1,0,0,0,1,0
2581,96,1,0,0,0,1,0,0,0,0,0,0,0,0,0,0,0,0,0,0,0,0,0,1,0,0,0,0,0,0,0,0,0,0,0,0,0,0,0,0,0,0,0,0,0,0,0,0,0,0,0,0,0,0,0,0,0,1,0,0,0,0,-1,0,0,0,0,0,0,0,0,0,0,0,0,0,0,0,0,0,0,0,0,1,0,0,0,0,0,0,0,0,0,0,0,0,0,0,0,0,0,1,0,0,0,0,0,0,0,1,0,0,0,0,-1,0,0,0,0,0,0,0,0,0,0,0,0,0,0,0,0,0,0,0,0,0,0,0,0,0,0,0,0,0,0,0,0,0,0,0,0,0,0,0,0,0,0,0,0,0,0,0,0,0,0,0,0,0,0,0,0,0,0
2581,96,2,0,1,0,0,0,0,0,0,0,0,0,0,0,0,0,0,0,0,0,0,0,0,0,0,0,0,0,0,0,0,0,0,0,0,0,0,0,0,0,0,0,0,0,0,0,0,0,0,0,0,0,0,0,1,0,0,0,0,0,0,0,0,0,0,0,0,0,0,0,0,0,0,0,0,0,0,0,0,0,1,0,0,0,0,0,0,0,0,0,0,0,0,0,0,0,0,0,0,0,0,0,0,0,0,0,1,0,0,0,0,0,0,0,0,0,0,0,0,0,0,0,0,0,0,0,0,1,0,0,0,0,0,0,0,0,0,0,0,0,0,0,0,0,0,-1,0,0,0,0,0,0,0,0,0,0,0,0,0,0,0,0,0,1,0,0,0,0,0,-1,0,0
2581,97,1,0,0,0,0,0,0,0,0,0,0,1,0,0,0,0,0,0,0,0,0,0,0,1,1,0,0,0,0,0,0,0,0,0,0,0,0,0,0,0,0,0,0,0,0,0,0,0,0,0,0,0,0,0,0,0,0,0,0,0,0,0,-1,0,0,0,0,0,0,0,0,0,0,0,0,0,0,0,0,0,0,0,0,0,0,0,0,0,0,1,0,0,0,0,0,0,0,0,0,0,0,1,1,0,0,0,0,0,0,0,0,0,0,0,-1,0,0,0,0,0,0,0,0,0,0,0,0,0,0,0,0,0,0,0,0,0,0,0,0,0,0,0,0,0,0,0,0,0,0,0,0,0,0,0,0,0,0,0,0,0,0,0,0,0,0,0,0,0,0,0,0,0
2581,97,2,0,0,0,0,1,0,0,0,0,0,0,0,0,0,0,0,0,0,0,0,0,0,0,0,0,0,0,0,0,0,0,0,0,0,0,0,0,0,0,0,0,0,0,0,0,0,0,0,0,0,0,0,0,0,0,0,1,0,0,0,0,0,0,0,0,0,0,0,0,0,0,0,0,0,0,0,0,0,0,0,0,0,1,0,0,0,0,0,0,0,0,0,0,0,0,0,0,0,0,0,0,0,0,0,0,0,0,0,1,0,0,0,0,0,0,0,0,0,0,0,0,0,0,0,0,0,0,0,0,0,0,0,0,0,0,0,0,0,0,0,0,0,0,0,0,0,0,0,0,0,0,0,0,0,0,0,0,0,0,0,0,0,0,0,0,0,0,0,0,0,0
2581,98,1,0,0,0,0,0,0,0,0,0,0,0,0,0,0,0,0,0,0,0,0,0,0,0,0,0,0,0,0,0,0,0,0,0,0,0,0,0,0,0,0,0,0,0,0,0,0,0,0,0,0,0,0,0,0,0,0,0,0,0,0,0,0,0,0,0,0,0,0,0,0,0,0,0,0,0,0,0,0,0,0,0,0,0,0,0,0,0,0,0,0,0,0,0,0,0,0,0,0,0,0,0,0,0,0,0,0,0,0,0,0,0,0,0,0,0,0,0,0,0,0,0,0,0,0,0,0,0,0,0,0,0,0,0,0,0,0,0,0,0,0,0,0,0,0,0,0,0,0,0,0,0,0,0,0,0,0,0,0,0,0,0,0,0,0,0,0,0,0,0,0,0
2581,98,2,0,0,0,0,0,0,0,0,0,0,1,1,0,0,0,0,0,0,0,0,0,1,0,0,0,0,0,0,0,0,0,0,0,0,0,0,0,0,0,0,0,0,0,0,0,0,0,0,0,0,0,0,0,0,0,0,0,0,0,0,-1,0,1,1,0,0,0,0,0,0,0,0,0,0,0,0,0,0,0,0,0,0,0,0,0,0,0,0,1,1,0,0,0,0,0,0,0,0,0,1,0,0,0,0,0,0,0,0,0,0,0,0,-1,0,1,1,0,0,0,0,0,0,1,0,0,0,0,0,0,0,0,0,0,0,0,0,0,0,0,0,0,0,0,0,0,0,1,0,0,0,0,0,0,0,0,0,0,0,1,0,0,0,0,0,0,0,0,0,0,0,1
2581,99,1,0,0,0,0,0,0,0,0,0,0,0,0,0,0,0,0,0,0,0,0,0,0,0,0,0,0,0,0,0,0,0,0,0,0,0,0,0,0,0,0,0,0,0,0,0,0,0,0,0,0,0,0,0,0,0,0,0,0,0,0,0,0,0,0,0,0,0,0,0,0,0,0,0,0,0,0,0,0,0,0,0,0,0,0,0,0,0,0,0,0,0,0,0,0,0,0,0,0,0,0,0,0,0,0,0,0,0,0,0,0,0,0,0,0,0,0,0,0,0,0,0,0,0,0,0,0,0,0,0,0,0,0,0,0,0,0,0,0,0,0,0,0,0,0,0,0,0,0,0,0,0,0,0,0,0,0,0,0,0,0,0,0,0,0,0,0,0,0,0,0,0
2581,99,2,0,0,0,0,1,0,0,0,1,0,0,0,0,0,0,0,0,0,0,0,0,0,0,0,0,0,0,0,0,0,0,0,0,0,0,0,0,0,0,0,0,0,0,0,0,0,0,0,0,0,0,0,0,0,0,0,1,0,0,0,1,0,0,0,0,0,0,0,0,0,0,0,0,0,0,0,0,0,0,0,0,0,1,0,0,0,1,0,0,0,0,0,0,0,0,0,0,0,0,0,0,0,0,0,0,0,0,0,1,0,0,0,1,0,0,0,0,0,0,0,0,0,0,0,0,0,0,0,0,0,0,0,0,0,0,0,0,0,0,0,0,0,0,0,0,0,0,0,0,0,0,0,0,0,0,0,0,0,0,0,0,0,0,0,0,0,0,0,0,0,0
2581,100+,1,0,0,0,0,0,0,0,0,0,0,0,0,0,0,0,0,0,0,0,0,0,0,0,0,0,0,0,0,0,0,0,0,0,0,0,0,0,0,0,0,0,0,0,0,0,0,0,0,0,0,0,0,0,0,0,0,0,0,0,0,0,0,0,0,0,0,0,0,0,0,0,0,0,0,0,0,0,0,0,0,0,0,0,0,0,0,0,0,0,0,0,0,0,0,0,0,0,0,0,0,0,0,0,0,0,0,0,0,0,0,0,0,0,0,0,0,0,0,0,0,0,0,0,0,0,0,0,0,0,0,0,0,0,0,0,0,0,0,0,0,0,0,0,0,0,0,0,0,0,0,0,0,0,0,0,0,0,0,0,0,0,0,0,0,0,0,0,0,0,0,0
2581,100+,2,0,0,0,0,0,0,0,0,0,0,0,0,0,0,0,0,0,0,0,0,0,0,1,0,0,0,0,0,0,0,0,0,0,0,0,0,0,0,0,0,0,0,0,0,0,0,0,0,0,0,0,0,0,0,0,0,0,0,0,0,0,-1,0,0,0,0,0,0,0,0,0,0,0,0,0,0,0,0,0,0,0,0,0,0,0,0,0,0,0,0,0,0,0,0,0,0,0,0,0,0,1,0,0,0,0,0,0,0,0,0,0,0,0,-1,0,0,0,0,0,0,0,0,0,0,0,0,0,0,0,0,0,0,0,0,0,0,0,0,0,0,0,0,0,0,0,0,0,0,0,0,0,0,0,0,0,0,0,0,0,0,0,0,0,0,0,0,0,0,0,0,0
2560,80,1,0,0,0,0,1,0,1,0,0,0,0,0,0,0,0,0,1,0,1,0,0,0,2,0,0,0,0,0,0,0,0,0,0,0,0,0,0,0,0,0,0,0,0,0,0,0,0,0,0,0,0,0,0,0,0,-1,1,-1,1,0,0,-2,0,0,0,0,0,0,0,0,0,0,0,0,0,0,0,0,0,0,0,0,1,0,1,0,0,0,0,0,0,0,0,0,1,0,1,0,0,0,2,0,0,0,0,0,0,-1,1,-1,1,0,0,-2,0,0,0,1,1,1,0,1,0,2,0,0,2,2,1,0,0,0,0,0,0,0,0,0,0,0,0,-1,1,1,-2,-1,-1,0,0,0,0,0,0,1,1,1,0,1,0,2,0,0,2,2,1,-1,1,1,-2,-1,-1
2560,80,2,0,0,0,0,0,0,0,0,0,1,1,1,0,0,1,1,1,0,0,0,1,1,0,1,1,0,0,0,0,0,0,0,0,0,0,0,0,0,0,0,0,0,0,0,0,0,0,0,0,0,0,0,0,-1,-1,-1,0,0,0,-1,-1,1,0,0,0,0,0,0,0,0,0,0,0,0,0,0,0,0,0,0,0,0,0,0,0,0,0,1,1,1,0,0,1,1,1,0,0,0,1,1,0,1,1,0,0,-1,-1,-1,0,0,0,-1,-1,1,0,0,0,1,0,0,0,0,0,1,0,0,1,0,0,0,0,0,0,0,0,0,0,0,0,0,0,0,0,0,-1,0,0,0,0,0,0,0,0,1,0,0,0,0,0,1,0,0,1,0,0,0,0,0,-1,0,0
2560,81,1,0,0,0,0,0,1,0,0,1,1,1,0,0,1,0,0,0,0,0,0,0,0,0,1,2,0,0,0,0,0,0,0,0,0,0,0,0,0,0,0,0,0,0,0,0,0,0,0,0,1,0,0,-1,0,0,0,0,1,0,0,1,1,0,-2,0,0,0,0,0,0,0,0,0,0,0,-1,0,0,0,0,0,0,0,1,0,0,1,1,1,0,0,1,0,0,0,0,0,0,0,0,0,0,2,0,-1,0,0,0,0,1,0,0,1,1,1,-2,0,1,0,1,1,0,1,1,0,1,1,0,0,0,0,0,0,0,0,0,0,0,0,0,0,0,0,0,0,0,1,0,0,0,0,0,0,1,0,1,1,0,1,1,0,1,1,0,0,0,0,0,0,0,1
2560,81,2,0,0,1,0,0,0,0,0,1,1,1,0,1,1,0,0,1,0,2,0,0,1,0,0,1,0,0,0,0,0,0,0,0,0,0,0,0,0,0,0,0,0,0,0,0,0,0,0,0,0,0,0,-1,0,1,-1,0,-2,0,0,0,1,1,-1,1,0,0,0,0,0,0,0,0,0,0,0,0,0,0,0,1,0,0,0,0,0,1,1,1,0,1,1,0,0,1,0,2,0,0,1,0,0,1,0,-1,0,1,-1,0,-2,0,0,0,1,1,-1,1,1,0,0,0,0,1,1,0,0,0,0,0,0,0,0,0,0,1,0,0,0,0,0,0,0,0,0,0,0,1,0,0,0,0,0,1,1,0,0,0,0,0,1,0,0,0,0,0,0,0,0,0,0,0
2560,82,1,0,0,0,0,0,0,0,0,1,0,2,0,0,0,0,0,0,0,0,1,0,1,0,0,0,0,0,0,0,0,0,0,0,0,0,0,0,0,0,0,0,0,0,0,0,0,0,0,0,0,0,0,0,0,0,0,0,0,-1,0,0,0,2,0,0,0,0,0,0,0,0,0,0,0,0,0,0,0,0,0,0,0,0,0,0,0,1,0,2,0,0,0,0,0,0,0,0,1,0,1,0,0,0,0,0,0,0,0,0,0,-1,0,0,0,2,0,0,1,0,1,0,1,0,1,0,0,0,0,1,0,0,0,0,0,0,0,0,0,0,0,0,0,0,1,0,1,-1,0,0,0,0,0,0,1,0,1,0,1,0,1,0,0,0,0,1,0,0,1,0,1,-1
2560,82,2,0,0,0,0,0,0,1,0,0,0,0,0,1,0,0,0,1,0,1,0,2,0,1,0,2,2,0,0,0,0,0,0,0,0,0,0,0,0,0,0,0,0,0,0,0,0,0,0,0,0,0,0,0,0,0,-1,0,-1,1,-2,0,-1,0,-2,-1,0,0,0,0,0,0,0,0,0,0,0,0,0,0,0,0,0,0,0,1,0,0,0,0,0,1,0,0,0,1,0,1,0,2,0,1,0,2,2,0,0,0,-1,0,-1,1,-2,0,-1,0,-2,-1,0,0,2,0,2,1,0,0,2,0,3,0,0,0,0,0,1,0,0,0,0,0,0,0,0,0,0,0,-1,1,0,0,0,0,1,0,0,0,2,0,1,1,0,0,2,0,3,0,0,0,0,0,-2,1
2560,83,1,0,0,0,0,1,0,0,0,0,0,0,0,0,0,1,0,1,2,0,0,1,0,0,3,1,0,0,0,0,0,0,0,0,0,0,0,0,0,0,0,0,0,0,0,0,0,0,0,0,0,0,0,0,-1,0,-1,-1,0,0,-1,0,0,-3,-1,0,0,0,0,0,0,0,0,0,0,0,0,0,0,0,0,0,0,1,0,0,0,0,0,0,0,0,0,1,0,1,2,0,0,1,0,0,3,1,0,0,-1,0,-1,-1,0,0,-1,0,0,-3,-1,0,0,0,0,0,0,0,0,0,0,1,0,1,0,0,0,0,0,0,0,0,0,0,0,0,0,0,0,-1,0,-1,0,0,0,0,0,0,0,0,0,0,0,0,0,0,0,1,0,1,0,0,0,-1,0,-1
2560,83,2,0,1,0,0,0,0,1,0,0,0,0,1,0,0,1,0,0,1,0,1,1,0,0,0,1,1,0,1,0,0,0,0,0,0,0,0,0,0,0,0,0,0,0,0,0,0,0,0,0,0,0,0,0,0,0,0,-1,0,0,-1,0,0,0,0,-1,0,1,0,0,0,0,0,0,0,0,0,0,0,0,0,0,0,0,0,1,0,0,0,0,1,0,0,1,0,0,1,0,1,1,0,0,0,1,1,0,-1,0,0,-1,0,0,-1,0,0,0,0,-1,0,0,1,0,0,1,0,1,0,1,0,0,0,0,0,0,0,0,0,0,0,0,0,0,0,-1,1,-1,0,1,0,0,0,0,0,0,0,0,1,0,0,1,0,1,0,1,0,0,0,-1,1,-1,0,1
2560,84,1,0,1,0,0,0,0,0,0,0,0,0,0,0,0,1,0,0,0,0,0,0,0,0,0,0,1,0,0,0,0,0,0,0,0,0,0,0,0,0,0,0,0,0,0,0,0,0,0,0,0,0,0,0,0,0,0,0,0,0,0,0,0,0,0,-1,0,0,0,0,0,0,0,0,0,0,0,0,0,0,1,0,0,0,0,0,0,0,0,0,0,0,0,1,0,0,0,0,0,0,0,0,0,0,1,0,0,0,0,0,0,0,0,0,0,0,0,-1,0,1,0,0,0,0,0,0,0,1,0,0,0,0,0,0,0,0,0,0,0,0,0,0,0,1,0,-1,0,0,0,0,0,0,0,0,0,1,0,0,0,0,0,0,0,1,0,0,0,1,0,-1,0,0
2560,84,2,0,1,0,0,0,0,0,0,1,0,1,0,0,1,0,1,1,0,1,0,0,0,0,0,0,0,0,0,0,0,0,0,0,0,0,0,0,0,0,0,0,0,0,0,0,0,0,0,0,0,0,0,-1,1,-1,-1,0,-1,0,0,1,0,1,0,0,0,0,0,0,0,0,0,0,0,0,0,0,0,0,1,0,0,0,0,0,0,1,0,1,0,0,1,0,1,1,0,1,0,0,0,0,0,0,0,-1,1,-1,-1,0,-1,0,0,1,0,1,0,0,0,0,0,1,0,0,0,0,0,1,0,0,0,0,0,0,0,0,0,0,0,0,0,0,0,0,0,0,0,0,0,0,0,0,0,0,0,0,0,1,0,0,0,0,0,1,0,0,0,0,0,0,0,0
2560,85,1,1,0,0,0,0,0,0,0,0,0,0,1,0,0,2,1,1,0,1,0,0,0,0,2,0,1,0,0,0,0,0,0,0,0,0,0,0,0,0,0,0,0,0,0,0,0,0,0,0,0,0,0,1,-2,-1,-1,0,-1,0,0,0,0,-2,1,-1,0,0,0,0,0,0,0,0,0,0,0,0,0,1,0,0,0,0,0,0,0,0,0,0,1,0,0,2,1,1,0,1,0,0,0,0,2,0,1,1,-2,-1,-1,0,-1,0,0,0,0,-2,1,-1,2,0,0,0,0,0,0,0,0,0,0,0,0,0,0,0,0,0,0,0,0,0,0,0,2,0,0,0,0,0,0,0,0,0,0,0,2,0,0,0,0,0,0,0,0,0,0,0,2,0,0,0,0,0
2560,85,2,0,0,0,0,0,0,0,0,0,0,0,1,1,1,0,1,0,1,0,0,0,0,0,0,2,0,0,0,0,0,0,0,0,0,0,0,0,0,0,0,0,0,0,0,0,0,0,0,0,0,0,0,-1,0,-1,0,-1,0,0,0,0,0,0,-1,1,0,0,0,0,0,0,0,0,0,0,0,0,0,0,0,0,0,0,0,0,0,0,0,0,1,1,1,0,1,0,1,0,0,0,0,0,0,2,0,-1,0,-1,0,-1,0,0,0,0,0,0,-1,1,0,0,0,1,1,0,2,0,1,0,0,2,0,0,0,0,0,0,0,0,0,0,0,0,-2,0,-1,1,1,-2,0,0,0,0,0,0,0,0,0,1,1,0,2,0,1,0,0,2,-2,0,-1,1,1,-2
2560,86,1,0,0,1,0,0,0,0,0,1,0,0,0,1,0,0,0,1,0,1,0,0,0,1,0,0,0,0,0,0,0,0,0,0,0,0,0,0,0,0,0,0,0,0,0,0,0,0,0,0,0,0,0,0,0,1,-1,0,-1,0,0,1,-1,0,0,1,0,0,0,0,0,0,0,0,0,0,0,0,0,0,0,1,0,0,0,0,0,1,0,0,0,1,0,0,0,1,0,1,0,0,0,1,0,0,0,0,0,1,-1,0,-1,0,0,1,-1,0,0,1,0,0,0,0,0,0,0,0,0,1,1,0,0,0,0,0,0,0,0,0,0,0,0,0,0,0,0,-1,-1,0,0,0,0,0,0,0,0,0,0,0,0,0,0,0,0,1,1,0,0,0,0,-1,-1,0
2560,86,2,0,0,1,0,1,0,0,0,0,0,1,0,0,0,1,1,0,0,0,0,2,0,0,0,2,0,0,0,0,0,0,0,0,0,0,0,0,0,0,0,0,0,0,0,0,0,0,0,0,0,0,0,0,-1,0,0,1,0,0,-2,0,0,1,-2,0,0,0,0,0,0,0,0,0,0,0,0,0,0,0,0,1,0,1,0,0,0,0,0,1,0,0,0,1,1,0,0,0,0,2,0,0,0,2,0,0,-1,0,0,1,0,0,-2,0,0,1,-2,0,0,0,1,2,1,0,0,0,0,0,0,0,0,0,0,0,0,0,0,0,0,0,0,0,0,0,1,2,1,0,0,0,0,0,0,0,0,0,1,2,1,0,0,0,0,0,0,0,0,0,1,2,1,0
2560,87,1,0,0,1,0,0,0,1,0,0,0,0,0,0,0,0,0,0,0,0,0,0,0,0,0,0,0,0,0,0,0,0,0,0,0,0,0,0,0,0,0,0,0,0,0,0,0,0,0,0,0,0,0,0,0,1,0,0,0,1,0,0,0,0,0,0,0,0,0,0,0,0,0,0,0,0,0,0,0,0,0,1,0,0,0,1,0,0,0,0,0,0,0,0,0,0,0,0,0,0,0,0,0,0,0,0,0,1,0,0,0,1,0,0,0,0,0,0,0,0,0,0,1,0,0,0,1,1,0,0,0,0,0,0,0,0,0,0,0,0,0,0,0,0,-1,-1,1,0,0,0,0,0,0,0,0,0,0,0,1,0,0,0,1,1,0,0,0,0,-1,-1,1,0
2560,87,2,1,0,0,0,1,0,0,0,0,0,0,0,0,0,1,0,1,0,0,0,0,0,0,0,0,0,0,0,0,0,0,0,0,0,0,0,0,0,0,0,0,0,0,0,0,0,0,0,0,0,0,0,1,-1,0,-1,1,0,0,0,0,0,0,0,0,0,0,0,0,0,0,0,0,0,0,0,0,0,1,0,0,0,1,0,0,0,0,0,0,0,0,0,1,0,1,0,0,0,0,0,0,0,0,0,1,-1,0,-1,1,0,0,0,0,0,0,0,0,0,0,1,0,0,0,0,0,0,0,0,0,0,0,0,0,0,0,0,0,0,0,0,0,0,0,1,0,0,0,0,0,0,0,0,0,0,0,1,0,0,0,0,0,0,0,0,0,0,0,1,0,0,0
2560,88,1,0,0,0,0,1,0,0,0,0,0,0,0,0,0,1,0,0,0,0,0,0,0,1,0,0,0,0,0,0,0,0,0,0,0,0,0,0,0,0,0,0,0,0,0,0,0,0,0,0,0,0,0,0,-1,0,0,1,0,0,0,0,-1,0,0,0,0,0,0,0,0,0,0,0,0,0,0,0,0,0,0,0,0,1,0,0,0,0,0,0,0,0,0,1,0,0,0,0,0,0,0,1,0,0,0,0,-1,0,0,1,0,0,0,0,-1,0,0,0,0,0,0,0,1,0,0,1,0,0,0,1,0,0,0,0,0,0,0,0,0,0,0,0,0,-1,0,0,1,-1,0,0,0,0,0,0,0,0,0,0,1,0,0,1,0,0,0,1,0,-1,0,0,1,-1
2560,88,2,0,0,0,0,1,0,0,0,1,0,0,0,0,0,0,0,0,1,0,0,0,1,1,0,0,0,0,0,0,0,0,0,0,0,0,0,0,0,0,0,0,0,0,0,0,0,0,0,0,0,0,0,0,0,0,0,0,0,0,0,0,-1,0,0,0,0,0,0,0,0,0,0,0,0,0,0,0,0,0,0,0,0,1,0,0,0,1,0,0,0,0,0,0,0,0,1,0,0,0,1,1,0,0,0,0,0,0,0,0,0,0,0,0,-1,0,0,0,0,0,0,0,0,1,0,0,0,1,0,1,0,0,0,0,0,0,0,0,0,0,0,0,0,0,0,-1,0,0,0,0,0,0,0,0,0,0,0,0,0,1,0,0,0,1,0,1,0,0,0,-1,0,0
2560,89,1,0,0,0,0,0,0,0,0,0,0,0,1,0,0,0,0,0,0,0,0,0,0,0,0,0,0,0,0,0,0,0,0,0,0,0,0,0,0,0,0,0,0,0,0,0,0,0,0,0,0,0,0,0,0,0,0,0,0,0,0,0,0,0,1,0,0,0,0,0,0,0,0,0,0,0,0,0,0,0,0,0,0,0,0,0,0,0,0,0,1,0,0,0,0,0,0,0,0,0,0,0,0,0,0,0,0,0,0,0,0,0,0,0,0,0,1,0,0,0,1,0,0,0,0,0,1,0,0,0,0,0,0,0,0,0,0,0,0,0,0,0,0,0,0,0,0,0,0,0,0,0,0,0,0,0,1,0,0,0,0,0,1,0,0,0,0,0,0,0,0,0
2560,89,2,0,0,1,1,2,0,0,1,0,0,1,0,0,0,0,0,0,2,0,0,1,1,1,1,0,1,0,0,0,0,0,0,0,0,0,0,0,0,0,0,0,0,0,0,0,0,0,0,0,0,0,0,0,0,1,1,0,0,0,0,-1,-1,0,0,-1,0,0,0,0,0,0,0,0,0,0,0,0,0,0,0,1,1,2,0,0,1,0,0,1,0,0,0,0,0,0,2,0,0,1,1,1,1,0,1,0,0,1,1,0,0,0,0,-1,-1,0,0,-1,0,0,0,0,0,0,0,0,0,1,0,0,0,0,0,0,0,0,0,0,0,0,0,0,0,0,0,-1,0,0,0,0,0,0,0,0,0,0,0,0,0,0,0,0,0,1,0,0,0,0,0,-1,0,0
2560,90,1,0,0,0,0,0,0,1,0,0,0,0,0,0,0,0,0,0,0,0,0,0,0,0,0,0,0,0,0,0,0,0,0,0,0,0,0,0,0,0,0,0,0,0,0,0,0,0,0,0,0,0,0,0,0,0,0,0,0,1,0,0,0,0,0,0,0,0,0,0,0,0,0,0,0,0,0,0,0,0,0,0,0,0,0,1,0,0,0,0,0,0,0,0,0,0,0,0,0,0,0,0,0,0,0,0,0,0,0,0,0,1,0,0,0,0,0,0,0,1,0,0,1,0,0,0,0,0,0,0,0,0,0,0,0,0,0,0,0,0,0,0,0,1,0,0,1,0,0,0,0,0,0,0,0,1,0,0,1,0,0,0,0,0,0,0,0,1,0,0,1,0
2560,90,2,0,0,0,0,0,0,0,0,2,0,1,0,0,0,0,0,0,0,0,1,1,1,0,0,0,0,0,0,0,0,0,0,0,0,0,0,0,0,0,0,0,0,0,0,0,0,0,0,0,0,0,0,0,0,0,0,0,0,-1,-1,1,0,1,0,0,0,0,0,0,0,0,0,0,0,0,0,0,0,0,0,0,0,0,0,0,0,2,0,1,0,0,0,0,0,0,0,0,1,1,1,0,0,0,0,0,0,0,0,0,0,-1,-1,1,0,1,0,0,0,0,0,0,0,0,0,0,0,0,0,0,0,0,0,0,0,0,0,0,0,0,0,0,0,0,0,0,0,0,0,0,0,0,0,0,0,0,0,0,0,0,0,0,0,0,0,0,0,0,0,0,0,0
2560,91,1,0,0,0,0,0,0,0,0,0,0,1,0,0,0,0,0,0,0,0,0,0,0,0,0,0,0,0,0,0,0,0,0,0,0,0,0,0,0,0,0,0,0,0,0,0,0,0,0,0,0,0,0,0,0,0,0,0,0,0,0,0,0,1,0,0,0,0,0,0,0,0,0,0,0,0,0,0,0,0,0,0,0,0,0,0,0,0,0,1,0,0,0,0,0,0,0,0,0,0,0,0,0,0,0,0,0,0,0,0,0,0,0,0,0,1,0,0,0,1,0,0,0,0,0,0,0,0,0,0,0,0,0,0,0,0,0,0,0,0,0,0,0,1,0,0,0,0,0,0,0,0,0,0,0,1,0,0,0,0,0,0,0,0,0,0,0,1,0,0,0,0
2560,91,2,0,0,0,0,0,0,0,0,0,0,0,0,0,1,0,0,0,0,0,1,1,1,0,0,0,0,0,0,0,0,0,0,0,0,0,0,0,0,0,0,0,0,0,0,0,0,0,0,0,0,0,0,-1,0,0,0,0,0,-1,-1,-1,0,0,0,0,0,0,0,0,0,0,0,0,0,0,0,0,0,0,0,0,0,0,0,0,0,0,0,0,0,0,1,0,0,0,0,0,1,1,1,0,0,0,0,-1,0,0,0,0,0,-1,-1,-1,0,0,0,0,0,0,0,0,0,0,0,1,0,0,0,0,0,0,0,0,0,0,0,0,0,0,0,0,0,-1,0,0,0,0,0,0,0,0,0,0,0,0,0,0,0,0,0,1,0,0,0,0,0,-1,0,0,0,0
2560,92,1,0,0,0,0,0,0,0,0,0,0,0,0,0,0,0,0,0,0,0,0,1,0,0,0,0,0,0,0,0,0,0,0,0,0,0,0,0,0,0,0,0,0,0,0,0,0,0,0,0,0,0,0,0,0,0,0,0,0,0,-1,0,0,0,0,0,0,0,0,0,0,0,0,0,0,0,0,0,0,0,0,0,0,0,0,0,0,0,0,0,0,0,0,0,0,0,0,0,0,1,0,0,0,0,0,0,0,0,0,0,0,0,-1,0,0,0,0,0,0,0,0,0,0,0,0,0,0,0,0,0,0,0,0,0,0,0,0,0,0,0,0,0,0,0,0,0,0,0,0,0,0,0,0,0,0,0,0,0,0,0,0,0,0,0,0,0,0,0,0,0,0,0
2560,92,2,0,0,0,0,0,0,0,0,0,0,0,0,0,0,0,1,1,0,0,0,0,1,0,1,0,0,0,0,0,0,0,0,0,0,0,0,0,0,0,0,0,0,0,0,0,0,0,0,0,0,0,0,0,0,-1,-1,0,0,0,0,-1,0,-1,0,0,0,0,0,0,0,0,0,0,0,0,0,0,0,0,0,0,0,0,0,0,0,0,0,0,0,0,0,0,1,1,0,0,0,0,1,0,1,0,0,0,0,-1,-1,0,0,0,0,-1,0,-1,0,0,0,0,0,0,0,0,0,0,0,0,0,0,0,0,0,0,0,0,0,0,0,0,0,0,0,0,0,0,0,0,0,0,0,0,0,0,0,0,0,0,0,0,0,0,0,0,0,0,0,0,0,0,0,0
2560,93,1,0,1,0,0,0,0,0,0,1,0,0,0,0,0,0,0,1,0,1,0,0,0,0,0,0,0,0,0,0,0,0,0,0,0,0,0,0,0,0,0,0,0,0,0,0,0,0,0,0,0,0,0,0,1,0,-1,0,-1,0,0,1,0,0,0,0,0,0,0,0,0,0,0,0,0,0,0,0,0,0,1,0,0,0,0,0,0,1,0,0,0,0,0,0,0,1,0,1,0,0,0,0,0,0,0,0,1,0,-1,0,-1,0,0,1,0,0,0,0,0,0,0,0,0,0,0,0,0,1,0,0,0,0,0,0,0,0,0,0,0,0,0,0,0,0,0,-1,0,0,0,0,0,0,0,0,0,0,0,0,0,0,0,0,0,1,0,0,0,0,0,-1,0,0
2560,93,2,0,0,0,0,0,0,0,0,0,0,0,0,0,0,0,0,1,0,0,0,0,0,0,0,0,0,0,0,0,0,0,0,0,0,0,0,0,0,0,0,0,0,0,0,0,0,0,0,0,0,0,0,0,0,0,-1,0,0,0,0,0,0,0,0,0,0,0,0,0,0,0,0,0,0,0,0,0,0,0,0,0,0,0,0,0,0,0,0,0,0,0,0,0,0,1,0,0,0,0,0,0,0,0,0,0,0,0,-1,0,0,0,0,0,0,0,0,0,0,0,0,0,0,0,0,0,0,0,0,1,0,0,0,0,0,0,0,0,0,0,0,0,0,0,0,0,0,-1,0,0,0,0,0,0,0,0,0,0,0,0,0,0,0,0,0,1,0,0,0,0,0,-1
2560,94,1,0,0,0,0,1,0,0,0,0,0,0,0,0,0,0,0,0,0,0,0,0,0,0,0,0,0,0,0,0,0,0,0,0,0,0,0,0,0,0,0,0,0,0,0,0,0,0,0,0,0,0,0,0,0,0,0,1,0,0,0,0,0,0,0,0,0,0,0,0,0,0,0,0,0,0,0,0,0,0,0,0,0,1,0,0,0,0,0,0,0,0,0,0,0,0,0,0,0,0,0,0,0,0,0,0,0,0,0,1,0,0,0,0,0,0,0,0,0,0,0,0,0,0,0,0,0,1,0,0,0,0,0,0,0,0,0,0,0,0,0,0,0,0,0,-1,0,0,0,0,0,0,0,0,0,0,0,0,0,0,0,0,0,1,0,0,0,0,0,-1,0,0
2560,94,2,0,0,0,0,0,0,0,0,0,1,0,0,0,0,0,0,0,0,0,0,0,0,0,0,0,0,0,0,0,0,0,0,0,0,0,0,0,0,0,0,0,0,0,0,0,0,0,0,0,0,0,0,0,0,0,0,0,0,0,0,0,1,0,0,0,0,0,0,0,0,0,0,0,0,0,0,0,0,0,0,0,0,0,0,0,0,0,1,0,0,0,0,0,0,0,0,0,0,0,0,0,0,0,0,0,0,0,0,0,0,0,0,0,1,0,0,0,0,0,0,0,0,0,0,0,0,1,0,0,0,0,0,0,0,0,0,0,0,0,0,0,0,0,0,-1,0,0,0,0,0,0,0,0,0,0,0,0,0,0,0,0,0,1,0,0,0,0,0,-1,0,0
2560,95,1,0,0,0,0,0,0,0,0,0,0,0,0,0,0,0,0,0,0,0,0,0,0,0,0,0,0,0,0,0,0,0,0,0,0,0,0,0,0,0,0,0,0,0,0,0,0,0,0,0,0,0,0,0,0,0,0,0,0,0,0,0,0,0,0,0,0,0,0,0,0,0,0,0,0,0,0,0,0,0,0,0,0,0,0,0,0,0,0,0,0,0,0,0,0,0,0,0,0,0,0,0,0,0,0,0,0,0,0,0,0,0,0,0,0,0,0,0,0,0,0,0,0,0,0,0,0,0,0,0,0,0,0,0,0,0,0,0,0,0,0,0,0,0,0,0,0,0,0,0,0,0,0,0,0,0,0,0,0,0,0,0,0,0,0,0,0,0,0,0,0,0
2560,95,2,0,0,0,0,0,0,0,0,0,0,0,0,0,0,0,0,0,0,0,0,0,0,0,0,0,0,0,0,0,0,0,0,0,0,0,0,0,0,0,0,0,0,0,0,0,0,0,0,0,0,0,0,0,0,0,0,0,0,0,0,0,0,0,0,0,0,0,0,0,0,0,0,0,0,0,0,0,0,0,0,0,0,0,0,0,0,0,0,0,0,0,0,0,0,0,0,0,0,0,0,0,0,0,0,0,0,0,0,0,0,0,0,0,0,0,0,0,0,0,0,0,0,0,0,0,0,0,0,0,0,0,0,0,0,0,0,0,0,0,0,0,0,0,0,0,0,0,0,0,0,0,0,0,0,0,0,0,0,0,0,0,0,0,0,0,0,0,0,0,0,0
2560,96,1,0,0,0,0,0,0,0,0,0,0,0,0,0,0,0,0,0,0,0,0,0,0,0,0,0,0,0,0,0,0,0,0,0,0,0,0,0,0,0,0,0,0,0,0,0,0,0,0,0,0,0,0,0,0,0,0,0,0,0,0,0,0,0,0,0,0,0,0,0,0,0,0,0,0,0,0,0,0,0,0,0,0,0,0,0,0,0,0,0,0,0,0,0,0,0,0,0,0,0,0,0,0,0,0,0,0,0,0,0,0,0,0,0,0,0,0,0,0,0,0,0,0,0,0,0,0,0,0,0,0,0,0,0,0,0,0,0,0,0,0,0,0,0,0,0,0,0,0,0,0,0,0,0,0,0,0,0,0,0,0,0,0,0,0,0,0,0,0,0,0,0
2560,96,2,0,0,0,0,0,0,0,0,0,0,0,0,0,0,0,0,0,0,0,0,1,0,0,0,0,0,0,0,0,0,0,0,0,0,0,0,0,0,0,0,0,0,0,0,0,0,0,0,0,0,0,0,0,0,0,0,0,0,0,-1,0,0,0,0,0,0,0,0,0,0,0,0,0,0,0,0,0,0,0,0,0,0,0,0,0,0,0,0,0,0,0,0,0,0,0,0,0,0,1,0,0,0,0,0,0,0,0,0,0,0,0,-1,0,0,0,0,0,0,0,0,0,0,0,0,0,0,0,0,0,0,0,0,0,0,0,0,0,0,0,0,0,0,0,0,0,0,0,0,0,0,0,0,0,0,0,0,0,0,0,0,0,0,0,0,0,0,0,0,0,0,0
2560,97,1,0,0,0,0,0,0,0,0,0,0,0,0,0,0,0,0,0,0,0,0,0,0,0,0,0,0,0,0,0,0,0,0,0,0,0,0,0,0,0,0,0,0,0,0,0,0,0,0,0,0,0,0,0,0,0,0,0,0,0,0,0,0,0,0,0,0,0,0,0,0,0,0,0,0,0,0,0,0,0,0,0,0,0,0,0,0,0,0,0,0,0,0,0,0,0,0,0,0,0,0,0,0,0,0,0,0,0,0,0,0,0,0,0,0,0,0,0,0,0,0,0,0,0,0,0,0,0,0,0,0,0,0,0,0,0,0,0,0,0,0,0,0,0,0,0,0,0,0,0,0,0,0,0,0,0,0,0,0,0,0,0,0,0,0,0,0,0,0,0,0,0
2560,97,2,0,0,0,0,0,0,0,0,0,0,0,0,0,0,0,0,0,1,0,0,0,1,0,0,0,0,0,0,0,0,0,0,0,0,0,0,0,0,0,0,0,0,0,0,0,0,0,0,0,0,0,0,0,0,0,0,-1,0,0,0,-1,0,0,0,0,0,0,0,0,0,0,0,0,0,0,0,0,0,0,0,0,0,0,0,0,0,0,0,0,0,0,0,0,0,0,1,0,0,0,1,0,0,0,0,0,0,0,0,-1,0,0,0,-1,0,0,0,0,0,0,0,0,0,0,0,0,0,0,0,0,0,0,0,0,0,0,0,0,0,0,0,0,0,0,0,0,0,0,0,0,0,0,0,0,0,0,0,0,0,0,0,0,0,0,0,0,0,0,0,0,0,0
2560,98,1,0,0,0,0,0,0,0,0,0,0,0,0,0,0,0,0,0,0,0,0,0,0,0,0,0,0,0,0,0,0,0,0,0,0,0,0,0,0,0,0,0,0,0,0,0,0,0,0,0,0,0,0,0,0,0,0,0,0,0,0,0,0,0,0,0,0,0,0,0,0,0,0,0,0,0,0,0,0,0,0,0,0,0,0,0,0,0,0,0,0,0,0,0,0,0,0,0,0,0,0,0,0,0,0,0,0,0,0,0,0,0,0,0,0,0,0,0,0,0,0,0,0,0,0,0,0,0,0,0,0,0,0,0,0,0,0,0,0,0,0,0,0,0,0,0,0,0,0,0,0,0,0,0,0,0,0,0,0,0,0,0,0,0,0,0,0,0,0,0,0,0
2560,98,2,0,0,0,0,0,0,0,1,0,0,0,0,0,0,0,0,0,0,0,0,0,0,0,0,0,0,0,0,0,0,0,0,0,0,0,0,0,0,0,0,0,0,0,0,0,0,0,0,0,0,0,0,0,0,0,0,0,0,0,1,0,0,0,0,0,0,0,0,0,0,0,0,0,0,0,0,0,0,0,0,0,0,0,0,0,1,0,0,0,0,0,0,0,0,0,0,0,0,0,0,0,0,0,0,0,0,0,0,0,0,0,1,0,0,0,0,0,0,0,0,0,0,0,0,0,0,0,0,0,0,0,0,0,0,0,0,0,0,0,0,0,0,0,0,0,0,0,0,0,0,0,0,0,0,0,0,0,0,0,0,0,0,0,0,0,0,0,0,0,0,0
2560,99,1,0,0,0,0,0,0,0,0,0,0,0,0,0,0,0,0,0,0,0,0,0,0,0,0,0,0,0,0,0,0,0,0,0,0,0,0,0,0,0,0,0,0,0,0,0,0,0,0,0,0,0,0,0,0,0,0,0,0,0,0,0,0,0,0,0,0,0,0,0,0,0,0,0,0,0,0,0,0,0,0,0,0,0,0,0,0,0,0,0,0,0,0,0,0,0,0,0,0,0,0,0,0,0,0,0,0,0,0,0,0,0,0,0,0,0,0,0,0,0,0,0,0,0,0,0,0,0,0,0,0,0,0,0,0,0,0,0,0,0,0,0,0,0,0,0,0,0,0,0,0,0,0,0,0,0,0,0,0,0,0,0,0,0,0,0,0,0,0,0,0,0
2560,99,2,0,0,0,0,0,0,0,0,0,0,0,0,0,0,0,0,0,0,0,0,0,0,0,0,0,0,0,0,0,0,0,0,0,0,0,0,0,0,0,0,0,0,0,0,0,0,0,0,0,0,0,0,0,0,0,0,0,0,0,0,0,0,0,0,0,0,0,0,0,0,0,0,0,0,0,0,0,0,0,0,0,0,0,0,0,0,0,0,0,0,0,0,0,0,0,0,0,0,0,0,0,0,0,0,0,0,0,0,0,0,0,0,0,0,0,0,0,0,0,0,0,0,0,0,0,0,0,0,0,0,0,0,0,0,0,0,0,0,0,0,0,0,0,0,0,0,0,0,0,0,0,0,0,0,0,0,0,0,0,0,0,0,0,0,0,0,0,0,0,0,0
2560,100+,1,0,0,0,0,0,0,0,0,0,0,0,0,0,0,0,0,0,0,0,0,0,0,0,0,0,0,0,0,0,0,0,0,0,0,0,0,0,0,0,0,0,0,0,0,0,0,0,0,0,0,0,0,0,0,0,0,0,0,0,0,0,0,0,0,0,0,0,0,0,0,0,0,0,0,0,0,0,0,0,0,0,0,0,0,0,0,0,0,0,0,0,0,0,0,0,0,0,0,0,0,0,0,0,0,0,0,0,0,0,0,0,0,0,0,0,0,0,0,0,0,0,0,0,0,0,0,0,0,0,0,0,0,0,0,0,0,0,0,0,0,0,0,0,0,0,0,0,0,0,0,0,0,0,0,0,0,0,0,0,0,0,0,0,0,0,0,0,0,0,0,0
2560,100+,2,0,0,0,0,0,0,0,0,0,0,0,0,0,0,0,0,0,0,0,0,0,0,0,0,0,0,0,0,0,0,0,0,0,0,0,0,0,0,0,0,0,0,0,0,0,0,0,0,0,0,0,0,0,0,0,0,0,0,0,0,0,0,0,0,0,0,0,0,0,0,0,0,0,0,0,0,0,0,0,0,0,0,0,0,0,0,0,0,0,0,0,0,0,0,0,0,0,0,0,0,0,0,0,0,0,0,0,0,0,0,0,0,0,0,0,0,0,0,0,0,0,0,0,0,0,0,0,0,0,0,0,0,0,0,0,0,0,0,0,0,0,0,0,0,0,0,0,0,0,0,0,0,0,0,0,0,0,0,0,0,0,0,0,0,0,0,0,0,0,0,0
2514,80,1,0,1,0,0,1,0,1,0,1,0,1,1,0,2,0,0,0,2,1,2,0,0,0,1,1,1,0,0,0,0,0,0,0,0,0,0,0,0,0,0,0,0,0,1,0,0,0,0,0,0,0,0,-2,1,0,0,-1,-1,-1,0,1,0,0,0,-1,0,0,0,0,-1,0,0,0,0,0,0,0,0,0,1,0,0,1,0,1,0,1,0,1,1,0,2,0,0,0,1,1,2,0,0,0,1,1,1,-2,1,0,0,0,-1,-1,0,1,0,0,0,-1,0,0,0,0,1,0,0,1,1,0,1,2,0,0,0,0,0,0,0,0,0,0,0,0,0,-1,-1,0,0,-2,0,0,0,0,0,0,0,0,0,0,1,0,0,1,1,0,1,2,0,-1,-1,0,0,-2
2514,80,2,1,0,1,0,0,1,2,0,0,2,0,3,1,1,0,0,2,1,1,1,0,0,0,2,2,0,0,0,0,0,0,0,0,0,0,0,0,0,0,0,0,0,0,0,0,1,0,0,0,0,0,0,0,0,1,-2,-1,0,1,0,0,2,-2,1,1,0,0,0,0,0,0,-1,0,0,0,0,0,0,1,0,1,0,0,1,2,0,0,2,0,3,1,1,0,0,2,1,1,0,0,0,0,2,2,0,0,0,1,-2,-1,0,2,0,0,2,-2,1,1,0,0,0,0,0,0,2,3,0,1,1,0,0,0,0,0,0,0,0,0,0,1,0,0,-2,-3,0,-1,-1,0,0,0,0,-1,0,0,0,0,0,0,0,0,2,3,0,0,1,0,-2,-3,0,0,-1,0
2514,81,1,0,0,1,0,0,0,1,0,0,1,1,1,0,3,0,0,0,2,1,0,0,1,2,2,1,0,0,0,0,0,0,0,0,0,0,0,0,0,0,0,0,0,0,0,0,0,0,0,0,0,0,0,-3,0,1,0,-2,-1,1,0,-1,-1,-1,0,0,0,0,0,0,0,0,0,0,0,0,0,0,0,0,0,1,0,0,0,1,0,0,1,1,1,0,3,0,0,0,2,1,0,0,1,2,2,1,0,-3,0,1,0,-2,-1,1,0,-1,-1,-1,0,0,0,0,3,0,0,1,0,0,1,0,2,0,0,0,0,0,0,0,0,0,0,0,0,0,0,0,2,0,-2,1,0,0,0,0,0,0,0,0,3,0,0,1,0,0,1,0,2,0,0,0,2,0,-2,1
2514,81,2,2,1,0,0,1,0,1,2,0,2,1,0,0,2,1,1,0,1,1,2,0,1,1,0,3,1,0,0,0,0,0,0,0,0,0,1,0,0,0,0,0,0,0,0,1,0,0,0,0,0,0,0,0,0,-1,0,0,-1,-1,2,-1,1,1,-3,-1,0,0,0,0,0,-1,0,0,0,1,0,0,0,2,1,0,0,1,0,1,2,0,1,1,0,0,2,1,1,0,1,0,2,0,1,1,0,3,1,0,0,-1,0,0,0,-1,2,-1,0,1,-3,-1,1,0,1,0,0,2,3,1,0,0,0,0,0,0,0,0,0,0,0,0,0,0,0,0,-2,-1,1,0,0,2,0,0,0,0,0,0,1,0,1,0,0,2,3,1,0,0,0,0,-2,-1,1,0,0,2
2514,82,1,2,1,0,1,0,0,0,1,1,0,0,0,1,1,0,0,0,1,0,0,0,1,1,1,1,0,0,0,0,0,0,0,0,0,0,0,0,0,0,0,0,0,0,0,0,0,0,0,0,0,0,0,1,1,0,1,-1,0,0,1,0,-1,-1,-1,1,0,0,0,0,0,0,0,0,0,0,0,0,0,2,1,0,1,0,0,0,1,1,0,0,0,1,1,0,0,0,1,0,0,0,1,1,1,1,0,1,1,0,1,-1,0,0,1,0,-1,-1,-1,1,0,0,0,0,1,0,1,0,0,0,0,1,0,0,0,0,0,0,0,0,0,0,0,0,-1,0,0,0,1,-1,0,0,0,0,0,0,0,0,0,0,1,0,1,0,0,0,0,1,-1,0,0,0,1,-1
2514,82,2,0,1,0,1,0,0,0,2,1,0,0,2,0,2,0,1,1,0,1,1,3,0,2,1,0,0,0,0,0,0,0,0,0,0,0,0,0,0,0,1,0,0,0,0,0,0,0,0,0,0,0,0,-2,1,-1,0,0,-1,-1,-1,1,-2,-1,2,0,-1,0,0,0,0,0,0,0,0,0,0,0,0,0,1,0,1,0,0,0,2,1,0,0,2,0,1,0,1,1,0,1,1,3,0,2,1,0,0,-1,1,-1,0,0,-1,-1,-1,1,-2,-1,2,0,0,1,0,2,0,2,1,1,1,0,0,0,0,0,0,0,0,0,0,0,0,0,0,0,-1,0,-1,2,0,2,0,0,0,0,0,0,0,1,0,2,0,2,1,1,1,0,0,0,-1,0,-1,2,0,2
2514,83,1,1,2,0,1,1,0,0,1,1,0,0,2,2,1,1,1,0,1,1,0,0,0,0,0,1,1,0,0,0,0,0,0,0,0,0,0,0,0,0,0,0,0,0,0,0,0,0,0,0,0,0,0,0,1,-1,1,0,-1,0,1,1,0,0,1,1,0,0,0,0,0,0,0,0,0,0,0,0,0,1,2,0,1,1,0,0,1,1,0,0,2,2,1,1,1,0,1,1,0,0,0,0,0,1,1,0,1,-1,1,0,-1,0,1,1,0,0,1,1,1,0,1,0,0,0,1,0,2,0,0,0,0,0,0,0,0,0,1,0,0,0,0,0,0,0,-1,0,0,0,-1,0,0,0,0,0,1,0,1,0,0,0,0,0,2,0,0,0,1,0,-1,0,0,0
2514,83,2,1,0,1,0,1,0,0,0,1,0,1,3,0,0,0,1,0,1,0,0,0,0,0,0,3,2,0,0,0,0,0,0,0,0,0,0,0,0,0,0,0,0,0,0,0,0,0,0,0,0,2,0,1,0,0,0,0,0,0,0,1,0,1,0,-2,0,0,0,0,0,0,0,0,0,0,0,-2,0,1,0,1,0,1,0,0,0,1,0,1,3,0,0,0,1,0,1,0,0,0,0,0,0,1,2,1,0,0,0,0,0,0,0,1,0,1,2,-2,0,2,2,0,0,0,0,0,0,0,1,1,0,0,0,0,0,0,0,0,0,0,0,0,0,2,2,0,-1,-1,0,0,0,0,0,0,0,2,2,0,0,0,0,0,0,0,1,1,0,2,2,0,-1,-1
2514,84,1,0,1,1,1,0,1,3,1,0,0,1,1,0,0,0,2,1,0,0,3,0,0,1,0,2,0,0,0,0,0,0,0,0,0,0,0,0,0,0,0,0,0,0,0,0,2,0,0,0,0,1,0,0,1,-1,0,0,1,0,1,0,-1,1,-1,0,0,0,0,0,0,0,-2,0,0,0,0,-1,0,0,1,1,1,0,1,3,1,0,0,1,1,0,0,0,2,1,0,0,1,0,0,1,0,1,0,0,1,-1,0,0,1,2,1,0,-1,1,0,0,1,0,0,0,0,0,2,0,0,0,1,0,0,0,0,0,0,0,0,0,0,0,0,0,-1,0,0,0,-1,0,0,0,0,0,0,0,1,0,0,0,0,0,2,0,0,0,1,0,-1,0,0,0,-1,0
2514,84,2,0,1,1,0,1,1,1,1,0,1,0,1,0,2,0,1,1,0,2,1,2,0,0,0,0,0,0,0,0,0,0,0,0,0,0,0,0,0,0,1,0,0,0,0,0,0,0,0,0,0,0,0,-2,1,0,-1,1,-1,0,-1,0,1,0,1,0,-1,0,0,0,0,0,0,0,0,0,0,0,0,0,1,1,0,1,1,1,1,0,1,0,1,0,1,0,1,1,0,2,1,2,0,0,0,0,0,-1,1,0,-1,1,-1,0,-1,0,1,0,1,0,1,0,1,0,0,0,0,0,1,0,0,2,0,0,0,0,0,0,0,0,0,0,0,0,1,0,0,0,0,-2,0,0,0,0,0,0,1,0,1,0,0,0,0,0,1,0,0,2,1,0,0,0,0,-2
2514,85,1,0,0,0,1,0,0,0,1,0,0,0,0,1,0,0,1,0,0,0,0,0,1,0,1,0,0,0,0,0,0,0,0,0,0,0,0,0,0,0,0,0,0,0,0,0,0,0,0,0,0,0,0,0,0,-1,1,0,0,0,1,-1,0,-1,0,1,0,0,0,0,0,0,0,0,0,0,0,0,0,0,0,0,1,0,0,0,1,0,0,0,0,1,0,0,1,0,0,0,0,0,1,0,1,0,0,0,0,-1,1,0,0,0,1,-1,0,-1,0,1,1,0,0,0,0,1,1,0,0,0,1,0,0,0,0,0,0,0,0,0,0,0,0,0,0,0,0,0,-1,1,0,0,0,0,0,0,1,0,0,0,0,1,1,0,0,0,1,0,0,0,0,0,-1,1
2514,85,2,0,1,0,0,1,0,0,3,0,0,1,0,1,0,1,0,0,0,0,0,0,0,0,1,3,0,0,0,0,0,0,0,0,0,0,0,0,0,0,0,0,0,0,0,0,0,0,0,0,0,0,0,0,0,0,0,1,0,0,3,0,0,0,-3,1,0,0,0,0,0,0,0,0,0,0,0,0,0,0,1,0,0,1,0,0,3,0,0,1,0,1,0,1,0,0,0,0,0,0,0,0,1,3,0,0,0,0,0,1,0,0,3,0,0,0,-3,1,1,0,0,0,0,0,2,1,0,1,1,1,0,0,0,0,0,0,0,0,0,0,0,0,-1,-1,0,-1,-1,-1,0,0,0,0,0,0,1,0,0,0,0,0,2,1,0,1,1,1,-1,-1,0,-1,-1,-1
2514,86,1,0,0,0,0,0,1,0,0,0,0,0,1,0,0,0,0,0,0,0,0,0,0,0,0,1,0,0,0,0,0,0,0,0,0,0,0,0,0,0,0,0,0,0,0,0,0,0,0,0,0,0,0,0,0,0,0,0,1,0,0,0,0,0,0,0,0,0,0,0,0,0,0,0,0,0,0,0,0,0,0,0,0,0,1,0,0,0,0,0,1,0,0,0,0,0,0,0,0,0,0,0,0,1,0,0,0,0,0,0,1,0,0,0,0,0,0,0,0,0,0,0,0,0,1,0,0,0,0,0,0,0,0,0,0,0,0,0,0,0,0,0,-1,0,0,0,0,0,0,0,0,0,0,0,0,0,0,0,0,0,1,0,0,0,0,0,-1,0,0,0,0,0
2514,86,2,0,0,0,0,0,1,0,1,2,1,1,0,0,1,0,0,0,0,0,0,1,1,1,0,1,0,0,0,0,0,0,0,0,0,1,0,0,0,0,0,0,0,0,0,0,0,0,0,0,0,0,0,-1,0,0,0,0,1,0,0,1,0,1,-1,0,0,0,0,0,0,0,0,0,1,0,0,0,0,0,0,0,0,0,1,0,1,1,1,1,0,0,1,0,0,0,0,0,0,1,1,1,0,1,0,-1,0,0,0,0,1,0,0,0,0,1,-1,0,0,1,0,0,1,1,0,0,2,1,2,0,0,0,0,0,0,0,0,0,0,0,0,0,0,1,-2,-1,-1,1,0,0,0,0,0,0,0,1,0,0,1,1,0,0,2,1,2,0,0,1,-2,-1,-1,1
2514,87,1,0,0,0,0,1,0,0,0,0,0,0,1,0,0,1,0,1,0,0,0,0,0,0,1,0,0,0,0,0,0,0,0,0,0,0,0,0,0,0,0,0,0,1,0,0,0,0,0,0,0,0,0,0,-1,0,-1,1,0,0,0,0,0,-1,1,0,0,0,0,-1,0,0,0,0,0,0,0,0,0,0,0,0,0,1,0,0,0,0,0,0,1,0,0,1,0,0,0,0,0,0,0,0,1,0,0,0,-1,0,0,1,0,0,0,0,0,-1,1,0,0,0,0,1,0,1,0,0,1,0,1,0,0,0,0,0,0,1,0,0,0,0,0,0,0,0,-1,1,-1,1,0,0,0,0,0,1,0,0,0,1,0,0,0,0,1,0,1,0,0,0,-1,1,-1,0
2514,87,2,0,1,1,0,1,1,0,0,0,0,0,0,0,0,1,1,0,0,0,0,0,1,0,0,0,1,0,0,0,0,0,0,0,0,0,0,0,0,0,0,0,0,0,0,0,0,0,0,0,0,0,0,0,0,0,0,1,1,0,0,-1,0,0,0,-1,0,0,0,0,0,0,0,0,0,0,0,0,0,0,1,1,0,1,1,0,0,0,0,0,0,0,0,1,1,0,0,0,0,0,1,0,0,0,1,0,0,0,0,1,1,0,0,-1,0,0,0,-1,0,0,0,0,0,0,1,0,0,0,1,0,0,0,0,0,0,0,0,0,0,0,1,0,-1,0,0,0,-1,0,0,0,0,0,-1,0,0,0,0,0,0,0,1,0,0,0,0,0,-1,0,0,0,0,0
2514,88,1,0,0,0,0,0,0,0,0,1,0,0,1,0,0,1,0,0,0,0,1,0,0,0,0,0,1,0,0,0,0,0,0,0,0,0,0,0,0,0,0,0,0,0,0,0,0,0,0,0,0,0,0,0,-1,0,0,0,0,-1,0,1,0,0,1,-1,0,0,0,0,0,0,0,0,0,0,0,0,0,0,0,0,0,0,0,0,0,1,0,0,1,0,0,1,0,0,0,0,1,0,0,0,0,0,1,0,-1,0,0,0,0,-1,0,1,0,0,1,-1,0,0,0,0,0,0,0,0,2,0,0,0,0,0,0,0,0,0,0,0,0,0,0,0,0,0,-2,0,0,0,0,0,0,0,0,0,0,0,0,0,0,0,0,0,2,0,0,0,0,0,-2,0,0,0
2514,88,2,0,0,0,0,0,0,0,0,0,1,1,0,1,1,1,1,0,0,0,0,0,0,1,1,0,0,0,0,0,0,0,0,0,0,0,0,0,0,0,0,0,0,0,0,0,0,0,0,0,0,0,0,-1,-1,-1,0,0,0,0,0,0,0,0,0,1,0,0,0,0,0,0,0,0,0,0,0,0,0,0,0,0,0,0,0,0,0,0,1,1,0,1,1,1,1,0,0,0,0,0,0,1,1,0,0,-1,-1,-1,0,0,0,0,0,0,0,0,0,1,0,0,0,0,0,0,0,0,2,0,0,0,0,0,0,0,0,0,0,0,0,0,0,0,0,0,-2,0,0,0,0,0,0,0,0,0,0,0,0,0,0,0,0,0,2,0,0,0,0,0,-2,0,0,0
2514,89,1,0,0,0,0,0,0,0,1,0,0,0,0,0,0,0,0,0,1,0,0,0,0,0,1,0,1,0,0,0,0,0,0,0,0,0,0,0,0,0,0,0,0,0,0,0,0,0,0,0,0,0,0,0,0,0,0,-1,0,0,1,0,0,-1,0,-1,0,0,0,0,0,0,0,0,0,0,0,0,0,0,0,0,0,0,0,0,1,0,0,0,0,0,0,0,0,0,1,0,0,0,0,0,1,0,1,0,0,0,0,-1,0,0,1,0,0,-1,0,-1,0,0,0,0,0,0,0,1,0,0,0,0,0,0,0,0,0,0,0,0,0,0,0,0,0,-1,0,0,0,0,0,0,0,0,0,0,0,0,0,0,0,0,0,1,0,0,0,0,0,-1,0,0,0,0
2514,89,2,0,0,0,0,0,0,0,0,0,0,0,0,0,0,0,0,0,0,2,0,0,0,0,0,0,0,0,0,0,0,0,0,0,0,0,0,0,0,0,0,0,0,0,0,0,0,0,0,0,0,0,0,0,0,0,0,0,-2,0,0,0,0,0,0,0,0,0,0,0,0,0,0,0,0,0,0,0,0,0,0,0,0,0,0,0,0,0,0,0,0,0,0,0,0,0,0,2,0,0,0,0,0,0,0,0,0,0,0,0,-2,0,0,0,0,0,0,0,0,0,0,0,0,0,0,0,0,1,0,0,0,0,0,0,0,0,0,0,0,0,0,0,0,0,0,-1,0,0,0,0,0,0,0,0,0,0,0,0,0,0,0,0,0,1,0,0,0,0,0,-1,0,0
2514,90,1,0,0,0,0,0,0,0,0,0,0,0,0,0,0,0,0,0,0,0,0,0,0,0,0,0,0,0,0,0,0,0,0,0,0,0,0,0,0,0,0,0,0,0,0,0,0,0,0,0,0,0,0,0,0,0,0,0,0,0,0,0,0,0,0,0,0,0,0,0,0,0,0,0,0,0,0,0,0,0,0,0,0,0,0,0,0,0,0,0,0,0,0,0,0,0,0,0,0,0,0,0,0,0,0,0,0,0,0,0,0,0,0,0,0,0,0,0,0,0,1,0,0,0,0,0,0,0,0,1,0,0,0,0,0,0,0,0,0,0,0,0,0,0,1,0,0,-1,0,0,0,0,0,0,0,0,1,0,0,0,0,0,0,0,0,1,0,0,1,0,0,-1
2514,90,2,0,0,0,0,1,0,0,0,0,0,0,0,1,0,1,0,0,2,0,0,0,0,0,0,0,0,0,0,0,0,0,0,0,0,0,0,0,0,0,0,0,0,0,0,0,0,0,0,0,0,0,0,0,-1,0,0,-1,0,0,0,0,0,0,0,1,0,0,0,0,0,0,0,0,0,0,0,0,0,0,0,0,0,1,0,0,0,0,0,0,0,1,0,1,0,0,2,0,0,0,0,0,0,0,0,0,-1,0,0,-1,0,0,0,0,0,0,0,1,0,0,0,0,0,0,1,0,1,0,0,0,0,0,0,0,0,0,0,0,0,0,0,0,-1,0,-1,0,0,0,0,0,0,0,0,0,0,0,0,0,0,0,1,0,1,0,0,0,-1,0,-1,0,0,0
2514,91,1,0,0,0,0,0,0,0,0,0,0,1,0,0,0,0,0,0,0,0,0,0,0,0,1,0,0,0,0,0,0,0,0,0,0,0,0,0,0,0,0,0,0,0,0,0,0,0,0,0,0,0,0,0,0,0,0,0,0,0,0,0,0,0,0,0,0,0,0,0,0,0,0,0,0,0,0,0,0,0,0,0,0,0,0,0,0,0,0,1,0,0,0,0,0,0,0,0,0,0,0,0,1,0,0,0,0,0,0,0,0,0,0,0,0,0,0,0,1,0,0,0,1,0,0,1,0,1,0,0,0,0,0,0,0,0,0,0,0,0,0,0,1,-1,0,-1,1,0,0,0,0,0,0,0,1,0,0,0,1,0,0,1,0,1,0,0,1,-1,0,-1,1,0
2514,91,2,0,0,0,0,0,0,0,0,0,0,0,0,0,0,0,0,0,0,0,0,2,0,0,0,1,0,0,0,0,0,0,0,0,0,0,0,0,0,0,0,0,0,0,0,0,0,0,0,0,0,0,0,0,0,0,0,0,0,0,-2,0,0,0,-1,0,0,0,0,0,0,0,0,0,0,0,0,0,0,0,0,0,0,0,0,0,0,0,0,0,0,0,0,0,0,0,0,0,0,2,0,0,0,1,0,0,0,0,0,0,0,0,-2,0,0,0,-1,0,0,0,0,0,0,0,0,0,0,1,0,0,0,0,0,0,0,0,0,0,0,0,0,0,0,0,0,-1,0,0,0,0,0,0,0,0,0,0,0,0,0,0,0,0,0,1,0,0,0,0,0,-1,0,0
2514,92,1,0,0,0,0,0,0,0,1,0,0,0,0,0,0,0,0,0,0,1,0,1,0,0,0,0,0,0,0,0,0,0,0,0,0,0,0,0,0,0,0,0,0,0,0,0,0,0,0,0,0,0,0,0,0,0,0,0,-1,0,0,0,0,0,0,0,0,0,0,0,0,0,0,0,0,0,0,0,0,0,0,0,0,0,0,0,1,0,0,0,0,0,0,0,0,0,0,1,0,1,0,0,0,0,0,0,0,0,0,0,-1,0,0,0,0,0,0,0,0,0,0,0,0,0,0,0,0,0,0,0,0,0,0,0,0,0,0,0,0,0,0,0,0,0,0,0,0,0,0,0,0,0,0,0,0,0,0,0,0,0,0,0,0,0,0,0,0,0,0,0,0,0
2514,92,2,0,1,0,0,0,0,1,0,0,0,0,0,0,0,1,0,0,0,0,1,0,0,0,0,0,0,0,0,0,0,0,0,0,0,0,0,0,0,0,0,1,0,0,0,0,0,0,0,0,0,0,0,0,0,0,0,0,0,0,0,0,0,0,0,0,0,-1,0,0,0,0,0,0,0,0,0,0,0,0,1,0,0,0,0,1,0,0,0,0,0,0,0,0,0,0,0,0,1,0,0,0,0,0,0,0,1,0,0,0,0,0,0,0,0,0,0,0,0,0,0,0,0,0,0,1,0,1,0,1,0,0,0,0,0,0,0,0,0,0,0,0,0,-1,0,-1,0,-1,0,0,0,0,0,0,0,0,0,0,0,0,0,1,0,1,0,1,0,-1,0,-1,0,-1
2514,93,1,0,0,0,0,0,0,0,0,0,0,0,0,0,0,0,0,0,0,0,0,0,0,0,0,0,0,0,0,0,0,0,0,0,0,0,0,0,0,0,0,0,0,0,0,0,0,0,0,0,0,0,0,0,0,0,0,0,0,0,0,0,0,0,0,0,0,0,0,0,0,0,0,0,0,0,0,0,0,0,0,0,0,0,0,0,0,0,0,0,0,0,0,0,0,0,0,0,0,0,0,0,0,0,0,0,0,0,0,0,0,0,0,0,0,0,0,0,0,0,0,0,0,0,0,0,0,0,0,0,0,0,0,0,0,0,0,0,0,0,0,0,0,0,0,0,0,0,0,0,0,0,0,0,0,0,0,0,0,0,0,0,0,0,0,0,0,0,0,0,0,0
2514,93,2,0,0,0,0,0,0,0,0,0,0,0,0,0,1,0,0,0,1,0,1,0,1,0,1,0,0,0,0,0,0,0,0,0,0,0,0,0,0,0,0,0,0,0,0,0,0,0,0,0,0,0,0,-1,0,0,0,-1,0,-1,0,-1,0,-1,0,0,0,0,0,0,0,0,0,0,0,0,0,0,0,0,0,0,0,0,0,0,0,0,0,0,0,0,1,0,0,0,1,0,1,0,1,0,1,0,0,-1,0,0,0,-1,0,-1,0,-1,0,-1,0,0,0,0,0,0,0,0,0,0,0,0,0,0,0,0,0,0,0,0,0,0,0,0,0,0,0,0,0,0,0,0,0,0,0,0,0,0,0,0,0,0,0,0,0,0,0,0,0,0,0,0,0,0,0,0
2514,94,1,0,0,0,0,0,0,0,0,0,0,0,0,0,0,0,0,0,0,0,0,0,0,0,0,0,0,0,0,0,0,0,0,0,0,0,0,0,0,0,0,0,0,0,0,0,0,0,0,0,0,0,0,0,0,0,0,0,0,0,0,0,0,0,0,0,0,0,0,0,0,0,0,0,0,0,0,0,0,0,0,0,0,0,0,0,0,0,0,0,0,0,0,0,0,0,0,0,0,0,0,0,0,0,0,0,0,0,0,0,0,0,0,0,0,0,0,0,0,0,0,0,0,0,0,0,0,0,0,0,0,0,0,0,0,0,0,0,0,0,0,0,0,0,0,0,0,0,0,0,0,0,0,0,0,0,0,0,0,0,0,0,0,0,0,0,0,0,0,0,0,0
2514,94,2,0,0,0,0,0,0,0,0,0,0,0,0,0,0,0,0,0,0,0,0,0,0,1,0,0,0,0,0,0,0,0,0,0,0,0,0,0,0,0,0,0,0,0,0,0,0,0,0,0,0,0,0,0,0,0,0,0,0,0,0,0,-1,0,0,0,0,0,0,0,0,0,0,0,0,0,0,0,0,0,0,0,0,0,0,0,0,0,0,0,0,0,0,0,0,0,0,0,0,0,0,1,0,0,0,0,0,0,0,0,0,0,0,0,-1,0,0,0,0,0,0,0,0,0,0,0,0,0,1,0,0,0,0,0,0,0,0,0,0,0,0,0,0,0,0,0,-1,0,0,0,0,0,0,0,0,0,0,0,0,0,0,0,0,0,1,0,0,0,0,0,-1,0
2514,95,1,0,0,0,0,0,0,0,0,0,0,0,0,0,0,0,0,0,0,0,0,0,0,0,0,0,0,0,0,0,0,0,0,0,0,0,0,0,0,0,0,0,0,0,0,0,0,0,0,0,0,0,0,0,0,0,0,0,0,0,0,0,0,0,0,0,0,0,0,0,0,0,0,0,0,0,0,0,0,0,0,0,0,0,0,0,0,0,0,0,0,0,0,0,0,0,0,0,0,0,0,0,0,0,0,0,0,0,0,0,0,0,0,0,0,0,0,0,0,0,0,0,0,0,0,0,0,0,0,0,0,0,0,0,0,0,0,0,0,0,0,0,0,0,0,0,0,0,0,0,0,0,0,0,0,0,0,0,0,0,0,0,0,0,0,0,0,0,0,0,0,0
2514,95,2,0,0,0,0,0,0,1,0,0,0,0,0,0,0,0,0,0,0,0,0,0,0,0,0,0,0,0,0,0,0,0,0,0,0,0,0,0,0,0,0,0,0,0,0,0,0,0,0,0,0,0,0,0,0,0,0,0,0,1,0,0,0,0,0,0,0,0,0,0,0,0,0,0,0,0,0,0,0,0,0,0,0,0,0,1,0,0,0,0,0,0,0,0,0,0,0,0,0,0,0,0,0,0,0,0,0,0,0,0,0,1,0,0,0,0,0,0,0,0,0,0,0,0,0,0,0,0,0,0,0,0,0,0,0,0,0,0,0,0,0,0,0,0,0,0,0,0,0,0,0,0,0,0,0,0,0,0,0,0,0,0,0,0,0,0,0,0,0,0,0,0
2514,96,1,0,0,0,0,0,0,0,0,0,0,0,1,0,0,0,0,0,0,0,0,0,0,0,0,0,0,0,0,0,0,0,0,0,0,0,0,0,0,0,0,0,0,0,0,0,0,0,0,0,0,0,0,0,0,0,0,0,0,0,0,0,0,0,1,0,0,0,0,0,0,0,0,0,0,0,0,0,0,0,0,0,0,0,0,0,0,0,0,0,1,0,0,0,0,0,0,0,0,0,0,0,0,0,0,0,0,0,0,0,0,0,0,0,0,0,1,0,0,0,0,0,0,0,0,0,0,0,1,0,0,0,0,0,0,0,0,0,0,0,0,0,0,0,0,0,-1,0,0,0,0,0,0,0,0,0,0,0,0,0,0,0,0,0,1,0,0,0,0,0,-1,0
2514,96,2,0,0,0,0,0,0,0,0,0,0,0,0,0,0,0,0,0,0,0,0,0,0,0,1,0,0,0,0,0,0,0,0,0,0,0,0,0,0,0,0,0,0,0,0,0,0,0,0,0,0,0,0,0,0,0,0,0,0,0,0,0,0,-1,0,0,0,0,0,0,0,0,0,0,0,0,0,0,0,0,0,0,0,0,0,0,0,0,0,0,0,0,0,0,0,0,0,0,0,0,0,0,1,0,0,0,0,0,0,0,0,0,0,0,0,-1,0,0,0,0,0,0,0,0,0,0,0,0,0,0,0,0,0,0,0,0,0,0,0,0,0,0,0,0,0,0,0,0,0,0,0,0,0,0,0,0,0,0,0,0,0,0,0,0,0,0,0,0,0,0,0,0
2514,97,1,0,0,0,0,0,0,0,0,0,0,0,0,0,0,0,0,0,0,0,0,0,0,0,0,0,0,0,0,0,0,0,0,0,0,0,0,0,0,0,0,0,0,0,0,0,0,0,0,0,0,0,0,0,0,0,0,0,0,0,0,0,0,0,0,0,0,0,0,0,0,0,0,0,0,0,0,0,0,0,0,0,0,0,0,0,0,0,0,0,0,0,0,0,0,0,0,0,0,0,0,0,0,0,0,0,0,0,0,0,0,0,0,0,0,0,0,0,0,0,0,0,0,0,0,0,0,0,0,0,0,0,0,0,0,0,0,0,0,0,0,0,0,0,0,0,0,0,0,0,0,0,0,0,0,0,0,0,0,0,0,0,0,0,0,0,0,0,0,0,0,0
2514,97,2,0,0,0,0,0,0,0,0,0,0,0,0,0,0,0,0,0,0,0,0,0,0,1,0,0,0,0,0,0,0,0,0,0,0,0,0,0,0,0,0,0,0,0,0,0,0,0,0,0,0,0,0,0,0,0,0,0,0,0,0,0,-1,0,0,0,0,0,0,0,0,0,0,0,0,0,0,0,0,0,0,0,0,0,0,0,0,0,0,0,0,0,0,0,0,0,0,0,0,0,0,1,0,0,0,0,0,0,0,0,0,0,0,0,-1,0,0,0,0,0,0,0,0,0,0,0,0,0,0,0,0,0,0,0,0,0,0,0,0,0,0,0,0,0,0,0,0,0,0,0,0,0,0,0,0,0,0,0,0,0,0,0,0,0,0,0,0,0,0,0,0,0
2514,98,1,0,0,0,0,0,0,0,0,0,0,0,0,0,0,0,0,0,0,0,0,0,0,0,0,0,0,0,0,0,0,0,0,0,0,0,0,0,0,0,0,0,0,0,0,0,0,0,0,0,0,0,0,0,0,0,0,0,0,0,0,0,0,0,0,0,0,0,0,0,0,0,0,0,0,0,0,0,0,0,0,0,0,0,0,0,0,0,0,0,0,0,0,0,0,0,0,0,0,0,0,0,0,0,0,0,0,0,0,0,0,0,0,0,0,0,0,0,0,0,0,0,0,0,0,0,0,0,0,0,0,0,0,0,0,0,0,0,0,0,0,0,0,0,0,0,0,0,0,0,0,0,0,0,0,0,0,0,0,0,0,0,0,0,0,0,0,0,0,0,0,0
2514,98,2,0,0,0,0,0,0,0,0,0,0,0,0,0,0,0,0,0,0,0,0,0,0,0,1,0,0,0,0,0,0,0,0,0,0,0,0,0,0,0,0,0,0,0,0,0,0,0,0,0,0,0,0,0,0,0,0,0,0,0,0,0,0,-1,0,0,0,0,0,0,0,0,0,0,0,0,0,0,0,0,0,0,0,0,0,0,0,0,0,0,0,0,0,0,0,0,0,0,0,0,0,0,1,0,0,0,0,0,0,0,0,0,0,0,0,-1,0,0,0,0,0,0,0,0,0,0,0,0,0,0,0,0,0,0,0,0,0,0,0,0,0,0,0,0,0,0,0,0,0,0,0,0,0,0,0,0,0,0,0,0,0,0,0,0,0,0,0,0,0,0,0,0
2514,99,1,0,0,0,0,0,0,0,0,0,0,0,0,0,0,0,0,0,0,0,0,0,0,0,0,0,0,0,0,0,0,0,0,0,0,0,0,0,0,0,0,0,0,0,0,0,0,0,0,0,0,0,0,0,0,0,0,0,0,0,0,0,0,0,0,0,0,0,0,0,0,0,0,0,0,0,0,0,0,0,0,0,0,0,0,0,0,0,0,0,0,0,0,0,0,0,0,0,0,0,0,0,0,0,0,0,0,0,0,0,0,0,0,0,0,0,0,0,0,0,0,0,0,0,0,0,0,0,0,0,0,0,0,0,0,0,0,0,0,0,0,0,0,0,0,0,0,0,0,0,0,0,0,0,0,0,0,0,0,0,0,0,0,0,0,0,0,0,0,0,0,0
2514,99,2,0,0,0,0,0,0,0,0,0,0,0,0,0,0,0,0,0,0,0,0,0,0,0,0,0,0,0,0,0,0,0,0,0,0,0,0,0,0,0,0,0,0,0,0,0,0,0,0,0,0,0,0,0,0,0,0,0,0,0,0,0,0,0,0,0,0,0,0,0,0,0,0,0,0,0,0,0,0,0,0,0,0,0,0,0,0,0,0,0,0,0,0,0,0,0,0,0,0,0,0,0,0,0,0,0,0,0,0,0,0,0,0,0,0,0,0,0,0,0,0,0,0,0,0,0,0,0,0,0,0,0,0,0,0,0,0,0,0,0,0,0,0,0,0,0,0,0,0,0,0,0,0,0,0,0,0,0,0,0,0,0,0,0,0,0,0,0,0,0,0,0
2514,100+,1,0,0,0,0,0,0,0,0,0,0,0,0,0,0,0,0,1,0,0,0,0,0,0,0,0,0,0,0,0,0,0,0,0,0,0,0,0,0,0,0,0,0,0,0,0,0,0,0,0,0,0,0,0,0,0,-1,0,0,0,0,0,0,0,0,0,0,0,0,0,0,0,0,0,0,0,0,0,0,0,0,0,0,0,0,0,0,0,0,0,0,0,0,0,0,1,0,0,0,0,0,0,0,0,0,0,0,0,-1,0,0,0,0,0,0,0,0,0,0,0,0,0,0,0,0,0,0,0,0,0,0,0,0,0,0,0,0,0,0,0,0,0,0,0,0,0,0,0,0,0,0,0,0,0,0,0,0,0,0,0,0,0,0,0,0,0,0,0,0,0,0,0
2514,100+,2,0,0,0,0,0,0,0,0,0,0,0,0,0,0,0,0,0,0,0,0,0,0,0,0,0,0,0,0,0,0,0,0,0,0,0,0,0,0,0,0,0,0,0,0,0,0,0,0,0,0,0,0,0,0,0,0,0,0,0,0,0,0,0,0,0,0,0,0,0,0,0,0,0,0,0,0,0,0,0,0,0,0,0,0,0,0,0,0,0,0,0,0,0,0,0,0,0,0,0,0,0,0,0,0,0,0,0,0,0,0,0,0,0,0,0,0,0,0,0,0,0,0,0,0,0,0,0,0,0,0,0,0,0,0,0,0,0,0,0,0,0,0,0,0,0,0,0,0,0,0,0,0,0,0,0,0,0,0,0,0,0,0,0,0,0,0,0,0,0,0,0
