"Region","Alder","Kon","Fodelseregion","0000087L 2025","0000087M 2025","0000087I 2025","0000087J 2025","0000087N 2025","0000087O 2025","0000087K 2025","0000087P 2025","0000087G 2025","0000087E 2025","0000087F 2025","0000087H 2025"
"2580","0","1","samt",11,7,3,5,4,3,3,0,4,-1,2,3
"2580","0","1","09",11,7,3,5,4,3,3,0,4,-1,2,3
"2580","0","1","11",0,0,0,0,0,0,0,0,0,0,0,0
"2580","0","2","samt",12,9,4,0,3,4,3,0,3,1,-4,3
"2580","0","2","09",4,9,4,0,3,4,0,0,-5,1,-4,0
"2580","0","2","11",3,0,0,0,0,0,3,0,3,0,0,3
"2580","1","1","samt",18,17,3,11,3,9,5,3,1,0,2,2
"2580","1","1","09",16,16,3,11,3,9,0,0,0,0,2,0
"2580","1","1","11",4,3,0,0,0,0,4,3,1,0,0,1
"2580","1","2","samt",17,18,7,10,5,10,4,3,-1,2,0,1
"2580","1","2","09",16,20,7,10,8,10,0,3,-4,-1,0,-3
"2580","1","2","11",4,0,0,0,0,0,4,0,4,0,0,4
"2580","2","1","samt",17,20,7,9,8,13,3,0,-3,-1,-4,3
"2580","2","1","09",14,20,7,8,7,13,0,0,-6,0,-5,0
"2580","2","1","11",3,3,0,3,3,0,3,0,0,-3,3,3
"2580","2","2","samt",22,15,11,10,7,11,5,0,7,4,-1,5
"2580","2","2","09",17,15,8,8,5,11,0,0,2,3,-3,0
"2580","2","2","11",6,0,0,0,0,0,5,0,6,0,0,5
"2580","3","1","samt",12,14,7,3,6,4,3,4,-2,1,-1,-1
"2580","3","1","09",13,10,7,3,6,4,0,3,3,1,-1,-3
"2580","3","1","11",3,0,0,0,0,0,3,0,3,0,0,3
"2580","3","2","samt",17,8,3,5,9,0,8,0,9,-6,5,8
"2580","3","2","09",10,8,0,5,5,3,4,0,2,-5,2,4
"2580","3","2","11",9,3,3,0,0,0,7,0,6,3,0,7
"2580","4","1","samt",16,11,8,3,7,5,3,0,5,1,-2,3
"2580","4","1","09",18,12,8,3,6,4,0,0,6,2,-1,0
"2580","4","1","11",0,0,0,0,0,0,0,0,0,0,0,0
"2580","4","2","samt",19,8,11,9,3,3,4,0,11,8,6,4
"2580","4","2","09",14,9,11,8,3,6,0,0,5,8,2,0
"2580","4","2","11",4,3,0,0,0,0,4,0,1,0,0,4
"2580","5","1","samt",19,8,3,11,0,4,3,3,11,3,7,0
"2580","5","1","09",13,6,3,8,0,3,0,3,7,3,5,-3
"2580","5","1","11",7,3,0,3,0,3,3,0,4,0,0,3
"2580","5","2","samt",5,6,3,4,3,4,3,3,-1,0,0,0
"2580","5","2","09",4,5,3,4,0,4,0,0,-1,3,0,0
"2580","5","2","11",3,3,0,0,3,0,3,3,0,-3,0,0
"2580","6","1","samt",23,7,6,9,0,7,6,0,16,6,2,6
"2580","6","1","09",14,3,3,9,0,3,3,0,11,3,6,3
"2580","6","1","11",10,0,3,3,0,0,3,0,10,3,3,3
"2580","6","2","samt",12,13,3,8,4,7,3,0,-1,-1,1,3
"2580","6","2","09",9,9,3,5,4,4,0,0,0,-1,1,0
"2580","6","2","11",5,0,0,0,0,3,0,0,5,0,-3,0
"2580","7","1","samt",19,11,8,9,3,6,4,0,8,5,3,4
"2580","7","1","09",15,6,8,7,3,3,0,0,9,5,4,0
"2580","7","1","11",3,3,0,3,0,3,4,0,0,0,0,4
"2580","7","2","samt",12,8,5,4,3,0,0,3,4,2,4,-3
"2580","7","2","09",7,5,3,4,3,0,0,0,2,0,4,0
"2580","7","2","11",4,0,3,0,0,0,0,0,4,3,0,0
"2580","8","1","samt",14,8,6,6,4,4,3,0,6,2,2,3
"2580","8","1","09",11,6,7,6,0,6,0,0,5,7,0,0
"2580","8","1","11",4,3,0,0,4,0,0,0,1,-4,0,0
"2580","8","2","samt",5,8,0,3,3,0,3,3,-3,-3,3,0
"2580","8","2","09",4,4,0,3,0,0,0,3,0,0,3,-3
"2580","8","2","11",4,0,0,0,0,0,3,0,4,0,0,3
"2580","9","1","samt",11,8,9,3,5,0,0,0,3,4,3,0
"2580","9","1","09",9,8,9,3,5,4,0,0,1,4,-1,0
"2580","9","1","11",0,0,0,0,0,0,0,0,0,0,0,0
"2580","9","2","samt",8,8,4,6,3,6,3,0,0,1,0,3
"2580","9","2","09",5,4,3,6,0,5,0,0,1,3,1,0
"2580","9","2","11",6,3,3,0,3,3,3,0,3,0,-3,3
"2580","10","1","samt",13,7,3,3,4,4,0,0,6,-1,-1,0
"2580","10","1","09",8,6,3,3,4,4,0,0,2,-1,-1,0
"2580","10","1","11",0,0,0,0,0,0,0,0,0,0,0,0
"2580","10","2","samt",8,0,4,3,3,0,0,0,8,1,3,0
"2580","10","2","09",7,4,3,3,4,0,0,0,3,-1,3,0
"2580","10","2","11",3,0,3,0,3,0,0,0,3,0,0,0
"2580","11","1","samt",12,4,0,6,0,8,3,0,8,0,-2,3
"2580","11","1","09",4,5,0,3,0,4,0,0,-1,0,-1,0
"2580","11","1","11",4,3,0,3,0,3,3,0,1,0,0,3
"2580","11","2","samt",9,5,4,3,5,3,3,3,4,-1,0,0
"2580","11","2","09",4,3,3,0,5,3,0,0,1,-2,-3,0
"2580","11","2","11",7,3,3,0,0,0,3,3,4,3,0,0
"2580","12","1","samt",7,9,5,3,5,3,0,3,-2,0,0,-3
"2580","12","1","09",6,3,0,3,0,3,0,0,3,0,0,0
"2580","12","1","11",3,3,3,0,3,3,0,3,0,0,-3,-3
"2580","12","2","samt",11,7,6,0,5,3,4,3,4,1,-3,1
"2580","12","2","09",4,7,4,0,3,3,0,3,-3,1,-3,-3
"2580","12","2","11",7,0,0,0,0,0,4,0,7,0,0,4
"2580","13","1","samt",11,9,6,0,3,4,3,3,2,3,-4,0
"2580","13","1","09",5,3,3,0,3,3,0,0,2,0,-3,0
"2580","13","1","11",4,3,0,0,0,0,3,3,1,0,0,0
"2580","13","2","samt",10,4,5,0,4,0,3,0,6,1,0,3
"2580","13","2","09",5,4,5,0,4,0,0,0,1,1,0,0
"2580","13","2","11",3,0,0,0,0,0,3,0,3,0,0,3
"2580","14","1","samt",12,10,3,0,3,3,6,0,2,0,-3,6
"2580","14","1","09",4,8,3,0,3,5,0,0,-4,0,-5,0
"2580","14","1","11",3,0,0,0,0,0,6,0,3,0,0,6
"2580","14","2","samt",14,11,11,3,3,4,3,0,3,8,-1,3
"2580","14","2","09",8,6,6,0,3,4,0,0,2,3,-4,0
"2580","14","2","11",5,3,0,0,3,0,3,0,2,-3,0,3
"2580","15","1","samt",10,10,0,6,0,6,3,0,0,0,0,3
"2580","15","1","09",0,4,0,0,0,5,0,0,-4,0,-5,0
"2580","15","1","11",7,3,0,6,0,3,3,0,4,0,3,3
"2580","15","2","samt",9,5,3,0,0,3,3,0,4,3,-3,3
"2580","15","2","09",3,4,3,3,0,6,0,0,-1,3,-3,0
"2580","15","2","11",4,0,0,3,0,0,3,0,4,0,3,3
"2580","16","1","samt",21,8,13,3,4,3,8,0,13,9,0,8
"2580","16","1","09",13,8,12,3,4,3,3,0,5,8,0,3
"2580","16","1","11",6,0,0,0,0,0,8,0,6,0,0,8
"2580","16","2","samt",13,12,10,0,8,3,0,0,1,2,-3,0
"2580","16","2","09",10,10,10,0,8,3,0,0,0,2,-3,0
"2580","16","2","11",3,4,3,0,0,3,0,0,-1,3,-3,0
"2580","17","1","samt",10,7,5,4,3,3,6,4,3,2,1,2
"2580","17","1","09",3,6,3,0,3,0,3,0,-3,0,0,3
"2580","17","1","11",5,3,0,3,0,0,4,3,2,0,3,1
"2580","17","2","samt",12,4,4,7,0,0,3,3,8,4,7,0
"2580","17","2","09",7,0,0,3,0,0,3,0,7,0,3,3
"2580","17","2","11",3,3,3,3,0,0,0,3,0,3,3,-3
"2580","18","1","samt",14,3,6,4,3,4,4,0,11,3,0,4
"2580","18","1","09",7,3,6,0,3,0,0,0,4,3,0,0
"2580","18","1","11",5,3,0,3,0,3,4,0,2,0,0,4
"2580","18","2","samt",12,17,12,3,4,9,0,0,-5,8,-6,0
"2580","18","2","09",10,9,9,3,3,7,0,0,1,6,-4,0
"2580","18","2","11",0,3,0,0,4,0,0,0,-3,-4,0,0
"2580","19","1","samt",118,35,14,91,8,26,7,0,83,6,65,7
"2580","19","1","09",97,26,14,82,8,19,0,0,71,6,63,0
"2580","19","1","11",22,4,3,11,0,4,7,0,18,3,7,7
"2580","19","2","samt",97,67,34,60,16,51,4,3,30,18,9,1
"2580","19","2","09",86,58,32,54,16,39,0,3,28,16,15,-3
"2580","19","2","11",14,11,0,5,0,9,4,0,3,0,-4,4
"2580","20","1","samt",163,75,29,131,15,58,4,3,88,14,73,1
"2580","20","1","09",141,66,24,114,12,50,0,0,75,12,64,0
"2580","20","1","11",25,8,3,20,0,8,3,4,17,3,12,-1
"2580","20","2","samt",120,89,37,77,19,67,3,3,31,18,10,0
"2580","20","2","09",95,77,32,60,19,61,0,0,18,13,-1,0
"2580","20","2","11",19,10,5,15,0,8,4,3,9,5,7,1
"2580","21","1","samt",143,89,38,99,18,69,3,0,54,20,30,3
"2580","21","1","09",121,72,32,86,14,58,3,0,49,18,28,3
"2580","21","1","11",22,17,7,13,4,12,7,0,5,3,1,7
"2580","21","2","samt",120,110,35,85,30,74,3,3,10,5,11,0
"2580","21","2","09",99,102,29,66,30,68,0,0,-3,-1,-2,0
"2580","21","2","11",19,8,6,15,0,5,3,0,11,6,10,3
"2580","22","1","samt",91,108,22,68,26,78,0,4,-17,-4,-10,-4
"2580","22","1","09",73,85,24,52,20,63,0,0,-12,4,-11,0
"2580","22","1","11",19,24,0,13,6,14,0,3,-5,-6,-1,-3
"2580","22","2","samt",112,87,31,74,20,65,7,3,25,11,9,4
"2580","22","2","09",82,76,24,58,14,58,0,3,6,10,0,-3
"2580","22","2","11",29,11,8,15,3,11,7,0,18,5,4,7
"2580","23","1","samt",93,77,34,56,21,51,3,3,16,13,5,0
"2580","23","1","09",77,63,30,48,24,39,3,0,14,6,9,3
"2580","23","1","11",17,14,3,7,4,12,3,0,3,-1,-5,3
"2580","23","2","samt",89,77,23,50,24,52,16,3,12,-1,-2,13
"2580","23","2","09",71,70,21,45,20,45,4,3,1,1,0,1
"2580","23","2","11",22,8,4,7,3,5,13,0,14,1,2,13
"2580","24","1","samt",92,119,28,51,20,98,9,3,-27,8,-47,6
"2580","24","1","09",65,108,24,41,20,89,0,0,-43,4,-48,0
"2580","24","1","11",26,12,5,11,0,8,9,3,14,5,3,6
"2580","24","2","samt",97,101,16,71,16,82,8,0,-4,0,-11,8
"2580","24","2","09",70,83,14,53,15,69,0,0,-13,-1,-16,0
"2580","24","2","11",26,13,0,16,0,15,8,0,13,0,1,8
"2580","25","1","samt",89,138,22,57,27,105,5,6,-49,-5,-48,-1
"2580","25","1","09",57,115,14,44,18,93,0,3,-58,-4,-49,-3
"2580","25","1","11",30,21,9,18,5,10,9,4,9,4,8,5
"2580","25","2","samt",93,89,27,53,17,64,10,6,4,10,-11,4
"2580","25","2","09",70,70,26,41,16,47,0,3,0,10,-6,-3
"2580","25","2","11",24,17,5,12,3,12,10,0,7,2,0,10
"2580","26","1","samt",106,121,35,52,24,88,18,8,-15,11,-36,10
"2580","26","1","09",61,87,22,38,18,67,3,0,-26,4,-29,3
"2580","26","1","11",43,34,14,15,6,25,16,7,9,8,-10,9
"2580","26","2","samt",85,76,17,56,15,58,10,6,9,2,-2,4
"2580","26","2","09",57,69,14,42,15,54,0,3,-12,-1,-12,-3
"2580","26","2","11",31,12,5,15,0,6,8,4,19,5,9,4
"2580","27","1","samt",95,83,22,58,21,56,14,10,12,1,2,4
"2580","27","1","09",50,65,17,38,15,45,0,0,-15,2,-7,0
"2580","27","1","11",43,23,6,22,4,10,14,6,20,2,12,8
"2580","27","2","samt",81,62,18,48,14,45,14,4,19,4,3,10
"2580","27","2","09",50,48,18,31,13,36,0,3,2,5,-5,-3
"2580","27","2","11",31,13,3,15,0,12,11,0,18,3,3,11
"2580","28","1","samt",63,63,19,30,17,43,11,7,0,2,-13,4
"2580","28","1","09",35,58,15,19,12,39,0,4,-23,3,-20,-4
"2580","28","1","11",28,9,5,11,0,6,12,3,19,5,5,9
"2580","28","2","samt",76,51,21,44,11,38,14,3,25,10,6,11
"2580","28","2","09",40,31,14,29,9,23,0,0,9,5,6,0
"2580","28","2","11",34,21,4,13,3,17,14,3,13,1,-4,11
"2580","29","1","samt",55,63,6,36,11,45,8,10,-8,-5,-9,-2
"2580","29","1","09",37,52,7,30,11,38,3,3,-15,-4,-8,0
"2580","29","1","11",18,13,0,6,0,9,11,5,5,0,-3,6
"2580","29","2","samt",60,39,9,33,9,30,14,0,21,0,3,14
"2580","29","2","09",29,31,9,20,7,23,0,0,-2,2,-3,0
"2580","29","2","11",32,8,0,16,0,6,14,0,24,0,10,14
"2580","30","1","samt",51,58,13,27,18,36,13,7,-7,-5,-9,6
"2580","30","1","09",24,49,9,18,16,32,0,0,-25,-7,-14,0
"2580","30","1","11",25,10,3,6,0,4,13,7,15,3,2,6
"2580","30","2","samt",43,33,19,14,14,19,11,0,10,5,-5,11
"2580","30","2","09",28,24,15,13,14,13,3,0,4,1,0,3
"2580","30","2","11",19,7,6,4,3,3,11,0,12,3,1,11
"2580","31","1","samt",68,65,24,30,20,37,13,10,3,4,-7,3
"2580","31","1","09",36,39,18,18,14,24,0,0,-3,4,-6,0
"2580","31","1","11",31,28,7,12,4,16,13,10,3,3,-4,3
"2580","31","2","samt",48,39,13,22,16,21,12,8,9,-3,1,4
"2580","31","2","09",29,31,12,17,10,15,0,4,-2,2,2,-4
"2580","31","2","11",23,10,4,4,4,4,13,3,13,0,0,10
"2580","32","1","samt",61,42,16,35,9,27,13,5,19,7,8,8
"2580","32","1","09",35,27,8,23,6,19,3,3,8,2,4,0
"2580","32","1","11",27,18,4,14,0,11,13,4,9,4,3,9
"2580","32","2","samt",47,33,10,22,9,24,12,4,14,1,-2,8
"2580","32","2","09",29,24,10,19,8,13,0,3,5,2,6,-3
"2580","32","2","11",16,13,0,3,3,9,12,4,3,-3,-6,8
"2580","33","1","samt",55,41,14,29,12,22,15,8,14,2,7,7
"2580","33","1","09",24,26,4,18,12,17,0,0,-2,-8,1,0
"2580","33","1","11",35,13,6,11,3,6,15,6,22,3,5,9
"2580","33","2","samt",38,33,7,23,9,21,11,3,5,-2,2,8
"2580","33","2","09",20,24,8,12,5,15,0,0,-4,3,-3,0
"2580","33","2","11",17,9,0,10,3,8,11,3,8,-3,2,8
"2580","34","1","samt",48,48,17,20,22,20,12,0,0,-5,0,12
"2580","34","1","09",24,34,11,10,15,15,0,0,-10,-4,-5,0
"2580","34","1","11",23,14,3,9,5,6,12,0,9,-2,3,12
"2580","34","2","samt",37,38,10,13,12,17,14,9,-1,-2,-4,5
"2580","34","2","09",20,22,10,9,7,9,0,4,-2,3,0,-4
"2580","34","2","11",16,18,3,6,3,11,12,7,-2,0,-5,5
"2580","35","1","samt",42,36,13,14,9,18,13,8,6,4,-4,5
"2580","35","1","09",16,21,9,3,7,13,4,3,-5,2,-10,1
"2580","35","1","11",27,14,4,13,0,9,12,6,13,4,4,6
"2580","35","2","samt",24,26,8,12,10,11,3,3,-2,-2,1,0
"2580","35","2","09",14,14,7,9,9,4,0,0,0,-2,5,0
"2580","35","2","11",10,11,3,7,3,6,3,3,-1,0,1,0
"2580","36","1","samt",28,25,7,9,4,10,13,8,3,3,-1,5
"2580","36","1","09",9,10,4,4,4,5,0,0,-1,0,-1,0
"2580","36","1","11",21,15,3,3,0,10,13,8,6,3,-7,5
"2580","36","2","samt",31,29,9,12,8,18,9,3,2,1,-6,6
"2580","36","2","09",19,21,5,11,3,14,3,0,-2,2,-3,3
"2580","36","2","11",9,11,3,3,3,7,8,0,-2,0,-4,8
"2580","37","1","samt",41,31,15,13,14,13,11,3,10,1,0,8
"2580","37","1","09",21,17,11,9,12,6,0,0,4,-1,3,0
"2580","37","1","11",20,13,4,7,3,5,11,3,7,1,2,8
"2580","37","2","samt",25,23,7,11,10,8,8,4,2,-3,3,4
"2580","37","2","09",13,10,5,9,5,3,0,4,3,0,6,-4
"2580","37","2","11",12,12,3,3,3,6,8,0,0,0,-3,8
"2580","38","1","samt",39,24,13,15,11,9,11,3,15,2,6,8
"2580","38","1","09",18,8,9,8,3,4,0,0,10,6,4,0
"2580","38","1","11",21,16,5,4,8,5,11,3,5,-3,-1,8
"2580","38","2","samt",29,13,11,12,3,8,4,3,16,8,4,1
"2580","38","2","09",21,8,12,8,0,3,0,0,13,12,5,0
"2580","38","2","11",10,9,0,5,3,5,4,3,1,-3,0,1
"2580","39","1","samt",39,27,13,19,8,12,11,4,12,5,7,7
"2580","39","1","09",18,12,6,6,4,7,0,3,6,2,-1,-3
"2580","39","1","11",21,16,3,8,7,5,10,3,5,-4,3,7
"2580","39","2","samt",20,11,6,9,3,6,6,0,9,3,3,6
"2580","39","2","09",11,7,5,7,3,7,0,0,4,2,0,0
"2580","39","2","11",11,0,0,3,3,0,6,0,11,-3,3,6
"2580","40","1","samt",27,22,6,8,12,9,8,5,5,-6,-1,3
"2580","40","1","09",12,13,3,6,6,4,0,0,-1,-3,2,0
"2580","40","1","11",14,13,0,3,5,6,7,3,1,-5,-3,4
"2580","40","2","samt",12,11,4,8,5,0,3,3,1,-1,8,0
"2580","40","2","09",9,3,3,7,3,0,0,0,6,0,7,0
"2580","40","2","11",6,8,0,4,3,3,3,3,-2,-3,1,0
"2580","41","1","samt",25,17,5,6,3,7,10,3,8,2,-1,7
"2580","41","1","09",9,7,4,5,4,3,0,0,2,0,2,0
"2580","41","1","11",16,11,3,0,0,3,10,3,5,3,-3,7
"2580","41","2","samt",14,15,3,6,3,8,5,0,-1,0,-2,5
"2580","41","2","09",5,7,0,6,3,3,0,0,-2,-3,3,0
"2580","41","2","11",8,7,4,0,3,3,5,0,1,1,-3,5
"2580","42","1","samt",25,16,6,15,3,9,8,7,9,3,6,1
"2580","42","1","09",10,9,6,4,3,0,0,0,1,3,4,0
"2580","42","1","11",16,11,0,8,0,7,4,7,5,0,1,-3
"2580","42","2","samt",12,11,3,4,4,11,0,3,1,-1,-7,-3
"2580","42","2","09",6,7,3,4,4,5,0,0,-1,-1,-1,0
"2580","42","2","11",0,5,0,0,0,5,0,3,-5,0,-5,-3
"2580","43","1","samt",23,16,10,9,7,4,9,4,7,3,5,5
"2580","43","1","09",11,7,8,3,4,3,0,0,4,4,0,0
"2580","43","1","11",11,9,3,7,0,3,9,4,2,3,4,5
"2580","43","2","samt",24,16,7,8,8,6,5,0,8,-1,2,5
"2580","43","2","09",13,10,7,7,7,5,0,0,3,0,2,0
"2580","43","2","11",9,7,3,0,0,3,3,0,2,3,-3,3
"2580","44","1","samt",22,13,13,4,4,4,5,0,9,9,0,5
"2580","44","1","09",11,7,9,0,6,4,0,0,4,3,-4,0
"2580","44","1","11",11,3,3,3,3,3,5,0,8,0,0,5
"2580","44","2","samt",12,7,3,5,3,5,0,0,5,0,0,0
"2580","44","2","09",5,4,3,3,3,4,0,0,1,0,-1,0
"2580","44","2","11",7,0,3,3,0,0,0,0,7,3,3,0
"2580","45","1","samt",24,11,9,6,0,8,10,4,13,9,-2,6
"2580","45","1","09",6,3,4,3,0,3,0,0,3,4,0,0
"2580","45","1","11",16,5,3,5,0,3,10,3,11,3,2,7
"2580","45","2","samt",16,10,8,9,5,4,3,0,6,3,5,3
"2580","45","2","09",5,4,3,0,5,0,0,0,1,-2,0,0
"2580","45","2","11",11,3,6,3,0,3,3,0,8,6,0,3
"2580","46","1","samt",15,8,3,5,3,4,3,0,7,0,1,3
"2580","46","1","09",3,9,4,0,3,3,0,0,-6,1,-3,0
"2580","46","1","11",7,0,3,5,0,0,3,0,7,3,5,3
"2580","46","2","samt",5,7,3,3,3,3,0,3,-2,0,0,-3
"2580","46","2","09",3,3,0,0,3,3,0,0,0,-3,-3,0
"2580","46","2","11",3,4,3,0,0,0,0,3,-1,3,0,-3
"2580","47","1","samt",12,16,7,4,7,11,5,3,-4,0,-7,2
"2580","47","1","09",4,9,7,3,4,5,0,0,-5,3,-2,0
"2580","47","1","11",5,6,0,4,0,9,5,0,-1,0,-5,5
"2580","47","2","samt",9,6,7,3,0,5,0,0,3,7,-2,0
"2580","47","2","09",9,9,7,3,0,5,0,0,0,7,-2,0
"2580","47","2","11",0,0,0,0,0,0,0,0,0,0,0,0
"2580","48","1","samt",14,11,3,6,3,9,0,3,3,0,-3,-3
"2580","48","1","09",8,5,4,4,3,3,0,3,3,1,1,-3
"2580","48","1","11",5,5,0,4,0,0,0,0,0,0,4,0
"2580","48","2","samt",10,6,8,3,0,4,0,3,4,8,-1,-3
"2580","48","2","09",10,0,4,3,0,0,0,0,10,4,3,0
"2580","48","2","11",3,4,3,3,0,4,0,3,-1,3,-1,-3
"2580","49","1","samt",13,10,6,6,4,5,5,4,3,2,1,1
"2580","49","1","09",7,7,4,0,4,3,0,0,0,0,-3,0
"2580","49","1","11",8,4,0,5,0,3,5,4,4,0,2,1
"2580","49","2","samt",13,10,7,3,0,9,3,0,3,7,-6,3
"2580","49","2","09",10,8,7,0,0,9,0,0,2,7,-9,0
"2580","49","2","11",4,3,0,0,0,3,3,0,1,0,-3,3
"2580","50","1","samt",14,11,3,5,5,7,5,3,3,-2,-2,2
"2580","50","1","09",6,10,3,3,5,3,3,0,-4,-2,0,3
"2580","50","1","11",12,4,4,0,3,4,3,0,8,1,-4,3
"2580","50","2","samt",21,6,10,8,6,0,3,0,15,4,8,3
"2580","50","2","09",12,6,9,4,6,0,0,0,6,3,4,0
"2580","50","2","11",10,3,3,3,0,0,3,0,7,3,3,3
"2580","51","1","samt",13,10,0,11,6,3,6,3,3,-6,8,3
"2580","51","1","09",4,9,3,4,7,3,0,0,-5,-4,1,0
"2580","51","1","11",7,3,3,5,3,0,4,0,4,0,5,4
"2580","51","2","samt",17,16,10,0,7,10,6,0,1,3,-10,6
"2580","51","2","09",12,12,10,0,8,5,0,0,0,2,-5,0
"2580","51","2","11",8,4,0,0,3,6,4,0,4,-3,-6,4
"2580","52","1","samt",11,6,0,5,3,4,7,0,5,-3,1,7
"2580","52","1","09",9,7,0,4,3,3,3,0,2,-3,1,3
"2580","52","1","11",5,3,0,3,0,3,4,0,2,0,0,4
"2580","52","2","samt",17,10,7,4,3,8,5,0,7,4,-4,5
"2580","52","2","09",10,9,3,4,3,3,0,0,1,0,1,0
"2580","52","2","11",9,3,3,3,3,3,5,0,6,0,0,5
"2580","53","1","samt",20,12,3,7,4,3,7,0,8,-1,4,7
"2580","53","1","09",5,7,3,3,3,3,0,0,-2,0,0,0
"2580","53","1","11",10,3,0,0,3,0,7,0,7,-3,0,7
"2580","53","2","samt",7,5,6,4,3,5,0,0,2,3,-1,0
"2580","53","2","09",7,6,6,4,0,5,0,0,1,6,-1,0
"2580","53","2","11",0,4,0,0,3,0,0,0,-4,-3,0,0
"2580","54","1","samt",18,16,5,3,6,5,9,0,2,-1,-2,9
"2580","54","1","09",4,9,5,3,3,4,0,0,-5,2,-1,0
"2580","54","1","11",10,6,0,0,3,3,8,0,4,-3,-3,8
"2580","54","2","samt",8,16,6,4,7,4,0,3,-8,-1,0,-3
"2580","54","2","09",8,13,3,4,3,3,0,0,-5,0,1,0
"2580","54","2","11",3,9,3,0,0,3,0,0,-6,3,-3,0
"2580","55","1","samt",15,9,4,3,6,5,6,0,6,-2,-2,6
"2580","55","1","09",11,8,4,4,6,3,0,0,3,-2,1,0
"2580","55","1","11",4,3,0,3,0,4,6,0,1,0,-1,6
"2580","55","2","samt",8,18,0,0,5,11,3,0,-10,-5,-11,3
"2580","55","2","09",8,14,0,0,3,8,3,0,-6,-3,-8,3
"2580","55","2","11",0,4,0,0,0,3,0,0,-4,0,-3,0
"2580","56","1","samt",11,3,5,0,4,0,6,0,8,1,0,6
"2580","56","1","09",8,3,5,0,3,0,0,0,5,2,0,0
"2580","56","1","11",4,3,0,0,0,0,4,0,1,0,0,4
"2580","56","2","samt",12,10,6,3,3,3,0,0,2,3,0,0
"2580","56","2","09",11,5,6,0,3,3,0,0,6,3,-3,0
"2580","56","2","11",3,4,0,0,0,4,0,0,-1,0,-4,0
"2580","57","1","samt",10,6,3,3,5,0,3,3,4,-2,3,0
"2580","57","1","09",3,6,3,3,5,0,0,0,-3,-2,3,0
"2580","57","1","11",3,0,0,0,0,0,3,0,3,0,0,3
"2580","57","2","samt",12,10,3,4,10,3,3,0,2,-7,1,3
"2580","57","2","09",5,10,0,4,10,3,0,0,-5,-10,1,0
"2580","57","2","11",3,0,0,0,0,0,3,0,3,0,0,3
"2580","58","1","samt",13,15,8,5,8,3,0,3,-2,0,2,-3
"2580","58","1","09",13,9,8,5,9,3,0,0,4,-1,2,0
"2580","58","1","11",0,4,0,0,3,0,0,3,-4,-3,0,-3
"2580","58","2","samt",10,7,8,5,0,6,0,3,3,8,-1,-3
"2580","58","2","09",3,3,3,0,0,4,0,0,0,3,-4,0
"2580","58","2","11",5,4,4,5,0,0,0,3,1,4,5,-3
"2580","59","1","samt",14,9,6,0,0,3,7,3,5,6,-3,4
"2580","59","1","09",6,5,6,0,0,3,0,0,1,6,-3,0
"2580","59","1","11",7,4,0,0,3,3,7,3,3,-3,-3,4
"2580","59","2","samt",7,15,5,3,4,11,0,0,-8,1,-8,0
"2580","59","2","09",8,12,9,0,3,7,0,0,-4,6,-7,0
"2580","59","2","11",3,6,3,0,0,3,0,0,-3,3,-3,0
"2580","60","1","samt",12,9,7,0,3,0,3,3,3,4,0,0
"2580","60","1","09",7,6,7,0,3,0,0,0,1,4,0,0
"2580","60","1","11",6,3,3,0,0,0,3,3,3,3,0,0
"2580","60","2","samt",11,7,8,5,3,6,0,0,4,5,-1,0
"2580","60","2","09",9,7,9,5,3,4,0,0,2,6,1,0
"2580","60","2","11",3,0,3,0,0,0,0,0,3,3,0,0
"2580","61","1","samt",8,11,5,3,4,6,3,0,-3,1,-3,3
"2580","61","1","09",6,6,5,3,4,6,0,0,0,1,-3,0
"2580","61","1","11",3,0,0,0,0,0,3,0,3,0,0,3
"2580","61","2","samt",8,9,3,0,0,5,0,0,-1,3,-5,0
"2580","61","2","09",8,5,3,0,0,4,0,0,3,3,-4,0
"2580","61","2","11",0,0,0,0,0,0,0,0,0,0,0,0
"2580","62","1","samt",13,15,4,3,9,4,5,0,-2,-5,-1,5
"2580","62","1","09",8,10,4,3,8,4,0,0,-2,-4,-1,0
"2580","62","1","11",3,4,0,3,4,0,5,0,-1,-4,3,5
"2580","62","2","samt",4,14,3,3,6,3,0,0,-10,-3,0,0
"2580","62","2","09",7,11,3,3,7,3,0,0,-4,-4,0,0
"2580","62","2","11",0,3,0,0,3,0,0,0,-3,-3,0,0
"2580","63","1","samt",4,9,0,3,4,6,0,0,-5,-4,-3,0
"2580","63","1","09",0,9,0,0,4,4,0,0,-9,-4,-4,0
"2580","63","1","11",5,4,0,0,0,4,0,0,1,0,-4,0
"2580","63","2","samt",9,7,8,0,5,5,0,0,2,3,-5,0
"2580","63","2","09",5,4,4,0,6,0,3,0,1,-2,0,3
"2580","63","2","11",3,3,3,0,0,0,0,0,0,3,0,0
"2580","64","1","samt",12,12,3,4,4,8,3,3,0,-1,-4,0
"2580","64","1","09",7,7,3,4,3,8,0,0,0,0,-4,0
"2580","64","1","11",4,4,3,0,3,3,3,3,0,0,-3,0
"2580","64","2","samt",8,9,6,0,4,4,0,0,-1,2,-4,0
"2580","64","2","09",6,9,6,3,4,4,0,0,-3,2,-1,0
"2580","64","2","11",0,0,0,0,0,0,0,0,0,0,0,0
"2580","65","1","samt",11,12,4,0,7,7,3,0,-1,-3,-7,3
"2580","65","1","09",4,13,3,0,7,6,0,0,-9,-4,-6,0
"2580","65","1","11",7,3,0,0,0,0,3,0,4,0,0,3
"2580","65","2","samt",10,11,5,3,7,4,0,0,-1,-2,-1,0
"2580","65","2","09",7,8,3,3,5,4,0,0,-1,-2,-1,0
"2580","65","2","11",4,0,4,0,0,0,0,0,4,4,0,0
"2580","66","1","samt",6,8,0,0,3,3,3,0,-2,-3,-3,3
"2580","66","1","09",0,8,0,0,3,3,0,0,-8,-3,-3,0
"2580","66","1","11",0,0,0,0,0,0,3,0,0,0,0,3
"2580","66","2","samt",10,7,6,3,4,0,0,0,3,2,3,0
"2580","66","2","09",10,7,6,3,4,0,0,0,3,2,3,0
"2580","66","2","11",0,0,0,0,0,0,0,0,0,0,0,0
"2580","67","1","samt",14,5,7,8,6,4,3,0,9,1,4,3
"2580","67","1","09",9,7,6,8,6,3,0,0,2,0,5,0
"2580","67","1","11",4,3,3,0,0,0,3,0,1,3,0,3
"2580","67","2","samt",4,4,5,3,0,4,0,0,0,5,-1,0
"2580","67","2","09",8,4,5,0,0,4,0,0,4,5,-4,0
"2580","67","2","11",0,0,0,0,0,0,0,0,0,0,0,0
"2580","68","1","samt",10,4,4,3,0,5,0,0,6,4,-2,0
"2580","68","1","09",5,6,3,3,0,3,0,0,-1,3,0,0
"2580","68","1","11",3,0,0,3,0,0,0,0,3,0,3,0
"2580","68","2","samt",8,5,5,0,0,3,3,0,3,5,-3,3
"2580","68","2","09",5,3,3,3,0,3,0,0,2,3,0,0
"2580","68","2","11",0,0,0,0,0,0,3,0,0,0,0,3
"2580","69","1","samt",4,5,4,0,4,0,0,0,-1,0,0,0
"2580","69","1","09",4,7,4,0,4,3,0,0,-3,0,-3,0
"2580","69","1","11",0,3,0,0,0,3,0,0,-3,0,-3,0
"2580","69","2","samt",7,8,5,3,5,0,3,0,-1,0,3,3
"2580","69","2","09",5,3,4,3,4,0,0,0,2,0,3,0
"2580","69","2","11",3,0,0,0,0,0,3,0,3,0,0,3
"2580","70","1","samt",4,3,3,3,0,0,0,0,1,3,3,0
"2580","70","1","09",5,3,3,3,0,0,0,0,2,3,3,0
"2580","70","1","11",0,0,0,0,0,0,0,0,0,0,0,0
"2580","70","2","samt",4,5,3,0,3,3,0,3,-1,0,-3,-3
"2580","70","2","09",3,0,3,0,0,3,0,3,3,3,-3,-3
"2580","70","2","11",0,3,0,0,3,0,0,0,-3,-3,0,0
"2580","71","1","samt",3,4,0,0,3,0,0,3,-1,-3,0,-3
"2580","71","1","09",3,3,0,0,3,0,0,0,0,-3,0,0
"2580","71","1","11",0,3,0,0,0,0,0,3,-3,0,0,-3
"2580","71","2","samt",3,3,3,0,0,0,0,0,0,3,0,0
"2580","71","2","09",4,3,4,0,0,0,0,0,1,4,0,0
"2580","71","2","11",0,0,0,0,0,0,0,0,0,0,0,0
"2580","72","1","samt",4,3,3,0,3,3,0,0,1,0,-3,0
"2580","72","1","09",3,3,0,0,3,3,0,0,0,-3,-3,0
"2580","72","1","11",0,0,0,0,0,0,0,0,0,0,0,0
"2580","72","2","samt",4,3,0,0,0,0,0,0,1,0,0,0
"2580","72","2","09",3,3,0,0,3,0,0,0,0,-3,0,0
"2580","72","2","11",0,0,0,0,0,0,0,0,0,0,0,0
"2580","73","1","samt",5,4,3,0,0,3,3,0,1,3,-3,3
"2580","73","1","09",4,4,3,0,0,3,0,0,0,3,-3,0
"2580","73","1","11",3,0,0,0,0,0,3,0,3,0,0,3
"2580","73","2","samt",10,3,11,3,3,3,0,3,7,8,0,-3
"2580","73","2","09",10,0,8,0,0,0,0,3,10,8,0,-3
"2580","73","2","11",3,3,3,0,3,0,0,0,0,0,0,0
"2580","74","1","samt",3,3,0,3,0,3,0,0,0,0,0,0
"2580","74","1","09",3,3,0,3,0,3,0,0,0,0,0,0
"2580","74","1","11",0,0,0,0,0,0,0,0,0,0,0,0
"2580","74","2","samt",0,3,0,0,3,4,0,0,-3,-3,-4,0
"2580","74","2","09",0,3,0,0,3,3,0,0,-3,-3,-3,0
"2580","74","2","11",0,0,0,0,0,0,0,0,0,0,0,0
"2580","75","1","samt",5,3,4,0,3,0,0,0,2,1,0,0
"2580","75","1","09",4,3,4,0,3,0,0,0,1,1,0,0
"2580","75","1","11",0,0,0,0,0,0,0,0,0,0,0,0
"2580","75","2","samt",4,0,3,0,0,0,0,0,4,3,0,0
"2580","75","2","09",3,0,3,0,0,0,0,0,3,3,0,0
"2580","75","2","11",0,0,0,0,0,0,0,0,0,0,0,0
"2580","76","1","samt",3,4,3,0,3,3,0,0,-1,0,-3,0
"2580","76","1","09",3,4,3,0,3,3,0,0,-1,0,-3,0
"2580","76","1","11",0,0,0,0,0,0,0,0,0,0,0,0
"2580","76","2","samt",3,3,3,0,3,0,0,0,0,0,0,0
"2580","76","2","09",3,3,3,0,3,0,0,0,0,0,0,0
"2580","76","2","11",0,0,0,0,0,0,0,0,0,0,0,0
"2580","77","1","samt",3,3,3,4,3,3,0,0,0,0,1,0
"2580","77","1","09",3,3,3,4,3,3,0,0,0,0,1,0
"2580","77","1","11",0,0,0,0,0,0,0,0,0,0,0,0
"2580","77","2","samt",0,3,0,3,3,0,0,0,-3,-3,3,0
"2580","77","2","09",0,3,0,3,3,0,0,0,-3,-3,3,0
"2580","77","2","11",0,0,0,0,0,0,0,0,0,0,0,0
"2580","78","1","samt",4,5,0,3,0,3,0,0,-1,0,0,0
"2580","78","1","09",4,5,0,3,0,3,0,0,-1,0,0,0
"2580","78","1","11",0,3,0,0,0,3,0,0,-3,0,-3,0
"2580","78","2","samt",0,5,0,0,3,3,0,0,-5,-3,-3,0
"2580","78","2","09",0,3,0,0,3,0,0,0,-3,-3,0,0
"2580","78","2","11",0,3,0,0,0,3,0,0,-3,0,-3,0
"2580","79","1","samt",4,4,3,0,3,0,0,0,0,0,0,0
"2580","79","1","09",4,4,3,0,3,0,0,0,0,0,0,0
"2580","79","1","11",0,0,0,0,0,0,0,0,0,0,0,0
"2580","79","2","samt",6,4,6,0,3,3,0,0,2,3,-3,0
"2580","79","2","09",6,4,6,0,3,3,0,0,2,3,-3,0
"2580","79","2","11",0,0,0,0,0,0,0,0,0,0,0,0
"2580","80","1","samt",3,0,3,3,3,3,0,0,3,0,0,0
"2580","80","1","09",3,0,3,3,3,3,0,0,3,0,0,0
"2580","80","1","11",0,0,0,0,0,0,0,0,0,0,0,0
"2580","80","2","samt",6,0,6,0,0,0,0,0,6,6,0,0
"2580","80","2","09",6,0,6,0,0,0,0,0,6,6,0,0
"2580","80","2","11",0,0,0,0,0,0,0,0,0,0,0,0
"2580","81","1","samt",4,0,5,0,0,0,0,0,4,5,0,0
"2580","81","1","09",5,0,5,0,0,0,0,0,5,5,0,0
"2580","81","1","11",0,0,0,0,0,0,0,0,0,0,0,0
"2580","81","2","samt",0,3,0,0,0,3,0,0,-3,0,-3,0
"2580","81","2","09",0,3,0,0,0,3,0,0,-3,0,-3,0
"2580","81","2","11",0,0,0,0,0,0,0,0,0,0,0,0
"2580","82","1","samt",3,0,3,0,0,0,0,0,3,3,0,0
"2580","82","1","09",3,0,3,0,0,0,0,0,3,3,0,0
"2580","82","1","11",0,0,0,0,0,0,0,0,0,0,0,0
"2580","82","2","samt",3,3,3,0,0,3,0,0,0,3,-3,0
"2580","82","2","09",3,0,3,0,0,0,0,0,3,3,0,0
"2580","82","2","11",3,3,3,0,0,3,0,0,0,3,-3,0
"2580","83","1","samt",6,4,3,3,3,0,0,0,2,0,3,0
"2580","83","1","09",6,4,3,3,3,0,0,0,2,0,3,0
"2580","83","1","11",0,0,0,0,0,0,0,0,0,0,0,0
"2580","83","2","samt",3,0,0,0,0,0,3,0,3,0,0,3
"2580","83","2","09",0,0,0,0,0,0,0,0,0,0,0,0
"2580","83","2","11",3,0,0,0,0,0,3,0,3,0,0,3
"2580","84","1","samt",0,0,0,0,0,0,0,0,0,0,0,0
"2580","84","1","09",0,0,0,0,0,0,0,0,0,0,0,0
"2580","84","1","11",0,0,0,0,0,0,0,0,0,0,0,0
"2580","84","2","samt",3,4,3,0,4,0,0,0,-1,-1,0,0
"2580","84","2","09",3,4,3,0,4,0,0,0,-1,-1,0,0
"2580","84","2","11",0,0,0,0,0,0,0,0,0,0,0,0
"2580","85","1","samt",3,0,3,0,0,0,0,0,3,3,0,0
"2580","85","1","09",3,0,3,0,0,0,0,0,3,3,0,0
"2580","85","1","11",0,0,0,0,0,0,0,0,0,0,0,0
"2580","85","2","samt",3,0,0,0,0,0,3,0,3,0,0,3
"2580","85","2","09",0,0,0,0,0,0,0,0,0,0,0,0
"2580","85","2","11",3,0,0,0,0,0,3,0,3,0,0,3
"2580","86","1","samt",0,0,0,0,0,0,0,0,0,0,0,0
"2580","86","1","09",0,0,0,0,0,0,0,0,0,0,0,0
"2580","86","1","11",0,0,0,0,0,0,0,0,0,0,0,0
"2580","86","2","samt",4,0,0,0,0,0,0,0,4,0,0,0
"2580","86","2","09",4,0,0,0,0,0,0,0,4,0,0,0
"2580","86","2","11",0,0,0,0,0,0,0,0,0,0,0,0
"2580","87","1","samt",0,0,0,0,0,0,0,0,0,0,0,0
"2580","87","1","09",0,0,0,0,0,0,0,0,0,0,0,0
"2580","87","1","11",0,0,0,0,0,0,0,0,0,0,0,0
"2580","87","2","samt",3,3,3,0,3,0,0,0,0,0,0,0
"2580","87","2","09",3,3,3,0,3,0,0,0,0,0,0,0
"2580","87","2","11",0,0,0,0,0,0,0,0,0,0,0,0
"2580","88","1","samt",0,0,0,0,0,0,0,0,0,0,0,0
"2580","88","1","09",0,0,0,0,0,0,0,0,0,0,0,0
"2580","88","1","11",0,0,0,0,0,0,0,0,0,0,0,0
"2580","88","2","samt",0,3,0,0,0,3,0,0,-3,0,-3,0
"2580","88","2","09",0,3,0,0,0,3,0,0,-3,0,-3,0
"2580","88","2","11",0,0,0,0,0,0,0,0,0,0,0,0
"2580","89","1","samt",0,0,0,0,0,0,0,0,0,0,0,0
"2580","89","1","09",0,0,0,0,0,0,0,0,0,0,0,0
"2580","89","1","11",0,0,0,0,0,0,0,0,0,0,0,0
"2580","89","2","samt",0,0,0,0,0,0,0,0,0,0,0,0
"2580","89","2","09",0,0,0,0,0,0,0,0,0,0,0,0
"2580","89","2","11",0,0,0,0,0,0,0,0,0,0,0,0
"2580","90","1","samt",0,0,0,0,0,0,0,0,0,0,0,0
"2580","90","1","09",0,0,0,0,0,0,0,0,0,0,0,0
"2580","90","1","11",0,0,0,0,0,0,0,0,0,0,0,0
"2580","90","2","samt",0,0,0,0,0,0,0,0,0,0,0,0
"2580","90","2","09",0,0,0,0,0,0,0,0,0,0,0,0
"2580","90","2","11",0,0,0,0,0,0,0,0,0,0,0,0
"2580","91","1","samt",0,0,0,0,0,0,0,0,0,0,0,0
"2580","91","1","09",0,0,0,0,0,0,0,0,0,0,0,0
"2580","91","1","11",0,0,0,0,0,0,0,0,0,0,0,0
"2580","91","2","samt",0,3,0,0,3,0,0,0,-3,-3,0,0
"2580","91","2","09",0,3,0,0,3,0,0,0,-3,-3,0,0
"2580","91","2","11",0,0,0,0,0,0,0,0,0,0,0,0
"2580","92","1","samt",0,0,0,0,0,0,0,0,0,0,0,0
"2580","92","1","09",0,0,0,0,0,0,0,0,0,0,0,0
"2580","92","1","11",0,0,0,0,0,0,0,0,0,0,0,0
"2580","92","2","samt",3,0,0,3,0,0,0,0,3,0,3,0
"2580","92","2","09",3,0,0,3,0,0,0,0,3,0,3,0
"2580","92","2","11",0,0,0,0,0,0,0,0,0,0,0,0
"2580","93","1","samt",0,0,0,0,0,0,0,0,0,0,0,0
"2580","93","1","09",0,0,0,0,0,0,0,0,0,0,0,0
"2580","93","1","11",0,0,0,0,0,0,0,0,0,0,0,0
"2580","93","2","samt",0,0,0,0,0,0,0,0,0,0,0,0
"2580","93","2","09",0,0,0,0,0,0,0,0,0,0,0,0
"2580","93","2","11",0,0,0,0,0,0,0,0,0,0,0,0
"2580","94","1","samt",0,0,0,0,0,0,0,0,0,0,0,0
"2580","94","1","09",0,0,0,0,0,0,0,0,0,0,0,0
"2580","94","1","11",0,0,0,0,0,0,0,0,0,0,0,0
"2580","94","2","samt",3,0,0,3,0,0,0,0,3,0,3,0
"2580","94","2","09",3,0,0,3,0,0,0,0,3,0,3,0
"2580","94","2","11",0,0,0,0,0,0,0,0,0,0,0,0
"2580","95","1","samt",0,0,0,0,0,0,0,0,0,0,0,0
"2580","95","1","09",0,0,0,0,0,0,0,0,0,0,0,0
"2580","95","1","11",0,0,0,0,0,0,0,0,0,0,0,0
"2580","95","2","samt",0,0,0,0,0,0,0,0,0,0,0,0
"2580","95","2","09",0,0,0,0,0,0,0,0,0,0,0,0
"2580","95","2","11",0,0,0,0,0,0,0,0,0,0,0,0
"2580","96","1","samt",0,0,0,0,0,0,0,0,0,0,0,0
"2580","96","1","09",0,0,0,0,0,0,0,0,0,0,0,0
"2580","96","1","11",0,0,0,0,0,0,0,0,0,0,0,0
"2580","96","2","samt",0,3,0,0,3,0,0,0,-3,-3,0,0
"2580","96","2","09",0,3,0,0,3,0,0,0,-3,-3,0,0
"2580","96","2","11",0,0,0,0,0,0,0,0,0,0,0,0
"2580","97","1","samt",0,0,0,0,0,0,0,0,0,0,0,0
"2580","97","1","09",0,0,0,0,0,0,0,0,0,0,0,0
"2580","97","1","11",0,0,0,0,0,0,0,0,0,0,0,0
"2580","97","2","samt",0,0,0,0,0,0,0,0,0,0,0,0
"2580","97","2","09",0,0,0,0,0,0,0,0,0,0,0,0
"2580","97","2","11",0,0,0,0,0,0,0,0,0,0,0,0
"2580","98","1","samt",0,0,0,0,0,0,0,0,0,0,0,0
"2580","98","1","09",0,0,0,0,0,0,0,0,0,0,0,0
"2580","98","1","11",0,0,0,0,0,0,0,0,0,0,0,0
"2580","98","2","samt",0,0,0,0,0,0,0,0,0,0,0,0
"2580","98","2","09",0,0,0,0,0,0,0,0,0,0,0,0
"2580","98","2","11",0,0,0,0,0,0,0,0,0,0,0,0
"2580","99","1","samt",0,0,0,0,0,0,0,0,0,0,0,0
"2580","99","1","09",0,0,0,0,0,0,0,0,0,0,0,0
"2580","99","1","11",0,0,0,0,0,0,0,0,0,0,0,0
"2580","99","2","samt",0,0,0,0,0,0,0,0,0,0,0,0
"2580","99","2","09",0,0,0,0,0,0,0,0,0,0,0,0
"2580","99","2","11",0,0,0,0,0,0,0,0,0,0,0,0
"2582","0","1","samt",3,4,0,0,0,3,3,0,-1,0,-3,3
"2582","0","1","09",3,4,0,0,0,3,3,0,-1,0,-3,3
"2582","0","1","11",0,0,0,0,0,0,0,0,0,0,0,0
"2582","0","2","samt",6,5,3,3,4,3,0,0,1,-1,0,0
"2582","0","2","09",6,5,3,3,4,3,0,0,1,-1,0,0
"2582","0","2","11",0,0,0,0,0,0,0,0,0,0,0,0
"2582","1","1","samt",10,0,3,6,0,0,3,0,10,3,6,3
"2582","1","1","09",10,0,3,6,0,0,0,0,10,3,6,0
"2582","1","1","11",3,0,0,0,0,0,3,0,3,0,0,3
"2582","1","2","samt",14,3,5,4,0,5,7,0,11,5,-1,7
"2582","1","2","09",9,3,0,4,0,5,3,0,6,0,-1,3
"2582","1","2","11",4,0,0,0,0,0,3,0,4,0,0,3
"2582","2","1","samt",14,3,0,7,3,0,9,0,11,-3,7,9
"2582","2","1","09",5,3,0,4,3,0,0,0,2,-3,4,0
"2582","2","1","11",9,0,3,3,0,0,9,0,9,3,3,9
"2582","2","2","samt",9,3,7,0,3,3,4,0,6,4,-3,4
"2582","2","2","09",6,3,6,0,3,0,0,0,3,3,0,0
"2582","2","2","11",5,3,0,0,0,3,4,0,2,0,-3,4
"2582","3","1","samt",12,7,0,3,0,3,7,0,5,0,0,7
"2582","3","1","09",5,3,0,3,0,0,0,0,2,0,3,0
"2582","3","1","11",6,0,0,0,0,3,7,0,6,0,-3,7
"2582","3","2","samt",8,3,3,0,3,3,0,3,5,0,-3,-3
"2582","3","2","09",3,3,0,0,3,3,0,3,0,-3,-3,-3
"2582","3","2","11",5,0,0,0,0,0,0,0,5,0,0,0
"2582","4","1","samt",7,3,0,4,3,3,0,0,4,-3,1,0
"2582","4","1","09",4,3,0,4,3,3,0,0,1,-3,1,0
"2582","4","1","11",3,0,0,3,0,0,0,0,3,0,3,0
"2582","4","2","samt",8,6,0,3,0,3,6,3,2,0,0,3
"2582","4","2","09",0,6,0,0,0,3,0,3,-6,0,-3,-3
"2582","4","2","11",8,0,0,4,0,0,6,0,8,0,4,6
"2582","5","1","samt",8,5,3,3,3,4,7,0,3,0,-1,7
"2582","5","1","09",4,5,3,3,3,4,0,0,-1,0,-1,0
"2582","5","1","11",7,0,0,0,0,0,7,0,7,0,0,7
"2582","5","2","samt",11,4,3,3,4,0,5,3,7,-1,3,2
"2582","5","2","09",3,4,3,3,4,0,0,3,-1,-1,3,-3
"2582","5","2","11",5,0,3,0,0,0,5,0,5,3,0,5
"2582","6","1","samt",13,5,0,9,0,3,4,3,8,0,6,1
"2582","6","1","09",3,3,0,0,0,3,0,3,0,0,-3,-3
"2582","6","1","11",10,0,0,10,0,0,4,0,10,0,10,4
"2582","6","2","samt",8,3,0,3,0,3,5,0,5,0,0,5
"2582","6","2","09",0,3,0,0,0,3,0,0,-3,0,-3,0
"2582","6","2","11",7,0,0,0,0,0,5,0,7,0,0,5
"2582","7","1","samt",10,4,0,4,0,4,3,0,6,0,0,3
"2582","7","1","09",3,3,0,3,0,3,0,0,0,0,0,0
"2582","7","1","11",6,3,0,0,0,3,3,0,3,0,-3,3
"2582","7","2","samt",12,10,0,5,3,8,4,0,2,-3,-3,4
"2582","7","2","09",0,5,0,0,0,5,0,0,-5,0,-5,0
"2582","7","2","11",8,4,0,5,3,3,4,0,4,-3,2,4
"2582","8","1","samt",12,7,4,3,3,3,6,0,5,1,0,6
"2582","8","1","09",6,0,0,3,0,3,0,0,6,0,0,0
"2582","8","1","11",6,3,4,0,4,0,6,0,3,0,0,6
"2582","8","2","samt",4,0,0,0,0,0,3,3,4,0,0,0
"2582","8","2","09",3,0,0,0,0,0,3,0,3,0,0,3
"2582","8","2","11",6,0,0,0,0,0,0,3,6,0,0,-3
"2582","9","1","samt",5,4,3,0,3,3,4,0,1,0,-3,4
"2582","9","1","09",3,4,3,0,3,0,0,0,-1,0,0,0
"2582","9","1","11",3,3,0,0,0,3,4,0,0,0,-3,4
"2582","9","2","samt",12,3,7,6,3,6,3,0,9,4,0,3
"2582","9","2","09",7,4,4,3,0,4,0,0,3,4,-1,0
"2582","9","2","11",10,3,3,3,3,0,3,0,7,0,3,3
"2582","10","1","samt",10,8,4,4,3,4,3,0,2,1,0,3
"2582","10","1","09",7,3,4,0,0,3,0,0,4,4,-3,0
"2582","10","1","11",8,4,0,4,0,3,4,0,4,0,1,4
"2582","10","2","samt",8,4,0,5,0,3,3,0,4,0,2,3
"2582","10","2","09",4,0,0,3,0,0,0,0,4,0,3,0
"2582","10","2","11",3,4,0,3,0,3,3,0,-1,0,0,3
"2582","11","1","samt",7,3,0,3,0,0,3,0,4,0,3,3
"2582","11","1","09",0,0,0,0,0,0,0,0,0,0,0,0
"2582","11","1","11",5,0,0,0,0,0,3,0,5,0,0,3
"2582","11","2","samt",3,7,0,0,3,3,3,0,-4,-3,-3,3
"2582","11","2","09",0,3,0,0,0,3,0,0,-3,0,-3,0
"2582","11","2","11",3,3,0,0,3,0,3,0,0,-3,0,3
"2582","12","1","samt",7,4,3,3,3,3,0,0,3,0,0,0
"2582","12","1","09",3,3,0,3,0,4,0,0,0,0,-1,0
"2582","12","1","11",4,0,3,0,3,0,0,0,4,0,0,0
"2582","12","2","samt",6,0,3,0,0,0,6,0,6,3,0,6
"2582","12","2","09",3,0,3,0,0,0,0,0,3,3,0,0
"2582","12","2","11",4,0,0,0,0,0,6,0,4,0,0,6
"2582","13","1","samt",8,3,3,0,0,3,4,0,5,3,-3,4
"2582","13","1","09",3,0,3,0,0,0,0,0,3,3,0,0
"2582","13","1","11",6,3,0,0,0,3,4,0,3,0,-3,4
"2582","13","2","samt",7,3,0,3,0,3,3,0,4,0,0,3
"2582","13","2","09",0,0,0,0,0,0,0,0,0,0,0,0
"2582","13","2","11",6,3,0,3,0,3,3,0,3,0,0,3
"2582","14","1","samt",4,6,0,0,3,3,3,0,-2,-3,-3,3
"2582","14","1","09",3,3,0,0,0,0,0,0,0,0,0,0
"2582","14","1","11",3,3,0,0,0,3,3,0,0,0,-3,3
"2582","14","2","samt",5,4,3,4,3,4,3,0,1,0,0,3
"2582","14","2","09",3,3,3,0,3,0,0,0,0,0,0,0
"2582","14","2","11",3,4,0,3,0,4,3,0,-1,0,-1,3
"2582","15","1","samt",3,3,0,0,3,0,0,0,0,-3,0,0
"2582","15","1","09",0,3,0,0,3,0,0,0,-3,-3,0,0
"2582","15","1","11",0,4,0,0,0,0,0,0,-4,0,0,0
"2582","15","2","samt",4,0,0,0,0,0,3,0,4,0,0,3
"2582","15","2","09",0,0,0,0,0,0,0,0,0,0,0,0
"2582","15","2","11",3,0,0,0,0,0,3,0,3,0,0,3
"2582","16","1","samt",6,3,0,4,0,0,3,0,3,0,4,3
"2582","16","1","09",0,0,0,0,0,0,0,0,0,0,0,0
"2582","16","1","11",4,0,0,0,0,0,3,0,4,0,0,3
"2582","16","2","samt",5,9,3,0,3,3,7,0,-4,0,-3,7
"2582","16","2","09",3,3,3,0,0,0,0,0,0,3,0,0
"2582","16","2","11",7,5,0,0,3,3,7,3,2,-3,-3,4
"2582","17","1","samt",9,6,6,0,3,3,4,0,3,3,-3,4
"2582","17","1","09",3,3,6,0,3,0,0,0,0,3,0,0
"2582","17","1","11",5,4,0,0,0,4,3,0,1,0,-4,3
"2582","17","2","samt",0,3,0,0,3,0,0,0,-3,-3,0,0
"2582","17","2","09",0,3,0,0,0,0,0,0,-3,0,0,0
"2582","17","2","11",0,3,0,0,3,0,0,0,-3,-3,0,0
"2582","18","1","samt",6,3,5,3,0,0,0,0,3,5,3,0
"2582","18","1","09",3,3,5,3,0,0,0,0,0,5,3,0
"2582","18","1","11",0,0,0,0,0,0,0,0,0,0,0,0
"2582","18","2","samt",8,6,3,3,7,3,5,0,2,-4,0,5
"2582","18","2","09",4,3,0,3,3,0,0,0,1,-3,3,0
"2582","18","2","11",3,3,4,0,0,3,5,0,0,4,-3,5
"2582","19","1","samt",11,12,3,7,0,10,4,0,-1,3,-3,4
"2582","19","1","09",11,7,3,5,0,7,0,0,4,3,-2,0
"2582","19","1","11",6,4,0,3,0,4,4,0,2,0,-1,4
"2582","19","2","samt",10,18,5,6,9,8,0,0,-8,-4,-2,0
"2582","19","2","09",10,13,5,6,9,5,0,0,-3,-4,1,0
"2582","19","2","11",3,4,0,0,0,4,0,0,-1,0,-4,0
"2582","20","1","samt",52,26,5,43,9,15,3,3,26,-4,28,0
"2582","20","1","09",39,22,5,34,10,11,0,3,17,-5,23,-3
"2582","20","1","11",9,0,0,7,0,3,3,0,9,0,4,3
"2582","20","2","samt",21,32,3,19,11,21,4,0,-11,-8,-2,4
"2582","20","2","09",19,23,3,17,5,17,0,0,-4,-2,0,0
"2582","20","2","11",4,6,0,3,3,7,4,0,-2,-3,-4,4
"2582","21","1","samt",37,38,13,22,21,19,0,0,-1,-8,3,0
"2582","21","1","09",29,35,9,19,19,14,0,0,-6,-10,5,0
"2582","21","1","11",6,3,0,4,0,3,0,0,3,0,1,0
"2582","21","2","samt",26,31,15,8,14,16,3,0,-5,1,-8,3
"2582","21","2","09",23,28,15,9,13,13,0,0,-5,2,-4,0
"2582","21","2","11",4,3,0,0,3,0,3,0,1,-3,0,3
"2582","22","1","samt",30,38,8,17,13,23,6,3,-8,-5,-6,3
"2582","22","1","09",20,34,4,12,13,20,0,0,-14,-9,-8,0
"2582","22","1","11",9,9,3,3,0,6,6,3,0,3,-3,3
"2582","22","2","samt",20,31,0,14,9,24,3,0,-11,-9,-10,3
"2582","22","2","09",13,27,0,10,5,19,0,0,-14,-5,-9,0
"2582","22","2","11",8,6,0,3,4,3,3,0,2,-4,0,3
"2582","23","1","samt",32,34,9,19,12,17,8,3,-2,-3,2,5
"2582","23","1","09",21,26,9,12,11,12,0,3,-5,-2,0,-3
"2582","23","1","11",15,8,0,3,0,7,8,0,7,0,-4,8
"2582","23","2","samt",29,29,13,15,14,14,3,0,0,-1,1,3
"2582","23","2","09",21,22,13,12,12,11,0,0,-1,1,1,0
"2582","23","2","11",6,4,0,0,4,4,3,0,2,-4,-4,3
"2582","24","1","samt",23,25,3,16,13,15,3,0,-2,-10,1,3
"2582","24","1","09",16,21,3,14,13,10,0,0,-5,-10,4,0
"2582","24","1","11",9,3,0,6,3,6,3,0,6,-3,0,3
"2582","24","2","samt",17,14,5,6,5,6,6,0,3,0,0,6
"2582","24","2","09",13,14,5,7,5,6,0,0,-1,0,1,0
"2582","24","2","11",4,0,0,0,0,0,3,0,4,0,0,3
"2582","25","1","samt",32,30,13,6,11,13,12,0,2,2,-7,12
"2582","25","1","09",15,18,12,5,10,12,0,0,-3,2,-7,0
"2582","25","1","11",14,12,0,4,6,6,12,0,2,-6,-2,12
"2582","25","2","samt",24,16,8,9,9,8,3,0,8,-1,1,3
"2582","25","2","09",18,13,10,9,7,4,0,0,5,3,5,0
"2582","25","2","11",6,4,0,3,3,3,3,0,2,-3,0,3
"2582","26","1","samt",36,32,7,12,15,17,13,4,4,-8,-5,9
"2582","26","1","09",9,17,6,7,12,5,0,0,-8,-6,2,0
"2582","26","1","11",24,18,3,9,5,6,13,4,6,-2,3,9
"2582","26","2","samt",17,24,8,10,13,10,3,3,-7,-5,0,0
"2582","26","2","09",16,17,8,7,11,5,0,0,-1,-3,2,0
"2582","26","2","11",3,4,0,3,0,3,3,0,-1,0,0,3
"2582","27","1","samt",33,22,8,11,8,12,9,0,11,0,-1,9
"2582","27","1","09",11,12,7,4,8,9,0,0,-1,-1,-5,0
"2582","27","1","11",19,7,3,7,4,7,9,0,12,-1,0,9
"2582","27","2","samt",21,20,5,7,7,9,5,0,1,-2,-2,5
"2582","27","2","09",10,13,6,5,7,4,0,3,-3,-1,1,-3
"2582","27","2","11",9,8,3,3,0,3,5,3,1,3,0,2
"2582","28","1","samt",28,20,9,11,10,13,7,0,8,-1,-2,7
"2582","28","1","09",12,15,5,7,10,8,0,0,-3,-5,-1,0
"2582","28","1","11",12,5,3,5,0,3,7,0,7,3,2,7
"2582","28","2","samt",24,14,7,14,6,8,3,0,10,1,6,3
"2582","28","2","09",14,10,7,9,4,9,0,0,4,3,0,0
"2582","28","2","11",12,4,0,7,0,0,0,0,8,0,7,0
"2582","29","1","samt",25,18,3,9,6,12,7,0,7,-3,-3,7
"2582","29","1","09",8,13,3,0,4,8,0,0,-5,-1,-8,0
"2582","29","1","11",18,4,0,8,0,3,7,0,14,0,5,7
"2582","29","2","samt",18,10,0,12,4,8,7,0,8,-4,4,7
"2582","29","2","09",3,5,0,6,4,6,0,0,-2,-4,0,0
"2582","29","2","11",16,7,0,7,0,6,7,0,9,0,1,7
"2582","30","1","samt",38,18,8,11,6,10,14,0,20,2,1,14
"2582","30","1","09",15,11,8,6,5,7,3,0,4,3,-1,3
"2582","30","1","11",19,4,0,6,0,3,14,0,15,0,3,14
"2582","30","2","samt",28,14,8,8,3,7,14,3,14,5,1,11
"2582","30","2","09",10,8,8,4,3,4,0,0,2,5,0,0
"2582","30","2","11",17,7,0,3,0,0,14,3,10,0,3,11
"2582","31","1","samt",31,26,7,9,15,14,15,0,5,-8,-5,15
"2582","31","1","09",11,17,10,3,8,10,3,0,-6,2,-7,3
"2582","31","1","11",20,9,4,7,5,7,12,0,11,-1,0,12
"2582","31","2","samt",32,8,6,13,4,4,10,0,24,2,9,10
"2582","31","2","09",8,8,10,4,4,0,0,0,0,6,4,0
"2582","31","2","11",21,3,0,7,0,3,10,0,18,0,4,10
"2582","32","1","samt",32,19,6,15,6,8,13,0,13,0,7,13
"2582","32","1","09",11,5,4,6,3,3,0,0,6,1,3,0
"2582","32","1","11",23,12,3,8,3,4,13,0,11,0,4,13
"2582","32","2","samt",15,10,4,3,3,0,8,3,5,1,3,5
"2582","32","2","09",5,7,4,3,3,0,0,0,-2,1,3,0
"2582","32","2","11",10,4,0,3,0,0,8,0,6,0,3,8
"2582","33","1","samt",32,13,3,15,5,9,12,3,19,-2,6,9
"2582","33","1","09",7,6,0,5,3,7,0,0,1,-3,-2,0
"2582","33","1","11",25,9,0,7,3,4,12,3,16,-3,3,9
"2582","33","2","samt",19,10,7,9,4,8,7,0,9,3,1,7
"2582","33","2","09",3,7,0,0,0,8,0,0,-4,0,-8,0
"2582","33","2","11",20,3,3,12,0,3,7,0,17,3,9,7
"2582","34","1","samt",42,14,4,18,6,6,20,0,28,-2,12,20
"2582","34","1","09",7,9,3,5,5,4,0,0,-2,-2,1,0
"2582","34","1","11",33,8,4,9,4,3,20,0,25,0,6,20
"2582","34","2","samt",18,15,7,9,10,3,10,3,3,-3,6,7
"2582","34","2","09",4,8,3,0,8,3,0,0,-4,-5,-3,0
"2582","34","2","11",14,5,3,3,3,0,10,3,9,0,3,7
"2582","35","1","samt",31,13,6,8,9,3,16,0,18,-3,5,16
"2582","35","1","09",4,9,4,0,8,0,0,0,-5,-4,0,0
"2582","35","1","11",26,5,3,8,3,0,16,0,21,0,8,16
"2582","35","2","samt",21,10,7,7,3,6,5,0,11,4,1,5
"2582","35","2","09",6,4,4,3,3,3,0,0,2,1,0,0
"2582","35","2","11",14,3,3,5,0,3,5,0,11,3,2,5
"2582","36","1","samt",34,9,5,5,0,7,24,0,25,5,-2,24
"2582","36","1","09",7,4,3,0,0,3,0,0,3,3,-3,0
"2582","36","1","11",30,4,0,4,0,4,24,0,26,0,0,24
"2582","36","2","samt",17,14,4,7,5,8,4,0,3,-1,-1,4
"2582","36","2","09",4,4,4,0,4,3,0,0,0,0,-3,0
"2582","36","2","11",9,5,0,5,0,3,4,0,4,0,2,4
"2582","37","1","samt",32,21,7,7,8,9,22,3,11,-1,-2,19
"2582","37","1","09",8,6,7,3,3,5,0,0,2,4,-2,0
"2582","37","1","11",28,13,3,4,6,7,22,3,15,-3,-3,19
"2582","37","2","samt",18,6,5,4,0,4,6,3,12,5,0,3
"2582","37","2","09",6,3,3,0,0,0,0,0,3,3,0,0
"2582","37","2","11",13,3,0,3,0,0,6,3,10,0,3,3
"2582","38","1","samt",26,9,5,3,11,0,13,0,17,-6,3,13
"2582","38","1","09",3,3,0,0,4,0,0,0,0,-4,0,0
"2582","38","1","11",24,4,6,3,4,0,13,0,20,2,3,13
"2582","38","2","samt",17,13,0,7,3,6,11,4,4,-3,1,7
"2582","38","2","09",3,4,0,0,3,0,0,0,-1,-3,0,0
"2582","38","2","11",13,9,0,3,0,3,11,4,4,0,0,7
"2582","39","1","samt",40,19,11,11,8,10,14,0,21,3,1,14
"2582","39","1","09",7,9,3,3,3,6,0,0,-2,0,-3,0
"2582","39","1","11",32,10,5,10,4,4,13,0,22,1,6,13
"2582","39","2","samt",15,11,3,5,3,4,8,0,4,0,1,8
"2582","39","2","09",3,3,3,3,3,0,0,0,0,0,3,0
"2582","39","2","11",13,11,0,7,3,4,7,0,2,-3,3,7
"2582","40","1","samt",34,9,5,10,4,4,21,0,25,1,6,21
"2582","40","1","09",0,3,3,0,3,3,0,0,-3,0,-3,0
"2582","40","1","11",32,8,5,11,0,0,21,0,24,5,11,21
"2582","40","2","samt",15,10,0,7,3,6,6,3,5,-3,1,3
"2582","40","2","09",8,3,0,3,3,3,0,0,5,-3,0,0
"2582","40","2","11",9,7,3,3,0,7,9,0,2,3,-4,9
"2582","41","1","samt",32,7,0,11,0,3,22,5,25,0,8,17
"2582","41","1","09",5,3,0,3,0,3,0,0,2,0,0,0
"2582","41","1","11",30,3,0,10,0,4,22,3,27,0,6,19
"2582","41","2","samt",15,5,3,7,0,3,7,0,10,3,4,7
"2582","41","2","09",0,3,0,0,3,0,0,0,-3,-3,0,0
"2582","41","2","11",11,7,3,3,3,3,7,0,4,0,0,7
"2582","42","1","samt",31,6,3,4,3,3,22,3,25,0,1,19
"2582","42","1","09",3,3,0,3,3,3,0,0,0,-3,0,0
"2582","42","1","11",29,0,0,5,0,0,22,3,29,0,5,19
"2582","42","2","samt",9,3,0,0,0,4,3,0,6,0,-4,3
"2582","42","2","09",3,0,0,3,0,0,0,0,3,0,3,0
"2582","42","2","11",8,3,0,3,0,4,3,0,5,0,-1,3
"2582","43","1","samt",32,8,6,6,3,4,18,0,24,3,2,18
"2582","43","1","09",4,5,3,0,0,0,0,0,-1,3,0,0
"2582","43","1","11",26,3,0,4,3,0,18,0,23,-3,4,18
"2582","43","2","samt",5,4,0,0,3,0,5,3,1,-3,0,2
"2582","43","2","09",0,3,0,0,0,0,0,3,-3,0,0,-3
"2582","43","2","11",3,4,0,0,3,0,5,0,-1,-3,0,5
"2582","44","1","samt",21,11,4,3,8,4,18,5,10,-4,-1,13
"2582","44","1","09",3,5,0,3,7,0,0,0,-2,-7,3,0
"2582","44","1","11",21,10,3,0,3,4,18,3,11,0,-4,15
"2582","44","2","samt",8,3,3,4,3,0,3,0,5,0,4,3
"2582","44","2","09",4,0,3,0,0,0,0,0,4,3,0,0
"2582","44","2","11",5,3,0,0,3,0,3,0,2,-3,0,3
"2582","45","1","samt",16,11,3,4,3,7,9,3,5,0,-3,6
"2582","45","1","09",3,0,0,3,0,3,0,0,3,0,0,0
"2582","45","1","11",11,10,3,3,0,5,9,3,1,3,-2,6
"2582","45","2","samt",9,4,0,6,0,3,3,0,5,0,3,3
"2582","45","2","09",7,0,0,3,0,0,0,0,7,0,3,0
"2582","45","2","11",8,0,0,0,0,0,3,0,8,0,0,3
"2582","46","1","samt",22,14,7,4,3,9,17,4,8,4,-5,13
"2582","46","1","09",7,8,7,0,5,3,0,0,-1,2,-3,0
"2582","46","1","11",17,12,0,4,3,3,17,4,5,-3,1,13
"2582","46","2","samt",11,8,3,4,0,8,8,0,3,3,-4,8
"2582","46","2","09",6,4,4,4,0,4,0,0,2,4,0,0
"2582","46","2","11",8,3,0,0,0,3,6,0,5,0,-3,6
"2582","47","1","samt",21,5,4,0,4,3,15,0,16,0,-3,15
"2582","47","1","09",3,4,3,0,4,0,0,0,-1,-1,0,0
"2582","47","1","11",16,3,3,0,0,3,15,0,13,3,-3,15
"2582","47","2","samt",10,4,0,0,0,3,4,0,6,0,-3,4
"2582","47","2","09",0,3,0,0,0,3,0,0,-3,0,-3,0
"2582","47","2","11",3,3,0,0,0,3,4,0,0,0,-3,4
"2582","48","1","samt",17,7,3,3,0,6,8,0,10,3,-3,8
"2582","48","1","09",3,7,0,3,0,6,0,0,-4,0,-3,0
"2582","48","1","11",14,0,3,0,0,0,8,0,14,3,0,8
"2582","48","2","samt",0,3,0,0,3,3,0,0,-3,-3,-3,0
"2582","48","2","09",0,3,0,0,3,0,0,0,-3,-3,0,0
"2582","48","2","11",0,4,0,0,0,3,0,0,-4,0,-3,0
"2582","49","1","samt",16,9,0,0,0,3,12,5,7,0,-3,7
"2582","49","1","09",0,3,0,0,0,3,0,0,-3,0,-3,0
"2582","49","1","11",16,5,0,0,0,0,12,5,11,0,0,7
"2582","49","2","samt",3,6,0,3,3,3,5,3,-3,-3,0,2
"2582","49","2","09",3,7,0,3,3,3,0,0,-4,-3,0,0
"2582","49","2","11",5,3,0,0,0,0,5,3,2,0,0,2
"2582","50","1","samt",20,6,0,3,3,4,15,0,14,-3,-1,15
"2582","50","1","09",0,0,0,0,0,0,0,0,0,0,0,0
"2582","50","1","11",20,4,0,3,0,3,15,0,16,0,0,15
"2582","50","2","samt",9,11,3,0,9,4,3,3,-2,-6,-4,0
"2582","50","2","09",4,3,3,0,4,0,0,3,1,-1,0,-3
"2582","50","2","11",5,4,0,0,3,4,3,0,1,-3,-4,3
"2582","51","1","samt",11,0,3,0,0,0,6,0,11,3,0,6
"2582","51","1","09",0,0,0,0,0,0,0,0,0,0,0,0
"2582","51","1","11",8,0,3,0,0,0,6,0,8,3,0,6
"2582","51","2","samt",5,3,3,0,3,0,3,0,2,0,0,3
"2582","51","2","09",3,3,0,0,3,0,0,0,0,-3,0,0
"2582","51","2","11",4,0,0,3,0,0,3,0,4,0,3,3
"2582","52","1","samt",12,5,3,3,0,3,13,0,7,3,0,13
"2582","52","1","09",3,3,3,0,0,0,0,0,0,3,0,0
"2582","52","1","11",14,3,0,3,0,0,13,0,11,0,3,13
"2582","52","2","samt",3,9,0,0,4,5,0,0,-6,-4,-5,0
"2582","52","2","09",0,5,0,3,3,0,0,0,-5,-3,3,0
"2582","52","2","11",3,3,0,0,0,3,0,0,0,0,-3,0
"2582","53","1","samt",13,4,3,5,3,4,8,3,9,0,1,5
"2582","53","1","09",3,3,3,0,3,0,0,0,0,0,0,0
"2582","53","1","11",8,5,3,3,0,3,3,3,3,3,0,0
"2582","53","2","samt",7,7,3,0,6,4,3,3,0,-3,-4,0
"2582","53","2","09",3,7,3,0,6,4,0,0,-4,-3,-4,0
"2582","53","2","11",3,3,0,0,0,0,3,3,0,0,0,0
"2582","54","1","samt",14,9,3,5,4,3,8,0,5,-1,2,8
"2582","54","1","09",4,6,0,0,4,3,0,0,-2,-4,-3,0
"2582","54","1","11",14,4,0,4,0,3,8,0,10,0,1,8
"2582","54","2","samt",5,3,0,5,0,3,0,0,2,0,2,0
"2582","54","2","09",4,0,0,3,0,3,0,0,4,0,0,0
"2582","54","2","11",3,3,0,3,3,0,0,0,0,-3,3,0
"2582","55","1","samt",10,5,3,4,5,3,6,0,5,-2,1,6
"2582","55","1","09",4,5,3,0,5,0,0,0,-1,-2,0,0
"2582","55","1","11",6,4,0,0,0,3,6,0,2,0,-3,6
"2582","55","2","samt",3,3,0,3,0,3,0,3,0,0,0,-3
"2582","55","2","09",0,3,0,0,0,3,0,0,-3,0,-3,0
"2582","55","2","11",4,0,0,3,0,0,0,3,4,0,3,-3
"2582","56","1","samt",12,4,0,4,3,3,8,0,8,-3,1,8
"2582","56","1","09",6,4,0,4,3,3,0,0,2,-3,1,0
"2582","56","1","11",10,0,0,0,0,0,8,0,10,0,0,8
"2582","56","2","samt",3,5,0,0,5,3,0,0,-2,-5,-3,0
"2582","56","2","09",0,5,0,0,5,0,0,0,-5,-5,0,0
"2582","56","2","11",0,3,0,0,0,3,0,0,-3,0,-3,0
"2582","57","1","samt",11,9,0,3,3,4,7,3,2,-3,-1,4
"2582","57","1","09",0,3,0,0,0,0,0,0,-3,0,0,0
"2582","57","1","11",6,6,0,0,0,0,7,3,0,0,0,4
"2582","57","2","samt",3,5,3,0,3,3,0,0,-2,0,-3,0
"2582","57","2","09",3,6,3,0,3,0,0,0,-3,0,0,0
"2582","57","2","11",0,0,0,0,0,0,0,0,0,0,0,0
"2582","58","1","samt",12,10,6,0,10,5,5,0,2,-4,-5,5
"2582","58","1","09",6,9,6,0,10,3,0,0,-3,-4,-3,0
"2582","58","1","11",5,3,0,0,0,3,5,0,2,0,-3,5
"2582","58","2","samt",0,0,0,0,0,0,0,0,0,0,0,0
"2582","58","2","09",0,0,0,0,0,0,0,0,0,0,0,0
"2582","58","2","11",0,0,0,0,0,0,0,0,0,0,0,0
"2582","59","1","samt",10,3,3,0,0,0,8,0,7,3,0,8
"2582","59","1","09",3,0,3,0,0,0,0,0,3,3,0,0
"2582","59","1","11",7,0,0,0,0,0,8,0,7,0,0,8
"2582","59","2","samt",4,5,0,3,3,0,0,0,-1,-3,3,0
"2582","59","2","09",3,5,0,0,3,0,0,0,-2,-3,0,0
"2582","59","2","11",3,0,0,0,0,0,0,0,3,0,0,0
"2582","60","1","samt",3,6,0,0,5,3,4,0,-3,-5,-3,4
"2582","60","1","09",0,6,0,0,5,3,0,0,-6,-5,-3,0
"2582","60","1","11",4,0,0,0,0,0,4,0,4,0,0,4
"2582","60","2","samt",7,5,4,0,0,3,0,0,2,4,-3,0
"2582","60","2","09",3,0,3,0,0,0,0,0,3,3,0,0
"2582","60","2","11",0,0,3,0,0,0,0,0,0,3,0,0
"2582","61","1","samt",9,5,3,0,0,3,3,0,4,3,-3,3
"2582","61","1","09",5,3,3,0,0,0,0,0,2,3,0,0
"2582","61","1","11",8,5,3,0,0,0,3,0,3,3,0,3
"2582","61","2","samt",3,4,0,3,3,0,0,3,-1,-3,3,-3
"2582","61","2","09",0,4,0,0,3,0,0,3,-4,-3,0,-3
"2582","61","2","11",3,0,0,3,0,0,0,0,3,0,3,0
"2582","62","1","samt",8,3,4,0,0,3,5,0,5,4,-3,5
"2582","62","1","09",3,3,3,0,0,3,0,0,0,3,-3,0
"2582","62","1","11",5,0,3,0,0,0,5,0,5,3,0,5
"2582","62","2","samt",3,3,0,0,0,0,0,0,0,0,0,0
"2582","62","2","09",3,0,0,0,0,0,0,0,3,0,0,0
"2582","62","2","11",0,0,0,0,0,0,0,0,0,0,0,0
"2582","63","1","samt",5,0,0,0,0,0,4,0,5,0,0,4
"2582","63","1","09",0,0,0,0,0,0,0,0,0,0,0,0
"2582","63","1","11",4,0,0,0,0,0,4,0,4,0,0,4
"2582","63","2","samt",3,4,3,0,4,0,0,0,-1,-1,0,0
"2582","63","2","09",3,0,3,0,0,0,0,0,3,3,0,0
"2582","63","2","11",0,0,0,0,0,0,0,0,0,0,0,0
"2582","64","1","samt",9,7,3,0,4,0,4,3,2,-1,0,1
"2582","64","1","09",3,3,3,0,4,0,0,3,0,-1,0,-3
"2582","64","1","11",4,3,0,0,0,0,4,3,1,0,0,1
"2582","64","2","samt",6,7,6,0,7,0,0,0,-1,-1,0,0
"2582","64","2","09",6,5,6,0,5,0,0,0,1,1,0,0
"2582","64","2","11",0,3,0,0,3,0,0,0,-3,-3,0,0
"2582","65","1","samt",7,0,0,0,0,0,3,0,7,0,0,3
"2582","65","1","09",0,0,0,0,0,0,0,0,0,0,0,0
"2582","65","1","11",3,0,0,0,0,0,3,0,3,0,0,3
"2582","65","2","samt",3,0,0,0,0,3,0,0,3,0,-3,0
"2582","65","2","09",3,0,0,0,0,3,0,0,3,0,-3,0
"2582","65","2","11",0,0,0,0,0,0,0,0,0,0,0,0
"2582","66","1","samt",0,3,0,0,0,0,0,3,-3,0,0,-3
"2582","66","1","09",0,0,0,0,0,0,0,0,0,0,0,0
"2582","66","1","11",0,0,0,0,0,0,0,3,0,0,0,-3
"2582","66","2","samt",3,3,3,0,0,0,0,0,0,3,0,0
"2582","66","2","09",3,3,3,0,0,0,0,0,0,3,0,0
"2582","66","2","11",0,0,0,0,0,0,0,0,0,0,0,0
"2582","67","1","samt",6,3,3,0,3,0,3,0,3,0,0,3
"2582","67","1","09",3,3,3,0,3,0,3,0,0,0,0,3
"2582","67","1","11",0,0,0,0,0,0,0,0,0,0,0,0
"2582","67","2","samt",0,4,0,0,4,3,0,0,-4,-4,-3,0
"2582","67","2","09",0,3,0,0,4,3,0,0,-3,-4,-3,0
"2582","67","2","11",0,3,0,0,0,3,0,0,-3,0,-3,0
"2582","68","1","samt",3,0,0,0,0,0,3,3,3,0,0,0
"2582","68","1","09",0,0,0,0,0,0,0,0,0,0,0,0
"2582","68","1","11",3,0,0,0,0,0,3,3,3,0,0,0
"2582","68","2","samt",4,3,0,0,3,3,0,0,1,-3,-3,0
"2582","68","2","09",0,3,0,0,3,3,0,0,-3,-3,-3,0
"2582","68","2","11",0,0,0,0,0,0,0,0,0,0,0,0
"2582","69","1","samt",0,4,0,0,3,0,0,0,-4,-3,0,0
"2582","69","1","09",0,4,0,0,3,0,0,0,-4,-3,0,0
"2582","69","1","11",0,0,0,0,0,0,0,0,0,0,0,0
"2582","69","2","samt",5,3,5,0,0,3,0,0,2,5,-3,0
"2582","69","2","09",5,3,5,0,0,3,0,0,2,5,-3,0
"2582","69","2","11",0,0,0,0,0,0,0,0,0,0,0,0
"2582","70","1","samt",7,0,0,0,0,0,3,0,7,0,0,3
"2582","70","1","09",0,0,0,0,0,0,0,0,0,0,0,0
"2582","70","1","11",3,0,0,0,0,0,3,0,3,0,0,3
"2582","70","2","samt",3,3,0,0,0,3,3,0,0,0,-3,3
"2582","70","2","09",0,3,0,0,0,3,0,0,-3,0,-3,0
"2582","70","2","11",3,0,0,0,0,0,3,0,3,0,0,3
"2582","71","1","samt",3,3,0,0,0,3,0,0,0,0,-3,0
"2582","71","1","09",0,3,0,0,0,3,0,0,-3,0,-3,0
"2582","71","1","11",3,0,0,0,0,0,0,0,3,0,0,0
"2582","71","2","samt",3,3,3,0,0,3,0,0,0,3,-3,0
"2582","71","2","09",0,3,0,0,0,3,0,0,-3,0,-3,0
"2582","71","2","11",3,0,3,0,0,0,0,0,3,3,0,0
"2582","72","1","samt",3,3,3,3,0,3,0,0,0,3,0,0
"2582","72","1","09",3,3,3,3,0,3,0,0,0,3,0,0
"2582","72","1","11",0,0,0,0,0,0,0,0,0,0,0,0
"2582","72","2","samt",0,3,0,0,0,3,0,0,-3,0,-3,0
"2582","72","2","09",0,3,0,0,0,3,0,0,-3,0,-3,0
"2582","72","2","11",0,0,0,0,0,0,0,0,0,0,0,0
"2582","73","1","samt",3,3,0,3,0,3,3,0,0,0,0,3
"2582","73","1","09",0,3,0,3,0,3,0,0,-3,0,0,0
"2582","73","1","11",3,0,0,0,0,0,3,0,3,0,0,3
"2582","73","2","samt",0,0,0,0,0,0,0,3,0,0,0,-3
"2582","73","2","09",0,0,0,0,0,0,0,0,0,0,0,0
"2582","73","2","11",0,3,0,0,0,0,0,3,-3,0,0,-3
"2582","74","1","samt",0,0,0,0,0,0,0,0,0,0,0,0
"2582","74","1","09",0,0,0,0,0,0,0,0,0,0,0,0
"2582","74","1","11",0,0,0,0,0,0,0,0,0,0,0,0
"2582","74","2","samt",0,0,0,0,0,0,0,0,0,0,0,0
"2582","74","2","09",0,0,0,0,0,0,0,0,0,0,0,0
"2582","74","2","11",0,0,0,0,0,0,0,0,0,0,0,0
"2582","75","1","samt",4,0,5,0,0,0,3,0,4,5,0,3
"2582","75","1","09",4,0,5,0,0,0,3,0,4,5,0,3
"2582","75","1","11",0,0,0,0,0,0,0,0,0,0,0,0
"2582","75","2","samt",0,3,0,0,3,0,0,0,-3,-3,0,0
"2582","75","2","09",0,3,0,0,3,0,0,0,-3,-3,0,0
"2582","75","2","11",0,0,0,0,0,0,0,0,0,0,0,0
"2582","76","1","samt",0,0,0,0,0,0,0,0,0,0,0,0
"2582","76","1","09",0,0,0,0,0,0,0,0,0,0,0,0
"2582","76","1","11",0,0,0,0,0,0,0,0,0,0,0,0
"2582","76","2","samt",0,3,0,0,3,0,0,0,-3,-3,0,0
"2582","76","2","09",0,3,0,0,3,0,0,0,-3,-3,0,0
"2582","76","2","11",0,0,0,0,0,0,0,0,0,0,0,0
"2582","77","1","samt",0,0,0,0,0,0,0,0,0,0,0,0
"2582","77","1","09",0,0,0,0,0,0,0,0,0,0,0,0
"2582","77","1","11",0,0,0,0,0,0,0,0,0,0,0,0
"2582","77","2","samt",0,0,0,0,0,0,0,0,0,0,0,0
"2582","77","2","09",0,0,0,0,0,0,0,0,0,0,0,0
"2582","77","2","11",0,0,0,0,0,0,0,0,0,0,0,0
"2582","78","1","samt",0,3,0,0,3,3,0,0,-3,-3,-3,0
"2582","78","1","09",0,3,0,0,3,3,0,0,-3,-3,-3,0
"2582","78","1","11",0,0,0,0,0,0,0,0,0,0,0,0
"2582","78","2","samt",5,4,5,0,0,4,0,0,1,5,-4,0
"2582","78","2","09",5,4,5,0,0,4,0,0,1,5,-4,0
"2582","78","2","11",0,0,0,0,0,0,0,0,0,0,0,0
"2582","79","1","samt",0,0,3,0,0,0,0,0,0,3,0,0
"2582","79","1","09",0,0,3,0,0,0,0,0,0,3,0,0
"2582","79","1","11",0,0,0,0,0,0,0,0,0,0,0,0
"2582","79","2","samt",0,0,0,0,0,0,0,0,0,0,0,0
"2582","79","2","09",0,0,0,0,0,0,0,0,0,0,0,0
"2582","79","2","11",0,0,0,0,0,0,0,0,0,0,0,0
"2582","80","1","samt",0,0,0,0,0,0,0,0,0,0,0,0
"2582","80","1","09",0,0,0,0,0,0,0,0,0,0,0,0
"2582","80","1","11",0,0,0,0,0,0,0,0,0,0,0,0
"2582","80","2","samt",3,0,3,0,0,0,0,0,3,3,0,0
"2582","80","2","09",3,0,3,0,0,0,0,0,3,3,0,0
"2582","80","2","11",0,0,0,0,0,0,0,0,0,0,0,0
"2582","81","1","samt",0,3,0,0,0,0,0,0,-3,0,0,0
"2582","81","1","09",0,3,0,0,0,0,0,0,-3,0,0,0
"2582","81","1","11",0,0,0,0,0,0,0,0,0,0,0,0
"2582","81","2","samt",0,0,0,0,0,0,0,0,0,0,0,0
"2582","81","2","09",0,0,0,0,0,0,0,0,0,0,0,0
"2582","81","2","11",0,0,0,0,0,0,0,0,0,0,0,0
"2582","82","1","samt",3,3,0,3,0,3,0,0,0,0,0,0
"2582","82","1","09",0,0,0,0,0,0,0,0,0,0,0,0
"2582","82","1","11",3,3,0,3,0,3,0,0,0,0,0,0
"2582","82","2","samt",3,0,0,3,0,0,0,0,3,0,3,0
"2582","82","2","09",3,0,0,3,0,0,0,0,3,0,3,0
"2582","82","2","11",0,0,0,0,0,0,0,0,0,0,0,0
"2582","83","1","samt",0,0,0,0,0,0,0,0,0,0,0,0
"2582","83","1","09",0,0,0,0,0,0,0,0,0,0,0,0
"2582","83","1","11",0,0,0,0,0,0,0,0,0,0,0,0
"2582","83","2","samt",3,0,3,0,0,0,0,0,3,3,0,0
"2582","83","2","09",3,0,3,0,0,0,0,0,3,3,0,0
"2582","83","2","11",0,0,0,0,0,0,0,0,0,0,0,0
"2582","84","1","samt",0,0,0,0,0,0,0,0,0,0,0,0
"2582","84","1","09",0,0,0,0,0,0,0,0,0,0,0,0
"2582","84","1","11",0,0,0,0,0,0,0,0,0,0,0,0
"2582","84","2","samt",4,0,4,0,0,0,0,0,4,4,0,0
"2582","84","2","09",4,0,4,0,0,0,0,0,4,4,0,0
"2582","84","2","11",0,0,0,0,0,0,0,0,0,0,0,0
"2582","85","1","samt",0,3,0,0,0,3,0,0,-3,0,-3,0
"2582","85","1","09",0,3,0,0,0,3,0,0,-3,0,-3,0
"2582","85","1","11",0,0,0,0,0,0,0,0,0,0,0,0
"2582","85","2","samt",0,0,0,0,0,0,0,0,0,0,0,0
"2582","85","2","09",0,0,0,0,0,0,0,0,0,0,0,0
"2582","85","2","11",0,0,0,0,0,0,0,0,0,0,0,0
"2582","86","1","samt",0,0,0,0,0,0,0,0,0,0,0,0
"2582","86","1","09",0,0,0,0,0,0,0,0,0,0,0,0
"2582","86","1","11",0,0,0,0,0,0,0,0,0,0,0,0
"2582","86","2","samt",0,0,0,0,0,0,0,0,0,0,0,0
"2582","86","2","09",0,0,0,0,0,0,0,0,0,0,0,0
"2582","86","2","11",0,0,0,0,0,0,0,0,0,0,0,0
"2582","87","1","samt",0,0,0,0,0,0,0,0,0,0,0,0
"2582","87","1","09",0,0,0,0,0,0,0,0,0,0,0,0
"2582","87","1","11",0,0,0,0,0,0,0,0,0,0,0,0
"2582","87","2","samt",0,0,0,0,0,0,0,0,0,0,0,0
"2582","87","2","09",0,0,0,0,0,0,0,0,0,0,0,0
"2582","87","2","11",0,0,0,0,0,0,0,0,0,0,0,0
"2582","88","1","samt",0,0,0,0,0,0,0,0,0,0,0,0
"2582","88","1","09",0,0,0,0,0,0,0,0,0,0,0,0
"2582","88","1","11",0,0,0,0,0,0,0,0,0,0,0,0
"2582","88","2","samt",0,0,0,0,0,0,0,0,0,0,0,0
"2582","88","2","09",0,0,0,0,0,0,0,0,0,0,0,0
"2582","88","2","11",0,0,0,0,0,0,0,0,0,0,0,0
"2582","89","1","samt",0,0,0,0,0,0,0,0,0,0,0,0
"2582","89","1","09",0,0,0,0,0,0,0,0,0,0,0,0
"2582","89","1","11",0,0,0,0,0,0,0,0,0,0,0,0
"2582","89","2","samt",0,0,0,0,0,0,0,0,0,0,0,0
"2582","89","2","09",0,0,0,0,0,0,0,0,0,0,0,0
"2582","89","2","11",0,0,0,0,0,0,0,0,0,0,0,0
"2582","90","1","samt",0,0,0,0,0,0,0,0,0,0,0,0
"2582","90","1","09",0,0,0,0,0,0,0,0,0,0,0,0
"2582","90","1","11",0,0,0,0,0,0,0,0,0,0,0,0
"2582","90","2","samt",0,0,0,0,0,0,0,0,0,0,0,0
"2582","90","2","09",0,0,0,0,0,0,0,0,0,0,0,0
"2582","90","2","11",0,0,0,0,0,0,0,0,0,0,0,0
"2582","91","1","samt",0,3,0,0,0,3,0,0,-3,0,-3,0
"2582","91","1","09",0,3,0,0,0,3,0,0,-3,0,-3,0
"2582","91","1","11",0,0,0,0,0,0,0,0,0,0,0,0
"2582","91","2","samt",0,0,0,0,0,0,0,0,0,0,0,0
"2582","91","2","09",0,0,0,0,0,0,0,0,0,0,0,0
"2582","91","2","11",0,0,0,0,0,0,0,0,0,0,0,0
"2582","92","1","samt",0,0,0,0,0,0,0,0,0,0,0,0
"2582","92","1","09",0,0,0,0,0,0,0,0,0,0,0,0
"2582","92","1","11",0,0,0,0,0,0,0,0,0,0,0,0
"2582","92","2","samt",0,0,0,0,0,0,0,0,0,0,0,0
"2582","92","2","09",0,0,0,0,0,0,0,0,0,0,0,0
"2582","92","2","11",0,0,0,0,0,0,0,0,0,0,0,0
"2582","93","1","samt",0,0,0,0,0,0,0,0,0,0,0,0
"2582","93","1","09",0,0,0,0,0,0,0,0,0,0,0,0
"2582","93","1","11",0,0,0,0,0,0,0,0,0,0,0,0
"2582","93","2","samt",0,0,0,0,0,0,0,0,0,0,0,0
"2582","93","2","09",0,0,0,0,0,0,0,0,0,0,0,0
"2582","93","2","11",0,0,0,0,0,0,0,0,0,0,0,0
"2582","94","1","samt",0,0,0,0,0,0,0,0,0,0,0,0
"2582","94","1","09",0,0,0,0,0,0,0,0,0,0,0,0
"2582","94","1","11",0,0,0,0,0,0,0,0,0,0,0,0
"2582","94","2","samt",0,0,0,0,0,0,0,0,0,0,0,0
"2582","94","2","09",0,0,0,0,0,0,0,0,0,0,0,0
"2582","94","2","11",0,0,0,0,0,0,0,0,0,0,0,0
"2582","95","1","samt",0,0,0,0,0,0,0,0,0,0,0,0
"2582","95","1","09",0,0,0,0,0,0,0,0,0,0,0,0
"2582","95","1","11",0,0,0,0,0,0,0,0,0,0,0,0
"2582","95","2","samt",3,0,3,0,0,0,0,0,3,3,0,0
"2582","95","2","09",3,0,3,0,0,0,0,0,3,3,0,0
"2582","95","2","11",0,0,0,0,0,0,0,0,0,0,0,0
"2582","96","1","samt",0,0,0,0,0,0,0,0,0,0,0,0
"2582","96","1","09",0,0,0,0,0,0,0,0,0,0,0,0
"2582","96","1","11",0,0,0,0,0,0,0,0,0,0,0,0
"2582","96","2","samt",3,0,3,0,0,0,0,0,3,3,0,0
"2582","96","2","09",3,0,3,0,0,0,0,0,3,3,0,0
"2582","96","2","11",0,0,0,0,0,0,0,0,0,0,0,0
"2582","97","1","samt",0,0,0,0,0,0,0,0,0,0,0,0
"2582","97","1","09",0,0,0,0,0,0,0,0,0,0,0,0
"2582","97","1","11",0,0,0,0,0,0,0,0,0,0,0,0
"2582","97","2","samt",0,0,0,0,0,0,0,0,0,0,0,0
"2582","97","2","09",0,0,0,0,0,0,0,0,0,0,0,0
"2582","97","2","11",0,0,0,0,0,0,0,0,0,0,0,0
"2582","98","1","samt",0,0,0,0,0,0,0,0,0,0,0,0
"2582","98","1","09",0,0,0,0,0,0,0,0,0,0,0,0
"2582","98","1","11",0,0,0,0,0,0,0,0,0,0,0,0
"2582","98","2","samt",0,0,0,0,0,0,0,0,0,0,0,0
"2582","98","2","09",0,0,0,0,0,0,0,0,0,0,0,0
"2582","98","2","11",0,0,0,0,0,0,0,0,0,0,0,0
"2582","99","1","samt",0,0,0,0,0,0,0,0,0,0,0,0
"2582","99","1","09",0,0,0,0,0,0,0,0,0,0,0,0
"2582","99","1","11",0,0,0,0,0,0,0,0,0,0,0,0
"2582","99","2","samt",0,0,0,0,0,0,0,0,0,0,0,0
"2582","99","2","09",0,0,0,0,0,0,0,0,0,0,0,0
"2582","99","2","11",0,0,0,0,0,0,0,0,0,0,0,0
"2581","0","1","samt",6,3,0,3,0,3,3,0,3,0,0,3
"2581","0","1","09",6,3,0,3,0,3,3,0,3,0,0,3
"2581","0","1","11",0,0,0,0,0,0,0,0,0,0,0,0
"2581","0","2","samt",9,3,7,0,3,0,0,0,6,4,0,0
"2581","0","2","09",4,3,7,0,3,0,0,0,1,4,0,0
"2581","0","2","11",0,0,0,0,0,0,0,0,0,0,0,0
"2581","1","1","samt",11,10,3,5,3,0,0,3,1,0,5,-3
"2581","1","1","09",11,10,3,5,3,0,0,3,1,0,5,-3
"2581","1","1","11",0,0,0,0,0,0,0,0,0,0,0,0
"2581","1","2","samt",12,10,0,5,3,7,0,0,2,-3,-2,0
"2581","1","2","09",12,10,0,5,3,7,0,0,2,-3,-2,0
"2581","1","2","11",0,0,0,0,0,0,0,0,0,0,0,0
"2581","2","1","samt",11,9,7,4,6,3,4,0,2,1,1,4
"2581","2","1","09",8,10,7,4,6,0,0,0,-2,1,4,0
"2581","2","1","11",4,3,0,0,0,3,4,0,1,0,-3,4
"2581","2","2","samt",3,7,4,3,0,7,0,0,-4,4,-4,0
"2581","2","2","09",5,6,4,0,0,3,0,0,-1,4,-3,0
"2581","2","2","11",0,0,0,0,0,0,0,0,0,0,0,0
"2581","3","1","samt",5,8,5,0,3,3,0,0,-3,2,-3,0
"2581","3","1","09",5,8,5,0,3,3,0,0,-3,2,-3,0
"2581","3","1","11",0,0,0,0,0,0,0,0,0,0,0,0
"2581","3","2","samt",5,3,3,0,3,0,0,0,2,0,0,0
"2581","3","2","09",5,3,3,0,3,0,0,0,2,0,0,0
"2581","3","2","11",0,0,0,0,0,0,0,0,0,0,0,0
"2581","4","1","samt",9,9,6,3,4,3,3,3,0,2,0,0
"2581","4","1","09",6,9,6,3,4,3,0,3,-3,2,0,-3
"2581","4","1","11",3,0,0,0,0,0,3,0,3,0,0,3
"2581","4","2","samt",3,6,0,3,4,0,0,0,-3,-4,3,0
"2581","4","2","09",3,4,0,3,4,0,0,0,-1,-4,3,0
"2581","4","2","11",0,0,0,0,0,0,0,0,0,0,0,0
"2581","5","1","samt",4,7,3,3,4,6,0,0,-3,-1,-3,0
"2581","5","1","09",3,7,3,3,0,6,0,0,-4,3,-3,0
"2581","5","1","11",0,0,0,0,0,0,0,0,0,0,0,0
"2581","5","2","samt",5,3,3,0,0,0,0,3,2,3,0,-3
"2581","5","2","09",3,0,3,0,0,0,0,0,3,3,0,0
"2581","5","2","11",0,0,0,0,0,0,0,0,0,0,0,0
"2581","6","1","samt",0,0,0,0,0,3,0,0,0,0,-3,0
"2581","6","1","09",0,0,0,0,0,3,0,0,0,0,-3,0
"2581","6","1","11",0,0,0,0,0,0,0,0,0,0,0,0
"2581","6","2","samt",10,6,0,4,3,3,0,4,4,-3,1,-4
"2581","6","2","09",7,7,0,5,3,3,0,5,0,-3,2,-5
"2581","6","2","11",0,0,0,0,0,0,0,0,0,0,0,0
"2581","7","1","samt",8,0,0,3,0,0,0,0,8,0,3,0
"2581","7","1","09",5,0,0,3,0,0,0,0,5,0,3,0
"2581","7","1","11",0,0,0,0,0,0,0,0,0,0,0,0
"2581","7","2","samt",6,0,5,3,0,0,0,0,6,5,3,0
"2581","7","2","09",7,0,5,3,0,0,0,0,7,5,3,0
"2581","7","2","11",0,0,0,0,0,0,0,0,0,0,0,0
"2581","8","1","samt",8,3,5,3,0,0,0,3,5,5,3,-3
"2581","8","1","09",6,3,5,3,0,0,0,3,3,5,3,-3
"2581","8","1","11",0,0,0,0,0,0,0,0,0,0,0,0
"2581","8","2","samt",3,3,0,0,3,0,0,0,0,-3,0,0
"2581","8","2","09",3,3,0,0,3,0,0,0,0,-3,0,0
"2581","8","2","11",0,0,0,0,0,0,0,0,0,0,0,0
"2581","9","1","samt",6,3,4,0,4,3,3,0,3,0,-3,3
"2581","9","1","09",4,3,4,0,4,3,0,0,1,0,-3,0
"2581","9","1","11",3,0,0,0,0,0,3,0,3,0,0,3
"2581","9","2","samt",4,0,0,3,0,0,0,0,4,0,3,0
"2581","9","2","09",0,0,0,0,0,0,0,0,0,0,0,0
"2581","9","2","11",4,0,0,0,0,0,0,0,4,0,0,0
"2581","10","1","samt",0,4,0,0,3,3,0,0,-4,-3,-3,0
"2581","10","1","09",0,4,0,0,3,3,0,0,-4,-3,-3,0
"2581","10","1","11",0,0,0,0,0,0,0,0,0,0,0,0
"2581","10","2","samt",6,4,3,3,3,0,0,0,2,0,3,0
"2581","10","2","09",3,5,0,3,0,0,0,0,-2,0,3,0
"2581","10","2","11",3,3,0,0,3,0,0,0,0,-3,0,0
"2581","11","1","samt",5,5,3,3,0,3,0,0,0,3,0,0
"2581","11","1","09",0,5,3,3,0,3,0,0,-5,3,0,0
"2581","11","1","11",0,0,0,0,0,0,0,0,0,0,0,0
"2581","11","2","samt",3,3,0,0,3,0,3,0,0,-3,0,3
"2581","11","2","09",0,3,0,0,3,0,0,0,-3,-3,0,0
"2581","11","2","11",3,0,0,0,0,0,3,0,3,0,0,3
"2581","12","1","samt",4,3,3,0,0,4,0,0,1,3,-4,0
"2581","12","1","09",3,3,3,0,0,4,0,0,0,3,-4,0
"2581","12","1","11",3,0,0,0,0,0,0,0,3,0,0,0
"2581","12","2","samt",3,4,3,0,0,4,0,4,-1,3,-4,-4
"2581","12","2","09",0,3,0,0,0,3,0,0,-3,0,-3,0
"2581","12","2","11",0,4,0,0,0,3,0,4,-4,0,-3,-4
"2581","13","1","samt",3,7,3,0,0,7,0,0,-4,3,-7,0
"2581","13","1","09",3,4,3,0,0,4,0,0,-1,3,-4,0
"2581","13","1","11",0,0,0,0,0,0,0,0,0,0,0,0
"2581","13","2","samt",5,0,3,0,0,0,0,0,5,3,0,0
"2581","13","2","09",5,0,3,0,0,0,0,0,5,3,0,0
"2581","13","2","11",0,0,0,0,0,0,0,0,0,0,0,0
"2581","14","1","samt",4,7,0,4,4,3,0,0,-3,-4,1,0
"2581","14","1","09",4,6,0,4,4,3,0,0,-2,-4,1,0
"2581","14","1","11",0,3,0,0,0,0,0,0,-3,0,0,0
"2581","14","2","samt",6,3,0,0,4,3,3,0,3,-4,-3,3
"2581","14","2","09",0,4,0,0,0,3,0,0,-4,0,-3,0
"2581","14","2","11",3,0,0,0,0,0,3,0,3,0,0,3
"2581","15","1","samt",5,0,3,3,0,0,0,0,5,3,3,0
"2581","15","1","09",3,0,3,3,0,0,0,0,3,3,3,0
"2581","15","1","11",3,0,3,0,0,0,0,0,3,3,0,0
"2581","15","2","samt",6,8,0,3,3,4,0,0,-2,-3,-1,0
"2581","15","2","09",6,8,0,3,3,4,0,0,-2,-3,-1,0
"2581","15","2","11",0,0,0,0,0,0,0,0,0,0,0,0
"2581","16","1","samt",4,5,3,3,0,4,0,0,-1,3,-1,0
"2581","16","1","09",4,5,3,3,0,4,0,0,-1,3,-1,0
"2581","16","1","11",0,0,0,0,0,0,0,0,0,0,0,0
"2581","16","2","samt",8,7,6,3,3,4,0,0,1,3,-1,0
"2581","16","2","09",8,4,6,3,3,3,0,0,4,3,0,0
"2581","16","2","11",0,3,0,0,0,3,0,0,-3,0,-3,0
"2581","17","1","samt",5,6,0,5,0,5,0,0,-1,0,0,0
"2581","17","1","09",4,6,0,4,0,5,0,0,-2,0,-1,0
"2581","17","1","11",0,0,0,0,0,0,0,0,0,0,0,0
"2581","17","2","samt",3,3,3,0,0,3,0,0,0,3,-3,0
"2581","17","2","09",3,0,3,0,0,0,0,0,3,3,0,0
"2581","17","2","11",0,0,0,0,0,0,0,0,0,0,0,0
"2581","18","1","samt",4,8,0,3,0,5,0,0,-4,0,-2,0
"2581","18","1","09",3,4,0,3,0,4,0,0,-1,0,-1,0
"2581","18","1","11",0,3,0,0,0,0,0,0,-3,0,0,0
"2581","18","2","samt",5,4,4,3,0,4,0,0,1,4,-1,0
"2581","18","2","09",4,3,4,3,0,5,0,0,1,4,-2,0
"2581","18","2","11",0,3,0,0,0,3,0,0,-3,0,-3,0
"2581","19","1","samt",17,25,7,12,4,21,0,0,-8,3,-9,0
"2581","19","1","09",12,25,7,10,4,18,0,0,-13,3,-8,0
"2581","19","1","11",6,3,0,4,0,0,0,0,3,0,4,0
"2581","19","2","samt",24,41,11,6,10,30,3,0,-17,1,-24,3
"2581","19","2","09",19,35,11,6,10,27,0,0,-16,1,-21,0
"2581","19","2","11",3,3,0,0,0,3,3,0,0,0,-3,3
"2581","20","1","samt",26,51,9,19,14,37,3,0,-25,-5,-18,3
"2581","20","1","09",22,45,9,16,14,32,0,0,-23,-5,-16,0
"2581","20","1","11",4,4,0,3,0,4,3,0,0,0,-1,3
"2581","20","2","samt",31,49,16,17,13,33,0,0,-18,3,-16,0
"2581","20","2","09",32,48,14,15,14,33,0,0,-16,0,-18,0
"2581","20","2","11",3,3,0,0,3,0,0,0,0,-3,0,0
"2581","21","1","samt",40,42,18,20,17,26,3,0,-2,1,-6,3
"2581","21","1","09",30,42,14,18,17,23,0,0,-12,-3,-5,0
"2581","21","1","11",9,3,3,4,0,3,3,0,6,3,1,3
"2581","21","2","samt",39,61,17,24,11,51,0,3,-22,6,-27,-3
"2581","21","2","09",36,58,17,20,11,46,0,0,-22,6,-26,0
"2581","21","2","11",3,3,0,3,0,4,0,3,0,0,-1,-3
"2581","22","1","samt",36,35,14,24,7,22,3,0,1,7,2,3
"2581","22","1","09",35,31,12,21,7,21,3,0,4,5,0,3
"2581","22","1","11",4,5,0,0,0,4,0,0,-1,0,-4,0
"2581","22","2","samt",36,45,7,24,13,29,0,0,-9,-6,-5,0
"2581","22","2","09",29,34,5,24,12,24,0,0,-5,-7,0,0
"2581","22","2","11",4,8,0,4,3,4,0,0,-4,-3,0,0
"2581","23","1","samt",28,42,7,17,15,27,3,0,-14,-8,-10,3
"2581","23","1","09",17,32,3,18,10,22,0,3,-15,-7,-4,-3
"2581","23","1","11",10,10,3,4,3,9,3,3,0,0,-5,0
"2581","23","2","samt",31,32,8,20,10,18,0,3,-1,-2,2,-3
"2581","23","2","09",28,32,6,20,10,17,0,3,-4,-4,3,-3
"2581","23","2","11",3,6,3,0,0,6,0,0,-3,3,-6,0
"2581","24","1","samt",29,29,6,18,13,17,0,3,0,-7,1,-3
"2581","24","1","09",18,22,7,13,9,15,0,3,-4,-2,-2,-3
"2581","24","1","11",8,5,0,8,0,3,0,0,3,0,5,0
"2581","24","2","samt",28,25,9,13,8,17,8,0,3,1,-4,8
"2581","24","2","09",24,24,9,13,8,14,3,0,0,1,-1,3
"2581","24","2","11",6,0,0,4,0,0,5,0,6,0,4,5
"2581","25","1","samt",30,25,5,21,6,20,3,0,5,-1,1,3
"2581","25","1","09",23,22,7,17,7,17,0,0,1,0,0,0
"2581","25","1","11",7,3,3,0,3,0,0,0,4,0,0,0
"2581","25","2","samt",32,36,15,17,10,22,0,3,-4,5,-5,-3
"2581","25","2","09",26,29,10,17,10,19,0,3,-3,0,-2,-3
"2581","25","2","11",4,6,3,0,0,8,0,0,-2,3,-8,0
"2581","26","1","samt",30,30,12,21,8,16,0,0,0,4,5,0
"2581","26","1","09",22,20,6,13,6,9,0,0,2,0,4,0
"2581","26","1","11",11,10,3,6,3,9,0,0,1,0,-3,0
"2581","26","2","samt",31,18,4,20,4,15,7,0,13,0,5,7
"2581","26","2","09",23,10,4,18,3,8,0,0,13,1,10,0
"2581","26","2","11",8,9,0,0,3,7,7,0,-1,-3,-7,7
"2581","27","1","samt",21,15,11,9,6,10,3,3,6,5,-1,0
"2581","27","1","09",12,11,6,5,5,3,0,0,1,1,2,0
"2581","27","1","11",5,6,3,5,0,3,3,3,-1,3,2,0
"2581","27","2","samt",22,13,9,11,5,11,3,3,9,4,0,0
"2581","27","2","09",14,10,9,10,0,9,0,0,4,9,1,0
"2581","27","2","11",10,7,0,4,3,3,3,3,3,-3,1,0
"2581","28","1","samt",19,25,6,13,8,13,3,0,-6,-2,0,3
"2581","28","1","09",14,15,6,8,6,10,0,0,-1,0,-2,0
"2581","28","1","11",4,8,0,5,0,4,3,0,-4,0,1,3
"2581","28","2","samt",18,22,7,7,6,10,0,0,-4,1,-3,0
"2581","28","2","09",11,19,4,5,10,10,0,0,-8,-6,-5,0
"2581","28","2","11",5,0,0,0,3,0,0,0,5,-3,0,0
"2581","29","1","samt",18,14,9,12,6,7,0,0,4,3,5,0
"2581","29","1","09",18,12,8,12,4,3,0,0,6,4,9,0
"2581","29","1","11",4,4,0,3,0,3,0,0,0,0,0,0
"2581","29","2","samt",19,18,4,16,3,10,3,3,1,1,6,0
"2581","29","2","09",14,16,3,11,3,9,0,3,-2,0,2,-3
"2581","29","2","11",6,3,0,4,0,3,3,0,3,0,1,3
"2581","30","1","samt",19,19,7,12,4,15,0,0,0,3,-3,0
"2581","30","1","09",11,14,4,6,3,10,0,3,-3,1,-4,-3
"2581","30","1","11",7,7,3,4,0,3,0,0,0,3,1,0
"2581","30","2","samt",22,21,5,11,9,11,3,0,1,-4,0,3
"2581","30","2","09",20,19,3,11,10,6,0,0,1,-7,5,0
"2581","30","2","11",4,3,3,4,0,3,3,0,1,3,1,3
"2581","31","1","samt",19,19,5,10,9,9,0,3,0,-4,1,-3
"2581","31","1","09",12,16,4,8,8,9,0,3,-4,-4,-1,-3
"2581","31","1","11",3,3,3,4,3,0,0,0,0,0,4,0
"2581","31","2","samt",19,15,3,10,6,8,3,3,4,-3,2,0
"2581","31","2","09",9,7,3,5,3,4,0,0,2,0,1,0
"2581","31","2","11",9,5,3,3,0,3,3,3,4,3,0,0
"2581","32","1","samt",15,20,4,7,9,8,3,3,-5,-5,-1,0
"2581","32","1","09",11,13,4,6,6,5,0,0,-2,-2,1,0
"2581","32","1","11",8,10,0,3,3,5,3,0,-2,-3,-2,3
"2581","32","2","samt",16,16,8,12,5,8,0,4,0,3,4,-4
"2581","32","2","09",12,14,8,5,5,5,0,3,-2,3,0,-3
"2581","32","2","11",4,0,0,6,0,3,0,0,4,0,3,0
"2581","33","1","samt",13,8,7,5,4,3,0,0,5,3,2,0
"2581","33","1","09",6,6,6,4,0,5,0,0,0,6,-1,0
"2581","33","1","11",6,3,3,0,0,3,0,0,3,3,-3,0
"2581","33","2","samt",18,13,4,9,8,6,0,0,5,-4,3,0
"2581","33","2","09",11,10,6,5,6,3,0,0,1,0,2,0
"2581","33","2","11",5,4,0,6,0,3,0,0,1,0,3,0
"2581","34","1","samt",19,10,14,4,3,9,3,3,9,11,-5,0
"2581","34","1","09",14,9,12,4,3,3,0,3,5,9,1,-3
"2581","34","1","11",3,5,0,0,0,5,3,0,-2,0,-5,3
"2581","34","2","samt",14,9,8,8,3,4,3,0,5,5,4,3
"2581","34","2","09",12,9,8,7,3,4,0,0,3,5,3,0
"2581","34","2","11",3,0,0,0,0,0,3,0,3,0,0,3
"2581","35","1","samt",12,17,6,8,4,10,0,3,-5,2,-2,-3
"2581","35","1","09",13,5,6,6,0,4,0,0,8,6,2,0
"2581","35","1","11",0,9,0,0,3,4,0,0,-9,-3,-4,0
"2581","35","2","samt",8,5,0,4,3,3,3,0,3,-3,1,3
"2581","35","2","09",6,4,0,4,3,5,0,0,2,-3,-1,0
"2581","35","2","11",3,0,0,0,0,0,3,0,3,0,0,3
"2581","36","1","samt",8,11,0,5,3,6,0,0,-3,-3,-1,0
"2581","36","1","09",8,8,0,5,0,7,0,0,0,0,-2,0
"2581","36","1","11",0,3,0,0,0,4,0,0,-3,0,-4,0
"2581","36","2","samt",6,5,4,0,0,5,0,0,1,4,-5,0
"2581","36","2","09",4,6,0,0,0,3,0,0,-2,0,-3,0
"2581","36","2","11",3,3,0,0,0,3,0,0,0,0,-3,0
"2581","37","1","samt",18,0,3,12,3,0,0,3,18,0,12,-3
"2581","37","1","09",12,3,4,8,3,0,0,0,9,1,8,0
"2581","37","1","11",3,3,3,3,0,0,0,3,0,3,3,-3
"2581","37","2","samt",7,12,5,4,0,7,0,3,-5,5,-3,-3
"2581","37","2","09",9,7,6,4,0,6,0,0,2,6,-2,0
"2581","37","2","11",3,4,3,0,0,0,0,0,-1,3,0,0
"2581","38","1","samt",9,11,6,3,4,3,3,0,-2,2,0,3
"2581","38","1","09",8,5,5,3,0,3,0,0,3,5,0,0
"2581","38","1","11",7,5,0,5,0,5,3,0,2,0,0,3
"2581","38","2","samt",9,8,0,8,5,4,0,0,1,-5,4,0
"2581","38","2","09",9,8,0,5,5,4,0,0,1,-5,1,0
"2581","38","2","11",0,0,0,0,0,0,0,0,0,0,0,0
"2581","39","1","samt",9,3,3,4,0,3,0,3,6,3,1,-3
"2581","39","1","09",5,0,3,6,0,3,0,0,5,3,3,0
"2581","39","1","11",0,3,0,3,0,0,0,0,-3,0,3,0
"2581","39","2","samt",4,5,3,3,3,0,0,0,-1,0,3,0
"2581","39","2","09",4,5,4,3,3,0,0,0,-1,1,3,0
"2581","39","2","11",0,0,0,0,0,0,0,0,0,0,0,0
"2581","40","1","samt",13,8,6,6,6,3,3,0,5,0,3,3
"2581","40","1","09",14,7,6,6,6,0,0,0,7,0,6,0
"2581","40","1","11",0,3,0,0,0,0,0,0,-3,0,0,0
"2581","40","2","samt",3,3,3,0,3,4,0,0,0,0,-4,0
"2581","40","2","09",3,3,0,0,3,4,0,0,0,-3,-4,0
"2581","40","2","11",5,0,3,0,0,0,0,0,5,3,0,0
"2581","41","1","samt",7,6,0,3,4,0,0,0,1,-4,3,0
"2581","41","1","09",4,3,0,0,3,0,3,0,1,-3,0,3
"2581","41","1","11",3,3,0,0,3,3,0,0,0,-3,-3,0
"2581","41","2","samt",8,5,3,3,3,0,0,0,3,0,3,0
"2581","41","2","09",5,3,3,3,3,0,0,0,2,0,3,0
"2581","41","2","11",0,0,0,0,0,0,0,0,0,0,0,0
"2581","42","1","samt",3,8,3,3,3,6,0,0,-5,0,-3,0
"2581","42","1","09",3,3,3,0,3,3,0,0,0,0,-3,0
"2581","42","1","11",0,3,0,0,0,3,0,0,-3,0,-3,0
"2581","42","2","samt",5,0,0,5,0,0,0,0,5,0,5,0
"2581","42","2","09",4,0,0,0,0,0,0,0,4,0,0,0
"2581","42","2","11",0,0,0,0,0,0,0,0,0,0,0,0
"2581","43","1","samt",4,10,0,3,0,6,0,0,-6,0,-3,0
"2581","43","1","09",5,9,0,3,0,5,0,0,-4,0,-2,0
"2581","43","1","11",3,3,0,0,0,3,0,0,0,0,-3,0
"2581","43","2","samt",3,7,5,0,6,3,0,0,-4,-1,-3,0
"2581","43","2","09",4,7,5,0,3,3,0,0,-3,2,-3,0
"2581","43","2","11",0,0,0,0,0,0,0,0,0,0,0,0
"2581","44","1","samt",3,5,0,0,3,0,0,0,-2,-3,0,0
"2581","44","1","09",3,3,0,0,0,0,0,0,0,0,0,0
"2581","44","1","11",0,3,0,0,3,0,0,0,-3,-3,0,0
"2581","44","2","samt",7,3,3,3,3,4,3,0,4,0,-1,3
"2581","44","2","09",0,3,3,3,3,3,0,0,-3,0,0,0
"2581","44","2","11",3,3,0,0,0,3,3,0,0,0,-3,3
"2581","45","1","samt",6,7,3,3,4,3,4,0,-1,-1,0,4
"2581","45","1","09",3,5,3,3,4,3,0,0,-2,-1,0,0
"2581","45","1","11",0,4,0,0,3,3,4,0,-4,-3,-3,4
"2581","45","2","samt",6,6,0,0,0,7,0,3,0,0,-7,-3
"2581","45","2","09",3,3,0,0,0,3,0,0,0,0,-3,0
"2581","45","2","11",0,3,0,0,0,0,0,3,-3,0,0,-3
"2581","46","1","samt",5,3,0,3,0,0,0,0,2,0,3,0
"2581","46","1","09",0,3,0,3,0,0,0,0,-3,0,3,0
"2581","46","1","11",0,0,0,0,0,0,0,0,0,0,0,0
"2581","46","2","samt",3,5,3,0,0,4,0,0,-2,3,-4,0
"2581","46","2","09",3,7,3,0,0,4,0,0,-4,3,-4,0
"2581","46","2","11",0,3,0,0,3,0,0,0,-3,-3,0,0
"2581","47","1","samt",3,6,3,0,4,4,3,0,-3,-1,-4,3
"2581","47","1","09",0,5,3,0,4,3,0,0,-5,-1,-3,0
"2581","47","1","11",3,3,0,0,0,3,3,0,0,0,-3,3
"2581","47","2","samt",6,6,0,3,3,5,0,0,0,-3,-2,0
"2581","47","2","09",0,3,0,0,3,3,0,0,-3,-3,-3,0
"2581","47","2","11",6,0,0,3,0,0,0,0,6,0,3,0
"2581","48","1","samt",4,5,0,0,5,3,3,0,-1,-5,-3,3
"2581","48","1","09",0,3,0,0,3,0,0,0,-3,-3,0,0
"2581","48","1","11",3,3,0,0,0,0,3,0,0,0,0,3
"2581","48","2","samt",8,8,0,5,4,3,0,0,0,-4,2,0
"2581","48","2","09",3,7,0,5,5,3,0,0,-4,-5,2,0
"2581","48","2","11",0,0,0,0,0,0,0,0,0,0,0,0
"2581","49","1","samt",8,0,3,5,3,3,0,0,8,0,2,0
"2581","49","1","09",4,3,3,3,3,0,0,0,1,0,3,0
"2581","49","1","11",0,3,0,0,0,3,0,0,-3,0,-3,0
"2581","49","2","samt",4,8,4,0,6,4,0,0,-4,-2,-4,0
"2581","49","2","09",4,12,4,0,6,4,0,0,-8,-2,-4,0
"2581","49","2","11",0,0,0,0,0,0,0,0,0,0,0,0
"2581","50","1","samt",9,4,0,3,3,3,3,0,5,-3,0,3
"2581","50","1","09",3,7,0,0,3,3,0,0,-4,-3,-3,0
"2581","50","1","11",3,0,0,0,0,0,3,0,3,0,0,3
"2581","50","2","samt",9,3,5,3,3,0,4,0,6,2,3,4
"2581","50","2","09",7,3,5,3,3,0,0,0,4,2,3,0
"2581","50","2","11",4,0,0,0,0,0,4,0,4,0,0,4
"2581","51","1","samt",5,6,3,4,3,0,3,0,-1,0,4,3
"2581","51","1","09",6,6,3,4,3,0,0,0,0,0,4,0
"2581","51","1","11",3,0,0,0,0,0,3,0,3,0,0,3
"2581","51","2","samt",6,12,4,0,3,5,0,3,-6,1,-5,-3
"2581","51","2","09",5,4,3,0,0,3,0,0,1,3,-3,0
"2581","51","2","11",4,3,3,0,0,0,0,3,1,3,0,-3
"2581","52","1","samt",3,0,0,3,3,0,0,0,3,-3,3,0
"2581","52","1","09",0,0,0,0,0,0,0,0,0,0,0,0
"2581","52","1","11",0,0,0,0,3,0,0,0,0,-3,0,0
"2581","52","2","samt",6,3,0,4,3,0,0,0,3,-3,4,0
"2581","52","2","09",3,0,0,0,3,0,0,0,3,-3,0,0
"2581","52","2","11",4,0,0,0,0,0,0,0,4,0,0,0
"2581","53","1","samt",8,3,0,0,0,0,3,3,5,0,0,0
"2581","53","1","09",4,3,0,0,0,0,0,3,1,0,0,-3
"2581","53","1","11",3,0,0,0,0,0,3,0,3,0,0,3
"2581","53","2","samt",6,0,6,0,0,0,0,0,6,6,0,0
"2581","53","2","09",6,0,6,0,0,0,0,0,6,6,0,0
"2581","53","2","11",0,0,0,0,0,0,0,0,0,0,0,0
"2581","54","1","samt",6,9,0,3,3,0,0,3,-3,-3,3,-3
"2581","54","1","09",3,3,0,3,3,0,0,0,0,-3,3,0
"2581","54","1","11",3,0,0,0,0,0,0,3,3,0,0,-3
"2581","54","2","samt",0,9,3,0,4,4,3,0,-9,-1,-4,3
"2581","54","2","09",3,6,3,0,4,3,0,0,-3,-1,-3,0
"2581","54","2","11",3,0,0,0,0,0,3,0,3,0,0,3
"2581","55","1","samt",9,3,3,4,3,0,0,0,6,0,4,0
"2581","55","1","09",9,3,3,4,3,0,0,0,6,0,4,0
"2581","55","1","11",0,0,0,0,0,0,0,0,0,0,0,0
"2581","55","2","samt",6,5,3,0,0,0,0,0,1,3,0,0
"2581","55","2","09",3,0,3,0,0,0,0,0,3,3,0,0
"2581","55","2","11",0,0,0,0,0,0,0,0,0,0,0,0
"2581","56","1","samt",0,10,0,0,6,3,0,0,-10,-6,-3,0
"2581","56","1","09",0,10,0,0,6,3,0,0,-10,-6,-3,0
"2581","56","1","11",0,0,0,0,0,0,0,0,0,0,0,0
"2581","56","2","samt",3,3,0,3,3,0,0,0,0,-3,3,0
"2581","56","2","09",3,3,0,3,3,0,0,0,0,-3,3,0
"2581","56","2","11",0,0,0,0,0,0,0,0,0,0,0,0
"2581","57","1","samt",7,0,6,3,0,0,0,0,7,6,3,0
"2581","57","1","09",7,0,6,3,0,0,0,0,7,6,3,0
"2581","57","1","11",3,0,0,3,0,0,0,0,3,0,3,0
"2581","57","2","samt",7,3,6,0,0,0,0,0,4,6,0,0
"2581","57","2","09",7,0,6,0,0,0,0,0,7,6,0,0
"2581","57","2","11",0,0,0,0,0,0,0,0,0,0,0,0
"2581","58","1","samt",3,8,4,3,3,3,3,0,-5,1,0,3
"2581","58","1","09",3,8,4,3,3,3,3,0,-5,1,0,3
"2581","58","1","11",0,0,0,0,0,0,0,0,0,0,0,0
"2581","58","2","samt",3,8,3,3,4,0,0,0,-5,-1,3,0
"2581","58","2","09",3,8,3,3,4,0,0,0,-5,-1,3,0
"2581","58","2","11",0,0,0,0,0,0,0,0,0,0,0,0
"2581","59","1","samt",3,6,3,0,3,3,0,0,-3,0,-3,0
"2581","59","1","09",3,6,3,0,3,3,0,0,-3,0,-3,0
"2581","59","1","11",0,0,0,0,0,0,0,0,0,0,0,0
"2581","59","2","samt",8,7,3,3,4,0,3,0,1,-1,3,3
"2581","59","2","09",4,5,3,3,5,0,3,0,-1,-2,3,3
"2581","59","2","11",0,3,0,0,0,0,3,0,-3,0,0,3
"2581","60","1","samt",0,5,0,0,0,3,3,0,-5,0,-3,3
"2581","60","1","09",0,5,0,0,0,3,0,0,-5,0,-3,0
"2581","60","1","11",3,0,0,0,0,0,3,0,3,0,0,3
"2581","60","2","samt",0,3,0,0,0,4,0,0,-3,0,-4,0
"2581","60","2","09",0,3,0,0,0,4,0,0,-3,0,-4,0
"2581","60","2","11",0,0,0,0,0,0,0,0,0,0,0,0
"2581","61","1","samt",0,4,0,0,3,0,0,0,-4,-3,0,0
"2581","61","1","09",0,5,0,0,3,0,0,0,-5,-3,0,0
"2581","61","1","11",0,0,0,0,0,0,0,0,0,0,0,0
"2581","61","2","samt",0,0,0,0,0,0,0,0,0,0,0,0
"2581","61","2","09",0,0,0,0,0,0,0,0,0,0,0,0
"2581","61","2","11",0,0,0,0,0,0,0,0,0,0,0,0
"2581","62","1","samt",4,0,0,3,0,0,0,0,4,0,3,0
"2581","62","1","09",4,0,0,3,0,0,0,0,4,0,3,0
"2581","62","1","11",0,0,0,0,0,0,0,0,0,0,0,0
"2581","62","2","samt",4,4,3,3,0,0,0,0,0,3,3,0
"2581","62","2","09",4,4,3,3,0,0,0,0,0,3,3,0
"2581","62","2","11",0,0,0,0,0,0,0,0,0,0,0,0
"2581","63","1","samt",3,5,0,4,0,0,0,0,-2,0,4,0
"2581","63","1","09",0,4,0,0,0,0,0,0,-4,0,0,0
"2581","63","1","11",4,0,0,4,0,0,0,0,4,0,4,0
"2581","63","2","samt",6,10,7,0,3,3,0,0,-4,4,-3,0
"2581","63","2","09",4,6,0,0,3,4,0,0,-2,-3,-4,0
"2581","63","2","11",3,3,3,3,0,3,0,0,0,3,0,0
"2581","64","1","samt",0,6,0,0,3,3,0,0,-6,-3,-3,0
"2581","64","1","09",0,6,0,0,3,3,0,0,-6,-3,-3,0
"2581","64","1","11",0,0,0,0,0,0,0,0,0,0,0,0
"2581","64","2","samt",4,11,5,0,4,3,0,3,-7,1,-3,-3
"2581","64","2","09",3,9,4,0,4,3,0,0,-6,0,-3,0
"2581","64","2","11",3,3,3,0,0,0,0,3,0,3,0,-3
"2581","65","1","samt",0,7,0,0,3,3,0,0,-7,-3,-3,0
"2581","65","1","09",0,3,0,0,3,3,0,0,-3,-3,-3,0
"2581","65","1","11",0,0,0,0,0,0,0,0,0,0,0,0
"2581","65","2","samt",0,3,0,0,0,4,0,0,-3,0,-4,0
"2581","65","2","09",0,3,0,0,0,3,0,0,-3,0,-3,0
"2581","65","2","11",0,3,0,0,0,0,0,0,-3,0,0,0
"2581","66","1","samt",3,3,3,0,3,0,0,0,0,0,0,0
"2581","66","1","09",3,3,3,0,3,0,0,0,0,0,0,0
"2581","66","1","11",0,0,0,0,0,0,0,0,0,0,0,0
"2581","66","2","samt",5,8,3,3,3,0,0,0,-3,0,3,0
"2581","66","2","09",3,8,0,3,3,0,0,0,-5,-3,3,0
"2581","66","2","11",5,0,3,0,0,0,0,0,5,3,0,0
"2581","67","1","samt",3,4,4,0,0,4,0,0,-1,4,-4,0
"2581","67","1","09",3,4,4,0,0,4,0,0,-1,4,-4,0
"2581","67","1","11",0,0,0,0,0,0,0,0,0,0,0,0
"2581","67","2","samt",3,3,3,3,0,3,0,0,0,3,0,0
"2581","67","2","09",3,3,3,3,0,3,0,0,0,3,0,0
"2581","67","2","11",0,0,0,0,0,0,0,0,0,0,0,0
"2581","68","1","samt",0,6,0,0,3,4,0,0,-6,-3,-4,0
"2581","68","1","09",0,6,0,0,0,4,0,0,-6,0,-4,0
"2581","68","1","11",0,0,0,0,0,0,0,0,0,0,0,0
"2581","68","2","samt",6,0,4,0,0,0,0,0,6,4,0,0
"2581","68","2","09",5,0,4,0,0,0,0,0,5,4,0,0
"2581","68","2","11",0,0,0,0,0,0,0,0,0,0,0,0
"2581","69","1","samt",6,3,3,0,0,3,0,0,3,3,-3,0
"2581","69","1","09",6,3,3,0,0,3,0,0,3,3,-3,0
"2581","69","1","11",0,0,0,0,0,0,0,0,0,0,0,0
"2581","69","2","samt",6,4,3,4,0,3,0,0,2,3,1,0
"2581","69","2","09",4,4,3,3,0,3,0,0,0,3,0,0
"2581","69","2","11",0,0,0,0,0,0,0,0,0,0,0,0
"2581","70","1","samt",5,0,0,5,0,0,0,0,5,0,5,0
"2581","70","1","09",5,0,0,5,0,0,0,0,5,0,5,0
"2581","70","1","11",0,0,0,0,0,0,0,0,0,0,0,0
"2581","70","2","samt",3,4,0,3,3,3,0,0,-1,-3,0,0
"2581","70","2","09",3,4,0,3,3,3,0,0,-1,-3,0,0
"2581","70","2","11",0,0,0,0,0,0,0,0,0,0,0,0
"2581","71","1","samt",0,0,0,0,3,3,0,0,0,-3,-3,0
"2581","71","1","09",0,0,0,0,3,3,0,0,0,-3,-3,0
"2581","71","1","11",0,0,0,0,0,0,0,0,0,0,0,0
"2581","71","2","samt",3,0,0,3,0,0,0,0,3,0,3,0
"2581","71","2","09",3,0,0,3,0,0,0,0,3,0,3,0
"2581","71","2","11",0,0,0,0,0,0,0,0,0,0,0,0
"2581","72","1","samt",3,0,0,0,0,0,0,0,3,0,0,0
"2581","72","1","09",3,0,0,0,0,0,0,0,3,0,0,0
"2581","72","1","11",0,0,0,0,0,0,0,0,0,0,0,0
"2581","72","2","samt",3,6,3,0,3,0,0,0,-3,0,0,0
"2581","72","2","09",0,3,0,0,0,0,0,0,-3,0,0,0
"2581","72","2","11",0,0,0,0,0,0,0,0,0,0,0,0
"2581","73","1","samt",0,0,0,0,0,0,0,0,0,0,0,0
"2581","73","1","09",0,0,0,0,0,0,0,0,0,0,0,0
"2581","73","1","11",0,0,0,0,0,0,0,0,0,0,0,0
"2581","73","2","samt",3,3,3,0,3,0,0,0,0,0,0,0
"2581","73","2","09",0,3,0,0,3,0,0,0,-3,-3,0,0
"2581","73","2","11",3,3,3,0,3,0,0,0,0,0,0,0
"2581","74","1","samt",4,3,0,0,0,3,0,0,1,0,-3,0
"2581","74","1","09",0,3,0,0,0,3,0,0,-3,0,-3,0
"2581","74","1","11",0,0,0,0,0,0,0,0,0,0,0,0
"2581","74","2","samt",0,3,0,0,0,3,0,0,-3,0,-3,0
"2581","74","2","09",0,3,0,0,0,3,0,0,-3,0,-3,0
"2581","74","2","11",0,0,0,0,0,0,0,0,0,0,0,0
"2581","75","1","samt",3,7,3,3,7,0,0,0,-4,-4,3,0
"2581","75","1","09",3,7,3,3,7,0,0,0,-4,-4,3,0
"2581","75","1","11",0,0,0,0,0,0,0,0,0,0,0,0
"2581","75","2","samt",3,3,3,0,0,0,0,0,0,3,0,0
"2581","75","2","09",0,3,0,0,0,0,0,0,-3,0,0,0
"2581","75","2","11",0,0,0,0,0,0,0,0,0,0,0,0
"2581","76","1","samt",7,0,4,3,0,0,0,0,7,4,3,0
"2581","76","1","09",7,0,4,3,0,0,0,0,7,4,3,0
"2581","76","1","11",0,0,0,0,0,0,0,0,0,0,0,0
"2581","76","2","samt",3,0,3,3,0,0,0,0,3,3,3,0
"2581","76","2","09",3,0,3,3,0,0,0,0,3,3,3,0
"2581","76","2","11",0,0,0,0,0,0,0,0,0,0,0,0
"2581","77","1","samt",3,3,0,3,0,3,0,0,0,0,0,0
"2581","77","1","09",3,3,0,3,0,3,0,0,0,0,0,0
"2581","77","1","11",0,0,0,0,0,0,0,0,0,0,0,0
"2581","77","2","samt",3,4,0,0,5,3,0,0,-1,-5,-3,0
"2581","77","2","09",3,4,0,0,5,3,0,0,-1,-5,-3,0
"2581","77","2","11",0,0,0,0,0,0,0,0,0,0,0,0
"2581","78","1","samt",0,3,0,0,3,0,0,0,-3,-3,0,0
"2581","78","1","09",0,3,0,0,3,0,0,0,-3,-3,0,0
"2581","78","1","11",0,0,0,0,0,0,0,0,0,0,0,0
"2581","78","2","samt",3,3,3,0,0,0,0,0,0,3,0,0
"2581","78","2","09",3,3,3,0,0,0,0,0,0,3,0,0
"2581","78","2","11",0,0,0,0,0,0,0,0,0,0,0,0
"2581","79","1","samt",0,0,0,0,0,0,0,0,0,0,0,0
"2581","79","1","09",0,0,0,0,0,0,0,0,0,0,0,0
"2581","79","1","11",0,0,0,0,0,0,0,0,0,0,0,0
"2581","79","2","samt",0,0,0,0,0,0,0,0,0,0,0,0
"2581","79","2","09",0,0,0,0,0,0,0,0,0,0,0,0
"2581","79","2","11",0,0,0,0,0,0,0,0,0,0,0,0
"2581","80","1","samt",3,3,3,0,0,3,0,0,0,3,-3,0
"2581","80","1","09",3,3,3,0,0,3,0,0,0,3,-3,0
"2581","80","1","11",0,0,0,0,0,0,0,0,0,0,0,0
"2581","80","2","samt",3,3,0,0,3,3,3,0,0,-3,-3,3
"2581","80","2","09",0,3,0,0,3,3,0,0,-3,-3,-3,0
"2581","80","2","11",3,0,0,0,0,0,3,0,3,0,0,3
"2581","81","1","samt",3,3,3,0,0,3,0,0,0,3,-3,0
"2581","81","1","09",3,0,3,0,0,0,0,0,3,3,0,0
"2581","81","1","11",0,3,0,0,0,3,0,0,-3,0,-3,0
"2581","81","2","samt",0,0,0,0,0,0,0,0,0,0,0,0
"2581","81","2","09",0,0,0,0,0,0,0,0,0,0,0,0
"2581","81","2","11",0,0,0,0,0,0,0,0,0,0,0,0
"2581","82","1","samt",0,3,0,0,3,0,0,0,-3,-3,0,0
"2581","82","1","09",0,3,0,0,3,0,0,0,-3,-3,0,0
"2581","82","1","11",0,0,0,0,0,0,0,0,0,0,0,0
"2581","82","2","samt",0,0,0,0,0,0,0,0,0,0,0,0
"2581","82","2","09",0,0,0,0,0,0,0,0,0,0,0,0
"2581","82","2","11",0,0,0,0,0,0,0,0,0,0,0,0
"2581","83","1","samt",0,5,0,0,0,0,0,0,-5,0,0,0
"2581","83","1","09",0,5,0,0,0,0,0,0,-5,0,0,0
"2581","83","1","11",0,0,0,0,0,0,0,0,0,0,0,0
"2581","83","2","samt",0,6,0,0,0,4,0,0,-6,0,-4,0
"2581","83","2","09",0,4,0,0,0,0,0,0,-4,0,0,0
"2581","83","2","11",0,0,0,0,0,0,0,0,0,0,0,0
"2581","84","1","samt",0,5,0,0,3,0,0,0,-5,-3,0,0
"2581","84","1","09",0,5,0,0,3,0,0,0,-5,-3,0,0
"2581","84","1","11",0,0,0,0,0,0,0,0,0,0,0,0
"2581","84","2","samt",0,3,0,0,0,3,0,0,-3,0,-3,0
"2581","84","2","09",0,3,0,0,0,3,0,0,-3,0,-3,0
"2581","84","2","11",0,0,0,0,0,0,0,0,0,0,0,0
"2581","85","1","samt",0,0,0,0,0,0,0,0,0,0,0,0
"2581","85","1","09",0,0,0,0,0,0,0,0,0,0,0,0
"2581","85","1","11",0,0,0,0,0,0,0,0,0,0,0,0
"2581","85","2","samt",3,3,0,0,0,3,0,0,0,0,-3,0
"2581","85","2","09",3,3,0,0,0,3,0,0,0,0,-3,0
"2581","85","2","11",0,0,0,0,0,0,0,0,0,0,0,0
"2581","86","1","samt",3,0,3,0,0,0,0,0,3,3,0,0
"2581","86","1","09",3,0,3,0,0,0,0,0,3,3,0,0
"2581","86","1","11",0,0,0,0,0,0,0,0,0,0,0,0
"2581","86","2","samt",0,0,0,0,0,0,0,0,0,0,0,0
"2581","86","2","09",0,0,0,0,0,0,0,0,0,0,0,0
"2581","86","2","11",0,0,0,0,0,0,0,0,0,0,0,0
"2581","87","1","samt",0,0,0,0,0,0,0,0,0,0,0,0
"2581","87","1","09",0,0,0,0,0,0,0,0,0,0,0,0
"2581","87","1","11",0,0,0,0,0,0,0,0,0,0,0,0
"2581","87","2","samt",0,0,0,0,0,0,0,0,0,0,0,0
"2581","87","2","09",3,0,0,3,0,0,0,0,3,0,3,0
"2581","87","2","11",0,0,0,0,0,0,0,0,0,0,0,0
"2581","88","1","samt",0,0,0,0,0,0,0,0,0,0,0,0
"2581","88","1","09",0,0,0,0,0,0,0,0,0,0,0,0
"2581","88","1","11",0,0,0,0,0,0,0,0,0,0,0,0
"2581","88","2","samt",0,0,0,0,0,0,0,0,0,0,0,0
"2581","88","2","09",0,0,0,0,0,0,0,0,0,0,0,0
"2581","88","2","11",0,0,0,0,0,0,0,0,0,0,0,0
"2581","89","1","samt",0,0,0,0,0,0,0,0,0,0,0,0
"2581","89","1","09",0,0,0,0,0,0,0,0,0,0,0,0
"2581","89","1","11",0,0,0,0,0,0,0,0,0,0,0,0
"2581","89","2","samt",0,0,0,0,0,0,0,0,0,0,0,0
"2581","89","2","09",0,0,0,0,0,0,0,0,0,0,0,0
"2581","89","2","11",0,0,0,0,0,0,0,0,0,0,0,0
"2581","90","1","samt",0,0,0,0,0,0,0,0,0,0,0,0
"2581","90","1","09",0,0,0,0,0,0,0,0,0,0,0,0
"2581","90","1","11",0,0,0,0,0,0,0,0,0,0,0,0
"2581","90","2","samt",0,0,0,0,0,0,0,0,0,0,0,0
"2581","90","2","09",0,0,0,0,0,0,0,0,0,0,0,0
"2581","90","2","11",0,0,0,0,0,0,0,0,0,0,0,0
"2581","91","1","samt",0,0,0,0,0,0,0,0,0,0,0,0
"2581","91","1","09",0,0,0,0,0,0,0,0,0,0,0,0
"2581","91","1","11",0,0,0,0,0,0,0,0,0,0,0,0
"2581","91","2","samt",3,0,3,0,0,0,0,0,3,3,0,0
"2581","91","2","09",3,0,3,0,0,0,0,0,3,3,0,0
"2581","91","2","11",0,0,0,0,0,0,0,0,0,0,0,0
"2581","92","1","samt",0,0,0,0,0,0,0,0,0,0,0,0
"2581","92","1","09",0,0,0,0,0,0,0,0,0,0,0,0
"2581","92","1","11",0,0,0,0,0,0,0,0,0,0,0,0
"2581","92","2","samt",0,0,0,0,0,0,0,0,0,0,0,0
"2581","92","2","09",0,0,0,0,0,0,0,0,0,0,0,0
"2581","92","2","11",0,0,0,0,0,0,0,0,0,0,0,0
"2581","93","1","samt",0,0,0,0,0,0,0,0,0,0,0,0
"2581","93","1","09",0,0,0,0,0,0,0,0,0,0,0,0
"2581","93","1","11",0,0,0,0,0,0,0,0,0,0,0,0
"2581","93","2","samt",0,0,0,0,0,0,0,0,0,0,0,0
"2581","93","2","09",0,0,0,0,0,0,0,0,0,0,0,0
"2581","93","2","11",0,0,0,0,0,0,0,0,0,0,0,0
"2581","94","1","samt",0,0,0,0,0,0,0,0,0,0,0,0
"2581","94","1","09",0,0,0,0,0,0,0,0,0,0,0,0
"2581","94","1","11",0,0,0,0,0,0,0,0,0,0,0,0
"2581","94","2","samt",0,0,0,0,0,0,0,0,0,0,0,0
"2581","94","2","09",0,0,0,0,0,0,0,0,0,0,0,0
"2581","94","2","11",0,0,0,0,0,0,0,0,0,0,0,0
"2581","95","1","samt",0,0,0,0,0,0,0,0,0,0,0,0
"2581","95","1","09",0,0,0,0,0,0,0,0,0,0,0,0
"2581","95","1","11",0,0,0,0,0,0,0,0,0,0,0,0
"2581","95","2","samt",3,0,3,0,0,0,0,0,3,3,0,0
"2581","95","2","09",3,0,3,0,0,0,0,0,3,3,0,0
"2581","95","2","11",0,0,0,0,0,0,0,0,0,0,0,0
"2581","96","1","samt",0,0,0,0,0,0,0,0,0,0,0,0
"2581","96","1","09",0,0,0,0,0,0,0,0,0,0,0,0
"2581","96","1","11",0,0,0,0,0,0,0,0,0,0,0,0
"2581","96","2","samt",0,0,0,0,0,0,0,0,0,0,0,0
"2581","96","2","09",0,0,0,0,0,0,0,0,0,0,0,0
"2581","96","2","11",0,0,0,0,0,0,0,0,0,0,0,0
"2581","97","1","samt",0,0,0,0,0,0,0,0,0,0,0,0
"2581","97","1","09",0,0,0,0,0,0,0,0,0,0,0,0
"2581","97","1","11",0,0,0,0,0,0,0,0,0,0,0,0
"2581","97","2","samt",0,0,0,0,0,0,0,0,0,0,0,0
"2581","97","2","09",0,0,0,0,0,0,0,0,0,0,0,0
"2581","97","2","11",0,0,0,0,0,0,0,0,0,0,0,0
"2581","98","1","samt",3,0,0,3,0,0,0,0,3,0,3,0
"2581","98","1","09",3,0,0,3,0,0,0,0,3,0,3,0
"2581","98","1","11",0,0,0,0,0,0,0,0,0,0,0,0
"2581","98","2","samt",0,0,0,0,0,0,0,0,0,0,0,0
"2581","98","2","09",0,0,0,0,0,0,0,0,0,0,0,0
"2581","98","2","11",0,0,0,0,0,0,0,0,0,0,0,0
"2581","99","1","samt",0,0,0,0,0,0,0,0,0,0,0,0
"2581","99","1","09",0,0,0,0,0,0,0,0,0,0,0,0
"2581","99","1","11",0,0,0,0,0,0,0,0,0,0,0,0
"2581","99","2","samt",0,0,0,0,0,0,0,0,0,0,0,0
"2581","99","2","09",0,0,0,0,0,0,0,0,0,0,0,0
"2581","99","2","11",0,0,0,0,0,0,0,0,0,0,0,0
"2560","0","1","samt",0,0,0,0,0,0,0,0,0,0,0,0
"2560","0","1","09",0,0,0,0,0,0,0,0,0,0,0,0
"2560","0","1","11",0,0,0,0,0,0,0,0,0,0,0,0
"2560","0","2","samt",3,4,0,0,0,0,0,0,-1,0,0,0
"2560","0","2","09",3,4,0,0,0,0,0,0,-1,0,0,0
"2560","0","2","11",0,0,0,0,0,0,0,0,0,0,0,0
"2560","1","1","samt",3,0,0,0,0,0,0,0,3,0,0,0
"2560","1","1","09",3,0,0,0,0,0,0,0,3,0,0,0
"2560","1","1","11",0,0,0,0,0,0,0,0,0,0,0,0
"2560","1","2","samt",0,0,0,0,0,0,0,0,0,0,0,0
"2560","1","2","09",0,0,0,0,0,0,0,0,0,0,0,0
"2560","1","2","11",0,0,0,0,0,0,0,0,0,0,0,0
"2560","2","1","samt",3,0,3,0,3,3,0,0,3,0,-3,0
"2560","2","1","09",3,0,3,0,3,3,0,0,3,0,-3,0
"2560","2","1","11",0,0,0,0,0,0,0,0,0,0,0,0
"2560","2","2","samt",4,8,5,3,4,3,6,0,-4,1,0,6
"2560","2","2","09",4,7,5,3,3,3,0,0,-3,2,0,0
"2560","2","2","11",6,0,0,0,0,0,6,0,6,0,0,6
"2560","3","1","samt",3,0,4,0,0,0,0,0,3,4,0,0
"2560","3","1","09",3,0,4,0,0,0,0,0,3,4,0,0
"2560","3","1","11",0,0,0,0,0,0,0,0,0,0,0,0
"2560","3","2","samt",3,0,3,0,0,0,3,0,3,3,0,3
"2560","3","2","09",3,0,3,0,0,0,3,0,3,3,0,3
"2560","3","2","11",0,0,0,0,0,0,0,0,0,0,0,0
"2560","4","1","samt",8,3,4,3,3,3,6,0,5,1,0,6
"2560","4","1","09",3,3,3,3,3,3,0,0,0,0,0,0
"2560","4","1","11",3,0,0,0,0,0,6,0,3,0,0,6
"2560","4","2","samt",5,3,0,0,0,0,0,3,2,0,0,-3
"2560","4","2","09",0,0,0,0,0,0,0,0,0,0,0,0
"2560","4","2","11",0,3,0,0,0,0,0,3,-3,0,0,-3
"2560","5","1","samt",0,4,0,0,0,3,0,0,-4,0,-3,0
"2560","5","1","09",0,3,0,0,0,0,0,0,-3,0,0,0
"2560","5","1","11",0,0,0,0,0,0,0,0,0,0,0,0
"2560","5","2","samt",0,0,0,0,0,0,0,0,0,0,0,0
"2560","5","2","09",0,0,0,0,0,0,0,0,0,0,0,0
"2560","5","2","11",0,0,0,0,0,0,0,0,0,0,0,0
"2560","6","1","samt",7,3,3,0,0,0,0,0,4,3,0,0
"2560","6","1","09",0,0,0,0,0,0,0,0,0,0,0,0
"2560","6","1","11",3,0,3,0,0,0,0,0,3,3,0,0
"2560","6","2","samt",0,3,0,0,3,3,0,0,-3,-3,-3,0
"2560","6","2","09",0,3,0,0,3,3,0,0,-3,-3,-3,0
"2560","6","2","11",0,0,0,0,0,0,0,0,0,0,0,0
"2560","7","1","samt",3,0,0,0,0,0,0,0,3,0,0,0
"2560","7","1","09",0,0,0,0,0,0,0,0,0,0,0,0
"2560","7","1","11",0,0,0,0,0,0,0,0,0,0,0,0
"2560","7","2","samt",3,0,0,0,0,0,3,0,3,0,0,3
"2560","7","2","09",0,0,0,0,0,0,0,0,0,0,0,0
"2560","7","2","11",3,0,0,0,0,0,3,0,3,0,0,3
"2560","8","1","samt",3,3,3,0,0,3,0,0,0,3,-3,0
"2560","8","1","09",3,3,3,0,0,3,0,0,0,3,-3,0
"2560","8","1","11",0,0,0,0,0,0,0,0,0,0,0,0
"2560","8","2","samt",4,0,4,0,0,0,0,0,4,4,0,0
"2560","8","2","09",4,0,4,0,0,0,0,0,4,4,0,0
"2560","8","2","11",0,0,0,0,0,0,0,0,0,0,0,0
"2560","9","1","samt",0,4,0,0,0,3,0,0,-4,0,-3,0
"2560","9","1","09",0,4,0,0,0,3,0,0,-4,0,-3,0
"2560","9","1","11",0,0,0,0,0,0,0,0,0,0,0,0
"2560","9","2","samt",0,0,0,0,0,0,0,0,0,0,0,0
"2560","9","2","09",0,0,0,0,0,0,0,0,0,0,0,0
"2560","9","2","11",0,0,0,0,0,0,0,0,0,0,0,0
"2560","10","1","samt",0,0,0,0,0,0,0,0,0,0,0,0
"2560","10","1","09",0,0,0,0,0,0,0,0,0,0,0,0
"2560","10","1","11",0,0,0,0,0,0,0,0,0,0,0,0
"2560","10","2","samt",0,0,0,0,0,0,0,0,0,0,0,0
"2560","10","2","09",0,0,0,0,0,0,0,0,0,0,0,0
"2560","10","2","11",0,0,0,0,0,0,0,0,0,0,0,0
"2560","11","1","samt",0,3,0,0,0,0,0,0,-3,0,0,0
"2560","11","1","09",0,3,0,0,0,0,0,0,-3,0,0,0
"2560","11","1","11",0,0,0,0,0,0,0,0,0,0,0,0
"2560","11","2","samt",4,6,0,0,0,3,0,0,-2,0,-3,0
"2560","11","2","09",3,3,0,0,0,3,0,0,0,0,-3,0
"2560","11","2","11",0,0,0,0,0,0,0,0,0,0,0,0
"2560","12","1","samt",0,0,0,0,0,0,0,0,0,0,0,0
"2560","12","1","09",0,0,0,0,0,0,0,0,0,0,0,0
"2560","12","1","11",0,0,0,0,0,0,0,0,0,0,0,0
"2560","12","2","samt",0,4,0,0,0,0,0,0,-4,0,0,0
"2560","12","2","09",0,0,0,0,0,0,0,0,0,0,0,0
"2560","12","2","11",0,0,0,0,0,0,0,0,0,0,0,0
"2560","13","1","samt",3,4,0,0,0,0,3,0,-1,0,0,3
"2560","13","1","09",0,3,0,0,3,0,0,0,-3,-3,0,0
"2560","13","1","11",3,3,0,0,3,0,3,0,0,-3,0,3
"2560","13","2","samt",3,3,0,0,3,3,0,0,0,-3,-3,0
"2560","13","2","09",3,3,0,0,3,3,0,0,0,-3,-3,0
"2560","13","2","11",0,0,0,0,0,0,0,0,0,0,0,0
"2560","14","1","samt",0,3,0,0,0,3,0,0,-3,0,-3,0
"2560","14","1","09",0,0,0,0,0,0,0,0,0,0,0,0
"2560","14","1","11",0,3,0,0,0,3,0,0,-3,0,-3,0
"2560","14","2","samt",3,3,3,0,3,0,3,0,0,0,0,3
"2560","14","2","09",0,0,0,0,0,0,0,0,0,0,0,0
"2560","14","2","11",3,3,3,0,3,0,3,0,0,0,0,3
"2560","15","1","samt",0,4,0,0,4,0,0,0,-4,-4,0,0
"2560","15","1","09",0,4,0,0,4,0,0,0,-4,-4,0,0
"2560","15","1","11",0,0,0,0,0,0,0,0,0,0,0,0
"2560","15","2","samt",0,0,0,0,0,0,0,0,0,0,0,0
"2560","15","2","09",0,0,0,0,0,0,0,0,0,0,0,0
"2560","15","2","11",0,0,0,0,0,0,0,0,0,0,0,0
"2560","16","1","samt",3,3,3,0,3,0,0,0,0,0,0,0
"2560","16","1","09",3,0,3,0,0,0,0,0,3,3,0,0
"2560","16","1","11",0,0,0,0,0,0,0,0,0,0,0,0
"2560","16","2","samt",3,3,0,0,0,0,0,0,0,0,0,0
"2560","16","2","09",3,3,0,0,0,0,0,0,0,0,0,0
"2560","16","2","11",0,0,0,0,0,0,0,0,0,0,0,0
"2560","17","1","samt",0,0,0,0,0,0,0,0,0,0,0,0
"2560","17","1","09",0,0,0,0,0,0,0,0,0,0,0,0
"2560","17","1","11",0,0,0,0,0,0,0,0,0,0,0,0
"2560","17","2","samt",0,0,0,0,0,0,0,0,0,0,0,0
"2560","17","2","09",0,0,0,0,0,0,0,0,0,0,0,0
"2560","17","2","11",0,0,0,0,0,0,0,0,0,0,0,0
"2560","18","1","samt",0,0,0,0,0,0,0,0,0,0,0,0
"2560","18","1","09",0,0,0,0,0,0,0,0,0,0,0,0
"2560","18","1","11",0,0,0,0,0,0,0,0,0,0,0,0
"2560","18","2","samt",0,3,0,0,3,0,0,0,-3,-3,0,0
"2560","18","2","09",0,3,0,0,3,0,0,0,-3,-3,0,0
"2560","18","2","11",0,0,0,0,0,0,0,0,0,0,0,0
"2560","19","1","samt",0,4,0,0,4,0,0,0,-4,-4,0,0
"2560","19","1","09",0,4,0,0,4,0,0,0,-4,-4,0,0
"2560","19","1","11",3,0,3,0,0,0,0,0,3,3,0,0
"2560","19","2","samt",9,8,9,0,4,3,0,0,1,5,-3,0
"2560","19","2","09",9,8,9,0,4,3,0,0,1,5,-3,0
"2560","19","2","11",0,0,0,0,0,0,0,0,0,0,0,0
"2560","20","1","samt",5,4,0,0,3,0,0,0,1,-3,0,0
"2560","20","1","09",5,4,0,0,3,0,0,0,1,-3,0,0
"2560","20","1","11",0,0,0,0,0,0,0,0,0,0,0,0
"2560","20","2","samt",10,6,5,4,3,0,0,0,4,2,4,0
"2560","20","2","09",10,6,5,4,3,0,0,0,4,2,4,0
"2560","20","2","11",0,0,0,0,0,0,0,0,0,0,0,0
"2560","21","1","samt",8,6,8,0,6,4,0,0,2,2,-4,0
"2560","21","1","09",8,4,8,0,5,0,0,0,4,3,0,0
"2560","21","1","11",0,0,0,0,0,0,0,0,0,0,0,0
"2560","21","2","samt",7,10,0,3,5,3,0,0,-3,-5,0,0
"2560","21","2","09",7,10,0,3,5,3,0,0,-3,-5,0,0
"2560","21","2","11",0,0,0,0,0,0,0,0,0,0,0,0
"2560","22","1","samt",7,4,3,4,0,3,0,0,3,3,1,0
"2560","22","1","09",3,4,3,3,0,0,0,0,-1,3,3,0
"2560","22","1","11",3,0,0,3,0,3,0,0,3,0,0,0
"2560","22","2","samt",6,3,3,0,3,0,3,0,3,0,0,3
"2560","22","2","09",3,3,0,0,0,0,0,0,0,0,0,0
"2560","22","2","11",0,3,3,0,3,0,3,0,-3,0,0,3
"2560","23","1","samt",6,7,0,6,6,0,0,0,-1,-6,6,0
"2560","23","1","09",5,5,0,5,0,0,0,0,0,0,5,0
"2560","23","1","11",3,3,3,3,3,0,0,0,0,0,3,0
"2560","23","2","samt",3,6,3,0,4,3,0,0,-3,-1,-3,0
"2560","23","2","09",3,4,3,0,4,3,0,0,-1,-1,-3,0
"2560","23","2","11",0,0,0,0,0,0,0,0,0,0,0,0
"2560","24","1","samt",5,6,4,0,7,0,0,0,-1,-3,0,0
"2560","24","1","09",5,5,5,0,5,0,0,0,0,0,0,0
"2560","24","1","11",3,3,0,0,0,0,0,0,0,0,0,0
"2560","24","2","samt",7,7,3,3,4,3,0,0,0,-1,0,0
"2560","24","2","09",7,5,3,6,4,3,0,0,2,-1,3,0
"2560","24","2","11",0,0,0,0,0,0,0,0,0,0,0,0
"2560","25","1","samt",6,4,4,0,0,3,0,0,2,4,-3,0
"2560","25","1","09",3,3,3,0,0,3,0,0,0,3,-3,0
"2560","25","1","11",0,3,0,0,3,0,0,0,-3,-3,0,0
"2560","25","2","samt",5,12,6,0,10,0,0,0,-7,-4,0,0
"2560","25","2","09",5,9,6,0,8,3,0,0,-4,-2,-3,0
"2560","25","2","11",0,3,0,0,0,0,0,0,-3,0,0,0
"2560","26","1","samt",3,8,0,3,8,0,0,3,-5,-8,3,-3
"2560","26","1","09",3,4,0,3,4,0,0,0,-1,-4,3,0
"2560","26","1","11",0,5,0,0,4,0,0,3,-5,-4,0,-3
"2560","26","2","samt",8,3,4,0,5,0,3,3,5,-1,0,0
"2560","26","2","09",4,4,4,0,0,0,0,3,0,4,0,-3
"2560","26","2","11",3,0,0,0,0,0,3,0,3,0,0,3
"2560","27","1","samt",3,3,3,3,3,0,3,0,0,0,3,3
"2560","27","1","09",3,0,3,3,0,0,3,0,3,3,3,3
"2560","27","1","11",0,4,0,0,4,0,0,0,-4,-4,0,0
"2560","27","2","samt",3,4,0,0,0,4,3,0,-1,0,-4,3
"2560","27","2","09",0,3,0,0,3,0,0,0,-3,-3,0,0
"2560","27","2","11",3,0,0,0,0,0,3,0,3,0,0,3
"2560","28","1","samt",4,0,4,0,0,0,0,0,4,4,0,0
"2560","28","1","09",4,0,4,0,0,0,0,0,4,4,0,0
"2560","28","1","11",3,0,3,0,0,0,0,0,3,3,0,0
"2560","28","2","samt",7,4,0,3,3,0,0,0,3,-3,3,0
"2560","28","2","09",5,3,0,3,3,0,0,0,2,-3,3,0
"2560","28","2","11",0,0,0,0,0,0,0,0,0,0,0,0
"2560","29","1","samt",4,5,0,4,0,3,0,0,-1,0,1,0
"2560","29","1","09",5,0,0,5,0,0,0,0,5,0,5,0
"2560","29","1","11",4,4,0,0,0,3,0,0,0,0,-3,0
"2560","29","2","samt",3,3,0,0,0,3,3,0,0,0,-3,3
"2560","29","2","09",0,0,0,0,0,0,0,0,0,0,0,0
"2560","29","2","11",3,3,0,0,0,3,3,0,0,0,-3,3
"2560","30","1","samt",4,3,3,3,3,0,0,0,1,0,3,0
"2560","30","1","09",3,0,3,0,0,0,0,0,3,3,0,0
"2560","30","1","11",3,3,0,3,3,0,0,0,0,-3,3,0
"2560","30","2","samt",4,3,3,3,0,3,0,0,1,3,0,0
"2560","30","2","09",0,0,3,0,0,0,0,0,0,3,0,0
"2560","30","2","11",3,3,0,0,0,3,0,0,0,0,-3,0
"2560","31","1","samt",3,7,3,0,0,3,0,0,-4,3,-3,0
"2560","31","1","09",4,3,3,3,0,3,0,0,1,3,0,0
"2560","31","1","11",0,0,0,0,0,0,0,0,0,0,0,0
"2560","31","2","samt",3,3,4,0,0,3,0,0,0,4,-3,0
"2560","31","2","09",3,3,3,0,0,3,0,0,0,3,-3,0
"2560","31","2","11",3,0,3,0,0,0,0,0,3,3,0,0
"2560","32","1","samt",3,3,5,0,0,0,0,0,0,5,0,0
"2560","32","1","09",0,0,0,0,0,0,0,0,0,0,0,0
"2560","32","1","11",0,0,3,0,0,0,0,0,0,3,0,0
"2560","32","2","samt",3,4,0,4,0,4,0,0,-1,0,0,0
"2560","32","2","09",0,0,0,0,0,0,0,0,0,0,0,0
"2560","32","2","11",3,4,0,4,0,4,0,0,-1,0,0,0
"2560","33","1","samt",3,0,0,3,0,0,0,0,3,0,3,0
"2560","33","1","09",0,0,0,0,0,0,0,0,0,0,0,0
"2560","33","1","11",3,0,0,0,0,0,0,0,3,0,0,0
"2560","33","2","samt",5,5,6,3,3,3,0,0,0,3,0,0
"2560","33","2","09",4,3,6,0,3,0,0,0,1,3,0,0
"2560","33","2","11",3,0,0,3,0,0,0,0,3,0,3,0
"2560","34","1","samt",9,3,3,0,0,0,3,0,6,3,0,3
"2560","34","1","09",6,3,3,0,0,0,0,0,3,3,0,0
"2560","34","1","11",0,0,0,0,0,0,0,0,0,0,0,0
"2560","34","2","samt",7,6,3,0,0,3,0,0,1,3,-3,0
"2560","34","2","09",0,3,0,0,0,0,0,0,-3,0,0,0
"2560","34","2","11",4,3,0,0,0,3,0,0,1,0,-3,0
"2560","35","1","samt",6,5,3,0,3,3,3,3,1,0,-3,0
"2560","35","1","09",3,3,0,3,3,3,0,3,0,-3,0,-3
"2560","35","1","11",4,3,3,3,3,0,3,0,1,0,3,3
"2560","35","2","samt",4,3,0,0,0,0,0,0,1,0,0,0
"2560","35","2","09",0,0,0,0,0,0,0,0,0,0,0,0
"2560","35","2","11",0,0,3,0,0,0,0,0,0,3,0,0
"2560","36","1","samt",4,5,0,4,0,3,0,0,-1,0,1,0
"2560","36","1","09",0,0,0,0,0,0,0,0,0,0,0,0
"2560","36","1","11",3,3,0,3,0,3,0,0,0,0,0,0
"2560","36","2","samt",4,3,3,0,0,0,3,0,1,3,0,3
"2560","36","2","09",3,3,3,0,0,0,0,0,0,3,0,0
"2560","36","2","11",3,0,0,0,0,0,3,0,3,0,0,3
"2560","37","1","samt",7,3,4,3,3,0,0,0,4,1,3,0
"2560","37","1","09",4,3,4,3,3,0,0,0,1,1,3,0
"2560","37","1","11",3,0,0,0,0,0,0,0,3,0,0,0
"2560","37","2","samt",4,3,3,0,3,0,3,0,1,0,0,3
"2560","37","2","09",3,3,3,0,3,0,0,0,0,0,0,0
"2560","37","2","11",3,0,0,0,0,0,3,0,3,0,0,3
"2560","38","1","samt",3,4,0,0,3,0,0,0,-1,-3,0,0
"2560","38","1","09",0,3,0,0,3,0,0,0,-3,-3,0,0
"2560","38","1","11",0,3,0,0,0,0,0,0,-3,0,0,0
"2560","38","2","samt",3,3,3,3,3,0,3,0,0,0,3,3
"2560","38","2","09",3,3,0,3,3,0,0,0,0,-3,3,0
"2560","38","2","11",0,0,0,0,0,0,3,0,0,0,0,3
"2560","39","1","samt",3,3,0,0,3,0,0,3,0,-3,0,-3
"2560","39","1","09",0,3,0,0,3,0,0,0,-3,-3,0,0
"2560","39","1","11",3,0,0,0,0,0,0,3,3,0,0,-3
"2560","39","2","samt",3,3,3,0,0,0,0,0,0,3,0,0
"2560","39","2","09",0,0,0,0,0,0,0,0,0,0,0,0
"2560","39","2","11",3,3,3,0,0,0,0,0,0,3,0,0
"2560","40","1","samt",6,6,3,0,0,5,3,0,0,3,-5,3
"2560","40","1","09",0,4,0,0,0,3,0,0,-4,0,-3,0
"2560","40","1","11",4,0,3,0,0,0,3,0,4,3,0,3
"2560","40","2","samt",3,0,3,0,0,0,0,0,3,3,0,0
"2560","40","2","09",3,0,3,0,0,0,0,0,3,3,0,0
"2560","40","2","11",0,0,0,0,0,0,0,0,0,0,0,0
"2560","41","1","samt",4,0,3,0,0,0,0,0,4,3,0,0
"2560","41","1","09",3,0,3,0,0,0,0,0,3,3,0,0
"2560","41","1","11",0,0,0,0,0,0,0,0,0,0,0,0
"2560","41","2","samt",3,3,3,0,0,0,0,0,0,3,0,0
"2560","41","2","09",0,3,0,0,0,0,0,0,-3,0,0,0
"2560","41","2","11",0,0,0,0,0,0,0,0,0,0,0,0
"2560","42","1","samt",3,3,3,3,0,3,0,0,0,3,0,0
"2560","42","1","09",3,3,3,3,0,3,0,0,0,3,0,0
"2560","42","1","11",0,0,0,0,0,0,0,0,0,0,0,0
"2560","42","2","samt",0,0,0,0,0,0,0,0,0,0,0,0
"2560","42","2","09",0,0,0,0,0,0,0,0,0,0,0,0
"2560","42","2","11",0,0,0,0,0,0,0,0,0,0,0,0
"2560","43","1","samt",4,6,3,0,3,0,5,0,-2,0,0,5
"2560","43","1","09",3,4,3,0,4,0,0,0,-1,-1,0,0
"2560","43","1","11",4,0,0,0,0,0,5,0,4,0,0,5
"2560","43","2","samt",5,0,0,0,0,0,0,0,5,0,0,0
"2560","43","2","09",0,0,0,0,0,0,0,0,0,0,0,0
"2560","43","2","11",0,0,0,0,0,0,0,0,0,0,0,0
"2560","44","1","samt",6,0,0,0,0,0,3,0,6,0,0,3
"2560","44","1","09",0,0,0,0,0,0,0,0,0,0,0,0
"2560","44","1","11",3,0,0,0,0,0,3,0,3,0,0,3
"2560","44","2","samt",0,0,0,0,0,0,0,0,0,0,0,0
"2560","44","2","09",0,0,0,0,0,0,0,0,0,0,0,0
"2560","44","2","11",0,0,0,0,0,0,0,0,0,0,0,0
"2560","45","1","samt",0,3,3,0,3,0,0,0,-3,0,0,0
"2560","45","1","09",3,3,3,0,3,0,0,0,0,0,0,0
"2560","45","1","11",0,0,0,0,0,0,0,0,0,0,0,0
"2560","45","2","samt",3,3,4,0,3,0,0,0,0,1,0,0
"2560","45","2","09",3,3,4,0,3,0,0,0,0,1,0,0
"2560","45","2","11",0,0,0,0,0,0,0,0,0,0,0,0
"2560","46","1","samt",3,6,0,3,4,0,0,3,-3,-4,3,-3
"2560","46","1","09",0,4,0,0,4,0,0,0,-4,-4,0,0
"2560","46","1","11",3,4,0,3,0,0,0,3,-1,0,3,-3
"2560","46","2","samt",5,3,3,0,3,0,3,0,2,0,0,3
"2560","46","2","09",0,0,0,0,0,0,0,0,0,0,0,0
"2560","46","2","11",4,3,0,0,3,0,3,0,1,-3,0,3
"2560","47","1","samt",6,3,3,3,3,0,0,0,3,0,3,0
"2560","47","1","09",3,0,0,3,0,0,0,0,3,0,3,0
"2560","47","1","11",0,3,0,0,3,0,0,0,-3,-3,0,0
"2560","47","2","samt",0,0,0,0,0,0,0,0,0,0,0,0
"2560","47","2","09",0,0,0,0,0,0,0,0,0,0,0,0
"2560","47","2","11",0,0,0,0,0,0,0,0,0,0,0,0
"2560","48","1","samt",3,3,0,0,0,3,3,0,0,0,-3,3
"2560","48","1","09",0,3,0,0,0,3,0,0,-3,0,-3,0
"2560","48","1","11",3,0,0,0,0,0,3,0,3,0,0,3
"2560","48","2","samt",0,0,0,0,0,0,0,0,0,0,0,0
"2560","48","2","09",0,0,0,0,0,0,0,0,0,0,0,0
"2560","48","2","11",0,0,0,0,0,0,0,0,0,0,0,0
"2560","49","1","samt",0,3,0,0,0,3,0,0,-3,0,-3,0
"2560","49","1","09",0,3,0,0,0,3,0,0,-3,0,-3,0
"2560","49","1","11",0,0,0,0,0,0,0,0,0,0,0,0
"2560","49","2","samt",4,0,3,0,0,0,0,0,4,3,0,0
"2560","49","2","09",3,0,3,0,0,0,0,0,3,3,0,0
"2560","49","2","11",0,0,0,0,0,0,0,0,0,0,0,0
"2560","50","1","samt",3,0,3,0,0,0,0,0,3,3,0,0
"2560","50","1","09",3,0,3,0,0,0,0,0,3,3,0,0
"2560","50","1","11",0,0,0,0,0,0,0,0,0,0,0,0
"2560","50","2","samt",4,0,3,0,0,0,0,0,4,3,0,0
"2560","50","2","09",0,0,0,0,0,0,0,0,0,0,0,0
"2560","50","2","11",4,0,3,0,0,0,0,0,4,3,0,0
"2560","51","1","samt",5,0,0,0,0,0,0,0,5,0,0,0
"2560","51","1","09",0,0,0,0,0,0,0,0,0,0,0,0
"2560","51","1","11",0,0,0,0,0,0,0,0,0,0,0,0
"2560","51","2","samt",0,0,0,0,0,0,0,0,0,0,0,0
"2560","51","2","09",0,0,0,0,0,0,0,0,0,0,0,0
"2560","51","2","11",0,0,0,0,0,0,0,0,0,0,0,0
"2560","52","1","samt",3,0,0,0,0,0,3,0,3,0,0,3
"2560","52","1","09",0,0,0,0,0,0,0,0,0,0,0,0
"2560","52","1","11",3,0,0,0,0,0,3,0,3,0,0,3
"2560","52","2","samt",3,0,3,0,0,0,0,0,3,3,0,0
"2560","52","2","09",3,0,3,0,0,0,0,0,3,3,0,0
"2560","52","2","11",0,0,0,0,0,0,0,0,0,0,0,0
"2560","53","1","samt",3,0,0,3,0,0,0,0,3,0,3,0
"2560","53","1","09",3,0,0,3,0,0,0,0,3,0,3,0
"2560","53","1","11",0,0,0,0,0,0,0,0,0,0,0,0
"2560","53","2","samt",3,3,3,0,3,0,0,0,0,0,0,0
"2560","53","2","09",3,3,3,0,3,0,0,0,0,0,0,0
"2560","53","2","11",0,0,0,0,0,0,0,0,0,0,0,0
"2560","54","1","samt",0,0,0,0,0,0,0,0,0,0,0,0
"2560","54","1","09",0,0,0,0,0,0,0,0,0,0,0,0
"2560","54","1","11",0,0,0,0,0,0,0,0,0,0,0,0
"2560","54","2","samt",0,0,0,0,0,0,0,0,0,0,0,0
"2560","54","2","09",0,0,0,0,0,0,0,0,0,0,0,0
"2560","54","2","11",0,0,0,0,0,0,0,0,0,0,0,0
"2560","55","1","samt",0,0,0,0,0,0,0,0,0,0,0,0
"2560","55","1","09",0,0,0,0,0,0,0,0,0,0,0,0
"2560","55","1","11",0,0,0,0,0,0,0,0,0,0,0,0
"2560","55","2","samt",3,3,0,0,0,0,0,0,0,0,0,0
"2560","55","2","09",3,0,0,0,0,0,0,0,3,0,0,0
"2560","55","2","11",0,0,0,0,0,0,0,0,0,0,0,0
"2560","56","1","samt",0,3,0,0,0,0,0,3,-3,0,0,-3
"2560","56","1","09",0,0,0,0,0,0,0,0,0,0,0,0
"2560","56","1","11",0,3,0,0,0,0,0,3,-3,0,0,-3
"2560","56","2","samt",3,0,3,0,0,0,0,0,3,3,0,0
"2560","56","2","09",3,0,3,0,0,0,0,0,3,3,0,0
"2560","56","2","11",0,0,0,0,0,0,0,0,0,0,0,0
"2560","57","1","samt",0,0,0,0,0,0,0,0,0,0,0,0
"2560","57","1","09",0,0,0,0,0,0,0,0,0,0,0,0
"2560","57","1","11",0,0,0,0,0,0,0,0,0,0,0,0
"2560","57","2","samt",3,3,3,0,3,0,0,0,0,0,0,0
"2560","57","2","09",3,3,3,0,3,0,0,0,0,0,0,0
"2560","57","2","11",0,0,0,0,0,0,0,0,0,0,0,0
"2560","58","1","samt",3,0,0,0,0,0,0,0,3,0,0,0
"2560","58","1","09",3,0,0,0,0,0,0,0,3,0,0,0
"2560","58","1","11",0,0,0,0,0,0,0,0,0,0,0,0
"2560","58","2","samt",0,4,0,0,0,4,0,0,-4,0,-4,0
"2560","58","2","09",0,0,0,0,0,0,0,0,0,0,0,0
"2560","58","2","11",0,0,0,0,0,0,0,0,0,0,0,0
"2560","59","1","samt",0,0,0,0,0,0,0,0,0,0,0,0
"2560","59","1","09",0,0,0,0,0,0,0,0,0,0,0,0
"2560","59","1","11",0,0,0,0,0,0,0,0,0,0,0,0
"2560","59","2","samt",3,0,3,0,0,0,3,0,3,3,0,3
"2560","59","2","09",3,0,3,0,0,0,0,0,3,3,0,0
"2560","59","2","11",3,0,0,0,0,0,3,0,3,0,0,3
"2560","60","1","samt",4,0,4,0,0,0,0,0,4,4,0,0
"2560","60","1","09",4,0,4,0,0,0,0,0,4,4,0,0
"2560","60","1","11",0,0,0,0,0,0,0,0,0,0,0,0
"2560","60","2","samt",0,0,0,0,0,0,0,0,0,0,0,0
"2560","60","2","09",0,0,0,0,0,0,0,0,0,0,0,0
"2560","60","2","11",0,0,0,0,0,0,0,0,0,0,0,0
"2560","61","1","samt",0,0,0,0,0,0,0,0,0,0,0,0
"2560","61","1","09",0,0,0,0,0,0,0,0,0,0,0,0
"2560","61","1","11",0,0,0,0,0,0,0,0,0,0,0,0
"2560","61","2","samt",0,0,0,0,0,0,0,0,0,0,0,0
"2560","61","2","09",0,0,0,0,0,0,0,0,0,0,0,0
"2560","61","2","11",0,0,0,0,0,0,0,0,0,0,0,0
"2560","62","1","samt",0,0,0,0,0,0,0,0,0,0,0,0
"2560","62","1","09",0,0,0,0,0,0,0,0,0,0,0,0
"2560","62","1","11",0,0,0,0,0,0,0,0,0,0,0,0
"2560","62","2","samt",3,0,0,0,0,0,0,0,3,0,0,0
"2560","62","2","09",0,0,0,0,0,0,0,0,0,0,0,0
"2560","62","2","11",0,0,0,0,0,0,0,0,0,0,0,0
"2560","63","1","samt",4,0,3,0,0,0,0,0,4,3,0,0
"2560","63","1","09",3,0,0,0,0,0,0,0,3,0,0,0
"2560","63","1","11",0,0,0,0,0,0,0,0,0,0,0,0
"2560","63","2","samt",0,0,0,0,0,0,0,0,0,0,0,0
"2560","63","2","09",0,0,0,0,0,0,0,0,0,0,0,0
"2560","63","2","11",0,0,0,0,0,0,0,0,0,0,0,0
"2560","64","1","samt",0,0,0,0,0,0,0,0,0,0,0,0
"2560","64","1","09",0,0,0,0,0,0,0,0,0,0,0,0
"2560","64","1","11",0,0,0,0,0,0,0,0,0,0,0,0
"2560","64","2","samt",3,0,3,0,0,0,0,0,3,3,0,0
"2560","64","2","09",0,0,0,0,0,0,0,0,0,0,0,0
"2560","64","2","11",3,3,3,0,3,0,0,0,0,0,0,0
"2560","65","1","samt",0,0,0,0,0,0,0,0,0,0,0,0
"2560","65","1","09",0,0,0,0,0,0,0,0,0,0,0,0
"2560","65","1","11",0,0,0,0,0,0,0,0,0,0,0,0
"2560","65","2","samt",0,3,0,0,3,0,0,0,-3,-3,0,0
"2560","65","2","09",0,3,0,0,3,0,0,0,-3,-3,0,0
"2560","65","2","11",0,0,0,0,0,0,0,0,0,0,0,0
"2560","66","1","samt",3,0,0,0,0,0,3,0,3,0,0,3
"2560","66","1","09",0,0,0,0,0,0,0,0,0,0,0,0
"2560","66","1","11",3,0,0,0,0,0,3,0,3,0,0,3
"2560","66","2","samt",0,0,0,0,0,0,0,0,0,0,0,0
"2560","66","2","09",0,0,0,0,0,0,0,0,0,0,0,0
"2560","66","2","11",0,0,0,0,0,0,0,0,0,0,0,0
"2560","67","1","samt",0,3,0,0,0,0,0,3,-3,0,0,-3
"2560","67","1","09",0,3,0,0,0,0,0,3,-3,0,0,-3
"2560","67","1","11",0,0,0,0,0,0,0,0,0,0,0,0
"2560","67","2","samt",0,3,0,0,3,0,0,0,-3,-3,0,0
"2560","67","2","09",0,3,0,0,3,0,0,0,-3,-3,0,0
"2560","67","2","11",0,0,0,0,0,0,0,0,0,0,0,0
"2560","68","1","samt",0,0,0,0,0,0,0,0,0,0,0,0
"2560","68","1","09",0,0,0,0,0,0,0,0,0,0,0,0
"2560","68","1","11",0,0,0,0,0,0,0,0,0,0,0,0
"2560","68","2","samt",0,0,0,0,0,0,0,0,0,0,0,0
"2560","68","2","09",0,0,0,0,0,0,0,0,0,0,0,0
"2560","68","2","11",0,0,0,0,0,0,0,0,0,0,0,0
"2560","69","1","samt",0,0,0,0,0,0,0,0,0,0,0,0
"2560","69","1","09",0,0,0,0,0,0,0,0,0,0,0,0
"2560","69","1","11",0,0,0,0,0,0,0,0,0,0,0,0
"2560","69","2","samt",0,3,0,0,3,0,0,0,-3,-3,0,0
"2560","69","2","09",0,3,0,0,3,0,0,0,-3,-3,0,0
"2560","69","2","11",0,0,0,0,0,0,0,0,0,0,0,0
"2560","70","1","samt",0,0,0,0,0,0,0,0,0,0,0,0
"2560","70","1","09",0,0,0,0,0,0,0,0,0,0,0,0
"2560","70","1","11",0,0,0,0,0,0,0,0,0,0,0,0
"2560","70","2","samt",0,0,0,0,0,0,0,0,0,0,0,0
"2560","70","2","09",0,0,0,0,0,0,0,0,0,0,0,0
"2560","70","2","11",0,0,0,0,0,0,0,0,0,0,0,0
"2560","71","1","samt",0,0,0,0,0,0,0,0,0,0,0,0
"2560","71","1","09",0,0,0,0,0,0,0,0,0,0,0,0
"2560","71","1","11",0,0,0,0,0,0,0,0,0,0,0,0
"2560","71","2","samt",3,0,3,0,0,0,0,0,3,3,0,0
"2560","71","2","09",3,0,3,0,0,0,0,0,3,3,0,0
"2560","71","2","11",0,0,0,0,0,0,0,0,0,0,0,0
"2560","72","1","samt",0,0,0,0,0,0,0,0,0,0,0,0
"2560","72","1","09",0,0,0,0,0,0,0,0,0,0,0,0
"2560","72","1","11",0,0,0,0,0,0,0,0,0,0,0,0
"2560","72","2","samt",3,3,3,0,3,0,0,0,0,0,0,0
"2560","72","2","09",3,3,3,0,3,0,0,0,0,0,0,0
"2560","72","2","11",0,0,0,0,0,0,0,0,0,0,0,0
"2560","73","1","samt",0,0,0,0,0,0,0,0,0,0,0,0
"2560","73","1","09",0,0,0,0,0,0,0,0,0,0,0,0
"2560","73","1","11",0,0,0,0,0,0,0,0,0,0,0,0
"2560","73","2","samt",0,0,0,0,0,0,0,0,0,0,0,0
"2560","73","2","09",0,0,0,0,0,0,0,0,0,0,0,0
"2560","73","2","11",0,0,0,0,0,0,0,0,0,0,0,0
"2560","74","1","samt",0,0,0,0,0,0,0,0,0,0,0,0
"2560","74","1","09",0,0,0,0,0,0,0,0,0,0,0,0
"2560","74","1","11",0,0,0,0,0,0,0,0,0,0,0,0
"2560","74","2","samt",0,0,0,0,0,0,0,0,0,0,0,0
"2560","74","2","09",0,0,0,0,0,0,0,0,0,0,0,0
"2560","74","2","11",0,0,0,0,0,0,0,0,0,0,0,0
"2560","75","1","samt",0,0,0,0,0,0,0,0,0,0,0,0
"2560","75","1","09",0,0,0,0,0,0,0,0,0,0,0,0
"2560","75","1","11",0,0,0,0,0,0,0,0,0,0,0,0
"2560","75","2","samt",0,0,0,0,0,0,0,0,0,0,0,0
"2560","75","2","09",0,0,0,0,0,0,0,0,0,0,0,0
"2560","75","2","11",0,0,0,0,0,0,0,0,0,0,0,0
"2560","76","1","samt",0,0,0,0,0,0,0,0,0,0,0,0
"2560","76","1","09",0,0,0,0,0,0,0,0,0,0,0,0
"2560","76","1","11",0,0,0,0,0,0,0,0,0,0,0,0
"2560","76","2","samt",0,0,0,0,0,0,0,0,0,0,0,0
"2560","76","2","09",0,0,0,0,0,0,0,0,0,0,0,0
"2560","76","2","11",0,0,0,0,0,0,0,0,0,0,0,0
"2560","77","1","samt",0,0,0,0,0,0,0,0,0,0,0,0
"2560","77","1","09",0,0,0,0,0,0,0,0,0,0,0,0
"2560","77","1","11",0,0,0,0,0,0,0,0,0,0,0,0
"2560","77","2","samt",0,0,0,0,0,0,0,0,0,0,0,0
"2560","77","2","09",0,0,0,0,0,0,0,0,0,0,0,0
"2560","77","2","11",0,0,0,0,0,0,0,0,0,0,0,0
"2560","78","1","samt",0,0,0,0,0,0,0,0,0,0,0,0
"2560","78","1","09",0,0,0,0,0,0,0,0,0,0,0,0
"2560","78","1","11",0,0,0,0,0,0,0,0,0,0,0,0
"2560","78","2","samt",3,0,0,0,0,0,0,0,3,0,0,0
"2560","78","2","09",3,0,0,0,0,0,0,0,3,0,0,0
"2560","78","2","11",0,0,0,0,0,0,0,0,0,0,0,0
"2560","79","1","samt",3,0,3,0,0,0,0,0,3,3,0,0
"2560","79","1","09",3,0,3,0,0,0,0,0,3,3,0,0
"2560","79","1","11",0,0,0,0,0,0,0,0,0,0,0,0
"2560","79","2","samt",0,0,0,0,0,0,0,0,0,0,0,0
"2560","79","2","09",0,0,0,0,0,0,0,0,0,0,0,0
"2560","79","2","11",0,0,0,0,0,0,0,0,0,0,0,0
"2560","80","1","samt",0,0,0,0,0,0,0,0,0,0,0,0
"2560","80","1","09",0,0,0,0,0,0,0,0,0,0,0,0
"2560","80","1","11",0,0,0,0,0,0,0,0,0,0,0,0
"2560","80","2","samt",0,0,0,0,0,0,0,0,0,0,0,0
"2560","80","2","09",0,0,0,0,0,0,0,0,0,0,0,0
"2560","80","2","11",0,0,0,0,0,0,0,0,0,0,0,0
"2560","81","1","samt",0,0,0,0,0,0,0,0,0,0,0,0
"2560","81","1","09",0,0,0,0,0,0,0,0,0,0,0,0
"2560","81","1","11",0,0,0,0,0,0,0,0,0,0,0,0
"2560","81","2","samt",0,0,0,0,0,0,0,0,0,0,0,0
"2560","81","2","09",0,0,0,0,0,0,0,0,0,0,0,0
"2560","81","2","11",0,0,0,0,0,0,0,0,0,0,0,0
"2560","82","1","samt",3,3,3,0,3,0,0,0,0,0,0,0
"2560","82","1","09",3,3,3,0,3,0,0,0,0,0,0,0
"2560","82","1","11",0,0,0,0,0,0,0,0,0,0,0,0
"2560","82","2","samt",0,0,0,0,0,0,0,0,0,0,0,0
"2560","82","2","09",0,0,0,0,0,0,0,0,0,0,0,0
"2560","82","2","11",0,0,0,0,0,0,0,0,0,0,0,0
"2560","83","1","samt",0,0,0,0,0,0,0,0,0,0,0,0
"2560","83","1","09",0,0,0,0,0,0,0,0,0,0,0,0
"2560","83","1","11",0,0,0,0,0,0,0,0,0,0,0,0
"2560","83","2","samt",0,0,0,0,0,0,0,0,0,0,0,0
"2560","83","2","09",0,0,0,0,0,0,0,0,0,0,0,0
"2560","83","2","11",0,0,0,0,0,0,0,0,0,0,0,0
"2560","84","1","samt",0,0,0,0,0,0,0,0,0,0,0,0
"2560","84","1","09",0,0,0,0,0,0,0,0,0,0,0,0
"2560","84","1","11",0,0,0,0,0,0,0,0,0,0,0,0
"2560","84","2","samt",4,0,0,4,0,0,0,0,4,0,4,0
"2560","84","2","09",0,0,0,0,0,0,0,0,0,0,0,0
"2560","84","2","11",4,0,0,4,0,0,0,0,4,0,4,0
"2560","85","1","samt",0,0,0,0,0,0,0,0,0,0,0,0
"2560","85","1","09",0,0,0,0,0,0,0,0,0,0,0,0
"2560","85","1","11",0,0,0,0,0,0,0,0,0,0,0,0
"2560","85","2","samt",0,0,0,0,0,0,0,0,0,0,0,0
"2560","85","2","09",0,0,0,0,0,0,0,0,0,0,0,0
"2560","85","2","11",0,0,0,0,0,0,0,0,0,0,0,0
"2560","86","1","samt",0,0,0,0,0,0,0,0,0,0,0,0
"2560","86","1","09",0,0,0,0,0,0,0,0,0,0,0,0
"2560","86","1","11",0,0,0,0,0,0,0,0,0,0,0,0
"2560","86","2","samt",0,0,0,0,0,0,0,0,0,0,0,0
"2560","86","2","09",0,0,0,0,0,0,0,0,0,0,0,0
"2560","86","2","11",0,0,0,0,0,0,0,0,0,0,0,0
"2560","87","1","samt",0,0,0,0,0,0,0,0,0,0,0,0
"2560","87","1","09",0,0,0,0,0,0,0,0,0,0,0,0
"2560","87","1","11",0,0,0,0,0,0,0,0,0,0,0,0
"2560","87","2","samt",0,0,0,0,0,0,0,0,0,0,0,0
"2560","87","2","09",0,0,0,0,0,0,0,0,0,0,0,0
"2560","87","2","11",0,0,0,0,0,0,0,0,0,0,0,0
"2560","88","1","samt",0,0,0,0,0,0,0,0,0,0,0,0
"2560","88","1","09",0,0,0,0,0,0,0,0,0,0,0,0
"2560","88","1","11",0,0,0,0,0,0,0,0,0,0,0,0
"2560","88","2","samt",0,0,0,0,0,0,0,0,0,0,0,0
"2560","88","2","09",0,0,0,0,0,0,0,0,0,0,0,0
"2560","88","2","11",0,0,0,0,0,0,0,0,0,0,0,0
"2560","89","1","samt",0,0,0,0,0,0,0,0,0,0,0,0
"2560","89","1","09",0,0,0,0,0,0,0,0,0,0,0,0
"2560","89","1","11",0,0,0,0,0,0,0,0,0,0,0,0
"2560","89","2","samt",0,0,0,0,0,0,0,0,0,0,0,0
"2560","89","2","09",0,0,0,0,0,0,0,0,0,0,0,0
"2560","89","2","11",0,0,0,0,0,0,0,0,0,0,0,0
"2560","90","1","samt",0,0,0,0,0,0,0,0,0,0,0,0
"2560","90","1","09",0,0,0,0,0,0,0,0,0,0,0,0
"2560","90","1","11",0,0,0,0,0,0,0,0,0,0,0,0
"2560","90","2","samt",0,0,0,0,0,0,0,0,0,0,0,0
"2560","90","2","09",0,0,0,0,0,0,0,0,0,0,0,0
"2560","90","2","11",0,0,0,0,0,0,0,0,0,0,0,0
"2560","91","1","samt",0,0,0,0,0,0,0,0,0,0,0,0
"2560","91","1","09",0,0,0,0,0,0,0,0,0,0,0,0
"2560","91","1","11",0,0,0,0,0,0,0,0,0,0,0,0
"2560","91","2","samt",0,0,0,0,0,0,0,0,0,0,0,0
"2560","91","2","09",0,0,0,0,0,0,0,0,0,0,0,0
"2560","91","2","11",0,0,0,0,0,0,0,0,0,0,0,0
"2560","92","1","samt",0,0,0,0,0,0,0,0,0,0,0,0
"2560","92","1","09",0,0,0,0,0,0,0,0,0,0,0,0
"2560","92","1","11",0,0,0,0,0,0,0,0,0,0,0,0
"2560","92","2","samt",0,0,0,0,0,0,0,0,0,0,0,0
"2560","92","2","09",0,0,0,0,0,0,0,0,0,0,0,0
"2560","92","2","11",0,0,0,0,0,0,0,0,0,0,0,0
"2560","93","1","samt",0,0,0,0,0,0,0,0,0,0,0,0
"2560","93","1","09",0,0,0,0,0,0,0,0,0,0,0,0
"2560","93","1","11",0,0,0,0,0,0,0,0,0,0,0,0
"2560","93","2","samt",0,0,0,0,0,0,0,0,0,0,0,0
"2560","93","2","09",0,0,0,0,0,0,0,0,0,0,0,0
"2560","93","2","11",0,0,0,0,0,0,0,0,0,0,0,0
"2560","94","1","samt",0,0,0,0,0,0,0,0,0,0,0,0
"2560","94","1","09",0,0,0,0,0,0,0,0,0,0,0,0
"2560","94","1","11",0,0,0,0,0,0,0,0,0,0,0,0
"2560","94","2","samt",0,0,0,0,0,0,0,0,0,0,0,0
"2560","94","2","09",0,0,0,0,0,0,0,0,0,0,0,0
"2560","94","2","11",0,0,0,0,0,0,0,0,0,0,0,0
"2560","95","1","samt",0,0,0,0,0,0,0,0,0,0,0,0
"2560","95","1","09",0,0,0,0,0,0,0,0,0,0,0,0
"2560","95","1","11",0,0,0,0,0,0,0,0,0,0,0,0
"2560","95","2","samt",0,0,0,0,0,0,0,0,0,0,0,0
"2560","95","2","09",0,0,0,0,0,0,0,0,0,0,0,0
"2560","95","2","11",0,0,0,0,0,0,0,0,0,0,0,0
"2560","96","1","samt",0,0,0,0,0,0,0,0,0,0,0,0
"2560","96","1","09",0,0,0,0,0,0,0,0,0,0,0,0
"2560","96","1","11",0,0,0,0,0,0,0,0,0,0,0,0
"2560","96","2","samt",0,0,0,0,0,0,0,0,0,0,0,0
"2560","96","2","09",0,0,0,0,0,0,0,0,0,0,0,0
"2560","96","2","11",0,0,0,0,0,0,0,0,0,0,0,0
"2560","97","1","samt",0,0,0,0,0,0,0,0,0,0,0,0
"2560","97","1","09",0,0,0,0,0,0,0,0,0,0,0,0
"2560","97","1","11",0,0,0,0,0,0,0,0,0,0,0,0
"2560","97","2","samt",0,0,0,0,0,0,0,0,0,0,0,0
"2560","97","2","09",0,0,0,0,0,0,0,0,0,0,0,0
"2560","97","2","11",0,0,0,0,0,0,0,0,0,0,0,0
"2560","98","1","samt",0,0,0,0,0,0,0,0,0,0,0,0
"2560","98","1","09",0,0,0,0,0,0,0,0,0,0,0,0
"2560","98","1","11",0,0,0,0,0,0,0,0,0,0,0,0
"2560","98","2","samt",0,0,0,0,0,0,0,0,0,0,0,0
"2560","98","2","09",0,0,0,0,0,0,0,0,0,0,0,0
"2560","98","2","11",0,0,0,0,0,0,0,0,0,0,0,0
"2560","99","1","samt",0,0,0,0,0,0,0,0,0,0,0,0
"2560","99","1","09",0,0,0,0,0,0,0,0,0,0,0,0
"2560","99","1","11",0,0,0,0,0,0,0,0,0,0,0,0
"2560","99","2","samt",0,0,0,0,0,0,0,0,0,0,0,0
"2560","99","2","09",0,0,0,0,0,0,0,0,0,0,0,0
"2560","99","2","11",0,0,0,0,0,0,0,0,0,0,0,0
"2514","0","1","samt",0,0,0,0,0,0,0,0,0,0,0,0
"2514","0","1","09",0,0,0,0,0,0,0,0,0,0,0,0
"2514","0","1","11",0,0,0,0,0,0,0,0,0,0,0,0
"2514","0","2","samt",0,3,0,0,3,0,0,0,-3,-3,0,0
"2514","0","2","09",0,3,0,0,3,0,0,0,-3,-3,0,0
"2514","0","2","11",0,0,0,0,0,0,0,0,0,0,0,0
"2514","1","1","samt",7,0,0,6,0,0,0,0,7,0,6,0
"2514","1","1","09",7,0,0,6,0,0,0,0,7,0,6,0
"2514","1","1","11",0,0,0,0,0,0,0,0,0,0,0,0
"2514","1","2","samt",0,4,0,0,3,0,0,0,-4,-3,0,0
"2514","1","2","09",0,4,0,0,3,0,0,0,-4,-3,0,0
"2514","1","2","11",0,0,0,0,0,0,0,0,0,0,0,0
"2514","2","1","samt",0,5,0,0,0,0,0,0,-5,0,0,0
"2514","2","1","09",0,5,0,0,0,0,0,0,-5,0,0,0
"2514","2","1","11",0,0,0,0,0,0,0,0,0,0,0,0
"2514","2","2","samt",3,0,0,0,0,0,3,0,3,0,0,3
"2514","2","2","09",0,0,0,0,0,0,0,0,0,0,0,0
"2514","2","2","11",3,0,0,0,0,0,3,0,3,0,0,3
"2514","3","1","samt",3,6,0,0,3,0,3,0,-3,-3,0,3
"2514","3","1","09",0,6,0,0,3,0,0,0,-6,-3,0,0
"2514","3","1","11",3,0,0,0,0,0,3,0,3,0,0,3
"2514","3","2","samt",3,0,3,0,0,0,0,0,3,3,0,0
"2514","3","2","09",3,0,3,0,0,0,0,0,3,3,0,0
"2514","3","2","11",0,0,0,0,0,0,0,0,0,0,0,0
"2514","4","1","samt",3,0,4,0,0,0,0,0,3,4,0,0
"2514","4","1","09",4,0,4,0,0,0,0,0,4,4,0,0
"2514","4","1","11",0,0,0,0,0,0,0,0,0,0,0,0
"2514","4","2","samt",3,3,0,0,0,0,0,0,0,0,0,0
"2514","4","2","09",3,0,0,0,0,0,0,0,3,0,0,0
"2514","4","2","11",0,0,0,0,0,0,0,0,0,0,0,0
"2514","5","1","samt",3,0,0,0,0,0,3,3,3,0,0,0
"2514","5","1","09",0,0,0,0,0,0,0,0,0,0,0,0
"2514","5","1","11",3,3,0,0,0,0,3,3,0,0,0,0
"2514","5","2","samt",0,0,0,0,3,0,0,0,0,-3,0,0
"2514","5","2","09",0,0,0,0,3,0,0,0,0,-3,0,0
"2514","5","2","11",0,0,0,0,0,0,0,0,0,0,0,0
"2514","6","1","samt",4,0,3,3,0,3,0,0,4,3,0,0
"2514","6","1","09",4,0,3,3,0,3,0,0,4,3,0,0
"2514","6","1","11",0,0,0,0,0,0,0,0,0,0,0,0
"2514","6","2","samt",3,3,3,0,0,3,0,0,0,3,-3,0
"2514","6","2","09",3,3,3,0,0,3,0,0,0,3,-3,0
"2514","6","2","11",0,0,0,0,0,0,0,0,0,0,0,0
"2514","7","1","samt",3,3,3,0,3,0,0,0,0,0,0,0
"2514","7","1","09",3,3,3,0,3,0,0,0,0,0,0,0
"2514","7","1","11",0,0,0,0,0,0,0,0,0,0,0,0
"2514","7","2","samt",4,0,3,0,0,0,0,0,4,3,0,0
"2514","7","2","09",3,0,0,0,0,0,0,0,3,0,0,0
"2514","7","2","11",0,0,0,0,0,0,0,0,0,0,0,0
"2514","8","1","samt",4,4,4,0,3,0,0,0,0,1,0,0
"2514","8","1","09",4,3,4,0,3,0,0,0,1,1,0,0
"2514","8","1","11",0,0,0,0,0,0,0,0,0,0,0,0
"2514","8","2","samt",0,3,0,0,0,3,0,0,-3,0,-3,0
"2514","8","2","09",0,3,0,0,0,3,0,0,-3,0,-3,0
"2514","8","2","11",0,0,0,0,0,0,0,0,0,0,0,0
"2514","9","1","samt",3,0,3,0,0,0,0,0,3,3,0,0
"2514","9","1","09",3,0,3,0,0,0,0,0,3,3,0,0
"2514","9","1","11",0,0,0,0,0,0,0,0,0,0,0,0
"2514","9","2","samt",0,4,0,0,3,3,0,0,-4,-3,-3,0
"2514","9","2","09",0,3,0,0,0,3,0,0,-3,0,-3,0
"2514","9","2","11",0,3,0,0,3,0,0,0,-3,-3,0,0
"2514","10","1","samt",0,3,0,0,0,3,0,0,-3,0,-3,0
"2514","10","1","09",0,3,0,0,0,3,0,0,-3,0,-3,0
"2514","10","1","11",0,0,0,0,0,0,0,0,0,0,0,0
"2514","10","2","samt",3,5,0,0,3,0,3,0,-2,-3,0,3
"2514","10","2","09",0,5,0,0,3,0,0,0,-5,-3,0,0
"2514","10","2","11",3,0,0,0,0,0,3,0,3,0,0,3
"2514","11","1","samt",3,0,0,0,0,0,0,0,3,0,0,0
"2514","11","1","09",3,0,0,0,0,0,0,0,3,0,0,0
"2514","11","1","11",0,0,0,0,0,0,0,0,0,0,0,0
"2514","11","2","samt",4,0,3,0,0,0,0,0,4,3,0,0
"2514","11","2","09",4,0,3,0,0,0,0,0,4,3,0,0
"2514","11","2","11",0,0,0,0,0,0,0,0,0,0,0,0
"2514","12","1","samt",0,0,0,0,0,0,0,0,0,0,0,0
"2514","12","1","09",0,0,0,0,0,0,0,0,0,0,0,0
"2514","12","1","11",0,0,0,0,0,0,0,0,0,0,0,0
"2514","12","2","samt",0,4,0,0,3,3,0,0,-4,-3,-3,0
"2514","12","2","09",0,3,0,0,0,3,0,0,-3,0,-3,0
"2514","12","2","11",0,0,0,0,0,0,0,0,0,0,0,0
"2514","13","1","samt",3,3,0,0,3,0,0,0,0,-3,0,0
"2514","13","1","09",3,3,0,0,3,0,0,0,0,-3,0,0
"2514","13","1","11",0,0,0,0,0,0,0,0,0,0,0,0
"2514","13","2","samt",3,0,0,0,0,0,0,0,3,0,0,0
"2514","13","2","09",3,0,0,0,0,0,0,0,3,0,0,0
"2514","13","2","11",0,0,0,0,0,0,0,0,0,0,0,0
"2514","14","1","samt",3,0,0,0,0,0,3,0,3,0,0,3
"2514","14","1","09",0,0,0,0,0,0,0,0,0,0,0,0
"2514","14","1","11",3,0,0,0,0,0,3,0,3,0,0,3
"2514","14","2","samt",4,4,3,3,3,0,3,0,0,0,3,3
"2514","14","2","09",4,0,3,3,0,3,0,0,4,3,0,0
"2514","14","2","11",3,3,0,0,0,0,3,0,0,0,0,3
"2514","15","1","samt",0,3,0,0,3,0,0,0,-3,-3,0,0
"2514","15","1","09",0,0,0,0,0,0,0,0,0,0,0,0
"2514","15","1","11",0,3,0,0,3,0,0,0,-3,-3,0,0
"2514","15","2","samt",0,0,0,0,0,0,0,0,0,0,0,0
"2514","15","2","09",0,0,0,0,0,0,0,0,0,0,0,0
"2514","15","2","11",0,0,0,0,0,0,0,0,0,0,0,0
"2514","16","1","samt",0,3,0,0,0,3,0,0,-3,0,-3,0
"2514","16","1","09",0,3,0,0,0,3,0,0,-3,0,-3,0
"2514","16","1","11",0,0,0,0,0,0,0,0,0,0,0,0
"2514","16","2","samt",5,6,5,3,5,4,0,0,-1,0,-1,0
"2514","16","2","09",4,8,5,3,5,0,0,0,-4,0,3,0
"2514","16","2","11",0,0,0,0,0,0,0,0,0,0,0,0
"2514","17","1","samt",0,0,0,0,0,0,0,0,0,0,0,0
"2514","17","1","09",0,0,0,0,0,0,0,0,0,0,0,0
"2514","17","1","11",0,0,0,0,0,0,0,0,0,0,0,0
"2514","17","2","samt",0,0,0,0,0,0,0,0,0,0,0,0
"2514","17","2","09",0,0,0,0,0,0,0,0,0,0,0,0
"2514","17","2","11",0,0,0,0,0,0,0,0,0,0,0,0
"2514","18","1","samt",5,0,0,0,0,3,0,0,5,0,-3,0
"2514","18","1","09",0,0,0,0,0,0,0,0,0,0,0,0
"2514","18","1","11",0,3,0,0,0,3,0,0,-3,0,-3,0
"2514","18","2","samt",3,0,3,3,0,0,0,0,3,3,3,0
"2514","18","2","09",3,0,3,3,0,0,0,0,3,3,3,0
"2514","18","2","11",0,0,0,0,0,0,0,0,0,0,0,0
"2514","19","1","samt",6,3,4,5,3,0,0,0,3,1,5,0
"2514","19","1","09",5,3,4,0,0,0,0,0,2,4,0,0
"2514","19","1","11",0,3,0,0,3,0,0,0,-3,-3,0,0
"2514","19","2","samt",3,20,3,0,13,10,0,0,-17,-10,-10,0
"2514","19","2","09",3,19,3,0,13,9,0,0,-16,-10,-9,0
"2514","19","2","11",0,0,0,0,0,0,0,0,0,0,0,0
"2514","20","1","samt",13,11,8,7,8,4,0,3,2,0,3,-3
"2514","20","1","09",13,9,8,7,8,3,0,3,4,0,4,-3
"2514","20","1","11",0,0,0,0,0,0,0,0,0,0,0,0
"2514","20","2","samt",13,14,8,7,7,6,0,0,-1,1,1,0
"2514","20","2","09",8,10,5,4,4,8,0,0,-2,1,-4,0
"2514","20","2","11",3,0,3,5,3,0,0,0,3,0,5,0
"2514","21","1","samt",8,18,3,4,9,8,3,0,-10,-6,-4,3
"2514","21","1","09",4,15,4,4,10,3,0,0,-11,-6,1,0
"2514","21","1","11",3,6,0,3,0,0,3,0,-3,0,3,3
"2514","21","2","samt",12,16,8,3,10,7,0,0,-4,-2,-4,0
"2514","21","2","09",12,14,8,3,11,7,0,0,-2,-3,-4,0
"2514","21","2","11",3,0,0,3,0,0,0,0,3,0,3,0
"2514","22","1","samt",3,9,0,4,4,7,0,0,-6,-4,-3,0
"2514","22","1","09",3,9,0,4,0,7,0,0,-6,0,-3,0
"2514","22","1","11",0,0,0,0,0,0,0,0,0,0,0,0
"2514","22","2","samt",10,13,3,7,11,8,0,0,-3,-8,-1,0
"2514","22","2","09",8,14,3,4,10,8,0,0,-6,-7,-4,0
"2514","22","2","11",0,0,0,0,0,0,0,0,0,0,0,0
"2514","23","1","samt",7,9,3,6,3,6,0,0,-2,0,0,0
"2514","23","1","09",7,9,3,6,4,6,0,0,-2,-1,0,0
"2514","23","1","11",0,0,0,0,0,0,0,0,0,0,0,0
"2514","23","2","samt",11,10,7,4,4,4,0,3,1,3,0,-3
"2514","23","2","09",7,10,3,4,0,4,0,3,-3,3,0,-3
"2514","23","2","11",3,3,3,0,0,0,0,0,0,3,0,0
"2514","24","1","samt",8,12,4,3,3,4,0,0,-4,1,-1,0
"2514","24","1","09",4,9,3,0,3,0,0,0,-5,0,0,0
"2514","24","1","11",4,0,3,0,0,0,0,0,4,3,0,0
"2514","24","2","samt",5,6,0,3,4,5,0,3,-1,-4,-2,-3
"2514","24","2","09",7,6,0,3,3,3,0,0,1,-3,0,0
"2514","24","2","11",0,3,0,0,0,3,0,3,-3,0,-3,-3
"2514","25","1","samt",13,6,6,6,6,6,0,0,7,0,0,0
"2514","25","1","09",13,6,6,4,6,6,0,0,7,0,-2,0
"2514","25","1","11",4,0,3,0,0,0,0,0,4,3,0,0
"2514","25","2","samt",20,13,6,9,12,3,3,0,7,-6,6,3
"2514","25","2","09",13,14,5,8,12,3,0,0,-1,-7,5,0
"2514","25","2","11",4,0,0,4,0,0,3,0,4,0,4,3
"2514","26","1","samt",10,20,4,4,13,4,0,4,-10,-9,0,-4
"2514","26","1","09",9,9,8,3,7,3,0,0,0,1,0,0
"2514","26","1","11",5,8,3,3,3,0,0,3,-3,0,3,-3
"2514","26","2","samt",9,5,4,0,3,6,3,0,4,1,-6,3
"2514","26","2","09",4,6,4,0,3,6,0,0,-2,1,-6,0
"2514","26","2","11",4,0,0,0,0,0,3,0,4,0,0,3
"2514","27","1","samt",10,13,4,7,7,4,0,3,-3,-3,3,-3
"2514","27","1","09",7,10,3,5,4,4,0,3,-3,-1,1,-3
"2514","27","1","11",0,3,0,0,4,0,0,0,-3,-4,0,0
"2514","27","2","samt",3,3,5,0,3,0,0,0,0,2,0,0
"2514","27","2","09",5,3,5,0,3,0,0,0,2,2,0,0
"2514","27","2","11",0,0,0,0,0,0,0,0,0,0,0,0
"2514","28","1","samt",4,5,4,3,0,3,0,0,-1,4,0,0
"2514","28","1","09",4,5,4,3,0,3,0,0,-1,4,0,0
"2514","28","1","11",0,0,0,0,0,0,0,0,0,0,0,0
"2514","28","2","samt",8,6,0,8,3,3,0,0,2,-3,5,0
"2514","28","2","09",7,4,0,3,0,4,0,0,3,0,-1,0
"2514","28","2","11",0,3,0,0,3,0,0,0,-3,-3,0,0
"2514","29","1","samt",7,6,3,3,3,0,3,3,1,0,3,0
"2514","29","1","09",5,3,0,3,3,0,0,0,2,-3,3,0
"2514","29","1","11",3,3,0,0,3,0,3,3,0,-3,0,0
"2514","29","2","samt",5,7,0,3,3,4,3,0,-2,-3,-1,3
"2514","29","2","09",3,4,0,3,3,0,0,0,-1,-3,3,0
"2514","29","2","11",3,3,3,0,0,3,3,0,0,3,-3,3
"2514","30","1","samt",6,7,3,6,3,4,0,0,-1,0,2,0
"2514","30","1","09",5,8,3,3,0,3,0,0,-3,3,0,0
"2514","30","1","11",0,3,0,0,0,0,0,0,-3,0,0,0
"2514","30","2","samt",8,11,3,3,5,3,0,0,-3,-2,0,0
"2514","30","2","09",6,7,3,3,3,3,0,0,-1,0,0,0
"2514","30","2","11",0,0,0,0,0,0,0,0,0,0,0,0
"2514","31","1","samt",7,10,0,4,3,4,3,3,-3,-3,0,0
"2514","31","1","09",3,6,3,0,3,0,0,0,-3,0,0,0
"2514","31","1","11",4,3,0,4,0,0,3,3,1,0,4,0
"2514","31","2","samt",6,7,3,0,8,0,3,0,-1,-5,0,3
"2514","31","2","09",3,5,3,0,5,0,0,0,-2,-2,0,0
"2514","31","2","11",3,3,0,0,3,0,3,0,0,-3,0,3
"2514","32","1","samt",8,7,3,3,0,3,0,5,1,3,0,-5
"2514","32","1","09",3,5,3,3,3,3,0,3,-2,0,0,-3
"2514","32","1","11",3,3,0,3,0,0,0,0,0,0,3,0
"2514","32","2","samt",4,4,0,3,3,0,0,3,0,-3,3,-3
"2514","32","2","09",3,3,3,0,3,0,0,0,0,0,0,0
"2514","32","2","11",4,3,3,3,0,0,0,3,1,3,3,-3
"2514","33","1","samt",5,10,4,3,9,3,0,0,-5,-5,0,0
"2514","33","1","09",0,3,3,0,0,3,0,0,-3,3,-3,0
"2514","33","1","11",0,3,0,0,3,0,0,0,-3,-3,0,0
"2514","33","2","samt",6,3,0,0,0,3,3,0,3,0,-3,3
"2514","33","2","09",3,3,0,0,0,3,0,0,0,0,-3,0
"2514","33","2","11",3,3,0,0,0,3,3,0,0,0,-3,3
"2514","34","1","samt",11,5,6,5,5,0,0,0,6,1,5,0
"2514","34","1","09",9,0,3,4,0,0,0,0,9,3,4,0
"2514","34","1","11",3,0,0,3,0,0,0,0,3,0,3,0
"2514","34","2","samt",9,4,3,4,0,3,3,3,5,3,1,0
"2514","34","2","09",5,4,3,3,0,3,3,3,1,3,0,0
"2514","34","2","11",3,0,0,5,0,0,0,0,3,0,5,0
"2514","35","1","samt",7,5,3,3,0,3,3,0,2,3,0,3
"2514","35","1","09",0,3,0,3,0,3,0,0,-3,0,0,0
"2514","35","1","11",4,3,0,0,3,0,3,0,1,-3,0,3
"2514","35","2","samt",4,6,0,0,5,0,0,0,-2,-5,0,0
"2514","35","2","09",0,5,0,0,0,0,0,0,-5,0,0,0
"2514","35","2","11",0,3,0,0,3,0,0,0,-3,-3,0,0
"2514","36","1","samt",8,9,0,0,4,3,4,3,-1,-4,-3,1
"2514","36","1","09",0,3,3,0,3,0,0,0,-3,0,0,0
"2514","36","1","11",3,3,0,0,3,3,4,3,0,-3,-3,1
"2514","36","2","samt",3,3,3,3,0,0,0,3,0,3,3,-3
"2514","36","2","09",3,3,3,3,0,0,0,3,0,3,3,-3
"2514","36","2","11",0,0,0,0,0,0,0,0,0,0,0,0
"2514","37","1","samt",5,4,0,3,4,3,0,0,1,-4,0,0
"2514","37","1","09",3,3,0,3,3,0,0,0,0,-3,3,0
"2514","37","1","11",0,3,0,0,0,3,0,0,-3,0,-3,0
"2514","37","2","samt",0,0,0,0,0,0,0,0,0,0,0,0
"2514","37","2","09",0,0,0,0,0,0,0,0,0,0,0,0
"2514","37","2","11",0,0,0,0,0,0,0,0,0,0,0,0
"2514","38","1","samt",9,9,3,5,3,3,0,0,0,0,2,0
"2514","38","1","09",7,6,0,5,4,4,0,0,1,-4,1,0
"2514","38","1","11",0,3,0,0,0,0,0,0,-3,0,0,0
"2514","38","2","samt",4,4,3,0,3,0,0,3,0,0,0,-3
"2514","38","2","09",4,4,3,0,3,0,0,3,0,0,0,-3
"2514","38","2","11",0,0,0,0,0,0,0,0,0,0,0,0
"2514","39","1","samt",7,7,5,3,0,5,0,0,0,5,-2,0
"2514","39","1","09",3,0,0,0,0,3,0,0,3,0,-3,0
"2514","39","1","11",4,3,0,3,0,3,0,0,1,0,0,0
"2514","39","2","samt",3,10,0,4,3,3,0,0,-7,-3,1,0
"2514","39","2","09",4,4,0,4,3,3,0,0,0,-3,1,0
"2514","39","2","11",0,3,0,0,0,3,0,0,-3,0,-3,0
"2514","40","1","samt",9,4,4,0,3,0,4,0,5,1,0,4
"2514","40","1","09",4,3,4,0,3,0,0,0,1,1,0,0
"2514","40","1","11",0,0,0,0,0,0,4,0,0,0,0,4
"2514","40","2","samt",5,3,0,3,3,3,0,0,2,-3,0,0
"2514","40","2","09",3,3,0,3,3,3,0,0,0,-3,0,0
"2514","40","2","11",3,0,0,3,0,0,0,0,3,0,3,0
"2514","41","1","samt",3,3,3,0,3,0,0,3,0,0,0,-3
"2514","41","1","09",3,3,3,0,3,0,0,3,0,0,0,-3
"2514","41","1","11",0,0,0,0,0,0,0,0,0,0,0,0
"2514","41","2","samt",7,3,0,0,0,0,0,0,4,0,0,0
"2514","41","2","09",7,0,0,0,0,0,0,0,7,0,0,0
"2514","41","2","11",0,0,0,0,0,0,0,0,0,0,0,0
"2514","42","1","samt",0,0,0,0,0,0,0,0,0,0,0,0
"2514","42","1","09",0,0,0,0,0,0,0,0,0,0,0,0
"2514","42","1","11",0,0,0,0,0,0,0,0,0,0,0,0
"2514","42","2","samt",3,3,3,0,3,0,0,0,0,0,0,0
"2514","42","2","09",3,3,3,0,3,0,0,0,0,0,0,0
"2514","42","2","11",0,0,0,0,0,0,0,0,0,0,0,0
"2514","43","1","samt",3,0,0,0,0,0,0,0,3,0,0,0
"2514","43","1","09",0,0,0,0,0,0,0,0,0,0,0,0
"2514","43","1","11",0,0,0,0,0,0,0,0,0,0,0,0
"2514","43","2","samt",5,3,0,0,0,3,0,0,2,0,-3,0
"2514","43","2","09",0,0,0,0,0,0,0,0,0,0,0,0
"2514","43","2","11",0,3,0,0,0,3,0,0,-3,0,-3,0
"2514","44","1","samt",8,5,3,4,3,5,0,0,3,0,-1,0
"2514","44","1","09",4,3,3,0,3,0,0,0,1,0,0,0
"2514","44","1","11",3,3,0,3,0,5,0,0,0,0,-2,0
"2514","44","2","samt",3,3,0,3,0,3,0,0,0,0,0,0
"2514","44","2","09",0,0,0,0,0,0,0,0,0,0,0,0
"2514","44","2","11",3,0,0,3,0,0,0,0,3,0,3,0
"2514","45","1","samt",0,7,0,0,3,3,0,0,-7,-3,-3,0
"2514","45","1","09",0,3,0,0,3,0,0,0,-3,-3,0,0
"2514","45","1","11",0,3,0,0,0,3,0,4,-3,0,-3,-4
"2514","45","2","samt",0,0,0,0,0,0,0,0,0,0,0,0
"2514","45","2","09",0,0,0,0,0,0,0,0,0,0,0,0
"2514","45","2","11",0,0,0,0,0,0,0,0,0,0,0,0
"2514","46","1","samt",4,4,0,3,0,0,0,0,0,0,3,0
"2514","46","1","09",5,0,0,3,0,0,0,0,5,0,3,0
"2514","46","1","11",3,4,0,0,0,0,0,0,-1,0,0,0
"2514","46","2","samt",3,4,3,3,0,0,0,0,-1,3,3,0
"2514","46","2","09",3,4,3,3,0,0,0,0,-1,3,3,0
"2514","46","2","11",0,0,0,0,0,0,0,0,0,0,0,0
"2514","47","1","samt",4,3,3,3,3,0,0,0,1,0,3,0
"2514","47","1","09",3,3,3,0,3,0,0,0,0,0,0,0
"2514","47","1","11",3,0,0,3,0,0,0,0,3,0,3,0
"2514","47","2","samt",4,3,0,0,0,3,0,0,1,0,-3,0
"2514","47","2","09",4,3,0,0,0,3,0,0,1,0,-3,0
"2514","47","2","11",0,0,0,0,0,0,0,0,0,0,0,0
"2514","48","1","samt",3,3,3,0,3,0,3,0,0,0,0,3
"2514","48","1","09",3,0,3,0,0,0,0,0,3,3,0,0
"2514","48","1","11",3,0,0,0,0,0,3,0,3,0,0,3
"2514","48","2","samt",3,3,0,0,0,3,0,0,0,0,-3,0
"2514","48","2","09",0,0,0,0,0,0,0,0,0,0,0,0
"2514","48","2","11",0,3,0,0,0,3,0,0,-3,0,-3,0
"2514","49","1","samt",5,4,3,3,3,0,3,0,1,0,3,3
"2514","49","1","09",3,4,3,3,3,0,0,0,-1,0,3,0
"2514","49","1","11",3,0,0,0,0,0,3,0,3,0,0,3
"2514","49","2","samt",3,4,0,3,0,0,3,4,-1,0,3,-1
"2514","49","2","09",3,0,0,3,0,0,0,0,3,0,3,0
"2514","49","2","11",3,4,0,0,0,0,3,4,-1,0,0,-1
"2514","50","1","samt",4,0,3,0,0,0,0,0,4,3,0,0
"2514","50","1","09",0,0,0,0,0,0,0,0,0,0,0,0
"2514","50","1","11",4,0,3,0,0,0,0,0,4,3,0,0
"2514","50","2","samt",0,3,0,0,0,0,0,3,-3,0,0,-3
"2514","50","2","09",0,3,0,0,3,0,0,0,-3,-3,0,0
"2514","50","2","11",0,0,0,0,0,0,0,3,0,0,0,-3
"2514","51","1","samt",4,0,0,3,0,0,0,0,4,0,3,0
"2514","51","1","09",4,0,0,3,0,0,0,0,4,0,3,0
"2514","51","1","11",0,0,0,0,0,0,0,0,0,0,0,0
"2514","51","2","samt",3,0,0,0,3,0,0,0,3,-3,0,0
"2514","51","2","09",3,0,0,0,0,0,0,0,3,0,0,0
"2514","51","2","11",0,3,0,0,3,0,0,0,-3,-3,0,0
"2514","52","1","samt",0,0,0,0,0,0,0,0,0,0,0,0
"2514","52","1","09",0,0,0,0,0,0,0,0,0,0,0,0
"2514","52","1","11",0,0,0,0,0,0,0,0,0,0,0,0
"2514","52","2","samt",5,3,4,0,3,0,0,0,2,1,0,0
"2514","52","2","09",3,0,3,0,0,0,0,0,3,3,0,0
"2514","52","2","11",3,0,0,0,0,0,0,0,3,0,0,0
"2514","53","1","samt",3,3,0,0,3,0,3,0,0,-3,0,3
"2514","53","1","09",0,3,0,0,3,0,0,0,-3,-3,0,0
"2514","53","1","11",3,0,0,0,0,0,3,0,3,0,0,3
"2514","53","2","samt",0,4,0,0,4,0,0,0,-4,-4,0,0
"2514","53","2","09",0,4,0,0,4,0,0,0,-4,-4,0,0
"2514","53","2","11",0,0,0,0,0,0,0,0,0,0,0,0
"2514","54","1","samt",4,0,4,0,0,0,0,0,4,4,0,0
"2514","54","1","09",4,0,4,0,0,0,0,0,4,4,0,0
"2514","54","1","11",0,0,0,0,0,0,0,0,0,0,0,0
"2514","54","2","samt",6,0,3,0,0,0,3,0,6,3,0,3
"2514","54","2","09",3,0,3,0,0,0,0,0,3,3,0,0
"2514","54","2","11",3,0,0,0,0,0,3,0,3,0,0,3
"2514","55","1","samt",3,3,3,0,3,0,0,0,0,0,0,0
"2514","55","1","09",3,3,3,0,3,0,0,0,0,0,0,0
"2514","55","1","11",0,0,0,0,0,0,0,0,0,0,0,0
"2514","55","2","samt",5,0,0,3,0,0,0,0,5,0,3,0
"2514","55","2","09",0,0,0,3,0,0,0,0,0,0,3,0
"2514","55","2","11",0,0,0,0,0,0,0,0,0,0,0,0
"2514","56","1","samt",4,0,0,0,0,3,0,0,4,0,-3,0
"2514","56","1","09",0,0,0,0,0,3,0,0,0,0,-3,0
"2514","56","1","11",3,0,0,0,0,0,0,0,3,0,0,0
"2514","56","2","samt",0,4,0,0,3,0,0,0,-4,-3,0,0
"2514","56","2","09",0,5,0,0,3,0,0,0,-5,-3,0,0
"2514","56","2","11",0,0,0,0,0,0,0,0,0,0,0,0
"2514","57","1","samt",0,3,3,0,0,0,3,0,-3,3,0,3
"2514","57","1","09",3,3,3,0,0,0,0,0,0,3,0,0
"2514","57","1","11",3,0,0,0,0,0,3,0,3,0,0,3
"2514","57","2","samt",4,3,4,0,5,0,0,0,1,-1,0,0
"2514","57","2","09",4,0,4,0,0,0,0,0,4,4,0,0
"2514","57","2","11",0,3,0,0,0,0,0,0,-3,0,0,0
"2514","58","1","samt",5,5,0,3,3,0,0,0,0,-3,3,0
"2514","58","1","09",3,3,0,3,3,0,0,0,0,-3,3,0
"2514","58","1","11",0,0,0,0,0,0,0,0,0,0,0,0
"2514","58","2","samt",3,0,0,3,3,3,0,0,3,-3,0,0
"2514","58","2","09",3,0,0,3,0,0,0,0,3,0,3,0
"2514","58","2","11",0,3,0,0,3,0,0,0,-3,-3,0,0
"2514","59","1","samt",0,0,0,0,0,0,0,0,0,0,0,0
"2514","59","1","09",0,0,0,0,0,0,0,0,0,0,0,0
"2514","59","1","11",0,0,0,0,0,0,0,0,0,0,0,0
"2514","59","2","samt",0,4,0,3,0,4,3,0,-4,0,-1,3
"2514","59","2","09",3,4,0,3,0,4,0,0,-1,0,-1,0
"2514","59","2","11",3,0,0,0,0,0,3,0,3,0,0,3
"2514","60","1","samt",0,3,3,0,3,0,0,0,-3,0,0,0
"2514","60","1","09",3,0,3,0,0,0,0,0,3,3,0,0
"2514","60","1","11",0,3,0,0,3,0,0,0,-3,-3,0,0
"2514","60","2","samt",3,4,3,0,4,0,3,0,-1,-1,0,3
"2514","60","2","09",3,4,3,0,4,0,0,0,-1,-1,0,0
"2514","60","2","11",3,0,0,0,0,0,3,0,3,0,0,3
"2514","61","1","samt",4,3,5,3,0,3,0,0,1,5,0,0
"2514","61","1","09",5,3,5,0,0,3,0,0,2,5,-3,0
"2514","61","1","11",3,0,0,3,0,0,0,0,3,0,3,0
"2514","61","2","samt",0,3,0,3,0,0,0,0,-3,0,3,0
"2514","61","2","09",0,0,0,0,0,0,0,0,0,0,0,0
"2514","61","2","11",3,0,0,3,0,0,0,0,3,0,3,0
"2514","62","1","samt",0,0,3,0,0,0,0,0,0,3,0,0
"2514","62","1","09",0,0,3,0,0,0,0,0,0,3,0,0
"2514","62","1","11",0,0,0,0,0,0,0,0,0,0,0,0
"2514","62","2","samt",5,4,6,0,0,0,0,0,1,6,0,0
"2514","62","2","09",4,0,3,0,0,0,0,0,4,3,0,0
"2514","62","2","11",0,3,0,0,0,0,0,0,-3,0,0,0
"2514","63","1","samt",4,0,0,3,0,0,0,0,4,0,3,0
"2514","63","1","09",3,0,0,0,0,0,0,0,3,0,0,0
"2514","63","1","11",0,0,0,0,0,0,0,0,0,0,0,0
"2514","63","2","samt",5,0,3,0,0,0,0,0,5,3,0,0
"2514","63","2","09",4,0,3,0,0,0,0,0,4,3,0,0
"2514","63","2","11",0,0,0,0,0,0,0,0,0,0,0,0
"2514","64","1","samt",5,3,3,3,0,3,0,0,2,3,0,0
"2514","64","1","09",3,0,3,0,0,0,0,0,3,3,0,0
"2514","64","1","11",3,3,0,3,0,3,0,0,0,0,0,0
"2514","64","2","samt",4,3,3,4,3,0,0,0,1,0,4,0
"2514","64","2","09",4,3,3,4,3,0,0,0,1,0,4,0
"2514","64","2","11",0,0,0,0,0,0,0,0,0,0,0,0
"2514","65","1","samt",5,0,0,3,0,0,0,0,5,0,3,0
"2514","65","1","09",5,0,0,3,0,0,0,0,5,0,3,0
"2514","65","1","11",0,0,0,0,0,0,0,0,0,0,0,0
"2514","65","2","samt",5,3,4,0,0,3,0,0,2,4,-3,0
"2514","65","2","09",3,3,3,0,0,3,0,0,0,3,-3,0
"2514","65","2","11",4,0,3,0,0,0,0,0,4,3,0,0
"2514","66","1","samt",3,0,0,3,0,0,0,0,3,0,3,0
"2514","66","1","09",3,0,0,3,0,0,0,0,3,0,3,0
"2514","66","1","11",0,0,0,0,0,0,0,0,0,0,0,0
"2514","66","2","samt",3,3,3,0,3,0,0,0,0,0,0,0
"2514","66","2","09",3,3,3,0,3,0,0,0,0,0,0,0
"2514","66","2","11",0,0,0,0,0,0,0,0,0,0,0,0
"2514","67","1","samt",3,5,0,3,6,3,0,0,-2,-6,0,0
"2514","67","1","09",3,5,0,3,3,3,0,0,-2,-3,0,0
"2514","67","1","11",0,0,0,0,0,0,0,0,0,0,0,0
"2514","67","2","samt",0,3,0,0,0,0,0,0,-3,0,0,0
"2514","67","2","09",0,3,0,0,0,0,0,0,-3,0,0,0
"2514","67","2","11",0,0,0,0,0,0,0,0,0,0,0,0
"2514","68","1","samt",3,3,3,0,3,0,0,0,0,0,0,0
"2514","68","1","09",3,3,3,0,3,0,0,0,0,0,0,0
"2514","68","1","11",0,0,0,0,0,0,0,0,0,0,0,0
"2514","68","2","samt",3,4,0,3,3,3,0,0,-1,-3,0,0
"2514","68","2","09",3,4,0,3,3,3,0,0,-1,-3,0,0
"2514","68","2","11",0,0,0,0,0,0,0,0,0,0,0,0
"2514","69","1","samt",3,0,3,0,0,0,0,0,3,3,0,0
"2514","69","1","09",0,0,0,0,0,0,0,0,0,0,0,0
"2514","69","1","11",0,0,3,0,0,0,0,0,0,3,0,0
"2514","69","2","samt",0,3,0,0,3,3,0,0,-3,-3,-3,0
"2514","69","2","09",0,3,0,0,0,0,0,0,-3,0,0,0
"2514","69","2","11",0,3,0,0,0,0,0,0,-3,0,0,0
"2514","70","1","samt",0,0,0,0,0,0,0,0,0,0,0,0
"2514","70","1","09",0,0,0,0,0,0,0,0,0,0,0,0
"2514","70","1","11",0,0,0,0,0,0,0,0,0,0,0,0
"2514","70","2","samt",0,0,0,0,0,0,0,0,0,0,0,0
"2514","70","2","09",0,0,0,0,0,0,0,0,0,0,0,0
"2514","70","2","11",0,0,0,0,0,0,0,0,0,0,0,0
"2514","71","1","samt",3,3,0,0,0,3,3,0,0,0,-3,3
"2514","71","1","09",3,3,0,0,0,3,3,0,0,0,-3,3
"2514","71","1","11",0,0,0,0,0,0,0,0,0,0,0,0
"2514","71","2","samt",3,3,0,3,3,0,0,4,0,-3,3,-4
"2514","71","2","09",0,3,0,0,3,0,0,0,-3,-3,0,0
"2514","71","2","11",3,4,0,3,0,0,0,4,-1,0,3,-4
"2514","72","1","samt",0,0,0,0,0,0,0,0,0,0,0,0
"2514","72","1","09",0,0,0,0,0,0,0,0,0,0,0,0
"2514","72","1","11",0,0,0,0,0,0,0,0,0,0,0,0
"2514","72","2","samt",0,3,0,0,0,0,0,0,-3,0,0,0
"2514","72","2","09",0,3,0,0,0,0,0,0,-3,0,0,0
"2514","72","2","11",0,0,0,0,0,0,0,0,0,0,0,0
"2514","73","1","samt",0,4,0,0,3,0,0,0,-4,-3,0,0
"2514","73","1","09",0,3,0,0,3,0,0,0,-3,-3,0,0
"2514","73","1","11",0,0,0,0,0,0,0,0,0,0,0,0
"2514","73","2","samt",0,6,0,0,4,0,0,0,-6,-4,0,0
"2514","73","2","09",0,3,0,0,3,0,0,0,-3,-3,0,0
"2514","73","2","11",0,0,0,0,0,0,0,0,0,0,0,0
"2514","74","1","samt",0,3,0,0,0,0,0,0,-3,0,0,0
"2514","74","1","09",0,3,0,0,0,0,0,0,-3,0,0,0
"2514","74","1","11",0,0,0,0,0,0,0,0,0,0,0,0
"2514","74","2","samt",0,0,0,0,0,0,0,0,0,0,0,0
"2514","74","2","09",0,0,0,0,0,0,0,0,0,0,0,0
"2514","74","2","11",0,0,0,0,0,0,0,0,0,0,0,0
"2514","75","1","samt",3,0,0,0,0,0,0,0,3,0,0,0
"2514","75","1","09",3,0,0,0,0,0,0,0,3,0,0,0
"2514","75","1","11",0,0,0,0,0,0,0,0,0,0,0,0
"2514","75","2","samt",3,0,0,3,0,0,0,0,3,0,3,0
"2514","75","2","09",3,0,0,3,0,0,0,0,3,0,3,0
"2514","75","2","11",0,0,0,0,0,0,0,0,0,0,0,0
"2514","76","1","samt",0,0,0,0,0,0,0,0,0,0,0,0
"2514","76","1","09",0,0,0,0,0,0,0,0,0,0,0,0
"2514","76","1","11",0,0,0,0,0,0,0,0,0,0,0,0
"2514","76","2","samt",5,0,3,0,0,0,3,0,5,3,0,3
"2514","76","2","09",3,0,3,0,0,0,0,0,3,3,0,0
"2514","76","2","11",3,3,0,0,3,0,3,0,0,-3,0,3
"2514","77","1","samt",3,3,3,0,0,3,0,0,0,3,-3,0
"2514","77","1","09",3,0,3,0,0,0,0,0,3,3,0,0
"2514","77","1","11",0,0,0,0,0,0,0,0,0,0,0,0
"2514","77","2","samt",0,3,0,0,0,3,0,0,-3,0,-3,0
"2514","77","2","09",0,3,0,0,0,3,0,0,-3,0,-3,0
"2514","77","2","11",0,0,0,0,0,0,0,0,0,0,0,0
"2514","78","1","samt",0,0,0,0,0,0,0,0,0,0,0,0
"2514","78","1","09",0,0,0,0,0,0,0,0,0,0,0,0
"2514","78","1","11",0,0,0,0,0,0,0,0,0,0,0,0
"2514","78","2","samt",0,0,0,0,0,3,0,0,0,0,-3,0
"2514","78","2","09",0,0,0,0,0,0,0,0,0,0,0,0
"2514","78","2","11",0,3,0,0,0,3,0,0,-3,0,-3,0
"2514","79","1","samt",0,6,0,0,0,0,0,0,-6,0,0,0
"2514","79","1","09",0,4,0,0,0,0,0,0,-4,0,0,0
"2514","79","1","11",0,0,0,0,0,0,0,0,0,0,0,0
"2514","79","2","samt",4,3,4,0,3,0,0,0,1,1,0,0
"2514","79","2","09",3,3,3,0,3,0,0,0,0,0,0,0
"2514","79","2","11",0,0,0,0,0,0,0,0,0,0,0,0
"2514","80","1","samt",0,0,0,0,0,0,0,0,0,0,0,0
"2514","80","1","09",0,0,0,0,0,0,0,0,0,0,0,0
"2514","80","1","11",0,0,0,0,0,0,0,0,0,0,0,0
"2514","80","2","samt",0,3,0,0,0,0,0,0,-3,0,0,0
"2514","80","2","09",0,0,0,0,0,0,0,0,0,0,0,0
"2514","80","2","11",0,0,0,0,0,0,0,0,0,0,0,0
"2514","81","1","samt",0,0,0,0,0,0,0,0,0,0,0,0
"2514","81","1","09",0,0,0,0,0,0,0,0,0,0,0,0
"2514","81","1","11",0,0,0,0,0,0,0,0,0,0,0,0
"2514","81","2","samt",0,0,0,0,0,0,0,0,0,0,0,0
"2514","81","2","09",0,0,0,0,0,0,0,0,0,0,0,0
"2514","81","2","11",0,0,0,0,0,0,0,0,0,0,0,0
"2514","82","1","samt",0,0,0,0,0,0,0,0,0,0,0,0
"2514","82","1","09",0,0,0,0,0,0,0,0,0,0,0,0
"2514","82","1","11",0,0,0,0,0,0,0,0,0,0,0,0
"2514","82","2","samt",0,3,0,0,3,0,0,0,-3,-3,0,0
"2514","82","2","09",0,0,0,0,0,0,0,0,0,0,0,0
"2514","82","2","11",0,3,0,0,3,0,0,0,-3,-3,0,0
"2514","83","1","samt",0,0,0,0,0,0,0,0,0,0,0,0
"2514","83","1","09",0,0,0,0,0,0,0,0,0,0,0,0
"2514","83","1","11",0,0,0,0,0,0,0,0,0,0,0,0
"2514","83","2","samt",0,0,0,0,0,0,0,0,0,0,0,0
"2514","83","2","09",3,0,3,0,0,0,0,0,3,3,0,0
"2514","83","2","11",0,0,0,0,0,0,0,0,0,0,0,0
"2514","84","1","samt",3,0,3,0,0,0,0,0,3,3,0,0
"2514","84","1","09",3,0,3,0,0,0,0,0,3,3,0,0
"2514","84","1","11",0,0,0,0,0,0,0,0,0,0,0,0
"2514","84","2","samt",0,0,0,0,0,0,0,0,0,0,0,0
"2514","84","2","09",0,0,0,0,0,0,0,0,0,0,0,0
"2514","84","2","11",0,0,0,0,0,0,0,0,0,0,0,0
"2514","85","1","samt",0,3,0,0,3,0,0,0,-3,-3,0,0
"2514","85","1","09",0,3,0,0,3,0,0,0,-3,-3,0,0
"2514","85","1","11",0,0,0,0,0,0,0,0,0,0,0,0
"2514","85","2","samt",3,6,0,3,3,0,0,0,-3,-3,3,0
"2514","85","2","09",0,6,0,0,3,0,0,0,-6,-3,0,0
"2514","85","2","11",3,0,0,3,0,0,0,0,3,0,3,0
"2514","86","1","samt",0,0,0,0,0,0,0,0,0,0,0,0
"2514","86","1","09",0,0,0,0,0,0,0,0,0,0,0,0
"2514","86","1","11",0,0,0,0,0,0,0,0,0,0,0,0
"2514","86","2","samt",0,0,0,0,0,0,0,0,0,0,0,0
"2514","86","2","09",0,0,0,0,0,0,0,0,0,0,0,0
"2514","86","2","11",0,0,0,0,0,0,0,0,0,0,0,0
"2514","87","1","samt",0,0,0,0,0,0,0,0,0,0,0,0
"2514","87","1","09",0,0,0,0,0,0,0,0,0,0,0,0
"2514","87","1","11",0,0,0,0,0,0,0,0,0,0,0,0
"2514","87","2","samt",3,0,3,0,0,0,0,0,3,3,0,0
"2514","87","2","09",3,0,3,0,0,0,0,0,3,3,0,0
"2514","87","2","11",0,0,0,0,0,0,0,0,0,0,0,0
"2514","88","1","samt",0,0,0,0,0,0,0,0,0,0,0,0
"2514","88","1","09",0,0,0,0,0,0,0,0,0,0,0,0
"2514","88","1","11",0,0,0,0,0,0,0,0,0,0,0,0
"2514","88","2","samt",0,3,0,0,0,0,0,0,-3,0,0,0
"2514","88","2","09",0,3,0,0,0,0,0,0,-3,0,0,0
"2514","88","2","11",0,0,0,0,0,0,0,0,0,0,0,0
"2514","89","1","samt",0,0,0,0,0,0,0,0,0,0,0,0
"2514","89","1","09",0,0,0,0,0,0,0,0,0,0,0,0
"2514","89","1","11",0,0,0,0,0,0,0,0,0,0,0,0
"2514","89","2","samt",0,0,0,0,0,0,0,0,0,0,0,0
"2514","89","2","09",0,0,0,0,0,0,0,0,0,0,0,0
"2514","89","2","11",0,0,0,0,0,0,0,0,0,0,0,0
"2514","90","1","samt",0,0,0,0,0,0,0,0,0,0,0,0
"2514","90","1","09",0,0,0,0,0,0,0,0,0,0,0,0
"2514","90","1","11",0,0,0,0,0,0,0,0,0,0,0,0
"2514","90","2","samt",0,0,0,0,0,0,0,0,0,0,0,0
"2514","90","2","09",0,0,0,0,0,0,0,0,0,0,0,0
"2514","90","2","11",0,0,0,0,0,0,0,0,0,0,0,0
"2514","91","1","samt",0,0,0,0,0,0,0,0,0,0,0,0
"2514","91","1","09",0,0,0,0,0,0,0,0,0,0,0,0
"2514","91","1","11",0,0,0,0,0,0,0,0,0,0,0,0
"2514","91","2","samt",0,0,0,0,0,0,0,0,0,0,0,0
"2514","91","2","09",0,0,0,0,0,0,0,0,0,0,0,0
"2514","91","2","11",0,0,0,0,0,0,0,0,0,0,0,0
"2514","92","1","samt",0,0,0,0,0,0,0,0,0,0,0,0
"2514","92","1","09",0,0,0,0,0,0,0,0,0,0,0,0
"2514","92","1","11",0,0,0,0,0,0,0,0,0,0,0,0
"2514","92","2","samt",0,0,0,0,0,0,0,0,0,0,0,0
"2514","92","2","09",0,0,0,0,0,0,0,0,0,0,0,0
"2514","92","2","11",0,0,0,0,0,0,0,0,0,0,0,0
"2514","93","1","samt",0,0,0,0,0,0,0,0,0,0,0,0
"2514","93","1","09",0,0,0,0,0,0,0,0,0,0,0,0
"2514","93","1","11",0,0,0,0,0,0,0,0,0,0,0,0
"2514","93","2","samt",0,0,0,0,0,0,0,0,0,0,0,0
"2514","93","2","09",0,0,0,0,0,0,0,0,0,0,0,0
"2514","93","2","11",0,0,0,0,0,0,0,0,0,0,0,0
"2514","94","1","samt",0,0,0,0,0,0,0,0,0,0,0,0
"2514","94","1","09",0,0,0,0,0,0,0,0,0,0,0,0
"2514","94","1","11",0,0,0,0,0,0,0,0,0,0,0,0
"2514","94","2","samt",0,0,0,0,0,0,0,0,0,0,0,0
"2514","94","2","09",0,0,0,0,0,0,0,0,0,0,0,0
"2514","94","2","11",0,0,0,0,0,0,0,0,0,0,0,0
"2514","95","1","samt",0,0,0,0,0,0,0,0,0,0,0,0
"2514","95","1","09",0,0,0,0,0,0,0,0,0,0,0,0
"2514","95","1","11",0,0,0,0,0,0,0,0,0,0,0,0
"2514","95","2","samt",0,0,0,0,0,0,0,0,0,0,0,0
"2514","95","2","09",0,0,0,0,0,0,0,0,0,0,0,0
"2514","95","2","11",0,0,0,0,0,0,0,0,0,0,0,0
"2514","96","1","samt",0,0,0,0,0,0,0,0,0,0,0,0
"2514","96","1","09",0,0,0,0,0,0,0,0,0,0,0,0
"2514","96","1","11",0,0,0,0,0,0,0,0,0,0,0,0
"2514","96","2","samt",0,0,0,0,0,0,0,0,0,0,0,0
"2514","96","2","09",0,0,0,0,0,0,0,0,0,0,0,0
"2514","96","2","11",0,0,0,0,0,0,0,0,0,0,0,0
"2514","97","1","samt",0,0,0,0,0,0,0,0,0,0,0,0
"2514","97","1","09",0,0,0,0,0,0,0,0,0,0,0,0
"2514","97","1","11",0,0,0,0,0,0,0,0,0,0,0,0
"2514","97","2","samt",0,0,0,0,0,0,0,0,0,0,0,0
"2514","97","2","09",0,0,0,0,0,0,0,0,0,0,0,0
"2514","97","2","11",0,0,0,0,0,0,0,0,0,0,0,0
"2514","98","1","samt",0,0,0,0,0,0,0,0,0,0,0,0
"2514","98","1","09",0,0,0,0,0,0,0,0,0,0,0,0
"2514","98","1","11",0,0,0,0,0,0,0,0,0,0,0,0
"2514","98","2","samt",0,0,0,0,0,0,0,0,0,0,0,0
"2514","98","2","09",0,0,0,0,0,0,0,0,0,0,0,0
"2514","98","2","11",0,0,0,0,0,0,0,0,0,0,0,0
"2514","99","1","samt",0,0,0,0,0,0,0,0,0,0,0,0
"2514","99","1","09",0,0,0,0,0,0,0,0,0,0,0,0
"2514","99","1","11",0,0,0,0,0,0,0,0,0,0,0,0
"2514","99","2","samt",0,0,0,0,0,0,0,0,0,0,0,0
"2514","99","2","09",0,0,0,0,0,0,0,0,0,0,0,0
"2514","99","2","11",0,0,0,0,0,0,0,0,0,0,0,0
