Fodelseregion,Kon,Alder,000005MP 2026,000005MP 2027,000005MP 2028,000005MP 2029,000005MP 2030,000005MP 2031,000005MP 2032,000005MP 2033,000005MP 2034,000005MP 2035,000005MP 2036,000005MP 2037,000005MP 2038,000005MP 2039,000005MP 2040,000005MP 2041,000005MP 2042,000005MP 2043,000005MP 2044,000005MP 2045,000005MP 2046,000005MP 2047,000005MP 2048,000005MP 2049,000005MP 2050,000005MS 2026,000005MS 2027,000005MS 2028,000005MS 2029,000005MS 2030,000005MS 2031,000005MS 2032,000005MS 2033,000005MS 2034,000005MS 2035,000005MS 2036,000005MS 2037,000005MS 2038,000005MS 2039,000005MS 2040,000005MS 2041,000005MS 2042,000005MS 2043,000005MS 2044,000005MS 2045,000005MS 2046,000005MS 2047,000005MS 2048,000005MS 2049,000005MS 2050
300,1,0,89,90,90,90,91,92,93,94,93,93,93,93,93,93,93,93,93,93,92,92,91,90,89,88,87,24875.0,24618.5,24393.0,24653.5,25005.5,25461.0,25986.0,26557.5,26716.0,26949.0,27169.0,27430.5,27718.0,28014.5,28312.5,28538.5,28743.5,28918.0,29061.5,29170.5,29244.5,29283.5,29289.5,29259.0,29190.5
300,1,1,15,15,14,14,14,14,14,14,15,15,15,14,14,15,15,15,15,14,14,14,14,14,14,14,14,49931.5,49622.5,49123.5,48687.5,49209.0,49912.0,50821.0,51868.0,53008.5,53324.5,53789.5,54228.5,54750.0,55323.5,55915.0,56510.0,56961.0,57369.5,57717.5,58004.0,58221.5,58368.5,58446.0,58458.0,58397.0
300,1,2,7,7,7,7,7,7,7,7,7,7,7,7,7,7,7,7,7,7,7,7,7,7,7,7,6,50149.0,49664.0,49379.5,48908.0,48490.5,49011.5,49712.0,50616.5,51658.0,52792.5,53107.0,53570.0,54007.0,54526.0,55096.0,55685.0,56277.0,56725.5,57131.5,57477.5,57762.5,57978.5,58124.0,58200.5,58212.5
300,1,3,5,5,5,4,4,4,4,4,4,4,4,4,4,4,4,4,4,4,4,4,4,4,4,4,4,50450.5,49875.0,49412.5,49151.0,48696.5,48284.5,48803.5,49500.5,50400.5,51436.0,52564.0,52877.0,53337.5,53772.5,54289.0,54856.0,55441.5,56030.0,56476.0,56879.5,57223.5,57506.0,57720.5,57864.5,57940.0
300,1,4,4,4,4,4,4,4,4,4,4,4,4,4,4,4,4,4,4,4,4,4,4,4,4,4,4,52664.5,50168.0,49611.5,49168.5,48921.5,48473.0,48064.5,48581.5,49274.5,50169.5,51198.5,52320.0,52631.5,53089.5,53522.0,54035.5,54599.5,55181.0,55766.0,56209.5,56610.5,56951.5,57232.0,57445.0,57587.5
300,1,5,4,4,4,4,4,4,3,3,3,3,3,4,4,4,4,4,4,4,4,4,4,4,4,3,3,56877.0,52362.0,49895.5,49355.5,48924.5,48682.0,48238.0,47833.0,48347.5,49036.5,49925.5,50948.5,52063.0,52373.0,52828.5,53258.5,53768.5,54329.0,54907.0,55488.0,55928.5,56326.5,56664.5,56943.5,57154.0
300,1,6,4,4,4,3,3,3,3,3,3,3,3,3,3,3,3,3,3,3,3,3,3,3,3,3,3,56341.5,56542.0,52069.5,49632.0,49104.0,48678.0,48438.5,47998.5,47597.5,48109.0,48793.5,49677.0,50693.5,51801.0,52109.5,52562.0,52989.5,53496.5,54053.5,54627.5,55204.5,55641.5,56036.5,56372.0,56648.5
300,1,7,4,4,4,3,3,3,3,3,3,3,3,3,3,3,3,3,3,3,3,3,3,3,3,3,3,56839.5,56034.5,56239.0,51804.5,49389.5,48867.0,48445.0,48208.0,47771.5,47374.0,47882.5,48563.0,49441.5,50451.5,51552.0,51859.0,52308.5,52733.5,53238.0,53791.0,54361.5,54934.5,55368.0,55760.0,56093.0
300,1,8,3,3,3,3,3,3,3,3,3,3,3,3,3,3,3,3,3,3,3,3,3,3,3,3,3,57349.0,56574.0,55776.0,55984.0,51581.5,49183.0,48664.5,48246.0,48011.0,47577.5,47183.0,47689.0,48366.0,49240.0,50244.5,51338.5,51644.0,52091.0,52514.0,53015.5,53565.0,54132.0,54701.5,55132.0,55521.0
300,1,9,3,3,3,3,3,3,3,3,3,3,3,2,2,2,3,3,3,3,3,3,3,3,3,3,3,57162.5,57131.0,56362.0,55572.0,55783.0,51405.5,49020.0,48505.0,48089.5,47856.0,47425.5,47033.5,47537.5,48211.5,49081.5,50081.0,51170.0,51474.0,51919.5,52340.5,52839.0,53385.5,53949.0,54515.5,54943.5
300,1,10,3,3,3,3,3,3,3,3,3,3,3,2,2,2,2,2,2,3,3,3,2,2,2,3,3,58844.0,56983.5,56955.0,56194.5,55413.0,55625.0,51268.0,48893.5,48381.5,47968.5,47736.5,47308.5,46918.5,47420.5,48092.5,48959.0,49954.5,51039.0,51342.0,51785.5,52204.5,52700.5,53244.5,53805.5,54368.5
300,1,11,4,4,3,3,3,3,3,3,3,3,3,3,3,3,3,3,3,3,3,3,3,3,3,3,3,57580.5,58691.5,56841.0,56816.5,56064.0,55288.0,55500.0,51160.0,48795.5,48285.5,47874.5,47644.0,47218.0,46830.0,47330.5,48000.5,48864.0,49856.0,50936.5,51239.0,51680.0,52097.5,52591.5,53133.0,53691.5
300,1,12,4,4,4,4,4,4,4,4,4,3,3,3,3,3,3,3,3,3,3,3,3,3,3,3,3,57077.5,57464.0,58572.0,56730.5,56709.5,55961.0,55188.5,55401.0,51075.5,48719.5,48211.5,47802.5,47573.0,47148.5,46762.5,47261.5,47929.5,48790.5,49779.5,50857.0,51158.0,51597.5,52013.5,52505.5,53045.0
300,1,13,6,6,6,6,5,5,5,5,5,5,4,4,4,4,4,4,4,4,4,4,4,4,4,4,4,56281.5,56985.0,57371.0,58479.0,56646.0,56626.5,55881.5,55111.5,55324.5,51011.5,48662.5,48157.0,47749.0,47521.0,47098.0,46713.0,47211.0,47877.5,48736.0,49723.0,50797.0,51097.0,51535.5,51949.5,52439.5
300,1,14,7,7,7,7,7,7,7,7,6,6,6,6,5,5,5,5,5,5,5,5,5,5,5,5,5,56120.0,56215.5,56917.5,57304.5,58412.5,56585.0,56567.0,55824.5,55057.0,55270.0,50968.0,48625.0,48121.5,47714.5,47487.5,47066.0,46682.0,47179.5,47844.5,48701.0,49685.5,50756.5,51055.5,51493.0,51905.5
300,1,15,9,9,9,9,9,9,9,8,8,8,8,7,7,7,7,7,6,6,6,6,6,6,7,7,7,55306.0,56078.0,56172.5,56873.5,57261.0,58368.0,56545.0,56528.0,55787.5,55022.5,55235.0,50942.0,48604.5,48102.0,47696.5,47470.5,47050.0,46667.0,47164.0,47827.5,48682.5,49664.5,50733.5,51031.0,51467.5
300,1,16,12,11,11,11,11,11,11,11,11,10,10,10,9,9,8,8,8,8,8,8,8,8,8,8,8,57508.0,55284.0,56052.0,56146.0,56846.0,57233.5,58340.0,56521.0,56504.5,55766.0,55002.5,55215.0,50929.5,48596.5,48095.0,47690.5,47465.5,47046.0,46664.0,47160.0,47822.5,48676.0,49656.0,50723.0,51020.0
300,1,17,14,14,13,14,13,13,13,14,13,13,13,12,12,11,11,10,10,10,10,10,10,10,10,10,10,55786.0,57503.5,55280.0,56046.0,56139.5,56838.5,57227.0,58332.5,56517.0,56501.0,55763.5,55001.5,55214.5,50935.5,48605.5,48105.5,47702.0,47477.0,47058.5,46677.5,47172.0,47833.5,48686.0,49664.5,50730.0
300,1,18,17,17,17,16,16,16,16,16,16,16,16,15,15,15,14,13,13,12,12,12,12,12,12,12,12,54902.5,55802.0,57513.5,55291.0,56056.0,56149.0,56848.5,57237.5,58342.5,56529.5,56514.0,55778.0,55017.5,55231.0,50957.0,48629.5,48131.0,47728.5,47503.5,47085.5,46705.0,47199.0,47859.5,48710.5,49688.0
300,1,19,20,20,20,20,19,20,19,19,19,20,19,19,18,18,18,16,15,15,15,14,14,14,14,14,14,53832.5,54894.0,55790.5,57499.0,55279.0,56043.0,56136.5,56836.5,57225.5,58329.5,56519.5,56505.0,55771.0,55012.0,55226.0,50959.0,48636.0,48138.5,47736.5,47512.5,47095.0,46715.0,47208.5,47867.5,48716.5
300,1,20,21,21,22,22,22,21,21,21,21,21,21,20,20,20,19,19,18,17,16,16,16,15,15,15,15,53266.0,53765.5,54830.0,55731.0,57437.5,55224.0,55987.5,56082.0,56781.0,57169.5,58271.5,56467.0,56453.0,55721.5,54965.0,55178.5,50923.5,48607.0,48110.5,47709.5,47486.5,47070.0,46690.5,47182.5,47839.5
300,1,21,23,24,24,24,25,25,24,24,24,24,24,24,23,23,22,22,22,20,19,18,18,18,17,17,17,50882.0,53165.0,53671.0,54741.5,55646.0,57348.0,55143.0,55905.5,56000.5,56698.0,57086.0,58185.0,56387.5,56374.0,55645.5,54892.5,55105.5,50865.0,48556.0,48061.5,47662.0,47439.5,47024.0,46645.5,47135.5
300,1,22,24,24,25,25,25,25,26,25,25,25,25,25,25,24,24,23,23,22,20,19,19,19,18,18,18,50807.5,50764.0,53049.5,53566.5,54639.5,55542.5,57240.0,55044.0,55805.0,55900.5,56596.0,56984.0,58079.0,56289.0,56276.5,55551.5,54802.0,55015.0,50790.5,48490.5,47998.0,47600.0,47378.0,46964.0,46586.0
300,1,23,25,25,25,26,26,26,26,27,26,26,25,25,25,26,25,24,24,23,23,21,20,20,19,19,19,49720.5,50652.5,50625.0,52917.0,53442.0,54512.0,55413.0,57104.5,54919.5,55678.0,55774.0,56467.0,56854.5,57945.5,56164.0,56152.5,55431.5,54685.5,54898.0,50692.5,48402.5,47912.0,47515.5,47294.0,46881.5
300,1,24,25,26,26,26,27,27,27,27,28,26,26,26,26,26,26,25,25,25,24,24,22,21,20,20,20,47723.5,49536.5,50482.5,50475.5,52766.5,53291.0,54357.5,55255.5,56939.5,54767.0,55522.0,55618.5,56309.5,56695.5,57782.0,56010.5,55999.5,55282.5,54541.0,54752.5,50568.5,48289.5,47801.5,47406.5,47185.5
300,1,25,25,26,26,27,26,27,27,28,28,28,27,27,27,27,27,27,26,26,25,25,25,22,21,21,20,45517.5,47533.0,49354.5,50316.0,50322.5,52603.0,53126.5,54189.0,55083.0,56759.0,54599.5,55351.0,55448.5,56136.5,56521.0,57602.5,55841.5,55831.0,55118.5,54381.5,54592.0,50430.0,48163.5,47677.5,47284.5
300,1,26,25,25,26,27,27,27,28,28,28,28,29,28,28,27,27,27,28,27,26,26,25,25,23,22,21,45006.5,45343.5,47360.5,49186.5,50154.0,50163.0,52432.5,52954.5,54012.0,54902.0,56569.0,54423.5,55171.5,55269.5,55954.0,56337.5,57413.5,55663.0,55653.0,54945.0,54212.5,54421.5,50283.0,48029.5,47545.5
300,1,27,25,26,26,26,27,28,27,28,28,29,29,29,28,28,28,28,28,28,27,27,26,25,25,23,22,43573.0,44848.0,45191.5,47205.5,49028.5,49993.0,50004.0,52261.5,52781.5,53834.0,54720.0,56377.5,54246.0,54991.0,55089.0,55770.5,56152.5,57222.5,55483.0,55473.5,54769.5,54041.0,54248.5,50134.5,47893.5
300,1,28,26,26,26,26,27,28,28,28,29,29,29,29,30,28,29,28,28,28,29,27,27,27,26,26,24,44052.5,43433.0,44707.5,45057.5,47065.5,48880.5,49841.5,49854.5,52099.5,52617.5,53665.0,54546.5,56195.5,54077.5,54819.5,54917.5,55596.0,55976.0,57040.5,55311.5,55302.5,54602.5,53877.5,54083.5,49993.0
300,1,29,27,27,26,26,26,27,28,28,28,29,29,29,30,30,29,29,29,29,29,29,28,28,27,26,26,44135.5,43912.0,43306.5,44584.5,44939.5,46939.5,48746.0,49703.0,49717.5,51950.5,52467.0,53509.5,54386.5,56027.5,53923.0,54661.0,54759.5,55434.5,55813.0,56871.5,55153.0,55143.5,54447.5,53726.5,53930.5
300,1,30,29,27,27,26,27,27,27,28,28,28,29,29,30,30,30,29,29,29,29,29,29,28,28,27,26,46150.0,44000.5,43790.0,43199.5,44479.5,44835.5,46827.0,48625.0,49578.0,49593.5,51815.0,52330.5,53368.0,54241.0,55874.0,53782.0,54516.5,54615.5,55287.0,55664.0,56716.5,55007.5,54997.5,54305.0,53587.5
300,1,31,32,29,27,27,26,27,27,28,28,29,28,29,29,30,30,31,29,29,29,29,29,29,28,28,27,50135.5,46020.0,43891.5,43692.0,43113.5,44390.0,44746.5,46729.0,48518.5,49468.0,49484.5,51695.5,52209.0,53242.0,54111.5,55736.5,53656.5,54388.0,54487.0,55155.5,55530.0,56577.0,54876.5,54866.5,54177.0
300,1,32,35,32,29,28,27,27,27,27,28,29,29,29,30,30,30,30,31,29,30,29,29,29,30,28,28,53853.0,50004.5,45917.5,43807.5,43615.0,43043.5,44315.5,44672.5,46646.0,48427.5,49373.5,49391.0,51592.0,52103.5,53132.5,53999.0,55616.5,53547.5,54276.0,54374.5,55040.0,55412.5,56454.0,54761.5,54751.0
300,1,33,37,35,33,30,28,28,27,28,27,28,29,29,29,30,30,31,31,31,30,30,30,30,30,30,29,56335.0,53719.0,49896.0,45835.5,43742.0,43553.5,42987.0,44255.0,44611.5,46576.5,48351.0,49293.5,49312.0,51503.5,52014.0,53039.0,53902.0,55513.0,53454.0,54179.5,54277.5,54939.5,55310.5,56346.5,54661.5
300,1,34,40,38,36,33,30,29,28,28,28,28,29,30,30,30,31,31,31,31,32,30,31,30,30,30,31,58901.0,56199.0,53603.5,49805.5,45770.0,43689.5,43504.0,42942.0,44205.5,44561.5,46519.0,48287.0,49226.0,49245.5,51428.5,51938.0,52959.0,53819.0,55423.5,53373.5,54096.0,54194.0,54852.5,55221.5,56252.5
300,1,35,42,41,39,37,34,31,29,29,28,29,29,30,30,31,30,32,32,32,32,33,31,31,31,31,31,59417.5,58760.5,56079.0,53503.0,49729.0,45714.0,43644.5,43461.5,42903.0,44162.5,44518.0,46468.5,48230.5,49166.5,49186.5,51361.5,51869.5,52887.0,53744.5,55342.5,53301.0,54020.5,54117.5,54773.5,55140.0
300,1,36,43,43,42,40,37,34,31,30,29,29,29,29,30,31,31,31,32,32,32,32,33,31,32,31,31,59372.5,59281.5,58635.0,55972.5,53413.5,49659.0,45662.0,43602.0,43421.5,42866.0,44121.5,44476.5,46420.5,48176.5,49110.0,49130.5,51298.0,51804.0,52818.5,53672.5,55264.5,53231.5,53948.0,54044.0,54697.0
300,1,37,42,44,44,43,41,38,35,32,30,30,29,30,30,31,31,32,31,33,33,33,33,34,32,32,32,55606.5,59237.5,59155.5,58521.0,55875.5,53330.5,49592.5,45612.5,43561.0,43382.5,42830.0,44081.5,44436.5,46374.0,48124.0,49055.0,49076.5,51236.5,51741.0,52752.0,53603.0,55189.0,53163.5,53877.0,53972.5
300,1,38,42,43,45,45,44,41,39,36,33,31,30,30,30,30,31,32,32,32,33,33,33,33,34,33,33,53702.0,55487.0,59113.5,59042.0,58418.0,55785.5,53252.0,49529.0,45565.0,43522.0,43345.0,42795.5,44043.5,44398.5,46329.5,48074.0,49002.5,49025.0,51177.5,51680.5,52688.0,53536.5,55116.5,53098.0,53808.5
300,1,39,40,43,44,46,46,44,42,40,36,33,31,31,30,31,31,32,32,33,32,33,33,34,34,35,33,49544.0,53594.5,55381.0,59004.0,58941.0,58323.0,55701.5,53178.5,49469.5,45520.5,43485.5,43310.0,42763.5,44008.0,44362.5,46288.0,48027.0,48953.0,48976.0,51121.5,51623.5,52627.5,53473.0,55047.5,53035.5
300,1,40,41,41,44,45,47,47,46,43,41,37,34,32,32,31,31,31,32,33,33,33,34,34,35,35,35,48341.0,49457.5,53500.5,55288.5,58906.0,58846.5,58233.0,55622.0,53108.5,49413.0,45477.5,43450.5,43276.5,42732.5,43974.0,44328.0,46248.0,47982.0,48905.5,48928.5,51067.5,51568.0,52568.5,53411.0,54980.5
300,1,41,41,42,42,45,46,49,48,47,44,42,38,35,33,32,32,32,32,33,34,34,34,35,35,35,36,46816.5,48259.0,49379.0,53416.0,55204.0,58813.5,58755.5,58146.0,55544.5,53040.5,49357.5,45435.5,43416.0,43243.5,42702.0,43940.5,44294.0,46208.5,47938.0,48858.5,48882.0,51014.5,51513.0,52510.5,53350.0
300,1,42,41,43,44,44,47,48,50,50,49,46,43,40,36,34,34,33,33,33,34,35,35,35,36,36,37,44381.0,46737.0,48183.0,49308.0,53339.0,55124.5,58724.5,58668.5,58062.0,55469.5,52974.5,49304.0,45395.0,43382.0,43211.0,42672.0,43907.5,44260.5,46170.0,47894.5,48812.5,48836.0,50962.0,51459.5,52454.0
300,1,43,43,43,45,45,46,49,50,52,52,50,47,45,41,37,35,35,34,35,34,36,36,37,36,38,38,43366.0,44309.0,46665.5,48116.5,49244.5,53266.5,55048.5,58639.0,58585.0,57981.5,55398.0,52910.5,49252.0,45355.0,43349.0,43179.0,42642.5,43875.0,44227.5,46132.0,47852.0,48767.5,48791.0,50911.0,51407.0
300,1,44,45,44,45,46,47,47,51,52,54,53,52,49,46,43,39,37,36,35,36,36,37,38,38,38,39,43617.0,43297.5,44245.5,46603.0,48056.5,49184.0,53196.0,54974.5,58556.0,58503.5,57903.0,55328.0,52848.0,49201.0,45315.5,43316.5,43147.0,42613.0,43842.5,44194.5,46094.0,47809.5,48722.5,48746.0,50860.5
300,1,45,48,48,46,47,49,49,50,53,54,57,56,54,51,48,45,41,38,38,37,37,37,39,40,40,40,43624.5,43545.0,43235.0,44188.0,46545.0,47997.0,49122.5,53125.0,54900.0,58473.0,58421.5,57823.5,55257.0,52785.0,49149.0,45275.0,43281.5,43113.5,42581.5,43808.0,44159.5,46054.0,47765.0,48676.0,48699.0
300,1,46,54,51,50,49,49,51,52,52,55,56,59,58,57,54,51,47,42,40,39,38,39,39,40,41,42,45083.5,43548.0,43477.0,43176.5,44133.0,46486.5,47936.0,49059.5,53052.5,54823.5,58388.5,58338.0,57742.5,55184.5,52720.5,49094.5,45232.0,43244.5,43078.0,42547.5,43771.0,44121.5,46011.5,47718.0,48626.5
300,1,47,56,56,53,52,51,51,53,54,54,58,59,62,61,60,56,53,49,44,42,41,40,41,41,42,43,44554.5,45002.5,43479.5,43417.0,43122.5,44079.0,46427.5,47874.5,48996.5,52979.5,54747.0,58303.5,58254.5,57662.0,55111.5,52655.0,49039.5,45188.0,43207.0,43041.0,42512.0,43733.0,44082.5,45968.0,47670.0
300,1,48,59,60,59,56,55,54,54,56,57,58,61,63,66,65,63,60,56,52,47,44,44,43,43,43,45,43075.5,44479.5,44931.0,43418.0,43361.0,43069.5,44025.0,46368.0,47812.5,48933.0,52906.0,54670.5,58218.0,58171.0,57581.0,55038.0,52589.0,48984.5,45143.5,43168.0,43003.0,42475.5,43694.0,44043.0,45923.5
300,1,49,66,63,64,63,60,59,57,58,60,61,61,65,66,70,69,67,63,60,55,50,47,46,45,46,46,44617.5,43012.0,44413.0,44865.0,43359.0,43304.0,43015.0,43969.5,46307.5,47749.0,48868.0,52831.5,54592.5,58131.5,58086.0,57498.5,54963.5,52522.5,48928.0,45097.5,43127.5,42963.5,42437.5,43653.0,44001.5
300,1,50,75,72,68,69,69,66,64,63,63,65,66,67,71,72,76,75,73,69,65,60,54,51,51,49,50,45598.5,44548.0,42947.5,44344.5,44796.5,43296.5,43243.5,42957.5,43910.5,46243.5,47682.5,48799.5,52753.5,54511.0,58042.0,57997.5,57413.0,54886.0,52452.5,48868.0,45048.0,43084.0,42920.5,42396.5,43608.5
300,1,51,87,81,77,74,75,74,69,68,68,69,70,71,73,76,78,82,81,79,74,70,64,59,55,54,53,47997.5,45519.0,44472.5,42877.5,44271.0,44723.5,43230.0,43179.0,42895.5,43847.0,46174.5,47611.0,48726.0,52670.5,54424.5,57947.0,57904.0,57322.5,54803.5,52377.0,48803.5,44994.0,43035.5,42873.0,42351.0
300,1,52,102,93,87,84,79,81,80,76,75,72,73,75,76,78,82,84,87,87,85,80,75,70,63,60,59,50984.5,47899.5,45431.0,44390.0,42801.5,44192.5,44645.5,43159.0,43109.5,42828.0,43778.5,46101.0,47534.5,48647.5,52582.5,54332.5,57846.5,57805.0,57226.5,54715.5,52296.5,48733.5,44935.5,42982.5,42821.0
300,1,53,111,110,102,95,90,86,87,86,84,81,78,80,83,84,83,90,91,95,94,92,86,82,74,68,65,50556.0,50865.5,47793.5,45336.0,44301.0,42719.5,44108.5,44562.0,43081.5,43034.0,42755.5,43704.5,46021.5,47452.0,48563.5,52488.0,54234.5,57740.0,57699.5,57124.0,54621.5,52210.5,48658.0,44871.5,42924.5
300,1,54,127,121,120,110,103,99,93,95,95,89,88,86,86,90,91,92,97,99,104,102,99,95,90,82,74,51665.5,50429.5,50739.5,47680.5,45234.0,44204.5,42631.0,44017.5,44471.5,42997.5,42952.5,42676.5,43624.0,45935.0,47362.5,48472.5,52386.0,54129.0,57625.5,57586.5,57014.0,54520.0,52117.0,48576.0,44801.0
300,1,55,140,135,129,127,118,109,105,99,102,100,96,95,92,92,96,96,98,104,106,112,110,106,100,94,87,52286.0,51526.5,50296.0,50606.0,47560.5,45126.0,44102.0,42537.0,43920.5,44375.0,42908.5,42865.0,42591.5,43538.0,45843.0,47268.0,48375.5,52278.0,54017.0,57504.0,57467.0,56898.0,54412.5,52018.0,48488.5
300,1,56,149,152,147,142,139,128,121,114,109,111,110,104,102,100,100,103,107,106,113,115,121,118,117,110,104,50024.5,52135.5,51379.5,50154.0,50465.0,47434.0,45011.5,43994.5,42437.0,43818.0,44273.0,42814.0,42772.5,42501.5,43447.0,45746.0,47168.0,48273.5,52164.5,53899.5,57376.5,57341.5,56775.5,54299.5,51914.0
300,1,57,164,162,166,161,153,152,140,130,125,119,120,119,113,112,108,109,113,114,116,124,125,131,129,126,118,49240.5,49868.5,51972.0,51221.0,50002.5,50315.5,47300.0,44890.0,43880.0,42330.5,43709.0,44164.5,42713.0,42674.0,42406.0,43350.0,45643.0,47061.5,48165.5,52044.5,53775.5,57242.5,57209.5,56646.5,54180.0
300,1,58,189,176,175,179,172,166,164,150,141,135,127,131,129,123,120,118,118,122,124,126,132,135,141,140,136,51380.5,49068.0,49697.0,51795.5,51051.0,49841.5,50156.5,47157.5,44760.5,43757.0,42217.0,43592.0,44048.5,42604.5,42568.0,42303.5,43246.0,45532.5,46948.0,48049.5,51917.0,53644.0,57100.5,57069.0,56510.0
300,1,59,225,205,192,190,195,189,181,178,165,153,147,140,141,141,133,130,129,130,134,136,136,145,148,154,151,54951.5,51175.0,48880.0,49512.0,51605.5,50868.5,49668.5,49986.0,47004.0,44620.5,43624.0,42093.5,43465.5,43922.5,42487.0,42453.5,42192.0,43133.0,45412.5,46825.0,47924.5,51779.5,53502.0,56948.0,56918.5
300,1,60,251,243,222,207,206,210,203,195,192,178,166,159,150,153,152,143,141,138,138,143,146,147,156,158,166,55328.0,54702.0,50953.5,48678.0,49312.0,51399.0,50670.0,49480.0,49800.5,46835.5,44467.0,43478.0,41957.5,43326.5,43784.0,42358.0,42327.0,42069.0,43008.0,45280.5,46689.5,47787.0,51628.5,53346.5,56781.5
300,1,61,277,272,263,241,226,224,229,221,212,209,194,181,173,163,167,165,157,154,150,151,157,159,160,169,173,54930.0,55046.0,54431.0,50711.5,48455.0,49090.0,51170.5,50450.0,49270.5,49593.5,46647.5,44294.5,43314.0,41804.5,43169.5,43628.0,42212.0,42183.5,41929.5,42866.5,45131.5,46536.5,47631.5,51459.0,53172.0
300,1,62,308,304,300,290,265,248,247,252,243,234,231,213,198,190,182,183,181,173,170,165,166,173,175,176,186,54138.0,54616.0,54738.0,54133.5,50443.0,48205.5,48842.0,50915.0,50204.0,49036.0,49361.0,46436.0,44100.0,43128.5,41630.0,42991.5,43451.0,42045.0,42019.5,41770.0,42705.0,44961.5,46362.5,47455.0,51267.5
300,1,63,319,337,334,328,318,289,272,270,276,268,256,252,233,219,209,198,201,200,189,185,181,182,189,192,192,49969.5,53792.0,54273.0,54401.0,53807.0,50147.5,47931.0,48568.5,50633.5,49932.5,48777.0,49105.0,46202.0,43884.0,42922.5,41436.0,42793.5,43254.0,41859.0,41837.0,41592.0,42525.0,44772.5,46169.0,47259.0
300,1,64,336,350,368,364,357,346,317,298,295,302,292,280,277,254,238,229,217,219,218,207,203,199,200,206,208,46748.0,49620.5,53419.0,53902.0,54035.5,53452.5,49826.5,47631.5,48270.5,50327.5,49636.5,48494.5,48825.5,45946.5,43647.5,42696.5,41223.5,42576.5,43038.0,41655.0,41637.0,41396.5,42327.5,44565.5,45957.5
300,1,65,363,365,380,400,396,389,378,345,323,322,329,318,305,301,279,260,249,237,240,238,226,223,217,217,225,45204.5,46390.5,49243.0,53015.5,53500.5,53639.5,53069.0,49478.5,47306.5,47947.0,49995.5,49315.5,48187.5,48521.5,45668.5,43390.0,42450.0,40991.0,42339.5,42802.5,41432.0,41417.5,41182.5,42111.5,44339.5
300,1,66,389,394,395,411,434,430,421,409,375,351,348,357,345,332,328,302,283,271,257,261,259,246,241,237,237,43407.5,44827.5,46006.0,48836.0,52580.0,53068.0,53214.5,52657.0,49104.0,46957.0,47599.0,49637.5,48970.0,47856.5,48194.5,45368.5,43111.5,42183.5,40739.5,42083.0,42547.5,41190.5,41180.0,40950.5,41877.5
300,1,67,445,419,425,427,445,470,464,457,444,406,380,378,387,375,360,355,329,305,294,279,283,281,268,263,257,44693.0,43012.5,44421.0,45591.5,48398.0,52113.0,52606.0,52760.5,52216.5,48703.0,46582.5,47226.5,49254.5,48600.0,47502.0,47844.0,45046.5,42813.0,41897.0,40469.0,41807.5,42273.5,40930.5,40925.0,40701.0
300,1,68,491,481,454,458,460,481,506,501,493,479,438,411,409,418,405,388,384,355,331,318,302,306,305,290,286,44271.5,44238.0,42581.0,43979.0,45142.5,47927.0,51614.0,52112.5,52274.5,51745.0,48273.5,46181.0,46826.5,48844.5,48203.0,47122.0,47468.0,44700.5,42492.0,41589.0,40177.5,41511.0,41978.5,40650.5,40649.5
300,1,69,540,529,517,488,493,497,518,546,541,532,516,473,445,441,452,437,420,415,384,359,345,327,332,331,315,43831.5,43769.0,43742.5,42112.0,43500.0,44658.0,47421.0,51078.5,51582.0,51752.5,51238.5,47811.5,45748.5,46396.0,48403.0,47775.5,46712.5,47063.0,44327.0,42144.5,41255.5,39862.0,41190.0,41658.5,40347.0
300,1,70,604,581,568,557,526,533,536,557,589,584,574,557,511,480,478,489,474,455,450,416,389,373,355,360,358,43978.0,43280.5,43227.0,43209.5,41607.5,42987.5,44141.5,46882.5,50508.0,51016.5,51196.5,50699.0,47319.0,45287.0,45937.0,47932.0,47319.5,46275.5,46630.5,43928.0,41773.0,40899.0,39524.5,40846.5,41316.5
300,1,71,649,649,627,613,600,566,574,577,602,635,629,620,602,551,518,516,529,512,492,487,450,420,405,384,391,42406.5,43365.0,42687.5,42644.5,42636.5,41066.0,42439.0,43589.0,46306.5,49898.0,50412.0,50602.0,50122.0,46792.0,44793.0,45445.0,47427.0,46830.5,45807.0,46166.5,43500.5,41374.5,40516.5,39162.0,40477.5
300,1,72,694,695,696,671,657,644,609,616,621,647,682,676,668,649,595,558,556,569,552,530,525,486,453,437,415,40880.5,41745.0,42700.5,42045.0,42013.5,42017.5,40482.5,41847.5,42993.0,45684.5,49240.0,49760.0,49959.5,49498.0,46222.0,44258.5,44912.5,46880.5,46301.5,45299.5,45664.0,43037.0,40942.5,40101.0,38768.0
300,1,73,791,743,742,745,718,703,690,652,661,666,693,734,727,715,697,638,599,598,613,594,571,565,524,489,471,41900.5,40172.0,41034.0,41985.5,41353.5,41335.5,41353.0,39855.5,41211.5,42352.0,45016.0,48532.0,49058.5,49268.0,48826.0,45608.0,43682.5,44338.0,46291.5,45731.0,44751.5,45121.5,42535.5,40475.0,39651.0
300,1,74,860,844,793,794,795,768,754,739,697,708,713,744,787,781,769,748,686,646,642,659,640,615,609,564,528,40973.5,41091.5,39411.5,40271.0,41218.0,40612.0,40609.0,40640.5,39183.5,40529.5,41664.5,44298.5,47771.5,48304.5,48525.5,48104.0,44947.5,43062.0,43719.5,45657.0,45115.5,44160.0,44536.0,41994.0,39969.5
300,1,75,929,925,910,855,856,860,830,813,798,755,766,772,806,853,847,835,812,746,701,699,717,696,668,663,614,39434.0,40088.0,40220.0,38592.0,39448.5,40391.5,39814.5,39827.0,39873.5,38459.0,39794.5,40923.0,43524.0,46951.0,47490.0,47723.0,47323.5,44232.0,42390.0,43050.0,44969.5,44448.0,43519.0,43900.5,41406.5
300,1,76,1063,989,985,969,912,914,918,888,871,855,809,821,829,865,916,910,898,874,803,755,754,773,749,722,715,40543.5,38480.5,39136.5,39283.0,37710.0,38564.0,39503.0,38956.0,38985.5,39047.5,37678.0,39001.5,40122.5,42688.0,46065.0,46610.0,46855.0,46479.0,43457.5,41662.5,42324.0,44224.0,43724.5,42823.5,43211.0
300,1,77,1207,1134,1055,1051,1034,975,979,982,950,933,917,869,883,891,931,986,980,969,944,866,816,813,836,812,781,41167.5,39448.0,37461.5,38119.5,38281.0,36766.5,37617.5,38552.5,38036.5,38083.0,38161.0,36839.5,38149.0,39262.0,41788.5,45111.5,45662.5,45919.5,45568.0,42622.5,40876.5,41539.5,43418.0,42942.0,42070.5
300,1,78,1356,1285,1207,1125,1123,1107,1043,1047,1054,1020,1002,986,934,950,960,1003,1064,1059,1046,1020,936,883,882,905,880,41303.0,39922.5,38278.0,36372.5,37032.0,37209.0,35757.0,36604.0,37533.5,37050.5,37114.5,37208.5,35937.5,37231.5,38335.0,40819.0,44083.0,44640.0,44909.5,44583.5,41719.5,40025.5,40690.0,42545.0,42093.5
300,1,79,1490,1442,1367,1286,1200,1199,1182,1116,1121,1129,1094,1076,1061,1007,1024,1036,1084,1150,1143,1131,1104,1015,957,958,984,40458.5,39903.0,38595.0,37030.0,35208.5,35869.0,36062.5,34676.0,35518.0,36440.0,35991.5,36073.5,36183.5,34966.0,36243.0,37335.0,39772.5,42972.0,43535.0,43817.0,43518.0,40740.5,39103.0,39767.5,41597.0
300,2,0,76,74,73,73,73,74,74,75,75,75,75,75,75,75,75,75,75,75,74,74,73,73,72,71,70,23522.0,23279.5,23066.5,23313.0,23646.0,24076.5,24572.5,25113.5,25263.0,25483.0,25691.0,25938.5,26210.0,26490.5,26772.0,26986.0,27179.5,27344.0,27480.0,27583.0,27652.5,27689.5,27695.5,27666.0,27601.5
300,2,1,10,10,10,10,10,10,10,10,10,10,10,10,10,10,10,10,10,10,10,10,10,10,10,9,9,47112.5,46930.0,46458.0,46046.5,46539.5,47204.5,48064.0,49053.5,50132.5,50431.0,50870.0,51285.5,51779.0,52320.5,52880.0,53442.0,53868.5,54255.0,54583.0,54854.0,55059.5,55198.0,55271.5,55283.0,55224.5
300,2,2,5,5,5,5,5,5,5,5,5,5,5,5,5,5,5,5,5,5,5,5,5,5,5,5,5,47395.0,46871.5,46711.0,46265.0,45870.5,46363.5,47025.5,47881.5,48866.0,49939.0,50236.5,50673.5,51087.0,51578.0,52117.0,52673.5,53233.0,53657.0,54041.5,54367.5,54637.0,54841.0,54978.5,55050.5,55061.5
300,2,3,4,4,4,3,3,3,3,3,3,3,3,3,3,3,3,3,3,3,3,3,3,3,3,3,3,48074.0,47143.5,46641.5,46502.0,46072.5,45682.5,46174.0,46833.0,47684.0,48663.5,49730.0,50026.5,50461.5,50872.5,51361.0,51897.5,52450.5,53007.0,53428.5,53810.5,54134.5,54402.5,54604.5,54740.5,54811.5
300,2,4,3,3,3,3,3,3,3,3,3,3,3,3,3,3,3,3,3,3,3,3,3,3,3,3,3,49781.5,47809.0,46899.0,46415.5,46288.5,45864.0,45478.0,45967.0,46623.0,47469.0,48442.5,49502.5,49797.5,50230.5,50639.5,51125.0,51658.0,52208.0,52761.0,53179.5,53559.0,53881.0,54146.5,54347.0,54481.5
300,2,5,4,3,3,3,3,3,3,3,3,3,3,3,3,3,3,3,3,3,3,3,3,3,3,3,3,54241.0,49497.5,47550.5,46658.0,46186.0,46062.0,45641.0,45259.0,45745.5,46397.5,47238.5,48205.5,49259.0,49552.5,49983.0,50389.5,50872.5,51402.0,51948.5,52498.0,52913.5,53290.0,53610.0,53873.0,54071.5
300,2,6,3,3,3,3,3,3,3,3,3,3,3,3,3,3,3,3,3,3,3,3,3,3,3,3,3,53116.0,53919.0,49219.5,47296.5,46418.0,45951.0,45829.0,45412.0,45033.0,45517.0,46165.0,47000.5,47961.5,49008.0,49300.0,49728.0,50132.0,50612.0,51138.0,51680.5,52226.5,52639.0,53012.5,53330.0,53591.0
300,2,7,3,3,3,3,3,3,2,2,2,2,2,2,2,2,2,2,2,2,2,2,2,2,2,2,2,53518.0,52823.5,53626.0,48965.5,47060.5,46190.0,45727.5,45607.0,45193.5,44817.0,45298.5,45942.5,46773.0,47728.0,48768.5,49058.5,49484.0,49886.0,50362.5,50885.0,51424.5,51966.0,52376.0,52746.5,53061.5
300,2,8,3,3,3,3,3,2,2,2,2,2,2,2,2,2,2,2,2,2,2,2,2,2,2,2,2,54437.0,53266.0,52577.0,53379.0,48750.5,46858.5,45994.5,45535.5,45416.5,45006.0,44632.0,45111.0,45751.5,46577.5,47527.5,48562.0,48850.5,49273.5,49673.5,50147.5,50667.0,51203.0,51741.0,52148.5,52516.5
300,2,9,3,3,3,3,3,2,2,2,2,2,2,2,2,2,2,2,2,2,2,2,2,2,2,2,2,54166.5,54227.5,53064.5,52382.5,53183.5,48580.0,46699.0,45840.0,45383.5,45265.5,44857.5,44486.0,44963.0,45601.0,46423.0,47369.0,48398.0,48685.5,49106.5,49504.5,49976.0,50493.0,51025.5,51561.0,51965.5
300,2,10,3,3,3,3,3,3,2,2,2,2,2,2,2,2,2,2,2,2,2,2,2,2,2,2,2,55944.0,53995.0,54058.5,52905.0,52230.5,53029.5,48447.0,46575.0,45720.0,45266.0,45149.0,44743.0,44374.0,44849.0,45484.5,46303.5,47245.5,48271.0,48557.0,48976.5,49372.5,49841.5,50356.0,50886.0,51419.0
300,2,11,3,3,3,3,3,3,3,2,2,2,2,2,2,2,2,2,2,2,2,2,2,2,2,2,2,53668.0,55798.5,53859.0,53925.5,52781.0,52111.0,52907.5,48343.0,46478.5,45627.5,45175.5,45059.5,44655.5,44288.5,44762.0,45395.0,46212.0,47150.0,48172.0,48457.0,48875.0,49269.5,49736.5,50248.5,50776.5
300,2,12,3,3,3,3,3,3,3,3,3,3,3,2,2,2,2,2,2,2,2,2,2,2,2,2,2,54056.5,53559.5,55684.0,53753.5,53822.5,52683.5,52016.5,52811.0,48262.5,46404.5,45556.5,45106.5,44991.0,44589.0,44223.5,44696.0,45327.0,46141.5,47077.0,48095.5,48379.5,48796.0,49189.0,49654.0,50164.0
300,2,13,4,4,4,4,4,4,4,3,3,3,3,3,3,3,3,3,3,3,3,3,3,3,3,3,3,53123.5,53968.5,53474.0,55595.0,53673.0,53743.5,52608.5,51944.0,52737.0,48202.0,46349.5,45504.0,45056.0,44941.5,44541.0,44176.5,44648.0,45277.5,46089.5,47023.0,48038.5,48321.5,48736.5,49128.0,49591.0
300,2,14,4,4,4,4,4,4,4,4,4,4,4,3,3,3,3,3,3,3,3,3,3,3,3,3,3,53098.0,53062.5,53905.5,53414.0,55532.0,53616.0,53687.5,52556.0,51894.0,52685.5,48161.5,46313.5,45470.5,45024.0,44910.5,44511.0,44147.5,44618.0,45246.5,46057.0,46987.5,48000.5,48283.0,48696.5,49086.5
300,2,15,5,5,5,5,5,5,5,5,5,5,5,4,4,4,4,4,4,4,4,4,4,4,4,4,4,52664.5,53059.0,53023.0,53865.5,53376.5,55491.5,53580.5,53652.5,52524.0,51863.5,52654.0,48139.0,46295.0,45454.5,45009.0,44896.0,44497.5,44135.0,44604.5,45232.0,46041.0,46969.5,47980.0,48262.0,48674.0
300,2,16,6,6,6,6,6,6,6,6,6,6,5,5,5,5,5,5,4,4,4,4,4,4,4,4,4,54483.5,52644.5,53037.5,53002.5,53845.0,53358.0,55470.5,53563.0,53635.5,52509.5,51850.5,52640.0,48132.5,46292.0,45453.5,45009.0,44896.0,44498.5,44137.0,44605.5,45232.0,46039.5,46966.5,47975.0,48256.5
300,2,17,7,7,7,7,7,7,7,7,7,7,7,6,6,6,6,5,5,5,5,5,5,5,5,5,5,52671.5,54485.5,52647.5,53040.5,53006.5,53849.0,53363.5,55474.0,53569.5,53642.5,52518.0,51860.5,52649.5,48148.0,46310.5,45473.0,45029.5,44916.5,44520.0,44159.0,44627.0,45252.5,46058.5,46984.0,47991.5
300,2,18,8,8,9,8,8,8,8,8,8,8,8,8,7,8,7,6,6,6,6,6,6,6,6,6,6,51564.0,52697.0,54508.5,52674.0,53068.5,53035.5,53878.5,53394.5,55503.5,53601.5,53675.0,52552.0,51895.5,52684.5,48188.0,46353.0,45516.5,45074.0,44961.0,44565.0,44204.0,44672.0,45296.5,46101.0,47025.5
300,2,19,10,10,10,10,10,10,9,10,9,10,9,9,9,9,9,8,7,7,7,7,7,7,7,7,7,50792.5,51559.5,52690.5,54499.0,52671.0,53066.5,53035.0,53877.0,53395.0,55501.0,53603.0,53677.0,52557.0,51902.5,52690.5,48203.0,46372.0,45537.0,45095.5,44983.5,44587.5,44227.0,44694.0,45317.0,46119.5
300,2,20,10,10,10,10,11,10,10,10,10,10,10,10,10,9,9,9,8,8,8,8,8,7,7,7,7,50218.0,50720.5,51488.0,52618.0,54421.5,52602.0,52998.5,52968.0,53808.0,53328.5,55428.0,53537.5,53611.5,52496.5,51845.0,52630.5,48159.5,46335.0,45503.0,45063.0,44952.0,44557.0,44197.5,44662.0,45282.5
300,2,21,11,11,11,11,11,11,11,11,11,11,11,11,11,10,10,10,10,9,9,8,8,8,8,8,8,48119.5,50105.0,50612.0,51381.5,52511.0,54308.5,52499.0,52895.5,52866.0,53703.5,53227.0,55317.5,53436.5,53511.0,52402.0,51753.5,52536.5,48086.0,46269.5,45442.0,45003.5,44892.5,44499.0,44141.0,44602.5
300,2,22,11,11,11,11,11,11,11,11,11,11,11,11,11,11,10,10,10,10,9,9,8,8,8,8,8,47612.0,47988.5,49973.5,50487.5,51258.5,52385.5,54176.0,52377.5,52773.0,52744.5,53579.0,53105.5,55186.5,53316.0,53391.0,52288.0,51643.5,52423.0,47995.5,46188.5,45365.0,44928.5,44817.5,44425.5,44068.5
300,2,23,11,11,11,11,11,11,11,12,11,11,11,11,11,11,11,11,10,10,10,9,9,8,8,8,8,46742.0,47455.0,47835.5,49815.0,50332.5,51102.5,52224.5,54006.5,52220.0,52614.0,52587.0,53417.0,52947.5,55017.0,53158.5,53233.5,52137.5,51497.5,52272.5,47871.5,46075.0,45256.0,44822.0,44710.5,44320.5
300,2,24,11,11,11,11,11,11,11,11,12,11,11,11,11,11,11,11,11,10,10,10,9,9,9,8,8,45132.5,46573.0,47284.5,47665.5,49634.0,50150.5,50917.5,52034.0,53805.5,52031.5,52424.0,52398.0,53223.5,52758.0,54814.5,52969.0,53044.5,51956.0,51320.5,52091.0,47718.0,45933.0,45119.0,44687.5,44575.5
300,2,25,10,11,11,11,11,11,11,11,11,12,11,11,11,11,11,11,11,11,10,10,10,9,9,9,8,42743.0,44960.0,46396.0,47108.0,47490.5,49449.0,49964.5,50727.5,51838.0,53598.5,51837.5,52228.0,52203.0,53024.5,52562.5,54606.0,52773.5,52849.0,51768.0,51137.5,51902.5,47558.5,45785.0,44975.5,44546.5
300,2,26,10,10,11,11,11,11,11,11,11,11,12,11,11,11,11,11,11,11,11,10,10,10,9,9,9,42125.0,42584.0,44791.5,46224.0,46935.0,47317.5,49265.0,49778.5,50538.0,51641.5,53391.0,51643.5,52031.5,52008.0,52824.5,52366.5,54397.0,52577.5,52652.5,51579.0,50953.0,51712.0,47397.5,45635.5,44831.0
300,2,27,10,10,10,11,11,11,11,11,11,11,11,12,11,11,11,11,11,11,11,11,10,10,10,9,9,41157.5,41978.0,42438.0,44635.0,46062.0,46770.5,47152.5,49088.5,49599.5,50355.5,51452.5,53191.0,51456.0,51842.5,51820.0,52631.5,52177.5,54194.5,52388.0,52463.0,51396.5,50774.0,51527.5,47241.5,45491.0
300,2,28,10,10,10,10,11,11,11,11,11,11,11,11,12,11,11,11,11,11,11,11,11,10,10,10,9,41176.0,41036.0,41852.5,42309.5,44494.0,45914.0,46620.0,47001.5,48925.5,49434.5,50186.5,51277.5,53005.0,51282.5,51667.5,51646.0,52452.5,52002.5,54006.0,52211.5,52286.0,51226.5,50607.5,51355.5,47097.0
300,2,29,11,11,11,11,11,11,11,12,12,12,12,12,12,12,12,12,12,12,12,12,11,11,11,11,11,41678.5,41074.0,40934.0,41744.0,42198.5,44371.5,45785.0,46488.5,46869.0,48782.0,49288.5,50036.5,51122.0,52839.5,51129.0,51512.0,51491.5,52293.5,51846.5,53838.0,52054.0,52128.0,51074.5,50459.0,51201.5
300,2,30,12,11,11,11,11,11,11,12,12,12,12,12,12,12,13,12,12,12,12,12,12,12,12,11,11,43976.0,41590.0,40988.5,40848.5,41653.5,42108.0,44270.5,45677.0,46378.0,46757.5,48660.0,49164.5,49909.0,50989.0,52697.5,50997.5,51379.5,51359.5,52157.0,51712.5,53692.5,51919.0,51992.0,50944.0,50331.0
300,2,31,14,13,12,11,11,11,11,12,12,12,12,13,13,13,13,13,13,13,12,13,12,13,12,12,12,47299.5,43888.5,41515.5,40917.5,40779.5,41583.0,42037.5,44189.5,45589.5,46288.0,46666.5,48559.5,49062.5,49804.0,50878.5,52578.5,50888.5,51269.0,51249.5,52042.5,51600.5,53569.5,51805.5,51877.0,50834.5
300,2,32,16,14,13,12,12,12,12,12,13,13,13,13,13,13,13,14,14,13,13,13,13,13,13,13,13,51607.5,47212.5,43818.0,41456.0,40862.5,40728.0,41530.0,41983.5,44126.0,45520.5,46216.0,46593.5,48478.5,48979.5,49718.0,50788.0,52480.5,50799.5,51178.0,51159.0,51948.0,51508.0,53467.0,51710.5,51781.5
300,2,33,18,17,15,14,13,13,13,13,13,13,14,14,14,14,14,14,14,15,14,14,14,14,14,14,13,53807.5,51516.0,47140.5,43760.5,41411.0,40823.0,40691.5,41491.0,41944.0,44078.0,45467.0,46160.5,46537.0,48414.0,48913.5,49649.5,50715.5,52400.5,50727.5,51105.0,51086.0,51871.0,51433.0,53382.0,51632.5
300,2,34,20,19,18,16,15,14,14,13,14,14,14,14,15,15,15,15,15,15,16,15,15,15,15,15,15,55545.0,53718.5,51437.0,47079.5,43715.5,41379.0,40795.0,40665.5,41463.0,41915.5,44041.5,45425.5,46117.0,46493.0,48363.0,48861.5,49595.0,50657.0,52335.0,50669.5,51045.5,51026.0,51808.0,51371.0,53311.0
300,2,35,21,21,20,19,17,16,15,14,14,14,14,15,15,15,15,16,16,16,16,17,16,16,16,16,15,56036.5,55457.0,53638.5,51366.5,47027.0,43679.0,41353.0,40773.0,40645.0,41440.5,41892.0,44011.0,45390.5,46080.0,46455.5,48319.5,48817.0,49548.0,50606.0,52278.5,50619.0,50993.5,50973.5,51752.5,51316.0
300,2,36,23,22,22,21,20,18,17,16,15,15,15,15,16,16,16,16,17,17,17,17,17,17,17,16,16,56531.0,55950.0,55374.5,53564.0,51302.5,46981.0,43646.0,41329.5,40753.0,40626.5,41419.5,41870.0,43983.0,45358.5,46046.5,46421.0,48279.5,48775.5,49504.5,50559.0,52226.0,50572.0,50945.0,50925.0,51700.5
300,2,37,23,24,24,23,22,21,19,17,16,16,16,16,16,16,17,17,17,17,17,17,18,18,17,17,17,52722.5,56444.0,55869.0,55298.5,53496.5,51244.5,46939.0,43615.5,41307.5,40733.5,40608.0,41399.5,41849.5,43956.5,45328.5,46015.0,46388.5,48241.5,48736.5,49463.0,50515.0,52176.0,50527.5,50898.5,50878.0
300,2,38,23,24,25,24,24,23,22,20,18,17,17,16,16,16,17,17,18,17,18,18,18,18,19,18,18,50741.5,52644.0,56360.5,55794.0,55229.0,53435.5,51191.5,46900.0,43587.5,41287.0,40715.0,40590.5,41381.0,41830.5,43931.5,45300.0,45985.0,46358.0,48205.5,48699.5,49424.0,50473.0,52129.0,50485.0,50854.5
300,2,39,23,24,25,26,25,25,24,23,20,19,18,17,17,17,17,18,18,18,18,19,19,19,19,19,19,47764.0,50669.0,52573.0,56286.0,55726.0,55164.5,53377.5,51141.5,46862.5,43560.5,41267.0,40697.0,40573.5,41362.5,41811.0,43907.0,45272.5,45955.5,46328.5,48171.0,48663.5,49386.5,50432.0,52083.5,50443.0
300,2,40,23,24,25,25,27,26,26,25,23,21,19,18,18,17,18,18,18,19,19,19,19,19,19,20,20,46025.5,47704.5,50606.5,52510.5,56218.0,55661.5,55103.5,53322.0,51093.0,46826.5,43533.5,41247.0,40679.0,40557.0,41344.0,41792.0,43883.0,45245.5,45927.0,46299.5,48137.0,48628.5,49349.5,50392.0,52039.0
300,2,41,23,24,25,26,26,28,27,27,25,24,22,20,19,18,18,18,18,19,19,19,19,20,20,20,20,44250.0,45979.0,47656.0,50552.5,52454.5,56154.5,55600.5,55045.5,53269.5,51046.5,46792.0,43508.0,41227.5,40662.0,40541.0,41326.5,41774.0,43860.0,45219.0,45899.5,46271.0,48104.0,48594.0,49313.0,50352.5
300,2,42,24,25,25,26,27,28,29,29,28,27,25,23,21,20,19,19,19,19,20,20,20,20,21,21,21,42101.5,44213.5,45939.0,47613.0,50504.0,52403.0,56095.5,55544.0,54991.0,53220.0,51003.5,46759.5,43484.5,41209.5,40646.5,40526.0,41310.0,41757.0,43838.5,45194.5,45873.5,46244.0,48073.0,48561.5,49278.5
300,2,43,25,25,26,27,27,29,29,31,30,30,28,27,24,22,21,20,20,20,20,21,21,21,21,22,22,40894.5,42071.0,44179.0,45900.5,47571.5,50457.5,52353.5,56038.5,55489.5,54938.5,53172.5,50962.0,46728.0,43461.0,41192.0,40631.0,40511.0,41293.5,41740.0,43817.0,45170.5,45848.0,46217.0,48042.0,48529.5
300,2,44,27,26,27,28,28,29,30,31,33,32,31,30,28,26,23,22,21,21,21,21,22,23,23,23,23,41437.0,40867.0,42041.0,44144.0,45862.0,47531.0,50411.5,52304.5,55982.5,55435.5,54886.5,53125.5,50920.0,46696.0,43436.5,41173.5,40614.0,40494.5,41276.0,41721.5,43794.5,45145.0,45821.0,46189.0,48010.0
300,2,45,30,29,28,29,30,30,31,33,33,35,34,34,32,30,27,25,24,23,23,23,23,24,24,24,24,42025.5,41409.5,40840.0,42011.0,44109.5,45825.5,47492.0,50367.5,52257.5,55928.5,55383.5,54836.5,53079.5,50879.5,46665.0,43412.5,41155.0,40596.5,40478.0,41258.0,41703.0,43771.5,45119.5,45794.0,46161.5
300,2,46,34,33,32,31,31,32,33,34,35,36,38,37,36,34,33,29,27,25,25,24,25,25,26,26,26,43083.5,41999.5,41383.5,40813.0,41981.0,44076.5,45790.5,47454.5,50325.5,52212.5,55877.0,55333.5,54788.5,53035.5,50841.0,46635.0,43389.5,41136.5,40579.5,40461.5,41240.0,41684.5,43749.0,45094.5,45768.0
300,2,47,37,37,35,34,33,33,35,35,36,38,38,41,40,39,37,35,32,29,27,27,26,26,26,27,28,42834.0,43054.5,41971.0,41354.5,40784.0,41950.5,44043.5,45755.0,47417.0,50283.5,52167.5,55826.0,55284.5,54741.0,52992.0,50802.5,46604.5,43366.0,41117.0,40561.5,40444.0,41221.5,41665.0,43726.0,45069.0
300,2,48,40,40,40,38,37,36,36,38,38,39,41,42,44,43,42,40,38,35,32,30,29,29,29,29,30,41265.5,42802.0,43020.5,41938.0,41321.0,40752.5,41918.0,44008.0,45717.0,47377.0,50238.5,52120.0,55772.5,55233.0,54691.5,52946.5,50761.0,46571.5,43339.5,41095.0,40541.0,40424.0,41200.0,41642.5,43700.0
300,2,49,45,43,44,43,42,40,39,40,41,42,43,45,46,48,47,46,44,41,38,34,32,31,31,31,31,42294.0,41231.5,42764.0,42981.5,41900.0,41284.5,40719.0,41883.0,43970.0,45676.5,47334.5,50191.0,52070.0,55716.5,55179.0,54639.5,52898.5,50717.0,46536.0,43310.0,41070.5,40517.5,40401.0,41175.5,41617.5
300,2,50,50,48,46,47,46,44,43,42,42,44,45,45,48,49,51,50,49,47,44,40,37,35,34,33,33,43402.0,42255.5,41194.0,42722.5,42939.0,41860.0,41247.0,40684.0,41846.5,43930.5,45635.0,47290.5,50142.5,52019.0,55659.5,55124.0,54586.0,52849.0,50672.5,46499.5,43279.5,41044.5,40492.0,40376.0,41149.5
300,2,51,59,54,52,50,50,51,48,47,45,45,47,49,50,52,53,56,55,54,51,48,44,40,38,37,36,45859.5,43359.0,42213.5,41153.0,42677.5,42893.5,41818.5,41208.0,40647.0,41808.5,43888.5,45591.5,47244.0,50092.0,51965.5,55600.5,55066.5,54530.5,52797.5,50626.0,46461.0,43247.0,41016.0,40465.0,40349.0
300,2,52,68,63,59,56,54,55,54,52,51,49,50,50,54,53,56,57,60,59,57,55,53,47,43,41,40,48613.5,45805.0,43310.0,42166.0,41107.0,42629.0,42845.5,41774.0,41166.5,40607.5,41767.5,43844.5,45544.5,47195.0,50038.5,51909.5,55538.0,55006.0,54472.0,52743.0,50576.0,46419.5,43212.0,40985.0,40435.5
300,2,53,76,75,69,64,61,60,60,59,56,56,53,54,57,57,59,61,62,66,65,63,59,56,51,48,44,48393.5,48545.5,45744.5,43255.5,42114.0,41057.5,42578.0,42795.5,41727.5,41122.0,40565.5,41724.0,43798.0,45495.0,47143.5,49982.5,51851.0,55473.0,54943.0,54411.0,52686.0,50523.5,46375.5,43174.5,40952.0
300,2,54,86,82,80,75,70,66,63,65,65,62,60,58,58,61,61,63,66,67,71,69,68,65,61,56,50,49273.0,48319.0,48472.0,45679.0,43196.0,42058.5,41006.0,42524.5,42743.0,41678.5,41075.0,40521.0,41678.5,43749.0,45444.0,47089.5,49924.0,51789.5,55405.5,54877.5,54347.0,52626.5,50469.0,46329.5,43135.0
300,2,55,94,92,87,87,80,75,72,70,70,69,67,65,62,63,65,68,68,72,73,78,76,73,70,66,60,49777.5,49189.0,48239.0,48393.0,45608.0,43132.0,41999.0,40951.0,42467.0,42686.5,41625.5,41025.0,40473.5,41629.5,43696.5,45389.0,47032.5,49861.5,51724.0,55333.5,54807.5,54279.0,52563.0,50410.5,46280.0
300,2,56,101,103,99,97,94,88,81,78,74,76,76,72,70,69,69,71,73,76,78,80,83,82,79,77,72,48038.0,49685.0,49099.5,48153.0,48308.0,45531.5,43064.0,41935.0,40891.5,42405.0,42625.5,41569.0,40971.0,40422.0,41576.5,43640.0,45329.5,46970.5,49794.5,51653.5,55256.5,54732.5,54206.5,52494.5,50347.5
300,2,57,109,110,112,109,104,103,96,89,84,82,83,82,79,76,74,76,78,79,80,85,86,91,89,87,82,46906.0,47942.0,49585.5,49003.0,48060.5,48217.0,45450.0,42991.5,41867.0,40828.0,42339.0,42560.5,41508.5,40913.5,40366.5,41519.5,43579.5,45266.5,46904.5,49723.0,51579.0,55175.0,54653.5,54129.5,52422.0
300,2,58,127,117,119,121,117,113,112,102,96,92,88,89,88,85,83,80,81,83,85,87,92,93,99,95,94,49650.5,46804.0,47838.0,49478.0,48899.0,47961.5,48119.5,45363.0,42913.0,41794.0,40759.0,42268.0,42490.5,41442.5,40851.0,40306.5,41458.0,43514.0,45198.5,46834.0,49646.0,51499.5,55087.5,54569.0,54047.0
300,2,59,152,140,129,129,131,128,123,122,114,105,101,95,99,97,94,90,88,89,92,94,96,99,102,108,106,52846.5,49526.5,46691.0,47723.5,49360.0,48785.0,47853.0,48013.0,45267.0,42826.0,41712.5,40682.5,42188.5,42412.5,41368.5,40780.5,40239.0,41389.0,43441.0,45122.5,46755.0,49561.5,51411.5,54991.5,54475.5
300,2,60,168,163,151,140,141,143,139,134,132,122,114,109,105,106,105,101,99,96,97,100,103,104,109,111,117,53409.0,52695.5,49389.0,46565.0,47596.0,49229.5,48659.5,47733.0,47895.0,45160.0,42729.0,41621.0,40596.0,42099.0,42324.5,41285.0,40700.5,40162.5,41310.5,43358.5,45036.5,46666.0,49466.5,51313.0,54885.0
300,2,61,189,186,181,167,154,156,158,155,148,146,136,125,122,117,119,118,112,109,106,107,111,113,116,120,123,53276.0,53237.0,52528.5,49236.0,46424.5,47454.0,49084.5,48519.5,47599.0,47763.0,45040.0,42620.0,41517.5,40497.5,41998.0,42224.5,41190.5,40609.5,40075.0,41221.0,43264.5,44939.0,46565.0,49359.0,51202.0
300,2,62,212,209,206,200,184,171,172,175,169,165,162,150,140,134,128,132,131,124,122,117,119,123,125,127,132,53341.0,53079.5,53043.0,52340.0,49064.0,46266.5,47295.0,48922.0,48362.0,47448.0,47614.0,44904.0,42495.5,41399.0,40385.5,41882.5,42110.0,41082.5,40505.0,39974.5,41118.0,43156.5,44827.5,46450.0,49237.5
300,2,63,216,233,227,223,218,202,186,188,191,187,179,177,165,153,146,141,144,143,137,132,130,129,134,137,139,48551.0,53119.5,52862.0,52828.0,52131.0,48873.5,46092.0,47119.0,48742.0,48187.5,47280.5,47448.5,44752.5,42356.0,41267.0,40260.0,41753.5,41982.0,40961.0,40387.5,39861.0,41002.5,43035.5,44702.5,46322.0
300,2,64,228,235,253,249,245,238,220,204,206,209,203,197,195,180,167,161,155,158,156,149,145,140,142,146,150,46056.5,48331.5,52878.5,52624.5,52593.5,51903.0,48665.5,45901.0,46926.0,48545.0,47996.0,47096.5,47267.0,44586.0,42203.0,41121.5,40121.0,41611.0,41841.0,40826.5,40258.0,39735.5,40875.0,42902.5,44565.0
300,2,65,244,247,255,277,270,266,258,239,222,223,227,222,214,211,196,182,175,168,170,168,163,157,153,155,160,44592.0,45828.0,48092.0,52615.0,52365.0,52338.0,51655.5,48439.0,45692.0,46715.5,48330.0,47787.0,46895.5,47068.5,44404.0,42035.5,40961.5,39968.0,41454.5,41686.5,40678.5,40115.5,39597.5,40734.5,42756.5
300,2,66,267,268,272,281,302,298,293,284,262,244,246,251,243,235,232,215,201,193,183,189,187,178,173,168,170,43487.0,44346.0,45576.0,47828.0,52326.0,52081.5,52059.0,51385.5,48191.0,45463.5,46485.0,48094.5,47558.5,46675.5,46851.0,44204.0,41850.5,40785.0,39800.0,41282.0,41516.0,40515.5,39958.0,39445.0,40579.5
300,2,67,301,293,294,297,309,333,326,322,313,289,268,270,275,269,260,256,238,221,212,205,208,205,197,192,185,43930.0,43218.5,44073.5,45297.5,47537.0,52010.0,51772.0,51754.0,51089.5,47919.0,45213.0,46232.0,47836.0,47308.0,46433.5,46612.5,43984.0,41647.0,40590.5,39614.5,41091.5,41328.0,40336.0,39784.0,39277.0
300,2,68,339,329,320,322,327,339,364,358,351,343,316,295,296,301,295,284,281,261,242,232,223,227,225,216,210,44154.0,43627.5,42923.5,43774.0,44992.0,47219.0,51665.5,51434.5,51422.0,50766.5,47622.5,44938.5,45956.0,47554.0,47033.5,46169.0,46351.5,43743.0,41424.5,40378.0,39410.5,40883.0,41122.0,40139.0,39593.0
300,2,69,379,369,360,349,351,356,368,398,390,385,375,346,321,324,330,321,310,306,285,265,254,244,248,246,236,44463.0,43814.5,43294.5,42599.0,43445.0,44657.5,46872.0,51290.0,51066.0,51059.5,50414.0,47298.5,44638.5,45654.0,47245.5,46733.5,45880.0,46066.0,43479.0,41180.0,40144.5,39187.0,40654.5,40895.5,39922.5
300,2,70,413,409,398,387,377,379,384,399,430,422,415,404,374,347,350,356,347,335,331,307,287,274,263,269,266,43893.0,44084.0,43444.5,42932.0,42245.5,43088.5,44296.0,46497.0,50884.0,50668.0,50667.5,50033.0,46947.5,44314.0,45326.5,46911.5,46409.0,45567.0,45757.0,43193.0,40914.5,39891.0,38944.5,40406.5,40650.0
300,2,71,454,450,446,433,423,411,412,419,433,467,458,453,440,407,378,381,388,378,365,361,334,312,299,287,293,43315.0,43477.0,43670.0,43040.5,42537.0,41861.5,42702.5,43904.0,46091.0,50444.5,50237.0,50243.0,49620.5,46567.5,43962.0,44971.5,46550.0,46057.0,45227.5,45421.5,42883.0,40626.5,39616.0,38681.0,40137.0
300,2,72,488,493,489,484,471,460,447,449,455,471,508,498,491,477,441,411,413,422,410,396,391,363,338,324,311,41916.5,42855.5,43020.0,43215.5,42597.0,42104.0,41442.0,42280.5,43475.5,45647.5,49964.5,49766.5,49779.0,49170.0,46152.5,43577.0,44584.0,46154.5,45672.5,44856.5,45055.0,42544.0,40311.5,39314.5,38392.0
300,2,73,560,530,536,531,526,512,500,486,489,494,512,551,541,533,518,480,445,450,458,446,430,424,394,367,352,43129.5,41419.5,42352.0,42519.5,42718.0,42112.5,41632.0,40984.0,41819.5,43008.5,45163.5,49441.5,49253.5,49273.5,48679.0,45699.5,43157.0,44161.0,45723.0,45253.0,44451.5,44655.5,42173.5,39967.5,38985.0
300,2,74,615,608,578,584,576,572,557,544,527,530,537,556,599,588,579,564,521,484,487,496,483,466,461,427,398,42424.0,42556.5,40875.5,41801.0,41972.5,42175.0,41585.0,41117.5,40485.0,41317.5,42499.5,44636.0,48872.0,48694.5,48723.0,48144.0,45205.5,42699.0,43699.5,45253.0,44795.5,44010.0,44219.5,41770.0,39592.5
300,2,75,669,666,660,627,632,627,622,604,588,571,575,582,603,651,639,629,612,564,524,528,538,524,506,499,465,41448.0,41793.0,41930.5,40281.0,41200.0,41376.5,41584.0,41011.0,40558.0,39942.5,40771.5,41945.5,44062.5,48252.5,48086.5,48124.5,47562.0,44669.0,42201.0,43198.0,44742.0,44298.0,43530.0,43745.5,41331.0
300,2,76,771,729,727,720,681,690,682,676,658,642,623,626,634,656,708,694,684,665,615,572,574,585,569,550,544,42534.5,40757.0,41104.0,41247.0,39633.0,40545.0,40728.0,40941.0,40386.0,39949.0,39351.5,40177.0,41343.0,43438.5,47578.5,47425.5,47473.5,46929.0,44085.0,41659.0,42652.5,44186.0,43757.0,43007.5,43229.5
300,2,77,899,845,800,796,789,748,754,748,741,720,702,681,686,696,719,776,762,750,730,674,627,631,643,625,604,43812.5,41734.0,39999.5,40349.0,40498.0,38923.5,39828.5,40018.5,40238.0,39702.5,39282.5,38705.0,39527.0,40684.0,42756.0,46841.5,46702.5,46761.5,46236.5,43445.5,41065.5,42055.0,43577.0,43165.0,42435.5
300,2,78,1049,987,929,879,874,866,821,828,821,814,791,771,749,753,764,789,852,836,824,802,740,689,694,706,688,44991.5,42877.0,40854.0,39166.5,39519.0,39675.5,38144.0,39042.5,39239.0,39465.5,38952.0,38551.0,37995.0,38813.0,39959.5,42006.5,46032.0,45908.0,45979.0,45475.0,42743.0,40413.0,41397.5,42907.0,42513.0
300,2,79,1169,1148,1079,1015,961,957,948,898,907,898,891,867,845,820,826,837,867,935,918,905,880,814,757,762,777,44140.0,43899.5,41849.5,39887.5,38251.5,38607.5,38773.0,37289.0,38179.5,38384.0,38617.5,38127.5,37747.5,37215.0,38028.0,39163.5,41182.5,45142.0,45034.5,45118.0,44637.5,41969.5,39694.5,40674.0,42169.0
310,1,0,0,0,0,0,0,0,0,0,0,0,0,0,0,0,0,0,0,0,0,0,0,0,0,0,0,58.5,67.0,76.5,79.0,79.0,79.0,79.5,79.5,80.0,80.5,80.5,81.0,81.5,81.5,82.0,82.0,82.0,82.0,82.0,82.0,82.0,82.0,82.0,82.0,82.0
310,1,1,0,0,0,0,0,0,0,0,0,0,0,0,0,0,0,0,0,0,0,0,0,0,0,0,0,215.0,228.0,260.0,283.0,288.0,288.5,289.0,290.0,291.0,292.0,293.5,294.5,296.0,297.5,298.5,299.5,299.5,299.5,299.5,299.5,299.5,299.5,299.5,299.5,299.5
310,1,2,0,0,0,0,0,0,0,0,0,0,0,0,0,0,0,0,0,0,0,0,0,0,0,0,0,389.0,398.5,439.5,489.5,515.5,521.0,522.0,523.5,525.0,527.5,529.0,531.5,534.0,536.5,539.0,541.0,542.0,542.0,542.0,542.0,542.0,542.0,542.0,542.0,542.0
310,1,3,0,0,0,0,0,0,0,0,0,0,0,0,0,0,0,0,0,0,0,0,0,0,0,0,0,470.5,533.0,568.0,625.0,676.5,701.0,707.0,708.5,710.5,713.0,716.0,718.5,721.5,725.0,728.5,731.5,733.5,734.5,734.5,734.5,734.5,734.5,734.5,734.5,734.5
310,1,4,0,0,0,0,0,0,0,0,0,0,0,0,0,0,0,0,0,0,0,0,0,0,0,0,0,582.5,590.0,672.5,722.5,781.0,830.0,853.5,859.5,861.5,864.0,867.0,870.5,874.0,877.5,881.5,885.5,888.5,890.5,891.0,891.0,891.0,891.0,891.0,891.0,891.0
310,1,5,0,0,0,0,0,0,0,0,0,0,0,0,0,0,0,0,0,0,0,0,0,0,0,0,0,706.5,679.5,709.0,802.0,853.5,909.0,955.5,978.0,984.0,987.0,990.0,993.5,997.5,1002.0,1006.5,1010.5,1014.0,1017.0,1019.0,1019.5,1019.5,1019.5,1019.5,1019.5,1019.5
310,1,6,0,0,0,0,0,0,0,0,0,0,0,0,0,0,0,0,0,0,0,0,0,0,0,0,0,792.5,786.0,780.5,822.5,914.0,963.0,1016.0,1060.0,1081.5,1088.0,1091.5,1095.0,1099.5,1104.0,1109.0,1114.0,1118.0,1121.0,1124.0,1125.5,1126.5,1126.5,1126.5,1126.5,1126.5
310,1,7,0,0,0,0,0,0,0,0,0,0,0,0,0,0,0,0,0,0,0,0,0,0,0,0,0,942.5,859.0,871.0,878.5,922.0,1009.0,1056.0,1106.0,1148.5,1169.5,1176.5,1180.0,1184.0,1189.0,1194.0,1199.0,1204.0,1208.0,1211.0,1213.5,1215.0,1215.5,1215.5,1215.5,1215.5
310,1,8,0,0,0,0,0,0,0,0,0,0,0,0,0,0,0,0,0,0,0,0,0,0,0,0,0,1028.5,994.0,931.0,954.0,964.5,1006.0,1089.5,1134.5,1182.0,1223.0,1243.5,1250.5,1254.5,1259.0,1264.0,1269.0,1274.0,1278.5,1282.0,1285.0,1287.5,1289.0,1289.5,1289.5,1289.5
310,1,9,0,0,0,0,0,0,0,0,0,0,0,0,0,0,0,0,0,0,0,0,0,0,0,0,0,1151.0,1074.0,1056.5,1007.0,1032.0,1042.5,1082.0,1162.5,1206.0,1252.0,1291.5,1311.5,1318.0,1322.5,1327.5,1332.0,1337.0,1342.0,1346.0,1349.0,1352.0,1354.5,1356.0,1356.5,1356.5
310,1,10,0,0,0,0,0,0,0,0,0,0,0,0,0,0,0,0,0,0,0,0,0,0,0,0,0,1248.0,1190.5,1131.0,1125.0,1080.0,1104.5,1114.5,1153.5,1231.0,1273.0,1317.5,1356.0,1375.5,1382.0,1387.0,1392.0,1396.0,1401.0,1405.5,1409.5,1412.5,1415.5,1417.5,1419.5,1419.5
310,1,11,0,0,0,0,0,0,0,0,0,0,0,0,0,0,0,0,0,0,0,0,0,0,0,0,0,1364.5,1286.0,1243.0,1194.5,1191.5,1148.5,1172.0,1182.0,1220.0,1295.0,1336.0,1379.5,1417.0,1436.0,1443.0,1448.0,1452.5,1457.0,1461.5,1465.5,1469.5,1472.5,1475.5,1477.5,1479.5
310,1,12,0,0,0,0,0,0,0,0,0,0,0,0,0,0,0,0,0,0,0,0,0,0,0,0,0,1422.5,1401.0,1336.5,1301.5,1256.0,1253.5,1212.0,1235.0,1245.0,1281.5,1354.5,1395.0,1437.5,1474.0,1493.0,1500.0,1504.5,1508.5,1513.5,1517.5,1521.5,1525.5,1528.5,1531.5,1533.5
310,1,13,0,0,0,0,0,0,0,0,0,0,0,0,0,0,0,0,0,0,0,0,0,0,0,0,0,1502.5,1455.5,1445.5,1389.5,1357.0,1313.0,1310.5,1270.5,1293.5,1303.5,1339.0,1410.0,1449.5,1491.0,1526.5,1545.0,1552.0,1556.0,1560.0,1565.0,1569.0,1573.0,1576.5,1579.5,1582.5
310,1,14,0,0,0,0,0,0,0,0,0,0,0,0,0,0,0,0,0,0,0,0,0,0,0,0,0,1496.5,1534.0,1498.0,1494.0,1440.5,1409.0,1367.0,1364.0,1326.0,1348.5,1358.5,1393.0,1462.5,1500.5,1541.0,1575.5,1593.5,1600.5,1604.5,1608.5,1613.0,1617.0,1621.0,1624.5,1627.0
310,1,15,0,0,0,0,0,0,0,0,0,0,0,0,0,0,0,0,0,0,0,0,0,0,0,0,0,1562.5,1527.0,1572.0,1542.5,1539.5,1487.5,1457.0,1416.0,1413.5,1376.5,1398.5,1408.5,1442.5,1510.5,1547.0,1586.5,1620.5,1638.0,1645.0,1649.0,1652.5,1656.5,1660.5,1664.5,1668.5
310,1,16,0,0,0,0,0,0,0,0,0,0,0,0,0,0,0,0,0,0,0,0,0,0,0,0,0,1839.0,1601.0,1571.5,1620.0,1592.0,1589.0,1539.0,1509.0,1469.0,1467.0,1430.5,1452.5,1462.5,1496.0,1562.0,1598.0,1636.5,1670.0,1687.0,1693.5,1697.5,1701.0,1704.5,1708.5,1712.5
310,1,17,0,0,0,0,0,0,0,0,0,0,0,0,0,0,0,0,0,0,0,0,0,0,0,0,0,1763.0,1878.5,1649.0,1623.0,1671.5,1644.0,1641.0,1592.5,1563.0,1524.0,1522.0,1486.5,1508.0,1518.0,1550.5,1615.0,1650.5,1688.5,1721.0,1737.5,1743.5,1747.5,1751.5,1755.0,1759.0
310,1,18,1,1,1,0,0,0,0,0,0,0,0,0,0,0,0,0,0,0,0,0,0,0,0,0,0,1853.5,1805.5,1921.0,1699.0,1675.0,1723.0,1696.0,1693.5,1646.0,1617.5,1579.0,1577.5,1543.0,1564.0,1574.0,1606.0,1669.0,1704.0,1741.0,1772.5,1789.0,1795.0,1799.0,1802.5,1806.5
310,1,19,1,1,1,1,1,1,1,1,1,1,1,1,1,0,0,0,0,1,1,1,1,1,1,1,1,1860.5,1928.0,1885.0,2002.0,1785.5,1762.5,1810.0,1784.0,1782.0,1735.5,1708.5,1671.5,1671.0,1638.0,1659.0,1668.5,1700.0,1761.5,1796.0,1831.5,1862.5,1879.0,1885.0,1888.5,1892.0
310,1,20,1,1,1,1,1,1,1,1,1,1,1,1,1,1,1,1,1,1,1,1,1,1,1,1,1,1996.0,1987.5,2057.5,2024.5,2141.5,1931.5,1910.0,1956.5,1932.5,1930.5,1886.5,1861.0,1826.0,1826.5,1795.5,1816.5,1825.5,1856.0,1916.0,1949.5,1984.0,2014.0,2030.0,2036.0,2039.0
310,1,21,1,1,1,1,1,1,1,1,1,1,1,1,1,1,1,1,1,1,1,1,1,1,1,1,1,2195.0,2163.5,2160.5,2236.0,2210.0,2323.0,2121.5,2101.0,2147.0,2124.5,2123.5,2082.5,2059.0,2026.0,2028.0,1998.5,2019.0,2028.0,2057.5,2115.0,2147.5,2181.0,2209.5,2225.0,2231.0
310,1,22,1,1,1,1,1,1,1,1,1,1,1,1,1,1,1,1,1,1,1,1,1,1,1,1,1,2458.5,2413.0,2389.5,2397.5,2477.0,2452.5,2562.5,2369.5,2351.0,2396.5,2376.0,2376.5,2338.5,2317.5,2288.0,2290.5,2262.0,2281.5,2290.5,2318.5,2374.0,2405.0,2437.5,2465.0,2479.5
310,1,23,1,1,1,1,1,1,1,1,1,1,1,1,1,1,1,1,1,1,1,1,1,1,1,1,1,2677.0,2749.5,2714.0,2704.5,2720.5,2797.5,2774.5,2881.5,2698.0,2682.5,2727.0,2709.5,2712.0,2678.0,2660.0,2633.0,2635.0,2608.0,2626.5,2635.0,2662.0,2715.5,2744.5,2775.5,2802.0
310,1,24,1,1,1,1,1,1,1,1,1,1,1,1,1,1,1,1,1,1,1,1,1,1,1,1,1,3091.0,3006.0,3084.0,3067.0,3068.5,3084.5,3159.0,3139.0,3241.5,3070.0,3057.0,3101.5,3087.0,3092.0,3062.0,3046.5,3020.5,3022.5,2997.5,3015.0,3022.5,3048.5,3099.0,3126.5,3156.0
310,1,25,1,1,1,1,1,1,1,1,1,1,1,1,1,1,1,1,1,1,1,1,1,1,1,1,1,3258.0,3392.0,3331.0,3428.0,3425.5,3428.0,3444.5,3516.5,3499.5,3598.0,3438.5,3428.5,3473.0,3462.0,3469.5,3442.5,3427.5,3403.5,3405.5,3382.0,3398.5,3405.5,3429.5,3477.0,3503.5
310,1,26,1,1,1,1,1,1,1,1,1,1,1,1,1,1,1,1,1,1,1,1,1,1,1,1,1,3561.5,3497.5,3664.5,3641.0,3750.5,3749.5,3753.0,3770.5,3840.0,3825.5,3920.5,3772.5,3766.0,3810.0,3802.5,3811.0,3786.0,3772.0,3749.5,3751.5,3729.0,3744.5,3751.5,3774.0,3818.5
310,1,27,1,1,1,2,2,2,2,2,2,2,2,2,1,1,1,1,1,1,1,1,1,1,1,1,1,3649.5,3712.5,3718.5,3929.0,3930.0,4034.0,4034.5,4039.5,4057.5,4124.0,4113.0,4203.5,4067.5,4064.0,4108.0,4102.0,4110.0,4086.5,4074.0,4052.5,4054.5,4033.5,4048.0,4054.5,4076.0
310,1,28,2,2,2,2,2,2,2,2,2,2,2,2,2,2,2,2,2,2,2,2,1,1,1,1,1,3720.5,3774.5,3896.5,3958.0,4179.5,4181.5,4280.5,4282.5,4288.5,4307.0,4371.5,4363.5,4450.0,4325.5,4324.5,4367.0,4361.5,4369.5,4347.0,4335.0,4315.0,4317.0,4297.5,4311.0,4317.0
310,1,29,2,2,2,2,2,2,2,2,2,2,2,2,2,2,2,2,2,2,2,2,2,2,2,2,2,3841.5,3829.0,3940.0,4107.0,4188.0,4397.0,4400.5,4494.5,4498.0,4505.0,4524.5,4587.0,4581.5,4665.5,4551.0,4551.0,4591.0,4586.0,4593.5,4572.5,4561.0,4542.5,4544.0,4525.5,4538.5
310,1,30,2,2,2,2,2,2,2,2,2,2,2,2,2,2,2,2,2,2,2,2,2,2,2,2,2,3987.5,3929.0,3981.0,4142.0,4321.0,4398.5,4596.5,4601.0,4691.0,4695.5,4704.5,4725.0,4785.5,4782.5,4864.0,4757.5,4757.5,4795.0,4790.5,4797.0,4777.5,4767.0,4749.5,4751.0,4733.5
310,1,31,2,2,2,2,2,2,2,2,2,2,2,2,2,2,2,2,2,2,2,2,2,2,2,2,2,4035.5,4048.0,4061.0,4170.0,4349.5,4519.5,4594.0,4782.0,4787.5,4874.0,4880.0,4890.5,4912.0,4971.5,4970.5,5048.5,4948.0,4948.5,4983.5,4979.5,4985.5,4967.0,4957.0,4940.5,4942.5
310,1,32,2,2,2,2,2,2,2,2,2,2,2,2,2,2,2,2,2,2,2,2,2,2,2,2,2,4234.5,4087.5,4166.5,4240.0,4370.0,4541.0,4703.0,4775.0,4954.0,4961.0,5044.5,5052.0,5064.0,5086.0,5144.5,5145.0,5219.0,5123.5,5124.0,5157.5,5153.5,5159.5,5142.0,5132.5,5117.0
310,1,33,2,2,2,2,2,2,2,2,2,2,2,2,2,2,2,2,2,2,2,2,2,2,2,2,2,4309.5,4257.5,4189.5,4326.5,4425.5,4549.5,4713.0,4868.0,4938.0,5109.5,5118.0,5199.0,5208.0,5221.0,5244.0,5300.5,5301.5,5371.5,5281.0,5281.0,5313.5,5309.5,5315.0,5298.5,5290.0
310,1,34,2,2,2,2,2,2,2,2,2,2,2,2,2,2,2,2,2,2,2,2,2,2,2,2,2,4598.0,4315.5,4336.0,4335.0,4494.5,4589.5,4708.5,4865.5,5015.0,5082.5,5247.5,5257.0,5336.0,5346.5,5360.5,5384.0,5437.5,5438.5,5505.5,5419.0,5419.5,5450.0,5446.5,5451.5,5436.0
310,1,35,3,2,2,2,2,2,2,2,3,3,3,3,3,3,3,3,3,3,3,3,2,2,2,2,2,4602.5,4577.0,4382.5,4464.5,4493.5,4646.5,4738.0,4853.0,5004.0,5148.5,5214.0,5373.0,5383.5,5461.0,5472.5,5487.5,5509.5,5561.0,5561.5,5626.0,5543.0,5544.0,5572.5,5569.5,5574.5
310,1,36,3,3,3,2,2,2,3,3,3,3,3,3,3,3,3,3,3,3,3,3,3,3,3,3,3,4669.5,4580.5,4622.5,4498.5,4605.5,4634.0,4781.5,4870.0,4981.5,5127.0,5266.5,5330.5,5484.5,5496.0,5572.0,5584.0,5598.5,5619.5,5669.0,5669.5,5731.0,5652.0,5652.5,5680.0,5677.0
310,1,37,3,3,3,3,3,3,3,3,3,3,3,3,3,3,3,3,3,3,3,3,3,3,3,3,3,4953.0,4640.0,4618.0,4715.5,4624.0,4727.5,4755.5,4898.0,4984.0,5092.0,5233.0,5367.5,5430.5,5580.0,5592.5,5666.5,5678.0,5691.5,5712.0,5759.5,5760.0,5819.0,5743.5,5743.5,5770.5
310,1,38,3,3,3,3,3,3,3,3,3,3,3,3,3,3,3,3,3,3,3,3,3,3,3,3,3,5073.5,4901.5,4667.5,4701.5,4821.5,4734.0,4834.5,4862.5,5000.5,5084.0,5189.0,5326.0,5456.5,5518.5,5664.0,5676.5,5748.0,5759.0,5772.0,5791.5,5837.5,5837.5,5894.5,5822.0,5822.0
310,1,39,3,3,3,3,3,3,3,3,3,3,3,3,3,3,3,3,3,3,3,3,3,3,3,3,3,4944.0,5015.5,4913.5,4745.5,4803.5,4920.0,4836.0,4934.0,4961.5,5095.5,5177.0,5279.5,5413.0,5540.5,5601.5,5742.5,5754.5,5823.0,5834.0,5846.5,5865.5,5909.5,5910.0,5965.0,5895.0
310,1,40,4,3,4,3,3,3,3,3,3,3,3,3,3,3,3,3,3,3,3,3,3,3,3,3,3,5128.0,4898.5,5024.0,4980.0,4844.5,4901.0,5014.5,4934.0,5029.5,5057.0,5187.5,5267.5,5367.5,5498.0,5622.5,5682.5,5818.0,5830.0,5896.0,5907.0,5919.0,5937.5,5980.0,5980.5,6033.5
310,1,41,4,4,4,4,4,4,4,4,4,4,4,4,4,4,4,4,4,4,4,4,4,4,4,4,4,4989.5,5081.0,4916.5,5087.0,5068.5,4938.0,4993.5,5104.0,5027.0,5120.0,5148.0,5275.5,5354.0,5452.0,5579.5,5701.0,5759.0,5890.5,5902.0,5966.0,5976.5,5988.5,6006.0,6047.5,6048.0
310,1,42,5,4,5,4,4,4,4,4,4,4,4,4,4,4,4,4,4,4,4,4,4,4,4,4,4,4948.5,4947.5,5086.0,4975.5,5164.0,5146.5,5021.0,5075.5,5183.5,5110.0,5201.0,5229.0,5353.5,5431.0,5527.5,5651.0,5769.0,5825.5,5953.5,5964.5,6026.5,6036.5,6048.0,6065.0,6105.0
310,1,43,5,5,5,5,5,5,5,5,5,5,5,5,5,5,5,5,5,5,5,5,5,5,5,5,5,5170.5,4906.0,4951.5,5128.0,5042.5,5226.0,5210.0,5088.5,5142.5,5248.0,5177.5,5267.0,5295.0,5417.0,5493.5,5587.5,5707.5,5821.5,5876.5,6000.5,6011.5,6071.5,6081.5,6092.5,6109.5
310,1,44,6,6,6,6,6,5,6,6,5,5,5,5,5,5,5,5,5,5,5,5,5,5,5,5,5,5155.5,5115.5,4906.5,4991.0,5182.0,5099.5,5278.5,5263.5,5146.0,5199.5,5302.5,5235.0,5323.0,5351.5,5471.0,5545.5,5636.5,5754.0,5864.5,5917.5,6038.0,6049.0,6107.0,6117.0,6128.0
310,1,45,7,7,7,6,6,6,6,6,6,6,6,6,6,6,6,6,6,6,6,6,6,6,6,6,6,5084.5,5098.0,5104.5,4943.5,5044.5,5230.5,5151.0,5326.0,5311.5,5198.5,5251.0,5352.5,5287.5,5374.0,5403.0,5519.5,5592.0,5680.5,5794.5,5902.5,5954.0,6071.0,6082.0,6138.5,6148.0
310,1,46,7,7,7,7,7,7,7,7,7,7,6,6,6,6,6,6,6,6,6,6,6,6,6,6,6,5160.0,5029.0,5083.5,5132.5,4995.0,5094.0,5275.5,5198.5,5369.5,5356.5,5247.0,5299.0,5399.0,5336.5,5421.5,5450.5,5564.0,5635.0,5721.0,5831.5,5937.0,5987.5,6101.0,6111.5,6167.0
310,1,47,8,8,7,7,7,7,7,7,7,7,7,7,7,7,7,7,7,7,7,7,7,7,7,7,7,5188.5,5106.0,5017.0,5107.0,5175.5,5042.0,5139.0,5316.5,5242.0,5409.5,5397.5,5291.5,5343.5,5441.5,5382.0,5465.0,5493.5,5604.0,5673.5,5757.5,5865.0,5968.0,6017.0,6128.0,6138.0
310,1,48,9,8,8,8,8,8,8,8,8,8,8,8,7,7,7,7,7,7,7,7,7,7,7,7,7,5113.5,5132.5,5087.0,5034.0,5140.0,5207.0,5078.0,5173.0,5346.5,5275.0,5439.0,5428.0,5325.5,5377.0,5473.0,5416.0,5497.0,5524.5,5632.5,5700.5,5782.5,5887.5,5988.0,6036.0,6144.5
310,1,49,9,9,9,9,9,9,9,8,8,9,8,8,8,8,8,8,8,8,8,8,8,8,8,8,8,5046.0,5055.0,5105.0,5093.0,5058.0,5161.5,5227.0,5102.0,5195.0,5365.5,5296.5,5457.0,5447.0,5348.0,5399.0,5493.0,5437.5,5517.0,5543.5,5649.0,5715.5,5795.5,5898.5,5996.0,6043.5
310,1,50,10,10,10,10,10,10,10,10,9,9,9,9,9,9,9,9,9,9,9,8,9,9,9,9,9,5096.5,4979.0,5020.0,5100.5,5105.5,5072.0,5173.5,5238.0,5116.5,5208.0,5375.0,5308.5,5465.5,5456.5,5361.0,5411.0,5503.5,5449.0,5527.0,5553.0,5656.0,5721.0,5799.5,5900.0,5995.0
310,1,51,11,11,11,11,11,11,11,11,11,10,10,10,10,10,10,10,10,10,9,9,9,9,9,9,9,4830.0,5019.0,4938.5,5011.0,5106.5,5111.5,5079.0,5179.0,5243.0,5124.5,5214.5,5378.5,5314.0,5468.0,5460.5,5367.5,5416.5,5507.0,5454.0,5530.0,5556.0,5656.5,5720.0,5797.0,5895.5
310,1,52,13,13,13,13,13,13,13,13,13,13,12,12,12,12,12,12,12,11,11,11,11,11,11,11,11,4761.0,4760.0,4976.5,4931.5,5019.0,5113.5,5118.5,5087.5,5186.0,5249.0,5133.5,5222.5,5384.0,5321.0,5473.0,5466.0,5375.0,5423.0,5511.5,5460.0,5534.5,5560.0,5658.5,5721.0,5796.5
310,1,53,14,14,14,15,14,14,14,14,14,14,14,13,13,13,13,13,13,13,13,13,12,12,12,12,12,4464.5,4684.5,4717.0,4962.0,4936.0,5022.5,5115.5,5121.0,5091.5,5188.5,5250.5,5138.0,5226.0,5385.0,5324.0,5473.5,5466.5,5377.5,5424.5,5512.0,5461.5,5534.5,5559.5,5656.5,5718.0
310,1,54,15,15,15,15,16,16,16,16,15,15,15,15,14,14,15,14,14,14,14,14,14,13,13,13,13,4245.0,4390.0,4636.0,4702.0,4959.0,4934.5,5019.5,5111.0,5117.0,5089.0,5184.5,5246.0,5136.5,5223.0,5379.5,5320.5,5467.0,5460.5,5373.5,5420.0,5506.0,5456.5,5528.0,5553.0,5648.0
310,1,55,16,16,16,17,17,17,17,17,17,17,16,16,16,15,15,16,15,15,15,15,15,15,14,14,14,4133.0,4178.0,4347.5,4617.5,4700.0,4952.5,4929.0,5012.5,5102.5,5109.0,5082.0,5176.5,5237.5,5131.0,5216.5,5370.0,5312.5,5456.5,5450.5,5365.5,5411.0,5495.0,5447.0,5517.5,5542.0
310,1,56,18,17,17,17,18,18,19,18,18,18,18,18,18,18,17,17,17,17,17,17,16,16,16,16,16,4152.5,4077.5,4144.5,4333.5,4611.5,4693.0,4941.0,4918.5,5001.0,5089.5,5096.5,5070.5,5164.0,5224.5,5121.0,5205.5,5356.0,5299.5,5441.0,5435.5,5352.5,5397.0,5479.5,5433.0,5502.5
310,1,57,20,19,18,18,19,20,20,20,20,20,20,19,19,19,19,18,18,18,18,18,18,17,17,17,17,4217.5,4096.0,4043.0,4128.0,4324.0,4597.0,4677.5,4921.0,4899.5,4981.0,5068.5,5076.0,5051.5,5144.0,5203.5,5102.5,5186.0,5334.0,5279.0,5417.5,5412.5,5331.5,5375.5,5456.5,5411.0
310,1,58,23,21,20,20,20,20,21,21,22,21,21,21,21,20,20,20,20,20,20,19,19,19,19,18,18,4435.5,4156.0,4056.5,4022.5,4115.5,4308.5,4577.0,4656.5,4895.5,4875.0,4955.5,5042.5,5050.5,5027.0,5118.0,5177.5,5078.5,5160.5,5306.0,5253.0,5389.0,5384.0,5305.0,5348.5,5428.5
310,1,59,25,25,23,22,21,21,22,23,23,23,23,23,23,22,22,22,22,21,21,21,21,21,21,20,20,4381.5,4368.0,4113.5,4034.0,4009.5,4101.0,4291.0,4555.0,4633.5,4869.0,4849.5,4929.0,5015.5,5024.0,5001.5,5091.0,5150.0,5053.5,5134.0,5277.0,5225.5,5359.5,5355.0,5277.0,5320.5
310,1,60,25,27,26,24,23,23,23,23,24,24,25,25,24,24,24,24,24,23,23,23,23,22,22,22,21,4010.0,4313.5,4317.5,4085.0,4015.5,3992.5,4083.0,4269.5,4529.0,4607.0,4839.0,4820.5,4899.5,4984.5,4994.0,4972.5,5061.0,5118.5,5024.5,5104.0,5245.0,5194.5,5326.5,5322.5,5246.0
310,1,61,28,27,28,28,26,25,24,24,25,26,26,27,26,26,26,26,25,25,25,24,24,24,24,24,24,4085.0,3952.5,4263.0,4281.5,4062.0,3994.5,3972.5,4062.0,4246.0,4501.0,4578.5,4806.5,4789.5,4867.5,4952.0,4961.5,4941.0,5028.5,5085.5,4993.5,5072.0,5211.0,5161.5,5291.5,5288.0
310,1,62,32,30,29,31,30,28,27,27,27,27,28,28,29,29,28,28,28,27,27,27,26,26,26,26,26,4078.5,4027.5,3910.0,4225.5,4251.0,4036.5,3971.5,3950.0,4038.5,4220.0,4471.0,4547.5,4772.5,4756.5,4833.5,4917.5,4927.0,4907.5,4994.0,5050.5,4960.5,5038.0,5175.0,5126.5,5255.0
310,1,63,35,34,33,32,34,33,31,30,29,29,30,31,31,32,31,31,31,31,30,30,30,29,29,29,28,3999.5,4020.0,3981.0,3877.0,4191.5,4217.5,4008.0,3944.5,3924.5,4012.0,4190.5,4437.5,4513.5,4735.0,4720.0,4796.5,4879.0,4889.5,4870.5,4956.0,5012.0,4924.0,5000.5,5135.5,5088.5
310,1,64,36,37,37,36,34,36,36,33,32,32,32,32,34,34,35,34,34,34,33,32,32,32,31,31,31,3721.0,3933.0,3964.5,3938.5,3843.0,4151.5,4177.5,3973.5,3911.5,3893.0,3979.5,4155.0,4398.0,4473.5,4691.0,4677.0,4753.0,4834.5,4845.5,4827.0,4911.5,4967.0,4881.0,4957.0,5090.0
310,1,65,38,39,40,40,39,37,39,39,36,35,34,34,35,36,36,37,36,36,36,36,35,35,35,34,33,3534.5,3652.5,3870.5,3914.0,3895.5,3803.0,4105.0,4131.0,3932.5,3873.0,3855.5,3941.0,4113.5,4352.5,4427.0,4641.0,4627.5,4702.5,4783.0,4794.5,4777.0,4860.5,4915.5,4831.5,4906.5
310,1,66,42,40,41,43,42,41,40,42,41,39,37,37,37,38,39,39,40,39,39,39,38,38,38,37,36,3498.0,3462.5,3588.0,3812.0,3862.0,3844.5,3755.0,4050.5,4077.5,3884.0,3827.0,3810.5,3895.0,4064.5,4299.0,4372.5,4582.5,4570.0,4644.0,4723.5,4735.0,4719.0,4801.0,4856.0,4774.0
310,1,67,45,44,43,44,46,45,44,42,45,44,41,40,39,39,40,42,42,43,42,42,42,41,40,40,40,3367.5,3422.5,3397.5,3528.5,3753.0,3802.5,3786.5,3700.0,3989.5,4017.0,3829.0,3774.0,3759.0,3842.5,4009.0,4238.5,4311.0,4517.5,4506.0,4579.0,4657.5,4669.5,4654.5,4735.0,4789.5
310,1,68,47,47,47,47,46,49,48,47,45,49,47,44,43,42,42,43,45,45,46,45,45,45,44,43,43,3220.0,3298.0,3359.0,3342.5,3475.0,3694.5,3744.0,3729.5,3646.0,3930.0,3957.5,3775.0,3722.0,3708.5,3791.0,3954.5,4180.0,4251.5,4454.5,4444.0,4516.0,4593.5,4606.5,4592.0,4672.0
310,1,69,54,50,51,51,49,51,52,53,51,49,52,51,48,46,45,45,46,48,48,49,48,49,48,48,46,3323.0,3153.0,3235.5,3302.0,3290.0,3420.5,3636.0,3685.5,3672.5,3592.0,3870.0,3898.5,3721.0,3670.0,3658.0,3739.5,3900.0,4122.0,4192.5,4392.0,4382.5,4454.0,4531.0,4544.0,4531.0
310,1,70,60,57,54,53,53,52,53,56,55,54,52,54,54,51,48,48,49,49,52,51,53,52,51,52,51,3339.5,3255.5,3095.0,3180.0,3249.0,3238.5,3366.5,3578.5,3627.5,3616.0,3538.5,3811.5,3840.5,3668.0,3619.5,3608.5,3689.0,3847.5,4065.5,4135.5,4332.0,4323.5,4394.5,4471.0,4484.5
310,1,71,64,62,60,56,56,56,55,55,58,57,56,53,57,57,53,52,51,50,52,54,53,56,54,54,54,3269.0,3274.0,3195.5,3042.0,3128.0,3196.5,3187.0,3313.5,3521.5,3571.0,3560.5,3486.0,3754.5,3783.5,3616.0,3570.0,3559.5,3639.5,3796.0,4010.5,4080.5,4273.5,4266.5,4337.5,4413.0
310,1,72,69,66,65,63,58,59,59,57,59,61,61,59,58,61,59,56,54,53,54,55,56,57,58,57,57,3257.0,3198.0,3206.5,3133.0,2986.0,3071.0,3139.0,3131.0,3256.0,3460.0,3510.0,3501.0,3429.0,3692.5,3722.5,3559.5,3515.5,3506.0,3585.5,3739.5,3951.0,4020.5,4210.5,4205.0,4275.5
310,1,73,72,73,70,69,66,62,62,63,62,63,65,66,64,61,63,64,59,58,57,57,58,61,60,62,61,3082.5,3177.0,3123.5,3135.5,3066.5,2925.0,3008.5,3076.0,3069.5,3192.5,3393.0,3442.5,3435.5,3366.0,3625.0,3655.5,3497.5,3455.0,3447.0,3525.5,3677.5,3885.5,3954.5,4142.0,4137.5
310,1,74,74,75,76,73,72,69,65,66,65,63,65,67,67,66,64,68,66,63,60,59,59,61,63,64,65,2903.0,2999.0,3094.5,3046.0,3060.5,2995.0,2858.5,2941.0,3008.0,3003.0,3124.0,3321.0,3370.0,3364.5,3298.0,3552.0,3583.0,3430.0,3389.5,3383.0,3460.5,3610.0,3814.5,3883.0,4067.5
310,1,75,83,77,77,78,76,75,71,67,67,68,66,67,72,71,70,66,70,70,66,64,62,63,64,67,66,3004.0,2818.0,2914.5,3010.5,2966.0,2981.5,2919.5,2788.0,2869.5,2936.0,2933.0,3052.0,3244.5,3294.0,3289.5,3226.5,3474.5,3506.5,3358.0,3320.0,3315.0,3391.5,3538.5,3739.5,3807.5
310,1,76,93,86,79,81,81,78,77,74,69,70,70,69,71,73,73,71,69,73,73,68,66,65,64,66,70,3067.0,2907.0,2731.0,2828.0,2923.5,2882.0,2898.5,2840.0,2714.0,2794.5,2860.0,2858.5,2975.5,3163.5,3213.5,3210.5,3150.5,3393.0,3425.0,3282.0,3246.0,3242.5,3318.5,3463.0,3659.5
310,1,77,101,96,89,82,83,85,82,81,78,73,73,74,72,74,77,77,76,72,76,76,71,69,68,69,71,3053.0,2959.0,2809.0,2643.0,2739.0,2833.0,2794.5,2812.0,2756.5,2636.5,2716.0,2780.5,2780.5,2895.0,3079.0,3129.0,3127.5,3070.5,3307.5,3339.5,3202.5,3168.5,3166.0,3241.5,3383.0
310,1,78,118,107,101,94,87,89,90,87,86,83,77,79,78,77,79,83,82,81,79,82,81,78,75,74,74,3215.0,2935.0,2849.0,2709.0,2552.0,2646.0,2738.0,2702.5,2721.0,2669.0,2555.0,2633.0,2697.0,2698.5,2810.5,2990.0,3040.0,3039.5,2986.0,3217.5,3250.0,3118.0,3086.5,3085.0,3159.5
310,1,79,135,125,111,106,99,92,93,95,92,91,87,82,82,84,83,85,88,89,87,84,90,89,83,81,79,3266.0,3077.0,2814.0,2735.5,2604.5,2455.5,2547.5,2637.5,2605.0,2624.5,2576.5,2468.5,2545.0,2608.5,2611.0,2720.5,2895.5,2945.0,2946.0,2895.5,3121.0,3154.0,3027.5,2998.5,2998.5
310,2,0,0,0,0,0,0,0,0,0,0,0,0,0,0,0,0,0,0,0,0,0,0,0,0,0,0,56.0,63.5,72.5,74.5,75.0,75.0,75.0,75.5,75.5,76.0,76.5,76.5,77.0,77.5,77.5,77.5,77.5,77.5,77.5,77.5,77.5,77.5,77.5,77.5,77.5
310,2,1,0,0,0,0,0,0,0,0,0,0,0,0,0,0,0,0,0,0,0,0,0,0,0,0,0,217.5,218.5,248.0,270.0,274.5,275.5,276.0,276.5,277.5,278.0,279.5,281.0,281.5,283.0,284.5,285.0,285.0,285.0,285.0,285.0,285.0,285.0,285.0,285.0,285.0
310,2,2,0,0,0,0,0,0,0,0,0,0,0,0,0,0,0,0,0,0,0,0,0,0,0,0,0,344.5,391.5,419.5,466.5,491.5,496.5,497.5,499.0,500.5,502.0,503.5,505.5,508.0,510.0,512.0,514.0,515.0,515.0,515.0,515.0,515.0,515.0,515.0,515.0,515.0
310,2,3,0,0,0,0,0,0,0,0,0,0,0,0,0,0,0,0,0,0,0,0,0,0,0,0,0,483.0,482.0,549.5,593.0,641.5,665.0,670.5,672.0,674.0,676.0,678.5,681.0,683.5,686.5,690.0,692.0,694.0,695.0,695.0,695.0,695.0,695.0,695.0,695.0,695.0
310,2,4,0,0,0,0,0,0,0,0,0,0,0,0,0,0,0,0,0,0,0,0,0,0,0,0,0,551.0,591.5,612.5,692.5,737.0,783.0,805.5,811.5,813.5,816.0,818.5,821.5,825.0,828.0,831.5,835.5,837.5,839.5,840.5,840.5,840.5,840.5,840.5,840.5,840.5
310,2,5,0,0,0,0,0,0,0,0,0,0,0,0,0,0,0,0,0,0,0,0,0,0,0,0,0,744.0,643.0,701.0,736.0,815.5,858.0,901.5,923.0,929.0,931.5,934.5,937.5,941.0,945.0,948.5,952.5,956.0,958.0,960.0,960.5,960.5,960.5,960.5,960.5,960.5
310,2,6,0,0,0,0,0,0,0,0,0,0,0,0,0,0,0,0,0,0,0,0,0,0,0,0,0,777.0,817.5,741.5,810.5,847.5,922.5,963.0,1004.5,1025.5,1031.5,1034.5,1037.5,1041.0,1045.0,1049.0,1053.0,1057.0,1060.0,1062.0,1064.0,1064.0,1064.0,1064.0,1064.0,1064.0
310,2,7,0,0,0,0,0,0,0,0,0,0,0,0,0,0,0,0,0,0,0,0,0,0,0,0,0,909.0,840.0,895.5,836.0,905.0,940.5,1011.5,1050.0,1090.0,1110.5,1116.5,1120.0,1123.5,1127.5,1132.0,1136.0,1139.5,1143.5,1146.5,1148.5,1150.0,1150.5,1150.5,1150.5,1150.5
310,2,8,0,0,0,0,0,0,0,0,0,0,0,0,0,0,0,0,0,0,0,0,0,0,0,0,0,919.5,955.0,903.5,967.0,913.5,979.5,1013.5,1081.5,1119.0,1157.0,1177.0,1183.5,1187.5,1191.5,1196.0,1201.0,1205.0,1208.0,1212.0,1214.5,1216.5,1218.0,1218.5,1218.5,1218.5
310,2,9,0,0,0,0,0,0,0,0,0,0,0,0,0,0,0,0,0,0,0,0,0,0,0,0,0,1087.5,965.0,1012.5,973.0,1035.5,985.0,1048.5,1081.0,1147.0,1183.5,1220.0,1240.0,1247.0,1251.5,1256.0,1261.0,1265.5,1269.5,1272.5,1276.0,1278.5,1280.5,1282.0,1282.0,1282.0
310,2,10,0,0,0,0,0,0,0,0,0,0,0,0,0,0,0,0,0,0,0,0,0,0,0,0,0,1148.5,1126.0,1022.0,1077.0,1041.5,1102.0,1054.0,1115.0,1146.5,1210.5,1246.0,1282.0,1301.5,1309.0,1314.0,1319.0,1324.0,1328.0,1331.5,1335.0,1338.0,1340.5,1342.5,1343.5,1344.0
310,2,11,0,0,0,0,0,0,0,0,0,0,0,0,0,0,0,0,0,0,0,0,0,0,0,0,0,1237.0,1187.0,1176.5,1084.0,1139.5,1105.5,1164.5,1118.5,1177.5,1208.5,1270.5,1305.0,1340.5,1359.5,1367.5,1372.5,1377.5,1382.5,1386.0,1389.5,1393.0,1396.0,1398.0,1400.0,1401.0
310,2,12,0,0,0,0,0,0,0,0,0,0,0,0,0,0,0,0,0,0,0,0,0,0,0,0,0,1322.5,1274.5,1236.0,1232.0,1144.0,1198.0,1165.5,1222.5,1178.5,1236.0,1266.5,1327.0,1360.5,1395.5,1414.5,1422.5,1427.5,1432.0,1437.0,1440.0,1444.0,1447.0,1450.0,1452.0,1454.0
310,2,13,0,0,0,0,0,0,0,0,0,0,0,0,0,0,0,0,0,0,0,0,0,0,0,0,0,1308.5,1354.0,1316.5,1284.5,1282.0,1197.0,1249.5,1218.5,1273.5,1231.5,1287.5,1317.5,1377.0,1410.0,1444.5,1463.5,1471.0,1476.0,1480.0,1485.0,1488.0,1492.0,1495.0,1497.5,1500.0
310,2,14,0,0,0,0,0,0,0,0,0,0,0,0,0,0,0,0,0,0,0,0,0,0,0,0,0,1429.0,1341.0,1393.0,1361.0,1330.5,1329.0,1246.5,1297.5,1268.0,1322.0,1281.5,1336.5,1366.0,1424.5,1457.5,1491.0,1509.5,1516.5,1521.5,1525.5,1530.5,1533.5,1537.0,1540.0,1542.5
310,2,15,0,0,0,0,0,0,0,0,0,0,0,0,0,0,0,0,0,0,0,0,0,0,0,0,0,1505.5,1456.0,1377.0,1431.5,1401.0,1372.0,1370.5,1291.0,1341.0,1312.5,1365.5,1326.5,1381.0,1410.0,1467.5,1500.0,1533.0,1550.5,1557.5,1562.5,1566.5,1571.0,1574.5,1577.5,1580.5
310,2,16,0,0,0,0,0,0,0,0,0,0,0,0,0,0,0,0,0,0,0,0,0,0,0,0,0,1638.5,1539.0,1494.5,1421.0,1474.5,1445.0,1417.0,1415.5,1338.5,1388.0,1360.5,1412.5,1375.5,1429.0,1458.0,1514.5,1546.0,1578.5,1595.5,1602.5,1607.0,1611.5,1615.5,1619.0,1622.0
310,2,17,0,0,0,0,0,0,0,0,0,0,0,0,0,0,0,0,0,0,0,0,0,0,0,0,0,1740.5,1675.5,1579.5,1537.5,1466.5,1519.0,1490.5,1463.0,1462.5,1387.5,1436.0,1410.0,1462.0,1426.0,1479.0,1508.0,1563.5,1594.0,1626.0,1643.0,1649.5,1654.0,1658.5,1662.5,1665.5
310,2,18,0,0,0,0,0,0,0,0,0,0,0,0,0,0,0,0,0,0,0,0,0,0,0,0,0,1759.0,1789.0,1728.0,1636.0,1595.5,1526.5,1578.0,1550.5,1524.0,1524.0,1451.0,1499.0,1474.5,1526.0,1491.0,1543.5,1572.5,1626.5,1656.5,1688.0,1704.5,1711.0,1715.5,1719.5,1723.5
310,2,19,0,0,0,0,0,0,0,0,0,0,0,0,0,0,0,0,0,0,0,0,0,0,0,0,0,1821.0,1893.0,1926.0,1870.5,1782.0,1743.0,1676.0,1727.0,1701.0,1676.0,1676.5,1606.0,1654.0,1630.5,1681.5,1648.5,1699.5,1728.0,1780.0,1810.0,1840.0,1856.5,1863.0,1867.0,1871.0
310,2,20,0,0,0,0,0,0,0,0,0,0,0,0,0,0,0,0,0,0,0,0,0,0,0,0,0,2114.5,2046.0,2115.0,2152.5,2102.0,2017.0,1980.0,1916.0,1966.5,1942.5,1919.5,1921.0,1854.5,1902.0,1880.5,1931.0,1899.0,1948.5,1975.5,2026.0,2055.0,2084.0,2100.5,2106.5,2110.5
310,2,21,0,0,0,0,0,0,0,0,0,0,0,0,0,0,0,0,0,0,0,0,0,0,0,0,0,2320.0,2354.5,2283.5,2350.5,2390.0,2342.5,2262.0,2227.5,2167.0,2216.5,2194.5,2174.0,2177.0,2114.5,2161.5,2142.5,2191.0,2160.0,2207.5,2233.0,2282.0,2309.5,2337.5,2353.0,2359.0
310,2,22,0,0,0,0,0,0,0,0,0,0,0,0,0,0,0,0,0,0,0,0,0,0,0,0,0,2403.5,2585.5,2612.5,2547.0,2615.0,2654.0,2609.0,2534.0,2502.0,2445.5,2494.5,2475.0,2457.0,2462.0,2404.0,2450.0,2432.0,2478.0,2448.5,2493.5,2518.0,2564.5,2591.0,2617.5,2632.0
310,2,23,1,1,1,1,1,1,1,1,0,0,0,0,0,0,0,0,0,0,0,0,0,0,0,0,0,2969.0,2748.0,2913.5,2945.0,2888.5,2954.0,2992.5,2951.0,2881.5,2852.5,2801.5,2849.5,2833.5,2818.5,2825.5,2772.0,2816.0,2798.5,2842.0,2814.0,2857.0,2880.5,2924.0,2949.5,2974.5
310,2,24,1,1,1,1,1,1,1,1,1,1,1,1,1,1,1,1,0,0,0,0,0,0,0,0,0,3350.5,3309.0,3105.5,3273.0,3312.0,3260.5,3323.0,3361.0,3324.0,3260.0,3235.5,3190.0,3237.0,3224.5,3213.5,3221.5,3171.0,3212.5,3196.0,3237.0,3210.5,3251.0,3273.5,3314.5,3338.0
310,2,25,1,1,1,1,1,1,1,1,1,1,1,1,1,1,1,1,1,1,1,1,1,1,1,1,1,3472.5,3627.5,3601.0,3435.0,3606.0,3643.0,3596.5,3656.5,3694.0,3661.5,3604.0,3583.5,3543.5,3590.0,3581.0,3572.5,3580.0,3533.0,3571.5,3556.0,3594.5,3569.5,3607.5,3628.0,3667.0
310,2,26,1,1,1,1,1,1,1,1,1,1,1,1,1,1,1,1,1,1,1,1,1,1,1,1,1,3669.0,3664.0,3843.0,3845.5,3711.0,3870.5,3906.0,3864.5,3922.0,3958.5,3930.5,3879.5,3863.0,3828.0,3874.0,3867.5,3859.5,3866.5,3823.0,3858.5,3844.0,3879.5,3856.5,3892.0,3911.0
310,2,27,1,1,1,1,1,1,1,1,1,1,1,1,1,1,1,1,1,1,1,1,1,1,1,1,1,3759.5,3759.5,3811.0,4024.0,4046.0,3922.0,4071.5,4106.0,4069.0,4124.0,4159.5,4135.5,4090.5,4077.5,4047.0,4091.5,4085.5,4078.0,4084.5,4044.0,4077.0,4063.5,4096.5,4075.5,4108.0
310,2,28,1,1,1,1,1,1,1,1,1,1,1,1,1,1,1,1,1,1,1,1,1,1,1,1,1,3844.0,3831.5,3883.0,3974.5,4191.5,4213.0,4098.5,4239.5,4273.5,4240.5,4294.0,4329.0,4309.0,4269.5,4259.5,4233.0,4274.5,4268.5,4261.5,4267.5,4229.5,4260.5,4248.0,4279.0,4259.5
310,2,29,1,1,1,1,1,1,1,1,1,1,1,1,1,1,1,1,1,1,1,1,1,1,1,1,1,4063.0,3914.0,3948.5,4036.0,4137.5,4342.5,4363.5,4257.0,4391.0,4424.5,4395.0,4447.0,4481.5,4465.0,4429.5,4422.0,4397.5,4436.5,4430.5,4424.0,4429.5,4394.0,4423.0,4411.5,4440.5
310,2,30,1,1,1,1,1,1,1,1,1,1,1,1,1,1,1,1,1,1,1,1,1,1,1,1,1,4125.0,4100.0,4012.0,4088.0,4184.5,4281.0,4475.0,4496.0,4396.5,4524.0,4556.5,4530.0,4580.0,4613.5,4599.0,4566.5,4559.5,4536.0,4573.0,4567.5,4561.5,4566.5,4533.0,4560.5,4549.5
310,2,31,1,1,1,1,1,1,1,1,1,1,1,1,1,1,1,1,1,1,1,1,1,1,1,1,1,4064.0,4131.0,4162.5,4130.0,4223.0,4315.0,4407.0,4591.5,4612.0,4519.0,4640.0,4671.5,4647.0,4695.0,4727.5,4713.5,4683.0,4676.5,4654.0,4689.0,4684.0,4678.0,4683.0,4651.5,4677.5
310,2,32,1,1,1,1,1,1,1,1,1,1,1,1,1,1,1,1,1,1,1,1,1,1,1,1,1,4277.0,4071.0,4185.0,4261.5,4252.0,4341.0,4429.0,4517.0,4693.0,4713.0,4625.5,4741.0,4771.5,4748.5,4794.5,4825.5,4812.0,4783.0,4777.0,4755.5,4788.5,4784.0,4778.5,4783.0,4753.5
310,2,33,1,1,1,1,1,1,1,1,1,1,1,1,1,1,1,1,1,1,1,1,1,1,1,1,1,4163.0,4272.0,4122.5,4270.0,4361.5,4353.0,4438.0,4522.5,4607.0,4775.0,4795.0,4712.0,4822.5,4852.5,4831.0,4875.0,4904.0,4891.5,4864.0,4858.5,4838.0,4869.0,4865.0,4860.0,4864.0
310,2,34,1,1,1,1,1,1,1,1,1,1,1,1,1,1,1,1,1,1,1,1,1,1,1,1,1,4342.0,4172.0,4313.5,4205.0,4361.0,4449.0,4441.5,4523.0,4604.5,4686.0,4847.0,4866.5,4787.5,4893.5,4922.0,4902.0,4943.5,4971.5,4959.5,4933.5,4928.0,4908.5,4938.5,4934.5,4929.5
310,2,35,1,1,1,1,1,1,1,1,1,1,1,1,1,1,1,1,1,1,1,1,1,1,1,1,1,4390.0,4342.5,4215.5,4382.5,4290.5,4440.5,4525.0,4518.0,4597.0,4675.5,4754.0,4908.5,4927.0,4851.5,4953.5,4980.0,4961.0,5001.0,5028.0,5016.5,4991.5,4986.0,4967.5,4996.5,4992.5
310,2,36,1,1,1,1,1,1,1,1,1,1,1,1,1,1,1,1,1,1,1,1,1,1,1,1,1,4374.5,4378.5,4367.0,4276.0,4449.5,4361.0,4505.5,4587.0,4580.5,4656.5,4732.0,4807.5,4955.5,4973.0,4899.5,4997.5,5023.0,5004.5,5043.5,5069.0,5058.5,5034.0,5029.0,5011.0,5038.5
310,2,37,2,2,2,2,2,2,2,2,2,2,2,2,2,2,2,2,2,2,2,2,2,2,2,2,1,4457.5,4360.5,4396.0,4413.0,4337.0,4504.5,4419.0,4558.5,4637.0,4631.0,4704.0,4776.5,4848.5,4990.5,5006.5,4935.0,5029.0,5054.0,5036.0,5073.0,5098.0,5088.0,5064.5,5059.5,5042.0
310,2,38,2,2,2,2,2,2,2,2,2,2,2,2,2,2,2,2,2,2,2,2,2,2,2,2,2,4541.0,4440.5,4377.5,4439.0,4466.5,4392.5,4555.0,4472.0,4607.0,4682.5,4676.5,4746.5,4815.5,4883.5,5019.0,5034.0,4965.0,5055.5,5080.0,5062.5,5098.0,5122.5,5112.5,5090.0,5085.0
310,2,39,2,2,2,2,2,2,2,2,2,2,2,2,2,2,2,2,2,2,2,2,2,2,2,2,2,4428.0,4521.0,4454.0,4420.0,4491.0,4517.5,4445.5,4603.0,4522.5,4653.0,4726.0,4719.0,4785.5,4851.0,4915.0,5045.0,5059.5,4993.0,5080.5,5104.0,5087.5,5122.0,5145.5,5135.5,5114.0
310,2,40,2,2,2,2,2,2,2,2,2,2,2,2,2,2,2,2,2,2,2,2,2,2,2,2,2,4478.5,4412.5,4529.5,4490.0,4467.5,4536.0,4561.5,4491.5,4644.0,4565.5,4692.0,4762.0,4753.5,4817.0,4878.5,4940.0,5066.0,5079.5,5015.5,5100.5,5123.0,5107.0,5140.5,5163.5,5153.5
310,2,41,2,2,2,2,2,2,2,2,2,2,2,2,2,2,2,2,2,2,2,2,2,2,2,2,2,4344.0,4468.0,4429.5,4566.0,4537.5,4515.5,4581.5,4606.5,4538.0,4686.0,4609.0,4731.0,4797.5,4788.0,4848.0,4906.5,4966.5,5089.0,5102.0,5039.5,5122.0,5144.0,5128.5,5161.0,5183.5
310,2,42,3,3,3,3,3,3,3,3,2,2,2,2,2,2,2,2,2,2,2,2,2,2,2,2,2,4523.0,4344.0,4488.0,4471.5,4614.0,4585.5,4563.5,4628.0,4652.0,4584.5,4728.5,4652.0,4769.0,4832.5,4821.0,4878.0,4935.0,4993.5,5112.5,5125.5,5064.5,5144.5,5166.5,5151.5,5183.0
310,2,43,3,3,3,3,3,3,3,3,3,3,3,3,3,3,3,3,3,3,3,3,3,3,3,3,3,4469.0,4521.0,4369.0,4529.5,4521.0,4660.0,4631.5,4609.5,4672.5,4694.5,4628.0,4767.0,4690.5,4803.0,4862.0,4849.5,4905.0,4960.0,5017.0,5133.0,5146.0,5086.5,5164.5,5186.0,5171.5
310,2,44,3,3,3,3,3,3,3,3,3,3,3,3,3,3,3,3,3,3,3,3,3,3,3,3,3,4376.5,4469.5,4540.0,4410.0,4575.0,4566.0,4701.5,4673.5,4651.0,4712.0,4732.5,4666.0,4799.0,4722.5,4829.5,4885.0,4873.0,4927.5,4981.0,5036.5,5150.0,5162.5,5104.5,5181.0,5201.5
310,2,45,3,3,3,3,3,3,3,3,3,3,3,3,3,3,3,3,3,3,3,3,3,3,3,3,3,4282.5,4380.5,4490.5,4577.0,4455.5,4616.5,4607.5,4740.0,4711.5,4688.5,4747.0,4765.5,4698.0,4826.0,4747.5,4850.5,4905.0,4893.0,4946.0,4999.0,5053.0,5164.0,5176.0,5119.5,5194.5
310,2,46,4,4,4,4,4,4,4,4,4,4,3,3,3,3,3,3,3,3,3,3,3,3,3,3,3,4530.0,4286.0,4399.0,4525.5,4618.0,4498.0,4655.5,4646.0,4775.0,4746.0,4723.0,4778.0,4794.0,4725.5,4848.0,4769.0,4869.5,4923.0,4911.5,4963.0,5015.0,5068.0,5176.5,5188.5,5133.0
310,2,47,4,4,4,4,4,4,4,4,4,4,4,4,4,4,4,4,4,4,4,4,4,4,3,4,4,4371.0,4528.5,4306.5,4434.5,4566.5,4656.5,4538.5,4692.5,4682.5,4808.0,4778.5,4754.5,4806.0,4819.5,4749.0,4867.0,4790.0,4888.5,4941.0,4929.5,4980.5,5031.0,5083.0,5189.0,5201.0
310,2,48,5,4,5,4,4,4,4,4,4,4,4,4,4,4,4,4,4,4,4,4,4,4,4,4,4,4374.0,4372.0,4542.0,4339.5,4474.0,4603.0,4691.0,4574.0,4725.0,4714.0,4836.5,4805.5,4779.5,4828.0,4837.5,4767.0,4882.5,4807.5,4904.0,4955.5,4944.0,4994.0,5044.0,5094.5,5198.5
310,2,49,5,5,5,5,5,5,5,5,5,5,5,5,5,4,4,4,4,4,4,4,4,4,4,4,4,4365.0,4373.5,4385.0,4565.5,4373.0,4504.5,4631.5,4717.5,4601.0,4749.0,4736.5,4855.5,4822.5,4794.0,4838.5,4846.0,4777.0,4890.5,4817.0,4911.5,4962.0,4951.0,5000.0,5049.0,5098.5
310,2,50,5,5,5,5,5,5,5,5,5,5,5,5,5,5,5,5,5,5,5,5,5,5,5,5,5,4251.0,4360.0,4381.5,4406.0,4590.0,4399.5,4528.5,4653.0,4737.0,4621.5,4765.5,4752.0,4866.5,4831.5,4800.5,4842.0,4849.5,4781.5,4893.5,4821.0,4914.0,4963.5,4953.0,5001.5,5049.0
310,2,51,6,6,6,6,6,6,6,6,6,6,6,6,6,6,5,5,5,5,5,5,5,5,5,5,5,4280.0,4240.5,4362.0,4398.0,4428.5,4610.0,4421.5,4548.0,4670.0,4752.0,4637.0,4777.5,4762.5,4872.5,4835.5,4803.5,4844.5,4851.5,4785.0,4895.0,4824.0,4915.0,4964.0,4953.5,5001.0
310,2,52,6,7,6,6,6,6,7,6,6,6,6,6,6,6,6,6,6,6,6,6,6,5,5,5,5,4102.0,4266.5,4242.5,4377.0,4420.5,4450.0,4628.5,4442.5,4566.5,4686.0,4766.0,4651.5,4788.5,4772.0,4878.0,4840.0,4808.5,4849.0,4856.0,4790.5,4898.5,4829.0,4919.0,4967.0,4956.5
310,2,53,7,7,7,7,7,7,7,7,7,7,7,7,7,7,7,7,6,6,6,6,6,6,6,6,6,3957.0,4092.0,4267.0,4256.5,4396.5,4439.0,4468.0,4643.5,4459.5,4581.0,4698.5,4776.0,4662.0,4795.0,4776.5,4880.0,4842.5,4811.5,4851.5,4858.5,4794.0,4900.5,4832.0,4921.0,4968.0
310,2,54,7,7,8,8,8,8,8,8,8,7,7,7,7,7,7,7,7,7,7,7,7,7,7,6,6,3855.0,3947.0,4091.5,4275.5,4271.5,4409.0,4451.0,4479.5,4652.0,4470.0,4589.0,4704.0,4778.5,4665.0,4793.5,4774.0,4876.0,4839.5,4809.0,4848.5,4855.5,4792.5,4897.0,4830.0,4917.0
310,2,55,8,8,8,8,8,8,8,8,8,8,8,8,8,8,8,8,7,8,7,7,7,7,7,7,7,3824.0,3846.5,3947.0,4099.5,4286.0,4282.0,4417.0,4458.5,4485.5,4655.5,4475.0,4591.5,4703.0,4775.0,4661.0,4786.5,4767.5,4868.0,4832.0,4802.0,4841.0,4848.0,4786.5,4889.0,4823.0
310,2,56,9,8,8,8,9,9,9,9,9,9,9,8,8,9,9,8,8,8,8,8,8,8,8,7,8,3780.0,3818.0,3847.0,3953.5,4108.5,4292.5,4288.5,4421.5,4461.5,4487.5,4655.0,4475.5,4589.0,4697.5,4766.5,4652.5,4777.0,4758.0,4857.0,4822.0,4792.5,4831.0,4838.0,4777.0,4878.5
310,2,57,10,9,9,9,9,9,10,10,10,10,9,10,9,9,9,9,9,9,9,9,9,9,8,8,8,4073.0,3777.5,3819.5,3852.5,3960.0,4113.0,4294.5,4290.5,4421.5,4460.0,4485.5,4649.5,4471.5,4582.5,4687.5,4754.0,4642.0,4765.0,4746.5,4844.0,4809.5,4781.0,4819.0,4826.0,4765.5
310,2,58,12,11,10,10,10,10,10,11,10,10,10,10,10,10,10,10,10,10,10,10,10,9,9,9,9,4286.0,4061.5,3775.5,3821.5,3856.5,3962.5,4113.5,4292.5,4288.0,4417.0,4455.0,4479.5,4640.0,4463.5,4571.5,4674.0,4739.5,4629.5,4750.5,4732.5,4829.0,4794.5,4767.0,4804.5,4811.5
310,2,59,13,13,12,11,11,11,11,11,12,11,11,11,11,11,11,11,11,11,11,11,10,10,10,10,10,4191.0,4267.0,4052.5,3776.0,3824.0,3858.5,3963.0,4112.0,4288.5,4283.5,4411.0,4448.0,4471.0,4628.5,4452.5,4558.0,4659.5,4724.5,4616.0,4735.5,4717.5,4813.0,4779.5,4752.5,4789.5
310,2,60,14,14,14,13,12,12,12,12,12,13,13,13,13,12,13,12,12,12,12,12,12,12,12,11,11,4015.5,4169.0,4251.0,4046.5,3776.5,3824.0,3857.5,3961.0,4108.0,4282.0,4277.0,4402.5,4437.5,4459.0,4613.0,4438.5,4543.0,4643.5,4708.0,4601.0,4719.0,4701.5,4796.0,4763.5,4736.5
310,2,61,16,15,16,16,15,14,14,13,14,14,14,14,14,14,14,14,13,13,13,13,13,13,13,13,13,4046.0,3995.0,4152.5,4239.5,4041.0,3774.0,3821.0,3854.0,3956.5,4101.5,4273.5,4268.0,4390.5,4424.5,4445.0,4596.0,4424.0,4527.5,4626.5,4690.5,4585.5,4702.0,4685.0,4778.5,4746.5
310,2,62,18,17,17,17,17,16,15,15,15,15,15,16,15,16,15,15,16,15,15,15,15,14,14,14,14,4201.5,4027.0,3980.5,4140.0,4229.0,4033.0,3768.5,3815.5,3848.0,3949.0,4092.0,4262.0,4255.5,4376.0,4409.0,4428.5,4578.0,4408.5,4510.5,4608.5,4672.0,4568.5,4683.5,4667.0,4759.5
310,2,63,20,20,19,18,19,19,18,16,16,16,16,17,17,17,17,17,17,17,16,16,16,16,16,16,15,4195.0,4179.5,4010.0,3966.5,4125.5,4214.0,4020.0,3759.0,3805.5,3837.5,3937.0,4078.0,4245.0,4238.0,4356.5,4388.5,4407.5,4555.5,4388.5,4489.5,4586.5,4649.5,4547.0,4661.0,4645.0
310,2,64,22,22,22,21,20,21,21,20,18,18,18,18,18,19,18,19,18,18,19,18,18,18,18,17,17,4050.5,4172.0,4158.0,3992.0,3950.0,4107.0,4194.0,4003.0,3745.5,3791.0,3822.5,3920.5,4059.0,4223.0,4215.5,4331.5,4363.5,4382.5,4528.5,4364.5,4464.5,4560.0,4622.5,4521.5,4635.0
310,2,65,26,24,24,24,23,22,23,23,21,20,20,20,20,20,21,20,20,20,20,20,19,19,19,19,19,4282.5,4026.5,4147.0,4133.5,3970.5,3929.0,4084.0,4169.5,3981.5,3727.5,3772.0,3802.5,3898.5,4034.0,4195.0,4187.5,4301.5,4333.5,4352.5,4496.5,4335.5,4434.5,4529.0,4590.5,4491.5
310,2,66,29,28,26,27,26,25,24,25,25,24,22,22,21,22,22,23,22,22,22,22,22,21,21,21,21,4198.0,4249.5,3998.0,4117.5,4105.0,3944.0,3903.0,4056.0,4140.5,3954.5,3704.5,3748.0,3777.5,3871.0,4003.5,4161.5,4154.5,4267.0,4298.5,4318.0,4460.0,4301.5,4399.5,4493.0,4554.0
310,2,67,33,31,31,29,29,29,27,27,27,27,26,24,24,24,24,24,25,24,25,24,24,24,23,23,23,4291.0,4158.0,4211.0,3966.0,4084.5,4072.0,3913.5,3873.0,4023.5,4106.5,3923.5,3677.0,3719.0,3748.0,3838.5,3969.0,4124.5,4117.5,4229.0,4260.5,4280.0,4420.5,4265.0,4361.0,4454.0
310,2,68,36,35,34,34,31,32,31,31,29,30,30,28,26,26,26,26,26,27,27,27,27,26,27,25,25,4318.5,4243.5,4116.0,4171.0,3932.0,4049.0,4036.5,3880.5,3841.0,3989.0,4070.5,3890.5,3647.0,3687.5,3716.0,3804.5,3933.5,4087.0,4080.5,4190.5,4222.5,4242.0,4381.0,4228.0,4323.0
310,2,69,43,40,38,38,37,35,35,35,33,32,32,33,30,29,28,28,28,29,29,29,29,29,29,29,28,4468.5,4269.5,4198.5,4075.0,4131.0,3895.5,4011.0,3999.0,3845.5,3807.0,3953.0,4033.0,3855.5,3615.0,3655.0,3682.5,3770.5,3897.5,4049.5,4043.5,4152.5,4184.0,4204.5,4341.5,4191.0
310,2,70,48,45,44,43,40,40,37,38,37,35,35,36,36,35,31,31,31,31,32,33,31,32,31,32,32,4579.0,4417.0,4222.5,4154.0,4033.5,4089.5,3857.5,3971.5,3960.0,3809.5,3771.5,3915.5,3994.5,3819.5,3582.5,3622.5,3649.5,3737.0,3862.5,4012.5,4007.5,4115.5,4147.0,4167.5,4303.0
310,2,71,54,53,51,48,46,44,44,41,41,40,39,38,38,38,36,32,33,33,33,34,34,34,34,34,33,4591.5,4523.5,4365.0,4174.0,4107.0,3989.5,4045.0,3817.0,3929.5,3919.0,3771.0,3733.5,3876.0,3954.5,3781.5,3549.0,3588.5,3615.5,3702.5,3826.5,3975.0,3971.0,4078.0,4109.5,4130.0
310,2,72,59,58,56,54,51,49,48,47,44,44,44,43,42,42,42,39,38,36,36,37,37,37,37,38,37,4489.5,4528.0,4462.0,4306.5,4119.5,4054.5,3939.5,3994.5,3770.5,3882.0,3872.0,3726.5,3690.0,3831.0,3908.5,3738.5,3510.0,3549.5,3576.5,3663.0,3785.5,3933.0,3929.0,4035.5,4067.0
310,2,73,67,63,63,62,58,55,53,52,51,47,49,47,45,44,46,46,44,40,40,40,40,39,42,41,41,4568.0,4421.0,4460.0,4396.0,4244.0,4061.0,3998.0,3885.0,3940.0,3720.5,3830.5,3821.0,3678.5,3643.0,3781.5,3858.5,3692.0,3467.5,3507.5,3534.5,3620.0,3742.0,3887.5,3884.0,3989.5
310,2,74,72,72,69,69,67,64,59,59,55,55,51,52,51,49,47,48,49,46,42,43,42,41,43,44,43,4442.5,4489.5,4346.5,4385.5,4323.5,4175.5,3997.0,3935.5,3825.5,3880.0,3665.5,3773.5,3765.0,3625.5,3591.0,3727.0,3803.5,3640.5,3421.0,3460.5,3488.0,3573.0,3694.0,3837.0,3834.5
310,2,75,86,78,78,74,74,71,68,65,63,60,60,56,56,56,52,52,52,52,49,45,45,45,46,47,47,4727.5,4358.5,4405.5,4266.5,4305.5,4246.0,4102.0,3928.0,3868.0,3761.5,3815.5,3605.5,3712.0,3704.0,3568.0,3534.5,3669.0,3744.5,3585.5,3371.0,3410.0,3438.0,3522.5,3641.5,3783.0
310,2,76,96,91,84,83,80,79,78,74,70,67,65,65,59,61,60,58,56,57,58,54,50,50,49,50,50,4743.0,4628.5,4269.0,4316.5,4181.5,4220.5,4163.5,4023.5,3854.0,3796.5,3692.5,3746.5,3541.5,3646.5,3639.0,3506.5,3474.5,3607.5,3682.0,3527.5,3318.0,3357.0,3385.0,3468.5,3586.0
310,2,77,110,103,100,91,92,86,86,84,80,77,74,70,72,66,67,66,63,60,63,62,59,55,55,54,54,4843.0,4631.0,4521.0,4171.5,4219.0,4089.0,4128.0,4073.0,3937.5,3772.5,3718.0,3617.0,3670.0,3471.0,3574.0,3567.5,3438.5,3409.0,3539.5,3613.5,3463.5,3259.0,3298.0,3326.5,3409.0
310,2,78,125,121,114,111,100,100,96,95,92,89,83,81,78,77,72,73,72,67,67,68,69,64,59,59,58,4803.0,4714.5,4510.5,4404.5,4066.5,4113.5,3988.5,4028.0,3975.5,3844.5,3684.5,3632.5,3535.0,3587.5,3394.0,3495.5,3490.0,3365.5,3338.0,3466.0,3539.5,3394.0,3195.0,3234.0,3263.5
310,2,79,140,135,132,125,119,109,108,104,104,102,96,90,88,85,85,79,79,78,75,73,74,74,71,65,65,4724.0,4659.5,4575.5,4379.5,4278.5,3952.5,3999.5,3879.0,3918.5,3869.0,3743.0,3589.0,3539.0,3445.0,3497.5,3310.0,3410.5,3406.0,3286.0,3260.0,3386.0,3459.0,3318.0,3125.5,3164.5
320,1,0,0,0,0,0,0,0,0,0,0,0,0,0,0,0,0,0,0,0,0,0,0,0,0,0,0,9.0,9.0,7.0,7.5,11.0,11.0,11.0,11.5,11.5,11.5,12.0,12.0,12.0,12.5,12.5,12.5,12.5,12.5,12.5,12.5,12.5,12.5,12.5,12.5,12.5
320,1,1,0,0,0,0,0,0,0,0,0,0,0,0,0,0,0,0,0,0,0,0,0,0,0,0,0,46.5,40.0,36.0,32.5,42.5,50.0,50.5,51.0,52.0,53.0,53.5,55.0,56.0,57.0,58.5,58.5,58.5,58.5,58.5,58.5,58.5,58.5,58.5,58.5,58.5
320,1,2,0,0,0,0,0,0,0,0,0,0,0,0,0,0,0,0,0,0,0,0,0,0,0,0,0,139.0,90.5,79.5,72.0,78.5,97.5,106.0,107.5,109.0,111.0,113.5,115.5,118.0,121.0,123.5,126.0,126.0,126.0,126.0,126.0,126.0,126.0,126.0,126.0,126.0
320,1,3,0,0,0,0,0,0,0,0,0,0,0,0,0,0,0,0,0,0,0,0,0,0,0,0,0,203.0,183.0,131.0,117.0,120.0,136.0,155.5,165.0,168.0,171.0,174.5,178.0,182.0,186.5,191.5,194.5,197.0,197.5,197.5,197.0,197.0,197.0,197.0,197.0,197.0
320,1,4,0,0,0,0,0,0,0,0,0,0,0,0,0,0,0,0,0,0,0,0,0,0,0,0,0,233.5,245.0,221.0,167.0,163.0,176.5,193.5,214.0,224.5,229.0,234.0,239.0,244.5,250.5,257.5,263.0,266.5,268.5,269.0,269.0,268.5,268.0,268.0,268.0,268.0
320,1,5,0,0,0,0,0,0,0,0,0,0,0,0,0,0,0,0,0,0,0,0,0,0,0,0,0,296.5,270.5,278.0,252.5,208.5,214.5,229.0,247.5,269.0,280.5,286.5,293.5,300.5,308.5,317.0,324.5,329.5,333.5,335.5,335.5,335.5,335.5,334.5,334.5,334.5
320,1,6,0,0,0,0,0,0,0,0,0,0,0,0,0,0,0,0,0,0,0,0,0,0,0,0,0,424.0,330.0,301.5,306.5,291.0,257.0,264.5,280.0,300.0,322.5,336.0,344.0,352.5,362.0,372.0,382.0,389.0,394.0,397.5,399.5,399.5,399.5,399.5,399.0,398.5
320,1,7,0,0,0,0,0,0,0,0,0,0,0,0,0,0,0,0,0,0,0,0,0,0,0,0,0,476.0,453.0,358.5,328.5,343.0,336.5,304.5,313.0,330.0,351.5,375.5,391.0,401.5,412.0,424.0,435.0,444.5,451.5,456.5,460.0,461.5,461.5,461.5,461.5,461.0
320,1,8,0,0,0,0,0,0,0,0,0,0,0,0,0,0,0,0,0,0,0,0,0,0,0,0,0,538.0,503.0,478.0,383.5,363.5,386.5,381.5,351.5,361.5,380.5,403.0,429.0,446.5,459.0,472.5,485.5,496.5,505.5,512.5,517.0,521.0,522.0,522.0,522.0,521.5
320,1,9,0,0,0,0,0,0,0,0,0,0,0,0,0,0,0,0,0,0,0,0,0,0,0,0,0,599.5,564.0,526.5,500.5,417.0,406.5,430.0,426.5,399.0,411.0,431.5,455.5,483.5,503.5,518.0,533.0,545.5,556.5,565.0,572.0,576.5,580.0,581.0,581.0,581.0
320,1,10,0,0,0,0,0,0,0,0,0,0,0,0,0,0,0,0,0,0,0,0,0,0,0,0,0,639.0,625.0,587.0,548.5,531.5,459.0,450.0,474.5,472.5,448.0,461.5,483.5,510.0,540.0,562.0,578.0,592.5,604.5,615.5,623.5,630.5,635.0,638.0,639.5,639.5
320,1,11,0,0,0,0,0,0,0,0,0,0,0,0,0,0,0,0,0,0,0,0,0,0,0,0,0,701.0,662.5,647.0,607.5,579.0,571.0,501.5,494.0,520.0,520.0,498.0,513.5,537.5,566.0,598.5,621.5,637.0,651.0,663.0,673.5,681.5,688.5,692.5,695.5,697.0
320,1,12,0,0,0,0,0,0,0,0,0,0,0,0,0,0,0,0,0,0,0,0,0,0,0,0,0,917.0,721.5,682.5,666.5,637.5,618.5,612.0,545.5,539.5,567.0,569.5,550.0,567.5,594.0,624.5,658.0,680.5,695.5,709.5,721.0,731.0,739.0,746.0,750.0,753.0
320,1,13,0,0,0,0,0,0,0,0,0,0,0,0,0,0,0,0,0,0,0,0,0,0,0,0,0,1159.5,934.5,741.5,703.0,697.0,677.5,660.5,655.5,592.0,588.0,617.5,622.0,605.5,625.5,654.0,686.0,718.5,740.5,755.5,769.0,780.5,790.0,798.0,804.5,809.0
320,1,14,0,0,0,0,0,0,0,0,0,0,0,0,0,0,0,0,0,0,0,0,0,0,0,0,0,1252.5,1174.0,952.0,762.0,734.0,738.0,720.0,705.0,702.5,642.0,640.5,672.0,679.0,665.5,688.5,717.5,749.0,781.0,802.5,817.5,830.5,842.0,851.5,859.0,865.0
320,1,15,0,0,0,0,0,0,0,0,0,0,0,0,0,0,0,0,0,0,0,0,0,0,0,0,0,1310.5,1267.5,1189.0,970.0,794.0,776.0,782.0,766.0,753.5,753.5,696.0,697.5,731.0,741.5,731.0,755.0,784.0,814.5,846.0,867.0,882.0,894.5,906.0,915.5,923.0
320,1,16,0,0,0,0,0,0,0,0,0,0,0,0,0,0,0,0,0,0,0,0,0,0,0,0,0,1388.5,1328.5,1284.5,1206.0,1002.5,840.0,824.0,832.0,818.5,808.5,811.0,757.0,762.0,798.0,811.5,803.0,827.0,855.5,885.5,916.0,937.0,951.5,964.0,975.5,984.5
320,1,17,1,1,0,0,0,0,0,0,0,0,0,0,0,0,0,0,0,0,0,0,0,0,0,0,0,1501.0,1409.5,1349.0,1304.5,1238.0,1049.0,891.0,877.5,887.5,877.0,869.5,875.0,825.0,833.5,872.5,887.5,879.5,903.0,931.0,960.5,990.5,1011.0,1025.0,1038.0,1049.0
320,1,18,1,1,1,1,1,1,0,0,0,0,0,0,0,0,0,0,0,0,0,0,0,0,0,0,0,1720.0,1527.0,1434.5,1372.5,1340.0,1285.0,1100.0,945.5,935.0,947.0,939.5,935.0,943.5,897.5,909.5,950.0,965.0,957.0,979.5,1007.5,1036.5,1066.5,1086.5,1100.5,1113.0
320,1,19,1,1,1,1,1,1,1,1,0,0,0,0,0,0,0,0,0,0,0,0,0,0,0,0,0,1985.5,1748.5,1554.5,1460.5,1409.0,1387.5,1335.0,1153.5,1002.5,994.0,1008.5,1004.0,1002.0,1014.0,972.0,985.5,1025.5,1040.0,1032.0,1054.5,1082.0,1111.0,1140.5,1160.5,1174.5
320,1,20,1,1,1,1,1,1,1,1,1,0,0,0,0,0,0,0,0,0,0,0,0,0,0,0,0,2094.5,2005.5,1770.0,1577.0,1493.5,1453.0,1433.0,1383.0,1204.5,1057.0,1051.0,1067.5,1066.0,1066.5,1082.0,1042.0,1055.0,1094.5,1108.5,1100.5,1123.0,1150.0,1178.5,1207.5,1227.5
320,1,21,1,1,1,1,1,1,1,1,1,1,1,1,1,1,1,1,0,0,0,0,0,0,0,1,1,2094.0,2105.5,2018.5,1787.0,1605.5,1532.5,1493.0,1475.0,1427.0,1252.0,1108.0,1104.5,1123.0,1124.0,1127.5,1144.0,1104.0,1117.0,1156.0,1169.5,1161.5,1183.5,1210.0,1238.0,1266.5
320,1,22,1,1,1,1,1,1,1,1,1,1,1,1,1,1,1,1,1,0,0,1,1,0,0,1,1,2293.5,2099.5,2113.5,2030.0,1812.0,1642.0,1570.5,1532.5,1516.0,1470.5,1299.0,1159.0,1157.5,1178.5,1181.5,1186.5,1202.0,1163.0,1175.5,1214.0,1227.0,1219.0,1240.5,1266.5,1294.0
320,1,23,1,1,1,1,1,1,1,1,1,1,1,1,1,1,1,1,1,1,0,0,1,1,0,0,1,2198.5,2295.5,2107.0,2124.0,2054.0,1848.0,1681.0,1611.5,1575.5,1560.5,1517.5,1350.0,1213.5,1214.5,1237.5,1241.5,1246.5,1261.5,1223.5,1235.0,1273.0,1286.0,1278.0,1299.0,1324.5
320,1,24,1,1,1,1,1,1,1,1,1,1,1,1,1,1,1,1,1,1,1,0,0,1,1,0,0,2399.5,2206.5,2303.5,2120.5,2151.5,2092.5,1890.5,1726.0,1659.0,1625.0,1612.0,1571.5,1408.5,1276.0,1279.0,1303.0,1306.5,1311.5,1326.5,1288.0,1299.5,1336.5,1349.5,1341.5,1362.0
320,1,25,1,1,1,1,1,1,1,1,1,1,1,1,1,1,1,1,1,1,1,1,0,0,0,0,0,2392.0,2411.5,2222.5,2321.5,2156.5,2198.5,2141.5,1943.0,1782.5,1717.5,1686.0,1675.0,1636.5,1478.0,1350.0,1354.5,1378.0,1381.0,1385.5,1400.0,1362.0,1373.5,1409.0,1422.0,1413.5
320,1,26,1,1,1,1,1,1,1,1,1,1,1,1,1,1,1,1,1,1,1,1,1,1,1,1,1,2832.5,2410.0,2430.5,2247.5,2363.0,2213.5,2255.5,2201.0,2006.0,1849.5,1787.0,1758.0,1749.0,1713.0,1559.5,1434.0,1438.5,1461.0,1464.5,1468.5,1482.0,1445.0,1455.5,1490.5,1503.0
320,1,27,2,1,1,1,1,1,1,1,1,1,1,1,1,1,1,1,1,1,1,1,1,1,1,1,1,3486.5,2841.5,2430.5,2454.5,2294.5,2423.0,2277.0,2319.0,2267.0,2076.5,1923.5,1864.0,1837.0,1830.5,1797.5,1648.0,1524.0,1528.0,1549.5,1553.0,1557.0,1570.0,1533.0,1543.0,1577.5
320,1,28,2,2,1,1,1,1,1,1,1,1,1,1,1,1,1,1,1,1,1,1,1,1,1,1,1,3548.5,3480.0,2853.5,2454.5,2500.0,2359.0,2486.0,2344.0,2386.5,2336.5,2151.0,2002.5,1946.0,1921.0,1917.0,1885.5,1738.5,1617.0,1620.5,1641.5,1644.0,1648.0,1660.5,1624.0,1633.5
320,1,29,1,2,2,1,1,1,1,1,1,1,1,1,1,1,1,1,1,1,1,1,1,1,1,1,1,2785.0,3540.5,3478.0,2869.0,2500.0,2562.0,2424.5,2550.0,2411.5,2455.0,2407.0,2227.0,2083.5,2030.0,2007.5,2004.5,1973.5,1828.5,1709.5,1712.5,1733.5,1735.5,1739.0,1751.0,1715.0
320,1,30,1,1,2,2,1,1,1,1,1,1,1,1,1,1,1,1,1,1,1,1,1,1,1,1,1,2473.0,2795.0,3534.5,3478.5,2905.0,2560.5,2622.5,2488.0,2612.5,2478.0,2522.0,2476.5,2302.0,2163.5,2113.0,2092.5,2089.0,2058.5,1916.0,1799.0,1802.0,1822.5,1824.5,1827.0,1839.0
320,1,31,1,1,1,2,2,1,1,1,1,1,1,1,1,1,1,1,1,1,1,1,1,1,1,1,1,2368.5,2488.5,2804.0,3531.0,3500.0,2956.0,2619.5,2681.0,2550.5,2673.5,2543.5,2588.0,2545.5,2376.0,2242.5,2194.0,2174.0,2170.0,2140.0,2000.5,1886.0,1888.5,1908.5,1910.0,1912.5
320,1,32,1,1,1,1,2,2,1,1,1,1,1,1,1,1,1,1,1,1,1,1,1,1,1,1,1,2466.0,2384.5,2503.0,2814.0,3549.5,3537.0,3005.0,2676.5,2737.5,2611.5,2733.5,2607.5,2652.5,2612.5,2448.5,2319.0,2271.5,2251.5,2247.5,2218.0,2081.5,1969.5,1971.5,1990.5,1992.0
320,1,33,1,1,1,1,1,2,2,1,1,1,1,1,1,1,1,1,1,1,1,1,1,1,1,1,1,2523.5,2478.5,2400.5,2518.0,2844.0,3582.5,3571.0,3051.0,2730.5,2791.0,2669.0,2790.5,2668.5,2714.0,2676.5,2517.5,2390.0,2343.5,2324.0,2320.0,2291.0,2157.5,2047.5,2049.5,2067.5
320,1,34,1,1,1,1,1,1,2,2,1,1,1,1,1,1,1,1,1,1,1,1,1,1,1,1,1,2590.0,2533.5,2490.0,2415.5,2551.0,2888.0,3611.0,3600.5,3093.0,2780.5,2841.0,2723.0,2843.0,2725.5,2772.0,2736.5,2580.5,2455.5,2410.0,2390.5,2387.0,2358.0,2227.5,2119.5,2121.5
320,1,35,1,1,1,1,1,1,1,2,2,1,1,1,1,1,1,1,1,1,1,1,1,1,1,1,1,2680.0,2597.5,2542.0,2500.0,2446.5,2596.5,2927.0,3634.5,3625.0,3130.0,2825.5,2886.5,2772.5,2891.0,2778.0,2824.5,2790.0,2637.0,2515.0,2470.0,2451.0,2447.5,2419.0,2291.0,2185.5
320,1,36,2,1,1,1,1,1,1,1,2,2,1,1,1,1,1,1,1,1,1,1,1,1,1,1,1,3042.5,2681.0,2600.5,2546.5,2523.5,2487.5,2635.0,2958.5,3651.0,3643.0,3160.5,2864.5,2925.5,2815.5,2933.0,2823.5,2869.0,2835.0,2685.5,2566.0,2522.0,2503.5,2500.0,2472.0,2347.0
320,1,37,2,2,1,1,1,1,1,1,1,2,2,2,1,1,1,1,1,1,1,1,1,1,1,1,1,3030.5,3026.0,2675.0,2597.5,2562.0,2555.0,2520.5,2665.5,2982.0,3659.5,3653.0,3183.5,2896.0,2957.0,2851.0,2967.0,2860.0,2904.5,2870.5,2724.5,2608.0,2565.5,2547.0,2543.5,2516.0
320,1,38,2,2,2,1,1,1,1,1,1,2,2,2,2,1,1,1,1,1,1,1,1,1,1,1,1,3167.0,3006.5,3004.0,2664.0,2605.5,2585.0,2579.5,2546.5,2689.0,2999.0,3661.5,3656.5,3199.5,2920.5,2982.0,2879.5,2992.5,2888.0,2931.5,2898.0,2756.0,2642.5,2600.5,2583.0,2579.0
320,1,39,2,2,2,2,1,1,1,1,1,1,2,2,2,2,1,1,1,1,1,1,1,1,1,1,1,2950.0,3134.5,2980.5,2980.0,2664.5,2621.5,2602.0,2597.5,2566.5,2706.5,3010.5,3658.0,3654.5,3210.0,2939.0,3000.0,2900.5,3010.5,2908.5,2951.0,2918.5,2780.0,2669.5,2628.5,2611.5
320,1,40,2,2,2,2,2,2,1,1,1,1,1,2,2,2,2,1,2,1,1,1,1,1,1,1,1,3240.5,2920.0,3101.5,2953.5,2967.5,2673.0,2631.5,2613.5,2610.0,2581.0,2718.5,3016.5,3649.5,3647.5,3215.5,2952.0,3011.0,2914.0,3022.0,2922.5,2964.0,2932.5,2797.0,2689.0,2649.5
320,1,41,2,2,2,2,2,2,2,2,2,1,1,2,2,2,2,2,2,2,1,2,1,1,1,1,1,3267.0,3197.0,2888.5,3067.5,2938.0,2963.0,2677.0,2637.0,2620.5,2618.0,2591.0,2726.0,3018.0,3637.5,3637.0,3216.0,2959.0,3017.0,2922.0,3027.5,2931.0,2971.5,2941.0,2808.5,2703.0
320,1,42,2,2,2,2,2,2,2,2,2,2,2,2,2,2,2,2,2,2,2,2,2,2,2,2,1,3279.0,3220.0,3155.5,2859.0,3046.5,2931.0,2956.5,2677.5,2639.5,2624.5,2623.0,2598.0,2731.0,3017.5,3623.5,3624.0,3212.5,2962.0,3019.0,2926.5,3029.0,2935.0,2974.5,2945.0,2816.0
320,1,43,2,2,2,2,2,2,2,2,2,2,2,2,2,2,2,2,2,2,2,2,2,2,2,2,2,2868.0,3231.5,3177.5,3118.0,2842.0,3035.5,2923.0,2949.0,2676.5,2640.5,2627.0,2626.5,2603.0,2734.5,3016.0,3608.5,3609.5,3207.5,2963.0,3018.5,2928.0,3028.5,2936.5,2975.0,2946.5
320,1,44,2,2,2,2,2,2,2,2,2,2,2,2,2,2,2,2,2,2,2,2,2,2,2,2,2,3111.5,2832.0,3189.5,3141.0,3094.0,2833.0,3023.5,2914.0,2940.0,2674.5,2640.5,2628.0,2628.5,2606.5,2736.5,3012.0,3592.5,3593.5,3200.5,2961.0,3015.5,2927.0,3025.5,2935.5,2973.5
320,1,45,2,3,2,3,2,2,2,2,2,2,2,2,2,2,2,2,2,2,2,2,2,2,2,2,2,2334.5,3061.5,2794.5,3148.5,3113.5,3076.5,2821.5,3008.5,2902.0,2928.5,2669.5,2637.0,2626.0,2627.5,2607.0,2735.0,3004.5,3573.5,3574.0,3189.5,2955.0,3008.5,2922.5,3019.0,2930.5
320,1,46,3,2,3,2,3,3,2,2,2,2,2,2,2,2,2,2,2,2,2,2,2,2,2,2,2,3011.0,2305.0,3016.0,2759.5,3116.5,3090.0,3054.5,2806.0,2989.0,2886.0,2912.5,2660.5,2629.0,2619.5,2622.0,2602.5,2728.0,2992.5,3549.0,3549.5,3173.5,2944.0,2996.5,2912.5,3007.5
320,1,47,2,3,2,3,2,3,3,3,2,2,2,2,2,2,2,2,2,2,2,3,3,2,2,2,2,2410.5,2963.0,2277.5,2974.0,2732.5,3089.0,3064.0,3029.5,2787.0,2967.0,2867.0,2893.5,2648.0,2618.5,2609.5,2613.0,2594.0,2717.0,2976.0,3521.0,3522.0,3153.5,2929.5,2981.0,2898.5
320,1,48,2,2,3,2,3,3,3,3,3,3,3,3,2,2,2,2,2,2,2,2,3,3,2,2,2,2367.0,2380.5,2921.5,2253.0,2943.0,2712.5,3062.5,3038.5,3005.5,2768.5,2945.5,2848.0,2875.5,2635.0,2607.5,2599.0,2603.0,2584.0,2705.0,2959.0,3493.5,3494.5,3133.5,2914.5,2965.0
320,1,49,3,3,3,3,2,3,3,3,3,3,3,3,3,3,2,2,2,2,2,2,2,3,3,3,2,2217.5,2338.5,2353.0,2885.5,2237.0,2919.0,2694.0,3037.5,3014.5,2983.0,2751.0,2925.5,2830.5,2858.5,2623.5,2596.5,2589.0,2592.5,2574.0,2693.0,2942.5,3467.0,3468.0,3114.5,2899.0
320,1,50,3,3,3,3,3,3,3,3,3,3,3,3,3,3,3,3,2,2,2,2,2,3,3,3,3,2040.0,2193.0,2312.5,2327.5,2857.0,2226.0,2895.5,2675.5,3013.0,2991.5,2961.0,2733.5,2906.0,2813.5,2841.5,2611.5,2585.0,2578.0,2581.0,2563.5,2680.0,2925.5,3441.0,3442.0,3095.0
320,1,51,3,3,3,3,3,4,3,3,3,3,3,3,3,3,3,3,3,3,3,3,3,3,3,3,3,2353.0,2021.0,2171.0,2288.5,2309.0,2833.5,2214.5,2872.5,2656.5,2989.0,2968.5,2939.0,2716.5,2886.5,2796.5,2824.0,2598.5,2572.5,2565.5,2569.0,2552.0,2666.5,2908.0,3414.5,3416.0
320,1,52,3,3,3,3,3,3,4,3,4,3,4,4,4,3,3,3,3,3,3,3,3,3,3,3,3,2318.0,2326.0,2001.5,2149.0,2269.0,2294.0,2809.5,2202.0,2849.0,2637.0,2964.5,2944.5,2916.5,2698.5,2866.5,2778.5,2805.5,2584.0,2558.5,2552.0,2555.5,2539.0,2652.0,2889.0,3387.0
320,1,53,3,4,4,3,3,4,4,4,3,4,4,4,4,4,4,4,4,4,3,3,3,3,3,3,3,1735.5,2290.0,2298.5,1981.0,2130.5,2252.5,2277.5,2784.5,2188.0,2824.5,2616.5,2939.0,2919.5,2893.0,2679.5,2844.5,2758.5,2785.5,2567.5,2543.0,2536.5,2540.0,2524.0,2635.0,2868.5
320,1,54,4,3,4,4,4,4,4,4,5,4,5,4,5,5,4,4,4,4,4,4,4,3,3,3,3,1854.5,1718.0,2262.5,2272.0,1963.5,2114.0,2234.5,2259.5,2758.0,2172.5,2798.0,2594.5,2912.0,2893.5,2868.0,2658.5,2820.5,2736.5,2763.0,2549.0,2525.0,2518.5,2522.5,2506.5,2616.0
320,1,55,3,4,4,5,5,4,4,4,4,5,4,5,4,5,5,5,4,4,4,4,4,4,4,4,4,1418.0,1832.5,1699.5,2235.5,2249.0,1948.5,2097.0,2216.0,2241.0,2731.5,2156.0,2771.5,2572.5,2885.0,2867.5,2842.5,2636.5,2796.5,2714.0,2740.0,2529.5,2506.0,2500.0,2504.0,2488.0
320,1,56,4,3,4,4,5,5,4,4,4,4,5,4,5,5,5,5,5,4,5,4,4,4,4,4,4,1947.0,1404.0,1812.0,1682.5,2213.5,2229.5,1934.0,2081.0,2198.5,2223.0,2707.0,2140.5,2747.0,2551.5,2859.5,2843.0,2818.0,2616.0,2773.5,2692.0,2718.0,2511.0,2488.0,2482.0,2486.0
320,1,57,4,5,3,4,4,5,5,4,4,5,5,5,4,5,5,5,5,5,5,5,5,5,4,4,4,1609.0,1922.5,1390.5,1793.5,1669.5,2195.0,2211.0,1920.5,2065.0,2181.5,2206.0,2683.0,2125.5,2723.5,2531.5,2835.5,2819.5,2795.0,2596.0,2751.0,2670.5,2696.5,2493.0,2470.0,2464.5
320,1,58,5,5,5,4,5,4,6,6,5,5,5,5,6,5,6,5,6,6,6,5,5,5,5,5,5,1633.0,1589.5,1899.5,1378.0,1778.0,1658.0,2176.0,2192.5,1906.5,2049.0,2164.0,2189.0,2659.5,2110.0,2700.5,2511.5,2811.5,2795.5,2772.0,2575.5,2728.5,2649.5,2675.0,2474.5,2452.0
320,1,59,5,5,5,6,4,5,5,6,6,5,5,6,6,7,5,7,6,7,6,6,6,6,6,6,5,1430.0,1612.5,1571.0,1877.5,1367.5,1763.5,1645.5,2156.0,2173.0,1891.5,2032.5,2146.0,2171.0,2635.5,2094.0,2676.5,2490.0,2786.0,2770.5,2747.5,2554.0,2705.0,2627.5,2652.5,2455.0
320,1,60,5,5,6,5,6,4,6,5,7,6,6,6,6,6,7,6,7,6,7,7,7,6,6,6,6,1513.0,1413.5,1594.0,1554.0,1858.5,1358.0,1748.5,1633.0,2136.0,2153.0,1876.0,2015.5,2128.0,2153.0,2611.0,2078.0,2652.0,2468.5,2760.5,2745.5,2722.5,2532.0,2681.5,2604.5,2630.0
320,1,61,6,6,5,6,6,7,5,6,6,7,7,6,6,7,7,8,6,8,7,8,8,7,7,7,7,1419.5,1495.5,1398.5,1577.0,1540.0,1842.0,1348.5,1734.5,1621.0,2117.0,2134.0,1861.0,1999.0,2110.5,2135.5,2587.5,2062.0,2628.5,2447.5,2736.0,2721.0,2698.5,2510.5,2658.5,2582.5
320,1,62,6,6,6,6,7,6,7,5,7,6,8,8,7,7,7,7,9,7,8,8,8,8,8,7,8,1365.0,1402.5,1479.0,1384.5,1563.0,1528.0,1826.5,1340.0,1721.0,1609.0,2099.0,2116.0,1847.0,1983.5,2094.0,2118.5,2565.0,2046.5,2606.0,2427.5,2712.0,2697.5,2676.0,2490.0,2636.5
320,1,63,6,7,7,7,6,7,7,8,6,7,7,9,8,7,8,8,8,9,7,9,8,9,9,9,8,1101.0,1347.5,1385.5,1463.0,1372.5,1550.0,1515.5,1810.5,1331.0,1706.5,1596.5,2080.5,2097.5,1832.5,1968.0,2077.0,2101.0,2542.0,2030.5,2583.0,2407.0,2687.5,2674.0,2652.5,2469.5
320,1,64,6,6,7,7,8,7,8,7,9,6,8,7,9,9,8,8,9,9,10,8,10,9,10,10,10,1069.5,1087.0,1330.0,1368.5,1447.0,1360.0,1534.5,1501.0,1791.5,1320.0,1690.0,1582.0,2059.5,2076.5,1816.0,1949.5,2057.0,2081.0,2516.0,2012.0,2556.5,2383.0,2660.0,2647.0,2626.0
320,1,65,5,7,7,8,8,8,8,8,8,9,7,9,8,10,10,9,9,9,9,11,9,11,10,11,11,802.0,1055.0,1072.5,1312.0,1352.0,1430.0,1345.0,1517.0,1484.5,1770.5,1307.5,1671.5,1565.5,2035.5,2053.0,1797.0,1928.5,2034.5,2058.5,2487.0,1991.0,2527.0,2356.5,2629.5,2616.5
320,1,66,8,6,7,7,9,9,9,8,9,9,10,7,9,9,11,11,9,10,10,10,12,9,12,11,12,1140.5,791.5,1040.5,1058.0,1295.0,1335.5,1412.5,1329.5,1499.0,1467.5,1749.0,1294.0,1652.5,1548.5,2011.0,2028.5,1777.0,1907.0,2011.0,2035.0,2456.5,1968.5,2496.5,2329.0,2598.0
320,1,67,6,9,6,8,8,9,9,10,9,10,10,11,8,10,9,12,12,10,11,11,11,13,10,13,12,764.5,1122.5,781.0,1026.5,1045.5,1279.5,1320.0,1396.0,1314.5,1481.5,1451.0,1728.0,1281.0,1634.5,1532.5,1988.0,2005.0,1758.0,1886.0,1988.5,2012.5,2427.5,1947.0,2467.5,2303.0
320,1,68,7,7,10,7,9,9,10,10,11,10,11,11,12,9,11,10,13,13,11,12,12,12,15,11,14,746.5,753.5,1105.5,771.0,1013.5,1033.5,1264.0,1304.5,1379.0,1299.0,1464.0,1434.5,1707.0,1267.5,1616.0,1516.0,1964.5,1981.5,1738.5,1864.5,1966.0,1990.0,2399.0,1926.0,2439.0
320,1,69,7,8,8,12,7,9,9,11,12,12,11,13,12,13,10,12,11,15,14,12,13,14,13,16,13,645.0,735.0,742.5,1088.5,761.5,1000.5,1020.5,1247.5,1287.5,1361.0,1283.0,1445.5,1417.0,1685.5,1253.0,1596.0,1498.0,1939.5,1957.0,1717.5,1842.0,1942.5,1966.0,2369.5,1904.0
320,1,70,7,7,7,8,12,9,11,10,13,13,12,12,13,13,15,11,13,13,15,16,13,14,15,14,17,628.5,635.5,724.0,731.5,1072.5,752.0,987.5,1007.5,1230.5,1270.5,1343.5,1267.0,1427.0,1399.0,1664.0,1238.5,1576.5,1480.0,1915.5,1933.0,1697.0,1820.0,1919.5,1943.0,2341.0
320,1,71,8,9,9,9,8,13,8,12,12,13,14,14,13,16,14,16,12,16,14,19,18,15,16,17,17,609.5,618.5,625.5,713.0,721.0,1056.5,742.0,973.5,993.5,1213.0,1252.5,1325.0,1250.0,1407.5,1380.5,1641.5,1223.0,1556.0,1461.5,1890.5,1908.0,1676.0,1797.5,1895.5,1919.5
320,1,72,10,9,9,9,10,10,14,10,13,13,15,15,16,15,16,15,19,13,16,16,19,19,16,18,18,597.0,598.5,607.5,614.5,701.0,710.0,1039.0,731.0,958.0,978.0,1194.0,1233.0,1304.5,1231.0,1386.0,1360.5,1617.0,1206.0,1533.5,1441.0,1863.0,1881.0,1653.0,1773.0,1869.5
320,1,73,9,10,9,9,9,11,10,15,10,13,13,15,16,17,15,16,16,19,13,17,16,20,20,18,19,499.5,585.0,587.0,596.0,603.5,688.5,697.5,1020.0,718.5,941.5,961.5,1173.5,1212.0,1282.5,1210.5,1363.5,1338.5,1590.5,1187.5,1509.5,1418.5,1834.0,1852.0,1628.0,1746.0
320,1,74,10,9,10,10,11,10,12,12,16,11,14,15,18,17,18,16,18,18,20,16,19,17,23,22,19,522.5,488.5,572.5,574.5,583.5,592.0,675.0,684.0,1000.0,705.0,924.0,943.5,1151.5,1189.5,1259.0,1189.0,1339.5,1315.0,1563.0,1167.5,1484.0,1395.0,1803.0,1821.0,1601.5
320,1,75,9,10,10,11,10,10,11,12,12,19,13,16,15,19,20,20,19,21,20,23,17,21,19,24,24,415.5,509.5,477.0,559.0,561.5,570.5,579.0,660.5,669.5,978.5,690.5,905.0,924.5,1128.0,1165.5,1234.0,1166.0,1313.5,1290.0,1533.5,1146.0,1457.0,1370.0,1770.5,1788.5
320,1,76,11,9,11,10,11,11,11,11,13,13,18,12,16,16,19,19,20,19,21,20,23,17,22,19,25,463.5,404.5,496.5,465.0,545.0,548.0,557.0,565.0,645.0,654.0,955.5,675.5,884.5,904.5,1103.5,1140.5,1207.5,1141.5,1286.0,1263.5,1502.0,1123.5,1428.0,1343.5,1736.5
320,1,77,9,12,10,13,11,13,13,12,11,14,14,19,14,17,17,21,22,21,21,23,22,26,19,23,22,363.5,450.0,393.0,482.5,452.5,530.5,533.5,542.5,551.0,628.5,637.5,932.0,659.5,863.0,883.0,1077.5,1114.0,1180.0,1115.5,1257.0,1235.5,1469.0,1099.5,1397.5,1315.5
320,1,78,10,10,13,11,13,12,14,14,13,14,14,14,21,15,19,19,22,23,25,22,24,24,28,20,26,327.5,352.0,435.5,381.0,467.5,439.0,515.0,518.0,527.5,536.0,611.5,620.5,907.0,642.0,840.5,860.0,1050.0,1085.5,1150.5,1088.0,1226.5,1205.5,1434.0,1074.0,1365.0
320,1,79,11,11,12,13,12,13,12,15,14,15,15,16,16,23,16,21,21,25,25,26,24,27,26,30,22,302.0,316.0,339.5,420.5,368.5,452.5,425.0,498.5,502.0,511.5,519.5,593.5,602.5,880.0,623.5,816.5,835.5,1020.5,1055.5,1119.0,1059.0,1194.0,1174.0,1397.0,1047.0
320,2,0,0,0,0,0,0,0,0,0,0,0,0,0,0,0,0,0,0,0,0,0,0,0,0,0,0,8.5,8.0,6.5,6.5,9.5,10.0,10.0,10.0,10.0,10.5,10.5,10.5,11.0,11.0,11.0,11.0,11.0,11.0,11.0,11.0,11.0,11.0,11.0,11.0,11.0
320,2,1,0,0,0,0,0,0,0,0,0,0,0,0,0,0,0,0,0,0,0,0,0,0,0,0,0,42.5,36.0,31.5,28.5,36.5,43.0,44.0,44.5,45.0,46.0,47.0,48.0,48.5,50.0,51.0,51.5,51.0,51.0,51.0,51.0,51.0,51.0,51.0,51.0,51.0
320,2,2,0,0,0,0,0,0,0,0,0,0,0,0,0,0,0,0,0,0,0,0,0,0,0,0,0,147.5,81.5,70.0,62.5,67.5,83.5,91.0,92.5,94.0,95.5,98.0,100.0,102.5,104.5,107.0,109.0,110.0,109.5,109.5,109.5,109.5,109.0,109.0,109.0,109.0
320,2,3,0,0,0,0,0,0,0,0,0,0,0,0,0,0,0,0,0,0,0,0,0,0,0,0,0,198.0,186.5,116.5,102.0,103.5,117.0,133.5,142.0,144.5,147.5,150.5,154.0,157.5,161.5,165.5,169.0,170.5,171.5,171.5,171.5,171.5,171.0,170.5,170.5,170.5
320,2,4,0,0,0,0,0,0,0,0,0,0,0,0,0,0,0,0,0,0,0,0,0,0,0,0,0,279.5,236.0,219.5,148.0,142.5,153.0,167.5,185.0,194.5,198.0,202.5,207.5,212.5,218.0,224.0,229.0,232.5,234.0,234.5,234.5,234.5,234.0,233.5,233.5,233.5
320,2,5,0,0,0,0,0,0,0,0,0,0,0,0,0,0,0,0,0,0,0,0,0,0,0,0,0,292.0,312.0,265.0,246.5,184.5,188.0,199.5,215.0,233.5,244.5,249.5,255.5,262.0,269.0,277.0,284.0,289.0,292.0,294.0,294.0,294.0,293.5,293.0,293.0,293.0
320,2,6,0,0,0,0,0,0,0,0,0,0,0,0,0,0,0,0,0,0,0,0,0,0,0,0,0,409.0,322.5,338.5,290.0,280.5,227.5,232.5,245.0,261.5,281.0,293.5,300.5,308.5,317.0,326.0,335.0,341.5,346.5,349.5,351.0,351.5,351.0,350.5,350.5,350.5
320,2,7,0,0,0,0,0,0,0,0,0,0,0,0,0,0,0,0,0,0,0,0,0,0,0,0,0,435.5,436.0,348.0,361.5,322.5,321.0,270.5,277.0,290.5,308.0,329.0,343.0,352.0,362.0,373.0,383.0,391.5,398.0,402.5,405.5,407.0,407.5,407.0,406.5,406.5
320,2,8,0,0,0,0,0,0,0,0,0,0,0,0,0,0,0,0,0,0,0,0,0,0,0,0,0,517.5,461.5,458.5,370.5,391.5,361.5,361.5,313.0,321.0,335.5,354.5,377.5,393.5,404.5,416.5,428.5,438.5,446.5,453.0,457.0,460.0,462.0,462.0,461.5,461.0
320,2,9,0,0,0,0,0,0,0,0,0,0,0,0,0,0,0,0,0,0,0,0,0,0,0,0,0,557.0,541.0,483.0,478.0,400.0,428.5,400.0,401.5,355.0,364.5,380.5,401.5,426.0,444.0,457.5,470.5,482.0,491.5,499.5,505.5,510.0,512.5,514.5,514.5,513.5
320,2,10,0,0,0,0,0,0,0,0,0,0,0,0,0,0,0,0,0,0,0,0,0,0,0,0,0,576.0,580.0,560.5,501.5,505.0,436.0,465.5,438.5,441.5,398.0,408.5,426.5,449.5,475.5,495.5,510.0,522.5,534.0,543.0,551.0,557.0,561.5,563.5,565.5,565.5
320,2,11,0,0,0,0,0,0,0,0,0,0,0,0,0,0,0,0,0,0,0,0,0,0,0,0,0,694.0,598.5,599.5,578.5,528.5,539.5,473.0,503.5,478.5,483.0,442.5,454.5,474.5,499.5,527.5,548.0,562.0,574.5,585.5,595.0,602.5,608.5,612.5,615.0,616.5
320,2,12,0,0,0,0,0,0,0,0,0,0,0,0,0,0,0,0,0,0,0,0,0,0,0,0,0,909.5,714.0,618.0,617.5,605.5,564.0,576.0,512.5,544.0,521.0,527.0,489.5,503.5,525.5,552.5,581.0,601.0,615.0,627.5,638.0,647.5,654.5,660.5,664.5,667.0
320,2,13,0,0,0,0,0,0,0,0,0,0,0,0,0,0,0,0,0,0,0,0,0,0,0,0,0,1117.5,926.5,732.0,636.5,644.0,640.5,601.0,614.5,554.0,586.5,566.0,574.0,539.5,555.5,579.5,607.0,635.0,655.0,668.5,680.5,691.5,700.5,707.5,713.0,717.0
320,2,14,0,0,0,0,0,0,0,0,0,0,0,0,0,0,0,0,0,0,0,0,0,0,0,0,0,1236.0,1131.5,941.0,749.0,664.0,679.5,677.5,640.5,655.5,597.5,631.5,614.0,624.0,592.5,611.0,635.5,662.5,690.0,710.0,723.0,735.0,745.5,754.0,761.5,766.5
320,2,15,0,0,0,0,0,0,0,0,0,0,0,0,0,0,0,0,0,0,0,0,0,0,0,0,0,1218.5,1250.5,1144.5,955.5,776.5,701.5,718.5,718.0,683.5,700.0,645.0,681.0,666.0,678.5,650.0,670.0,694.0,720.5,747.5,767.0,780.0,791.5,802.0,810.0,817.5
320,2,16,0,0,0,0,0,0,0,0,0,0,0,0,0,0,0,0,0,0,0,0,0,0,0,0,0,1316.0,1237.0,1264.5,1158.5,982.5,816.0,743.5,762.0,763.0,731.5,749.5,698.0,736.0,723.5,739.0,712.0,732.0,756.0,781.5,808.5,827.0,840.0,851.0,861.5,870.0
320,2,17,0,0,0,0,0,0,0,0,0,0,0,0,0,0,0,0,0,0,0,0,0,0,0,0,0,1524.5,1335.5,1254.5,1279.0,1184.5,1020.5,858.0,788.5,808.5,811.5,782.5,802.5,754.5,794.0,785.0,801.5,775.0,794.5,818.5,843.5,870.0,888.5,901.0,912.0,922.0
320,2,18,0,0,0,0,0,0,0,0,0,0,0,0,0,0,0,0,0,0,0,0,0,0,0,0,0,1679.0,1547.0,1356.0,1273.0,1306.5,1222.5,1062.0,902.5,835.5,857.5,862.5,836.0,858.0,813.5,855.0,847.5,864.0,838.0,857.0,880.5,905.5,931.5,950.0,962.0,973.0
320,2,19,0,0,0,0,0,0,0,0,0,0,0,0,0,0,0,0,0,0,0,0,0,0,0,0,0,1870.5,1705.0,1569.5,1376.5,1302.0,1344.5,1262.5,1105.0,948.5,884.0,907.5,915.0,891.0,915.0,873.5,916.0,908.5,925.0,899.5,918.0,941.0,966.0,991.5,1009.5,1021.5
320,2,20,0,0,0,0,0,0,0,0,0,0,0,0,0,0,0,0,0,0,0,0,0,0,0,0,0,1954.5,1890.5,1722.5,1586.0,1403.0,1338.5,1381.5,1301.5,1147.0,994.0,932.5,957.5,967.0,945.5,972.0,932.0,973.5,966.5,982.5,957.0,975.5,998.0,1022.5,1048.0,1065.5
320,2,21,0,0,0,0,0,0,0,0,0,0,0,0,0,0,0,0,0,0,0,0,0,0,0,0,0,2003.5,1972.0,1905.0,1737.5,1611.5,1439.5,1377.0,1420.5,1342.5,1191.5,1042.0,983.0,1010.0,1021.5,1002.5,1030.0,990.0,1031.5,1024.0,1040.0,1014.5,1032.5,1055.0,1078.5,1104.0
320,2,22,0,0,0,0,0,0,0,0,0,0,0,0,0,0,0,0,0,0,0,0,0,0,0,0,0,2125.5,2024.0,1989.5,1921.5,1767.0,1651.5,1483.0,1422.0,1466.5,1391.0,1243.5,1097.5,1041.5,1070.0,1084.0,1066.0,1093.0,1053.5,1094.5,1087.0,1102.5,1077.5,1095.0,1117.0,1140.5
320,2,23,0,0,0,0,0,0,0,0,0,0,0,0,0,0,0,0,0,0,0,0,0,0,0,0,0,2212.5,2151.5,2046.5,2011.0,1957.5,1815.0,1702.5,1537.0,1478.0,1523.5,1451.0,1307.0,1165.0,1112.5,1143.0,1157.5,1140.0,1166.5,1127.5,1167.5,1160.0,1175.0,1150.0,1167.5,1188.5
320,2,24,0,0,0,0,0,0,0,0,0,0,0,0,0,0,0,0,0,0,0,0,0,0,0,0,0,2325.0,2244.5,2179.5,2073.5,2053.5,2013.0,1873.5,1764.0,1602.0,1545.5,1592.0,1522.5,1383.0,1245.0,1195.5,1227.0,1241.0,1224.0,1250.0,1211.0,1250.5,1243.0,1257.5,1232.5,1249.5
320,2,25,0,0,0,0,0,0,0,0,0,0,0,0,0,0,0,0,0,0,0,0,0,0,0,0,0,2279.0,2363.0,2275.5,2208.5,2122.0,2116.5,2077.5,1941.5,1834.5,1676.5,1623.0,1671.0,1604.5,1470.0,1336.5,1289.0,1319.5,1333.5,1316.0,1341.5,1303.0,1341.5,1334.5,1348.5,1323.5
320,2,26,0,0,0,0,0,0,0,0,0,0,0,0,0,0,0,0,0,0,0,0,0,0,0,0,0,2615.5,2327.5,2398.5,2307.0,2259.5,2190.0,2186.0,2149.0,2016.5,1912.5,1759.0,1708.0,1758.0,1695.0,1565.0,1435.5,1388.0,1418.0,1431.5,1414.0,1438.5,1401.0,1438.5,1431.0,1445.0
320,2,27,0,0,0,0,0,0,0,0,0,0,0,0,0,0,0,0,0,0,0,0,0,0,0,0,0,2722.5,2661.0,2365.5,2429.0,2359.0,2330.0,2262.5,2259.5,2225.0,2096.0,1996.0,1847.0,1799.0,1850.5,1791.0,1664.0,1537.0,1489.5,1519.0,1532.0,1515.0,1539.0,1501.5,1538.5,1530.5
320,2,28,1,0,0,0,0,0,0,0,0,0,0,0,0,0,0,0,0,0,0,0,0,0,0,0,0,2774.5,2767.0,2693.5,2397.0,2479.5,2428.5,2401.0,2336.0,2334.0,2302.0,2177.0,2081.0,1936.5,1892.0,1945.0,1887.5,1762.5,1637.5,1591.0,1620.0,1632.5,1615.5,1639.0,1601.5,1637.5
320,2,29,1,1,1,1,0,0,0,0,0,0,0,0,0,0,0,0,0,0,0,0,0,0,0,0,0,2565.5,2812.5,2793.0,2715.0,2445.0,2544.0,2495.5,2469.0,2406.5,2406.5,2376.5,2256.0,2163.5,2024.5,1983.0,2036.0,1980.0,1857.0,1734.5,1689.0,1717.0,1729.0,1712.0,1734.5,1698.0
320,2,30,0,1,1,1,1,0,0,0,0,0,0,0,0,0,0,0,0,0,0,0,0,0,0,0,0,2452.0,2602.5,2832.0,2807.5,2751.5,2505.5,2603.5,2557.0,2532.5,2473.0,2474.5,2447.0,2331.0,2242.5,2108.5,2069.0,2120.5,2065.5,1945.5,1825.0,1780.5,1807.5,1819.0,1802.0,1824.0
320,2,31,1,1,1,1,1,1,1,1,1,1,0,0,0,0,0,0,0,0,0,0,0,0,0,0,0,2624.0,2487.0,2622.5,2841.0,2837.0,2800.5,2560.0,2657.5,2613.0,2591.0,2534.0,2537.5,2512.0,2400.5,2316.5,2186.0,2147.5,2198.0,2143.5,2026.0,1908.0,1864.0,1890.5,1901.5,1885.0
320,2,32,1,1,1,1,1,1,1,1,1,1,1,1,1,1,0,0,0,0,0,0,0,0,0,0,0,2645.0,2650.5,2505.5,2632.0,2863.5,2877.0,2842.5,2608.0,2704.5,2662.5,2642.5,2588.0,2593.5,2570.0,2463.5,2382.0,2254.5,2217.0,2266.0,2212.5,2097.0,1982.0,1939.0,1964.5,1975.0
320,2,33,1,1,1,1,1,1,1,1,1,1,1,1,1,1,1,1,1,0,0,0,0,0,0,0,0,2603.5,2665.0,2659.5,2511.5,2652.0,2895.0,2909.0,2876.0,2648.0,2744.0,2704.0,2686.0,2635.0,2641.5,2621.0,2518.0,2438.0,2313.5,2276.5,2324.0,2271.5,2159.0,2046.0,2004.5,2029.0
320,2,34,1,1,1,1,1,1,1,1,1,1,1,1,1,1,1,1,1,1,1,1,1,1,0,0,0,2684.0,2618.0,2667.0,2655.5,2526.5,2679.0,2917.5,2932.0,2901.0,2679.5,2775.0,2737.5,2721.5,2674.0,2682.0,2663.0,2562.0,2484.0,2362.5,2326.0,2372.5,2321.0,2211.5,2101.0,2060.0
320,2,35,1,1,1,1,1,1,1,1,1,1,1,1,1,1,1,1,1,1,1,1,1,1,1,1,0,2632.0,2691.5,2616.0,2657.0,2660.0,2548.5,2698.5,2932.0,2947.5,2918.5,2704.0,2798.5,2764.0,2750.0,2705.5,2714.5,2695.5,2597.0,2521.0,2402.0,2366.5,2412.0,2361.5,2254.5,2147.0
320,2,36,1,1,1,1,1,1,1,1,1,1,1,1,1,1,1,1,1,1,1,1,1,1,1,1,1,3027.5,2636.0,2684.0,2604.5,2657.0,2673.5,2565.5,2713.0,2942.0,2958.5,2931.5,2724.0,2817.5,2785.5,2773.5,2731.0,2740.0,2721.5,2625.5,2551.0,2435.0,2400.0,2444.5,2395.5,2290.5
320,2,37,1,1,1,1,1,1,1,1,1,1,1,1,1,1,1,1,1,1,1,1,1,1,1,1,1,2838.0,3015.0,2625.0,2667.0,2602.0,2666.0,2683.0,2579.0,2723.5,2949.0,2966.0,2941.5,2740.0,2833.0,2803.5,2793.0,2751.0,2760.0,2742.5,2648.0,2575.5,2462.0,2428.0,2471.0,2423.5
320,2,38,1,1,1,1,1,1,1,1,1,1,1,1,1,1,1,1,1,1,1,1,1,1,1,1,1,3110.5,2825.5,2991.0,2607.0,2660.0,2608.5,2672.0,2689.5,2589.0,2731.0,2953.0,2971.0,2948.5,2753.0,2845.5,2818.0,2807.5,2766.5,2775.5,2758.0,2665.5,2595.0,2484.0,2451.0,2492.5
320,2,39,1,1,1,1,1,1,1,1,1,1,1,1,1,1,1,1,1,1,1,1,1,1,1,1,1,2962.5,3089.0,2804.0,2961.5,2597.5,2660.5,2611.0,2674.0,2692.5,2595.0,2735.5,2953.5,2972.5,2951.5,2762.5,2854.0,2827.0,2816.5,2776.5,2785.5,2768.0,2678.0,2608.5,2500.5,2468.0
320,2,40,1,1,1,1,1,1,1,1,1,1,1,1,1,1,1,1,1,1,1,1,1,1,1,1,1,3064.5,2946.0,3062.5,2779.0,2942.0,2596.5,2659.0,2611.0,2673.5,2693.0,2598.5,2737.5,2951.5,2971.5,2952.5,2768.5,2858.5,2831.5,2821.5,2782.5,2791.0,2774.0,2686.0,2618.0,2512.0
320,2,41,1,1,1,1,1,1,1,1,1,1,1,1,1,1,1,1,1,1,1,1,1,1,1,1,1,3155.0,3043.0,2921.5,3032.0,2763.0,2932.0,2594.5,2656.0,2610.0,2672.0,2692.0,2600.5,2738.0,2948.5,2970.0,2952.0,2772.0,2860.0,2833.5,2823.5,2785.5,2793.5,2777.0,2691.0,2624.5
320,2,42,1,1,1,1,1,1,1,1,1,1,1,1,1,1,1,1,1,1,1,1,1,1,1,1,1,3022.5,3128.0,3015.0,2894.5,3010.5,2755.0,2921.5,2591.0,2652.0,2607.5,2669.5,2690.0,2601.5,2737.0,2945.5,2967.0,2949.0,2772.5,2858.5,2833.0,2823.0,2785.5,2793.5,2777.5,2693.0
320,2,43,1,1,1,1,1,1,1,1,1,1,1,1,1,1,1,1,1,1,1,1,1,1,1,1,1,2788.5,2998.5,3099.0,2986.5,2876.5,2997.5,2747.0,2911.0,2587.0,2648.0,2605.0,2667.0,2688.0,2602.0,2736.0,2941.5,2962.5,2945.0,2771.5,2855.5,2830.5,2821.0,2784.0,2792.0,2776.0
320,2,44,1,1,1,1,1,1,1,1,1,1,1,1,1,1,1,1,1,1,1,1,1,1,1,1,1,2859.0,2773.5,2976.0,3072.5,2968.0,2866.0,2985.5,2739.5,2901.5,2583.5,2644.0,2603.0,2665.0,2686.0,2602.5,2735.0,2937.0,2957.5,2940.5,2770.0,2852.5,2827.5,2818.5,2782.0,2789.5
320,2,45,1,2,1,2,2,2,1,1,1,1,1,1,1,1,1,1,1,1,1,1,1,1,1,1,1,2287.5,2846.0,2757.0,2953.5,3054.0,2957.0,2856.5,2975.0,2733.0,2893.5,2580.5,2641.0,2601.0,2663.0,2684.5,2603.0,2733.5,2932.5,2952.5,2936.0,2767.5,2849.0,2824.5,2815.5,2779.5
320,2,46,2,1,2,2,2,2,2,2,2,1,1,1,1,1,1,1,1,1,1,1,1,1,1,1,1,2986.0,2282.5,2829.0,2738.5,2936.5,3041.0,2946.0,2847.0,2964.5,2726.0,2885.0,2577.0,2637.5,2598.5,2660.5,2682.5,2601.5,2730.5,2926.5,2946.5,2930.0,2763.5,2844.0,2820.0,2811.0
320,2,47,2,2,1,2,2,2,2,2,2,2,2,2,1,1,1,1,1,1,1,1,1,1,1,1,1,2310.0,2966.5,2270.5,2808.5,2724.0,2924.0,3027.5,2934.0,2837.0,2953.5,2718.5,2876.0,2573.0,2633.0,2595.5,2657.0,2679.0,2598.5,2726.0,2919.5,2939.0,2922.5,2758.5,2838.0,2814.0
320,2,48,2,2,2,2,2,2,2,2,2,2,2,2,2,2,2,1,1,1,1,1,2,2,2,1,1,2302.5,2298.5,2944.5,2257.0,2793.0,2713.5,2911.5,3014.0,2922.0,2826.5,2942.0,2711.0,2867.0,2568.5,2628.5,2592.0,2652.5,2674.0,2595.0,2720.5,2911.5,2930.5,2914.5,2752.5,2831.0
320,2,49,2,2,2,2,2,2,2,2,2,2,2,2,2,2,2,2,2,2,2,2,2,2,2,2,2,2128.0,2291.0,2285.0,2922.5,2248.0,2781.0,2703.0,2898.5,3000.5,2910.0,2816.0,2930.5,2703.0,2857.5,2563.5,2623.0,2587.0,2647.0,2667.5,2590.0,2713.5,2902.0,2921.0,2905.0,2745.0
320,2,50,2,2,2,2,2,2,2,2,2,2,2,2,2,2,2,2,2,2,2,2,2,2,2,2,2,1960.5,2120.0,2279.0,2271.5,2905.0,2241.5,2768.5,2692.0,2885.5,2986.5,2897.5,2805.5,2919.0,2694.5,2848.0,2557.5,2616.5,2580.5,2640.0,2660.0,2583.5,2705.5,2891.5,2910.5,2894.5
320,2,51,2,2,2,2,2,2,2,2,2,2,2,2,2,2,2,2,2,2,2,2,2,2,2,2,2,2264.5,1953.0,2109.0,2264.0,2259.5,2889.0,2233.0,2754.5,2679.0,2871.0,2970.5,2883.0,2793.0,2905.5,2684.0,2836.0,2548.5,2607.0,2571.5,2630.0,2650.0,2574.5,2695.0,2879.0,2897.5
320,2,52,2,2,2,2,2,2,3,2,2,2,2,3,2,2,2,2,2,2,2,2,2,2,2,2,2,2344.0,2250.5,1941.5,2095.0,2250.5,2248.5,2871.0,2223.0,2739.0,2664.5,2854.5,2953.5,2867.5,2778.5,2890.5,2672.0,2822.0,2537.5,2595.0,2560.5,2618.0,2638.0,2563.0,2682.5,2864.5
320,2,53,2,3,2,2,2,2,2,3,2,3,3,3,3,3,3,3,2,2,2,2,2,2,2,2,2,1753.5,2328.5,2235.0,1929.0,2083.0,2239.5,2237.5,2853.5,2212.5,2723.5,2650.0,2838.0,2937.0,2852.0,2764.0,2875.5,2659.0,2807.5,2526.0,2583.0,2549.0,2605.5,2625.5,2551.0,2669.5
320,2,54,2,2,3,3,2,2,3,2,3,2,3,3,3,3,3,3,3,3,3,2,2,2,2,2,2,1915.5,1744.5,2313.5,2221.0,1919.5,2074.0,2229.5,2227.5,2837.5,2203.0,2709.5,2637.0,2823.5,2922.0,2838.0,2751.0,2861.5,2646.5,2794.0,2515.0,2572.0,2538.0,2593.5,2613.5,2540.0
320,2,55,2,3,2,3,3,2,3,3,3,3,3,3,3,3,3,3,3,3,3,3,2,2,2,2,2,1339.5,1905.0,1736.0,2299.5,2210.0,1913.0,2066.5,2220.5,2218.5,2823.5,2195.0,2697.0,2625.5,2811.0,2908.5,2825.5,2739.5,2848.5,2636.0,2782.0,2505.5,2561.5,2527.5,2583.0,2602.5
320,2,56,3,2,3,2,3,3,3,3,3,3,4,3,3,3,3,3,3,3,3,3,3,3,3,3,3,1859.0,1334.5,1895.0,1727.5,2288.0,2200.5,1906.5,2058.5,2211.0,2209.5,2810.0,2187.0,2684.5,2614.0,2798.5,2895.0,2812.5,2727.5,2835.5,2625.0,2769.5,2495.5,2550.5,2517.0,2572.5
320,2,57,3,3,2,3,3,3,3,3,3,3,3,4,3,4,3,4,4,3,3,3,3,3,3,3,3,1611.5,1849.0,1329.0,1884.0,1719.5,2277.0,2190.0,1898.5,2049.5,2201.0,2200.0,2795.0,2178.0,2671.5,2601.5,2784.5,2880.5,2799.0,2714.0,2821.5,2612.5,2755.5,2484.0,2539.0,2506.0
320,2,58,3,3,3,2,3,3,4,3,3,3,3,3,4,3,4,4,4,4,4,4,4,3,3,3,3,1516.5,1602.5,1837.5,1322.5,1873.0,1711.5,2264.0,2178.0,1889.5,2039.5,2190.0,2189.0,2779.0,2167.5,2657.5,2588.0,2769.5,2864.5,2784.0,2699.5,2806.0,2599.0,2740.5,2471.5,2526.0
320,2,59,3,3,3,3,2,3,3,4,4,3,3,4,4,4,3,4,4,4,4,4,4,4,4,4,3,1322.0,1506.5,1591.5,1825.0,1316.0,1863.0,1703.0,2250.5,2166.0,1880.0,2029.0,2178.0,2177.5,2762.5,2156.5,2642.5,2573.5,2753.5,2847.5,2767.5,2684.5,2789.5,2584.5,2725.0,2458.0
320,2,60,3,3,3,3,4,3,4,3,4,4,4,4,4,4,5,4,5,4,5,5,4,4,4,4,4,1173.0,1313.5,1496.5,1580.5,1813.0,1309.5,1852.0,1694.0,2236.5,2152.5,1869.5,2017.5,2165.0,2165.0,2744.5,2144.5,2626.0,2558.0,2736.0,2829.5,2750.0,2668.0,2772.0,2568.5,2708.0
320,2,61,3,3,3,4,4,4,3,4,4,5,5,4,4,4,4,5,4,5,5,5,5,5,5,5,4,1209.0,1165.5,1304.0,1485.0,1569.5,1800.5,1302.5,1839.5,1683.0,2220.5,2137.5,1858.0,2004.5,2151.0,2151.0,2725.5,2131.0,2607.5,2541.0,2717.0,2809.5,2731.0,2649.5,2753.0,2551.0
320,2,62,3,3,3,4,4,4,5,3,5,4,5,5,4,5,5,5,6,5,6,5,6,6,6,5,5,1132.5,1200.5,1157.0,1293.5,1473.5,1558.0,1787.0,1294.0,1826.0,1670.5,2203.0,2121.5,1844.5,1990.0,2135.5,2135.5,2704.5,2116.0,2587.5,2521.5,2696.0,2787.5,2710.0,2629.5,2732.0
320,2,63,3,4,4,4,4,4,5,5,4,5,5,6,6,5,5,6,5,7,5,6,6,6,6,6,6,918.5,1124.0,1191.5,1148.0,1284.0,1462.5,1546.5,1773.5,1285.0,1812.5,1658.5,2186.0,2105.5,1831.0,1975.5,2119.5,2119.5,2683.0,2100.5,2567.5,2502.0,2675.0,2766.0,2689.0,2609.5
320,2,64,3,3,4,4,4,4,5,5,6,4,6,5,7,6,5,6,6,6,7,6,7,7,7,7,7,913.5,911.0,1114.5,1181.0,1138.5,1274.0,1450.5,1533.5,1758.0,1275.5,1797.0,1645.5,2167.5,2088.0,1817.0,1960.0,2102.5,2102.5,2660.0,2083.5,2546.0,2481.5,2652.5,2742.5,2666.5
320,2,65,3,4,4,4,5,4,5,5,6,6,5,6,6,7,7,6,6,7,7,8,6,8,7,8,8,664.0,904.5,902.0,1103.0,1169.0,1127.5,1261.5,1436.5,1518.5,1740.0,1264.0,1779.0,1630.0,2145.5,2067.5,1800.0,1941.0,2082.5,2082.5,2633.5,2064.0,2521.0,2457.5,2626.5,2715.0
320,2,66,5,3,4,4,5,5,5,5,6,6,7,5,7,6,8,8,7,7,7,7,9,7,8,8,8,1003.5,657.5,895.0,892.0,1091.0,1157.0,1116.0,1248.5,1421.0,1502.5,1721.5,1251.5,1760.5,1613.5,2122.5,2045.5,1781.5,1921.0,2060.5,2061.0,2605.5,2043.0,2494.5,2431.5,2598.5
320,2,67,3,5,3,5,4,5,6,5,6,7,7,8,6,8,7,9,9,7,8,8,8,10,8,9,9,604.0,992.5,650.5,885.0,882.5,1079.0,1144.5,1104.5,1235.5,1405.5,1486.0,1703.0,1239.0,1741.5,1596.5,2099.5,2023.5,1763.0,1901.0,2038.5,2039.5,2577.0,2021.5,2468.0,2405.5
320,2,68,3,4,6,4,5,5,6,6,6,7,7,8,9,6,9,8,10,9,8,9,9,9,11,9,10,541.0,598.0,981.0,644.0,875.5,873.5,1067.5,1132.0,1093.5,1222.5,1391.0,1470.5,1685.0,1227.0,1723.5,1580.0,2077.0,2002.5,1745.0,1881.5,2018.0,2018.5,2549.5,2001.0,2442.5
320,2,69,3,4,4,6,4,6,5,7,7,7,7,8,8,9,7,9,8,11,10,9,9,10,10,12,9,480.0,535.0,591.0,968.5,637.0,865.5,864.0,1055.5,1119.5,1081.5,1208.5,1375.5,1454.0,1666.0,1214.0,1704.5,1563.0,2054.0,1980.5,1726.0,1861.0,1996.0,1996.5,2521.5,1980.0
320,2,70,3,3,4,4,6,4,6,7,7,8,8,8,9,9,11,7,10,10,12,12,10,10,10,10,14,420.5,474.5,529.0,584.0,957.0,630.0,856.0,854.5,1044.0,1107.5,1069.5,1195.0,1360.0,1438.0,1647.5,1201.5,1686.0,1546.5,2032.0,1959.5,1708.0,1841.5,1975.0,1976.0,2495.0
320,2,71,4,3,4,5,4,6,4,7,7,9,9,8,8,10,10,11,8,12,10,13,13,11,11,12,12,417.0,415.5,469.0,523.0,578.0,947.0,624.0,847.5,845.5,1033.0,1096.0,1058.5,1183.0,1346.0,1423.5,1630.5,1190.0,1669.0,1531.5,2011.5,1940.0,1691.5,1824.0,1956.0,1957.0
320,2,72,3,3,5,5,5,5,9,5,7,6,8,9,9,9,11,11,12,9,12,12,14,14,12,13,13,378.5,411.5,410.0,463.0,517.0,571.5,936.0,617.5,838.0,836.5,1021.0,1083.5,1047.0,1170.5,1331.5,1408.0,1613.0,1177.5,1651.0,1515.5,1990.0,1919.5,1674.0,1805.0,1936.0
320,2,73,3,5,5,4,4,5,5,9,6,8,8,8,9,10,10,12,12,14,9,13,12,15,15,13,13,281.0,373.0,406.0,404.5,457.5,511.0,564.5,924.0,610.0,827.5,826.5,1009.0,1070.5,1034.5,1157.0,1316.0,1391.5,1594.0,1164.5,1632.5,1498.5,1967.5,1898.0,1655.5,1785.0
320,2,74,4,3,5,5,4,5,6,5,10,6,8,8,10,10,9,11,12,12,13,10,14,13,17,16,13,309.5,277.0,367.0,400.0,399.5,452.0,504.5,557.5,911.5,602.0,816.5,815.5,996.0,1057.0,1021.5,1142.0,1299.5,1374.0,1574.0,1150.5,1612.5,1480.5,1943.5,1875.0,1636.0
320,2,75,3,4,4,4,5,5,6,7,7,11,7,9,9,10,12,11,12,14,13,16,11,16,14,19,17,233.0,304.5,272.5,361.5,394.0,394.0,445.5,497.0,549.5,898.0,593.5,805.0,804.0,982.0,1042.0,1007.5,1126.0,1281.5,1355.5,1552.5,1135.0,1590.5,1461.0,1917.5,1850.5
320,2,76,5,4,4,5,5,5,6,7,7,7,12,7,10,9,12,12,12,14,15,16,17,13,16,16,20,282.0,229.0,299.0,267.5,356.0,388.0,387.5,438.0,489.0,540.5,883.5,584.5,792.5,792.0,967.0,1026.0,992.0,1109.0,1262.0,1335.5,1529.5,1118.5,1567.5,1440.0,1890.0
320,2,77,4,5,4,5,5,6,7,6,7,8,7,14,9,11,11,13,14,13,15,16,18,20,14,19,17,194.0,276.0,224.5,293.0,262.5,349.5,381.0,380.5,430.0,480.5,531.5,867.5,574.5,779.0,779.0,950.5,1009.0,975.5,1090.5,1241.5,1313.5,1505.0,1101.0,1543.0,1417.5
320,2,78,4,5,4,4,6,5,6,7,7,7,9,10,14,9,13,13,15,16,14,16,19,19,22,16,22,175.0,189.5,270.0,219.5,287.0,257.5,342.5,373.0,373.0,422.0,471.0,521.5,850.5,563.5,764.0,764.0,932.5,990.0,958.0,1071.0,1219.0,1290.0,1478.0,1082.0,1516.0
320,2,79,4,4,4,6,5,7,6,7,7,7,9,9,11,16,10,14,13,17,17,17,19,20,21,24,17,179.5,170.5,184.5,263.5,214.5,280.5,252.0,335.0,365.0,365.0,413.0,461.0,510.0,832.5,552.0,747.5,748.0,913.0,969.5,938.5,1049.5,1194.5,1265.0,1449.0,1061.5
330,1,0,0,0,0,0,0,0,0,0,0,0,0,0,0,0,0,0,0,0,0,0,0,0,0,0,0,39.0,40.0,33.0,34.5,50.5,51.0,51.5,52.0,52.5,53.0,53.5,54.5,55.5,56.0,57.0,57.0,57.0,57.0,57.0,57.0,57.0,57.0,57.0,57.0,57.0
330,1,1,0,0,0,0,0,0,0,0,0,0,0,0,0,0,0,0,0,0,0,0,0,0,0,0,0,164.5,165.0,151.5,141.5,179.5,212.0,214.0,216.0,218.0,220.5,223.0,226.0,229.5,233.0,236.5,238.0,238.0,238.0,238.0,238.0,238.0,238.0,238.0,238.0,238.0
330,1,2,0,0,0,0,0,0,0,0,0,0,0,0,0,0,0,0,0,0,0,0,0,0,0,0,0,373.0,334.0,321.5,297.0,326.5,399.5,433.0,437.0,441.5,446.0,451.5,457.0,463.5,470.5,477.5,483.0,484.5,484.5,484.5,484.5,484.5,484.5,484.0,484.0,484.0
330,1,3,0,0,0,0,0,0,0,0,0,0,0,0,0,0,0,0,0,0,0,0,0,0,0,0,0,538.5,542.5,491.5,469.5,489.0,553.5,627.0,661.5,668.0,675.5,683.0,691.5,700.5,710.5,721.5,730.5,735.5,737.0,737.0,737.0,737.0,737.0,737.0,736.5,736.0
330,1,4,0,0,0,0,0,0,0,0,0,0,0,0,0,0,0,0,0,0,0,0,0,0,0,0,0,717.0,701.5,694.5,634.5,655.5,714.5,779.0,853.0,889.0,898.5,908.5,919.5,931.5,944.5,958.5,971.0,979.5,984.5,986.0,985.5,985.5,985.5,985.5,985.5,985.0
330,1,5,0,0,0,0,0,0,0,0,0,0,0,0,0,0,0,0,0,0,0,0,0,0,0,0,0,906.0,861.5,837.5,822.0,805.0,863.5,922.5,988.0,1061.5,1100.0,1112.0,1125.0,1139.5,1155.5,1172.0,1188.0,1200.0,1208.0,1212.5,1214.5,1213.5,1213.5,1213.5,1213.5,1213.0
330,1,6,0,0,0,0,0,0,0,0,0,0,0,0,0,0,0,0,0,0,0,0,0,0,0,0,0,1078.5,1035.5,985.0,955.0,980.0,1000.0,1059.0,1118.5,1184.5,1258.5,1299.0,1314.0,1330.5,1348.5,1368.0,1386.0,1401.5,1413.5,1421.0,1425.5,1427.0,1426.5,1426.0,1426.0,1426.0
330,1,7,0,0,0,0,0,0,0,0,0,0,0,0,0,0,0,0,0,0,0,0,0,0,0,0,0,1272.0,1196.0,1148.5,1094.5,1104.5,1163.5,1185.5,1244.5,1305.5,1372.0,1447.5,1490.0,1508.0,1528.0,1549.5,1570.5,1588.5,1603.0,1614.5,1621.5,1626.5,1627.5,1627.0,1626.5,1626.5
330,1,8,0,0,0,0,0,0,0,0,0,0,0,0,0,0,0,0,0,0,0,0,0,0,0,0,0,1482.0,1380.0,1301.5,1251.0,1237.5,1280.5,1340.5,1364.0,1424.0,1486.0,1554.0,1630.5,1676.0,1697.0,1720.5,1743.5,1764.0,1781.5,1795.5,1806.5,1813.5,1818.0,1819.0,1818.0,1818.0
330,1,9,0,0,0,0,0,0,0,0,0,0,0,0,0,0,0,0,0,0,0,0,0,0,0,0,0,1647.0,1584.0,1480.0,1399.0,1387.5,1407.0,1451.0,1512.0,1537.0,1599.0,1662.0,1731.5,1810.0,1858.0,1882.5,1907.5,1930.0,1950.0,1966.5,1980.5,1991.0,1998.0,2002.0,2003.0,2002.0
330,1,10,0,0,0,0,0,0,0,0,0,0,0,0,0,0,0,0,0,0,0,0,0,0,0,0,0,1911.0,1744.5,1677.5,1571.5,1529.0,1550.0,1571.0,1616.5,1678.0,1705.5,1768.5,1834.0,1905.0,1985.5,2036.0,2062.0,2086.5,2108.5,2128.0,2144.0,2157.5,2167.5,2174.5,2178.5,2179.5
330,1,11,0,0,0,0,0,0,0,0,0,0,0,0,0,0,0,0,0,0,0,0,0,0,0,0,0,2693.0,2000.5,1833.5,1763.5,1695.0,1685.0,1708.0,1730.5,1777.5,1840.5,1870.0,1934.5,2002.0,2075.5,2158.0,2209.0,2235.0,2258.5,2280.0,2299.0,2315.0,2328.0,2337.5,2344.5,2348.5
330,1,12,0,0,0,0,0,0,0,0,0,0,0,0,0,0,0,0,0,0,0,0,0,0,0,0,0,3521.5,2760.5,2082.5,1915.0,1881.5,1845.0,1837.0,1861.5,1886.0,1934.5,1999.5,2031.0,2098.0,2167.0,2243.0,2326.0,2376.0,2401.5,2424.5,2445.0,2463.5,2479.5,2492.0,2501.5,2508.0
330,1,13,1,1,0,0,0,0,0,0,0,0,0,0,0,0,0,0,0,0,0,0,0,0,0,0,0,3828.5,3568.5,2824.5,2158.5,2028.0,2024.5,1991.0,1985.0,2011.0,2038.0,2088.5,2155.0,2189.5,2258.5,2330.0,2406.5,2487.5,2536.5,2561.5,2584.0,2604.5,2622.0,2637.5,2650.0,2659.5
330,1,14,1,1,1,1,0,0,0,0,0,0,0,0,0,0,0,0,0,0,0,0,0,0,0,0,0,4397.0,3874.5,3618.5,2887.5,2267.5,2168.0,2166.5,2135.5,2132.0,2160.5,2189.5,2242.0,2310.5,2348.0,2419.0,2491.5,2566.5,2646.0,2694.0,2718.5,2740.5,2761.0,2778.0,2793.0,2805.5
330,1,15,1,1,1,1,1,1,1,1,1,1,1,1,1,1,1,1,1,1,1,1,1,1,1,1,1,4712.0,4440.5,3926.5,3673.5,2987.5,2406.0,2309.5,2310.5,2282.0,2281.5,2312.5,2343.5,2398.0,2469.0,2510.0,2581.5,2653.0,2726.5,2805.0,2852.5,2876.0,2898.0,2917.5,2934.5,2949.5
330,1,16,2,1,1,1,1,1,1,1,1,1,1,1,1,1,1,1,1,1,1,1,1,1,1,1,1,4867.5,4762.5,4493.0,3984.5,3769.0,3120.5,2548.0,2455.5,2458.5,2433.0,2435.0,2468.5,2502.0,2559.5,2633.0,2675.5,2746.5,2816.5,2889.0,2966.5,3013.0,3036.0,3058.0,3077.0,3093.5
330,1,17,2,2,2,2,1,1,1,1,1,1,1,1,1,1,1,1,1,1,1,1,1,1,1,1,1,4947.5,4926.5,4820.0,4552.0,4081.5,3896.0,3256.5,2692.0,2603.0,2608.5,2586.0,2591.0,2627.0,2664.0,2724.5,2799.0,2840.5,2911.0,2980.0,3051.5,3128.0,3174.0,3196.5,3218.0,3237.0
330,1,18,2,2,2,2,2,2,2,1,1,1,1,1,1,1,1,1,1,1,1,1,1,1,1,1,1,5265.5,5014.5,4990.0,4881.5,4647.5,4208.0,4025.5,3393.5,2836.5,2750.0,2758.0,2739.0,2747.0,2786.0,2826.5,2888.5,2962.0,3003.0,3072.5,3141.0,3211.5,3287.0,3332.5,3355.0,3376.0
330,1,19,3,2,2,2,2,2,2,2,2,1,1,1,1,1,1,1,1,1,1,1,1,1,1,1,1,5416.5,5336.5,5084.5,5058.5,4982.0,4775.0,4340.5,4161.5,3536.5,2986.0,2903.0,2913.5,2898.0,2909.0,2951.5,2993.0,3054.5,3127.0,3167.5,3236.5,3304.0,3373.5,3448.0,3493.0,3515.5
330,1,20,3,3,3,2,2,2,2,2,2,2,1,1,1,1,1,1,1,1,1,1,1,1,1,1,1,5493.5,5497.0,5415.0,5166.0,5179.0,5130.0,4926.0,4496.5,4321.0,3703.0,3159.5,3080.5,3094.5,3082.5,3097.5,3141.0,3182.0,3242.5,3314.0,3353.5,3422.0,3488.5,3557.0,3630.5,3674.5
330,1,21,3,3,3,3,3,3,3,2,2,2,2,2,1,1,1,1,1,1,1,2,2,2,2,2,2,5681.5,5606.5,5599.5,5520.0,5320.5,5366.0,5319.0,5119.0,4695.0,4524.0,3914.0,3378.5,3304.0,3322.5,3315.0,3332.0,3374.5,3415.0,3474.0,3544.5,3583.5,3650.5,3715.5,3783.5,3855.5
330,1,22,3,3,3,3,3,3,3,3,2,2,2,2,2,2,2,2,2,2,2,2,2,2,2,2,2,5597.5,5842.5,5747.0,5734.0,5712.5,5555.0,5602.5,5558.5,5363.0,4945.5,4780.5,4179.5,3653.5,3585.0,3609.0,3604.0,3620.0,3662.0,3701.5,3759.0,3828.5,3866.5,3931.5,3995.5,4062.5
330,1,23,3,3,3,3,3,3,3,3,3,2,2,2,2,2,2,2,2,2,2,2,2,2,2,2,2,5910.0,5798.5,6012.5,5909.0,5964.5,5992.0,5838.5,5888.5,5849.0,5659.5,5250.5,5092.0,4503.0,3988.5,3927.5,3953.5,3948.5,3963.5,4004.5,4042.5,4099.0,4167.5,4204.0,4267.5,4330.5
330,1,24,3,3,3,3,3,3,3,3,3,3,2,2,2,2,2,2,2,2,2,2,2,2,2,2,2,6726.5,6139.5,5993.5,6188.5,6164.0,6277.0,6307.5,6159.5,6212.5,6178.5,5996.5,5599.0,5448.5,4874.5,4374.5,4317.5,4342.5,4337.0,4351.5,4391.0,4427.5,4483.0,4549.5,4585.0,4647.0
330,1,25,3,3,3,3,3,3,3,3,3,3,3,2,2,2,2,2,2,2,2,2,2,2,2,2,2,7784.0,6952.5,6336.5,6170.5,6442.0,6484.0,6599.0,6633.0,6492.0,6549.0,6521.0,6348.5,5965.0,5824.0,5268.0,4780.5,4724.0,4748.5,4742.0,4755.5,4794.0,4829.5,4883.5,4947.5,4981.5
330,1,26,4,4,3,3,3,3,3,3,3,3,3,3,3,3,2,2,2,2,2,2,2,2,2,2,2,9811.5,7971.5,7116.5,6489.0,6410.0,6746.0,6790.5,6907.0,6945.0,6812.5,6874.0,6853.0,6691.0,6323.5,6193.5,5654.0,5177.0,5121.5,5144.5,5138.0,5150.5,5187.5,5222.0,5274.0,5336.0
330,1,27,7,5,4,3,3,3,3,3,3,3,3,3,3,3,3,3,2,2,2,2,2,2,2,2,2,14775.0,9928.5,8095.5,7237.0,6710.0,6706.0,7037.5,7085.0,7203.0,7245.5,7122.5,7189.0,7175.5,7025.0,6675.0,6552.5,6027.0,5562.5,5507.5,5529.5,5523.0,5535.0,5570.5,5603.5,5653.5
330,1,28,5,7,5,4,3,3,3,3,3,3,3,3,3,3,3,3,3,3,2,2,2,2,2,2,2,10402.5,14728.0,9982.0,8173.0,7429.5,6993.5,6993.5,7320.0,7371.5,7491.5,7539.0,7426.5,7498.5,7492.5,7355.0,7019.5,6900.0,6390.0,5938.5,5885.0,5906.5,5899.5,5911.0,5945.0,5977.0
330,1,29,4,5,7,5,4,4,3,3,3,3,3,3,3,3,3,3,3,3,3,3,2,2,2,2,2,8657.0,10498.5,14632.0,9997.0,8330.5,7688.5,7270.5,7275.0,7596.5,7652.5,7775.5,7828.5,7727.0,7804.5,7807.5,7678.5,7353.5,7237.5,6743.0,6305.0,6253.5,6274.5,6267.5,6278.5,6311.0
330,1,30,4,4,5,7,5,4,4,3,3,3,3,3,3,3,3,3,3,3,3,3,3,3,3,3,3,9001.0,8806.0,10530.0,14492.0,10093.0,8560.0,7942.5,7542.5,7552.5,7870.0,7930.5,8057.0,8116.0,8025.5,8109.0,8116.5,7992.0,7677.0,7565.0,7085.5,6662.0,6611.5,6632.0,6625.0,6636.0
330,1,31,5,4,4,5,7,5,4,4,3,3,4,4,4,4,3,3,3,3,3,3,3,3,3,3,3,9436.5,9135.0,8891.0,10524.0,14446.0,10267.0,8786.5,8194.0,7812.0,7827.5,8142.0,8207.5,8337.5,8402.5,8323.5,8409.5,8416.5,8296.0,7990.5,7882.5,7418.0,7008.0,6959.0,6978.5,6972.0
330,1,32,5,5,4,4,5,7,5,4,4,4,4,4,4,4,4,4,4,4,3,3,3,3,3,3,3,9406.0,9544.0,9204.0,8937.0,10607.0,14489.5,10442.0,9011.5,8442.5,8078.5,8100.0,8411.5,8482.5,8616.5,8688.0,8616.0,8699.5,8706.5,8589.5,8293.5,8188.5,7738.5,7340.5,7293.5,7312.5
330,1,33,5,5,5,4,4,5,7,5,4,4,4,4,4,4,4,4,4,4,4,4,3,3,3,3,3,9264.5,9502.0,9593.0,9237.0,9062.5,10761.0,14532.5,10609.5,9227.0,8680.0,8333.0,8361.0,8670.5,8747.5,8885.5,8959.5,8889.5,8970.5,8977.5,8864.0,8577.0,8475.0,8038.5,7652.0,7606.5
330,1,34,4,5,5,5,4,4,5,7,5,4,4,4,4,4,4,4,4,4,4,4,4,4,3,3,3,9060.5,9343.5,9538.0,9606.0,9343.0,9247.5,10901.5,14569.0,10763.5,9426.5,8901.5,8570.5,8604.5,8913.0,8995.5,9134.0,9206.0,9138.0,9217.0,9224.0,9113.5,8834.5,8735.5,8311.5,7936.5
330,1,35,5,5,5,5,5,5,4,5,7,5,4,4,4,4,4,4,4,4,4,4,4,4,4,4,3,9291.5,9121.5,9366.0,9540.0,9687.0,9501.0,9412.5,11024.5,14594.5,10900.5,9606.5,9102.5,8787.5,8827.5,9135.0,9219.0,9354.0,9424.5,9358.5,9435.0,9442.0,9334.5,9063.5,8967.0,8554.5
330,1,36,5,5,5,5,5,5,5,5,5,7,5,5,4,4,4,4,4,4,4,4,4,4,4,4,4,9514.5,9323.5,9134.5,9359.5,9605.5,9814.5,9637.0,9555.0,11128.0,14605.5,11018.0,9765.0,9281.0,8981.5,9028.0,9330.5,9412.5,9544.0,9612.5,9548.5,9623.0,9629.5,9525.5,9262.0,9168.5
330,1,37,5,5,5,5,5,5,5,5,5,5,7,5,5,4,4,4,4,4,4,4,4,4,4,4,4,9675.5,9519.5,9312.5,9118.0,9409.0,9710.0,9916.5,9748.0,9672.5,11208.0,14597.0,11112.0,9898.5,9434.0,9149.5,9198.5,9493.0,9573.0,9701.5,9767.5,9705.5,9778.5,9785.0,9684.0,9427.5
330,1,38,5,5,5,5,5,5,5,5,5,5,6,7,5,5,5,4,4,4,4,4,4,4,4,4,4,9720.5,9661.0,9489.5,9277.5,9154.0,9494.0,9790.5,9995.0,9835.5,9766.5,11266.0,14571.0,11183.5,10008.5,9562.5,9289.0,9337.0,9624.0,9702.5,9827.5,9892.0,9832.0,9903.0,9910.0,9811.5
330,1,39,6,6,5,5,5,5,5,5,5,5,5,6,7,6,5,5,5,5,5,5,5,5,5,5,4,9997.0,9690.0,9613.5,9437.0,9291.0,9223.5,9558.0,9850.0,10053.5,9902.5,9839.5,11305.0,14530.5,11236.0,10097.5,9666.0,9400.0,9447.0,9727.0,9804.0,9925.5,9989.0,9931.0,10000.5,10007.0
330,1,40,6,6,6,6,5,5,5,5,5,5,5,5,6,7,6,5,5,5,5,5,5,5,5,5,5,10145.0,9944.0,9630.0,9548.0,9430.0,9336.0,9273.0,9602.5,9891.0,10093.5,9950.0,9893.5,11327.0,14478.0,11271.0,10163.5,9743.5,9484.5,9530.0,9804.0,9879.0,9998.0,10060.5,10004.0,10072.5
330,1,41,7,6,6,6,6,6,6,5,6,6,6,6,5,6,8,6,5,5,5,5,5,5,5,5,5,10589.0,10072.5,9866.5,9557.0,9528.0,9456.5,9367.5,9309.0,9634.0,9919.0,10120.5,9984.5,9934.5,11338.5,14420.0,11292.0,10211.0,9801.5,9548.5,9593.5,9861.0,9934.5,10051.5,10112.5,10057.5
330,1,42,7,7,7,6,6,6,6,6,6,6,6,6,6,6,6,8,6,6,5,5,5,5,5,5,5,10274.5,10488.5,9982.0,9783.5,9529.5,9540.5,9473.5,9389.0,9335.0,9656.0,9938.0,10138.5,10010.0,9965.5,11343.0,14357.5,11300.5,10244.0,9844.0,9597.0,9641.5,9903.0,9975.0,10090.0,10150.0
330,1,43,7,7,7,7,7,6,6,6,6,6,6,6,6,6,6,7,8,7,6,6,5,5,5,5,5,9990.0,10170.0,10378.5,9889.5,9743.0,9530.5,9543.5,9480.5,9400.5,9350.5,9668.0,9947.5,10148.0,10026.0,9986.5,11337.5,14287.5,11296.0,10262.5,9871.5,9630.0,9674.0,9930.0,10001.0,10113.5
330,1,44,7,8,8,8,7,7,7,7,7,6,6,6,6,7,6,6,7,9,7,6,6,6,6,6,6,9659.0,9888.5,10064.0,10274.0,9838.5,9727.5,9522.0,9537.0,9477.5,9402.0,9356.5,9670.5,9947.5,10148.0,10032.5,9996.0,11319.5,14209.5,11279.5,10268.0,9885.0,9648.5,9692.0,9943.0,10013.0
330,1,45,7,8,8,8,8,8,7,7,7,7,7,7,7,7,7,7,7,7,9,7,7,6,6,6,6,8934.0,9561.0,9786.0,9964.5,10211.0,9813.5,9706.5,9507.5,9524.5,9469.0,9398.0,9356.5,9667.5,9942.5,10142.5,10032.0,9996.0,11294.0,14127.5,11255.5,10264.0,9888.5,9657.0,9700.0,9947.0
330,1,46,8,8,8,8,8,8,8,8,8,7,7,7,7,7,7,7,7,7,8,10,8,7,7,6,6,8752.0,8850.0,9465.5,9693.0,9904.5,10174.0,9785.5,9682.5,9489.5,9508.5,9457.0,9390.5,9352.0,9660.5,9934.0,10132.5,10024.5,9989.0,11263.5,14044.5,11226.5,10253.0,9885.0,9658.0,9700.5
330,1,47,8,8,8,9,9,9,9,8,8,8,8,8,7,7,8,8,8,7,7,8,10,8,7,7,7,7949.0,8665.0,8766.0,9378.5,9637.0,9869.0,10135.0,9755.5,9656.5,9469.0,9490.0,9442.0,9379.5,9344.5,9650.0,9921.0,10116.0,10010.0,9976.0,11228.0,13961.0,11192.5,10236.0,9875.0,9652.0
330,1,48,8,8,9,9,9,9,9,9,9,9,8,8,8,8,8,8,8,8,8,8,9,11,9,8,7,7464.0,7881.0,8587.0,8695.5,9329.0,9605.5,9835.5,10098.5,9727.0,9631.5,9449.5,9472.5,9427.5,9368.5,9337.0,9639.0,9906.0,10097.5,9993.5,9960.5,11192.0,13881.0,11157.5,10217.0,9861.5
330,1,49,8,8,9,9,9,10,10,10,10,10,9,9,9,9,9,8,9,9,9,9,8,9,11,9,8,6992.5,7403.5,7817.5,8520.0,8656.0,9300.0,9573.0,9801.0,10062.0,9698.0,9605.5,9428.5,9453.5,9411.5,9356.0,9326.0,9624.0,9887.0,10076.0,9973.5,9941.0,11154.0,13802.0,11120.5,10194.5
330,1,50,8,8,9,9,10,10,10,10,10,11,10,10,10,9,9,9,9,9,9,9,9,9,10,12,10,6774.5,6936.5,7344.5,7760.0,8478.5,8631.0,9266.5,9536.5,9762.5,10021.5,9665.0,9575.5,9403.0,9430.0,9391.0,9337.0,9308.0,9602.0,9861.0,10047.5,9946.5,9915.0,11110.0,13719.5,11077.5
330,1,51,9,9,9,9,10,10,10,11,11,11,11,11,11,10,10,10,10,10,10,10,10,10,10,11,13,6397.5,6718.5,6882.5,7292.0,7725.0,8449.0,8600.5,9228.0,9495.5,9720.0,9976.5,9627.0,9541.0,9372.5,9401.5,9363.5,9310.5,9282.5,9572.5,9828.0,10012.0,9912.5,9881.5,11060.0,13633.0
330,1,52,9,9,10,10,10,10,11,11,12,12,12,12,12,11,11,11,11,10,10,10,11,11,10,10,11,6124.5,6345.5,6665.5,6833.5,7259.0,7700.0,8415.0,8565.5,9186.0,9451.0,9674.0,9928.0,9585.0,9502.5,9338.0,9367.5,9330.0,9278.5,9250.5,9537.0,9789.0,9971.0,9873.0,9842.0,11005.5
330,1,53,10,11,11,11,11,12,12,13,13,14,14,14,14,13,13,13,13,12,12,12,12,12,12,12,12,5849.0,6077.0,6298.0,6619.0,6803.0,7235.5,7671.5,8378.0,8527.5,9141.0,9404.0,9625.0,9877.5,9540.5,9460.5,9299.5,9328.5,9292.0,9241.5,9214.0,9497.0,9745.5,9925.0,9829.0,9798.5
330,1,54,11,11,11,12,12,12,13,13,14,14,15,15,15,15,15,14,14,14,13,13,13,13,13,13,13,5812.0,5803.0,6031.0,6254.5,6588.5,6781.5,7209.5,7641.0,8339.5,8488.0,9094.5,9355.5,9575.0,9826.0,9495.0,9416.5,9257.5,9286.5,9251.0,9201.0,9174.0,9453.5,9699.0,9876.5,9781.5
330,1,55,12,12,12,12,12,13,13,14,14,15,15,16,16,16,16,16,15,15,15,14,14,14,14,14,14,5374.0,5767.5,5761.5,5990.5,6226.5,6566.5,6758.0,7181.5,7608.5,8300.0,8447.5,9047.5,9306.5,9525.0,9774.0,9448.0,9370.5,9214.0,9242.5,9208.0,9158.5,9132.0,9408.0,9651.0,9826.5
330,1,56,12,12,12,12,12,13,13,13,14,14,15,16,16,17,17,17,16,16,15,15,15,14,14,14,14,5306.5,5336.0,5725.0,5722.5,5962.5,6205.0,6542.0,6732.0,7151.0,7573.5,8257.5,8404.5,8998.5,9255.5,9472.5,9719.5,9397.5,9321.5,9167.0,9195.5,9161.5,9112.5,9087.0,9359.5,9600.0
330,1,57,13,13,13,13,13,14,14,14,14,15,16,17,17,18,18,18,18,17,17,16,16,16,16,15,15,5061.5,5269.0,5299.0,5684.0,5694.0,5940.0,6180.0,6514.0,6702.5,7117.5,7535.5,8212.0,8358.5,8946.5,9201.5,9416.5,9661.0,9343.0,9268.5,9116.0,9144.5,9111.0,9062.5,9037.5,9307.0
330,1,58,14,14,15,14,15,15,15,16,16,16,17,18,19,19,20,20,20,20,19,19,18,18,18,17,17,4988.5,5026.0,5231.0,5262.0,5653.5,5671.5,5915.0,6153.0,6483.5,6671.0,7082.0,7496.0,8165.5,8311.5,8893.5,9146.5,9359.0,9601.0,9287.0,9213.5,9063.5,9091.5,9058.5,9011.0,8986.5
330,1,59,15,16,15,16,16,16,16,17,17,17,18,18,19,20,20,22,22,22,22,21,20,20,20,19,19,4656.0,4953.0,4990.0,5193.5,5234.0,5628.5,5647.0,5888.5,6124.5,6451.5,6638.0,7045.0,7455.5,8118.0,8263.5,8839.5,9090.0,9300.5,9540.0,9230.0,9157.5,9009.5,9037.5,9005.0,8958.5
330,1,60,17,16,17,17,17,17,18,18,18,18,19,19,20,21,22,22,23,24,24,24,23,22,22,21,21,4647.5,4624.5,4917.5,4954.5,5164.5,5211.0,5601.5,5620.5,5860.5,6094.5,6418.5,6603.5,7006.5,7414.0,8070.0,8214.5,8784.0,9032.0,9241.0,9478.0,9172.0,9100.5,8954.0,8982.0,8950.5
330,1,61,19,18,18,18,18,19,18,19,19,20,20,21,21,22,23,24,24,25,26,26,26,25,24,23,23,4696.5,4615.5,4592.0,4881.5,4926.0,5139.5,5186.0,5573.0,5592.5,5830.0,6062.5,6384.0,6567.5,6967.0,7370.5,8020.5,8163.5,8727.0,8973.0,9180.0,9414.5,9112.5,9042.0,8897.0,8925.0
330,1,62,20,21,20,19,20,20,21,20,21,21,22,22,23,23,24,25,27,27,28,28,28,28,27,26,26,4469.5,4663.0,4581.5,4558.0,4850.0,4900.0,5111.5,5158.0,5541.5,5561.5,5797.0,6027.5,6346.5,6528.5,6925.0,7324.5,7967.5,8109.0,8667.0,8911.0,9116.0,9348.0,9049.5,8980.0,8837.5
330,1,63,23,22,23,22,21,22,22,22,22,23,23,24,24,25,25,26,27,29,29,30,31,31,31,30,29,4484.0,4434.5,4625.0,4544.5,4527.0,4821.0,4871.0,5080.5,5127.0,5507.0,5527.5,5761.5,5989.5,6306.0,6487.0,6879.5,7275.5,7911.0,8052.0,8604.0,8845.5,9048.5,9278.5,8983.5,8915.5
330,1,64,26,25,24,25,24,23,24,24,25,24,26,25,26,26,27,27,29,30,32,32,33,34,34,34,32,4489.5,4442.5,4394.5,4584.0,4510.5,4498.0,4789.5,4839.5,5047.0,5094.0,5470.0,5491.0,5723.0,5949.5,6263.0,6443.0,6831.0,7222.5,7851.5,7991.5,8538.0,8777.0,8978.0,9206.0,8914.5
330,1,65,25,28,27,26,27,26,25,26,26,27,26,28,27,28,29,30,30,31,32,34,34,36,36,37,37,3931.0,4443.5,4399.5,4355.0,4548.5,4480.0,4468.5,4757.0,4807.0,5013.0,5060.5,5432.5,5454.0,5684.0,5909.0,6219.5,6397.5,6782.0,7169.0,7791.5,7930.0,8471.0,8708.0,8907.0,9133.0
330,1,66,29,27,30,29,28,29,28,27,29,28,29,29,30,30,31,31,32,32,34,35,37,37,39,40,40,4011.0,3890.0,4398.0,4357.5,4320.0,4515.0,4448.0,4437.0,4722.5,4772.5,4977.0,5024.5,5393.0,5415.0,5643.5,5866.5,6173.5,6350.0,6730.5,7114.0,7729.5,7867.0,8402.0,8636.5,8834.0
330,1,67,27,32,30,34,32,32,33,31,30,31,31,32,31,34,33,34,35,35,36,37,39,41,41,44,44,3377.0,3967.0,3849.0,4352.5,4317.5,4284.0,4477.0,4412.0,4401.5,4684.5,4734.5,4937.5,4984.5,5349.5,5372.0,5598.5,5819.5,6123.5,6298.5,6674.5,7054.5,7663.5,7800.0,8329.0,8561.5
330,1,68,30,30,34,33,37,35,34,36,35,33,35,35,37,35,37,36,37,38,40,40,41,43,46,46,48,3254.5,3338.5,3920.5,3805.5,4306.0,4275.0,4242.5,4433.5,4370.0,4361.0,4641.0,4691.0,4892.0,4939.5,5300.5,5324.0,5547.5,5766.5,6067.5,6241.0,6613.0,6989.0,7591.5,7727.0,8250.5
330,1,69,35,33,34,37,37,40,39,38,39,37,38,38,38,39,38,40,40,41,41,43,43,45,47,50,50,3297.0,3213.5,3296.5,3870.5,3760.0,4256.0,4226.5,4195.0,4384.0,4322.0,4314.0,4591.0,4641.0,4840.0,4888.0,5245.0,5269.0,5490.0,5707.0,6004.5,6176.5,6544.5,6916.5,7512.0,7646.5
330,1,70,35,37,37,36,42,40,45,44,42,43,41,41,43,43,42,42,45,45,45,46,48,48,50,53,56,2921.5,3249.5,3167.0,3248.5,3816.0,3709.5,4198.5,4170.0,4140.0,4327.0,4267.5,4260.0,4534.0,4584.0,4781.5,4829.5,5182.0,5206.0,5425.0,5640.0,5934.0,6104.5,6468.5,6836.0,7424.5
330,1,71,34,38,42,40,39,47,44,48,47,46,46,46,45,47,46,48,47,49,49,50,52,53,54,56,58,2531.0,2875.5,3197.0,3114.5,3196.5,3755.5,3652.0,4133.5,4106.0,4078.0,4263.0,4205.5,4199.0,4469.5,4520.0,4715.5,4763.5,5111.5,5135.5,5352.5,5565.0,5855.5,6024.5,6384.5,6747.0
330,1,72,38,37,41,46,43,45,51,48,54,52,51,52,50,48,52,51,53,52,55,54,55,56,58,59,62,2418.5,2487.0,2824.0,3138.0,3058.5,3141.0,3690.0,3590.0,4063.5,4037.5,4011.0,4194.0,4138.0,4133.0,4400.0,4451.0,4643.5,4692.0,5035.5,5060.0,5274.5,5484.5,5771.5,5938.5,6294.0
330,1,73,34,39,40,45,48,45,47,54,51,57,54,54,55,54,53,55,55,56,56,58,57,59,61,62,63,1985.0,2372.0,2438.5,2767.5,3076.0,3000.5,3081.5,3620.5,3524.0,3988.5,3965.0,3940.0,4120.5,4066.5,4063.0,4326.0,4377.0,4567.0,4616.0,4954.5,4980.0,5191.5,5399.0,5682.5,5847.5
330,1,74,34,36,42,44,46,51,51,50,58,56,61,60,58,59,56,55,58,57,59,59,62,62,63,64,67,1802.5,1943.5,2321.5,2385.5,2708.5,3012.0,2939.0,3019.0,3547.5,3454.0,3910.0,3888.5,3865.5,4043.5,3992.0,3989.5,4248.5,4299.5,4487.0,4536.0,4869.5,4895.5,5104.5,5309.0,5589.0
330,1,75,34,37,38,45,46,52,56,52,53,62,58,64,63,62,64,62,60,63,63,64,64,68,66,68,69,1617.5,1761.5,1898.5,2266.5,2330.0,2647.0,2944.0,2874.0,2953.5,3470.5,3380.5,3828.0,3807.5,3786.5,3962.0,3913.0,3912.0,4166.5,4217.5,4402.5,4451.5,4779.5,4806.0,5012.5,5214.5
330,1,76,35,36,40,41,48,48,53,58,57,56,65,63,70,68,66,68,65,66,68,67,70,68,72,71,73,1487.0,1577.0,1716.5,1850.0,2209.0,2272.5,2582.0,2872.5,2805.5,2884.5,3389.5,3303.0,3741.0,3722.5,3703.5,3876.0,3829.5,3829.5,4079.5,4131.0,4313.0,4362.5,4684.5,4712.0,4915.5
330,1,77,32,38,39,41,43,51,52,58,63,60,62,70,67,75,73,72,73,71,69,73,73,74,75,78,77,1197.5,1445.5,1533.0,1668.0,1799.0,2149.0,2211.5,2513.5,2797.0,2733.0,2811.0,3304.5,3221.0,3649.0,3633.0,3615.5,3785.5,3741.5,3742.5,3988.0,4039.5,4218.5,4268.0,4584.5,4613.0
330,1,78,30,33,39,41,44,48,55,55,62,67,65,65,75,72,79,78,76,79,77,76,79,78,80,80,85,1049.0,1161.0,1401.0,1485.5,1617.0,1745.0,2085.0,2147.0,2440.5,2717.0,2656.5,2733.0,3214.5,3134.5,3552.5,3538.0,3522.0,3689.0,3647.5,3650.0,3890.5,3942.0,4118.5,4167.5,4478.0
330,1,79,33,33,35,42,45,47,49,58,59,65,71,68,69,81,76,86,84,82,84,81,80,84,84,87,85,993.0,1013.5,1121.5,1353.0,1435.0,1563.5,1688.0,2017.5,2079.0,2364.0,2633.0,2575.5,2651.0,3118.5,3043.0,3450.0,3437.0,3423.0,3586.5,3548.0,3551.5,3787.0,3839.0,4012.0,4061.5
330,2,0,0,0,0,0,0,0,0,0,0,0,0,0,0,0,0,0,0,0,0,0,0,0,0,0,0,42.5,43.5,35.5,37.5,54.5,55.0,55.5,56.0,56.5,57.5,58.0,59.0,59.5,60.5,61.5,61.5,61.5,61.5,61.5,61.5,61.5,61.5,61.5,61.5,61.5
330,2,1,0,0,0,0,0,0,0,0,0,0,0,0,0,0,0,0,0,0,0,0,0,0,0,0,0,157.5,168.5,155.5,143.5,181.0,215.5,217.5,219.5,222.0,224.5,227.5,230.5,234.0,237.0,240.5,242.5,242.5,242.5,242.5,242.5,242.5,242.5,242.5,242.5,242.5
330,2,2,0,0,0,0,0,0,0,0,0,0,0,0,0,0,0,0,0,0,0,0,0,0,0,0,0,375.5,319.5,317.5,294.0,320.0,391.0,426.5,430.5,435.0,440.0,445.5,451.0,457.5,464.5,471.5,476.5,478.5,478.5,478.5,478.5,478.0,478.0,478.0,478.0,478.0
330,2,3,0,0,0,0,0,0,0,0,0,0,0,0,0,0,0,0,0,0,0,0,0,0,0,0,0,549.5,534.5,468.0,456.5,475.0,534.5,605.5,642.5,649.0,656.0,663.5,672.5,681.5,691.0,702.0,711.0,716.0,718.0,717.5,717.5,717.5,717.0,717.0,717.0,717.0
330,2,4,0,0,0,0,0,0,0,0,0,0,0,0,0,0,0,0,0,0,0,0,0,0,0,0,0,682.5,701.0,677.0,602.5,631.5,687.5,747.0,818.0,856.5,866.0,875.5,886.5,898.5,911.5,925.0,937.5,946.0,951.0,953.0,952.5,952.0,952.0,952.0,952.0,952.0
330,2,5,0,0,0,0,0,0,0,0,0,0,0,0,0,0,0,0,0,0,0,0,0,0,0,0,0,883.5,818.5,828.0,797.0,763.5,827.5,883.5,944.0,1015.0,1055.0,1067.5,1080.0,1094.5,1109.5,1126.0,1142.0,1153.5,1161.5,1166.5,1168.0,1168.0,1167.5,1167.5,1167.0,1167.0
330,2,6,0,0,0,0,0,0,0,0,0,0,0,0,0,0,0,0,0,0,0,0,0,0,0,0,0,1073.5,1004.0,935.0,937.5,945.0,947.0,1011.0,1067.5,1129.0,1200.5,1242.5,1257.5,1273.0,1290.5,1309.5,1327.5,1342.5,1354.0,1361.5,1366.5,1367.5,1367.5,1367.5,1367.0,1366.5
330,2,7,0,0,0,0,0,0,0,0,0,0,0,0,0,0,0,0,0,0,0,0,0,0,0,0,0,1181.5,1182.0,1109.5,1038.0,1077.0,1117.5,1121.5,1186.0,1243.0,1305.5,1378.0,1422.0,1439.5,1458.5,1479.0,1499.5,1517.0,1531.5,1542.5,1550.0,1554.5,1555.5,1555.5,1555.5,1554.5
330,2,8,0,0,0,0,0,0,0,0,0,0,0,0,0,0,0,0,0,0,0,0,0,0,0,0,0,1360.0,1283.5,1279.0,1204.5,1171.0,1241.0,1282.5,1288.5,1353.5,1411.5,1475.0,1548.5,1594.5,1615.5,1638.0,1660.0,1679.5,1696.5,1710.5,1721.0,1728.5,1732.5,1733.5,1733.5,1733.0
330,2,9,0,0,0,0,0,0,0,0,0,0,0,0,0,0,0,0,0,0,0,0,0,0,0,0,0,1646.5,1454.5,1375.5,1366.5,1329.0,1327.0,1397.0,1439.0,1447.5,1513.0,1573.0,1637.5,1712.5,1760.5,1784.5,1808.5,1830.0,1849.0,1865.5,1878.5,1889.5,1896.5,1900.0,1901.0,1901.0
330,2,10,0,0,0,0,0,0,0,0,0,0,0,0,0,0,0,0,0,0,0,0,0,0,0,0,0,1819.0,1730.5,1539.5,1457.5,1482.0,1475.0,1474.5,1545.0,1588.0,1598.5,1665.5,1727.0,1792.5,1869.5,1920.0,1944.5,1968.0,1989.0,2007.5,2023.5,2036.5,2047.0,2054.0,2057.5,2058.0
330,2,11,0,0,0,0,0,0,0,0,0,0,0,0,0,0,0,0,0,0,0,0,0,0,0,0,0,2572.0,1896.5,1806.0,1615.5,1567.5,1619.5,1614.5,1615.5,1686.5,1731.5,1743.5,1812.0,1875.0,1942.0,2020.5,2072.0,2096.0,2118.5,2139.0,2157.0,2173.0,2185.5,2195.5,2202.5,2206.0
330,2,12,0,0,0,0,0,0,0,0,0,0,0,0,0,0,0,0,0,0,0,0,0,0,0,0,0,3116.5,2626.0,1966.0,1873.5,1718.0,1698.5,1751.0,1748.0,1751.0,1822.5,1869.0,1883.5,1953.0,2017.5,2086.5,2165.0,2215.0,2239.0,2261.0,2281.0,2298.5,2314.0,2326.5,2336.0,2342.5
330,2,13,0,0,0,0,0,0,0,0,0,0,0,0,0,0,0,0,0,0,0,0,0,0,0,0,0,3541.0,3156.0,2676.5,2028.0,1967.5,1841.0,1823.0,1876.5,1875.5,1880.5,1953.0,2000.5,2018.0,2088.5,2154.5,2224.0,2301.0,2350.0,2373.5,2395.0,2415.0,2432.0,2447.0,2459.5,2468.5
330,2,14,0,0,0,0,0,0,0,0,0,0,0,0,0,0,0,0,0,0,0,0,0,0,0,0,0,4115.5,3574.0,3197.0,2726.0,2118.0,2083.5,1960.5,1944.5,1999.0,1999.5,2007.0,2080.5,2129.5,2149.5,2221.5,2288.0,2356.5,2431.5,2480.0,2503.0,2524.0,2543.5,2560.5,2575.0,2587.0
330,2,15,0,0,0,0,0,0,0,0,0,0,0,0,0,0,0,0,0,0,0,0,0,0,0,0,0,4148.0,4144.0,3612.5,3240.5,2806.0,2232.0,2199.0,2079.5,2065.5,2121.0,2123.0,2133.0,2208.0,2258.5,2281.0,2353.5,2419.0,2486.0,2560.0,2607.5,2630.0,2651.0,2669.5,2686.5,2700.5
330,2,16,1,0,0,0,0,0,0,0,0,0,0,0,0,0,0,0,0,0,0,0,0,0,0,0,0,4368.0,4187.0,4181.0,3656.5,3318.0,2913.0,2348.0,2317.0,2200.5,2188.5,2245.0,2249.5,2261.5,2338.0,2390.5,2414.0,2485.5,2550.0,2616.0,2689.0,2736.0,2758.0,2778.5,2796.5,2813.0
330,2,17,1,1,1,1,0,0,0,0,0,0,0,0,0,0,0,0,0,0,0,0,0,0,0,0,0,4353.5,4417.5,4236.0,4228.5,3739.0,3428.0,3028.0,2470.5,2441.5,2328.0,2318.5,2376.5,2383.5,2397.5,2475.5,2529.0,2552.0,2622.5,2686.0,2752.0,2823.5,2870.0,2891.5,2911.5,2929.5
330,2,18,1,1,1,1,1,1,1,0,0,0,0,0,0,0,0,0,0,0,0,0,0,0,0,0,0,4797.0,4418.0,4477.0,4295.0,4318.5,3858.0,3551.0,3155.5,2605.0,2578.0,2467.5,2460.5,2520.0,2529.5,2545.5,2624.5,2677.0,2700.0,2770.0,2832.5,2897.5,2968.5,3014.0,3035.5,3055.0
330,2,19,1,1,1,1,1,1,1,1,1,0,0,0,0,0,0,0,0,0,0,0,0,0,0,0,0,4709.5,4872.0,4491.0,4545.5,4399.0,4448.0,3992.5,3689.5,3299.5,2756.0,2731.5,2624.0,2619.0,2680.0,2692.0,2709.5,2787.5,2839.5,2862.0,2931.5,2993.0,3056.5,3127.0,3172.0,3193.5
330,2,20,1,1,1,1,1,1,1,1,1,1,0,0,0,0,0,0,0,0,0,0,0,0,0,0,0,4951.0,4812.0,4962.5,4581.0,4675.5,4559.5,4608.5,4159.0,3860.5,3476.5,2940.5,2918.5,2814.5,2812.0,2875.0,2888.0,2905.5,2982.0,3033.5,3055.0,3123.5,3184.0,3246.5,3316.0,3360.5
330,2,21,1,1,1,1,1,1,1,1,1,1,1,1,1,1,0,1,1,1,1,1,1,1,1,1,1,5260.5,5102.5,4937.0,5078.5,4750.5,4880.5,4766.5,4816.5,4374.0,4080.5,3703.0,3175.5,3156.0,3056.5,3057.0,3121.0,3133.0,3150.0,3225.0,3275.5,3296.5,3363.5,3423.5,3485.0,3553.0
330,2,22,1,1,1,1,1,1,1,1,1,1,1,1,1,1,1,1,1,1,1,1,1,1,1,1,1,5211.5,5479.0,5273.5,5086.0,5285.5,5006.0,5135.5,5024.5,5076.5,4641.0,4354.0,3983.5,3465.5,3450.0,3355.0,3357.0,3420.0,3431.5,3447.5,3521.5,3570.5,3591.0,3656.5,3715.5,3776.0
330,2,23,1,1,1,1,1,1,1,1,1,1,1,1,1,1,1,1,1,1,1,1,1,1,1,1,1,5889.5,5474.0,5679.5,5448.5,5334.0,5585.0,5311.0,5440.5,5333.5,5387.5,4960.5,4681.0,4319.0,3812.0,3801.0,3709.0,3710.5,3772.0,3783.5,3798.5,3871.0,3919.0,3938.5,4002.5,4060.0
330,2,24,1,1,1,1,1,1,1,1,1,1,1,1,1,1,1,1,1,1,1,1,1,1,1,1,1,6416.0,6179.0,5705.0,5873.0,5727.0,5677.5,5926.5,5659.0,5789.5,5687.0,5743.0,5327.0,5055.5,4704.5,4210.5,4201.5,4111.0,4112.0,4172.0,4182.5,4197.0,4267.5,4314.5,4333.0,4395.5
330,2,25,1,1,1,1,1,1,1,1,1,1,1,1,1,1,1,1,1,1,1,1,1,1,1,1,1,6706.0,6721.0,6417.0,5912.5,6165.5,6094.5,6048.5,6295.0,6035.5,6167.0,6070.0,6128.5,5725.0,5463.5,5124.5,4642.5,4633.0,4543.5,4544.5,4602.5,4612.5,4626.0,4694.5,4740.0,4757.5
330,2,26,1,1,1,1,1,1,1,1,1,1,1,1,1,1,1,1,1,1,1,1,1,1,1,1,1,7117.0,7014.0,6951.5,6611.5,6211.5,6537.0,6470.0,6428.0,6672.0,6422.0,6554.0,6463.5,6525.5,6136.0,5886.0,5557.0,5085.5,5075.5,4987.5,4988.0,5044.0,5053.5,5066.0,5132.5,5176.5
330,2,27,1,1,1,1,1,1,1,1,1,1,1,1,1,1,1,1,1,1,1,1,1,1,1,1,1,7588.0,7418.0,7236.0,7127.5,6893.0,6586.0,6906.0,6843.5,6806.0,7048.0,6808.5,6941.5,6858.5,6924.5,6550.5,6309.5,5988.5,5528.5,5518.5,5432.5,5432.5,5487.0,5495.5,5507.0,5572.0
330,2,28,1,1,1,1,1,1,1,1,1,1,1,1,1,1,1,1,1,1,1,1,1,1,1,1,1,7751.5,7878.0,7626.0,7396.5,7389.5,7247.5,6952.0,7266.5,7209.5,7177.0,7417.5,7189.0,7324.0,7249.5,7319.5,6959.0,6724.0,6411.5,5964.0,5954.5,5870.5,5870.0,5923.0,5931.0,5942.0
330,2,29,2,2,2,1,1,1,1,1,1,1,1,1,1,1,1,1,1,1,1,1,1,1,1,1,1,8211.0,8036.5,8069.5,7768.5,7641.5,7722.5,7588.5,7304.5,7614.0,7563.0,7536.0,7775.0,7558.5,7696.0,7630.0,7701.0,7350.5,7122.0,6818.5,6384.0,6374.5,6293.0,6292.0,6343.0,6350.5
330,2,30,2,2,2,2,2,2,2,1,1,1,1,1,1,1,1,1,1,1,1,1,1,1,1,1,1,8538.0,8475.5,8218.5,8194.5,7995.0,7958.5,8040.5,7914.0,7642.0,7947.0,7902.0,7881.0,8118.5,7914.5,8055.0,7993.5,8062.5,7721.5,7499.5,7204.5,6782.5,6772.5,6693.5,6692.5,6741.5
330,2,31,2,2,2,2,2,2,2,2,2,2,2,2,2,2,2,2,2,2,1,1,1,1,1,1,1,8633.0,8775.5,8634.0,8332.5,8398.5,8289.0,8256.5,8340.0,8220.5,7960.5,8262.0,8223.5,8208.5,8445.0,8253.0,8392.5,8332.5,8399.5,8068.0,7852.0,7565.0,7154.5,7144.5,7067.0,7066.0
330,2,32,2,2,2,2,2,2,2,2,2,2,2,2,2,2,2,2,2,2,2,2,2,1,1,1,1,8839.0,8840.5,8906.5,8723.5,8516.5,8662.0,8558.0,8530.0,8615.0,8502.5,8254.0,8552.5,8520.5,8511.5,8747.5,8564.0,8699.0,8640.5,8705.5,8383.0,8172.5,7893.0,7493.5,7483.5,7407.5
330,2,33,2,2,2,2,2,2,2,2,2,2,2,2,2,2,2,2,2,2,2,2,2,2,2,2,2,9176.5,9015.0,8951.5,8975.0,8878.5,8753.5,8897.5,8799.5,8775.5,8862.5,8757.0,8519.5,8815.0,8789.0,8786.0,9019.0,8840.0,8971.5,8914.0,8977.0,8662.5,8457.5,8185.0,7795.5,7786.0
330,2,34,2,2,2,2,2,2,2,2,2,2,2,2,2,2,2,2,2,2,2,2,2,2,2,2,2,9199.5,9318.0,9103.5,9007.0,9106.5,9083.0,8963.5,9106.5,9014.5,8994.5,9083.0,8984.5,8757.5,9050.5,9030.5,9030.5,9257.5,9082.5,9210.5,9154.0,9215.0,8908.0,8708.0,8442.0,8062.0
330,2,35,3,3,3,3,3,3,3,2,3,2,2,2,2,2,2,2,2,2,2,2,2,2,2,2,2,9287.5,9317.5,9382.0,9143.0,9121.0,9283.5,9262.5,9148.5,9291.0,9204.5,9188.5,9278.5,9187.0,8969.5,9260.5,9243.5,9243.5,9464.5,9293.5,9417.5,9362.5,9421.5,9122.0,8926.0,8666.0
330,2,36,3,3,3,3,3,3,3,3,3,3,3,3,3,3,2,3,3,2,3,2,2,2,2,2,2,9677.5,9382.5,9366.0,9401.5,9235.0,9273.5,9435.0,9416.5,9307.5,9450.0,9368.5,9356.5,9448.0,9363.0,9154.5,9441.0,9424.0,9424.0,9639.5,9472.0,9593.0,9539.0,9596.5,9303.5,9111.5
330,2,37,3,3,3,3,3,3,3,3,3,3,3,3,3,3,3,3,3,3,3,3,3,3,3,3,2,9987.0,9747.0,9417.0,9376.0,9472.5,9364.5,9404.0,9564.0,9548.5,9444.5,9587.0,9510.0,9502.0,9595.0,9515.5,9314.0,9594.0,9577.0,9576.5,9787.0,9623.0,9741.0,9687.5,9744.0,9456.5
330,2,38,4,4,3,3,3,3,3,3,3,3,3,3,3,3,3,3,3,3,3,3,3,3,3,3,3,9981.0,10037.5,9765.5,9420.5,9436.5,9582.0,9478.0,9518.5,9677.0,9664.0,9565.0,9707.5,9635.0,9630.5,9725.5,9649.0,9451.5,9725.5,9708.5,9707.5,9913.0,9752.5,9867.5,9815.0,9870.0
330,2,39,4,4,4,4,3,3,3,3,3,3,3,3,3,3,3,3,3,3,3,3,3,3,3,3,3,10150.0,10019.0,10041.5,9757.0,9471.0,9533.5,9677.5,9577.0,9619.0,9776.5,9766.0,9671.0,9814.0,9746.0,9744.5,9839.5,9764.0,9570.0,9838.0,9821.0,9820.0,10021.0,9863.0,9976.0,9924.0
330,2,40,4,4,4,4,4,4,4,4,3,3,3,3,3,3,3,3,3,3,3,3,3,3,3,3,3,10302.5,10172.5,10015.5,10022.0,9792.0,9553.5,9616.5,9759.0,9662.0,9705.0,9862.0,9854.0,9763.5,9906.0,9842.0,9842.0,9935.0,9860.5,9670.0,9932.5,9915.5,9914.0,10111.5,9955.5,10066.5
330,2,41,4,4,4,4,4,4,4,4,4,4,4,4,4,3,3,3,3,3,3,3,3,3,3,3,3,10552.5,10313.0,10161.0,9993.5,10044.0,9857.0,9623.5,9686.5,9828.0,9734.5,9778.5,9935.0,9929.0,9842.5,9985.0,9923.5,9923.0,10014.0,9940.5,9753.0,10010.5,9993.5,9991.5,10185.5,10032.0
330,2,42,4,5,4,4,4,4,4,4,4,4,4,4,4,4,4,4,4,4,4,3,3,3,3,3,3,10131.5,10547.0,10292.0,10134.0,10010.0,10095.0,9912.0,9683.0,9746.5,9887.0,9796.5,9841.5,9997.5,9993.5,9910.5,10052.0,9991.0,9990.0,10079.0,10006.5,9821.5,10075.0,10057.5,10055.5,10245.5
330,2,43,5,5,5,5,5,4,4,4,4,4,4,4,4,4,4,4,4,4,4,4,4,4,4,4,4,10294.5,10128.5,10520.5,10262.0,10144.5,10054.0,10139.0,9959.0,9734.5,9798.5,9938.0,9850.5,9896.0,10051.5,10050.0,9969.0,10107.5,10047.0,10046.0,10133.0,10061.5,9878.5,10128.0,10110.5,10108.0
330,2,44,5,5,5,5,5,5,5,5,5,4,4,4,4,4,4,4,4,4,4,4,4,4,4,4,4,9950.5,10286.5,10108.0,10488.0,10267.5,10179.5,10091.0,10176.0,9999.0,9778.5,9842.5,9981.5,9896.5,9943.5,10098.0,10097.5,10017.0,10153.0,10093.0,10092.0,10177.5,10106.0,9925.5,10170.5,10153.5
330,2,45,5,5,6,5,6,5,5,5,5,5,5,5,5,5,5,5,5,4,4,4,4,4,4,4,4,9537.5,9945.0,10262.5,10080.0,10486.5,10294.0,10207.5,10120.5,10205.0,10031.5,9814.5,9878.5,10017.5,9934.5,9982.5,10135.5,10134.5,10054.5,10189.0,10129.0,10127.5,10211.5,10140.5,9962.0,10203.5
330,2,46,6,6,6,6,6,6,6,6,5,5,5,5,5,5,5,5,5,5,5,5,5,5,5,4,4,9574.0,9531.0,9925.0,10233.5,10080.5,10505.0,10315.5,10230.5,10145.0,10229.0,10058.0,9844.5,9909.0,10047.5,9966.5,10014.0,10165.5,10164.0,10084.5,10217.0,10157.0,10155.0,10237.5,10167.5,9990.0
330,2,47,6,6,6,6,6,6,6,6,6,6,6,6,5,5,5,5,5,5,5,5,5,5,5,5,5,8752.0,9557.5,9511.0,9899.5,10230.0,10099.0,10519.0,10332.0,10248.5,10164.5,10248.0,10079.5,9869.0,9934.0,10071.5,9992.0,10038.5,10188.0,10186.0,10107.0,10237.5,10177.5,10175.0,10256.5,10186.5
330,2,48,6,6,7,6,7,7,7,7,7,6,6,6,6,6,6,6,6,6,6,6,5,5,5,5,5,8582.0,8744.5,9537.0,9489.5,9896.0,10241.5,10112.0,10528.5,10343.0,10260.5,10178.5,10261.5,10095.5,9888.0,9952.5,10089.0,10010.5,10056.0,10203.0,10200.5,10122.0,10250.5,10191.0,10188.0,10268.0
330,2,49,6,7,7,7,7,7,7,7,7,7,7,7,7,6,6,6,6,6,6,6,6,6,6,6,6,8258.0,8571.5,8728.5,9512.0,9484.5,9903.5,10246.0,10118.0,10531.0,10347.5,10266.0,10185.5,10268.5,10104.5,9899.5,9963.5,10099.0,10020.5,10065.0,10210.5,10207.0,10129.0,10255.5,10196.5,10193.0
330,2,50,7,7,7,7,8,7,8,8,8,8,7,7,7,7,7,7,7,7,6,6,6,6,6,6,6,7927.5,8247.0,8554.0,8708.5,9502.5,9489.5,9905.0,10244.5,10118.0,10527.5,10346.5,10266.0,10186.5,10269.5,10107.5,9904.5,9968.0,10101.5,10023.0,10067.0,10210.5,10207.0,10129.0,10254.0,10195.0
330,2,51,7,7,7,8,8,8,8,8,8,8,8,8,8,8,8,7,7,7,7,7,7,7,7,7,7,7653.5,7916.5,8230.0,8533.5,8702.0,9503.0,9490.0,9902.5,10239.5,10114.0,10520.5,10341.5,10262.0,10183.5,10266.5,10106.0,9904.5,9967.0,10098.5,10020.5,10064.0,10205.0,10202.0,10124.0,10247.5
330,2,52,8,8,8,8,8,8,9,9,9,9,9,9,9,9,8,8,8,8,8,8,8,8,8,7,7,7460.0,7642.5,7900.0,8209.5,8525.0,8703.5,9498.0,9485.5,9894.5,10229.5,10105.0,10509.0,10331.5,10253.0,10175.5,10258.0,10098.5,9898.0,9960.0,10090.0,10012.0,10054.5,10194.5,10191.0,10113.0
330,2,53,8,8,8,9,9,9,9,10,9,10,10,10,10,9,9,9,9,9,8,8,8,8,8,8,8,7245.5,7448.0,7625.0,7878.0,8197.0,8520.5,8698.0,9486.0,9474.0,9879.5,10212.5,10089.5,10490.5,10314.5,10237.5,10160.5,10242.0,10083.0,9884.0,9945.0,10074.0,9996.0,10037.5,10176.5,10172.5
330,2,54,9,9,9,9,9,9,10,10,10,10,10,11,10,11,10,10,10,10,9,9,9,9,9,9,9,7238.0,7231.5,7428.5,7601.5,7862.5,8188.5,8509.0,8685.5,9467.5,9456.0,9858.5,10189.0,10067.5,10465.5,10291.5,10215.5,10138.5,10219.0,10061.0,9863.5,9923.0,10051.0,9973.5,10014.5,10151.5
330,2,55,9,10,9,10,10,10,10,10,10,11,11,11,11,11,11,11,11,10,10,10,10,10,10,9,9,6885.0,7219.5,7209.5,7403.0,7583.5,7850.5,8174.5,8492.5,8667.5,9444.0,9433.0,9833.0,10160.5,10040.5,10436.0,10263.5,10187.5,10111.0,10190.5,10034.0,9837.5,9896.5,10022.5,9945.5,9986.0
330,2,56,10,10,10,10,10,10,11,11,11,11,12,12,12,12,12,12,12,12,11,11,11,10,10,10,10,6695.0,6864.0,7193.5,7182.5,7382.5,7569.0,7834.0,8155.5,8471.5,8645.0,9416.5,9405.5,9803.0,10128.0,10009.5,10402.0,10230.5,10154.5,10079.0,10157.5,10002.0,9806.5,9865.0,9990.0,9913.0
330,2,57,10,11,11,11,11,11,11,11,12,12,12,13,13,13,13,13,13,13,12,12,12,12,11,11,11,6308.5,6670.0,6836.5,7163.0,7160.0,7365.0,7550.5,7813.5,8132.5,8446.5,8619.5,9385.0,9374.5,9769.0,10092.5,9974.5,10364.0,10193.5,10118.0,10043.0,10120.5,9966.0,9772.0,9829.5,9953.5
330,2,58,11,11,12,12,12,12,12,12,12,13,13,13,14,14,14,14,14,14,14,13,13,13,12,12,12,5955.5,6282.0,6640.5,6807.0,7138.0,7141.0,7344.5,7528.5,7790.0,8107.0,8419.0,8591.0,9351.0,9341.0,9733.0,10054.5,9937.0,10323.0,10154.0,10079.0,10004.0,10081.0,9927.0,9735.0,9791.5
330,2,59,11,12,12,13,13,13,13,13,13,13,14,14,14,15,15,15,15,15,15,15,15,14,14,14,13,5428.5,5927.5,6251.5,6608.0,6780.5,7114.5,7118.0,7320.0,7503.0,7763.0,8077.5,8387.5,8558.5,9313.5,9303.5,9693.0,10011.5,9895.5,10278.0,10110.0,10035.5,9961.0,10037.5,9884.5,9693.5
330,2,60,12,12,13,13,14,14,14,14,14,14,15,15,15,15,17,16,17,17,16,17,16,16,15,15,15,5127.5,5403.5,5898.0,6219.0,6579.0,6754.5,7086.0,7090.0,7290.5,7472.5,7731.0,8043.5,8351.5,8521.5,9270.5,9261.0,9647.5,9963.5,9848.5,10228.0,10061.0,9987.0,9913.0,9988.5,9837.0
330,2,61,13,13,13,14,15,16,16,16,16,16,16,17,17,17,17,19,18,19,19,18,19,18,18,17,17,5063.5,5104.0,5376.5,5866.5,6189.5,6551.0,6725.5,7054.5,7058.5,7258.0,7438.5,7695.5,8006.0,8312.0,8481.0,9224.5,9215.5,9598.5,9912.5,9797.5,10174.5,10009.0,9935.5,9861.5,9936.5
330,2,62,13,15,14,15,16,17,17,18,18,18,18,18,18,19,19,19,21,20,21,21,21,21,20,20,19,4566.5,5037.0,5076.5,5347.0,5837.0,6161.0,6519.5,6693.0,7020.0,7024.0,7222.0,7402.0,7657.0,7965.0,8269.0,8437.5,9175.5,9166.0,9546.0,9857.5,9743.5,10117.5,9953.5,9880.5,9807.0
330,2,63,15,15,16,16,16,18,18,19,19,20,20,20,20,20,21,21,21,23,23,23,23,23,23,22,22,4507.5,4540.5,5006.5,5045.5,5317.5,5806.5,6128.5,6484.0,6656.5,6981.5,6985.5,7182.0,7361.5,7614.5,7920.5,8222.5,8389.5,9121.5,9112.0,9489.5,9798.0,9685.5,10056.0,9893.5,9821.5
330,2,64,16,16,16,18,18,18,20,20,21,21,22,22,22,22,23,23,24,24,25,25,26,26,25,26,25,4416.5,4479.5,4511.0,4972.0,5014.0,5286.0,5771.0,6090.5,6443.5,6614.5,6937.0,6941.5,7137.0,7315.0,7566.0,7870.0,8169.5,8335.0,9060.5,9052.0,9426.0,9732.0,9620.5,9988.0,9827.0
330,2,65,16,18,18,18,19,19,20,21,22,23,23,24,24,24,24,25,25,26,26,28,27,28,28,28,28,3792.5,4386.5,4447.5,4477.5,4936.5,4980.5,5250.5,5731.0,6047.5,6398.0,6567.5,6887.0,6892.0,7086.5,7263.0,7512.0,7813.5,8110.0,8274.5,8993.0,8985.0,9355.5,9659.0,9548.5,9913.0
330,2,66,18,17,20,20,20,21,21,22,24,25,26,26,27,27,27,27,28,28,29,29,31,30,31,31,31,3888.0,3766.0,4352.5,4410.5,4442.0,4899.0,4943.0,5210.5,5686.5,6000.0,6347.0,6515.5,6832.0,6837.5,7030.5,7205.5,7452.5,7751.0,8044.5,8207.5,8919.5,8911.5,9278.5,9579.0,9470.0
330,2,67,18,20,19,22,22,22,24,24,25,27,28,29,29,30,29,30,30,31,31,32,32,34,34,34,35,3382.0,3857.0,3734.5,4313.0,4372.0,4405.0,4857.5,4901.0,5166.0,5637.5,5948.0,6292.0,6459.0,6772.5,6778.5,6970.0,7143.0,7388.0,7683.5,7974.5,8135.5,8841.0,8833.0,9196.5,9494.5
330,2,68,18,20,22,21,24,24,24,26,26,27,29,30,32,32,33,33,33,33,34,35,35,35,38,37,38,2992.5,3352.0,3820.0,3698.0,4271.0,4331.5,4364.5,4812.0,4855.5,5118.0,5584.5,5892.0,6233.0,6398.5,6709.5,6715.5,6905.0,7076.5,7319.5,7612.0,7900.5,8060.0,8758.5,8751.0,9111.0
330,2,69,20,21,22,24,24,27,27,27,29,29,30,32,34,35,35,37,36,36,37,37,38,39,39,42,41,2922.5,2963.0,3317.5,3779.0,3660.0,4227.5,4287.5,4320.5,4763.0,4807.0,5066.5,5528.0,5832.5,6169.5,6334.0,6642.5,6648.5,6836.0,7006.5,7247.0,7536.5,7822.0,7980.5,8671.5,8665.0
330,2,70,20,22,22,24,27,27,29,30,30,32,32,33,36,36,39,39,41,40,40,41,42,42,43,43,46,2573.5,2891.0,2931.0,3281.5,3739.0,3622.5,4184.0,4243.5,4277.0,4714.5,4758.5,5015.5,5472.0,5774.0,6107.5,6271.0,6576.0,6582.5,6769.0,6938.0,7176.0,7463.5,7746.0,7903.5,8587.5
330,2,71,21,22,24,24,27,29,28,32,33,33,35,35,36,38,40,42,42,44,42,44,44,44,46,46,46,2397.0,2543.5,2857.5,2898.0,3246.0,3699.5,3584.5,4140.0,4199.0,4233.0,4666.0,4709.5,4964.5,5416.5,5715.5,6046.0,6208.5,6510.0,6517.5,6702.5,6870.0,7106.0,7391.5,7672.0,7828.5
330,2,72,21,22,23,27,25,29,33,31,35,35,35,38,37,38,42,44,45,46,47,47,48,48,48,49,51,2096.0,2367.0,2512.0,2822.0,2864.0,3209.0,3657.0,3544.0,4092.5,4151.5,4185.5,4614.0,4657.5,4910.0,5357.5,5653.0,5980.5,6141.5,6440.5,6448.5,6631.5,6798.0,7032.5,7315.0,7593.5
330,2,73,19,22,25,25,28,29,32,36,33,38,37,37,41,42,43,46,47,49,50,52,51,51,51,53,54,1790.0,2067.5,2335.0,2479.0,2786.0,2828.5,3169.0,3611.0,3500.5,4042.0,4101.0,4135.0,4558.5,4602.0,4852.0,5294.0,5587.0,5911.0,6070.5,6366.5,6375.0,6556.5,6722.0,6954.5,7234.5
330,2,74,19,20,24,26,28,31,31,34,38,36,42,42,41,45,45,47,50,52,55,55,56,55,55,57,57,1634.5,1764.0,2037.5,2301.0,2444.5,2748.5,2790.5,3126.0,3562.0,3454.0,3988.0,4047.0,4081.0,4499.0,4542.5,4790.0,5226.5,5516.5,5836.5,5995.0,6287.5,6297.0,6477.5,6641.5,6871.5
330,2,75,19,21,24,26,29,31,34,34,36,41,41,45,46,46,49,48,51,55,57,59,60,61,61,62,62,1366.5,1608.5,1736.0,2005.5,2266.0,2408.0,2707.5,2749.5,3080.5,3510.0,3404.0,3930.5,3989.0,4023.0,4435.5,4479.5,4723.5,5154.5,5441.0,5757.0,5914.0,6204.0,6214.0,6393.0,6555.5
330,2,76,20,21,24,25,29,32,34,37,37,42,46,44,50,50,49,54,54,55,59,62,63,65,67,65,66,1327.5,1342.5,1580.0,1706.0,1972.0,2228.5,2368.5,2663.0,2705.0,3031.0,3453.5,3350.0,3868.5,3926.5,3961.0,4367.5,4411.5,4652.5,5077.0,5360.0,5672.5,5827.5,6114.5,6125.5,6302.5
330,2,77,19,23,22,26,28,32,35,37,41,41,45,52,49,56,55,55,60,59,63,66,68,72,72,75,74,1105.5,1301.5,1316.5,1549.5,1674.5,1936.0,2188.0,2325.5,2615.0,2656.5,2977.0,3392.0,3291.5,3801.0,3859.0,3894.0,4293.5,4338.0,4575.5,4994.0,5273.0,5581.5,5735.0,6018.0,6030.5
330,2,78,19,21,25,25,29,31,36,40,41,46,46,51,56,53,61,61,61,66,66,67,73,76,79,80,82,991.5,1081.5,1273.0,1288.5,1517.5,1640.0,1896.0,2143.5,2278.5,2562.5,2603.5,2918.0,3325.5,3228.0,3728.0,3786.0,3821.0,4213.5,4258.0,4492.0,4904.0,5179.0,5482.5,5635.0,5914.0
330,2,79,21,23,25,28,27,32,33,38,43,45,51,51,55,63,60,68,68,68,74,73,77,82,85,88,89,884.0,967.0,1055.0,1242.0,1258.5,1482.5,1602.5,1852.5,2094.5,2227.5,2505.0,2546.0,2854.0,3253.0,3159.0,3648.5,3706.5,3741.5,4126.5,4171.0,4401.5,4806.0,5076.5,5375.5,5526.5
340,1,0,0,0,0,0,0,0,0,0,0,0,0,0,0,0,0,0,0,0,0,0,0,0,0,0,0,58.5,55.5,46.0,47.0,58.5,59.0,59.5,59.5,60.0,61.0,61.5,62.0,62.5,63.5,64.0,64.0,64.0,64.0,64.0,64.0,64.0,64.0,64.0,64.0,64.0
340,1,1,0,0,0,0,0,0,0,0,0,0,0,0,0,0,0,0,0,0,0,0,0,0,0,0,0,166.5,177.5,162.0,145.0,160.5,183.5,184.5,186.0,187.5,189.0,191.5,193.5,195.5,197.5,200.5,201.5,201.5,201.5,201.5,201.5,201.5,201.5,201.5,201.5,201.5
340,1,2,0,0,0,0,0,0,0,0,0,0,0,0,0,0,0,0,0,0,0,0,0,0,0,0,0,326.5,285.5,283.0,261.0,258.5,287.5,310.5,312.5,315.0,318.5,321.5,325.5,329.0,333.0,337.5,341.0,342.5,342.5,342.5,342.5,342.5,342.5,342.5,342.5,342.5
340,1,3,0,0,0,0,0,0,0,0,0,0,0,0,0,0,0,0,0,0,0,0,0,0,0,0,0,446.0,426.5,377.5,371.5,364.5,375.0,404.0,427.5,431.0,435.0,439.5,444.5,450.0,455.0,461.5,467.0,470.0,471.5,471.5,471.5,471.5,471.5,472.0,472.0,472.0
340,1,4,0,0,0,0,0,0,0,0,0,0,0,0,0,0,0,0,0,0,0,0,0,0,0,0,0,549.0,518.5,495.0,451.5,459.0,464.5,476.0,504.5,528.5,533.5,539.0,544.5,551.5,558.0,565.5,573.0,578.0,581.0,582.0,582.0,582.0,582.0,582.0,582.5,582.5
340,1,5,0,0,0,0,0,0,0,0,0,0,0,0,0,0,0,0,0,0,0,0,0,0,0,0,0,768.0,588.0,559.5,552.0,522.5,540.5,547.0,559.0,587.5,611.5,618.0,624.5,631.5,640.0,648.5,657.0,663.5,668.5,671.5,673.0,673.0,673.0,673.0,673.0,673.0
340,1,6,0,0,0,0,0,0,0,0,0,0,0,0,0,0,0,0,0,0,0,0,0,0,0,0,0,912.5,774.0,604.0,607.5,611.5,593.0,611.5,619.0,631.5,660.0,684.5,692.0,700.0,708.5,718.0,728.0,735.5,742.0,746.5,749.5,751.5,751.5,751.5,751.5,751.5
340,1,7,0,0,0,0,0,0,0,0,0,0,0,0,0,0,0,0,0,0,0,0,0,0,0,0,0,955.5,886.0,760.5,646.5,660.0,673.0,656.0,675.0,683.0,696.5,725.0,750.0,758.5,768.0,778.0,788.0,797.5,804.5,811.5,815.5,818.5,820.0,820.5,820.5,820.5
340,1,8,0,0,0,0,0,0,0,0,0,0,0,0,0,0,0,0,0,0,0,0,0,0,0,0,0,1133.5,926.5,842.5,794.0,694.0,716.0,729.0,714.0,733.0,742.0,756.0,785.0,810.5,820.0,831.0,842.0,851.5,860.5,867.5,874.0,878.0,881.0,882.5,883.0,883.0
340,1,9,0,0,0,0,0,0,0,0,0,0,0,0,0,0,0,0,0,0,0,0,0,0,0,0,0,1294.0,1078.5,881.0,873.0,834.5,746.5,768.5,782.0,768.5,788.0,798.0,813.0,842.0,868.0,879.0,890.5,901.5,910.5,919.0,926.5,932.0,936.5,939.5,941.0,941.0
340,1,10,0,0,0,0,0,0,0,0,0,0,0,0,0,0,0,0,0,0,0,0,0,0,0,0,0,1481.5,1217.5,1008.0,910.5,911.0,882.0,797.5,819.5,834.0,822.0,842.0,852.5,868.5,898.5,925.0,936.5,947.5,958.0,967.0,975.0,982.5,988.0,992.5,995.5,997.0
340,1,11,0,0,0,0,0,0,0,0,0,0,0,0,0,0,0,0,0,0,0,0,0,0,0,0,0,1558.5,1361.0,1126.5,1035.0,948.0,956.5,929.0,847.5,870.0,885.0,874.5,895.0,906.5,923.5,954.5,981.0,992.0,1003.0,1012.5,1021.5,1029.5,1036.5,1042.5,1046.5,1049.5
340,1,12,0,0,0,0,0,0,0,0,0,0,0,0,0,0,0,0,0,0,0,0,0,0,0,0,0,1555.0,1422.0,1226.5,1149.0,1068.5,991.0,1000.0,974.0,895.5,918.5,934.0,925.0,946.0,959.0,977.0,1007.5,1033.5,1044.5,1055.0,1064.5,1073.5,1081.0,1088.0,1094.0,1098.0
340,1,13,0,0,0,0,0,0,0,0,0,0,0,0,0,0,0,0,0,0,0,0,0,0,0,0,0,1446.5,1412.0,1274.5,1247.5,1180.0,1108.0,1033.5,1042.5,1018.5,942.5,966.0,982.5,975.0,996.5,1010.5,1028.5,1058.5,1084.0,1094.5,1105.0,1114.5,1123.5,1130.5,1137.5,1143.0
340,1,14,0,0,0,0,0,0,0,0,0,0,0,0,0,0,0,0,0,0,0,0,0,0,0,0,0,1455.0,1318.5,1257.0,1295.5,1277.0,1218.0,1148.0,1076.0,1085.5,1063.0,989.5,1013.5,1031.0,1024.5,1047.0,1061.0,1079.0,1108.5,1133.0,1143.5,1154.0,1163.0,1172.0,1179.0,1185.5
340,1,15,0,0,0,0,0,0,0,0,0,0,0,0,0,0,0,0,0,0,0,0,0,0,0,0,0,1517.0,1330.0,1177.5,1279.5,1325.0,1313.0,1256.0,1188.0,1118.0,1128.5,1107.0,1036.5,1060.5,1079.0,1073.5,1096.5,1110.5,1128.0,1156.5,1181.0,1191.5,1201.5,1210.5,1219.0,1226.5
340,1,16,0,0,0,0,0,0,0,0,0,0,0,0,0,0,0,0,0,0,0,0,0,0,0,0,0,1579.0,1383.0,1192.0,1205.0,1313.5,1364.5,1353.0,1297.5,1231.5,1163.5,1175.0,1154.5,1086.5,1111.0,1130.0,1125.5,1148.0,1162.0,1179.0,1207.0,1231.5,1241.5,1251.0,1260.0,1268.5
340,1,17,0,0,0,0,0,0,0,0,0,0,0,0,0,0,0,0,0,0,0,0,0,0,0,0,0,1589.5,1453.0,1238.5,1226.0,1247.5,1361.0,1412.0,1401.5,1347.5,1283.0,1217.0,1229.5,1210.0,1144.0,1169.5,1188.5,1184.5,1206.5,1220.5,1237.0,1265.0,1288.5,1298.5,1308.0,1317.0
340,1,18,1,0,0,0,0,0,0,0,0,0,0,0,0,0,0,0,0,0,0,0,0,0,0,0,0,1703.5,1487.5,1312.0,1280.0,1277.5,1305.5,1418.5,1469.5,1460.0,1407.5,1344.5,1280.5,1294.0,1276.0,1211.5,1237.5,1256.5,1252.5,1274.5,1288.0,1304.0,1332.0,1355.0,1365.0,1374.5
340,1,19,1,1,0,0,0,0,0,0,1,0,0,0,0,0,0,0,0,0,0,0,0,0,0,0,0,1754.0,1573.5,1355.5,1356.0,1336.0,1340.5,1369.0,1481.5,1532.5,1524.0,1473.0,1412.5,1350.5,1365.0,1348.5,1285.5,1311.5,1330.0,1326.0,1347.5,1360.5,1376.5,1404.0,1427.0,1437.0
340,1,20,1,1,1,1,1,0,0,0,1,1,1,1,0,0,0,0,0,0,0,0,0,0,0,0,0,1811.0,1602.0,1400.0,1402.5,1415.5,1404.5,1409.0,1438.5,1550.0,1601.0,1594.0,1545.0,1487.0,1427.0,1443.0,1427.5,1365.5,1391.0,1409.0,1405.0,1426.0,1439.0,1455.0,1481.5,1504.0
340,1,21,1,1,1,1,1,1,1,1,1,1,1,1,1,1,1,1,1,0,0,0,0,0,0,0,0,1834.0,1673.0,1412.5,1457.5,1473.5,1497.0,1486.5,1492.5,1522.0,1633.0,1684.5,1679.0,1632.5,1577.0,1520.0,1536.5,1521.5,1460.0,1485.0,1503.0,1498.5,1519.5,1532.0,1548.0,1573.5
340,1,22,1,1,1,1,1,1,1,1,1,1,1,1,1,1,1,1,1,1,1,1,1,1,1,1,1,1868.5,1732.0,1519.5,1487.5,1548.5,1576.5,1600.5,1591.5,1599.0,1629.0,1740.0,1792.5,1788.5,1745.0,1693.0,1638.0,1654.0,1639.0,1578.5,1603.0,1620.5,1616.0,1636.5,1648.5,1664.0
340,1,23,1,1,1,1,1,1,1,1,1,1,1,1,1,1,1,1,1,1,1,1,1,1,1,1,1,1749.5,1806.5,1626.5,1614.5,1604.5,1679.0,1708.0,1732.5,1725.5,1734.5,1766.5,1877.5,1931.5,1930.5,1890.0,1840.5,1786.0,1801.5,1786.5,1727.5,1751.0,1768.0,1763.5,1783.5,1795.5
340,1,24,1,1,1,1,1,1,1,1,1,1,1,1,1,1,1,1,1,1,1,1,1,1,1,1,1,1937.0,1759.5,1744.0,1740.0,1754.5,1762.0,1837.0,1867.0,1893.0,1888.0,1899.5,1933.5,2045.0,2101.0,2103.5,2065.5,2016.5,1963.0,1978.0,1963.0,1905.5,1928.5,1945.0,1940.0,1959.5
340,1,25,1,1,1,1,1,1,1,1,1,1,1,1,1,1,1,1,1,1,1,1,1,1,1,1,1,2152.0,1993.0,1762.5,1871.0,1896.5,1932.0,1941.0,2016.5,2048.0,2076.5,2074.0,2088.5,2125.0,2237.5,2296.0,2300.0,2263.0,2214.5,2162.5,2177.0,2162.5,2106.0,2128.5,2144.0,2139.5
340,1,26,1,1,1,1,1,1,1,1,1,1,1,1,1,1,1,1,1,1,1,1,1,1,1,1,1,2361.5,2237.5,2035.0,1902.5,2039.5,2088.0,2124.5,2136.0,2211.5,2245.0,2276.0,2277.5,2295.0,2335.0,2448.5,2507.5,2511.5,2475.0,2427.5,2377.0,2391.0,2377.0,2321.5,2343.0,2358.0
340,1,27,1,1,1,1,1,1,1,1,1,1,1,1,1,1,1,1,1,1,1,1,1,1,1,1,1,2537.5,2448.0,2299.0,2176.0,2080.5,2239.5,2288.5,2326.5,2341.0,2417.0,2453.0,2486.5,2492.5,2513.5,2557.0,2669.5,2726.5,2730.5,2695.0,2649.0,2599.5,2613.0,2599.0,2545.0,2566.0
340,1,28,1,1,1,1,1,1,1,1,1,1,1,1,1,1,1,1,1,1,1,1,1,1,1,1,1,2802.5,2624.0,2503.5,2438.0,2351.5,2285.5,2442.5,2492.5,2532.5,2550.0,2627.5,2666.5,2703.0,2713.0,2738.5,2782.5,2892.0,2947.0,2951.0,2916.5,2872.0,2823.5,2836.0,2822.5,2770.0
340,1,29,1,1,1,1,1,1,1,1,1,1,1,1,1,1,1,1,1,1,1,1,1,1,1,1,1,2975.5,2877.5,2673.5,2639.5,2609.0,2552.5,2490.5,2645.5,2697.5,2739.5,2760.0,2839.0,2881.5,2921.5,2936.0,2963.5,3006.0,3112.0,3165.5,3169.0,3135.5,3092.0,3044.5,3056.5,3043.5
340,1,30,1,1,1,1,1,1,1,1,1,1,1,1,1,1,1,1,1,1,1,1,1,1,1,1,1,3122.5,3036.5,2911.0,2804.5,2804.5,2802.0,2750.0,2692.0,2846.0,2899.5,2944.0,2967.5,3049.0,3094.5,3138.0,3155.0,3181.0,3222.5,3325.5,3377.5,3380.5,3347.5,3305.0,3259.0,3271.0
340,1,31,1,1,1,1,1,1,1,1,1,1,1,1,1,1,1,1,1,1,1,1,1,1,1,1,1,3412.0,3166.5,3052.5,3030.5,2959.5,2986.5,2986.5,2938.5,2885.0,3038.0,3093.5,3140.5,3167.5,3251.5,3300.0,3345.0,3361.0,3386.0,3426.5,3526.5,3577.0,3579.5,3547.5,3506.0,3461.5
340,1,32,2,1,1,1,1,1,1,1,1,1,1,1,1,1,1,1,1,1,1,1,1,1,1,1,1,3680.5,3435.5,3167.0,3160.5,3171.0,3128.0,3156.5,3159.0,3114.5,3066.0,3218.0,3276.0,3325.5,3356.0,3442.0,3491.5,3535.5,3550.5,3575.0,3614.5,3711.5,3760.5,3762.5,3731.5,3691.0
340,1,33,2,2,1,1,1,1,1,1,1,1,1,1,1,1,1,1,1,1,1,1,1,1,1,1,1,3923.0,3698.0,3421.0,3266.0,3289.0,3324.0,3284.0,3314.5,3319.5,3278.5,3234.5,3386.5,3446.5,3499.0,3532.5,3618.5,3666.5,3709.0,3724.0,3747.5,3786.0,3880.5,3928.0,3930.0,3899.5
340,1,34,2,2,2,2,1,1,1,1,1,1,1,1,1,1,1,1,1,1,1,1,1,1,1,1,1,4698.5,3932.5,3676.0,3507.5,3383.0,3429.0,3465.0,3428.0,3460.5,3468.0,3431.0,3391.0,3543.0,3605.0,3660.0,3695.0,3778.5,3825.5,3866.5,3881.0,3904.0,3941.0,4033.0,4079.5,4081.5
340,1,35,2,2,2,2,2,2,2,2,2,1,1,1,1,1,1,1,1,2,2,2,2,2,2,2,2,5483.0,4661.0,3896.0,3747.5,3608.0,3508.0,3555.0,3592.0,3558.5,3592.5,3602.5,3569.5,3533.5,3685.5,3749.5,3805.0,3839.0,3920.5,3966.5,4006.5,4020.0,4042.5,4078.5,4168.0,4213.5
340,1,36,3,3,2,2,2,2,2,2,2,2,2,2,2,2,2,2,2,2,2,2,2,2,2,2,2,5773.0,5397.0,4579.0,3953.5,3832.0,3716.0,3620.0,3667.5,3706.0,3675.5,3711.5,3723.5,3694.5,3663.0,3814.5,3879.0,3933.0,3966.0,4045.5,4090.0,4129.5,4142.5,4164.0,4199.5,4286.5
340,1,37,3,3,3,2,2,2,2,2,2,2,2,2,2,2,2,2,2,2,2,2,2,2,2,2,2,5884.5,5645.5,5272.0,4613.0,4024.0,3924.0,3812.0,3720.0,3768.5,3808.5,3781.0,3818.5,3833.0,3808.0,3780.5,3929.5,3993.0,4045.5,4078.0,4155.0,4198.5,4237.0,4250.0,4271.0,4305.0
340,1,38,3,3,3,3,2,2,2,2,2,2,2,2,2,2,2,2,2,2,2,2,2,2,2,2,2,6212.5,5750.5,5482.0,5283.5,4661.0,4101.5,4005.5,3897.5,3809.5,3859.0,3900.0,3875.5,3914.5,3932.0,3910.5,3884.5,4030.5,4092.5,4144.0,4175.5,4251.0,4293.5,4330.5,4343.5,4364.0
340,1,39,4,3,3,3,3,3,2,2,2,2,2,2,2,2,2,2,2,2,2,2,2,2,2,2,2,6077.5,6037.5,5582.5,5483.0,5309.5,4716.0,4170.0,4077.5,3973.0,3889.0,3939.5,3981.5,3960.0,4000.5,4020.5,4000.5,3975.0,4118.5,4178.5,4229.0,4260.0,4334.0,4375.5,4411.5,4424.0
340,1,40,4,4,4,3,3,3,3,2,2,2,2,2,2,2,2,2,2,2,2,2,2,2,2,2,2,6139.0,5890.0,5829.0,5575.5,5498.5,5343.5,4763.0,4230.0,4140.5,4040.0,3959.5,4011.0,4055.0,4036.0,4078.0,4099.0,4079.5,4054.5,4194.5,4253.5,4303.0,4333.0,4405.5,4446.0,4481.5
340,1,41,4,4,4,4,4,4,3,3,3,3,2,2,2,2,2,2,2,2,2,2,2,2,2,2,2,6193.5,5929.5,5672.0,5814.0,5584.5,5523.5,5372.5,4805.0,4283.5,4197.5,4101.0,4024.0,4076.5,4122.0,4105.5,4148.0,4168.5,4149.5,4125.0,4262.0,4320.0,4368.5,4397.5,4468.5,4508.5
340,1,42,5,4,4,4,4,4,4,4,3,3,3,3,3,3,3,3,3,3,3,2,3,3,3,3,3,6051.5,5990.0,5691.5,5659.5,5817.0,5605.5,5546.0,5399.5,4844.0,4333.5,4251.0,4157.5,4084.0,4137.5,4184.0,4169.5,4211.5,4231.0,4212.0,4188.5,4323.0,4379.5,4427.0,4455.5,4525.0
340,1,43,5,5,5,5,4,5,4,4,4,4,3,3,3,3,3,3,3,3,3,3,3,3,3,3,3,5771.0,5843.5,5761.0,5678.0,5664.0,5831.0,5624.0,5566.5,5424.0,4879.5,4379.5,4300.0,4210.0,4139.5,4194.0,4240.5,4226.5,4268.0,4287.0,4268.5,4245.0,4377.0,4432.5,4479.0,4507.0
340,1,44,5,5,5,5,5,5,5,5,4,4,4,3,3,3,3,3,3,3,3,3,3,3,3,3,3,5748.0,5579.5,5610.0,5742.5,5678.0,5675.5,5840.5,5638.0,5582.5,5443.5,4909.5,4419.5,4343.0,4256.5,4189.0,4243.5,4289.5,4275.5,4316.0,4335.0,4317.0,4293.5,4423.0,4478.0,4523.5
340,1,45,5,5,5,5,5,5,5,5,5,5,4,4,4,3,3,3,3,3,3,3,3,3,3,3,3,5536.5,5543.5,5363.0,5590.0,5736.0,5683.0,5681.0,5844.5,5646.5,5593.0,5457.5,4933.5,4453.0,4379.5,4296.0,4230.5,4284.0,4329.5,4315.5,4355.5,4374.0,4356.5,4333.5,4460.5,4515.0
340,1,46,6,5,5,5,5,5,5,5,5,5,5,5,4,4,4,4,3,3,3,3,3,3,3,3,3,5552.0,5344.5,5314.5,5343.0,5580.5,5734.0,5682.5,5681.0,5843.0,5649.0,5598.0,5465.5,4951.5,4480.0,4409.0,4328.0,4263.5,4316.0,4360.5,4346.5,4386.0,4404.5,4387.0,4364.5,4489.5
340,1,47,6,6,5,6,6,6,6,6,6,6,5,5,5,4,4,4,4,4,4,4,4,4,4,4,3,5257.0,5367.5,5131.5,5293.5,5334.5,5577.5,5729.0,5679.0,5678.5,5839.0,5649.0,5599.5,5470.5,4965.5,4502.5,4433.0,4353.5,4290.0,4341.5,4385.5,4371.5,4410.5,4429.0,4411.0,4389.0
340,1,48,6,6,6,6,6,6,6,6,6,6,6,6,6,5,5,4,4,4,4,4,4,4,4,4,4,5047.0,5088.5,5164.5,5112.5,5284.0,5332.0,5572.5,5722.0,5673.5,5674.0,5833.5,5647.0,5599.0,5473.5,4976.5,4521.0,4452.5,4373.5,4311.0,4362.0,4405.5,4392.0,4430.0,4448.0,4430.5
340,1,49,6,6,6,6,6,6,6,6,7,6,6,6,6,6,6,5,5,5,4,4,4,4,4,4,4,4833.5,4891.5,4901.5,5141.0,5101.0,5277.0,5325.5,5563.0,5711.5,5664.0,5665.5,5823.5,5640.5,5594.5,5471.5,4982.5,4533.5,4466.0,4387.5,4326.0,4376.5,4419.0,4406.0,4443.5,4461.0
340,1,50,7,7,7,7,7,7,7,7,7,7,7,7,7,7,6,6,6,5,5,5,5,5,5,4,4,4699.0,4683.5,4719.5,4879.5,5125.5,5092.0,5266.0,5315.0,5549.5,5697.0,5651.0,5653.5,5809.5,5630.5,5586.0,5465.0,4983.0,4540.0,4473.5,4396.5,4335.5,4385.5,4427.5,4414.5,4451.5
340,1,51,7,7,7,7,7,7,7,7,7,7,8,7,7,7,7,7,7,6,5,5,5,5,5,5,5,4467.5,4562.0,4518.0,4696.5,4864.5,5113.0,5080.5,5253.0,5302.0,5533.5,5680.0,5635.5,5639.0,5793.5,5618.0,5574.5,5455.5,4979.5,4542.5,4477.0,4401.0,4341.0,4390.5,4432.0,4419.0
340,1,52,8,7,7,7,8,8,8,8,8,8,8,8,8,8,8,8,7,7,6,6,6,5,5,5,5,4377.0,4343.0,4413.5,4496.0,4681.5,4852.5,5098.0,5066.5,5238.0,5286.5,5516.0,5661.0,5618.0,5622.0,5776.0,5603.0,5560.0,5442.5,4972.5,4541.5,4476.5,4401.5,4342.5,4391.5,4432.5
340,1,53,8,8,8,8,8,8,8,9,8,9,8,9,9,9,8,9,8,8,8,7,6,6,6,6,6,4319.5,4258.5,4206.5,4390.5,4480.5,4668.5,4837.5,5080.5,5050.0,5220.0,5268.5,5496.0,5639.5,5598.0,5602.5,5755.5,5584.5,5542.5,5426.0,4962.0,4536.5,4472.0,4398.5,4340.0,4388.5
340,1,54,9,9,8,8,9,9,9,9,9,9,9,9,9,10,9,9,9,9,9,8,8,7,7,6,6,4259.5,4199.5,4128.5,4183.5,4372.0,4465.5,4652.0,4819.0,5059.5,5030.0,5198.0,5247.0,5472.0,5614.5,5574.5,5579.5,5730.5,5561.5,5520.5,5405.5,4947.5,4527.0,4464.0,4391.0,4333.5
340,1,55,10,10,9,9,9,9,9,10,10,10,10,10,10,10,10,10,10,10,10,9,9,8,7,7,7,4040.0,4149.0,4069.0,4104.0,4165.0,4355.5,4448.0,4632.5,4798.0,5036.0,5007.5,5174.0,5222.5,5446.0,5587.5,5548.0,5553.5,5702.5,5536.0,5495.0,5382.0,4929.5,4514.0,4452.0,4380.0
340,1,56,10,10,10,10,10,10,10,10,11,11,11,11,11,11,11,11,11,11,11,10,10,10,9,8,8,3884.5,3940.0,4032.5,4044.5,4085.5,4149.5,4338.5,4430.0,4612.5,4776.5,5012.5,4985.0,5150.0,5198.5,5420.0,5560.5,5521.0,5527.0,5674.0,5510.0,5469.5,5358.0,4910.5,4500.0,4438.5
340,1,57,12,11,11,11,11,11,11,11,11,12,12,12,12,12,12,12,12,12,12,12,11,11,11,10,9,3938.0,3805.0,3836.5,4009.0,4027.0,4070.5,4134.5,4321.5,4412.5,4593.5,4756.5,4990.0,4963.5,5127.0,5176.0,5395.0,5534.0,5495.5,5501.0,5646.5,5484.5,5444.5,5334.5,4892.0,4486.0
340,1,58,13,13,12,12,12,12,12,12,12,12,13,13,13,13,13,13,13,13,13,13,13,13,12,12,11,3775.0,3868.0,3722.5,3815.0,3990.5,4011.5,4055.0,4118.5,4304.0,4394.5,4574.0,4736.0,4967.0,4941.5,5104.0,5152.5,5369.5,5507.0,5469.0,5474.5,5618.5,5458.5,5419.0,5310.0,4872.5
340,1,59,14,14,14,13,13,14,13,13,13,14,14,14,14,15,14,14,14,15,15,15,14,14,14,13,13,3710.0,3712.5,3792.0,3700.0,3796.0,3972.0,3993.0,4037.0,4100.0,4284.0,4374.0,4552.0,4712.5,4941.5,4917.0,5078.0,5126.0,5341.0,5477.0,5439.5,5445.5,5588.0,5429.5,5391.0,5283.0
340,1,60,16,15,15,15,15,15,15,15,15,15,15,15,15,16,16,16,16,16,16,16,16,16,16,15,15,3807.5,3644.5,3643.5,3765.0,3678.5,3776.0,3950.0,3971.5,4015.0,4078.0,4260.0,4350.0,4526.5,4685.5,4912.5,4888.5,5048.0,5096.0,5308.5,5443.0,5406.5,5412.5,5554.0,5397.0,5359.0
340,1,61,18,18,17,16,17,16,16,16,16,16,16,16,16,17,17,18,17,17,17,18,18,17,17,17,17,3744.5,3732.5,3571.5,3615.0,3739.0,3655.5,3752.0,3924.5,3946.5,3990.0,4052.5,4233.0,4322.5,4497.5,4655.0,4880.0,4856.5,5014.5,5062.0,5272.5,5406.0,5370.0,5376.0,5516.0,5361.0
340,1,62,20,20,19,18,18,18,18,18,18,18,18,18,18,18,19,19,20,19,19,19,20,20,19,19,19,3704.5,3670.0,3652.0,3540.0,3587.0,3711.5,3629.5,3725.0,3896.5,3918.5,3962.0,4024.0,4203.0,4292.0,4465.0,4621.5,4844.5,4821.5,4978.0,5025.0,5233.5,5366.0,5330.0,5336.5,5475.0
340,1,63,22,22,22,21,20,20,20,20,20,20,20,20,20,20,20,21,21,22,21,21,21,22,22,21,21,3593.5,3631.5,3591.0,3616.5,3510.0,3558.0,3681.5,3601.0,3696.0,3865.5,3888.0,3931.0,3993.0,4170.5,4258.5,4430.0,4585.0,4806.0,4783.0,4938.0,4985.0,5191.0,5322.5,5287.5,5294.0
340,1,64,25,24,24,24,23,22,22,22,22,22,22,22,22,22,22,22,23,23,24,23,24,23,24,24,24,3455.0,3515.0,3552.5,3552.0,3580.0,3477.0,3525.0,3647.5,3568.5,3662.5,3830.0,3853.0,3896.0,3958.0,4133.5,4220.5,4390.5,4544.0,4762.5,4740.0,4893.0,4940.0,5144.0,5274.0,5240.0
340,1,65,27,26,26,27,26,26,24,24,25,24,24,24,24,24,24,24,25,25,25,26,26,26,26,26,27,3302.5,3368.0,3429.0,3509.0,3511.0,3540.5,3439.5,3487.5,3608.5,3531.5,3624.5,3790.0,3813.0,3856.0,3918.0,4091.0,4177.5,4345.5,4497.5,4713.0,4691.5,4843.0,4889.5,5091.5,5219.5
340,1,66,29,28,28,28,29,28,28,26,26,27,26,26,26,26,26,26,26,27,27,28,28,28,28,28,28,3276.5,3216.0,3274.5,3382.5,3464.5,3467.5,3497.5,3398.5,3446.5,3566.0,3490.5,3583.0,3746.5,3769.5,3812.5,3874.0,4045.0,4131.0,4297.0,4446.5,4659.5,4639.0,4789.0,4835.0,5034.5
340,1,67,30,31,30,30,31,32,30,29,28,29,29,27,27,29,28,28,28,29,29,29,30,31,30,30,30,2968.0,3190.5,3126.5,3228.5,3337.0,3419.0,3423.0,3453.0,3356.0,3403.5,3522.0,3448.0,3540.0,3702.0,3725.0,3768.0,3828.5,3997.5,4083.0,4247.0,4394.5,4605.0,4585.0,4733.5,4779.0
340,1,68,31,32,34,32,33,34,33,33,33,31,31,31,30,31,32,30,31,31,30,32,32,32,33,33,33,2708.5,2891.5,3101.5,3080.5,3182.5,3291.0,3372.0,3377.0,3407.0,3312.5,3359.5,3477.0,3405.0,3496.0,3656.0,3679.5,3722.0,3782.0,3949.5,4033.5,4195.5,4342.0,4549.5,4530.0,4677.0
340,1,69,33,33,35,36,36,35,37,36,36,35,34,33,34,33,33,33,33,32,33,33,33,34,35,36,35,2608.5,2636.5,2810.0,3051.5,3032.5,3134.5,3241.5,3322.5,3327.5,3358.0,3265.5,3313.0,3429.0,3359.0,3448.5,3607.0,3630.5,3673.0,3732.5,3898.5,3981.5,4141.5,4286.0,4491.0,4472.5
340,1,70,36,35,35,37,38,38,39,38,40,39,40,36,37,37,36,35,37,36,37,36,38,38,38,38,40,2562.5,2541.5,2560.5,2761.5,3000.5,2983.0,3084.0,3190.0,3270.0,3276.0,3306.5,3216.5,3264.0,3378.5,3310.5,3399.5,3556.0,3579.5,3622.0,3681.5,3845.0,3927.5,4086.0,4228.5,4431.0
340,1,71,37,39,37,38,39,42,42,42,44,43,42,41,41,39,41,39,40,41,39,39,40,40,40,41,43,2285.0,2494.0,2470.0,2513.5,2711.5,2947.5,2931.0,3030.5,3135.5,3214.5,3222.0,3252.5,3165.0,3212.5,3325.5,3259.5,3348.0,3502.0,3526.5,3568.5,3628.0,3789.5,3871.0,4028.0,4169.0
340,1,72,42,41,45,43,43,46,49,47,48,48,49,49,47,45,46,45,43,44,45,45,45,44,46,46,47,2204.0,2218.5,2417.5,2419.0,2462.5,2657.5,2889.0,2874.0,2972.5,3076.0,3154.5,3162.5,3194.0,3108.5,3156.0,3268.0,3204.0,3291.5,3443.5,3468.5,3510.5,3569.5,3729.0,3810.0,3965.0
340,1,73,41,44,44,47,46,45,47,51,50,51,53,52,51,51,48,48,49,47,47,49,48,48,48,49,49,1996.0,2134.0,2145.5,2361.0,2364.0,2408.0,2599.5,2826.0,2812.5,2910.0,3012.0,3090.0,3098.5,3130.5,3048.0,3095.0,3206.0,3144.5,3231.0,3380.5,3406.0,3448.0,3507.0,3664.0,3744.5
340,1,74,43,44,47,45,48,49,49,53,55,53,55,55,56,54,54,52,52,52,51,51,52,52,52,52,53,1839.5,1928.0,2059.0,2091.5,2302.5,2306.5,2350.5,2538.0,2760.0,2748.0,2844.0,2944.5,3022.0,3031.5,3063.5,2984.0,3031.0,3140.5,3081.0,3167.0,3314.0,3340.0,3382.0,3440.5,3595.5
340,1,75,40,45,46,48,49,52,51,51,54,58,57,57,57,58,58,57,54,54,55,53,54,55,55,54,54,1534.5,1772.5,1855.5,2002.0,2035.0,2241.5,2246.0,2290.0,2473.0,2690.5,2680.0,2774.5,2874.0,2950.5,2960.5,2993.0,2916.5,2963.5,3071.5,3014.0,3099.0,3244.0,3270.0,3312.5,3370.5
340,1,76,46,41,47,48,51,51,56,54,55,57,62,60,61,62,63,61,61,58,59,60,57,58,59,59,58,1603.0,1475.0,1701.5,1799.5,1943.0,1976.0,2177.0,2183.0,2226.5,2405.5,2617.5,2608.5,2702.0,2800.0,2875.5,2886.0,2919.0,2846.0,2892.5,2998.5,2944.0,3027.5,3170.5,3196.5,3239.5
340,1,77,51,48,43,49,51,55,55,58,58,58,61,65,64,65,67,66,65,65,62,62,62,61,61,63,62,1578.5,1535.5,1412.0,1645.0,1741.5,1881.0,1914.0,2109.5,2116.5,2159.5,2334.5,2541.0,2533.5,2625.5,2721.5,2796.5,2808.0,2841.0,2771.5,2817.5,2922.0,2870.0,2952.5,3093.0,3119.5
340,1,78,45,52,50,45,51,54,56,56,61,60,62,65,69,67,69,70,72,70,69,67,67,68,65,67,69,1283.5,1506.5,1464.5,1361.0,1586.5,1680.5,1816.0,1849.0,2039.0,2046.5,2089.0,2259.5,2461.0,2455.0,2545.0,2639.0,2713.0,2726.0,2759.0,2692.5,2738.5,2841.5,2792.0,2873.0,3010.5
340,1,79,47,46,54,53,47,54,56,60,60,65,64,63,68,73,72,72,74,74,74,73,70,70,71,70,69,1188.0,1221.0,1431.5,1406.0,1308.0,1526.0,1616.5,1748.5,1781.0,1965.0,1973.5,2016.0,2181.0,2377.0,2372.5,2461.0,2553.0,2625.5,2639.5,2673.0,2609.5,2655.5,2756.5,2709.5,2789.5
340,2,0,0,0,0,0,0,0,0,0,0,0,0,0,0,0,0,0,0,0,0,0,0,0,0,0,0,51.5,49.5,40.5,41.5,52.0,52.0,52.5,53.0,53.5,54.0,54.5,55.0,55.5,56.5,57.0,57.0,57.0,57.0,57.0,57.0,57.0,57.0,57.0,57.0,57.0
340,2,1,0,0,0,0,0,0,0,0,0,0,0,0,0,0,0,0,0,0,0,0,0,0,0,0,0,140.0,158.0,145.0,129.5,143.5,164.0,165.0,166.5,168.0,169.5,171.5,173.0,175.0,177.5,180.0,181.0,181.0,181.0,181.0,181.0,181.0,181.0,181.0,181.0,181.0
340,2,2,0,0,0,0,0,0,0,0,0,0,0,0,0,0,0,0,0,0,0,0,0,0,0,0,0,320.5,248.5,254.5,235.0,233.5,259.5,280.0,282.5,285.0,287.5,290.5,294.0,297.0,301.0,305.5,308.5,309.5,309.5,309.5,309.5,309.5,309.5,309.5,309.5,309.5
340,2,3,0,0,0,0,0,0,0,0,0,0,0,0,0,0,0,0,0,0,0,0,0,0,0,0,0,429.5,409.5,332.0,336.5,331.0,341.0,367.5,388.0,391.5,395.5,399.5,404.0,409.0,414.0,419.5,424.5,427.5,429.0,429.0,429.0,429.0,429.0,429.0,429.0,429.0
340,2,4,0,0,0,0,0,0,0,0,0,0,0,0,0,0,0,0,0,0,0,0,0,0,0,0,0,480.5,492.5,468.5,401.5,418.0,424.5,435.0,461.5,482.0,486.5,492.0,497.5,503.5,510.0,517.0,523.0,528.0,531.0,532.5,532.5,532.5,532.5,532.5,532.5,532.5
340,2,5,0,0,0,0,0,0,0,0,0,0,0,0,0,0,0,0,0,0,0,0,0,0,0,0,0,693.0,520.5,526.0,521.0,468.5,494.5,501.5,513.0,539.0,560.0,566.0,572.5,579.0,586.5,594.5,602.5,608.5,613.0,616.0,617.0,617.0,617.5,617.5,617.5,617.5
340,2,6,0,0,0,0,0,0,0,0,0,0,0,0,0,0,0,0,0,0,0,0,0,0,0,0,0,852.0,702.0,539.0,572.0,577.5,537.0,562.5,570.0,582.0,608.5,630.0,637.0,644.5,652.5,661.5,670.0,678.0,684.0,688.0,691.0,692.0,692.0,692.5,692.5,693.0
340,2,7,0,0,0,0,0,0,0,0,0,0,0,0,0,0,0,0,0,0,0,0,0,0,0,0,0,946.5,829.0,694.0,582.0,623.0,637.5,599.5,624.5,633.0,645.5,672.5,694.5,702.5,711.0,721.0,730.5,738.5,746.0,752.0,756.0,759.0,760.0,760.0,760.5,760.5
340,2,8,0,0,0,0,0,0,0,0,0,0,0,0,0,0,0,0,0,0,0,0,0,0,0,0,0,1047.0,910.0,790.5,728.5,630.5,678.0,693.0,657.5,682.5,691.5,705.0,732.0,754.5,764.0,774.0,784.5,793.5,801.5,808.5,814.0,818.0,821.0,822.0,822.5,823.0
340,2,9,0,0,0,0,0,0,0,0,0,0,0,0,0,0,0,0,0,0,0,0,0,0,0,0,0,1231.0,994.5,859.5,821.5,770.0,683.5,730.0,745.5,712.5,737.5,747.5,761.5,788.5,812.0,822.5,833.5,843.0,852.0,860.0,867.0,872.0,876.0,879.0,880.0,880.5
340,2,10,0,0,0,0,0,0,0,0,0,0,0,0,0,0,0,0,0,0,0,0,0,0,0,0,0,1301.0,1154.0,927.0,888.0,859.5,817.5,734.5,780.5,796.5,765.0,790.5,802.0,816.5,844.0,868.0,879.0,889.5,899.0,907.5,915.5,922.0,927.5,931.5,934.0,935.5
340,2,11,0,0,0,0,0,0,0,0,0,0,0,0,0,0,0,0,0,0,0,0,0,0,0,0,0,1401.5,1200.5,1063.0,953.0,923.5,903.0,863.0,783.0,829.0,845.0,815.5,841.5,853.5,869.5,897.5,921.5,932.5,942.5,952.0,960.0,968.0,974.0,979.5,983.5,986.0
340,2,12,0,0,0,0,0,0,0,0,0,0,0,0,0,0,0,0,0,0,0,0,0,0,0,0,0,1442.5,1281.5,1084.5,1084.0,985.0,963.0,944.0,905.5,828.5,874.0,890.5,863.5,889.5,902.5,919.5,947.0,971.0,981.5,991.5,1000.5,1008.5,1016.0,1022.5,1027.5,1031.5
340,2,13,0,0,0,0,0,0,0,0,0,0,0,0,0,0,0,0,0,0,0,0,0,0,0,0,0,1330.0,1310.0,1150.0,1105.0,1112.0,1022.5,1001.5,983.5,947.0,873.0,918.0,935.5,910.0,936.5,950.5,967.5,994.5,1018.0,1028.0,1038.0,1046.5,1054.5,1062.0,1068.5,1073.5
340,2,14,0,0,0,0,0,0,0,0,0,0,0,0,0,0,0,0,0,0,0,0,0,0,0,0,0,1380.5,1216.5,1166.5,1170.0,1133.5,1146.5,1060.0,1040.5,1023.0,988.5,917.0,962.0,980.0,956.0,983.5,997.5,1014.0,1041.0,1063.5,1073.5,1083.5,1091.5,1099.5,1107.0,1113.0
340,2,15,0,0,0,0,0,0,0,0,0,0,0,0,0,0,0,0,0,0,0,0,0,0,0,0,0,1357.0,1260.0,1091.0,1188.0,1198.5,1169.0,1182.0,1098.0,1079.0,1063.0,1030.0,960.5,1006.0,1024.5,1002.0,1029.5,1043.5,1059.5,1086.0,1108.0,1118.0,1127.5,1136.0,1144.0,1150.5
340,2,16,0,0,0,0,0,0,0,0,0,0,0,0,0,0,0,0,0,0,0,0,0,0,0,0,0,1452.5,1243.5,1128.5,1117.0,1220.0,1236.0,1207.5,1221.0,1139.0,1120.5,1106.0,1074.5,1007.0,1052.5,1072.0,1050.5,1077.5,1091.0,1107.0,1133.0,1154.5,1164.5,1173.5,1182.5,1190.0
340,2,17,0,0,0,0,0,0,0,0,0,0,0,0,0,0,0,0,0,0,0,0,0,0,0,0,0,1453.0,1341.5,1122.0,1159.5,1156.5,1264.0,1280.5,1253.0,1267.0,1186.5,1169.5,1156.0,1125.5,1060.5,1106.0,1126.0,1105.0,1131.5,1144.5,1160.5,1186.5,1207.5,1217.5,1226.0,1235.0
340,2,18,0,0,0,0,0,0,0,0,0,0,0,0,0,0,0,0,0,0,0,0,0,0,0,0,0,1459.0,1366.5,1224.0,1159.5,1206.0,1209.5,1316.0,1333.0,1306.5,1321.0,1242.5,1227.0,1214.5,1185.5,1122.0,1168.0,1187.5,1166.5,1192.5,1205.5,1221.5,1247.0,1268.0,1278.0,1286.0
340,2,19,0,0,0,0,0,0,0,0,0,0,0,0,0,0,0,0,0,0,0,0,0,0,0,0,0,1534.5,1369.0,1271.0,1266.5,1213.0,1265.5,1269.5,1375.5,1392.5,1367.5,1383.0,1306.5,1292.0,1281.0,1253.5,1191.5,1237.0,1256.0,1235.0,1261.0,1274.0,1289.5,1314.5,1335.5,1345.0
340,2,20,0,0,0,0,0,0,0,0,0,0,0,0,0,0,0,0,0,0,0,0,0,0,0,0,0,1651.5,1442.5,1270.0,1321.5,1329.5,1285.0,1337.5,1342.0,1447.0,1465.0,1441.5,1458.0,1383.5,1370.5,1361.0,1334.5,1273.5,1318.0,1337.0,1316.5,1342.0,1355.0,1370.0,1394.5,1415.0
340,2,21,0,0,0,0,0,0,0,0,0,0,0,0,0,0,0,0,0,0,0,0,0,0,0,0,0,1626.5,1580.5,1347.5,1336.0,1402.0,1420.0,1377.0,1429.5,1435.5,1539.5,1559.0,1537.0,1554.5,1483.0,1472.5,1463.5,1437.5,1377.5,1421.0,1439.5,1419.5,1444.5,1457.0,1471.5,1495.5
340,2,22,0,0,0,0,0,0,0,0,0,0,0,0,0,0,0,0,0,0,0,0,0,0,0,0,0,1617.0,1586.5,1506.5,1432.0,1439.0,1516.5,1535.5,1494.5,1547.0,1554.5,1658.5,1679.0,1659.5,1678.5,1610.5,1601.5,1592.5,1567.0,1508.5,1551.0,1568.5,1549.0,1573.5,1585.5,1599.5
340,2,23,0,0,0,0,0,0,0,0,0,0,0,0,0,0,0,0,0,0,0,0,0,0,0,0,0,1825.0,1612.5,1539.0,1608.0,1558.0,1580.5,1657.5,1678.0,1639.5,1693.0,1702.0,1806.0,1828.5,1812.0,1833.5,1768.5,1759.0,1750.5,1725.5,1667.5,1709.0,1726.5,1707.0,1731.0,1742.5
340,2,24,0,0,0,0,0,0,0,0,0,0,0,0,0,0,0,0,0,0,0,0,0,0,0,0,0,1986.5,1842.0,1599.0,1661.0,1754.5,1724.5,1748.0,1825.5,1847.5,1812.0,1867.0,1878.5,1983.0,2008.5,1995.5,2018.0,1954.5,1944.5,1936.5,1912.0,1855.0,1895.5,1912.5,1893.0,1916.5
340,2,25,0,0,0,0,0,0,0,0,0,0,0,0,0,0,0,0,0,0,0,0,0,0,0,0,0,2180.0,2026.0,1843.0,1738.0,1826.5,1940.0,1912.0,1937.5,2015.5,2039.5,2007.5,2064.5,2079.0,2185.0,2213.5,2202.5,2224.5,2162.0,2152.5,2144.5,2120.5,2065.0,2104.5,2120.5,2101.5
340,2,26,0,0,0,0,0,0,0,0,0,0,0,0,0,0,0,0,0,0,0,0,0,0,0,0,0,2448.5,2228.5,2038.0,1984.5,1912.5,2023.0,2135.5,2110.5,2138.0,2216.5,2243.0,2215.5,2274.5,2292.5,2399.5,2429.0,2418.5,2440.0,2379.0,2370.0,2362.0,2338.0,2284.0,2322.0,2338.0
340,2,27,0,0,0,0,0,0,0,0,0,0,0,0,0,0,0,0,0,0,0,0,0,0,0,0,0,2624.5,2482.5,2239.5,2176.5,2155.5,2111.0,2220.5,2332.5,2311.0,2340.5,2420.0,2449.0,2426.5,2487.5,2509.5,2615.5,2644.0,2634.0,2654.5,2595.5,2586.0,2578.5,2555.0,2502.5,2539.0
340,2,28,0,0,0,0,0,0,0,0,0,0,0,0,0,0,0,0,0,0,0,0,0,0,0,0,0,2952.5,2657.0,2479.5,2374.5,2344.0,2350.0,2308.5,2417.5,2529.0,2511.5,2543.5,2624.0,2656.0,2638.0,2702.0,2725.5,2828.5,2856.0,2846.0,2866.0,2808.5,2799.0,2791.5,2768.5,2717.5
340,2,29,1,1,0,0,0,0,0,0,0,0,0,0,0,0,0,0,0,0,0,0,0,0,0,0,0,3159.0,2962.5,2651.5,2606.0,2535.5,2532.0,2540.0,2502.0,2610.5,2722.0,2708.5,2742.5,2825.0,2860.5,2847.0,2911.5,2934.0,3034.0,3060.5,3050.5,3070.0,3013.5,3005.0,2997.0,2974.5
340,2,30,1,1,1,0,0,0,0,0,0,0,0,0,0,0,0,0,0,0,0,0,0,0,0,0,0,3362.0,3151.0,2934.5,2770.0,2755.5,2712.0,2711.0,2721.0,2686.5,2795.0,2907.0,2896.5,2933.5,3018.0,3056.5,3045.5,3108.0,3129.5,3227.0,3252.5,3242.5,3261.0,3206.0,3197.5,3189.5
340,2,31,1,1,1,1,1,1,1,1,1,1,1,1,1,1,1,1,1,1,1,1,1,1,1,1,1,3702.5,3347.0,3106.0,3038.5,2908.0,2917.5,2877.0,2878.5,2890.5,2859.5,2968.5,3080.5,3073.5,3113.5,3199.5,3239.0,3228.0,3289.0,3310.0,3404.5,3429.5,3419.5,3437.0,3383.5,3374.5
340,2,32,1,1,1,1,1,1,1,1,1,1,1,1,1,1,1,1,1,1,1,1,1,1,1,1,1,3941.5,3670.5,3298.0,3200.0,3161.5,3056.5,3068.0,3030.5,3034.0,3048.0,3021.0,3130.0,3242.5,3239.5,3282.0,3367.5,3406.0,3395.0,3454.0,3475.0,3566.5,3591.0,3581.0,3598.0,3545.5
340,2,33,1,1,1,1,1,1,1,1,1,1,1,1,1,1,1,1,1,1,1,1,1,1,1,1,1,4095.0,3906.0,3603.0,3382.0,3311.5,3295.5,3194.5,3208.0,3173.5,3178.5,3195.0,3171.0,3280.5,3394.0,3394.5,3438.0,3521.5,3558.5,3548.0,3605.0,3625.5,3714.5,3738.0,3728.0,3744.5
340,2,34,1,1,1,1,1,1,1,1,1,1,1,1,1,1,1,1,1,1,1,1,1,1,1,1,1,4692.0,4053.5,3835.0,3674.0,3481.0,3432.0,3417.5,3320.5,3335.5,3303.5,3311.0,3330.0,3309.0,3419.0,3533.0,3535.0,3577.5,3659.5,3695.0,3685.0,3740.5,3760.0,3847.0,3869.5,3859.5
340,2,35,1,1,1,1,1,1,1,1,1,1,1,1,1,1,1,1,1,1,1,1,1,1,1,1,1,5346.5,4617.0,3974.5,3894.0,3757.5,3587.0,3540.0,3527.5,3434.0,3450.5,3421.0,3431.0,3452.0,3434.5,3545.0,3658.0,3660.0,3701.0,3781.0,3815.5,3805.5,3860.0,3878.5,3963.5,3985.5
340,2,36,2,1,1,1,1,1,1,1,1,1,1,1,1,1,1,1,1,1,1,1,1,1,1,1,1,5462.5,5215.0,4508.0,4024.0,3965.0,3847.5,3681.5,3637.0,3626.5,3536.5,3554.5,3527.5,3540.0,3562.5,3548.0,3658.0,3768.5,3770.5,3810.0,3888.0,3922.0,3911.5,3965.0,3982.5,4065.5
340,2,37,2,2,2,1,1,1,1,1,1,1,1,1,1,1,1,1,1,1,1,1,1,1,1,1,1,5781.5,5305.5,5052.5,4540.5,4084.5,4042.5,3928.0,3766.0,3724.0,3715.0,3628.5,3648.0,3624.0,3638.5,3662.5,3649.5,3757.5,3865.5,3867.0,3906.0,3982.0,4015.5,4004.5,4056.5,4073.5
340,2,38,2,2,2,2,1,1,1,1,1,1,1,1,1,1,1,1,1,1,1,1,1,1,1,1,1,5924.5,5595.0,5123.0,5070.0,4586.0,4152.0,4111.5,4000.5,3842.5,3802.0,3795.0,3711.5,3732.5,3711.5,3727.5,3752.0,3739.0,3845.0,3951.0,3952.0,3990.0,4064.5,4097.0,4086.0,4136.5
340,2,39,2,2,2,2,2,2,1,1,1,1,1,1,1,1,1,1,1,1,1,1,1,1,1,1,1,6018.0,5730.0,5386.0,5137.0,5101.5,4638.5,4212.0,4173.0,4065.5,3911.5,3873.0,3867.5,3787.0,3809.5,3790.5,3807.5,3831.5,3818.5,3922.0,4026.0,4027.0,4064.0,4137.0,4168.5,4157.5
340,2,40,2,2,2,2,2,2,2,1,1,1,1,1,1,1,1,1,1,1,1,1,1,1,1,1,1,5878.5,5804.0,5508.5,5391.5,5161.0,5138.5,4683.5,4264.5,4227.0,4122.5,3972.0,3936.0,3932.0,3854.5,3878.5,3860.5,3877.0,3900.5,3887.5,3989.0,4091.0,4092.0,4128.0,4199.5,4230.5
340,2,41,2,2,2,2,2,2,2,2,2,2,1,1,1,1,1,1,1,1,1,1,1,1,1,1,1,5747.0,5647.5,5563.0,5510.0,5408.0,5192.0,5170.5,4723.0,4311.5,4275.5,4173.5,4026.5,3992.5,3990.5,3915.5,3940.0,3922.0,3938.0,3961.0,3948.0,4048.0,4148.0,4148.5,4183.5,4254.0
340,2,42,3,2,2,2,2,2,2,2,2,2,2,2,2,1,1,1,1,1,1,1,1,1,1,1,1,5835.5,5518.5,5389.5,5561.0,5522.0,5432.0,5219.5,5199.0,4758.5,4354.0,4319.5,4220.0,4076.5,4044.5,4044.0,3970.5,3994.5,3976.5,3992.0,4015.0,4002.0,4100.0,4198.5,4198.5,4233.0
340,2,43,3,3,2,2,2,2,2,2,2,2,2,2,2,2,2,2,2,2,2,1,1,1,1,2,1,5812.0,5608.0,5266.0,5389.5,5570.0,5541.0,5453.0,5243.5,5224.0,4790.0,4392.0,4359.0,4262.0,4121.5,4091.5,4091.0,4018.5,4042.0,4024.5,4039.0,4061.5,4048.5,4145.0,4242.0,4242.0
340,2,44,3,3,3,3,3,3,3,3,2,2,2,2,2,2,2,2,2,2,2,2,2,2,2,2,2,5528.5,5587.0,5356.5,5266.0,5398.5,5586.0,5557.0,5470.5,5264.5,5246.0,4818.0,4425.5,4394.0,4299.0,4161.5,4132.5,4131.5,4060.0,4083.0,4065.5,4079.5,4101.5,4088.5,4183.5,4279.0
340,2,45,3,3,3,3,3,3,3,3,3,3,3,2,2,2,2,2,2,2,2,2,2,2,2,2,2,5477.0,5312.0,5338.5,5353.0,5273.0,5411.5,5597.5,5569.5,5484.0,5281.5,5263.5,4841.5,4454.0,4424.0,4331.0,4195.5,4166.5,4165.5,4094.5,4117.0,4099.5,4113.5,4135.0,4121.5,4215.0
340,2,46,3,3,3,3,3,3,3,3,3,3,3,3,3,2,2,2,2,2,2,2,2,2,2,2,2,5264.5,5235.0,5072.0,5330.0,5354.0,5282.0,5419.0,5603.0,5576.5,5492.0,5292.5,5275.0,4858.5,4476.5,4447.5,4356.0,4222.0,4193.0,4192.0,4121.5,4143.5,4126.0,4139.5,4160.5,4147.0
340,2,47,4,3,3,3,3,3,3,3,3,3,3,3,3,3,3,2,2,2,2,2,2,2,2,2,2,5104.5,5038.0,4973.0,5062.5,5327.0,5356.5,5286.0,5421.5,5604.0,5578.0,5495.0,5298.0,5281.5,4870.5,4493.5,4465.0,4374.5,4241.5,4212.5,4211.5,4142.0,4163.5,4146.0,4159.0,4179.5
340,2,48,4,4,4,4,4,4,4,4,4,4,4,4,3,3,3,3,3,3,3,2,2,2,2,2,2,4910.0,4891.5,4796.0,4963.5,5060.0,5328.0,5357.0,5287.5,5422.0,5603.5,5577.5,5496.5,5301.5,5286.0,4880.0,4507.0,4479.0,4389.5,4257.5,4228.5,4227.0,4158.5,4179.5,4162.0,4175.0
340,2,49,4,4,4,4,4,4,4,4,4,4,4,4,4,4,4,3,3,3,3,3,3,3,3,3,3,4859.0,4731.5,4665.0,4789.0,4962.5,5063.0,5328.5,5358.0,5289.0,5423.0,5603.0,5577.5,5498.0,5305.0,5290.5,4888.0,4519.0,4491.0,4402.0,4271.5,4242.5,4241.0,4172.5,4193.5,4175.5
340,2,50,4,4,4,4,4,4,4,4,4,4,4,4,4,4,4,4,4,3,3,3,3,3,3,3,3,4647.5,4697.5,4541.5,4660.0,4789.5,4966.5,5066.5,5329.5,5359.5,5291.0,5424.5,5602.5,5578.0,5499.5,5309.0,5294.5,4895.5,4529.5,4501.5,4413.0,4283.5,4255.0,4253.5,4185.0,4205.5
340,2,51,5,5,5,4,5,5,5,5,5,5,5,5,5,5,5,4,4,4,4,3,3,3,3,3,3,4472.0,4506.0,4522.5,4536.5,4660.0,4793.0,4968.5,5068.0,5329.0,5358.5,5291.5,5423.5,5600.5,5577.0,5499.0,5311.0,5296.0,4900.5,4537.5,4509.5,4421.5,4293.0,4265.0,4263.0,4195.0
340,2,52,5,5,5,5,5,5,5,5,5,5,5,5,5,5,5,5,5,5,4,4,4,4,4,3,3,4442.5,4327.0,4348.5,4515.5,4534.0,4660.5,4793.0,4967.0,5066.0,5325.0,5354.5,5288.5,5419.5,5595.5,5572.5,5495.0,5308.5,5294.0,4901.5,4542.0,4514.0,4426.5,4299.0,4270.5,4268.5
340,2,53,5,5,5,5,5,5,5,5,5,6,6,6,5,6,6,6,5,5,5,5,4,4,4,4,4,4333.0,4299.0,4167.0,4341.0,4511.5,4533.5,4659.0,4790.5,4963.0,5061.5,5319.0,5348.5,5283.0,5413.5,5588.5,5565.5,5489.0,5303.5,5289.0,4899.5,4543.0,4515.0,4428.5,4302.0,4273.0
340,2,54,6,6,6,6,6,6,6,6,6,6,6,6,6,6,6,6,6,6,6,5,5,5,4,4,4,4301.0,4202.0,4144.5,4158.5,4336.5,4509.0,4531.0,4655.5,4786.0,4957.5,5055.5,5311.0,5340.5,5275.5,5405.5,5579.5,5556.5,5480.5,5296.5,5281.5,4895.5,4541.5,4513.5,4427.5,4302.0
340,2,55,7,6,6,6,6,6,6,6,6,6,6,6,7,7,6,6,7,6,6,6,6,5,5,5,5,4264.0,4182.0,4062.0,4134.5,4152.5,4332.0,4503.0,4525.5,4649.0,4778.5,4949.0,5046.5,5300.0,5329.5,5265.5,5394.5,5567.0,5544.0,5468.0,5286.0,5271.0,4888.0,4536.5,4509.0,4423.5
340,2,56,7,7,7,7,7,6,7,7,7,7,7,7,7,7,7,7,7,7,7,7,7,6,6,5,5,4052.5,4154.0,4053.5,4049.5,4125.5,4146.0,4324.0,4493.5,4516.5,4639.0,4768.0,4937.0,5034.0,5285.5,5315.0,5252.0,5379.5,5550.5,5527.5,5452.5,5271.5,5256.5,4876.5,4528.0,4500.5
340,2,57,8,7,7,7,7,7,7,7,7,7,7,7,8,8,8,8,8,8,8,8,7,7,7,6,6,4040.0,3949.0,4034.5,4038.5,4038.0,4115.5,4136.5,4313.0,4481.5,4504.0,4626.0,4754.5,4922.0,5018.5,5268.0,5297.5,5235.0,5361.5,5530.5,5508.0,5433.5,5253.5,5238.5,4862.0,4516.5
340,2,58,8,8,8,8,8,8,8,8,8,8,8,8,8,8,8,8,8,8,8,8,8,8,8,7,7,3784.0,3943.0,3836.5,4017.0,4024.0,4026.0,4103.0,4123.5,4299.0,4466.5,4489.0,4610.5,4737.5,4904.5,5000.0,5248.0,5277.0,5215.0,5340.5,5508.0,5485.5,5411.5,5233.0,5218.0,4844.5
340,2,59,9,8,9,8,9,9,8,8,8,9,9,9,9,9,9,9,9,9,9,9,9,9,9,8,8,3821.5,3690.0,3837.5,3818.0,3999.0,4008.0,4010.0,4086.5,4107.0,4281.5,4447.5,4470.5,4591.0,4717.0,4883.0,4977.5,5223.5,5252.5,5190.5,5315.5,5481.5,5459.0,5386.0,5208.5,5194.0
340,2,60,10,10,9,9,9,9,9,9,9,9,9,10,9,10,10,10,10,10,10,10,10,10,10,9,9,3918.5,3735.5,3587.0,3816.0,3798.5,3979.5,3989.0,3991.0,4066.5,4087.5,4260.5,4425.5,4448.0,4568.0,4693.0,4857.5,4951.5,5195.5,5224.0,5162.5,5286.5,5451.0,5429.0,5356.5,5180.5
340,2,61,12,11,10,10,10,10,10,10,10,10,10,10,11,10,11,11,11,11,11,11,11,11,11,11,11,3991.5,3823.0,3641.0,3565.5,3794.0,3778.0,3957.5,3967.5,3969.5,4044.5,4065.5,4237.0,4401.0,4423.0,4542.5,4666.5,4829.5,4923.0,5165.0,5193.0,5132.5,5254.5,5418.0,5396.0,5324.0
340,2,62,13,13,12,11,11,11,11,12,11,11,11,11,11,12,12,12,12,12,12,12,12,12,12,12,12,3821.0,3895.5,3719.0,3617.0,3544.0,3771.5,3755.5,3934.0,3944.0,3946.0,4021.0,4042.0,4212.0,4374.5,4397.0,4515.0,4638.5,4800.0,4892.5,5132.5,5160.5,5100.5,5221.5,5383.5,5362.0
340,2,63,13,13,13,13,12,12,12,12,13,12,12,12,12,12,13,13,13,13,13,13,13,13,13,13,13,3695.5,3724.0,3792.5,3692.5,3593.5,3522.5,3748.0,3732.0,3909.0,3919.0,3921.5,3996.0,4017.0,4185.5,4347.0,4369.5,4486.5,4608.5,4769.0,4860.5,5098.5,5126.5,5067.0,5187.5,5348.0
340,2,64,15,14,14,15,14,13,13,14,13,14,14,13,13,13,14,14,14,14,14,14,14,15,15,14,14,3580.5,3595.5,3620.0,3763.0,3665.5,3569.0,3498.5,3722.5,3707.0,3882.0,3892.0,3895.0,3969.0,3990.0,4157.0,4317.5,4339.5,4455.5,4576.5,4735.5,4826.5,5062.0,5090.0,5031.5,5150.5
340,2,65,16,16,16,16,16,16,15,15,15,15,15,15,15,15,15,15,16,15,16,16,16,16,16,16,16,3414.5,3473.5,3487.0,3589.0,3731.5,3636.0,3540.5,3471.0,3692.5,3678.0,3851.0,3861.5,3864.5,3938.0,3959.0,4124.5,4283.0,4305.5,4420.0,4540.0,4697.5,4788.0,5021.0,5048.5,4991.0
340,2,66,18,17,17,18,18,18,18,17,16,17,17,17,17,17,17,17,17,17,17,17,18,18,18,18,18,3447.5,3306.0,3356.0,3453.5,3554.5,3697.0,3602.5,3508.5,3440.0,3659.0,3645.0,3816.0,3827.0,3830.0,3903.0,3924.0,4088.0,4244.5,4267.0,4380.5,4499.0,4655.5,4744.5,4975.5,5002.5
340,2,67,20,20,19,20,20,20,21,20,19,18,19,19,19,19,19,19,19,19,20,19,20,20,20,20,21,3243.5,3329.0,3187.5,3321.5,3419.0,3519.5,3660.5,3567.5,3475.0,3407.5,3624.0,3610.5,3780.0,3790.5,3794.0,3866.5,3887.5,4049.5,4205.0,4227.0,4339.5,4457.0,4612.0,4700.0,4928.5
340,2,68,19,22,23,22,21,23,22,23,22,21,21,22,21,22,21,21,21,21,22,22,22,22,22,23,23,2841.0,3136.0,3201.0,3153.0,3286.5,3383.5,3483.0,3622.5,3531.0,3440.0,3373.5,3587.5,3574.5,3742.5,3753.0,3757.0,3829.0,3849.5,4010.0,4164.0,4186.0,4297.5,4414.0,4567.5,4655.0
340,2,69,22,22,23,25,23,25,24,24,25,24,24,22,24,24,24,24,24,24,23,24,24,24,24,25,25,2767.0,2744.0,3019.5,3163.0,3116.5,3249.0,3345.0,3443.5,3581.5,3491.5,3402.0,3337.0,3548.5,3536.0,3702.0,3713.0,3717.5,3788.5,3809.0,3968.0,4120.0,4142.5,4253.0,4368.5,4520.0
340,2,70,26,24,23,26,27,27,27,28,29,29,27,27,26,26,26,26,26,26,26,26,26,26,27,27,28,2735.0,2678.5,2640.0,2983.0,3125.0,3080.0,3211.0,3306.0,3403.5,3540.0,3452.0,3363.5,3300.0,3509.5,3497.5,3662.0,3673.0,3678.0,3748.0,3769.0,3926.5,4077.0,4099.5,4209.0,4323.5
340,2,71,26,27,26,26,29,30,29,30,30,30,31,31,28,28,30,29,31,29,29,30,29,30,31,30,30,2578.5,2644.0,2583.5,2607.0,2946.0,3087.0,3043.0,3173.0,3266.5,3363.5,3498.5,3412.0,3325.5,3263.0,3470.5,3459.0,3622.0,3633.5,3638.5,3708.0,3729.5,3885.5,4034.5,4057.0,4166.0
340,2,72,30,29,29,28,29,32,33,33,33,33,34,34,34,33,31,33,33,34,34,33,32,33,33,34,33,2510.5,2489.5,2547.0,2547.5,2571.5,2906.0,3045.5,3002.5,3131.0,3224.0,3320.0,3453.5,3368.5,3284.0,3223.0,3427.5,3417.0,3578.0,3590.0,3595.5,3664.5,3686.0,3840.5,3988.0,4011.0
340,2,73,29,32,31,33,32,32,35,37,36,36,38,37,39,37,35,35,36,36,36,36,36,35,34,36,36,2198.5,2419.5,2394.0,2507.0,2509.0,2533.0,2862.5,3000.5,2958.0,3085.5,3177.5,3272.5,3404.5,3321.5,3238.5,3179.0,3381.0,3371.0,3530.5,3542.5,3548.5,3617.5,3639.0,3792.0,3938.5
340,2,74,32,32,35,35,35,35,34,40,41,39,41,41,43,43,41,40,38,40,39,41,40,39,40,40,40,2109.5,2116.0,2322.5,2352.5,2464.0,2467.0,2491.5,2815.5,2951.5,2910.5,3036.0,3127.0,3221.0,3351.5,3270.5,3189.5,3131.5,3331.0,3321.5,3479.0,3491.5,3498.0,3566.5,3588.5,3740.0
340,2,75,33,35,35,39,38,39,38,39,44,45,43,45,46,47,48,45,44,43,44,44,44,44,44,44,43,1882.0,2026.5,2027.0,2277.5,2308.0,2418.5,2421.5,2446.0,2764.0,2898.0,2859.0,2982.0,3072.5,3165.0,3294.0,3215.5,3136.5,3080.0,3277.0,3268.0,3423.5,3436.5,3443.5,3511.5,3534.0
340,2,76,37,35,37,37,41,42,44,43,43,47,48,48,48,50,50,51,50,47,45,48,46,49,48,46,46,1879.5,1805.0,1937.0,1984.0,2229.5,2260.0,2369.0,2372.5,2396.5,2708.5,2840.5,2803.0,2924.5,3013.5,3105.0,3232.0,3156.0,3079.5,3024.5,3218.5,3210.5,3364.0,3377.5,3385.0,3453.0
340,2,77,37,39,38,41,41,45,44,46,46,45,50,53,51,52,53,53,55,53,51,50,52,51,52,51,51,1668.0,1798.0,1721.0,1891.0,1938.0,2178.5,2208.5,2315.5,2319.5,2344.0,2649.5,2779.0,2743.0,2863.0,2950.5,3041.0,3166.0,3092.0,3018.0,2965.0,3155.5,3149.0,3300.0,3314.5,3322.5
340,2,78,39,40,43,41,43,45,50,50,51,50,50,57,58,56,58,59,60,61,58,56,54,56,56,57,57,1526.5,1591.0,1709.5,1675.5,1842.0,1888.0,2123.0,2153.0,2258.0,2262.5,2287.5,2585.5,2712.5,2678.5,2796.5,2882.5,2972.0,3095.0,3023.5,2952.0,2901.0,3088.5,3082.5,3231.5,3246.5
340,2,79,39,41,42,45,44,48,48,54,54,56,55,55,61,62,61,64,63,65,66,64,62,59,62,60,63,1346.0,1450.5,1508.0,1659.0,1627.0,1789.5,1834.5,2063.0,2093.0,2196.0,2201.0,2226.0,2516.5,2641.5,2609.0,2724.5,2809.5,2897.5,3018.5,2950.0,2881.0,2832.5,3016.5,3011.5,3158.0
300,1,80,1660,1594,1544,1466,1382,1290,1292,1276,1204,1212,1221,1185,1168,1151,1093,1114,1128,1181,1255,1250,1237,1208,1111,1049,1049,39762.5,38917.5,38411.5,37179.5,35697.0,33964.5,34624.5,34834.5,33517.5,34352.5,35266.0,34853.0,34952.5,35079.0,33918.0,35176.0,36254.5,38641.0,41770.0,42338.5,42633.0,42362.5,39677.5,38100.5,38764.5
300,1,81,1802,1756,1688,1637,1558,1470,1375,1377,1362,1288,1298,1310,1273,1255,1238,1177,1201,1217,1276,1357,1353,1340,1310,1208,1140,38314.0,38058.5,37280.5,36825.0,35671.5,34275.0,32636.5,33294.5,33520.0,32276.0,33102.0,34005.0,33628.5,33745.5,33889.0,32787.5,34023.5,35086.5,37416.5,40468.0,41041.0,41348.5,41107.5,38521.5,37009.5
300,1,82,1894,1908,1863,1795,1744,1661,1569,1470,1475,1460,1383,1395,1411,1373,1356,1340,1276,1303,1322,1386,1477,1474,1462,1431,1319,35545.5,36462.5,36252.0,35542.0,35137.5,34065.0,32759.0,31217.5,31872.0,32112.5,30944.0,31759.0,32648.0,32309.5,32444.0,32604.0,31565.0,32775.5,33821.0,36088.5,39054.0,39630.5,39950.5,39740.0,37260.5
300,1,83,1879,2002,2023,1980,1909,1858,1772,1678,1573,1582,1570,1489,1505,1523,1484,1467,1452,1384,1415,1439,1512,1611,1611,1599,1567,30977.5,33599.5,34499.5,34333.5,33692.5,33339.0,32351.0,31138.0,29698.5,30346.5,30600.5,29511.0,30312.0,31184.0,30884.5,31036.0,31211.5,30238.5,31420.0,32444.0,34642.5,37512.5,38090.5,38422.5,38243.5
300,1,84,1863,1983,2119,2143,2100,2030,1979,1892,1795,1686,1698,1686,1602,1621,1644,1605,1589,1575,1503,1540,1567,1650,1760,1762,1752,26842.5,29048.0,31540.0,32418.5,32295.5,31724.5,31422.0,30520.5,29403.5,28071.0,28709.0,28975.0,27968.0,28751.5,29603.0,29342.5,29510.5,29700.5,28797.5,29945.0,30943.5,33064.0,35828.5,36405.5,36748.5
300,1,85,1674,1956,2086,2234,2263,2224,2155,2104,2015,1915,1803,1818,1810,1723,1747,1773,1733,1719,1707,1634,1675,1707,1800,1924,1928,21017.0,24934.5,27014.5,29364.5,30216.5,30134.5,29633.0,29381.5,28568.0,27550.5,26328.5,26953.0,27229.0,26307.5,27069.5,27896.0,27675.0,27858.0,28061.0,27231.0,28339.0,29308.0,31340.5,33987.5,34561.5
300,1,86,1650,1744,2041,2183,2342,2378,2341,2273,2224,2135,2032,1917,1937,1932,1843,1872,1904,1865,1853,1842,1765,1814,1853,1955,2093,18019.5,19309.5,22937.0,24881.0,27077.5,27896.0,27852.5,27420.0,27218.5,26494.0,25578.5,24470.0,25077.0,25359.5,24526.0,25261.5,26058.5,25877.0,26073.0,26287.5,25533.0,26595.5,27529.0,29463.5,31979.5
300,1,87,1704,1699,1798,2111,2263,2433,2477,2444,2377,2332,2242,2139,2022,2048,2046,1955,1990,2028,1990,1982,1975,1895,1951,1995,2111,16181.0,16345.5,17539.0,20861.5,22658.5,24690.5,25468.5,25460.0,25095.5,24941.0,24306.0,23493.5,22501.0,23085.0,23371.0,22627.5,23331.0,24093.0,23950.0,24156.0,24379.5,23703.5,24713.5,25605.5,27430.5
300,1,88,1654,1730,1728,1834,2157,2317,2499,2549,2521,2457,2416,2329,2226,2109,2140,2143,2053,2093,2139,2103,2098,2094,2014,2077,2129,13673.0,14464.5,14632.5,15723.5,18727.5,20368.0,22224.5,22955.5,22977.5,22678.5,22567.0,22020.5,21311.0,20435.5,20991.0,21276.5,20623.5,21289.5,22009.5,21903.5,22116.0,22345.0,21749.0,22699.5,23543.5
300,1,89,1551,1647,1725,1728,1839,2169,2336,2524,2582,2558,2501,2464,2382,2283,2167,2204,2213,2123,2171,2221,2188,2188,2189,2110,2179,11193.0,12022.5,12737.5,12905.0,13887.5,16564.5,18041.0,19713.0,20389.5,20437.5,20199.0,20126.5,19665.0,19056.5,18297.5,18819.0,19098.5,18535.5,19157.5,19829.0,19757.5,19972.5,20203.0,19687.0,20571.0
300,1,90,1480,1519,1618,1699,1707,1822,2155,2326,2519,2583,2567,2515,2484,2405,2310,2200,2243,2255,2170,2222,2280,2252,2256,2262,2185,9308.0,9659.0,10390.5,11025.5,11187.5,12057.0,14402.5,15710.0,17191.0,17806.0,17874.0,17690.0,17651.5,17271.0,16759.5,16114.0,16595.5,16864.0,16389.0,16960.5,17577.5,17536.5,17749.5,17976.5,17539.0
300,1,91,1322,1414,1457,1556,1638,1649,1763,2091,2264,2460,2528,2519,2474,2449,2379,2291,2185,2233,2251,2171,2229,2292,2269,2279,2289,7282.0,7862.5,8172.0,8804.5,9357.0,9509.5,10264.0,12279.0,13414.5,14701.0,15250.0,15330.5,15195.0,15184.5,14878.5,14458.5,13921.5,14357.5,14610.5,14218.5,14734.5,15291.0,15275.5,15481.5,15700.5
300,1,92,1132,1226,1315,1359,1454,1536,1551,1663,1976,2145,2336,2408,2404,2367,2350,2287,2207,2112,2163,2187,2113,2176,2242,2224,2239,5505.5,6009.5,6498.5,6764.5,7300.0,7770.0,7909.5,8550.5,10244.5,11209.0,12302.5,12781.5,12868.5,12774.0,12784.5,12545.0,12209.0,11772.5,12159.0,12391.0,12076.0,12531.5,13023.5,13028.5,13222.0
300,1,93,1027,1027,1114,1198,1241,1333,1411,1429,1536,1830,1992,2173,2245,2248,2219,2209,2155,2086,2000,2053,2080,2017,2079,2149,2137,4400.0,4427.0,4840.0,5242.0,5464.5,5906.5,6296.5,6419.5,6951.0,8341.0,9140.0,10047.0,10454.0,10541.5,10480.0,10504.0,10323.0,10061.5,9716.0,10050.0,10256.5,10010.5,10403.0,10827.0,10847.0
300,1,94,896,904,906,984,1062,1102,1186,1258,1277,1378,1646,1796,1966,2036,2044,2023,2017,1974,1915,1840,1895,1924,1869,1933,2002,3386.5,3435.5,3461.5,3790.5,4111.5,4292.5,4646.5,4961.5,5066.0,5493.5,6602.5,7245.5,7976.5,8312.5,8394.5,8358.0,8390.0,8257.5,8060.0,7795.5,8075.0,8253.5,8067.0,8396.0,8750.5
300,1,95,742,756,765,768,839,906,943,1016,1082,1101,1189,1425,1558,1709,1774,1785,1770,1771,1735,1687,1625,1676,1707,1661,1722,2501.0,2561.0,2601.5,2625.0,2878.5,3127.0,3269.5,3544.5,3790.5,3876.0,4209.0,5066.0,5567.5,6138.0,6406.5,6479.0,6460.5,6495.0,6402.0,6258.0,6062.0,6288.5,6437.0,6301.0,6567.5
300,1,96,566,600,614,622,626,684,742,774,837,893,910,986,1182,1296,1424,1483,1495,1486,1489,1463,1426,1377,1424,1452,1417,1720.0,1830.0,1876.0,1908.0,1928.0,2117.0,2303.0,2411.0,2617.5,2802.5,2870.0,3121.0,3761.5,4139.5,4570.5,4777.0,4838.0,4831.5,4864.0,4802.0,4700.5,4560.0,4737.5,4856.5,4761.0
300,1,97,398,438,465,476,483,487,535,581,607,657,702,718,779,938,1029,1134,1182,1194,1190,1195,1178,1149,1113,1152,1178,1105.0,1218.0,1297.5,1331.0,1355.5,1371.5,1507.5,1641.5,1720.5,1870.5,2005.0,2056.0,2238.5,2701.0,2976.5,3291.0,3443.5,3492.5,3492.5,3521.0,3480.5,3412.0,3314.5,3448.5,3540.5
300,1,98,301,294,324,345,354,360,364,400,434,455,495,530,542,590,710,782,863,901,913,911,917,904,885,858,891,776.5,759.0,837.0,892.5,916.0,934.0,946.0,1040.0,1134.0,1189.5,1294.5,1389.0,1426.0,1554.0,1877.0,2071.0,2292.5,2401.5,2438.5,2441.5,2464.5,2439.0,2394.5,2329.0,2426.5
300,1,99,196,216,211,232,248,254,259,263,288,315,329,358,384,395,429,518,571,632,661,671,671,677,669,656,637,472.0,518.0,506.5,559.0,596.0,612.0,624.5,632.5,696.0,759.5,797.5,868.0,932.0,957.5,1044.5,1263.0,1394.5,1545.0,1620.5,1646.5,1650.5,1667.5,1652.5,1624.0,1581.5
300,1,100,126,137,150,147,162,172,177,181,183,201,219,231,251,269,276,301,364,402,445,467,473,474,478,474,465,283.0,305.5,335.0,327.5,362.0,386.0,396.5,404.5,409.5,451.5,492.5,517.5,563.5,605.5,622.0,679.5,822.0,908.0,1006.5,1056.5,1074.5,1078.0,1090.0,1081.0,1063.5
300,1,101,91,88,95,104,101,112,120,123,125,127,140,153,160,175,188,193,212,256,282,313,328,335,336,340,337,181.5,176.0,189.5,208.0,203.5,225.0,240.0,246.5,251.5,254.5,281.0,306.5,322.0,350.5,377.0,387.5,423.0,512.0,566.0,627.5,659.0,670.5,673.0,681.0,675.5
300,1,102,57,60,58,62,68,67,74,79,81,83,84,93,101,107,116,125,128,139,169,187,207,218,221,222,225,100.5,106.0,103.0,111.0,122.0,119.5,132.0,140.5,144.5,147.5,149.0,164.5,179.5,188.5,205.0,220.5,227.0,247.5,299.5,331.5,367.5,386.0,392.5,394.0,398.5
300,1,103,42,36,38,37,40,44,43,47,50,52,53,53,59,64,67,73,78,81,89,107,118,131,138,140,141,63.0,54.0,57.0,55.5,60.0,66.0,64.5,71.5,76.0,78.0,79.5,80.5,88.5,97.0,101.5,110.5,119.0,122.5,133.5,161.5,179.0,198.5,208.0,212.0,212.5
300,1,104,18,23,19,20,20,22,24,23,26,28,28,29,29,32,35,37,40,44,45,48,59,65,72,75,77,25.0,30.5,26.5,28.0,27.0,29.0,32.0,31.5,35.0,37.0,38.0,38.5,39.5,43.0,47.5,49.5,54.0,58.0,59.5,65.0,78.5,87.5,97.0,101.5,103.5
300,1,105+,8,13,16,17,18,17,18,19,20,21,22,24,23,25,26,29,30,32,35,36,39,46,51,58,62,8.0,13.5,18.0,18.5,19.0,18.5,19.0,20.5,21.0,22.5,24.0,25.0,25.5,26.5,28.0,30.5,32.0,35.0,37.5,39.0,42.5,49.0,55.5,62.0,66.0
300,2,80,1314,1275,1253,1179,1109,1049,1044,1034,982,991,982,974,949,926,899,905,918,951,1025,1006,992,966,894,832,839,43671.0,42925.0,42705.5,40726.0,38830.5,37251.5,37612.0,37787.0,36354.0,37235.5,37449.0,37690.0,37225.0,36867.5,36361.0,37168.0,38291.5,40279.0,44166.5,44077.0,44174.0,43719.0,41120.5,38905.5,39879.0
300,2,81,1443,1426,1385,1360,1280,1204,1140,1136,1126,1068,1079,1070,1061,1034,1009,981,988,1002,1039,1121,1102,1087,1058,980,911,42264.0,42309.5,41603.0,41406.0,39502.5,37679.5,36162.5,36527.5,36712.5,35334.5,36206.0,36428.5,36678.0,36240.0,35906.5,35427.5,36228.0,37338.0,39290.5,43099.0,43028.5,43140.0,42712.5,40190.0,38040.0
300,2,82,1566,1563,1544,1500,1474,1388,1307,1238,1234,1223,1161,1173,1164,1157,1127,1100,1070,1078,1096,1135,1227,1206,1191,1161,1075,40342.5,40768.5,40830.5,40166.5,39994.0,38173.0,36428.5,34978.0,35347.0,35542.5,34224.5,35084.5,35316.0,35574.0,35165.0,34857.5,34407.5,35200.5,36294.5,38209.0,41930.0,41879.5,42006.0,41608.0,39167.5
300,2,83,1605,1691,1688,1670,1623,1596,1504,1416,1342,1338,1328,1261,1277,1269,1260,1228,1201,1168,1178,1197,1242,1344,1322,1306,1274,36282.0,38719.5,39148.0,39227.5,38609.0,38462.5,36730.5,35070.5,33691.5,34064.5,34270.5,33017.0,33863.0,34103.5,34370.0,33992.0,33711.5,33293.0,34077.0,35152.5,37025.0,40649.0,40620.0,40762.0,40394.5
300,2,84,1601,1730,1824,1824,1805,1754,1726,1627,1536,1456,1454,1444,1373,1389,1381,1373,1340,1311,1277,1289,1311,1362,1474,1452,1436,31636.0,34619.0,36965.5,37395.5,37492.5,36923.0,36804.0,35167.5,33597.5,32295.5,32671.5,32887.5,31703.0,32533.0,32782.0,33057.0,32711.5,32459.0,32074.0,32847.0,33902.0,35726.5,39243.5,39236.5,39394.5
300,2,85,1516,1742,1886,1990,1989,1971,1919,1889,1784,1683,1598,1597,1587,1511,1531,1523,1516,1481,1450,1414,1429,1455,1513,1640,1617,25766.5,29968.0,32814.5,35061.0,35491.5,35606.5,35088.5,34998.5,33464.0,31990.5,30771.0,31148.5,31374.5,30263.5,31075.5,31332.5,31615.0,31303.5,31081.0,30731.0,31490.5,32521.5,34291.5,37689.0,37704.5
300,2,86,1570,1626,1870,2024,2139,2142,2124,2069,2041,1928,1822,1733,1733,1725,1644,1668,1661,1656,1619,1587,1550,1568,1598,1664,1805,23089.5,24198.0,28164.0,30861.5,32998.0,33427.5,33560.5,33096.0,33035.0,31609.5,30239.5,29107.5,29485.5,29720.5,28688.0,29478.0,29742.5,30031.0,29755.5,29564.5,29251.0,29994.0,30996.5,32704.5,35968.0
300,2,87,1698,1666,1727,1990,2158,2282,2286,2271,2215,2186,2070,1958,1864,1867,1861,1776,1804,1799,1795,1758,1727,1688,1711,1747,1820,21638.0,21474.0,22523.0,26235.5,28771.5,30788.0,31214.0,31363.5,30954.5,30922.0,29611.5,28350.5,27310.5,27687.0,27929.0,26979.5,27743.5,28014.0,28307.0,28068.5,27909.0,27633.5,28356.0,29325.0,30963.0
300,2,88,1745,1784,1753,1820,2099,2279,2414,2423,2410,2356,2329,2208,2091,1993,2000,1996,1907,1940,1938,1938,1900,1869,1830,1857,1900,19262.0,19898.5,19766.0,20750.0,24191.5,26553.5,28440.0,28859.5,29023.0,28669.5,28665.0,27473.5,26327.0,25383.0,25754.5,26001.5,25139.0,25872.5,26146.5,26441.5,26240.5,26112.0,25875.5,26573.0,27502.5
300,2,89,1695,1812,1855,1826,1898,2193,2385,2531,2544,2534,2479,2455,2330,2212,2112,2121,2121,2031,2069,2071,2073,2037,2006,1968,2001,16190.0,17484.5,18080.0,17977.5,18891.0,22045.5,24221.5,25967.5,26376.0,26551.0,26252.5,26273.5,25205.0,24176.0,23331.0,23694.5,23943.5,23170.5,23868.5,24142.5,24436.5,24272.5,24175.0,23977.0,24644.5
300,2,90,1732,1738,1862,1909,1882,1961,2270,2473,2629,2647,2642,2589,2569,2443,2322,2221,2236,2239,2147,2193,2197,2204,2169,2141,2104,14285.0,14474.0,15648.0,16198.5,16124.0,16961.5,19814.5,21793.0,23388.0,23781.0,23963.5,23719.0,23762.0,22819.0,21909.5,21165.0,21516.5,21764.0,21082.0,21738.0,22009.0,22298.5,22170.0,22102.0,21941.5
300,2,91,1650,1743,1753,1880,1931,1908,1992,2309,2520,2683,2707,2706,2658,2642,2517,2398,2298,2317,2325,2234,2284,2294,2305,2274,2248,11764.5,12547.5,12728.5,13777.0,14278.5,14229.0,14985.0,17525.5,19297.0,20732.5,21104.5,21290.0,21096.0,21157.0,20339.5,19550.0,18906.0,19240.5,19482.5,18892.0,19500.0,19764.0,20044.5,19949.0,19908.0
300,2,92,1597,1611,1706,1719,1848,1902,1883,1969,2287,2501,2668,2698,2703,2659,2648,2527,2412,2316,2341,2353,2266,2322,2337,2353,2325,9960.0,10135.0,10823.0,10992.5,11913.0,12362.0,12333.5,13004.5,15227.5,16786.5,18057.0,18402.0,18585.5,18437.5,18512.0,17817.5,17145.0,16599.0,16911.5,17143.5,16642.0,17197.0,17448.5,17715.5,17649.5
300,2,93,1495,1521,1539,1634,1648,1776,1832,1816,1904,2216,2428,2597,2630,2640,2603,2598,2485,2377,2287,2315,2333,2251,2312,2331,2352,8192.0,8402.0,8561.0,9153.5,9309.0,10101.0,10495.0,10484.0,11068.0,12976.0,14322.0,15424.5,15738.0,15914.0,15806.5,15889.0,15311.5,14750.5,14297.5,14583.5,14800.5,14383.5,14880.0,15114.5,15363.0
300,2,94,1448,1388,1417,1437,1528,1546,1669,1725,1714,1799,2099,2305,2469,2506,2521,2491,2491,2388,2288,2207,2239,2261,2185,2249,2272,6997.5,6751.5,6934.0,7074.0,7573.5,7712.5,8379.0,8717.0,8719.5,9216.5,10818.5,11955.5,12891.5,13170.0,13333.5,13259.5,13344.5,12875.0,12418.0,12050.5,12306.5,12503.5,12165.5,12599.5,12813.0
300,2,95,1279,1303,1252,1280,1300,1385,1405,1519,1574,1568,1650,1928,2119,2276,2314,2333,2309,2313,2222,2134,2061,2096,2119,2052,2116,5487.5,5622.5,5432.0,5586.0,5706.0,6117.5,6237.5,6785.5,7068.0,7079.0,7492.0,8805.0,9743.0,10518.5,10759.5,10906.0,10859.0,10942.0,10569.5,10206.5,9916.0,10138.5,10313.0,10046.5,10416.5
300,2,96,1122,1112,1136,1093,1120,1140,1219,1238,1342,1392,1389,1465,1715,1892,2034,2074,2094,2078,2086,2007,1930,1868,1903,1929,1872,4309.0,4292.0,4403.0,4259.5,4386.0,4486.0,4815.5,4916.0,5355.0,5585.0,5600.5,5934.5,6983.5,7737.0,8363.0,8565.0,8692.0,8665.0,8742.0,8454.5,8174.0,7951.0,8138.5,8288.5,8084.0
300,2,97,904,945,938,959,926,951,969,1037,1056,1147,1193,1193,1260,1479,1633,1761,1798,1819,1808,1818,1754,1691,1640,1673,1698,3122.0,3275.5,3267.0,3355.5,3250.0,3350.5,3431.5,3687.5,3769.0,4110.5,4292.5,4309.5,4572.0,5386.5,5974.5,6465.5,6629.0,6735.5,6722.0,6790.0,6574.0,6363.5,6197.0,6350.5,6475.0
300,2,98,744,735,769,766,785,758,780,797,855,872,949,989,990,1048,1232,1364,1472,1506,1527,1520,1533,1480,1429,1389,1420,2324.0,2302.5,2418.5,2415.0,2483.5,2408.0,2485.0,2548.5,2741.5,2805.0,3062.5,3201.5,3218.0,3418.0,4031.0,4476.0,4849.0,4977.0,5062.5,5058.0,5114.5,4957.0,4803.5,4682.5,4804.0
300,2,99,574,583,576,605,603,619,600,618,633,680,694,757,790,793,841,990,1097,1187,1216,1235,1233,1244,1204,1165,1133,1630.0,1660.5,1647.0,1731.5,1730.5,1781.5,1729.0,1786.0,1833.5,1974.0,2022.0,2209.5,2312.0,2326.5,2473.5,2920.0,3245.5,3519.5,3616.0,3681.5,3681.5,3726.0,3615.0,3506.5,3421.5
300,2,100,415,433,441,437,458,458,471,456,471,483,519,532,580,607,610,648,765,849,920,944,960,959,970,940,911,1077.5,1126.5,1148.5,1140.5,1200.0,1200.0,1236.5,1201.0,1241.5,1275.5,1374.5,1409.0,1541.0,1613.5,1625.0,1729.0,2042.5,2272.5,2466.0,2536.0,2584.0,2585.5,2619.0,2543.0,2468.5
300,2,101,313,311,326,332,330,348,348,358,349,360,370,399,409,448,469,473,503,594,662,718,739,753,754,764,742,716.5,714.5,747.0,762.0,757.0,797.0,797.0,822.0,798.5,826.0,849.0,915.5,938.5,1027.0,1075.5,1083.5,1153.5,1363.0,1517.0,1647.0,1694.5,1727.5,1729.0,1752.0,1702.0
300,2,102,224,218,218,227,232,231,243,242,251,243,252,259,279,286,313,327,330,351,415,462,502,516,526,526,533,463.0,451.0,450.0,470.5,480.0,476.5,501.5,502.0,517.5,502.5,520.0,534.5,576.5,591.0,646.5,677.5,682.0,726.5,858.5,955.0,1037.0,1067.0,1088.0,1089.0,1103.5
300,2,103,131,151,147,147,154,157,155,163,164,169,164,169,174,188,193,211,221,222,237,280,311,338,348,355,356,239.5,275.5,268.5,267.5,280.0,285.5,283.5,298.5,299.0,307.5,299.0,309.5,318.0,343.0,351.5,384.5,403.5,406.0,432.5,511.0,568.5,617.0,635.0,647.5,648.0
300,2,104,86,81,93,91,90,94,96,96,101,101,104,101,105,108,116,119,130,137,138,146,173,193,209,215,219,142.0,133.5,153.5,149.5,149.0,156.0,159.0,158.0,166.5,166.5,171.0,166.5,172.5,177.0,191.0,195.5,214.0,224.5,226.0,241.0,284.5,316.5,343.5,353.5,360.5
300,2,105+,111,104,98,103,103,104,107,109,109,113,115,117,116,119,121,127,132,141,150,153,162,181,202,222,236,146.5,138.0,130.0,136.5,137.5,138.0,141.5,144.5,145.5,150.5,152.5,155.5,155.0,157.5,160.5,169.5,176.0,188.5,199.0,204.5,215.0,241.5,270.0,297.0,314.0
310,1,80,133,135,125,112,107,100,92,95,96,93,93,89,85,86,86,85,87,91,92,90,86,92,91,86,83,3010.0,3117.0,2940.5,2693.5,2621.5,2498.0,2357.5,2447.0,2535.0,2506.0,2526.0,2482.0,2379.5,2455.0,2517.5,2521.0,2628.0,2798.5,2847.0,2850.0,2803.0,3021.5,3055.0,2934.5,2908.0
310,1,81,128,140,143,133,120,114,107,100,101,103,101,99,96,90,92,93,91,93,98,97,96,93,98,98,93,2571.0,2864.5,2969.0,2803.5,2570.5,2504.5,2388.5,2256.5,2343.5,2429.5,2403.5,2424.5,2384.0,2287.0,2361.0,2422.5,2427.5,2532.0,2697.0,2745.5,2750.0,2706.5,2918.5,2952.5,2837.5
310,1,82,138,134,147,150,139,125,120,113,105,107,109,105,105,102,96,98,98,97,100,104,105,104,100,107,106,2464.5,2432.5,2712.5,2814.0,2660.0,2441.5,2381.0,2273.0,2149.0,2234.0,2317.5,2294.5,2316.5,2279.0,2188.5,2260.5,2321.0,2327.5,2429.0,2588.5,2637.0,2642.5,2602.5,2807.5,2842.0
310,1,83,148,143,139,152,156,145,131,127,119,110,112,115,113,112,108,102,104,106,104,107,112,112,110,108,114,2348.5,2317.0,2289.0,2555.0,2653.0,2510.5,2307.0,2251.5,2151.5,2036.5,2119.0,2199.5,2179.5,2202.0,2168.0,2084.0,2154.0,2213.0,2221.0,2319.0,2473.0,2521.0,2528.0,2491.0,2688.5
310,1,84,149,153,149,144,159,162,152,138,132,125,116,120,123,119,118,115,109,111,112,111,114,120,121,120,116,2103.0,2191.0,2164.0,2140.5,2391.5,2485.5,2354.5,2166.0,2116.0,2024.0,1918.5,1997.5,2075.0,2058.0,2081.0,2051.0,1973.0,2041.0,2098.0,2107.5,2202.0,2349.5,2397.0,2405.5,2371.5
310,1,85,174,155,160,155,151,167,170,159,145,139,131,123,126,129,126,126,122,116,118,120,119,123,129,131,129,2147.5,1944.5,2028.0,2005.5,1986.5,2221.0,2311.0,2192.0,2018.5,1974.5,1890.5,1794.0,1869.5,1943.5,1930.0,1953.0,1927.0,1855.5,1921.0,1976.0,1986.5,2077.5,2218.0,2264.0,2274.0
310,1,86,174,177,158,163,159,156,172,176,166,150,145,137,129,132,135,133,133,130,123,126,128,127,131,138,138,1902.5,1965.0,1782.0,1860.5,1842.5,1827.0,2044.5,2130.0,2022.5,1865.0,1826.5,1750.5,1663.0,1735.0,1805.5,1794.5,1817.5,1795.0,1730.5,1793.0,1846.0,1857.5,1944.0,2077.5,2122.0
310,1,87,166,177,181,162,167,164,160,177,182,171,155,151,142,133,138,142,140,140,136,130,133,134,134,139,147,1593.0,1720.0,1779.0,1616.0,1689.0,1675.0,1663.0,1863.0,1943.0,1847.0,1706.0,1672.5,1605.0,1526.5,1594.0,1661.0,1652.0,1675.0,1656.0,1598.0,1657.5,1708.5,1720.5,1802.0,1927.5
310,1,88,161,169,179,183,165,170,167,164,182,188,177,161,156,149,140,145,149,145,146,143,137,140,143,142,148,1345.0,1420.0,1535.5,1590.5,1447.0,1514.0,1503.5,1495.0,1677.0,1750.5,1666.5,1541.5,1513.0,1454.0,1384.5,1447.0,1509.5,1503.5,1526.0,1510.5,1459.0,1515.0,1563.5,1576.0,1652.0
310,1,89,143,158,165,177,182,164,169,166,163,182,188,178,163,158,150,142,146,151,149,150,147,140,144,148,148,1062.0,1180.5,1248.0,1351.5,1402.0,1277.5,1338.5,1331.0,1325.5,1488.5,1555.5,1483.0,1373.5,1350.0,1299.0,1238.5,1296.0,1353.5,1350.5,1372.0,1359.5,1315.0,1367.0,1412.0,1425.0
310,1,90,133,138,152,160,171,176,160,165,163,161,180,185,176,162,158,150,143,147,152,151,152,149,143,148,151,873.5,917.0,1021.0,1081.5,1172.5,1218.0,1111.5,1166.5,1161.5,1158.5,1302.0,1363.0,1301.5,1206.5,1187.5,1144.5,1092.5,1145.0,1197.5,1196.0,1216.5,1207.0,1169.0,1216.5,1258.0
310,1,91,118,125,131,145,152,164,169,153,159,157,156,173,180,171,157,153,147,139,145,151,149,150,148,142,147,689.5,741.0,779.0,869.0,922.5,1001.5,1042.0,952.0,1001.0,998.0,996.5,1121.5,1176.0,1124.5,1044.0,1029.0,993.0,949.0,996.0,1043.0,1043.0,1062.5,1055.5,1023.5,1066.0
310,1,92,95,110,117,122,135,143,155,159,145,152,150,149,166,173,164,151,148,142,135,141,146,145,147,145,139,491.5,573.0,617.5,650.0,726.5,772.5,839.5,875.0,800.5,843.0,842.0,841.5,948.5,996.0,953.5,887.0,875.5,846.0,809.5,850.5,891.5,893.0,911.0,906.0,880.0
310,1,93,72,85,98,106,111,124,130,140,146,132,139,138,137,154,161,153,142,139,134,126,132,138,138,139,138,337.0,399.5,467.0,504.0,531.5,595.0,633.5,689.5,719.5,659.5,695.0,695.5,696.0,785.5,826.0,792.0,737.5,729.0,705.5,676.5,711.5,746.5,748.5,765.0,761.5
310,1,94,65,65,76,90,95,100,111,119,129,134,122,128,128,127,142,149,142,132,130,125,120,125,130,130,132,270.5,267.0,317.5,371.5,401.5,424.0,475.5,506.5,552.5,577.0,530.0,559.0,560.0,561.5,634.5,668.0,641.5,598.0,592.0,573.5,551.0,580.5,610.0,612.0,626.5
310,1,95,58,57,56,66,77,83,87,98,103,112,117,107,112,112,112,126,132,127,117,116,111,107,112,118,117,211.5,208.0,205.5,245.5,287.0,311.0,329.0,369.5,393.5,430.0,449.5,413.5,437.0,438.0,440.0,498.0,525.0,504.5,471.5,467.0,453.5,435.5,460.0,484.0,486.5
310,1,96,38,47,46,45,55,64,70,74,82,87,95,99,91,96,96,96,108,113,108,102,100,98,92,98,102,125.5,158.0,155.5,154.0,184.0,215.5,233.5,247.5,278.5,297.0,325.0,340.0,313.0,331.5,332.5,334.5,379.0,400.5,385.0,360.5,357.5,347.5,334.5,353.5,372.5
310,1,97,31,30,38,38,38,43,51,55,58,66,70,77,80,73,78,77,78,88,93,89,83,82,79,77,81,96.0,91.0,114.5,113.0,112.0,134.0,157.0,170.0,180.5,203.5,217.5,238.0,249.5,230.0,243.5,245.0,246.5,279.5,296.0,285.0,267.0,265.5,258.0,249.0,263.0
310,1,98,22,25,23,29,29,28,34,40,43,45,50,54,59,62,57,60,61,61,69,73,70,65,65,63,60,60.0,67.5,64.5,80.5,79.5,79.0,95.0,111.0,120.5,128.0,144.5,154.5,169.0,177.5,164.0,173.5,175.0,176.0,200.0,212.0,204.5,192.0,191.0,186.0,179.5
310,1,99,15,16,18,17,21,21,21,25,29,32,34,39,41,45,47,43,46,46,46,51,55,53,50,49,48,37.5,41.0,46.0,44.5,55.5,54.5,54.5,65.5,76.5,83.0,88.0,99.5,106.5,116.5,122.5,113.5,120.0,121.0,122.0,139.0,147.0,142.0,133.5,133.0,129.5
310,1,100,11,10,11,12,13,16,15,15,18,21,23,24,27,29,32,34,32,33,33,34,39,40,39,36,36,27.5,25.0,27.5,31.0,29.5,37.0,36.5,36.5,44.0,51.5,55.5,59.0,66.5,71.5,78.0,82.0,76.0,80.5,81.5,82.0,93.5,99.0,95.5,90.0,90.0
310,1,101,4,8,8,8,10,8,11,11,11,13,16,16,18,20,22,23,24,22,24,25,24,28,30,28,27,9.0,18.0,16.0,18.0,20.0,19.0,23.5,23.5,23.5,28.5,33.0,36.0,38.0,43.0,46.0,50.5,53.0,49.0,52.0,52.5,53.0,60.0,64.0,62.0,58.5
310,1,102,3,3,6,5,6,6,6,7,7,7,9,10,12,12,14,14,16,17,16,17,16,17,19,20,20,5.5,5.5,11.0,9.5,11.0,12.0,12.0,14.5,14.5,14.5,17.5,20.0,22.0,23.0,26.0,28.0,31.0,32.5,30.0,31.5,32.0,32.5,36.5,39.0,38.0
310,1,103,4,2,2,4,3,4,4,4,5,5,5,6,7,7,8,9,10,11,11,10,11,12,11,13,14,7.0,3.0,3.0,6.0,5.5,6.0,7.0,7.0,8.5,8.5,8.5,10.0,11.5,12.5,13.0,14.5,16.0,17.5,18.5,17.0,17.5,18.0,18.5,20.5,22.0
310,1,104,0,3,1,1,2,2,2,3,3,3,3,3,4,4,5,5,5,6,6,7,6,6,6,7,7,0.0,3.5,1.5,1.5,3.0,3.0,3.0,3.5,3.5,4.5,4.5,4.5,5.0,6.0,6.5,6.5,7.5,8.0,9.0,9.5,9.0,9.0,9.0,9.5,10.5
310,1,105+,2,1,1,1,1,2,2,2,2,2,2,3,3,3,4,3,4,5,5,5,6,6,6,6,6,2.0,0.5,1.5,1.5,1.5,2.0,2.0,2.0,2.0,2.0,3.0,3.5,3.5,3.5,4.0,4.5,5.0,5.5,5.5,6.5,7.0,7.0,7.0,7.0,7.0
310,2,80,144,147,143,139,130,127,116,115,109,109,106,101,96,93,88,89,83,85,83,79,77,79,79,74,70,4429.0,4569.5,4509.5,4429.5,4242.0,4146.0,3832.0,3879.0,3764.0,3803.0,3756.5,3636.0,3488.0,3440.5,3350.5,3402.0,3221.5,3320.5,3317.5,3201.5,3177.5,3301.5,3374.0,3238.0,3051.5
310,2,81,133,153,156,152,147,140,134,122,123,118,117,114,109,104,101,97,97,90,92,90,84,84,85,86,81,3668.5,4273.5,4410.5,4354.5,4279.0,4100.0,4009.0,3707.5,3754.0,3644.5,3684.0,3640.5,3525.0,3383.0,3338.5,3252.5,3303.5,3130.0,3227.0,3226.0,3115.0,3092.5,3214.5,3286.0,3155.5
310,2,82,134,143,164,167,163,158,150,144,132,131,125,126,123,117,110,108,103,103,96,97,96,92,89,91,92,3267.0,3526.0,4108.5,4241.5,4189.5,4119.5,3948.5,3863.5,3575.0,3621.5,3517.5,3557.0,3516.5,3406.5,3271.0,3229.0,3147.5,3198.5,3032.5,3127.5,3128.0,3022.5,3002.0,3121.5,3192.0
310,2,83,137,142,151,174,177,173,168,159,154,141,140,134,134,131,125,118,114,110,111,103,105,104,99,97,99,2973.5,3125.0,3374.0,3932.0,4061.5,4013.5,3949.0,3787.0,3707.5,3432.5,3479.5,3381.5,3420.5,3383.0,3279.0,3150.5,3111.5,3035.0,3085.5,2927.5,3020.5,3022.0,2921.5,2903.5,3020.5
310,2,84,136,145,151,161,185,188,184,179,169,164,149,150,144,143,140,133,127,124,119,119,112,113,111,107,104,2623.5,2829.0,2974.5,3213.0,3745.0,3871.0,3827.5,3768.0,3616.0,3541.5,3281.5,3328.0,3236.0,3275.0,3240.5,3143.0,3021.5,2986.0,2914.5,2964.5,2814.5,2905.5,2908.5,2813.0,2797.5
310,2,85,167,145,154,159,170,197,201,196,191,182,175,160,161,154,153,150,144,136,133,128,129,121,123,122,115,2834.0,2479.5,2675.5,2814.5,3041.5,3546.5,3668.0,3629.5,3575.0,3433.0,3364.5,3120.0,3165.5,3080.0,3119.0,3088.0,2997.0,2883.0,2851.0,2784.5,2834.0,2692.0,2781.0,2785.5,2696.0
310,2,86,159,178,154,164,172,183,210,216,211,205,194,188,173,173,167,168,164,158,149,146,141,141,133,135,133,2346.5,2656.5,2326.0,2511.5,2643.5,2858.5,3335.0,3451.0,3417.5,3368.5,3237.0,3175.0,2946.0,2990.5,2912.0,2950.5,2923.5,2839.0,2733.5,2705.0,2643.5,2692.5,2559.0,2645.5,2651.5
310,2,87,190,169,190,164,175,181,195,225,229,225,220,210,204,186,187,181,180,177,169,162,158,152,154,144,148,2424.5,2178.5,2467.5,2163.0,2337.0,2461.5,2663.5,3109.5,3220.0,3191.0,3148.0,3027.5,2971.5,2759.5,2803.0,2731.0,2769.5,2746.0,2669.0,2572.0,2547.0,2491.0,2539.0,2415.0,2498.0
310,2,88,194,200,177,198,172,184,193,206,238,244,239,234,222,216,199,200,192,194,189,182,173,170,165,165,155,2140.0,2225.0,2001.5,2268.5,1991.0,2152.5,2269.0,2457.0,2870.5,2975.0,2950.5,2913.0,2804.0,2754.0,2560.0,2602.5,2537.5,2575.5,2556.0,2486.5,2398.0,2376.5,2326.5,2373.0,2259.5
310,2,89,190,201,206,185,207,181,193,201,216,251,256,252,247,235,228,211,211,205,204,202,195,186,181,176,178,1812.5,1939.0,2018.0,1817.0,2061.5,1811.0,1959.5,2067.5,2240.5,2619.5,2717.5,2697.5,2665.0,2568.0,2524.5,2348.5,2390.0,2332.5,2369.5,2354.0,2291.5,2212.0,2194.5,2150.0,2195.0
310,2,90,192,192,204,211,188,212,184,197,207,222,257,265,260,254,243,237,219,221,213,215,212,204,195,192,186,1601.0,1618.0,1733.5,1807.0,1628.5,1849.0,1626.5,1761.5,1860.5,2018.0,2361.0,2452.0,2436.0,2409.0,2323.5,2286.5,2129.0,2169.0,2119.0,2155.0,2142.5,2087.5,2017.0,2003.5,1964.5
310,2,91,191,191,192,204,212,188,213,186,200,209,225,261,269,265,260,249,243,224,226,219,222,218,210,202,200,1398.5,1404.5,1422.5,1527.0,1594.0,1439.0,1634.5,1440.0,1561.0,1650.5,1792.0,2098.5,2181.5,2169.5,2148.0,2073.5,2042.5,1904.0,1942.0,1899.5,1933.0,1924.0,1877.0,1815.5,1804.5
310,2,92,189,187,186,188,200,207,187,209,183,197,208,224,260,269,265,261,250,245,226,230,223,225,222,216,207,1212.0,1204.5,1212.5,1230.5,1323.0,1382.5,1250.0,1421.5,1253.5,1360.5,1440.0,1565.0,1834.5,1909.0,1900.5,1883.5,1820.5,1795.0,1675.5,1710.5,1675.0,1706.0,1700.5,1660.5,1608.0
310,2,93,158,180,178,178,180,192,200,180,204,178,192,201,218,253,263,260,255,246,240,223,226,220,222,221,214,889.5,1023.5,1019.0,1028.5,1045.5,1125.5,1177.5,1065.5,1213.5,1071.5,1164.5,1233.5,1342.0,1575.0,1640.0,1634.5,1622.0,1569.5,1549.5,1448.0,1479.5,1450.5,1479.5,1476.0,1442.5
310,2,94,147,145,167,165,166,168,180,187,168,191,168,182,192,206,242,250,248,245,235,232,215,218,213,217,215,738.5,735.0,847.5,845.5,855.0,870.0,938.0,982.5,890.0,1014.5,897.0,976.0,1035.0,1127.5,1324.5,1380.5,1377.5,1369.0,1326.0,1310.5,1226.0,1254.5,1231.0,1257.0,1255.0
310,2,95,142,132,131,152,150,151,153,164,171,154,175,153,167,176,192,223,232,230,228,220,215,202,205,201,203,637.5,596.0,594.5,686.5,686.5,695.0,708.0,764.0,801.5,727.0,829.5,734.5,799.5,849.0,926.0,1089.0,1136.5,1135.5,1129.5,1095.5,1084.0,1015.0,1040.0,1021.5,1044.0
310,2,96,126,125,117,116,133,133,134,136,146,153,138,157,139,150,158,172,202,210,209,207,200,198,184,188,184,502.0,501.5,470.0,469.5,543.0,544.0,551.5,562.5,607.5,638.0,579.5,662.0,587.0,639.5,680.0,742.0,874.0,913.0,913.5,909.5,883.0,875.0,820.0,841.0,827.0
310,2,97,92,107,106,99,98,113,113,115,117,126,132,119,136,120,131,139,151,177,184,184,182,176,174,162,166,333.0,384.0,384.5,361.0,361.5,419.0,420.0,426.0,435.0,470.5,494.5,450.0,514.5,456.5,498.0,530.0,579.0,682.5,714.0,715.0,713.0,693.0,687.0,645.0,662.0
310,2,98,71,76,87,87,81,82,95,95,95,97,105,110,100,114,101,110,117,128,150,157,157,156,151,149,140,230.0,247.5,286.0,287.0,270.0,270.5,314.0,315.0,320.0,327.0,354.0,372.5,339.5,388.5,345.0,376.5,401.0,438.5,517.5,542.0,543.0,542.5,528.0,524.0,492.5
310,2,99,56,55,59,70,70,66,65,76,76,78,78,85,89,81,93,82,89,95,103,122,128,128,128,124,123,166.5,166.0,179.0,207.0,208.0,196.0,196.5,228.0,229.0,233.0,238.5,258.0,272.0,248.0,284.0,252.5,276.0,294.0,322.0,380.5,398.5,399.5,399.5,389.5,387.0
310,2,100,41,43,43,47,53,54,50,51,59,59,60,61,66,70,64,72,65,71,74,81,96,100,100,100,98,112.0,116.5,116.5,125.5,145.5,146.0,138.0,138.5,160.5,161.5,164.0,168.5,182.0,192.0,175.0,201.0,178.5,195.5,208.5,229.0,270.5,283.5,284.5,284.5,277.5
310,2,101,27,32,33,33,35,42,41,40,39,45,46,46,48,52,54,49,58,51,56,59,66,78,81,82,82,64.5,75.0,78.5,78.5,84.5,98.0,98.5,93.0,93.5,108.5,109.0,111.0,114.0,123.0,130.0,118.5,136.0,120.5,132.0,141.5,155.0,183.0,192.5,193.0,193.0
310,2,102,23,20,22,24,24,26,29,30,27,28,33,33,34,34,37,39,36,40,36,39,43,46,54,58,57,48.5,41.0,48.0,50.0,50.0,54.0,62.5,63.0,59.5,60.0,69.5,69.5,71.0,73.0,78.5,83.5,76.0,87.0,77.0,84.5,90.5,99.0,117.0,123.0,123.5
310,2,103,11,15,13,16,16,16,17,20,20,19,19,22,22,22,24,25,27,24,28,25,27,29,32,38,39,21.5,29.5,24.5,29.0,30.0,30.0,32.5,38.0,38.0,36.5,36.5,42.0,42.0,43.0,44.0,47.5,50.5,46.0,53.0,46.5,51.5,54.5,60.0,71.0,74.5
310,2,104,10,7,10,8,9,10,10,11,13,13,13,12,14,14,15,14,16,17,16,18,15,17,18,20,24,18.0,12.5,17.0,14.0,16.5,17.0,17.0,18.5,21.5,21.5,20.5,21.0,24.0,24.0,24.5,25.0,27.0,28.5,26.0,30.0,26.5,29.5,31.0,34.0,40.0
310,2,105+,12,13,11,11,11,11,12,12,12,14,14,14,15,16,17,16,18,18,19,19,19,20,20,22,22,17.0,17.5,14.5,15.5,14.5,15.5,16.0,16.0,17.0,19.0,20.0,20.0,20.5,22.0,22.5,23.0,24.0,25.0,26.5,25.5,27.5,27.0,28.0,29.0,31.0
320,1,80,8,10,11,11,15,12,15,14,16,16,16,15,17,17,25,17,22,22,26,27,29,26,28,28,33,204.5,290.0,303.5,326.5,405.0,355.5,437.0,410.5,481.5,485.5,494.5,502.5,574.5,583.5,852.0,604.5,791.5,810.5,990.0,1024.5,1086.5,1029.0,1160.5,1141.5,1358.5
320,1,81,8,8,11,12,11,14,13,16,15,17,18,17,17,19,19,27,19,24,24,29,29,31,29,33,31,202.0,195.0,277.5,290.5,313.5,389.0,341.5,420.0,395.0,464.0,467.5,477.0,485.0,554.5,563.5,823.0,584.5,765.5,784.5,958.5,992.5,1052.5,997.5,1125.5,1107.5
320,1,82,9,9,8,12,12,12,15,12,16,15,18,17,18,18,19,19,28,19,24,25,30,31,32,30,34,186.5,191.5,185.5,264.5,277.5,300.0,372.5,327.0,402.0,378.5,445.0,448.5,458.0,466.0,533.0,542.0,792.0,563.0,738.0,756.5,924.5,958.0,1016.5,963.5,1087.5
320,1,83,7,8,9,9,13,13,14,17,14,17,16,19,19,19,19,21,21,30,21,28,28,34,35,36,33,128.0,176.0,181.0,176.0,251.0,264.0,285.5,354.5,312.0,383.5,361.0,424.5,428.5,437.5,445.5,510.0,519.0,759.0,540.0,708.5,726.0,888.0,920.5,977.5,927.0
320,1,84,8,7,10,10,9,13,14,15,18,16,19,17,20,20,20,20,23,23,33,23,31,31,37,38,39,139.0,120.0,165.5,170.5,166.0,237.0,249.5,270.0,335.0,295.5,363.5,342.5,403.0,407.0,416.0,424.0,485.5,494.5,723.5,515.0,676.0,693.0,848.5,880.0,935.0
320,1,85,7,9,8,10,10,10,14,15,16,18,17,20,18,22,22,22,22,25,26,37,26,33,33,40,41,104.0,129.0,111.5,154.5,159.5,155.5,222.5,234.0,253.5,315.0,278.0,342.0,323.0,380.0,384.0,393.0,401.0,459.5,468.0,685.0,488.0,641.0,658.0,806.0,836.5
320,1,86,8,8,9,7,11,11,10,16,16,17,21,19,21,21,23,23,23,24,28,27,39,28,36,37,44,103.5,95.5,119.0,103.0,143.0,148.0,144.5,206.5,217.5,236.0,294.0,259.0,319.5,302.0,355.5,359.5,368.5,376.0,431.0,439.5,644.0,459.0,603.5,620.0,760.0
320,1,87,5,9,7,9,9,11,11,11,15,16,18,23,19,24,22,25,25,26,25,29,29,43,30,39,39,57.0,94.0,87.0,109.0,94.5,131.0,136.0,133.0,190.0,200.5,217.5,271.0,239.0,295.5,279.5,329.5,333.5,342.0,349.5,400.5,409.5,600.0,428.0,563.0,579.0
320,1,88,5,6,8,9,11,9,11,12,11,17,17,18,23,20,25,23,27,26,26,27,30,32,45,32,41,51.0,51.0,84.5,78.5,98.5,85.5,119.0,123.5,121.0,173.0,183.0,198.5,247.0,218.5,270.0,256.0,302.0,306.0,314.0,321.5,369.0,377.0,553.0,395.0,520.0
320,1,89,5,6,5,9,8,10,9,12,12,12,16,18,19,23,20,25,24,28,28,29,29,33,32,48,33,38.5,45.0,45.5,75.5,70.0,88.0,76.5,106.5,110.5,108.5,155.5,164.5,179.0,223.0,197.5,244.0,231.5,273.5,277.5,285.0,292.0,335.5,343.0,504.0,360.5
320,1,90,4,5,5,6,9,8,11,9,12,13,12,17,17,19,24,21,26,24,29,29,29,30,33,34,50,32.5,33.5,39.5,40.0,66.5,62.0,77.5,67.5,94.0,97.5,96.0,138.0,146.0,159.0,198.5,176.0,217.5,206.5,244.0,248.0,255.0,261.5,301.0,308.5,453.0
320,1,91,4,5,5,6,5,9,9,10,9,12,12,13,18,19,19,24,21,25,24,28,28,29,30,35,35,24.0,27.5,28.5,34.0,34.5,57.5,53.5,67.0,58.5,82.0,85.0,83.5,120.0,127.5,139.0,173.5,154.0,191.0,181.5,214.5,218.5,225.0,230.5,266.0,273.0
320,1,92,3,4,4,4,5,5,9,8,10,8,12,12,11,17,18,20,23,20,26,24,28,29,29,29,34,14.5,20.0,23.0,24.0,28.5,29.5,48.5,45.0,57.0,50.0,70.0,73.0,71.5,102.5,109.0,119.0,149.0,132.5,164.5,156.5,185.5,189.0,195.0,200.0,230.5
320,1,93,3,2,3,4,4,5,5,8,7,9,8,11,12,12,16,17,18,23,21,24,23,28,28,29,29,13.5,12.0,16.5,19.0,20.0,23.5,24.5,40.0,37.5,47.5,42.0,58.5,61.0,60.0,86.0,91.5,100.0,125.5,111.5,138.5,132.0,156.5,159.5,165.0,170.0
320,1,94,3,3,3,3,3,4,4,5,7,7,9,8,11,11,11,15,16,18,22,19,24,23,26,27,27,10.5,10.5,9.5,13.5,15.5,16.0,19.0,19.5,32.5,30.5,38.5,34.0,47.5,49.5,48.5,70.5,75.0,82.0,103.0,91.5,114.0,108.5,129.0,131.5,136.0
320,1,95,2,2,2,2,3,4,3,4,4,7,6,7,7,9,10,9,14,15,16,20,18,22,20,25,25,6.0,8.0,8.0,7.0,10.5,12.0,12.5,15.0,15.0,25.5,24.0,30.5,26.5,37.5,39.0,38.5,56.0,59.5,65.0,82.0,73.0,91.0,87.0,103.5,105.5
320,1,96,2,1,2,2,1,2,2,3,3,3,5,5,7,5,8,8,8,12,12,14,17,15,19,19,21,6.0,4.5,6.0,6.0,5.5,8.0,9.0,9.5,11.5,11.5,19.5,18.5,23.5,20.5,29.0,30.0,30.0,43.0,46.0,50.0,63.5,56.5,70.5,67.5,80.5
320,1,97,1,1,1,1,1,2,2,2,2,3,3,5,4,5,5,7,7,7,10,11,11,15,13,16,15,4.5,4.5,3.5,4.5,4.5,4.0,6.0,7.0,7.0,8.5,8.5,14.5,14.0,17.5,15.5,21.5,22.5,22.5,32.0,34.5,37.5,47.5,42.5,53.0,50.5
320,1,98,0,2,1,1,1,1,1,2,2,2,2,2,3,4,5,4,5,5,6,8,8,9,11,10,13,0.0,3.0,3.5,2.5,3.5,3.5,2.5,4.0,5.0,5.0,6.0,6.0,10.5,10.0,12.5,11.0,15.5,16.5,16.0,23.0,25.0,27.5,34.5,31.0,38.5
320,1,99,1,0,0,1,1,1,1,0,1,1,1,2,1,3,2,3,3,4,5,4,6,7,7,9,8,2.5,0.0,2.0,2.5,1.5,2.5,2.5,2.0,2.5,3.5,3.5,4.0,4.5,7.5,7.0,8.5,7.5,11.0,11.5,11.0,16.0,17.5,19.5,24.5,22.0
320,1,100,0,1,0,1,1,0,1,1,1,0,1,1,1,2,2,2,2,2,3,3,3,4,4,5,6,0.0,1.5,0.0,1.5,1.5,1.0,1.5,1.5,1.5,2.0,2.5,2.5,2.5,3.0,5.0,5.0,6.0,5.0,7.5,7.5,7.5,11.0,12.0,13.5,17.0
320,1,101,1,0,0,0,0,0,0,0,0,0,1,1,1,1,0,1,2,2,1,2,2,2,3,4,4,2.5,0.0,1.0,0.0,1.0,1.0,1.0,1.0,1.0,1.0,1.5,1.5,1.5,1.5,2.0,3.5,3.0,4.0,3.5,5.0,5.0,5.0,7.5,8.0,9.0
320,1,102,1,1,0,0,0,1,1,1,1,1,1,0,0,0,0,1,1,1,1,1,2,2,2,3,2,2.5,1.5,0.0,1.0,0.0,0.5,0.5,0.5,0.5,0.5,0.5,1.0,1.0,1.0,1.0,1.5,2.5,1.5,2.5,2.5,3.0,3.0,3.0,4.5,5.0
320,1,103,0,1,0,0,1,0,0,0,0,0,0,0,1,1,1,1,1,1,0,1,1,1,1,1,1,0.0,1.5,1.0,0.0,0.5,0.0,0.0,0.0,0.0,0.0,0.0,0.0,0.5,0.5,0.5,0.5,0.5,1.5,1.0,1.5,1.5,1.5,1.5,1.5,2.5
320,1,104,0,0,1,1,0,0,0,0,0,0,0,0,0,0,0,0,0,0,1,1,1,1,0,0,0,0.0,0.0,0.5,0.5,0.0,0.0,0.0,0.0,0.0,0.0,0.0,0.0,0.0,0.0,0.0,0.0,0.0,0.0,0.5,0.5,0.5,0.5,1.0,1.0,1.0
320,1,105+,0,0,0,0,0,0,0,0,0,0,0,0,0,0,0,0,0,0,0,0,0,0,0,1,1,0.0,0.0,0.0,0.0,0.0,0.0,0.0,0.0,0.0,0.0,0.0,0.0,0.0,0.0,0.0,0.0,0.0,0.0,0.0,0.0,0.0,0.0,0.0,0.5,0.5
320,2,80,4,4,3,3,7,5,7,6,9,9,9,10,10,11,18,12,15,15,18,20,18,19,22,24,26,142.5,174.5,166.0,180.0,256.5,209.5,273.5,246.0,326.5,356.5,356.5,403.0,450.5,498.0,813.0,539.5,730.5,731.5,893.0,948.0,918.0,1027.0,1169.5,1238.5,1419.0
320,2,81,4,3,5,4,5,7,6,8,7,9,10,10,11,11,12,19,13,17,17,21,21,20,23,25,26,136.5,138.0,169.0,161.5,175.5,249.5,204.0,266.0,239.5,317.5,347.0,347.0,392.5,439.0,485.5,792.5,526.0,713.0,714.0,871.5,925.5,897.0,1003.5,1143.0,1210.5
320,2,82,3,4,4,4,5,5,7,6,7,6,8,9,9,10,13,13,22,14,20,20,22,23,23,25,28,97.0,131.5,133.5,163.5,156.0,170.0,242.0,197.5,258.0,232.5,308.5,337.0,337.0,381.5,426.5,472.0,770.0,511.5,693.5,694.5,848.0,901.5,873.5,977.5,1113.5
320,2,83,3,3,4,5,5,4,5,8,5,8,7,10,11,10,12,13,13,22,14,20,19,23,25,23,26,92.0,93.0,126.5,128.5,158.0,150.5,164.0,233.5,191.0,249.5,225.0,298.5,326.0,326.5,369.5,413.0,457.5,745.5,496.0,672.0,673.5,823.0,875.0,848.0,949.5
320,2,84,3,3,4,6,5,6,6,6,8,7,9,8,11,11,12,13,14,15,25,16,22,22,26,27,26,79.0,88.0,89.0,121.0,123.5,151.5,145.0,157.5,224.5,184.0,240.0,216.5,287.0,314.0,314.5,356.0,398.5,441.5,719.5,479.0,649.0,651.0,795.5,846.0,820.5
320,2,85,3,3,5,4,5,6,7,7,6,9,7,10,8,11,13,12,14,16,18,28,17,24,24,28,30,52.5,75.0,83.5,85.0,115.5,118.0,144.5,138.5,150.5,215.0,176.0,229.5,207.5,275.0,301.0,301.5,341.5,382.5,423.5,691.0,460.5,624.0,626.0,765.5,814.5
320,2,86,4,3,4,4,5,7,7,8,7,8,11,8,10,10,13,14,14,15,17,19,30,20,26,26,32,80.5,49.5,71.0,79.0,80.5,109.5,111.5,137.0,131.5,143.0,204.0,167.5,218.5,197.5,262.0,286.5,287.5,326.0,365.0,404.0,660.0,440.0,597.0,599.0,732.5
320,2,87,3,5,3,5,5,5,6,6,8,8,8,11,9,12,10,14,15,15,17,19,20,34,22,30,29,45.5,75.0,46.5,66.5,74.5,75.5,103.0,105.0,129.0,124.0,135.0,192.0,158.0,206.5,186.5,247.5,271.0,272.0,309.0,346.0,383.5,626.0,417.5,567.0,569.5
320,2,88,5,4,5,4,5,6,5,7,8,9,9,9,12,9,12,11,15,16,16,19,21,23,36,24,32,58.5,42.0,69.5,43.0,61.5,69.0,70.5,96.5,98.0,120.5,115.5,126.5,179.5,148.0,193.5,175.0,232.0,254.5,255.5,290.0,325.0,361.0,589.0,393.5,534.0
320,2,89,4,5,3,6,3,5,5,6,8,7,9,9,10,12,12,14,12,16,18,18,20,22,25,39,26,44.0,53.5,38.5,64.0,39.5,56.5,63.5,65.0,89.0,90.5,111.5,106.5,117.0,166.5,137.0,179.5,162.5,215.5,236.5,237.5,269.5,302.5,336.0,549.5,367.5
320,2,90,3,4,6,4,6,4,5,6,6,8,8,10,9,10,15,11,15,14,18,20,19,22,23,26,43,22.5,39.5,48.0,35.0,58.0,36.0,51.5,58.0,59.0,81.0,83.0,102.0,97.5,107.0,152.5,125.5,164.5,149.0,198.0,217.0,218.5,248.0,279.0,309.5,507.0
320,2,91,3,2,4,5,4,6,3,5,6,6,8,9,10,10,11,15,13,16,14,19,20,21,23,25,27,25.0,20.0,35.0,42.5,31.0,52.0,32.5,46.5,52.0,53.0,73.0,74.5,92.0,88.0,96.5,137.5,113.5,149.0,135.0,179.5,197.0,198.5,225.5,254.0,282.0
320,2,92,4,3,3,5,5,3,6,4,6,6,6,9,8,11,10,11,15,12,17,15,19,21,21,24,27,22.0,21.5,17.5,30.5,37.5,27.5,46.0,29.0,41.0,46.0,47.0,64.5,66.0,81.5,78.0,85.5,122.5,101.0,132.5,120.5,160.5,176.5,177.5,202.0,227.5
320,2,93,4,3,3,2,4,5,4,7,4,5,6,6,8,9,10,10,11,16,13,16,15,20,22,22,24,25.5,18.5,18.5,15.0,26.0,32.5,24.0,39.5,25.0,35.5,40.0,41.0,56.0,57.5,71.0,68.0,74.5,107.0,88.5,116.0,105.5,141.0,155.0,156.0,178.0
320,2,94,5,4,3,3,3,4,5,4,5,4,5,6,6,8,8,10,9,10,15,12,16,14,20,21,21,23.5,21.0,15.5,15.5,12.5,22.0,27.5,20.0,33.5,21.0,30.5,34.0,35.0,48.0,49.0,61.0,58.5,64.0,91.5,76.0,100.0,91.0,121.0,133.5,134.5
320,2,95,2,4,3,2,2,2,3,4,3,6,3,5,5,6,8,8,10,10,10,14,12,16,15,18,21,7.0,19.0,17.5,13.0,13.0,10.0,18.5,23.0,16.5,28.0,17.5,25.5,28.5,29.0,40.0,41.0,51.0,49.0,54.0,77.0,64.0,84.0,76.5,102.0,112.5
320,2,96,6,1,4,4,3,3,2,4,5,3,5,3,5,5,5,7,7,9,8,10,13,11,14,13,17,22.0,5.5,15.0,14.0,10.5,10.5,8.0,15.0,18.5,13.5,22.5,14.5,20.5,23.5,23.5,32.5,33.5,41.5,40.0,44.0,63.5,52.5,69.0,62.5,84.5
320,2,97,3,4,1,3,2,2,2,1,3,3,3,4,3,4,5,4,6,6,8,8,8,12,10,13,11,10.5,17.0,4.5,11.5,11.0,8.0,8.0,6.5,11.5,14.5,10.5,18.0,11.5,16.0,18.5,19.0,26.0,27.0,33.0,32.0,35.0,51.0,42.0,55.5,50.5
320,2,98,3,2,4,1,2,3,2,2,2,2,3,2,4,2,3,4,4,6,6,7,6,7,11,9,11,8.5,8.0,13.0,3.5,9.0,8.5,6.0,6.0,5.0,9.0,11.5,8.0,14.0,9.0,12.5,14.0,15.0,20.0,21.0,25.5,25.0,27.5,39.5,32.5,43.5
320,2,99,2,2,2,3,1,2,2,1,1,1,2,3,2,3,2,3,3,4,4,5,5,6,6,9,7,7.0,6.0,6.0,9.5,2.5,7.0,6.0,4.5,4.5,3.5,7.0,8.5,6.0,10.5,7.0,9.5,10.5,11.0,15.0,15.5,19.5,19.0,21.0,29.5,24.5
320,2,100,0,2,1,2,2,0,2,1,1,1,1,2,2,1,3,2,2,3,2,4,3,5,5,5,7,0.0,5.0,4.5,4.0,7.0,2.0,5.0,4.5,3.5,3.5,2.5,5.0,6.0,4.5,7.5,5.0,7.0,7.5,8.0,11.0,11.5,14.5,13.5,15.5,21.5
320,2,101,2,0,1,1,1,2,1,1,1,1,1,0,1,2,1,2,1,2,2,2,3,4,4,3,4,4.0,0.0,3.5,3.5,2.5,5.0,1.5,3.5,3.5,2.5,2.5,2.0,3.5,4.0,3.5,5.0,3.5,5.0,5.0,6.0,7.5,8.0,10.0,9.5,11.0
320,2,102,1,1,0,1,1,0,1,0,1,1,1,1,1,1,1,1,1,1,1,1,2,2,2,3,3,2.5,2.5,0.0,2.5,2.5,2.0,3.5,1.0,2.5,2.5,1.5,1.5,1.5,2.5,2.5,2.5,3.5,2.5,3.5,3.5,4.0,5.0,5.0,6.5,6.5
320,2,103,0,1,1,0,1,1,1,1,1,1,1,0,0,0,1,1,1,1,1,1,1,1,2,1,2,0.0,1.5,1.5,0.0,1.5,1.5,1.5,2.5,0.5,1.5,1.5,1.0,1.0,1.0,1.5,1.5,1.5,2.5,1.5,2.5,2.5,2.5,3.0,3.5,4.0
320,2,104,1,0,0,0,0,0,0,0,1,0,0,0,1,1,1,0,0,0,1,0,1,1,1,1,2,2.5,0.0,1.0,1.0,0.0,1.0,1.0,1.0,1.5,0.0,1.0,1.0,0.5,0.5,0.5,1.0,1.0,1.0,1.5,1.0,1.5,1.5,1.5,1.5,2.0
320,2,105+,2,1,1,1,1,1,1,0,1,1,1,0,1,1,0,0,0,1,1,1,1,1,1,1,1,2.0,2.5,1.5,1.5,1.5,0.5,0.5,1.0,1.5,1.5,0.5,1.0,1.5,0.5,0.0,0.0,1.0,1.5,1.5,1.5,1.5,1.5,1.5,1.5,1.5
330,1,80,31,36,35,39,44,47,50,54,62,63,71,77,75,75,86,83,92,90,88,91,89,87,92,92,94,837.0,955.5,975.5,1079.5,1303.5,1383.0,1508.0,1629.0,1948.0,2008.5,2285.0,2546.0,2491.5,2566.0,3019.5,2948.0,3343.5,3333.0,3321.0,3481.0,3445.0,3450.0,3680.0,3732.0,3901.5
330,1,81,31,33,37,37,40,48,50,54,57,68,68,76,83,80,81,94,89,100,99,96,99,97,95,100,99,728.0,801.5,915.5,935.5,1036.0,1252.5,1329.5,1450.5,1567.5,1875.5,1935.0,2202.5,2455.5,2404.0,2477.5,2917.0,2849.5,3233.0,3224.5,3215.0,3371.0,3337.5,3344.5,3568.5,3620.5
330,1,82,28,32,35,40,39,42,51,53,57,60,71,73,81,89,86,87,101,98,109,107,105,108,105,104,109,589.0,693.5,764.0,873.5,893.5,991.0,1198.0,1273.0,1389.5,1502.5,1798.5,1856.5,2114.5,2359.0,2311.5,2383.5,2807.5,2744.0,3115.0,3108.0,3101.0,3253.0,3222.5,3231.0,3449.0
330,1,83,25,30,34,37,42,42,46,54,57,61,65,76,77,87,96,93,95,110,105,118,115,114,118,115,113,465.5,558.0,657.5,725.0,829.5,849.5,943.0,1140.5,1213.0,1324.5,1433.5,1717.0,1773.5,2021.0,2256.0,2212.5,2282.5,2690.0,2630.5,2988.0,2983.5,2978.0,3126.0,3098.5,3108.5
330,1,84,26,27,32,37,40,44,45,50,59,61,66,70,83,85,94,104,101,102,118,115,128,126,124,128,126,405.5,438.0,525.0,619.5,684.0,783.5,803.0,891.5,1079.5,1149.0,1255.5,1360.0,1630.0,1685.0,1921.5,2146.0,2106.0,2174.0,2564.0,2509.0,2851.5,2849.5,2845.5,2989.0,2964.5
330,1,85,24,26,28,34,38,43,48,48,52,63,67,71,76,90,91,103,113,110,111,130,124,140,139,136,141,339.5,378.5,409.0,490.5,580.0,640.5,734.5,753.5,837.5,1014.5,1080.5,1182.0,1281.5,1536.5,1590.0,1814.5,2028.0,1991.5,2058.0,2428.5,2378.5,2705.0,2704.5,2703.0,2841.0
330,1,86,25,26,28,29,35,41,44,51,51,57,67,70,77,82,96,99,111,123,118,122,141,136,154,151,149,310.0,313.5,350.0,378.5,455.0,538.5,595.0,682.5,701.0,780.0,945.5,1008.0,1103.5,1197.5,1437.0,1488.5,1700.0,1901.5,1869.0,1933.0,2282.5,2238.0,2546.5,2548.0,2549.0
330,1,87,26,26,25,28,31,38,44,47,53,54,59,71,75,81,87,102,105,119,131,127,130,152,148,164,163,282.0,283.0,286.5,320.0,347.0,417.5,494.5,547.5,628.5,646.0,719.0,873.0,931.5,1020.5,1108.5,1332.0,1380.5,1578.0,1766.5,1738.5,1799.0,2126.5,2086.5,2376.5,2380.0
330,1,88,23,27,27,27,29,31,37,45,50,56,57,62,75,79,84,91,109,112,126,139,135,138,162,157,177,213.0,254.0,255.0,259.0,290.0,314.5,378.5,449.0,497.5,572.0,588.5,656.0,797.0,851.0,934.0,1015.5,1221.0,1266.5,1449.0,1624.0,1600.0,1657.5,1960.5,1925.5,2195.5
330,1,89,20,23,27,27,27,31,32,38,45,49,56,57,63,76,80,88,94,113,115,131,145,142,146,169,165,164.5,189.0,226.0,227.0,231.0,259.0,281.5,339.0,402.5,446.5,513.5,529.0,591.0,718.0,768.0,844.0,918.5,1105.0,1147.5,1314.5,1475.0,1454.5,1508.5,1786.0,1756.0
330,1,90,18,20,22,27,26,27,29,33,39,46,50,56,58,65,78,82,90,97,115,118,135,150,146,151,177,130.5,143.5,165.5,198.0,199.5,203.0,228.0,248.0,299.0,355.5,395.0,455.0,469.0,524.5,638.0,683.5,751.5,819.0,986.5,1026.0,1176.5,1321.5,1304.5,1354.0,1605.5
330,1,91,17,17,19,22,25,26,26,30,31,38,45,50,57,57,64,78,83,89,97,117,121,137,153,150,154,106.0,112.0,123.0,142.5,171.0,172.5,175.5,197.5,215.0,259.5,309.0,343.5,396.5,409.5,458.0,558.0,598.5,659.0,719.0,867.0,903.0,1036.5,1165.5,1152.0,1197.0
330,1,92,14,15,18,18,21,25,25,25,28,31,36,44,48,55,57,62,76,81,89,97,115,119,136,151,149,77.5,89.0,94.0,104.0,120.5,145.0,146.0,149.0,167.5,183.0,221.5,263.5,293.5,339.0,351.0,393.0,479.0,514.5,567.5,619.5,748.0,780.0,896.5,1009.5,998.5
330,1,93,14,13,15,15,18,20,24,24,24,26,29,35,41,46,53,55,61,73,78,86,93,112,117,133,149,68.5,63.5,73.5,77.5,86.0,100.0,120.0,121.0,124.0,139.5,152.0,185.0,220.0,245.5,284.0,294.0,330.0,402.5,433.0,478.0,522.5,632.0,659.5,759.0,856.0
330,1,94,12,13,12,14,15,16,19,22,22,23,26,27,33,39,43,50,51,57,69,74,82,88,107,110,127,48.0,54.5,51.0,59.0,62.5,69.0,80.5,97.0,98.0,100.5,113.0,123.5,150.0,179.0,200.0,231.5,240.0,270.0,330.0,355.5,392.5,430.0,520.5,544.0,626.5
330,1,95,8,10,11,10,12,13,14,16,20,20,20,22,25,29,34,38,44,45,51,63,68,74,81,96,101,30.0,37.0,42.5,40.0,46.0,48.5,54.0,63.0,76.0,77.0,79.0,89.0,97.5,118.5,141.5,158.5,183.5,191.0,215.0,263.0,283.5,313.5,344.0,417.0,436.5
330,1,96,8,7,8,9,9,10,10,12,14,16,16,17,19,21,26,30,34,38,40,45,54,58,64,70,86,27.0,22.5,28.0,32.5,30.5,35.0,37.0,41.0,48.0,58.0,59.0,60.5,68.5,74.5,91.0,109.0,122.0,141.5,147.5,166.0,203.5,219.5,243.5,267.5,324.5
330,1,97,7,6,5,7,8,7,8,9,9,11,14,14,14,16,17,20,25,28,32,33,37,45,49,54,59,20.5,20.0,16.5,20.5,24.0,22.5,26.0,27.5,30.5,35.5,43.0,44.0,45.0,51.0,55.5,68.0,81.5,91.0,106.0,110.5,124.5,153.0,165.0,183.5,202.0
330,1,98,5,5,5,4,5,6,6,7,7,8,9,10,11,11,12,13,17,20,22,26,27,30,37,39,44,13.5,14.5,14.5,12.0,14.5,17.0,16.0,18.5,19.5,22.0,25.5,31.0,31.5,32.5,37.0,40.5,49.5,59.0,66.0,77.0,80.5,91.0,111.5,120.5,134.0
330,1,99,2,3,4,4,3,4,4,4,4,5,5,6,8,8,8,10,11,13,15,17,19,21,23,28,31,5.0,9.5,10.0,10.0,8.5,10.0,12.0,11.0,13.0,13.5,15.5,18.0,22.0,22.0,23.0,26.0,28.5,34.5,41.5,46.5,54.5,56.5,64.5,79.0,85.5
330,1,100,3,1,3,2,3,2,2,4,3,4,3,5,5,6,6,7,7,7,9,11,12,15,15,18,21,7.5,3.5,6.5,7.0,6.5,6.0,7.0,8.0,7.5,9.0,9.5,10.5,12.5,15.0,15.0,15.5,17.5,19.5,23.5,28.5,32.0,37.5,38.5,44.0,54.5
330,1,101,2,2,1,2,2,2,2,2,2,2,3,3,3,4,4,4,4,5,6,7,8,10,11,11,13,4.0,5.0,2.5,4.0,5.0,4.0,4.0,5.0,5.0,5.0,5.5,6.5,6.5,8.0,10.0,10.0,10.0,11.5,13.0,15.5,19.0,21.0,24.5,25.5,28.5
330,1,102,2,1,2,1,1,2,1,1,2,2,2,1,2,2,2,3,3,3,4,4,5,6,6,8,8,5.0,2.5,3.0,1.5,2.5,3.0,2.5,2.5,3.0,3.0,3.0,3.5,4.0,4.0,5.0,6.5,6.5,6.5,7.0,8.0,9.5,12.0,13.0,15.0,16.0
330,1,103,1,2,1,1,0,1,1,1,1,1,1,1,2,1,1,2,3,3,2,2,3,3,4,5,5,2.5,3.0,1.5,1.5,1.0,1.5,1.5,1.5,1.5,1.5,1.5,1.5,2.0,2.5,2.5,3.0,3.5,3.5,4.0,4.0,4.5,5.5,7.0,7.5,8.5
330,1,104,2,1,1,0,0,1,0,0,0,1,0,0,0,0,1,1,1,1,1,2,2,1,2,3,2,2.0,1.5,1.5,1.0,1.0,0.5,1.0,1.0,1.0,0.5,1.0,1.0,1.0,1.0,1.5,1.5,1.5,1.5,1.5,2.0,2.0,2.5,3.0,3.5,4.0
330,1,105+,2,1,1,1,1,2,0,1,1,1,0,1,1,1,1,0,1,1,1,1,1,1,2,2,2,2.0,1.5,1.5,1.5,1.5,1.0,0.0,0.5,0.5,0.5,0.0,0.5,0.5,0.5,0.5,1.0,1.5,1.5,1.5,1.5,1.5,1.5,2.0,2.0,2.0
330,2,80,20,22,24,26,30,31,35,38,43,47,50,56,55,62,69,66,76,75,75,81,81,84,91,94,98,740.5,859.5,940.5,1027.0,1210.0,1226.5,1445.0,1562.5,1806.5,2043.0,2173.5,2444.5,2485.5,2786.5,3176.5,3086.0,3564.5,3622.5,3657.5,4035.0,4080.0,4306.0,4703.0,4969.0,5263.5
330,2,81,22,22,24,26,29,33,33,38,41,46,52,55,61,61,67,74,72,81,82,81,88,88,90,98,102,708.5,717.0,833.5,913.0,998.0,1176.5,1192.5,1405.5,1520.0,1758.0,1988.5,2116.0,2380.5,2421.5,2715.0,3096.5,3009.0,3476.5,3534.0,3569.5,3939.0,3984.0,4206.5,4595.0,4856.5
330,2,82,20,23,23,26,29,31,36,36,41,44,51,56,59,65,66,73,83,79,89,90,89,97,95,101,107,574.0,683.5,692.5,806.0,884.0,967.0,1140.0,1156.0,1363.0,1474.5,1705.5,1929.5,2054.0,2311.5,2352.0,2638.0,3009.5,2925.5,3381.5,3438.0,3474.5,3835.0,3880.5,4098.5,4478.5
330,2,83,19,21,25,25,29,31,34,39,39,47,49,55,62,65,72,72,79,90,86,99,97,98,106,107,110,477.5,551.5,657.5,667.0,777.0,853.0,933.5,1100.5,1116.5,1316.5,1425.0,1648.5,1866.0,1987.0,2237.0,2277.0,2555.0,2915.0,2835.0,3278.0,3334.5,3371.0,3722.5,3768.0,3981.0
330,2,84,20,19,23,27,27,30,33,36,42,42,50,53,61,68,71,80,79,88,98,95,108,109,108,117,117,453.0,456.5,527.5,630.0,640.0,746.0,819.5,897.0,1058.0,1074.0,1266.0,1371.0,1587.0,1797.0,1914.0,2155.5,2195.5,2464.5,2813.0,2737.0,3165.5,3222.0,3258.5,3600.0,3645.0
330,2,85,20,22,22,25,30,29,35,37,40,47,46,54,58,66,74,78,86,87,96,109,104,118,119,119,129,397.0,430.0,434.5,502.0,600.5,611.0,712.0,782.5,857.0,1011.5,1027.5,1211.5,1312.5,1520.0,1721.5,1834.5,2067.0,2106.5,2365.5,2701.5,2630.0,3043.0,3098.5,3135.5,3466.0
330,2,86,24,23,23,24,26,32,33,37,39,43,51,51,59,64,73,80,85,94,95,105,119,114,131,131,131,406.0,374.0,405.5,410.5,475.5,568.5,579.0,675.0,742.5,813.5,960.5,976.5,1152.0,1248.5,1446.5,1639.5,1748.0,1971.0,2009.5,2258.0,2579.5,2513.0,2909.0,2964.0,3001.0
330,2,87,19,26,23,25,25,28,33,34,39,44,46,54,55,64,68,77,88,92,104,104,116,129,126,143,145,282.5,379.0,349.5,380.0,385.0,447.0,534.5,544.0,635.5,699.0,766.5,905.5,921.0,1087.0,1179.0,1367.0,1550.5,1654.0,1866.0,1903.5,2140.5,2447.0,2385.0,2762.5,2816.5
330,2,88,20,20,27,25,27,27,31,36,36,43,46,51,59,59,69,74,86,96,101,112,113,126,143,137,157,256.0,261.0,350.5,324.0,353.0,358.0,416.0,498.0,507.0,592.5,652.0,715.5,846.0,861.0,1017.0,1104.0,1281.0,1453.5,1552.0,1752.0,1788.5,2012.5,2302.5,2245.5,2603.0
330,2,89,25,22,22,29,26,28,28,33,39,39,45,50,54,63,63,74,79,92,102,109,122,123,137,156,150,269.5,233.5,238.5,321.0,297.5,324.5,329.5,383.0,458.5,467.5,546.5,602.0,661.0,782.0,797.0,942.5,1023.5,1188.0,1349.5,1442.0,1629.0,1664.5,1874.0,2145.5,2094.5
330,2,90,25,25,22,22,29,27,29,30,34,40,41,48,52,57,66,68,79,85,97,111,116,130,132,147,166,228.5,242.5,210.5,216.0,291.0,270.0,295.0,299.5,348.5,417.5,426.0,498.5,549.5,604.0,715.5,729.5,863.5,938.5,1090.5,1239.5,1325.5,1498.5,1532.5,1727.0,1979.0
330,2,91,20,24,26,22,23,31,28,30,30,35,42,42,49,54,59,70,70,82,88,103,116,123,137,139,157,165.0,202.0,215.5,188.0,193.5,260.5,242.0,264.5,268.5,313.0,375.5,383.5,449.0,495.5,545.0,646.5,659.5,781.0,850.0,988.5,1124.0,1203.5,1362.0,1394.0,1572.0
330,2,92,20,20,24,26,23,24,31,29,31,31,36,42,43,50,55,60,71,72,85,92,105,119,127,143,146,136.5,143.5,176.5,189.0,165.5,170.0,229.5,213.5,233.5,237.5,276.5,332.5,340.0,398.5,440.0,484.5,575.0,587.5,696.0,758.5,882.5,1004.5,1076.5,1219.5,1249.0
330,2,93,17,18,19,24,26,22,22,31,28,31,31,36,42,43,50,55,60,72,73,85,93,106,120,128,145,104.0,116.5,123.0,152.0,163.0,143.0,147.0,198.5,185.0,202.5,206.5,240.0,289.5,296.0,347.5,384.0,423.5,502.5,514.0,610.0,665.0,775.0,883.0,947.0,1073.5
330,2,94,17,15,18,19,23,24,22,22,29,27,29,30,34,42,42,49,53,59,69,71,84,91,106,119,128,95.0,87.0,98.0,103.5,128.5,138.0,121.0,125.0,168.5,157.5,172.5,176.0,205.0,247.0,253.0,297.0,329.0,363.0,431.0,441.0,524.5,572.0,667.5,761.5,817.0
330,2,95,13,16,15,16,17,21,23,19,21,27,26,28,29,33,39,40,47,51,56,67,67,80,87,102,116,63.0,77.5,71.5,81.0,85.5,106.5,114.5,100.5,103.5,140.5,131.0,144.0,146.5,171.5,206.5,212.0,248.5,276.0,304.5,362.0,371.0,441.5,482.0,562.5,642.5
330,2,96,12,11,14,13,15,15,20,21,19,18,26,23,26,25,30,37,37,43,48,53,61,63,75,81,94,52.5,50.5,62.0,57.5,65.5,69.5,86.0,92.5,81.5,84.0,114.0,106.5,117.0,119.5,140.0,168.5,173.5,203.5,226.0,249.5,297.0,305.0,363.0,397.0,463.5
330,2,97,10,10,11,12,11,13,14,17,18,16,17,22,21,22,23,27,32,33,39,43,47,56,57,67,74,37.0,41.0,39.5,49.0,45.5,51.5,55.0,67.5,73.0,64.0,66.5,90.0,84.5,93.0,95.5,111.5,134.0,138.5,162.5,180.5,199.5,238.0,244.5,291.0,318.5
330,2,98,6,8,9,8,11,10,11,12,14,15,13,14,19,18,20,20,23,28,29,34,37,41,49,51,60,19.0,28.0,31.5,30.0,37.5,35.0,39.5,42.0,52.0,56.5,49.5,51.0,69.5,65.0,72.0,74.0,86.5,104.0,107.5,126.0,140.5,155.5,185.5,190.5,227.0
330,2,99,9,4,6,7,7,8,8,9,9,12,13,11,11,16,14,16,17,20,23,24,28,32,35,41,42,27.5,14.0,21.0,23.5,22.5,28.0,26.0,29.5,31.5,39.0,42.5,37.5,38.5,52.0,49.0,54.0,55.5,65.0,78.5,81.0,95.0,106.0,117.5,140.5,144.0
330,2,100,5,7,4,5,6,5,7,6,7,8,9,10,9,10,12,12,13,13,15,19,20,23,25,28,34,13.5,19.5,10.0,15.5,17.0,16.5,20.5,19.0,21.5,23.0,28.5,31.0,27.5,28.0,38.0,36.0,39.5,40.5,47.5,57.5,59.0,69.5,77.5,86.0,103.0
330,2,101,4,3,5,2,5,5,5,6,5,6,6,8,9,8,7,10,10,11,11,13,16,16,19,21,23,11.0,9.5,13.5,7.0,10.5,11.5,11.5,14.0,13.5,15.0,16.0,20.0,21.5,19.0,19.5,27.0,25.0,27.5,28.5,33.5,40.0,41.0,48.5,54.5,60.5
330,2,102,2,3,3,4,2,3,3,3,4,4,4,5,6,6,5,6,8,7,8,8,10,11,11,14,16,5.0,7.5,6.5,9.0,5.0,6.5,7.5,7.5,9.0,9.0,10.0,10.5,13.0,14.0,12.5,13.0,18.0,16.5,18.0,19.0,22.0,26.5,27.5,32.0,36.0
330,2,103,4,2,3,2,3,2,2,2,2,3,3,3,3,4,4,4,4,6,5,5,6,6,8,9,10,8.0,3.0,4.5,4.0,5.5,3.0,4.0,5.0,5.0,5.5,5.5,6.5,6.5,8.0,9.0,8.0,8.0,11.0,10.5,11.5,12.0,14.0,17.0,17.5,20.0
330,2,104,3,3,1,1,1,2,1,1,2,2,1,2,2,2,2,3,3,2,3,3,4,4,5,6,5,6.5,4.5,1.5,2.5,2.5,3.0,1.5,2.5,3.0,3.0,3.5,3.0,4.0,4.0,5.0,5.5,4.5,5.0,6.5,6.5,7.0,7.0,8.5,10.0,10.5
330,2,105+,6,6,4,2,3,2,2,1,2,2,2,3,2,3,2,4,4,3,4,4,5,4,5,6,6,9.0,8.0,6.0,4.0,3.5,3.0,3.0,2.5,3.0,3.0,3.0,3.5,3.0,3.5,4.0,5.0,5.0,4.5,5.0,6.0,6.5,7.0,7.5,8.0,9.0
340,1,80,46,48,49,56,54,50,58,59,64,63,69,68,68,72,78,76,78,79,80,78,79,76,75,78,74,1046.0,1126.5,1156.0,1370.0,1346.5,1254.0,1463.5,1551.5,1679.0,1711.0,1889.0,1898.5,1941.0,2101.0,2290.5,2287.5,2374.0,2464.5,2536.0,2550.5,2584.0,2524.0,2570.0,2668.5,2624.5
340,1,81,41,46,50,50,60,58,53,61,64,67,67,73,72,73,77,82,81,82,84,86,85,84,81,81,82,855.5,986.5,1062.5,1101.5,1306.5,1286.0,1198.5,1399.0,1484.5,1607.5,1639.5,1811.0,1821.5,1863.0,2018.5,2201.5,2200.0,2284.5,2373.0,2443.0,2458.5,2492.0,2435.5,2481.5,2577.5
340,1,82,45,43,49,52,54,62,60,55,62,65,70,70,76,75,77,82,89,87,89,91,91,90,90,87,87,808.0,802.5,925.5,1007.0,1045.0,1240.5,1222.5,1140.0,1332.0,1414.5,1532.5,1564.5,1729.0,1740.5,1781.0,1931.0,2107.5,2107.5,2190.0,2276.0,2344.5,2361.0,2395.0,2342.0,2387.5
340,1,83,47,46,46,52,55,56,66,64,59,68,71,76,76,82,82,82,88,94,93,95,97,99,98,99,95,753.0,752.5,747.5,871.5,949.5,986.0,1171.5,1155.5,1078.5,1261.5,1340.5,1453.0,1485.0,1642.5,1654.5,1694.5,1838.0,2007.5,2009.0,2089.0,2172.5,2239.5,2257.0,2290.5,2241.5
340,1,84,52,49,48,47,55,60,60,70,69,63,72,76,80,81,89,88,89,94,103,101,103,106,108,108,106,720.5,695.5,695.5,698.0,815.0,888.5,924.0,1098.5,1084.5,1013.5,1186.5,1261.5,1369.0,1400.5,1550.0,1562.5,1602.0,1739.0,1900.5,1903.5,1981.0,2061.5,2126.5,2144.5,2178.0
340,1,85,51,53,50,51,50,58,62,64,74,72,66,77,80,87,88,95,95,96,103,110,109,112,115,117,116,630.0,659.0,636.5,643.5,647.0,755.5,824.5,858.5,1022.0,1010.0,945.0,1107.0,1178.5,1280.0,1310.5,1451.5,1464.5,1503.0,1633.0,1786.0,1790.5,1865.0,1942.5,2005.0,2023.5
340,1,86,53,53,55,53,52,52,60,64,66,77,76,70,81,86,91,92,100,99,101,109,117,116,119,123,125,575.0,570.0,596.5,582.5,590.0,594.0,694.0,758.5,790.5,942.5,932.0,873.5,1023.5,1091.0,1186.0,1215.5,1348.0,1361.5,1398.5,1520.5,1665.0,1670.5,1741.5,1815.5,1875.5
340,1,87,47,54,52,54,53,53,53,61,66,67,81,78,73,83,88,95,96,106,106,107,115,124,123,127,131,443.5,514.5,509.5,539.5,527.5,535.5,539.5,631.5,691.0,721.0,860.0,851.5,799.0,937.5,1000.0,1088.5,1116.5,1239.5,1253.5,1289.0,1402.5,1537.5,1544.0,1611.0,1681.0
340,1,88,46,46,53,52,55,53,54,53,61,68,70,82,80,74,87,92,98,99,109,109,111,119,129,128,133,380.5,391.5,454.0,455.0,482.5,472.5,480.0,484.5,568.0,622.0,650.0,775.5,769.5,722.5,849.0,906.5,988.0,1014.5,1127.0,1141.0,1175.0,1280.0,1404.5,1412.0,1474.5
340,1,89,36,44,45,52,52,55,53,53,53,61,66,69,82,81,75,87,92,100,102,110,111,114,122,133,133,268.0,331.0,340.5,399.0,401.0,425.5,417.5,424.5,429.5,504.0,552.5,578.0,690.5,686.0,645.0,758.5,811.0,885.0,910.0,1012.5,1026.0,1057.5,1154.0,1267.5,1275.5
340,1,90,34,34,42,44,51,51,53,52,53,53,61,66,69,81,80,75,86,91,99,101,113,113,114,124,136,220.0,229.5,283.0,294.5,346.0,348.0,370.0,363.5,370.0,375.0,440.5,484.0,506.5,606.5,603.0,567.5,668.5,716.0,782.0,805.0,897.0,910.0,939.0,1026.0,1128.0
340,1,91,32,31,33,40,41,49,48,51,50,50,51,59,64,66,80,79,73,86,92,98,100,111,112,115,125,189.0,184.5,193.0,240.5,251.0,295.0,297.5,317.0,311.5,317.5,322.0,379.0,417.0,437.0,524.0,521.5,491.5,580.0,622.0,680.5,701.5,782.0,794.5,821.0,898.0
340,1,92,25,31,29,30,38,39,45,46,49,47,48,48,57,62,65,76,75,70,83,88,97,99,109,110,113,126.0,155.0,152.0,160.5,200.5,210.0,247.0,249.5,266.0,262.0,267.5,271.5,320.0,352.5,370.0,444.0,442.5,418.0,493.5,530.0,580.5,599.5,669.0,680.5,704.0
340,1,93,21,22,26,26,28,34,36,43,43,45,45,45,46,53,59,61,73,73,68,79,85,92,95,105,106,95.0,101.0,124.5,123.5,130.5,163.5,171.5,202.0,204.0,218.0,215.0,220.0,223.5,264.0,291.0,306.0,368.0,367.0,347.5,410.5,441.5,484.0,500.5,559.5,570.0
340,1,94,17,18,20,25,24,25,31,33,38,38,41,40,41,41,49,54,56,68,67,63,74,80,87,89,99,69.0,74.0,79.0,98.5,98.0,103.5,130.0,136.0,160.5,162.5,174.0,171.5,176.0,179.0,212.0,233.5,246.5,296.5,296.0,281.0,332.5,357.5,393.0,406.5,455.5
340,1,95,14,15,16,17,21,21,22,28,28,34,34,36,35,36,36,43,47,50,59,59,56,67,70,78,80,50.0,52.0,56.0,60.5,75.5,75.5,80.0,100.0,105.0,124.0,126.0,134.5,133.0,136.5,139.5,165.0,182.0,192.5,232.0,232.0,220.5,261.0,281.5,309.5,320.5
340,1,96,20,12,12,13,14,18,18,19,23,25,28,29,30,30,30,32,37,40,42,51,50,48,56,61,67,63.5,36.5,38.0,41.5,45.0,56.0,56.0,59.5,74.5,78.5,93.0,94.5,101.0,100.0,103.0,105.0,124.5,137.5,145.5,176.0,176.5,167.5,198.5,215.0,236.0
340,1,97,10,15,9,9,10,11,13,13,14,18,19,23,23,25,24,25,25,30,33,35,42,42,40,46,50,28.0,45.0,25.5,27.5,30.0,32.5,40.5,40.5,43.0,54.0,56.5,67.5,68.5,73.5,73.0,75.5,76.5,91.0,100.5,106.5,129.0,130.0,123.0,146.5,158.5
340,1,98,4,7,12,6,7,8,9,11,11,11,14,14,17,18,19,19,20,20,23,25,27,33,33,31,37,12.0,19.5,31.0,18.0,19.5,21.0,22.5,28.5,28.5,30.5,38.0,40.0,47.5,48.0,51.5,51.5,53.0,54.0,64.5,71.5,75.5,91.5,92.5,87.5,104.5
340,1,99,4,4,6,8,5,6,6,6,8,8,9,10,11,13,13,14,14,14,14,17,19,20,24,25,23,10.0,8.0,13.0,21.0,12.5,13.0,14.0,15.0,19.0,19.0,20.5,26.0,27.5,32.5,32.5,35.0,35.0,36.0,37.0,44.5,49.5,52.0,63.0,63.5,60.5
340,1,100,1,3,2,3,6,4,3,4,4,5,5,5,8,8,9,9,10,10,10,11,13,14,15,18,18,3.5,6.5,5.0,8.5,14.0,8.0,8.5,9.0,10.0,12.5,12.5,13.5,17.0,18.0,21.5,21.5,23.0,23.0,24.0,24.5,29.5,33.0,34.5,42.0,42.0
340,1,101,2,1,2,2,3,4,2,3,2,3,4,4,4,5,5,7,6,7,7,7,7,9,10,10,13,5.0,2.5,4.0,3.0,5.5,9.0,5.0,5.5,6.0,6.5,8.0,8.0,9.0,10.5,11.5,13.5,14.0,14.5,14.5,15.5,15.5,18.5,21.0,22.0,26.5
340,1,102,1,2,1,1,1,2,3,2,2,2,2,2,2,3,3,4,4,5,4,5,5,5,6,7,7,2.5,3.0,1.5,2.5,1.5,3.0,5.5,3.0,3.0,4.0,4.0,5.0,5.0,5.5,6.5,7.0,8.0,8.5,9.0,8.5,9.5,9.5,11.0,12.5,13.5
340,1,103,0,1,1,1,1,0,1,2,1,1,2,2,2,2,2,3,2,3,3,4,3,4,3,4,4,0.0,1.5,1.5,0.5,1.5,1.0,1.5,3.0,1.5,1.5,2.0,2.0,3.0,3.0,3.0,3.5,4.0,4.5,4.5,5.0,4.5,5.0,5.5,6.0,7.0
340,1,104,2,0,1,0,0,1,1,0,1,0,0,0,0,1,1,1,1,2,2,2,1,1,1,2,2,2.0,0.0,0.5,1.0,0.0,0.5,0.5,1.0,1.5,1.0,1.0,1.0,1.0,1.5,1.5,1.5,1.5,2.0,2.0,2.0,2.5,2.5,2.5,3.0,3.0
340,1,105+,0,0,1,0,1,0,0,0,1,1,1,1,1,1,1,0,1,1,1,1,1,2,2,2,2,0.0,1.0,0.5,0.0,0.5,0.0,0.0,0.0,0.5,0.5,0.5,0.5,0.5,0.5,0.5,1.0,1.5,1.5,1.5,1.5,1.5,2.0,2.0,2.0,2.0
340,2,80,37,41,42,46,49,47,51,52,57,57,60,59,59,65,68,65,67,69,69,72,69,65,63,67,66,1170.0,1276.5,1370.5,1459.0,1606.5,1576.5,1734.0,1778.5,2000.5,2030.5,2131.0,2136.5,2161.5,2445.0,2567.0,2536.5,2649.5,2733.5,2820.0,2938.5,2873.0,2807.0,2761.0,2941.0,2937.5
340,2,81,35,39,42,46,47,53,51,55,55,61,62,64,63,63,71,72,71,73,74,75,77,74,71,70,73,985.0,1105.0,1204.0,1322.0,1408.5,1551.5,1523.5,1676.0,1720.0,1935.5,1965.0,2063.0,2069.5,2094.5,2370.0,2489.0,2461.0,2571.5,2654.0,2739.0,2855.0,2792.5,2730.0,2686.0,2862.0
340,2,82,35,37,42,45,49,51,56,54,59,60,67,66,68,68,68,75,78,77,78,80,81,82,80,78,75,866.5,926.5,1037.5,1157.0,1271.0,1355.5,1493.0,1467.0,1614.5,1657.5,1866.0,1895.5,1991.0,1998.0,2023.0,2290.0,2406.5,2380.0,2488.0,2569.0,2652.5,2766.5,2707.0,2647.0,2605.5
340,2,83,37,37,39,44,48,53,56,60,58,63,64,71,72,74,72,72,81,84,82,85,85,88,91,87,83,798.0,811.0,866.0,992.0,1107.5,1217.0,1298.5,1431.0,1407.0,1549.5,1591.0,1792.0,1821.5,1914.0,1922.0,1947.0,2205.0,2318.5,2293.5,2399.0,2478.5,2560.0,2671.5,2615.5,2558.5
340,2,84,41,37,38,41,47,51,55,59,64,62,68,69,76,76,79,79,79,88,91,88,91,94,94,97,94,796.0,743.5,754.0,823.5,944.5,1055.0,1160.0,1238.0,1365.0,1343.0,1480.0,1520.5,1713.5,1742.5,1832.0,1841.0,1866.0,2114.0,2224.0,2201.5,2304.0,2381.5,2461.0,2569.5,2517.0
340,2,85,42,43,40,42,44,50,56,60,63,69,67,73,73,82,82,86,85,85,95,99,97,99,101,104,106,696.5,737.0,687.0,712.5,779.0,894.0,999.0,1099.5,1174.0,1295.0,1275.0,1405.5,1445.5,1629.5,1658.5,1744.5,1754.0,1779.0,2016.5,2122.5,2102.5,2202.0,2277.0,2354.5,2460.0
340,2,86,42,42,45,43,44,47,53,59,64,67,74,72,77,79,88,89,92,91,92,102,107,104,109,110,112,630.0,640.5,675.5,644.0,668.5,732.0,840.5,939.5,1034.5,1106.0,1220.5,1202.5,1326.5,1365.5,1540.0,1568.5,1650.5,1661.0,1685.5,1912.0,2013.5,1996.0,2091.5,2164.5,2239.5
340,2,87,46,44,45,48,45,46,50,56,62,68,72,78,76,84,85,94,95,99,99,98,111,114,112,116,119,586.5,574.0,582.0,627.5,599.0,622.5,682.5,784.0,877.0,966.0,1033.5,1141.5,1125.5,1242.5,1280.0,1445.0,1472.5,1550.5,1561.5,1585.5,1800.0,1897.0,1882.0,1973.0,2043.5
340,2,88,48,46,45,47,49,46,48,53,60,66,71,76,82,80,88,90,100,101,105,105,105,118,123,121,126,537.0,529.0,516.0,535.0,578.0,552.5,574.5,630.0,724.5,811.0,894.5,957.0,1058.5,1044.5,1153.5,1189.5,1344.0,1370.5,1444.5,1455.5,1479.5,1680.5,1773.0,1760.0,1846.5
340,2,89,42,49,47,47,48,52,49,50,54,62,68,75,79,88,86,93,95,107,108,112,111,112,127,132,130,406.0,478.0,469.5,469.0,486.5,526.5,504.0,524.5,575.5,662.5,742.0,819.5,877.5,971.0,959.0,1060.0,1094.0,1237.0,1262.5,1332.0,1343.5,1367.0,1553.5,1640.5,1629.5
340,2,90,44,42,49,48,48,49,53,51,52,57,65,72,79,83,91,89,97,100,112,114,119,119,120,134,141,372.0,356.5,417.5,420.5,421.0,437.5,473.5,453.5,473.0,519.5,598.5,671.0,741.5,795.0,880.0,870.0,963.0,994.5,1125.5,1149.5,1214.0,1226.0,1248.5,1420.0,1500.5
340,2,91,37,43,41,48,49,49,51,54,51,53,58,66,74,81,86,93,92,101,104,117,118,123,124,125,140,271.0,319.5,306.5,367.5,371.5,372.5,387.5,420.0,402.5,420.5,462.0,533.0,598.0,661.5,710.0,787.0,778.5,863.0,891.5,1010.0,1032.5,1092.0,1103.5,1125.0,1281.0
340,2,92,37,35,40,39,47,47,47,48,53,50,52,57,66,73,80,86,95,92,102,103,117,118,125,125,127,235.5,228.5,270.0,265.0,319.0,323.0,324.0,337.5,366.0,351.5,367.5,404.0,466.5,524.0,580.5,623.5,692.0,685.5,760.5,786.5,891.5,913.0,966.5,977.5,997.5
340,2,93,32,34,33,40,39,46,46,46,48,51,49,51,55,64,71,79,84,93,92,102,105,116,119,125,126,186.5,194.5,189.0,229.0,225.5,271.5,275.5,276.5,288.5,313.0,301.0,315.0,347.0,400.5,451.0,500.0,537.5,597.0,592.5,657.5,681.0,773.0,792.5,839.5,850.0
340,2,94,29,30,31,31,37,37,43,44,44,46,48,47,48,54,61,69,76,82,90,89,98,101,115,117,123,148.5,150.5,157.0,156.5,190.5,187.5,226.5,230.0,231.0,241.0,262.5,252.5,264.5,291.5,337.0,380.0,421.5,453.5,504.5,501.0,556.5,577.0,656.0,673.0,714.0
340,2,95,24,27,26,28,28,35,33,41,41,41,42,46,44,46,50,57,64,71,75,84,83,92,95,107,110,106.5,117.0,118.5,127.0,127.0,154.5,152.5,184.5,187.5,188.5,197.0,215.0,207.0,217.0,239.0,277.0,312.5,347.0,374.0,416.5,414.0,460.5,478.0,544.0,558.5
340,2,96,28,20,22,23,25,25,30,30,36,36,36,38,41,40,41,45,52,59,64,69,76,76,84,87,99,107.5,82.0,89.5,93.5,100.5,100.5,122.0,121.0,146.0,149.0,150.0,157.0,171.5,165.0,173.5,191.5,222.0,250.5,278.5,301.0,335.5,333.5,371.5,386.0,440.0
340,2,97,18,22,18,19,20,21,21,26,25,30,32,32,33,36,34,36,40,46,51,57,61,68,66,74,77,64.5,80.0,61.0,68.5,72.0,77.5,77.5,94.0,93.5,113.0,115.0,116.0,121.5,133.0,128.0,135.0,149.0,173.0,195.5,217.5,235.5,262.5,261.5,291.5,303.0
340,2,98,16,14,18,14,16,17,18,18,21,22,26,26,26,27,30,29,30,33,38,44,48,53,58,58,64,53.5,47.0,58.0,45.0,51.0,53.5,58.0,58.0,70.5,70.0,85.0,86.0,87.0,91.5,100.0,96.5,102.0,112.5,131.0,148.0,165.0,178.5,199.0,199.0,222.0
340,2,99,11,13,12,14,11,12,13,14,14,17,17,21,21,21,22,24,23,25,27,32,35,40,42,47,47,30.5,37.5,33.0,42.0,32.5,37.0,38.5,42.0,42.0,51.5,50.5,61.5,62.5,63.5,67.0,73.0,70.5,74.5,82.5,96.0,108.5,121.0,131.0,146.5,146.5
340,2,100,8,7,9,8,11,8,10,10,11,11,14,13,16,16,16,17,19,18,19,21,24,28,31,34,38,22.0,21.0,25.5,23.0,29.5,23.0,26.0,27.0,29.5,29.5,36.0,35.5,43.0,44.0,45.0,47.5,51.5,50.0,52.5,58.5,68.0,77.0,85.5,93.0,104.0
340,2,101,6,6,6,8,7,8,7,7,8,8,8,10,10,12,12,13,14,15,14,15,17,20,22,24,26,14.0,14.5,14.0,17.0,15.5,20.0,15.5,17.5,18.0,20.0,20.0,24.0,24.0,29.0,30.0,30.5,32.0,34.5,34.0,35.5,39.5,46.0,52.0,58.0,63.0
340,2,102,4,5,4,4,5,5,6,4,6,5,6,6,7,7,9,9,9,10,10,11,11,12,14,16,18,8.0,8.5,9.0,9.0,10.5,9.5,13.0,10.0,11.0,11.5,13.0,13.0,15.5,15.5,18.5,19.5,19.5,20.0,22.0,21.5,22.5,25.0,29.0,33.0,37.0
340,2,103,3,3,2,3,3,3,3,4,4,3,4,4,4,5,5,6,7,6,6,7,7,7,8,9,10,4.5,4.5,5.0,5.5,5.5,6.5,5.5,8.0,6.0,6.5,7.0,8.0,8.0,9.5,9.5,11.0,11.5,12.0,12.0,13.5,12.5,13.5,15.0,17.5,20.0
340,2,104,2,1,1,2,2,2,2,2,3,2,2,2,3,3,3,3,4,3,4,4,5,4,5,5,6,3.0,2.5,2.5,3.0,3.0,3.0,4.0,3.0,4.5,3.0,4.0,4.0,4.5,4.5,5.5,5.5,6.0,6.5,7.0,7.0,7.5,7.0,7.5,8.5,10.0
340,2,105+,5,3,3,2,2,2,2,3,2,3,2,3,3,3,2,4,4,3,5,5,5,5,5,4,6,6.5,4.5,3.5,3.0,3.0,3.0,3.0,3.5,3.0,3.5,3.0,3.5,3.5,3.5,4.0,5.0,5.0,5.5,6.5,6.5,6.5,6.5,6.5,7.0,8.0
