Region,Civilstand,Alder,Kon,BE0101N1 2006,BE0101N1 2007,BE0101N1 2008,BE0101N1 2009,BE0101N1 2010,BE0101N1 2011,BE0101N1 2012,BE0101N1 2013,BE0101N1 2014,BE0101N1 2015,BE0101N1 2016,BE0101N1 2017,BE0101N1 2018,BE0101N1 2019,BE0101N1 2020,BE0101N1 2021,BE0101N1 2022,BE0101N1 2023,BE0101N1 2024
2580,OG,0,1,414,402,403,410,417,402,376,396,429,388,405,387,375,388,393,369,339,368,329
2580,OG,0,2,392,393,367,387,383,381,355,365,389,343,387,381,387,367,367,402,319,283,293
2580,OG,1,1,377,399,418,409,413,418,413,378,403,426,382,413,391,383,404,403,386,348,376
2580,OG,1,2,378,392,401,370,398,383,395,348,378,388,353,403,376,382,377,379,406,310,290
2580,OG,2,1,367,380,405,422,404,421,423,410,380,402,436,409,412,393,387,405,400,383,350
2580,OG,2,2,361,377,388,395,376,411,386,389,345,380,404,363,400,379,388,385,396,403,310
2580,OG,3,1,355,359,380,407,420,395,431,427,417,386,407,439,407,432,394,394,405,413,381
2580,OG,3,2,361,362,388,390,395,382,417,391,393,345,377,425,363,391,388,399,401,398,402
2580,OG,4,1,376,352,361,380,413,429,402,434,436,420,394,417,446,408,433,392,389,400,411
2580,OG,4,2,336,361,366,386,399,391,381,421,395,398,345,391,430,364,398,390,408,402,394
2580,OG,5,1,354,376,356,365,386,417,429,411,432,441,427,402,425,448,417,436,401,393,395
2580,OG,5,2,376,334,366,365,390,400,396,386,420,395,398,355,395,433,373,402,392,407,402
2580,OG,6,1,390,359,377,353,371,385,413,435,426,436,442,446,397,432,458,423,439,395,386
2580,OG,6,2,337,375,333,370,372,391,407,395,390,420,395,413,364,396,430,375,403,388,406
2580,OG,7,1,349,391,356,373,351,374,388,416,438,424,440,443,453,392,431,463,430,436,401
2580,OG,7,2,331,340,380,337,370,378,398,402,402,392,419,395,416,368,392,434,375,398,390
2580,OG,8,1,362,346,394,352,376,354,374,390,419,446,436,437,453,454,398,433,462,427,438
2580,OG,8,2,335,321,340,379,341,375,387,403,405,393,392,424,398,413,369,394,439,381,396
2580,OG,9,1,371,366,347,394,358,377,359,379,394,415,442,455,440,453,451,406,434,456,428
2580,OG,9,2,356,340,328,341,389,339,376,389,405,409,394,394,429,395,413,368,396,442,388
2580,OG,10,1,395,364,371,347,397,359,381,358,378,397,414,447,454,447,448,460,411,435,450
2580,OG,10,2,383,349,338,328,338,396,342,377,389,405,413,401,394,427,391,405,374,401,447
2580,OG,11,1,389,397,369,375,349,402,359,374,358,377,407,424,450,452,442,444,461,413,435
2580,OG,11,2,394,381,357,340,329,331,386,345,377,386,407,420,401,396,428,393,409,374,401
2580,OG,12,1,473,389,400,368,375,350,406,358,374,358,378,413,428,455,442,448,447,458,418
2580,OG,12,2,397,391,388,352,347,330,334,388,352,379,388,412,422,406,400,430,399,408,378
2580,OG,13,1,490,474,399,398,367,367,351,408,366,374,366,390,414,435,455,447,446,446,467
2580,OG,13,2,442,397,399,388,355,350,328,332,391,355,380,387,418,422,407,397,433,400,411
2580,OG,14,1,496,489,469,404,402,367,374,355,403,365,385,376,396,420,429,452,445,449,452
2580,OG,14,2,495,441,401,392,386,354,355,333,339,390,357,387,385,425,425,412,407,430,405
2580,OG,15,1,541,501,494,479,399,402,381,377,360,408,373,392,384,394,420,433,457,450,459
2580,OG,15,2,521,501,451,400,392,385,352,353,343,338,393,360,384,384,422,425,413,408,429
2580,OG,16,1,552,538,503,507,482,405,409,394,375,372,411,387,403,396,400,418,438,469,458
2580,OG,16,2,479,528,498,458,398,405,386,360,359,348,344,395,357,396,385,425,431,409,412
2580,OG,17,1,497,552,548,516,506,492,422,420,405,386,397,431,395,404,399,402,431,440,473
2580,OG,17,2,492,475,538,498,456,402,397,385,361,356,353,342,399,361,393,391,426,436,417
2580,OG,18,1,484,499,562,551,521,509,503,434,426,406,404,444,444,404,407,405,405,437,436
2580,OG,18,2,461,489,480,530,506,457,397,392,387,372,363,362,344,400,360,396,399,423,450
2580,OG,19,1,531,581,603,679,658,650,649,599,539,543,532,550,626,568,581,531,510,494,517
2580,OG,19,2,490,521,543,539,594,565,522,447,437,424,410,404,399,387,460,435,450,446,492
2580,OG,20,1,602,593,623,700,707,702,697,789,712,602,614,621,666,702,703,696,629,600,599
2580,OG,20,2,525,526,542,585,570,632,589,586,492,469,461,455,438,437,471,511,455,518,483
2580,OG,21,1,636,594,605,723,715,737,761,746,801,742,671,681,647,702,769,752,719,643,651
2580,OG,21,2,493,537,507,568,586,581,637,630,601,510,492,475,460,441,445,485,519,478,510
2580,OG,22,1,584,591,605,632,712,725,752,773,770,799,771,691,704,654,709,753,714,709,637
2580,OG,22,2,498,494,510,507,543,563,587,618,612,586,535,513,471,464,427,452,510,518,452
2580,OG,23,1,598,558,580,607,616,698,725,731,768,762,791,752,685,697,659,690,765,717,697
2580,OG,23,2,429,456,476,488,474,514,562,579,616,615,576,527,512,445,479,421,455,499,515
2580,OG,24,1,570,561,514,556,576,614,647,677,702,726,735,724,685,624,629,593,644,714,673
2580,OG,24,2,391,401,439,436,447,453,459,510,550,573,572,527,462,475,434,455,429,444,465
2580,OG,25,1,562,500,525,500,508,532,575,618,640,647,696,690,647,640,592,600,558,623,681
2580,OG,25,2,404,338,366,414,398,423,434,443,466,504,535,529,494,428,440,413,425,431,451
2580,OG,26,1,512,526,455,489,464,494,495,538,559,599,619,669,639,596,605,557,561,518,578
2580,OG,26,2,365,358,332,324,364,365,387,393,422,418,476,505,508,470,420,429,407,416,393
2580,OG,27,1,437,453,479,430,462,432,488,476,517,532,555,586,623,608,579,598,534,547,511
2580,OG,27,2,357,355,342,316,307,318,330,359,386,387,402,447,460,457,443,402,406,389,387
2580,OG,28,1,423,400,441,436,408,434,415,471,453,479,496,525,561,596,590,545,577,519,522
2580,OG,28,2,316,331,323,301,294,286,314,332,349,359,369,379,408,427,438,436,387,402,371
2580,OG,29,1,401,389,379,420,418,359,411,394,448,436,451,483,519,529,587,577,520,565,500
2580,OG,29,2,315,276,300,297,277,259,290,301,315,339,335,369,376,374,416,404,418,388,384
2580,OG,30,1,397,374,353,369,405,396,335,378,380,420,419,435,458,504,509,547,551,507,566
2580,OG,30,2,300,276,267,269,280,245,251,272,289,298,320,311,346,368,374,385,387,401,369
2580,OG,31,1,401,374,353,315,347,366,368,334,354,349,398,412,410,441,494,503,541,525,493
2580,OG,31,2,290,277,258,254,248,259,228,238,248,269,281,303,300,329,353,377,367,390,389
2580,OG,32,1,399,371,351,349,297,323,338,350,331,336,336,380,401,391,432,467,488,523,515
2580,OG,32,2,290,266,252,249,240,224,248,230,230,240,251,265,295,289,323,348,357,361,374
2580,OG,33,1,373,372,350,336,319,273,298,334,330,304,328,331,354,385,387,431,442,475,504
2580,OG,33,2,280,274,247,238,239,227,221,241,224,219,236,238,248,270,266,321,337,352,355
2580,OG,34,1,335,347,356,324,330,285,264,286,311,308,299,309,315,334,369,387,422,435,455
2580,OG,34,2,252,268,263,233,224,224,212,215,237,216,212,227,227,228,259,266,317,330,337
2580,OG,35,1,322,319,324,345,297,307,273,263,255,301,305,289,292,293,330,355,380,410,422
2580,OG,35,2,234,231,252,246,212,209,206,201,195,215,208,206,213,218,219,256,267,298,316
2580,OG,36,1,325,310,304,304,338,272,297,268,257,250,278,275,271,276,299,324,346,366,389
2580,OG,36,2,273,228,214,236,239,210,200,200,193,190,210,191,191,197,221,209,249,251,286
2580,OG,37,1,313,308,297,296,289,314,266,286,252,242,226,266,258,259,262,281,312,329,357
2580,OG,37,2,218,260,213,208,219,235,205,191,191,177,180,198,180,185,192,210,199,243,242
2580,OG,38,1,306,278,296,287,278,275,301,257,269,238,239,221,259,253,249,258,258,305,312
2580,OG,38,2,261,210,255,205,205,213,216,195,177,182,167,169,193,177,184,194,211,196,242
2580,OG,39,1,337,300,269,282,272,274,255,278,257,261,221,234,214,247,245,240,256,249,288
2580,OG,39,2,227,251,202,240,205,195,210,209,187,174,178,161,164,191,171,183,191,203,196
2580,OG,40,1,309,318,288,259,275,254,260,244,269,242,246,211,228,210,242,230,227,240,246
2580,OG,40,2,257,207,242,201,230,188,177,199,207,177,164,168,157,156,178,172,172,185,197
2580,OG,41,1,309,293,302,274,253,262,238,250,244,259,233,236,210,222,204,237,223,215,232
2580,OG,41,2,237,247,206,234,197,231,178,167,193,198,177,164,164,154,149,184,169,165,175
2580,OG,42,1,282,302,279,285,263,240,248,224,249,235,258,226,227,202,217,199,227,219,208
2580,OG,42,2,218,230,242,199,231,188,218,172,164,186,193,167,156,163,153,145,178,161,162
2580,OG,43,1,267,259,292,265,273,260,227,245,219,238,221,246,216,225,194,204,194,224,213
2580,OG,43,2,192,212,226,238,191,223,185,214,174,160,189,188,168,152,163,150,142,177,156
2580,OG,44,1,266,260,254,282,266,262,252,219,240,214,231,205,246,211,217,194,195,191,223
2580,OG,44,2,178,189,204,217,225,188,216,182,208,164,158,179,182,165,150,162,149,144,180
2580,OG,45,1,208,262,260,249,275,256,251,241,215,231,215,221,203,239,216,214,193,189,180
2580,OG,45,2,166,176,182,203,203,218,179,210,177,203,165,151,178,179,163,145,160,147,143
2580,OG,46,1,206,198,253,248,236,262,241,242,234,208,219,209,216,201,230,206,208,192,191
2580,OG,46,2,152,161,172,183,200,204,220,173,204,176,200,157,147,175,170,160,140,157,145
2580,OG,47,1,187,196,187,249,239,222,251,234,231,229,195,217,205,210,200,231,206,208,190
2580,OG,47,2,147,150,160,169,177,191,193,213,172,198,170,197,155,149,176,170,161,134,154
2580,OG,48,1,195,178,196,184,243,233,216,250,226,231,220,190,208,200,208,198,227,204,201
2580,OG,48,2,131,146,144,160,166,166,187,194,208,166,187,168,188,152,145,172,168,162,135
2580,OG,49,1,189,190,177,189,173,240,231,214,243,220,225,207,191,206,197,205,193,223,203
2580,OG,49,2,161,128,142,142,157,163,162,189,194,204,165,183,169,189,150,143,171,160,163
2580,OG,50,1,153,184,181,175,184,169,232,221,211,235,214,222,205,186,198,194,201,192,218
2580,OG,50,2,144,160,127,139,134,149,159,158,189,191,195,165,181,165,185,146,143,168,158
2580,OG,51,1,143,154,176,176,171,177,165,226,213,206,231,211,216,200,183,197,194,202,187
2580,OG,51,2,103,140,148,127,139,137,147,151,156,182,188,194,165,176,161,180,145,142,169
2580,OG,52,1,160,140,147,174,169,173,170,165,221,208,201,227,201,213,194,179,188,186,201
2580,OG,52,2,120,101,138,150,125,137,136,145,148,148,176,184,190,158,173,155,179,150,138
2580,OG,53,1,138,152,137,140,172,167,170,165,154,212,204,197,215,197,206,189,180,184,182
2580,OG,53,2,106,118,98,135,148,120,133,133,142,147,142,171,170,189,153,170,152,179,146
2580,OG,54,1,139,137,148,131,133,169,166,161,168,148,203,196,195,214,193,200,187,177,181
2580,OG,54,2,105,104,117,94,136,143,119,129,131,136,143,141,168,166,187,150,170,151,176
2580,OG,55,1,136,138,134,147,130,132,163,165,160,161,145,199,192,196,207,192,196,183,171
2580,OG,55,2,94,100,103,114,90,134,140,116,122,130,128,141,142,171,160,184,153,168,145
2580,OG,56,1,140,134,136,133,148,123,130,161,159,160,155,140,200,192,192,203,191,190,182
2580,OG,56,2,95,95,96,99,111,86,131,140,113,122,123,126,140,140,172,158,182,152,164
2580,OG,57,1,115,138,130,131,133,146,119,126,156,155,156,154,140,196,188,186,201,185,181
2580,OG,57,2,83,95,93,97,100,106,83,130,137,110,119,119,122,134,139,166,156,180,152
2580,OG,58,1,87,112,135,125,133,123,145,117,125,148,153,153,152,135,195,181,185,203,181
2580,OG,58,2,82,85,90,93,95,98,105,83,127,137,109,116,116,122,133,138,169,159,179
2580,OG,59,1,114,85,106,130,125,130,119,142,109,120,143,149,149,150,130,190,176,181,197
2580,OG,59,2,68,81,83,89,90,94,99,104,81,123,135,108,116,112,123,132,135,164,155
2580,OG,60,1,97,112,81,101,132,116,126,112,136,107,112,136,141,146,148,129,182,172,179
2580,OG,60,2,65,68,81,83,88,91,93,96,100,81,119,131,110,114,110,120,131,130,162
2580,OG,61,1,66,95,104,80,99,129,114,120,108,136,104,111,130,135,141,143,126,176,169
2580,OG,61,2,63,65,66,79,84,88,91,93,95,103,79,117,127,111,113,111,119,128,124
2580,OG,62,1,70,67,95,97,77,101,127,112,112,103,132,99,108,126,131,140,137,124,165
2580,OG,62,2,37,61,63,66,76,83,86,88,94,93,101,79,117,120,108,113,106,117,129
2580,OG,63,1,54,67,64,95,95,73,98,124,111,109,101,124,97,106,118,128,135,132,127
2580,OG,63,2,41,36,59,62,67,74,82,80,87,93,90,98,73,120,121,105,109,107,115
2580,OG,64,1,56,53,62,64,93,95,69,95,119,108,107,99,120,96,102,116,126,133,127
2580,OG,64,2,20,40,36,59,60,64,72,81,77,85,90,85,97,73,113,120,102,108,106
2580,OG,65,1,39,50,52,60,60,89,89,67,93,116,107,105,97,119,90,98,112,121,127
2580,OG,65,2,25,19,37,37,59,59,64,72,83,73,81,89,83,97,74,112,117,101,107
2580,OG,66,1,54,38,49,51,60,58,88,89,62,89,109,104,100,93,117,87,97,110,118
2580,OG,66,2,25,25,19,37,35,59,57,64,71,80,73,77,86,82,92,72,110,117,100
2580,OG,67,1,37,52,38,49,50,60,59,86,84,61,86,106,104,96,90,113,86,96,109
2580,OG,67,2,27,25,25,19,37,35,60,56,63,70,81,72,77,85,78,91,69,107,117
2580,OG,68,1,35,35,51,36,49,49,57,58,82,79,60,86,100,98,92,87,110,83,96
2580,OG,68,2,22,27,25,25,18,36,34,59,56,63,68,79,69,78,84,76,87,70,104
2580,OG,69,1,17,33,34,49,35,47,49,56,58,80,76,58,83,98,92,88,86,110,79
2580,OG,69,2,16,22,25,25,25,18,36,34,58,54,62,66,76,67,75,84,75,84,69
2580,OG,70,1,36,17,31,33,49,35,47,50,55,56,75,74,56,82,95,90,85,82,109
2580,OG,70,2,18,16,21,25,23,26,18,36,34,57,53,59,65,76,65,75,83,74,82
2580,OG,71,1,29,33,16,30,33,49,33,46,49,52,55,74,73,57,78,88,89,86,83
2580,OG,71,2,18,18,17,21,26,23,26,18,35,33,56,51,57,61,73,62,70,83,72
2580,OG,72,1,22,30,32,14,24,33,47,33,45,47,48,55,72,72,53,72,87,86,83
2580,OG,72,2,21,19,18,17,21,26,22,26,18,36,32,52,50,57,62,75,59,71,80
2580,OG,73,1,25,19,28,32,14,22,33,45,32,44,46,48,51,66,70,52,71,80,85
2580,OG,73,2,13,21,19,18,16,21,25,23,25,18,35,31,53,48,55,62,71,58,72
2580,OG,74,1,30,24,16,27,29,13,20,32,45,30,44,45,46,49,64,70,51,70,79
2580,OG,74,2,15,13,19,19,19,16,21,24,23,24,19,34,30,54,47,53,61,69,55
2580,OG,75,1,10,30,22,15,27,27,13,18,30,45,30,41,45,44,45,59,67,49,69
2580,OG,75,2,13,15,13,19,18,19,16,21,23,22,22,19,33,30,52,47,51,61,68
2580,OG,76,1,14,8,29,20,15,23,26,12,18,30,41,30,39,46,39,43,55,66,47
2580,OG,76,2,13,13,15,12,18,18,18,16,20,23,21,21,19,33,28,51,42,51,58
2580,OG,77,1,22,12,7,30,20,14,23,23,13,17,30,40,29,39,46,38,42,49,65
2580,OG,77,2,11,12,13,12,12,16,17,18,16,19,24,21,20,17,33,28,50,40,51
2580,OG,78,1,12,21,11,6,28,18,13,22,22,13,17,29,38,30,38,43,36,41,49
2580,OG,78,2,14,11,11,13,12,12,16,16,18,15,18,21,21,18,17,30,30,47,40
2580,OG,79,1,18,12,17,11,6,26,16,13,22,19,13,14,28,35,28,36,38,32,39
2580,OG,79,2,13,13,10,10,14,12,12,14,16,16,13,16,21,20,16,17,30,25,46
2580,G,0,1,0,0,0,0,0,0,0,0,0,0,0,0,0,0,0,0,0,0,0
2580,G,0,2,0,0,0,0,0,0,0,0,0,0,0,0,0,0,0,0,0,0,0
2580,G,1,1,0,0,0,0,0,0,0,0,0,0,0,0,0,0,0,0,0,0,0
2580,G,1,2,0,0,0,0,0,0,0,0,0,0,0,0,0,0,0,0,0,0,0
2580,G,2,1,0,0,0,0,0,0,0,0,0,0,0,0,0,0,0,0,0,0,0
2580,G,2,2,0,0,0,0,0,0,0,0,0,0,0,0,0,0,0,0,0,0,0
2580,G,3,1,0,0,0,0,0,0,0,0,0,0,0,0,0,0,0,0,0,0,0
2580,G,3,2,0,0,0,0,0,0,0,0,0,0,0,0,0,0,0,0,0,0,0
2580,G,4,1,0,0,0,0,0,0,0,0,0,0,0,0,0,0,0,0,0,0,0
2580,G,4,2,0,0,0,0,0,0,0,0,0,0,0,0,0,0,0,0,0,0,0
2580,G,5,1,0,0,0,0,0,0,0,0,0,0,0,0,0,0,0,0,0,0,0
2580,G,5,2,0,0,0,0,0,0,0,0,0,0,0,0,0,0,0,0,0,0,0
2580,G,6,1,0,0,0,0,0,0,0,0,0,0,0,0,0,0,0,0,0,0,0
2580,G,6,2,0,0,0,0,0,0,0,0,0,0,0,0,0,0,0,0,0,0,0
2580,G,7,1,0,0,0,0,0,0,0,0,0,0,0,0,0,0,0,0,0,0,0
2580,G,7,2,0,0,0,0,0,0,0,0,0,0,0,0,0,0,0,0,0,0,0
2580,G,8,1,0,0,0,0,0,0,0,0,0,0,0,0,0,0,0,0,0,0,0
2580,G,8,2,0,0,0,0,0,0,0,0,0,0,0,0,0,0,0,0,0,0,0
2580,G,9,1,0,0,0,0,0,0,0,0,0,0,0,0,0,0,0,0,0,0,0
2580,G,9,2,0,0,0,0,0,0,0,0,0,0,0,0,0,0,0,0,0,0,0
2580,G,10,1,0,0,0,0,0,0,0,0,0,0,0,0,0,0,0,0,0,0,0
2580,G,10,2,0,0,0,0,0,0,0,0,0,0,0,0,0,0,0,0,0,0,0
2580,G,11,1,0,0,0,0,0,0,0,0,0,0,0,0,0,0,0,0,0,0,0
2580,G,11,2,0,0,0,0,0,0,0,0,0,0,0,0,0,0,0,0,0,0,0
2580,G,12,1,0,0,0,0,0,0,0,0,0,0,0,0,0,0,0,0,0,0,0
2580,G,12,2,0,0,0,0,0,0,0,0,0,0,0,0,0,0,0,0,0,0,0
2580,G,13,1,0,0,0,0,0,0,0,0,0,0,0,0,0,0,0,0,0,0,0
2580,G,13,2,0,0,0,0,0,0,0,0,0,0,0,0,0,0,0,0,0,0,0
2580,G,14,1,0,0,0,0,0,0,0,0,0,0,0,0,0,0,0,0,0,0,0
2580,G,14,2,0,0,0,0,0,0,0,0,0,0,0,0,0,0,0,0,0,0,0
2580,G,15,1,0,0,0,0,0,0,0,0,0,0,0,0,0,0,0,0,0,0,0
2580,G,15,2,0,0,0,0,0,0,0,0,0,0,0,0,0,0,0,0,0,0,0
2580,G,16,1,0,0,0,0,0,0,0,0,0,0,0,0,0,0,0,0,0,0,0
2580,G,16,2,0,0,0,0,0,0,0,0,0,0,0,0,0,0,0,0,0,0,0
2580,G,17,1,0,0,0,0,0,0,0,0,0,0,0,0,0,0,0,0,0,0,0
2580,G,17,2,0,0,0,0,0,0,0,0,0,0,0,0,0,0,0,0,0,0,0
2580,G,18,1,0,0,0,0,0,0,1,0,0,0,0,0,0,0,0,0,0,0,0
2580,G,18,2,1,1,0,2,0,0,1,0,0,0,0,0,0,0,0,0,0,1,0
2580,G,19,1,0,1,0,2,1,0,0,0,1,1,0,0,0,0,0,0,2,0,0
2580,G,19,2,4,3,5,5,2,2,4,2,1,1,1,1,4,3,1,1,2,0,2
2580,G,20,1,2,0,4,0,3,3,1,1,1,2,3,1,2,1,1,1,1,1,1
2580,G,20,2,3,8,7,8,6,6,4,6,6,8,4,4,5,5,5,2,3,3,2
2580,G,21,1,3,3,3,6,1,3,4,3,4,3,5,5,3,4,3,2,0,3,2
2580,G,21,2,17,7,14,12,11,7,11,8,13,8,13,7,5,8,7,8,4,7,8
2580,G,22,1,5,6,5,5,7,5,8,7,7,6,10,10,7,6,5,9,3,4,4
2580,G,22,2,15,20,14,23,15,12,13,13,14,13,13,17,14,11,9,13,10,8,12
2580,G,23,1,15,10,10,8,9,12,10,10,7,9,11,16,14,13,6,8,19,7,7
2580,G,23,2,26,25,27,23,29,27,24,17,16,13,27,18,29,23,16,9,15,14,9
2580,G,24,1,14,23,16,13,11,12,20,17,18,11,22,16,23,17,21,10,15,20,12
2580,G,24,2,27,28,28,37,30,30,38,34,28,25,28,34,29,33,31,20,14,17,21
2580,G,25,1,20,14,22,17,27,20,16,27,25,14,25,25,28,27,24,21,14,15,33
2580,G,25,2,37,41,34,43,43,48,44,49,48,42,41,49,35,40,39,31,28,19,27
2580,G,26,1,23,21,23,39,28,33,31,26,39,30,31,27,38,32,32,23,23,25,18
2580,G,26,2,49,43,51,51,70,52,63,62,68,66,55,54,55,42,38,50,43,31,33
2580,G,27,1,45,31,32,38,46,36,41,41,40,51,37,38,30,45,39,41,34,35,35
2580,G,27,2,84,56,50,56,67,96,73,76,75,93,88,76,81,71,58,50,61,50,46
2580,G,28,1,50,54,42,42,54,51,52,54,58,65,70,51,57,50,57,46,53,41,45
2580,G,28,2,79,97,68,69,79,91,112,90,95,89,104,101,103,102,88,67,75,69,62
2580,G,29,1,72,53,63,57,74,80,70,64,71,74,74,79,58,58,58,63,52,64,49
2580,G,29,2,95,97,111,94,96,92,96,116,109,107,107,124,115,110,112,104,85,90,78
2580,G,30,1,96,81,72,77,78,88,95,88,81,86,90,98,102,75,70,69,90,65,76
2580,G,30,2,103,110,105,131,110,103,105,109,119,134,129,146,135,127,112,126,122,94,112
2580,G,31,1,75,109,97,100,99,97,104,107,106,101,104,114,118,121,89,80,78,98,81
2580,G,31,2,131,111,125,126,145,131,133,121,126,140,160,142,156,156,138,124,140,141,105
2580,G,32,1,98,102,126,110,108,123,115,112,116,120,114,115,129,140,133,97,92,91,112
2580,G,32,2,134,159,133,127,138,164,143,144,138,142,144,172,152,174,169,139,150,156,156
2580,G,33,1,122,118,115,136,127,127,133,117,127,131,130,133,126,142,149,142,121,105,110
2580,G,33,2,149,143,161,141,140,164,171,158,164,148,153,170,180,175,190,173,161,152,167
2580,G,34,1,135,146,131,136,147,138,138,139,141,132,149,154,152,139,152,161,157,125,122
2580,G,34,2,174,162,160,165,156,152,178,179,176,170,162,152,173,184,187,195,185,163,167
2580,G,35,1,158,149,162,143,151,160,145,150,149,157,150,159,172,165,142,155,178,175,146
2580,G,35,2,200,188,178,168,184,171,171,185,201,182,173,180,170,190,180,201,193,196,160
2580,G,36,1,155,170,159,166,147,168,178,155,164,162,175,172,153,194,167,149,170,181,197
2580,G,36,2,195,206,212,194,181,197,180,174,195,209,180,192,180,174,194,197,216,195,211
2580,G,37,1,184,166,183,162,183,163,184,187,175,167,171,189,181,162,198,179,165,173,177
2580,G,37,2,208,202,219,225,205,196,203,196,190,204,225,189,208,190,181,202,199,220,200
2580,G,38,1,180,198,169,188,178,202,180,192,208,190,170,177,198,185,165,206,195,170,175
2580,G,38,2,225,208,213,222,229,213,213,210,205,196,214,231,198,209,193,188,202,205,222
2580,G,39,1,245,180,210,177,203,188,218,194,190,220,201,182,184,207,190,170,203,204,178
2580,G,39,2,216,228,221,222,222,240,219,222,209,208,198,218,237,202,212,205,193,207,211
2580,G,40,1,204,254,193,219,182,215,207,224,205,196,238,213,187,191,218,195,181,205,209
2580,G,40,2,243,231,230,227,231,233,259,222,219,218,220,215,217,233,204,215,207,197,225
2580,G,41,1,216,203,265,203,219,190,227,213,220,208,213,240,207,200,194,222,199,179,210
2580,G,41,2,238,248,240,239,226,231,247,259,236,225,215,220,212,218,239,204,223,207,199
2580,G,42,1,214,223,212,275,213,240,192,228,224,222,204,221,245,208,198,201,229,196,181
2580,G,42,2,251,244,256,243,241,230,243,248,261,231,224,228,224,215,213,246,208,223,205
2580,G,43,1,226,213,236,233,279,220,247,192,232,221,234,210,226,242,207,201,205,225,197
2580,G,43,2,225,254,240,251,251,241,234,248,249,272,238,213,226,222,213,212,250,209,226
2580,G,44,1,208,222,217,244,236,283,224,245,199,237,218,247,201,233,235,206,206,202,222
2580,G,44,2,236,218,259,244,258,244,247,230,259,250,275,241,208,221,216,215,209,246,218
2580,G,45,1,197,211,219,217,257,235,295,224,254,210,236,218,258,206,232,241,208,203,204
2580,G,45,2,216,236,211,256,255,262,252,252,232,264,249,281,244,213,225,215,211,210,246
2580,G,46,1,216,199,213,224,230,262,240,299,232,256,228,245,216,254,212,230,242,206,207
2580,G,46,2,251,218,241,210,266,258,257,249,256,230,267,256,286,249,214,225,211,215,207
2580,G,47,1,218,218,207,208,226,238,266,246,304,233,266,235,243,221,247,210,233,243,213
2580,G,47,2,243,243,217,242,213,266,267,261,248,265,240,269,260,285,243,217,221,215,214
2580,G,48,1,239,224,219,208,210,226,246,264,244,303,239,268,233,240,223,250,209,235,236
2580,G,48,2,228,242,242,215,247,219,273,268,262,246,274,236,272,268,284,236,218,218,222
2580,G,49,1,218,238,223,222,213,214,234,251,266,242,305,240,267,244,237,226,246,207,233
2580,G,49,2,247,229,238,231,217,246,230,277,270,277,259,274,235,265,262,281,239,215,216
2580,G,50,1,251,223,249,223,223,212,220,242,257,275,248,309,242,267,246,229,223,246,206
2580,G,50,2,271,254,238,234,237,224,251,228,279,273,277,260,278,233,267,263,282,238,218
2580,G,51,1,247,257,227,249,222,226,214,222,247,263,276,255,311,243,264,243,228,224,242
2580,G,51,2,252,272,253,229,234,237,216,255,230,286,274,276,264,277,231,254,267,272,238
2580,G,52,1,245,238,255,220,252,223,227,216,218,251,262,270,264,318,248,268,248,231,220
2580,G,52,2,227,249,267,256,229,236,240,214,252,232,288,279,274,255,271,236,251,266,272
2580,G,53,1,267,248,231,255,223,249,219,228,221,220,254,265,271,258,314,244,263,246,233
2580,G,53,2,254,222,250,263,247,227,233,242,214,252,236,291,282,274,256,270,239,251,266
2580,G,54,1,270,265,247,223,260,211,250,225,226,219,222,255,261,271,258,315,248,261,244
2580,G,54,2,279,252,222,250,262,242,222,232,242,218,255,232,293,286,272,255,270,237,252
2580,G,55,1,254,268,267,253,221,259,217,248,222,227,228,223,255,261,281,259,319,245,263
2580,G,55,2,283,281,256,228,248,261,243,215,231,233,225,253,230,288,289,281,252,270,236
2580,G,56,1,274,255,262,270,255,225,257,215,252,227,234,231,224,256,264,279,257,318,246
2580,G,56,2,283,281,278,254,225,242,260,235,219,229,231,221,249,232,287,282,283,255,267
2580,G,57,1,308,277,254,258,266,256,227,253,219,247,238,233,232,225,257,263,278,259,323
2580,G,57,2,289,283,279,271,256,228,238,266,236,226,231,235,223,251,232,285,276,286,253
2580,G,58,1,299,310,277,254,256,266,257,223,255,225,248,238,238,236,220,259,262,274,262
2580,G,58,2,321,283,282,277,266,256,231,238,267,234,230,227,236,218,249,230,282,278,284
2580,G,59,1,316,305,307,270,251,258,267,255,224,258,223,249,237,233,236,225,259,263,273
2580,G,59,2,293,320,280,283,276,261,254,229,239,268,233,223,227,235,211,245,231,281,276
2580,G,60,1,288,315,300,302,267,253,261,262,254,223,261,222,254,239,232,238,225,258,265
2580,G,60,2,336,290,321,280,279,276,258,253,229,238,269,228,225,224,229,210,240,228,283
2580,G,61,1,324,288,313,300,294,261,255,258,263,249,218,253,227,257,232,232,234,226,255
2580,G,61,2,289,335,289,314,279,278,273,255,248,224,239,269,227,224,218,231,205,240,229
2580,G,62,1,287,320,282,312,301,293,267,252,257,269,250,216,254,223,253,235,229,233,230
2580,G,62,2,275,285,327,286,308,274,275,267,251,244,220,237,267,228,223,213,236,200,240
2580,G,63,1,284,283,323,279,309,292,284,272,248,256,273,244,215,253,224,251,236,225,225
2580,G,63,2,269,273,278,320,281,302,272,273,269,244,238,214,239,261,223,224,213,228,201
2580,G,64,1,255,279,282,319,278,306,290,281,266,242,253,265,248,213,245,221,247,233,225
2580,G,64,2,248,262,270,271,313,276,300,267,270,264,237,234,213,238,255,224,219,211,227
2580,G,65,1,236,250,270,275,309,273,298,286,276,264,238,248,263,250,215,240,217,244,230
2580,G,65,2,240,243,252,264,262,308,274,293,255,270,264,238,234,208,237,246,223,217,203
2580,G,66,1,251,233,251,263,268,309,275,296,281,276,263,238,245,254,239,211,234,216,240
2580,G,66,2,218,239,236,252,254,258,307,269,292,250,266,257,237,233,208,229,242,220,217
2580,G,67,1,240,249,231,245,261,267,311,262,292,281,271,261,232,243,250,237,209,225,211
2580,G,67,2,221,215,240,233,249,250,254,302,263,288,246,253,255,236,231,210,227,240,215
2580,G,68,1,227,233,248,227,241,257,259,309,258,289,274,272,259,222,244,244,233,210,222
2580,G,68,2,185,218,213,234,225,245,244,250,294,256,286,241,244,253,233,228,211,219,240
2580,G,69,1,197,222,233,243,219,233,255,250,304,252,290,267,264,252,221,239,244,230,213
2580,G,69,2,215,179,220,209,233,228,246,240,240,286,250,279,231,243,245,230,221,208,212
2580,G,70,1,217,193,216,232,237,212,232,247,245,296,245,284,263,263,251,216,240,232,228
2580,G,70,2,167,207,177,215,204,225,226,237,233,236,279,251,265,227,241,242,224,219,206
2580,G,71,1,201,214,191,211,225,234,208,228,244,240,295,245,272,264,256,245,215,233,232
2580,G,71,2,175,158,197,175,209,195,220,223,228,226,233,271,239,258,218,232,237,214,214
2580,G,72,1,200,192,208,192,205,223,231,203,220,238,231,283,240,267,258,252,240,209,229
2580,G,72,2,171,168,151,194,171,203,184,211,218,222,222,229,263,239,250,209,225,224,212
2580,G,73,1,156,192,191,205,187,196,213,227,200,214,236,225,279,240,260,256,247,236,202
2580,G,73,2,145,164,163,150,182,162,196,173,200,211,214,212,229,257,234,238,206,218,223
2580,G,74,1,163,153,185,187,198,182,192,202,218,196,208,231,217,271,229,248,245,238,227
2580,G,74,2,143,139,160,154,149,180,151,192,162,197,202,209,201,220,254,221,232,201,210
2580,G,75,1,177,156,143,178,181,197,172,192,194,210,198,206,226,214,260,223,241,238,233
2580,G,75,2,151,125,130,155,147,139,172,146,178,154,191,186,201,198,207,243,211,226,191
2580,G,76,1,153,163,146,140,172,178,191,166,186,186,203,194,206,225,208,243,220,227,230
2580,G,76,2,141,142,119,115,142,138,134,162,141,169,148,184,176,196,193,200,236,207,221
2580,G,77,1,143,146,154,139,134,167,171,180,163,176,178,192,185,205,219,194,233,216,217
2580,G,77,2,110,131,128,110,107,130,133,129,152,132,160,140,185,169,185,179,192,224,198
2580,G,78,1,127,138,135,148,135,126,164,161,170,158,168,167,184,178,201,207,193,222,206
2580,G,78,2,99,103,123,117,102,102,116,125,118,141,124,148,130,171,158,171,172,178,215
2580,G,79,1,113,117,130,125,139,127,116,157,147,163,150,159,162,177,170,194,200,181,213
2580,G,79,2,88,86,91,118,102,99,92,103,123,112,136,115,138,116,157,148,162,160,171
2580,SK,0,1,0,0,0,0,0,0,0,0,0,0,0,0,0,0,0,0,0,0,0
2580,SK,0,2,0,0,0,0,0,0,0,0,0,0,0,0,0,0,0,0,0,0,0
2580,SK,1,1,0,0,0,0,0,0,0,0,0,0,0,0,0,0,0,0,0,0,0
2580,SK,1,2,0,0,0,0,0,0,0,0,0,0,0,0,0,0,0,0,0,0,0
2580,SK,2,1,0,0,0,0,0,0,0,0,0,0,0,0,0,0,0,0,0,0,0
2580,SK,2,2,0,0,0,0,0,0,0,0,0,0,0,0,0,0,0,0,0,0,0
2580,SK,3,1,0,0,0,0,0,0,0,0,0,0,0,0,0,0,0,0,0,0,0
2580,SK,3,2,0,0,0,0,0,0,0,0,0,0,0,0,0,0,0,0,0,0,0
2580,SK,4,1,0,0,0,0,0,0,0,0,0,0,0,0,0,0,0,0,0,0,0
2580,SK,4,2,0,0,0,0,0,0,0,0,0,0,0,0,0,0,0,0,0,0,0
2580,SK,5,1,0,0,0,0,0,0,0,0,0,0,0,0,0,0,0,0,0,0,0
2580,SK,5,2,0,0,0,0,0,0,0,0,0,0,0,0,0,0,0,0,0,0,0
2580,SK,6,1,0,0,0,0,0,0,0,0,0,0,0,0,0,0,0,0,0,0,0
2580,SK,6,2,0,0,0,0,0,0,0,0,0,0,0,0,0,0,0,0,0,0,0
2580,SK,7,1,0,0,0,0,0,0,0,0,0,0,0,0,0,0,0,0,0,0,0
2580,SK,7,2,0,0,0,0,0,0,0,0,0,0,0,0,0,0,0,0,0,0,0
2580,SK,8,1,0,0,0,0,0,0,0,0,0,0,0,0,0,0,0,0,0,0,0
2580,SK,8,2,0,0,0,0,0,0,0,0,0,0,0,0,0,0,0,0,0,0,0
2580,SK,9,1,0,0,0,0,0,0,0,0,0,0,0,0,0,0,0,0,0,0,0
2580,SK,9,2,0,0,0,0,0,0,0,0,0,0,0,0,0,0,0,0,0,0,0
2580,SK,10,1,0,0,0,0,0,0,0,0,0,0,0,0,0,0,0,0,0,0,0
2580,SK,10,2,0,0,0,0,0,0,0,0,0,0,0,0,0,0,0,0,0,0,0
2580,SK,11,1,0,0,0,0,0,0,0,0,0,0,0,0,0,0,0,0,0,0,0
2580,SK,11,2,0,0,0,0,0,0,0,0,0,0,0,0,0,0,0,0,0,0,0
2580,SK,12,1,0,0,0,0,0,0,0,0,0,0,0,0,0,0,0,0,0,0,0
2580,SK,12,2,0,0,0,0,0,0,0,0,0,0,0,0,0,0,0,0,0,0,0
2580,SK,13,1,0,0,0,0,0,0,0,0,0,0,0,0,0,0,0,0,0,0,0
2580,SK,13,2,0,0,0,0,0,0,0,0,0,0,0,0,0,0,0,0,0,0,0
2580,SK,14,1,0,0,0,0,0,0,0,0,0,0,0,0,0,0,0,0,0,0,0
2580,SK,14,2,0,0,0,0,0,0,0,0,0,0,0,0,0,0,0,0,0,0,0
2580,SK,15,1,0,0,0,0,0,0,0,0,0,0,0,0,0,0,0,0,0,0,0
2580,SK,15,2,0,0,0,0,0,0,0,0,0,0,0,0,0,0,0,0,0,0,0
2580,SK,16,1,0,0,0,0,0,0,0,0,0,0,0,0,0,0,0,0,0,0,0
2580,SK,16,2,0,0,0,0,0,0,0,0,0,0,0,0,0,0,0,0,0,0,0
2580,SK,17,1,0,0,0,0,0,0,0,0,0,0,0,0,0,0,0,0,0,0,0
2580,SK,17,2,0,0,0,0,0,0,0,0,0,0,0,0,0,0,0,0,0,0,0
2580,SK,18,1,0,0,0,0,0,0,0,0,0,0,0,0,0,0,0,0,0,0,0
2580,SK,18,2,0,0,0,0,0,0,0,0,0,0,0,0,0,0,0,0,0,0,0
2580,SK,19,1,0,0,0,0,0,0,0,0,0,0,0,0,0,0,0,0,0,0,0
2580,SK,19,2,0,0,0,0,1,0,0,0,0,0,0,0,0,0,0,1,0,0,0
2580,SK,20,1,0,0,0,0,0,0,0,0,0,0,0,0,0,0,0,0,0,0,0
2580,SK,20,2,1,0,0,0,0,1,0,0,0,0,0,0,0,0,0,0,1,0,0
2580,SK,21,1,0,0,0,0,0,1,0,0,0,0,0,0,0,0,0,0,0,0,0
2580,SK,21,2,0,2,0,0,1,0,1,1,0,0,1,0,0,0,0,0,0,1,0
2580,SK,22,1,1,0,0,1,1,0,1,0,0,0,0,0,1,0,0,0,0,0,0
2580,SK,22,2,4,2,3,2,1,2,0,1,0,2,0,2,0,0,0,1,1,0,1
2580,SK,23,1,2,1,0,0,1,1,0,2,0,0,0,0,1,2,0,0,1,0,0
2580,SK,23,2,3,5,3,5,3,0,3,2,2,2,3,1,2,0,0,2,2,3,0
2580,SK,24,1,1,3,2,0,0,1,1,0,2,0,0,1,0,3,1,2,1,2,0
2580,SK,24,2,4,2,5,6,5,6,1,6,5,5,3,4,2,4,0,0,1,3,4
2580,SK,25,1,1,3,2,3,0,1,1,2,2,3,0,0,3,2,5,2,3,2,1
2580,SK,25,2,8,6,5,5,6,6,5,4,5,7,4,5,10,2,6,1,3,2,4
2580,SK,26,1,5,2,3,1,4,4,2,0,2,3,2,0,2,4,4,5,3,3,2
2580,SK,26,2,5,10,7,5,8,10,8,6,3,7,9,4,10,12,4,4,2,2,2
2580,SK,27,1,6,4,3,2,5,5,4,2,4,3,4,3,3,4,4,3,6,2,4
2580,SK,27,2,3,7,10,8,6,4,11,8,8,4,9,8,6,9,12,5,7,7,3
2580,SK,28,1,4,8,6,5,1,7,6,6,4,5,5,6,3,3,5,8,4,8,1
2580,SK,28,2,4,7,8,12,7,6,7,13,7,10,7,9,12,6,12,10,5,10,7
2580,SK,29,1,7,7,12,6,5,4,9,8,8,4,6,9,7,8,5,7,12,7,5
2580,SK,29,2,6,8,11,10,11,9,14,17,15,8,15,6,12,16,8,15,12,6,9
2580,SK,30,1,7,6,6,11,8,7,5,11,11,7,7,8,14,11,11,8,11,12,7
2580,SK,30,2,11,10,8,10,11,16,13,17,25,18,10,18,10,11,16,13,24,16,12
2580,SK,31,1,8,5,7,4,8,10,9,9,12,9,9,8,8,13,12,13,12,12,13
2580,SK,31,2,11,15,11,7,13,15,17,16,19,29,18,12,22,13,17,18,20,24,18
2580,SK,32,1,11,13,12,10,5,12,14,10,13,13,10,11,9,9,16,21,12,13,15
2580,SK,32,2,17,10,15,15,7,18,16,19,20,18,30,20,11,28,19,16,22,24,25
2580,SK,33,1,11,8,15,10,10,10,13,16,12,15,15,10,9,11,11,17,21,12,17
2580,SK,33,2,26,22,16,16,18,11,24,18,15,21,22,28,21,12,32,20,18,30,30
2580,SK,34,1,20,14,12,19,13,10,10,17,14,18,13,19,10,13,16,19,23,19,13
2580,SK,34,2,37,31,23,20,21,19,16,27,18,20,21,24,33,23,13,31,27,22,36
2580,SK,35,1,16,18,14,14,14,18,18,10,18,12,20,14,19,14,17,19,26,22,20
2580,SK,35,2,24,40,31,31,28,23,20,22,30,20,22,25,30,35,36,17,33,28,32
2580,SK,36,1,23,19,17,17,23,19,23,21,13,16,15,17,25,23,22,20,20,29,26
2580,SK,36,2,37,30,39,33,36,27,23,28,23,32,33,27,37,39,38,37,19,36,30
2580,SK,37,1,24,25,20,24,19,26,20,23,21,16,22,21,21,28,27,22,23,23,27
2580,SK,37,2,38,42,29,42,35,39,31,23,29,21,32,35,31,38,41,43,46,25,47
2580,SK,38,1,26,29,29,25,29,18,25,23,19,22,19,27,28,23,33,36,19,26,23
2580,SK,38,2,64,38,43,29,48,30,39,35,27,33,25,36,39,35,46,39,44,50,29
2580,SK,39,1,45,30,26,37,29,27,20,25,29,21,27,21,34,29,28,38,40,21,30
2580,SK,39,2,48,66,45,50,35,50,30,46,46,35,40,30,41,40,44,50,44,48,51
2580,SK,40,1,47,44,33,27,39,29,26,23,28,28,23,27,27,33,30,29,37,45,25
2580,SK,40,2,63,51,73,48,54,40,55,39,48,50,36,40,35,44,41,44,52,51,52
2580,SK,41,1,48,53,46,36,29,41,28,31,31,36,26,26,36,31,39,35,31,40,49
2580,SK,41,2,80,64,63,76,51,57,43,56,37,46,58,41,47,41,44,47,47,58,61
2580,SK,42,1,63,47,56,46,39,24,45,34,29,37,45,28,29,47,36,42,33,31,40
2580,SK,42,2,84,78,73,66,80,53,59,48,58,49,50,57,43,45,48,44,46,49,67
2580,SK,43,1,80,69,50,52,46,41,28,48,37,38,37,47,30,34,50,42,43,41,36
2580,SK,43,2,74,88,82,81,63,78,52,63,55,59,46,60,62,47,47,50,47,47,52
2580,SK,44,1,64,84,75,49,57,52,45,34,47,42,47,36,51,31,39,52,47,53,51
2580,SK,44,2,79,81,89,84,78,75,79,60,58,58,63,48,71,68,54,48,57,53,55
2580,SK,45,1,53,75,86,84,42,63,50,53,34,49,49,54,37,55,36,40,58,51,53
2580,SK,45,2,78,80,91,93,87,84,77,79,60,57,62,67,49,75,70,53,49,58,55
2580,SK,46,1,66,58,77,85,81,47,68,56,48,39,50,49,59,41,54,38,47,62,50
2580,SK,46,2,90,77,84,92,90,84,93,80,82,65,66,63,64,55,80,68,61,50,62
2580,SK,47,1,69,71,57,82,88,81,46,67,61,57,45,50,59,55,44,56,38,52,59
2580,SK,47,2,83,98,84,82,95,95,84,97,86,77,65,72,64,68,62,78,74,66,61
2580,SK,48,1,79,64,75,59,82,93,83,52,70,62,58,47,52,61,56,47,65,39,55
2580,SK,48,2,96,85,100,86,82,96,95,85,99,89,79,67,73,65,70,63,81,81,71
2580,SK,49,1,90,79,70,77,63,81,91,81,62,70,66,62,49,54,66,58,55,63,46
2580,SK,49,2,97,101,92,106,84,87,97,98,86,93,85,83,70,82,67,74,66,91,85
2580,SK,50,1,73,83,74,70,81,61,78,86,80,61,72,68,63,49,56,65,64,56,64
2580,SK,50,2,115,94,91,96,105,83,90,102,103,83,97,94,79,81,81,66,75,71,99
2580,SK,51,1,91,74,88,79,63,81,59,79,85,84,65,73,74,65,50,59,67,63,63
2580,SK,51,2,93,113,102,98,95,105,89,88,98,103,84,102,95,81,84,86,67,82,78
2580,SK,52,1,92,95,81,92,77,61,75,56,82,88,85,68,74,69,65,51,64,67,66
2580,SK,52,2,92,92,116,100,98,96,101,93,88,97,107,89,104,101,89,82,88,72,92
2580,SK,53,1,91,90,97,86,85,76,62,77,57,82,91,82,64,81,72,67,54,67,66
2580,SK,53,2,120,95,95,120,107,102,98,98,94,92,95,101,90,102,98,90,79,88,78
2580,SK,54,1,67,92,93,103,83,86,73,60,78,60,78,91,88,67,77,74,66,59,72
2580,SK,54,2,93,126,97,94,117,109,104,100,103,89,92,95,98,86,105,100,89,83,87
2580,SK,55,1,88,77,93,92,102,81,84,70,63,78,59,79,88,83,64,80,74,70,59
2580,SK,55,2,92,94,123,102,97,115,105,108,100,110,85,91,93,105,86,102,96,84,86
2580,SK,56,1,74,85,76,89,89,93,84,84,71,63,76,61,82,90,86,65,79,75,74
2580,SK,56,2,103,95,92,122,97,98,115,103,108,104,117,86,94,91,108,87,100,98,85
2580,SK,57,1,90,75,85,77,90,87,94,83,82,75,60,76,54,89,88,84,64,79,80
2580,SK,57,2,116,101,93,94,117,97,97,108,106,100,99,115,84,92,91,111,91,99,99
2580,SK,58,1,103,87,79,84,75,84,90,97,82,82,73,59,73,58,90,89,80,64,78
2580,SK,58,2,101,119,102,96,93,115,95,96,106,107,92,103,108,83,92,92,109,87,98
2580,SK,59,1,78,98,82,79,79,73,83,91,95,79,84,72,57,72,56,93,90,82,64
2580,SK,59,2,112,106,117,103,97,92,111,92,96,104,104,94,102,109,83,91,92,108,93
2580,SK,60,1,108,78,99,80,72,78,70,85,86,93,79,84,71,60,75,54,93,86,81
2580,SK,60,2,112,106,100,118,96,93,91,112,91,96,96,101,92,97,106,82,95,93,110
2580,SK,61,1,84,107,74,98,83,75,78,70,82,87,90,81,84,71,60,74,57,93,87
2580,SK,61,2,105,110,103,103,115,97,92,87,110,89,92,98,105,92,98,104,82,92,94
2580,SK,62,1,85,82,101,73,96,81,75,78,69,81,82,85,77,85,67,58,73,60,97
2580,SK,62,2,87,107,113,106,102,110,100,92,89,115,92,92,99,105,88,96,103,78,91
2580,SK,63,1,83,85,78,102,68,91,80,73,80,66,76,83,82,71,86,63,54,74,64
2580,SK,63,2,102,80,104,113,105,99,108,100,94,89,112,92,89,100,104,87,97,99,77
2580,SK,64,1,78,79,82,74,86,68,86,80,74,76,63,72,82,83,70,80,63,52,72
2580,SK,64,2,77,102,76,106,112,101,98,107,96,93,89,110,95,88,100,102,86,94,102
2580,SK,65,1,68,77,77,80,73,81,67,88,80,75,73,64,71,82,81,67,80,57,51
2580,SK,65,2,91,76,102,75,100,112,99,98,107,94,92,83,110,93,92,98,98,83,96
2580,SK,66,1,79,66,70,78,79,71,75,66,83,77,73,73,63,67,80,81,67,77,58
2580,SK,66,2,74,89,76,101,76,101,109,95,98,106,92,90,82,107,95,90,96,96,87
2580,SK,67,1,61,78,66,68,73,77,71,75,63,79,75,71,73,63,63,82,79,67,80
2580,SK,67,2,77,76,91,76,101,78,98,109,92,97,105,90,91,81,105,94,88,95,92
2580,SK,68,1,51,60,77,67,68,69,77,69,75,62,73,75,73,70,62,62,82,79,68
2580,SK,68,2,62,77,76,90,75,99,76,98,104,94,97,102,89,93,82,104,93,90,97
2580,SK,69,1,53,51,58,76,66,68,66,73,66,74,60,71,77,71,68,59,63,78,77
2580,SK,69,2,61,58,81,76,89,74,97,75,97,102,96,92,103,93,95,82,106,90,89
2580,SK,70,1,46,52,51,58,75,62,63,67,67,67,76,57,71,75,71,66,58,63,76
2580,SK,70,2,51,59,54,80,76,87,73,96,74,96,99,94,92,99,90,92,77,107,92
2580,SK,71,1,35,44,49,46,58,75,61,61,63,66,66,76,58,68,73,72,65,58,63
2580,SK,71,2,50,51,57,52,78,75,87,71,92,74,95,97,92,93,98,87,90,78,110
2580,SK,72,1,51,36,45,46,46,59,72,61,59,58,64,62,72,55,69,68,68,64,63
2580,SK,72,2,54,48,50,56,51,77,72,85,71,90,73,95,91,91,92,98,86,86,77
2580,SK,73,1,27,51,34,44,41,46,54,69,60,57,58,63,59,68,55,68,65,68,61
2580,SK,73,2,55,49,46,45,54,51,73,69,82,67,88,71,95,91,90,88,94,84,89
2580,SK,74,1,21,25,50,33,45,39,45,48,65,58,58,59,63,58,65,54,64,66,61
2580,SK,74,2,45,55,48,46,46,53,50,71,66,79,67,86,74,93,89,87,87,89,83
2580,SK,75,1,22,20,26,51,33,43,37,41,49,63,55,59,58,58,53,59,51,64,63
2580,SK,75,2,35,45,51,46,43,45,52,52,70,64,76,66,84,72,93,88,86,88,90
2580,SK,76,1,37,24,19,24,48,30,44,35,41,46,60,53,53,55,57,52,56,50,62
2580,SK,76,2,44,34,44,51,48,41,45,52,54,68,63,75,63,81,73,90,88,83,89
2580,SK,77,1,25,35,23,17,23,49,29,41,31,39,46,56,51,51,54,54,48,51,47
2580,SK,77,2,40,44,33,44,46,44,41,43,50,51,66,64,71,66,80,70,84,84,85
2580,SK,78,1,20,25,30,21,16,20,44,26,37,29,37,39,51,46,48,51,53,45,50
2580,SK,78,2,25,40,41,32,43,44,44,40,44,45,49,65,63,67,66,79,65,79,83
2580,SK,79,1,16,17,24,28,20,16,17,37,27,35,28,37,36,51,44,42,50,48,44
2580,SK,79,2,27,24,37,38,32,41,43,40,39,46,43,46,66,61,63,60,74,64,77
2580,ÄNKL,0,1,0,0,0,0,0,0,0,0,0,0,0,0,0,0,0,0,0,0,0
2580,ÄNKL,0,2,0,0,0,0,0,0,0,0,0,0,0,0,0,0,0,0,0,0,0
2580,ÄNKL,1,1,0,0,0,0,0,0,0,0,0,0,0,0,0,0,0,0,0,0,0
2580,ÄNKL,1,2,0,0,0,0,0,0,0,0,0,0,0,0,0,0,0,0,0,0,0
2580,ÄNKL,2,1,0,0,0,0,0,0,0,0,0,0,0,0,0,0,0,0,0,0,0
2580,ÄNKL,2,2,0,0,0,0,0,0,0,0,0,0,0,0,0,0,0,0,0,0,0
2580,ÄNKL,3,1,0,0,0,0,0,0,0,0,0,0,0,0,0,0,0,0,0,0,0
2580,ÄNKL,3,2,0,0,0,0,0,0,0,0,0,0,0,0,0,0,0,0,0,0,0
2580,ÄNKL,4,1,0,0,0,0,0,0,0,0,0,0,0,0,0,0,0,0,0,0,0
2580,ÄNKL,4,2,0,0,0,0,0,0,0,0,0,0,0,0,0,0,0,0,0,0,0
2580,ÄNKL,5,1,0,0,0,0,0,0,0,0,0,0,0,0,0,0,0,0,0,0,0
2580,ÄNKL,5,2,0,0,0,0,0,0,0,0,0,0,0,0,0,0,0,0,0,0,0
2580,ÄNKL,6,1,0,0,0,0,0,0,0,0,0,0,0,0,0,0,0,0,0,0,0
2580,ÄNKL,6,2,0,0,0,0,0,0,0,0,0,0,0,0,0,0,0,0,0,0,0
2580,ÄNKL,7,1,0,0,0,0,0,0,0,0,0,0,0,0,0,0,0,0,0,0,0
2580,ÄNKL,7,2,0,0,0,0,0,0,0,0,0,0,0,0,0,0,0,0,0,0,0
2580,ÄNKL,8,1,0,0,0,0,0,0,0,0,0,0,0,0,0,0,0,0,0,0,0
2580,ÄNKL,8,2,0,0,0,0,0,0,0,0,0,0,0,0,0,0,0,0,0,0,0
2580,ÄNKL,9,1,0,0,0,0,0,0,0,0,0,0,0,0,0,0,0,0,0,0,0
2580,ÄNKL,9,2,0,0,0,0,0,0,0,0,0,0,0,0,0,0,0,0,0,0,0
2580,ÄNKL,10,1,0,0,0,0,0,0,0,0,0,0,0,0,0,0,0,0,0,0,0
2580,ÄNKL,10,2,0,0,0,0,0,0,0,0,0,0,0,0,0,0,0,0,0,0,0
2580,ÄNKL,11,1,0,0,0,0,0,0,0,0,0,0,0,0,0,0,0,0,0,0,0
2580,ÄNKL,11,2,0,0,0,0,0,0,0,0,0,0,0,0,0,0,0,0,0,0,0
2580,ÄNKL,12,1,0,0,0,0,0,0,0,0,0,0,0,0,0,0,0,0,0,0,0
2580,ÄNKL,12,2,0,0,0,0,0,0,0,0,0,0,0,0,0,0,0,0,0,0,0
2580,ÄNKL,13,1,0,0,0,0,0,0,0,0,0,0,0,0,0,0,0,0,0,0,0
2580,ÄNKL,13,2,0,0,0,0,0,0,0,0,0,0,0,0,0,0,0,0,0,0,0
2580,ÄNKL,14,1,0,0,0,0,0,0,0,0,0,0,0,0,0,0,0,0,0,0,0
2580,ÄNKL,14,2,0,0,0,0,0,0,0,0,0,0,0,0,0,0,0,0,0,0,0
2580,ÄNKL,15,1,0,0,0,0,0,0,0,0,0,0,0,0,0,0,0,0,0,0,0
2580,ÄNKL,15,2,0,0,0,0,0,0,0,0,0,0,0,0,0,0,0,0,0,0,0
2580,ÄNKL,16,1,0,0,0,0,0,0,0,0,0,0,0,0,0,0,0,0,0,0,0
2580,ÄNKL,16,2,0,0,0,0,0,0,0,0,0,0,0,0,0,0,0,0,0,0,0
2580,ÄNKL,17,1,0,0,0,0,0,0,0,0,0,0,0,0,0,0,0,0,0,0,0
2580,ÄNKL,17,2,0,0,0,0,0,0,0,0,0,0,0,0,0,0,0,0,0,0,0
2580,ÄNKL,18,1,0,0,0,0,0,0,0,0,0,0,0,0,0,0,0,0,0,0,0
2580,ÄNKL,18,2,0,0,0,0,0,0,0,0,0,0,0,0,0,0,0,0,0,0,0
2580,ÄNKL,19,1,0,0,0,0,0,0,0,0,0,0,0,0,0,0,0,0,0,0,0
2580,ÄNKL,19,2,0,0,0,0,0,0,0,0,0,0,0,0,0,0,0,0,0,0,0
2580,ÄNKL,20,1,0,0,0,0,0,0,0,0,0,0,0,0,0,0,0,0,0,0,0
2580,ÄNKL,20,2,0,0,0,0,0,0,0,0,0,0,0,0,0,0,0,0,0,0,0
2580,ÄNKL,21,1,0,0,0,0,0,0,0,0,0,0,0,0,0,0,0,0,0,0,0
2580,ÄNKL,21,2,0,0,0,0,0,0,0,0,0,0,0,0,0,0,0,0,0,0,0
2580,ÄNKL,22,1,0,0,0,0,0,0,0,0,0,0,0,0,0,0,0,0,0,0,0
2580,ÄNKL,22,2,0,0,0,0,0,0,0,0,0,0,0,0,0,0,0,0,0,0,0
2580,ÄNKL,23,1,0,0,0,0,0,0,0,0,0,0,0,0,0,0,0,0,0,0,0
2580,ÄNKL,23,2,0,0,0,0,0,0,0,0,0,0,0,0,0,0,0,0,0,0,0
2580,ÄNKL,24,1,0,0,0,0,0,0,0,0,0,0,0,0,0,0,0,0,0,0,0
2580,ÄNKL,24,2,0,0,0,0,0,0,0,0,0,0,0,0,0,0,0,0,0,0,0
2580,ÄNKL,25,1,0,0,0,0,0,0,0,0,0,0,0,0,0,0,0,0,0,0,0
2580,ÄNKL,25,2,0,0,0,0,0,0,0,0,0,0,0,0,0,0,0,0,0,0,0
2580,ÄNKL,26,1,0,0,0,0,0,0,0,0,0,0,0,0,0,0,0,0,0,0,0
2580,ÄNKL,26,2,0,0,0,0,0,0,0,0,0,0,0,0,0,0,0,0,0,0,0
2580,ÄNKL,27,1,0,0,0,0,0,0,0,0,0,0,0,0,0,0,0,0,0,0,0
2580,ÄNKL,27,2,0,0,0,0,0,0,0,0,0,0,0,1,0,0,0,0,0,0,0
2580,ÄNKL,28,1,1,0,0,0,0,0,0,0,0,0,0,0,0,0,0,0,0,0,0
2580,ÄNKL,28,2,0,0,0,0,0,1,0,0,0,0,0,0,1,0,0,0,0,0,0
2580,ÄNKL,29,1,0,0,0,0,0,0,0,0,0,0,0,0,0,0,0,0,0,0,0
2580,ÄNKL,29,2,1,0,0,0,0,0,1,0,0,0,1,1,0,1,0,0,0,0,1
2580,ÄNKL,30,1,0,1,0,0,0,0,0,0,0,0,0,0,0,0,0,0,0,0,0
2580,ÄNKL,30,2,1,2,0,0,0,0,0,1,0,0,0,0,1,0,1,0,0,0,0
2580,ÄNKL,31,1,0,0,1,0,0,0,0,0,0,0,0,0,0,0,0,0,0,0,0
2580,ÄNKL,31,2,0,1,2,0,0,0,0,0,1,0,0,1,0,1,0,1,0,1,0
2580,ÄNKL,32,1,0,0,0,1,0,0,0,0,0,1,0,0,0,0,0,0,0,0,0
2580,ÄNKL,32,2,0,0,1,2,0,1,0,1,1,1,0,0,1,0,1,0,1,0,1
2580,ÄNKL,33,1,0,0,0,0,1,0,1,0,0,0,1,0,0,0,0,0,0,0,0
2580,ÄNKL,33,2,2,0,0,1,2,1,1,0,1,1,2,0,0,1,0,1,1,1,1
2580,ÄNKL,34,1,0,0,0,0,0,1,0,1,0,0,0,1,0,1,0,0,1,0,0
2580,ÄNKL,34,2,1,2,0,1,1,2,1,1,0,2,2,3,2,0,1,0,1,2,1
2580,ÄNKL,35,1,0,0,0,0,0,1,1,0,1,0,0,0,1,0,1,0,0,0,0
2580,ÄNKL,35,2,0,1,2,1,0,1,2,1,1,1,2,2,3,2,0,1,0,1,1
2580,ÄNKL,36,1,1,0,0,0,0,0,1,1,0,1,0,0,0,0,0,1,0,0,0
2580,ÄNKL,36,2,0,0,1,2,1,1,2,2,2,1,1,1,2,3,2,1,1,0,2
2580,ÄNKL,37,1,1,1,0,0,0,0,0,1,1,0,1,0,0,0,0,0,1,0,0
2580,ÄNKL,37,2,2,0,0,2,1,2,1,2,2,3,1,1,2,3,2,2,1,2,0
2580,ÄNKL,38,1,0,1,1,0,0,0,0,0,1,1,0,0,0,0,0,1,0,1,0
2580,ÄNKL,38,2,1,2,0,1,2,3,2,2,2,1,2,1,1,2,3,1,2,1,2
2580,ÄNKL,39,1,0,0,1,1,0,0,1,0,0,0,1,0,0,1,0,0,0,0,1
2580,ÄNKL,39,2,2,1,2,0,4,2,2,2,2,2,1,2,2,1,1,2,1,2,1
2580,ÄNKL,40,1,0,0,0,1,1,0,0,1,0,1,0,1,0,0,1,0,0,0,0
2580,ÄNKL,40,2,2,2,1,3,0,4,3,1,3,4,2,1,3,3,1,2,3,1,2
2580,ÄNKL,41,1,0,0,0,0,1,1,0,0,1,0,1,0,1,0,0,1,0,0,0
2580,ÄNKL,41,2,4,2,2,0,3,0,4,3,1,3,5,2,1,3,3,2,2,3,1
2580,ÄNKL,42,1,2,1,0,0,0,1,1,0,0,1,0,0,1,0,0,0,1,0,0
2580,ÄNKL,42,2,2,4,2,2,0,3,2,4,4,2,3,5,2,1,3,3,2,3,3
2580,ÄNKL,43,1,0,2,1,0,0,0,1,1,1,0,1,0,0,2,0,0,0,1,0
2580,ÄNKL,43,2,4,2,5,3,2,1,5,3,5,3,2,4,5,2,1,3,2,1,3
2580,ÄNKL,44,1,1,0,2,1,0,0,0,2,1,0,0,1,0,0,2,0,0,0,1
2580,ÄNKL,44,2,2,4,2,5,3,1,1,5,3,6,5,2,5,5,3,2,3,2,1
2580,ÄNKL,45,1,0,1,1,2,1,0,0,0,1,1,0,0,1,0,1,2,0,0,0
2580,ÄNKL,45,2,3,2,6,3,7,3,1,3,5,4,7,5,2,6,5,3,2,4,2
2580,ÄNKL,46,1,3,0,1,2,1,1,0,0,0,1,2,0,0,1,1,0,3,0,0
2580,ÄNKL,46,2,4,3,3,6,3,8,4,2,6,5,4,7,3,3,6,5,3,2,4
2580,ÄNKL,47,1,2,3,0,1,2,0,2,0,0,0,1,2,0,0,1,2,0,1,0
2580,ÄNKL,47,2,8,4,3,3,7,3,11,5,2,6,5,3,7,4,3,6,6,3,2
2580,ÄNKL,48,1,2,2,1,0,1,3,0,2,1,0,0,1,3,0,0,2,1,1,1
2580,ÄNKL,48,2,4,7,4,3,3,11,4,11,6,3,6,4,3,7,4,2,7,6,2
2580,ÄNKL,49,1,4,2,2,2,0,1,3,0,2,1,1,1,1,2,0,0,1,1,1
2580,ÄNKL,49,2,4,5,7,4,3,4,12,4,11,4,4,6,4,3,8,4,3,8,6
2580,ÄNKL,50,1,0,5,2,2,3,0,0,3,2,2,2,2,1,1,1,0,0,1,0
2580,ÄNKL,50,2,8,4,5,7,5,5,6,13,5,11,7,4,7,4,3,8,4,3,9
2580,ÄNKL,51,1,9,0,5,2,2,4,0,0,3,2,4,2,2,2,3,1,0,1,1
2580,ÄNKL,51,2,10,8,5,6,7,6,6,5,15,5,12,9,4,7,6,3,8,5,5
2580,ÄNKL,52,1,3,7,0,6,2,2,5,0,0,3,3,4,2,3,2,3,1,0,1
2580,ÄNKL,52,2,8,13,8,5,6,8,6,8,7,16,6,14,10,5,8,5,4,8,6
2580,ÄNKL,53,1,4,3,9,1,6,2,3,3,0,0,3,3,4,2,4,3,3,1,0
2580,ÄNKL,53,2,14,9,13,9,5,7,9,6,9,7,16,6,16,9,5,8,5,4,9
2580,ÄNKL,54,1,4,4,3,9,1,7,2,3,3,1,0,4,3,4,2,4,4,3,2
2580,ÄNKL,54,2,8,14,10,16,9,7,8,12,7,10,8,21,8,15,10,5,8,4,6
2580,ÄNKL,55,1,9,5,3,3,10,1,6,2,2,3,1,1,4,3,5,2,5,6,3
2580,ÄNKL,55,2,10,8,14,12,17,10,8,9,13,10,10,9,20,7,18,9,7,7,4
2580,ÄNKL,56,1,7,10,5,4,3,10,1,6,2,2,3,1,1,4,3,5,4,4,6
2580,ÄNKL,56,2,11,11,12,15,10,21,10,11,9,14,10,12,9,17,9,20,10,6,8
2580,ÄNKL,57,1,7,7,11,6,4,3,11,1,5,3,2,4,1,0,6,4,5,3,4
2580,ÄNKL,57,2,18,11,14,15,14,11,22,11,10,10,14,10,15,9,16,12,20,12,9
2580,ÄNKL,58,1,5,8,6,9,6,6,3,11,1,6,2,3,4,2,0,6,6,5,3
2580,ÄNKL,58,2,21,20,14,18,17,14,13,23,12,10,11,15,12,16,10,16,12,21,13
2580,ÄNKL,59,1,8,7,9,7,9,7,6,5,11,1,8,2,3,5,3,0,6,5,6
2580,ÄNKL,59,2,20,22,21,15,18,18,17,14,23,13,12,12,15,12,16,12,18,13,21
2580,ÄNKL,60,1,14,7,8,9,9,10,7,6,6,12,1,10,1,3,5,3,0,6,5
2580,ÄNKL,60,2,29,23,21,23,17,17,23,19,15,23,14,16,12,18,17,16,11,19,14
2580,ÄNKL,61,1,12,14,7,9,9,8,11,8,6,6,12,2,11,1,5,5,3,0,6
2580,ÄNKL,61,2,40,31,26,21,26,20,18,24,20,16,24,17,19,12,18,17,15,12,22
2580,ÄNKL,62,1,14,12,13,9,8,9,8,12,8,7,7,14,2,11,3,5,5,3,0
2580,ÄNKL,62,2,50,39,32,26,25,29,22,21,24,22,18,25,18,19,12,21,17,16,12
2580,ÄNKL,63,1,11,13,13,14,9,10,11,8,14,8,7,9,15,2,11,3,6,7,3
2580,ÄNKL,63,2,36,50,41,37,25,27,29,22,22,27,23,19,26,23,22,13,20,22,16
2580,ÄNKL,64,1,11,11,15,12,16,10,9,13,8,14,8,7,9,14,2,10,4,5,7
2580,ÄNKL,64,2,39,37,50,43,39,28,26,31,24,21,30,25,25,27,24,24,15,23,23
2580,ÄNKL,65,1,11,12,15,16,14,15,11,9,13,9,14,8,7,10,16,2,10,6,6
2580,ÄNKL,65,2,44,42,37,54,44,40,31,30,34,29,22,28,26,27,24,23,25,15,28
2580,ÄNKL,66,1,11,12,13,15,17,16,12,11,11,14,9,14,8,10,11,15,3,10,8
2580,ÄNKL,66,2,47,45,42,37,58,46,39,37,31,35,33,23,29,25,28,24,24,27,14
2580,ÄNKL,67,1,13,10,14,14,17,17,16,14,11,12,14,11,14,8,11,12,17,6,10
2580,ÄNKL,67,2,67,47,47,45,41,58,47,39,41,33,34,40,26,30,25,26,23,27,32
2580,ÄNKL,68,1,20,14,9,14,15,20,18,15,15,13,13,14,11,15,8,13,12,15,7
2580,ÄNKL,68,2,59,72,52,48,46,46,62,51,44,47,33,38,41,28,33,25,30,25,37
2580,ÄNKL,69,1,10,22,13,8,17,17,20,20,15,16,13,13,17,10,16,11,12,12,15
2580,ÄNKL,69,2,69,62,71,58,54,49,44,63,57,49,52,43,40,40,33,32,29,30,31
2580,ÄNKL,70,1,13,12,25,13,10,19,17,22,19,18,17,13,15,20,11,16,11,14,15
2580,ÄNKL,70,2,67,74,63,74,59,57,53,50,67,62,51,53,51,41,41,35,36,29,31
2580,ÄNKL,71,1,20,13,14,27,13,11,20,18,22,19,20,17,16,17,22,13,15,11,14
2580,ÄNKL,71,2,70,73,87,68,78,66,62,53,57,74,63,51,60,57,44,45,37,40,33
2580,ÄNKL,72,1,16,24,16,15,24,14,11,20,25,22,21,25,19,19,20,24,13,15,10
2580,ÄNKL,72,2,61,72,79,93,71,84,71,67,56,60,76,66,53,61,61,44,49,47,43
2580,ÄNKL,73,1,16,16,25,18,16,25,18,13,20,27,23,21,29,22,21,20,28,14,17
2580,ÄNKL,73,2,85,66,74,78,102,78,90,78,73,62,61,82,66,56,65,68,47,54,48
2580,ÄNKL,74,1,19,17,18,25,18,18,25,22,18,23,28,25,21,32,25,24,26,30,17
2580,ÄNKL,74,2,93,82,69,80,82,100,79,92,83,77,64,62,86,75,58,72,68,54,61
2580,ÄNKL,75,1,30,19,16,18,27,17,22,26,24,22,22,29,26,20,33,26,24,27,30
2580,ÄNKL,75,2,82,105,90,72,86,87,101,79,99,85,85,74,68,87,84,66,74,70,55
2580,ÄNKL,76,1,32,36,19,16,21,27,20,23,24,25,24,25,30,26,22,36,26,30,26
2580,ÄNKL,76,2,127,88,102,99,79,91,89,102,80,105,83,87,78,70,94,87,75,77,74
2580,ÄNKL,77,1,33,30,36,22,19,23,26,24,22,29,24,29,29,33,27,28,39,27,32
2580,ÄNKL,77,2,116,128,98,106,106,85,95,91,105,85,112,87,88,81,74,101,90,87,83
2580,ÄNKL,78,1,31,32,34,34,23,20,23,28,28,23,28,27,31,30,30,32,27,43,34
2580,ÄNKL,78,2,128,121,131,104,110,108,96,98,97,107,89,112,94,97,87,78,103,97,89
2580,ÄNKL,79,1,28,31,35,33,36,25,20,22,29,30,23,32,27,31,32,33,32,32,40
2580,ÄNKL,79,2,106,131,125,132,108,110,108,101,95,100,107,93,113,97,105,90,79,106,99
2582,OG,0,1,146,155,129,134,126,132,129,146,131,165,157,141,125,156,131,169,146,115,114
2582,OG,0,2,124,121,106,119,124,126,117,100,119,127,141,120,147,127,125,111,102,109,116
2582,OG,1,1,132,149,155,131,133,135,132,130,152,134,165,156,151,121,162,138,169,146,116
2582,OG,1,2,125,123,119,106,123,131,133,117,95,127,134,142,127,147,135,128,112,107,109
2582,OG,2,1,145,134,141,153,135,137,133,136,129,152,136,169,159,155,122,160,137,169,148
2582,OG,2,2,163,124,119,118,107,127,136,129,115,101,129,142,142,126,143,138,133,117,110
2582,OG,3,1,126,146,128,144,154,140,136,135,135,137,149,136,168,154,155,125,155,135,174
2582,OG,3,2,137,166,121,122,124,113,126,132,133,120,106,130,141,145,126,142,136,136,118
2582,OG,4,1,133,128,145,126,144,153,145,138,141,132,141,154,136,165,151,153,127,152,135
2582,OG,4,2,164,141,159,122,119,123,114,128,136,134,125,109,132,146,145,128,142,136,139
2582,OG,5,1,147,134,125,147,123,153,151,158,144,142,147,144,152,138,165,152,156,126,157
2582,OG,5,2,134,164,141,162,124,123,130,110,128,131,134,126,110,133,146,148,131,139,142
2582,OG,6,1,140,146,128,124,151,126,152,154,150,151,147,145,143,152,134,170,148,161,129
2582,OG,6,2,150,137,162,140,163,124,128,133,112,134,137,135,134,110,129,147,148,133,139
2582,OG,7,1,122,137,146,129,127,154,126,158,157,152,147,147,142,150,153,130,170,154,163
2582,OG,7,2,153,148,131,164,141,166,125,132,131,115,138,135,134,134,108,128,145,147,137
2582,OG,8,1,140,122,141,153,127,129,154,129,153,154,147,158,148,143,153,153,130,174,155
2582,OG,8,2,118,152,146,134,169,140,166,132,134,126,122,141,136,139,138,109,131,148,149
2582,OG,9,1,164,142,120,139,154,134,128,156,130,155,158,147,157,151,143,154,154,133,177
2582,OG,9,2,133,123,148,147,133,167,141,170,126,137,137,119,144,134,138,142,114,132,154
2582,OG,10,1,156,165,141,119,140,155,132,131,154,132,159,160,153,153,154,144,153,158,134
2582,OG,10,2,139,131,120,150,144,136,164,143,165,126,139,137,122,141,138,140,139,111,130
2582,OG,11,1,159,156,168,138,121,140,156,138,127,153,136,160,162,152,153,150,147,151,160
2582,OG,11,2,152,138,135,119,151,150,138,164,140,166,129,137,138,124,144,138,136,137,113
2582,OG,12,1,194,156,155,169,137,129,138,159,134,126,155,133,157,163,149,155,150,147,158
2582,OG,12,2,172,153,137,136,123,152,150,137,160,143,168,136,141,137,126,145,132,140,135
2582,OG,13,1,207,195,154,155,169,140,129,141,155,133,124,154,133,158,166,145,159,151,149
2582,OG,13,2,178,178,155,136,135,129,150,159,136,162,143,170,131,140,138,126,149,131,140
2582,OG,14,1,212,206,198,155,158,169,142,131,144,158,136,127,156,135,161,167,146,156,150
2582,OG,14,2,195,176,179,155,135,138,132,157,153,143,166,144,170,131,141,137,125,151,131
2582,OG,15,1,225,212,206,196,157,163,165,149,131,146,157,141,129,156,138,160,166,146,158
2582,OG,15,2,202,195,173,176,155,141,137,130,157,157,142,168,139,170,133,140,135,129,155
2582,OG,16,1,219,225,216,207,202,153,167,170,159,133,156,165,141,127,155,138,160,167,151
2582,OG,16,2,217,200,200,171,182,160,142,132,130,148,157,138,169,143,174,137,145,135,134
2582,OG,17,1,211,215,226,216,205,202,153,170,173,159,151,164,167,143,133,159,142,163,169
2582,OG,17,2,202,220,200,199,176,184,158,148,138,133,149,159,133,168,146,175,131,145,135
2582,OG,18,1,193,205,214,224,214,205,204,147,170,175,165,165,172,170,144,135,157,142,163
2582,OG,18,2,184,204,221,203,196,174,176,155,148,136,132,153,158,136,173,153,170,135,149
2582,OG,19,1,168,184,197,206,211,211,201,213,153,164,181,178,170,173,174,153,141,165,142
2582,OG,19,2,181,165,188,205,192,198,168,183,155,138,129,130,152,150,131,151,140,158,136
2582,OG,20,1,161,168,176,182,214,223,215,221,239,156,165,185,164,196,208,193,178,164,189
2582,OG,20,2,145,151,156,172,193,173,188,154,176,150,126,130,114,140,157,136,156,145,160
2582,OG,21,1,179,159,147,158,179,232,217,229,232,223,160,165,190,163,184,201,200,155,164
2582,OG,21,2,122,123,130,144,169,174,165,172,155,166,139,134,129,117,131,156,130,141,130
2582,OG,22,1,140,161,143,154,157,192,231,232,239,225,207,158,162,187,166,184,194,188,162
2582,OG,22,2,117,108,123,126,137,156,165,149,173,139,155,128,120,118,111,126,142,118,136
2582,OG,23,1,147,126,149,132,145,159,184,234,236,233,229,210,153,157,182,167,180,191,175
2582,OG,23,2,89,108,105,109,123,129,137,173,158,159,127,151,121,121,116,108,120,130,116
2582,OG,24,1,130,137,123,144,138,158,152,189,218,245,220,218,203,155,151,176,163,169,175
2582,OG,24,2,113,89,102,105,116,111,123,132,162,149,161,124,140,125,113,112,106,110,129
2582,OG,25,1,136,120,133,117,145,150,166,159,186,212,234,222,199,203,149,161,162,159,165
2582,OG,25,2,124,115,90,94,101,116,117,128,129,154,149,155,121,135,119,111,107,106,111
2582,OG,26,1,142,124,112,135,115,141,134,177,177,186,196,228,203,188,200,142,144,159,145
2582,OG,26,2,101,115,107,92,89,95,105,116,124,130,151,142,145,113,135,117,100,100,97
2582,OG,27,1,121,144,131,107,126,107,132,133,168,164,181,183,221,189,189,192,133,152,156
2582,OG,27,2,87,94,111,101,82,89,88,96,113,120,123,151,131,148,114,135,113,97,98
2582,OG,28,1,135,111,140,120,103,120,118,132,124,162,156,176,172,206,192,190,180,129,146
2582,OG,28,2,92,82,86,109,88,69,92,83,93,112,109,125,145,119,135,115,130,109,92
2582,OG,29,1,96,129,103,131,118,113,117,115,133,123,152,168,163,170,197,189,185,170,133
2582,OG,29,2,85,80,82,83,93,90,70,92,92,90,106,93,110,137,110,129,110,122,106
2582,OG,30,1,114,95,124,99,118,111,117,126,111,127,115,144,156,156,169,192,176,176,169
2582,OG,30,2,87,82,74,78,75,88,80,72,89,88,83,110,90,105,136,113,119,108,120
2582,OG,31,1,129,103,91,120,93,112,115,112,115,110,125,111,137,147,146,172,181,174,171
2582,OG,31,2,108,79,73,68,73,69,81,76,65,84,79,85,103,85,100,138,104,115,110
2582,OG,32,1,110,122,103,86,119,88,102,111,104,115,103,115,106,131,135,144,167,174,165
2582,OG,32,2,93,95,81,73,68,67,64,83,78,64,81,71,75,100,86,100,135,103,119
2582,OG,33,1,100,107,112,104,79,114,84,97,105,99,104,95,118,108,126,137,146,165,163
2582,OG,33,2,86,93,92,80,75,63,67,67,81,76,57,77,71,79,96,83,92,126,97
2582,OG,34,1,128,93,99,109,101,85,108,79,95,97,98,100,92,119,99,127,132,148,167
2582,OG,34,2,96,80,86,88,75,71,61,61,61,80,73,58,75,67,75,97,78,87,126
2582,OG,35,1,126,130,88,99,103,95,72,107,76,92,96,91,93,92,107,97,118,125,143
2582,OG,35,2,97,86,76,83,87,72,68,62,60,64,81,78,60,72,71,71,94,78,90
2582,OG,36,1,105,121,125,85,89,103,100,71,102,74,90,87,86,88,84,106,94,117,129
2582,OG,36,2,83,97,84,79,80,87,70,69,58,59,60,77,73,58,64,72,73,88,73
2582,OG,37,1,101,100,111,121,82,85,97,93,68,106,72,82,87,85,87,91,100,95,114
2582,OG,37,2,76,78,91,80,77,74,81,70,61,52,58,56,75,72,50,64,73,71,89
2582,OG,38,1,108,95,98,108,115,81,79,93,92,61,94,64,78,82,84,82,89,94,94
2582,OG,38,2,56,75,75,89,74,75,69,73,65,62,53,54,55,73,75,54,61,65,68
2582,OG,39,1,89,99,91,93,100,111,78,83,95,84,56,91,60,77,80,79,80,90,90
2582,OG,39,2,77,52,71,76,82,69,67,67,69,63,61,51,52,52,72,76,52,64,64
2582,OG,40,1,106,85,99,93,96,91,116,72,81,97,89,52,87,59,76,80,78,80,89
2582,OG,40,2,78,78,54,69,72,77,66,64,65,66,62,59,49,52,55,69,73,47,61
2582,OG,41,1,100,110,85,97,89,94,85,107,72,79,94,89,52,83,60,76,79,77,77
2582,OG,41,2,82,74,78,53,69,72,74,60,63,61,63,61,60,52,51,53,70,71,47
2582,OG,42,1,93,97,105,84,97,86,89,80,101,70,76,94,85,51,83,59,75,74,77
2582,OG,42,2,56,82,73,76,53,61,70,76,57,59,62,61,59,59,51,51,52,72,68
2582,OG,43,1,85,92,90,102,78,91,82,82,80,98,69,72,87,78,48,84,62,73,74
2582,OG,43,2,54,54,81,68,76,52,61,65,76,58,57,63,61,57,60,51,49,52,70
2582,OG,44,1,71,81,89,87,98,77,89,78,77,78,92,67,74,86,77,45,81,61,72
2582,OG,44,2,57,54,55,78,67,73,54,57,63,74,58,57,60,61,58,57,50,50,52
2582,OG,45,1,64,69,77,83,86,96,75,85,77,77,77,91,66,69,84,79,44,74,57
2582,OG,45,2,60,55,53,51,75,63,73,48,57,62,73,58,56,59,62,57,57,50,50
2582,OG,46,1,68,67,70,74,84,85,90,75,85,75,74,77,88,62,68,86,73,46,75
2582,OG,46,2,51,55,54,52,50,71,62,73,49,56,63,72,57,53,57,61,56,55,48
2582,OG,47,1,82,62,64,69,73,81,87,89,76,80,74,72,77,83,63,70,85,66,44
2582,OG,47,2,61,51,52,52,51,52,68,62,75,51,54,64,71,57,54,55,61,55,58
2582,OG,48,1,61,80,60,65,67,75,78,86,86,74,78,74,72,76,81,63,66,81,65
2582,OG,48,2,52,57,49,52,51,49,53,64,61,74,49,55,63,72,56,52,54,60,52
2582,OG,49,1,62,59,78,61,64,66,73,75,86,85,72,78,67,71,74,77,57,66,76
2582,OG,49,2,46,52,57,50,51,49,52,49,64,58,71,47,55,62,71,53,53,54,60
2582,OG,50,1,57,63,60,78,57,62,63,75,71,83,82,71,73,68,70,73,74,58,66
2582,OG,50,2,43,43,49,54,49,51,44,51,48,63,55,68,47,53,63,71,54,52,53
2582,OG,51,1,60,54,64,54,76,56,57,62,75,70,80,82,69,70,67,69,74,74,56
2582,OG,51,2,46,42,40,50,52,49,47,44,51,48,59,51,66,48,52,64,71,53,53
2582,OG,52,1,52,59,53,64,53,76,55,57,60,73,69,79,78,67,68,63,66,74,72
2582,OG,52,2,36,43,42,39,50,52,50,47,45,52,47,59,50,64,44,52,63,67,54
2582,OG,53,1,79,52,60,53,64,50,71,55,57,60,73,67,79,78,65,68,61,65,75
2582,OG,53,2,29,34,41,42,39,49,52,50,46,44,52,48,60,49,68,43,51,63,66
2582,OG,54,1,51,77,48,59,52,66,48,71,53,56,59,69,66,74,73,65,62,62,64
2582,OG,54,2,46,29,33,40,42,37,49,53,47,47,46,50,46,55,47,68,40,49,60
2582,OG,55,1,56,51,75,47,56,48,62,48,69,50,56,58,68,59,70,72,65,61,60
2582,OG,55,2,44,45,29,33,41,43,35,48,53,47,48,44,43,45,57,46,65,40,49
2582,OG,56,1,49,52,48,75,48,56,48,63,45,64,49,55,58,68,57,67,71,64,58
2582,OG,56,2,42,42,45,29,33,41,43,35,46,52,47,45,43,42,46,56,46,63,41
2582,OG,57,1,39,47,50,49,75,49,56,48,60,47,64,48,55,56,68,56,66,69,61
2582,OG,57,2,40,39,41,44,30,35,39,42,35,43,51,44,45,43,43,44,54,43,64
2582,OG,58,1,39,38,47,49,46,76,45,54,48,58,44,62,45,53,52,65,55,67,68
2582,OG,58,2,31,40,38,41,44,29,33,39,41,36,43,51,44,42,42,43,44,55,39
2582,OG,59,1,47,38,37,47,48,46,74,44,54,48,56,44,61,43,51,51,64,51,67
2582,OG,59,2,40,32,40,37,40,45,27,31,38,40,35,42,50,42,42,40,46,42,56
2582,OG,60,1,59,48,38,37,44,47,44,72,43,53,48,53,45,59,44,52,50,59,52
2582,OG,60,2,24,40,32,39,37,36,43,26,30,37,39,34,42,48,39,42,39,45,41
2582,OG,61,1,41,58,48,36,38,44,44,42,69,42,53,45,52,45,60,42,53,49,59
2582,OG,61,2,25,23,38,31,38,37,36,42,25,31,37,38,34,42,46,41,41,37,44
2582,OG,62,1,41,40,55,47,35,38,43,42,41,68,42,52,45,52,42,61,41,53,48
2582,OG,62,2,25,25,24,36,31,40,37,40,38,26,30,35,39,33,41,44,40,42,38
2582,OG,63,1,26,39,38,54,47,35,37,43,41,41,68,41,48,45,52,44,60,35,52
2582,OG,63,2,21,25,25,23,37,30,39,38,40,38,27,30,36,37,33,39,42,39,42
2582,OG,64,1,23,26,41,37,54,45,35,37,42,42,39,68,36,46,43,51,42,57,36
2582,OG,64,2,13,20,25,24,25,36,30,38,37,40,38,27,28,34,38,33,38,42,39
2582,OG,65,1,15,22,26,41,38,54,42,36,36,40,40,36,66,38,45,43,47,41,56
2582,OG,65,2,10,13,21,24,23,24,35,29,37,37,40,38,26,28,35,38,34,37,41
2582,OG,66,1,19,15,22,26,40,37,54,45,37,36,40,40,36,66,37,43,43,45,39
2582,OG,66,2,12,10,13,20,22,21,21,35,27,37,35,42,35,27,30,34,36,32,37
2582,OG,67,1,14,18,15,22,26,37,36,54,43,35,36,37,38,36,66,36,43,42,45
2582,OG,67,2,13,12,10,13,20,21,22,21,32,26,36,37,39,34,26,29,34,37,30
2582,OG,68,1,8,14,18,15,21,25,37,37,52,42,32,35,37,37,34,61,35,42,39
2582,OG,68,2,13,13,12,10,12,19,21,23,22,31,26,34,36,39,34,26,28,35,36
2582,OG,69,1,14,8,14,18,15,19,25,36,36,49,38,30,35,39,35,35,62,34,41
2582,OG,69,2,15,13,12,12,10,10,18,21,23,21,31,26,35,35,39,35,26,28,35
2582,OG,70,1,12,14,8,14,18,12,18,24,36,31,50,33,31,35,36,34,33,60,34
2582,OG,70,2,9,14,13,12,13,10,10,17,21,23,22,30,23,34,31,38,33,25,28
2582,OG,71,1,15,12,14,9,14,19,10,16,23,34,31,48,32,30,36,35,34,32,58
2582,OG,71,2,9,9,14,13,11,13,10,10,16,19,23,22,29,23,33,29,40,33,26
2582,OG,72,1,5,14,12,13,9,14,19,10,15,23,34,28,45,30,29,34,33,33,32
2582,OG,72,2,11,9,9,13,13,11,13,8,10,13,19,24,21,28,21,30,29,38,32
2582,OG,73,1,6,5,13,12,13,9,15,19,10,15,22,34,29,44,29,28,33,33,31
2582,OG,73,2,5,11,10,9,12,12,11,13,8,8,13,18,24,19,27,19,29,28,36
2582,OG,74,1,11,6,5,13,11,12,9,14,19,10,15,21,34,27,45,28,27,33,31
2582,OG,74,2,11,5,11,9,6,12,12,12,13,8,7,13,19,24,16,26,18,29,25
2582,OG,75,1,12,11,5,5,12,10,10,9,13,19,10,12,20,31,26,44,27,26,32
2582,OG,75,2,5,11,5,10,9,6,13,12,12,13,8,7,13,18,23,15,26,17,29
2582,OG,76,1,10,11,11,5,5,10,10,10,10,13,19,10,12,18,30,25,44,27,26
2582,OG,76,2,6,5,10,5,10,9,6,13,12,12,12,8,7,12,18,21,16,24,17
2582,OG,77,1,7,10,11,11,4,5,9,9,10,9,13,18,10,11,16,29,24,41,23
2582,OG,77,2,9,6,5,9,4,9,8,5,13,12,12,12,8,7,12,18,21,16,23
2582,OG,78,1,5,7,10,10,10,4,5,9,9,8,8,13,17,10,10,16,26,20,39
2582,OG,78,2,5,8,5,5,9,4,9,8,5,12,13,11,12,8,7,12,18,21,14
2582,OG,79,1,6,4,6,9,10,9,4,5,9,8,8,8,13,16,10,9,15,26,18
2582,OG,79,2,3,5,8,5,5,9,4,8,8,5,12,12,11,12,8,7,11,17,21
2582,G,0,1,0,0,0,0,0,0,0,0,0,0,0,0,0,0,0,0,0,0,0
2582,G,0,2,0,0,0,0,0,0,0,0,0,0,0,0,0,0,0,0,0,0,0
2582,G,1,1,0,0,0,0,0,0,0,0,0,0,0,0,0,0,0,0,0,0,0
2582,G,1,2,0,0,0,0,0,0,0,0,0,0,0,0,0,0,0,0,0,0,0
2582,G,2,1,0,0,0,0,0,0,0,0,0,0,0,0,0,0,0,0,0,0,0
2582,G,2,2,0,0,0,0,0,0,0,0,0,0,0,0,0,0,0,0,0,0,0
2582,G,3,1,0,0,0,0,0,0,0,0,0,0,0,0,0,0,0,0,0,0,0
2582,G,3,2,0,0,0,0,0,0,0,0,0,0,0,0,0,0,0,0,0,0,0
2582,G,4,1,0,0,0,0,0,0,0,0,0,0,0,0,0,0,0,0,0,0,0
2582,G,4,2,0,0,0,0,0,0,0,0,0,0,0,0,0,0,0,0,0,0,0
2582,G,5,1,0,0,0,0,0,0,0,0,0,0,0,0,0,0,0,0,0,0,0
2582,G,5,2,0,0,0,0,0,0,0,0,0,0,0,0,0,0,0,0,0,0,0
2582,G,6,1,0,0,0,0,0,0,0,0,0,0,0,0,0,0,0,0,0,0,0
2582,G,6,2,0,0,0,0,0,0,0,0,0,0,0,0,0,0,0,0,0,0,0
2582,G,7,1,0,0,0,0,0,0,0,0,0,0,0,0,0,0,0,0,0,0,0
2582,G,7,2,0,0,0,0,0,0,0,0,0,0,0,0,0,0,0,0,0,0,0
2582,G,8,1,0,0,0,0,0,0,0,0,0,0,0,0,0,0,0,0,0,0,0
2582,G,8,2,0,0,0,0,0,0,0,0,0,0,0,0,0,0,0,0,0,0,0
2582,G,9,1,0,0,0,0,0,0,0,0,0,0,0,0,0,0,0,0,0,0,0
2582,G,9,2,0,0,0,0,0,0,0,0,0,0,0,0,0,0,0,0,0,0,0
2582,G,10,1,0,0,0,0,0,0,0,0,0,0,0,0,0,0,0,0,0,0,0
2582,G,10,2,0,0,0,0,0,0,0,0,0,0,0,0,0,0,0,0,0,0,0
2582,G,11,1,0,0,0,0,0,0,0,0,0,0,0,0,0,0,0,0,0,0,0
2582,G,11,2,0,0,0,0,0,0,0,0,0,0,0,0,0,0,0,0,0,0,0
2582,G,12,1,0,0,0,0,0,0,0,0,0,0,0,0,0,0,0,0,0,0,0
2582,G,12,2,0,0,0,0,0,0,0,0,0,0,0,0,0,0,0,0,0,0,0
2582,G,13,1,0,0,0,0,0,0,0,0,0,0,0,0,0,0,0,0,0,0,0
2582,G,13,2,0,0,0,0,0,0,0,0,0,0,0,0,0,0,0,0,0,0,0
2582,G,14,1,0,0,0,0,0,0,0,0,0,0,0,0,0,0,0,0,0,0,0
2582,G,14,2,0,0,0,0,0,0,0,0,0,0,0,0,0,0,0,0,0,0,0
2582,G,15,1,0,0,0,0,0,0,0,0,0,0,0,0,0,0,0,0,0,0,0
2582,G,15,2,0,0,0,0,0,0,0,0,0,0,0,0,0,0,0,0,0,0,0
2582,G,16,1,0,0,0,0,0,0,0,0,0,0,0,0,0,0,0,0,0,0,0
2582,G,16,2,0,0,0,0,0,0,0,0,0,0,0,0,0,0,0,0,0,0,0
2582,G,17,1,0,0,0,0,0,0,0,0,0,1,0,0,0,0,0,0,0,0,0
2582,G,17,2,0,0,0,0,0,0,0,0,0,1,0,0,0,0,0,0,0,0,0
2582,G,18,1,0,0,1,0,0,0,2,1,0,0,1,0,0,0,0,0,0,0,0
2582,G,18,2,1,0,0,1,1,0,1,0,0,0,1,0,0,0,0,0,0,0,0
2582,G,19,1,0,0,0,0,0,0,0,0,2,0,0,4,0,0,0,0,0,0,0
2582,G,19,2,2,3,0,0,0,3,1,3,4,1,1,1,0,1,1,0,0,3,0
2582,G,20,1,1,0,1,1,0,1,0,0,0,2,0,1,4,0,0,0,0,0,0
2582,G,20,2,0,6,7,4,1,3,3,4,4,7,3,2,2,0,1,0,1,1,2
2582,G,21,1,1,0,2,3,2,1,1,2,0,1,6,4,0,4,0,0,0,2,0
2582,G,21,2,5,1,7,9,4,2,3,6,9,3,11,3,1,3,3,2,1,3,1
2582,G,22,1,1,1,0,3,4,4,2,2,3,4,2,5,1,0,4,4,2,0,1
2582,G,22,2,3,6,4,7,14,9,6,6,4,11,5,15,4,4,3,6,2,2,4
2582,G,23,1,6,1,4,3,5,4,5,4,4,8,6,6,6,1,2,5,9,5,1
2582,G,23,2,12,3,4,8,10,15,9,7,8,10,14,10,20,6,4,3,9,5,3
2582,G,24,1,5,6,1,5,5,4,6,8,8,5,12,10,10,7,1,4,7,11,9
2582,G,24,2,7,13,7,7,9,16,18,16,15,12,12,18,12,21,10,9,6,8,9
2582,G,25,1,5,7,9,3,10,9,9,6,11,10,9,12,3,10,8,3,5,10,12
2582,G,25,2,12,12,14,7,15,9,22,19,21,20,13,16,21,15,21,11,7,9,13
2582,G,26,1,10,7,10,10,7,11,13,12,14,18,15,16,16,8,11,10,5,9,15
2582,G,26,2,20,14,17,18,12,21,17,29,18,24,25,23,21,29,19,24,16,11,13
2582,G,27,1,9,13,10,12,18,13,19,20,21,20,19,29,20,25,10,11,15,10,10
2582,G,27,2,21,25,18,19,24,18,29,30,34,27,29,35,24,23,27,24,27,21,18
2582,G,28,1,19,13,14,14,16,24,16,23,27,27,26,25,32,30,26,14,11,18,15
2582,G,28,2,28,25,31,27,22,33,28,35,34,42,36,34,38,35,27,24,25,28,24
2582,G,29,1,23,21,16,22,17,18,28,26,28,32,27,32,26,34,34,25,19,15,21
2582,G,29,2,37,38,28,37,42,27,34,29,42,45,50,46,42,45,38,32,33,27,31
2582,G,30,1,28,25,28,20,33,22,23,36,27,32,38,33,32,30,34,37,35,22,15
2582,G,30,2,31,36,35,32,42,52,34,37,43,44,51,57,53,48,47,43,45,43,30
2582,G,31,1,33,34,28,34,25,39,29,27,44,33,39,45,39,35,31,36,46,36,33
2582,G,31,2,56,36,39,39,38,48,58,43,41,40,52,59,62,58,49,47,52,47,49
2582,G,32,1,37,45,36,31,38,39,48,38,37,46,40,42,50,47,41,39,44,46,40
2582,G,32,2,55,68,42,40,44,45,54,58,42,44,46,54,61,54,62,48,52,58,54
2582,G,33,1,35,43,41,37,35,41,51,52,46,39,47,45,45,49,46,44,38,46,54
2582,G,33,2,62,59,73,44,41,48,46,53,60,45,49,55,56,64,60,62,54,60,59
2582,G,34,1,49,41,50,44,36,42,45,52,56,57,45,53,39,53,51,47,41,41,54
2582,G,34,2,67,65,61,77,49,48,50,52,53,64,48,54,52,60,70,67,67,59,58
2582,G,35,1,63,52,44,54,54,41,52,45,57,57,56,52,59,41,63,50,50,47,44
2582,G,35,2,71,76,66,68,79,51,54,52,53,60,71,59,55,57,65,71,70,68,63
2582,G,36,1,61,69,53,44,58,63,43,55,47,63,66,67,56,62,44,62,53,53,52
2582,G,36,2,66,67,77,66,67,85,54,56,56,57,68,75,63,57,65,62,69,76,79
2582,G,37,1,60,65,69,51,48,62,69,46,58,57,65,68,71,59,62,39,62,57,62
2582,G,37,2,57,72,69,81,70,66,89,60,62,56,59,69,75,61,61,64,63,73,79
2582,G,38,1,60,62,66,77,50,50,65,74,50,61,61,73,69,73,62,66,47,69,53
2582,G,38,2,79,61,71,73,85,76,73,95,61,64,62,66,66,73,59,58,64,67,77
2582,G,39,1,75,66,64,68,82,50,57,64,73,52,60,66,74,67,72,60,71,50,72
2582,G,39,2,90,79,63,72,71,90,85,72,98,62,65,64,71,68,74,63,60,63,73
2582,G,40,1,112,81,72,63,70,88,52,61,67,79,55,64,67,71,68,75,63,68,55
2582,G,40,2,82,89,81,64,79,76,96,90,74,98,64,65,67,72,66,70,63,60,64
2582,G,41,1,91,111,79,70,69,75,95,56,61,69,80,55,66,69,73,70,73,62,72
2582,G,41,2,101,85,90,79,71,81,73,100,85,75,96,66,62,62,68,69,64,60,63
2582,G,42,1,90,95,112,80,71,76,81,106,59,65,70,80,54,64,68,72,70,80,62
2582,G,42,2,93,96,85,86,84,77,79,77,101,92,80,100,64,63,66,69,70,65,60
2582,G,43,1,59,94,99,108,82,76,81,84,109,67,68,72,82,56,64,71,71,73,85
2582,G,43,2,91,99,95,84,90,83,78,85,80,99,93,80,97,70,62,67,68,74,67
2582,G,44,1,75,62,98,96,115,79,78,91,88,103,68,67,73,81,56,57,71,72,76
2582,G,44,2,83,84,98,97,87,90,82,78,85,79,99,97,84,99,66,67,66,64,75
2582,G,45,1,84,69,60,97,102,117,79,85,88,84,104,70,67,75,81,56,55,73,74
2582,G,45,2,91,85,89,102,99,91,87,87,77,88,81,99,94,88,98,65,71,64,64
2582,G,46,1,83,83,72,63,98,103,121,80,83,87,81,103,70,69,73,77,60,57,81
2582,G,46,2,101,93,86,87,102,99,94,88,83,75,85,80,96,94,93,99,64,74,64
2582,G,47,1,101,84,84,73,63,101,104,115,79,82,83,86,103,75,68,73,77,62,55
2582,G,47,2,89,100,88,87,87,105,100,92,82,89,78,87,79,100,92,91,104,66,77
2582,G,48,1,84,102,83,89,70,65,96,104,113,77,86,85,83,104,80,71,73,74,65
2582,G,48,2,99,90,96,89,85,87,104,101,95,86,90,81,90,77,102,96,91,104,68
2582,G,49,1,94,82,101,84,87,67,69,92,102,115,80,83,85,83,100,79,75,76,79
2582,G,49,2,123,100,95,98,86,87,88,103,101,93,87,88,82,89,76,103,95,88,99
2582,G,50,1,127,93,84,102,88,91,67,70,87,102,115,81,86,83,84,103,84,74,79
2582,G,50,2,106,124,103,98,99,93,87,87,101,99,99,87,92,80,86,75,100,97,91
2582,G,51,1,94,126,94,84,103,89,84,64,71,92,98,116,80,81,84,85,100,84,72
2582,G,51,2,108,104,126,102,97,99,93,83,85,97,96,93,87,89,78,83,75,103,101
2582,G,52,1,111,93,127,95,85,103,91,81,64,67,94,99,116,82,80,85,86,101,85
2582,G,52,2,122,107,106,125,107,97,97,96,81,83,99,94,92,91,90,77,83,74,102
2582,G,53,1,104,110,93,123,97,86,105,90,82,68,68,95,100,119,87,81,86,87,102
2582,G,53,2,122,121,107,106,122,109,98,100,96,79,80,95,97,92,92,93,79,85,77
2582,G,54,1,115,105,109,92,123,102,82,106,88,82,68,71,97,100,118,85,85,84,89
2582,G,54,2,113,122,118,106,105,123,107,98,97,93,75,80,97,102,92,90,97,79,82
2582,G,55,1,107,115,104,107,94,125,100,84,108,88,83,71,71,100,100,117,83,86,79
2582,G,55,2,109,115,123,116,105,106,124,111,94,99,91,74,84,94,100,92,91,100,78
2582,G,56,1,126,110,113,105,105,96,126,99,83,108,86,78,71,69,102,102,120,80,85
2582,G,56,2,126,112,115,121,114,105,104,120,109,96,103,94,76,82,92,100,89,86,99
2582,G,57,1,132,128,107,113,105,106,97,126,97,83,109,85,80,72,69,98,99,119,81
2582,G,57,2,129,122,110,113,121,112,100,103,117,106,92,102,92,77,82,90,100,91,82
2582,G,58,1,152,131,125,106,111,107,104,97,125,96,82,111,86,78,75,70,97,100,117
2582,G,58,2,138,127,121,106,113,120,108,101,102,117,110,92,101,91,79,80,94,98,88
2582,G,59,1,131,149,129,123,104,109,104,104,95,124,98,83,112,87,80,75,72,101,100
2582,G,59,2,161,132,128,122,104,113,118,109,102,103,119,112,94,101,89,77,80,92,98
2582,G,60,1,151,131,150,128,123,103,111,106,104,94,124,100,87,112,84,83,74,71,103
2582,G,60,2,151,163,132,122,121,104,114,117,111,101,102,120,113,92,103,85,77,79,93
2582,G,61,1,123,149,130,150,131,120,101,111,109,108,93,123,99,88,116,81,81,75,73
2582,G,61,2,114,147,163,129,121,119,97,112,119,110,101,96,117,112,93,100,87,81,80
2582,G,62,1,156,119,150,129,146,129,116,102,109,101,109,90,124,95,90,115,78,81,76
2582,G,62,2,124,114,143,160,127,120,118,99,114,115,109,101,95,117,114,91,97,86,77
2582,G,63,1,130,154,119,151,129,150,126,114,101,110,102,107,93,125,93,86,115,81,81
2582,G,63,2,123,121,112,140,162,122,118,114,97,114,116,107,101,93,116,114,90,94,84
2582,G,64,1,120,124,153,119,152,128,146,123,115,100,109,98,107,92,125,91,89,110,79
2582,G,64,2,94,122,119,113,139,160,121,115,113,95,115,116,108,101,90,115,112,94,88
2582,G,65,1,108,120,126,150,118,152,130,142,121,113,100,107,92,103,91,126,91,87,113
2582,G,65,2,82,92,120,117,110,137,155,116,115,110,93,111,117,105,100,89,119,109,91
2582,G,66,1,85,107,119,121,148,114,153,130,141,119,116,99,110,92,104,91,124,91,86
2582,G,66,2,90,81,90,118,118,114,135,156,115,115,107,90,107,113,103,102,89,119,110
2582,G,67,1,83,81,101,118,120,145,113,148,127,138,117,118,100,107,91,101,92,124,89
2582,G,67,2,94,89,78,84,115,116,111,133,156,107,112,99,92,105,114,99,101,85,120
2582,G,68,1,86,83,79,98,120,120,141,108,144,123,136,113,118,98,106,90,101,88,124
2582,G,68,2,78,92,86,77,83,109,111,105,131,151,105,110,96,89,101,112,95,97,84
2582,G,69,1,89,86,82,79,99,116,118,143,107,144,122,133,115,115,97,107,87,102,88
2582,G,69,2,82,77,86,80,74,82,108,110,101,130,146,101,105,93,88,98,108,93,94
2582,G,70,1,94,85,86,81,77,99,113,112,140,105,140,122,131,116,113,95,106,89,99
2582,G,70,2,82,78,76,85,76,76,84,103,107,97,128,141,101,106,96,88,99,104,90
2582,G,71,1,66,94,82,83,79,77,96,111,108,135,104,132,116,126,113,112,95,104,85
2582,G,71,2,84,80,77,76,83,75,71,76,102,106,94,127,133,98,106,92,89,98,99
2582,G,72,1,77,67,95,80,83,78,74,97,109,103,128,101,130,111,124,112,110,95,103
2582,G,72,2,63,83,73,77,75,80,73,69,72,98,106,92,126,127,94,105,88,85,97
2582,G,73,1,73,75,62,93,77,79,74,73,93,104,102,124,97,129,108,121,109,108,92
2582,G,73,2,55,62,81,72,77,66,76,70,69,68,96,102,89,123,118,92,99,78,81
2582,G,74,1,72,70,74,60,93,75,74,71,73,93,102,99,117,93,125,104,117,104,105
2582,G,74,2,65,52,58,78,67,72,62,72,66,67,65,94,95,87,117,110,92,97,77
2582,G,75,1,70,71,66,72,56,89,76,69,70,72,86,100,97,117,88,123,103,107,103
2582,G,75,2,51,61,47,57,71,60,69,56,72,62,67,65,87,85,86,113,109,91,95
2582,G,76,1,73,67,67,66,69,54,85,74,67,68,70,85,99,93,114,82,119,100,103
2582,G,76,2,53,48,50,42,52,67,53,68,54,70,57,61,63,83,81,79,107,106,83
2582,G,77,1,65,71,63,61,59,60,50,81,71,65,68,63,77,97,88,106,80,117,99
2582,G,77,2,55,49,46,49,40,51,64,50,67,45,65,56,53,60,73,75,78,98,105
2582,G,78,1,56,63,63,57,53,55,53,48,80,64,63,64,61,72,92,79,102,73,112
2582,G,78,2,56,54,43,41,47,36,47,61,45,63,44,58,55,50,57,66,68,68,96
2582,G,79,1,49,53,59,58,54,49,53,49,47,72,61,57,61,58,66,87,80,95,70
2582,G,79,2,36,50,49,38,34,40,30,42,57,41,56,40,53,51,44,54,62,62,60
2582,SK,0,1,0,0,0,0,0,0,0,0,0,0,0,0,0,0,0,0,0,0,0
2582,SK,0,2,0,0,0,0,0,0,0,0,0,0,0,0,0,0,0,0,0,0,0
2582,SK,1,1,0,0,0,0,0,0,0,0,0,0,0,0,0,0,0,0,0,0,0
2582,SK,1,2,0,0,0,0,0,0,0,0,0,0,0,0,0,0,0,0,0,0,0
2582,SK,2,1,0,0,0,0,0,0,0,0,0,0,0,0,0,0,0,0,0,0,0
2582,SK,2,2,0,0,0,0,0,0,0,0,0,0,0,0,0,0,0,0,0,0,0
2582,SK,3,1,0,0,0,0,0,0,0,0,0,0,0,0,0,0,0,0,0,0,0
2582,SK,3,2,0,0,0,0,0,0,0,0,0,0,0,0,0,0,0,0,0,0,0
2582,SK,4,1,0,0,0,0,0,0,0,0,0,0,0,0,0,0,0,0,0,0,0
2582,SK,4,2,0,0,0,0,0,0,0,0,0,0,0,0,0,0,0,0,0,0,0
2582,SK,5,1,0,0,0,0,0,0,0,0,0,0,0,0,0,0,0,0,0,0,0
2582,SK,5,2,0,0,0,0,0,0,0,0,0,0,0,0,0,0,0,0,0,0,0
2582,SK,6,1,0,0,0,0,0,0,0,0,0,0,0,0,0,0,0,0,0,0,0
2582,SK,6,2,0,0,0,0,0,0,0,0,0,0,0,0,0,0,0,0,0,0,0
2582,SK,7,1,0,0,0,0,0,0,0,0,0,0,0,0,0,0,0,0,0,0,0
2582,SK,7,2,0,0,0,0,0,0,0,0,0,0,0,0,0,0,0,0,0,0,0
2582,SK,8,1,0,0,0,0,0,0,0,0,0,0,0,0,0,0,0,0,0,0,0
2582,SK,8,2,0,0,0,0,0,0,0,0,0,0,0,0,0,0,0,0,0,0,0
2582,SK,9,1,0,0,0,0,0,0,0,0,0,0,0,0,0,0,0,0,0,0,0
2582,SK,9,2,0,0,0,0,0,0,0,0,0,0,0,0,0,0,0,0,0,0,0
2582,SK,10,1,0,0,0,0,0,0,0,0,0,0,0,0,0,0,0,0,0,0,0
2582,SK,10,2,0,0,0,0,0,0,0,0,0,0,0,0,0,0,0,0,0,0,0
2582,SK,11,1,0,0,0,0,0,0,0,0,0,0,0,0,0,0,0,0,0,0,0
2582,SK,11,2,0,0,0,0,0,0,0,0,0,0,0,0,0,0,0,0,0,0,0
2582,SK,12,1,0,0,0,0,0,0,0,0,0,0,0,0,0,0,0,0,0,0,0
2582,SK,12,2,0,0,0,0,0,0,0,0,0,0,0,0,0,0,0,0,0,0,0
2582,SK,13,1,0,0,0,0,0,0,0,0,0,0,0,0,0,0,0,0,0,0,0
2582,SK,13,2,0,0,0,0,0,0,0,0,0,0,0,0,0,0,0,0,0,0,0
2582,SK,14,1,0,0,0,0,0,0,0,0,0,0,0,0,0,0,0,0,0,0,0
2582,SK,14,2,0,0,0,0,0,0,0,0,0,0,0,0,0,0,0,0,0,0,0
2582,SK,15,1,0,0,0,0,0,0,0,0,0,0,0,0,0,0,0,0,0,0,0
2582,SK,15,2,0,0,0,0,0,0,0,0,0,0,0,0,0,0,0,0,0,0,0
2582,SK,16,1,0,0,0,0,0,0,0,0,0,0,0,0,0,0,0,0,0,0,0
2582,SK,16,2,0,0,0,0,0,0,0,0,0,0,0,0,0,0,0,0,0,0,0
2582,SK,17,1,0,0,0,0,0,0,0,0,0,0,0,0,0,0,0,0,0,0,0
2582,SK,17,2,0,0,0,0,0,0,0,0,0,0,0,0,0,0,0,0,0,0,0
2582,SK,18,1,0,0,0,0,0,0,0,0,0,0,0,0,0,0,0,0,0,0,0
2582,SK,18,2,0,0,0,0,0,0,0,0,0,0,0,0,0,0,0,0,0,0,0
2582,SK,19,1,0,0,0,0,0,0,0,0,0,0,0,0,0,0,0,0,0,0,0
2582,SK,19,2,0,0,0,0,0,0,0,1,0,0,0,0,0,0,0,0,0,0,0
2582,SK,20,1,0,0,0,0,0,0,0,0,0,0,0,0,0,0,0,0,0,0,0
2582,SK,20,2,0,0,0,0,0,0,0,0,0,0,0,0,0,0,0,0,0,0,0
2582,SK,21,1,0,0,0,0,0,0,0,0,0,0,0,0,0,0,0,0,0,0,0
2582,SK,21,2,2,0,0,0,0,0,0,0,0,1,1,0,0,0,0,0,0,0,0
2582,SK,22,1,0,0,0,0,0,0,0,0,0,0,0,0,0,0,0,0,0,0,0
2582,SK,22,2,1,4,0,0,1,0,0,0,1,0,2,1,0,0,0,0,0,0,0
2582,SK,23,1,1,0,0,0,1,0,1,0,0,0,0,0,0,0,0,0,0,0,0
2582,SK,23,2,1,1,5,0,1,3,1,1,0,1,0,3,1,1,1,0,0,0,0
2582,SK,24,1,0,1,1,0,0,3,0,0,1,0,0,1,0,1,0,1,0,1,0
2582,SK,24,2,0,3,1,2,0,3,4,1,1,2,0,0,4,0,3,3,0,2,0
2582,SK,25,1,1,1,1,0,0,0,1,0,0,1,0,0,1,1,2,0,1,0,1
2582,SK,25,2,0,0,3,1,1,2,3,4,2,3,3,1,0,4,2,5,2,0,2
2582,SK,26,1,0,2,2,1,0,0,0,0,0,1,1,0,2,0,1,1,1,0,0
2582,SK,26,2,1,0,1,3,1,4,1,2,4,2,1,4,0,1,5,2,4,3,1
2582,SK,27,1,1,0,2,1,2,0,2,0,1,0,3,1,0,2,0,1,2,1,2
2582,SK,27,2,2,3,1,2,7,3,7,1,2,4,2,0,6,2,4,5,5,4,3
2582,SK,28,1,3,1,1,3,4,4,2,3,1,0,1,2,2,0,2,1,2,2,2
2582,SK,28,2,1,3,3,1,2,6,3,8,3,3,4,3,1,6,2,5,8,6,4
2582,SK,29,1,0,4,1,1,2,4,3,2,1,3,2,3,4,5,2,3,2,2,2
2582,SK,29,2,4,2,2,2,2,4,5,2,8,3,3,7,5,5,7,5,5,8,8
2582,SK,30,1,2,3,3,3,3,4,4,2,4,0,4,3,5,8,8,4,3,2,5
2582,SK,30,2,2,6,3,2,7,4,5,9,4,9,3,4,9,8,8,6,5,5,9
2582,SK,31,1,7,3,3,3,3,4,4,4,3,6,1,4,4,7,8,9,5,5,4
2582,SK,31,2,7,2,6,3,1,8,4,6,10,6,12,3,5,8,10,10,7,7,8
2582,SK,32,1,5,6,3,3,6,3,3,6,4,5,6,4,6,5,6,7,7,7,6
2582,SK,32,2,5,5,1,10,3,3,9,4,6,12,8,15,7,10,9,12,10,7,7
2582,SK,33,1,8,3,9,5,6,6,3,6,6,6,7,6,6,6,8,6,10,10,7
2582,SK,33,2,11,8,5,6,13,3,6,12,4,11,10,12,16,9,10,17,13,8,8
2582,SK,34,1,4,7,5,11,7,3,8,5,11,5,4,6,8,6,8,11,7,10,11
2582,SK,34,2,7,12,7,10,9,14,5,9,12,6,10,9,15,19,11,11,17,14,11
2582,SK,35,1,12,4,5,5,13,6,5,8,4,10,5,6,9,6,6,11,12,9,12
2582,SK,35,2,14,9,14,7,10,9,12,6,9,13,5,8,13,17,15,14,13,19,15
2582,SK,36,1,3,12,4,5,6,10,7,9,9,6,8,2,7,7,7,8,13,12,9
2582,SK,36,2,20,17,7,14,8,10,9,10,5,10,16,4,9,14,17,17,12,11,20
2582,SK,37,1,13,4,12,3,5,8,9,8,11,9,8,10,3,12,10,8,9,12,10
2582,SK,37,2,22,20,15,7,15,14,12,11,11,8,12,16,8,12,14,15,16,13,14
2582,SK,38,1,15,15,4,11,7,5,10,8,8,12,10,10,11,6,13,11,7,9,16
2582,SK,38,2,25,24,18,14,11,17,15,16,9,13,7,15,17,14,12,15,18,20,13
2582,SK,39,1,17,17,16,4,13,9,5,12,11,7,14,10,12,12,10,17,10,6,10
2582,SK,39,2,28,27,26,19,17,15,19,15,16,11,14,10,18,18,14,12,17,19,21
2582,SK,40,1,19,21,15,17,7,20,12,7,13,14,6,13,12,12,11,11,15,11,10
2582,SK,40,2,27,29,26,25,20,14,16,17,20,18,15,14,9,21,21,18,15,18,21
2582,SK,41,1,20,22,18,18,17,6,19,13,9,12,16,7,14,14,13,11,11,17,12
2582,SK,41,2,21,27,30,25,26,20,16,18,23,23,24,13,16,17,23,21,19,16,20
2582,SK,42,1,16,22,25,16,20,14,8,16,10,10,13,18,12,15,14,14,13,12,21
2582,SK,42,2,39,27,30,32,20,25,21,15,20,21,20,24,15,17,19,20,21,22,21
2582,SK,43,1,21,17,23,30,19,17,13,8,13,11,10,12,18,13,18,16,14,13,12
2582,SK,43,2,29,35,27,35,38,21,25,18,14,19,22,21,25,16,17,19,18,19,24
2582,SK,44,1,25,25,19,25,30,26,20,13,8,14,10,9,16,20,16,22,16,19,17
2582,SK,44,2,40,34,33,28,37,38,26,27,18,15,21,24,23,26,18,15,18,24,23
2582,SK,45,1,28,31,28,17,21,31,26,20,14,9,18,13,8,15,21,19,21,18,25
2582,SK,45,2,20,39,34,30,26,32,41,29,29,19,16,24,27,21,27,20,17,23,23
2582,SK,46,1,25,29,29,29,17,21,34,27,19,17,12,19,14,17,16,23,18,21,22
2582,SK,46,2,37,20,38,38,31,30,33,38,32,30,20,16,27,30,22,31,21,17,19
2582,SK,47,1,33,24,27,29,29,17,25,37,30,19,18,11,19,14,20,15,23,18,28
2582,SK,47,2,43,38,24,38,39,28,29,34,38,31,32,20,16,25,31,26,28,20,17
2582,SK,48,1,26,33,26,25,30,25,21,27,35,31,16,16,17,20,15,20,14,23,21
2582,SK,48,2,44,42,41,28,38,40,25,30,31,34,32,28,20,19,23,32,25,28,24
2582,SK,49,1,44,30,31,23,27,33,24,22,27,37,31,18,17,17,25,17,20,15,21
2582,SK,49,2,41,43,38,36,33,38,36,31,27,32,36,31,23,22,19,29,32,24,31
2582,SK,50,1,35,45,31,33,21,28,33,25,23,29,43,29,19,21,16,25,19,21,19
2582,SK,50,2,25,41,43,37,35,28,39,33,30,30,34,37,32,24,23,20,32,32,22
2582,SK,51,1,28,38,43,33,33,21,32,33,26,22,29,45,33,23,23,15,30,18,23
2582,SK,51,2,40,29,39,41,37,33,27,41,35,29,31,39,37,34,25,26,22,32,29
2582,SK,52,1,38,28,35,44,31,32,21,36,30,25,24,30,48,33,25,26,19,34,20
2582,SK,52,2,31,41,31,40,37,36,35,26,42,39,27,36,40,31,36,30,27,26,31
2582,SK,53,1,41,38,29,38,44,31,31,22,37,27,23,24,31,46,31,27,27,20,30
2582,SK,53,2,51,29,41,30,42,35,35,32,28,44,40,31,35,39,30,36,25,26,25
2582,SK,54,1,35,42,40,31,38,41,32,28,21,36,32,22,24,32,48,31,25,27,22
2582,SK,54,2,39,48,33,41,30,43,35,33,37,28,46,39,29,36,38,30,33,27,30
2582,SK,55,1,34,34,38,41,31,39,42,33,28,26,34,29,26,21,30,49,31,24,29
2582,SK,55,2,51,40,45,30,39,31,40,32,36,36,31,44,37,30,34,38,29,33,27
2582,SK,56,1,36,33,32,35,41,31,37,44,35,29,27,34,28,26,23,30,44,35,23
2582,SK,56,2,35,51,37,46,36,39,31,45,32,37,35,29,42,39,30,34,37,29,34
2582,SK,57,1,33,35,34,31,35,41,29,39,46,35,26,25,34,27,26,24,30,47,31
2582,SK,57,2,38,36,51,35,46,35,44,31,47,34,42,35,30,42,41,32,33,38,28
2582,SK,58,1,22,34,34,35,33,32,41,30,40,46,37,26,27,33,26,28,24,29,49
2582,SK,58,2,63,37,33,49,34,45,38,46,31,43,33,41,35,27,43,43,34,35,39
2582,SK,59,1,32,24,35,36,37,33,31,42,30,40,49,38,25,27,33,27,26,26,30
2582,SK,59,2,34,63,37,32,50,37,45,39,45,31,41,34,39,38,26,43,43,38,35
2582,SK,60,1,37,30,23,35,38,37,33,32,42,31,38,42,35,25,28,32,26,23,26
2582,SK,60,2,53,34,63,38,34,49,36,44,37,46,30,41,35,42,39,28,42,43,37
2582,SK,61,1,42,36,32,24,37,39,34,35,33,42,34,37,44,33,23,29,32,26,22
2582,SK,61,2,40,52,34,63,34,31,50,38,44,38,45,32,38,35,42,39,27,42,39
2582,SK,62,1,52,42,35,30,24,37,41,33,34,35,41,34,34,44,32,24,30,29,28
2582,SK,62,2,33,41,53,34,62,34,33,49,34,43,36,46,31,41,33,43,38,28,44
2582,SK,63,1,41,49,42,35,28,23,40,40,30,33,31,38,32,32,44,35,25,29,31
2582,SK,63,2,43,33,45,54,34,61,37,32,48,33,43,37,43,30,42,33,43,40,24
2582,SK,64,1,36,42,47,43,35,29,20,39,38,32,34,31,37,33,34,44,35,23,30
2582,SK,64,2,29,43,33,44,51,34,62,36,30,50,36,43,35,44,30,43,33,42,41
2582,SK,65,1,25,37,42,46,42,36,29,23,39,35,32,33,30,35,32,36,43,36,23
2582,SK,65,2,20,28,44,35,44,47,35,62,33,30,47,35,44,39,45,27,41,30,40
2582,SK,66,1,27,23,34,40,45,42,33,29,21,39,34,31,33,31,35,31,37,41,34
2582,SK,66,2,31,19,28,45,38,40,47,34,61,31,30,46,35,43,37,44,26,40,28
2582,SK,67,1,26,27,24,30,41,43,42,34,29,21,37,34,31,34,33,35,30,38,42
2582,SK,67,2,31,29,21,30,47,39,38,47,33,62,31,30,44,36,41,36,44,26,40
2582,SK,68,1,18,25,27,24,29,38,44,42,29,29,24,36,34,31,35,33,33,29,37
2582,SK,68,2,24,31,29,20,31,46,38,37,49,32,61,30,30,45,38,43,35,45,26
2582,SK,69,1,19,17,24,27,23,29,34,43,40,27,28,26,35,33,29,36,32,31,30
2582,SK,69,2,30,23,31,31,20,30,47,33,35,49,31,61,29,29,41,36,43,36,44
2582,SK,70,1,11,17,17,24,27,22,29,31,42,34,26,30,25,35,33,28,36,30,30
2582,SK,70,2,20,31,23,32,31,19,29,47,31,36,47,30,60,30,28,39,35,40,35
2582,SK,71,1,26,12,17,17,24,27,22,28,29,43,30,26,32,26,37,29,27,36,29
2582,SK,71,2,32,19,30,22,32,30,19,30,45,31,35,46,30,61,29,28,39,33,40
2582,SK,72,1,27,25,10,17,16,23,27,21,28,29,41,27,25,32,24,37,28,24,37
2582,SK,72,2,18,32,20,31,21,33,30,19,30,45,31,35,46,30,59,29,31,40,32
2582,SK,73,1,21,27,24,11,16,15,22,27,21,27,27,40,25,23,32,23,33,27,23
2582,SK,73,2,23,18,33,19,29,20,33,34,18,29,44,32,34,44,30,60,29,29,40
2582,SK,74,1,15,18,21,25,10,14,14,22,26,20,28,28,41,25,22,30,24,34,27
2582,SK,74,2,19,22,18,32,18,29,19,33,33,18,29,42,30,33,43,28,56,29,25
2582,SK,75,1,19,12,17,20,24,11,11,13,23,26,20,28,26,39,24,22,31,23,32
2582,SK,75,2,17,18,21,17,32,17,28,18,33,33,17,29,42,31,32,43,27,54,28
2582,SK,76,1,10,15,11,16,20,22,9,9,12,21,24,19,28,24,39,23,22,30,22
2582,SK,76,2,24,17,19,18,17,29,16,29,17,32,32,17,31,40,30,32,45,27,53
2582,SK,77,1,10,9,13,10,15,19,20,9,8,12,20,24,22,28,25,35,23,20,26
2582,SK,77,2,15,24,14,19,18,17,28,16,29,16,29,29,17,29,39,29,30,44,28
2582,SK,78,1,11,9,10,12,10,15,19,19,10,6,12,18,24,21,27,26,33,23,19
2582,SK,78,2,19,13,24,13,18,19,17,28,15,29,16,29,29,17,28,36,29,29,42
2582,SK,79,1,10,10,8,10,11,9,12,15,18,9,6,11,19,20,21,26,26,31,22
2582,SK,79,2,14,18,14,23,13,16,18,15,27,14,29,16,27,28,17,29,34,28,29
2582,ÄNKL,0,1,0,0,0,0,0,0,0,0,0,0,0,0,0,0,0,0,0,0,0
2582,ÄNKL,0,2,0,0,0,0,0,0,0,0,0,0,0,0,0,0,0,0,0,0,0
2582,ÄNKL,1,1,0,0,0,0,0,0,0,0,0,0,0,0,0,0,0,0,0,0,0
2582,ÄNKL,1,2,0,0,0,0,0,0,0,0,0,0,0,0,0,0,0,0,0,0,0
2582,ÄNKL,2,1,0,0,0,0,0,0,0,0,0,0,0,0,0,0,0,0,0,0,0
2582,ÄNKL,2,2,0,0,0,0,0,0,0,0,0,0,0,0,0,0,0,0,0,0,0
2582,ÄNKL,3,1,0,0,0,0,0,0,0,0,0,0,0,0,0,0,0,0,0,0,0
2582,ÄNKL,3,2,0,0,0,0,0,0,0,0,0,0,0,0,0,0,0,0,0,0,0
2582,ÄNKL,4,1,0,0,0,0,0,0,0,0,0,0,0,0,0,0,0,0,0,0,0
2582,ÄNKL,4,2,0,0,0,0,0,0,0,0,0,0,0,0,0,0,0,0,0,0,0
2582,ÄNKL,5,1,0,0,0,0,0,0,0,0,0,0,0,0,0,0,0,0,0,0,0
2582,ÄNKL,5,2,0,0,0,0,0,0,0,0,0,0,0,0,0,0,0,0,0,0,0
2582,ÄNKL,6,1,0,0,0,0,0,0,0,0,0,0,0,0,0,0,0,0,0,0,0
2582,ÄNKL,6,2,0,0,0,0,0,0,0,0,0,0,0,0,0,0,0,0,0,0,0
2582,ÄNKL,7,1,0,0,0,0,0,0,0,0,0,0,0,0,0,0,0,0,0,0,0
2582,ÄNKL,7,2,0,0,0,0,0,0,0,0,0,0,0,0,0,0,0,0,0,0,0
2582,ÄNKL,8,1,0,0,0,0,0,0,0,0,0,0,0,0,0,0,0,0,0,0,0
2582,ÄNKL,8,2,0,0,0,0,0,0,0,0,0,0,0,0,0,0,0,0,0,0,0
2582,ÄNKL,9,1,0,0,0,0,0,0,0,0,0,0,0,0,0,0,0,0,0,0,0
2582,ÄNKL,9,2,0,0,0,0,0,0,0,0,0,0,0,0,0,0,0,0,0,0,0
2582,ÄNKL,10,1,0,0,0,0,0,0,0,0,0,0,0,0,0,0,0,0,0,0,0
2582,ÄNKL,10,2,0,0,0,0,0,0,0,0,0,0,0,0,0,0,0,0,0,0,0
2582,ÄNKL,11,1,0,0,0,0,0,0,0,0,0,0,0,0,0,0,0,0,0,0,0
2582,ÄNKL,11,2,0,0,0,0,0,0,0,0,0,0,0,0,0,0,0,0,0,0,0
2582,ÄNKL,12,1,0,0,0,0,0,0,0,0,0,0,0,0,0,0,0,0,0,0,0
2582,ÄNKL,12,2,0,0,0,0,0,0,0,0,0,0,0,0,0,0,0,0,0,0,0
2582,ÄNKL,13,1,0,0,0,0,0,0,0,0,0,0,0,0,0,0,0,0,0,0,0
2582,ÄNKL,13,2,0,0,0,0,0,0,0,0,0,0,0,0,0,0,0,0,0,0,0
2582,ÄNKL,14,1,0,0,0,0,0,0,0,0,0,0,0,0,0,0,0,0,0,0,0
2582,ÄNKL,14,2,0,0,0,0,0,0,0,0,0,0,0,0,0,0,0,0,0,0,0
2582,ÄNKL,15,1,0,0,0,0,0,0,0,0,0,0,0,0,0,0,0,0,0,0,0
2582,ÄNKL,15,2,0,0,0,0,0,0,0,0,0,0,0,0,0,0,0,0,0,0,0
2582,ÄNKL,16,1,0,0,0,0,0,0,0,0,0,0,0,0,0,0,0,0,0,0,0
2582,ÄNKL,16,2,0,0,0,0,0,0,0,0,0,0,0,0,0,0,0,0,0,0,0
2582,ÄNKL,17,1,0,0,0,0,0,0,0,0,0,0,0,0,0,0,0,0,0,0,0
2582,ÄNKL,17,2,0,0,0,0,0,0,0,0,0,0,0,0,0,0,0,0,0,0,0
2582,ÄNKL,18,1,0,0,0,0,0,0,0,0,0,0,0,0,0,0,0,0,0,0,0
2582,ÄNKL,18,2,0,0,0,0,0,0,0,0,0,0,0,0,0,0,0,0,0,0,0
2582,ÄNKL,19,1,0,0,0,0,0,0,0,0,0,0,0,0,0,0,0,0,0,0,0
2582,ÄNKL,19,2,0,0,0,0,0,0,0,0,0,0,0,0,0,0,0,0,0,0,0
2582,ÄNKL,20,1,0,0,0,0,0,0,0,0,0,0,0,0,0,0,0,0,0,0,0
2582,ÄNKL,20,2,0,0,0,0,0,0,0,0,0,0,0,0,0,0,0,0,0,0,0
2582,ÄNKL,21,1,0,0,0,0,0,0,0,0,0,0,0,0,0,0,0,0,0,0,0
2582,ÄNKL,21,2,0,0,0,0,0,0,0,0,0,0,0,0,0,0,0,0,0,0,0
2582,ÄNKL,22,1,0,0,0,0,0,0,0,0,0,0,0,0,0,0,0,0,0,0,0
2582,ÄNKL,22,2,0,0,0,0,0,0,0,0,0,0,0,0,0,0,0,0,0,0,0
2582,ÄNKL,23,1,0,0,0,0,0,0,0,0,0,0,0,0,0,0,0,0,0,0,0
2582,ÄNKL,23,2,0,0,0,0,0,0,0,0,0,1,0,0,0,0,0,0,0,0,0
2582,ÄNKL,24,1,0,0,0,0,0,0,0,0,0,0,0,0,0,0,0,0,0,0,0
2582,ÄNKL,24,2,0,1,0,0,0,0,1,0,0,0,1,0,0,0,0,0,0,0,0
2582,ÄNKL,25,1,0,0,0,0,0,0,0,0,0,0,0,0,0,0,0,0,0,0,0
2582,ÄNKL,25,2,0,0,1,0,0,0,0,1,0,0,0,1,0,0,0,0,0,0,0
2582,ÄNKL,26,1,0,0,0,0,0,0,0,0,0,0,0,0,0,0,0,0,0,0,0
2582,ÄNKL,26,2,0,0,0,1,0,0,0,0,1,0,0,0,1,0,0,0,0,0,0
2582,ÄNKL,27,1,0,0,0,0,0,0,0,0,0,0,0,0,0,0,0,0,0,0,0
2582,ÄNKL,27,2,0,0,0,1,1,0,0,0,0,1,0,0,0,1,0,0,0,0,0
2582,ÄNKL,28,1,0,0,0,0,0,0,0,0,0,0,0,0,0,0,0,0,0,0,0
2582,ÄNKL,28,2,0,0,0,0,1,1,0,0,0,0,1,0,0,0,1,0,0,0,0
2582,ÄNKL,29,1,0,0,0,0,0,0,0,1,0,0,0,0,0,0,0,0,0,0,0
2582,ÄNKL,29,2,0,0,0,0,0,1,1,0,0,0,1,1,0,0,0,1,0,0,0
2582,ÄNKL,30,1,0,0,0,0,0,0,0,0,1,0,0,0,0,0,0,0,0,0,0
2582,ÄNKL,30,2,0,0,0,0,0,0,1,2,0,0,1,2,1,0,0,0,1,1,0
2582,ÄNKL,31,1,0,0,0,0,0,0,0,1,0,1,0,0,0,0,0,0,0,0,0
2582,ÄNKL,31,2,1,0,0,1,0,0,1,1,2,1,0,0,2,1,0,0,0,1,0
2582,ÄNKL,32,1,0,0,0,0,0,0,0,0,1,0,1,1,0,0,1,0,0,0,0
2582,ÄNKL,32,2,0,1,0,0,1,0,1,1,0,2,0,0,0,2,1,1,0,0,1
2582,ÄNKL,33,1,0,0,0,0,0,0,0,0,0,0,0,1,1,0,0,0,0,0,0
2582,ÄNKL,33,2,0,0,1,0,0,2,0,1,1,1,2,0,0,0,2,1,1,0,0
2582,ÄNKL,34,1,1,0,0,0,0,0,0,0,0,0,0,0,1,0,0,0,0,0,0
2582,ÄNKL,34,2,1,0,0,1,0,0,2,0,0,0,1,2,0,0,0,2,1,1,0
2582,ÄNKL,35,1,0,2,0,0,0,0,1,0,0,0,0,0,0,1,0,0,0,0,0
2582,ÄNKL,35,2,0,1,0,0,1,0,0,2,1,0,0,1,2,0,0,0,2,1,1
2582,ÄNKL,36,1,0,0,2,0,0,0,0,1,0,0,0,0,0,0,1,0,0,0,0
2582,ÄNKL,36,2,0,0,2,0,0,1,0,0,2,0,0,0,1,1,0,0,0,2,1
2582,ÄNKL,37,1,0,0,0,0,0,0,0,0,1,0,0,0,0,0,0,1,0,0,0
2582,ÄNKL,37,2,1,0,0,2,0,0,0,0,0,3,0,0,0,1,0,0,0,0,2
2582,ÄNKL,38,1,0,0,0,0,0,0,0,0,0,1,0,0,0,0,0,0,0,0,0
2582,ÄNKL,38,2,1,1,0,0,2,0,1,0,0,0,3,0,0,0,1,2,0,0,0
2582,ÄNKL,39,1,1,0,0,0,0,0,0,0,0,0,1,0,0,1,0,0,0,0,0
2582,ÄNKL,39,2,0,1,1,0,1,2,0,0,0,0,0,3,0,0,1,2,2,0,0
2582,ÄNKL,40,1,0,1,0,0,0,0,0,0,0,0,0,1,0,0,1,0,0,0,0
2582,ÄNKL,40,2,0,0,1,1,0,1,3,0,0,0,0,0,3,0,0,2,1,1,0
2582,ÄNKL,41,1,0,0,1,0,0,0,0,0,0,0,1,0,1,0,0,1,0,0,0
2582,ÄNKL,41,2,0,0,0,1,0,0,1,3,2,1,0,0,0,4,0,0,2,1,1
2582,ÄNKL,42,1,0,0,0,1,0,0,0,0,0,0,0,1,0,1,0,0,1,0,0
2582,ÄNKL,42,2,1,1,1,0,1,0,0,1,2,1,2,0,1,0,4,0,0,1,2
2582,ÄNKL,43,1,0,0,0,0,1,0,0,0,0,0,0,0,1,0,1,0,1,1,0
2582,ÄNKL,43,2,1,1,1,0,0,2,0,1,1,3,1,1,0,1,0,4,0,0,1
2582,ÄNKL,44,1,1,0,0,0,0,1,0,0,0,0,0,0,0,1,0,1,0,1,1
2582,ÄNKL,44,2,0,1,2,1,0,2,1,0,1,1,3,2,1,0,1,0,3,0,0
2582,ÄNKL,45,1,0,1,0,0,0,1,1,0,1,0,0,1,0,0,1,0,2,0,1
2582,ÄNKL,45,2,2,0,2,2,1,0,1,1,0,1,1,3,2,1,0,1,0,3,0
2582,ÄNKL,46,1,1,0,1,1,0,0,1,1,0,1,0,0,1,0,0,1,0,1,0
2582,ÄNKL,46,2,3,3,1,2,1,1,0,1,2,0,1,1,3,2,1,0,1,0,3
2582,ÄNKL,47,1,1,1,0,1,1,0,0,1,1,0,1,0,0,1,0,0,1,0,1
2582,ÄNKL,47,2,3,3,3,1,2,1,1,0,1,1,2,1,2,4,2,2,1,1,0
2582,ÄNKL,48,1,0,1,3,0,1,1,0,1,1,1,0,1,0,0,1,0,0,1,0
2582,ÄNKL,48,2,0,3,4,3,2,1,1,1,0,0,1,2,1,2,4,2,2,1,1
2582,ÄNKL,49,1,0,0,1,3,0,2,1,1,1,0,1,0,1,0,0,1,0,0,1
2582,ÄNKL,49,2,1,0,3,4,4,2,1,1,1,1,0,1,1,2,2,5,2,1,1
2582,ÄNKL,50,1,0,0,0,1,3,0,2,1,1,1,0,1,0,1,0,0,1,0,0
2582,ÄNKL,50,2,7,1,0,3,5,3,2,1,1,1,1,1,1,2,3,2,6,2,2
2582,ÄNKL,51,1,0,0,0,0,1,3,0,2,1,1,1,0,1,1,1,0,0,1,0
2582,ÄNKL,51,2,5,7,1,2,3,4,3,1,2,2,1,2,0,2,3,3,3,5,2
2582,ÄNKL,52,1,2,1,0,1,1,1,2,0,2,1,1,1,2,1,2,1,0,0,1
2582,ÄNKL,52,2,3,5,6,1,2,3,4,3,2,3,1,2,1,0,2,3,4,3,5
2582,ÄNKL,53,1,2,2,1,0,1,2,1,2,0,2,1,1,1,1,1,2,0,0,0
2582,ÄNKL,53,2,6,5,5,7,1,2,4,5,3,2,4,2,1,1,0,2,2,4,2
2582,ÄNKL,54,1,4,1,2,1,0,1,2,2,2,0,2,1,2,1,0,1,2,0,0
2582,ÄNKL,54,2,6,7,6,5,9,1,2,3,4,3,2,4,2,2,1,1,1,2,4
2582,ÄNKL,55,1,1,4,2,2,1,0,2,2,2,2,0,1,2,2,1,0,1,2,1
2582,ÄNKL,55,2,3,6,7,8,5,10,1,3,3,4,2,3,4,3,3,1,2,1,2
2582,ÄNKL,56,1,2,1,5,2,2,1,1,2,2,2,5,0,1,2,2,2,0,1,3
2582,ÄNKL,56,2,5,3,6,7,11,5,10,1,3,2,3,2,4,4,3,4,0,2,3
2582,ÄNKL,57,1,2,2,3,5,2,2,1,1,2,4,2,5,0,1,1,2,2,0,2
2582,ÄNKL,57,2,8,8,4,8,8,11,6,9,2,4,3,6,2,4,5,3,6,0,2
2582,ÄNKL,58,1,6,2,2,4,5,2,2,1,1,2,3,2,5,1,1,1,3,2,1
2582,ÄNKL,58,2,15,9,8,5,9,8,12,7,9,2,3,3,4,3,5,4,2,7,0
2582,ÄNKL,59,1,3,6,2,3,4,4,2,3,1,2,2,3,2,5,1,1,1,2,2
2582,ÄNKL,59,2,14,15,10,8,5,9,8,12,6,10,2,4,3,5,4,6,4,2,8
2582,ÄNKL,60,1,5,4,6,2,4,4,5,2,3,1,2,3,4,2,6,1,1,2,2
2582,ÄNKL,60,2,12,15,16,12,8,6,9,8,12,7,11,2,5,4,5,4,7,4,1
2582,ÄNKL,61,1,4,5,3,6,3,6,4,4,2,3,1,2,3,4,2,5,1,1,2
2582,ÄNKL,61,2,12,13,15,18,11,8,7,12,10,12,6,14,3,6,5,7,4,8,4
2582,ÄNKL,62,1,6,4,7,2,5,3,6,4,4,2,3,2,2,6,4,3,5,1,1
2582,ÄNKL,62,2,12,13,15,19,18,12,9,7,14,9,11,7,14,4,6,7,10,4,10
2582,ÄNKL,63,1,2,7,4,6,2,5,4,6,4,4,2,3,2,3,5,5,4,5,1
2582,ÄNKL,63,2,15,12,13,19,18,21,12,10,10,13,9,12,8,14,4,6,8,9,7
2582,ÄNKL,64,1,3,4,7,3,6,3,6,4,7,6,4,3,3,1,3,4,5,6,4
2582,ÄNKL,64,2,10,16,14,14,19,16,22,16,13,12,13,9,11,9,13,5,8,9,11
2582,ÄNKL,65,1,4,3,4,8,4,5,3,6,6,7,7,4,3,4,1,4,5,5,6
2582,ÄNKL,65,2,23,13,17,15,15,23,19,24,17,13,11,15,8,11,10,13,5,13,8
2582,ÄNKL,66,1,2,5,3,5,9,5,5,2,6,8,7,9,4,3,4,1,4,4,6
2582,ÄNKL,66,2,21,23,14,18,16,15,28,19,26,18,15,12,17,9,12,12,16,5,13
2582,ÄNKL,67,1,3,4,6,4,5,9,5,6,4,6,9,7,9,4,4,4,1,4,5
2582,ÄNKL,67,2,13,21,23,13,18,19,16,28,19,29,19,16,11,18,9,12,12,15,7
2582,ÄNKL,68,1,4,4,6,6,3,7,10,5,7,6,5,10,7,8,4,4,4,2,3
2582,ÄNKL,68,2,26,13,21,22,16,19,24,17,30,23,30,20,14,10,19,11,14,13,15
2582,ÄNKL,69,1,6,5,4,7,5,4,7,11,5,8,6,6,8,7,10,4,5,4,2
2582,ÄNKL,69,2,30,28,16,24,22,16,18,26,18,30,21,31,23,17,13,21,13,14,14
2582,ÄNKL,70,1,8,6,5,4,9,5,6,9,10,5,9,7,7,8,7,10,4,6,5
2582,ÄNKL,70,2,22,32,27,17,23,22,18,21,26,19,32,25,31,25,16,15,22,15,14
2582,ÄNKL,71,1,4,8,8,5,4,10,6,7,10,14,7,8,10,8,8,9,10,5,6
2582,ÄNKL,71,2,27,23,32,27,17,25,25,21,22,28,21,31,24,31,25,18,14,24,17
2582,ÄNKL,72,1,10,4,7,8,4,4,9,7,8,12,18,9,9,11,10,8,8,7,6
2582,ÄNKL,72,2,36,31,27,35,28,19,23,27,25,25,28,23,29,25,36,22,22,16,25
2582,ÄNKL,73,1,11,10,5,8,9,6,5,9,8,10,13,17,10,9,10,10,9,8,7
2582,ÄNKL,73,2,29,33,34,28,35,32,21,24,28,28,27,32,23,31,29,36,25,28,18
2582,ÄNKL,74,1,11,11,8,6,8,10,5,6,9,7,11,14,19,9,9,12,11,11,8
2582,ÄNKL,74,2,43,31,34,38,31,37,35,25,25,28,31,26,36,23,33,30,38,25,28
2582,ÄNKL,75,1,8,10,10,8,8,9,11,8,5,10,8,11,13,19,12,13,12,14,12
2582,ÄNKL,75,2,37,46,33,36,40,37,39,38,26,27,28,32,27,38,22,34,31,36,27
2582,ÄNKL,76,1,8,9,11,10,7,9,9,11,8,6,9,9,13,11,17,16,14,11,16
2582,ÄNKL,76,2,56,38,56,36,37,42,40,42,37,25,29,33,34,27,38,26,36,33,42
2582,ÄNKL,77,1,13,8,10,13,14,8,11,10,11,7,6,13,9,13,14,21,18,13,10
2582,ÄNKL,77,2,51,59,39,55,38,38,40,38,43,41,29,31,39,35,33,39,28,37,36
2582,ÄNKL,78,1,17,13,6,11,13,14,9,12,9,14,8,7,11,8,15,18,22,21,12
2582,ÄNKL,78,2,52,51,58,41,52,40,41,44,39,47,43,31,32,39,32,38,41,34,36
2582,ÄNKL,79,1,13,17,12,9,13,13,12,12,10,8,14,9,7,12,9,12,18,27,18
2582,ÄNKL,79,2,51,56,53,59,42,55,44,43,45,40,47,46,35,35,40,36,39,44,40
2581,OG,0,1,223,211,239,184,203,205,204,214,226,219,234,206,172,236,199,233,199,189,183
2581,OG,0,2,203,201,195,187,198,198,195,238,208,195,200,229,200,203,211,203,186,192,159
2581,OG,1,1,222,228,203,244,191,207,213,210,220,228,234,245,204,177,234,200,237,206,197
2581,OG,1,2,187,209,203,200,192,199,203,199,235,209,204,212,237,200,208,210,211,186,194
2581,OG,2,1,231,225,234,209,243,192,207,218,217,223,240,243,252,211,181,237,202,247,216
2581,OG,2,2,222,185,211,197,196,200,202,209,200,244,213,212,211,244,200,214,216,210,190
2581,OG,3,1,226,237,227,232,212,245,199,211,224,220,223,250,240,253,215,180,248,204,254
2581,OG,3,2,212,224,186,209,197,197,202,204,210,203,251,218,208,211,251,202,214,215,213
2581,OG,4,1,226,227,237,226,232,213,245,201,206,231,225,228,249,239,253,218,178,249,209
2581,OG,4,2,192,215,223,188,214,199,201,208,205,209,213,260,223,218,213,247,201,218,225
2581,OG,5,1,242,227,230,239,227,233,216,249,205,209,244,226,235,248,239,253,223,182,256
2581,OG,5,2,213,198,216,224,188,217,200,200,214,207,213,220,260,228,219,214,247,199,221
2581,OG,6,1,235,237,224,232,239,228,236,221,247,204,216,240,232,234,248,239,251,223,186
2581,OG,6,2,227,214,197,220,223,186,219,200,200,213,208,218,215,258,232,223,217,246,202
2581,OG,7,1,221,239,240,224,230,234,232,239,225,252,205,221,238,237,232,253,236,253,223
2581,OG,7,2,185,229,216,199,222,228,185,220,196,206,221,213,217,216,259,235,227,214,246
2581,OG,8,1,230,221,240,240,228,233,233,233,240,230,256,212,219,245,238,234,254,236,258
2581,OG,8,2,178,184,231,216,203,222,228,190,224,198,211,224,215,218,218,265,237,229,215
2581,OG,9,1,210,233,221,237,241,227,235,232,231,241,231,261,208,225,250,236,238,258,241
2581,OG,9,2,192,180,187,229,217,204,223,232,190,229,203,215,228,221,224,219,264,239,229
2581,OG,10,1,247,212,233,221,238,242,227,237,235,230,246,237,257,213,226,248,237,235,262
2581,OG,10,2,205,192,179,187,229,218,206,224,231,194,230,203,213,232,226,223,222,264,241
2581,OG,11,1,248,248,210,233,221,241,246,232,239,238,238,250,238,261,214,229,246,237,235
2581,OG,11,2,234,208,191,179,185,232,218,206,229,235,194,227,202,214,233,227,225,224,266
2581,OG,12,1,269,245,246,207,237,225,238,249,235,239,244,246,244,237,262,216,232,248,236
2581,OG,12,2,269,237,209,190,180,187,236,217,207,228,232,196,228,205,215,234,228,228,225
2581,OG,13,1,262,269,244,248,208,237,226,240,251,241,240,242,244,246,236,263,216,236,250
2581,OG,13,2,267,269,238,209,191,184,188,239,219,205,231,236,196,232,206,219,234,229,230
2581,OG,14,1,296,263,269,246,249,211,238,224,241,251,247,242,243,250,247,241,265,219,236
2581,OG,14,2,278,265,268,239,216,192,182,187,242,224,205,232,234,196,231,206,220,238,232
2581,OG,15,1,295,296,265,270,244,253,210,240,227,240,257,249,243,245,251,246,240,269,222
2581,OG,15,2,324,277,263,270,238,219,194,185,186,245,226,214,234,241,197,235,207,221,240
2581,OG,16,1,307,297,292,265,271,243,258,209,240,231,246,264,248,254,248,259,250,245,267
2581,OG,16,2,283,327,272,260,272,235,218,195,186,199,247,221,213,236,242,200,231,208,225
2581,OG,17,1,330,306,288,295,267,279,246,263,216,246,242,250,269,257,258,250,265,252,252
2581,OG,17,2,293,283,322,276,264,273,235,216,202,184,203,250,227,217,241,245,202,232,213
2581,OG,18,1,283,328,306,291,303,261,280,248,269,220,249,269,256,271,261,259,250,266,252
2581,OG,18,2,270,291,284,322,278,268,277,245,221,202,185,211,252,233,220,241,246,202,235
2581,OG,19,1,271,289,326,315,286,298,265,278,251,265,213,256,272,254,257,258,250,241,258
2581,OG,19,2,262,257,291,274,321,276,264,271,239,218,206,194,211,249,222,212,237,220,196
2581,OG,20,1,260,255,303,318,333,281,298,268,296,243,274,221,260,265,235,248,251,236,237
2581,OG,20,2,243,255,248,275,264,288,277,273,278,241,212,210,185,204,201,203,194,226,215
2581,OG,21,1,283,258,252,289,317,327,302,305,280,288,254,280,223,256,262,229,234,237,224
2581,OG,21,2,211,218,245,235,274,253,284,275,262,273,248,209,194,162,189,187,187,187,209
2581,OG,22,1,237,292,247,256,275,319,322,293,308,262,277,248,263,216,241,253,223,245,231
2581,OG,22,2,219,185,202,235,234,260,232,279,282,244,246,227,178,200,174,178,180,173,180
2581,OG,23,1,224,218,274,230,242,271,317,318,286,297,256,273,240,258,211,241,243,220,233
2581,OG,23,2,203,211,184,206,217,218,247,230,271,267,228,246,206,171,195,172,175,188,178
2581,OG,24,1,223,234,217,251,229,231,258,316,301,263,294,251,274,230,245,206,241,236,215
2581,OG,24,2,195,194,200,177,186,210,205,236,223,254,246,215,226,202,153,184,158,168,188
2581,OG,25,1,219,230,213,213,229,208,221,256,303,295,250,284,238,263,224,233,208,228,225
2581,OG,25,2,180,193,186,191,158,171,208,200,234,208,245,243,208,214,198,152,180,146,157
2581,OG,26,1,242,220,213,216,205,231,210,229,253,282,302,251,262,233,265,225,232,204,230
2581,OG,26,2,182,178,174,177,177,142,159,198,191,228,216,219,231,202,205,195,158,174,147
2581,OG,27,1,212,208,198,213,180,191,218,199,214,239,280,281,238,250,228,251,224,220,184
2581,OG,27,2,166,175,163,161,169,166,129,148,180,174,213,214,211,226,203,203,186,172,179
2581,OG,28,1,229,209,206,189,193,182,189,200,200,205,235,259,279,229,251,225,236,226,225
2581,OG,28,2,136,147,156,153,148,162,152,123,147,161,165,198,201,201,221,202,202,177,173
2581,OG,29,1,167,210,197,200,177,187,175,184,200,195,202,228,255,253,222,238,218,225,215
2581,OG,29,2,137,126,133,151,151,140,141,148,113,136,150,153,188,192,203,207,205,200,170
2581,OG,30,1,170,156,189,181,179,165,182,172,178,199,192,199,227,238,249,213,241,220,210
2581,OG,30,2,136,125,115,124,145,138,131,136,135,108,130,138,146,175,195,199,197,189,189
2581,OG,31,1,163,162,139,173,171,166,152,172,163,166,193,193,193,222,235,244,205,220,218
2581,OG,31,2,139,130,121,106,112,135,125,119,131,126,106,130,129,141,164,193,194,195,181
2581,OG,32,1,187,153,159,129,157,161,163,140,164,150,153,193,180,185,207,226,231,197,209
2581,OG,32,2,167,135,128,112,106,106,126,116,112,122,122,102,128,129,141,149,182,189,191
2581,OG,33,1,158,181,138,147,117,147,141,157,136,166,147,146,183,167,172,201,211,228,192
2581,OG,33,2,162,158,133,119,103,103,95,115,106,112,113,118,91,123,122,134,137,183,186
2581,OG,34,1,170,142,174,131,140,117,140,137,143,129,157,148,143,179,165,168,186,206,226
2581,OG,34,2,130,150,143,129,111,106,95,91,112,100,105,106,113,90,129,124,133,132,177
2581,OG,35,1,196,164,139,165,121,134,116,132,131,141,119,156,137,137,176,170,159,182,210
2581,OG,35,2,113,123,138,137,118,103,98,90,91,101,98,104,105,113,87,121,123,129,133
2581,OG,36,1,155,187,153,131,169,113,131,113,130,118,139,113,148,138,132,173,162,159,180
2581,OG,36,2,123,108,114,130,132,114,100,96,87,92,90,96,101,107,110,83,115,125,133
2581,OG,37,1,144,146,170,149,127,156,107,118,111,128,115,134,112,149,133,135,166,157,160
2581,OG,37,2,106,117,109,110,125,121,109,94,87,86,84,90,85,97,101,106,79,107,119
2581,OG,38,1,143,132,137,168,145,122,147,99,115,107,125,113,129,114,147,129,131,166,146
2581,OG,38,2,103,98,117,103,103,115,117,105,90,85,80,80,91,88,97,102,101,76,99
2581,OG,39,1,123,136,128,132,160,139,117,137,93,111,98,123,105,130,109,142,128,127,160
2581,OG,39,2,115,104,94,109,96,97,107,115,101,92,85,75,77,89,86,96,100,100,76
2581,OG,40,1,145,121,129,123,123,151,127,116,128,87,102,92,117,110,130,109,131,120,119
2581,OG,40,2,92,110,98,92,102,88,98,101,112,96,87,86,76,72,83,85,91,100,102
2581,OG,41,1,146,142,116,126,120,117,149,126,109,118,86,95,90,112,104,123,104,131,119
2581,OG,41,2,89,93,108,97,94,98,84,92,98,108,92,77,87,73,71,80,82,89,100
2581,OG,42,1,124,145,134,109,121,118,116,141,124,104,109,85,93,85,106,102,122,96,125
2581,OG,42,2,93,84,90,104,92,92,96,79,89,98,102,87,75,79,70,71,83,83,92
2581,OG,43,1,125,116,143,120,108,117,106,107,139,122,103,111,79,93,84,106,103,122,95
2581,OG,43,2,93,89,83,90,100,90,89,94,77,85,93,97,87,75,81,68,67,83,82
2581,OG,44,1,102,117,113,141,116,108,114,96,101,138,116,99,109,78,88,80,102,97,122
2581,OG,44,2,70,90,88,83,87,100,88,90,93,74,81,89,95,86,76,81,67,66,88
2581,OG,45,1,92,99,114,111,137,111,106,109,97,96,130,112,97,102,77,87,76,102,94
2581,OG,45,2,71,71,87,86,84,83,96,86,88,88,75,78,84,95,83,77,79,67,65
2581,OG,46,1,80,91,95,114,105,136,110,101,108,94,92,123,114,93,99,75,84,75,101
2581,OG,46,2,53,70,69,87,86,83,83,95,85,84,86,73,77,83,91,84,76,79,68
2581,OG,47,1,101,79,88,95,112,102,134,113,103,105,93,86,120,113,91,97,72,79,73
2581,OG,47,2,57,51,66,66,84,85,84,81,93,82,82,86,71,72,81,93,86,76,78
2581,OG,48,1,81,98,76,84,95,108,98,132,113,100,105,92,87,118,110,91,98,70,82
2581,OG,48,2,39,56,51,60,67,83,83,82,81,92,80,79,82,69,69,79,95,82,76
2581,OG,49,1,93,77,96,76,82,96,105,95,127,110,98,101,92,85,116,109,88,98,70
2581,OG,49,2,45,38,55,48,58,69,83,82,81,80,90,82,74,79,69,69,80,101,76
2581,OG,50,1,64,91,74,87,75,83,93,102,95,123,103,92,97,89,82,113,103,85,97
2581,OG,50,2,58,45,39,54,46,56,67,79,79,78,77,87,79,71,79,69,66,80,92
2581,OG,51,1,70,64,90,73,84,73,83,92,102,92,123,102,87,97,87,81,107,101,85
2581,OG,51,2,54,60,44,41,54,43,56,70,79,73,78,74,82,75,68,79,66,65,75
2581,OG,52,1,61,71,61,88,71,81,71,82,88,97,90,121,97,87,97,87,83,107,100
2581,OG,52,2,43,53,60,44,40,55,43,54,68,79,70,76,71,80,74,67,76,64,65
2581,OG,53,1,73,59,70,57,87,69,80,69,81,88,93,89,122,95,84,98,84,80,106
2581,OG,53,2,39,41,52,59,43,40,54,44,54,68,78,70,72,68,82,71,69,77,66
2581,OG,54,1,52,68,58,67,58,85,67,77,67,78,85,94,89,118,96,83,100,79,76
2581,OG,54,2,44,39,41,52,61,44,42,55,45,53,68,79,68,71,67,81,68,71,79
2581,OG,55,1,60,50,66,58,67,55,84,68,74,66,74,82,91,90,115,98,79,92,80
2581,OG,55,2,38,45,35,40,50,62,43,41,54,45,46,65,78,68,70,67,78,69,70
2581,OG,56,1,49,61,51,65,56,65,55,83,68,75,62,72,74,88,90,112,97,79,93
2581,OG,56,2,47,37,43,33,41,49,62,44,40,53,46,44,64,76,68,70,68,79,68
2581,OG,57,1,45,48,58,51,64,54,66,54,82,67,72,61,70,71,85,88,108,97,80
2581,OG,57,2,34,46,37,43,32,41,48,62,45,42,53,45,43,64,70,68,69,65,78
2581,OG,58,1,56,45,46,59,48,63,55,64,56,82,67,70,60,69,68,82,85,106,96
2581,OG,58,2,33,34,46,37,43,32,41,48,60,44,40,54,45,43,60,68,68,68,65
2581,OG,59,1,44,57,45,44,55,48,61,54,63,53,78,64,72,60,70,68,82,83,100
2581,OG,59,2,36,34,34,46,35,43,32,40,47,56,43,40,54,45,42,60,67,67,68
2581,OG,60,1,46,44,54,45,45,53,45,60,54,61,54,74,64,65,59,70,64,81,80
2581,OG,60,2,33,35,35,34,43,35,42,32,39,46,55,42,37,51,40,40,61,66,68
2581,OG,61,1,46,41,43,54,45,45,51,47,57,52,59,52,72,62,63,60,71,62,80
2581,OG,61,2,26,32,36,34,36,41,34,42,33,38,43,52,41,36,51,40,40,61,66
2581,OG,62,1,32,45,41,42,53,44,44,48,43,56,51,59,51,69,62,63,62,71,62
2581,OG,62,2,22,26,31,35,33,35,41,32,41,32,39,42,50,42,35,50,37,40,61
2581,OG,63,1,29,32,46,40,41,52,45,45,48,42,52,49,56,49,70,62,59,60,69
2581,OG,63,2,16,22,26,31,34,34,31,39,30,39,31,39,43,47,44,35,49,36,40
2581,OG,64,1,31,28,31,45,39,41,50,43,45,48,40,50,50,55,49,71,60,56,57
2581,OG,64,2,6,15,22,24,30,34,33,31,41,28,37,29,38,43,48,43,36,49,35
2581,OG,65,1,25,33,27,27,43,38,40,52,43,45,47,40,44,50,51,51,69,57,56
2581,OG,65,2,16,6,15,23,23,30,34,33,31,40,27,37,31,36,43,49,42,33,48
2581,OG,66,1,23,24,32,28,26,39,37,39,48,44,46,46,38,43,49,53,51,67,58
2581,OG,66,2,3,15,7,16,24,20,30,33,31,30,39,27,38,30,35,43,48,41,31
2581,OG,67,1,19,22,24,32,28,26,38,35,36,46,43,44,44,38,44,48,52,50,66
2581,OG,67,2,15,3,16,7,16,25,20,29,34,30,30,37,27,38,30,35,43,48,40
2581,OG,68,1,16,19,22,25,33,28,26,37,34,35,47,40,45,43,35,45,46,51,47
2581,OG,68,2,16,16,3,16,7,16,25,20,28,32,32,28,35,27,38,30,39,42,45
2581,OG,69,1,22,16,19,22,25,33,26,24,36,33,34,45,38,43,42,35,45,43,45
2581,OG,69,2,5,15,16,3,15,6,16,24,20,27,32,32,29,34,28,38,29,38,42
2581,OG,70,1,21,20,15,19,21,25,32,26,23,35,33,33,43,36,40,43,32,43,41
2581,OG,70,2,11,5,15,15,3,15,6,17,24,19,27,31,31,30,31,28,39,29,37
2581,OG,71,1,14,21,18,15,19,20,23,32,25,23,34,32,32,42,35,39,42,31,43
2581,OG,71,2,8,11,5,14,15,3,14,6,17,24,19,27,31,30,30,31,28,38,28
2581,OG,72,1,13,14,20,16,13,19,19,23,31,24,21,32,31,32,41,31,36,40,29
2581,OG,72,2,9,8,10,4,14,15,3,14,6,16,23,19,25,31,28,30,30,28,38
2581,OG,73,1,15,12,13,20,16,13,17,18,22,28,21,20,29,30,30,39,30,34,40
2581,OG,73,2,8,9,8,9,3,14,15,3,14,6,16,21,19,23,31,27,29,30,26
2581,OG,74,1,10,15,11,13,18,15,12,16,18,20,28,20,20,28,30,29,39,30,33
2581,OG,74,2,14,8,9,8,9,3,13,14,3,13,5,16,21,18,23,31,26,26,30
2581,OG,75,1,5,10,14,10,12,18,15,12,15,18,19,29,20,20,28,29,29,36,31
2581,OG,75,2,6,14,8,9,8,9,3,13,13,3,13,5,16,21,16,23,30,28,27
2581,OG,76,1,12,5,9,13,9,9,15,15,12,15,16,18,27,17,18,27,29,26,36
2581,OG,76,2,16,5,14,8,9,7,9,3,13,12,3,11,5,15,19,16,21,26,27
2581,OG,77,1,19,11,6,8,13,8,9,13,13,10,12,15,14,24,17,17,27,26,25
2581,OG,77,2,11,16,5,13,6,8,7,9,3,13,12,2,11,6,13,19,15,20,25
2581,OG,78,1,17,15,10,5,8,13,6,8,13,13,8,13,14,13,23,17,17,26,25
2581,OG,78,2,7,10,16,6,13,6,7,6,9,3,12,12,2,10,6,13,18,14,19
2581,OG,79,1,11,17,13,9,5,7,12,6,7,13,12,8,13,14,12,22,17,17,25
2581,OG,79,2,5,7,9,16,6,13,7,6,6,9,3,11,11,2,9,5,12,18,14
2581,G,0,1,0,0,0,0,0,0,0,0,0,0,0,0,0,0,0,0,0,0,0
2581,G,0,2,0,0,0,0,0,0,0,0,0,0,0,0,0,0,0,0,0,0,0
2581,G,1,1,0,0,0,0,0,0,0,0,0,0,0,0,0,0,0,0,0,0,0
2581,G,1,2,0,0,0,0,0,0,0,0,0,0,0,0,0,0,0,0,0,0,0
2581,G,2,1,0,0,0,0,0,0,0,0,0,0,0,0,0,0,0,0,0,0,0
2581,G,2,2,0,0,0,0,0,0,0,0,0,0,0,0,0,0,0,0,0,0,0
2581,G,3,1,0,0,0,0,0,0,0,0,0,0,0,0,0,0,0,0,0,0,0
2581,G,3,2,0,0,0,0,0,0,0,0,0,0,0,0,0,0,0,0,0,0,0
2581,G,4,1,0,0,0,0,0,0,0,0,0,0,0,0,0,0,0,0,0,0,0
2581,G,4,2,0,0,0,0,0,0,0,0,0,0,0,0,0,0,0,0,0,0,0
2581,G,5,1,0,0,0,0,0,0,0,0,0,0,0,0,0,0,0,0,0,0,0
2581,G,5,2,0,0,0,0,0,0,0,0,0,0,0,0,0,0,0,0,0,0,0
2581,G,6,1,0,0,0,0,0,0,0,0,0,0,0,0,0,0,0,0,0,0,0
2581,G,6,2,0,0,0,0,0,0,0,0,0,0,0,0,0,0,0,0,0,0,0
2581,G,7,1,0,0,0,0,0,0,0,0,0,0,0,0,0,0,0,0,0,0,0
2581,G,7,2,0,0,0,0,0,0,0,0,0,0,0,0,0,0,0,0,0,0,0
2581,G,8,1,0,0,0,0,0,0,0,0,0,0,0,0,0,0,0,0,0,0,0
2581,G,8,2,0,0,0,0,0,0,0,0,0,0,0,0,0,0,0,0,0,0,0
2581,G,9,1,0,0,0,0,0,0,0,0,0,0,0,0,0,0,0,0,0,0,0
2581,G,9,2,0,0,0,0,0,0,0,0,0,0,0,0,0,0,0,0,0,0,0
2581,G,10,1,0,0,0,0,0,0,0,0,0,0,0,0,0,0,0,0,0,0,0
2581,G,10,2,0,0,0,0,0,0,0,0,0,0,0,0,0,0,0,0,0,0,0
2581,G,11,1,0,0,0,0,0,0,0,0,0,0,0,0,0,0,0,0,0,0,0
2581,G,11,2,0,0,0,0,0,0,0,0,0,0,0,0,0,0,0,0,0,0,0
2581,G,12,1,0,0,0,0,0,0,0,0,0,0,0,0,0,0,0,0,0,0,0
2581,G,12,2,0,0,0,0,0,0,0,0,0,0,0,0,0,0,0,0,0,0,0
2581,G,13,1,0,0,0,0,0,0,0,0,0,0,0,0,0,0,0,0,0,0,0
2581,G,13,2,0,0,0,0,0,0,0,0,0,0,0,0,0,0,0,0,0,0,0
2581,G,14,1,0,0,0,0,0,0,0,0,0,0,0,0,0,0,0,0,0,0,0
2581,G,14,2,0,0,0,0,0,0,0,0,0,0,0,0,0,0,0,0,0,0,0
2581,G,15,1,0,0,0,0,0,0,0,0,0,0,0,0,0,0,0,0,0,0,0
2581,G,15,2,0,0,0,0,0,0,0,0,0,0,0,0,0,0,0,0,0,0,0
2581,G,16,1,0,0,0,0,0,0,0,0,0,0,0,0,0,0,0,0,0,0,0
2581,G,16,2,0,0,0,0,0,0,0,0,0,0,0,0,0,0,0,0,0,0,0
2581,G,17,1,0,0,0,0,0,0,0,0,0,0,0,0,0,0,0,0,0,0,0
2581,G,17,2,0,0,0,0,0,0,0,0,0,0,0,0,0,0,0,0,0,0,0
2581,G,18,1,0,0,0,0,0,0,0,0,0,0,0,0,0,0,0,0,0,0,0
2581,G,18,2,2,0,0,1,1,0,0,0,0,0,0,0,0,0,0,0,0,0,0
2581,G,19,1,2,0,0,2,0,1,0,0,0,0,0,0,0,0,0,0,0,0,0
2581,G,19,2,3,2,0,1,1,2,0,1,0,2,2,3,0,1,3,0,0,0,1
2581,G,20,1,0,2,1,0,3,0,1,0,0,1,0,3,0,0,0,0,0,0,0
2581,G,20,2,0,5,2,2,2,4,5,1,1,5,7,5,1,0,2,4,0,0,1
2581,G,21,1,2,2,1,4,0,5,2,1,1,0,3,2,1,0,0,0,0,0,0
2581,G,21,2,8,0,7,5,5,3,3,3,3,3,6,10,5,3,0,4,5,1,0
2581,G,22,1,0,4,3,2,7,1,6,7,0,3,2,9,2,2,2,0,1,0,2
2581,G,22,2,10,12,1,10,6,8,6,11,4,6,4,8,10,7,4,1,7,6,3
2581,G,23,1,5,3,3,4,5,10,4,9,10,5,5,4,9,3,1,7,4,2,2
2581,G,23,2,10,12,15,4,17,10,13,9,15,9,12,6,13,13,11,4,7,8,9
2581,G,24,1,5,5,5,7,8,7,8,12,13,11,7,5,7,9,6,5,11,7,3
2581,G,24,2,18,11,17,22,18,18,19,23,17,24,16,15,15,16,11,13,6,10,11
2581,G,25,1,12,7,7,7,12,10,16,10,18,11,15,17,11,11,9,6,8,10,19
2581,G,25,2,19,25,15,19,30,24,24,27,30,21,31,24,24,22,19,13,22,7,15
2581,G,26,1,20,13,9,11,14,16,16,28,17,36,17,17,19,19,8,12,11,12,9
2581,G,26,2,28,29,36,25,26,43,29,38,40,35,28,39,33,33,27,24,15,27,15
2581,G,27,1,24,25,24,10,24,24,24,21,34,26,45,29,26,27,25,9,14,13,22
2581,G,27,2,31,30,42,45,39,42,50,34,53,52,47,35,46,42,36,31,32,24,32
2581,G,28,1,28,28,32,30,23,27,33,35,31,40,34,49,37,35,30,30,18,18,20
2581,G,28,2,49,46,51,47,53,49,49,58,46,64,64,53,48,60,49,38,38,43,25
2581,G,29,1,35,41,37,36,38,35,30,40,38,34,56,41,64,54,38,38,36,34,23
2581,G,29,2,54,56,59,60,54,63,62,51,68,63,79,70,68,56,69,62,47,44,51
2581,G,30,1,42,49,56,48,53,44,45,34,40,48,38,66,45,71,60,50,50,40,49
2581,G,30,2,72,65,76,66,71,61,79,71,57,75,76,90,84,84,62,79,77,59,59
2581,G,31,1,63,49,65,69,55,58,65,54,41,47,61,45,71,54,77,66,62,70,48
2581,G,31,2,82,84,72,85,78,83,73,94,75,68,87,86,105,94,90,71,87,84,76
2581,G,32,1,58,76,56,70,81,64,64,82,63,58,57,66,59,73,70,86,72,66,72
2581,G,32,2,108,86,89,80,81,86,94,83,99,86,77,91,90,109,101,97,80,86,96
2581,G,33,1,63,64,83,64,72,87,71,69,90,69,63,61,81,72,81,73,97,82,76
2581,G,33,2,93,124,96,99,89,82,93,101,89,107,94,86,101,96,116,104,108,82,93
2581,G,34,1,110,75,67,93,77,77,96,77,83,92,81,72,69,81,81,92,85,94,84
2581,G,34,2,113,104,137,104,101,96,90,107,104,97,117,106,97,107,98,118,104,114,84
2581,G,35,1,103,115,81,72,98,90,77,102,88,92,104,88,83,75,91,84,95,89,102
2581,G,35,2,122,118,119,143,114,109,105,95,112,112,105,109,107,102,110,105,114,114,115
2581,G,36,1,112,109,123,86,76,111,94,85,103,95,100,110,93,86,75,93,83,94,93
2581,G,36,2,107,124,116,125,146,120,113,107,96,113,115,110,112,111,104,111,111,113,119
2581,G,37,1,105,117,118,123,90,84,117,103,85,112,106,101,108,93,92,76,93,87,95
2581,G,37,2,121,113,127,119,134,151,126,118,113,101,117,115,117,109,111,113,112,114,117
2581,G,38,1,113,110,128,125,127,92,93,120,107,95,119,110,110,107,96,100,82,99,96
2581,G,38,2,142,125,114,134,120,140,153,132,119,115,110,120,114,121,107,111,118,110,121
2581,G,39,1,158,121,113,132,132,134,96,101,128,113,99,123,115,113,108,99,102,90,101
2581,G,39,2,128,140,131,115,138,122,146,155,137,120,119,111,123,113,122,108,115,114,116
2581,G,40,1,121,161,126,120,135,142,149,102,109,135,120,109,122,111,111,110,107,108,93
2581,G,40,2,145,134,148,135,119,148,129,147,165,144,127,122,112,126,123,126,112,120,114
2581,G,41,1,122,128,163,132,114,140,142,156,107,113,131,118,108,130,114,112,114,104,108
2581,G,41,2,140,144,132,146,133,121,147,132,147,165,149,136,123,115,128,125,129,118,122
2581,G,42,1,121,123,134,165,134,114,151,148,159,114,119,134,121,112,133,118,119,115,108
2581,G,42,2,140,143,146,140,148,134,125,149,137,154,175,148,135,124,116,132,128,122,115
2581,G,43,1,124,125,124,135,170,135,125,154,153,164,117,123,139,120,113,136,122,119,114
2581,G,43,2,138,138,142,147,141,146,141,128,150,140,156,176,148,133,123,119,133,131,121
2581,G,44,1,138,128,129,121,134,168,132,125,154,155,169,122,117,141,120,117,138,123,119
2581,G,44,2,124,139,138,139,148,139,144,136,130,157,135,156,171,151,131,122,116,135,129
2581,G,45,1,129,142,131,130,123,140,167,132,124,156,157,170,117,124,141,119,120,130,125
2581,G,45,2,128,124,143,142,132,149,141,143,137,134,154,138,155,175,148,130,126,113,135
2581,G,46,1,126,127,141,135,134,125,138,168,134,129,162,157,168,116,121,139,124,121,129
2581,G,46,2,158,125,127,146,142,135,147,141,146,142,132,152,136,152,171,147,131,124,113
2581,G,47,1,124,131,134,139,142,137,125,136,169,138,131,161,156,163,119,124,138,125,123
2581,G,47,2,164,158,123,127,144,144,135,147,139,146,144,132,150,142,152,174,146,129,124
2581,G,48,1,171,128,131,136,135,143,139,126,139,171,141,130,161,160,159,117,122,131,124
2581,G,48,2,163,164,158,130,128,141,145,137,140,135,149,144,139,154,142,153,172,148,130
2581,G,49,1,143,169,129,133,132,135,150,136,127,137,169,142,136,166,158,157,119,119,128
2581,G,49,2,161,165,165,162,130,131,141,142,134,142,131,149,150,140,151,139,154,170,147
2581,G,50,1,145,147,172,135,130,132,140,150,141,122,145,169,140,141,169,161,159,118,117
2581,G,50,2,172,158,166,166,158,134,132,140,144,136,149,134,152,151,140,154,140,150,168
2581,G,51,1,169,140,146,175,130,132,129,138,149,143,126,138,167,142,140,174,163,159,114
2581,G,51,2,184,172,158,166,166,158,137,132,143,147,135,151,137,151,150,143,156,143,153
2581,G,52,1,168,169,143,147,174,134,135,130,137,150,146,128,142,167,141,142,174,164,164
2581,G,52,2,187,183,173,162,167,161,157,135,130,138,152,138,153,139,152,150,148,155,141
2581,G,53,1,199,166,170,145,147,169,132,136,131,138,151,145,129,140,169,142,143,176,162
2581,G,53,2,172,183,180,172,168,166,161,158,139,129,140,154,139,156,141,153,149,148,151
2581,G,54,1,180,196,165,170,145,148,167,133,135,131,137,152,142,134,140,169,138,145,176
2581,G,54,2,188,175,184,176,167,171,166,157,156,141,128,136,151,136,154,142,154,152,151
2581,G,55,1,171,176,197,165,166,142,151,168,132,135,133,140,154,145,134,142,171,148,148
2581,G,55,2,185,187,174,186,172,169,171,164,158,156,149,128,138,157,137,154,145,155,150
2581,G,56,1,189,170,177,199,163,165,144,153,167,131,138,134,148,153,144,135,142,173,149
2581,G,56,2,181,183,188,174,182,176,175,173,167,158,158,148,127,141,156,137,152,148,157
2581,G,57,1,223,188,170,181,198,164,167,142,155,169,134,142,134,152,153,144,133,142,172
2581,G,57,2,197,180,180,187,174,176,173,170,172,164,163,155,149,127,147,151,139,156,146
2581,G,58,1,218,221,183,165,182,196,167,162,147,153,173,134,139,136,155,153,148,132,144
2581,G,58,2,218,194,181,179,182,172,173,171,173,174,168,162,151,149,129,149,150,142,157
2581,G,59,1,213,214,220,182,164,180,197,167,159,148,157,171,134,139,137,150,152,150,134
2581,G,59,2,231,218,191,176,181,183,173,173,173,174,174,168,163,148,149,129,149,155,143
2581,G,60,1,223,209,214,217,185,161,182,192,164,160,151,155,173,141,140,139,155,155,153
2581,G,60,2,214,226,220,188,180,176,183,172,174,167,171,170,170,169,149,148,129,152,156
2581,G,61,1,218,221,212,211,217,189,156,181,196,156,164,153,154,174,144,140,140,159,157
2581,G,61,2,209,209,223,217,188,177,170,179,172,166,165,173,165,168,167,149,154,128,150
2581,G,62,1,212,219,219,210,209,219,187,155,183,198,153,158,150,155,178,143,142,142,153
2581,G,62,2,205,205,211,218,219,186,172,170,178,172,162,166,170,166,166,165,149,156,127
2581,G,63,1,199,213,222,219,208,206,215,184,155,179,194,156,157,152,153,177,146,142,142
2581,G,63,2,192,199,203,206,215,217,181,171,168,175,171,157,162,171,166,163,164,147,152
2581,G,64,1,173,197,212,222,219,206,203,211,181,153,179,193,157,154,147,151,175,145,143
2581,G,64,2,151,191,199,201,199,215,213,178,170,165,174,170,153,161,168,163,159,160,146
2581,G,65,1,146,170,194,209,220,220,203,206,211,175,150,174,194,152,155,151,150,176,144
2581,G,65,2,129,152,189,195,199,197,213,214,178,168,164,173,169,151,162,168,163,160,158
2581,G,66,1,152,146,173,190,209,221,214,204,207,212,176,151,167,194,149,154,149,148,175
2581,G,66,2,122,129,146,184,193,198,193,205,211,176,165,163,168,164,151,160,169,159,161
2581,G,67,1,143,151,142,168,185,203,217,209,205,209,205,176,147,162,191,148,152,145,144
2581,G,67,2,132,116,127,145,175,191,196,192,201,211,172,163,157,159,153,149,157,168,157
2581,G,68,1,135,139,153,145,164,184,199,211,201,199,206,202,170,144,156,190,148,154,144
2581,G,68,2,134,127,116,123,142,172,185,192,191,195,207,165,164,152,154,148,148,156,165
2581,G,69,1,119,131,135,148,144,164,181,192,207,199,195,205,201,163,141,154,188,145,149
2581,G,69,2,116,130,124,117,117,139,166,180,190,186,188,199,161,161,143,155,146,141,155
2581,G,70,1,124,118,128,133,143,142,162,177,185,206,194,189,198,201,160,137,150,187,145
2581,G,70,2,136,114,128,123,113,117,135,156,179,190,175,182,198,159,156,141,155,143,140
2581,G,71,1,112,117,115,124,130,141,136,157,174,182,200,192,185,194,196,155,135,146,181
2581,G,71,2,120,129,112,123,123,112,113,131,151,174,191,165,177,193,155,149,142,151,142
2581,G,72,1,114,111,113,115,121,126,133,132,155,173,179,193,187,179,183,194,156,131,142
2581,G,72,2,115,117,123,107,116,118,107,108,128,146,168,185,162,169,187,151,141,142,146
2581,G,73,1,113,109,107,112,110,119,121,126,129,148,173,171,186,180,175,179,193,155,132
2581,G,73,2,89,107,104,119,100,113,109,106,106,124,140,159,183,150,159,179,148,134,137
2581,G,74,1,113,106,103,104,108,108,117,114,125,128,141,165,167,179,176,174,178,187,154
2581,G,74,2,99,81,100,99,112,88,110,102,97,103,117,130,146,176,143,151,171,142,131
2581,G,75,1,105,110,103,101,95,105,104,111,113,120,126,135,159,155,169,173,165,176,185
2581,G,75,2,84,92,79,94,94,110,85,106,99,89,95,113,122,137,167,135,147,164,136
2581,G,76,1,86,99,107,96,93,89,101,98,107,108,114,121,134,152,149,163,167,159,172
2581,G,76,2,79,82,85,78,91,83,102,83,102,93,85,91,109,113,132,159,130,134,158
2581,G,77,1,95,80,89,103,93,86,87,98,93,100,101,104,118,128,144,140,158,157,148
2581,G,77,2,70,74,77,78,74,86,79,98,77,91,87,74,88,100,110,124,156,121,131
2581,G,78,1,95,88,77,87,96,88,82,82,92,91,95,92,100,110,127,134,133,147,154
2581,G,78,2,62,66,66,67,70,70,81,71,87,71,83,81,69,86,97,99,118,149,117
2581,G,79,1,72,90,82,68,82,88,87,77,78,85,85,87,85,94,106,115,132,129,137
2581,G,79,2,58,54,55,54,62,64,62,75,58,77,62,74,77,66,74,94,88,109,135
2581,SK,0,1,0,0,0,0,0,0,0,0,0,0,0,0,0,0,0,0,0,0,0
2581,SK,0,2,0,0,0,0,0,0,0,0,0,0,0,0,0,0,0,0,0,0,0
2581,SK,1,1,0,0,0,0,0,0,0,0,0,0,0,0,0,0,0,0,0,0,0
2581,SK,1,2,0,0,0,0,0,0,0,0,0,0,0,0,0,0,0,0,0,0,0
2581,SK,2,1,0,0,0,0,0,0,0,0,0,0,0,0,0,0,0,0,0,0,0
2581,SK,2,2,0,0,0,0,0,0,0,0,0,0,0,0,0,0,0,0,0,0,0
2581,SK,3,1,0,0,0,0,0,0,0,0,0,0,0,0,0,0,0,0,0,0,0
2581,SK,3,2,0,0,0,0,0,0,0,0,0,0,0,0,0,0,0,0,0,0,0
2581,SK,4,1,0,0,0,0,0,0,0,0,0,0,0,0,0,0,0,0,0,0,0
2581,SK,4,2,0,0,0,0,0,0,0,0,0,0,0,0,0,0,0,0,0,0,0
2581,SK,5,1,0,0,0,0,0,0,0,0,0,0,0,0,0,0,0,0,0,0,0
2581,SK,5,2,0,0,0,0,0,0,0,0,0,0,0,0,0,0,0,0,0,0,0
2581,SK,6,1,0,0,0,0,0,0,0,0,0,0,0,0,0,0,0,0,0,0,0
2581,SK,6,2,0,0,0,0,0,0,0,0,0,0,0,0,0,0,0,0,0,0,0
2581,SK,7,1,0,0,0,0,0,0,0,0,0,0,0,0,0,0,0,0,0,0,0
2581,SK,7,2,0,0,0,0,0,0,0,0,0,0,0,0,0,0,0,0,0,0,0
2581,SK,8,1,0,0,0,0,0,0,0,0,0,0,0,0,0,0,0,0,0,0,0
2581,SK,8,2,0,0,0,0,0,0,0,0,0,0,0,0,0,0,0,0,0,0,0
2581,SK,9,1,0,0,0,0,0,0,0,0,0,0,0,0,0,0,0,0,0,0,0
2581,SK,9,2,0,0,0,0,0,0,0,0,0,0,0,0,0,0,0,0,0,0,0
2581,SK,10,1,0,0,0,0,0,0,0,0,0,0,0,0,0,0,0,0,0,0,0
2581,SK,10,2,0,0,0,0,0,0,0,0,0,0,0,0,0,0,0,0,0,0,0
2581,SK,11,1,0,0,0,0,0,0,0,0,0,0,0,0,0,0,0,0,0,0,0
2581,SK,11,2,0,0,0,0,0,0,0,0,0,0,0,0,0,0,0,0,0,0,0
2581,SK,12,1,0,0,0,0,0,0,0,0,0,0,0,0,0,0,0,0,0,0,0
2581,SK,12,2,0,0,0,0,0,0,0,0,0,0,0,0,0,0,0,0,0,0,0
2581,SK,13,1,0,0,0,0,0,0,0,0,0,0,0,0,0,0,0,0,0,0,0
2581,SK,13,2,0,0,0,0,0,0,0,0,0,0,0,0,0,0,0,0,0,0,0
2581,SK,14,1,0,0,0,0,0,0,0,0,0,0,0,0,0,0,0,0,0,0,0
2581,SK,14,2,0,0,0,0,0,0,0,0,0,0,0,0,0,0,0,0,0,0,0
2581,SK,15,1,0,0,0,0,0,0,0,0,0,0,0,0,0,0,0,0,0,0,0
2581,SK,15,2,0,0,0,0,0,0,0,0,0,0,0,0,0,0,0,0,0,0,0
2581,SK,16,1,0,0,0,0,0,0,0,0,0,0,0,0,0,0,0,0,0,0,0
2581,SK,16,2,0,0,0,0,0,0,0,0,0,0,0,0,0,0,0,0,0,0,0
2581,SK,17,1,0,0,0,0,0,0,0,0,0,0,0,0,0,0,0,0,0,0,0
2581,SK,17,2,0,0,0,0,0,0,0,0,0,0,0,0,0,0,0,0,0,0,0
2581,SK,18,1,0,0,0,0,0,0,0,0,0,0,0,0,0,0,0,0,0,0,0
2581,SK,18,2,0,0,0,0,0,0,0,0,0,0,0,0,0,0,0,0,0,0,0
2581,SK,19,1,0,0,0,0,0,0,0,0,0,0,0,0,0,0,0,0,0,0,0
2581,SK,19,2,0,0,0,0,0,0,0,0,0,0,0,0,0,0,0,0,0,0,0
2581,SK,20,1,0,0,0,0,0,0,0,0,0,0,0,0,0,0,0,0,0,0,0
2581,SK,20,2,0,0,1,0,0,0,0,0,0,0,0,0,0,0,0,0,0,0,0
2581,SK,21,1,0,0,0,0,0,0,0,0,0,0,0,0,0,0,0,0,0,0,0
2581,SK,21,2,1,0,2,1,0,0,1,1,0,0,0,0,0,0,0,0,0,0,0
2581,SK,22,1,0,0,0,0,0,0,0,0,0,0,0,0,0,0,0,0,0,0,0
2581,SK,22,2,0,1,0,2,2,0,1,1,2,0,1,0,0,0,0,0,0,0,0
2581,SK,23,1,0,0,1,0,0,0,0,0,0,0,0,0,0,0,1,0,0,0,0
2581,SK,23,2,0,0,1,0,1,2,0,1,3,1,0,1,0,0,0,0,0,0,0
2581,SK,24,1,1,0,0,1,0,0,2,0,1,0,0,0,0,1,0,1,0,0,0
2581,SK,24,2,1,0,0,2,0,2,2,2,1,3,2,1,0,0,2,1,1,0,1
2581,SK,25,1,0,1,1,1,2,0,0,3,1,2,0,0,1,0,2,0,1,0,0
2581,SK,25,2,3,3,0,0,4,0,3,2,2,2,3,5,2,2,0,1,2,1,0
2581,SK,26,1,0,0,0,1,1,2,1,1,3,1,1,0,2,3,2,2,0,1,0
2581,SK,26,2,4,2,4,1,3,5,0,2,2,3,2,4,6,3,2,1,1,3,2
2581,SK,27,1,2,0,0,0,2,1,2,1,3,3,0,1,0,3,3,4,2,0,2
2581,SK,27,2,1,4,2,4,2,2,7,2,2,3,3,3,7,6,3,2,1,1,3
2581,SK,28,1,0,3,0,1,1,2,2,1,2,3,3,4,1,0,4,2,3,2,1
2581,SK,28,2,3,1,5,3,2,3,3,8,5,3,5,5,3,6,8,5,3,1,2
2581,SK,29,1,2,0,2,0,4,2,2,3,4,3,4,8,4,1,0,4,3,3,2
2581,SK,29,2,7,3,1,5,6,5,5,6,7,2,4,9,9,3,7,7,6,4,4
2581,SK,30,1,6,3,0,3,1,6,2,5,4,4,6,6,7,5,2,2,6,6,3
2581,SK,30,2,2,8,2,4,7,8,9,9,7,9,3,5,10,8,6,8,7,8,4
2581,SK,31,1,4,7,4,1,3,5,4,5,4,5,5,8,11,9,3,3,1,6,7
2581,SK,31,2,8,3,9,2,5,7,10,9,12,10,7,9,7,9,9,8,9,9,8
2581,SK,32,1,2,4,6,5,3,5,5,4,8,6,6,5,9,14,11,4,4,2,9
2581,SK,32,2,10,6,5,9,6,5,8,11,4,11,11,10,11,10,9,13,9,14,12
2581,SK,33,1,6,3,7,7,4,3,6,6,7,6,6,9,8,10,18,12,5,5,5
2581,SK,33,2,8,11,8,4,9,9,6,11,13,5,13,11,14,19,13,13,16,8,15
2581,SK,34,1,3,7,3,8,8,7,4,7,10,7,8,8,10,12,11,18,13,12,8
2581,SK,34,2,13,9,9,9,10,8,10,6,13,13,5,15,11,17,23,16,18,16,12
2581,SK,35,1,14,6,8,4,13,7,12,3,7,11,6,12,8,13,12,12,19,15,14
2581,SK,35,2,16,16,9,12,12,13,5,12,7,14,11,10,21,12,21,25,18,18,19
2581,SK,36,1,10,19,9,10,5,14,12,11,5,8,13,11,15,13,15,16,13,20,15
2581,SK,36,2,17,19,20,9,16,16,14,8,15,10,20,12,14,24,17,20,26,21,24
2581,SK,37,1,13,11,19,13,13,9,16,12,9,5,8,16,10,21,12,19,17,17,21
2581,SK,37,2,20,17,23,26,13,23,19,14,11,19,12,23,15,23,26,16,21,29,25
2581,SK,38,1,19,17,11,18,16,15,13,18,13,9,8,10,19,15,22,14,23,16,17
2581,SK,38,2,21,20,20,23,28,15,25,19,19,10,17,13,26,13,25,26,23,24,27
2581,SK,39,1,18,22,18,11,19,16,15,14,22,14,12,15,10,18,17,25,15,22,18
2581,SK,39,2,37,23,20,23,26,37,18,25,20,21,15,19,18,26,17,30,27,28,25
2581,SK,40,1,24,19,21,21,13,21,14,15,19,21,17,16,16,15,21,19,22,18,22
2581,SK,40,2,26,33,19,20,27,24,34,23,25,22,23,19,21,19,28,19,32,27,27
2581,SK,41,1,27,27,19,22,26,16,26,15,19,22,25,20,14,17,18,25,20,24,23
2581,SK,41,2,40,30,37,23,20,27,23,37,25,33,24,22,20,23,20,27,23,32,27
2581,SK,42,1,26,26,25,21,25,28,15,27,16,18,21,28,21,19,21,19,24,23,27
2581,SK,42,2,42,38,26,36,26,23,28,23,38,27,33,28,29,25,27,23,26,31,36
2581,SK,43,1,31,27,30,28,20,28,30,18,29,16,21,21,30,28,17,23,17,26,26
2581,SK,43,2,40,46,37,27,42,32,21,33,27,37,29,37,29,36,28,27,26,25,36
2581,SK,44,1,42,36,28,33,30,25,34,31,23,30,20,24,30,31,30,18,25,21,27
2581,SK,44,2,36,41,48,41,29,43,33,24,34,26,43,32,44,30,38,29,31,21,29
2581,SK,45,1,30,39,31,29,37,26,27,38,31,25,35,19,33,35,31,32,19,33,25
2581,SK,45,2,48,36,40,46,44,30,42,36,25,35,29,44,37,43,31,36,26,31,26
2581,SK,46,1,44,30,38,29,25,41,30,28,38,32,24,38,24,36,43,29,28,24,35
2581,SK,46,2,37,55,36,39,46,44,35,43,36,26,40,33,46,37,48,34,36,30,35
2581,SK,47,1,31,43,26,40,28,23,43,33,28,40,35,28,37,30,37,39,31,29,28
2581,SK,47,2,36,34,57,37,41,51,45,36,46,38,27,40,36,48,44,50,34,40,32
2581,SK,48,1,48,36,45,23,42,28,25,46,29,31,41,35,31,36,32,34,38,32,33
2581,SK,48,2,51,36,34,55,36,42,51,46,42,50,40,28,41,34,49,45,53,33,38
2581,SK,49,1,34,49,33,44,24,43,28,32,45,31,32,45,30,31,37,35,37,44,32
2581,SK,49,2,63,48,42,34,55,38,42,54,49,46,53,42,31,37,36,52,43,55,35
2581,SK,50,1,34,34,49,31,48,28,40,31,33,48,31,33,48,34,32,41,32,38,45
2581,SK,50,2,55,65,47,42,35,53,41,44,55,53,44,52,45,31,40,38,53,47,58
2581,SK,51,1,43,37,33,46,37,50,35,41,33,33,43,36,35,48,38,34,42,33,36
2581,SK,51,2,56,57,62,49,44,37,53,43,42,58,54,43,55,48,33,41,38,53,48
2581,SK,52,1,46,45,38,33,50,36,47,34,43,33,33,51,37,37,48,38,34,42,32
2581,SK,52,2,47,60,57,61,49,48,38,54,43,47,59,47,47,53,49,41,40,40,51
2581,SK,53,1,49,45,44,40,32,54,37,46,35,46,32,34,51,36,38,53,39,32,46
2581,SK,53,2,61,49,63,56,59,50,47,38,49,42,52,59,51,48,52,50,41,39,44
2581,SK,54,1,43,53,45,42,38,31,55,39,50,36,46,30,36,53,43,37,54,42,29
2581,SK,54,2,50,62,51,69,61,56,53,51,34,49,45,55,60,53,48,51,52,38,37
2581,SK,55,1,52,40,54,46,43,40,32,52,44,51,40,44,31,35,53,43,39,52,37
2581,SK,55,2,64,50,61,50,69,58,57,53,53,36,50,45,55,57,53,48,51,55,41
2581,SK,56,1,47,55,39,55,47,43,40,30,53,42,51,41,41,32,34,52,47,40,51
2581,SK,56,2,49,66,53,63,53,69,55,56,51,52,36,54,44,54,60,55,49,52,53
2581,SK,57,1,53,48,57,39,59,49,40,38,30,55,44,49,43,38,33,36,51,47,40
2581,SK,57,2,49,51,65,55,62,56,72,55,54,50,50,34,53,44,50,63,50,50,54
2581,SK,58,1,45,55,51,61,38,59,47,45,34,34,52,43,47,39,39,35,35,52,46
2581,SK,58,2,62,50,50,62,58,63,58,72,57,52,50,49,36,52,43,47,62,47,52
2581,SK,59,1,69,46,55,50,62,38,57,46,45,33,33,51,43,47,39,38,34,36,54
2581,SK,59,2,65,61,50,51,60,54,63,55,69,54,50,52,48,38,51,41,48,59,49
2581,SK,60,1,47,68,42,54,50,65,35,57,45,42,32,32,51,43,46,41,36,31,38
2581,SK,60,2,40,64,59,51,50,61,53,62,53,69,54,49,53,45,36,49,40,44,58
2581,SK,61,1,49,47,67,44,54,48,64,32,58,46,43,28,32,50,42,44,39,35,33
2581,SK,61,2,56,43,68,61,51,50,64,53,61,53,70,53,49,52,48,37,46,40,47
2581,SK,62,1,48,46,48,67,43,54,53,66,34,56,46,42,28,29,45,43,44,35,36
2581,SK,62,2,61,57,42,68,59,52,50,61,56,57,51,72,51,46,51,49,38,44,40
2581,SK,63,1,40,48,44,47,66,42,55,48,63,33,57,46,41,28,30,42,44,43,35
2581,SK,63,2,48,63,57,42,70,59,51,49,59,56,58,52,73,51,52,52,48,38,47
2581,SK,64,1,41,38,46,44,42,63,46,56,52,65,31,59,46,41,28,30,43,44,44
2581,SK,64,2,45,47,62,59,45,70,61,53,46,59,56,57,49,72,53,51,50,48,38
2581,SK,65,1,40,39,36,45,44,42,61,42,57,53,63,31,54,48,42,28,32,43,43
2581,SK,65,2,36,44,43,59,57,45,71,59,53,45,59,58,53,46,70,49,51,51,50
2581,SK,66,1,35,39,38,35,46,42,42,59,44,55,49,60,33,55,45,40,27,31,40
2581,SK,66,2,32,34,44,43,62,53,46,70,58,51,46,56,57,55,47,69,48,52,50
2581,SK,67,1,33,33,38,39,36,48,42,45,55,41,53,48,57,33,55,44,40,29,31
2581,SK,67,2,29,32,34,43,44,59,52,45,69,56,50,45,57,52,56,48,66,50,54
2581,SK,68,1,28,33,32,40,39,36,47,41,45,57,40,53,48,58,29,56,43,40,29
2581,SK,68,2,29,30,33,36,42,43,60,52,47,66,57,49,45,56,50,55,49,66,51
2581,SK,69,1,19,27,33,30,40,38,38,47,42,44,56,42,51,46,59,31,53,44,37
2581,SK,69,2,33,30,30,31,36,40,43,59,51,48,68,59,50,46,58,52,55,49,66
2581,SK,70,1,28,19,29,29,27,40,37,38,44,40,46,55,42,49,46,59,31,50,43
2581,SK,70,2,29,32,28,31,32,36,42,44,61,52,47,71,58,47,43,59,54,56,47
2581,SK,71,1,25,27,16,27,29,26,39,35,38,43,34,41,54,41,49,44,61,31,47
2581,SK,71,2,24,27,32,29,31,33,34,41,43,60,53,49,68,59,47,43,56,55,55
2581,SK,72,1,21,24,27,15,27,30,23,38,33,39,43,35,41,54,39,45,42,58,29
2581,SK,72,2,19,25,28,31,30,30,33,35,38,42,59,54,48,71,60,48,42,58,54
2581,SK,73,1,15,22,22,23,15,26,28,23,37,33,38,42,35,41,54,39,42,39,53
2581,SK,73,2,27,18,26,24,30,32,28,33,35,38,43,59,53,48,67,57,46,42,57
2581,SK,74,1,15,15,21,20,23,14,26,29,21,38,33,37,42,34,40,52,39,41,39
2581,SK,74,2,23,27,18,26,23,30,31,27,31,35,38,41,61,52,46,65,54,46,42
2581,SK,75,1,17,15,15,19,20,22,15,24,29,20,38,33,35,41,33,39,47,36,35
2581,SK,75,2,21,23,26,18,28,23,29,31,23,31,34,35,38,61,51,44,62,51,44
2581,SK,76,1,23,17,12,13,19,19,22,14,25,27,20,36,32,33,39,30,33,46,38
2581,SK,76,2,15,18,22,25,16,26,23,27,30,20,30,33,35,39,60,51,41,61,49
2581,SK,77,1,12,20,17,12,13,18,19,21,14,23,26,20,33,31,32,37,30,32,45
2581,SK,77,2,15,15,18,24,23,16,26,23,27,28,22,29,33,34,40,58,53,41,57
2581,SK,78,1,8,11,20,14,12,13,16,18,21,12,23,26,20,30,31,32,37,30,29
2581,SK,78,2,15,15,15,17,23,22,16,27,22,25,27,20,28,30,33,40,57,51,40
2581,SK,79,1,10,7,11,19,15,11,13,17,17,20,12,22,25,20,29,28,34,35,29
2581,SK,79,2,11,14,13,14,17,23,22,14,26,18,24,25,20,25,30,32,37,57,51
2581,ÄNKL,0,1,0,0,0,0,0,0,0,0,0,0,0,0,0,0,0,0,0,0,0
2581,ÄNKL,0,2,0,0,0,0,0,0,0,0,0,0,0,0,0,0,0,0,0,0,0
2581,ÄNKL,1,1,0,0,0,0,0,0,0,0,0,0,0,0,0,0,0,0,0,0,0
2581,ÄNKL,1,2,0,0,0,0,0,0,0,0,0,0,0,0,0,0,0,0,0,0,0
2581,ÄNKL,2,1,0,0,0,0,0,0,0,0,0,0,0,0,0,0,0,0,0,0,0
2581,ÄNKL,2,2,0,0,0,0,0,0,0,0,0,0,0,0,0,0,0,0,0,0,0
2581,ÄNKL,3,1,0,0,0,0,0,0,0,0,0,0,0,0,0,0,0,0,0,0,0
2581,ÄNKL,3,2,0,0,0,0,0,0,0,0,0,0,0,0,0,0,0,0,0,0,0
2581,ÄNKL,4,1,0,0,0,0,0,0,0,0,0,0,0,0,0,0,0,0,0,0,0
2581,ÄNKL,4,2,0,0,0,0,0,0,0,0,0,0,0,0,0,0,0,0,0,0,0
2581,ÄNKL,5,1,0,0,0,0,0,0,0,0,0,0,0,0,0,0,0,0,0,0,0
2581,ÄNKL,5,2,0,0,0,0,0,0,0,0,0,0,0,0,0,0,0,0,0,0,0
2581,ÄNKL,6,1,0,0,0,0,0,0,0,0,0,0,0,0,0,0,0,0,0,0,0
2581,ÄNKL,6,2,0,0,0,0,0,0,0,0,0,0,0,0,0,0,0,0,0,0,0
2581,ÄNKL,7,1,0,0,0,0,0,0,0,0,0,0,0,0,0,0,0,0,0,0,0
2581,ÄNKL,7,2,0,0,0,0,0,0,0,0,0,0,0,0,0,0,0,0,0,0,0
2581,ÄNKL,8,1,0,0,0,0,0,0,0,0,0,0,0,0,0,0,0,0,0,0,0
2581,ÄNKL,8,2,0,0,0,0,0,0,0,0,0,0,0,0,0,0,0,0,0,0,0
2581,ÄNKL,9,1,0,0,0,0,0,0,0,0,0,0,0,0,0,0,0,0,0,0,0
2581,ÄNKL,9,2,0,0,0,0,0,0,0,0,0,0,0,0,0,0,0,0,0,0,0
2581,ÄNKL,10,1,0,0,0,0,0,0,0,0,0,0,0,0,0,0,0,0,0,0,0
2581,ÄNKL,10,2,0,0,0,0,0,0,0,0,0,0,0,0,0,0,0,0,0,0,0
2581,ÄNKL,11,1,0,0,0,0,0,0,0,0,0,0,0,0,0,0,0,0,0,0,0
2581,ÄNKL,11,2,0,0,0,0,0,0,0,0,0,0,0,0,0,0,0,0,0,0,0
2581,ÄNKL,12,1,0,0,0,0,0,0,0,0,0,0,0,0,0,0,0,0,0,0,0
2581,ÄNKL,12,2,0,0,0,0,0,0,0,0,0,0,0,0,0,0,0,0,0,0,0
2581,ÄNKL,13,1,0,0,0,0,0,0,0,0,0,0,0,0,0,0,0,0,0,0,0
2581,ÄNKL,13,2,0,0,0,0,0,0,0,0,0,0,0,0,0,0,0,0,0,0,0
2581,ÄNKL,14,1,0,0,0,0,0,0,0,0,0,0,0,0,0,0,0,0,0,0,0
2581,ÄNKL,14,2,0,0,0,0,0,0,0,0,0,0,0,0,0,0,0,0,0,0,0
2581,ÄNKL,15,1,0,0,0,0,0,0,0,0,0,0,0,0,0,0,0,0,0,0,0
2581,ÄNKL,15,2,0,0,0,0,0,0,0,0,0,0,0,0,0,0,0,0,0,0,0
2581,ÄNKL,16,1,0,0,0,0,0,0,0,0,0,0,0,0,0,0,0,0,0,0,0
2581,ÄNKL,16,2,0,0,0,0,0,0,0,0,0,0,0,0,0,0,0,0,0,0,0
2581,ÄNKL,17,1,0,0,0,0,0,0,0,0,0,0,0,0,0,0,0,0,0,0,0
2581,ÄNKL,17,2,0,0,0,0,0,0,0,0,0,0,0,0,0,0,0,0,0,0,0
2581,ÄNKL,18,1,0,0,0,0,0,0,0,0,0,0,0,0,0,0,0,0,0,0,0
2581,ÄNKL,18,2,0,0,0,0,0,0,0,0,0,0,0,0,0,0,0,0,0,0,0
2581,ÄNKL,19,1,0,0,0,0,0,0,0,0,0,0,0,0,0,0,0,0,0,0,0
2581,ÄNKL,19,2,0,0,0,0,0,0,0,0,0,0,0,0,0,0,0,0,0,0,0
2581,ÄNKL,20,1,0,0,0,0,0,0,0,0,0,0,0,0,0,0,0,0,0,0,0
2581,ÄNKL,20,2,0,0,0,0,0,0,0,0,0,0,0,0,0,0,0,0,0,0,0
2581,ÄNKL,21,1,0,0,0,0,0,0,0,0,0,0,0,0,0,0,0,0,0,0,0
2581,ÄNKL,21,2,0,0,0,0,0,0,0,0,0,0,0,0,0,0,0,0,0,0,0
2581,ÄNKL,22,1,0,0,0,0,0,0,0,0,0,0,0,0,0,0,0,0,0,0,0
2581,ÄNKL,22,2,0,0,0,0,0,0,0,0,0,0,0,0,0,0,0,0,0,0,0
2581,ÄNKL,23,1,0,0,0,0,0,0,0,0,0,0,0,0,0,0,0,0,0,0,0
2581,ÄNKL,23,2,0,0,0,0,0,0,0,0,0,0,0,0,0,0,0,0,0,0,0
2581,ÄNKL,24,1,0,0,0,0,0,0,0,0,0,0,0,0,0,0,0,0,0,0,0
2581,ÄNKL,24,2,0,0,0,0,0,0,0,0,0,0,0,0,0,0,0,0,0,0,0
2581,ÄNKL,25,1,0,0,0,0,0,0,0,0,0,0,0,0,0,0,0,0,0,0,0
2581,ÄNKL,25,2,0,0,0,0,0,0,0,0,0,0,0,0,0,0,0,0,0,0,0
2581,ÄNKL,26,1,0,0,0,0,0,0,0,0,0,0,0,0,0,0,0,0,0,0,0
2581,ÄNKL,26,2,0,0,0,0,0,0,1,0,0,0,0,0,0,0,0,0,0,0,0
2581,ÄNKL,27,1,0,0,0,0,0,0,0,0,0,0,0,0,0,0,0,0,0,0,0
2581,ÄNKL,27,2,0,0,0,0,0,0,0,1,0,1,0,0,0,0,0,0,0,0,0
2581,ÄNKL,28,1,0,0,0,0,0,0,0,0,0,0,0,0,0,0,0,0,0,0,0
2581,ÄNKL,28,2,0,0,0,0,0,0,0,0,1,0,1,0,0,1,0,0,0,0,0
2581,ÄNKL,29,1,0,0,0,0,0,0,0,0,0,0,0,0,0,0,0,0,0,0,0
2581,ÄNKL,29,2,0,0,0,0,0,0,0,0,0,1,0,1,0,0,1,0,0,0,0
2581,ÄNKL,30,1,0,0,0,0,0,0,0,0,0,0,0,0,0,0,0,0,0,0,0
2581,ÄNKL,30,2,0,0,0,0,0,0,0,0,0,0,1,0,1,1,0,1,0,0,0
2581,ÄNKL,31,1,0,0,0,0,0,0,0,0,0,0,0,0,0,0,0,0,0,0,0
2581,ÄNKL,31,2,0,1,0,1,0,0,0,0,0,0,1,1,0,1,1,0,0,0,0
2581,ÄNKL,32,1,0,0,0,0,0,0,0,0,0,0,0,0,0,0,0,0,1,0,0
2581,ÄNKL,32,2,0,0,1,0,1,0,0,0,0,0,0,1,1,0,1,1,0,0,0
2581,ÄNKL,33,1,0,0,0,0,0,0,0,0,0,0,0,0,0,0,0,0,0,1,0
2581,ÄNKL,33,2,0,0,0,1,0,1,0,0,0,0,0,0,1,1,0,1,0,0,0
2581,ÄNKL,34,1,0,0,0,0,0,0,0,0,0,0,0,0,0,0,0,0,0,0,1
2581,ÄNKL,34,2,0,0,1,0,1,0,1,1,0,1,0,0,0,1,0,0,0,0,0
2581,ÄNKL,35,1,1,1,0,1,0,0,0,0,0,0,0,0,0,0,0,0,0,0,0
2581,ÄNKL,35,2,0,0,0,2,0,1,0,1,0,0,1,0,0,0,0,0,2,1,1
2581,ÄNKL,36,1,0,1,1,0,1,0,0,0,0,0,0,0,0,0,0,0,0,0,0
2581,ÄNKL,36,2,0,0,0,0,2,0,1,0,1,0,1,1,0,0,0,0,1,3,1
2581,ÄNKL,37,1,0,0,1,1,0,1,0,0,0,0,0,0,0,1,0,0,0,0,0
2581,ÄNKL,37,2,1,0,0,1,0,1,0,1,0,1,0,2,2,0,0,0,0,2,3
2581,ÄNKL,38,1,0,0,0,1,1,0,1,0,0,0,0,0,0,0,1,0,0,0,0
2581,ÄNKL,38,2,1,1,0,0,1,1,1,1,1,0,1,2,2,2,0,0,0,0,2
2581,ÄNKL,39,1,0,0,0,0,1,1,0,1,0,0,0,0,0,0,0,1,0,0,0
2581,ÄNKL,39,2,0,1,1,0,1,1,1,1,1,1,0,2,2,2,2,0,0,0,0
2581,ÄNKL,40,1,1,0,0,1,0,1,1,0,1,0,0,0,0,1,0,0,1,0,0
2581,ÄNKL,40,2,0,1,1,1,0,1,1,1,1,2,1,0,2,2,1,1,0,0,0
2581,ÄNKL,41,1,0,1,0,0,1,0,1,1,0,2,0,0,0,0,1,0,0,1,0
2581,ÄNKL,41,2,2,0,1,1,1,0,2,1,0,1,3,1,0,2,1,1,0,0,0
2581,ÄNKL,42,1,0,0,2,2,0,1,0,1,1,0,2,0,0,0,0,1,0,0,1
2581,ÄNKL,42,2,0,3,0,1,1,1,1,2,1,1,1,3,1,0,2,1,1,0,0
2581,ÄNKL,43,1,1,1,0,2,2,0,1,0,1,2,0,2,0,0,0,0,1,0,1
2581,ÄNKL,43,2,2,2,4,0,1,2,1,1,2,2,1,1,3,1,0,2,1,1,0
2581,ÄNKL,44,1,0,1,1,0,2,2,0,1,0,1,1,0,2,0,0,0,0,1,0
2581,ÄNKL,44,2,2,2,1,4,0,1,3,1,1,2,4,1,1,3,2,0,2,1,1
2581,ÄNKL,45,1,0,0,1,1,0,2,2,0,1,0,1,0,0,2,0,0,0,0,1
2581,ÄNKL,45,2,1,2,2,0,3,1,1,3,2,1,2,4,1,0,3,3,0,2,1
2581,ÄNKL,46,1,0,0,0,1,1,0,2,2,0,1,0,0,0,1,2,0,0,1,0
2581,ÄNKL,46,2,2,1,2,1,0,3,1,1,3,2,1,3,4,1,0,5,3,0,2
2581,ÄNKL,47,1,1,0,0,0,1,1,0,2,2,0,1,1,0,0,0,2,0,0,1
2581,ÄNKL,47,2,1,2,1,2,1,1,3,1,1,1,2,1,4,5,1,0,6,3,0
2581,ÄNKL,48,1,0,1,0,0,0,1,1,0,1,2,0,1,1,0,0,1,2,0,0
2581,ÄNKL,48,2,7,1,2,1,3,3,1,3,1,1,1,2,1,5,5,2,0,5,4
2581,ÄNKL,49,1,1,0,1,0,0,0,1,1,0,1,2,0,2,1,0,0,1,3,1
2581,ÄNKL,49,2,1,7,1,2,2,4,4,2,3,1,1,1,2,1,4,5,2,0,5
2581,ÄNKL,50,1,1,1,0,2,0,0,0,1,1,0,1,2,0,2,1,0,1,1,3
2581,ÄNKL,50,2,5,3,7,2,2,2,5,5,2,3,3,3,1,2,1,4,5,2,0
2581,ÄNKL,51,1,3,1,1,0,2,1,0,0,2,1,1,1,2,0,1,1,0,1,2
2581,ÄNKL,51,2,4,5,4,6,2,3,2,5,5,2,3,1,3,2,2,1,4,6,1
2581,ÄNKL,52,1,0,3,1,1,0,3,1,0,0,2,2,1,1,2,0,1,2,0,2
2581,ÄNKL,52,2,4,4,6,4,6,2,3,2,5,3,3,4,1,4,2,3,1,3,6
2581,ÄNKL,53,1,2,0,3,1,1,0,1,2,0,0,2,2,2,1,2,0,1,1,0
2581,ÄNKL,53,2,12,6,5,5,5,9,2,5,3,5,2,4,3,1,4,4,4,2,4
2581,ÄNKL,54,1,4,2,0,3,1,2,0,1,2,0,0,2,2,2,1,2,1,0,1
2581,ÄNKL,54,2,9,11,6,5,5,6,8,2,5,3,6,2,5,4,1,4,5,4,3
2581,ÄNKL,55,1,2,4,1,0,3,2,2,0,1,2,0,0,3,2,2,1,3,1,1
2581,ÄNKL,55,2,12,9,10,6,7,5,6,8,2,5,3,6,2,8,4,2,3,5,4
2581,ÄNKL,56,1,5,2,4,1,0,3,2,2,1,1,2,0,0,3,2,2,1,3,2
2581,ÄNKL,56,2,13,12,9,11,7,7,5,7,8,2,6,3,6,3,7,3,2,3,4
2581,ÄNKL,57,1,7,5,3,4,1,0,4,2,4,1,2,3,0,2,2,3,3,1,3
2581,ÄNKL,57,2,17,13,13,8,11,7,7,8,9,10,2,7,3,6,5,7,4,2,3
2581,ÄNKL,58,1,9,8,6,3,4,2,0,5,2,5,1,2,3,0,3,2,3,3,1
2581,ÄNKL,58,2,12,17,14,13,10,12,8,8,8,8,10,4,8,4,7,6,8,4,2
2581,ÄNKL,59,1,6,10,8,8,3,4,3,1,5,2,4,1,2,3,0,4,2,4,3
2581,ÄNKL,59,2,11,14,17,14,14,11,13,9,9,9,9,10,5,8,5,7,7,8,4
2581,ÄNKL,60,1,6,9,11,10,8,4,5,4,2,6,3,4,1,2,3,0,4,2,4
2581,ÄNKL,60,2,18,17,17,18,14,16,11,14,10,9,10,10,12,5,10,6,7,7,8
2581,ÄNKL,61,1,7,8,10,10,10,8,6,5,4,2,7,4,4,1,2,3,0,5,3
2581,ÄNKL,61,2,17,23,17,17,18,15,18,13,15,14,10,11,13,13,8,10,7,8,10
2581,ÄNKL,62,1,9,8,8,11,10,10,7,6,5,3,4,7,4,3,1,3,3,1,5
2581,ÄNKL,62,2,22,18,23,21,21,18,17,22,15,14,14,10,12,13,13,8,12,8,11
2581,ÄNKL,63,1,11,8,8,9,12,13,9,8,7,5,3,4,8,4,3,1,3,4,2
2581,ÄNKL,63,2,16,27,20,24,23,21,19,18,23,15,14,17,12,12,14,15,10,11,8
2581,ÄNKL,64,1,7,11,9,9,8,14,13,11,9,6,8,3,4,8,4,4,2,4,5
2581,ÄNKL,64,2,20,18,27,20,27,25,23,20,20,24,17,14,19,13,15,15,16,9,14
2581,ÄNKL,65,1,7,7,12,8,10,9,15,13,13,10,7,9,5,4,8,3,4,3,4
2581,ÄNKL,65,2,33,23,20,33,21,31,25,25,20,20,26,16,14,20,13,14,16,16,11
2581,ÄNKL,66,1,6,7,7,13,9,11,11,15,12,13,11,8,11,6,6,10,4,6,3
2581,ÄNKL,66,2,26,37,26,21,37,26,34,33,27,21,21,26,19,18,20,14,16,19,16
2581,ÄNKL,67,1,7,7,7,9,16,8,12,11,14,13,15,12,9,13,7,7,10,4,8
2581,ÄNKL,67,2,39,31,40,28,27,40,27,34,37,28,22,25,26,22,21,21,14,17,20
2581,ÄNKL,68,1,10,7,6,8,8,16,10,11,13,15,13,14,14,12,15,5,7,10,5
2581,ÄNKL,68,2,35,42,32,41,32,29,43,27,37,38,32,26,28,28,20,23,23,15,18
2581,ÄNKL,69,1,7,11,7,7,9,8,18,10,12,16,15,14,16,18,12,15,6,8,11
2581,ÄNKL,69,2,38,40,43,32,43,32,35,46,30,39,41,33,27,29,33,22,25,26,16
2581,ÄNKL,70,1,11,7,10,8,6,9,8,19,14,14,15,15,15,15,19,12,16,7,7
2581,ÄNKL,70,2,46,41,41,43,34,44,36,40,46,31,45,46,35,28,29,36,22,26,25
2581,ÄNKL,71,1,16,15,7,10,10,7,11,8,19,16,15,17,16,15,15,17,12,15,8
2581,ÄNKL,71,2,43,49,42,45,49,36,46,38,41,50,33,50,48,36,29,32,36,24,27
2581,ÄNKL,72,1,16,17,16,7,10,10,11,10,9,20,17,18,18,17,18,19,17,13,15
2581,ÄNKL,72,2,65,48,52,44,50,50,40,48,37,43,55,38,52,52,36,32,37,36,27
2581,ÄNKL,73,1,13,20,18,17,7,12,12,13,12,11,24,20,20,23,17,20,20,18,12
2581,ÄNKL,73,2,60,69,56,49,48,49,55,40,51,38,49,58,38,57,62,42,34,44,36
2581,ÄNKL,74,1,16,15,23,19,17,6,12,12,14,12,14,28,20,20,24,17,21,21,16
2581,ÄNKL,74,2,55,63,75,57,54,54,53,55,45,53,42,55,63,41,60,68,51,37,45
2581,ÄNKL,75,1,14,15,16,25,21,16,7,12,12,14,12,16,29,24,20,24,17,23,22
2581,ÄNKL,75,2,64,59,65,76,64,56,59,54,54,48,58,46,62,68,48,64,70,52,39
2581,ÄNKL,76,1,20,15,14,22,30,25,17,9,14,13,13,13,16,29,25,23,25,16,25
2581,ÄNKL,76,2,67,65,65,65,77,69,56,59,55,60,49,56,49,66,69,49,69,77,55
2581,ÄNKL,77,1,26,22,18,16,20,30,23,16,10,16,14,14,13,16,29,25,24,25,17
2581,ÄNKL,77,2,64,66,69,64,66,81,74,59,62,63,63,54,55,54,68,70,49,69,77
2581,ÄNKL,78,1,15,26,22,20,17,20,31,20,19,10,19,18,12,14,16,29,25,27,25
2581,ÄNKL,78,2,80,67,67,72,72,69,83,77,64,64,70,62,54,54,56,73,70,51,70
2581,ÄNKL,79,1,19,16,25,23,21,17,19,28,17,21,9,19,21,12,13,20,28,27,30
2581,ÄNKL,79,2,85,83,75,74,72,72,74,86,85,73,69,70,63,57,59,55,77,70,57
2560,OG,0,1,43,38,28,34,41,37,38,35,43,40,45,36,30,51,33,40,35,39,41
2560,OG,0,2,35,27,41,38,38,40,45,26,28,32,40,39,43,35,32,40,38,24,29
2560,OG,1,1,36,45,41,26,35,41,39,40,35,45,39,50,31,31,54,32,43,34,42
2560,OG,1,2,38,32,25,42,39,40,38,46,26,27,38,41,39,43,37,34,38,37,28
2560,OG,2,1,43,35,46,42,27,36,42,40,46,35,50,43,50,36,32,54,33,43,38
2560,OG,2,2,45,35,31,27,44,36,36,41,45,27,28,37,41,41,45,36,36,39,37
2560,OG,3,1,49,45,39,45,44,30,36,42,38,47,38,49,41,49,35,30,54,35,40
2560,OG,3,2,46,47,34,30,25,42,39,38,45,48,26,31,39,37,38,43,40,35,40
2560,OG,4,1,39,50,47,41,47,41,30,36,44,35,46,41,46,43,50,35,28,55,37
2560,OG,4,2,34,46,47,32,32,27,40,39,38,47,49,29,30,38,39,39,45,42,38
2560,OG,5,1,51,40,50,47,45,48,38,33,39,44,35,46,42,44,44,49,33,30,53
2560,OG,5,2,39,34,46,45,30,32,27,40,39,42,49,53,32,30,36,39,39,46,41
2560,OG,6,1,37,54,42,51,47,45,45,41,33,43,45,36,48,42,43,45,47,33,29
2560,OG,6,2,42,39,36,44,48,34,30,30,43,42,42,51,49,31,33,37,40,36,49
2560,OG,7,1,56,39,51,44,54,48,44,44,40,34,44,47,36,49,42,44,43,49,33
2560,OG,7,2,46,42,40,36,45,46,35,31,30,46,41,41,52,50,31,31,40,41,38
2560,OG,8,1,42,56,37,51,42,56,49,43,46,42,34,44,47,37,49,40,45,43,49
2560,OG,8,2,30,47,43,38,36,44,47,38,32,32,46,43,45,51,49,30,30,40,41
2560,OG,9,1,47,42,56,39,52,44,57,52,44,47,43,34,44,48,40,50,40,45,43
2560,OG,9,2,54,30,47,45,38,40,45,48,36,36,32,49,41,44,51,48,31,30,40
2560,OG,10,1,39,47,43,56,38,55,48,59,49,45,45,45,33,46,47,41,49,41,43
2560,OG,10,2,49,52,31,48,46,35,38,46,52,37,37,31,47,40,43,51,51,32,30
2560,OG,11,1,53,40,48,44,56,38,54,48,59,50,45,50,44,34,44,48,41,47,41
2560,OG,11,2,49,46,52,32,48,47,36,37,45,50,38,39,32,47,42,43,52,51,32
2560,OG,12,1,54,54,40,48,46,56,37,51,49,61,54,47,49,45,33,42,48,40,48
2560,OG,12,2,43,53,45,51,30,50,45,38,37,47,52,40,37,30,48,40,41,51,49
2560,OG,13,1,56,54,52,41,46,51,57,38,51,50,62,56,46,48,43,37,43,47,41
2560,OG,13,2,63,45,53,46,50,32,51,42,38,36,46,54,38,35,30,49,39,39,51
2560,OG,14,1,65,53,53,52,38,47,51,58,39,52,52,63,55,45,48,42,35,44,45
2560,OG,14,2,60,63,46,53,46,53,34,54,40,40,38,48,55,38,35,30,48,38,34
2560,OG,15,1,71,65,57,54,49,37,46,51,62,41,52,52,62,56,45,47,43,35,42
2560,OG,15,2,74,60,64,45,52,42,52,36,53,39,42,36,44,52,38,34,29,49,39
2560,OG,16,1,72,70,66,58,53,56,38,46,52,64,48,53,50,61,57,41,46,43,35
2560,OG,16,2,65,74,61,65,42,52,45,52,30,51,42,45,34,48,51,38,34,28,49
2560,OG,17,1,65,70,73,65,59,54,60,39,53,53,72,51,55,48,60,54,39,46,40
2560,OG,17,2,66,68,75,60,62,42,54,43,56,33,52,42,41,32,48,51,39,31,29
2560,OG,18,1,88,67,69,71,63,60,55,58,39,53,59,79,54,54,46,60,52,40,44
2560,OG,18,2,46,62,66,76,63,62,48,55,43,50,32,55,44,37,30,48,51,37,33
2560,OG,19,1,61,82,65,64,70,56,57,51,55,38,54,54,75,52,56,42,56,46,32
2560,OG,19,2,61,47,55,60,62,53,55,46,51,40,52,28,49,41,34,28,37,47,36
2560,OG,20,1,65,53,75,51,61,59,55,56,52,57,34,50,49,86,49,50,39,47,40
2560,OG,20,2,35,56,42,39,54,55,44,53,38,45,37,43,23,44,43,33,29,29,38
2560,OG,21,1,43,53,47,71,45,54,58,53,52,48,49,34,46,45,80,46,49,42,40
2560,OG,21,2,30,33,54,32,35,48,54,41,47,40,43,33,45,18,43,34,28,25,31
2560,OG,22,1,34,35,46,43,63,44,49,53,51,51,44,51,33,43,50,75,44,45,39
2560,OG,22,2,47,33,28,52,34,32,49,52,36,39,36,37,30,39,19,42,27,24,26
2560,OG,23,1,30,38,37,43,41,55,41,50,54,48,47,46,46,29,40,46,65,36,47
2560,OG,23,2,35,40,29,23,47,35,35,39,51,32,37,32,35,32,35,19,39,30,21
2560,OG,24,1,46,28,38,39,39,38,56,41,52,52,47,47,42,42,31,36,40,61,38
2560,OG,24,2,27,33,40,31,23,36,30,31,44,45,34,39,34,33,30,33,16,36,34
2560,OG,25,1,39,39,24,32,38,41,40,57,38,53,52,49,45,40,40,31,36,35,62
2560,OG,25,2,27,29,33,34,31,23,34,26,32,39,42,37,35,30,36,27,32,15,32
2560,OG,26,1,33,37,41,29,34,37,38,34,58,41,48,47,49,42,41,42,35,35,28
2560,OG,26,2,31,28,26,29,32,29,24,31,26,34,37,39,37,34,26,33,29,28,18
2560,OG,27,1,33,29,37,38,29,27,34,30,36,56,41,55,42,42,37,40,42,29,32
2560,OG,27,2,21,24,24,24,26,27,27,25,30,24,34,34,37,40,34,23,33,28,32
2560,OG,28,1,31,34,26,36,37,26,30,31,33,37,57,38,48,42,45,41,38,35,32
2560,OG,28,2,26,18,22,23,21,23,24,24,18,32,23,31,28,37,35,35,25,33,26
2560,OG,29,1,36,30,32,26,29,32,28,26,28,31,38,55,34,47,44,44,42,35,37
2560,OG,29,2,26,25,18,23,24,21,22,23,28,18,31,22,30,31,39,36,34,23,29
2560,OG,30,1,32,35,26,33,27,29,29,27,24,30,34,40,51,34,46,44,42,38,36
2560,OG,30,2,27,27,26,19,20,25,18,22,20,28,16,31,18,30,32,39,35,31,23
2560,OG,31,1,43,32,31,26,32,28,26,27,26,25,30,32,36,49,30,49,41,40,39
2560,OG,31,2,20,26,25,21,19,20,24,16,22,21,28,15,30,17,33,34,37,34,28
2560,OG,32,1,39,42,32,32,25,31,27,27,30,26,24,31,30,37,51,31,49,43,36
2560,OG,32,2,31,17,25,24,22,16,22,24,16,20,21,28,15,29,12,33,34,34,32
2560,OG,33,1,36,36,41,28,28,23,29,25,28,28,24,25,28,30,31,51,32,47,39
2560,OG,33,2,26,31,15,23,21,19,15,23,20,16,20,20,26,16,31,14,34,33,36
2560,OG,34,1,37,34,32,40,25,25,23,29,25,29,25,25,25,26,26,30,50,32,44
2560,OG,34,2,23,24,29,15,22,21,19,15,20,20,18,19,15,23,15,31,13,30,30
2560,OG,35,1,22,37,30,29,38,23,22,22,30,25,28,27,25,25,26,26,29,45,33
2560,OG,35,2,21,23,22,28,13,21,20,18,15,20,22,22,17,16,20,14,32,12,30
2560,OG,36,1,42,19,35,30,28,39,21,21,23,30,25,28,25,24,24,27,29,28,41
2560,OG,36,2,20,21,21,22,24,14,18,21,16,16,19,20,17,14,16,20,14,31,12
2560,OG,37,1,32,39,19,33,28,28,38,24,21,23,33,24,28,24,24,22,24,28,28
2560,OG,37,2,19,15,20,19,19,23,14,19,20,14,16,20,21,17,14,17,17,11,31
2560,OG,38,1,29,32,38,20,31,27,27,38,21,19,23,32,24,27,22,24,24,25,28
2560,OG,38,2,19,18,15,20,19,17,23,14,19,19,16,14,16,20,15,12,16,15,12
2560,OG,39,1,27,28,31,32,20,30,25,27,36,22,19,22,28,23,27,22,22,22,22
2560,OG,39,2,21,19,19,18,20,16,17,23,12,18,18,16,14,15,20,12,12,15,16
2560,OG,40,1,30,27,27,29,32,15,30,25,27,34,21,17,22,29,22,24,19,22,23
2560,OG,40,2,15,18,20,16,16,19,16,16,22,12,16,18,16,13,16,22,10,11,16
2560,OG,41,1,32,31,27,27,29,32,16,30,23,27,31,22,17,21,29,26,24,20,21
2560,OG,41,2,16,15,18,19,17,15,19,15,16,22,13,17,17,16,11,15,20,9,11
2560,OG,42,1,21,30,32,26,23,28,31,16,30,22,27,34,21,17,21,29,25,25,19
2560,OG,42,2,19,16,14,18,20,17,15,18,15,17,22,12,17,18,16,10,15,20,8
2560,OG,43,1,24,22,28,32,25,20,28,30,15,28,23,25,31,22,16,21,28,23,25
2560,OG,43,2,10,18,14,15,18,18,17,15,18,13,16,21,12,17,18,16,10,14,20
2560,OG,44,1,19,24,22,29,32,25,20,28,30,15,27,22,24,31,20,13,20,26,22
2560,OG,44,2,10,11,17,14,14,18,17,18,14,18,13,16,20,11,17,18,15,10,14
2560,OG,45,1,24,17,24,22,28,32,24,19,30,29,16,26,21,24,29,19,13,20,24
2560,OG,45,2,11,12,11,17,14,13,19,16,17,17,17,13,16,21,11,16,18,13,10
2560,OG,46,1,25,25,17,23,22,28,32,24,19,31,29,16,26,20,25,29,19,11,20
2560,OG,46,2,14,10,13,11,16,14,13,18,15,15,16,17,13,16,22,13,17,16,14
2560,OG,47,1,20,23,23,17,23,21,26,30,24,18,27,28,17,26,20,26,29,18,11
2560,OG,47,2,15,14,11,12,11,16,14,12,18,14,14,15,17,13,15,21,12,16,14
2560,OG,48,1,21,17,21,24,18,24,20,25,30,20,18,24,29,18,24,19,26,28,17
2560,OG,48,2,11,15,14,9,12,11,17,14,12,18,14,14,15,17,14,15,21,12,16
2560,OG,49,1,16,21,14,20,23,19,22,20,25,29,19,18,23,30,20,24,16,24,29
2560,OG,49,2,14,11,14,12,9,11,11,16,15,13,17,14,14,16,18,13,14,21,11
2560,OG,50,1,19,16,20,12,20,25,20,22,19,21,26,19,18,23,29,20,25,15,23
2560,OG,50,2,11,13,11,14,12,9,11,11,16,14,13,17,14,14,16,17,11,11,20
2560,OG,51,1,13,18,16,21,12,21,23,18,22,19,21,23,19,18,23,28,19,24,15
2560,OG,51,2,8,11,13,11,14,12,9,11,10,14,14,12,17,15,13,16,15,10,12
2560,OG,52,1,23,13,17,16,21,13,21,23,19,22,19,21,23,16,17,23,25,20,22
2560,OG,52,2,11,8,10,13,11,14,12,9,12,10,15,14,12,17,14,12,16,15,10
2560,OG,53,1,20,23,13,18,16,20,13,21,21,18,20,19,20,24,17,17,23,24,19
2560,OG,53,2,8,11,6,11,13,10,14,12,8,11,10,15,13,12,18,15,15,15,15
2560,OG,54,1,15,20,23,13,18,16,21,12,21,21,16,19,19,20,22,17,18,22,24
2560,OG,54,2,5,8,10,6,10,13,10,14,13,8,10,7,14,12,12,18,15,14,15
2560,OG,55,1,14,16,19,22,13,18,16,20,12,20,19,16,19,19,20,22,18,17,23
2560,OG,55,2,11,5,10,10,6,10,13,10,14,12,8,10,7,14,14,12,18,15,13
2560,OG,56,1,13,13,17,19,23,13,19,16,21,12,20,19,17,18,19,19,21,18,17
2560,OG,56,2,9,11,5,9,10,6,9,13,10,15,11,8,10,7,14,14,12,19,15
2560,OG,57,1,17,13,13,17,19,23,12,18,15,19,13,18,19,18,18,19,20,19,17
2560,OG,57,2,13,10,11,5,8,10,6,9,13,10,14,11,8,9,7,14,13,11,19
2560,OG,58,1,13,17,14,13,17,20,21,12,18,15,19,13,18,19,19,17,19,21,18
2560,OG,58,2,7,13,9,12,5,8,10,6,10,13,10,14,11,7,9,7,13,13,10
2560,OG,59,1,18,13,17,13,13,16,20,18,11,18,14,19,13,17,18,18,17,18,21
2560,OG,59,2,7,6,12,9,10,5,8,9,6,10,11,10,12,11,7,8,7,13,13
2560,OG,60,1,14,18,14,16,13,13,16,20,18,11,18,14,20,12,16,17,17,16,18
2560,OG,60,2,10,7,6,12,10,10,4,8,9,6,10,10,10,11,11,7,8,6,12
2560,OG,61,1,16,13,18,13,13,13,13,13,19,18,11,17,14,20,13,14,16,17,16
2560,OG,61,2,7,9,7,6,11,10,10,4,8,9,6,11,10,10,11,12,7,8,5
2560,OG,62,1,12,15,13,20,13,13,13,13,13,19,18,11,16,14,21,13,12,15,16
2560,OG,62,2,8,7,9,7,5,11,10,9,3,8,9,7,11,10,10,11,12,7,8
2560,OG,63,1,10,12,15,13,18,13,12,12,13,13,18,16,11,15,15,22,13,12,15
2560,OG,63,2,5,8,7,9,7,5,11,11,8,3,8,9,7,11,10,10,11,11,7
2560,OG,64,1,9,10,12,13,13,18,13,10,13,12,11,17,16,11,15,14,21,12,14
2560,OG,64,2,5,5,8,7,9,7,5,11,11,8,3,8,8,7,9,10,9,10,10
2560,OG,65,1,7,9,10,12,12,14,17,12,10,12,12,11,16,16,11,15,14,20,12
2560,OG,65,2,1,5,5,8,6,9,7,5,10,11,8,3,8,8,7,9,10,9,10
2560,OG,66,1,5,5,9,10,12,12,14,16,12,10,12,12,11,16,16,10,15,13,20
2560,OG,66,2,5,1,5,4,8,6,8,7,5,9,11,8,4,8,8,7,8,10,9
2560,OG,67,1,7,5,5,7,10,12,12,13,16,12,10,11,12,9,16,16,10,15,11
2560,OG,67,2,3,5,0,5,4,8,6,8,7,5,8,9,8,4,7,9,7,9,9
2560,OG,68,1,5,7,5,5,7,10,12,12,11,16,10,7,11,12,8,17,16,10,14
2560,OG,68,2,3,3,5,0,5,4,8,6,8,7,5,7,9,7,4,7,9,7,8
2560,OG,69,1,7,5,7,5,5,7,8,12,12,12,15,9,7,12,10,7,17,16,10
2560,OG,69,2,3,3,3,5,0,5,3,8,6,8,6,5,7,9,7,4,7,9,7
2560,OG,70,1,9,6,5,7,5,5,7,8,11,12,12,15,8,7,12,9,6,18,16
2560,OG,70,2,3,3,3,3,5,0,5,3,8,6,8,6,5,7,10,6,3,7,9
2560,OG,71,1,5,9,6,5,7,3,5,8,8,10,11,12,15,6,7,12,9,6,18
2560,OG,71,2,3,3,3,3,2,5,0,5,3,8,6,8,6,4,7,10,5,3,7
2560,OG,72,1,4,5,8,5,4,7,3,5,8,8,9,12,12,14,5,6,13,9,6
2560,OG,72,2,2,3,3,3,3,2,5,0,5,3,8,6,8,5,4,6,10,4,3
2560,OG,73,1,4,4,5,8,5,4,7,3,5,7,7,9,11,11,13,4,6,13,9
2560,OG,73,2,2,2,2,3,3,4,2,5,0,5,3,8,6,8,5,4,6,9,4
2560,OG,74,1,5,4,4,5,8,4,4,8,3,5,7,6,8,11,11,13,4,6,13
2560,OG,74,2,3,2,2,2,3,3,4,2,5,1,5,3,8,6,7,5,5,6,9
2560,OG,75,1,3,5,4,4,5,8,4,2,7,3,5,7,6,8,11,11,12,5,6
2560,OG,75,2,5,3,2,2,2,3,3,4,2,5,1,5,3,7,6,7,5,3,6
2560,OG,76,1,2,3,5,4,4,5,8,4,1,7,3,5,7,6,8,11,10,11,4
2560,OG,76,2,4,5,4,2,2,2,3,3,4,2,5,1,4,3,7,6,7,5,3
2560,OG,77,1,3,2,2,5,4,4,5,8,4,1,6,3,5,7,5,8,9,11,11
2560,OG,77,2,3,3,5,4,2,1,2,2,3,3,2,5,1,3,2,7,6,4,4
2560,OG,78,1,6,3,2,2,5,2,4,4,8,4,1,5,3,5,6,4,6,9,9
2560,OG,78,2,5,3,3,3,4,2,0,2,2,2,3,2,5,0,3,2,6,5,4
2560,OG,79,1,4,6,3,2,2,4,2,3,4,7,3,1,4,3,4,6,4,6,9
2560,OG,79,2,0,5,3,3,3,3,2,0,2,2,2,3,2,5,0,3,2,6,5
2560,G,0,1,0,0,0,0,0,0,0,0,0,0,0,0,0,0,0,0,0,0,0
2560,G,0,2,0,0,0,0,0,0,0,0,0,0,0,0,0,0,0,0,0,0,0
2560,G,1,1,0,0,0,0,0,0,0,0,0,0,0,0,0,0,0,0,0,0,0
2560,G,1,2,0,0,0,0,0,0,0,0,0,0,0,0,0,0,0,0,0,0,0
2560,G,2,1,0,0,0,0,0,0,0,0,0,0,0,0,0,0,0,0,0,0,0
2560,G,2,2,0,0,0,0,0,0,0,0,0,0,0,0,0,0,0,0,0,0,0
2560,G,3,1,0,0,0,0,0,0,0,0,0,0,0,0,0,0,0,0,0,0,0
2560,G,3,2,0,0,0,0,0,0,0,0,0,0,0,0,0,0,0,0,0,0,0
2560,G,4,1,0,0,0,0,0,0,0,0,0,0,0,0,0,0,0,0,0,0,0
2560,G,4,2,0,0,0,0,0,0,0,0,0,0,0,0,0,0,0,0,0,0,0
2560,G,5,1,0,0,0,0,0,0,0,0,0,0,0,0,0,0,0,0,0,0,0
2560,G,5,2,0,0,0,0,0,0,0,0,0,0,0,0,0,0,0,0,0,0,0
2560,G,6,1,0,0,0,0,0,0,0,0,0,0,0,0,0,0,0,0,0,0,0
2560,G,6,2,0,0,0,0,0,0,0,0,0,0,0,0,0,0,0,0,0,0,0
2560,G,7,1,0,0,0,0,0,0,0,0,0,0,0,0,0,0,0,0,0,0,0
2560,G,7,2,0,0,0,0,0,0,0,0,0,0,0,0,0,0,0,0,0,0,0
2560,G,8,1,0,0,0,0,0,0,0,0,0,0,0,0,0,0,0,0,0,0,0
2560,G,8,2,0,0,0,0,0,0,0,0,0,0,0,0,0,0,0,0,0,0,0
2560,G,9,1,0,0,0,0,0,0,0,0,0,0,0,0,0,0,0,0,0,0,0
2560,G,9,2,0,0,0,0,0,0,0,0,0,0,0,0,0,0,0,0,0,0,0
2560,G,10,1,0,0,0,0,0,0,0,0,0,0,0,0,0,0,0,0,0,0,0
2560,G,10,2,0,0,0,0,0,0,0,0,0,0,0,0,0,0,0,0,0,0,0
2560,G,11,1,0,0,0,0,0,0,0,0,0,0,0,0,0,0,0,0,0,0,0
2560,G,11,2,0,0,0,0,0,0,0,0,0,0,0,0,0,0,0,0,0,0,0
2560,G,12,1,0,0,0,0,0,0,0,0,0,0,0,0,0,0,0,0,0,0,0
2560,G,12,2,0,0,0,0,0,0,0,0,0,0,0,0,0,0,0,0,0,0,0
2560,G,13,1,0,0,0,0,0,0,0,0,0,0,0,0,0,0,0,0,0,0,0
2560,G,13,2,0,0,0,0,0,0,0,0,0,0,0,0,0,0,0,0,0,0,0
2560,G,14,1,0,0,0,0,0,0,0,0,0,0,0,0,0,0,0,0,0,0,0
2560,G,14,2,0,0,0,0,0,0,0,0,0,0,0,0,0,0,0,0,0,0,0
2560,G,15,1,0,0,0,0,0,0,0,0,0,0,0,0,0,0,0,0,0,0,0
2560,G,15,2,0,0,0,0,0,0,0,0,0,0,0,0,0,0,0,0,0,0,0
2560,G,16,1,0,0,0,0,0,0,0,0,0,0,0,0,0,0,0,0,0,0,0
2560,G,16,2,0,0,0,0,0,0,0,0,0,0,0,0,0,0,0,0,0,0,0
2560,G,17,1,0,0,0,0,0,0,0,0,0,0,0,0,0,0,0,0,0,0,0
2560,G,17,2,0,0,0,0,0,0,0,0,0,0,0,0,0,0,0,0,0,0,0
2560,G,18,1,0,0,0,0,0,0,0,0,0,0,0,0,0,0,0,0,0,0,0
2560,G,18,2,0,0,1,0,0,1,0,0,0,0,0,0,0,0,0,0,0,0,0
2560,G,19,1,0,0,0,0,0,0,0,0,0,0,0,0,0,0,0,0,0,0,0
2560,G,19,2,1,1,1,2,0,0,1,0,0,0,0,2,0,0,2,0,0,0,0
2560,G,20,1,0,0,0,0,0,1,1,0,0,1,0,2,0,0,0,0,0,1,0
2560,G,20,2,2,1,1,3,0,1,2,3,2,1,0,1,2,1,0,3,0,0,0
2560,G,21,1,2,0,2,0,0,1,1,1,0,1,0,1,3,1,0,0,0,0,1
2560,G,21,2,3,0,2,1,3,2,2,5,4,1,1,1,0,3,1,0,3,0,0
2560,G,22,1,1,1,0,2,1,0,2,1,0,0,0,0,0,3,1,0,1,0,0
2560,G,22,2,1,4,0,3,1,5,3,2,6,2,3,5,1,0,2,1,1,3,0
2560,G,23,1,1,0,1,1,3,2,0,1,2,0,2,2,0,3,3,1,0,1,0
2560,G,23,2,3,2,6,1,4,1,5,5,4,7,2,4,4,3,1,1,1,1,4
2560,G,24,1,3,2,2,2,2,4,3,0,3,3,0,2,1,0,3,1,1,0,2
2560,G,24,2,6,2,4,5,1,6,5,5,4,5,9,2,3,4,1,2,1,2,1
2560,G,25,1,2,4,4,4,3,2,3,4,0,6,5,3,3,1,2,3,1,2,2
2560,G,25,2,1,7,5,4,5,3,5,10,9,6,6,9,6,4,6,3,4,1,4
2560,G,26,1,5,4,4,2,4,3,5,6,5,0,6,9,4,3,1,2,4,1,3
2560,G,26,2,9,1,10,6,7,4,4,9,10,12,7,10,9,9,6,7,4,7,3
2560,G,27,1,3,6,4,5,4,4,6,7,6,7,1,8,12,7,6,4,3,6,2
2560,G,27,2,2,11,2,7,9,13,8,6,12,11,11,11,14,9,13,6,6,8,6
2560,G,28,1,4,4,7,6,7,5,5,7,9,5,10,7,8,15,6,6,4,5,8
2560,G,28,2,7,4,11,4,11,13,13,12,6,13,13,14,15,15,10,11,9,8,10
2560,G,29,1,4,4,3,7,7,9,6,9,11,14,5,13,7,8,14,7,7,5,6
2560,G,29,2,12,10,6,10,6,11,14,14,13,9,19,15,15,13,16,11,11,10,12
2560,G,30,1,9,3,6,3,6,10,11,8,10,13,16,7,17,6,7,17,7,9,9
2560,G,30,2,11,12,9,6,14,9,8,15,15,13,11,19,19,17,12,18,13,10,15
2560,G,31,1,9,9,6,6,4,9,9,15,6,9,14,16,10,17,6,8,16,7,11
2560,G,31,2,21,13,15,15,10,14,11,9,17,19,13,14,22,17,17,13,21,15,12
2560,G,32,1,14,9,9,6,8,6,6,9,15,9,9,14,12,10,14,8,9,21,10
2560,G,32,2,20,20,15,17,16,11,12,11,9,20,19,14,12,17,20,18,11,23,20
2560,G,33,1,17,16,14,13,10,7,8,8,11,16,12,10,16,13,14,15,8,8,25
2560,G,33,2,21,21,19,16,19,17,10,14,14,11,20,20,17,12,17,21,19,12,25
2560,G,34,1,12,19,19,16,17,12,9,7,10,16,17,19,9,16,13,15,15,11,14
2560,G,34,2,21,21,24,19,16,18,17,10,17,14,12,25,22,18,11,17,20,20,11
2560,G,35,1,18,15,21,23,16,19,15,10,8,11,17,19,17,10,15,14,17,14,11
2560,G,35,2,13,22,24,24,22,18,18,17,10,18,16,14,24,20,18,12,14,19,19
2560,G,36,1,13,22,18,19,23,17,19,17,11,7,12,19,26,16,13,15,13,18,14
2560,G,36,2,19,15,22,25,27,25,22,17,21,11,19,16,12,26,21,20,14,14,19
2560,G,37,1,22,16,19,18,23,24,18,20,19,10,7,10,19,24,17,16,12,15,19
2560,G,37,2,27,23,17,23,28,28,24,24,15,21,13,18,11,11,24,22,20,15,15
2560,G,38,1,19,24,16,18,18,24,25,20,25,20,9,9,9,19,26,16,13,12,14
2560,G,38,2,27,26,22,17,23,28,33,26,23,18,19,14,21,14,14,25,21,20,14
2560,G,39,1,21,19,24,23,17,21,23,24,19,24,18,9,9,12,24,23,14,14,13
2560,G,39,2,38,26,26,22,17,25,29,32,23,22,20,20,14,22,13,14,24,22,20
2560,G,40,1,31,21,21,25,22,20,18,23,21,21,26,18,9,11,13,24,25,15,13
2560,G,40,2,24,41,26,30,25,15,24,28,32,22,24,21,19,13,22,13,14,25,22
2560,G,41,1,28,26,21,22,27,21,19,16,27,21,21,26,18,7,10,16,23,25,15
2560,G,41,2,30,23,40,27,29,27,17,26,28,30,20,23,22,19,18,22,14,15,22
2560,G,42,1,30,27,26,22,24,26,21,20,17,28,21,20,27,19,7,12,17,23,26
2560,G,42,2,33,28,27,39,27,30,26,17,25,30,28,23,22,18,17,16,20,11,16
2560,G,43,1,27,30,27,25,23,25,26,20,18,21,30,23,22,26,21,7,16,18,21
2560,G,43,2,23,33,30,26,36,28,26,26,15,24,30,27,23,21,18,17,16,20,11
2560,G,44,1,31,28,32,28,26,22,25,28,18,20,21,32,26,20,25,22,11,15,15
2560,G,44,2,27,22,33,29,24,37,28,23,30,16,22,32,29,24,21,18,20,17,20
2560,G,45,1,26,29,27,31,29,26,23,25,28,19,18,21,33,24,20,24,23,11,18
2560,G,45,2,25,27,23,33,28,25,35,31,22,30,16,21,30,27,24,20,19,19,19
2560,G,46,1,23,26,27,25,29,29,26,25,23,27,19,20,21,35,23,21,25,24,12
2560,G,46,2,31,25,26,23,30,27,26,36,29,22,29,16,21,31,28,25,22,21,18
2560,G,47,1,23,22,28,29,25,31,29,24,24,24,25,20,20,21,34,20,20,25,22
2560,G,47,2,37,32,25,25,24,31,26,22,34,28,21,31,18,22,32,29,25,19,23
2560,G,48,1,34,26,22,28,27,25,32,29,25,22,22,26,20,18,20,36,22,21,24
2560,G,48,2,35,38,32,26,25,22,30,28,20,34,27,19,30,18,22,31,30,25,20
2560,G,49,1,33,33,26,24,28,29,26,33,27,25,23,22,26,20,17,20,37,23,21
2560,G,49,2,41,32,40,34,29,27,22,31,27,19,37,28,20,29,20,23,31,29,24
2560,G,50,1,25,34,33,26,24,27,25,28,35,31,26,22,21,25,19,16,19,36,23
2560,G,50,2,39,39,30,39,34,29,28,21,31,27,20,39,25,17,30,21,26,34,27
2560,G,51,1,30,24,35,32,28,24,27,26,26,36,29,27,26,19,26,20,17,19,37
2560,G,51,2,29,36,40,30,39,32,29,25,20,29,26,20,39,24,20,27,18,25,35
2560,G,52,1,33,30,25,36,33,27,24,27,25,25,36,31,26,27,22,25,22,16,21
2560,G,52,2,27,29,35,40,31,38,32,27,25,20,29,26,20,39,26,19,25,17,26
2560,G,53,1,33,33,30,24,35,31,27,21,28,25,27,34,30,25,28,21,24,22,19
2560,G,53,2,38,27,30,33,41,30,38,31,25,26,20,27,27,20,39,28,19,23,18
2560,G,54,1,41,32,33,30,23,34,29,25,21,27,22,28,33,29,27,30,20,23,22
2560,G,54,2,35,38,25,30,33,40,28,40,29,23,28,20,28,27,22,41,27,19,24
2560,G,55,1,43,39,33,33,30,23,33,28,23,22,29,19,28,31,30,29,28,20,25
2560,G,55,2,39,33,39,22,31,32,40,29,39,31,24,28,19,28,26,22,39,26,19
2560,G,56,1,41,40,38,32,34,30,23,35,26,23,22,29,21,27,31,31,27,27,21
2560,G,56,2,30,40,33,39,24,31,29,42,29,36,30,23,30,19,28,25,22,39,25
2560,G,57,1,37,41,40,37,32,34,30,24,34,27,23,23,29,20,27,31,32,27,26
2560,G,57,2,24,32,38,33,41,22,32,32,42,29,37,29,24,29,20,29,26,21,35
2560,G,58,1,34,35,40,38,38,33,33,29,24,32,29,23,23,27,21,26,29,31,28
2560,G,58,2,41,23,30,38,33,39,21,33,32,42,29,37,30,23,29,20,31,25,24
2560,G,59,1,42,34,34,40,40,35,31,37,28,24,33,31,23,25,27,21,26,30,32
2560,G,59,2,58,40,23,30,40,34,38,22,31,31,43,30,38,30,23,30,20,31,26
2560,G,60,1,35,42,32,35,42,39,35,32,36,26,23,34,28,23,26,28,22,25,29
2560,G,60,2,40,52,39,25,31,40,35,37,20,32,29,44,29,37,29,23,30,20,32
2560,G,61,1,40,34,43,35,38,39,40,37,32,35,27,23,33,27,23,26,28,22,26
2560,G,61,2,46,38,52,39,25,30,40,36,37,20,32,28,43,31,37,31,24,29,19
2560,G,62,1,45,37,33,41,36,39,40,39,36,34,34,26,24,32,27,24,30,27,24
2560,G,62,2,31,46,37,51,39,25,29,40,35,36,21,28,29,43,29,37,29,23,29
2560,G,63,1,59,44,36,31,39,35,41,39,39,36,35,33,28,25,31,27,22,28,26
2560,G,63,2,48,31,45,36,51,37,25,28,40,36,35,21,26,28,42,28,35,30,23
2560,G,64,1,38,58,44,36,31,39,35,40,40,39,37,33,33,28,24,30,29,20,26
2560,G,64,2,37,47,30,46,36,49,37,24,25,40,35,33,22,26,27,41,29,34,30
2560,G,65,1,25,39,57,45,36,29,36,36,37,39,37,36,34,34,28,25,30,28,21
2560,G,65,2,27,36,44,30,46,35,47,34,24,24,41,35,32,24,25,27,39,27,34
2560,G,66,1,27,24,37,56,45,36,28,34,38,36,39,36,37,34,33,29,24,30,27
2560,G,66,2,34,26,35,44,30,44,34,47,33,24,24,40,34,32,24,24,26,39,25
2560,G,67,1,22,28,23,36,56,45,36,28,32,38,37,38,36,36,33,33,28,23,27
2560,G,67,2,39,32,25,33,43,29,42,32,46,33,23,24,39,34,33,25,24,25,37
2560,G,68,1,27,22,25,22,34,53,44,35,28,31,38,35,36,36,36,33,33,29,23
2560,G,68,2,25,39,30,24,33,42,27,42,34,42,32,21,21,39,33,33,25,22,25
2560,G,69,1,34,27,22,24,22,33,52,44,36,25,30,38,34,35,37,37,33,32,29
2560,G,69,2,32,25,38,29,23,34,40,25,40,31,42,31,20,21,38,32,33,27,22
2560,G,70,1,31,33,26,22,24,22,32,48,43,34,25,30,38,34,34,36,37,33,32
2560,G,70,2,37,31,23,37,29,22,31,39,24,41,30,41,31,20,21,34,31,32,27
2560,G,71,1,33,29,29,25,22,23,22,32,47,43,33,23,30,39,34,33,37,37,32
2560,G,71,2,32,35,30,21,36,27,23,29,39,23,39,30,41,30,21,21,34,30,31
2560,G,72,1,26,33,29,29,24,23,24,20,30,45,42,33,21,31,38,33,34,37,36
2560,G,72,2,36,31,32,27,19,33,26,22,29,39,22,39,29,40,29,20,21,33,29
2560,G,73,1,28,26,31,28,29,23,21,23,20,30,42,41,33,21,28,36,31,33,38
2560,G,73,2,24,35,31,31,25,18,32,23,19,29,35,22,34,29,37,27,22,21,33
2560,G,74,1,36,29,26,31,28,28,23,21,22,18,29,42,39,33,20,26,35,31,32
2560,G,74,2,28,24,32,31,30,24,18,29,22,16,30,34,22,32,28,35,27,22,19
2560,G,75,1,42,33,28,25,31,26,27,22,19,22,16,28,41,37,31,20,24,33,30
2560,G,75,2,14,27,23,32,29,27,22,18,29,22,14,29,33,19,31,28,34,26,18
2560,G,76,1,25,39,32,26,24,28,25,25,22,19,21,16,26,40,38,30,18,22,32
2560,G,76,2,25,12,26,20,29,29,25,17,17,29,22,13,28,28,19,30,25,34,25
2560,G,77,1,31,24,39,31,26,24,26,24,23,23,18,20,16,24,38,36,30,17,21
2560,G,77,2,27,22,10,23,18,28,29,21,15,16,28,20,9,25,27,18,29,22,32
2560,G,78,1,32,29,20,36,30,25,22,25,22,21,22,16,18,15,22,36,37,28,18
2560,G,78,2,11,23,19,10,20,16,25,28,20,15,14,26,20,8,20,25,16,29,21
2560,G,79,1,18,31,27,19,32,24,23,21,22,22,19,21,15,17,11,21,35,36,27
2560,G,79,2,16,10,22,18,9,20,14,25,27,18,16,14,24,19,8,18,21,16,28
2560,SK,0,1,0,0,0,0,0,0,0,0,0,0,0,0,0,0,0,0,0,0,0
2560,SK,0,2,0,0,0,0,0,0,0,0,0,0,0,0,0,0,0,0,0,0,0
2560,SK,1,1,0,0,0,0,0,0,0,0,0,0,0,0,0,0,0,0,0,0,0
2560,SK,1,2,0,0,0,0,0,0,0,0,0,0,0,0,0,0,0,0,0,0,0
2560,SK,2,1,0,0,0,0,0,0,0,0,0,0,0,0,0,0,0,0,0,0,0
2560,SK,2,2,0,0,0,0,0,0,0,0,0,0,0,0,0,0,0,0,0,0,0
2560,SK,3,1,0,0,0,0,0,0,0,0,0,0,0,0,0,0,0,0,0,0,0
2560,SK,3,2,0,0,0,0,0,0,0,0,0,0,0,0,0,0,0,0,0,0,0
2560,SK,4,1,0,0,0,0,0,0,0,0,0,0,0,0,0,0,0,0,0,0,0
2560,SK,4,2,0,0,0,0,0,0,0,0,0,0,0,0,0,0,0,0,0,0,0
2560,SK,5,1,0,0,0,0,0,0,0,0,0,0,0,0,0,0,0,0,0,0,0
2560,SK,5,2,0,0,0,0,0,0,0,0,0,0,0,0,0,0,0,0,0,0,0
2560,SK,6,1,0,0,0,0,0,0,0,0,0,0,0,0,0,0,0,0,0,0,0
2560,SK,6,2,0,0,0,0,0,0,0,0,0,0,0,0,0,0,0,0,0,0,0
2560,SK,7,1,0,0,0,0,0,0,0,0,0,0,0,0,0,0,0,0,0,0,0
2560,SK,7,2,0,0,0,0,0,0,0,0,0,0,0,0,0,0,0,0,0,0,0
2560,SK,8,1,0,0,0,0,0,0,0,0,0,0,0,0,0,0,0,0,0,0,0
2560,SK,8,2,0,0,0,0,0,0,0,0,0,0,0,0,0,0,0,0,0,0,0
2560,SK,9,1,0,0,0,0,0,0,0,0,0,0,0,0,0,0,0,0,0,0,0
2560,SK,9,2,0,0,0,0,0,0,0,0,0,0,0,0,0,0,0,0,0,0,0
2560,SK,10,1,0,0,0,0,0,0,0,0,0,0,0,0,0,0,0,0,0,0,0
2560,SK,10,2,0,0,0,0,0,0,0,0,0,0,0,0,0,0,0,0,0,0,0
2560,SK,11,1,0,0,0,0,0,0,0,0,0,0,0,0,0,0,0,0,0,0,0
2560,SK,11,2,0,0,0,0,0,0,0,0,0,0,0,0,0,0,0,0,0,0,0
2560,SK,12,1,0,0,0,0,0,0,0,0,0,0,0,0,0,0,0,0,0,0,0
2560,SK,12,2,0,0,0,0,0,0,0,0,0,0,0,0,0,0,0,0,0,0,0
2560,SK,13,1,0,0,0,0,0,0,0,0,0,0,0,0,0,0,0,0,0,0,0
2560,SK,13,2,0,0,0,0,0,0,0,0,0,0,0,0,0,0,0,0,0,0,0
2560,SK,14,1,0,0,0,0,0,0,0,0,0,0,0,0,0,0,0,0,0,0,0
2560,SK,14,2,0,0,0,0,0,0,0,0,0,0,0,0,0,0,0,0,0,0,0
2560,SK,15,1,0,0,0,0,0,0,0,0,0,0,0,0,0,0,0,0,0,0,0
2560,SK,15,2,0,0,0,0,0,0,0,0,0,0,0,0,0,0,0,0,0,0,0
2560,SK,16,1,0,0,0,0,0,0,0,0,0,0,0,0,0,0,0,0,0,0,0
2560,SK,16,2,0,0,0,0,0,0,0,0,0,0,0,0,0,0,0,0,0,0,0
2560,SK,17,1,0,0,0,0,0,0,0,0,0,0,0,0,0,0,0,0,0,0,0
2560,SK,17,2,0,0,0,0,0,0,0,0,0,0,0,0,0,0,0,0,0,0,0
2560,SK,18,1,0,0,0,0,0,0,0,0,0,0,0,0,0,0,0,0,0,0,0
2560,SK,18,2,0,0,0,0,0,0,0,0,0,0,0,0,0,0,0,0,0,0,0
2560,SK,19,1,0,0,0,0,0,0,0,0,0,0,0,0,0,0,0,0,0,0,0
2560,SK,19,2,0,0,0,0,0,0,0,0,0,0,0,0,0,0,0,0,0,0,0
2560,SK,20,1,0,0,0,0,0,0,0,0,0,0,0,0,0,0,0,0,0,0,0
2560,SK,20,2,0,0,0,0,0,0,0,0,0,0,0,0,0,0,0,0,0,0,0
2560,SK,21,1,0,0,1,0,0,0,0,0,0,0,0,0,0,0,0,0,0,0,0
2560,SK,21,2,0,0,0,0,0,0,0,0,0,0,0,0,0,0,0,0,0,0,0
2560,SK,22,1,0,0,0,1,0,0,0,0,0,0,0,0,0,0,0,0,0,0,0
2560,SK,22,2,0,0,0,0,0,0,0,0,0,1,0,1,0,0,1,0,0,0,0
2560,SK,23,1,0,0,0,0,0,0,0,0,0,0,0,0,0,0,1,0,0,0,0
2560,SK,23,2,0,0,1,0,0,0,1,0,1,0,1,0,1,0,0,1,0,0,0
2560,SK,24,1,0,0,0,0,0,0,0,0,0,0,0,0,1,0,0,0,0,0,0
2560,SK,24,2,0,0,0,0,0,0,0,0,0,0,0,2,0,1,1,0,1,0,0
2560,SK,25,1,0,0,0,0,0,0,1,0,0,0,0,0,0,1,0,1,1,0,0
2560,SK,25,2,0,0,0,0,1,0,0,0,0,0,0,1,0,0,1,1,0,1,0
2560,SK,26,1,0,0,0,1,0,0,0,0,1,0,0,0,0,0,1,0,1,1,0
2560,SK,26,2,0,0,0,0,1,1,0,0,1,0,0,1,1,0,0,1,1,0,1
2560,SK,27,1,0,0,0,1,1,0,0,0,0,0,0,1,0,0,0,1,0,1,1
2560,SK,27,2,0,0,0,0,0,1,1,0,0,0,0,0,1,1,0,0,1,1,0
2560,SK,28,1,1,0,0,0,0,1,0,0,0,0,0,1,1,0,0,1,1,0,1
2560,SK,28,2,1,0,0,0,1,0,3,1,0,1,0,1,0,2,1,0,0,1,2
2560,SK,29,1,0,0,1,0,1,1,1,0,0,0,0,0,1,1,0,0,0,0,0
2560,SK,29,2,2,0,0,0,1,2,1,2,1,0,1,0,2,2,3,2,0,0,2
2560,SK,30,1,2,0,0,1,0,1,1,1,0,0,0,1,1,2,1,0,0,0,2
2560,SK,30,2,1,1,1,0,0,0,1,2,2,2,0,2,0,3,2,4,2,0,1
2560,SK,31,1,4,1,1,0,1,0,2,1,1,0,0,1,1,3,3,1,1,0,0
2560,SK,31,2,1,1,0,1,0,0,0,1,2,3,3,0,1,1,3,2,4,2,0
2560,SK,32,1,2,3,1,1,0,1,1,2,0,1,1,0,3,1,5,2,1,0,0
2560,SK,32,2,2,2,0,0,1,1,0,1,1,3,3,4,0,3,1,3,2,4,2
2560,SK,33,1,0,3,3,1,1,0,1,1,1,1,1,1,0,4,0,5,3,2,1
2560,SK,33,2,3,2,2,1,2,2,3,0,1,1,4,3,3,0,4,2,4,4,5
2560,SK,34,1,0,0,2,2,1,1,0,1,1,1,2,0,2,1,5,0,5,1,3
2560,SK,34,2,3,3,1,3,1,2,2,4,0,3,1,3,3,4,2,4,3,5,7
2560,SK,35,1,1,0,1,3,2,1,2,0,1,1,1,2,1,1,2,5,1,7,2
2560,SK,35,2,4,1,3,2,4,0,4,3,4,0,4,2,4,4,6,2,6,5,6
2560,SK,36,1,2,0,0,2,2,3,1,3,0,1,1,1,2,1,1,2,5,1,9
2560,SK,36,2,5,3,3,2,3,4,1,5,3,2,1,3,4,4,4,6,4,8,4
2560,SK,37,1,5,2,3,2,2,4,3,1,2,1,1,3,1,2,1,1,2,5,1
2560,SK,37,2,3,5,3,4,2,2,3,1,6,3,3,3,5,3,7,4,9,3,7
2560,SK,38,1,3,5,2,2,2,2,3,2,2,3,2,1,3,2,2,2,2,2,7
2560,SK,38,2,7,5,4,3,4,2,3,2,2,6,4,2,4,5,3,6,5,9,5
2560,SK,39,1,5,3,5,2,3,2,4,3,2,4,4,3,1,2,2,4,4,1,2
2560,SK,39,2,12,8,6,5,3,4,4,5,4,1,7,4,2,4,5,2,6,5,9
2560,SK,40,1,4,4,3,6,3,3,4,4,5,1,4,4,3,0,4,2,4,5,1
2560,SK,40,2,3,11,10,4,5,4,5,3,5,5,1,6,4,3,3,5,2,5,7
2560,SK,41,1,5,4,6,3,6,3,3,5,4,4,2,5,4,5,0,3,3,5,6
2560,SK,41,2,3,5,11,10,5,5,4,6,3,8,6,2,6,4,3,3,5,3,7
2560,SK,42,1,6,6,5,6,3,5,3,3,6,5,4,3,5,4,4,1,3,3,5
2560,SK,42,2,7,4,3,11,9,4,4,5,5,3,9,6,2,7,2,5,4,6,3
2560,SK,43,1,5,7,4,4,5,2,4,4,4,6,3,3,3,4,4,4,1,3,3
2560,SK,43,2,2,7,5,3,12,10,6,6,7,5,1,9,5,3,5,2,5,5,6
2560,SK,44,1,8,5,6,6,3,4,2,3,4,7,7,3,3,3,3,3,3,1,4
2560,SK,44,2,11,2,7,6,5,12,10,7,5,5,7,1,8,5,3,4,2,4,7
2560,SK,45,1,4,6,5,6,6,2,5,2,3,4,8,6,1,5,4,3,5,4,1
2560,SK,45,2,11,11,1,8,5,6,12,9,8,6,5,9,2,9,6,4,4,3,3
2560,SK,46,1,11,5,8,6,6,5,3,6,4,4,3,8,6,0,4,3,3,5,4
2560,SK,46,2,3,12,11,2,9,7,6,12,11,7,5,6,9,1,10,3,4,3,4
2560,SK,47,1,7,12,3,8,6,6,7,7,6,5,5,4,8,6,0,3,3,3,5
2560,SK,47,2,13,3,10,13,2,8,8,10,13,12,8,6,7,9,2,9,4,5,3
2560,SK,48,1,11,7,13,3,10,7,7,8,7,8,7,7,4,7,6,3,3,3,3
2560,SK,48,2,8,12,3,8,11,3,6,6,10,14,13,8,5,7,9,2,8,3,5
2560,SK,49,1,3,11,7,14,3,8,7,6,11,7,9,6,9,4,8,6,3,3,3
2560,SK,49,2,7,9,10,2,9,11,3,8,6,9,14,14,10,6,7,9,2,7,4
2560,SK,50,1,10,3,10,8,13,3,8,6,6,9,7,8,5,9,5,9,7,4,3
2560,SK,50,2,9,8,8,10,2,8,10,5,8,7,7,12,14,11,4,8,8,2,8
2560,SK,51,1,6,11,4,11,7,14,3,9,6,7,10,8,7,5,7,6,7,8,4
2560,SK,51,2,12,9,7,8,8,3,8,12,6,11,7,7,13,16,11,5,9,9,2
2560,SK,52,1,11,7,11,4,13,8,14,3,10,7,5,8,10,6,6,7,5,7,6
2560,SK,52,2,4,13,8,7,7,8,3,9,11,6,11,7,8,13,15,8,5,8,9
2560,SK,53,1,12,10,5,10,4,14,8,16,3,10,7,6,9,8,6,7,7,6,7
2560,SK,53,2,8,4,12,8,7,7,8,4,13,10,5,13,6,8,14,14,10,5,7
2560,SK,54,1,11,14,10,5,10,4,15,9,15,5,12,7,6,9,6,5,7,7,7
2560,SK,54,2,9,9,4,13,8,7,7,8,4,12,8,6,13,8,6,13,15,10,5
2560,SK,55,1,9,11,12,10,5,10,4,17,12,14,5,12,8,8,8,6,6,7,8
2560,SK,55,2,16,11,8,6,13,9,6,8,9,4,12,8,5,12,8,6,14,15,10
2560,SK,56,1,10,12,12,12,9,7,10,4,18,12,15,5,13,8,8,7,8,5,7
2560,SK,56,2,7,15,10,9,6,13,10,6,8,11,4,14,8,7,11,9,6,15,17
2560,SK,57,1,12,10,11,13,13,9,7,9,6,17,10,15,5,13,8,9,8,9,6
2560,SK,57,2,5,6,16,10,9,7,10,9,7,7,12,5,12,8,7,11,9,5,17
2560,SK,58,1,14,11,10,13,13,12,9,8,8,7,13,11,14,5,14,9,8,9,10
2560,SK,58,2,17,5,7,17,10,11,8,10,8,6,8,11,5,12,8,7,11,10,5
2560,SK,59,1,16,14,11,11,11,13,14,8,9,9,5,12,11,15,5,14,7,9,11
2560,SK,59,2,9,17,6,7,17,11,12,8,10,10,7,7,12,5,10,9,6,9,9
2560,SK,60,1,13,16,15,11,8,12,13,15,8,9,10,6,11,12,16,5,14,8,9
2560,SK,60,2,11,10,15,6,6,15,9,11,9,9,9,7,5,12,5,10,9,4,9
2560,SK,61,1,9,13,14,14,10,9,11,12,14,9,9,10,6,12,13,16,5,13,7
2560,SK,61,2,16,11,10,14,6,7,16,8,11,10,8,10,7,6,11,4,9,9,3
2560,SK,62,1,6,9,13,14,14,11,9,10,12,12,8,9,12,6,13,12,15,5,13
2560,SK,62,2,6,17,11,10,15,6,7,17,8,11,9,9,10,7,6,11,4,8,9
2560,SK,63,1,11,6,9,12,14,13,11,11,10,14,11,8,9,11,6,14,12,14,5
2560,SK,63,2,5,6,17,11,10,15,6,8,15,9,11,10,8,10,7,6,10,4,8
2560,SK,64,1,9,11,6,9,13,14,11,11,11,10,13,11,7,8,11,7,12,12,14
2560,SK,64,2,9,5,5,16,12,10,12,6,9,15,8,11,10,9,10,7,5,10,4
2560,SK,65,1,5,6,10,7,9,12,14,11,10,12,10,11,11,7,8,10,7,14,11
2560,SK,65,2,9,10,8,5,14,11,11,13,6,8,15,9,10,10,9,12,9,8,9
2560,SK,66,1,4,5,7,9,8,8,10,13,10,10,10,10,10,11,8,8,11,6,13
2560,SK,66,2,5,9,9,8,5,14,10,11,13,6,8,16,9,9,8,11,10,9,8
2560,SK,67,1,6,4,5,7,9,9,8,11,12,10,11,10,10,11,12,9,8,11,6
2560,SK,67,2,9,4,9,9,8,6,15,10,12,13,6,9,15,8,9,6,11,10,9
2560,SK,68,1,12,6,4,5,6,9,10,8,11,12,9,12,10,10,13,10,9,6,10
2560,SK,68,2,7,9,4,8,9,9,6,15,10,11,12,6,9,15,9,9,6,11,9
2560,SK,69,1,8,12,6,5,6,7,8,9,7,12,12,9,11,9,10,13,9,8,5
2560,SK,69,2,6,8,10,4,7,8,10,6,15,10,11,12,5,9,15,9,9,6,11
2560,SK,70,1,6,8,10,7,3,6,7,7,9,7,10,13,9,10,9,10,13,9,8
2560,SK,70,2,9,6,9,8,4,7,8,10,7,16,11,11,11,5,9,14,9,7,6
2560,SK,71,1,4,6,8,9,7,3,6,7,7,9,7,10,13,8,10,8,10,13,9
2560,SK,71,2,4,9,6,8,8,4,7,8,10,7,15,11,11,11,5,7,12,9,6
2560,SK,72,1,3,4,7,8,9,8,3,5,7,6,9,6,10,13,7,10,7,8,13
2560,SK,72,2,5,4,9,6,7,8,4,6,8,10,6,14,11,10,12,7,8,12,9
2560,SK,73,1,6,3,4,7,8,9,8,3,5,7,6,9,6,9,13,7,9,7,7
2560,SK,73,2,1,5,3,10,6,6,9,4,6,8,10,6,15,12,9,12,7,8,11
2560,SK,74,1,3,6,3,4,6,7,8,8,3,5,8,6,10,6,9,12,6,6,7
2560,SK,74,2,1,1,4,3,10,6,5,9,4,6,8,7,5,14,12,9,11,7,7
2560,SK,75,1,4,3,6,3,3,6,7,8,8,3,5,8,6,8,6,9,11,8,7
2560,SK,75,2,7,1,1,4,4,9,5,6,7,4,6,8,7,5,14,12,9,11,7
2560,SK,76,1,6,5,3,6,3,4,6,6,8,8,2,4,6,6,8,6,9,12,9
2560,SK,76,2,8,8,1,1,3,4,9,5,6,6,4,6,8,8,5,14,12,8,10
2560,SK,77,1,3,7,5,2,6,3,4,6,6,8,8,3,3,6,5,6,6,9,11
2560,SK,77,2,4,8,8,1,0,3,3,9,5,6,6,4,6,7,8,4,15,12,8
2560,SK,78,1,3,3,7,5,2,6,3,4,4,6,8,6,3,3,6,4,6,5,9
2560,SK,78,2,3,4,8,8,1,0,3,3,9,5,6,6,3,4,6,9,4,14,12
2560,SK,79,1,1,3,3,6,3,2,6,4,4,3,5,7,6,3,3,5,3,6,5
2560,SK,79,2,6,3,4,8,8,1,0,3,3,9,5,6,5,3,4,5,7,3,13
2560,ÄNKL,0,1,0,0,0,0,0,0,0,0,0,0,0,0,0,0,0,0,0,0,0
2560,ÄNKL,0,2,0,0,0,0,0,0,0,0,0,0,0,0,0,0,0,0,0,0,0
2560,ÄNKL,1,1,0,0,0,0,0,0,0,0,0,0,0,0,0,0,0,0,0,0,0
2560,ÄNKL,1,2,0,0,0,0,0,0,0,0,0,0,0,0,0,0,0,0,0,0,0
2560,ÄNKL,2,1,0,0,0,0,0,0,0,0,0,0,0,0,0,0,0,0,0,0,0
2560,ÄNKL,2,2,0,0,0,0,0,0,0,0,0,0,0,0,0,0,0,0,0,0,0
2560,ÄNKL,3,1,0,0,0,0,0,0,0,0,0,0,0,0,0,0,0,0,0,0,0
2560,ÄNKL,3,2,0,0,0,0,0,0,0,0,0,0,0,0,0,0,0,0,0,0,0
2560,ÄNKL,4,1,0,0,0,0,0,0,0,0,0,0,0,0,0,0,0,0,0,0,0
2560,ÄNKL,4,2,0,0,0,0,0,0,0,0,0,0,0,0,0,0,0,0,0,0,0
2560,ÄNKL,5,1,0,0,0,0,0,0,0,0,0,0,0,0,0,0,0,0,0,0,0
2560,ÄNKL,5,2,0,0,0,0,0,0,0,0,0,0,0,0,0,0,0,0,0,0,0
2560,ÄNKL,6,1,0,0,0,0,0,0,0,0,0,0,0,0,0,0,0,0,0,0,0
2560,ÄNKL,6,2,0,0,0,0,0,0,0,0,0,0,0,0,0,0,0,0,0,0,0
2560,ÄNKL,7,1,0,0,0,0,0,0,0,0,0,0,0,0,0,0,0,0,0,0,0
2560,ÄNKL,7,2,0,0,0,0,0,0,0,0,0,0,0,0,0,0,0,0,0,0,0
2560,ÄNKL,8,1,0,0,0,0,0,0,0,0,0,0,0,0,0,0,0,0,0,0,0
2560,ÄNKL,8,2,0,0,0,0,0,0,0,0,0,0,0,0,0,0,0,0,0,0,0
2560,ÄNKL,9,1,0,0,0,0,0,0,0,0,0,0,0,0,0,0,0,0,0,0,0
2560,ÄNKL,9,2,0,0,0,0,0,0,0,0,0,0,0,0,0,0,0,0,0,0,0
2560,ÄNKL,10,1,0,0,0,0,0,0,0,0,0,0,0,0,0,0,0,0,0,0,0
2560,ÄNKL,10,2,0,0,0,0,0,0,0,0,0,0,0,0,0,0,0,0,0,0,0
2560,ÄNKL,11,1,0,0,0,0,0,0,0,0,0,0,0,0,0,0,0,0,0,0,0
2560,ÄNKL,11,2,0,0,0,0,0,0,0,0,0,0,0,0,0,0,0,0,0,0,0
2560,ÄNKL,12,1,0,0,0,0,0,0,0,0,0,0,0,0,0,0,0,0,0,0,0
2560,ÄNKL,12,2,0,0,0,0,0,0,0,0,0,0,0,0,0,0,0,0,0,0,0
2560,ÄNKL,13,1,0,0,0,0,0,0,0,0,0,0,0,0,0,0,0,0,0,0,0
2560,ÄNKL,13,2,0,0,0,0,0,0,0,0,0,0,0,0,0,0,0,0,0,0,0
2560,ÄNKL,14,1,0,0,0,0,0,0,0,0,0,0,0,0,0,0,0,0,0,0,0
2560,ÄNKL,14,2,0,0,0,0,0,0,0,0,0,0,0,0,0,0,0,0,0,0,0
2560,ÄNKL,15,1,0,0,0,0,0,0,0,0,0,0,0,0,0,0,0,0,0,0,0
2560,ÄNKL,15,2,0,0,0,0,0,0,0,0,0,0,0,0,0,0,0,0,0,0,0
2560,ÄNKL,16,1,0,0,0,0,0,0,0,0,0,0,0,0,0,0,0,0,0,0,0
2560,ÄNKL,16,2,0,0,0,0,0,0,0,0,0,0,0,0,0,0,0,0,0,0,0
2560,ÄNKL,17,1,0,0,0,0,0,0,0,0,0,0,0,0,0,0,0,0,0,0,0
2560,ÄNKL,17,2,0,0,0,0,0,0,0,0,0,0,0,0,0,0,0,0,0,0,0
2560,ÄNKL,18,1,0,0,0,0,0,0,0,0,0,0,0,0,0,0,0,0,0,0,0
2560,ÄNKL,18,2,0,0,0,0,0,0,0,0,0,0,0,0,0,0,0,0,0,0,0
2560,ÄNKL,19,1,0,0,0,0,0,0,0,0,0,0,0,0,0,0,0,0,0,0,0
2560,ÄNKL,19,2,0,0,0,0,0,0,0,0,0,0,0,0,0,0,0,0,0,0,0
2560,ÄNKL,20,1,0,0,0,0,0,0,0,0,0,0,0,0,0,0,0,0,0,0,0
2560,ÄNKL,20,2,0,0,0,0,0,0,0,0,0,0,0,0,0,0,0,0,0,0,0
2560,ÄNKL,21,1,0,0,0,0,0,0,0,0,0,0,0,0,0,0,0,0,0,0,0
2560,ÄNKL,21,2,0,0,0,0,0,0,0,0,0,0,0,0,0,0,0,0,0,0,0
2560,ÄNKL,22,1,0,0,0,0,0,0,0,0,0,0,0,0,0,0,0,0,0,0,0
2560,ÄNKL,22,2,0,0,0,0,0,0,0,0,0,0,0,0,0,0,0,0,0,0,0
2560,ÄNKL,23,1,0,0,0,0,0,0,0,0,0,0,0,0,0,0,0,0,0,0,0
2560,ÄNKL,23,2,0,0,0,0,0,0,0,0,0,0,0,0,0,0,0,0,0,0,0
2560,ÄNKL,24,1,0,0,0,0,0,0,0,0,0,0,0,0,0,0,0,0,0,0,0
2560,ÄNKL,24,2,0,0,0,0,0,0,0,0,0,0,0,0,0,0,0,0,0,0,0
2560,ÄNKL,25,1,0,0,0,0,0,0,0,0,0,0,0,0,0,0,0,0,0,0,0
2560,ÄNKL,25,2,0,0,0,0,0,0,0,0,0,0,0,0,0,0,0,0,0,0,0
2560,ÄNKL,26,1,0,0,0,0,0,0,0,0,0,0,0,0,0,0,0,0,0,0,0
2560,ÄNKL,26,2,0,0,0,0,0,0,0,0,0,0,0,0,0,0,0,0,0,0,0
2560,ÄNKL,27,1,0,0,0,0,0,0,0,0,0,0,0,0,0,0,0,0,0,0,0
2560,ÄNKL,27,2,0,0,0,0,1,0,0,0,0,0,0,0,0,0,0,0,0,0,1
2560,ÄNKL,28,1,0,0,0,0,0,0,0,0,0,0,0,0,0,0,0,0,0,0,0
2560,ÄNKL,28,2,0,0,0,0,0,0,0,0,0,0,0,0,0,0,0,0,0,0,0
2560,ÄNKL,29,1,0,0,0,0,0,0,0,0,0,0,0,0,0,0,0,0,0,0,0
2560,ÄNKL,29,2,0,0,0,0,0,0,0,0,0,0,0,0,0,0,0,0,0,0,0
2560,ÄNKL,30,1,0,0,0,0,0,0,0,0,0,0,0,0,0,0,0,0,0,0,0
2560,ÄNKL,30,2,0,0,0,0,0,0,0,0,0,0,0,0,0,0,0,0,0,0,0
2560,ÄNKL,31,1,0,1,0,0,0,0,0,0,0,0,0,0,0,0,0,0,0,0,0
2560,ÄNKL,31,2,0,0,0,0,0,0,0,0,0,0,0,0,0,0,0,0,0,0,0
2560,ÄNKL,32,1,0,0,1,0,0,0,0,0,0,0,0,0,0,0,0,0,0,0,0
2560,ÄNKL,32,2,0,0,0,0,0,0,0,0,0,0,0,0,0,0,0,0,0,0,0
2560,ÄNKL,33,1,0,0,0,0,0,0,0,0,0,0,0,0,0,0,0,0,0,0,0
2560,ÄNKL,33,2,0,0,0,0,0,0,0,0,0,0,0,0,0,0,0,0,0,0,1
2560,ÄNKL,34,1,0,0,0,0,0,0,0,0,0,0,0,0,0,0,0,0,0,0,0
2560,ÄNKL,34,2,1,0,0,0,0,0,0,0,0,0,0,0,0,0,0,0,0,0,0
2560,ÄNKL,35,1,0,0,0,0,0,0,0,0,0,0,0,0,0,0,0,0,0,1,0
2560,ÄNKL,35,2,0,1,0,0,0,0,0,0,0,0,0,0,0,0,0,0,0,0,0
2560,ÄNKL,36,1,0,1,0,0,0,0,0,0,0,0,0,1,0,0,0,0,0,0,1
2560,ÄNKL,36,2,0,0,1,0,0,0,0,0,0,0,0,0,0,0,0,0,0,0,0
2560,ÄNKL,37,1,0,0,1,0,0,0,0,0,0,0,0,0,0,0,0,0,0,0,0
2560,ÄNKL,37,2,0,0,0,1,1,0,0,0,0,0,0,1,0,0,0,0,0,0,0
2560,ÄNKL,38,1,0,0,0,1,0,0,0,0,0,0,0,0,0,0,0,0,0,0,0
2560,ÄNKL,38,2,4,0,0,0,1,1,0,0,0,0,0,0,1,0,0,0,0,1,0
2560,ÄNKL,39,1,0,0,0,0,0,0,0,0,0,0,0,0,0,0,0,0,0,0,0
2560,ÄNKL,39,2,0,4,0,0,0,1,1,0,0,0,0,0,0,1,0,0,0,0,1
2560,ÄNKL,40,1,0,0,0,0,0,0,0,0,0,0,0,0,0,0,0,0,0,0,0
2560,ÄNKL,40,2,0,0,4,0,0,0,1,1,0,0,0,0,0,0,1,0,0,0,0
2560,ÄNKL,41,1,0,0,0,0,0,0,0,0,0,0,0,0,0,0,0,0,0,0,0
2560,ÄNKL,41,2,0,0,1,4,0,0,0,0,1,1,0,0,0,0,0,1,0,0,0
2560,ÄNKL,42,1,0,0,0,0,0,0,0,0,0,0,0,0,0,0,0,0,0,0,0
2560,ÄNKL,42,2,0,1,0,1,4,0,0,0,0,1,1,0,0,0,1,0,1,0,0
2560,ÄNKL,43,1,0,0,0,0,0,0,0,0,0,0,0,0,0,0,0,0,0,0,0
2560,ÄNKL,43,2,0,0,1,0,1,3,0,0,0,0,1,1,0,0,0,1,0,1,0
2560,ÄNKL,44,1,0,0,0,0,0,0,0,0,0,0,0,0,0,0,0,0,0,0,0
2560,ÄNKL,44,2,0,0,1,2,0,1,3,0,0,0,0,1,1,0,0,0,1,0,1
2560,ÄNKL,45,1,0,1,0,0,0,0,0,0,0,0,0,0,1,0,0,0,0,0,0
2560,ÄNKL,45,2,0,0,0,1,2,0,1,2,1,0,1,0,1,1,0,0,0,1,0
2560,ÄNKL,46,1,0,0,1,0,0,0,0,0,0,0,0,0,0,0,0,0,0,0,0
2560,ÄNKL,46,2,1,1,0,0,1,2,1,1,2,1,0,2,0,1,1,0,0,0,1
2560,ÄNKL,47,1,0,0,0,1,0,0,0,0,0,0,0,0,0,0,0,0,0,0,0
2560,ÄNKL,47,2,3,2,1,0,0,1,2,1,1,2,0,0,0,0,1,1,0,0,0
2560,ÄNKL,48,1,0,0,0,0,1,0,0,0,0,0,0,0,0,0,0,0,0,0,0
2560,ÄNKL,48,2,2,3,2,1,0,0,0,3,1,1,2,0,0,0,0,1,1,0,0
2560,ÄNKL,49,1,0,0,0,0,0,1,0,0,0,0,0,0,0,0,0,0,0,0,0
2560,ÄNKL,49,2,0,2,3,1,0,0,1,0,3,1,1,2,0,0,0,0,1,1,0
2560,ÄNKL,50,1,0,0,0,0,0,0,1,0,0,0,0,0,0,0,0,0,0,0,0
2560,ÄNKL,50,2,1,0,3,3,1,0,0,0,1,3,1,1,1,0,0,0,0,1,1
2560,ÄNKL,51,1,0,0,0,0,0,0,0,1,0,0,0,0,0,0,0,0,0,0,0
2560,ÄNKL,51,2,1,1,0,4,3,1,0,0,0,1,3,1,1,1,0,0,0,0,1
2560,ÄNKL,52,1,0,0,0,0,0,0,0,0,1,0,0,0,0,0,0,0,0,0,0
2560,ÄNKL,52,2,0,1,1,0,4,3,1,1,0,0,1,3,1,1,1,0,0,0,1
2560,ÄNKL,53,1,0,0,0,0,0,0,0,0,0,1,0,0,0,1,0,0,0,0,0
2560,ÄNKL,53,2,0,0,1,1,0,4,4,1,1,0,0,1,3,1,1,1,0,0,1
2560,ÄNKL,54,1,0,0,0,0,0,0,0,0,0,0,1,0,1,0,1,0,0,1,0
2560,ÄNKL,54,2,2,0,0,1,1,0,4,4,3,1,0,0,1,3,1,1,1,0,0
2560,ÄNKL,55,1,0,1,0,0,0,0,0,0,0,0,0,1,0,1,0,0,0,0,1
2560,ÄNKL,55,2,6,2,0,0,1,1,0,5,4,4,1,0,1,1,3,1,2,1,0
2560,ÄNKL,56,1,1,0,1,1,0,0,0,0,0,0,0,1,1,0,1,0,0,0,0
2560,ÄNKL,56,2,2,6,2,0,0,1,1,0,5,4,5,1,0,1,1,3,1,2,1
2560,ÄNKL,57,1,1,1,0,1,1,0,0,0,0,0,0,0,1,1,0,1,0,0,0
2560,ÄNKL,57,2,2,2,6,2,0,0,1,1,0,5,3,5,1,0,1,1,2,1,3
2560,ÄNKL,58,1,2,1,1,0,1,1,0,0,0,0,0,0,0,0,1,0,1,0,0
2560,ÄNKL,58,2,1,2,2,6,2,0,0,1,2,0,5,4,5,2,0,1,1,2,1
2560,ÄNKL,59,1,1,2,1,1,0,1,1,0,0,0,0,0,0,0,0,1,0,1,0
2560,ÄNKL,59,2,3,1,2,2,6,2,0,0,1,1,0,5,4,5,2,0,1,1,2
2560,ÄNKL,60,1,1,1,2,1,1,0,1,2,0,0,1,0,1,0,0,0,1,1,1
2560,ÄNKL,60,2,4,4,2,2,2,5,2,0,0,0,1,0,5,3,6,2,0,1,1
2560,ÄNKL,61,1,2,1,2,2,1,2,0,1,2,0,0,1,1,1,0,0,0,1,1
2560,ÄNKL,61,2,3,4,5,2,2,3,5,2,0,0,0,2,0,5,3,6,2,0,3
2560,ÄNKL,62,1,1,2,1,4,2,1,2,0,1,2,0,0,0,1,1,0,0,1,1
2560,ÄNKL,62,2,4,2,4,6,1,2,3,5,2,0,0,1,2,0,7,3,7,3,0
2560,ÄNKL,63,1,2,1,2,3,4,2,1,2,0,1,3,0,0,0,1,1,1,0,1
2560,ÄNKL,63,2,3,4,3,3,6,1,2,5,5,2,0,0,1,2,0,8,2,6,3
2560,ÄNKL,64,1,4,2,1,2,3,4,2,1,2,0,2,4,0,0,0,1,1,1,1
2560,ÄNKL,64,2,7,4,5,4,3,7,0,2,6,5,3,0,0,1,2,1,9,3,7
2560,ÄNKL,65,1,1,4,3,0,2,3,4,2,2,2,1,3,3,0,0,0,1,1,1
2560,ÄNKL,65,2,8,7,3,5,4,3,7,0,2,7,5,3,1,0,1,2,1,8,3
2560,ÄNKL,66,1,0,2,4,3,0,1,4,3,2,2,2,1,3,3,0,0,0,2,1
2560,ÄNKL,66,2,7,7,7,3,5,6,4,6,0,2,6,4,3,1,0,2,2,1,8
2560,ÄNKL,67,1,1,1,3,4,3,1,1,4,3,2,2,2,1,3,3,0,0,1,2
2560,ÄNKL,67,2,11,9,7,8,4,6,6,5,4,1,3,6,4,3,1,0,2,2,2
2560,ÄNKL,68,1,1,1,1,3,2,2,1,1,4,3,2,2,3,1,3,3,1,0,1
2560,ÄNKL,68,2,8,12,10,8,8,6,7,7,6,6,2,5,7,4,4,2,0,2,2
2560,ÄNKL,69,1,1,1,1,1,3,3,3,1,1,4,4,2,3,3,1,3,3,0,0
2560,ÄNKL,69,2,10,8,13,11,9,7,5,8,9,7,6,2,6,7,4,4,2,0,2
2560,ÄNKL,70,1,2,0,1,1,2,3,3,4,1,2,4,4,2,3,3,2,3,4,0
2560,ÄNKL,70,2,9,11,9,13,11,9,8,5,8,9,7,5,2,5,7,6,4,4,0
2560,ÄNKL,71,1,3,2,2,1,1,2,3,3,5,1,2,4,4,2,2,3,1,4,4
2560,ÄNKL,71,2,6,10,12,10,14,11,8,9,5,8,9,7,5,3,5,7,7,6,4
2560,ÄNKL,72,1,2,3,2,2,1,1,2,3,3,5,1,2,4,3,3,2,3,1,5
2560,ÄNKL,72,2,11,7,11,14,11,17,11,6,8,8,9,10,8,5,4,5,6,8,6
2560,ÄNKL,73,1,3,1,3,2,2,1,2,2,3,3,4,2,2,4,4,4,2,4,1
2560,ÄNKL,73,2,9,13,7,11,15,12,17,14,7,9,10,9,11,8,7,5,5,6,8
2560,ÄNKL,74,1,1,2,1,2,2,3,1,2,3,3,3,4,2,2,4,4,4,2,5
2560,ÄNKL,74,2,14,9,14,7,12,16,12,18,14,9,9,10,10,13,9,8,4,5,8
2560,ÄNKL,75,1,4,2,2,1,2,2,3,1,3,3,3,3,4,4,2,3,3,4,2
2560,ÄNKL,75,2,19,15,9,15,8,11,19,13,18,13,11,10,10,12,14,9,9,5,8
2560,ÄNKL,76,1,2,4,2,2,1,3,2,3,2,3,4,3,3,4,4,2,3,3,3
2560,ÄNKL,76,2,15,20,16,11,17,8,14,22,13,18,13,12,10,11,12,15,11,9,6
2560,ÄNKL,77,1,5,3,5,2,1,1,5,2,3,2,3,4,3,3,5,4,3,5,3
2560,ÄNKL,77,2,22,16,22,19,14,18,8,14,21,12,19,14,14,12,12,13,15,13,9
2560,ÄNKL,78,1,5,5,2,5,3,1,1,4,4,3,2,4,6,4,4,5,3,3,5
2560,ÄNKL,78,2,27,22,19,22,18,16,21,9,15,19,11,20,13,15,13,13,13,15,12
2560,ÄNKL,79,1,6,4,6,2,6,4,1,1,5,4,3,1,5,5,6,4,5,4,3
2560,ÄNKL,79,2,21,25,23,20,22,15,16,21,9,17,18,10,21,13,15,13,17,13,17
2514,OG,0,1,95,81,87,72,75,65,63,62,79,82,62,74,71,66,76,75,65,66,61
2514,OG,0,2,71,75,81,65,79,63,63,74,56,69,54,69,61,72,71,69,65,46,57
2514,OG,1,1,74,93,81,87,77,75,64,63,64,80,85,66,77,71,70,73,73,64,67
2514,OG,1,2,70,73,71,77,63,83,63,63,70,60,70,56,75,59,72,74,69,67,51
2514,OG,2,1,90,79,92,80,88,78,80,66,62,65,82,86,63,76,77,71,73,73,64
2514,OG,2,2,89,73,74,71,78,67,82,65,64,70,61,68,55,72,62,74,72,69,66
2514,OG,3,1,84,91,78,96,77,84,81,80,67,60,61,83,88,64,82,80,69,74,72
2514,OG,3,2,78,87,70,74,69,77,67,87,65,66,69,59,74,55,70,64,76,74,71
2514,OG,4,1,82,84,91,79,97,82,82,78,82,69,64,69,81,87,68,80,78,71,70
2514,OG,4,2,71,77,87,73,72,70,78,68,81,66,63,72,59,74,55,69,65,73,76
2514,OG,5,1,82,85,83,91,79,100,87,83,76,85,69,66,71,86,84,71,81,77,70
2514,OG,5,2,95,68,75,86,74,73,72,77,68,83,70,70,77,62,79,58,72,62,71
2514,OG,6,1,89,84,84,82,89,81,98,86,82,74,88,72,65,71,89,86,69,79,75
2514,OG,6,2,76,97,68,75,84,75,72,69,78,71,82,69,70,74,58,81,59,74,60
2514,OG,7,1,85,87,86,79,83,91,81,97,85,82,73,87,73,69,73,86,91,67,79
2514,OG,7,2,89,76,98,68,73,87,77,71,68,77,69,86,66,68,75,62,81,59,73
2514,OG,8,1,96,87,89,82,78,84,90,80,96,86,86,73,86,75,70,75,90,94,64
2514,OG,8,2,84,89,79,99,63,76,86,77,73,69,79,70,86,61,69,73,62,81,59
2514,OG,9,1,91,97,87,90,80,81,85,94,83,97,88,86,73,86,76,67,75,89,86
2514,OG,9,2,89,88,86,77,101,65,81,86,78,73,69,78,69,83,62,71,72,62,81
2514,OG,10,1,92,90,98,91,88,85,82,85,94,78,99,87,83,72,90,76,68,75,88
2514,OG,10,2,69,91,88,86,79,103,66,80,88,78,76,66,79,69,81,66,71,75,60
2514,OG,11,1,102,94,93,97,88,87,85,83,86,94,82,95,88,83,74,88,76,70,73
2514,OG,11,2,90,70,90,87,85,80,105,69,78,87,82,77,65,77,68,80,69,73,75
2514,OG,12,1,91,106,96,92,95,92,86,84,82,86,97,83,95,87,84,77,89,75,71
2514,OG,12,2,97,88,70,89,86,86,83,105,68,77,87,82,78,67,79,67,82,74,70
2514,OG,13,1,106,90,105,92,92,94,93,85,82,83,85,93,82,95,87,83,81,89,76
2514,OG,13,2,107,98,91,70,86,85,84,80,105,69,80,88,83,77,67,83,71,83,72
2514,OG,14,1,120,107,92,102,92,91,92,95,87,83,82,86,89,81,93,86,83,84,90
2514,OG,14,2,109,109,96,94,72,85,86,82,79,103,69,80,90,79,78,71,82,71,82
2514,OG,15,1,151,121,106,86,104,95,93,95,95,88,84,80,88,86,80,94,84,85,82
2514,OG,15,2,112,108,107,94,93,73,84,88,81,79,107,67,80,92,77,78,75,79,69
2514,OG,16,1,142,149,121,110,90,103,100,92,97,94,90,86,83,89,86,83,96,82,88
2514,OG,16,2,101,109,109,108,97,92,74,83,89,82,73,106,69,75,90,78,82,74,79
2514,OG,17,1,129,142,152,121,119,89,105,102,90,97,98,93,86,84,85,91,83,97,84
2514,OG,17,2,129,101,108,108,104,96,96,72,84,88,83,74,104,68,74,90,79,78,72
2514,OG,18,1,113,129,142,153,120,118,85,105,102,90,98,106,94,87,81,87,92,82,96
2514,OG,18,2,124,131,99,107,106,99,95,92,73,81,88,84,80,104,70,74,88,78,76
2514,OG,19,1,126,106,119,119,141,109,108,80,103,95,86,94,94,89,84,76,80,90,76
2514,OG,19,2,100,96,118,87,84,81,78,83,85,66,74,70,74,68,84,52,70,76,71
2514,OG,20,1,105,114,104,102,114,132,111,103,76,101,87,88,83,98,84,84,80,72,82
2514,OG,20,2,85,85,88,104,68,71,73,69,71,79,55,68,67,61,58,80,51,65,68
2514,OG,21,1,106,99,106,88,105,112,122,106,94,76,98,98,75,78,94,78,82,73,75
2514,OG,21,2,66,75,81,79,95,58,59,70,66,71,73,48,63,56,51,53,74,43,61
2514,OG,22,1,83,104,86,99,78,104,101,114,101,92,76,98,88,73,71,90,75,75,70
2514,OG,22,2,54,58,79,65,72,96,65,53,69,68,65,68,45,53,56,55,58,63,37
2514,OG,23,1,82,76,98,79,95,79,105,89,113,96,89,78,91,80,76,63,84,74,67
2514,OG,23,2,48,53,51,76,66,66,84,64,58,71,76,64,66,42,57,56,57,53,58
2514,OG,24,1,75,75,72,88,71,90,84,100,91,113,87,84,74,90,77,74,64,79,70
2514,OG,24,2,63,40,51,47,72,63,68,80,59,56,66,74,70,70,39,54,53,55,55
2514,OG,25,1,71,66,78,71,88,68,84,80,105,95,109,92,84,71,78,77,69,62,85
2514,OG,25,2,51,61,42,50,44,64,59,65,82,66,56,64,66,63,71,43,52,47,53
2514,OG,26,1,80,65,62,71,68,84,69,91,76,104,98,107,91,83,74,77,70,67,64
2514,OG,26,2,37,50,50,41,48,44,71,60,64,82,64,56,67,65,64,67,43,46,44
2514,OG,27,1,62,76,63,61,63,69,83,65,89,76,104,98,107,86,82,73,74,63,65
2514,OG,27,2,57,40,42,47,40,45,46,65,60,66,80,61,55,62,60,67,63,43,47
2514,OG,28,1,55,61,62,57,64,66,65,78,69,82,83,93,100,99,86,82,73,72,67
2514,OG,28,2,43,52,37,37,46,36,41,41,62,60,65,73,56,50,57,54,71,64,40
2514,OG,29,1,68,56,56,67,58,62,65,59,75,64,83,77,94,97,97,90,85,74,76
2514,OG,29,2,52,42,51,37,36,43,37,41,41,57,58,62,69,55,51,55,51,65,61
2514,OG,30,1,67,62,54,52,61,52,59,63,56,73,65,80,72,88,91,96,81,84,67
2514,OG,30,2,53,47,38,46,36,34,38,34,37,41,56,48,59,62,59,46,54,47,61
2514,OG,31,1,73,57,58,55,52,63,48,53,62,56,76,62,74,69,92,88,96,79,80
2514,OG,31,2,50,47,43,38,41,34,31,35,34,36,44,51,49,55,57,52,48,52,50
2514,OG,32,1,62,71,51,54,50,51,61,51,54,62,58,71,61,73,66,91,82,91,77
2514,OG,32,2,54,51,43,42,39,39,31,29,36,35,35,41,52,47,54,58,47,47,56
2514,OG,33,1,71,56,65,49,56,49,51,53,49,51,63,56,68,56,76,62,89,84,82
2514,OG,33,2,46,51,49,44,39,39,42,27,27,33,35,36,46,53,43,53,58,42,44
2514,OG,34,1,66,71,54,62,41,53,45,45,54,46,46,59,52,67,58,68,59,88,76
2514,OG,34,2,60,45,47,47,38,37,35,38,25,26,31,32,36,44,50,40,50,55,42
2514,OG,35,1,64,64,66,53,62,43,50,45,40,51,45,47,57,53,64,56,66,57,87
2514,OG,35,2,48,60,39,47,45,38,36,31,37,24,23,34,33,35,45,50,38,49,54
2514,OG,36,1,74,61,59,60,53,61,44,50,40,38,50,49,45,53,48,61,59,60,58
2514,OG,36,2,54,41,59,38,49,45,35,35,34,34,22,26,34,33,38,44,47,36,49
2514,OG,37,1,77,69,55,58,57,51,56,39,47,38,37,51,47,47,49,48,62,60,56
2514,OG,37,2,43,51,41,55,33,45,41,35,32,32,32,20,26,34,33,37,45,46,36
2514,OG,38,1,75,74,63,52,55,56,49,54,38,45,32,37,52,47,47,47,51,62,57
2514,OG,38,2,60,41,48,40,58,31,41,41,33,29,30,32,19,25,31,34,38,44,44
2514,OG,39,1,67,75,72,63,53,54,52,47,53,38,46,34,37,55,48,47,49,45,62
2514,OG,39,2,60,57,39,46,37,56,29,41,37,31,30,25,32,19,25,30,32,35,42
2514,OG,40,1,83,62,75,69,57,49,49,50,48,53,37,43,34,34,55,46,47,49,44
2514,OG,40,2,48,55,53,39,42,36,55,28,41,35,30,25,23,32,19,23,30,34,34
2514,OG,41,1,59,81,62,74,66,54,49,49,53,45,53,37,40,32,36,54,47,46,47
2514,OG,41,2,50,46,54,52,40,40,38,50,28,40,36,30,25,22,31,19,22,32,32
2514,OG,42,1,55,58,77,62,72,62,51,46,49,51,43,49,35,40,31,34,51,46,47
2514,OG,42,2,47,49,47,53,50,40,39,37,48,26,39,37,32,25,20,32,17,22,30
2514,OG,43,1,61,52,55,74,59,68,59,52,46,48,49,41,51,34,41,32,32,53,47
2514,OG,43,2,27,48,46,46,51,49,38,38,36,46,26,37,34,36,25,22,29,18,22
2514,OG,44,1,58,60,54,57,71,56,65,57,50,45,48,46,42,49,34,40,32,32,51
2514,OG,44,2,48,26,47,44,47,50,46,36,38,38,45,26,35,34,35,28,22,30,16
2514,OG,45,1,47,52,60,57,53,68,56,62,55,49,45,46,47,40,48,32,38,29,33
2514,OG,45,2,37,49,27,46,44,45,50,43,37,38,35,44,28,34,33,35,25,20,32
2514,OG,46,1,55,46,50,58,55,50,68,56,59,53,46,41,44,49,39,48,33,35,25
2514,OG,46,2,41,34,48,26,46,42,40,49,42,35,34,34,43,28,33,30,37,22,19
2514,OG,47,1,46,54,44,48,56,54,49,68,54,54,53,44,38,44,49,38,47,35,36
2514,OG,47,2,30,41,32,48,26,45,42,40,50,40,35,36,34,42,28,32,30,35,22
2514,OG,48,1,44,45,55,45,50,56,51,47,67,52,51,52,43,36,45,48,36,44,36
2514,OG,48,2,34,29,40,30,47,27,46,40,40,48,43,34,35,33,43,28,33,29,33
2514,OG,49,1,58,44,43,53,46,51,54,47,47,66,48,52,51,39,35,45,49,35,44
2514,OG,49,2,34,33,29,41,28,45,24,45,40,39,47,44,35,36,34,44,28,34,27
2514,OG,50,1,26,58,42,43,53,44,49,53,48,47,69,45,53,50,42,35,43,48,35
2514,OG,50,2,32,34,31,29,41,28,42,23,40,38,36,44,43,31,33,32,44,25,35
2514,OG,51,1,50,25,56,41,42,54,44,49,53,45,45,66,43,52,50,40,35,42,49
2514,OG,51,2,29,32,35,30,28,42,28,41,23,38,37,36,45,41,31,32,32,44,24
2514,OG,52,1,41,48,25,56,41,41,55,42,48,49,45,43,64,44,51,48,39,35,44
2514,OG,52,2,20,29,32,34,30,28,41,29,40,24,37,37,36,43,40,30,32,33,42
2514,OG,53,1,46,40,48,24,54,41,43,54,39,48,49,43,42,62,43,52,49,38,36
2514,OG,53,2,27,22,28,32,34,29,27,40,29,39,24,37,38,35,44,40,30,31,32
2514,OG,54,1,30,46,39,45,24,54,39,43,54,38,48,51,43,43,60,43,47,46,40
2514,OG,54,2,13,27,20,27,31,33,28,27,39,30,39,25,36,36,32,44,38,28,30
2514,OG,55,1,35,31,47,38,45,25,51,38,41,54,38,46,47,43,43,58,41,44,43
2514,OG,55,2,20,13,28,19,26,31,33,28,25,39,29,39,26,35,37,33,45,38,27
2514,OG,56,1,33,35,30,44,39,45,24,50,37,40,51,38,44,46,44,42,59,40,45
2514,OG,56,2,11,20,14,27,19,28,31,33,28,24,39,27,37,23,35,37,34,44,37
2514,OG,57,1,25,33,36,30,45,39,45,25,51,38,38,51,39,44,45,42,40,60,39
2514,OG,57,2,22,12,20,15,27,19,28,30,32,26,24,38,27,35,22,35,37,32,45
2514,OG,58,1,31,25,32,35,30,43,37,44,25,50,39,36,50,36,42,46,41,39,57
2514,OG,58,2,13,22,11,19,15,28,20,29,30,30,26,24,37,28,35,24,37,36,31
2514,OG,59,1,28,31,22,31,36,31,43,35,44,25,49,38,35,51,36,41,45,40,40
2514,OG,59,2,9,13,21,12,20,15,27,18,29,30,30,27,23,36,27,34,25,36,36
2514,OG,60,1,25,28,30,23,28,37,31,43,34,42,26,47,37,33,49,37,43,43,40
2514,OG,60,2,12,10,13,20,12,19,14,28,15,29,30,30,26,23,34,27,35,24,36
2514,OG,61,1,19,23,27,28,23,28,37,31,44,32,43,27,47,39,33,49,40,42,45
2514,OG,61,2,12,11,8,13,20,13,18,14,28,14,28,28,29,26,22,35,26,37,23
2514,OG,62,1,20,19,22,26,27,24,29,36,31,44,33,41,26,48,39,32,50,38,44
2514,OG,62,2,11,12,12,8,13,19,13,17,12,28,15,27,28,27,26,22,34,26,32
2514,OG,63,1,27,17,18,22,26,25,25,30,34,30,42,32,41,24,47,38,33,48,37
2514,OG,63,2,12,11,13,12,7,14,19,12,17,11,28,15,27,25,25,25,22,33,25
2514,OG,64,1,14,27,15,19,23,27,25,25,29,36,32,41,31,42,22,47,38,33,46
2514,OG,64,2,6,12,10,13,12,7,12,18,11,16,12,29,15,27,25,24,25,23,33
2514,OG,65,1,19,14,27,14,20,21,27,22,25,26,31,29,40,31,41,19,47,37,33
2514,OG,65,2,7,8,11,9,14,12,7,12,16,11,15,12,28,15,27,26,23,25,24
2514,OG,66,1,15,19,14,26,14,20,22,27,21,24,25,29,28,39,31,39,19,46,35
2514,OG,66,2,7,7,6,11,9,13,13,7,11,15,9,13,13,28,14,29,26,25,25
2514,OG,67,1,8,14,18,14,25,14,18,22,26,21,22,25,29,27,35,30,38,20,44
2514,OG,67,2,8,7,5,6,10,9,12,13,6,12,16,9,13,14,25,15,28,25,25
2514,OG,68,1,11,8,14,17,14,24,14,18,21,24,22,22,23,27,26,35,30,37,21
2514,OG,68,2,6,8,7,5,6,10,9,11,13,6,11,19,8,14,15,26,15,29,25
2514,OG,69,1,14,11,7,14,17,14,22,14,17,22,22,22,23,23,28,26,34,29,37
2514,OG,69,2,5,6,8,7,5,5,10,9,11,13,6,12,18,9,15,13,25,17,29
2514,OG,70,1,17,14,9,7,15,14,15,22,13,18,22,20,21,21,21,28,24,34,29
2514,OG,70,2,7,5,4,8,6,6,5,11,8,11,13,6,12,18,8,15,13,26,17
2514,OG,71,1,10,15,13,9,6,13,14,15,20,13,18,20,20,20,24,21,26,24,33
2514,OG,71,2,3,6,5,4,7,6,6,4,11,9,11,12,6,12,15,7,15,12,25
2514,OG,72,1,12,10,15,12,8,6,12,13,15,19,12,16,20,19,19,21,21,26,24
2514,OG,72,2,4,3,6,5,4,7,6,7,4,11,9,10,14,5,11,14,7,15,14
2514,OG,73,1,12,11,10,15,12,8,6,11,13,14,20,12,15,21,17,16,20,19,25
2514,OG,73,2,3,4,3,7,5,4,7,6,7,4,11,9,11,13,5,9,14,8,15
2514,OG,74,1,14,10,9,11,15,12,8,6,11,12,14,20,12,15,19,14,16,20,18
2514,OG,74,2,11,3,4,2,7,5,3,7,6,7,4,11,9,10,13,5,10,14,8
2514,OG,75,1,13,14,11,8,10,15,10,8,6,11,12,14,19,11,15,18,14,14,20
2514,OG,75,2,3,11,3,4,2,6,5,3,7,6,7,4,10,9,8,13,5,10,14
2514,OG,76,1,7,13,14,11,8,9,14,10,7,6,11,12,13,18,9,12,16,13,15
2514,OG,76,2,6,3,10,2,4,2,6,5,3,6,5,4,4,10,9,7,12,5,10
2514,OG,77,1,7,7,12,13,11,6,8,11,9,7,6,9,12,12,18,9,11,14,11
2514,OG,77,2,9,6,3,9,2,4,2,5,5,3,6,6,4,4,10,8,6,11,4
2514,OG,78,1,8,6,7,11,13,9,5,8,11,6,7,6,9,12,9,18,7,11,12
2514,OG,78,2,5,7,5,3,9,2,4,3,5,5,3,6,6,4,4,9,8,5,10
2514,OG,79,1,7,7,6,7,11,12,8,5,8,11,6,7,6,9,12,9,18,7,10
2514,OG,79,2,4,5,7,4,3,8,2,3,2,5,5,3,5,6,4,4,7,8,5
2514,G,0,1,0,0,0,0,0,0,0,0,0,0,0,0,0,0,0,0,0,0,0
2514,G,0,2,0,0,0,0,0,0,0,0,0,0,0,0,0,0,0,0,0,0,0
2514,G,1,1,0,0,0,0,0,0,0,0,0,0,0,0,0,0,0,0,0,0,0
2514,G,1,2,0,0,0,0,0,0,0,0,0,0,0,0,0,0,0,0,0,0,0
2514,G,2,1,0,0,0,0,0,0,0,0,0,0,0,0,0,0,0,0,0,0,0
2514,G,2,2,0,0,0,0,0,0,0,0,0,0,0,0,0,0,0,0,0,0,0
2514,G,3,1,0,0,0,0,0,0,0,0,0,0,0,0,0,0,0,0,0,0,0
2514,G,3,2,0,0,0,0,0,0,0,0,0,0,0,0,0,0,0,0,0,0,0
2514,G,4,1,0,0,0,0,0,0,0,0,0,0,0,0,0,0,0,0,0,0,0
2514,G,4,2,0,0,0,0,0,0,0,0,0,0,0,0,0,0,0,0,0,0,0
2514,G,5,1,0,0,0,0,0,0,0,0,0,0,0,0,0,0,0,0,0,0,0
2514,G,5,2,0,0,0,0,0,0,0,0,0,0,0,0,0,0,0,0,0,0,0
2514,G,6,1,0,0,0,0,0,0,0,0,0,0,0,0,0,0,0,0,0,0,0
2514,G,6,2,0,0,0,0,0,0,0,0,0,0,0,0,0,0,0,0,0,0,0
2514,G,7,1,0,0,0,0,0,0,0,0,0,0,0,0,0,0,0,0,0,0,0
2514,G,7,2,0,0,0,0,0,0,0,0,0,0,0,0,0,0,0,0,0,0,0
2514,G,8,1,0,0,0,0,0,0,0,0,0,0,0,0,0,0,0,0,0,0,0
2514,G,8,2,0,0,0,0,0,0,0,0,0,0,0,0,0,0,0,0,0,0,0
2514,G,9,1,0,0,0,0,0,0,0,0,0,0,0,0,0,0,0,0,0,0,0
2514,G,9,2,0,0,0,0,0,0,0,0,0,0,0,0,0,0,0,0,0,0,0
2514,G,10,1,0,0,0,0,0,0,0,0,0,0,0,0,0,0,0,0,0,0,0
2514,G,10,2,0,0,0,0,0,0,0,0,0,0,0,0,0,0,0,0,0,0,0
2514,G,11,1,0,0,0,0,0,0,0,0,0,0,0,0,0,0,0,0,0,0,0
2514,G,11,2,0,0,0,0,0,0,0,0,0,0,0,0,0,0,0,0,0,0,0
2514,G,12,1,0,0,0,0,0,0,0,0,0,0,0,0,0,0,0,0,0,0,0
2514,G,12,2,0,0,0,0,0,0,0,0,0,0,0,0,0,0,0,0,0,0,0
2514,G,13,1,0,0,0,0,0,0,0,0,0,0,0,0,0,0,0,0,0,0,0
2514,G,13,2,0,0,0,0,0,0,0,0,0,0,0,0,0,0,0,0,0,0,0
2514,G,14,1,0,0,0,0,0,0,0,0,0,0,0,0,0,0,0,0,0,0,0
2514,G,14,2,0,0,0,0,0,0,0,0,0,0,0,0,0,0,0,0,0,0,0
2514,G,15,1,0,0,0,0,0,0,0,0,0,0,0,0,0,0,0,0,0,0,0
2514,G,15,2,0,0,0,0,0,0,0,0,0,0,0,0,0,0,0,0,0,0,0
2514,G,16,1,0,0,0,0,0,0,0,0,0,0,0,0,0,0,0,0,0,0,0
2514,G,16,2,0,0,0,0,0,0,0,0,0,0,0,0,0,0,0,0,0,0,0
2514,G,17,1,0,0,0,0,0,0,0,0,0,0,0,0,0,0,0,0,0,0,0
2514,G,17,2,0,0,0,0,0,0,0,0,0,0,0,0,0,0,0,0,0,0,0
2514,G,18,1,0,0,0,0,0,0,0,0,0,0,0,0,0,0,0,0,0,0,0
2514,G,18,2,0,0,0,0,0,0,0,0,0,0,1,0,0,0,0,0,0,0,0
2514,G,19,1,0,0,0,0,0,0,0,0,1,0,1,0,0,0,0,0,0,0,0
2514,G,19,2,0,0,1,0,0,0,0,1,1,1,0,3,0,0,1,1,0,0,0
2514,G,20,1,0,0,0,0,2,1,0,0,0,1,0,0,0,0,0,0,0,0,0
2514,G,20,2,2,1,2,2,0,0,0,1,2,1,2,0,3,1,0,1,1,1,1
2514,G,21,1,0,0,0,2,1,2,0,0,1,0,1,0,0,0,0,0,1,0,1
2514,G,21,2,2,2,4,2,2,0,0,1,1,3,2,3,0,4,1,1,1,1,3
2514,G,22,1,0,0,1,0,3,1,2,1,2,1,1,1,1,0,0,1,1,1,0
2514,G,22,2,3,4,2,3,3,2,1,1,1,2,4,4,6,0,4,2,2,1,1
2514,G,23,1,1,1,2,4,0,1,1,4,2,2,1,0,1,2,0,1,1,2,2
2514,G,23,2,2,3,5,2,3,3,3,2,0,1,3,5,5,7,0,4,3,2,1
2514,G,24,1,0,1,1,2,6,1,2,2,3,2,6,1,1,1,4,0,1,2,1
2514,G,24,2,3,3,4,7,5,2,5,5,8,2,2,3,4,5,8,2,3,3,4
2514,G,25,1,1,1,5,1,2,6,3,2,5,3,2,5,3,5,2,5,1,2,3
2514,G,25,2,13,5,3,6,8,4,6,9,7,8,5,6,5,5,5,8,4,7,4
2514,G,26,1,8,5,2,2,3,2,7,4,4,7,5,7,5,6,5,3,8,2,3
2514,G,26,2,15,12,8,5,10,8,7,7,11,9,9,8,8,8,9,7,9,6,12
2514,G,27,1,8,9,4,6,2,2,3,7,6,7,11,7,12,6,9,6,5,11,2
2514,G,27,2,15,14,13,13,8,12,8,10,8,14,8,11,13,12,14,9,8,10,10
2514,G,28,1,8,9,13,8,10,3,6,6,8,10,6,13,7,14,7,9,7,7,14
2514,G,28,2,16,17,17,14,13,11,11,10,14,13,19,18,12,18,13,16,12,10,10
2514,G,29,1,11,10,11,16,6,11,6,7,9,13,9,9,14,8,16,11,12,8,6
2514,G,29,2,8,23,21,18,15,13,14,12,11,19,16,24,24,11,20,14,16,16,14
2514,G,30,1,11,14,14,14,18,5,15,10,8,9,15,13,14,15,13,17,12,11,11
2514,G,30,2,20,14,26,27,19,16,19,15,13,13,22,20,28,24,16,23,18,18,20
2514,G,31,1,14,16,17,16,12,18,12,19,13,11,9,22,12,14,18,14,19,12,16
2514,G,31,2,32,25,16,28,26,22,19,27,18,15,13,27,23,28,26,17,26,25,16
2514,G,32,1,23,16,22,20,15,15,17,14,18,16,10,10,24,14,16,19,21,19,16
2514,G,32,2,25,33,32,17,26,29,26,22,22,13,20,14,26,24,31,23,21,26,27
2514,G,33,1,20,27,21,23,17,19,16,20,14,18,18,13,14,26,16,18,20,22,24
2514,G,33,2,42,27,38,34,20,29,31,28,25,27,14,17,13,27,27,32,23,24,24
2514,G,34,1,32,22,30,23,23,19,21,20,20,16,24,21,22,13,26,19,24,24,23
2514,G,34,2,42,47,30,44,39,21,32,34,29,28,24,16,20,15,29,30,37,27,30
2514,G,35,1,32,37,28,33,21,23,22,22,21,23,15,24,23,23,15,25,20,27,19
2514,G,35,2,34,41,51,30,44,40,23,36,32,31,30,25,14,23,15,31,33,38,30
2514,G,36,1,36,33,40,32,35,23,21,24,20,24,23,16,24,25,26,15,24,29,25
2514,G,36,2,45,38,43,49,30,44,43,26,32,35,34,29,25,18,21,14,29,35,38
2514,G,37,1,35,44,38,38,36,33,28,22,25,23,26,22,17,20,25,28,16,24,31
2514,G,37,2,41,50,37,43,50,34,49,42,32,31,42,35,29,27,17,21,15,29,36
2514,G,38,1,44,40,43,40,39,36,36,30,24,27,25,28,23,20,19,26,26,22,27
2514,G,38,2,38,42,54,37,40,51,38,48,42,33,32,40,34,30,31,19,19,16,29
2514,G,39,1,33,42,41,46,36,40,38,37,30,29,30,22,27,25,24,22,27,26,22
2514,G,39,2,41,42,46,51,39,40,56,40,47,41,33,31,40,29,31,33,17,21,15
2514,G,40,1,41,37,43,42,48,36,44,39,33,30,31,34,25,26,26,26,24,30,26
2514,G,40,2,52,47,44,44,52,39,39,55,39,48,43,38,32,40,29,32,33,16,23
2514,G,41,1,52,42,38,42,41,48,39,44,36,35,31,30,36,27,26,25,28,22,31
2514,G,41,2,62,53,46,49,42,52,38,39,51,37,47,46,39,32,37,30,35,33,18
2514,G,42,1,33,57,42,39,44,40,50,40,40,37,35,30,27,38,28,24,28,28,20
2514,G,42,2,61,65,54,45,50,44,49,39,39,50,37,46,44,39,32,35,34,36,34
2514,G,43,1,48,35,56,44,37,48,41,54,42,42,39,40,33,25,36,30,29,28,29
2514,G,43,2,49,60,63,55,48,50,45,49,40,37,49,40,44,41,40,34,40,33,34
2514,G,44,1,53,50,35,55,45,40,52,43,54,42,44,39,37,31,27,38,30,30,28
2514,G,44,2,54,50,60,65,55,45,50,44,51,41,37,51,41,44,43,40,33,37,33
2514,G,45,1,39,56,48,38,54,47,41,54,45,56,42,44,38,37,29,30,43,30,30
2514,G,45,2,49,53,51,59,64,55,46,49,43,50,41,41,51,42,45,44,40,32,36
2514,G,46,1,48,40,56,49,40,52,43,44,59,44,59,43,48,38,36,27,32,41,31
2514,G,46,2,44,48,55,50,57,60,57,46,51,45,50,40,43,49,43,46,45,40,33
2514,G,47,1,53,45,40,58,49,41,49,43,40,60,44,59,41,48,37,38,33,33,39
2514,G,47,2,57,44,51,56,48,58,63,58,46,50,48,47,37,42,52,44,42,44,38
2514,G,48,1,47,54,46,38,59,46,43,51,40,40,60,43,59,41,49,38,39,32,33
2514,G,48,2,40,56,42,49,54,47,58,62,56,45,51,48,48,38,42,54,46,43,44
2514,G,49,1,64,46,54,45,36,56,47,43,52,41,42,59,45,58,39,48,39,40,33
2514,G,49,2,65,42,54,42,48,54,45,58,63,55,47,54,49,48,37,42,54,47,42
2514,G,50,1,58,62,48,56,47,37,57,49,44,51,42,45,57,44,56,42,53,39,38
2514,G,50,2,81,64,44,54,44,50,54,48,59,67,57,47,58,52,49,38,43,55,48
2514,G,51,1,59,57,63,48,58,48,38,56,51,45,55,43,47,59,43,57,40,51,41
2514,G,51,2,71,81,62,43,53,45,52,54,49,57,65,57,48,55,51,48,41,43,56
2514,G,52,1,74,58,60,65,46,60,49,40,54,49,43,53,44,45,60,43,57,40,51
2514,G,52,2,77,66,80,61,44,55,47,52,53,48,56,64,56,49,54,51,49,40,46
2514,G,53,1,65,75,59,59,63,46,60,52,38,52,52,46,54,43,45,57,42,57,39
2514,G,53,2,64,77,64,77,59,45,54,50,50,55,46,56,63,54,47,53,49,50,38
2514,G,54,1,66,63,76,58,56,63,47,60,49,39,48,52,45,53,40,46,61,42,57
2514,G,54,2,71,62,80,65,79,62,45,55,50,51,55,45,58,62,53,47,55,50,51
2514,G,55,1,69,66,61,77,56,58,66,48,61,50,39,45,57,46,54,42,45,58,44
2514,G,55,2,73,67,59,77,66,76,61,44,56,50,53,54,46,56,63,56,48,54,49
2514,G,56,1,77,68,66,65,76,58,57,63,55,62,51,41,44,57,44,54,40,44,59
2514,G,56,2,86,70,66,59,76,66,73,59,44,53,50,53,54,45,55,62,57,45,53
2514,G,57,1,90,78,70,64,68,75,58,57,60,58,62,52,43,45,56,47,55,36,44
2514,G,57,2,99,87,69,67,58,77,67,73,60,45,52,53,52,52,45,54,63,58,43
2514,G,58,1,94,91,77,71,65,67,74,60,58,60,57,63,52,44,45,56,44,58,36
2514,G,58,2,114,103,85,67,66,58,77,66,72,60,44,52,55,50,53,46,53,62,59
2514,G,59,1,83,92,91,76,71,65,68,74,60,56,62,57,63,52,47,48,57,43,57
2514,G,59,2,90,112,103,84,67,64,59,77,65,73,61,44,50,54,50,54,51,52,61
2514,G,60,1,94,83,90,90,77,72,63,67,76,60,58,63,57,63,52,46,53,58,43
2514,G,60,2,84,90,109,100,86,68,68,60,75,64,71,60,45,51,54,50,52,51,51
2514,G,61,1,92,94,81,92,91,74,72,64,67,76,61,56,63,56,65,51,46,53,57
2514,G,61,2,99,86,91,109,99,87,69,65,59,75,66,71,60,46,51,54,50,52,54
2514,G,62,1,82,88,90,78,90,91,74,71,60,62,76,65,58,62,53,62,52,46,51
2514,G,62,2,81,100,84,90,106,98,85,70,66,57,76,63,70,60,43,51,54,51,55
2514,G,63,1,106,84,90,90,77,87,87,75,68,62,63,74,67,54,67,52,61,51,46
2514,G,63,2,70,81,100,84,88,101,95,86,69,62,56,72,56,69,60,40,50,55,53
2514,G,64,1,81,106,87,91,88,80,85,86,71,66,61,62,73,65,57,67,52,61,53
2514,G,64,2,60,69,82,98,84,83,102,95,88,68,62,57,69,55,70,56,38,49,57
2514,G,65,1,89,77,106,86,90,87,78,85,81,75,67,62,58,70,63,58,66,51,63
2514,G,65,2,87,59,66,81,97,82,83,104,90,87,67,61,57,72,53,72,56,37,49
2514,G,66,1,71,88,76,107,84,88,86,79,84,80,78,65,58,59,70,59,55,66,53
2514,G,66,2,72,85,61,65,76,91,77,81,104,89,86,66,58,54,72,47,70,54,36
2514,G,67,1,83,69,88,74,104,83,86,85,78,82,78,75,63,62,64,71,56,55,66
2514,G,67,2,61,71,84,62,61,78,90,76,78,99,88,89,60,58,54,70,45,70,55
2514,G,68,1,56,83,67,83,74,104,85,83,87,78,82,76,72,62,60,63,70,57,55
2514,G,68,2,84,61,69,83,61,59,75,90,73,77,98,88,86,58,58,53,68,43,69
2514,G,69,1,58,56,82,67,78,69,102,85,81,86,78,81,73,66,59,59,62,70,59
2514,G,69,2,66,77,59,66,76,61,57,76,89,75,74,95,89,83,57,59,55,66,43
2514,G,70,1,81,57,55,80,62,80,69,102,82,76,85,75,80,72,65,57,57,58,68
2514,G,70,2,70,65,76,57,65,72,58,59,73,88,77,73,91,84,80,54,53,55,63
2514,G,71,1,65,75,54,57,82,62,79,69,100,80,76,81,70,78,67,61,56,57,57
2514,G,71,2,60,67,62,73,56,63,64,55,59,67,86,76,73,88,83,80,52,52,55
2514,G,72,1,60,63,74,53,53,76,64,80,66,99,78,74,80,68,75,66,58,56,57
2514,G,72,2,46,59,64,59,73,58,64,62,52,57,65,81,75,71,83,81,79,52,49
2514,G,73,1,73,59,60,71,53,50,70,62,78,67,94,78,70,78,67,74,64,57,55
2514,G,73,2,50,43,53,58,57,69,55,63,61,52,53,63,76,71,69,80,78,76,53
2514,G,74,1,49,71,56,57,72,50,47,70,62,74,67,93,74,66,73,61,71,65,55
2514,G,74,2,43,46,42,48,57,56,67,50,61,59,49,50,60,73,70,62,75,76,73
2514,G,75,1,61,49,69,53,55,69,45,47,68,62,70,68,91,71,62,70,61,70,61
2514,G,75,2,53,40,42,39,48,53,53,62,50,60,58,44,47,58,67,62,60,74,73
2514,G,76,1,53,55,46,67,52,54,68,43,44,65,60,65,67,87,70,59,68,56,69
2514,G,76,2,35,46,34,40,37,43,48,51,58,45,54,53,35,43,52,63,57,58,69
2514,G,77,1,51,50,54,43,63,47,52,66,42,42,63,56,60,63,83,67,59,65,53
2514,G,77,2,49,32,43,30,38,33,42,42,50,53,44,48,49,33,37,52,59,50,54
2514,G,78,1,45,47,46,48,43,60,42,46,65,40,39,59,52,57,61,79,61,56,57
2514,G,78,2,30,46,28,41,29,36,25,40,38,48,50,43,41,42,30,32,46,55,44
2514,G,79,1,48,41,46,44,43,41,55,39,45,61,37,36,54,45,52,55,74,56,56
2514,G,79,2,27,28,41,26,39,28,35,22,38,37,48,44,39,38,37,26,31,41,51
2514,SK,0,1,0,0,0,0,0,0,0,0,0,0,0,0,0,0,0,0,0,0,0
2514,SK,0,2,0,0,0,0,0,0,0,0,0,0,0,0,0,0,0,0,0,0,0
2514,SK,1,1,0,0,0,0,0,0,0,0,0,0,0,0,0,0,0,0,0,0,0
2514,SK,1,2,0,0,0,0,0,0,0,0,0,0,0,0,0,0,0,0,0,0,0
2514,SK,2,1,0,0,0,0,0,0,0,0,0,0,0,0,0,0,0,0,0,0,0
2514,SK,2,2,0,0,0,0,0,0,0,0,0,0,0,0,0,0,0,0,0,0,0
2514,SK,3,1,0,0,0,0,0,0,0,0,0,0,0,0,0,0,0,0,0,0,0
2514,SK,3,2,0,0,0,0,0,0,0,0,0,0,0,0,0,0,0,0,0,0,0
2514,SK,4,1,0,0,0,0,0,0,0,0,0,0,0,0,0,0,0,0,0,0,0
2514,SK,4,2,0,0,0,0,0,0,0,0,0,0,0,0,0,0,0,0,0,0,0
2514,SK,5,1,0,0,0,0,0,0,0,0,0,0,0,0,0,0,0,0,0,0,0
2514,SK,5,2,0,0,0,0,0,0,0,0,0,0,0,0,0,0,0,0,0,0,0
2514,SK,6,1,0,0,0,0,0,0,0,0,0,0,0,0,0,0,0,0,0,0,0
2514,SK,6,2,0,0,0,0,0,0,0,0,0,0,0,0,0,0,0,0,0,0,0
2514,SK,7,1,0,0,0,0,0,0,0,0,0,0,0,0,0,0,0,0,0,0,0
2514,SK,7,2,0,0,0,0,0,0,0,0,0,0,0,0,0,0,0,0,0,0,0
2514,SK,8,1,0,0,0,0,0,0,0,0,0,0,0,0,0,0,0,0,0,0,0
2514,SK,8,2,0,0,0,0,0,0,0,0,0,0,0,0,0,0,0,0,0,0,0
2514,SK,9,1,0,0,0,0,0,0,0,0,0,0,0,0,0,0,0,0,0,0,0
2514,SK,9,2,0,0,0,0,0,0,0,0,0,0,0,0,0,0,0,0,0,0,0
2514,SK,10,1,0,0,0,0,0,0,0,0,0,0,0,0,0,0,0,0,0,0,0
2514,SK,10,2,0,0,0,0,0,0,0,0,0,0,0,0,0,0,0,0,0,0,0
2514,SK,11,1,0,0,0,0,0,0,0,0,0,0,0,0,0,0,0,0,0,0,0
2514,SK,11,2,0,0,0,0,0,0,0,0,0,0,0,0,0,0,0,0,0,0,0
2514,SK,12,1,0,0,0,0,0,0,0,0,0,0,0,0,0,0,0,0,0,0,0
2514,SK,12,2,0,0,0,0,0,0,0,0,0,0,0,0,0,0,0,0,0,0,0
2514,SK,13,1,0,0,0,0,0,0,0,0,0,0,0,0,0,0,0,0,0,0,0
2514,SK,13,2,0,0,0,0,0,0,0,0,0,0,0,0,0,0,0,0,0,0,0
2514,SK,14,1,0,0,0,0,0,0,0,0,0,0,0,0,0,0,0,0,0,0,0
2514,SK,14,2,0,0,0,0,0,0,0,0,0,0,0,0,0,0,0,0,0,0,0
2514,SK,15,1,0,0,0,0,0,0,0,0,0,0,0,0,0,0,0,0,0,0,0
2514,SK,15,2,0,0,0,0,0,0,0,0,0,0,0,0,0,0,0,0,0,0,0
2514,SK,16,1,0,0,0,0,0,0,0,0,0,0,0,0,0,0,0,0,0,0,0
2514,SK,16,2,0,0,0,0,0,0,0,0,0,0,0,0,0,0,0,0,0,0,0
2514,SK,17,1,0,0,0,0,0,0,0,0,0,0,0,0,0,0,0,0,0,0,0
2514,SK,17,2,0,0,0,0,0,0,0,0,0,0,0,0,0,0,0,0,0,0,0
2514,SK,18,1,0,0,0,0,0,0,0,0,0,0,0,0,0,0,0,0,0,0,0
2514,SK,18,2,0,0,0,0,0,0,0,0,0,0,0,0,0,0,0,0,0,0,0
2514,SK,19,1,0,0,0,0,0,0,0,0,0,0,0,0,0,0,0,0,0,0,0
2514,SK,19,2,0,0,0,0,0,0,0,0,0,0,0,0,0,0,0,0,0,0,0
2514,SK,20,1,0,0,0,0,0,0,0,0,0,0,0,0,0,0,0,0,0,0,0
2514,SK,20,2,0,0,0,0,0,0,0,0,0,0,0,0,0,0,0,1,0,0,0
2514,SK,21,1,0,0,0,0,0,0,0,0,0,0,0,0,0,0,0,0,0,0,0
2514,SK,21,2,0,0,0,0,0,0,0,0,0,0,0,0,0,0,0,0,1,0,0
2514,SK,22,1,0,0,0,0,0,0,0,0,0,0,0,0,0,0,0,0,0,1,0
2514,SK,22,2,0,0,0,0,0,0,0,0,0,0,0,0,0,0,0,0,0,1,0
2514,SK,23,1,0,0,0,0,0,0,0,0,1,0,0,0,0,0,0,0,0,0,1
2514,SK,23,2,0,0,0,0,0,0,0,0,1,0,0,0,0,0,0,0,0,0,1
2514,SK,24,1,1,0,0,0,1,0,0,0,1,1,0,0,0,0,0,0,0,0,0
2514,SK,24,2,0,0,0,2,0,0,0,0,0,1,0,1,0,0,0,0,0,0,0
2514,SK,25,1,0,0,0,0,0,1,1,1,0,1,1,0,0,0,0,0,0,0,0
2514,SK,25,2,0,0,0,1,2,0,0,0,1,0,1,0,1,1,0,1,0,0,0
2514,SK,26,1,0,0,0,0,0,0,1,1,1,0,1,1,0,0,0,0,0,1,0
2514,SK,26,2,1,1,0,0,1,2,1,0,0,1,0,1,0,2,2,0,1,0,0
2514,SK,27,1,0,1,0,0,0,2,2,0,1,1,0,1,1,0,0,0,0,0,1
2514,SK,27,2,1,0,1,0,2,2,2,1,0,0,2,1,1,0,3,2,0,2,0
2514,SK,28,1,1,0,0,0,0,0,1,2,1,1,2,1,1,1,0,1,0,0,0
2514,SK,28,2,1,1,0,1,0,2,3,4,1,0,0,2,3,1,0,5,1,1,1
2514,SK,29,1,0,2,0,0,3,0,0,1,2,1,3,1,2,2,3,0,2,0,1
2514,SK,29,2,1,1,2,0,1,2,1,3,5,1,2,1,2,4,0,1,4,2,2
2514,SK,30,1,1,0,2,0,2,2,0,0,1,1,3,3,1,2,2,2,0,1,0
2514,SK,30,2,3,1,2,1,1,2,2,2,5,5,1,2,1,2,5,0,1,4,1
2514,SK,31,1,3,1,0,2,3,2,2,0,0,1,2,3,4,3,3,2,2,0,1
2514,SK,31,2,6,4,1,2,4,2,2,2,3,3,6,1,3,3,4,6,1,2,4
2514,SK,32,1,2,4,1,0,4,3,3,3,1,1,4,3,3,4,3,3,3,4,1
2514,SK,32,2,3,7,4,2,3,5,2,2,4,2,3,5,3,3,3,7,6,1,2
2514,SK,33,1,2,2,3,1,1,5,4,4,4,1,2,5,4,3,4,5,2,6,2
2514,SK,33,2,4,2,7,3,3,2,6,1,2,5,3,6,6,3,3,3,11,6,0
2514,SK,34,1,3,3,6,2,1,3,6,5,5,4,1,4,6,5,3,4,4,3,7
2514,SK,34,2,4,4,3,8,4,4,3,6,1,2,7,2,6,6,4,5,5,8,7
2514,SK,35,1,3,4,3,6,4,2,3,6,6,5,4,2,3,6,6,4,4,5,7
2514,SK,35,2,9,7,4,3,7,2,1,4,9,2,3,9,2,6,5,4,5,6,9
2514,SK,36,1,3,4,6,3,4,7,4,3,7,8,5,5,3,4,5,5,5,5,4
2514,SK,36,2,9,9,11,6,2,9,2,1,7,10,3,4,11,2,8,6,5,6,6
2514,SK,37,1,4,5,4,7,4,5,7,7,3,7,8,5,5,5,5,6,6,5,4
2514,SK,37,2,10,9,10,13,7,3,10,1,1,7,8,4,5,10,2,8,6,10,7
2514,SK,38,1,9,3,6,5,6,6,7,6,6,4,7,6,6,5,7,5,7,6,5
2514,SK,38,2,14,10,10,10,13,9,3,12,3,3,7,9,6,6,10,2,8,6,8
2514,SK,39,1,13,11,4,6,6,5,7,6,10,5,4,6,7,8,6,7,5,8,4
2514,SK,39,2,7,14,10,10,11,14,10,4,13,5,3,8,8,11,7,9,3,9,5
2514,SK,40,1,6,11,11,4,8,9,3,9,7,10,5,4,7,7,6,7,6,6,10
2514,SK,40,2,19,6,14,12,11,11,10,11,4,13,4,4,8,11,10,7,9,4,7
2514,SK,41,1,11,7,11,11,4,8,9,5,12,6,10,8,4,7,7,6,6,7,5
2514,SK,41,2,12,20,7,10,14,14,14,11,15,4,12,6,4,8,12,12,8,9,5
2514,SK,42,1,18,10,11,11,11,6,9,7,8,12,8,11,10,6,8,10,6,6,7
2514,SK,42,2,13,11,19,9,12,14,17,13,12,17,4,13,5,7,8,15,10,9,9
2514,SK,43,1,15,20,13,9,13,11,8,10,8,10,12,9,10,12,6,7,10,9,5
2514,SK,43,2,11,16,13,19,8,13,13,17,13,13,17,3,14,8,8,9,16,11,10
2514,SK,44,1,6,14,19,15,11,15,11,9,11,8,9,13,11,11,12,6,8,10,8
2514,SK,44,2,21,14,15,12,20,10,15,14,16,11,16,16,4,15,8,9,9,15,11
2514,SK,45,1,12,8,16,19,16,11,15,13,9,9,9,8,14,11,12,11,6,7,10
2514,SK,45,2,16,23,13,13,14,21,9,16,17,18,12,13,15,5,17,7,12,9,15
2514,SK,46,1,14,14,10,14,21,18,15,15,10,10,10,9,10,11,12,15,9,7,9
2514,SK,46,2,23,20,19,12,15,16,22,10,17,21,23,12,15,17,6,19,9,13,9
2514,SK,47,1,20,16,19,9,15,21,22,15,15,12,10,11,9,13,11,12,13,10,7
2514,SK,47,2,22,26,22,19,12,18,16,21,11,17,20,25,13,17,18,6,19,9,14
2514,SK,48,1,17,19,13,20,8,18,22,20,20,17,14,11,12,9,12,14,13,15,9
2514,SK,48,2,21,24,28,23,19,14,16,18,24,13,18,24,25,13,16,19,6,17,8
2514,SK,49,1,27,20,22,14,21,10,18,23,19,20,17,16,12,10,9,12,13,12,15
2514,SK,49,2,24,21,22,29,25,20,17,17,19,24,13,17,24,23,15,20,18,7,19
2514,SK,50,1,18,25,21,20,14,21,12,15,23,20,18,18,17,12,13,9,11,14,14
2514,SK,50,2,24,25,18,18,29,23,19,15,17,17,24,13,16,25,26,15,19,18,6
2514,SK,51,1,19,22,24,21,23,13,21,13,15,20,18,20,17,19,12,13,11,12,10
2514,SK,51,2,19,23,24,21,19,26,26,17,14,18,19,26,13,17,23,26,12,21,19
2514,SK,52,1,22,20,18,19,24,22,13,22,16,17,21,20,21,19,19,14,14,13,13
2514,SK,52,2,22,20,21,24,21,19,26,23,19,13,19,18,28,13,18,24,25,11,20
2514,SK,53,1,22,19,18,20,20,23,22,12,23,17,16,22,20,24,20,22,16,15,14
2514,SK,53,2,15,24,20,22,22,18,22,25,24,18,15,21,17,28,15,21,29,24,13
2514,SK,54,1,17,21,21,20,24,20,23,21,15,23,21,16,21,22,25,18,23,17,17
2514,SK,54,2,13,15,25,16,21,23,19,23,26,23,18,16,19,15,29,16,22,30,25
2514,SK,55,1,18,16,23,21,22,24,19,23,21,15,22,22,16,21,21,27,16,25,16
2514,SK,55,2,24,13,16,23,16,22,22,17,23,26,21,20,18,21,16,26,16,20,31
2514,SK,56,1,16,22,16,21,22,21,24,21,20,20,15,20,21,18,20,20,26,18,26
2514,SK,56,2,17,25,13,16,21,19,24,22,19,25,23,20,19,20,21,18,25,17,18
2514,SK,57,1,27,15,19,19,15,21,21,22,24,19,20,17,21,19,21,19,20,28,17
2514,SK,57,2,29,18,26,13,14,21,17,25,22,18,26,19,22,21,19,19,17,24,18
2514,SK,58,1,17,25,15,19,17,15,21,19,22,23,16,21,16,21,20,21,20,20,29
2514,SK,58,2,20,26,18,28,13,14,21,18,27,22,20,25,20,22,21,19,18,14,24
2514,SK,59,1,22,19,27,14,18,17,14,22,19,24,22,15,20,18,20,19,22,20,21
2514,SK,59,2,16,18,25,17,25,12,15,24,17,28,21,20,25,19,23,17,17,21,14
2514,SK,60,1,17,21,17,25,14,17,19,13,23,20,23,22,14,21,18,20,18,23,20
2514,SK,60,2,33,14,19,26,18,25,10,14,23,17,29,20,21,26,21,22,18,17,17
2514,SK,61,1,24,20,21,16,24,16,16,20,11,24,21,22,22,14,19,19,18,18,24
2514,SK,61,2,22,34,15,20,26,17,27,10,14,23,15,27,18,21,28,21,23,18,18
2514,SK,62,1,22,25,26,22,17,22,14,17,23,12,22,22,23,23,13,20,19,18,19
2514,SK,62,2,24,20,36,13,20,26,17,24,12,13,21,14,28,18,21,30,20,22,19
2514,SK,63,1,28,23,25,27,22,15,24,13,16,17,12,21,20,22,23,14,20,17,17
2514,SK,63,2,20,23,18,35,13,20,27,15,27,12,13,21,15,28,18,20,31,21,19
2514,SK,64,1,14,28,24,23,27,21,15,23,15,15,17,13,21,20,20,23,16,23,17
2514,SK,64,2,19,18,22,18,34,14,19,29,18,25,14,12,22,15,27,21,22,29,21
2514,SK,65,1,27,16,29,23,21,27,21,14,24,14,18,17,16,21,20,19,26,16,23
2514,SK,65,2,21,18,18,25,18,36,15,19,27,17,24,15,12,22,17,28,22,23,29
2514,SK,66,1,16,29,15,29,25,20,30,19,14,22,12,17,17,19,21,20,19,26,15
2514,SK,66,2,18,18,18,18,23,19,35,15,19,28,18,25,15,12,21,19,28,22,21
2514,SK,67,1,17,15,27,15,27,26,23,30,20,14,23,11,18,16,19,21,22,18,26
2514,SK,67,2,18,19,17,18,19,21,20,34,17,21,28,18,25,12,12,21,19,28,21
2514,SK,68,1,17,19,17,28,14,27,23,23,30,20,16,21,11,17,17,19,20,21,17
2514,SK,68,2,13,18,20,16,18,21,23,19,34,16,18,26,18,25,12,13,20,17,26
2514,SK,69,1,20,15,19,18,29,14,27,23,23,29,19,16,19,11,18,19,19,20,21
2514,SK,69,2,7,12,18,20,15,16,22,23,18,32,16,17,25,18,26,12,13,20,17
2514,SK,70,1,13,20,14,20,17,27,15,26,21,23,30,23,14,19,11,20,18,19,21
2514,SK,70,2,12,8,12,16,20,15,16,21,22,18,30,17,16,25,18,23,14,11,20
2514,SK,71,1,15,12,19,13,19,15,24,15,25,21,22,30,23,14,17,12,19,16,18
2514,SK,71,2,10,12,7,11,14,20,16,17,21,21,17,30,14,15,25,19,21,13,11
2514,SK,72,1,11,14,12,19,13,19,16,23,14,25,20,21,28,23,14,17,10,19,16
2514,SK,72,2,14,11,10,7,11,14,20,15,17,21,22,17,28,14,13,23,17,22,13
2514,SK,73,1,12,12,14,13,19,13,20,16,23,12,28,17,18,27,23,13,16,10,19
2514,SK,73,2,7,13,11,11,7,12,12,18,15,17,23,21,17,27,13,12,24,17,21
2514,SK,74,1,10,11,12,13,13,17,14,17,14,22,12,26,17,19,25,21,13,16,11
2514,SK,74,2,8,7,14,11,10,7,12,12,16,15,15,24,20,16,27,13,12,22,18
2514,SK,75,1,8,10,10,13,12,12,17,13,17,15,21,11,25,15,17,23,18,12,14
2514,SK,75,2,13,8,8,12,12,10,6,14,12,17,15,14,23,20,16,26,13,10,22
2514,SK,76,1,4,7,10,10,13,12,11,16,14,17,15,20,10,24,15,16,22,17,12
2514,SK,76,2,7,13,7,7,12,9,10,5,13,12,15,15,13,23,19,17,29,13,9
2514,SK,77,1,5,4,7,10,11,14,11,10,16,14,16,14,17,9,24,16,16,21,17
2514,SK,77,2,9,8,12,7,6,12,8,9,4,13,12,15,16,11,22,18,16,26,12
2514,SK,78,1,6,5,4,7,8,10,13,8,9,14,14,16,14,16,6,22,14,16,18
2514,SK,78,2,7,9,8,12,6,6,12,7,8,4,13,12,15,16,11,21,18,16,24
2514,SK,79,1,2,6,5,4,6,9,9,13,9,9,14,11,16,11,13,6,23,14,16
2514,SK,79,2,6,7,9,8,12,5,6,12,7,7,4,11,7,14,16,12,19,18,15
2514,ÄNKL,0,1,0,0,0,0,0,0,0,0,0,0,0,0,0,0,0,0,0,0,0
2514,ÄNKL,0,2,0,0,0,0,0,0,0,0,0,0,0,0,0,0,0,0,0,0,0
2514,ÄNKL,1,1,0,0,0,0,0,0,0,0,0,0,0,0,0,0,0,0,0,0,0
2514,ÄNKL,1,2,0,0,0,0,0,0,0,0,0,0,0,0,0,0,0,0,0,0,0
2514,ÄNKL,2,1,0,0,0,0,0,0,0,0,0,0,0,0,0,0,0,0,0,0,0
2514,ÄNKL,2,2,0,0,0,0,0,0,0,0,0,0,0,0,0,0,0,0,0,0,0
2514,ÄNKL,3,1,0,0,0,0,0,0,0,0,0,0,0,0,0,0,0,0,0,0,0
2514,ÄNKL,3,2,0,0,0,0,0,0,0,0,0,0,0,0,0,0,0,0,0,0,0
2514,ÄNKL,4,1,0,0,0,0,0,0,0,0,0,0,0,0,0,0,0,0,0,0,0
2514,ÄNKL,4,2,0,0,0,0,0,0,0,0,0,0,0,0,0,0,0,0,0,0,0
2514,ÄNKL,5,1,0,0,0,0,0,0,0,0,0,0,0,0,0,0,0,0,0,0,0
2514,ÄNKL,5,2,0,0,0,0,0,0,0,0,0,0,0,0,0,0,0,0,0,0,0
2514,ÄNKL,6,1,0,0,0,0,0,0,0,0,0,0,0,0,0,0,0,0,0,0,0
2514,ÄNKL,6,2,0,0,0,0,0,0,0,0,0,0,0,0,0,0,0,0,0,0,0
2514,ÄNKL,7,1,0,0,0,0,0,0,0,0,0,0,0,0,0,0,0,0,0,0,0
2514,ÄNKL,7,2,0,0,0,0,0,0,0,0,0,0,0,0,0,0,0,0,0,0,0
2514,ÄNKL,8,1,0,0,0,0,0,0,0,0,0,0,0,0,0,0,0,0,0,0,0
2514,ÄNKL,8,2,0,0,0,0,0,0,0,0,0,0,0,0,0,0,0,0,0,0,0
2514,ÄNKL,9,1,0,0,0,0,0,0,0,0,0,0,0,0,0,0,0,0,0,0,0
2514,ÄNKL,9,2,0,0,0,0,0,0,0,0,0,0,0,0,0,0,0,0,0,0,0
2514,ÄNKL,10,1,0,0,0,0,0,0,0,0,0,0,0,0,0,0,0,0,0,0,0
2514,ÄNKL,10,2,0,0,0,0,0,0,0,0,0,0,0,0,0,0,0,0,0,0,0
2514,ÄNKL,11,1,0,0,0,0,0,0,0,0,0,0,0,0,0,0,0,0,0,0,0
2514,ÄNKL,11,2,0,0,0,0,0,0,0,0,0,0,0,0,0,0,0,0,0,0,0
2514,ÄNKL,12,1,0,0,0,0,0,0,0,0,0,0,0,0,0,0,0,0,0,0,0
2514,ÄNKL,12,2,0,0,0,0,0,0,0,0,0,0,0,0,0,0,0,0,0,0,0
2514,ÄNKL,13,1,0,0,0,0,0,0,0,0,0,0,0,0,0,0,0,0,0,0,0
2514,ÄNKL,13,2,0,0,0,0,0,0,0,0,0,0,0,0,0,0,0,0,0,0,0
2514,ÄNKL,14,1,0,0,0,0,0,0,0,0,0,0,0,0,0,0,0,0,0,0,0
2514,ÄNKL,14,2,0,0,0,0,0,0,0,0,0,0,0,0,0,0,0,0,0,0,0
2514,ÄNKL,15,1,0,0,0,0,0,0,0,0,0,0,0,0,0,0,0,0,0,0,0
2514,ÄNKL,15,2,0,0,0,0,0,0,0,0,0,0,0,0,0,0,0,0,0,0,0
2514,ÄNKL,16,1,0,0,0,0,0,0,0,0,0,0,0,0,0,0,0,0,0,0,0
2514,ÄNKL,16,2,0,0,0,0,0,0,0,0,0,0,0,0,0,0,0,0,0,0,0
2514,ÄNKL,17,1,0,0,0,0,0,0,0,0,0,0,0,0,0,0,0,0,0,0,0
2514,ÄNKL,17,2,0,0,0,0,0,0,0,0,0,0,0,0,0,0,0,0,0,0,0
2514,ÄNKL,18,1,0,0,0,0,0,0,0,0,0,0,0,0,0,0,0,0,0,0,0
2514,ÄNKL,18,2,0,0,0,0,0,0,0,0,0,0,0,0,0,0,0,0,0,0,0
2514,ÄNKL,19,1,0,0,0,0,0,0,0,0,0,0,0,0,0,0,0,0,0,0,0
2514,ÄNKL,19,2,0,0,0,0,0,0,0,0,0,0,0,0,0,0,0,0,0,0,0
2514,ÄNKL,20,1,0,0,0,0,0,0,0,0,0,0,0,0,0,0,0,0,0,0,0
2514,ÄNKL,20,2,0,0,0,0,0,0,0,0,0,0,0,0,0,0,0,0,0,0,0
2514,ÄNKL,21,1,0,0,0,0,0,0,0,0,0,0,0,0,0,0,0,0,0,0,0
2514,ÄNKL,21,2,0,0,0,0,0,0,0,0,0,0,0,0,0,0,0,0,0,0,0
2514,ÄNKL,22,1,0,0,0,0,0,0,0,0,0,0,0,0,0,0,0,0,0,0,0
2514,ÄNKL,22,2,0,0,0,0,0,0,0,0,0,0,0,0,0,0,0,0,0,0,0
2514,ÄNKL,23,1,0,0,0,0,0,0,0,0,0,0,0,0,0,0,0,0,0,0,0
2514,ÄNKL,23,2,0,0,0,0,0,0,0,0,0,0,0,0,0,0,0,0,0,0,0
2514,ÄNKL,24,1,0,0,0,0,0,0,0,0,0,0,0,0,0,0,0,0,0,0,0
2514,ÄNKL,24,2,0,0,0,0,0,0,0,0,0,0,0,0,0,0,0,0,0,0,0
2514,ÄNKL,25,1,0,0,0,0,0,0,0,0,0,0,0,0,0,0,0,0,0,0,0
2514,ÄNKL,25,2,0,0,0,0,0,0,0,0,0,0,0,0,0,0,0,0,0,0,0
2514,ÄNKL,26,1,0,0,0,0,0,0,0,0,0,0,0,0,0,0,0,0,0,0,0
2514,ÄNKL,26,2,0,0,0,0,0,0,0,0,0,0,0,0,0,0,0,0,0,0,0
2514,ÄNKL,27,1,0,0,0,0,0,0,0,0,0,0,0,0,0,0,0,0,0,0,0
2514,ÄNKL,27,2,0,0,0,0,0,0,0,0,0,0,0,0,0,0,0,0,0,0,0
2514,ÄNKL,28,1,0,0,0,0,0,0,0,0,0,0,0,0,0,0,0,0,0,0,0
2514,ÄNKL,28,2,0,0,0,0,0,0,0,0,0,0,0,0,0,0,0,0,0,0,0
2514,ÄNKL,29,1,0,0,0,0,0,0,0,0,0,0,0,0,0,0,0,0,0,0,0
2514,ÄNKL,29,2,0,0,0,0,0,0,0,0,0,0,0,0,0,0,0,0,0,0,0
2514,ÄNKL,30,1,0,0,0,0,0,0,0,0,0,0,0,0,0,0,0,0,0,0,0
2514,ÄNKL,30,2,0,0,0,0,0,0,0,0,0,0,0,0,0,0,0,0,0,0,0
2514,ÄNKL,31,1,0,0,0,0,0,0,0,0,0,0,0,0,0,0,0,0,0,0,0
2514,ÄNKL,31,2,0,0,0,0,0,0,0,0,0,0,0,0,2,0,0,0,0,0,0
2514,ÄNKL,32,1,0,0,0,0,0,0,0,0,0,0,0,0,0,0,0,0,0,0,0
2514,ÄNKL,32,2,0,0,0,0,0,0,0,0,0,1,0,0,0,2,0,0,0,0,0
2514,ÄNKL,33,1,0,0,0,0,0,0,0,0,0,0,0,0,0,0,0,0,0,0,1
2514,ÄNKL,33,2,1,0,0,1,0,0,0,0,0,0,1,0,0,0,2,0,0,0,0
2514,ÄNKL,34,1,0,0,0,0,0,0,0,0,0,0,0,0,0,0,0,0,0,0,0
2514,ÄNKL,34,2,0,1,0,0,1,0,0,0,0,0,0,1,0,0,0,2,0,0,0
2514,ÄNKL,35,1,0,0,0,0,0,0,0,0,0,0,0,0,0,0,0,0,0,0,0
2514,ÄNKL,35,2,0,0,1,0,0,1,1,0,0,0,0,0,1,0,0,0,2,0,0
2514,ÄNKL,36,1,0,0,0,0,0,0,0,0,0,0,0,0,0,0,0,0,0,0,0
2514,ÄNKL,36,2,0,0,1,1,0,0,1,1,0,0,0,0,0,1,0,0,0,2,0
2514,ÄNKL,37,1,0,0,0,0,0,0,0,0,0,0,0,0,0,0,0,0,0,0,0
2514,ÄNKL,37,2,0,0,0,0,1,0,0,1,0,0,0,0,0,0,1,0,0,0,1
2514,ÄNKL,38,1,3,0,0,0,0,0,0,0,0,1,0,0,0,0,0,0,0,0,0
2514,ÄNKL,38,2,0,0,0,1,0,1,0,0,1,0,0,0,0,0,0,1,0,0,0
2514,ÄNKL,39,1,0,3,0,0,0,0,0,0,0,0,1,0,0,0,0,0,0,0,0
2514,ÄNKL,39,2,0,0,0,0,1,0,1,0,0,1,0,0,0,0,0,0,1,0,0
2514,ÄNKL,40,1,0,0,3,0,0,0,0,0,0,0,0,1,0,1,0,0,0,0,0
2514,ÄNKL,40,2,0,0,0,0,0,1,0,1,0,0,1,0,0,0,0,0,0,1,0
2514,ÄNKL,41,1,2,0,0,3,0,0,0,0,0,0,0,0,1,0,1,0,0,1,0
2514,ÄNKL,41,2,0,0,0,0,0,0,1,0,1,0,0,2,0,0,1,0,0,0,1
2514,ÄNKL,42,1,0,1,0,0,3,0,0,0,0,0,0,0,0,1,0,1,0,1,1
2514,ÄNKL,42,2,0,0,0,0,0,0,0,1,0,1,0,0,3,0,0,1,0,0,0
2514,ÄNKL,43,1,0,0,1,0,0,3,0,0,0,0,0,0,0,0,1,0,1,0,0
2514,ÄNKL,43,2,0,0,1,0,0,0,0,0,1,0,1,0,0,3,0,0,1,0,0
2514,ÄNKL,44,1,0,0,0,1,0,0,2,0,0,0,0,0,0,0,0,1,0,1,0
2514,ÄNKL,44,2,1,0,0,1,1,0,0,0,1,1,0,0,0,0,3,0,0,1,0
2514,ÄNKL,45,1,0,0,0,0,1,0,0,2,0,0,0,0,0,0,0,0,1,0,1
2514,ÄNKL,45,2,2,1,0,0,1,1,0,1,0,0,1,0,0,0,1,3,0,0,1
2514,ÄNKL,46,1,0,0,0,0,0,0,0,0,2,0,0,0,0,0,0,0,0,1,0
2514,ÄNKL,46,2,2,2,1,0,0,1,1,0,1,0,0,3,1,0,0,1,3,0,0
2514,ÄNKL,47,1,0,0,0,0,0,0,0,0,0,2,0,0,0,0,0,0,0,0,1
2514,ÄNKL,47,2,0,2,2,0,0,0,0,1,0,1,0,0,5,1,0,0,1,4,0
2514,ÄNKL,48,1,0,0,0,0,0,0,0,0,0,0,2,0,0,0,0,0,0,0,0
2514,ÄNKL,48,2,0,0,2,3,0,0,0,0,1,1,1,0,0,4,1,0,1,1,4
2514,ÄNKL,49,1,0,0,0,0,0,0,0,0,0,1,0,2,0,0,0,1,0,0,0
2514,ÄNKL,49,2,1,0,1,2,2,0,0,0,0,2,1,1,0,0,3,1,0,1,1
2514,ÄNKL,50,1,1,0,0,0,0,0,0,0,0,1,0,0,2,0,0,0,1,0,1
2514,ÄNKL,50,2,2,1,1,1,2,2,0,0,0,0,2,1,1,0,0,3,1,0,1
2514,ÄNKL,51,1,1,1,0,0,0,0,1,0,0,0,1,0,0,2,0,0,0,1,0
2514,ÄNKL,51,2,3,2,2,1,1,2,2,0,0,0,1,2,1,1,0,2,3,1,0
2514,ÄNKL,52,1,2,1,1,0,0,0,0,1,0,0,1,1,0,0,2,0,0,0,1
2514,ÄNKL,52,2,2,3,3,3,1,1,3,2,1,0,0,1,2,1,1,0,2,3,1
2514,ÄNKL,53,1,0,2,1,1,1,0,0,0,1,0,0,1,1,0,0,2,0,0,0
2514,ÄNKL,53,2,1,3,4,3,4,1,1,3,2,1,0,0,2,2,1,1,0,2,3
2514,ÄNKL,54,1,0,1,2,1,1,1,0,0,0,1,0,1,0,1,3,0,2,0,0
2514,ÄNKL,54,2,4,1,4,4,3,4,1,1,3,2,1,0,0,3,1,1,1,0,2
2514,ÄNKL,55,1,1,0,2,2,1,1,1,0,0,0,1,0,1,0,2,2,0,3,0
2514,ÄNKL,55,2,4,5,2,4,4,3,5,1,1,4,2,1,0,0,3,1,2,3,0
2514,ÄNKL,56,1,3,1,1,2,2,1,1,1,1,0,0,1,0,1,0,2,2,0,3
2514,ÄNKL,56,2,10,8,5,2,6,4,4,6,0,3,4,2,2,0,0,3,1,2,3
2514,ÄNKL,57,1,2,3,2,1,2,2,1,1,1,1,0,0,1,0,1,0,2,3,0
2514,ÄNKL,57,2,4,9,7,5,4,7,4,4,6,0,3,4,2,2,0,0,4,1,2
2514,ÄNKL,58,1,1,2,3,2,0,2,2,1,1,1,1,0,0,1,1,2,0,3,3
2514,ÄNKL,58,2,7,4,10,7,7,3,7,4,5,6,1,4,4,3,2,1,2,6,1
2514,ÄNKL,59,1,1,2,2,4,2,0,3,2,1,1,1,1,0,0,1,1,2,0,3
2514,ÄNKL,59,2,11,8,4,11,8,7,3,7,5,6,6,2,6,4,4,3,0,3,6
2514,ÄNKL,60,1,3,1,2,3,4,1,0,3,2,1,1,1,1,0,0,1,1,2,0
2514,ÄNKL,60,2,8,11,10,4,11,7,8,3,8,5,5,7,1,6,4,4,4,0,4
2514,ÄNKL,61,1,1,3,3,3,3,3,1,2,4,2,1,1,1,1,0,0,1,0,2
2514,ÄNKL,61,2,8,8,13,11,3,11,6,8,4,8,5,6,6,0,6,5,6,4,0
2514,ÄNKL,62,1,6,2,3,3,3,3,3,1,3,5,4,1,2,1,1,0,0,1,0
2514,ÄNKL,62,2,7,10,8,13,9,4,12,5,9,5,9,7,6,7,1,6,4,6,4
2514,ÄNKL,63,1,8,7,2,4,5,3,4,4,2,4,4,4,1,3,1,1,1,1,1
2514,ÄNKL,63,2,12,8,9,9,13,12,4,13,6,11,6,10,10,6,9,1,6,4,6
2514,ÄNKL,64,1,4,7,8,2,4,5,3,5,4,2,4,6,4,0,3,1,1,1,2
2514,ÄNKL,64,2,17,14,9,8,10,16,13,4,13,7,12,7,10,11,6,11,1,7,4
2514,ÄNKL,65,1,3,4,8,8,2,4,6,3,6,4,2,5,7,7,0,3,1,2,1
2514,ÄNKL,65,2,14,16,16,9,9,12,16,12,7,15,8,13,8,11,12,6,10,1,8
2514,ÄNKL,66,1,4,2,4,9,8,2,4,6,4,6,4,2,6,7,6,2,3,1,2
2514,ÄNKL,66,2,20,15,16,17,7,12,17,17,12,7,15,8,14,9,11,14,7,10,1
2514,ÄNKL,67,1,5,5,2,5,10,8,3,3,6,4,6,4,2,6,4,6,3,3,1
2514,ÄNKL,67,2,12,19,16,17,19,8,14,17,18,14,8,15,11,14,10,12,15,7,12
2514,ÄNKL,68,1,3,4,4,2,5,10,8,6,3,6,4,6,5,2,5,4,6,4,3
2514,ÄNKL,68,2,18,12,19,18,16,19,9,14,18,18,17,9,14,13,14,9,13,15,7
2514,ÄNKL,69,1,9,3,3,3,3,7,11,9,7,3,7,5,6,7,3,4,4,6,4
2514,ÄNKL,69,2,20,23,14,21,21,15,20,9,16,18,20,16,11,14,14,14,8,14,16
2514,ÄNKL,70,1,9,9,4,3,4,4,7,11,9,7,3,7,8,6,7,3,4,5,6
2514,ÄNKL,70,2,17,23,23,15,22,23,16,20,11,18,18,18,19,12,14,14,18,7,14
2514,ÄNKL,71,1,11,10,9,4,4,4,5,7,10,10,7,4,7,7,6,8,4,4,7
2514,ÄNKL,71,2,19,17,24,24,14,24,23,16,19,15,17,18,17,23,13,16,14,20,7
2514,ÄNKL,72,1,3,11,10,10,7,7,4,5,8,10,10,7,4,7,7,7,8,4,4
2514,ÄNKL,72,2,31,20,19,27,23,15,24,24,20,18,15,21,18,19,23,14,15,13,20
2514,ÄNKL,73,1,7,3,11,10,9,7,8,5,5,8,10,10,8,5,9,7,7,8,3
2514,ÄNKL,73,2,30,32,24,22,29,26,16,23,26,18,17,15,25,20,20,24,16,19,14
2514,ÄNKL,74,1,5,7,3,12,8,9,7,9,5,5,7,11,11,10,7,9,9,7,9
2514,ÄNKL,74,2,34,32,32,27,24,29,26,21,24,25,21,20,18,25,23,24,26,17,19
2514,ÄNKL,75,1,6,5,7,2,12,8,11,7,9,7,6,5,11,11,11,9,9,11,8
2514,ÄNKL,75,2,31,34,36,34,26,27,30,29,22,26,24,25,22,20,26,28,25,26,19
2514,ÄNKL,76,1,10,6,8,8,2,12,9,12,7,9,7,8,4,11,11,13,8,11,10
2514,ÄNKL,76,2,39,36,41,37,35,26,33,30,29,24,32,26,30,22,23,27,26,25,27
2514,ÄNKL,77,1,5,10,5,8,9,4,13,10,11,8,7,7,8,5,12,12,10,8,12
2514,ÄNKL,77,2,33,39,39,43,38,38,24,37,28,32,25,34,26,29,24,24,28,28,29
2514,ÄNKL,78,1,9,6,9,8,6,8,5,13,10,10,9,7,9,11,5,13,13,8,12
2514,ÄNKL,78,2,37,35,41,37,46,37,43,27,36,29,30,23,38,31,31,27,26,31,29
2514,ÄNKL,79,1,8,10,6,9,4,7,8,5,13,11,10,10,9,12,13,4,14,14,7
2514,ÄNKL,79,2,48,38,40,41,36,42,37,43,27,36,29,34,28,43,33,30,28,27,33
2580,OG,80,1,9,18,10,16,10,6,25,15,13,21,17,11,11,23,33,27,33,35,29
2580,OG,80,2,16,13,13,8,9,14,9,11,14,16,16,10,16,18,19,16,17,29,24
2580,OG,81,1,11,8,13,9,14,9,6,23,12,12,18,16,11,9,22,31,25,32,31
2580,OG,81,2,8,14,12,12,8,9,14,8,11,14,16,16,10,15,18,15,14,16,28
2580,OG,82,1,10,11,7,12,8,13,9,6,21,10,10,17,15,9,9,20,26,20,28
2580,OG,82,2,7,8,14,11,9,7,9,13,6,11,13,14,17,10,15,17,14,12,16
2580,OG,83,1,6,10,11,7,13,7,10,8,6,19,9,9,15,14,9,9,17,26,15
2580,OG,83,2,7,7,8,13,9,7,5,8,13,6,10,12,12,17,10,15,16,15,11
2580,OG,84,1,4,5,9,8,7,11,6,7,7,6,15,6,8,11,13,9,7,15,24
2580,OG,84,2,7,6,7,6,11,8,7,5,8,10,6,10,12,10,17,9,15,15,12
2580,OG,85,1,8,4,4,9,8,6,9,6,7,7,5,13,6,7,9,13,8,5,12
2580,OG,85,2,6,7,5,7,6,10,6,7,5,7,8,5,9,10,9,15,8,16,15
2580,OG,86,1,4,7,3,4,7,6,6,7,6,2,7,5,11,4,7,8,12,7,3
2580,OG,86,2,8,6,6,4,5,4,9,5,7,5,7,8,3,9,9,9,14,8,16
2580,OG,87,1,7,4,7,1,2,6,6,5,7,5,2,6,5,11,3,7,6,9,6
2580,OG,87,2,6,7,5,5,3,4,4,8,3,6,4,7,8,3,7,7,9,13,7
2580,OG,88,1,2,6,2,5,0,2,6,5,5,6,5,3,6,5,11,3,6,6,7
2580,OG,88,2,3,5,6,4,5,3,4,3,6,3,5,4,7,5,3,4,6,9,10
2580,OG,89,1,1,1,4,2,5,0,2,3,5,4,6,5,3,6,4,10,3,5,6
2580,OG,89,2,4,3,4,5,4,6,2,4,2,3,2,6,4,6,4,3,4,5,8
2580,OG,90,1,1,1,0,4,2,4,0,1,2,5,4,6,3,2,4,4,9,3,4
2580,OG,90,2,2,3,3,3,4,3,6,2,4,2,2,2,6,5,6,3,3,4,4
2580,OG,91,1,1,1,1,0,4,1,4,0,1,1,5,3,5,3,1,4,3,4,2
2580,OG,91,2,4,2,3,3,3,2,2,4,2,4,2,1,2,6,5,5,3,2,4
2580,OG,92,1,2,1,1,1,0,4,1,3,0,0,0,6,3,4,2,1,4,1,2
2580,OG,92,2,2,3,2,2,2,3,2,1,4,2,4,2,1,2,2,4,3,3,1
2580,OG,93,1,1,2,0,1,1,0,4,0,3,0,0,0,4,3,4,2,1,4,0
2580,OG,93,2,4,2,2,2,1,1,3,0,1,3,2,4,1,1,1,2,3,2,2
2580,OG,94,1,1,1,2,0,1,0,0,4,0,2,0,0,0,3,1,2,2,0,4
2580,OG,94,2,0,4,2,1,1,0,1,3,0,1,3,2,1,1,1,0,2,3,1
2580,OG,95,1,0,0,1,1,0,0,0,0,4,0,1,0,0,0,3,0,2,0,0
2580,OG,95,2,2,0,4,1,0,1,0,1,3,0,1,3,2,1,0,0,0,1,3
2580,OG,96,1,1,0,0,1,0,0,0,0,0,4,0,1,0,0,0,2,0,0,0
2580,OG,96,2,3,0,0,4,1,0,0,0,0,0,0,1,2,0,0,0,0,0,1
2580,OG,97,1,0,1,0,0,1,0,0,0,0,0,4,0,0,0,0,0,2,0,0
2580,OG,97,2,1,3,0,0,2,1,0,0,0,0,0,0,0,1,0,0,0,0,0
2580,OG,98,1,0,0,0,0,0,1,0,0,0,0,0,1,0,0,0,0,0,1,0
2580,OG,98,2,1,0,3,0,0,1,0,0,0,0,0,0,0,0,1,0,0,0,0
2580,OG,99,1,0,0,0,0,0,0,1,0,0,0,0,0,0,0,0,0,0,0,1
2580,OG,99,2,1,0,0,2,0,0,1,0,0,0,0,0,0,0,0,0,0,0,0
2580,OG,100+,1,0,0,0,0,0,0,0,1,1,1,1,0,0,0,0,0,0,0,0
2580,OG,100+,2,1,2,1,0,2,2,0,1,0,0,0,0,0,0,0,0,0,0,0
2580,G,80,1,119,106,108,120,118,128,118,107,147,138,160,140,151,152,162,158,183,195,178
2580,G,80,2,77,76,74,86,106,96,89,87,89,112,104,123,101,134,103,145,138,151,148
2580,G,81,1,109,111,102,105,113,114,119,109,101,135,126,142,127,138,138,152,148,173,186
2580,G,81,2,76,66,68,62,81,88,77,79,82,76,97,96,112,93,122,92,133,127,139
2580,G,82,1,98,95,102,90,97,97,106,108,100,94,121,121,131,116,129,132,145,142,162
2580,G,82,2,63,64,60,62,57,73,81,73,68,71,66,81,88,97,75,109,84,119,114
2580,G,83,1,94,81,82,92,85,88,86,95,99,91,86,107,107,119,99,116,122,130,133
2580,G,83,2,38,57,54,49,57,48,64,65,65,58,62,58,71,77,81,66,96,68,109
2580,G,84,1,67,84,69,72,76,77,82,80,88,83,85,79,97,97,105,88,106,108,122
2580,G,84,2,39,31,42,45,43,50,45,54,59,58,54,52,49,62,66,70,59,89,60
2580,G,85,1,59,52,72,59,68,63,68,76,66,71,72,75,70,89,85,95,82,100,94
2580,G,85,2,29,32,29,35,41,38,48,37,41,44,47,45,41,44,52,58,62,53,72
2580,G,86,1,45,49,51,65,47,62,52,59,63,50,60,59,63,68,70,78,79,74,90
2580,G,86,2,18,23,26,23,26,33,34,42,29,31,33,40,37,36,40,43,52,56,45
2580,G,87,1,33,37,42,41,55,42,51,45,51,56,39,48,53,52,58,61,69,70,61
2580,G,87,2,6,11,21,22,20,19,25,27,32,21,26,24,36,27,30,34,33,46,44
2580,G,88,1,17,24,29,35,32,43,38,44,34,43,49,29,40,42,44,47,52,63,59
2580,G,88,2,12,6,10,14,19,15,16,20,21,26,15,22,19,26,21,23,27,24,34
2580,G,89,1,20,15,18,23,33,29,37,33,32,28,32,38,25,33,36,35,39,43,51
2580,G,89,2,7,8,5,7,10,12,10,14,15,16,20,9,15,12,22,15,14,24,17
2580,G,90,1,8,17,9,16,19,22,21,29,25,26,22,27,32,22,30,30,27,31,30
2580,G,90,2,3,4,4,4,5,9,8,5,10,11,13,15,6,11,11,14,7,11,19
2580,G,91,1,6,5,12,7,15,11,20,16,22,19,23,16,19,24,19,22,23,17,27
2580,G,91,2,3,1,2,4,2,2,5,6,5,7,8,8,10,6,8,8,9,4,5
2580,G,92,1,7,4,5,6,6,10,9,12,13,19,14,18,11,14,19,14,16,17,13
2580,G,92,2,4,1,0,2,3,1,2,4,2,3,4,9,6,6,4,5,5,7,4
2580,G,93,1,5,6,2,3,3,4,5,6,7,8,14,11,12,9,7,14,9,10,12
2580,G,93,2,0,4,1,0,2,2,0,2,2,2,2,2,5,5,3,3,4,4,7
2580,G,94,1,1,4,4,2,1,3,2,2,5,3,8,11,6,5,6,4,11,5,7
2580,G,94,2,1,0,3,1,0,1,1,0,0,1,2,1,2,3,2,2,2,0,4
2580,G,95,1,0,0,2,3,1,0,2,1,0,5,1,5,10,4,4,2,2,6,5
2580,G,95,2,0,1,0,1,1,0,0,0,0,0,1,1,1,1,2,2,0,0,0
2580,G,96,1,0,0,0,2,1,0,0,1,0,0,3,1,2,8,4,2,1,2,3
2580,G,96,2,1,0,0,0,1,0,0,0,0,0,0,1,1,1,1,0,0,0,0
2580,G,97,1,1,0,0,0,2,1,0,0,1,0,0,3,1,2,4,2,1,0,2
2580,G,97,2,0,1,0,0,0,1,0,0,0,0,0,0,0,1,0,1,0,0,0
2580,G,98,1,1,1,0,0,0,1,1,0,0,1,0,0,2,0,2,2,1,0,0
2580,G,98,2,0,0,1,0,0,0,1,0,0,0,0,0,0,0,1,0,1,0,0
2580,G,99,1,0,0,1,0,0,0,1,1,0,0,1,0,0,1,0,2,2,1,0
2580,G,99,2,0,0,0,0,0,0,0,1,0,0,0,0,0,0,0,1,0,0,0
2580,G,100+,1,0,0,0,0,0,0,0,1,1,1,0,0,0,0,1,1,1,1,1
2580,G,100+,2,0,0,0,0,0,0,0,0,1,0,0,0,0,0,0,0,1,0,0
2580,SK,80,1,22,14,16,23,26,20,13,16,34,25,32,26,34,35,51,42,37,48,46
2580,SK,80,2,27,28,23,36,37,28,41,39,37,36,41,44,45,64,61,57,57,71,63
2580,SK,81,1,14,22,14,14,23,24,17,12,17,31,22,29,22,29,35,50,42,35,46
2580,SK,81,2,24,27,21,23,32,36,29,39,37,35,33,40,41,41,61,56,55,56,70
2580,SK,82,1,15,13,22,15,14,22,20,17,12,17,29,19,27,22,25,31,46,36,29
2580,SK,82,2,17,24,26,17,23,27,32,28,34,37,33,33,38,38,39,57,53,52,54
2580,SK,83,1,12,12,12,20,13,10,17,19,16,12,16,26,18,25,20,24,30,43,34
2580,SK,83,2,18,17,24,24,14,24,25,28,25,34,35,31,32,36,34,35,52,50,50
2580,SK,84,1,7,12,11,10,15,12,9,16,18,16,11,13,24,16,23,16,21,22,40
2580,SK,84,2,20,14,15,21,21,14,21,22,26,21,30,32,30,31,32,34,35,43,48
2580,SK,85,1,7,5,11,9,7,13,10,8,11,18,15,9,13,22,10,21,15,21,21
2580,SK,85,2,13,17,12,15,18,20,14,19,21,24,20,29,27,32,30,30,33,32,39
2580,SK,86,1,6,7,5,11,7,5,11,10,6,10,18,13,9,11,19,8,20,14,17
2580,SK,86,2,10,12,17,11,12,15,16,12,16,16,19,18,27,23,30,30,27,33,28
2580,SK,87,1,5,5,6,4,9,5,5,10,8,6,8,16,9,8,11,16,8,20,11
2580,SK,87,2,7,10,12,14,10,10,14,13,8,15,15,17,18,27,18,25,28,23,30
2580,SK,88,1,4,4,3,6,3,7,4,3,8,6,6,7,16,5,8,11,16,5,16
2580,SK,88,2,8,7,8,10,12,8,8,12,11,6,16,12,16,14,27,17,21,23,20
2580,SK,89,1,3,4,3,2,4,3,6,4,2,6,4,5,6,12,4,7,10,14,3
2580,SK,89,2,1,8,7,7,8,11,6,7,10,11,4,16,10,15,12,25,17,16,18
2580,SK,90,1,1,2,4,2,2,3,1,5,2,2,3,4,4,4,10,5,4,6,12
2580,SK,90,2,8,1,6,5,7,8,11,6,6,10,9,1,13,10,15,12,21,15,16
2580,SK,91,1,0,0,2,4,2,0,3,1,4,2,1,1,3,4,3,10,2,4,5
2580,SK,91,2,3,7,1,4,4,5,5,10,6,6,7,7,1,10,4,13,10,18,12
2580,SK,92,1,1,0,0,1,2,2,0,2,1,2,2,0,1,2,4,2,6,2,3
2580,SK,92,2,2,3,6,1,2,4,4,4,10,5,5,6,7,2,10,4,11,8,14
2580,SK,93,1,1,1,0,0,1,2,1,0,1,1,2,2,0,1,0,4,1,3,1
2580,SK,93,2,1,1,2,4,0,1,3,2,4,9,4,3,4,5,2,5,4,8,6
2580,SK,94,1,0,1,1,0,0,1,1,1,0,1,0,1,1,0,1,0,4,1,3
2580,SK,94,2,0,1,0,1,3,0,0,3,2,4,9,3,3,2,5,2,5,4,6
2580,SK,95,1,0,0,1,0,0,0,1,1,1,0,1,0,0,1,0,1,0,3,1
2580,SK,95,2,1,0,1,0,1,3,0,0,3,2,4,5,2,3,1,4,2,3,3
2580,SK,96,1,0,0,0,1,0,0,0,1,1,0,0,0,0,0,1,0,1,0,3
2580,SK,96,2,0,1,0,1,0,1,3,0,0,3,2,3,4,2,2,0,4,2,2
2580,SK,97,1,0,0,0,0,1,0,0,0,1,0,0,0,0,0,0,0,0,0,0
2580,SK,97,2,0,0,0,0,1,0,0,3,0,1,3,1,2,2,2,0,0,2,0
2580,SK,98,1,0,0,0,0,0,1,0,0,0,1,0,0,0,0,0,0,0,0,0
2580,SK,98,2,0,0,0,0,0,1,0,0,1,0,0,2,1,2,1,1,0,0,1
2580,SK,99,1,0,0,0,0,0,0,0,0,0,0,1,0,0,0,0,0,0,0,0
2580,SK,99,2,0,0,0,0,0,0,0,0,0,0,0,0,1,0,0,0,1,0,0
2580,SK,100+,1,0,0,0,0,0,0,0,0,0,0,0,1,1,0,0,0,0,0,0
2580,SK,100+,2,0,0,0,0,0,0,0,0,0,0,0,0,0,1,1,1,0,0,0
2580,ÄNKL,80,1,26,31,29,29,33,28,26,25,24,28,30,29,32,28,34,36,34,32,31
2580,ÄNKL,80,2,119,110,133,126,139,104,114,105,107,98,100,111,100,114,100,111,93,83,109
2580,ÄNKL,81,1,21,27,30,29,29,34,29,27,25,26,30,34,27,34,31,34,36,36,31
2580,ÄNKL,81,2,105,126,108,129,125,152,108,114,108,114,106,102,117,103,115,105,112,92,87
2580,ÄNKL,82,1,24,24,24,31,31,33,29,34,26,24,26,31,36,27,33,31,33,35,39
2580,ÄNKL,82,2,110,103,125,107,128,121,154,109,114,114,118,109,102,116,111,123,104,119,92
2580,ÄNKL,83,1,34,27,27,25,29,34,37,30,36,23,23,28,30,39,30,30,35,31,38
2580,ÄNKL,83,2,110,109,107,123,105,128,118,157,103,118,115,116,115,104,118,114,121,109,120
2580,ÄNKL,84,1,19,34,29,26,25,28,31,32,32,35,25,23,27,31,40,31,28,42,29
2580,ÄNKL,84,2,118,108,112,110,118,103,120,116,144,102,114,111,113,113,106,117,108,121,106
2580,ÄNKL,85,1,28,22,32,32,22,28,29,27,37,31,38,30,24,27,29,39,32,28,43
2580,ÄNKL,85,2,85,112,102,112,107,112,96,115,113,143,100,110,113,110,108,109,113,101,124
2580,ÄNKL,86,1,25,31,18,34,31,18,25,25,31,34,29,34,31,22,31,27,38,31,28
2580,ÄNKL,86,2,101,82,99,95,113,98,106,92,111,109,134,101,104,106,102,105,107,113,95
2580,ÄNKL,87,1,18,21,29,19,33,29,18,26,24,30,33,26,29,34,26,29,26,39,36
2580,ÄNKL,87,2,79,99,74,96,88,106,95,101,90,105,98,127,96,104,93,92,98,101,108
2580,ÄNKL,88,1,11,17,19,28,19,31,20,16,25,21,26,31,24,30,30,23,30,27,41
2580,ÄNKL,88,2,62,69,91,74,85,81,95,94,93,85,103,90,113,92,93,89,88,95,99
2580,ÄNKL,89,1,19,8,12,18,25,18,29,15,15,24,23,23,25,23,28,29,16,27,29
2580,ÄNKL,89,2,69,60,65,75,68,78,76,91,86,84,78,91,88,97,79,91,80,79,91
2580,ÄNKL,90,1,13,16,9,11,14,23,13,29,12,13,20,21,21,20,21,25,26,14,25
2580,ÄNKL,90,2,50,61,56,57,66,59,64,59,84,76,70,72,84,82,79,71,92,76,75
2580,ÄNKL,91,1,12,10,14,5,9,13,17,13,25,10,12,16,17,18,19,17,26,20,13
2580,ÄNKL,91,2,38,42,51,53,47,56,48,57,51,71,61,58,66,81,79,66,60,78,67
2580,ÄNKL,92,1,8,7,8,10,3,9,9,15,10,17,10,8,14,14,20,16,15,21,17
2580,ÄNKL,92,2,42,30,32,46,42,38,45,40,49,46,59,53,48,54,64,68,54,46,65
2580,ÄNKL,93,1,5,5,3,5,10,4,6,8,13,7,12,8,8,10,12,19,11,15,17
2580,ÄNKL,93,2,34,32,26,23,36,38,29,37,30,38,38,56,46,42,43,55,58,48,39
2580,ÄNKL,94,1,6,4,5,3,5,10,3,4,7,9,7,11,7,11,10,12,15,8,14
2580,ÄNKL,94,2,24,26,26,20,20,30,24,21,28,22,28,29,45,38,29,33,46,50,37
2580,ÄNKL,95,1,3,4,5,4,3,4,8,3,3,4,6,6,5,5,9,9,11,14,6
2580,ÄNKL,95,2,16,18,21,21,16,11,19,20,17,19,20,21,25,32,30,19,20,32,33
2580,ÄNKL,96,1,2,3,2,2,3,3,3,7,1,2,4,2,5,5,4,6,5,6,8
2580,ÄNKL,96,2,14,12,14,16,16,11,9,17,16,14,16,14,14,19,23,21,15,17,19
2580,ÄNKL,97,1,5,1,1,1,1,4,2,2,4,1,2,4,2,3,5,3,5,3,5
2580,ÄNKL,97,2,7,9,5,10,11,12,8,6,13,10,9,13,9,9,15,21,16,12,10
2580,ÄNKL,98,1,3,4,1,1,0,0,1,1,1,3,1,2,1,1,1,2,1,3,2
2580,ÄNKL,98,2,6,3,6,3,9,8,5,7,3,12,8,7,9,7,6,11,14,12,7
2580,ÄNKL,99,1,0,2,2,0,0,0,0,1,1,1,2,1,2,1,0,1,1,1,1
2580,ÄNKL,99,2,6,5,3,7,2,5,3,5,5,2,6,6,4,9,3,6,5,10,7
2580,ÄNKL,100+,1,0,0,2,2,1,0,0,0,1,2,2,4,5,5,2,1,1,2,1
2580,ÄNKL,100+,2,4,10,6,5,8,3,2,4,5,6,4,6,8,4,7,6,7,9,11
2582,OG,80,1,7,6,4,6,7,10,9,2,5,9,8,7,8,12,14,10,9,14,25
2582,OG,80,2,8,3,4,8,5,4,10,4,6,8,5,11,12,11,10,8,7,11,16
2582,OG,81,1,9,7,6,3,5,8,9,10,2,5,9,8,7,7,11,12,10,8,13
2582,OG,81,2,6,7,3,4,7,5,4,10,4,6,7,4,10,12,9,10,8,7,8
2582,OG,82,1,5,8,6,6,2,5,6,9,9,2,4,9,7,7,6,11,10,10,8
2582,OG,82,2,9,5,6,3,4,7,4,4,8,3,5,7,4,8,12,9,7,7,7
2582,OG,83,1,3,2,8,5,6,2,5,5,6,8,2,4,8,5,7,6,11,8,10
2582,OG,83,2,2,8,4,6,2,4,7,4,4,8,3,5,5,2,8,12,7,7,7
2582,OG,84,1,5,2,2,8,5,6,1,5,4,6,6,2,4,7,5,7,5,9,8
2582,OG,84,2,7,2,7,4,6,2,4,6,4,4,8,3,5,5,2,7,11,7,7
2582,OG,85,1,1,5,0,2,6,4,5,1,4,4,6,5,2,4,6,4,7,4,8
2582,OG,85,2,1,6,2,6,4,6,2,4,6,4,4,6,3,5,5,2,7,10,6
2582,OG,86,1,1,1,5,0,2,5,3,3,1,4,3,6,4,1,4,6,4,5,4
2582,OG,86,2,9,1,6,2,5,2,6,2,4,6,4,4,6,4,5,5,2,7,10
2582,OG,87,1,1,1,1,5,0,2,4,2,3,0,4,3,6,4,1,2,6,3,5
2582,OG,87,2,4,5,1,6,2,5,2,5,1,4,6,4,4,6,3,5,5,2,7
2582,OG,88,1,0,1,1,0,5,0,1,4,2,3,0,3,3,5,2,1,2,4,3
2582,OG,88,2,2,3,4,0,6,2,5,2,4,1,4,5,3,3,6,3,5,3,2
2582,OG,89,1,1,0,0,0,0,5,0,1,4,1,3,0,3,2,4,2,1,2,3
2582,OG,89,2,4,2,1,3,0,6,1,4,2,3,1,4,5,2,3,5,3,5,3
2582,OG,90,1,0,1,0,0,0,0,4,0,1,3,1,2,0,3,1,3,2,0,2
2582,OG,90,2,2,2,1,0,3,0,6,1,4,1,1,1,4,4,1,3,4,2,4
2582,OG,91,1,0,0,1,0,0,0,0,3,0,1,3,1,2,0,2,0,2,2,0
2582,OG,91,2,4,1,1,1,0,3,0,6,1,4,1,1,1,4,2,0,2,4,2
2582,OG,92,1,1,0,0,1,0,0,0,0,2,0,1,1,1,2,0,2,0,1,1
2582,OG,92,2,1,4,0,0,1,0,3,0,5,1,4,1,0,1,3,1,0,2,4
2582,OG,93,1,0,0,0,0,1,0,0,0,0,2,0,1,0,0,1,0,2,0,1
2582,OG,93,2,0,1,3,0,0,0,0,1,0,5,1,3,2,0,1,2,1,0,2
2582,OG,94,1,1,0,0,0,0,1,0,0,0,0,0,0,1,0,0,1,0,2,0
2582,OG,94,2,1,0,1,2,0,0,0,0,1,0,3,1,1,2,0,1,2,1,0
2582,OG,95,1,0,0,0,0,0,0,1,0,0,0,0,0,0,0,0,0,1,0,1
2582,OG,95,2,0,1,0,0,1,0,0,0,0,1,0,3,0,1,2,0,0,2,1
2582,OG,96,1,0,0,0,0,0,0,0,1,0,0,0,0,0,0,0,0,0,0,0
2582,OG,96,2,0,0,0,0,0,0,0,0,0,0,1,0,2,0,1,2,0,0,1
2582,OG,97,1,0,0,0,0,0,0,0,0,1,0,0,0,0,0,0,0,0,0,0
2582,OG,97,2,0,0,0,0,0,0,0,0,0,0,0,1,0,2,0,0,2,0,0
2582,OG,98,1,0,0,0,0,0,0,0,0,0,1,0,0,0,0,0,0,0,0,0
2582,OG,98,2,0,0,0,0,0,0,0,0,0,0,0,0,1,0,2,0,0,2,0
2582,OG,99,1,0,0,0,0,0,0,0,0,0,0,0,0,0,0,0,0,0,0,0
2582,OG,99,2,0,0,0,0,0,0,0,0,0,0,0,0,0,0,0,1,0,0,1
2582,OG,100+,1,0,0,0,0,0,0,0,0,0,0,0,0,0,0,0,0,0,0,0
2582,OG,100+,2,0,0,0,0,0,0,0,0,0,0,0,0,0,0,0,0,1,0,0
2582,G,80,1,43,45,48,58,57,48,45,52,47,46,63,55,57,60,53,59,83,76,93
2582,G,80,2,33,33,43,39,33,30,34,26,39,54,36,51,38,51,42,39,50,58,60
2582,G,81,1,47,40,41,43,52,52,41,45,49,45,43,60,49,54,53,51,55,81,66
2582,G,81,2,35,26,28,33,36,28,26,28,23,37,50,29,48,34,48,33,34,44,48
2582,G,82,1,42,40,34,35,40,48,49,36,41,45,46,41,57,42,50,46,51,49,73
2582,G,82,2,26,31,21,27,28,29,26,22,26,19,35,44,27,46,28,45,28,31,42
2582,G,83,1,41,41,30,30,30,35,40,45,33,40,42,41,36,54,37,46,40,42,44
2582,G,83,2,29,24,26,18,22,21,23,23,20,23,19,28,39,27,37,25,39,23,25
2582,G,84,1,27,37,39,28,27,25,31,35,40,26,39,38,35,35,42,34,39,37,40
2582,G,84,2,18,24,23,23,17,17,18,22,18,15,21,18,25,34,20,30,20,33,21
2582,G,85,1,28,25,32,34,22,24,21,25,28,34,22,36,34,30,31,37,29,36,28
2582,G,85,2,17,13,21,17,20,14,13,14,15,16,14,19,15,20,26,19,23,18,29
2582,G,86,1,24,23,20,27,30,19,21,20,19,24,33,16,33,31,25,28,33,25,30
2582,G,86,2,14,12,9,17,12,14,12,11,11,11,11,10,13,13,16,22,16,18,15
2582,G,87,1,19,23,16,16,25,20,16,16,17,16,21,28,14,28,25,19,25,27,24
2582,G,87,2,1,10,11,8,15,8,11,6,8,10,10,7,9,8,12,14,20,13,17
2582,G,88,1,20,15,18,11,14,20,18,14,8,14,12,17,20,12,21,23,14,20,24
2582,G,88,2,2,1,4,7,7,13,6,9,5,5,8,8,5,7,6,8,11,17,12
2582,G,89,1,8,13,14,13,10,10,12,12,13,8,13,9,14,16,10,17,18,10,18
2582,G,89,2,4,1,1,4,6,5,8,4,7,4,3,4,5,4,5,4,4,7,14
2582,G,90,1,6,6,12,12,11,7,8,7,8,9,8,11,7,10,11,8,12,14,6
2582,G,90,2,3,2,0,1,3,6,1,5,3,5,3,0,3,4,3,2,3,4,5
2582,G,91,1,3,4,4,10,10,10,5,5,6,7,5,7,10,7,8,7,6,9,10
2582,G,91,2,1,3,1,0,1,1,5,0,3,2,2,1,0,4,3,3,0,3,3
2582,G,92,1,3,2,3,1,7,8,6,2,6,4,4,2,5,6,4,7,3,5,7
2582,G,92,2,0,1,2,1,0,1,1,2,0,2,1,2,0,0,3,3,2,0,2
2582,G,93,1,1,2,1,2,1,4,5,4,2,4,3,3,1,2,6,2,6,3,4
2582,G,93,2,0,0,1,1,1,0,1,1,0,0,2,1,1,0,0,2,1,2,0
2582,G,94,1,1,1,1,1,0,0,3,3,2,2,1,1,2,1,2,4,1,3,3
2582,G,94,2,1,0,0,1,1,0,0,0,0,0,0,1,1,1,0,0,2,1,1
2582,G,95,1,1,0,1,1,1,0,0,2,2,2,2,1,0,2,1,1,1,1,3
2582,G,95,2,1,1,0,0,0,1,0,0,0,0,0,0,1,1,0,0,0,1,1
2582,G,96,1,1,1,0,1,1,1,0,0,0,1,1,1,1,0,1,0,1,1,0
2582,G,96,2,0,0,1,0,0,0,0,0,0,0,0,0,0,0,0,0,0,0,1
2582,G,97,1,0,0,1,0,0,0,1,0,0,0,1,0,1,1,0,0,0,1,1
2582,G,97,2,0,0,0,1,0,0,0,0,0,0,0,0,0,0,0,0,0,0,0
2582,G,98,1,0,0,0,0,0,0,0,0,0,0,0,0,0,1,1,0,0,0,0
2582,G,98,2,0,0,0,0,0,0,0,0,0,0,0,0,0,0,0,0,0,0,0
2582,G,99,1,1,0,0,0,0,0,0,0,0,0,0,0,0,0,0,1,0,0,0
2582,G,99,2,0,0,0,0,0,0,0,0,0,0,0,0,0,0,0,0,0,0,0
2582,G,100+,1,1,1,0,0,0,0,0,0,0,0,0,0,0,0,0,0,0,0,0
2582,G,100+,2,0,0,0,0,0,0,0,0,0,0,0,0,0,0,0,0,0,0,0
2582,SK,80,1,8,7,10,8,10,9,9,11,15,19,9,6,9,16,19,19,26,26,28
2582,SK,80,2,14,13,18,14,22,14,15,18,16,26,14,27,15,28,28,15,29,34,28
2582,SK,81,1,7,8,6,9,7,8,9,8,7,14,19,8,6,9,15,19,17,26,24
2582,SK,81,2,6,14,12,17,14,23,11,15,18,15,26,14,25,15,27,28,15,25,33
2582,SK,82,1,6,5,6,6,9,7,8,9,7,7,14,18,9,5,9,14,16,16,23
2582,SK,82,2,9,5,13,11,17,13,21,10,13,17,14,25,13,25,14,24,27,14,24
2582,SK,83,1,8,5,4,6,5,8,7,8,9,6,8,16,15,9,6,9,13,15,13
2582,SK,83,2,6,9,6,10,12,14,12,20,9,12,12,13,25,13,24,14,23,27,12
2582,SK,84,1,6,6,5,4,5,4,7,7,8,6,6,8,16,15,8,6,7,10,15
2582,SK,84,2,11,6,8,6,10,11,10,11,20,10,11,12,13,22,12,22,12,21,27
2582,SK,85,1,3,5,6,5,3,4,3,7,7,7,5,6,8,13,14,8,6,7,8
2582,SK,85,2,10,10,3,6,4,9,9,9,11,16,9,10,12,11,21,12,19,11,21
2582,SK,86,1,2,3,3,6,4,3,4,3,6,3,6,5,4,6,11,12,8,5,8
2582,SK,86,2,7,9,9,2,5,4,9,8,7,11,15,9,10,13,8,20,12,17,9
2582,SK,87,1,2,2,3,2,6,2,3,4,3,6,3,3,4,4,5,11,11,7,4
2582,SK,87,2,2,6,7,7,2,5,4,7,7,6,9,14,9,8,10,7,18,10,14
2582,SK,88,1,1,2,2,3,2,5,1,3,4,3,5,2,3,4,4,5,9,11,6
2582,SK,88,2,2,2,6,5,6,2,5,3,5,7,6,6,11,7,8,10,7,18,9
2582,SK,89,1,1,1,1,2,3,2,3,1,2,3,3,5,1,2,3,4,5,10,10
2582,SK,89,2,4,1,2,6,3,5,2,3,2,4,7,6,5,11,5,7,9,5,17
2582,SK,90,1,0,1,1,1,2,3,1,1,0,2,3,3,2,1,2,2,3,4,8
2582,SK,90,2,2,3,1,1,5,2,3,2,3,2,4,5,5,5,10,4,6,7,5
2582,SK,91,1,0,0,1,1,1,0,3,1,1,0,2,2,3,2,0,2,2,3,3
2582,SK,91,2,1,2,3,1,1,3,1,3,1,2,2,3,4,5,5,7,4,5,5
2582,SK,92,1,0,0,0,1,0,1,0,2,2,0,0,0,1,1,1,0,2,2,1
2582,SK,92,2,2,1,2,2,0,1,3,1,2,1,2,2,1,3,5,5,5,4,4
2582,SK,93,1,0,0,0,0,1,0,1,0,2,1,0,0,0,1,1,1,0,2,2
2582,SK,93,2,1,2,0,2,2,0,1,2,1,2,1,2,3,1,3,4,4,3,3
2582,SK,94,1,0,0,0,0,0,1,0,1,0,2,0,0,0,0,1,1,1,0,2
2582,SK,94,2,0,0,2,0,2,2,0,0,1,1,1,1,2,3,0,2,4,3,3
2582,SK,95,1,0,0,0,0,0,0,1,0,1,0,2,0,0,0,0,1,1,1,0
2582,SK,95,2,0,0,0,2,0,1,1,0,0,0,1,0,1,2,1,0,0,4,3
2582,SK,96,1,0,0,0,0,0,0,0,1,0,0,0,1,0,0,0,0,1,0,1
2582,SK,96,2,2,0,0,0,2,0,1,0,0,0,0,0,0,1,2,0,0,0,3
2582,SK,97,1,0,0,0,0,0,0,0,0,1,0,0,0,1,0,0,0,0,1,0
2582,SK,97,2,1,2,0,0,0,1,0,0,0,0,0,0,0,0,1,2,0,0,0
2582,SK,98,1,0,0,0,0,0,0,0,0,0,0,0,0,0,0,0,0,0,0,1
2582,SK,98,2,1,1,2,0,0,0,1,0,0,0,0,0,0,0,0,1,1,0,0
2582,SK,99,1,0,0,0,0,0,0,0,0,0,0,0,0,0,0,0,0,0,0,0
2582,SK,99,2,0,0,1,1,0,0,0,1,0,0,0,0,0,0,0,0,1,1,0
2582,SK,100+,1,0,0,0,0,0,0,0,0,0,0,0,0,0,0,0,0,0,0,0
2582,SK,100+,2,0,0,0,1,0,0,0,0,1,1,0,0,0,0,0,0,0,1,2
2582,ÄNKL,80,1,12,14,20,7,9,14,15,13,11,10,12,16,10,8,13,9,12,20,27
2582,ÄNKL,80,2,57,50,57,60,60,44,58,48,41,47,42,48,44,35,40,43,40,40,47
2582,ÄNKL,81,1,11,13,12,20,9,9,14,14,13,11,9,11,20,11,9,13,9,13,23
2582,ÄNKL,81,2,73,60,52,65,58,60,46,57,46,41,49,45,47,43,36,46,48,42,43
2582,ÄNKL,82,1,10,13,12,13,23,10,9,13,11,13,11,6,10,15,11,10,12,15,15
2582,ÄNKL,82,2,73,75,61,47,67,62,59,47,58,47,41,46,48,45,43,33,48,47,42
2582,ÄNKL,83,1,20,8,11,11,15,23,14,7,14,11,15,9,6,10,13,10,10,11,17
2582,ÄNKL,83,2,68,70,74,60,46,71,62,61,47,57,45,42,46,45,52,45,34,50,43
2582,ÄNKL,84,1,15,15,8,11,10,16,22,14,8,15,8,15,9,6,12,14,11,11,12
2582,ÄNKL,84,2,58,65,69,72,54,45,68,58,60,45,54,43,40,48,45,53,45,32,48
2582,ÄNKL,85,1,12,12,15,7,12,8,16,18,14,9,15,9,17,8,6,13,14,10,12
2582,ÄNKL,85,2,65,54,57,66,69,51,43,63,63,58,43,54,46,41,50,43,56,43,35
2582,ÄNKL,86,1,13,10,11,17,8,12,7,13,16,13,8,17,8,16,10,7,13,16,10
2582,ÄNKL,86,2,58,64,51,55,64,63,47,39,64,56,55,43,50,44,37,45,40,53,42
2582,ÄNKL,87,1,9,12,10,8,19,7,11,10,14,12,14,9,15,8,16,8,7,14,14
2582,ÄNKL,87,2,42,56,59,47,50,59,57,47,37,56,54,55,43,49,41,37,41,38,49
2582,ÄNKL,88,1,9,8,10,13,9,18,7,10,9,10,12,15,12,13,8,13,4,8,13
2582,ÄNKL,88,2,45,39,50,52,39,46,57,54,42,35,49,52,48,41,46,37,33,38,32
2582,ÄNKL,89,1,11,10,5,10,12,11,18,8,8,8,9,11,12,12,11,8,15,3,8
2582,ÄNKL,89,2,37,40,35,37,43,34,44,52,51,36,29,46,45,40,38,43,33,30,34
2582,ÄNKL,90,1,11,10,9,3,9,11,9,14,8,7,7,8,8,11,9,9,6,11,4
2582,ÄNKL,90,2,31,31,31,33,34,32,32,42,53,45,34,27,40,41,35,31,39,28,27
2582,ÄNKL,91,1,8,10,8,8,4,8,9,8,11,7,6,5,7,7,10,9,8,7,9
2582,ÄNKL,91,2,26,29,26,28,24,32,29,29,34,41,39,31,25,34,38,33,29,35,24
2582,ÄNKL,92,1,4,6,7,6,7,4,7,9,7,7,8,7,6,7,8,9,8,7,6
2582,ÄNKL,92,2,23,21,23,19,26,20,26,26,27,26,34,29,23,19,32,33,30,24,29
2582,ÄNKL,93,1,2,4,4,6,2,6,5,5,5,5,5,7,5,6,6,7,7,6,5
2582,ÄNKL,93,2,18,17,19,14,16,20,17,18,22,22,21,29,24,19,14,26,26,24,17
2582,ÄNKL,94,1,2,2,4,1,6,2,4,4,3,3,3,4,4,2,5,5,8,5,2
2582,ÄNKL,94,2,12,10,11,16,9,12,15,14,15,20,20,18,25,19,15,11,21,19,23
2582,ÄNKL,95,1,2,3,1,4,0,5,2,3,1,3,2,1,2,2,2,3,6,6,3
2582,ÄNKL,95,2,11,6,7,8,15,7,10,10,14,14,16,18,14,22,15,11,9,16,18
2582,ÄNKL,96,1,0,1,2,0,3,0,3,0,3,0,2,2,1,2,2,2,1,4,3
2582,ÄNKL,96,2,5,8,5,6,6,14,7,9,11,7,10,11,15,9,16,11,4,7,13
2582,ÄNKL,97,1,2,0,0,1,0,3,0,3,0,1,0,1,2,1,0,3,0,1,2
2582,ÄNKL,97,2,3,2,8,4,4,5,8,5,5,4,4,7,8,11,4,11,7,3,4
2582,ÄNKL,98,1,0,2,0,0,1,0,2,0,2,0,0,1,0,2,1,0,1,0,1
2582,ÄNKL,98,2,1,1,1,6,4,3,5,6,5,5,2,2,4,4,10,4,7,4,2
2582,ÄNKL,99,1,0,0,2,0,0,1,0,0,0,1,0,0,1,0,2,1,0,1,0
2582,ÄNKL,99,2,2,1,0,0,3,4,2,3,5,5,3,0,2,4,0,6,3,5,2
2582,ÄNKL,100+,1,0,0,0,0,0,0,0,0,0,0,1,1,1,0,0,1,2,1,1
2582,ÄNKL,100+,2,2,2,0,0,0,3,5,5,5,5,6,6,5,3,6,4,8,8,3
2581,OG,80,1,10,10,13,11,9,4,7,10,5,5,13,12,5,13,11,12,20,16,15
2581,OG,80,2,10,5,7,8,15,5,13,7,6,5,9,3,10,10,2,7,5,11,18
2581,OG,81,1,12,10,9,11,11,9,3,6,9,5,5,12,11,5,12,10,10,17,15
2581,OG,81,2,10,9,4,7,8,15,5,10,7,6,5,8,3,10,10,2,7,3,10
2581,OG,82,1,3,10,11,9,10,10,9,3,6,7,5,4,12,10,5,9,9,9,16
2581,OG,82,2,8,8,8,4,7,7,12,5,10,7,6,5,7,3,10,10,2,7,3
2581,OG,83,1,1,3,8,11,7,10,10,8,3,5,6,5,5,11,9,4,9,8,7
2581,OG,83,2,6,8,8,6,3,8,6,11,5,9,6,7,5,7,3,9,10,2,8
2581,OG,84,1,3,1,3,7,8,5,9,9,7,2,5,6,5,4,11,8,2,8,6
2581,OG,84,2,3,5,7,8,6,3,7,6,10,3,8,5,7,5,7,2,8,10,1
2581,OG,85,1,3,3,0,3,7,6,5,8,7,7,2,5,4,4,4,10,7,2,8
2581,OG,85,2,6,3,4,6,7,6,3,6,6,8,3,5,5,6,4,7,2,8,9
2581,OG,86,1,2,3,3,0,2,7,5,2,8,6,4,2,4,4,4,4,10,7,1
2581,OG,86,2,4,5,2,3,5,7,6,3,6,5,7,3,4,4,5,4,5,1,8
2581,OG,87,1,1,2,2,3,0,2,6,5,2,7,4,4,0,3,4,4,3,7,5
2581,OG,87,2,3,4,5,2,2,4,6,6,3,6,5,7,3,4,3,5,3,4,1
2581,OG,88,1,1,1,2,1,1,0,2,6,3,2,7,4,3,0,2,2,3,2,5
2581,OG,88,2,2,2,3,5,2,2,3,4,5,2,4,4,5,0,4,3,5,3,3
2581,OG,89,1,1,1,1,2,0,0,0,1,5,3,1,6,2,2,0,2,2,3,1
2581,OG,89,2,2,2,2,2,3,1,2,2,4,5,2,3,2,5,0,3,1,5,3
2581,OG,90,1,1,1,0,1,2,0,0,0,0,3,3,1,4,2,2,0,2,2,2
2581,OG,90,2,2,2,2,2,2,2,1,2,2,3,3,2,2,0,5,0,2,1,4
2581,OG,91,1,1,1,0,0,1,1,0,0,0,0,3,2,1,4,1,0,0,2,1
2581,OG,91,2,1,2,1,2,2,2,2,0,2,2,3,2,2,1,0,4,0,2,0
2581,OG,92,1,0,1,1,0,0,1,1,0,0,0,0,3,2,0,4,1,0,0,1
2581,OG,92,2,1,1,1,1,1,1,2,1,0,1,2,2,2,2,1,0,3,0,2
2581,OG,93,1,0,0,1,1,0,0,1,0,0,0,0,0,3,2,0,1,0,0,0
2581,OG,93,2,1,1,1,1,1,1,0,2,0,0,1,1,2,2,1,1,0,2,0
2581,OG,94,1,0,0,0,1,1,0,0,1,0,0,0,0,0,3,1,0,0,0,0
2581,OG,94,2,1,1,1,1,0,1,1,0,2,0,0,0,1,2,2,1,1,0,0
2581,OG,95,1,0,0,0,0,1,0,0,0,1,0,0,0,0,0,3,1,0,0,0
2581,OG,95,2,0,1,0,1,1,0,1,1,0,2,0,0,0,1,2,2,0,1,0
2581,OG,96,1,0,0,0,0,0,1,0,0,0,0,0,0,0,0,0,2,1,0,0
2581,OG,96,2,0,0,1,0,1,1,0,1,1,0,2,0,0,0,1,2,1,0,0
2581,OG,97,1,0,0,0,0,0,0,0,0,0,0,0,0,0,0,0,0,1,1,0
2581,OG,97,2,0,0,0,1,0,1,1,0,0,1,0,2,0,0,0,1,1,0,0
2581,OG,98,1,0,0,0,0,0,0,0,0,0,0,0,0,0,0,0,0,0,0,1
2581,OG,98,2,0,0,0,0,0,0,0,1,0,0,1,0,1,0,0,0,0,1,0
2581,OG,99,1,0,0,0,0,0,0,0,0,0,0,0,0,0,0,0,0,0,0,0
2581,OG,99,2,0,0,0,0,0,0,0,0,1,0,0,0,0,0,0,0,0,0,0
2581,OG,100+,1,0,0,0,0,0,0,0,0,0,0,0,0,0,0,0,0,0,0,0
2581,OG,100+,2,0,0,0,0,0,0,0,0,0,0,0,0,0,0,0,0,0,0,0
2581,G,80,1,65,64,81,74,64,78,84,83,72,76,76,78,82,78,87,96,110,123,119
2581,G,80,2,35,50,50,50,50,59,59,59,72,55,71,58,66,69,57,68,87,83,102
2581,G,81,1,65,59,60,76,65,63,71,81,74,63,70,72,72,80,74,84,88,101,113
2581,G,81,2,40,26,44,43,45,44,51,47,53,63,50,61,49,57,63,49,62,81,70
2581,G,82,1,52,54,48,55,67,59,59,65,71,64,58,67,62,68,70,69,77,83,97
2581,G,82,2,34,31,20,38,35,40,43,47,40,43,51,49,53,45,51,60,44,53,77
2581,G,83,1,50,43,46,42,50,59,51,52,59,64,58,53,59,56,62,65,60,69,80
2581,G,83,2,25,28,27,17,29,25,34,33,41,33,36,46,39,45,38,45,55,36,48
2581,G,84,1,42,43,39,38,31,44,52,45,43,52,50,51,48,55,49,54,61,56,62
2581,G,84,2,21,21,24,22,12,26,23,28,27,34,28,31,38,31,40,33,42,46,28
2581,G,85,1,31,37,38,31,32,25,41,44,34,36,42,40,45,39,44,39,47,53,49
2581,G,85,2,17,18,15,18,18,10,18,19,20,22,27,22,23,29,27,28,28,35,40
2581,G,86,1,29,28,33,32,31,25,21,35,37,31,32,38,35,36,30,39,30,40,46
2581,G,86,2,7,14,12,4,13,14,7,17,15,16,17,19,19,18,19,25,24,25,31
2581,G,87,1,16,27,23,25,28,28,24,18,27,28,25,25,31,24,29,24,33,26,34
2581,G,87,2,6,6,12,8,3,10,12,4,11,13,12,13,16,13,12,15,18,20,21
2581,G,88,1,12,11,20,16,20,21,21,20,16,18,22,19,21,24,20,26,18,27,25
2581,G,88,2,6,4,5,7,5,2,10,8,3,9,10,9,12,11,10,10,11,14,17
2581,G,89,1,17,11,10,12,13,17,16,14,15,14,14,17,13,19,17,12,24,16,20
2581,G,89,2,3,4,2,5,5,3,2,8,6,3,4,5,8,8,5,9,7,8,11
2581,G,90,1,6,11,8,7,9,10,14,13,12,13,9,11,12,11,13,15,12,20,15
2581,G,90,2,5,3,2,1,4,5,3,2,7,2,2,4,3,8,6,3,6,7,5
2581,G,91,1,3,4,7,6,6,8,7,8,12,8,10,5,9,6,7,11,12,6,14
2581,G,91,2,4,3,2,0,1,3,4,3,1,5,2,2,0,1,5,4,3,3,5
2581,G,92,1,5,0,1,2,4,2,5,6,5,8,6,7,5,4,3,4,6,4,5
2581,G,92,2,0,3,2,0,0,0,3,0,3,0,4,0,2,0,1,5,3,1,2
2581,G,93,1,0,4,0,1,1,3,2,5,5,2,6,4,5,1,3,3,4,5,3
2581,G,93,2,1,0,3,1,0,0,0,2,0,2,0,3,0,1,0,1,5,2,1
2581,G,94,1,3,0,2,0,1,0,4,2,3,2,1,5,3,3,0,2,4,3,1
2581,G,94,2,0,0,0,3,1,0,0,0,1,0,2,0,2,0,1,0,1,4,1
2581,G,95,1,2,2,0,1,0,0,0,2,2,2,2,1,2,2,3,0,1,3,1
2581,G,95,2,1,0,0,0,2,0,0,0,0,1,0,2,0,1,0,0,0,1,3
2581,G,96,1,0,1,1,0,0,0,0,0,1,2,2,1,1,1,2,2,0,0,2
2581,G,96,2,0,0,0,0,0,0,0,0,0,0,1,0,1,0,1,0,0,0,1
2581,G,97,1,1,0,1,1,0,0,0,0,0,0,2,2,0,1,0,1,2,0,0
2581,G,97,2,0,0,0,0,0,0,0,0,0,0,0,1,0,1,0,0,0,0,0
2581,G,98,1,0,1,0,0,1,0,0,0,0,0,0,2,2,0,0,0,1,1,0
2581,G,98,2,0,0,0,0,0,0,0,0,0,0,0,0,0,0,0,0,0,0,0
2581,G,99,1,0,0,0,0,0,0,0,0,0,0,0,0,0,1,0,0,0,1,1
2581,G,99,2,0,0,0,0,0,0,0,0,0,0,0,0,0,0,0,0,0,0,0
2581,G,100+,1,0,0,0,0,0,0,0,0,0,0,0,0,0,0,0,0,0,0,1
2581,G,100+,2,0,0,0,0,0,0,0,0,0,0,0,0,0,0,0,0,0,0,0
2581,SK,80,1,4,8,7,7,18,15,12,13,14,17,18,11,18,24,21,28,24,34,34
2581,SK,80,2,13,12,14,12,13,16,23,21,13,26,18,26,21,20,23,30,31,35,54
2581,SK,81,1,10,4,7,7,8,15,15,12,12,13,15,14,11,18,24,19,27,24,30
2581,SK,81,2,11,13,12,14,11,12,16,20,20,13,26,18,23,19,19,22,29,28,34
2581,SK,82,1,9,8,3,7,5,7,14,11,11,10,9,15,14,10,17,22,16,25,23
2581,SK,82,2,3,10,13,12,13,11,12,16,18,20,13,26,18,20,19,16,20,27,29
2581,SK,83,1,9,7,7,3,7,5,8,13,9,12,10,7,12,13,9,16,20,16,27
2581,SK,83,2,6,3,9,13,11,12,10,12,15,15,19,14,26,15,17,18,16,18,26
2581,SK,84,1,1,8,6,7,1,4,3,6,11,10,7,7,6,10,11,7,15,19,17
2581,SK,84,2,6,5,2,9,12,7,13,9,12,15,14,18,13,22,14,15,18,14,17
2581,SK,85,1,3,1,6,5,6,2,3,2,6,8,10,6,6,4,8,11,7,15,16
2581,SK,85,2,8,5,6,2,6,11,6,11,8,12,15,14,18,12,18,13,15,18,13
2581,SK,86,1,2,2,1,6,5,6,2,2,2,5,7,9,5,4,4,6,10,7,12
2581,SK,86,2,1,6,4,6,2,6,10,5,11,8,10,15,12,15,11,17,10,12,16
2581,SK,87,1,1,1,1,1,5,4,3,2,1,2,4,6,7,5,4,4,5,8,6
2581,SK,87,2,0,1,5,5,5,2,5,8,5,11,5,10,15,11,15,11,15,8,11
2581,SK,88,1,4,1,0,1,1,3,3,2,2,1,1,2,6,6,3,4,3,3,7
2581,SK,88,2,1,0,1,5,4,3,2,3,8,5,9,4,10,14,8,15,9,12,6
2581,SK,89,1,1,4,0,0,1,1,2,3,1,2,0,1,1,4,5,2,3,2,2
2581,SK,89,2,1,1,0,1,3,4,3,2,3,6,5,9,4,8,12,6,14,8,9
2581,SK,90,1,3,1,2,0,0,1,1,2,3,1,2,0,1,1,3,4,2,3,1
2581,SK,90,2,2,1,1,0,1,2,4,2,2,3,6,4,7,4,7,9,5,12,8
2581,SK,91,1,0,2,1,1,0,0,1,1,3,3,1,1,0,1,1,2,1,0,3
2581,SK,91,2,4,2,1,1,0,1,3,3,2,2,3,6,4,7,4,5,8,4,9
2581,SK,92,1,2,0,1,0,1,0,0,1,1,1,2,2,0,0,1,1,1,1,0
2581,SK,92,2,0,3,0,1,0,0,1,3,0,2,2,3,6,3,6,4,2,7,5
2581,SK,93,1,0,1,0,1,0,1,0,0,0,0,1,2,1,0,0,1,1,1,1
2581,SK,93,2,1,0,1,0,1,0,0,1,2,0,2,2,3,5,2,5,4,2,5
2581,SK,94,1,0,0,0,0,0,0,0,0,0,0,0,1,2,0,0,0,1,1,1
2581,SK,94,2,0,1,0,0,0,0,0,0,0,1,0,2,0,3,4,1,3,4,2
2581,SK,95,1,1,0,0,0,0,0,0,0,0,0,0,0,1,1,0,0,0,1,1
2581,SK,95,2,0,0,1,0,0,0,0,0,0,0,1,0,2,0,2,3,1,3,3
2581,SK,96,1,0,0,0,0,0,0,0,0,0,0,0,0,0,1,1,0,0,0,0
2581,SK,96,2,0,0,0,1,0,0,0,0,0,0,0,1,0,1,0,2,2,1,1
2581,SK,97,1,0,0,0,0,0,0,0,0,0,0,0,0,0,0,1,1,0,0,0
2581,SK,97,2,0,0,0,0,1,0,0,0,0,0,0,0,0,0,0,0,1,1,1
2581,SK,98,1,0,0,0,0,0,0,0,0,0,0,0,0,0,0,0,0,0,0,0
2581,SK,98,2,0,0,0,0,0,1,0,0,0,0,0,0,0,0,0,0,0,1,1
2581,SK,99,1,0,0,0,0,0,0,0,0,0,0,0,0,0,0,0,0,0,0,0
2581,SK,99,2,0,0,0,0,0,0,1,0,0,0,0,0,0,0,0,0,0,0,1
2581,SK,100+,1,0,0,0,0,0,0,0,0,0,0,0,0,0,0,0,0,0,0,0
2581,SK,100+,2,0,0,0,0,0,0,0,1,1,1,0,0,0,0,0,0,0,0,0
2581,ÄNKL,80,1,11,23,17,23,23,19,15,20,28,17,21,10,20,22,13,16,24,30,29
2581,ÄNKL,80,2,85,90,85,77,76,69,71,75,82,80,72,70,67,63,62,60,59,77,68
2581,ÄNKL,81,1,18,11,20,20,22,22,19,17,22,29,18,20,12,22,21,12,17,26,31
2581,ÄNKL,81,2,88,84,89,85,80,78,70,78,77,79,81,76,73,70,64,64,62,62,80
2581,ÄNKL,82,1,28,17,10,21,23,21,23,18,17,26,29,17,19,13,26,21,12,14,27
2581,ÄNKL,82,2,93,86,83,89,83,78,74,72,80,81,85,81,73,71,69,61,65,66,65
2581,ÄNKL,83,1,15,26,18,9,20,25,20,21,19,20,22,29,19,19,9,26,21,12,15
2581,ÄNKL,83,2,83,92,85,82,89,80,73,78,72,79,81,84,85,75,65,63,61,68,63
2581,ÄNKL,84,1,20,16,27,20,13,20,28,22,18,18,23,22,28,17,18,14,24,20,16
2581,ÄNKL,84,2,77,86,93,80,79,91,75,73,72,70,74,76,81,84,76,64,62,62,67
2581,ÄNKL,85,1,19,22,15,27,17,12,15,24,23,22,19,24,20,33,22,16,16,27,21
2581,ÄNKL,85,2,89,77,85,85,83,78,88,77,75,73,67,75,78,84,82,75,63,63,64
2581,ÄNKL,86,1,15,16,18,18,26,18,11,15,21,22,18,17,25,22,30,22,19,13,26
2581,ÄNKL,86,2,80,82,73,88,77,71,74,81,69,73,71,71,69,72,78,75,73,60,61
2581,ÄNKL,87,1,11,11,14,15,12,23,16,10,12,22,20,18,16,25,20,27,20,19,13
2581,ÄNKL,87,2,54,71,77,64,78,72,65,68,79,62,72,67,65,67,70,72,72,66,53
2581,ÄNKL,88,1,13,12,8,16,14,13,21,17,10,12,23,17,14,21,20,16,25,16,16
2581,ÄNKL,88,2,46,51,62,73,58,60,56,60,60,70,58,66,64,59,61,59,65,66,63
2581,ÄNKL,89,1,4,12,10,8,14,11,11,21,12,10,10,22,15,13,21,21,14,22,17
2581,ÄNKL,89,2,44,42,42,51,67,49,50,46,52,52,64,49,58,57,54,52,52,63,56
2581,ÄNKL,90,1,9,4,10,7,7,12,10,8,14,12,12,10,17,12,12,16,17,12,18
2581,ÄNKL,90,2,41,40,34,36,40,53,41,43,39,40,45,55,41,49,48,46,45,43,59
2581,ÄNKL,91,1,5,5,6,9,6,5,11,8,7,12,12,9,10,14,10,10,13,13,12
2581,ÄNKL,91,2,31,33,30,29,26,31,38,33,40,31,31,39,49,38,39,44,42,39,41
2581,ÄNKL,92,1,7,4,3,6,4,4,6,10,6,6,11,10,9,12,12,9,12,10,11
2581,ÄNKL,92,2,18,22,29,27,21,20,23,31,28,32,26,32,31,34,33,31,39,34,32
2581,ÄNKL,93,1,5,5,4,4,6,3,2,5,8,4,6,5,9,7,9,8,8,11,10
2581,ÄNKL,93,2,24,13,17,25,21,18,16,17,24,17,27,16,21,24,26,29,26,32,27
2581,ÄNKL,94,1,4,1,1,0,4,4,3,1,5,6,3,5,4,7,4,8,6,5,7
2581,ÄNKL,94,2,13,14,8,11,18,18,17,9,12,20,11,24,14,19,20,22,22,24,24
2581,ÄNKL,95,1,5,2,1,1,0,4,2,2,1,3,4,1,5,3,4,2,6,3,2
2581,ÄNKL,95,2,7,7,11,4,8,13,13,14,8,9,14,8,21,10,12,17,17,20,19
2581,ÄNKL,96,1,0,5,0,1,1,0,2,2,1,1,0,3,1,4,3,4,1,3,3
2581,ÄNKL,96,2,5,5,2,11,3,4,7,9,10,5,6,6,8,12,6,9,12,13,14
2581,ÄNKL,97,1,0,0,5,0,1,0,0,1,1,1,1,0,2,1,4,1,2,0,1
2581,ÄNKL,97,2,5,3,5,2,12,1,1,6,5,8,4,6,6,6,7,5,5,9,11
2581,ÄNKL,98,1,1,0,0,6,0,0,0,0,1,0,0,0,0,1,1,4,1,1,0
2581,ÄNKL,98,2,2,1,2,2,1,8,1,1,1,3,5,4,5,5,6,4,3,4,4
2581,ÄNKL,99,1,0,1,0,0,6,0,0,0,0,0,0,0,0,0,1,0,2,0,1
2581,ÄNKL,99,2,0,2,0,2,3,1,8,0,1,1,2,1,1,3,5,3,2,2,3
2581,ÄNKL,100+,1,0,0,1,0,0,4,2,0,0,0,0,0,0,0,0,0,0,1,0
2581,ÄNKL,100+,2,4,3,3,2,4,3,2,7,6,2,3,3,0,0,1,4,4,3,3
2560,OG,80,1,6,3,6,3,2,0,3,2,2,4,7,2,0,4,3,4,6,4,5
2560,OG,80,2,3,0,5,3,3,2,3,1,0,2,2,2,3,2,5,0,3,2,6
2560,OG,81,1,4,6,2,3,3,2,0,3,2,2,3,5,2,0,4,3,3,5,4
2560,OG,81,2,3,3,0,5,3,3,2,3,1,0,2,2,1,3,2,3,0,3,1
2560,OG,82,1,1,4,6,2,2,2,2,0,2,2,2,3,5,1,0,4,3,3,4
2560,OG,82,2,2,3,3,0,5,3,3,2,3,1,0,2,2,1,3,2,2,0,3
2560,OG,83,1,2,1,3,5,2,2,1,2,0,2,2,2,3,5,1,0,4,3,2
2560,OG,83,2,2,2,2,3,0,5,3,3,1,3,1,0,2,2,1,3,2,2,0
2560,OG,84,1,1,1,1,3,5,2,1,1,2,0,2,2,2,3,5,1,0,4,3
2560,OG,84,2,3,2,2,2,3,0,4,3,3,1,3,1,0,2,2,1,3,2,2
2560,OG,85,1,2,1,1,1,2,4,2,1,1,2,0,1,2,2,3,5,1,0,4
2560,OG,85,2,2,3,1,2,2,3,0,3,3,3,1,4,1,0,2,2,1,2,2
2560,OG,86,1,2,1,1,1,1,2,1,2,1,1,1,0,1,2,2,2,5,0,0
2560,OG,86,2,0,1,3,1,2,2,3,0,3,1,3,1,3,1,0,1,2,1,1
2560,OG,87,1,1,1,0,1,1,1,0,1,2,1,0,1,0,1,2,2,2,5,0
2560,OG,87,2,3,0,1,3,0,1,2,2,0,3,1,3,1,3,1,0,1,2,1
2560,OG,88,1,2,0,1,0,2,1,1,0,1,2,1,0,1,0,1,1,2,2,5
2560,OG,88,2,1,2,0,1,2,0,1,2,2,0,3,1,2,1,3,1,0,1,2
2560,OG,89,1,2,2,0,0,0,0,1,1,0,1,1,0,0,0,0,1,1,2,1
2560,OG,89,2,1,1,2,0,1,2,0,1,2,2,0,3,1,2,1,3,1,0,1
2560,OG,90,1,2,1,2,0,0,0,0,1,0,0,1,1,0,0,0,0,0,0,1
2560,OG,90,2,1,0,1,2,0,0,1,0,1,1,2,0,2,1,2,1,2,1,0
2560,OG,91,1,1,1,1,1,0,0,0,0,1,0,0,1,1,0,0,0,0,0,0
2560,OG,91,2,0,1,0,1,2,0,0,1,0,1,1,2,0,2,0,2,1,2,1
2560,OG,92,1,0,1,1,1,1,0,0,0,0,1,0,0,1,1,0,0,0,0,0
2560,OG,92,2,3,0,0,0,0,2,0,0,1,0,1,1,1,0,2,0,2,1,1
2560,OG,93,1,0,0,0,1,1,1,0,0,0,0,1,0,0,1,1,0,0,0,0
2560,OG,93,2,0,3,0,0,0,0,2,0,0,1,0,1,1,0,0,1,0,2,0
2560,OG,94,1,0,0,0,0,1,0,1,0,0,0,0,1,0,0,1,1,0,0,0
2560,OG,94,2,1,0,1,0,0,0,0,2,0,0,1,0,1,0,0,0,1,0,2
2560,OG,95,1,0,0,0,0,0,0,0,1,0,0,0,0,0,0,0,1,1,0,0
2560,OG,95,2,0,1,0,1,0,0,0,0,1,0,0,1,0,1,0,0,0,0,0
2560,OG,96,1,1,0,0,0,0,0,0,0,1,0,0,0,0,0,0,0,1,0,0
2560,OG,96,2,0,0,1,0,1,0,0,0,0,1,0,0,1,0,0,0,0,0,0
2560,OG,97,1,0,1,0,0,0,0,0,0,0,1,0,0,0,0,0,0,0,1,0
2560,OG,97,2,1,0,0,1,0,1,0,0,0,0,1,0,0,1,0,0,0,0,0
2560,OG,98,1,0,0,1,0,0,0,0,0,0,0,0,0,0,0,0,0,0,0,0
2560,OG,98,2,0,1,0,0,0,0,1,0,0,0,0,0,0,0,1,0,0,0,0
2560,OG,99,1,0,0,0,1,0,0,0,0,0,0,0,0,0,0,0,0,0,0,0
2560,OG,99,2,0,0,1,0,0,0,0,1,0,0,0,0,0,0,0,1,0,0,0
2560,OG,100+,1,0,0,0,0,1,0,0,0,0,0,0,0,0,0,0,0,0,0,0
2560,OG,100+,2,0,0,0,0,0,0,0,0,1,0,0,0,0,0,0,0,0,0,0
2560,G,80,1,20,18,30,23,19,32,21,20,21,20,22,19,19,13,17,11,18,33,33
2560,G,80,2,7,16,10,20,16,9,17,12,23,26,17,16,13,22,19,8,14,16,16
2560,G,81,1,18,20,18,29,20,18,31,19,20,19,21,21,18,16,12,16,9,16,30
2560,G,81,2,11,5,13,8,18,15,9,15,10,20,25,15,15,12,18,15,8,14,16
2560,G,82,1,14,17,18,17,26,19,16,28,18,17,19,17,17,15,15,12,15,10,15
2560,G,82,2,4,10,5,11,7,17,12,7,15,8,17,22,10,12,10,16,12,6,13
2560,G,83,1,10,11,14,16,13,23,18,11,28,16,16,18,17,15,14,12,12,13,8
2560,G,83,2,5,2,6,3,11,3,16,11,6,11,6,16,17,8,11,10,15,10,6
2560,G,84,1,17,6,7,14,12,12,21,16,10,27,14,16,12,14,14,13,11,11,12
2560,G,84,2,7,5,2,6,3,8,1,13,9,6,11,3,13,14,7,10,10,13,10
2560,G,85,1,5,12,3,6,14,11,8,18,13,8,23,14,15,12,14,11,7,11,10
2560,G,85,2,6,5,4,2,5,2,7,0,11,9,6,8,2,12,13,6,8,9,11
2560,G,86,1,4,4,10,1,5,12,7,7,17,13,5,20,14,11,9,13,10,7,9
2560,G,86,2,3,5,3,4,1,3,1,4,0,10,7,4,6,2,12,10,4,9,6
2560,G,87,1,7,4,4,7,1,4,12,5,7,13,11,5,18,12,9,8,10,11,7
2560,G,87,2,0,3,3,3,3,1,3,1,4,0,8,5,4,4,2,10,7,3,8
2560,G,88,1,3,6,3,4,6,1,4,10,5,5,12,8,4,15,11,9,8,9,9
2560,G,88,2,0,0,2,2,3,2,1,3,1,2,0,7,4,3,3,2,7,6,3
2560,G,89,1,0,3,4,2,3,4,1,4,8,4,5,9,5,4,14,7,7,7,6
2560,G,89,2,2,0,0,2,2,2,1,0,3,1,2,0,6,3,2,2,1,7,5
2560,G,90,1,4,0,2,3,2,2,4,1,4,8,4,5,6,5,4,11,5,6,6
2560,G,90,2,0,2,0,0,1,1,2,1,0,1,1,0,0,3,2,1,2,1,4
2560,G,91,1,1,4,0,2,3,1,1,3,1,3,8,3,5,3,4,3,8,4,5
2560,G,91,2,0,0,1,0,0,1,0,1,1,0,1,1,0,0,3,2,0,2,0
2560,G,92,1,1,0,2,0,1,2,1,0,3,1,3,3,3,4,1,4,1,7,2
2560,G,92,2,1,0,0,1,0,0,1,0,1,1,0,0,1,0,0,2,2,0,1
2560,G,93,1,1,1,0,2,0,1,0,0,0,2,1,3,0,0,4,1,2,1,6
2560,G,93,2,0,1,0,0,1,0,0,1,0,1,1,0,0,0,0,0,1,1,0
2560,G,94,1,0,0,1,0,2,0,0,0,0,0,2,1,2,0,0,2,1,2,1
2560,G,94,2,0,0,1,0,0,1,0,0,1,0,1,1,0,0,0,0,0,1,1
2560,G,95,1,0,0,0,1,0,1,0,0,0,0,0,0,1,0,0,0,0,1,1
2560,G,95,2,1,0,0,1,0,0,0,0,0,0,0,1,1,0,0,0,0,0,0
2560,G,96,1,1,0,0,0,1,0,1,0,0,0,0,0,0,1,0,0,0,0,0
2560,G,96,2,0,0,0,0,0,0,0,0,0,0,0,0,1,0,0,0,0,0,0
2560,G,97,1,0,1,0,0,0,1,0,0,0,0,0,0,0,0,1,0,0,0,0
2560,G,97,2,0,0,0,0,0,0,0,0,0,0,0,0,0,1,0,0,0,0,0
2560,G,98,1,0,0,1,0,0,0,1,0,0,0,0,0,0,0,0,1,0,0,0
2560,G,98,2,0,0,0,0,0,0,0,0,0,0,0,0,0,0,1,0,0,0,0
2560,G,99,1,0,0,0,1,0,0,0,1,0,0,0,0,0,0,0,0,1,0,0
2560,G,99,2,0,0,0,0,0,0,0,0,0,0,0,0,0,0,0,1,0,0,0
2560,G,100+,1,0,0,0,0,0,0,0,0,1,0,0,0,0,0,0,0,0,0,0
2560,G,100+,2,0,0,0,0,0,0,0,0,0,0,0,0,0,0,0,0,0,0,0
2560,SK,80,1,1,1,3,3,6,2,2,6,3,3,2,5,7,6,2,3,4,3,6
2560,SK,80,2,1,5,3,4,8,7,0,0,3,2,9,4,6,5,3,4,5,7,3
2560,SK,81,1,4,1,1,2,3,6,2,1,5,2,3,2,3,7,6,2,4,4,3
2560,SK,81,2,1,1,4,2,4,6,6,0,0,3,1,8,4,5,5,3,3,5,6
2560,SK,82,1,3,4,1,1,2,2,5,2,1,4,3,3,2,3,5,4,1,4,4
2560,SK,82,2,2,1,1,4,2,4,6,5,0,0,3,1,7,4,5,5,3,3,4
2560,SK,83,1,1,3,4,1,1,2,0,5,2,1,2,1,3,2,3,5,3,1,3
2560,SK,83,2,1,2,1,1,4,2,3,5,5,0,0,3,1,5,4,5,5,3,3
2560,SK,84,1,2,1,2,4,1,1,2,0,5,2,1,2,0,3,3,3,4,3,0
2560,SK,84,2,2,1,2,1,1,4,2,3,5,5,0,0,3,1,5,3,5,5,3
2560,SK,85,1,0,2,1,1,4,1,1,2,0,5,1,1,2,0,2,2,3,4,3
2560,SK,85,2,1,2,0,2,1,0,4,2,3,5,5,0,0,3,1,5,3,5,5
2560,SK,86,1,1,0,2,0,1,4,1,1,2,0,5,1,1,2,0,2,2,2,4
2560,SK,86,2,2,1,2,0,2,1,0,4,2,3,6,5,0,0,3,1,5,3,4
2560,SK,87,1,0,1,0,2,0,1,4,1,1,2,0,4,1,1,2,0,2,2,2
2560,SK,87,2,1,1,1,1,0,2,1,0,4,2,3,6,3,0,0,3,1,5,2
2560,SK,88,1,0,0,1,0,2,0,1,4,1,1,2,0,2,1,0,2,0,2,2
2560,SK,88,2,0,1,0,1,2,0,2,1,0,4,1,2,5,2,0,0,2,1,5
2560,SK,89,1,0,0,0,1,0,1,0,1,3,1,0,2,0,0,1,0,2,0,1
2560,SK,89,2,0,0,1,0,0,2,0,2,1,0,3,1,1,5,2,0,0,2,1
2560,SK,90,1,0,0,0,0,1,0,0,0,0,3,1,0,1,0,0,1,0,2,0
2560,SK,90,2,0,0,0,1,0,0,2,0,2,1,0,2,1,1,5,2,0,0,0
2560,SK,91,1,0,0,0,0,0,1,0,0,0,0,3,1,0,1,1,0,1,0,2
2560,SK,91,2,1,0,0,0,1,0,0,2,0,2,1,0,2,1,1,3,2,0,0
2560,SK,92,1,0,0,0,0,0,0,1,0,0,0,0,2,0,0,1,1,0,1,0
2560,SK,92,2,0,0,0,0,0,1,0,0,2,0,2,1,0,2,1,1,3,1,0
2560,SK,93,1,0,0,0,0,0,0,0,1,0,0,0,0,2,0,0,0,0,0,1
2560,SK,93,2,0,0,0,0,0,0,1,0,0,1,0,2,0,0,1,1,0,3,1
2560,SK,94,1,0,0,0,0,1,0,0,0,1,0,0,0,0,2,0,0,0,0,0
2560,SK,94,2,1,0,0,0,0,0,0,1,0,0,0,0,1,0,0,1,0,0,3
2560,SK,95,1,0,0,0,0,0,1,0,0,0,1,0,0,0,0,0,0,0,0,0
2560,SK,95,2,1,1,0,0,0,0,0,0,1,0,0,0,0,0,0,0,0,0,0
2560,SK,96,1,0,0,0,0,0,0,1,0,0,0,0,0,0,0,0,0,0,0,0
2560,SK,96,2,0,0,1,0,0,0,0,0,0,0,0,0,0,0,0,0,0,0,0
2560,SK,97,1,0,0,0,0,0,0,0,0,0,0,0,0,0,0,0,0,0,0,0
2560,SK,97,2,0,0,0,0,0,0,0,0,0,0,0,0,0,0,0,0,0,0,0
2560,SK,98,1,0,0,0,0,0,0,0,0,0,0,0,0,0,0,0,0,0,0,0
2560,SK,98,2,0,0,0,0,0,0,0,0,0,0,0,0,0,0,0,0,0,0,0
2560,SK,99,1,0,0,0,0,0,0,0,0,0,0,0,0,0,0,0,0,0,0,0
2560,SK,99,2,0,0,0,0,0,0,0,0,0,0,0,0,0,0,0,0,0,0,0
2560,SK,100+,1,0,0,0,0,0,0,0,0,0,0,0,0,0,0,0,0,0,0,0
2560,SK,100+,2,0,0,0,0,0,0,0,0,0,0,0,0,0,0,0,0,0,0,0
2560,ÄNKL,80,1,2,6,5,6,2,5,7,3,1,5,4,3,2,5,5,6,3,5,4
2560,ÄNKL,80,2,23,18,23,24,22,22,18,16,20,10,17,17,11,23,12,13,16,18,13
2560,ÄNKL,81,1,7,2,6,4,6,2,5,7,2,3,4,4,2,3,4,6,6,5,4
2560,ÄNKL,81,2,26,24,22,22,24,22,22,18,17,21,10,17,17,11,23,16,13,15,18
2560,ÄNKL,82,1,8,6,1,5,5,6,1,7,5,1,3,4,6,3,4,5,6,6,4
2560,ÄNKL,82,2,22,26,23,23,22,22,23,22,17,14,21,11,17,20,12,23,16,12,16
2560,ÄNKL,83,1,4,8,6,2,5,6,5,3,7,6,1,3,4,6,3,4,4,6,5
2560,ÄNKL,83,2,21,24,25,24,22,24,23,21,22,19,14,21,14,17,19,12,21,16,12
2560,ÄNKL,84,1,4,4,7,6,3,5,4,4,3,7,6,0,3,3,6,2,4,3,7
2560,ÄNKL,84,2,21,20,23,22,21,23,23,24,20,19,20,16,23,14,17,16,11,21,16
2560,ÄNKL,85,1,6,6,3,5,6,2,5,4,5,2,7,6,0,2,3,5,4,4,3
2560,ÄNKL,85,2,20,20,16,23,19,22,23,21,24,19,16,19,18,19,12,16,15,12,18
2560,ÄNKL,86,1,1,6,7,3,5,6,2,4,6,3,2,7,5,2,3,3,3,3,5
2560,ÄNKL,86,2,9,20,20,14,23,19,19,21,20,23,17,15,16,17,16,13,18,14,14
2560,ÄNKL,87,1,3,1,6,7,3,4,2,2,3,9,3,2,7,5,4,3,3,3,3
2560,ÄNKL,87,2,11,8,17,19,13,19,18,17,19,18,21,17,14,14,15,17,14,18,15
2560,ÄNKL,88,1,2,2,2,5,4,3,4,3,2,2,8,3,1,8,5,4,3,3,3
2560,ÄNKL,88,2,20,10,9,17,17,10,18,17,15,16,17,21,17,13,13,14,14,14,14
2560,ÄNKL,89,1,0,2,2,2,4,2,3,3,3,1,1,8,3,1,6,5,4,3,2
2560,ÄNKL,89,2,12,16,10,10,15,14,10,17,12,10,13,14,18,16,13,11,11,14,14
2560,ÄNKL,90,1,4,0,2,2,1,4,1,3,2,0,1,1,6,2,0,7,4,4,1
2560,ÄNKL,90,2,10,9,11,9,9,15,11,8,18,13,10,15,11,19,14,11,10,10,14
2560,ÄNKL,91,1,2,4,0,2,1,1,3,1,2,2,1,1,0,6,0,1,6,3,3
2560,ÄNKL,91,2,9,8,8,8,6,6,13,11,6,13,10,8,14,8,16,14,12,9,9
2560,ÄNKL,92,1,5,2,5,0,2,0,1,3,0,2,2,3,1,1,7,0,1,3,3
2560,ÄNKL,92,2,11,9,6,6,7,5,5,8,9,3,8,8,8,11,6,16,12,8,9
2560,ÄNKL,93,1,3,4,2,3,0,0,1,1,4,0,2,0,4,1,1,5,1,1,3
2560,ÄNKL,93,2,10,9,7,3,5,6,2,4,4,9,2,5,6,7,9,5,15,8,5
2560,ÄNKL,94,1,1,2,3,2,3,0,0,1,1,3,0,2,0,4,0,1,2,1,0
2560,ÄNKL,94,2,5,7,7,6,2,4,6,1,4,4,4,1,4,4,5,6,1,13,7
2560,ÄNKL,95,1,0,1,2,2,2,3,0,0,1,1,3,0,2,1,2,0,0,1,2
2560,ÄNKL,95,2,1,2,6,6,3,2,4,2,1,3,3,3,1,3,3,3,4,1,11
2560,ÄNKL,96,1,0,0,0,1,2,2,1,0,0,0,1,1,0,1,1,1,0,0,2
2560,ÄNKL,96,2,4,1,1,5,4,1,1,3,2,1,0,2,1,2,3,2,1,3,1
2560,ÄNKL,97,1,0,0,0,0,1,1,2,1,0,0,0,0,1,0,0,1,0,0,0
2560,ÄNKL,97,2,2,4,1,1,3,2,0,0,1,1,1,0,1,0,1,2,2,0,2
2560,ÄNKL,98,1,0,0,0,0,0,1,1,1,1,0,0,0,0,0,0,0,0,0,0
2560,ÄNKL,98,2,1,2,2,1,1,3,1,1,0,1,1,1,0,0,0,1,2,1,0
2560,ÄNKL,99,1,0,0,0,0,0,0,0,1,1,1,0,0,0,0,0,0,0,0,0
2560,ÄNKL,99,2,1,0,2,1,0,1,1,0,1,0,1,1,1,0,0,0,1,2,0
2560,ÄNKL,100+,1,0,0,0,0,0,0,0,0,1,0,1,0,0,0,0,0,0,0,0
2560,ÄNKL,100+,2,0,1,1,3,3,2,2,1,1,1,1,1,2,1,1,0,0,0,0
2514,OG,80,1,5,7,7,5,3,9,9,7,4,8,10,5,6,6,9,10,9,17,7
2514,OG,80,2,5,4,5,5,4,4,8,2,3,2,5,5,3,5,6,4,4,7,8
2514,OG,81,1,6,5,6,6,5,3,8,8,6,3,6,9,5,6,6,8,9,8,17
2514,OG,81,2,4,5,3,5,5,3,3,8,2,3,2,5,5,3,4,6,3,4,8
2514,OG,82,1,7,5,4,6,6,5,2,8,6,5,2,6,9,5,5,5,7,10,8
2514,OG,82,2,4,4,5,3,5,5,3,3,8,2,3,2,5,5,2,4,6,2,4
2514,OG,83,1,5,6,4,4,6,5,4,2,8,6,4,2,6,9,5,6,3,5,7
2514,OG,83,2,4,4,4,5,3,5,5,3,3,7,2,3,2,5,4,1,4,6,2
2514,OG,84,1,6,4,6,3,4,5,4,4,2,8,5,4,2,6,5,5,5,3,5
2514,OG,84,2,6,4,4,4,4,3,5,5,3,3,6,2,3,2,5,4,0,3,6
2514,OG,85,1,4,6,4,5,3,4,4,3,4,2,8,4,3,2,6,5,5,5,2
2514,OG,85,2,4,6,4,3,2,3,3,5,4,3,3,4,2,3,1,5,4,0,3
2514,OG,86,1,3,3,5,4,5,3,3,4,2,3,2,6,4,3,2,6,5,5,5
2514,OG,86,2,3,4,6,4,2,1,2,3,4,4,3,2,3,2,3,0,4,4,0
2514,OG,87,1,2,3,2,3,5,4,3,2,3,1,2,1,3,3,3,1,6,5,5
2514,OG,87,2,0,3,2,4,3,2,1,2,1,4,4,3,2,3,2,2,0,4,3
2514,OG,88,1,1,2,2,1,2,4,4,3,1,3,0,0,1,3,3,3,0,5,5
2514,OG,88,2,2,0,2,2,4,3,2,0,2,1,4,3,4,2,3,2,2,0,4
2514,OG,89,1,2,1,2,0,1,0,3,4,3,1,1,0,0,0,3,3,3,0,5
2514,OG,89,2,0,2,0,1,2,3,2,2,0,2,1,4,3,3,1,3,0,2,0
2514,OG,90,1,0,1,1,2,0,1,0,1,3,2,1,1,0,0,0,1,3,2,0
2514,OG,90,2,3,0,2,0,1,1,3,2,2,0,2,1,4,3,1,1,3,0,2
2514,OG,91,1,3,0,1,1,1,0,1,0,0,1,1,0,1,0,0,0,1,1,2
2514,OG,91,2,1,2,0,1,0,0,1,3,2,1,0,1,1,3,1,1,1,3,0
2514,OG,92,1,1,3,0,0,1,1,0,0,0,0,1,1,0,1,0,0,0,1,1
2514,OG,92,2,1,0,1,0,1,0,1,1,3,2,1,0,1,1,3,1,1,1,3
2514,OG,93,1,0,1,1,0,0,1,1,0,0,0,0,1,1,0,1,0,0,0,1
2514,OG,93,2,0,0,0,1,0,1,0,1,1,2,2,1,0,1,1,3,0,1,0
2514,OG,94,1,1,0,1,0,0,0,1,1,0,0,0,0,0,1,0,1,0,0,0
2514,OG,94,2,1,0,0,0,1,0,1,0,1,1,2,2,1,0,1,1,3,0,1
2514,OG,95,1,0,1,0,0,0,0,0,1,1,0,0,0,0,0,0,0,0,0,0
2514,OG,95,2,0,1,0,0,0,1,0,1,0,0,1,1,2,1,0,1,1,1,0
2514,OG,96,1,0,0,0,0,0,0,0,0,1,1,0,0,0,0,0,0,0,0,0
2514,OG,96,2,0,0,1,0,0,0,1,0,1,0,0,1,1,2,1,0,1,1,1
2514,OG,97,1,0,0,0,0,0,0,0,0,0,0,1,0,0,0,0,0,0,0,0
2514,OG,97,2,0,0,0,1,0,0,0,0,0,1,0,0,0,1,2,1,0,0,1
2514,OG,98,1,0,0,0,0,0,0,0,0,0,0,0,0,0,0,0,0,0,0,0
2514,OG,98,2,0,0,0,0,1,0,0,0,0,0,1,0,0,0,1,2,0,0,0
2514,OG,99,1,0,0,0,0,0,0,0,0,0,0,0,0,0,0,0,0,0,0,0
2514,OG,99,2,0,0,0,0,0,0,0,0,0,0,0,1,0,0,0,1,2,0,0
2514,OG,100+,1,0,0,0,0,0,0,0,0,0,0,0,0,0,0,0,0,0,0,0
2514,OG,100+,2,0,0,0,0,0,0,0,0,0,0,0,0,1,0,0,0,0,1,1
2514,G,80,1,37,47,36,43,40,43,36,50,37,43,60,35,31,52,37,50,52,70,52
2514,G,80,2,21,24,25,35,23,32,24,33,19,32,35,44,39,35,30,34,21,30,36
2514,G,81,1,29,31,40,33,41,36,39,30,46,35,38,56,33,29,47,35,44,49,63
2514,G,81,2,18,18,21,23,30,21,28,24,29,17,27,32,34,31,31,27,25,15,26
2514,G,82,1,29,27,25,35,30,38,34,36,29,44,31,37,49,28,26,42,33,39,44
2514,G,82,2,21,15,15,20,19,23,19,23,23,26,12,23,30,31,29,26,26,20,14
2514,G,83,1,27,26,22,21,31,27,36,34,34,27,43,28,33,44,24,21,38,29,34
2514,G,83,2,11,16,15,14,17,15,20,17,20,19,23,9,21,27,25,24,23,26,15
2514,G,84,1,22,24,22,17,17,25,24,31,31,29,23,35,25,25,39,22,19,34,28
2514,G,84,2,12,8,15,13,11,16,12,14,11,16,14,21,8,19,20,22,21,19,21
2514,G,85,1,13,18,19,21,15,14,21,20,28,23,23,19,28,21,19,34,16,17,30
2514,G,85,2,5,9,6,11,10,8,13,9,10,9,13,13,21,6,15,15,19,19,14
2514,G,86,1,16,8,16,15,19,12,11,18,15,24,18,21,16,24,15,13,31,15,12
2514,G,86,2,6,5,7,6,9,8,6,10,7,8,6,11,13,18,5,10,12,15,17
2514,G,87,1,12,11,8,12,13,16,10,7,13,13,20,18,17,16,22,12,13,24,13
2514,G,87,2,2,4,4,3,6,5,5,6,10,7,7,4,8,10,16,5,8,8,14
2514,G,88,1,6,11,10,7,9,9,16,8,6,12,9,15,16,16,12,17,7,8,20
2514,G,88,2,3,1,3,3,3,4,3,5,5,6,4,5,3,4,10,10,4,7,7
2514,G,89,1,9,4,8,8,5,5,6,13,6,3,9,8,11,14,13,10,15,6,7
2514,G,89,2,4,2,1,3,1,1,2,3,4,3,3,3,3,2,4,6,4,3,6
2514,G,90,1,8,7,1,7,7,5,3,6,11,6,2,8,8,7,11,10,7,13,4
2514,G,90,2,0,2,1,1,2,1,0,2,2,4,0,3,3,1,2,3,5,3,2
2514,G,91,1,3,4,5,1,6,5,3,2,4,8,6,1,7,5,6,10,5,6,12
2514,G,91,2,2,0,0,0,1,2,1,0,1,2,4,0,3,3,1,2,3,5,2
2514,G,92,1,1,3,3,4,1,4,4,2,2,4,6,4,1,6,5,4,5,5,4
2514,G,92,2,0,2,0,0,0,1,1,1,0,1,1,2,0,1,2,1,1,3,3
2514,G,93,1,1,0,2,2,4,1,1,4,2,1,1,4,3,0,6,3,2,4,5
2514,G,93,2,0,0,0,0,0,0,0,0,1,0,1,1,2,0,1,1,1,1,3
2514,G,94,1,2,1,0,2,2,4,0,0,2,1,1,0,4,2,0,4,3,2,3
2514,G,94,2,0,0,0,0,0,0,0,0,0,0,0,0,0,1,0,1,1,1,1
2514,G,95,1,0,2,0,0,0,0,2,0,0,2,0,0,0,2,2,0,4,3,2
2514,G,95,2,0,0,0,0,0,0,0,0,0,0,0,0,0,0,1,0,1,1,0
2514,G,96,1,0,0,2,0,0,0,0,1,0,0,0,0,0,0,1,0,0,1,2
2514,G,96,2,0,0,0,0,0,0,0,0,0,0,0,0,0,0,0,0,0,0,1
2514,G,97,1,0,0,0,0,0,0,0,0,1,0,0,0,0,0,0,0,0,0,0
2514,G,97,2,0,0,0,0,0,0,0,0,0,0,0,0,0,0,0,0,0,0,0
2514,G,98,1,0,0,0,0,0,0,0,0,0,0,0,0,0,0,0,0,0,0,0
2514,G,98,2,0,0,0,0,0,0,0,0,0,0,0,0,0,0,0,0,0,0,0
2514,G,99,1,0,0,0,0,0,0,0,0,0,0,0,0,0,0,0,0,0,0,0
2514,G,99,2,0,0,0,0,0,0,0,0,0,0,0,0,0,0,0,0,0,0,0
2514,G,100+,1,0,0,0,0,0,0,0,0,0,0,0,0,0,0,0,0,0,0,0
2514,G,100+,2,0,0,0,0,0,0,0,0,0,0,0,0,0,0,0,0,0,0,0
2514,SK,80,1,3,2,6,5,3,5,8,10,12,8,9,14,10,15,11,12,6,20,12
2514,SK,80,2,3,6,6,8,7,11,4,6,12,7,6,4,12,6,12,15,11,18,18
2514,SK,81,1,7,3,2,5,4,3,5,7,9,10,9,7,13,8,15,11,11,5,19
2514,SK,81,2,2,4,6,6,8,7,10,5,5,13,8,6,4,11,6,12,15,11,15
2514,SK,82,1,3,6,2,1,4,3,3,5,6,8,8,7,7,12,8,14,11,10,4
2514,SK,82,2,0,2,4,6,6,8,6,8,6,4,12,9,6,3,9,6,14,15,12
2514,SK,83,1,2,4,5,2,1,4,3,3,6,5,7,9,6,6,11,8,12,8,6
2514,SK,83,2,1,0,2,4,6,6,7,6,7,6,5,11,7,6,2,9,6,13,14
2514,SK,84,1,1,1,3,4,1,2,2,2,3,5,4,7,8,6,6,11,7,11,8
2514,SK,84,2,4,1,0,2,4,5,6,7,6,7,6,5,11,5,5,2,7,5,12
2514,SK,85,1,1,1,1,3,4,1,2,2,2,2,5,4,7,9,5,6,8,7,9
2514,SK,85,2,2,2,1,0,2,4,5,6,6,6,6,4,5,11,5,5,2,6,4
2514,SK,86,1,1,1,1,2,3,4,1,2,1,2,2,4,3,7,8,5,6,7,4
2514,SK,86,2,1,2,2,1,0,2,4,4,7,5,5,5,3,5,10,5,4,2,5
2514,SK,87,1,2,1,1,1,2,3,3,1,1,1,1,3,4,3,7,8,4,5,6
2514,SK,87,2,0,1,1,1,1,0,1,4,4,7,4,5,5,3,4,10,4,4,2
2514,SK,88,1,0,2,1,1,1,2,2,3,2,1,1,1,2,3,3,3,6,3,5
2514,SK,88,2,3,0,1,1,1,1,0,1,3,3,6,4,5,5,3,3,9,3,3
2514,SK,89,1,1,0,2,1,1,1,1,2,2,1,1,1,1,2,3,3,2,5,3
2514,SK,89,2,0,3,0,1,1,1,1,0,1,3,3,6,3,5,4,3,3,8,3
2514,SK,90,1,0,1,0,2,1,1,0,1,1,0,1,1,0,1,2,1,3,2,3
2514,SK,90,2,0,0,3,0,1,0,1,0,0,1,2,3,5,2,5,4,3,3,7
2514,SK,91,1,0,0,1,0,2,0,0,0,0,1,0,1,0,1,1,2,1,1,2
2514,SK,91,2,1,0,0,2,0,0,0,0,0,0,1,1,3,3,2,4,4,2,3
2514,SK,92,1,0,0,0,1,0,1,0,0,0,0,1,0,0,0,0,1,1,0,1
2514,SK,92,2,0,1,0,0,2,0,0,0,0,0,0,1,1,3,3,2,4,4,2
2514,SK,93,1,0,0,0,0,1,0,0,0,0,0,0,1,0,0,0,0,1,1,0
2514,SK,93,2,0,0,1,0,0,2,0,0,0,0,0,0,1,1,3,3,1,2,2
2514,SK,94,1,0,0,0,0,0,1,0,0,0,0,0,0,1,0,0,0,0,1,0
2514,SK,94,2,1,0,0,1,0,0,2,0,0,0,0,0,0,1,0,3,2,0,0
2514,SK,95,1,0,0,0,0,0,0,0,0,0,0,0,0,0,1,0,0,0,0,1
2514,SK,95,2,0,1,0,0,1,0,0,2,0,0,0,0,0,0,1,0,1,2,0
2514,SK,96,1,0,0,0,0,0,0,0,0,0,0,0,0,0,0,0,0,0,0,0
2514,SK,96,2,0,0,0,0,0,0,0,0,1,0,0,0,0,0,0,1,0,1,2
2514,SK,97,1,0,0,0,0,0,0,0,0,0,0,0,0,0,0,0,0,0,0,0
2514,SK,97,2,0,0,0,0,0,0,0,0,0,0,0,0,0,0,0,0,0,0,1
2514,SK,98,1,0,0,0,0,0,0,0,0,0,0,0,0,0,0,0,0,0,0,0
2514,SK,98,2,0,0,0,0,0,0,0,0,0,0,0,0,0,0,0,0,0,0,0
2514,SK,99,1,0,0,0,0,0,0,0,0,0,0,0,0,0,0,0,0,0,0,0
2514,SK,99,2,0,0,0,0,0,0,0,0,0,0,0,0,0,0,0,0,0,0,0
2514,SK,100+,1,0,0,0,0,0,0,0,0,0,0,0,0,0,0,0,0,0,0,0
2514,SK,100+,2,0,0,0,0,0,0,0,0,0,0,0,0,0,0,0,0,0,0,0
2514,ÄNKL,80,1,12,10,10,7,9,4,8,8,6,14,11,8,10,10,14,13,5,14,13
2514,ÄNKL,80,2,32,47,41,39,41,37,47,36,40,29,37,33,36,29,46,32,33,28,32
2514,ÄNKL,81,1,12,10,11,10,6,10,5,10,9,5,13,11,9,12,11,13,15,6,17
2514,ÄNKL,81,2,32,31,43,43,40,38,36,46,35,41,33,33,38,38,28,50,36,33,30
2514,ÄNKL,82,1,12,13,11,14,9,7,8,8,10,7,5,13,12,10,9,11,12,14,6
2514,ÄNKL,82,2,45,35,30,42,45,42,34,38,47,33,42,36,31,36,38,30,49,37,35
2514,ÄNKL,83,1,15,12,12,10,13,7,6,7,8,10,7,4,13,8,10,9,13,13,15
2514,ÄNKL,83,2,38,42,33,29,40,47,44,34,37,47,29,42,34,31,39,40,30,43,39
2514,ÄNKL,84,1,12,15,11,12,11,13,5,7,8,8,12,8,5,14,10,10,11,14,12
2514,ÄNKL,84,2,41,36,37,33,28,35,46,46,29,32,49,30,41,36,36,38,38,31,40
2514,ÄNKL,85,1,4,12,14,10,12,12,13,7,5,11,7,14,9,4,15,12,11,9,14
2514,ÄNKL,85,2,32,39,36,37,35,29,37,48,47,27,29,46,24,36,38,39,38,37,31
2514,ÄNKL,86,1,11,5,11,12,8,12,11,11,7,6,13,7,12,11,5,14,11,12,10
2514,ÄNKL,86,2,38,27,38,31,34,35,29,34,45,43,26,26,42,27,34,37,37,38,37
2514,ÄNKL,87,1,6,10,4,9,9,8,9,10,10,7,4,13,6,11,10,5,14,10,12
2514,ÄNKL,87,2,26,35,26,40,29,34,29,25,27,41,42,26,24,43,28,33,32,33,35
2514,ÄNKL,88,1,8,5,10,4,7,9,7,8,6,10,5,5,11,6,10,12,7,12,10
2514,ÄNKL,88,2,27,23,31,23,34,25,33,20,23,23,37,39,25,23,37,28,28,29,31
2514,ÄNKL,89,1,8,8,5,6,2,6,11,7,6,5,10,4,4,10,4,9,11,6,11
2514,ÄNKL,89,2,29,26,19,27,16,29,23,27,18,20,20,31,35,21,21,33,26,26,27
2514,ÄNKL,90,1,6,7,7,5,6,2,6,9,5,5,3,8,3,4,9,4,4,11,7
2514,ÄNKL,90,2,14,24,25,17,20,15,22,17,26,15,20,15,24,29,20,19,29,23,25
2514,ÄNKL,91,1,3,4,7,4,4,4,1,6,9,6,4,2,6,3,2,8,3,3,9
2514,ÄNKL,91,2,19,13,20,22,16,17,14,14,16,23,12,17,13,18,26,18,16,22,21
2514,ÄNKL,92,1,2,2,3,5,3,3,4,2,5,8,5,1,2,5,2,1,6,2,3
2514,ÄNKL,92,2,17,15,9,13,17,13,13,12,10,13,21,10,13,10,15,23,12,13,16
2514,ÄNKL,93,1,3,2,1,1,4,1,2,4,1,6,7,4,0,2,3,2,1,4,1
2514,ÄNKL,93,2,11,11,10,8,11,12,11,11,8,8,7,18,8,11,8,11,20,10,10
2514,ÄNKL,94,1,4,2,2,0,0,3,1,0,3,1,5,7,2,0,1,3,2,1,3
2514,ÄNKL,94,2,11,10,8,9,4,10,9,7,6,4,6,5,14,6,10,4,9,13,6
2514,ÄNKL,95,1,3,4,2,1,0,0,1,0,0,2,1,3,4,2,0,1,3,2,1
2514,ÄNKL,95,2,6,7,8,6,8,2,9,5,5,5,3,3,3,9,6,8,4,9,9
2514,ÄNKL,96,1,0,2,4,1,1,0,0,1,0,0,0,0,2,4,3,1,1,1,2
2514,ÄNKL,96,2,4,4,2,5,4,6,2,5,5,5,3,3,3,3,7,5,8,4,8
2514,ÄNKL,97,1,0,0,1,4,0,0,0,0,1,0,0,0,0,1,3,2,1,0,1
2514,ÄNKL,97,2,6,4,3,2,2,3,4,1,4,4,4,2,2,2,3,5,3,4,2
2514,ÄNKL,98,1,0,0,0,0,3,0,0,0,0,0,0,0,0,0,0,1,1,0,0
2514,ÄNKL,98,2,2,5,2,2,1,1,3,4,0,3,2,2,0,0,2,3,5,3,2
2514,ÄNKL,99,1,2,0,0,0,0,2,0,0,0,0,0,0,0,0,0,0,0,1,0
2514,ÄNKL,99,2,1,2,3,2,2,1,1,1,2,0,2,1,1,0,0,2,2,4,2
2514,ÄNKL,100+,1,0,1,1,0,0,0,2,1,0,0,0,0,0,0,0,0,0,0,1
2514,ÄNKL,100+,2,1,2,3,5,5,2,2,0,0,1,1,2,2,2,0,0,2,3,6
