Region,Alder,Kon,Fodelseregion,0000086R 2025
2580,0,1,samt,358
2580,0,1,09,358
2580,0,1,11,0
2580,0,2,samt,329
2580,0,2,09,324
2580,0,2,11,3
2580,1,1,samt,332
2580,1,1,09,325
2580,1,1,11,6
2580,1,2,samt,294
2580,1,2,09,289
2580,1,2,11,3
2580,2,1,samt,374
2580,2,1,09,364
2580,2,1,11,8
2580,2,2,samt,299
2580,2,2,09,286
2580,2,2,11,10
2580,3,1,samt,350
2580,3,1,09,337
2580,3,1,11,11
2580,3,2,samt,318
2580,3,2,09,306
2580,3,2,11,9
2580,4,1,samt,385
2580,4,1,09,369
2580,4,1,11,17
2580,4,2,samt,412
2580,4,2,09,404
2580,4,2,11,10
2580,5,1,samt,420
2580,5,1,09,397
2580,5,1,11,27
2580,5,2,samt,391
2580,5,2,09,379
2580,5,2,11,13
2580,6,1,samt,409
2580,6,1,09,392
2580,6,1,11,19
2580,6,2,samt,401
2580,6,2,09,382
2580,6,2,11,22
2580,7,1,samt,393
2580,7,1,09,371
2580,7,1,11,22
2580,7,2,samt,409
2580,7,2,09,385
2580,7,2,11,25
2580,8,1,samt,410
2580,8,1,09,383
2580,8,1,11,24
2580,8,2,samt,394
2580,8,2,09,360
2580,8,2,11,34
2580,9,1,samt,442
2580,9,1,09,404
2580,9,1,11,37
2580,9,2,samt,399
2580,9,2,09,377
2580,9,2,11,20
2580,10,1,samt,429
2580,10,1,09,403
2580,10,1,11,31
2580,10,2,samt,394
2580,10,2,09,360
2580,10,2,11,37
2580,11,1,samt,457
2580,11,1,09,421
2580,11,1,11,35
2580,11,2,samt,453
2580,11,2,09,399
2580,11,2,11,52
2580,12,1,samt,436
2580,12,1,09,389
2580,12,1,11,44
2580,12,2,samt,407
2580,12,2,09,371
2580,12,2,11,31
2580,13,1,samt,422
2580,13,1,09,384
2580,13,1,11,37
2580,13,2,samt,382
2580,13,2,09,343
2580,13,2,11,39
2580,14,1,samt,465
2580,14,1,09,413
2580,14,1,11,53
2580,14,2,samt,419
2580,14,2,09,382
2580,14,2,11,38
2580,15,1,samt,453
2580,15,1,09,409
2580,15,1,11,43
2580,15,2,samt,405
2580,15,2,09,373
2580,15,2,11,35
2580,16,1,samt,473
2580,16,1,09,425
2580,16,1,11,50
2580,16,2,samt,430
2580,16,2,09,385
2580,16,2,11,45
2580,17,1,samt,458
2580,17,1,09,404
2580,17,1,11,52
2580,17,2,samt,418
2580,17,2,09,379
2580,17,2,11,36
2580,18,1,samt,482
2580,18,1,09,429
2580,18,1,11,57
2580,18,2,samt,417
2580,18,2,09,381
2580,18,2,11,37
2580,19,1,samt,524
2580,19,1,09,467
2580,19,1,11,56
2580,19,2,samt,476
2580,19,2,09,419
2580,19,2,11,57
2580,20,1,samt,607
2580,20,1,09,528
2580,20,1,11,81
2580,20,2,samt,521
2580,20,2,09,449
2580,20,2,11,74
2580,21,1,samt,656
2580,21,1,09,563
2580,21,1,11,92
2580,21,2,samt,497
2580,21,2,09,431
2580,21,2,11,68
2580,22,1,samt,640
2580,22,1,09,537
2580,22,1,11,99
2580,22,2,samt,542
2580,22,2,09,433
2580,22,2,11,105
2580,23,1,samt,659
2580,23,1,09,561
2580,23,1,11,97
2580,23,2,samt,480
2580,23,2,09,400
2580,23,2,11,77
2580,24,1,samt,678
2580,24,1,09,547
2580,24,1,11,133
2580,24,2,samt,525
2580,24,2,09,437
2580,24,2,11,85
2580,25,1,samt,638
2580,25,1,09,489
2580,25,1,11,149
2580,25,2,samt,493
2580,25,2,09,416
2580,25,2,11,84
2580,26,1,samt,702
2580,26,1,09,470
2580,26,1,11,231
2580,26,2,samt,487
2580,26,2,09,386
2580,26,2,11,100
2580,27,1,samt,606
2580,27,1,09,446
2580,27,1,11,164
2580,27,2,samt,448
2580,27,2,09,344
2580,27,2,11,106
2580,28,1,samt,547
2580,28,1,09,417
2580,28,1,11,129
2580,28,2,samt,462
2580,28,2,09,353
2580,28,2,11,111
2580,29,1,samt,559
2580,29,1,09,435
2580,29,1,11,122
2580,29,2,samt,460
2580,29,2,09,352
2580,29,2,11,108
2580,30,1,samt,546
2580,30,1,09,421
2580,30,1,11,127
2580,30,2,samt,483
2580,30,2,09,381
2580,30,2,11,103
2580,31,1,samt,651
2580,31,1,09,509
2580,31,1,11,142
2580,31,2,samt,501
2580,31,2,09,387
2580,31,2,11,116
2580,32,1,samt,605
2580,32,1,09,488
2580,32,1,11,123
2580,32,2,samt,521
2580,32,2,09,428
2580,32,2,11,90
2580,33,1,samt,654
2580,33,1,09,528
2580,33,1,11,123
2580,33,2,samt,560
2580,33,2,09,459
2580,33,2,11,105
2580,34,1,samt,629
2580,34,1,09,521
2580,34,1,11,107
2580,34,2,samt,551
2580,34,2,09,443
2580,34,2,11,110
2580,35,1,samt,596
2580,35,1,09,475
2580,35,1,11,122
2580,35,2,samt,540
2580,35,2,09,431
2580,35,2,11,107
2580,36,1,samt,591
2580,36,1,09,473
2580,36,1,11,118
2580,36,2,samt,508
2580,36,2,09,426
2580,36,2,11,82
2580,37,1,samt,619
2580,37,1,09,488
2580,37,1,11,132
2580,37,2,samt,535
2580,37,2,09,427
2580,37,2,11,109
2580,38,1,samt,574
2580,38,1,09,455
2580,38,1,11,117
2580,38,2,samt,508
2580,38,2,09,403
2580,38,2,11,101
2580,39,1,samt,523
2580,39,1,09,401
2580,39,1,11,117
2580,39,2,samt,502
2580,39,2,09,403
2580,39,2,11,102
2580,40,1,samt,496
2580,40,1,09,396
2580,40,1,11,99
2580,40,2,samt,460
2580,40,2,09,375
2580,40,2,11,88
2580,41,1,samt,488
2580,41,1,09,384
2580,41,1,11,105
2580,41,2,samt,479
2580,41,2,09,362
2580,41,2,11,112
2580,42,1,samt,501
2580,42,1,09,409
2580,42,1,11,89
2580,42,2,samt,433
2580,42,2,09,336
2580,42,2,11,100
2580,43,1,samt,438
2580,43,1,09,361
2580,43,1,11,78
2580,43,2,samt,441
2580,43,2,09,337
2580,43,2,11,103
2580,44,1,samt,451
2580,44,1,09,368
2580,44,1,11,84
2580,44,2,samt,442
2580,44,2,09,334
2580,44,2,11,104
2580,45,1,samt,505
2580,45,1,09,420
2580,45,1,11,86
2580,45,2,samt,462
2580,45,2,09,347
2580,45,2,11,112
2580,46,1,samt,442
2580,46,1,09,367
2580,46,1,11,75
2580,46,2,samt,444
2580,46,2,09,353
2580,46,2,11,93
2580,47,1,samt,443
2580,47,1,09,360
2580,47,1,11,81
2580,47,2,samt,420
2580,47,2,09,343
2580,47,2,11,76
2580,48,1,samt,463
2580,48,1,09,395
2580,48,1,11,68
2580,48,2,samt,436
2580,48,2,09,357
2580,48,2,11,78
2580,49,1,samt,493
2580,49,1,09,417
2580,49,1,11,78
2580,49,2,samt,435
2580,49,2,09,352
2580,49,2,11,79
2580,50,1,samt,484
2580,50,1,09,407
2580,50,1,11,77
2580,50,2,samt,480
2580,50,2,09,387
2580,50,2,11,94
2580,51,1,samt,494
2580,51,1,09,427
2580,51,1,11,66
2580,51,2,samt,485
2580,51,2,09,404
2580,51,2,11,80
2580,52,1,samt,499
2580,52,1,09,452
2580,52,1,11,47
2580,52,2,samt,492
2580,52,2,09,420
2580,52,2,11,78
2580,53,1,samt,497
2580,53,1,09,425
2580,53,1,11,72
2580,53,2,samt,509
2580,53,2,09,425
2580,53,2,11,86
2580,54,1,samt,484
2580,54,1,09,429
2580,54,1,11,52
2580,54,2,samt,493
2580,54,2,09,426
2580,54,2,11,66
2580,55,1,samt,502
2580,55,1,09,435
2580,55,1,11,66
2580,55,2,samt,509
2580,55,2,09,441
2580,55,2,11,64
2580,56,1,samt,500
2580,56,1,09,450
2580,56,1,11,49
2580,56,2,samt,473
2580,56,2,09,403
2580,56,2,11,73
2580,57,1,samt,511
2580,57,1,09,465
2580,57,1,11,42
2580,57,2,samt,525
2580,57,2,09,454
2580,57,2,11,69
2580,58,1,samt,588
2580,58,1,09,522
2580,58,1,11,67
2580,58,2,samt,516
2580,58,2,09,433
2580,58,2,11,82
2580,59,1,samt,525
2580,59,1,09,465
2580,59,1,11,59
2580,59,2,samt,566
2580,59,2,09,496
2580,59,2,11,71
2580,60,1,samt,540
2580,60,1,09,477
2580,60,1,11,64
2580,60,2,samt,546
2580,60,2,09,483
2580,60,2,11,59
2580,61,1,samt,526
2580,61,1,09,475
2580,61,1,11,51
2580,61,2,samt,570
2580,61,2,09,491
2580,61,2,11,78
2580,62,1,samt,511
2580,62,1,09,455
2580,62,1,11,55
2580,62,2,samt,462
2580,62,2,09,389
2580,62,2,11,69
2580,63,1,samt,484
2580,63,1,09,434
2580,63,1,11,47
2580,63,2,samt,468
2580,63,2,09,409
2580,63,2,11,61
2580,64,1,samt,414
2580,64,1,09,367
2580,64,1,11,48
2580,64,2,samt,402
2580,64,2,09,365
2580,64,2,11,40
2580,65,1,samt,421
2580,65,1,09,375
2580,65,1,11,46
2580,65,2,samt,452
2580,65,2,09,395
2580,65,2,11,56
2580,66,1,samt,407
2580,66,1,09,382
2580,66,1,11,26
2580,66,2,samt,431
2580,66,2,09,368
2580,66,2,11,64
2580,67,1,samt,428
2580,67,1,09,398
2580,67,1,11,27
2580,67,2,samt,413
2580,67,2,09,373
2580,67,2,11,42
2580,68,1,samt,402
2580,68,1,09,368
2580,68,1,11,34
2580,68,2,samt,454
2580,68,2,09,399
2580,68,2,11,54
2580,69,1,samt,386
2580,69,1,09,358
2580,69,1,11,30
2580,69,2,samt,476
2580,69,2,09,411
2580,69,2,11,66
2580,70,1,samt,382
2580,70,1,09,363
2580,70,1,11,23
2580,70,2,samt,398
2580,70,2,09,356
2580,70,2,11,38
2580,71,1,samt,422
2580,71,1,09,390
2580,71,1,11,31
2580,71,2,samt,405
2580,71,2,09,361
2580,71,2,11,43
2580,72,1,samt,387
2580,72,1,09,367
2580,72,1,11,19
2580,72,2,samt,424
2580,72,2,09,381
2580,72,2,11,43
2580,73,1,samt,375
2580,73,1,09,352
2580,73,1,11,23
2580,73,2,samt,415
2580,73,2,09,370
2580,73,2,11,44
2580,74,1,samt,352
2580,74,1,09,326
2580,74,1,11,27
2580,74,2,samt,425
2580,74,2,09,381
2580,74,2,11,43
2580,75,1,samt,379
2580,75,1,09,352
2580,75,1,11,28
2580,75,2,samt,407
2580,75,2,09,375
2580,75,2,11,37
2580,76,1,samt,376
2580,76,1,09,360
2580,76,1,11,21
2580,76,2,samt,397
2580,76,2,09,368
2580,76,2,11,29
2580,77,1,samt,360
2580,77,1,09,345
2580,77,1,11,16
2580,77,2,samt,429
2580,77,2,09,394
2580,77,2,11,38
2580,78,1,samt,348
2580,78,1,09,329
2580,78,1,11,18
2580,78,2,samt,405
2580,78,2,09,364
2580,78,2,11,41
2580,79,1,samt,325
2580,79,1,09,316
2580,79,1,11,12
2580,79,2,samt,418
2580,79,2,09,376
2580,79,2,11,37
2582,0,1,samt,101
2582,0,1,09,101
2582,0,1,11,0
2582,0,2,samt,92
2582,0,2,09,92
2582,0,2,11,0
2582,1,1,samt,123
2582,1,1,09,119
2582,1,1,11,3
2582,1,2,samt,121
2582,1,2,09,119
2582,1,2,11,5
2582,2,1,samt,129
2582,2,1,09,115
2582,2,1,11,10
2582,2,2,samt,117
2582,2,2,09,110
2582,2,2,11,7
2582,3,1,samt,152
2582,3,1,09,147
2582,3,1,11,7
2582,3,2,samt,114
2582,3,2,09,105
2582,3,2,11,9
2582,4,1,samt,178
2582,4,1,09,169
2582,4,1,11,7
2582,4,2,samt,126
2582,4,2,09,112
2582,4,2,11,13
2582,5,1,samt,136
2582,5,1,09,129
2582,5,1,11,9
2582,5,2,samt,145
2582,5,2,09,136
2582,5,2,11,12
2582,6,1,samt,164
2582,6,1,09,143
2582,6,1,11,20
2582,6,2,samt,149
2582,6,2,09,135
2582,6,2,11,15
2582,7,1,samt,136
2582,7,1,09,125
2582,7,1,11,12
2582,7,2,samt,143
2582,7,2,09,132
2582,7,2,11,7
2582,8,1,samt,171
2582,8,1,09,157
2582,8,1,11,11
2582,8,2,samt,138
2582,8,2,09,127
2582,8,2,11,12
2582,9,1,samt,157
2582,9,1,09,150
2582,9,1,11,7
2582,9,2,samt,154
2582,9,2,09,143
2582,9,2,11,10
2582,10,1,samt,181
2582,10,1,09,168
2582,10,1,11,17
2582,10,2,samt,163
2582,10,2,09,141
2582,10,2,11,19
2582,11,1,samt,138
2582,11,1,09,129
2582,11,1,11,13
2582,11,2,samt,130
2582,11,2,09,122
2582,11,2,11,12
2582,12,1,samt,161
2582,12,1,09,149
2582,12,1,11,13
2582,12,2,samt,117
2582,12,2,09,104
2582,12,2,11,13
2582,13,1,samt,158
2582,13,1,09,138
2582,13,1,11,22
2582,13,2,samt,139
2582,13,2,09,123
2582,13,2,11,18
2582,14,1,samt,153
2582,14,1,09,134
2582,14,1,11,12
2582,14,2,samt,143
2582,14,2,09,123
2582,14,2,11,18
2582,15,1,samt,148
2582,15,1,09,131
2582,15,1,11,18
2582,15,2,samt,134
2582,15,2,09,121
2582,15,2,11,14
2582,16,1,samt,161
2582,16,1,09,138
2582,16,1,11,24
2582,16,2,samt,156
2582,16,2,09,126
2582,16,2,11,31
2582,17,1,samt,155
2582,17,1,09,126
2582,17,1,11,28
2582,17,2,samt,133
2582,17,2,09,109
2582,17,2,11,24
2582,18,1,samt,171
2582,18,1,09,150
2582,18,1,11,16
2582,18,2,samt,136
2582,18,2,09,115
2582,18,2,11,21
2582,19,1,samt,166
2582,19,1,09,134
2582,19,1,11,27
2582,19,2,samt,142
2582,19,2,09,127
2582,19,2,11,22
2582,20,1,samt,164
2582,20,1,09,142
2582,20,1,11,24
2582,20,2,samt,129
2582,20,2,09,107
2582,20,2,11,25
2582,21,1,samt,189
2582,21,1,09,165
2582,21,1,11,27
2582,21,2,samt,157
2582,21,2,09,149
2582,21,2,11,13
2582,22,1,samt,154
2582,22,1,09,128
2582,22,1,11,21
2582,22,2,samt,121
2582,22,2,09,105
2582,22,2,11,15
2582,23,1,samt,166
2582,23,1,09,132
2582,23,1,11,36
2582,23,2,samt,142
2582,23,2,09,124
2582,23,2,11,15
2582,24,1,samt,174
2582,24,1,09,141
2582,24,1,11,34
2582,24,2,samt,118
2582,24,2,09,100
2582,24,2,11,22
2582,25,1,samt,189
2582,25,1,09,133
2582,25,1,11,54
2582,25,2,samt,144
2582,25,2,09,125
2582,25,2,11,22
2582,26,1,samt,175
2582,26,1,09,111
2582,26,1,11,66
2582,26,2,samt,123
2582,26,2,09,91
2582,26,2,11,31
2582,27,1,samt,169
2582,27,1,09,109
2582,27,1,11,57
2582,27,2,samt,111
2582,27,2,09,81
2582,27,2,11,30
2582,28,1,samt,175
2582,28,1,09,128
2582,28,1,11,49
2582,28,2,samt,126
2582,28,2,09,100
2582,28,2,11,28
2582,29,1,samt,174
2582,29,1,09,129
2582,29,1,11,46
2582,29,2,samt,126
2582,29,2,09,97
2582,29,2,11,29
2582,30,1,samt,175
2582,30,1,09,137
2582,30,1,11,39
2582,30,2,samt,163
2582,30,2,09,111
2582,30,2,11,50
2582,31,1,samt,193
2582,31,1,09,149
2582,31,1,11,43
2582,31,2,samt,183
2582,31,2,09,148
2582,31,2,11,36
2582,32,1,samt,223
2582,32,1,09,173
2582,32,1,11,53
2582,32,2,samt,171
2582,32,2,09,132
2582,32,2,11,38
2582,33,1,samt,229
2582,33,1,09,175
2582,33,1,11,54
2582,33,2,samt,190
2582,33,2,09,146
2582,33,2,11,46
2582,34,1,samt,251
2582,34,1,09,185
2582,34,1,11,65
2582,34,2,samt,170
2582,34,2,09,125
2582,34,2,11,44
2582,35,1,samt,254
2582,35,1,09,191
2582,35,1,11,61
2582,35,2,samt,209
2582,35,2,09,165
2582,35,2,11,45
2582,36,1,samt,227
2582,36,1,09,167
2582,36,1,11,59
2582,36,2,samt,174
2582,36,2,09,137
2582,36,2,11,39
2582,37,1,samt,201
2582,37,1,09,160
2582,37,1,11,39
2582,37,2,samt,187
2582,37,2,09,131
2582,37,2,11,53
2582,38,1,samt,201
2582,38,1,09,150
2582,38,1,11,52
2582,38,2,samt,190
2582,38,2,09,150
2582,38,2,11,36
2582,39,1,samt,183
2582,39,1,09,129
2582,39,1,11,53
2582,39,2,samt,163
2582,39,2,09,133
2582,39,2,11,34
2582,40,1,samt,197
2582,40,1,09,143
2582,40,1,11,56
2582,40,2,samt,161
2582,40,2,09,123
2582,40,2,11,36
2582,41,1,samt,179
2582,41,1,09,123
2582,41,1,11,55
2582,41,2,samt,156
2582,41,2,09,119
2582,41,2,11,39
2582,42,1,samt,185
2582,42,1,09,133
2582,42,1,11,52
2582,42,2,samt,135
2582,42,2,09,106
2582,42,2,11,28
2582,43,1,samt,181
2582,43,1,09,125
2582,43,1,11,54
2582,43,2,samt,156
2582,43,2,09,122
2582,43,2,11,35
2582,44,1,samt,179
2582,44,1,09,140
2582,44,1,11,40
2582,44,2,samt,166
2582,44,2,09,136
2582,44,2,11,35
2582,45,1,samt,170
2582,45,1,09,135
2582,45,1,11,36
2582,45,2,samt,160
2582,45,2,09,114
2582,45,2,11,40
2582,46,1,samt,165
2582,46,1,09,120
2582,46,1,11,45
2582,46,2,samt,145
2582,46,2,09,105
2582,46,2,11,37
2582,47,1,samt,197
2582,47,1,09,147
2582,47,1,11,44
2582,47,2,samt,137
2582,47,2,09,100
2582,47,2,11,38
2582,48,1,samt,136
2582,48,1,09,107
2582,48,1,11,26
2582,48,2,samt,151
2582,48,2,09,109
2582,48,2,11,40
2582,49,1,samt,155
2582,49,1,09,119
2582,49,1,11,39
2582,49,2,samt,146
2582,49,2,09,112
2582,49,2,11,30
2582,50,1,samt,190
2582,50,1,09,152
2582,50,1,11,40
2582,50,2,samt,189
2582,50,2,09,152
2582,50,2,11,35
2582,51,1,samt,173
2582,51,1,09,140
2582,51,1,11,32
2582,51,2,samt,171
2582,51,2,09,137
2582,51,2,11,36
2582,52,1,samt,160
2582,52,1,09,127
2582,52,1,11,34
2582,52,2,samt,180
2582,52,2,09,151
2582,52,2,11,30
2582,53,1,samt,186
2582,53,1,09,158
2582,53,1,11,31
2582,53,2,samt,189
2582,53,2,09,154
2582,53,2,11,33
2582,54,1,samt,214
2582,54,1,09,177
2582,54,1,11,36
2582,54,2,samt,171
2582,54,2,09,154
2582,54,2,11,20
2582,55,1,samt,177
2582,55,1,09,154
2582,55,1,11,21
2582,55,2,samt,175
2582,55,2,09,147
2582,55,2,11,29
2582,56,1,samt,177
2582,56,1,09,149
2582,56,1,11,28
2582,56,2,samt,154
2582,56,2,09,135
2582,56,2,11,23
2582,57,1,samt,172
2582,57,1,09,153
2582,57,1,11,18
2582,57,2,samt,177
2582,57,2,09,148
2582,57,2,11,27
2582,58,1,samt,173
2582,58,1,09,155
2582,58,1,11,18
2582,58,2,samt,173
2582,58,2,09,163
2582,58,2,11,13
2582,59,1,samt,240
2582,59,1,09,222
2582,59,1,11,19
2582,59,2,samt,167
2582,59,2,09,149
2582,59,2,11,14
2582,60,1,samt,195
2582,60,1,09,175
2582,60,1,11,21
2582,60,2,samt,201
2582,60,2,09,175
2582,60,2,11,23
2582,61,1,samt,184
2582,61,1,09,157
2582,61,1,11,30
2582,61,2,samt,167
2582,61,2,09,147
2582,61,2,11,19
2582,62,1,samt,164
2582,62,1,09,140
2582,62,1,11,17
2582,62,2,samt,165
2582,62,2,09,154
2582,62,2,11,12
2582,63,1,samt,155
2582,63,1,09,136
2582,63,1,11,15
2582,63,2,samt,171
2582,63,2,09,148
2582,63,2,11,20
2582,64,1,samt,168
2582,64,1,09,152
2582,64,1,11,10
2582,64,2,samt,158
2582,64,2,09,143
2582,64,2,11,18
2582,65,1,samt,148
2582,65,1,09,127
2582,65,1,11,23
2582,65,2,samt,181
2582,65,2,09,162
2582,65,2,11,20
2582,66,1,samt,195
2582,66,1,09,188
2582,66,1,11,9
2582,66,2,samt,180
2582,66,2,09,168
2582,66,2,11,12
2582,67,1,samt,168
2582,67,1,09,151
2582,67,1,11,15
2582,67,2,samt,182
2582,67,2,09,172
2582,67,2,11,10
2582,68,1,samt,179
2582,68,1,09,160
2582,68,1,11,20
2582,68,2,samt,196
2582,68,2,09,177
2582,68,2,11,18
2582,69,1,samt,192
2582,69,1,09,183
2582,69,1,11,8
2582,69,2,samt,161
2582,69,2,09,154
2582,69,2,11,9
2582,70,1,samt,161
2582,70,1,09,150
2582,70,1,11,8
2582,70,2,samt,183
2582,70,2,09,167
2582,70,2,11,12
2582,71,1,samt,163
2582,71,1,09,153
2582,71,1,11,11
2582,71,2,samt,164
2582,71,2,09,153
2582,71,2,11,12
2582,72,1,samt,176
2582,72,1,09,171
2582,72,1,11,7
2582,72,2,samt,178
2582,72,2,09,167
2582,72,2,11,11
2582,73,1,samt,178
2582,73,1,09,164
2582,73,1,11,10
2582,73,2,samt,182
2582,73,2,09,173
2582,73,2,11,11
2582,74,1,samt,144
2582,74,1,09,142
2582,74,1,11,3
2582,74,2,samt,171
2582,74,2,09,160
2582,74,2,11,11
2582,75,1,samt,170
2582,75,1,09,160
2582,75,1,11,11
2582,75,2,samt,149
2582,75,2,09,139
2582,75,2,11,10
2582,76,1,samt,173
2582,76,1,09,167
2582,76,1,11,4
2582,76,2,samt,176
2582,76,2,09,167
2582,76,2,11,6
2582,77,1,samt,161
2582,77,1,09,158
2582,77,1,11,3
2582,77,2,samt,191
2582,77,2,09,178
2582,77,2,11,10
2582,78,1,samt,150
2582,78,1,09,143
2582,78,1,11,7
2582,78,2,samt,191
2582,78,2,09,180
2582,78,2,11,6
2582,79,1,samt,179
2582,79,1,09,173
2582,79,1,11,5
2582,79,2,samt,184
2582,79,2,09,167
2582,79,2,11,16
2581,0,1,samt,175
2581,0,1,09,175
2581,0,1,11,0
2581,0,2,samt,170
2581,0,2,09,165
2581,0,2,11,0
2581,1,1,samt,186
2581,1,1,09,186
2581,1,1,11,0
2581,1,2,samt,161
2581,1,2,09,161
2581,1,2,11,0
2581,2,1,samt,198
2581,2,1,09,194
2581,2,1,11,8
2581,2,2,samt,194
2581,2,2,09,191
2581,2,2,11,0
2581,3,1,samt,216
2581,3,1,09,213
2581,3,1,11,4
2581,3,2,samt,191
2581,3,2,09,190
2581,3,2,11,3
2581,4,1,samt,253
2581,4,1,09,249
2581,4,1,11,8
2581,4,2,samt,213
2581,4,2,09,206
2581,4,2,11,6
2581,5,1,samt,209
2581,5,1,09,203
2581,5,1,11,7
2581,5,2,samt,227
2581,5,2,09,217
2581,5,2,11,10
2581,6,1,samt,254
2581,6,1,09,249
2581,6,1,11,4
2581,6,2,samt,222
2581,6,2,09,215
2581,6,2,11,6
2581,7,1,samt,189
2581,7,1,09,181
2581,7,1,11,8
2581,7,2,samt,209
2581,7,2,09,203
2581,7,2,11,3
2581,8,1,samt,228
2581,8,1,09,210
2581,8,1,11,16
2581,8,2,samt,246
2581,8,2,09,235
2581,8,2,11,8
2581,9,1,samt,261
2581,9,1,09,250
2581,9,1,11,11
2581,9,2,samt,220
2581,9,2,09,213
2581,9,2,11,6
2581,10,1,samt,232
2581,10,1,09,228
2581,10,1,11,8
2581,10,2,samt,232
2581,10,2,09,219
2581,10,2,11,9
2581,11,1,samt,261
2581,11,1,09,243
2581,11,1,11,20
2581,11,2,samt,241
2581,11,2,09,227
2581,11,2,11,16
2581,12,1,samt,236
2581,12,1,09,221
2581,12,1,11,13
2581,12,2,samt,264
2581,12,2,09,245
2581,12,2,11,21
2581,13,1,samt,232
2581,13,1,09,224
2581,13,1,11,9
2581,13,2,samt,229
2581,13,2,09,208
2581,13,2,11,17
2581,14,1,samt,242
2581,14,1,09,229
2581,14,1,11,15
2581,14,2,samt,230
2581,14,2,09,205
2581,14,2,11,27
2581,15,1,samt,240
2581,15,1,09,218
2581,15,1,11,19
2581,15,2,samt,235
2581,15,2,09,214
2581,15,2,11,19
2581,16,1,samt,219
2581,16,1,09,202
2581,16,1,11,18
2581,16,2,samt,240
2581,16,2,09,222
2581,16,2,11,20
2581,17,1,samt,269
2581,17,1,09,252
2581,17,1,11,15
2581,17,2,samt,228
2581,17,2,09,207
2581,17,2,11,21
2581,18,1,samt,251
2581,18,1,09,224
2581,18,1,11,28
2581,18,2,samt,215
2581,18,2,09,194
2581,18,2,11,14
2581,19,1,samt,244
2581,19,1,09,226
2581,19,1,11,19
2581,19,2,samt,216
2581,19,2,09,201
2581,19,2,11,16
2581,20,1,samt,233
2581,20,1,09,202
2581,20,1,11,29
2581,20,2,samt,181
2581,20,2,09,166
2581,20,2,11,12
2581,21,1,samt,236
2581,21,1,09,206
2581,21,1,11,28
2581,21,2,samt,193
2581,21,2,09,178
2581,21,2,11,19
2581,22,1,samt,229
2581,22,1,09,203
2581,22,1,11,26
2581,22,2,samt,196
2581,22,2,09,179
2581,22,2,11,24
2581,23,1,samt,220
2581,23,1,09,188
2581,23,1,11,31
2581,23,2,samt,177
2581,23,2,09,164
2581,23,2,11,18
2581,24,1,samt,233
2581,24,1,09,205
2581,24,1,11,31
2581,24,2,samt,191
2581,24,2,09,159
2581,24,2,11,34
2581,25,1,samt,221
2581,25,1,09,191
2581,25,1,11,31
2581,25,2,samt,198
2581,25,2,09,172
2581,25,2,11,26
2581,26,1,samt,251
2581,26,1,09,187
2581,26,1,11,63
2581,26,2,samt,185
2581,26,2,09,157
2581,26,2,11,28
2581,27,1,samt,241
2581,27,1,09,214
2581,27,1,11,28
2581,27,2,samt,170
2581,27,2,09,143
2581,27,2,11,30
2581,28,1,samt,203
2581,28,1,09,165
2581,28,1,11,37
2581,28,2,samt,208
2581,28,2,09,178
2581,28,2,11,31
2581,29,1,samt,250
2581,29,1,09,218
2581,29,1,11,36
2581,29,2,samt,204
2581,29,2,09,179
2581,29,2,11,25
2581,30,1,samt,236
2581,30,1,09,208
2581,30,1,11,28
2581,30,2,samt,227
2581,30,2,09,198
2581,30,2,11,30
2581,31,1,samt,261
2581,31,1,09,227
2581,31,1,11,35
2581,31,2,samt,255
2581,31,2,09,225
2581,31,2,11,35
2581,32,1,samt,270
2581,32,1,09,239
2581,32,1,11,27
2581,32,2,samt,270
2581,32,2,09,239
2581,32,2,11,32
2581,33,1,samt,296
2581,33,1,09,256
2581,33,1,11,38
2581,33,2,samt,300
2581,33,2,09,266
2581,33,2,11,32
2581,34,1,samt,276
2581,34,1,09,255
2581,34,1,11,20
2581,34,2,samt,297
2581,34,2,09,268
2581,34,2,11,30
2581,35,1,samt,316
2581,35,1,09,286
2581,35,1,11,33
2581,35,2,samt,277
2581,35,2,09,251
2581,35,2,11,24
2581,36,1,samt,325
2581,36,1,09,291
2581,36,1,11,33
2581,36,2,samt,271
2581,36,2,09,242
2581,36,2,11,29
2581,37,1,samt,301
2581,37,1,09,268
2581,37,1,11,32
2581,37,2,samt,278
2581,37,2,09,243
2581,37,2,11,36
2581,38,1,samt,279
2581,38,1,09,247
2581,38,1,11,28
2581,38,2,samt,265
2581,38,2,09,223
2581,38,2,11,43
2581,39,1,samt,267
2581,39,1,09,238
2581,39,1,11,29
2581,39,2,samt,250
2581,39,2,09,211
2581,39,2,11,39
2581,40,1,samt,284
2581,40,1,09,254
2581,40,1,11,33
2581,40,2,samt,219
2581,40,2,09,189
2581,40,2,11,34
2581,41,1,samt,232
2581,41,1,09,210
2581,41,1,11,27
2581,41,2,samt,248
2581,41,2,09,216
2581,41,2,11,32
2581,42,1,samt,244
2581,42,1,09,213
2581,42,1,11,38
2581,42,2,samt,251
2581,42,2,09,218
2581,42,2,11,36
2581,43,1,samt,256
2581,43,1,09,229
2581,43,1,11,25
2581,43,2,samt,240
2581,43,2,09,213
2581,43,2,11,27
2581,44,1,samt,234
2581,44,1,09,213
2581,44,1,11,24
2581,44,2,samt,238
2581,44,2,09,209
2581,44,2,11,33
2581,45,1,samt,263
2581,45,1,09,233
2581,45,1,11,29
2581,45,2,samt,242
2581,45,2,09,209
2581,45,2,11,34
2581,46,1,samt,246
2581,46,1,09,213
2581,46,1,11,31
2581,46,2,samt,221
2581,46,2,09,191
2581,46,2,11,31
2581,47,1,samt,260
2581,47,1,09,227
2581,47,1,11,32
2581,47,2,samt,213
2581,47,2,09,185
2581,47,2,11,28
2581,48,1,samt,223
2581,48,1,09,201
2581,48,1,11,22
2581,48,2,samt,230
2581,48,2,09,201
2581,48,2,11,30
2581,49,1,samt,239
2581,49,1,09,225
2581,49,1,11,15
2581,49,2,samt,241
2581,49,2,09,215
2581,49,2,11,25
2581,50,1,samt,229
2581,50,1,09,214
2581,50,1,11,17
2581,50,2,samt,272
2581,50,2,09,231
2581,50,2,11,36
2581,51,1,samt,261
2581,51,1,09,241
2581,51,1,11,22
2581,51,2,samt,313
2581,51,2,09,291
2581,51,2,11,25
2581,52,1,samt,234
2581,52,1,09,222
2581,52,1,11,16
2581,52,2,samt,278
2581,52,2,09,252
2581,52,2,11,28
2581,53,1,samt,303
2581,53,1,09,281
2581,53,1,11,17
2581,53,2,samt,268
2581,53,2,09,242
2581,53,2,11,23
2581,54,1,samt,313
2581,54,1,09,285
2581,54,1,11,23
2581,54,2,samt,258
2581,54,2,09,236
2581,54,2,11,21
2581,55,1,samt,286
2581,55,1,09,270
2581,55,1,11,16
2581,55,2,samt,273
2581,55,2,09,242
2581,55,2,11,27
2581,56,1,samt,256
2581,56,1,09,245
2581,56,1,11,13
2581,56,2,samt,267
2581,56,2,09,243
2581,56,2,11,23
2581,57,1,samt,299
2581,57,1,09,282
2581,57,1,11,15
2581,57,2,samt,284
2581,57,2,09,268
2581,57,2,11,18
2581,58,1,samt,292
2581,58,1,09,281
2581,58,1,11,13
2581,58,2,samt,279
2581,58,2,09,262
2581,58,2,11,17
2581,59,1,samt,285
2581,59,1,09,276
2581,59,1,11,10
2581,59,2,samt,274
2581,59,2,09,263
2581,59,2,11,15
2581,60,1,samt,288
2581,60,1,09,281
2581,60,1,11,12
2581,60,2,samt,262
2581,60,2,09,247
2581,60,2,11,12
2581,61,1,samt,269
2581,61,1,09,259
2581,61,1,11,12
2581,61,2,samt,283
2581,61,2,09,270
2581,61,2,11,15
2581,62,1,samt,271
2581,62,1,09,257
2581,62,1,11,17
2581,62,2,samt,275
2581,62,2,09,257
2581,62,2,11,18
2581,63,1,samt,254
2581,63,1,09,240
2581,63,1,11,11
2581,63,2,samt,236
2581,63,2,09,218
2581,63,2,11,20
2581,64,1,samt,241
2581,64,1,09,231
2581,64,1,11,13
2581,64,2,samt,239
2581,64,2,09,230
2581,64,2,11,11
2581,65,1,samt,242
2581,65,1,09,233
2581,65,1,11,9
2581,65,2,samt,231
2581,65,2,09,221
2581,65,2,11,8
2581,66,1,samt,248
2581,66,1,09,234
2581,66,1,11,10
2581,66,2,samt,264
2581,66,2,09,245
2581,66,2,11,20
2581,67,1,samt,276
2581,67,1,09,267
2581,67,1,11,6
2581,67,2,samt,259
2581,67,2,09,239
2581,67,2,11,23
2581,68,1,samt,240
2581,68,1,09,232
2581,68,1,11,7
2581,68,2,samt,273
2581,68,2,09,257
2581,68,2,11,11
2581,69,1,samt,225
2581,69,1,09,216
2581,69,1,11,5
2581,69,2,samt,279
2581,69,2,09,267
2581,69,2,11,15
2581,70,1,samt,240
2581,70,1,09,229
2581,70,1,11,8
2581,70,2,samt,277
2581,70,2,09,264
2581,70,2,11,16
2581,71,1,samt,231
2581,71,1,09,222
2581,71,1,11,7
2581,71,2,samt,244
2581,71,2,09,231
2581,71,2,11,18
2581,72,1,samt,274
2581,72,1,09,265
2581,72,1,11,8
2581,72,2,samt,255
2581,72,2,09,242
2581,72,2,11,9
2581,73,1,samt,212
2581,73,1,09,206
2581,73,1,11,3
2581,73,2,samt,263
2581,73,2,09,247
2581,73,2,11,14
2581,74,1,samt,232
2581,74,1,09,221
2581,74,1,11,10
2581,74,2,samt,249
2581,74,2,09,234
2581,74,2,11,13
2581,75,1,samt,233
2581,75,1,09,227
2581,75,1,11,0
2581,75,2,samt,242
2581,75,2,09,230
2581,75,2,11,8
2581,76,1,samt,269
2581,76,1,09,261
2581,76,1,11,5
2581,76,2,samt,239
2581,76,2,09,230
2581,76,2,11,7
2581,77,1,samt,262
2581,77,1,09,258
2581,77,1,11,4
2581,77,2,samt,281
2581,77,2,09,265
2581,77,2,11,13
2581,78,1,samt,225
2581,78,1,09,220
2581,78,1,11,7
2581,78,2,samt,276
2581,78,2,09,264
2581,78,2,11,15
2581,79,1,samt,223
2581,79,1,09,214
2581,79,1,11,3
2581,79,2,samt,241
2581,79,2,09,227
2581,79,2,11,14
2560,0,1,samt,36
2560,0,1,09,36
2560,0,1,11,0
2560,0,2,samt,33
2560,0,2,09,33
2560,0,2,11,0
2560,1,1,samt,42
2560,1,1,09,42
2560,1,1,11,0
2560,1,2,samt,33
2560,1,2,09,32
2560,1,2,11,3
2560,2,1,samt,42
2560,2,1,09,40
2560,2,1,11,3
2560,2,2,samt,28
2560,2,2,09,21
2560,2,2,11,3
2560,3,1,samt,42
2560,3,1,09,42
2560,3,1,11,0
2560,3,2,samt,38
2560,3,2,09,38
2560,3,2,11,0
2560,4,1,samt,47
2560,4,1,09,40
2560,4,1,11,6
2560,4,2,samt,39
2560,4,2,09,40
2560,4,2,11,6
2560,5,1,samt,36
2560,5,1,09,32
2560,5,1,11,0
2560,5,2,samt,35
2560,5,2,09,35
2560,5,2,11,0
2560,6,1,samt,58
2560,6,1,09,50
2560,6,1,11,4
2560,6,2,samt,41
2560,6,2,09,38
2560,6,2,11,3
2560,7,1,samt,29
2560,7,1,09,26
2560,7,1,11,3
2560,7,2,samt,48
2560,7,2,09,43
2560,7,2,11,6
2560,8,1,samt,31
2560,8,1,09,30
2560,8,1,11,0
2560,8,2,samt,40
2560,8,2,09,36
2560,8,2,11,5
2560,9,1,samt,42
2560,9,1,09,41
2560,9,1,11,6
2560,9,2,samt,40
2560,9,2,09,41
2560,9,2,11,3
2560,10,1,samt,46
2560,10,1,09,42
2560,10,1,11,4
2560,10,2,samt,40
2560,10,2,09,38
2560,10,2,11,5
2560,11,1,samt,39
2560,11,1,09,39
2560,11,1,11,3
2560,11,2,samt,32
2560,11,2,09,27
2560,11,2,11,3
2560,12,1,samt,42
2560,12,1,09,42
2560,12,1,11,0
2560,12,2,samt,31
2560,12,2,09,29
2560,12,2,11,3
2560,13,1,samt,45
2560,13,1,09,37
2560,13,1,11,6
2560,13,2,samt,49
2560,13,2,09,47
2560,13,2,11,3
2560,14,1,samt,42
2560,14,1,09,42
2560,14,1,11,3
2560,14,2,samt,52
2560,14,2,09,46
2560,14,2,11,5
2560,15,1,samt,44
2560,15,1,09,40
2560,15,1,11,3
2560,15,2,samt,33
2560,15,2,09,31
2560,15,2,11,3
2560,16,1,samt,45
2560,16,1,09,33
2560,16,1,11,6
2560,16,2,samt,40
2560,16,2,09,37
2560,16,2,11,4
2560,17,1,samt,36
2560,17,1,09,32
2560,17,1,11,4
2560,17,2,samt,48
2560,17,2,09,43
2560,17,2,11,7
2560,18,1,samt,40
2560,18,1,09,35
2560,18,1,11,4
2560,18,2,samt,30
2560,18,2,09,27
2560,18,2,11,4
2560,19,1,samt,42
2560,19,1,09,32
2560,19,1,11,8
2560,19,2,samt,35
2560,19,2,09,32
2560,19,2,11,3
2560,20,1,samt,32
2560,20,1,09,28
2560,20,1,11,4
2560,20,2,samt,40
2560,20,2,09,34
2560,20,2,11,6
2560,21,1,samt,43
2560,21,1,09,35
2560,21,1,11,4
2560,21,2,samt,34
2560,21,2,09,29
2560,21,2,11,4
2560,22,1,samt,41
2560,22,1,09,32
2560,22,1,11,4
2560,22,2,samt,30
2560,22,2,09,23
2560,22,2,11,10
2560,23,1,samt,40
2560,23,1,09,31
2560,23,1,11,5
2560,23,2,samt,23
2560,23,2,09,16
2560,23,2,11,4
2560,24,1,samt,50
2560,24,1,09,38
2560,24,1,11,8
2560,24,2,samt,25
2560,24,2,09,22
2560,24,2,11,0
2560,25,1,samt,40
2560,25,1,09,25
2560,25,1,11,19
2560,25,2,samt,30
2560,25,2,09,26
2560,25,2,11,5
2560,26,1,samt,57
2560,26,1,09,36
2560,26,1,11,23
2560,26,2,samt,39
2560,26,2,09,30
2560,26,2,11,7
2560,27,1,samt,34
2560,27,1,09,25
2560,27,1,11,7
2560,27,2,samt,22
2560,27,2,09,15
2560,27,2,11,4
2560,28,1,samt,40
2560,28,1,09,30
2560,28,1,11,9
2560,28,2,samt,42
2560,28,2,09,39
2560,28,2,11,4
2560,29,1,samt,40
2560,29,1,09,34
2560,29,1,11,4
2560,29,2,samt,38
2560,29,2,09,32
2560,29,2,11,6
2560,30,1,samt,44
2560,30,1,09,36
2560,30,1,11,12
2560,30,2,samt,47
2560,30,2,09,34
2560,30,2,11,11
2560,31,1,samt,48
2560,31,1,09,38
2560,31,1,11,8
2560,31,2,samt,39
2560,31,2,09,31
2560,31,2,11,9
2560,32,1,samt,50
2560,32,1,09,40
2560,32,1,11,8
2560,32,2,samt,39
2560,32,2,09,36
2560,32,2,11,7
2560,33,1,samt,49
2560,33,1,09,43
2560,33,1,11,6
2560,33,2,samt,53
2560,33,2,09,40
2560,33,2,11,13
2560,34,1,samt,70
2560,34,1,09,57
2560,34,1,11,12
2560,34,2,samt,67
2560,34,2,09,52
2560,34,2,11,15
2560,35,1,samt,64
2560,35,1,09,52
2560,35,1,11,8
2560,35,2,samt,47
2560,35,2,09,40
2560,35,2,11,6
2560,36,1,samt,43
2560,36,1,09,41
2560,36,1,11,3
2560,36,2,samt,57
2560,36,2,09,49
2560,36,2,11,9
2560,37,1,samt,72
2560,37,1,09,60
2560,37,1,11,10
2560,37,2,samt,36
2560,37,2,09,25
2560,37,2,11,10
2560,38,1,samt,49
2560,38,1,09,36
2560,38,1,11,15
2560,38,2,samt,54
2560,38,2,09,46
2560,38,2,11,7
2560,39,1,samt,47
2560,39,1,09,41
2560,39,1,11,6
2560,39,2,samt,27
2560,39,2,09,26
2560,39,2,11,7
2560,40,1,samt,35
2560,40,1,09,29
2560,40,1,11,10
2560,40,2,samt,47
2560,40,2,09,36
2560,40,2,11,12
2560,41,1,samt,41
2560,41,1,09,32
2560,41,1,11,6
2560,41,2,samt,45
2560,41,2,09,40
2560,41,2,11,6
2560,42,1,samt,47
2560,42,1,09,37
2560,42,1,11,12
2560,42,2,samt,42
2560,42,2,09,32
2560,42,2,11,6
2560,43,1,samt,51
2560,43,1,09,43
2560,43,1,11,8
2560,43,2,samt,29
2560,43,2,09,20
2560,43,2,11,8
2560,44,1,samt,51
2560,44,1,09,39
2560,44,1,11,10
2560,44,2,samt,38
2560,44,2,09,22
2560,44,2,11,14
2560,45,1,samt,42
2560,45,1,09,33
2560,45,1,11,13
2560,45,2,samt,42
2560,45,2,09,34
2560,45,2,11,10
2560,46,1,samt,40
2560,46,1,09,37
2560,46,1,11,5
2560,46,2,samt,38
2560,46,2,09,28
2560,46,2,11,11
2560,47,1,samt,42
2560,47,1,09,30
2560,47,1,11,10
2560,47,2,samt,40
2560,47,2,09,25
2560,47,2,11,11
2560,48,1,samt,39
2560,48,1,09,28
2560,48,1,11,9
2560,48,2,samt,39
2560,48,2,09,32
2560,48,2,11,7
2560,49,1,samt,46
2560,49,1,09,34
2560,49,1,11,8
2560,49,2,samt,44
2560,49,2,09,36
2560,49,2,11,6
2560,50,1,samt,57
2560,50,1,09,53
2560,50,1,11,6
2560,50,2,samt,41
2560,50,2,09,30
2560,50,2,11,12
2560,51,1,samt,50
2560,51,1,09,45
2560,51,1,11,3
2560,51,2,samt,57
2560,51,2,09,42
2560,51,2,11,16
2560,52,1,samt,61
2560,52,1,09,51
2560,52,1,11,4
2560,52,2,samt,50
2560,52,2,09,42
2560,52,2,11,11
2560,53,1,samt,51
2560,53,1,09,47
2560,53,1,11,3
2560,53,2,samt,48
2560,53,2,09,36
2560,53,2,11,10
2560,54,1,samt,42
2560,54,1,09,41
2560,54,1,11,7
2560,54,2,samt,42
2560,54,2,09,34
2560,54,2,11,10
2560,55,1,samt,55
2560,55,1,09,55
2560,55,1,11,0
2560,55,2,samt,42
2560,55,2,09,41
2560,55,2,11,4
2560,56,1,samt,59
2560,56,1,09,53
2560,56,1,11,6
2560,56,2,samt,43
2560,56,2,09,42
2560,56,2,11,0
2560,57,1,samt,43
2560,57,1,09,34
2560,57,1,11,10
2560,57,2,samt,59
2560,57,2,09,51
2560,57,2,11,5
2560,58,1,samt,52
2560,58,1,09,45
2560,58,1,11,3
2560,58,2,samt,74
2560,58,2,09,63
2560,58,2,11,6
2560,59,1,samt,54
2560,59,1,09,51
2560,59,1,11,3
2560,59,2,samt,41
2560,59,2,09,34
2560,59,2,11,8
2560,60,1,samt,66
2560,60,1,09,57
2560,60,1,11,6
2560,60,2,samt,51
2560,60,2,09,45
2560,60,2,11,5
2560,61,1,samt,56
2560,61,1,09,52
2560,61,1,11,4
2560,61,2,samt,56
2560,61,2,09,49
2560,61,2,11,6
2560,62,1,samt,47
2560,62,1,09,47
2560,62,1,11,0
2560,62,2,samt,31
2560,62,2,09,29
2560,62,2,11,4
2560,63,1,samt,56
2560,63,1,09,48
2560,63,1,11,7
2560,63,2,samt,46
2560,63,2,09,44
2560,63,2,11,4
2560,64,1,samt,50
2560,64,1,09,44
2560,64,1,11,0
2560,64,2,samt,43
2560,64,2,09,38
2560,64,2,11,3
2560,65,1,samt,56
2560,65,1,09,53
2560,65,1,11,3
2560,65,2,samt,51
2560,65,2,09,41
2560,65,2,11,4
2560,66,1,samt,47
2560,66,1,09,37
2560,66,1,11,8
2560,66,2,samt,56
2560,66,2,09,56
2560,66,2,11,0
2560,67,1,samt,60
2560,67,1,09,59
2560,67,1,11,3
2560,67,2,samt,50
2560,67,2,09,46
2560,67,2,11,3
2560,68,1,samt,45
2560,68,1,09,45
2560,68,1,11,0
2560,68,2,samt,55
2560,68,2,09,52
2560,68,2,11,3
2560,69,1,samt,45
2560,69,1,09,44
2560,69,1,11,0
2560,69,2,samt,41
2560,69,2,09,40
2560,69,2,11,0
2560,70,1,samt,41
2560,70,1,09,41
2560,70,1,11,3
2560,70,2,samt,44
2560,70,2,09,38
2560,70,2,11,4
2560,71,1,samt,53
2560,71,1,09,51
2560,71,1,11,3
2560,71,2,samt,43
2560,71,2,09,39
2560,71,2,11,6
2560,72,1,samt,63
2560,72,1,09,59
2560,72,1,11,0
2560,72,2,samt,51
2560,72,2,09,46
2560,72,2,11,0
2560,73,1,samt,60
2560,73,1,09,57
2560,73,1,11,6
2560,73,2,samt,46
2560,73,2,09,42
2560,73,2,11,3
2560,74,1,samt,56
2560,74,1,09,51
2560,74,1,11,3
2560,74,2,samt,60
2560,74,2,09,52
2560,74,2,11,4
2560,75,1,samt,57
2560,75,1,09,56
2560,75,1,11,3
2560,75,2,samt,44
2560,75,2,09,40
2560,75,2,11,3
2560,76,1,samt,44
2560,76,1,09,41
2560,76,1,11,3
2560,76,2,samt,39
2560,76,2,09,33
2560,76,2,11,4
2560,77,1,samt,43
2560,77,1,09,43
2560,77,1,11,0
2560,77,2,samt,44
2560,77,2,09,42
2560,77,2,11,0
2560,78,1,samt,47
2560,78,1,09,47
2560,78,1,11,0
2560,78,2,samt,50
2560,78,2,09,50
2560,78,2,11,0
2560,79,1,samt,39
2560,79,1,09,37
2560,79,1,11,3
2560,79,2,samt,45
2560,79,2,09,42
2560,79,2,11,3
2514,0,1,samt,41
2514,0,1,09,41
2514,0,1,11,0
2514,0,2,samt,53
2514,0,2,09,53
2514,0,2,11,0
2514,1,1,samt,68
2514,1,1,09,68
2514,1,1,11,0
2514,1,2,samt,55
2514,1,2,09,55
2514,1,2,11,0
2514,2,1,samt,65
2514,2,1,09,65
2514,2,1,11,0
2514,2,2,samt,51
2514,2,2,09,49
2514,2,2,11,6
2514,3,1,samt,62
2514,3,1,09,61
2514,3,1,11,3
2514,3,2,samt,65
2514,3,2,09,66
2514,3,2,11,3
2514,4,1,samt,77
2514,4,1,09,73
2514,4,1,11,0
2514,4,2,samt,70
2514,4,2,09,70
2514,4,2,11,0
2514,5,1,samt,68
2514,5,1,09,69
2514,5,1,11,3
2514,5,2,samt,73
2514,5,2,09,68
2514,5,2,11,4
2514,6,1,samt,71
2514,6,1,09,71
2514,6,1,11,0
2514,6,2,samt,71
2514,6,2,09,70
2514,6,2,11,3
2514,7,1,samt,75
2514,7,1,09,74
2514,7,1,11,4
2514,7,2,samt,64
2514,7,2,09,61
2514,7,2,11,3
2514,8,1,samt,76
2514,8,1,09,73
2514,8,1,11,0
2514,8,2,samt,71
2514,8,2,09,70
2514,8,2,11,4
2514,9,1,samt,66
2514,9,1,09,62
2514,9,1,11,5
2514,9,2,samt,58
2514,9,2,09,52
2514,9,2,11,4
2514,10,1,samt,86
2514,10,1,09,81
2514,10,1,11,3
2514,10,2,samt,78
2514,10,2,09,73
2514,10,2,11,5
2514,11,1,samt,87
2514,11,1,09,81
2514,11,1,11,9
2514,11,2,samt,64
2514,11,2,09,57
2514,11,2,11,5
2514,12,1,samt,76
2514,12,1,09,66
2514,12,1,11,10
2514,12,2,samt,73
2514,12,2,09,66
2514,12,2,11,9
2514,13,1,samt,73
2514,13,1,09,64
2514,13,1,11,14
2514,13,2,samt,73
2514,13,2,09,66
2514,13,2,11,4
2514,14,1,samt,77
2514,14,1,09,67
2514,14,1,11,10
2514,14,2,samt,76
2514,14,2,09,64
2514,14,2,11,9
2514,15,1,samt,90
2514,15,1,09,79
2514,15,1,11,9
2514,15,2,samt,84
2514,15,2,09,79
2514,15,2,11,4
2514,16,1,samt,83
2514,16,1,09,75
2514,16,1,11,10
2514,16,2,samt,68
2514,16,2,09,63
2514,16,2,11,6
2514,17,1,samt,89
2514,17,1,09,81
2514,17,1,11,6
2514,17,2,samt,77
2514,17,2,09,74
2514,17,2,11,5
2514,18,1,samt,87
2514,18,1,09,76
2514,18,1,11,8
2514,18,2,samt,75
2514,18,2,09,66
2514,18,2,11,5
2514,19,1,samt,95
2514,19,1,09,84
2514,19,1,11,15
2514,19,2,samt,63
2514,19,2,09,56
2514,19,2,11,3
2514,20,1,samt,76
2514,20,1,09,70
2514,20,1,11,5
2514,20,2,samt,72
2514,20,2,09,64
2514,20,2,11,6
2514,21,1,samt,71
2514,21,1,09,61
2514,21,1,11,6
2514,21,2,samt,67
2514,21,2,09,59
2514,21,2,11,7
2514,22,1,samt,71
2514,22,1,09,62
2514,22,1,11,9
2514,22,2,samt,58
2514,22,2,09,51
2514,22,2,11,7
2514,23,1,samt,68
2514,23,1,09,60
2514,23,1,11,10
2514,23,2,samt,38
2514,23,2,09,30
2514,23,2,11,5
2514,24,1,samt,72
2514,24,1,09,59
2514,24,1,11,11
2514,24,2,samt,60
2514,24,2,09,52
2514,24,2,11,5
2514,25,1,samt,81
2514,25,1,09,67
2514,25,1,11,12
2514,25,2,samt,63
2514,25,2,09,51
2514,25,2,11,13
2514,26,1,samt,83
2514,26,1,09,60
2514,26,1,11,19
2514,26,2,samt,57
2514,26,2,09,47
2514,26,2,11,12
2514,27,1,samt,66
2514,27,1,09,50
2514,27,1,11,12
2514,27,2,samt,59
2514,27,2,09,48
2514,27,2,11,10
2514,28,1,samt,70
2514,28,1,09,62
2514,28,1,11,10
2514,28,2,samt,55
2514,28,2,09,53
2514,28,2,11,6
2514,29,1,samt,82
2514,29,1,09,66
2514,29,1,11,15
2514,29,2,samt,51
2514,29,2,09,39
2514,29,2,11,11
2514,30,1,samt,78
2514,30,1,09,69
2514,30,1,11,11
2514,30,2,samt,77
2514,30,2,09,64
2514,30,2,11,13
2514,31,1,samt,75
2514,31,1,09,63
2514,31,1,11,10
2514,31,2,samt,80
2514,31,2,09,62
2514,31,2,11,16
2514,32,1,samt,97
2514,32,1,09,84
2514,32,1,11,9
2514,32,2,samt,72
2514,32,2,09,58
2514,32,2,11,9
2514,33,1,samt,93
2514,33,1,09,81
2514,33,1,11,9
2514,33,2,samt,87
2514,33,2,09,72
2514,33,2,11,20
2514,34,1,samt,116
2514,34,1,09,105
2514,34,1,11,10
2514,34,2,samt,72
2514,34,2,09,64
2514,34,2,11,10
2514,35,1,samt,107
2514,35,1,09,92
2514,35,1,11,15
2514,35,2,samt,77
2514,35,2,09,64
2514,35,2,11,15
2514,36,1,samt,116
2514,36,1,09,99
2514,36,1,11,17
2514,36,2,samt,93
2514,36,2,09,85
2514,36,2,11,12
2514,37,1,samt,86
2514,37,1,09,72
2514,37,1,11,14
2514,37,2,samt,93
2514,37,2,09,78
2514,37,2,11,14
2514,38,1,samt,94
2514,38,1,09,83
2514,38,1,11,13
2514,38,2,samt,78
2514,38,2,09,69
2514,38,2,11,9
2514,39,1,samt,90
2514,39,1,09,76
2514,39,1,11,11
2514,39,2,samt,78
2514,39,2,09,72
2514,39,2,11,6
2514,40,1,samt,91
2514,40,1,09,81
2514,40,1,11,8
2514,40,2,samt,60
2514,40,2,09,51
2514,40,2,11,13
2514,41,1,samt,77
2514,41,1,09,70
2514,41,1,11,11
2514,41,2,samt,68
2514,41,2,09,49
2514,41,2,11,17
2514,42,1,samt,81
2514,42,1,09,72
2514,42,1,11,10
2514,42,2,samt,56
2514,42,2,09,50
2514,42,2,11,11
2514,43,1,samt,78
2514,43,1,09,72
2514,43,1,11,9
2514,43,2,samt,79
2514,43,2,09,63
2514,43,2,11,13
2514,44,1,samt,86
2514,44,1,09,71
2514,44,1,11,13
2514,44,2,samt,66
2514,44,2,09,51
2514,44,2,11,15
2514,45,1,samt,82
2514,45,1,09,72
2514,45,1,11,11
2514,45,2,samt,64
2514,45,2,09,53
2514,45,2,11,10
2514,46,1,samt,75
2514,46,1,09,63
2514,46,1,11,10
2514,46,2,samt,84
2514,46,2,09,69
2514,46,2,11,12
2514,47,1,samt,68
2514,47,1,09,60
2514,47,1,11,9
2514,47,2,samt,60
2514,47,2,09,56
2514,47,2,11,4
2514,48,1,samt,82
2514,48,1,09,74
2514,48,1,11,6
2514,48,2,samt,76
2514,48,2,09,60
2514,48,2,11,13
2514,49,1,samt,78
2514,49,1,09,69
2514,49,1,11,10
2514,49,2,samt,86
2514,49,2,09,65
2514,49,2,11,22
2514,50,1,samt,93
2514,50,1,09,86
2514,50,1,11,6
2514,50,2,samt,84
2514,50,2,09,71
2514,50,2,11,10
2514,51,1,samt,88
2514,51,1,09,76
2514,51,1,11,8
2514,51,2,samt,88
2514,51,2,09,71
2514,51,2,11,15
2514,52,1,samt,103
2514,52,1,09,92
2514,52,1,11,9
2514,52,2,samt,102
2514,52,2,09,87
2514,52,2,11,17
2514,53,1,samt,111
2514,53,1,09,102
2514,53,1,11,11
2514,53,2,samt,109
2514,53,2,09,91
2514,53,2,11,19
2514,54,1,samt,89
2514,54,1,09,87
2514,54,1,11,6
2514,54,2,samt,91
2514,54,2,09,82
2514,54,2,11,8
2514,55,1,samt,111
2514,55,1,09,98
2514,55,1,11,13
2514,55,2,samt,112
2514,55,2,09,87
2514,55,2,11,24
2514,56,1,samt,102
2514,56,1,09,98
2514,56,1,11,6
2514,56,2,samt,102
2514,56,2,09,86
2514,56,2,11,14
2514,57,1,samt,133
2514,57,1,09,122
2514,57,1,11,12
2514,57,2,samt,113
2514,57,2,09,95
2514,57,2,11,20
2514,58,1,samt,103
2514,58,1,09,90
2514,58,1,11,10
2514,58,2,samt,108
2514,58,2,09,91
2514,58,2,11,18
2514,59,1,samt,124
2514,59,1,09,117
2514,59,1,11,8
2514,59,2,samt,115
2514,59,2,09,101
2514,59,2,11,14
2514,60,1,samt,116
2514,60,1,09,108
2514,60,1,11,14
2514,60,2,samt,115
2514,60,2,09,105
2514,60,2,11,10
2514,61,1,samt,100
2514,61,1,09,93
2514,61,1,11,10
2514,61,2,samt,108
2514,61,2,09,90
2514,61,2,11,18
2514,62,1,samt,129
2514,62,1,09,117
2514,62,1,11,15
2514,62,2,samt,95
2514,62,2,09,77
2514,62,2,11,17
2514,63,1,samt,111
2514,63,1,09,98
2514,63,1,11,14
2514,63,2,samt,113
2514,63,2,09,96
2514,63,2,11,21
2514,64,1,samt,107
2514,64,1,09,90
2514,64,1,11,16
2514,64,2,samt,102
2514,64,2,09,86
2514,64,2,11,22
2514,65,1,samt,118
2514,65,1,09,109
2514,65,1,11,11
2514,65,2,samt,117
2514,65,2,09,100
2514,65,2,11,16
2514,66,1,samt,121
2514,66,1,09,107
2514,66,1,11,12
2514,66,2,samt,104
2514,66,2,09,82
2514,66,2,11,22
2514,67,1,samt,99
2514,67,1,09,88
2514,67,1,11,12
2514,67,2,samt,80
2514,67,2,09,61
2514,67,2,11,20
2514,68,1,samt,139
2514,68,1,09,121
2514,68,1,11,12
2514,68,2,samt,105
2514,68,2,09,91
2514,68,2,11,14
2514,69,1,samt,94
2514,69,1,09,89
2514,69,1,11,8
2514,69,2,samt,126
2514,69,2,09,103
2514,69,2,11,20
2514,70,1,samt,119
2514,70,1,09,107
2514,70,1,11,10
2514,70,2,samt,102
2514,70,2,09,83
2514,70,2,11,19
2514,71,1,samt,120
2514,71,1,09,107
2514,71,1,11,14
2514,71,2,samt,111
2514,71,2,09,94
2514,71,2,11,15
2514,72,1,samt,112
2514,72,1,09,102
2514,72,1,11,12
2514,72,2,samt,96
2514,72,2,09,80
2514,72,2,11,14
2514,73,1,samt,91
2514,73,1,09,82
2514,73,1,11,10
2514,73,2,samt,86
2514,73,2,09,76
2514,73,2,11,14
2514,74,1,samt,97
2514,74,1,09,88
2514,74,1,11,9
2514,74,2,samt,101
2514,74,2,09,82
2514,74,2,11,20
2514,75,1,samt,92
2514,75,1,09,85
2514,75,1,11,8
2514,75,2,samt,117
2514,75,2,09,88
2514,75,2,11,30
2514,76,1,samt,99
2514,76,1,09,87
2514,76,1,11,10
2514,76,2,samt,128
2514,76,2,09,105
2514,76,2,11,20
2514,77,1,samt,109
2514,77,1,09,95
2514,77,1,11,10
2514,77,2,samt,116
2514,77,2,09,91
2514,77,2,11,22
2514,78,1,samt,91
2514,78,1,09,83
2514,78,1,11,10
2514,78,2,samt,89
2514,78,2,09,76
2514,78,2,11,17
2514,79,1,samt,89
2514,79,1,09,83
2514,79,1,11,11
2514,79,2,samt,104
2514,79,2,09,86
2514,79,2,11,14
0319,0,1,samt,47
0319,0,1,09,47
0319,0,1,11,0
0319,0,2,samt,38
0319,0,2,09,38
0319,0,2,11,0
0319,1,1,samt,41
0319,1,1,09,39
0319,1,1,11,3
0319,1,2,samt,44
0319,1,2,09,44
0319,1,2,11,0
0319,2,1,samt,55
0319,2,1,09,53
0319,2,1,11,3
0319,2,2,samt,50
0319,2,2,09,48
0319,2,2,11,0
0319,3,1,samt,42
0319,3,1,09,44
0319,3,1,11,0
0319,3,2,samt,50
0319,3,2,09,50
0319,3,2,11,0
0319,4,1,samt,62
0319,4,1,09,63
0319,4,1,11,0
0319,4,2,samt,51
0319,4,2,09,47
0319,4,2,11,4
0319,5,1,samt,60
0319,5,1,09,60
0319,5,1,11,0
0319,5,2,samt,58
0319,5,2,09,57
0319,5,2,11,3
0319,6,1,samt,51
0319,6,1,09,50
0319,6,1,11,3
0319,6,2,samt,42
0319,6,2,09,42
0319,6,2,11,0
0319,7,1,samt,57
0319,7,1,09,53
0319,7,1,11,0
0319,7,2,samt,55
0319,7,2,09,56
0319,7,2,11,3
0319,8,1,samt,64
0319,8,1,09,64
0319,8,1,11,0
0319,8,2,samt,57
0319,8,2,09,55
0319,8,2,11,3
0319,9,1,samt,50
0319,9,1,09,50
0319,9,1,11,0
0319,9,2,samt,55
0319,9,2,09,52
0319,9,2,11,3
0319,10,1,samt,59
0319,10,1,09,55
0319,10,1,11,10
0319,10,2,samt,64
0319,10,2,09,60
0319,10,2,11,3
0319,11,1,samt,52
0319,11,1,09,46
0319,11,1,11,6
0319,11,2,samt,54
0319,11,2,09,49
0319,11,2,11,5
0319,12,1,samt,51
0319,12,1,09,52
0319,12,1,11,0
0319,12,2,samt,46
0319,12,2,09,44
0319,12,2,11,0
0319,13,1,samt,70
0319,13,1,09,62
0319,13,1,11,9
0319,13,2,samt,56
0319,13,2,09,47
0319,13,2,11,12
0319,14,1,samt,59
0319,14,1,09,52
0319,14,1,11,4
0319,14,2,samt,50
0319,14,2,09,48
0319,14,2,11,5
0319,15,1,samt,74
0319,15,1,09,63
0319,15,1,11,12
0319,15,2,samt,40
0319,15,2,09,38
0319,15,2,11,0
0319,16,1,samt,57
0319,16,1,09,44
0319,16,1,11,10
0319,16,2,samt,62
0319,16,2,09,53
0319,16,2,11,8
0319,17,1,samt,71
0319,17,1,09,61
0319,17,1,11,10
0319,17,2,samt,42
0319,17,2,09,40
0319,17,2,11,7
0319,18,1,samt,60
0319,18,1,09,55
0319,18,1,11,7
0319,18,2,samt,60
0319,18,2,09,47
0319,18,2,11,17
0319,19,1,samt,52
0319,19,1,09,43
0319,19,1,11,6
0319,19,2,samt,45
0319,19,2,09,38
0319,19,2,11,10
0319,20,1,samt,44
0319,20,1,09,26
0319,20,1,11,19
0319,20,2,samt,34
0319,20,2,09,31
0319,20,2,11,3
0319,21,1,samt,51
0319,21,1,09,36
0319,21,1,11,10
0319,21,2,samt,37
0319,21,2,09,31
0319,21,2,11,10
0319,22,1,samt,45
0319,22,1,09,36
0319,22,1,11,8
0319,22,2,samt,36
0319,22,2,09,29
0319,22,2,11,4
0319,23,1,samt,44
0319,23,1,09,30
0319,23,1,11,10
0319,23,2,samt,38
0319,23,2,09,31
0319,23,2,11,6
0319,24,1,samt,38
0319,24,1,09,34
0319,24,1,11,6
0319,24,2,samt,25
0319,24,2,09,23
0319,24,2,11,3
0319,25,1,samt,50
0319,25,1,09,35
0319,25,1,11,14
0319,25,2,samt,24
0319,25,2,09,17
0319,25,2,11,4
0319,26,1,samt,49
0319,26,1,09,33
0319,26,1,11,16
0319,26,2,samt,38
0319,26,2,09,29
0319,26,2,11,10
0319,27,1,samt,33
0319,27,1,09,25
0319,27,1,11,7
0319,27,2,samt,37
0319,27,2,09,26
0319,27,2,11,11
0319,28,1,samt,29
0319,28,1,09,24
0319,28,1,11,6
0319,28,2,samt,52
0319,28,2,09,40
0319,28,2,11,12
0319,29,1,samt,40
0319,29,1,09,28
0319,29,1,11,13
0319,29,2,samt,31
0319,29,2,09,32
0319,29,2,11,4
0319,30,1,samt,53
0319,30,1,09,41
0319,30,1,11,10
0319,30,2,samt,58
0319,30,2,09,48
0319,30,2,11,10
0319,31,1,samt,52
0319,31,1,09,47
0319,31,1,11,4
0319,31,2,samt,65
0319,31,2,09,54
0319,31,2,11,13
0319,32,1,samt,78
0319,32,1,09,65
0319,32,1,11,9
0319,32,2,samt,61
0319,32,2,09,53
0319,32,2,11,10
0319,33,1,samt,70
0319,33,1,09,58
0319,33,1,11,9
0319,33,2,samt,73
0319,33,2,09,64
0319,33,2,11,10
0319,34,1,samt,84
0319,34,1,09,69
0319,34,1,11,17
0319,34,2,samt,79
0319,34,2,09,63
0319,34,2,11,13
0319,35,1,samt,76
0319,35,1,09,66
0319,35,1,11,11
0319,35,2,samt,54
0319,35,2,09,46
0319,35,2,11,11
0319,36,1,samt,57
0319,36,1,09,43
0319,36,1,11,14
0319,36,2,samt,59
0319,36,2,09,50
0319,36,2,11,9
0319,37,1,samt,55
0319,37,1,09,44
0319,37,1,11,13
0319,37,2,samt,65
0319,37,2,09,48
0319,37,2,11,17
0319,38,1,samt,68
0319,38,1,09,49
0319,38,1,11,19
0319,38,2,samt,62
0319,38,2,09,53
0319,38,2,11,11
0319,39,1,samt,56
0319,39,1,09,49
0319,39,1,11,6
0319,39,2,samt,63
0319,39,2,09,50
0319,39,2,11,15
0319,40,1,samt,55
0319,40,1,09,41
0319,40,1,11,14
0319,40,2,samt,51
0319,40,2,09,38
0319,40,2,11,14
0319,41,1,samt,63
0319,41,1,09,51
0319,41,1,11,12
0319,41,2,samt,46
0319,41,2,09,38
0319,41,2,11,8
0319,42,1,samt,47
0319,42,1,09,33
0319,42,1,11,11
0319,42,2,samt,49
0319,42,2,09,29
0319,42,2,11,19
0319,43,1,samt,42
0319,43,1,09,27
0319,43,1,11,14
0319,43,2,samt,43
0319,43,2,09,28
0319,43,2,11,14
0319,44,1,samt,48
0319,44,1,09,37
0319,44,1,11,11
0319,44,2,samt,44
0319,44,2,09,33
0319,44,2,11,11
0319,45,1,samt,36
0319,45,1,09,36
0319,45,1,11,4
0319,45,2,samt,53
0319,45,2,09,41
0319,45,2,11,12
0319,46,1,samt,56
0319,46,1,09,45
0319,46,1,11,5
0319,46,2,samt,53
0319,46,2,09,36
0319,46,2,11,17
0319,47,1,samt,56
0319,47,1,09,42
0319,47,1,11,12
0319,47,2,samt,49
0319,47,2,09,45
0319,47,2,11,9
0319,48,1,samt,51
0319,48,1,09,44
0319,48,1,11,5
0319,48,2,samt,63
0319,48,2,09,44
0319,48,2,11,18
0319,49,1,samt,47
0319,49,1,09,45
0319,49,1,11,9
0319,49,2,samt,46
0319,49,2,09,38
0319,49,2,11,7
0319,50,1,samt,66
0319,50,1,09,58
0319,50,1,11,7
0319,50,2,samt,62
0319,50,2,09,55
0319,50,2,11,8
0319,51,1,samt,69
0319,51,1,09,55
0319,51,1,11,12
0319,51,2,samt,54
0319,51,2,09,46
0319,51,2,11,8
0319,52,1,samt,55
0319,52,1,09,50
0319,52,1,11,7
0319,52,2,samt,57
0319,52,2,09,49
0319,52,2,11,13
0319,53,1,samt,67
0319,53,1,09,58
0319,53,1,11,9
0319,53,2,samt,56
0319,53,2,09,48
0319,53,2,11,6
0319,54,1,samt,65
0319,54,1,09,55
0319,54,1,11,6
0319,54,2,samt,54
0319,54,2,09,47
0319,54,2,11,6
0319,55,1,samt,62
0319,55,1,09,45
0319,55,1,11,13
0319,55,2,samt,52
0319,55,2,09,41
0319,55,2,11,13
0319,56,1,samt,61
0319,56,1,09,51
0319,56,1,11,9
0319,56,2,samt,73
0319,56,2,09,57
0319,56,2,11,18
0319,57,1,samt,74
0319,57,1,09,64
0319,57,1,11,11
0319,57,2,samt,64
0319,57,2,09,54
0319,57,2,11,13
0319,58,1,samt,64
0319,58,1,09,58
0319,58,1,11,4
0319,58,2,samt,68
0319,58,2,09,54
0319,58,2,11,9
0319,59,1,samt,72
0319,59,1,09,67
0319,59,1,11,5
0319,59,2,samt,73
0319,59,2,09,59
0319,59,2,11,14
0319,60,1,samt,75
0319,60,1,09,65
0319,60,1,11,14
0319,60,2,samt,74
0319,60,2,09,65
0319,60,2,11,11
0319,61,1,samt,59
0319,61,1,09,55
0319,61,1,11,4
0319,61,2,samt,68
0319,61,2,09,53
0319,61,2,11,16
0319,62,1,samt,68
0319,62,1,09,59
0319,62,1,11,13
0319,62,2,samt,72
0319,62,2,09,65
0319,62,2,11,9
0319,63,1,samt,74
0319,63,1,09,67
0319,63,1,11,6
0319,63,2,samt,58
0319,63,2,09,50
0319,63,2,11,8
0319,64,1,samt,61
0319,64,1,09,56
0319,64,1,11,5
0319,64,2,samt,56
0319,64,2,09,41
0319,64,2,11,13
0319,65,1,samt,65
0319,65,1,09,56
0319,65,1,11,8
0319,65,2,samt,45
0319,65,2,09,38
0319,65,2,11,7
0319,66,1,samt,67
0319,66,1,09,61
0319,66,1,11,6
0319,66,2,samt,58
0319,66,2,09,52
0319,66,2,11,8
0319,67,1,samt,71
0319,67,1,09,64
0319,67,1,11,8
0319,67,2,samt,56
0319,67,2,09,50
0319,67,2,11,6
0319,68,1,samt,46
0319,68,1,09,36
0319,68,1,11,8
0319,68,2,samt,51
0319,68,2,09,44
0319,68,2,11,6
0319,69,1,samt,58
0319,69,1,09,55
0319,69,1,11,7
0319,69,2,samt,65
0319,69,2,09,58
0319,69,2,11,4
0319,70,1,samt,57
0319,70,1,09,53
0319,70,1,11,3
0319,70,2,samt,64
0319,70,2,09,56
0319,70,2,11,8
0319,71,1,samt,60
0319,71,1,09,50
0319,71,1,11,10
0319,71,2,samt,60
0319,71,2,09,50
0319,71,2,11,10
0319,72,1,samt,51
0319,72,1,09,43
0319,72,1,11,8
0319,72,2,samt,49
0319,72,2,09,46
0319,72,2,11,10
0319,73,1,samt,49
0319,73,1,09,42
0319,73,1,11,5
0319,73,2,samt,63
0319,73,2,09,51
0319,73,2,11,12
0319,74,1,samt,53
0319,74,1,09,45
0319,74,1,11,3
0319,74,2,samt,60
0319,74,2,09,45
0319,74,2,11,13
0319,75,1,samt,63
0319,75,1,09,51
0319,75,1,11,13
0319,75,2,samt,38
0319,75,2,09,35
0319,75,2,11,7
0319,76,1,samt,53
0319,76,1,09,46
0319,76,1,11,9
0319,76,2,samt,53
0319,76,2,09,42
0319,76,2,11,10
0319,77,1,samt,74
0319,77,1,09,61
0319,77,1,11,13
0319,77,2,samt,54
0319,77,2,09,42
0319,77,2,11,13
0319,78,1,samt,48
0319,78,1,09,44
0319,78,1,11,6
0319,78,2,samt,59
0319,78,2,09,55
0319,78,2,11,0
0319,79,1,samt,63
0319,79,1,09,47
0319,79,1,11,16
0319,79,2,samt,55
0319,79,2,09,45
0319,79,2,11,7
0780,0,1,samt,470
0780,0,1,09,471
0780,0,1,11,0
0780,0,2,samt,505
0780,0,2,09,502
0780,0,2,11,3
0780,1,1,samt,472
0780,1,1,09,464
0780,1,1,11,8
0780,1,2,samt,461
0780,1,2,09,446
0780,1,2,11,15
0780,2,1,samt,525
0780,2,1,09,518
0780,2,1,11,8
0780,2,2,samt,502
0780,2,2,09,483
0780,2,2,11,12
0780,3,1,samt,541
0780,3,1,09,525
0780,3,1,11,16
0780,3,2,samt,525
0780,3,2,09,515
0780,3,2,11,12
0780,4,1,samt,619
0780,4,1,09,593
0780,4,1,11,29
0780,4,2,samt,545
0780,4,2,09,524
0780,4,2,11,19
0780,5,1,samt,643
0780,5,1,09,615
0780,5,1,11,31
0780,5,2,samt,584
0780,5,2,09,559
0780,5,2,11,26
0780,6,1,samt,628
0780,6,1,09,602
0780,6,1,11,25
0780,6,2,samt,540
0780,6,2,09,515
0780,6,2,11,24
0780,7,1,samt,601
0780,7,1,09,578
0780,7,1,11,27
0780,7,2,samt,554
0780,7,2,09,524
0780,7,2,11,28
0780,8,1,samt,586
0780,8,1,09,558
0780,8,1,11,27
0780,8,2,samt,515
0780,8,2,09,481
0780,8,2,11,33
0780,9,1,samt,613
0780,9,1,09,585
0780,9,1,11,24
0780,9,2,samt,607
0780,9,2,09,564
0780,9,2,11,43
0780,10,1,samt,564
0780,10,1,09,528
0780,10,1,11,40
0780,10,2,samt,601
0780,10,2,09,543
0780,10,2,11,60
0780,11,1,samt,602
0780,11,1,09,543
0780,11,1,11,60
0780,11,2,samt,563
0780,11,2,09,516
0780,11,2,11,42
0780,12,1,samt,635
0780,12,1,09,556
0780,12,1,11,75
0780,12,2,samt,616
0780,12,2,09,541
0780,12,2,11,69
0780,13,1,samt,637
0780,13,1,09,560
0780,13,1,11,76
0780,13,2,samt,590
0780,13,2,09,518
0780,13,2,11,75
0780,14,1,samt,599
0780,14,1,09,489
0780,14,1,11,110
0780,14,2,samt,598
0780,14,2,09,520
0780,14,2,11,80
0780,15,1,samt,658
0780,15,1,09,543
0780,15,1,11,112
0780,15,2,samt,587
0780,15,2,09,513
0780,15,2,11,75
0780,16,1,samt,633
0780,16,1,09,535
0780,16,1,11,99
0780,16,2,samt,613
0780,16,2,09,526
0780,16,2,11,90
0780,17,1,samt,641
0780,17,1,09,538
0780,17,1,11,104
0780,17,2,samt,570
0780,17,2,09,470
0780,17,2,11,97
0780,18,1,samt,626
0780,18,1,09,515
0780,18,1,11,106
0780,18,2,samt,559
0780,18,2,09,453
0780,18,2,11,106
0780,19,1,samt,743
0780,19,1,09,588
0780,19,1,11,157
0780,19,2,samt,669
0780,19,2,09,553
0780,19,2,11,117
0780,20,1,samt,736
0780,20,1,09,579
0780,20,1,11,159
0780,20,2,samt,819
0780,20,2,09,666
0780,20,2,11,152
0780,21,1,samt,933
0780,21,1,09,733
0780,21,1,11,197
0780,21,2,samt,868
0780,21,2,09,667
0780,21,2,11,202
0780,22,1,samt,878
0780,22,1,09,674
0780,22,1,11,205
0780,22,2,samt,847
0780,22,2,09,641
0780,22,2,11,206
0780,23,1,samt,868
0780,23,1,09,672
0780,23,1,11,199
0780,23,2,samt,758
0780,23,2,09,585
0780,23,2,11,174
0780,24,1,samt,795
0780,24,1,09,575
0780,24,1,11,219
0780,24,2,samt,705
0780,24,2,09,510
0780,24,2,11,200
0780,25,1,samt,688
0780,25,1,09,472
0780,25,1,11,219
0780,25,2,samt,623
0780,25,2,09,422
0780,25,2,11,204
0780,26,1,samt,774
0780,26,1,09,455
0780,26,1,11,316
0780,26,2,samt,640
0780,26,2,09,419
0780,26,2,11,224
0780,27,1,samt,698
0780,27,1,09,484
0780,27,1,11,217
0780,27,2,samt,591
0780,27,2,09,408
0780,27,2,11,183
0780,28,1,samt,653
0780,28,1,09,454
0780,28,1,11,197
0780,28,2,samt,619
0780,28,2,09,430
0780,28,2,11,188
0780,29,1,samt,634
0780,29,1,09,431
0780,29,1,11,203
0780,29,2,samt,569
0780,29,2,09,409
0780,29,2,11,162
0780,30,1,samt,705
0780,30,1,09,504
0780,30,1,11,198
0780,30,2,samt,595
0780,30,2,09,431
0780,30,2,11,166
0780,31,1,samt,675
0780,31,1,09,520
0780,31,1,11,153
0780,31,2,samt,613
0780,31,2,09,452
0780,31,2,11,160
0780,32,1,samt,695
0780,32,1,09,480
0780,32,1,11,219
0780,32,2,samt,644
0780,32,2,09,462
0780,32,2,11,182
0780,33,1,samt,747
0780,33,1,09,549
0780,33,1,11,198
0780,33,2,samt,739
0780,33,2,09,533
0780,33,2,11,203
0780,34,1,samt,706
0780,34,1,09,495
0780,34,1,11,210
0780,34,2,samt,703
0780,34,2,09,508
0780,34,2,11,198
0780,35,1,samt,749
0780,35,1,09,515
0780,35,1,11,237
0780,35,2,samt,703
0780,35,2,09,478
0780,35,2,11,225
0780,36,1,samt,688
0780,36,1,09,482
0780,36,1,11,205
0780,36,2,samt,646
0780,36,2,09,453
0780,36,2,11,197
0780,37,1,samt,679
0780,37,1,09,481
0780,37,1,11,197
0780,37,2,samt,676
0780,37,2,09,466
0780,37,2,11,209
0780,38,1,samt,669
0780,38,1,09,468
0780,38,1,11,202
0780,38,2,samt,661
0780,38,2,09,448
0780,38,2,11,216
0780,39,1,samt,636
0780,39,1,09,422
0780,39,1,11,211
0780,39,2,samt,593
0780,39,2,09,371
0780,39,2,11,223
0780,40,1,samt,657
0780,40,1,09,422
0780,40,1,11,238
0780,40,2,samt,600
0780,40,2,09,397
0780,40,2,11,201
0780,41,1,samt,633
0780,41,1,09,417
0780,41,1,11,223
0780,41,2,samt,590
0780,41,2,09,381
0780,41,2,11,210
0780,42,1,samt,589
0780,42,1,09,410
0780,42,1,11,181
0780,42,2,samt,549
0780,42,2,09,353
0780,42,2,11,194
0780,43,1,samt,599
0780,43,1,09,430
0780,43,1,11,167
0780,43,2,samt,599
0780,43,2,09,407
0780,43,2,11,187
0780,44,1,samt,576
0780,44,1,09,403
0780,44,1,11,173
0780,44,2,samt,575
0780,44,2,09,360
0780,44,2,11,216
0780,45,1,samt,608
0780,45,1,09,397
0780,45,1,11,212
0780,45,2,samt,633
0780,45,2,09,426
0780,45,2,11,201
0780,46,1,samt,602
0780,46,1,09,418
0780,46,1,11,184
0780,46,2,samt,577
0780,46,2,09,400
0780,46,2,11,175
0780,47,1,samt,540
0780,47,1,09,374
0780,47,1,11,165
0780,47,2,samt,570
0780,47,2,09,422
0780,47,2,11,149
0780,48,1,samt,598
0780,48,1,09,418
0780,48,1,11,180
0780,48,2,samt,526
0780,48,2,09,361
0780,48,2,11,167
0780,49,1,samt,604
0780,49,1,09,459
0780,49,1,11,145
0780,49,2,samt,548
0780,49,2,09,382
0780,49,2,11,172
0780,50,1,samt,605
0780,50,1,09,448
0780,50,1,11,153
0780,50,2,samt,566
0780,50,2,09,403
0780,50,2,11,165
0780,51,1,samt,601
0780,51,1,09,444
0780,51,1,11,154
0780,51,2,samt,565
0780,51,2,09,417
0780,51,2,11,154
0780,52,1,samt,538
0780,52,1,09,400
0780,52,1,11,139
0780,52,2,samt,586
0780,52,2,09,433
0780,52,2,11,156
0780,53,1,samt,589
0780,53,1,09,453
0780,53,1,11,137
0780,53,2,samt,569
0780,53,2,09,409
0780,53,2,11,163
0780,54,1,samt,570
0780,54,1,09,425
0780,54,1,11,144
0780,54,2,samt,562
0780,54,2,09,408
0780,54,2,11,152
0780,55,1,samt,549
0780,55,1,09,427
0780,55,1,11,119
0780,55,2,samt,511
0780,55,2,09,363
0780,55,2,11,147
0780,56,1,samt,540
0780,56,1,09,411
0780,56,1,11,129
0780,56,2,samt,576
0780,56,2,09,433
0780,56,2,11,144
0780,57,1,samt,559
0780,57,1,09,440
0780,57,1,11,122
0780,57,2,samt,562
0780,57,2,09,431
0780,57,2,11,130
0780,58,1,samt,629
0780,58,1,09,488
0780,58,1,11,138
0780,58,2,samt,581
0780,58,2,09,458
0780,58,2,11,121
0780,59,1,samt,599
0780,59,1,09,470
0780,59,1,11,130
0780,59,2,samt,565
0780,59,2,09,449
0780,59,2,11,113
0780,60,1,samt,581
0780,60,1,09,474
0780,60,1,11,109
0780,60,2,samt,565
0780,60,2,09,444
0780,60,2,11,123
0780,61,1,samt,525
0780,61,1,09,423
0780,61,1,11,104
0780,61,2,samt,529
0780,61,2,09,411
0780,61,2,11,117
0780,62,1,samt,477
0780,62,1,09,376
0780,62,1,11,101
0780,62,2,samt,493
0780,62,2,09,387
0780,62,2,11,102
0780,63,1,samt,494
0780,63,1,09,382
0780,63,1,11,115
0780,63,2,samt,440
0780,63,2,09,351
0780,63,2,11,90
0780,64,1,samt,454
0780,64,1,09,352
0780,64,1,11,101
0780,64,2,samt,413
0780,64,2,09,327
0780,64,2,11,86
0780,65,1,samt,438
0780,65,1,09,342
0780,65,1,11,99
0780,65,2,samt,466
0780,65,2,09,363
0780,65,2,11,104
0780,66,1,samt,456
0780,66,1,09,361
0780,66,1,11,94
0780,66,2,samt,434
0780,66,2,09,327
0780,66,2,11,109
0780,67,1,samt,436
0780,67,1,09,361
0780,67,1,11,75
0780,67,2,samt,459
0780,67,2,09,367
0780,67,2,11,90
0780,68,1,samt,408
0780,68,1,09,335
0780,68,1,11,73
0780,68,2,samt,441
0780,68,2,09,364
0780,68,2,11,74
0780,69,1,samt,419
0780,69,1,09,354
0780,69,1,11,67
0780,69,2,samt,465
0780,69,2,09,391
0780,69,2,11,73
0780,70,1,samt,427
0780,70,1,09,351
0780,70,1,11,73
0780,70,2,samt,474
0780,70,2,09,383
0780,70,2,11,89
0780,71,1,samt,411
0780,71,1,09,346
0780,71,1,11,66
0780,71,2,samt,459
0780,71,2,09,377
0780,71,2,11,83
0780,72,1,samt,393
0780,72,1,09,326
0780,72,1,11,69
0780,72,2,samt,438
0780,72,2,09,374
0780,72,2,11,63
0780,73,1,samt,382
0780,73,1,09,332
0780,73,1,11,47
0780,73,2,samt,476
0780,73,2,09,398
0780,73,2,11,84
0780,74,1,samt,412
0780,74,1,09,356
0780,74,1,11,51
0780,74,2,samt,438
0780,74,2,09,381
0780,74,2,11,61
0780,75,1,samt,427
0780,75,1,09,377
0780,75,1,11,48
0780,75,2,samt,459
0780,75,2,09,391
0780,75,2,11,64
0780,76,1,samt,416
0780,76,1,09,377
0780,76,1,11,37
0780,76,2,samt,448
0780,76,2,09,395
0780,76,2,11,54
0780,77,1,samt,441
0780,77,1,09,383
0780,77,1,11,56
0780,77,2,samt,468
0780,77,2,09,417
0780,77,2,11,48
0780,78,1,samt,422
0780,78,1,09,380
0780,78,1,11,44
0780,78,2,samt,425
0780,78,2,09,377
0780,78,2,11,48
0780,79,1,samt,383
0780,79,1,09,339
0780,79,1,11,42
0780,79,2,samt,448
0780,79,2,09,405
0780,79,2,11,41
1427,0,1,samt,26
1427,0,1,09,26
1427,0,1,11,0
1427,0,2,samt,27
1427,0,2,09,27
1427,0,2,11,0
1427,1,1,samt,37
1427,1,1,09,37
1427,1,1,11,0
1427,1,2,samt,15
1427,1,2,09,15
1427,1,2,11,0
1427,2,1,samt,29
1427,2,1,09,27
1427,2,1,11,0
1427,2,2,samt,25
1427,2,2,09,25
1427,2,2,11,0
1427,3,1,samt,29
1427,3,1,09,23
1427,3,1,11,4
1427,3,2,samt,28
1427,3,2,09,28
1427,3,2,11,0
1427,4,1,samt,30
1427,4,1,09,28
1427,4,1,11,0
1427,4,2,samt,33
1427,4,2,09,32
1427,4,2,11,3
1427,5,1,samt,22
1427,5,1,09,20
1427,5,1,11,4
1427,5,2,samt,28
1427,5,2,09,26
1427,5,2,11,3
1427,6,1,samt,47
1427,6,1,09,45
1427,6,1,11,4
1427,6,2,samt,33
1427,6,2,09,32
1427,6,2,11,0
1427,7,1,samt,41
1427,7,1,09,37
1427,7,1,11,0
1427,7,2,samt,25
1427,7,2,09,26
1427,7,2,11,3
1427,8,1,samt,45
1427,8,1,09,43
1427,8,1,11,3
1427,8,2,samt,38
1427,8,2,09,32
1427,8,2,11,6
1427,9,1,samt,31
1427,9,1,09,31
1427,9,1,11,3
1427,9,2,samt,34
1427,9,2,09,36
1427,9,2,11,0
1427,10,1,samt,51
1427,10,1,09,49
1427,10,1,11,3
1427,10,2,samt,38
1427,10,2,09,33
1427,10,2,11,5
1427,11,1,samt,37
1427,11,1,09,33
1427,11,1,11,0
1427,11,2,samt,37
1427,11,2,09,28
1427,11,2,11,4
1427,12,1,samt,23
1427,12,1,09,19
1427,12,1,11,9
1427,12,2,samt,38
1427,12,2,09,36
1427,12,2,11,5
1427,13,1,samt,39
1427,13,1,09,35
1427,13,1,11,4
1427,13,2,samt,41
1427,13,2,09,31
1427,13,2,11,7
1427,14,1,samt,33
1427,14,1,09,30
1427,14,1,11,0
1427,14,2,samt,31
1427,14,2,09,30
1427,14,2,11,3
1427,15,1,samt,41
1427,15,1,09,42
1427,15,1,11,0
1427,15,2,samt,32
1427,15,2,09,26
1427,15,2,11,7
1427,16,1,samt,37
1427,16,1,09,35
1427,16,1,11,5
1427,16,2,samt,40
1427,16,2,09,29
1427,16,2,11,9
1427,17,1,samt,42
1427,17,1,09,41
1427,17,1,11,7
1427,17,2,samt,36
1427,17,2,09,32
1427,17,2,11,3
1427,18,1,samt,43
1427,18,1,09,38
1427,18,1,11,8
1427,18,2,samt,38
1427,18,2,09,36
1427,18,2,11,3
1427,19,1,samt,39
1427,19,1,09,31
1427,19,1,11,5
1427,19,2,samt,28
1427,19,2,09,27
1427,19,2,11,5
1427,20,1,samt,31
1427,20,1,09,26
1427,20,1,11,4
1427,20,2,samt,28
1427,20,2,09,26
1427,20,2,11,6
1427,21,1,samt,25
1427,21,1,09,22
1427,21,1,11,3
1427,21,2,samt,33
1427,21,2,09,26
1427,21,2,11,4
1427,22,1,samt,25
1427,22,1,09,25
1427,22,1,11,3
1427,22,2,samt,19
1427,22,2,09,15
1427,22,2,11,3
1427,23,1,samt,29
1427,23,1,09,24
1427,23,1,11,3
1427,23,2,samt,34
1427,23,2,09,28
1427,23,2,11,6
1427,24,1,samt,28
1427,24,1,09,19
1427,24,1,11,4
1427,24,2,samt,27
1427,24,2,09,23
1427,24,2,11,4
1427,25,1,samt,51
1427,25,1,09,42
1427,25,1,11,8
1427,25,2,samt,27
1427,25,2,09,20
1427,25,2,11,8
1427,26,1,samt,42
1427,26,1,09,28
1427,26,1,11,15
1427,26,2,samt,30
1427,26,2,09,24
1427,26,2,11,6
1427,27,1,samt,51
1427,27,1,09,28
1427,27,1,11,20
1427,27,2,samt,31
1427,27,2,09,26
1427,27,2,11,3
1427,28,1,samt,28
1427,28,1,09,17
1427,28,1,11,5
1427,28,2,samt,29
1427,28,2,09,20
1427,28,2,11,4
1427,29,1,samt,42
1427,29,1,09,34
1427,29,1,11,7
1427,29,2,samt,21
1427,29,2,09,19
1427,29,2,11,3
1427,30,1,samt,40
1427,30,1,09,35
1427,30,1,11,6
1427,30,2,samt,37
1427,30,2,09,29
1427,30,2,11,11
1427,31,1,samt,41
1427,31,1,09,31
1427,31,1,11,9
1427,31,2,samt,36
1427,31,2,09,32
1427,31,2,11,5
1427,32,1,samt,39
1427,32,1,09,33
1427,32,1,11,6
1427,32,2,samt,35
1427,32,2,09,30
1427,32,2,11,5
1427,33,1,samt,53
1427,33,1,09,48
1427,33,1,11,4
1427,33,2,samt,32
1427,33,2,09,28
1427,33,2,11,5
1427,34,1,samt,38
1427,34,1,09,34
1427,34,1,11,7
1427,34,2,samt,43
1427,34,2,09,38
1427,34,2,11,7
1427,35,1,samt,46
1427,35,1,09,37
1427,35,1,11,9
1427,35,2,samt,34
1427,35,2,09,29
1427,35,2,11,7
1427,36,1,samt,51
1427,36,1,09,45
1427,36,1,11,7
1427,36,2,samt,43
1427,36,2,09,35
1427,36,2,11,5
1427,37,1,samt,49
1427,37,1,09,34
1427,37,1,11,10
1427,37,2,samt,44
1427,37,2,09,33
1427,37,2,11,10
1427,38,1,samt,44
1427,38,1,09,35
1427,38,1,11,12
1427,38,2,samt,38
1427,38,2,09,25
1427,38,2,11,13
1427,39,1,samt,43
1427,39,1,09,33
1427,39,1,11,11
1427,39,2,samt,41
1427,39,2,09,26
1427,39,2,11,10
1427,40,1,samt,56
1427,40,1,09,41
1427,40,1,11,11
1427,40,2,samt,50
1427,40,2,09,44
1427,40,2,11,8
1427,41,1,samt,41
1427,41,1,09,35
1427,41,1,11,6
1427,41,2,samt,19
1427,41,2,09,19
1427,41,2,11,5
1427,42,1,samt,52
1427,42,1,09,42
1427,42,1,11,10
1427,42,2,samt,41
1427,42,2,09,26
1427,42,2,11,12
1427,43,1,samt,44
1427,43,1,09,30
1427,43,1,11,12
1427,43,2,samt,41
1427,43,2,09,33
1427,43,2,11,6
1427,44,1,samt,46
1427,44,1,09,35
1427,44,1,11,10
1427,44,2,samt,39
1427,44,2,09,28
1427,44,2,11,11
1427,45,1,samt,34
1427,45,1,09,31
1427,45,1,11,4
1427,45,2,samt,44
1427,45,2,09,37
1427,45,2,11,8
1427,46,1,samt,47
1427,46,1,09,34
1427,46,1,11,12
1427,46,2,samt,50
1427,46,2,09,38
1427,46,2,11,9
1427,47,1,samt,54
1427,47,1,09,46
1427,47,1,11,10
1427,47,2,samt,48
1427,47,2,09,38
1427,47,2,11,11
1427,48,1,samt,50
1427,48,1,09,45
1427,48,1,11,3
1427,48,2,samt,39
1427,48,2,09,27
1427,48,2,11,9
1427,49,1,samt,45
1427,49,1,09,40
1427,49,1,11,7
1427,49,2,samt,54
1427,49,2,09,45
1427,49,2,11,8
1427,50,1,samt,63
1427,50,1,09,47
1427,50,1,11,14
1427,50,2,samt,59
1427,50,2,09,49
1427,50,2,11,11
1427,51,1,samt,61
1427,51,1,09,54
1427,51,1,11,4
1427,51,2,samt,58
1427,51,2,09,48
1427,51,2,11,6
1427,52,1,samt,66
1427,52,1,09,55
1427,52,1,11,9
1427,52,2,samt,67
1427,52,2,09,63
1427,52,2,11,3
1427,53,1,samt,62
1427,53,1,09,43
1427,53,1,11,14
1427,53,2,samt,64
1427,53,2,09,51
1427,53,2,11,10
1427,54,1,samt,62
1427,54,1,09,55
1427,54,1,11,7
1427,54,2,samt,51
1427,54,2,09,40
1427,54,2,11,7
1427,55,1,samt,53
1427,55,1,09,50
1427,55,1,11,5
1427,55,2,samt,64
1427,55,2,09,58
1427,55,2,11,7
1427,56,1,samt,66
1427,56,1,09,66
1427,56,1,11,3
1427,56,2,samt,57
1427,56,2,09,42
1427,56,2,11,12
1427,57,1,samt,84
1427,57,1,09,72
1427,57,1,11,13
1427,57,2,samt,58
1427,57,2,09,56
1427,57,2,11,5
1427,58,1,samt,71
1427,58,1,09,65
1427,58,1,11,7
1427,58,2,samt,80
1427,58,2,09,76
1427,58,2,11,5
1427,59,1,samt,77
1427,59,1,09,74
1427,59,1,11,4
1427,59,2,samt,95
1427,59,2,09,87
1427,59,2,11,6
1427,60,1,samt,73
1427,60,1,09,67
1427,60,1,11,5
1427,60,2,samt,64
1427,60,2,09,55
1427,60,2,11,5
1427,61,1,samt,78
1427,61,1,09,69
1427,61,1,11,11
1427,61,2,samt,69
1427,61,2,09,60
1427,61,2,11,7
1427,62,1,samt,74
1427,62,1,09,67
1427,62,1,11,8
1427,62,2,samt,74
1427,62,2,09,63
1427,62,2,11,12
1427,63,1,samt,64
1427,63,1,09,61
1427,63,1,11,0
1427,63,2,samt,71
1427,63,2,09,71
1427,63,2,11,3
1427,64,1,samt,61
1427,64,1,09,63
1427,64,1,11,3
1427,64,2,samt,72
1427,64,2,09,70
1427,64,2,11,3
1427,65,1,samt,63
1427,65,1,09,59
1427,65,1,11,3
1427,65,2,samt,79
1427,65,2,09,69
1427,65,2,11,9
1427,66,1,samt,74
1427,66,1,09,71
1427,66,1,11,4
1427,66,2,samt,60
1427,66,2,09,58
1427,66,2,11,3
1427,67,1,samt,73
1427,67,1,09,70
1427,67,1,11,5
1427,67,2,samt,64
1427,67,2,09,59
1427,67,2,11,3
1427,68,1,samt,74
1427,68,1,09,68
1427,68,1,11,5
1427,68,2,samt,81
1427,68,2,09,78
1427,68,2,11,5
1427,69,1,samt,90
1427,69,1,09,86
1427,69,1,11,7
1427,69,2,samt,77
1427,69,2,09,69
1427,69,2,11,7
1427,70,1,samt,85
1427,70,1,09,85
1427,70,1,11,6
1427,70,2,samt,78
1427,70,2,09,74
1427,70,2,11,6
1427,71,1,samt,71
1427,71,1,09,72
1427,71,1,11,0
1427,71,2,samt,71
1427,71,2,09,67
1427,71,2,11,3
1427,72,1,samt,86
1427,72,1,09,85
1427,72,1,11,0
1427,72,2,samt,88
1427,72,2,09,87
1427,72,2,11,0
1427,73,1,samt,93
1427,73,1,09,90
1427,73,1,11,6
1427,73,2,samt,97
1427,73,2,09,93
1427,73,2,11,11
1427,74,1,samt,79
1427,74,1,09,79
1427,74,1,11,0
1427,74,2,samt,89
1427,74,2,09,84
1427,74,2,11,4
1427,75,1,samt,100
1427,75,1,09,94
1427,75,1,11,4
1427,75,2,samt,75
1427,75,2,09,70
1427,75,2,11,10
1427,76,1,samt,70
1427,76,1,09,68
1427,76,1,11,6
1427,76,2,samt,83
1427,76,2,09,71
1427,76,2,11,7
1427,77,1,samt,78
1427,77,1,09,73
1427,77,1,11,3
1427,77,2,samt,92
1427,77,2,09,83
1427,77,2,11,6
1427,78,1,samt,69
1427,78,1,09,66
1427,78,1,11,3
1427,78,2,samt,63
1427,78,2,09,57
1427,78,2,11,6
1427,79,1,samt,69
1427,79,1,09,68
1427,79,1,11,3
1427,79,2,samt,76
1427,79,2,09,69
1427,79,2,11,8
1430,0,1,samt,37
1430,0,1,09,37
1430,0,1,11,0
1430,0,2,samt,43
1430,0,2,09,43
1430,0,2,11,0
1430,1,1,samt,40
1430,1,1,09,43
1430,1,1,11,0
1430,1,2,samt,41
1430,1,2,09,41
1430,1,2,11,0
1430,2,1,samt,40
1430,2,1,09,43
1430,2,1,11,0
1430,2,2,samt,42
1430,2,2,09,42
1430,2,2,11,0
1430,3,1,samt,60
1430,3,1,09,60
1430,3,1,11,0
1430,3,2,samt,45
1430,3,2,09,45
1430,3,2,11,0
1430,4,1,samt,51
1430,4,1,09,51
1430,4,1,11,0
1430,4,2,samt,50
1430,4,2,09,49
1430,4,2,11,3
1430,5,1,samt,60
1430,5,1,09,60
1430,5,1,11,0
1430,5,2,samt,50
1430,5,2,09,46
1430,5,2,11,3
1430,6,1,samt,46
1430,6,1,09,47
1430,6,1,11,0
1430,6,2,samt,58
1430,6,2,09,56
1430,6,2,11,3
1430,7,1,samt,55
1430,7,1,09,52
1430,7,1,11,0
1430,7,2,samt,52
1430,7,2,09,52
1430,7,2,11,0
1430,8,1,samt,82
1430,8,1,09,79
1430,8,1,11,3
1430,8,2,samt,57
1430,8,2,09,57
1430,8,2,11,0
1430,9,1,samt,65
1430,9,1,09,61
1430,9,1,11,3
1430,9,2,samt,54
1430,9,2,09,55
1430,9,2,11,0
1430,10,1,samt,56
1430,10,1,09,57
1430,10,1,11,3
1430,10,2,samt,63
1430,10,2,09,64
1430,10,2,11,0
1430,11,1,samt,58
1430,11,1,09,58
1430,11,1,11,3
1430,11,2,samt,63
1430,11,2,09,61
1430,11,2,11,4
1430,12,1,samt,62
1430,12,1,09,56
1430,12,1,11,6
1430,12,2,samt,58
1430,12,2,09,49
1430,12,2,11,8
1430,13,1,samt,84
1430,13,1,09,80
1430,13,1,11,3
1430,13,2,samt,60
1430,13,2,09,52
1430,13,2,11,11
1430,14,1,samt,63
1430,14,1,09,54
1430,14,1,11,3
1430,14,2,samt,63
1430,14,2,09,55
1430,14,2,11,7
1430,15,1,samt,66
1430,15,1,09,57
1430,15,1,11,12
1430,15,2,samt,48
1430,15,2,09,42
1430,15,2,11,10
1430,16,1,samt,63
1430,16,1,09,55
1430,16,1,11,6
1430,16,2,samt,53
1430,16,2,09,51
1430,16,2,11,4
1430,17,1,samt,58
1430,17,1,09,49
1430,17,1,11,9
1430,17,2,samt,65
1430,17,2,09,55
1430,17,2,11,6
1430,18,1,samt,65
1430,18,1,09,54
1430,18,1,11,8
1430,18,2,samt,59
1430,18,2,09,50
1430,18,2,11,11
1430,19,1,samt,60
1430,19,1,09,48
1430,19,1,11,13
1430,19,2,samt,39
1430,19,2,09,37
1430,19,2,11,5
1430,20,1,samt,59
1430,20,1,09,49
1430,20,1,11,10
1430,20,2,samt,36
1430,20,2,09,31
1430,20,2,11,5
1430,21,1,samt,49
1430,21,1,09,46
1430,21,1,11,6
1430,21,2,samt,43
1430,21,2,09,35
1430,21,2,11,10
1430,22,1,samt,56
1430,22,1,09,50
1430,22,1,11,6
1430,22,2,samt,43
1430,22,2,09,39
1430,22,2,11,6
1430,23,1,samt,31
1430,23,1,09,29
1430,23,1,11,7
1430,23,2,samt,38
1430,23,2,09,27
1430,23,2,11,7
1430,24,1,samt,48
1430,24,1,09,37
1430,24,1,11,10
1430,24,2,samt,34
1430,24,2,09,28
1430,24,2,11,4
1430,25,1,samt,49
1430,25,1,09,39
1430,25,1,11,9
1430,25,2,samt,39
1430,25,2,09,37
1430,25,2,11,3
1430,26,1,samt,57
1430,26,1,09,43
1430,26,1,11,15
1430,26,2,samt,38
1430,26,2,09,31
1430,26,2,11,5
1430,27,1,samt,52
1430,27,1,09,44
1430,27,1,11,9
1430,27,2,samt,34
1430,27,2,09,30
1430,27,2,11,3
1430,28,1,samt,44
1430,28,1,09,34
1430,28,1,11,9
1430,28,2,samt,55
1430,28,2,09,43
1430,28,2,11,10
1430,29,1,samt,38
1430,29,1,09,34
1430,29,1,11,3
1430,29,2,samt,40
1430,29,2,09,35
1430,29,2,11,3
1430,30,1,samt,53
1430,30,1,09,47
1430,30,1,11,9
1430,30,2,samt,45
1430,30,2,09,37
1430,30,2,11,8
1430,31,1,samt,64
1430,31,1,09,56
1430,31,1,11,4
1430,31,2,samt,44
1430,31,2,09,42
1430,31,2,11,8
1430,32,1,samt,71
1430,32,1,09,61
1430,32,1,11,10
1430,32,2,samt,62
1430,32,2,09,52
1430,32,2,11,10
1430,33,1,samt,67
1430,33,1,09,60
1430,33,1,11,7
1430,33,2,samt,69
1430,33,2,09,63
1430,33,2,11,9
1430,34,1,samt,63
1430,34,1,09,53
1430,34,1,11,13
1430,34,2,samt,76
1430,34,2,09,72
1430,34,2,11,8
1430,35,1,samt,70
1430,35,1,09,65
1430,35,1,11,6
1430,35,2,samt,82
1430,35,2,09,71
1430,35,2,11,14
1430,36,1,samt,63
1430,36,1,09,56
1430,36,1,11,11
1430,36,2,samt,70
1430,36,2,09,63
1430,36,2,11,6
1430,37,1,samt,72
1430,37,1,09,57
1430,37,1,11,12
1430,37,2,samt,68
1430,37,2,09,64
1430,37,2,11,10
1430,38,1,samt,64
1430,38,1,09,50
1430,38,1,11,12
1430,38,2,samt,64
1430,38,2,09,56
1430,38,2,11,12
1430,39,1,samt,68
1430,39,1,09,61
1430,39,1,11,9
1430,39,2,samt,63
1430,39,2,09,49
1430,39,2,11,11
1430,40,1,samt,79
1430,40,1,09,71
1430,40,1,11,12
1430,40,2,samt,71
1430,40,2,09,59
1430,40,2,11,16
1430,41,1,samt,68
1430,41,1,09,56
1430,41,1,11,9
1430,41,2,samt,55
1430,41,2,09,39
1430,41,2,11,14
1430,42,1,samt,55
1430,42,1,09,42
1430,42,1,11,10
1430,42,2,samt,53
1430,42,2,09,38
1430,42,2,11,12
1430,43,1,samt,67
1430,43,1,09,51
1430,43,1,11,16
1430,43,2,samt,54
1430,43,2,09,40
1430,43,2,11,13
1430,44,1,samt,61
1430,44,1,09,50
1430,44,1,11,8
1430,44,2,samt,67
1430,44,2,09,54
1430,44,2,11,12
1430,45,1,samt,60
1430,45,1,09,52
1430,45,1,11,12
1430,45,2,samt,48
1430,45,2,09,40
1430,45,2,11,10
1430,46,1,samt,49
1430,46,1,09,36
1430,46,1,11,10
1430,46,2,samt,50
1430,46,2,09,38
1430,46,2,11,10
1430,47,1,samt,51
1430,47,1,09,43
1430,47,1,11,7
1430,47,2,samt,45
1430,47,2,09,37
1430,47,2,11,9
1430,48,1,samt,62
1430,48,1,09,51
1430,48,1,11,12
1430,48,2,samt,53
1430,48,2,09,42
1430,48,2,11,8
1430,49,1,samt,61
1430,49,1,09,49
1430,49,1,11,10
1430,49,2,samt,61
1430,49,2,09,44
1430,49,2,11,21
1430,50,1,samt,53
1430,50,1,09,45
1430,50,1,11,16
1430,50,2,samt,46
1430,50,2,09,36
1430,50,2,11,11
1430,51,1,samt,66
1430,51,1,09,55
1430,51,1,11,10
1430,51,2,samt,65
1430,51,2,09,50
1430,51,2,11,10
1430,52,1,samt,63
1430,52,1,09,52
1430,52,1,11,11
1430,52,2,samt,38
1430,52,2,09,33
1430,52,2,11,5
1430,53,1,samt,74
1430,53,1,09,65
1430,53,1,11,7
1430,53,2,samt,72
1430,53,2,09,59
1430,53,2,11,17
1430,54,1,samt,51
1430,54,1,09,47
1430,54,1,11,8
1430,54,2,samt,64
1430,54,2,09,60
1430,54,2,11,8
1430,55,1,samt,73
1430,55,1,09,69
1430,55,1,11,4
1430,55,2,samt,61
1430,55,2,09,50
1430,55,2,11,7
1430,56,1,samt,69
1430,56,1,09,56
1430,56,1,11,10
1430,56,2,samt,57
1430,56,2,09,52
1430,56,2,11,8
1430,57,1,samt,68
1430,57,1,09,57
1430,57,1,11,12
1430,57,2,samt,59
1430,57,2,09,51
1430,57,2,11,12
1430,58,1,samt,66
1430,58,1,09,58
1430,58,1,11,7
1430,58,2,samt,67
1430,58,2,09,61
1430,58,2,11,6
1430,59,1,samt,98
1430,59,1,09,82
1430,59,1,11,12
1430,59,2,samt,62
1430,59,2,09,54
1430,59,2,11,6
1430,60,1,samt,70
1430,60,1,09,58
1430,60,1,11,14
1430,60,2,samt,66
1430,60,2,09,59
1430,60,2,11,9
1430,61,1,samt,66
1430,61,1,09,61
1430,61,1,11,4
1430,61,2,samt,67
1430,61,2,09,59
1430,61,2,11,10
1430,62,1,samt,81
1430,62,1,09,67
1430,62,1,11,12
1430,62,2,samt,60
1430,62,2,09,54
1430,62,2,11,5
1430,63,1,samt,70
1430,63,1,09,62
1430,63,1,11,9
1430,63,2,samt,65
1430,63,2,09,58
1430,63,2,11,11
1430,64,1,samt,72
1430,64,1,09,67
1430,64,1,11,6
1430,64,2,samt,68
1430,64,2,09,67
1430,64,2,11,4
1430,65,1,samt,74
1430,65,1,09,69
1430,65,1,11,3
1430,65,2,samt,58
1430,65,2,09,44
1430,65,2,11,14
1430,66,1,samt,82
1430,66,1,09,72
1430,66,1,11,11
1430,66,2,samt,67
1430,66,2,09,53
1430,66,2,11,8
1430,67,1,samt,67
1430,67,1,09,61
1430,67,1,11,7
1430,67,2,samt,55
1430,67,2,09,51
1430,67,2,11,0
1430,68,1,samt,61
1430,68,1,09,55
1430,68,1,11,7
1430,68,2,samt,52
1430,68,2,09,42
1430,68,2,11,12
1430,69,1,samt,59
1430,69,1,09,54
1430,69,1,11,4
1430,69,2,samt,56
1430,69,2,09,52
1430,69,2,11,5
1430,70,1,samt,64
1430,70,1,09,59
1430,70,1,11,7
1430,70,2,samt,80
1430,70,2,09,67
1430,70,2,11,11
1430,71,1,samt,71
1430,71,1,09,70
1430,71,1,11,5
1430,71,2,samt,68
1430,71,2,09,61
1430,71,2,11,8
1430,72,1,samt,57
1430,72,1,09,61
1430,72,1,11,0
1430,72,2,samt,69
1430,72,2,09,61
1430,72,2,11,7
1430,73,1,samt,64
1430,73,1,09,62
1430,73,1,11,3
1430,73,2,samt,40
1430,73,2,09,38
1430,73,2,11,4
1430,74,1,samt,51
1430,74,1,09,42
1430,74,1,11,6
1430,74,2,samt,55
1430,74,2,09,48
1430,74,2,11,5
1430,75,1,samt,61
1430,75,1,09,55
1430,75,1,11,6
1430,75,2,samt,54
1430,75,2,09,46
1430,75,2,11,9
1430,76,1,samt,71
1430,76,1,09,63
1430,76,1,11,7
1430,76,2,samt,58
1430,76,2,09,53
1430,76,2,11,5
1430,77,1,samt,55
1430,77,1,09,54
1430,77,1,11,3
1430,77,2,samt,58
1430,77,2,09,56
1430,77,2,11,3
1430,78,1,samt,69
1430,78,1,09,68
1430,78,1,11,4
1430,78,2,samt,67
1430,78,2,09,61
1430,78,2,11,8
1430,79,1,samt,49
1430,79,1,09,46
1430,79,1,11,4
1430,79,2,samt,51
1430,79,2,09,45
1430,79,2,11,3
1439,0,1,samt,21
1439,0,1,09,21
1439,0,1,11,0
1439,0,2,samt,20
1439,0,2,09,20
1439,0,2,11,0
1439,1,1,samt,23
1439,1,1,09,23
1439,1,1,11,0
1439,1,2,samt,29
1439,1,2,09,29
1439,1,2,11,0
1439,2,1,samt,20
1439,2,1,09,20
1439,2,1,11,0
1439,2,2,samt,26
1439,2,2,09,25
1439,2,2,11,3
1439,3,1,samt,32
1439,3,1,09,25
1439,3,1,11,4
1439,3,2,samt,36
1439,3,2,09,36
1439,3,2,11,0
1439,4,1,samt,29
1439,4,1,09,29
1439,4,1,11,0
1439,4,2,samt,21
1439,4,2,09,22
1439,4,2,11,0
1439,5,1,samt,30
1439,5,1,09,30
1439,5,1,11,4
1439,5,2,samt,37
1439,5,2,09,35
1439,5,2,11,3
1439,6,1,samt,28
1439,6,1,09,28
1439,6,1,11,0
1439,6,2,samt,34
1439,6,2,09,34
1439,6,2,11,3
1439,7,1,samt,38
1439,7,1,09,38
1439,7,1,11,0
1439,7,2,samt,27
1439,7,2,09,25
1439,7,2,11,3
1439,8,1,samt,42
1439,8,1,09,38
1439,8,1,11,0
1439,8,2,samt,30
1439,8,2,09,27
1439,8,2,11,3
1439,9,1,samt,50
1439,9,1,09,47
1439,9,1,11,6
1439,9,2,samt,25
1439,9,2,09,25
1439,9,2,11,0
1439,10,1,samt,34
1439,10,1,09,31
1439,10,1,11,0
1439,10,2,samt,30
1439,10,2,09,26
1439,10,2,11,5
1439,11,1,samt,36
1439,11,1,09,29
1439,11,1,11,4
1439,11,2,samt,37
1439,11,2,09,37
1439,11,2,11,0
1439,12,1,samt,37
1439,12,1,09,35
1439,12,1,11,0
1439,12,2,samt,43
1439,12,2,09,38
1439,12,2,11,0
1439,13,1,samt,33
1439,13,1,09,29
1439,13,1,11,0
1439,13,2,samt,35
1439,13,2,09,28
1439,13,2,11,5
1439,14,1,samt,44
1439,14,1,09,42
1439,14,1,11,3
1439,14,2,samt,37
1439,14,2,09,37
1439,14,2,11,5
1439,15,1,samt,32
1439,15,1,09,29
1439,15,1,11,7
1439,15,2,samt,29
1439,15,2,09,28
1439,15,2,11,3
1439,16,1,samt,55
1439,16,1,09,55
1439,16,1,11,0
1439,16,2,samt,27
1439,16,2,09,25
1439,16,2,11,5
1439,17,1,samt,36
1439,17,1,09,31
1439,17,1,11,4
1439,17,2,samt,36
1439,17,2,09,32
1439,17,2,11,3
1439,18,1,samt,43
1439,18,1,09,36
1439,18,1,11,6
1439,18,2,samt,34
1439,18,2,09,31
1439,18,2,11,3
1439,19,1,samt,33
1439,19,1,09,32
1439,19,1,11,3
1439,19,2,samt,30
1439,19,2,09,26
1439,19,2,11,3
1439,20,1,samt,35
1439,20,1,09,29
1439,20,1,11,7
1439,20,2,samt,28
1439,20,2,09,25
1439,20,2,11,5
1439,21,1,samt,37
1439,21,1,09,33
1439,21,1,11,3
1439,21,2,samt,30
1439,21,2,09,26
1439,21,2,11,4
1439,22,1,samt,23
1439,22,1,09,17
1439,22,1,11,7
1439,22,2,samt,19
1439,22,2,09,17
1439,22,2,11,0
1439,23,1,samt,25
1439,23,1,09,27
1439,23,1,11,3
1439,23,2,samt,20
1439,23,2,09,14
1439,23,2,11,4
1439,24,1,samt,32
1439,24,1,09,22
1439,24,1,11,3
1439,24,2,samt,19
1439,24,2,09,9
1439,24,2,11,10
1439,25,1,samt,30
1439,25,1,09,23
1439,25,1,11,4
1439,25,2,samt,13
1439,25,2,09,13
1439,25,2,11,0
1439,26,1,samt,29
1439,26,1,09,20
1439,26,1,11,10
1439,26,2,samt,30
1439,26,2,09,28
1439,26,2,11,4
1439,27,1,samt,20
1439,27,1,09,16
1439,27,1,11,4
1439,27,2,samt,19
1439,27,2,09,12
1439,27,2,11,8
1439,28,1,samt,22
1439,28,1,09,16
1439,28,1,11,4
1439,28,2,samt,26
1439,28,2,09,24
1439,28,2,11,3
1439,29,1,samt,26
1439,29,1,09,22
1439,29,1,11,3
1439,29,2,samt,23
1439,29,2,09,18
1439,29,2,11,7
1439,30,1,samt,36
1439,30,1,09,35
1439,30,1,11,3
1439,30,2,samt,35
1439,30,2,09,30
1439,30,2,11,4
1439,31,1,samt,42
1439,31,1,09,41
1439,31,1,11,3
1439,31,2,samt,35
1439,31,2,09,32
1439,31,2,11,6
1439,32,1,samt,47
1439,32,1,09,49
1439,32,1,11,4
1439,32,2,samt,34
1439,32,2,09,29
1439,32,2,11,0
1439,33,1,samt,39
1439,33,1,09,36
1439,33,1,11,5
1439,33,2,samt,36
1439,33,2,09,31
1439,33,2,11,7
1439,34,1,samt,47
1439,34,1,09,42
1439,34,1,11,5
1439,34,2,samt,45
1439,34,2,09,42
1439,34,2,11,6
1439,35,1,samt,31
1439,35,1,09,28
1439,35,1,11,5
1439,35,2,samt,41
1439,35,2,09,37
1439,35,2,11,0
1439,36,1,samt,49
1439,36,1,09,45
1439,36,1,11,3
1439,36,2,samt,36
1439,36,2,09,30
1439,36,2,11,7
1439,37,1,samt,45
1439,37,1,09,37
1439,37,1,11,9
1439,37,2,samt,43
1439,37,2,09,32
1439,37,2,11,8
1439,38,1,samt,52
1439,38,1,09,44
1439,38,1,11,9
1439,38,2,samt,36
1439,38,2,09,28
1439,38,2,11,5
1439,39,1,samt,39
1439,39,1,09,32
1439,39,1,11,8
1439,39,2,samt,42
1439,39,2,09,33
1439,39,2,11,5
1439,40,1,samt,27
1439,40,1,09,25
1439,40,1,11,7
1439,40,2,samt,37
1439,40,2,09,25
1439,40,2,11,6
1439,41,1,samt,43
1439,41,1,09,34
1439,41,1,11,9
1439,41,2,samt,28
1439,41,2,09,22
1439,41,2,11,9
1439,42,1,samt,24
1439,42,1,09,24
1439,42,1,11,3
1439,42,2,samt,36
1439,42,2,09,27
1439,42,2,11,5
1439,43,1,samt,28
1439,43,1,09,24
1439,43,1,11,3
1439,43,2,samt,28
1439,43,2,09,20
1439,43,2,11,4
1439,44,1,samt,31
1439,44,1,09,29
1439,44,1,11,5
1439,44,2,samt,32
1439,44,2,09,27
1439,44,2,11,6
1439,45,1,samt,33
1439,45,1,09,23
1439,45,1,11,8
1439,45,2,samt,32
1439,45,2,09,25
1439,45,2,11,10
1439,46,1,samt,37
1439,46,1,09,31
1439,46,1,11,10
1439,46,2,samt,29
1439,46,2,09,25
1439,46,2,11,3
1439,47,1,samt,39
1439,47,1,09,32
1439,47,1,11,6
1439,47,2,samt,14
1439,47,2,09,13
1439,47,2,11,3
1439,48,1,samt,42
1439,48,1,09,36
1439,48,1,11,8
1439,48,2,samt,34
1439,48,2,09,29
1439,48,2,11,6
1439,49,1,samt,39
1439,49,1,09,31
1439,49,1,11,9
1439,49,2,samt,33
1439,49,2,09,28
1439,49,2,11,4
1439,50,1,samt,39
1439,50,1,09,29
1439,50,1,11,11
1439,50,2,samt,26
1439,50,2,09,21
1439,50,2,11,7
1439,51,1,samt,34
1439,51,1,09,34
1439,51,1,11,3
1439,51,2,samt,40
1439,51,2,09,34
1439,51,2,11,6
1439,52,1,samt,30
1439,52,1,09,26
1439,52,1,11,4
1439,52,2,samt,35
1439,52,2,09,33
1439,52,2,11,3
1439,53,1,samt,59
1439,53,1,09,48
1439,53,1,11,13
1439,53,2,samt,41
1439,53,2,09,37
1439,53,2,11,3
1439,54,1,samt,32
1439,54,1,09,31
1439,54,1,11,3
1439,54,2,samt,32
1439,54,2,09,29
1439,54,2,11,4
1439,55,1,samt,42
1439,55,1,09,39
1439,55,1,11,3
1439,55,2,samt,36
1439,55,2,09,28
1439,55,2,11,7
1439,56,1,samt,37
1439,56,1,09,32
1439,56,1,11,4
1439,56,2,samt,54
1439,56,2,09,51
1439,56,2,11,4
1439,57,1,samt,32
1439,57,1,09,30
1439,57,1,11,3
1439,57,2,samt,41
1439,57,2,09,39
1439,57,2,11,0
1439,58,1,samt,52
1439,58,1,09,48
1439,58,1,11,5
1439,58,2,samt,43
1439,58,2,09,41
1439,58,2,11,3
1439,59,1,samt,56
1439,59,1,09,50
1439,59,1,11,0
1439,59,2,samt,44
1439,59,2,09,42
1439,59,2,11,4
1439,60,1,samt,53
1439,60,1,09,49
1439,60,1,11,4
1439,60,2,samt,49
1439,60,2,09,47
1439,60,2,11,4
1439,61,1,samt,39
1439,61,1,09,36
1439,61,1,11,4
1439,61,2,samt,48
1439,61,2,09,39
1439,61,2,11,4
1439,62,1,samt,36
1439,62,1,09,33
1439,62,1,11,4
1439,62,2,samt,42
1439,62,2,09,34
1439,62,2,11,5
1439,63,1,samt,47
1439,63,1,09,41
1439,63,1,11,3
1439,63,2,samt,52
1439,63,2,09,46
1439,63,2,11,9
1439,64,1,samt,49
1439,64,1,09,43
1439,64,1,11,3
1439,64,2,samt,41
1439,64,2,09,34
1439,64,2,11,4
1439,65,1,samt,24
1439,65,1,09,23
1439,65,1,11,6
1439,65,2,samt,35
1439,65,2,09,33
1439,65,2,11,4
1439,66,1,samt,51
1439,66,1,09,46
1439,66,1,11,6
1439,66,2,samt,45
1439,66,2,09,39
1439,66,2,11,6
1439,67,1,samt,57
1439,67,1,09,52
1439,67,1,11,4
1439,67,2,samt,30
1439,67,2,09,32
1439,67,2,11,0
1439,68,1,samt,43
1439,68,1,09,45
1439,68,1,11,3
1439,68,2,samt,44
1439,68,2,09,43
1439,68,2,11,3
1439,69,1,samt,41
1439,69,1,09,39
1439,69,1,11,3
1439,69,2,samt,28
1439,69,2,09,24
1439,69,2,11,5
1439,70,1,samt,50
1439,70,1,09,40
1439,70,1,11,7
1439,70,2,samt,43
1439,70,2,09,37
1439,70,2,11,3
1439,71,1,samt,42
1439,71,1,09,37
1439,71,1,11,3
1439,71,2,samt,53
1439,71,2,09,46
1439,71,2,11,5
1439,72,1,samt,49
1439,72,1,09,47
1439,72,1,11,0
1439,72,2,samt,52
1439,72,2,09,47
1439,72,2,11,6
1439,73,1,samt,38
1439,73,1,09,36
1439,73,1,11,3
1439,73,2,samt,41
1439,73,2,09,37
1439,73,2,11,6
1439,74,1,samt,38
1439,74,1,09,36
1439,74,1,11,0
1439,74,2,samt,28
1439,74,2,09,28
1439,74,2,11,0
1439,75,1,samt,53
1439,75,1,09,49
1439,75,1,11,7
1439,75,2,samt,40
1439,75,2,09,36
1439,75,2,11,3
1439,76,1,samt,55
1439,76,1,09,49
1439,76,1,11,3
1439,76,2,samt,40
1439,76,2,09,33
1439,76,2,11,5
1439,77,1,samt,39
1439,77,1,09,38
1439,77,1,11,3
1439,77,2,samt,44
1439,77,2,09,43
1439,77,2,11,3
1439,78,1,samt,38
1439,78,1,09,36
1439,78,1,11,3
1439,78,2,samt,29
1439,78,2,09,24
1439,78,2,11,5
1439,79,1,samt,35
1439,79,1,09,33
1439,79,1,11,3
1439,79,2,samt,36
1439,79,2,09,34
1439,79,2,11,3
1444,0,1,samt,26
1444,0,1,09,26
1444,0,1,11,0
1444,0,2,samt,25
1444,0,2,09,25
1444,0,2,11,0
1444,1,1,samt,15
1444,1,1,09,15
1444,1,1,11,0
1444,1,2,samt,21
1444,1,2,09,23
1444,1,2,11,0
1444,2,1,samt,23
1444,2,1,09,21
1444,2,1,11,0
1444,2,2,samt,18
1444,2,2,09,18
1444,2,2,11,0
1444,3,1,samt,26
1444,3,1,09,24
1444,3,1,11,0
1444,3,2,samt,25
1444,3,2,09,25
1444,3,2,11,0
1444,4,1,samt,21
1444,4,1,09,21
1444,4,1,11,0
1444,4,2,samt,33
1444,4,2,09,30
1444,4,2,11,0
1444,5,1,samt,25
1444,5,1,09,22
1444,5,1,11,3
1444,5,2,samt,31
1444,5,2,09,31
1444,5,2,11,3
1444,6,1,samt,28
1444,6,1,09,28
1444,6,1,11,0
1444,6,2,samt,25
1444,6,2,09,25
1444,6,2,11,0
1444,7,1,samt,33
1444,7,1,09,31
1444,7,1,11,4
1444,7,2,samt,27
1444,7,2,09,27
1444,7,2,11,0
1444,8,1,samt,28
1444,8,1,09,28
1444,8,1,11,0
1444,8,2,samt,35
1444,8,2,09,31
1444,8,2,11,0
1444,9,1,samt,39
1444,9,1,09,39
1444,9,1,11,0
1444,9,2,samt,31
1444,9,2,09,31
1444,9,2,11,0
1444,10,1,samt,20
1444,10,1,09,20
1444,10,1,11,0
1444,10,2,samt,20
1444,10,2,09,21
1444,10,2,11,3
1444,11,1,samt,33
1444,11,1,09,32
1444,11,1,11,3
1444,11,2,samt,30
1444,11,2,09,28
1444,11,2,11,3
1444,12,1,samt,39
1444,12,1,09,39
1444,12,1,11,0
1444,12,2,samt,24
1444,12,2,09,24
1444,12,2,11,0
1444,13,1,samt,28
1444,13,1,09,29
1444,13,1,11,0
1444,13,2,samt,30
1444,13,2,09,29
1444,13,2,11,0
1444,14,1,samt,33
1444,14,1,09,31
1444,14,1,11,0
1444,14,2,samt,28
1444,14,2,09,22
1444,14,2,11,0
1444,15,1,samt,33
1444,15,1,09,30
1444,15,1,11,4
1444,15,2,samt,35
1444,15,2,09,31
1444,15,2,11,3
1444,16,1,samt,39
1444,16,1,09,34
1444,16,1,11,7
1444,16,2,samt,22
1444,16,2,09,22
1444,16,2,11,0
1444,17,1,samt,34
1444,17,1,09,35
1444,17,1,11,3
1444,17,2,samt,36
1444,17,2,09,32
1444,17,2,11,4
1444,18,1,samt,41
1444,18,1,09,39
1444,18,1,11,4
1444,18,2,samt,31
1444,18,2,09,31
1444,18,2,11,0
1444,19,1,samt,35
1444,19,1,09,31
1444,19,1,11,3
1444,19,2,samt,28
1444,19,2,09,25
1444,19,2,11,5
1444,20,1,samt,24
1444,20,1,09,24
1444,20,1,11,0
1444,20,2,samt,23
1444,20,2,09,17
1444,20,2,11,4
1444,21,1,samt,20
1444,21,1,09,17
1444,21,1,11,3
1444,21,2,samt,20
1444,21,2,09,20
1444,21,2,11,0
1444,22,1,samt,25
1444,22,1,09,19
1444,22,1,11,3
1444,22,2,samt,24
1444,22,2,09,26
1444,22,2,11,3
1444,23,1,samt,28
1444,23,1,09,23
1444,23,1,11,8
1444,23,2,samt,12
1444,23,2,09,12
1444,23,2,11,0
1444,24,1,samt,27
1444,24,1,09,22
1444,24,1,11,6
1444,24,2,samt,21
1444,24,2,09,17
1444,24,2,11,4
1444,25,1,samt,16
1444,25,1,09,13
1444,25,1,11,6
1444,25,2,samt,15
1444,25,2,09,10
1444,25,2,11,0
1444,26,1,samt,24
1444,26,1,09,17
1444,26,1,11,5
1444,26,2,samt,26
1444,26,2,09,21
1444,26,2,11,3
1444,27,1,samt,39
1444,27,1,09,27
1444,27,1,11,7
1444,27,2,samt,29
1444,27,2,09,24
1444,27,2,11,7
1444,28,1,samt,19
1444,28,1,09,19
1444,28,1,11,0
1444,28,2,samt,19
1444,28,2,09,15
1444,28,2,11,3
1444,29,1,samt,26
1444,29,1,09,22
1444,29,1,11,0
1444,29,2,samt,22
1444,29,2,09,19
1444,29,2,11,3
1444,30,1,samt,31
1444,30,1,09,25
1444,30,1,11,4
1444,30,2,samt,24
1444,30,2,09,25
1444,30,2,11,3
1444,31,1,samt,22
1444,31,1,09,22
1444,31,1,11,3
1444,31,2,samt,22
1444,31,2,09,20
1444,31,2,11,3
1444,32,1,samt,40
1444,32,1,09,33
1444,32,1,11,7
1444,32,2,samt,34
1444,32,2,09,28
1444,32,2,11,3
1444,33,1,samt,35
1444,33,1,09,35
1444,33,1,11,3
1444,33,2,samt,38
1444,33,2,09,34
1444,33,2,11,0
1444,34,1,samt,37
1444,34,1,09,38
1444,34,1,11,6
1444,34,2,samt,39
1444,34,2,09,36
1444,34,2,11,3
1444,35,1,samt,29
1444,35,1,09,26
1444,35,1,11,3
1444,35,2,samt,49
1444,35,2,09,50
1444,35,2,11,4
1444,36,1,samt,39
1444,36,1,09,36
1444,36,1,11,4
1444,36,2,samt,28
1444,36,2,09,23
1444,36,2,11,0
1444,37,1,samt,52
1444,37,1,09,47
1444,37,1,11,4
1444,37,2,samt,39
1444,37,2,09,36
1444,37,2,11,3
1444,38,1,samt,32
1444,38,1,09,29
1444,38,1,11,4
1444,38,2,samt,42
1444,38,2,09,38
1444,38,2,11,3
1444,39,1,samt,30
1444,39,1,09,28
1444,39,1,11,0
1444,39,2,samt,27
1444,39,2,09,21
1444,39,2,11,5
1444,40,1,samt,38
1444,40,1,09,36
1444,40,1,11,3
1444,40,2,samt,30
1444,40,2,09,28
1444,40,2,11,3
1444,41,1,samt,18
1444,41,1,09,16
1444,41,1,11,3
1444,41,2,samt,26
1444,41,2,09,20
1444,41,2,11,0
1444,42,1,samt,32
1444,42,1,09,29
1444,42,1,11,0
1444,42,2,samt,29
1444,42,2,09,27
1444,42,2,11,7
1444,43,1,samt,35
1444,43,1,09,30
1444,43,1,11,3
1444,43,2,samt,25
1444,43,2,09,16
1444,43,2,11,8
1444,44,1,samt,30
1444,44,1,09,30
1444,44,1,11,5
1444,44,2,samt,18
1444,44,2,09,13
1444,44,2,11,5
1444,45,1,samt,25
1444,45,1,09,22
1444,45,1,11,3
1444,45,2,samt,28
1444,45,2,09,27
1444,45,2,11,0
1444,46,1,samt,29
1444,46,1,09,26
1444,46,1,11,3
1444,46,2,samt,27
1444,46,2,09,25
1444,46,2,11,0
1444,47,1,samt,32
1444,47,1,09,30
1444,47,1,11,0
1444,47,2,samt,32
1444,47,2,09,26
1444,47,2,11,6
1444,48,1,samt,45
1444,48,1,09,38
1444,48,1,11,3
1444,48,2,samt,21
1444,48,2,09,22
1444,48,2,11,3
1444,49,1,samt,32
1444,49,1,09,29
1444,49,1,11,0
1444,49,2,samt,35
1444,49,2,09,32
1444,49,2,11,7
1444,50,1,samt,25
1444,50,1,09,22
1444,50,1,11,3
1444,50,2,samt,45
1444,50,2,09,39
1444,50,2,11,6
1444,51,1,samt,45
1444,51,1,09,44
1444,51,1,11,4
1444,51,2,samt,42
1444,51,2,09,33
1444,51,2,11,11
1444,52,1,samt,37
1444,52,1,09,37
1444,52,1,11,3
1444,52,2,samt,35
1444,52,2,09,31
1444,52,2,11,8
1444,53,1,samt,34
1444,53,1,09,29
1444,53,1,11,8
1444,53,2,samt,32
1444,53,2,09,31
1444,53,2,11,3
1444,54,1,samt,38
1444,54,1,09,34
1444,54,1,11,4
1444,54,2,samt,46
1444,54,2,09,46
1444,54,2,11,3
1444,55,1,samt,39
1444,55,1,09,34
1444,55,1,11,3
1444,55,2,samt,36
1444,55,2,09,32
1444,55,2,11,6
1444,56,1,samt,45
1444,56,1,09,39
1444,56,1,11,8
1444,56,2,samt,33
1444,56,2,09,28
1444,56,2,11,4
1444,57,1,samt,37
1444,57,1,09,37
1444,57,1,11,0
1444,57,2,samt,44
1444,57,2,09,37
1444,57,2,11,3
1444,58,1,samt,37
1444,58,1,09,37
1444,58,1,11,0
1444,58,2,samt,43
1444,58,2,09,37
1444,58,2,11,3
1444,59,1,samt,45
1444,59,1,09,42
1444,59,1,11,5
1444,59,2,samt,30
1444,59,2,09,27
1444,59,2,11,3
1444,60,1,samt,48
1444,60,1,09,45
1444,60,1,11,6
1444,60,2,samt,42
1444,60,2,09,39
1444,60,2,11,0
1444,61,1,samt,44
1444,61,1,09,42
1444,61,1,11,0
1444,61,2,samt,41
1444,61,2,09,36
1444,61,2,11,5
1444,62,1,samt,35
1444,62,1,09,30
1444,62,1,11,3
1444,62,2,samt,47
1444,62,2,09,41
1444,62,2,11,0
1444,63,1,samt,47
1444,63,1,09,42
1444,63,1,11,8
1444,63,2,samt,46
1444,63,2,09,42
1444,63,2,11,0
1444,64,1,samt,31
1444,64,1,09,27
1444,64,1,11,3
1444,64,2,samt,30
1444,64,2,09,26
1444,64,2,11,3
1444,65,1,samt,35
1444,65,1,09,33
1444,65,1,11,0
1444,65,2,samt,37
1444,65,2,09,38
1444,65,2,11,0
1444,66,1,samt,47
1444,66,1,09,44
1444,66,1,11,3
1444,66,2,samt,41
1444,66,2,09,37
1444,66,2,11,4
1444,67,1,samt,32
1444,67,1,09,30
1444,67,1,11,3
1444,67,2,samt,35
1444,67,2,09,32
1444,67,2,11,3
1444,68,1,samt,43
1444,68,1,09,43
1444,68,1,11,3
1444,68,2,samt,37
1444,68,2,09,33
1444,68,2,11,3
1444,69,1,samt,37
1444,69,1,09,37
1444,69,1,11,0
1444,69,2,samt,27
1444,69,2,09,32
1444,69,2,11,3
1444,70,1,samt,35
1444,70,1,09,29
1444,70,1,11,3
1444,70,2,samt,42
1444,70,2,09,38
1444,70,2,11,4
1444,71,1,samt,30
1444,71,1,09,28
1444,71,1,11,3
1444,71,2,samt,39
1444,71,2,09,34
1444,71,2,11,3
1444,72,1,samt,27
1444,72,1,09,27
1444,72,1,11,0
1444,72,2,samt,37
1444,72,2,09,33
1444,72,2,11,3
1444,73,1,samt,39
1444,73,1,09,39
1444,73,1,11,0
1444,73,2,samt,33
1444,73,2,09,28
1444,73,2,11,8
1444,74,1,samt,52
1444,74,1,09,49
1444,74,1,11,3
1444,74,2,samt,35
1444,74,2,09,35
1444,74,2,11,3
1444,75,1,samt,35
1444,75,1,09,34
1444,75,1,11,3
1444,75,2,samt,29
1444,75,2,09,29
1444,75,2,11,0
1444,76,1,samt,46
1444,76,1,09,43
1444,76,1,11,0
1444,76,2,samt,34
1444,76,2,09,32
1444,76,2,11,4
1444,77,1,samt,34
1444,77,1,09,31
1444,77,1,11,4
1444,77,2,samt,42
1444,77,2,09,42
1444,77,2,11,3
1444,78,1,samt,28
1444,78,1,09,28
1444,78,1,11,0
1444,78,2,samt,40
1444,78,2,09,40
1444,78,2,11,3
1444,79,1,samt,26
1444,79,1,09,25
1444,79,1,11,0
1444,79,2,samt,26
1444,79,2,09,26
1444,79,2,11,0
1461,0,1,samt,41
1461,0,1,09,41
1461,0,1,11,0
1461,0,2,samt,42
1461,0,2,09,42
1461,0,2,11,0
1461,1,1,samt,43
1461,1,1,09,43
1461,1,1,11,0
1461,1,2,samt,30
1461,1,2,09,29
1461,1,2,11,3
1461,2,1,samt,39
1461,2,1,09,42
1461,2,1,11,0
1461,2,2,samt,38
1461,2,2,09,35
1461,2,2,11,3
1461,3,1,samt,30
1461,3,1,09,30
1461,3,1,11,3
1461,3,2,samt,58
1461,3,2,09,54
1461,3,2,11,0
1461,4,1,samt,46
1461,4,1,09,46
1461,4,1,11,0
1461,4,2,samt,36
1461,4,2,09,34
1461,4,2,11,4
1461,5,1,samt,56
1461,5,1,09,54
1461,5,1,11,3
1461,5,2,samt,36
1461,5,2,09,33
1461,5,2,11,3
1461,6,1,samt,47
1461,6,1,09,44
1461,6,1,11,3
1461,6,2,samt,26
1461,6,2,09,25
1461,6,2,11,3
1461,7,1,samt,40
1461,7,1,09,38
1461,7,1,11,4
1461,7,2,samt,45
1461,7,2,09,43
1461,7,2,11,0
1461,8,1,samt,57
1461,8,1,09,55
1461,8,1,11,0
1461,8,2,samt,58
1461,8,2,09,50
1461,8,2,11,6
1461,9,1,samt,51
1461,9,1,09,46
1461,9,1,11,0
1461,9,2,samt,43
1461,9,2,09,39
1461,9,2,11,0
1461,10,1,samt,50
1461,10,1,09,51
1461,10,1,11,4
1461,10,2,samt,47
1461,10,2,09,41
1461,10,2,11,6
1461,11,1,samt,68
1461,11,1,09,63
1461,11,1,11,10
1461,11,2,samt,40
1461,11,2,09,35
1461,11,2,11,4
1461,12,1,samt,50
1461,12,1,09,42
1461,12,1,11,7
1461,12,2,samt,54
1461,12,2,09,41
1461,12,2,11,10
1461,13,1,samt,48
1461,13,1,09,41
1461,13,1,11,7
1461,13,2,samt,36
1461,13,2,09,32
1461,13,2,11,8
1461,14,1,samt,62
1461,14,1,09,43
1461,14,1,11,18
1461,14,2,samt,50
1461,14,2,09,46
1461,14,2,11,6
1461,15,1,samt,56
1461,15,1,09,46
1461,15,1,11,9
1461,15,2,samt,40
1461,15,2,09,30
1461,15,2,11,8
1461,16,1,samt,59
1461,16,1,09,49
1461,16,1,11,11
1461,16,2,samt,45
1461,16,2,09,37
1461,16,2,11,10
1461,17,1,samt,65
1461,17,1,09,49
1461,17,1,11,19
1461,17,2,samt,60
1461,17,2,09,44
1461,17,2,11,21
1461,18,1,samt,52
1461,18,1,09,43
1461,18,1,11,11
1461,18,2,samt,41
1461,18,2,09,32
1461,18,2,11,12
1461,19,1,samt,41
1461,19,1,09,24
1461,19,1,11,16
1461,19,2,samt,39
1461,19,2,09,27
1461,19,2,11,16
1461,20,1,samt,38
1461,20,1,09,33
1461,20,1,11,8
1461,20,2,samt,39
1461,20,2,09,25
1461,20,2,11,12
1461,21,1,samt,37
1461,21,1,09,29
1461,21,1,11,7
1461,21,2,samt,39
1461,21,2,09,29
1461,21,2,11,10
1461,22,1,samt,42
1461,22,1,09,34
1461,22,1,11,10
1461,22,2,samt,36
1461,22,2,09,23
1461,22,2,11,16
1461,23,1,samt,44
1461,23,1,09,38
1461,23,1,11,8
1461,23,2,samt,36
1461,23,2,09,31
1461,23,2,11,6
1461,24,1,samt,42
1461,24,1,09,36
1461,24,1,11,10
1461,24,2,samt,34
1461,24,2,09,26
1461,24,2,11,10
1461,25,1,samt,43
1461,25,1,09,34
1461,25,1,11,12
1461,25,2,samt,32
1461,25,2,09,21
1461,25,2,11,8
1461,26,1,samt,36
1461,26,1,09,26
1461,26,1,11,13
1461,26,2,samt,34
1461,26,2,09,26
1461,26,2,11,9
1461,27,1,samt,60
1461,27,1,09,45
1461,27,1,11,18
1461,27,2,samt,38
1461,27,2,09,28
1461,27,2,11,8
1461,28,1,samt,38
1461,28,1,09,27
1461,28,1,11,10
1461,28,2,samt,45
1461,28,2,09,31
1461,28,2,11,15
1461,29,1,samt,44
1461,29,1,09,29
1461,29,1,11,11
1461,29,2,samt,30
1461,29,2,09,20
1461,29,2,11,10
1461,30,1,samt,51
1461,30,1,09,44
1461,30,1,11,11
1461,30,2,samt,52
1461,30,2,09,36
1461,30,2,11,13
1461,31,1,samt,50
1461,31,1,09,37
1461,31,1,11,10
1461,31,2,samt,43
1461,31,2,09,30
1461,31,2,11,11
1461,32,1,samt,47
1461,32,1,09,39
1461,32,1,11,12
1461,32,2,samt,57
1461,32,2,09,51
1461,32,2,11,3
1461,33,1,samt,51
1461,33,1,09,37
1461,33,1,11,12
1461,33,2,samt,52
1461,33,2,09,36
1461,33,2,11,13
1461,34,1,samt,67
1461,34,1,09,53
1461,34,1,11,14
1461,34,2,samt,51
1461,34,2,09,38
1461,34,2,11,15
1461,35,1,samt,67
1461,35,1,09,56
1461,35,1,11,13
1461,35,2,samt,54
1461,35,2,09,42
1461,35,2,11,13
1461,36,1,samt,57
1461,36,1,09,42
1461,36,1,11,13
1461,36,2,samt,46
1461,36,2,09,38
1461,36,2,11,8
1461,37,1,samt,37
1461,37,1,09,30
1461,37,1,11,9
1461,37,2,samt,48
1461,37,2,09,40
1461,37,2,11,6
1461,38,1,samt,53
1461,38,1,09,40
1461,38,1,11,15
1461,38,2,samt,46
1461,38,2,09,35
1461,38,2,11,10
1461,39,1,samt,49
1461,39,1,09,34
1461,39,1,11,16
1461,39,2,samt,64
1461,39,2,09,40
1461,39,2,11,27
1461,40,1,samt,56
1461,40,1,09,43
1461,40,1,11,15
1461,40,2,samt,47
1461,40,2,09,32
1461,40,2,11,16
1461,41,1,samt,48
1461,41,1,09,32
1461,41,1,11,13
1461,41,2,samt,52
1461,41,2,09,36
1461,41,2,11,15
1461,42,1,samt,49
1461,42,1,09,32
1461,42,1,11,16
1461,42,2,samt,37
1461,42,2,09,25
1461,42,2,11,9
1461,43,1,samt,45
1461,43,1,09,28
1461,43,1,11,21
1461,43,2,samt,54
1461,43,2,09,30
1461,43,2,11,20
1461,44,1,samt,47
1461,44,1,09,36
1461,44,1,11,10
1461,44,2,samt,42
1461,44,2,09,29
1461,44,2,11,11
1461,45,1,samt,40
1461,45,1,09,30
1461,45,1,11,10
1461,45,2,samt,42
1461,45,2,09,25
1461,45,2,11,18
1461,46,1,samt,52
1461,46,1,09,39
1461,46,1,11,17
1461,46,2,samt,40
1461,46,2,09,30
1461,46,2,11,14
1461,47,1,samt,36
1461,47,1,09,29
1461,47,1,11,7
1461,47,2,samt,44
1461,47,2,09,34
1461,47,2,11,13
1461,48,1,samt,51
1461,48,1,09,36
1461,48,1,11,14
1461,48,2,samt,54
1461,48,2,09,33
1461,48,2,11,17
1461,49,1,samt,50
1461,49,1,09,32
1461,49,1,11,17
1461,49,2,samt,40
1461,49,2,09,29
1461,49,2,11,13
1461,50,1,samt,52
1461,50,1,09,43
1461,50,1,11,9
1461,50,2,samt,46
1461,50,2,09,34
1461,50,2,11,10
1461,51,1,samt,59
1461,51,1,09,48
1461,51,1,11,9
1461,51,2,samt,46
1461,51,2,09,39
1461,51,2,11,10
1461,52,1,samt,43
1461,52,1,09,43
1461,52,1,11,3
1461,52,2,samt,48
1461,52,2,09,39
1461,52,2,11,4
1461,53,1,samt,52
1461,53,1,09,42
1461,53,1,11,14
1461,53,2,samt,40
1461,53,2,09,33
1461,53,2,11,4
1461,54,1,samt,57
1461,54,1,09,49
1461,54,1,11,6
1461,54,2,samt,54
1461,54,2,09,41
1461,54,2,11,12
1461,55,1,samt,48
1461,55,1,09,38
1461,55,1,11,10
1461,55,2,samt,61
1461,55,2,09,49
1461,55,2,11,13
1461,56,1,samt,47
1461,56,1,09,39
1461,56,1,11,10
1461,56,2,samt,43
1461,56,2,09,33
1461,56,2,11,12
1461,57,1,samt,72
1461,57,1,09,57
1461,57,1,11,14
1461,57,2,samt,74
1461,57,2,09,65
1461,57,2,11,11
1461,58,1,samt,62
1461,58,1,09,57
1461,58,1,11,8
1461,58,2,samt,60
1461,58,2,09,44
1461,58,2,11,14
1461,59,1,samt,71
1461,59,1,09,60
1461,59,1,11,7
1461,59,2,samt,63
1461,59,2,09,50
1461,59,2,11,16
1461,60,1,samt,58
1461,60,1,09,52
1461,60,1,11,8
1461,60,2,samt,65
1461,60,2,09,61
1461,60,2,11,5
1461,61,1,samt,81
1461,61,1,09,61
1461,61,1,11,20
1461,61,2,samt,58
1461,61,2,09,45
1461,61,2,11,12
1461,62,1,samt,68
1461,62,1,09,62
1461,62,1,11,3
1461,62,2,samt,82
1461,62,2,09,70
1461,62,2,11,12
1461,63,1,samt,64
1461,63,1,09,53
1461,63,1,11,10
1461,63,2,samt,54
1461,63,2,09,45
1461,63,2,11,8
1461,64,1,samt,72
1461,64,1,09,61
1461,64,1,11,9
1461,64,2,samt,67
1461,64,2,09,55
1461,64,2,11,13
1461,65,1,samt,75
1461,65,1,09,67
1461,65,1,11,11
1461,65,2,samt,63
1461,65,2,09,56
1461,65,2,11,8
1461,66,1,samt,63
1461,66,1,09,52
1461,66,1,11,10
1461,66,2,samt,70
1461,66,2,09,65
1461,66,2,11,5
1461,67,1,samt,67
1461,67,1,09,56
1461,67,1,11,6
1461,67,2,samt,56
1461,67,2,09,48
1461,67,2,11,8
1461,68,1,samt,76
1461,68,1,09,65
1461,68,1,11,13
1461,68,2,samt,54
1461,68,2,09,51
1461,68,2,11,6
1461,69,1,samt,57
1461,69,1,09,51
1461,69,1,11,8
1461,69,2,samt,60
1461,69,2,09,50
1461,69,2,11,5
1461,70,1,samt,60
1461,70,1,09,57
1461,70,1,11,3
1461,70,2,samt,65
1461,70,2,09,54
1461,70,2,11,11
1461,71,1,samt,54
1461,71,1,09,47
1461,71,1,11,7
1461,71,2,samt,62
1461,71,2,09,56
1461,71,2,11,5
1461,72,1,samt,58
1461,72,1,09,51
1461,72,1,11,5
1461,72,2,samt,63
1461,72,2,09,56
1461,72,2,11,10
1461,73,1,samt,66
1461,73,1,09,56
1461,73,1,11,6
1461,73,2,samt,84
1461,73,2,09,72
1461,73,2,11,10
1461,74,1,samt,70
1461,74,1,09,63
1461,74,1,11,7
1461,74,2,samt,57
1461,74,2,09,51
1461,74,2,11,7
1461,75,1,samt,65
1461,75,1,09,57
1461,75,1,11,9
1461,75,2,samt,54
1461,75,2,09,43
1461,75,2,11,6
1461,76,1,samt,56
1461,76,1,09,49
1461,76,1,11,5
1461,76,2,samt,59
1461,76,2,09,52
1461,76,2,11,9
1461,77,1,samt,57
1461,77,1,09,51
1461,77,1,11,12
1461,77,2,samt,40
1461,77,2,09,36
1461,77,2,11,4
1461,78,1,samt,54
1461,78,1,09,46
1461,78,1,11,6
1461,78,2,samt,48
1461,78,2,09,44
1461,78,2,11,3
1461,79,1,samt,55
1461,79,1,09,49
1461,79,1,11,5
1461,79,2,samt,53
1461,79,2,09,50
1461,79,2,11,3
1484,0,1,samt,51
1484,0,1,09,51
1484,0,1,11,0
1484,0,2,samt,48
1484,0,2,09,48
1484,0,2,11,0
1484,1,1,samt,39
1484,1,1,09,39
1484,1,1,11,0
1484,1,2,samt,45
1484,1,2,09,45
1484,1,2,11,0
1484,2,1,samt,47
1484,2,1,09,49
1484,2,1,11,3
1484,2,2,samt,55
1484,2,2,09,53
1484,2,2,11,5
1484,3,1,samt,35
1484,3,1,09,35
1484,3,1,11,0
1484,3,2,samt,43
1484,3,2,09,40
1484,3,2,11,4
1484,4,1,samt,57
1484,4,1,09,55
1484,4,1,11,3
1484,4,2,samt,59
1484,4,2,09,53
1484,4,2,11,3
1484,5,1,samt,56
1484,5,1,09,54
1484,5,1,11,3
1484,5,2,samt,54
1484,5,2,09,52
1484,5,2,11,3
1484,6,1,samt,75
1484,6,1,09,64
1484,6,1,11,5
1484,6,2,samt,60
1484,6,2,09,60
1484,6,2,11,0
1484,7,1,samt,63
1484,7,1,09,58
1484,7,1,11,5
1484,7,2,samt,58
1484,7,2,09,56
1484,7,2,11,5
1484,8,1,samt,67
1484,8,1,09,64
1484,8,1,11,4
1484,8,2,samt,69
1484,8,2,09,68
1484,8,2,11,5
1484,9,1,samt,71
1484,9,1,09,66
1484,9,1,11,0
1484,9,2,samt,62
1484,9,2,09,55
1484,9,2,11,5
1484,10,1,samt,63
1484,10,1,09,56
1484,10,1,11,9
1484,10,2,samt,62
1484,10,2,09,52
1484,10,2,11,9
1484,11,1,samt,79
1484,11,1,09,74
1484,11,1,11,5
1484,11,2,samt,67
1484,11,2,09,58
1484,11,2,11,6
1484,12,1,samt,75
1484,12,1,09,65
1484,12,1,11,7
1484,12,2,samt,59
1484,12,2,09,52
1484,12,2,11,8
1484,13,1,samt,78
1484,13,1,09,67
1484,13,1,11,11
1484,13,2,samt,74
1484,13,2,09,65
1484,13,2,11,9
1484,14,1,samt,81
1484,14,1,09,70
1484,14,1,11,12
1484,14,2,samt,74
1484,14,2,09,63
1484,14,2,11,9
1484,15,1,samt,83
1484,15,1,09,67
1484,15,1,11,18
1484,15,2,samt,70
1484,15,2,09,61
1484,15,2,11,10
1484,16,1,samt,65
1484,16,1,09,51
1484,16,1,11,12
1484,16,2,samt,80
1484,16,2,09,68
1484,16,2,11,10
1484,17,1,samt,77
1484,17,1,09,63
1484,17,1,11,9
1484,17,2,samt,86
1484,17,2,09,72
1484,17,2,11,12
1484,18,1,samt,90
1484,18,1,09,75
1484,18,1,11,12
1484,18,2,samt,71
1484,18,2,09,60
1484,18,2,11,12
1484,19,1,samt,75
1484,19,1,09,58
1484,19,1,11,15
1484,19,2,samt,77
1484,19,2,09,55
1484,19,2,11,21
1484,20,1,samt,52
1484,20,1,09,48
1484,20,1,11,6
1484,20,2,samt,49
1484,20,2,09,43
1484,20,2,11,5
1484,21,1,samt,64
1484,21,1,09,50
1484,21,1,11,7
1484,21,2,samt,56
1484,21,2,09,54
1484,21,2,11,3
1484,22,1,samt,37
1484,22,1,09,32
1484,22,1,11,4
1484,22,2,samt,31
1484,22,2,09,26
1484,22,2,11,8
1484,23,1,samt,52
1484,23,1,09,36
1484,23,1,11,17
1484,23,2,samt,33
1484,23,2,09,24
1484,23,2,11,8
1484,24,1,samt,51
1484,24,1,09,39
1484,24,1,11,11
1484,24,2,samt,30
1484,24,2,09,24
1484,24,2,11,5
1484,25,1,samt,51
1484,25,1,09,37
1484,25,1,11,11
1484,25,2,samt,39
1484,25,2,09,26
1484,25,2,11,12
1484,26,1,samt,52
1484,26,1,09,29
1484,26,1,11,24
1484,26,2,samt,38
1484,26,2,09,26
1484,26,2,11,12
1484,27,1,samt,55
1484,27,1,09,38
1484,27,1,11,19
1484,27,2,samt,54
1484,27,2,09,42
1484,27,2,11,12
1484,28,1,samt,63
1484,28,1,09,43
1484,28,1,11,18
1484,28,2,samt,27
1484,28,2,09,17
1484,28,2,11,8
1484,29,1,samt,64
1484,29,1,09,50
1484,29,1,11,12
1484,29,2,samt,57
1484,29,2,09,44
1484,29,2,11,11
1484,30,1,samt,71
1484,30,1,09,54
1484,30,1,11,18
1484,30,2,samt,47
1484,30,2,09,32
1484,30,2,11,12
1484,31,1,samt,66
1484,31,1,09,46
1484,31,1,11,18
1484,31,2,samt,51
1484,31,2,09,44
1484,31,2,11,12
1484,32,1,samt,58
1484,32,1,09,47
1484,32,1,11,16
1484,32,2,samt,66
1484,32,2,09,54
1484,32,2,11,8
1484,33,1,samt,72
1484,33,1,09,59
1484,33,1,11,14
1484,33,2,samt,73
1484,33,2,09,60
1484,33,2,11,8
1484,34,1,samt,73
1484,34,1,09,61
1484,34,1,11,12
1484,34,2,samt,63
1484,34,2,09,43
1484,34,2,11,21
1484,35,1,samt,67
1484,35,1,09,56
1484,35,1,11,15
1484,35,2,samt,71
1484,35,2,09,52
1484,35,2,11,22
1484,36,1,samt,90
1484,36,1,09,76
1484,36,1,11,12
1484,36,2,samt,76
1484,36,2,09,69
1484,36,2,11,9
1484,37,1,samt,83
1484,37,1,09,64
1484,37,1,11,21
1484,37,2,samt,67
1484,37,2,09,53
1484,37,2,11,15
1484,38,1,samt,82
1484,38,1,09,59
1484,38,1,11,20
1484,38,2,samt,70
1484,38,2,09,52
1484,38,2,11,20
1484,39,1,samt,78
1484,39,1,09,58
1484,39,1,11,21
1484,39,2,samt,69
1484,39,2,09,53
1484,39,2,11,17
1484,40,1,samt,80
1484,40,1,09,58
1484,40,1,11,22
1484,40,2,samt,59
1484,40,2,09,44
1484,40,2,11,11
1484,41,1,samt,67
1484,41,1,09,43
1484,41,1,11,24
1484,41,2,samt,78
1484,41,2,09,57
1484,41,2,11,20
1484,42,1,samt,67
1484,42,1,09,44
1484,42,1,11,25
1484,42,2,samt,66
1484,42,2,09,46
1484,42,2,11,16
1484,43,1,samt,72
1484,43,1,09,60
1484,43,1,11,14
1484,43,2,samt,65
1484,43,2,09,48
1484,43,2,11,15
1484,44,1,samt,93
1484,44,1,09,72
1484,44,1,11,22
1484,44,2,samt,61
1484,44,2,09,42
1484,44,2,11,18
1484,45,1,samt,68
1484,45,1,09,49
1484,45,1,11,15
1484,45,2,samt,78
1484,45,2,09,57
1484,45,2,11,21
1484,46,1,samt,63
1484,46,1,09,50
1484,46,1,11,13
1484,46,2,samt,76
1484,46,2,09,52
1484,46,2,11,26
1484,47,1,samt,57
1484,47,1,09,40
1484,47,1,11,15
1484,47,2,samt,70
1484,47,2,09,50
1484,47,2,11,22
1484,48,1,samt,74
1484,48,1,09,65
1484,48,1,11,8
1484,48,2,samt,80
1484,48,2,09,64
1484,48,2,11,16
1484,49,1,samt,84
1484,49,1,09,68
1484,49,1,11,17
1484,49,2,samt,60
1484,49,2,09,50
1484,49,2,11,11
1484,50,1,samt,71
1484,50,1,09,58
1484,50,1,11,9
1484,50,2,samt,75
1484,50,2,09,55
1484,50,2,11,16
1484,51,1,samt,62
1484,51,1,09,50
1484,51,1,11,13
1484,51,2,samt,82
1484,51,2,09,60
1484,51,2,11,18
1484,52,1,samt,77
1484,52,1,09,63
1484,52,1,11,14
1484,52,2,samt,82
1484,52,2,09,65
1484,52,2,11,20
1484,53,1,samt,80
1484,53,1,09,71
1484,53,1,11,9
1484,53,2,samt,85
1484,53,2,09,67
1484,53,2,11,14
1484,54,1,samt,80
1484,54,1,09,69
1484,54,1,11,16
1484,54,2,samt,86
1484,54,2,09,72
1484,54,2,11,9
1484,55,1,samt,91
1484,55,1,09,71
1484,55,1,11,12
1484,55,2,samt,81
1484,55,2,09,74
1484,55,2,11,11
1484,56,1,samt,99
1484,56,1,09,89
1484,56,1,11,11
1484,56,2,samt,80
1484,56,2,09,60
1484,56,2,11,19
1484,57,1,samt,94
1484,57,1,09,80
1484,57,1,11,18
1484,57,2,samt,106
1484,57,2,09,84
1484,57,2,11,19
1484,58,1,samt,99
1484,58,1,09,83
1484,58,1,11,14
1484,58,2,samt,104
1484,58,2,09,88
1484,58,2,11,11
1484,59,1,samt,100
1484,59,1,09,87
1484,59,1,11,13
1484,59,2,samt,99
1484,59,2,09,77
1484,59,2,11,19
1484,60,1,samt,109
1484,60,1,09,91
1484,60,1,11,13
1484,60,2,samt,114
1484,60,2,09,101
1484,60,2,11,14
1484,61,1,samt,110
1484,61,1,09,90
1484,61,1,11,17
1484,61,2,samt,114
1484,61,2,09,104
1484,61,2,11,12
1484,62,1,samt,106
1484,62,1,09,92
1484,62,1,11,14
1484,62,2,samt,105
1484,62,2,09,90
1484,62,2,11,19
1484,63,1,samt,100
1484,63,1,09,94
1484,63,1,11,6
1484,63,2,samt,94
1484,63,2,09,83
1484,63,2,11,12
1484,64,1,samt,93
1484,64,1,09,85
1484,64,1,11,7
1484,64,2,samt,83
1484,64,2,09,75
1484,64,2,11,12
1484,65,1,samt,90
1484,65,1,09,76
1484,65,1,11,11
1484,65,2,samt,104
1484,65,2,09,89
1484,65,2,11,17
1484,66,1,samt,121
1484,66,1,09,109
1484,66,1,11,12
1484,66,2,samt,114
1484,66,2,09,103
1484,66,2,11,8
1484,67,1,samt,114
1484,67,1,09,100
1484,67,1,11,13
1484,67,2,samt,92
1484,67,2,09,84
1484,67,2,11,11
1484,68,1,samt,119
1484,68,1,09,101
1484,68,1,11,16
1484,68,2,samt,120
1484,68,2,09,102
1484,68,2,11,15
1484,69,1,samt,93
1484,69,1,09,92
1484,69,1,11,6
1484,69,2,samt,108
1484,69,2,09,88
1484,69,2,11,15
1484,70,1,samt,107
1484,70,1,09,98
1484,70,1,11,8
1484,70,2,samt,121
1484,70,2,09,109
1484,70,2,11,11
1484,71,1,samt,124
1484,71,1,09,112
1484,71,1,11,11
1484,71,2,samt,112
1484,71,2,09,96
1484,71,2,11,12
1484,72,1,samt,117
1484,72,1,09,107
1484,72,1,11,11
1484,72,2,samt,116
1484,72,2,09,108
1484,72,2,11,10
1484,73,1,samt,98
1484,73,1,09,91
1484,73,1,11,8
1484,73,2,samt,111
1484,73,2,09,102
1484,73,2,11,11
1484,74,1,samt,93
1484,74,1,09,92
1484,74,1,11,4
1484,74,2,samt,117
1484,74,2,09,114
1484,74,2,11,3
1484,75,1,samt,106
1484,75,1,09,98
1484,75,1,11,10
1484,75,2,samt,109
1484,75,2,09,101
1484,75,2,11,7
1484,76,1,samt,131
1484,76,1,09,122
1484,76,1,11,7
1484,76,2,samt,117
1484,76,2,09,104
1484,76,2,11,12
1484,77,1,samt,100
1484,77,1,09,94
1484,77,1,11,3
1484,77,2,samt,94
1484,77,2,09,87
1484,77,2,11,6
1484,78,1,samt,100
1484,78,1,09,95
1484,78,1,11,7
1484,78,2,samt,97
1484,78,2,09,88
1484,78,2,11,9
1484,79,1,samt,105
1484,79,1,09,99
1484,79,1,11,8
1484,79,2,samt,94
1484,79,2,09,85
1484,79,2,11,5
1485,0,1,samt,262
1485,0,1,09,262
1485,0,1,11,0
1485,0,2,samt,269
1485,0,2,09,265
1485,0,2,11,3
1485,1,1,samt,266
1485,1,1,09,262
1485,1,1,11,4
1485,1,2,samt,236
1485,1,2,09,229
1485,1,2,11,5
1485,2,1,samt,275
1485,2,1,09,272
1485,2,1,11,6
1485,2,2,samt,292
1485,2,2,09,286
1485,2,2,11,10
1485,3,1,samt,289
1485,3,1,09,282
1485,3,1,11,8
1485,3,2,samt,295
1485,3,2,09,290
1485,3,2,11,3
1485,4,1,samt,318
1485,4,1,09,311
1485,4,1,11,9
1485,4,2,samt,328
1485,4,2,09,316
1485,4,2,11,8
1485,5,1,samt,309
1485,5,1,09,299
1485,5,1,11,7
1485,5,2,samt,317
1485,5,2,09,310
1485,5,2,11,7
1485,6,1,samt,335
1485,6,1,09,325
1485,6,1,11,9
1485,6,2,samt,335
1485,6,2,09,320
1485,6,2,11,12
1485,7,1,samt,361
1485,7,1,09,343
1485,7,1,11,16
1485,7,2,samt,313
1485,7,2,09,300
1485,7,2,11,5
1485,8,1,samt,350
1485,8,1,09,343
1485,8,1,11,4
1485,8,2,samt,337
1485,8,2,09,327
1485,8,2,11,12
1485,9,1,samt,368
1485,9,1,09,356
1485,9,1,11,13
1485,9,2,samt,327
1485,9,2,09,312
1485,9,2,11,14
1485,10,1,samt,331
1485,10,1,09,305
1485,10,1,11,27
1485,10,2,samt,340
1485,10,2,09,315
1485,10,2,11,23
1485,11,1,samt,353
1485,11,1,09,321
1485,11,1,11,35
1485,11,2,samt,335
1485,11,2,09,310
1485,11,2,11,29
1485,12,1,samt,341
1485,12,1,09,305
1485,12,1,11,35
1485,12,2,samt,334
1485,12,2,09,309
1485,12,2,11,28
1485,13,1,samt,379
1485,13,1,09,336
1485,13,1,11,47
1485,13,2,samt,332
1485,13,2,09,293
1485,13,2,11,39
1485,14,1,samt,363
1485,14,1,09,320
1485,14,1,11,46
1485,14,2,samt,376
1485,14,2,09,313
1485,14,2,11,63
1485,15,1,samt,383
1485,15,1,09,317
1485,15,1,11,66
1485,15,2,samt,380
1485,15,2,09,344
1485,15,2,11,37
1485,16,1,samt,367
1485,16,1,09,306
1485,16,1,11,61
1485,16,2,samt,343
1485,16,2,09,283
1485,16,2,11,58
1485,17,1,samt,356
1485,17,1,09,302
1485,17,1,11,52
1485,17,2,samt,312
1485,17,2,09,259
1485,17,2,11,54
1485,18,1,samt,391
1485,18,1,09,328
1485,18,1,11,63
1485,18,2,samt,337
1485,18,2,09,292
1485,18,2,11,48
1485,19,1,samt,352
1485,19,1,09,289
1485,19,1,11,65
1485,19,2,samt,326
1485,19,2,09,272
1485,19,2,11,57
1485,20,1,samt,321
1485,20,1,09,254
1485,20,1,11,65
1485,20,2,samt,315
1485,20,2,09,247
1485,20,2,11,68
1485,21,1,samt,330
1485,21,1,09,263
1485,21,1,11,71
1485,21,2,samt,265
1485,21,2,09,218
1485,21,2,11,46
1485,22,1,samt,295
1485,22,1,09,228
1485,22,1,11,66
1485,22,2,samt,286
1485,22,2,09,212
1485,22,2,11,74
1485,23,1,samt,268
1485,23,1,09,205
1485,23,1,11,68
1485,23,2,samt,267
1485,23,2,09,209
1485,23,2,11,58
1485,24,1,samt,274
1485,24,1,09,194
1485,24,1,11,78
1485,24,2,samt,266
1485,24,2,09,186
1485,24,2,11,77
1485,25,1,samt,311
1485,25,1,09,226
1485,25,1,11,82
1485,25,2,samt,261
1485,25,2,09,202
1485,25,2,11,60
1485,26,1,samt,338
1485,26,1,09,205
1485,26,1,11,136
1485,26,2,samt,302
1485,26,2,09,204
1485,26,2,11,99
1485,27,1,samt,333
1485,27,1,09,232
1485,27,1,11,102
1485,27,2,samt,257
1485,27,2,09,183
1485,27,2,11,72
1485,28,1,samt,298
1485,28,1,09,213
1485,28,1,11,84
1485,28,2,samt,267
1485,28,2,09,202
1485,28,2,11,65
1485,29,1,samt,352
1485,29,1,09,247
1485,29,1,11,103
1485,29,2,samt,286
1485,29,2,09,198
1485,29,2,11,90
1485,30,1,samt,319
1485,30,1,09,228
1485,30,1,11,93
1485,30,2,samt,303
1485,30,2,09,230
1485,30,2,11,73
1485,31,1,samt,373
1485,31,1,09,272
1485,31,1,11,101
1485,31,2,samt,345
1485,31,2,09,258
1485,31,2,11,86
1485,32,1,samt,371
1485,32,1,09,289
1485,32,1,11,81
1485,32,2,samt,382
1485,32,2,09,302
1485,32,2,11,85
1485,33,1,samt,386
1485,33,1,09,286
1485,33,1,11,97
1485,33,2,samt,397
1485,33,2,09,309
1485,33,2,11,87
1485,34,1,samt,437
1485,34,1,09,355
1485,34,1,11,86
1485,34,2,samt,401
1485,34,2,09,302
1485,34,2,11,99
1485,35,1,samt,416
1485,35,1,09,299
1485,35,1,11,120
1485,35,2,samt,417
1485,35,2,09,321
1485,35,2,11,98
1485,36,1,samt,421
1485,36,1,09,316
1485,36,1,11,105
1485,36,2,samt,381
1485,36,2,09,272
1485,36,2,11,109
1485,37,1,samt,442
1485,37,1,09,314
1485,37,1,11,131
1485,37,2,samt,362
1485,37,2,09,268
1485,37,2,11,97
1485,38,1,samt,334
1485,38,1,09,237
1485,38,1,11,99
1485,38,2,samt,365
1485,38,2,09,256
1485,38,2,11,107
1485,39,1,samt,369
1485,39,1,09,255
1485,39,1,11,117
1485,39,2,samt,326
1485,39,2,09,238
1485,39,2,11,87
1485,40,1,samt,321
1485,40,1,09,215
1485,40,1,11,106
1485,40,2,samt,332
1485,40,2,09,245
1485,40,2,11,86
1485,41,1,samt,323
1485,41,1,09,211
1485,41,1,11,111
1485,41,2,samt,337
1485,41,2,09,232
1485,41,2,11,106
1485,42,1,samt,313
1485,42,1,09,240
1485,42,1,11,76
1485,42,2,samt,304
1485,42,2,09,209
1485,42,2,11,92
1485,43,1,samt,313
1485,43,1,09,218
1485,43,1,11,99
1485,43,2,samt,311
1485,43,2,09,217
1485,43,2,11,97
1485,44,1,samt,303
1485,44,1,09,212
1485,44,1,11,92
1485,44,2,samt,330
1485,44,2,09,227
1485,44,2,11,105
1485,45,1,samt,337
1485,45,1,09,231
1485,45,1,11,104
1485,45,2,samt,334
1485,45,2,09,233
1485,45,2,11,104
1485,46,1,samt,327
1485,46,1,09,234
1485,46,1,11,91
1485,46,2,samt,325
1485,46,2,09,235
1485,46,2,11,88
1485,47,1,samt,334
1485,47,1,09,253
1485,47,1,11,83
1485,47,2,samt,307
1485,47,2,09,205
1485,47,2,11,96
1485,48,1,samt,323
1485,48,1,09,248
1485,48,1,11,77
1485,48,2,samt,343
1485,48,2,09,237
1485,48,2,11,102
1485,49,1,samt,333
1485,49,1,09,243
1485,49,1,11,92
1485,49,2,samt,314
1485,49,2,09,233
1485,49,2,11,84
1485,50,1,samt,315
1485,50,1,09,253
1485,50,1,11,65
1485,50,2,samt,322
1485,50,2,09,227
1485,50,2,11,94
1485,51,1,samt,354
1485,51,1,09,287
1485,51,1,11,70
1485,51,2,samt,340
1485,51,2,09,264
1485,51,2,11,77
1485,52,1,samt,360
1485,52,1,09,286
1485,52,1,11,71
1485,52,2,samt,359
1485,52,2,09,272
1485,52,2,11,86
1485,53,1,samt,354
1485,53,1,09,275
1485,53,1,11,80
1485,53,2,samt,402
1485,53,2,09,310
1485,53,2,11,90
1485,54,1,samt,337
1485,54,1,09,262
1485,54,1,11,71
1485,54,2,samt,354
1485,54,2,09,288
1485,54,2,11,66
1485,55,1,samt,338
1485,55,1,09,274
1485,55,1,11,67
1485,55,2,samt,354
1485,55,2,09,266
1485,55,2,11,87
1485,56,1,samt,360
1485,56,1,09,282
1485,56,1,11,78
1485,56,2,samt,340
1485,56,2,09,263
1485,56,2,11,78
1485,57,1,samt,363
1485,57,1,09,286
1485,57,1,11,77
1485,57,2,samt,349
1485,57,2,09,277
1485,57,2,11,71
1485,58,1,samt,401
1485,58,1,09,326
1485,58,1,11,73
1485,58,2,samt,395
1485,58,2,09,334
1485,58,2,11,62
1485,59,1,samt,363
1485,59,1,09,302
1485,59,1,11,58
1485,59,2,samt,386
1485,59,2,09,311
1485,59,2,11,74
1485,60,1,samt,399
1485,60,1,09,321
1485,60,1,11,78
1485,60,2,samt,386
1485,60,2,09,325
1485,60,2,11,66
1485,61,1,samt,386
1485,61,1,09,317
1485,61,1,11,69
1485,61,2,samt,364
1485,61,2,09,306
1485,61,2,11,61
1485,62,1,samt,325
1485,62,1,09,260
1485,62,1,11,64
1485,62,2,samt,353
1485,62,2,09,299
1485,62,2,11,49
1485,63,1,samt,363
1485,63,1,09,295
1485,63,1,11,71
1485,63,2,samt,359
1485,63,2,09,296
1485,63,2,11,59
1485,64,1,samt,319
1485,64,1,09,259
1485,64,1,11,57
1485,64,2,samt,327
1485,64,2,09,280
1485,64,2,11,45
1485,65,1,samt,319
1485,65,1,09,269
1485,65,1,11,51
1485,65,2,samt,328
1485,65,2,09,276
1485,65,2,11,54
1485,66,1,samt,321
1485,66,1,09,271
1485,66,1,11,49
1485,66,2,samt,330
1485,66,2,09,281
1485,66,2,11,46
1485,67,1,samt,318
1485,67,1,09,272
1485,67,1,11,42
1485,67,2,samt,306
1485,67,2,09,259
1485,67,2,11,48
1485,68,1,samt,325
1485,68,1,09,293
1485,68,1,11,33
1485,68,2,samt,343
1485,68,2,09,300
1485,68,2,11,42
1485,69,1,samt,313
1485,69,1,09,272
1485,69,1,11,42
1485,69,2,samt,345
1485,69,2,09,300
1485,69,2,11,44
1485,70,1,samt,302
1485,70,1,09,264
1485,70,1,11,37
1485,70,2,samt,329
1485,70,2,09,270
1485,70,2,11,58
1485,71,1,samt,313
1485,71,1,09,276
1485,71,1,11,34
1485,71,2,samt,296
1485,71,2,09,253
1485,71,2,11,42
1485,72,1,samt,299
1485,72,1,09,275
1485,72,1,11,25
1485,72,2,samt,315
1485,72,2,09,275
1485,72,2,11,38
1485,73,1,samt,292
1485,73,1,09,264
1485,73,1,11,27
1485,73,2,samt,298
1485,73,2,09,267
1485,73,2,11,28
1485,74,1,samt,246
1485,74,1,09,211
1485,74,1,11,35
1485,74,2,samt,303
1485,74,2,09,273
1485,74,2,11,32
1485,75,1,samt,249
1485,75,1,09,216
1485,75,1,11,32
1485,75,2,samt,293
1485,75,2,09,253
1485,75,2,11,41
1485,76,1,samt,270
1485,76,1,09,243
1485,76,1,11,27
1485,76,2,samt,271
1485,76,2,09,237
1485,76,2,11,32
1485,77,1,samt,277
1485,77,1,09,254
1485,77,1,11,25
1485,77,2,samt,296
1485,77,2,09,274
1485,77,2,11,25
1485,78,1,samt,244
1485,78,1,09,213
1485,78,1,11,31
1485,78,2,samt,257
1485,78,2,09,227
1485,78,2,11,29
1485,79,1,samt,270
1485,79,1,09,243
1485,79,1,11,30
1485,79,2,samt,252
1485,79,2,09,236
1485,79,2,11,19
1487,0,1,samt,168
1487,0,1,09,165
1487,0,1,11,3
1487,0,2,samt,173
1487,0,2,09,174
1487,0,2,11,0
1487,1,1,samt,194
1487,1,1,09,189
1487,1,1,11,4
1487,1,2,samt,184
1487,1,2,09,177
1487,1,2,11,4
1487,2,1,samt,215
1487,2,1,09,215
1487,2,1,11,0
1487,2,2,samt,201
1487,2,2,09,191
1487,2,2,11,3
1487,3,1,samt,239
1487,3,1,09,235
1487,3,1,11,6
1487,3,2,samt,225
1487,3,2,09,216
1487,3,2,11,4
1487,4,1,samt,250
1487,4,1,09,245
1487,4,1,11,3
1487,4,2,samt,210
1487,4,2,09,202
1487,4,2,11,9
1487,5,1,samt,243
1487,5,1,09,230
1487,5,1,11,10
1487,5,2,samt,230
1487,5,2,09,222
1487,5,2,11,7
1487,6,1,samt,252
1487,6,1,09,239
1487,6,1,11,7
1487,6,2,samt,207
1487,6,2,09,198
1487,6,2,11,8
1487,7,1,samt,220
1487,7,1,09,214
1487,7,1,11,7
1487,7,2,samt,240
1487,7,2,09,231
1487,7,2,11,8
1487,8,1,samt,222
1487,8,1,09,211
1487,8,1,11,11
1487,8,2,samt,229
1487,8,2,09,221
1487,8,2,11,12
1487,9,1,samt,225
1487,9,1,09,218
1487,9,1,11,8
1487,9,2,samt,198
1487,9,2,09,182
1487,9,2,11,16
1487,10,1,samt,225
1487,10,1,09,208
1487,10,1,11,16
1487,10,2,samt,242
1487,10,2,09,220
1487,10,2,11,20
1487,11,1,samt,237
1487,11,1,09,210
1487,11,1,11,28
1487,11,2,samt,245
1487,11,2,09,225
1487,11,2,11,20
1487,12,1,samt,260
1487,12,1,09,221
1487,12,1,11,43
1487,12,2,samt,228
1487,12,2,09,200
1487,12,2,11,21
1487,13,1,samt,209
1487,13,1,09,184
1487,13,1,11,24
1487,13,2,samt,229
1487,13,2,09,192
1487,13,2,11,38
1487,14,1,samt,265
1487,14,1,09,237
1487,14,1,11,28
1487,14,2,samt,239
1487,14,2,09,198
1487,14,2,11,41
1487,15,1,samt,274
1487,15,1,09,242
1487,15,1,11,32
1487,15,2,samt,241
1487,15,2,09,207
1487,15,2,11,35
1487,16,1,samt,256
1487,16,1,09,214
1487,16,1,11,38
1487,16,2,samt,225
1487,16,2,09,175
1487,16,2,11,47
1487,17,1,samt,259
1487,17,1,09,211
1487,17,1,11,49
1487,17,2,samt,219
1487,17,2,09,190
1487,17,2,11,29
1487,18,1,samt,252
1487,18,1,09,206
1487,18,1,11,44
1487,18,2,samt,253
1487,18,2,09,208
1487,18,2,11,42
1487,19,1,samt,242
1487,19,1,09,199
1487,19,1,11,40
1487,19,2,samt,218
1487,19,2,09,179
1487,19,2,11,39
1487,20,1,samt,236
1487,20,1,09,193
1487,20,1,11,40
1487,20,2,samt,178
1487,20,2,09,133
1487,20,2,11,46
1487,21,1,samt,205
1487,21,1,09,140
1487,21,1,11,64
1487,21,2,samt,165
1487,21,2,09,138
1487,21,2,11,29
1487,22,1,samt,200
1487,22,1,09,156
1487,22,1,11,44
1487,22,2,samt,184
1487,22,2,09,133
1487,22,2,11,51
1487,23,1,samt,202
1487,23,1,09,156
1487,23,1,11,45
1487,23,2,samt,168
1487,23,2,09,135
1487,23,2,11,34
1487,24,1,samt,208
1487,24,1,09,156
1487,24,1,11,51
1487,24,2,samt,182
1487,24,2,09,144
1487,24,2,11,37
1487,25,1,samt,198
1487,25,1,09,144
1487,25,1,11,51
1487,25,2,samt,183
1487,25,2,09,125
1487,25,2,11,53
1487,26,1,samt,230
1487,26,1,09,137
1487,26,1,11,98
1487,26,2,samt,192
1487,26,2,09,153
1487,26,2,11,40
1487,27,1,samt,229
1487,27,1,09,162
1487,27,1,11,67
1487,27,2,samt,162
1487,27,2,09,125
1487,27,2,11,38
1487,28,1,samt,205
1487,28,1,09,154
1487,28,1,11,51
1487,28,2,samt,198
1487,28,2,09,159
1487,28,2,11,40
1487,29,1,samt,200
1487,29,1,09,150
1487,29,1,11,52
1487,29,2,samt,189
1487,29,2,09,143
1487,29,2,11,47
1487,30,1,samt,254
1487,30,1,09,211
1487,30,1,11,43
1487,30,2,samt,209
1487,30,2,09,169
1487,30,2,11,39
1487,31,1,samt,228
1487,31,1,09,193
1487,31,1,11,34
1487,31,2,samt,258
1487,31,2,09,202
1487,31,2,11,58
1487,32,1,samt,287
1487,32,1,09,227
1487,32,1,11,58
1487,32,2,samt,266
1487,32,2,09,211
1487,32,2,11,58
1487,33,1,samt,276
1487,33,1,09,228
1487,33,1,11,46
1487,33,2,samt,264
1487,33,2,09,217
1487,33,2,11,47
1487,34,1,samt,262
1487,34,1,09,205
1487,34,1,11,56
1487,34,2,samt,270
1487,34,2,09,206
1487,34,2,11,61
1487,35,1,samt,283
1487,35,1,09,227
1487,35,1,11,61
1487,35,2,samt,291
1487,35,2,09,226
1487,35,2,11,62
1487,36,1,samt,309
1487,36,1,09,244
1487,36,1,11,62
1487,36,2,samt,278
1487,36,2,09,230
1487,36,2,11,48
1487,37,1,samt,281
1487,37,1,09,203
1487,37,1,11,72
1487,37,2,samt,272
1487,37,2,09,197
1487,37,2,11,71
1487,38,1,samt,254
1487,38,1,09,196
1487,38,1,11,56
1487,38,2,samt,233
1487,38,2,09,162
1487,38,2,11,67
1487,39,1,samt,292
1487,39,1,09,208
1487,39,1,11,84
1487,39,2,samt,233
1487,39,2,09,167
1487,39,2,11,66
1487,40,1,samt,255
1487,40,1,09,183
1487,40,1,11,69
1487,40,2,samt,222
1487,40,2,09,154
1487,40,2,11,68
1487,41,1,samt,205
1487,41,1,09,143
1487,41,1,11,61
1487,41,2,samt,251
1487,41,2,09,178
1487,41,2,11,69
1487,42,1,samt,215
1487,42,1,09,162
1487,42,1,11,53
1487,42,2,samt,222
1487,42,2,09,170
1487,42,2,11,54
1487,43,1,samt,211
1487,43,1,09,155
1487,43,1,11,56
1487,43,2,samt,209
1487,43,2,09,172
1487,43,2,11,41
1487,44,1,samt,227
1487,44,1,09,178
1487,44,1,11,48
1487,44,2,samt,213
1487,44,2,09,145
1487,44,2,11,68
1487,45,1,samt,222
1487,45,1,09,162
1487,45,1,11,58
1487,45,2,samt,216
1487,45,2,09,154
1487,45,2,11,63
1487,46,1,samt,214
1487,46,1,09,158
1487,46,1,11,57
1487,46,2,samt,202
1487,46,2,09,143
1487,46,2,11,57
1487,47,1,samt,208
1487,47,1,09,165
1487,47,1,11,42
1487,47,2,samt,214
1487,47,2,09,151
1487,47,2,11,60
1487,48,1,samt,237
1487,48,1,09,190
1487,48,1,11,48
1487,48,2,samt,219
1487,48,2,09,166
1487,48,2,11,53
1487,49,1,samt,198
1487,49,1,09,158
1487,49,1,11,38
1487,49,2,samt,239
1487,49,2,09,171
1487,49,2,11,63
1487,50,1,samt,256
1487,50,1,09,207
1487,50,1,11,50
1487,50,2,samt,191
1487,50,2,09,135
1487,50,2,11,56
1487,51,1,samt,217
1487,51,1,09,178
1487,51,1,11,38
1487,51,2,samt,243
1487,51,2,09,185
1487,51,2,11,62
1487,52,1,samt,257
1487,52,1,09,204
1487,52,1,11,50
1487,52,2,samt,233
1487,52,2,09,182
1487,52,2,11,56
1487,53,1,samt,254
1487,53,1,09,210
1487,53,1,11,46
1487,53,2,samt,260
1487,53,2,09,202
1487,53,2,11,57
1487,54,1,samt,246
1487,54,1,09,199
1487,54,1,11,49
1487,54,2,samt,228
1487,54,2,09,184
1487,54,2,11,44
1487,55,1,samt,244
1487,55,1,09,191
1487,55,1,11,54
1487,55,2,samt,261
1487,55,2,09,207
1487,55,2,11,56
1487,56,1,samt,243
1487,56,1,09,196
1487,56,1,11,51
1487,56,2,samt,262
1487,56,2,09,212
1487,56,2,11,46
1487,57,1,samt,277
1487,57,1,09,237
1487,57,1,11,43
1487,57,2,samt,262
1487,57,2,09,209
1487,57,2,11,49
1487,58,1,samt,287
1487,58,1,09,246
1487,58,1,11,43
1487,58,2,samt,284
1487,58,2,09,239
1487,58,2,11,42
1487,59,1,samt,292
1487,59,1,09,249
1487,59,1,11,42
1487,59,2,samt,288
1487,59,2,09,251
1487,59,2,11,38
1487,60,1,samt,289
1487,60,1,09,252
1487,60,1,11,35
1487,60,2,samt,283
1487,60,2,09,245
1487,60,2,11,39
1487,61,1,samt,278
1487,61,1,09,239
1487,61,1,11,41
1487,61,2,samt,263
1487,61,2,09,228
1487,61,2,11,36
1487,62,1,samt,271
1487,62,1,09,231
1487,62,1,11,43
1487,62,2,samt,277
1487,62,2,09,234
1487,62,2,11,39
1487,63,1,samt,254
1487,63,1,09,217
1487,63,1,11,35
1487,63,2,samt,211
1487,63,2,09,172
1487,63,2,11,38
1487,64,1,samt,214
1487,64,1,09,188
1487,64,1,11,32
1487,64,2,samt,245
1487,64,2,09,207
1487,64,2,11,34
1487,65,1,samt,220
1487,65,1,09,178
1487,65,1,11,41
1487,65,2,samt,275
1487,65,2,09,238
1487,65,2,11,39
1487,66,1,samt,225
1487,66,1,09,186
1487,66,1,11,39
1487,66,2,samt,236
1487,66,2,09,206
1487,66,2,11,29
1487,67,1,samt,221
1487,67,1,09,197
1487,67,1,11,26
1487,67,2,samt,218
1487,67,2,09,193
1487,67,2,11,25
1487,68,1,samt,258
1487,68,1,09,228
1487,68,1,11,29
1487,68,2,samt,250
1487,68,2,09,215
1487,68,2,11,36
1487,69,1,samt,236
1487,69,1,09,207
1487,69,1,11,28
1487,69,2,samt,198
1487,69,2,09,173
1487,69,2,11,22
1487,70,1,samt,208
1487,70,1,09,184
1487,70,1,11,22
1487,70,2,samt,221
1487,70,2,09,189
1487,70,2,11,31
1487,71,1,samt,211
1487,71,1,09,192
1487,71,1,11,19
1487,71,2,samt,227
1487,71,2,09,193
1487,71,2,11,33
1487,72,1,samt,200
1487,72,1,09,179
1487,72,1,11,25
1487,72,2,samt,220
1487,72,2,09,195
1487,72,2,11,26
1487,73,1,samt,218
1487,73,1,09,205
1487,73,1,11,16
1487,73,2,samt,190
1487,73,2,09,177
1487,73,2,11,15
1487,74,1,samt,198
1487,74,1,09,177
1487,74,1,11,19
1487,74,2,samt,208
1487,74,2,09,186
1487,74,2,11,19
1487,75,1,samt,205
1487,75,1,09,184
1487,75,1,11,22
1487,75,2,samt,221
1487,75,2,09,211
1487,75,2,11,10
1487,76,1,samt,184
1487,76,1,09,174
1487,76,1,11,9
1487,76,2,samt,215
1487,76,2,09,196
1487,76,2,11,18
1487,77,1,samt,230
1487,77,1,09,207
1487,77,1,11,21
1487,77,2,samt,223
1487,77,2,09,211
1487,77,2,11,19
1487,78,1,samt,192
1487,78,1,09,179
1487,78,1,11,12
1487,78,2,samt,223
1487,78,2,09,214
1487,78,2,11,12
1487,79,1,samt,184
1487,79,1,09,172
1487,79,1,11,9
1487,79,2,samt,221
1487,79,2,09,201
1487,79,2,11,13
1488,0,1,samt,298
1488,0,1,09,293
1488,0,1,11,3
1488,0,2,samt,297
1488,0,2,09,290
1488,0,2,11,4
1488,1,1,samt,271
1488,1,1,09,265
1488,1,1,11,6
1488,1,2,samt,266
1488,1,2,09,255
1488,1,2,11,11
1488,2,1,samt,291
1488,2,1,09,274
1488,2,1,11,14
1488,2,2,samt,287
1488,2,2,09,276
1488,2,2,11,14
1488,3,1,samt,333
1488,3,1,09,317
1488,3,1,11,16
1488,3,2,samt,347
1488,3,2,09,329
1488,3,2,11,20
1488,4,1,samt,331
1488,4,1,09,311
1488,4,1,11,19
1488,4,2,samt,331
1488,4,2,09,315
1488,4,2,11,16
1488,5,1,samt,351
1488,5,1,09,334
1488,5,1,11,20
1488,5,2,samt,295
1488,5,2,09,274
1488,5,2,11,22
1488,6,1,samt,338
1488,6,1,09,317
1488,6,1,11,21
1488,6,2,samt,281
1488,6,2,09,260
1488,6,2,11,19
1488,7,1,samt,353
1488,7,1,09,333
1488,7,1,11,24
1488,7,2,samt,339
1488,7,2,09,307
1488,7,2,11,29
1488,8,1,samt,400
1488,8,1,09,370
1488,8,1,11,31
1488,8,2,samt,314
1488,8,2,09,281
1488,8,2,11,35
1488,9,1,samt,381
1488,9,1,09,346
1488,9,1,11,36
1488,9,2,samt,361
1488,9,2,09,326
1488,9,2,11,32
1488,10,1,samt,348
1488,10,1,09,314
1488,10,1,11,35
1488,10,2,samt,330
1488,10,2,09,313
1488,10,2,11,18
1488,11,1,samt,360
1488,11,1,09,314
1488,11,1,11,49
1488,11,2,samt,342
1488,11,2,09,304
1488,11,2,11,40
1488,12,1,samt,364
1488,12,1,09,315
1488,12,1,11,48
1488,12,2,samt,346
1488,12,2,09,302
1488,12,2,11,47
1488,13,1,samt,352
1488,13,1,09,298
1488,13,1,11,49
1488,13,2,samt,361
1488,13,2,09,303
1488,13,2,11,53
1488,14,1,samt,381
1488,14,1,09,326
1488,14,1,11,55
1488,14,2,samt,344
1488,14,2,09,298
1488,14,2,11,50
1488,15,1,samt,387
1488,15,1,09,326
1488,15,1,11,58
1488,15,2,samt,371
1488,15,2,09,312
1488,15,2,11,60
1488,16,1,samt,356
1488,16,1,09,296
1488,16,1,11,61
1488,16,2,samt,353
1488,16,2,09,309
1488,16,2,11,39
1488,17,1,samt,363
1488,17,1,09,303
1488,17,1,11,60
1488,17,2,samt,355
1488,17,2,09,284
1488,17,2,11,74
1488,18,1,samt,413
1488,18,1,09,337
1488,18,1,11,77
1488,18,2,samt,338
1488,18,2,09,281
1488,18,2,11,58
1488,19,1,samt,381
1488,19,1,09,293
1488,19,1,11,82
1488,19,2,samt,338
1488,19,2,09,264
1488,19,2,11,76
1488,20,1,samt,388
1488,20,1,09,296
1488,20,1,11,94
1488,20,2,samt,376
1488,20,2,09,291
1488,20,2,11,84
1488,21,1,samt,381
1488,21,1,09,282
1488,21,1,11,101
1488,21,2,samt,334
1488,21,2,09,261
1488,21,2,11,73
1488,22,1,samt,350
1488,22,1,09,257
1488,22,1,11,94
1488,22,2,samt,365
1488,22,2,09,273
1488,22,2,11,96
1488,23,1,samt,367
1488,23,1,09,259
1488,23,1,11,110
1488,23,2,samt,358
1488,23,2,09,252
1488,23,2,11,105
1488,24,1,samt,406
1488,24,1,09,263
1488,24,1,11,142
1488,24,2,samt,328
1488,24,2,09,225
1488,24,2,11,98
1488,25,1,samt,398
1488,25,1,09,268
1488,25,1,11,132
1488,25,2,samt,340
1488,25,2,09,218
1488,25,2,11,123
1488,26,1,samt,405
1488,26,1,09,236
1488,26,1,11,167
1488,26,2,samt,352
1488,26,2,09,234
1488,26,2,11,116
1488,27,1,samt,423
1488,27,1,09,260
1488,27,1,11,162
1488,27,2,samt,326
1488,27,2,09,203
1488,27,2,11,129
1488,28,1,samt,349
1488,28,1,09,234
1488,28,1,11,118
1488,28,2,samt,350
1488,28,2,09,243
1488,28,2,11,106
1488,29,1,samt,395
1488,29,1,09,283
1488,29,1,11,114
1488,29,2,samt,387
1488,29,2,09,274
1488,29,2,11,112
1488,30,1,samt,404
1488,30,1,09,288
1488,30,1,11,115
1488,30,2,samt,383
1488,30,2,09,262
1488,30,2,11,119
1488,31,1,samt,470
1488,31,1,09,356
1488,31,1,11,113
1488,31,2,samt,418
1488,31,2,09,289
1488,31,2,11,130
1488,32,1,samt,450
1488,32,1,09,351
1488,32,1,11,99
1488,32,2,samt,455
1488,32,2,09,350
1488,32,2,11,104
1488,33,1,samt,464
1488,33,1,09,332
1488,33,1,11,128
1488,33,2,samt,433
1488,33,2,09,299
1488,33,2,11,131
1488,34,1,samt,485
1488,34,1,09,356
1488,34,1,11,134
1488,34,2,samt,429
1488,34,2,09,308
1488,34,2,11,121
1488,35,1,samt,456
1488,35,1,09,312
1488,35,1,11,145
1488,35,2,samt,448
1488,35,2,09,313
1488,35,2,11,135
1488,36,1,samt,461
1488,36,1,09,331
1488,36,1,11,131
1488,36,2,samt,415
1488,36,2,09,281
1488,36,2,11,137
1488,37,1,samt,450
1488,37,1,09,290
1488,37,1,11,160
1488,37,2,samt,419
1488,37,2,09,275
1488,37,2,11,147
1488,38,1,samt,420
1488,38,1,09,274
1488,38,1,11,142
1488,38,2,samt,365
1488,38,2,09,253
1488,38,2,11,113
1488,39,1,samt,394
1488,39,1,09,239
1488,39,1,11,155
1488,39,2,samt,381
1488,39,2,09,236
1488,39,2,11,143
1488,40,1,samt,363
1488,40,1,09,234
1488,40,1,11,127
1488,40,2,samt,351
1488,40,2,09,215
1488,40,2,11,130
1488,41,1,samt,355
1488,41,1,09,195
1488,41,1,11,163
1488,41,2,samt,333
1488,41,2,09,205
1488,41,2,11,133
1488,42,1,samt,320
1488,42,1,09,197
1488,42,1,11,123
1488,42,2,samt,324
1488,42,2,09,206
1488,42,2,11,115
1488,43,1,samt,356
1488,43,1,09,238
1488,43,1,11,117
1488,43,2,samt,328
1488,43,2,09,212
1488,43,2,11,123
1488,44,1,samt,337
1488,44,1,09,230
1488,44,1,11,107
1488,44,2,samt,340
1488,44,2,09,216
1488,44,2,11,125
1488,45,1,samt,374
1488,45,1,09,234
1488,45,1,11,139
1488,45,2,samt,354
1488,45,2,09,228
1488,45,2,11,129
1488,46,1,samt,341
1488,46,1,09,231
1488,46,1,11,108
1488,46,2,samt,352
1488,46,2,09,228
1488,46,2,11,124
1488,47,1,samt,348
1488,47,1,09,251
1488,47,1,11,94
1488,47,2,samt,367
1488,47,2,09,253
1488,47,2,11,113
1488,48,1,samt,317
1488,48,1,09,222
1488,48,1,11,91
1488,48,2,samt,320
1488,48,2,09,210
1488,48,2,11,111
1488,49,1,samt,361
1488,49,1,09,255
1488,49,1,11,106
1488,49,2,samt,321
1488,49,2,09,208
1488,49,2,11,110
1488,50,1,samt,373
1488,50,1,09,255
1488,50,1,11,113
1488,50,2,samt,359
1488,50,2,09,241
1488,50,2,11,119
1488,51,1,samt,361
1488,51,1,09,249
1488,51,1,11,107
1488,51,2,samt,366
1488,51,2,09,265
1488,51,2,11,100
1488,52,1,samt,335
1488,52,1,09,255
1488,52,1,11,80
1488,52,2,samt,347
1488,52,2,09,238
1488,52,2,11,113
1488,53,1,samt,370
1488,53,1,09,275
1488,53,1,11,92
1488,53,2,samt,397
1488,53,2,09,302
1488,53,2,11,94
1488,54,1,samt,351
1488,54,1,09,267
1488,54,1,11,87
1488,54,2,samt,345
1488,54,2,09,251
1488,54,2,11,93
1488,55,1,samt,372
1488,55,1,09,265
1488,55,1,11,109
1488,55,2,samt,368
1488,55,2,09,277
1488,55,2,11,89
1488,56,1,samt,388
1488,56,1,09,287
1488,56,1,11,96
1488,56,2,samt,367
1488,56,2,09,247
1488,56,2,11,117
1488,57,1,samt,329
1488,57,1,09,252
1488,57,1,11,78
1488,57,2,samt,338
1488,57,2,09,263
1488,57,2,11,78
1488,58,1,samt,412
1488,58,1,09,321
1488,58,1,11,88
1488,58,2,samt,370
1488,58,2,09,274
1488,58,2,11,97
1488,59,1,samt,407
1488,59,1,09,304
1488,59,1,11,101
1488,59,2,samt,405
1488,59,2,09,322
1488,59,2,11,84
1488,60,1,samt,408
1488,60,1,09,323
1488,60,1,11,87
1488,60,2,samt,367
1488,60,2,09,268
1488,60,2,11,101
1488,61,1,samt,369
1488,61,1,09,280
1488,61,1,11,90
1488,61,2,samt,386
1488,61,2,09,292
1488,61,2,11,97
1488,62,1,samt,349
1488,62,1,09,258
1488,62,1,11,90
1488,62,2,samt,371
1488,62,2,09,283
1488,62,2,11,87
1488,63,1,samt,361
1488,63,1,09,279
1488,63,1,11,83
1488,63,2,samt,319
1488,63,2,09,248
1488,63,2,11,71
1488,64,1,samt,333
1488,64,1,09,257
1488,64,1,11,80
1488,64,2,samt,326
1488,64,2,09,230
1488,64,2,11,97
1488,65,1,samt,314
1488,65,1,09,244
1488,65,1,11,73
1488,65,2,samt,313
1488,65,2,09,233
1488,65,2,11,80
1488,66,1,samt,292
1488,66,1,09,226
1488,66,1,11,66
1488,66,2,samt,283
1488,66,2,09,212
1488,66,2,11,72
1488,67,1,samt,314
1488,67,1,09,245
1488,67,1,11,69
1488,67,2,samt,284
1488,67,2,09,221
1488,67,2,11,63
1488,68,1,samt,264
1488,68,1,09,204
1488,68,1,11,61
1488,68,2,samt,274
1488,68,2,09,203
1488,68,2,11,72
1488,69,1,samt,260
1488,69,1,09,195
1488,69,1,11,70
1488,69,2,samt,269
1488,69,2,09,206
1488,69,2,11,66
1488,70,1,samt,236
1488,70,1,09,191
1488,70,1,11,47
1488,70,2,samt,320
1488,70,2,09,246
1488,70,2,11,76
1488,71,1,samt,282
1488,71,1,09,223
1488,71,1,11,62
1488,71,2,samt,293
1488,71,2,09,217
1488,71,2,11,74
1488,72,1,samt,248
1488,72,1,09,214
1488,72,1,11,38
1488,72,2,samt,306
1488,72,2,09,239
1488,72,2,11,69
1488,73,1,samt,251
1488,73,1,09,191
1488,73,1,11,59
1488,73,2,samt,295
1488,73,2,09,224
1488,73,2,11,68
1488,74,1,samt,263
1488,74,1,09,218
1488,74,1,11,49
1488,74,2,samt,285
1488,74,2,09,213
1488,74,2,11,72
1488,75,1,samt,237
1488,75,1,09,200
1488,75,1,11,41
1488,75,2,samt,267
1488,75,2,09,216
1488,75,2,11,52
1488,76,1,samt,266
1488,76,1,09,209
1488,76,1,11,56
1488,76,2,samt,275
1488,76,2,09,228
1488,76,2,11,47
1488,77,1,samt,240
1488,77,1,09,196
1488,77,1,11,41
1488,77,2,samt,279
1488,77,2,09,236
1488,77,2,11,47
1488,78,1,samt,267
1488,78,1,09,216
1488,78,1,11,52
1488,78,2,samt,247
1488,78,2,09,206
1488,78,2,11,41
1488,79,1,samt,235
1488,79,1,09,198
1488,79,1,11,38
1488,79,2,samt,239
1488,79,2,09,209
1488,79,2,11,30
1780,0,1,samt,444
1780,0,1,09,442
1780,0,1,11,4
1780,0,2,samt,414
1780,0,2,09,414
1780,0,2,11,0
1780,1,1,samt,428
1780,1,1,09,420
1780,1,1,11,8
1780,1,2,samt,423
1780,1,2,09,419
1780,1,2,11,5
1780,2,1,samt,408
1780,2,1,09,402
1780,2,1,11,6
1780,2,2,samt,409
1780,2,2,09,400
1780,2,2,11,8
1780,3,1,samt,448
1780,3,1,09,433
1780,3,1,11,20
1780,3,2,samt,427
1780,3,2,09,417
1780,3,2,11,11
1780,4,1,samt,498
1780,4,1,09,488
1780,4,1,11,15
1780,4,2,samt,475
1780,4,2,09,459
1780,4,2,11,14
1780,5,1,samt,491
1780,5,1,09,469
1780,5,1,11,23
1780,5,2,samt,472
1780,5,2,09,451
1780,5,2,11,16
1780,6,1,samt,480
1780,6,1,09,457
1780,6,1,11,21
1780,6,2,samt,479
1780,6,2,09,449
1780,6,2,11,30
1780,7,1,samt,514
1780,7,1,09,483
1780,7,1,11,31
1780,7,2,samt,514
1780,7,2,09,496
1780,7,2,11,22
1780,8,1,samt,554
1780,8,1,09,522
1780,8,1,11,31
1780,8,2,samt,538
1780,8,2,09,508
1780,8,2,11,29
1780,9,1,samt,555
1780,9,1,09,520
1780,9,1,11,33
1780,9,2,samt,498
1780,9,2,09,468
1780,9,2,11,30
1780,10,1,samt,516
1780,10,1,09,463
1780,10,1,11,54
1780,10,2,samt,551
1780,10,2,09,500
1780,10,2,11,54
1780,11,1,samt,504
1780,11,1,09,448
1780,11,1,11,55
1780,11,2,samt,561
1780,11,2,09,504
1780,11,2,11,60
1780,12,1,samt,534
1780,12,1,09,466
1780,12,1,11,70
1780,12,2,samt,470
1780,12,2,09,423
1780,12,2,11,48
1780,13,1,samt,577
1780,13,1,09,507
1780,13,1,11,71
1780,13,2,samt,507
1780,13,2,09,438
1780,13,2,11,67
1780,14,1,samt,547
1780,14,1,09,472
1780,14,1,11,79
1780,14,2,samt,533
1780,14,2,09,461
1780,14,2,11,70
1780,15,1,samt,551
1780,15,1,09,478
1780,15,1,11,70
1780,15,2,samt,530
1780,15,2,09,464
1780,15,2,11,68
1780,16,1,samt,564
1780,16,1,09,492
1780,16,1,11,77
1780,16,2,samt,516
1780,16,2,09,440
1780,16,2,11,74
1780,17,1,samt,527
1780,17,1,09,431
1780,17,1,11,100
1780,17,2,samt,513
1780,17,2,09,440
1780,17,2,11,74
1780,18,1,samt,585
1780,18,1,09,493
1780,18,1,11,91
1780,18,2,samt,521
1780,18,2,09,443
1780,18,2,11,78
1780,19,1,samt,651
1780,19,1,09,540
1780,19,1,11,110
1780,19,2,samt,640
1780,19,2,09,536
1780,19,2,11,105
1780,20,1,samt,763
1780,20,1,09,636
1780,20,1,11,126
1780,20,2,samt,813
1780,20,2,09,708
1780,20,2,11,102
1780,21,1,samt,819
1780,21,1,09,694
1780,21,1,11,125
1780,21,2,samt,908
1780,21,2,09,773
1780,21,2,11,138
1780,22,1,samt,885
1780,22,1,09,740
1780,22,1,11,141
1780,22,2,samt,878
1780,22,2,09,765
1780,22,2,11,114
1780,23,1,samt,804
1780,23,1,09,673
1780,23,1,11,137
1780,23,2,samt,773
1780,23,2,09,637
1780,23,2,11,134
1780,24,1,samt,819
1780,24,1,09,683
1780,24,1,11,137
1780,24,2,samt,782
1780,24,2,09,643
1780,24,2,11,138
1780,25,1,samt,757
1780,25,1,09,601
1780,25,1,11,156
1780,25,2,samt,668
1780,25,2,09,543
1780,25,2,11,124
1780,26,1,samt,833
1780,26,1,09,578
1780,26,1,11,253
1780,26,2,samt,681
1780,26,2,09,547
1780,26,2,11,129
1780,27,1,samt,767
1780,27,1,09,570
1780,27,1,11,192
1780,27,2,samt,737
1780,27,2,09,561
1780,27,2,11,173
1780,28,1,samt,664
1780,28,1,09,524
1780,28,1,11,144
1780,28,2,samt,641
1780,28,2,09,501
1780,28,2,11,135
1780,29,1,samt,727
1780,29,1,09,577
1780,29,1,11,149
1780,29,2,samt,622
1780,29,2,09,499
1780,29,2,11,122
1780,30,1,samt,754
1780,30,1,09,607
1780,30,1,11,147
1780,30,2,samt,654
1780,30,2,09,505
1780,30,2,11,147
1780,31,1,samt,707
1780,31,1,09,567
1780,31,1,11,140
1780,31,2,samt,668
1780,31,2,09,535
1780,31,2,11,129
1780,32,1,samt,745
1780,32,1,09,610
1780,32,1,11,136
1780,32,2,samt,694
1780,32,2,09,565
1780,32,2,11,131
1780,33,1,samt,766
1780,33,1,09,615
1780,33,1,11,151
1780,33,2,samt,701
1780,33,2,09,573
1780,33,2,11,128
1780,34,1,samt,772
1780,34,1,09,627
1780,34,1,11,149
1780,34,2,samt,762
1780,34,2,09,619
1780,34,2,11,143
1780,35,1,samt,752
1780,35,1,09,604
1780,35,1,11,148
1780,35,2,samt,660
1780,35,2,09,528
1780,35,2,11,133
1780,36,1,samt,680
1780,36,1,09,530
1780,36,1,11,152
1780,36,2,samt,659
1780,36,2,09,493
1780,36,2,11,166
1780,37,1,samt,702
1780,37,1,09,561
1780,37,1,11,139
1780,37,2,samt,603
1780,37,2,09,455
1780,37,2,11,143
1780,38,1,samt,619
1780,38,1,09,471
1780,38,1,11,147
1780,38,2,samt,633
1780,38,2,09,486
1780,38,2,11,147
1780,39,1,samt,689
1780,39,1,09,527
1780,39,1,11,160
1780,39,2,samt,548
1780,39,2,09,411
1780,39,2,11,141
1780,40,1,samt,595
1780,40,1,09,452
1780,40,1,11,147
1780,40,2,samt,598
1780,40,2,09,449
1780,40,2,11,148
1780,41,1,samt,608
1780,41,1,09,459
1780,41,1,11,152
1780,41,2,samt,554
1780,41,2,09,396
1780,41,2,11,159
1780,42,1,samt,548
1780,42,1,09,411
1780,42,1,11,135
1780,42,2,samt,551
1780,42,2,09,399
1780,42,2,11,153
1780,43,1,samt,596
1780,43,1,09,435
1780,43,1,11,161
1780,43,2,samt,574
1780,43,2,09,418
1780,43,2,11,158
1780,44,1,samt,519
1780,44,1,09,411
1780,44,1,11,106
1780,44,2,samt,619
1780,44,2,09,455
1780,44,2,11,161
1780,45,1,samt,594
1780,45,1,09,455
1780,45,1,11,137
1780,45,2,samt,530
1780,45,2,09,398
1780,45,2,11,137
1780,46,1,samt,577
1780,46,1,09,447
1780,46,1,11,133
1780,46,2,samt,545
1780,46,2,09,396
1780,46,2,11,146
1780,47,1,samt,515
1780,47,1,09,398
1780,47,1,11,113
1780,47,2,samt,510
1780,47,2,09,379
1780,47,2,11,127
1780,48,1,samt,585
1780,48,1,09,455
1780,48,1,11,131
1780,48,2,samt,504
1780,48,2,09,380
1780,48,2,11,125
1780,49,1,samt,542
1780,49,1,09,430
1780,49,1,11,112
1780,49,2,samt,537
1780,49,2,09,414
1780,49,2,11,122
1780,50,1,samt,540
1780,50,1,09,438
1780,50,1,11,104
1780,50,2,samt,606
1780,50,2,09,469
1780,50,2,11,137
1780,51,1,samt,554
1780,51,1,09,446
1780,51,1,11,104
1780,51,2,samt,607
1780,51,2,09,497
1780,51,2,11,107
1780,52,1,samt,602
1780,52,1,09,488
1780,52,1,11,113
1780,52,2,samt,616
1780,52,2,09,494
1780,52,2,11,120
1780,53,1,samt,585
1780,53,1,09,484
1780,53,1,11,101
1780,53,2,samt,618
1780,53,2,09,501
1780,53,2,11,116
1780,54,1,samt,607
1780,54,1,09,520
1780,54,1,11,84
1780,54,2,samt,617
1780,54,2,09,487
1780,54,2,11,132
1780,55,1,samt,588
1780,55,1,09,506
1780,55,1,11,82
1780,55,2,samt,603
1780,55,2,09,494
1780,55,2,11,110
1780,56,1,samt,529
1780,56,1,09,449
1780,56,1,11,83
1780,56,2,samt,543
1780,56,2,09,435
1780,56,2,11,108
1780,57,1,samt,599
1780,57,1,09,509
1780,57,1,11,88
1780,57,2,samt,606
1780,57,2,09,507
1780,57,2,11,98
1780,58,1,samt,639
1780,58,1,09,538
1780,58,1,11,99
1780,58,2,samt,607
1780,58,2,09,539
1780,58,2,11,71
1780,59,1,samt,611
1780,59,1,09,532
1780,59,1,11,84
1780,59,2,samt,606
1780,59,2,09,517
1780,59,2,11,84
1780,60,1,samt,626
1780,60,1,09,527
1780,60,1,11,96
1780,60,2,samt,613
1780,60,2,09,530
1780,60,2,11,85
1780,61,1,samt,608
1780,61,1,09,522
1780,61,1,11,86
1780,61,2,samt,623
1780,61,2,09,533
1780,61,2,11,90
1780,62,1,samt,530
1780,62,1,09,463
1780,62,1,11,64
1780,62,2,samt,567
1780,62,2,09,482
1780,62,2,11,83
1780,63,1,samt,529
1780,63,1,09,463
1780,63,1,11,65
1780,63,2,samt,505
1780,63,2,09,427
1780,63,2,11,73
1780,64,1,samt,500
1780,64,1,09,438
1780,64,1,11,63
1780,64,2,samt,526
1780,64,2,09,462
1780,64,2,11,63
1780,65,1,samt,456
1780,65,1,09,398
1780,65,1,11,59
1780,65,2,samt,510
1780,65,2,09,437
1780,65,2,11,71
1780,66,1,samt,478
1780,66,1,09,406
1780,66,1,11,72
1780,66,2,samt,530
1780,66,2,09,466
1780,66,2,11,68
1780,67,1,samt,481
1780,67,1,09,433
1780,67,1,11,45
1780,67,2,samt,522
1780,67,2,09,466
1780,67,2,11,57
1780,68,1,samt,466
1780,68,1,09,407
1780,68,1,11,62
1780,68,2,samt,522
1780,68,2,09,480
1780,68,2,11,46
1780,69,1,samt,504
1780,69,1,09,455
1780,69,1,11,53
1780,69,2,samt,568
1780,69,2,09,502
1780,69,2,11,69
1780,70,1,samt,471
1780,70,1,09,437
1780,70,1,11,36
1780,70,2,samt,509
1780,70,2,09,451
1780,70,2,11,64
1780,71,1,samt,441
1780,71,1,09,406
1780,71,1,11,40
1780,71,2,samt,479
1780,71,2,09,435
1780,71,2,11,46
1780,72,1,samt,464
1780,72,1,09,424
1780,72,1,11,34
1780,72,2,samt,490
1780,72,2,09,434
1780,72,2,11,57
1780,73,1,samt,471
1780,73,1,09,430
1780,73,1,11,38
1780,73,2,samt,516
1780,73,2,09,477
1780,73,2,11,41
1780,74,1,samt,406
1780,74,1,09,373
1780,74,1,11,33
1780,74,2,samt,446
1780,74,2,09,416
1780,74,2,11,31
1780,75,1,samt,418
1780,75,1,09,382
1780,75,1,11,33
1780,75,2,samt,493
1780,75,2,09,459
1780,75,2,11,35
1780,76,1,samt,431
1780,76,1,09,395
1780,76,1,11,37
1780,76,2,samt,498
1780,76,2,09,457
1780,76,2,11,41
1780,77,1,samt,439
1780,77,1,09,416
1780,77,1,11,23
1780,77,2,samt,487
1780,77,2,09,443
1780,77,2,11,40
1780,78,1,samt,408
1780,78,1,09,385
1780,78,1,11,25
1780,78,2,samt,515
1780,78,2,09,486
1780,78,2,11,30
1780,79,1,samt,410
1780,79,1,09,398
1780,79,1,11,19
1780,79,2,samt,494
1780,79,2,09,460
1780,79,2,11,34
2101,0,1,samt,18
2101,0,1,09,18
2101,0,1,11,0
2101,0,2,samt,23
2101,0,2,09,22
2101,0,2,11,3
2101,1,1,samt,23
2101,1,1,09,23
2101,1,1,11,0
2101,1,2,samt,21
2101,1,2,09,20
2101,1,2,11,0
2101,2,1,samt,24
2101,2,1,09,24
2101,2,1,11,0
2101,2,2,samt,19
2101,2,2,09,19
2101,2,2,11,0
2101,3,1,samt,22
2101,3,1,09,22
2101,3,1,11,0
2101,3,2,samt,23
2101,3,2,09,23
2101,3,2,11,0
2101,4,1,samt,28
2101,4,1,09,31
2101,4,1,11,4
2101,4,2,samt,21
2101,4,2,09,18
2101,4,2,11,0
2101,5,1,samt,30
2101,5,1,09,32
2101,5,1,11,3
2101,5,2,samt,22
2101,5,2,09,23
2101,5,2,11,0
2101,6,1,samt,26
2101,6,1,09,25
2101,6,1,11,0
2101,6,2,samt,24
2101,6,2,09,23
2101,6,2,11,3
2101,7,1,samt,18
2101,7,1,09,18
2101,7,1,11,0
2101,7,2,samt,30
2101,7,2,09,28
2101,7,2,11,0
2101,8,1,samt,32
2101,8,1,09,27
2101,8,1,11,5
2101,8,2,samt,24
2101,8,2,09,25
2101,8,2,11,5
2101,9,1,samt,23
2101,9,1,09,24
2101,9,1,11,0
2101,9,2,samt,22
2101,9,2,09,19
2101,9,2,11,0
2101,10,1,samt,30
2101,10,1,09,26
2101,10,1,11,5
2101,10,2,samt,37
2101,10,2,09,31
2101,10,2,11,4
2101,11,1,samt,22
2101,11,1,09,19
2101,11,1,11,5
2101,11,2,samt,39
2101,11,2,09,35
2101,11,2,11,3
2101,12,1,samt,29
2101,12,1,09,23
2101,12,1,11,4
2101,12,2,samt,34
2101,12,2,09,27
2101,12,2,11,3
2101,13,1,samt,41
2101,13,1,09,35
2101,13,1,11,10
2101,13,2,samt,28
2101,13,2,09,27
2101,13,2,11,4
2101,14,1,samt,43
2101,14,1,09,29
2101,14,1,11,13
2101,14,2,samt,28
2101,14,2,09,20
2101,14,2,11,7
2101,15,1,samt,30
2101,15,1,09,24
2101,15,1,11,7
2101,15,2,samt,28
2101,15,2,09,20
2101,15,2,11,5
2101,16,1,samt,23
2101,16,1,09,20
2101,16,1,11,3
2101,16,2,samt,24
2101,16,2,09,19
2101,16,2,11,4
2101,17,1,samt,34
2101,17,1,09,25
2101,17,1,11,11
2101,17,2,samt,47
2101,17,2,09,37
2101,17,2,11,5
2101,18,1,samt,35
2101,18,1,09,29
2101,18,1,11,6
2101,18,2,samt,23
2101,18,2,09,15
2101,18,2,11,6
2101,19,1,samt,27
2101,19,1,09,27
2101,19,1,11,3
2101,19,2,samt,32
2101,19,2,09,21
2101,19,2,11,9
2101,20,1,samt,20
2101,20,1,09,20
2101,20,1,11,3
2101,20,2,samt,21
2101,20,2,09,18
2101,20,2,11,3
2101,21,1,samt,25
2101,21,1,09,18
2101,21,1,11,6
2101,21,2,samt,24
2101,21,2,09,20
2101,21,2,11,3
2101,22,1,samt,23
2101,22,1,09,22
2101,22,1,11,4
2101,22,2,samt,22
2101,22,2,09,16
2101,22,2,11,3
2101,23,1,samt,10
2101,23,1,09,10
2101,23,1,11,4
2101,23,2,samt,14
2101,23,2,09,12
2101,23,2,11,3
2101,24,1,samt,19
2101,24,1,09,15
2101,24,1,11,5
2101,24,2,samt,12
2101,24,2,09,10
2101,24,2,11,3
2101,25,1,samt,15
2101,25,1,09,15
2101,25,1,11,0
2101,25,2,samt,16
2101,25,2,09,15
2101,25,2,11,3
2101,26,1,samt,20
2101,26,1,09,17
2101,26,1,11,3
2101,26,2,samt,11
2101,26,2,09,9
2101,26,2,11,3
2101,27,1,samt,17
2101,27,1,09,16
2101,27,1,11,4
2101,27,2,samt,14
2101,27,2,09,7
2101,27,2,11,6
2101,28,1,samt,26
2101,28,1,09,22
2101,28,1,11,3
2101,28,2,samt,18
2101,28,2,09,13
2101,28,2,11,5
2101,29,1,samt,24
2101,29,1,09,20
2101,29,1,11,4
2101,29,2,samt,21
2101,29,2,09,11
2101,29,2,11,7
2101,30,1,samt,29
2101,30,1,09,19
2101,30,1,11,8
2101,30,2,samt,24
2101,30,2,09,23
2101,30,2,11,3
2101,31,1,samt,29
2101,31,1,09,31
2101,31,1,11,3
2101,31,2,samt,34
2101,31,2,09,31
2101,31,2,11,3
2101,32,1,samt,28
2101,32,1,09,21
2101,32,1,11,6
2101,32,2,samt,34
2101,32,2,09,25
2101,32,2,11,5
2101,33,1,samt,40
2101,33,1,09,33
2101,33,1,11,7
2101,33,2,samt,31
2101,33,2,09,26
2101,33,2,11,5
2101,34,1,samt,40
2101,34,1,09,29
2101,34,1,11,8
2101,34,2,samt,27
2101,34,2,09,21
2101,34,2,11,7
2101,35,1,samt,40
2101,35,1,09,33
2101,35,1,11,7
2101,35,2,samt,39
2101,35,2,09,28
2101,35,2,11,8
2101,36,1,samt,39
2101,36,1,09,33
2101,36,1,11,4
2101,36,2,samt,38
2101,36,2,09,30
2101,36,2,11,5
2101,37,1,samt,31
2101,37,1,09,28
2101,37,1,11,4
2101,37,2,samt,29
2101,37,2,09,13
2101,37,2,11,10
2101,38,1,samt,39
2101,38,1,09,26
2101,38,1,11,8
2101,38,2,samt,26
2101,38,2,09,20
2101,38,2,11,6
2101,39,1,samt,26
2101,39,1,09,18
2101,39,1,11,5
2101,39,2,samt,33
2101,39,2,09,27
2101,39,2,11,9
2101,40,1,samt,23
2101,40,1,09,16
2101,40,1,11,5
2101,40,2,samt,33
2101,40,2,09,24
2101,40,2,11,9
2101,41,1,samt,30
2101,41,1,09,22
2101,41,1,11,9
2101,41,2,samt,17
2101,41,2,09,17
2101,41,2,11,3
2101,42,1,samt,38
2101,42,1,09,30
2101,42,1,11,7
2101,42,2,samt,30
2101,42,2,09,22
2101,42,2,11,4
2101,43,1,samt,17
2101,43,1,09,20
2101,43,1,11,4
2101,43,2,samt,26
2101,43,2,09,19
2101,43,2,11,5
2101,44,1,samt,26
2101,44,1,09,24
2101,44,1,11,5
2101,44,2,samt,33
2101,44,2,09,31
2101,44,2,11,4
2101,45,1,samt,24
2101,45,1,09,19
2101,45,1,11,6
2101,45,2,samt,33
2101,45,2,09,27
2101,45,2,11,3
2101,46,1,samt,35
2101,46,1,09,28
2101,46,1,11,7
2101,46,2,samt,33
2101,46,2,09,28
2101,46,2,11,3
2101,47,1,samt,35
2101,47,1,09,28
2101,47,1,11,8
2101,47,2,samt,15
2101,47,2,09,11
2101,47,2,11,4
2101,48,1,samt,34
2101,48,1,09,24
2101,48,1,11,7
2101,48,2,samt,19
2101,48,2,09,16
2101,48,2,11,3
2101,49,1,samt,30
2101,49,1,09,25
2101,49,1,11,4
2101,49,2,samt,39
2101,49,2,09,31
2101,49,2,11,5
2101,50,1,samt,31
2101,50,1,09,24
2101,50,1,11,5
2101,50,2,samt,40
2101,50,2,09,30
2101,50,2,11,6
2101,51,1,samt,44
2101,51,1,09,36
2101,51,1,11,8
2101,51,2,samt,33
2101,51,2,09,29
2101,51,2,11,6
2101,52,1,samt,29
2101,52,1,09,24
2101,52,1,11,3
2101,52,2,samt,24
2101,52,2,09,23
2101,52,2,11,3
2101,53,1,samt,44
2101,53,1,09,41
2101,53,1,11,3
2101,53,2,samt,35
2101,53,2,09,30
2101,53,2,11,8
2101,54,1,samt,34
2101,54,1,09,31
2101,54,1,11,3
2101,54,2,samt,45
2101,54,2,09,37
2101,54,2,11,6
2101,55,1,samt,39
2101,55,1,09,36
2101,55,1,11,6
2101,55,2,samt,44
2101,55,2,09,38
2101,55,2,11,4
2101,56,1,samt,39
2101,56,1,09,34
2101,56,1,11,7
2101,56,2,samt,45
2101,56,2,09,39
2101,56,2,11,4
2101,57,1,samt,36
2101,57,1,09,37
2101,57,1,11,3
2101,57,2,samt,37
2101,57,2,09,36
2101,57,2,11,5
2101,58,1,samt,44
2101,58,1,09,38
2101,58,1,11,4
2101,58,2,samt,31
2101,58,2,09,28
2101,58,2,11,6
2101,59,1,samt,62
2101,59,1,09,55
2101,59,1,11,6
2101,59,2,samt,42
2101,59,2,09,34
2101,59,2,11,4
2101,60,1,samt,54
2101,60,1,09,49
2101,60,1,11,6
2101,60,2,samt,45
2101,60,2,09,39
2101,60,2,11,3
2101,61,1,samt,37
2101,61,1,09,37
2101,61,1,11,3
2101,61,2,samt,43
2101,61,2,09,35
2101,61,2,11,7
2101,62,1,samt,47
2101,62,1,09,43
2101,62,1,11,3
2101,62,2,samt,41
2101,62,2,09,32
2101,62,2,11,8
2101,63,1,samt,40
2101,63,1,09,34
2101,63,1,11,4
2101,63,2,samt,38
2101,63,2,09,31
2101,63,2,11,5
2101,64,1,samt,40
2101,64,1,09,38
2101,64,1,11,4
2101,64,2,samt,43
2101,64,2,09,42
2101,64,2,11,3
2101,65,1,samt,40
2101,65,1,09,34
2101,65,1,11,4
2101,65,2,samt,46
2101,65,2,09,39
2101,65,2,11,7
2101,66,1,samt,51
2101,66,1,09,46
2101,66,1,11,4
2101,66,2,samt,44
2101,66,2,09,41
2101,66,2,11,3
2101,67,1,samt,30
2101,67,1,09,30
2101,67,1,11,3
2101,67,2,samt,43
2101,67,2,09,41
2101,67,2,11,0
2101,68,1,samt,42
2101,68,1,09,43
2101,68,1,11,3
2101,68,2,samt,39
2101,68,2,09,34
2101,68,2,11,3
2101,69,1,samt,41
2101,69,1,09,39
2101,69,1,11,3
2101,69,2,samt,48
2101,69,2,09,42
2101,69,2,11,3
2101,70,1,samt,39
2101,70,1,09,36
2101,70,1,11,0
2101,70,2,samt,43
2101,70,2,09,36
2101,70,2,11,3
2101,71,1,samt,67
2101,71,1,09,64
2101,71,1,11,4
2101,71,2,samt,27
2101,71,2,09,25
2101,71,2,11,3
2101,72,1,samt,49
2101,72,1,09,49
2101,72,1,11,0
2101,72,2,samt,51
2101,72,2,09,46
2101,72,2,11,3
2101,73,1,samt,31
2101,73,1,09,32
2101,73,1,11,3
2101,73,2,samt,46
2101,73,2,09,42
2101,73,2,11,5
2101,74,1,samt,54
2101,74,1,09,53
2101,74,1,11,7
2101,74,2,samt,52
2101,74,2,09,48
2101,74,2,11,4
2101,75,1,samt,53
2101,75,1,09,53
2101,75,1,11,0
2101,75,2,samt,41
2101,75,2,09,38
2101,75,2,11,3
2101,76,1,samt,49
2101,76,1,09,46
2101,76,1,11,5
2101,76,2,samt,44
2101,76,2,09,39
2101,76,2,11,6
2101,77,1,samt,47
2101,77,1,09,44
2101,77,1,11,0
2101,77,2,samt,43
2101,77,2,09,45
2101,77,2,11,3
2101,78,1,samt,47
2101,78,1,09,47
2101,78,1,11,0
2101,78,2,samt,39
2101,78,2,09,39
2101,78,2,11,0
2101,79,1,samt,38
2101,79,1,09,37
2101,79,1,11,0
2101,79,2,samt,38
2101,79,2,09,36
2101,79,2,11,3
2104,0,1,samt,45
2104,0,1,09,45
2104,0,1,11,0
2104,0,2,samt,34
2104,0,2,09,34
2104,0,2,11,0
2104,1,1,samt,31
2104,1,1,09,31
2104,1,1,11,0
2104,1,2,samt,31
2104,1,2,09,29
2104,1,2,11,0
2104,2,1,samt,33
2104,2,1,09,33
2104,2,1,11,0
2104,2,2,samt,40
2104,2,2,09,39
2104,2,2,11,0
2104,3,1,samt,37
2104,3,1,09,37
2104,3,1,11,0
2104,3,2,samt,41
2104,3,2,09,41
2104,3,2,11,3
2104,4,1,samt,39
2104,4,1,09,37
2104,4,1,11,3
2104,4,2,samt,51
2104,4,2,09,46
2104,4,2,11,3
2104,5,1,samt,43
2104,5,1,09,41
2104,5,1,11,0
2104,5,2,samt,47
2104,5,2,09,46
2104,5,2,11,0
2104,6,1,samt,55
2104,6,1,09,54
2104,6,1,11,0
2104,6,2,samt,52
2104,6,2,09,48
2104,6,2,11,0
2104,7,1,samt,54
2104,7,1,09,54
2104,7,1,11,3
2104,7,2,samt,32
2104,7,2,09,29
2104,7,2,11,3
2104,8,1,samt,41
2104,8,1,09,37
2104,8,1,11,0
2104,8,2,samt,51
2104,8,2,09,51
2104,8,2,11,0
2104,9,1,samt,52
2104,9,1,09,50
2104,9,1,11,3
2104,9,2,samt,55
2104,9,2,09,53
2104,9,2,11,3
2104,10,1,samt,66
2104,10,1,09,65
2104,10,1,11,4
2104,10,2,samt,47
2104,10,2,09,44
2104,10,2,11,3
2104,11,1,samt,55
2104,11,1,09,52
2104,11,1,11,3
2104,11,2,samt,47
2104,11,2,09,42
2104,11,2,11,7
2104,12,1,samt,46
2104,12,1,09,37
2104,12,1,11,7
2104,12,2,samt,44
2104,12,2,09,41
2104,12,2,11,0
2104,13,1,samt,40
2104,13,1,09,38
2104,13,1,11,7
2104,13,2,samt,46
2104,13,2,09,42
2104,13,2,11,3
2104,14,1,samt,49
2104,14,1,09,45
2104,14,1,11,4
2104,14,2,samt,39
2104,14,2,09,34
2104,14,2,11,5
2104,15,1,samt,56
2104,15,1,09,50
2104,15,1,11,5
2104,15,2,samt,52
2104,15,2,09,46
2104,15,2,11,7
2104,16,1,samt,46
2104,16,1,09,41
2104,16,1,11,4
2104,16,2,samt,44
2104,16,2,09,41
2104,16,2,11,3
2104,17,1,samt,47
2104,17,1,09,41
2104,17,1,11,6
2104,17,2,samt,51
2104,17,2,09,45
2104,17,2,11,5
2104,18,1,samt,53
2104,18,1,09,45
2104,18,1,11,7
2104,18,2,samt,48
2104,18,2,09,43
2104,18,2,11,8
2104,19,1,samt,55
2104,19,1,09,46
2104,19,1,11,6
2104,19,2,samt,44
2104,19,2,09,39
2104,19,2,11,7
2104,20,1,samt,37
2104,20,1,09,32
2104,20,1,11,6
2104,20,2,samt,31
2104,20,2,09,25
2104,20,2,11,7
2104,21,1,samt,38
2104,21,1,09,36
2104,21,1,11,3
2104,21,2,samt,44
2104,21,2,09,35
2104,21,2,11,5
2104,22,1,samt,46
2104,22,1,09,37
2104,22,1,11,5
2104,22,2,samt,24
2104,22,2,09,15
2104,22,2,11,3
2104,23,1,samt,38
2104,23,1,09,31
2104,23,1,11,9
2104,23,2,samt,21
2104,23,2,09,22
2104,23,2,11,3
2104,24,1,samt,33
2104,24,1,09,27
2104,24,1,11,6
2104,24,2,samt,33
2104,24,2,09,29
2104,24,2,11,5
2104,25,1,samt,46
2104,25,1,09,33
2104,25,1,11,9
2104,25,2,samt,38
2104,25,2,09,31
2104,25,2,11,8
2104,26,1,samt,48
2104,26,1,09,40
2104,26,1,11,9
2104,26,2,samt,36
2104,26,2,09,33
2104,26,2,11,5
2104,27,1,samt,49
2104,27,1,09,38
2104,27,1,11,15
2104,27,2,samt,42
2104,27,2,09,34
2104,27,2,11,8
2104,28,1,samt,51
2104,28,1,09,49
2104,28,1,11,3
2104,28,2,samt,48
2104,28,2,09,39
2104,28,2,11,8
2104,29,1,samt,55
2104,29,1,09,42
2104,29,1,11,15
2104,29,2,samt,50
2104,29,2,09,43
2104,29,2,11,7
2104,30,1,samt,57
2104,30,1,09,48
2104,30,1,11,8
2104,30,2,samt,49
2104,30,2,09,40
2104,30,2,11,10
2104,31,1,samt,62
2104,31,1,09,53
2104,31,1,11,7
2104,31,2,samt,43
2104,31,2,09,34
2104,31,2,11,9
2104,32,1,samt,62
2104,32,1,09,56
2104,32,1,11,10
2104,32,2,samt,55
2104,32,2,09,46
2104,32,2,11,12
2104,33,1,samt,70
2104,33,1,09,61
2104,33,1,11,9
2104,33,2,samt,53
2104,33,2,09,49
2104,33,2,11,6
2104,34,1,samt,67
2104,34,1,09,54
2104,34,1,11,13
2104,34,2,samt,55
2104,34,2,09,46
2104,34,2,11,10
2104,35,1,samt,43
2104,35,1,09,36
2104,35,1,11,6
2104,35,2,samt,49
2104,35,2,09,39
2104,35,2,11,11
2104,36,1,samt,70
2104,36,1,09,54
2104,36,1,11,13
2104,36,2,samt,65
2104,36,2,09,55
2104,36,2,11,10
2104,37,1,samt,48
2104,37,1,09,43
2104,37,1,11,7
2104,37,2,samt,50
2104,37,2,09,39
2104,37,2,11,10
2104,38,1,samt,54
2104,38,1,09,44
2104,38,1,11,12
2104,38,2,samt,50
2104,38,2,09,44
2104,38,2,11,9
2104,39,1,samt,50
2104,39,1,09,45
2104,39,1,11,5
2104,39,2,samt,54
2104,39,2,09,51
2104,39,2,11,3
2104,40,1,samt,44
2104,40,1,09,34
2104,40,1,11,7
2104,40,2,samt,59
2104,40,2,09,42
2104,40,2,11,17
2104,41,1,samt,43
2104,41,1,09,38
2104,41,1,11,6
2104,41,2,samt,46
2104,41,2,09,39
2104,41,2,11,8
2104,42,1,samt,71
2104,42,1,09,55
2104,42,1,11,12
2104,42,2,samt,46
2104,42,2,09,34
2104,42,2,11,12
2104,43,1,samt,37
2104,43,1,09,30
2104,43,1,11,0
2104,43,2,samt,30
2104,43,2,09,27
2104,43,2,11,6
2104,44,1,samt,48
2104,44,1,09,38
2104,44,1,11,7
2104,44,2,samt,45
2104,44,2,09,33
2104,44,2,11,11
2104,45,1,samt,36
2104,45,1,09,30
2104,45,1,11,10
2104,45,2,samt,37
2104,45,2,09,35
2104,45,2,11,7
2104,46,1,samt,42
2104,46,1,09,33
2104,46,1,11,7
2104,46,2,samt,35
2104,46,2,09,26
2104,46,2,11,9
2104,47,1,samt,39
2104,47,1,09,36
2104,47,1,11,3
2104,47,2,samt,35
2104,47,2,09,24
2104,47,2,11,11
2104,48,1,samt,51
2104,48,1,09,46
2104,48,1,11,8
2104,48,2,samt,46
2104,48,2,09,32
2104,48,2,11,15
2104,49,1,samt,48
2104,49,1,09,41
2104,49,1,11,3
2104,49,2,samt,41
2104,49,2,09,37
2104,49,2,11,3
2104,50,1,samt,48
2104,50,1,09,37
2104,50,1,11,9
2104,50,2,samt,43
2104,50,2,09,34
2104,50,2,11,11
2104,51,1,samt,53
2104,51,1,09,43
2104,51,1,11,5
2104,51,2,samt,54
2104,51,2,09,44
2104,51,2,11,11
2104,52,1,samt,51
2104,52,1,09,47
2104,52,1,11,4
2104,52,2,samt,70
2104,52,2,09,56
2104,52,2,11,14
2104,53,1,samt,61
2104,53,1,09,49
2104,53,1,11,8
2104,53,2,samt,64
2104,53,2,09,57
2104,53,2,11,9
2104,54,1,samt,54
2104,54,1,09,48
2104,54,1,11,5
2104,54,2,samt,65
2104,54,2,09,47
2104,54,2,11,16
2104,55,1,samt,72
2104,55,1,09,66
2104,55,1,11,5
2104,55,2,samt,54
2104,55,2,09,44
2104,55,2,11,6
2104,56,1,samt,57
2104,56,1,09,52
2104,56,1,11,7
2104,56,2,samt,77
2104,56,2,09,63
2104,56,2,11,11
2104,57,1,samt,66
2104,57,1,09,58
2104,57,1,11,7
2104,57,2,samt,48
2104,57,2,09,40
2104,57,2,11,4
2104,58,1,samt,72
2104,58,1,09,65
2104,58,1,11,11
2104,58,2,samt,69
2104,58,2,09,64
2104,58,2,11,3
2104,59,1,samt,79
2104,59,1,09,70
2104,59,1,11,10
2104,59,2,samt,59
2104,59,2,09,50
2104,59,2,11,7
2104,60,1,samt,74
2104,60,1,09,61
2104,60,1,11,9
2104,60,2,samt,67
2104,60,2,09,56
2104,60,2,11,7
2104,61,1,samt,74
2104,61,1,09,66
2104,61,1,11,8
2104,61,2,samt,67
2104,61,2,09,58
2104,61,2,11,9
2104,62,1,samt,72
2104,62,1,09,65
2104,62,1,11,12
2104,62,2,samt,74
2104,62,2,09,64
2104,62,2,11,9
2104,63,1,samt,86
2104,63,1,09,81
2104,63,1,11,7
2104,63,2,samt,66
2104,63,2,09,55
2104,63,2,11,12
2104,64,1,samt,57
2104,64,1,09,47
2104,64,1,11,9
2104,64,2,samt,57
2104,64,2,09,50
2104,64,2,11,4
2104,65,1,samt,70
2104,65,1,09,63
2104,65,1,11,10
2104,65,2,samt,50
2104,65,2,09,46
2104,65,2,11,9
2104,66,1,samt,70
2104,66,1,09,61
2104,66,1,11,9
2104,66,2,samt,66
2104,66,2,09,59
2104,66,2,11,8
2104,67,1,samt,70
2104,67,1,09,65
2104,67,1,11,6
2104,67,2,samt,51
2104,67,2,09,43
2104,67,2,11,5
2104,68,1,samt,73
2104,68,1,09,64
2104,68,1,11,9
2104,68,2,samt,76
2104,68,2,09,69
2104,68,2,11,6
2104,69,1,samt,76
2104,69,1,09,66
2104,69,1,11,9
2104,69,2,samt,60
2104,69,2,09,55
2104,69,2,11,5
2104,70,1,samt,45
2104,70,1,09,42
2104,70,1,11,6
2104,70,2,samt,67
2104,70,2,09,54
2104,70,2,11,16
2104,71,1,samt,80
2104,71,1,09,73
2104,71,1,11,11
2104,71,2,samt,54
2104,71,2,09,50
2104,71,2,11,3
2104,72,1,samt,70
2104,72,1,09,59
2104,72,1,11,9
2104,72,2,samt,66
2104,72,2,09,61
2104,72,2,11,6
2104,73,1,samt,48
2104,73,1,09,44
2104,73,1,11,6
2104,73,2,samt,48
2104,73,2,09,39
2104,73,2,11,8
2104,74,1,samt,61
2104,74,1,09,57
2104,74,1,11,0
2104,74,2,samt,50
2104,74,2,09,43
2104,74,2,11,7
2104,75,1,samt,55
2104,75,1,09,49
2104,75,1,11,7
2104,75,2,samt,67
2104,75,2,09,48
2104,75,2,11,17
2104,76,1,samt,62
2104,76,1,09,51
2104,76,1,11,5
2104,76,2,samt,66
2104,76,2,09,56
2104,76,2,11,10
2104,77,1,samt,67
2104,77,1,09,64
2104,77,1,11,3
2104,77,2,samt,54
2104,77,2,09,45
2104,77,2,11,8
2104,78,1,samt,63
2104,78,1,09,57
2104,78,1,11,7
2104,78,2,samt,57
2104,78,2,09,47
2104,78,2,11,7
2104,79,1,samt,56
2104,79,1,09,51
2104,79,1,11,4
2104,79,2,samt,64
2104,79,2,09,57
2104,79,2,11,7
2180,0,1,samt,461
2180,0,1,09,458
2180,0,1,11,0
2180,0,2,samt,424
2180,0,2,09,422
2180,0,2,11,3
2180,1,1,samt,492
2180,1,1,09,478
2180,1,1,11,9
2180,1,2,samt,448
2180,1,2,09,439
2180,1,2,11,9
2180,2,1,samt,456
2180,2,1,09,435
2180,2,1,11,17
2180,2,2,samt,476
2180,2,2,09,465
2180,2,2,11,11
2180,3,1,samt,529
2180,3,1,09,518
2180,3,1,11,11
2180,3,2,samt,451
2180,3,2,09,434
2180,3,2,11,13
2180,4,1,samt,589
2180,4,1,09,571
2180,4,1,11,20
2180,4,2,samt,542
2180,4,2,09,519
2180,4,2,11,20
2180,5,1,samt,525
2180,5,1,09,510
2180,5,1,11,15
2180,5,2,samt,537
2180,5,2,09,516
2180,5,2,11,21
2180,6,1,samt,580
2180,6,1,09,567
2180,6,1,11,14
2180,6,2,samt,553
2180,6,2,09,529
2180,6,2,11,24
2180,7,1,samt,649
2180,7,1,09,630
2180,7,1,11,20
2180,7,2,samt,587
2180,7,2,09,561
2180,7,2,11,25
2180,8,1,samt,586
2180,8,1,09,563
2180,8,1,11,21
2180,8,2,samt,553
2180,8,2,09,519
2180,8,2,11,35
2180,9,1,samt,586
2180,9,1,09,553
2180,9,1,11,31
2180,9,2,samt,569
2180,9,2,09,532
2180,9,2,11,36
2180,10,1,samt,619
2180,10,1,09,575
2180,10,1,11,45
2180,10,2,samt,559
2180,10,2,09,525
2180,10,2,11,36
2180,11,1,samt,559
2180,11,1,09,508
2180,11,1,11,52
2180,11,2,samt,603
2180,11,2,09,552
2180,11,2,11,52
2180,12,1,samt,579
2180,12,1,09,512
2180,12,1,11,67
2180,12,2,samt,601
2180,12,2,09,543
2180,12,2,11,58
2180,13,1,samt,626
2180,13,1,09,556
2180,13,1,11,71
2180,13,2,samt,589
2180,13,2,09,522
2180,13,2,11,63
2180,14,1,samt,607
2180,14,1,09,523
2180,14,1,11,80
2180,14,2,samt,582
2180,14,2,09,506
2180,14,2,11,73
2180,15,1,samt,640
2180,15,1,09,561
2180,15,1,11,83
2180,15,2,samt,615
2180,15,2,09,534
2180,15,2,11,75
2180,16,1,samt,649
2180,16,1,09,565
2180,16,1,11,83
2180,16,2,samt,632
2180,16,2,09,538
2180,16,2,11,95
2180,17,1,samt,636
2180,17,1,09,527
2180,17,1,11,111
2180,17,2,samt,605
2180,17,2,09,501
2180,17,2,11,103
2180,18,1,samt,637
2180,18,1,09,537
2180,18,1,11,102
2180,18,2,samt,566
2180,18,2,09,457
2180,18,2,11,109
2180,19,1,samt,629
2180,19,1,09,508
2180,19,1,11,121
2180,19,2,samt,586
2180,19,2,09,476
2180,19,2,11,114
2180,20,1,samt,616
2180,20,1,09,485
2180,20,1,11,132
2180,20,2,samt,591
2180,20,2,09,481
2180,20,2,11,108
2180,21,1,samt,650
2180,21,1,09,529
2180,21,1,11,122
2180,21,2,samt,592
2180,21,2,09,460
2180,21,2,11,134
2180,22,1,samt,645
2180,22,1,09,505
2180,22,1,11,141
2180,22,2,samt,605
2180,22,2,09,488
2180,22,2,11,119
2180,23,1,samt,665
2180,23,1,09,526
2180,23,1,11,143
2180,23,2,samt,587
2180,23,2,09,453
2180,23,2,11,134
2180,24,1,samt,661
2180,24,1,09,492
2180,24,1,11,170
2180,24,2,samt,573
2180,24,2,09,442
2180,24,2,11,127
2180,25,1,samt,619
2180,25,1,09,425
2180,25,1,11,196
2180,25,2,samt,585
2180,25,2,09,418
2180,25,2,11,169
2180,26,1,samt,651
2180,26,1,09,407
2180,26,1,11,244
2180,26,2,samt,568
2180,26,2,09,407
2180,26,2,11,164
2180,27,1,samt,662
2180,27,1,09,464
2180,27,1,11,198
2180,27,2,samt,588
2180,27,2,09,425
2180,27,2,11,163
2180,28,1,samt,621
2180,28,1,09,427
2180,28,1,11,194
2180,28,2,samt,583
2180,28,2,09,416
2180,28,2,11,166
2180,29,1,samt,672
2180,29,1,09,456
2180,29,1,11,220
2180,29,2,samt,588
2180,29,2,09,428
2180,29,2,11,158
2180,30,1,samt,660
2180,30,1,09,479
2180,30,1,11,184
2180,30,2,samt,609
2180,30,2,09,453
2180,30,2,11,161
2180,31,1,samt,741
2180,31,1,09,542
2180,31,1,11,200
2180,31,2,samt,690
2180,31,2,09,511
2180,31,2,11,179
2180,32,1,samt,752
2180,32,1,09,581
2180,32,1,11,172
2180,32,2,samt,749
2180,32,2,09,578
2180,32,2,11,172
2180,33,1,samt,792
2180,33,1,09,607
2180,33,1,11,185
2180,33,2,samt,790
2180,33,2,09,603
2180,33,2,11,186
2180,34,1,samt,790
2180,34,1,09,596
2180,34,1,11,192
2180,34,2,samt,714
2180,34,2,09,536
2180,34,2,11,177
2180,35,1,samt,825
2180,35,1,09,617
2180,35,1,11,209
2180,35,2,samt,760
2180,35,2,09,566
2180,35,2,11,194
2180,36,1,samt,762
2180,36,1,09,572
2180,36,1,11,187
2180,36,2,samt,750
2180,36,2,09,560
2180,36,2,11,189
2180,37,1,samt,746
2180,37,1,09,556
2180,37,1,11,196
2180,37,2,samt,681
2180,37,2,09,520
2180,37,2,11,162
2180,38,1,samt,692
2180,38,1,09,492
2180,38,1,11,201
2180,38,2,samt,715
2180,38,2,09,510
2180,38,2,11,203
2180,39,1,samt,683
2180,39,1,09,483
2180,39,1,11,203
2180,39,2,samt,655
2180,39,2,09,477
2180,39,2,11,178
2180,40,1,samt,681
2180,40,1,09,472
2180,40,1,11,205
2180,40,2,samt,636
2180,40,2,09,461
2180,40,2,11,172
2180,41,1,samt,679
2180,41,1,09,490
2180,41,1,11,192
2180,41,2,samt,634
2180,41,2,09,460
2180,41,2,11,177
2180,42,1,samt,587
2180,42,1,09,407
2180,42,1,11,181
2180,42,2,samt,589
2180,42,2,09,415
2180,42,2,11,168
2180,43,1,samt,600
2180,43,1,09,415
2180,43,1,11,185
2180,43,2,samt,611
2180,43,2,09,449
2180,43,2,11,162
2180,44,1,samt,642
2180,44,1,09,480
2180,44,1,11,162
2180,44,2,samt,589
2180,44,2,09,427
2180,44,2,11,159
2180,45,1,samt,671
2180,45,1,09,492
2180,45,1,11,179
2180,45,2,samt,582
2180,45,2,09,426
2180,45,2,11,160
2180,46,1,samt,645
2180,46,1,09,476
2180,46,1,11,170
2180,46,2,samt,554
2180,46,2,09,421
2180,46,2,11,131
2180,47,1,samt,574
2180,47,1,09,432
2180,47,1,11,142
2180,47,2,samt,598
2180,47,2,09,429
2180,47,2,11,173
2180,48,1,samt,589
2180,48,1,09,448
2180,48,1,11,141
2180,48,2,samt,611
2180,48,2,09,448
2180,48,2,11,159
2180,49,1,samt,552
2180,49,1,09,427
2180,49,1,11,128
2180,49,2,samt,635
2180,49,2,09,464
2180,49,2,11,171
2180,50,1,samt,667
2180,50,1,09,524
2180,50,1,11,138
2180,50,2,samt,673
2180,50,2,09,495
2180,50,2,11,180
2180,51,1,samt,675
2180,51,1,09,547
2180,51,1,11,128
2180,51,2,samt,678
2180,51,2,09,507
2180,51,2,11,172
2180,52,1,samt,648
2180,52,1,09,523
2180,52,1,11,125
2180,52,2,samt,680
2180,52,2,09,519
2180,52,2,11,160
2180,53,1,samt,689
2180,53,1,09,544
2180,53,1,11,142
2180,53,2,samt,669
2180,53,2,09,517
2180,53,2,11,149
2180,54,1,samt,630
2180,54,1,09,534
2180,54,1,11,100
2180,54,2,samt,700
2180,54,2,09,555
2180,54,2,11,147
2180,55,1,samt,651
2180,55,1,09,534
2180,55,1,11,119
2180,55,2,samt,633
2180,55,2,09,495
2180,55,2,11,133
2180,56,1,samt,637
2180,56,1,09,533
2180,56,1,11,105
2180,56,2,samt,598
2180,56,2,09,493
2180,56,2,11,104
2180,57,1,samt,639
2180,57,1,09,541
2180,57,1,11,100
2180,57,2,samt,672
2180,57,2,09,544
2180,57,2,11,132
2180,58,1,samt,699
2180,58,1,09,593
2180,58,1,11,106
2180,58,2,samt,706
2180,58,2,09,579
2180,58,2,11,131
2180,59,1,samt,715
2180,59,1,09,613
2180,59,1,11,104
2180,59,2,samt,702
2180,59,2,09,581
2180,59,2,11,122
2180,60,1,samt,703
2180,60,1,09,585
2180,60,1,11,119
2180,60,2,samt,679
2180,60,2,09,561
2180,60,2,11,117
2180,61,1,samt,689
2180,61,1,09,594
2180,61,1,11,94
2180,61,2,samt,681
2180,61,2,09,578
2180,61,2,11,103
2180,62,1,samt,616
2180,62,1,09,526
2180,62,1,11,89
2180,62,2,samt,632
2180,62,2,09,533
2180,62,2,11,99
2180,63,1,samt,589
2180,63,1,09,498
2180,63,1,11,91
2180,63,2,samt,621
2180,63,2,09,523
2180,63,2,11,101
2180,64,1,samt,615
2180,64,1,09,508
2180,64,1,11,107
2180,64,2,samt,570
2180,64,2,09,485
2180,64,2,11,81
2180,65,1,samt,590
2180,65,1,09,498
2180,65,1,11,94
2180,65,2,samt,566
2180,65,2,09,471
2180,65,2,11,97
2180,66,1,samt,574
2180,66,1,09,498
2180,66,1,11,77
2180,66,2,samt,555
2180,66,2,09,472
2180,66,2,11,84
2180,67,1,samt,541
2180,67,1,09,472
2180,67,1,11,67
2180,67,2,samt,530
2180,67,2,09,464
2180,67,2,11,68
2180,68,1,samt,540
2180,68,1,09,472
2180,68,1,11,71
2180,68,2,samt,536
2180,68,2,09,480
2180,68,2,11,54
2180,69,1,samt,484
2180,69,1,09,433
2180,69,1,11,54
2180,69,2,samt,541
2180,69,2,09,467
2180,69,2,11,75
2180,70,1,samt,508
2180,70,1,09,452
2180,70,1,11,54
2180,70,2,samt,522
2180,70,2,09,459
2180,70,2,11,64
2180,71,1,samt,484
2180,71,1,09,413
2180,71,1,11,69
2180,71,2,samt,544
2180,71,2,09,483
2180,71,2,11,62
2180,72,1,samt,493
2180,72,1,09,446
2180,72,1,11,47
2180,72,2,samt,520
2180,72,2,09,462
2180,72,2,11,58
2180,73,1,samt,455
2180,73,1,09,404
2180,73,1,11,52
2180,73,2,samt,523
2180,73,2,09,461
2180,73,2,11,59
2180,74,1,samt,448
2180,74,1,09,405
2180,74,1,11,41
2180,74,2,samt,491
2180,74,2,09,442
2180,74,2,11,49
2180,75,1,samt,491
2180,75,1,09,437
2180,75,1,11,51
2180,75,2,samt,516
2180,75,2,09,463
2180,75,2,11,48
2180,76,1,samt,486
2180,76,1,09,448
2180,76,1,11,42
2180,76,2,samt,538
2180,76,2,09,489
2180,76,2,11,44
2180,77,1,samt,468
2180,77,1,09,421
2180,77,1,11,45
2180,77,2,samt,548
2180,77,2,09,503
2180,77,2,11,47
2180,78,1,samt,468
2180,78,1,09,426
2180,78,1,11,44
2180,78,2,samt,541
2180,78,2,09,492
2180,78,2,11,51
2180,79,1,samt,507
2180,79,1,09,483
2180,79,1,11,28
2180,79,2,samt,565
2180,79,2,09,513
2180,79,2,11,49
2181,0,1,samt,137
2181,0,1,09,135
2181,0,1,11,0
2181,0,2,samt,150
2181,0,2,09,149
2181,0,2,11,3
2181,1,1,samt,143
2181,1,1,09,138
2181,1,1,11,5
2181,1,2,samt,146
2181,1,2,09,143
2181,1,2,11,3
2181,2,1,samt,152
2181,2,1,09,148
2181,2,1,11,3
2181,2,2,samt,150
2181,2,2,09,145
2181,2,2,11,3
2181,3,1,samt,145
2181,3,1,09,141
2181,3,1,11,3
2181,3,2,samt,155
2181,3,2,09,149
2181,3,2,11,4
2181,4,1,samt,194
2181,4,1,09,186
2181,4,1,11,7
2181,4,2,samt,175
2181,4,2,09,171
2181,4,2,11,3
2181,5,1,samt,186
2181,5,1,09,177
2181,5,1,11,9
2181,5,2,samt,202
2181,5,2,09,186
2181,5,2,11,13
2181,6,1,samt,220
2181,6,1,09,209
2181,6,1,11,12
2181,6,2,samt,180
2181,6,2,09,171
2181,6,2,11,9
2181,7,1,samt,193
2181,7,1,09,182
2181,7,1,11,11
2181,7,2,samt,227
2181,7,2,09,216
2181,7,2,11,12
2181,8,1,samt,215
2181,8,1,09,206
2181,8,1,11,13
2181,8,2,samt,202
2181,8,2,09,181
2181,8,2,11,22
2181,9,1,samt,233
2181,9,1,09,221
2181,9,1,11,16
2181,9,2,samt,209
2181,9,2,09,196
2181,9,2,11,13
2181,10,1,samt,206
2181,10,1,09,189
2181,10,1,11,18
2181,10,2,samt,214
2181,10,2,09,194
2181,10,2,11,20
2181,11,1,samt,235
2181,11,1,09,204
2181,11,1,11,31
2181,11,2,samt,219
2181,11,2,09,186
2181,11,2,11,27
2181,12,1,samt,224
2181,12,1,09,175
2181,12,1,11,51
2181,12,2,samt,228
2181,12,2,09,193
2181,12,2,11,36
2181,13,1,samt,216
2181,13,1,09,189
2181,13,1,11,29
2181,13,2,samt,241
2181,13,2,09,201
2181,13,2,11,39
2181,14,1,samt,224
2181,14,1,09,173
2181,14,1,11,52
2181,14,2,samt,215
2181,14,2,09,176
2181,14,2,11,42
2181,15,1,samt,228
2181,15,1,09,187
2181,15,1,11,43
2181,15,2,samt,204
2181,15,2,09,157
2181,15,2,11,49
2181,16,1,samt,194
2181,16,1,09,149
2181,16,1,11,45
2181,16,2,samt,210
2181,16,2,09,164
2181,16,2,11,48
2181,17,1,samt,201
2181,17,1,09,163
2181,17,1,11,44
2181,17,2,samt,206
2181,17,2,09,151
2181,17,2,11,52
2181,18,1,samt,241
2181,18,1,09,178
2181,18,1,11,67
2181,18,2,samt,226
2181,18,2,09,169
2181,18,2,11,56
2181,19,1,samt,235
2181,19,1,09,171
2181,19,1,11,60
2181,19,2,samt,224
2181,19,2,09,174
2181,19,2,11,49
2181,20,1,samt,215
2181,20,1,09,157
2181,20,1,11,58
2181,20,2,samt,177
2181,20,2,09,133
2181,20,2,11,42
2181,21,1,samt,209
2181,21,1,09,146
2181,21,1,11,62
2181,21,2,samt,177
2181,21,2,09,144
2181,21,2,11,32
2181,22,1,samt,208
2181,22,1,09,144
2181,22,1,11,65
2181,22,2,samt,136
2181,22,2,09,111
2181,22,2,11,25
2181,23,1,samt,219
2181,23,1,09,144
2181,23,1,11,76
2181,23,2,samt,157
2181,23,2,09,116
2181,23,2,11,39
2181,24,1,samt,202
2181,24,1,09,138
2181,24,1,11,63
2181,24,2,samt,141
2181,24,2,09,101
2181,24,2,11,42
2181,25,1,samt,196
2181,25,1,09,132
2181,25,1,11,62
2181,25,2,samt,165
2181,25,2,09,123
2181,25,2,11,42
2181,26,1,samt,204
2181,26,1,09,132
2181,26,1,11,75
2181,26,2,samt,139
2181,26,2,09,113
2181,26,2,11,27
2181,27,1,samt,200
2181,27,1,09,131
2181,27,1,11,70
2181,27,2,samt,151
2181,27,2,09,102
2181,27,2,11,48
2181,28,1,samt,187
2181,28,1,09,138
2181,28,1,11,48
2181,28,2,samt,158
2181,28,2,09,113
2181,28,2,11,44
2181,29,1,samt,185
2181,29,1,09,131
2181,29,1,11,59
2181,29,2,samt,187
2181,29,2,09,128
2181,29,2,11,57
2181,30,1,samt,214
2181,30,1,09,143
2181,30,1,11,69
2181,30,2,samt,180
2181,30,2,09,124
2181,30,2,11,57
2181,31,1,samt,198
2181,31,1,09,146
2181,31,1,11,53
2181,31,2,samt,195
2181,31,2,09,140
2181,31,2,11,55
2181,32,1,samt,248
2181,32,1,09,181
2181,32,1,11,61
2181,32,2,samt,223
2181,32,2,09,166
2181,32,2,11,54
2181,33,1,samt,268
2181,33,1,09,196
2181,33,1,11,74
2181,33,2,samt,249
2181,33,2,09,179
2181,33,2,11,71
2181,34,1,samt,258
2181,34,1,09,219
2181,34,1,11,40
2181,34,2,samt,283
2181,34,2,09,233
2181,34,2,11,49
2181,35,1,samt,271
2181,35,1,09,194
2181,35,1,11,71
2181,35,2,samt,258
2181,35,2,09,198
2181,35,2,11,61
2181,36,1,samt,272
2181,36,1,09,198
2181,36,1,11,77
2181,36,2,samt,257
2181,36,2,09,190
2181,36,2,11,68
2181,37,1,samt,261
2181,37,1,09,210
2181,37,1,11,51
2181,37,2,samt,255
2181,37,2,09,187
2181,37,2,11,67
2181,38,1,samt,261
2181,38,1,09,190
2181,38,1,11,70
2181,38,2,samt,224
2181,38,2,09,165
2181,38,2,11,56
2181,39,1,samt,223
2181,39,1,09,164
2181,39,1,11,59
2181,39,2,samt,248
2181,39,2,09,177
2181,39,2,11,68
2181,40,1,samt,241
2181,40,1,09,173
2181,40,1,11,70
2181,40,2,samt,221
2181,40,2,09,150
2181,40,2,11,70
2181,41,1,samt,256
2181,41,1,09,177
2181,41,1,11,77
2181,41,2,samt,208
2181,41,2,09,140
2181,41,2,11,71
2181,42,1,samt,224
2181,42,1,09,156
2181,42,1,11,69
2181,42,2,samt,195
2181,42,2,09,130
2181,42,2,11,69
2181,43,1,samt,233
2181,43,1,09,164
2181,43,1,11,67
2181,43,2,samt,197
2181,43,2,09,129
2181,43,2,11,72
2181,44,1,samt,211
2181,44,1,09,150
2181,44,1,11,61
2181,44,2,samt,198
2181,44,2,09,134
2181,44,2,11,62
2181,45,1,samt,205
2181,45,1,09,139
2181,45,1,11,67
2181,45,2,samt,203
2181,45,2,09,134
2181,45,2,11,65
2181,46,1,samt,216
2181,46,1,09,148
2181,46,1,11,68
2181,46,2,samt,221
2181,46,2,09,153
2181,46,2,11,65
2181,47,1,samt,191
2181,47,1,09,125
2181,47,1,11,64
2181,47,2,samt,196
2181,47,2,09,131
2181,47,2,11,66
2181,48,1,samt,231
2181,48,1,09,158
2181,48,1,11,73
2181,48,2,samt,186
2181,48,2,09,137
2181,48,2,11,51
2181,49,1,samt,242
2181,49,1,09,183
2181,49,1,11,52
2181,49,2,samt,212
2181,49,2,09,152
2181,49,2,11,56
2181,50,1,samt,260
2181,50,1,09,195
2181,50,1,11,67
2181,50,2,samt,222
2181,50,2,09,158
2181,50,2,11,63
2181,51,1,samt,249
2181,51,1,09,189
2181,51,1,11,57
2181,51,2,samt,240
2181,51,2,09,188
2181,51,2,11,52
2181,52,1,samt,239
2181,52,1,09,189
2181,52,1,11,52
2181,52,2,samt,239
2181,52,2,09,194
2181,52,2,11,43
2181,53,1,samt,253
2181,53,1,09,195
2181,53,1,11,54
2181,53,2,samt,253
2181,53,2,09,187
2181,53,2,11,65
2181,54,1,samt,252
2181,54,1,09,204
2181,54,1,11,49
2181,54,2,samt,232
2181,54,2,09,188
2181,54,2,11,44
2181,55,1,samt,259
2181,55,1,09,211
2181,55,1,11,52
2181,55,2,samt,217
2181,55,2,09,173
2181,55,2,11,44
2181,56,1,samt,309
2181,56,1,09,260
2181,56,1,11,52
2181,56,2,samt,267
2181,56,2,09,214
2181,56,2,11,53
2181,57,1,samt,318
2181,57,1,09,258
2181,57,1,11,55
2181,57,2,samt,256
2181,57,2,09,205
2181,57,2,11,54
2181,58,1,samt,291
2181,58,1,09,246
2181,58,1,11,46
2181,58,2,samt,275
2181,58,2,09,229
2181,58,2,11,48
2181,59,1,samt,277
2181,59,1,09,236
2181,59,1,11,44
2181,59,2,samt,255
2181,59,2,09,220
2181,59,2,11,36
2181,60,1,samt,305
2181,60,1,09,254
2181,60,1,11,51
2181,60,2,samt,272
2181,60,2,09,238
2181,60,2,11,32
2181,61,1,samt,265
2181,61,1,09,228
2181,61,1,11,36
2181,61,2,samt,250
2181,61,2,09,219
2181,61,2,11,30
2181,62,1,samt,267
2181,62,1,09,232
2181,62,1,11,31
2181,62,2,samt,219
2181,62,2,09,182
2181,62,2,11,38
2181,63,1,samt,231
2181,63,1,09,192
2181,63,1,11,37
2181,63,2,samt,235
2181,63,2,09,202
2181,63,2,11,34
2181,64,1,samt,241
2181,64,1,09,205
2181,64,1,11,30
2181,64,2,samt,223
2181,64,2,09,191
2181,64,2,11,31
2181,65,1,samt,222
2181,65,1,09,185
2181,65,1,11,38
2181,65,2,samt,232
2181,65,2,09,201
2181,65,2,11,33
2181,66,1,samt,250
2181,66,1,09,213
2181,66,1,11,38
2181,66,2,samt,210
2181,66,2,09,184
2181,66,2,11,28
2181,67,1,samt,238
2181,67,1,09,206
2181,67,1,11,34
2181,67,2,samt,208
2181,67,2,09,179
2181,67,2,11,31
2181,68,1,samt,204
2181,68,1,09,170
2181,68,1,11,32
2181,68,2,samt,225
2181,68,2,09,186
2181,68,2,11,38
2181,69,1,samt,223
2181,69,1,09,199
2181,69,1,11,22
2181,69,2,samt,200
2181,69,2,09,174
2181,69,2,11,25
2181,70,1,samt,229
2181,70,1,09,203
2181,70,1,11,26
2181,70,2,samt,203
2181,70,2,09,176
2181,70,2,11,23
2181,71,1,samt,202
2181,71,1,09,184
2181,71,1,11,15
2181,71,2,samt,239
2181,71,2,09,209
2181,71,2,11,29
2181,72,1,samt,240
2181,72,1,09,218
2181,72,1,11,22
2181,72,2,samt,232
2181,72,2,09,205
2181,72,2,11,25
2181,73,1,samt,187
2181,73,1,09,165
2181,73,1,11,20
2181,73,2,samt,206
2181,73,2,09,187
2181,73,2,11,15
2181,74,1,samt,200
2181,74,1,09,180
2181,74,1,11,17
2181,74,2,samt,205
2181,74,2,09,184
2181,74,2,11,20
2181,75,1,samt,200
2181,75,1,09,177
2181,75,1,11,22
2181,75,2,samt,205
2181,75,2,09,186
2181,75,2,11,18
2181,76,1,samt,216
2181,76,1,09,197
2181,76,1,11,16
2181,76,2,samt,228
2181,76,2,09,202
2181,76,2,11,22
2181,77,1,samt,195
2181,77,1,09,176
2181,77,1,11,18
2181,77,2,samt,241
2181,77,2,09,212
2181,77,2,11,28
2181,78,1,samt,232
2181,78,1,09,197
2181,78,1,11,34
2181,78,2,samt,215
2181,78,2,09,199
2181,78,2,11,18
2181,79,1,samt,213
2181,79,1,09,187
2181,79,1,11,23
2181,79,2,samt,217
2181,79,2,09,203
2181,79,2,11,16
2260,0,1,samt,32
2260,0,1,09,32
2260,0,1,11,0
2260,0,2,samt,27
2260,0,2,09,27
2260,0,2,11,0
2260,1,1,samt,26
2260,1,1,09,26
2260,1,1,11,0
2260,1,2,samt,27
2260,1,2,09,28
2260,1,2,11,0
2260,2,1,samt,34
2260,2,1,09,31
2260,2,1,11,0
2260,2,2,samt,36
2260,2,2,09,32
2260,2,2,11,0
2260,3,1,samt,42
2260,3,1,09,39
2260,3,1,11,4
2260,3,2,samt,35
2260,3,2,09,32
2260,3,2,11,3
2260,4,1,samt,44
2260,4,1,09,44
2260,4,1,11,0
2260,4,2,samt,47
2260,4,2,09,47
2260,4,2,11,0
2260,5,1,samt,39
2260,5,1,09,38
2260,5,1,11,3
2260,5,2,samt,40
2260,5,2,09,38
2260,5,2,11,3
2260,6,1,samt,56
2260,6,1,09,55
2260,6,1,11,0
2260,6,2,samt,48
2260,6,2,09,45
2260,6,2,11,3
2260,7,1,samt,35
2260,7,1,09,35
2260,7,1,11,0
2260,7,2,samt,62
2260,7,2,09,58
2260,7,2,11,3
2260,8,1,samt,42
2260,8,1,09,37
2260,8,1,11,0
2260,8,2,samt,35
2260,8,2,09,35
2260,8,2,11,3
2260,9,1,samt,46
2260,9,1,09,41
2260,9,1,11,4
2260,9,2,samt,34
2260,9,2,09,29
2260,9,2,11,0
2260,10,1,samt,46
2260,10,1,09,42
2260,10,1,11,3
2260,10,2,samt,53
2260,10,2,09,52
2260,10,2,11,3
2260,11,1,samt,50
2260,11,1,09,50
2260,11,1,11,3
2260,11,2,samt,43
2260,11,2,09,39
2260,11,2,11,3
2260,12,1,samt,46
2260,12,1,09,43
2260,12,1,11,3
2260,12,2,samt,40
2260,12,2,09,36
2260,12,2,11,0
2260,13,1,samt,36
2260,13,1,09,33
2260,13,1,11,4
2260,13,2,samt,55
2260,13,2,09,51
2260,13,2,11,4
2260,14,1,samt,44
2260,14,1,09,36
2260,14,1,11,10
2260,14,2,samt,42
2260,14,2,09,42
2260,14,2,11,3
2260,15,1,samt,45
2260,15,1,09,41
2260,15,1,11,6
2260,15,2,samt,49
2260,15,2,09,41
2260,15,2,11,9
2260,16,1,samt,46
2260,16,1,09,41
2260,16,1,11,5
2260,16,2,samt,33
2260,16,2,09,26
2260,16,2,11,10
2260,17,1,samt,49
2260,17,1,09,45
2260,17,1,11,4
2260,17,2,samt,31
2260,17,2,09,31
2260,17,2,11,3
2260,18,1,samt,68
2260,18,1,09,52
2260,18,1,11,10
2260,18,2,samt,56
2260,18,2,09,52
2260,18,2,11,3
2260,19,1,samt,55
2260,19,1,09,50
2260,19,1,11,8
2260,19,2,samt,39
2260,19,2,09,31
2260,19,2,11,7
2260,20,1,samt,46
2260,20,1,09,40
2260,20,1,11,4
2260,20,2,samt,43
2260,20,2,09,40
2260,20,2,11,0
2260,21,1,samt,50
2260,21,1,09,39
2260,21,1,11,5
2260,21,2,samt,35
2260,21,2,09,31
2260,21,2,11,7
2260,22,1,samt,41
2260,22,1,09,38
2260,22,1,11,4
2260,22,2,samt,33
2260,22,2,09,35
2260,22,2,11,0
2260,23,1,samt,45
2260,23,1,09,46
2260,23,1,11,0
2260,23,2,samt,29
2260,23,2,09,27
2260,23,2,11,3
2260,24,1,samt,34
2260,24,1,09,25
2260,24,1,11,4
2260,24,2,samt,33
2260,24,2,09,33
2260,24,2,11,0
2260,25,1,samt,34
2260,25,1,09,32
2260,25,1,11,4
2260,25,2,samt,29
2260,25,2,09,21
2260,25,2,11,7
2260,26,1,samt,32
2260,26,1,09,27
2260,26,1,11,5
2260,26,2,samt,34
2260,26,2,09,30
2260,26,2,11,7
2260,27,1,samt,35
2260,27,1,09,26
2260,27,1,11,12
2260,27,2,samt,27
2260,27,2,09,23
2260,27,2,11,6
2260,28,1,samt,36
2260,28,1,09,30
2260,28,1,11,0
2260,28,2,samt,31
2260,28,2,09,28
2260,28,2,11,3
2260,29,1,samt,45
2260,29,1,09,40
2260,29,1,11,10
2260,29,2,samt,33
2260,29,2,09,33
2260,29,2,11,0
2260,30,1,samt,52
2260,30,1,09,46
2260,30,1,11,8
2260,30,2,samt,37
2260,30,2,09,34
2260,30,2,11,3
2260,31,1,samt,66
2260,31,1,09,58
2260,31,1,11,11
2260,31,2,samt,38
2260,31,2,09,29
2260,31,2,11,5
2260,32,1,samt,62
2260,32,1,09,58
2260,32,1,11,3
2260,32,2,samt,62
2260,32,2,09,58
2260,32,2,11,4
2260,33,1,samt,66
2260,33,1,09,56
2260,33,1,11,9
2260,33,2,samt,45
2260,33,2,09,42
2260,33,2,11,3
2260,34,1,samt,63
2260,34,1,09,51
2260,34,1,11,11
2260,34,2,samt,62
2260,34,2,09,54
2260,34,2,11,11
2260,35,1,samt,68
2260,35,1,09,60
2260,35,1,11,12
2260,35,2,samt,68
2260,35,2,09,57
2260,35,2,11,12
2260,36,1,samt,49
2260,36,1,09,44
2260,36,1,11,5
2260,36,2,samt,52
2260,36,2,09,42
2260,36,2,11,11
2260,37,1,samt,56
2260,37,1,09,44
2260,37,1,11,11
2260,37,2,samt,40
2260,37,2,09,37
2260,37,2,11,4
2260,38,1,samt,51
2260,38,1,09,46
2260,38,1,11,10
2260,38,2,samt,54
2260,38,2,09,43
2260,38,2,11,11
2260,39,1,samt,63
2260,39,1,09,52
2260,39,1,11,13
2260,39,2,samt,46
2260,39,2,09,38
2260,39,2,11,10
2260,40,1,samt,58
2260,40,1,09,36
2260,40,1,11,18
2260,40,2,samt,39
2260,40,2,09,37
2260,40,2,11,0
2260,41,1,samt,53
2260,41,1,09,42
2260,41,1,11,15
2260,41,2,samt,32
2260,41,2,09,26
2260,41,2,11,8
2260,42,1,samt,40
2260,42,1,09,26
2260,42,1,11,12
2260,42,2,samt,35
2260,42,2,09,28
2260,42,2,11,4
2260,43,1,samt,43
2260,43,1,09,34
2260,43,1,11,10
2260,43,2,samt,36
2260,43,2,09,29
2260,43,2,11,8
2260,44,1,samt,48
2260,44,1,09,44
2260,44,1,11,9
2260,44,2,samt,46
2260,44,2,09,36
2260,44,2,11,10
2260,45,1,samt,49
2260,45,1,09,40
2260,45,1,11,8
2260,45,2,samt,45
2260,45,2,09,30
2260,45,2,11,13
2260,46,1,samt,44
2260,46,1,09,35
2260,46,1,11,7
2260,46,2,samt,45
2260,46,2,09,37
2260,46,2,11,6
2260,47,1,samt,35
2260,47,1,09,28
2260,47,1,11,8
2260,47,2,samt,45
2260,47,2,09,36
2260,47,2,11,5
2260,48,1,samt,45
2260,48,1,09,41
2260,48,1,11,8
2260,48,2,samt,45
2260,48,2,09,35
2260,48,2,11,12
2260,49,1,samt,52
2260,49,1,09,44
2260,49,1,11,5
2260,49,2,samt,55
2260,49,2,09,47
2260,49,2,11,10
2260,50,1,samt,53
2260,50,1,09,49
2260,50,1,11,5
2260,50,2,samt,50
2260,50,2,09,46
2260,50,2,11,4
2260,51,1,samt,43
2260,51,1,09,39
2260,51,1,11,6
2260,51,2,samt,59
2260,51,2,09,54
2260,51,2,11,9
2260,52,1,samt,45
2260,52,1,09,43
2260,52,1,11,6
2260,52,2,samt,50
2260,52,2,09,43
2260,52,2,11,4
2260,53,1,samt,66
2260,53,1,09,58
2260,53,1,11,12
2260,53,2,samt,45
2260,53,2,09,42
2260,53,2,11,5
2260,54,1,samt,69
2260,54,1,09,61
2260,54,1,11,5
2260,54,2,samt,41
2260,54,2,09,34
2260,54,2,11,8
2260,55,1,samt,42
2260,55,1,09,39
2260,55,1,11,3
2260,55,2,samt,63
2260,55,2,09,59
2260,55,2,11,5
2260,56,1,samt,50
2260,56,1,09,41
2260,56,1,11,7
2260,56,2,samt,64
2260,56,2,09,52
2260,56,2,11,11
2260,57,1,samt,75
2260,57,1,09,71
2260,57,1,11,3
2260,57,2,samt,64
2260,57,2,09,64
2260,57,2,11,6
2260,58,1,samt,78
2260,58,1,09,73
2260,58,1,11,3
2260,58,2,samt,82
2260,58,2,09,77
2260,58,2,11,6
2260,59,1,samt,77
2260,59,1,09,75
2260,59,1,11,0
2260,59,2,samt,67
2260,59,2,09,63
2260,59,2,11,3
2260,60,1,samt,87
2260,60,1,09,82
2260,60,1,11,8
2260,60,2,samt,65
2260,60,2,09,57
2260,60,2,11,4
2260,61,1,samt,69
2260,61,1,09,64
2260,61,1,11,5
2260,61,2,samt,66
2260,61,2,09,62
2260,61,2,11,5
2260,62,1,samt,62
2260,62,1,09,59
2260,62,1,11,4
2260,62,2,samt,70
2260,62,2,09,63
2260,62,2,11,3
2260,63,1,samt,58
2260,63,1,09,55
2260,63,1,11,4
2260,63,2,samt,80
2260,63,2,09,68
2260,63,2,11,9
2260,64,1,samt,78
2260,64,1,09,74
2260,64,1,11,7
2260,64,2,samt,59
2260,64,2,09,48
2260,64,2,11,11
2260,65,1,samt,80
2260,65,1,09,75
2260,65,1,11,4
2260,65,2,samt,57
2260,65,2,09,57
2260,65,2,11,3
2260,66,1,samt,85
2260,66,1,09,77
2260,66,1,11,4
2260,66,2,samt,77
2260,66,2,09,74
2260,66,2,11,4
2260,67,1,samt,66
2260,67,1,09,60
2260,67,1,11,7
2260,67,2,samt,67
2260,67,2,09,64
2260,67,2,11,3
2260,68,1,samt,81
2260,68,1,09,78
2260,68,1,11,7
2260,68,2,samt,72
2260,68,2,09,69
2260,68,2,11,3
2260,69,1,samt,82
2260,69,1,09,78
2260,69,1,11,6
2260,69,2,samt,73
2260,69,2,09,68
2260,69,2,11,6
2260,70,1,samt,63
2260,70,1,09,64
2260,70,1,11,0
2260,70,2,samt,60
2260,70,2,09,57
2260,70,2,11,3
2260,71,1,samt,68
2260,71,1,09,68
2260,71,1,11,5
2260,71,2,samt,56
2260,71,2,09,53
2260,71,2,11,3
2260,72,1,samt,64
2260,72,1,09,63
2260,72,1,11,3
2260,72,2,samt,68
2260,72,2,09,61
2260,72,2,11,3
2260,73,1,samt,67
2260,73,1,09,62
2260,73,1,11,4
2260,73,2,samt,57
2260,73,2,09,57
2260,73,2,11,0
2260,74,1,samt,73
2260,74,1,09,66
2260,74,1,11,6
2260,74,2,samt,55
2260,74,2,09,52
2260,74,2,11,3
2260,75,1,samt,55
2260,75,1,09,52
2260,75,1,11,3
2260,75,2,samt,65
2260,75,2,09,61
2260,75,2,11,3
2260,76,1,samt,63
2260,76,1,09,64
2260,76,1,11,3
2260,76,2,samt,48
2260,76,2,09,43
2260,76,2,11,3
2260,77,1,samt,68
2260,77,1,09,63
2260,77,1,11,0
2260,77,2,samt,61
2260,77,2,09,60
2260,77,2,11,3
2260,78,1,samt,48
2260,78,1,09,46
2260,78,1,11,0
2260,78,2,samt,64
2260,78,2,09,60
2260,78,2,11,5
2260,79,1,samt,72
2260,79,1,09,66
2260,79,1,11,3
2260,79,2,samt,36
2260,79,2,09,34
2260,79,2,11,3
2262,0,1,samt,66
2262,0,1,09,66
2262,0,1,11,0
2262,0,2,samt,85
2262,0,2,09,85
2262,0,2,11,0
2262,1,1,samt,64
2262,1,1,09,64
2262,1,1,11,0
2262,1,2,samt,78
2262,1,2,09,78
2262,1,2,11,0
2262,2,1,samt,63
2262,2,1,09,64
2262,2,1,11,3
2262,2,2,samt,74
2262,2,2,09,74
2262,2,2,11,0
2262,3,1,samt,67
2262,3,1,09,65
2262,3,1,11,0
2262,3,2,samt,83
2262,3,2,09,82
2262,3,2,11,0
2262,4,1,samt,93
2262,4,1,09,93
2262,4,1,11,3
2262,4,2,samt,77
2262,4,2,09,70
2262,4,2,11,4
2262,5,1,samt,101
2262,5,1,09,101
2262,5,1,11,3
2262,5,2,samt,65
2262,5,2,09,66
2262,5,2,11,0
2262,6,1,samt,106
2262,6,1,09,98
2262,6,1,11,3
2262,6,2,samt,88
2262,6,2,09,87
2262,6,2,11,3
2262,7,1,samt,97
2262,7,1,09,97
2262,7,1,11,4
2262,7,2,samt,102
2262,7,2,09,98
2262,7,2,11,3
2262,8,1,samt,94
2262,8,1,09,94
2262,8,1,11,3
2262,8,2,samt,86
2262,8,2,09,79
2262,8,2,11,5
2262,9,1,samt,103
2262,9,1,09,98
2262,9,1,11,0
2262,9,2,samt,93
2262,9,2,09,95
2262,9,2,11,0
2262,10,1,samt,95
2262,10,1,09,92
2262,10,1,11,3
2262,10,2,samt,86
2262,10,2,09,84
2262,10,2,11,4
2262,11,1,samt,102
2262,11,1,09,102
2262,11,1,11,3
2262,11,2,samt,98
2262,11,2,09,95
2262,11,2,11,0
2262,12,1,samt,106
2262,12,1,09,97
2262,12,1,11,7
2262,12,2,samt,83
2262,12,2,09,82
2262,12,2,11,4
2262,13,1,samt,109
2262,13,1,09,107
2262,13,1,11,4
2262,13,2,samt,97
2262,13,2,09,87
2262,13,2,11,9
2262,14,1,samt,115
2262,14,1,09,111
2262,14,1,11,5
2262,14,2,samt,100
2262,14,2,09,96
2262,14,2,11,4
2262,15,1,samt,107
2262,15,1,09,99
2262,15,1,11,7
2262,15,2,samt,101
2262,15,2,09,95
2262,15,2,11,4
2262,16,1,samt,100
2262,16,1,09,89
2262,16,1,11,11
2262,16,2,samt,96
2262,16,2,09,86
2262,16,2,11,11
2262,17,1,samt,116
2262,17,1,09,100
2262,17,1,11,13
2262,17,2,samt,105
2262,17,2,09,93
2262,17,2,11,10
2262,18,1,samt,113
2262,18,1,09,96
2262,18,1,11,15
2262,18,2,samt,103
2262,18,2,09,90
2262,18,2,11,10
2262,19,1,samt,122
2262,19,1,09,113
2262,19,1,11,7
2262,19,2,samt,89
2262,19,2,09,83
2262,19,2,11,5
2262,20,1,samt,82
2262,20,1,09,74
2262,20,1,11,10
2262,20,2,samt,72
2262,20,2,09,59
2262,20,2,11,10
2262,21,1,samt,77
2262,21,1,09,65
2262,21,1,11,10
2262,21,2,samt,71
2262,21,2,09,63
2262,21,2,11,5
2262,22,1,samt,90
2262,22,1,09,77
2262,22,1,11,12
2262,22,2,samt,74
2262,22,2,09,66
2262,22,2,11,8
2262,23,1,samt,89
2262,23,1,09,80
2262,23,1,11,7
2262,23,2,samt,72
2262,23,2,09,60
2262,23,2,11,14
2262,24,1,samt,74
2262,24,1,09,60
2262,24,1,11,13
2262,24,2,samt,68
2262,24,2,09,52
2262,24,2,11,14
2262,25,1,samt,92
2262,25,1,09,80
2262,25,1,11,15
2262,25,2,samt,73
2262,25,2,09,61
2262,25,2,11,9
2262,26,1,samt,88
2262,26,1,09,69
2262,26,1,11,24
2262,26,2,samt,61
2262,26,2,09,46
2262,26,2,11,11
2262,27,1,samt,89
2262,27,1,09,72
2262,27,1,11,17
2262,27,2,samt,91
2262,27,2,09,74
2262,27,2,11,16
2262,28,1,samt,88
2262,28,1,09,76
2262,28,1,11,13
2262,28,2,samt,99
2262,28,2,09,80
2262,28,2,11,16
2262,29,1,samt,97
2262,29,1,09,80
2262,29,1,11,17
2262,29,2,samt,64
2262,29,2,09,49
2262,29,2,11,12
2262,30,1,samt,91
2262,30,1,09,83
2262,30,1,11,7
2262,30,2,samt,83
2262,30,2,09,69
2262,30,2,11,15
2262,31,1,samt,96
2262,31,1,09,81
2262,31,1,11,16
2262,31,2,samt,113
2262,31,2,09,98
2262,31,2,11,15
2262,32,1,samt,120
2262,32,1,09,101
2262,32,1,11,15
2262,32,2,samt,109
2262,32,2,09,95
2262,32,2,11,13
2262,33,1,samt,121
2262,33,1,09,105
2262,33,1,11,16
2262,33,2,samt,109
2262,33,2,09,89
2262,33,2,11,17
2262,34,1,samt,132
2262,34,1,09,116
2262,34,1,11,15
2262,34,2,samt,110
2262,34,2,09,94
2262,34,2,11,14
2262,35,1,samt,118
2262,35,1,09,100
2262,35,1,11,20
2262,35,2,samt,122
2262,35,2,09,99
2262,35,2,11,21
2262,36,1,samt,113
2262,36,1,09,99
2262,36,1,11,11
2262,36,2,samt,91
2262,36,2,09,80
2262,36,2,11,10
2262,37,1,samt,132
2262,37,1,09,113
2262,37,1,11,17
2262,37,2,samt,106
2262,37,2,09,88
2262,37,2,11,18
2262,38,1,samt,118
2262,38,1,09,96
2262,38,1,11,25
2262,38,2,samt,104
2262,38,2,09,93
2262,38,2,11,8
2262,39,1,samt,83
2262,39,1,09,63
2262,39,1,11,18
2262,39,2,samt,97
2262,39,2,09,82
2262,39,2,11,19
2262,40,1,samt,93
2262,40,1,09,81
2262,40,1,11,8
2262,40,2,samt,78
2262,40,2,09,58
2262,40,2,11,19
2262,41,1,samt,90
2262,41,1,09,73
2262,41,1,11,16
2262,41,2,samt,105
2262,41,2,09,77
2262,41,2,11,26
2262,42,1,samt,103
2262,42,1,09,80
2262,42,1,11,17
2262,42,2,samt,92
2262,42,2,09,77
2262,42,2,11,15
2262,43,1,samt,102
2262,43,1,09,84
2262,43,1,11,18
2262,43,2,samt,87
2262,43,2,09,69
2262,43,2,11,20
2262,44,1,samt,93
2262,44,1,09,73
2262,44,1,11,19
2262,44,2,samt,99
2262,44,2,09,80
2262,44,2,11,17
2262,45,1,samt,112
2262,45,1,09,97
2262,45,1,11,14
2262,45,2,samt,101
2262,45,2,09,83
2262,45,2,11,19
2262,46,1,samt,104
2262,46,1,09,86
2262,46,1,11,17
2262,46,2,samt,115
2262,46,2,09,93
2262,46,2,11,25
2262,47,1,samt,107
2262,47,1,09,88
2262,47,1,11,22
2262,47,2,samt,103
2262,47,2,09,80
2262,47,2,11,22
2262,48,1,samt,108
2262,48,1,09,96
2262,48,1,11,13
2262,48,2,samt,111
2262,48,2,09,94
2262,48,2,11,15
2262,49,1,samt,107
2262,49,1,09,92
2262,49,1,11,15
2262,49,2,samt,99
2262,49,2,09,80
2262,49,2,11,15
2262,50,1,samt,114
2262,50,1,09,109
2262,50,1,11,11
2262,50,2,samt,104
2262,50,2,09,89
2262,50,2,11,17
2262,51,1,samt,112
2262,51,1,09,102
2262,51,1,11,12
2262,51,2,samt,113
2262,51,2,09,91
2262,51,2,11,22
2262,52,1,samt,117
2262,52,1,09,105
2262,52,1,11,10
2262,52,2,samt,123
2262,52,2,09,113
2262,52,2,11,14
2262,53,1,samt,115
2262,53,1,09,106
2262,53,1,11,11
2262,53,2,samt,136
2262,53,2,09,115
2262,53,2,11,17
2262,54,1,samt,124
2262,54,1,09,106
2262,54,1,11,18
2262,54,2,samt,117
2262,54,2,09,104
2262,54,2,11,12
2262,55,1,samt,114
2262,55,1,09,109
2262,55,1,11,6
2262,55,2,samt,117
2262,55,2,09,97
2262,55,2,11,16
2262,56,1,samt,137
2262,56,1,09,122
2262,56,1,11,18
2262,56,2,samt,130
2262,56,2,09,114
2262,56,2,11,15
2262,57,1,samt,139
2262,57,1,09,131
2262,57,1,11,7
2262,57,2,samt,121
2262,57,2,09,104
2262,57,2,11,16
2262,58,1,samt,156
2262,58,1,09,145
2262,58,1,11,10
2262,58,2,samt,139
2262,58,2,09,124
2262,58,2,11,16
2262,59,1,samt,134
2262,59,1,09,119
2262,59,1,11,17
2262,59,2,samt,117
2262,59,2,09,111
2262,59,2,11,9
2262,60,1,samt,140
2262,60,1,09,126
2262,60,1,11,13
2262,60,2,samt,130
2262,60,2,09,124
2262,60,2,11,10
2262,61,1,samt,120
2262,61,1,09,112
2262,61,1,11,6
2262,61,2,samt,133
2262,61,2,09,114
2262,61,2,11,18
2262,62,1,samt,136
2262,62,1,09,121
2262,62,1,11,13
2262,62,2,samt,91
2262,62,2,09,82
2262,62,2,11,11
2262,63,1,samt,101
2262,63,1,09,95
2262,63,1,11,8
2262,63,2,samt,106
2262,63,2,09,95
2262,63,2,11,12
2262,64,1,samt,111
2262,64,1,09,104
2262,64,1,11,9
2262,64,2,samt,114
2262,64,2,09,104
2262,64,2,11,8
2262,65,1,samt,99
2262,65,1,09,88
2262,65,1,11,8
2262,65,2,samt,108
2262,65,2,09,93
2262,65,2,11,14
2262,66,1,samt,103
2262,66,1,09,100
2262,66,1,11,4
2262,66,2,samt,91
2262,66,2,09,83
2262,66,2,11,4
2262,67,1,samt,111
2262,67,1,09,106
2262,67,1,11,6
2262,67,2,samt,89
2262,67,2,09,84
2262,67,2,11,9
2262,68,1,samt,114
2262,68,1,09,102
2262,68,1,11,12
2262,68,2,samt,115
2262,68,2,09,109
2262,68,2,11,5
2262,69,1,samt,98
2262,69,1,09,87
2262,69,1,11,7
2262,69,2,samt,99
2262,69,2,09,92
2262,69,2,11,8
2262,70,1,samt,102
2262,70,1,09,102
2262,70,1,11,3
2262,70,2,samt,96
2262,70,2,09,84
2262,70,2,11,10
2262,71,1,samt,103
2262,71,1,09,96
2262,71,1,11,6
2262,71,2,samt,95
2262,71,2,09,83
2262,71,2,11,8
2262,72,1,samt,93
2262,72,1,09,90
2262,72,1,11,3
2262,72,2,samt,93
2262,72,2,09,81
2262,72,2,11,10
2262,73,1,samt,78
2262,73,1,09,73
2262,73,1,11,7
2262,73,2,samt,94
2262,73,2,09,90
2262,73,2,11,5
2262,74,1,samt,93
2262,74,1,09,94
2262,74,1,11,3
2262,74,2,samt,94
2262,74,2,09,86
2262,74,2,11,8
2262,75,1,samt,92
2262,75,1,09,86
2262,75,1,11,6
2262,75,2,samt,96
2262,75,2,09,87
2262,75,2,11,7
2262,76,1,samt,118
2262,76,1,09,111
2262,76,1,11,8
2262,76,2,samt,109
2262,76,2,09,99
2262,76,2,11,8
2262,77,1,samt,101
2262,77,1,09,95
2262,77,1,11,6
2262,77,2,samt,95
2262,77,2,09,83
2262,77,2,11,12
2262,78,1,samt,92
2262,78,1,09,88
2262,78,1,11,3
2262,78,2,samt,111
2262,78,2,09,105
2262,78,2,11,8
2262,79,1,samt,103
2262,79,1,09,98
2262,79,1,11,8
2262,79,2,samt,130
2262,79,2,09,115
2262,79,2,11,13
2280,0,1,samt,87
2280,0,1,09,87
2280,0,1,11,0
2280,0,2,samt,79
2280,0,2,09,74
2280,0,2,11,3
2280,1,1,samt,112
2280,1,1,09,112
2280,1,1,11,0
2280,1,2,samt,92
2280,1,2,09,91
2280,1,2,11,0
2280,2,1,samt,119
2280,2,1,09,113
2280,2,1,11,3
2280,2,2,samt,86
2280,2,2,09,86
2280,2,2,11,0
2280,3,1,samt,119
2280,3,1,09,119
2280,3,1,11,0
2280,3,2,samt,120
2280,3,2,09,118
2280,3,2,11,3
2280,4,1,samt,133
2280,4,1,09,130
2280,4,1,11,4
2280,4,2,samt,118
2280,4,2,09,111
2280,4,2,11,6
2280,5,1,samt,137
2280,5,1,09,133
2280,5,1,11,3
2280,5,2,samt,129
2280,5,2,09,124
2280,5,2,11,8
2280,6,1,samt,127
2280,6,1,09,120
2280,6,1,11,4
2280,6,2,samt,136
2280,6,2,09,131
2280,6,2,11,5
2280,7,1,samt,132
2280,7,1,09,132
2280,7,1,11,3
2280,7,2,samt,107
2280,7,2,09,104
2280,7,2,11,7
2280,8,1,samt,138
2280,8,1,09,131
2280,8,1,11,8
2280,8,2,samt,137
2280,8,2,09,126
2280,8,2,11,9
2280,9,1,samt,116
2280,9,1,09,106
2280,9,1,11,11
2280,9,2,samt,134
2280,9,2,09,123
2280,9,2,11,12
2280,10,1,samt,142
2280,10,1,09,126
2280,10,1,11,16
2280,10,2,samt,146
2280,10,2,09,125
2280,10,2,11,20
2280,11,1,samt,141
2280,11,1,09,116
2280,11,1,11,23
2280,11,2,samt,115
2280,11,2,09,105
2280,11,2,11,13
2280,12,1,samt,137
2280,12,1,09,118
2280,12,1,11,17
2280,12,2,samt,133
2280,12,2,09,104
2280,12,2,11,27
2280,13,1,samt,136
2280,13,1,09,107
2280,13,1,11,27
2280,13,2,samt,137
2280,13,2,09,121
2280,13,2,11,20
2280,14,1,samt,147
2280,14,1,09,108
2280,14,1,11,38
2280,14,2,samt,150
2280,14,2,09,126
2280,14,2,11,23
2280,15,1,samt,170
2280,15,1,09,137
2280,15,1,11,35
2280,15,2,samt,150
2280,15,2,09,122
2280,15,2,11,23
2280,16,1,samt,160
2280,16,1,09,119
2280,16,1,11,41
2280,16,2,samt,155
2280,16,2,09,118
2280,16,2,11,34
2280,17,1,samt,143
2280,17,1,09,106
2280,17,1,11,37
2280,17,2,samt,156
2280,17,2,09,131
2280,17,2,11,26
2280,18,1,samt,148
2280,18,1,09,113
2280,18,1,11,34
2280,18,2,samt,157
2280,18,2,09,128
2280,18,2,11,28
2280,19,1,samt,124
2280,19,1,09,100
2280,19,1,11,23
2280,19,2,samt,131
2280,19,2,09,108
2280,19,2,11,21
2280,20,1,samt,134
2280,20,1,09,104
2280,20,1,11,30
2280,20,2,samt,115
2280,20,2,09,91
2280,20,2,11,26
2280,21,1,samt,121
2280,21,1,09,101
2280,21,1,11,24
2280,21,2,samt,97
2280,21,2,09,79
2280,21,2,11,17
2280,22,1,samt,113
2280,22,1,09,86
2280,22,1,11,29
2280,22,2,samt,87
2280,22,2,09,66
2280,22,2,11,22
2280,23,1,samt,91
2280,23,1,09,76
2280,23,1,11,15
2280,23,2,samt,84
2280,23,2,09,72
2280,23,2,11,15
2280,24,1,samt,97
2280,24,1,09,77
2280,24,1,11,22
2280,24,2,samt,65
2280,24,2,09,51
2280,24,2,11,14
2280,25,1,samt,106
2280,25,1,09,84
2280,25,1,11,23
2280,25,2,samt,99
2280,25,2,09,74
2280,25,2,11,27
2280,26,1,samt,128
2280,26,1,09,83
2280,26,1,11,46
2280,26,2,samt,99
2280,26,2,09,63
2280,26,2,11,36
2280,27,1,samt,94
2280,27,1,09,61
2280,27,1,11,32
2280,27,2,samt,89
2280,27,2,09,73
2280,27,2,11,18
2280,28,1,samt,124
2280,28,1,09,89
2280,28,1,11,37
2280,28,2,samt,108
2280,28,2,09,77
2280,28,2,11,29
2280,29,1,samt,124
2280,29,1,09,95
2280,29,1,11,27
2280,29,2,samt,113
2280,29,2,09,89
2280,29,2,11,18
2280,30,1,samt,118
2280,30,1,09,90
2280,30,1,11,28
2280,30,2,samt,110
2280,30,2,09,94
2280,30,2,11,18
2280,31,1,samt,134
2280,31,1,09,117
2280,31,1,11,16
2280,31,2,samt,130
2280,31,2,09,92
2280,31,2,11,31
2280,32,1,samt,140
2280,32,1,09,108
2280,32,1,11,26
2280,32,2,samt,142
2280,32,2,09,109
2280,32,2,11,33
2280,33,1,samt,161
2280,33,1,09,125
2280,33,1,11,35
2280,33,2,samt,149
2280,33,2,09,106
2280,33,2,11,42
2280,34,1,samt,177
2280,34,1,09,136
2280,34,1,11,40
2280,34,2,samt,136
2280,34,2,09,104
2280,34,2,11,35
2280,35,1,samt,165
2280,35,1,09,129
2280,35,1,11,33
2280,35,2,samt,164
2280,35,2,09,134
2280,35,2,11,31
2280,36,1,samt,171
2280,36,1,09,141
2280,36,1,11,30
2280,36,2,samt,146
2280,36,2,09,114
2280,36,2,11,33
2280,37,1,samt,148
2280,37,1,09,113
2280,37,1,11,37
2280,37,2,samt,168
2280,37,2,09,132
2280,37,2,11,37
2280,38,1,samt,157
2280,38,1,09,115
2280,38,1,11,43
2280,38,2,samt,153
2280,38,2,09,117
2280,38,2,11,32
2280,39,1,samt,170
2280,39,1,09,119
2280,39,1,11,47
2280,39,2,samt,155
2280,39,2,09,116
2280,39,2,11,40
2280,40,1,samt,163
2280,40,1,09,134
2280,40,1,11,30
2280,40,2,samt,135
2280,40,2,09,94
2280,40,2,11,37
2280,41,1,samt,147
2280,41,1,09,105
2280,41,1,11,42
2280,41,2,samt,141
2280,41,2,09,104
2280,41,2,11,37
2280,42,1,samt,144
2280,42,1,09,107
2280,42,1,11,36
2280,42,2,samt,144
2280,42,2,09,107
2280,42,2,11,38
2280,43,1,samt,134
2280,43,1,09,106
2280,43,1,11,28
2280,43,2,samt,108
2280,43,2,09,81
2280,43,2,11,30
2280,44,1,samt,136
2280,44,1,09,104
2280,44,1,11,30
2280,44,2,samt,140
2280,44,2,09,102
2280,44,2,11,38
2280,45,1,samt,143
2280,45,1,09,98
2280,45,1,11,45
2280,45,2,samt,160
2280,45,2,09,129
2280,45,2,11,35
2280,46,1,samt,136
2280,46,1,09,101
2280,46,1,11,33
2280,46,2,samt,141
2280,46,2,09,108
2280,46,2,11,33
2280,47,1,samt,130
2280,47,1,09,101
2280,47,1,11,31
2280,47,2,samt,137
2280,47,2,09,98
2280,47,2,11,41
2280,48,1,samt,139
2280,48,1,09,108
2280,48,1,11,32
2280,48,2,samt,114
2280,48,2,09,90
2280,48,2,11,21
2280,49,1,samt,129
2280,49,1,09,104
2280,49,1,11,24
2280,49,2,samt,134
2280,49,2,09,106
2280,49,2,11,30
2280,50,1,samt,156
2280,50,1,09,131
2280,50,1,11,24
2280,50,2,samt,139
2280,50,2,09,114
2280,50,2,11,21
2280,51,1,samt,132
2280,51,1,09,126
2280,51,1,11,11
2280,51,2,samt,152
2280,51,2,09,122
2280,51,2,11,31
2280,52,1,samt,146
2280,52,1,09,125
2280,52,1,11,23
2280,52,2,samt,147
2280,52,2,09,116
2280,52,2,11,31
2280,53,1,samt,138
2280,53,1,09,114
2280,53,1,11,23
2280,53,2,samt,157
2280,53,2,09,133
2280,53,2,11,25
2280,54,1,samt,149
2280,54,1,09,133
2280,54,1,11,19
2280,54,2,samt,144
2280,54,2,09,122
2280,54,2,11,27
2280,55,1,samt,132
2280,55,1,09,111
2280,55,1,11,20
2280,55,2,samt,158
2280,55,2,09,137
2280,55,2,11,22
2280,56,1,samt,160
2280,56,1,09,134
2280,56,1,11,25
2280,56,2,samt,133
2280,56,2,09,115
2280,56,2,11,16
2280,57,1,samt,138
2280,57,1,09,118
2280,57,1,11,21
2280,57,2,samt,135
2280,57,2,09,109
2280,57,2,11,29
2280,58,1,samt,164
2280,58,1,09,149
2280,58,1,11,16
2280,58,2,samt,169
2280,58,2,09,141
2280,58,2,11,29
2280,59,1,samt,157
2280,59,1,09,139
2280,59,1,11,20
2280,59,2,samt,162
2280,59,2,09,139
2280,59,2,11,22
2280,60,1,samt,202
2280,60,1,09,173
2280,60,1,11,28
2280,60,2,samt,168
2280,60,2,09,149
2280,60,2,11,17
2280,61,1,samt,176
2280,61,1,09,153
2280,61,1,11,23
2280,61,2,samt,167
2280,61,2,09,146
2280,61,2,11,21
2280,62,1,samt,159
2280,62,1,09,139
2280,62,1,11,19
2280,62,2,samt,146
2280,62,2,09,127
2280,62,2,11,21
2280,63,1,samt,129
2280,63,1,09,109
2280,63,1,11,20
2280,63,2,samt,145
2280,63,2,09,125
2280,63,2,11,22
2280,64,1,samt,135
2280,64,1,09,122
2280,64,1,11,11
2280,64,2,samt,136
2280,64,2,09,110
2280,64,2,11,26
2280,65,1,samt,118
2280,65,1,09,99
2280,65,1,11,19
2280,65,2,samt,148
2280,65,2,09,126
2280,65,2,11,21
2280,66,1,samt,148
2280,66,1,09,130
2280,66,1,11,16
2280,66,2,samt,136
2280,66,2,09,124
2280,66,2,11,12
2280,67,1,samt,171
2280,67,1,09,159
2280,67,1,11,15
2280,67,2,samt,171
2280,67,2,09,157
2280,67,2,11,16
2280,68,1,samt,155
2280,68,1,09,137
2280,68,1,11,17
2280,68,2,samt,177
2280,68,2,09,160
2280,68,2,11,14
2280,69,1,samt,141
2280,69,1,09,128
2280,69,1,11,14
2280,69,2,samt,136
2280,69,2,09,119
2280,69,2,11,16
2280,70,1,samt,123
2280,70,1,09,115
2280,70,1,11,7
2280,70,2,samt,153
2280,70,2,09,141
2280,70,2,11,15
2280,71,1,samt,163
2280,71,1,09,150
2280,71,1,11,13
2280,71,2,samt,152
2280,71,2,09,142
2280,71,2,11,8
2280,72,1,samt,131
2280,72,1,09,130
2280,72,1,11,6
2280,72,2,samt,157
2280,72,2,09,151
2280,72,2,11,5
2280,73,1,samt,158
2280,73,1,09,141
2280,73,1,11,14
2280,73,2,samt,174
2280,73,2,09,167
2280,73,2,11,8
2280,74,1,samt,126
2280,74,1,09,124
2280,74,1,11,6
2280,74,2,samt,160
2280,74,2,09,155
2280,74,2,11,5
2280,75,1,samt,131
2280,75,1,09,127
2280,75,1,11,7
2280,75,2,samt,142
2280,75,2,09,132
2280,75,2,11,8
2280,76,1,samt,194
2280,76,1,09,188
2280,76,1,11,7
2280,76,2,samt,163
2280,76,2,09,150
2280,76,2,11,11
2280,77,1,samt,164
2280,77,1,09,159
2280,77,1,11,6
2280,77,2,samt,169
2280,77,2,09,163
2280,77,2,11,8
2280,78,1,samt,141
2280,78,1,09,129
2280,78,1,11,12
2280,78,2,samt,169
2280,78,2,09,167
2280,78,2,11,5
2280,79,1,samt,175
2280,79,1,09,170
2280,79,1,11,5
2280,79,2,samt,181
2280,79,2,09,171
2280,79,2,11,12
2281,0,1,samt,394
2281,0,1,09,392
2281,0,1,11,3
2281,0,2,samt,381
2281,0,2,09,381
2281,0,2,11,0
2281,1,1,samt,418
2281,1,1,09,413
2281,1,1,11,3
2281,1,2,samt,396
2281,1,2,09,388
2281,1,2,11,9
2281,2,1,samt,445
2281,2,1,09,443
2281,2,1,11,3
2281,2,2,samt,419
2281,2,2,09,412
2281,2,2,11,8
2281,3,1,samt,472
2281,3,1,09,467
2281,3,1,11,4
2281,3,2,samt,407
2281,3,2,09,405
2281,3,2,11,5
2281,4,1,samt,520
2281,4,1,09,504
2281,4,1,11,13
2281,4,2,samt,482
2281,4,2,09,467
2281,4,2,11,14
2281,5,1,samt,542
2281,5,1,09,521
2281,5,1,11,22
2281,5,2,samt,483
2281,5,2,09,475
2281,5,2,11,8
2281,6,1,samt,535
2281,6,1,09,525
2281,6,1,11,11
2281,6,2,samt,517
2281,6,2,09,507
2281,6,2,11,11
2281,7,1,samt,602
2281,7,1,09,581
2281,7,1,11,19
2281,7,2,samt,541
2281,7,2,09,518
2281,7,2,11,20
2281,8,1,samt,554
2281,8,1,09,534
2281,8,1,11,20
2281,8,2,samt,517
2281,8,2,09,495
2281,8,2,11,21
2281,9,1,samt,597
2281,9,1,09,575
2281,9,1,11,26
2281,9,2,samt,572
2281,9,2,09,548
2281,9,2,11,29
2281,10,1,samt,604
2281,10,1,09,576
2281,10,1,11,28
2281,10,2,samt,508
2281,10,2,09,486
2281,10,2,11,22
2281,11,1,samt,533
2281,11,1,09,501
2281,11,1,11,35
2281,11,2,samt,515
2281,11,2,09,478
2281,11,2,11,41
2281,12,1,samt,541
2281,12,1,09,501
2281,12,1,11,41
2281,12,2,samt,539
2281,12,2,09,512
2281,12,2,11,36
2281,13,1,samt,576
2281,13,1,09,529
2281,13,1,11,44
2281,13,2,samt,509
2281,13,2,09,464
2281,13,2,11,37
2281,14,1,samt,588
2281,14,1,09,534
2281,14,1,11,55
2281,14,2,samt,559
2281,14,2,09,527
2281,14,2,11,33
2281,15,1,samt,576
2281,15,1,09,528
2281,15,1,11,45
2281,15,2,samt,617
2281,15,2,09,563
2281,15,2,11,55
2281,16,1,samt,635
2281,16,1,09,584
2281,16,1,11,54
2281,16,2,samt,601
2281,16,2,09,555
2281,16,2,11,45
2281,17,1,samt,651
2281,17,1,09,574
2281,17,1,11,76
2281,17,2,samt,598
2281,17,2,09,523
2281,17,2,11,78
2281,18,1,samt,611
2281,18,1,09,544
2281,18,1,11,65
2281,18,2,samt,590
2281,18,2,09,531
2281,18,2,11,56
2281,19,1,samt,614
2281,19,1,09,537
2281,19,1,11,78
2281,19,2,samt,622
2281,19,2,09,567
2281,19,2,11,58
2281,20,1,samt,621
2281,20,1,09,530
2281,20,1,11,92
2281,20,2,samt,582
2281,20,2,09,512
2281,20,2,11,70
2281,21,1,samt,584
2281,21,1,09,488
2281,21,1,11,97
2281,21,2,samt,550
2281,21,2,09,477
2281,21,2,11,72
2281,22,1,samt,556
2281,22,1,09,466
2281,22,1,11,89
2281,22,2,samt,529
2281,22,2,09,450
2281,22,2,11,77
2281,23,1,samt,566
2281,23,1,09,467
2281,23,1,11,100
2281,23,2,samt,518
2281,23,2,09,404
2281,23,2,11,117
2281,24,1,samt,555
2281,24,1,09,449
2281,24,1,11,110
2281,24,2,samt,487
2281,24,2,09,381
2281,24,2,11,106
2281,25,1,samt,562
2281,25,1,09,444
2281,25,1,11,117
2281,25,2,samt,483
2281,25,2,09,371
2281,25,2,11,111
2281,26,1,samt,601
2281,26,1,09,402
2281,26,1,11,203
2281,26,2,samt,502
2281,26,2,09,381
2281,26,2,11,117
2281,27,1,samt,521
2281,27,1,09,396
2281,27,1,11,124
2281,27,2,samt,464
2281,27,2,09,355
2281,27,2,11,109
2281,28,1,samt,573
2281,28,1,09,439
2281,28,1,11,134
2281,28,2,samt,482
2281,28,2,09,373
2281,28,2,11,110
2281,29,1,samt,573
2281,29,1,09,455
2281,29,1,11,118
2281,29,2,samt,516
2281,29,2,09,400
2281,29,2,11,112
2281,30,1,samt,575
2281,30,1,09,458
2281,30,1,11,112
2281,30,2,samt,575
2281,30,2,09,485
2281,30,2,11,95
2281,31,1,samt,638
2281,31,1,09,517
2281,31,1,11,122
2281,31,2,samt,607
2281,31,2,09,512
2281,31,2,11,89
2281,32,1,samt,649
2281,32,1,09,534
2281,32,1,11,116
2281,32,2,samt,585
2281,32,2,09,462
2281,32,2,11,125
2281,33,1,samt,725
2281,33,1,09,591
2281,33,1,11,134
2281,33,2,samt,652
2281,33,2,09,540
2281,33,2,11,114
2281,34,1,samt,753
2281,34,1,09,631
2281,34,1,11,121
2281,34,2,samt,689
2281,34,2,09,572
2281,34,2,11,115
2281,35,1,samt,728
2281,35,1,09,602
2281,35,1,11,126
2281,35,2,samt,687
2281,35,2,09,566
2281,35,2,11,124
2281,36,1,samt,757
2281,36,1,09,637
2281,36,1,11,123
2281,36,2,samt,668
2281,36,2,09,562
2281,36,2,11,108
2281,37,1,samt,708
2281,37,1,09,580
2281,37,1,11,129
2281,37,2,samt,633
2281,37,2,09,511
2281,37,2,11,123
2281,38,1,samt,640
2281,38,1,09,502
2281,38,1,11,139
2281,38,2,samt,663
2281,38,2,09,529
2281,38,2,11,136
2281,39,1,samt,605
2281,39,1,09,497
2281,39,1,11,112
2281,39,2,samt,625
2281,39,2,09,478
2281,39,2,11,146
2281,40,1,samt,609
2281,40,1,09,483
2281,40,1,11,119
2281,40,2,samt,622
2281,40,2,09,490
2281,40,2,11,132
2281,41,1,samt,611
2281,41,1,09,478
2281,41,1,11,132
2281,41,2,samt,501
2281,41,2,09,395
2281,41,2,11,109
2281,42,1,samt,583
2281,42,1,09,464
2281,42,1,11,120
2281,42,2,samt,547
2281,42,2,09,403
2281,42,2,11,144
2281,43,1,samt,592
2281,43,1,09,470
2281,43,1,11,124
2281,43,2,samt,581
2281,43,2,09,450
2281,43,2,11,126
2281,44,1,samt,600
2281,44,1,09,487
2281,44,1,11,114
2281,44,2,samt,531
2281,44,2,09,417
2281,44,2,11,114
2281,45,1,samt,610
2281,45,1,09,479
2281,45,1,11,135
2281,45,2,samt,598
2281,45,2,09,468
2281,45,2,11,132
2281,46,1,samt,567
2281,46,1,09,462
2281,46,1,11,106
2281,46,2,samt,594
2281,46,2,09,461
2281,46,2,11,130
2281,47,1,samt,560
2281,47,1,09,459
2281,47,1,11,102
2281,47,2,samt,569
2281,47,2,09,438
2281,47,2,11,131
2281,48,1,samt,598
2281,48,1,09,487
2281,48,1,11,107
2281,48,2,samt,592
2281,48,2,09,487
2281,48,2,11,106
2281,49,1,samt,569
2281,49,1,09,496
2281,49,1,11,73
2281,49,2,samt,624
2281,49,2,09,504
2281,49,2,11,120
2281,50,1,samt,631
2281,50,1,09,552
2281,50,1,11,85
2281,50,2,samt,616
2281,50,2,09,510
2281,50,2,11,103
2281,51,1,samt,655
2281,51,1,09,565
2281,51,1,11,93
2281,51,2,samt,656
2281,51,2,09,548
2281,51,2,11,107
2281,52,1,samt,627
2281,52,1,09,544
2281,52,1,11,84
2281,52,2,samt,669
2281,52,2,09,565
2281,52,2,11,107
2281,53,1,samt,646
2281,53,1,09,564
2281,53,1,11,84
2281,53,2,samt,660
2281,53,2,09,560
2281,53,2,11,101
2281,54,1,samt,649
2281,54,1,09,578
2281,54,1,11,72
2281,54,2,samt,661
2281,54,2,09,580
2281,54,2,11,80
2281,55,1,samt,673
2281,55,1,09,590
2281,55,1,11,84
2281,55,2,samt,690
2281,55,2,09,587
2281,55,2,11,101
2281,56,1,samt,631
2281,56,1,09,565
2281,56,1,11,65
2281,56,2,samt,636
2281,56,2,09,543
2281,56,2,11,92
2281,57,1,samt,662
2281,57,1,09,605
2281,57,1,11,60
2281,57,2,samt,665
2281,57,2,09,573
2281,57,2,11,94
2281,58,1,samt,735
2281,58,1,09,671
2281,58,1,11,69
2281,58,2,samt,704
2281,58,2,09,631
2281,58,2,11,73
2281,59,1,samt,682
2281,59,1,09,627
2281,59,1,11,60
2281,59,2,samt,745
2281,59,2,09,651
2281,59,2,11,96
2281,60,1,samt,674
2281,60,1,09,613
2281,60,1,11,55
2281,60,2,samt,646
2281,60,2,09,577
2281,60,2,11,66
2281,61,1,samt,652
2281,61,1,09,604
2281,61,1,11,49
2281,61,2,samt,613
2281,61,2,09,554
2281,61,2,11,56
2281,62,1,samt,576
2281,62,1,09,527
2281,62,1,11,45
2281,62,2,samt,615
2281,62,2,09,541
2281,62,2,11,73
2281,63,1,samt,587
2281,63,1,09,527
2281,63,1,11,55
2281,63,2,samt,541
2281,63,2,09,476
2281,63,2,11,64
2281,64,1,samt,489
2281,64,1,09,436
2281,64,1,11,50
2281,64,2,samt,527
2281,64,2,09,460
2281,64,2,11,68
2281,65,1,samt,528
2281,65,1,09,479
2281,65,1,11,49
2281,65,2,samt,577
2281,65,2,09,510
2281,65,2,11,64
2281,66,1,samt,532
2281,66,1,09,483
2281,66,1,11,50
2281,66,2,samt,561
2281,66,2,09,510
2281,66,2,11,52
2281,67,1,samt,510
2281,67,1,09,477
2281,67,1,11,32
2281,67,2,samt,538
2281,67,2,09,500
2281,67,2,11,40
2281,68,1,samt,551
2281,68,1,09,506
2281,68,1,11,48
2281,68,2,samt,558
2281,68,2,09,504
2281,68,2,11,52
2281,69,1,samt,553
2281,69,1,09,519
2281,69,1,11,32
2281,69,2,samt,531
2281,69,2,09,486
2281,69,2,11,51
2281,70,1,samt,516
2281,70,1,09,481
2281,70,1,11,34
2281,70,2,samt,518
2281,70,2,09,462
2281,70,2,11,56
2281,71,1,samt,488
2281,71,1,09,451
2281,71,1,11,41
2281,71,2,samt,518
2281,71,2,09,469
2281,71,2,11,49
2281,72,1,samt,490
2281,72,1,09,462
2281,72,1,11,27
2281,72,2,samt,489
2281,72,2,09,442
2281,72,2,11,51
2281,73,1,samt,507
2281,73,1,09,464
2281,73,1,11,44
2281,73,2,samt,551
2281,73,2,09,510
2281,73,2,11,37
2281,74,1,samt,446
2281,74,1,09,419
2281,74,1,11,31
2281,74,2,samt,486
2281,74,2,09,438
2281,74,2,11,46
2281,75,1,samt,499
2281,75,1,09,457
2281,75,1,11,39
2281,75,2,samt,534
2281,75,2,09,497
2281,75,2,11,35
2281,76,1,samt,522
2281,76,1,09,489
2281,76,1,11,36
2281,76,2,samt,499
2281,76,2,09,459
2281,76,2,11,39
2281,77,1,samt,482
2281,77,1,09,450
2281,77,1,11,28
2281,77,2,samt,532
2281,77,2,09,500
2281,77,2,11,29
2281,78,1,samt,448
2281,78,1,09,424
2281,78,1,11,23
2281,78,2,samt,567
2281,78,2,09,537
2281,78,2,11,35
2281,79,1,samt,440
2281,79,1,09,418
2281,79,1,11,21
2281,79,2,samt,538
2281,79,2,09,509
2281,79,2,11,29
2380,0,1,samt,300
2380,0,1,09,297
2380,0,1,11,0
2380,0,2,samt,273
2380,0,2,09,273
2380,0,2,11,0
2380,1,1,samt,298
2380,1,1,09,294
2380,1,1,11,4
2380,1,2,samt,306
2380,1,2,09,297
2380,1,2,11,8
2380,2,1,samt,282
2380,2,1,09,277
2380,2,1,11,5
2380,2,2,samt,316
2380,2,2,09,314
2380,2,2,11,8
2380,3,1,samt,311
2380,3,1,09,305
2380,3,1,11,7
2380,3,2,samt,301
2380,3,2,09,295
2380,3,2,11,10
2380,4,1,samt,367
2380,4,1,09,361
2380,4,1,11,10
2380,4,2,samt,325
2380,4,2,09,314
2380,4,2,11,14
2380,5,1,samt,318
2380,5,1,09,305
2380,5,1,11,11
2380,5,2,samt,313
2380,5,2,09,295
2380,5,2,11,16
2380,6,1,samt,345
2380,6,1,09,332
2380,6,1,11,15
2380,6,2,samt,329
2380,6,2,09,314
2380,6,2,11,18
2380,7,1,samt,376
2380,7,1,09,362
2380,7,1,11,11
2380,7,2,samt,350
2380,7,2,09,335
2380,7,2,11,15
2380,8,1,samt,423
2380,8,1,09,402
2380,8,1,11,17
2380,8,2,samt,342
2380,8,2,09,330
2380,8,2,11,15
2380,9,1,samt,410
2380,9,1,09,383
2380,9,1,11,28
2380,9,2,samt,328
2380,9,2,09,315
2380,9,2,11,11
2380,10,1,samt,402
2380,10,1,09,385
2380,10,1,11,18
2380,10,2,samt,354
2380,10,2,09,331
2380,10,2,11,26
2380,11,1,samt,416
2380,11,1,09,390
2380,11,1,11,27
2380,11,2,samt,364
2380,11,2,09,331
2380,11,2,11,30
2380,12,1,samt,394
2380,12,1,09,368
2380,12,1,11,29
2380,12,2,samt,343
2380,12,2,09,319
2380,12,2,11,25
2380,13,1,samt,344
2380,13,1,09,309
2380,13,1,11,38
2380,13,2,samt,363
2380,13,2,09,326
2380,13,2,11,36
2380,14,1,samt,401
2380,14,1,09,353
2380,14,1,11,46
2380,14,2,samt,398
2380,14,2,09,356
2380,14,2,11,43
2380,15,1,samt,400
2380,15,1,09,352
2380,15,1,11,53
2380,15,2,samt,372
2380,15,2,09,345
2380,15,2,11,30
2380,16,1,samt,393
2380,16,1,09,353
2380,16,1,11,39
2380,16,2,samt,377
2380,16,2,09,332
2380,16,2,11,40
2380,17,1,samt,420
2380,17,1,09,369
2380,17,1,11,53
2380,17,2,samt,394
2380,17,2,09,343
2380,17,2,11,52
2380,18,1,samt,397
2380,18,1,09,349
2380,18,1,11,49
2380,18,2,samt,408
2380,18,2,09,363
2380,18,2,11,43
2380,19,1,samt,398
2380,19,1,09,337
2380,19,1,11,56
2380,19,2,samt,417
2380,19,2,09,358
2380,19,2,11,62
2380,20,1,samt,395
2380,20,1,09,332
2380,20,1,11,65
2380,20,2,samt,398
2380,20,2,09,356
2380,20,2,11,40
2380,21,1,samt,412
2380,21,1,09,339
2380,21,1,11,75
2380,21,2,samt,415
2380,21,2,09,353
2380,21,2,11,62
2380,22,1,samt,385
2380,22,1,09,336
2380,22,1,11,52
2380,22,2,samt,416
2380,22,2,09,350
2380,22,2,11,65
2380,23,1,samt,366
2380,23,1,09,285
2380,23,1,11,80
2380,23,2,samt,384
2380,23,2,09,323
2380,23,2,11,61
2380,24,1,samt,346
2380,24,1,09,285
2380,24,1,11,60
2380,24,2,samt,368
2380,24,2,09,296
2380,24,2,11,71
2380,25,1,samt,355
2380,25,1,09,261
2380,25,1,11,97
2380,25,2,samt,349
2380,25,2,09,265
2380,25,2,11,80
2380,26,1,samt,446
2380,26,1,09,288
2380,26,1,11,161
2380,26,2,samt,366
2380,26,2,09,291
2380,26,2,11,73
2380,27,1,samt,372
2380,27,1,09,270
2380,27,1,11,101
2380,27,2,samt,334
2380,27,2,09,260
2380,27,2,11,74
2380,28,1,samt,366
2380,28,1,09,295
2380,28,1,11,71
2380,28,2,samt,361
2380,28,2,09,299
2380,28,2,11,61
2380,29,1,samt,403
2380,29,1,09,332
2380,29,1,11,75
2380,29,2,samt,351
2380,29,2,09,288
2380,29,2,11,65
2380,30,1,samt,404
2380,30,1,09,344
2380,30,1,11,56
2380,30,2,samt,420
2380,30,2,09,351
2380,30,2,11,72
2380,31,1,samt,439
2380,31,1,09,371
2380,31,1,11,65
2380,31,2,samt,427
2380,31,2,09,363
2380,31,2,11,69
2380,32,1,samt,459
2380,32,1,09,394
2380,32,1,11,67
2380,32,2,samt,453
2380,32,2,09,383
2380,32,2,11,68
2380,33,1,samt,510
2380,33,1,09,428
2380,33,1,11,80
2380,33,2,samt,461
2380,33,2,09,375
2380,33,2,11,84
2380,34,1,samt,475
2380,34,1,09,418
2380,34,1,11,60
2380,34,2,samt,538
2380,34,2,09,476
2380,34,2,11,57
2380,35,1,samt,513
2380,35,1,09,435
2380,35,1,11,83
2380,35,2,samt,489
2380,35,2,09,413
2380,35,2,11,78
2380,36,1,samt,490
2380,36,1,09,424
2380,36,1,11,67
2380,36,2,samt,441
2380,36,2,09,380
2380,36,2,11,60
2380,37,1,samt,459
2380,37,1,09,394
2380,37,1,11,65
2380,37,2,samt,427
2380,37,2,09,351
2380,37,2,11,78
2380,38,1,samt,425
2380,38,1,09,336
2380,38,1,11,88
2380,38,2,samt,474
2380,38,2,09,401
2380,38,2,11,70
2380,39,1,samt,460
2380,39,1,09,380
2380,39,1,11,84
2380,39,2,samt,405
2380,39,2,09,339
2380,39,2,11,64
2380,40,1,samt,414
2380,40,1,09,341
2380,40,1,11,70
2380,40,2,samt,419
2380,40,2,09,338
2380,40,2,11,83
2380,41,1,samt,428
2380,41,1,09,342
2380,41,1,11,84
2380,41,2,samt,402
2380,41,2,09,316
2380,41,2,11,88
2380,42,1,samt,365
2380,42,1,09,289
2380,42,1,11,75
2380,42,2,samt,409
2380,42,2,09,324
2380,42,2,11,90
2380,43,1,samt,355
2380,43,1,09,292
2380,43,1,11,62
2380,43,2,samt,386
2380,43,2,09,307
2380,43,2,11,81
2380,44,1,samt,394
2380,44,1,09,312
2380,44,1,11,80
2380,44,2,samt,385
2380,44,2,09,306
2380,44,2,11,81
2380,45,1,samt,382
2380,45,1,09,305
2380,45,1,11,76
2380,45,2,samt,376
2380,45,2,09,302
2380,45,2,11,76
2380,46,1,samt,367
2380,46,1,09,307
2380,46,1,11,59
2380,46,2,samt,373
2380,46,2,09,313
2380,46,2,11,56
2380,47,1,samt,389
2380,47,1,09,330
2380,47,1,11,62
2380,47,2,samt,357
2380,47,2,09,283
2380,47,2,11,72
2380,48,1,samt,386
2380,48,1,09,329
2380,48,1,11,54
2380,48,2,samt,357
2380,48,2,09,299
2380,48,2,11,61
2380,49,1,samt,333
2380,49,1,09,291
2380,49,1,11,39
2380,49,2,samt,374
2380,49,2,09,324
2380,49,2,11,53
2380,50,1,samt,376
2380,50,1,09,336
2380,50,1,11,40
2380,50,2,samt,421
2380,50,2,09,359
2380,50,2,11,63
2380,51,1,samt,415
2380,51,1,09,364
2380,51,1,11,51
2380,51,2,samt,431
2380,51,2,09,374
2380,51,2,11,58
2380,52,1,samt,424
2380,52,1,09,381
2380,52,1,11,41
2380,52,2,samt,390
2380,52,2,09,331
2380,52,2,11,58
2380,53,1,samt,389
2380,53,1,09,350
2380,53,1,11,39
2380,53,2,samt,421
2380,53,2,09,370
2380,53,2,11,49
2380,54,1,samt,388
2380,54,1,09,347
2380,54,1,11,40
2380,54,2,samt,397
2380,54,2,09,341
2380,54,2,11,53
2380,55,1,samt,358
2380,55,1,09,327
2380,55,1,11,34
2380,55,2,samt,384
2380,55,2,09,333
2380,55,2,11,50
2380,56,1,samt,348
2380,56,1,09,316
2380,56,1,11,36
2380,56,2,samt,363
2380,56,2,09,330
2380,56,2,11,32
2380,57,1,samt,382
2380,57,1,09,347
2380,57,1,11,37
2380,57,2,samt,365
2380,57,2,09,321
2380,57,2,11,43
2380,58,1,samt,417
2380,58,1,09,382
2380,58,1,11,34
2380,58,2,samt,431
2380,58,2,09,397
2380,58,2,11,35
2380,59,1,samt,406
2380,59,1,09,378
2380,59,1,11,29
2380,59,2,samt,390
2380,59,2,09,369
2380,59,2,11,22
2380,60,1,samt,414
2380,60,1,09,381
2380,60,1,11,37
2380,60,2,samt,388
2380,60,2,09,353
2380,60,2,11,34
2380,61,1,samt,375
2380,61,1,09,353
2380,61,1,11,22
2380,61,2,samt,422
2380,61,2,09,394
2380,61,2,11,30
2380,62,1,samt,319
2380,62,1,09,301
2380,62,1,11,18
2380,62,2,samt,367
2380,62,2,09,339
2380,62,2,11,30
2380,63,1,samt,323
2380,63,1,09,305
2380,63,1,11,21
2380,63,2,samt,354
2380,63,2,09,325
2380,63,2,11,29
2380,64,1,samt,338
2380,64,1,09,316
2380,64,1,11,23
2380,64,2,samt,316
2380,64,2,09,297
2380,64,2,11,20
2380,65,1,samt,282
2380,65,1,09,259
2380,65,1,11,23
2380,65,2,samt,371
2380,65,2,09,352
2380,65,2,11,22
2380,66,1,samt,303
2380,66,1,09,288
2380,66,1,11,12
2380,66,2,samt,369
2380,66,2,09,327
2380,66,2,11,41
2380,67,1,samt,350
2380,67,1,09,329
2380,67,1,11,20
2380,67,2,samt,322
2380,67,2,09,295
2380,67,2,11,27
2380,68,1,samt,320
2380,68,1,09,303
2380,68,1,11,18
2380,68,2,samt,382
2380,68,2,09,357
2380,68,2,11,23
2380,69,1,samt,298
2380,69,1,09,279
2380,69,1,11,19
2380,69,2,samt,389
2380,69,2,09,361
2380,69,2,11,24
2380,70,1,samt,300
2380,70,1,09,290
2380,70,1,11,7
2380,70,2,samt,369
2380,70,2,09,350
2380,70,2,11,19
2380,71,1,samt,315
2380,71,1,09,296
2380,71,1,11,21
2380,71,2,samt,365
2380,71,2,09,345
2380,71,2,11,19
2380,72,1,samt,338
2380,72,1,09,325
2380,72,1,11,14
2380,72,2,samt,368
2380,72,2,09,348
2380,72,2,11,20
2380,73,1,samt,337
2380,73,1,09,324
2380,73,1,11,18
2380,73,2,samt,352
2380,73,2,09,330
2380,73,2,11,25
2380,74,1,samt,283
2380,74,1,09,272
2380,74,1,11,12
2380,74,2,samt,343
2380,74,2,09,329
2380,74,2,11,15
2380,75,1,samt,305
2380,75,1,09,293
2380,75,1,11,13
2380,75,2,samt,370
2380,75,2,09,356
2380,75,2,11,7
2380,76,1,samt,296
2380,76,1,09,289
2380,76,1,11,7
2380,76,2,samt,368
2380,76,2,09,346
2380,76,2,11,22
2380,77,1,samt,344
2380,77,1,09,332
2380,77,1,11,14
2380,77,2,samt,361
2380,77,2,09,343
2380,77,2,11,14
2380,78,1,samt,327
2380,78,1,09,314
2380,78,1,11,10
2380,78,2,samt,371
2380,78,2,09,361
2380,78,2,11,10
2380,79,1,samt,306
2380,79,1,09,299
2380,79,1,11,9
2380,79,2,samt,380
2380,79,2,09,370
2380,79,2,11,12
2480,0,1,samt,584
2480,0,1,09,579
2480,0,1,11,7
2480,0,2,samt,599
2480,0,2,09,599
2480,0,2,11,3
2480,1,1,samt,639
2480,1,1,09,628
2480,1,1,11,9
2480,1,2,samt,563
2480,1,2,09,552
2480,1,2,11,9
2480,2,1,samt,597
2480,2,1,09,581
2480,2,1,11,19
2480,2,2,samt,599
2480,2,2,09,581
2480,2,2,11,17
2480,3,1,samt,690
2480,3,1,09,674
2480,3,1,11,17
2480,3,2,samt,627
2480,3,2,09,600
2480,3,2,11,29
2480,4,1,samt,706
2480,4,1,09,681
2480,4,1,11,28
2480,4,2,samt,702
2480,4,2,09,665
2480,4,2,11,33
2480,5,1,samt,788
2480,5,1,09,750
2480,5,1,11,36
2480,5,2,samt,692
2480,5,2,09,665
2480,5,2,11,32
2480,6,1,samt,773
2480,6,1,09,741
2480,6,1,11,28
2480,6,2,samt,713
2480,6,2,09,687
2480,6,2,11,29
2480,7,1,samt,753
2480,7,1,09,723
2480,7,1,11,31
2480,7,2,samt,717
2480,7,2,09,680
2480,7,2,11,33
2480,8,1,samt,784
2480,8,1,09,756
2480,8,1,11,32
2480,8,2,samt,706
2480,8,2,09,673
2480,8,2,11,37
2480,9,1,samt,764
2480,9,1,09,719
2480,9,1,11,41
2480,9,2,samt,707
2480,9,2,09,657
2480,9,2,11,48
2480,10,1,samt,772
2480,10,1,09,735
2480,10,1,11,37
2480,10,2,samt,732
2480,10,2,09,683
2480,10,2,11,49
2480,11,1,samt,753
2480,11,1,09,694
2480,11,1,11,61
2480,11,2,samt,715
2480,11,2,09,664
2480,11,2,11,51
2480,12,1,samt,770
2480,12,1,09,703
2480,12,1,11,62
2480,12,2,samt,728
2480,12,2,09,663
2480,12,2,11,64
2480,13,1,samt,798
2480,13,1,09,730
2480,13,1,11,71
2480,13,2,samt,727
2480,13,2,09,661
2480,13,2,11,68
2480,14,1,samt,769
2480,14,1,09,716
2480,14,1,11,54
2480,14,2,samt,759
2480,14,2,09,692
2480,14,2,11,64
2480,15,1,samt,741
2480,15,1,09,676
2480,15,1,11,67
2480,15,2,samt,766
2480,15,2,09,707
2480,15,2,11,61
2480,16,1,samt,775
2480,16,1,09,722
2480,16,1,11,53
2480,16,2,samt,743
2480,16,2,09,671
2480,16,2,11,73
2480,17,1,samt,796
2480,17,1,09,709
2480,17,1,11,82
2480,17,2,samt,736
2480,17,2,09,666
2480,17,2,11,73
2480,18,1,samt,721
2480,18,1,09,636
2480,18,1,11,83
2480,18,2,samt,674
2480,18,2,09,591
2480,18,2,11,85
2480,19,1,samt,922
2480,19,1,09,827
2480,19,1,11,98
2480,19,2,samt,883
2480,19,2,09,770
2480,19,2,11,112
2480,20,1,samt,1032
2480,20,1,09,892
2480,20,1,11,143
2480,20,2,samt,1163
2480,20,2,09,1001
2480,20,2,11,157
2480,21,1,samt,1177
2480,21,1,09,1013
2480,21,1,11,166
2480,21,2,samt,1410
2480,21,2,09,1194
2480,21,2,11,213
2480,22,1,samt,1294
2480,22,1,09,1104
2480,22,1,11,190
2480,22,2,samt,1500
2480,22,2,09,1267
2480,22,2,11,232
2480,23,1,samt,1268
2480,23,1,09,1071
2480,23,1,11,197
2480,23,2,samt,1502
2480,23,2,09,1236
2480,23,2,11,265
2480,24,1,samt,1228
2480,24,1,09,1035
2480,24,1,11,200
2480,24,2,samt,1379
2480,24,2,09,1134
2480,24,2,11,248
2480,25,1,samt,1241
2480,25,1,09,944
2480,25,1,11,295
2480,25,2,samt,1176
2480,25,2,09,959
2480,25,2,11,218
2480,26,1,samt,1201
2480,26,1,09,862
2480,26,1,11,339
2480,26,2,samt,989
2480,26,2,09,764
2480,26,2,11,223
2480,27,1,samt,1050
2480,27,1,09,762
2480,27,1,11,285
2480,27,2,samt,952
2480,27,2,09,719
2480,27,2,11,230
2480,28,1,samt,1025
2480,28,1,09,781
2480,28,1,11,240
2480,28,2,samt,928
2480,28,2,09,691
2480,28,2,11,237
2480,29,1,samt,975
2480,29,1,09,737
2480,29,1,11,241
2480,29,2,samt,929
2480,29,2,09,710
2480,29,2,11,222
2480,30,1,samt,1041
2480,30,1,09,814
2480,30,1,11,228
2480,30,2,samt,940
2480,30,2,09,708
2480,30,2,11,232
2480,31,1,samt,1078
2480,31,1,09,838
2480,31,1,11,240
2480,31,2,samt,978
2480,31,2,09,747
2480,31,2,11,230
2480,32,1,samt,1113
2480,32,1,09,882
2480,32,1,11,230
2480,32,2,samt,994
2480,32,2,09,763
2480,32,2,11,234
2480,33,1,samt,1142
2480,33,1,09,919
2480,33,1,11,226
2480,33,2,samt,1088
2480,33,2,09,872
2480,33,2,11,217
2480,34,1,samt,1195
2480,34,1,09,968
2480,34,1,11,228
2480,34,2,samt,1118
2480,34,2,09,890
2480,34,2,11,226
2480,35,1,samt,1125
2480,35,1,09,872
2480,35,1,11,256
2480,35,2,samt,1047
2480,35,2,09,828
2480,35,2,11,218
2480,36,1,samt,1114
2480,36,1,09,878
2480,36,1,11,233
2480,36,2,samt,942
2480,36,2,09,739
2480,36,2,11,204
2480,37,1,samt,969
2480,37,1,09,772
2480,37,1,11,195
2480,37,2,samt,942
2480,37,2,09,729
2480,37,2,11,212
2480,38,1,samt,970
2480,38,1,09,751
2480,38,1,11,217
2480,38,2,samt,901
2480,38,2,09,708
2480,38,2,11,194
2480,39,1,samt,946
2480,39,1,09,737
2480,39,1,11,211
2480,39,2,samt,863
2480,39,2,09,658
2480,39,2,11,204
2480,40,1,samt,960
2480,40,1,09,760
2480,40,1,11,201
2480,40,2,samt,895
2480,40,2,09,693
2480,40,2,11,205
2480,41,1,samt,927
2480,41,1,09,710
2480,41,1,11,220
2480,41,2,samt,866
2480,41,2,09,668
2480,41,2,11,200
2480,42,1,samt,865
2480,42,1,09,684
2480,42,1,11,183
2480,42,2,samt,826
2480,42,2,09,640
2480,42,2,11,185
2480,43,1,samt,889
2480,43,1,09,703
2480,43,1,11,182
2480,43,2,samt,803
2480,43,2,09,616
2480,43,2,11,185
2480,44,1,samt,845
2480,44,1,09,692
2480,44,1,11,154
2480,44,2,samt,832
2480,44,2,09,684
2480,44,2,11,150
2480,45,1,samt,881
2480,45,1,09,707
2480,45,1,11,170
2480,45,2,samt,801
2480,45,2,09,630
2480,45,2,11,169
2480,46,1,samt,823
2480,46,1,09,690
2480,46,1,11,133
2480,46,2,samt,761
2480,46,2,09,611
2480,46,2,11,148
2480,47,1,samt,787
2480,47,1,09,652
2480,47,1,11,136
2480,47,2,samt,763
2480,47,2,09,629
2480,47,2,11,131
2480,48,1,samt,809
2480,48,1,09,689
2480,48,1,11,118
2480,48,2,samt,803
2480,48,2,09,667
2480,48,2,11,137
2480,49,1,samt,774
2480,49,1,09,654
2480,49,1,11,118
2480,49,2,samt,711
2480,49,2,09,582
2480,49,2,11,128
2480,50,1,samt,839
2480,50,1,09,711
2480,50,1,11,134
2480,50,2,samt,781
2480,50,2,09,632
2480,50,2,11,150
2480,51,1,samt,786
2480,51,1,09,690
2480,51,1,11,96
2480,51,2,samt,793
2480,51,2,09,647
2480,51,2,11,144
2480,52,1,samt,761
2480,52,1,09,660
2480,52,1,11,100
2480,52,2,samt,739
2480,52,2,09,609
2480,52,2,11,132
2480,53,1,samt,791
2480,53,1,09,697
2480,53,1,11,92
2480,53,2,samt,758
2480,53,2,09,639
2480,53,2,11,122
2480,54,1,samt,705
2480,54,1,09,607
2480,54,1,11,101
2480,54,2,samt,705
2480,54,2,09,588
2480,54,2,11,113
2480,55,1,samt,714
2480,55,1,09,622
2480,55,1,11,92
2480,55,2,samt,731
2480,55,2,09,616
2480,55,2,11,119
2480,56,1,samt,696
2480,56,1,09,598
2480,56,1,11,94
2480,56,2,samt,700
2480,56,2,09,615
2480,56,2,11,86
2480,57,1,samt,710
2480,57,1,09,641
2480,57,1,11,72
2480,57,2,samt,725
2480,57,2,09,622
2480,57,2,11,98
2480,58,1,samt,740
2480,58,1,09,662
2480,58,1,11,79
2480,58,2,samt,759
2480,58,2,09,648
2480,58,2,11,112
2480,59,1,samt,762
2480,59,1,09,670
2480,59,1,11,98
2480,59,2,samt,730
2480,59,2,09,653
2480,59,2,11,75
2480,60,1,samt,771
2480,60,1,09,676
2480,60,1,11,95
2480,60,2,samt,746
2480,60,2,09,658
2480,60,2,11,86
2480,61,1,samt,681
2480,61,1,09,621
2480,61,1,11,55
2480,61,2,samt,726
2480,61,2,09,652
2480,61,2,11,76
2480,62,1,samt,674
2480,62,1,09,590
2480,62,1,11,85
2480,62,2,samt,603
2480,62,2,09,536
2480,62,2,11,68
2480,63,1,samt,557
2480,63,1,09,493
2480,63,1,11,62
2480,63,2,samt,626
2480,63,2,09,559
2480,63,2,11,72
2480,64,1,samt,584
2480,64,1,09,521
2480,64,1,11,63
2480,64,2,samt,611
2480,64,2,09,535
2480,64,2,11,76
2480,65,1,samt,584
2480,65,1,09,522
2480,65,1,11,60
2480,65,2,samt,579
2480,65,2,09,509
2480,65,2,11,69
2480,66,1,samt,589
2480,66,1,09,536
2480,66,1,11,56
2480,66,2,samt,609
2480,66,2,09,537
2480,66,2,11,69
2480,67,1,samt,598
2480,67,1,09,529
2480,67,1,11,71
2480,67,2,samt,640
2480,67,2,09,566
2480,67,2,11,74
2480,68,1,samt,590
2480,68,1,09,535
2480,68,1,11,55
2480,68,2,samt,621
2480,68,2,09,561
2480,68,2,11,66
2480,69,1,samt,570
2480,69,1,09,530
2480,69,1,11,41
2480,69,2,samt,595
2480,69,2,09,531
2480,69,2,11,60
2480,70,1,samt,534
2480,70,1,09,492
2480,70,1,11,43
2480,70,2,samt,607
2480,70,2,09,546
2480,70,2,11,58
2480,71,1,samt,490
2480,71,1,09,447
2480,71,1,11,38
2480,71,2,samt,624
2480,71,2,09,572
2480,71,2,11,58
2480,72,1,samt,556
2480,72,1,09,507
2480,72,1,11,47
2480,72,2,samt,591
2480,72,2,09,542
2480,72,2,11,46
2480,73,1,samt,533
2480,73,1,09,487
2480,73,1,11,46
2480,73,2,samt,576
2480,73,2,09,531
2480,73,2,11,46
2480,74,1,samt,502
2480,74,1,09,450
2480,74,1,11,51
2480,74,2,samt,568
2480,74,2,09,521
2480,74,2,11,47
2480,75,1,samt,520
2480,75,1,09,481
2480,75,1,11,38
2480,75,2,samt,641
2480,75,2,09,592
2480,75,2,11,48
2480,76,1,samt,528
2480,76,1,09,497
2480,76,1,11,33
2480,76,2,samt,672
2480,76,2,09,619
2480,76,2,11,53
2480,77,1,samt,512
2480,77,1,09,483
2480,77,1,11,26
2480,77,2,samt,609
2480,77,2,09,566
2480,77,2,11,43
2480,78,1,samt,521
2480,78,1,09,485
2480,78,1,11,34
2480,78,2,samt,565
2480,78,2,09,537
2480,78,2,11,29
2480,79,1,samt,512
2480,79,1,09,481
2480,79,1,11,37
2480,79,2,samt,565
2480,79,2,09,528
2480,79,2,11,36
2482,0,1,samt,339
2482,0,1,09,339
2482,0,1,11,3
2482,0,2,samt,294
2482,0,2,09,292
2482,0,2,11,3
2482,1,1,samt,328
2482,1,1,09,323
2482,1,1,11,0
2482,1,2,samt,297
2482,1,2,09,298
2482,1,2,11,0
2482,2,1,samt,327
2482,2,1,09,325
2482,2,1,11,4
2482,2,2,samt,316
2482,2,2,09,304
2482,2,2,11,14
2482,3,1,samt,365
2482,3,1,09,342
2482,3,1,11,19
2482,3,2,samt,370
2482,3,2,09,357
2482,3,2,11,11
2482,4,1,samt,421
2482,4,1,09,405
2482,4,1,11,18
2482,4,2,samt,372
2482,4,2,09,353
2482,4,2,11,19
2482,5,1,samt,396
2482,5,1,09,372
2482,5,1,11,28
2482,5,2,samt,416
2482,5,2,09,389
2482,5,2,11,27
2482,6,1,samt,422
2482,6,1,09,389
2482,6,1,11,33
2482,6,2,samt,410
2482,6,2,09,372
2482,6,2,11,39
2482,7,1,samt,423
2482,7,1,09,385
2482,7,1,11,36
2482,7,2,samt,394
2482,7,2,09,368
2482,7,2,11,30
2482,8,1,samt,451
2482,8,1,09,405
2482,8,1,11,43
2482,8,2,samt,413
2482,8,2,09,379
2482,8,2,11,33
2482,9,1,samt,462
2482,9,1,09,408
2482,9,1,11,54
2482,9,2,samt,435
2482,9,2,09,404
2482,9,2,11,31
2482,10,1,samt,442
2482,10,1,09,402
2482,10,1,11,43
2482,10,2,samt,390
2482,10,2,09,351
2482,10,2,11,38
2482,11,1,samt,459
2482,11,1,09,403
2482,11,1,11,56
2482,11,2,samt,411
2482,11,2,09,369
2482,11,2,11,46
2482,12,1,samt,456
2482,12,1,09,409
2482,12,1,11,46
2482,12,2,samt,431
2482,12,2,09,396
2482,12,2,11,36
2482,13,1,samt,431
2482,13,1,09,370
2482,13,1,11,58
2482,13,2,samt,406
2482,13,2,09,364
2482,13,2,11,41
2482,14,1,samt,464
2482,14,1,09,404
2482,14,1,11,59
2482,14,2,samt,399
2482,14,2,09,359
2482,14,2,11,39
2482,15,1,samt,481
2482,15,1,09,415
2482,15,1,11,65
2482,15,2,samt,421
2482,15,2,09,372
2482,15,2,11,50
2482,16,1,samt,457
2482,16,1,09,400
2482,16,1,11,61
2482,16,2,samt,422
2482,16,2,09,378
2482,16,2,11,46
2482,17,1,samt,457
2482,17,1,09,397
2482,17,1,11,58
2482,17,2,samt,413
2482,17,2,09,361
2482,17,2,11,52
2482,18,1,samt,436
2482,18,1,09,379
2482,18,1,11,60
2482,18,2,samt,387
2482,18,2,09,338
2482,18,2,11,49
2482,19,1,samt,438
2482,19,1,09,372
2482,19,1,11,66
2482,19,2,samt,391
2482,19,2,09,337
2482,19,2,11,53
2482,20,1,samt,428
2482,20,1,09,371
2482,20,1,11,56
2482,20,2,samt,369
2482,20,2,09,317
2482,20,2,11,46
2482,21,1,samt,387
2482,21,1,09,313
2482,21,1,11,72
2482,21,2,samt,326
2482,21,2,09,269
2482,21,2,11,56
2482,22,1,samt,390
2482,22,1,09,316
2482,22,1,11,74
2482,22,2,samt,304
2482,22,2,09,251
2482,22,2,11,53
2482,23,1,samt,402
2482,23,1,09,313
2482,23,1,11,89
2482,23,2,samt,313
2482,23,2,09,263
2482,23,2,11,54
2482,24,1,samt,382
2482,24,1,09,283
2482,24,1,11,99
2482,24,2,samt,333
2482,24,2,09,276
2482,24,2,11,61
2482,25,1,samt,433
2482,25,1,09,290
2482,25,1,11,143
2482,25,2,samt,331
2482,25,2,09,254
2482,25,2,11,79
2482,26,1,samt,502
2482,26,1,09,316
2482,26,1,11,187
2482,26,2,samt,344
2482,26,2,09,265
2482,26,2,11,79
2482,27,1,samt,442
2482,27,1,09,317
2482,27,1,11,125
2482,27,2,samt,371
2482,27,2,09,275
2482,27,2,11,96
2482,28,1,samt,476
2482,28,1,09,323
2482,28,1,11,155
2482,28,2,samt,340
2482,28,2,09,255
2482,28,2,11,84
2482,29,1,samt,486
2482,29,1,09,330
2482,29,1,11,152
2482,29,2,samt,401
2482,29,2,09,321
2482,29,2,11,82
2482,30,1,samt,510
2482,30,1,09,374
2482,30,1,11,135
2482,30,2,samt,433
2482,30,2,09,327
2482,30,2,11,103
2482,31,1,samt,546
2482,31,1,09,416
2482,31,1,11,126
2482,31,2,samt,437
2482,31,2,09,331
2482,31,2,11,105
2482,32,1,samt,583
2482,32,1,09,440
2482,32,1,11,146
2482,32,2,samt,499
2482,32,2,09,369
2482,32,2,11,125
2482,33,1,samt,629
2482,33,1,09,487
2482,33,1,11,142
2482,33,2,samt,500
2482,33,2,09,413
2482,33,2,11,89
2482,34,1,samt,670
2482,34,1,09,538
2482,34,1,11,125
2482,34,2,samt,562
2482,34,2,09,456
2482,34,2,11,106
2482,35,1,samt,629
2482,35,1,09,472
2482,35,1,11,153
2482,35,2,samt,524
2482,35,2,09,422
2482,35,2,11,101
2482,36,1,samt,580
2482,36,1,09,462
2482,36,1,11,122
2482,36,2,samt,537
2482,36,2,09,435
2482,36,2,11,104
2482,37,1,samt,568
2482,37,1,09,433
2482,37,1,11,137
2482,37,2,samt,459
2482,37,2,09,357
2482,37,2,11,98
2482,38,1,samt,478
2482,38,1,09,367
2482,38,1,11,117
2482,38,2,samt,464
2482,38,2,09,367
2482,38,2,11,98
2482,39,1,samt,507
2482,39,1,09,382
2482,39,1,11,125
2482,39,2,samt,438
2482,39,2,09,342
2482,39,2,11,94
2482,40,1,samt,489
2482,40,1,09,373
2482,40,1,11,116
2482,40,2,samt,394
2482,40,2,09,296
2482,40,2,11,97
2482,41,1,samt,458
2482,41,1,09,342
2482,41,1,11,112
2482,41,2,samt,422
2482,41,2,09,339
2482,41,2,11,83
2482,42,1,samt,466
2482,42,1,09,364
2482,42,1,11,102
2482,42,2,samt,463
2482,42,2,09,380
2482,42,2,11,80
2482,43,1,samt,465
2482,43,1,09,354
2482,43,1,11,112
2482,43,2,samt,408
2482,43,2,09,312
2482,43,2,11,96
2482,44,1,samt,477
2482,44,1,09,373
2482,44,1,11,108
2482,44,2,samt,442
2482,44,2,09,344
2482,44,2,11,99
2482,45,1,samt,469
2482,45,1,09,370
2482,45,1,11,99
2482,45,2,samt,439
2482,45,2,09,342
2482,45,2,11,96
2482,46,1,samt,476
2482,46,1,09,399
2482,46,1,11,81
2482,46,2,samt,449
2482,46,2,09,369
2482,46,2,11,83
2482,47,1,samt,453
2482,47,1,09,370
2482,47,1,11,80
2482,47,2,samt,398
2482,47,2,09,319
2482,47,2,11,76
2482,48,1,samt,444
2482,48,1,09,374
2482,48,1,11,72
2482,48,2,samt,457
2482,48,2,09,384
2482,48,2,11,72
2482,49,1,samt,456
2482,49,1,09,375
2482,49,1,11,77
2482,49,2,samt,422
2482,49,2,09,350
2482,49,2,11,74
2482,50,1,samt,445
2482,50,1,09,389
2482,50,1,11,56
2482,50,2,samt,445
2482,50,2,09,376
2482,50,2,11,68
2482,51,1,samt,526
2482,51,1,09,462
2482,51,1,11,63
2482,51,2,samt,443
2482,51,2,09,378
2482,51,2,11,65
2482,52,1,samt,454
2482,52,1,09,400
2482,52,1,11,55
2482,52,2,samt,443
2482,52,2,09,383
2482,52,2,11,61
2482,53,1,samt,500
2482,53,1,09,448
2482,53,1,11,57
2482,53,2,samt,427
2482,53,2,09,353
2482,53,2,11,74
2482,54,1,samt,510
2482,54,1,09,454
2482,54,1,11,54
2482,54,2,samt,451
2482,54,2,09,405
2482,54,2,11,48
2482,55,1,samt,455
2482,55,1,09,394
2482,55,1,11,63
2482,55,2,samt,402
2482,55,2,09,350
2482,55,2,11,57
2482,56,1,samt,448
2482,56,1,09,401
2482,56,1,11,46
2482,56,2,samt,456
2482,56,2,09,393
2482,56,2,11,60
2482,57,1,samt,471
2482,57,1,09,422
2482,57,1,11,47
2482,57,2,samt,500
2482,57,2,09,442
2482,57,2,11,58
2482,58,1,samt,512
2482,58,1,09,478
2482,58,1,11,37
2482,58,2,samt,452
2482,58,2,09,410
2482,58,2,11,43
2482,59,1,samt,493
2482,59,1,09,465
2482,59,1,11,28
2482,59,2,samt,451
2482,59,2,09,414
2482,59,2,11,37
2482,60,1,samt,450
2482,60,1,09,403
2482,60,1,11,44
2482,60,2,samt,487
2482,60,2,09,441
2482,60,2,11,46
2482,61,1,samt,492
2482,61,1,09,460
2482,61,1,11,35
2482,61,2,samt,483
2482,61,2,09,442
2482,61,2,11,40
2482,62,1,samt,450
2482,62,1,09,415
2482,62,1,11,35
2482,62,2,samt,441
2482,62,2,09,408
2482,62,2,11,31
2482,63,1,samt,459
2482,63,1,09,426
2482,63,1,11,33
2482,63,2,samt,410
2482,63,2,09,375
2482,63,2,11,39
2482,64,1,samt,427
2482,64,1,09,401
2482,64,1,11,27
2482,64,2,samt,425
2482,64,2,09,389
2482,64,2,11,35
2482,65,1,samt,440
2482,65,1,09,413
2482,65,1,11,28
2482,65,2,samt,452
2482,65,2,09,409
2482,65,2,11,39
2482,66,1,samt,426
2482,66,1,09,402
2482,66,1,11,25
2482,66,2,samt,458
2482,66,2,09,428
2482,66,2,11,28
2482,67,1,samt,431
2482,67,1,09,404
2482,67,1,11,23
2482,67,2,samt,443
2482,67,2,09,423
2482,67,2,11,20
2482,68,1,samt,458
2482,68,1,09,431
2482,68,1,11,31
2482,68,2,samt,452
2482,68,2,09,431
2482,68,2,11,19
2482,69,1,samt,475
2482,69,1,09,450
2482,69,1,11,25
2482,69,2,samt,444
2482,69,2,09,424
2482,69,2,11,23
2482,70,1,samt,452
2482,70,1,09,432
2482,70,1,11,21
2482,70,2,samt,484
2482,70,2,09,462
2482,70,2,11,22
2482,71,1,samt,395
2482,71,1,09,369
2482,71,1,11,20
2482,71,2,samt,420
2482,71,2,09,398
2482,71,2,11,21
2482,72,1,samt,460
2482,72,1,09,439
2482,72,1,11,20
2482,72,2,samt,424
2482,72,2,09,404
2482,72,2,11,23
2482,73,1,samt,426
2482,73,1,09,414
2482,73,1,11,12
2482,73,2,samt,429
2482,73,2,09,416
2482,73,2,11,18
2482,74,1,samt,434
2482,74,1,09,427
2482,74,1,11,8
2482,74,2,samt,386
2482,74,2,09,361
2482,74,2,11,23
2482,75,1,samt,419
2482,75,1,09,406
2482,75,1,11,13
2482,75,2,samt,353
2482,75,2,09,341
2482,75,2,11,10
2482,76,1,samt,355
2482,76,1,09,339
2482,76,1,11,14
2482,76,2,samt,409
2482,76,2,09,386
2482,76,2,11,23
2482,77,1,samt,409
2482,77,1,09,392
2482,77,1,11,18
2482,77,2,samt,429
2482,77,2,09,421
2482,77,2,11,10
2482,78,1,samt,358
2482,78,1,09,347
2482,78,1,11,9
2482,78,2,samt,408
2482,78,2,09,393
2482,78,2,11,12
2482,79,1,samt,404
2482,79,1,09,395
2482,79,1,11,9
2482,79,2,samt,380
2482,79,2,09,366
2482,79,2,11,10
00,0,1,samt,50389
00,0,1,09,50072
00,0,1,11,320
00,0,2,samt,47538
00,0,2,09,47238
00,0,2,11,301
00,1,1,samt,51279
00,1,1,09,50288
00,1,1,11,987
00,1,2,samt,48479
00,1,2,09,47522
00,1,2,11,955
00,2,1,samt,52034
00,2,1,09,50597
00,2,1,11,1438
00,2,2,samt,49658
00,2,2,09,48211
00,2,2,11,1447
00,3,1,samt,54711
00,3,1,09,52815
00,3,1,11,1901
00,3,2,samt,51746
00,3,2,09,49922
00,3,2,11,1821
00,4,1,samt,59573
00,4,1,09,57052
00,4,1,11,2520
00,4,2,samt,56876
00,4,2,09,54408
00,4,2,11,2467
00,5,1,samt,59571
00,5,1,09,56504
00,5,1,11,3069
00,5,2,samt,56253
00,5,2,09,53271
00,5,2,11,2984
00,6,1,samt,60516
00,6,1,09,56988
00,6,1,11,3526
00,6,2,samt,57022
00,6,2,09,53659
00,6,2,11,3364
00,7,1,samt,61549
00,7,1,09,57469
00,7,1,11,4079
00,7,2,samt,58290
00,7,2,09,54552
00,7,2,11,3738
00,8,1,samt,61853
00,8,1,09,57262
00,8,1,11,4591
00,8,2,samt,58687
00,8,2,09,54262
00,8,2,11,4426
00,9,1,samt,64118
00,9,1,09,58930
00,9,1,11,5185
00,9,2,samt,60784
00,9,2,09,56026
00,9,2,11,4755
00,10,1,samt,63890
00,10,1,09,57645
00,10,1,11,6240
00,10,2,samt,59562
00,10,2,09,53728
00,10,2,11,5830
00,11,1,samt,64484
00,11,1,09,57129
00,11,1,11,7356
00,11,2,samt,60834
00,11,2,09,54106
00,11,2,11,6731
00,12,1,samt,64197
00,12,1,09,56322
00,12,1,11,7874
00,12,2,samt,60407
00,12,2,09,53161
00,12,2,11,7242
00,13,1,samt,64690
00,13,1,09,56145
00,13,1,11,8547
00,13,2,samt,61229
00,13,2,09,53121
00,13,2,11,8102
00,14,1,samt,64356
00,14,1,09,55321
00,14,1,11,9034
00,14,2,samt,60853
00,14,2,09,52680
00,14,2,11,8175
00,15,1,samt,67096
00,15,1,09,57515
00,15,1,11,9581
00,15,2,samt,63186
00,15,2,09,54488
00,15,2,11,8699
00,16,1,samt,65473
00,16,1,09,55781
00,16,1,11,9694
00,16,2,samt,61657
00,16,2,09,52663
00,16,2,11,8995
00,17,1,samt,65292
00,17,1,09,54888
00,17,1,11,10405
00,17,2,samt,61120
00,17,2,09,51546
00,17,2,11,9576
00,18,1,samt,64712
00,18,1,09,53856
00,18,1,11,10858
00,18,2,samt,60564
00,18,2,09,50815
00,18,2,11,9745
00,19,1,samt,64528
00,19,1,09,53313
00,19,1,11,11216
00,19,2,samt,60704
00,19,2,09,50269
00,19,2,11,10432
00,20,1,samt,62525
00,20,1,09,50936
00,20,1,11,11589
00,20,2,samt,59098
00,20,2,09,48180
00,20,2,11,10920
00,21,1,samt,62818
00,21,1,09,50879
00,21,1,11,11940
00,21,2,samt,58677
00,21,2,09,47687
00,21,2,11,10990
00,22,1,samt,62001
00,22,1,09,49810
00,22,1,11,12189
00,22,2,samt,59290
00,22,2,09,46822
00,22,2,11,12468
00,23,1,samt,61619
00,23,1,09,47823
00,23,1,11,13799
00,23,2,samt,58881
00,23,2,09,45219
00,23,2,11,13658
00,24,1,samt,60869
00,24,1,09,45611
00,24,1,11,15257
00,24,2,samt,57044
00,24,2,09,42824
00,24,2,11,14220
00,25,1,samt,63433
00,25,1,09,45091
00,25,1,11,18339
00,25,2,samt,57731
00,25,2,09,42205
00,25,2,11,15526
00,26,1,samt,67971
00,26,1,09,43646
00,26,1,11,24325
00,26,2,samt,57615
00,26,2,09,41223
00,26,2,11,16395
00,27,1,samt,64415
00,27,1,09,44126
00,27,1,11,20288
00,27,2,samt,58264
00,27,2,09,41232
00,27,2,11,17031
00,28,1,samt,62248
00,28,1,09,44209
00,28,1,11,18041
00,28,2,samt,59453
00,28,2,09,41725
00,28,2,11,17724
00,29,1,samt,64623
00,29,1,09,46223
00,29,1,11,18402
00,29,2,samt,62273
00,29,2,09,44025
00,29,2,11,18249
00,30,1,samt,69296
00,30,1,09,50208
00,30,1,11,19085
00,30,2,samt,66174
00,30,2,09,47347
00,30,2,11,18823
00,31,1,samt,73586
00,31,1,09,53925
00,31,1,11,19657
00,31,2,samt,71190
00,31,2,09,51657
00,31,2,11,19533
00,32,1,samt,76316
00,32,1,09,56407
00,32,1,11,19909
00,32,2,samt,73739
00,32,2,09,53855
00,32,2,11,19887
00,33,1,samt,79853
00,33,1,09,58976
00,33,1,11,20878
00,33,2,samt,76383
00,33,2,09,55590
00,33,2,11,20793
00,34,1,samt,81504
00,34,1,09,59488
00,34,1,11,22016
00,34,2,samt,77653
00,34,2,09,56082
00,34,2,11,21571
00,35,1,samt,82440
00,35,1,09,59442
00,35,1,11,22997
00,35,2,samt,79058
00,35,2,09,56574
00,35,2,11,22486
00,36,1,samt,79243
00,36,1,09,55669
00,36,1,11,23573
00,36,2,samt,75794
00,36,2,09,52763
00,36,2,11,23031
00,37,1,samt,77987
00,37,1,09,53760
00,37,1,11,24228
00,37,2,samt,74310
00,37,2,09,50780
00,37,2,11,23530
00,38,1,samt,73612
00,38,1,09,49590
00,38,1,11,24024
00,38,2,samt,71340
00,38,2,09,47797
00,38,2,11,23545
00,39,1,samt,73114
00,39,1,09,48383
00,39,1,11,24729
00,39,2,samt,69759
00,39,2,09,46051
00,39,2,11,23710
00,40,1,samt,71989
00,40,1,09,46858
00,40,1,11,25129
00,40,2,samt,68060
00,40,2,09,44269
00,40,2,11,23791
00,41,1,samt,69075
00,41,1,09,44419
00,41,1,11,24653
00,41,2,samt,65624
00,41,2,09,42117
00,41,2,11,23510
00,42,1,samt,67298
00,42,1,09,43403
00,42,1,11,23895
00,42,2,samt,64269
00,42,2,09,40908
00,42,2,11,23361
00,43,1,samt,67437
00,43,1,09,43653
00,43,1,11,23787
00,43,2,samt,64160
00,43,2,09,41452
00,43,2,11,22707
00,44,1,samt,65642
00,44,1,09,43665
00,44,1,11,21979
00,44,2,samt,63611
00,44,2,09,42038
00,44,2,11,21572
00,45,1,samt,67712
00,45,1,09,45126
00,45,1,11,22587
00,45,2,samt,65462
00,45,2,09,43097
00,45,2,11,22363
00,46,1,samt,65490
00,46,1,09,44596
00,46,1,11,20892
00,46,2,samt,63386
00,46,2,09,42848
00,46,2,11,20537
00,47,1,samt,63181
00,47,1,09,43108
00,47,1,11,20072
00,47,2,samt,61458
00,47,2,09,41281
00,47,2,11,20178
00,48,1,samt,63824
00,48,1,09,44651
00,48,1,11,19166
00,48,2,samt,61928
00,48,2,09,42313
00,48,2,11,19616
00,49,1,samt,64332
00,49,1,09,45636
00,49,1,11,18694
00,49,2,samt,62213
00,49,2,09,43422
00,49,2,11,18791
00,50,1,samt,66180
00,50,1,09,48044
00,50,1,11,18135
00,50,2,samt,64569
00,50,2,09,45885
00,50,2,11,18682
00,51,1,samt,68713
00,51,1,09,51043
00,51,1,11,17669
00,51,2,samt,67010
00,51,2,09,48646
00,51,2,11,18368
00,52,1,samt,67072
00,52,1,09,50617
00,52,1,11,16457
00,52,2,samt,65738
00,52,2,09,48429
00,52,2,11,17306
00,53,1,samt,67996
00,53,1,09,51734
00,53,1,11,16264
00,53,2,samt,66641
00,53,2,09,49314
00,53,2,11,17328
00,54,1,samt,67395
00,54,1,09,52358
00,54,1,11,15040
00,54,2,samt,66151
00,54,2,09,49822
00,54,2,11,16334
00,55,1,samt,65463
00,55,1,09,50099
00,55,1,11,15364
00,55,2,samt,64493
00,55,2,09,48084
00,55,2,11,16406
00,56,1,samt,64223
00,56,1,09,49322
00,56,1,11,14903
00,56,2,samt,63009
00,56,2,09,46955
00,56,2,11,16057
00,57,1,samt,66384
00,57,1,09,51480
00,57,1,11,14905
00,57,2,samt,65284
00,57,2,09,49709
00,57,2,11,15572
00,58,1,samt,69322
00,58,1,09,55071
00,58,1,11,14251
00,58,2,samt,67713
00,58,2,09,52919
00,58,2,11,14794
00,59,1,samt,69515
00,59,1,09,55464
00,59,1,11,14054
00,59,2,samt,67758
00,59,2,09,53490
00,59,2,11,14270
00,60,1,samt,69092
00,60,1,09,55079
00,60,1,11,14014
00,60,2,samt,67719
00,60,2,09,53368
00,60,2,11,14348
00,61,1,samt,68000
00,61,1,09,54305
00,61,1,11,13697
00,61,2,samt,67209
00,61,2,09,53447
00,61,2,11,13757
00,62,1,samt,63395
00,62,1,09,50137
00,62,1,11,13253
00,62,2,samt,62013
00,62,2,09,48656
00,62,2,11,13355
00,63,1,samt,59739
00,63,1,09,46920
00,63,1,11,12819
00,63,2,samt,59159
00,63,2,09,46166
00,63,2,11,12996
00,64,1,samt,57045
00,64,1,09,45387
00,64,1,11,11659
00,64,2,samt,56901
00,64,2,09,44708
00,64,2,11,12198
00,65,1,samt,55618
00,65,1,09,43596
00,65,1,11,12020
00,65,2,samt,56200
00,65,2,09,43615
00,65,2,11,12585
00,66,1,samt,55475
00,66,1,09,44911
00,66,1,11,10558
00,66,2,samt,55648
00,66,2,09,44074
00,66,2,11,11572
00,67,1,samt,54520
00,67,1,09,44511
00,67,1,11,10011
00,67,2,samt,55059
00,67,2,09,44316
00,67,2,11,10742
00,68,1,samt,54049
00,68,1,09,44099
00,68,1,11,9954
00,68,2,samt,55338
00,68,2,09,44645
00,68,2,11,10692
00,69,1,samt,53800
00,69,1,09,44271
00,69,1,11,9531
00,69,2,samt,54453
00,69,2,09,44091
00,69,2,11,10361
00,70,1,samt,51498
00,70,1,09,42725
00,70,1,11,8778
00,70,2,samt,53579
00,70,2,09,43534
00,70,2,11,10045
00,71,1,samt,49788
00,71,1,09,41222
00,71,1,11,8564
00,71,2,samt,51701
00,71,2,09,42154
00,71,2,11,9544
00,72,1,samt,49943
00,72,1,09,42291
00,72,1,11,7655
00,72,2,samt,52311
00,72,2,09,43403
00,72,2,11,8910
00,73,1,samt,48556
00,73,1,09,41399
00,73,1,11,7155
00,73,2,samt,51297
00,73,2,09,42726
00,73,2,11,8570
00,74,1,samt,46559
00,74,1,09,39895
00,74,1,11,6665
00,74,2,samt,50055
00,74,2,09,41778
00,74,2,11,8281
00,75,1,samt,47799
00,75,1,09,41073
00,75,1,11,6727
00,75,2,samt,51235
00,75,2,09,42916
00,75,2,11,8320
00,76,1,samt,48072
00,76,1,09,41770
00,76,1,11,6300
00,76,2,samt,52162
00,76,2,09,44258
00,76,2,11,7901
00,77,1,samt,47968
00,77,1,09,41981
00,77,1,11,5987
00,77,2,samt,53110
00,77,2,09,45512
00,77,2,11,7600
00,78,1,samt,47080
00,78,1,09,41205
00,78,1,11,5873
00,78,2,samt,51974
00,78,2,09,44722
00,78,2,11,7251
00,79,1,samt,45810
00,79,1,09,40590
00,79,1,11,5220
00,79,2,samt,50917
00,79,2,09,44323
00,79,2,11,6593
2580,80,1,samt,316
2580,80,1,09,298
2580,80,1,11,13
2580,80,2,samt,379
2580,80,2,09,342
2580,80,2,11,37
2580,81,1,samt,278
2580,81,1,09,264
2580,81,1,11,10
2580,81,2,samt,339
2580,81,2,09,315
2580,81,2,11,20
2580,82,1,samt,278
2580,82,1,09,266
2580,82,1,11,11
2580,82,2,samt,310
2580,82,2,09,287
2580,82,2,11,19
2580,83,1,samt,249
2580,83,1,09,237
2580,83,1,11,13
2580,83,2,samt,267
2580,83,2,09,249
2580,83,2,11,20
2580,84,1,samt,200
2580,84,1,09,190
2580,84,1,11,11
2580,84,2,samt,276
2580,84,2,09,252
2580,84,2,11,27
2580,85,1,samt,199
2580,85,1,09,189
2580,85,1,11,12
2580,85,2,samt,216
2580,85,2,09,196
2580,85,2,11,19
2580,86,1,samt,161
2580,86,1,09,154
2580,86,1,11,9
2580,86,2,samt,233
2580,86,2,09,213
2580,86,2,11,21
2580,87,1,samt,127
2580,87,1,09,124
2580,87,1,11,7
2580,87,2,samt,173
2580,87,2,09,156
2580,87,2,11,16
2580,88,1,samt,105
2580,88,1,09,98
2580,88,1,11,3
2580,88,2,samt,168
2580,88,2,09,158
2580,88,2,11,11
2580,89,1,samt,103
2580,89,1,09,96
2580,89,1,11,7
2580,89,2,samt,143
2580,89,2,09,136
2580,89,2,11,8
2580,90,1,samt,72
2580,90,1,09,66
2580,90,1,11,6
2580,90,2,samt,115
2580,90,2,09,106
2580,90,2,11,9
2580,91,1,samt,60
2580,91,1,09,60
2580,91,1,11,0
2580,91,2,samt,100
2580,91,2,09,96
2580,91,2,11,4
2580,92,1,samt,32
2580,92,1,09,34
2580,92,1,11,0
2580,92,2,samt,69
2580,92,2,09,64
2580,92,2,11,7
2580,93,1,samt,33
2580,93,1,09,33
2580,93,1,11,0
2580,93,2,samt,65
2580,93,2,09,62
2580,93,2,11,6
2580,94,1,samt,23
2580,94,1,09,18
2580,94,1,11,0
2580,94,2,samt,41
2580,94,2,09,37
2580,94,2,11,3
2580,95,1,samt,21
2580,95,1,09,21
2580,95,1,11,0
2580,95,2,samt,26
2580,95,2,09,24
2580,95,2,11,5
2580,96,1,samt,8
2580,96,1,09,8
2580,96,1,11,0
2580,96,2,samt,26
2580,96,2,09,23
2580,96,2,11,0
2580,97,1,samt,12
2580,97,1,09,12
2580,97,1,11,0
2580,97,2,samt,14
2580,97,2,09,14
2580,97,2,11,0
2580,98,1,samt,6
2580,98,1,09,6
2580,98,1,11,0
2580,98,2,samt,7
2580,98,2,09,7
2580,98,2,11,0
2580,99,1,samt,3
2580,99,1,09,3
2580,99,1,11,0
2580,99,2,samt,6
2580,99,2,09,3
2580,99,2,11,4
2580,100+1,1,samt,0
2580,100+1,1,09,0
2580,100+1,1,11,0
2580,100+1,2,samt,13
2580,100+1,2,09,13
2580,100+1,2,11,0
2582,80,1,samt,120
2582,80,1,09,117
2582,80,1,11,3
2582,80,2,samt,149
2582,80,2,09,140
2582,80,2,11,7
2582,81,1,samt,163
2582,81,1,09,158
2582,81,1,11,5
2582,81,2,samt,147
2582,81,2,09,141
2582,81,2,11,9
2582,82,1,samt,125
2582,82,1,09,118
2582,82,1,11,5
2582,82,2,samt,126
2582,82,2,09,120
2582,82,2,11,5
2582,83,1,samt,108
2582,83,1,09,105
2582,83,1,11,3
2582,83,2,samt,105
2582,83,2,09,104
2582,83,2,11,3
2582,84,1,samt,79
2582,84,1,09,71
2582,84,1,11,5
2582,84,2,samt,81
2582,84,2,09,77
2582,84,2,11,5
2582,85,1,samt,71
2582,85,1,09,71
2582,85,1,11,0
2582,85,2,samt,97
2582,85,2,09,94
2582,85,2,11,4
2582,86,1,samt,51
2582,86,1,09,46
2582,86,1,11,3
2582,86,2,samt,85
2582,86,2,09,81
2582,86,2,11,6
2582,87,1,samt,45
2582,87,1,09,43
2582,87,1,11,0
2582,87,2,samt,72
2582,87,2,09,66
2582,87,2,11,7
2582,88,1,samt,40
2582,88,1,09,40
2582,88,1,11,0
2582,88,2,samt,70
2582,88,2,09,67
2582,88,2,11,3
2582,89,1,samt,41
2582,89,1,09,41
2582,89,1,11,0
2582,89,2,samt,49
2582,89,2,09,45
2582,89,2,11,4
2582,90,1,samt,26
2582,90,1,09,23
2582,90,1,11,0
2582,90,2,samt,64
2582,90,2,09,61
2582,90,2,11,3
2582,91,1,samt,11
2582,91,1,09,11
2582,91,1,11,0
2582,91,2,samt,36
2582,91,2,09,34
2582,91,2,11,0
2582,92,1,samt,19
2582,92,1,09,19
2582,92,1,11,0
2582,92,2,samt,29
2582,92,2,09,26
2582,92,2,11,0
2582,93,1,samt,14
2582,93,1,09,14
2582,93,1,11,0
2582,93,2,samt,34
2582,93,2,09,33
2582,93,2,11,0
2582,94,1,samt,10
2582,94,1,09,10
2582,94,1,11,0
2582,94,2,samt,16
2582,94,2,09,15
2582,94,2,11,3
2582,95,1,samt,3
2582,95,1,09,3
2582,95,1,11,0
2582,95,2,samt,19
2582,95,2,09,22
2582,95,2,11,3
2582,96,1,samt,5
2582,96,1,09,7
2582,96,1,11,3
2582,96,2,samt,15
2582,96,2,09,14
2582,96,2,11,3
2582,97,1,samt,0
2582,97,1,09,0
2582,97,1,11,0
2582,97,2,samt,17
2582,97,2,09,14
2582,97,2,11,3
2582,98,1,samt,0
2582,98,1,09,0
2582,98,1,11,0
2582,98,2,samt,4
2582,98,2,09,4
2582,98,2,11,0
2582,99,1,samt,4
2582,99,1,09,4
2582,99,1,11,0
2582,99,2,samt,3
2582,99,2,09,3
2582,99,2,11,0
2582,100+1,1,samt,0
2582,100+1,1,09,0
2582,100+1,1,11,0
2582,100+1,2,samt,6
2582,100+1,2,09,6
2582,100+1,2,11,0
2581,80,1,samt,212
2581,80,1,09,203
2581,80,1,11,7
2581,80,2,samt,241
2581,80,2,09,231
2581,80,2,11,14
2581,81,1,samt,187
2581,81,1,09,180
2581,81,1,11,6
2581,81,2,samt,223
2581,81,2,09,214
2581,81,2,11,9
2581,82,1,samt,177
2581,82,1,09,171
2581,82,1,11,4
2581,82,2,samt,189
2581,82,2,09,183
2581,82,2,11,3
2581,83,1,samt,145
2581,83,1,09,142
2581,83,1,11,7
2581,83,2,samt,161
2581,83,2,09,157
2581,83,2,11,5
2581,84,1,samt,113
2581,84,1,09,110
2581,84,1,11,0
2581,84,2,samt,134
2581,84,2,09,126
2581,84,2,11,8
2581,85,1,samt,90
2581,85,1,09,90
2581,85,1,11,0
2581,85,2,samt,102
2581,85,2,09,104
2581,85,2,11,3
2581,86,1,samt,89
2581,86,1,09,87
2581,86,1,11,5
2581,86,2,samt,109
2581,86,2,09,105
2581,86,2,11,6
2581,87,1,samt,72
2581,87,1,09,71
2581,87,1,11,4
2581,87,2,samt,98
2581,87,2,09,98
2581,87,2,11,5
2581,88,1,samt,54
2581,88,1,09,54
2581,88,1,11,0
2581,88,2,samt,73
2581,88,2,09,73
2581,88,2,11,0
2581,89,1,samt,53
2581,89,1,09,48
2581,89,1,11,8
2581,89,2,samt,82
2581,89,2,09,80
2581,89,2,11,0
2581,90,1,samt,37
2581,90,1,09,33
2581,90,1,11,0
2581,90,2,samt,73
2581,90,2,09,72
2581,90,2,11,0
2581,91,1,samt,26
2581,91,1,09,26
2581,91,1,11,0
2581,91,2,samt,57
2581,91,2,09,55
2581,91,2,11,0
2581,92,1,samt,19
2581,92,1,09,19
2581,92,1,11,0
2581,92,2,samt,40
2581,92,2,09,39
2581,92,2,11,3
2581,93,1,samt,11
2581,93,1,09,11
2581,93,1,11,0
2581,93,2,samt,32
2581,93,2,09,30
2581,93,2,11,0
2581,94,1,samt,11
2581,94,1,09,11
2581,94,1,11,0
2581,94,2,samt,27
2581,94,2,09,21
2581,94,2,11,3
2581,95,1,samt,3
2581,95,1,09,3
2581,95,1,11,0
2581,95,2,samt,19
2581,95,2,09,20
2581,95,2,11,3
2581,96,1,samt,3
2581,96,1,09,3
2581,96,1,11,0
2581,96,2,samt,18
2581,96,2,09,18
2581,96,2,11,0
2581,97,1,samt,0
2581,97,1,09,0
2581,97,1,11,0
2581,97,2,samt,12
2581,97,2,09,9
2581,97,2,11,0
2581,98,1,samt,0
2581,98,1,09,0
2581,98,1,11,0
2581,98,2,samt,9
2581,98,2,09,9
2581,98,2,11,0
2581,99,1,samt,0
2581,99,1,09,0
2581,99,1,11,0
2581,99,2,samt,7
2581,99,2,09,7
2581,99,2,11,0
2581,100+1,1,samt,3
2581,100+1,1,09,3
2581,100+1,1,11,0
2581,100+1,2,samt,6
2581,100+1,2,09,6
2581,100+1,2,11,0
2560,80,1,samt,42
2560,80,1,09,40
2560,80,1,11,3
2560,80,2,samt,59
2560,80,2,09,59
2560,80,2,11,3
2560,81,1,samt,45
2560,81,1,09,40
2560,81,1,11,5
2560,81,2,samt,38
2560,81,2,09,37
2560,81,2,11,4
2560,82,1,samt,42
2560,82,1,09,40
2560,82,1,11,0
2560,82,2,samt,38
2560,82,2,09,38
2560,82,2,11,4
2560,83,1,samt,26
2560,83,1,09,26
2560,83,1,11,0
2560,83,2,samt,36
2560,83,2,09,35
2560,83,2,11,0
2560,84,1,samt,21
2560,84,1,09,14
2560,84,1,11,4
2560,84,2,samt,18
2560,84,2,09,17
2560,84,2,11,3
2560,85,1,samt,21
2560,85,1,09,20
2560,85,1,11,0
2560,85,2,samt,26
2560,85,2,09,26
2560,85,2,11,0
2560,86,1,samt,17
2560,86,1,09,19
2560,86,1,11,3
2560,86,2,samt,32
2560,86,2,09,32
2560,86,2,11,0
2560,87,1,samt,15
2560,87,1,09,14
2560,87,1,11,0
2560,87,2,samt,22
2560,87,2,09,23
2560,87,2,11,0
2560,88,1,samt,13
2560,88,1,09,13
2560,88,1,11,0
2560,88,2,samt,20
2560,88,2,09,20
2560,88,2,11,0
2560,89,1,samt,15
2560,89,1,09,15
2560,89,1,11,0
2560,89,2,samt,18
2560,89,2,09,21
2560,89,2,11,3
2560,90,1,samt,9
2560,90,1,09,9
2560,90,1,11,0
2560,90,2,samt,20
2560,90,2,09,20
2560,90,2,11,0
2560,91,1,samt,4
2560,91,1,09,4
2560,91,1,11,0
2560,91,2,samt,16
2560,91,2,09,13
2560,91,2,11,3
2560,92,1,samt,7
2560,92,1,09,7
2560,92,1,11,0
2560,92,2,samt,11
2560,92,2,09,11
2560,92,2,11,0
2560,93,1,samt,6
2560,93,1,09,6
2560,93,1,11,0
2560,93,2,samt,6
2560,93,2,09,4
2560,93,2,11,3
2560,94,1,samt,6
2560,94,1,09,6
2560,94,1,11,0
2560,94,2,samt,5
2560,94,2,09,5
2560,94,2,11,0
2560,95,1,samt,0
2560,95,1,09,0
2560,95,1,11,0
2560,95,2,samt,12
2560,95,2,09,8
2560,95,2,11,0
2560,96,1,samt,0
2560,96,1,09,0
2560,96,1,11,0
2560,96,2,samt,8
2560,96,2,09,8
2560,96,2,11,0
2560,97,1,samt,0
2560,97,1,09,0
2560,97,1,11,0
2560,97,2,samt,3
2560,97,2,09,3
2560,97,2,11,0
2560,98,1,samt,0
2560,98,1,09,0
2560,98,1,11,0
2560,98,2,samt,0
2560,98,2,09,0
2560,98,2,11,0
2560,99,1,samt,0
2560,99,1,09,0
2560,99,1,11,0
2560,99,2,samt,0
2560,99,2,09,0
2560,99,2,11,0
2560,100+1,1,samt,0
2560,100+1,1,09,0
2560,100+1,1,11,0
2560,100+1,2,samt,0
2560,100+1,2,09,0
2560,100+1,2,11,0
2514,80,1,samt,88
2514,80,1,09,81
2514,80,1,11,3
2514,80,2,samt,98
2514,80,2,09,91
2514,80,2,11,6
2514,81,1,samt,77
2514,81,1,09,76
2514,81,1,11,4
2514,81,2,samt,93
2514,81,2,09,84
2514,81,2,11,6
2514,82,1,samt,106
2514,82,1,09,99
2514,82,1,11,6
2514,82,2,samt,73
2514,82,2,09,67
2514,82,2,11,8
2514,83,1,samt,57
2514,83,1,09,55
2514,83,1,11,4
2514,83,2,samt,63
2514,83,2,09,52
2514,83,2,11,7
2514,84,1,samt,62
2514,84,1,09,57
2514,84,1,11,0
2514,84,2,samt,67
2514,84,2,09,61
2514,84,2,11,11
2514,85,1,samt,47
2514,85,1,09,45
2514,85,1,11,3
2514,85,2,samt,67
2514,85,2,09,63
2514,85,2,11,9
2514,86,1,samt,50
2514,86,1,09,44
2514,86,1,11,0
2514,86,2,samt,51
2514,86,2,09,45
2514,86,2,11,7
2514,87,1,samt,28
2514,87,1,09,27
2514,87,1,11,4
2514,87,2,samt,58
2514,87,2,09,52
2514,87,2,11,5
2514,88,1,samt,33
2514,88,1,09,32
2514,88,1,11,3
2514,88,2,samt,47
2514,88,2,09,42
2514,88,2,11,8
2514,89,1,samt,37
2514,89,1,09,34
2514,89,1,11,0
2514,89,2,samt,43
2514,89,2,09,40
2514,89,2,11,0
2514,90,1,samt,21
2514,90,1,09,21
2514,90,1,11,0
2514,90,2,samt,28
2514,90,2,09,23
2514,90,2,11,3
2514,91,1,samt,13
2514,91,1,09,13
2514,91,1,11,0
2514,91,2,samt,30
2514,91,2,09,30
2514,91,2,11,0
2514,92,1,samt,18
2514,92,1,09,18
2514,92,1,11,0
2514,92,2,samt,24
2514,92,2,09,18
2514,92,2,11,3
2514,93,1,samt,7
2514,93,1,09,7
2514,93,1,11,0
2514,93,2,samt,21
2514,93,2,09,21
2514,93,2,11,0
2514,94,1,samt,7
2514,94,1,09,7
2514,94,1,11,0
2514,94,2,samt,12
2514,94,2,09,13
2514,94,2,11,3
2514,95,1,samt,6
2514,95,1,09,6
2514,95,1,11,0
2514,95,2,samt,4
2514,95,2,09,4
2514,95,2,11,0
2514,96,1,samt,4
2514,96,1,09,4
2514,96,1,11,0
2514,96,2,samt,9
2514,96,2,09,7
2514,96,2,11,3
2514,97,1,samt,3
2514,97,1,09,3
2514,97,1,11,0
2514,97,2,samt,11
2514,97,2,09,10
2514,97,2,11,0
2514,98,1,samt,0
2514,98,1,09,0
2514,98,1,11,0
2514,98,2,samt,3
2514,98,2,09,3
2514,98,2,11,0
2514,99,1,samt,0
2514,99,1,09,0
2514,99,1,11,0
2514,99,2,samt,3
2514,99,2,09,3
2514,99,2,11,0
2514,100+1,1,samt,0
2514,100+1,1,09,0
2514,100+1,1,11,0
2514,100+1,2,samt,4
2514,100+1,2,09,4
2514,100+1,2,11,0
0319,80,1,samt,37
0319,80,1,09,31
0319,80,1,11,6
0319,80,2,samt,50
0319,80,2,09,47
0319,80,2,11,3
0319,81,1,samt,50
0319,81,1,09,47
0319,81,1,11,4
0319,81,2,samt,49
0319,81,2,09,46
0319,81,2,11,3
0319,82,1,samt,46
0319,82,1,09,41
0319,82,1,11,4
0319,82,2,samt,37
0319,82,2,09,36
0319,82,2,11,0
0319,83,1,samt,37
0319,83,1,09,30
0319,83,1,11,6
0319,83,2,samt,46
0319,83,2,09,43
0319,83,2,11,5
0319,84,1,samt,26
0319,84,1,09,20
0319,84,1,11,3
0319,84,2,samt,31
0319,84,2,09,32
0319,84,2,11,4
0319,85,1,samt,12
0319,85,1,09,10
0319,85,1,11,3
0319,85,2,samt,30
0319,85,2,09,27
0319,85,2,11,3
0319,86,1,samt,20
0319,86,1,09,20
0319,86,1,11,0
0319,86,2,samt,18
0319,86,2,09,16
0319,86,2,11,4
0319,87,1,samt,21
0319,87,1,09,14
0319,87,1,11,3
0319,87,2,samt,25
0319,87,2,09,22
0319,87,2,11,5
0319,88,1,samt,20
0319,88,1,09,17
0319,88,1,11,0
0319,88,2,samt,20
0319,88,2,09,17
0319,88,2,11,6
0319,89,1,samt,12
0319,89,1,09,11
0319,89,1,11,3
0319,89,2,samt,10
0319,89,2,09,10
0319,89,2,11,0
0319,90,1,samt,3
0319,90,1,09,3
0319,90,1,11,0
0319,90,2,samt,20
0319,90,2,09,20
0319,90,2,11,0
0319,91,1,samt,9
0319,91,1,09,7
0319,91,1,11,0
0319,91,2,samt,11
0319,91,2,09,13
0319,91,2,11,3
0319,92,1,samt,7
0319,92,1,09,7
0319,92,1,11,0
0319,92,2,samt,17
0319,92,2,09,11
0319,92,2,11,5
0319,93,1,samt,5
0319,93,1,09,5
0319,93,1,11,0
0319,93,2,samt,3
0319,93,2,09,3
0319,93,2,11,0
0319,94,1,samt,3
0319,94,1,09,3
0319,94,1,11,0
0319,94,2,samt,3
0319,94,2,09,3
0319,94,2,11,0
0319,95,1,samt,4
0319,95,1,09,4
0319,95,1,11,0
0319,95,2,samt,4
0319,95,2,09,4
0319,95,2,11,0
0319,96,1,samt,3
0319,96,1,09,0
0319,96,1,11,0
0319,96,2,samt,4
0319,96,2,09,4
0319,96,2,11,0
0319,97,1,samt,0
0319,97,1,09,0
0319,97,1,11,0
0319,97,2,samt,3
0319,97,2,09,3
0319,97,2,11,0
0319,98,1,samt,0
0319,98,1,09,0
0319,98,1,11,0
0319,98,2,samt,4
0319,98,2,09,4
0319,98,2,11,0
0319,99,1,samt,3
0319,99,1,09,4
0319,99,1,11,0
0319,99,2,samt,0
0319,99,2,09,0
0319,99,2,11,0
0319,100+1,1,samt,0
0319,100+1,1,09,0
0319,100+1,1,11,0
0319,100+1,2,samt,4
0319,100+1,2,09,4
0319,100+1,2,11,0
0780,80,1,samt,382
0780,80,1,09,336
0780,80,1,11,45
0780,80,2,samt,410
0780,80,2,09,366
0780,80,2,11,45
0780,81,1,samt,361
0780,81,1,09,329
0780,81,1,11,33
0780,81,2,samt,400
0780,81,2,09,362
0780,81,2,11,41
0780,82,1,samt,315
0780,82,1,09,291
0780,82,1,11,23
0780,82,2,samt,363
0780,82,2,09,327
0780,82,2,11,36
0780,83,1,samt,299
0780,83,1,09,264
0780,83,1,11,34
0780,83,2,samt,302
0780,83,2,09,273
0780,83,2,11,26
0780,84,1,samt,237
0780,84,1,09,216
0780,84,1,11,19
0780,84,2,samt,252
0780,84,2,09,229
0780,84,2,11,23
0780,85,1,samt,208
0780,85,1,09,185
0780,85,1,11,24
0780,85,2,samt,229
0780,85,2,09,209
0780,85,2,11,22
0780,86,1,samt,172
0780,86,1,09,150
0780,86,1,11,22
0780,86,2,samt,226
0780,86,2,09,202
0780,86,2,11,22
0780,87,1,samt,150
0780,87,1,09,139
0780,87,1,11,10
0780,87,2,samt,212
0780,87,2,09,197
0780,87,2,11,18
0780,88,1,samt,151
0780,88,1,09,140
0780,88,1,11,6
0780,88,2,samt,189
0780,88,2,09,166
0780,88,2,11,23
0780,89,1,samt,109
0780,89,1,09,99
0780,89,1,11,10
0780,89,2,samt,161
0780,89,2,09,148
0780,89,2,11,13
0780,90,1,samt,90
0780,90,1,09,85
0780,90,1,11,4
0780,90,2,samt,140
0780,90,2,09,136
0780,90,2,11,9
0780,91,1,samt,76
0780,91,1,09,69
0780,91,1,11,4
0780,91,2,samt,116
0780,91,2,09,104
0780,91,2,11,10
0780,92,1,samt,38
0780,92,1,09,36
0780,92,1,11,5
0780,92,2,samt,103
0780,92,2,09,93
0780,92,2,11,11
0780,93,1,samt,42
0780,93,1,09,38
0780,93,1,11,6
0780,93,2,samt,91
0780,93,2,09,84
0780,93,2,11,9
0780,94,1,samt,23
0780,94,1,09,23
0780,94,1,11,3
0780,94,2,samt,58
0780,94,2,09,54
0780,94,2,11,4
0780,95,1,samt,20
0780,95,1,09,20
0780,95,1,11,0
0780,95,2,samt,71
0780,95,2,09,64
0780,95,2,11,4
0780,96,1,samt,5
0780,96,1,09,7
0780,96,1,11,0
0780,96,2,samt,39
0780,96,2,09,33
0780,96,2,11,3
0780,97,1,samt,9
0780,97,1,09,8
0780,97,1,11,0
0780,97,2,samt,31
0780,97,2,09,26
0780,97,2,11,3
0780,98,1,samt,3
0780,98,1,09,3
0780,98,1,11,0
0780,98,2,samt,23
0780,98,2,09,20
0780,98,2,11,4
0780,99,1,samt,3
0780,99,1,09,3
0780,99,1,11,0
0780,99,2,samt,20
0780,99,2,09,15
0780,99,2,11,4
0780,100+1,1,samt,5
0780,100+1,1,09,5
0780,100+1,1,11,0
0780,100+1,2,samt,19
0780,100+1,2,09,17
0780,100+1,2,11,3
1427,80,1,samt,62
1427,80,1,09,61
1427,80,1,11,0
1427,80,2,samt,83
1427,80,2,09,79
1427,80,2,11,4
1427,81,1,samt,71
1427,81,1,09,68
1427,81,1,11,3
1427,81,2,samt,64
1427,81,2,09,63
1427,81,2,11,7
1427,82,1,samt,57
1427,82,1,09,53
1427,82,1,11,3
1427,82,2,samt,65
1427,82,2,09,66
1427,82,2,11,3
1427,83,1,samt,51
1427,83,1,09,49
1427,83,1,11,4
1427,83,2,samt,44
1427,83,2,09,44
1427,83,2,11,3
1427,84,1,samt,36
1427,84,1,09,35
1427,84,1,11,0
1427,84,2,samt,36
1427,84,2,09,32
1427,84,2,11,3
1427,85,1,samt,27
1427,85,1,09,21
1427,85,1,11,4
1427,85,2,samt,31
1427,85,2,09,31
1427,85,2,11,3
1427,86,1,samt,20
1427,86,1,09,20
1427,86,1,11,0
1427,86,2,samt,37
1427,86,2,09,34
1427,86,2,11,0
1427,87,1,samt,21
1427,87,1,09,15
1427,87,1,11,3
1427,87,2,samt,33
1427,87,2,09,29
1427,87,2,11,0
1427,88,1,samt,18
1427,88,1,09,17
1427,88,1,11,0
1427,88,2,samt,24
1427,88,2,09,18
1427,88,2,11,3
1427,89,1,samt,13
1427,89,1,09,8
1427,89,1,11,0
1427,89,2,samt,23
1427,89,2,09,17
1427,89,2,11,3
1427,90,1,samt,13
1427,90,1,09,13
1427,90,1,11,0
1427,90,2,samt,12
1427,90,2,09,12
1427,90,2,11,0
1427,91,1,samt,5
1427,91,1,09,5
1427,91,1,11,0
1427,91,2,samt,11
1427,91,2,09,11
1427,91,2,11,0
1427,92,1,samt,11
1427,92,1,09,12
1427,92,1,11,0
1427,92,2,samt,15
1427,92,2,09,11
1427,92,2,11,3
1427,93,1,samt,4
1427,93,1,09,4
1427,93,1,11,0
1427,93,2,samt,17
1427,93,2,09,17
1427,93,2,11,0
1427,94,1,samt,6
1427,94,1,09,6
1427,94,1,11,0
1427,94,2,samt,13
1427,94,2,09,9
1427,94,2,11,0
1427,95,1,samt,3
1427,95,1,09,3
1427,95,1,11,0
1427,95,2,samt,8
1427,95,2,09,8
1427,95,2,11,0
1427,96,1,samt,0
1427,96,1,09,0
1427,96,1,11,0
1427,96,2,samt,6
1427,96,2,09,5
1427,96,2,11,3
1427,97,1,samt,4
1427,97,1,09,4
1427,97,1,11,0
1427,97,2,samt,3
1427,97,2,09,3
1427,97,2,11,0
1427,98,1,samt,0
1427,98,1,09,0
1427,98,1,11,0
1427,98,2,samt,0
1427,98,2,09,0
1427,98,2,11,0
1427,99,1,samt,0
1427,99,1,09,0
1427,99,1,11,0
1427,99,2,samt,0
1427,99,2,09,0
1427,99,2,11,0
1427,100+1,1,samt,0
1427,100+1,1,09,0
1427,100+1,1,11,0
1427,100+1,2,samt,3
1427,100+1,2,09,3
1427,100+1,2,11,0
1430,80,1,samt,73
1430,80,1,09,66
1430,80,1,11,8
1430,80,2,samt,47
1430,80,2,09,40
1430,80,2,11,4
1430,81,1,samt,47
1430,81,1,09,41
1430,81,1,11,0
1430,81,2,samt,56
1430,81,2,09,53
1430,81,2,11,0
1430,82,1,samt,54
1430,82,1,09,47
1430,82,1,11,4
1430,82,2,samt,66
1430,82,2,09,56
1430,82,2,11,4
1430,83,1,samt,44
1430,83,1,09,41
1430,83,1,11,3
1430,83,2,samt,42
1430,83,2,09,44
1430,83,2,11,3
1430,84,1,samt,35
1430,84,1,09,32
1430,84,1,11,0
1430,84,2,samt,34
1430,84,2,09,32
1430,84,2,11,3
1430,85,1,samt,28
1430,85,1,09,26
1430,85,1,11,3
1430,85,2,samt,25
1430,85,2,09,23
1430,85,2,11,0
1430,86,1,samt,20
1430,86,1,09,20
1430,86,1,11,0
1430,86,2,samt,37
1430,86,2,09,35
1430,86,2,11,0
1430,87,1,samt,23
1430,87,1,09,21
1430,87,1,11,0
1430,87,2,samt,24
1430,87,2,09,25
1430,87,2,11,4
1430,88,1,samt,20
1430,88,1,09,18
1430,88,1,11,3
1430,88,2,samt,25
1430,88,2,09,21
1430,88,2,11,3
1430,89,1,samt,18
1430,89,1,09,16
1430,89,1,11,0
1430,89,2,samt,27
1430,89,2,09,26
1430,89,2,11,0
1430,90,1,samt,15
1430,90,1,09,16
1430,90,1,11,3
1430,90,2,samt,21
1430,90,2,09,21
1430,90,2,11,0
1430,91,1,samt,10
1430,91,1,09,10
1430,91,1,11,0
1430,91,2,samt,18
1430,91,2,09,17
1430,91,2,11,0
1430,92,1,samt,12
1430,92,1,09,10
1430,92,1,11,0
1430,92,2,samt,9
1430,92,2,09,9
1430,92,2,11,0
1430,93,1,samt,5
1430,93,1,09,5
1430,93,1,11,0
1430,93,2,samt,11
1430,93,2,09,11
1430,93,2,11,0
1430,94,1,samt,4
1430,94,1,09,4
1430,94,1,11,0
1430,94,2,samt,13
1430,94,2,09,13
1430,94,2,11,0
1430,95,1,samt,0
1430,95,1,09,0
1430,95,1,11,0
1430,95,2,samt,3
1430,95,2,09,3
1430,95,2,11,0
1430,96,1,samt,3
1430,96,1,09,3
1430,96,1,11,0
1430,96,2,samt,8
1430,96,2,09,8
1430,96,2,11,3
1430,97,1,samt,0
1430,97,1,09,0
1430,97,1,11,0
1430,97,2,samt,3
1430,97,2,09,3
1430,97,2,11,0
1430,98,1,samt,0
1430,98,1,09,0
1430,98,1,11,0
1430,98,2,samt,6
1430,98,2,09,6
1430,98,2,11,0
1430,99,1,samt,3
1430,99,1,09,3
1430,99,1,11,0
1430,99,2,samt,4
1430,99,2,09,4
1430,99,2,11,0
1430,100+1,1,samt,0
1430,100+1,1,09,0
1430,100+1,1,11,0
1430,100+1,2,samt,3
1430,100+1,2,09,3
1430,100+1,2,11,0
1439,80,1,samt,31
1439,80,1,09,28
1439,80,1,11,0
1439,80,2,samt,40
1439,80,2,09,40
1439,80,2,11,0
1439,81,1,samt,31
1439,81,1,09,31
1439,81,1,11,0
1439,81,2,samt,22
1439,81,2,09,20
1439,81,2,11,3
1439,82,1,samt,29
1439,82,1,09,23
1439,82,1,11,0
1439,82,2,samt,24
1439,82,2,09,19
1439,82,2,11,0
1439,83,1,samt,17
1439,83,1,09,17
1439,83,1,11,0
1439,83,2,samt,20
1439,83,2,09,18
1439,83,2,11,3
1439,84,1,samt,15
1439,84,1,09,13
1439,84,1,11,3
1439,84,2,samt,17
1439,84,2,09,18
1439,84,2,11,0
1439,85,1,samt,19
1439,85,1,09,17
1439,85,1,11,0
1439,85,2,samt,19
1439,85,2,09,20
1439,85,2,11,0
1439,86,1,samt,15
1439,86,1,09,13
1439,86,1,11,0
1439,86,2,samt,19
1439,86,2,09,17
1439,86,2,11,3
1439,87,1,samt,16
1439,87,1,09,14
1439,87,1,11,3
1439,87,2,samt,21
1439,87,2,09,21
1439,87,2,11,0
1439,88,1,samt,7
1439,88,1,09,8
1439,88,1,11,0
1439,88,2,samt,14
1439,88,2,09,14
1439,88,2,11,0
1439,89,1,samt,5
1439,89,1,09,5
1439,89,1,11,0
1439,89,2,samt,12
1439,89,2,09,9
1439,89,2,11,3
1439,90,1,samt,9
1439,90,1,09,9
1439,90,1,11,0
1439,90,2,samt,12
1439,90,2,09,14
1439,90,2,11,0
1439,91,1,samt,3
1439,91,1,09,3
1439,91,1,11,0
1439,91,2,samt,4
1439,91,2,09,4
1439,91,2,11,0
1439,92,1,samt,9
1439,92,1,09,9
1439,92,1,11,0
1439,92,2,samt,10
1439,92,2,09,10
1439,92,2,11,0
1439,93,1,samt,3
1439,93,1,09,3
1439,93,1,11,0
1439,93,2,samt,7
1439,93,2,09,7
1439,93,2,11,0
1439,94,1,samt,0
1439,94,1,09,0
1439,94,1,11,0
1439,94,2,samt,7
1439,94,2,09,7
1439,94,2,11,0
1439,95,1,samt,4
1439,95,1,09,4
1439,95,1,11,0
1439,95,2,samt,5
1439,95,2,09,6
1439,95,2,11,0
1439,96,1,samt,0
1439,96,1,09,0
1439,96,1,11,0
1439,96,2,samt,3
1439,96,2,09,3
1439,96,2,11,0
1439,97,1,samt,0
1439,97,1,09,0
1439,97,1,11,0
1439,97,2,samt,3
1439,97,2,09,3
1439,97,2,11,0
1439,98,1,samt,0
1439,98,1,09,0
1439,98,1,11,0
1439,98,2,samt,4
1439,98,2,09,4
1439,98,2,11,0
1439,99,1,samt,0
1439,99,1,09,0
1439,99,1,11,0
1439,99,2,samt,0
1439,99,2,09,0
1439,99,2,11,0
1439,100+1,1,samt,0
1439,100+1,1,09,0
1439,100+1,1,11,0
1439,100+1,2,samt,3
1439,100+1,2,09,3
1439,100+1,2,11,0
1444,80,1,samt,31
1444,80,1,09,31
1444,80,1,11,0
1444,80,2,samt,25
1444,80,2,09,23
1444,80,2,11,0
1444,81,1,samt,31
1444,81,1,09,30
1444,81,1,11,0
1444,81,2,samt,25
1444,81,2,09,24
1444,81,2,11,3
1444,82,1,samt,23
1444,82,1,09,24
1444,82,1,11,0
1444,82,2,samt,37
1444,82,2,09,37
1444,82,2,11,0
1444,83,1,samt,20
1444,83,1,09,20
1444,83,1,11,0
1444,83,2,samt,16
1444,83,2,09,14
1444,83,2,11,3
1444,84,1,samt,21
1444,84,1,09,18
1444,84,1,11,0
1444,84,2,samt,17
1444,84,2,09,17
1444,84,2,11,0
1444,85,1,samt,10
1444,85,1,09,10
1444,85,1,11,0
1444,85,2,samt,20
1444,85,2,09,20
1444,85,2,11,0
1444,86,1,samt,7
1444,86,1,09,7
1444,86,1,11,0
1444,86,2,samt,19
1444,86,2,09,17
1444,86,2,11,0
1444,87,1,samt,16
1444,87,1,09,17
1444,87,1,11,0
1444,87,2,samt,16
1444,87,2,09,16
1444,87,2,11,0
1444,88,1,samt,5
1444,88,1,09,5
1444,88,1,11,0
1444,88,2,samt,9
1444,88,2,09,11
1444,88,2,11,3
1444,89,1,samt,4
1444,89,1,09,4
1444,89,1,11,0
1444,89,2,samt,9
1444,89,2,09,9
1444,89,2,11,0
1444,90,1,samt,0
1444,90,1,09,0
1444,90,1,11,0
1444,90,2,samt,6
1444,90,2,09,4
1444,90,2,11,0
1444,91,1,samt,7
1444,91,1,09,3
1444,91,1,11,0
1444,91,2,samt,7
1444,91,2,09,8
1444,91,2,11,3
1444,92,1,samt,13
1444,92,1,09,10
1444,92,1,11,0
1444,92,2,samt,6
1444,92,2,09,6
1444,92,2,11,0
1444,93,1,samt,3
1444,93,1,09,3
1444,93,1,11,0
1444,93,2,samt,12
1444,93,2,09,12
1444,93,2,11,0
1444,94,1,samt,6
1444,94,1,09,6
1444,94,1,11,0
1444,94,2,samt,4
1444,94,2,09,4
1444,94,2,11,0
1444,95,1,samt,3
1444,95,1,09,3
1444,95,1,11,0
1444,95,2,samt,3
1444,95,2,09,3
1444,95,2,11,0
1444,96,1,samt,0
1444,96,1,09,0
1444,96,1,11,0
1444,96,2,samt,0
1444,96,2,09,0
1444,96,2,11,0
1444,97,1,samt,0
1444,97,1,09,0
1444,97,1,11,0
1444,97,2,samt,4
1444,97,2,09,4
1444,97,2,11,0
1444,98,1,samt,0
1444,98,1,09,0
1444,98,1,11,0
1444,98,2,samt,3
1444,98,2,09,3
1444,98,2,11,0
1444,99,1,samt,0
1444,99,1,09,0
1444,99,1,11,0
1444,99,2,samt,0
1444,99,2,09,0
1444,99,2,11,0
1444,100+1,1,samt,0
1444,100+1,1,09,0
1444,100+1,1,11,0
1444,100+1,2,samt,3
1444,100+1,2,09,3
1444,100+1,2,11,0
1461,80,1,samt,62
1461,80,1,09,53
1461,80,1,11,7
1461,80,2,samt,60
1461,80,2,09,57
1461,80,2,11,3
1461,81,1,samt,41
1461,81,1,09,40
1461,81,1,11,3
1461,81,2,samt,54
1461,81,2,09,56
1461,81,2,11,3
1461,82,1,samt,50
1461,82,1,09,46
1461,82,1,11,0
1461,82,2,samt,40
1461,82,2,09,36
1461,82,2,11,7
1461,83,1,samt,42
1461,83,1,09,39
1461,83,1,11,0
1461,83,2,samt,30
1461,83,2,09,25
1461,83,2,11,8
1461,84,1,samt,38
1461,84,1,09,33
1461,84,1,11,7
1461,84,2,samt,22
1461,84,2,09,22
1461,84,2,11,0
1461,85,1,samt,38
1461,85,1,09,31
1461,85,1,11,3
1461,85,2,samt,31
1461,85,2,09,29
1461,85,2,11,3
1461,86,1,samt,9
1461,86,1,09,10
1461,86,1,11,0
1461,86,2,samt,36
1461,86,2,09,33
1461,86,2,11,3
1461,87,1,samt,22
1461,87,1,09,21
1461,87,1,11,5
1461,87,2,samt,37
1461,87,2,09,31
1461,87,2,11,5
1461,88,1,samt,20
1461,88,1,09,20
1461,88,1,11,0
1461,88,2,samt,27
1461,88,2,09,23
1461,88,2,11,3
1461,89,1,samt,9
1461,89,1,09,9
1461,89,1,11,0
1461,89,2,samt,17
1461,89,2,09,14
1461,89,2,11,0
1461,90,1,samt,14
1461,90,1,09,11
1461,90,1,11,3
1461,90,2,samt,21
1461,90,2,09,16
1461,90,2,11,7
1461,91,1,samt,9
1461,91,1,09,6
1461,91,1,11,3
1461,91,2,samt,12
1461,91,2,09,10
1461,91,2,11,0
1461,92,1,samt,10
1461,92,1,09,8
1461,92,1,11,3
1461,92,2,samt,8
1461,92,2,09,8
1461,92,2,11,0
1461,93,1,samt,10
1461,93,1,09,5
1461,93,1,11,3
1461,93,2,samt,10
1461,93,2,09,11
1461,93,2,11,0
1461,94,1,samt,8
1461,94,1,09,8
1461,94,1,11,0
1461,94,2,samt,13
1461,94,2,09,10
1461,94,2,11,3
1461,95,1,samt,7
1461,95,1,09,7
1461,95,1,11,0
1461,95,2,samt,14
1461,95,2,09,10
1461,95,2,11,3
1461,96,1,samt,0
1461,96,1,09,0
1461,96,1,11,0
1461,96,2,samt,6
1461,96,2,09,6
1461,96,2,11,0
1461,97,1,samt,0
1461,97,1,09,0
1461,97,1,11,0
1461,97,2,samt,0
1461,97,2,09,0
1461,97,2,11,0
1461,98,1,samt,0
1461,98,1,09,0
1461,98,1,11,0
1461,98,2,samt,0
1461,98,2,09,0
1461,98,2,11,0
1461,99,1,samt,3
1461,99,1,09,0
1461,99,1,11,3
1461,99,2,samt,0
1461,99,2,09,0
1461,99,2,11,0
1461,100+1,1,samt,0
1461,100+1,1,09,0
1461,100+1,1,11,0
1461,100+1,2,samt,5
1461,100+1,2,09,5
1461,100+1,2,11,0
1484,80,1,samt,90
1484,80,1,09,84
1484,80,1,11,4
1484,80,2,samt,106
1484,80,2,09,102
1484,80,2,11,8
1484,81,1,samt,89
1484,81,1,09,82
1484,81,1,11,8
1484,81,2,samt,90
1484,81,2,09,86
1484,81,2,11,7
1484,82,1,samt,86
1484,82,1,09,80
1484,82,1,11,0
1484,82,2,samt,81
1484,82,2,09,75
1484,82,2,11,6
1484,83,1,samt,61
1484,83,1,09,51
1484,83,1,11,9
1484,83,2,samt,74
1484,83,2,09,73
1484,83,2,11,3
1484,84,1,samt,65
1484,84,1,09,62
1484,84,1,11,3
1484,84,2,samt,65
1484,84,2,09,59
1484,84,2,11,3
1484,85,1,samt,52
1484,85,1,09,47
1484,85,1,11,5
1484,85,2,samt,54
1484,85,2,09,51
1484,85,2,11,0
1484,86,1,samt,41
1484,86,1,09,37
1484,86,1,11,6
1484,86,2,samt,53
1484,86,2,09,52
1484,86,2,11,3
1484,87,1,samt,43
1484,87,1,09,35
1484,87,1,11,3
1484,87,2,samt,48
1484,87,2,09,45
1484,87,2,11,5
1484,88,1,samt,34
1484,88,1,09,30
1484,88,1,11,5
1484,88,2,samt,29
1484,88,2,09,22
1484,88,2,11,5
1484,89,1,samt,18
1484,89,1,09,19
1484,89,1,11,0
1484,89,2,samt,32
1484,89,2,09,26
1484,89,2,11,4
1484,90,1,samt,20
1484,90,1,09,19
1484,90,1,11,3
1484,90,2,samt,26
1484,90,2,09,22
1484,90,2,11,3
1484,91,1,samt,11
1484,91,1,09,11
1484,91,1,11,0
1484,91,2,samt,21
1484,91,2,09,20
1484,91,2,11,3
1484,92,1,samt,13
1484,92,1,09,13
1484,92,1,11,0
1484,92,2,samt,22
1484,92,2,09,18
1484,92,2,11,0
1484,93,1,samt,4
1484,93,1,09,4
1484,93,1,11,0
1484,93,2,samt,22
1484,93,2,09,22
1484,93,2,11,0
1484,94,1,samt,10
1484,94,1,09,8
1484,94,1,11,3
1484,94,2,samt,22
1484,94,2,09,22
1484,94,2,11,0
1484,95,1,samt,8
1484,95,1,09,3
1484,95,1,11,0
1484,95,2,samt,7
1484,95,2,09,7
1484,95,2,11,0
1484,96,1,samt,11
1484,96,1,09,9
1484,96,1,11,3
1484,96,2,samt,15
1484,96,2,09,15
1484,96,2,11,0
1484,97,1,samt,0
1484,97,1,09,0
1484,97,1,11,0
1484,97,2,samt,4
1484,97,2,09,6
1484,97,2,11,0
1484,98,1,samt,6
1484,98,1,09,6
1484,98,1,11,0
1484,98,2,samt,0
1484,98,2,09,0
1484,98,2,11,0
1484,99,1,samt,0
1484,99,1,09,0
1484,99,1,11,0
1484,99,2,samt,0
1484,99,2,09,0
1484,99,2,11,0
1484,100+1,1,samt,0
1484,100+1,1,09,0
1484,100+1,1,11,0
1484,100+1,2,samt,6
1484,100+1,2,09,6
1484,100+1,2,11,0
1485,80,1,samt,236
1485,80,1,09,220
1485,80,1,11,19
1485,80,2,samt,266
1485,80,2,09,251
1485,80,2,11,15
1485,81,1,samt,232
1485,81,1,09,213
1485,81,1,11,23
1485,81,2,samt,242
1485,81,2,09,227
1485,81,2,11,14
1485,82,1,samt,213
1485,82,1,09,196
1485,82,1,11,19
1485,82,2,samt,213
1485,82,2,09,199
1485,82,2,11,15
1485,83,1,samt,154
1485,83,1,09,146
1485,83,1,11,8
1485,83,2,samt,224
1485,83,2,09,210
1485,83,2,11,16
1485,84,1,samt,142
1485,84,1,09,128
1485,84,1,11,11
1485,84,2,samt,163
1485,84,2,09,150
1485,84,2,11,17
1485,85,1,samt,122
1485,85,1,09,111
1485,85,1,11,8
1485,85,2,samt,175
1485,85,2,09,160
1485,85,2,11,12
1485,86,1,samt,107
1485,86,1,09,99
1485,86,1,11,7
1485,86,2,samt,162
1485,86,2,09,148
1485,86,2,11,16
1485,87,1,samt,95
1485,87,1,09,91
1485,87,1,11,3
1485,87,2,samt,131
1485,87,2,09,121
1485,87,2,11,13
1485,88,1,samt,98
1485,88,1,09,89
1485,88,1,11,5
1485,88,2,samt,132
1485,88,2,09,113
1485,88,2,11,16
1485,89,1,samt,83
1485,89,1,09,76
1485,89,1,11,6
1485,89,2,samt,104
1485,89,2,09,92
1485,89,2,11,11
1485,90,1,samt,65
1485,90,1,09,60
1485,90,1,11,6
1485,90,2,samt,97
1485,90,2,09,90
1485,90,2,11,7
1485,91,1,samt,39
1485,91,1,09,37
1485,91,1,11,4
1485,91,2,samt,69
1485,91,2,09,59
1485,91,2,11,9
1485,92,1,samt,39
1485,92,1,09,35
1485,92,1,11,5
1485,92,2,samt,78
1485,92,2,09,68
1485,92,2,11,12
1485,93,1,samt,29
1485,93,1,09,29
1485,93,1,11,3
1485,93,2,samt,43
1485,93,2,09,43
1485,93,2,11,4
1485,94,1,samt,22
1485,94,1,09,20
1485,94,1,11,0
1485,94,2,samt,38
1485,94,2,09,38
1485,94,2,11,3
1485,95,1,samt,14
1485,95,1,09,13
1485,95,1,11,0
1485,95,2,samt,31
1485,95,2,09,29
1485,95,2,11,6
1485,96,1,samt,12
1485,96,1,09,12
1485,96,1,11,0
1485,96,2,samt,33
1485,96,2,09,28
1485,96,2,11,4
1485,97,1,samt,0
1485,97,1,09,0
1485,97,1,11,0
1485,97,2,samt,28
1485,97,2,09,28
1485,97,2,11,0
1485,98,1,samt,0
1485,98,1,09,0
1485,98,1,11,0
1485,98,2,samt,17
1485,98,2,09,14
1485,98,2,11,0
1485,99,1,samt,0
1485,99,1,09,0
1485,99,1,11,0
1485,99,2,samt,11
1485,99,2,09,5
1485,99,2,11,3
1485,100+1,1,samt,3
1485,100+1,1,09,3
1485,100+1,1,11,0
1485,100+1,2,samt,13
1485,100+1,2,09,13
1485,100+1,2,11,0
1487,80,1,samt,196
1487,80,1,09,179
1487,80,1,11,20
1487,80,2,samt,245
1487,80,2,09,235
1487,80,2,11,11
1487,81,1,samt,161
1487,81,1,09,149
1487,81,1,11,13
1487,81,2,samt,199
1487,81,2,09,181
1487,81,2,11,17
1487,82,1,samt,145
1487,82,1,09,139
1487,82,1,11,3
1487,82,2,samt,193
1487,82,2,09,183
1487,82,2,11,10
1487,83,1,samt,141
1487,83,1,09,132
1487,83,1,11,10
1487,83,2,samt,177
1487,83,2,09,168
1487,83,2,11,9
1487,84,1,samt,118
1487,84,1,09,106
1487,84,1,11,11
1487,84,2,samt,141
1487,84,2,09,129
1487,84,2,11,15
1487,85,1,samt,108
1487,85,1,09,97
1487,85,1,11,13
1487,85,2,samt,131
1487,85,2,09,119
1487,85,2,11,13
1487,86,1,samt,107
1487,86,1,09,95
1487,86,1,11,7
1487,86,2,samt,132
1487,86,2,09,127
1487,86,2,11,6
1487,87,1,samt,71
1487,87,1,09,64
1487,87,1,11,9
1487,87,2,samt,97
1487,87,2,09,91
1487,87,2,11,10
1487,88,1,samt,73
1487,88,1,09,68
1487,88,1,11,4
1487,88,2,samt,88
1487,88,2,09,78
1487,88,2,11,8
1487,89,1,samt,38
1487,89,1,09,38
1487,89,1,11,0
1487,89,2,samt,82
1487,89,2,09,75
1487,89,2,11,4
1487,90,1,samt,35
1487,90,1,09,29
1487,90,1,11,3
1487,90,2,samt,73
1487,90,2,09,67
1487,90,2,11,7
1487,91,1,samt,35
1487,91,1,09,35
1487,91,1,11,0
1487,91,2,samt,65
1487,91,2,09,55
1487,91,2,11,9
1487,92,1,samt,28
1487,92,1,09,23
1487,92,1,11,5
1487,92,2,samt,49
1487,92,2,09,45
1487,92,2,11,3
1487,93,1,samt,27
1487,93,1,09,23
1487,93,1,11,5
1487,93,2,samt,42
1487,93,2,09,41
1487,93,2,11,3
1487,94,1,samt,22
1487,94,1,09,19
1487,94,1,11,0
1487,94,2,samt,28
1487,94,2,09,28
1487,94,2,11,0
1487,95,1,samt,4
1487,95,1,09,4
1487,95,1,11,0
1487,95,2,samt,21
1487,95,2,09,18
1487,95,2,11,3
1487,96,1,samt,10
1487,96,1,09,10
1487,96,1,11,3
1487,96,2,samt,17
1487,96,2,09,12
1487,96,2,11,0
1487,97,1,samt,3
1487,97,1,09,3
1487,97,1,11,0
1487,97,2,samt,15
1487,97,2,09,13
1487,97,2,11,0
1487,98,1,samt,5
1487,98,1,09,5
1487,98,1,11,0
1487,98,2,samt,7
1487,98,2,09,4
1487,98,2,11,0
1487,99,1,samt,3
1487,99,1,09,3
1487,99,1,11,0
1487,99,2,samt,13
1487,99,2,09,10
1487,99,2,11,3
1487,100+1,1,samt,3
1487,100+1,1,09,3
1487,100+1,1,11,0
1487,100+1,2,samt,6
1487,100+1,2,09,6
1487,100+1,2,11,0
1488,80,1,samt,222
1488,80,1,09,192
1488,80,1,11,34
1488,80,2,samt,247
1488,80,2,09,213
1488,80,2,11,35
1488,81,1,samt,200
1488,81,1,09,173
1488,81,1,11,28
1488,81,2,samt,239
1488,81,2,09,205
1488,81,2,11,32
1488,82,1,samt,188
1488,82,1,09,157
1488,82,1,11,32
1488,82,2,samt,217
1488,82,2,09,192
1488,82,2,11,22
1488,83,1,samt,169
1488,83,1,09,148
1488,83,1,11,20
1488,83,2,samt,209
1488,83,2,09,181
1488,83,2,11,26
1488,84,1,samt,128
1488,84,1,09,106
1488,84,1,11,20
1488,84,2,samt,168
1488,84,2,09,149
1488,84,2,11,20
1488,85,1,samt,106
1488,85,1,09,87
1488,85,1,11,17
1488,85,2,samt,153
1488,85,2,09,134
1488,85,2,11,20
1488,86,1,samt,116
1488,86,1,09,110
1488,86,1,11,8
1488,86,2,samt,137
1488,86,2,09,120
1488,86,2,11,14
1488,87,1,samt,82
1488,87,1,09,72
1488,87,1,11,9
1488,87,2,samt,130
1488,87,2,09,108
1488,87,2,11,23
1488,88,1,samt,65
1488,88,1,09,53
1488,88,1,11,8
1488,88,2,samt,101
1488,88,2,09,87
1488,88,2,11,10
1488,89,1,samt,62
1488,89,1,09,55
1488,89,1,11,8
1488,89,2,samt,99
1488,89,2,09,89
1488,89,2,11,15
1488,90,1,samt,45
1488,90,1,09,40
1488,90,1,11,3
1488,90,2,samt,76
1488,90,2,09,70
1488,90,2,11,8
1488,91,1,samt,44
1488,91,1,09,39
1488,91,1,11,4
1488,91,2,samt,67
1488,91,2,09,64
1488,91,2,11,4
1488,92,1,samt,31
1488,92,1,09,27
1488,92,1,11,4
1488,92,2,samt,54
1488,92,2,09,53
1488,92,2,11,3
1488,93,1,samt,23
1488,93,1,09,19
1488,93,1,11,0
1488,93,2,samt,43
1488,93,2,09,38
1488,93,2,11,7
1488,94,1,samt,21
1488,94,1,09,21
1488,94,1,11,3
1488,94,2,samt,38
1488,94,2,09,32
1488,94,2,11,4
1488,95,1,samt,15
1488,95,1,09,18
1488,95,1,11,4
1488,95,2,samt,28
1488,95,2,09,26
1488,95,2,11,4
1488,96,1,samt,9
1488,96,1,09,9
1488,96,1,11,0
1488,96,2,samt,13
1488,96,2,09,13
1488,96,2,11,0
1488,97,1,samt,6
1488,97,1,09,7
1488,97,1,11,3
1488,97,2,samt,11
1488,97,2,09,12
1488,97,2,11,0
1488,98,1,samt,3
1488,98,1,09,3
1488,98,1,11,0
1488,98,2,samt,7
1488,98,2,09,7
1488,98,2,11,0
1488,99,1,samt,3
1488,99,1,09,3
1488,99,1,11,0
1488,99,2,samt,8
1488,99,2,09,5
1488,99,2,11,0
1488,100+1,1,samt,3
1488,100+1,1,09,3
1488,100+1,1,11,3
1488,100+1,2,samt,20
1488,100+1,2,09,20
1488,100+1,2,11,3
1780,80,1,samt,362
1780,80,1,09,340
1780,80,1,11,24
1780,80,2,samt,455
1780,80,2,09,422
1780,80,2,11,32
1780,81,1,samt,365
1780,81,1,09,346
1780,81,1,11,19
1780,81,2,samt,453
1780,81,2,09,410
1780,81,2,11,43
1780,82,1,samt,345
1780,82,1,09,318
1780,82,1,11,23
1780,82,2,samt,390
1780,82,2,09,366
1780,82,2,11,20
1780,83,1,samt,264
1780,83,1,09,242
1780,83,1,11,20
1780,83,2,samt,350
1780,83,2,09,326
1780,83,2,11,24
1780,84,1,samt,217
1780,84,1,09,198
1780,84,1,11,16
1780,84,2,samt,298
1780,84,2,09,273
1780,84,2,11,23
1780,85,1,samt,189
1780,85,1,09,170
1780,85,1,11,19
1780,85,2,samt,261
1780,85,2,09,242
1780,85,2,11,22
1780,86,1,samt,168
1780,86,1,09,156
1780,86,1,11,14
1780,86,2,samt,252
1780,86,2,09,231
1780,86,2,11,23
1780,87,1,samt,159
1780,87,1,09,141
1780,87,1,11,16
1780,87,2,samt,225
1780,87,2,09,210
1780,87,2,11,16
1780,88,1,samt,126
1780,88,1,09,116
1780,88,1,11,9
1780,88,2,samt,212
1780,88,2,09,194
1780,88,2,11,15
1780,89,1,samt,123
1780,89,1,09,115
1780,89,1,11,12
1780,89,2,samt,187
1780,89,2,09,173
1780,89,2,11,13
1780,90,1,samt,78
1780,90,1,09,73
1780,90,1,11,7
1780,90,2,samt,166
1780,90,2,09,149
1780,90,2,11,14
1780,91,1,samt,68
1780,91,1,09,65
1780,91,1,11,3
1780,91,2,samt,125
1780,91,2,09,115
1780,91,2,11,7
1780,92,1,samt,58
1780,92,1,09,53
1780,92,1,11,4
1780,92,2,samt,123
1780,92,2,09,114
1780,92,2,11,9
1780,93,1,samt,39
1780,93,1,09,38
1780,93,1,11,0
1780,93,2,samt,95
1780,93,2,09,88
1780,93,2,11,5
1780,94,1,samt,36
1780,94,1,09,34
1780,94,1,11,0
1780,94,2,samt,63
1780,94,2,09,56
1780,94,2,11,3
1780,95,1,samt,21
1780,95,1,09,25
1780,95,1,11,0
1780,95,2,samt,49
1780,95,2,09,42
1780,95,2,11,3
1780,96,1,samt,15
1780,96,1,09,13
1780,96,1,11,0
1780,96,2,samt,41
1780,96,2,09,36
1780,96,2,11,0
1780,97,1,samt,13
1780,97,1,09,12
1780,97,1,11,3
1780,97,2,samt,34
1780,97,2,09,34
1780,97,2,11,0
1780,98,1,samt,4
1780,98,1,09,4
1780,98,1,11,0
1780,98,2,samt,21
1780,98,2,09,18
1780,98,2,11,0
1780,99,1,samt,3
1780,99,1,09,3
1780,99,1,11,0
1780,99,2,samt,7
1780,99,2,09,7
1780,99,2,11,0
1780,100+1,1,samt,5
1780,100+1,1,09,7
1780,100+1,1,11,3
1780,100+1,2,samt,29
1780,100+1,2,09,29
1780,100+1,2,11,0
2101,80,1,samt,39
2101,80,1,09,39
2101,80,1,11,0
2101,80,2,samt,51
2101,80,2,09,46
2101,80,2,11,3
2101,81,1,samt,38
2101,81,1,09,37
2101,81,1,11,0
2101,81,2,samt,39
2101,81,2,09,39
2101,81,2,11,0
2101,82,1,samt,30
2101,82,1,09,29
2101,82,1,11,3
2101,82,2,samt,35
2101,82,2,09,31
2101,82,2,11,3
2101,83,1,samt,27
2101,83,1,09,27
2101,83,1,11,3
2101,83,2,samt,18
2101,83,2,09,12
2101,83,2,11,0
2101,84,1,samt,17
2101,84,1,09,15
2101,84,1,11,0
2101,84,2,samt,16
2101,84,2,09,17
2101,84,2,11,0
2101,85,1,samt,18
2101,85,1,09,18
2101,85,1,11,0
2101,85,2,samt,20
2101,85,2,09,14
2101,85,2,11,7
2101,86,1,samt,15
2101,86,1,09,15
2101,86,1,11,0
2101,86,2,samt,7
2101,86,2,09,7
2101,86,2,11,0
2101,87,1,samt,10
2101,87,1,09,10
2101,87,1,11,0
2101,87,2,samt,14
2101,87,2,09,11
2101,87,2,11,3
2101,88,1,samt,9
2101,88,1,09,9
2101,88,1,11,0
2101,88,2,samt,12
2101,88,2,09,14
2101,88,2,11,0
2101,89,1,samt,9
2101,89,1,09,9
2101,89,1,11,3
2101,89,2,samt,10
2101,89,2,09,10
2101,89,2,11,0
2101,90,1,samt,3
2101,90,1,09,3
2101,90,1,11,0
2101,90,2,samt,7
2101,90,2,09,7
2101,90,2,11,0
2101,91,1,samt,4
2101,91,1,09,3
2101,91,1,11,0
2101,91,2,samt,8
2101,91,2,09,8
2101,91,2,11,0
2101,92,1,samt,3
2101,92,1,09,3
2101,92,1,11,0
2101,92,2,samt,6
2101,92,2,09,6
2101,92,2,11,0
2101,93,1,samt,0
2101,93,1,09,0
2101,93,1,11,0
2101,93,2,samt,4
2101,93,2,09,4
2101,93,2,11,0
2101,94,1,samt,3
2101,94,1,09,3
2101,94,1,11,0
2101,94,2,samt,9
2101,94,2,09,9
2101,94,2,11,0
2101,95,1,samt,0
2101,95,1,09,0
2101,95,1,11,0
2101,95,2,samt,4
2101,95,2,09,4
2101,95,2,11,0
2101,96,1,samt,3
2101,96,1,09,3
2101,96,1,11,0
2101,96,2,samt,7
2101,96,2,09,7
2101,96,2,11,0
2101,97,1,samt,0
2101,97,1,09,0
2101,97,1,11,0
2101,97,2,samt,0
2101,97,2,09,0
2101,97,2,11,0
2101,98,1,samt,5
2101,98,1,09,5
2101,98,1,11,0
2101,98,2,samt,0
2101,98,2,09,0
2101,98,2,11,0
2101,99,1,samt,3
2101,99,1,09,3
2101,99,1,11,0
2101,99,2,samt,3
2101,99,2,09,3
2101,99,2,11,0
2101,100+1,1,samt,0
2101,100+1,1,09,0
2101,100+1,1,11,0
2101,100+1,2,samt,8
2101,100+1,2,09,8
2101,100+1,2,11,0
2104,80,1,samt,44
2104,80,1,09,39
2104,80,1,11,6
2104,80,2,samt,58
2104,80,2,09,50
2104,80,2,11,6
2104,81,1,samt,49
2104,81,1,09,46
2104,81,1,11,0
2104,81,2,samt,48
2104,81,2,09,37
2104,81,2,11,10
2104,82,1,samt,38
2104,82,1,09,33
2104,82,1,11,4
2104,82,2,samt,47
2104,82,2,09,38
2104,82,2,11,8
2104,83,1,samt,45
2104,83,1,09,42
2104,83,1,11,4
2104,83,2,samt,42
2104,83,2,09,40
2104,83,2,11,3
2104,84,1,samt,28
2104,84,1,09,28
2104,84,1,11,4
2104,84,2,samt,31
2104,84,2,09,27
2104,84,2,11,9
2104,85,1,samt,13
2104,85,1,09,8
2104,85,1,11,7
2104,85,2,samt,21
2104,85,2,09,19
2104,85,2,11,4
2104,86,1,samt,12
2104,86,1,09,12
2104,86,1,11,6
2104,86,2,samt,26
2104,86,2,09,27
2104,86,2,11,3
2104,87,1,samt,17
2104,87,1,09,14
2104,87,1,11,3
2104,87,2,samt,31
2104,87,2,09,27
2104,87,2,11,3
2104,88,1,samt,13
2104,88,1,09,8
2104,88,1,11,0
2104,88,2,samt,27
2104,88,2,09,20
2104,88,2,11,3
2104,89,1,samt,11
2104,89,1,09,9
2104,89,1,11,3
2104,89,2,samt,20
2104,89,2,09,21
2104,89,2,11,0
2104,90,1,samt,7
2104,90,1,09,8
2104,90,1,11,0
2104,90,2,samt,11
2104,90,2,09,10
2104,90,2,11,3
2104,91,1,samt,10
2104,91,1,09,9
2104,91,1,11,0
2104,91,2,samt,19
2104,91,2,09,16
2104,91,2,11,0
2104,92,1,samt,9
2104,92,1,09,8
2104,92,1,11,3
2104,92,2,samt,12
2104,92,2,09,11
2104,92,2,11,3
2104,93,1,samt,9
2104,93,1,09,6
2104,93,1,11,3
2104,93,2,samt,9
2104,93,2,09,9
2104,93,2,11,0
2104,94,1,samt,3
2104,94,1,09,3
2104,94,1,11,4
2104,94,2,samt,10
2104,94,2,09,5
2104,94,2,11,0
2104,95,1,samt,3
2104,95,1,09,3
2104,95,1,11,0
2104,95,2,samt,7
2104,95,2,09,0
2104,95,2,11,4
2104,96,1,samt,0
2104,96,1,09,0
2104,96,1,11,0
2104,96,2,samt,3
2104,96,2,09,3
2104,96,2,11,0
2104,97,1,samt,0
2104,97,1,09,0
2104,97,1,11,0
2104,97,2,samt,5
2104,97,2,09,5
2104,97,2,11,0
2104,98,1,samt,0
2104,98,1,09,0
2104,98,1,11,0
2104,98,2,samt,3
2104,98,2,09,0
2104,98,2,11,0
2104,99,1,samt,0
2104,99,1,09,0
2104,99,1,11,0
2104,99,2,samt,0
2104,99,2,09,0
2104,99,2,11,0
2104,100+1,1,samt,0
2104,100+1,1,09,0
2104,100+1,1,11,0
2104,100+1,2,samt,3
2104,100+1,2,09,3
2104,100+1,2,11,0
2180,80,1,samt,453
2180,80,1,09,424
2180,80,1,11,31
2180,80,2,samt,508
2180,80,2,09,468
2180,80,2,11,39
2180,81,1,samt,425
2180,81,1,09,400
2180,81,1,11,26
2180,81,2,samt,494
2180,81,2,09,462
2180,81,2,11,31
2180,82,1,samt,355
2180,82,1,09,334
2180,82,1,11,27
2180,82,2,samt,397
2180,82,2,09,380
2180,82,2,11,15
2180,83,1,samt,300
2180,83,1,09,274
2180,83,1,11,30
2180,83,2,samt,376
2180,83,2,09,357
2180,83,2,11,25
2180,84,1,samt,265
2180,84,1,09,240
2180,84,1,11,24
2180,84,2,samt,331
2180,84,2,09,294
2180,84,2,11,37
2180,85,1,samt,196
2180,85,1,09,181
2180,85,1,11,16
2180,85,2,samt,285
2180,85,2,09,268
2180,85,2,11,16
2180,86,1,samt,189
2180,86,1,09,173
2180,86,1,11,20
2180,86,2,samt,282
2180,86,2,09,259
2180,86,2,11,18
2180,87,1,samt,149
2180,87,1,09,141
2180,87,1,11,9
2180,87,2,samt,251
2180,87,2,09,234
2180,87,2,11,14
2180,88,1,samt,131
2180,88,1,09,121
2180,88,1,11,9
2180,88,2,samt,195
2180,88,2,09,182
2180,88,2,11,19
2180,89,1,samt,118
2180,89,1,09,112
2180,89,1,11,7
2180,89,2,samt,163
2180,89,2,09,157
2180,89,2,11,10
2180,90,1,samt,103
2180,90,1,09,94
2180,90,1,11,7
2180,90,2,samt,167
2180,90,2,09,156
2180,90,2,11,13
2180,91,1,samt,80
2180,91,1,09,74
2180,91,1,11,5
2180,91,2,samt,117
2180,91,2,09,106
2180,91,2,11,10
2180,92,1,samt,47
2180,92,1,09,44
2180,92,1,11,3
2180,92,2,samt,95
2180,92,2,09,86
2180,92,2,11,10
2180,93,1,samt,40
2180,93,1,09,37
2180,93,1,11,3
2180,93,2,samt,85
2180,93,2,09,80
2180,93,2,11,7
2180,94,1,samt,28
2180,94,1,09,27
2180,94,1,11,3
2180,94,2,samt,73
2180,94,2,09,63
2180,94,2,11,9
2180,95,1,samt,23
2180,95,1,09,23
2180,95,1,11,0
2180,95,2,samt,52
2180,95,2,09,50
2180,95,2,11,3
2180,96,1,samt,18
2180,96,1,09,14
2180,96,1,11,3
2180,96,2,samt,45
2180,96,2,09,45
2180,96,2,11,3
2180,97,1,samt,10
2180,97,1,09,10
2180,97,1,11,0
2180,97,2,samt,25
2180,97,2,09,21
2180,97,2,11,4
2180,98,1,samt,3
2180,98,1,09,3
2180,98,1,11,0
2180,98,2,samt,24
2180,98,2,09,18
2180,98,2,11,3
2180,99,1,samt,0
2180,99,1,09,0
2180,99,1,11,0
2180,99,2,samt,10
2180,99,2,09,13
2180,99,2,11,0
2180,100+1,1,samt,0
2180,100+1,1,09,0
2180,100+1,1,11,0
2180,100+1,2,samt,22
2180,100+1,2,09,18
2180,100+1,2,11,5
2181,80,1,samt,199
2181,80,1,09,187
2181,80,1,11,14
2181,80,2,samt,245
2181,80,2,09,223
2181,80,2,11,20
2181,81,1,samt,198
2181,81,1,09,186
2181,81,1,11,14
2181,81,2,samt,206
2181,81,2,09,190
2181,81,2,11,14
2181,82,1,samt,148
2181,82,1,09,143
2181,82,1,11,8
2181,82,2,samt,202
2181,82,2,09,193
2181,82,2,11,10
2181,83,1,samt,137
2181,83,1,09,126
2181,83,1,11,7
2181,83,2,samt,153
2181,83,2,09,138
2181,83,2,11,11
2181,84,1,samt,126
2181,84,1,09,117
2181,84,1,11,8
2181,84,2,samt,145
2181,84,2,09,129
2181,84,2,11,15
2181,85,1,samt,123
2181,85,1,09,111
2181,85,1,11,12
2181,85,2,samt,112
2181,85,2,09,103
2181,85,2,11,5
2181,86,1,samt,102
2181,86,1,09,94
2181,86,1,11,7
2181,86,2,samt,110
2181,86,2,09,96
2181,86,2,11,14
2181,87,1,samt,91
2181,87,1,09,77
2181,87,1,11,14
2181,87,2,samt,106
2181,87,2,09,94
2181,87,2,11,10
2181,88,1,samt,62
2181,88,1,09,64
2181,88,1,11,4
2181,88,2,samt,83
2181,88,2,09,81
2181,88,2,11,3
2181,89,1,samt,41
2181,89,1,09,39
2181,89,1,11,4
2181,89,2,samt,65
2181,89,2,09,60
2181,89,2,11,8
2181,90,1,samt,42
2181,90,1,09,39
2181,90,1,11,3
2181,90,2,samt,70
2181,90,2,09,62
2181,90,2,11,5
2181,91,1,samt,31
2181,91,1,09,31
2181,91,1,11,3
2181,91,2,samt,46
2181,91,2,09,38
2181,91,2,11,9
2181,92,1,samt,29
2181,92,1,09,23
2181,92,1,11,3
2181,92,2,samt,46
2181,92,2,09,42
2181,92,2,11,4
2181,93,1,samt,17
2181,93,1,09,17
2181,93,1,11,0
2181,93,2,samt,39
2181,93,2,09,37
2181,93,2,11,3
2181,94,1,samt,21
2181,94,1,09,14
2181,94,1,11,0
2181,94,2,samt,27
2181,94,2,09,24
2181,94,2,11,3
2181,95,1,samt,13
2181,95,1,09,13
2181,95,1,11,0
2181,95,2,samt,18
2181,95,2,09,15
2181,95,2,11,0
2181,96,1,samt,7
2181,96,1,09,7
2181,96,1,11,0
2181,96,2,samt,18
2181,96,2,09,21
2181,96,2,11,3
2181,97,1,samt,0
2181,97,1,09,0
2181,97,1,11,0
2181,97,2,samt,13
2181,97,2,09,13
2181,97,2,11,0
2181,98,1,samt,0
2181,98,1,09,0
2181,98,1,11,0
2181,98,2,samt,10
2181,98,2,09,10
2181,98,2,11,0
2181,99,1,samt,3
2181,99,1,09,3
2181,99,1,11,0
2181,99,2,samt,5
2181,99,2,09,4
2181,99,2,11,0
2181,100+1,1,samt,0
2181,100+1,1,09,0
2181,100+1,1,11,0
2181,100+1,2,samt,8
2181,100+1,2,09,5
2181,100+1,2,11,0
2260,80,1,samt,44
2260,80,1,09,47
2260,80,1,11,3
2260,80,2,samt,46
2260,80,2,09,45
2260,80,2,11,3
2260,81,1,samt,54
2260,81,1,09,51
2260,81,1,11,0
2260,81,2,samt,42
2260,81,2,09,41
2260,81,2,11,3
2260,82,1,samt,39
2260,82,1,09,41
2260,82,1,11,3
2260,82,2,samt,45
2260,82,2,09,40
2260,82,2,11,0
2260,83,1,samt,41
2260,83,1,09,38
2260,83,1,11,0
2260,83,2,samt,45
2260,83,2,09,40
2260,83,2,11,4
2260,84,1,samt,27
2260,84,1,09,25
2260,84,1,11,3
2260,84,2,samt,40
2260,84,2,09,39
2260,84,2,11,4
2260,85,1,samt,17
2260,85,1,09,16
2260,85,1,11,0
2260,85,2,samt,34
2260,85,2,09,34
2260,85,2,11,0
2260,86,1,samt,17
2260,86,1,09,20
2260,86,1,11,4
2260,86,2,samt,37
2260,86,2,09,39
2260,86,2,11,0
2260,87,1,samt,17
2260,87,1,09,13
2260,87,1,11,0
2260,87,2,samt,32
2260,87,2,09,32
2260,87,2,11,0
2260,88,1,samt,21
2260,88,1,09,21
2260,88,1,11,0
2260,88,2,samt,31
2260,88,2,09,31
2260,88,2,11,0
2260,89,1,samt,15
2260,89,1,09,15
2260,89,1,11,0
2260,89,2,samt,20
2260,89,2,09,20
2260,89,2,11,0
2260,90,1,samt,15
2260,90,1,09,14
2260,90,1,11,3
2260,90,2,samt,13
2260,90,2,09,13
2260,90,2,11,0
2260,91,1,samt,10
2260,91,1,09,10
2260,91,1,11,0
2260,91,2,samt,7
2260,91,2,09,7
2260,91,2,11,0
2260,92,1,samt,7
2260,92,1,09,7
2260,92,1,11,0
2260,92,2,samt,13
2260,92,2,09,9
2260,92,2,11,0
2260,93,1,samt,4
2260,93,1,09,4
2260,93,1,11,0
2260,93,2,samt,8
2260,93,2,09,9
2260,93,2,11,0
2260,94,1,samt,0
2260,94,1,09,0
2260,94,1,11,0
2260,94,2,samt,5
2260,94,2,09,5
2260,94,2,11,0
2260,95,1,samt,3
2260,95,1,09,3
2260,95,1,11,0
2260,95,2,samt,4
2260,95,2,09,4
2260,95,2,11,0
2260,96,1,samt,3
2260,96,1,09,3
2260,96,1,11,0
2260,96,2,samt,3
2260,96,2,09,3
2260,96,2,11,0
2260,97,1,samt,0
2260,97,1,09,0
2260,97,1,11,0
2260,97,2,samt,0
2260,97,2,09,0
2260,97,2,11,0
2260,98,1,samt,0
2260,98,1,09,0
2260,98,1,11,0
2260,98,2,samt,3
2260,98,2,09,3
2260,98,2,11,0
2260,99,1,samt,0
2260,99,1,09,0
2260,99,1,11,0
2260,99,2,samt,0
2260,99,2,09,0
2260,99,2,11,0
2260,100+1,1,samt,0
2260,100+1,1,09,0
2260,100+1,1,11,0
2260,100+1,2,samt,0
2260,100+1,2,09,0
2260,100+1,2,11,0
2262,80,1,samt,93
2262,80,1,09,85
2262,80,1,11,8
2262,80,2,samt,86
2262,80,2,09,82
2262,80,2,11,9
2262,81,1,samt,91
2262,81,1,09,88
2262,81,1,11,3
2262,81,2,samt,108
2262,81,2,09,107
2262,81,2,11,4
2262,82,1,samt,62
2262,82,1,09,57
2262,82,1,11,4
2262,82,2,samt,68
2262,82,2,09,61
2262,82,2,11,3
2262,83,1,samt,66
2262,83,1,09,65
2262,83,1,11,4
2262,83,2,samt,54
2262,83,2,09,54
2262,83,2,11,3
2262,84,1,samt,45
2262,84,1,09,38
2262,84,1,11,4
2262,84,2,samt,67
2262,84,2,09,62
2262,84,2,11,10
2262,85,1,samt,36
2262,85,1,09,32
2262,85,1,11,3
2262,85,2,samt,54
2262,85,2,09,52
2262,85,2,11,0
2262,86,1,samt,38
2262,86,1,09,37
2262,86,1,11,0
2262,86,2,samt,46
2262,86,2,09,45
2262,86,2,11,0
2262,87,1,samt,29
2262,87,1,09,27
2262,87,1,11,0
2262,87,2,samt,40
2262,87,2,09,39
2262,87,2,11,0
2262,88,1,samt,34
2262,88,1,09,32
2262,88,1,11,3
2262,88,2,samt,39
2262,88,2,09,34
2262,88,2,11,6
2262,89,1,samt,18
2262,89,1,09,18
2262,89,1,11,0
2262,89,2,samt,34
2262,89,2,09,34
2262,89,2,11,3
2262,90,1,samt,17
2262,90,1,09,13
2262,90,1,11,4
2262,90,2,samt,24
2262,90,2,09,20
2262,90,2,11,0
2262,91,1,samt,13
2262,91,1,09,11
2262,91,1,11,0
2262,91,2,samt,28
2262,91,2,09,28
2262,91,2,11,0
2262,92,1,samt,7
2262,92,1,09,8
2262,92,1,11,0
2262,92,2,samt,17
2262,92,2,09,16
2262,92,2,11,3
2262,93,1,samt,5
2262,93,1,09,5
2262,93,1,11,0
2262,93,2,samt,8
2262,93,2,09,8
2262,93,2,11,3
2262,94,1,samt,4
2262,94,1,09,4
2262,94,1,11,0
2262,94,2,samt,6
2262,94,2,09,6
2262,94,2,11,0
2262,95,1,samt,6
2262,95,1,09,6
2262,95,1,11,0
2262,95,2,samt,5
2262,95,2,09,4
2262,95,2,11,0
2262,96,1,samt,0
2262,96,1,09,0
2262,96,1,11,0
2262,96,2,samt,6
2262,96,2,09,4
2262,96,2,11,3
2262,97,1,samt,0
2262,97,1,09,0
2262,97,1,11,0
2262,97,2,samt,4
2262,97,2,09,4
2262,97,2,11,0
2262,98,1,samt,0
2262,98,1,09,0
2262,98,1,11,0
2262,98,2,samt,3
2262,98,2,09,3
2262,98,2,11,0
2262,99,1,samt,0
2262,99,1,09,0
2262,99,1,11,0
2262,99,2,samt,3
2262,99,2,09,3
2262,99,2,11,0
2262,100+1,1,samt,0
2262,100+1,1,09,0
2262,100+1,1,11,0
2262,100+1,2,samt,3
2262,100+1,2,09,3
2262,100+1,2,11,0
2280,80,1,samt,139
2280,80,1,09,133
2280,80,1,11,8
2280,80,2,samt,159
2280,80,2,09,152
2280,80,2,11,5
2280,81,1,samt,118
2280,81,1,09,118
2280,81,1,11,0
2280,81,2,samt,144
2280,81,2,09,140
2280,81,2,11,4
2280,82,1,samt,113
2280,82,1,09,109
2280,82,1,11,4
2280,82,2,samt,121
2280,82,2,09,116
2280,82,2,11,8
2280,83,1,samt,112
2280,83,1,09,107
2280,83,1,11,8
2280,83,2,samt,100
2280,83,2,09,91
2280,83,2,11,9
2280,84,1,samt,85
2280,84,1,09,85
2280,84,1,11,0
2280,84,2,samt,92
2280,84,2,09,94
2280,84,2,11,0
2280,85,1,samt,70
2280,85,1,09,66
2280,85,1,11,4
2280,85,2,samt,94
2280,85,2,09,94
2280,85,2,11,0
2280,86,1,samt,62
2280,86,1,09,59
2280,86,1,11,0
2280,86,2,samt,72
2280,86,2,09,71
2280,86,2,11,3
2280,87,1,samt,45
2280,87,1,09,42
2280,87,1,11,4
2280,87,2,samt,73
2280,87,2,09,68
2280,87,2,11,3
2280,88,1,samt,41
2280,88,1,09,40
2280,88,1,11,3
2280,88,2,samt,61
2280,88,2,09,57
2280,88,2,11,4
2280,89,1,samt,42
2280,89,1,09,36
2280,89,1,11,3
2280,89,2,samt,52
2280,89,2,09,47
2280,89,2,11,5
2280,90,1,samt,17
2280,90,1,09,17
2280,90,1,11,0
2280,90,2,samt,48
2280,90,2,09,45
2280,90,2,11,5
2280,91,1,samt,25
2280,91,1,09,24
2280,91,1,11,3
2280,91,2,samt,39
2280,91,2,09,37
2280,91,2,11,3
2280,92,1,samt,18
2280,92,1,09,14
2280,92,1,11,0
2280,92,2,samt,33
2280,92,2,09,30
2280,92,2,11,0
2280,93,1,samt,13
2280,93,1,09,16
2280,93,1,11,0
2280,93,2,samt,26
2280,93,2,09,26
2280,93,2,11,0
2280,94,1,samt,9
2280,94,1,09,9
2280,94,1,11,0
2280,94,2,samt,23
2280,94,2,09,23
2280,94,2,11,0
2280,95,1,samt,5
2280,95,1,09,7
2280,95,1,11,3
2280,95,2,samt,20
2280,95,2,09,18
2280,95,2,11,0
2280,96,1,samt,3
2280,96,1,09,3
2280,96,1,11,0
2280,96,2,samt,19
2280,96,2,09,14
2280,96,2,11,4
2280,97,1,samt,3
2280,97,1,09,3
2280,97,1,11,0
2280,97,2,samt,11
2280,97,2,09,11
2280,97,2,11,0
2280,98,1,samt,0
2280,98,1,09,0
2280,98,1,11,0
2280,98,2,samt,4
2280,98,2,09,4
2280,98,2,11,0
2280,99,1,samt,0
2280,99,1,09,0
2280,99,1,11,0
2280,99,2,samt,3
2280,99,2,09,3
2280,99,2,11,0
2280,100+1,1,samt,3
2280,100+1,1,09,3
2280,100+1,1,11,0
2280,100+1,2,samt,7
2280,100+1,2,09,7
2280,100+1,2,11,0
2281,80,1,samt,469
2281,80,1,09,442
2281,80,1,11,27
2281,80,2,samt,537
2281,80,2,09,511
2281,80,2,11,26
2281,81,1,samt,414
2281,81,1,09,406
2281,81,1,11,11
2281,81,2,samt,431
2281,81,2,09,413
2281,81,2,11,19
2281,82,1,samt,357
2281,82,1,09,338
2281,82,1,11,17
2281,82,2,samt,480
2281,82,2,09,466
2281,82,2,11,15
2281,83,1,samt,338
2281,83,1,09,322
2281,83,1,11,13
2281,83,2,samt,372
2281,83,2,09,354
2281,83,2,11,20
2281,84,1,samt,268
2281,84,1,09,256
2281,84,1,11,16
2281,84,2,samt,312
2281,84,2,09,288
2281,84,2,11,22
2281,85,1,samt,233
2281,85,1,09,219
2281,85,1,11,9
2281,85,2,samt,312
2281,85,2,09,293
2281,85,2,11,17
2281,86,1,samt,231
2281,86,1,09,210
2281,86,1,11,20
2281,86,2,samt,305
2281,86,2,09,286
2281,86,2,11,17
2281,87,1,samt,170
2281,87,1,09,152
2281,87,1,11,16
2281,87,2,samt,267
2281,87,2,09,248
2281,87,2,11,19
2281,88,1,samt,148
2281,88,1,09,143
2281,88,1,11,10
2281,88,2,samt,210
2281,88,2,09,200
2281,88,2,11,14
2281,89,1,samt,113
2281,89,1,09,108
2281,89,1,11,3
2281,89,2,samt,182
2281,89,2,09,172
2281,89,2,11,9
2281,90,1,samt,90
2281,90,1,09,87
2281,90,1,11,4
2281,90,2,samt,162
2281,90,2,09,151
2281,90,2,11,10
2281,91,1,samt,75
2281,91,1,09,68
2281,91,1,11,4
2281,91,2,samt,141
2281,91,2,09,126
2281,91,2,11,12
2281,92,1,samt,62
2281,92,1,09,58
2281,92,1,11,4
2281,92,2,samt,97
2281,92,2,09,95
2281,92,2,11,3
2281,93,1,samt,36
2281,93,1,09,36
2281,93,1,11,0
2281,93,2,samt,93
2281,93,2,09,90
2281,93,2,11,0
2281,94,1,samt,33
2281,94,1,09,31
2281,94,1,11,0
2281,94,2,samt,67
2281,94,2,09,61
2281,94,2,11,7
2281,95,1,samt,21
2281,95,1,09,21
2281,95,1,11,0
2281,95,2,samt,59
2281,95,2,09,53
2281,95,2,11,5
2281,96,1,samt,10
2281,96,1,09,10
2281,96,1,11,0
2281,96,2,samt,36
2281,96,2,09,35
2281,96,2,11,3
2281,97,1,samt,11
2281,97,1,09,11
2281,97,1,11,0
2281,97,2,samt,24
2281,97,2,09,24
2281,97,2,11,0
2281,98,1,samt,4
2281,98,1,09,4
2281,98,1,11,0
2281,98,2,samt,23
2281,98,2,09,25
2281,98,2,11,3
2281,99,1,samt,0
2281,99,1,09,0
2281,99,1,11,0
2281,99,2,samt,13
2281,99,2,09,13
2281,99,2,11,0
2281,100+1,1,samt,6
2281,100+1,1,09,6
2281,100+1,1,11,0
2281,100+1,2,samt,14
2281,100+1,2,09,14
2281,100+1,2,11,0
2380,80,1,samt,311
2380,80,1,09,303
2380,80,1,11,6
2380,80,2,samt,368
2380,80,2,09,358
2380,80,2,11,11
2380,81,1,samt,277
2380,81,1,09,269
2380,81,1,11,10
2380,81,2,samt,311
2380,81,2,09,298
2380,81,2,11,14
2380,82,1,samt,240
2380,82,1,09,236
2380,82,1,11,8
2380,82,2,samt,274
2380,82,2,09,265
2380,82,2,11,8
2380,83,1,samt,203
2380,83,1,09,198
2380,83,1,11,6
2380,83,2,samt,248
2380,83,2,09,238
2380,83,2,11,13
2380,84,1,samt,150
2380,84,1,09,146
2380,84,1,11,3
2380,84,2,samt,208
2380,84,2,09,199
2380,84,2,11,10
2380,85,1,samt,146
2380,85,1,09,143
2380,85,1,11,0
2380,85,2,samt,178
2380,85,2,09,172
2380,85,2,11,5
2380,86,1,samt,114
2380,86,1,09,113
2380,86,1,11,3
2380,86,2,samt,196
2380,86,2,09,186
2380,86,2,11,11
2380,87,1,samt,93
2380,87,1,09,87
2380,87,1,11,6
2380,87,2,samt,139
2380,87,2,09,128
2380,87,2,11,8
2380,88,1,samt,83
2380,88,1,09,83
2380,88,1,11,0
2380,88,2,samt,137
2380,88,2,09,126
2380,88,2,11,8
2380,89,1,samt,80
2380,89,1,09,76
2380,89,1,11,3
2380,89,2,samt,117
2380,89,2,09,106
2380,89,2,11,12
2380,90,1,samt,54
2380,90,1,09,53
2380,90,1,11,0
2380,90,2,samt,101
2380,90,2,09,94
2380,90,2,11,4
2380,91,1,samt,34
2380,91,1,09,35
2380,91,1,11,3
2380,91,2,samt,74
2380,91,2,09,72
2380,91,2,11,3
2380,92,1,samt,32
2380,92,1,09,32
2380,92,1,11,0
2380,92,2,samt,54
2380,92,2,09,50
2380,92,2,11,6
2380,93,1,samt,27
2380,93,1,09,25
2380,93,1,11,0
2380,93,2,samt,58
2380,93,2,09,50
2380,93,2,11,4
2380,94,1,samt,19
2380,94,1,09,15
2380,94,1,11,0
2380,94,2,samt,44
2380,94,2,09,44
2380,94,2,11,0
2380,95,1,samt,10
2380,95,1,09,9
2380,95,1,11,0
2380,95,2,samt,28
2380,95,2,09,26
2380,95,2,11,5
2380,96,1,samt,12
2380,96,1,09,12
2380,96,1,11,0
2380,96,2,samt,26
2380,96,2,09,25
2380,96,2,11,0
2380,97,1,samt,6
2380,97,1,09,6
2380,97,1,11,0
2380,97,2,samt,13
2380,97,2,09,11
2380,97,2,11,0
2380,98,1,samt,0
2380,98,1,09,0
2380,98,1,11,0
2380,98,2,samt,15
2380,98,2,09,11
2380,98,2,11,3
2380,99,1,samt,3
2380,99,1,09,3
2380,99,1,11,0
2380,99,2,samt,6
2380,99,2,09,6
2380,99,2,11,0
2380,100+1,1,samt,4
2380,100+1,1,09,4
2380,100+1,1,11,3
2380,100+1,2,samt,8
2380,100+1,2,09,9
2380,100+1,2,11,0
2480,80,1,samt,447
2480,80,1,09,420
2480,80,1,11,26
2480,80,2,samt,505
2480,80,2,09,479
2480,80,2,11,29
2480,81,1,samt,432
2480,81,1,09,407
2480,81,1,11,27
2480,81,2,samt,461
2480,81,2,09,443
2480,81,2,11,20
2480,82,1,samt,367
2480,82,1,09,358
2480,82,1,11,7
2480,82,2,samt,465
2480,82,2,09,443
2480,82,2,11,20
2480,83,1,samt,315
2480,83,1,09,304
2480,83,1,11,15
2480,83,2,samt,375
2480,83,2,09,351
2480,83,2,11,23
2480,84,1,samt,252
2480,84,1,09,237
2480,84,1,11,12
2480,84,2,samt,296
2480,84,2,09,279
2480,84,2,11,20
2480,85,1,samt,228
2480,85,1,09,212
2480,85,1,11,18
2480,85,2,samt,292
2480,85,2,09,279
2480,85,2,11,14
2480,86,1,samt,185
2480,86,1,09,175
2480,86,1,11,12
2480,86,2,samt,284
2480,86,2,09,269
2480,86,2,11,15
2480,87,1,samt,177
2480,87,1,09,173
2480,87,1,11,8
2480,87,2,samt,249
2480,87,2,09,222
2480,87,2,11,22
2480,88,1,samt,134
2480,88,1,09,128
2480,88,1,11,4
2480,88,2,samt,206
2480,88,2,09,190
2480,88,2,11,16
2480,89,1,samt,113
2480,89,1,09,110
2480,89,1,11,0
2480,89,2,samt,200
2480,89,2,09,195
2480,89,2,11,7
2480,90,1,samt,83
2480,90,1,09,78
2480,90,1,11,5
2480,90,2,samt,165
2480,90,2,09,157
2480,90,2,11,8
2480,91,1,samt,79
2480,91,1,09,75
2480,91,1,11,6
2480,91,2,samt,131
2480,91,2,09,126
2480,91,2,11,3
2480,92,1,samt,48
2480,92,1,09,47
2480,92,1,11,0
2480,92,2,samt,93
2480,92,2,09,82
2480,92,2,11,11
2480,93,1,samt,35
2480,93,1,09,35
2480,93,1,11,0
2480,93,2,samt,84
2480,93,2,09,81
2480,93,2,11,5
2480,94,1,samt,19
2480,94,1,09,19
2480,94,1,11,0
2480,94,2,samt,67
2480,94,2,09,66
2480,94,2,11,3
2480,95,1,samt,23
2480,95,1,09,21
2480,95,1,11,3
2480,95,2,samt,52
2480,95,2,09,51
2480,95,2,11,0
2480,96,1,samt,7
2480,96,1,09,7
2480,96,1,11,0
2480,96,2,samt,35
2480,96,2,09,32
2480,96,2,11,0
2480,97,1,samt,11
2480,97,1,09,11
2480,97,1,11,0
2480,97,2,samt,27
2480,97,2,09,23
2480,97,2,11,3
2480,98,1,samt,8
2480,98,1,09,6
2480,98,1,11,0
2480,98,2,samt,22
2480,98,2,09,16
2480,98,2,11,3
2480,99,1,samt,3
2480,99,1,09,3
2480,99,1,11,0
2480,99,2,samt,15
2480,99,2,09,13
2480,99,2,11,3
2480,100+1,1,samt,7
2480,100+1,1,09,8
2480,100+1,1,11,0
2480,100+1,2,samt,18
2480,100+1,2,09,13
2480,100+1,2,11,3
2482,80,1,samt,393
2482,80,1,09,385
2482,80,1,11,4
2482,80,2,samt,381
2482,80,2,09,365
2482,80,2,11,19
2482,81,1,samt,289
2482,81,1,09,281
2482,81,1,11,9
2482,81,2,samt,326
2482,81,2,09,315
2482,81,2,11,11
2482,82,1,samt,254
2482,82,1,09,250
2482,82,1,11,6
2482,82,2,samt,322
2482,82,2,09,312
2482,82,2,11,10
2482,83,1,samt,228
2482,83,1,09,225
2482,83,1,11,6
2482,83,2,samt,315
2482,83,2,09,310
2482,83,2,11,9
2482,84,1,samt,199
2482,84,1,09,190
2482,84,1,11,7
2482,84,2,samt,262
2482,84,2,09,251
2482,84,2,11,15
2482,85,1,samt,158
2482,85,1,09,157
2482,85,1,11,3
2482,85,2,samt,241
2482,85,2,09,235
2482,85,2,11,10
2482,86,1,samt,158
2482,86,1,09,147
2482,86,1,11,6
2482,86,2,samt,212
2482,86,2,09,204
2482,86,2,11,9
2482,87,1,samt,146
2482,87,1,09,140
2482,87,1,11,6
2482,87,2,samt,165
2482,87,2,09,163
2482,87,2,11,0
2482,88,1,samt,113
2482,88,1,09,112
2482,88,1,11,0
2482,88,2,samt,151
2482,88,2,09,149
2482,88,2,11,6
2482,89,1,samt,104
2482,89,1,09,104
2482,89,1,11,0
2482,89,2,samt,157
2482,89,2,09,152
2482,89,2,11,4
2482,90,1,samt,52
2482,90,1,09,50
2482,90,1,11,3
2482,90,2,samt,100
2482,90,2,09,101
2482,90,2,11,4
2482,91,1,samt,51
2482,91,1,09,45
2482,91,1,11,3
2482,91,2,samt,106
2482,91,2,09,104
2482,91,2,11,3
2482,92,1,samt,38
2482,92,1,09,38
2482,92,1,11,0
2482,92,2,samt,80
2482,92,2,09,78
2482,92,2,11,3
2482,93,1,samt,35
2482,93,1,09,36
2482,93,1,11,3
2482,93,2,samt,75
2482,93,2,09,71
2482,93,2,11,4
2482,94,1,samt,28
2482,94,1,09,26
2482,94,1,11,0
2482,94,2,samt,69
2482,94,2,09,61
2482,94,2,11,6
2482,95,1,samt,13
2482,95,1,09,14
2482,95,1,11,0
2482,95,2,samt,32
2482,95,2,09,29
2482,95,2,11,3
2482,96,1,samt,11
2482,96,1,09,11
2482,96,1,11,0
2482,96,2,samt,26
2482,96,2,09,29
2482,96,2,11,3
2482,97,1,samt,7
2482,97,1,09,7
2482,97,1,11,0
2482,97,2,samt,13
2482,97,2,09,13
2482,97,2,11,0
2482,98,1,samt,0
2482,98,1,09,0
2482,98,1,11,0
2482,98,2,samt,22
2482,98,2,09,22
2482,98,2,11,0
2482,99,1,samt,0
2482,99,1,09,0
2482,99,1,11,0
2482,99,2,samt,4
2482,99,2,09,4
2482,99,2,11,0
2482,100+1,1,samt,7
2482,100+1,1,09,7
2482,100+1,1,11,0
2482,100+1,2,samt,10
2482,100+1,2,09,10
2482,100+1,2,11,0
00,80,1,samt,43672
00,80,1,09,39213
00,80,1,11,4457
00,80,2,samt,48582
00,80,2,09,42981
00,80,2,11,5601
00,81,1,samt,40658
00,81,1,09,36491
00,81,1,11,4168
00,81,2,samt,46028
00,81,2,09,41122
00,81,2,11,4909
00,82,1,samt,35733
00,82,1,09,31916
00,82,1,11,3813
00,82,2,samt,41518
00,82,2,09,37082
00,82,2,11,4437
00,83,1,samt,31264
00,83,1,09,27773
00,83,1,11,3492
00,83,2,samt,36485
00,83,2,09,32434
00,83,2,11,4052
00,84,1,samt,25204
00,84,1,09,21853
00,84,1,11,3356
00,84,2,samt,30626
00,84,2,09,26523
00,84,2,11,4099
00,85,1,samt,21874
00,85,1,09,18844
00,85,1,11,3027
00,85,2,samt,27459
00,85,2,09,23873
00,85,2,11,3582
00,86,1,samt,19535
00,86,1,09,17033
00,86,1,11,2502
00,86,2,samt,25961
00,86,2,09,22486
00,86,2,11,3474
00,87,1,samt,16612
00,87,1,09,14500
00,87,1,11,2113
00,87,2,samt,23256
00,87,2,09,20134
00,87,2,11,3128
00,88,1,samt,13605
00,88,1,09,11968
00,88,1,11,1638
00,88,2,samt,19702
00,88,2,09,17037
00,88,2,11,2663
00,89,1,samt,11395
00,89,1,09,10047
00,89,1,11,1350
00,89,2,samt,17517
00,89,2,09,15151
00,89,2,11,2364
00,90,1,samt,9042
00,90,1,09,7942
00,90,1,11,1104
00,90,2,samt,14581
00,90,2,09,12589
00,90,2,11,1995
00,91,1,samt,6850
00,91,1,09,6071
00,91,1,11,779
00,91,2,samt,12484
00,91,2,09,10758
00,91,2,11,1731
00,92,1,samt,5484
00,92,1,09,4913
00,92,1,11,572
00,92,2,samt,10249
00,92,2,09,8939
00,92,2,11,1311
00,93,1,samt,4283
00,93,1,09,3834
00,93,1,11,447
00,93,2,samt,8832
00,93,2,09,7721
00,93,2,11,1109
00,94,1,samt,3210
00,94,1,09,2872
00,94,1,11,337
00,94,2,samt,7036
00,94,2,09,6127
00,94,2,11,905
00,95,1,samt,2261
00,95,1,09,2003
00,95,1,11,259
00,95,2,samt,5644
00,95,2,09,4870
00,95,2,11,776
00,96,1,samt,1471
00,96,1,09,1304
00,96,1,11,170
00,96,2,samt,4086
00,96,2,09,3574
00,96,2,11,511
00,97,1,samt,1022
00,97,1,09,927
00,97,1,11,95
00,97,2,samt,3056
00,97,2,09,2696
00,97,2,11,363
00,98,1,samt,639
00,98,1,09,570
00,98,1,11,67
00,98,2,samt,2194
00,98,2,09,1917
00,98,2,11,277
00,99,1,samt,387
00,99,1,09,346
00,99,1,11,44
00,99,2,samt,1460
00,99,2,09,1285
00,99,2,11,177
00,100+1,1,samt,551
00,100+1,1,09,490
00,100+1,1,11,58
00,100+1,2,samt,2439
00,100+1,2,09,2145
00,100+1,2,11,295
