"Region","Civilstand","Alder","Kon","000007ME 2025"
"2580","SC","0","1",358
"2580","SC","0","2",329
"2580","SC","1","1",332
"2580","SC","1","2",294
"2580","SC","2","1",374
"2580","SC","2","2",299
"2580","SC","3","1",350
"2580","SC","3","2",318
"2580","SC","4","1",385
"2580","SC","4","2",412
"2580","SC","5","1",420
"2580","SC","5","2",391
"2580","SC","6","1",409
"2580","SC","6","2",401
"2580","SC","7","1",393
"2580","SC","7","2",409
"2580","SC","8","1",410
"2580","SC","8","2",394
"2580","SC","9","1",442
"2580","SC","9","2",399
"2580","SC","10","1",429
"2580","SC","10","2",394
"2580","SC","11","1",457
"2580","SC","11","2",453
"2580","SC","12","1",436
"2580","SC","12","2",407
"2580","SC","13","1",422
"2580","SC","13","2",382
"2580","SC","14","1",465
"2580","SC","14","2",419
"2580","SC","15","1",453
"2580","SC","15","2",405
"2580","SC","16","1",473
"2580","SC","16","2",430
"2580","SC","17","1",458
"2580","SC","17","2",418
"2580","SC","18","1",482
"2580","SC","18","2",417
"2580","SC","19","1",524
"2580","SC","19","2",476
"2580","SC","20","1",607
"2580","SC","20","2",521
"2580","SC","21","1",656
"2580","SC","21","2",497
"2580","SC","22","1",640
"2580","SC","22","2",542
"2580","SC","23","1",659
"2580","SC","23","2",480
"2580","SC","24","1",678
"2580","SC","24","2",525
"2580","SC","25","1",638
"2580","SC","25","2",493
"2580","SC","26","1",702
"2580","SC","26","2",487
"2580","SC","27","1",606
"2580","SC","27","2",448
"2580","SC","28","1",547
"2580","SC","28","2",462
"2580","SC","29","1",559
"2580","SC","29","2",460
"2580","SC","30","1",546
"2580","SC","30","2",483
"2580","SC","31","1",651
"2580","SC","31","2",501
"2580","SC","32","1",605
"2580","SC","32","2",521
"2580","SC","33","1",654
"2580","SC","33","2",560
"2580","SC","34","1",629
"2580","SC","34","2",551
"2580","SC","35","1",596
"2580","SC","35","2",540
"2580","SC","36","1",591
"2580","SC","36","2",508
"2580","SC","37","1",619
"2580","SC","37","2",535
"2580","SC","38","1",574
"2580","SC","38","2",508
"2580","SC","39","1",523
"2580","SC","39","2",502
"2580","SC","40","1",496
"2580","SC","40","2",460
"2580","SC","41","1",488
"2580","SC","41","2",479
"2580","SC","42","1",501
"2580","SC","42","2",433
"2580","SC","43","1",438
"2580","SC","43","2",441
"2580","SC","44","1",451
"2580","SC","44","2",442
"2580","SC","45","1",505
"2580","SC","45","2",462
"2580","SC","46","1",442
"2580","SC","46","2",444
"2580","SC","47","1",443
"2580","SC","47","2",420
"2580","SC","48","1",463
"2580","SC","48","2",436
"2580","SC","49","1",493
"2580","SC","49","2",435
"2580","SC","50","1",484
"2580","SC","50","2",480
"2580","SC","51","1",494
"2580","SC","51","2",485
"2580","SC","52","1",499
"2580","SC","52","2",492
"2580","SC","53","1",497
"2580","SC","53","2",509
"2580","SC","54","1",484
"2580","SC","54","2",493
"2580","SC","55","1",502
"2580","SC","55","2",509
"2580","SC","56","1",500
"2580","SC","56","2",473
"2580","SC","57","1",511
"2580","SC","57","2",525
"2580","SC","58","1",588
"2580","SC","58","2",516
"2580","SC","59","1",525
"2580","SC","59","2",566
"2580","SC","60","1",540
"2580","SC","60","2",546
"2580","SC","61","1",526
"2580","SC","61","2",570
"2580","SC","62","1",511
"2580","SC","62","2",462
"2580","SC","63","1",484
"2580","SC","63","2",468
"2580","SC","64","1",414
"2580","SC","64","2",402
"2580","SC","65","1",421
"2580","SC","65","2",452
"2580","SC","66","1",407
"2580","SC","66","2",431
"2580","SC","67","1",428
"2580","SC","67","2",413
"2580","SC","68","1",402
"2580","SC","68","2",454
"2580","SC","69","1",386
"2580","SC","69","2",476
"2580","SC","70","1",382
"2580","SC","70","2",398
"2580","SC","71","1",422
"2580","SC","71","2",405
"2580","SC","72","1",387
"2580","SC","72","2",424
"2580","SC","73","1",375
"2580","SC","73","2",415
"2580","SC","74","1",352
"2580","SC","74","2",425
"2580","SC","75","1",379
"2580","SC","75","2",407
"2580","SC","76","1",376
"2580","SC","76","2",397
"2580","SC","77","1",360
"2580","SC","77","2",429
"2580","SC","78","1",348
"2580","SC","78","2",405
"2580","SC","79","1",325
"2580","SC","79","2",418
"2580","SC","80","1",316
"2580","SC","80","2",379
"2580","SC","81","1",278
"2580","SC","81","2",339
"2580","SC","82","1",278
"2580","SC","82","2",310
"2580","SC","83","1",249
"2580","SC","83","2",267
"2580","SC","84","1",200
"2580","SC","84","2",276
"2580","SC","85","1",199
"2580","SC","85","2",216
"2580","SC","86","1",161
"2580","SC","86","2",233
"2580","SC","87","1",127
"2580","SC","87","2",173
"2580","SC","88","1",105
"2580","SC","88","2",168
"2580","SC","89","1",103
"2580","SC","89","2",143
"2580","SC","90","1",72
"2580","SC","90","2",115
"2580","SC","91","1",60
"2580","SC","91","2",100
"2580","SC","92","1",32
"2580","SC","92","2",69
"2580","SC","93","1",33
"2580","SC","93","2",65
"2580","SC","94","1",23
"2580","SC","94","2",41
"2580","SC","95","1",21
"2580","SC","95","2",26
"2580","SC","96","1",8
"2580","SC","96","2",26
"2580","SC","97","1",12
"2580","SC","97","2",14
"2580","SC","98","1",6
"2580","SC","98","2",7
"2580","SC","99","1",3
"2580","SC","99","2",6
"2580","OG","0","1",358
"2580","OG","0","2",329
"2580","OG","1","1",332
"2580","OG","1","2",294
"2580","OG","2","1",374
"2580","OG","2","2",299
"2580","OG","3","1",350
"2580","OG","3","2",318
"2580","OG","4","1",385
"2580","OG","4","2",412
"2580","OG","5","1",420
"2580","OG","5","2",391
"2580","OG","6","1",409
"2580","OG","6","2",401
"2580","OG","7","1",393
"2580","OG","7","2",409
"2580","OG","8","1",410
"2580","OG","8","2",394
"2580","OG","9","1",442
"2580","OG","9","2",399
"2580","OG","10","1",429
"2580","OG","10","2",394
"2580","OG","11","1",457
"2580","OG","11","2",453
"2580","OG","12","1",436
"2580","OG","12","2",407
"2580","OG","13","1",422
"2580","OG","13","2",382
"2580","OG","14","1",465
"2580","OG","14","2",419
"2580","OG","15","1",453
"2580","OG","15","2",405
"2580","OG","16","1",473
"2580","OG","16","2",430
"2580","OG","17","1",458
"2580","OG","17","2",418
"2580","OG","18","1",482
"2580","OG","18","2",417
"2580","OG","19","1",524
"2580","OG","19","2",476
"2580","OG","20","1",608
"2580","OG","20","2",516
"2580","OG","21","1",652
"2580","OG","21","2",489
"2580","OG","22","1",633
"2580","OG","22","2",521
"2580","OG","23","1",651
"2580","OG","23","2",453
"2580","OG","24","1",669
"2580","OG","24","2",506
"2580","OG","25","1",611
"2580","OG","25","2",456
"2580","OG","26","1",654
"2580","OG","26","2",440
"2580","OG","27","1",572
"2580","OG","27","2",390
"2580","OG","28","1",498
"2580","OG","28","2",391
"2580","OG","29","1",490
"2580","OG","29","2",369
"2580","OG","30","1",463
"2580","OG","30","2",367
"2580","OG","31","1",546
"2580","OG","31","2",348
"2580","OG","32","1",485
"2580","OG","32","2",377
"2580","OG","33","1",500
"2580","OG","33","2",368
"2580","OG","34","1",488
"2580","OG","34","2",332
"2580","OG","35","1",440
"2580","OG","35","2",322
"2580","OG","36","1",407
"2580","OG","36","2",305
"2580","OG","37","1",388
"2580","OG","37","2",276
"2580","OG","38","1",354
"2580","OG","38","2",236
"2580","OG","39","1",301
"2580","OG","39","2",236
"2580","OG","40","1",283
"2580","OG","40","2",194
"2580","OG","41","1",240
"2580","OG","41","2",193
"2580","OG","42","1",231
"2580","OG","42","2",166
"2580","OG","43","1",207
"2580","OG","43","2",153
"2580","OG","44","1",202
"2580","OG","44","2",150
"2580","OG","45","1",224
"2580","OG","45","2",177
"2580","OG","46","1",172
"2580","OG","46","2",139
"2580","OG","47","1",188
"2580","OG","47","2",149
"2580","OG","48","1",185
"2580","OG","48","2",158
"2580","OG","49","1",195
"2580","OG","49","2",133
"2580","OG","50","1",202
"2580","OG","50","2",160
"2580","OG","51","1",214
"2580","OG","51","2",159
"2580","OG","52","1",189
"2580","OG","52","2",172
"2580","OG","53","1",200
"2580","OG","53","2",139
"2580","OG","54","1",173
"2580","OG","54","2",140
"2580","OG","55","1",183
"2580","OG","55","2",167
"2580","OG","56","1",166
"2580","OG","56","2",146
"2580","OG","57","1",181
"2580","OG","57","2",170
"2580","OG","58","1",183
"2580","OG","58","2",149
"2580","OG","59","1",177
"2580","OG","59","2",178
"2580","OG","60","1",190
"2580","OG","60","2",154
"2580","OG","61","1",172
"2580","OG","61","2",160
"2580","OG","62","1",163
"2580","OG","62","2",124
"2580","OG","63","1",159
"2580","OG","63","2",121
"2580","OG","64","1",122
"2580","OG","64","2",113
"2580","OG","65","1",119
"2580","OG","65","2",108
"2580","OG","66","1",121
"2580","OG","66","2",106
"2580","OG","67","1",116
"2580","OG","67","2",95
"2580","OG","68","1",104
"2580","OG","68","2",116
"2580","OG","69","1",94
"2580","OG","69","2",101
"2580","OG","70","1",78
"2580","OG","70","2",67
"2580","OG","71","1",109
"2580","OG","71","2",81
"2580","OG","72","1",79
"2580","OG","72","2",72
"2580","OG","73","1",73
"2580","OG","73","2",73
"2580","OG","74","1",78
"2580","OG","74","2",68
"2580","OG","75","1",74
"2580","OG","75","2",54
"2580","OG","76","1",66
"2580","OG","76","2",68
"2580","OG","77","1",45
"2580","OG","77","2",55
"2580","OG","78","1",62
"2580","OG","78","2",51
"2580","OG","79","1",42
"2580","OG","79","2",37
"2580","OG","80","1",38
"2580","OG","80","2",43
"2580","OG","81","1",27
"2580","OG","81","2",19
"2580","OG","82","1",29
"2580","OG","82","2",27
"2580","OG","83","1",24
"2580","OG","83","2",16
"2580","OG","84","1",9
"2580","OG","84","2",10
"2580","OG","85","1",22
"2580","OG","85","2",13
"2580","OG","86","1",8
"2580","OG","86","2",11
"2580","OG","87","1",4
"2580","OG","87","2",13
"2580","OG","88","1",4
"2580","OG","88","2",6
"2580","OG","89","1",3
"2580","OG","89","2",9
"2580","OG","90","1",3
"2580","OG","90","2",5
"2580","OG","91","1",3
"2580","OG","91","2",3
"2580","OG","92","1",0
"2580","OG","92","2",3
"2580","OG","93","1",0
"2580","OG","93","2",0
"2580","OG","94","1",0
"2580","OG","94","2",3
"2580","OG","95","1",3
"2580","OG","95","2",3
"2580","OG","96","1",0
"2580","OG","96","2",0
"2580","OG","97","1",0
"2580","OG","97","2",0
"2580","OG","98","1",0
"2580","OG","98","2",0
"2580","OG","99","1",0
"2580","OG","99","2",0
"2580","G","0","1",0
"2580","G","0","2",0
"2580","G","1","1",0
"2580","G","1","2",0
"2580","G","2","1",0
"2580","G","2","2",0
"2580","G","3","1",0
"2580","G","3","2",0
"2580","G","4","1",0
"2580","G","4","2",0
"2580","G","5","1",0
"2580","G","5","2",0
"2580","G","6","1",0
"2580","G","6","2",0
"2580","G","7","1",0
"2580","G","7","2",0
"2580","G","8","1",0
"2580","G","8","2",0
"2580","G","9","1",0
"2580","G","9","2",0
"2580","G","10","1",0
"2580","G","10","2",0
"2580","G","11","1",0
"2580","G","11","2",0
"2580","G","12","1",0
"2580","G","12","2",0
"2580","G","13","1",0
"2580","G","13","2",0
"2580","G","14","1",0
"2580","G","14","2",0
"2580","G","15","1",0
"2580","G","15","2",0
"2580","G","16","1",0
"2580","G","16","2",0
"2580","G","17","1",0
"2580","G","17","2",0
"2580","G","18","1",0
"2580","G","18","2",0
"2580","G","19","1",0
"2580","G","19","2",0
"2580","G","20","1",3
"2580","G","20","2",7
"2580","G","21","1",6
"2580","G","21","2",8
"2580","G","22","1",3
"2580","G","22","2",23
"2580","G","23","1",6
"2580","G","23","2",20
"2580","G","24","1",10
"2580","G","24","2",20
"2580","G","25","1",27
"2580","G","25","2",36
"2580","G","26","1",42
"2580","G","26","2",45
"2580","G","27","1",34
"2580","G","27","2",53
"2580","G","28","1",49
"2580","G","28","2",69
"2580","G","29","1",62
"2580","G","29","2",79
"2580","G","30","1",82
"2580","G","30","2",104
"2580","G","31","1",96
"2580","G","31","2",139
"2580","G","32","1",103
"2580","G","32","2",122
"2580","G","33","1",138
"2580","G","33","2",167
"2580","G","34","1",126
"2580","G","34","2",186
"2580","G","35","1",142
"2580","G","35","2",176
"2580","G","36","1",157
"2580","G","36","2",171
"2580","G","37","1",204
"2580","G","37","2",218
"2580","G","38","1",185
"2580","G","38","2",220
"2580","G","39","1",195
"2580","G","39","2",234
"2580","G","40","1",189
"2580","G","40","2",217
"2580","G","41","1",211
"2580","G","41","2",232
"2580","G","42","1",214
"2580","G","42","2",203
"2580","G","43","1",186
"2580","G","43","2",213
"2580","G","44","1",214
"2580","G","44","2",231
"2580","G","45","1",230
"2580","G","45","2",223
"2580","G","46","1",210
"2580","G","46","2",247
"2580","G","47","1",201
"2580","G","47","2",206
"2580","G","48","1",218
"2580","G","48","2",208
"2580","G","49","1",246
"2580","G","49","2",216
"2580","G","50","1",237
"2580","G","50","2",223
"2580","G","51","1",212
"2580","G","51","2",216
"2580","G","52","1",244
"2580","G","52","2",239
"2580","G","53","1",225
"2580","G","53","2",274
"2580","G","54","1",244
"2580","G","54","2",264
"2580","G","55","1",251
"2580","G","55","2",244
"2580","G","56","1",271
"2580","G","56","2",238
"2580","G","57","1",247
"2580","G","57","2",263
"2580","G","58","1",319
"2580","G","58","2",258
"2580","G","59","1",265
"2580","G","59","2",282
"2580","G","60","1",274
"2580","G","60","2",274
"2580","G","61","1",262
"2580","G","61","2",282
"2580","G","62","1",255
"2580","G","62","2",227
"2580","G","63","1",233
"2580","G","63","2",234
"2580","G","64","1",222
"2580","G","64","2",198
"2580","G","65","1",223
"2580","G","65","2",223
"2580","G","66","1",232
"2580","G","66","2",206
"2580","G","67","1",244
"2580","G","67","2",215
"2580","G","68","1",206
"2580","G","68","2",214
"2580","G","69","1",216
"2580","G","69","2",235
"2580","G","70","1",213
"2580","G","70","2",210
"2580","G","71","1",223
"2580","G","71","2",196
"2580","G","72","1",226
"2580","G","72","2",208
"2580","G","73","1",221
"2580","G","73","2",213
"2580","G","74","1",195
"2580","G","74","2",212
"2580","G","75","1",221
"2580","G","75","2",204
"2580","G","76","1",220
"2580","G","76","2",184
"2580","G","77","1",226
"2580","G","77","2",208
"2580","G","78","1",208
"2580","G","78","2",188
"2580","G","79","1",201
"2580","G","79","2",199
"2580","G","80","1",195
"2580","G","80","2",151
"2580","G","81","1",173
"2580","G","81","2",138
"2580","G","82","1",174
"2580","G","82","2",124
"2580","G","83","1",151
"2580","G","83","2",101
"2580","G","84","1",120
"2580","G","84","2",96
"2580","G","85","1",118
"2580","G","85","2",52
"2580","G","86","1",81
"2580","G","86","2",59
"2580","G","87","1",78
"2580","G","87","2",41
"2580","G","88","1",51
"2580","G","88","2",32
"2580","G","89","1",46
"2580","G","89","2",27
"2580","G","90","1",40
"2580","G","90","2",16
"2580","G","91","1",26
"2580","G","91","2",18
"2580","G","92","1",21
"2580","G","92","2",3
"2580","G","93","1",11
"2580","G","93","2",3
"2580","G","94","1",7
"2580","G","94","2",3
"2580","G","95","1",7
"2580","G","95","2",3
"2580","G","96","1",4
"2580","G","96","2",0
"2580","G","97","1",0
"2580","G","97","2",0
"2580","G","98","1",0
"2580","G","98","2",0
"2580","G","99","1",0
"2580","G","99","2",0
"2580","SK","0","1",0
"2580","SK","0","2",0
"2580","SK","1","1",0
"2580","SK","1","2",0
"2580","SK","2","1",0
"2580","SK","2","2",0
"2580","SK","3","1",0
"2580","SK","3","2",0
"2580","SK","4","1",0
"2580","SK","4","2",0
"2580","SK","5","1",0
"2580","SK","5","2",0
"2580","SK","6","1",0
"2580","SK","6","2",0
"2580","SK","7","1",0
"2580","SK","7","2",0
"2580","SK","8","1",0
"2580","SK","8","2",0
"2580","SK","9","1",0
"2580","SK","9","2",0
"2580","SK","10","1",0
"2580","SK","10","2",0
"2580","SK","11","1",0
"2580","SK","11","2",0
"2580","SK","12","1",0
"2580","SK","12","2",0
"2580","SK","13","1",0
"2580","SK","13","2",0
"2580","SK","14","1",0
"2580","SK","14","2",0
"2580","SK","15","1",0
"2580","SK","15","2",0
"2580","SK","16","1",0
"2580","SK","16","2",0
"2580","SK","17","1",0
"2580","SK","17","2",0
"2580","SK","18","1",0
"2580","SK","18","2",0
"2580","SK","19","1",0
"2580","SK","19","2",0
"2580","SK","20","1",0
"2580","SK","20","2",0
"2580","SK","21","1",0
"2580","SK","21","2",0
"2580","SK","22","1",0
"2580","SK","22","2",0
"2580","SK","23","1",0
"2580","SK","23","2",3
"2580","SK","24","1",0
"2580","SK","24","2",0
"2580","SK","25","1",3
"2580","SK","25","2",4
"2580","SK","26","1",0
"2580","SK","26","2",5
"2580","SK","27","1",0
"2580","SK","27","2",3
"2580","SK","28","1",3
"2580","SK","28","2",4
"2580","SK","29","1",3
"2580","SK","29","2",10
"2580","SK","30","1",0
"2580","SK","30","2",14
"2580","SK","31","1",11
"2580","SK","31","2",12
"2580","SK","32","1",15
"2580","SK","32","2",17
"2580","SK","33","1",16
"2580","SK","33","2",27
"2580","SK","34","1",16
"2580","SK","34","2",27
"2580","SK","35","1",15
"2580","SK","35","2",42
"2580","SK","36","1",26
"2580","SK","36","2",32
"2580","SK","37","1",29
"2580","SK","37","2",36
"2580","SK","38","1",35
"2580","SK","38","2",45
"2580","SK","39","1",23
"2580","SK","39","2",32
"2580","SK","40","1",29
"2580","SK","40","2",55
"2580","SK","41","1",34
"2580","SK","41","2",50
"2580","SK","42","1",52
"2580","SK","42","2",61
"2580","SK","43","1",45
"2580","SK","43","2",69
"2580","SK","44","1",38
"2580","SK","44","2",57
"2580","SK","45","1",54
"2580","SK","45","2",59
"2580","SK","46","1",58
"2580","SK","46","2",54
"2580","SK","47","1",50
"2580","SK","47","2",62
"2580","SK","48","1",58
"2580","SK","48","2",67
"2580","SK","49","1",55
"2580","SK","49","2",80
"2580","SK","50","1",43
"2580","SK","50","2",92
"2580","SK","51","1",65
"2580","SK","51","2",101
"2580","SK","52","1",65
"2580","SK","52","2",81
"2580","SK","53","1",70
"2580","SK","53","2",95
"2580","SK","54","1",63
"2580","SK","54","2",76
"2580","SK","55","1",72
"2580","SK","55","2",87
"2580","SK","56","1",64
"2580","SK","56","2",89
"2580","SK","57","1",76
"2580","SK","57","2",84
"2580","SK","58","1",81
"2580","SK","58","2",95
"2580","SK","59","1",83
"2580","SK","59","2",97
"2580","SK","60","1",66
"2580","SK","60","2",94
"2580","SK","61","1",81
"2580","SK","61","2",109
"2580","SK","62","1",83
"2580","SK","62","2",90
"2580","SK","63","1",89
"2580","SK","63","2",96
"2580","SK","64","1",61
"2580","SK","64","2",76
"2580","SK","65","1",71
"2580","SK","65","2",99
"2580","SK","66","1",50
"2580","SK","66","2",94
"2580","SK","67","1",59
"2580","SK","67","2",87
"2580","SK","68","1",80
"2580","SK","68","2",89
"2580","SK","69","1",70
"2580","SK","69","2",97
"2580","SK","70","1",79
"2580","SK","70","2",88
"2580","SK","71","1",72
"2580","SK","71","2",91
"2580","SK","72","1",65
"2580","SK","72","2",108
"2580","SK","73","1",65
"2580","SK","73","2",83
"2580","SK","74","1",61
"2580","SK","74","2",89
"2580","SK","75","1",56
"2580","SK","75","2",81
"2580","SK","76","1",61
"2580","SK","76","2",89
"2580","SK","77","1",60
"2580","SK","77","2",84
"2580","SK","78","1",43
"2580","SK","78","2",81
"2580","SK","79","1",46
"2580","SK","79","2",78
"2580","SK","80","1",38
"2580","SK","80","2",70
"2580","SK","81","1",48
"2580","SK","81","2",63
"2580","SK","82","1",42
"2580","SK","82","2",64
"2580","SK","83","1",28
"2580","SK","83","2",52
"2580","SK","84","1",32
"2580","SK","84","2",44
"2580","SK","85","1",32
"2580","SK","85","2",44
"2580","SK","86","1",21
"2580","SK","86","2",38
"2580","SK","87","1",16
"2580","SK","87","2",27
"2580","SK","88","1",9
"2580","SK","88","2",28
"2580","SK","89","1",15
"2580","SK","89","2",15
"2580","SK","90","1",4
"2580","SK","90","2",17
"2580","SK","91","1",10
"2580","SK","91","2",15
"2580","SK","92","1",3
"2580","SK","92","2",8
"2580","SK","93","1",0
"2580","SK","93","2",10
"2580","SK","94","1",0
"2580","SK","94","2",5
"2580","SK","95","1",0
"2580","SK","95","2",4
"2580","SK","96","1",0
"2580","SK","96","2",3
"2580","SK","97","1",3
"2580","SK","97","2",0
"2580","SK","98","1",0
"2580","SK","98","2",0
"2580","SK","99","1",0
"2580","SK","99","2",0
"2580","ÄNKL","0","1",0
"2580","ÄNKL","0","2",0
"2580","ÄNKL","1","1",0
"2580","ÄNKL","1","2",0
"2580","ÄNKL","2","1",0
"2580","ÄNKL","2","2",0
"2580","ÄNKL","3","1",0
"2580","ÄNKL","3","2",0
"2580","ÄNKL","4","1",0
"2580","ÄNKL","4","2",0
"2580","ÄNKL","5","1",0
"2580","ÄNKL","5","2",0
"2580","ÄNKL","6","1",0
"2580","ÄNKL","6","2",0
"2580","ÄNKL","7","1",0
"2580","ÄNKL","7","2",0
"2580","ÄNKL","8","1",0
"2580","ÄNKL","8","2",0
"2580","ÄNKL","9","1",0
"2580","ÄNKL","9","2",0
"2580","ÄNKL","10","1",0
"2580","ÄNKL","10","2",0
"2580","ÄNKL","11","1",0
"2580","ÄNKL","11","2",0
"2580","ÄNKL","12","1",0
"2580","ÄNKL","12","2",0
"2580","ÄNKL","13","1",0
"2580","ÄNKL","13","2",0
"2580","ÄNKL","14","1",0
"2580","ÄNKL","14","2",0
"2580","ÄNKL","15","1",0
"2580","ÄNKL","15","2",0
"2580","ÄNKL","16","1",0
"2580","ÄNKL","16","2",0
"2580","ÄNKL","17","1",0
"2580","ÄNKL","17","2",0
"2580","ÄNKL","18","1",0
"2580","ÄNKL","18","2",0
"2580","ÄNKL","19","1",0
"2580","ÄNKL","19","2",0
"2580","ÄNKL","20","1",0
"2580","ÄNKL","20","2",0
"2580","ÄNKL","21","1",0
"2580","ÄNKL","21","2",0
"2580","ÄNKL","22","1",0
"2580","ÄNKL","22","2",0
"2580","ÄNKL","23","1",0
"2580","ÄNKL","23","2",0
"2580","ÄNKL","24","1",0
"2580","ÄNKL","24","2",0
"2580","ÄNKL","25","1",0
"2580","ÄNKL","25","2",0
"2580","ÄNKL","26","1",0
"2580","ÄNKL","26","2",0
"2580","ÄNKL","27","1",0
"2580","ÄNKL","27","2",0
"2580","ÄNKL","28","1",0
"2580","ÄNKL","28","2",0
"2580","ÄNKL","29","1",0
"2580","ÄNKL","29","2",0
"2580","ÄNKL","30","1",0
"2580","ÄNKL","30","2",0
"2580","ÄNKL","31","1",0
"2580","ÄNKL","31","2",0
"2580","ÄNKL","32","1",0
"2580","ÄNKL","32","2",0
"2580","ÄNKL","33","1",0
"2580","ÄNKL","33","2",0
"2580","ÄNKL","34","1",0
"2580","ÄNKL","34","2",3
"2580","ÄNKL","35","1",0
"2580","ÄNKL","35","2",4
"2580","ÄNKL","36","1",0
"2580","ÄNKL","36","2",0
"2580","ÄNKL","37","1",0
"2580","ÄNKL","37","2",0
"2580","ÄNKL","38","1",0
"2580","ÄNKL","38","2",0
"2580","ÄNKL","39","1",0
"2580","ÄNKL","39","2",3
"2580","ÄNKL","40","1",3
"2580","ÄNKL","40","2",0
"2580","ÄNKL","41","1",0
"2580","ÄNKL","41","2",0
"2580","ÄNKL","42","1",0
"2580","ÄNKL","42","2",3
"2580","ÄNKL","43","1",0
"2580","ÄNKL","43","2",6
"2580","ÄNKL","44","1",0
"2580","ÄNKL","44","2",3
"2580","ÄNKL","45","1",0
"2580","ÄNKL","45","2",4
"2580","ÄNKL","46","1",0
"2580","ÄNKL","46","2",0
"2580","ÄNKL","47","1",0
"2580","ÄNKL","47","2",3
"2580","ÄNKL","48","1",0
"2580","ÄNKL","48","2",3
"2580","ÄNKL","49","1",0
"2580","ÄNKL","49","2",4
"2580","ÄNKL","50","1",0
"2580","ÄNKL","50","2",6
"2580","ÄNKL","51","1",0
"2580","ÄNKL","51","2",10
"2580","ÄNKL","52","1",0
"2580","ÄNKL","52","2",8
"2580","ÄNKL","53","1",0
"2580","ÄNKL","53","2",6
"2580","ÄNKL","54","1",0
"2580","ÄNKL","54","2",9
"2580","ÄNKL","55","1",5
"2580","ÄNKL","55","2",8
"2580","ÄNKL","56","1",3
"2580","ÄNKL","56","2",3
"2580","ÄNKL","57","1",5
"2580","ÄNKL","57","2",8
"2580","ÄNKL","58","1",3
"2580","ÄNKL","58","2",8
"2580","ÄNKL","59","1",3
"2580","ÄNKL","59","2",14
"2580","ÄNKL","60","1",6
"2580","ÄNKL","60","2",23
"2580","ÄNKL","61","1",8
"2580","ÄNKL","61","2",18
"2580","ÄNKL","62","1",7
"2580","ÄNKL","62","2",25
"2580","ÄNKL","63","1",0
"2580","ÄNKL","63","2",17
"2580","ÄNKL","64","1",3
"2580","ÄNKL","64","2",20
"2580","ÄNKL","65","1",5
"2580","ÄNKL","65","2",20
"2580","ÄNKL","66","1",5
"2580","ÄNKL","66","2",31
"2580","ÄNKL","67","1",10
"2580","ÄNKL","67","2",16
"2580","ÄNKL","68","1",14
"2580","ÄNKL","68","2",32
"2580","ÄNKL","69","1",7
"2580","ÄNKL","69","2",40
"2580","ÄNKL","70","1",14
"2580","ÄNKL","70","2",33
"2580","ÄNKL","71","1",17
"2580","ÄNKL","71","2",33
"2580","ÄNKL","72","1",16
"2580","ÄNKL","72","2",38
"2580","ÄNKL","73","1",11
"2580","ÄNKL","73","2",45
"2580","ÄNKL","74","1",18
"2580","ÄNKL","74","2",53
"2580","ÄNKL","75","1",20
"2580","ÄNKL","75","2",63
"2580","ÄNKL","76","1",32
"2580","ÄNKL","76","2",58
"2580","ÄNKL","77","1",30
"2580","ÄNKL","77","2",77
"2580","ÄNKL","78","1",33
"2580","ÄNKL","78","2",85
"2580","ÄNKL","79","1",35
"2580","ÄNKL","79","2",99
"2580","ÄNKL","80","1",43
"2580","ÄNKL","80","2",112
"2580","ÄNKL","81","1",34
"2580","ÄNKL","81","2",113
"2580","ÄNKL","82","1",31
"2580","ÄNKL","82","2",95
"2580","ÄNKL","83","1",40
"2580","ÄNKL","83","2",99
"2580","ÄNKL","84","1",35
"2580","ÄNKL","84","2",126
"2580","ÄNKL","85","1",25
"2580","ÄNKL","85","2",109
"2580","ÄNKL","86","1",44
"2580","ÄNKL","86","2",124
"2580","ÄNKL","87","1",32
"2580","ÄNKL","87","2",93
"2580","ÄNKL","88","1",38
"2580","ÄNKL","88","2",98
"2580","ÄNKL","89","1",36
"2580","ÄNKL","89","2",91
"2580","ÄNKL","90","1",25
"2580","ÄNKL","90","2",77
"2580","ÄNKL","91","1",24
"2580","ÄNKL","91","2",70
"2580","ÄNKL","92","1",10
"2580","ÄNKL","92","2",58
"2580","ÄNKL","93","1",19
"2580","ÄNKL","93","2",55
"2580","ÄNKL","94","1",15
"2580","ÄNKL","94","2",34
"2580","ÄNKL","95","1",11
"2580","ÄNKL","95","2",22
"2580","ÄNKL","96","1",7
"2580","ÄNKL","96","2",18
"2580","ÄNKL","97","1",9
"2580","ÄNKL","97","2",15
"2580","ÄNKL","98","1",5
"2580","ÄNKL","98","2",7
"2580","ÄNKL","99","1",3
"2580","ÄNKL","99","2",5
"2582","SC","0","1",101
"2582","SC","0","2",92
"2582","SC","1","1",123
"2582","SC","1","2",121
"2582","SC","2","1",129
"2582","SC","2","2",117
"2582","SC","3","1",152
"2582","SC","3","2",114
"2582","SC","4","1",178
"2582","SC","4","2",126
"2582","SC","5","1",136
"2582","SC","5","2",145
"2582","SC","6","1",164
"2582","SC","6","2",149
"2582","SC","7","1",136
"2582","SC","7","2",143
"2582","SC","8","1",171
"2582","SC","8","2",138
"2582","SC","9","1",157
"2582","SC","9","2",154
"2582","SC","10","1",181
"2582","SC","10","2",163
"2582","SC","11","1",138
"2582","SC","11","2",130
"2582","SC","12","1",161
"2582","SC","12","2",117
"2582","SC","13","1",158
"2582","SC","13","2",139
"2582","SC","14","1",153
"2582","SC","14","2",143
"2582","SC","15","1",148
"2582","SC","15","2",134
"2582","SC","16","1",161
"2582","SC","16","2",156
"2582","SC","17","1",155
"2582","SC","17","2",133
"2582","SC","18","1",171
"2582","SC","18","2",136
"2582","SC","19","1",166
"2582","SC","19","2",142
"2582","SC","20","1",164
"2582","SC","20","2",129
"2582","SC","21","1",189
"2582","SC","21","2",157
"2582","SC","22","1",154
"2582","SC","22","2",121
"2582","SC","23","1",166
"2582","SC","23","2",142
"2582","SC","24","1",174
"2582","SC","24","2",118
"2582","SC","25","1",189
"2582","SC","25","2",144
"2582","SC","26","1",175
"2582","SC","26","2",123
"2582","SC","27","1",169
"2582","SC","27","2",111
"2582","SC","28","1",175
"2582","SC","28","2",126
"2582","SC","29","1",174
"2582","SC","29","2",126
"2582","SC","30","1",175
"2582","SC","30","2",163
"2582","SC","31","1",193
"2582","SC","31","2",183
"2582","SC","32","1",223
"2582","SC","32","2",171
"2582","SC","33","1",229
"2582","SC","33","2",190
"2582","SC","34","1",251
"2582","SC","34","2",170
"2582","SC","35","1",254
"2582","SC","35","2",209
"2582","SC","36","1",227
"2582","SC","36","2",174
"2582","SC","37","1",201
"2582","SC","37","2",187
"2582","SC","38","1",201
"2582","SC","38","2",190
"2582","SC","39","1",183
"2582","SC","39","2",163
"2582","SC","40","1",197
"2582","SC","40","2",161
"2582","SC","41","1",179
"2582","SC","41","2",156
"2582","SC","42","1",185
"2582","SC","42","2",135
"2582","SC","43","1",181
"2582","SC","43","2",156
"2582","SC","44","1",179
"2582","SC","44","2",166
"2582","SC","45","1",170
"2582","SC","45","2",160
"2582","SC","46","1",165
"2582","SC","46","2",145
"2582","SC","47","1",197
"2582","SC","47","2",137
"2582","SC","48","1",136
"2582","SC","48","2",151
"2582","SC","49","1",155
"2582","SC","49","2",146
"2582","SC","50","1",190
"2582","SC","50","2",189
"2582","SC","51","1",173
"2582","SC","51","2",171
"2582","SC","52","1",160
"2582","SC","52","2",180
"2582","SC","53","1",186
"2582","SC","53","2",189
"2582","SC","54","1",214
"2582","SC","54","2",171
"2582","SC","55","1",177
"2582","SC","55","2",175
"2582","SC","56","1",177
"2582","SC","56","2",154
"2582","SC","57","1",172
"2582","SC","57","2",177
"2582","SC","58","1",173
"2582","SC","58","2",173
"2582","SC","59","1",240
"2582","SC","59","2",167
"2582","SC","60","1",195
"2582","SC","60","2",201
"2582","SC","61","1",184
"2582","SC","61","2",167
"2582","SC","62","1",164
"2582","SC","62","2",165
"2582","SC","63","1",155
"2582","SC","63","2",171
"2582","SC","64","1",168
"2582","SC","64","2",158
"2582","SC","65","1",148
"2582","SC","65","2",181
"2582","SC","66","1",195
"2582","SC","66","2",180
"2582","SC","67","1",168
"2582","SC","67","2",182
"2582","SC","68","1",179
"2582","SC","68","2",196
"2582","SC","69","1",192
"2582","SC","69","2",161
"2582","SC","70","1",161
"2582","SC","70","2",183
"2582","SC","71","1",163
"2582","SC","71","2",164
"2582","SC","72","1",176
"2582","SC","72","2",178
"2582","SC","73","1",178
"2582","SC","73","2",182
"2582","SC","74","1",144
"2582","SC","74","2",171
"2582","SC","75","1",170
"2582","SC","75","2",149
"2582","SC","76","1",173
"2582","SC","76","2",176
"2582","SC","77","1",161
"2582","SC","77","2",191
"2582","SC","78","1",150
"2582","SC","78","2",191
"2582","SC","79","1",179
"2582","SC","79","2",184
"2582","SC","80","1",120
"2582","SC","80","2",149
"2582","SC","81","1",163
"2582","SC","81","2",147
"2582","SC","82","1",125
"2582","SC","82","2",126
"2582","SC","83","1",108
"2582","SC","83","2",105
"2582","SC","84","1",79
"2582","SC","84","2",81
"2582","SC","85","1",71
"2582","SC","85","2",97
"2582","SC","86","1",51
"2582","SC","86","2",85
"2582","SC","87","1",45
"2582","SC","87","2",72
"2582","SC","88","1",40
"2582","SC","88","2",70
"2582","SC","89","1",41
"2582","SC","89","2",49
"2582","SC","90","1",26
"2582","SC","90","2",64
"2582","SC","91","1",11
"2582","SC","91","2",36
"2582","SC","92","1",19
"2582","SC","92","2",29
"2582","SC","93","1",14
"2582","SC","93","2",34
"2582","SC","94","1",10
"2582","SC","94","2",16
"2582","SC","95","1",3
"2582","SC","95","2",19
"2582","SC","96","1",5
"2582","SC","96","2",15
"2582","SC","97","1",0
"2582","SC","97","2",17
"2582","SC","98","1",0
"2582","SC","98","2",4
"2582","SC","99","1",4
"2582","SC","99","2",3
"2582","OG","0","1",101
"2582","OG","0","2",92
"2582","OG","1","1",123
"2582","OG","1","2",121
"2582","OG","2","1",129
"2582","OG","2","2",117
"2582","OG","3","1",152
"2582","OG","3","2",114
"2582","OG","4","1",178
"2582","OG","4","2",126
"2582","OG","5","1",136
"2582","OG","5","2",145
"2582","OG","6","1",164
"2582","OG","6","2",149
"2582","OG","7","1",136
"2582","OG","7","2",143
"2582","OG","8","1",171
"2582","OG","8","2",138
"2582","OG","9","1",157
"2582","OG","9","2",154
"2582","OG","10","1",181
"2582","OG","10","2",163
"2582","OG","11","1",138
"2582","OG","11","2",130
"2582","OG","12","1",161
"2582","OG","12","2",117
"2582","OG","13","1",158
"2582","OG","13","2",139
"2582","OG","14","1",153
"2582","OG","14","2",143
"2582","OG","15","1",148
"2582","OG","15","2",134
"2582","OG","16","1",161
"2582","OG","16","2",156
"2582","OG","17","1",155
"2582","OG","17","2",133
"2582","OG","18","1",171
"2582","OG","18","2",136
"2582","OG","19","1",166
"2582","OG","19","2",142
"2582","OG","20","1",164
"2582","OG","20","2",129
"2582","OG","21","1",187
"2582","OG","21","2",155
"2582","OG","22","1",154
"2582","OG","22","2",118
"2582","OG","23","1",162
"2582","OG","23","2",132
"2582","OG","24","1",173
"2582","OG","24","2",111
"2582","OG","25","1",178
"2582","OG","25","2",132
"2582","OG","26","1",160
"2582","OG","26","2",107
"2582","OG","27","1",148
"2582","OG","27","2",94
"2582","OG","28","1",161
"2582","OG","28","2",98
"2582","OG","29","1",155
"2582","OG","29","2",98
"2582","OG","30","1",141
"2582","OG","30","2",117
"2582","OG","31","1",166
"2582","OG","31","2",128
"2582","OG","32","1",176
"2582","OG","32","2",108
"2582","OG","33","1",167
"2582","OG","33","2",114
"2582","OG","34","1",174
"2582","OG","34","2",90
"2582","OG","35","1",172
"2582","OG","35","2",125
"2582","OG","36","1",144
"2582","OG","36","2",91
"2582","OG","37","1",123
"2582","OG","37","2",74
"2582","OG","38","1",112
"2582","OG","38","2",84
"2582","OG","39","1",99
"2582","OG","39","2",66
"2582","OG","40","1",88
"2582","OG","40","2",66
"2582","OG","41","1",92
"2582","OG","41","2",56
"2582","OG","42","1",83
"2582","OG","42","2",48
"2582","OG","43","1",80
"2582","OG","43","2",68
"2582","OG","44","1",71
"2582","OG","44","2",70
"2582","OG","45","1",72
"2582","OG","45","2",52
"2582","OG","46","1",56
"2582","OG","46","2",51
"2582","OG","47","1",79
"2582","OG","47","2",44
"2582","OG","48","1",42
"2582","OG","48","2",57
"2582","OG","49","1",66
"2582","OG","49","2",51
"2582","OG","50","1",75
"2582","OG","50","2",57
"2582","OG","51","1",62
"2582","OG","51","2",52
"2582","OG","52","1",61
"2582","OG","52","2",50
"2582","OG","53","1",79
"2582","OG","53","2",52
"2582","OG","54","1",73
"2582","OG","54","2",65
"2582","OG","55","1",61
"2582","OG","55","2",62
"2582","OG","56","1",60
"2582","OG","56","2",46
"2582","OG","57","1",58
"2582","OG","57","2",42
"2582","OG","58","1",60
"2582","OG","58","2",61
"2582","OG","59","1",69
"2582","OG","59","2",34
"2582","OG","60","1",63
"2582","OG","60","2",58
"2582","OG","61","1",53
"2582","OG","61","2",39
"2582","OG","62","1",59
"2582","OG","62","2",47
"2582","OG","63","1",46
"2582","OG","63","2",43
"2582","OG","64","1",50
"2582","OG","64","2",44
"2582","OG","65","1",36
"2582","OG","65","2",38
"2582","OG","66","1",53
"2582","OG","66","2",44
"2582","OG","67","1",41
"2582","OG","67","2",33
"2582","OG","68","1",42
"2582","OG","68","2",33
"2582","OG","69","1",36
"2582","OG","69","2",34
"2582","OG","70","1",38
"2582","OG","70","2",36
"2582","OG","71","1",34
"2582","OG","71","2",24
"2582","OG","72","1",57
"2582","OG","72","2",25
"2582","OG","73","1",33
"2582","OG","73","2",32
"2582","OG","74","1",25
"2582","OG","74","2",34
"2582","OG","75","1",31
"2582","OG","75","2",24
"2582","OG","76","1",29
"2582","OG","76","2",30
"2582","OG","77","1",25
"2582","OG","77","2",18
"2582","OG","78","1",23
"2582","OG","78","2",24
"2582","OG","79","1",36
"2582","OG","79","2",12
"2582","OG","80","1",16
"2582","OG","80","2",21
"2582","OG","81","1",26
"2582","OG","81","2",13
"2582","OG","82","1",13
"2582","OG","82","2",8
"2582","OG","83","1",7
"2582","OG","83","2",4
"2582","OG","84","1",7
"2582","OG","84","2",4
"2582","OG","85","1",8
"2582","OG","85","2",7
"2582","OG","86","1",3
"2582","OG","86","2",5
"2582","OG","87","1",3
"2582","OG","87","2",9
"2582","OG","88","1",3
"2582","OG","88","2",4
"2582","OG","89","1",3
"2582","OG","89","2",3
"2582","OG","90","1",3
"2582","OG","90","2",0
"2582","OG","91","1",0
"2582","OG","91","2",3
"2582","OG","92","1",0
"2582","OG","92","2",3
"2582","OG","93","1",0
"2582","OG","93","2",3
"2582","OG","94","1",0
"2582","OG","94","2",0
"2582","OG","95","1",0
"2582","OG","95","2",0
"2582","OG","96","1",3
"2582","OG","96","2",0
"2582","OG","97","1",0
"2582","OG","97","2",0
"2582","OG","98","1",0
"2582","OG","98","2",0
"2582","OG","99","1",0
"2582","OG","99","2",0
"2582","G","0","1",0
"2582","G","0","2",0
"2582","G","1","1",0
"2582","G","1","2",0
"2582","G","2","1",0
"2582","G","2","2",0
"2582","G","3","1",0
"2582","G","3","2",0
"2582","G","4","1",0
"2582","G","4","2",0
"2582","G","5","1",0
"2582","G","5","2",0
"2582","G","6","1",0
"2582","G","6","2",0
"2582","G","7","1",0
"2582","G","7","2",0
"2582","G","8","1",0
"2582","G","8","2",0
"2582","G","9","1",0
"2582","G","9","2",0
"2582","G","10","1",0
"2582","G","10","2",0
"2582","G","11","1",0
"2582","G","11","2",0
"2582","G","12","1",0
"2582","G","12","2",0
"2582","G","13","1",0
"2582","G","13","2",0
"2582","G","14","1",0
"2582","G","14","2",0
"2582","G","15","1",0
"2582","G","15","2",0
"2582","G","16","1",0
"2582","G","16","2",0
"2582","G","17","1",0
"2582","G","17","2",0
"2582","G","18","1",0
"2582","G","18","2",0
"2582","G","19","1",0
"2582","G","19","2",0
"2582","G","20","1",0
"2582","G","20","2",0
"2582","G","21","1",0
"2582","G","21","2",3
"2582","G","22","1",0
"2582","G","22","2",3
"2582","G","23","1",3
"2582","G","23","2",8
"2582","G","24","1",0
"2582","G","24","2",12
"2582","G","25","1",11
"2582","G","25","2",10
"2582","G","26","1",19
"2582","G","26","2",13
"2582","G","27","1",22
"2582","G","27","2",17
"2582","G","28","1",15
"2582","G","28","2",25
"2582","G","29","1",16
"2582","G","29","2",27
"2582","G","30","1",34
"2582","G","30","2",35
"2582","G","31","1",29
"2582","G","31","2",48
"2582","G","32","1",40
"2582","G","32","2",54
"2582","G","33","1",57
"2582","G","33","2",69
"2582","G","34","1",68
"2582","G","34","2",66
"2582","G","35","1",70
"2582","G","35","2",67
"2582","G","36","1",74
"2582","G","36","2",67
"2582","G","37","1",63
"2582","G","37","2",91
"2582","G","38","1",82
"2582","G","38","2",89
"2582","G","39","1",70
"2582","G","39","2",87
"2582","G","40","1",98
"2582","G","40","2",79
"2582","G","41","1",76
"2582","G","41","2",71
"2582","G","42","1",96
"2582","G","42","2",62
"2582","G","43","1",79
"2582","G","43","2",64
"2582","G","44","1",92
"2582","G","44","2",65
"2582","G","45","1",79
"2582","G","45","2",76
"2582","G","46","1",85
"2582","G","46","2",70
"2582","G","47","1",91
"2582","G","47","2",67
"2582","G","48","1",65
"2582","G","48","2",72
"2582","G","49","1",69
"2582","G","49","2",65
"2582","G","50","1",85
"2582","G","50","2",100
"2582","G","51","1",91
"2582","G","51","2",90
"2582","G","52","1",78
"2582","G","52","2",97
"2582","G","53","1",85
"2582","G","53","2",102
"2582","G","54","1",109
"2582","G","54","2",74
"2582","G","55","1",92
"2582","G","55","2",77
"2582","G","56","1",83
"2582","G","56","2",78
"2582","G","57","1",87
"2582","G","57","2",96
"2582","G","58","1",78
"2582","G","58","2",81
"2582","G","59","1",119
"2582","G","59","2",90
"2582","G","60","1",100
"2582","G","60","2",96
"2582","G","61","1",105
"2582","G","61","2",92
"2582","G","62","1",76
"2582","G","62","2",77
"2582","G","63","1",79
"2582","G","63","2",71
"2582","G","64","1",83
"2582","G","64","2",87
"2582","G","65","1",85
"2582","G","65","2",85
"2582","G","66","1",108
"2582","G","66","2",93
"2582","G","67","1",84
"2582","G","67","2",106
"2582","G","68","1",89
"2582","G","68","2",117
"2582","G","69","1",118
"2582","G","69","2",83
"2582","G","70","1",87
"2582","G","70","2",89
"2582","G","71","1",94
"2582","G","71","2",88
"2582","G","72","1",87
"2582","G","72","2",96
"2582","G","73","1",101
"2582","G","73","2",93
"2582","G","74","1",89
"2582","G","74","2",74
"2582","G","75","1",98
"2582","G","75","2",77
"2582","G","76","1",101
"2582","G","76","2",93
"2582","G","77","1",100
"2582","G","77","2",80
"2582","G","78","1",97
"2582","G","78","2",101
"2582","G","79","1",108
"2582","G","79","2",91
"2582","G","80","1",68
"2582","G","80","2",56
"2582","G","81","1",87
"2582","G","81","2",54
"2582","G","82","1",61
"2582","G","82","2",41
"2582","G","83","1",63
"2582","G","83","2",39
"2582","G","84","1",43
"2582","G","84","2",26
"2582","G","85","1",38
"2582","G","85","2",17
"2582","G","86","1",26
"2582","G","86","2",25
"2582","G","87","1",24
"2582","G","87","2",13
"2582","G","88","1",20
"2582","G","88","2",10
"2582","G","89","1",21
"2582","G","89","2",10
"2582","G","90","1",15
"2582","G","90","2",10
"2582","G","91","1",4
"2582","G","91","2",3
"2582","G","92","1",8
"2582","G","92","2",0
"2582","G","93","1",5
"2582","G","93","2",0
"2582","G","94","1",3
"2582","G","94","2",0
"2582","G","95","1",3
"2582","G","95","2",0
"2582","G","96","1",3
"2582","G","96","2",0
"2582","G","97","1",0
"2582","G","97","2",3
"2582","G","98","1",0
"2582","G","98","2",0
"2582","G","99","1",0
"2582","G","99","2",0
"2582","SK","0","1",0
"2582","SK","0","2",0
"2582","SK","1","1",0
"2582","SK","1","2",0
"2582","SK","2","1",0
"2582","SK","2","2",0
"2582","SK","3","1",0
"2582","SK","3","2",0
"2582","SK","4","1",0
"2582","SK","4","2",0
"2582","SK","5","1",0
"2582","SK","5","2",0
"2582","SK","6","1",0
"2582","SK","6","2",0
"2582","SK","7","1",0
"2582","SK","7","2",0
"2582","SK","8","1",0
"2582","SK","8","2",0
"2582","SK","9","1",0
"2582","SK","9","2",0
"2582","SK","10","1",0
"2582","SK","10","2",0
"2582","SK","11","1",0
"2582","SK","11","2",0
"2582","SK","12","1",0
"2582","SK","12","2",0
"2582","SK","13","1",0
"2582","SK","13","2",0
"2582","SK","14","1",0
"2582","SK","14","2",0
"2582","SK","15","1",0
"2582","SK","15","2",0
"2582","SK","16","1",0
"2582","SK","16","2",0
"2582","SK","17","1",0
"2582","SK","17","2",0
"2582","SK","18","1",0
"2582","SK","18","2",0
"2582","SK","19","1",0
"2582","SK","19","2",0
"2582","SK","20","1",0
"2582","SK","20","2",0
"2582","SK","21","1",0
"2582","SK","21","2",0
"2582","SK","22","1",0
"2582","SK","22","2",0
"2582","SK","23","1",0
"2582","SK","23","2",0
"2582","SK","24","1",0
"2582","SK","24","2",0
"2582","SK","25","1",0
"2582","SK","25","2",3
"2582","SK","26","1",0
"2582","SK","26","2",4
"2582","SK","27","1",0
"2582","SK","27","2",0
"2582","SK","28","1",3
"2582","SK","28","2",4
"2582","SK","29","1",3
"2582","SK","29","2",4
"2582","SK","30","1",3
"2582","SK","30","2",9
"2582","SK","31","1",0
"2582","SK","31","2",9
"2582","SK","32","1",5
"2582","SK","32","2",8
"2582","SK","33","1",5
"2582","SK","33","2",9
"2582","SK","34","1",11
"2582","SK","34","2",12
"2582","SK","35","1",14
"2582","SK","35","2",19
"2582","SK","36","1",11
"2582","SK","36","2",17
"2582","SK","37","1",12
"2582","SK","37","2",20
"2582","SK","38","1",9
"2582","SK","38","2",16
"2582","SK","39","1",12
"2582","SK","39","2",14
"2582","SK","40","1",12
"2582","SK","40","2",18
"2582","SK","41","1",10
"2582","SK","41","2",27
"2582","SK","42","1",8
"2582","SK","42","2",25
"2582","SK","43","1",20
"2582","SK","43","2",23
"2582","SK","44","1",13
"2582","SK","44","2",31
"2582","SK","45","1",19
"2582","SK","45","2",26
"2582","SK","46","1",21
"2582","SK","46","2",25
"2582","SK","47","1",25
"2582","SK","47","2",22
"2582","SK","48","1",27
"2582","SK","48","2",23
"2582","SK","49","1",21
"2582","SK","49","2",23
"2582","SK","50","1",26
"2582","SK","50","2",31
"2582","SK","51","1",19
"2582","SK","51","2",23
"2582","SK","52","1",27
"2582","SK","52","2",29
"2582","SK","53","1",23
"2582","SK","53","2",31
"2582","SK","54","1",28
"2582","SK","54","2",27
"2582","SK","55","1",21
"2582","SK","55","2",32
"2582","SK","56","1",32
"2582","SK","56","2",28
"2582","SK","57","1",22
"2582","SK","57","2",33
"2582","SK","58","1",32
"2582","SK","58","2",30
"2582","SK","59","1",50
"2582","SK","59","2",40
"2582","SK","60","1",28
"2582","SK","60","2",38
"2582","SK","61","1",28
"2582","SK","61","2",37
"2582","SK","62","1",28
"2582","SK","62","2",41
"2582","SK","63","1",27
"2582","SK","63","2",42
"2582","SK","64","1",30
"2582","SK","64","2",26
"2582","SK","65","1",31
"2582","SK","65","2",42
"2582","SK","66","1",26
"2582","SK","66","2",38
"2582","SK","67","1",33
"2582","SK","67","2",29
"2582","SK","68","1",40
"2582","SK","68","2",40
"2582","SK","69","1",33
"2582","SK","69","2",26
"2582","SK","70","1",31
"2582","SK","70","2",41
"2582","SK","71","1",30
"2582","SK","71","2",31
"2582","SK","72","1",26
"2582","SK","72","2",37
"2582","SK","73","1",36
"2582","SK","73","2",33
"2582","SK","74","1",21
"2582","SK","74","2",44
"2582","SK","75","1",28
"2582","SK","75","2",23
"2582","SK","76","1",31
"2582","SK","76","2",25
"2582","SK","77","1",21
"2582","SK","77","2",50
"2582","SK","78","1",22
"2582","SK","78","2",27
"2582","SK","79","1",20
"2582","SK","79","2",44
"2582","SK","80","1",19
"2582","SK","80","2",27
"2582","SK","81","1",22
"2582","SK","81","2",25
"2582","SK","82","1",27
"2582","SK","82","2",31
"2582","SK","83","1",23
"2582","SK","83","2",21
"2582","SK","84","1",5
"2582","SK","84","2",12
"2582","SK","85","1",13
"2582","SK","85","2",24
"2582","SK","86","1",9
"2582","SK","86","2",19
"2582","SK","87","1",5
"2582","SK","87","2",10
"2582","SK","88","1",6
"2582","SK","88","2",10
"2582","SK","89","1",5
"2582","SK","89","2",9
"2582","SK","90","1",8
"2582","SK","90","2",11
"2582","SK","91","1",8
"2582","SK","91","2",6
"2582","SK","92","1",0
"2582","SK","92","2",5
"2582","SK","93","1",0
"2582","SK","93","2",4
"2582","SK","94","1",3
"2582","SK","94","2",0
"2582","SK","95","1",0
"2582","SK","95","2",4
"2582","SK","96","1",0
"2582","SK","96","2",3
"2582","SK","97","1",4
"2582","SK","97","2",3
"2582","SK","98","1",0
"2582","SK","98","2",0
"2582","SK","99","1",3
"2582","SK","99","2",0
"2582","ÄNKL","0","1",0
"2582","ÄNKL","0","2",0
"2582","ÄNKL","1","1",0
"2582","ÄNKL","1","2",0
"2582","ÄNKL","2","1",0
"2582","ÄNKL","2","2",0
"2582","ÄNKL","3","1",0
"2582","ÄNKL","3","2",0
"2582","ÄNKL","4","1",0
"2582","ÄNKL","4","2",0
"2582","ÄNKL","5","1",0
"2582","ÄNKL","5","2",0
"2582","ÄNKL","6","1",0
"2582","ÄNKL","6","2",0
"2582","ÄNKL","7","1",0
"2582","ÄNKL","7","2",0
"2582","ÄNKL","8","1",0
"2582","ÄNKL","8","2",0
"2582","ÄNKL","9","1",0
"2582","ÄNKL","9","2",0
"2582","ÄNKL","10","1",0
"2582","ÄNKL","10","2",0
"2582","ÄNKL","11","1",0
"2582","ÄNKL","11","2",0
"2582","ÄNKL","12","1",0
"2582","ÄNKL","12","2",0
"2582","ÄNKL","13","1",0
"2582","ÄNKL","13","2",0
"2582","ÄNKL","14","1",0
"2582","ÄNKL","14","2",0
"2582","ÄNKL","15","1",0
"2582","ÄNKL","15","2",0
"2582","ÄNKL","16","1",0
"2582","ÄNKL","16","2",0
"2582","ÄNKL","17","1",0
"2582","ÄNKL","17","2",0
"2582","ÄNKL","18","1",0
"2582","ÄNKL","18","2",0
"2582","ÄNKL","19","1",0
"2582","ÄNKL","19","2",0
"2582","ÄNKL","20","1",0
"2582","ÄNKL","20","2",0
"2582","ÄNKL","21","1",0
"2582","ÄNKL","21","2",0
"2582","ÄNKL","22","1",0
"2582","ÄNKL","22","2",0
"2582","ÄNKL","23","1",0
"2582","ÄNKL","23","2",0
"2582","ÄNKL","24","1",0
"2582","ÄNKL","24","2",0
"2582","ÄNKL","25","1",0
"2582","ÄNKL","25","2",0
"2582","ÄNKL","26","1",0
"2582","ÄNKL","26","2",0
"2582","ÄNKL","27","1",0
"2582","ÄNKL","27","2",0
"2582","ÄNKL","28","1",0
"2582","ÄNKL","28","2",0
"2582","ÄNKL","29","1",0
"2582","ÄNKL","29","2",0
"2582","ÄNKL","30","1",0
"2582","ÄNKL","30","2",0
"2582","ÄNKL","31","1",0
"2582","ÄNKL","31","2",0
"2582","ÄNKL","32","1",3
"2582","ÄNKL","32","2",0
"2582","ÄNKL","33","1",0
"2582","ÄNKL","33","2",3
"2582","ÄNKL","34","1",0
"2582","ÄNKL","34","2",0
"2582","ÄNKL","35","1",0
"2582","ÄNKL","35","2",0
"2582","ÄNKL","36","1",0
"2582","ÄNKL","36","2",3
"2582","ÄNKL","37","1",0
"2582","ÄNKL","37","2",3
"2582","ÄNKL","38","1",0
"2582","ÄNKL","38","2",0
"2582","ÄNKL","39","1",0
"2582","ÄNKL","39","2",0
"2582","ÄNKL","40","1",0
"2582","ÄNKL","40","2",0
"2582","ÄNKL","41","1",0
"2582","ÄNKL","41","2",0
"2582","ÄNKL","42","1",0
"2582","ÄNKL","42","2",3
"2582","ÄNKL","43","1",0
"2582","ÄNKL","43","2",3
"2582","ÄNKL","44","1",0
"2582","ÄNKL","44","2",0
"2582","ÄNKL","45","1",0
"2582","ÄNKL","45","2",0
"2582","ÄNKL","46","1",3
"2582","ÄNKL","46","2",0
"2582","ÄNKL","47","1",0
"2582","ÄNKL","47","2",3
"2582","ÄNKL","48","1",0
"2582","ÄNKL","48","2",0
"2582","ÄNKL","49","1",0
"2582","ÄNKL","49","2",0
"2582","ÄNKL","50","1",0
"2582","ÄNKL","50","2",0
"2582","ÄNKL","51","1",0
"2582","ÄNKL","51","2",0
"2582","ÄNKL","52","1",0
"2582","ÄNKL","52","2",3
"2582","ÄNKL","53","1",3
"2582","ÄNKL","53","2",6
"2582","ÄNKL","54","1",0
"2582","ÄNKL","54","2",3
"2582","ÄNKL","55","1",0
"2582","ÄNKL","55","2",5
"2582","ÄNKL","56","1",3
"2582","ÄNKL","56","2",3
"2582","ÄNKL","57","1",3
"2582","ÄNKL","57","2",0
"2582","ÄNKL","58","1",3
"2582","ÄNKL","58","2",3
"2582","ÄNKL","59","1",3
"2582","ÄNKL","59","2",3
"2582","ÄNKL","60","1",3
"2582","ÄNKL","60","2",6
"2582","ÄNKL","61","1",3
"2582","ÄNKL","61","2",0
"2582","ÄNKL","62","1",0
"2582","ÄNKL","62","2",3
"2582","ÄNKL","63","1",0
"2582","ÄNKL","63","2",10
"2582","ÄNKL","64","1",0
"2582","ÄNKL","64","2",7
"2582","ÄNKL","65","1",3
"2582","ÄNKL","65","2",14
"2582","ÄNKL","66","1",6
"2582","ÄNKL","66","2",6
"2582","ÄNKL","67","1",10
"2582","ÄNKL","67","2",12
"2582","ÄNKL","68","1",3
"2582","ÄNKL","68","2",11
"2582","ÄNKL","69","1",0
"2582","ÄNKL","69","2",15
"2582","ÄNKL","70","1",4
"2582","ÄNKL","70","2",15
"2582","ÄNKL","71","1",7
"2582","ÄNKL","71","2",16
"2582","ÄNKL","72","1",6
"2582","ÄNKL","72","2",16
"2582","ÄNKL","73","1",5
"2582","ÄNKL","73","2",27
"2582","ÄNKL","74","1",5
"2582","ÄNKL","74","2",18
"2582","ÄNKL","75","1",10
"2582","ÄNKL","75","2",27
"2582","ÄNKL","76","1",12
"2582","ÄNKL","76","2",28
"2582","ÄNKL","77","1",16
"2582","ÄNKL","77","2",44
"2582","ÄNKL","78","1",10
"2582","ÄNKL","78","2",35
"2582","ÄNKL","79","1",14
"2582","ÄNKL","79","2",39
"2582","ÄNKL","80","1",14
"2582","ÄNKL","80","2",41
"2582","ÄNKL","81","1",25
"2582","ÄNKL","81","2",49
"2582","ÄNKL","82","1",24
"2582","ÄNKL","82","2",49
"2582","ÄNKL","83","1",19
"2582","ÄNKL","83","2",41
"2582","ÄNKL","84","1",18
"2582","ÄNKL","84","2",42
"2582","ÄNKL","85","1",11
"2582","ÄNKL","85","2",50
"2582","ÄNKL","86","1",11
"2582","ÄNKL","86","2",36
"2582","ÄNKL","87","1",11
"2582","ÄNKL","87","2",43
"2582","ÄNKL","88","1",12
"2582","ÄNKL","88","2",41
"2582","ÄNKL","89","1",9
"2582","ÄNKL","89","2",30
"2582","ÄNKL","90","1",3
"2582","ÄNKL","90","2",39
"2582","ÄNKL","91","1",6
"2582","ÄNKL","91","2",25
"2582","ÄNKL","92","1",10
"2582","ÄNKL","92","2",23
"2582","ÄNKL","93","1",5
"2582","ÄNKL","93","2",24
"2582","ÄNKL","94","1",3
"2582","ÄNKL","94","2",14
"2582","ÄNKL","95","1",3
"2582","ÄNKL","95","2",16
"2582","ÄNKL","96","1",3
"2582","ÄNKL","96","2",10
"2582","ÄNKL","97","1",0
"2582","ÄNKL","97","2",11
"2582","ÄNKL","98","1",0
"2582","ÄNKL","98","2",4
"2582","ÄNKL","99","1",0
"2582","ÄNKL","99","2",3
"2581","SC","0","1",175
"2581","SC","0","2",170
"2581","SC","1","1",186
"2581","SC","1","2",161
"2581","SC","2","1",198
"2581","SC","2","2",194
"2581","SC","3","1",216
"2581","SC","3","2",191
"2581","SC","4","1",253
"2581","SC","4","2",213
"2581","SC","5","1",209
"2581","SC","5","2",227
"2581","SC","6","1",254
"2581","SC","6","2",222
"2581","SC","7","1",189
"2581","SC","7","2",209
"2581","SC","8","1",228
"2581","SC","8","2",246
"2581","SC","9","1",261
"2581","SC","9","2",220
"2581","SC","10","1",232
"2581","SC","10","2",232
"2581","SC","11","1",261
"2581","SC","11","2",241
"2581","SC","12","1",236
"2581","SC","12","2",264
"2581","SC","13","1",232
"2581","SC","13","2",229
"2581","SC","14","1",242
"2581","SC","14","2",230
"2581","SC","15","1",240
"2581","SC","15","2",235
"2581","SC","16","1",219
"2581","SC","16","2",240
"2581","SC","17","1",269
"2581","SC","17","2",228
"2581","SC","18","1",251
"2581","SC","18","2",215
"2581","SC","19","1",244
"2581","SC","19","2",216
"2581","SC","20","1",233
"2581","SC","20","2",181
"2581","SC","21","1",236
"2581","SC","21","2",193
"2581","SC","22","1",229
"2581","SC","22","2",196
"2581","SC","23","1",220
"2581","SC","23","2",177
"2581","SC","24","1",233
"2581","SC","24","2",191
"2581","SC","25","1",221
"2581","SC","25","2",198
"2581","SC","26","1",251
"2581","SC","26","2",185
"2581","SC","27","1",241
"2581","SC","27","2",170
"2581","SC","28","1",203
"2581","SC","28","2",208
"2581","SC","29","1",250
"2581","SC","29","2",204
"2581","SC","30","1",236
"2581","SC","30","2",227
"2581","SC","31","1",261
"2581","SC","31","2",255
"2581","SC","32","1",270
"2581","SC","32","2",270
"2581","SC","33","1",296
"2581","SC","33","2",300
"2581","SC","34","1",276
"2581","SC","34","2",297
"2581","SC","35","1",316
"2581","SC","35","2",277
"2581","SC","36","1",325
"2581","SC","36","2",271
"2581","SC","37","1",301
"2581","SC","37","2",278
"2581","SC","38","1",279
"2581","SC","38","2",265
"2581","SC","39","1",267
"2581","SC","39","2",250
"2581","SC","40","1",284
"2581","SC","40","2",219
"2581","SC","41","1",232
"2581","SC","41","2",248
"2581","SC","42","1",244
"2581","SC","42","2",251
"2581","SC","43","1",256
"2581","SC","43","2",240
"2581","SC","44","1",234
"2581","SC","44","2",238
"2581","SC","45","1",263
"2581","SC","45","2",242
"2581","SC","46","1",246
"2581","SC","46","2",221
"2581","SC","47","1",260
"2581","SC","47","2",213
"2581","SC","48","1",223
"2581","SC","48","2",230
"2581","SC","49","1",239
"2581","SC","49","2",241
"2581","SC","50","1",229
"2581","SC","50","2",272
"2581","SC","51","1",261
"2581","SC","51","2",313
"2581","SC","52","1",234
"2581","SC","52","2",278
"2581","SC","53","1",303
"2581","SC","53","2",268
"2581","SC","54","1",313
"2581","SC","54","2",258
"2581","SC","55","1",286
"2581","SC","55","2",273
"2581","SC","56","1",256
"2581","SC","56","2",267
"2581","SC","57","1",299
"2581","SC","57","2",284
"2581","SC","58","1",292
"2581","SC","58","2",279
"2581","SC","59","1",285
"2581","SC","59","2",274
"2581","SC","60","1",288
"2581","SC","60","2",262
"2581","SC","61","1",269
"2581","SC","61","2",283
"2581","SC","62","1",271
"2581","SC","62","2",275
"2581","SC","63","1",254
"2581","SC","63","2",236
"2581","SC","64","1",241
"2581","SC","64","2",239
"2581","SC","65","1",242
"2581","SC","65","2",231
"2581","SC","66","1",248
"2581","SC","66","2",264
"2581","SC","67","1",276
"2581","SC","67","2",259
"2581","SC","68","1",240
"2581","SC","68","2",273
"2581","SC","69","1",225
"2581","SC","69","2",279
"2581","SC","70","1",240
"2581","SC","70","2",277
"2581","SC","71","1",231
"2581","SC","71","2",244
"2581","SC","72","1",274
"2581","SC","72","2",255
"2581","SC","73","1",212
"2581","SC","73","2",263
"2581","SC","74","1",232
"2581","SC","74","2",249
"2581","SC","75","1",233
"2581","SC","75","2",242
"2581","SC","76","1",269
"2581","SC","76","2",239
"2581","SC","77","1",262
"2581","SC","77","2",281
"2581","SC","78","1",225
"2581","SC","78","2",276
"2581","SC","79","1",223
"2581","SC","79","2",241
"2581","SC","80","1",212
"2581","SC","80","2",241
"2581","SC","81","1",187
"2581","SC","81","2",223
"2581","SC","82","1",177
"2581","SC","82","2",189
"2581","SC","83","1",145
"2581","SC","83","2",161
"2581","SC","84","1",113
"2581","SC","84","2",134
"2581","SC","85","1",90
"2581","SC","85","2",102
"2581","SC","86","1",89
"2581","SC","86","2",109
"2581","SC","87","1",72
"2581","SC","87","2",98
"2581","SC","88","1",54
"2581","SC","88","2",73
"2581","SC","89","1",53
"2581","SC","89","2",82
"2581","SC","90","1",37
"2581","SC","90","2",73
"2581","SC","91","1",26
"2581","SC","91","2",57
"2581","SC","92","1",19
"2581","SC","92","2",40
"2581","SC","93","1",11
"2581","SC","93","2",32
"2581","SC","94","1",11
"2581","SC","94","2",27
"2581","SC","95","1",3
"2581","SC","95","2",19
"2581","SC","96","1",3
"2581","SC","96","2",18
"2581","SC","97","1",0
"2581","SC","97","2",12
"2581","SC","98","1",0
"2581","SC","98","2",9
"2581","SC","99","1",0
"2581","SC","99","2",7
"2581","OG","0","1",175
"2581","OG","0","2",170
"2581","OG","1","1",186
"2581","OG","1","2",161
"2581","OG","2","1",198
"2581","OG","2","2",194
"2581","OG","3","1",216
"2581","OG","3","2",191
"2581","OG","4","1",253
"2581","OG","4","2",213
"2581","OG","5","1",209
"2581","OG","5","2",227
"2581","OG","6","1",254
"2581","OG","6","2",222
"2581","OG","7","1",189
"2581","OG","7","2",209
"2581","OG","8","1",228
"2581","OG","8","2",246
"2581","OG","9","1",261
"2581","OG","9","2",220
"2581","OG","10","1",232
"2581","OG","10","2",232
"2581","OG","11","1",261
"2581","OG","11","2",241
"2581","OG","12","1",236
"2581","OG","12","2",264
"2581","OG","13","1",232
"2581","OG","13","2",229
"2581","OG","14","1",242
"2581","OG","14","2",230
"2581","OG","15","1",240
"2581","OG","15","2",235
"2581","OG","16","1",219
"2581","OG","16","2",240
"2581","OG","17","1",269
"2581","OG","17","2",228
"2581","OG","18","1",251
"2581","OG","18","2",215
"2581","OG","19","1",244
"2581","OG","19","2",213
"2581","OG","20","1",233
"2581","OG","20","2",179
"2581","OG","21","1",234
"2581","OG","21","2",191
"2581","OG","22","1",225
"2581","OG","22","2",196
"2581","OG","23","1",216
"2581","OG","23","2",177
"2581","OG","24","1",230
"2581","OG","24","2",171
"2581","OG","25","1",218
"2581","OG","25","2",184
"2581","OG","26","1",230
"2581","OG","26","2",170
"2581","OG","27","1",224
"2581","OG","27","2",139
"2581","OG","28","1",174
"2581","OG","28","2",161
"2581","OG","29","1",220
"2581","OG","29","2",161
"2581","OG","30","1",209
"2581","OG","30","2",162
"2581","OG","31","1",196
"2581","OG","31","2",185
"2581","OG","32","1",200
"2581","OG","32","2",175
"2581","OG","33","1",197
"2581","OG","33","2",179
"2581","OG","34","1",188
"2581","OG","34","2",171
"2581","OG","35","1",217
"2581","OG","35","2",177
"2581","OG","36","1",202
"2581","OG","36","2",130
"2581","OG","37","1",183
"2581","OG","37","2",127
"2581","OG","38","1",153
"2581","OG","38","2",116
"2581","OG","39","1",139
"2581","OG","39","2",91
"2581","OG","40","1",158
"2581","OG","40","2",71
"2581","OG","41","1",119
"2581","OG","41","2",97
"2581","OG","42","1",113
"2581","OG","42","2",101
"2581","OG","43","1",121
"2581","OG","43","2",93
"2581","OG","44","1",88
"2581","OG","44","2",81
"2581","OG","45","1",117
"2581","OG","45","2",89
"2581","OG","46","1",93
"2581","OG","46","2",62
"2581","OG","47","1",99
"2581","OG","47","2",64
"2581","OG","48","1",70
"2581","OG","48","2",74
"2581","OG","49","1",80
"2581","OG","49","2",75
"2581","OG","50","1",70
"2581","OG","50","2",78
"2581","OG","51","1",98
"2581","OG","51","2",89
"2581","OG","52","1",84
"2581","OG","52","2",73
"2581","OG","53","1",100
"2581","OG","53","2",64
"2581","OG","54","1",102
"2581","OG","54","2",62
"2581","OG","55","1",77
"2581","OG","55","2",84
"2581","OG","56","1",79
"2581","OG","56","2",71
"2581","OG","57","1",90
"2581","OG","57","2",69
"2581","OG","58","1",79
"2581","OG","58","2",80
"2581","OG","59","1",93
"2581","OG","59","2",63
"2581","OG","60","1",97
"2581","OG","60","2",64
"2581","OG","61","1",80
"2581","OG","61","2",63
"2581","OG","62","1",77
"2581","OG","62","2",65
"2581","OG","63","1",63
"2581","OG","63","2",61
"2581","OG","64","1",64
"2581","OG","64","2",41
"2581","OG","65","1",54
"2581","OG","65","2",32
"2581","OG","66","1",54
"2581","OG","66","2",44
"2581","OG","67","1",56
"2581","OG","67","2",31
"2581","OG","68","1",65
"2581","OG","68","2",40
"2581","OG","69","1",47
"2581","OG","69","2",43
"2581","OG","70","1",42
"2581","OG","70","2",41
"2581","OG","71","1",41
"2581","OG","71","2",35
"2581","OG","72","1",42
"2581","OG","72","2",31
"2581","OG","73","1",30
"2581","OG","73","2",39
"2581","OG","74","1",36
"2581","OG","74","2",23
"2581","OG","75","1",28
"2581","OG","75","2",30
"2581","OG","76","1",30
"2581","OG","76","2",25
"2581","OG","77","1",35
"2581","OG","77","2",23
"2581","OG","78","1",23
"2581","OG","78","2",26
"2581","OG","79","1",25
"2581","OG","79","2",20
"2581","OG","80","1",23
"2581","OG","80","2",13
"2581","OG","81","1",11
"2581","OG","81","2",15
"2581","OG","82","1",15
"2581","OG","82","2",8
"2581","OG","83","1",15
"2581","OG","83","2",3
"2581","OG","84","1",4
"2581","OG","84","2",7
"2581","OG","85","1",3
"2581","OG","85","2",0
"2581","OG","86","1",7
"2581","OG","86","2",8
"2581","OG","87","1",0
"2581","OG","87","2",4
"2581","OG","88","1",7
"2581","OG","88","2",0
"2581","OG","89","1",4
"2581","OG","89","2",3
"2581","OG","90","1",0
"2581","OG","90","2",3
"2581","OG","91","1",3
"2581","OG","91","2",3
"2581","OG","92","1",0
"2581","OG","92","2",0
"2581","OG","93","1",0
"2581","OG","93","2",0
"2581","OG","94","1",0
"2581","OG","94","2",0
"2581","OG","95","1",0
"2581","OG","95","2",0
"2581","OG","96","1",0
"2581","OG","96","2",0
"2581","OG","97","1",0
"2581","OG","97","2",0
"2581","OG","98","1",0
"2581","OG","98","2",0
"2581","OG","99","1",0
"2581","OG","99","2",0
"2581","G","0","1",0
"2581","G","0","2",0
"2581","G","1","1",0
"2581","G","1","2",0
"2581","G","2","1",0
"2581","G","2","2",0
"2581","G","3","1",0
"2581","G","3","2",0
"2581","G","4","1",0
"2581","G","4","2",0
"2581","G","5","1",0
"2581","G","5","2",0
"2581","G","6","1",0
"2581","G","6","2",0
"2581","G","7","1",0
"2581","G","7","2",0
"2581","G","8","1",0
"2581","G","8","2",0
"2581","G","9","1",0
"2581","G","9","2",0
"2581","G","10","1",0
"2581","G","10","2",0
"2581","G","11","1",0
"2581","G","11","2",0
"2581","G","12","1",0
"2581","G","12","2",0
"2581","G","13","1",0
"2581","G","13","2",0
"2581","G","14","1",0
"2581","G","14","2",0
"2581","G","15","1",0
"2581","G","15","2",0
"2581","G","16","1",0
"2581","G","16","2",0
"2581","G","17","1",0
"2581","G","17","2",0
"2581","G","18","1",0
"2581","G","18","2",0
"2581","G","19","1",0
"2581","G","19","2",0
"2581","G","20","1",0
"2581","G","20","2",0
"2581","G","21","1",4
"2581","G","21","2",3
"2581","G","22","1",3
"2581","G","22","2",4
"2581","G","23","1",3
"2581","G","23","2",0
"2581","G","24","1",5
"2581","G","24","2",20
"2581","G","25","1",3
"2581","G","25","2",13
"2581","G","26","1",19
"2581","G","26","2",13
"2581","G","27","1",13
"2581","G","27","2",29
"2581","G","28","1",29
"2581","G","28","2",46
"2581","G","29","1",32
"2581","G","29","2",38
"2581","G","30","1",30
"2581","G","30","2",56
"2581","G","31","1",60
"2581","G","31","2",67
"2581","G","32","1",60
"2581","G","32","2",89
"2581","G","33","1",89
"2581","G","33","2",104
"2581","G","34","1",81
"2581","G","34","2",105
"2581","G","35","1",87
"2581","G","35","2",88
"2581","G","36","1",103
"2581","G","36","2",116
"2581","G","37","1",98
"2581","G","37","2",124
"2581","G","38","1",99
"2581","G","38","2",119
"2581","G","39","1",110
"2581","G","39","2",119
"2581","G","40","1",102
"2581","G","40","2",120
"2581","G","41","1",91
"2581","G","41","2",116
"2581","G","42","1",111
"2581","G","42","2",122
"2581","G","43","1",104
"2581","G","43","2",110
"2581","G","44","1",118
"2581","G","44","2",120
"2581","G","45","1",115
"2581","G","45","2",117
"2581","G","46","1",124
"2581","G","46","2",134
"2581","G","47","1",133
"2581","G","47","2",116
"2581","G","48","1",121
"2581","G","48","2",122
"2581","G","49","1",124
"2581","G","49","2",130
"2581","G","50","1",126
"2581","G","50","2",146
"2581","G","51","1",118
"2581","G","51","2",167
"2581","G","52","1",108
"2581","G","52","2",148
"2581","G","53","1",167
"2581","G","53","2",138
"2581","G","54","1",168
"2581","G","54","2",143
"2581","G","55","1",171
"2581","G","55","2",148
"2581","G","56","1",141
"2581","G","56","2",153
"2581","G","57","1",149
"2581","G","57","2",159
"2581","G","58","1",169
"2581","G","58","2",149
"2581","G","59","1",141
"2581","G","59","2",155
"2581","G","60","1",134
"2581","G","60","2",145
"2581","G","61","1",149
"2581","G","61","2",154
"2581","G","62","1",157
"2581","G","62","2",152
"2581","G","63","1",149
"2581","G","63","2",125
"2581","G","64","1",141
"2581","G","64","2",148
"2581","G","65","1",140
"2581","G","65","2",143
"2581","G","66","1",145
"2581","G","66","2",153
"2581","G","67","1",171
"2581","G","67","2",155
"2581","G","68","1",141
"2581","G","68","2",157
"2581","G","69","1",142
"2581","G","69","2",162
"2581","G","70","1",151
"2581","G","70","2",154
"2581","G","71","1",145
"2581","G","71","2",139
"2581","G","72","1",179
"2581","G","72","2",139
"2581","G","73","1",136
"2581","G","73","2",138
"2581","G","74","1",132
"2581","G","74","2",132
"2581","G","75","1",148
"2581","G","75","2",123
"2581","G","76","1",181
"2581","G","76","2",128
"2581","G","77","1",156
"2581","G","77","2",151
"2581","G","78","1",140
"2581","G","78","2",127
"2581","G","79","1",140
"2581","G","79","2",104
"2581","G","80","1",127
"2581","G","80","2",122
"2581","G","81","1",104
"2581","G","81","2",90
"2581","G","82","1",107
"2581","G","82","2",62
"2581","G","83","1",84
"2581","G","83","2",68
"2581","G","84","1",70
"2581","G","84","2",38
"2581","G","85","1",49
"2581","G","85","2",21
"2581","G","86","1",49
"2581","G","86","2",34
"2581","G","87","1",41
"2581","G","87","2",23
"2581","G","88","1",28
"2581","G","88","2",14
"2581","G","89","1",16
"2581","G","89","2",17
"2581","G","90","1",17
"2581","G","90","2",7
"2581","G","91","1",14
"2581","G","91","2",4
"2581","G","92","1",5
"2581","G","92","2",4
"2581","G","93","1",3
"2581","G","93","2",0
"2581","G","94","1",3
"2581","G","94","2",0
"2581","G","95","1",0
"2581","G","95","2",0
"2581","G","96","1",0
"2581","G","96","2",3
"2581","G","97","1",0
"2581","G","97","2",0
"2581","G","98","1",0
"2581","G","98","2",0
"2581","G","99","1",0
"2581","G","99","2",0
"2581","SK","0","1",0
"2581","SK","0","2",0
"2581","SK","1","1",0
"2581","SK","1","2",0
"2581","SK","2","1",0
"2581","SK","2","2",0
"2581","SK","3","1",0
"2581","SK","3","2",0
"2581","SK","4","1",0
"2581","SK","4","2",0
"2581","SK","5","1",0
"2581","SK","5","2",0
"2581","SK","6","1",0
"2581","SK","6","2",0
"2581","SK","7","1",0
"2581","SK","7","2",0
"2581","SK","8","1",0
"2581","SK","8","2",0
"2581","SK","9","1",0
"2581","SK","9","2",0
"2581","SK","10","1",0
"2581","SK","10","2",0
"2581","SK","11","1",0
"2581","SK","11","2",0
"2581","SK","12","1",0
"2581","SK","12","2",0
"2581","SK","13","1",0
"2581","SK","13","2",0
"2581","SK","14","1",0
"2581","SK","14","2",0
"2581","SK","15","1",0
"2581","SK","15","2",0
"2581","SK","16","1",0
"2581","SK","16","2",0
"2581","SK","17","1",0
"2581","SK","17","2",0
"2581","SK","18","1",0
"2581","SK","18","2",0
"2581","SK","19","1",0
"2581","SK","19","2",0
"2581","SK","20","1",0
"2581","SK","20","2",0
"2581","SK","21","1",0
"2581","SK","21","2",0
"2581","SK","22","1",0
"2581","SK","22","2",0
"2581","SK","23","1",0
"2581","SK","23","2",0
"2581","SK","24","1",0
"2581","SK","24","2",0
"2581","SK","25","1",0
"2581","SK","25","2",3
"2581","SK","26","1",0
"2581","SK","26","2",0
"2581","SK","27","1",0
"2581","SK","27","2",3
"2581","SK","28","1",0
"2581","SK","28","2",3
"2581","SK","29","1",0
"2581","SK","29","2",5
"2581","SK","30","1",0
"2581","SK","30","2",8
"2581","SK","31","1",6
"2581","SK","31","2",6
"2581","SK","32","1",8
"2581","SK","32","2",11
"2581","SK","33","1",10
"2581","SK","33","2",13
"2581","SK","34","1",9
"2581","SK","34","2",20
"2581","SK","35","1",13
"2581","SK","35","2",13
"2581","SK","36","1",20
"2581","SK","36","2",23
"2581","SK","37","1",23
"2581","SK","37","2",27
"2581","SK","38","1",26
"2581","SK","38","2",28
"2581","SK","39","1",18
"2581","SK","39","2",34
"2581","SK","40","1",27
"2581","SK","40","2",25
"2581","SK","41","1",25
"2581","SK","41","2",31
"2581","SK","42","1",19
"2581","SK","42","2",29
"2581","SK","43","1",31
"2581","SK","43","2",39
"2581","SK","44","1",29
"2581","SK","44","2",38
"2581","SK","45","1",31
"2581","SK","45","2",31
"2581","SK","46","1",29
"2581","SK","46","2",23
"2581","SK","47","1",32
"2581","SK","47","2",32
"2581","SK","48","1",31
"2581","SK","48","2",35
"2581","SK","49","1",37
"2581","SK","49","2",36
"2581","SK","50","1",33
"2581","SK","50","2",38
"2581","SK","51","1",44
"2581","SK","51","2",59
"2581","SK","52","1",40
"2581","SK","52","2",56
"2581","SK","53","1",31
"2581","SK","53","2",55
"2581","SK","54","1",45
"2581","SK","54","2",46
"2581","SK","55","1",35
"2581","SK","55","2",39
"2581","SK","56","1",37
"2581","SK","56","2",40
"2581","SK","57","1",55
"2581","SK","57","2",54
"2581","SK","58","1",41
"2581","SK","58","2",54
"2581","SK","59","1",48
"2581","SK","59","2",53
"2581","SK","60","1",57
"2581","SK","60","2",47
"2581","SK","61","1",40
"2581","SK","61","2",59
"2581","SK","62","1",37
"2581","SK","62","2",45
"2581","SK","63","1",36
"2581","SK","63","2",39
"2581","SK","64","1",34
"2581","SK","64","2",46
"2581","SK","65","1",44
"2581","SK","65","2",41
"2581","SK","66","1",42
"2581","SK","66","2",49
"2581","SK","67","1",41
"2581","SK","67","2",52
"2581","SK","68","1",29
"2581","SK","68","2",55
"2581","SK","69","1",27
"2581","SK","69","2",51
"2581","SK","70","1",36
"2581","SK","70","2",61
"2581","SK","71","1",40
"2581","SK","71","2",43
"2581","SK","72","1",43
"2581","SK","72","2",54
"2581","SK","73","1",31
"2581","SK","73","2",55
"2581","SK","74","1",48
"2581","SK","74","2",52
"2581","SK","75","1",38
"2581","SK","75","2",37
"2581","SK","76","1",34
"2581","SK","76","2",45
"2581","SK","77","1",39
"2581","SK","77","2",51
"2581","SK","78","1",40
"2581","SK","78","2",53
"2581","SK","79","1",28
"2581","SK","79","2",40
"2581","SK","80","1",31
"2581","SK","80","2",49
"2581","SK","81","1",31
"2581","SK","81","2",51
"2581","SK","82","1",23
"2581","SK","82","2",30
"2581","SK","83","1",21
"2581","SK","83","2",25
"2581","SK","84","1",24
"2581","SK","84","2",28
"2581","SK","85","1",17
"2581","SK","85","2",13
"2581","SK","86","1",16
"2581","SK","86","2",14
"2581","SK","87","1",8
"2581","SK","87","2",17
"2581","SK","88","1",6
"2581","SK","88","2",7
"2581","SK","89","1",8
"2581","SK","89","2",4
"2581","SK","90","1",3
"2581","SK","90","2",8
"2581","SK","91","1",0
"2581","SK","91","2",5
"2581","SK","92","1",0
"2581","SK","92","2",6
"2581","SK","93","1",0
"2581","SK","93","2",3
"2581","SK","94","1",0
"2581","SK","94","2",5
"2581","SK","95","1",0
"2581","SK","95","2",3
"2581","SK","96","1",0
"2581","SK","96","2",3
"2581","SK","97","1",0
"2581","SK","97","2",0
"2581","SK","98","1",0
"2581","SK","98","2",0
"2581","SK","99","1",0
"2581","SK","99","2",3
"2581","ÄNKL","0","1",0
"2581","ÄNKL","0","2",0
"2581","ÄNKL","1","1",0
"2581","ÄNKL","1","2",0
"2581","ÄNKL","2","1",0
"2581","ÄNKL","2","2",0
"2581","ÄNKL","3","1",0
"2581","ÄNKL","3","2",0
"2581","ÄNKL","4","1",0
"2581","ÄNKL","4","2",0
"2581","ÄNKL","5","1",0
"2581","ÄNKL","5","2",0
"2581","ÄNKL","6","1",0
"2581","ÄNKL","6","2",0
"2581","ÄNKL","7","1",0
"2581","ÄNKL","7","2",0
"2581","ÄNKL","8","1",0
"2581","ÄNKL","8","2",0
"2581","ÄNKL","9","1",0
"2581","ÄNKL","9","2",0
"2581","ÄNKL","10","1",0
"2581","ÄNKL","10","2",0
"2581","ÄNKL","11","1",0
"2581","ÄNKL","11","2",0
"2581","ÄNKL","12","1",0
"2581","ÄNKL","12","2",0
"2581","ÄNKL","13","1",0
"2581","ÄNKL","13","2",0
"2581","ÄNKL","14","1",0
"2581","ÄNKL","14","2",0
"2581","ÄNKL","15","1",0
"2581","ÄNKL","15","2",0
"2581","ÄNKL","16","1",0
"2581","ÄNKL","16","2",0
"2581","ÄNKL","17","1",0
"2581","ÄNKL","17","2",0
"2581","ÄNKL","18","1",0
"2581","ÄNKL","18","2",0
"2581","ÄNKL","19","1",0
"2581","ÄNKL","19","2",0
"2581","ÄNKL","20","1",0
"2581","ÄNKL","20","2",0
"2581","ÄNKL","21","1",0
"2581","ÄNKL","21","2",0
"2581","ÄNKL","22","1",0
"2581","ÄNKL","22","2",0
"2581","ÄNKL","23","1",0
"2581","ÄNKL","23","2",0
"2581","ÄNKL","24","1",0
"2581","ÄNKL","24","2",0
"2581","ÄNKL","25","1",0
"2581","ÄNKL","25","2",0
"2581","ÄNKL","26","1",0
"2581","ÄNKL","26","2",0
"2581","ÄNKL","27","1",0
"2581","ÄNKL","27","2",0
"2581","ÄNKL","28","1",0
"2581","ÄNKL","28","2",0
"2581","ÄNKL","29","1",0
"2581","ÄNKL","29","2",0
"2581","ÄNKL","30","1",0
"2581","ÄNKL","30","2",0
"2581","ÄNKL","31","1",0
"2581","ÄNKL","31","2",0
"2581","ÄNKL","32","1",0
"2581","ÄNKL","32","2",0
"2581","ÄNKL","33","1",0
"2581","ÄNKL","33","2",0
"2581","ÄNKL","34","1",0
"2581","ÄNKL","34","2",0
"2581","ÄNKL","35","1",0
"2581","ÄNKL","35","2",0
"2581","ÄNKL","36","1",0
"2581","ÄNKL","36","2",0
"2581","ÄNKL","37","1",0
"2581","ÄNKL","37","2",0
"2581","ÄNKL","38","1",0
"2581","ÄNKL","38","2",3
"2581","ÄNKL","39","1",0
"2581","ÄNKL","39","2",3
"2581","ÄNKL","40","1",0
"2581","ÄNKL","40","2",0
"2581","ÄNKL","41","1",0
"2581","ÄNKL","41","2",0
"2581","ÄNKL","42","1",0
"2581","ÄNKL","42","2",0
"2581","ÄNKL","43","1",0
"2581","ÄNKL","43","2",0
"2581","ÄNKL","44","1",0
"2581","ÄNKL","44","2",0
"2581","ÄNKL","45","1",0
"2581","ÄNKL","45","2",0
"2581","ÄNKL","46","1",0
"2581","ÄNKL","46","2",0
"2581","ÄNKL","47","1",0
"2581","ÄNKL","47","2",0
"2581","ÄNKL","48","1",0
"2581","ÄNKL","48","2",0
"2581","ÄNKL","49","1",0
"2581","ÄNKL","49","2",3
"2581","ÄNKL","50","1",0
"2581","ÄNKL","50","2",3
"2581","ÄNKL","51","1",3
"2581","ÄNKL","51","2",0
"2581","ÄNKL","52","1",3
"2581","ÄNKL","52","2",0
"2581","ÄNKL","53","1",3
"2581","ÄNKL","53","2",9
"2581","ÄNKL","54","1",0
"2581","ÄNKL","54","2",4
"2581","ÄNKL","55","1",3
"2581","ÄNKL","55","2",4
"2581","ÄNKL","56","1",0
"2581","ÄNKL","56","2",6
"2581","ÄNKL","57","1",4
"2581","ÄNKL","57","2",5
"2581","ÄNKL","58","1",3
"2581","ÄNKL","58","2",3
"2581","ÄNKL","59","1",3
"2581","ÄNKL","59","2",4
"2581","ÄNKL","60","1",0
"2581","ÄNKL","60","2",5
"2581","ÄNKL","61","1",3
"2581","ÄNKL","61","2",9
"2581","ÄNKL","62","1",4
"2581","ÄNKL","62","2",10
"2581","ÄNKL","63","1",4
"2581","ÄNKL","63","2",11
"2581","ÄNKL","64","1",3
"2581","ÄNKL","64","2",8
"2581","ÄNKL","65","1",4
"2581","ÄNKL","65","2",16
"2581","ÄNKL","66","1",7
"2581","ÄNKL","66","2",16
"2581","ÄNKL","67","1",4
"2581","ÄNKL","67","2",21
"2581","ÄNKL","68","1",5
"2581","ÄNKL","68","2",23
"2581","ÄNKL","69","1",9
"2581","ÄNKL","69","2",24
"2581","ÄNKL","70","1",13
"2581","ÄNKL","70","2",16
"2581","ÄNKL","71","1",8
"2581","ÄNKL","71","2",26
"2581","ÄNKL","72","1",9
"2581","ÄNKL","72","2",34
"2581","ÄNKL","73","1",14
"2581","ÄNKL","73","2",31
"2581","ÄNKL","74","1",11
"2581","ÄNKL","74","2",40
"2581","ÄNKL","75","1",18
"2581","ÄNKL","75","2",48
"2581","ÄNKL","76","1",20
"2581","ÄNKL","76","2",45
"2581","ÄNKL","77","1",27
"2581","ÄNKL","77","2",56
"2581","ÄNKL","78","1",18
"2581","ÄNKL","78","2",78
"2581","ÄNKL","79","1",30
"2581","ÄNKL","79","2",77
"2581","ÄNKL","80","1",32
"2581","ÄNKL","80","2",62
"2581","ÄNKL","81","1",36
"2581","ÄNKL","81","2",69
"2581","ÄNKL","82","1",30
"2581","ÄNKL","82","2",82
"2581","ÄNKL","83","1",29
"2581","ÄNKL","83","2",67
"2581","ÄNKL","84","1",19
"2581","ÄNKL","84","2",60
"2581","ÄNKL","85","1",19
"2581","ÄNKL","85","2",69
"2581","ÄNKL","86","1",21
"2581","ÄNKL","86","2",59
"2581","ÄNKL","87","1",23
"2581","ÄNKL","87","2",53
"2581","ÄNKL","88","1",18
"2581","ÄNKL","88","2",52
"2581","ÄNKL","89","1",23
"2581","ÄNKL","89","2",55
"2581","ÄNKL","90","1",16
"2581","ÄNKL","90","2",54
"2581","ÄNKL","91","1",11
"2581","ÄNKL","91","2",44
"2581","ÄNKL","92","1",10
"2581","ÄNKL","92","2",30
"2581","ÄNKL","93","1",5
"2581","ÄNKL","93","2",27
"2581","ÄNKL","94","1",8
"2581","ÄNKL","94","2",22
"2581","ÄNKL","95","1",0
"2581","ÄNKL","95","2",19
"2581","ÄNKL","96","1",0
"2581","ÄNKL","96","2",15
"2581","ÄNKL","97","1",0
"2581","ÄNKL","97","2",9
"2581","ÄNKL","98","1",0
"2581","ÄNKL","98","2",8
"2581","ÄNKL","99","1",0
"2581","ÄNKL","99","2",3
"2560","SC","0","1",36
"2560","SC","0","2",33
"2560","SC","1","1",42
"2560","SC","1","2",33
"2560","SC","2","1",42
"2560","SC","2","2",28
"2560","SC","3","1",42
"2560","SC","3","2",38
"2560","SC","4","1",47
"2560","SC","4","2",39
"2560","SC","5","1",36
"2560","SC","5","2",35
"2560","SC","6","1",58
"2560","SC","6","2",41
"2560","SC","7","1",29
"2560","SC","7","2",48
"2560","SC","8","1",31
"2560","SC","8","2",40
"2560","SC","9","1",42
"2560","SC","9","2",40
"2560","SC","10","1",46
"2560","SC","10","2",40
"2560","SC","11","1",39
"2560","SC","11","2",32
"2560","SC","12","1",42
"2560","SC","12","2",31
"2560","SC","13","1",45
"2560","SC","13","2",49
"2560","SC","14","1",42
"2560","SC","14","2",52
"2560","SC","15","1",44
"2560","SC","15","2",33
"2560","SC","16","1",45
"2560","SC","16","2",40
"2560","SC","17","1",36
"2560","SC","17","2",48
"2560","SC","18","1",40
"2560","SC","18","2",30
"2560","SC","19","1",42
"2560","SC","19","2",35
"2560","SC","20","1",32
"2560","SC","20","2",40
"2560","SC","21","1",43
"2560","SC","21","2",34
"2560","SC","22","1",41
"2560","SC","22","2",30
"2560","SC","23","1",40
"2560","SC","23","2",23
"2560","SC","24","1",50
"2560","SC","24","2",25
"2560","SC","25","1",40
"2560","SC","25","2",30
"2560","SC","26","1",57
"2560","SC","26","2",39
"2560","SC","27","1",34
"2560","SC","27","2",22
"2560","SC","28","1",40
"2560","SC","28","2",42
"2560","SC","29","1",40
"2560","SC","29","2",38
"2560","SC","30","1",44
"2560","SC","30","2",47
"2560","SC","31","1",48
"2560","SC","31","2",39
"2560","SC","32","1",50
"2560","SC","32","2",39
"2560","SC","33","1",49
"2560","SC","33","2",53
"2560","SC","34","1",70
"2560","SC","34","2",67
"2560","SC","35","1",64
"2560","SC","35","2",47
"2560","SC","36","1",43
"2560","SC","36","2",57
"2560","SC","37","1",72
"2560","SC","37","2",36
"2560","SC","38","1",49
"2560","SC","38","2",54
"2560","SC","39","1",47
"2560","SC","39","2",27
"2560","SC","40","1",35
"2560","SC","40","2",47
"2560","SC","41","1",41
"2560","SC","41","2",45
"2560","SC","42","1",47
"2560","SC","42","2",42
"2560","SC","43","1",51
"2560","SC","43","2",29
"2560","SC","44","1",51
"2560","SC","44","2",38
"2560","SC","45","1",42
"2560","SC","45","2",42
"2560","SC","46","1",40
"2560","SC","46","2",38
"2560","SC","47","1",42
"2560","SC","47","2",40
"2560","SC","48","1",39
"2560","SC","48","2",39
"2560","SC","49","1",46
"2560","SC","49","2",44
"2560","SC","50","1",57
"2560","SC","50","2",41
"2560","SC","51","1",50
"2560","SC","51","2",57
"2560","SC","52","1",61
"2560","SC","52","2",50
"2560","SC","53","1",51
"2560","SC","53","2",48
"2560","SC","54","1",42
"2560","SC","54","2",42
"2560","SC","55","1",55
"2560","SC","55","2",42
"2560","SC","56","1",59
"2560","SC","56","2",43
"2560","SC","57","1",43
"2560","SC","57","2",59
"2560","SC","58","1",52
"2560","SC","58","2",74
"2560","SC","59","1",54
"2560","SC","59","2",41
"2560","SC","60","1",66
"2560","SC","60","2",51
"2560","SC","61","1",56
"2560","SC","61","2",56
"2560","SC","62","1",47
"2560","SC","62","2",31
"2560","SC","63","1",56
"2560","SC","63","2",46
"2560","SC","64","1",50
"2560","SC","64","2",43
"2560","SC","65","1",56
"2560","SC","65","2",51
"2560","SC","66","1",47
"2560","SC","66","2",56
"2560","SC","67","1",60
"2560","SC","67","2",50
"2560","SC","68","1",45
"2560","SC","68","2",55
"2560","SC","69","1",45
"2560","SC","69","2",41
"2560","SC","70","1",41
"2560","SC","70","2",44
"2560","SC","71","1",53
"2560","SC","71","2",43
"2560","SC","72","1",63
"2560","SC","72","2",51
"2560","SC","73","1",60
"2560","SC","73","2",46
"2560","SC","74","1",56
"2560","SC","74","2",60
"2560","SC","75","1",57
"2560","SC","75","2",44
"2560","SC","76","1",44
"2560","SC","76","2",39
"2560","SC","77","1",43
"2560","SC","77","2",44
"2560","SC","78","1",47
"2560","SC","78","2",50
"2560","SC","79","1",39
"2560","SC","79","2",45
"2560","SC","80","1",42
"2560","SC","80","2",59
"2560","SC","81","1",45
"2560","SC","81","2",38
"2560","SC","82","1",42
"2560","SC","82","2",38
"2560","SC","83","1",26
"2560","SC","83","2",36
"2560","SC","84","1",21
"2560","SC","84","2",18
"2560","SC","85","1",21
"2560","SC","85","2",26
"2560","SC","86","1",17
"2560","SC","86","2",32
"2560","SC","87","1",15
"2560","SC","87","2",22
"2560","SC","88","1",13
"2560","SC","88","2",20
"2560","SC","89","1",15
"2560","SC","89","2",18
"2560","SC","90","1",9
"2560","SC","90","2",20
"2560","SC","91","1",4
"2560","SC","91","2",16
"2560","SC","92","1",7
"2560","SC","92","2",11
"2560","SC","93","1",6
"2560","SC","93","2",6
"2560","SC","94","1",6
"2560","SC","94","2",5
"2560","SC","95","1",0
"2560","SC","95","2",12
"2560","SC","96","1",0
"2560","SC","96","2",8
"2560","SC","97","1",0
"2560","SC","97","2",3
"2560","SC","98","1",0
"2560","SC","98","2",0
"2560","SC","99","1",0
"2560","SC","99","2",0
"2560","OG","0","1",36
"2560","OG","0","2",33
"2560","OG","1","1",42
"2560","OG","1","2",33
"2560","OG","2","1",42
"2560","OG","2","2",28
"2560","OG","3","1",42
"2560","OG","3","2",38
"2560","OG","4","1",47
"2560","OG","4","2",39
"2560","OG","5","1",36
"2560","OG","5","2",35
"2560","OG","6","1",58
"2560","OG","6","2",41
"2560","OG","7","1",29
"2560","OG","7","2",48
"2560","OG","8","1",31
"2560","OG","8","2",40
"2560","OG","9","1",42
"2560","OG","9","2",40
"2560","OG","10","1",46
"2560","OG","10","2",40
"2560","OG","11","1",39
"2560","OG","11","2",32
"2560","OG","12","1",42
"2560","OG","12","2",31
"2560","OG","13","1",45
"2560","OG","13","2",49
"2560","OG","14","1",42
"2560","OG","14","2",52
"2560","OG","15","1",44
"2560","OG","15","2",33
"2560","OG","16","1",45
"2560","OG","16","2",40
"2560","OG","17","1",36
"2560","OG","17","2",48
"2560","OG","18","1",40
"2560","OG","18","2",30
"2560","OG","19","1",42
"2560","OG","19","2",35
"2560","OG","20","1",32
"2560","OG","20","2",40
"2560","OG","21","1",43
"2560","OG","21","2",34
"2560","OG","22","1",37
"2560","OG","22","2",30
"2560","OG","23","1",40
"2560","OG","23","2",20
"2560","OG","24","1",50
"2560","OG","24","2",22
"2560","OG","25","1",38
"2560","OG","25","2",28
"2560","OG","26","1",54
"2560","OG","26","2",34
"2560","OG","27","1",29
"2560","OG","27","2",16
"2560","OG","28","1",31
"2560","OG","28","2",34
"2560","OG","29","1",29
"2560","OG","29","2",24
"2560","OG","30","1",38
"2560","OG","30","2",30
"2560","OG","31","1",36
"2560","OG","31","2",27
"2560","OG","32","1",36
"2560","OG","32","2",29
"2560","OG","33","1",37
"2560","OG","33","2",33
"2560","OG","34","1",43
"2560","OG","34","2",39
"2560","OG","35","1",42
"2560","OG","35","2",30
"2560","OG","36","1",28
"2560","OG","36","2",31
"2560","OG","37","1",43
"2560","OG","37","2",10
"2560","OG","38","1",29
"2560","OG","38","2",31
"2560","OG","39","1",24
"2560","OG","39","2",9
"2560","OG","40","1",18
"2560","OG","40","2",14
"2560","OG","41","1",26
"2560","OG","41","2",19
"2560","OG","42","1",20
"2560","OG","42","2",8
"2560","OG","43","1",18
"2560","OG","43","2",8
"2560","OG","44","1",26
"2560","OG","44","2",20
"2560","OG","45","1",23
"2560","OG","45","2",16
"2560","OG","46","1",25
"2560","OG","46","2",12
"2560","OG","47","1",21
"2560","OG","47","2",15
"2560","OG","48","1",10
"2560","OG","48","2",15
"2560","OG","49","1",16
"2560","OG","49","2",18
"2560","OG","50","1",30
"2560","OG","50","2",10
"2560","OG","51","1",23
"2560","OG","51","2",20
"2560","OG","52","1",16
"2560","OG","52","2",13
"2560","OG","53","1",24
"2560","OG","53","2",10
"2560","OG","54","1",16
"2560","OG","54","2",14
"2560","OG","55","1",25
"2560","OG","55","2",13
"2560","OG","56","1",24
"2560","OG","56","2",12
"2560","OG","57","1",16
"2560","OG","57","2",14
"2560","OG","58","1",19
"2560","OG","58","2",16
"2560","OG","59","1",17
"2560","OG","59","2",8
"2560","OG","60","1",20
"2560","OG","60","2",16
"2560","OG","61","1",18
"2560","OG","61","2",13
"2560","OG","62","1",16
"2560","OG","62","2",6
"2560","OG","63","1",18
"2560","OG","63","2",9
"2560","OG","64","1",16
"2560","OG","64","2",10
"2560","OG","65","1",15
"2560","OG","65","2",6
"2560","OG","66","1",14
"2560","OG","66","2",10
"2560","OG","67","1",16
"2560","OG","67","2",6
"2560","OG","68","1",11
"2560","OG","68","2",11
"2560","OG","69","1",13
"2560","OG","69","2",6
"2560","OG","70","1",11
"2560","OG","70","2",8
"2560","OG","71","1",16
"2560","OG","71","2",6
"2560","OG","72","1",21
"2560","OG","72","2",6
"2560","OG","73","1",7
"2560","OG","73","2",3
"2560","OG","74","1",9
"2560","OG","74","2",4
"2560","OG","75","1",13
"2560","OG","75","2",12
"2560","OG","76","1",7
"2560","OG","76","2",8
"2560","OG","77","1",0
"2560","OG","77","2",3
"2560","OG","78","1",8
"2560","OG","78","2",3
"2560","OG","79","1",7
"2560","OG","79","2",3
"2560","OG","80","1",11
"2560","OG","80","2",5
"2560","OG","81","1",4
"2560","OG","81","2",6
"2560","OG","82","1",3
"2560","OG","82","2",0
"2560","OG","83","1",5
"2560","OG","83","2",4
"2560","OG","84","1",3
"2560","OG","84","2",0
"2560","OG","85","1",3
"2560","OG","85","2",0
"2560","OG","86","1",0
"2560","OG","86","2",3
"2560","OG","87","1",0
"2560","OG","87","2",0
"2560","OG","88","1",0
"2560","OG","88","2",3
"2560","OG","89","1",3
"2560","OG","89","2",3
"2560","OG","90","1",0
"2560","OG","90","2",0
"2560","OG","91","1",0
"2560","OG","91","2",0
"2560","OG","92","1",0
"2560","OG","92","2",3
"2560","OG","93","1",0
"2560","OG","93","2",3
"2560","OG","94","1",0
"2560","OG","94","2",0
"2560","OG","95","1",0
"2560","OG","95","2",0
"2560","OG","96","1",0
"2560","OG","96","2",0
"2560","OG","97","1",0
"2560","OG","97","2",0
"2560","OG","98","1",0
"2560","OG","98","2",0
"2560","OG","99","1",0
"2560","OG","99","2",0
"2560","G","0","1",0
"2560","G","0","2",0
"2560","G","1","1",0
"2560","G","1","2",0
"2560","G","2","1",0
"2560","G","2","2",0
"2560","G","3","1",0
"2560","G","3","2",0
"2560","G","4","1",0
"2560","G","4","2",0
"2560","G","5","1",0
"2560","G","5","2",0
"2560","G","6","1",0
"2560","G","6","2",0
"2560","G","7","1",0
"2560","G","7","2",0
"2560","G","8","1",0
"2560","G","8","2",0
"2560","G","9","1",0
"2560","G","9","2",0
"2560","G","10","1",0
"2560","G","10","2",0
"2560","G","11","1",0
"2560","G","11","2",0
"2560","G","12","1",0
"2560","G","12","2",0
"2560","G","13","1",0
"2560","G","13","2",0
"2560","G","14","1",0
"2560","G","14","2",0
"2560","G","15","1",0
"2560","G","15","2",0
"2560","G","16","1",0
"2560","G","16","2",0
"2560","G","17","1",0
"2560","G","17","2",0
"2560","G","18","1",0
"2560","G","18","2",0
"2560","G","19","1",0
"2560","G","19","2",0
"2560","G","20","1",0
"2560","G","20","2",0
"2560","G","21","1",0
"2560","G","21","2",0
"2560","G","22","1",3
"2560","G","22","2",0
"2560","G","23","1",0
"2560","G","23","2",0
"2560","G","24","1",0
"2560","G","24","2",4
"2560","G","25","1",3
"2560","G","25","2",0
"2560","G","26","1",3
"2560","G","26","2",4
"2560","G","27","1",3
"2560","G","27","2",8
"2560","G","28","1",7
"2560","G","28","2",11
"2560","G","29","1",9
"2560","G","29","2",12
"2560","G","30","1",7
"2560","G","30","2",15
"2560","G","31","1",6
"2560","G","31","2",11
"2560","G","32","1",15
"2560","G","32","2",13
"2560","G","33","1",11
"2560","G","33","2",21
"2560","G","34","1",26
"2560","G","34","2",24
"2560","G","35","1",16
"2560","G","35","2",12
"2560","G","36","1",11
"2560","G","36","2",21
"2560","G","37","1",16
"2560","G","37","2",19
"2560","G","38","1",20
"2560","G","38","2",17
"2560","G","39","1",16
"2560","G","39","2",15
"2560","G","40","1",17
"2560","G","40","2",23
"2560","G","41","1",15
"2560","G","41","2",21
"2560","G","42","1",16
"2560","G","42","2",22
"2560","G","43","1",28
"2560","G","43","2",18
"2560","G","44","1",23
"2560","G","44","2",11
"2560","G","45","1",19
"2560","G","45","2",19
"2560","G","46","1",21
"2560","G","46","2",19
"2560","G","47","1",12
"2560","G","47","2",18
"2560","G","48","1",21
"2560","G","48","2",24
"2560","G","49","1",23
"2560","G","49","2",20
"2560","G","50","1",23
"2560","G","50","2",26
"2560","G","51","1",25
"2560","G","51","2",26
"2560","G","52","1",37
"2560","G","52","2",35
"2560","G","53","1",19
"2560","G","53","2",25
"2560","G","54","1",21
"2560","G","54","2",17
"2560","G","55","1",24
"2560","G","55","2",20
"2560","G","56","1",25
"2560","G","56","2",17
"2560","G","57","1",19
"2560","G","57","2",24
"2560","G","58","1",25
"2560","G","58","2",33
"2560","G","59","1",27
"2560","G","59","2",26
"2560","G","60","1",32
"2560","G","60","2",25
"2560","G","61","1",29
"2560","G","61","2",33
"2560","G","62","1",26
"2560","G","62","2",20
"2560","G","63","1",27
"2560","G","63","2",29
"2560","G","64","1",28
"2560","G","64","2",24
"2560","G","65","1",25
"2560","G","65","2",30
"2560","G","66","1",20
"2560","G","66","2",33
"2560","G","67","1",27
"2560","G","67","2",23
"2560","G","68","1",28
"2560","G","68","2",36
"2560","G","69","1",23
"2560","G","69","2",24
"2560","G","70","1",25
"2560","G","70","2",21
"2560","G","71","1",32
"2560","G","71","2",29
"2560","G","72","1",30
"2560","G","72","2",32
"2560","G","73","1",37
"2560","G","73","2",28
"2560","G","74","1",39
"2560","G","74","2",32
"2560","G","75","1",32
"2560","G","75","2",19
"2560","G","76","1",26
"2560","G","76","2",17
"2560","G","77","1",28
"2560","G","77","2",25
"2560","G","78","1",21
"2560","G","78","2",32
"2560","G","79","1",17
"2560","G","79","2",22
"2560","G","80","1",24
"2560","G","80","2",24
"2560","G","81","1",29
"2560","G","81","2",14
"2560","G","82","1",30
"2560","G","82","2",14
"2560","G","83","1",14
"2560","G","83","2",10
"2560","G","84","1",8
"2560","G","84","2",6
"2560","G","85","1",14
"2560","G","85","2",8
"2560","G","86","1",8
"2560","G","86","2",11
"2560","G","87","1",4
"2560","G","87","2",4
"2560","G","88","1",6
"2560","G","88","2",6
"2560","G","89","1",8
"2560","G","89","2",3
"2560","G","90","1",4
"2560","G","90","2",0
"2560","G","91","1",3
"2560","G","91","2",3
"2560","G","92","1",3
"2560","G","92","2",0
"2560","G","93","1",3
"2560","G","93","2",0
"2560","G","94","1",3
"2560","G","94","2",0
"2560","G","95","1",0
"2560","G","95","2",0
"2560","G","96","1",0
"2560","G","96","2",0
"2560","G","97","1",0
"2560","G","97","2",0
"2560","G","98","1",0
"2560","G","98","2",0
"2560","G","99","1",0
"2560","G","99","2",0
"2560","SK","0","1",0
"2560","SK","0","2",0
"2560","SK","1","1",0
"2560","SK","1","2",0
"2560","SK","2","1",0
"2560","SK","2","2",0
"2560","SK","3","1",0
"2560","SK","3","2",0
"2560","SK","4","1",0
"2560","SK","4","2",0
"2560","SK","5","1",0
"2560","SK","5","2",0
"2560","SK","6","1",0
"2560","SK","6","2",0
"2560","SK","7","1",0
"2560","SK","7","2",0
"2560","SK","8","1",0
"2560","SK","8","2",0
"2560","SK","9","1",0
"2560","SK","9","2",0
"2560","SK","10","1",0
"2560","SK","10","2",0
"2560","SK","11","1",0
"2560","SK","11","2",0
"2560","SK","12","1",0
"2560","SK","12","2",0
"2560","SK","13","1",0
"2560","SK","13","2",0
"2560","SK","14","1",0
"2560","SK","14","2",0
"2560","SK","15","1",0
"2560","SK","15","2",0
"2560","SK","16","1",0
"2560","SK","16","2",0
"2560","SK","17","1",0
"2560","SK","17","2",0
"2560","SK","18","1",0
"2560","SK","18","2",0
"2560","SK","19","1",0
"2560","SK","19","2",0
"2560","SK","20","1",0
"2560","SK","20","2",0
"2560","SK","21","1",0
"2560","SK","21","2",0
"2560","SK","22","1",0
"2560","SK","22","2",0
"2560","SK","23","1",0
"2560","SK","23","2",0
"2560","SK","24","1",0
"2560","SK","24","2",0
"2560","SK","25","1",0
"2560","SK","25","2",0
"2560","SK","26","1",0
"2560","SK","26","2",0
"2560","SK","27","1",0
"2560","SK","27","2",3
"2560","SK","28","1",0
"2560","SK","28","2",0
"2560","SK","29","1",3
"2560","SK","29","2",0
"2560","SK","30","1",0
"2560","SK","30","2",0
"2560","SK","31","1",0
"2560","SK","31","2",3
"2560","SK","32","1",0
"2560","SK","32","2",0
"2560","SK","33","1",0
"2560","SK","33","2",0
"2560","SK","34","1",3
"2560","SK","34","2",4
"2560","SK","35","1",3
"2560","SK","35","2",7
"2560","SK","36","1",4
"2560","SK","36","2",9
"2560","SK","37","1",9
"2560","SK","37","2",3
"2560","SK","38","1",0
"2560","SK","38","2",5
"2560","SK","39","1",7
"2560","SK","39","2",7
"2560","SK","40","1",3
"2560","SK","40","2",9
"2560","SK","41","1",0
"2560","SK","41","2",11
"2560","SK","42","1",7
"2560","SK","42","2",7
"2560","SK","43","1",4
"2560","SK","43","2",3
"2560","SK","44","1",7
"2560","SK","44","2",6
"2560","SK","45","1",4
"2560","SK","45","2",9
"2560","SK","46","1",0
"2560","SK","46","2",9
"2560","SK","47","1",7
"2560","SK","47","2",4
"2560","SK","48","1",5
"2560","SK","48","2",6
"2560","SK","49","1",7
"2560","SK","49","2",6
"2560","SK","50","1",4
"2560","SK","50","2",5
"2560","SK","51","1",3
"2560","SK","51","2",11
"2560","SK","52","1",5
"2560","SK","52","2",3
"2560","SK","53","1",5
"2560","SK","53","2",11
"2560","SK","54","1",9
"2560","SK","54","2",5
"2560","SK","55","1",10
"2560","SK","55","2",7
"2560","SK","56","1",6
"2560","SK","56","2",13
"2560","SK","57","1",8
"2560","SK","57","2",17
"2560","SK","58","1",4
"2560","SK","58","2",18
"2560","SK","59","1",8
"2560","SK","59","2",5
"2560","SK","60","1",10
"2560","SK","60","2",12
"2560","SK","61","1",12
"2560","SK","61","2",9
"2560","SK","62","1",5
"2560","SK","62","2",6
"2560","SK","63","1",13
"2560","SK","63","2",11
"2560","SK","64","1",8
"2560","SK","64","2",8
"2560","SK","65","1",14
"2560","SK","65","2",0
"2560","SK","66","1",14
"2560","SK","66","2",8
"2560","SK","67","1",15
"2560","SK","67","2",6
"2560","SK","68","1",5
"2560","SK","68","2",9
"2560","SK","69","1",10
"2560","SK","69","2",9
"2560","SK","70","1",6
"2560","SK","70","2",8
"2560","SK","71","1",5
"2560","SK","71","2",7
"2560","SK","72","1",10
"2560","SK","72","2",8
"2560","SK","73","1",13
"2560","SK","73","2",10
"2560","SK","74","1",8
"2560","SK","74","2",9
"2560","SK","75","1",6
"2560","SK","75","2",6
"2560","SK","76","1",6
"2560","SK","76","2",6
"2560","SK","77","1",9
"2560","SK","77","2",10
"2560","SK","78","1",12
"2560","SK","78","2",11
"2560","SK","79","1",8
"2560","SK","79","2",12
"2560","SK","80","1",5
"2560","SK","80","2",11
"2560","SK","81","1",6
"2560","SK","81","2",3
"2560","SK","82","1",3
"2560","SK","82","2",8
"2560","SK","83","1",3
"2560","SK","83","2",3
"2560","SK","84","1",3
"2560","SK","84","2",3
"2560","SK","85","1",0
"2560","SK","85","2",5
"2560","SK","86","1",3
"2560","SK","86","2",5
"2560","SK","87","1",4
"2560","SK","87","2",4
"2560","SK","88","1",3
"2560","SK","88","2",0
"2560","SK","89","1",0
"2560","SK","89","2",4
"2560","SK","90","1",0
"2560","SK","90","2",0
"2560","SK","91","1",0
"2560","SK","91","2",0
"2560","SK","92","1",4
"2560","SK","92","2",0
"2560","SK","93","1",0
"2560","SK","93","2",0
"2560","SK","94","1",3
"2560","SK","94","2",0
"2560","SK","95","1",0
"2560","SK","95","2",3
"2560","SK","96","1",0
"2560","SK","96","2",0
"2560","SK","97","1",0
"2560","SK","97","2",0
"2560","SK","98","1",0
"2560","SK","98","2",0
"2560","SK","99","1",0
"2560","SK","99","2",0
"2560","ÄNKL","0","1",0
"2560","ÄNKL","0","2",0
"2560","ÄNKL","1","1",0
"2560","ÄNKL","1","2",0
"2560","ÄNKL","2","1",0
"2560","ÄNKL","2","2",0
"2560","ÄNKL","3","1",0
"2560","ÄNKL","3","2",0
"2560","ÄNKL","4","1",0
"2560","ÄNKL","4","2",0
"2560","ÄNKL","5","1",0
"2560","ÄNKL","5","2",0
"2560","ÄNKL","6","1",0
"2560","ÄNKL","6","2",0
"2560","ÄNKL","7","1",0
"2560","ÄNKL","7","2",0
"2560","ÄNKL","8","1",0
"2560","ÄNKL","8","2",0
"2560","ÄNKL","9","1",0
"2560","ÄNKL","9","2",0
"2560","ÄNKL","10","1",0
"2560","ÄNKL","10","2",0
"2560","ÄNKL","11","1",0
"2560","ÄNKL","11","2",0
"2560","ÄNKL","12","1",0
"2560","ÄNKL","12","2",0
"2560","ÄNKL","13","1",0
"2560","ÄNKL","13","2",0
"2560","ÄNKL","14","1",0
"2560","ÄNKL","14","2",0
"2560","ÄNKL","15","1",0
"2560","ÄNKL","15","2",0
"2560","ÄNKL","16","1",0
"2560","ÄNKL","16","2",0
"2560","ÄNKL","17","1",0
"2560","ÄNKL","17","2",0
"2560","ÄNKL","18","1",0
"2560","ÄNKL","18","2",0
"2560","ÄNKL","19","1",0
"2560","ÄNKL","19","2",0
"2560","ÄNKL","20","1",0
"2560","ÄNKL","20","2",0
"2560","ÄNKL","21","1",0
"2560","ÄNKL","21","2",0
"2560","ÄNKL","22","1",0
"2560","ÄNKL","22","2",0
"2560","ÄNKL","23","1",0
"2560","ÄNKL","23","2",0
"2560","ÄNKL","24","1",0
"2560","ÄNKL","24","2",0
"2560","ÄNKL","25","1",0
"2560","ÄNKL","25","2",0
"2560","ÄNKL","26","1",0
"2560","ÄNKL","26","2",0
"2560","ÄNKL","27","1",0
"2560","ÄNKL","27","2",0
"2560","ÄNKL","28","1",0
"2560","ÄNKL","28","2",3
"2560","ÄNKL","29","1",0
"2560","ÄNKL","29","2",0
"2560","ÄNKL","30","1",0
"2560","ÄNKL","30","2",0
"2560","ÄNKL","31","1",0
"2560","ÄNKL","31","2",0
"2560","ÄNKL","32","1",0
"2560","ÄNKL","32","2",0
"2560","ÄNKL","33","1",0
"2560","ÄNKL","33","2",0
"2560","ÄNKL","34","1",0
"2560","ÄNKL","34","2",0
"2560","ÄNKL","35","1",0
"2560","ÄNKL","35","2",0
"2560","ÄNKL","36","1",0
"2560","ÄNKL","36","2",0
"2560","ÄNKL","37","1",0
"2560","ÄNKL","37","2",0
"2560","ÄNKL","38","1",0
"2560","ÄNKL","38","2",0
"2560","ÄNKL","39","1",0
"2560","ÄNKL","39","2",0
"2560","ÄNKL","40","1",0
"2560","ÄNKL","40","2",0
"2560","ÄNKL","41","1",0
"2560","ÄNKL","41","2",0
"2560","ÄNKL","42","1",0
"2560","ÄNKL","42","2",0
"2560","ÄNKL","43","1",0
"2560","ÄNKL","43","2",0
"2560","ÄNKL","44","1",0
"2560","ÄNKL","44","2",0
"2560","ÄNKL","45","1",0
"2560","ÄNKL","45","2",0
"2560","ÄNKL","46","1",0
"2560","ÄNKL","46","2",0
"2560","ÄNKL","47","1",0
"2560","ÄNKL","47","2",3
"2560","ÄNKL","48","1",0
"2560","ÄNKL","48","2",0
"2560","ÄNKL","49","1",0
"2560","ÄNKL","49","2",0
"2560","ÄNKL","50","1",0
"2560","ÄNKL","50","2",0
"2560","ÄNKL","51","1",0
"2560","ÄNKL","51","2",3
"2560","ÄNKL","52","1",0
"2560","ÄNKL","52","2",0
"2560","ÄNKL","53","1",0
"2560","ÄNKL","53","2",0
"2560","ÄNKL","54","1",0
"2560","ÄNKL","54","2",3
"2560","ÄNKL","55","1",0
"2560","ÄNKL","55","2",0
"2560","ÄNKL","56","1",0
"2560","ÄNKL","56","2",0
"2560","ÄNKL","57","1",0
"2560","ÄNKL","57","2",3
"2560","ÄNKL","58","1",0
"2560","ÄNKL","58","2",0
"2560","ÄNKL","59","1",0
"2560","ÄNKL","59","2",0
"2560","ÄNKL","60","1",0
"2560","ÄNKL","60","2",3
"2560","ÄNKL","61","1",0
"2560","ÄNKL","61","2",3
"2560","ÄNKL","62","1",0
"2560","ÄNKL","62","2",4
"2560","ÄNKL","63","1",3
"2560","ÄNKL","63","2",3
"2560","ÄNKL","64","1",3
"2560","ÄNKL","64","2",3
"2560","ÄNKL","65","1",3
"2560","ÄNKL","65","2",7
"2560","ÄNKL","66","1",0
"2560","ÄNKL","66","2",3
"2560","ÄNKL","67","1",0
"2560","ÄNKL","67","2",9
"2560","ÄNKL","68","1",0
"2560","ÄNKL","68","2",3
"2560","ÄNKL","69","1",0
"2560","ÄNKL","69","2",6
"2560","ÄNKL","70","1",0
"2560","ÄNKL","70","2",3
"2560","ÄNKL","71","1",0
"2560","ÄNKL","71","2",0
"2560","ÄNKL","72","1",3
"2560","ÄNKL","72","2",6
"2560","ÄNKL","73","1",7
"2560","ÄNKL","73","2",5
"2560","ÄNKL","74","1",0
"2560","ÄNKL","74","2",7
"2560","ÄNKL","75","1",5
"2560","ÄNKL","75","2",7
"2560","ÄNKL","76","1",3
"2560","ÄNKL","76","2",9
"2560","ÄNKL","77","1",6
"2560","ÄNKL","77","2",6
"2560","ÄNKL","78","1",3
"2560","ÄNKL","78","2",12
"2560","ÄNKL","79","1",4
"2560","ÄNKL","79","2",11
"2560","ÄNKL","80","1",3
"2560","ÄNKL","80","2",17
"2560","ÄNKL","81","1",4
"2560","ÄNKL","81","2",11
"2560","ÄNKL","82","1",5
"2560","ÄNKL","82","2",18
"2560","ÄNKL","83","1",6
"2560","ÄNKL","83","2",18
"2560","ÄNKL","84","1",3
"2560","ÄNKL","84","2",10
"2560","ÄNKL","85","1",7
"2560","ÄNKL","85","2",16
"2560","ÄNKL","86","1",3
"2560","ÄNKL","86","2",17
"2560","ÄNKL","87","1",6
"2560","ÄNKL","87","2",17
"2560","ÄNKL","88","1",5
"2560","ÄNKL","88","2",14
"2560","ÄNKL","89","1",3
"2560","ÄNKL","89","2",11
"2560","ÄNKL","90","1",0
"2560","ÄNKL","90","2",14
"2560","ÄNKL","91","1",0
"2560","ÄNKL","91","2",12
"2560","ÄNKL","92","1",3
"2560","ÄNKL","92","2",9
"2560","ÄNKL","93","1",0
"2560","ÄNKL","93","2",3
"2560","ÄNKL","94","1",0
"2560","ÄNKL","94","2",3
"2560","ÄNKL","95","1",0
"2560","ÄNKL","95","2",9
"2560","ÄNKL","96","1",3
"2560","ÄNKL","96","2",8
"2560","ÄNKL","97","1",0
"2560","ÄNKL","97","2",3
"2560","ÄNKL","98","1",0
"2560","ÄNKL","98","2",0
"2560","ÄNKL","99","1",0
"2560","ÄNKL","99","2",0
"2514","SC","0","1",41
"2514","SC","0","2",53
"2514","SC","1","1",68
"2514","SC","1","2",55
"2514","SC","2","1",65
"2514","SC","2","2",51
"2514","SC","3","1",62
"2514","SC","3","2",65
"2514","SC","4","1",77
"2514","SC","4","2",70
"2514","SC","5","1",68
"2514","SC","5","2",73
"2514","SC","6","1",71
"2514","SC","6","2",71
"2514","SC","7","1",75
"2514","SC","7","2",64
"2514","SC","8","1",76
"2514","SC","8","2",71
"2514","SC","9","1",66
"2514","SC","9","2",58
"2514","SC","10","1",86
"2514","SC","10","2",78
"2514","SC","11","1",87
"2514","SC","11","2",64
"2514","SC","12","1",76
"2514","SC","12","2",73
"2514","SC","13","1",73
"2514","SC","13","2",73
"2514","SC","14","1",77
"2514","SC","14","2",76
"2514","SC","15","1",90
"2514","SC","15","2",84
"2514","SC","16","1",83
"2514","SC","16","2",68
"2514","SC","17","1",89
"2514","SC","17","2",77
"2514","SC","18","1",87
"2514","SC","18","2",75
"2514","SC","19","1",95
"2514","SC","19","2",63
"2514","SC","20","1",76
"2514","SC","20","2",72
"2514","SC","21","1",71
"2514","SC","21","2",67
"2514","SC","22","1",71
"2514","SC","22","2",58
"2514","SC","23","1",68
"2514","SC","23","2",38
"2514","SC","24","1",72
"2514","SC","24","2",60
"2514","SC","25","1",81
"2514","SC","25","2",63
"2514","SC","26","1",83
"2514","SC","26","2",57
"2514","SC","27","1",66
"2514","SC","27","2",59
"2514","SC","28","1",70
"2514","SC","28","2",55
"2514","SC","29","1",82
"2514","SC","29","2",51
"2514","SC","30","1",78
"2514","SC","30","2",77
"2514","SC","31","1",75
"2514","SC","31","2",80
"2514","SC","32","1",97
"2514","SC","32","2",72
"2514","SC","33","1",93
"2514","SC","33","2",87
"2514","SC","34","1",116
"2514","SC","34","2",72
"2514","SC","35","1",107
"2514","SC","35","2",77
"2514","SC","36","1",116
"2514","SC","36","2",93
"2514","SC","37","1",86
"2514","SC","37","2",93
"2514","SC","38","1",94
"2514","SC","38","2",78
"2514","SC","39","1",90
"2514","SC","39","2",78
"2514","SC","40","1",91
"2514","SC","40","2",60
"2514","SC","41","1",77
"2514","SC","41","2",68
"2514","SC","42","1",81
"2514","SC","42","2",56
"2514","SC","43","1",78
"2514","SC","43","2",79
"2514","SC","44","1",86
"2514","SC","44","2",66
"2514","SC","45","1",82
"2514","SC","45","2",64
"2514","SC","46","1",75
"2514","SC","46","2",84
"2514","SC","47","1",68
"2514","SC","47","2",60
"2514","SC","48","1",82
"2514","SC","48","2",76
"2514","SC","49","1",78
"2514","SC","49","2",86
"2514","SC","50","1",93
"2514","SC","50","2",84
"2514","SC","51","1",88
"2514","SC","51","2",88
"2514","SC","52","1",103
"2514","SC","52","2",102
"2514","SC","53","1",111
"2514","SC","53","2",109
"2514","SC","54","1",89
"2514","SC","54","2",91
"2514","SC","55","1",111
"2514","SC","55","2",112
"2514","SC","56","1",102
"2514","SC","56","2",102
"2514","SC","57","1",133
"2514","SC","57","2",113
"2514","SC","58","1",103
"2514","SC","58","2",108
"2514","SC","59","1",124
"2514","SC","59","2",115
"2514","SC","60","1",116
"2514","SC","60","2",115
"2514","SC","61","1",100
"2514","SC","61","2",108
"2514","SC","62","1",129
"2514","SC","62","2",95
"2514","SC","63","1",111
"2514","SC","63","2",113
"2514","SC","64","1",107
"2514","SC","64","2",102
"2514","SC","65","1",118
"2514","SC","65","2",117
"2514","SC","66","1",121
"2514","SC","66","2",104
"2514","SC","67","1",99
"2514","SC","67","2",80
"2514","SC","68","1",139
"2514","SC","68","2",105
"2514","SC","69","1",94
"2514","SC","69","2",126
"2514","SC","70","1",119
"2514","SC","70","2",102
"2514","SC","71","1",120
"2514","SC","71","2",111
"2514","SC","72","1",112
"2514","SC","72","2",96
"2514","SC","73","1",91
"2514","SC","73","2",86
"2514","SC","74","1",97
"2514","SC","74","2",101
"2514","SC","75","1",92
"2514","SC","75","2",117
"2514","SC","76","1",99
"2514","SC","76","2",128
"2514","SC","77","1",109
"2514","SC","77","2",116
"2514","SC","78","1",91
"2514","SC","78","2",89
"2514","SC","79","1",89
"2514","SC","79","2",104
"2514","SC","80","1",88
"2514","SC","80","2",98
"2514","SC","81","1",77
"2514","SC","81","2",93
"2514","SC","82","1",106
"2514","SC","82","2",73
"2514","SC","83","1",57
"2514","SC","83","2",63
"2514","SC","84","1",62
"2514","SC","84","2",67
"2514","SC","85","1",47
"2514","SC","85","2",67
"2514","SC","86","1",50
"2514","SC","86","2",51
"2514","SC","87","1",28
"2514","SC","87","2",58
"2514","SC","88","1",33
"2514","SC","88","2",47
"2514","SC","89","1",37
"2514","SC","89","2",43
"2514","SC","90","1",21
"2514","SC","90","2",28
"2514","SC","91","1",13
"2514","SC","91","2",30
"2514","SC","92","1",18
"2514","SC","92","2",24
"2514","SC","93","1",7
"2514","SC","93","2",21
"2514","SC","94","1",7
"2514","SC","94","2",12
"2514","SC","95","1",6
"2514","SC","95","2",4
"2514","SC","96","1",4
"2514","SC","96","2",9
"2514","SC","97","1",3
"2514","SC","97","2",11
"2514","SC","98","1",0
"2514","SC","98","2",3
"2514","SC","99","1",0
"2514","SC","99","2",3
"2514","OG","0","1",41
"2514","OG","0","2",53
"2514","OG","1","1",68
"2514","OG","1","2",55
"2514","OG","2","1",65
"2514","OG","2","2",51
"2514","OG","3","1",62
"2514","OG","3","2",65
"2514","OG","4","1",77
"2514","OG","4","2",70
"2514","OG","5","1",68
"2514","OG","5","2",73
"2514","OG","6","1",71
"2514","OG","6","2",71
"2514","OG","7","1",75
"2514","OG","7","2",64
"2514","OG","8","1",76
"2514","OG","8","2",71
"2514","OG","9","1",66
"2514","OG","9","2",58
"2514","OG","10","1",86
"2514","OG","10","2",78
"2514","OG","11","1",87
"2514","OG","11","2",64
"2514","OG","12","1",76
"2514","OG","12","2",73
"2514","OG","13","1",73
"2514","OG","13","2",73
"2514","OG","14","1",77
"2514","OG","14","2",76
"2514","OG","15","1",90
"2514","OG","15","2",84
"2514","OG","16","1",83
"2514","OG","16","2",68
"2514","OG","17","1",89
"2514","OG","17","2",77
"2514","OG","18","1",87
"2514","OG","18","2",75
"2514","OG","19","1",95
"2514","OG","19","2",63
"2514","OG","20","1",76
"2514","OG","20","2",72
"2514","OG","21","1",71
"2514","OG","21","2",65
"2514","OG","22","1",69
"2514","OG","22","2",57
"2514","OG","23","1",68
"2514","OG","23","2",38
"2514","OG","24","1",67
"2514","OG","24","2",57
"2514","OG","25","1",77
"2514","OG","25","2",62
"2514","OG","26","1",79
"2514","OG","26","2",51
"2514","OG","27","1",59
"2514","OG","27","2",46
"2514","OG","28","1",66
"2514","OG","28","2",47
"2514","OG","29","1",61
"2514","OG","29","2",37
"2514","OG","30","1",72
"2514","OG","30","2",62
"2514","OG","31","1",61
"2514","OG","31","2",50
"2514","OG","32","1",74
"2514","OG","32","2",48
"2514","OG","33","1",71
"2514","OG","33","2",58
"2514","OG","34","1",85
"2514","OG","34","2",48
"2514","OG","35","1",75
"2514","OG","35","2",37
"2514","OG","36","1",84
"2514","OG","36","2",52
"2514","OG","37","1",53
"2514","OG","37","2",45
"2514","OG","38","1",57
"2514","OG","38","2",34
"2514","OG","39","1",56
"2514","OG","39","2",45
"2514","OG","40","1",60
"2514","OG","40","2",39
"2514","OG","41","1",40
"2514","OG","41","2",33
"2514","OG","42","1",47
"2514","OG","42","2",32
"2514","OG","43","1",45
"2514","OG","43","2",29
"2514","OG","44","1",47
"2514","OG","44","2",18
"2514","OG","45","1",48
"2514","OG","45","2",17
"2514","OG","46","1",35
"2514","OG","46","2",30
"2514","OG","47","1",27
"2514","OG","47","2",21
"2514","OG","48","1",37
"2514","OG","48","2",21
"2514","OG","49","1",35
"2514","OG","49","2",33
"2514","OG","50","1",43
"2514","OG","50","2",28
"2514","OG","51","1",33
"2514","OG","51","2",33
"2514","OG","52","1",49
"2514","OG","52","2",24
"2514","OG","53","1",43
"2514","OG","53","2",41
"2514","OG","54","1",34
"2514","OG","54","2",33
"2514","OG","55","1",38
"2514","OG","55","2",32
"2514","OG","56","1",46
"2514","OG","56","2",29
"2514","OG","57","1",44
"2514","OG","57","2",40
"2514","OG","58","1",38
"2514","OG","58","2",40
"2514","OG","59","1",56
"2514","OG","59","2",33
"2514","OG","60","1",40
"2514","OG","60","2",35
"2514","OG","61","1",37
"2514","OG","61","2",35
"2514","OG","62","1",45
"2514","OG","62","2",21
"2514","OG","63","1",44
"2514","OG","63","2",36
"2514","OG","64","1",38
"2514","OG","64","2",24
"2514","OG","65","1",46
"2514","OG","65","2",37
"2514","OG","66","1",35
"2514","OG","66","2",22
"2514","OG","67","1",33
"2514","OG","67","2",25
"2514","OG","68","1",44
"2514","OG","68","2",25
"2514","OG","69","1",20
"2514","OG","69","2",23
"2514","OG","70","1",38
"2514","OG","70","2",26
"2514","OG","71","1",29
"2514","OG","71","2",18
"2514","OG","72","1",31
"2514","OG","72","2",23
"2514","OG","73","1",21
"2514","OG","73","2",11
"2514","OG","74","1",23
"2514","OG","74","2",15
"2514","OG","75","1",18
"2514","OG","75","2",10
"2514","OG","76","1",15
"2514","OG","76","2",13
"2514","OG","77","1",13
"2514","OG","77","2",11
"2514","OG","78","1",11
"2514","OG","78","2",4
"2514","OG","79","1",11
"2514","OG","79","2",10
"2514","OG","80","1",8
"2514","OG","80","2",3
"2514","OG","81","1",4
"2514","OG","81","2",7
"2514","OG","82","1",17
"2514","OG","82","2",8
"2514","OG","83","1",8
"2514","OG","83","2",3
"2514","OG","84","1",8
"2514","OG","84","2",0
"2514","OG","85","1",3
"2514","OG","85","2",3
"2514","OG","86","1",3
"2514","OG","86","2",4
"2514","OG","87","1",3
"2514","OG","87","2",0
"2514","OG","88","1",3
"2514","OG","88","2",3
"2514","OG","89","1",7
"2514","OG","89","2",3
"2514","OG","90","1",3
"2514","OG","90","2",0
"2514","OG","91","1",0
"2514","OG","91","2",3
"2514","OG","92","1",0
"2514","OG","92","2",0
"2514","OG","93","1",0
"2514","OG","93","2",3
"2514","OG","94","1",0
"2514","OG","94","2",0
"2514","OG","95","1",0
"2514","OG","95","2",3
"2514","OG","96","1",0
"2514","OG","96","2",0
"2514","OG","97","1",0
"2514","OG","97","2",0
"2514","OG","98","1",0
"2514","OG","98","2",0
"2514","OG","99","1",0
"2514","OG","99","2",0
"2514","G","0","1",0
"2514","G","0","2",0
"2514","G","1","1",0
"2514","G","1","2",0
"2514","G","2","1",0
"2514","G","2","2",0
"2514","G","3","1",0
"2514","G","3","2",0
"2514","G","4","1",0
"2514","G","4","2",0
"2514","G","5","1",0
"2514","G","5","2",0
"2514","G","6","1",0
"2514","G","6","2",0
"2514","G","7","1",0
"2514","G","7","2",0
"2514","G","8","1",0
"2514","G","8","2",0
"2514","G","9","1",0
"2514","G","9","2",0
"2514","G","10","1",0
"2514","G","10","2",0
"2514","G","11","1",0
"2514","G","11","2",0
"2514","G","12","1",0
"2514","G","12","2",0
"2514","G","13","1",0
"2514","G","13","2",0
"2514","G","14","1",0
"2514","G","14","2",0
"2514","G","15","1",0
"2514","G","15","2",0
"2514","G","16","1",0
"2514","G","16","2",0
"2514","G","17","1",0
"2514","G","17","2",0
"2514","G","18","1",0
"2514","G","18","2",0
"2514","G","19","1",0
"2514","G","19","2",0
"2514","G","20","1",0
"2514","G","20","2",0
"2514","G","21","1",0
"2514","G","21","2",3
"2514","G","22","1",3
"2514","G","22","2",3
"2514","G","23","1",0
"2514","G","23","2",0
"2514","G","24","1",0
"2514","G","24","2",0
"2514","G","25","1",3
"2514","G","25","2",5
"2514","G","26","1",3
"2514","G","26","2",8
"2514","G","27","1",4
"2514","G","27","2",15
"2514","G","28","1",4
"2514","G","28","2",9
"2514","G","29","1",18
"2514","G","29","2",12
"2514","G","30","1",4
"2514","G","30","2",13
"2514","G","31","1",11
"2514","G","31","2",25
"2514","G","32","1",19
"2514","G","32","2",17
"2514","G","33","1",18
"2514","G","33","2",28
"2514","G","34","1",27
"2514","G","34","2",22
"2514","G","35","1",26
"2514","G","35","2",27
"2514","G","36","1",20
"2514","G","36","2",33
"2514","G","37","1",26
"2514","G","37","2",37
"2514","G","38","1",34
"2514","G","38","2",36
"2514","G","39","1",27
"2514","G","39","2",31
"2514","G","40","1",28
"2514","G","40","2",13
"2514","G","41","1",29
"2514","G","41","2",27
"2514","G","42","1",32
"2514","G","42","2",21
"2514","G","43","1",22
"2514","G","43","2",36
"2514","G","44","1",29
"2514","G","44","2",32
"2514","G","45","1",27
"2514","G","45","2",32
"2514","G","46","1",28
"2514","G","46","2",39
"2514","G","47","1",32
"2514","G","47","2",31
"2514","G","48","1",39
"2514","G","48","2",37
"2514","G","49","1",35
"2514","G","49","2",44
"2514","G","50","1",38
"2514","G","50","2",40
"2514","G","51","1",37
"2514","G","51","2",52
"2514","G","52","1",40
"2514","G","52","2",56
"2514","G","53","1",48
"2514","G","53","2",48
"2514","G","54","1",40
"2514","G","54","2",39
"2514","G","55","1",55
"2514","G","55","2",53
"2514","G","56","1",40
"2514","G","56","2",48
"2514","G","57","1",62
"2514","G","57","2",51
"2514","G","58","1",47
"2514","G","58","2",43
"2514","G","59","1",38
"2514","G","59","2",58
"2514","G","60","1",57
"2514","G","60","2",61
"2514","G","61","1",42
"2514","G","61","2",51
"2514","G","62","1",56
"2514","G","62","2",52
"2514","G","63","1",52
"2514","G","63","2",56
"2514","G","64","1",47
"2514","G","64","2",51
"2514","G","65","1",56
"2514","G","65","2",56
"2514","G","66","1",64
"2514","G","66","2",46
"2514","G","67","1",50
"2514","G","67","2",34
"2514","G","68","1",63
"2514","G","68","2",53
"2514","G","69","1",54
"2514","G","69","2",67
"2514","G","70","1",58
"2514","G","70","2",42
"2514","G","71","1",68
"2514","G","71","2",60
"2514","G","72","1",55
"2514","G","72","2",54
"2514","G","73","1",54
"2514","G","73","2",49
"2514","G","74","1",53
"2514","G","74","2",52
"2514","G","75","1",56
"2514","G","75","2",74
"2514","G","76","1",62
"2514","G","76","2",70
"2514","G","77","1",72
"2514","G","77","2",68
"2514","G","78","1",48
"2514","G","78","2",47
"2514","G","79","1",53
"2514","G","79","2",41
"2514","G","80","1",52
"2514","G","80","2",49
"2514","G","81","1",50
"2514","G","81","2",33
"2514","G","82","1",58
"2514","G","82","2",24
"2514","G","83","1",44
"2514","G","83","2",12
"2514","G","84","1",30
"2514","G","84","2",13
"2514","G","85","1",26
"2514","G","85","2",17
"2514","G","86","1",24
"2514","G","86","2",13
"2514","G","87","1",8
"2514","G","87","2",13
"2514","G","88","1",14
"2514","G","88","2",14
"2514","G","89","1",15
"2514","G","89","2",5
"2514","G","90","1",6
"2514","G","90","2",3
"2514","G","91","1",3
"2514","G","91","2",3
"2514","G","92","1",10
"2514","G","92","2",0
"2514","G","93","1",3
"2514","G","93","2",3
"2514","G","94","1",7
"2514","G","94","2",3
"2514","G","95","1",6
"2514","G","95","2",0
"2514","G","96","1",0
"2514","G","96","2",0
"2514","G","97","1",0
"2514","G","97","2",0
"2514","G","98","1",0
"2514","G","98","2",0
"2514","G","99","1",0
"2514","G","99","2",0
"2514","SK","0","1",0
"2514","SK","0","2",0
"2514","SK","1","1",0
"2514","SK","1","2",0
"2514","SK","2","1",0
"2514","SK","2","2",0
"2514","SK","3","1",0
"2514","SK","3","2",0
"2514","SK","4","1",0
"2514","SK","4","2",0
"2514","SK","5","1",0
"2514","SK","5","2",0
"2514","SK","6","1",0
"2514","SK","6","2",0
"2514","SK","7","1",0
"2514","SK","7","2",0
"2514","SK","8","1",0
"2514","SK","8","2",0
"2514","SK","9","1",0
"2514","SK","9","2",0
"2514","SK","10","1",0
"2514","SK","10","2",0
"2514","SK","11","1",0
"2514","SK","11","2",0
"2514","SK","12","1",0
"2514","SK","12","2",0
"2514","SK","13","1",0
"2514","SK","13","2",0
"2514","SK","14","1",0
"2514","SK","14","2",0
"2514","SK","15","1",0
"2514","SK","15","2",0
"2514","SK","16","1",0
"2514","SK","16","2",0
"2514","SK","17","1",0
"2514","SK","17","2",0
"2514","SK","18","1",0
"2514","SK","18","2",0
"2514","SK","19","1",0
"2514","SK","19","2",0
"2514","SK","20","1",0
"2514","SK","20","2",0
"2514","SK","21","1",0
"2514","SK","21","2",0
"2514","SK","22","1",0
"2514","SK","22","2",0
"2514","SK","23","1",0
"2514","SK","23","2",0
"2514","SK","24","1",0
"2514","SK","24","2",3
"2514","SK","25","1",0
"2514","SK","25","2",3
"2514","SK","26","1",0
"2514","SK","26","2",0
"2514","SK","27","1",0
"2514","SK","27","2",0
"2514","SK","28","1",3
"2514","SK","28","2",0
"2514","SK","29","1",3
"2514","SK","29","2",3
"2514","SK","30","1",0
"2514","SK","30","2",0
"2514","SK","31","1",3
"2514","SK","31","2",5
"2514","SK","32","1",3
"2514","SK","32","2",3
"2514","SK","33","1",0
"2514","SK","33","2",3
"2514","SK","34","1",5
"2514","SK","34","2",3
"2514","SK","35","1",6
"2514","SK","35","2",12
"2514","SK","36","1",5
"2514","SK","36","2",11
"2514","SK","37","1",5
"2514","SK","37","2",3
"2514","SK","38","1",4
"2514","SK","38","2",7
"2514","SK","39","1",7
"2514","SK","39","2",10
"2514","SK","40","1",5
"2514","SK","40","2",4
"2514","SK","41","1",9
"2514","SK","41","2",7
"2514","SK","42","1",6
"2514","SK","42","2",5
"2514","SK","43","1",10
"2514","SK","43","2",13
"2514","SK","44","1",5
"2514","SK","44","2",11
"2514","SK","45","1",7
"2514","SK","45","2",14
"2514","SK","46","1",9
"2514","SK","46","2",13
"2514","SK","47","1",9
"2514","SK","47","2",8
"2514","SK","48","1",6
"2514","SK","48","2",13
"2514","SK","49","1",11
"2514","SK","49","2",9
"2514","SK","50","1",13
"2514","SK","50","2",18
"2514","SK","51","1",13
"2514","SK","51","2",3
"2514","SK","52","1",10
"2514","SK","52","2",22
"2514","SK","53","1",13
"2514","SK","53","2",22
"2514","SK","54","1",16
"2514","SK","54","2",14
"2514","SK","55","1",16
"2514","SK","55","2",25
"2514","SK","56","1",13
"2514","SK","56","2",33
"2514","SK","57","1",24
"2514","SK","57","2",21
"2514","SK","58","1",19
"2514","SK","58","2",16
"2514","SK","59","1",26
"2514","SK","59","2",23
"2514","SK","60","1",20
"2514","SK","60","2",12
"2514","SK","61","1",21
"2514","SK","61","2",17
"2514","SK","62","1",25
"2514","SK","62","2",20
"2514","SK","63","1",15
"2514","SK","63","2",17
"2514","SK","64","1",20
"2514","SK","64","2",19
"2514","SK","65","1",16
"2514","SK","65","2",23
"2514","SK","66","1",21
"2514","SK","66","2",28
"2514","SK","67","1",15
"2514","SK","67","2",20
"2514","SK","68","1",30
"2514","SK","68","2",23
"2514","SK","69","1",20
"2514","SK","69","2",22
"2514","SK","70","1",26
"2514","SK","70","2",18
"2514","SK","71","1",22
"2514","SK","71","2",20
"2514","SK","72","1",17
"2514","SK","72","2",13
"2514","SK","73","1",14
"2514","SK","73","2",9
"2514","SK","74","1",16
"2514","SK","74","2",18
"2514","SK","75","1",14
"2514","SK","75","2",16
"2514","SK","76","1",12
"2514","SK","76","2",21
"2514","SK","77","1",13
"2514","SK","77","2",11
"2514","SK","78","1",19
"2514","SK","78","2",14
"2514","SK","79","1",18
"2514","SK","79","2",22
"2514","SK","80","1",14
"2514","SK","80","2",14
"2514","SK","81","1",11
"2514","SK","81","2",19
"2514","SK","82","1",17
"2514","SK","82","2",16
"2514","SK","83","1",7
"2514","SK","83","2",12
"2514","SK","84","1",7
"2514","SK","84","2",13
"2514","SK","85","1",5
"2514","SK","85","2",10
"2514","SK","86","1",9
"2514","SK","86","2",3
"2514","SK","87","1",7
"2514","SK","87","2",4
"2514","SK","88","1",4
"2514","SK","88","2",0
"2514","SK","89","1",5
"2514","SK","89","2",3
"2514","SK","90","1",0
"2514","SK","90","2",0
"2514","SK","91","1",3
"2514","SK","91","2",5
"2514","SK","92","1",0
"2514","SK","92","2",4
"2514","SK","93","1",0
"2514","SK","93","2",0
"2514","SK","94","1",0
"2514","SK","94","2",3
"2514","SK","95","1",0
"2514","SK","95","2",0
"2514","SK","96","1",0
"2514","SK","96","2",0
"2514","SK","97","1",0
"2514","SK","97","2",4
"2514","SK","98","1",0
"2514","SK","98","2",0
"2514","SK","99","1",0
"2514","SK","99","2",0
"2514","ÄNKL","0","1",0
"2514","ÄNKL","0","2",0
"2514","ÄNKL","1","1",0
"2514","ÄNKL","1","2",0
"2514","ÄNKL","2","1",0
"2514","ÄNKL","2","2",0
"2514","ÄNKL","3","1",0
"2514","ÄNKL","3","2",0
"2514","ÄNKL","4","1",0
"2514","ÄNKL","4","2",0
"2514","ÄNKL","5","1",0
"2514","ÄNKL","5","2",0
"2514","ÄNKL","6","1",0
"2514","ÄNKL","6","2",0
"2514","ÄNKL","7","1",0
"2514","ÄNKL","7","2",0
"2514","ÄNKL","8","1",0
"2514","ÄNKL","8","2",0
"2514","ÄNKL","9","1",0
"2514","ÄNKL","9","2",0
"2514","ÄNKL","10","1",0
"2514","ÄNKL","10","2",0
"2514","ÄNKL","11","1",0
"2514","ÄNKL","11","2",0
"2514","ÄNKL","12","1",0
"2514","ÄNKL","12","2",0
"2514","ÄNKL","13","1",0
"2514","ÄNKL","13","2",0
"2514","ÄNKL","14","1",0
"2514","ÄNKL","14","2",0
"2514","ÄNKL","15","1",0
"2514","ÄNKL","15","2",0
"2514","ÄNKL","16","1",0
"2514","ÄNKL","16","2",0
"2514","ÄNKL","17","1",0
"2514","ÄNKL","17","2",0
"2514","ÄNKL","18","1",0
"2514","ÄNKL","18","2",0
"2514","ÄNKL","19","1",0
"2514","ÄNKL","19","2",0
"2514","ÄNKL","20","1",0
"2514","ÄNKL","20","2",0
"2514","ÄNKL","21","1",0
"2514","ÄNKL","21","2",0
"2514","ÄNKL","22","1",0
"2514","ÄNKL","22","2",0
"2514","ÄNKL","23","1",0
"2514","ÄNKL","23","2",0
"2514","ÄNKL","24","1",0
"2514","ÄNKL","24","2",0
"2514","ÄNKL","25","1",0
"2514","ÄNKL","25","2",0
"2514","ÄNKL","26","1",0
"2514","ÄNKL","26","2",0
"2514","ÄNKL","27","1",0
"2514","ÄNKL","27","2",0
"2514","ÄNKL","28","1",0
"2514","ÄNKL","28","2",0
"2514","ÄNKL","29","1",0
"2514","ÄNKL","29","2",0
"2514","ÄNKL","30","1",0
"2514","ÄNKL","30","2",0
"2514","ÄNKL","31","1",0
"2514","ÄNKL","31","2",0
"2514","ÄNKL","32","1",0
"2514","ÄNKL","32","2",0
"2514","ÄNKL","33","1",0
"2514","ÄNKL","33","2",0
"2514","ÄNKL","34","1",0
"2514","ÄNKL","34","2",0
"2514","ÄNKL","35","1",0
"2514","ÄNKL","35","2",0
"2514","ÄNKL","36","1",0
"2514","ÄNKL","36","2",0
"2514","ÄNKL","37","1",0
"2514","ÄNKL","37","2",0
"2514","ÄNKL","38","1",0
"2514","ÄNKL","38","2",3
"2514","ÄNKL","39","1",0
"2514","ÄNKL","39","2",0
"2514","ÄNKL","40","1",0
"2514","ÄNKL","40","2",0
"2514","ÄNKL","41","1",0
"2514","ÄNKL","41","2",0
"2514","ÄNKL","42","1",0
"2514","ÄNKL","42","2",0
"2514","ÄNKL","43","1",4
"2514","ÄNKL","43","2",3
"2514","ÄNKL","44","1",0
"2514","ÄNKL","44","2",0
"2514","ÄNKL","45","1",0
"2514","ÄNKL","45","2",0
"2514","ÄNKL","46","1",0
"2514","ÄNKL","46","2",0
"2514","ÄNKL","47","1",0
"2514","ÄNKL","47","2",0
"2514","ÄNKL","48","1",3
"2514","ÄNKL","48","2",0
"2514","ÄNKL","49","1",0
"2514","ÄNKL","49","2",3
"2514","ÄNKL","50","1",0
"2514","ÄNKL","50","2",0
"2514","ÄNKL","51","1",3
"2514","ÄNKL","51","2",0
"2514","ÄNKL","52","1",0
"2514","ÄNKL","52","2",0
"2514","ÄNKL","53","1",3
"2514","ÄNKL","53","2",0
"2514","ÄNKL","54","1",0
"2514","ÄNKL","54","2",0
"2514","ÄNKL","55","1",0
"2514","ÄNKL","55","2",0
"2514","ÄNKL","56","1",0
"2514","ÄNKL","56","2",0
"2514","ÄNKL","57","1",3
"2514","ÄNKL","57","2",4
"2514","ÄNKL","58","1",0
"2514","ÄNKL","58","2",4
"2514","ÄNKL","59","1",3
"2514","ÄNKL","59","2",0
"2514","ÄNKL","60","1",0
"2514","ÄNKL","60","2",5
"2514","ÄNKL","61","1",3
"2514","ÄNKL","61","2",8
"2514","ÄNKL","62","1",3
"2514","ÄNKL","62","2",0
"2514","ÄNKL","63","1",0
"2514","ÄNKL","63","2",3
"2514","ÄNKL","64","1",4
"2514","ÄNKL","64","2",9
"2514","ÄNKL","65","1",3
"2514","ÄNKL","65","2",4
"2514","ÄNKL","66","1",0
"2514","ÄNKL","66","2",9
"2514","ÄNKL","67","1",0
"2514","ÄNKL","67","2",3
"2514","ÄNKL","68","1",4
"2514","ÄNKL","68","2",11
"2514","ÄNKL","69","1",3
"2514","ÄNKL","69","2",7
"2514","ÄNKL","70","1",5
"2514","ÄNKL","70","2",18
"2514","ÄNKL","71","1",6
"2514","ÄNKL","71","2",14
"2514","ÄNKL","72","1",4
"2514","ÄNKL","72","2",10
"2514","ÄNKL","73","1",4
"2514","ÄNKL","73","2",18
"2514","ÄNKL","74","1",3
"2514","ÄNKL","74","2",13
"2514","ÄNKL","75","1",10
"2514","ÄNKL","75","2",20
"2514","ÄNKL","76","1",9
"2514","ÄNKL","76","2",22
"2514","ÄNKL","77","1",10
"2514","ÄNKL","77","2",29
"2514","ÄNKL","78","1",11
"2514","ÄNKL","78","2",29
"2514","ÄNKL","79","1",14
"2514","ÄNKL","79","2",30
"2514","ÄNKL","80","1",7
"2514","ÄNKL","80","2",35
"2514","ÄNKL","81","1",9
"2514","ÄNKL","81","2",33
"2514","ÄNKL","82","1",18
"2514","ÄNKL","82","2",28
"2514","ÄNKL","83","1",5
"2514","ÄNKL","83","2",36
"2514","ÄNKL","84","1",12
"2514","ÄNKL","84","2",38
"2514","ÄNKL","85","1",11
"2514","ÄNKL","85","2",35
"2514","ÄNKL","86","1",14
"2514","ÄNKL","86","2",33
"2514","ÄNKL","87","1",11
"2514","ÄNKL","87","2",37
"2514","ÄNKL","88","1",10
"2514","ÄNKL","88","2",34
"2514","ÄNKL","89","1",13
"2514","ÄNKL","89","2",26
"2514","ÄNKL","90","1",10
"2514","ÄNKL","90","2",22
"2514","ÄNKL","91","1",8
"2514","ÄNKL","91","2",21
"2514","ÄNKL","92","1",6
"2514","ÄNKL","92","2",19
"2514","ÄNKL","93","1",0
"2514","ÄNKL","93","2",10
"2514","ÄNKL","94","1",0
"2514","ÄNKL","94","2",9
"2514","ÄNKL","95","1",0
"2514","ÄNKL","95","2",4
"2514","ÄNKL","96","1",3
"2514","ÄNKL","96","2",9
"2514","ÄNKL","97","1",3
"2514","ÄNKL","97","2",6
"2514","ÄNKL","98","1",0
"2514","ÄNKL","98","2",3
"2514","ÄNKL","99","1",0
"2514","ÄNKL","99","2",3
