Fodelseregion,Kon,Alder,00000780 2024,00000780 2025,00000780 2026,00000780 2027,00000780 2028,00000780 2029,00000780 2030,00000780 2031,00000780 2032,00000780 2033,00000780 2034,00000780 2035,00000780 2036,00000780 2037,00000780 2038,00000780 2039,00000780 2040,00000780 2041,00000780 2042,00000780 2043,00000780 2044,00000780 2045,00000780 2046,00000780 2047,00000780 2048,00000780 2049,00000780 2050
90,1,0,0.00369,0.00366,0.00362,0.00359,0.00355,0.00352,0.00349,0.00345,0.00342,0.00339,0.00335,0.00332,0.00329,0.00326,0.00323,0.00320,0.00317,0.00313,0.00310,0.00308,0.00305,0.00302,0.00299,0.00296,0.00293,0.00290,0.00287
90,1,1,0.00036,0.00035,0.00035,0.00035,0.00034,0.00034,0.00034,0.00033,0.00033,0.00033,0.00032,0.00032,0.00032,0.00031,0.00031,0.00031,0.00030,0.00030,0.00030,0.00030,0.00029,0.00029,0.00029,0.00028,0.00028,0.00028,0.00028
90,1,2,0.00013,0.00012,0.00012,0.00012,0.00012,0.00012,0.00012,0.00012,0.00012,0.00011,0.00011,0.00011,0.00011,0.00011,0.00011,0.00011,0.00011,0.00011,0.00011,0.00010,0.00010,0.00010,0.00010,0.00010,0.00010,0.00010,0.00010
90,1,3,0.00009,0.00009,0.00009,0.00009,0.00009,0.00009,0.00009,0.00009,0.00009,0.00009,0.00008,0.00008,0.00008,0.00008,0.00008,0.00008,0.00008,0.00008,0.00008,0.00008,0.00008,0.00008,0.00008,0.00007,0.00007,0.00007,0.00007
90,1,4,0.00007,0.00007,0.00007,0.00007,0.00007,0.00007,0.00007,0.00007,0.00007,0.00007,0.00007,0.00007,0.00007,0.00007,0.00007,0.00006,0.00006,0.00006,0.00006,0.00006,0.00006,0.00006,0.00006,0.00006,0.00006,0.00006,0.00006
90,1,5,0.00006,0.00006,0.00006,0.00006,0.00006,0.00006,0.00006,0.00005,0.00005,0.00005,0.00005,0.00005,0.00005,0.00005,0.00005,0.00005,0.00005,0.00005,0.00005,0.00005,0.00005,0.00005,0.00005,0.00005,0.00005,0.00005,0.00005
90,1,6,0.00005,0.00005,0.00005,0.00005,0.00005,0.00005,0.00005,0.00005,0.00005,0.00005,0.00005,0.00005,0.00005,0.00005,0.00004,0.00004,0.00004,0.00004,0.00004,0.00004,0.00004,0.00004,0.00004,0.00004,0.00004,0.00004,0.00004
90,1,7,0.00005,0.00005,0.00005,0.00005,0.00004,0.00004,0.00004,0.00004,0.00004,0.00004,0.00004,0.00004,0.00004,0.00004,0.00004,0.00004,0.00004,0.00004,0.00004,0.00004,0.00004,0.00004,0.00004,0.00004,0.00004,0.00004,0.00004
90,1,8,0.00005,0.00005,0.00005,0.00005,0.00005,0.00004,0.00004,0.00004,0.00004,0.00004,0.00004,0.00004,0.00004,0.00004,0.00004,0.00004,0.00004,0.00004,0.00004,0.00004,0.00004,0.00004,0.00004,0.00004,0.00004,0.00004,0.00004
90,1,9,0.00005,0.00005,0.00005,0.00004,0.00004,0.00004,0.00004,0.00004,0.00004,0.00004,0.00004,0.00004,0.00004,0.00004,0.00004,0.00004,0.00004,0.00004,0.00004,0.00004,0.00004,0.00004,0.00004,0.00004,0.00004,0.00004,0.00004
90,1,10,0.00005,0.00005,0.00005,0.00005,0.00005,0.00005,0.00005,0.00005,0.00005,0.00005,0.00004,0.00004,0.00004,0.00004,0.00004,0.00004,0.00004,0.00004,0.00004,0.00004,0.00004,0.00004,0.00004,0.00004,0.00004,0.00004,0.00004
90,1,11,0.00006,0.00006,0.00006,0.00006,0.00006,0.00006,0.00006,0.00005,0.00005,0.00005,0.00005,0.00005,0.00005,0.00005,0.00005,0.00005,0.00005,0.00005,0.00005,0.00005,0.00005,0.00005,0.00005,0.00005,0.00005,0.00005,0.00005
90,1,12,0.00007,0.00007,0.00007,0.00007,0.00006,0.00006,0.00006,0.00006,0.00006,0.00006,0.00006,0.00006,0.00006,0.00006,0.00006,0.00006,0.00006,0.00006,0.00006,0.00006,0.00006,0.00005,0.00005,0.00005,0.00005,0.00005,0.00005
90,1,13,0.00009,0.00009,0.00009,0.00008,0.00008,0.00008,0.00008,0.00008,0.00008,0.00008,0.00008,0.00008,0.00008,0.00008,0.00008,0.00007,0.00007,0.00007,0.00007,0.00007,0.00007,0.00007,0.00007,0.00007,0.00007,0.00007,0.00007
90,1,14,0.00011,0.00011,0.00011,0.00011,0.00010,0.00010,0.00010,0.00010,0.00010,0.00010,0.00010,0.00010,0.00010,0.00009,0.00009,0.00009,0.00009,0.00009,0.00009,0.00009,0.00009,0.00009,0.00009,0.00009,0.00009,0.00008,0.00008
90,1,15,0.00014,0.00014,0.00014,0.00014,0.00014,0.00014,0.00013,0.00013,0.00013,0.00013,0.00013,0.00013,0.00013,0.00012,0.00012,0.00012,0.00012,0.00012,0.00012,0.00012,0.00012,0.00012,0.00011,0.00011,0.00011,0.00011,0.00011
90,1,16,0.00019,0.00019,0.00018,0.00018,0.00018,0.00018,0.00018,0.00017,0.00017,0.00017,0.00017,0.00017,0.00016,0.00016,0.00016,0.00016,0.00016,0.00016,0.00016,0.00016,0.00015,0.00015,0.00015,0.00015,0.00015,0.00015,0.00014
90,1,17,0.00026,0.00026,0.00026,0.00025,0.00025,0.00025,0.00025,0.00024,0.00024,0.00024,0.00023,0.00023,0.00023,0.00023,0.00022,0.00022,0.00022,0.00022,0.00022,0.00022,0.00021,0.00021,0.00021,0.00021,0.00021,0.00020,0.00020
90,1,18,0.00034,0.00033,0.00033,0.00033,0.00032,0.00032,0.00032,0.00031,0.00031,0.00030,0.00030,0.00030,0.00029,0.00029,0.00029,0.00029,0.00028,0.00028,0.00028,0.00028,0.00027,0.00027,0.00027,0.00027,0.00026,0.00026,0.00026
90,1,19,0.00043,0.00042,0.00042,0.00041,0.00041,0.00040,0.00040,0.00040,0.00039,0.00039,0.00038,0.00038,0.00037,0.00037,0.00037,0.00036,0.00036,0.00036,0.00035,0.00035,0.00035,0.00034,0.00034,0.00034,0.00033,0.00033,0.00033
90,1,20,0.00050,0.00050,0.00049,0.00049,0.00048,0.00048,0.00047,0.00047,0.00046,0.00046,0.00045,0.00045,0.00044,0.00044,0.00044,0.00043,0.00043,0.00042,0.00042,0.00042,0.00041,0.00041,0.00040,0.00040,0.00040,0.00039,0.00039
90,1,21,0.00056,0.00056,0.00055,0.00055,0.00054,0.00054,0.00053,0.00052,0.00052,0.00051,0.00051,0.00050,0.00050,0.00049,0.00049,0.00048,0.00048,0.00047,0.00047,0.00047,0.00046,0.00046,0.00045,0.00045,0.00044,0.00044,0.00044
90,1,22,0.00061,0.00060,0.00060,0.00059,0.00059,0.00058,0.00057,0.00057,0.00056,0.00056,0.00055,0.00055,0.00054,0.00054,0.00053,0.00053,0.00052,0.00052,0.00051,0.00051,0.00050,0.00050,0.00049,0.00049,0.00048,0.00048,0.00047
90,1,23,0.00064,0.00064,0.00063,0.00063,0.00062,0.00061,0.00061,0.00060,0.00060,0.00059,0.00059,0.00058,0.00057,0.00057,0.00056,0.00056,0.00055,0.00055,0.00054,0.00054,0.00053,0.00053,0.00052,0.00052,0.00051,0.00051,0.00050
90,1,24,0.00065,0.00065,0.00065,0.00064,0.00063,0.00063,0.00062,0.00062,0.00061,0.00061,0.00060,0.00059,0.00059,0.00058,0.00058,0.00057,0.00057,0.00056,0.00056,0.00055,0.00055,0.00054,0.00054,0.00053,0.00052,0.00052,0.00051
90,1,25,0.00065,0.00065,0.00065,0.00065,0.00064,0.00064,0.00063,0.00063,0.00062,0.00061,0.00061,0.00060,0.00060,0.00059,0.00059,0.00058,0.00058,0.00057,0.00057,0.00056,0.00056,0.00055,0.00054,0.00054,0.00053,0.00053,0.00052
90,1,26,0.00067,0.00066,0.00066,0.00066,0.00066,0.00065,0.00065,0.00064,0.00064,0.00063,0.00062,0.00062,0.00061,0.00061,0.00060,0.00060,0.00059,0.00059,0.00058,0.00058,0.00057,0.00056,0.00056,0.00055,0.00055,0.00054,0.00053
90,1,27,0.00069,0.00068,0.00066,0.00066,0.00066,0.00066,0.00065,0.00065,0.00064,0.00064,0.00063,0.00062,0.00062,0.00061,0.00061,0.00060,0.00060,0.00059,0.00059,0.00058,0.00058,0.00057,0.00056,0.00056,0.00055,0.00055,0.00054
90,1,28,0.00069,0.00068,0.00067,0.00066,0.00066,0.00066,0.00066,0.00065,0.00064,0.00064,0.00063,0.00063,0.00062,0.00062,0.00061,0.00061,0.00060,0.00059,0.00059,0.00058,0.00058,0.00057,0.00057,0.00056,0.00056,0.00055,0.00054
90,1,29,0.00069,0.00068,0.00067,0.00066,0.00065,0.00065,0.00065,0.00064,0.00064,0.00063,0.00063,0.00062,0.00062,0.00061,0.00061,0.00060,0.00060,0.00059,0.00058,0.00058,0.00057,0.00057,0.00056,0.00056,0.00055,0.00055,0.00054
90,1,30,0.00069,0.00068,0.00067,0.00067,0.00065,0.00064,0.00064,0.00064,0.00064,0.00063,0.00063,0.00062,0.00062,0.00061,0.00061,0.00060,0.00060,0.00059,0.00058,0.00058,0.00057,0.00057,0.00056,0.00056,0.00055,0.00055,0.00054
90,1,31,0.00070,0.00069,0.00068,0.00067,0.00066,0.00065,0.00064,0.00064,0.00064,0.00064,0.00063,0.00063,0.00062,0.00062,0.00061,0.00060,0.00060,0.00059,0.00059,0.00058,0.00058,0.00057,0.00057,0.00056,0.00056,0.00055,0.00055
90,1,32,0.00070,0.00069,0.00068,0.00067,0.00066,0.00065,0.00064,0.00063,0.00063,0.00063,0.00062,0.00062,0.00062,0.00061,0.00061,0.00060,0.00059,0.00059,0.00058,0.00058,0.00057,0.00057,0.00056,0.00056,0.00055,0.00055,0.00054
90,1,33,0.00069,0.00069,0.00068,0.00067,0.00066,0.00065,0.00064,0.00063,0.00062,0.00062,0.00062,0.00062,0.00061,0.00061,0.00060,0.00060,0.00059,0.00059,0.00058,0.00058,0.00057,0.00056,0.00056,0.00056,0.00055,0.00055,0.00054
90,1,34,0.00072,0.00071,0.00071,0.00070,0.00069,0.00068,0.00067,0.00066,0.00065,0.00064,0.00064,0.00064,0.00064,0.00063,0.00063,0.00062,0.00062,0.00061,0.00060,0.00060,0.00060,0.00059,0.00058,0.00058,0.00057,0.00057,0.00056
90,1,35,0.00073,0.00072,0.00072,0.00071,0.00070,0.00069,0.00069,0.00068,0.00067,0.00065,0.00064,0.00064,0.00064,0.00064,0.00063,0.00063,0.00062,0.00062,0.00061,0.00061,0.00060,0.00060,0.00059,0.00058,0.00058,0.00057,0.00057
90,1,36,0.00073,0.00073,0.00073,0.00072,0.00071,0.00071,0.00070,0.00069,0.00068,0.00067,0.00065,0.00064,0.00064,0.00064,0.00064,0.00063,0.00063,0.00062,0.00062,0.00061,0.00060,0.00060,0.00059,0.00059,0.00058,0.00058,0.00057
90,1,37,0.00075,0.00075,0.00074,0.00074,0.00073,0.00073,0.00072,0.00071,0.00070,0.00069,0.00067,0.00066,0.00065,0.00065,0.00065,0.00064,0.00064,0.00063,0.00063,0.00062,0.00062,0.00061,0.00061,0.00060,0.00059,0.00059,0.00058
90,1,38,0.00079,0.00078,0.00078,0.00077,0.00077,0.00076,0.00075,0.00074,0.00073,0.00072,0.00071,0.00070,0.00068,0.00067,0.00067,0.00067,0.00066,0.00066,0.00065,0.00065,0.00064,0.00063,0.00063,0.00062,0.00062,0.00061,0.00061
90,1,39,0.00081,0.00080,0.00080,0.00079,0.00078,0.00078,0.00077,0.00076,0.00075,0.00074,0.00073,0.00071,0.00070,0.00069,0.00068,0.00068,0.00067,0.00067,0.00066,0.00066,0.00065,0.00065,0.00064,0.00063,0.00063,0.00062,0.00062
90,1,40,0.00086,0.00085,0.00084,0.00083,0.00082,0.00081,0.00081,0.00080,0.00079,0.00078,0.00077,0.00075,0.00074,0.00073,0.00072,0.00070,0.00070,0.00070,0.00069,0.00069,0.00068,0.00067,0.00067,0.00066,0.00066,0.00065,0.00065
90,1,41,0.00091,0.00090,0.00089,0.00088,0.00087,0.00086,0.00085,0.00084,0.00083,0.00083,0.00081,0.00080,0.00079,0.00078,0.00076,0.00075,0.00073,0.00074,0.00073,0.00073,0.00072,0.00071,0.00071,0.00070,0.00069,0.00069,0.00068
90,1,42,0.00099,0.00097,0.00096,0.00095,0.00094,0.00093,0.00092,0.00091,0.00090,0.00089,0.00087,0.00086,0.00085,0.00084,0.00082,0.00081,0.00080,0.00078,0.00078,0.00078,0.00077,0.00076,0.00076,0.00075,0.00074,0.00073,0.00073
90,1,43,0.00106,0.00104,0.00102,0.00100,0.00099,0.00098,0.00097,0.00095,0.00094,0.00093,0.00092,0.00091,0.00090,0.00088,0.00087,0.00086,0.00084,0.00083,0.00081,0.00081,0.00081,0.00080,0.00079,0.00079,0.00078,0.00077,0.00076
90,1,44,0.00114,0.00112,0.00110,0.00108,0.00106,0.00104,0.00103,0.00102,0.00101,0.00099,0.00098,0.00097,0.00096,0.00094,0.00093,0.00092,0.00090,0.00089,0.00087,0.00086,0.00086,0.00085,0.00084,0.00084,0.00083,0.00082,0.00081
90,1,45,0.00124,0.00121,0.00119,0.00117,0.00115,0.00113,0.00111,0.00110,0.00108,0.00107,0.00106,0.00104,0.00103,0.00102,0.00100,0.00099,0.00097,0.00096,0.00095,0.00093,0.00091,0.00091,0.00091,0.00090,0.00089,0.00088,0.00087
90,1,46,0.00135,0.00133,0.00130,0.00128,0.00125,0.00123,0.00121,0.00119,0.00117,0.00116,0.00114,0.00113,0.00111,0.00110,0.00108,0.00107,0.00105,0.00104,0.00102,0.00101,0.00099,0.00097,0.00097,0.00096,0.00096,0.00095,0.00094
90,1,47,0.00148,0.00145,0.00142,0.00139,0.00137,0.00134,0.00132,0.00129,0.00128,0.00126,0.00124,0.00122,0.00121,0.00119,0.00118,0.00116,0.00114,0.00113,0.00111,0.00110,0.00108,0.00106,0.00104,0.00104,0.00103,0.00102,0.00101
90,1,48,0.00158,0.00155,0.00152,0.00149,0.00146,0.00143,0.00140,0.00138,0.00136,0.00134,0.00132,0.00130,0.00128,0.00127,0.00125,0.00123,0.00122,0.00120,0.00118,0.00116,0.00115,0.00113,0.00111,0.00109,0.00109,0.00108,0.00107
90,1,49,0.00170,0.00166,0.00163,0.00160,0.00157,0.00154,0.00151,0.00148,0.00146,0.00143,0.00141,0.00139,0.00137,0.00135,0.00133,0.00131,0.00130,0.00128,0.00126,0.00124,0.00123,0.00121,0.00119,0.00117,0.00115,0.00115,0.00114
90,1,50,0.00186,0.00182,0.00178,0.00175,0.00171,0.00168,0.00164,0.00162,0.00158,0.00156,0.00153,0.00151,0.00149,0.00146,0.00145,0.00143,0.00141,0.00139,0.00137,0.00135,0.00133,0.00131,0.00129,0.00127,0.00125,0.00123,0.00122
90,1,51,0.00201,0.00197,0.00193,0.00190,0.00186,0.00182,0.00179,0.00175,0.00172,0.00168,0.00166,0.00163,0.00160,0.00158,0.00156,0.00154,0.00152,0.00150,0.00148,0.00146,0.00144,0.00141,0.00139,0.00137,0.00135,0.00133,0.00130
90,1,52,0.00214,0.00211,0.00206,0.00202,0.00199,0.00195,0.00191,0.00187,0.00183,0.00180,0.00177,0.00174,0.00170,0.00168,0.00165,0.00163,0.00161,0.00159,0.00156,0.00154,0.00152,0.00150,0.00148,0.00146,0.00144,0.00142,0.00139
90,1,53,0.00246,0.00241,0.00236,0.00232,0.00227,0.00223,0.00219,0.00215,0.00211,0.00206,0.00203,0.00199,0.00196,0.00192,0.00189,0.00186,0.00184,0.00181,0.00179,0.00176,0.00174,0.00171,0.00169,0.00167,0.00164,0.00162,0.00160
90,1,54,0.00275,0.00270,0.00265,0.00260,0.00255,0.00250,0.00245,0.00241,0.00236,0.00232,0.00227,0.00223,0.00219,0.00215,0.00211,0.00208,0.00205,0.00202,0.00199,0.00196,0.00193,0.00191,0.00188,0.00185,0.00183,0.00180,0.00178
90,1,55,0.00300,0.00294,0.00288,0.00282,0.00277,0.00272,0.00267,0.00262,0.00257,0.00252,0.00247,0.00242,0.00238,0.00234,0.00230,0.00225,0.00222,0.00219,0.00215,0.00212,0.00209,0.00206,0.00203,0.00201,0.00198,0.00195,0.00192
90,1,56,0.00336,0.00329,0.00322,0.00316,0.00309,0.00304,0.00298,0.00292,0.00287,0.00281,0.00275,0.00270,0.00264,0.00260,0.00255,0.00251,0.00246,0.00242,0.00239,0.00235,0.00232,0.00228,0.00225,0.00222,0.00219,0.00216,0.00212
90,1,57,0.00370,0.00362,0.00354,0.00346,0.00340,0.00333,0.00327,0.00320,0.00314,0.00308,0.00302,0.00296,0.00290,0.00284,0.00280,0.00274,0.00269,0.00264,0.00260,0.00256,0.00252,0.00249,0.00245,0.00242,0.00238,0.00235,0.00231
90,1,58,0.00401,0.00394,0.00385,0.00377,0.00368,0.00362,0.00354,0.00348,0.00341,0.00334,0.00328,0.00322,0.00316,0.00310,0.00303,0.00298,0.00292,0.00287,0.00282,0.00277,0.00273,0.00269,0.00265,0.00261,0.00257,0.00253,0.00250
90,1,59,0.00456,0.00447,0.00439,0.00429,0.00420,0.00411,0.00403,0.00395,0.00387,0.00380,0.00372,0.00366,0.00359,0.00352,0.00345,0.00338,0.00332,0.00325,0.00320,0.00314,0.00309,0.00304,0.00299,0.00295,0.00291,0.00286,0.00282
90,1,60,0.00498,0.00487,0.00477,0.00469,0.00459,0.00449,0.00439,0.00431,0.00422,0.00414,0.00406,0.00398,0.00391,0.00384,0.00376,0.00369,0.00361,0.00355,0.00348,0.00342,0.00336,0.00330,0.00325,0.00320,0.00315,0.00310,0.00306
90,1,61,0.00557,0.00545,0.00534,0.00522,0.00513,0.00502,0.00491,0.00481,0.00472,0.00462,0.00454,0.00445,0.00436,0.00428,0.00420,0.00412,0.00404,0.00396,0.00389,0.00381,0.00375,0.00367,0.00361,0.00356,0.00350,0.00345,0.00340
90,1,62,0.00611,0.00599,0.00587,0.00574,0.00562,0.00552,0.00541,0.00529,0.00518,0.00508,0.00498,0.00489,0.00479,0.00470,0.00462,0.00453,0.00444,0.00435,0.00426,0.00419,0.00410,0.00403,0.00396,0.00389,0.00383,0.00377,0.00371
90,1,63,0.00682,0.00667,0.00654,0.00640,0.00627,0.00614,0.00603,0.00590,0.00578,0.00566,0.00556,0.00544,0.00534,0.00524,0.00514,0.00505,0.00495,0.00485,0.00476,0.00466,0.00458,0.00448,0.00441,0.00432,0.00425,0.00418,0.00412
90,1,64,0.00759,0.00745,0.00728,0.00714,0.00699,0.00684,0.00671,0.00659,0.00645,0.00631,0.00618,0.00607,0.00594,0.00584,0.00572,0.00561,0.00551,0.00540,0.00530,0.00519,0.00508,0.00500,0.00489,0.00481,0.00472,0.00463,0.00456
90,1,65,0.00855,0.00835,0.00819,0.00801,0.00786,0.00770,0.00754,0.00738,0.00725,0.00710,0.00696,0.00681,0.00669,0.00655,0.00643,0.00630,0.00618,0.00607,0.00595,0.00584,0.00573,0.00560,0.00551,0.00540,0.00530,0.00520,0.00511
90,1,66,0.00943,0.00924,0.00902,0.00885,0.00865,0.00849,0.00832,0.00814,0.00798,0.00784,0.00768,0.00752,0.00736,0.00723,0.00708,0.00695,0.00682,0.00669,0.00657,0.00644,0.00631,0.00619,0.00606,0.00596,0.00584,0.00573,0.00562
90,1,67,0.01041,0.01018,0.00998,0.00975,0.00956,0.00935,0.00918,0.00899,0.00880,0.00863,0.00848,0.00830,0.00814,0.00797,0.00782,0.00767,0.00753,0.00738,0.00724,0.00712,0.00698,0.00685,0.00672,0.00658,0.00647,0.00634,0.00623
90,1,68,0.01120,0.01096,0.01072,0.01050,0.01027,0.01007,0.00985,0.00967,0.00947,0.00928,0.00909,0.00893,0.00875,0.00858,0.00840,0.00825,0.00809,0.00795,0.00779,0.00765,0.00752,0.00738,0.00724,0.00710,0.00696,0.00684,0.00671
90,1,69,0.01251,0.01224,0.01197,0.01172,0.01148,0.01123,0.01101,0.01078,0.01057,0.01036,0.01015,0.00995,0.00977,0.00958,0.00939,0.00920,0.00903,0.00886,0.00870,0.00854,0.00838,0.00824,0.00809,0.00794,0.00779,0.00764,0.00751
90,1,70,0.01394,0.01364,0.01334,0.01305,0.01278,0.01252,0.01225,0.01202,0.01176,0.01154,0.01130,0.01108,0.01086,0.01067,0.01046,0.01026,0.01005,0.00987,0.00968,0.00951,0.00933,0.00916,0.00901,0.00884,0.00868,0.00852,0.00836
90,1,71,0.01519,0.01487,0.01456,0.01424,0.01394,0.01365,0.01337,0.01309,0.01284,0.01257,0.01233,0.01208,0.01184,0.01161,0.01140,0.01118,0.01097,0.01075,0.01055,0.01035,0.01017,0.00999,0.00981,0.00964,0.00947,0.00930,0.00913
90,1,72,0.01695,0.01660,0.01626,0.01592,0.01558,0.01525,0.01494,0.01465,0.01434,0.01407,0.01378,0.01351,0.01324,0.01298,0.01273,0.01250,0.01226,0.01203,0.01179,0.01158,0.01136,0.01117,0.01096,0.01077,0.01059,0.01040,0.01022
90,1,73,0.01857,0.01816,0.01779,0.01743,0.01706,0.01670,0.01635,0.01602,0.01570,0.01538,0.01509,0.01478,0.01449,0.01420,0.01392,0.01366,0.01341,0.01316,0.01291,0.01266,0.01243,0.01220,0.01199,0.01177,0.01157,0.01138,0.01118
90,1,74,0.02102,0.02058,0.02013,0.01972,0.01932,0.01892,0.01853,0.01814,0.01777,0.01743,0.01707,0.01674,0.01640,0.01609,0.01577,0.01546,0.01517,0.01490,0.01462,0.01435,0.01407,0.01381,0.01356,0.01333,0.01308,0.01286,0.01264
90,1,75,0.02354,0.02304,0.02255,0.02207,0.02163,0.02118,0.02075,0.02032,0.01990,0.01950,0.01913,0.01873,0.01838,0.01801,0.01767,0.01733,0.01699,0.01667,0.01637,0.01606,0.01577,0.01546,0.01519,0.01491,0.01465,0.01438,0.01413
90,1,76,0.02629,0.02573,0.02519,0.02466,0.02415,0.02366,0.02318,0.02272,0.02226,0.02180,0.02137,0.02096,0.02053,0.02015,0.01975,0.01939,0.01901,0.01865,0.01830,0.01797,0.01764,0.01731,0.01698,0.01669,0.01638,0.01610,0.01581
90,1,77,0.02978,0.02916,0.02856,0.02796,0.02739,0.02683,0.02631,0.02578,0.02527,0.02476,0.02427,0.02379,0.02335,0.02288,0.02246,0.02202,0.02161,0.02121,0.02081,0.02043,0.02006,0.01969,0.01933,0.01897,0.01865,0.01831,0.01799
90,1,78,0.03374,0.03306,0.03239,0.03173,0.03108,0.03046,0.02985,0.02928,0.02870,0.02814,0.02759,0.02705,0.02653,0.02604,0.02552,0.02507,0.02458,0.02414,0.02370,0.02326,0.02284,0.02244,0.02203,0.02163,0.02123,0.02088,0.02050
90,1,79,0.03773,0.03702,0.03630,0.03558,0.03488,0.03418,0.03352,0.03286,0.03224,0.03162,0.03102,0.03042,0.02984,0.02928,0.02875,0.02819,0.02770,0.02717,0.02670,0.02622,0.02574,0.02528,0.02485,0.02441,0.02398,0.02354,0.02315
90,2,0,0.00317,0.00314,0.00311,0.00308,0.00305,0.00303,0.00300,0.00297,0.00294,0.00291,0.00288,0.00286,0.00283,0.00280,0.00277,0.00275,0.00272,0.00269,0.00267,0.00264,0.00262,0.00259,0.00257,0.00254,0.00252,0.00249,0.00247
90,2,1,0.00029,0.00029,0.00029,0.00029,0.00028,0.00028,0.00028,0.00027,0.00027,0.00027,0.00027,0.00026,0.00026,0.00026,0.00026,0.00025,0.00025,0.00025,0.00025,0.00024,0.00024,0.00024,0.00024,0.00024,0.00023,0.00023,0.00023
90,2,2,0.00010,0.00010,0.00010,0.00009,0.00009,0.00009,0.00009,0.00009,0.00009,0.00009,0.00009,0.00009,0.00009,0.00009,0.00009,0.00008,0.00008,0.00008,0.00008,0.00008,0.00008,0.00008,0.00008,0.00008,0.00008,0.00008,0.00008
90,2,3,0.00007,0.00007,0.00007,0.00007,0.00007,0.00007,0.00007,0.00007,0.00007,0.00007,0.00007,0.00007,0.00006,0.00006,0.00006,0.00006,0.00006,0.00006,0.00006,0.00006,0.00006,0.00006,0.00006,0.00006,0.00006,0.00006,0.00006
90,2,4,0.00006,0.00006,0.00006,0.00006,0.00006,0.00006,0.00006,0.00006,0.00006,0.00006,0.00006,0.00006,0.00006,0.00006,0.00005,0.00005,0.00005,0.00005,0.00005,0.00005,0.00005,0.00005,0.00005,0.00005,0.00005,0.00005,0.00005
90,2,5,0.00005,0.00005,0.00005,0.00005,0.00005,0.00005,0.00005,0.00005,0.00005,0.00004,0.00004,0.00004,0.00004,0.00004,0.00004,0.00004,0.00004,0.00004,0.00004,0.00004,0.00004,0.00004,0.00004,0.00004,0.00004,0.00004,0.00004
90,2,6,0.00004,0.00004,0.00004,0.00004,0.00004,0.00004,0.00004,0.00004,0.00004,0.00004,0.00004,0.00004,0.00004,0.00004,0.00004,0.00004,0.00004,0.00004,0.00004,0.00004,0.00004,0.00003,0.00003,0.00003,0.00003,0.00003,0.00003
90,2,7,0.00004,0.00004,0.00004,0.00004,0.00004,0.00004,0.00004,0.00004,0.00004,0.00003,0.00003,0.00003,0.00003,0.00003,0.00003,0.00003,0.00003,0.00003,0.00003,0.00003,0.00003,0.00003,0.00003,0.00003,0.00003,0.00003,0.00003
90,2,8,0.00003,0.00003,0.00003,0.00003,0.00003,0.00003,0.00003,0.00003,0.00003,0.00003,0.00003,0.00003,0.00003,0.00003,0.00003,0.00003,0.00003,0.00003,0.00003,0.00003,0.00003,0.00003,0.00003,0.00003,0.00003,0.00003,0.00003
90,2,9,0.00003,0.00003,0.00003,0.00003,0.00003,0.00003,0.00003,0.00003,0.00003,0.00003,0.00003,0.00003,0.00003,0.00003,0.00003,0.00003,0.00003,0.00003,0.00003,0.00003,0.00003,0.00003,0.00003,0.00003,0.00003,0.00003,0.00003
90,2,10,0.00003,0.00003,0.00003,0.00003,0.00003,0.00003,0.00003,0.00003,0.00003,0.00003,0.00003,0.00003,0.00003,0.00003,0.00003,0.00003,0.00003,0.00003,0.00003,0.00003,0.00003,0.00003,0.00003,0.00003,0.00003,0.00003,0.00003
90,2,11,0.00004,0.00004,0.00004,0.00003,0.00003,0.00003,0.00003,0.00003,0.00003,0.00003,0.00003,0.00003,0.00003,0.00003,0.00003,0.00003,0.00003,0.00003,0.00003,0.00003,0.00003,0.00003,0.00003,0.00003,0.00003,0.00003,0.00003
90,2,12,0.00004,0.00004,0.00004,0.00004,0.00004,0.00004,0.00004,0.00004,0.00004,0.00004,0.00004,0.00004,0.00004,0.00004,0.00004,0.00004,0.00004,0.00004,0.00003,0.00003,0.00003,0.00003,0.00003,0.00003,0.00003,0.00003,0.00003
90,2,13,0.00005,0.00005,0.00005,0.00005,0.00005,0.00005,0.00005,0.00005,0.00005,0.00005,0.00005,0.00005,0.00005,0.00005,0.00005,0.00005,0.00005,0.00005,0.00005,0.00005,0.00004,0.00004,0.00004,0.00004,0.00004,0.00004,0.00004
90,2,14,0.00007,0.00006,0.00006,0.00006,0.00006,0.00006,0.00006,0.00006,0.00006,0.00006,0.00006,0.00006,0.00006,0.00006,0.00006,0.00006,0.00006,0.00006,0.00006,0.00005,0.00005,0.00005,0.00005,0.00005,0.00005,0.00005,0.00005
90,2,15,0.00009,0.00009,0.00008,0.00008,0.00008,0.00008,0.00008,0.00008,0.00008,0.00008,0.00008,0.00008,0.00008,0.00008,0.00008,0.00007,0.00007,0.00007,0.00007,0.00007,0.00007,0.00007,0.00007,0.00007,0.00007,0.00007,0.00007
90,2,16,0.00011,0.00011,0.00010,0.00010,0.00010,0.00010,0.00010,0.00010,0.00010,0.00010,0.00010,0.00010,0.00010,0.00009,0.00009,0.00009,0.00009,0.00009,0.00009,0.00009,0.00009,0.00009,0.00009,0.00009,0.00008,0.00008,0.00008
90,2,17,0.00013,0.00013,0.00013,0.00013,0.00013,0.00013,0.00013,0.00012,0.00012,0.00012,0.00012,0.00012,0.00012,0.00012,0.00012,0.00012,0.00011,0.00011,0.00011,0.00011,0.00011,0.00011,0.00011,0.00011,0.00011,0.00010,0.00010
90,2,18,0.00015,0.00015,0.00015,0.00015,0.00015,0.00015,0.00015,0.00014,0.00014,0.00014,0.00014,0.00014,0.00014,0.00014,0.00014,0.00013,0.00013,0.00013,0.00013,0.00013,0.00013,0.00013,0.00013,0.00012,0.00012,0.00012,0.00012
90,2,19,0.00018,0.00018,0.00018,0.00018,0.00017,0.00017,0.00017,0.00017,0.00017,0.00017,0.00017,0.00016,0.00016,0.00016,0.00016,0.00016,0.00016,0.00015,0.00015,0.00015,0.00015,0.00015,0.00015,0.00015,0.00014,0.00014,0.00014
90,2,20,0.00019,0.00019,0.00019,0.00019,0.00019,0.00019,0.00018,0.00018,0.00018,0.00018,0.00018,0.00018,0.00017,0.00017,0.00017,0.00017,0.00017,0.00017,0.00016,0.00016,0.00016,0.00016,0.00016,0.00016,0.00016,0.00015,0.00015
90,2,21,0.00021,0.00021,0.00021,0.00021,0.00021,0.00020,0.00020,0.00020,0.00020,0.00020,0.00019,0.00019,0.00019,0.00019,0.00019,0.00019,0.00018,0.00018,0.00018,0.00018,0.00018,0.00017,0.00017,0.00017,0.00017,0.00017,0.00017
90,2,22,0.00022,0.00022,0.00022,0.00021,0.00021,0.00021,0.00021,0.00021,0.00021,0.00020,0.00020,0.00020,0.00020,0.00020,0.00020,0.00019,0.00019,0.00019,0.00019,0.00019,0.00018,0.00018,0.00018,0.00018,0.00018,0.00017,0.00017
90,2,23,0.00023,0.00022,0.00022,0.00022,0.00022,0.00022,0.00021,0.00021,0.00021,0.00021,0.00021,0.00020,0.00020,0.00020,0.00020,0.00020,0.00020,0.00019,0.00019,0.00019,0.00019,0.00019,0.00018,0.00018,0.00018,0.00018,0.00018
90,2,24,0.00023,0.00023,0.00023,0.00022,0.00022,0.00022,0.00022,0.00022,0.00021,0.00021,0.00021,0.00021,0.00021,0.00021,0.00020,0.00020,0.00020,0.00020,0.00020,0.00019,0.00019,0.00019,0.00019,0.00019,0.00018,0.00018,0.00018
90,2,25,0.00024,0.00024,0.00024,0.00023,0.00023,0.00023,0.00023,0.00023,0.00022,0.00022,0.00022,0.00022,0.00022,0.00021,0.00021,0.00021,0.00021,0.00021,0.00021,0.00020,0.00020,0.00020,0.00020,0.00019,0.00019,0.00019,0.00019
90,2,26,0.00024,0.00024,0.00024,0.00024,0.00024,0.00023,0.00023,0.00023,0.00023,0.00023,0.00022,0.00022,0.00022,0.00022,0.00022,0.00021,0.00021,0.00021,0.00021,0.00021,0.00020,0.00020,0.00020,0.00020,0.00020,0.00019,0.00019
90,2,27,0.00025,0.00024,0.00024,0.00024,0.00024,0.00024,0.00024,0.00023,0.00023,0.00023,0.00023,0.00023,0.00022,0.00022,0.00022,0.00022,0.00022,0.00021,0.00021,0.00021,0.00021,0.00021,0.00020,0.00020,0.00020,0.00020,0.00020
90,2,28,0.00026,0.00026,0.00025,0.00025,0.00025,0.00025,0.00025,0.00024,0.00024,0.00024,0.00024,0.00024,0.00023,0.00023,0.00023,0.00023,0.00022,0.00022,0.00022,0.00022,0.00022,0.00022,0.00021,0.00021,0.00021,0.00021,0.00020
90,2,29,0.00027,0.00027,0.00027,0.00026,0.00026,0.00026,0.00026,0.00025,0.00025,0.00025,0.00025,0.00025,0.00024,0.00024,0.00024,0.00024,0.00024,0.00023,0.00023,0.00023,0.00023,0.00023,0.00022,0.00022,0.00022,0.00022,0.00021
90,2,30,0.00029,0.00028,0.00028,0.00028,0.00027,0.00027,0.00027,0.00027,0.00026,0.00026,0.00026,0.00026,0.00026,0.00025,0.00025,0.00025,0.00025,0.00024,0.00024,0.00024,0.00024,0.00024,0.00023,0.00023,0.00023,0.00023,0.00022
90,2,31,0.00030,0.00030,0.00030,0.00029,0.00029,0.00029,0.00028,0.00028,0.00028,0.00028,0.00027,0.00027,0.00027,0.00027,0.00026,0.00026,0.00026,0.00026,0.00026,0.00025,0.00025,0.00025,0.00025,0.00025,0.00024,0.00024,0.00024
90,2,32,0.00032,0.00032,0.00031,0.00031,0.00030,0.00030,0.00030,0.00029,0.00029,0.00029,0.00029,0.00028,0.00028,0.00028,0.00028,0.00027,0.00027,0.00027,0.00027,0.00026,0.00026,0.00026,0.00026,0.00026,0.00025,0.00025,0.00025
90,2,33,0.00034,0.00034,0.00033,0.00033,0.00032,0.00032,0.00031,0.00031,0.00031,0.00031,0.00030,0.00030,0.00030,0.00030,0.00029,0.00029,0.00029,0.00029,0.00028,0.00028,0.00028,0.00028,0.00027,0.00027,0.00027,0.00027,0.00026
90,2,34,0.00035,0.00035,0.00035,0.00034,0.00034,0.00034,0.00033,0.00033,0.00032,0.00032,0.00032,0.00031,0.00031,0.00031,0.00031,0.00030,0.00030,0.00030,0.00030,0.00029,0.00029,0.00029,0.00029,0.00028,0.00028,0.00028,0.00028
90,2,35,0.00037,0.00037,0.00036,0.00036,0.00036,0.00035,0.00035,0.00034,0.00034,0.00034,0.00033,0.00033,0.00033,0.00032,0.00032,0.00032,0.00032,0.00031,0.00031,0.00031,0.00031,0.00030,0.00030,0.00030,0.00029,0.00029,0.00029
90,2,36,0.00038,0.00038,0.00038,0.00038,0.00037,0.00037,0.00036,0.00036,0.00035,0.00035,0.00035,0.00034,0.00034,0.00034,0.00033,0.00033,0.00033,0.00032,0.00032,0.00032,0.00032,0.00031,0.00031,0.00031,0.00030,0.00030,0.00030
90,2,37,0.00041,0.00041,0.00041,0.00040,0.00040,0.00040,0.00039,0.00039,0.00038,0.00038,0.00037,0.00037,0.00036,0.00036,0.00036,0.00035,0.00035,0.00035,0.00034,0.00034,0.00034,0.00033,0.00033,0.00033,0.00032,0.00032,0.00032
90,2,38,0.00044,0.00043,0.00043,0.00042,0.00042,0.00042,0.00041,0.00041,0.00040,0.00040,0.00039,0.00039,0.00038,0.00038,0.00037,0.00037,0.00037,0.00036,0.00036,0.00036,0.00035,0.00035,0.00035,0.00034,0.00034,0.00034,0.00033
90,2,39,0.00046,0.00046,0.00045,0.00045,0.00045,0.00044,0.00044,0.00043,0.00043,0.00042,0.00042,0.00041,0.00040,0.00040,0.00039,0.00039,0.00039,0.00038,0.00038,0.00038,0.00037,0.00037,0.00037,0.00036,0.00036,0.00036,0.00035
90,2,40,0.00050,0.00050,0.00049,0.00049,0.00048,0.00048,0.00047,0.00047,0.00046,0.00046,0.00045,0.00044,0.00044,0.00043,0.00043,0.00042,0.00042,0.00041,0.00041,0.00040,0.00040,0.00040,0.00039,0.00039,0.00039,0.00038,0.00038
90,2,41,0.00054,0.00054,0.00053,0.00052,0.00052,0.00051,0.00051,0.00050,0.00050,0.00049,0.00048,0.00048,0.00047,0.00046,0.00046,0.00045,0.00045,0.00044,0.00044,0.00043,0.00043,0.00042,0.00042,0.00042,0.00041,0.00041,0.00040
90,2,42,0.00059,0.00058,0.00057,0.00056,0.00055,0.00055,0.00054,0.00053,0.00053,0.00052,0.00052,0.00051,0.00050,0.00050,0.00049,0.00048,0.00048,0.00047,0.00046,0.00046,0.00046,0.00045,0.00045,0.00044,0.00044,0.00043,0.00043
90,2,43,0.00064,0.00063,0.00062,0.00061,0.00060,0.00060,0.00059,0.00058,0.00057,0.00057,0.00056,0.00055,0.00055,0.00054,0.00053,0.00052,0.00052,0.00051,0.00050,0.00050,0.00049,0.00049,0.00048,0.00048,0.00047,0.00047,0.00047
90,2,44,0.00071,0.00070,0.00069,0.00068,0.00067,0.00066,0.00065,0.00064,0.00063,0.00062,0.00062,0.00061,0.00060,0.00059,0.00059,0.00058,0.00057,0.00056,0.00055,0.00055,0.00054,0.00054,0.00053,0.00053,0.00052,0.00052,0.00051
90,2,45,0.00079,0.00077,0.00076,0.00074,0.00073,0.00072,0.00071,0.00070,0.00069,0.00068,0.00067,0.00067,0.00066,0.00065,0.00064,0.00063,0.00062,0.00061,0.00060,0.00060,0.00059,0.00058,0.00058,0.00057,0.00057,0.00056,0.00056
90,2,46,0.00087,0.00086,0.00084,0.00083,0.00081,0.00079,0.00078,0.00077,0.00076,0.00075,0.00074,0.00073,0.00072,0.00071,0.00070,0.00069,0.00068,0.00067,0.00066,0.00065,0.00065,0.00064,0.00063,0.00063,0.00062,0.00061,0.00061
90,2,47,0.00097,0.00095,0.00094,0.00092,0.00090,0.00088,0.00087,0.00085,0.00084,0.00083,0.00082,0.00081,0.00080,0.00079,0.00078,0.00077,0.00076,0.00075,0.00073,0.00072,0.00071,0.00070,0.00070,0.00069,0.00068,0.00068,0.00067
90,2,48,0.00105,0.00103,0.00101,0.00099,0.00097,0.00096,0.00094,0.00092,0.00091,0.00089,0.00088,0.00087,0.00086,0.00085,0.00084,0.00083,0.00082,0.00081,0.00079,0.00078,0.00077,0.00076,0.00075,0.00074,0.00073,0.00072,0.00072
90,2,49,0.00114,0.00112,0.00110,0.00107,0.00106,0.00103,0.00102,0.00100,0.00098,0.00096,0.00095,0.00094,0.00092,0.00091,0.00090,0.00089,0.00088,0.00087,0.00086,0.00084,0.00083,0.00082,0.00081,0.00080,0.00079,0.00078,0.00077
90,2,50,0.00122,0.00119,0.00117,0.00115,0.00112,0.00110,0.00108,0.00106,0.00104,0.00102,0.00101,0.00099,0.00098,0.00097,0.00096,0.00094,0.00093,0.00092,0.00091,0.00090,0.00088,0.00087,0.00086,0.00084,0.00083,0.00082,0.00081
90,2,51,0.00133,0.00130,0.00128,0.00125,0.00123,0.00120,0.00118,0.00116,0.00114,0.00112,0.00110,0.00108,0.00106,0.00105,0.00104,0.00102,0.00101,0.00100,0.00099,0.00097,0.00096,0.00095,0.00093,0.00092,0.00090,0.00089,0.00088
90,2,52,0.00144,0.00141,0.00138,0.00136,0.00133,0.00130,0.00128,0.00126,0.00123,0.00121,0.00119,0.00117,0.00115,0.00113,0.00112,0.00110,0.00109,0.00108,0.00106,0.00105,0.00104,0.00102,0.00101,0.00099,0.00097,0.00096,0.00095
90,2,53,0.00156,0.00153,0.00150,0.00147,0.00145,0.00142,0.00139,0.00136,0.00134,0.00131,0.00129,0.00127,0.00124,0.00123,0.00121,0.00119,0.00118,0.00116,0.00115,0.00113,0.00112,0.00110,0.00109,0.00107,0.00105,0.00104,0.00102
90,2,54,0.00175,0.00172,0.00168,0.00165,0.00162,0.00159,0.00156,0.00153,0.00150,0.00147,0.00144,0.00142,0.00139,0.00137,0.00135,0.00133,0.00131,0.00129,0.00128,0.00126,0.00125,0.00123,0.00121,0.00120,0.00118,0.00116,0.00114
90,2,55,0.00190,0.00186,0.00183,0.00180,0.00176,0.00173,0.00170,0.00166,0.00163,0.00160,0.00157,0.00154,0.00152,0.00149,0.00146,0.00144,0.00142,0.00140,0.00138,0.00136,0.00135,0.00133,0.00131,0.00129,0.00128,0.00126,0.00123
90,2,56,0.00219,0.00214,0.00210,0.00206,0.00202,0.00199,0.00195,0.00191,0.00187,0.00183,0.00180,0.00177,0.00173,0.00171,0.00167,0.00164,0.00162,0.00159,0.00157,0.00155,0.00153,0.00151,0.00150,0.00148,0.00146,0.00143,0.00141
90,2,57,0.00243,0.00238,0.00232,0.00228,0.00224,0.00219,0.00216,0.00211,0.00207,0.00203,0.00199,0.00195,0.00192,0.00188,0.00185,0.00182,0.00178,0.00176,0.00173,0.00171,0.00169,0.00166,0.00164,0.00162,0.00160,0.00158,0.00155
90,2,58,0.00276,0.00270,0.00264,0.00258,0.00253,0.00249,0.00244,0.00240,0.00235,0.00231,0.00226,0.00222,0.00217,0.00214,0.00209,0.00206,0.00202,0.00198,0.00195,0.00192,0.00190,0.00187,0.00185,0.00182,0.00180,0.00178,0.00175
90,2,59,0.00300,0.00295,0.00289,0.00283,0.00276,0.00271,0.00267,0.00261,0.00257,0.00252,0.00247,0.00242,0.00237,0.00233,0.00229,0.00224,0.00221,0.00216,0.00212,0.00209,0.00206,0.00203,0.00201,0.00198,0.00195,0.00193,0.00190
90,2,60,0.00342,0.00336,0.00330,0.00324,0.00317,0.00310,0.00304,0.00300,0.00294,0.00289,0.00284,0.00278,0.00273,0.00268,0.00262,0.00258,0.00253,0.00249,0.00244,0.00240,0.00236,0.00232,0.00229,0.00226,0.00223,0.00220,0.00217
90,2,61,0.00382,0.00376,0.00369,0.00363,0.00357,0.00349,0.00342,0.00336,0.00331,0.00325,0.00319,0.00314,0.00308,0.00302,0.00296,0.00291,0.00286,0.00280,0.00276,0.00270,0.00266,0.00262,0.00257,0.00254,0.00250,0.00247,0.00243
90,2,62,0.00409,0.00403,0.00397,0.00389,0.00383,0.00377,0.00369,0.00362,0.00356,0.00351,0.00344,0.00338,0.00332,0.00326,0.00320,0.00314,0.00308,0.00303,0.00297,0.00292,0.00287,0.00281,0.00277,0.00273,0.00269,0.00265,0.00261
90,2,63,0.00469,0.00460,0.00454,0.00447,0.00439,0.00432,0.00425,0.00417,0.00409,0.00402,0.00396,0.00388,0.00382,0.00375,0.00369,0.00362,0.00355,0.00348,0.00343,0.00336,0.00330,0.00324,0.00318,0.00313,0.00308,0.00303,0.00299
90,2,64,0.00517,0.00511,0.00502,0.00494,0.00487,0.00479,0.00472,0.00464,0.00455,0.00447,0.00439,0.00433,0.00425,0.00418,0.00410,0.00403,0.00396,0.00388,0.00381,0.00375,0.00367,0.00361,0.00354,0.00347,0.00342,0.00336,0.00331
90,2,65,0.00589,0.00578,0.00571,0.00561,0.00553,0.00546,0.00536,0.00528,0.00520,0.00510,0.00501,0.00492,0.00485,0.00476,0.00469,0.00460,0.00452,0.00444,0.00436,0.00428,0.00421,0.00412,0.00405,0.00397,0.00390,0.00383,0.00377
90,2,66,0.00649,0.00639,0.00627,0.00620,0.00609,0.00601,0.00592,0.00582,0.00574,0.00565,0.00555,0.00544,0.00535,0.00528,0.00518,0.00510,0.00501,0.00492,0.00483,0.00474,0.00465,0.00457,0.00448,0.00441,0.00432,0.00424,0.00417
90,2,67,0.00711,0.00701,0.00690,0.00677,0.00670,0.00658,0.00649,0.00640,0.00630,0.00621,0.00611,0.00600,0.00589,0.00579,0.00571,0.00561,0.00552,0.00542,0.00533,0.00523,0.00513,0.00504,0.00496,0.00486,0.00478,0.00468,0.00459
90,2,68,0.00798,0.00786,0.00775,0.00763,0.00750,0.00742,0.00729,0.00719,0.00709,0.00698,0.00688,0.00677,0.00665,0.00653,0.00642,0.00633,0.00622,0.00612,0.00601,0.00591,0.00580,0.00570,0.00559,0.00550,0.00539,0.00530,0.00519
90,2,69,0.00874,0.00863,0.00850,0.00839,0.00826,0.00812,0.00802,0.00789,0.00778,0.00768,0.00755,0.00744,0.00733,0.00720,0.00707,0.00695,0.00685,0.00673,0.00662,0.00651,0.00639,0.00628,0.00617,0.00605,0.00595,0.00583,0.00573
90,2,70,0.00976,0.00963,0.00950,0.00937,0.00924,0.00910,0.00895,0.00884,0.00870,0.00858,0.00846,0.00832,0.00820,0.00807,0.00793,0.00780,0.00766,0.00755,0.00742,0.00730,0.00717,0.00705,0.00692,0.00680,0.00667,0.00656,0.00643
90,2,71,0.01086,0.01071,0.01056,0.01042,0.01027,0.01013,0.00998,0.00982,0.00970,0.00954,0.00941,0.00927,0.00912,0.00899,0.00884,0.00869,0.00854,0.00839,0.00827,0.00812,0.00799,0.00785,0.00771,0.00758,0.00744,0.00730,0.00717
90,2,72,0.01200,0.01185,0.01169,0.01153,0.01138,0.01121,0.01105,0.01089,0.01071,0.01058,0.01040,0.01025,0.01011,0.00994,0.00979,0.00963,0.00947,0.00930,0.00914,0.00900,0.00884,0.00869,0.00854,0.00839,0.00824,0.00808,0.00793
90,2,73,0.01349,0.01330,0.01314,0.01296,0.01278,0.01260,0.01242,0.01224,0.01206,0.01186,0.01171,0.01151,0.01135,0.01118,0.01099,0.01083,0.01065,0.01046,0.01028,0.01009,0.00994,0.00976,0.00960,0.00942,0.00925,0.00909,0.00892
90,2,74,0.01495,0.01477,0.01456,0.01437,0.01417,0.01398,0.01378,0.01358,0.01338,0.01318,0.01296,0.01280,0.01258,0.01239,0.01220,0.01200,0.01182,0.01162,0.01141,0.01121,0.01101,0.01084,0.01064,0.01046,0.01027,0.01008,0.00990
90,2,75,0.01676,0.01654,0.01634,0.01611,0.01590,0.01568,0.01546,0.01524,0.01501,0.01479,0.01457,0.01433,0.01414,0.01389,0.01369,0.01348,0.01325,0.01304,0.01282,0.01259,0.01237,0.01214,0.01196,0.01173,0.01153,0.01132,0.01111
90,2,76,0.01861,0.01838,0.01814,0.01791,0.01765,0.01742,0.01718,0.01693,0.01669,0.01643,0.01619,0.01595,0.01568,0.01546,0.01519,0.01497,0.01473,0.01448,0.01425,0.01401,0.01376,0.01351,0.01326,0.01305,0.01281,0.01259,0.01235
90,2,77,0.02099,0.02073,0.02047,0.02020,0.01994,0.01965,0.01939,0.01911,0.01883,0.01856,0.01827,0.01800,0.01772,0.01742,0.01718,0.01688,0.01662,0.01636,0.01608,0.01582,0.01555,0.01527,0.01499,0.01472,0.01448,0.01421,0.01396
90,2,78,0.02387,0.02358,0.02328,0.02298,0.02267,0.02237,0.02204,0.02174,0.02142,0.02111,0.02080,0.02047,0.02017,0.01985,0.01952,0.01924,0.01890,0.01861,0.01831,0.01800,0.01771,0.01740,0.01709,0.01679,0.01647,0.01621,0.01590
90,2,79,0.02688,0.02659,0.02625,0.02592,0.02558,0.02523,0.02490,0.02452,0.02418,0.02383,0.02347,0.02313,0.02277,0.02242,0.02207,0.02170,0.02139,0.02102,0.02069,0.02035,0.02000,0.01968,0.01934,0.01900,0.01866,0.01832,0.01802
300,1,0,0.00369,0.00366,0.00362,0.00359,0.00355,0.00352,0.00349,0.00345,0.00342,0.00339,0.00335,0.00332,0.00329,0.00326,0.00323,0.00320,0.00317,0.00313,0.00310,0.00308,0.00305,0.00302,0.00299,0.00296,0.00293,0.00290,0.00287
300,1,1,0.00035,0.00035,0.00035,0.00034,0.00034,0.00034,0.00033,0.00033,0.00033,0.00032,0.00032,0.00032,0.00032,0.00031,0.00031,0.00031,0.00030,0.00030,0.00030,0.00029,0.00029,0.00029,0.00029,0.00028,0.00028,0.00028,0.00028
300,1,2,0.00012,0.00012,0.00012,0.00012,0.00012,0.00012,0.00012,0.00012,0.00011,0.00011,0.00011,0.00011,0.00011,0.00011,0.00011,0.00011,0.00011,0.00011,0.00010,0.00010,0.00010,0.00010,0.00010,0.00010,0.00010,0.00010,0.00010
300,1,3,0.00009,0.00009,0.00009,0.00009,0.00009,0.00009,0.00009,0.00009,0.00008,0.00008,0.00008,0.00008,0.00008,0.00008,0.00008,0.00008,0.00008,0.00008,0.00008,0.00008,0.00008,0.00007,0.00007,0.00007,0.00007,0.00007,0.00007
300,1,4,0.00007,0.00007,0.00007,0.00007,0.00007,0.00007,0.00007,0.00007,0.00007,0.00007,0.00007,0.00007,0.00007,0.00006,0.00006,0.00006,0.00006,0.00006,0.00006,0.00006,0.00006,0.00006,0.00006,0.00006,0.00006,0.00006,0.00006
300,1,5,0.00006,0.00006,0.00006,0.00006,0.00006,0.00005,0.00005,0.00005,0.00005,0.00005,0.00005,0.00005,0.00005,0.00005,0.00005,0.00005,0.00005,0.00005,0.00005,0.00005,0.00005,0.00005,0.00005,0.00005,0.00005,0.00005,0.00004
300,1,6,0.00005,0.00005,0.00005,0.00005,0.00005,0.00005,0.00005,0.00005,0.00005,0.00005,0.00005,0.00005,0.00004,0.00004,0.00004,0.00004,0.00004,0.00004,0.00004,0.00004,0.00004,0.00004,0.00004,0.00004,0.00004,0.00004,0.00004
300,1,7,0.00005,0.00004,0.00004,0.00004,0.00004,0.00004,0.00004,0.00004,0.00004,0.00004,0.00004,0.00004,0.00004,0.00004,0.00004,0.00004,0.00004,0.00004,0.00004,0.00004,0.00004,0.00004,0.00004,0.00004,0.00004,0.00004,0.00004
300,1,8,0.00005,0.00005,0.00004,0.00004,0.00004,0.00004,0.00004,0.00004,0.00004,0.00004,0.00004,0.00004,0.00004,0.00004,0.00004,0.00004,0.00004,0.00004,0.00004,0.00004,0.00004,0.00004,0.00004,0.00004,0.00004,0.00004,0.00004
300,1,9,0.00004,0.00004,0.00004,0.00004,0.00004,0.00004,0.00004,0.00004,0.00004,0.00004,0.00004,0.00004,0.00004,0.00004,0.00004,0.00004,0.00004,0.00004,0.00004,0.00004,0.00004,0.00004,0.00004,0.00004,0.00004,0.00004,0.00003
300,1,10,0.00005,0.00005,0.00005,0.00005,0.00005,0.00005,0.00004,0.00004,0.00004,0.00004,0.00004,0.00004,0.00004,0.00004,0.00004,0.00004,0.00004,0.00004,0.00004,0.00004,0.00004,0.00004,0.00004,0.00004,0.00004,0.00004,0.00004
300,1,11,0.00006,0.00006,0.00006,0.00006,0.00005,0.00005,0.00005,0.00005,0.00005,0.00005,0.00005,0.00005,0.00005,0.00005,0.00005,0.00005,0.00005,0.00005,0.00005,0.00005,0.00005,0.00005,0.00005,0.00005,0.00004,0.00004,0.00004
300,1,12,0.00006,0.00006,0.00006,0.00006,0.00006,0.00006,0.00006,0.00006,0.00006,0.00006,0.00006,0.00006,0.00006,0.00006,0.00006,0.00006,0.00006,0.00005,0.00005,0.00005,0.00005,0.00005,0.00005,0.00005,0.00005,0.00005,0.00005
300,1,13,0.00008,0.00008,0.00008,0.00008,0.00008,0.00008,0.00008,0.00008,0.00008,0.00008,0.00008,0.00007,0.00007,0.00007,0.00007,0.00007,0.00007,0.00007,0.00007,0.00007,0.00007,0.00007,0.00007,0.00007,0.00007,0.00006,0.00006
300,1,14,0.00010,0.00010,0.00010,0.00010,0.00010,0.00010,0.00010,0.00010,0.00010,0.00009,0.00009,0.00009,0.00009,0.00009,0.00009,0.00009,0.00009,0.00009,0.00009,0.00009,0.00009,0.00008,0.00008,0.00008,0.00008,0.00008,0.00008
300,1,15,0.00014,0.00013,0.00013,0.00013,0.00013,0.00013,0.00013,0.00013,0.00013,0.00012,0.00012,0.00012,0.00012,0.00012,0.00012,0.00012,0.00012,0.00011,0.00011,0.00011,0.00011,0.00011,0.00011,0.00011,0.00011,0.00011,0.00011
300,1,16,0.00018,0.00018,0.00018,0.00017,0.00017,0.00017,0.00017,0.00017,0.00017,0.00016,0.00016,0.00016,0.00016,0.00016,0.00016,0.00015,0.00015,0.00015,0.00015,0.00015,0.00015,0.00015,0.00014,0.00014,0.00014,0.00014,0.00014
300,1,17,0.00025,0.00025,0.00024,0.00024,0.00024,0.00024,0.00024,0.00023,0.00023,0.00023,0.00023,0.00022,0.00022,0.00022,0.00022,0.00022,0.00021,0.00021,0.00021,0.00021,0.00021,0.00020,0.00020,0.00020,0.00020,0.00020,0.00019
300,1,18,0.00032,0.00032,0.00032,0.00031,0.00031,0.00031,0.00031,0.00030,0.00030,0.00030,0.00029,0.00029,0.00029,0.00029,0.00028,0.00028,0.00028,0.00027,0.00027,0.00027,0.00027,0.00026,0.00026,0.00026,0.00026,0.00025,0.00025
300,1,19,0.00041,0.00041,0.00041,0.00040,0.00040,0.00039,0.00039,0.00039,0.00038,0.00038,0.00038,0.00037,0.00037,0.00036,0.00036,0.00036,0.00035,0.00035,0.00035,0.00034,0.00034,0.00034,0.00033,0.00033,0.00033,0.00032,0.00032
300,1,20,0.00049,0.00049,0.00049,0.00048,0.00048,0.00047,0.00047,0.00046,0.00046,0.00045,0.00045,0.00044,0.00044,0.00044,0.00043,0.00043,0.00042,0.00042,0.00042,0.00041,0.00041,0.00040,0.00040,0.00040,0.00039,0.00039,0.00038
300,1,21,0.00056,0.00055,0.00055,0.00054,0.00054,0.00053,0.00053,0.00052,0.00052,0.00051,0.00051,0.00050,0.00050,0.00049,0.00049,0.00048,0.00048,0.00047,0.00047,0.00047,0.00046,0.00046,0.00045,0.00045,0.00044,0.00044,0.00044
300,1,22,0.00061,0.00061,0.00060,0.00059,0.00059,0.00058,0.00058,0.00057,0.00057,0.00056,0.00056,0.00055,0.00055,0.00054,0.00054,0.00053,0.00052,0.00052,0.00051,0.00051,0.00050,0.00050,0.00050,0.00049,0.00049,0.00048,0.00048
300,1,23,0.00066,0.00065,0.00065,0.00064,0.00063,0.00063,0.00062,0.00062,0.00061,0.00060,0.00060,0.00059,0.00059,0.00058,0.00058,0.00057,0.00056,0.00056,0.00055,0.00055,0.00054,0.00054,0.00053,0.00053,0.00052,0.00052,0.00051
300,1,24,0.00069,0.00068,0.00067,0.00067,0.00066,0.00065,0.00065,0.00064,0.00063,0.00063,0.00062,0.00062,0.00061,0.00060,0.00060,0.00059,0.00059,0.00058,0.00058,0.00057,0.00057,0.00056,0.00055,0.00055,0.00054,0.00054,0.00053
300,1,25,0.00071,0.00070,0.00069,0.00069,0.00068,0.00067,0.00067,0.00066,0.00065,0.00065,0.00064,0.00063,0.00063,0.00062,0.00062,0.00061,0.00060,0.00060,0.00059,0.00059,0.00058,0.00058,0.00057,0.00057,0.00056,0.00055,0.00055
300,1,26,0.00073,0.00072,0.00071,0.00071,0.00070,0.00069,0.00069,0.00068,0.00067,0.00067,0.00066,0.00065,0.00065,0.00064,0.00063,0.00063,0.00062,0.00062,0.00061,0.00060,0.00060,0.00059,0.00059,0.00058,0.00058,0.00057,0.00057
300,1,27,0.00074,0.00073,0.00072,0.00071,0.00071,0.00070,0.00069,0.00069,0.00068,0.00067,0.00067,0.00066,0.00066,0.00065,0.00064,0.00064,0.00063,0.00062,0.00062,0.00061,0.00061,0.00060,0.00060,0.00059,0.00058,0.00058,0.00057
300,1,28,0.00074,0.00074,0.00073,0.00072,0.00072,0.00071,0.00070,0.00069,0.00069,0.00068,0.00067,0.00067,0.00066,0.00066,0.00065,0.00064,0.00064,0.00063,0.00062,0.00062,0.00061,0.00061,0.00060,0.00060,0.00059,0.00058,0.00058
300,1,29,0.00074,0.00073,0.00073,0.00072,0.00071,0.00071,0.00070,0.00069,0.00069,0.00068,0.00067,0.00067,0.00066,0.00065,0.00065,0.00064,0.00064,0.00063,0.00062,0.00062,0.00061,0.00061,0.00060,0.00059,0.00059,0.00058,0.00058
300,1,30,0.00074,0.00074,0.00073,0.00072,0.00072,0.00071,0.00070,0.00070,0.00069,0.00068,0.00068,0.00067,0.00066,0.00066,0.00065,0.00064,0.00064,0.00063,0.00063,0.00062,0.00061,0.00061,0.00060,0.00060,0.00059,0.00058,0.00058
300,1,31,0.00075,0.00074,0.00074,0.00073,0.00072,0.00072,0.00071,0.00070,0.00070,0.00069,0.00068,0.00068,0.00067,0.00066,0.00066,0.00065,0.00064,0.00064,0.00063,0.00063,0.00062,0.00061,0.00061,0.00060,0.00060,0.00059,0.00059
300,1,32,0.00075,0.00074,0.00074,0.00073,0.00072,0.00071,0.00071,0.00070,0.00069,0.00069,0.00068,0.00067,0.00067,0.00066,0.00065,0.00065,0.00064,0.00064,0.00063,0.00062,0.00062,0.00061,0.00061,0.00060,0.00059,0.00059,0.00058
300,1,33,0.00075,0.00074,0.00074,0.00073,0.00072,0.00071,0.00071,0.00070,0.00069,0.00069,0.00068,0.00067,0.00067,0.00066,0.00065,0.00065,0.00064,0.00064,0.00063,0.00062,0.00062,0.00061,0.00061,0.00060,0.00059,0.00059,0.00058
300,1,34,0.00078,0.00078,0.00077,0.00076,0.00075,0.00075,0.00074,0.00073,0.00073,0.00072,0.00071,0.00070,0.00070,0.00069,0.00068,0.00068,0.00067,0.00067,0.00066,0.00065,0.00065,0.00064,0.00063,0.00063,0.00062,0.00062,0.00061
300,1,35,0.00080,0.00079,0.00078,0.00077,0.00077,0.00076,0.00075,0.00074,0.00074,0.00073,0.00072,0.00072,0.00071,0.00070,0.00070,0.00069,0.00068,0.00068,0.00067,0.00066,0.00066,0.00065,0.00064,0.00064,0.00063,0.00063,0.00062
300,1,36,0.00081,0.00080,0.00079,0.00078,0.00078,0.00077,0.00076,0.00075,0.00075,0.00074,0.00073,0.00072,0.00072,0.00071,0.00070,0.00069,0.00069,0.00068,0.00067,0.00067,0.00066,0.00065,0.00065,0.00064,0.00064,0.00063,0.00062
300,1,37,0.00083,0.00082,0.00082,0.00081,0.00080,0.00079,0.00078,0.00077,0.00076,0.00076,0.00075,0.00074,0.00073,0.00073,0.00072,0.00071,0.00070,0.00070,0.00069,0.00068,0.00068,0.00067,0.00066,0.00066,0.00065,0.00064,0.00064
300,1,38,0.00087,0.00086,0.00085,0.00084,0.00083,0.00082,0.00081,0.00081,0.00080,0.00079,0.00078,0.00077,0.00076,0.00075,0.00075,0.00074,0.00073,0.00072,0.00072,0.00071,0.00070,0.00069,0.00069,0.00068,0.00067,0.00067,0.00066
300,1,39,0.00089,0.00088,0.00087,0.00086,0.00085,0.00084,0.00083,0.00082,0.00081,0.00080,0.00079,0.00078,0.00078,0.00077,0.00076,0.00075,0.00074,0.00073,0.00073,0.00072,0.00071,0.00070,0.00070,0.00069,0.00068,0.00068,0.00067
300,1,40,0.00094,0.00093,0.00092,0.00090,0.00089,0.00088,0.00087,0.00086,0.00085,0.00084,0.00083,0.00082,0.00081,0.00080,0.00079,0.00078,0.00077,0.00076,0.00076,0.00075,0.00074,0.00073,0.00073,0.00072,0.00071,0.00070,0.00070
300,1,41,0.00099,0.00098,0.00097,0.00095,0.00094,0.00093,0.00091,0.00090,0.00089,0.00088,0.00087,0.00086,0.00085,0.00084,0.00083,0.00082,0.00081,0.00080,0.00079,0.00078,0.00077,0.00077,0.00076,0.00075,0.00074,0.00074,0.00073
300,1,42,0.00106,0.00105,0.00103,0.00102,0.00100,0.00099,0.00098,0.00096,0.00095,0.00094,0.00093,0.00091,0.00090,0.00089,0.00088,0.00087,0.00086,0.00085,0.00084,0.00083,0.00082,0.00081,0.00081,0.00080,0.00079,0.00078,0.00077
300,1,43,0.00112,0.00110,0.00109,0.00107,0.00105,0.00104,0.00102,0.00101,0.00099,0.00098,0.00097,0.00096,0.00094,0.00093,0.00092,0.00091,0.00090,0.00089,0.00088,0.00087,0.00086,0.00085,0.00084,0.00083,0.00082,0.00081,0.00081
300,1,44,0.00119,0.00117,0.00116,0.00114,0.00112,0.00110,0.00109,0.00107,0.00106,0.00104,0.00103,0.00101,0.00100,0.00099,0.00097,0.00096,0.00095,0.00094,0.00093,0.00092,0.00091,0.00090,0.00089,0.00088,0.00087,0.00086,0.00085
300,1,45,0.00129,0.00126,0.00124,0.00122,0.00120,0.00118,0.00117,0.00115,0.00113,0.00112,0.00110,0.00108,0.00107,0.00105,0.00104,0.00103,0.00101,0.00100,0.00099,0.00098,0.00097,0.00096,0.00095,0.00094,0.00093,0.00092,0.00091
300,1,46,0.00140,0.00137,0.00135,0.00133,0.00130,0.00128,0.00126,0.00124,0.00122,0.00120,0.00119,0.00117,0.00115,0.00114,0.00112,0.00111,0.00109,0.00108,0.00106,0.00105,0.00104,0.00103,0.00101,0.00100,0.00099,0.00098,0.00097
300,1,47,0.00152,0.00150,0.00147,0.00144,0.00142,0.00140,0.00137,0.00135,0.00133,0.00131,0.00129,0.00127,0.00125,0.00123,0.00121,0.00120,0.00118,0.00117,0.00115,0.00114,0.00112,0.00111,0.00110,0.00108,0.00107,0.00106,0.00105
300,1,48,0.00162,0.00159,0.00156,0.00153,0.00151,0.00148,0.00146,0.00143,0.00141,0.00139,0.00137,0.00135,0.00132,0.00131,0.00129,0.00127,0.00125,0.00123,0.00122,0.00120,0.00119,0.00117,0.00116,0.00114,0.00113,0.00112,0.00111
300,1,49,0.00173,0.00170,0.00167,0.00164,0.00161,0.00158,0.00155,0.00153,0.00150,0.00148,0.00146,0.00143,0.00141,0.00139,0.00137,0.00135,0.00133,0.00131,0.00129,0.00128,0.00126,0.00124,0.00123,0.00121,0.00120,0.00119,0.00117
300,1,50,0.00190,0.00186,0.00183,0.00179,0.00176,0.00173,0.00170,0.00167,0.00164,0.00162,0.00159,0.00157,0.00154,0.00152,0.00150,0.00147,0.00145,0.00143,0.00141,0.00139,0.00137,0.00136,0.00134,0.00132,0.00131,0.00129,0.00128
300,1,51,0.00205,0.00201,0.00198,0.00194,0.00190,0.00187,0.00184,0.00181,0.00178,0.00175,0.00172,0.00169,0.00166,0.00164,0.00161,0.00159,0.00156,0.00154,0.00152,0.00150,0.00148,0.00146,0.00144,0.00142,0.00140,0.00138,0.00137
300,1,52,0.00217,0.00213,0.00208,0.00205,0.00201,0.00197,0.00194,0.00190,0.00187,0.00184,0.00181,0.00178,0.00175,0.00172,0.00169,0.00167,0.00164,0.00162,0.00160,0.00157,0.00155,0.00153,0.00151,0.00149,0.00147,0.00145,0.00143
300,1,53,0.00247,0.00242,0.00237,0.00233,0.00228,0.00224,0.00220,0.00216,0.00212,0.00209,0.00205,0.00202,0.00198,0.00195,0.00192,0.00189,0.00186,0.00183,0.00181,0.00178,0.00175,0.00173,0.00171,0.00168,0.00166,0.00164,0.00162
300,1,54,0.00276,0.00271,0.00266,0.00261,0.00256,0.00251,0.00246,0.00242,0.00238,0.00233,0.00229,0.00226,0.00222,0.00218,0.00214,0.00211,0.00208,0.00204,0.00201,0.00198,0.00195,0.00193,0.00190,0.00187,0.00185,0.00182,0.00180
300,1,55,0.00300,0.00294,0.00288,0.00283,0.00277,0.00272,0.00267,0.00262,0.00258,0.00253,0.00248,0.00244,0.00240,0.00236,0.00232,0.00228,0.00225,0.00221,0.00218,0.00214,0.00211,0.00208,0.00205,0.00202,0.00199,0.00196,0.00193
300,1,56,0.00337,0.00330,0.00324,0.00318,0.00311,0.00305,0.00300,0.00294,0.00289,0.00283,0.00278,0.00273,0.00269,0.00264,0.00260,0.00255,0.00251,0.00247,0.00243,0.00239,0.00236,0.00232,0.00228,0.00225,0.00222,0.00219,0.00216
300,1,57,0.00370,0.00363,0.00355,0.00348,0.00341,0.00335,0.00328,0.00322,0.00316,0.00310,0.00305,0.00299,0.00294,0.00289,0.00284,0.00279,0.00274,0.00270,0.00265,0.00261,0.00257,0.00253,0.00249,0.00245,0.00242,0.00238,0.00235
300,1,58,0.00401,0.00392,0.00384,0.00377,0.00369,0.00362,0.00355,0.00348,0.00342,0.00335,0.00329,0.00323,0.00317,0.00311,0.00306,0.00301,0.00296,0.00291,0.00286,0.00281,0.00276,0.00272,0.00268,0.00264,0.00259,0.00256,0.00252
300,1,59,0.00456,0.00447,0.00437,0.00429,0.00420,0.00412,0.00404,0.00396,0.00388,0.00381,0.00374,0.00367,0.00360,0.00354,0.00347,0.00341,0.00335,0.00329,0.00324,0.00318,0.00313,0.00308,0.00303,0.00298,0.00293,0.00289,0.00285
300,1,60,0.00497,0.00486,0.00476,0.00467,0.00457,0.00448,0.00439,0.00431,0.00422,0.00414,0.00407,0.00399,0.00391,0.00384,0.00377,0.00371,0.00364,0.00358,0.00351,0.00345,0.00340,0.00334,0.00328,0.00323,0.00318,0.00313,0.00308
300,1,61,0.00555,0.00544,0.00533,0.00522,0.00511,0.00501,0.00491,0.00481,0.00472,0.00463,0.00454,0.00446,0.00437,0.00429,0.00421,0.00414,0.00406,0.00399,0.00392,0.00385,0.00378,0.00372,0.00366,0.00360,0.00354,0.00348,0.00342
300,1,62,0.00611,0.00598,0.00586,0.00574,0.00562,0.00551,0.00540,0.00529,0.00519,0.00509,0.00499,0.00489,0.00480,0.00471,0.00462,0.00454,0.00446,0.00438,0.00430,0.00422,0.00415,0.00408,0.00401,0.00394,0.00387,0.00381,0.00374
300,1,63,0.00680,0.00666,0.00652,0.00639,0.00626,0.00613,0.00601,0.00589,0.00578,0.00566,0.00556,0.00545,0.00535,0.00524,0.00515,0.00505,0.00496,0.00487,0.00478,0.00469,0.00461,0.00453,0.00445,0.00437,0.00430,0.00422,0.00415
300,1,64,0.00757,0.00741,0.00726,0.00712,0.00697,0.00683,0.00670,0.00656,0.00643,0.00631,0.00619,0.00607,0.00595,0.00584,0.00573,0.00562,0.00552,0.00541,0.00531,0.00522,0.00512,0.00503,0.00494,0.00485,0.00477,0.00469,0.00460
300,1,65,0.00850,0.00833,0.00816,0.00799,0.00783,0.00767,0.00752,0.00737,0.00723,0.00709,0.00695,0.00681,0.00668,0.00656,0.00643,0.00631,0.00619,0.00608,0.00597,0.00586,0.00575,0.00565,0.00555,0.00545,0.00535,0.00526,0.00517
300,1,66,0.00938,0.00919,0.00900,0.00882,0.00864,0.00847,0.00830,0.00813,0.00797,0.00782,0.00766,0.00752,0.00737,0.00723,0.00709,0.00696,0.00683,0.00670,0.00658,0.00646,0.00634,0.00622,0.00611,0.00600,0.00589,0.00579,0.00569
300,1,67,0.01034,0.01012,0.00992,0.00972,0.00952,0.00933,0.00914,0.00896,0.00878,0.00861,0.00844,0.00828,0.00812,0.00797,0.00781,0.00767,0.00752,0.00738,0.00725,0.00711,0.00699,0.00686,0.00674,0.00662,0.00650,0.00638,0.00627
300,1,68,0.01109,0.01086,0.01064,0.01042,0.01021,0.01001,0.00981,0.00961,0.00942,0.00924,0.00906,0.00888,0.00871,0.00854,0.00838,0.00822,0.00807,0.00792,0.00777,0.00763,0.00749,0.00736,0.00722,0.00710,0.00697,0.00685,0.00673
300,1,69,0.01235,0.01210,0.01185,0.01161,0.01137,0.01114,0.01092,0.01070,0.01049,0.01028,0.01008,0.00989,0.00969,0.00951,0.00933,0.00915,0.00898,0.00881,0.00865,0.00849,0.00834,0.00819,0.00804,0.00790,0.00776,0.00762,0.00749
300,1,70,0.01375,0.01347,0.01319,0.01292,0.01265,0.01240,0.01215,0.01191,0.01167,0.01144,0.01121,0.01100,0.01078,0.01058,0.01038,0.01018,0.00999,0.00980,0.00962,0.00944,0.00927,0.00910,0.00894,0.00878,0.00862,0.00847,0.00832
300,1,71,0.01499,0.01468,0.01438,0.01408,0.01379,0.01351,0.01324,0.01297,0.01271,0.01246,0.01222,0.01198,0.01175,0.01152,0.01130,0.01109,0.01088,0.01067,0.01047,0.01028,0.01009,0.00991,0.00973,0.00956,0.00939,0.00922,0.00906
300,1,72,0.01670,0.01636,0.01602,0.01568,0.01536,0.01505,0.01475,0.01445,0.01416,0.01388,0.01361,0.01334,0.01308,0.01283,0.01258,0.01234,0.01211,0.01188,0.01166,0.01144,0.01123,0.01103,0.01083,0.01064,0.01045,0.01026,0.01008
300,1,73,0.01828,0.01790,0.01753,0.01716,0.01681,0.01647,0.01614,0.01581,0.01549,0.01519,0.01489,0.01459,0.01431,0.01403,0.01376,0.01350,0.01325,0.01300,0.01275,0.01252,0.01229,0.01206,0.01184,0.01163,0.01142,0.01122,0.01102
300,1,74,0.02073,0.02029,0.01987,0.01946,0.01906,0.01868,0.01830,0.01793,0.01757,0.01722,0.01688,0.01655,0.01623,0.01592,0.01561,0.01531,0.01502,0.01474,0.01446,0.01420,0.01393,0.01368,0.01343,0.01319,0.01295,0.01272,0.01250
300,1,75,0.02328,0.02280,0.02233,0.02187,0.02142,0.02099,0.02056,0.02015,0.01975,0.01936,0.01898,0.01861,0.01825,0.01789,0.01755,0.01722,0.01689,0.01657,0.01626,0.01596,0.01567,0.01538,0.01510,0.01483,0.01457,0.01431,0.01405
300,1,76,0.02603,0.02550,0.02497,0.02447,0.02397,0.02349,0.02302,0.02256,0.02211,0.02168,0.02125,0.02084,0.02044,0.02005,0.01967,0.01929,0.01893,0.01858,0.01823,0.01789,0.01757,0.01725,0.01693,0.01663,0.01633,0.01604,0.01576
300,1,77,0.02954,0.02894,0.02835,0.02778,0.02723,0.02668,0.02616,0.02564,0.02514,0.02465,0.02417,0.02371,0.02326,0.02281,0.02238,0.02196,0.02155,0.02115,0.02076,0.02038,0.02001,0.01965,0.01929,0.01895,0.01861,0.01829,0.01796
300,1,78,0.03348,0.03281,0.03215,0.03152,0.03089,0.03029,0.02970,0.02912,0.02856,0.02801,0.02748,0.02696,0.02645,0.02595,0.02547,0.02500,0.02453,0.02408,0.02365,0.02322,0.02280,0.02239,0.02199,0.02160,0.02122,0.02085,0.02049
300,1,79,0.03748,0.03675,0.03603,0.03533,0.03465,0.03398,0.03333,0.03270,0.03208,0.03148,0.03089,0.03031,0.02975,0.02920,0.02867,0.02814,0.02763,0.02714,0.02665,0.02617,0.02571,0.02525,0.02481,0.02438,0.02395,0.02354,0.02314
300,2,0,0.00317,0.00314,0.00311,0.00308,0.00305,0.00303,0.00300,0.00297,0.00294,0.00291,0.00288,0.00286,0.00283,0.00280,0.00277,0.00275,0.00272,0.00269,0.00267,0.00264,0.00262,0.00259,0.00257,0.00254,0.00252,0.00249,0.00247
300,2,1,0.00029,0.00029,0.00029,0.00029,0.00028,0.00028,0.00028,0.00027,0.00027,0.00027,0.00027,0.00026,0.00026,0.00026,0.00026,0.00025,0.00025,0.00025,0.00025,0.00024,0.00024,0.00024,0.00024,0.00024,0.00023,0.00023,0.00023
300,2,2,0.00010,0.00010,0.00010,0.00009,0.00009,0.00009,0.00009,0.00009,0.00009,0.00009,0.00009,0.00009,0.00009,0.00009,0.00008,0.00008,0.00008,0.00008,0.00008,0.00008,0.00008,0.00008,0.00008,0.00008,0.00008,0.00008,0.00008
300,2,3,0.00007,0.00007,0.00007,0.00007,0.00007,0.00007,0.00007,0.00007,0.00007,0.00007,0.00007,0.00007,0.00006,0.00006,0.00006,0.00006,0.00006,0.00006,0.00006,0.00006,0.00006,0.00006,0.00006,0.00006,0.00006,0.00006,0.00006
300,2,4,0.00006,0.00006,0.00006,0.00006,0.00006,0.00006,0.00006,0.00006,0.00006,0.00006,0.00006,0.00006,0.00006,0.00006,0.00005,0.00005,0.00005,0.00005,0.00005,0.00005,0.00005,0.00005,0.00005,0.00005,0.00005,0.00005,0.00005
300,2,5,0.00005,0.00005,0.00005,0.00005,0.00005,0.00005,0.00005,0.00005,0.00005,0.00004,0.00004,0.00004,0.00004,0.00004,0.00004,0.00004,0.00004,0.00004,0.00004,0.00004,0.00004,0.00004,0.00004,0.00004,0.00004,0.00004,0.00004
300,2,6,0.00004,0.00004,0.00004,0.00004,0.00004,0.00004,0.00004,0.00004,0.00004,0.00004,0.00004,0.00004,0.00004,0.00004,0.00004,0.00004,0.00004,0.00004,0.00004,0.00004,0.00004,0.00003,0.00003,0.00003,0.00003,0.00003,0.00003
300,2,7,0.00004,0.00004,0.00004,0.00004,0.00004,0.00004,0.00004,0.00004,0.00004,0.00003,0.00003,0.00003,0.00003,0.00003,0.00003,0.00003,0.00003,0.00003,0.00003,0.00003,0.00003,0.00003,0.00003,0.00003,0.00003,0.00003,0.00003
300,2,8,0.00003,0.00003,0.00003,0.00003,0.00003,0.00003,0.00003,0.00003,0.00003,0.00003,0.00003,0.00003,0.00003,0.00003,0.00003,0.00003,0.00003,0.00003,0.00003,0.00003,0.00003,0.00003,0.00003,0.00003,0.00003,0.00003,0.00003
300,2,9,0.00003,0.00003,0.00003,0.00003,0.00003,0.00003,0.00003,0.00003,0.00003,0.00003,0.00003,0.00003,0.00003,0.00003,0.00003,0.00003,0.00003,0.00003,0.00003,0.00003,0.00003,0.00003,0.00003,0.00003,0.00003,0.00003,0.00002
300,2,10,0.00003,0.00003,0.00003,0.00003,0.00003,0.00003,0.00003,0.00003,0.00003,0.00003,0.00003,0.00003,0.00003,0.00003,0.00003,0.00003,0.00003,0.00003,0.00003,0.00003,0.00003,0.00003,0.00003,0.00003,0.00003,0.00003,0.00003
300,2,11,0.00004,0.00004,0.00003,0.00003,0.00003,0.00003,0.00003,0.00003,0.00003,0.00003,0.00003,0.00003,0.00003,0.00003,0.00003,0.00003,0.00003,0.00003,0.00003,0.00003,0.00003,0.00003,0.00003,0.00003,0.00003,0.00003,0.00003
300,2,12,0.00004,0.00004,0.00004,0.00004,0.00004,0.00004,0.00004,0.00004,0.00004,0.00004,0.00004,0.00004,0.00004,0.00004,0.00004,0.00004,0.00004,0.00003,0.00003,0.00003,0.00003,0.00003,0.00003,0.00003,0.00003,0.00003,0.00003
300,2,13,0.00005,0.00005,0.00005,0.00005,0.00005,0.00005,0.00005,0.00005,0.00005,0.00005,0.00005,0.00005,0.00005,0.00005,0.00005,0.00005,0.00005,0.00005,0.00005,0.00005,0.00004,0.00004,0.00004,0.00004,0.00004,0.00004,0.00004
300,2,14,0.00006,0.00006,0.00006,0.00006,0.00006,0.00006,0.00006,0.00006,0.00006,0.00006,0.00006,0.00006,0.00006,0.00006,0.00006,0.00006,0.00006,0.00006,0.00005,0.00005,0.00005,0.00005,0.00005,0.00005,0.00005,0.00005,0.00005
300,2,15,0.00009,0.00008,0.00008,0.00008,0.00008,0.00008,0.00008,0.00008,0.00008,0.00008,0.00008,0.00008,0.00008,0.00008,0.00007,0.00007,0.00007,0.00007,0.00007,0.00007,0.00007,0.00007,0.00007,0.00007,0.00007,0.00007,0.00007
300,2,16,0.00011,0.00011,0.00010,0.00010,0.00010,0.00010,0.00010,0.00010,0.00010,0.00010,0.00010,0.00010,0.00009,0.00009,0.00009,0.00009,0.00009,0.00009,0.00009,0.00009,0.00009,0.00009,0.00009,0.00009,0.00008,0.00008,0.00008
300,2,17,0.00013,0.00013,0.00013,0.00013,0.00013,0.00013,0.00013,0.00012,0.00012,0.00012,0.00012,0.00012,0.00012,0.00012,0.00012,0.00012,0.00011,0.00011,0.00011,0.00011,0.00011,0.00011,0.00011,0.00011,0.00011,0.00010,0.00010
300,2,18,0.00016,0.00015,0.00015,0.00015,0.00015,0.00015,0.00015,0.00015,0.00014,0.00014,0.00014,0.00014,0.00014,0.00014,0.00014,0.00014,0.00013,0.00013,0.00013,0.00013,0.00013,0.00013,0.00013,0.00013,0.00012,0.00012,0.00012
300,2,19,0.00018,0.00018,0.00018,0.00018,0.00018,0.00018,0.00017,0.00017,0.00017,0.00017,0.00017,0.00017,0.00016,0.00016,0.00016,0.00016,0.00016,0.00016,0.00015,0.00015,0.00015,0.00015,0.00015,0.00015,0.00015,0.00014,0.00014
300,2,20,0.00020,0.00020,0.00020,0.00019,0.00019,0.00019,0.00019,0.00019,0.00018,0.00018,0.00018,0.00018,0.00018,0.00018,0.00017,0.00017,0.00017,0.00017,0.00017,0.00017,0.00016,0.00016,0.00016,0.00016,0.00016,0.00016,0.00016
300,2,21,0.00022,0.00022,0.00022,0.00021,0.00021,0.00021,0.00021,0.00020,0.00020,0.00020,0.00020,0.00020,0.00020,0.00019,0.00019,0.00019,0.00019,0.00019,0.00018,0.00018,0.00018,0.00018,0.00018,0.00018,0.00017,0.00017,0.00017
300,2,22,0.00023,0.00023,0.00023,0.00022,0.00022,0.00022,0.00022,0.00021,0.00021,0.00021,0.00021,0.00021,0.00020,0.00020,0.00020,0.00020,0.00020,0.00019,0.00019,0.00019,0.00019,0.00019,0.00019,0.00018,0.00018,0.00018,0.00018
300,2,23,0.00024,0.00024,0.00023,0.00023,0.00023,0.00023,0.00022,0.00022,0.00022,0.00022,0.00022,0.00021,0.00021,0.00021,0.00021,0.00021,0.00020,0.00020,0.00020,0.00020,0.00020,0.00019,0.00019,0.00019,0.00019,0.00019,0.00018
300,2,24,0.00024,0.00024,0.00024,0.00024,0.00024,0.00023,0.00023,0.00023,0.00023,0.00022,0.00022,0.00022,0.00022,0.00022,0.00021,0.00021,0.00021,0.00021,0.00021,0.00020,0.00020,0.00020,0.00020,0.00020,0.00019,0.00019,0.00019
300,2,25,0.00026,0.00026,0.00025,0.00025,0.00025,0.00025,0.00024,0.00024,0.00024,0.00024,0.00023,0.00023,0.00023,0.00023,0.00022,0.00022,0.00022,0.00022,0.00022,0.00021,0.00021,0.00021,0.00021,0.00021,0.00020,0.00020,0.00020
300,2,26,0.00026,0.00026,0.00026,0.00026,0.00025,0.00025,0.00025,0.00025,0.00024,0.00024,0.00024,0.00024,0.00023,0.00023,0.00023,0.00023,0.00023,0.00022,0.00022,0.00022,0.00022,0.00021,0.00021,0.00021,0.00021,0.00021,0.00020
300,2,27,0.00027,0.00027,0.00026,0.00026,0.00026,0.00026,0.00025,0.00025,0.00025,0.00025,0.00024,0.00024,0.00024,0.00024,0.00023,0.00023,0.00023,0.00023,0.00023,0.00022,0.00022,0.00022,0.00022,0.00021,0.00021,0.00021,0.00021
300,2,28,0.00028,0.00028,0.00028,0.00027,0.00027,0.00027,0.00027,0.00026,0.00026,0.00026,0.00026,0.00025,0.00025,0.00025,0.00025,0.00024,0.00024,0.00024,0.00024,0.00023,0.00023,0.00023,0.00023,0.00023,0.00022,0.00022,0.00022
300,2,29,0.00030,0.00029,0.00029,0.00029,0.00028,0.00028,0.00028,0.00028,0.00027,0.00027,0.00027,0.00027,0.00026,0.00026,0.00026,0.00026,0.00025,0.00025,0.00025,0.00025,0.00024,0.00024,0.00024,0.00024,0.00023,0.00023,0.00023
300,2,30,0.00031,0.00031,0.00030,0.00030,0.00030,0.00030,0.00029,0.00029,0.00029,0.00028,0.00028,0.00028,0.00028,0.00027,0.00027,0.00027,0.00027,0.00026,0.00026,0.00026,0.00026,0.00025,0.00025,0.00025,0.00025,0.00024,0.00024
300,2,31,0.00033,0.00032,0.00032,0.00032,0.00032,0.00031,0.00031,0.00031,0.00030,0.00030,0.00030,0.00029,0.00029,0.00029,0.00029,0.00028,0.00028,0.00028,0.00028,0.00027,0.00027,0.00027,0.00027,0.00026,0.00026,0.00026,0.00025
300,2,32,0.00034,0.00034,0.00034,0.00033,0.00033,0.00033,0.00032,0.00032,0.00032,0.00031,0.00031,0.00031,0.00031,0.00030,0.00030,0.00030,0.00029,0.00029,0.00029,0.00029,0.00028,0.00028,0.00028,0.00027,0.00027,0.00027,0.00027
300,2,33,0.00036,0.00036,0.00036,0.00035,0.00035,0.00035,0.00034,0.00034,0.00034,0.00033,0.00033,0.00033,0.00032,0.00032,0.00032,0.00031,0.00031,0.00031,0.00031,0.00030,0.00030,0.00030,0.00029,0.00029,0.00029,0.00029,0.00028
300,2,34,0.00038,0.00038,0.00037,0.00037,0.00037,0.00036,0.00036,0.00036,0.00035,0.00035,0.00035,0.00034,0.00034,0.00034,0.00033,0.00033,0.00033,0.00032,0.00032,0.00032,0.00031,0.00031,0.00031,0.00030,0.00030,0.00030,0.00030
300,2,35,0.00040,0.00039,0.00039,0.00039,0.00038,0.00038,0.00038,0.00037,0.00037,0.00036,0.00036,0.00036,0.00035,0.00035,0.00035,0.00034,0.00034,0.00034,0.00033,0.00033,0.00033,0.00032,0.00032,0.00032,0.00032,0.00031,0.00031
300,2,36,0.00041,0.00041,0.00041,0.00040,0.00040,0.00039,0.00039,0.00039,0.00038,0.00038,0.00037,0.00037,0.00037,0.00036,0.00036,0.00036,0.00035,0.00035,0.00034,0.00034,0.00034,0.00033,0.00033,0.00033,0.00033,0.00032,0.00032
300,2,37,0.00044,0.00044,0.00043,0.00043,0.00043,0.00042,0.00042,0.00041,0.00041,0.00040,0.00040,0.00039,0.00039,0.00039,0.00038,0.00038,0.00037,0.00037,0.00037,0.00036,0.00036,0.00036,0.00035,0.00035,0.00035,0.00034,0.00034
300,2,38,0.00047,0.00046,0.00046,0.00045,0.00045,0.00044,0.00044,0.00043,0.00043,0.00042,0.00042,0.00041,0.00041,0.00041,0.00040,0.00040,0.00039,0.00039,0.00038,0.00038,0.00038,0.00037,0.00037,0.00037,0.00036,0.00036,0.00035
300,2,39,0.00050,0.00049,0.00049,0.00048,0.00048,0.00047,0.00046,0.00046,0.00045,0.00045,0.00044,0.00044,0.00043,0.00043,0.00042,0.00042,0.00041,0.00041,0.00041,0.00040,0.00040,0.00039,0.00039,0.00038,0.00038,0.00038,0.00037
300,2,40,0.00054,0.00053,0.00053,0.00052,0.00051,0.00051,0.00050,0.00049,0.00049,0.00048,0.00048,0.00047,0.00046,0.00046,0.00045,0.00045,0.00044,0.00044,0.00043,0.00043,0.00043,0.00042,0.00042,0.00041,0.00041,0.00040,0.00040
300,2,41,0.00058,0.00057,0.00056,0.00056,0.00055,0.00054,0.00054,0.00053,0.00052,0.00052,0.00051,0.00050,0.00050,0.00049,0.00048,0.00048,0.00047,0.00047,0.00046,0.00046,0.00045,0.00045,0.00044,0.00044,0.00044,0.00043,0.00043
300,2,42,0.00062,0.00061,0.00060,0.00060,0.00059,0.00058,0.00057,0.00056,0.00056,0.00055,0.00054,0.00053,0.00053,0.00052,0.00052,0.00051,0.00050,0.00050,0.00049,0.00049,0.00048,0.00048,0.00047,0.00047,0.00046,0.00046,0.00045
300,2,43,0.00068,0.00067,0.00066,0.00065,0.00064,0.00063,0.00062,0.00061,0.00060,0.00060,0.00059,0.00058,0.00057,0.00057,0.00056,0.00055,0.00055,0.00054,0.00053,0.00053,0.00052,0.00052,0.00051,0.00050,0.00050,0.00049,0.00049
300,2,44,0.00075,0.00074,0.00073,0.00072,0.00071,0.00070,0.00069,0.00068,0.00067,0.00066,0.00065,0.00064,0.00063,0.00062,0.00061,0.00061,0.00060,0.00059,0.00058,0.00058,0.00057,0.00057,0.00056,0.00055,0.00055,0.00054,0.00054
300,2,45,0.00083,0.00081,0.00080,0.00079,0.00077,0.00076,0.00075,0.00074,0.00073,0.00072,0.00071,0.00070,0.00069,0.00068,0.00067,0.00066,0.00065,0.00064,0.00064,0.00063,0.00062,0.00062,0.00061,0.00060,0.00060,0.00059,0.00058
300,2,46,0.00092,0.00090,0.00089,0.00087,0.00086,0.00084,0.00083,0.00082,0.00080,0.00079,0.00078,0.00077,0.00076,0.00075,0.00074,0.00073,0.00072,0.00071,0.00070,0.00069,0.00068,0.00068,0.00067,0.00066,0.00065,0.00065,0.00064
300,2,47,0.00102,0.00101,0.00099,0.00097,0.00095,0.00094,0.00092,0.00091,0.00089,0.00088,0.00087,0.00085,0.00084,0.00083,0.00082,0.00081,0.00080,0.00078,0.00077,0.00077,0.00076,0.00075,0.00074,0.00073,0.00072,0.00071,0.00071
300,2,48,0.00111,0.00109,0.00107,0.00105,0.00103,0.00101,0.00100,0.00098,0.00097,0.00095,0.00094,0.00092,0.00091,0.00090,0.00088,0.00087,0.00086,0.00085,0.00084,0.00082,0.00081,0.00080,0.00079,0.00079,0.00078,0.00077,0.00076
300,2,49,0.00120,0.00118,0.00116,0.00114,0.00112,0.00110,0.00108,0.00106,0.00105,0.00103,0.00101,0.00100,0.00098,0.00097,0.00095,0.00094,0.00093,0.00091,0.00090,0.00089,0.00088,0.00087,0.00086,0.00085,0.00084,0.00083,0.00082
300,2,50,0.00127,0.00125,0.00123,0.00121,0.00119,0.00117,0.00115,0.00113,0.00111,0.00109,0.00107,0.00106,0.00104,0.00103,0.00101,0.00100,0.00098,0.00097,0.00096,0.00094,0.00093,0.00092,0.00091,0.00090,0.00088,0.00087,0.00086
300,2,51,0.00139,0.00136,0.00134,0.00132,0.00129,0.00127,0.00125,0.00123,0.00121,0.00119,0.00117,0.00115,0.00113,0.00112,0.00110,0.00108,0.00107,0.00105,0.00104,0.00102,0.00101,0.00100,0.00098,0.00097,0.00096,0.00095,0.00094
300,2,52,0.00150,0.00147,0.00145,0.00142,0.00140,0.00137,0.00135,0.00133,0.00131,0.00128,0.00126,0.00124,0.00122,0.00121,0.00119,0.00117,0.00115,0.00114,0.00112,0.00110,0.00109,0.00107,0.00106,0.00105,0.00103,0.00102,0.00101
300,2,53,0.00163,0.00160,0.00157,0.00154,0.00152,0.00149,0.00146,0.00144,0.00142,0.00139,0.00137,0.00135,0.00133,0.00131,0.00129,0.00127,0.00125,0.00123,0.00121,0.00119,0.00118,0.00116,0.00115,0.00113,0.00112,0.00110,0.00109
300,2,54,0.00182,0.00179,0.00176,0.00173,0.00170,0.00167,0.00164,0.00161,0.00158,0.00156,0.00153,0.00151,0.00148,0.00146,0.00144,0.00142,0.00139,0.00137,0.00135,0.00133,0.00131,0.00130,0.00128,0.00126,0.00124,0.00123,0.00121
300,2,55,0.00199,0.00195,0.00192,0.00188,0.00185,0.00182,0.00179,0.00175,0.00173,0.00170,0.00167,0.00164,0.00162,0.00159,0.00156,0.00154,0.00152,0.00149,0.00147,0.00145,0.00143,0.00141,0.00139,0.00137,0.00135,0.00133,0.00131
300,2,56,0.00228,0.00224,0.00220,0.00216,0.00212,0.00208,0.00205,0.00201,0.00198,0.00194,0.00191,0.00188,0.00185,0.00182,0.00179,0.00176,0.00174,0.00171,0.00168,0.00166,0.00163,0.00161,0.00158,0.00156,0.00154,0.00152,0.00150
300,2,57,0.00252,0.00247,0.00243,0.00239,0.00234,0.00230,0.00226,0.00222,0.00219,0.00215,0.00211,0.00208,0.00204,0.00201,0.00198,0.00195,0.00192,0.00189,0.00186,0.00183,0.00180,0.00177,0.00175,0.00172,0.00169,0.00167,0.00164
300,2,58,0.00285,0.00280,0.00275,0.00270,0.00265,0.00261,0.00256,0.00252,0.00247,0.00243,0.00239,0.00235,0.00231,0.00227,0.00224,0.00220,0.00217,0.00213,0.00210,0.00206,0.00203,0.00200,0.00197,0.00194,0.00191,0.00188,0.00185
300,2,59,0.00310,0.00305,0.00299,0.00294,0.00289,0.00284,0.00279,0.00274,0.00269,0.00265,0.00260,0.00256,0.00252,0.00248,0.00244,0.00240,0.00236,0.00232,0.00228,0.00225,0.00221,0.00218,0.00214,0.00211,0.00208,0.00205,0.00201
300,2,60,0.00352,0.00346,0.00340,0.00335,0.00329,0.00324,0.00318,0.00313,0.00308,0.00302,0.00297,0.00292,0.00288,0.00283,0.00278,0.00274,0.00269,0.00265,0.00261,0.00256,0.00252,0.00248,0.00244,0.00240,0.00236,0.00233,0.00229
300,2,61,0.00393,0.00387,0.00380,0.00374,0.00368,0.00362,0.00356,0.00351,0.00345,0.00339,0.00334,0.00328,0.00323,0.00318,0.00313,0.00308,0.00303,0.00298,0.00293,0.00288,0.00284,0.00279,0.00275,0.00270,0.00266,0.00261,0.00257
300,2,62,0.00421,0.00414,0.00408,0.00401,0.00395,0.00389,0.00382,0.00376,0.00370,0.00365,0.00359,0.00353,0.00347,0.00342,0.00336,0.00331,0.00325,0.00320,0.00315,0.00310,0.00305,0.00300,0.00295,0.00290,0.00285,0.00281,0.00276
300,2,63,0.00480,0.00473,0.00466,0.00459,0.00452,0.00445,0.00438,0.00431,0.00424,0.00418,0.00411,0.00405,0.00398,0.00392,0.00386,0.00379,0.00373,0.00367,0.00361,0.00355,0.00349,0.00344,0.00338,0.00332,0.00327,0.00321,0.00316
300,2,64,0.00530,0.00523,0.00515,0.00507,0.00500,0.00492,0.00485,0.00478,0.00470,0.00463,0.00456,0.00449,0.00442,0.00435,0.00428,0.00421,0.00414,0.00407,0.00401,0.00394,0.00387,0.00381,0.00374,0.00368,0.00362,0.00356,0.00349
300,2,65,0.00599,0.00591,0.00583,0.00574,0.00566,0.00558,0.00550,0.00542,0.00533,0.00525,0.00517,0.00509,0.00501,0.00494,0.00486,0.00478,0.00470,0.00463,0.00455,0.00448,0.00440,0.00433,0.00426,0.00418,0.00411,0.00404,0.00397
300,2,66,0.00657,0.00649,0.00640,0.00631,0.00622,0.00613,0.00604,0.00596,0.00587,0.00578,0.00569,0.00561,0.00552,0.00544,0.00535,0.00527,0.00518,0.00510,0.00502,0.00493,0.00485,0.00477,0.00469,0.00461,0.00453,0.00445,0.00437
300,2,67,0.00718,0.00708,0.00699,0.00689,0.00680,0.00670,0.00661,0.00652,0.00642,0.00633,0.00624,0.00614,0.00605,0.00596,0.00587,0.00578,0.00569,0.00560,0.00551,0.00542,0.00533,0.00524,0.00515,0.00506,0.00498,0.00489,0.00480
300,2,68,0.00803,0.00793,0.00782,0.00772,0.00762,0.00751,0.00741,0.00731,0.00720,0.00710,0.00700,0.00690,0.00679,0.00669,0.00659,0.00649,0.00639,0.00629,0.00619,0.00609,0.00599,0.00589,0.00579,0.00569,0.00560,0.00550,0.00540
300,2,69,0.00878,0.00867,0.00856,0.00845,0.00834,0.00822,0.00811,0.00800,0.00789,0.00778,0.00767,0.00756,0.00745,0.00734,0.00723,0.00712,0.00701,0.00690,0.00679,0.00668,0.00657,0.00646,0.00635,0.00625,0.00614,0.00603,0.00593
300,2,70,0.00976,0.00964,0.00951,0.00939,0.00927,0.00915,0.00903,0.00891,0.00878,0.00866,0.00854,0.00842,0.00829,0.00817,0.00805,0.00793,0.00780,0.00768,0.00756,0.00744,0.00732,0.00720,0.00708,0.00696,0.00684,0.00672,0.00661
300,2,71,0.01082,0.01069,0.01056,0.01043,0.01029,0.01016,0.01002,0.00989,0.00975,0.00962,0.00948,0.00935,0.00921,0.00908,0.00894,0.00881,0.00867,0.00853,0.00840,0.00827,0.00813,0.00800,0.00786,0.00773,0.00760,0.00747,0.00734
300,2,72,0.01195,0.01180,0.01166,0.01151,0.01137,0.01122,0.01107,0.01092,0.01077,0.01063,0.01048,0.01033,0.01018,0.01003,0.00988,0.00973,0.00958,0.00943,0.00928,0.00913,0.00898,0.00883,0.00869,0.00854,0.00839,0.00825,0.00810
300,2,73,0.01340,0.01324,0.01307,0.01291,0.01275,0.01258,0.01242,0.01225,0.01208,0.01191,0.01175,0.01158,0.01141,0.01124,0.01108,0.01091,0.01074,0.01057,0.01040,0.01024,0.01007,0.00990,0.00974,0.00957,0.00941,0.00925,0.00908
300,2,74,0.01483,0.01465,0.01447,0.01429,0.01410,0.01392,0.01374,0.01355,0.01337,0.01318,0.01300,0.01281,0.01263,0.01244,0.01225,0.01207,0.01188,0.01169,0.01151,0.01132,0.01114,0.01095,0.01077,0.01059,0.01041,0.01023,0.01004
300,2,75,0.01661,0.01641,0.01621,0.01600,0.01580,0.01559,0.01539,0.01518,0.01497,0.01476,0.01456,0.01435,0.01414,0.01393,0.01372,0.01351,0.01330,0.01309,0.01289,0.01268,0.01247,0.01226,0.01206,0.01185,0.01165,0.01145,0.01124
300,2,76,0.01844,0.01822,0.01799,0.01776,0.01754,0.01731,0.01708,0.01684,0.01661,0.01638,0.01615,0.01592,0.01569,0.01545,0.01522,0.01499,0.01476,0.01453,0.01429,0.01406,0.01384,0.01361,0.01338,0.01315,0.01293,0.01270,0.01248
300,2,77,0.02080,0.02055,0.02029,0.02003,0.01977,0.01951,0.01925,0.01899,0.01873,0.01847,0.01820,0.01794,0.01768,0.01742,0.01716,0.01689,0.01663,0.01637,0.01611,0.01585,0.01560,0.01534,0.01508,0.01483,0.01457,0.01432,0.01407
300,2,78,0.02365,0.02336,0.02306,0.02277,0.02247,0.02218,0.02188,0.02158,0.02128,0.02099,0.02069,0.02039,0.02009,0.01980,0.01950,0.01920,0.01891,0.01861,0.01832,0.01803,0.01773,0.01744,0.01715,0.01687,0.01658,0.01630,0.01601
300,2,79,0.02667,0.02634,0.02601,0.02567,0.02534,0.02501,0.02467,0.02434,0.02400,0.02367,0.02333,0.02300,0.02266,0.02233,0.02200,0.02166,0.02133,0.02100,0.02067,0.02035,0.02002,0.01970,0.01937,0.01905,0.01873,0.01841,0.01810
310,1,0,0.00369,0.00366,0.00362,0.00359,0.00355,0.00352,0.00349,0.00345,0.00342,0.00339,0.00335,0.00332,0.00329,0.00326,0.00323,0.00320,0.00317,0.00313,0.00310,0.00308,0.00305,0.00302,0.00299,0.00296,0.00293,0.00290,0.00287
310,1,1,0.00039,0.00039,0.00038,0.00038,0.00038,0.00037,0.00037,0.00037,0.00036,0.00036,0.00036,0.00035,0.00035,0.00034,0.00034,0.00034,0.00034,0.00033,0.00033,0.00033,0.00032,0.00032,0.00032,0.00031,0.00031,0.00031,0.00030
310,1,2,0.00014,0.00014,0.00013,0.00013,0.00013,0.00013,0.00013,0.00013,0.00013,0.00013,0.00012,0.00012,0.00012,0.00012,0.00012,0.00012,0.00012,0.00012,0.00012,0.00011,0.00011,0.00011,0.00011,0.00011,0.00011,0.00011,0.00011
310,1,3,0.00010,0.00010,0.00010,0.00010,0.00010,0.00010,0.00010,0.00009,0.00009,0.00009,0.00009,0.00009,0.00009,0.00009,0.00009,0.00009,0.00009,0.00009,0.00009,0.00008,0.00008,0.00008,0.00008,0.00008,0.00008,0.00008,0.00008
310,1,4,0.00008,0.00008,0.00008,0.00008,0.00008,0.00008,0.00008,0.00008,0.00007,0.00007,0.00007,0.00007,0.00007,0.00007,0.00007,0.00007,0.00007,0.00007,0.00007,0.00007,0.00007,0.00007,0.00007,0.00006,0.00006,0.00006,0.00006
310,1,5,0.00006,0.00006,0.00006,0.00006,0.00006,0.00006,0.00006,0.00006,0.00006,0.00006,0.00006,0.00006,0.00006,0.00006,0.00006,0.00005,0.00005,0.00005,0.00005,0.00005,0.00005,0.00005,0.00005,0.00005,0.00005,0.00005,0.00005
310,1,6,0.00006,0.00005,0.00005,0.00005,0.00005,0.00005,0.00005,0.00005,0.00005,0.00005,0.00005,0.00005,0.00005,0.00005,0.00005,0.00005,0.00005,0.00005,0.00005,0.00005,0.00005,0.00005,0.00004,0.00004,0.00004,0.00004,0.00004
310,1,7,0.00005,0.00005,0.00005,0.00005,0.00005,0.00005,0.00005,0.00005,0.00005,0.00005,0.00005,0.00004,0.00004,0.00004,0.00004,0.00004,0.00004,0.00004,0.00004,0.00004,0.00004,0.00004,0.00004,0.00004,0.00004,0.00004,0.00004
310,1,8,0.00005,0.00005,0.00005,0.00005,0.00005,0.00005,0.00005,0.00005,0.00005,0.00005,0.00005,0.00005,0.00004,0.00004,0.00004,0.00004,0.00004,0.00004,0.00004,0.00004,0.00004,0.00004,0.00004,0.00004,0.00004,0.00004,0.00004
310,1,9,0.00005,0.00005,0.00005,0.00005,0.00005,0.00005,0.00005,0.00005,0.00005,0.00005,0.00004,0.00004,0.00004,0.00004,0.00004,0.00004,0.00004,0.00004,0.00004,0.00004,0.00004,0.00004,0.00004,0.00004,0.00004,0.00004,0.00004
310,1,10,0.00005,0.00005,0.00005,0.00005,0.00005,0.00005,0.00005,0.00005,0.00005,0.00005,0.00005,0.00005,0.00005,0.00005,0.00005,0.00005,0.00005,0.00004,0.00004,0.00004,0.00004,0.00004,0.00004,0.00004,0.00004,0.00004,0.00004
310,1,11,0.00006,0.00006,0.00006,0.00006,0.00006,0.00006,0.00006,0.00006,0.00006,0.00006,0.00006,0.00006,0.00006,0.00006,0.00005,0.00005,0.00005,0.00005,0.00005,0.00005,0.00005,0.00005,0.00005,0.00005,0.00005,0.00005,0.00005
310,1,12,0.00007,0.00007,0.00007,0.00007,0.00007,0.00007,0.00007,0.00007,0.00007,0.00006,0.00006,0.00006,0.00006,0.00006,0.00006,0.00006,0.00006,0.00006,0.00006,0.00006,0.00006,0.00006,0.00006,0.00006,0.00006,0.00006,0.00006
310,1,13,0.00009,0.00009,0.00009,0.00009,0.00009,0.00009,0.00009,0.00009,0.00008,0.00008,0.00008,0.00008,0.00008,0.00008,0.00008,0.00008,0.00008,0.00008,0.00008,0.00008,0.00008,0.00007,0.00007,0.00007,0.00007,0.00007,0.00007
310,1,14,0.00011,0.00011,0.00011,0.00011,0.00011,0.00011,0.00011,0.00011,0.00011,0.00010,0.00010,0.00010,0.00010,0.00010,0.00010,0.00010,0.00010,0.00010,0.00010,0.00009,0.00009,0.00009,0.00009,0.00009,0.00009,0.00009,0.00009
310,1,15,0.00015,0.00015,0.00015,0.00015,0.00014,0.00014,0.00014,0.00014,0.00014,0.00014,0.00014,0.00013,0.00013,0.00013,0.00013,0.00013,0.00013,0.00013,0.00013,0.00012,0.00012,0.00012,0.00012,0.00012,0.00012,0.00012,0.00012
310,1,16,0.00019,0.00019,0.00019,0.00018,0.00018,0.00018,0.00018,0.00018,0.00018,0.00017,0.00017,0.00017,0.00017,0.00017,0.00017,0.00016,0.00016,0.00016,0.00016,0.00016,0.00016,0.00015,0.00015,0.00015,0.00015,0.00015,0.00015
310,1,17,0.00025,0.00025,0.00025,0.00025,0.00024,0.00024,0.00024,0.00024,0.00024,0.00023,0.00023,0.00023,0.00023,0.00022,0.00022,0.00022,0.00022,0.00022,0.00021,0.00021,0.00021,0.00021,0.00021,0.00020,0.00020,0.00020,0.00020
310,1,18,0.00032,0.00031,0.00031,0.00031,0.00030,0.00030,0.00030,0.00030,0.00029,0.00029,0.00029,0.00028,0.00028,0.00028,0.00028,0.00027,0.00027,0.00027,0.00027,0.00026,0.00026,0.00026,0.00026,0.00025,0.00025,0.00025,0.00025
310,1,19,0.00039,0.00038,0.00038,0.00038,0.00037,0.00037,0.00036,0.00036,0.00036,0.00035,0.00035,0.00035,0.00034,0.00034,0.00034,0.00033,0.00033,0.00033,0.00033,0.00032,0.00032,0.00032,0.00031,0.00031,0.00031,0.00030,0.00030
310,1,20,0.00044,0.00044,0.00043,0.00043,0.00043,0.00042,0.00042,0.00041,0.00041,0.00041,0.00040,0.00040,0.00039,0.00039,0.00039,0.00038,0.00038,0.00038,0.00037,0.00037,0.00037,0.00036,0.00036,0.00035,0.00035,0.00035,0.00034
310,1,21,0.00048,0.00047,0.00047,0.00047,0.00046,0.00046,0.00045,0.00045,0.00044,0.00044,0.00043,0.00043,0.00043,0.00042,0.00042,0.00041,0.00041,0.00041,0.00040,0.00040,0.00039,0.00039,0.00039,0.00038,0.00038,0.00038,0.00037
310,1,22,0.00050,0.00050,0.00049,0.00049,0.00048,0.00048,0.00047,0.00047,0.00046,0.00046,0.00045,0.00045,0.00045,0.00044,0.00044,0.00043,0.00043,0.00042,0.00042,0.00042,0.00041,0.00041,0.00040,0.00040,0.00040,0.00039,0.00039
310,1,23,0.00051,0.00051,0.00050,0.00050,0.00049,0.00049,0.00048,0.00048,0.00048,0.00047,0.00047,0.00046,0.00046,0.00045,0.00045,0.00044,0.00044,0.00044,0.00043,0.00043,0.00042,0.00042,0.00042,0.00041,0.00041,0.00040,0.00040
310,1,24,0.00051,0.00050,0.00050,0.00049,0.00049,0.00048,0.00048,0.00048,0.00047,0.00047,0.00046,0.00046,0.00045,0.00045,0.00044,0.00044,0.00044,0.00043,0.00043,0.00042,0.00042,0.00042,0.00041,0.00041,0.00040,0.00040,0.00040
310,1,25,0.00050,0.00049,0.00049,0.00048,0.00048,0.00047,0.00047,0.00046,0.00046,0.00046,0.00045,0.00045,0.00044,0.00044,0.00043,0.00043,0.00043,0.00042,0.00042,0.00041,0.00041,0.00041,0.00040,0.00040,0.00039,0.00039,0.00039
310,1,26,0.00051,0.00051,0.00050,0.00050,0.00049,0.00049,0.00048,0.00048,0.00047,0.00047,0.00046,0.00046,0.00046,0.00045,0.00045,0.00044,0.00044,0.00043,0.00043,0.00043,0.00042,0.00042,0.00041,0.00041,0.00041,0.00040,0.00040
310,1,27,0.00052,0.00051,0.00051,0.00050,0.00050,0.00049,0.00049,0.00048,0.00048,0.00048,0.00047,0.00047,0.00046,0.00046,0.00045,0.00045,0.00044,0.00044,0.00044,0.00043,0.00043,0.00042,0.00042,0.00042,0.00041,0.00041,0.00040
310,1,28,0.00052,0.00052,0.00051,0.00051,0.00050,0.00050,0.00049,0.00049,0.00048,0.00048,0.00047,0.00047,0.00046,0.00046,0.00046,0.00045,0.00045,0.00044,0.00044,0.00043,0.00043,0.00043,0.00042,0.00042,0.00041,0.00041,0.00041
310,1,29,0.00053,0.00052,0.00052,0.00051,0.00051,0.00050,0.00050,0.00049,0.00049,0.00048,0.00048,0.00047,0.00047,0.00047,0.00046,0.00046,0.00045,0.00045,0.00044,0.00044,0.00043,0.00043,0.00043,0.00042,0.00042,0.00041,0.00041
310,1,30,0.00054,0.00053,0.00053,0.00052,0.00052,0.00051,0.00051,0.00050,0.00050,0.00049,0.00049,0.00048,0.00048,0.00047,0.00047,0.00046,0.00046,0.00046,0.00045,0.00045,0.00044,0.00044,0.00043,0.00043,0.00043,0.00042,0.00042
310,1,31,0.00055,0.00054,0.00054,0.00053,0.00053,0.00052,0.00052,0.00051,0.00051,0.00050,0.00050,0.00049,0.00049,0.00048,0.00048,0.00048,0.00047,0.00047,0.00046,0.00046,0.00045,0.00045,0.00044,0.00044,0.00044,0.00043,0.00043
310,1,32,0.00055,0.00055,0.00054,0.00054,0.00053,0.00053,0.00052,0.00052,0.00051,0.00051,0.00050,0.00050,0.00049,0.00049,0.00048,0.00048,0.00048,0.00047,0.00047,0.00046,0.00046,0.00045,0.00045,0.00044,0.00044,0.00044,0.00043
310,1,33,0.00056,0.00056,0.00055,0.00055,0.00054,0.00054,0.00053,0.00053,0.00052,0.00052,0.00051,0.00051,0.00050,0.00050,0.00049,0.00049,0.00048,0.00048,0.00047,0.00047,0.00046,0.00046,0.00045,0.00045,0.00045,0.00044,0.00044
310,1,34,0.00060,0.00059,0.00058,0.00058,0.00057,0.00057,0.00056,0.00056,0.00055,0.00055,0.00054,0.00054,0.00053,0.00053,0.00052,0.00052,0.00051,0.00051,0.00050,0.00050,0.00049,0.00049,0.00048,0.00048,0.00047,0.00047,0.00046
310,1,35,0.00061,0.00061,0.00060,0.00060,0.00059,0.00058,0.00058,0.00057,0.00057,0.00056,0.00056,0.00055,0.00055,0.00054,0.00054,0.00053,0.00053,0.00052,0.00052,0.00051,0.00051,0.00050,0.00050,0.00049,0.00049,0.00048,0.00048
310,1,36,0.00062,0.00062,0.00061,0.00060,0.00060,0.00059,0.00059,0.00058,0.00057,0.00057,0.00056,0.00056,0.00055,0.00055,0.00054,0.00054,0.00053,0.00052,0.00052,0.00051,0.00051,0.00050,0.00050,0.00049,0.00049,0.00049,0.00048
310,1,37,0.00064,0.00064,0.00063,0.00062,0.00061,0.00061,0.00060,0.00060,0.00059,0.00058,0.00058,0.00057,0.00056,0.00056,0.00055,0.00055,0.00054,0.00054,0.00053,0.00053,0.00052,0.00052,0.00051,0.00051,0.00050,0.00050,0.00049
310,1,38,0.00068,0.00067,0.00066,0.00066,0.00065,0.00064,0.00063,0.00063,0.00062,0.00061,0.00061,0.00060,0.00059,0.00059,0.00058,0.00057,0.00057,0.00056,0.00056,0.00055,0.00054,0.00054,0.00053,0.00053,0.00052,0.00052,0.00051
310,1,39,0.00070,0.00069,0.00068,0.00068,0.00067,0.00066,0.00065,0.00064,0.00064,0.00063,0.00062,0.00062,0.00061,0.00060,0.00060,0.00059,0.00058,0.00058,0.00057,0.00056,0.00056,0.00055,0.00055,0.00054,0.00054,0.00053,0.00053
310,1,40,0.00080,0.00079,0.00078,0.00077,0.00076,0.00075,0.00074,0.00073,0.00072,0.00071,0.00070,0.00069,0.00069,0.00068,0.00067,0.00066,0.00066,0.00065,0.00064,0.00064,0.00063,0.00062,0.00062,0.00061,0.00060,0.00060,0.00059
310,1,41,0.00091,0.00090,0.00088,0.00087,0.00086,0.00085,0.00084,0.00083,0.00082,0.00080,0.00079,0.00079,0.00078,0.00077,0.00076,0.00075,0.00074,0.00073,0.00072,0.00072,0.00071,0.00070,0.00069,0.00069,0.00068,0.00067,0.00067
310,1,42,0.00104,0.00103,0.00101,0.00100,0.00098,0.00097,0.00096,0.00094,0.00093,0.00092,0.00091,0.00090,0.00089,0.00087,0.00086,0.00085,0.00084,0.00083,0.00082,0.00082,0.00081,0.00080,0.00079,0.00078,0.00077,0.00077,0.00076
310,1,43,0.00117,0.00116,0.00114,0.00112,0.00110,0.00109,0.00107,0.00106,0.00104,0.00103,0.00102,0.00100,0.00099,0.00098,0.00096,0.00095,0.00094,0.00093,0.00092,0.00091,0.00090,0.00089,0.00088,0.00087,0.00086,0.00085,0.00085
310,1,44,0.00133,0.00131,0.00129,0.00127,0.00125,0.00123,0.00121,0.00120,0.00118,0.00116,0.00115,0.00113,0.00112,0.00110,0.00109,0.00107,0.00106,0.00105,0.00104,0.00102,0.00101,0.00100,0.00099,0.00098,0.00097,0.00096,0.00095
310,1,45,0.00153,0.00150,0.00147,0.00145,0.00143,0.00140,0.00138,0.00136,0.00134,0.00132,0.00130,0.00129,0.00127,0.00125,0.00123,0.00122,0.00120,0.00119,0.00117,0.00116,0.00115,0.00113,0.00112,0.00111,0.00110,0.00109,0.00108
310,1,46,0.00167,0.00164,0.00161,0.00158,0.00156,0.00153,0.00151,0.00148,0.00146,0.00144,0.00142,0.00140,0.00138,0.00136,0.00134,0.00132,0.00130,0.00129,0.00127,0.00126,0.00124,0.00123,0.00121,0.00120,0.00119,0.00117,0.00116
310,1,47,0.00184,0.00180,0.00177,0.00174,0.00171,0.00168,0.00165,0.00163,0.00160,0.00158,0.00155,0.00153,0.00151,0.00148,0.00146,0.00144,0.00142,0.00141,0.00139,0.00137,0.00135,0.00134,0.00132,0.00131,0.00129,0.00128,0.00126
310,1,48,0.00197,0.00193,0.00190,0.00186,0.00183,0.00180,0.00177,0.00174,0.00171,0.00169,0.00166,0.00163,0.00161,0.00159,0.00156,0.00154,0.00152,0.00150,0.00148,0.00146,0.00144,0.00142,0.00141,0.00139,0.00137,0.00136,0.00134
310,1,49,0.00216,0.00212,0.00208,0.00205,0.00201,0.00198,0.00194,0.00191,0.00188,0.00185,0.00182,0.00179,0.00176,0.00174,0.00171,0.00169,0.00166,0.00164,0.00162,0.00160,0.00158,0.00156,0.00154,0.00152,0.00150,0.00148,0.00147
310,1,50,0.00237,0.00233,0.00228,0.00224,0.00220,0.00216,0.00213,0.00209,0.00206,0.00202,0.00199,0.00196,0.00193,0.00190,0.00187,0.00184,0.00181,0.00179,0.00176,0.00174,0.00172,0.00169,0.00167,0.00165,0.00163,0.00161,0.00159
310,1,51,0.00262,0.00257,0.00252,0.00247,0.00243,0.00238,0.00234,0.00230,0.00226,0.00223,0.00219,0.00215,0.00212,0.00209,0.00205,0.00202,0.00199,0.00196,0.00194,0.00191,0.00188,0.00186,0.00183,0.00181,0.00179,0.00177,0.00174
310,1,52,0.00305,0.00300,0.00294,0.00289,0.00283,0.00278,0.00273,0.00268,0.00264,0.00259,0.00255,0.00251,0.00247,0.00243,0.00239,0.00235,0.00232,0.00228,0.00225,0.00222,0.00219,0.00216,0.00213,0.00210,0.00207,0.00204,0.00202
310,1,53,0.00348,0.00341,0.00334,0.00328,0.00322,0.00316,0.00310,0.00305,0.00300,0.00294,0.00289,0.00285,0.00280,0.00275,0.00271,0.00267,0.00263,0.00259,0.00255,0.00251,0.00247,0.00244,0.00240,0.00237,0.00234,0.00231,0.00228
310,1,54,0.00390,0.00382,0.00375,0.00368,0.00361,0.00354,0.00347,0.00341,0.00335,0.00329,0.00323,0.00318,0.00313,0.00307,0.00302,0.00298,0.00293,0.00288,0.00284,0.00280,0.00276,0.00272,0.00268,0.00264,0.00260,0.00257,0.00253
310,1,55,0.00427,0.00419,0.00411,0.00403,0.00395,0.00388,0.00381,0.00374,0.00367,0.00360,0.00354,0.00348,0.00342,0.00336,0.00330,0.00325,0.00320,0.00315,0.00310,0.00305,0.00300,0.00296,0.00292,0.00287,0.00283,0.00279,0.00276
310,1,56,0.00480,0.00471,0.00461,0.00452,0.00443,0.00435,0.00427,0.00419,0.00411,0.00404,0.00396,0.00389,0.00383,0.00376,0.00370,0.00364,0.00358,0.00352,0.00346,0.00341,0.00335,0.00330,0.00325,0.00321,0.00316,0.00311,0.00307
310,1,57,0.00523,0.00513,0.00502,0.00492,0.00483,0.00473,0.00464,0.00456,0.00447,0.00439,0.00431,0.00423,0.00416,0.00408,0.00401,0.00394,0.00388,0.00381,0.00375,0.00369,0.00363,0.00358,0.00352,0.00347,0.00342,0.00337,0.00332
310,1,58,0.00566,0.00555,0.00544,0.00533,0.00522,0.00512,0.00502,0.00492,0.00483,0.00474,0.00465,0.00457,0.00448,0.00440,0.00433,0.00425,0.00418,0.00411,0.00404,0.00397,0.00391,0.00385,0.00379,0.00373,0.00367,0.00361,0.00356
310,1,59,0.00637,0.00623,0.00611,0.00598,0.00586,0.00575,0.00563,0.00553,0.00542,0.00532,0.00522,0.00512,0.00503,0.00494,0.00485,0.00476,0.00468,0.00460,0.00452,0.00444,0.00437,0.00430,0.00423,0.00416,0.00410,0.00403,0.00397
310,1,60,0.00691,0.00677,0.00663,0.00650,0.00637,0.00624,0.00612,0.00600,0.00588,0.00577,0.00566,0.00555,0.00545,0.00535,0.00525,0.00516,0.00507,0.00498,0.00489,0.00481,0.00473,0.00465,0.00457,0.00450,0.00442,0.00435,0.00429
310,1,61,0.00763,0.00747,0.00732,0.00717,0.00702,0.00688,0.00675,0.00661,0.00648,0.00636,0.00624,0.00612,0.00600,0.00589,0.00579,0.00568,0.00558,0.00548,0.00538,0.00529,0.00520,0.00511,0.00502,0.00494,0.00486,0.00478,0.00470
310,1,62,0.00829,0.00811,0.00795,0.00778,0.00763,0.00747,0.00732,0.00718,0.00704,0.00690,0.00677,0.00664,0.00652,0.00639,0.00628,0.00616,0.00605,0.00594,0.00583,0.00573,0.00563,0.00553,0.00544,0.00534,0.00525,0.00517,0.00508
310,1,63,0.00922,0.00903,0.00885,0.00867,0.00849,0.00832,0.00816,0.00800,0.00784,0.00769,0.00754,0.00740,0.00725,0.00712,0.00698,0.00686,0.00673,0.00661,0.00649,0.00637,0.00626,0.00615,0.00604,0.00593,0.00583,0.00573,0.00564
310,1,64,0.01021,0.01000,0.00980,0.00960,0.00940,0.00922,0.00903,0.00885,0.00868,0.00851,0.00835,0.00818,0.00803,0.00788,0.00773,0.00758,0.00744,0.00730,0.00717,0.00704,0.00691,0.00679,0.00667,0.00655,0.00643,0.00632,0.00621
310,1,65,0.01140,0.01117,0.01094,0.01072,0.01050,0.01029,0.01009,0.00989,0.00969,0.00950,0.00932,0.00914,0.00896,0.00879,0.00863,0.00846,0.00830,0.00815,0.00800,0.00785,0.00771,0.00757,0.00744,0.00730,0.00717,0.00705,0.00693
310,1,66,0.01250,0.01225,0.01200,0.01175,0.01152,0.01128,0.01106,0.01084,0.01063,0.01042,0.01021,0.01002,0.00982,0.00964,0.00945,0.00927,0.00910,0.00893,0.00877,0.00860,0.00845,0.00829,0.00814,0.00800,0.00786,0.00772,0.00758
310,1,67,0.01371,0.01343,0.01316,0.01289,0.01263,0.01237,0.01213,0.01189,0.01165,0.01142,0.01120,0.01098,0.01077,0.01057,0.01037,0.01017,0.00998,0.00980,0.00961,0.00944,0.00927,0.00910,0.00893,0.00878,0.00862,0.00847,0.00832
310,1,68,0.01471,0.01441,0.01411,0.01383,0.01355,0.01327,0.01301,0.01275,0.01250,0.01225,0.01201,0.01178,0.01155,0.01133,0.01112,0.01091,0.01070,0.01051,0.01031,0.01012,0.00994,0.00976,0.00958,0.00941,0.00925,0.00908,0.00893
310,1,69,0.01639,0.01605,0.01572,0.01540,0.01508,0.01478,0.01448,0.01419,0.01391,0.01364,0.01337,0.01311,0.01286,0.01261,0.01237,0.01214,0.01191,0.01169,0.01148,0.01126,0.01106,0.01086,0.01066,0.01047,0.01029,0.01011,0.00993
310,1,70,0.01787,0.01749,0.01713,0.01678,0.01644,0.01610,0.01578,0.01547,0.01516,0.01486,0.01457,0.01428,0.01401,0.01374,0.01348,0.01322,0.01297,0.01273,0.01250,0.01227,0.01204,0.01182,0.01161,0.01140,0.01120,0.01101,0.01081
310,1,71,0.01906,0.01866,0.01828,0.01790,0.01753,0.01718,0.01683,0.01649,0.01616,0.01584,0.01553,0.01523,0.01493,0.01465,0.01437,0.01409,0.01383,0.01357,0.01332,0.01307,0.01283,0.01260,0.01237,0.01215,0.01194,0.01172,0.01152
310,1,72,0.02080,0.02036,0.01994,0.01953,0.01913,0.01874,0.01836,0.01799,0.01763,0.01728,0.01694,0.01661,0.01628,0.01597,0.01566,0.01536,0.01507,0.01479,0.01452,0.01425,0.01399,0.01373,0.01348,0.01324,0.01300,0.01277,0.01255
310,1,73,0.02276,0.02228,0.02182,0.02137,0.02093,0.02050,0.02009,0.01968,0.01929,0.01891,0.01853,0.01817,0.01782,0.01747,0.01714,0.01681,0.01649,0.01618,0.01588,0.01558,0.01530,0.01502,0.01475,0.01448,0.01422,0.01397,0.01372
310,1,74,0.02521,0.02468,0.02417,0.02367,0.02319,0.02272,0.02226,0.02181,0.02137,0.02095,0.02053,0.02013,0.01974,0.01936,0.01899,0.01862,0.01827,0.01793,0.01759,0.01727,0.01695,0.01664,0.01634,0.01604,0.01575,0.01547,0.01520
310,1,75,0.02737,0.02680,0.02625,0.02571,0.02519,0.02467,0.02418,0.02369,0.02322,0.02276,0.02231,0.02188,0.02145,0.02104,0.02064,0.02024,0.01986,0.01949,0.01912,0.01877,0.01842,0.01809,0.01776,0.01744,0.01713,0.01682,0.01652
310,1,76,0.02987,0.02926,0.02866,0.02807,0.02750,0.02695,0.02641,0.02589,0.02537,0.02487,0.02439,0.02391,0.02345,0.02300,0.02257,0.02214,0.02172,0.02132,0.02092,0.02053,0.02016,0.01979,0.01943,0.01908,0.01874,0.01841,0.01808
310,1,77,0.03312,0.03245,0.03179,0.03115,0.03053,0.02992,0.02933,0.02875,0.02819,0.02764,0.02710,0.02658,0.02607,0.02558,0.02510,0.02462,0.02416,0.02372,0.02328,0.02285,0.02244,0.02203,0.02163,0.02125,0.02087,0.02050,0.02014
310,1,78,0.03753,0.03678,0.03605,0.03534,0.03464,0.03396,0.03330,0.03265,0.03202,0.03141,0.03081,0.03022,0.02965,0.02910,0.02856,0.02803,0.02751,0.02700,0.02651,0.02603,0.02556,0.02510,0.02466,0.02422,0.02379,0.02338,0.02297
310,1,79,0.04203,0.04120,0.04040,0.03962,0.03885,0.03810,0.03738,0.03666,0.03597,0.03529,0.03463,0.03399,0.03336,0.03274,0.03214,0.03156,0.03098,0.03042,0.02988,0.02934,0.02882,0.02832,0.02782,0.02733,0.02686,0.02639,0.02594
310,2,0,0.00317,0.00314,0.00311,0.00308,0.00305,0.00303,0.00300,0.00297,0.00294,0.00291,0.00288,0.00286,0.00283,0.00280,0.00277,0.00275,0.00272,0.00269,0.00267,0.00264,0.00262,0.00259,0.00257,0.00254,0.00252,0.00249,0.00247
310,2,1,0.00032,0.00032,0.00032,0.00031,0.00031,0.00031,0.00031,0.00030,0.00030,0.00030,0.00029,0.00029,0.00029,0.00029,0.00028,0.00028,0.00028,0.00027,0.00027,0.00027,0.00027,0.00026,0.00026,0.00026,0.00026,0.00025,0.00025
310,2,2,0.00011,0.00011,0.00010,0.00010,0.00010,0.00010,0.00010,0.00010,0.00010,0.00010,0.00010,0.00010,0.00010,0.00009,0.00009,0.00009,0.00009,0.00009,0.00009,0.00009,0.00009,0.00009,0.00009,0.00009,0.00008,0.00008,0.00008
310,2,3,0.00008,0.00008,0.00008,0.00008,0.00008,0.00008,0.00008,0.00007,0.00007,0.00007,0.00007,0.00007,0.00007,0.00007,0.00007,0.00007,0.00007,0.00007,0.00007,0.00007,0.00007,0.00007,0.00006,0.00006,0.00006,0.00006,0.00006
310,2,4,0.00007,0.00007,0.00007,0.00007,0.00007,0.00007,0.00006,0.00006,0.00006,0.00006,0.00006,0.00006,0.00006,0.00006,0.00006,0.00006,0.00006,0.00006,0.00006,0.00006,0.00006,0.00006,0.00006,0.00005,0.00005,0.00005,0.00005
310,2,5,0.00005,0.00005,0.00005,0.00005,0.00005,0.00005,0.00005,0.00005,0.00005,0.00005,0.00005,0.00005,0.00005,0.00005,0.00005,0.00005,0.00005,0.00005,0.00005,0.00004,0.00004,0.00004,0.00004,0.00004,0.00004,0.00004,0.00004
310,2,6,0.00005,0.00005,0.00005,0.00005,0.00004,0.00004,0.00004,0.00004,0.00004,0.00004,0.00004,0.00004,0.00004,0.00004,0.00004,0.00004,0.00004,0.00004,0.00004,0.00004,0.00004,0.00004,0.00004,0.00004,0.00004,0.00004,0.00004
310,2,7,0.00004,0.00004,0.00004,0.00004,0.00004,0.00004,0.00004,0.00004,0.00004,0.00004,0.00004,0.00004,0.00004,0.00004,0.00004,0.00004,0.00004,0.00004,0.00004,0.00003,0.00003,0.00003,0.00003,0.00003,0.00003,0.00003,0.00003
310,2,8,0.00004,0.00004,0.00004,0.00004,0.00004,0.00003,0.00003,0.00003,0.00003,0.00003,0.00003,0.00003,0.00003,0.00003,0.00003,0.00003,0.00003,0.00003,0.00003,0.00003,0.00003,0.00003,0.00003,0.00003,0.00003,0.00003,0.00003
310,2,9,0.00004,0.00003,0.00003,0.00003,0.00003,0.00003,0.00003,0.00003,0.00003,0.00003,0.00003,0.00003,0.00003,0.00003,0.00003,0.00003,0.00003,0.00003,0.00003,0.00003,0.00003,0.00003,0.00003,0.00003,0.00003,0.00003,0.00003
310,2,10,0.00004,0.00004,0.00004,0.00004,0.00004,0.00003,0.00003,0.00003,0.00003,0.00003,0.00003,0.00003,0.00003,0.00003,0.00003,0.00003,0.00003,0.00003,0.00003,0.00003,0.00003,0.00003,0.00003,0.00003,0.00003,0.00003,0.00003
310,2,11,0.00004,0.00004,0.00004,0.00004,0.00004,0.00004,0.00004,0.00004,0.00004,0.00004,0.00004,0.00004,0.00003,0.00003,0.00003,0.00003,0.00003,0.00003,0.00003,0.00003,0.00003,0.00003,0.00003,0.00003,0.00003,0.00003,0.00003
310,2,12,0.00005,0.00004,0.00004,0.00004,0.00004,0.00004,0.00004,0.00004,0.00004,0.00004,0.00004,0.00004,0.00004,0.00004,0.00004,0.00004,0.00004,0.00004,0.00004,0.00004,0.00004,0.00004,0.00004,0.00004,0.00004,0.00004,0.00004
310,2,13,0.00006,0.00006,0.00006,0.00006,0.00006,0.00006,0.00006,0.00006,0.00006,0.00005,0.00005,0.00005,0.00005,0.00005,0.00005,0.00005,0.00005,0.00005,0.00005,0.00005,0.00005,0.00005,0.00005,0.00005,0.00005,0.00005,0.00005
310,2,14,0.00007,0.00007,0.00007,0.00007,0.00007,0.00007,0.00007,0.00007,0.00007,0.00007,0.00006,0.00006,0.00006,0.00006,0.00006,0.00006,0.00006,0.00006,0.00006,0.00006,0.00006,0.00006,0.00006,0.00006,0.00006,0.00006,0.00006
310,2,15,0.00009,0.00009,0.00009,0.00009,0.00009,0.00009,0.00009,0.00009,0.00009,0.00009,0.00009,0.00008,0.00008,0.00008,0.00008,0.00008,0.00008,0.00008,0.00008,0.00008,0.00008,0.00008,0.00008,0.00008,0.00007,0.00007,0.00007
310,2,16,0.00011,0.00011,0.00011,0.00011,0.00011,0.00011,0.00011,0.00011,0.00010,0.00010,0.00010,0.00010,0.00010,0.00010,0.00010,0.00010,0.00010,0.00010,0.00010,0.00009,0.00009,0.00009,0.00009,0.00009,0.00009,0.00009,0.00009
310,2,17,0.00014,0.00014,0.00013,0.00013,0.00013,0.00013,0.00013,0.00013,0.00013,0.00013,0.00012,0.00012,0.00012,0.00012,0.00012,0.00012,0.00012,0.00012,0.00012,0.00011,0.00011,0.00011,0.00011,0.00011,0.00011,0.00011,0.00011
310,2,18,0.00015,0.00015,0.00015,0.00015,0.00015,0.00015,0.00015,0.00014,0.00014,0.00014,0.00014,0.00014,0.00014,0.00014,0.00013,0.00013,0.00013,0.00013,0.00013,0.00013,0.00013,0.00013,0.00012,0.00012,0.00012,0.00012,0.00012
310,2,19,0.00018,0.00017,0.00017,0.00017,0.00017,0.00017,0.00017,0.00016,0.00016,0.00016,0.00016,0.00016,0.00016,0.00015,0.00015,0.00015,0.00015,0.00015,0.00015,0.00015,0.00014,0.00014,0.00014,0.00014,0.00014,0.00014,0.00014
310,2,20,0.00018,0.00018,0.00018,0.00018,0.00018,0.00017,0.00017,0.00017,0.00017,0.00017,0.00017,0.00016,0.00016,0.00016,0.00016,0.00016,0.00016,0.00016,0.00015,0.00015,0.00015,0.00015,0.00015,0.00015,0.00015,0.00014,0.00014
310,2,21,0.00019,0.00019,0.00019,0.00019,0.00019,0.00018,0.00018,0.00018,0.00018,0.00018,0.00018,0.00017,0.00017,0.00017,0.00017,0.00017,0.00017,0.00016,0.00016,0.00016,0.00016,0.00016,0.00016,0.00016,0.00015,0.00015,0.00015
310,2,22,0.00019,0.00019,0.00019,0.00019,0.00019,0.00019,0.00018,0.00018,0.00018,0.00018,0.00018,0.00018,0.00017,0.00017,0.00017,0.00017,0.00017,0.00017,0.00016,0.00016,0.00016,0.00016,0.00016,0.00016,0.00015,0.00015,0.00015
310,2,23,0.00019,0.00019,0.00019,0.00019,0.00019,0.00018,0.00018,0.00018,0.00018,0.00018,0.00018,0.00017,0.00017,0.00017,0.00017,0.00017,0.00017,0.00016,0.00016,0.00016,0.00016,0.00016,0.00016,0.00015,0.00015,0.00015,0.00015
310,2,24,0.00019,0.00019,0.00019,0.00019,0.00018,0.00018,0.00018,0.00018,0.00018,0.00018,0.00017,0.00017,0.00017,0.00017,0.00017,0.00017,0.00016,0.00016,0.00016,0.00016,0.00016,0.00016,0.00015,0.00015,0.00015,0.00015,0.00015
310,2,25,0.00019,0.00019,0.00019,0.00019,0.00019,0.00018,0.00018,0.00018,0.00018,0.00018,0.00017,0.00017,0.00017,0.00017,0.00017,0.00017,0.00017,0.00016,0.00016,0.00016,0.00016,0.00016,0.00016,0.00015,0.00015,0.00015,0.00015
310,2,26,0.00020,0.00019,0.00019,0.00019,0.00019,0.00019,0.00019,0.00018,0.00018,0.00018,0.00018,0.00018,0.00018,0.00017,0.00017,0.00017,0.00017,0.00017,0.00017,0.00016,0.00016,0.00016,0.00016,0.00016,0.00016,0.00015,0.00015
310,2,27,0.00020,0.00020,0.00020,0.00019,0.00019,0.00019,0.00019,0.00019,0.00019,0.00018,0.00018,0.00018,0.00018,0.00018,0.00018,0.00017,0.00017,0.00017,0.00017,0.00017,0.00017,0.00016,0.00016,0.00016,0.00016,0.00016,0.00016
310,2,28,0.00021,0.00021,0.00021,0.00020,0.00020,0.00020,0.00020,0.00020,0.00019,0.00019,0.00019,0.00019,0.00019,0.00019,0.00018,0.00018,0.00018,0.00018,0.00018,0.00018,0.00017,0.00017,0.00017,0.00017,0.00017,0.00017,0.00016
310,2,29,0.00022,0.00022,0.00022,0.00021,0.00021,0.00021,0.00021,0.00021,0.00020,0.00020,0.00020,0.00020,0.00020,0.00019,0.00019,0.00019,0.00019,0.00019,0.00019,0.00018,0.00018,0.00018,0.00018,0.00018,0.00018,0.00017,0.00017
310,2,30,0.00023,0.00023,0.00023,0.00022,0.00022,0.00022,0.00022,0.00022,0.00021,0.00021,0.00021,0.00021,0.00021,0.00020,0.00020,0.00020,0.00020,0.00020,0.00019,0.00019,0.00019,0.00019,0.00019,0.00019,0.00018,0.00018,0.00018
310,2,31,0.00024,0.00024,0.00024,0.00024,0.00024,0.00023,0.00023,0.00023,0.00023,0.00022,0.00022,0.00022,0.00022,0.00022,0.00021,0.00021,0.00021,0.00021,0.00021,0.00020,0.00020,0.00020,0.00020,0.00020,0.00019,0.00019,0.00019
310,2,32,0.00026,0.00025,0.00025,0.00025,0.00025,0.00024,0.00024,0.00024,0.00024,0.00023,0.00023,0.00023,0.00023,0.00023,0.00022,0.00022,0.00022,0.00022,0.00022,0.00021,0.00021,0.00021,0.00021,0.00021,0.00020,0.00020,0.00020
310,2,33,0.00027,0.00027,0.00027,0.00026,0.00026,0.00026,0.00026,0.00025,0.00025,0.00025,0.00025,0.00024,0.00024,0.00024,0.00024,0.00024,0.00023,0.00023,0.00023,0.00023,0.00022,0.00022,0.00022,0.00022,0.00022,0.00021,0.00021
310,2,34,0.00030,0.00029,0.00029,0.00029,0.00028,0.00028,0.00028,0.00028,0.00027,0.00027,0.00027,0.00027,0.00026,0.00026,0.00026,0.00026,0.00025,0.00025,0.00025,0.00025,0.00024,0.00024,0.00024,0.00024,0.00023,0.00023,0.00023
310,2,35,0.00032,0.00032,0.00032,0.00031,0.00031,0.00031,0.00030,0.00030,0.00030,0.00029,0.00029,0.00029,0.00029,0.00028,0.00028,0.00028,0.00028,0.00027,0.00027,0.00027,0.00026,0.00026,0.00026,0.00026,0.00025,0.00025,0.00025
310,2,36,0.00035,0.00035,0.00034,0.00034,0.00033,0.00033,0.00033,0.00032,0.00032,0.00032,0.00031,0.00031,0.00031,0.00031,0.00030,0.00030,0.00030,0.00029,0.00029,0.00029,0.00028,0.00028,0.00028,0.00028,0.00027,0.00027,0.00027
310,2,37,0.00039,0.00039,0.00038,0.00038,0.00037,0.00037,0.00037,0.00036,0.00036,0.00035,0.00035,0.00035,0.00034,0.00034,0.00034,0.00033,0.00033,0.00033,0.00032,0.00032,0.00032,0.00031,0.00031,0.00031,0.00030,0.00030,0.00030
310,2,38,0.00043,0.00042,0.00042,0.00041,0.00041,0.00040,0.00040,0.00040,0.00039,0.00039,0.00038,0.00038,0.00037,0.00037,0.00037,0.00036,0.00036,0.00035,0.00035,0.00035,0.00034,0.00034,0.00034,0.00033,0.00033,0.00033,0.00032
310,2,39,0.00047,0.00047,0.00046,0.00046,0.00045,0.00045,0.00044,0.00043,0.00043,0.00042,0.00042,0.00041,0.00041,0.00041,0.00040,0.00040,0.00039,0.00039,0.00038,0.00038,0.00038,0.00037,0.00037,0.00037,0.00036,0.00036,0.00035
310,2,40,0.00053,0.00052,0.00052,0.00051,0.00050,0.00050,0.00049,0.00049,0.00048,0.00047,0.00047,0.00046,0.00046,0.00045,0.00045,0.00044,0.00044,0.00043,0.00043,0.00042,0.00042,0.00041,0.00041,0.00041,0.00040,0.00040,0.00039
310,2,41,0.00059,0.00059,0.00058,0.00057,0.00056,0.00055,0.00055,0.00054,0.00053,0.00053,0.00052,0.00051,0.00051,0.00050,0.00050,0.00049,0.00048,0.00048,0.00047,0.00047,0.00046,0.00046,0.00045,0.00045,0.00044,0.00044,0.00044
310,2,42,0.00066,0.00065,0.00064,0.00063,0.00062,0.00061,0.00060,0.00060,0.00059,0.00058,0.00057,0.00057,0.00056,0.00055,0.00055,0.00054,0.00053,0.00053,0.00052,0.00052,0.00051,0.00050,0.00050,0.00049,0.00049,0.00048,0.00048
310,2,43,0.00074,0.00073,0.00072,0.00071,0.00070,0.00069,0.00068,0.00067,0.00066,0.00065,0.00064,0.00063,0.00062,0.00062,0.00061,0.00060,0.00059,0.00059,0.00058,0.00057,0.00057,0.00056,0.00055,0.00055,0.00054,0.00054,0.00053
310,2,44,0.00082,0.00081,0.00079,0.00078,0.00077,0.00076,0.00075,0.00073,0.00072,0.00071,0.00070,0.00069,0.00068,0.00068,0.00067,0.00066,0.00065,0.00064,0.00064,0.00063,0.00062,0.00061,0.00061,0.00060,0.00060,0.00059,0.00058
310,2,45,0.00090,0.00088,0.00087,0.00085,0.00084,0.00083,0.00082,0.00080,0.00079,0.00078,0.00077,0.00076,0.00075,0.00074,0.00073,0.00072,0.00071,0.00070,0.00069,0.00068,0.00068,0.00067,0.00066,0.00065,0.00065,0.00064,0.00064
310,2,46,0.00100,0.00098,0.00096,0.00095,0.00093,0.00092,0.00090,0.00089,0.00087,0.00086,0.00085,0.00084,0.00082,0.00081,0.00080,0.00079,0.00078,0.00077,0.00076,0.00075,0.00074,0.00073,0.00073,0.00072,0.00071,0.00070,0.00070
310,2,47,0.00111,0.00109,0.00107,0.00106,0.00104,0.00102,0.00100,0.00099,0.00097,0.00096,0.00094,0.00093,0.00091,0.00090,0.00089,0.00088,0.00086,0.00085,0.00084,0.00083,0.00082,0.00081,0.00080,0.00079,0.00078,0.00078,0.00077
310,2,48,0.00120,0.00118,0.00116,0.00114,0.00112,0.00110,0.00109,0.00107,0.00105,0.00103,0.00102,0.00100,0.00099,0.00097,0.00096,0.00095,0.00093,0.00092,0.00091,0.00090,0.00089,0.00087,0.00086,0.00085,0.00084,0.00084,0.00083
310,2,49,0.00130,0.00128,0.00126,0.00124,0.00122,0.00119,0.00117,0.00116,0.00114,0.00112,0.00110,0.00108,0.00107,0.00105,0.00104,0.00102,0.00101,0.00099,0.00098,0.00097,0.00096,0.00094,0.00093,0.00092,0.00091,0.00090,0.00089
310,2,50,0.00141,0.00139,0.00136,0.00134,0.00131,0.00129,0.00127,0.00125,0.00123,0.00121,0.00119,0.00117,0.00115,0.00114,0.00112,0.00110,0.00109,0.00107,0.00106,0.00104,0.00103,0.00102,0.00100,0.00099,0.00098,0.00097,0.00096
310,2,51,0.00154,0.00151,0.00148,0.00146,0.00143,0.00141,0.00138,0.00136,0.00134,0.00132,0.00130,0.00128,0.00126,0.00124,0.00122,0.00120,0.00118,0.00117,0.00115,0.00113,0.00112,0.00110,0.00109,0.00108,0.00106,0.00105,0.00104
310,2,52,0.00166,0.00163,0.00160,0.00157,0.00155,0.00152,0.00150,0.00147,0.00145,0.00142,0.00140,0.00138,0.00136,0.00134,0.00132,0.00130,0.00128,0.00126,0.00124,0.00122,0.00121,0.00119,0.00117,0.00116,0.00114,0.00113,0.00112
310,2,53,0.00180,0.00177,0.00174,0.00171,0.00168,0.00165,0.00162,0.00160,0.00157,0.00154,0.00152,0.00149,0.00147,0.00145,0.00143,0.00140,0.00138,0.00136,0.00134,0.00132,0.00130,0.00129,0.00127,0.00125,0.00124,0.00122,0.00120
310,2,54,0.00202,0.00198,0.00195,0.00191,0.00188,0.00185,0.00182,0.00178,0.00176,0.00173,0.00170,0.00167,0.00164,0.00162,0.00159,0.00157,0.00154,0.00152,0.00150,0.00148,0.00146,0.00144,0.00142,0.00140,0.00138,0.00136,0.00134
310,2,55,0.00214,0.00210,0.00207,0.00203,0.00199,0.00196,0.00193,0.00189,0.00186,0.00183,0.00180,0.00177,0.00174,0.00171,0.00169,0.00166,0.00164,0.00161,0.00159,0.00156,0.00154,0.00152,0.00150,0.00147,0.00145,0.00143,0.00141
310,2,56,0.00245,0.00241,0.00237,0.00233,0.00228,0.00225,0.00221,0.00217,0.00213,0.00210,0.00206,0.00203,0.00199,0.00196,0.00193,0.00190,0.00187,0.00184,0.00181,0.00179,0.00176,0.00173,0.00171,0.00168,0.00166,0.00164,0.00161
310,2,57,0.00272,0.00267,0.00262,0.00257,0.00253,0.00248,0.00244,0.00240,0.00236,0.00232,0.00228,0.00224,0.00220,0.00217,0.00213,0.00210,0.00207,0.00203,0.00200,0.00197,0.00194,0.00191,0.00188,0.00185,0.00183,0.00180,0.00177
310,2,58,0.00308,0.00302,0.00297,0.00291,0.00286,0.00281,0.00276,0.00272,0.00267,0.00262,0.00258,0.00254,0.00249,0.00245,0.00241,0.00237,0.00233,0.00230,0.00226,0.00223,0.00219,0.00216,0.00212,0.00209,0.00206,0.00203,0.00200
310,2,59,0.00335,0.00329,0.00323,0.00317,0.00312,0.00306,0.00301,0.00296,0.00291,0.00286,0.00281,0.00276,0.00272,0.00267,0.00263,0.00258,0.00254,0.00250,0.00246,0.00242,0.00238,0.00235,0.00231,0.00228,0.00224,0.00221,0.00217
310,2,60,0.00387,0.00381,0.00374,0.00368,0.00362,0.00356,0.00350,0.00344,0.00338,0.00332,0.00327,0.00321,0.00316,0.00311,0.00306,0.00301,0.00296,0.00291,0.00286,0.00282,0.00277,0.00273,0.00268,0.00264,0.00260,0.00256,0.00252
310,2,61,0.00432,0.00425,0.00418,0.00411,0.00405,0.00398,0.00392,0.00385,0.00379,0.00373,0.00367,0.00361,0.00355,0.00349,0.00344,0.00338,0.00333,0.00327,0.00322,0.00317,0.00312,0.00307,0.00302,0.00297,0.00292,0.00287,0.00283
310,2,62,0.00462,0.00455,0.00448,0.00441,0.00434,0.00427,0.00420,0.00414,0.00407,0.00401,0.00394,0.00388,0.00382,0.00376,0.00370,0.00364,0.00358,0.00352,0.00346,0.00341,0.00335,0.00329,0.00324,0.00319,0.00314,0.00308,0.00303
310,2,63,0.00528,0.00520,0.00512,0.00504,0.00496,0.00489,0.00481,0.00474,0.00466,0.00459,0.00452,0.00445,0.00438,0.00431,0.00424,0.00417,0.00410,0.00404,0.00397,0.00390,0.00384,0.00378,0.00371,0.00365,0.00359,0.00353,0.00347
310,2,64,0.00583,0.00574,0.00566,0.00558,0.00549,0.00541,0.00533,0.00525,0.00517,0.00509,0.00501,0.00493,0.00485,0.00478,0.00470,0.00462,0.00455,0.00448,0.00440,0.00433,0.00426,0.00419,0.00412,0.00405,0.00398,0.00391,0.00384
310,2,65,0.00665,0.00656,0.00647,0.00638,0.00628,0.00619,0.00610,0.00601,0.00592,0.00583,0.00574,0.00565,0.00557,0.00548,0.00539,0.00531,0.00522,0.00514,0.00505,0.00497,0.00489,0.00481,0.00472,0.00464,0.00456,0.00448,0.00441
310,2,66,0.00730,0.00720,0.00710,0.00700,0.00690,0.00681,0.00671,0.00661,0.00651,0.00642,0.00632,0.00622,0.00613,0.00603,0.00594,0.00585,0.00575,0.00566,0.00557,0.00548,0.00539,0.00530,0.00521,0.00512,0.00503,0.00494,0.00485
310,2,67,0.00797,0.00786,0.00776,0.00765,0.00755,0.00744,0.00734,0.00723,0.00713,0.00703,0.00692,0.00682,0.00672,0.00662,0.00651,0.00641,0.00631,0.00621,0.00611,0.00601,0.00591,0.00581,0.00572,0.00562,0.00552,0.00543,0.00533
310,2,68,0.00891,0.00880,0.00868,0.00857,0.00845,0.00834,0.00823,0.00811,0.00800,0.00788,0.00777,0.00765,0.00754,0.00743,0.00731,0.00720,0.00709,0.00698,0.00687,0.00676,0.00665,0.00654,0.00643,0.00632,0.00621,0.00610,0.00600
310,2,69,0.00974,0.00962,0.00950,0.00938,0.00925,0.00913,0.00901,0.00888,0.00876,0.00864,0.00851,0.00839,0.00827,0.00814,0.00802,0.00790,0.00778,0.00765,0.00753,0.00741,0.00729,0.00717,0.00705,0.00693,0.00682,0.00670,0.00658
310,2,70,0.01094,0.01080,0.01067,0.01053,0.01040,0.01026,0.01012,0.00999,0.00985,0.00971,0.00957,0.00944,0.00930,0.00916,0.00902,0.00889,0.00875,0.00861,0.00848,0.00834,0.00821,0.00807,0.00794,0.00780,0.00767,0.00754,0.00741
310,2,71,0.01214,0.01199,0.01184,0.01169,0.01154,0.01139,0.01124,0.01109,0.01094,0.01078,0.01063,0.01048,0.01033,0.01018,0.01002,0.00987,0.00972,0.00957,0.00942,0.00927,0.00912,0.00897,0.00882,0.00867,0.00852,0.00837,0.00823
310,2,72,0.01340,0.01324,0.01307,0.01291,0.01274,0.01258,0.01241,0.01225,0.01208,0.01191,0.01175,0.01158,0.01141,0.01124,0.01107,0.01091,0.01074,0.01057,0.01040,0.01024,0.01007,0.00991,0.00974,0.00958,0.00941,0.00925,0.00909
310,2,73,0.01502,0.01484,0.01466,0.01448,0.01429,0.01411,0.01392,0.01373,0.01355,0.01336,0.01317,0.01298,0.01279,0.01261,0.01242,0.01223,0.01204,0.01185,0.01167,0.01148,0.01129,0.01111,0.01092,0.01073,0.01055,0.01037,0.01018
310,2,74,0.01663,0.01642,0.01622,0.01602,0.01581,0.01561,0.01540,0.01520,0.01499,0.01478,0.01457,0.01436,0.01416,0.01395,0.01374,0.01353,0.01332,0.01311,0.01290,0.01270,0.01249,0.01228,0.01208,0.01187,0.01167,0.01146,0.01126
310,2,75,0.01846,0.01824,0.01801,0.01778,0.01756,0.01733,0.01710,0.01687,0.01664,0.01640,0.01617,0.01594,0.01571,0.01548,0.01524,0.01501,0.01478,0.01455,0.01432,0.01409,0.01386,0.01363,0.01340,0.01317,0.01294,0.01272,0.01249
310,2,76,0.02049,0.02024,0.01999,0.01974,0.01948,0.01923,0.01897,0.01872,0.01846,0.01820,0.01794,0.01769,0.01743,0.01717,0.01691,0.01665,0.01640,0.01614,0.01588,0.01563,0.01537,0.01512,0.01486,0.01461,0.01436,0.01411,0.01386
310,2,77,0.02311,0.02283,0.02254,0.02226,0.02197,0.02168,0.02139,0.02110,0.02081,0.02052,0.02023,0.01994,0.01964,0.01935,0.01906,0.01877,0.01848,0.01819,0.01790,0.01762,0.01733,0.01704,0.01676,0.01648,0.01619,0.01591,0.01563
310,2,78,0.02628,0.02595,0.02562,0.02530,0.02497,0.02464,0.02431,0.02398,0.02365,0.02332,0.02299,0.02266,0.02233,0.02200,0.02167,0.02134,0.02101,0.02068,0.02035,0.02003,0.01971,0.01938,0.01906,0.01874,0.01842,0.01811,0.01779
310,2,79,0.02964,0.02927,0.02890,0.02853,0.02816,0.02778,0.02741,0.02704,0.02667,0.02629,0.02592,0.02555,0.02518,0.02481,0.02444,0.02407,0.02370,0.02334,0.02297,0.02261,0.02224,0.02188,0.02152,0.02117,0.02081,0.02046,0.02011
320,1,0,0.00369,0.00366,0.00362,0.00359,0.00355,0.00352,0.00349,0.00345,0.00342,0.00339,0.00335,0.00332,0.00329,0.00326,0.00323,0.00320,0.00317,0.00313,0.00310,0.00308,0.00305,0.00302,0.00299,0.00296,0.00293,0.00290,0.00287
320,1,1,0.00058,0.00057,0.00056,0.00056,0.00055,0.00055,0.00054,0.00054,0.00053,0.00053,0.00052,0.00052,0.00051,0.00051,0.00050,0.00050,0.00049,0.00049,0.00048,0.00048,0.00047,0.00047,0.00047,0.00046,0.00046,0.00045,0.00045
320,1,2,0.00020,0.00020,0.00020,0.00020,0.00019,0.00019,0.00019,0.00019,0.00019,0.00019,0.00018,0.00018,0.00018,0.00018,0.00018,0.00017,0.00017,0.00017,0.00017,0.00017,0.00017,0.00016,0.00016,0.00016,0.00016,0.00016,0.00016
320,1,3,0.00015,0.00015,0.00015,0.00014,0.00014,0.00014,0.00014,0.00014,0.00014,0.00014,0.00014,0.00013,0.00013,0.00013,0.00013,0.00013,0.00013,0.00013,0.00013,0.00012,0.00012,0.00012,0.00012,0.00012,0.00012,0.00012,0.00012
320,1,4,0.00012,0.00012,0.00012,0.00012,0.00011,0.00011,0.00011,0.00011,0.00011,0.00011,0.00011,0.00011,0.00011,0.00011,0.00010,0.00010,0.00010,0.00010,0.00010,0.00010,0.00010,0.00010,0.00010,0.00010,0.00009,0.00009,0.00009
320,1,5,0.00009,0.00009,0.00009,0.00009,0.00009,0.00009,0.00009,0.00009,0.00009,0.00009,0.00008,0.00008,0.00008,0.00008,0.00008,0.00008,0.00008,0.00008,0.00008,0.00008,0.00008,0.00008,0.00008,0.00007,0.00007,0.00007,0.00007
320,1,6,0.00008,0.00008,0.00008,0.00008,0.00008,0.00008,0.00008,0.00008,0.00008,0.00007,0.00007,0.00007,0.00007,0.00007,0.00007,0.00007,0.00007,0.00007,0.00007,0.00007,0.00007,0.00007,0.00007,0.00007,0.00006,0.00006,0.00006
320,1,7,0.00007,0.00007,0.00007,0.00007,0.00007,0.00007,0.00007,0.00007,0.00007,0.00007,0.00007,0.00007,0.00007,0.00006,0.00006,0.00006,0.00006,0.00006,0.00006,0.00006,0.00006,0.00006,0.00006,0.00006,0.00006,0.00006,0.00006
320,1,8,0.00007,0.00007,0.00007,0.00007,0.00007,0.00007,0.00007,0.00007,0.00007,0.00007,0.00007,0.00007,0.00007,0.00007,0.00006,0.00006,0.00006,0.00006,0.00006,0.00006,0.00006,0.00006,0.00006,0.00006,0.00006,0.00006,0.00006
320,1,9,0.00007,0.00007,0.00007,0.00007,0.00007,0.00007,0.00007,0.00007,0.00007,0.00007,0.00007,0.00007,0.00006,0.00006,0.00006,0.00006,0.00006,0.00006,0.00006,0.00006,0.00006,0.00006,0.00006,0.00006,0.00006,0.00006,0.00006
320,1,10,0.00008,0.00008,0.00008,0.00008,0.00007,0.00007,0.00007,0.00007,0.00007,0.00007,0.00007,0.00007,0.00007,0.00007,0.00007,0.00007,0.00007,0.00007,0.00006,0.00006,0.00006,0.00006,0.00006,0.00006,0.00006,0.00006,0.00006
320,1,11,0.00009,0.00009,0.00009,0.00009,0.00009,0.00009,0.00009,0.00009,0.00009,0.00008,0.00008,0.00008,0.00008,0.00008,0.00008,0.00008,0.00008,0.00008,0.00008,0.00008,0.00008,0.00008,0.00007,0.00007,0.00007,0.00007,0.00007
320,1,12,0.00010,0.00010,0.00010,0.00010,0.00010,0.00010,0.00010,0.00010,0.00010,0.00010,0.00009,0.00009,0.00009,0.00009,0.00009,0.00009,0.00009,0.00009,0.00009,0.00009,0.00009,0.00009,0.00008,0.00008,0.00008,0.00008,0.00008
320,1,13,0.00013,0.00013,0.00013,0.00013,0.00013,0.00013,0.00013,0.00013,0.00012,0.00012,0.00012,0.00012,0.00012,0.00012,0.00012,0.00012,0.00012,0.00011,0.00011,0.00011,0.00011,0.00011,0.00011,0.00011,0.00011,0.00011,0.00010
320,1,14,0.00017,0.00017,0.00016,0.00016,0.00016,0.00016,0.00016,0.00016,0.00016,0.00015,0.00015,0.00015,0.00015,0.00015,0.00015,0.00015,0.00014,0.00014,0.00014,0.00014,0.00014,0.00014,0.00014,0.00013,0.00013,0.00013,0.00013
320,1,15,0.00022,0.00022,0.00022,0.00021,0.00021,0.00021,0.00021,0.00021,0.00020,0.00020,0.00020,0.00020,0.00020,0.00019,0.00019,0.00019,0.00019,0.00019,0.00018,0.00018,0.00018,0.00018,0.00018,0.00018,0.00017,0.00017,0.00017
320,1,16,0.00027,0.00027,0.00027,0.00027,0.00026,0.00026,0.00026,0.00026,0.00025,0.00025,0.00025,0.00025,0.00024,0.00024,0.00024,0.00024,0.00024,0.00023,0.00023,0.00023,0.00023,0.00022,0.00022,0.00022,0.00022,0.00022,0.00021
320,1,17,0.00036,0.00036,0.00035,0.00035,0.00035,0.00034,0.00034,0.00034,0.00033,0.00033,0.00033,0.00033,0.00032,0.00032,0.00032,0.00031,0.00031,0.00031,0.00030,0.00030,0.00030,0.00030,0.00029,0.00029,0.00029,0.00028,0.00028
320,1,18,0.00044,0.00044,0.00043,0.00043,0.00042,0.00042,0.00042,0.00041,0.00041,0.00040,0.00040,0.00040,0.00039,0.00039,0.00038,0.00038,0.00038,0.00037,0.00037,0.00037,0.00036,0.00036,0.00036,0.00035,0.00035,0.00035,0.00034
320,1,19,0.00053,0.00052,0.00052,0.00051,0.00051,0.00050,0.00050,0.00049,0.00049,0.00048,0.00048,0.00047,0.00047,0.00047,0.00046,0.00046,0.00045,0.00045,0.00044,0.00044,0.00044,0.00043,0.00043,0.00042,0.00042,0.00041,0.00041
320,1,20,0.00059,0.00058,0.00058,0.00057,0.00057,0.00056,0.00056,0.00055,0.00055,0.00054,0.00054,0.00053,0.00053,0.00052,0.00052,0.00051,0.00051,0.00050,0.00050,0.00049,0.00049,0.00048,0.00048,0.00047,0.00047,0.00046,0.00046
320,1,21,0.00062,0.00062,0.00061,0.00060,0.00060,0.00059,0.00059,0.00058,0.00058,0.00057,0.00056,0.00056,0.00055,0.00055,0.00054,0.00054,0.00053,0.00053,0.00052,0.00052,0.00051,0.00051,0.00050,0.00050,0.00049,0.00049,0.00048
320,1,22,0.00063,0.00063,0.00062,0.00061,0.00061,0.00060,0.00060,0.00059,0.00059,0.00058,0.00057,0.00057,0.00056,0.00056,0.00055,0.00055,0.00054,0.00054,0.00053,0.00053,0.00052,0.00052,0.00051,0.00051,0.00050,0.00050,0.00049
320,1,23,0.00063,0.00062,0.00062,0.00061,0.00060,0.00060,0.00059,0.00059,0.00058,0.00058,0.00057,0.00056,0.00056,0.00055,0.00055,0.00054,0.00054,0.00053,0.00053,0.00052,0.00052,0.00051,0.00051,0.00050,0.00050,0.00049,0.00049
320,1,24,0.00060,0.00059,0.00059,0.00058,0.00058,0.00057,0.00057,0.00056,0.00056,0.00055,0.00055,0.00054,0.00053,0.00053,0.00052,0.00052,0.00051,0.00051,0.00050,0.00050,0.00050,0.00049,0.00049,0.00048,0.00048,0.00047,0.00047
320,1,25,0.00056,0.00056,0.00055,0.00055,0.00054,0.00054,0.00053,0.00053,0.00052,0.00052,0.00051,0.00051,0.00050,0.00050,0.00049,0.00049,0.00048,0.00048,0.00047,0.00047,0.00047,0.00046,0.00046,0.00045,0.00045,0.00044,0.00044
320,1,26,0.00058,0.00058,0.00057,0.00056,0.00056,0.00055,0.00055,0.00054,0.00054,0.00053,0.00053,0.00052,0.00052,0.00051,0.00051,0.00050,0.00050,0.00049,0.00049,0.00048,0.00048,0.00047,0.00047,0.00047,0.00046,0.00046,0.00045
320,1,27,0.00059,0.00058,0.00058,0.00057,0.00057,0.00056,0.00056,0.00055,0.00055,0.00054,0.00053,0.00053,0.00052,0.00052,0.00051,0.00051,0.00050,0.00050,0.00049,0.00049,0.00049,0.00048,0.00048,0.00047,0.00047,0.00046,0.00046
320,1,28,0.00059,0.00059,0.00058,0.00057,0.00057,0.00056,0.00056,0.00055,0.00055,0.00054,0.00054,0.00053,0.00053,0.00052,0.00052,0.00051,0.00051,0.00050,0.00050,0.00049,0.00049,0.00048,0.00048,0.00047,0.00047,0.00046,0.00046
320,1,29,0.00058,0.00057,0.00057,0.00056,0.00056,0.00055,0.00055,0.00054,0.00054,0.00053,0.00053,0.00052,0.00052,0.00051,0.00051,0.00050,0.00050,0.00049,0.00049,0.00048,0.00048,0.00047,0.00047,0.00046,0.00046,0.00046,0.00045
320,1,30,0.00057,0.00057,0.00056,0.00056,0.00055,0.00055,0.00054,0.00054,0.00053,0.00053,0.00052,0.00052,0.00051,0.00051,0.00050,0.00050,0.00049,0.00049,0.00048,0.00048,0.00047,0.00047,0.00046,0.00046,0.00045,0.00045,0.00045
320,1,31,0.00057,0.00056,0.00056,0.00055,0.00055,0.00054,0.00054,0.00053,0.00053,0.00052,0.00052,0.00051,0.00051,0.00050,0.00050,0.00049,0.00049,0.00048,0.00048,0.00047,0.00047,0.00046,0.00046,0.00046,0.00045,0.00045,0.00044
320,1,32,0.00056,0.00055,0.00055,0.00054,0.00054,0.00053,0.00053,0.00052,0.00052,0.00051,0.00051,0.00050,0.00050,0.00049,0.00049,0.00048,0.00048,0.00047,0.00047,0.00046,0.00046,0.00046,0.00045,0.00045,0.00044,0.00044,0.00043
320,1,33,0.00055,0.00054,0.00054,0.00053,0.00053,0.00052,0.00052,0.00051,0.00051,0.00050,0.00050,0.00049,0.00049,0.00048,0.00048,0.00047,0.00047,0.00047,0.00046,0.00046,0.00045,0.00045,0.00044,0.00044,0.00043,0.00043,0.00043
320,1,34,0.00056,0.00056,0.00055,0.00055,0.00054,0.00054,0.00053,0.00053,0.00052,0.00052,0.00051,0.00051,0.00050,0.00050,0.00049,0.00049,0.00048,0.00048,0.00047,0.00047,0.00046,0.00046,0.00046,0.00045,0.00045,0.00044,0.00044
320,1,35,0.00056,0.00056,0.00055,0.00055,0.00054,0.00054,0.00053,0.00053,0.00052,0.00052,0.00051,0.00051,0.00050,0.00050,0.00049,0.00049,0.00048,0.00048,0.00047,0.00047,0.00046,0.00046,0.00045,0.00045,0.00045,0.00044,0.00044
320,1,36,0.00057,0.00057,0.00056,0.00055,0.00055,0.00054,0.00054,0.00053,0.00053,0.00052,0.00052,0.00051,0.00051,0.00050,0.00050,0.00049,0.00049,0.00048,0.00048,0.00047,0.00047,0.00046,0.00046,0.00045,0.00045,0.00044,0.00044
320,1,37,0.00059,0.00058,0.00058,0.00057,0.00056,0.00056,0.00055,0.00055,0.00054,0.00053,0.00053,0.00052,0.00052,0.00051,0.00051,0.00050,0.00050,0.00049,0.00049,0.00048,0.00048,0.00047,0.00047,0.00046,0.00046,0.00045,0.00045
320,1,38,0.00062,0.00062,0.00061,0.00060,0.00059,0.00059,0.00058,0.00057,0.00057,0.00056,0.00056,0.00055,0.00054,0.00054,0.00053,0.00053,0.00052,0.00052,0.00051,0.00050,0.00050,0.00049,0.00049,0.00048,0.00048,0.00048,0.00047
320,1,39,0.00064,0.00064,0.00063,0.00062,0.00061,0.00061,0.00060,0.00059,0.00058,0.00058,0.00057,0.00056,0.00056,0.00055,0.00055,0.00054,0.00053,0.00053,0.00052,0.00052,0.00051,0.00051,0.00050,0.00050,0.00049,0.00049,0.00048
320,1,40,0.00067,0.00066,0.00066,0.00065,0.00064,0.00063,0.00062,0.00062,0.00061,0.00060,0.00059,0.00059,0.00058,0.00057,0.00057,0.00056,0.00055,0.00055,0.00054,0.00054,0.00053,0.00053,0.00052,0.00051,0.00051,0.00050,0.00050
320,1,41,0.00072,0.00071,0.00070,0.00069,0.00068,0.00067,0.00066,0.00065,0.00065,0.00064,0.00063,0.00062,0.00061,0.00061,0.00060,0.00059,0.00059,0.00058,0.00057,0.00057,0.00056,0.00056,0.00055,0.00054,0.00054,0.00053,0.00053
320,1,42,0.00078,0.00077,0.00075,0.00074,0.00073,0.00072,0.00071,0.00070,0.00069,0.00069,0.00068,0.00067,0.00066,0.00065,0.00064,0.00064,0.00063,0.00062,0.00061,0.00061,0.00060,0.00059,0.00059,0.00058,0.00058,0.00057,0.00057
320,1,43,0.00083,0.00081,0.00080,0.00079,0.00078,0.00077,0.00075,0.00074,0.00073,0.00072,0.00071,0.00070,0.00070,0.00069,0.00068,0.00067,0.00066,0.00065,0.00065,0.00064,0.00063,0.00063,0.00062,0.00061,0.00061,0.00060,0.00060
320,1,44,0.00089,0.00087,0.00086,0.00085,0.00083,0.00082,0.00081,0.00080,0.00079,0.00078,0.00076,0.00075,0.00074,0.00073,0.00073,0.00072,0.00071,0.00070,0.00069,0.00068,0.00068,0.00067,0.00066,0.00065,0.00065,0.00064,0.00063
320,1,45,0.00097,0.00095,0.00093,0.00092,0.00090,0.00089,0.00088,0.00086,0.00085,0.00084,0.00083,0.00081,0.00080,0.00079,0.00078,0.00077,0.00076,0.00075,0.00074,0.00074,0.00073,0.00072,0.00071,0.00070,0.00070,0.00069,0.00068
320,1,46,0.00106,0.00104,0.00102,0.00100,0.00099,0.00097,0.00096,0.00094,0.00093,0.00091,0.00090,0.00088,0.00087,0.00086,0.00085,0.00084,0.00083,0.00082,0.00081,0.00080,0.00079,0.00078,0.00077,0.00076,0.00075,0.00074,0.00074
320,1,47,0.00116,0.00114,0.00112,0.00110,0.00108,0.00106,0.00105,0.00103,0.00101,0.00100,0.00098,0.00097,0.00095,0.00094,0.00093,0.00091,0.00090,0.00089,0.00088,0.00087,0.00086,0.00085,0.00084,0.00083,0.00082,0.00081,0.00080
320,1,48,0.00125,0.00122,0.00120,0.00118,0.00116,0.00114,0.00112,0.00110,0.00108,0.00107,0.00105,0.00103,0.00102,0.00100,0.00099,0.00098,0.00096,0.00095,0.00094,0.00092,0.00091,0.00090,0.00089,0.00088,0.00087,0.00086,0.00085
320,1,49,0.00134,0.00132,0.00129,0.00127,0.00125,0.00123,0.00121,0.00118,0.00117,0.00115,0.00113,0.00111,0.00109,0.00108,0.00106,0.00105,0.00103,0.00102,0.00100,0.00099,0.00098,0.00097,0.00095,0.00094,0.00093,0.00092,0.00091
320,1,50,0.00142,0.00140,0.00137,0.00135,0.00132,0.00130,0.00128,0.00125,0.00123,0.00121,0.00119,0.00117,0.00116,0.00114,0.00112,0.00110,0.00109,0.00107,0.00106,0.00104,0.00103,0.00102,0.00100,0.00099,0.00098,0.00097,0.00096
320,1,51,0.00154,0.00151,0.00148,0.00145,0.00143,0.00140,0.00138,0.00135,0.00133,0.00131,0.00129,0.00127,0.00125,0.00123,0.00121,0.00119,0.00117,0.00116,0.00114,0.00112,0.00111,0.00109,0.00108,0.00106,0.00105,0.00104,0.00103
320,1,52,0.00162,0.00159,0.00156,0.00153,0.00151,0.00148,0.00145,0.00143,0.00140,0.00138,0.00136,0.00133,0.00131,0.00129,0.00127,0.00125,0.00123,0.00121,0.00120,0.00118,0.00116,0.00115,0.00113,0.00112,0.00110,0.00109,0.00107
320,1,53,0.00197,0.00193,0.00190,0.00186,0.00183,0.00179,0.00176,0.00173,0.00170,0.00167,0.00164,0.00161,0.00159,0.00156,0.00154,0.00151,0.00149,0.00147,0.00144,0.00142,0.00140,0.00138,0.00136,0.00135,0.00133,0.00131,0.00129
320,1,54,0.00221,0.00217,0.00213,0.00209,0.00205,0.00201,0.00197,0.00194,0.00190,0.00187,0.00184,0.00180,0.00177,0.00174,0.00172,0.00169,0.00166,0.00164,0.00161,0.00159,0.00156,0.00154,0.00152,0.00150,0.00148,0.00146,0.00144
320,1,55,0.00243,0.00238,0.00233,0.00229,0.00224,0.00220,0.00216,0.00212,0.00208,0.00204,0.00201,0.00197,0.00194,0.00191,0.00187,0.00184,0.00181,0.00179,0.00176,0.00173,0.00170,0.00168,0.00165,0.00163,0.00161,0.00159,0.00156
320,1,56,0.00255,0.00250,0.00245,0.00241,0.00236,0.00231,0.00227,0.00223,0.00219,0.00215,0.00211,0.00207,0.00204,0.00200,0.00197,0.00193,0.00190,0.00187,0.00184,0.00181,0.00178,0.00176,0.00173,0.00170,0.00168,0.00166,0.00163
320,1,57,0.00280,0.00275,0.00269,0.00264,0.00259,0.00254,0.00249,0.00244,0.00240,0.00235,0.00231,0.00227,0.00223,0.00219,0.00215,0.00211,0.00208,0.00204,0.00201,0.00198,0.00195,0.00192,0.00189,0.00186,0.00183,0.00180,0.00178
320,1,58,0.00316,0.00309,0.00303,0.00297,0.00291,0.00285,0.00280,0.00274,0.00269,0.00264,0.00259,0.00254,0.00250,0.00245,0.00241,0.00237,0.00233,0.00229,0.00225,0.00221,0.00218,0.00214,0.00211,0.00208,0.00204,0.00201,0.00198
320,1,59,0.00359,0.00352,0.00345,0.00338,0.00331,0.00324,0.00318,0.00312,0.00306,0.00300,0.00294,0.00289,0.00284,0.00279,0.00274,0.00269,0.00264,0.00260,0.00255,0.00251,0.00247,0.00243,0.00239,0.00235,0.00231,0.00228,0.00224
320,1,60,0.00395,0.00387,0.00379,0.00372,0.00364,0.00357,0.00350,0.00343,0.00336,0.00330,0.00324,0.00317,0.00312,0.00306,0.00300,0.00295,0.00290,0.00285,0.00280,0.00275,0.00270,0.00266,0.00261,0.00257,0.00253,0.00249,0.00245
320,1,61,0.00442,0.00433,0.00424,0.00415,0.00407,0.00399,0.00391,0.00383,0.00376,0.00368,0.00361,0.00355,0.00348,0.00342,0.00335,0.00329,0.00323,0.00317,0.00312,0.00306,0.00301,0.00296,0.00291,0.00286,0.00282,0.00277,0.00272
320,1,62,0.00486,0.00476,0.00466,0.00457,0.00447,0.00438,0.00430,0.00421,0.00413,0.00405,0.00397,0.00390,0.00382,0.00375,0.00368,0.00361,0.00355,0.00348,0.00342,0.00336,0.00330,0.00324,0.00319,0.00313,0.00308,0.00303,0.00298
320,1,63,0.00541,0.00530,0.00519,0.00508,0.00498,0.00488,0.00478,0.00469,0.00460,0.00451,0.00442,0.00434,0.00425,0.00417,0.00410,0.00402,0.00395,0.00387,0.00380,0.00374,0.00367,0.00360,0.00354,0.00348,0.00342,0.00336,0.00331
320,1,64,0.00603,0.00590,0.00578,0.00566,0.00555,0.00544,0.00533,0.00522,0.00512,0.00502,0.00492,0.00483,0.00474,0.00465,0.00456,0.00447,0.00439,0.00431,0.00423,0.00415,0.00408,0.00400,0.00393,0.00386,0.00380,0.00373,0.00366
320,1,65,0.00677,0.00663,0.00649,0.00636,0.00623,0.00611,0.00599,0.00587,0.00575,0.00564,0.00553,0.00542,0.00532,0.00522,0.00512,0.00502,0.00493,0.00484,0.00475,0.00466,0.00458,0.00449,0.00441,0.00434,0.00426,0.00418,0.00411
320,1,66,0.00747,0.00731,0.00716,0.00702,0.00688,0.00674,0.00660,0.00647,0.00635,0.00622,0.00610,0.00598,0.00587,0.00576,0.00565,0.00554,0.00544,0.00533,0.00524,0.00514,0.00504,0.00495,0.00486,0.00478,0.00469,0.00461,0.00453
320,1,67,0.00842,0.00824,0.00808,0.00791,0.00775,0.00760,0.00744,0.00730,0.00715,0.00701,0.00688,0.00674,0.00661,0.00649,0.00636,0.00624,0.00613,0.00601,0.00590,0.00579,0.00569,0.00559,0.00548,0.00539,0.00529,0.00520,0.00511
320,1,68,0.00924,0.00904,0.00886,0.00868,0.00850,0.00833,0.00816,0.00800,0.00784,0.00769,0.00754,0.00739,0.00725,0.00711,0.00698,0.00685,0.00672,0.00659,0.00647,0.00635,0.00624,0.00613,0.00602,0.00591,0.00580,0.00570,0.00560
320,1,69,0.01051,0.01030,0.01008,0.00988,0.00968,0.00948,0.00929,0.00911,0.00893,0.00875,0.00858,0.00841,0.00825,0.00809,0.00794,0.00779,0.00764,0.00750,0.00736,0.00723,0.00710,0.00697,0.00684,0.00672,0.00660,0.00649,0.00637
320,1,70,0.01196,0.01171,0.01147,0.01123,0.01100,0.01078,0.01056,0.01035,0.01014,0.00994,0.00975,0.00956,0.00938,0.00920,0.00902,0.00885,0.00868,0.00852,0.00836,0.00821,0.00806,0.00791,0.00777,0.00763,0.00750,0.00737,0.00724
320,1,71,0.01331,0.01303,0.01276,0.01250,0.01224,0.01199,0.01175,0.01152,0.01129,0.01106,0.01085,0.01063,0.01043,0.01023,0.01003,0.00984,0.00966,0.00947,0.00930,0.00913,0.00896,0.00880,0.00864,0.00848,0.00833,0.00819,0.00804
320,1,72,0.01517,0.01485,0.01454,0.01424,0.01395,0.01367,0.01339,0.01312,0.01286,0.01260,0.01236,0.01211,0.01188,0.01165,0.01143,0.01121,0.01100,0.01079,0.01059,0.01039,0.01020,0.01002,0.00984,0.00966,0.00949,0.00932,0.00916
320,1,73,0.01660,0.01626,0.01592,0.01559,0.01527,0.01496,0.01465,0.01436,0.01407,0.01379,0.01352,0.01325,0.01300,0.01275,0.01250,0.01226,0.01203,0.01180,0.01158,0.01137,0.01116,0.01096,0.01076,0.01056,0.01037,0.01019,0.01001
320,1,74,0.01882,0.01843,0.01805,0.01768,0.01731,0.01696,0.01662,0.01628,0.01596,0.01564,0.01533,0.01503,0.01474,0.01445,0.01418,0.01391,0.01364,0.01339,0.01314,0.01289,0.01265,0.01242,0.01220,0.01198,0.01176,0.01155,0.01135
320,1,75,0.02093,0.02049,0.02007,0.01966,0.01926,0.01887,0.01849,0.01811,0.01775,0.01740,0.01706,0.01673,0.01640,0.01609,0.01578,0.01548,0.01518,0.01490,0.01462,0.01435,0.01409,0.01383,0.01358,0.01333,0.01309,0.01286,0.01263
320,1,76,0.02340,0.02292,0.02245,0.02199,0.02155,0.02111,0.02069,0.02028,0.01988,0.01949,0.01911,0.01874,0.01837,0.01802,0.01768,0.01734,0.01702,0.01670,0.01639,0.01609,0.01579,0.01550,0.01522,0.01495,0.01468,0.01442,0.01417
320,1,77,0.02656,0.02602,0.02549,0.02498,0.02448,0.02399,0.02351,0.02305,0.02260,0.02216,0.02173,0.02131,0.02091,0.02051,0.02012,0.01974,0.01937,0.01902,0.01866,0.01832,0.01799,0.01766,0.01735,0.01704,0.01673,0.01644,0.01615
320,1,78,0.03010,0.02949,0.02890,0.02833,0.02777,0.02723,0.02670,0.02618,0.02568,0.02518,0.02470,0.02423,0.02378,0.02333,0.02290,0.02247,0.02206,0.02165,0.02126,0.02087,0.02050,0.02013,0.01977,0.01942,0.01908,0.01875,0.01842
320,1,79,0.03370,0.03304,0.03239,0.03176,0.03115,0.03055,0.02997,0.02940,0.02884,0.02830,0.02777,0.02725,0.02675,0.02625,0.02577,0.02530,0.02484,0.02439,0.02396,0.02353,0.02311,0.02270,0.02230,0.02192,0.02153,0.02116,0.02080
320,2,0,0.00317,0.00314,0.00311,0.00308,0.00305,0.00303,0.00300,0.00297,0.00294,0.00291,0.00288,0.00286,0.00283,0.00280,0.00277,0.00275,0.00272,0.00269,0.00267,0.00264,0.00262,0.00259,0.00257,0.00254,0.00252,0.00249,0.00247
320,2,1,0.00034,0.00034,0.00033,0.00033,0.00033,0.00033,0.00032,0.00032,0.00032,0.00031,0.00031,0.00031,0.00030,0.00030,0.00030,0.00030,0.00029,0.00029,0.00029,0.00028,0.00028,0.00028,0.00028,0.00027,0.00027,0.00027,0.00027
320,2,2,0.00011,0.00011,0.00011,0.00011,0.00011,0.00011,0.00011,0.00011,0.00010,0.00010,0.00010,0.00010,0.00010,0.00010,0.00010,0.00010,0.00010,0.00010,0.00009,0.00009,0.00009,0.00009,0.00009,0.00009,0.00009,0.00009,0.00009
320,2,3,0.00008,0.00008,0.00008,0.00008,0.00008,0.00008,0.00008,0.00008,0.00008,0.00008,0.00008,0.00008,0.00008,0.00007,0.00007,0.00007,0.00007,0.00007,0.00007,0.00007,0.00007,0.00007,0.00007,0.00007,0.00007,0.00007,0.00007
320,2,4,0.00007,0.00007,0.00007,0.00007,0.00007,0.00007,0.00007,0.00007,0.00007,0.00007,0.00007,0.00007,0.00006,0.00006,0.00006,0.00006,0.00006,0.00006,0.00006,0.00006,0.00006,0.00006,0.00006,0.00006,0.00006,0.00006,0.00006
320,2,5,0.00006,0.00006,0.00006,0.00005,0.00005,0.00005,0.00005,0.00005,0.00005,0.00005,0.00005,0.00005,0.00005,0.00005,0.00005,0.00005,0.00005,0.00005,0.00005,0.00005,0.00005,0.00005,0.00005,0.00005,0.00004,0.00004,0.00004
320,2,6,0.00005,0.00005,0.00005,0.00005,0.00005,0.00005,0.00005,0.00005,0.00005,0.00005,0.00004,0.00004,0.00004,0.00004,0.00004,0.00004,0.00004,0.00004,0.00004,0.00004,0.00004,0.00004,0.00004,0.00004,0.00004,0.00004,0.00004
320,2,7,0.00004,0.00004,0.00004,0.00004,0.00004,0.00004,0.00004,0.00004,0.00004,0.00004,0.00004,0.00004,0.00004,0.00004,0.00004,0.00004,0.00004,0.00004,0.00004,0.00004,0.00004,0.00004,0.00004,0.00004,0.00003,0.00003,0.00003
320,2,8,0.00004,0.00004,0.00004,0.00004,0.00004,0.00004,0.00004,0.00004,0.00004,0.00004,0.00003,0.00003,0.00003,0.00003,0.00003,0.00003,0.00003,0.00003,0.00003,0.00003,0.00003,0.00003,0.00003,0.00003,0.00003,0.00003,0.00003
320,2,9,0.00004,0.00004,0.00004,0.00004,0.00004,0.00004,0.00004,0.00003,0.00003,0.00003,0.00003,0.00003,0.00003,0.00003,0.00003,0.00003,0.00003,0.00003,0.00003,0.00003,0.00003,0.00003,0.00003,0.00003,0.00003,0.00003,0.00003
320,2,10,0.00004,0.00004,0.00004,0.00004,0.00004,0.00004,0.00004,0.00004,0.00004,0.00004,0.00003,0.00003,0.00003,0.00003,0.00003,0.00003,0.00003,0.00003,0.00003,0.00003,0.00003,0.00003,0.00003,0.00003,0.00003,0.00003,0.00003
320,2,11,0.00004,0.00004,0.00004,0.00004,0.00004,0.00004,0.00004,0.00004,0.00004,0.00004,0.00004,0.00004,0.00004,0.00004,0.00004,0.00004,0.00003,0.00003,0.00003,0.00003,0.00003,0.00003,0.00003,0.00003,0.00003,0.00003,0.00003
320,2,12,0.00005,0.00005,0.00004,0.00004,0.00004,0.00004,0.00004,0.00004,0.00004,0.00004,0.00004,0.00004,0.00004,0.00004,0.00004,0.00004,0.00004,0.00004,0.00004,0.00004,0.00004,0.00004,0.00004,0.00004,0.00004,0.00004,0.00004
320,2,13,0.00006,0.00006,0.00006,0.00006,0.00006,0.00006,0.00006,0.00005,0.00005,0.00005,0.00005,0.00005,0.00005,0.00005,0.00005,0.00005,0.00005,0.00005,0.00005,0.00005,0.00005,0.00005,0.00005,0.00005,0.00005,0.00005,0.00005
320,2,14,0.00007,0.00007,0.00007,0.00007,0.00007,0.00007,0.00007,0.00006,0.00006,0.00006,0.00006,0.00006,0.00006,0.00006,0.00006,0.00006,0.00006,0.00006,0.00006,0.00006,0.00006,0.00006,0.00006,0.00006,0.00005,0.00005,0.00005
320,2,15,0.00009,0.00009,0.00009,0.00009,0.00009,0.00008,0.00008,0.00008,0.00008,0.00008,0.00008,0.00008,0.00008,0.00008,0.00008,0.00008,0.00008,0.00008,0.00007,0.00007,0.00007,0.00007,0.00007,0.00007,0.00007,0.00007,0.00007
320,2,16,0.00011,0.00011,0.00010,0.00010,0.00010,0.00010,0.00010,0.00010,0.00010,0.00010,0.00010,0.00010,0.00010,0.00009,0.00009,0.00009,0.00009,0.00009,0.00009,0.00009,0.00009,0.00009,0.00009,0.00009,0.00008,0.00008,0.00008
320,2,17,0.00013,0.00013,0.00013,0.00013,0.00012,0.00012,0.00012,0.00012,0.00012,0.00012,0.00012,0.00012,0.00012,0.00011,0.00011,0.00011,0.00011,0.00011,0.00011,0.00011,0.00011,0.00011,0.00010,0.00010,0.00010,0.00010,0.00010
320,2,18,0.00015,0.00014,0.00014,0.00014,0.00014,0.00014,0.00014,0.00014,0.00014,0.00013,0.00013,0.00013,0.00013,0.00013,0.00013,0.00013,0.00013,0.00012,0.00012,0.00012,0.00012,0.00012,0.00012,0.00012,0.00012,0.00011,0.00011
320,2,19,0.00017,0.00016,0.00016,0.00016,0.00016,0.00016,0.00016,0.00016,0.00015,0.00015,0.00015,0.00015,0.00015,0.00015,0.00015,0.00014,0.00014,0.00014,0.00014,0.00014,0.00014,0.00014,0.00013,0.00013,0.00013,0.00013,0.00013
320,2,20,0.00017,0.00017,0.00017,0.00017,0.00017,0.00017,0.00016,0.00016,0.00016,0.00016,0.00016,0.00016,0.00016,0.00015,0.00015,0.00015,0.00015,0.00015,0.00015,0.00014,0.00014,0.00014,0.00014,0.00014,0.00014,0.00014,0.00014
320,2,21,0.00018,0.00018,0.00018,0.00018,0.00018,0.00018,0.00017,0.00017,0.00017,0.00017,0.00017,0.00017,0.00016,0.00016,0.00016,0.00016,0.00016,0.00016,0.00016,0.00015,0.00015,0.00015,0.00015,0.00015,0.00015,0.00015,0.00014
320,2,22,0.00019,0.00018,0.00018,0.00018,0.00018,0.00018,0.00018,0.00017,0.00017,0.00017,0.00017,0.00017,0.00017,0.00016,0.00016,0.00016,0.00016,0.00016,0.00016,0.00016,0.00015,0.00015,0.00015,0.00015,0.00015,0.00015,0.00015
320,2,23,0.00019,0.00018,0.00018,0.00018,0.00018,0.00018,0.00018,0.00017,0.00017,0.00017,0.00017,0.00017,0.00017,0.00016,0.00016,0.00016,0.00016,0.00016,0.00016,0.00015,0.00015,0.00015,0.00015,0.00015,0.00015,0.00015,0.00014
320,2,24,0.00018,0.00018,0.00018,0.00018,0.00018,0.00018,0.00017,0.00017,0.00017,0.00017,0.00017,0.00017,0.00016,0.00016,0.00016,0.00016,0.00016,0.00016,0.00016,0.00015,0.00015,0.00015,0.00015,0.00015,0.00015,0.00014,0.00014
320,2,25,0.00019,0.00019,0.00018,0.00018,0.00018,0.00018,0.00018,0.00018,0.00017,0.00017,0.00017,0.00017,0.00017,0.00017,0.00016,0.00016,0.00016,0.00016,0.00016,0.00016,0.00015,0.00015,0.00015,0.00015,0.00015,0.00015,0.00015
320,2,26,0.00019,0.00019,0.00019,0.00019,0.00018,0.00018,0.00018,0.00018,0.00018,0.00018,0.00017,0.00017,0.00017,0.00017,0.00017,0.00017,0.00016,0.00016,0.00016,0.00016,0.00016,0.00016,0.00016,0.00015,0.00015,0.00015,0.00015
320,2,27,0.00020,0.00019,0.00019,0.00019,0.00019,0.00019,0.00018,0.00018,0.00018,0.00018,0.00018,0.00018,0.00017,0.00017,0.00017,0.00017,0.00017,0.00017,0.00016,0.00016,0.00016,0.00016,0.00016,0.00016,0.00016,0.00015,0.00015
320,2,28,0.00021,0.00020,0.00020,0.00020,0.00020,0.00020,0.00019,0.00019,0.00019,0.00019,0.00019,0.00018,0.00018,0.00018,0.00018,0.00018,0.00018,0.00017,0.00017,0.00017,0.00017,0.00017,0.00017,0.00016,0.00016,0.00016,0.00016
320,2,29,0.00022,0.00021,0.00021,0.00021,0.00021,0.00021,0.00020,0.00020,0.00020,0.00020,0.00020,0.00020,0.00019,0.00019,0.00019,0.00019,0.00019,0.00018,0.00018,0.00018,0.00018,0.00018,0.00018,0.00017,0.00017,0.00017,0.00017
320,2,30,0.00023,0.00023,0.00022,0.00022,0.00022,0.00022,0.00022,0.00021,0.00021,0.00021,0.00021,0.00021,0.00020,0.00020,0.00020,0.00020,0.00020,0.00019,0.00019,0.00019,0.00019,0.00019,0.00019,0.00018,0.00018,0.00018,0.00018
320,2,31,0.00024,0.00024,0.00024,0.00024,0.00024,0.00023,0.00023,0.00023,0.00023,0.00022,0.00022,0.00022,0.00022,0.00022,0.00021,0.00021,0.00021,0.00021,0.00021,0.00020,0.00020,0.00020,0.00020,0.00020,0.00019,0.00019,0.00019
320,2,32,0.00026,0.00025,0.00025,0.00025,0.00025,0.00025,0.00024,0.00024,0.00024,0.00024,0.00023,0.00023,0.00023,0.00023,0.00022,0.00022,0.00022,0.00022,0.00022,0.00021,0.00021,0.00021,0.00021,0.00021,0.00020,0.00020,0.00020
320,2,33,0.00028,0.00027,0.00027,0.00027,0.00027,0.00026,0.00026,0.00026,0.00026,0.00025,0.00025,0.00025,0.00025,0.00024,0.00024,0.00024,0.00024,0.00023,0.00023,0.00023,0.00023,0.00023,0.00022,0.00022,0.00022,0.00022,0.00021
320,2,34,0.00029,0.00029,0.00028,0.00028,0.00028,0.00028,0.00027,0.00027,0.00027,0.00027,0.00026,0.00026,0.00026,0.00026,0.00025,0.00025,0.00025,0.00025,0.00024,0.00024,0.00024,0.00024,0.00023,0.00023,0.00023,0.00023,0.00023
320,2,35,0.00030,0.00030,0.00030,0.00030,0.00029,0.00029,0.00029,0.00028,0.00028,0.00028,0.00028,0.00027,0.00027,0.00027,0.00027,0.00026,0.00026,0.00026,0.00026,0.00025,0.00025,0.00025,0.00025,0.00024,0.00024,0.00024,0.00024
320,2,36,0.00032,0.00032,0.00031,0.00031,0.00031,0.00030,0.00030,0.00030,0.00029,0.00029,0.00029,0.00029,0.00028,0.00028,0.00028,0.00027,0.00027,0.00027,0.00027,0.00026,0.00026,0.00026,0.00026,0.00025,0.00025,0.00025,0.00025
320,2,37,0.00034,0.00034,0.00034,0.00033,0.00033,0.00033,0.00032,0.00032,0.00032,0.00031,0.00031,0.00031,0.00030,0.00030,0.00030,0.00029,0.00029,0.00029,0.00028,0.00028,0.00028,0.00028,0.00027,0.00027,0.00027,0.00027,0.00026
320,2,38,0.00037,0.00036,0.00036,0.00035,0.00035,0.00035,0.00034,0.00034,0.00033,0.00033,0.00033,0.00032,0.00032,0.00032,0.00031,0.00031,0.00031,0.00030,0.00030,0.00030,0.00029,0.00029,0.00029,0.00028,0.00028,0.00028,0.00028
320,2,39,0.00039,0.00038,0.00038,0.00038,0.00037,0.00037,0.00036,0.00036,0.00035,0.00035,0.00035,0.00034,0.00034,0.00033,0.00033,0.00033,0.00032,0.00032,0.00032,0.00031,0.00031,0.00031,0.00030,0.00030,0.00030,0.00029,0.00029
320,2,40,0.00042,0.00042,0.00041,0.00041,0.00040,0.00040,0.00039,0.00039,0.00038,0.00038,0.00037,0.00037,0.00036,0.00036,0.00035,0.00035,0.00035,0.00034,0.00034,0.00034,0.00033,0.00033,0.00033,0.00032,0.00032,0.00032,0.00031
320,2,41,0.00045,0.00045,0.00044,0.00044,0.00043,0.00042,0.00042,0.00041,0.00041,0.00040,0.00040,0.00039,0.00039,0.00038,0.00038,0.00037,0.00037,0.00037,0.00036,0.00036,0.00035,0.00035,0.00035,0.00034,0.00034,0.00034,0.00033
320,2,42,0.00049,0.00048,0.00047,0.00047,0.00046,0.00045,0.00045,0.00044,0.00043,0.00043,0.00042,0.00042,0.00041,0.00041,0.00040,0.00040,0.00039,0.00039,0.00038,0.00038,0.00038,0.00037,0.00037,0.00036,0.00036,0.00036,0.00035
320,2,43,0.00053,0.00052,0.00051,0.00050,0.00050,0.00049,0.00048,0.00048,0.00047,0.00046,0.00046,0.00045,0.00045,0.00044,0.00043,0.00043,0.00042,0.00042,0.00041,0.00041,0.00040,0.00040,0.00040,0.00039,0.00039,0.00038,0.00038
320,2,44,0.00058,0.00058,0.00057,0.00056,0.00055,0.00054,0.00053,0.00052,0.00052,0.00051,0.00050,0.00050,0.00049,0.00048,0.00048,0.00047,0.00046,0.00046,0.00045,0.00045,0.00044,0.00044,0.00043,0.00043,0.00043,0.00042,0.00042
320,2,45,0.00064,0.00063,0.00062,0.00061,0.00060,0.00059,0.00058,0.00057,0.00056,0.00056,0.00055,0.00054,0.00053,0.00053,0.00052,0.00051,0.00051,0.00050,0.00049,0.00049,0.00048,0.00048,0.00047,0.00047,0.00046,0.00046,0.00045
320,2,46,0.00070,0.00069,0.00068,0.00067,0.00066,0.00065,0.00064,0.00063,0.00062,0.00061,0.00060,0.00059,0.00058,0.00057,0.00057,0.00056,0.00055,0.00054,0.00054,0.00053,0.00052,0.00052,0.00051,0.00051,0.00050,0.00050,0.00049
320,2,47,0.00078,0.00076,0.00075,0.00074,0.00072,0.00071,0.00070,0.00069,0.00068,0.00067,0.00066,0.00065,0.00064,0.00063,0.00062,0.00061,0.00060,0.00059,0.00059,0.00058,0.00057,0.00057,0.00056,0.00055,0.00055,0.00054,0.00053
320,2,48,0.00083,0.00081,0.00080,0.00079,0.00077,0.00076,0.00075,0.00073,0.00072,0.00071,0.00070,0.00069,0.00068,0.00067,0.00066,0.00065,0.00064,0.00063,0.00062,0.00062,0.00061,0.00060,0.00059,0.00059,0.00058,0.00057,0.00057
320,2,49,0.00089,0.00087,0.00085,0.00084,0.00082,0.00081,0.00080,0.00078,0.00077,0.00076,0.00075,0.00074,0.00073,0.00071,0.00070,0.00069,0.00068,0.00068,0.00067,0.00066,0.00065,0.00064,0.00063,0.00063,0.00062,0.00061,0.00060
320,2,50,0.00094,0.00092,0.00090,0.00089,0.00087,0.00086,0.00084,0.00083,0.00082,0.00080,0.00079,0.00078,0.00077,0.00075,0.00074,0.00073,0.00072,0.00071,0.00070,0.00069,0.00068,0.00068,0.00067,0.00066,0.00065,0.00064,0.00064
320,2,51,0.00102,0.00100,0.00098,0.00097,0.00095,0.00093,0.00092,0.00090,0.00089,0.00087,0.00086,0.00085,0.00083,0.00082,0.00081,0.00080,0.00079,0.00077,0.00076,0.00075,0.00074,0.00073,0.00072,0.00071,0.00071,0.00070,0.00069
320,2,52,0.00110,0.00108,0.00106,0.00105,0.00103,0.00101,0.00099,0.00098,0.00096,0.00094,0.00093,0.00091,0.00090,0.00089,0.00087,0.00086,0.00085,0.00084,0.00082,0.00081,0.00080,0.00079,0.00078,0.00077,0.00076,0.00075,0.00074
320,2,53,0.00119,0.00117,0.00115,0.00113,0.00111,0.00109,0.00107,0.00105,0.00103,0.00102,0.00100,0.00098,0.00097,0.00095,0.00094,0.00093,0.00091,0.00090,0.00089,0.00087,0.00086,0.00085,0.00084,0.00083,0.00081,0.00080,0.00079
320,2,54,0.00132,0.00130,0.00127,0.00125,0.00123,0.00121,0.00119,0.00117,0.00115,0.00113,0.00111,0.00109,0.00108,0.00106,0.00104,0.00103,0.00101,0.00100,0.00098,0.00097,0.00095,0.00094,0.00093,0.00091,0.00090,0.00089,0.00088
320,2,55,0.00143,0.00141,0.00138,0.00136,0.00133,0.00131,0.00129,0.00126,0.00124,0.00122,0.00120,0.00118,0.00116,0.00115,0.00113,0.00111,0.00109,0.00108,0.00106,0.00104,0.00103,0.00101,0.00100,0.00099,0.00097,0.00096,0.00094
320,2,56,0.00163,0.00160,0.00157,0.00154,0.00152,0.00149,0.00146,0.00144,0.00142,0.00139,0.00137,0.00135,0.00132,0.00130,0.00128,0.00126,0.00124,0.00122,0.00120,0.00119,0.00117,0.00115,0.00113,0.00112,0.00110,0.00109,0.00107
320,2,57,0.00179,0.00176,0.00173,0.00170,0.00167,0.00164,0.00161,0.00158,0.00155,0.00153,0.00150,0.00148,0.00145,0.00143,0.00141,0.00138,0.00136,0.00134,0.00132,0.00130,0.00128,0.00126,0.00124,0.00122,0.00120,0.00119,0.00117
320,2,58,0.00201,0.00198,0.00194,0.00191,0.00187,0.00184,0.00181,0.00178,0.00175,0.00172,0.00169,0.00166,0.00163,0.00161,0.00158,0.00155,0.00153,0.00150,0.00148,0.00146,0.00143,0.00141,0.00139,0.00137,0.00135,0.00133,0.00131
320,2,59,0.00219,0.00215,0.00211,0.00208,0.00204,0.00200,0.00197,0.00194,0.00190,0.00187,0.00184,0.00181,0.00178,0.00175,0.00172,0.00169,0.00166,0.00164,0.00161,0.00159,0.00156,0.00154,0.00151,0.00149,0.00147,0.00144,0.00142
320,2,60,0.00251,0.00247,0.00243,0.00239,0.00235,0.00231,0.00227,0.00223,0.00219,0.00216,0.00212,0.00209,0.00205,0.00202,0.00198,0.00195,0.00192,0.00189,0.00186,0.00183,0.00180,0.00177,0.00174,0.00171,0.00169,0.00166,0.00163
320,2,61,0.00284,0.00279,0.00275,0.00270,0.00266,0.00262,0.00258,0.00253,0.00249,0.00245,0.00241,0.00237,0.00234,0.00230,0.00226,0.00222,0.00219,0.00215,0.00212,0.00208,0.00205,0.00202,0.00198,0.00195,0.00192,0.00189,0.00186
320,2,62,0.00308,0.00303,0.00299,0.00294,0.00289,0.00285,0.00280,0.00276,0.00271,0.00267,0.00263,0.00259,0.00254,0.00250,0.00246,0.00242,0.00238,0.00235,0.00231,0.00227,0.00223,0.00220,0.00216,0.00213,0.00209,0.00206,0.00202
320,2,63,0.00357,0.00351,0.00346,0.00341,0.00335,0.00330,0.00325,0.00320,0.00315,0.00310,0.00305,0.00301,0.00296,0.00291,0.00286,0.00282,0.00277,0.00273,0.00268,0.00264,0.00259,0.00255,0.00251,0.00247,0.00243,0.00238,0.00234
320,2,64,0.00399,0.00393,0.00387,0.00382,0.00376,0.00370,0.00365,0.00359,0.00354,0.00348,0.00343,0.00338,0.00332,0.00327,0.00322,0.00317,0.00312,0.00306,0.00301,0.00296,0.00291,0.00287,0.00282,0.00277,0.00272,0.00268,0.00263
320,2,65,0.00456,0.00449,0.00443,0.00437,0.00430,0.00424,0.00418,0.00412,0.00405,0.00399,0.00393,0.00387,0.00381,0.00375,0.00369,0.00363,0.00358,0.00352,0.00346,0.00340,0.00335,0.00329,0.00323,0.00318,0.00312,0.00307,0.00302
320,2,66,0.00506,0.00499,0.00493,0.00486,0.00479,0.00472,0.00465,0.00459,0.00452,0.00445,0.00438,0.00432,0.00425,0.00419,0.00412,0.00406,0.00399,0.00393,0.00386,0.00380,0.00374,0.00367,0.00361,0.00355,0.00349,0.00343,0.00337
320,2,67,0.00560,0.00552,0.00545,0.00538,0.00530,0.00523,0.00516,0.00508,0.00501,0.00494,0.00486,0.00479,0.00472,0.00465,0.00458,0.00451,0.00443,0.00436,0.00429,0.00422,0.00415,0.00409,0.00402,0.00395,0.00388,0.00381,0.00375
320,2,68,0.00634,0.00626,0.00618,0.00610,0.00602,0.00594,0.00585,0.00577,0.00569,0.00561,0.00553,0.00545,0.00537,0.00529,0.00521,0.00513,0.00505,0.00497,0.00489,0.00481,0.00473,0.00465,0.00457,0.00450,0.00442,0.00434,0.00427
320,2,69,0.00702,0.00693,0.00685,0.00676,0.00667,0.00658,0.00649,0.00640,0.00631,0.00622,0.00614,0.00605,0.00596,0.00587,0.00578,0.00569,0.00560,0.00552,0.00543,0.00534,0.00526,0.00517,0.00508,0.00500,0.00491,0.00483,0.00474
320,2,70,0.00798,0.00788,0.00778,0.00769,0.00759,0.00749,0.00739,0.00729,0.00719,0.00709,0.00699,0.00689,0.00679,0.00668,0.00658,0.00648,0.00638,0.00629,0.00619,0.00609,0.00599,0.00589,0.00579,0.00569,0.00560,0.00550,0.00541
320,2,71,0.00886,0.00875,0.00864,0.00853,0.00842,0.00831,0.00820,0.00809,0.00798,0.00787,0.00776,0.00765,0.00754,0.00743,0.00732,0.00720,0.00709,0.00698,0.00687,0.00676,0.00665,0.00654,0.00643,0.00633,0.00622,0.00611,0.00600
320,2,72,0.00978,0.00966,0.00954,0.00942,0.00930,0.00918,0.00906,0.00894,0.00882,0.00869,0.00857,0.00845,0.00833,0.00820,0.00808,0.00796,0.00784,0.00771,0.00759,0.00747,0.00735,0.00723,0.00711,0.00699,0.00687,0.00675,0.00663
320,2,73,0.01096,0.01083,0.01070,0.01056,0.01043,0.01029,0.01016,0.01002,0.00989,0.00975,0.00961,0.00947,0.00934,0.00920,0.00906,0.00892,0.00879,0.00865,0.00851,0.00838,0.00824,0.00810,0.00797,0.00783,0.00770,0.00757,0.00743
320,2,74,0.01227,0.01212,0.01197,0.01182,0.01167,0.01152,0.01136,0.01121,0.01106,0.01091,0.01075,0.01060,0.01044,0.01029,0.01014,0.00998,0.00983,0.00967,0.00952,0.00937,0.00922,0.00906,0.00891,0.00876,0.00861,0.00846,0.00831
320,2,75,0.01389,0.01373,0.01356,0.01339,0.01321,0.01304,0.01287,0.01270,0.01252,0.01235,0.01217,0.01200,0.01182,0.01165,0.01147,0.01130,0.01113,0.01095,0.01078,0.01060,0.01043,0.01026,0.01009,0.00991,0.00974,0.00957,0.00940
320,2,76,0.01559,0.01540,0.01521,0.01502,0.01483,0.01463,0.01444,0.01424,0.01405,0.01385,0.01365,0.01346,0.01326,0.01306,0.01287,0.01267,0.01248,0.01228,0.01209,0.01189,0.01170,0.01150,0.01131,0.01112,0.01093,0.01074,0.01055
320,2,77,0.01778,0.01756,0.01734,0.01712,0.01689,0.01667,0.01645,0.01623,0.01600,0.01578,0.01556,0.01533,0.01511,0.01488,0.01466,0.01444,0.01421,0.01399,0.01377,0.01355,0.01333,0.01311,0.01289,0.01267,0.01245,0.01224,0.01202
320,2,78,0.02042,0.02017,0.01992,0.01966,0.01941,0.01915,0.01889,0.01864,0.01838,0.01812,0.01787,0.01761,0.01735,0.01710,0.01684,0.01658,0.01633,0.01607,0.01582,0.01557,0.01532,0.01507,0.01482,0.01457,0.01432,0.01407,0.01383
320,2,79,0.02328,0.02299,0.02270,0.02241,0.02211,0.02182,0.02153,0.02124,0.02095,0.02065,0.02036,0.02007,0.01978,0.01949,0.01920,0.01891,0.01862,0.01833,0.01804,0.01776,0.01747,0.01719,0.01691,0.01663,0.01635,0.01607,0.01579
330,1,0,0.00369,0.00366,0.00362,0.00359,0.00355,0.00352,0.00349,0.00345,0.00342,0.00339,0.00335,0.00332,0.00329,0.00326,0.00323,0.00320,0.00317,0.00313,0.00310,0.00308,0.00305,0.00302,0.00299,0.00296,0.00293,0.00290,0.00287
330,1,1,0.00058,0.00057,0.00056,0.00056,0.00055,0.00055,0.00054,0.00054,0.00053,0.00053,0.00052,0.00052,0.00051,0.00051,0.00050,0.00050,0.00049,0.00049,0.00048,0.00048,0.00047,0.00047,0.00047,0.00046,0.00046,0.00045,0.00045
330,1,2,0.00020,0.00020,0.00020,0.00020,0.00019,0.00019,0.00019,0.00019,0.00019,0.00019,0.00018,0.00018,0.00018,0.00018,0.00018,0.00017,0.00017,0.00017,0.00017,0.00017,0.00017,0.00016,0.00016,0.00016,0.00016,0.00016,0.00016
330,1,3,0.00015,0.00015,0.00015,0.00014,0.00014,0.00014,0.00014,0.00014,0.00014,0.00014,0.00014,0.00013,0.00013,0.00013,0.00013,0.00013,0.00013,0.00013,0.00013,0.00012,0.00012,0.00012,0.00012,0.00012,0.00012,0.00012,0.00012
330,1,4,0.00012,0.00012,0.00012,0.00012,0.00011,0.00011,0.00011,0.00011,0.00011,0.00011,0.00011,0.00011,0.00011,0.00011,0.00010,0.00010,0.00010,0.00010,0.00010,0.00010,0.00010,0.00010,0.00010,0.00010,0.00009,0.00009,0.00009
330,1,5,0.00009,0.00009,0.00009,0.00009,0.00009,0.00009,0.00009,0.00009,0.00009,0.00009,0.00008,0.00008,0.00008,0.00008,0.00008,0.00008,0.00008,0.00008,0.00008,0.00008,0.00008,0.00008,0.00008,0.00007,0.00007,0.00007,0.00007
330,1,6,0.00008,0.00008,0.00008,0.00008,0.00008,0.00008,0.00008,0.00008,0.00008,0.00007,0.00007,0.00007,0.00007,0.00007,0.00007,0.00007,0.00007,0.00007,0.00007,0.00007,0.00007,0.00007,0.00007,0.00007,0.00006,0.00006,0.00006
330,1,7,0.00007,0.00007,0.00007,0.00007,0.00007,0.00007,0.00007,0.00007,0.00007,0.00007,0.00007,0.00007,0.00007,0.00006,0.00006,0.00006,0.00006,0.00006,0.00006,0.00006,0.00006,0.00006,0.00006,0.00006,0.00006,0.00006,0.00006
330,1,8,0.00007,0.00007,0.00007,0.00007,0.00007,0.00007,0.00007,0.00007,0.00007,0.00007,0.00007,0.00007,0.00007,0.00007,0.00006,0.00006,0.00006,0.00006,0.00006,0.00006,0.00006,0.00006,0.00006,0.00006,0.00006,0.00006,0.00006
330,1,9,0.00007,0.00007,0.00007,0.00007,0.00007,0.00007,0.00007,0.00007,0.00007,0.00007,0.00007,0.00007,0.00006,0.00006,0.00006,0.00006,0.00006,0.00006,0.00006,0.00006,0.00006,0.00006,0.00006,0.00006,0.00006,0.00006,0.00006
330,1,10,0.00008,0.00008,0.00008,0.00008,0.00007,0.00007,0.00007,0.00007,0.00007,0.00007,0.00007,0.00007,0.00007,0.00007,0.00007,0.00007,0.00007,0.00007,0.00006,0.00006,0.00006,0.00006,0.00006,0.00006,0.00006,0.00006,0.00006
330,1,11,0.00009,0.00009,0.00009,0.00009,0.00009,0.00009,0.00009,0.00009,0.00009,0.00008,0.00008,0.00008,0.00008,0.00008,0.00008,0.00008,0.00008,0.00008,0.00008,0.00008,0.00008,0.00008,0.00007,0.00007,0.00007,0.00007,0.00007
330,1,12,0.00010,0.00010,0.00010,0.00010,0.00010,0.00010,0.00010,0.00010,0.00010,0.00010,0.00009,0.00009,0.00009,0.00009,0.00009,0.00009,0.00009,0.00009,0.00009,0.00009,0.00009,0.00009,0.00008,0.00008,0.00008,0.00008,0.00008
330,1,13,0.00013,0.00013,0.00013,0.00013,0.00013,0.00013,0.00013,0.00013,0.00012,0.00012,0.00012,0.00012,0.00012,0.00012,0.00012,0.00012,0.00012,0.00011,0.00011,0.00011,0.00011,0.00011,0.00011,0.00011,0.00011,0.00011,0.00010
330,1,14,0.00017,0.00017,0.00016,0.00016,0.00016,0.00016,0.00016,0.00016,0.00016,0.00015,0.00015,0.00015,0.00015,0.00015,0.00015,0.00015,0.00014,0.00014,0.00014,0.00014,0.00014,0.00014,0.00014,0.00013,0.00013,0.00013,0.00013
330,1,15,0.00022,0.00022,0.00022,0.00021,0.00021,0.00021,0.00021,0.00021,0.00020,0.00020,0.00020,0.00020,0.00020,0.00019,0.00019,0.00019,0.00019,0.00019,0.00018,0.00018,0.00018,0.00018,0.00018,0.00018,0.00017,0.00017,0.00017
330,1,16,0.00027,0.00027,0.00027,0.00027,0.00026,0.00026,0.00026,0.00026,0.00025,0.00025,0.00025,0.00025,0.00024,0.00024,0.00024,0.00024,0.00024,0.00023,0.00023,0.00023,0.00023,0.00022,0.00022,0.00022,0.00022,0.00022,0.00021
330,1,17,0.00036,0.00036,0.00035,0.00035,0.00035,0.00034,0.00034,0.00034,0.00033,0.00033,0.00033,0.00033,0.00032,0.00032,0.00032,0.00031,0.00031,0.00031,0.00030,0.00030,0.00030,0.00030,0.00029,0.00029,0.00029,0.00028,0.00028
330,1,18,0.00044,0.00044,0.00043,0.00043,0.00042,0.00042,0.00042,0.00041,0.00041,0.00040,0.00040,0.00040,0.00039,0.00039,0.00038,0.00038,0.00038,0.00037,0.00037,0.00037,0.00036,0.00036,0.00036,0.00035,0.00035,0.00035,0.00034
330,1,19,0.00053,0.00052,0.00052,0.00051,0.00051,0.00050,0.00050,0.00049,0.00049,0.00048,0.00048,0.00047,0.00047,0.00047,0.00046,0.00046,0.00045,0.00045,0.00044,0.00044,0.00044,0.00043,0.00043,0.00042,0.00042,0.00041,0.00041
330,1,20,0.00059,0.00058,0.00058,0.00057,0.00057,0.00056,0.00056,0.00055,0.00055,0.00054,0.00054,0.00053,0.00053,0.00052,0.00052,0.00051,0.00051,0.00050,0.00050,0.00049,0.00049,0.00048,0.00048,0.00047,0.00047,0.00046,0.00046
330,1,21,0.00062,0.00062,0.00061,0.00060,0.00060,0.00059,0.00059,0.00058,0.00058,0.00057,0.00056,0.00056,0.00055,0.00055,0.00054,0.00054,0.00053,0.00053,0.00052,0.00052,0.00051,0.00051,0.00050,0.00050,0.00049,0.00049,0.00048
330,1,22,0.00063,0.00063,0.00062,0.00061,0.00061,0.00060,0.00060,0.00059,0.00059,0.00058,0.00057,0.00057,0.00056,0.00056,0.00055,0.00055,0.00054,0.00054,0.00053,0.00053,0.00052,0.00052,0.00051,0.00051,0.00050,0.00050,0.00049
330,1,23,0.00063,0.00062,0.00062,0.00061,0.00060,0.00060,0.00059,0.00059,0.00058,0.00058,0.00057,0.00056,0.00056,0.00055,0.00055,0.00054,0.00054,0.00053,0.00053,0.00052,0.00052,0.00051,0.00051,0.00050,0.00050,0.00049,0.00049
330,1,24,0.00060,0.00059,0.00059,0.00058,0.00058,0.00057,0.00057,0.00056,0.00056,0.00055,0.00055,0.00054,0.00053,0.00053,0.00052,0.00052,0.00051,0.00051,0.00050,0.00050,0.00050,0.00049,0.00049,0.00048,0.00048,0.00047,0.00047
330,1,25,0.00056,0.00056,0.00055,0.00055,0.00054,0.00054,0.00053,0.00053,0.00052,0.00052,0.00051,0.00051,0.00050,0.00050,0.00049,0.00049,0.00048,0.00048,0.00047,0.00047,0.00047,0.00046,0.00046,0.00045,0.00045,0.00044,0.00044
330,1,26,0.00058,0.00058,0.00057,0.00056,0.00056,0.00055,0.00055,0.00054,0.00054,0.00053,0.00053,0.00052,0.00052,0.00051,0.00051,0.00050,0.00050,0.00049,0.00049,0.00048,0.00048,0.00047,0.00047,0.00047,0.00046,0.00046,0.00045
330,1,27,0.00059,0.00058,0.00058,0.00057,0.00057,0.00056,0.00056,0.00055,0.00055,0.00054,0.00053,0.00053,0.00052,0.00052,0.00051,0.00051,0.00050,0.00050,0.00049,0.00049,0.00049,0.00048,0.00048,0.00047,0.00047,0.00046,0.00046
330,1,28,0.00059,0.00059,0.00058,0.00057,0.00057,0.00056,0.00056,0.00055,0.00055,0.00054,0.00054,0.00053,0.00053,0.00052,0.00052,0.00051,0.00051,0.00050,0.00050,0.00049,0.00049,0.00048,0.00048,0.00047,0.00047,0.00046,0.00046
330,1,29,0.00058,0.00057,0.00057,0.00056,0.00056,0.00055,0.00055,0.00054,0.00054,0.00053,0.00053,0.00052,0.00052,0.00051,0.00051,0.00050,0.00050,0.00049,0.00049,0.00048,0.00048,0.00047,0.00047,0.00046,0.00046,0.00046,0.00045
330,1,30,0.00057,0.00057,0.00056,0.00056,0.00055,0.00055,0.00054,0.00054,0.00053,0.00053,0.00052,0.00052,0.00051,0.00051,0.00050,0.00050,0.00049,0.00049,0.00048,0.00048,0.00047,0.00047,0.00046,0.00046,0.00045,0.00045,0.00045
330,1,31,0.00057,0.00056,0.00056,0.00055,0.00055,0.00054,0.00054,0.00053,0.00053,0.00052,0.00052,0.00051,0.00051,0.00050,0.00050,0.00049,0.00049,0.00048,0.00048,0.00047,0.00047,0.00046,0.00046,0.00046,0.00045,0.00045,0.00044
330,1,32,0.00056,0.00055,0.00055,0.00054,0.00054,0.00053,0.00053,0.00052,0.00052,0.00051,0.00051,0.00050,0.00050,0.00049,0.00049,0.00048,0.00048,0.00047,0.00047,0.00046,0.00046,0.00046,0.00045,0.00045,0.00044,0.00044,0.00043
330,1,33,0.00055,0.00054,0.00054,0.00053,0.00053,0.00052,0.00052,0.00051,0.00051,0.00050,0.00050,0.00049,0.00049,0.00048,0.00048,0.00047,0.00047,0.00047,0.00046,0.00046,0.00045,0.00045,0.00044,0.00044,0.00043,0.00043,0.00043
330,1,34,0.00056,0.00056,0.00055,0.00055,0.00054,0.00054,0.00053,0.00053,0.00052,0.00052,0.00051,0.00051,0.00050,0.00050,0.00049,0.00049,0.00048,0.00048,0.00047,0.00047,0.00046,0.00046,0.00046,0.00045,0.00045,0.00044,0.00044
330,1,35,0.00056,0.00056,0.00055,0.00055,0.00054,0.00054,0.00053,0.00053,0.00052,0.00052,0.00051,0.00051,0.00050,0.00050,0.00049,0.00049,0.00048,0.00048,0.00047,0.00047,0.00046,0.00046,0.00045,0.00045,0.00045,0.00044,0.00044
330,1,36,0.00057,0.00057,0.00056,0.00055,0.00055,0.00054,0.00054,0.00053,0.00053,0.00052,0.00052,0.00051,0.00051,0.00050,0.00050,0.00049,0.00049,0.00048,0.00048,0.00047,0.00047,0.00046,0.00046,0.00045,0.00045,0.00044,0.00044
330,1,37,0.00059,0.00058,0.00058,0.00057,0.00056,0.00056,0.00055,0.00055,0.00054,0.00053,0.00053,0.00052,0.00052,0.00051,0.00051,0.00050,0.00050,0.00049,0.00049,0.00048,0.00048,0.00047,0.00047,0.00046,0.00046,0.00045,0.00045
330,1,38,0.00062,0.00062,0.00061,0.00060,0.00059,0.00059,0.00058,0.00057,0.00057,0.00056,0.00056,0.00055,0.00054,0.00054,0.00053,0.00053,0.00052,0.00052,0.00051,0.00050,0.00050,0.00049,0.00049,0.00048,0.00048,0.00048,0.00047
330,1,39,0.00064,0.00064,0.00063,0.00062,0.00061,0.00061,0.00060,0.00059,0.00058,0.00058,0.00057,0.00056,0.00056,0.00055,0.00055,0.00054,0.00053,0.00053,0.00052,0.00052,0.00051,0.00051,0.00050,0.00050,0.00049,0.00049,0.00048
330,1,40,0.00067,0.00066,0.00066,0.00065,0.00064,0.00063,0.00062,0.00062,0.00061,0.00060,0.00059,0.00059,0.00058,0.00057,0.00057,0.00056,0.00055,0.00055,0.00054,0.00054,0.00053,0.00053,0.00052,0.00051,0.00051,0.00050,0.00050
330,1,41,0.00072,0.00071,0.00070,0.00069,0.00068,0.00067,0.00066,0.00065,0.00065,0.00064,0.00063,0.00062,0.00061,0.00061,0.00060,0.00059,0.00059,0.00058,0.00057,0.00057,0.00056,0.00056,0.00055,0.00054,0.00054,0.00053,0.00053
330,1,42,0.00078,0.00077,0.00075,0.00074,0.00073,0.00072,0.00071,0.00070,0.00069,0.00069,0.00068,0.00067,0.00066,0.00065,0.00064,0.00064,0.00063,0.00062,0.00061,0.00061,0.00060,0.00059,0.00059,0.00058,0.00058,0.00057,0.00057
330,1,43,0.00083,0.00081,0.00080,0.00079,0.00078,0.00077,0.00075,0.00074,0.00073,0.00072,0.00071,0.00070,0.00070,0.00069,0.00068,0.00067,0.00066,0.00065,0.00065,0.00064,0.00063,0.00063,0.00062,0.00061,0.00061,0.00060,0.00060
330,1,44,0.00089,0.00087,0.00086,0.00085,0.00083,0.00082,0.00081,0.00080,0.00079,0.00078,0.00076,0.00075,0.00074,0.00073,0.00073,0.00072,0.00071,0.00070,0.00069,0.00068,0.00068,0.00067,0.00066,0.00065,0.00065,0.00064,0.00063
330,1,45,0.00097,0.00095,0.00093,0.00092,0.00090,0.00089,0.00088,0.00086,0.00085,0.00084,0.00083,0.00081,0.00080,0.00079,0.00078,0.00077,0.00076,0.00075,0.00074,0.00074,0.00073,0.00072,0.00071,0.00070,0.00070,0.00069,0.00068
330,1,46,0.00106,0.00104,0.00102,0.00100,0.00099,0.00097,0.00096,0.00094,0.00093,0.00091,0.00090,0.00088,0.00087,0.00086,0.00085,0.00084,0.00083,0.00082,0.00081,0.00080,0.00079,0.00078,0.00077,0.00076,0.00075,0.00074,0.00074
330,1,47,0.00116,0.00114,0.00112,0.00110,0.00108,0.00106,0.00105,0.00103,0.00101,0.00100,0.00098,0.00097,0.00095,0.00094,0.00093,0.00091,0.00090,0.00089,0.00088,0.00087,0.00086,0.00085,0.00084,0.00083,0.00082,0.00081,0.00080
330,1,48,0.00125,0.00122,0.00120,0.00118,0.00116,0.00114,0.00112,0.00110,0.00108,0.00107,0.00105,0.00103,0.00102,0.00100,0.00099,0.00098,0.00096,0.00095,0.00094,0.00092,0.00091,0.00090,0.00089,0.00088,0.00087,0.00086,0.00085
330,1,49,0.00134,0.00132,0.00129,0.00127,0.00125,0.00123,0.00121,0.00118,0.00117,0.00115,0.00113,0.00111,0.00109,0.00108,0.00106,0.00105,0.00103,0.00102,0.00100,0.00099,0.00098,0.00097,0.00095,0.00094,0.00093,0.00092,0.00091
330,1,50,0.00142,0.00140,0.00137,0.00135,0.00132,0.00130,0.00128,0.00125,0.00123,0.00121,0.00119,0.00117,0.00116,0.00114,0.00112,0.00110,0.00109,0.00107,0.00106,0.00104,0.00103,0.00102,0.00100,0.00099,0.00098,0.00097,0.00096
330,1,51,0.00154,0.00151,0.00148,0.00145,0.00143,0.00140,0.00138,0.00135,0.00133,0.00131,0.00129,0.00127,0.00125,0.00123,0.00121,0.00119,0.00117,0.00116,0.00114,0.00112,0.00111,0.00109,0.00108,0.00106,0.00105,0.00104,0.00103
330,1,52,0.00162,0.00159,0.00156,0.00153,0.00151,0.00148,0.00145,0.00143,0.00140,0.00138,0.00136,0.00133,0.00131,0.00129,0.00127,0.00125,0.00123,0.00121,0.00120,0.00118,0.00116,0.00115,0.00113,0.00112,0.00110,0.00109,0.00107
330,1,53,0.00197,0.00193,0.00190,0.00186,0.00183,0.00179,0.00176,0.00173,0.00170,0.00167,0.00164,0.00161,0.00159,0.00156,0.00154,0.00151,0.00149,0.00147,0.00144,0.00142,0.00140,0.00138,0.00136,0.00135,0.00133,0.00131,0.00129
330,1,54,0.00221,0.00217,0.00213,0.00209,0.00205,0.00201,0.00197,0.00194,0.00190,0.00187,0.00184,0.00180,0.00177,0.00174,0.00172,0.00169,0.00166,0.00164,0.00161,0.00159,0.00156,0.00154,0.00152,0.00150,0.00148,0.00146,0.00144
330,1,55,0.00243,0.00238,0.00233,0.00229,0.00224,0.00220,0.00216,0.00212,0.00208,0.00204,0.00201,0.00197,0.00194,0.00191,0.00187,0.00184,0.00181,0.00179,0.00176,0.00173,0.00170,0.00168,0.00165,0.00163,0.00161,0.00159,0.00156
330,1,56,0.00255,0.00250,0.00245,0.00241,0.00236,0.00231,0.00227,0.00223,0.00219,0.00215,0.00211,0.00207,0.00204,0.00200,0.00197,0.00193,0.00190,0.00187,0.00184,0.00181,0.00178,0.00176,0.00173,0.00170,0.00168,0.00166,0.00163
330,1,57,0.00280,0.00275,0.00269,0.00264,0.00259,0.00254,0.00249,0.00244,0.00240,0.00235,0.00231,0.00227,0.00223,0.00219,0.00215,0.00211,0.00208,0.00204,0.00201,0.00198,0.00195,0.00192,0.00189,0.00186,0.00183,0.00180,0.00178
330,1,58,0.00316,0.00309,0.00303,0.00297,0.00291,0.00285,0.00280,0.00274,0.00269,0.00264,0.00259,0.00254,0.00250,0.00245,0.00241,0.00237,0.00233,0.00229,0.00225,0.00221,0.00218,0.00214,0.00211,0.00208,0.00204,0.00201,0.00198
330,1,59,0.00359,0.00352,0.00345,0.00338,0.00331,0.00324,0.00318,0.00312,0.00306,0.00300,0.00294,0.00289,0.00284,0.00279,0.00274,0.00269,0.00264,0.00260,0.00255,0.00251,0.00247,0.00243,0.00239,0.00235,0.00231,0.00228,0.00224
330,1,60,0.00395,0.00387,0.00379,0.00372,0.00364,0.00357,0.00350,0.00343,0.00336,0.00330,0.00324,0.00317,0.00312,0.00306,0.00300,0.00295,0.00290,0.00285,0.00280,0.00275,0.00270,0.00266,0.00261,0.00257,0.00253,0.00249,0.00245
330,1,61,0.00442,0.00433,0.00424,0.00415,0.00407,0.00399,0.00391,0.00383,0.00376,0.00368,0.00361,0.00355,0.00348,0.00342,0.00335,0.00329,0.00323,0.00317,0.00312,0.00306,0.00301,0.00296,0.00291,0.00286,0.00282,0.00277,0.00272
330,1,62,0.00486,0.00476,0.00466,0.00457,0.00447,0.00438,0.00430,0.00421,0.00413,0.00405,0.00397,0.00390,0.00382,0.00375,0.00368,0.00361,0.00355,0.00348,0.00342,0.00336,0.00330,0.00324,0.00319,0.00313,0.00308,0.00303,0.00298
330,1,63,0.00541,0.00530,0.00519,0.00508,0.00498,0.00488,0.00478,0.00469,0.00460,0.00451,0.00442,0.00434,0.00425,0.00417,0.00410,0.00402,0.00395,0.00387,0.00380,0.00374,0.00367,0.00360,0.00354,0.00348,0.00342,0.00336,0.00331
330,1,64,0.00603,0.00590,0.00578,0.00566,0.00555,0.00544,0.00533,0.00522,0.00512,0.00502,0.00492,0.00483,0.00474,0.00465,0.00456,0.00447,0.00439,0.00431,0.00423,0.00415,0.00408,0.00400,0.00393,0.00386,0.00380,0.00373,0.00366
330,1,65,0.00677,0.00663,0.00649,0.00636,0.00623,0.00611,0.00599,0.00587,0.00575,0.00564,0.00553,0.00542,0.00532,0.00522,0.00512,0.00502,0.00493,0.00484,0.00475,0.00466,0.00458,0.00449,0.00441,0.00434,0.00426,0.00418,0.00411
330,1,66,0.00747,0.00731,0.00716,0.00702,0.00688,0.00674,0.00660,0.00647,0.00635,0.00622,0.00610,0.00598,0.00587,0.00576,0.00565,0.00554,0.00544,0.00533,0.00524,0.00514,0.00504,0.00495,0.00486,0.00478,0.00469,0.00461,0.00453
330,1,67,0.00842,0.00824,0.00808,0.00791,0.00775,0.00760,0.00744,0.00730,0.00715,0.00701,0.00688,0.00674,0.00661,0.00649,0.00636,0.00624,0.00613,0.00601,0.00590,0.00579,0.00569,0.00559,0.00548,0.00539,0.00529,0.00520,0.00511
330,1,68,0.00924,0.00904,0.00886,0.00868,0.00850,0.00833,0.00816,0.00800,0.00784,0.00769,0.00754,0.00739,0.00725,0.00711,0.00698,0.00685,0.00672,0.00659,0.00647,0.00635,0.00624,0.00613,0.00602,0.00591,0.00580,0.00570,0.00560
330,1,69,0.01051,0.01030,0.01008,0.00988,0.00968,0.00948,0.00929,0.00911,0.00893,0.00875,0.00858,0.00841,0.00825,0.00809,0.00794,0.00779,0.00764,0.00750,0.00736,0.00723,0.00710,0.00697,0.00684,0.00672,0.00660,0.00649,0.00637
330,1,70,0.01196,0.01171,0.01147,0.01123,0.01100,0.01078,0.01056,0.01035,0.01014,0.00994,0.00975,0.00956,0.00938,0.00920,0.00902,0.00885,0.00868,0.00852,0.00836,0.00821,0.00806,0.00791,0.00777,0.00763,0.00750,0.00737,0.00724
330,1,71,0.01331,0.01303,0.01276,0.01250,0.01224,0.01199,0.01175,0.01152,0.01129,0.01106,0.01085,0.01063,0.01043,0.01023,0.01003,0.00984,0.00966,0.00947,0.00930,0.00913,0.00896,0.00880,0.00864,0.00848,0.00833,0.00819,0.00804
330,1,72,0.01517,0.01485,0.01454,0.01424,0.01395,0.01367,0.01339,0.01312,0.01286,0.01260,0.01236,0.01211,0.01188,0.01165,0.01143,0.01121,0.01100,0.01079,0.01059,0.01039,0.01020,0.01002,0.00984,0.00966,0.00949,0.00932,0.00916
330,1,73,0.01660,0.01626,0.01592,0.01559,0.01527,0.01496,0.01465,0.01436,0.01407,0.01379,0.01352,0.01325,0.01300,0.01275,0.01250,0.01226,0.01203,0.01180,0.01158,0.01137,0.01116,0.01096,0.01076,0.01056,0.01037,0.01019,0.01001
330,1,74,0.01882,0.01843,0.01805,0.01768,0.01731,0.01696,0.01662,0.01628,0.01596,0.01564,0.01533,0.01503,0.01474,0.01445,0.01418,0.01391,0.01364,0.01339,0.01314,0.01289,0.01265,0.01242,0.01220,0.01198,0.01176,0.01155,0.01135
330,1,75,0.02093,0.02049,0.02007,0.01966,0.01926,0.01887,0.01849,0.01811,0.01775,0.01740,0.01706,0.01673,0.01640,0.01609,0.01578,0.01548,0.01518,0.01490,0.01462,0.01435,0.01409,0.01383,0.01358,0.01333,0.01309,0.01286,0.01263
330,1,76,0.02340,0.02292,0.02245,0.02199,0.02155,0.02111,0.02069,0.02028,0.01988,0.01949,0.01911,0.01874,0.01837,0.01802,0.01768,0.01734,0.01702,0.01670,0.01639,0.01609,0.01579,0.01550,0.01522,0.01495,0.01468,0.01442,0.01417
330,1,77,0.02656,0.02602,0.02549,0.02498,0.02448,0.02399,0.02351,0.02305,0.02260,0.02216,0.02173,0.02131,0.02091,0.02051,0.02012,0.01974,0.01937,0.01902,0.01866,0.01832,0.01799,0.01766,0.01735,0.01704,0.01673,0.01644,0.01615
330,1,78,0.03010,0.02949,0.02890,0.02833,0.02777,0.02723,0.02670,0.02618,0.02568,0.02518,0.02470,0.02423,0.02378,0.02333,0.02290,0.02247,0.02206,0.02165,0.02126,0.02087,0.02050,0.02013,0.01977,0.01942,0.01908,0.01875,0.01842
330,1,79,0.03370,0.03304,0.03239,0.03176,0.03115,0.03055,0.02997,0.02940,0.02884,0.02830,0.02777,0.02725,0.02675,0.02625,0.02577,0.02530,0.02484,0.02439,0.02396,0.02353,0.02311,0.02270,0.02230,0.02192,0.02153,0.02116,0.02080
330,2,0,0.00317,0.00314,0.00311,0.00308,0.00305,0.00303,0.00300,0.00297,0.00294,0.00291,0.00288,0.00286,0.00283,0.00280,0.00277,0.00275,0.00272,0.00269,0.00267,0.00264,0.00262,0.00259,0.00257,0.00254,0.00252,0.00249,0.00247
330,2,1,0.00034,0.00034,0.00033,0.00033,0.00033,0.00033,0.00032,0.00032,0.00032,0.00031,0.00031,0.00031,0.00030,0.00030,0.00030,0.00030,0.00029,0.00029,0.00029,0.00028,0.00028,0.00028,0.00028,0.00027,0.00027,0.00027,0.00027
330,2,2,0.00011,0.00011,0.00011,0.00011,0.00011,0.00011,0.00011,0.00011,0.00010,0.00010,0.00010,0.00010,0.00010,0.00010,0.00010,0.00010,0.00010,0.00010,0.00009,0.00009,0.00009,0.00009,0.00009,0.00009,0.00009,0.00009,0.00009
330,2,3,0.00008,0.00008,0.00008,0.00008,0.00008,0.00008,0.00008,0.00008,0.00008,0.00008,0.00008,0.00008,0.00008,0.00007,0.00007,0.00007,0.00007,0.00007,0.00007,0.00007,0.00007,0.00007,0.00007,0.00007,0.00007,0.00007,0.00007
330,2,4,0.00007,0.00007,0.00007,0.00007,0.00007,0.00007,0.00007,0.00007,0.00007,0.00007,0.00007,0.00007,0.00006,0.00006,0.00006,0.00006,0.00006,0.00006,0.00006,0.00006,0.00006,0.00006,0.00006,0.00006,0.00006,0.00006,0.00006
330,2,5,0.00006,0.00006,0.00006,0.00005,0.00005,0.00005,0.00005,0.00005,0.00005,0.00005,0.00005,0.00005,0.00005,0.00005,0.00005,0.00005,0.00005,0.00005,0.00005,0.00005,0.00005,0.00005,0.00005,0.00005,0.00004,0.00004,0.00004
330,2,6,0.00005,0.00005,0.00005,0.00005,0.00005,0.00005,0.00005,0.00005,0.00005,0.00005,0.00004,0.00004,0.00004,0.00004,0.00004,0.00004,0.00004,0.00004,0.00004,0.00004,0.00004,0.00004,0.00004,0.00004,0.00004,0.00004,0.00004
330,2,7,0.00004,0.00004,0.00004,0.00004,0.00004,0.00004,0.00004,0.00004,0.00004,0.00004,0.00004,0.00004,0.00004,0.00004,0.00004,0.00004,0.00004,0.00004,0.00004,0.00004,0.00004,0.00004,0.00004,0.00004,0.00003,0.00003,0.00003
330,2,8,0.00004,0.00004,0.00004,0.00004,0.00004,0.00004,0.00004,0.00004,0.00004,0.00004,0.00003,0.00003,0.00003,0.00003,0.00003,0.00003,0.00003,0.00003,0.00003,0.00003,0.00003,0.00003,0.00003,0.00003,0.00003,0.00003,0.00003
330,2,9,0.00004,0.00004,0.00004,0.00004,0.00004,0.00004,0.00004,0.00003,0.00003,0.00003,0.00003,0.00003,0.00003,0.00003,0.00003,0.00003,0.00003,0.00003,0.00003,0.00003,0.00003,0.00003,0.00003,0.00003,0.00003,0.00003,0.00003
330,2,10,0.00004,0.00004,0.00004,0.00004,0.00004,0.00004,0.00004,0.00004,0.00004,0.00004,0.00003,0.00003,0.00003,0.00003,0.00003,0.00003,0.00003,0.00003,0.00003,0.00003,0.00003,0.00003,0.00003,0.00003,0.00003,0.00003,0.00003
330,2,11,0.00004,0.00004,0.00004,0.00004,0.00004,0.00004,0.00004,0.00004,0.00004,0.00004,0.00004,0.00004,0.00004,0.00004,0.00004,0.00004,0.00003,0.00003,0.00003,0.00003,0.00003,0.00003,0.00003,0.00003,0.00003,0.00003,0.00003
330,2,12,0.00005,0.00005,0.00004,0.00004,0.00004,0.00004,0.00004,0.00004,0.00004,0.00004,0.00004,0.00004,0.00004,0.00004,0.00004,0.00004,0.00004,0.00004,0.00004,0.00004,0.00004,0.00004,0.00004,0.00004,0.00004,0.00004,0.00004
330,2,13,0.00006,0.00006,0.00006,0.00006,0.00006,0.00006,0.00006,0.00005,0.00005,0.00005,0.00005,0.00005,0.00005,0.00005,0.00005,0.00005,0.00005,0.00005,0.00005,0.00005,0.00005,0.00005,0.00005,0.00005,0.00005,0.00005,0.00005
330,2,14,0.00007,0.00007,0.00007,0.00007,0.00007,0.00007,0.00007,0.00006,0.00006,0.00006,0.00006,0.00006,0.00006,0.00006,0.00006,0.00006,0.00006,0.00006,0.00006,0.00006,0.00006,0.00006,0.00006,0.00006,0.00005,0.00005,0.00005
330,2,15,0.00009,0.00009,0.00009,0.00009,0.00009,0.00008,0.00008,0.00008,0.00008,0.00008,0.00008,0.00008,0.00008,0.00008,0.00008,0.00008,0.00008,0.00008,0.00007,0.00007,0.00007,0.00007,0.00007,0.00007,0.00007,0.00007,0.00007
330,2,16,0.00011,0.00011,0.00010,0.00010,0.00010,0.00010,0.00010,0.00010,0.00010,0.00010,0.00010,0.00010,0.00010,0.00009,0.00009,0.00009,0.00009,0.00009,0.00009,0.00009,0.00009,0.00009,0.00009,0.00009,0.00008,0.00008,0.00008
330,2,17,0.00013,0.00013,0.00013,0.00013,0.00012,0.00012,0.00012,0.00012,0.00012,0.00012,0.00012,0.00012,0.00012,0.00011,0.00011,0.00011,0.00011,0.00011,0.00011,0.00011,0.00011,0.00011,0.00010,0.00010,0.00010,0.00010,0.00010
330,2,18,0.00015,0.00014,0.00014,0.00014,0.00014,0.00014,0.00014,0.00014,0.00014,0.00013,0.00013,0.00013,0.00013,0.00013,0.00013,0.00013,0.00013,0.00012,0.00012,0.00012,0.00012,0.00012,0.00012,0.00012,0.00012,0.00011,0.00011
330,2,19,0.00017,0.00016,0.00016,0.00016,0.00016,0.00016,0.00016,0.00016,0.00015,0.00015,0.00015,0.00015,0.00015,0.00015,0.00015,0.00014,0.00014,0.00014,0.00014,0.00014,0.00014,0.00014,0.00013,0.00013,0.00013,0.00013,0.00013
330,2,20,0.00017,0.00017,0.00017,0.00017,0.00017,0.00017,0.00016,0.00016,0.00016,0.00016,0.00016,0.00016,0.00016,0.00015,0.00015,0.00015,0.00015,0.00015,0.00015,0.00014,0.00014,0.00014,0.00014,0.00014,0.00014,0.00014,0.00014
330,2,21,0.00018,0.00018,0.00018,0.00018,0.00018,0.00018,0.00017,0.00017,0.00017,0.00017,0.00017,0.00017,0.00016,0.00016,0.00016,0.00016,0.00016,0.00016,0.00016,0.00015,0.00015,0.00015,0.00015,0.00015,0.00015,0.00015,0.00014
330,2,22,0.00019,0.00018,0.00018,0.00018,0.00018,0.00018,0.00018,0.00017,0.00017,0.00017,0.00017,0.00017,0.00017,0.00016,0.00016,0.00016,0.00016,0.00016,0.00016,0.00016,0.00015,0.00015,0.00015,0.00015,0.00015,0.00015,0.00015
330,2,23,0.00019,0.00018,0.00018,0.00018,0.00018,0.00018,0.00018,0.00017,0.00017,0.00017,0.00017,0.00017,0.00017,0.00016,0.00016,0.00016,0.00016,0.00016,0.00016,0.00015,0.00015,0.00015,0.00015,0.00015,0.00015,0.00015,0.00014
330,2,24,0.00018,0.00018,0.00018,0.00018,0.00018,0.00018,0.00017,0.00017,0.00017,0.00017,0.00017,0.00017,0.00016,0.00016,0.00016,0.00016,0.00016,0.00016,0.00016,0.00015,0.00015,0.00015,0.00015,0.00015,0.00015,0.00014,0.00014
330,2,25,0.00019,0.00019,0.00018,0.00018,0.00018,0.00018,0.00018,0.00018,0.00017,0.00017,0.00017,0.00017,0.00017,0.00017,0.00016,0.00016,0.00016,0.00016,0.00016,0.00016,0.00015,0.00015,0.00015,0.00015,0.00015,0.00015,0.00015
330,2,26,0.00019,0.00019,0.00019,0.00019,0.00018,0.00018,0.00018,0.00018,0.00018,0.00018,0.00017,0.00017,0.00017,0.00017,0.00017,0.00017,0.00016,0.00016,0.00016,0.00016,0.00016,0.00016,0.00016,0.00015,0.00015,0.00015,0.00015
330,2,27,0.00020,0.00019,0.00019,0.00019,0.00019,0.00019,0.00018,0.00018,0.00018,0.00018,0.00018,0.00018,0.00017,0.00017,0.00017,0.00017,0.00017,0.00017,0.00016,0.00016,0.00016,0.00016,0.00016,0.00016,0.00016,0.00015,0.00015
330,2,28,0.00021,0.00020,0.00020,0.00020,0.00020,0.00020,0.00019,0.00019,0.00019,0.00019,0.00019,0.00018,0.00018,0.00018,0.00018,0.00018,0.00018,0.00017,0.00017,0.00017,0.00017,0.00017,0.00017,0.00016,0.00016,0.00016,0.00016
330,2,29,0.00022,0.00021,0.00021,0.00021,0.00021,0.00021,0.00020,0.00020,0.00020,0.00020,0.00020,0.00020,0.00019,0.00019,0.00019,0.00019,0.00019,0.00018,0.00018,0.00018,0.00018,0.00018,0.00018,0.00017,0.00017,0.00017,0.00017
330,2,30,0.00023,0.00023,0.00022,0.00022,0.00022,0.00022,0.00022,0.00021,0.00021,0.00021,0.00021,0.00021,0.00020,0.00020,0.00020,0.00020,0.00020,0.00019,0.00019,0.00019,0.00019,0.00019,0.00019,0.00018,0.00018,0.00018,0.00018
330,2,31,0.00024,0.00024,0.00024,0.00024,0.00024,0.00023,0.00023,0.00023,0.00023,0.00022,0.00022,0.00022,0.00022,0.00022,0.00021,0.00021,0.00021,0.00021,0.00021,0.00020,0.00020,0.00020,0.00020,0.00020,0.00019,0.00019,0.00019
330,2,32,0.00026,0.00025,0.00025,0.00025,0.00025,0.00025,0.00024,0.00024,0.00024,0.00024,0.00023,0.00023,0.00023,0.00023,0.00022,0.00022,0.00022,0.00022,0.00022,0.00021,0.00021,0.00021,0.00021,0.00021,0.00020,0.00020,0.00020
330,2,33,0.00028,0.00027,0.00027,0.00027,0.00027,0.00026,0.00026,0.00026,0.00026,0.00025,0.00025,0.00025,0.00025,0.00024,0.00024,0.00024,0.00024,0.00023,0.00023,0.00023,0.00023,0.00023,0.00022,0.00022,0.00022,0.00022,0.00021
330,2,34,0.00029,0.00029,0.00028,0.00028,0.00028,0.00028,0.00027,0.00027,0.00027,0.00027,0.00026,0.00026,0.00026,0.00026,0.00025,0.00025,0.00025,0.00025,0.00024,0.00024,0.00024,0.00024,0.00023,0.00023,0.00023,0.00023,0.00023
330,2,35,0.00030,0.00030,0.00030,0.00030,0.00029,0.00029,0.00029,0.00028,0.00028,0.00028,0.00028,0.00027,0.00027,0.00027,0.00027,0.00026,0.00026,0.00026,0.00026,0.00025,0.00025,0.00025,0.00025,0.00024,0.00024,0.00024,0.00024
330,2,36,0.00032,0.00032,0.00031,0.00031,0.00031,0.00030,0.00030,0.00030,0.00029,0.00029,0.00029,0.00029,0.00028,0.00028,0.00028,0.00027,0.00027,0.00027,0.00027,0.00026,0.00026,0.00026,0.00026,0.00025,0.00025,0.00025,0.00025
330,2,37,0.00034,0.00034,0.00034,0.00033,0.00033,0.00033,0.00032,0.00032,0.00032,0.00031,0.00031,0.00031,0.00030,0.00030,0.00030,0.00029,0.00029,0.00029,0.00028,0.00028,0.00028,0.00028,0.00027,0.00027,0.00027,0.00027,0.00026
330,2,38,0.00037,0.00036,0.00036,0.00035,0.00035,0.00035,0.00034,0.00034,0.00033,0.00033,0.00033,0.00032,0.00032,0.00032,0.00031,0.00031,0.00031,0.00030,0.00030,0.00030,0.00029,0.00029,0.00029,0.00028,0.00028,0.00028,0.00028
330,2,39,0.00039,0.00038,0.00038,0.00038,0.00037,0.00037,0.00036,0.00036,0.00035,0.00035,0.00035,0.00034,0.00034,0.00033,0.00033,0.00033,0.00032,0.00032,0.00032,0.00031,0.00031,0.00031,0.00030,0.00030,0.00030,0.00029,0.00029
330,2,40,0.00042,0.00042,0.00041,0.00041,0.00040,0.00040,0.00039,0.00039,0.00038,0.00038,0.00037,0.00037,0.00036,0.00036,0.00035,0.00035,0.00035,0.00034,0.00034,0.00034,0.00033,0.00033,0.00033,0.00032,0.00032,0.00032,0.00031
330,2,41,0.00045,0.00045,0.00044,0.00044,0.00043,0.00042,0.00042,0.00041,0.00041,0.00040,0.00040,0.00039,0.00039,0.00038,0.00038,0.00037,0.00037,0.00037,0.00036,0.00036,0.00035,0.00035,0.00035,0.00034,0.00034,0.00034,0.00033
330,2,42,0.00049,0.00048,0.00047,0.00047,0.00046,0.00045,0.00045,0.00044,0.00043,0.00043,0.00042,0.00042,0.00041,0.00041,0.00040,0.00040,0.00039,0.00039,0.00038,0.00038,0.00038,0.00037,0.00037,0.00036,0.00036,0.00036,0.00035
330,2,43,0.00053,0.00052,0.00051,0.00050,0.00050,0.00049,0.00048,0.00048,0.00047,0.00046,0.00046,0.00045,0.00045,0.00044,0.00043,0.00043,0.00042,0.00042,0.00041,0.00041,0.00040,0.00040,0.00040,0.00039,0.00039,0.00038,0.00038
330,2,44,0.00058,0.00058,0.00057,0.00056,0.00055,0.00054,0.00053,0.00052,0.00052,0.00051,0.00050,0.00050,0.00049,0.00048,0.00048,0.00047,0.00046,0.00046,0.00045,0.00045,0.00044,0.00044,0.00043,0.00043,0.00043,0.00042,0.00042
330,2,45,0.00064,0.00063,0.00062,0.00061,0.00060,0.00059,0.00058,0.00057,0.00056,0.00056,0.00055,0.00054,0.00053,0.00053,0.00052,0.00051,0.00051,0.00050,0.00049,0.00049,0.00048,0.00048,0.00047,0.00047,0.00046,0.00046,0.00045
330,2,46,0.00070,0.00069,0.00068,0.00067,0.00066,0.00065,0.00064,0.00063,0.00062,0.00061,0.00060,0.00059,0.00058,0.00057,0.00057,0.00056,0.00055,0.00054,0.00054,0.00053,0.00052,0.00052,0.00051,0.00051,0.00050,0.00050,0.00049
330,2,47,0.00078,0.00076,0.00075,0.00074,0.00072,0.00071,0.00070,0.00069,0.00068,0.00067,0.00066,0.00065,0.00064,0.00063,0.00062,0.00061,0.00060,0.00059,0.00059,0.00058,0.00057,0.00057,0.00056,0.00055,0.00055,0.00054,0.00053
330,2,48,0.00083,0.00081,0.00080,0.00079,0.00077,0.00076,0.00075,0.00073,0.00072,0.00071,0.00070,0.00069,0.00068,0.00067,0.00066,0.00065,0.00064,0.00063,0.00062,0.00062,0.00061,0.00060,0.00059,0.00059,0.00058,0.00057,0.00057
330,2,49,0.00089,0.00087,0.00085,0.00084,0.00082,0.00081,0.00080,0.00078,0.00077,0.00076,0.00075,0.00074,0.00073,0.00071,0.00070,0.00069,0.00068,0.00068,0.00067,0.00066,0.00065,0.00064,0.00063,0.00063,0.00062,0.00061,0.00060
330,2,50,0.00094,0.00092,0.00090,0.00089,0.00087,0.00086,0.00084,0.00083,0.00082,0.00080,0.00079,0.00078,0.00077,0.00075,0.00074,0.00073,0.00072,0.00071,0.00070,0.00069,0.00068,0.00068,0.00067,0.00066,0.00065,0.00064,0.00064
330,2,51,0.00102,0.00100,0.00098,0.00097,0.00095,0.00093,0.00092,0.00090,0.00089,0.00087,0.00086,0.00085,0.00083,0.00082,0.00081,0.00080,0.00079,0.00077,0.00076,0.00075,0.00074,0.00073,0.00072,0.00071,0.00071,0.00070,0.00069
330,2,52,0.00110,0.00108,0.00106,0.00105,0.00103,0.00101,0.00099,0.00098,0.00096,0.00094,0.00093,0.00091,0.00090,0.00089,0.00087,0.00086,0.00085,0.00084,0.00082,0.00081,0.00080,0.00079,0.00078,0.00077,0.00076,0.00075,0.00074
330,2,53,0.00119,0.00117,0.00115,0.00113,0.00111,0.00109,0.00107,0.00105,0.00103,0.00102,0.00100,0.00098,0.00097,0.00095,0.00094,0.00093,0.00091,0.00090,0.00089,0.00087,0.00086,0.00085,0.00084,0.00083,0.00081,0.00080,0.00079
330,2,54,0.00132,0.00130,0.00127,0.00125,0.00123,0.00121,0.00119,0.00117,0.00115,0.00113,0.00111,0.00109,0.00108,0.00106,0.00104,0.00103,0.00101,0.00100,0.00098,0.00097,0.00095,0.00094,0.00093,0.00091,0.00090,0.00089,0.00088
330,2,55,0.00143,0.00141,0.00138,0.00136,0.00133,0.00131,0.00129,0.00126,0.00124,0.00122,0.00120,0.00118,0.00116,0.00115,0.00113,0.00111,0.00109,0.00108,0.00106,0.00104,0.00103,0.00101,0.00100,0.00099,0.00097,0.00096,0.00094
330,2,56,0.00163,0.00160,0.00157,0.00154,0.00152,0.00149,0.00146,0.00144,0.00142,0.00139,0.00137,0.00135,0.00132,0.00130,0.00128,0.00126,0.00124,0.00122,0.00120,0.00119,0.00117,0.00115,0.00113,0.00112,0.00110,0.00109,0.00107
330,2,57,0.00179,0.00176,0.00173,0.00170,0.00167,0.00164,0.00161,0.00158,0.00155,0.00153,0.00150,0.00148,0.00145,0.00143,0.00141,0.00138,0.00136,0.00134,0.00132,0.00130,0.00128,0.00126,0.00124,0.00122,0.00120,0.00119,0.00117
330,2,58,0.00201,0.00198,0.00194,0.00191,0.00187,0.00184,0.00181,0.00178,0.00175,0.00172,0.00169,0.00166,0.00163,0.00161,0.00158,0.00155,0.00153,0.00150,0.00148,0.00146,0.00143,0.00141,0.00139,0.00137,0.00135,0.00133,0.00131
330,2,59,0.00219,0.00215,0.00211,0.00208,0.00204,0.00200,0.00197,0.00194,0.00190,0.00187,0.00184,0.00181,0.00178,0.00175,0.00172,0.00169,0.00166,0.00164,0.00161,0.00159,0.00156,0.00154,0.00151,0.00149,0.00147,0.00144,0.00142
330,2,60,0.00251,0.00247,0.00243,0.00239,0.00235,0.00231,0.00227,0.00223,0.00219,0.00216,0.00212,0.00209,0.00205,0.00202,0.00198,0.00195,0.00192,0.00189,0.00186,0.00183,0.00180,0.00177,0.00174,0.00171,0.00169,0.00166,0.00163
330,2,61,0.00284,0.00279,0.00275,0.00270,0.00266,0.00262,0.00258,0.00253,0.00249,0.00245,0.00241,0.00237,0.00234,0.00230,0.00226,0.00222,0.00219,0.00215,0.00212,0.00208,0.00205,0.00202,0.00198,0.00195,0.00192,0.00189,0.00186
330,2,62,0.00308,0.00303,0.00299,0.00294,0.00289,0.00285,0.00280,0.00276,0.00271,0.00267,0.00263,0.00259,0.00254,0.00250,0.00246,0.00242,0.00238,0.00235,0.00231,0.00227,0.00223,0.00220,0.00216,0.00213,0.00209,0.00206,0.00202
330,2,63,0.00357,0.00351,0.00346,0.00341,0.00335,0.00330,0.00325,0.00320,0.00315,0.00310,0.00305,0.00301,0.00296,0.00291,0.00286,0.00282,0.00277,0.00273,0.00268,0.00264,0.00259,0.00255,0.00251,0.00247,0.00243,0.00238,0.00234
330,2,64,0.00399,0.00393,0.00387,0.00382,0.00376,0.00370,0.00365,0.00359,0.00354,0.00348,0.00343,0.00338,0.00332,0.00327,0.00322,0.00317,0.00312,0.00306,0.00301,0.00296,0.00291,0.00287,0.00282,0.00277,0.00272,0.00268,0.00263
330,2,65,0.00456,0.00449,0.00443,0.00437,0.00430,0.00424,0.00418,0.00412,0.00405,0.00399,0.00393,0.00387,0.00381,0.00375,0.00369,0.00363,0.00358,0.00352,0.00346,0.00340,0.00335,0.00329,0.00323,0.00318,0.00312,0.00307,0.00302
330,2,66,0.00506,0.00499,0.00493,0.00486,0.00479,0.00472,0.00465,0.00459,0.00452,0.00445,0.00438,0.00432,0.00425,0.00419,0.00412,0.00406,0.00399,0.00393,0.00386,0.00380,0.00374,0.00367,0.00361,0.00355,0.00349,0.00343,0.00337
330,2,67,0.00560,0.00552,0.00545,0.00538,0.00530,0.00523,0.00516,0.00508,0.00501,0.00494,0.00486,0.00479,0.00472,0.00465,0.00458,0.00451,0.00443,0.00436,0.00429,0.00422,0.00415,0.00409,0.00402,0.00395,0.00388,0.00381,0.00375
330,2,68,0.00634,0.00626,0.00618,0.00610,0.00602,0.00594,0.00585,0.00577,0.00569,0.00561,0.00553,0.00545,0.00537,0.00529,0.00521,0.00513,0.00505,0.00497,0.00489,0.00481,0.00473,0.00465,0.00457,0.00450,0.00442,0.00434,0.00427
330,2,69,0.00702,0.00693,0.00685,0.00676,0.00667,0.00658,0.00649,0.00640,0.00631,0.00622,0.00614,0.00605,0.00596,0.00587,0.00578,0.00569,0.00560,0.00552,0.00543,0.00534,0.00526,0.00517,0.00508,0.00500,0.00491,0.00483,0.00474
330,2,70,0.00798,0.00788,0.00778,0.00769,0.00759,0.00749,0.00739,0.00729,0.00719,0.00709,0.00699,0.00689,0.00679,0.00668,0.00658,0.00648,0.00638,0.00629,0.00619,0.00609,0.00599,0.00589,0.00579,0.00569,0.00560,0.00550,0.00541
330,2,71,0.00886,0.00875,0.00864,0.00853,0.00842,0.00831,0.00820,0.00809,0.00798,0.00787,0.00776,0.00765,0.00754,0.00743,0.00732,0.00720,0.00709,0.00698,0.00687,0.00676,0.00665,0.00654,0.00643,0.00633,0.00622,0.00611,0.00600
330,2,72,0.00978,0.00966,0.00954,0.00942,0.00930,0.00918,0.00906,0.00894,0.00882,0.00869,0.00857,0.00845,0.00833,0.00820,0.00808,0.00796,0.00784,0.00771,0.00759,0.00747,0.00735,0.00723,0.00711,0.00699,0.00687,0.00675,0.00663
330,2,73,0.01096,0.01083,0.01070,0.01056,0.01043,0.01029,0.01016,0.01002,0.00989,0.00975,0.00961,0.00947,0.00934,0.00920,0.00906,0.00892,0.00879,0.00865,0.00851,0.00838,0.00824,0.00810,0.00797,0.00783,0.00770,0.00757,0.00743
330,2,74,0.01227,0.01212,0.01197,0.01182,0.01167,0.01152,0.01136,0.01121,0.01106,0.01091,0.01075,0.01060,0.01044,0.01029,0.01014,0.00998,0.00983,0.00967,0.00952,0.00937,0.00922,0.00906,0.00891,0.00876,0.00861,0.00846,0.00831
330,2,75,0.01389,0.01373,0.01356,0.01339,0.01321,0.01304,0.01287,0.01270,0.01252,0.01235,0.01217,0.01200,0.01182,0.01165,0.01147,0.01130,0.01113,0.01095,0.01078,0.01060,0.01043,0.01026,0.01009,0.00991,0.00974,0.00957,0.00940
330,2,76,0.01559,0.01540,0.01521,0.01502,0.01483,0.01463,0.01444,0.01424,0.01405,0.01385,0.01365,0.01346,0.01326,0.01306,0.01287,0.01267,0.01248,0.01228,0.01209,0.01189,0.01170,0.01150,0.01131,0.01112,0.01093,0.01074,0.01055
330,2,77,0.01778,0.01756,0.01734,0.01712,0.01689,0.01667,0.01645,0.01623,0.01600,0.01578,0.01556,0.01533,0.01511,0.01488,0.01466,0.01444,0.01421,0.01399,0.01377,0.01355,0.01333,0.01311,0.01289,0.01267,0.01245,0.01224,0.01202
330,2,78,0.02042,0.02017,0.01992,0.01966,0.01941,0.01915,0.01889,0.01864,0.01838,0.01812,0.01787,0.01761,0.01735,0.01710,0.01684,0.01658,0.01633,0.01607,0.01582,0.01557,0.01532,0.01507,0.01482,0.01457,0.01432,0.01407,0.01383
330,2,79,0.02328,0.02299,0.02270,0.02241,0.02211,0.02182,0.02153,0.02124,0.02095,0.02065,0.02036,0.02007,0.01978,0.01949,0.01920,0.01891,0.01862,0.01833,0.01804,0.01776,0.01747,0.01719,0.01691,0.01663,0.01635,0.01607,0.01579
340,1,0,0.00369,0.00366,0.00362,0.00359,0.00355,0.00352,0.00349,0.00345,0.00342,0.00339,0.00335,0.00332,0.00329,0.00326,0.00323,0.00320,0.00317,0.00313,0.00310,0.00308,0.00305,0.00302,0.00299,0.00296,0.00293,0.00290,0.00287
340,1,1,0.00042,0.00042,0.00041,0.00041,0.00040,0.00040,0.00040,0.00039,0.00039,0.00039,0.00038,0.00038,0.00037,0.00037,0.00037,0.00036,0.00036,0.00036,0.00035,0.00035,0.00035,0.00034,0.00034,0.00034,0.00033,0.00033,0.00033
340,1,2,0.00015,0.00015,0.00014,0.00014,0.00014,0.00014,0.00014,0.00014,0.00014,0.00014,0.00013,0.00013,0.00013,0.00013,0.00013,0.00013,0.00013,0.00013,0.00012,0.00012,0.00012,0.00012,0.00012,0.00012,0.00012,0.00012,0.00011
340,1,3,0.00011,0.00011,0.00011,0.00011,0.00010,0.00010,0.00010,0.00010,0.00010,0.00010,0.00010,0.00010,0.00010,0.00010,0.00010,0.00009,0.00009,0.00009,0.00009,0.00009,0.00009,0.00009,0.00009,0.00009,0.00009,0.00009,0.00008
340,1,4,0.00009,0.00009,0.00009,0.00008,0.00008,0.00008,0.00008,0.00008,0.00008,0.00008,0.00008,0.00008,0.00008,0.00008,0.00008,0.00008,0.00007,0.00007,0.00007,0.00007,0.00007,0.00007,0.00007,0.00007,0.00007,0.00007,0.00007
340,1,5,0.00007,0.00007,0.00007,0.00007,0.00007,0.00006,0.00006,0.00006,0.00006,0.00006,0.00006,0.00006,0.00006,0.00006,0.00006,0.00006,0.00006,0.00006,0.00006,0.00006,0.00006,0.00006,0.00006,0.00005,0.00005,0.00005,0.00005
340,1,6,0.00006,0.00006,0.00006,0.00006,0.00006,0.00006,0.00006,0.00006,0.00006,0.00005,0.00005,0.00005,0.00005,0.00005,0.00005,0.00005,0.00005,0.00005,0.00005,0.00005,0.00005,0.00005,0.00005,0.00005,0.00005,0.00005,0.00005
340,1,7,0.00005,0.00005,0.00005,0.00005,0.00005,0.00005,0.00005,0.00005,0.00005,0.00005,0.00005,0.00005,0.00005,0.00005,0.00005,0.00005,0.00005,0.00005,0.00005,0.00004,0.00004,0.00004,0.00004,0.00004,0.00004,0.00004,0.00004
340,1,8,0.00005,0.00005,0.00005,0.00005,0.00005,0.00005,0.00005,0.00005,0.00005,0.00005,0.00005,0.00005,0.00005,0.00005,0.00005,0.00005,0.00005,0.00005,0.00005,0.00005,0.00004,0.00004,0.00004,0.00004,0.00004,0.00004,0.00004
340,1,9,0.00005,0.00005,0.00005,0.00005,0.00005,0.00005,0.00005,0.00005,0.00005,0.00005,0.00005,0.00005,0.00005,0.00005,0.00005,0.00005,0.00005,0.00005,0.00004,0.00004,0.00004,0.00004,0.00004,0.00004,0.00004,0.00004,0.00004
340,1,10,0.00006,0.00006,0.00006,0.00005,0.00005,0.00005,0.00005,0.00005,0.00005,0.00005,0.00005,0.00005,0.00005,0.00005,0.00005,0.00005,0.00005,0.00005,0.00005,0.00005,0.00005,0.00005,0.00005,0.00005,0.00004,0.00004,0.00004
340,1,11,0.00007,0.00007,0.00007,0.00007,0.00006,0.00006,0.00006,0.00006,0.00006,0.00006,0.00006,0.00006,0.00006,0.00006,0.00006,0.00006,0.00006,0.00006,0.00006,0.00006,0.00006,0.00005,0.00005,0.00005,0.00005,0.00005,0.00005
340,1,12,0.00008,0.00008,0.00007,0.00007,0.00007,0.00007,0.00007,0.00007,0.00007,0.00007,0.00007,0.00007,0.00007,0.00007,0.00007,0.00007,0.00007,0.00006,0.00006,0.00006,0.00006,0.00006,0.00006,0.00006,0.00006,0.00006,0.00006
340,1,13,0.00010,0.00010,0.00010,0.00010,0.00009,0.00009,0.00009,0.00009,0.00009,0.00009,0.00009,0.00009,0.00009,0.00009,0.00009,0.00008,0.00008,0.00008,0.00008,0.00008,0.00008,0.00008,0.00008,0.00008,0.00008,0.00008,0.00008
340,1,14,0.00012,0.00012,0.00012,0.00012,0.00012,0.00012,0.00012,0.00011,0.00011,0.00011,0.00011,0.00011,0.00011,0.00011,0.00011,0.00011,0.00010,0.00010,0.00010,0.00010,0.00010,0.00010,0.00010,0.00010,0.00010,0.00010,0.00010
340,1,15,0.00016,0.00016,0.00016,0.00016,0.00015,0.00015,0.00015,0.00015,0.00015,0.00015,0.00015,0.00014,0.00014,0.00014,0.00014,0.00014,0.00014,0.00014,0.00014,0.00013,0.00013,0.00013,0.00013,0.00013,0.00013,0.00013,0.00013
340,1,16,0.00020,0.00020,0.00020,0.00020,0.00019,0.00019,0.00019,0.00019,0.00019,0.00019,0.00018,0.00018,0.00018,0.00018,0.00018,0.00017,0.00017,0.00017,0.00017,0.00017,0.00017,0.00017,0.00016,0.00016,0.00016,0.00016,0.00016
340,1,17,0.00027,0.00027,0.00026,0.00026,0.00026,0.00026,0.00025,0.00025,0.00025,0.00025,0.00024,0.00024,0.00024,0.00024,0.00024,0.00023,0.00023,0.00023,0.00023,0.00022,0.00022,0.00022,0.00022,0.00022,0.00021,0.00021,0.00021
340,1,18,0.00033,0.00033,0.00032,0.00032,0.00032,0.00032,0.00031,0.00031,0.00031,0.00030,0.00030,0.00030,0.00029,0.00029,0.00029,0.00029,0.00028,0.00028,0.00028,0.00028,0.00027,0.00027,0.00027,0.00027,0.00026,0.00026,0.00026
340,1,19,0.00040,0.00040,0.00039,0.00039,0.00039,0.00038,0.00038,0.00038,0.00037,0.00037,0.00036,0.00036,0.00036,0.00035,0.00035,0.00035,0.00034,0.00034,0.00034,0.00033,0.00033,0.00033,0.00032,0.00032,0.00032,0.00032,0.00031
340,1,20,0.00046,0.00045,0.00045,0.00044,0.00044,0.00043,0.00043,0.00043,0.00042,0.00042,0.00041,0.00041,0.00041,0.00040,0.00040,0.00039,0.00039,0.00039,0.00038,0.00038,0.00038,0.00037,0.00037,0.00036,0.00036,0.00036,0.00035
340,1,21,0.00049,0.00048,0.00048,0.00047,0.00047,0.00046,0.00046,0.00045,0.00045,0.00045,0.00044,0.00044,0.00043,0.00043,0.00043,0.00042,0.00042,0.00041,0.00041,0.00040,0.00040,0.00040,0.00039,0.00039,0.00039,0.00038,0.00038
340,1,22,0.00050,0.00050,0.00049,0.00049,0.00048,0.00048,0.00047,0.00047,0.00046,0.00046,0.00046,0.00045,0.00045,0.00044,0.00044,0.00043,0.00043,0.00043,0.00042,0.00042,0.00041,0.00041,0.00041,0.00040,0.00040,0.00039,0.00039
340,1,23,0.00051,0.00050,0.00050,0.00049,0.00049,0.00048,0.00048,0.00047,0.00047,0.00047,0.00046,0.00046,0.00045,0.00045,0.00044,0.00044,0.00044,0.00043,0.00043,0.00042,0.00042,0.00041,0.00041,0.00041,0.00040,0.00040,0.00040
340,1,24,0.00050,0.00049,0.00049,0.00048,0.00048,0.00047,0.00047,0.00046,0.00046,0.00045,0.00045,0.00045,0.00044,0.00044,0.00043,0.00043,0.00042,0.00042,0.00042,0.00041,0.00041,0.00040,0.00040,0.00040,0.00039,0.00039,0.00039
340,1,25,0.00048,0.00047,0.00047,0.00046,0.00046,0.00045,0.00045,0.00045,0.00044,0.00044,0.00043,0.00043,0.00043,0.00042,0.00042,0.00041,0.00041,0.00041,0.00040,0.00040,0.00039,0.00039,0.00039,0.00038,0.00038,0.00037,0.00037
340,1,26,0.00049,0.00049,0.00048,0.00048,0.00047,0.00047,0.00046,0.00046,0.00045,0.00045,0.00045,0.00044,0.00044,0.00043,0.00043,0.00043,0.00042,0.00042,0.00041,0.00041,0.00041,0.00040,0.00040,0.00039,0.00039,0.00039,0.00038
340,1,27,0.00050,0.00049,0.00049,0.00048,0.00048,0.00047,0.00047,0.00047,0.00046,0.00046,0.00045,0.00045,0.00044,0.00044,0.00043,0.00043,0.00043,0.00042,0.00042,0.00041,0.00041,0.00041,0.00040,0.00040,0.00039,0.00039,0.00039
340,1,28,0.00050,0.00050,0.00049,0.00049,0.00048,0.00048,0.00047,0.00047,0.00046,0.00046,0.00045,0.00045,0.00045,0.00044,0.00044,0.00043,0.00043,0.00042,0.00042,0.00042,0.00041,0.00041,0.00040,0.00040,0.00040,0.00039,0.00039
340,1,29,0.00050,0.00049,0.00049,0.00048,0.00048,0.00047,0.00047,0.00046,0.00046,0.00046,0.00045,0.00045,0.00044,0.00044,0.00043,0.00043,0.00043,0.00042,0.00042,0.00041,0.00041,0.00041,0.00040,0.00040,0.00039,0.00039,0.00039
340,1,30,0.00049,0.00048,0.00048,0.00048,0.00047,0.00047,0.00046,0.00046,0.00045,0.00045,0.00044,0.00044,0.00044,0.00043,0.00043,0.00042,0.00042,0.00042,0.00041,0.00041,0.00040,0.00040,0.00040,0.00039,0.00039,0.00038,0.00038
340,1,31,0.00049,0.00049,0.00048,0.00048,0.00047,0.00047,0.00046,0.00046,0.00046,0.00045,0.00045,0.00044,0.00044,0.00043,0.00043,0.00043,0.00042,0.00042,0.00041,0.00041,0.00041,0.00040,0.00040,0.00039,0.00039,0.00039,0.00038
340,1,32,0.00049,0.00048,0.00048,0.00047,0.00047,0.00047,0.00046,0.00046,0.00045,0.00045,0.00044,0.00044,0.00043,0.00043,0.00043,0.00042,0.00042,0.00041,0.00041,0.00041,0.00040,0.00040,0.00039,0.00039,0.00039,0.00038,0.00038
340,1,33,0.00049,0.00048,0.00048,0.00047,0.00047,0.00046,0.00046,0.00045,0.00045,0.00045,0.00044,0.00044,0.00043,0.00043,0.00042,0.00042,0.00042,0.00041,0.00041,0.00040,0.00040,0.00040,0.00039,0.00039,0.00039,0.00038,0.00038
340,1,34,0.00051,0.00050,0.00050,0.00049,0.00049,0.00048,0.00048,0.00047,0.00047,0.00046,0.00046,0.00045,0.00045,0.00045,0.00044,0.00044,0.00043,0.00043,0.00043,0.00042,0.00042,0.00041,0.00041,0.00041,0.00040,0.00040,0.00039
340,1,35,0.00051,0.00051,0.00050,0.00050,0.00049,0.00049,0.00048,0.00048,0.00047,0.00047,0.00046,0.00046,0.00046,0.00045,0.00045,0.00044,0.00044,0.00043,0.00043,0.00043,0.00042,0.00042,0.00041,0.00041,0.00041,0.00040,0.00040
340,1,36,0.00052,0.00051,0.00051,0.00050,0.00050,0.00049,0.00049,0.00048,0.00048,0.00047,0.00047,0.00046,0.00046,0.00045,0.00045,0.00045,0.00044,0.00044,0.00043,0.00043,0.00042,0.00042,0.00042,0.00041,0.00041,0.00040,0.00040
340,1,37,0.00055,0.00055,0.00054,0.00054,0.00053,0.00052,0.00052,0.00051,0.00051,0.00050,0.00050,0.00049,0.00049,0.00048,0.00048,0.00047,0.00047,0.00046,0.00046,0.00045,0.00045,0.00044,0.00044,0.00044,0.00043,0.00043,0.00042
340,1,38,0.00060,0.00060,0.00059,0.00058,0.00058,0.00057,0.00056,0.00056,0.00055,0.00055,0.00054,0.00053,0.00053,0.00052,0.00052,0.00051,0.00051,0.00050,0.00050,0.00049,0.00049,0.00048,0.00048,0.00047,0.00047,0.00046,0.00046
340,1,39,0.00065,0.00064,0.00063,0.00062,0.00061,0.00061,0.00060,0.00059,0.00059,0.00058,0.00057,0.00057,0.00056,0.00055,0.00055,0.00054,0.00054,0.00053,0.00052,0.00052,0.00051,0.00051,0.00050,0.00050,0.00049,0.00049,0.00048
340,1,40,0.00071,0.00070,0.00069,0.00068,0.00067,0.00066,0.00065,0.00064,0.00064,0.00063,0.00062,0.00061,0.00061,0.00060,0.00059,0.00059,0.00058,0.00057,0.00057,0.00056,0.00056,0.00055,0.00054,0.00054,0.00053,0.00053,0.00052
340,1,41,0.00078,0.00076,0.00075,0.00074,0.00073,0.00072,0.00071,0.00071,0.00070,0.00069,0.00068,0.00067,0.00066,0.00065,0.00065,0.00064,0.00063,0.00063,0.00062,0.00061,0.00061,0.00060,0.00059,0.00059,0.00058,0.00058,0.00057
340,1,42,0.00086,0.00085,0.00084,0.00083,0.00081,0.00080,0.00079,0.00078,0.00077,0.00076,0.00075,0.00074,0.00073,0.00072,0.00071,0.00071,0.00070,0.00069,0.00068,0.00067,0.00067,0.00066,0.00065,0.00065,0.00064,0.00063,0.00063
340,1,43,0.00095,0.00093,0.00092,0.00090,0.00089,0.00088,0.00086,0.00085,0.00084,0.00083,0.00082,0.00081,0.00080,0.00079,0.00078,0.00077,0.00076,0.00075,0.00074,0.00073,0.00072,0.00072,0.00071,0.00070,0.00069,0.00069,0.00068
340,1,44,0.00102,0.00100,0.00099,0.00097,0.00096,0.00094,0.00093,0.00091,0.00090,0.00089,0.00088,0.00086,0.00085,0.00084,0.00083,0.00082,0.00081,0.00080,0.00079,0.00078,0.00077,0.00076,0.00076,0.00075,0.00074,0.00073,0.00073
340,1,45,0.00111,0.00109,0.00107,0.00105,0.00103,0.00102,0.00100,0.00099,0.00097,0.00096,0.00094,0.00093,0.00092,0.00091,0.00089,0.00088,0.00087,0.00086,0.00085,0.00084,0.00083,0.00082,0.00081,0.00081,0.00080,0.00079,0.00078
340,1,46,0.00121,0.00119,0.00117,0.00115,0.00113,0.00111,0.00109,0.00108,0.00106,0.00104,0.00103,0.00101,0.00100,0.00098,0.00097,0.00096,0.00095,0.00093,0.00092,0.00091,0.00090,0.00089,0.00088,0.00087,0.00086,0.00085,0.00084
340,1,47,0.00133,0.00131,0.00128,0.00126,0.00124,0.00122,0.00120,0.00118,0.00116,0.00114,0.00113,0.00111,0.00109,0.00108,0.00106,0.00105,0.00103,0.00102,0.00101,0.00099,0.00098,0.00097,0.00096,0.00095,0.00094,0.00093,0.00092
340,1,48,0.00143,0.00140,0.00138,0.00135,0.00133,0.00130,0.00128,0.00126,0.00124,0.00122,0.00120,0.00118,0.00117,0.00115,0.00113,0.00112,0.00110,0.00109,0.00107,0.00106,0.00105,0.00103,0.00102,0.00101,0.00100,0.00099,0.00097
340,1,49,0.00154,0.00151,0.00148,0.00145,0.00143,0.00140,0.00138,0.00136,0.00133,0.00131,0.00129,0.00127,0.00125,0.00123,0.00122,0.00120,0.00118,0.00116,0.00115,0.00113,0.00112,0.00110,0.00109,0.00108,0.00107,0.00105,0.00104
340,1,50,0.00165,0.00162,0.00159,0.00156,0.00153,0.00151,0.00148,0.00145,0.00143,0.00141,0.00138,0.00136,0.00134,0.00132,0.00130,0.00128,0.00126,0.00125,0.00123,0.00121,0.00120,0.00118,0.00116,0.00115,0.00114,0.00112,0.00111
340,1,51,0.00179,0.00175,0.00172,0.00169,0.00166,0.00163,0.00160,0.00157,0.00154,0.00152,0.00149,0.00147,0.00145,0.00142,0.00140,0.00138,0.00136,0.00134,0.00132,0.00130,0.00129,0.00127,0.00125,0.00124,0.00122,0.00120,0.00119
340,1,52,0.00188,0.00185,0.00181,0.00178,0.00175,0.00172,0.00169,0.00166,0.00163,0.00160,0.00157,0.00155,0.00152,0.00150,0.00147,0.00145,0.00143,0.00141,0.00139,0.00137,0.00135,0.00133,0.00131,0.00129,0.00128,0.00126,0.00125
340,1,53,0.00215,0.00210,0.00206,0.00202,0.00199,0.00195,0.00192,0.00188,0.00185,0.00182,0.00179,0.00176,0.00173,0.00170,0.00167,0.00165,0.00162,0.00160,0.00157,0.00155,0.00153,0.00150,0.00148,0.00146,0.00144,0.00142,0.00141
340,1,54,0.00240,0.00236,0.00231,0.00227,0.00223,0.00218,0.00214,0.00210,0.00207,0.00203,0.00200,0.00196,0.00193,0.00190,0.00187,0.00184,0.00181,0.00178,0.00175,0.00173,0.00170,0.00168,0.00165,0.00163,0.00161,0.00158,0.00156
340,1,55,0.00264,0.00259,0.00253,0.00249,0.00244,0.00239,0.00235,0.00230,0.00226,0.00222,0.00218,0.00215,0.00211,0.00207,0.00204,0.00201,0.00197,0.00194,0.00191,0.00188,0.00185,0.00183,0.00180,0.00177,0.00175,0.00172,0.00170
340,1,56,0.00300,0.00294,0.00288,0.00283,0.00277,0.00272,0.00267,0.00262,0.00257,0.00252,0.00248,0.00243,0.00239,0.00235,0.00231,0.00227,0.00223,0.00220,0.00216,0.00213,0.00210,0.00206,0.00203,0.00200,0.00197,0.00195,0.00192
340,1,57,0.00333,0.00327,0.00320,0.00314,0.00308,0.00302,0.00296,0.00290,0.00285,0.00280,0.00275,0.00270,0.00265,0.00260,0.00256,0.00251,0.00247,0.00243,0.00239,0.00235,0.00231,0.00228,0.00224,0.00221,0.00218,0.00214,0.00211
340,1,58,0.00365,0.00358,0.00351,0.00344,0.00337,0.00330,0.00324,0.00318,0.00312,0.00306,0.00300,0.00295,0.00289,0.00284,0.00279,0.00274,0.00270,0.00265,0.00261,0.00256,0.00252,0.00248,0.00244,0.00240,0.00237,0.00233,0.00230
340,1,59,0.00421,0.00412,0.00404,0.00396,0.00388,0.00380,0.00373,0.00365,0.00358,0.00352,0.00345,0.00339,0.00332,0.00326,0.00321,0.00315,0.00309,0.00304,0.00299,0.00294,0.00289,0.00284,0.00280,0.00275,0.00271,0.00267,0.00263
340,1,60,0.00469,0.00459,0.00450,0.00441,0.00432,0.00423,0.00415,0.00407,0.00399,0.00391,0.00384,0.00377,0.00370,0.00363,0.00356,0.00350,0.00344,0.00338,0.00332,0.00326,0.00321,0.00315,0.00310,0.00305,0.00300,0.00295,0.00291
340,1,61,0.00531,0.00520,0.00509,0.00498,0.00488,0.00479,0.00469,0.00460,0.00451,0.00442,0.00434,0.00426,0.00418,0.00410,0.00402,0.00395,0.00388,0.00381,0.00374,0.00368,0.00361,0.00355,0.00349,0.00343,0.00338,0.00332,0.00327
340,1,62,0.00590,0.00578,0.00566,0.00554,0.00543,0.00532,0.00522,0.00511,0.00501,0.00492,0.00482,0.00473,0.00464,0.00455,0.00447,0.00439,0.00431,0.00423,0.00415,0.00408,0.00401,0.00394,0.00387,0.00381,0.00374,0.00368,0.00362
340,1,63,0.00664,0.00651,0.00637,0.00624,0.00612,0.00600,0.00588,0.00576,0.00565,0.00554,0.00543,0.00533,0.00523,0.00513,0.00503,0.00494,0.00485,0.00476,0.00467,0.00459,0.00451,0.00443,0.00435,0.00427,0.00420,0.00413,0.00406
340,1,64,0.00749,0.00733,0.00718,0.00704,0.00689,0.00676,0.00662,0.00649,0.00636,0.00624,0.00612,0.00600,0.00588,0.00577,0.00566,0.00556,0.00545,0.00535,0.00526,0.00516,0.00507,0.00497,0.00489,0.00480,0.00472,0.00463,0.00455
340,1,65,0.00850,0.00833,0.00816,0.00799,0.00783,0.00767,0.00752,0.00737,0.00723,0.00709,0.00695,0.00681,0.00668,0.00656,0.00643,0.00631,0.00619,0.00608,0.00597,0.00586,0.00575,0.00565,0.00555,0.00545,0.00535,0.00526,0.00517
340,1,66,0.00938,0.00919,0.00900,0.00882,0.00864,0.00847,0.00830,0.00813,0.00797,0.00782,0.00766,0.00752,0.00737,0.00723,0.00709,0.00696,0.00683,0.00670,0.00658,0.00646,0.00634,0.00622,0.00611,0.00600,0.00589,0.00579,0.00569
340,1,67,0.01034,0.01012,0.00992,0.00972,0.00952,0.00933,0.00914,0.00896,0.00878,0.00861,0.00844,0.00828,0.00812,0.00797,0.00781,0.00767,0.00752,0.00738,0.00725,0.00711,0.00699,0.00686,0.00674,0.00662,0.00650,0.00638,0.00627
340,1,68,0.01122,0.01099,0.01076,0.01054,0.01033,0.01012,0.00992,0.00972,0.00953,0.00934,0.00916,0.00898,0.00881,0.00864,0.00848,0.00832,0.00816,0.00801,0.00786,0.00772,0.00758,0.00744,0.00731,0.00718,0.00705,0.00693,0.00681
340,1,69,0.01264,0.01238,0.01213,0.01188,0.01164,0.01140,0.01117,0.01095,0.01073,0.01052,0.01032,0.01012,0.00992,0.00973,0.00955,0.00937,0.00919,0.00902,0.00885,0.00869,0.00853,0.00838,0.00823,0.00808,0.00794,0.00780,0.00766
340,1,70,0.01423,0.01394,0.01365,0.01337,0.01310,0.01283,0.01257,0.01232,0.01208,0.01184,0.01161,0.01138,0.01116,0.01095,0.01074,0.01054,0.01034,0.01014,0.00996,0.00977,0.00960,0.00942,0.00925,0.00909,0.00893,0.00877,0.00862
340,1,71,0.01569,0.01536,0.01505,0.01474,0.01443,0.01414,0.01386,0.01358,0.01331,0.01304,0.01279,0.01254,0.01229,0.01206,0.01183,0.01160,0.01138,0.01117,0.01096,0.01076,0.01056,0.01037,0.01019,0.01000,0.00983,0.00965,0.00948
340,1,72,0.01858,0.01819,0.01781,0.01745,0.01709,0.01674,0.01640,0.01607,0.01575,0.01544,0.01513,0.01484,0.01455,0.01427,0.01399,0.01373,0.01347,0.01322,0.01297,0.01273,0.01250,0.01227,0.01205,0.01183,0.01162,0.01141,0.01121
340,1,73,0.02033,0.01991,0.01949,0.01909,0.01870,0.01832,0.01795,0.01759,0.01723,0.01689,0.01656,0.01623,0.01592,0.01561,0.01531,0.01502,0.01473,0.01446,0.01419,0.01392,0.01367,0.01342,0.01317,0.01294,0.01271,0.01248,0.01226
340,1,74,0.02305,0.02257,0.02210,0.02165,0.02120,0.02077,0.02035,0.01994,0.01954,0.01916,0.01878,0.01841,0.01805,0.01770,0.01736,0.01703,0.01671,0.01639,0.01609,0.01579,0.01550,0.01521,0.01494,0.01467,0.01441,0.01415,0.01390
340,1,75,0.02552,0.02498,0.02447,0.02397,0.02348,0.02300,0.02254,0.02208,0.02164,0.02122,0.02080,0.02039,0.02000,0.01961,0.01923,0.01887,0.01851,0.01816,0.01783,0.01750,0.01717,0.01686,0.01655,0.01625,0.01596,0.01568,0.01540
340,1,76,0.02840,0.02781,0.02724,0.02669,0.02615,0.02562,0.02511,0.02461,0.02412,0.02365,0.02319,0.02274,0.02230,0.02187,0.02145,0.02105,0.02065,0.02026,0.01989,0.01952,0.01916,0.01881,0.01847,0.01814,0.01782,0.01750,0.01719
340,1,77,0.03208,0.03142,0.03079,0.03017,0.02956,0.02898,0.02840,0.02784,0.02730,0.02677,0.02625,0.02574,0.02525,0.02477,0.02430,0.02385,0.02340,0.02297,0.02254,0.02213,0.02173,0.02134,0.02095,0.02058,0.02021,0.01986,0.01951
340,1,78,0.03605,0.03532,0.03462,0.03393,0.03327,0.03261,0.03198,0.03136,0.03075,0.03016,0.02959,0.02903,0.02848,0.02794,0.02742,0.02691,0.02642,0.02593,0.02546,0.02500,0.02455,0.02411,0.02368,0.02326,0.02285,0.02245,0.02206
340,1,79,0.04002,0.03924,0.03847,0.03772,0.03700,0.03628,0.03559,0.03491,0.03425,0.03361,0.03298,0.03236,0.03176,0.03118,0.03061,0.03005,0.02950,0.02897,0.02845,0.02794,0.02745,0.02696,0.02649,0.02603,0.02558,0.02513,0.02470
340,2,0,0.00317,0.00314,0.00311,0.00308,0.00305,0.00303,0.00300,0.00297,0.00294,0.00291,0.00288,0.00286,0.00283,0.00280,0.00277,0.00275,0.00272,0.00269,0.00267,0.00264,0.00262,0.00259,0.00257,0.00254,0.00252,0.00249,0.00247
340,2,1,0.00031,0.00031,0.00030,0.00030,0.00030,0.00029,0.00029,0.00029,0.00029,0.00028,0.00028,0.00028,0.00027,0.00027,0.00027,0.00027,0.00026,0.00026,0.00026,0.00026,0.00025,0.00025,0.00025,0.00025,0.00024,0.00024,0.00024
340,2,2,0.00010,0.00010,0.00010,0.00010,0.00010,0.00010,0.00010,0.00010,0.00009,0.00009,0.00009,0.00009,0.00009,0.00009,0.00009,0.00009,0.00009,0.00009,0.00009,0.00008,0.00008,0.00008,0.00008,0.00008,0.00008,0.00008,0.00008
340,2,3,0.00008,0.00008,0.00007,0.00007,0.00007,0.00007,0.00007,0.00007,0.00007,0.00007,0.00007,0.00007,0.00007,0.00007,0.00007,0.00007,0.00007,0.00006,0.00006,0.00006,0.00006,0.00006,0.00006,0.00006,0.00006,0.00006,0.00006
340,2,4,0.00007,0.00006,0.00006,0.00006,0.00006,0.00006,0.00006,0.00006,0.00006,0.00006,0.00006,0.00006,0.00006,0.00006,0.00006,0.00006,0.00006,0.00006,0.00006,0.00005,0.00005,0.00005,0.00005,0.00005,0.00005,0.00005,0.00005
340,2,5,0.00005,0.00005,0.00005,0.00005,0.00005,0.00005,0.00005,0.00005,0.00005,0.00005,0.00005,0.00005,0.00005,0.00005,0.00004,0.00004,0.00004,0.00004,0.00004,0.00004,0.00004,0.00004,0.00004,0.00004,0.00004,0.00004,0.00004
340,2,6,0.00004,0.00004,0.00004,0.00004,0.00004,0.00004,0.00004,0.00004,0.00004,0.00004,0.00004,0.00004,0.00004,0.00004,0.00004,0.00004,0.00004,0.00004,0.00004,0.00004,0.00004,0.00004,0.00004,0.00004,0.00004,0.00004,0.00003
340,2,7,0.00004,0.00004,0.00004,0.00004,0.00004,0.00004,0.00004,0.00004,0.00004,0.00004,0.00004,0.00004,0.00004,0.00004,0.00003,0.00003,0.00003,0.00003,0.00003,0.00003,0.00003,0.00003,0.00003,0.00003,0.00003,0.00003,0.00003
340,2,8,0.00003,0.00003,0.00003,0.00003,0.00003,0.00003,0.00003,0.00003,0.00003,0.00003,0.00003,0.00003,0.00003,0.00003,0.00003,0.00003,0.00003,0.00003,0.00003,0.00003,0.00003,0.00003,0.00003,0.00003,0.00003,0.00003,0.00003
340,2,9,0.00003,0.00003,0.00003,0.00003,0.00003,0.00003,0.00003,0.00003,0.00003,0.00003,0.00003,0.00003,0.00003,0.00003,0.00003,0.00003,0.00003,0.00003,0.00003,0.00003,0.00003,0.00003,0.00003,0.00003,0.00003,0.00003,0.00003
340,2,10,0.00003,0.00003,0.00003,0.00003,0.00003,0.00003,0.00003,0.00003,0.00003,0.00003,0.00003,0.00003,0.00003,0.00003,0.00003,0.00003,0.00003,0.00003,0.00003,0.00003,0.00003,0.00003,0.00003,0.00003,0.00003,0.00003,0.00003
340,2,11,0.00004,0.00004,0.00004,0.00004,0.00004,0.00004,0.00004,0.00003,0.00003,0.00003,0.00003,0.00003,0.00003,0.00003,0.00003,0.00003,0.00003,0.00003,0.00003,0.00003,0.00003,0.00003,0.00003,0.00003,0.00003,0.00003,0.00003
340,2,12,0.00004,0.00004,0.00004,0.00004,0.00004,0.00004,0.00004,0.00004,0.00004,0.00004,0.00004,0.00004,0.00004,0.00004,0.00004,0.00004,0.00004,0.00004,0.00004,0.00004,0.00004,0.00004,0.00003,0.00003,0.00003,0.00003,0.00003
340,2,13,0.00006,0.00006,0.00006,0.00006,0.00005,0.00005,0.00005,0.00005,0.00005,0.00005,0.00005,0.00005,0.00005,0.00005,0.00005,0.00005,0.00005,0.00005,0.00005,0.00005,0.00005,0.00005,0.00005,0.00005,0.00005,0.00004,0.00004
340,2,14,0.00007,0.00007,0.00007,0.00007,0.00007,0.00007,0.00006,0.00006,0.00006,0.00006,0.00006,0.00006,0.00006,0.00006,0.00006,0.00006,0.00006,0.00006,0.00006,0.00006,0.00006,0.00006,0.00006,0.00005,0.00005,0.00005,0.00005
340,2,15,0.00009,0.00009,0.00009,0.00009,0.00009,0.00009,0.00008,0.00008,0.00008,0.00008,0.00008,0.00008,0.00008,0.00008,0.00008,0.00008,0.00008,0.00008,0.00008,0.00007,0.00007,0.00007,0.00007,0.00007,0.00007,0.00007,0.00007
340,2,16,0.00011,0.00011,0.00011,0.00010,0.00010,0.00010,0.00010,0.00010,0.00010,0.00010,0.00010,0.00010,0.00010,0.00009,0.00009,0.00009,0.00009,0.00009,0.00009,0.00009,0.00009,0.00009,0.00009,0.00009,0.00009,0.00008,0.00008
340,2,17,0.00013,0.00013,0.00013,0.00013,0.00012,0.00012,0.00012,0.00012,0.00012,0.00012,0.00012,0.00012,0.00011,0.00011,0.00011,0.00011,0.00011,0.00011,0.00011,0.00011,0.00011,0.00011,0.00010,0.00010,0.00010,0.00010,0.00010
340,2,18,0.00014,0.00014,0.00014,0.00014,0.00014,0.00014,0.00014,0.00014,0.00013,0.00013,0.00013,0.00013,0.00013,0.00013,0.00013,0.00012,0.00012,0.00012,0.00012,0.00012,0.00012,0.00012,0.00012,0.00012,0.00011,0.00011,0.00011
340,2,19,0.00016,0.00016,0.00016,0.00016,0.00016,0.00015,0.00015,0.00015,0.00015,0.00015,0.00015,0.00015,0.00014,0.00014,0.00014,0.00014,0.00014,0.00014,0.00014,0.00014,0.00013,0.00013,0.00013,0.00013,0.00013,0.00013,0.00013
340,2,20,0.00017,0.00017,0.00017,0.00016,0.00016,0.00016,0.00016,0.00016,0.00016,0.00015,0.00015,0.00015,0.00015,0.00015,0.00015,0.00015,0.00014,0.00014,0.00014,0.00014,0.00014,0.00014,0.00014,0.00013,0.00013,0.00013,0.00013
340,2,21,0.00018,0.00017,0.00017,0.00017,0.00017,0.00017,0.00017,0.00017,0.00016,0.00016,0.00016,0.00016,0.00016,0.00016,0.00015,0.00015,0.00015,0.00015,0.00015,0.00015,0.00015,0.00014,0.00014,0.00014,0.00014,0.00014,0.00014
340,2,22,0.00018,0.00017,0.00017,0.00017,0.00017,0.00017,0.00017,0.00016,0.00016,0.00016,0.00016,0.00016,0.00016,0.00016,0.00015,0.00015,0.00015,0.00015,0.00015,0.00015,0.00015,0.00014,0.00014,0.00014,0.00014,0.00014,0.00014
340,2,23,0.00017,0.00017,0.00017,0.00017,0.00017,0.00016,0.00016,0.00016,0.00016,0.00016,0.00016,0.00016,0.00015,0.00015,0.00015,0.00015,0.00015,0.00015,0.00015,0.00014,0.00014,0.00014,0.00014,0.00014,0.00014,0.00014,0.00013
340,2,24,0.00017,0.00017,0.00017,0.00016,0.00016,0.00016,0.00016,0.00016,0.00016,0.00016,0.00015,0.00015,0.00015,0.00015,0.00015,0.00015,0.00014,0.00014,0.00014,0.00014,0.00014,0.00014,0.00014,0.00014,0.00013,0.00013,0.00013
340,2,25,0.00017,0.00017,0.00017,0.00016,0.00016,0.00016,0.00016,0.00016,0.00016,0.00015,0.00015,0.00015,0.00015,0.00015,0.00015,0.00015,0.00014,0.00014,0.00014,0.00014,0.00014,0.00014,0.00014,0.00013,0.00013,0.00013,0.00013
340,2,26,0.00017,0.00017,0.00017,0.00017,0.00017,0.00016,0.00016,0.00016,0.00016,0.00016,0.00016,0.00015,0.00015,0.00015,0.00015,0.00015,0.00015,0.00015,0.00014,0.00014,0.00014,0.00014,0.00014,0.00014,0.00014,0.00014,0.00013
340,2,27,0.00018,0.00017,0.00017,0.00017,0.00017,0.00017,0.00017,0.00016,0.00016,0.00016,0.00016,0.00016,0.00016,0.00015,0.00015,0.00015,0.00015,0.00015,0.00015,0.00015,0.00014,0.00014,0.00014,0.00014,0.00014,0.00014,0.00014
340,2,28,0.00018,0.00018,0.00018,0.00018,0.00018,0.00018,0.00017,0.00017,0.00017,0.00017,0.00017,0.00017,0.00016,0.00016,0.00016,0.00016,0.00016,0.00016,0.00015,0.00015,0.00015,0.00015,0.00015,0.00015,0.00015,0.00014,0.00014
340,2,29,0.00019,0.00019,0.00019,0.00019,0.00019,0.00018,0.00018,0.00018,0.00018,0.00018,0.00018,0.00017,0.00017,0.00017,0.00017,0.00017,0.00017,0.00016,0.00016,0.00016,0.00016,0.00016,0.00016,0.00015,0.00015,0.00015,0.00015
340,2,30,0.00020,0.00020,0.00020,0.00020,0.00019,0.00019,0.00019,0.00019,0.00019,0.00019,0.00018,0.00018,0.00018,0.00018,0.00018,0.00018,0.00017,0.00017,0.00017,0.00017,0.00017,0.00017,0.00016,0.00016,0.00016,0.00016,0.00016
340,2,31,0.00022,0.00022,0.00021,0.00021,0.00021,0.00021,0.00021,0.00020,0.00020,0.00020,0.00020,0.00020,0.00019,0.00019,0.00019,0.00019,0.00019,0.00018,0.00018,0.00018,0.00018,0.00018,0.00018,0.00017,0.00017,0.00017,0.00017
340,2,32,0.00023,0.00023,0.00023,0.00022,0.00022,0.00022,0.00022,0.00022,0.00021,0.00021,0.00021,0.00021,0.00021,0.00020,0.00020,0.00020,0.00020,0.00020,0.00019,0.00019,0.00019,0.00019,0.00019,0.00018,0.00018,0.00018,0.00018
340,2,33,0.00025,0.00025,0.00024,0.00024,0.00024,0.00024,0.00023,0.00023,0.00023,0.00023,0.00023,0.00022,0.00022,0.00022,0.00022,0.00021,0.00021,0.00021,0.00021,0.00021,0.00020,0.00020,0.00020,0.00020,0.00020,0.00020,0.00019
340,2,34,0.00026,0.00026,0.00026,0.00026,0.00025,0.00025,0.00025,0.00025,0.00024,0.00024,0.00024,0.00024,0.00023,0.00023,0.00023,0.00023,0.00023,0.00022,0.00022,0.00022,0.00022,0.00021,0.00021,0.00021,0.00021,0.00021,0.00020
340,2,35,0.00028,0.00028,0.00027,0.00027,0.00027,0.00027,0.00026,0.00026,0.00026,0.00026,0.00025,0.00025,0.00025,0.00025,0.00024,0.00024,0.00024,0.00024,0.00023,0.00023,0.00023,0.00023,0.00023,0.00022,0.00022,0.00022,0.00022
340,2,36,0.00029,0.00029,0.00029,0.00028,0.00028,0.00028,0.00027,0.00027,0.00027,0.00027,0.00026,0.00026,0.00026,0.00026,0.00025,0.00025,0.00025,0.00025,0.00024,0.00024,0.00024,0.00024,0.00023,0.00023,0.00023,0.00023,0.00022
340,2,37,0.00032,0.00031,0.00031,0.00030,0.00030,0.00030,0.00030,0.00029,0.00029,0.00029,0.00028,0.00028,0.00028,0.00027,0.00027,0.00027,0.00027,0.00026,0.00026,0.00026,0.00026,0.00025,0.00025,0.00025,0.00025,0.00024,0.00024
340,2,38,0.00033,0.00033,0.00033,0.00032,0.00032,0.00032,0.00031,0.00031,0.00031,0.00030,0.00030,0.00030,0.00029,0.00029,0.00029,0.00028,0.00028,0.00028,0.00027,0.00027,0.00027,0.00027,0.00026,0.00026,0.00026,0.00026,0.00025
340,2,39,0.00036,0.00036,0.00035,0.00035,0.00035,0.00034,0.00034,0.00033,0.00033,0.00033,0.00032,0.00032,0.00031,0.00031,0.00031,0.00030,0.00030,0.00030,0.00029,0.00029,0.00029,0.00029,0.00028,0.00028,0.00028,0.00027,0.00027
340,2,40,0.00040,0.00039,0.00039,0.00038,0.00038,0.00037,0.00037,0.00037,0.00036,0.00036,0.00035,0.00035,0.00034,0.00034,0.00034,0.00033,0.00033,0.00033,0.00032,0.00032,0.00031,0.00031,0.00031,0.00031,0.00030,0.00030,0.00030
340,2,41,0.00044,0.00043,0.00043,0.00042,0.00041,0.00041,0.00040,0.00040,0.00039,0.00039,0.00038,0.00038,0.00037,0.00037,0.00037,0.00036,0.00036,0.00035,0.00035,0.00035,0.00034,0.00034,0.00034,0.00033,0.00033,0.00033,0.00032
340,2,42,0.00048,0.00047,0.00046,0.00046,0.00045,0.00045,0.00044,0.00043,0.00043,0.00042,0.00042,0.00041,0.00041,0.00040,0.00040,0.00039,0.00039,0.00038,0.00038,0.00037,0.00037,0.00037,0.00036,0.00036,0.00035,0.00035,0.00035
340,2,43,0.00053,0.00052,0.00051,0.00050,0.00050,0.00049,0.00048,0.00048,0.00047,0.00046,0.00046,0.00045,0.00045,0.00044,0.00043,0.00043,0.00042,0.00042,0.00041,0.00041,0.00040,0.00040,0.00040,0.00039,0.00039,0.00038,0.00038
340,2,44,0.00059,0.00058,0.00057,0.00056,0.00056,0.00055,0.00054,0.00053,0.00052,0.00052,0.00051,0.00050,0.00050,0.00049,0.00048,0.00048,0.00047,0.00047,0.00046,0.00045,0.00045,0.00044,0.00044,0.00044,0.00043,0.00043,0.00042
340,2,45,0.00067,0.00065,0.00064,0.00063,0.00062,0.00061,0.00060,0.00060,0.00059,0.00058,0.00057,0.00056,0.00055,0.00055,0.00054,0.00053,0.00053,0.00052,0.00051,0.00051,0.00050,0.00050,0.00049,0.00049,0.00048,0.00048,0.00047
340,2,46,0.00074,0.00073,0.00071,0.00070,0.00069,0.00068,0.00067,0.00066,0.00065,0.00064,0.00063,0.00062,0.00061,0.00060,0.00059,0.00059,0.00058,0.00057,0.00056,0.00056,0.00055,0.00054,0.00054,0.00053,0.00053,0.00052,0.00052
340,2,47,0.00083,0.00081,0.00080,0.00078,0.00077,0.00076,0.00074,0.00073,0.00072,0.00071,0.00070,0.00069,0.00068,0.00067,0.00066,0.00065,0.00064,0.00063,0.00062,0.00062,0.00061,0.00060,0.00059,0.00059,0.00058,0.00058,0.00057
340,2,48,0.00089,0.00088,0.00086,0.00085,0.00083,0.00082,0.00080,0.00079,0.00078,0.00077,0.00075,0.00074,0.00073,0.00072,0.00071,0.00070,0.00069,0.00068,0.00067,0.00066,0.00066,0.00065,0.00064,0.00063,0.00063,0.00062,0.00061
340,2,49,0.00097,0.00095,0.00093,0.00092,0.00090,0.00089,0.00087,0.00086,0.00084,0.00083,0.00082,0.00080,0.00079,0.00078,0.00077,0.00076,0.00075,0.00074,0.00073,0.00072,0.00071,0.00070,0.00069,0.00068,0.00067,0.00067,0.00066
340,2,50,0.00104,0.00102,0.00100,0.00098,0.00097,0.00095,0.00093,0.00092,0.00090,0.00089,0.00087,0.00086,0.00085,0.00084,0.00082,0.00081,0.00080,0.00079,0.00078,0.00077,0.00076,0.00075,0.00074,0.00073,0.00072,0.00071,0.00070
340,2,51,0.00113,0.00111,0.00109,0.00107,0.00105,0.00103,0.00102,0.00100,0.00098,0.00097,0.00095,0.00094,0.00092,0.00091,0.00090,0.00088,0.00087,0.00086,0.00085,0.00083,0.00082,0.00081,0.00080,0.00079,0.00078,0.00077,0.00076
340,2,52,0.00122,0.00120,0.00118,0.00116,0.00114,0.00112,0.00110,0.00108,0.00106,0.00104,0.00103,0.00101,0.00100,0.00098,0.00097,0.00095,0.00094,0.00092,0.00091,0.00090,0.00089,0.00087,0.00086,0.00085,0.00084,0.00083,0.00082
340,2,53,0.00132,0.00130,0.00128,0.00126,0.00123,0.00121,0.00119,0.00117,0.00115,0.00113,0.00112,0.00110,0.00108,0.00106,0.00105,0.00103,0.00102,0.00100,0.00099,0.00097,0.00096,0.00095,0.00093,0.00092,0.00091,0.00090,0.00088
340,2,54,0.00148,0.00146,0.00143,0.00140,0.00138,0.00136,0.00133,0.00131,0.00129,0.00127,0.00125,0.00123,0.00121,0.00119,0.00117,0.00115,0.00113,0.00112,0.00110,0.00109,0.00107,0.00105,0.00104,0.00103,0.00101,0.00100,0.00098
340,2,55,0.00162,0.00159,0.00156,0.00153,0.00150,0.00148,0.00145,0.00143,0.00140,0.00138,0.00136,0.00134,0.00131,0.00129,0.00127,0.00125,0.00123,0.00122,0.00120,0.00118,0.00116,0.00114,0.00113,0.00111,0.00110,0.00108,0.00107
340,2,56,0.00185,0.00182,0.00179,0.00175,0.00172,0.00169,0.00166,0.00164,0.00161,0.00158,0.00156,0.00153,0.00151,0.00148,0.00146,0.00143,0.00141,0.00139,0.00137,0.00135,0.00133,0.00131,0.00129,0.00127,0.00125,0.00123,0.00122
340,2,57,0.00205,0.00201,0.00198,0.00194,0.00191,0.00187,0.00184,0.00181,0.00178,0.00175,0.00172,0.00169,0.00166,0.00164,0.00161,0.00158,0.00156,0.00153,0.00151,0.00149,0.00146,0.00144,0.00142,0.00140,0.00138,0.00136,0.00134
340,2,58,0.00232,0.00228,0.00224,0.00220,0.00216,0.00212,0.00208,0.00205,0.00201,0.00198,0.00195,0.00191,0.00188,0.00185,0.00182,0.00179,0.00176,0.00173,0.00171,0.00168,0.00165,0.00163,0.00160,0.00158,0.00155,0.00153,0.00151
340,2,59,0.00252,0.00248,0.00244,0.00239,0.00235,0.00231,0.00227,0.00223,0.00219,0.00216,0.00212,0.00208,0.00205,0.00202,0.00198,0.00195,0.00192,0.00189,0.00186,0.00183,0.00180,0.00177,0.00174,0.00172,0.00169,0.00166,0.00164
340,2,60,0.00290,0.00285,0.00280,0.00275,0.00270,0.00266,0.00261,0.00257,0.00253,0.00249,0.00244,0.00240,0.00236,0.00233,0.00229,0.00225,0.00221,0.00218,0.00214,0.00211,0.00207,0.00204,0.00201,0.00197,0.00194,0.00191,0.00188
340,2,61,0.00323,0.00318,0.00313,0.00308,0.00303,0.00298,0.00293,0.00288,0.00283,0.00279,0.00274,0.00270,0.00265,0.00261,0.00257,0.00253,0.00249,0.00245,0.00241,0.00237,0.00233,0.00229,0.00226,0.00222,0.00218,0.00215,0.00211
340,2,62,0.00346,0.00340,0.00335,0.00330,0.00324,0.00319,0.00314,0.00309,0.00304,0.00300,0.00295,0.00290,0.00285,0.00281,0.00276,0.00272,0.00267,0.00263,0.00259,0.00255,0.00250,0.00246,0.00242,0.00238,0.00234,0.00231,0.00227
340,2,63,0.00395,0.00389,0.00383,0.00377,0.00371,0.00366,0.00360,0.00354,0.00349,0.00343,0.00338,0.00333,0.00327,0.00322,0.00317,0.00312,0.00307,0.00302,0.00297,0.00292,0.00287,0.00282,0.00278,0.00273,0.00268,0.00264,0.00259
340,2,64,0.00436,0.00429,0.00423,0.00417,0.00411,0.00405,0.00398,0.00392,0.00386,0.00380,0.00375,0.00369,0.00363,0.00357,0.00351,0.00346,0.00340,0.00335,0.00329,0.00324,0.00318,0.00313,0.00308,0.00302,0.00297,0.00292,0.00287
340,2,65,0.00510,0.00502,0.00495,0.00488,0.00481,0.00474,0.00467,0.00460,0.00453,0.00447,0.00440,0.00433,0.00426,0.00420,0.00413,0.00406,0.00400,0.00393,0.00387,0.00381,0.00374,0.00368,0.00362,0.00356,0.00349,0.00343,0.00337
340,2,66,0.00573,0.00566,0.00558,0.00550,0.00542,0.00535,0.00527,0.00519,0.00512,0.00504,0.00497,0.00489,0.00482,0.00474,0.00467,0.00459,0.00452,0.00445,0.00437,0.00430,0.00423,0.00416,0.00409,0.00402,0.00395,0.00388,0.00381
340,2,67,0.00642,0.00633,0.00625,0.00616,0.00608,0.00599,0.00591,0.00583,0.00574,0.00566,0.00558,0.00549,0.00541,0.00533,0.00525,0.00516,0.00508,0.00500,0.00492,0.00484,0.00476,0.00468,0.00460,0.00453,0.00445,0.00437,0.00430
340,2,68,0.00735,0.00726,0.00717,0.00707,0.00698,0.00688,0.00679,0.00669,0.00660,0.00650,0.00641,0.00632,0.00622,0.00613,0.00604,0.00594,0.00585,0.00576,0.00567,0.00558,0.00548,0.00539,0.00530,0.00521,0.00513,0.00504,0.00495
340,2,69,0.00823,0.00813,0.00803,0.00792,0.00782,0.00771,0.00761,0.00751,0.00740,0.00730,0.00719,0.00709,0.00699,0.00688,0.00678,0.00667,0.00657,0.00647,0.00637,0.00626,0.00616,0.00606,0.00596,0.00586,0.00576,0.00566,0.00556
340,2,70,0.00946,0.00934,0.00923,0.00911,0.00899,0.00887,0.00875,0.00864,0.00852,0.00840,0.00828,0.00816,0.00804,0.00792,0.00780,0.00769,0.00757,0.00745,0.00733,0.00721,0.00710,0.00698,0.00686,0.00675,0.00663,0.00652,0.00641
340,2,71,0.01074,0.01061,0.01047,0.01034,0.01021,0.01008,0.00994,0.00981,0.00968,0.00954,0.00941,0.00927,0.00914,0.00900,0.00887,0.00873,0.00860,0.00847,0.00833,0.00820,0.00807,0.00793,0.00780,0.00767,0.00754,0.00741,0.00728
340,2,72,0.01212,0.01197,0.01182,0.01168,0.01153,0.01138,0.01123,0.01108,0.01093,0.01078,0.01062,0.01047,0.01032,0.01017,0.01002,0.00986,0.00971,0.00956,0.00941,0.00926,0.00911,0.00896,0.00881,0.00866,0.00851,0.00837,0.00822
340,2,73,0.01389,0.01372,0.01355,0.01338,0.01321,0.01304,0.01287,0.01269,0.01252,0.01235,0.01217,0.01200,0.01183,0.01165,0.01148,0.01130,0.01113,0.01096,0.01078,0.01061,0.01044,0.01026,0.01009,0.00992,0.00975,0.00958,0.00941
340,2,74,0.01570,0.01551,0.01532,0.01512,0.01493,0.01474,0.01454,0.01435,0.01415,0.01396,0.01376,0.01356,0.01336,0.01317,0.01297,0.01277,0.01258,0.01238,0.01218,0.01199,0.01179,0.01160,0.01140,0.01121,0.01102,0.01082,0.01063
340,2,75,0.01796,0.01774,0.01752,0.01730,0.01708,0.01685,0.01663,0.01641,0.01618,0.01596,0.01573,0.01551,0.01528,0.01505,0.01483,0.01460,0.01438,0.01415,0.01393,0.01370,0.01348,0.01326,0.01303,0.01281,0.01259,0.01237,0.01215
340,2,76,0.01993,0.01969,0.01945,0.01920,0.01895,0.01870,0.01846,0.01821,0.01796,0.01771,0.01745,0.01720,0.01695,0.01670,0.01645,0.01620,0.01595,0.01570,0.01545,0.01520,0.01495,0.01471,0.01446,0.01421,0.01397,0.01373,0.01348
340,2,77,0.02248,0.02221,0.02193,0.02165,0.02137,0.02109,0.02081,0.02052,0.02024,0.01996,0.01967,0.01939,0.01911,0.01883,0.01854,0.01826,0.01798,0.01770,0.01742,0.01714,0.01686,0.01658,0.01630,0.01603,0.01575,0.01548,0.01521
340,2,78,0.02556,0.02524,0.02493,0.02461,0.02429,0.02397,0.02365,0.02332,0.02300,0.02268,0.02236,0.02204,0.02172,0.02140,0.02108,0.02075,0.02044,0.02012,0.01980,0.01948,0.01917,0.01885,0.01854,0.01823,0.01792,0.01761,0.01731
340,2,79,0.02883,0.02847,0.02811,0.02775,0.02739,0.02703,0.02666,0.02630,0.02594,0.02558,0.02522,0.02485,0.02449,0.02413,0.02377,0.02341,0.02306,0.02270,0.02234,0.02199,0.02164,0.02129,0.02094,0.02059,0.02024,0.01990,0.01956
90,1,80,0.04344,0.04259,0.04180,0.04100,0.04022,0.03945,0.03868,0.03795,0.03723,0.03654,0.03584,0.03519,0.03453,0.03388,0.03327,0.03268,0.03205,0.03151,0.03092,0.03040,0.02987,0.02934,0.02883,0.02835,0.02784,0.02736,0.02687
90,1,81,0.04977,0.04882,0.04790,0.04704,0.04617,0.04531,0.04447,0.04363,0.04284,0.04205,0.04130,0.04053,0.03982,0.03910,0.03838,0.03771,0.03706,0.03636,0.03577,0.03512,0.03455,0.03396,0.03338,0.03282,0.03228,0.03172,0.03118
90,1,82,0.05653,0.05551,0.05450,0.05351,0.05259,0.05165,0.05073,0.04983,0.04892,0.04806,0.04721,0.04640,0.04557,0.04479,0.04401,0.04324,0.04250,0.04180,0.04103,0.04039,0.03968,0.03905,0.03842,0.03778,0.03717,0.03658,0.03596
90,1,83,0.06488,0.06373,0.06264,0.06155,0.06049,0.05949,0.05847,0.05748,0.05650,0.05552,0.05458,0.05366,0.05278,0.05187,0.05102,0.05017,0.04932,0.04852,0.04774,0.04690,0.04620,0.04542,0.04473,0.04403,0.04333,0.04265,0.04200
90,1,84,0.07440,0.07320,0.07198,0.07082,0.06965,0.06851,0.06743,0.06633,0.06526,0.06421,0.06314,0.06213,0.06113,0.06017,0.05918,0.05826,0.05733,0.05641,0.05554,0.05469,0.05376,0.05300,0.05214,0.05138,0.05062,0.04984,0.04910
90,1,85,0.08528,0.08397,0.08269,0.08141,0.08017,0.07893,0.07771,0.07654,0.07536,0.07422,0.07309,0.07194,0.07085,0.06977,0.06874,0.06765,0.06666,0.06565,0.06465,0.06370,0.06277,0.06176,0.06093,0.05999,0.05916,0.05832,0.05748
90,1,86,0.09791,0.09649,0.09509,0.09374,0.09240,0.09109,0.08977,0.08848,0.08722,0.08595,0.08473,0.08352,0.08227,0.08110,0.07994,0.07882,0.07764,0.07656,0.07547,0.07438,0.07335,0.07234,0.07122,0.07032,0.06929,0.06839,0.06748
90,1,87,0.11204,0.11054,0.10905,0.10757,0.10616,0.10477,0.10340,0.10201,0.10064,0.09930,0.09794,0.09664,0.09535,0.09401,0.09276,0.09152,0.09032,0.08904,0.08789,0.08671,0.08553,0.08442,0.08333,0.08210,0.08114,0.08001,0.07904
90,1,88,0.12860,0.12700,0.12543,0.12386,0.12231,0.12083,0.11939,0.11794,0.11648,0.11504,0.11361,0.11217,0.11079,0.10940,0.10798,0.10664,0.10531,0.10402,0.10264,0.10140,0.10013,0.09886,0.09767,0.09648,0.09514,0.09411,0.09289
90,1,89,0.14545,0.14382,0.14219,0.14058,0.13897,0.13737,0.13586,0.13441,0.13293,0.13143,0.12994,0.12844,0.12693,0.12550,0.12405,0.12255,0.12115,0.11976,0.11840,0.11693,0.11564,0.11429,0.11294,0.11168,0.11042,0.10898,0.10789
90,1,90,0.16774,0.16596,0.16430,0.16260,0.16092,0.15926,0.15757,0.15602,0.15457,0.15304,0.15148,0.14993,0.14833,0.14672,0.14522,0.14368,0.14207,0.14059,0.13910,0.13766,0.13605,0.13468,0.13323,0.13178,0.13044,0.12907,0.12748
90,1,91,0.19028,0.18847,0.18666,0.18500,0.18328,0.18157,0.17989,0.17816,0.17659,0.17520,0.17366,0.17210,0.17051,0.16884,0.16716,0.16561,0.16402,0.16234,0.16080,0.15926,0.15775,0.15603,0.15461,0.15309,0.15156,0.15016,0.14871
90,1,92,0.21651,0.21476,0.21293,0.21110,0.20945,0.20773,0.20600,0.20431,0.20255,0.20099,0.19966,0.19813,0.19655,0.19495,0.19322,0.19148,0.18991,0.18828,0.18653,0.18495,0.18336,0.18179,0.17998,0.17852,0.17693,0.17532,0.17387
90,1,93,0.24648,0.24488,0.24316,0.24132,0.23950,0.23787,0.23617,0.23445,0.23278,0.23101,0.22947,0.22824,0.22673,0.22518,0.22357,0.22179,0.22001,0.21843,0.21678,0.21497,0.21336,0.21174,0.21013,0.20822,0.20673,0.20509,0.20341
90,1,94,0.27534,0.27381,0.27233,0.27070,0.26894,0.26720,0.26567,0.26405,0.26241,0.26081,0.25909,0.25763,0.25652,0.25509,0.25360,0.25205,0.25029,0.24852,0.24698,0.24536,0.24354,0.24194,0.24034,0.23874,0.23679,0.23532,0.23367
90,1,95,0.30462,0.30321,0.30185,0.30054,0.29905,0.29741,0.29577,0.29436,0.29284,0.29130,0.28978,0.28812,0.28676,0.28577,0.28441,0.28298,0.28147,0.27971,0.27794,0.27642,0.27479,0.27294,0.27133,0.26970,0.26808,0.26604,0.26454
90,1,96,0.34737,0.34552,0.34429,0.34310,0.34196,0.34062,0.33908,0.33755,0.33627,0.33486,0.33341,0.33198,0.33039,0.32913,0.32830,0.32704,0.32567,0.32422,0.32247,0.32069,0.31920,0.31757,0.31568,0.31406,0.31242,0.31077,0.30863
90,1,97,0.38255,0.38172,0.38007,0.37910,0.37818,0.37731,0.37620,0.37486,0.37353,0.37247,0.37125,0.36998,0.36873,0.36729,0.36622,0.36563,0.36454,0.36333,0.36200,0.36034,0.35864,0.35725,0.35571,0.35385,0.35230,0.35072,0.34912
90,1,98,0.41384,0.41330,0.41283,0.41144,0.41080,0.41022,0.40967,0.40886,0.40779,0.40671,0.40593,0.40498,0.40395,0.40294,0.40171,0.40089,0.40059,0.39974,0.39873,0.39760,0.39608,0.39450,0.39328,0.39187,0.39009,0.38866,0.38719
90,1,99,0.45342,0.45438,0.45425,0.45419,0.45308,0.45283,0.45263,0.45245,0.45197,0.45120,0.45041,0.44995,0.44928,0.44853,0.44779,0.44679,0.44625,0.44630,0.44571,0.44494,0.44401,0.44264,0.44119,0.44014,0.43888,0.43717,0.43587
90,2,80,0.03077,0.03039,0.03004,0.02965,0.02927,0.02888,0.02848,0.02810,0.02768,0.02729,0.02689,0.02649,0.02610,0.02569,0.02531,0.02491,0.02449,0.02414,0.02373,0.02336,0.02298,0.02259,0.02223,0.02185,0.02146,0.02108,0.02070
90,2,81,0.03516,0.03472,0.03428,0.03387,0.03343,0.03299,0.03255,0.03209,0.03166,0.03119,0.03076,0.03030,0.02985,0.02941,0.02896,0.02852,0.02808,0.02761,0.02721,0.02675,0.02634,0.02592,0.02548,0.02507,0.02465,0.02422,0.02379
90,2,82,0.04015,0.03965,0.03914,0.03864,0.03818,0.03768,0.03718,0.03668,0.03617,0.03568,0.03516,0.03467,0.03415,0.03365,0.03316,0.03265,0.03216,0.03167,0.03114,0.03070,0.03019,0.02973,0.02927,0.02879,0.02833,0.02786,0.02737
90,2,83,0.04632,0.04571,0.04515,0.04457,0.04400,0.04347,0.04290,0.04234,0.04177,0.04119,0.04064,0.04005,0.03950,0.03892,0.03835,0.03780,0.03723,0.03669,0.03613,0.03554,0.03505,0.03448,0.03397,0.03345,0.03291,0.03241,0.03188
90,2,84,0.05266,0.05205,0.05139,0.05076,0.05012,0.04949,0.04888,0.04824,0.04762,0.04699,0.04634,0.04573,0.04509,0.04448,0.04384,0.04321,0.04261,0.04198,0.04138,0.04076,0.04011,0.03958,0.03895,0.03839,0.03783,0.03724,0.03668
90,2,85,0.06177,0.06100,0.06030,0.05958,0.05886,0.05814,0.05741,0.05670,0.05597,0.05526,0.05454,0.05380,0.05310,0.05237,0.05168,0.05095,0.05025,0.04956,0.04885,0.04817,0.04747,0.04673,0.04614,0.04543,0.04480,0.04418,0.04351
90,2,86,0.07137,0.07056,0.06969,0.06891,0.06812,0.06732,0.06651,0.06570,0.06491,0.06409,0.06330,0.06250,0.06168,0.06090,0.06009,0.05932,0.05851,0.05773,0.05697,0.05619,0.05544,0.05466,0.05383,0.05318,0.05239,0.05170,0.05102
90,2,87,0.08197,0.08110,0.08020,0.07925,0.07840,0.07752,0.07664,0.07576,0.07486,0.07400,0.07310,0.07223,0.07135,0.07044,0.06960,0.06871,0.06787,0.06697,0.06612,0.06529,0.06443,0.06361,0.06276,0.06185,0.06114,0.06028,0.05953
90,2,88,0.09533,0.09430,0.09333,0.09235,0.09129,0.09035,0.08938,0.08842,0.08745,0.08646,0.08550,0.08451,0.08356,0.08258,0.08158,0.08065,0.07967,0.07874,0.07775,0.07682,0.07590,0.07496,0.07406,0.07312,0.07211,0.07134,0.07039
90,2,89,0.11007,0.10896,0.10784,0.10679,0.10572,0.10457,0.10355,0.10250,0.10145,0.10040,0.09932,0.09829,0.09721,0.09618,0.09512,0.09403,0.09303,0.09196,0.09096,0.08988,0.08887,0.08788,0.08686,0.08588,0.08486,0.08377,0.08293
90,2,90,0.12777,0.12656,0.12536,0.12415,0.12301,0.12185,0.12062,0.11951,0.11840,0.11728,0.11614,0.11497,0.11384,0.11267,0.11154,0.11040,0.10921,0.10813,0.10698,0.10589,0.10472,0.10362,0.10255,0.10145,0.10039,0.09928,0.09809
90,2,91,0.14621,0.14490,0.14362,0.14236,0.14108,0.13989,0.13866,0.13736,0.13619,0.13506,0.13387,0.13267,0.13143,0.13022,0.12897,0.12779,0.12658,0.12531,0.12416,0.12295,0.12180,0.12055,0.11939,0.11826,0.11709,0.11598,0.11480
90,2,92,0.16745,0.16610,0.16472,0.16338,0.16207,0.16073,0.15949,0.15821,0.15685,0.15563,0.15448,0.15324,0.15199,0.15068,0.14941,0.14810,0.14686,0.14558,0.14425,0.14305,0.14178,0.14058,0.13926,0.13804,0.13686,0.13563,0.13447
90,2,93,0.19181,0.19037,0.18897,0.18752,0.18614,0.18480,0.18341,0.18215,0.18083,0.17942,0.17817,0.17701,0.17574,0.17445,0.17309,0.17177,0.17040,0.16912,0.16780,0.16641,0.16517,0.16385,0.16261,0.16123,0.15997,0.15875,0.15747
90,2,94,0.21727,0.21601,0.21456,0.21315,0.21168,0.21029,0.20894,0.20754,0.20628,0.20496,0.20355,0.20229,0.20116,0.19989,0.19860,0.19722,0.19588,0.19448,0.19320,0.19186,0.19044,0.18919,0.18787,0.18662,0.18520,0.18393,0.18270
90,2,95,0.24296,0.24137,0.24015,0.23873,0.23734,0.23587,0.23449,0.23318,0.23178,0.23056,0.22925,0.22783,0.22658,0.22551,0.22424,0.22295,0.22154,0.22017,0.21875,0.21745,0.21608,0.21462,0.21335,0.21200,0.21072,0.20925,0.20794
90,2,96,0.27547,0.27407,0.27248,0.27132,0.26994,0.26857,0.26712,0.26577,0.26449,0.26311,0.26194,0.26066,0.25925,0.25803,0.25702,0.25578,0.25451,0.25310,0.25174,0.25030,0.24902,0.24764,0.24616,0.24489,0.24353,0.24226,0.24075
90,2,97,0.30554,0.30427,0.30297,0.30144,0.30041,0.29911,0.29784,0.29646,0.29520,0.29401,0.29271,0.29163,0.29044,0.28909,0.28797,0.28707,0.28591,0.28472,0.28336,0.28206,0.28067,0.27945,0.27812,0.27668,0.27547,0.27415,0.27293
90,2,98,0.34651,0.34512,0.34396,0.34276,0.34130,0.34041,0.33919,0.33802,0.33672,0.33555,0.33447,0.33324,0.33229,0.33119,0.32991,0.32889,0.32812,0.32706,0.32595,0.32465,0.32342,0.32207,0.32092,0.31964,0.31822,0.31708,0.31580
90,2,99,0.37636,0.37555,0.37433,0.37338,0.37236,0.37106,0.37039,0.36935,0.36837,0.36724,0.36625,0.36535,0.36430,0.36354,0.36263,0.36150,0.36067,0.36011,0.35923,0.35829,0.35713,0.35605,0.35484,0.35384,0.35270,0.35139,0.35040
300,1,80,0.04333,0.04250,0.04169,0.04090,0.04013,0.03938,0.03865,0.03793,0.03723,0.03654,0.03587,0.03522,0.03458,0.03396,0.03335,0.03276,0.03217,0.03160,0.03105,0.03051,0.02997,0.02946,0.02895,0.02845,0.02797,0.02749,0.02703
300,1,81,0.04962,0.04870,0.04780,0.04693,0.04607,0.04523,0.04441,0.04361,0.04283,0.04207,0.04132,0.04059,0.03987,0.03917,0.03849,0.03782,0.03716,0.03652,0.03590,0.03529,0.03469,0.03410,0.03353,0.03297,0.03242,0.03188,0.03135
300,1,82,0.05641,0.05540,0.05442,0.05346,0.05252,0.05160,0.05069,0.04981,0.04895,0.04811,0.04728,0.04647,0.04568,0.04490,0.04415,0.04340,0.04268,0.04196,0.04127,0.04058,0.03991,0.03926,0.03862,0.03799,0.03738,0.03677,0.03618
300,1,83,0.06475,0.06365,0.06257,0.06151,0.06047,0.05946,0.05846,0.05748,0.05653,0.05559,0.05468,0.05378,0.05290,0.05203,0.05119,0.05036,0.04955,0.04875,0.04797,0.04721,0.04646,0.04572,0.04500,0.04429,0.04360,0.04292,0.04225
300,1,84,0.07434,0.07313,0.07195,0.07079,0.06966,0.06854,0.06745,0.06637,0.06532,0.06429,0.06328,0.06228,0.06131,0.06035,0.05942,0.05850,0.05759,0.05671,0.05584,0.05498,0.05415,0.05333,0.05252,0.05173,0.05095,0.05019,0.04944
300,1,85,0.08530,0.08399,0.08271,0.08145,0.08021,0.07900,0.07780,0.07663,0.07548,0.07435,0.07324,0.07215,0.07108,0.07003,0.06899,0.06798,0.06698,0.06600,0.06504,0.06409,0.06316,0.06225,0.06135,0.06047,0.05960,0.05875,0.05791
300,1,86,0.09804,0.09663,0.09525,0.09389,0.09255,0.09123,0.08994,0.08867,0.08741,0.08618,0.08497,0.08378,0.08261,0.08145,0.08032,0.07920,0.07811,0.07703,0.07597,0.07492,0.07389,0.07288,0.07189,0.07091,0.06994,0.06900,0.06806
300,1,87,0.11232,0.11082,0.10934,0.10789,0.10646,0.10504,0.10366,0.10229,0.10094,0.09961,0.09830,0.09701,0.09575,0.09450,0.09326,0.09205,0.09086,0.08968,0.08852,0.08738,0.08625,0.08514,0.08405,0.08297,0.08191,0.08087,0.07984
300,1,88,0.12893,0.12735,0.12578,0.12424,0.12271,0.12121,0.11973,0.11827,0.11683,0.11540,0.11400,0.11262,0.11125,0.10990,0.10857,0.10726,0.10597,0.10469,0.10343,0.10219,0.10096,0.09975,0.09856,0.09738,0.09622,0.09507,0.09394
300,1,89,0.14602,0.14438,0.14276,0.14116,0.13958,0.13802,0.13647,0.13495,0.13344,0.13195,0.13048,0.12902,0.12758,0.12616,0.12476,0.12337,0.12200,0.12065,0.11931,0.11798,0.11668,0.11538,0.11411,0.11285,0.11160,0.11037,0.10915
300,1,90,0.16864,0.16693,0.16524,0.16357,0.16191,0.16027,0.15865,0.15704,0.15545,0.15387,0.15231,0.15077,0.14924,0.14773,0.14623,0.14475,0.14329,0.14183,0.14040,0.13897,0.13756,0.13617,0.13479,0.13342,0.13207,0.13073,0.12941
300,1,91,0.19154,0.18981,0.18810,0.18640,0.18471,0.18304,0.18138,0.17974,0.17811,0.17649,0.17488,0.17329,0.17171,0.17015,0.16860,0.16706,0.16553,0.16402,0.16251,0.16103,0.15955,0.15808,0.15663,0.15519,0.15376,0.15235,0.15094
300,1,92,0.21810,0.21637,0.21466,0.21296,0.21126,0.20958,0.20791,0.20624,0.20459,0.20295,0.20132,0.19969,0.19808,0.19648,0.19489,0.19331,0.19173,0.19017,0.18862,0.18708,0.18554,0.18402,0.18251,0.18100,0.17951,0.17802,0.17655
300,1,93,0.24859,0.24690,0.24522,0.24354,0.24187,0.24021,0.23855,0.23690,0.23525,0.23362,0.23198,0.23036,0.22874,0.22712,0.22552,0.22391,0.22232,0.22073,0.21915,0.21758,0.21601,0.21445,0.21289,0.21134,0.20980,0.20826,0.20674
300,1,94,0.27776,0.27619,0.27461,0.27304,0.27147,0.26990,0.26833,0.26676,0.26519,0.26362,0.26206,0.26050,0.25894,0.25738,0.25583,0.25427,0.25272,0.25117,0.24963,0.24808,0.24654,0.24500,0.24346,0.24193,0.24040,0.23887,0.23734
300,1,95,0.30733,0.30593,0.30452,0.30311,0.30168,0.30025,0.29881,0.29736,0.29590,0.29444,0.29296,0.29149,0.29000,0.28851,0.28701,0.28551,0.28400,0.28248,0.28096,0.27943,0.27790,0.27636,0.27482,0.27327,0.27172,0.27016,0.26860
300,1,96,0.34987,0.34867,0.34745,0.34621,0.34495,0.34368,0.34239,0.34108,0.33976,0.33843,0.33708,0.33571,0.33432,0.33293,0.33152,0.33009,0.32865,0.32719,0.32573,0.32424,0.32275,0.32124,0.31972,0.31819,0.31664,0.31509,0.31352
300,1,97,0.38543,0.38454,0.38361,0.38266,0.38169,0.38069,0.37966,0.37861,0.37753,0.37643,0.37530,0.37415,0.37297,0.37177,0.37054,0.36929,0.36802,0.36673,0.36541,0.36407,0.36271,0.36133,0.35992,0.35849,0.35705,0.35558,0.35409
300,1,98,0.41700,0.41650,0.41596,0.41538,0.41477,0.41412,0.41344,0.41272,0.41197,0.41119,0.41036,0.40951,0.40862,0.40769,0.40673,0.40574,0.40472,0.40366,0.40257,0.40145,0.40029,0.39911,0.39789,0.39664,0.39536,0.39405,0.39271
300,1,99,0.45800,0.45796,0.45787,0.45774,0.45756,0.45733,0.45706,0.45674,0.45638,0.45597,0.45551,0.45501,0.45446,0.45386,0.45322,0.45254,0.45181,0.45103,0.45022,0.44935,0.44845,0.44749,0.44650,0.44546,0.44438,0.44326,0.44209
300,2,80,0.03061,0.03023,0.02984,0.02946,0.02908,0.02869,0.02831,0.02793,0.02755,0.02716,0.02678,0.02640,0.02602,0.02564,0.02526,0.02488,0.02451,0.02413,0.02376,0.02339,0.02302,0.02265,0.02228,0.02192,0.02156,0.02120,0.02084
300,2,81,0.03501,0.03457,0.03414,0.03370,0.03326,0.03283,0.03239,0.03196,0.03152,0.03109,0.03066,0.03023,0.02980,0.02937,0.02894,0.02852,0.02809,0.02767,0.02725,0.02683,0.02641,0.02600,0.02559,0.02518,0.02477,0.02436,0.02396
300,2,82,0.04002,0.03952,0.03903,0.03853,0.03804,0.03755,0.03706,0.03656,0.03607,0.03559,0.03510,0.03461,0.03413,0.03365,0.03316,0.03269,0.03221,0.03174,0.03126,0.03079,0.03033,0.02986,0.02940,0.02894,0.02849,0.02803,0.02758
300,2,83,0.04619,0.04563,0.04506,0.04450,0.04394,0.04338,0.04282,0.04226,0.04170,0.04115,0.04060,0.04005,0.03950,0.03895,0.03841,0.03787,0.03733,0.03680,0.03627,0.03574,0.03521,0.03469,0.03417,0.03365,0.03314,0.03263,0.03212
300,2,84,0.05262,0.05199,0.05136,0.05073,0.05010,0.04947,0.04885,0.04823,0.04761,0.04699,0.04638,0.04577,0.04516,0.04455,0.04395,0.04335,0.04275,0.04216,0.04157,0.04098,0.04040,0.03982,0.03924,0.03867,0.03811,0.03754,0.03698
300,2,85,0.06186,0.06113,0.06041,0.05968,0.05896,0.05825,0.05753,0.05682,0.05611,0.05541,0.05471,0.05401,0.05331,0.05262,0.05194,0.05125,0.05057,0.04990,0.04923,0.04856,0.04790,0.04724,0.04658,0.04593,0.04529,0.04465,0.04401
300,2,86,0.07149,0.07068,0.06986,0.06905,0.06825,0.06745,0.06665,0.06585,0.06506,0.06427,0.06349,0.06271,0.06194,0.06117,0.06040,0.05964,0.05889,0.05813,0.05739,0.05665,0.05591,0.05518,0.05445,0.05373,0.05301,0.05230,0.05159
300,2,87,0.08216,0.08126,0.08036,0.07946,0.07857,0.07768,0.07680,0.07592,0.07505,0.07418,0.07332,0.07246,0.07161,0.07076,0.06992,0.06908,0.06825,0.06742,0.06660,0.06578,0.06497,0.06417,0.06337,0.06258,0.06179,0.06100,0.06023
300,2,88,0.09554,0.09454,0.09354,0.09254,0.09155,0.09057,0.08959,0.08862,0.08765,0.08669,0.08573,0.08478,0.08384,0.08290,0.08197,0.08104,0.08012,0.07921,0.07830,0.07740,0.07650,0.07561,0.07473,0.07385,0.07298,0.07211,0.07125
300,2,89,0.11030,0.10920,0.10810,0.10702,0.10593,0.10486,0.10379,0.10273,0.10167,0.10062,0.09958,0.09855,0.09752,0.09649,0.09548,0.09447,0.09347,0.09247,0.09148,0.09050,0.08952,0.08855,0.08759,0.08663,0.08569,0.08474,0.08381
300,2,90,0.12817,0.12697,0.12578,0.12459,0.12341,0.12224,0.12108,0.11992,0.11877,0.11763,0.11649,0.11537,0.11425,0.11314,0.11203,0.11093,0.10984,0.10876,0.10768,0.10661,0.10555,0.10450,0.10345,0.10241,0.10138,0.10036,0.09934
300,2,91,0.14680,0.14552,0.14425,0.14299,0.14174,0.14049,0.13926,0.13803,0.13681,0.13559,0.13439,0.13319,0.13200,0.13082,0.12965,0.12848,0.12732,0.12617,0.12503,0.12390,0.12277,0.12165,0.12054,0.11943,0.11834,0.11725,0.11617
300,2,92,0.16820,0.16686,0.16552,0.16419,0.16288,0.16157,0.16027,0.15897,0.15769,0.15641,0.15515,0.15389,0.15264,0.15140,0.15016,0.14894,0.14772,0.14651,0.14531,0.14412,0.14294,0.14176,0.14059,0.13943,0.13828,0.13714,0.13600
300,2,93,0.19271,0.19131,0.18992,0.18855,0.18718,0.18582,0.18447,0.18313,0.18179,0.18047,0.17916,0.17785,0.17655,0.17527,0.17399,0.17272,0.17145,0.17020,0.16896,0.16772,0.16649,0.16528,0.16406,0.16286,0.16167,0.16048,0.15930
300,2,94,0.21856,0.21715,0.21574,0.21434,0.21295,0.21158,0.21021,0.20885,0.20750,0.20617,0.20484,0.20352,0.20221,0.20090,0.19961,0.19833,0.19705,0.19579,0.19453,0.19329,0.19205,0.19082,0.18960,0.18838,0.18718,0.18598,0.18479
300,2,95,0.24432,0.24293,0.24155,0.24017,0.23880,0.23743,0.23608,0.23473,0.23338,0.23205,0.23072,0.22940,0.22808,0.22677,0.22547,0.22418,0.22289,0.22161,0.22033,0.21907,0.21780,0.21655,0.21530,0.21406,0.21282,0.21160,0.21037
300,2,96,0.27698,0.27562,0.27427,0.27292,0.27158,0.27024,0.26891,0.26759,0.26627,0.26496,0.26365,0.26235,0.26105,0.25976,0.25848,0.25720,0.25593,0.25466,0.25340,0.25214,0.25089,0.24965,0.24841,0.24717,0.24594,0.24472,0.24350
300,2,97,0.30723,0.30597,0.30471,0.30345,0.30220,0.30096,0.29972,0.29848,0.29724,0.29601,0.29479,0.29357,0.29235,0.29114,0.28993,0.28873,0.28753,0.28633,0.28514,0.28395,0.28277,0.28159,0.28041,0.27924,0.27807,0.27691,0.27575
300,2,98,0.34821,0.34706,0.34591,0.34476,0.34361,0.34247,0.34133,0.34019,0.33905,0.33792,0.33679,0.33566,0.33453,0.33341,0.33229,0.33117,0.33005,0.32894,0.32783,0.32672,0.32562,0.32452,0.32342,0.32232,0.32122,0.32013,0.31904
300,2,99,0.37838,0.37743,0.37648,0.37552,0.37457,0.37362,0.37267,0.37172,0.37077,0.36983,0.36888,0.36793,0.36699,0.36605,0.36510,0.36416,0.36322,0.36228,0.36134,0.36040,0.35946,0.35852,0.35759,0.35665,0.35572,0.35478,0.35385
310,1,80,0.04593,0.04505,0.04419,0.04336,0.04254,0.04174,0.04096,0.04020,0.03946,0.03874,0.03803,0.03733,0.03666,0.03600,0.03535,0.03472,0.03410,0.03350,0.03291,0.03234,0.03177,0.03122,0.03068,0.03016,0.02964,0.02914,0.02865
310,1,81,0.05259,0.05162,0.05067,0.04974,0.04883,0.04795,0.04708,0.04623,0.04540,0.04459,0.04380,0.04302,0.04226,0.04152,0.04080,0.04009,0.03939,0.03872,0.03805,0.03740,0.03677,0.03615,0.03554,0.03494,0.03436,0.03379,0.03323
310,1,82,0.05911,0.05806,0.05703,0.05602,0.05504,0.05407,0.05313,0.05220,0.05130,0.05041,0.04955,0.04870,0.04787,0.04706,0.04626,0.04549,0.04472,0.04398,0.04325,0.04253,0.04183,0.04114,0.04047,0.03981,0.03917,0.03854,0.03792
310,1,83,0.06709,0.06594,0.06482,0.06372,0.06265,0.06160,0.06056,0.05955,0.05856,0.05759,0.05664,0.05571,0.05480,0.05391,0.05303,0.05217,0.05133,0.05051,0.04970,0.04890,0.04813,0.04737,0.04662,0.04589,0.04517,0.04447,0.04378
310,1,84,0.07612,0.07489,0.07368,0.07249,0.07133,0.07019,0.06907,0.06797,0.06689,0.06583,0.06480,0.06378,0.06278,0.06180,0.06084,0.05990,0.05898,0.05807,0.05718,0.05630,0.05545,0.05461,0.05378,0.05297,0.05217,0.05139,0.05063
310,1,85,0.08632,0.08500,0.08370,0.08243,0.08117,0.07994,0.07874,0.07755,0.07639,0.07524,0.07412,0.07302,0.07193,0.07087,0.06982,0.06879,0.06778,0.06679,0.06582,0.06486,0.06392,0.06300,0.06209,0.06119,0.06032,0.05946,0.05861
310,1,86,0.09804,0.09663,0.09525,0.09389,0.09255,0.09123,0.08994,0.08867,0.08741,0.08618,0.08497,0.08378,0.08261,0.08145,0.08032,0.07920,0.07811,0.07703,0.07597,0.07492,0.07389,0.07288,0.07189,0.07091,0.06994,0.06900,0.06806
310,1,87,0.11120,0.10971,0.10825,0.10681,0.10539,0.10399,0.10262,0.10126,0.09993,0.09861,0.09732,0.09604,0.09479,0.09355,0.09233,0.09113,0.08995,0.08878,0.08763,0.08650,0.08539,0.08429,0.08321,0.08214,0.08109,0.08006,0.07904
310,1,88,0.12764,0.12607,0.12452,0.12300,0.12149,0.12000,0.11853,0.11709,0.11566,0.11425,0.11286,0.11149,0.11014,0.10880,0.10749,0.10619,0.10491,0.10364,0.10240,0.10117,0.09995,0.09875,0.09757,0.09641,0.09526,0.09412,0.09300
310,1,89,0.14281,0.14120,0.13962,0.13805,0.13651,0.13498,0.13347,0.13198,0.13050,0.12905,0.12761,0.12618,0.12478,0.12339,0.12201,0.12066,0.11932,0.11799,0.11668,0.11539,0.11411,0.11285,0.11160,0.11036,0.10914,0.10794,0.10675
310,1,90,0.16210,0.16045,0.15883,0.15722,0.15563,0.15405,0.15249,0.15095,0.14942,0.14790,0.14640,0.14492,0.14345,0.14200,0.14056,0.13914,0.13773,0.13633,0.13495,0.13358,0.13223,0.13089,0.12956,0.12825,0.12695,0.12566,0.12438
310,1,91,0.18092,0.17929,0.17767,0.17606,0.17447,0.17289,0.17132,0.16977,0.16823,0.16670,0.16519,0.16368,0.16219,0.16071,0.15925,0.15779,0.15635,0.15492,0.15350,0.15210,0.15070,0.14932,0.14795,0.14659,0.14524,0.14390,0.14257
310,1,92,0.20341,0.20181,0.20021,0.19862,0.19704,0.19547,0.19391,0.19236,0.19082,0.18929,0.18776,0.18625,0.18475,0.18325,0.18177,0.18029,0.17883,0.17737,0.17592,0.17448,0.17305,0.17163,0.17022,0.16882,0.16742,0.16604,0.16466
310,1,93,0.22890,0.22734,0.22580,0.22425,0.22271,0.22118,0.21966,0.21814,0.21662,0.21511,0.21361,0.21211,0.21062,0.20913,0.20765,0.20618,0.20471,0.20325,0.20179,0.20034,0.19890,0.19746,0.19603,0.19460,0.19318,0.19177,0.19036
310,1,94,0.25576,0.25431,0.25286,0.25141,0.24996,0.24852,0.24707,0.24563,0.24418,0.24274,0.24130,0.23987,0.23843,0.23700,0.23556,0.23413,0.23270,0.23128,0.22985,0.22843,0.22701,0.22559,0.22418,0.22277,0.22136,0.21995,0.21855
310,1,95,0.28299,0.28170,0.28040,0.27910,0.27779,0.27646,0.27514,0.27380,0.27246,0.27111,0.26976,0.26840,0.26703,0.26566,0.26428,0.26289,0.26150,0.26011,0.25871,0.25730,0.25589,0.25447,0.25305,0.25163,0.25020,0.24877,0.24733
310,1,96,0.32216,0.32105,0.31992,0.31878,0.31763,0.31646,0.31527,0.31407,0.31285,0.31162,0.31038,0.30912,0.30784,0.30656,0.30526,0.30394,0.30262,0.30128,0.29993,0.29856,0.29718,0.29580,0.29440,0.29299,0.29156,0.29013,0.28868
310,1,97,0.35490,0.35408,0.35323,0.35235,0.35146,0.35053,0.34959,0.34862,0.34763,0.34661,0.34557,0.34451,0.34343,0.34232,0.34119,0.34004,0.33887,0.33768,0.33647,0.33523,0.33398,0.33271,0.33141,0.33010,0.32877,0.32741,0.32604
310,1,98,0.38397,0.38351,0.38301,0.38248,0.38192,0.38132,0.38069,0.38003,0.37934,0.37862,0.37786,0.37707,0.37625,0.37540,0.37452,0.37360,0.37266,0.37169,0.37068,0.36965,0.36859,0.36749,0.36637,0.36522,0.36404,0.36283,0.36160
310,1,99,0.42172,0.42168,0.42160,0.42148,0.42132,0.42111,0.42086,0.42056,0.42023,0.41985,0.41943,0.41897,0.41846,0.41791,0.41732,0.41669,0.41602,0.41531,0.41456,0.41376,0.41292,0.41205,0.41113,0.41018,0.40918,0.40815,0.40708
310,2,80,0.03308,0.03267,0.03225,0.03184,0.03143,0.03101,0.03060,0.03019,0.02977,0.02936,0.02895,0.02853,0.02812,0.02771,0.02730,0.02690,0.02649,0.02608,0.02568,0.02528,0.02488,0.02448,0.02409,0.02369,0.02330,0.02291,0.02252
310,2,81,0.03734,0.03688,0.03641,0.03595,0.03548,0.03502,0.03455,0.03409,0.03363,0.03316,0.03270,0.03224,0.03178,0.03133,0.03087,0.03042,0.02996,0.02951,0.02906,0.02862,0.02817,0.02773,0.02729,0.02685,0.02642,0.02599,0.02556
310,2,82,0.04212,0.04160,0.04108,0.04056,0.04004,0.03952,0.03900,0.03848,0.03797,0.03745,0.03694,0.03643,0.03592,0.03541,0.03491,0.03440,0.03390,0.03340,0.03291,0.03241,0.03192,0.03143,0.03095,0.03046,0.02998,0.02951,0.02903
310,2,83,0.04796,0.04738,0.04679,0.04621,0.04562,0.04504,0.04446,0.04388,0.04330,0.04273,0.04216,0.04158,0.04102,0.04045,0.03989,0.03932,0.03877,0.03821,0.03766,0.03711,0.03656,0.03602,0.03548,0.03494,0.03441,0.03388,0.03335
310,2,84,0.05390,0.05325,0.05260,0.05196,0.05131,0.05067,0.05003,0.04940,0.04876,0.04813,0.04750,0.04688,0.04625,0.04563,0.04501,0.04440,0.04379,0.04318,0.04258,0.04198,0.04138,0.04079,0.04020,0.03961,0.03903,0.03845,0.03788
310,2,85,0.06186,0.06113,0.06041,0.05968,0.05896,0.05825,0.05753,0.05682,0.05611,0.05541,0.05471,0.05401,0.05331,0.05262,0.05194,0.05125,0.05057,0.04990,0.04923,0.04856,0.04790,0.04724,0.04658,0.04593,0.04529,0.04465,0.04401
310,2,86,0.07149,0.07068,0.06986,0.06905,0.06825,0.06745,0.06665,0.06585,0.06506,0.06427,0.06349,0.06271,0.06194,0.06117,0.06040,0.05964,0.05889,0.05813,0.05739,0.05665,0.05591,0.05518,0.05445,0.05373,0.05301,0.05230,0.05159
310,2,87,0.08216,0.08126,0.08036,0.07946,0.07857,0.07768,0.07680,0.07592,0.07505,0.07418,0.07332,0.07246,0.07161,0.07076,0.06992,0.06908,0.06825,0.06742,0.06660,0.06578,0.06497,0.06417,0.06337,0.06258,0.06179,0.06100,0.06023
310,2,88,0.09554,0.09454,0.09354,0.09254,0.09155,0.09057,0.08959,0.08862,0.08765,0.08669,0.08573,0.08478,0.08384,0.08290,0.08197,0.08104,0.08012,0.07921,0.07830,0.07740,0.07650,0.07561,0.07473,0.07385,0.07298,0.07211,0.07125
310,2,89,0.11030,0.10920,0.10810,0.10702,0.10593,0.10486,0.10379,0.10273,0.10167,0.10062,0.09958,0.09855,0.09752,0.09649,0.09548,0.09447,0.09347,0.09247,0.09148,0.09050,0.08952,0.08855,0.08759,0.08663,0.08569,0.08474,0.08381
310,2,90,0.12690,0.12571,0.12453,0.12335,0.12218,0.12102,0.11987,0.11873,0.11759,0.11646,0.11534,0.11422,0.11311,0.11201,0.11092,0.10983,0.10875,0.10768,0.10661,0.10555,0.10450,0.10346,0.10242,0.10139,0.10037,0.09936,0.09835
310,2,91,0.14389,0.14264,0.14140,0.14016,0.13893,0.13771,0.13650,0.13529,0.13410,0.13291,0.13173,0.13055,0.12939,0.12823,0.12708,0.12594,0.12480,0.12367,0.12255,0.12144,0.12034,0.11924,0.11815,0.11707,0.11600,0.11493,0.11387
310,2,92,0.16404,0.16273,0.16142,0.16013,0.15884,0.15757,0.15630,0.15504,0.15379,0.15254,0.15131,0.15008,0.14886,0.14765,0.14645,0.14525,0.14407,0.14289,0.14172,0.14056,0.13940,0.13825,0.13711,0.13598,0.13486,0.13374,0.13264
310,2,93,0.18699,0.18563,0.18428,0.18295,0.18162,0.18030,0.17899,0.17769,0.17639,0.17511,0.17383,0.17257,0.17131,0.17006,0.16882,0.16759,0.16636,0.16515,0.16394,0.16274,0.16155,0.16037,0.15919,0.15802,0.15687,0.15572,0.15457
310,2,94,0.21099,0.20962,0.20826,0.20691,0.20558,0.20425,0.20293,0.20161,0.20031,0.19902,0.19774,0.19646,0.19520,0.19394,0.19269,0.19146,0.19023,0.18900,0.18779,0.18659,0.18539,0.18420,0.18303,0.18185,0.18069,0.17954,0.17839
310,2,95,0.23465,0.23331,0.23198,0.23066,0.22934,0.22803,0.22673,0.22543,0.22414,0.22286,0.22158,0.22031,0.21905,0.21779,0.21654,0.21530,0.21406,0.21283,0.21161,0.21039,0.20918,0.20797,0.20677,0.20558,0.20440,0.20322,0.20204
310,2,96,0.26601,0.26471,0.26341,0.26211,0.26082,0.25954,0.25826,0.25699,0.25573,0.25447,0.25321,0.25196,0.25072,0.24948,0.24824,0.24701,0.24579,0.24457,0.24336,0.24216,0.24095,0.23976,0.23857,0.23738,0.23620,0.23503,0.23386
310,2,97,0.29506,0.29385,0.29264,0.29144,0.29023,0.28904,0.28785,0.28666,0.28547,0.28429,0.28311,0.28194,0.28077,0.27961,0.27845,0.27729,0.27614,0.27499,0.27385,0.27270,0.27157,0.27043,0.26931,0.26818,0.26706,0.26594,0.26483
310,2,98,0.33442,0.33331,0.33221,0.33110,0.33000,0.32890,0.32781,0.32671,0.32562,0.32453,0.32345,0.32236,0.32128,0.32020,0.31913,0.31805,0.31698,0.31591,0.31485,0.31378,0.31272,0.31166,0.31061,0.30955,0.30850,0.30745,0.30641
310,2,99,0.36340,0.36248,0.36157,0.36065,0.35974,0.35883,0.35791,0.35700,0.35609,0.35518,0.35427,0.35336,0.35246,0.35155,0.35064,0.34974,0.34883,0.34793,0.34703,0.34612,0.34522,0.34432,0.34342,0.34253,0.34163,0.34073,0.33984
320,1,80,0.03856,0.03782,0.03710,0.03640,0.03572,0.03505,0.03439,0.03376,0.03313,0.03252,0.03193,0.03135,0.03078,0.03022,0.02968,0.02915,0.02863,0.02813,0.02763,0.02715,0.02668,0.02622,0.02576,0.02532,0.02489,0.02447,0.02405
320,1,81,0.04416,0.04334,0.04254,0.04176,0.04100,0.04026,0.03953,0.03882,0.03812,0.03744,0.03677,0.03612,0.03549,0.03486,0.03425,0.03366,0.03308,0.03251,0.03195,0.03140,0.03087,0.03035,0.02984,0.02934,0.02885,0.02837,0.02790
320,1,82,0.05020,0.04931,0.04843,0.04758,0.04674,0.04592,0.04512,0.04433,0.04357,0.04281,0.04208,0.04136,0.04065,0.03996,0.03929,0.03863,0.03798,0.03735,0.03673,0.03612,0.03552,0.03494,0.03437,0.03381,0.03326,0.03273,0.03220
320,1,83,0.05763,0.05665,0.05569,0.05474,0.05382,0.05292,0.05203,0.05116,0.05031,0.04948,0.04866,0.04786,0.04708,0.04631,0.04556,0.04482,0.04410,0.04339,0.04269,0.04201,0.04135,0.04069,0.04005,0.03942,0.03880,0.03820,0.03761
320,1,84,0.06616,0.06509,0.06404,0.06301,0.06199,0.06100,0.06003,0.05907,0.05814,0.05722,0.05632,0.05543,0.05457,0.05371,0.05288,0.05206,0.05126,0.05047,0.04970,0.04894,0.04819,0.04746,0.04674,0.04604,0.04535,0.04467,0.04400
320,1,85,0.07591,0.07475,0.07361,0.07249,0.07139,0.07031,0.06925,0.06820,0.06718,0.06617,0.06518,0.06421,0.06326,0.06232,0.06140,0.06050,0.05961,0.05874,0.05788,0.05704,0.05621,0.05540,0.05460,0.05382,0.05305,0.05229,0.05154
320,1,86,0.08726,0.08600,0.08477,0.08356,0.08237,0.08120,0.08005,0.07891,0.07780,0.07670,0.07562,0.07456,0.07352,0.07249,0.07149,0.07049,0.06952,0.06855,0.06761,0.06668,0.06577,0.06487,0.06398,0.06311,0.06225,0.06141,0.06058
320,1,87,0.09996,0.09863,0.09731,0.09602,0.09475,0.09349,0.09225,0.09104,0.08984,0.08865,0.08749,0.08634,0.08521,0.08410,0.08301,0.08193,0.08086,0.07981,0.07878,0.07777,0.07676,0.07578,0.07480,0.07385,0.07290,0.07197,0.07106
320,1,88,0.11475,0.11334,0.11195,0.11057,0.10922,0.10788,0.10656,0.10526,0.10398,0.10271,0.10146,0.10023,0.09901,0.09781,0.09663,0.09546,0.09431,0.09318,0.09205,0.09095,0.08986,0.08878,0.08772,0.08667,0.08563,0.08461,0.08361
320,1,89,0.12996,0.12850,0.12706,0.12563,0.12423,0.12283,0.12146,0.12010,0.11876,0.11743,0.11612,0.11483,0.11355,0.11229,0.11104,0.10980,0.10858,0.10738,0.10618,0.10501,0.10384,0.10269,0.10156,0.10043,0.09932,0.09823,0.09714
320,1,90,0.14934,0.14783,0.14633,0.14485,0.14338,0.14193,0.14049,0.13907,0.13766,0.13627,0.13489,0.13352,0.13217,0.13083,0.12950,0.12819,0.12689,0.12560,0.12433,0.12307,0.12182,0.12059,0.11937,0.11816,0.11696,0.11577,0.11460
320,1,91,0.16878,0.16726,0.16575,0.16425,0.16276,0.16129,0.15983,0.15838,0.15694,0.15552,0.15410,0.15270,0.15131,0.14993,0.14856,0.14721,0.14586,0.14453,0.14321,0.14189,0.14059,0.13930,0.13802,0.13675,0.13549,0.13425,0.13301
320,1,92,0.19219,0.19067,0.18916,0.18765,0.18616,0.18468,0.18321,0.18174,0.18028,0.17884,0.17740,0.17597,0.17455,0.17314,0.17173,0.17034,0.16895,0.16758,0.16621,0.16485,0.16350,0.16216,0.16082,0.15950,0.15818,0.15687,0.15557
320,1,93,0.21905,0.21757,0.21608,0.21461,0.21314,0.21167,0.21021,0.20875,0.20730,0.20586,0.20442,0.20299,0.20156,0.20014,0.19872,0.19731,0.19591,0.19451,0.19311,0.19173,0.19034,0.18897,0.18760,0.18623,0.18487,0.18352,0.18217
320,1,94,0.24476,0.24337,0.24199,0.24060,0.23921,0.23783,0.23644,0.23506,0.23368,0.23230,0.23093,0.22955,0.22817,0.22680,0.22543,0.22406,0.22269,0.22133,0.21997,0.21861,0.21725,0.21589,0.21454,0.21319,0.21184,0.21049,0.20915
320,1,95,0.27082,0.26959,0.26834,0.26709,0.26584,0.26457,0.26330,0.26203,0.26074,0.25945,0.25816,0.25685,0.25555,0.25423,0.25291,0.25159,0.25026,0.24892,0.24758,0.24623,0.24488,0.24353,0.24217,0.24081,0.23944,0.23807,0.23669
320,1,96,0.30830,0.30724,0.30616,0.30507,0.30397,0.30285,0.30171,0.30056,0.29940,0.29822,0.29703,0.29582,0.29460,0.29337,0.29213,0.29087,0.28960,0.28832,0.28703,0.28572,0.28440,0.28307,0.28173,0.28038,0.27902,0.27765,0.27627
320,1,97,0.33964,0.33885,0.33804,0.33720,0.33634,0.33546,0.33455,0.33362,0.33267,0.33170,0.33071,0.32969,0.32866,0.32760,0.32652,0.32542,0.32430,0.32316,0.32200,0.32082,0.31962,0.31840,0.31716,0.31590,0.31463,0.31333,0.31202
320,1,98,0.36746,0.36701,0.36654,0.36603,0.36549,0.36492,0.36432,0.36369,0.36303,0.36233,0.36161,0.36085,0.36007,0.35925,0.35841,0.35754,0.35663,0.35570,0.35474,0.35375,0.35273,0.35169,0.35061,0.34951,0.34838,0.34723,0.34605
320,1,99,0.40358,0.40355,0.40347,0.40335,0.40319,0.40300,0.40276,0.40247,0.40215,0.40179,0.40139,0.40095,0.40046,0.39994,0.39938,0.39877,0.39813,0.39745,0.39672,0.39596,0.39516,0.39433,0.39345,0.39254,0.39158,0.39059,0.38957
320,2,80,0.02690,0.02656,0.02623,0.02589,0.02555,0.02522,0.02488,0.02454,0.02421,0.02387,0.02354,0.02320,0.02287,0.02253,0.02220,0.02187,0.02154,0.02121,0.02088,0.02055,0.02023,0.01991,0.01958,0.01926,0.01895,0.01863,0.01831
320,2,81,0.03076,0.03038,0.03000,0.02962,0.02923,0.02885,0.02847,0.02809,0.02770,0.02732,0.02694,0.02656,0.02619,0.02581,0.02543,0.02506,0.02469,0.02431,0.02394,0.02358,0.02321,0.02285,0.02248,0.02212,0.02177,0.02141,0.02106
320,2,82,0.03517,0.03473,0.03430,0.03386,0.03343,0.03300,0.03256,0.03213,0.03170,0.03127,0.03084,0.03042,0.02999,0.02957,0.02914,0.02872,0.02831,0.02789,0.02747,0.02706,0.02665,0.02624,0.02584,0.02543,0.02503,0.02464,0.02424
320,2,83,0.04059,0.04010,0.03960,0.03911,0.03861,0.03812,0.03763,0.03714,0.03665,0.03616,0.03568,0.03519,0.03471,0.03423,0.03376,0.03328,0.03281,0.03234,0.03187,0.03140,0.03094,0.03048,0.03002,0.02957,0.02912,0.02867,0.02823
320,2,84,0.04624,0.04569,0.04513,0.04458,0.04403,0.04348,0.04293,0.04238,0.04184,0.04130,0.04076,0.04022,0.03968,0.03915,0.03862,0.03809,0.03757,0.03705,0.03653,0.03601,0.03550,0.03499,0.03449,0.03399,0.03349,0.03299,0.03250
320,2,85,0.05382,0.05318,0.05255,0.05192,0.05130,0.05067,0.05005,0.04943,0.04882,0.04820,0.04759,0.04699,0.04638,0.04578,0.04518,0.04459,0.04400,0.04341,0.04283,0.04225,0.04167,0.04110,0.04053,0.03996,0.03940,0.03884,0.03829
320,2,86,0.06220,0.06149,0.06078,0.06008,0.05938,0.05868,0.05798,0.05729,0.05660,0.05592,0.05524,0.05456,0.05389,0.05322,0.05255,0.05189,0.05123,0.05058,0.04993,0.04928,0.04864,0.04800,0.04737,0.04674,0.04612,0.04550,0.04488
320,2,87,0.07181,0.07102,0.07023,0.06945,0.06867,0.06790,0.06712,0.06636,0.06559,0.06484,0.06408,0.06333,0.06259,0.06185,0.06111,0.06038,0.05965,0.05893,0.05821,0.05750,0.05679,0.05608,0.05539,0.05469,0.05400,0.05332,0.05264
320,2,88,0.08389,0.08300,0.08212,0.08125,0.08038,0.07952,0.07866,0.07780,0.07695,0.07611,0.07527,0.07444,0.07361,0.07279,0.07197,0.07115,0.07035,0.06954,0.06875,0.06795,0.06717,0.06639,0.06561,0.06484,0.06407,0.06332,0.06256
320,2,89,0.09728,0.09631,0.09535,0.09439,0.09343,0.09249,0.09154,0.09061,0.08968,0.08875,0.08783,0.08692,0.08601,0.08511,0.08421,0.08332,0.08244,0.08156,0.08069,0.07982,0.07896,0.07810,0.07725,0.07641,0.07557,0.07474,0.07392
320,2,90,0.11299,0.11194,0.11088,0.10984,0.10880,0.10777,0.10674,0.10572,0.10471,0.10370,0.10270,0.10171,0.10072,0.09974,0.09876,0.09780,0.09684,0.09588,0.09493,0.09399,0.09305,0.09213,0.09120,0.09029,0.08938,0.08847,0.08758
320,2,91,0.12936,0.12823,0.12712,0.12600,0.12490,0.12380,0.12271,0.12163,0.12055,0.11948,0.11842,0.11737,0.11632,0.11528,0.11424,0.11322,0.11220,0.11118,0.11018,0.10918,0.10818,0.10720,0.10622,0.10524,0.10428,0.10332,0.10237
320,2,92,0.14822,0.14703,0.14586,0.14469,0.14352,0.14237,0.14122,0.14009,0.13895,0.13783,0.13671,0.13561,0.13450,0.13341,0.13232,0.13124,0.13017,0.12911,0.12805,0.12700,0.12596,0.12492,0.12389,0.12287,0.12185,0.12085,0.11984
320,2,93,0.16981,0.16858,0.16736,0.16614,0.16494,0.16374,0.16255,0.16137,0.16019,0.15903,0.15787,0.15672,0.15558,0.15444,0.15331,0.15220,0.15108,0.14998,0.14888,0.14779,0.14671,0.14564,0.14457,0.14351,0.14246,0.14141,0.14038
320,2,94,0.19259,0.19135,0.19011,0.18888,0.18765,0.18644,0.18523,0.18404,0.18285,0.18167,0.18050,0.17934,0.17818,0.17703,0.17590,0.17476,0.17364,0.17253,0.17142,0.17032,0.16923,0.16815,0.16707,0.16600,0.16494,0.16389,0.16284
320,2,95,0.21530,0.21407,0.21285,0.21163,0.21043,0.20922,0.20803,0.20684,0.20566,0.20448,0.20331,0.20214,0.20098,0.19983,0.19868,0.19754,0.19641,0.19528,0.19415,0.19304,0.19193,0.19082,0.18972,0.18863,0.18754,0.18646,0.18538
320,2,96,0.24407,0.24288,0.24168,0.24050,0.23931,0.23814,0.23696,0.23580,0.23463,0.23348,0.23233,0.23118,0.23004,0.22890,0.22777,0.22664,0.22552,0.22440,0.22329,0.22218,0.22108,0.21998,0.21889,0.21780,0.21672,0.21564,0.21457
320,2,97,0.27073,0.26961,0.26851,0.26740,0.26630,0.26520,0.26411,0.26301,0.26193,0.26084,0.25977,0.25869,0.25762,0.25655,0.25548,0.25442,0.25336,0.25231,0.25126,0.25021,0.24917,0.24813,0.24710,0.24606,0.24503,0.24401,0.24299
320,2,98,0.30684,0.30583,0.30481,0.30380,0.30279,0.30178,0.30077,0.29977,0.29877,0.29777,0.29677,0.29578,0.29479,0.29380,0.29281,0.29182,0.29084,0.28986,0.28888,0.28791,0.28693,0.28596,0.28499,0.28402,0.28306,0.28210,0.28114
320,2,99,0.33343,0.33259,0.33175,0.33091,0.33007,0.32923,0.32839,0.32756,0.32672,0.32589,0.32505,0.32422,0.32339,0.32255,0.32172,0.32089,0.32006,0.31923,0.31841,0.31758,0.31675,0.31593,0.31510,0.31428,0.31345,0.31263,0.31181
330,1,80,0.03856,0.03782,0.03710,0.03640,0.03572,0.03505,0.03439,0.03376,0.03313,0.03252,0.03193,0.03135,0.03078,0.03022,0.02968,0.02915,0.02863,0.02813,0.02763,0.02715,0.02668,0.02622,0.02576,0.02532,0.02489,0.02447,0.02405
330,1,81,0.04416,0.04334,0.04254,0.04176,0.04100,0.04026,0.03953,0.03882,0.03812,0.03744,0.03677,0.03612,0.03549,0.03486,0.03425,0.03366,0.03308,0.03251,0.03195,0.03140,0.03087,0.03035,0.02984,0.02934,0.02885,0.02837,0.02790
330,1,82,0.05020,0.04931,0.04843,0.04758,0.04674,0.04592,0.04512,0.04433,0.04357,0.04281,0.04208,0.04136,0.04065,0.03996,0.03929,0.03863,0.03798,0.03735,0.03673,0.03612,0.03552,0.03494,0.03437,0.03381,0.03326,0.03273,0.03220
330,1,83,0.05763,0.05665,0.05569,0.05474,0.05382,0.05292,0.05203,0.05116,0.05031,0.04948,0.04866,0.04786,0.04708,0.04631,0.04556,0.04482,0.04410,0.04339,0.04269,0.04201,0.04135,0.04069,0.04005,0.03942,0.03880,0.03820,0.03761
330,1,84,0.06616,0.06509,0.06404,0.06301,0.06199,0.06100,0.06003,0.05907,0.05814,0.05722,0.05632,0.05543,0.05457,0.05371,0.05288,0.05206,0.05126,0.05047,0.04970,0.04894,0.04819,0.04746,0.04674,0.04604,0.04535,0.04467,0.04400
330,1,85,0.07591,0.07475,0.07361,0.07249,0.07139,0.07031,0.06925,0.06820,0.06718,0.06617,0.06518,0.06421,0.06326,0.06232,0.06140,0.06050,0.05961,0.05874,0.05788,0.05704,0.05621,0.05540,0.05460,0.05382,0.05305,0.05229,0.05154
330,1,86,0.08726,0.08600,0.08477,0.08356,0.08237,0.08120,0.08005,0.07891,0.07780,0.07670,0.07562,0.07456,0.07352,0.07249,0.07149,0.07049,0.06952,0.06855,0.06761,0.06668,0.06577,0.06487,0.06398,0.06311,0.06225,0.06141,0.06058
330,1,87,0.09996,0.09863,0.09731,0.09602,0.09475,0.09349,0.09225,0.09104,0.08984,0.08865,0.08749,0.08634,0.08521,0.08410,0.08301,0.08193,0.08086,0.07981,0.07878,0.07777,0.07676,0.07578,0.07480,0.07385,0.07290,0.07197,0.07106
330,1,88,0.11475,0.11334,0.11195,0.11057,0.10922,0.10788,0.10656,0.10526,0.10398,0.10271,0.10146,0.10023,0.09901,0.09781,0.09663,0.09546,0.09431,0.09318,0.09205,0.09095,0.08986,0.08878,0.08772,0.08667,0.08563,0.08461,0.08361
330,1,89,0.12996,0.12850,0.12706,0.12563,0.12423,0.12283,0.12146,0.12010,0.11876,0.11743,0.11612,0.11483,0.11355,0.11229,0.11104,0.10980,0.10858,0.10738,0.10618,0.10501,0.10384,0.10269,0.10156,0.10043,0.09932,0.09823,0.09714
330,1,90,0.14934,0.14783,0.14633,0.14485,0.14338,0.14193,0.14049,0.13907,0.13766,0.13627,0.13489,0.13352,0.13217,0.13083,0.12950,0.12819,0.12689,0.12560,0.12433,0.12307,0.12182,0.12059,0.11937,0.11816,0.11696,0.11577,0.11460
330,1,91,0.16878,0.16726,0.16575,0.16425,0.16276,0.16129,0.15983,0.15838,0.15694,0.15552,0.15410,0.15270,0.15131,0.14993,0.14856,0.14721,0.14586,0.14453,0.14321,0.14189,0.14059,0.13930,0.13802,0.13675,0.13549,0.13425,0.13301
330,1,92,0.19219,0.19067,0.18916,0.18765,0.18616,0.18468,0.18321,0.18174,0.18028,0.17884,0.17740,0.17597,0.17455,0.17314,0.17173,0.17034,0.16895,0.16758,0.16621,0.16485,0.16350,0.16216,0.16082,0.15950,0.15818,0.15687,0.15557
330,1,93,0.21905,0.21757,0.21608,0.21461,0.21314,0.21167,0.21021,0.20875,0.20730,0.20586,0.20442,0.20299,0.20156,0.20014,0.19872,0.19731,0.19591,0.19451,0.19311,0.19173,0.19034,0.18897,0.18760,0.18623,0.18487,0.18352,0.18217
330,1,94,0.24476,0.24337,0.24199,0.24060,0.23921,0.23783,0.23644,0.23506,0.23368,0.23230,0.23093,0.22955,0.22817,0.22680,0.22543,0.22406,0.22269,0.22133,0.21997,0.21861,0.21725,0.21589,0.21454,0.21319,0.21184,0.21049,0.20915
330,1,95,0.27082,0.26959,0.26834,0.26709,0.26584,0.26457,0.26330,0.26203,0.26074,0.25945,0.25816,0.25685,0.25555,0.25423,0.25291,0.25159,0.25026,0.24892,0.24758,0.24623,0.24488,0.24353,0.24217,0.24081,0.23944,0.23807,0.23669
330,1,96,0.30830,0.30724,0.30616,0.30507,0.30397,0.30285,0.30171,0.30056,0.29940,0.29822,0.29703,0.29582,0.29460,0.29337,0.29213,0.29087,0.28960,0.28832,0.28703,0.28572,0.28440,0.28307,0.28173,0.28038,0.27902,0.27765,0.27627
330,1,97,0.33964,0.33885,0.33804,0.33720,0.33634,0.33546,0.33455,0.33362,0.33267,0.33170,0.33071,0.32969,0.32866,0.32760,0.32652,0.32542,0.32430,0.32316,0.32200,0.32082,0.31962,0.31840,0.31716,0.31590,0.31463,0.31333,0.31202
330,1,98,0.36746,0.36701,0.36654,0.36603,0.36549,0.36492,0.36432,0.36369,0.36303,0.36233,0.36161,0.36085,0.36007,0.35925,0.35841,0.35754,0.35663,0.35570,0.35474,0.35375,0.35273,0.35169,0.35061,0.34951,0.34838,0.34723,0.34605
330,1,99,0.40358,0.40355,0.40347,0.40335,0.40319,0.40300,0.40276,0.40247,0.40215,0.40179,0.40139,0.40095,0.40046,0.39994,0.39938,0.39877,0.39813,0.39745,0.39672,0.39596,0.39516,0.39433,0.39345,0.39254,0.39158,0.39059,0.38957
330,2,80,0.02690,0.02656,0.02623,0.02589,0.02555,0.02522,0.02488,0.02454,0.02421,0.02387,0.02354,0.02320,0.02287,0.02253,0.02220,0.02187,0.02154,0.02121,0.02088,0.02055,0.02023,0.01991,0.01958,0.01926,0.01895,0.01863,0.01831
330,2,81,0.03076,0.03038,0.03000,0.02962,0.02923,0.02885,0.02847,0.02809,0.02770,0.02732,0.02694,0.02656,0.02619,0.02581,0.02543,0.02506,0.02469,0.02431,0.02394,0.02358,0.02321,0.02285,0.02248,0.02212,0.02177,0.02141,0.02106
330,2,82,0.03517,0.03473,0.03430,0.03386,0.03343,0.03300,0.03256,0.03213,0.03170,0.03127,0.03084,0.03042,0.02999,0.02957,0.02914,0.02872,0.02831,0.02789,0.02747,0.02706,0.02665,0.02624,0.02584,0.02543,0.02503,0.02464,0.02424
330,2,83,0.04059,0.04010,0.03960,0.03911,0.03861,0.03812,0.03763,0.03714,0.03665,0.03616,0.03568,0.03519,0.03471,0.03423,0.03376,0.03328,0.03281,0.03234,0.03187,0.03140,0.03094,0.03048,0.03002,0.02957,0.02912,0.02867,0.02823
330,2,84,0.04624,0.04569,0.04513,0.04458,0.04403,0.04348,0.04293,0.04238,0.04184,0.04130,0.04076,0.04022,0.03968,0.03915,0.03862,0.03809,0.03757,0.03705,0.03653,0.03601,0.03550,0.03499,0.03449,0.03399,0.03349,0.03299,0.03250
330,2,85,0.05382,0.05318,0.05255,0.05192,0.05130,0.05067,0.05005,0.04943,0.04882,0.04820,0.04759,0.04699,0.04638,0.04578,0.04518,0.04459,0.04400,0.04341,0.04283,0.04225,0.04167,0.04110,0.04053,0.03996,0.03940,0.03884,0.03829
330,2,86,0.06220,0.06149,0.06078,0.06008,0.05938,0.05868,0.05798,0.05729,0.05660,0.05592,0.05524,0.05456,0.05389,0.05322,0.05255,0.05189,0.05123,0.05058,0.04993,0.04928,0.04864,0.04800,0.04737,0.04674,0.04612,0.04550,0.04488
330,2,87,0.07181,0.07102,0.07023,0.06945,0.06867,0.06790,0.06712,0.06636,0.06559,0.06484,0.06408,0.06333,0.06259,0.06185,0.06111,0.06038,0.05965,0.05893,0.05821,0.05750,0.05679,0.05608,0.05539,0.05469,0.05400,0.05332,0.05264
330,2,88,0.08389,0.08300,0.08212,0.08125,0.08038,0.07952,0.07866,0.07780,0.07695,0.07611,0.07527,0.07444,0.07361,0.07279,0.07197,0.07115,0.07035,0.06954,0.06875,0.06795,0.06717,0.06639,0.06561,0.06484,0.06407,0.06332,0.06256
330,2,89,0.09728,0.09631,0.09535,0.09439,0.09343,0.09249,0.09154,0.09061,0.08968,0.08875,0.08783,0.08692,0.08601,0.08511,0.08421,0.08332,0.08244,0.08156,0.08069,0.07982,0.07896,0.07810,0.07725,0.07641,0.07557,0.07474,0.07392
330,2,90,0.11299,0.11194,0.11088,0.10984,0.10880,0.10777,0.10674,0.10572,0.10471,0.10370,0.10270,0.10171,0.10072,0.09974,0.09876,0.09780,0.09684,0.09588,0.09493,0.09399,0.09305,0.09213,0.09120,0.09029,0.08938,0.08847,0.08758
330,2,91,0.12936,0.12823,0.12712,0.12600,0.12490,0.12380,0.12271,0.12163,0.12055,0.11948,0.11842,0.11737,0.11632,0.11528,0.11424,0.11322,0.11220,0.11118,0.11018,0.10918,0.10818,0.10720,0.10622,0.10524,0.10428,0.10332,0.10237
330,2,92,0.14822,0.14703,0.14586,0.14469,0.14352,0.14237,0.14122,0.14009,0.13895,0.13783,0.13671,0.13561,0.13450,0.13341,0.13232,0.13124,0.13017,0.12911,0.12805,0.12700,0.12596,0.12492,0.12389,0.12287,0.12185,0.12085,0.11984
330,2,93,0.16981,0.16858,0.16736,0.16614,0.16494,0.16374,0.16255,0.16137,0.16019,0.15903,0.15787,0.15672,0.15558,0.15444,0.15331,0.15220,0.15108,0.14998,0.14888,0.14779,0.14671,0.14564,0.14457,0.14351,0.14246,0.14141,0.14038
330,2,94,0.19259,0.19135,0.19011,0.18888,0.18765,0.18644,0.18523,0.18404,0.18285,0.18167,0.18050,0.17934,0.17818,0.17703,0.17590,0.17476,0.17364,0.17253,0.17142,0.17032,0.16923,0.16815,0.16707,0.16600,0.16494,0.16389,0.16284
330,2,95,0.21530,0.21407,0.21285,0.21163,0.21043,0.20922,0.20803,0.20684,0.20566,0.20448,0.20331,0.20214,0.20098,0.19983,0.19868,0.19754,0.19641,0.19528,0.19415,0.19304,0.19193,0.19082,0.18972,0.18863,0.18754,0.18646,0.18538
330,2,96,0.24407,0.24288,0.24168,0.24050,0.23931,0.23814,0.23696,0.23580,0.23463,0.23348,0.23233,0.23118,0.23004,0.22890,0.22777,0.22664,0.22552,0.22440,0.22329,0.22218,0.22108,0.21998,0.21889,0.21780,0.21672,0.21564,0.21457
330,2,97,0.27073,0.26961,0.26851,0.26740,0.26630,0.26520,0.26411,0.26301,0.26193,0.26084,0.25977,0.25869,0.25762,0.25655,0.25548,0.25442,0.25336,0.25231,0.25126,0.25021,0.24917,0.24813,0.24710,0.24606,0.24503,0.24401,0.24299
330,2,98,0.30684,0.30583,0.30481,0.30380,0.30279,0.30178,0.30077,0.29977,0.29877,0.29777,0.29677,0.29578,0.29479,0.29380,0.29281,0.29182,0.29084,0.28986,0.28888,0.28791,0.28693,0.28596,0.28499,0.28402,0.28306,0.28210,0.28114
330,2,99,0.33343,0.33259,0.33175,0.33091,0.33007,0.32923,0.32839,0.32756,0.32672,0.32589,0.32505,0.32422,0.32339,0.32255,0.32172,0.32089,0.32006,0.31923,0.31841,0.31758,0.31675,0.31593,0.31510,0.31428,0.31345,0.31263,0.31181
340,1,80,0.04541,0.04454,0.04369,0.04287,0.04206,0.04127,0.04050,0.03975,0.03901,0.03830,0.03760,0.03691,0.03624,0.03559,0.03495,0.03433,0.03372,0.03312,0.03254,0.03197,0.03141,0.03087,0.03034,0.02982,0.02931,0.02881,0.02833
340,1,81,0.05155,0.05060,0.04967,0.04876,0.04787,0.04700,0.04615,0.04531,0.04450,0.04371,0.04293,0.04217,0.04143,0.04070,0.03999,0.03929,0.03861,0.03795,0.03730,0.03666,0.03604,0.03543,0.03483,0.03425,0.03368,0.03312,0.03258
340,1,82,0.05810,0.05706,0.05605,0.05506,0.05409,0.05314,0.05222,0.05131,0.05042,0.04955,0.04870,0.04786,0.04705,0.04625,0.04547,0.04470,0.04396,0.04322,0.04250,0.04180,0.04111,0.04044,0.03978,0.03913,0.03850,0.03788,0.03727
340,1,83,0.06670,0.06556,0.06445,0.06336,0.06229,0.06124,0.06021,0.05921,0.05823,0.05726,0.05632,0.05539,0.05448,0.05359,0.05272,0.05187,0.05103,0.05021,0.04941,0.04862,0.04785,0.04709,0.04635,0.04562,0.04491,0.04421,0.04352
340,1,84,0.07657,0.07533,0.07411,0.07292,0.07175,0.07060,0.06947,0.06837,0.06728,0.06622,0.06518,0.06415,0.06315,0.06216,0.06120,0.06025,0.05932,0.05841,0.05751,0.05663,0.05577,0.05493,0.05409,0.05328,0.05248,0.05169,0.05092
340,1,85,0.08786,0.08651,0.08519,0.08389,0.08262,0.08137,0.08014,0.07893,0.07775,0.07658,0.07544,0.07431,0.07321,0.07213,0.07106,0.07002,0.06899,0.06798,0.06699,0.06601,0.06506,0.06412,0.06319,0.06228,0.06139,0.06051,0.05965
340,1,86,0.09981,0.09837,0.09696,0.09558,0.09422,0.09288,0.09156,0.09026,0.08899,0.08773,0.08650,0.08529,0.08409,0.08292,0.08177,0.08063,0.07951,0.07841,0.07733,0.07627,0.07522,0.07419,0.07318,0.07218,0.07120,0.07024,0.06929
340,1,87,0.11299,0.11148,0.11000,0.10854,0.10709,0.10567,0.10428,0.10290,0.10154,0.10021,0.09889,0.09760,0.09632,0.09506,0.09382,0.09260,0.09140,0.09022,0.08905,0.08790,0.08677,0.08565,0.08455,0.08347,0.08240,0.08135,0.08032
340,1,88,0.12816,0.12658,0.12503,0.12349,0.12198,0.12049,0.11901,0.11756,0.11613,0.11471,0.11332,0.11194,0.11058,0.10924,0.10792,0.10662,0.10533,0.10406,0.10281,0.10158,0.10036,0.09915,0.09797,0.09680,0.09564,0.09450,0.09338
340,1,89,0.14339,0.14178,0.14019,0.13862,0.13707,0.13553,0.13402,0.13252,0.13104,0.12957,0.12813,0.12670,0.12529,0.12389,0.12251,0.12115,0.11980,0.11847,0.11716,0.11586,0.11458,0.11331,0.11205,0.11081,0.10959,0.10838,0.10718
340,1,90,0.16277,0.16112,0.15949,0.15787,0.15627,0.15469,0.15312,0.15157,0.15003,0.14851,0.14701,0.14552,0.14405,0.14259,0.14114,0.13971,0.13830,0.13689,0.13551,0.13413,0.13277,0.13143,0.13010,0.12878,0.12747,0.12618,0.12490
340,1,91,0.18205,0.18041,0.17878,0.17717,0.17557,0.17398,0.17240,0.17084,0.16929,0.16775,0.16623,0.16471,0.16321,0.16173,0.16025,0.15879,0.15734,0.15590,0.15447,0.15305,0.15165,0.15026,0.14888,0.14751,0.14615,0.14481,0.14347
340,1,92,0.20730,0.20566,0.20403,0.20241,0.20080,0.19920,0.19761,0.19603,0.19446,0.19290,0.19135,0.18981,0.18828,0.18675,0.18524,0.18374,0.18224,0.18076,0.17928,0.17782,0.17636,0.17491,0.17347,0.17204,0.17062,0.16921,0.16781
340,1,93,0.23628,0.23468,0.23308,0.23149,0.22990,0.22832,0.22674,0.22517,0.22361,0.22205,0.22050,0.21895,0.21741,0.21588,0.21435,0.21283,0.21131,0.20980,0.20830,0.20680,0.20531,0.20383,0.20235,0.20088,0.19941,0.19795,0.19650
340,1,94,0.26401,0.26252,0.26102,0.25952,0.25803,0.25653,0.25504,0.25355,0.25206,0.25057,0.24909,0.24760,0.24612,0.24464,0.24316,0.24168,0.24021,0.23874,0.23727,0.23580,0.23433,0.23287,0.23141,0.22995,0.22850,0.22704,0.22560
340,1,95,0.29212,0.29079,0.28945,0.28810,0.28675,0.28538,0.28401,0.28264,0.28125,0.27986,0.27846,0.27706,0.27564,0.27423,0.27280,0.27137,0.26994,0.26850,0.26705,0.26560,0.26414,0.26268,0.26122,0.25974,0.25827,0.25679,0.25531
340,1,96,0.33255,0.33141,0.33024,0.32907,0.32787,0.32666,0.32544,0.32420,0.32294,0.32167,0.32039,0.31909,0.31777,0.31645,0.31510,0.31375,0.31238,0.31100,0.30960,0.30819,0.30677,0.30534,0.30389,0.30244,0.30097,0.29949,0.29800
340,1,97,0.36635,0.36550,0.36462,0.36372,0.36279,0.36184,0.36086,0.35986,0.35884,0.35779,0.35672,0.35562,0.35450,0.35336,0.35220,0.35101,0.34980,0.34857,0.34732,0.34605,0.34475,0.34344,0.34210,0.34075,0.33937,0.33798,0.33656
340,1,98,0.39636,0.39588,0.39537,0.39482,0.39424,0.39362,0.39297,0.39229,0.39158,0.39083,0.39005,0.38923,0.38839,0.38751,0.38660,0.38566,0.38468,0.38368,0.38264,0.38157,0.38048,0.37935,0.37819,0.37700,0.37579,0.37454,0.37326
340,1,99,0.43532,0.43529,0.43520,0.43508,0.43491,0.43469,0.43443,0.43413,0.43378,0.43339,0.43296,0.43248,0.43196,0.43139,0.43079,0.43014,0.42944,0.42871,0.42793,0.42711,0.42625,0.42534,0.42440,0.42341,0.42238,0.42131,0.42021
340,2,80,0.03277,0.03236,0.03195,0.03154,0.03113,0.03072,0.03031,0.02990,0.02949,0.02908,0.02868,0.02827,0.02786,0.02745,0.02705,0.02664,0.02624,0.02584,0.02544,0.02504,0.02465,0.02425,0.02386,0.02347,0.02308,0.02270,0.02231
340,2,81,0.03713,0.03667,0.03621,0.03574,0.03528,0.03482,0.03436,0.03390,0.03344,0.03298,0.03252,0.03206,0.03160,0.03115,0.03070,0.03024,0.02979,0.02935,0.02890,0.02845,0.02801,0.02757,0.02714,0.02670,0.02627,0.02584,0.02541
340,2,82,0.04204,0.04152,0.04100,0.04048,0.03996,0.03944,0.03893,0.03841,0.03790,0.03738,0.03687,0.03636,0.03585,0.03534,0.03484,0.03434,0.03384,0.03334,0.03284,0.03235,0.03186,0.03137,0.03089,0.03040,0.02992,0.02945,0.02898
340,2,83,0.04806,0.04747,0.04688,0.04630,0.04571,0.04513,0.04455,0.04397,0.04339,0.04281,0.04224,0.04167,0.04110,0.04053,0.03996,0.03940,0.03884,0.03828,0.03773,0.03718,0.03663,0.03609,0.03555,0.03501,0.03448,0.03394,0.03342
340,2,84,0.05422,0.05356,0.05291,0.05226,0.05162,0.05097,0.05033,0.04969,0.04905,0.04842,0.04778,0.04715,0.04653,0.04590,0.04528,0.04466,0.04405,0.04344,0.04283,0.04222,0.04162,0.04103,0.04043,0.03984,0.03926,0.03868,0.03810
340,2,85,0.06248,0.06174,0.06101,0.06028,0.05955,0.05883,0.05811,0.05739,0.05667,0.05596,0.05525,0.05455,0.05385,0.05315,0.05246,0.05177,0.05108,0.05040,0.04972,0.04905,0.04838,0.04771,0.04705,0.04639,0.04574,0.04510,0.04445
340,2,86,0.07149,0.07068,0.06986,0.06905,0.06825,0.06745,0.06665,0.06585,0.06506,0.06427,0.06349,0.06271,0.06194,0.06117,0.06040,0.05964,0.05889,0.05813,0.05739,0.05665,0.05591,0.05518,0.05445,0.05373,0.05301,0.05230,0.05159
340,2,87,0.08134,0.08045,0.07955,0.07867,0.07778,0.07691,0.07603,0.07516,0.07430,0.07344,0.07259,0.07174,0.07089,0.07005,0.06922,0.06839,0.06757,0.06675,0.06593,0.06513,0.06432,0.06353,0.06274,0.06195,0.06117,0.06039,0.05963
340,2,88,0.09363,0.09265,0.09167,0.09069,0.08972,0.08876,0.08780,0.08684,0.08590,0.08495,0.08402,0.08309,0.08216,0.08124,0.08033,0.07942,0.07852,0.07762,0.07673,0.07585,0.07497,0.07410,0.07323,0.07237,0.07152,0.07067,0.06983
340,2,89,0.10809,0.10701,0.10594,0.10488,0.10382,0.10276,0.10171,0.10067,0.09964,0.09861,0.09759,0.09657,0.09557,0.09456,0.09357,0.09258,0.09160,0.09062,0.08965,0.08869,0.08773,0.08678,0.08584,0.08490,0.08397,0.08305,0.08213
340,2,90,0.12498,0.12381,0.12265,0.12149,0.12034,0.11920,0.11807,0.11694,0.11582,0.11470,0.11360,0.11250,0.11141,0.11032,0.10924,0.10817,0.10711,0.10605,0.10500,0.10396,0.10293,0.10190,0.10088,0.09987,0.09886,0.09786,0.09687
340,2,91,0.14244,0.14120,0.13997,0.13875,0.13753,0.13632,0.13512,0.13393,0.13274,0.13157,0.13040,0.12923,0.12808,0.12693,0.12580,0.12466,0.12354,0.12243,0.12132,0.12022,0.11912,0.11804,0.11696,0.11589,0.11482,0.11377,0.11272
340,2,92,0.16321,0.16190,0.16061,0.15932,0.15804,0.15677,0.15551,0.15425,0.15301,0.15177,0.15054,0.14932,0.14811,0.14690,0.14570,0.14452,0.14334,0.14216,0.14100,0.13984,0.13869,0.13755,0.13642,0.13529,0.13418,0.13307,0.13196
340,2,93,0.18699,0.18563,0.18428,0.18295,0.18162,0.18030,0.17899,0.17769,0.17639,0.17511,0.17383,0.17257,0.17131,0.17006,0.16882,0.16759,0.16636,0.16515,0.16394,0.16274,0.16155,0.16037,0.15919,0.15802,0.15687,0.15572,0.15457
340,2,94,0.21207,0.21070,0.20933,0.20798,0.20663,0.20529,0.20397,0.20265,0.20134,0.20004,0.19875,0.19747,0.19620,0.19494,0.19368,0.19244,0.19120,0.18997,0.18875,0.18754,0.18634,0.18515,0.18396,0.18279,0.18162,0.18046,0.17931
340,2,95,0.23707,0.23572,0.23437,0.23303,0.23170,0.23038,0.22906,0.22775,0.22645,0.22516,0.22387,0.22258,0.22131,0.22004,0.21877,0.21752,0.21627,0.21503,0.21379,0.21256,0.21133,0.21012,0.20891,0.20770,0.20650,0.20531,0.20412
340,2,96,0.26875,0.26744,0.26612,0.26481,0.26351,0.26222,0.26093,0.25964,0.25836,0.25709,0.25582,0.25456,0.25330,0.25205,0.25080,0.24956,0.24833,0.24710,0.24587,0.24465,0.24344,0.24223,0.24103,0.23983,0.23864,0.23745,0.23627
340,2,97,0.29810,0.29688,0.29566,0.29444,0.29323,0.29202,0.29081,0.28961,0.28841,0.28722,0.28603,0.28485,0.28367,0.28249,0.28132,0.28015,0.27899,0.27783,0.27667,0.27552,0.27437,0.27322,0.27208,0.27095,0.26981,0.26868,0.26756
340,2,98,0.33787,0.33675,0.33563,0.33452,0.33341,0.33230,0.33119,0.33008,0.32898,0.32788,0.32678,0.32569,0.32460,0.32351,0.32242,0.32133,0.32025,0.31917,0.31809,0.31702,0.31595,0.31488,0.31381,0.31275,0.31168,0.31062,0.30957
340,2,99,0.36714,0.36622,0.36529,0.36437,0.36345,0.36252,0.36160,0.36068,0.35976,0.35884,0.35792,0.35701,0.35609,0.35517,0.35426,0.35334,0.35243,0.35152,0.35060,0.34969,0.34878,0.34787,0.34696,0.34606,0.34515,0.34424,0.34334
