Region,InrikesUtrikes,Kon,Alder,000005RC 2024,000005RC 2025,000005RC 2026,000005RC 2027,000005RC 2028,000005RC 2029,000005RC 2030,000005RC 2031,000005RC 2032,000005RC 2033,000005RC 2034,000005RC 2035,000005RC 2036,000005RC 2037,000005RC 2038,000005RC 2039,000005RC 2040,000005RC 2041,000005RC 2042,000005RC 2043,000005RC 2044,000005RC 2045,000005RC 2046,000005RC 2047,000005RC 2048,000005RC 2049,000005RC 2050
2580,83,1,0,331.2580,326.5212,324.5999,321.5272,325.9656,330.5905,335.7785,341.6637,348.3322,355.4458,356.2335,358.0541,359.8016,362.1884,364.9636,367.9640,371.0389,373.4680,375.6983,377.5716,379.0720,380.1331,380.7712,380.9513,380.7119,379.9768,378.7027
2580,83,1,1,369.4717,334.4429,329.7030,327.7687,324.7098,329.1075,333.7102,338.8665,344.7157,351.3529,358.4574,359.2974,361.1595,362.9721,365.4225,368.2589,371.3293,374.4057,376.8345,379.0683,380.9455,382.4507,383.5189,384.1661,384.3575,384.1340,383.4089
2580,83,1,2,351.6579,371.3785,337.6298,332.8786,330.9392,327.9085,332.2760,336.8578,341.9852,347.8221,354.4508,361.5533,362.4436,364.3648,366.2217,368.7359,371.6330,374.7072,377.8009,380.2318,382.4666,384.3437,385.8556,386.9282,387.5715,387.7719,387.5526
2580,83,1,3,386.3279,355.3497,373.6248,340.8684,336.1234,334.1785,331.1731,335.5292,340.1085,345.2345,351.0734,357.7175,364.8203,365.7620,367.7302,369.6549,372.2341,375.1401,378.2133,381.3083,383.7418,385.9727,387.8576,389.3774,390.4513,391.1038,391.3025
2580,83,1,4,413.6551,388.8436,358.3500,375.4444,343.4668,338.7162,336.7729,333.7843,338.1377,342.7197,347.8522,353.7018,360.3561,367.4822,368.4897,370.5116,372.4933,375.0648,377.9718,381.0488,384.1485,386.5809,388.8231,390.7054,392.2249,393.2986,393.9473
2580,83,1,5,403.2330,414.9610,391.5360,361.3498,377.4774,346.1092,341.3475,339.4018,336.4351,340.7964,345.3855,350.5456,356.4119,363.0960,370.2523,371.3164,373.4042,375.3804,377.9438,380.8590,383.9363,387.0572,389.4956,391.7432,393.6260,395.1512,396.2203
2580,83,1,6,395.0062,406.1353,416.3968,393.9979,364.0181,379.3592,348.5033,343.7428,341.8009,338.8546,343.2348,347.8261,353.0020,358.8954,365.6042,372.8036,373.9065,375.9915,377.9636,380.5322,383.4401,386.5146,389.6364,392.0846,394.3256,396.2169,397.7363
2580,83,1,7,397.1854,396.6038,408.3049,417.4293,395.8390,366.0568,380.7302,350.3212,345.5635,343.6315,340.7076,345.0946,349.7009,354.8999,360.8088,367.5348,374.7631,375.8519,377.9278,379.8951,382.4571,385.3618,388.4327,391.5507,393.9945,396.2371,398.1254
2580,83,1,8,435.7671,398.7222,397.7106,409.8096,418.0914,397.1322,367.5782,381.7147,351.6917,346.9408,345.0215,342.1131,346.5123,351.1320,356.3441,362.2734,369.0200,376.2199,377.2929,379.3444,381.3073,383.8570,386.7471,389.8079,392.9277,395.3700,397.6080
2580,83,1,9,427.3685,435.3390,399.7994,398.3557,410.7847,418.4120,398.0040,368.6576,382.3198,352.6333,347.9038,345.9889,343.1044,347.5017,352.1423,357.3541,363.3039,370.0057,377.1671,378.2258,380.2575,382.2033,384.7333,387.6324,390.6894,393.7994,396.2439
2580,83,1,10,455.1730,427.5881,435.0632,400.7115,398.8500,411.5719,418.6523,398.7359,369.5483,382.7961,353.4001,348.6720,346.7678,343.9002,348.3106,352.9647,358.1899,364.1053,370.7745,377.8996,378.9357,380.9511,382.8881,385.4128,388.2931,391.3538,394.4597
2580,83,1,11,433.4389,454.5326,427.8726,434.9395,401.5396,399.2812,412.2991,418.8284,399.4479,370.3155,383.1655,354.0610,349.3361,347.4414,344.5904,349.0033,353.6604,358.8504,364.7247,371.3707,378.4664,379.4861,381.4864,383.4191,385.9261,388.7981,391.8569
2580,83,1,12,413.2721,432.7616,454.3961,428.5768,435.2593,402.6413,399.9769,413.3222,419.2721,400.4533,371.3017,383.7679,354.9412,350.2134,348.3152,345.4676,349.8823,354.5049,359.6657,365.5167,372.1270,379.2041,380.2060,382.1953,384.1097,386.6144,389.4860
2580,83,1,13,457.6652,413.9925,432.7529,454.7319,429.6584,436.0327,404.0614,400.9631,414.6836,420.0818,401.7873,372.5853,384.6735,356.0825,351.3423,349.4323,346.5811,350.9674,355.5573,360.6912,366.5197,373.1094,380.1631,381.1559,383.1294,385.0365,387.5287
2580,83,1,14,445.7637,456.9934,414.2147,432.2984,454.5468,430.2260,436.2539,404.8851,401.3898,415.5133,420.3964,402.6046,373.3858,385.1483,356.7805,352.0382,350.1327,347.2492,351.5870,356.1413,361.2371,367.0310,373.5901,380.6115,381.5857,383.5489,385.4470
2580,83,1,15,449.9708,446.4616,457.3930,415.3290,432.8073,455.2518,431.7182,437.3139,406.5182,402.6216,417.1978,421.6068,404.3487,375.0060,386.4727,358.3191,353.5803,351.6373,348.7217,353.0141,357.5489,362.6115,368.3768,374.9109,381.9135,382.8522,384.8050
2580,83,1,16,452.0320,452.5468,448.7329,459.4176,418.0631,434.9765,457.5148,434.7875,439.9075,409.6553,405.3929,420.4119,424.3942,407.7160,378.1835,389.3407,361.4488,356.6645,354.6788,351.7193,355.9968,360.4938,365.5434,371.2764,377.8002,384.7806,385.7060
2580,83,1,17,480.0861,463.6327,464.4963,460.8717,470.7693,430.4604,446.7525,469.2825,447.4453,452.2874,422.3222,417.7841,432.9779,436.4261,420.3889,390.1033,400.4928,372.7978,367.9103,365.8366,362.7964,367.1469,371.7075,376.8325,382.6774,389.3105,396.4380
2580,83,1,18,489.2672,527.0614,512.2958,513.5400,511.8540,519.0807,480.8278,496.2928,518.8160,498.3765,503.5972,472.9710,468.1301,482.7587,484.8242,469.9421,436.2085,443.6162,416.1449,410.6286,408.3233,404.9949,409.7835,414.8234,420.4822,426.9335,434.2811
2580,83,1,19,535.1290,588.8487,623.6464,612.3513,614.1391,616.9435,618.5269,584.1337,598.3080,620.7039,602.5740,609.0773,576.5485,571.3058,584.2890,583.6431,570.9227,529.8327,531.1033,503.9237,497.1581,494.3456,490.4837,496.2060,502.2611,509.0805,516.8939
2580,83,1,20,602.0329,637.9207,691.7414,723.1624,715.7914,718.4147,726.3738,721.3132,691.9719,704.4884,726.2471,711.0142,718.9553,684.6751,679.0768,689.9255,686.1732,676.2113,627.4441,621.6411,595.2391,587.1665,583.8376,579.4466,586.1604,593.2891,601.3388
2580,83,1,21,665.3949,670.0857,700.8360,753.0162,781.0703,776.8314,780.2218,792.0252,781.7236,757.3023,768.1124,788.6779,776.1661,785.0048,750.3244,744.5925,753.5152,747.3559,740.0069,686.7008,675.4921,650.4627,641.6289,638.0141,633.3544,640.6540,648.4250
2580,83,1,22,666.8151,685.8758,692.5611,718.7590,767.7937,792.7235,790.7457,794.5034,808.5162,794.9073,774.7726,783.9547,802.9933,792.5490,801.7853,768.1811,762.6728,769.8879,762.4474,757.0606,702.9120,688.5320,665.4042,656.4330,652.7819,648.1499,655.5689
2580,83,1,23,693.3076,655.0161,673.1636,680.5984,702.7866,747.6160,769.6411,769.2746,773.0686,787.9642,772.6375,756.3222,764.0210,781.2213,772.3326,781.6107,750.2175,745.2155,750.8229,743.0353,738.9795,686.8493,671.0936,650.2489,641.6173,638.1352,633.7511
2580,83,1,24,680.0288,651.1609,619.8688,636.6227,644.0478,662.6556,702.5562,721.8030,722.5754,726.2673,741.0169,725.2259,712.4343,718.7984,733.9209,726.3335,735.4004,706.9679,702.6676,706.7053,699.2651,696.0858,648.0069,632.1736,613.8885,605.9144,602.7286
2580,83,1,25,683.4940,632.4059,606.0131,580.6178,595.9210,603.2684,618.9039,654.4079,671.1550,672.7964,676.3631,690.5337,675.0414,665.1768,670.5425,683.7725,677.4713,686.0673,660.5850,656.8764,659.6480,652.7141,650.2126,606.3262,590.8867,574.8932,567.6016
2580,83,1,26,598.6307,638.1534,593.0579,569.0922,548.4033,562.5110,569.9383,583.3057,615.5313,630.2399,632.5434,636.0756,649.6664,634.7269,627.0550,631.7358,643.6082,638.3823,646.5159,623.3917,620.0762,621.9974,615.4023,613.4886,572.8525,557.7651,543.5314
2580,83,1,27,524.8931,569.6962,605.4979,565.7145,543.8759,526.7995,540.0663,547.6947,559.4301,589.3424,602.5245,605.3578,608.9434,622.1510,607.6862,601.6388,605.8836,616.6858,612.3472,620.1633,598.6896,595.5951,596.9970,590.5555,589.1125,550.6633,535.7815
2580,83,1,28,563.8497,511.0176,549.8476,582.3931,547.2178,527.1351,512.9194,525.5851,533.4646,544.0012,572.3094,584.3194,587.6063,591.2909,604.2779,590.2011,585.3188,589.2321,599.2498,595.6277,603.2359,582.9480,579.9813,581.0459,574.6299,573.5720,536.5646
2580,83,1,29,555.7495,549.9921,501.9133,536.1198,565.8226,534.6729,515.9543,503.9559,516.2031,524.3668,533.9933,561.1561,572.2495,575.9245,579.7571,592.5569,578.8424,574.7173,578.4373,587.8178,584.8189,592.2721,572.8748,569.9650,570.7779,564.3682,563.6288
2580,83,1,30,621.7720,546.9112,540.0022,495.6002,526.1211,553.0076,525.7201,508.1506,497.9531,509.9220,518.3788,527.2704,553.6444,564.0036,568.0271,572.0095,584.6776,571.1916,567.6285,571.2219,580.1022,577.6771,584.9926,566.2740,563.4091,564.0296,557.5945
2580,83,1,31,580.0628,610.9509,540.2542,532.3331,490.8835,518.2129,542.2651,518.7235,502.2733,493.6154,505.3606,514.1407,522.4586,548.2702,558.0224,562.3807,566.4908,578.9765,565.6924,562.5568,566.0824,574.5994,572.6452,579.8727,561.6823,558.8025,559.2994
2580,83,1,32,629.1474,576.6909,602.0446,534.7440,525.9860,486.9713,511.4640,532.8157,512.7729,497.4320,490.1437,501.7190,510.7932,518.6443,544.0347,553.2828,557.9572,562.0770,574.4028,561.3011,558.5174,562.0035,570.2419,568.6836,575.8583,558.0624,555.1851
2580,83,1,33,625.6624,625.3768,574.8342,595.7534,531.0690,521.6692,484.5781,506.6381,525.6165,508.6553,494.3496,488.2552,499.7224,509.0592,516.5460,541.6484,550.5179,555.3734,559.4844,571.7186,558.7428,556.2493,559.7043,567.7362,566.5323,573.6823,556.2087
2580,83,1,34,592.1163,626.2057,623.7600,574.7101,591.8759,529.2242,519.2271,483.6893,503.6101,520.3420,506.3512,493.0059,487.9741,499.4100,509.0140,516.1932,541.1784,549.6461,554.6573,558.8100,571.0142,558.0687,555.8201,559.2688,567.1740,566.3034,573.4703
2580,83,1,35,578.2986,592.2521,626.8895,622.5222,574.8152,588.8175,527.8519,517.2749,483.0363,501.0345,515.6113,504.4638,492.0340,487.9555,499.4644,509.2708,516.1919,541.0002,549.1451,554.3163,558.5005,570.7168,557.7467,555.7242,559.1836,566.9855,566.4029
2580,83,1,36,602.3523,576.0373,590.7725,625.6495,619.7207,573.3314,584.6393,525.2105,514.0852,480.9362,497.1794,509.6162,501.2151,489.7271,486.5089,498.0949,508.0798,514.6930,539.3082,547.1483,552.4545,556.6886,568.9142,555.9009,554.0960,557.5729,565.2764
2580,83,1,37,570.5194,597.0872,572.5779,588.1196,622.9485,615.8140,570.6549,579.6717,521.6265,509.9806,477.7871,492.4748,503.0490,497.0051,486.3888,483.9432,495.6091,505.6219,511.9448,536.3724,543.9538,549.3771,553.6528,565.8850,552.8535,551.2113,554.7302
2580,83,1,38,520.5947,566.3164,593.1552,570.0107,586.3629,620.9638,612.8965,568.7200,575.8845,518.9150,506.7945,475.3487,488.7847,497.9196,493.7255,483.8159,482.0256,493.6920,503.7430,509.8300,534.1081,541.4638,546.9916,551.3256,563.5556,550.4979,549.0247
2580,83,1,39,499.7701,517.5865,563.3667,590.3329,568.2770,585.3449,619.5394,610.7604,567.3830,573.1414,517.0064,504.5286,473.7132,486.1943,494.3138,491.4780,482.0832,480.7632,492.4201,502.4935,508.3713,532.5274,539.6933,545.2983,549.6703,561.8941,548.8440
2580,83,1,40,471.9871,497.4528,514.6297,560.1969,587.1891,566.1545,583.7188,617.4187,608.1707,565.5399,570.2006,514.8681,502.1322,471.8890,483.6265,490.9567,489.1623,480.1542,479.2196,490.8228,500.8923,506.6038,530.5936,537.5822,543.2391,547.6288,559.8176
2580,83,1,41,488.3169,469.7616,495.1111,511.5313,556.8757,583.9477,563.8086,581.7456,614.9668,605.3432,563.4570,567.1675,512.6023,499.6631,469.9446,481.0158,487.6559,486.7385,478.0879,477.4532,489.0193,499.0763,504.6287,528.4471,535.2841,540.9700,545.3810
2580,83,1,42,432.7614,485.8007,466.7987,491.9651,507.6207,552.8045,580.0167,560.6477,578.9181,611.6911,601.7223,560.5542,563.4142,509.5684,496.4860,467.2567,477.6929,483.6032,483.5439,475.2466,474.8771,486.4060,496.4381,501.8425,525.4871,532.1799,537.8839
2580,83,1,43,444.0025,431.3397,483.0104,463.6731,488.5203,503.5572,548.4899,575.8157,557.1480,575.7368,608.0593,597.7544,557.2633,559.3858,506.2751,493.0556,464.3025,474.1417,479.4272,480.1093,472.1269,471.9804,483.4530,493.4327,498.7057,522.1750,528.7204
2580,83,1,44,489.1642,443.0224,431.0178,481.3673,461.7547,486.3091,500.8855,545.5398,572.9999,555.0144,573.9075,605.7910,595.1496,555.2635,556.7054,504.2421,490.8585,462.4998,471.8404,476.6316,477.9065,470.1681,470.2312,481.6513,491.6127,496.7574,520.0615
2580,83,1,45,446.1881,488.9495,443.4874,432.1319,481.3542,461.4923,485.8097,500.0382,544.5117,572.1114,554.7357,573.9594,605.4366,594.4779,555.0994,555.9336,503.9422,490.3800,462.3157,471.2396,475.6513,477.4315,469.8853,470.1133,481.5151,491.4670,496.5112
2580,83,1,46,442.5832,446.2571,488.8970,443.9298,433.1859,481.4679,461.3352,485.4740,499.4067,543.7466,571.4575,554.6041,574.1420,605.1799,593.9571,555.0398,555.3658,503.7072,490.0400,462.2224,470.7993,474.8813,477.0722,469.6876,470.0691,481.4480,491.4029
2580,83,1,47,459.5199,442.0962,446.1666,488.7118,444.1475,434.0336,481.4837,461.0834,485.1256,498.7914,543.0225,570.8618,554.4617,574.3063,604.8756,593.4544,554.8938,554.7845,503.3675,489.6437,462.0175,470.2609,474.0299,476.6208,469.3794,469.9148,481.2861
2580,83,1,48,501.9939,458.5763,440.9188,445.5783,487.8042,443.6845,434.0854,480.7253,460.1930,484.1554,497.5422,541.6116,569.6035,553.6286,573.7456,603.8766,592.2853,554.0349,553.5362,502.3571,488.5776,461.1247,469.0558,472.4791,475.4753,468.4065,469.0980
2580,83,1,49,477.1206,498.8982,456.5544,438.6275,443.9087,485.6450,442.0874,432.9062,478.6849,458.0906,481.9134,495.0193,538.9141,567.0541,551.4899,571.8713,601.6066,589.8507,551.9385,551.0618,500.1635,486.2939,459.0237,466.6054,469.6144,473.0983,466.2214
2580,83,1,50,491.9795,474.4847,495.2090,453.8626,435.7242,441.5224,482.7472,439.8493,430.9466,475.8417,455.2705,478.8572,491.7025,535.4051,563.6597,548.5215,569.1437,598.4882,586.6011,549.0539,547.7947,497.2575,483.2715,456.2016,463.4117,465.9920,469.9738
2580,83,1,51,493.6173,490.1673,472.1346,492.0119,451.4964,433.3009,439.4970,480.2403,438.0205,429.3730,473.4210,452.9474,476.3121,488.9412,532.3605,560.7011,545.9822,566.8069,595.7126,583.7578,546.5704,544.9827,494.8081,480.7301,453.8677,460.7953,463.0445
2580,83,1,52,487.7970,491.8512,488.1211,469.7520,488.8907,449.1568,431.0505,437.5458,477.8256,436.2258,427.8901,471.1171,450.8388,473.9775,486.3975,529.4835,557.8329,543.4930,564.4316,592.8878,580.9067,544.0882,542.2475,492.4770,478.3312,451.7311,458.4507
2580,83,1,53,481.9050,485.1894,489.5194,485.5813,467.0044,485.4260,446.4123,428.5366,435.2719,475.0672,434.0585,426.0764,468.4980,448.4054,471.3405,483.5666,526.3227,554.5912,540.6176,561.6403,589.6244,577.6506,541.2186,539.1334,489.7967,475.6444,449.2713
2580,83,1,54,495.5562,480.1246,482.9667,487.5074,483.3221,464.5395,482.2153,443.8691,426.2446,433.1979,472.5516,432.1088,424.4815,466.1411,446.1654,468.9298,480.9923,523.4530,551.7018,538.0756,559.2514,586.7960,574.7711,538.6947,536.3625,487.3319,473.1664
2580,83,1,55,498.6771,493.7246,479.0070,481.3809,486.1044,481.6840,462.7207,479.6217,441.9096,424.4889,431.6381,470.6199,430.7133,423.4645,464.3486,444.5245,467.1830,479.0575,521.2479,549.5437,536.2787,557.6510,584.7592,572.6547,536.8824,534.2885,485.4935
2580,83,1,56,503.1006,497.4000,492.1662,478.0899,480.0254,484.8429,480.2724,461.2017,477.3496,440.2668,423.0999,430.2947,469.0067,429.6426,422.7894,462.8875,443.2505,465.8358,477.5440,519.4119,547.7543,534.8874,556.4634,583.1000,570.9408,535.4296,532.6032
2580,83,1,57,583.5973,501.3408,495.2800,489.9187,476.4313,477.9859,482.8720,478.2274,459.0969,474.5943,438.1312,421.2637,428.4519,466.9054,428.0871,421.6340,460.9266,441.5163,463.9932,475.5637,517.0274,545.3839,532.8647,554.5859,580.7417,568.5705,533.3702
2580,83,1,58,523.0087,579.1585,498.5672,492.2262,486.7828,473.8566,475.0593,480.0199,475.3708,456.2424,471.1665,435.2943,418.7575,425.9031,464.0553,425.7789,419.7256,458.1982,439.0294,461.3675,472.7971,513.8294,542.1538,529.9611,551.7489,577.4389,565.2828
2580,83,1,59,541.1634,518.7293,573.4729,494.5588,488.0784,482.5795,470.1804,471.0692,476.0993,471.4852,452.4344,466.8105,431.5321,415.3490,422.4454,460.2368,422.5579,416.8644,454.4943,435.5975,457.7322,469.0201,509.5831,537.8089,525.9187,547.7075,572.9279
2580,83,1,60,526.0501,535.7566,513.9271,567.3393,490.0537,483.4800,477.9937,466.1080,466.7410,471.7975,467.2326,448.3331,462.1941,427.5230,411.7469,418.7565,456.1628,419.0704,413.7356,450.5462,431.9426,453.8683,465.0209,505.0914,533.1625,521.5771,543.3303
2580,83,1,61,515.7196,520.4041,529.7610,508.5338,560.6672,484.9756,478.2800,472.9092,461.4775,461.9039,466.9569,462.4764,443.7382,457.0540,423.0272,407.6383,414.5968,451.5703,415.0861,410.0859,446.0997,427.8032,449.4930,460.5282,500.0721,528.0025,516.6947
2580,83,1,62,488.2777,508.4720,513.7311,522.8434,502.1106,553.0371,478.9859,472.1831,466.9074,455.8964,456.1959,461.1930,456.7999,438.1969,451.0313,417.6370,402.5737,409.5123,445.9639,410.1469,405.4165,440.6468,422.6774,444.1276,455.0181,494.0274,521.7436
2580,83,1,63,413.8291,480.5514,500.2424,506.0642,514.9244,494.6441,544.3713,472.0577,465.1628,459.9236,449.4244,449.5910,454.5945,450.2243,431.7915,444.1463,411.4397,396.6049,403.5819,439.4544,404.3569,399.8262,434.2970,416.6662,437.8141,448.5753,487.0011
2580,83,1,64,430.8297,407.2033,472.4010,491.6377,497.9792,506.5773,486.7703,535.3236,464.8211,457.8563,452.5254,442.5998,442.6380,447.6901,443.3575,425.0831,436.9945,405.0515,390.3460,397.4138,432.6859,398.3164,393.9678,427.6950,410.4238,431.2634,441.8711
2580,83,1,65,416.9282,424.1227,401.0412,464.7144,483.5303,490.3397,498.6668,479.3860,526.7664,458.0876,451.0115,445.6126,436.2490,436.1672,441.2433,436.9440,418.7996,430.2717,399.0625,384.5106,391.6780,426.3869,392.6871,388.5574,421.5564,404.6337,425.1867
2580,83,1,66,421.8161,411.1089,417.7290,395.2334,457.4688,475.8866,483.0883,491.2226,472.4074,518.6955,451.7659,444.5820,439.2070,430.3243,430.1457,435.2405,431.0244,412.9693,424.0440,393.5373,379.1818,386.4214,420.6188,387.5622,383.6635,415.9472,399.3894
2580,83,1,67,407.2596,416.0756,405.6840,411.8539,389.9535,450.9106,468.9639,476.4897,484.5405,466.1352,511.4374,446.0811,438.8308,433.5507,425.0722,424.8515,429.9119,425.8343,407.9149,418.6292,388.7317,374.6326,381.9124,415.6583,383.2078,379.5212,411.1643
2580,83,1,68,388.4297,401.4756,410.2820,400.2350,405.8237,384.5621,444.2688,462.0348,469.7754,477.7895,459.7855,504.1271,440.3026,433.0006,427.8082,419.7176,419.4320,424.4811,420.5368,402.7125,413.0603,383.7708,369.9190,377.2076,410.5105,378.6684,375.1392
2580,83,1,69,381.4321,382.5892,395.4027,404.2032,394.5349,399.5044,378.8719,437.3667,454.8553,462.7718,470.7133,453.1493,496.5442,434.2279,426.8818,421.7943,414.0774,413.7121,418.7332,414.9159,397.1501,407.1466,378.4680,364.8271,372.1486,404.9741,373.7343
2580,83,1,70,422.9272,375.7198,376.7479,389.3902,398.1432,388.8582,393.3887,373.3730,430.6691,447.8975,455.9731,463.9020,446.7767,489.2836,428.3390,421.0020,416.1046,408.6835,408.2957,413.2286,409.5636,391.9603,401.6373,373.5225,360.1876,367.4978,399.8699
2580,83,1,71,384.9723,415.9123,370.0001,371.0108,383.4533,392.1644,383.2652,387.4709,368.0666,424.1880,441.1331,449.3824,457.3317,440.6515,482.3112,422.6266,415.3104,410.6776,403.4789,403.1401,407.9267,404.4445,387.0734,396.4578,368.8646,355.8534,363.1691
2580,83,1,72,381.3011,378.7019,408.6744,364.0799,365.1035,377.3077,385.9758,377.5279,381.3683,362.5853,417.5426,434.1731,442.6402,450.6164,434.3917,475.1709,416.7422,409.4933,405.1075,398.1369,397.8422,402.5051,399.1998,382.0615,391.1681,364.0824,351.4138
2580,83,1,73,366.8691,374.2165,372.0267,401.0778,357.8285,358.8376,370.8291,379.4808,371.4668,374.9960,356.8112,410.6239,426.9212,435.6038,443.6124,427.8243,467.7453,410.5746,403.4564,399.2753,392.5385,392.2886,396.8674,393.7556,376.8619,385.7095,359.1476
2580,83,1,74,389.1544,358.9944,366.3220,364.5167,392.7039,350.8524,351.8447,363.7072,372.2718,364.6879,368.0093,350.4304,403.0335,419.0463,427.8936,435.8974,420.5796,459.6510,403.8025,396.8845,392.8963,386.4168,386.2271,390.7450,387.8703,371.2596,379.8729
2580,83,1,75,394.0839,379.7454,350.6899,357.9422,356.4859,383.8660,343.4334,344.4813,356.1763,364.6591,357.4768,360.7152,343.7701,395.1511,410.9228,419.8412,427.8334,412.9738,451.2222,396.7496,390.0483,386.3151,380.0662,379.9766,384.4352,381.8271,365.5619
2580,83,1,76,368.2714,383.8731,370.0741,342.1647,349.3488,348.2186,374.7942,335.8014,336.9537,348.4134,356.8876,350.0749,353.2334,336.9719,387.0977,402.6410,411.6397,419.6226,405.2099,442.6452,389.5347,383.0378,379.5894,373.5531,373.5962,377.9598,375.6193
2580,83,1,77,362.0862,357.8460,372.9240,359.7156,332.9527,340.0630,339.2822,365.0219,327.5444,328.7777,339.9682,348.4576,341.9891,345.0195,329.5185,378.2721,393.5866,402.6692,410.6456,396.7007,433.2593,381.5966,375.3133,372.1468,366.3472,366.5057,370.7924
2580,83,1,78,331.4526,349.8807,346.1122,360.6586,348.1063,322.5577,329.5435,329.1372,354.0043,318.0942,319.4022,330.3314,338.7848,332.6829,335.5572,320.8623,368.1480,383.2183,392.3418,400.2509,386.8919,422.4599,372.3871,366.3364,363.4593,357.9413,358.1847
2580,83,1,79,337.1887,318.8974,336.6668,333.3285,347.3508,335.5130,311.2333,318.0700,318.0600,342.0085,307.6844,309.0670,319.7731,328.1512,322.4222,325.2211,311.3101,357.0470,371.8518,380.9627,388.8128,376.0702,410.5908,362.2019,356.4408,353.8235,348.6193
2580,83,2,0,310.8275,306.4206,304.6313,301.7568,305.9260,310.2751,315.1477,320.6810,326.9389,333.6194,334.3605,336.0772,337.7144,339.9550,342.5581,345.3767,348.2606,350.5346,352.6229,354.3779,355.7887,356.7833,357.3756,357.5395,357.3135,356.6192,355.4208
2580,83,2,1,285.8229,312.0689,307.6917,305.9048,303.0777,307.1924,311.5129,316.3325,321.8233,328.0387,334.6752,335.4713,337.2177,338.9089,341.1912,343.8489,346.7009,349.5916,351.8557,353.9358,355.6892,357.0964,358.0939,358.6872,358.8606,358.6477,357.9641
2580,83,2,2,314.5017,290.8125,315.7137,311.3032,309.5108,306.6976,310.8101,315.1231,319.9432,325.4424,331.6756,338.3250,339.1766,340.9797,342.7300,345.0857,347.7994,350.6671,353.5774,355.8542,357.9470,359.7093,361.1189,362.1179,362.7176,362.9024,362.6940
2580,83,2,3,406.3731,319.6458,296.1627,319.9909,315.5671,313.7493,310.9433,315.0612,319.3874,324.2231,329.7442,336.0072,342.7112,343.6167,345.4824,347.2901,349.7115,352.4534,355.3415,358.2706,360.5632,362.6663,364.4378,365.8585,366.8721,367.4783,367.6704
2580,83,2,4,400.8538,409.1487,323.9247,300.4691,323.5369,319.0735,317.2452,314.4334,318.5559,322.8845,327.7422,333.2833,339.5736,346.3106,347.2612,349.1833,351.0559,353.4865,356.2292,359.1357,362.0763,364.3782,366.4836,368.2599,369.6947,370.7152,371.3258
2580,83,2,5,403.2571,402.2182,410.5013,326.6460,303.1653,325.6443,321.1627,319.3233,316.5145,320.6299,324.9566,329.8127,335.3633,341.6630,348.4112,349.3963,351.3588,353.2334,355.6528,358.3927,361.2993,364.2331,366.5366,368.6510,370.4363,371.8629,372.8862
2580,83,2,6,405.4570,402.9044,402.1539,410.4315,327.8824,304.4141,326.3766,321.9062,320.0752,317.2787,321.3798,325.7045,330.5529,336.0870,342.3844,349.1290,350.1426,352.0973,353.9445,356.3576,359.0844,361.9756,364.9093,367.2012,369.3047,371.0792,372.5090
2580,83,2,7,386.5001,403.5768,401.7364,401.3399,409.6542,328.2604,304.8672,326.3946,321.9376,320.1191,317.3538,321.4358,325.7486,330.5926,336.1246,342.4037,349.1473,350.1462,352.0777,353.9120,356.3050,359.0094,361.8836,364.8048,367.0876,369.1842,370.9492
2580,83,2,8,397.0560,385.2338,401.9814,400.5439,400.4926,408.8358,328.4976,305.1883,326.3311,321.9063,320.1111,317.3830,321.4652,325.7754,330.6172,336.1501,342.4323,349.1168,350.1026,352.0098,353.8236,356.1921,358.8858,361.7482,364.6501,366.9243,369.0011
2580,83,2,9,380.3324,396.6328,384.4225,400.9561,399.7083,399.9447,408.2601,328.9346,305.7443,326.5369,322.1444,320.3735,317.6811,321.7652,326.0880,330.9244,336.4591,342.6933,349.3248,350.2929,352.1742,353.9771,356.3305,359.0082,361.8537,364.7378,366.9948
2580,83,2,10,440.0519,380.1793,396.8287,384.1936,400.6738,399.4520,399.9075,408.1882,329.7150,306.6377,327.1168,322.7532,320.9958,318.3399,322.4234,326.7555,331.5990,337.0885,343.2741,349.8715,350.8204,352.6991,354.4860,356.8176,359.4854,362.3128,365.2007
2580,83,2,11,401.5089,439.4091,380.8715,397.9248,384.8238,401.3010,400.0882,400.6697,408.9096,331.1111,308.1495,328.3222,323.9589,322.2236,319.5817,323.6772,328.0175,332.8357,338.3052,344.4676,351.0299,351.9813,353.8394,355.6137,357.9425,360.6074,363.4325
2580,83,2,12,375.4127,402.6204,439.5065,382.1319,399.5388,386.0473,402.4996,401.2643,401.9249,410.1528,332.9314,310.0558,329.9384,325.5897,323.8507,321.2258,325.3427,329.6702,334.4704,339.9093,346.0540,352.6030,353.5472,355.4024,357.1736,359.4985,362.1649
2580,83,2,13,409.3755,376.8748,403.7378,439.6997,383.3379,400.9999,387.2910,403.5831,402.3233,403.0892,411.2769,334.6608,311.8950,331.4722,327.1336,325.4195,322.8240,326.9072,331.2149,335.9940,341.4228,347.5504,354.0824,355.0226,356.8720,358.6274,360.9561
2580,83,2,14,400.9659,410.3896,377.9099,404.4937,439.5829,384.1189,401.9115,388.0849,404.2287,402.9361,403.7987,411.9308,335.9252,313.2866,332.6268,328.3008,326.6138,324.0083,328.0601,332.3303,337.0852,342.4910,348.5920,355.0857,356.0187,357.8573,359.6103
2580,83,2,15,428.5768,400.6507,410.1184,377.6166,404.0252,438.3706,383.6820,401.6040,387.6015,403.7395,402.3728,403.3694,411.4392,336.0030,313.4972,332.6556,328.3606,326.6463,324.0200,328.0345,332.2701,336.9776,342.3397,348.3987,354.8695,355.7754,357.5996
2580,83,2,16,407.3029,427.1713,400.3733,409.8428,377.3247,403.6181,437.2396,383.3140,401.4190,387.1410,403.3544,401.8464,403.0212,411.0168,336.0964,313.6985,332.6973,328.3777,326.6183,323.9673,327.9366,332.1352,336.8089,342.1263,348.1447,354.5704,355.4622
2580,83,2,17,412.3339,410.8590,429.9230,404.7432,413.9581,381.5664,407.5484,440.2653,387.4960,405.7955,391.1835,407.2982,405.6060,406.8156,414.7623,340.2284,317.8444,336.4482,332.0372,330.2297,327.4984,331.4693,335.6573,340.3415,345.6764,351.7218,358.1734
2580,83,2,18,453.5343,431.4481,430.7377,448.7583,426.9335,434.7922,403.3921,428.2685,459.5543,409.0582,427.5388,412.4009,427.7544,425.6462,426.3534,434.2286,359.9006,337.1730,354.4657,349.7331,347.7483,344.8656,348.9492,353.2792,358.1350,363.6833,369.9979
2580,83,2,19,465.1874,493.1180,472.9478,473.9600,490.7212,474.7694,479.4833,450.8035,473.2691,502.1915,455.8448,474.4618,458.5272,471.9571,469.0111,468.5206,476.2534,402.2724,378.8709,393.2670,387.8926,385.5911,382.3833,386.7720,391.4599,396.7189,402.7788
2580,83,2,20,492.9693,508.8358,535.0142,517.0975,519.9922,535.7189,526.2047,526.9565,502.2732,521.5611,547.5468,506.4789,525.0841,508.4678,519.2786,515.3132,513.4844,520.9597,448.5388,424.8883,435.3430,429.3160,426.7028,423.2038,427.9354,433.0055,438.7190
2580,83,2,21,542.8541,521.1075,533.9809,558.5529,543.0359,547.3802,562.1600,557.8686,555.3065,534.6524,550.7689,573.7541,538.0748,556.4116,539.4844,548.0330,543.2364,540.3539,547.5243,478.1903,454.9544,461.7701,455.3691,452.5899,448.9633,453.8883,459.1860
2580,83,2,22,496.5263,546.8545,530.2008,540.7216,563.8249,550.6832,555.8857,569.7118,569.1862,564.3569,547.1909,560.5000,580.9097,550.0438,567.9219,550.9941,557.9751,552.5781,549.0217,555.8729,490.4766,468.0959,472.0978,465.5940,462.7841,459.1810,464.1463
2580,83,2,23,515.5848,492.8399,537.0798,524.1999,533.0535,554.6318,543.7694,549.3153,562.1376,564.1576,557.9293,543.7516,554.6317,572.8226,546.1319,563.2901,546.7545,552.5733,546.8686,542.9203,549.4776,488.6423,467.4633,469.4075,463.0293,460.2908,456.8316
2580,83,2,24,496.4108,495.8255,478.5715,517.2887,507.1959,514.9077,534.8735,526.0870,531.6443,543.3942,547.0900,540.0998,528.5230,537.3321,553.5096,530.5045,546.7311,530.8593,535.7746,530.0238,525.8849,532.0993,476.2815,456.5327,456.9787,450.8913,448.3010
2580,83,2,25,446.8596,474.6159,474.2062,461.3151,495.2724,487.3475,494.1916,512.7319,505.6308,511.1006,521.9093,526.7016,519.3208,509.8791,517.0658,531.5630,511.6446,526.9011,511.7389,516.0026,510.2975,506.0959,511.9818,460.8076,442.4396,441.8378,436.0732
2580,83,2,26,436.2877,432.1525,456.5055,456.2910,446.7120,476.8609,470.6678,476.8910,494.3358,488.5233,493.9093,503.9760,509.5474,501.9689,494.1594,500.2150,513.4043,495.8023,510.2969,495.7215,499.5039,493.8560,489.6687,495.3015,447.8450,430.5861,429.2591
2580,83,2,27,435.6214,424.5683,420.9614,442.9313,442.8577,435.7858,462.9642,458.2540,463.9960,480.6775,475.8198,481.1695,490.6867,496.8678,489.1863,482.5908,487.9430,500.0273,484.1543,498.1332,483.9804,487.4226,481.8234,477.6836,483.1117,438.4613,422.0584
2580,83,2,28,438.2406,427.5980,417.5710,414.2961,434.7455,434.7620,429.5875,454.5918,451.1366,456.4595,472.6965,468.5361,473.9140,483.0805,489.8416,482.0379,476.3428,481.1992,492.4885,477.8700,491.5808,477.6775,480.8579,475.2781,471.1729,476.4505,433.6842
2580,83,2,29,476.4461,434.2550,423.4530,414.1654,411.0066,430.6303,430.7460,427.0429,450.4573,448.0615,453.0199,469.0891,465.4664,470.8926,479.8677,487.1894,479.2275,474.1098,478.6477,489.4072,475.6789,489.3600,475.5129,478.5263,472.9034,468.7943,473.9935
2580,83,2,30,482.6328,474.7430,433.0117,421.9035,413.2291,410.0847,429.2749,429.4388,426.9347,449.1958,447.6840,452.3595,468.3999,465.1815,470.6899,479.5976,487.4556,479.2308,474.5152,478.8668,489.2738,476.1964,489.9537,476.0696,478.9613,473.2920,469.1447
2580,83,2,31,512.3697,483.4947,475.4855,434.1019,422.5550,414.3010,411.2507,430.1155,430.2883,428.8235,450.2205,449.4743,453.9007,469.9794,467.0958,472.7141,481.6036,489.8359,481.3943,476.9693,481.2115,491.3545,478.7702,492.6530,478.6885,481.5044,475.7630
2580,83,2,32,556.4416,513.9338,484.6945,476.5312,435.5097,423.5318,415.5855,412.6662,431.2532,431.4544,430.8430,451.5932,451.4794,455.6786,471.8374,469.2339,474.9526,483.7900,492.3034,483.6758,479.4998,483.6444,493.5875,481.4081,495.4287,481.3899,484.1498
2580,83,2,33,541.4086,556.3168,514.8026,485.3949,476.9796,436.3229,424.1409,416.3370,413.5791,431.9365,432.1133,432.2502,452.4694,452.8831,456.8969,473.1052,470.7543,476.4674,485.2422,493.9986,485.2316,481.2640,485.3215,495.0797,483.2610,497.3746,483.2964
2580,83,2,34,535.2979,541.5355,556.0746,515.4411,485.9977,477.2578,437.0066,424.7903,417.0060,414.3837,432.5287,432.7393,433.5109,453.2592,454.1437,457.9947,474.2466,472.0183,477.7622,486.4705,495.4158,486.5324,482.7471,486.7256,496.3268,484.8089,498.9775
2580,83,2,35,519.4357,536.3402,542.3567,556.5855,516.6391,487.2855,478.1427,438.2267,425.9691,418.1492,415.6509,433.6405,433.8715,435.2262,454.5956,455.8896,459.6115,475.8529,473.7475,479.5292,488.1797,497.3176,488.2966,484.6835,488.5752,498.0473,486.7949
2580,83,2,36,523.8324,522.0679,537.9373,543.7781,557.6198,518.2622,489.0240,479.4677,439.8320,427.4500,419.6456,417.2331,435.0777,435.3636,437.2010,456.2925,457.9099,461.4910,477.7341,475.7106,481.5281,490.1657,499.4694,490.3186,486.8386,490.6611,500.0449
2580,83,2,37,484.0418,525.3120,524.9373,539.8758,545.6887,559.0116,520.2464,490.9576,481.1260,441.7124,429.1739,421.4337,419.0833,436.8173,437.1444,439.3878,458.2476,460.1093,463.5590,479.7975,477.8552,483.7187,492.3248,501.7801,492.5258,489.1474,492.9250
2580,83,2,38,491.7529,486.7921,527.6012,528.4871,542.4670,548.3208,561.1642,522.8569,493.5123,483.4711,444.1293,431.4720,423.7698,421.4904,439.1212,439.5029,442.0766,460.7254,462.8053,466.1423,482.3977,480.5002,486.3964,494.9923,504.5907,495.2427,491.9470
2580,83,2,39,455.0520,493.7379,489.3387,529.8168,531.9538,545.0535,550.8796,563.3246,525.4136,496.0809,485.7349,446.4078,433.6809,425.9536,423.8114,441.3499,441.7494,444.5955,463.0842,465.3472,468.5610,484.8388,482.9629,488.9088,497.5026,507.2278,497.7806
2580,83,2,40,460.5727,456.8101,494.6095,490.6122,530.7027,534.0095,546.4446,552.1127,564.2362,526.7057,497.4805,486.8014,447.5577,434.7711,427.0365,425.0274,442.4514,442.8151,445.9012,464.2235,466.6413,469.7392,486.0148,484.1477,490.1359,498.7159,508.5376
2580,83,2,41,434.0554,460.6500,457.8051,494.7585,491.1609,530.9180,535.1669,547.0811,552.5812,564.4455,527.2575,498.1694,487.1628,448.0982,435.2514,427.5044,425.6066,442.8888,443.2308,446.5334,464.6766,467.2409,470.2151,486.4815,484.6429,490.6558,499.2038
2580,83,2,42,432.3382,433.4211,459.9088,457.9055,494.1062,490.9076,530.3442,535.4147,546.8048,552.2016,563.8533,526.9738,497.9857,486.7116,447.8231,434.9022,427.1256,425.3091,442.4680,442.7741,446.2922,464.2681,466.9464,469.8233,486.0647,484.2620,490.2806
2580,83,2,43,435.4184,431.6678,432.7925,459.0411,457.8476,493.4965,490.5796,529.7551,535.5525,546.4577,551.7982,563.2634,526.6596,497.6864,486.2041,447.3745,434.3903,426.5670,424.8016,441.8877,442.1666,445.8630,463.7189,466.5076,469.2875,485.5305,483.7326
2580,83,2,44,433.2232,434.7133,430.9918,432.1454,458.1020,457.5979,492.8199,490.0480,528.9675,535.3699,545.8030,551.1243,562.4110,526.0898,497.1721,485.5624,446.7874,433.7788,425.9424,424.2029,441.2116,441.4638,445.3179,463.0415,465.8915,468.6005,484.8281
2580,83,2,45,444.0204,432.3890,433.8991,430.1755,431.4123,457.0525,457.1585,491.9368,489.2760,527.9335,534.9194,544.8421,550.1823,561.2697,525.2615,496.4145,484.7198,446.0395,433.0502,425.2143,423.4957,440.4103,440.6469,444.6068,462.1863,465.0953,467.7452
2580,83,2,46,418.7423,443.2927,431.9342,433.4260,429.6075,431.0163,456.3947,457.0220,491.3688,488.8890,527.2602,534.9174,544.2460,549.6288,560.4698,524.7209,495.9642,484.2010,445.6063,432.6311,424.7820,423.0981,439.9320,440.1372,444.1818,461.6373,464.6039
2580,83,2,47,424.5122,418.8824,442.9964,431.9512,433.3832,429.4704,431.0727,456.1831,457.3461,491.2439,489.0260,527.1293,535.4575,544.1733,549.6388,560.1662,524.6093,495.9796,484.1092,445.5801,432.5787,424.7255,423.1208,439.8443,440.0188,444.1468,461.4894
2580,83,2,48,418.3072,424.6611,418.6051,442.3512,431.6262,432.9381,428.9292,430.7103,455.5721,457.2792,490.7513,488.8117,526.6612,535.5912,543.8233,549.3475,559.5322,524.1470,495.6488,483.6119,445.1475,432.1028,424.2103,422.6811,439.3230,439.4430,443.7037
2580,83,2,49,466.4581,418.1785,424.4741,417.9571,441.4351,430.9215,432.1121,428.0184,429.9342,454.6271,456.8182,489.8472,488.2031,525.8279,535.3526,543.1780,548.7751,558.5861,523.3760,494.9698,482.7539,444.3107,431.2063,423.2706,421.8005,438.3848,438.4658
2580,83,2,50,473.4395,465.3113,417.3697,423.6666,416.7655,439.9135,429.4885,430.6666,426.5116,428.4992,453.0058,455.6553,488.2280,486.8101,524.1951,534.2683,541.6897,547.3207,556.8182,521.8353,493.5465,481.1536,442.7815,429.6428,421.6807,420.2818,436.7662
2580,83,2,51,478.9745,472.2179,463.5391,416.0043,422.2681,415.1113,437.8523,427.5425,428.7581,424.5372,426.5610,450.8214,453.8811,485.9467,484.7805,521.8737,532.3537,539.4122,545.0576,554.2650,519.5582,491.4329,478.9469,440.7015,427.5749,419.6139,418.2613
2580,83,2,52,498.9321,477.1757,470.3761,461.3853,414.3138,420.4463,413.1618,435.4948,425.4042,426.6141,422.3583,424.3388,448.3697,451.7736,483.3235,482.4024,519.1062,529.9173,536.6610,542.2896,551.2110,516.8370,488.9587,476.3846,438.3588,425.2749,417.3505
2580,83,2,53,493.4957,496.3628,474.8745,468.0424,458.9430,412.3793,418.3043,410.9497,432.9145,423.0691,424.2225,419.9722,421.8671,445.6927,449.4272,480.4822,479.7536,516.1014,527.1904,533.6373,539.2554,547.8780,513.8765,486.2469,473.5941,435.8419,422.7962
2580,83,2,54,519.2400,491.3062,494.1400,472.9410,465.9874,456.8194,410.7429,416.3929,408.9109,430.6257,420.9506,422.1001,417.8557,419.6300,443.3149,447.3468,478.0071,477.4306,513.4988,524.8911,531.0803,536.6800,545.0452,511.3454,483.9204,471.1423,433.5845
2580,83,2,55,472.9974,516.7009,489.2977,492.0779,471.1844,464.0026,454.6802,409.1064,414.3996,406.7585,428.2855,418.6939,419.8579,415.6071,417.2614,440.8423,445.2348,475.5246,475.0734,510.9591,522.7212,528.6403,534.2513,542.3631,508.9025,481.6487,468.6951
2580,83,2,56,526.3600,470.9395,514.1011,487.2112,490.0121,469.3648,462.0151,452.5177,407.4843,412.4156,404.6421,426.0404,416.5001,417.7118,413.4664,415.0315,438.4867,443.2162,473.1610,472.8562,508.5603,520.6611,526.3286,531.9826,539.8157,506.5701,479.5067
2580,83,2,57,508.7866,523.3771,468.6162,511.1978,484.8321,487.6241,467.2360,459.8188,450.1528,405.6661,410.3605,402.4763,423.7521,414.3048,415.5079,411.2989,412.8151,436.0999,441.1086,470.7197,470.5720,506.0315,518.3749,523.8269,529.5085,537.0822,504.1050
2580,83,2,58,572.5971,505.8246,519.7193,465.6035,507.6442,481.8390,484.5995,464.4891,457.0289,447.2462,403.2492,407.7924,399.8580,420.9189,411.5888,412.8026,408.5874,410.1040,433.1621,438.3933,467.7018,467.6738,502.8454,515.3767,520.6292,526.3380,533.6863
2580,83,2,59,540.8405,567.7532,502.3777,515.5967,462.1419,503.6688,478.3823,481.1630,461.3527,453.9210,444.0442,400.5128,404.9529,397.0040,417.8543,408.7006,409.9179,405.6877,407.2036,429.9953,435.3848,464.3890,464.4686,499.3285,511.9376,517.0568,522.7750
2580,83,2,60,561.2558,536.6193,562.8595,498.9407,511.4176,458.6209,499.6374,474.8277,477.7100,458.1703,450.8242,440.8502,397.8291,402.1232,394.1984,414.8794,405.9411,407.1259,402.9109,404.4261,426.9375,432.4542,461.1760,461.3364,495.8910,508.5238,513.5899
2580,83,2,61,466.5822,556.5386,532.4375,558.0298,495.4979,507.2755,455.1689,495.6152,471.2616,474.2709,454.9829,447.6920,437.6785,395.1757,399.3111,391.3883,411.9481,403.2442,404.3891,400.1980,401.7096,423.9379,429.5708,458.0141,458.2611,492.5414,505.1674
2580,83,2,62,468.1093,462.8841,551.4669,528.0307,552.9440,491.7674,502.9136,451.5030,491.3614,467.4611,470.6008,451.5282,444.2724,434.2362,392.2680,396.2230,388.2978,408.7248,400.2318,401.3673,397.1915,398.7004,420.6438,426.4134,454.5844,454.9231,488.9155
2580,83,2,63,407.8693,463.7989,458.6711,545.7882,523.2299,547.3569,487.5544,498.1031,447.3792,486.6363,463.2840,466.4290,447.6337,440.3753,430.2578,388.8625,392.6094,384.6266,404.8851,396.5594,397.7399,393.5371,395.0584,416.7206,422.6798,450.5270,450.9948
2580,83,2,64,451.0857,404.0828,458.5580,453.5256,539.1065,517.4898,540.7459,482.3976,492.3772,442.3388,480.9663,458.2432,461.2803,442.8286,435.5052,425.2471,384.4932,388.0120,379.9651,399.9893,391.8091,393.0133,388.7688,390.3047,411.6862,417.8396,445.3079
2580,83,2,65,429.9938,444.8860,399.1694,451.9796,447.0908,530.9522,510.3355,532.7292,475.9344,485.3164,436.0629,474.0197,451.9885,454.8836,436.8232,429.4354,419.0642,379.0482,382.3604,374.2909,394.0211,385.9459,387.1648,382.9134,384.4473,405.5382,411.8702
2580,83,2,66,410.9861,424.2871,439.0047,394.4507,445.7755,441.0382,523.2635,503.5500,525.1358,469.8178,478.6546,430.1767,467.5345,446.1267,448.9370,431.2311,423.7975,413.3932,374.0571,377.2112,369.1342,388.6120,380.6354,381.8915,377.6557,379.1466,399.9743
2580,83,2,67,454.9014,407.0306,419.8380,434.3787,390.7552,440.9980,436.3790,517.1711,498.1661,519.1138,465.1164,473.5055,425.7365,462.5558,441.6324,444.5001,427.0795,419.6746,409.3086,370.4996,373.5554,365.4868,384.7931,376.9699,378.2834,374.0648,375.5473
2580,83,2,68,464.4286,450.6421,403.7424,416.2169,430.5999,387.7538,437.1342,432.6071,512.1347,493.7422,514.1438,461.3606,469.3619,422.3005,458.6128,438.1454,441.1199,423.9596,416.6328,406.3464,367.9891,371.0108,362.9509,382.1510,374.5438,375.8693,371.7109
2580,83,2,69,400.4488,459.7404,446.2506,400.2148,412.4929,426.7032,384.6306,433.1998,428.7372,507.0854,489.2451,509.2138,457.5908,465.2555,418.9282,454.7325,434.6584,437.7949,420.8709,413.6634,403.4739,365.5880,368.6015,360.5985,379.7004,372.3289,373.6416
2580,83,2,70,407.2325,396.0863,454.3314,441.0899,395.9349,408.0659,422.0351,380.8193,428.5207,424.1371,501.2977,483.9942,503.5510,453.0933,460.4622,414.9136,450.1933,430.5020,433.7871,417.1137,410.0556,400.0026,362.5982,365.6051,357.6883,376.6613,369.5211
2580,83,2,71,423.2864,401.9004,391.1832,448.3665,435.2466,391.1430,403.0065,416.6984,376.4977,423.1592,418.9222,494.8132,478.0819,497.2400,447.9109,454.9934,410.2518,444.9744,425.6979,429.0524,412.6745,405.7224,395.8086,358.9142,361.8941,354.0466,372.8741
2580,83,2,72,409.7538,417.7994,396.7427,386.4988,442.6815,429.5702,386.6015,398.1724,411.5279,372.3764,417.9261,413.8977,488.5648,472.4071,491.1573,442.9679,449.6786,405.7135,439.8941,421.0432,424.4455,408.3678,401.4669,391.6549,355.2731,358.1832,350.4082
2580,83,2,73,422.4463,404.8992,412.7828,391.9877,382.2183,437.5356,424.3568,382.5081,393.8158,406.8690,368.6912,413.1839,409.4167,482.9483,467.3521,485.6810,438.6371,444.9315,401.6778,435.3981,416.9343,420.4082,404.6373,397.7838,388.0310,352.1400,354.9911
2580,83,2,74,408.8598,416.9644,400.0299,407.8212,387.3293,377.9471,432.4547,419.2565,378.5203,389.6086,402.3756,365.1324,408.6479,405.1281,477.5504,462.4965,480.3884,434.5307,440.4134,397.8662,431.1887,413.0827,416.6991,401.2194,394.4266,384.7398,349.3521
2580,83,2,75,407.3934,403.4047,411.1388,394.8285,402.5197,382.4502,373.4268,427.0357,413.9392,374.2994,385.2042,397.7409,361.4001,403.9608,400.6825,471.9167,457.4472,474.9225,430.2965,435.7936,393.9974,426.8882,409.1805,412.9351,397.7639,391.0798,381.4467
2580,83,2,76,437.9430,401.0937,397.2727,404.5899,388.9939,396.5466,376.9588,368.3188,420.9231,408.0290,369.4742,380.2343,392.5091,357.0900,398.6714,395.6481,465.6107,451.7221,468.8142,425.4903,430.5586,389.5838,421.9508,404.7276,408.5910,393.7483,387.1915
2580,83,2,77,409.8262,429.3590,393.4445,389.7937,396.7311,381.8603,389.3002,370.1464,361.9599,413.4337,400.8079,363.4568,373.9943,386.0386,351.6391,392.1130,389.3760,457.9357,444.6744,461.3600,419.3649,424.0463,384.0098,415.7775,399.0855,403.0314,388.5541
2580,83,2,78,424.6353,400.3601,419.3741,384.6057,381.0733,387.7182,373.5409,380.9189,362.2239,354.5283,404.7691,392.5159,356.3407,366.7237,378.4877,345.1780,384.5591,382.0931,449.1570,436.5358,452.8267,412.1415,416.5541,377.5008,408.6447,392.5074,396.5264
2580,83,2,79,390.0922,413.1916,389.8744,408.3495,374.8359,371.4144,377.8121,364.3188,371.6450,353.5164,346.2868,395.2407,383.3980,348.4082,358.6602,370.1347,337.9222,376.2585,374.0376,439.5216,427.5521,443.4602,404.0964,408.2789,370.3037,400.7729,385.1961
2582,83,1,0,115.7407,113.0820,111.3859,109.3170,110.0348,110.9436,112.0272,113.4079,115.0826,116.9052,116.6906,116.8648,117.1470,117.6596,118.4038,119.2338,120.1750,120.9608,121.7204,122.4541,123.1006,123.6413,124.0595,124.3701,124.5450,124.5340,124.3186
2582,83,1,1,116.9920,117.2634,114.6595,113.0174,111.0094,111.7612,112.7101,113.8230,115.2290,116.9293,118.7860,118.6117,118.8174,119.1375,119.6894,120.4611,121.3277,122.2758,123.0676,123.8370,124.5693,125.2125,125.7413,126.1528,126.4545,126.6152,126.5884
2582,83,1,2,146.3235,118.5465,118.5273,115.9624,114.3636,112.4087,113.1877,114.1581,115.2909,116.7211,118.4457,120.3308,120.1882,120.4319,120.7734,121.3588,122.1564,123.0294,123.9881,124.7824,125.5526,126.2816,126.9217,127.4451,127.8422,128.1363,128.2830
2582,83,1,3,168.2926,145.9542,119.1405,118.9299,116.4124,114.8460,112.9390,113.7385,114.7242,115.8743,117.3135,119.0538,120.9425,120.8294,121.0951,121.4675,122.0757,122.8691,123.7401,124.6947,125.4872,126.2516,126.9768,127.6133,128.1263,128.5202,128.8007
2582,83,1,4,135.4049,167.2858,145.2705,119.2332,118.8867,116.3953,114.8625,112.9890,113.8043,114.7984,115.9573,117.4062,119.1534,121.0529,120.9704,121.2550,121.6456,122.2374,123.0296,123.9009,124.8545,125.6429,126.4097,127.1278,127.7560,128.2609,128.6434
2582,83,1,5,151.3157,136.0223,166.8868,145.1267,119.7473,119.2901,116.8156,115.3059,113.4602,114.2910,115.2995,116.4805,117.9411,119.7059,121.6195,121.5595,121.8739,122.2483,122.8401,123.6343,124.5070,125.4722,126.2633,127.0298,127.7445,128.3731,128.8690
2582,83,1,6,127.1149,151.4317,136.7987,166.8710,145.3261,120.5453,119.9990,117.5475,116.0570,114.2370,115.0930,116.1091,117.3061,118.7877,120.5711,122.5129,122.4693,122.7738,123.1487,123.7516,124.5436,125.4186,126.3829,127.1798,127.9431,128.6605,129.2817
2582,83,1,7,161.5644,128.3218,151.9805,137.7301,167.2073,145.8161,121.5243,120.9148,118.4734,117.0015,115.2038,116.0717,117.1115,118.3316,119.8328,121.6330,123.5994,123.5457,123.8525,124.2323,124.8376,125.6361,126.5187,127.4838,128.2789,129.0463,129.7602
2582,83,1,8,155.6683,162.3728,129.6741,152.8571,138.8796,167.8714,146.5814,122.6947,122.0310,119.5970,118.1382,116.3535,117.2445,118.3050,119.5466,121.0754,122.9057,124.8693,124.8156,125.1179,125.5106,126.1207,126.9209,127.8056,128.7823,129.5803,130.3517
2582,83,1,9,174.2755,157.2255,163.3514,131.0599,153.8798,140.1173,168.7276,147.4866,123.9172,123.2049,120.7876,119.3381,117.5713,118.4770,119.5649,120.8252,122.3813,124.2035,126.1708,126.1208,126.4226,126.8204,127.4319,128.2512,129.1438,130.1270,130.9295
2582,83,1,10,134.1901,174.7296,158.5933,164.2811,132.3191,154.8569,141.2589,169.5304,148.3368,125.0532,124.2879,121.8721,120.4422,118.6886,119.6202,120.7263,122.0187,123.5691,125.3876,127.3569,127.3043,127.6135,128.0154,128.6355,129.4574,130.3610,131.3509
2582,83,1,11,157.9611,134.9923,174.8418,159.4432,164.7480,133.1271,155.4183,141.9488,169.9035,148.7705,125.7767,124.9669,122.5587,121.1465,119.4115,120.3585,121.4814,122.7597,124.2948,126.1189,128.0914,128.0369,128.3473,128.7524,129.3808,130.2038,131.1120
2582,83,1,12,150.3812,157.6139,135.4133,174.5813,159.8509,164.8082,133.5332,155.5863,142.2442,169.8680,148.8308,126.1352,125.2877,122.8925,121.4912,119.7704,120.7299,121.8325,123.1066,124.6368,126.4515,128.4180,128.3698,128.6804,129.0835,129.7167,130.5469
2582,83,1,13,146.8444,149.8461,157.3107,135.7812,174.3218,160.1706,164.8351,133.8957,155.7122,142.5122,169.8071,148.8928,126.4736,125.6036,123.2280,121.8423,120.1394,121.0875,122.1758,123.4377,124.9579,126.7679,128.7264,128.6823,128.9948,129.4004,130.0301
2582,83,1,14,149.9177,146.8615,149.5528,157.1813,136.2409,174.2061,160.5572,164.9740,134.3822,155.9524,142.9013,169.8736,149.0964,126.9356,126.0594,123.7094,122.3469,120.6378,121.5699,122.6456,123.8939,125.4096,127.2118,129.1666,129.1250,129.4444,129.8544
2582,83,1,15,154.4740,148.6893,146.5708,148.9848,156.7191,136.3128,173.7409,160.5115,164.7386,134.4845,155.8352,142.9315,169.5976,148.9524,127.0691,126.1964,123.8722,122.5018,120.7916,121.7015,122.7747,124.0106,125.5132,127.3071,129.2567,129.2005,129.5278
2582,83,1,16,144.2220,153.2147,147.7023,146.4487,148.5870,156.3912,136.5326,173.3572,160.5096,164.5516,134.6802,155.8048,143.0577,169.3913,148.8872,127.3152,126.4566,124.1218,122.7392,121.0240,121.9265,122.9813,124.2085,125.6953,127.4839,129.4194,129.3659
2582,83,1,17,166.4704,143.6435,152.9386,147.7447,147.1950,149.0768,156.9056,137.5974,173.7394,161.2577,165.0647,135.6561,156.5275,143.9533,169.8820,149.5155,128.3011,127.3716,125.0463,123.6500,121.9307,122.8323,123.8787,125.0967,126.5883,128.3660,130.3093
2582,83,1,18,163.5270,167.8085,145.4354,154.7773,150.1155,150.0172,151.5924,159.3152,140.8967,175.7947,163.8681,167.2547,138.7439,159.0682,146.7679,171.9190,151.7577,131.0327,130.0068,127.6473,126.2647,124.5439,125.4688,126.5407,127.7815,129.2897,131.0924
2582,83,1,19,148.6499,167.9907,172.8530,151.9894,160.9317,157.2940,157.2043,158.4013,165.7493,149.0563,181.4192,170.6132,173.1310,146.5180,165.5638,153.8249,177.3230,157.4023,137.6152,136.3504,133.9601,132.5827,130.8888,131.8776,133.0162,134.3399,135.9506
2582,83,1,20,172.1914,158.1864,175.3589,180.4489,162.1576,170.3142,168.0679,167.5169,168.3483,175.0494,160.8434,189.4469,180.3036,181.5387,157.8561,174.8803,164.0158,184.9171,165.3963,147.0044,145.4202,142.9905,141.6164,139.9586,141.0677,142.3282,143.7849
2582,83,1,21,167.8683,175.9317,164.2881,179.5673,184.5081,169.0935,176.3043,175.3481,174.1862,174.7592,180.6843,169.0537,193.5767,186.1814,186.2279,165.7683,180.5442,170.6528,188.7376,169.9937,153.2839,151.4112,148.9996,147.6757,146.0851,147.2846,148.6397
2582,83,1,22,159.4266,169.1609,176.8844,167.1980,180.9963,185.7167,172.7849,179.1209,179.1843,177.5089,177.8977,183.1315,173.6753,194.6954,188.7771,187.9189,170.2520,183.0175,174.0234,189.6802,171.7938,156.6109,154.5363,152.1637,150.9101,149.3926,150.6537
2582,83,1,23,184.7795,160.6641,169.5222,176.8353,168.7607,181.4001,185.9547,175.0628,180.6877,181.5374,179.4316,179.7258,184.3935,176.6950,194.8061,190.1384,188.5817,173.1719,184.2404,176.0576,189.6579,172.5718,158.6988,156.4754,154.1431,152.9508,151.5006
2582,83,1,24,189.8843,180.8273,160.4657,168.5925,175.4697,168.7835,180.4382,184.8707,175.7154,180.7519,182.2060,179.7621,180.0322,184.2274,177.9853,193.5882,190.0225,187.8733,174.4329,183.9688,176.5636,188.3554,172.0758,159.3675,157.0497,154.7734,153.6357
2582,83,1,25,175.2171,183.1902,176.0657,158.9231,166.4215,172.8661,167.3560,178.1364,182.4146,174.7826,179.3025,181.1973,178.5389,178.8330,182.6338,177.5821,191.0711,188.3705,185.7988,174.0739,182.2481,175.5657,185.7802,170.3193,158.6568,156.2914,154.0864
2582,83,1,26,164.9300,170.1951,177.5215,171.8570,157.2969,164.2696,170.3256,165.7450,175.8158,179.8885,173.5248,177.6220,179.8259,177.0639,177.3834,180.8693,176.7855,188.5319,186.4963,183.6378,173.3122,180.3890,174.2932,183.2479,168.5077,157.7158,155.3409
2582,83,1,27,165.8632,162.2134,166.6716,173.6081,169.0612,156.4273,163.0194,168.8032,164.9065,174.4445,178.3289,172.9391,176.7262,179.1612,176.3533,176.6979,179.9658,176.5218,186.9997,185.4526,182.3740,173.0708,179.3652,173.6825,181.7172,167.4827,157.3401
2582,83,1,28,161.8089,163.5923,159.4308,162.9786,169.9202,166.3902,155.3262,161.6317,167.2038,163.8374,172.9489,176.6731,172.0452,175.6102,178.2345,175.4133,175.7591,178.8267,175.8674,185.3810,184.2263,180.9820,172.4666,178.1631,172.7744,180.1144,166.2490
2582,83,1,29,150.3851,159.9729,160.8559,156.2309,158.7647,166.0239,163.4037,153.6844,159.7729,165.1731,162.2344,170.9877,174.5585,170.5670,173.9784,176.7339,173.9240,174.1995,177.1185,174.5475,183.2965,182.4715,179.1054,171.2428,176.4321,171.2988,178.0587
2582,83,1,30,185.5772,150.9768,158.2123,158.3477,153.4600,155.1278,162.7059,160.7575,152.1212,158.0484,163.3072,160.6949,169.1881,172.5985,169.1528,172.4288,175.2818,172.4357,172.6495,175.4535,173.1933,181.3497,180.7815,177.3176,170.0016,174.7746,169.8364
2582,83,1,31,197.4891,185.1661,152.0259,157.6305,157.1759,152.2001,153.2859,161.0235,159.5201,151.7183,157.5226,162.6846,160.3304,168.6568,171.9219,168.9393,172.1017,174.9943,172.1148,172.2807,175.0098,173.0023,180.6987,180.3355,176.7886,169.8735,174.3299
2582,83,1,32,213.4000,196.4454,185.7339,153.5968,157.9621,157.0213,151.9784,152.6038,160.4970,159.3376,152.1975,157.9287,163.0436,160.8774,169.1294,172.2788,169.6754,172.7066,175.6465,172.7253,172.8653,175.5464,173.7401,181.0947,180.9065,177.2572,170.6443
2582,83,1,33,224.2460,212.1603,195.6578,186.2270,154.9329,158.3070,156.9448,151.9015,152.1948,160.1437,159.2458,152.6859,158.3479,163.4170,161.4136,169.6070,172.6543,170.3411,173.2460,176.2369,173.2744,173.3965,176.0243,174.3942,181.4545,181.4117,177.6883
2582,83,1,34,218.8979,221.0063,210.1374,194.0745,185.6763,155.2072,157.7390,156.0320,151.0237,150.9974,159.0194,158.3396,152.3053,157.8858,162.9024,161.0348,169.1614,172.0610,169.9971,172.7956,175.8291,172.8232,172.9340,175.5079,174.0415,180.8256,180.9085
2582,83,1,35,197.0436,216.6949,217.9346,208.0312,192.3846,184.8091,155.0388,156.8658,154.8539,149.8475,149.4548,157.6544,157.1948,151.6206,157.1656,162.1190,160.3624,168.3933,171.1751,169.3324,172.0392,175.1197,172.0603,172.1724,174.7017,173.3753,179.9278
2582,83,1,36,181.9906,196.2403,215.7052,216.3151,207.0907,191.7826,184.7917,155.5383,156.8007,154.4963,149.5150,148.8070,157.1833,156.9056,151.7136,157.2543,162.1734,160.4767,168.4557,171.1391,169.4877,172.1386,175.2740,172.1408,172.2678,174.7671,173.5597
2582,83,1,37,181.3887,183.5007,196.3334,215.7282,215.8891,207.1062,192.0508,185.4520,156.5615,157.3599,154.7892,149.8205,148.8496,157.3906,157.2633,152.3988,157.9547,162.8137,161.1648,169.1372,171.7386,170.2604,172.8686,176.0714,172.8723,172.9885,175.4836
2582,83,1,38,163.7905,180.5615,184.2026,195.9166,215.2617,215.0871,206.6154,191.8153,185.4900,156.9886,157.4255,154.6496,149.7032,148.5350,157.1868,157.1774,152.5942,158.1042,162.9126,161.3121,169.2537,171.7671,170.4402,173.0087,176.2411,173.0086,173.1259
2582,83,1,39,171.8168,163.3809,179.6775,184.4114,195.2882,214.5789,214.1392,205.9072,191.3401,185.2276,157.1041,157.2563,154.3283,149.4185,148.0879,156.8298,156.9031,152.5407,157.9962,162.7526,161.1897,169.1076,171.5377,170.3402,172.8679,176.1267,172.8749
2582,83,1,40,146.5577,172.1284,163.6185,179.5239,185.0757,195.3375,214.5290,213.9030,205.8735,191.5024,185.5574,157.7745,157.6674,154.5977,149.7719,148.3407,157.1023,157.1936,153.0369,158.4386,163.1544,161.6447,169.5368,171.9006,170.8212,173.3186,176.5983
2582,83,1,41,159.6389,147.5086,172.8525,164.3510,179.9141,186.0739,195.8496,214.8776,214.1392,206.2650,192.0947,186.2697,158.8466,158.5153,155.3257,150.6379,149.2100,157.8542,157.9267,153.9499,159.3113,163.9881,162.5217,170.3915,172.7005,171.7326,174.1950
2582,83,1,42,155.7889,159.8529,148.0268,173.1120,164.6614,179.9075,186.5410,195.8922,214.7062,213.8814,206.1559,192.2053,186.4852,159.4555,158.9404,155.6716,151.1346,149.7289,158.2004,158.2495,154.4382,159.7547,164.3829,162.9612,170.7791,173.0430,172.1698
2582,83,1,43,165.4653,155.0402,159.4312,147.8652,172.6609,164.2852,179.2361,186.2746,195.2406,213.8634,212.9753,205.3795,191.6297,186.0110,159.3593,158.6773,155.3449,150.8912,149.4894,157.8294,157.8732,154.2126,159.4802,164.0542,162.6715,170.4425,172.6592
2582,83,1,44,159.1103,164.5303,153.8960,158.5588,147.2018,171.7227,163.4273,178.1114,185.5249,194.1830,212.6538,211.7078,204.2191,190.6418,185.0997,158.7732,157.9252,154.5091,150.0943,148.6302,156.9255,156.9883,153.4678,158.6940,163.2310,161.8754,169.6030
2582,83,1,45,151.0622,158.1745,163.5364,152.7860,157.6601,146.5034,170.7349,162.5421,176.9803,184.7003,193.1023,211.4321,210.4286,203.0433,189.6297,184.1513,158.1260,157.1232,153.6346,149.2530,147.7375,156.0023,156.0762,152.6800,157.8736,162.3683,161.0401
2582,83,1,46,164.3564,149.6908,157.6047,162.8224,152.1288,157.1396,146.1893,170.1061,162.0462,176.2641,184.2056,192.3815,210.5649,209.5024,202.2047,188.9565,183.5313,157.8043,156.6683,153.1254,148.8286,147.3249,155.4729,155.5335,152.2565,157.4097,161.8706
2582,83,1,47,125.9834,163.9252,148.8006,157.3477,162.3797,151.8503,156.9479,146.2002,169.8172,161.8969,175.9196,184.0491,192.0150,210.0594,208.9293,201.7177,188.6117,183.2311,157.7809,156.5260,152.9358,148.7425,147.2903,155.2884,155.3163,152.1580,157.2728
2582,83,1,48,145.4933,127.0180,163.6297,148.0988,157.1947,162.0854,151.6642,156.8427,146.2862,169.6704,161.8622,175.7138,184.0589,191.8471,209.7982,208.6051,201.4598,188.4505,183.0993,157.8562,156.4844,152.8294,148.7155,147.2718,155.1745,155.1944,152.1526
2582,83,1,49,178.7490,145.3878,128.2475,163.7072,147.8257,157.3984,162.1907,151.8664,157.0814,146.7227,169.9254,162.2254,175.9356,184.5115,192.1465,210.0504,208.7959,201.6775,188.7453,183.4044,158.3140,156.8050,153.0797,149.0399,147.6096,155.4361,155.4369
2582,83,1,50,157.9546,178.8706,145.7053,129.5388,164.0708,147.9743,157.9220,162.6392,152.4151,157.6152,147.4542,170.4752,162.9052,176.5120,185.3129,192.8196,210.7015,209.3958,202.2724,189.4053,184.0485,159.0867,157.4281,153.6235,149.6525,148.2415,155.9988
2582,83,1,51,153.4097,158.7791,178.8643,145.9689,130.6213,164.2953,148.0283,158.3167,162.9673,152.8547,158.0263,148.0352,170.8598,163.4309,176.9514,185.9655,193.3397,211.1954,209.8442,202.7167,189.9025,184.5392,159.6887,157.8965,154.0052,150.1007,148.6962
2582,83,1,52,176.8554,153.6122,159.3301,178.6086,146.0397,131.4478,164.2816,147.9042,158.4973,163.0426,153.0833,158.2159,148.3893,170.9865,163.7001,177.1524,186.3437,193.5757,211.3751,210.0005,202.8771,190.1212,184.7608,160.0319,158.1198,154.1518,150.3103
2582,83,1,53,207.7536,176.0764,153.1972,159.2078,177.7240,145.5394,131.6518,163.6670,147.2519,158.0703,162.4915,152.7118,157.7990,148.1231,170.4610,163.3198,176.6939,185.9808,193.0785,210.7760,209.3844,202.2951,189.6355,184.2798,159.7342,157.7330,153.6996
2582,83,1,54,171.0217,205.6455,174.5042,152.0100,158.2843,176.0412,144.2831,131.1267,162.2951,145.8542,156.8369,161.1412,151.5470,156.5813,147.0531,169.0879,162.1019,175.3489,184.6981,191.6539,209.2129,207.8124,200.7714,188.2482,182.9185,158.6014,156.5362
2582,83,1,55,171.5111,169.7468,203.3211,172.7635,150.7032,157.1282,174.1931,142.9365,130.4010,160.7275,144.3674,155.4361,159.6112,150.2356,155.1976,145.8450,167.5473,160.7179,173.8062,183.1937,190.0047,207.3939,205.9898,199.0208,186.6433,181.3560,157.3128
2582,83,1,56,172.0369,170.1985,168.6077,201.2616,171.3209,149.7013,156.1469,172.6197,141.9126,129.8110,159.3776,143.2166,154.3040,158.3256,149.1996,154.0744,144.9044,166.2764,159.6233,172.5449,181.9460,188.6373,205.8447,204.4532,197.5618,185.3231,180.0769
2582,83,1,57,179.0457,171.1009,169.0226,167.5757,199.4483,170.0864,148.8806,155.2905,171.2598,141.0791,129.2873,158.1921,142.2734,153.3497,157.2192,148.3361,153.1168,144.1213,165.1827,158.7125,171.4699,180.8824,187.4648,204.5079,203.1319,196.3184,184.2050
2582,83,1,58,233.0954,178.2399,170.3032,168.0629,166.7416,197.9161,169.0823,148.2515,154.6278,170.1769,140.4928,128.9213,157.2839,141.5981,152.6731,156.3903,147.7662,152.4503,143.6047,164.3930,158.0830,170.7075,180.1281,186.6036,203.4892,202.1296,195.3726
2582,83,1,59,196.7096,231.1604,177.4472,169.4925,167.1158,165.9286,196.3540,168.0810,147.6219,153.9756,169.1057,139.9259,128.5708,156.3918,140.9511,152.0367,155.6100,147.2565,151.8403,143.1411,163.6452,157.4981,170.0065,179.4332,185.7842,202.5104,201.1710
2582,83,1,60,178.8176,195.2185,228.9755,176.4744,168.5286,166.0047,164.9650,194.6326,166.9675,146.8914,153.2072,167.8990,139.2589,128.1357,155.3753,140.2263,151.2918,154.7205,146.6463,151.1326,142.5889,162.7833,156.8176,169.2000,178.6246,184.8497,201.4030
2582,83,1,61,154.2922,177.7376,193.8159,226.8623,175.5775,167.6347,164.9854,164.0868,193.0430,165.9814,146.2935,152.5607,166.8118,138.7004,127.7959,154.4576,139.6355,150.6523,153.9337,146.1344,150.5212,142.1499,162.0374,156.2597,168.5022,177.9397,184.0470
2582,83,1,62,150.3844,153.6790,176.7268,192.5236,224.8836,174.7746,166.8338,164.0412,163.2914,191.5638,165.0967,145.7575,151.9976,165.8029,138.1958,127.5085,153.5909,139.0728,150.0342,153.1810,145.6169,149.9055,141.7205,161.3201,155.7229,167.8295,177.2781
2582,83,1,63,163.1505,149.7309,153.0886,175.6226,191.2035,222.9831,173.9589,166.0333,163.0362,162.4570,190.0734,164.1513,145.1439,151.3812,164.7363,137.5709,127.1589,152.6289,138.3626,149.2843,152.3310,144.9376,149.1495,141.1393,160.4685,155.0465,167.0217
2582,83,1,64,148.6430,161.9281,148.6873,152.1381,174.0786,189.4650,220.7266,172.7492,164.8897,161.6734,161.2331,188.2210,162.8248,144.1573,150.4068,163.3161,136.5811,126.4898,151.3113,137.2857,148.1572,151.1253,143.8697,148.0182,140.1825,159.2447,153.9781
2582,83,1,65,194.0295,147.1721,160.6383,147.5480,151.1166,172.4334,187.6433,218.4686,171.4613,163.7117,160.2650,159.9745,186.3727,161.4793,143.1253,149.4038,161.8846,135.5584,125.8010,150.0071,136.2005,147.0294,149.9190,142.8019,146.8903,139.2340,158.0457
2582,83,1,66,167.5914,192.4098,145.9347,159.6359,146.6756,150.3662,171.1010,186.1920,216.6338,170.4996,162.8298,159.1425,159.0260,184.8815,160.4287,142.3395,148.6730,160.7333,134.7533,125.3018,148.9682,135.3361,146.1548,148.9744,141.9805,146.0103,138.5197
2582,83,1,67,179.2810,166.2576,190.7891,144.8035,158.6247,145.8533,149.6191,169.8780,184.8559,214.8596,169.5870,161.9713,158.1059,158.1404,183.4891,159.4568,141.6158,147.9786,159.6651,134.0229,124.7948,147.9953,134.5485,145.3474,148.0992,141.2272,145.2056
2582,83,1,68,205.5336,177.3983,164.7233,188.8645,143.5991,157.3553,144.8544,148.6677,168.5151,183.3505,212.8170,168.4773,160.8917,156.9402,157.0945,181.9332,158.3588,140.7883,147.1453,158.4993,133.2435,124.1855,146.9593,133.7388,144.4974,147.1689,140.4436
2582,83,1,69,159.2458,202.6887,175.1968,162.8692,186.5767,142.1489,155.7610,143.5607,147.4029,166.8413,181.5000,210.4015,167.0376,159.4927,155.4955,155.7629,180.0806,156.9877,139.6962,146.0351,157.0742,132.2363,123.3500,145.6930,132.7309,143.4175,146.0143
2582,83,1,70,168.6401,157.2336,199.6008,172.7372,160.7722,184.0561,140.4442,153.9300,142.0179,145.8800,164.9026,179.3762,207.7252,165.3296,157.8624,153.8306,154.2015,178.0041,155.3864,138.3900,144.6943,155.4268,131.0098,122.3064,144.2238,131.5124,142.1108
2582,83,1,71,181.9175,165.9554,154.8977,196.2074,170.0196,158.4285,181.2498,138.5668,151.8633,140.2780,144.1304,162.7831,177.0372,204.7999,163.4024,156.0262,151.9916,152.4617,175.7442,153.6401,136.9548,143.2027,153.6501,129.6916,121.1565,142.6457,130.2193
2582,83,1,72,173.1796,178.1133,162.5984,151.9236,192.1261,166.6644,155.4553,177.7910,136.1292,149.2075,137.9644,141.7870,160.0521,174.0544,201.1961,160.8416,153.5942,149.6021,150.1547,172.8966,151.3409,135.0143,141.1893,151.3505,127.9064,119.5618,140.5987
2582,83,1,73,155.5598,169.2886,174.2401,159.1513,148.8924,188.0203,163.2222,152.3944,174.2860,133.5556,146.4609,135.5297,139.3245,157.1881,170.9617,197.5323,158.1650,151.0554,147.1116,147.7260,169.9597,148.9116,132.9422,139.0541,148.9383,125.9777,117.8363
2582,83,1,74,172.0401,152.3809,165.6584,170.6485,155.9634,146.1146,184.2083,160.0368,149.5681,171.0694,131.1667,143.9488,133.2986,137.0858,154.5531,168.1164,194.1778,155.7470,148.7603,144.8603,145.5312,167.2907,146.7044,131.0780,137.1470,146.7615,124.2410
2582,83,1,75,178.0446,168.2315,149.3568,162.1928,167.2214,152.9240,143.4872,180.5721,156.9966,146.8960,168.0200,128.9108,141.6050,131.2269,135.0162,152.0783,165.4455,191.0085,153.4966,146.6475,142.7798,143.5212,164.8138,144.6730,129.3875,135.4243,144.7796
2582,83,1,76,165.9936,173.7991,164.1796,146.1029,158.5143,163.5574,149.6597,140.6598,176.6848,153.7437,144.0613,164.7453,126.5149,139.0965,129.0006,132.7872,149.4438,162.5982,187.5988,151.0722,144.3677,140.5408,141.3612,162.1459,142.4951,127.5631,133.5627
2582,83,1,77,163.2029,161.4322,168.9563,159.6270,142.3694,154.3377,159.3667,145.9460,137.3981,172.2678,150.0594,140.8214,160.9672,123.7940,136.2032,126.4240,130.2070,146.4390,159.3344,183.6910,148.2598,141.7188,137.9545,138.8582,159.0850,140.0021,125.4615
2582,83,1,78,184.4577,157.9222,156.3600,163.5837,154.6274,138.2043,149.7185,154.7367,141.8449,133.7324,167.3886,146.0097,137.2157,156.7533,120.7861,132.9569,123.5404,127.3251,143.1217,155.7076,179.3711,145.1105,138.7373,135.0710,136.0620,155.7057,137.2341
2582,83,1,79,132.1156,177.5413,152.3111,150.9439,157.8659,149.3280,133.7456,144.7977,149.8104,137.4652,129.7736,162.1835,141.6871,133.3419,152.2451,117.5652,129.4522,120.4206,124.2005,139.5505,151.8106,174.7609,141.7021,135.5126,131.9664,133.0238,152.0821
2582,83,2,0,109.6298,107.1073,105.5116,103.5731,104.2398,105.1061,106.1269,107.4380,109.0464,110.7644,110.5559,110.7214,110.9926,111.4752,112.1830,112.9627,113.8606,114.5990,115.3118,116.0065,116.6158,117.1367,117.5361,117.8162,117.9823,117.9768,117.7730
2582,83,2,1,111.0456,111.7464,109.2796,107.7251,105.8564,106.5526,107.4631,108.5225,109.8681,111.5122,113.2679,113.0973,113.3039,113.6090,114.1328,114.8841,115.6952,116.6160,117.3584,118.0749,118.7693,119.3763,119.8925,120.2858,120.5500,120.7081,120.6854
2582,83,2,2,108.7398,112.5949,113.4042,110.9667,109.4564,107.6307,108.3582,109.2944,110.3818,111.7537,113.4254,115.2019,115.0737,115.3159,115.6561,116.2229,116.9966,117.8126,118.7456,119.4940,120.2128,120.9054,121.5067,122.0151,122.3956,122.6543,122.7977
2582,83,2,3,118.8732,109.7360,113.3681,114.3301,111.9344,110.4499,108.6549,109.4073,110.3623,111.4690,112.8599,114.5445,116.3503,116.2474,116.5224,116.8829,117.4755,118.2508,119.0711,120.0054,120.7552,121.4739,122.1634,122.7575,123.2659,123.6361,123.8895
2582,83,2,4,136.0381,119.8550,110.2750,113.6184,114.6980,112.3206,110.8661,109.0998,109.8713,110.8349,111.9582,113.3586,115.0531,116.8689,116.7933,117.0892,117.4810,118.0635,118.8295,119.6540,120.5853,121.3341,122.0478,122.7309,123.3245,123.8229,124.1878
2582,83,2,5,135.1402,135.8408,120.3935,110.6097,113.6558,114.8042,112.4501,111.0249,109.2921,110.0725,111.0471,112.1782,113.5882,115.2867,117.1109,117.0552,117.3781,117.7617,118.3339,119.0941,119.9185,120.8417,121.5874,122.3022,122.9842,123.5637,124.0558
2582,83,2,6,139.7374,134.6339,135.7547,120.8840,110.9830,113.7678,114.9502,112.6274,111.2336,109.5297,110.3201,111.3115,112.4525,113.8662,115.5780,117.4139,117.3761,117.6974,118.0696,118.6444,119.4008,120.2200,121.1489,121.8888,122.5963,123.2700,123.8481
2582,83,2,7,132.5670,140.3648,134.3978,135.7987,121.4081,111.3999,113.9733,115.1902,112.8919,111.5283,109.8541,110.6505,111.6517,112.8060,114.2446,115.9653,117.8128,117.7722,118.0831,118.4585,119.0301,119.7857,120.6025,121.5303,122.2700,122.9760,123.6466
2582,83,2,8,147.7396,133.0001,141.4855,134.9004,136.4988,122.4762,112.3432,114.7347,115.9757,113.6969,112.3504,110.7018,111.5228,112.5394,113.7186,115.1794,116.9251,118.7618,118.7148,119.0206,119.3949,119.9689,120.7327,121.5587,122.4838,123.2234,123.9242
2582,83,2,9,147.4674,148.5353,133.5392,142.5462,135.4914,137.2378,123.4997,113.2805,115.5292,116.7828,114.5175,113.1852,111.5536,112.3961,113.4392,114.6312,116.1132,117.8466,119.6804,119.6290,119.9314,120.3078,120.8894,121.6576,122.4869,123.4126,124.1511
2582,83,2,10,131.2458,146.6163,148.6707,133.5348,142.8844,135.5077,137.3553,123.8936,113.6383,115.7572,117.0174,114.7736,113.4556,111.8478,112.7014,113.7571,114.9638,116.4213,118.1364,119.9644,119.9081,120.2209,120.5943,121.1711,121.9409,122.7677,123.7027
2582,83,2,11,111.5312,130.6656,145.7828,148.4827,133.3245,142.8331,135.3200,137.1943,124.0161,113.7669,115.7881,117.0346,114.8091,113.5218,111.9362,112.8016,113.8630,115.0515,116.4970,118.1972,120.0055,119.9602,120.2633,120.6332,121.2126,121.9812,122.8075
2582,83,2,12,135.8632,112.0589,130.2968,145.1388,148.2831,133.1804,142.7648,135.1844,137.0462,124.1724,113.9289,115.8393,117.0807,114.8932,113.6162,112.0590,112.9387,113.9883,115.1600,116.5787,118.2668,120.0614,120.0184,120.3256,120.6962,121.2717,122.0384
2582,83,2,13,138.7350,135.0754,112.5972,130.0906,144.6320,148.1166,133.1178,142.6964,135.0854,136.9517,124.3363,114.0976,115.8975,117.1257,114.9596,113.7106,112.1855,113.0363,114.0683,115.2261,116.6427,118.3174,120.1034,120.0619,120.3691,120.7313,121.3115
2582,83,2,14,131.1685,138.0418,134.7186,113.3350,130.1996,144.4637,148.1866,133.3072,142.8795,135.2384,137.0925,124.7081,114.4418,116.1340,117.3674,115.2126,113.9815,112.4469,113.2844,114.2955,115.4470,116.8565,118.5253,120.2993,120.2610,120.5689,120.9372
2582,83,2,15,149.3035,131.5076,137.6509,134.6099,114.1621,130.5345,144.5140,148.4357,133.6267,143.2384,135.5492,137.3948,125.2211,114.8978,116.4825,117.7117,115.5759,114.3208,112.7710,113.5992,114.6079,115.7466,117.1511,118.8185,120.6032,120.5603,120.8738
2582,83,2,16,128.2413,148.3022,132.1629,137.7053,134.9028,115.2691,131.2251,144.9081,148.9957,134.2501,143.8911,136.1523,138.0024,126.0332,115.6416,117.1190,118.3510,116.1919,114.9165,113.3578,114.1798,115.1835,116.3300,117.7296,119.3953,121.1791,121.1412
2582,83,2,17,133.8407,127.5054,147.1256,132.5422,137.5231,134.8911,116.1726,131.6369,144.8756,149.0764,134.5464,144.0741,136.4041,138.2001,126.5849,116.0981,117.4082,118.6098,116.4392,115.1687,113.5989,114.4187,115.4112,116.5545,117.9591,119.6282,121.4103
2582,83,2,18,143.0973,132.2751,126.6261,145.1185,132.4855,136.7290,134.2525,117.0433,131.5954,143.8618,148.0233,134.2001,143.2029,135.9003,137.4913,126.6482,116.0912,117.0220,118.1217,115.9646,114.7039,113.1768,113.9899,114.9748,116.1132,117.5100,119.1749
2582,83,2,19,131.2644,139.9784,129.9978,125.5597,141.8242,132.0154,135.1391,132.8998,118.2761,131.1294,141.5196,145.4910,133.1253,140.9261,134.4453,135.6219,126.2643,115.6543,115.8955,116.7541,114.6582,113.4497,111.9813,112.7993,113.7861,114.9117,116.3047
2582,83,2,20,154.3292,128.2024,136.9315,128.1666,125.1418,138.7342,131.9581,133.8151,131.8432,120.2984,131.1124,139.1485,142.9598,132.3302,138.6097,133.1213,133.8053,126.2695,115.5761,114.9988,115.4757,113.4591,112.3202,110.9453,111.7848,112.7788,113.9184
2582,83,2,21,139.8266,146.6015,124.5021,132.8402,125.3290,123.5114,134.7073,130.3583,131.1887,129.4573,120.6021,129.5491,135.5002,139.1682,130.0986,135.0629,130.4633,130.6985,124.8495,114.2402,112.9886,113.1090,111.1980,110.1431,108.8698,109.7218,110.7149
2582,83,2,22,135.4183,133.3690,138.9496,120.3446,128.2121,121.8245,120.8537,130.1762,127.5414,127.6503,126.1408,119.3056,126.8039,131.1658,134.7057,126.8590,130.8631,126.9188,126.8479,122.3223,111.9764,110.2685,110.1228,108.3236,107.3564,106.1893,107.0412
2582,83,2,23,117.4043,129.7989,129.1280,133.8573,118.0920,125.5145,120.0590,119.6437,127.6356,126.1566,125.7730,124.4445,119.0377,125.5320,128.7453,132.2437,125.2601,128.5811,125.0893,124.8026,121.2762,111.1179,109.0737,108.7308,107.0160,106.1141,105.0301
2582,83,2,24,131.5938,116.6402,126.9261,127.2641,131.3646,117.8643,124.9703,120.2555,120.2388,127.2796,126.6555,125.9012,124.7189,120.3760,126.1757,128.5352,132.0812,125.6494,128.4884,125.3207,124.8556,122.0929,111.9830,109.6422,109.1324,107.4663,106.6113
2582,83,2,25,118.6331,129.8375,116.9663,125.7814,126.8410,130.4736,118.7814,125.6446,121.5031,121.8047,128.1604,128.1715,127.1237,126.0700,122.5362,127.8400,129.5529,133.1410,127.0844,129.5799,126.6360,126.0281,123.8621,113.7299,111.1434,110.4961,108.8620
2582,83,2,26,114.5220,118.1329,129.1210,117.7486,125.5827,127.1680,130.4757,120.1052,126.8376,123.1081,123.6596,129.5460,130.0454,128.7683,127.8197,124.8867,129.8539,131.0681,134.7330,128.9041,131.1588,128.3618,127.6451,125.9260,115.7137,112.9171,112.1658
2582,83,2,27,115.5037,114.3022,117.8993,128.9345,118.6073,125.8095,127.7830,130.9075,121.4261,128.1404,124.6865,125.4433,131.0235,131.9051,130.4416,129.5789,127.0896,131.7900,132.6508,136.4186,130.7046,132.8046,130.0925,129.2917,127.8920,117.5657,114.6027
2582,83,2,28,121.9647,116.8079,114.4520,118.0027,128.9900,119.4820,126.2483,128.5048,131.5015,122.7153,129.3926,126.1616,127.0773,132.4220,133.6070,131.9946,131.2229,129.0262,133.5111,134.1200,137.9586,132.3393,134.3073,131.6614,130.8063,129.6422,119.2518
2582,83,2,29,142.4166,122.8581,118.4686,115.5110,118.9486,129.7738,120.9429,127.3842,129.8664,132.7489,124.5558,131.1829,128.1465,129.1804,134.3464,135.7737,134.0416,133.3204,131.3301,135.6545,136.0551,139.9576,134.3973,136.2594,133.6598,132.7559,131.7854
2582,83,2,30,158.6235,142.8640,124.3891,120.4670,117.1300,120.4554,131.1479,122.8471,129.0575,131.7539,134.5485,126.8399,133.4476,130.5626,131.6969,136.7483,138.3962,136.5129,135.8242,134.0060,138.2137,138.4366,142.4051,136.8697,138.6453,136.0789,135.1252
2582,83,2,31,156.8427,159.3492,142.5863,125.1279,121.5760,117.8714,121.1346,131.7155,123.8531,129.9021,132.7602,135.5080,128.1895,134.7847,132.0326,133.2580,138.2068,140.0086,137.9978,137.3352,135.6747,139.7777,139.8571,143.8955,138.3771,140.0887,137.5379
2582,83,2,32,170.4685,156.7375,159.8944,142.3907,125.7956,122.5014,118.5127,121.7266,132.1671,124.6951,130.6130,133.6068,136.3205,129.3479,135.9295,133.3004,134.6083,139.4373,141.3651,139.2410,138.6126,137.0834,141.0883,141.0439,145.1459,139.6448,141.2999
2582,83,2,33,168.7237,172.0087,157.8941,161.3993,143.4158,127.4071,124.2846,120.0807,123.2587,133.5620,126.4090,132.2378,135.3714,138.0654,131.4107,137.9925,135.4813,136.8333,141.5677,143.6220,141.3924,140.7902,139.3717,143.2978,143.1404,147.3048,141.8066
2582,83,2,34,194.6156,170.6665,174.4953,160.0866,163.7567,145.4277,129.7904,126.7791,122.3952,125.5476,135.7407,128.8627,134.6390,137.9093,140.6122,134.2118,140.8259,138.3734,139.7861,144.4569,146.6280,144.2969,143.7149,142.3881,146.2681,146.0043,150.2352
2582,83,2,35,163.6981,195.4198,172.5708,176.8594,162.1712,166.0123,147.3542,132.0096,129.0949,124.5274,127.6733,137.7850,131.1363,136.8924,140.2842,143.0010,136.8164,143.4364,141.0379,142.5078,147.1281,149.4126,146.9792,146.4267,145.1697,149.0116,148.6708
2582,83,2,36,165.7537,164.5444,194.5047,172.6446,177.4025,162.5101,166.5787,147.6368,132.6556,129.8523,125.1301,128.2567,138.2822,131.8607,137.5655,141.0500,143.7586,137.7358,144.3329,141.9746,143.4809,148.0520,150.4156,147.9132,147.3761,146.1875,149.9930
2582,83,2,37,175.4529,164.5021,164.2447,192.6052,171.6395,176.8101,161.7959,166.0518,146.8793,132.2804,129.5890,124.7351,127.8380,137.7970,131.5686,137.2167,140.7578,143.4341,137.5347,144.0972,141.7780,143.3153,147.8250,150.2529,147.7073,147.1757,146.0583
2582,83,2,38,157.2316,174.8169,164.1801,164.7015,191.7176,171.5429,176.9488,161.8445,166.1972,146.8907,132.5227,129.8977,124.9429,128.0291,137.9087,131.8560,137.4572,141.0344,143.6918,137.9065,144.4510,142.1574,143.7198,148.1928,150.6816,148.0890,147.5704
2582,83,2,39,151.7290,157.9603,174.7916,164.5825,165.6783,191.5582,172.1331,177.5460,162.4770,166.7664,147.5064,133.2764,130.6723,125.6747,128.7588,138.5089,132.6267,138.1486,141.7784,144.4041,138.7531,145.2637,142.9993,144.5952,149.0190,151.5614,148.9262
2582,83,2,40,145.6080,151.2205,158.0710,174.1994,164.4768,166.0292,190.8593,172.1879,177.4888,162.5649,166.7123,147.6731,133.5938,130.9874,126.0127,129.0807,138.6407,132.9224,138.3455,142.0086,144.5940,139.1014,145.5473,143.3165,144.9373,149.2961,151.8726
2582,83,2,41,126.5729,145.0407,150.5439,157.8582,173.3766,164.1107,166.0553,189.9391,171.9602,177.1691,162.3901,166.4012,147.5918,133.6959,131.0894,126.1325,129.1775,138.5488,132.9911,138.3186,141.9952,144.5463,139.1981,145.5850,143.3932,145.0323,149.3240
2582,83,2,42,147.7690,127.3390,144.8229,150.2523,158.0192,173.0813,164.1641,166.4569,189.5892,172.1576,177.3186,162.6220,166.5368,147.8590,134.1000,131.4759,126.5214,129.5414,138.7832,133.3321,138.6149,142.3061,144.8386,139.5964,145.9475,143.7918,145.4433
2582,83,2,43,159.9592,147.9258,128.3089,144.9584,150.3529,158.5362,173.2027,164.5882,167.1628,189.6989,172.6946,177.8308,163.2114,167.0210,148.4358,134.7687,132.1316,127.1656,130.1537,139.2975,133.9426,139.1875,142.9042,145.4208,140.2742,146.5982,144.4662
2582,83,2,44,145.5157,160.4767,148.6423,129.6644,145.6796,151.0542,159.6132,173.9414,165.6185,168.4333,190.4782,173.8409,178.9388,164.3591,168.0557,149.5318,135.8911,133.2140,128.2438,131.1987,140.2716,134.9891,140.2267,143.9740,146.4758,141.4141,147.7390
2582,83,2,45,139.0018,146.5378,161.4304,149.7447,131.2822,146.8409,152.1911,161.0436,175.1053,167.0702,170.0834,191.7269,175.4205,180.4405,165.8859,169.4457,150.9735,137.3021,134.5809,129.6114,132.5365,141.5539,136.3421,141.5722,145.3593,147.8549,142.8735
2582,83,2,46,140.6857,139.9656,147.5510,162.2790,150.7062,132.7291,147.9389,153.2203,162.2776,176.1347,168.3688,171.5613,192.8043,176.8386,181.7238,167.2188,170.6459,152.2652,138.5774,135.8108,130.8544,133.7564,142.6992,137.5580,142.7698,146.5934,149.0803
2582,83,2,47,146.4020,141.0469,140.5885,148.1816,162.6965,151.2425,133.7772,148.6302,153.8571,163.0472,176.7253,169.2418,172.6303,193.4044,177.8345,182.5489,168.1107,171.4069,153.1524,139.4689,136.6529,131.7173,134.6086,143.4457,138.3862,143.5652,147.4172
2582,83,2,48,142.0832,146.0392,140.6443,140.4358,148.0124,162.2749,150.9851,134.0696,148.5036,153.6772,162.9758,176.4240,169.2423,172.7980,193.0772,177.9360,182.4807,168.1477,171.3115,153.2181,139.6035,136.7426,131.8246,134.6903,143.4160,138.4420,143.5883
2582,83,2,49,191.2370,141.5654,145.0440,139.6248,139.6865,147.1932,161.2411,150.1283,133.7867,147.7710,152.8710,162.2865,175.4812,168.6012,172.3247,192.1136,177.3986,181.7890,167.5718,170.5981,152.6762,139.1322,136.2415,131.3446,134.1741,142.7919,137.9119
2582,83,2,50,166.6562,190.0253,141.3906,144.4343,138.9998,139.3197,146.7330,160.6416,149.6838,133.8577,147.4448,152.5026,162.0638,175.0208,168.4318,172.3443,191.6891,177.3406,181.6036,167.4629,170.3517,152.5439,139.0255,136.0961,131.2080,134.0144,142.5459
2582,83,2,51,182.7550,166.6216,189.1829,141.4986,144.1311,138.7033,139.2427,146.5718,160.3771,149.5564,134.2053,147.4296,152.4590,162.1520,174.9006,168.5914,172.6742,191.5874,177.5794,181.7323,167.6449,170.3975,152.7129,139.2014,136.2388,131.3550,134.1405
2582,83,2,52,192.3302,182.4233,166.5389,188.3226,141.6150,143.7795,138.3839,139.1432,146.3899,160.0715,149.4075,134.4982,147.3745,152.3825,162.2044,174.7403,168.7234,172.9804,191.4524,177.7889,181.8438,167.8035,170.4181,152.8426,139.3352,136.3373,131.4626
2582,83,2,53,169.9772,191.1830,181.6117,165.9904,187.0378,141.3656,143.0440,137.6956,138.6688,145.8268,159.3413,148.8495,134.3539,146.8904,151.8837,161.8039,174.0936,168.3947,172.8136,190.8364,177.5344,181.4797,167.5252,169.9821,152.5302,139.0588,136.0181
2582,83,2,54,176.5892,169.1575,189.4180,180.1540,164.8091,185.1588,140.5690,141.8568,136.5503,137.7191,144.7437,158.0310,147.7308,133.6241,145.8395,150.7854,160.7333,172.7441,167.3645,171.8894,189.4675,176.5371,180.3577,166.5547,168.8508,151.5809,138.1980
2582,83,2,55,155.9195,174.7943,167.8234,187.2646,178.2794,163.2173,182.8614,139.3882,140.3585,135.1182,136.4608,143.3140,156.3234,146.2385,132.5194,144.4231,149.3277,159.2370,170.9519,165.8946,170.4974,187.6169,175.0722,178.7494,165.1337,167.2821,150.2339
2582,83,2,56,172.6795,155.0511,173.3367,166.7549,185.5155,176.7461,161.9428,180.9509,138.4567,139.1769,133.9955,135.4907,142.1634,154.9383,145.0503,131.6771,143.3193,148.2097,158.0695,169.5404,164.7827,169.4678,186.1734,173.9901,177.5245,164.0593,166.0679
2582,83,2,57,179.6429,171.9988,154.7566,172.5558,166.3256,184.5152,175.9289,161.3356,179.8083,138.0835,138.5992,133.4447,135.0937,141.6321,154.2118,144.4842,131.4075,142.8500,147.7446,157.5935,168.8883,164.3813,169.1537,185.5324,173.6364,177.0593,163.6977
2582,83,2,58,172.1425,179.5951,171.6190,154.7152,172.0843,166.2059,183.8772,175.4559,161.0500,179.0376,137.9611,138.2993,133.1661,134.9479,141.3870,153.8023,144.2001,131.3962,142.6586,147.5611,157.4310,168.5747,164.2964,169.1604,185.2609,173.6214,176.9458
2582,83,2,59,194.9495,172.5140,179.8085,171.5300,154.8907,171.9148,166.3252,183.5560,175.2791,161.0486,178.5584,138.0536,138.2472,133.1179,135.0334,141.3854,153.6302,144.1350,131.5787,142.6890,147.6085,157.4975,168.5119,164.4736,169.4254,185.2763,173.8829
2582,83,2,60,174.2727,194.9636,172.8687,180.0649,171.5443,155.0824,171.8546,166.4454,183.3539,175.1789,161.1053,178.1803,138.1980,138.2746,133.1466,135.1896,141.4577,153.5170,144.1328,131.7994,142.7898,147.7333,157.6303,168.5217,164.7238,169.7548,185.3740
2582,83,2,61,170.8627,174.2590,194.6990,172.9125,180.0146,171.3575,155.0488,171.5999,166.3035,182.9640,174.8688,160.9434,177.6443,138.1626,138.1660,133.0391,135.1964,141.3777,153.2484,143.9807,131.8554,142.7340,147.7001,157.5796,168.3487,164.7808,169.8636
2582,83,2,62,167.6269,170.4678,174.0178,194.1566,172.6965,179.7167,171.0223,154.8554,171.2028,165.9724,182.4442,174.4031,160.6652,176.9883,138.0509,138.0188,132.9131,135.1620,141.2517,152.9033,143.7711,131.8668,142.6288,147.6125,157.4415,168.0751,164.7319
2582,83,2,63,159.5870,167.1556,169.9273,173.6439,193.4257,172.3278,179.2902,170.5862,154.5814,170.6973,165.5367,181.8160,173.8340,160.3312,176.2256,137.9107,137.8606,132.7726,135.1164,141.1157,152.5216,143.5370,131.8869,142.5159,147.5063,157.2590,167.7503
2582,83,2,64,181.3432,159.2967,166.7568,169.6064,173.4218,192.8599,172.1831,179.0355,170.2087,154.4219,170.2147,165.2485,181.1847,173.3143,160.0373,175.4406,137.7980,137.6446,132.5685,135.0349,140.9588,152.1340,143.2837,131.9137,142.3935,147.3852,157.0970
2582,83,2,65,185.9343,180.3221,158.6079,165.8888,169.0009,172.7977,191.9190,171.7584,178.4185,169.3451,153.8729,169.2348,164.6119,180.0157,172.3304,159.2668,174.1198,137.2421,136.9067,131.8518,134.4551,140.2781,151.2515,142.5398,131.4805,141.7690,146.7581
2582,83,2,66,187.2663,184.3367,178.7971,157.4173,164.5291,167.9056,171.6401,190.4581,170.8018,177.2565,167.9760,152.8466,167.7870,163.5037,178.3673,170.8762,158.0229,172.3683,136.2631,135.7636,130.7439,133.4706,139.1786,149.9696,141.4063,130.6336,140.7242
2582,83,2,67,193.5095,184.9358,182.1132,176.6783,155.6894,162.6797,166.1979,169.8684,188.3598,169.1819,175.4681,166.1239,151.3359,165.8868,161.8692,176.2843,168.9781,156.3712,170.2786,134.9303,134.3317,129.3674,132.1701,137.7756,148.3838,139.9759,129.4779
2582,83,2,68,160.9908,190.7156,182.3162,179.5777,174.2661,153.6783,160.5589,164.1440,167.7621,185.9355,167.2130,173.3311,164.0110,149.5622,163.7619,159.9736,173.9886,166.8705,154.5129,168.0443,133.4192,132.7596,127.8557,130.7075,136.2181,146.6364,138.3913
2582,83,2,69,187.2906,159.0868,188.1023,179.8397,177.2038,171.9818,151.7346,158.5031,162.1927,165.7313,183.6345,165.3555,171.2868,161.9630,147.8555,161.7171,158.1638,171.7785,164.8500,152.7042,165.9085,131.9368,131.1975,126.3501,129.2496,134.6764,144.9476
2582,83,2,70,168.8899,184.8002,157.3738,185.7180,177.5705,175.0541,169.8856,149.9269,156.5839,160.4110,163.8673,181.5407,163.6789,169.4314,160.0689,146.2934,159.8314,156.5162,169.7327,162.9899,151.0326,163.9512,130.5559,129.7237,124.9303,127.8784,133.2352
2582,83,2,71,181.7229,166.9043,182.4716,155.8086,183.4737,175.4633,173.0687,167.9500,148.3041,154.8571,158.8006,162.2136,179.6202,162.1635,167.7758,158.4056,144.9286,158.1865,155.0547,167.9507,161.3620,149.5977,162.2626,129.3885,128.5065,123.7624,126.7637
2582,83,2,72,185.3455,179.1918,164.6655,179.9065,154.0276,180.9584,173.1303,170.8676,165.7763,146.4855,152.8990,156.9618,160.3206,177.4469,160.3964,165.8999,156.5149,143.3471,156.3193,153.3594,165.9526,159.5164,147.9420,160.3499,128.0343,127.0973,122.4190
2582,83,2,73,175.7999,182.1555,176.1647,161.9308,176.8189,151.7602,177.9173,170.3067,168.1674,163.1109,144.1861,150.4181,154.6552,157.8807,174.7692,158.1305,163.5139,154.0941,141.2863,153.9329,151.1890,163.4128,157.1813,145.7992,157.9269,126.2535,125.2319
2582,83,2,74,159.8827,172.3153,178.6594,172.8551,158.9369,173.4387,149.1966,174.6078,167.2340,165.2201,160.2086,141.6548,147.7085,152.1276,155.1882,171.8560,155.6254,160.8916,151.4500,139.0310,151.3477,148.8425,160.6868,154.6778,143.4986,155.3481,124.3548
2582,83,2,75,176.4094,156.7267,168.7851,175.0862,169.4708,155.9085,170.0508,146.5669,171.2744,164.1438,162.2522,157.3399,139.1971,145.0846,149.6050,152.5547,168.9737,153.1435,158.3405,148.9380,136.8725,148.9033,146.5908,158.1217,152.3096,141.3676,152.9326
2582,83,2,76,193.6623,172.6935,153.5314,165.1951,171.4438,166.0130,152.8353,166.6291,143.8963,167.9045,161.0062,159.2520,154.4546,136.7606,142.4974,147.0467,149.9549,166.0672,150.6495,155.8117,146.4852,134.7372,146.5030,144.3429,155.6170,149.9771,139.2877
2582,83,2,77,185.5068,189.0430,168.7356,150.1401,161.3788,167.5724,162.3470,149.5495,162.9810,141.0781,164.3383,157.6691,156.0710,151.4031,134.1738,139.7460,144.3382,147.2146,162.9718,148.0063,153.1222,143.8792,132.4743,143.9443,141.9393,152.9479,147.4754
2582,83,2,78,189.5067,180.6356,183.9788,164.4359,146.3883,157.2140,163.3280,158.3730,145.9301,158.9940,137.9876,160.4878,154.0018,152.6334,148.0635,131.3603,136.7617,141.4035,144.2292,159.6098,145.1273,150.1611,141.0475,130.0036,141.1505,139.3042,150.0496
2582,83,2,79,147.4459,183.6273,175.3161,178.5122,159.7615,142.2927,152.7267,158.7246,154.0559,141.9861,154.6779,134.5623,156.3014,150.0222,148.8455,144.4045,128.2576,133.5074,138.1391,140.9249,155.9474,141.9346,146.8743,137.9481,127.2687,138.1099,136.3856
2581,83,1,0,179.7581,176.3632,174.0718,170.7190,171.6402,172.6847,174.0398,175.8530,178.1839,180.8254,180.1397,180.2209,180.5576,181.4108,182.6569,184.1673,185.8246,187.3778,188.8962,190.3228,191.5884,192.6737,193.5242,194.1226,194.4693,194.5010,194.1695
2581,83,1,1,193.1390,183.7543,180.3384,178.0605,174.7440,175.7343,176.8597,178.2963,180.1921,182.6119,185.3531,184.7347,184.8798,185.2789,186.1934,187.4968,189.0640,190.7530,192.3245,193.8566,195.2893,196.5566,197.6377,198.4815,199.0701,199.4056,199.4199
2581,83,1,2,208.3571,196.3312,186.8335,183.3883,181.1186,177.8319,178.8756,180.0601,181.5566,183.5227,186.0181,188.8393,188.2745,188.4771,188.9186,189.8819,191.2326,192.8214,194.5423,196.1273,197.6696,199.1066,200.3769,201.4551,202.2902,202.8712,203.1951
2581,83,1,3,248.0012,210.2704,198.6019,189.1013,185.6458,183.3810,180.1218,181.2064,182.4373,183.9843,186.0023,188.5567,191.4317,190.9105,191.1559,191.6423,192.6473,194.0124,195.6174,197.3532,198.9461,200.4915,201.9320,203.2041,204.2789,205.1116,205.6838
2581,83,1,4,205.5937,249.0199,211.7967,200.3182,190.8516,187.3862,185.1353,181.8993,183.0195,184.2853,185.8696,187.9328,190.5303,193.4561,192.9812,193.2662,193.7914,194.7994,196.1798,197.7975,199.5440,201.1392,202.6912,204.1293,205.3973,206.4685,207.2941
2581,83,1,5,250.1619,207.1456,250.0058,213.1097,201.7634,192.3430,188.8749,186.6363,183.4250,184.5738,185.8711,187.4963,189.5924,192.2310,195.1943,194.7594,195.0886,195.6163,196.6336,198.0245,199.6487,201.4096,203.0074,204.5600,205.9967,207.2641,208.3282
2581,83,1,6,183.9291,250.9652,208.3508,250.6676,214.0211,202.7940,193.4206,189.9547,187.7262,184.5376,185.7140,187.0302,188.6816,190.8068,193.4740,196.4712,196.0629,196.4002,196.9343,197.9634,199.3569,200.9848,202.7485,204.3486,205.8976,207.3340,208.5947
2581,83,1,7,223.2771,185.6727,251.7339,209.4975,251.3478,214.8738,203.7350,194.4068,190.9382,188.7185,185.5491,186.7429,188.0823,189.7580,191.9078,194.5977,197.6228,197.2216,197.5684,198.1112,199.1463,200.5470,202.1800,203.9465,205.5451,207.0940,208.5269
2581,83,1,8,253.6470,223.8612,187.3110,252.5464,210.6822,252.1156,215.7756,204.7168,195.4261,191.9549,189.7427,186.5861,187.8013,189.1612,190.8604,193.0351,195.7513,198.7889,198.3959,198.7470,199.3010,200.3425,201.7470,203.3834,205.1558,206.7550,208.3039
2581,83,1,9,237.0639,254.2002,224.4128,188.7286,253.2181,211.7273,252.7792,216.5663,205.5721,196.3181,192.8532,190.6475,187.5088,188.7384,190.1219,191.8394,194.0381,196.7588,199.8047,199.4194,199.7749,200.3335,201.3780,202.7932,204.4341,206.2091,207.8088
2581,83,1,10,257.5831,237.8732,254.5486,224.7041,189.9495,253.6854,212.5901,253.2525,217.2055,206.2801,197.0626,193.6005,191.4102,188.2907,189.5417,190.9453,192.6884,194.8892,197.6118,200.6594,200.2761,200.6371,201.1998,202.2482,203.6646,205.3114,207.0879
2581,83,1,11,235.3790,257.0157,238.6851,254.8788,224.9132,191.2108,254.1474,213.4603,253.7219,217.8490,206.9919,197.8193,194.3623,192.1893,189.0953,190.3669,191.7935,193.5339,195.7288,198.4596,201.5118,201.1302,201.4938,202.0614,203.1156,204.5328,206.1838
2581,83,1,12,237.3763,235.7385,256.4780,239.4125,255.1458,225.1160,192.3933,254.5208,214.2497,254.0849,218.3997,207.6124,198.4868,195.0356,192.8738,189.8005,191.0937,192.5135,194.2602,196.4611,199.1903,202.2453,201.8725,202.2398,202.8079,203.8693,205.2953
2581,83,1,13,247.7372,238.0311,236.4360,256.4805,240.3405,255.7046,225.6965,193.7102,255.1202,215.2368,254.6626,219.1560,208.4226,199.3452,195.9009,193.7518,190.6983,191.9923,193.4133,195.1624,197.3669,200.1039,203.1622,202.7995,203.1725,203.7461,204.8085
2581,83,1,14,236.6554,248.4308,239.2619,237.7311,257.2450,241.7923,256.8376,226.8923,195.4251,256.2703,216.6946,255.7863,220.3942,209.6886,200.6510,197.2124,195.0768,192.0212,193.3164,194.7421,196.4959,198.7116,201.4574,204.5266,204.1701,204.5544,205.1363
2581,83,1,15,220.4449,237.5264,249.3857,240.6579,239.1587,258.2193,243.4116,258.1364,228.2765,197.1835,257.6390,218.2864,257.1707,221.8038,211.1032,202.1097,198.6761,196.5297,193.4683,194.7591,196.1966,197.9560,200.1784,202.9349,206.0173,205.6536,206.0484
2581,83,1,16,270.7044,222.6182,239.2254,251.1353,242.7408,241.2716,259.9627,245.7340,260.1495,230.4299,199.6063,259.7412,220.5888,259.3281,223.9270,213.2045,204.2751,200.8134,198.6495,195.5744,196.8753,198.3158,200.0883,202.3185,205.0936,208.1890,207.8304
2581,83,1,17,246.8621,272.5707,225.1597,241.3826,253.1646,245.0493,243.6358,261.9424,248.2985,262.3761,232.9124,202.4788,262.0028,223.2387,261.6240,226.2955,215.5879,206.6879,203.2206,201.0405,197.9609,199.2775,200.7278,202.5111,204.7641,207.5514,210.6742
2581,83,1,18,251.9318,246.2399,271.3798,225.7583,241.3998,252.6524,244.8822,243.6094,261.2135,248.4344,261.8903,233.2429,203.9130,261.4209,223.9063,261.0015,226.3805,215.7976,207.0803,203.6167,201.4735,198.4398,199.7704,201.2394,203.0331,205.2854,208.0723
2581,83,1,19,258.5598,247.4957,241.6094,265.1686,223.3873,238.0179,248.0025,240.8391,239.8240,256.0887,244.7375,257.0640,230.2219,203.2631,256.1942,221.4876,255.6412,222.7460,212.5287,204.2207,200.8464,198.7880,195.9025,197.2465,198.7299,200.5342,202.7951
2581,83,1,20,234.0367,249.2198,241.6013,236.0100,257.1880,220.6961,234.0767,242.2347,235.9134,235.2201,249.7216,240.1709,251.0814,226.6440,202.8576,249.5187,218.6182,248.7428,218.1545,208.3682,200.6239,197.3703,195.4229,192.7387,194.1255,195.6496,197.4883
2581,83,1,21,229.9532,229.0181,241.9395,237.4578,232.4860,251.1817,220.0501,232.3229,238.4665,233.0583,232.6466,245.4376,237.5848,247.2046,225.1284,204.4981,244.7799,217.6284,243.7456,215.3153,205.8559,198.6462,195.4928,193.6625,191.1715,192.6283,194.2276
2581,83,1,22,230.9931,226.2165,226.1282,237.1620,235.2871,231.0350,247.5984,221.1014,232.5227,236.7957,232.2362,232.0326,243.4207,236.9289,245.5573,225.4854,207.6046,242.2530,218.3565,240.9813,214.3084,205.0573,198.2933,195.2031,193.4745,191.1469,192.6902
2581,83,1,23,239.8134,227.1866,224.2360,224.7759,234.3504,234.5488,231.0194,245.8642,223.1358,233.9032,236.5832,232.7687,232.7318,243.0106,237.5241,245.4562,226.9977,211.3583,241.3554,220.1519,239.8678,214.6021,205.5073,199.0937,196.0486,194.4030,192.2077
2581,83,1,24,221.3186,235.6864,224.3085,222.8364,223.8411,232.2983,234.1686,231.3281,244.7857,225.1480,235.3762,236.7257,233.5898,233.6883,243.0661,238.3277,245.7888,228.6242,214.8610,240.9699,222.0344,239.3004,215.2195,206.2594,200.1358,197.1298,195.5537
2581,83,1,25,237.4285,220.3291,232.1408,221.8153,221.5618,222.9329,230.4943,233.7261,231.4387,243.8137,226.6746,236.4381,236.7540,234.2141,234.4437,243.0652,238.9684,246.0441,229.9489,217.7031,240.6400,223.5568,238.8390,215.7172,206.8576,200.9763,197.9995
2581,83,1,26,234.7439,232.0475,218.9892,228.8514,219.4382,220.1685,221.8290,228.6392,232.9333,231.0548,242.5564,227.4646,236.8144,236.3622,234.3171,234.6581,242.6494,239.1065,245.8381,230.6551,219.6447,239.9932,224.4128,238.1098,215.7942,207.0143,201.3583
2581,83,1,27,212.9684,231.2675,226.4604,216.9845,225.4306,216.8010,218.3258,220.1987,226.3902,231.4688,229.8781,240.6843,227.2576,236.2512,235.2379,233.6116,234.0536,241.4825,238.4234,244.8631,230.4417,220.4318,238.7156,224.3352,236.7730,215.1645,206.4770
2581,83,1,28,229.8877,210.1257,228.9642,222.1761,215.8101,223.2919,215.3251,217.5113,219.5498,225.2623,230.9633,229.5666,239.8838,227.7449,236.4970,235.0577,233.7515,234.2803,241.2735,238.6197,244.8610,231.0005,221.7483,238.4732,224.9674,236.4706,215.3309
2581,83,1,29,244.8875,229.1095,209.5103,228.5164,220.2391,216.3148,223.1579,215.7686,218.4837,220.6892,226.0564,232.2637,231.0168,241.0100,229.8623,238.4696,236.6978,235.5976,236.2247,242.8967,240.5879,246.7163,233.2289,224.5133,240.0897,227.1976,238.0366
2581,83,1,30,263.1440,245.7152,230.1750,210.7251,229.5551,220.3965,218.2100,224.5674,217.7162,220.8463,223.2270,228.3225,234.9592,233.8447,243.6052,233.2553,241.7858,239.7018,238.7514,239.4690,245.8943,243.8865,249.9310,236.7082,228.4042,243.0704,230.6338
2581,83,1,31,267.7323,264.5426,246.7830,231.4448,212.1935,230.6803,220.9942,220.1117,226.0653,219.7268,223.1744,225.7291,230.5864,237.5692,236.5654,246.1321,236.4692,244.9026,242.5631,241.7302,242.5298,248.7402,246.9840,252.9441,239.9687,232.0056,245.8805
2581,83,1,32,295.4495,268.4738,265.1050,247.0582,231.9564,212.9161,231.0036,220.7709,221.1556,226.7946,220.9499,224.6654,227.3790,232.0074,239.2902,238.3731,247.7636,238.6942,247.0142,244.4723,243.7405,244.6179,250.6282,249.1011,254.9734,242.2424,234.5901
2581,83,1,33,268.5811,295.2185,269.2971,265.7929,247.4490,232.5576,213.6991,231.3925,220.6890,222.1777,227.5712,222.1755,226.1168,228.9719,233.4039,240.9557,240.1136,249.3286,240.7621,248.9948,246.2743,245.6285,246.5708,252.4120,251.0921,256.8902,244.3670
2581,83,1,34,316.0281,272.4118,296.0939,270.9503,267.2833,248.6497,233.8947,215.2008,232.5535,221.6084,223.8750,229.0439,224.0328,228.1665,231.1548,235.4240,243.2146,242.4228,251.4941,243.3511,251.5366,248.6353,248.0648,249.0551,254.7679,253.6151,259.3534
2581,83,1,35,312.8005,316.6252,275.9901,297.3916,272.8649,269.0521,250.1706,235.5250,216.9887,234.0369,223.0298,225.8101,230.7693,226.0855,230.3929,233.4874,237.6262,245.5841,244.8486,253.8031,246.0100,254.1698,251.0981,250.5952,251.6234,257.2250,256.1994
2581,83,1,36,287.3780,313.8088,317.5422,279.3110,298.8666,274.8651,270.9222,251.8033,237.2326,218.8032,235.5577,224.5125,227.7205,232.5235,228.1333,232.6089,235.7996,239.8143,247.9170,247.2312,256.0938,248.6115,256.7625,253.5207,253.0820,254.1522,259.6550
2581,83,1,37,275.6790,289.7577,315.7986,319.6057,283.3351,301.3435,277.7326,273.6314,254.2217,239.6458,221.2586,237.7372,226.6386,230.2459,234.9415,230.8275,235.4775,238.7472,242.6548,250.9277,250.2863,259.0926,251.8809,260.0541,256.6438,256.2507,257.3764
2581,83,1,38,263.8455,278.4983,292.3907,318.1333,322.1151,287.4549,304.1510,280.8284,276.5593,256.8540,242.2063,223.8168,240.0357,228.8008,232.8644,237.5121,233.6602,238.4596,241.8135,245.6275,254.0781,253.4662,262.2428,255.2677,263.4708,259.9054,259.5641
2581,83,1,39,281.3348,265.2847,279.8951,293.5463,319.0265,323.1679,289.9458,305.4788,282.4687,278.0732,258.1696,243.4706,225.1234,241.0599,229.6375,234.1912,238.8140,235.2006,240.1200,243.5335,247.2533,255.8438,255.2579,263.9878,257.2326,265.4486,261.7585
2581,83,1,40,239.2646,280.4275,265.3683,279.8686,293.2367,318.4517,322.6867,290.8153,305.3094,282.6540,278.1802,258.1800,243.4786,225.2217,240.8754,229.2944,234.2776,238.8569,235.4597,240.4616,243.9146,247.5485,256.2266,255.6660,264.3246,257.7805,265.9811
2581,83,1,41,245.0561,239.2491,279.3931,265.1525,279.5458,292.6438,317.5783,321.8456,291.2076,304.7500,282.4681,277.9436,257.8959,243.2363,225.0890,240.4991,228.8397,234.1352,238.6514,235.4124,240.4777,243.9613,247.5179,256.2518,255.7187,264.2950,257.9416
2581,83,1,42,260.7268,245.3181,240.2230,279.5977,266.0158,280.3764,293.3337,317.9923,322.3364,292.7093,305.4286,283.4340,278.8486,258.7035,244.0870,226.0214,241.2478,229.5826,235.0820,239.5187,236.4096,241.5370,245.0603,248.5510,257.3540,256.8443,265.3590
2581,83,1,43,235.7128,262.0074,246.2152,241.6792,280.3647,267.4073,281.7589,294.6722,319.0479,323.5440,294.8226,306.7856,285.0073,280.3446,260.0719,245.4658,227.4675,242.4871,230.8531,236.5272,240.8835,237.9054,243.0972,246.6615,250.0926,258.9863,258.4966
2581,83,1,44,266.7108,236.5332,262.3771,246.1907,242.1972,280.1178,267.8143,282.1156,294.9642,319.0836,323.7135,295.9081,307.1268,285.5854,280.8453,260.4950,245.8929,227.9671,242.7326,231.0733,236.9824,241.2794,238.4429,243.6896,247.2948,250.6552,259.6203
2581,83,1,45,241.0857,265.4760,236.4052,261.8243,245.2216,241.7650,278.8775,267.2023,281.4456,294.1665,318.0649,322.7906,295.8549,306.3755,285.0976,280.2988,259.9077,245.3289,227.4800,241.9818,230.2408,236.4346,240.6972,237.9827,243.2786,246.9024,250.2006
2581,83,1,46,262.8230,239.8101,263.9761,235.8445,260.9025,243.9788,240.9468,277.3242,266.1883,280.3991,292.9950,316.6761,321.5038,295.3082,305.2274,284.2044,279.3612,258.9236,244.3949,226.6219,240.8762,229.0487,235.5031,239.7402,237.1415,242.4732,246.1165
2581,83,1,47,220.0474,260.6924,238.4602,262.3937,235.0119,259.7823,242.7068,239.9751,275.6966,265.0027,279.1627,291.6564,315.0657,319.9944,294.4207,303.8540,283.0741,278.2104,257.7772,243.3496,225.6846,239.7116,227.8966,234.4948,238.6773,236.1865,241.5332
2581,83,1,48,232.6641,219.1610,258.7604,237.2631,260.9311,234.1686,258.6819,241.5722,239.0759,274.2355,263.8904,277.9728,290.4010,313.5091,318.5322,293.4969,302.5167,281.9681,277.0984,256.7004,242.3964,224.8653,238.6941,226.9697,233.6099,237.7249,235.3306
2581,83,1,49,232.8764,232.5800,218.6254,257.3663,236.5017,259.9306,233.7258,258.0081,240.8645,238.5870,273.2734,263.2418,277.2526,289.6679,312.4966,317.6306,293.0645,301.6991,281.3566,276.4720,256.0928,241.8774,224.4616,238.1143,226.4878,233.1569,237.2001
2581,83,1,50,263.3519,232.8917,232.6556,218.1471,256.0807,235.7959,259.0013,233.3852,257.3690,240.1521,238.1200,272.3443,262.6338,276.6061,289.0309,311.6242,316.8874,292.7835,301.0389,280.8743,275.9506,255.5661,241.3905,224.0543,237.5177,225.9264,232.6907
2581,83,1,51,242.1090,262.9635,233.0590,232.8890,217.8147,254.9705,235.2245,258.2207,233.1729,256.8356,239.5605,237.7438,271.5383,262.1533,276.0982,288.5790,310.9606,316.3946,292.7301,300.6298,280.5989,275.6186,255.1787,241.0113,223.7260,236.9919,225.3987
2581,83,1,52,293.9739,242.6145,263.0078,233.5645,233.4365,217.8584,254.2792,235.0509,257.8780,233.3157,256.6992,239.3919,237.7583,271.1592,262.0810,276.0479,288.6183,310.7968,316.4287,293.1891,300.7393,280.7999,275.7523,255.2043,241.0167,223.7701,236.8433
2581,83,1,53,312.2239,293.8033,242.9530,262.8770,233.9347,233.8771,217.7636,253.4663,234.7675,257.4288,233.3411,256.4897,239.1253,237.6779,270.6834,261.9051,275.9210,288.5299,310.5196,316.3362,293.5170,300.7240,280.8817,275.7592,255.1182,240.9321,223.7072
2581,83,1,54,288.8056,311.2217,293.4159,243.0638,262.5415,234.1049,234.1092,217.5399,252.5904,234.3950,256.8845,233.2461,256.2005,238.7949,237.5130,270.1324,261.6408,275.6693,288.3085,310.1071,316.0938,293.6672,300.5429,280.8202,275.6413,254.9229,240.7680
2581,83,1,55,265.9016,288.3602,310.1716,292.8447,243.0517,262.1373,234.1594,234.1697,217.3483,251.8160,234.0523,256.3797,233.1130,255.8943,238.5324,237.3774,269.6508,261.3909,275.4030,288.0818,309.6639,315.8073,293.7349,300.3395,280.7303,275.5178,254.7620
2581,83,1,56,292.1262,265.4290,287.5769,308.8653,291.9514,242.7845,261.4945,233.9385,233.9047,216.9918,250.8696,233.4801,255.6481,232.7254,255.2936,238.0606,236.9875,268.9222,260.8795,274.8539,287.5673,308.9300,315.2263,293.5101,299.8746,280.3799,275.1413
2581,83,1,57,294.4080,291.2003,264.8499,286.7315,307.5342,291.0019,242.4476,260.8100,233.6213,233.5429,216.5603,249.8528,232.8206,254.8428,232.2477,254.6024,237.4889,236.4942,268.0952,260.2845,274.2082,286.9809,308.1230,314.5842,293.2032,299.3495,279.9600
2581,83,1,58,286.7835,293.8097,290.2978,264.2718,285.9111,306.2539,290.0710,242.1047,260.1712,233.3083,233.1910,216.1473,248.9171,232.2048,254.0989,231.7979,253.9681,236.9690,236.0339,267.3329,259.7307,273.6276,286.4731,307.3998,314.0199,292.9517,298.8844
2581,83,1,59,292.5591,286.4731,293.1604,289.3228,263.6555,285.0599,304.9476,289.0962,241.7089,259.5035,232.9608,232.7934,215.6910,247.9610,231.5618,253.3332,231.3261,253.3024,236.4165,235.5332,266.5344,259.1398,273.0273,285.9522,306.6576,313.4305,292.6725
2581,83,1,60,272.4054,291.8684,285.9332,292.2694,288.1065,262.8037,283.9791,303.4188,287.9084,241.0954,258.5886,232.3821,232.1799,215.0020,246.7496,230.6731,252.2919,230.5978,252.3504,235.5926,234.7491,265.4366,258.2639,272.1482,285.1297,305.6198,312.5417
2581,83,1,61,267.4299,271.1826,290.5407,284.7709,290.7838,286.3444,261.4111,282.3568,301.3706,286.1853,239.9869,257.1790,231.3238,231.0720,213.8769,245.0955,229.3436,250.7675,229.4090,250.9061,234.3024,233.4935,263.8413,256.8804,270.7300,283.7546,304.0068
2581,83,1,62,259.3000,265.6385,269.6935,288.8734,283.2184,289.0363,284.3977,259.8051,280.5049,299.1491,284.2677,238.7084,255.6438,230.1418,229.8210,212.6954,243.4250,227.9755,249.2026,228.1563,249.3861,232.9909,232.2151,262.2238,255.4545,269.2492,282.2851
2581,83,1,63,247.4373,257.5484,263.8375,268.1832,287.1220,281.5592,287.2530,282.4308,258.1820,278.6141,296.9428,282.3427,237.4779,254.1574,229.0172,228.6118,211.6155,241.8375,226.7132,247.7477,227.0019,247.9526,231.8037,231.0668,260.7316,254.1699,267.8794
2581,83,1,64,247.4482,245.9339,255.8563,262.1344,266.7915,285.4886,280.0136,285.5780,280.5714,256.6580,276.7853,294.8028,280.5146,236.3483,252.7724,227.9831,227.4977,210.6389,240.2827,225.5212,246.3629,225.9206,246.5865,230.6811,230.0000,259.3303,252.9804
2581,83,1,65,247.2722,245.6760,244.2411,253.9609,260.2411,265.2110,283.6521,278.2888,283.7025,278.5416,254.9552,274.7891,292.4835,278.5375,235.0937,251.2482,226.8233,226.2490,209.5401,238.5783,224.2048,244.8334,224.7118,245.0849,229.4359,228.8272,257.8008
2581,83,1,66,276.0782,245.0908,243.4528,242.1171,251.6669,257.9205,263.1591,281.3498,276.0798,281.3684,276.0965,252.8561,272.4114,289.7531,276.1656,233.4817,249.3744,225.3153,224.6655,208.1435,236.5820,222.5921,242.9972,223.2085,243.2871,227.8956,227.3664
2581,83,1,67,248.9632,272.6093,242.3407,240.6933,239.4474,248.8588,255.0572,260.4826,278.4469,273.2699,278.4545,273.1365,250.2752,269.5425,286.5352,273.2852,231.3867,247.0351,223.3592,222.6608,206.3380,234.2228,220.5910,240.7577,221.3244,241.1006,225.9851
2581,83,1,68,225.1113,245.6646,268.8884,239.3168,237.6504,236.5044,245.7432,251.9207,257.4691,275.2575,270.1997,275.2360,269.8623,247.4220,266.4014,283.0194,270.1325,229.0022,244.4007,221.1214,220.3895,204.2444,231.5854,218.2930,238.2192,219.1573,238.6132
2581,83,1,69,250.9132,221.8464,241.9574,264.7822,235.8928,234.2481,233.2006,242.2265,248.3870,254.0559,271.6795,266.7858,271.6097,266.1548,244.1791,262.8771,279.0883,266.5964,226.2413,241.3620,218.5048,217.7523,201.7717,228.5038,215.5943,235.2240,216.5769
2581,83,1,70,235.9139,246.5068,218.2861,237.9573,260.3697,232.1954,230.5913,229.6313,238.4605,244.5970,250.3741,267.8076,263.0863,267.7349,262.2274,240.7327,259.1312,274.9586,262.8474,223.2986,238.1304,215.7125,214.9445,199.1569,225.2930,212.7573,232.0769
2581,83,1,71,281.4825,231.7623,242.0793,214.6998,233.9361,255.9272,228.5063,226.9269,226.0685,234.7555,240.8615,246.7264,263.9283,259.3701,263.9225,258.3939,237.3443,255.4599,270.9436,259.1896,220.4407,235.0083,213.0254,212.2450,196.6846,222.2805,210.1039
2581,83,1,72,218.9998,276.0964,227.7007,237.7819,211.2168,230.0492,251.6055,224.9583,223.3945,222.6450,231.2194,237.2878,243.2507,260.2185,255.8274,260.3009,254.7806,234.1700,252.0242,267.2091,255.7792,217.8021,232.1469,210.5763,209.7805,194.4715,219.6118
2581,83,1,73,237.2922,215.0706,270.8392,223.7215,233.6056,207.8000,226.2588,247.4239,221.5012,219.9812,219.3311,227.7983,233.8255,239.8779,256.6591,252.4257,256.8108,251.3161,231.1582,248.7565,263.6431,252.5391,215.3109,229.4570,208.2783,207.4945,192.4244
2581,83,1,74,240.7598,232.0385,210.7138,265.0321,219.2694,228.9255,203.9024,221.9844,242.7894,217.5436,216.1156,215.5538,223.8491,229.8519,235.9803,252.6058,248.5634,252.7915,247.3188,227.6897,245.0013,259.5181,248.8122,212.3753,226.2842,205.5306,204.8035
2581,83,1,75,271.4938,234.8884,226.0786,205.7161,258.4592,214.1076,223.5263,199.3243,216.9781,237.4547,212.8528,211.5584,211.0877,219.1616,225.1315,231.2916,247.7704,243.9250,247.9484,242.5205,223.4646,240.4765,254.5723,244.3084,208.6949,222.3149,202.0257
2581,83,1,76,262.9127,263.3425,228.3243,219.5968,200.1647,251.2907,208.3951,217.6123,194.2591,211.4435,231.5554,207.6697,206.4905,206.1331,213.9874,219.9139,226.0929,242.3506,238.6990,242.5728,237.2356,218.7605,235.4521,249.1619,239.3252,204.5646,217.8986
2581,83,1,77,238.3871,254.0856,254.5101,221.0798,212.5737,194.0540,243.5002,202.1562,211.1749,188.7016,205.3971,225.0699,201.9739,200.8946,200.6775,208.3100,214.1773,220.3566,236.3287,232.8749,236.6382,231.4316,213.5620,229.9156,243.2515,233.8218,199.9936
2581,83,1,78,230.8164,229.3361,244.7125,245.1542,213.3480,205.1525,187.5349,235.2379,195.5389,204.3301,182.7910,198.9756,218.1467,195.8994,194.9151,194.8472,202.2636,208.0804,214.2423,229.8739,226.6469,230.3118,225.2476,208.0085,224.0144,236.9743,227.9475
2581,83,1,79,220.4252,221.4449,220.1499,235.0835,235.5662,205.3732,197.5911,180.8548,226.7931,188.7880,197.3333,176.7655,192.4380,211.0486,189.7160,188.8267,188.9073,196.1244,201.8975,208.0338,223.2921,220.2931,223.8834,218.9808,202.3913,218.0056,230.6192
2581,83,2,0,170.3676,167.1489,164.9690,161.7817,162.6447,163.6305,164.9132,166.6250,168.8269,171.3317,170.6706,170.7450,171.0525,171.8609,173.0364,174.4726,176.0396,177.5114,178.9568,180.3023,181.5024,182.5371,183.3513,183.9153,184.2456,184.2778,183.9635
2581,83,2,1,195.6262,174.3193,171.0632,168.8807,165.7170,166.6305,167.6866,169.0345,170.8230,173.1094,175.7002,175.0942,175.2225,175.5830,176.4444,177.6785,179.1649,180.7686,182.2550,183.7134,185.0678,186.2729,187.3081,188.1192,188.6753,188.9976,189.0166
2581,83,2,2,188.7225,197.6200,176.7045,173.4227,171.2485,168.1109,169.0719,170.1701,171.5709,173.4141,175.7595,178.4081,177.8533,178.0333,178.4348,179.3434,180.6110,182.1100,183.7323,185.2297,186.6930,188.0491,189.2507,190.2794,191.0834,191.6327,191.9456
2581,83,2,3,211.3465,190.9171,199.2219,178.7012,175.4126,173.2422,170.1280,171.1258,172.2664,173.7115,175.6035,178.0000,180.7081,180.1950,180.4196,180.8567,181.8001,183.0878,184.5995,186.2377,187.7416,189.2087,190.5660,191.7675,192.7968,193.5955,194.1388
2581,83,2,4,216.1857,212.5578,192.5966,200.3789,180.2522,176.9513,174.7942,171.6988,172.7321,173.9057,175.3910,177.3254,179.7641,182.5196,182.0451,182.3081,182.7855,183.7398,185.0376,186.5661,188.2159,189.7249,191.1926,192.5485,193.7516,194.7780,195.5716
2581,83,2,5,218.9260,216.8908,213.3422,193.6506,200.9745,181.2594,177.9597,175.8122,172.7417,173.8024,175.0053,176.5221,178.4891,180.9607,183.7499,183.3095,183.6087,184.0968,185.0558,186.3606,187.8984,189.5516,191.0615,192.5315,193.8878,195.0844,196.1053
2581,83,2,6,200.6734,219.6499,217.5356,214.0615,194.5116,201.4383,182.1213,178.8265,176.6979,173.6545,174.7358,175.9688,177.5099,179.4998,182.0009,184.8197,184.4086,184.7217,185.2133,186.1807,187.4883,189.0268,190.6877,192.1930,193.6581,195.0073,196.2024
2581,83,2,7,246.6003,202.6915,220.9605,218.8065,215.3900,195.8576,202.4635,183.4825,180.1863,178.0735,175.0503,176.1500,177.4084,178.9776,181.0057,183.5365,186.3875,185.9885,186.3077,186.8104,187.7826,189.0960,190.6380,192.3040,193.8107,195.2758,196.6233
2581,83,2,8,216.5262,248.0730,205.2531,222.8996,220.7433,217.3713,197.7742,204.1253,185.3790,182.0750,179.9665,176.9550,178.0860,179.3728,180.9788,183.0454,185.6183,188.4885,188.0938,188.4184,188.9279,189.9091,191.2362,192.7911,194.4641,195.9755,197.4409
2581,83,2,9,230.9250,218.9430,249.6495,207.6824,224.8247,222.6769,219.3265,199.6827,205.8458,187.2673,183.9561,181.8527,178.8497,180.0100,181.3332,182.9684,185.0725,187.6627,190.5541,190.1628,190.4923,191.0097,192.0023,193.3401,194.9051,196.5857,198.1011
2581,83,2,10,239.8986,232.0223,220.4819,250.4354,209.2502,225.9521,223.8234,220.4983,200.8698,206.8776,188.4695,185.1649,183.0708,180.0882,181.2692,182.6186,184.2804,186.3879,188.9830,191.8852,191.4978,191.8386,192.3587,193.3528,194.6961,196.2633,197.9538
2581,83,2,11,263.3022,240.0293,232.2808,221.1512,250.3336,209.9528,226.2634,224.1407,220.8438,201.2826,207.1448,188.9503,185.6548,183.5841,180.6249,181.8234,183.1877,184.8514,186.9622,189.5568,192.4530,192.0789,192.4196,192.9404,193.9385,195.2828,196.8493
2581,83,2,12,224.0318,262.4428,239.8909,232.2624,221.5303,249.9444,210.3870,226.3004,224.1704,220.9242,201.4226,207.1067,189.1664,185.8904,183.8322,180.9005,182.1152,183.4857,185.1509,187.2554,189.8495,192.7431,192.3806,192.7289,193.2535,194.2523,195.5975
2581,83,2,13,227.7027,224.0553,261.5522,239.7666,232.2481,221.9367,249.5942,210.8703,226.3506,224.2320,221.0334,201.5775,207.0604,189.3919,186.1295,184.0919,181.1918,182.4024,183.7747,185.4408,187.5505,190.1436,193.0373,192.6846,193.0400,193.5658,194.5691
2581,83,2,14,229.1769,227.6493,224.3702,261.0090,240.0447,232.6378,222.7468,249.6759,211.7939,226.8043,224.6956,221.5341,202.0832,207.3654,189.9618,186.7023,184.6810,181.7864,182.9973,184.3667,186.0379,188.1513,190.7481,193.6392,193.2963,193.6581,194.1916
2581,83,2,15,238.6959,230.2763,228.5016,225.6052,261.5321,241.3705,234.0149,224.4960,250.7692,213.6425,228.2125,226.1156,222.9762,203.4439,208.5529,191.3496,188.0906,186.0489,183.1427,184.3581,185.7381,187.4128,189.5369,192.1476,195.0610,194.7197,195.0919
2581,83,2,16,222.4731,239.9782,231.9458,229.8806,227.4042,262.7490,243.3606,236.0331,226.8843,252.5407,216.0885,230.2378,228.1738,225.0454,205.3731,210.3293,193.2896,189.9904,187.9222,184.9978,186.2190,187.6069,189.3015,191.4377,194.0649,196.9973,196.6625
2581,83,2,17,209.6988,223.6530,240.8424,233.3427,230.9919,228.8404,263.3720,244.9083,237.6448,228.9558,253.7890,218.2658,231.9199,229.8678,226.8062,206.9604,211.6585,194.9191,191.5866,189.5099,186.5707,187.8003,189.1906,190.8976,193.0546,195.7030,198.6522
2581,83,2,18,230.6381,209.4819,222.5230,238.7370,232.3957,229.6730,227.8162,260.2394,243.5681,236.5268,228.7268,251.6657,218.4185,231.0328,228.9231,226.0865,206.2217,210.1743,194.3695,191.0393,188.9763,186.1066,187.3416,188.7409,190.4572,192.6198,195.2736
2581,83,2,19,198.6978,223.3817,204.6278,216.1723,230.3538,225.9927,222.8686,221.2847,249.3732,235.7500,229.2476,223.0919,242.2902,213.5763,224.1938,222.0136,219.6701,200.2661,202.7834,188.9552,185.7331,183.7747,181.0796,182.3243,183.7365,185.4431,187.5928
2581,83,2,20,207.7149,190.6014,210.7385,195.2744,205.0092,216.7386,214.4734,211.1071,209.6757,232.2679,222.1546,216.3708,212.3264,226.7631,203.8067,211.8966,209.7403,208.0586,189.6464,190.5127,179.1448,176.1347,174.3591,171.9581,173.2127,174.6234,176.3174
2581,83,2,21,209.7281,195.9695,182.5145,199.0082,186.5978,194.7706,204.4612,203.8533,200.3319,199.0223,216.7298,209.5714,204.4930,202.3858,212.5470,194.7325,200.5461,198.4277,197.3918,179.9680,179.4309,170.1602,167.3602,165.7672,163.6491,164.9217,166.3462
2581,83,2,22,180.3422,198.9168,188.4932,177.7422,191.7999,181.7279,188.7476,197.0361,197.5943,193.9234,192.7577,206.8607,201.8960,197.3254,196.7320,203.6720,189.6764,193.7546,191.6680,191.1525,174.3691,172.7749,164.9735,162.3188,160.8634,158.9565,160.2660
2581,83,2,23,174.6804,176.3878,192.6322,184.6002,175.8660,188.3425,180.0314,186.2031,193.5490,194.9483,191.1195,190.1083,201.6629,198.3143,194.0711,194.6525,199.2453,187.9776,190.7888,188.7029,188.6200,172.1546,169.7610,162.9565,160.3899,159.0295,157.2709
2581,83,2,24,189.9384,172.1274,174.2812,188.7710,182.4863,175.3318,186.7318,179.7866,185.3086,191.9816,194.0093,190.0428,189.1925,198.9102,196.7728,192.7590,194.2611,197.1040,187.8409,189.7220,187.6181,187.8851,171.6061,168.6023,162.4982,159.9922,158.7022
2581,83,2,25,176.4500,187.3911,172.1108,174.7514,188.0100,182.9863,176.9892,187.7311,181.7697,186.8596,193.1101,195.6335,191.5120,190.8128,199.2549,198.0270,194.1638,196.3914,197.9256,190.0953,191.2866,189.1382,189.6878,173.3846,169.8890,164.2424,161.7524
2581,83,2,26,157.3108,177.7392,188.1113,174.5692,177.7136,190.1860,186.0884,180.9139,191.3223,186.0286,190.8689,196.8960,199.8534,195.5467,194.9783,202.5793,202.0416,198.2396,201.0865,201.6117,194.7770,195.4450,193.2351,194.0193,177.4604,173.5281,168.1485
2581,83,2,27,204.0064,161.4919,180.4842,190.5210,178.2041,181.8067,193.7910,190.4036,185.8230,196.0806,191.2417,195.9491,201.8655,205.2072,200.7056,200.2469,207.2842,207.2441,203.4594,206.8368,206.5570,200.4363,200.6970,198.4249,199.3978,182.4796,178.1680
2581,83,2,28,199.2677,204.7908,165.3822,183.3011,193.1177,181.7193,185.7096,197.3676,194.5419,190.3916,200.5657,196.0565,200.6869,206.5416,210.2266,205.5420,205.1843,211.7882,212.1318,208.3592,212.1725,211.2501,205.6624,205.6036,203.2804,204.3959,187.1499
2581,83,2,29,224.0076,202.0782,206.4677,169.3921,186.4337,196.1471,185.4593,189.7625,201.2254,198.8138,194.9808,205.1406,200.8840,205.4697,211.3094,215.2915,210.4397,210.1457,216.4246,217.0697,213.2890,217.4781,216.0265,210.8409,210.5231,208.1482,209.3837
2581,83,2,30,251.2254,227.2352,205.2140,208.6541,173.4276,189.7274,199.3755,189.2478,193.8206,205.1608,203.0689,199.4943,209.6659,205.6195,210.1795,216.0319,220.2767,215.2501,215.0082,221.0312,221.9152,218.1213,222.6206,220.7319,215.8566,215.3310,212.9059
2581,83,2,31,258.7667,253.8020,229.8534,207.8636,210.4796,176.7691,192.4705,202.0464,192.3694,197.2142,208.4238,206.6285,203.2523,213.4344,209.5774,214.1235,219.9843,224.4239,219.2583,219.0602,224.8704,225.9385,222.1450,226.9023,224.6574,220.0402,219.3354
2581,83,2,32,289.4489,260.5600,255.4530,231.5468,209.6485,211.5613,179.1157,194.3344,203.8482,194.5470,199.6221,210.7175,209.1834,205.9547,216.1475,212.4490,216.9804,222.8328,227.4261,222.1477,221.9896,227.6189,228.8397,225.0546,230.0297,227.4903,223.0943
2581,83,2,33,291.2825,291.3471,262.7489,257.5069,233.5702,211.6713,212.9994,181.5813,196.4057,205.8911,196.8918,202.1887,213.2190,211.9199,208.8081,219.0373,215.4739,219.9862,225.8429,230.5913,225.2021,225.0775,230.5530,231.9168,228.1314,233.3199,230.5020
2581,83,2,34,276.5240,294.4714,294.2139,265.8429,260.4589,236.4754,214.4934,215.3484,184.7673,199.2514,208.7207,199.9906,205.4777,216.4811,215.3948,212.3876,222.6736,219.2025,223.7273,229.6008,234.4984,228.9949,228.8962,234.2357,235.7320,231.9357,237.3198
2581,83,2,35,265.8360,279.9075,297.5238,297.0303,268.8513,263.4071,239.3738,217.3437,217.8049,187.9394,202.1222,211.5702,203.0770,208.7367,219.7101,218.8113,215.9035,226.2237,222.8410,227.3789,233.2555,238.2852,232.6792,232.6098,237.8192,239.4236,235.6196
2581,83,2,36,263.7683,268.5348,282.2009,299.5194,298.8123,270.8590,265.4007,241.3634,219.3605,219.4782,190.2818,204.1868,213.5944,205.3340,211.1219,222.0551,221.3152,218.4882,228.8086,225.5023,230.0385,235.9129,241.0432,235.3577,235.3124,240.4046,242.1010
2581,83,2,37,261.6668,264.5233,270.1856,283.4368,300.5274,299.5790,271.8871,266.3922,242.3828,220.4679,220.2815,191.6978,205.3529,214.7237,206.6758,212.5776,223.4545,222.8467,220.0828,230.3854,227.1516,231.6822,237.5399,242.7529,237.0140,236.9854,241.9813
2581,83,2,38,252.3412,261.7679,265.6627,272.2041,285.0669,301.9938,300.8060,273.2959,267.7609,243.7109,221.8114,221.3409,193.2556,206.7187,216.0637,208.2031,214.2272,225.0616,224.5792,221.8665,232.1820,229.0055,233.5359,239.3975,244.6990,238.8943,238.8862
2581,83,2,39,212.8351,253.9753,263.1550,267.9103,275.2164,287.7663,304.5172,303.1194,275.7319,270.1188,245.9712,223.9722,223.2267,195.5613,208.8695,218.2109,210.5035,216.6385,227.4814,227.1143,224.4422,234.7995,231.6666,236.2182,242.1010,247.5076,241.6175
2581,83,2,40,244.1271,216.1061,256.4371,265.4601,270.8159,278.7343,291.0856,307.6058,306.0379,278.7499,273.0346,248.8057,226.6558,225.6414,198.3729,211.5332,220.8739,213.2928,219.5227,230.3904,230.1297,227.4927,237.9063,234.8051,239.3889,245.2979,250.8073
2581,83,2,41,248.6747,246.1720,219.0775,258.7522,267.7089,273.4962,281.8497,294.0394,310.3296,308.6253,281.4552,275.6334,251.3816,229.1240,227.8659,200.9851,213.9922,223.3107,215.8552,222.1522,233.0297,232.8676,230.2608,240.7162,237.6525,242.2578,248.1816
2581,83,2,42,240.4601,249.9107,247.6923,221.3892,260.5024,269.4330,275.5398,284.2145,296.2123,312.3179,310.4888,283.4702,277.5426,253.3489,231.0278,229.5589,203.0518,215.9032,225.1872,217.8390,224.1887,235.0571,234.9744,232.4022,242.8698,239.8432,244.4596
2581,83,2,43,236.8353,241.0834,250.3176,248.2816,222.6907,261.3088,270.1532,276.5250,285.4366,297.2367,313.1743,311.2535,284.4300,278.4254,254.3401,232.0069,230.3881,204.2246,216.9168,226.1628,218.9158,225.2888,236.1328,236.1083,233.5707,244.0241,241.0252
2581,83,2,44,239.4049,236.4388,240.5508,249.4701,247.5952,222.7849,260.7988,269.4441,276.1569,285.3503,296.9132,312.7072,310.7206,284.0985,278.0628,254.0968,231.7986,230.0572,204.2261,216.7567,225.9626,218.8139,225.2062,236.0009,236.0217,233.5156,243.9413
2581,83,2,45,222.2795,238.3161,235.5527,239.5130,248.0904,246.3719,222.3845,259.6971,268.0959,275.2189,284.7397,296.0476,311.7179,309.6667,283.2456,277.1798,253.3246,231.0826,229.2315,203.7245,216.0946,225.2636,218.2206,224.6231,235.3568,235.4234,232.9507
2581,83,2,46,212.8119,222.1812,237.9575,235.3375,239.1167,247.4388,245.8758,222.6095,259.2966,267.5329,275.0038,284.8359,295.9081,311.4632,309.3133,283.0725,276.9884,253.2225,231.0281,229.0605,203.8627,216.0856,225.2095,218.2652,224.6804,235.3683,235.4827
2581,83,2,47,233.4485,213.4052,222.8693,238.4501,235.9049,239.5025,247.6788,246.2636,223.6252,259.8053,267.9844,275.6938,285.7592,296.6053,312.0467,309.7713,283.7034,277.6016,253.9314,231.7624,229.6642,204.7915,216.8767,225.9367,219.0932,225.5160,236.1633
2581,83,2,48,248.2440,233.8459,213.9269,223.5052,238.9138,236.3837,239.8123,247.8741,246.6374,224.6031,260.3110,268.4596,276.3755,286.6318,297.2823,312.5964,310.1846,284.2816,278.1574,254.5888,232.4379,230.2079,205.6566,217.5967,226.6074,219.8513,226.2939
2581,83,2,49,267.7444,248.1446,233.9442,214.1374,223.8526,239.0457,236.5398,239.8014,247.7248,246.7161,225.2851,260.4872,268.5975,276.7574,287.2367,297.6963,312.8924,310.3298,284.5877,278.4091,254.9452,232.7906,230.4310,206.1877,217.9838,226.9602,220.2911
2581,83,2,50,325.0937,267.3826,247.9053,233.9039,214.2147,224.0371,238.9594,236.5264,239.6485,247.4171,246.6188,225.7694,260.4871,268.5237,276.9373,287.6433,297.8965,312.9843,310.3031,284.7161,278.4817,255.1152,232.9551,230.4735,206.5212,218.1867,227.1259
2581,83,2,51,278.7728,323.9010,266.6830,247.3987,233.5473,214.0087,223.8862,238.5089,236.2042,239.1647,246.7348,246.1228,225.8796,260.0610,268.0215,276.7081,287.6266,297.6746,312.6379,309.8770,284.4500,278.1688,254.9150,232.7706,230.1849,206.5180,218.0478
2581,83,2,52,267.0507,278.3886,322.6052,265.9122,246.8481,233.0991,213.7462,223.6556,237.9972,235.8209,238.6395,245.9350,245.5343,225.9093,259.5354,267.4121,276.3650,287.4840,297.3362,312.1678,309.3512,284.0870,277.7807,254.6344,232.5222,229.8412,206.4629
2581,83,2,53,261.9211,266.9370,277.8465,321.1880,265.1184,246.2745,232.6118,213.4746,223.4089,237.4923,235.4237,238.1300,245.1366,244.9410,225.9289,259.0058,266.7833,275.9861,287.2773,296.9294,311.6290,308.7579,283.6853,277.3458,254.3199,232.2760,229.5002
2581,83,2,54,265.7024,261.8471,266.8486,277.3544,319.8253,264.3806,245.7583,232.1542,213.2071,223.2011,237.0329,235.0847,237.6885,244.4044,244.4269,225.9915,258.5723,266.2348,275.6848,287.1509,296.6315,311.1845,308.2663,283.3624,276.9957,254.0530,232.0643
2581,83,2,55,265.2709,265.8433,262.1892,267.2092,277.3290,318.9313,264.0479,245.6257,232.0510,213.2638,223.3666,236.9725,235.1221,237.6248,244.0819,244.3216,226.4746,258.5872,266.1330,275.8714,287.5329,296.8479,311.2816,308.2918,283.5228,277.1195,254.2165
2581,83,2,56,284.2076,265.4725,265.9462,262.4646,267.5113,277.2512,318.0345,263.6514,245.4443,231.8833,213.2517,223.4693,236.8194,235.0890,237.4950,243.7107,244.1437,226.8587,258.5324,265.9798,275.9901,287.8540,296.9954,311.3351,308.2674,283.6020,277.1639
2581,83,2,57,282.1490,283.7965,265.1015,265.4777,262.1729,267.1838,276.6040,316.6356,262.7219,244.7431,231.2410,212.7500,223.0493,236.1465,234.5040,236.8283,242.8269,243.4155,226.6525,257.9044,265.2745,275.4942,287.5170,296.4913,310.7338,307.6109,283.0871
2581,83,2,58,272.4287,281.5261,282.6946,264.0722,264.3874,261.2690,266.2272,275.3728,314.6779,261.2935,243.5141,230.1071,211.7909,222.0913,234.9606,233.4004,235.6263,241.4600,242.1550,225.8609,256.7266,264.0197,274.3790,286.5136,295.3360,309.4795,306.3187
2581,83,2,59,260.1845,271.3416,280.3744,281.1163,262.5811,262.8702,259.9245,264.8116,273.7312,312.3302,259.4832,241.8954,228.6082,210.4708,220.7440,233.4064,231.9191,234.0536,239.7273,240.5052,224.6585,255.1279,262.3508,272.8265,285.0291,293.7145,307.7459
2581,83,2,60,287.4085,259.1724,270.0339,279.0099,279.3554,260.9064,261.2256,258.3991,263.2460,271.9369,309.8315,257.5746,240.1800,227.0049,209.0649,219.3278,231.7756,230.3466,232.4049,237.9450,238.8037,223.3958,253.4813,260.6231,271.2007,283.4446,292.0018
2581,83,2,61,267.4347,285.8911,258.2731,268.8364,277.7240,277.7206,259.3770,259.7386,256.9981,261.8360,270.2847,307.4486,255.8672,238.6387,225.5910,207.8385,218.1157,230.3603,228.9865,230.9693,236.3993,237.3396,222.3612,252.0793,259.1475,269.8293,282.0871
2581,83,2,62,235.9477,265.8964,284.3922,257.4181,267.6825,276.4596,276.1237,257.8823,258.2898,255.6371,260.4812,268.6598,305.0774,254.1914,237.1387,224.2129,206.6582,216.9403,228.9737,227.6632,229.5580,234.8768,235.8984,221.3682,250.7196,257.7142,268.4947
2581,83,2,63,246.5974,234.7920,264.2294,282.7078,256.3852,266.3590,275.0338,274.3789,256.2795,256.7206,254.1831,259.0165,266.9400,302.6102,252.4528,235.5816,222.7969,205.4382,215.7221,227.5523,226.3106,228.1048,233.3257,234.4264,220.3371,249.3004,256.2439
2581,83,2,64,230.5293,244.7525,233.2344,262.1581,280.5334,254.8361,264.5366,273.1316,272.1946,254.2953,254.7817,252.3464,257.1812,264.8536,299.7456,250.4221,233.7307,221.1287,204.0112,214.2789,225.9339,224.7242,226.4228,231.5619,232.7572,219.0736,247.6278
2581,83,2,65,263.6610,228.9167,242.7804,231.4970,259.9512,278.2240,253.1029,262.5696,271.0908,269.8633,252.1610,252.6990,250.3634,255.1979,262.6194,296.7686,248.2732,231.7712,219.3523,202.4902,212.7362,224.2123,223.0282,224.6487,229.6986,230.9918,217.6978
2581,83,2,66,257.6161,261.4027,227.4017,240.9120,229.8334,257.8357,276.0735,251.5024,260.7394,269.1824,267.7095,250.1632,250.7503,248.5315,253.3612,260.5566,294.0239,246.2594,229.9685,217.7291,201.0937,211.3232,222.6177,221.4865,223.0421,227.9771,229.3670
2581,83,2,67,268.5008,255.0415,258.9833,225.7641,238.9336,228.0283,255.5593,273.8081,249.8349,258.8213,267.1743,265.4775,248.0916,248.6849,246.6213,251.4123,258.4076,291.2050,244.1285,228.0892,216.0180,199.6105,209.8199,220.9286,219.8734,221.3661,226.1893
2581,83,2,68,280.3625,266.1904,252.6010,256.7234,224.2967,237.1396,226.3436,253.4132,271.7299,248.3831,257.1217,265.3492,263.4562,246.2298,246.7855,244.9234,249.6592,256.4646,288.6329,242.1745,226.4181,214.4886,198.2932,208.4876,219.4359,218.4428,219.9036
2581,83,2,69,276.5100,277.9909,264.1202,250.4019,254.7132,223.0267,235.5840,224.8870,251.5053,269.9247,247.1444,255.6824,263.7929,261.7406,244.6594,245.1911,243.4947,248.1950,254.8264,286.4377,240.5307,225.0467,213.2663,197.2694,207.4550,218.2641,217.3292
2581,83,2,70,251.6117,273.9603,275.5856,261.9684,248.2018,252.6713,221.6511,233.9805,223.3929,249.5800,268.0867,245.8246,254.1931,262.2087,260.0176,243.0927,243.6276,242.0657,246.7410,253.2125,284.3245,238.9747,223.7156,212.0853,196.2846,206.4555,217.1337
2581,83,2,71,251.3691,248.7825,270.9078,272.7270,259.2845,245.5783,250.1724,219.7874,231.9307,221.4543,247.2394,265.7475,243.9871,252.2118,260.1189,257.8092,241.0776,241.6201,240.1759,244.8260,251.1392,281.7249,237.0100,221.9615,210.4996,194.9116,205.0610
2581,83,2,72,264.4304,248.2097,245.5363,267.3652,269.3766,256.0792,242.5785,247.2464,217.4602,229.4190,219.1030,244.5096,262.9182,241.6380,249.7315,257.5708,255.1318,238.6527,239.2252,237.8798,242.5199,248.6863,278.7310,234.7254,219.8895,208.6136,193.2714
2581,83,2,73,259.5157,260.0828,244.3215,241.5687,263.0699,265.2641,252.1239,238.8910,243.6094,214.4559,226.2213,216.0705,241.0843,259.3269,238.5569,246.4878,254.2926,251.7166,235.5297,236.1408,234.8888,239.5131,245.5624,275.0390,231.7890,217.2064,206.1313
2581,83,2,74,245.2457,254.3711,255.0661,239.8245,236.9677,258.1039,260.5008,247.5455,234.5842,239.3606,210.8750,222.4415,212.4380,237.0214,255.0684,234.8614,242.6033,250.3749,247.6506,231.7892,232.4223,231.2799,235.8828,241.8102,270.6737,228.2127,213.9449
2581,83,2,75,245.8490,240.2784,249.0181,249.8363,235.1134,232.2047,252.9522,255.5154,242.7965,230.1306,234.9425,207.1624,218.5220,208.6803,232.8105,250.6186,231.0135,238.5756,246.3125,243.4558,227.9394,228.5960,227.5708,232.1410,237.9554,266.1992,224.5449
2581,83,2,76,288.6844,240.8740,235.4718,243.8591,244.8100,230.5765,227.6679,247.9974,250.7221,238.2617,225.9075,230.7468,203.6557,214.8100,205.1782,228.8589,246.4346,227.4221,234.8235,242.5311,239.5420,224.3634,225.0570,224.1599,228.7010,234.4098,262.0481
2581,83,2,77,291.4490,282.5029,236.0433,230.7978,238.8749,239.9463,226.1883,223.3038,243.2063,246.0842,233.9044,221.9119,226.7382,200.3593,211.2971,201.9181,225.1665,242.5203,224.0970,231.3452,239.0183,235.9177,221.0854,221.8361,221.0610,225.5891,231.1882
2581,83,2,78,245.0152,284.1833,275.5957,230.6233,225.5458,233.3448,234.5223,221.2702,218.4557,237.8970,240.8914,229.0660,217.4795,222.2866,196.6611,207.3643,198.3169,221.0815,238.1694,220.3647,227.4654,235.0777,231.9435,217.4878,218.3178,217.6643,222.1885
2581,83,2,79,257.3303,238.2328,276.0975,267.8993,224.5252,219.6433,227.1629,228.4420,215.7371,213.0303,231.9753,235.0633,223.6371,212.4757,217.2586,192.4610,202.9091,194.2411,216.4629,233.2592,216.1055,223.0607,230.5797,227.4704,213.4441,214.3561,213.8157
2560,83,1,0,32.7638,31.9901,31.4916,30.8245,30.8579,30.9468,31.0911,31.3165,31.6229,31.9737,31.7966,31.7573,31.7766,31.8838,32.0941,32.3320,32.6212,32.8711,33.1160,33.3490,33.5472,33.6992,33.8132,33.8980,33.9516,33.9512,33.9047
2560,83,1,1,39.2370,33.5566,32.8131,32.3416,31.7077,31.7702,31.8914,32.0607,32.3086,32.6381,33.0151,32.8633,32.8421,32.8819,33.0079,33.2294,33.4825,33.7724,34.0228,34.2700,34.5004,34.6960,34.8429,34.9548,35.0365,35.0831,35.0754
2560,83,1,2,34.8354,39.1150,34.0322,33.3133,32.8663,32.2651,32.3516,32.4916,32.6785,32.9454,33.2937,33.6909,33.5582,33.5582,33.6084,33.7499,33.9798,34.2344,34.5253,34.7732,35.0173,35.2437,35.4363,35.5805,35.6843,35.7630,35.8017
2560,83,1,3,42.4078,35.1246,38.8255,34.1356,33.4408,33.0107,32.4354,32.5409,32.6941,32.8945,33.1682,33.5284,33.9291,33.8144,33.8243,33.8893,34.0377,34.2668,34.5183,34.8044,35.0484,35.2875,35.5097,35.6990,35.8353,35.9377,36.0080
2560,83,1,4,34.9656,41.7578,35.0012,38.3393,33.9119,33.2302,32.8150,32.2578,32.3732,32.5340,32.7413,33.0201,33.3855,33.7899,33.6896,33.7070,33.7778,33.9227,34.1485,34.3976,34.6800,34.9199,35.1564,35.3739,35.5587,35.6896,35.7862
2560,83,1,5,53.8384,34.7303,41.0591,34.6617,37.7143,33.5123,32.8438,32.4418,31.9028,32.0258,32.1935,32.4083,32.6916,33.0613,33.4690,33.3795,33.4073,33.4747,33.6181,33.8409,34.0867,34.3678,34.6044,34.8368,35.0488,35.2308,35.3570
2560,83,1,6,30.2489,52.8544,34.6908,40.6776,34.5131,37.3346,33.3267,32.6750,32.2848,31.7638,31.8986,32.0704,32.2932,32.5836,32.9590,33.3757,33.2957,33.3252,33.3939,33.5402,33.7596,34.0031,34.2802,34.5147,34.7417,34.9511,35.1270
2560,83,1,7,33.0215,30.5944,52.1768,34.7976,40.5380,34.5310,37.1706,33.3258,32.6859,32.3058,31.8013,31.9430,32.1245,32.3550,32.6550,33.0351,33.4610,33.3821,33.4150,33.4880,33.6338,33.8534,34.0949,34.3690,34.5999,34.8236,35.0292
2560,83,1,8,48.4576,33.2633,31.0006,51.7741,35.0309,40.5840,34.6872,37.1912,33.4711,32.8398,32.4676,31.9725,32.1253,32.3148,32.5555,32.8652,33.2556,33.6820,33.6062,33.6390,33.7171,33.8639,34.0817,34.3219,34.5959,34.8256,35.0479
2560,83,1,9,42.8382,48.2821,33.6468,31.4797,51.6617,35.3901,40.8148,34.9761,37.3711,33.7367,33.1128,32.7443,32.2574,32.4163,32.6169,32.8655,33.1857,33.5754,34.0047,33.9322,33.9660,34.0456,34.1932,34.4161,34.6582,34.9332,35.1635
2560,83,1,10,45.2354,42.7816,48.2030,33.9992,31.8948,51.6018,35.7131,41.0306,35.2431,37.5532,33.9860,33.3643,33.0040,32.5238,32.6927,32.9008,33.1620,33.4819,33.8714,34.3026,34.2310,34.2685,34.3496,34.4996,34.7231,34.9679,35.2440
2560,83,1,11,41.0761,45.2588,42.5829,47.9442,34.1790,32.1349,51.3383,35.8556,41.0610,35.3503,37.5783,34.0914,33.4790,33.1304,32.6636,32.8408,33.0578,33.3142,33.6279,34.0200,34.4511,34.3807,34.4189,34.5006,34.6536,34.8752,35.1195
2560,83,1,12,46.4877,41.1028,45.1856,42.3862,47.6254,34.3519,32.3531,50.9670,35.9627,41.0325,35.4257,37.5585,34.1715,33.5735,33.2363,32.7846,32.9724,33.1837,33.4421,33.7558,34.1442,34.5723,34.5082,34.5473,34.6286,34.7829,35.0062
2560,83,1,13,40.2536,46.0454,41.1464,45.1189,42.2373,47.3370,34.5623,32.5984,50.5994,36.0970,41.0196,35.5268,37.5580,34.2738,33.6917,33.3669,32.9303,33.1179,33.3276,33.5843,33.8964,34.2848,34.7106,34.6516,34.6932,34.7762,34.9285
2560,83,1,14,46.7308,40.3804,45.5787,41.1099,44.9958,42.0315,47.0217,34.6777,32.7645,50.2261,36.1659,40.9547,35.5770,37.5195,34.3311,33.7664,33.4547,33.0213,33.2052,33.4117,33.6643,33.9754,34.3605,34.7842,34.7277,34.7731,34.8572
2560,83,1,15,42.6811,46.2920,40.3058,44.9865,40.8981,44.7080,41.6701,46.5576,34.6083,32.7469,49.7360,36.0711,40.7483,35.4761,37.3482,34.2520,33.7029,33.3923,32.9630,33.1382,33.3445,33.5923,33.8983,34.2790,34.6992,34.6371,34.6864
2560,83,1,16,34.6874,41.5584,45.8054,40.1548,44.4112,40.6445,44.3631,41.3101,46.0614,34.5274,32.7213,49.1999,35.9625,40.5241,35.3731,37.1643,34.1762,33.6300,33.3190,32.8922,33.0660,33.2644,33.5102,33.8080,34.1844,34.5968,34.5378
2560,83,1,17,42.6152,34.5033,40.6586,45.3367,39.9969,43.8845,40.4059,44.0021,40.9902,45.5702,34.4906,32.7477,48.6358,35.8909,40.3100,35.2970,37.0025,34.1050,33.5734,33.2619,32.8411,33.0134,33.2072,33.4472,33.7426,34.1103,34.5194
2560,83,1,18,44.7436,41.8700,34.1374,39.5886,44.4730,39.4965,42.9821,39.8163,43.2386,40.3349,44.6553,34.1959,32.5338,47.5797,35.5261,39.7304,34.9253,36.4886,33.7326,33.2092,32.9105,32.4995,32.6706,32.8633,33.0991,33.3853,33.7441
2560,83,1,19,38.5725,42.8481,40.4887,33.4479,38.0874,42.8978,38.4083,41.3824,38.6135,41.7587,39.0729,42.9805,33.4641,31.9082,45.6156,34.6509,38.5046,34.0009,35.3543,32.8098,32.3132,32.0295,31.6460,31.8124,32.0003,32.2317,32.5132
2560,83,1,20,43.7463,37.1936,40.9664,39.0779,32.8963,36.7385,41.2467,37.2977,39.7211,37.3801,40.1837,37.7983,41.2060,32.7827,31.3375,43.4511,33.7738,37.2044,33.0392,34.1301,31.8407,31.3716,31.1049,30.7513,30.9186,31.1064,31.3366
2560,83,1,21,45.1952,41.7661,36.0923,39.4250,37.9279,32.5900,35.7512,39.8872,36.4346,38.3717,36.4235,38.8926,36.8163,39.7464,32.3588,31.0162,41.5932,33.1361,36.1693,32.3115,33.1433,31.0918,30.6496,30.4003,30.0730,30.2436,30.4361
2560,83,1,22,40.0059,42.6438,39.9403,35.0212,37.9595,36.8525,32.2513,34.8090,38.6535,35.6396,37.1605,35.5661,37.7529,35.9462,38.4769,31.9970,30.7577,39.9624,32.5777,35.2559,31.6609,32.2640,30.4189,29.9968,29.7639,29.4588,29.6343
2560,83,1,23,42.2483,37.8586,40.0424,37.9464,33.6785,36.2686,35.5348,31.5746,33.6125,37.2186,34.5907,35.7730,34.5002,36.4432,34.8740,37.0863,31.3991,30.2525,38.2425,31.8014,34.1537,30.7912,31.1994,29.5334,29.1262,28.9065,28.6191
2560,83,1,24,34.6033,40.1022,36.2252,38.0892,36.4635,32.7013,35.0495,34.6260,31.1679,32.8131,36.2586,33.9201,34.8576,33.8478,35.6108,34.2312,36.2291,31.1245,30.0518,37.0936,31.3763,33.4724,30.2495,30.4887,28.9495,28.5460,28.3315
2560,83,1,25,54.1020,33.4420,39.1646,35.6765,37.3549,36.0860,32.7010,34.9337,34.7288,31.6636,33.0380,36.3752,34.2341,35.0033,34.2042,35.8441,34.6299,36.4842,31.7760,30.7389,37.0954,31.8868,33.8071,30.6035,30.6801,29.2122,28.7970
2560,83,1,26,35.8296,49.5224,33.0095,38.8046,35.6396,37.2137,36.2131,33.1338,35.3154,35.2534,32.5130,33.7102,36.9426,34.9466,35.6007,34.9659,36.5197,35.4469,37.1988,32.7878,31.7766,37.5966,32.7762,34.5667,31.3396,31.2678,29.8500
2560,83,1,27,36.3292,35.1266,46.4308,32.8186,38.4999,35.6219,37.1214,36.3237,33.5161,35.6484,35.6771,33.2219,34.2958,37.4033,35.5268,36.1026,35.5932,37.0560,36.1073,37.7684,33.6214,32.6447,37.9954,33.5160,35.1888,31.9667,31.7770
2560,83,1,28,35.8307,35.6839,34.4974,43.9668,32.5791,38.1232,35.5071,36.9436,36.3012,33.7221,35.7982,35.8960,33.6777,34.6609,37.6530,35.8753,36.3941,35.9715,37.3530,36.5028,38.0876,34.1723,33.2376,38.1826,33.9954,35.5631,32.3703
2560,83,1,29,38.5408,35.7076,35.2318,34.0599,42.1550,32.4450,37.8446,35.4470,36.8460,36.3273,33.9293,35.9693,36.1143,34.0878,35.0125,37.9058,36.1991,36.6662,36.3121,37.6264,36.8613,38.3887,34.6537,33.7539,38.3694,34.4153,35.8979
2560,83,1,30,40.7736,37.9977,35.9454,35.2273,34.0729,41.1925,32.6882,37.9183,35.6944,37.0802,36.6660,34.4103,36.4493,36.6194,34.7567,35.6409,38.4574,36.7884,37.2148,36.9195,38.1821,37.4964,38.9808,35.3750,34.4982,38.8564,35.0745
2560,83,1,31,46.7222,41.5678,38.0325,36.3997,35.5171,34.3915,40.8584,33.1743,38.2153,36.1256,37.5009,37.1744,35.0370,37.0851,37.2651,35.5440,36.3944,39.1374,37.5013,37.8930,37.6480,38.8693,38.2474,39.6954,36.1912,35.3244,39.4800
2560,83,1,32,48.2078,47.0710,42.5230,38.5671,37.1507,36.1599,35.0913,41.1610,33.9889,38.8269,36.8402,38.2038,37.9523,35.9137,37.9735,38.1579,36.5590,37.3736,40.0547,38.4467,38.8121,38.6048,39.7909,39.2150,40.6297,37.2063,36.3472
2560,83,1,33,63.7006,49.1881,47.5588,43.4087,39.2187,37.9330,36.8696,35.8727,41.6482,34.8635,39.4865,37.5996,38.9477,38.7611,36.8200,38.8821,39.0724,37.5789,38.3594,40.9749,39.3974,39.7410,39.5622,40.7122,40.1769,41.5535,38.2188
2560,83,1,34,57.7046,63.3449,49.8931,47.9217,44.0867,39.7524,38.5536,37.4387,36.4951,41.9659,35.5818,40.0108,38.2332,39.5688,39.4420,37.5964,39.6575,39.8421,38.4450,39.1986,41.7469,40.1970,40.5233,40.3705,41.4876,40.9931,42.3337
2560,83,1,35,44.9829,58.1983,63.0235,50.4330,48.2191,44.6380,40.1992,39.0589,37.9005,36.9917,42.1783,36.1687,40.4385,38.7608,40.0953,40.0176,38.2552,40.3029,40.4852,39.1738,39.9030,42.3937,40.8647,41.1791,41.0490,42.1359,41.6786
2560,83,1,36,66.4477,45.6580,58.4256,62.6096,50.7535,48.3774,45.0069,40.5065,39.4011,38.2032,37.3260,42.2387,36.5872,40.7105,39.1286,40.4624,40.4316,38.7358,40.7677,40.9471,39.7148,40.4266,42.8611,41.3478,41.6557,41.5466,42.6045
2560,83,1,37,46.1093,65.3807,45.7761,58.0603,61.7112,50.5618,48.0863,44.9096,40.4040,39.3244,38.1032,37.2526,41.8811,36.5929,40.5571,39.0785,40.4022,40.3981,38.7741,40.7785,40.9544,39.8036,40.4952,42.8632,41.3768,41.6700,41.5837
2560,83,1,38,47.4828,45.2525,64.2713,45.6993,57.5459,60.7648,50.2262,47.6857,44.6668,40.1777,39.1143,37.8767,37.0530,41.4421,36.4593,40.2742,38.8877,40.1881,40.2103,38.6523,40.6273,40.7980,39.7217,40.3955,42.6967,41.2379,41.5227
2560,83,1,39,39.0114,47.0949,44.6120,63.3859,45.6911,57.1832,60.0342,49.9998,47.3994,44.5082,40.0215,38.9614,37.7091,36.9115,41.1047,36.3753,40.0517,38.7394,40.0213,40.0689,38.5666,40.5255,40.6925,39.6817,40.3405,42.5913,41.1514
2560,83,1,40,37.0552,39.4133,47.2031,44.5592,63.1518,46.1277,57.3778,59.9539,50.2858,47.6203,44.8134,40.2954,39.2164,37.9389,37.1695,41.2244,36.6803,40.2376,38.9875,40.2626,40.3387,38.8819,40.8428,41.0100,40.0548,40.7060,42.9277
2560,83,1,41,42.1781,37.6239,40.2802,47.8134,45.0949,63.5517,47.0684,58.1456,60.5100,51.1142,48.3817,45.6289,41.0451,39.9353,38.6183,37.8837,41.8379,37.4359,40.8856,39.6859,40.9660,41.0755,39.6561,41.6380,41.8076,40.9046,41.5517
2560,83,1,42,50.4787,42.6199,38.3512,41.2116,48.5021,45.7977,64.0276,48.0406,58.9273,61.1332,51.9766,49.2094,46.5080,41.8826,40.7571,39.4134,38.7275,42.5988,38.3114,41.6466,40.4883,41.7677,41.9074,40.5271,42.5204,42.6921,41.8374
2560,83,1,43,50.8455,50.6332,42.8396,38.8177,41.7881,48.8328,46.1727,64.0370,48.5774,59.2104,61.2822,52.3918,49.6271,46.9936,42.3938,41.2683,39.9255,39.2908,43.0915,38.9028,42.1069,40.9888,42.2515,42.4129,41.0771,43.0596,43.2309
2560,83,1,44,43.3999,50.2056,50.2845,42.5692,38.7921,41.8365,48.6328,46.0011,63.4534,48.5518,58.8983,60.8355,52.2369,49.4959,46.9388,42.4046,41.2838,39.9477,39.3527,43.0544,38.9886,42.0689,40.9962,42.2341,42.4134,41.1215,43.0765
2560,83,1,45,42.0334,42.3532,49.2447,49.6534,41.9125,38.3893,41.5246,48.1112,45.4618,62.6378,48.2222,58.3538,60.1494,51.8118,49.0753,46.5811,42.0803,40.9532,39.6089,39.0129,42.5797,38.6812,41.6812,40.6507,41.8781,42.0683,40.8113
2560,83,1,46,34.4043,41.9110,40.9967,48.0741,48.8316,40.9778,37.7006,40.9541,47.3642,44.6769,61.7168,47.7085,57.7110,59.3598,51.2395,48.4820,46.0324,41.5109,40.3660,38.9930,38.3561,41.7457,38.0579,41.0239,40.0373,41.2671,41.4700
2560,83,1,47,38.9797,33.9048,41.8056,39.8675,47.0997,48.1563,40.1993,37.1155,40.4820,46.7493,44.0477,61.0012,47.3272,57.2475,58.7666,50.8188,48.0253,45.6026,41.0314,39.8650,38.4518,37.7682,40.9906,37.5063,40.4504,39.5075,40.7495
2560,83,1,48,44.9604,38.3862,33.6555,41.7875,39.2185,46.5050,47.7614,39.7682,36.8252,40.2697,46.4191,43.7336,60.5809,47.1865,57.0321,58.4569,50.6398,47.8184,45.4140,40.8021,39.6144,38.1672,37.4606,40.5588,37.2245,40.1420,39.2379
2560,83,1,49,51.7216,44.3764,38.0788,33.5933,41.7665,38.9253,46.1582,47.5275,39.5874,36.7455,40.2222,46.2559,43.6219,60.2791,47.1571,56.8929,58.2510,50.5561,47.7340,45.3537,40.7351,39.5358,38.0726,37.3694,40.3867,37.1544,40.0206
2560,83,1,50,49.8938,51.3730,43.8784,37.8115,33.5909,41.7054,38.7285,45.8462,47.2937,39.4707,36.7336,40.2124,46.1103,43.5416,59.9150,47.1024,56.6702,57.9651,50.4197,47.6195,45.2790,40.6938,39.4978,38.0372,37.3625,40.3300,37.1637
2560,83,1,51,54.5684,49.7885,51.0371,43.4417,37.5922,33.6617,41.6721,38.5990,45.5848,47.1101,39.4223,36.7889,40.2626,46.0187,43.5193,59.5807,47.0909,56.4748,57.7024,50.3172,47.5415,45.2483,40.7028,39.5176,38.0618,37.4286,40.3612
2560,83,1,52,50.8171,54.1901,49.6561,50.7347,43.1322,37.4493,33.7443,41.6265,38.5426,45.3765,46.9544,39.4111,36.8569,40.3138,45.9376,43.5240,59.2838,47.0941,56.3069,57.4839,50.2442,47.4919,45.2375,40.7248,39.5469,38.0962,37.4966
2560,83,1,53,42.9367,50.6011,53.8240,49.4806,50.4225,42.8374,37.2959,33.7573,41.5367,38.4507,45.1468,46.7594,39.3463,36.8538,40.2915,45.8024,43.4701,58.9628,47.0356,56.1041,57.2406,50.1304,47.4006,45.1734,40.6933,39.5188,38.0696
2560,83,1,54,51.8568,42.7928,50.3372,53.4200,49.2451,50.0407,42.4538,37.0577,33.6535,41.3589,38.2330,44.8220,46.4617,39.1568,36.7256,40.1427,45.5576,43.2853,58.5486,46.8594,55.8060,56.9073,49.9156,47.2069,45.0022,40.5514,39.3743
2560,83,1,55,52.5975,51.8075,42.6474,50.1086,53.0371,49.0390,49.6295,41.9639,36.7321,33.4361,41.1221,37.8768,44.4014,46.0704,38.8360,36.4753,39.8807,45.2108,42.9861,58.0747,46.6033,55.4615,56.5288,49.6447,46.9435,44.7510,40.3113
2560,83,1,56,43.3140,52.2698,51.8680,42.5868,49.9675,52.7296,48.9123,49.2740,41.5077,36.4405,33.2446,40.9097,37.5432,44.0095,45.7066,38.5351,36.2393,39.6415,44.8918,42.7225,57.6548,46.4049,55.1920,56.2264,49.4424,46.7351,44.5494
2560,83,1,57,49.8570,42.8286,52.0183,51.9465,42.6085,49.8802,52.4850,48.8334,49.0004,41.1797,36.2556,33.1696,40.7717,37.3474,43.7281,45.4533,38.3620,36.1218,39.5201,44.6856,42.5856,57.3416,46.3215,55.0284,56.0305,49.3496,46.6339
2560,83,1,58,54.8550,49.6324,42.3379,51.6820,51.9163,42.5741,49.6992,52.1513,48.6780,48.6708,40.8499,36.0667,33.1124,40.6094,37.1734,43.4297,45.1889,38.2036,36.0219,39.4050,44.4664,42.4476,56.9709,46.2155,54.8049,55.7737,49.2153
2560,83,1,59,60.3640,54.6872,49.4634,41.9498,51.3813,51.8698,42.5744,49.5374,51.8420,48.5503,48.4083,40.6232,35.9709,33.1581,40.5319,37.1234,43.2326,45.0202,38.1625,36.0417,39.4032,44.3556,42.4239,56.6878,46.2050,54.6594,55.5948
2560,83,1,60,57.6578,59.8153,54.5023,49.3440,41.6922,51.1101,51.7768,42.5905,49.3883,51.5567,48.4257,48.1844,40.4705,35.9393,33.2555,40.4939,37.1413,43.0900,44.8935,38.1807,36.1164,39.4530,44.3014,42.4594,56.4559,46.2458,54.5635
2560,83,1,61,50.0299,57.3331,59.3397,54.3239,49.2329,41.5223,50.8562,51.6548,42.6091,49.2453,51.3070,48.3129,47.9901,40.3564,35.9371,33.3570,40.4679,37.1786,42.9776,44.7857,38.2108,36.2009,39.5136,44.2700,42.5062,56.2648,46.3029
2560,83,1,62,52.5130,49.9669,56.9893,58.8836,54.1060,49.0708,41.3302,50.5635,51.4714,42.5561,49.0618,51.0221,48.1411,47.7436,40.1866,35.8549,33.3484,40.3498,37.1149,42.7896,44.5908,38.1333,36.1736,39.4635,44.1441,42.4520,56.0082
2560,83,1,63,47.7694,51.9196,49.7465,56.5127,58.3178,53.7418,48.7621,41.0092,50.1341,51.1362,42.3451,48.7323,50.6006,47.8198,47.3492,39.8669,35.6171,33.1663,40.0666,36.8806,42.4465,44.2341,37.8874,35.9719,39.2362,43.8498,42.2243
2560,83,1,64,53.4512,47.4224,51.2682,49.4051,55.9464,57.6723,53.2699,48.3547,40.6238,49.6293,50.7026,42.0314,48.3093,50.0974,47.4094,46.8835,39.4865,35.3141,32.9141,39.7149,36.5861,42.0497,43.8286,37.5883,35.7117,38.9501,43.4969
2560,83,1,65,44.7779,53.1116,47.2259,50.9003,49.2068,55.6228,57.3034,53.0125,48.1725,40.4941,49.3596,50.4708,41.9167,48.1028,49.8281,47.2142,46.6630,39.3513,35.2333,32.8827,39.5962,36.5404,41.9103,43.6906,37.5427,35.6986,38.9194
2560,83,1,66,62.4907,44.5835,52.8327,47.0672,50.6106,49.0593,55.3661,57.0163,52.8184,48.0497,40.4183,49.1686,50.3177,41.8635,47.9773,49.6525,47.1060,46.5339,39.2975,35.2276,32.9235,39.5662,36.5752,41.8647,43.6510,37.5782,35.7673
2560,83,1,67,50.6717,61.8964,44.3156,52.5036,46.8807,50.2388,48.9000,55.0485,56.6583,52.5829,47.8731,40.2702,48.9320,50.1373,41.7786,47.8188,49.4415,46.9700,46.3604,39.1908,35.1779,32.9188,39.4961,36.5531,41.7678,43.5548,37.5582
2560,83,1,68,49.5761,50.2550,61.1919,43.9872,52.0667,46.5997,49.7914,48.6527,54.6379,56.2144,52.2677,47.6285,40.0745,48.6195,49.8689,41.6352,47.5836,49.1518,46.7596,46.1120,39.0242,35.0764,32.8641,39.3578,36.4748,41.5995,43.3771
2560,83,1,69,44.5838,49.0570,49.7357,60.4099,43.6261,51.5226,46.1998,49.3207,48.2724,54.1522,55.7159,51.8702,47.3327,39.8931,48.2519,49.5122,41.4505,47.2865,48.8039,46.4893,45.8258,38.8576,34.9760,32.8158,39.2031,36.4077,41.4242
2560,83,1,70,55.2606,44.1197,48.4920,49.1785,59.6264,43.2514,50.9461,45.7517,48.8542,47.8281,53.6417,55.2086,51.4395,47.0184,39.7170,47.8720,49.1239,41.2420,46.9637,48.4405,46.1910,45.5301,38.6895,34.8689,32.7630,39.0389,36.3358
2560,83,1,71,62.9310,54.4096,43.5420,47.8165,48.5084,58.7328,42.7641,50.2680,45.2036,48.2726,47.2766,53.0085,54.5756,50.8875,46.5836,39.4132,47.3741,48.6233,40.9092,46.5218,47.9567,45.7712,45.1168,38.4036,34.6431,32.5909,38.7595
2560,83,1,72,58.7246,61.6457,53.3647,42.7962,46.9712,47.6628,57.6067,42.0931,49.4136,44.5083,47.4689,46.5707,52.1649,53.7146,50.1435,45.9435,38.8950,46.6800,47.9483,40.3953,45.8940,47.2775,45.1686,44.5107,37.9281,34.2416,32.2546
2560,83,1,73,53.6247,57.2241,60.1410,52.1243,41.8771,45.9447,46.6384,56.2567,41.2209,48.3869,43.6576,46.4531,45.7159,51.1172,52.6298,49.2032,45.1025,38.1767,45.8126,47.1078,39.7124,45.0982,46.4342,44.4134,43.7459,37.3020,33.7078
2560,83,1,74,55.4366,52.1911,55.6749,58.5676,50.8244,40.9108,44.8645,45.5666,54.8711,40.3142,47.3123,42.7524,45.4179,44.8107,50.0406,51.5196,48.2274,44.2374,37.4584,44.9322,46.2342,39.0169,44.2845,45.5843,43.6480,42.9777,36.6823
2560,83,1,75,43.7588,53.8406,50.7306,54.0984,56.9571,49.4842,39.9152,43.7563,44.4560,53.4510,39.3705,46.1954,41.8131,44.3479,43.8721,48.9300,50.3697,47.2134,43.3369,36.7045,44.0099,45.3202,38.2882,43.4313,44.6958,42.8375,42.1600
2560,83,1,76,48.5747,42.4899,52.2070,49.2381,52.4799,55.3094,48.1040,38.8925,42.6187,43.3071,51.9821,38.3867,45.0347,40.8469,43.2201,42.9018,47.7734,49.1652,46.1566,42.3896,35.8943,43.0321,44.3608,37.5141,42.5303,43.7497,41.9695
2560,83,1,77,46.5811,47.1653,41.2894,50.6365,47.8069,50.9328,53.7207,46.7917,37.9449,41.5529,42.2315,50.6139,37.5117,43.9482,39.9481,42.2106,41.9900,46.7178,48.0814,45.1988,41.5542,35.2220,42.1608,43.4941,36.8485,41.7320,42.9092
2560,83,1,78,40.6081,45.0089,45.6007,39.9888,48.9437,46.2642,49.2703,52.0047,45.3802,36.9167,40.3988,41.0720,49.1576,36.5888,42.7802,38.9670,41.1609,40.9920,45.5955,46.9383,44.1781,40.6747,34.5453,41.2459,42.5694,36.1538,40.8919
2560,83,1,79,42.9482,38.8552,43.0560,43.6456,38.3304,46.8354,44.3265,47.1882,49.8605,43.5840,35.5526,38.8850,39.5581,47.2795,35.3298,41.2499,37.6465,39.7464,39.6413,44.0750,45.3877,42.7727,39.4359,33.5461,39.9741,41.2775,35.1357
2560,83,2,0,30.4098,29.6839,29.2184,28.5984,28.6199,28.6983,28.8279,29.0309,29.3145,29.6355,29.4639,29.4234,29.4375,29.5344,29.7279,29.9494,30.2169,30.4487,30.6765,30.8911,31.0736,31.2178,31.3282,31.4029,31.4535,31.4559,31.4135
2560,83,2,1,24.5481,30.9081,30.1985,29.7449,29.1480,29.1861,29.2851,29.4333,29.6540,29.9557,30.2948,30.1388,30.1134,30.1391,30.2483,30.4526,30.6810,30.9534,31.1848,31.4118,31.6250,31.8062,31.9491,32.0579,32.1283,32.1764,32.1739
2560,83,2,2,37.3458,25.1623,31.3828,30.6848,30.2476,29.6697,29.7270,29.8434,30.0090,30.2468,30.5660,30.9201,30.7837,30.7746,30.8143,30.9384,31.1497,31.3796,31.6553,31.8872,32.1136,32.3252,32.5040,32.6447,32.7493,32.8181,32.8612
2560,83,2,3,39.0385,37.5338,25.7568,31.7468,31.0698,30.6466,30.0877,30.1641,30.2968,30.4780,30.7331,31.0661,31.4397,31.3200,31.3291,31.3804,31.5168,31.7315,31.9640,32.2391,32.4698,32.6941,32.9030,33.0776,33.2184,33.3187,33.3855
2560,83,2,4,35.8592,39.1569,37.6800,26.3442,32.0807,31.4114,31.0028,30.4608,30.5557,30.7017,30.8988,31.1673,31.5143,31.9020,31.8023,31.8253,31.8961,32.0323,32.2459,32.4814,32.7552,32.9849,33.2064,33.4119,33.5862,33.7224,33.8210
2560,83,2,5,41.8825,36.3687,39.2878,37.7665,26.9040,32.3673,31.7065,31.3116,30.7877,30.8949,31.0555,31.2653,31.5479,31.9065,32.3090,32.2242,32.2665,32.3378,32.4736,32.6862,32.9236,33.1948,33.4229,33.6444,33.8494,34.0175,34.1518
2560,83,2,6,45.7290,41.8340,36.7463,39.4249,37.8417,27.3849,32.6072,31.9582,31.5756,31.0646,31.1831,31.3573,31.5788,31.8703,32.2434,32.6586,32.5847,32.6314,32.7025,32.8426,33.0554,33.2925,33.5669,33.7932,34.0111,34.2133,34.3805
2560,83,2,7,35.9372,45.5769,41.8108,37.0776,39.5789,37.9269,27.7873,32.8318,32.1892,31.8169,31.3168,31.4423,31.6260,31.8575,32.1662,32.5496,32.9751,32.9027,32.9467,33.0214,33.1625,33.3772,33.6148,33.8902,34.1168,34.3348,34.5365
2560,83,2,8,40.9838,35.8129,45.3585,41.6721,37.2235,39.5962,37.8936,28.0260,32.9214,32.2884,31.9218,31.4341,31.5716,31.7620,32.0050,32.3223,32.7161,33.1360,33.0609,33.1025,33.1760,33.3194,33.5370,33.7771,34.0500,34.2746,34.4888
2560,83,2,9,39.5960,40.8635,35.6520,45.0644,41.4384,37.1995,39.4649,37.7322,28.1224,32.8789,32.2541,31.8930,31.4137,31.5584,31.7585,32.0045,32.3270,32.7128,33.1313,33.0558,33.0967,33.1707,33.3164,33.5336,33.7732,34.0440,34.2664
2560,83,2,10,29.8571,39.2798,40.7416,35.5178,44.8056,41.2158,37.1345,39.3196,37.5580,28.1569,32.8002,32.1820,31.8245,31.3536,31.5023,31.7069,31.9579,32.2714,32.6515,33.0691,32.9944,33.0400,33.1133,33.2579,33.4752,33.7134,33.9873
2560,83,2,11,31.4478,29.7515,38.9572,40.5452,35.3437,44.4740,40.9398,36.9891,39.1003,37.3171,28.1365,32.6630,32.0492,31.7011,31.2363,31.3896,31.5960,31.8403,32.1506,32.5274,32.9394,32.8706,32.9137,32.9864,33.1328,33.3493,33.5871
2560,83,2,12,49.7969,30.9468,29.5650,38.5149,40.1833,35.0437,43.9742,40.5075,36.6828,38.7253,36.9151,27.9762,32.3766,31.7740,31.4262,30.9691,31.1252,31.3263,31.5643,31.8647,32.2382,32.6463,32.5801,32.6255,32.6989,32.8438,33.0590
2560,83,2,13,49.9686,48.9210,30.6894,29.5006,38.1878,39.8911,34.8348,43.5457,40.1485,36.4442,38.4158,36.5804,27.8670,32.1437,31.5464,31.2055,30.7577,30.9041,31.0994,31.3338,31.6354,32.0056,32.4129,32.3481,32.3949,32.4670,32.6133
2560,83,2,14,38.7964,49.3559,48.4178,30.7130,29.6583,38.1128,39.8224,34.8500,43.3706,40.0282,36.4236,38.3343,36.4672,27.9536,32.1259,31.5325,31.1967,30.7460,30.8902,31.0804,31.3150,31.6160,31.9867,32.3920,32.3305,32.3791,32.4544
2560,83,2,15,37.8145,38.6223,48.8266,47.9791,30.7547,29.8342,38.0664,39.7825,34.8813,43.2399,39.9439,36.4357,38.2941,36.3977,28.0722,32.1443,31.5614,31.2170,30.7628,30.9052,31.0968,31.3273,31.6276,31.9987,32.4087,32.3471,32.3986
2560,83,2,16,47.4704,37.6475,38.4605,48.3434,47.5766,30.7966,30.0010,38.0260,39.7508,34.9122,43.1244,39.8630,36.4503,38.2543,36.3265,28.1759,32.1588,31.5657,31.2147,30.7584,30.8991,31.0886,31.3234,31.6217,31.9918,32.4009,32.3421
2560,83,2,17,27.4833,45.8055,37.1090,37.9252,47.3643,46.6471,30.5554,29.8718,37.5648,39.2690,34.5666,42.4953,39.3308,36.0508,37.7831,35.8176,27.9514,31.7802,31.1867,30.8400,30.3846,30.5240,30.7084,30.9405,31.2397,31.6091,32.0144
2560,83,2,18,30.2862,26.9004,43.4398,35.9097,36.7366,45.2762,44.5900,29.9857,29.4379,36.3941,37.9872,33.6483,40.8855,37.9896,34.9735,36.5511,34.5454,27.2996,30.7907,30.2139,29.8762,29.4453,29.5828,29.7633,29.9912,30.2832,30.6447
2560,83,2,19,34.5334,29.3204,26.2663,40.1072,34.0500,34.8879,41.9484,41.3080,29.1662,28.7932,34.5215,35.9116,32.2065,38.2450,35.8193,33.2411,34.5584,32.5025,26.3012,29.2196,28.6798,28.3663,27.9666,28.1059,28.2848,28.5063,28.7894
2560,83,2,20,42.2860,32.0676,28.3767,25.7118,36.7194,32.1818,33.0148,38.5028,37.9129,28.3822,28.1993,32.6172,33.8158,30.7689,35.5305,33.5871,31.4804,32.5182,30.3979,25.3093,27.6033,27.1030,26.8150,26.4522,26.5950,26.7751,26.9938
2560,83,2,21,27.4115,38.0703,29.7762,27.3721,25.0731,33.6962,30.4298,31.2382,35.4009,34.8675,27.5204,27.4945,30.8255,31.8836,29.3711,33.0764,31.5186,29.8069,30.6204,28.4560,24.3095,26.0620,25.5989,25.3360,25.0054,25.1546,25.3368
2560,83,2,22,24.2988,26.2342,34.8933,28.0803,26.5848,24.5914,31.4555,29.0964,29.8748,33.0555,32.5758,26.8320,26.9271,29.4536,30.4192,28.2875,31.2244,29.9348,28.5223,29.1777,26.9938,23.5520,24.8992,24.4652,24.2247,23.9227,24.0784
2560,83,2,23,26.7027,24.1772,25.8515,33.0387,27.3294,26.4307,24.6786,30.3228,28.5775,29.3426,31.8204,31.3812,26.7678,26.9613,28.9131,29.8418,27.9557,30.3547,29.2446,28.0403,28.5991,26.3676,23.4086,24.4620,24.0452,23.8186,23.5362
2560,83,2,24,29.6853,26.7428,24.4998,26.0455,32.1172,27.2708,26.7708,25.2257,29.9995,28.6797,29.4458,31.4075,31.0033,27.2101,27.4825,29.0158,29.9459,28.2139,30.2300,29.2460,28.1860,28.6867,26.3939,23.7689,24.5984,24.1898,23.9729
2560,83,2,25,36.0876,29.3300,27.1381,25.1770,26.6498,31.9124,27.7184,27.4880,26.1136,30.2810,29.2574,30.0291,31.6191,31.2500,28.0296,28.3613,29.6013,30.5391,28.9057,30.6568,29.7528,28.7911,29.2623,26.9103,24.5107,25.1736,24.7686
2560,83,2,26,18.9080,35.5684,29.8016,28.0358,26.2961,27.7401,32.4537,28.7216,28.6764,27.4247,31.1950,30.3735,31.1616,32.4913,32.1511,29.3103,29.6884,30.7184,31.6754,30.0913,31.6657,30.8074,29.9067,30.3675,27.9415,25.6759,26.2208
2560,83,2,27,35.4147,20.7930,35.8210,30.7262,29.2281,27.6573,29.1022,33.4411,30.0353,30.1322,28.9641,32.4721,31.8002,32.6143,33.7556,33.4379,30.8656,31.2735,32.1522,33.1408,31.5721,33.0279,32.1940,31.3311,31.7892,29.2763,27.0894
2560,83,2,28,37.7591,36.0648,22.4849,36.3668,31.7500,30.4293,28.9916,30.4505,34.5213,31.3516,31.5560,30.4478,33.7743,33.2149,34.0595,35.0609,34.7649,32.3807,32.8117,33.5816,34.6001,33.0372,34.4045,33.5866,32.7509,33.2070,30.6170
2560,83,2,29,43.0333,38.6903,36.9310,24.0507,37.1699,32.8884,31.6806,30.3469,31.8288,35.7200,32.7123,33.0033,31.9391,35.1475,34.6734,35.5518,36.4515,36.1640,33.9056,34.3605,35.0510,36.1058,34.5314,35.8409,35.0272,34.2051,34.6648
2560,83,2,30,34.5983,44.0169,39.6420,37.8166,25.4574,38.0035,33.9974,32.8741,31.6410,33.1495,36.9142,34.0280,34.4017,33.3741,36.4954,36.0989,37.0188,37.8195,37.5377,35.3793,35.8580,36.4875,37.5832,35.9881,37.2549,36.4400,35.6229
2560,83,2,31,42.1300,35.9633,44.7982,40.4393,38.5540,26.6888,38.6946,34.9482,33.8990,32.7814,34.3036,37.9539,35.1844,35.6364,34.6509,37.6877,37.3620,38.3094,39.0145,38.7413,36.6813,37.1795,37.7534,38.8888,37.2753,38.5024,37.6827
2560,83,2,32,50.3596,42.6735,36.7696,45.0138,40.7159,38.7914,27.4476,38.8875,35.4004,34.4243,33.4175,34.9388,38.4627,35.8127,36.3319,35.3904,38.3299,38.0587,39.0196,39.6342,39.3729,37.4147,37.9255,38.4472,39.6111,37.9940,39.1774
2560,83,2,33,60.4946,49.6230,42.9789,37.3386,45.0034,40.7676,38.8338,27.9853,38.8770,35.6464,34.7290,33.8285,35.3486,38.7447,36.2123,36.7926,35.8943,38.7193,38.4998,39.4726,40.0037,39.7502,37.8946,38.4162,38.8889,40.0757,38.4605
2560,83,2,34,48.7907,59.8311,48.9457,43.1004,37.7138,44.8383,40.6796,38.7628,28.4001,38.7598,35.7623,34.9038,34.0977,35.6080,38.8778,36.4599,37.0910,36.2187,38.9343,38.7591,39.7344,40.1912,39.9462,38.1899,38.7193,39.1426,40.3368
2560,83,2,35,54.5307,48.8482,59.4836,48.7050,43.3787,38.2058,44.8712,40.7669,38.8682,28.9040,38.8278,36.0212,35.2065,34.4893,35.9934,39.1567,36.8406,37.5032,36.6587,39.2852,39.1479,40.1308,40.5186,40.2882,38.6091,39.1432,39.5283
2560,83,2,36,36.4710,54.2568,48.9842,59.2692,48.6305,43.6715,38.6659,44.9389,40.8610,38.9656,29.3392,38.8941,36.2520,35.4758,34.8352,36.3434,39.4149,37.1753,37.8719,37.0484,39.6030,39.5055,40.5004,40.8253,40.6042,38.9934,39.5380
2560,83,2,37,53.0418,36.6898,53.8040,48.8572,58.8172,48.3564,43.6970,38.8325,44.7739,40.7408,38.8568,29.5534,38.7665,36.2705,35.5262,34.9487,36.4507,39.4260,37.2566,37.9753,37.1735,39.6602,39.5908,40.5909,40.8678,40.6527,39.1076
2560,83,2,38,29.0817,52.6870,36.7458,53.2348,48.5336,58.1579,47.9613,43.5134,38.7971,44.4525,40.4837,38.6282,29.6531,38.5328,36.1602,35.4477,34.9215,36.3973,39.2769,37.1831,37.9108,37.1316,39.5429,39.4963,40.4883,40.7273,40.5223
2560,83,2,39,44.2412,29.0856,51.9599,36.5890,52.4407,47.9635,57.2183,47.3624,43.0929,38.5374,43.9045,40.0194,38.2060,29.5791,38.1130,35.8603,35.1779,34.6938,36.1405,38.9142,36.9030,37.6312,36.8784,39.2085,39.1796,40.1571,40.3618
2560,83,2,40,41.3655,43.4247,29.0230,51.1109,36.3406,51.5594,47.3135,56.1877,46.6918,42.5913,38.2011,43.2764,39.4757,37.7041,29.4298,37.6158,35.4819,34.8241,34.3825,35.7998,38.4665,36.5374,37.2666,36.5395,38.7873,38.7777,39.7399
2560,83,2,41,40.1188,40.6957,42.5425,28.8501,50.3044,36.0411,50.6910,46.6602,55.1981,46.0183,42.0793,37.8370,42.6399,38.9123,37.1760,29.2109,37.0811,35.0572,34.4234,34.0193,35.4105,37.9820,36.1230,36.8597,36.1551,38.3299,38.3396
2560,83,2,42,26.6071,39.0652,39.8527,41.4793,28.4326,49.3850,35.5325,49.6803,45.8384,54.0875,45.1758,41.3931,37.2834,41.8467,38.1878,36.4791,28.7836,36.3704,34.4452,33.8279,33.4612,34.8263,37.3147,35.5152,36.2568,35.5739,37.6820
2560,83,2,43,35.5941,26.3196,38.2895,39.2303,40.6904,28.1330,48.7272,35.1659,48.9459,45.2409,53.2758,44.5591,40.8965,36.8785,41.2666,37.6526,35.9664,28.4637,35.8412,33.9901,33.3862,33.0440,34.3934,36.8197,35.0658,35.8103,35.1407
2560,83,2,44,39.8089,35.0090,26.4256,38.0933,39.1322,40.4907,28.2588,48.6235,35.2533,48.8127,45.1855,53.0941,44.4966,40.8997,36.9363,41.2118,37.6114,35.9338,28.5509,35.7987,33.9978,33.3980,33.0757,34.4190,36.8064,35.0806,35.8333
2560,83,2,45,31.2768,39.8907,34.8378,26.7682,38.1714,39.2865,40.5651,28.6458,48.7568,35.6052,48.9624,45.4036,53.1994,44.7162,41.1653,37.2453,41.4075,37.8013,36.1305,28.8602,35.9842,34.2361,33.6423,33.3376,34.6806,37.0324,35.3346
2560,83,2,46,35.9359,31.5061,39.8842,34.7207,27.1076,38.1699,39.3399,40.5354,29.0387,48.7061,35.9098,48.9649,45.5036,53.1186,44.8168,41.3241,37.4767,41.4746,37.8784,36.2215,29.1258,36.0650,34.3902,33.8053,33.5245,34.8620,37.1594
2560,83,2,47,39.6474,35.6689,31.5298,39.6163,34.4559,27.2678,37.9197,39.1158,40.2470,29.2403,48.3132,35.9855,48.6535,45.3087,52.6885,44.6249,41.2004,37.4560,41.2478,37.6838,36.0453,29.1753,35.8847,34.2920,33.7210,33.4705,34.7946
2560,83,2,48,39.7530,39.2811,35.3876,31.5202,39.3178,34.2123,27.4017,37.6383,38.8506,39.9381,29.4185,47.8621,36.0309,48.2939,45.0770,52.2108,44.3930,41.0367,37.3957,40.9728,37.4481,35.8272,29.1859,35.6569,34.1519,33.5929,33.3802
2560,83,2,49,39.6830,39.5100,38.9525,35.1405,31.5529,39.0546,34.0216,27.5753,37.4015,38.6362,39.6812,29.6474,47.4459,36.1273,47.9801,44.8922,51.7802,44.2109,40.9190,37.3771,40.7405,37.2491,35.6478,29.2378,35.4674,34.0528,33.5065
2560,83,2,50,56.2919,38.9869,39.0732,38.3245,34.5975,31.3075,38.5020,33.4143,27.4516,36.8800,38.1603,39.1372,29.5556,46.7917,35.9075,47.3791,44.4012,51.0646,43.7228,40.5076,37.0597,40.2415,36.7900,35.2144,29.0156,35.0276,33.6891
2560,83,2,51,46.8922,54.0983,37.9340,38.4933,37.4115,33.7636,30.7825,37.6717,32.3916,27.0088,36.0682,37.4208,38.3103,29.1247,45.9300,35.3853,46.5361,43.6475,50.1275,42.9768,39.8369,36.4664,39.5031,36.0836,34.5312,28.5065,34.3331
2560,83,2,52,43.0182,45.8597,52.0826,36.9569,37.9501,36.5444,32.9760,30.2667,36.8803,31.4195,26.5537,35.2858,36.7111,37.5274,28.6856,45.1251,34.8755,45.7577,42.9496,49.2697,42.2898,39.2113,35.9063,38.8090,35.4134,33.8783,28.0036
2560,83,2,53,39.6908,42.6518,45.4274,51.0543,36.6217,37.8006,36.2268,32.7219,30.2075,36.6179,31.1035,26.5571,35.0390,36.5139,37.2994,28.7377,44.8527,34.8762,45.5472,42.8057,48.9956,42.1533,39.1126,35.8495,38.6323,35.2479,33.7204
2560,83,2,54,43.1416,39.7945,42.7267,45.4224,50.7421,36.7312,37.9288,36.3046,32.8509,30.4726,36.7380,31.2641,26.8953,35.1872,36.6899,37.4694,29.1397,44.9609,35.2319,45.7304,43.0469,49.1246,42.3977,39.3764,36.1478,38.8225,35.4394
2560,83,2,55,43.2850,43.4088,40.0969,43.0059,45.6112,50.7331,37.0484,38.1820,36.5569,33.1522,30.8934,37.0332,31.6476,27.3972,35.5084,37.0280,37.8193,29.7177,45.2250,35.7647,46.0900,43.4691,49.4329,42.8215,39.8138,36.6188,39.1769
2560,83,2,56,57.0183,43.5928,43.7307,40.4908,43.3768,45.8704,50.8284,37.4507,38.4737,36.8642,33.5104,31.3781,37.3752,32.1179,27.9620,35.8750,37.4089,38.2167,30.3681,45.5247,36.3700,46.5082,43.9556,49.7964,43.3117,40.3108,37.1524
2560,83,2,57,74.3261,56.7386,43.6831,43.7988,40.6022,43.4443,45.8378,50.5736,37.5591,38.5264,36.9130,33.6094,31.6136,37.4512,32.2991,28.2729,35.9726,37.5171,38.3325,30.7453,45.5396,36.6871,46.6208,44.1378,49.8479,43.5008,40.5202
2560,83,2,58,38.1384,73.3934,56.2284,43.6530,43.6630,40.4006,43.1946,45.5232,49.8842,37.3252,38.3650,36.6707,33.4102,31.5575,37.2383,32.0987,28.2643,35.7672,37.3332,38.1387,30.7862,45.2900,36.6817,46.4414,44.0217,49.6247,43.3942
2560,83,2,59,49.5782,38.0556,72.2648,55.5214,43.4801,43.3336,39.9313,42.6715,44.9713,48.8711,36.8073,38.0113,36.1834,32.9578,31.2463,36.7798,31.5837,27.9788,35.3035,36.8962,37.6822,30.5265,44.8089,36.3885,46.0017,43.6395,49.1531
2560,83,2,60,53.3402,49.0296,37.7994,71.0899,54.7310,43.1363,42.8717,39.3710,42.0556,44.3348,47.8634,36.2167,37.5604,35.6237,32.4357,30.8381,36.2353,31.0042,27.5942,34.7637,36.3673,37.1399,30.1542,44.2247,35.9712,45.4424,43.1377
2560,83,2,61,30.9474,52.9196,48.7122,37.7022,70.2847,54.2195,42.9241,42.6045,39.0758,41.7117,43.9645,47.2683,35.9035,37.3028,35.3123,32.1540,30.6421,35.9380,30.7251,27.4327,34.4747,36.0794,36.8529,30.0115,43.8877,35.7937,45.1453
2560,83,2,62,45.6447,30.8601,52.4188,48.3314,37.5488,69.3908,53.6362,42.6232,42.2666,38.7329,41.3258,43.5314,46.6437,35.5456,36.9778,34.9513,31.8211,30.3973,35.5776,30.4221,27.2325,34.1294,35.7298,36.5086,29.8295,43.4725,35.5603
2560,83,2,63,40.5843,44.9831,30.5428,51.5340,47.5976,37.1313,67.9661,52.6470,42.0428,41.6117,38.0628,40.5916,42.7439,45.5637,34.8596,36.3516,34.2710,31.1821,29.8758,34.8985,29.8106,26.7692,33.4717,35.0654,35.8401,29.3661,42.7018
2560,83,2,64,49.9754,40.1567,44.2853,30.2421,50.6116,46.8231,36.7141,66.4521,51.6092,41.4520,40.9453,37.3873,39.8548,41.9396,44.4507,34.1866,35.7282,33.5965,30.5649,29.3819,34.2464,29.2222,26.3462,32.8430,34.4273,35.1843,28.9468
2560,83,2,65,56.1921,49.1389,39.8986,43.7773,30.1423,49.9145,46.2667,36.5136,65.1883,50.7974,41.0524,40.4948,36.9350,39.3627,41.3674,43.6046,33.7597,35.3153,33.1516,30.1797,29.1180,33.8304,28.8783,26.1525,32.4475,34.0370,34.7804
2560,83,2,66,51.3007,55.6255,48.4947,39.7684,43.4333,30.0818,49.4081,45.8919,36.4014,64.2489,50.2106,40.8083,40.2013,36.6097,39.0100,40.9603,42.9404,33.4464,35.0309,32.8270,29.8968,28.9392,33.5306,28.6135,26.0223,32.1664,33.7711
2560,83,2,67,58.4132,50.8546,55.2828,48.0882,39.7421,43.2615,30.1026,49.1134,45.7103,36.3988,63.6658,49.8794,40.7288,40.0810,36.4631,38.8492,40.7645,42.5556,33.3165,34.9231,32.6901,29.7893,28.9100,33.4254,28.5274,26.0364,32.0847
2560,83,2,68,45.8595,57.8378,50.4128,54.9087,47.7007,39.6610,43.0690,30.0859,48.8099,45.5105,36.3592,63.1172,49.5727,40.6456,39.9703,36.3472,38.7193,40.6079,42.2646,33.2436,34.8704,32.6278,29.7616,28.9436,33.4057,28.5263,26.1270
2560,83,2,69,41.4495,45.4231,57.0038,49.7348,54.2369,47.0851,39.3319,42.6369,29.8857,48.2649,45.0642,36.1098,62.2872,49.0274,40.3271,39.6414,36.0476,38.3879,40.2453,41.8021,32.9984,34.6305,32.3998,29.5811,28.8126,33.2032,28.3744
2560,83,2,70,41.3137,40.7985,44.7580,55.9686,48.8890,53.3166,46.3125,38.8161,42.0307,29.6066,47.5612,44.4633,35.7420,61.2467,48.3096,39.8356,39.1676,35.6546,37.9482,39.7585,41.2565,32.6703,34.2632,32.0707,29.3129,28.5890,32.8857
2560,83,2,71,49.3374,40.8651,40.3823,44.2813,55.1771,48.2744,52.6040,45.7755,38.4772,41.6227,29.5296,47.0916,44.0927,35.5861,60.4809,47.8253,39.5370,38.9000,35.4816,37.7378,39.4960,40.9605,32.5564,34.0800,31.9375,29.2325,28.5565
2560,83,2,72,47.6775,48.9538,40.6917,40.2537,44.1027,54.6909,47.9601,52.1972,45.5287,38.3969,41.4756,29.7104,46.9100,44.0152,35.7015,60.0548,47.6269,39.5022,38.8955,35.5703,37.8063,39.5082,40.9424,32.6979,34.1309,32.0410,29.3804
2560,83,2,73,56.3580,47.3344,48.5534,40.4845,40.0949,43.9208,54.1761,47.6262,51.7716,45.2482,38.2823,41.2751,29.8413,46.6753,43.8890,35.7568,59.5993,47.3691,39.4057,38.8261,35.5875,37.8052,39.4554,40.8481,32.7581,34.1000,32.0584
2560,83,2,74,43.4367,55.4330,46.7062,47.8907,40.0163,39.6592,43.4687,53.3866,47.0227,51.0756,44.6993,37.9121,40.8175,29.7097,46.1555,43.4766,35.5314,58.8403,46.8265,39.0408,38.4875,35.3312,37.5251,39.1282,40.4694,32.5464,33.8191
2560,83,2,75,39.1752,42.5005,54.1090,45.7187,46.8884,39.2144,38.8857,42.6800,52.2348,46.0693,50.0369,43.8131,37.2532,40.0582,29.2884,45.2939,42.7268,34.9986,57.6899,45.9521,38.3830,37.8470,34.7744,36.9287,38.4893,39.7647,32.0437
2560,83,2,76,43.7434,38.0404,41.2411,52.4061,44.4110,45.5686,38.1222,37.8228,41.5935,50.7335,44.7957,48.6731,42.6212,36.3413,39.0276,28.6433,44.1279,41.6814,34.2143,56.1671,44.7759,37.4708,36.9480,33.9718,36.0722,37.5861,38.7846
2560,83,2,77,54.1162,42.3726,36.8612,39.9308,50.6326,43.0069,44.1321,36.9624,36.6935,40.3810,49.1328,43.4398,47.1929,41.3628,35.3448,37.9243,27.9540,42.8900,40.5630,33.3708,54.5523,43.5369,36.4986,36.0016,33.1380,35.1824,36.6454
2560,83,2,78,49.2675,52.2269,41.0166,35.7472,38.6861,48.9342,41.6361,42.7241,35.8515,35.6163,39.1806,47.5909,42.1322,45.7523,40.1608,34.3669,36.8613,27.2938,41.7010,39.4884,32.5611,53.0046,42.3606,35.5664,35.1056,32.3591,34.3526
2560,83,2,79,60.7779,47.6764,50.4864,39.7839,34.7557,37.5659,47.3965,40.4040,41.4599,34.8654,34.6629,38.1159,46.2124,40.9645,44.4644,39.1006,33.5025,35.9297,26.7279,40.6579,38.5553,31.8692,51.6375,41.3311,34.7556,34.3321,31.6896
2514,83,1,0,59.1032,57.9067,57.1497,56.1973,56.6910,57.2266,57.8510,58.5876,59.4493,60.4025,60.2771,60.3492,60.4601,60.7137,61.0616,61.4644,61.9206,62.3046,62.6645,63.0183,63.3155,63.5602,63.7457,63.8764,63.9385,63.9141,63.7953
2514,83,1,1,66.6327,59.9635,58.7814,58.0437,57.1150,57.6214,58.1759,58.8146,59.5664,60.4456,61.4193,61.3163,61.4074,61.5403,61.8153,62.1803,62.6038,63.0682,63.4585,63.8266,64.1825,64.4812,64.7229,64.9073,65.0356,65.0925,65.0614
2514,83,1,2,64.4402,66.6349,60.2342,59.0734,58.3602,57.4632,57.9770,58.5380,59.1825,59.9428,60.8312,61.8156,61.7338,61.8471,61.9943,62.2871,62.6664,63.0945,63.5638,63.9545,64.3226,64.6759,64.9728,65.2117,65.3890,65.5137,65.5640
2514,83,1,3,73.0841,65.0063,66.9273,60.7439,59.6027,58.9039,58.0323,58.5551,59.1255,59.7808,60.5487,61.4499,62.4409,62.3809,62.5122,62.6826,62.9933,63.3769,63.8079,64.2780,64.6693,65.0363,65.3887,65.6855,65.9201,66.0967,66.2148
2514,83,1,4,74.8450,73.3451,65.5624,67.2844,61.2605,60.1243,59.4399,58.5835,59.1158,59.6934,60.3564,61.1367,62.0497,63.0550,63.0184,63.1665,63.3562,63.6633,64.0523,64.4870,64.9592,65.3506,65.7213,66.0718,66.3665,66.5992,66.7717
2514,83,1,5,71.5990,75.3650,73.6435,66.0181,67.5901,61.7034,60.5737,59.8999,59.0564,59.5945,60.1807,60.8569,61.6451,62.5717,63.5874,63.5683,63.7390,63.9233,64.2324,64.6240,65.0602,65.5395,65.9326,66.3042,66.6548,66.9508,67.1809
2514,83,1,6,76.9780,72.1501,75.7935,73.9952,66.4600,67.9183,62.1480,61.0281,60.3623,59.5307,60.0794,60.6686,61.3532,62.1525,63.0899,64.1200,64.1131,64.2817,64.4664,64.7815,65.1722,65.6097,66.0890,66.4851,66.8560,67.2084,67.5017
2514,83,1,7,79.9280,77.2912,72.8768,76.4333,74.5838,67.0884,68.4458,62.7648,61.6462,60.9876,60.1646,60.7196,61.3212,62.0182,62.8304,63.7793,64.8256,64.8136,64.9827,65.1707,65.4872,65.8833,66.3252,66.8069,67.2036,67.5780,67.9300
2514,83,1,8,67.8257,80.8607,77.7583,73.6558,77.1604,75.2643,67.7887,69.0635,63.4598,62.3419,61.6886,60.8699,61.4384,62.0518,62.7624,63.5910,64.5582,65.6049,65.5909,65.7570,65.9518,66.2716,66.6690,67.1146,67.6032,68.0034,68.3811
2514,83,1,9,93.3268,68.1964,81.1922,77.8015,73.9258,77.3803,75.4726,68.0539,69.2502,63.7458,62.6440,61.9998,61.1969,61.7694,62.3955,63.1122,63.9520,64.9096,65.9521,65.9403,66.1051,66.3008,66.6201,67.0260,67.4741,67.9632,68.3641
2514,83,1,10,88.3133,92.5650,68.3450,81.2238,77.6349,73.9414,77.3456,75.4321,68.0881,69.2210,63.8177,62.7262,62.0987,61.3113,61.8928,62.5251,63.2523,64.0835,65.0322,66.0675,66.0557,66.2235,66.4206,66.7428,67.1463,67.5970,68.0853
2514,83,1,11,74.7978,88.0028,92.1830,68.6685,81.4005,77.6706,74.1411,77.4750,75.5841,68.2810,69.3647,64.0440,62.9638,62.3514,61.5793,62.1680,62.8083,63.5269,64.3485,65.2979,66.3295,66.3193,66.4877,66.6874,67.0106,67.4140,67.8656
2514,83,1,12,69.6392,74.8233,87.8854,92.0193,69.0782,81.6465,77.8085,74.4441,77.6867,75.8431,68.5625,69.6057,64.3564,63.2858,62.6828,61.9225,62.5200,63.1509,63.8673,64.6867,65.6296,66.6583,66.6507,66.8203,67.0181,67.3443,67.7517
2514,83,1,13,74.8411,69.2346,74.6828,87.5879,91.6778,69.2603,81.6452,77.7384,74.5230,77.6800,75.8831,68.6429,69.6445,64.4664,63.4060,62.8122,62.0623,62.6525,63.2763,63.9857,64.7985,65.7378,66.7603,66.7550,66.9249,67.1227,67.4471
2514,83,1,14,88.4420,74.4236,68.6271,74.3129,87.0506,91.1096,69.2123,81.4095,77.4550,74.3787,77.4550,75.7006,68.5125,69.4683,64.3666,63.3173,62.7331,61.9825,62.5617,63.1768,63.8768,64.6833,65.6152,66.6311,66.6258,66.7978,66.9969
2514,83,1,15,82.8329,87.9224,74.0335,68.0193,73.9616,86.5339,90.5808,69.1690,81.2165,77.1862,74.2611,77.2609,75.5587,68.4066,69.3140,64.2905,63.2515,62.6631,61.9113,62.4775,63.0877,63.7787,64.5775,65.5026,66.5132,66.5021,66.6760
2514,83,1,16,85.4124,82.0110,87.7525,73.9986,67.7611,73.9657,86.3616,90.4187,69.4656,81.3673,77.2427,74.4944,77.4039,75.7769,68.6270,69.4708,64.5267,63.4784,62.8815,62.1216,62.6833,63.2836,63.9702,64.7615,65.6839,66.6901,66.6800
2514,83,1,17,82.1238,85.5912,81.1094,87.4057,73.8744,67.5041,73.8999,86.0401,90.1035,69.7327,81.3796,77.1970,74.6529,77.4410,75.8995,68.7555,69.5153,64.6417,63.5902,62.9838,62.2160,62.7721,63.3661,64.0451,64.8367,65.7546,66.7610
2514,83,1,18,94.2230,80.7935,84.1960,79.0817,85.6212,72.7185,66.4347,72.7626,84.3207,88.2455,69.0380,80.0139,75.9038,73.6572,76.2034,74.8082,67.8014,68.4080,63.7295,62.6817,62.0856,61.3267,61.8709,62.4543,63.1204,63.8976,64.8014
2514,83,1,19,78.2380,89.2634,77.6775,80.8245,75.6804,81.9990,70.3365,64.4724,70.3265,80.7576,84.3133,67.2063,76.8470,73.0073,71.2045,73.3234,72.1759,65.5051,65.8751,61.5791,60.5759,60.0092,59.2911,59.8130,60.3740,61.0170,61.7708
2514,83,1,20,84.2377,74.3760,83.9960,74.4103,77.1821,72.3940,78.2321,68.0767,62.8090,67.9897,77.0378,80.1275,65.5418,73.5262,70.0518,68.7456,70.3518,69.4917,63.2226,63.2954,59.4696,58.5203,57.9906,57.3270,57.8308,58.3722,58.9956
2514,83,1,21,68.9837,79.2914,71.1671,79.5156,71.7339,74.1427,69.8385,75.1662,66.4155,61.7651,66.2838,74.0261,76.6811,64.4788,70.8851,67.7681,66.9085,68.0088,67.4333,61.5121,61.2908,57.8956,56.9970,56.5035,55.8886,56.3804,56.9114
2514,83,1,22,69.4285,66.5337,75.2673,68.5533,75.8876,69.5911,71.7111,67.8564,72.7568,65.1412,61.0428,64.9993,71.6834,73.9685,63.7515,68.8663,66.0744,65.5180,66.2250,65.8602,60.2220,59.7521,56.7104,55.8491,55.3865,54.8120,55.2976
2514,83,1,23,73.4954,66.5969,64.5993,72.1043,66.4833,73.0572,67.9346,69.8416,66.3616,70.9354,64.1663,60.5373,64.0627,69.9385,71.9239,63.2760,67.3965,64.8735,64.4954,64.9271,64.6862,59.2591,58.5912,55.8173,54.9808,54.5414,53.9963
2514,83,1,24,74.3530,71.2911,64.9175,63.6412,70.2414,65.4419,71.5050,67.2818,69.0514,65.8540,70.2196,64.0328,60.7703,64.0015,69.3036,71.0711,63.6157,66.9765,64.6609,64.3764,64.6185,64.4459,59.1199,58.2794,55.6849,54.8541,54.4265
2514,83,1,25,78.0421,73.7134,70.2987,64.3357,63.6333,69.5660,65.3898,71.1130,67.5755,69.2677,66.2919,70.5118,64.7605,61.7850,64.8175,69.6867,71.3130,64.7695,67.5392,65.3702,65.1502,65.2424,65.1291,59.8176,58.8162,56.3433,55.5070
2514,83,1,26,64.5434,76.4944,73.9151,70.3315,64.7391,64.4729,69.9176,66.2185,71.7218,68.6930,70.3475,67.5760,71.6793,66.2740,63.5358,66.4182,70.9589,72.4879,66.6661,68.9544,66.8913,66.7261,66.6833,66.6333,61.2729,60.1116,57.7266
2514,83,1,27,69.9372,65.3616,75.7092,74.3436,70.7292,65.5061,65.5669,70.6327,67.3198,72.6424,70.0073,71.6391,69.0729,73.0695,67.9526,65.4333,68.1793,72.4245,73.8786,68.6590,70.5376,68.5668,68.4472,68.2831,68.2904,62.8767,61.5731
2514,83,1,28,73.5766,70.1111,66.2053,75.2693,74.8054,71.2409,66.3743,66.6877,71.4516,68.4556,73.6271,71.3023,72.9190,70.5486,74.4525,69.5787,67.2458,69.8623,73.8526,75.2445,70.5309,72.0653,70.1755,70.0903,69.8167,69.8756,64.4098
2514,83,1,29,79.5854,73.6979,70.6193,67.2111,75.2638,75.4972,72.0027,67.4539,67.9668,72.5054,69.7615,74.8207,72.7379,74.3468,72.1570,75.9807,71.3066,69.1115,71.6254,75.4001,76.7502,72.4460,73.6990,71.8731,71.8091,71.4464,71.5479
2514,83,1,30,82.8065,79.9277,73.7729,70.9679,67.9673,75.1991,75.9650,72.5429,68.2771,68.9497,73.2992,70.7623,75.7213,73.8348,75.4373,73.4088,77.1500,72.6449,70.5690,72.9900,76.5700,77.8912,73.9285,74.9464,73.1833,73.1321,72.6947
2514,83,1,31,96.4558,83.7450,80.4815,74.1840,71.5468,68.8593,75.4723,76.5965,73.2512,69.2368,70.0310,74.2353,71.8692,76.7526,75.0190,76.6299,74.7366,78.3973,74.0316,72.0574,74.4012,77.8224,79.1171,75.4387,76.2607,74.5442,74.5036
2514,83,1,32,92.3969,97.1141,84.8656,81.2750,74.9270,72.3684,69.9263,76.0867,77.4130,74.1491,70.3717,71.2620,75.3520,73.1262,77.9589,76.3488,77.9769,76.1908,79.7846,75.5322,73.6539,75.9278,79.2167,80.4850,77.0537,77.6997,76.0258
2514,83,1,33,114.3445,93.6256,97.7294,85.9008,82.0270,75.6705,73.1502,70.8909,76.6507,78.1505,74.9890,71.4436,72.4186,76.4089,74.3058,79.0995,77.5977,79.2310,77.5433,81.0807,76.9234,75.1359,77.3445,80.5195,81.7697,78.5594,79.0512
2514,83,1,34,111.4716,114.0937,94.2376,97.8160,86.4097,82.3188,75.9977,73.5131,71.3880,76.7270,78.4317,75.4055,72.0913,73.1420,77.0307,75.0411,79.7852,78.3724,79.9998,78.4140,81.8884,77.8256,76.1264,78.2698,81.3350,82.5696,79.5679
2514,83,1,35,112.9906,110.3302,113.2039,94.1740,97.3236,86.3445,82.0932,75.8297,73.3874,71.3653,76.2702,78.2082,75.3299,72.2264,73.3456,77.1253,75.2409,79.9067,78.5759,80.1897,78.6929,82.0986,78.1325,76.5147,78.5966,81.5527,82.7687
2514,83,1,36,87.6753,110.7961,109.0443,112.1756,93.8769,96.6422,86.0334,81.6109,75.3488,72.9399,70.9875,75.4199,77.6817,74.9556,72.0294,73.2196,76.9082,75.1012,79.7050,78.4400,80.0434,78.6242,81.9775,78.0856,76.5364,78.5726,81.4399
2514,83,1,37,93.7181,87.0522,109.4353,108.5091,111.8485,94.1151,96.5333,86.1933,81.5861,75.2825,72.8860,70.9827,75.0222,77.5733,74.9726,72.1965,73.4591,77.0713,75.3219,79.9004,78.6902,80.2934,78.9389,82.2658,78.4214,76.9224,78.9321
2514,83,1,38,89.3814,94.3839,87.6621,109.4033,109.1308,112.5688,95.2665,97.3691,87.2222,82.4130,76.0582,73.6339,71.7759,75.5435,78.2830,75.7782,73.1474,74.4698,78.0387,76.3383,80.9234,79.7599,81.3767,80.0877,83.4050,79.5831,78.1372
2514,83,1,39,90.6794,90.1225,95.3426,88.7286,109.9012,110.1625,113.6248,96.6832,98.5002,88.5156,83.4938,77.1010,74.6287,72.8014,76.3443,79.2377,76.8140,74.3151,75.6955,79.2335,77.5757,82.1874,81.0647,82.7002,81.4737,84.7929,80.9842
2514,83,1,40,79.4244,90.9102,90.3923,95.7573,89.3150,109.9542,110.6229,114.0688,97.4923,99.0680,89.2626,84.0661,77.6766,75.1582,73.3612,76.6957,79.7110,77.3549,74.9733,76.3945,79.8966,78.2851,82.9041,81.8191,83.4632,82.2944,85.6014
2514,83,1,41,85.0196,79.5806,90.8983,90.3870,95.8435,89.5909,109.7099,110.6733,114.0879,97.8667,99.2572,89.6407,84.3259,77.9813,75.4342,73.6816,76.8542,79.9267,77.6281,75.3386,76.7874,80.2464,78.6790,83.2842,82.2352,83.8770,82.7584
2514,83,1,42,76.8551,85.3348,80.0197,91.1963,90.6947,96.2062,90.1652,109.7739,110.9551,114.3250,98.4349,99.6741,90.2413,84.8469,78.5711,76.0136,74.3338,77.4166,80.4598,78.1966,75.9849,77.4514,80.8670,79.3429,83.9209,82.9073,84.5425
2514,83,1,43,81.1677,77.8412,85.8012,80.6194,91.6313,91.1635,96.7057,90.9040,109.9689,111.3573,114.6771,99.1392,100.2196,90.9858,85.5330,79.3280,76.7677,75.1629,78.1827,81.1608,78.9306,76.8006,78.2799,81.6456,80.1668,84.7143,83.7362
2514,83,1,44,89.2657,80.6143,78.1514,85.5342,80.5022,91.2804,90.8614,96.4080,90.8507,109.3512,110.9517,114.2156,99.0748,99.9925,90.9756,85.4887,79.3550,76.7886,75.2346,78.1312,81.0928,78.9183,76.8847,78.3730,81.6831,80.2483,84.7502
2514,83,1,45,72.4485,88.1944,79.7237,78.0041,84.8722,79.9842,90.5158,90.1454,95.6736,90.3433,108.3141,110.0973,113.2938,98.5436,99.3170,90.5080,85.0034,78.9414,76.3751,74.8631,77.6400,80.5919,78.4730,76.5301,78.0271,81.2764,79.8853
2514,83,1,46,66.2872,72.0432,87.3876,79.0482,77.9926,84.4243,79.6394,89.9662,89.6395,95.1688,90.0454,107.5549,109.5141,112.6405,98.2290,98.8685,90.2378,84.6931,78.6935,76.1202,74.6453,77.3136,80.2586,78.1896,76.3288,77.8363,81.0397
2514,83,1,47,83.7411,66.6741,71.8044,86.8178,78.5791,78.1377,84.1886,79.4789,89.6398,89.3484,94.8948,89.9705,107.0643,109.1933,112.2416,98.1334,98.6395,90.1673,84.5617,78.6229,76.0344,74.5916,77.1637,80.1072,78.0781,76.2940,77.8156
2514,83,1,48,77.8573,83.3716,66.8536,71.4459,86.0960,77.9887,78.1015,83.7744,79.1616,89.1618,88.8984,94.4531,89.7339,106.4387,108.7366,111.7097,97.8813,98.2565,89.9316,84.2660,78.3769,75.7681,74.3470,76.8003,79.7667,77.7913,76.0845
2514,83,1,49,90.8454,77.6615,82.9625,66.9312,71.1003,85.4156,77.4576,77.9970,83.3358,78.8179,88.6807,88.4445,94.0063,89.4999,105.8489,108.3013,111.2045,97.6126,97.8749,89.6786,83.9510,78.1026,75.4673,74.0585,76.3921,79.3979,77.4716
2514,83,1,50,87.0358,90.9588,77.8091,82.9049,67.2886,71.1996,85.2851,77.4553,78.2368,83.3495,78.9102,88.6693,88.4664,94.0373,89.7393,105.7860,108.3592,111.2009,97.7892,97.9556,89.8597,84.0765,78.2603,75.5989,74.2090,76.4722,79.4834
2514,83,1,51,100.9811,87.2582,91.2020,78.1366,83.0504,67.7927,71.5273,85.4535,77.7252,78.6708,83.6283,79.2516,88.9276,88.7547,94.3256,90.2011,105.9931,108.6524,111.4393,98.1799,98.2677,90.2607,84.4345,78.6563,75.9759,74.6224,76.8599
2514,83,1,52,106.0997,101.1179,87.6268,91.5768,78.6151,83.3818,68.4517,72.0455,85.8465,78.1940,79.3077,84.1306,79.8280,89.4216,89.2701,94.8427,90.8730,106.4281,109.1577,111.8945,98.7738,98.7885,90.8668,85.0064,79.2596,76.5742,75.2748
2514,83,1,53,88.4791,106.2084,101.2632,88.0326,91.9724,79.1294,83.7454,69.1638,72.6315,86.2927,78.7177,80.0146,84.6938,80.4737,89.9792,89.8509,95.4309,91.6164,106.9197,109.7283,112.4051,99.4396,99.3781,91.5388,85.6481,79.9362,77.2379
2514,83,1,54,109.5200,88.6270,105.9436,101.0353,88.0843,92.0197,79.3090,83.7720,69.5808,72.8961,86.3714,78.9046,80.3828,84.9028,80.7751,90.1649,90.0629,95.6241,91.9817,106.9938,109.8830,112.4932,99.7149,99.5787,91.8440,85.9271,80.2654
2514,83,1,55,104.5388,108.5700,88.3821,105.2469,100.3842,87.6838,91.6412,79.0486,83.3628,69.5349,72.6692,85.9193,78.5740,80.2253,84.5728,80.5401,89.8019,89.7147,95.2499,91.7712,106.4957,109.4584,112.0094,99.4359,99.2271,91.6029,85.6728
2514,83,1,56,128.8730,104.1491,107.7549,88.2652,104.6585,99.8453,87.3987,91.3520,78.8914,83.0475,69.5821,72.5269,85.5727,78.3405,80.1438,84.3306,80.3796,89.5254,89.4587,94.9702,91.6679,106.1124,109.1578,111.6493,99.2884,98.9870,91.4750
2514,83,1,57,102.1264,128.3114,104.1912,107.5037,88.6220,104.5765,99.7964,87.6075,91.5008,79.1677,83.1474,70.0255,72.8259,85.7114,78.5620,80.4918,84.5354,80.6531,89.7184,89.6909,95.1915,92.0995,106.2821,109.4336,111.8677,99.6968,99.2874
2514,83,1,58,127.0386,102.5310,128.0545,104.4290,107.5597,89.1779,104.7464,99.9940,88.0626,91.8529,79.6474,83.4580,70.6424,73.3376,86.0921,79.0121,81.0395,84.9574,81.1351,90.1392,90.1525,95.6577,92.7834,106.7285,109.9888,112.3730,100.3666
2514,83,1,59,120.2883,127.2297,103.1018,128.0006,104.7765,107.8338,89.8337,105.0724,100.3493,88.6656,92.3365,80.2607,83.9121,71.3690,74.0026,86.6609,79.6449,81.7372,85.5544,81.7841,90.7363,90.7918,96.3121,93.6452,107.3737,110.7324,113.0753
2514,83,1,60,103.6833,120.6642,127.5136,103.7664,128.0921,105.2089,108.2464,90.5748,105.5308,100.8355,89.3871,92.9440,80.9997,84.5136,72.2272,74.8229,87.4081,80.4442,82.5960,86.3349,82.6138,91.5223,91.6199,97.1568,94.6767,108.2083,111.6545
2514,83,1,61,125.8154,104.2002,120.8639,127.6265,104.2677,128.0279,105.5126,108.5154,91.1863,105.8607,101.1987,89.9973,93.4627,81.6450,85.0375,73.0192,75.5751,88.0821,81.1738,83.3977,87.0596,83.3949,92.2494,92.3873,97.9257,95.6263,108.9511
2514,83,1,62,112.6638,125.2305,104.4019,120.7075,127.3803,104.4214,127.6270,105.5412,108.4493,91.5012,105.8919,101.2528,90.3110,93.7158,82.0381,85.3030,73.5718,76.0655,88.4747,81.6313,83.9369,87.5123,83.9168,92.7074,92.8754,98.4039,96.2573
2514,83,1,63,102.5370,111.9750,124.2823,104.2998,120.1973,126.7575,104.2722,126.8573,105.2810,108.0631,91.5533,105.6289,101.0396,90.3715,93.7290,82.2215,85.3552,73.9294,76.3607,88.6429,81.8816,84.2595,87.7464,84.2367,92.9379,93.1418,98.6336
2514,83,1,64,116.2374,102.0868,111.3029,123.3381,104.2441,119.7089,126.1036,104.2106,126.0669,105.0356,107.6912,91.6629,105.3896,100.8586,90.5109,93.7944,82.4921,85.4822,74.3791,76.7676,88.9055,82.2386,84.6788,88.0760,84.6703,93.2736,93.5167
2514,83,1,65,117.0909,115.4698,101.6679,110.6459,122.4021,104.2032,119.2217,125.4349,104.1821,125.2531,104.7771,107.3398,91.8064,105.1665,100.6760,90.6818,93.8731,82.7910,85.6177,74.8720,77.2143,89.1982,82.6267,85.1365,88.4348,85.1416,93.6442
2514,83,1,66,105.1491,115.8378,114.3449,100.9089,109.6713,121.1531,103.7923,118.3865,124.4116,103.7907,124.1270,104.2100,106.6950,91.6366,104.6416,100.2020,90.5633,93.6547,82.8091,85.4868,75.1028,77.3889,89.2110,82.7443,85.3264,88.5217,85.3454
2514,83,1,67,136.8783,104.1578,114.4731,113.0811,100.0075,108.5922,119.8137,103.2236,117.4387,123.3064,103.2397,122.9429,103.5562,105.9532,91.3491,104.0345,99.6515,90.3394,93.3397,82.7157,85.2653,75.2067,77.4487,89.1163,82.7520,85.3983,88.5037
2514,83,1,68,95.2552,134.6971,103.0604,113.0366,111.6781,98.9833,107.3843,118.3974,102.5324,116.3885,122.1281,102.5458,121.6877,102.8143,105.1022,90.9533,103.3382,99.0190,90.0076,92.9131,82.4856,84.9378,75.1644,77.3623,88.8665,82.6170,85.3114
2514,83,1,69,117.1631,94.3376,132.3410,101.7797,111.4330,110.0990,97.7961,106.0089,116.8232,101.6655,115.1513,120.7821,101.6747,120.2550,101.8853,104.0721,90.3791,102.4556,98.1899,89.4676,92.2668,82.0229,84.3852,74.8740,77.0328,88.3474,82.2100
2514,83,1,70,122.7791,115.2733,93.3470,129.9827,100.4965,109.8465,108.5496,96.6276,104.6603,115.2655,100.7988,113.9282,119.4480,100.8522,118.8463,100.9762,103.0733,89.8368,101.5945,97.3908,88.9553,91.6515,81.5964,83.8643,74.6220,76.7523,87.8769
2514,83,1,71,113.8930,120.4565,113.2714,92.1987,127.5514,99.1056,108.1796,106.9082,95.3552,103.2194,113.5952,99.7651,112.5658,117.9718,99.8929,117.3117,99.9143,101.9526,89.1230,100.5856,96.4431,88.2794,90.8844,81.0191,83.1933,74.2127,76.3180
2514,83,1,72,99.0545,111.6245,117.9813,111.1030,90.8145,124.9905,97.5080,106.3455,105.0876,93.8882,101.5888,111.7267,98.4759,110.9731,116.2733,98.6839,115.5712,98.6361,100.6278,88.1722,99.3565,95.2860,87.3720,89.8986,80.2261,82.3158,73.5877
2514,83,1,73,102.7792,97.1147,109.3847,115.5358,108.9441,89.3705,122.4689,95.9000,104.5259,103.2907,92.4364,99.9926,109.8896,97.1749,109.3868,114.5743,97.4889,113.8656,97.3903,99.3401,87.2470,98.1583,94.1875,86.5211,88.9662,79.4997,81.5197
2514,83,1,74,92.0713,100.4193,95.0225,107.0147,112.9832,106.6841,87.8117,119.8740,94.1989,102.6304,101.4351,90.9335,98.3508,108.0147,95.8283,107.7437,112.8231,96.2588,112.1591,96.1607,98.0569,86.3379,96.9811,93.1361,85.7327,88.0957,78.8593
2514,83,1,75,105.1192,89.9146,97.7941,92.6899,104.3783,110.1745,104.2172,86.0830,117.0370,92.2931,100.5122,99.3620,89.2274,96.5078,105.9339,94.2856,105.8839,110.8552,94.7960,110.2735,94.7530,96.5890,85.2500,95.6351,91.9230,84.7733,87.0710
2514,83,1,76,103.5556,101.8120,87.4136,94.8142,90.0333,101.3525,106.9821,101.4109,84.0414,113.8049,90.0426,98.0041,96.8943,87.1403,94.2504,103.4394,92.3411,103.6058,108.4750,92.8856,107.9621,92.9207,94.6853,83.7226,93.8598,90.2590,83.3421
2514,83,1,77,93.4105,99.7583,98.1109,84.5469,91.4967,87.0076,97.9431,103.4058,98.2186,81.6238,110.1585,87.3953,95.0761,93.9865,84.6409,91.5287,100.4841,89.9225,100.8451,105.6155,90.4843,105.1381,90.5963,92.2945,81.7067,91.5797,88.0803
2514,83,1,78,103.5618,89.7644,95.8853,94.3263,81.5567,88.1234,83.8814,94.4554,99.7470,94.9005,79.0667,106.4179,84.6235,92.0387,90.9511,82.0281,88.6845,97.4112,87.3620,97.9365,102.6259,87.9531,102.1659,88.1203,89.7748,79.5614,89.1552
2514,83,1,79,87.1872,99.0930,86.0650,91.9541,90.4869,78.4527,84.7035,80.7025,90.9239,96.0265,91.4877,76.3946,102.6175,81.7828,88.9417,87.8818,79.3802,85.8106,94.3032,84.7380,94.9758,99.5706,85.3972,99.1467,85.6094,87.2317,77.4017
2514,83,2,0,56.0396,54.9048,54.1878,53.2899,53.7556,54.2644,54.8608,55.5572,56.3744,57.2840,57.1659,57.2401,57.3440,57.5890,57.9187,58.3090,58.7405,59.1047,59.4493,59.7781,60.0573,60.2909,60.4724,60.5920,60.6504,60.6282,60.5148
2514,83,2,1,47.5810,57.1218,55.9977,55.2931,54.4177,54.8918,55.4176,56.0277,56.7412,57.5782,58.5068,58.4098,58.5045,58.6293,58.8950,59.2488,59.6579,60.1021,60.4702,60.8188,61.1498,61.4305,61.6643,61.8445,61.9600,62.0159,61.9883
2514,83,2,2,67.1449,48.6338,57.6627,56.5508,55.8659,55.0124,55.4943,56.0276,56.6457,57.3685,58.2162,59.1514,59.0766,59.1912,59.3343,59.6197,59.9862,60.3980,60.8473,61.2175,61.5668,61.8969,62.1753,62.4059,62.5812,62.6945,62.7454
2514,83,2,3,69.6055,67.3049,49.5704,58.1372,57.0425,56.3697,55.5332,56.0230,56.5641,57.1902,57.9241,58.7818,59.7317,59.6740,59.8082,59.9657,60.2663,60.6405,61.0557,61.5075,61.8794,62.2295,62.5590,62.8356,63.0675,63.2393,63.3505
2514,83,2,4,73.7119,70.1942,67.4396,50.3725,58.5343,57.4440,56.7842,55.9592,56.4590,57.0059,57.6423,58.3874,59.2559,60.2190,60.1796,60.3300,60.5082,60.8111,61.1875,61.6083,62.0637,62.4383,62.7892,63.1182,63.3969,63.6278,63.7980
2514,83,2,5,73.8563,73.8944,70.9891,67.8754,51.3678,59.1921,58.1047,57.4499,56.6338,57.1437,57.7020,58.3519,59.1112,59.9966,60.9774,60.9549,61.1268,61.3099,61.6143,61.9946,62.4230,62.8819,63.2608,63.6174,63.9507,64.2287,64.4596
2514,83,2,6,62.7337,74.2330,73.8426,71.3846,68.0118,52.0164,59.5398,58.4568,57.8132,57.0088,57.5234,58.0942,58.7514,59.5193,60.4178,61.4126,61.4028,61.5780,61.7612,62.0700,62.4520,62.8819,63.3486,63.7279,64.0856,64.4174,64.6987
2514,83,2,7,73.8434,62.9123,74.0639,73.3361,71.2539,67.6856,52.1401,59.4136,58.3382,57.7075,56.9154,57.4298,58.0020,58.6631,59.4396,60.3417,61.3406,61.3298,61.5015,61.6872,61.9951,62.3772,62.8066,63.2739,63.6548,64.0124,64.3430
2514,83,2,8,58.2168,73.3970,62.7440,73.5755,72.5671,70.8064,67.0981,51.9237,58.9909,57.9276,57.3050,56.5267,57.0431,57.6157,58.2790,59.0553,59.9597,60.9440,60.9307,61.0982,61.2815,61.5881,61.9713,62.4013,62.8670,63.2463,63.6012
2514,83,2,9,80.2269,57.7019,73.1297,62.7081,73.2817,72.0661,70.5445,66.7255,51.8171,58.7341,57.6766,57.0589,56.2887,56.8086,57.3844,58.0482,58.8253,59.7207,60.6952,60.6795,60.8435,61.0271,61.3344,61.7176,62.1473,62.6139,62.9917
2514,83,2,10,62.0843,80.0966,57.8276,73.3249,63.0972,73.4610,72.1243,70.7523,66.8425,52.1196,58.9317,57.8798,57.2649,56.5033,57.0285,57.6104,58.2822,59.0515,59.9396,60.9138,60.8949,61.0627,61.2455,61.5523,61.9374,62.3669,62.8400
2514,83,2,11,75.1660,62.8438,80.6664,58.6141,74.0956,64.0245,74.2326,72.8024,71.5296,67.5164,52.9284,59.6594,58.6028,57.9962,57.2366,57.7735,58.3651,59.0358,59.8091,60.7010,61.6762,61.6630,61.8280,62.0111,62.3239,62.7133,63.1479
2514,83,2,12,73.9310,76.0548,64.1863,81.8315,59.9960,75.4052,65.4797,75.5289,74.0221,72.8348,68.6788,54.1838,60.8416,59.7819,59.1686,58.4088,58.9623,59.5609,60.2371,61.0139,61.9193,62.9083,62.8978,63.0700,63.2590,63.5777,63.9759
2514,83,2,13,74.4579,74.8399,76.9036,65.4655,82.8223,61.3202,76.5551,66.7945,76.6367,75.0913,73.9713,69.6877,55.3442,61.8898,60.8228,60.2147,59.4601,60.0105,60.6124,61.2952,62.0855,63.0026,64.0060,63.9995,64.1776,64.3685,64.6974
2514,83,2,14,83.4884,74.5748,75.2244,77.2102,66.1624,83.1519,62.0509,77.0336,67.4754,77.0787,75.5184,74.4546,70.1024,55.9905,62.4050,61.3410,60.7429,59.9851,60.5341,61.1320,61.8172,62.6111,63.5313,64.5358,64.5329,64.7139,64.9113
2514,83,2,15,70.9545,83.6034,74.4350,75.2894,77.2025,66.5053,83.1441,62.4082,77.1361,67.7834,77.1664,75.6029,74.5834,70.1946,56.3081,62.6044,61.5522,60.9496,60.1911,60.7364,61.3332,62.0144,62.8059,63.7252,64.7329,64.7295,64.9137
2514,83,2,16,78.9348,70.7214,83.5269,74.1089,75.1745,77.0339,66.6814,82.9849,62.6119,77.0808,67.9390,77.0957,75.5362,74.5551,70.1316,56.4623,62.6462,61.5906,60.9815,60.2231,60.7638,61.3578,62.0383,62.8263,63.7428,64.7469,64.7458
2514,83,2,17,73.0390,78.0759,69.8638,82.6171,73.1276,74.3436,76.1388,66.2925,82.0043,62.3313,76.2980,67.5083,76.3009,74.7577,73.8372,69.3790,56.1187,62.0894,61.0374,60.4346,59.6781,60.2104,60.7937,61.4653,62.2460,63.1542,64.1478
2514,83,2,18,74.4553,69.6876,74.4700,66.9074,78.7626,69.9106,71.0553,72.7052,63.9201,78.0594,60.2758,72.8656,64.9223,72.8488,71.3863,70.5734,66.1906,54.0544,59.4588,58.4543,57.8781,57.1648,57.6679,58.2197,58.8585,59.6001,60.4679
2514,83,2,19,69.8843,67.0768,62.9828,67.0302,60.9880,70.7860,63.5179,64.3371,65.7164,58.7217,69.9851,55.6987,65.7343,59.2909,65.6645,64.3941,63.7506,59.6242,49.6030,53.9526,53.0563,52.5472,51.9170,52.3677,52.8624,53.4340,54.1006
2514,83,2,20,66.7777,61.9959,60.0169,56.6644,59.9380,55.5085,63.1672,57.5185,58.0029,59.1253,53.9893,62.2816,51.6604,59.0337,54.1269,58.8835,57.8172,57.3546,53.4394,45.5862,48.8150,48.0230,47.5801,47.0363,47.4398,47.8850,48.3984
2514,83,2,21,60.1011,60.6671,57.0297,55.8008,52.9883,55.7347,52.5047,58.6378,54.1010,54.3875,55.3182,51.6199,57.6984,49.8937,55.2204,51.4960,55.0025,54.0660,53.7660,49.9052,43.6343,45.9861,45.2579,44.8596,44.3715,44.7538,45.1750
2514,83,2,22,44.7853,57.8105,58.2231,55.4511,54.8673,52.3922,54.8432,52.4250,57.6490,53.7418,53.9411,54.7468,52.0763,56.6733,50.8314,54.7185,51.8133,54.4289,53.5546,53.3913,49.3850,44.0910,45.8229,45.1078,44.7282,44.2649,44.6529
2514,83,2,23,62.9819,46.6804,57.6906,58.0041,55.8508,55.7841,53.5526,55.8256,53.9754,58.6503,55.1041,55.2610,55.9903,54.0401,57.6428,53.1679,56.0469,53.6908,55.6856,54.8334,54.7917,50.5488,45.8385,47.1339,46.4086,46.0328,45.5767
2514,83,2,24,55.7246,62.3309,48.6937,58.3505,58.6093,56.8769,57.1814,55.1739,57.2942,55.8670,60.1414,56.8635,56.9826,57.6548,56.2084,59.1075,55.6062,57.7539,55.7851,57.3471,56.5057,56.5632,52.1273,47.8039,48.7872,48.0520,47.6802
2514,83,2,25,58.1798,56.8133,62.5064,50.7329,59.4437,59.6796,58.2439,58.8144,56.9865,58.9921,57.8739,61.8527,58.7683,58.8652,59.4894,58.3971,60.7917,57.9676,59.5892,57.8983,59.1523,58.3172,58.4525,53.8737,49.8182,50.5811,49.8394
2514,83,2,26,55.0519,58.7212,57.9910,63.0131,52.6424,60.6437,60.8717,59.6668,60.4389,58.7522,60.6736,59.7889,63.5488,60.6090,60.6973,61.2852,60.4557,62.4611,60.1442,61.3648,59.8812,60.9022,60.0733,60.2719,55.5851,51.7245,52.3231
2514,83,2,27,53.7659,55.7833,59.0351,58.7995,63.2867,54.0562,61.4834,61.7175,60.6929,61.6274,60.0536,61.9104,61.2174,64.8026,61.9856,62.0717,62.6419,62.0045,63.7039,61.8029,62.6973,61.3827,62.2168,61.3959,61.6425,56.8837,53.1859
2514,83,2,28,55.1008,54.7580,55.9055,58.8170,59.0105,63.0722,54.7965,61.7476,61.9991,61.1050,62.1741,60.6962,62.5020,61.9724,65.4259,62.7129,62.8048,63.3602,62.8789,64.3470,62.7989,63.4293,62.2513,62.9337,62.1219,62.4030,57.6013
2514,83,2,29,74.4171,55.0926,55.3357,55.8736,58.4984,59.0290,62.7675,55.2648,61.8323,62.0991,61.3034,62.4818,61.0913,62.8495,62.4561,65.8045,63.1783,63.2643,63.8063,63.4519,64.7404,63.4832,63.8997,62.8333,63.3912,62.5871,62.8964
2514,83,2,30,81.7061,74.2365,55.5052,55.9920,56.1888,58.5968,59.3476,62.8377,55.9385,62.2207,62.5030,61.7854,63.0504,61.7330,63.4538,63.1757,66.4481,63.8723,63.9524,64.4826,64.2276,65.3736,64.3417,64.5877,63.6056,64.0685,63.2676
2514,83,2,31,69.9883,81.3735,74.6301,56.3431,56.9192,56.8841,59.1512,60.0605,63.3599,56.9259,63.0103,63.3213,62.6530,64.0002,62.7376,64.4424,64.2605,67.4771,64.9310,65.0038,65.5305,65.3539,66.3899,65.5429,65.6462,64.7302,65.1140
2514,83,2,32,79.3754,71.0336,81.2943,75.1962,57.1663,57.8569,57.5765,59.7425,60.8170,63.9724,57.9023,63.8575,64.2006,63.5598,64.9970,63.7703,65.4750,65.3681,68.5567,66.0160,66.0835,66.6152,66.5080,67.4595,66.7774,66.7549,65.8932
2514,83,2,33,75.6581,79.9561,72.1920,81.4654,75.8944,58.0540,58.8581,58.3304,60.4185,61.6539,64.6732,58.9371,64.7942,65.1719,64.5522,66.0810,64.8875,66.5828,66.5478,69.7255,67.1809,67.2423,67.7804,67.7407,68.6157,68.0913,67.9463
2514,83,2,34,73.5580,77.2534,80.7231,73.3983,81.8604,76.6657,59.0410,59.9153,59.1838,61.2050,62.5692,65.4698,60.0394,65.8036,66.2178,65.6166,67.2304,66.0535,67.7478,67.7777,70.9430,68.3945,68.4511,68.9916,69.0134,69.8138,69.4284
2514,83,2,35,90.9078,74.8777,78.5975,81.3920,74.4250,82.2463,77.3513,59.9223,60.8607,59.9531,61.9220,63.3920,66.1894,61.0217,66.7032,67.1490,66.5657,68.2385,67.0791,68.7728,68.8524,72.0089,69.4539,69.5117,70.0476,70.1171,70.8571
2514,83,2,36,92.9845,91.5579,75.9289,79.6467,81.9250,75.2398,82.5496,77.8753,60.6687,61.6276,60.6021,62.5233,64.0637,66.7750,61.8324,67.4349,67.9037,67.3345,69.0484,67.9056,69.5937,69.7161,72.8558,70.3014,70.3605,70.8876,70.9973
2514,83,2,37,79.6050,92.8192,91.8169,76.6483,80.3316,82.2343,75.7891,82.6533,78.1413,61.2491,62.1766,61.0964,62.9633,64.5400,67.1658,62.4428,67.9457,68.4277,67.8777,69.6132,68.4968,70.1721,70.3253,73.4328,70.8951,70.9556,71.4706
2514,83,2,38,84.7442,79.8639,92.3394,91.7232,77.0405,80.6756,82.2302,76.0334,82.4714,78.1190,61.5798,62.4757,61.3527,63.1623,64.7578,67.3038,62.8026,68.1853,68.6792,68.1513,69.8998,68.8138,70.4668,70.6491,73.7159,71.2023,71.2660
2514,83,2,39,66.2422,84.4175,79.9951,91.7522,91.5397,77.3009,80.8836,82.1120,76.1566,82.1985,77.9889,61.7696,62.6483,61.4717,63.2369,64.8555,67.3260,63.0250,68.3004,68.8032,68.2911,70.0528,68.9928,70.6273,70.8381,73.8679,71.3747
2514,83,2,40,65.0268,66.6204,84.3739,80.3339,91.4689,91.6487,77.7358,81.2822,82.2276,76.4606,82.1838,78.0924,62.0867,62.9611,61.7313,63.4698,65.1210,67.5210,63.3736,68.5760,69.0863,68.5793,70.3602,69.3123,70.9374,71.1753,74.1823
2514,83,2,41,55.9354,65.2691,67.2187,84.6543,80.9703,91.5620,92.1296,78.4295,81.9721,82.6544,77.0329,82.4833,78.4945,62.6105,63.4946,62.1942,63.9179,65.6055,67.9552,63.9230,69.0796,69.6009,69.0923,70.9035,69.8614,71.4862,71.7487
2514,83,2,42,74.2672,56.9194,65.7108,67.9406,85.1317,81.7500,91.9298,92.8113,79.2977,82.8487,83.3152,77.7949,83.0149,79.0890,63.2923,64.1629,62.8012,64.5098,66.2314,68.5325,64.6121,69.7358,70.2708,69.7598,71.6027,70.5690,72.1941
2514,83,2,43,67.5130,74.7871,57.9744,66.4074,68.8058,85.7871,82.6170,92.5381,93.6243,80.3525,83.8843,84.2136,78.7574,83.7658,79.8484,64.1528,64.9777,63.5719,65.2613,67.0065,69.2662,65.4613,70.5580,71.1061,70.6008,72.4740,71.4499
2514,83,2,44,63.0302,68.1569,75.3679,59.0347,67.1861,69.6943,86.4452,83.4451,93.1601,94.3904,81.4225,84.9142,85.1397,79.7359,84.5382,80.6065,65.0563,65.8122,64.3845,66.0453,67.8037,70.0169,66.3484,71.4034,71.9610,71.4690,73.3735
2514,83,2,45,83.6067,64.2830,69.0414,76.1742,60.3012,68.2011,70.7869,87.3099,84.4727,94.0024,95.3516,82.6945,86.1474,86.2668,80.9123,85.5059,81.5577,66.1528,66.8393,65.3978,67.0296,68.7967,70.9645,67.4292,72.4426,73.0118,72.5382
2514,83,2,46,62.3775,84.4830,65.7617,70.2251,77.2382,61.7761,69.4978,72.1007,88.4267,85.7486,95.1241,96.5783,84.1955,87.6215,87.6365,82.3110,86.7275,82.7597,67.4852,68.1039,66.6522,68.2634,70.0381,72.1600,68.7417,73.7198,74.2990
2514,83,2,47,75.9520,63.5736,85.2838,67.0680,71.3167,78.1876,63.1040,70.6970,73.3051,89.4379,86.9133,96.1686,97.7334,85.5727,88.9879,88.9091,83.5855,87.8518,83.8601,68.7068,69.2548,67.7918,69.3994,71.1745,73.2487,69.9351,74.8828
2514,83,2,48,92.4103,76.7801,64.6349,85.9740,68.2102,72.2319,78.9881,64.2659,71.7326,74.3782,90.3474,87.9795,97.1311,98.8372,86.8703,90.2925,90.1069,84.7637,88.8794,84.8493,69.7749,70.2504,68.7538,70.3612,72.1583,74.1806,70.9739
2514,83,2,49,90.6779,92.5674,77.4224,65.5351,86.4637,69.1584,72.9417,79.5805,65.2348,72.5597,75.2480,91.0127,88.8050,97.8432,99.6912,87.9450,91.3684,91.0692,85.7231,89.6654,85.6059,70.6242,71.0262,69.4994,71.0963,72.9161,74.8908
2514,83,2,50,89.2091,90.7767,92.2719,77.6563,66.0389,86.4853,69.6978,73.2960,79.7638,65.8339,73.0084,75.6945,91.1546,89.0825,97.9752,99.8997,88.4621,91.8408,91.4630,86.1536,89.9135,85.8465,71.0775,71.4035,69.8736,71.4496,73.2653
2514,83,2,51,97.7325,89.1654,90.5878,91.7707,77.6746,66.3379,86.2742,70.0244,73.4716,79.7504,66.2374,73.2606,75.9215,91.0351,89.0931,97.8269,99.7843,88.6638,91.9845,91.5482,86.2898,89.8744,85.8353,71.3215,71.5862,70.0657,71.6141
2514,83,2,52,108.5515,97.5001,89.1471,90.4881,91.3641,77.7265,66.6768,86.1305,70.3943,73.6966,79.8058,66.6699,73.5690,76.2105,91.0093,89.1881,97.7735,99.7724,88.9304,92.2018,91.7137,86.4940,89.9181,85.9046,71.6196,71.8317,70.3178
2514,83,2,53,87.3586,108.3974,97.5501,89.3871,90.7049,91.2676,78.0439,67.2772,86.2853,71.0551,74.2041,80.1618,67.3797,74.1765,76.8123,91.3233,89.6160,98.0800,100.1323,89.5516,92.7811,92.2364,87.0474,90.3037,86.3024,72.2250,72.3802
2514,83,2,54,106.6579,87.7033,108.1548,97.5510,89.5101,90.8627,91.0688,78.2590,67.8095,86.3529,71.6359,74.6089,80.4289,68.0129,74.6833,77.3265,91.5664,89.9621,98.2922,100.4138,90.1021,93.2835,92.6830,87.5318,90.6191,86.6203,72.7451
2514,83,2,55,107.3734,106.0098,87.8455,107.6129,97.3019,89.3140,90.7409,90.5293,78.1702,68.0890,86.1174,71.9175,74.6763,80.3730,68.3496,74.8538,77.5314,91.4854,89.9869,98.1681,100.3734,90.3382,93.4722,92.8074,87.7084,90.6263,86.6292
2514,83,2,56,113.7201,106.3548,104.9520,87.6283,106.6585,96.6497,88.6597,90.2055,89.5370,77.6465,67.9690,85.4605,71.7282,74.2600,79.8642,68.2216,74.5317,77.2583,90.9310,89.5459,97.5593,99.8564,90.0713,93.1669,92.4353,87.3916,90.1534
2514,83,2,57,107.4822,112.7687,105.6290,104.1993,87.5761,105.9854,96.2330,88.2663,89.8913,88.8540,77.3735,68.0257,85.0765,71.7425,74.0717,79.6138,68.2932,74.4412,77.2134,90.6525,89.3694,97.2413,99.6125,90.0320,93.0903,92.3055,87.3072
2514,83,2,58,114.8611,107.5331,112.5058,105.5048,104.1107,87.9763,105.9806,96.4091,88.5433,90.1688,88.9015,77.7542,68.6372,85.3600,72.3839,74.5800,80.0514,69.0039,75.0414,77.8412,91.0946,89.8844,97.6590,100.0744,90.6686,93.6905,92.8615
2514,83,2,59,118.0534,114.9223,107.8122,112.5121,105.6125,104.2890,88.5669,106.2486,96.8439,89.1057,90.6954,89.2414,78.4033,69.4769,85.9225,73.2950,75.3805,80.7845,69.9847,75.9311,78.7563,91.8388,90.6906,98.3875,100.8313,91.5785,94.5646
2514,83,2,60,112.0538,118.1063,114.9580,108.0613,112.4662,105.6489,104.4021,89.0810,106.4500,97.2079,89.5730,91.1249,89.4919,78.9234,70.1839,86.3661,74.0729,76.0426,81.3836,70.8248,76.6873,79.5453,92.4740,91.3826,99.0160,101.5016,92.3963
2514,83,2,61,92.0787,111.8652,117.9405,114.7662,108.0705,112.1411,105.4117,104.2199,89.3500,106.3411,97.2812,89.7244,91.2354,89.4023,79.1085,70.5570,86.4461,74.5081,76.3652,81.6119,71.3154,77.0816,79.9757,92.7299,91.7059,99.2790,101.8192
2514,83,2,62,110.2019,91.7232,111.1903,117.3597,114.1355,107.6201,111.3097,104.6940,103.5158,89.2191,105.7038,96.8633,89.3572,90.8380,88.7432,78.7723,70.4467,85.9656,74.4082,76.1401,81.2744,71.2687,76.8926,79.8384,92.3913,91.4458,98.9251
2514,83,2,63,104.2043,109.3806,91.3424,110.4924,116.7652,113.4985,107.1468,110.4642,103.9829,102.7934,89.0936,105.0539,96.4419,88.9715,90.4519,88.0751,78.4336,70.3434,85.4953,74.3168,75.9257,80.9426,71.2319,76.7086,79.7032,92.0471,91.1917
2514,83,2,64,112.8494,103.9781,109.1442,91.5337,110.4357,116.7581,113.4733,107.2926,110.2697,103.8876,102.7122,89.5142,105.0523,96.6187,89.2001,90.6687,88.0409,78.6762,70.7941,85.6439,74.8246,76.3099,81.2213,71.7852,77.1560,80.1839,92.3640
2514,83,2,65,108.1029,112.9912,104.0882,109.2443,92.0508,110.7475,117.0857,113.8028,107.8088,110.4712,104.1518,103.0276,90.2468,105.4495,97.1611,89.8210,91.2460,88.4086,79.2965,71.5912,86.1911,75.6949,77.0693,81.8890,72.7046,78.0106,81.0684
2514,83,2,66,86.1218,107.7113,112.6662,103.7474,108.9034,92.1334,110.5840,116.9332,113.6475,107.8435,110.2259,103.9916,102.9369,90.5842,105.4279,97.3034,90.0528,91.4511,88.4219,79.5889,72.0746,86.3990,76.2194,77.4920,82.2260,73.2838,78.5136
2514,83,2,67,110.2246,85.7913,106.7977,111.8633,102.9230,108.0904,91.6993,109.8802,116.3112,113.0019,107.3503,109.4621,103.3424,102.3183,90.4324,104.8665,96.9255,89.7265,91.1341,87.8871,79.3343,72.0217,86.0445,76.1535,77.3290,81.9743,73.2682
2514,83,2,68,128.4793,109.3477,85.4126,105.8353,110.9516,102.0504,107.1945,91.1877,109.0787,115.5619,112.2385,106.7444,108.6093,102.6007,101.6149,90.1578,104.2014,96.4426,89.3108,90.7064,87.2950,78.9929,71.8519,85.5985,75.9806,77.0760,81.6270
2514,83,2,69,103.1967,127.0832,108.5302,85.1124,104.9905,110.0964,101.3056,106.3879,90.7632,108.3693,114.8587,111.5558,106.2248,107.8666,101.9571,101.0231,89.9301,103.6350,96.0353,88.9903,90.3532,86.8223,78.7499,71.7567,85.2546,75.8990,76.9326
2514,83,2,70,115.5088,102.1205,125.4147,107.4292,84.5671,103.9106,108.9740,100.3426,105.3598,90.1195,107.4242,113.8790,110.6226,105.4656,106.9448,101.1485,100.2732,89.5239,102.9005,95.4744,88.5632,89.8908,86.2867,78.4511,71.6162,84.8493,75.7712
2514,83,2,71,97.6179,113.6370,100.6567,123.3659,105.8998,83.6277,102.4543,107.4505,99.0229,103.9561,89.1293,106.0957,112.4676,109.2919,104.2953,105.6684,100.0074,99.1800,88.7698,101.8142,94.5789,87.8322,89.1354,85.5089,77.9140,71.2554,84.2128
2514,83,2,72,95.4438,96.0652,111.6307,99.0146,121.1877,104.1950,82.4664,100.8265,105.7700,97.5229,102.3543,87.9101,104.5567,110.8748,107.7701,102.9287,104.1782,98.6682,97.8677,87.7956,100.5144,93.4639,86.8470,88.1480,84.5018,77.1267,70.6571
2514,83,2,73,100.2184,93.9178,94.5625,109.6932,97.3943,119.0861,102.5519,81.2891,99.2059,104.1631,96.0373,100.7791,86.6749,103.0347,109.3828,106.3126,101.5987,102.7102,97.3474,96.5666,86.8306,99.2262,92.3643,85.8188,87.1362,83.4445,76.2786
2514,83,2,74,117.3346,98.3670,92.3156,92.9959,107.6975,95.6906,116.9277,100.8565,80.0487,97.5322,102.5046,94.5002,99.1536,85.3786,101.4668,107.8493,104.7995,100.2204,101.1738,95.9606,95.1990,85.8022,97.8801,91.2061,84.7144,86.0476,82.3108
2514,83,2,75,125.8652,114.3764,96.2024,90.4133,91.1229,105.3847,93.7017,114.4347,98.8487,78.5574,95.5690,100.5110,92.6734,97.2284,83.8355,99.5972,105.9699,102.9676,98.5332,99.3362,94.2779,93.5392,84.4809,96.2271,89.7430,83.3441,84.6670
2514,83,2,76,116.7762,122.4489,111.2094,93.7890,88.2769,89.0075,102.8098,91.4903,111.6789,96.5916,76.8668,93.4006,98.2514,90.6189,95.0625,82.0855,97.4788,103.8011,100.8665,96.5993,97.2603,92.3566,91.6425,82.9155,94.3334,88.0431,81.7590
2514,83,2,77,98.4112,113.6663,119.1395,108.1947,91.4759,86.2236,86.9648,100.3167,89.3629,109.0319,94.4233,75.2722,91.3414,96.1020,88.6678,93.0021,80.4438,95.4824,101.7419,98.8775,94.7844,95.3209,90.5659,89.8835,81.4592,92.5850,86.4751
2514,83,2,78,111.8499,95.8766,110.5920,115.8990,105.2781,89.2024,84.1970,84.9677,97.8597,87.3021,106.4434,92.3218,73.7374,89.3817,94.0355,86.8178,91.0517,78.9127,93.5995,99.7644,96.9857,93.0675,93.5215,88.9042,88.2660,80.1242,90.9911
2514,83,2,79,103.5417,108.2312,92.9938,107.0915,112.2660,101.9512,86.5925,81.8267,82.6689,95.0542,84.9118,103.4882,89.9055,71.9090,87.1223,91.6576,84.6863,88.8108,77.1235,91.4048,97.4684,94.7851,91.0300,91.4212,86.9744,86.3707,78.5296
2580,83,1,80,280.2545,322.4382,305.4597,322.5562,319.6603,333.1923,322.1123,299.1312,305.8195,306.2027,329.2095,296.5032,297.9991,308.4730,316.7686,311.4233,314.2144,301.0582,345.1974,359.6448,368.7993,376.5748,364.4599,397.8747,351.2801,345.8316,343.5229
2580,83,1,81,294.7696,266.9166,307.0247,291.4383,307.8048,305.4131,318.4139,308.1264,286.4719,293.0273,293.7679,315.8164,284.8033,286.3869,296.6120,304.8160,299.8918,302.6819,290.3078,332.7309,346.7836,356.0017,363.7079,352.2226,384.4951,339.7630,334.6297
2580,83,1,82,260.8486,279.0257,253.1438,291.1132,276.9576,292.4949,290.6817,303.0785,293.6223,273.2743,279.7460,280.7687,301.8051,272.6137,274.3017,284.1759,292.2878,287.8005,290.5512,279.0415,319.6329,333.2713,342.5430,350.1481,339.3429,370.3986,327.6402
2580,83,1,83,218.7840,244.9612,262.4754,238.6849,274.3590,261.6739,276.3036,275.1237,286.8362,278.2475,259.2396,265.6272,266.8988,286.8862,259.5964,261.4234,270.8937,278.8602,274.8323,277.5131,266.9434,305.5720,318.7830,328.0167,335.5403,325.4890,355.2280
2580,83,1,84,213.6377,203.6175,228.0988,244.8084,223.2042,256.4599,245.1827,258.9569,258.2729,269.3271,261.5951,244.0463,250.2613,251.7895,270.6734,245.3420,247.3330,256.4192,264.1422,260.6599,263.2656,253.6380,290.2063,302.9403,312.0452,319.4484,310.2428
2580,83,1,85,171.8399,196.4285,187.5792,210.2767,226.0458,206.6231,237.3999,227.4496,240.3848,240.1068,250.5076,243.6302,227.6095,233.5572,235.3527,253.1051,229.7816,231.9230,240.6082,248.0323,245.1056,247.6542,238.9631,273.3671,285.5710,294.4730,301.7199
2580,83,1,86,139.6082,156.0572,178.4425,170.7723,191.5608,206.2815,188.9805,217.2360,208.5453,220.6038,220.6807,230.3717,224.3570,209.9473,215.5822,217.5996,234.1256,212.8958,215.0928,223.3693,230.4528,228.0234,230.5440,222.7670,254.8556,266.4701,275.0683
2580,83,1,87,112.5722,124.8475,139.8126,159.8726,153.3828,172.1391,185.7127,170.5200,196.1522,188.7241,199.7611,200.1791,209.1033,203.8632,191.1110,196.4389,198.6203,213.7575,194.7932,196.9115,204.7045,211.4286,209.4697,211.8388,204.9886,234.5776,245.5240
2580,83,1,88,120.8785,98.7290,109.5959,122.9668,140.5904,135.2352,151.9079,164.2054,151.1156,173.9747,167.7802,177.6589,178.3831,186.4639,181.9608,170.8552,175.8829,178.1463,191.7375,175.1746,177.1214,184.3379,190.6716,189.1399,191.2518,185.3497,212.1902
2580,83,1,89,86.5578,103.9432,84.9685,94.4092,106.1357,121.3226,117.0379,131.6325,142.5112,131.5508,151.5317,146.5075,155.1428,156.0917,163.2661,159.4647,150.0162,154.6358,156.9482,168.8926,154.7493,156.5019,163.0504,168.9347,167.8264,169.5887,164.6669
2580,83,1,90,74.7305,72.6807,87.5114,71.6082,79.5981,89.6962,102.5038,99.1952,111.6761,121.1073,112.2015,129.2613,125.3653,132.7687,133.8590,140.0762,136.9517,129.1123,133.2384,135.5705,145.8510,134.0584,135.6219,141.4605,146.7807,146.0946,147.5165
2580,83,1,91,44.4290,61.4179,59.7035,72.0419,59.0228,65.6424,74.1788,84.7093,82.2421,92.6666,100.6911,93.5893,107.8590,104.9176,111.1257,112.3114,117.5900,115.0734,108.7301,112.3263,114.6516,123.2828,113.6728,115.0140,120.1127,124.8393,124.5155
2580,83,1,92,36.0348,35.6448,49.2466,47.8796,57.9041,47.4637,52.8562,59.8973,68.3726,66.5535,75.0322,81.7445,76.1661,87.8642,85.6745,90.8356,92.0293,96.4119,94.4818,89.4990,92.5337,94.7135,101.8657,94.1862,95.3161,99.7173,103.8094
2580,83,1,93,31.9346,28.0990,27.8774,38.4617,37.4621,45.3661,37.2110,41.4774,47.1544,53.8105,52.4927,59.2234,64.6854,60.4189,69.7713,68.1960,72.4228,73.5659,77.0895,75.6968,71.9107,74.3661,76.3109,82.1258,76.1395,77.1028,80.8042
2580,83,1,94,24.2105,24.2751,21.4014,21.2990,29.2880,28.6072,34.7144,28.4824,31.7664,36.2439,41.3298,40.4056,45.5920,49.9221,46.7692,54.0365,52.9623,56.3414,57.3491,60.1101,59.1537,56.3694,58.3095,59.9803,64.5873,60.0376,60.8581
2580,83,1,95,10.3626,17.8200,17.9244,15.8402,15.8306,21.6406,21.2217,25.7870,21.1730,23.6042,27.0449,30.8007,30.2016,34.0773,37.4158,35.1541,40.6325,39.9352,42.5319,43.3978,45.4861,44.8649,42.8805,44.3658,45.7470,49.3000,45.9525
2580,83,1,96,16.1243,7.3561,12.5604,12.6501,11.2187,11.2544,15.2880,15.0604,18.3075,15.0622,16.7722,19.2859,21.9355,21.5798,24.3576,26.8223,25.2841,29.2106,28.8045,30.7090,31.3890,32.9106,32.5292,31.1874,32.2739,33.3534,35.9754
2580,83,1,97,5.4724,10.8887,5.0325,8.5234,8.5976,7.6468,7.6915,10.3840,10.2744,12.5052,10.2870,11.4527,13.2127,15.0014,14.8086,16.7187,18.4557,17.4531,20.1455,19.9371,21.2661,21.7838,22.8429,22.6189,21.7541,22.5166,23.3316
2580,83,1,98,1.9724,3.5975,7.0869,3.3091,5.5734,5.6210,5.0134,5.0569,6.7830,6.7374,8.1974,6.7578,7.5156,8.6959,9.8458,9.7572,11.0056,12.1799,11.5473,13.3204,13.2247,14.1251,14.4942,15.2057,15.0792,14.5479,15.0549
2580,83,1,99,2.4863,1.2346,2.2550,4.3944,2.0767,3.4736,3.5103,3.1241,3.1607,4.2225,4.2079,5.1162,4.2101,4.6819,5.4258,6.1434,6.1023,6.8712,7.6149,7.2357,8.3613,8.3112,8.8930,9.1373,9.5841,9.5230,9.2178
2580,83,1,100+,2.9033,3.1178,2.5219,2.7645,4.1310,3.5755,4.0749,4.3908,4.3416,4.3312,4.9569,5.3048,6.0493,5.9673,6.1875,6.7558,7.4984,7.9050,8.6146,9.4801,9.7601,10.5633,10.9970,11.5720,12.0562,12.5755,12.8532
2580,83,2,80,343.7358,377.6363,400.0839,377.8224,395.7337,363.6266,360.3211,366.5045,353.7023,360.9791,343.5139,336.7475,384.3643,372.9197,339.1821,349.3126,360.4956,329.4823,366.7069,364.7644,428.4772,417.1549,432.6791,394.7182,398.7145,361.8994,391.6254
2580,83,2,81,321.5519,331.0976,363.7117,385.3882,364.1958,381.5330,350.9330,347.7964,353.7781,341.7188,348.9209,332.1560,325.8716,371.9466,361.0119,328.6557,338.6134,349.4683,319.7647,355.7644,354.0768,415.8515,405.2335,420.3289,383.9014,387.6703,352.1482
2580,83,2,82,278.3406,307.6848,316.9893,348.2129,369.0774,349.0047,365.7133,336.7200,333.8045,339.6114,328.3101,335.4062,319.3896,313.6258,357.9705,347.6291,316.7957,326.4672,337.0322,308.7182,343.3499,341.9448,401.6033,391.7144,406.3376,371.5812,375.1540
2580,83,2,83,286.5414,264.5059,292.5321,301.5277,331.3367,351.3374,332.4404,348.5233,321.1823,318.5560,324.1745,313.6844,320.6253,305.4445,300.2241,342.6864,332.9932,303.7799,313.1821,323.4281,296.5537,329.7651,328.6055,385.9964,376.8398,390.9756,357.9942
2580,83,2,84,228.7739,270.8099,250.3434,277.0078,285.7279,314.1053,333.2395,315.5521,331.0188,305.3244,303.0208,308.4231,298.7858,305.5393,291.2894,286.6020,327.1531,318.1081,290.5491,299.7023,309.6194,284.2242,315.9905,315.1152,370.1390,361.6915,375.3601
2580,83,2,85,251.1191,214.6397,254.0250,235.1864,260.4288,268.8799,295.7003,313.8995,297.5292,312.3280,288.3976,286.4291,291.5874,282.8043,289.3291,276.1359,272.0118,310.5085,302.1067,276.3197,285.2179,294.7647,270.9606,301.1720,300.6359,353.0981,345.3744
2580,83,2,86,187.4209,232.8021,199.2723,235.8436,218.7160,242.4097,250.4903,275.5993,292.7732,277.8273,291.8661,269.8315,268.2011,273.0520,265.1444,271.4598,259.3290,255.7810,292.0491,284.3086,260.4238,269.0019,278.1174,256.0433,284.5225,284.3286,333.9707
2580,83,2,87,191.8375,171.5683,213.0047,182.5838,216.1641,200.8241,222.7560,230.3545,253.6118,269.6668,256.2275,269.3743,249.3168,248.0280,252.5606,245.5836,251.6466,240.6144,237.6142,271.4965,264.4212,242.5673,250.7348,259.3709,239.1444,265.7098,265.8554
2580,83,2,88,164.6116,172.6508,154.7546,192.1330,164.8856,195.2985,181.7874,201.7832,208.7984,230.1176,244.9116,233.0252,245.1866,227.1966,226.2810,230.4637,224.4190,230.1982,220.3475,217.8414,249.1326,242.7860,223.0239,230.7824,238.8487,220.5326,245.1244
2580,83,2,89,133.9736,146.2322,153.4482,137.8860,171.1937,147.1125,174.3294,162.5882,180.5730,187.0020,206.3833,219.8274,209.4957,220.6187,204.6749,204.0937,207.9267,202.7824,208.2382,199.6122,197.5522,226.1415,220.5819,202.8741,210.2083,217.6453,201.2557
2580,83,2,90,108.5735,117.2177,128.0771,134.5098,121.2014,150.4418,129.5116,153.4931,143.4985,159.4856,165.3154,182.7087,194.7805,185.9636,196.0006,182.0571,181.7466,185.2457,180.9904,186.0658,178.6437,177.0061,202.7822,198.0198,182.3793,189.2475,196.0207
2580,83,2,91,91.0790,93.5981,100.9565,110.4056,116.1019,104.9292,130.1163,112.2914,133.0214,124.6524,138.6837,143.8910,159.2478,169.9204,162.5368,171.4719,159.4589,159.3657,162.5293,159.1253,163.7774,157.4542,156.2293,179.1363,175.1160,161.5201,167.8475
2580,83,2,92,85.4624,76.4411,78.8134,84.9358,92.9829,97.9094,88.7536,109.9658,95.1512,112.6333,105.8247,117.8890,122.4576,135.6592,144.9325,138.8560,146.6624,136.5897,136.6450,139.4536,136.7993,140.9961,135.7309,134.8792,154.7808,151.4610,139.9386
2580,83,2,93,52.0540,69.3996,62.2005,64.3440,69.3177,75.9655,80.0648,72.7823,90.1785,78.2003,92.5552,87.1660,97.2223,101.0904,112.1237,119.9535,115.1304,121.7315,113.5632,113.7325,116.1515,114.1640,117.8314,113.5700,113.0549,129.8846,127.2086
2580,83,2,94,48.7034,41.0556,54.6769,49.0995,50.9396,54.8675,60.2111,63.5133,57.9033,71.7766,62.3306,73.7974,69.6646,77.7661,80.9279,89.9051,96.3191,92.6257,98.0178,91.6177,91.8709,93.8921,92.4643,95.5667,92.2513,91.9649,105.8462
2580,83,2,95,43.6448,37.2929,31.5733,41.9903,37.7847,39.2989,42.3167,46.5230,49.0852,44.9090,55.6797,48.4081,57.3508,54.2751,60.6152,63.1285,70.2632,75.3739,72.6408,76.9465,72.0521,72.3516,73.9855,73.0073,75.5706,73.0957,72.9614
2580,83,2,96,26.7287,32.4537,27.7651,23.6024,31.3403,28.2728,29.4766,31.7249,34.9408,36.8730,33.8535,41.9589,36.5307,43.3103,41.0782,45.9113,47.8414,53.3675,57.3047,55.3562,58.6884,55.0449,55.3841,56.6533,56.0282,58.0728,56.3001
2580,83,2,97,13.7753,19.2722,23.4358,20.0483,17.1268,22.7034,20.5290,21.4285,23.0766,25.4383,26.8576,24.7460,30.6378,26.7183,31.7202,30.1163,33.6924,35.1429,39.2699,42.2110,40.8570,43.3554,40.7220,41.0614,41.9988,41.6570,43.2218
2580,83,2,98,9.6472,9.4941,13.2356,16.1251,13.7821,11.8321,15.6598,14.1843,14.8323,15.9715,17.6282,18.6221,17.2111,21.2827,18.5903,22.0915,20.9862,23.5120,24.5262,27.4485,29.5490,28.6402,30.4285,28.6030,28.9282,29.5797,29.4054
2580,83,2,99,7.8141,6.3942,6.2778,8.7165,10.6255,9.0814,7.8258,10.3337,9.3792,9.8278,10.5814,11.6911,12.3593,11.4136,14.1078,12.3246,14.6668,13.9318,15.6307,16.3031,18.2883,19.7073,19.1176,20.3303,19.1418,19.3968,19.8395
2580,83,2,100+,11.9979,12.4091,11.8301,11.3929,12.6699,14.6346,14.9173,14.3268,15.5309,15.6670,16.0282,16.7374,17.8952,19.0873,19.2767,21.1389,21.1631,22.6941,23.2135,24.6409,25.9562,28.0597,30.1853,31.0925,32.4244,32.4791,32.6465
2582,83,1,80,170.9801,126.6107,169.8569,146.0128,144.8782,151.4933,143.3476,128.6925,139.2191,144.2115,132.4387,125.2177,156.3118,136.6856,128.8169,147.0820,113.6981,125.3203,116.6653,120.4200,135.2613,147.1796,169.3956,137.5920,131.6175,128.1778,129.3266
2582,83,1,81,128.8478,162.3216,120.5648,161.4975,139.1047,138.2561,144.5147,136.7155,123.1087,133.0317,137.9772,126.8041,120.1237,149.8018,131.0197,123.6583,141.3035,109.1781,120.5914,112.2736,116.0006,130.2296,141.7995,163.2619,132.7771,127.0436,123.6821
2582,83,1,82,120.5612,121.4322,153.3344,114.2609,152.8256,131.8916,131.3447,137.2284,129.8023,117.2527,126.5706,131.4286,120.8789,114.7656,142.9779,125.0506,118.2093,135.2015,104.3883,115.5769,107.6127,111.3011,124.8872,136.0746,156.7550,127.6482,122.1750
2582,83,1,83,84.1766,112.7615,113.7326,143.7467,107.4970,143.6208,124.1836,123.9024,129.4232,122.5266,110.9276,119.7198,124.4341,114.5816,108.9747,135.6359,118.7549,112.4392,128.6319,99.4267,110.2127,102.7052,106.3210,119.2884,130.0282,149.7908,122.2196
2582,83,1,84,70.2489,77.8955,104.2499,105.3889,133.1926,99.9069,133.4754,115.6058,115.5351,120.7166,114.4625,103.7836,112.0572,116.6092,107.5082,102.3795,127.3428,111.6947,105.9220,121.1750,93.8823,104.1041,97.1314,100.6180,112.9567,123.1424,141.8496
2582,83,1,85,61.0414,64.0544,71.1629,95.1285,96.4213,121.8361,91.6397,122.4990,106.2762,106.3830,111.2120,105.6470,95.9189,103.6028,107.9979,99.6999,95.0468,118.1636,103.8629,98.6603,112.8637,87.6878,97.2524,90.8616,94.1840,105.8326,115.3936
2582,83,1,86,51.4608,55.2167,57.9599,64.5278,86.1538,87.5555,110.6009,83.4782,111.5946,97.0233,97.2770,101.7375,96.8286,88.0698,95.1575,99.3703,91.8567,87.6921,108.9280,95.9879,91.3382,104.4703,81.4162,90.3039,84.5001,87.6661,98.5839
2582,83,1,87,45.5808,46.1121,49.5828,52.0545,58.0768,77.4213,78.8984,99.6039,75.4946,100.8916,87.9316,88.3136,92.4048,88.1049,80.3228,86.7979,90.8007,84.0636,80.3927,99.7323,88.1375,84.0248,96.0816,75.1311,83.3326,78.1126,81.1247
2582,83,1,88,44.9136,40.1191,40.6938,43.8688,46.0660,51.5001,68.5688,70.0830,88.3747,67.2997,89.8875,78.5844,79.0418,82.7557,79.0760,72.2668,78.0998,81.8348,75.9289,72.7206,90.1133,79.8962,76.3102,87.2261,68.4981,75.9553,71.3396
2582,83,1,89,36.8770,38.6209,34.4545,35.0596,37.8877,39.8078,44.6148,59.3590,60.8239,76.6322,58.6092,78.2657,68.6360,69.1098,72.4249,69.3854,63.5563,68.7035,72.1043,67.0685,64.3046,79.6628,70.8587,67.7957,77.4810,61.1292,67.7648
2582,83,1,90,20.7194,30.6234,32.1235,28.6476,29.2484,31.6713,33.3051,37.4517,49.7879,51.1544,64.4078,49.4478,66.0767,58.1195,58.5884,61.4741,59.0613,54.2136,58.6322,61.6410,57.4886,55.1728,68.3731,61.0179,58.4651,66.8331,52.9890
2582,83,1,91,23.4223,16.7815,24.8431,26.0911,23.2901,23.8537,25.8821,27.2233,30.7329,40.8325,42.0727,52.9662,40.7823,54.5778,48.1191,48.5872,51.0509,49.1720,45.2202,48.9521,51.5821,48.1944,46.3119,57.4272,51.3936,49.3205,56.4284
2582,83,1,92,16.5739,18.5094,13.2932,19.6910,20.7177,18.5018,19.0205,20.6707,21.7376,24.6447,32.7182,33.8233,42.5875,32.8739,44.0788,38.9319,39.3931,41.4430,40.0105,36.8636,39.9595,42.2023,39.4852,38.0159,47.1506,42.3192,40.6794
2582,83,1,93,11.4349,12.6478,14.1472,10.1853,15.0916,15.8993,14.2078,14.6640,15.9625,16.7742,19.1103,25.3355,26.2854,33.0838,25.6167,34.4085,30.4518,30.8890,32.5207,31.4847,29.0660,31.5427,33.3905,31.2844,30.1908,37.4314,33.7114
2582,83,1,94,8.0674,8.4110,9.3193,10.4350,7.5303,11.1591,11.7792,10.5333,10.9226,11.9048,12.4915,14.3128,18.9200,19.7093,24.7821,19.2625,25.9048,22.9796,23.3542,24.6052,23.8958,22.1046,24.0204,25.4847,23.9123,23.1315,28.6574
2582,83,1,95,7.1813,5.7652,6.0171,6.6810,7.4943,5.4129,8.0218,8.4761,7.5945,7.9081,8.6324,9.0386,10.4244,13.7310,14.3687,18.0371,14.0866,18.9498,16.8446,17.1569,18.0811,17.6183,16.3284,17.7660,18.8894,17.7556,17.2221
2582,83,1,96,5.3711,4.8852,3.8829,4.0520,4.5141,5.0734,3.6606,5.4351,5.7409,5.1569,5.3936,5.8900,6.1505,7.1542,9.3899,9.8759,12.3778,9.6971,13.0688,11.6355,11.8697,12.5196,12.2447,11.3642,12.3877,13.1975,12.4269
2582,83,1,97,3.1859,3.4091,3.1454,2.4608,2.5683,2.8714,3.2306,2.3239,3.4647,3.6587,3.2853,3.4631,3.7753,3.9280,4.6200,6.0377,6.3827,7.9816,6.2604,8.4720,7.5457,7.7114,8.1428,7.9960,7.4260,8.1164,8.6691
2582,83,1,98,1.8612,1.9804,2.1054,1.9719,1.5222,1.5863,1.7805,2.0061,1.4354,2.1501,2.2666,2.0381,2.1623,2.3523,2.4353,2.8979,3.7693,4.0045,4.9984,3.9209,5.3313,4.7506,4.8624,5.1416,5.0662,4.7077,5.1574
2582,83,1,99,0.0000,1.1242,1.1985,1.2637,1.2052,0.9156,0.9544,1.0707,1.2083,0.8616,1.2951,1.3623,1.2227,1.3046,1.4160,1.4629,1.7568,2.2735,2.4228,3.0228,2.3758,3.2390,2.8877,2.9594,3.1309,3.0953,2.8793
2582,83,1,100+,1.1611,0.6717,1.0406,1.2957,1.4815,1.5497,1.4277,1.3814,1.4168,1.5154,1.3774,1.5457,1.6861,1.6885,1.7395,1.8355,1.9159,2.1363,2.5721,2.9208,3.4712,3.4082,3.8737,3.9333,4.0113,4.1494,4.2144
2582,83,2,80,146.0193,142.6697,177.5557,169.6921,172.8105,154.8265,137.9882,148.0479,153.9184,149.5022,137.8556,150.1855,130.9025,151.9066,145.8642,144.8234,140.5611,124.9791,130.0967,134.6753,137.4495,152.1068,138.5557,143.4104,134.7262,124.3807,134.9517
2582,83,2,81,137.9423,140.8844,137.7708,171.2773,163.8342,166.8890,149.6856,133.5171,143.2009,148.9471,144.7769,133.5808,145.5269,127.0915,147.3551,141.5614,140.6547,136.5711,121.5655,126.5659,131.0808,133.8699,148.1448,135.0793,139.8488,131.3871,121.3909
2582,83,2,82,113.3318,132.4626,135.2629,132.4338,164.3726,157.4581,160.4071,144.0739,128.6133,137.8829,143.4938,139.5892,128.8670,140.3739,122.8966,142.3258,136.8030,136.0225,132.1271,117.7269,122.5769,127.0749,129.8608,143.7187,131.2053,135.8580,127.6055
2582,83,2,83,94.3096,108.0650,126.3024,128.9069,126.4164,156.6204,150.3083,153.1411,137.7531,123.0575,131.8774,137.3540,133.7137,123.5251,134.5338,118.0948,136.6075,131.3825,130.7465,127.0486,113.2881,117.9702,122.4571,125.2028,138.5930,126.7021,131.2207
2582,83,2,84,101.1788,89.3123,102.4290,119.7230,122.1764,119.9984,148.4601,142.7112,145.4508,131.0247,117.1309,125.4938,130.8250,127.4503,117.8434,128.3389,112.9392,130.5200,125.6074,125.1141,121.6216,108.5444,113.0504,117.5083,120.1905,133.0859,121.8334
2582,83,2,85,87.4159,95.0317,84.0469,96.4166,112.7314,115.1064,113.2178,139.9524,134.6881,137.3684,123.9044,110.9000,118.7999,123.9291,120.8338,111.8562,121.8439,107.4725,124.1025,119.5191,119.1750,115.9151,103.5822,107.9218,112.2928,114.9552,127.2933
2582,83,2,86,76.2634,81.3473,88.4031,78.3610,89.8849,105.1481,107.4553,105.8491,130.8095,125.9961,128.6209,116.1554,104.1202,111.5290,116.4103,113.6233,105.3038,114.7568,101.4407,117.0741,112.8437,112.6435,109.6469,98.1276,102.2951,106.5151,109.1705
2582,83,2,87,87.1635,70.1523,74.8733,81.3518,72.2844,82.9092,97.0369,99.2506,97.9252,121.0317,116.6846,119.2259,107.8010,96.7863,103.6804,108.2957,105.8234,98.1838,107.0577,94.8473,109.4200,105.5623,105.4952,102.7816,92.1220,96.0950,100.1330
2582,83,2,88,57.1226,78.9765,63.7251,68.0754,73.9582,65.8567,75.5684,88.4927,90.5799,89.5235,110.6744,106.8066,109.2434,98.8978,88.9446,95.2885,99.6179,97.4693,90.5382,98.7861,87.6975,101.1654,97.6962,97.7563,95.3241,85.5630,89.3329
2582,83,2,89,67.6524,50.9854,70.4483,56.9872,60.9398,66.2109,59.0830,67.8337,79.4728,81.4249,80.6245,99.7169,96.3573,98.6650,89.4322,80.5687,86.3262,90.3382,88.5064,82.3366,89.9020,79.9552,92.2630,89.1910,89.3665,87.2081,78.4045
2582,83,2,90,41.0484,58.9868,44.5883,61.5539,49.9435,53.4755,58.0971,51.9626,59.6738,69.9436,71.7557,71.1927,88.0986,85.2727,87.4112,79.3313,71.5850,76.7224,80.3806,78.8525,73.5073,80.3156,71.5505,82.6078,79.9525,80.2279,78.3496
2582,83,2,91,34.9534,35.0956,50.3353,38.1707,52.6443,42.8705,45.9319,49.9104,44.7446,51.4020,60.2797,61.9272,61.5626,76.2155,73.8905,75.8408,68.9190,62.2959,66.7960,70.0642,68.8301,64.2850,70.2963,62.7534,72.4801,70.2292,70.5785
2582,83,2,92,39.0558,29.1456,29.3557,41.9851,31.9747,44.0448,36.0116,38.5986,41.9569,37.6939,43.3125,50.8345,52.2932,52.1006,64.5072,62.6242,64.3652,58.5882,53.0621,56.9157,59.7720,58.8195,55.0291,60.2216,53.9168,62.2557,60.3864
2582,83,2,93,24.3331,31.6431,23.6997,23.9458,34.1511,26.1366,35.9384,29.5307,31.6713,34.4070,31.0092,35.6136,41.8234,43.0830,43.0361,53.2818,51.7927,53.3074,48.6042,44.1255,47.3429,49.7778,49.0774,46.0003,50.3759,45.2702,52.2231
2582,83,2,94,22.8378,19.2046,24.9698,18.7551,18.9943,27.0566,20.7880,28.5531,23.5594,25.2891,27.4596,24.8234,28.5066,33.4936,34.5505,34.5984,42.8682,41.7148,42.9899,39.2660,35.7323,38.3544,40.3729,39.8736,37.4441,41.0423,37.0123
2582,83,2,95,18.4286,17.5340,14.7877,19.2249,14.4733,14.6859,20.9321,16.1205,22.1363,18.3209,19.6763,21.3755,19.3658,22.2492,26.1684,27.0300,27.1243,33.6552,32.7876,33.8410,30.9534,28.2262,30.3156,31.9518,31.6109,29.7353,32.6302
2582,83,2,96,17.0940,13.7055,13.0376,11.0275,14.3380,10.8166,11.0001,15.6903,12.1032,16.6244,13.7916,14.8164,16.1086,14.6211,16.8048,19.7935,20.4640,20.5816,25.5722,24.9437,25.7813,23.6084,21.5791,23.1889,24.4783,24.2522,22.8508
2582,83,2,97,5.0435,12.3126,9.8871,9.3940,7.9716,10.3700,7.8344,7.9785,11.3956,8.7993,12.0912,10.0569,10.8001,11.7515,10.6898,12.2829,14.4859,14.9933,15.1061,18.7980,18.3546,18.9978,17.4126,15.9552,17.1470,18.1438,17.9967
2582,83,2,98,2.0702,3.4730,8.4852,6.8181,6.4702,5.5086,7.1678,5.4209,5.5308,7.9039,6.1115,8.4006,7.0054,7.5155,8.1852,7.4583,8.5654,10.1175,10.4773,10.5717,13.1804,12.8766,13.3501,12.2414,11.2535,12.0909,12.8188
2582,83,2,99,3.9563,1.3801,2.3142,5.6407,4.5380,4.3033,3.6740,4.7768,3.6177,3.7001,5.2892,4.0947,5.6279,4.7065,5.0450,5.4940,5.0155,5.7580,6.8055,7.0537,7.1294,8.9011,8.6992,9.0282,8.2880,7.6357,8.2025
2582,83,2,100+,9.5196,8.5433,6.2859,5.4460,7.0254,7.3298,7.3829,7.0196,7.4947,7.0523,6.8256,7.7001,7.5082,8.3741,8.3461,8.5557,8.9665,8.9411,9.4158,10.4026,11.1997,11.7615,13.2484,14.0468,14.7628,14.7249,14.2722
2581,83,1,80,198.3832,210.3503,211.5702,210.5101,224.9079,225.4783,196.9281,189.6406,173.8110,217.8741,181.6831,189.9569,170.4336,185.5504,203.5385,183.2223,182.4293,182.6492,189.6909,195.3885,201.5300,216.3588,213.5746,217.1214,212.4015,196.4845,211.7058
2581,83,1,81,192.1124,188.0544,199.5180,200.9467,200.1306,213.9418,214.6017,187.7506,181.0224,166.1462,208.1691,173.9338,181.9262,163.4961,178.0010,195.2996,176.1083,175.3856,175.7671,182.5986,188.1964,194.3284,208.6734,206.1015,209.6258,205.1096,189.9024
2581,83,1,82,157.5099,180.2258,176.7310,187.6431,189.2731,188.6783,201.8387,202.5907,177.5413,171.4198,157.5578,197.3333,165.2030,172.9123,155.6494,169.4645,185.9769,168.0119,167.3708,167.9110,174.5130,179.9826,186.0452,199.8176,197.4901,200.9876,196.7410
2581,83,1,83,121.6517,146.3218,167.5272,164.6073,174.8956,176.7101,176.3106,188.7770,189.6012,166.4526,160.9551,148.1859,185.5183,155.6497,163.0304,147.0231,160.0872,175.7215,159.0671,158.5068,159.1986,165.5513,170.8734,176.7996,189.9466,187.8915,191.3519
2581,83,1,84,96.6659,112.0671,134.8425,154.5256,152.1949,161.7737,163.7738,163.5585,175.2764,176.1788,154.9565,150.0767,138.4040,173.2307,145.6475,152.6747,137.9626,150.2383,164.9485,149.6553,149.1526,149.9972,156.0667,161.2178,166.9980,179.4721,177.7291
2581,83,1,85,93.6562,88.0410,102.1397,122.9444,141.0615,139.2980,148.0948,150.2783,150.2264,161.1469,162.1138,142.8610,138.5984,128.0048,160.2494,135.0265,141.6472,128.2669,139.7003,153.4414,139.5454,139.0875,140.0864,145.8253,150.7742,156.3851,168.1334
2581,83,1,86,86.7021,84.0012,79.0518,91.7961,110.5218,126.9875,125.7195,133.7285,136.0240,136.1508,146.1897,147.1941,129.9829,126.3622,116.8646,146.3695,123.6011,129.7779,117.7393,128.3029,140.9894,128.5123,128.1488,129.2561,134.6255,139.3432,144.7221
2581,83,1,87,58.9134,76.3142,74.1872,69.8769,81.2449,97.8402,112.5868,111.7172,118.9589,121.2748,121.5727,130.6639,131.6982,116.5353,113.5655,105.1655,131.7800,111.5449,117.2588,106.5609,116.2214,127.7700,116.7365,116.4867,117.6610,122.6424,127.0972
2581,83,1,88,52.0220,50.9607,66.0941,64.4691,60.7696,70.7571,85.2767,98.2833,97.7400,104.2137,106.4567,106.9057,115.0072,116.0564,102.8992,100.5271,93.2229,116.8833,99.1787,104.4021,95.0387,103.7672,114.1445,104.5233,104.4026,105.6126,110.1830
2581,83,1,89,40.6511,44.2463,43.2529,56.2057,54.9918,51.8722,60.5021,73.0157,84.2499,84.0258,89.7054,91.8223,92.3710,99.4597,100.4969,89.2601,87.4515,81.1974,101.9052,86.6538,91.3735,83.3306,91.0779,100.2652,92.0291,92.0055,93.2381
2581,83,1,90,35.3736,33.4893,36.5995,35.7289,46.5312,45.6603,43.0877,50.3591,60.8524,70.3113,70.3427,75.1937,77.1533,77.7508,83.8183,84.8096,75.4450,74.1329,68.9123,86.6157,73.7955,77.9791,71.2290,77.9550,85.8950,79.0343,79.0934
2581,83,1,91,29.5231,28.3385,26.8444,29.4731,28.7000,37.4771,36.9106,34.8158,40.7787,49.3360,57.0935,57.2801,61.3167,63.0591,63.6735,68.7387,69.6594,62.0608,61.1807,56.9273,71.6989,61.1983,64.8046,59.2801,64.9710,71.6679,66.1238
2581,83,1,92,16.2611,22.8620,22.0314,20.8706,23.0473,22.3462,29.2923,28.9528,27.2840,32.0179,38.7713,44.9612,45.2400,48.4938,49.9923,50.5868,54.6962,55.5060,49.5262,49.0064,45.6389,57.6098,49.2648,52.2926,47.8814,52.5779,58.0614
2581,83,1,93,11.2413,12.1852,17.1333,16.5703,15.6965,17.4435,16.8222,22.1267,21.9640,20.6693,24.2910,29.4488,34.2135,34.5518,37.0646,38.3232,38.8598,42.0941,42.7567,38.2219,37.9755,35.3945,44.7629,38.3539,40.8244,37.4221,41.1611
2581,83,1,94,12.2829,8.1943,8.8896,12.4948,12.1051,11.4772,12.8423,12.3160,16.2498,16.2050,15.2214,17.9147,21.7273,25.2863,25.6457,27.5158,28.5474,29.0032,31.4612,31.9854,28.6532,28.5853,26.6744,33.7895,29.0039,30.9582,28.4186
2581,83,1,95,6.3255,8.6024,5.7630,6.2670,8.8228,8.5413,8.1082,9.1300,8.7140,11.5271,11.5512,10.8207,12.7709,15.4912,18.0690,18.3945,19.7428,20.5507,20.9071,22.7224,23.1190,20.7477,20.7834,19.4088,24.6435,21.1877,22.6860
2581,83,1,96,4.6585,4.2528,5.7479,3.8642,4.2176,5.9391,5.7462,5.4613,6.1854,5.8815,7.7903,7.8434,7.3249,8.6713,10.5250,12.3024,12.5833,13.4950,14.1022,14.3625,15.6245,15.9138,14.3043,14.3922,13.4547,17.1123,14.7412
2581,83,1,97,1.9709,3.0002,2.7738,3.7100,2.5157,2.7532,3.8580,3.7340,3.5554,4.0560,3.8337,5.0856,5.1418,4.7877,5.6791,6.8970,8.0684,8.3022,8.8866,9.3245,9.4993,10.3386,10.5359,9.4902,9.5877,8.9818,11.4250
2581,83,1,98,0.6413,1.2377,1.8510,1.7317,2.2954,1.5664,1.7192,2.3989,2.3193,2.2123,2.5335,2.3897,3.1745,3.2206,2.9841,3.5506,4.3103,5.0467,5.2246,5.5801,5.8768,5.9925,6.5219,6.6508,5.9977,6.0872,5.7119
2581,83,1,99,1.1529,0.3758,0.7224,1.0646,1.0108,1.3275,0.9080,0.9957,1.3897,1.3460,1.2814,1.4764,1.3790,1.8410,1.8702,1.7268,2.0605,2.4991,2.9270,3.0456,3.2536,3.4347,3.5068,3.8174,3.8945,3.5150,3.5857
2581,83,1,100+,1.1612,1.3385,0.9936,0.9933,1.1878,1.2669,1.5003,1.3933,1.3806,1.5988,1.7078,1.7297,1.8642,1.8870,2.1686,2.3534,2.3729,2.5764,2.9589,3.4362,3.7843,4.1022,4.3908,4.5935,4.8929,5.1032,5.0041
2581,83,2,80,245.2527,248.5995,230.4228,266.9248,259.1681,217.5460,212.8834,220.1076,221.4763,209.3747,206.7799,225.1971,228.4042,217.3869,206.6350,211.4149,187.5253,197.7128,189.4114,211.0490,227.4973,211.0314,217.8364,225.2427,222.2121,208.6394,209.6155
2581,83,2,81,197.9888,235.5513,238.9477,221.7335,256.7272,249.4804,209.7247,205.3403,212.2460,213.7059,202.2514,199.7527,217.5972,220.9171,210.3631,200.0229,204.8170,181.8970,191.7780,183.8611,204.8275,220.9062,205.1763,211.8106,219.1102,216.1493,203.0766
2581,83,2,82,166.3516,189.3597,225.1297,228.5918,212.4091,245.7649,239.0433,201.2452,197.1597,203.7764,205.3102,194.5282,192.1282,209.3557,212.7752,202.7302,192.8629,197.6254,175.7425,185.2821,177.7715,198.0250,213.7170,198.7535,205.2002,212.3980,209.5113
2581,83,2,83,145.1175,157.8959,179.8325,213.6684,217.1754,202.0421,233.6596,227.5024,191.7935,188.0285,194.3353,195.9613,185.8810,183.6027,200.1561,203.6233,194.1568,184.7994,189.5258,168.7462,177.9157,170.8289,190.3056,205.5495,191.4066,197.6522,204.7262
2581,83,2,84,116.5408,136.2729,148.4721,169.2107,200.9579,204.4418,190.3849,220.1472,214.5947,181.1592,177.7420,183.6626,185.3903,176.0784,173.9249,189.7417,193.2452,184.3864,175.5508,180.2324,160.6516,169.4438,162.7634,181.3967,196.0973,182.8437,188.8701
2581,83,2,85,122.4344,108.2480,126.4896,137.9813,157.3784,186.8518,190.2766,177.3984,205.1026,200.1860,169.2576,166.2138,171.7291,173.5303,165.0355,163.0687,178.0242,181.5367,173.3341,165.1158,169.7067,151.4653,159.8331,153.6285,171.2958,185.3508,173.0725
2581,83,2,86,113.7537,112.4430,99.5474,116.3190,126.9573,144.9227,172.0414,175.4093,163.7952,189.3419,185.0396,156.7341,154.0581,159.1986,161.0290,153.3627,151.6487,165.6391,169.1403,161.6188,154.1142,158.5560,141.7301,149.6188,143.9757,160.5911,173.9128
2581,83,2,87,88.9924,103.3372,102.2980,90.6730,106.0120,115.7496,132.2178,156.9502,160.2634,149.9259,173.3133,169.5775,143.8936,141.5822,146.3621,148.2106,141.3519,139.9077,152.8799,156.3730,149.5177,142.7596,147.0135,131.6202,139.0107,133.9408,149.4737
2581,83,2,88,87.7051,79.7789,92.6881,91.9056,81.5529,95.3997,104.2546,119.1629,141.4398,144.6680,135.5779,156.7386,153.5621,130.5457,128.6076,132.9901,134.8385,128.8034,127.6168,139.5204,142.9526,136.7946,130.7776,134.8223,120.8886,127.7556,123.2787
2581,83,2,89,83.4110,77.1489,70.3134,81.7458,81.1466,72.1102,84.3695,92.3558,105.6403,125.3900,128.4772,120.5863,139.4577,136.8376,116.5395,114.9640,118.9028,120.7307,115.5329,114.5637,125.3537,128.6576,123.2480,117.9285,121.7420,109.3170,115.6274
2581,83,2,90,72.1333,71.7313,66.4271,60.6919,70.6143,70.1465,62.4439,73.0574,80.1377,91.7699,108.9340,111.8138,105.0974,121.6114,119.5213,101.9811,100.7506,104.2153,105.9957,101.6287,100.8341,110.4675,113.5767,108.9316,104.3050,107.8532,96.9901
2581,83,2,91,52.8151,60.6078,60.3161,55.9539,51.2233,59.6781,59.3329,52.9134,61.9313,68.0435,78.0105,92.6442,95.2728,89.6912,103.8802,102.2584,87.4092,86.4808,89.5038,91.1897,87.5854,86.9960,95.4198,98.2761,94.3664,90.4586,93.6850
2581,83,2,92,39.2805,43.2531,49.7435,49.5180,46.0494,42.2284,49.2832,49.0808,43.8372,51.3464,56.4590,64.8059,77.0098,79.3670,74.8692,86.7934,85.5686,73.2882,72.6050,75.2231,76.7606,73.8617,73.4953,80.6770,83.2550,80.0328,76.8269
2581,83,2,93,33.5261,31.3856,34.5721,39.8419,39.6818,37.0024,34.0067,39.7484,39.6721,35.4878,41.5985,45.7570,52.5791,62.4906,64.5732,61.0544,70.8349,69.9337,60.0331,59.5575,61.7728,63.1389,60.8712,60.6757,66.6542,68.9554,66.3518
2581,83,2,94,29.3496,26.0184,24.3843,26.8675,31.0461,30.9181,28.9174,26.6187,31.1617,31.1745,27.9167,32.7457,36.0643,41.4681,49.2980,51.0538,48.3857,56.1860,55.5446,47.8052,47.4887,49.3021,50.4828,48.7595,48.6874,53.5274,55.5174
2581,83,2,95,23.9871,21.9580,19.5751,18.3653,20.2416,23.4594,23.3491,21.9183,20.1893,23.6765,23.7408,21.2762,24.9799,27.5539,31.6863,37.6834,39.1105,37.1529,43.1843,42.7579,36.8908,36.6980,38.1234,39.1119,37.8519,37.8737,41.6621
2581,83,2,96,17.8786,17.1921,15.7122,14.0842,13.2211,14.5877,16.9612,16.8646,15.8863,14.6347,17.2008,17.2755,15.4925,18.2202,20.1160,23.1480,27.5407,28.6587,27.2739,31.7455,31.4755,27.2088,27.1195,28.1917,28.9819,28.0921,28.1774
2581,83,2,97,9.6719,12.3310,11.8852,10.8380,9.7713,9.1708,10.1304,11.8056,11.7405,11.0822,10.2106,12.0344,12.0932,10.8535,12.7931,14.1258,16.2702,19.3742,20.2042,19.2611,22.4520,22.2895,19.2971,19.2753,20.0447,20.6647,20.0545
2581,83,2,98,6.5797,6.3515,8.0939,7.8142,7.1069,6.4484,6.0441,6.6851,7.8127,7.7611,7.3431,6.7669,7.9986,8.0352,7.2180,8.5241,9.4095,10.8549,12.9314,13.5102,12.9033,15.0585,14.9723,12.9731,12.9988,13.5182,13.9682
2581,83,2,99,3.7501,4.2081,4.0493,5.1602,4.9643,4.5141,4.1240,3.8574,4.2709,5.0009,4.9623,4.7052,4.3476,5.1494,5.1762,4.6490,5.4922,6.0493,6.9878,8.3122,8.7077,8.3318,9.7201,9.6796,8.4092,8.4386,8.7797
2581,83,2,100+,3.1734,4.3895,5.4458,6.0121,7.0752,7.6275,7.6952,7.4996,7.2100,7.2821,7.7954,8.1020,8.1463,7.9566,8.3566,8.6375,8.4750,8.9265,9.5901,10.6293,12.1503,13.3779,13.9081,15.1154,15.8528,15.4895,15.2602
2560,83,1,80,49.0417,40.6704,36.8993,40.9024,41.4905,36.4802,44.4920,42.1574,44.8536,47.4592,41.5674,34.0040,37.1746,37.8454,45.1448,33.8795,39.5251,36.1505,38.1184,38.1058,42.3406,43.6053,41.1645,38.0081,32.3710,38.5057,39.7987
2560,83,1,81,42.5155,46.2828,38.5567,35.1031,38.9110,39.5067,34.7918,42.3203,40.1449,42.6924,45.2244,39.7041,32.6070,35.6195,36.2776,43.1744,32.5755,37.9424,34.8050,36.6397,36.7187,40.7758,41.9975,39.7236,36.7416,31.3452,37.1862
2560,83,1,82,28.4181,40.1473,43.7109,36.5624,33.4037,36.9940,37.6012,33.1858,40.2696,38.2399,40.6725,43.1077,37.9285,31.2812,34.1498,34.7867,41.3312,31.3474,36.4338,33.5150,35.2600,35.3970,39.3075,40.4985,38.3704,35.5544,30.3996
2560,83,1,83,21.5691,26.6016,37.5351,40.9157,34.3174,31.4402,34.7931,35.4085,31.3137,37.9549,36.0818,38.4028,40.7213,35.8934,29.6952,32.4188,33.0395,39.2369,29.8726,34.6635,31.9496,33.6346,33.7901,37.5465,38.7128,36.7203,34.0798
2560,83,1,84,21.2394,19.9867,24.5941,34.6867,37.8791,31.8309,29.2505,32.3442,32.9584,29.2134,35.3794,33.6752,35.8713,38.0632,33.6043,27.8802,30.4448,31.0481,36.8686,28.1756,32.6378,30.1365,31.7590,31.9148,35.4977,36.6314,34.7871
2560,83,1,85,19.1494,19.4102,18.3384,22.5022,31.7106,34.7017,29.2144,26.9475,29.7645,30.3736,26.9955,32.6526,31.1228,33.1713,35.2365,31.1660,25.9384,28.3312,28.9096,34.3217,26.3512,30.4465,28.1732,29.7206,29.8718,33.2632,34.3590
2560,83,1,86,17.0568,17.2179,17.4834,16.5995,20.2912,28.5794,31.3379,26.4368,24.4825,27.0118,27.6087,24.6077,29.7298,28.3852,30.2687,32.1938,28.5272,23.8235,26.0175,26.5753,31.5488,24.3313,28.0492,26.0078,27.4687,27.6138,30.7878
2560,83,1,87,10.6277,15.1175,15.2824,15.5419,14.8378,18.0587,25.4279,27.9338,23.6247,21.9650,24.2063,24.7837,22.1553,26.7334,25.5765,27.2874,29.0592,25.8001,21.6292,23.6108,24.1475,28.6665,22.2080,25.5500,23.7396,25.1079,25.2498
2560,83,1,88,18.2985,9.3413,13.2784,13.4527,13.7015,13.1533,15.9436,22.4288,24.6778,20.9422,19.5508,21.5201,22.0669,19.7933,23.8403,22.8575,24.3962,26.0096,23.1527,19.4967,21.2703,21.7846,25.8498,20.1330,23.1103,21.5251,22.7979
2560,83,1,89,13.8785,15.9180,8.2209,11.6375,11.8394,12.0800,11.6663,14.0804,19.7336,21.7471,18.5469,17.4031,19.1233,19.6289,17.6828,21.2214,20.3998,21.7627,23.2330,20.7571,17.5824,19.1579,19.6493,23.2767,18.2746,20.8845,19.5201
2560,83,1,90,10.3184,11.9257,13.7140,7.1872,10.1005,10.3350,10.5676,10.2713,12.3458,17.1920,18.9792,16.2879,15.3803,16.8600,17.3192,15.6766,18.7190,18.0466,19.2326,20.5679,18.4563,15.7447,17.1286,17.5901,20.7746,16.4801,18.7184
2560,83,1,91,9.9797,8.6252,9.9685,11.4778,6.0923,8.5226,8.7621,8.9731,8.7744,10.5105,14.5765,16.1196,13.9073,13.2000,14.4420,14.8545,13.5013,16.0622,15.5315,16.5409,17.7307,15.9633,13.7013,14.8908,15.3121,18.0500,14.4430
2560,83,1,92,5.5539,7.9022,6.8515,7.9165,9.1330,4.8805,6.8442,7.0470,7.2296,7.1125,8.4714,11.7545,13.0351,11.2750,10.7451,11.7425,12.1042,11.0388,13.1192,12.7195,13.5554,14.5576,13.1347,11.3258,12.3035,12.6748,14.9481
2560,83,1,93,8.1870,4.1473,5.9061,5.1286,5.9278,6.8519,3.6705,5.1859,5.3371,5.4904,5.4428,6.4161,8.9345,9.9496,8.6070,8.2375,8.9892,9.2923,8.5023,10.1126,9.8313,10.4916,11.2853,10.1986,8.8278,9.5896,9.8994
2560,83,1,94,1.4333,5.8777,2.9859,4.2574,3.6987,4.2795,4.9597,2.6578,3.7909,3.8966,4.0199,4.0181,4.6769,6.5409,7.3188,6.3259,6.0814,6.6255,6.8664,6.3048,7.5078,7.3201,7.8249,8.4315,7.6297,6.6273,7.1995
2560,83,1,95,2.1272,1.0146,4.1635,2.1214,3.0325,2.6278,3.0465,3.5378,1.8968,2.7249,2.8014,2.8944,2.9165,3.3585,4.7177,5.3016,4.5783,4.4208,4.8071,4.9964,4.6010,5.4864,5.3639,5.7424,6.1994,5.6171,4.8962
2560,83,1,96,1.3662,1.4656,0.6961,2.8564,1.4611,2.0941,1.8072,2.1005,2.4425,1.3110,1.8925,1.9474,2.0148,2.0442,2.3345,3.2926,3.7173,3.2042,3.1093,3.3749,3.5166,3.2475,3.8774,3.8017,4.0760,4.4085,3.9986
2560,83,1,97,0.0000,0.9014,0.9765,0.4612,1.8924,0.9715,1.3942,1.1980,1.3956,1.6262,0.8720,1.2689,1.3041,1.3498,1.3801,1.5613,2.2108,2.5081,2.1564,2.1048,2.2782,2.3805,2.2042,2.6342,2.5902,2.7816,3.0152
2560,83,1,98,0.6405,0.0001,0.5730,0.6266,0.2945,1.2066,0.6219,0.8936,0.7638,0.8917,1.0394,0.5581,0.8186,0.8394,0.8684,0.8953,1.0019,1.4243,1.6250,1.3923,1.3666,1.4754,1.5456,1.4354,1.7161,1.6923,1.8197
2560,83,1,99,0.0000,0.3911,0.0001,0.3465,0.3838,0.1792,0.7336,0.3781,0.5440,0.4634,0.5417,0.6310,0.3382,0.5003,0.5114,0.5307,0.5514,0.6093,0.8682,0.9958,0.8522,0.8399,0.9040,0.9491,0.8840,1.0576,1.0460
2560,83,1,100+,0.0000,0.0002,0.2267,0.1313,0.2757,0.3798,0.3231,0.6109,0.5712,0.6432,0.6408,0.6826,0.7608,0.6372,0.6612,0.6826,0.7063,0.7339,0.7837,0.9650,1.1457,1.1646,1.1687,1.2052,1.2526,1.2410,1.3361
2560,83,2,80,36.7634,58.5641,46.0812,48.7900,38.5710,33.7615,36.4380,45.8555,39.1808,40.2219,33.8798,33.7126,37.0988,44.8502,39.8046,43.2061,38.0548,32.6683,35.0186,26.1713,39.6358,37.6434,31.1965,50.2933,40.3232,33.9632,33.5724
2560,83,2,81,41.2508,35.3246,56.0707,44.2428,46.8968,37.1792,32.5380,35.0865,44.0497,37.7596,38.7975,32.6995,32.5698,35.9195,43.2612,38.4405,41.7536,36.8087,31.6863,33.9378,25.4716,38.4209,36.5449,30.3689,48.7031,39.1143,33.0161
2560,83,2,82,35.1078,39.1625,33.5787,53.1317,42.0271,44.6458,35.4658,30.9845,33.3983,41.8566,36.0130,37.0478,31.2175,31.1278,34.4296,41.3060,36.7534,39.9621,35.2411,30.4449,32.5709,24.5454,36.8903,35.1382,29.2839,46.7203,37.5919
2560,83,2,83,19.9235,33.1220,36.9694,31.7505,50.1027,39.7308,42.2714,33.6538,29.3736,31.6547,39.6092,34.1922,35.2049,29.6805,29.6288,32.8308,39.2821,35.0014,38.0897,33.6135,29.1302,31.1445,23.5655,35.2996,33.6629,28.1347,44.6849
2560,83,2,84,29.2274,18.8977,31.2322,34.8821,30.0201,47.2331,37.5568,40.0254,31.9422,27.8477,30.0035,37.4788,32.4730,33.4622,28.2351,28.2203,31.3315,37.3782,33.3568,36.3348,32.0878,27.9075,29.8182,22.6660,33.8232,32.2910,27.0764
2560,83,2,85,38.3630,27.5041,17.9166,29.3883,32.8541,28.3519,44.4109,35.4181,37.8365,30.2868,26.3623,28.3883,35.3745,30.7910,31.7653,26.8256,26.8494,29.9004,35.5081,31.7427,34.6229,30.5864,26.7255,28.5194,21.8107,32.3923,30.9729
2560,83,2,86,26.1136,35.7329,25.7583,16.9449,27.5542,30.8382,26.7036,41.6103,33.3256,35.6420,28.6562,24.9495,26.8445,33.3367,29.1410,30.0917,25.4646,25.5250,28.4870,33.6763,30.1666,32.9317,29.1294,25.5609,27.2496,20.9990,31.0055
2560,83,2,87,24.7676,23.9755,32.7750,23.6985,15.7192,25.4105,28.4608,24.7042,38.4009,30.8738,33.0327,26.6582,23.2488,25.0135,30.9872,27.1604,28.0692,23.8110,23.8963,26.7084,31.4966,28.2637,30.8784,27.3596,24.0725,25.6628,19.8921
2560,83,2,88,25.0366,22.1759,21.5091,29.3998,21.2874,14.1917,22.8868,25.6526,22.3017,34.6616,27.9410,29.9046,24.2005,21.1500,22.7746,28.1804,24.7410,25.5931,21.7607,21.8616,24.4556,28.8292,25.9082,28.3307,25.1406,22.1542,23.6385
2560,83,2,89,19.2771,21.9742,19.4799,18.9416,25.8843,18.7685,12.5650,20.2360,22.6962,19.7672,30.7253,24.8250,26.5837,21.5702,18.8914,20.3595,25.1752,22.1410,22.9265,19.5413,19.6517,21.9999,25.9417,23.3454,25.5503,22.7078,20.0388
2560,83,2,90,19.8307,16.6222,18.9727,16.8433,16.4178,22.4233,16.2913,10.9495,17.6100,19.7702,17.2525,26.8143,21.7180,23.2676,18.9315,16.6157,17.9224,22.1507,19.5217,20.2371,17.2870,17.4052,19.5027,23.0049,20.7328,22.7111,20.2202
2560,83,2,91,10.1233,16.7680,14.0535,16.0666,14.2810,13.9574,19.0551,13.8709,9.3518,15.0333,16.8965,14.7711,22.9681,18.6435,19.9883,16.3044,14.3398,15.4839,19.1364,16.8978,17.5381,15.0118,15.1344,16.9758,20.0362,18.0835,19.8308
2560,83,2,92,10.7000,8.3401,13.8519,11.6085,13.2949,11.8282,11.5934,15.8295,11.5408,7.8001,12.5414,14.1143,12.3593,19.2341,15.6466,16.7893,13.7256,12.0989,13.0788,16.1701,14.3022,14.8652,12.7503,12.8716,14.4527,17.0723,15.4320
2560,83,2,93,7.9986,8.5737,6.6888,11.1344,9.3306,10.7039,9.5353,9.3764,12.7966,9.3497,6.3446,10.1890,11.4812,10.0748,15.6779,12.7911,13.7347,11.2613,9.9549,10.7690,13.3101,11.7981,12.2783,10.5574,10.6754,11.9981,14.1765
2560,83,2,94,10.8395,6.2228,6.6934,5.2251,8.7090,7.2939,8.3834,7.4795,7.3837,10.0633,7.3715,5.0379,8.0635,9.0888,8.0007,12.4212,10.1779,10.9300,9.0000,7.9869,8.6404,10.6611,9.4792,9.8749,8.5201,8.6298,9.7100
2560,83,2,95,10.5407,8.1685,4.7134,5.0853,3.9727,6.6320,5.5514,6.3958,5.7097,5.6579,7.7037,5.6540,3.8886,6.2111,7.0013,6.1795,9.5824,7.8807,8.4672,6.9989,6.2326,6.7451,8.3104,7.4093,7.7284,6.6917,6.7861
2560,83,2,96,0.7297,7.6577,5.9355,3.4365,3.7130,2.9037,4.8640,4.0667,4.6970,4.1930,4.1691,5.6757,4.1693,2.8772,4.5954,5.1860,4.5830,7.1177,5.8651,6.3079,5.2261,4.6652,5.0583,6.2307,5.5659,5.8127,5.0467
2560,83,2,97,2.1053,0.5110,5.3783,4.1652,2.4192,2.6175,2.0471,3.4410,2.8759,3.3267,2.9699,2.9634,4.0323,2.9637,2.0505,3.2755,3.7014,3.2746,5.0945,4.2050,4.5269,3.7572,3.3609,3.6521,4.4978,4.0279,4.2107
2560,83,2,98,0.0000,1.4060,0.3406,3.5951,2.7817,1.6205,1.7552,1.3729,2.3168,1.9325,2.2408,2.0008,2.0031,2.7226,2.0020,1.3884,2.2173,2.5097,2.2215,3.4612,2.8626,3.0831,2.5643,2.2976,2.5042,3.0822,2.7657
2560,83,2,99,0.6364,0.0000,0.9054,0.2184,2.3110,1.7876,1.0442,1.1300,0.8850,1.4994,1.2488,1.4506,1.2948,1.3011,1.7664,1.2984,0.9025,1.4416,1.6327,1.4463,2.2572,1.8696,2.0140,1.6777,1.5071,1.6456,2.0243
2560,83,2,100+,1.2694,1.2083,0.7655,1.0581,0.8080,1.9746,2.3863,2.1763,2.1014,1.8949,2.1554,2.1628,2.2988,2.2887,2.2894,2.5889,2.4792,2.1608,2.3065,2.5256,2.5479,3.0817,3.1721,3.3167,3.1926,3.0018,2.9665
2514,83,1,80,86.5186,82.9991,94.2636,82.0337,87.6801,86.3422,75.0514,80.9814,77.2360,87.0685,91.9713,87.7296,73.4289,98.4643,78.6589,85.5401,84.5486,76.4771,82.6800,90.8905,81.8545,91.7268,96.2024,82.5951,95.8358,82.8522,84.4560
2514,83,1,81,113.8207,81.7978,78.5768,89.1548,77.7482,83.1507,81.9486,71.4668,77.0163,73.5547,82.9525,87.6500,83.7286,70.2649,94.0184,75.3150,81.8929,80.9819,73.3559,79.3028,87.2006,78.7524,88.2265,92.5723,79.5652,92.2579,79.8680
2514,83,1,82,63.6882,106.3247,76.8008,73.8757,83.7618,73.1769,78.3569,77.2814,67.6346,72.7703,69.6311,78.5418,83.0017,79.4377,66.8474,89.2121,71.6788,77.9217,77.0894,69.9620,75.6120,83.1710,75.3339,84.3721,88.5784,76.2156,88.3222
2514,83,1,83,67.4396,59.0206,98.2736,71.4048,68.7527,77.8919,68.1475,73.1182,72.1539,63.4092,68.0672,65.2801,73.6355,77.8279,74.6633,63.0236,83.8400,67.5695,73.4301,72.6647,66.1044,71.3996,78.5790,71.4049,79.9445,84.0170,72.3337
2514,83,1,84,50.1772,61.4804,54.0073,89.6867,65.5939,63.2018,71.5678,62.6986,67.3899,66.5725,58.7274,62.9108,60.4455,68.2334,72.1276,69.3709,58.7283,77.8987,62.9701,68.4421,67.7272,61.7516,66.6726,73.4346,66.9249,74.9111,78.8517
2514,83,1,85,55.7581,45.2544,55.4421,48.8632,80.9971,59.5759,57.4632,65.1057,57.1488,61.5132,60.8229,53.8033,57.6199,55.4360,62.6610,66.2639,63.8555,54.2071,71.7831,58.1944,63.2946,62.6335,57.2335,61.7973,68.1231,62.2273,69.6632
2514,83,1,86,33.7212,49.4818,40.2461,49.3761,43.6030,72.2677,53.3525,51.5441,58.5043,51.4557,55.4691,54.8957,48.6587,52.1689,50.2653,56.8945,60.1904,58.1045,49.4248,65.4364,53.1856,57.8974,57.3355,52.5019,56.7121,62.5660,57.2683
2514,83,1,87,33.8638,29.3855,43.1235,35.1482,43.1947,38.2106,63.3406,46.9164,45.4157,51.6536,45.5266,49.1551,48.7010,43.2525,46.4458,44.8196,50.7987,53.7782,52.0204,44.3342,58.6995,47.8367,52.1287,51.6785,47.4207,51.2559,56.5942
2514,83,1,88,37.2950,28.7631,24.9880,36.7547,30.0153,36.9232,32.7584,54.2710,40.3606,39.1574,44.5658,39.3882,42.5840,42.2433,37.6271,40.4493,39.0986,44.3684,47.0394,45.6053,38.9608,51.5801,42.1417,45.9706,45.6433,41.9604,45.3917
2514,83,1,89,23.3172,31.0385,23.9901,20.8161,30.7491,25.1616,30.9645,27.5959,45.6151,34.1209,33.1833,37.7407,33.4590,36.2132,35.9713,32.1550,34.5952,33.4826,38.0483,40.4027,39.2721,33.6442,44.5156,36.4644,39.8243,39.5792,36.4582
2514,83,1,90,13.8643,19.0299,25.3322,19.6193,17.0561,25.2283,20.7136,25.5040,22.8323,37.6351,28.3323,27.6247,31.4411,27.9673,30.3012,30.1342,27.0231,29.1044,28.2083,32.1036,34.1161,33.2497,28.5751,37.7610,31.0463,33.9459,33.7525
2514,83,1,91,22.0902,11.0975,15.1516,20.1817,15.6602,13.6924,20.2253,16.6693,20.5429,18.4694,30.3641,22.9938,22.4838,25.6386,22.8857,24.8289,24.7185,22.2244,23.9802,23.2727,26.5410,28.2017,27.5535,23.7615,31.3457,25.8978,28.3482
2514,83,1,92,8.4617,16.9302,8.6073,11.6812,15.5997,12.1193,10.6664,15.7356,12.9996,16.0512,14.4585,23.7955,18.0833,17.7266,20.2770,18.1466,19.7330,19.6634,17.7143,19.1653,18.6271,21.2904,22.6263,22.1658,19.1510,25.2730,20.9632
2514,83,1,93,5.9424,6.2655,12.5371,6.4286,8.6769,11.6260,9.0424,7.9948,11.8039,9.7603,12.0877,10.8893,17.9818,13.6896,13.4481,15.4491,13.8471,15.1096,15.0651,13.5917,14.7567,14.3580,16.4549,17.4961,17.1923,14.8640,19.6540
2514,83,1,94,6.3507,4.2270,4.4470,8.9066,4.5995,6.1771,8.3153,6.4688,5.7464,8.4930,7.0226,8.7298,7.8500,13.0256,9.9235,9.7665,11.2769,10.1209,11.0777,11.0540,9.9826,10.8836,10.6013,12.1884,12.9657,12.7773,11.0488
2514,83,1,95,2.6971,4.2611,2.8762,3.0068,6.0237,3.1358,4.1812,5.6556,4.3988,3.9323,5.8105,4.8050,5.9979,5.3861,8.9773,6.8511,6.7488,7.8459,7.0453,7.7426,7.7261,6.9856,7.6477,7.4599,8.6009,9.1483,9.0431
2514,83,1,96,3.1044,1.6964,2.6595,1.8250,1.8915,3.7903,1.9955,2.6301,3.5777,2.7826,2.5051,3.6960,3.0564,3.8338,3.4360,5.7629,4.4035,4.3345,5.0860,4.5684,5.0392,5.0305,4.5494,5.0066,4.8910,5.6550,6.0116
2514,83,1,97,1.2111,1.8571,1.0272,1.5991,1.1125,1.1425,2.2924,1.2196,1.5872,2.1751,1.6868,1.5327,2.2554,1.8614,2.3496,2.0975,3.5463,2.7063,2.6621,3.1552,2.8297,3.1365,3.1308,2.8292,3.1317,3.0634,3.5568
2514,83,1,98,0.0002,0.7119,1.0796,0.6042,0.9350,0.6558,0.6701,1.3462,0.7210,0.9286,1.2774,0.9920,0.9081,1.3322,1.0954,1.3922,1.2371,2.1077,1.6073,1.5792,1.8888,1.6929,1.8841,1.8815,1.6982,1.8900,1.8504
2514,83,1,99,0.0000,0.0002,0.3971,0.5936,0.3376,0.5176,0.3682,0.3709,0.7464,0.4044,0.5137,0.7091,0.5489,0.5060,0.7397,0.6082,0.7770,0.6866,1.1762,0.8971,0.8827,1.0632,0.9527,1.0644,1.0618,0.9575,1.0717
2514,83,1,100+,0.5806,0.3359,0.1948,0.3425,0.5403,0.5056,0.5915,0.5576,0.5365,0.7407,0.6648,0.6823,0.8081,0.7897,0.7543,0.8706,0.8606,0.9535,0.9569,1.2484,1.2543,1.2463,1.3483,1.3417,1.4046,1.4369,1.3959
2514,83,2,80,90.4511,99.5820,104.0886,89.6377,103.1028,108.1400,98.1702,83.5828,79.0662,79.9702,91.8355,82.1346,100.0847,87.0804,69.7365,84.4501,88.8923,82.1862,86.1951,74.9779,88.8124,94.7643,92.1830,88.5998,88.9580,84.6981,84.1359
2514,83,2,81,79.5013,86.7026,95.4477,99.7763,86.0804,98.9287,103.7975,94.2289,80.4251,76.1602,77.1021,88.4478,79.1996,96.4781,84.0804,67.4327,81.6145,85.9579,79.5212,83.4234,72.6773,86.0606,91.8742,89.4056,86.0153,86.3363,82.2732
2514,83,2,82,60.2793,76.0253,82.9821,91.3607,95.5336,82.5330,94.7686,99.4578,90.2902,77.3085,73.2960,74.2541,85.0805,76.2974,92.8861,81.1116,65.1637,78.7856,83.0597,76.8773,80.6784,70.4052,83.3625,89.0293,86.6806,83.4936,83.7749
2514,83,2,83,70.3248,57.4350,72.3989,79.0745,87.1012,91.1296,78.8261,90.4441,94.9088,86.2110,74.0537,70.3164,71.2642,81.5545,73.2779,89.1184,78.0036,62.8087,75.8479,80.0261,74.1175,77.8223,68.0406,80.5533,86.0450,83.8330,80.8744
2514,83,2,84,82.7180,66.2631,54.2708,68.3770,74.7321,82.3479,86.1888,74.6624,85.6330,89.8580,81.6847,70.3424,66.9030,67.8366,77.5722,69.8224,84.8660,74.4274,60.0726,72.4685,76.4960,70.9156,74.4898,65.2654,77.2504,82.5459,80.4855
2514,83,2,85,53.8852,76.7007,61.5523,50.5694,63.7034,69.6892,76.7971,80.3843,69.7559,79.9878,83.9464,76.3609,65.9127,62.7932,63.7135,72.8288,65.6545,79.7964,70.0916,56.6873,68.3395,72.1773,66.9778,70.3870,61.7941,73.1545,78.2269
2514,83,2,86,56.7857,49.4176,70.2677,56.4618,46.5245,58.6267,64.2190,70.7713,74.0616,64.3732,73.8063,77.4993,70.5074,61.0252,58.2379,59.1511,67.6003,61.0134,74.1781,65.2736,52.8617,63.7075,67.3568,62.5455,65.7765,57.8405,68.5208
2514,83,2,87,53.2724,51.4398,44.8039,63.7028,51.2285,42.3248,53.3626,58.5406,64.5328,67.5173,58.7670,67.3853,70.8175,64.4109,55.9105,53.4497,54.3542,62.1327,56.1251,68.2947,60.2017,48.7896,58.8083,62.2734,57.8450,60.8895,53.6114
2514,83,2,88,43.7235,47.4985,46.0142,40.1198,57.0385,45.9119,38.0329,47.9824,52.7119,58.1403,60.8324,53.0198,60.8155,63.9764,58.2086,50.6539,48.5083,49.3970,56.4887,51.0735,62.2082,54.9288,44.5584,53.7316,56.9819,52.9582,55.8095
2514,83,2,89,34.1739,38.3826,41.6689,40.4955,35.3388,50.2630,40.4894,33.6177,42.4438,46.6983,51.5578,53.9556,47.0967,54.0576,56.9331,51.8282,45.1966,43.3582,44.2191,50.6061,45.7965,55.8476,49.3957,40.1015,48.3942,51.3983,47.8038
2514,83,2,90,33.4367,29.3182,32.9711,35.8108,34.8787,30.4789,43.3642,34.9883,29.1085,36.7761,40.5010,44.7838,46.9149,41.0204,47.1314,49.6995,45.3117,39.5580,38.0120,38.8236,44.4686,40.2995,49.2021,43.5776,35.4377,42.8034,45.5063
2514,83,2,91,24.2522,27.9947,24.5940,27.6848,30.1109,29.3691,25.7041,36.5836,29.5853,24.6598,31.1747,34.3506,38.0582,39.9336,34.9887,40.2525,42.4925,38.8327,33.9108,32.6414,33.3836,38.2691,34.7461,42.4735,37.6556,30.6907,37.1042
2514,83,2,92,25.9916,19.7769,22.8358,20.1079,22.6600,24.6877,24.1100,21.1375,30.0982,24.3999,20.3743,25.7756,28.4150,31.5466,33.1759,29.1207,33.5548,35.4701,32.5003,28.3802,27.3565,28.0227,32.1594,29.2572,35.8046,31.7687,25.9630
2514,83,2,93,16.6487,20.5666,15.7119,18.1495,16.0207,18.0736,19.7218,19.2889,16.9391,24.1402,19.6193,16.4045,20.7757,22.9108,25.4949,26.8727,23.6364,27.2752,28.8756,26.5281,23.1609,22.3600,22.9385,26.3562,24.0311,29.4507,26.1494
2514,83,2,94,10.7478,12.8368,15.8288,12.1412,14.0297,12.4130,14.0189,15.3238,15.0066,13.2004,18.8250,15.3361,12.8456,16.2838,17.9641,20.0372,21.1689,18.6610,21.5598,22.8651,21.0699,18.3855,17.7782,18.2648,21.0128,19.1969,23.5665
2514,83,2,95,10.4745,8.0366,9.6463,11.8720,9.1429,10.5730,9.3714,10.6000,11.5971,11.3783,10.0243,14.3018,11.6806,9.7998,12.4344,13.7243,15.3430,16.2443,14.3502,16.6074,17.6411,16.3025,14.2212,13.7728,14.1728,16.3266,14.9443
2514,83,2,96,9.3691,7.5669,5.8009,6.9911,8.5959,6.6442,7.6939,6.8288,7.7350,8.4714,8.3250,7.3439,10.4814,8.5813,7.2081,9.1576,10.1092,11.3329,12.0197,10.6416,12.3329,13.1175,12.1652,10.6071,10.2907,10.6057,12.2343
2514,83,2,97,4.1936,6.5211,5.2880,4.0421,4.8951,6.0127,4.6645,5.4007,4.8027,5.4448,5.9695,5.8778,5.1876,7.4075,6.0835,5.1110,6.4996,7.1789,8.0659,8.5712,7.6033,8.8253,9.3979,8.7457,7.6178,7.4114,7.6466
2514,83,2,98,2.6546,2.7888,4.3169,3.5122,2.6773,3.2605,3.9969,3.1101,3.6029,3.2080,3.6410,3.9950,3.9418,3.4782,4.9706,4.0906,3.4405,4.3798,4.8344,5.4417,5.7964,5.1499,5.9882,6.3808,5.9644,5.1879,5.0580
2514,83,2,99,1.8911,1.6946,1.7870,2.7449,2.2415,1.7046,2.0850,2.5502,1.9897,2.3090,2.0577,2.3378,2.5663,2.5375,2.2405,3.1987,2.6404,2.2221,2.8286,3.1218,3.5217,3.7581,3.3444,3.8920,4.1537,3.8957,3.3836
2514,83,2,100+,5.0954,4.4415,3.8959,3.6099,4.0298,3.9828,3.6140,3.6252,3.9267,3.7582,3.8533,3.7594,3.8830,4.1147,4.2447,4.1462,4.6888,4.6899,4.4321,4.6592,4.9938,5.4691,5.9235,5.9404,6.3039,6.6972,6.7827
