Region,Kon,Alder,000006MS 2022,000006MS 2023,000006MS 2024,000006MR 2022,000006MR 2023,000006MR 2024,000006MQ 2022,000006MQ 2023,000006MQ 2024,000006MT 2022,000006MT 2023,000006MT 2024,000006MU 2022,000006MU 2023,000006MU 2024,000006MV 2022,000006MV 2023,000006MV 2024,000006MW 2022,000006MW 2023,000006MW 2024
2580,1,0,379.7068,376.0588,371.8361,379.6869,376.0772,371.8795,0.6421,0.6299,0.6159,9.2804,9.1584,9.0384,10.7873,10.6791,10.5533,2.3421,2.3200,2.2859,0.1348,0.1355,0.1356
2580,1,1,373.3752,382.5564,378.8012,0.0000,0.0000,0.0000,0.1137,0.1174,0.1176,18.1702,17.7003,17.4677,17.4944,18.1065,17.9330,4.5868,4.5634,4.5224,0.9073,1.0750,1.0653
2580,1,2,406.3150,378.5021,386.5354,0.0000,0.0000,0.0000,0.0477,0.0444,0.0392,16.4413,16.6302,16.1867,16.0957,14.7575,15.2062,4.4237,4.3931,4.3514,1.3039,1.2186,1.2492
2580,1,3,410.1306,410.4044,384.1703,0.0000,0.0000,0.0000,0.0268,0.0274,0.0255,15.8350,14.9372,15.1912,13.5847,13.5781,12.5516,4.3667,4.3457,4.3353,1.5539,1.4162,1.3563
2580,1,4,397.6754,414.7473,414.4794,0.0000,0.0000,0.0000,0.0256,0.0270,0.0275,13.3506,14.0901,13.4384,11.3036,11.7076,11.6598,4.0153,3.9995,3.9885,1.5649,1.5426,1.4324
2580,1,5,397.0105,401.8596,419.1766,0.0000,0.0000,0.0000,0.0193,0.0194,0.0205,12.7101,12.2436,12.8091,9.8496,10.0685,10.4759,3.9641,3.9584,3.9412,1.3422,1.4607,1.4913
2580,1,6,438.7945,401.3017,405.6635,0.0000,0.0000,0.0000,0.0203,0.0195,0.0196,11.4323,10.9812,10.6378,10.0497,8.8488,9.0209,4.0050,3.9905,3.9577,1.8048,1.3756,1.4532
2580,1,7,426.1567,440.5352,404.3391,0.0000,0.0000,0.0000,0.0202,0.0204,0.0196,9.7746,9.3860,9.0187,8.8930,9.2818,8.1640,3.8563,3.8352,3.8154,1.5451,1.5948,1.2752
2580,1,8,464.8295,428.4101,441.8661,0.0000,0.0000,0.0000,0.0151,0.0136,0.0205,8.3962,8.5393,8.2271,8.8704,8.4352,8.7238,3.6111,3.5864,3.5556,1.2090,1.2263,1.2489
2580,1,9,433.5579,465.8142,429.7780,0.0000,0.0000,0.0000,0.0139,0.0151,0.0136,7.4772,7.3656,7.5014,8.3574,8.1632,7.7974,3.1077,3.0929,3.0775,1.2069,1.1318,1.1578
2580,1,10,407.6432,433.2264,465.8712,0.0000,0.0000,0.0000,0.0134,0.0139,0.0151,6.6283,6.5798,6.5196,6.6537,7.6752,7.5795,2.5080,2.5003,2.4788,1.0372,1.2609,1.1738
2580,1,11,459.7344,408.6070,432.7230,0.0000,0.0000,0.0000,0.0225,0.0201,0.0209,7.0402,6.4463,6.4549,7.8911,6.5346,7.3342,2.2440,2.2281,2.2123,1.5040,1.2249,1.4039
2580,1,12,444.5973,459.9973,409.8590,0.0000,0.0000,0.0000,0.0209,0.0225,0.0201,7.1659,7.2570,6.6914,7.4768,7.6936,6.4901,2.2677,2.2510,2.2384,1.3620,1.3966,1.1571
2580,1,13,449.5794,445.7104,460.9182,0.0000,0.0000,0.0000,0.0294,0.0278,0.0300,7.1547,7.1339,7.2916,6.8351,7.0200,7.2109,2.1768,2.1699,2.1674,1.0121,1.0851,1.1139
2580,1,14,447.4729,450.0077,445.7224,0.0000,0.0000,0.0000,0.0413,0.0368,0.0349,5.8602,5.5664,5.5436,6.5394,6.4799,6.6653,2.2205,2.2022,2.2079,0.8705,0.8518,0.9212
2580,1,15,452.5368,447.7751,450.3154,0.0000,0.0000,0.0000,0.0501,0.0486,0.0482,4.8120,4.9816,4.6974,6.1841,6.2385,6.1879,2.5872,2.5895,2.5878,0.7030,0.7026,0.7030
2580,1,16,435.1748,454.1058,449.0759,0.0000,0.0000,0.0000,0.0632,0.0655,0.0633,5.8610,5.5417,5.6758,6.5578,6.7892,6.8096,3.4444,3.4444,3.4385,0.5239,0.5199,0.5304
2580,1,17,429.6507,447.5746,465.8498,0.0000,0.0000,0.0000,0.0852,0.0929,0.0962,17.0489,17.7724,17.5448,8.6449,8.8485,9.1690,3.9936,3.9936,3.9725,0.3372,0.3264,0.3336
2580,1,18,450.9918,476.9493,496.8726,0.0000,0.0000,0.0000,0.1141,0.1262,0.1221,62.3138,61.8716,64.3455,16.6146,17.7989,18.4384,4.1572,4.1482,4.1341,0.3272,0.3422,0.3261
2580,1,19,502.7028,547.7520,571.1639,0.0000,0.0000,0.0000,0.1544,0.1762,0.1779,129.3521,131.9047,131.3240,34.1047,37.7986,39.9885,4.1807,4.1748,4.1841,0.5537,0.5344,0.5698
2580,1,20,626.2148,604.1408,647.0363,0.0000,0.0000,0.0000,0.2888,0.2695,0.2910,159.9266,162.6664,165.8581,66.5163,62.9870,68.5928,3.9283,3.9333,3.9220,1.0063,0.9917,0.9936
2580,1,21,743.0223,684.4072,667.9221,0.0000,0.0000,0.0000,0.4463,0.3933,0.3690,147.5348,149.1562,151.5513,103.0173,92.6222,89.3422,3.6431,3.6608,3.6691,1.7753,1.5231,1.4922
2580,1,22,763.2529,748.9746,700.5211,0.0000,0.0000,0.0000,0.5264,0.5223,0.4807,126.4404,122.2449,122.9208,120.1773,118.5023,109.3285,4.0490,4.0726,4.0727,1.8540,1.9229,1.7076
2580,1,23,743.4915,738.9323,723.2490,0.0000,0.0000,0.0000,0.5563,0.5623,0.5557,107.0607,101.5458,98.4210,129.3281,130.5352,128.2541,5.5552,5.5479,5.5244,2.1658,2.0378,2.0645
2580,1,24,660.5993,701.7469,693.8542,0.0000,0.0000,0.0000,0.5487,0.5528,0.5646,83.0253,87.1512,83.3601,127.7577,134.6998,135.3155,8.1046,8.0791,8.0151,2.4164,2.7835,2.6007
2580,1,25,572.8407,619.7795,655.9730,0.0000,0.0000,0.0000,0.4892,0.5275,0.5301,69.2467,71.3612,74.5244,111.1493,120.5891,127.0757,10.3308,10.2761,10.1747,2.4841,2.9682,3.4090
2580,1,26,588.6416,545.8743,585.5285,0.0000,0.0000,0.0000,0.5158,0.4754,0.5096,63.7111,61.0792,62.7249,105.2666,96.9677,104.5977,11.0865,11.0371,10.9256,3.5017,2.9890,3.4717
2580,1,27,564.4657,564.9131,527.4857,0.0000,0.0000,0.0000,0.5002,0.4898,0.4600,58.4558,56.6217,54.3863,86.0500,86.5848,80.2957,11.0268,10.9728,10.8595,3.5913,3.8741,3.3719
2580,1,28,623.1161,551.7276,549.4972,0.0000,0.0000,0.0000,0.5625,0.4848,0.4840,55.7859,51.6311,49.9633,79.8575,70.2465,70.3638,10.6584,10.6004,10.4843,4.5694,3.9918,4.2678
2580,1,29,593.0947,610.4607,543.6854,0.0000,0.0000,0.0000,0.5197,0.5309,0.4596,50.5815,49.2555,45.7257,62.9572,66.0210,58.5409,10.0434,9.9871,9.8817,3.7727,4.6552,4.1729
2580,1,30,639.2943,589.6652,601.8220,0.0000,0.0000,0.0000,0.5547,0.5104,0.5065,46.6979,45.0660,43.9860,58.5340,53.6230,55.7703,9.4550,9.4008,9.2926,4.6620,4.0255,4.7451
2580,1,31,623.4174,634.3068,587.8035,0.0000,0.0000,0.0000,0.5401,0.5449,0.4943,43.8482,42.3555,40.8220,48.7164,50.2319,46.3365,8.8652,8.8067,8.7248,4.4898,4.9161,4.4617
2580,1,32,595.8533,622.2177,629.9184,0.0000,0.0000,0.0000,0.5058,0.5272,0.5283,39.4123,39.0930,37.9776,42.2207,43.4326,44.4948,8.3376,8.2907,8.2028,4.8062,4.6656,4.9719
2580,1,33,584.8104,595.1896,620.7970,0.0000,0.0000,0.0000,0.4944,0.4950,0.5147,34.3003,35.2771,34.9729,37.0223,37.9674,38.8802,7.7405,7.7050,7.6179,4.3402,4.6490,4.5645
2580,1,34,589.9134,583.8359,593.8327,0.0000,0.0000,0.0000,0.5164,0.5088,0.5031,30.8788,30.6710,31.5811,33.5290,33.5486,34.3411,7.3422,7.3060,7.2456,4.4206,4.4991,4.7335
2580,1,35,563.7574,588.3803,581.8884,0.0000,0.0000,0.0000,0.4887,0.5059,0.4982,26.3345,27.7665,27.6588,31.0691,31.1121,31.0474,7.2362,7.2044,7.1541,5.1564,4.8012,4.8131
2580,1,36,526.0755,559.8945,585.9478,0.0000,0.0000,0.0000,0.4551,0.4913,0.4945,23.8076,24.1614,25.4380,28.1666,29.1061,29.2264,6.7941,6.7747,6.7045,5.0245,4.9796,4.6807
2580,1,37,492.7859,522.6569,555.8758,0.0000,0.0000,0.0000,0.4287,0.4526,0.4878,21.3537,21.7249,22.0474,23.4710,25.5654,26.3401,5.6679,5.6444,5.6039,4.1959,4.6484,4.6232
2580,1,38,481.3895,492.4971,520.5143,0.0000,0.0000,0.0000,0.4421,0.4419,0.4651,18.3087,19.2751,19.6416,19.5970,20.0442,21.6745,4.5496,4.5386,4.5034,3.4245,3.6153,3.9783
2580,1,39,501.0501,481.2735,492.6959,0.0000,0.0000,0.0000,0.4721,0.4416,0.4420,16.2812,16.1322,16.9374,17.1021,16.9072,17.3027,3.9828,3.9673,3.9377,2.7873,2.8182,2.9304
2580,1,40,450.2459,500.9005,480.9740,0.0000,0.0000,0.0000,0.4326,0.4827,0.4506,14.8603,14.4276,14.2762,14.0837,15.6275,15.4146,4.0301,4.0045,3.9726,2.3352,2.5011,2.5249
2580,1,41,455.9669,452.0946,500.6342,0.0000,0.0000,0.0000,0.4689,0.4485,0.4978,13.3260,13.7999,13.3972,12.6332,13.0305,14.3571,4.0945,4.0675,4.0404,2.2903,2.5769,2.7377
2580,1,42,494.5083,456.3961,452.2869,0.0000,0.0000,0.0000,0.5210,0.4748,0.4548,12.0220,11.6868,12.0568,13.1128,12.0566,12.4014,3.7065,3.6854,3.6642,2.4867,2.3286,2.5956
2580,1,43,441.3816,492.4366,455.3707,0.0000,0.0000,0.0000,0.5066,0.5564,0.4992,10.0880,10.6631,10.3771,11.5763,12.8713,11.8618,3.2495,3.2393,3.2135,2.2864,2.4434,2.2443
2580,1,44,445.2263,440.7135,490.6166,0.0000,0.0000,0.0000,0.5648,0.5558,0.5978,9.6926,9.5112,10.0859,11.3351,10.7805,11.9268,3.1238,3.1238,3.0813,2.5376,2.2996,2.4226
2580,1,45,451.5586,444.6210,440.8199,0.0000,0.0000,0.0000,0.5875,0.5722,0.5544,8.7362,9.4443,9.2141,9.5199,10.1180,9.6586,3.0841,3.0726,3.0334,1.9043,2.2656,2.0984
2580,1,46,495.6825,450.8890,443.7519,0.0000,0.0000,0.0000,0.7041,0.6341,0.6099,8.6064,8.0511,8.6120,9.7577,8.7112,9.2277,2.6290,2.6079,2.5923,2.1176,1.7606,2.0436
2580,1,47,473.6688,494.1990,450.0116,0.0000,0.0000,0.0000,0.7419,0.7539,0.6767,8.3653,7.8323,7.3656,8.7267,9.1628,8.1994,2.2118,2.2011,2.1868,1.5330,1.6058,1.3693
2580,1,48,498.1333,472.8476,492.3409,0.0000,0.0000,0.0000,0.8795,0.8130,0.8289,7.5217,7.5484,7.0963,8.4430,8.4156,8.8063,1.9910,1.9717,1.9441,1.0016,1.1553,1.2275
2580,1,49,496.4971,497.1481,471.8323,0.0000,0.0000,0.0000,0.9806,0.9745,0.8977,7.2914,7.4646,7.4060,7.9625,8.3560,8.3029,1.8552,1.8463,1.8330,0.7490,0.9456,1.0908
2580,1,50,487.8635,495.5383,495.8136,0.0000,0.0000,0.0000,1.0688,1.0676,1.0480,7.6692,7.3003,7.4868,8.3757,8.0770,8.4315,1.6849,1.6733,1.6699,1.0886,0.8537,1.0365
2580,1,51,487.3794,486.3738,494.1974,0.0000,0.0000,0.0000,1.2041,1.1747,1.1472,7.5992,7.5193,7.1924,8.1665,8.4566,8.2784,1.7361,1.7328,1.7151,0.9680,1.1691,0.9312
2580,1,52,497.3707,485.7889,484.0330,0.0000,0.0000,0.0000,1.2693,1.2233,1.2053,6.9726,6.8640,6.7875,8.7221,8.2905,8.4585,1.6891,1.6843,1.6682,1.1619,1.0136,1.1861
2580,1,53,497.9370,493.8594,483.1013,0.0000,0.0000,0.0000,1.4863,1.4455,1.4119,6.1330,6.2368,6.1331,8.3457,8.4756,8.1347,1.5615,1.5344,1.5226,1.0780,1.2738,1.1143
2580,1,54,500.3221,494.9178,490.4155,0.0000,0.0000,0.0000,1.6721,1.6149,1.5701,6.4760,6.2675,6.3705,7.9838,8.0116,8.1447,1.3569,1.3361,1.3291,0.9101,1.1232,1.3536
2580,1,55,589.3426,498.6317,492.8477,0.0000,0.0000,0.0000,2.0921,1.7345,1.6922,7.9415,7.3834,7.1093,9.4376,7.7742,7.7981,1.2743,1.2633,1.2617,1.4083,0.9329,1.0850
2580,1,56,531.3701,586.3920,497.5375,0.0000,0.0000,0.0000,2.1254,2.3157,1.9175,8.5342,8.4538,7.8645,8.2026,9.0786,7.4719,1.1941,1.1837,1.1680,1.1726,1.2661,0.8613
2580,1,57,549.2947,529.1067,582.7873,0.0000,0.0000,0.0000,2.4129,2.2804,2.4672,7.8505,7.8032,7.7610,8.3176,8.0308,8.8740,1.1382,1.1345,1.1184,1.0618,1.0385,1.1785
2580,1,58,533.3629,545.3281,525.6895,0.0000,0.0000,0.0000,2.5257,2.5401,2.4036,6.8194,6.9416,6.8863,8.2252,8.4829,8.2034,1.0829,1.0667,1.0634,0.9508,1.0144,0.9537
2580,1,59,529.0851,528.2960,539.9372,0.0000,0.0000,0.0000,2.8536,2.7904,2.8136,5.5813,5.9267,6.0451,8.4454,8.3319,8.5675,0.9991,0.9951,0.9846,1.1259,1.0219,1.1169
2580,1,60,502.0973,522.6140,522.5390,0.0000,0.0000,0.0000,2.9370,3.0050,2.9069,5.1654,5.1996,5.5246,8.0222,8.3685,8.3200,0.8690,0.8690,0.8642,1.0886,1.1013,1.0746
2580,1,61,419.3262,495.7216,515.7448,0.0000,0.0000,0.0000,2.7218,3.1938,3.2394,5.1038,5.1229,5.1890,6.7771,8.0022,8.3348,0.6068,0.5989,0.5989,0.8689,1.0471,1.0530
2580,1,62,448.1951,414.3137,489.0708,0.0000,0.0000,0.0000,3.2107,2.8779,3.3727,5.0079,5.0541,5.0467,7.3291,6.7838,7.9810,0.4291,0.4222,0.4200,0.8903,0.8081,0.9650
2580,1,63,432.4644,441.9385,408.8466,0.0000,0.0000,0.0000,3.4252,3.4372,3.0934,5.1201,4.8765,4.9116,7.1013,7.4385,6.8920,0.4751,0.4726,0.4726,0.7135,0.9383,0.8642
2580,1,64,438.3141,426.3738,435.1773,0.0000,0.0000,0.0000,3.8846,3.6717,3.6929,4.9261,4.9913,4.7992,7.5959,7.3546,7.6580,0.5456,0.5422,0.5374,0.8189,0.7378,0.9727
2580,1,65,420.5863,431.8474,420.4307,0.0000,0.0000,0.0000,3.7453,3.7594,3.5771,4.7202,4.7311,4.7975,7.2600,7.3795,7.1407,0.5544,0.5499,0.5411,0.7926,0.7355,0.6854
2580,1,66,400.5060,413.7323,424.9525,0.0000,0.0000,0.0000,3.9222,3.9549,3.9882,4.2623,4.3221,4.3276,6.6394,6.9457,7.0311,0.3814,0.3709,0.3740,0.6065,0.7158,0.6561
2580,1,67,387.7750,394.0400,406.9077,0.0000,0.0000,0.0000,4.1635,4.1665,4.2013,3.9337,3.9238,3.9916,5.8218,6.0416,6.3190,0.3182,0.3108,0.3096,0.5063,0.5480,0.6402
2580,1,68,436.2931,381.7772,387.8648,0.0000,0.0000,0.0000,5.0480,4.2945,4.2860,3.6467,3.5424,3.5399,6.1256,5.1858,5.3852,0.3729,0.3664,0.3600,0.5542,0.4371,0.4730
2580,1,69,399.3474,428.6631,375.7423,0.0000,0.0000,0.0000,5.1145,5.3749,4.5867,3.4174,3.3399,3.2217,4.9367,5.4803,4.6355,0.4080,0.3916,0.3853,0.4174,0.4985,0.4131
2580,1,70,390.5202,393.1138,421.5355,0.0000,0.0000,0.0000,5.5702,5.4701,5.7659,3.4169,3.6008,3.5079,4.4863,4.4923,4.9564,0.3867,0.3725,0.3547,0.2279,0.2285,0.2721
2580,1,71,381.4657,384.1882,387.0254,0.0000,0.0000,0.0000,5.9340,5.8309,5.7315,3.7529,3.7144,3.8857,4.4233,4.3401,4.3483,0.3866,0.3746,0.3571,0.2817,0.2327,0.2303
2580,1,72,410.2916,374.7365,377.6822,0.0000,0.0000,0.0000,7.1217,6.3329,6.2439,3.7513,3.6760,3.6514,4.4289,4.1128,4.0109,0.3731,0.3523,0.3419,0.2990,0.2825,0.2131
2580,1,73,408.3100,402.7372,368.1017,0.0000,0.0000,0.0000,7.7654,7.4902,6.6608,3.7069,3.5910,3.5186,3.7954,3.8151,3.5333,0.3159,0.3076,0.2872,0.1766,0.2178,0.2021
2580,1,74,388.0249,400.1187,394.7905,0.0000,0.0000,0.0000,8.3819,8.4693,8.1568,3.6209,3.5574,3.4555,3.3416,3.4534,3.4321,0.2333,0.2248,0.2163,0.0603,0.0687,0.0825
2580,1,75,387.3094,379.8073,391.6516,0.0000,0.0000,0.0000,9.3372,8.9207,9.0116,3.4624,3.4793,3.4099,2.9436,2.8974,2.9827,0.1573,0.1506,0.1426,0.0111,0.0100,0.0115
2580,1,76,358.0232,377.7442,370.7649,0.0000,0.0000,0.0000,9.6258,9.9913,9.5533,3.1582,3.0810,3.1017,2.5992,2.7100,2.6746,0.1048,0.1000,0.0953,0.0213,0.0355,0.0309
2580,1,77,362.5911,347.6803,366.7184,0.0000,0.0000,0.0000,11.1793,10.4273,10.8165,2.6310,2.8087,2.7317,2.8286,2.7015,2.8660,0.0395,0.0374,0.0354,0.0800,0.0667,0.1084
2580,1,78,303.1573,349.9794,336.1309,0.0000,0.0000,0.0000,10.6285,12.0009,11.2363,2.2792,2.3394,2.4511,2.3996,2.8035,2.6595,0.0001,0.0001,0.0001,0.0957,0.1393,0.1099
2580,1,79,319.8260,291.7331,336.7063,0.0000,0.0000,0.0000,12.5971,11.2053,12.6813,2.0238,2.0638,2.1348,2.3998,2.1595,2.5294,0.0001,0.0001,0.0001,0.1898,0.1363,0.1942
2580,2,0,357.8008,354.3778,350.3959,358.8585,355.4476,351.4776,0.5831,0.5709,0.5634,8.2580,8.1475,8.0400,11.0545,10.9436,10.8147,2.4883,2.4756,2.4431,0.2102,0.2110,0.2109
2580,2,1,401.9459,359.6237,356.0952,0.0000,0.0000,0.0000,0.1299,0.1105,0.1106,17.4673,17.0316,16.8077,20.3865,18.1481,17.9746,4.0244,4.0042,3.9659,0.8175,0.9021,0.9016
2580,2,2,381.8880,403.8565,362.9195,0.0000,0.0000,0.0000,0.0409,0.0430,0.0389,16.3895,16.4820,16.1029,15.9619,16.8407,15.1325,3.6673,3.6463,3.6098,1.1609,1.0824,1.1331
2580,2,3,388.7292,385.1430,406.5471,0.0000,0.0000,0.0000,0.0269,0.0273,0.0287,15.3277,14.9565,15.0246,13.8748,13.5829,14.2229,3.6519,3.6305,3.6041,1.6632,1.5177,1.4285
2580,2,4,400.1378,391.7174,388.1417,0.0000,0.0000,0.0000,0.0270,0.0271,0.0274,13.4386,13.3244,13.0299,12.5490,11.9486,11.6240,3.4643,3.4537,3.4379,1.8845,1.7037,1.5978
2580,2,5,391.5013,401.4010,393.8067,0.0000,0.0000,0.0000,0.0198,0.0204,0.0204,11.3599,11.3676,11.2242,10.7289,10.8319,10.4286,3.3289,3.3188,3.2936,1.7578,1.8223,1.6975
2580,2,6,402.5497,391.7635,401.7299,0.0000,0.0000,0.0000,0.0199,0.0199,0.0205,9.2761,8.9934,8.9956,9.5462,9.4046,9.4757,3.1864,3.1717,3.1619,1.8137,1.7641,1.7991
2580,2,7,375.0734,402.1159,391.0241,0.0000,0.0000,0.0000,0.0190,0.0199,0.0133,7.2304,7.1908,6.9418,8.1160,8.3908,8.2493,3.1204,3.1049,3.0914,1.8543,1.8680,1.8475
2580,2,8,432.0935,374.4424,401.1877,0.0000,0.0000,0.0000,0.0146,0.0127,0.0133,6.3634,6.0612,6.0670,8.7767,7.5649,7.8098,3.0412,3.0350,3.0239,1.9219,1.7826,1.7586
2580,2,9,393.9668,430.2656,373.8482,0.0000,0.0000,0.0000,0.0139,0.0145,0.0126,5.6465,5.7981,5.5477,7.4396,8.7808,7.6035,3.0800,3.0690,3.0462,1.0477,1.3029,1.2218
2580,2,10,369.0166,394.2651,428.9556,0.0000,0.0000,0.0000,0.0127,0.0138,0.0145,5.6768,5.5434,5.6120,7.0294,7.0789,8.3335,2.7494,2.7397,2.7203,0.6815,0.6566,0.8081
2580,2,11,407.0655,370.8394,395.6505,0.0000,0.0000,0.0000,0.0218,0.0190,0.0207,6.0388,5.9564,5.8884,6.0200,6.1282,6.1094,2.4479,2.4559,2.4398,0.5424,0.6775,0.6014
2580,2,12,395.4327,409.5904,373.1710,0.0000,0.0000,0.0000,0.0201,0.0218,0.0190,6.3306,6.2542,6.1594,5.6096,5.5869,5.6185,2.4027,2.4003,2.3898,0.5901,0.5813,0.7348
2580,2,13,431.1802,397.5280,411.7134,0.0000,0.0000,0.0000,0.0222,0.0269,0.0218,6.1716,6.1562,6.0968,6.4898,5.6726,5.7156,2.3474,2.3370,2.3233,0.9041,0.5875,0.5802
2580,2,14,398.6455,431.7852,398.9536,0.0000,0.0000,0.0000,0.0287,0.0297,0.0270,5.3419,5.4423,5.4106,5.6224,6.4151,5.6858,2.3808,2.3672,2.3694,0.4867,0.7760,0.5220
2580,2,15,411.3585,398.7185,430.8652,0.0000,0.0000,0.0000,0.0372,0.0358,0.0370,4.0227,4.1599,4.2542,6.1199,5.8097,6.5816,2.2838,2.2883,2.2751,0.5662,0.4737,0.7226
2580,2,16,423.6674,410.4840,398.5307,0.0000,0.0000,0.0000,0.0503,0.0483,0.0460,4.9473,4.5973,4.7552,7.1140,6.6607,6.3613,2.2236,2.2194,2.2194,0.7988,0.6967,0.6085
2580,2,17,427.4606,426.0880,413.4398,0.0000,0.0000,0.0000,0.0596,0.0575,0.0554,12.3565,12.6411,12.2210,11.0025,10.8032,10.2519,2.0994,2.0910,2.0779,0.9477,0.9202,0.8074
2580,2,18,409.5635,443.6579,443.1699,0.0000,0.0000,0.0000,0.0625,0.0676,0.0652,39.9586,39.2658,40.1972,22.3559,24.4542,24.1371,2.3663,2.3589,2.3645,0.9832,0.9570,0.8944
2580,2,19,436.2727,449.2998,479.0506,0.0000,0.0000,0.0000,0.0706,0.0728,0.0780,83.0399,83.4843,82.3623,43.9345,44.9994,48.7803,3.2579,3.2635,3.2678,1.4544,1.5524,1.5724
2580,2,20,476.3260,479.6035,491.6929,0.0000,0.0000,0.0000,0.0776,0.0731,0.0752,104.2924,109.0105,109.8384,66.7066,66.8253,68.6643,3.8564,3.8665,3.8765,1.8657,2.0279,2.1124
2580,2,21,529.3454,499.3666,505.4475,0.0000,0.0000,0.0000,0.1065,0.0933,0.0891,101.0504,102.5818,106.7172,88.0549,81.7420,82.2858,4.2946,4.3043,4.3052,2.0363,2.0810,2.2286
2580,2,22,497.2423,527.9689,504.1315,0.0000,0.0000,0.0000,0.1030,0.1095,0.0976,88.1489,88.4021,89.8925,87.7770,94.2776,88.8698,5.5348,5.5411,5.5426,1.9405,2.0869,2.0999
2580,2,23,461.2146,487.9572,513.6760,0.0000,0.0000,0.0000,0.0965,0.1030,0.1085,75.5304,76.7161,77.0059,85.4115,91.4586,97.1996,7.0729,7.0626,7.0187,2.1547,2.0807,2.2056
2580,2,24,421.6193,445.8534,468.5441,0.0000,0.0000,0.0000,0.0881,0.0945,0.0999,65.6168,66.2014,67.3604,82.0246,87.4830,93.1092,8.4233,8.3820,8.3096,2.4331,2.6379,2.5554
2580,2,25,453.7433,408.6164,428.8539,0.0000,0.0000,0.0000,0.1096,0.0977,0.1039,58.8426,57.7428,58.2402,87.0145,77.0415,81.4078,9.3521,9.3059,9.2191,3.0021,2.7942,2.9787
2580,2,26,432.4040,437.9121,398.9274,0.0000,0.0000,0.0000,0.1053,0.1032,0.0933,52.9738,51.7367,50.6959,72.4796,73.7563,66.2871,9.5690,9.5039,9.4270,3.2561,3.2942,3.0433
2580,2,27,473.3286,425.0790,428.1502,0.0000,0.0000,0.0000,0.1146,0.1009,0.0984,50.3098,46.0755,45.0151,66.6872,59.6038,60.3382,9.5621,9.4963,9.4006,3.4053,3.4324,3.4841
2580,2,28,456.1442,469.0434,422.2084,0.0000,0.0000,0.0000,0.1167,0.1236,0.1104,45.4115,43.3460,39.7912,51.9632,53.7269,48.3950,9.3986,9.3333,9.2326,3.3461,3.2016,3.1896
2580,2,29,511.9670,458.0051,468.1815,0.0000,0.0000,0.0000,0.1465,0.1272,0.1262,41.5717,39.8329,37.9702,48.1967,43.2572,44.3018,9.0150,8.9554,8.8661,3.2408,3.2590,3.1388
2580,2,30,525.4261,513.1676,461.2296,0.0000,0.0000,0.0000,0.1561,0.1500,0.1317,37.7709,36.5559,35.0282,40.6216,40.1762,36.4338,8.8562,8.8073,8.7257,3.5474,3.6823,3.7018
2580,2,31,528.7293,529.0044,515.7657,0.0000,0.0000,0.0000,0.1603,0.1637,0.1570,33.7427,32.8306,31.8043,33.8116,33.8372,33.4035,8.5194,8.4801,8.3845,3.6536,3.6964,3.7513
2580,2,32,524.0098,532.6807,531.9830,0.0000,0.0000,0.0000,0.1652,0.1686,0.1642,29.1346,29.2823,28.5247,29.1500,29.3901,29.3479,7.8024,7.7638,7.6868,3.6888,3.5477,3.5602
2580,2,33,507.7428,526.7611,535.3478,0.0000,0.0000,0.0000,0.1694,0.1731,0.1768,25.6126,26.0055,26.1046,25.6329,27.1671,27.3956,7.3589,7.3317,7.2719,2.7225,3.1191,3.0341
2580,2,34,516.9602,511.3471,528.7971,0.0000,0.0000,0.0000,0.1806,0.1738,0.1848,22.3365,22.9088,23.3415,24.6186,23.7232,25.0148,7.0543,7.0412,6.9822,2.8615,2.5119,2.8546
2580,2,35,494.1002,519.1944,514.9938,0.0000,0.0000,0.0000,0.1723,0.1808,0.1821,19.8597,20.3267,20.8661,20.8922,21.6073,20.8726,6.5086,6.4954,6.4432,3.0472,2.9026,2.5499
2580,2,36,478.0749,496.3063,521.5330,0.0000,0.0000,0.0000,0.1731,0.1802,0.1888,17.3478,18.1218,18.5200,17.1924,18.2964,18.8962,5.9035,5.8971,5.8531,2.6976,3.0929,2.9833
2580,2,37,448.6102,480.9702,498.3951,0.0000,0.0000,0.0000,0.1720,0.1895,0.1928,15.3583,15.8691,16.5174,13.9754,15.3819,16.3428,5.3192,5.3071,5.2708,2.2323,2.5966,2.9291
2580,2,38,459.7548,452.9204,483.9058,0.0000,0.0000,0.0000,0.1862,0.1878,0.2019,13.8898,13.9676,14.4718,13.4967,12.5742,13.7683,4.8651,4.8534,4.8242,2.3771,1.9771,2.2880
2580,2,39,424.8541,462.1047,456.6199,0.0000,0.0000,0.0000,0.1870,0.1992,0.1971,12.1386,12.7184,12.8027,11.7001,12.7117,11.8583,4.5883,4.5606,4.5365,1.9315,2.0796,1.7470
2580,2,40,441.1489,426.1500,462.8666,0.0000,0.0000,0.0000,0.2086,0.1955,0.2078,10.9688,10.7687,11.2851,11.7372,11.3503,12.3090,4.0302,3.9986,3.9729,1.8256,1.8564,2.0117
2580,2,41,433.9301,441.4817,426.7035,0.0000,0.0000,0.0000,0.2139,0.2089,0.2033,9.8037,9.5631,9.4452,10.3990,10.6375,10.2862,3.5500,3.5385,3.5153,1.7165,1.7690,1.7847
2580,2,42,437.4043,434.4611,441.4772,0.0000,0.0000,0.0000,0.2400,0.2379,0.2405,8.6475,8.6288,8.4250,9.3733,9.2026,9.3959,3.0646,3.0603,3.0288,1.6568,1.6052,1.6427
2580,2,43,438.5605,437.7506,434.9118,0.0000,0.0000,0.0000,0.2498,0.2399,0.2422,8.0147,8.1676,8.1413,8.5465,8.8238,8.6619,2.6184,2.5980,2.5725,1.2538,1.2967,1.2704
2580,2,44,415.8075,438.8169,437.7870,0.0000,0.0000,0.0000,0.2610,0.2737,0.2708,7.2432,7.5470,7.6834,7.8386,8.5454,8.7944,2.5213,2.5144,2.4868,0.8870,0.9929,1.0382
2580,2,45,428.0111,416.4401,438.9490,0.0000,0.0000,0.0000,0.3066,0.2959,0.2965,7.4592,7.1327,7.4464,7.9712,7.9185,8.5937,2.5720,2.5393,2.5007,0.8088,0.8596,0.9850
2580,2,46,417.2864,428.9759,417.0346,0.0000,0.0000,0.0000,0.3312,0.3343,0.3266,7.8105,7.6535,7.3270,7.7017,7.9219,7.8677,2.4002,2.3862,2.3600,0.8535,0.8759,0.9208
2580,2,47,458.7828,418.5214,429.8562,0.0000,0.0000,0.0000,0.4021,0.3581,0.3656,8.3222,7.9494,7.7671,8.4669,7.6872,7.9024,2.2349,2.2092,2.2022,0.9740,0.8582,0.8789
2580,2,48,471.5228,459.2396,419.3359,0.0000,0.0000,0.0000,0.4607,0.4419,0.4036,8.7530,8.5028,8.0712,8.8066,8.6686,7.8885,1.8549,1.8609,1.8440,0.8757,0.9122,0.8108
2580,2,49,474.3424,472.2817,459.8631,0.0000,0.0000,0.0000,0.5238,0.5029,0.4851,9.3784,9.2644,8.9689,8.4156,8.6961,8.5568,1.5232,1.5100,1.4951,0.8031,0.8879,0.9317
2580,2,50,502.4646,475.2696,472.7512,0.0000,0.0000,0.0000,0.5940,0.5491,0.5264,9.6370,9.3208,9.2636,9.1713,8.5035,8.7486,1.3548,1.3612,1.3474,1.0202,0.9028,1.0083
2580,2,51,482.6562,501.8159,475.0161,0.0000,0.0000,0.0000,0.6437,0.6483,0.6089,8.4994,8.8869,8.5729,8.7331,9.2855,8.6653,1.2150,1.2090,1.1953,0.9000,1.1360,0.9990
2580,2,52,520.9871,481.2686,500.2093,0.0000,0.0000,0.0000,0.7548,0.6907,0.6961,7.9550,7.6871,8.0836,9.8270,9.1039,9.6052,1.3349,1.3346,1.3111,0.9420,0.8333,1.0421
2580,2,53,475.7808,518.5260,479.3706,0.0000,0.0000,0.0000,0.7270,0.8002,0.7163,6.9358,7.1816,6.9536,8.9761,9.6055,8.9037,1.3794,1.3613,1.3468,0.9133,0.8350,0.7776
2580,2,54,535.4502,473.9526,516.3831,0.0000,0.0000,0.0000,0.9512,0.8089,0.8788,7.0973,6.7531,6.9315,9.2412,8.3350,8.9085,1.1820,1.1613,1.1646,0.7110,0.7361,0.6841
2580,2,55,508.2915,532.7981,471.9962,0.0000,0.0000,0.0000,0.9694,1.0087,0.8742,7.8925,7.3877,7.0505,8.8202,9.1241,8.2924,0.7169,0.7203,0.7198,0.7148,0.6856,0.7302
2580,2,56,572.4285,506.2290,529.7154,0.0000,0.0000,0.0000,1.2932,1.1093,1.1533,7.8656,8.0639,7.5284,9.9229,8.9673,9.2560,0.4387,0.4364,0.4313,0.7228,0.6979,0.6761
2580,2,57,543.7608,568.4449,503.6820,0.0000,0.0000,0.0000,1.3303,1.3675,1.1778,7.2200,7.1675,7.3781,9.1418,9.6624,8.7401,0.5263,0.5229,0.5157,0.6364,0.7171,0.6959
2580,2,58,569.3387,539.9824,563.9985,0.0000,0.0000,0.0000,1.5758,1.4729,1.5152,6.2410,6.1410,6.0672,9.2054,8.4723,8.9559,0.7119,0.7078,0.6916,0.8533,0.7496,0.8048
2580,2,59,472.3850,564.4602,535.8725,0.0000,0.0000,0.0000,1.4233,1.6723,1.5627,4.9511,5.2724,5.2087,7.1521,8.4227,7.7685,0.5942,0.5980,0.5818,0.6509,0.7091,0.6273
2580,2,60,476.3938,468.9005,559.7480,0.0000,0.0000,0.0000,1.6302,1.5801,1.8496,4.7855,4.8353,5.1621,6.7581,6.7456,7.9885,0.4393,0.4363,0.4266,0.4646,0.5069,0.5577
2580,2,61,425.4078,472.9089,465.6440,0.0000,0.0000,0.0000,1.6191,1.7919,1.7158,4.9894,5.0375,5.0933,5.9556,6.6667,6.5967,0.3186,0.3246,0.3216,0.3568,0.4253,0.4477
2580,2,62,459.7496,422.6595,469.2809,0.0000,0.0000,0.0000,1.8604,1.6897,1.8611,5.6029,5.3780,5.4425,6.9943,6.4144,7.1481,0.2471,0.2471,0.2501,0.3488,0.2884,0.3717
2580,2,63,439.3273,455.9174,419.4327,0.0000,0.0000,0.0000,2.0186,2.0978,1.8862,6.0725,6.0594,5.8261,7.4755,7.7395,7.1042,0.2533,0.2533,0.2501,0.4800,0.4034,0.3347
2580,2,64,425.0513,435.0329,451.4554,0.0000,0.0000,0.0000,2.1660,2.1649,2.2303,5.8924,5.9592,5.9193,7.5965,7.7605,8.0654,0.3658,0.3618,0.3576,0.4832,0.6392,0.5286
2580,2,65,464.1498,420.3445,429.9188,0.0000,0.0000,0.0000,3.0776,2.7554,2.7583,5.6424,5.5125,5.5712,8.0679,7.2954,7.4691,0.3987,0.4030,0.3924,0.7447,0.5975,0.8295
2580,2,66,473.0970,458.4552,415.7721,0.0000,0.0000,0.0000,3.3956,3.2617,2.9155,5.4022,5.1538,5.0528,7.4443,7.1983,6.4845,0.4340,0.4268,0.4220,0.8626,0.8259,0.6520
2580,2,67,411.0485,467.9953,453.5217,0.0000,0.0000,0.0000,3.2230,3.6110,3.4716,4.7230,5.0092,4.7734,5.3841,6.2328,6.0190,0.3783,0.3670,0.3657,0.4466,0.6219,0.5939
2580,2,68,417.0444,407.4489,463.4295,0.0000,0.0000,0.0000,3.6468,3.5089,3.9365,4.5229,4.6361,4.9008,4.8321,4.7090,5.3985,0.3039,0.2986,0.2986,0.3306,0.3107,0.4170
2580,2,69,428.7631,413.0521,403.7670,0.0000,0.0000,0.0000,4.1022,3.8937,3.7554,4.4994,4.3536,4.4253,4.6012,4.4311,4.3338,0.2444,0.2392,0.2300,0.2706,0.2670,0.2474
2580,2,70,423.1582,423.9568,408.4872,0.0000,0.0000,0.0000,4.5252,4.4587,4.2562,4.0093,3.9818,3.8651,4.3950,4.3942,4.2321,0.1939,0.1882,0.1826,0.1091,0.1171,0.1100
2580,2,71,438.0633,417.8262,418.6358,0.0000,0.0000,0.0000,5.2254,4.9101,4.8439,3.4259,3.5051,3.4926,4.2112,4.0073,4.0272,0.1513,0.1478,0.1426,0.0724,0.0667,0.0752
2580,2,72,420.4175,432.0257,412.3854,0.0000,0.0000,0.0000,5.4858,5.6037,5.2595,3.3619,3.1865,3.2609,3.4745,3.6289,3.4482,0.1064,0.1013,0.1000,0.0787,0.1000,0.0929
2580,2,73,420.1566,414.7393,425.8742,0.0000,0.0000,0.0000,6.1502,5.9698,6.1087,3.3236,3.3073,3.1140,3.0409,2.9929,3.1315,0.1094,0.1071,0.1048,0.1112,0.1024,0.1385
2580,2,74,449.5142,414.3583,409.0701,0.0000,0.0000,0.0000,7.2461,6.5983,6.4119,3.7842,3.5066,3.4556,2.9729,2.7345,2.6909,0.1220,0.1230,0.1201,0.1243,0.1009,0.0967
2580,2,75,426.4748,442.8016,408.3856,0.0000,0.0000,0.0000,7.7039,7.9031,7.1651,3.9217,4.0479,3.7531,2.7158,2.7729,2.5530,0.1170,0.1170,0.1111,0.1756,0.1590,0.1228
2580,2,76,436.6741,419.5005,435.6762,0.0000,0.0000,0.0000,8.7445,8.2961,8.4993,4.1920,4.0521,4.2083,2.6442,2.5762,2.6404,0.0633,0.0628,0.0628,0.1865,0.2259,0.2221
2580,2,77,419.4217,428.2485,411.5480,0.0000,0.0000,0.0000,9.5244,9.5802,9.0788,3.8290,4.0387,3.9334,2.6786,2.6993,2.6347,0.0371,0.0365,0.0365,0.2171,0.1960,0.2245
2580,2,78,369.3213,409.4624,418.3897,0.0000,0.0000,0.0000,9.5252,10.4486,10.5111,3.2186,3.2876,3.4471,2.3371,2.6374,2.6757,0.0758,0.0727,0.0727,0.1296,0.2149,0.1850
2580,2,79,348.4035,359.5860,398.4255,0.0000,0.0000,0.0000,10.1790,10.3487,11.3195,2.7582,2.8066,2.8696,2.2128,2.3002,2.5130,0.1403,0.1338,0.1338,0.1356,0.1097,0.1970
2582,1,0,133.4760,129.7505,126.4797,133.8571,130.0490,126.7362,0.2264,0.2178,0.2099,4.7686,4.6940,4.6183,5.9880,5.8147,5.6630,1.0817,1.0615,1.0230,0.0059,0.0058,0.0058
2582,1,1,167.1879,133.5504,129.9414,0.0000,0.0000,0.0000,0.0521,0.0414,0.0407,8.2020,7.8782,7.7581,11.7684,9.4673,9.2069,1.8753,1.8635,1.8414,0.1379,0.1261,0.1231
2582,1,2,137.5413,165.9805,133.7532,0.0000,0.0000,0.0000,0.0164,0.0200,0.0137,6.2977,6.4603,6.2212,8.6076,9.5402,7.8545,2.0754,2.0602,2.0407,0.1921,0.2178,0.1750
2582,1,3,157.5881,137.7299,165.3300,0.0000,0.0000,0.0000,0.0106,0.0094,0.0113,5.3900,5.0943,5.2213,9.6006,6.7672,7.7378,2.0888,2.0792,2.0741,0.3038,0.1823,0.2211
2582,1,4,127.5078,157.3611,138.4787,0.0000,0.0000,0.0000,0.0085,0.0105,0.0094,4.2976,4.5702,4.3418,3.5733,6.4641,5.3127,1.9944,1.9855,1.9761,0.1144,0.2662,0.2064
2582,1,5,154.4999,129.4631,158.1470,0.0000,0.0000,0.0000,0.0077,0.0064,0.0079,4.0483,3.8797,4.0884,4.3025,3.7260,5.0032,2.1226,2.1191,2.1087,0.2665,0.2372,0.3279
2582,1,6,153.6916,155.1342,130.5978,0.0000,0.0000,0.0000,0.0075,0.0077,0.0065,3.6519,3.5193,3.3925,3.5362,4.3485,3.8055,1.9944,1.9896,1.9743,0.3394,0.4220,0.3694
2582,1,7,169.0737,154.4001,155.3020,0.0000,0.0000,0.0000,0.0083,0.0075,0.0078,3.4199,3.3724,3.2544,5.3319,3.7581,4.1254,1.7420,1.7369,1.7294,0.7451,0.5595,0.6105
2582,1,8,130.1604,168.5502,154.8888,0.0000,0.0000,0.0000,0.0042,0.0055,0.0075,3.3085,3.3631,3.2879,4.1966,4.8129,3.7703,1.5759,1.5689,1.5587,0.5006,0.5940,0.5049
2582,1,9,152.7884,130.6621,168.4718,0.0000,0.0000,0.0000,0.0051,0.0043,0.0055,3.2350,3.2003,3.2593,4.4800,3.8409,4.3930,1.5339,1.5338,1.5304,0.4021,0.3453,0.4194
2582,1,10,152.3895,152.6935,131.1525,0.0000,0.0000,0.0000,0.0049,0.0051,0.0043,2.8903,2.9307,2.9148,5.8174,4.2109,3.6831,1.4757,1.4789,1.4725,0.2551,0.1912,0.1659
2582,1,11,143.3673,150.8076,152.2517,0.0000,0.0000,0.0000,0.0072,0.0074,0.0076,2.6830,2.5380,2.6029,4.5674,5.4014,4.2450,1.3590,1.3557,1.3523,0.0738,0.0953,0.0593
2582,1,12,147.6044,142.4487,149.0958,0.0000,0.0000,0.0000,0.0069,0.0072,0.0074,2.3990,2.4362,2.2889,5.8959,4.4759,5.1199,1.2292,1.2255,1.2222,0.1291,0.0729,0.0917
2582,1,13,152.3349,145.9195,141.8367,0.0000,0.0000,0.0000,0.0097,0.0092,0.0096,2.3033,2.3140,2.3475,6.0094,5.0175,4.0257,1.2015,1.2011,1.2033,0.2036,0.1550,0.0947
2582,1,14,143.3127,150.8471,145.1565,0.0000,0.0000,0.0000,0.0135,0.0121,0.0115,2.4798,2.3923,2.4064,5.2045,5.0025,4.2930,1.3239,1.3146,1.3207,0.2064,0.1899,0.1502
2582,1,15,165.8264,142.1209,149.7570,0.0000,0.0000,0.0000,0.0185,0.0155,0.0162,2.1898,2.2514,2.1572,4.5885,4.5165,4.4194,1.3556,1.3588,1.3588,0.1400,0.1545,0.1526
2582,1,16,158.7916,165.0369,141.4552,0.0000,0.0000,0.0000,0.0231,0.0240,0.0200,2.7511,2.6411,2.6961,5.3264,4.8179,4.5996,1.5201,1.5201,1.5201,0.1284,0.0928,0.1002
2582,1,17,138.7109,158.2345,164.8048,0.0000,0.0000,0.0000,0.0284,0.0333,0.0350,4.1048,4.2803,4.1619,4.8540,6.2955,5.8521,1.6401,1.6401,1.6324,0.0626,0.1002,0.0791
2582,1,18,160.1347,140.7289,158.7569,0.0000,0.0000,0.0000,0.0454,0.0408,0.0428,7.9745,7.8587,8.1760,8.5824,7.6115,9.3943,2.0397,2.0350,2.0260,0.1152,0.1001,0.1346
2582,1,19,139.4256,164.1566,146.2824,0.0000,0.0000,0.0000,0.0514,0.0626,0.0524,15.5846,15.9473,15.8147,13.5837,14.3964,12.8573,2.9825,2.9724,2.9738,0.2185,0.2029,0.1842
2582,1,20,159.5927,147.2939,170.7551,0.0000,0.0000,0.0000,0.0766,0.0686,0.0804,23.6838,23.8350,24.3746,20.4134,19.2698,21.0973,3.8860,3.8710,3.8376,0.2757,0.2697,0.2765
2582,1,21,190.5419,164.3206,153.6422,0.0000,0.0000,0.0000,0.1135,0.0923,0.0827,26.1652,25.9792,26.2196,32.5548,25.2410,23.7984,4.3870,4.3734,4.3324,0.3595,0.2720,0.2611
2582,1,22,193.4240,187.1856,166.2955,0.0000,0.0000,0.0000,0.1262,0.1232,0.1063,25.9732,24.9413,24.7579,37.9264,32.5838,27.0868,4.5841,4.5655,4.5138,0.3929,0.3249,0.2645
2582,1,23,177.0943,186.6010,183.0933,0.0000,0.0000,0.0000,0.1228,0.1294,0.1283,25.2793,23.9277,23.1462,40.4732,35.2811,31.7105,4.6258,4.5984,4.5557,0.4325,0.3679,0.3198
2582,1,24,164.3295,167.5808,179.8418,0.0000,0.0000,0.0000,0.1212,0.1195,0.1310,22.1427,23.2219,22.2633,34.4684,37.1114,33.6693,4.6735,4.6522,4.6074,0.4138,0.4192,0.3986
2582,1,25,174.0488,158.2262,159.9323,0.0000,0.0000,0.0000,0.1327,0.1194,0.1171,20.2300,20.8458,21.7486,32.3305,31.8307,33.9798,5.0568,5.0275,4.9741,0.4990,0.4603,0.4724
2582,1,26,159.6265,168.6379,153.9428,0.0000,0.0000,0.0000,0.1253,0.1331,0.1204,19.5178,18.6454,19.1604,28.9723,29.4247,28.6276,5.6737,5.6453,5.5856,0.5572,0.5747,0.5288
2582,1,27,152.0202,156.6760,164.5794,0.0000,0.0000,0.0000,0.1217,0.1238,0.1319,17.5989,17.2699,16.5349,23.8231,25.2838,25.7918,5.7363,5.7090,5.6464,0.4646,0.5120,0.5212
2582,1,28,196.8270,151.5644,154.8547,0.0000,0.0000,0.0000,0.1661,0.1219,0.1258,17.2309,15.7347,15.4378,29.0838,21.1341,21.9945,5.6049,5.5722,5.5070,0.7376,0.5235,0.5620
2582,1,29,199.0480,192.4809,151.7007,0.0000,0.0000,0.0000,0.1634,0.1573,0.1185,16.4999,16.1274,14.8032,27.0360,24.7761,19.1955,5.4073,5.3773,5.3192,0.8930,0.8293,0.6367
2582,1,30,210.8554,195.1037,189.5093,0.0000,0.0000,0.0000,0.1724,0.1590,0.1508,15.7741,15.1795,14.8568,25.7119,23.1377,21.6100,4.8962,4.8684,4.8113,0.9354,0.7946,0.7557
2582,1,31,224.3450,206.8836,192.3996,0.0000,0.0000,0.0000,0.1848,0.1684,0.1532,14.4399,13.9154,13.3675,26.4514,21.1426,19.4572,4.2026,4.1733,4.1340,0.7994,0.6738,0.5942
2582,1,32,212.3933,218.6398,204.1159,0.0000,0.0000,0.0000,0.1722,0.1760,0.1626,12.9341,12.8343,12.4013,20.4313,21.4652,18.0285,3.6796,3.6577,3.6167,0.5251,0.5547,0.4905
2582,1,33,187.4810,209.1819,214.5915,0.0000,0.0000,0.0000,0.1499,0.1658,0.1692,12.2351,12.5130,12.3922,17.3091,18.1657,18.9026,3.3318,3.3141,3.2744,0.5364,0.5886,0.6166
2582,1,34,185.4648,185.7948,206.8618,0.0000,0.0000,0.0000,0.1526,0.1527,0.1671,12.0386,11.8408,12.0987,15.7128,15.5366,16.3047,2.9842,2.9666,2.9368,0.7332,0.7172,0.7610
2582,1,35,181.1212,184.4380,184.7895,0.0000,0.0000,0.0000,0.1485,0.1487,0.1487,10.4468,11.0217,10.8975,15.8784,13.7538,13.5476,2.6870,2.6701,2.6480,0.9615,0.8026,0.7731
2582,1,36,156.7798,179.0879,184.2707,0.0000,0.0000,0.0000,0.1272,0.1474,0.1453,9.1042,9.2844,9.8035,11.8730,12.7170,11.4689,2.4474,2.4377,2.4083,0.7966,0.8428,0.7305
2582,1,37,175.2507,156.4978,178.2781,0.0000,0.0000,0.0000,0.1440,0.1268,0.1463,8.1331,8.2812,8.4790,10.3842,10.1047,10.7289,2.2968,2.2844,2.2645,0.6111,0.5938,0.6329
2582,1,38,139.0436,174.2743,156.0023,0.0000,0.0000,0.0000,0.1194,0.1481,0.1309,6.6005,6.9890,7.1215,8.2098,9.4946,9.1478,2.1330,2.1255,2.1078,0.3642,0.4426,0.4175
2582,1,39,157.6428,138.9363,173.2381,0.0000,0.0000,0.0000,0.1390,0.1196,0.1476,5.9031,5.7826,6.0853,8.8113,7.4753,8.5939,2.0560,2.0460,2.0282,0.4074,0.3392,0.4059
2582,1,40,153.9319,156.7930,139.0586,0.0000,0.0000,0.0000,0.1391,0.1414,0.1213,5.8123,5.6328,5.5291,9.3974,8.0072,6.9519,2.0506,2.0366,2.0176,0.4638,0.3909,0.3324
2582,1,41,164.4495,152.4219,156.1364,0.0000,0.0000,0.0000,0.1588,0.1420,0.1452,5.3540,5.5747,5.4042,8.2727,8.4643,7.4596,1.9691,1.9546,1.9401,0.4284,0.4534,0.3872
2582,1,42,157.1559,162.8297,150.8781,0.0000,0.0000,0.0000,0.1547,0.1587,0.1422,4.9346,4.7908,4.9477,7.0175,7.5969,7.6701,1.7972,1.7856,1.7741,0.3816,0.4232,0.4439
2582,1,43,142.2926,156.1846,161.3344,0.0000,0.0000,0.0000,0.1525,0.1647,0.1652,4.1367,4.3811,4.2603,7.9021,6.3517,6.7524,1.5651,1.5595,1.5505,0.4898,0.3714,0.3894
2582,1,44,168.9118,140.2343,155.4001,0.0000,0.0000,0.0000,0.2014,0.1649,0.1760,4.0032,3.9072,4.1654,6.7604,6.7802,5.7200,1.3060,1.3060,1.2902,0.4010,0.4256,0.3333
2582,1,45,125.6927,167.5359,138.9410,0.0000,0.0000,0.0000,0.1509,0.2029,0.1626,3.7045,4.0106,3.9066,3.7593,5.9998,5.9082,1.1150,1.1119,1.0993,0.1671,0.2590,0.2750
2582,1,46,151.8682,126.2672,166.3770,0.0000,0.0000,0.0000,0.2002,0.1637,0.2144,3.8630,3.6454,3.8774,6.5615,3.7029,5.5714,0.9406,0.9346,0.9296,0.1828,0.0962,0.1392
2582,1,47,184.7992,150.1845,126.6584,0.0000,0.0000,0.0000,0.2701,0.2124,0.1760,3.9153,3.7031,3.5291,6.5436,5.8635,3.6757,0.8528,0.8510,0.8463,0.1811,0.1636,0.0963
2582,1,48,157.1536,182.6240,148.5445,0.0000,0.0000,0.0000,0.2568,0.2927,0.2320,3.6615,3.6532,3.4628,4.8835,6.1180,5.4378,0.8462,0.8422,0.8321,0.1964,0.2681,0.2538
2582,1,49,152.8237,156.2683,180.4614,0.0000,0.0000,0.0000,0.2789,0.2837,0.3204,3.6222,3.7115,3.6563,4.9743,4.7719,5.8652,0.7753,0.7727,0.7698,0.3384,0.3063,0.4091
2582,1,50,172.4743,151.9323,155.6191,0.0000,0.0000,0.0000,0.3504,0.3017,0.3037,3.6927,3.5429,3.6328,5.0814,4.4292,4.2976,0.6848,0.6820,0.6817,0.4840,0.4098,0.3687
2582,1,51,199.3072,171.2628,151.2905,0.0000,0.0000,0.0000,0.4566,0.3827,0.3233,3.6487,3.6507,3.5063,5.1193,4.6160,4.0517,0.6492,0.6486,0.6429,0.5621,0.5300,0.4528
2582,1,52,168.6303,197.8297,170.2487,0.0000,0.0000,0.0000,0.3976,0.4609,0.3913,3.8466,3.7245,3.7199,4.0467,5.0016,4.5131,0.5778,0.5771,0.5719,0.3237,0.4582,0.4178
2582,1,53,173.9952,168.1596,196.3578,0.0000,0.0000,0.0000,0.4777,0.4540,0.5301,3.5668,3.6472,3.5312,4.3035,3.8589,4.7045,0.4942,0.4855,0.4828,0.3394,0.2743,0.3618
2582,1,54,176.8662,172.5615,167.1678,0.0000,0.0000,0.0000,0.5450,0.5194,0.4955,3.3617,3.2559,3.3171,4.1081,4.3257,3.9537,0.4027,0.3967,0.3959,0.2612,0.2852,0.2411
2582,1,55,180.5284,175.4045,170.8634,0.0000,0.0000,0.0000,0.5925,0.5648,0.5431,3.4649,3.1877,3.0830,4.5421,4.3027,4.4610,0.3879,0.3855,0.3866,0.2063,0.1997,0.2085
2582,1,56,235.1433,178.9915,173.8642,0.0000,0.0000,0.0000,0.8778,0.6544,0.6214,3.2144,3.2497,2.9748,5.3519,4.2956,4.0787,0.3362,0.3340,0.3299,0.2177,0.1901,0.1838
2582,1,57,198.6020,232.5673,177.5619,0.0000,0.0000,0.0000,0.8085,0.9347,0.6948,2.9007,2.8764,2.9231,4.4239,4.5085,3.6503,0.2762,0.2755,0.2716,0.3782,0.3172,0.2904
2582,1,58,178.6276,196.6731,230.5218,0.0000,0.0000,0.0000,0.7796,0.8454,0.9773,2.5940,2.6428,2.6182,3.1376,3.5664,3.6368,0.2815,0.2770,0.2753,0.3819,0.4594,0.3627
2582,1,59,163.3378,177.8482,195.4375,0.0000,0.0000,0.0000,0.8066,0.8607,0.9342,2.5821,2.7416,2.8068,2.4136,2.6753,3.0250,0.2666,0.2639,0.2602,0.2737,0.2974,0.3708
2582,1,60,153.6850,162.9585,177.3784,0.0000,0.0000,0.0000,0.8196,0.8551,0.9013,2.8720,2.8932,3.0692,2.4707,2.4931,2.7552,0.1970,0.1970,0.1947,0.1277,0.1065,0.1255
2582,1,61,167.4390,153.1480,162.3438,0.0000,0.0000,0.0000,0.9980,0.9000,0.9310,2.9582,2.9709,3.0140,2.6471,2.7513,2.7985,0.1589,0.1565,0.1565,0.0349,0.0575,0.0496
2582,1,62,155.5628,166.2835,152.0558,0.0000,0.0000,0.0000,1.0211,1.0637,0.9593,2.7202,2.7373,2.7358,3.2059,2.8979,2.9485,0.1754,0.1722,0.1718,0.1834,0.1065,0.1534
2582,1,63,200.7003,153.8463,164.8471,0.0000,0.0000,0.0000,1.4632,1.0972,1.1488,2.6598,2.6045,2.6082,3.4870,3.1678,2.9043,0.2221,0.2221,0.2221,0.2623,0.3620,0.2217
2582,1,64,168.2184,198.4573,152.0605,0.0000,0.0000,0.0000,1.3665,1.5701,1.1824,2.6012,2.6258,2.5710,3.0047,3.3059,3.1140,0.2253,0.2249,0.2225,0.2872,0.2598,0.3721
2582,1,65,187.7249,166.6314,196.4911,0.0000,0.0000,0.0000,1.7572,1.5216,1.7563,2.6709,2.6690,2.7005,3.1564,2.7533,2.9548,0.2526,0.2502,0.2467,0.3268,0.2757,0.2390
2582,1,66,207.0524,185.9110,165.4371,0.0000,0.0000,0.0000,2.1212,1.8613,1.6228,2.6853,2.7225,2.7186,2.5160,2.5785,2.2540,0.2296,0.2233,0.2255,0.2311,0.3467,0.2886
2582,1,67,164.7555,204.8538,183.9995,0.0000,0.0000,0.0000,1.8489,2.2722,1.9909,2.4433,2.4350,2.4857,1.8782,2.3672,2.3429,0.1901,0.1861,0.1873,0.1548,0.1908,0.2627
2582,1,68,173.9265,163.0475,202.1856,0.0000,0.0000,0.0000,2.1094,1.9239,2.3489,2.3116,2.2173,2.2139,2.3273,2.0830,2.6050,0.1578,0.1561,0.1544,0.1029,0.0777,0.0976
2582,1,69,185.0614,171.3512,160.8429,0.0000,0.0000,0.0000,2.4969,2.2584,2.0656,2.0836,2.0339,1.9451,2.6435,2.4650,2.2002,0.1660,0.1607,0.1592,0.0447,0.0412,0.0402
2582,1,70,178.6311,181.7688,168.4179,0.0000,0.0000,0.0000,2.6920,2.6727,2.4284,1.6471,1.7392,1.6913,2.4302,2.4553,2.2972,0.1300,0.1272,0.1224,0.0228,0.0247,0.0216
2582,1,71,163.9609,175.1368,178.3335,0.0000,0.0000,0.0000,2.6840,2.8118,2.7944,1.4977,1.4813,1.5496,1.9095,2.2219,2.2461,0.0843,0.0818,0.0798,0.0142,0.0141,0.0155
2582,1,72,180.9275,160.7020,171.4562,0.0000,0.0000,0.0000,3.3225,2.8649,3.0014,1.2922,1.2664,1.2577,2.0961,1.7000,1.9712,0.0550,0.0532,0.0523,0.0025,0.0024,0.0022
2582,1,73,186.8911,176.9973,157.5415,0.0000,0.0000,0.0000,3.7587,3.4811,3.0084,1.2534,1.2088,1.1829,1.6484,1.7192,1.3669,0.0438,0.0441,0.0426,0.0000,0.0000,0.0000
2582,1,74,178.1876,182.9518,173.2791,0.0000,0.0000,0.0000,4.0586,4.0843,3.7790,1.4782,1.4542,1.4062,1.2572,1.3445,1.3866,0.0584,0.0570,0.0555,0.0162,0.0203,0.0259
2582,1,75,170.1961,174.4055,179.0365,0.0000,0.0000,0.0000,4.3206,4.3184,4.3440,1.6020,1.6147,1.5823,1.1040,1.0931,1.1491,0.0946,0.0913,0.0866,0.0701,0.0697,0.0823
2582,1,76,196.7110,166.0452,170.2906,0.0000,0.0000,0.0000,5.5859,4.6240,4.6218,1.6936,1.6324,1.6553,1.3674,1.1484,1.1383,0.1124,0.1084,0.1045,0.1453,0.1151,0.1203
2582,1,77,141.6936,190.5935,161.1686,0.0000,0.0000,0.0000,4.5971,6.0405,5.0095,1.4395,1.5843,1.5157,1.2104,1.6816,1.4141,0.1160,0.1114,0.1067,0.0578,0.0949,0.0747
2582,1,78,183.8210,136.8570,183.7885,0.0000,0.0000,0.0000,6.8143,4.9420,6.4947,1.3551,1.3728,1.4719,1.7631,1.3073,1.8150,0.0616,0.0587,0.0557,0.0205,0.0171,0.0263
2582,1,79,133.3344,176.2664,131.6740,0.0000,0.0000,0.0000,5.5452,7.1625,5.2247,1.1833,1.2074,1.2379,1.3068,1.6159,1.2033,0.0078,0.0074,0.0074,0.0000,0.0000,0.0000
2582,2,0,125.5481,122.0343,118.9475,126.5142,122.9152,119.7832,0.2056,0.1974,0.1920,3.5799,3.5243,3.4688,5.6113,5.4487,5.3066,1.2567,1.2311,1.1870,0.0039,0.0039,0.0038
2582,2,1,111.7647,124.9417,121.5580,0.0000,0.0000,0.0000,0.0359,0.0389,0.0382,7.1025,6.8791,6.7726,8.1878,9.3465,9.0873,2.0175,1.9965,1.9776,0.0719,0.0889,0.0872
2582,2,2,127.8036,113.0491,125.2102,0.0000,0.0000,0.0000,0.0138,0.0119,0.0136,6.4172,6.4871,6.2935,8.5338,7.0887,7.9051,2.1204,2.1060,2.0797,0.1788,0.1379,0.1610
2582,2,3,136.4410,128.1788,114.3881,0.0000,0.0000,0.0000,0.0096,0.0092,0.0080,5.8388,5.6597,5.7050,9.1205,7.0156,6.1092,2.0843,2.0734,2.0575,0.4262,0.2826,0.2392
2582,2,4,143.5688,136.2243,128.6161,0.0000,0.0000,0.0000,0.0101,0.0096,0.0092,4.9357,4.8941,4.7612,4.7733,6.4589,5.6780,1.7477,1.7423,1.7342,0.2341,0.3655,0.3214
2582,2,5,128.0130,144.1861,136.3541,0.0000,0.0000,0.0000,0.0067,0.0076,0.0073,4.0680,4.0672,4.0171,5.0649,4.5127,4.9450,1.5247,1.5195,1.5068,0.3812,0.3655,0.3891
2582,2,6,148.5184,128.4971,144.8416,0.0000,0.0000,0.0000,0.0076,0.0067,0.0076,3.5985,3.4790,3.4919,4.1338,4.0093,3.8956,1.5303,1.5221,1.5166,0.3890,0.3622,0.3706
2582,2,7,146.1848,149.1514,129.1695,0.0000,0.0000,0.0000,0.0076,0.0076,0.0045,3.2523,3.2282,3.1098,5.2990,3.9134,3.7101,1.6580,1.6484,1.6438,0.3447,0.2474,0.2355
2582,2,8,127.2945,145.9817,149.8424,0.0000,0.0000,0.0000,0.0043,0.0051,0.0051,3.0386,2.8896,2.8912,5.1633,4.6024,3.7704,1.8175,1.8158,1.8084,0.2429,0.2142,0.1534
2582,2,9,110.7894,127.0713,145.9300,0.0000,0.0000,0.0000,0.0039,0.0043,0.0051,2.6932,2.7525,2.6325,2.5460,4.4361,4.1956,1.7691,1.7639,1.7514,0.0733,0.1625,0.1547
2582,2,10,139.6101,111.9974,126.9868,0.0000,0.0000,0.0000,0.0047,0.0040,0.0044,2.5682,2.5072,2.5367,6.3584,2.6558,3.8678,1.4871,1.4830,1.4747,0.2318,0.0725,0.1241
2582,2,11,138.8370,138.0901,112.9650,0.0000,0.0000,0.0000,0.0072,0.0070,0.0060,2.4473,2.4000,2.3403,4.9225,5.2321,2.6562,1.4325,1.4390,1.4316,0.2021,0.2158,0.0938
2582,2,12,137.6983,138.1667,137.1872,0.0000,0.0000,0.0000,0.0070,0.0072,0.0070,2.4610,2.4379,2.3876,3.9699,4.3453,4.5450,1.4119,1.4116,1.4074,0.1676,0.1960,0.2032
2582,2,13,143.5905,137.6295,137.8596,0.0000,0.0000,0.0000,0.0073,0.0093,0.0072,2.5802,2.5758,2.5564,5.0093,3.6657,3.9086,1.2345,1.2304,1.2237,0.2416,0.1623,0.1807
2582,2,14,125.1447,142.5810,137.6145,0.0000,0.0000,0.0000,0.0084,0.0097,0.0094,2.7906,2.8303,2.8361,4.5827,4.7081,3.7508,1.1081,1.1018,1.1031,0.2048,0.2318,0.1553
2582,2,15,135.3470,124.2254,141.4766,0.0000,0.0000,0.0000,0.0117,0.0106,0.0121,3.0000,3.0914,3.1548,5.3503,4.8118,5.0205,0.9956,0.9975,0.9916,0.1962,0.1669,0.1826
2582,2,16,139.5648,133.8688,123.4126,0.0000,0.0000,0.0000,0.0166,0.0158,0.0143,3.4953,3.3274,3.4073,4.8048,5.6327,5.1194,1.1148,1.1137,1.1137,0.0995,0.1653,0.1454
2582,2,17,134.0666,139.3722,132.8638,0.0000,0.0000,0.0000,0.0188,0.0191,0.0179,4.4155,4.4549,4.2967,8.2560,5.6257,6.2527,1.2328,1.2292,1.2227,0.3091,0.1169,0.1701
2582,2,18,171.9402,131.1150,138.7098,0.0000,0.0000,0.0000,0.0285,0.0207,0.0216,7.8899,7.6369,7.7634,12.1079,11.7514,9.6655,1.4986,1.4892,1.4895,0.2139,0.3000,0.1536
2582,2,19,149.0070,165.9745,127.7582,0.0000,0.0000,0.0000,0.0281,0.0313,0.0225,14.1555,14.1617,13.7243,19.9008,21.8215,18.9268,2.2369,2.2307,2.2179,0.3355,0.3963,0.3830
2582,2,20,143.6645,143.6437,158.0629,0.0000,0.0000,0.0000,0.0262,0.0250,0.0277,18.3721,19.4609,19.5242,27.7398,26.8192,29.3605,2.6207,2.6122,2.6037,0.5058,0.4608,0.5312
2582,2,21,129.6964,136.6168,137.8750,0.0000,0.0000,0.0000,0.0266,0.0276,0.0268,20.1625,20.0586,21.0531,28.7571,29.1481,28.7517,2.7346,2.7230,2.7003,0.7183,0.6734,0.6393
2582,2,22,147.5586,124.1609,130.3966,0.0000,0.0000,0.0000,0.0324,0.0256,0.0263,19.1769,19.1598,19.1887,31.8746,27.1383,27.7175,2.9778,2.9674,2.9504,0.8000,0.7635,0.7329
2582,2,23,125.1210,140.3863,120.9739,0.0000,0.0000,0.0000,0.0261,0.0302,0.0247,17.6543,17.9588,18.0125,27.0916,27.9818,24.1625,3.4208,3.4066,3.3744,0.9107,0.7115,0.6704
2582,2,24,110.2822,121.1845,135.7755,0.0000,0.0000,0.0000,0.0225,0.0250,0.0287,16.5499,16.7971,17.1766,20.5032,23.8609,25.0852,3.7092,3.6878,3.6499,0.5060,0.6259,0.5703
2582,2,25,121.7524,110.3710,119.1113,0.0000,0.0000,0.0000,0.0280,0.0254,0.0279,16.2149,15.7767,16.0006,21.8608,18.9367,21.2651,3.6644,3.6440,3.6069,0.4521,0.3904,0.4463
2582,2,26,124.4609,120.8994,111.0052,0.0000,0.0000,0.0000,0.0293,0.0276,0.0254,15.1533,14.9195,14.4731,20.8139,18.8244,16.7928,3.4000,3.3757,3.3470,0.4627,0.3891,0.3422
2582,2,27,139.7401,123.5381,120.9541,0.0000,0.0000,0.0000,0.0326,0.0290,0.0275,14.9606,13.3796,13.1855,21.0251,17.1109,15.8714,3.1497,3.1279,3.0957,0.4987,0.3919,0.3427
2582,2,28,160.8052,138.4155,123.5733,0.0000,0.0000,0.0000,0.0416,0.0359,0.0321,13.2782,12.7742,11.5064,19.1452,16.9145,14.3010,3.2718,3.2489,3.2128,0.4856,0.4305,0.3562
2582,2,29,145.0731,159.9633,138.8320,0.0000,0.0000,0.0000,0.0404,0.0445,0.0367,12.6112,12.0173,11.5179,14.3587,15.5446,13.8616,3.2810,3.2593,3.2257,0.4189,0.4543,0.4068
2582,2,30,167.3080,147.1091,160.5007,0.0000,0.0000,0.0000,0.0488,0.0417,0.0452,12.1527,11.7515,11.2068,14.4504,12.3284,13.1753,3.1087,3.0916,3.0610,0.4913,0.4073,0.4387
2582,2,31,161.3567,167.4314,148.5283,0.0000,0.0000,0.0000,0.0482,0.0512,0.0444,11.2896,10.9057,10.5556,14.1474,13.0109,11.3531,2.7070,2.6940,2.6630,0.4699,0.4069,0.3432
2582,2,32,192.7532,161.0732,167.4996,0.0000,0.0000,0.0000,0.0613,0.0504,0.0512,10.1252,10.2544,9.9092,14.2930,12.4960,11.7831,2.4575,2.4447,2.4191,0.4792,0.4351,0.3882
2582,2,33,161.5876,191.9308,161.8951,0.0000,0.0000,0.0000,0.0530,0.0635,0.0527,9.5392,9.4983,9.6191,11.0707,12.2653,10.7892,2.5034,2.4922,2.4690,0.4135,0.4346,0.3932
2582,2,34,162.4616,162.9610,192.1879,0.0000,0.0000,0.0000,0.0558,0.0542,0.0670,8.2965,8.5515,8.5454,10.9455,9.3105,10.2718,2.5442,2.5391,2.5140,0.4456,0.3683,0.3940
2582,2,35,176.7190,162.6995,164.5808,0.0000,0.0000,0.0000,0.0616,0.0558,0.0572,7.5023,7.6034,7.8525,9.6126,9.2861,8.1765,2.4993,2.4937,2.4694,0.5635,0.5468,0.4553
2582,2,36,156.3992,175.6624,162.1430,0.0000,0.0000,0.0000,0.0567,0.0645,0.0583,6.2812,6.6163,6.7032,7.5592,9.1544,8.8197,2.2738,2.2710,2.2495,0.5190,0.6587,0.6417
2582,2,37,149.0983,156.0825,174.0851,0.0000,0.0000,0.0000,0.0565,0.0612,0.0681,5.5384,5.7386,6.0048,8.7559,7.4041,8.7449,1.9738,1.9686,1.9530,0.7198,0.5375,0.6594
2582,2,38,141.5697,147.8478,156.0752,0.0000,0.0000,0.0000,0.0569,0.0608,0.0645,5.4838,5.4734,5.6869,8.0531,7.9634,6.9599,1.8251,1.8199,1.8068,0.6445,0.5983,0.4562
2582,2,39,129.5285,140.8034,147.1830,0.0000,0.0000,0.0000,0.0564,0.0601,0.0627,4.9733,5.2618,5.2561,5.8025,7.2564,7.2135,1.7499,1.7410,1.7300,0.3274,0.4650,0.4256
2582,2,40,152.2299,130.1051,140.3824,0.0000,0.0000,0.0000,0.0715,0.0591,0.0622,4.7356,4.6104,4.8760,6.7729,5.3915,6.5564,1.7245,1.7119,1.7023,0.3573,0.2848,0.3850
2582,2,41,158.1764,151.5219,130.5901,0.0000,0.0000,0.0000,0.0775,0.0712,0.0617,4.2124,4.0868,4.0263,6.4082,6.1596,4.9882,1.8375,1.8333,1.8224,0.3644,0.3515,0.2886
2582,2,42,142.0615,157.5152,150.9656,0.0000,0.0000,0.0000,0.0769,0.0852,0.0813,3.6090,3.6144,3.5319,5.7057,5.4483,5.2439,1.6453,1.6445,1.6295,0.3977,0.3571,0.3440
2582,2,43,139.4099,141.4372,157.0383,0.0000,0.0000,0.0000,0.0779,0.0764,0.0859,3.3319,3.4029,3.4013,4.7739,4.8726,4.7343,1.3815,1.3738,1.3630,0.4447,0.4341,0.3965
2582,2,44,140.2025,139.1967,141.1735,0.0000,0.0000,0.0000,0.0862,0.0849,0.0856,3.2736,3.4236,3.4836,4.6969,4.3054,4.3951,1.1277,1.1269,1.1150,0.4348,0.3752,0.3725
2582,2,45,138.9421,139.8823,139.3005,0.0000,0.0000,0.0000,0.0968,0.0968,0.0920,3.5079,3.3502,3.4930,4.0436,4.1146,3.8494,0.8155,0.8075,0.7972,0.2765,0.2873,0.2631
2582,2,46,143.2701,139.0406,139.7514,0.0000,0.0000,0.0000,0.1110,0.1051,0.1067,3.4330,3.3562,3.2004,3.4575,3.5850,3.6302,0.5983,0.5968,0.5919,0.1799,0.1965,0.2022
2582,2,47,190.2262,143.4407,139.0638,0.0000,0.0000,0.0000,0.1640,0.1199,0.1151,3.5557,3.3861,3.2856,4.4680,3.4229,3.4797,0.5736,0.5689,0.5698,0.2937,0.2353,0.2698
2582,2,48,173.0123,188.7882,143.0266,0.0000,0.0000,0.0000,0.1660,0.1791,0.1351,3.6036,3.4871,3.2911,4.6732,4.9999,3.8487,0.5891,0.5928,0.5913,0.3668,0.3788,0.3143
2582,2,49,180.4141,171.3836,186.6595,0.0000,0.0000,0.0000,0.1967,0.1799,0.1952,3.5734,3.5183,3.3920,5.2823,5.2088,5.5633,0.5319,0.5287,0.5239,0.2827,0.3167,0.3318
2582,2,50,187.6116,178.6283,169.5511,0.0000,0.0000,0.0000,0.2183,0.2039,0.1863,3.7745,3.6359,3.5948,6.2630,5.5482,5.5335,0.4889,0.4912,0.4862,0.2839,0.2357,0.2474
2582,2,51,167.2001,185.2635,176.9641,0.0000,0.0000,0.0000,0.2196,0.2357,0.2235,3.6224,3.8038,3.6625,4.6229,6.3497,5.5149,0.5147,0.5122,0.5065,0.1472,0.2147,0.1847
2582,2,52,174.6616,166.9745,183.5040,0.0000,0.0000,0.0000,0.2463,0.2355,0.2499,4.0888,3.9360,4.1396,5.5999,4.3737,6.0851,0.5253,0.5266,0.5175,0.1962,0.1314,0.2171
2582,2,53,161.3628,173.6014,166.8695,0.0000,0.0000,0.0000,0.2413,0.2604,0.2446,4.0874,4.2245,4.0943,4.7836,5.3575,4.3338,0.4819,0.4739,0.4703,0.2056,0.2318,0.1365
2582,2,54,172.6412,160.3530,172.1808,0.0000,0.0000,0.0000,0.2995,0.2688,0.2862,3.9068,3.7091,3.8033,5.1065,4.6278,5.1275,0.3834,0.3801,0.3845,0.2708,0.2403,0.2804
2582,2,55,187.4935,171.0910,159.1441,0.0000,0.0000,0.0000,0.3529,0.3170,0.2904,3.7092,3.4663,3.3059,4.9760,4.7579,4.3389,0.3114,0.3160,0.3183,0.2538,0.2788,0.2488
2582,2,56,176.1498,186.2618,169.8296,0.0000,0.0000,0.0000,0.3904,0.4020,0.3612,3.4318,3.4868,3.2574,4.0293,4.4679,4.2466,0.2806,0.2806,0.2783,0.1545,0.1892,0.2049
2582,2,57,192.8812,175.4896,185.2475,0.0000,0.0000,0.0000,0.4618,0.4134,0.4257,3.0576,3.0119,3.0599,3.9430,3.4764,3.8806,0.2924,0.2898,0.2869,0.1015,0.0857,0.0996
2582,2,58,168.3653,191.8580,174.8926,0.0000,0.0000,0.0000,0.4553,0.5117,0.4598,2.7083,2.7136,2.6686,3.1038,3.4474,3.0306,0.2975,0.2949,0.2886,0.0809,0.0917,0.0762
2582,2,59,169.6814,168.0790,191.2086,0.0000,0.0000,0.0000,0.5035,0.4856,0.5438,2.5118,2.6729,2.6720,2.4639,2.5950,2.8865,0.2261,0.2284,0.2228,0.1015,0.1164,0.1306
2582,2,60,165.6569,169.5003,168.0041,0.0000,0.0000,0.0000,0.5512,0.5613,0.5414,2.4942,2.5195,2.6896,2.3472,2.2360,2.3080,0.1606,0.1590,0.1562,0.1059,0.0788,0.0939
2582,2,61,158.8082,165.3714,169.2779,0.0000,0.0000,0.0000,0.5858,0.6093,0.6133,2.5616,2.5850,2.6149,2.2440,2.3357,2.3214,0.1180,0.1202,0.1191,0.0544,0.0573,0.0440
2582,2,62,186.2764,158.5338,165.0202,0.0000,0.0000,0.0000,0.7370,0.6141,0.6365,2.8866,2.7834,2.8219,2.9714,2.5258,2.6301,0.1189,0.1189,0.1198,0.0559,0.0458,0.0472
2582,2,63,184.0251,185.3160,158.0727,0.0000,0.0000,0.0000,0.8326,0.8332,0.6890,3.0027,2.9958,2.8832,3.1692,3.1811,2.7018,0.1410,0.1410,0.1401,0.1186,0.1172,0.1037
2582,2,64,190.7452,183.0025,184.2157,0.0000,0.0000,0.0000,0.9519,0.8952,0.8880,3.0149,3.0588,3.0346,3.3512,3.2095,3.2826,0.1908,0.1895,0.1853,0.1707,0.1589,0.1805
2582,2,65,194.2136,189.1179,181.6149,0.0000,0.0000,0.0000,1.2675,1.2203,1.1472,2.9413,2.8723,2.9082,3.4322,3.2906,3.1520,0.2232,0.2250,0.2183,0.2543,0.2246,0.2156
2582,2,66,165.9596,192.2681,187.3312,0.0000,0.0000,0.0000,1.1714,1.3478,1.2952,2.8379,2.7143,2.6611,2.7045,3.2343,3.1051,0.1578,0.1551,0.1534,0.1538,0.2389,0.2038
2582,2,67,189.6096,164.4520,189.9491,0.0000,0.0000,0.0000,1.4689,1.2525,1.4356,2.2368,2.3581,2.2613,3.1189,2.6178,3.1087,0.0989,0.0963,0.0976,0.1378,0.0896,0.1390
2582,2,68,173.7170,186.9610,162.6373,0.0000,0.0000,0.0000,1.5016,1.5944,1.3654,1.7360,1.7784,1.8751,2.5965,2.8858,2.3947,0.1010,0.1009,0.1009,0.0320,0.0445,0.0286
2582,2,69,189.2504,171.3583,184.2103,0.0000,0.0000,0.0000,1.7931,1.5977,1.6970,1.5467,1.4847,1.5112,2.5971,2.3484,2.6582,0.1017,0.1012,0.0980,0.0028,0.0025,0.0035
2582,2,70,187.4150,186.7026,169.1724,0.0000,0.0000,0.0000,1.9784,1.9388,1.7392,1.4930,1.4700,1.4238,2.1682,2.1474,1.9430,0.0763,0.0753,0.0743,0.0000,0.0000,0.0000
2582,2,71,177.5549,184.8986,184.2241,0.0000,0.0000,0.0000,2.0858,2.1403,2.0999,1.4436,1.4727,1.4575,1.8396,1.8861,1.8690,0.0386,0.0389,0.0383,0.0000,0.0000,0.0000
2582,2,72,164.8294,175.0707,182.3279,0.0000,0.0000,0.0000,2.1166,2.2339,2.2914,1.4898,1.3867,1.4154,1.5520,1.6504,1.7032,0.0122,0.0116,0.0118,0.0000,0.0000,0.0000
2582,2,73,183.1943,162.4767,172.4100,0.0000,0.0000,0.0000,2.6400,2.3040,2.4343,1.4193,1.4223,1.3247,1.5910,1.4603,1.5504,0.0063,0.0063,0.0063,0.0050,0.0065,0.0074
2582,2,74,203.3290,180.1054,159.8243,0.0000,0.0000,0.0000,3.2342,2.8267,2.4716,1.4765,1.3747,1.3568,1.8731,1.6287,1.5041,0.0175,0.0186,0.0186,0.0391,0.0253,0.0343
2582,2,75,190.3292,199.3939,176.8094,0.0000,0.0000,0.0000,3.3822,3.5122,3.0593,1.4161,1.4511,1.3623,1.7033,1.8157,1.5871,0.0398,0.0398,0.0379,0.0564,0.0803,0.0495
2582,2,76,200.5323,186.4046,195.2429,0.0000,0.0000,0.0000,3.9757,3.6266,3.7609,1.3693,1.3337,1.3765,1.7632,1.5970,1.6848,0.0219,0.0219,0.0219,0.1172,0.0573,0.0856
2582,2,77,154.2852,195.5764,182.0239,0.0000,0.0000,0.0000,3.4502,4.3323,3.9541,1.2286,1.3136,1.2983,1.4139,1.8110,1.6590,0.0089,0.0089,0.0089,0.0749,0.1236,0.0695
2582,2,78,156.6875,150.2802,190.2615,0.0000,0.0000,0.0000,3.9969,3.7696,4.7272,1.2680,1.2978,1.3774,1.5190,1.4532,1.8580,0.0125,0.0124,0.0124,0.0883,0.0830,0.1164
2582,2,79,147.4366,152.0522,145.9082,0.0000,0.0000,0.0000,4.2352,4.3258,4.0785,1.0946,1.1416,1.1439,1.3602,1.4091,1.3507,0.0209,0.0209,0.0209,0.0899,0.1033,0.1024
2581,1,0,206.2353,203.3276,199.8232,203.4592,200.5893,197.1168,0.3441,0.3360,0.3264,6.7181,6.6264,6.5357,4.8207,4.7503,4.6651,1.2722,1.2550,1.2245,0.0308,0.0308,0.0306
2581,1,1,236.9925,210.4736,207.5134,0.0000,0.0000,0.0000,0.0718,0.0639,0.0637,11.0099,10.7381,10.5991,8.6442,8.0028,7.8931,1.9146,1.9042,1.8857,0.3138,0.2862,0.2821
2581,1,2,204.4482,240.2829,214.0771,0.0000,0.0000,0.0000,0.0240,0.0283,0.0217,8.8094,8.9104,8.6976,5.9436,7.1845,6.5881,1.8845,1.8717,1.8539,0.2623,0.3516,0.3125
2581,1,3,239.5799,207.6130,242.6755,0.0000,0.0000,0.0000,0.0159,0.0140,0.0164,7.2105,6.8840,6.9929,6.2355,5.3172,6.1905,1.9269,1.9192,1.9140,0.3362,0.2698,0.3443
2581,1,4,182.4137,241.1576,209.7692,0.0000,0.0000,0.0000,0.0119,0.0161,0.0141,5.5781,5.8246,5.5869,4.4892,5.6447,4.8855,1.8989,1.8903,1.8805,0.3468,0.4148,0.3492
2581,1,5,219.0847,184.6281,242.4465,0.0000,0.0000,0.0000,0.0108,0.0091,0.0121,5.3191,5.1153,5.3658,5.3679,4.2170,5.3109,1.8406,1.8377,1.8289,0.4972,0.3838,0.4750
2581,1,6,253.4254,220.1379,186.5548,0.0000,0.0000,0.0000,0.0122,0.0108,0.0092,5.0996,4.8985,4.7163,5.5460,4.8185,3.9248,1.5843,1.5791,1.5665,0.4871,0.4237,0.3445
2581,1,7,240.1548,254.2197,221.3912,0.0000,0.0000,0.0000,0.0117,0.0122,0.0109,4.8254,4.6479,4.4685,4.5591,4.5654,4.0065,1.2719,1.2653,1.2589,0.3674,0.3760,0.3350
2581,1,8,253.4858,241.2616,255.0654,0.0000,0.0000,0.0000,0.0083,0.0079,0.0123,4.0184,4.0717,3.9269,4.2767,3.7202,3.7297,1.1396,1.1323,1.1231,0.3433,0.3050,0.3204
2581,1,9,234.7284,253.7810,242.0937,0.0000,0.0000,0.0000,0.0078,0.0083,0.0079,3.4003,3.3526,3.4060,3.4213,3.8239,3.3701,1.1825,1.1782,1.1732,0.2906,0.3243,0.2926
2581,1,10,237.0201,235.4857,254.1349,0.0000,0.0000,0.0000,0.0079,0.0078,0.0083,3.2969,3.3032,3.2761,3.5279,3.5531,3.9472,1.4702,1.4668,1.4552,0.3022,0.3046,0.3399
2581,1,11,247.9396,238.1771,236.5211,0.0000,0.0000,0.0000,0.0123,0.0119,0.0118,4.0493,3.7770,3.8081,5.3322,4.0365,4.0206,1.7141,1.7039,1.6939,0.4214,0.3049,0.2998
2581,1,12,229.3610,247.6967,239.0045,0.0000,0.0000,0.0000,0.0110,0.0123,0.0120,4.0873,4.1161,3.8510,5.0124,5.5425,4.3222,1.6171,1.6091,1.6026,0.3276,0.3602,0.2845
2581,1,13,216.5063,229.5895,247.4656,0.0000,0.0000,0.0000,0.0143,0.0147,0.0165,3.7364,3.7480,3.7850,4.5217,4.7181,5.1436,1.4950,1.4923,1.4928,0.2438,0.2546,0.2799
2581,1,14,263.3062,217.2583,230.1265,0.0000,0.0000,0.0000,0.0241,0.0179,0.0185,3.7111,3.5733,3.5907,4.5281,4.0361,4.1984,1.4630,1.4505,1.4535,0.2474,0.2312,0.2426
2581,1,15,241.1799,263.6564,218.0291,0.0000,0.0000,0.0000,0.0267,0.0287,0.0233,3.4008,3.4896,3.3409,4.3915,4.2188,3.7451,1.4779,1.4786,1.4774,0.3202,0.2545,0.2656
2581,1,16,247.3837,241.8197,264.3405,0.0000,0.0000,0.0000,0.0363,0.0349,0.0376,3.8200,3.6689,3.7457,3.9544,4.4423,4.3743,1.7037,1.7037,1.7021,0.1688,0.2362,0.1868
2581,1,17,259.2983,249.1758,243.0218,0.0000,0.0000,0.0000,0.0530,0.0538,0.0514,5.1772,5.4254,5.2820,6.3889,5.3316,5.6946,1.8673,1.8673,1.8580,0.1337,0.0923,0.1148
2581,1,18,249.0211,258.0374,249.6800,0.0000,0.0000,0.0000,0.0709,0.0762,0.0687,9.2065,9.0424,9.4713,11.8107,11.9400,10.7172,2.0449,2.0403,2.0318,0.1204,0.1170,0.1041
2581,1,19,255.2842,246.1782,254.6904,0.0000,0.0000,0.0000,0.0986,0.0974,0.0962,16.7559,17.1716,16.9904,22.2023,21.8364,22.2955,2.4717,2.4627,2.4634,0.1967,0.1885,0.1926
2581,1,20,252.2122,251.3084,243.5122,0.0000,0.0000,0.0000,0.1306,0.1288,0.1219,24.7006,24.8652,25.4435,32.7622,31.1237,30.4750,2.9842,2.9709,2.9435,0.2524,0.2374,0.2352
2581,1,21,244.5729,247.3543,247.8203,0.0000,0.0000,0.0000,0.1489,0.1477,0.1441,29.7831,29.5425,29.8274,35.7587,36.7836,35.7023,2.8745,2.8651,2.8376,0.2943,0.3231,0.2943
2581,1,22,227.6391,240.0154,241.8474,0.0000,0.0000,0.0000,0.1503,0.1620,0.1621,31.7530,30.5460,30.3804,35.5447,37.3682,38.0384,2.6029,2.5928,2.5641,0.4428,0.4719,0.5128
2581,1,23,243.8615,225.1649,235.1720,0.0000,0.0000,0.0000,0.1720,0.1583,0.1686,32.4599,30.6093,29.5763,43.4381,35.5108,36.7597,2.6288,2.6142,2.5909,0.9230,0.6172,0.6281
2581,1,24,242.2690,235.7662,222.4653,0.0000,0.0000,0.0000,0.1848,0.1703,0.1627,28.7352,30.3019,28.8184,37.1850,40.3087,34.0980,2.7409,2.7290,2.7033,0.7389,1.0531,0.7263
2581,1,25,209.9812,237.6703,229.4124,0.0000,0.0000,0.0000,0.1580,0.1848,0.1693,25.8748,26.6611,27.8650,30.5963,33.8751,36.0791,2.8452,2.8294,2.8002,0.8571,0.8144,1.0867
2581,1,26,235.4548,209.3783,234.8321,0.0000,0.0000,0.0000,0.1872,0.1626,0.1874,25.4498,24.3331,24.9734,30.8353,27.2731,30.0806,3.0586,3.0442,3.0128,1.2202,1.0797,1.0528
2581,1,27,237.9268,232.6076,208.7339,0.0000,0.0000,0.0000,0.1953,0.1862,0.1656,23.5446,22.8701,21.9228,26.8294,27.5098,24.6975,3.3806,3.3644,3.3285,1.1966,1.4187,1.2899
2581,1,28,263.4574,237.7503,230.9622,0.0000,0.0000,0.0000,0.2215,0.1953,0.1899,23.0040,21.2586,20.6003,25.3493,23.3606,23.7943,3.2861,3.2674,3.2301,1.3211,1.2456,1.4135
2581,1,29,258.9307,264.4476,238.9154,0.0000,0.0000,0.0000,0.2104,0.2158,0.1901,20.9083,20.3455,18.8434,20.9294,20.9866,19.4132,3.0178,3.0009,2.9690,1.1434,1.1101,1.0560
2581,1,30,281.9602,261.5816,266.3784,0.0000,0.0000,0.0000,0.2288,0.2117,0.2118,19.2583,18.5500,18.0790,18.8189,17.6140,17.6174,2.7071,2.6916,2.6607,0.9998,0.9064,0.8662
2581,1,31,270.3434,284.1197,264.2322,0.0000,0.0000,0.0000,0.2204,0.2304,0.2095,18.2420,17.6952,17.0328,14.7186,16.9310,15.9129,2.6284,2.6111,2.5868,0.6621,0.9124,0.8569
2581,1,32,312.5955,274.6989,285.9709,0.0000,0.0000,0.0000,0.2529,0.2201,0.2276,17.3913,17.2742,16.8091,18.8296,14.4946,16.1951,2.6226,2.6082,2.5813,1.2124,0.7875,0.9921
2581,1,33,316.1795,313.1786,278.8964,0.0000,0.0000,0.0000,0.2555,0.2480,0.2189,15.9871,16.5638,16.4424,16.5805,16.6465,13.4252,2.3914,2.3815,2.3554,1.2391,1.3046,0.9146
2581,1,34,288.3666,317.5594,314.9732,0.0000,0.0000,0.0000,0.2375,0.2630,0.2540,14.7905,14.7487,15.2785,13.2528,14.0127,14.0233,2.2003,2.1892,2.1707,1.1935,1.1607,1.2013
2581,1,35,280.4822,290.8466,319.2440,0.0000,0.0000,0.0000,0.2299,0.2349,0.2589,12.5687,13.2970,13.2778,11.0722,11.7119,12.3542,2.1429,2.1325,2.1168,0.8979,0.9828,0.9742
2581,1,36,268.1215,282.1759,292.5461,0.0000,0.0000,0.0000,0.2199,0.2332,0.2320,10.9936,11.1858,11.8154,9.9099,10.3749,10.9229,2.0356,2.0304,2.0103,0.8116,0.8490,0.9134
2581,1,37,282.2909,269.6102,283.3987,0.0000,0.0000,0.0000,0.2331,0.2216,0.2345,9.6008,9.7848,9.9877,9.8440,9.0138,9.3892,1.8682,1.8627,1.8520,1.0345,0.8914,0.9263
2581,1,38,232.2039,282.7196,270.9674,0.0000,0.0000,0.0000,0.2012,0.2406,0.2294,8.0314,8.4792,8.6520,6.6603,8.5458,7.8838,1.6906,1.6885,1.6766,0.6654,0.9448,0.8159
2581,1,39,243.6981,233.8687,282.8002,0.0000,0.0000,0.0000,0.2148,0.2033,0.2414,7.3438,7.2820,7.6428,7.0895,6.2172,7.8674,1.4850,1.4806,1.4713,0.8909,0.6794,0.9214
2581,1,40,267.3237,243.7210,234.8217,0.0000,0.0000,0.0000,0.2447,0.2208,0.2072,7.0308,6.8731,6.8399,6.9060,6.9036,6.1054,1.2914,1.2835,1.2745,0.9625,1.0388,0.8264
2581,1,41,238.5357,267.0677,243.2028,0.0000,0.0000,0.0000,0.2321,0.2524,0.2278,6.5412,6.7728,6.6058,6.1823,7.0781,7.0498,1.2639,1.2557,1.2474,0.8436,1.0039,1.0742
2581,1,42,259.9704,239.1035,266.8442,0.0000,0.0000,0.0000,0.2583,0.2339,0.2539,6.6623,6.4738,6.6742,6.9965,6.3153,7.1816,1.3575,1.3498,1.3421,0.7611,0.6882,0.8068
2581,1,43,239.8506,259.7918,239.5443,0.0000,0.0000,0.0000,0.2587,0.2763,0.2462,6.1913,6.5316,6.3601,6.9174,7.1070,6.4472,1.3560,1.3517,1.3411,0.6721,0.6408,0.5706
2581,1,44,262.4735,238.7460,258.7120,0.0000,0.0000,0.0000,0.3156,0.2832,0.2965,5.6923,5.6030,5.9359,8.1451,6.9713,7.1544,1.1970,1.1970,1.1815,0.9004,0.7659,0.7288
2581,1,45,213.9476,259.8462,237.2250,0.0000,0.0000,0.0000,0.2618,0.3188,0.2820,4.7267,5.0662,4.9574,5.5312,7.1631,6.2279,0.9592,0.9561,0.9445,0.8534,1.1106,0.9678
2581,1,46,237.7679,213.2127,257.8574,0.0000,0.0000,0.0000,0.3184,0.2815,0.3364,4.6004,4.3256,4.5954,4.4151,4.4842,5.7018,0.7243,0.7184,0.7139,0.8141,0.9367,1.1974
2581,1,47,242.8520,237.7020,212.8932,0.0000,0.0000,0.0000,0.3576,0.3409,0.3003,4.5712,4.3093,4.0959,4.2273,3.9695,3.9220,0.5786,0.5755,0.5717,0.7209,0.6253,0.7025
2581,1,48,261.2115,242.5043,237.4147,0.0000,0.0000,0.0000,0.4318,0.3909,0.3748,4.2138,4.2021,3.9832,4.5289,4.1649,3.9272,0.4950,0.4898,0.4827,0.5081,0.4796,0.4270
2581,1,49,242.4764,260.2794,241.9429,0.0000,0.0000,0.0000,0.4475,0.4785,0.4327,3.9197,4.0183,3.9672,4.1606,4.5560,4.2129,0.5351,0.5322,0.5275,0.3822,0.4337,0.4067
2581,1,50,299.9214,242.0145,259.4576,0.0000,0.0000,0.0000,0.6164,0.4870,0.5124,4.1909,3.9873,4.0880,4.8281,4.1550,4.5330,0.5372,0.5321,0.5303,0.3681,0.3592,0.4020
2581,1,51,313.4866,298.9882,241.7451,0.0000,0.0000,0.0000,0.7256,0.6767,0.5231,4.4243,4.3691,4.1633,5.3456,4.7285,4.0416,0.4559,0.4545,0.4491,0.5018,0.3694,0.3524
2581,1,52,289.6464,312.3420,298.3350,0.0000,0.0000,0.0000,0.6927,0.7354,0.6943,4.9352,4.8154,4.7557,4.5190,5.1644,4.6453,0.3722,0.3714,0.3679,0.4221,0.6094,0.4555
2581,1,53,268.1734,289.4026,311.3093,0.0000,0.0000,0.0000,0.7432,0.7913,0.8487,4.9204,5.0211,4.9014,3.9486,4.3346,4.9069,0.3088,0.3033,0.3015,0.4014,0.4261,0.6182
2581,1,54,292.4934,268.1857,289.0278,0.0000,0.0000,0.0000,0.9084,0.8135,0.8655,4.8015,4.6414,4.7256,4.3081,3.8037,4.1581,0.2316,0.2282,0.2280,0.3392,0.2661,0.2893
2581,1,55,290.8330,291.6588,267.7900,0.0000,0.0000,0.0000,0.9620,0.9457,0.8568,4.6119,4.2941,4.1344,3.8868,4.1690,3.7096,0.1811,0.1802,0.1810,0.1289,0.2347,0.1730
2581,1,56,283.5612,290.1652,290.4481,0.0000,0.0000,0.0000,1.0627,1.0700,1.0465,4.2474,4.1997,3.9217,3.6898,3.8304,4.0313,0.1600,0.1590,0.1570,0.1257,0.1512,0.2640
2581,1,57,300.2639,283.1520,289.5592,0.0000,0.0000,0.0000,1.2321,1.1443,1.1434,4.1558,4.1359,4.0964,3.7012,3.4523,3.5832,0.1523,0.1516,0.1493,0.1397,0.1164,0.1443
2581,1,58,270.3386,299.2337,282.4465,0.0000,0.0000,0.0000,1.1918,1.3015,1.2069,3.8652,3.9302,3.9037,3.3451,3.6471,3.4073,0.1727,0.1699,0.1683,0.2009,0.2048,0.1779
2581,1,59,270.2959,269.1096,297.5969,0.0000,0.0000,0.0000,1.3559,1.3224,1.4454,3.3673,3.5722,3.6339,3.6350,3.4809,3.7965,0.1955,0.1939,0.1915,0.2563,0.2288,0.2506
2581,1,60,258.4286,268.5167,267.7884,0.0000,0.0000,0.0000,1.4055,1.4333,1.3842,3.1178,3.1682,3.3692,3.3928,3.5572,3.4060,0.2429,0.2429,0.2411,0.1793,0.1851,0.1832
2581,1,61,248.5272,256.7622,266.6675,0.0000,0.0000,0.0000,1.5024,1.5359,1.5536,2.7482,2.7430,2.7906,2.8455,3.0329,3.1770,0.2785,0.2744,0.2744,0.1553,0.1703,0.1786
2581,1,62,245.4791,246.9936,255.0429,0.0000,0.0000,0.0000,1.6309,1.5972,1.6319,2.6563,2.6837,2.6664,2.6414,2.6719,2.8210,0.2249,0.2229,0.2198,0.1752,0.1766,0.2229
2581,1,63,250.2400,243.8447,245.3285,0.0000,0.0000,0.0000,1.8365,1.7579,1.7266,3.0127,2.9053,2.9211,2.8957,2.7843,2.8151,0.1837,0.1811,0.1811,0.2690,0.2342,0.2392
2581,1,64,279.9436,248.7424,242.4671,0.0000,0.0000,0.0000,2.2969,1.9797,1.9026,3.6137,3.6390,3.5130,3.3490,3.0933,2.9684,0.1847,0.1829,0.1816,0.2590,0.3053,0.2657
2581,1,65,254.1133,277.7724,247.2012,0.0000,0.0000,0.0000,2.5440,2.7229,2.3652,4.0037,4.0180,4.0591,3.2629,3.4224,3.1607,0.1822,0.1807,0.1778,0.3107,0.2688,0.3025
2581,1,66,231.2302,251.9005,275.2297,0.0000,0.0000,0.0000,2.5416,2.7071,2.9075,3.6483,3.6690,3.6846,2.8257,3.1023,3.2704,0.1722,0.1675,0.1688,0.2310,0.2698,0.2427
2581,1,67,253.8364,228.7304,248.9743,0.0000,0.0000,0.0000,3.0764,2.7265,2.8989,2.8995,2.8808,2.9119,2.9437,2.6440,2.8967,0.1337,0.1305,0.1294,0.1842,0.1544,0.1830
2581,1,68,243.6020,250.2926,225.8519,0.0000,0.0000,0.0000,3.1805,3.1852,2.8184,2.5736,2.5063,2.4979,2.7263,2.8080,2.5280,0.0698,0.0683,0.0667,0.1271,0.1306,0.1155
2581,1,69,291.1751,240.0488,246.5892,0.0000,0.0000,0.0000,4.2221,3.3981,3.4074,2.5560,2.4833,2.4165,3.1261,2.5877,2.6635,0.0721,0.0694,0.0685,0.1049,0.1108,0.1129
2581,1,70,231.2307,286.1077,236.2616,0.0000,0.0000,0.0000,3.7317,4.5169,3.6540,2.2211,2.3245,2.2539,2.2958,2.8777,2.3893,0.0946,0.0927,0.0893,0.0521,0.0838,0.0862
2581,1,71,246.4069,227.3190,280.9203,0.0000,0.0000,0.0000,4.3380,3.9084,4.7257,2.1133,2.0950,2.1832,2.2935,2.0753,2.5938,0.0544,0.0527,0.0517,0.1087,0.0575,0.0923
2581,1,72,250.1994,241.7814,223.3307,0.0000,0.0000,0.0000,4.9165,4.6284,4.1855,2.0161,1.9740,1.9664,1.8869,1.8952,1.7187,0.0124,0.0122,0.0121,0.0092,0.0711,0.0372
2581,1,73,282.8765,245.2985,237.0572,0.0000,0.0000,0.0000,6.1111,5.1660,4.8651,1.9922,1.9276,1.8807,1.9520,1.6410,1.6595,0.0040,0.0039,0.0036,0.0572,0.0100,0.0650
2581,1,74,270.5106,276.2704,240.0327,0.0000,0.0000,0.0000,6.6382,6.6426,5.6239,1.9449,1.9039,1.8520,1.7252,1.7875,1.4824,0.0246,0.0235,0.0224,0.0697,0.1007,0.0206
2581,1,75,264.7806,263.6440,269.2535,0.0000,0.0000,0.0000,7.2591,7.0448,7.0488,1.5659,1.5594,1.5176,1.4348,1.3433,1.4066,0.0592,0.0562,0.0532,0.1410,0.0835,0.1191
2581,1,76,257.2018,257.0182,256.2343,0.0000,0.0000,0.0000,7.8726,7.7313,7.5078,1.1686,1.1531,1.1503,1.1145,1.1672,1.0800,0.0779,0.0745,0.0710,0.0629,0.0849,0.0518
2581,1,77,234.7866,248.7162,248.5837,0.0000,0.0000,0.0000,8.2219,8.4850,8.3329,0.9527,1.0213,0.9944,0.9711,1.0366,1.0876,0.0581,0.0561,0.0540,0.0370,0.0463,0.0614
2581,1,78,210.6400,226.0548,239.6835,0.0000,0.0000,0.0000,8.3990,8.7995,9.1058,1.0304,1.0503,1.1232,0.9435,0.9577,1.0222,0.0336,0.0333,0.0329,0.0833,0.0554,0.0655
2581,1,79,203.1841,202.0447,217.0149,0.0000,0.0000,0.0000,9.0745,8.8217,9.2732,1.1823,1.2054,1.2399,0.8977,0.9177,0.9666,0.0201,0.0201,0.0201,0.0424,0.0905,0.0597
2581,2,0,195.5501,192.7963,189.4695,192.2981,189.5860,186.3027,0.3125,0.3045,0.2987,5.4868,5.4084,5.3315,3.1898,3.1431,3.0868,1.2418,1.2300,1.2060,0.0000,0.0000,0.0000
2581,2,1,206.7146,199.5128,196.6980,0.0000,0.0000,0.0000,0.0653,0.0605,0.0603,9.1914,8.9596,8.8356,7.1586,6.8147,6.7232,2.0454,2.0338,2.0144,0.1873,0.1411,0.1408
2581,2,2,212.7985,209.5014,202.4257,0.0000,0.0000,0.0000,0.0228,0.0221,0.0217,7.8652,7.9381,7.7500,6.8439,6.8167,6.5663,1.9714,1.9603,1.9412,0.1542,0.1484,0.1503
2581,2,3,216.5827,215.3320,212.1301,0.0000,0.0000,0.0000,0.0152,0.0154,0.0149,7.3341,7.1566,7.1927,6.4846,6.1532,6.0577,1.8439,1.8321,1.8194,0.2003,0.2051,0.1940
2581,2,4,205.5300,218.7885,217.5554,0.0000,0.0000,0.0000,0.0144,0.0154,0.0155,6.7145,6.6600,6.5143,4.3338,5.6502,5.4289,1.5336,1.5282,1.5201,0.2230,0.2843,0.2820
2581,2,5,248.0107,207.9375,220.2656,0.0000,0.0000,0.0000,0.0130,0.0109,0.0117,5.6964,5.6766,5.6124,5.4778,4.2141,5.0465,1.3782,1.3733,1.3609,0.3761,0.3001,0.3484
2581,2,6,215.4704,248.3845,209.4418,0.0000,0.0000,0.0000,0.0110,0.0131,0.0110,4.4912,4.3443,4.3666,3.9767,4.7524,3.8143,1.3652,1.3580,1.3532,0.2934,0.3449,0.2843
2581,2,7,224.1584,217.1765,249.2141,0.0000,0.0000,0.0000,0.0118,0.0110,0.0088,3.9372,3.9551,3.7986,3.7776,3.2617,3.8276,1.4065,1.3989,1.3940,0.3062,0.2783,0.3262
2581,2,8,236.1930,225.8691,219.4284,0.0000,0.0000,0.0000,0.0081,0.0079,0.0074,3.9088,3.7266,3.7793,3.6785,3.0900,2.6425,1.4911,1.4887,1.4830,0.3194,0.2946,0.2596
2581,2,9,264.6011,237.4055,227.4945,0.0000,0.0000,0.0000,0.0091,0.0082,0.0080,3.3807,3.4704,3.3323,4.6239,3.2543,2.8012,1.4927,1.4876,1.4767,0.4093,0.2867,0.2643
2581,2,10,219.6680,263.7911,237.7912,0.0000,0.0000,0.0000,0.0076,0.0091,0.0083,2.9827,2.9096,2.9424,3.4555,4.4381,3.3938,1.2462,1.2423,1.2345,0.2523,0.3265,0.2396
2581,2,11,222.7431,219.8126,262.7440,0.0000,0.0000,0.0000,0.0115,0.0115,0.0137,2.7937,2.7577,2.7132,3.9988,3.5468,4.3752,0.9794,0.9836,0.9783,0.1699,0.1547,0.1913
2581,2,12,226.9661,222.6158,219.9817,0.0000,0.0000,0.0000,0.0115,0.0115,0.0115,3.0598,3.0220,2.9778,3.6680,3.8278,3.5072,0.7674,0.7674,0.7652,0.1309,0.1288,0.1326
2581,2,13,234.0269,227.2340,222.7834,0.0000,0.0000,0.0000,0.0121,0.0154,0.0115,3.3725,3.4022,3.3689,3.9876,3.6987,3.8399,0.7964,0.7938,0.7894,0.1805,0.1496,0.1569
2581,2,14,219.6114,234.1722,227.7048,0.0000,0.0000,0.0000,0.0157,0.0162,0.0154,3.5360,3.5946,3.6265,3.7726,4.2175,3.8918,0.9595,0.9540,0.9547,0.1315,0.1748,0.1376
2581,2,15,207.2381,220.6482,234.7924,0.0000,0.0000,0.0000,0.0190,0.0197,0.0203,3.6330,3.7525,3.8332,3.3339,3.7116,4.1408,1.1367,1.1387,1.1321,0.0783,0.0922,0.1277
2581,2,16,236.1999,208.7381,221.9141,0.0000,0.0000,0.0000,0.0279,0.0244,0.0255,4.1517,3.9151,4.0317,4.0133,3.5488,3.9393,1.3449,1.3441,1.3441,0.0605,0.0544,0.0650
2581,2,17,202.3334,237.5037,210.5182,0.0000,0.0000,0.0000,0.0285,0.0323,0.0283,5.8590,6.0062,5.7412,4.8996,5.8617,5.2098,1.4359,1.4322,1.4249,0.0431,0.0547,0.0488
2581,2,18,245.0091,204.6561,237.8059,0.0000,0.0000,0.0000,0.0399,0.0327,0.0368,13.0148,12.5292,12.7776,14.3543,11.7791,13.8523,1.6138,1.6031,1.6031,0.0786,0.0553,0.0650
2581,2,19,237.2569,241.4968,205.5992,0.0000,0.0000,0.0000,0.0437,0.0445,0.0368,24.0167,24.0221,23.3230,29.1949,29.0248,24.2242,1.9985,1.9926,1.9808,0.2885,0.2933,0.2237
2581,2,20,207.5032,229.6306,233.7961,0.0000,0.0000,0.0000,0.0486,0.0516,0.0526,30.1788,31.8770,32.0401,35.9310,40.5138,40.7823,2.0119,2.0058,1.9997,0.6124,0.7118,0.7257
2581,2,21,201.3525,201.4917,220.4142,0.0000,0.0000,0.0000,0.0549,0.0527,0.0555,32.4530,32.5888,34.0947,39.3559,39.4303,43.7903,1.7421,1.7361,1.7233,0.8842,0.8827,1.0156
2581,2,22,186.4762,195.6460,195.8811,0.0000,0.0000,0.0000,0.0505,0.0535,0.0512,31.0564,31.1843,31.5509,36.3942,38.0644,38.0708,1.6839,1.6793,1.6715,0.9614,0.8944,0.9058
2581,2,23,175.9702,182.7953,191.0592,0.0000,0.0000,0.0000,0.0483,0.0494,0.0520,28.2414,28.7901,28.9493,32.2568,33.5804,34.9448,1.8207,1.8144,1.7989,0.8932,0.8892,0.8343
2581,2,24,173.2282,173.9164,180.3277,0.0000,0.0000,0.0000,0.0464,0.0475,0.0485,25.5129,25.7660,26.2888,29.4919,29.1697,30.2479,2.1658,2.1543,2.1342,0.9989,0.9164,0.9150
2581,2,25,195.1971,172.4685,173.7267,0.0000,0.0000,0.0000,0.0600,0.0523,0.0532,23.7337,23.2525,23.4675,28.3319,25.4328,25.1949,2.4753,2.4630,2.4400,1.0132,1.0273,0.9664
2581,2,26,169.6896,194.3723,173.1872,0.0000,0.0000,0.0000,0.0521,0.0590,0.0520,22.1317,21.6088,21.1251,20.4860,24.1803,21.9286,2.7216,2.7034,2.6819,0.9368,1.0926,1.0720
2581,2,27,220.2749,173.3229,194.6980,0.0000,0.0000,0.0000,0.0689,0.0530,0.0587,21.7321,19.7420,19.2963,23.0124,17.8254,20.4211,2.5801,2.5624,2.5371,1.2024,0.9555,1.0809
2581,2,28,236.9905,221.4051,176.9017,0.0000,0.0000,0.0000,0.0800,0.0755,0.0596,20.0192,19.1336,17.3856,20.1747,19.3113,15.2991,2.5692,2.5516,2.5247,1.2471,1.2317,1.0037
2581,2,29,247.3827,239.3085,223.6792,0.0000,0.0000,0.0000,0.0909,0.0867,0.0773,18.5744,17.7295,16.8951,17.5050,16.6576,15.9459,2.5076,2.4910,2.4665,1.1149,1.0603,1.0445
2581,2,30,278.4511,251.0645,242.8635,0.0000,0.0000,0.0000,0.1060,0.0932,0.0887,16.9439,16.3936,15.6728,15.8947,14.1491,13.5066,2.4387,2.4253,2.4029,0.9889,0.8584,0.8268
2581,2,31,290.7204,281.5181,255.0190,0.0000,0.0000,0.0000,0.1143,0.1122,0.0994,15.1306,14.7194,14.2577,12.7537,12.8909,11.5620,2.2083,2.1982,2.1735,0.7662,0.8383,0.7281
2581,2,32,275.3482,293.8091,284.0565,0.0000,0.0000,0.0000,0.1132,0.1215,0.1132,13.0936,13.1922,12.8417,10.6434,10.9829,11.0849,1.8566,1.8478,1.8302,0.8373,0.8278,0.8771
2581,2,33,264.4886,278.9892,297.2513,0.0000,0.0000,0.0000,0.1148,0.1198,0.1284,12.5557,12.7074,12.8086,8.8871,9.6399,9.9411,1.5979,1.5940,1.5836,0.7452,0.8273,0.8231
2581,2,34,256.1114,269.1777,282.9980,0.0000,0.0000,0.0000,0.1152,0.1178,0.1282,11.8910,12.2742,12.4237,8.7606,8.5276,9.1640,1.6229,1.6202,1.6102,0.6062,0.5752,0.6349
2581,2,35,260.2636,259.0752,272.6006,0.0000,0.0000,0.0000,0.1182,0.1170,0.1254,10.1860,10.4211,10.7756,8.9349,8.6087,8.4542,1.6786,1.6757,1.6659,0.4855,0.4470,0.4267
2581,2,36,251.7690,261.2324,260.6439,0.0000,0.0000,0.0000,0.1185,0.1249,0.1236,8.0724,8.4425,8.6354,8.3872,8.4946,8.2249,1.7035,1.7018,1.6913,0.4589,0.4616,0.4264
2581,2,37,215.6159,251.8089,261.3959,0.0000,0.0000,0.0000,0.1072,0.1284,0.1329,6.8665,7.1387,7.4334,6.4767,8.0230,8.1336,1.6395,1.6356,1.6240,0.4093,0.5420,0.5359
2581,2,38,236.1403,217.4079,252.3314,0.0000,0.0000,0.0000,0.1246,0.1159,0.1359,6.5195,6.5921,6.8718,6.2353,5.7643,7.0510,1.4267,1.4229,1.4134,0.4452,0.4094,0.5380
2581,2,39,240.2670,238.0169,219.8415,0.0000,0.0000,0.0000,0.1372,0.1327,0.1220,6.2600,6.5461,6.6386,5.5667,5.2840,4.9077,1.1905,1.1838,1.1771,0.4674,0.4283,0.3939
2581,2,40,236.2325,241.8664,240.1612,0.0000,0.0000,0.0000,0.1455,0.1438,0.1396,6.1688,6.0804,6.3664,4.4742,4.9822,4.7500,1.0846,1.0761,1.0694,0.3544,0.4167,0.3892
2581,2,41,232.8913,238.0247,243.0945,0.0000,0.0000,0.0000,0.1489,0.1467,0.1509,5.5998,5.4857,5.4333,4.1754,4.1281,4.5884,1.0192,1.0162,1.0097,0.3822,0.3743,0.4362
2581,2,42,234.3453,234.3559,239.3902,0.0000,0.0000,0.0000,0.1658,0.1649,0.1689,4.9558,4.9538,4.8466,4.0173,3.9006,3.8632,1.0143,1.0138,1.0044,0.4202,0.4062,0.3957
2581,2,43,227.9183,235.1386,235.2411,0.0000,0.0000,0.0000,0.1677,0.1666,0.1674,4.2684,4.3003,4.3023,3.7339,3.8655,3.7696,0.9393,0.9341,0.9269,0.3810,0.3841,0.3777
2581,2,44,215.9640,228.0520,235.1165,0.0000,0.0000,0.0000,0.1740,0.1830,0.1877,3.5255,3.7162,3.7262,3.8219,3.8430,3.9772,0.8064,0.8057,0.7973,0.3766,0.3619,0.3688
2581,2,45,231.4755,215.4056,227.6513,0.0000,0.0000,0.0000,0.2139,0.1973,0.1999,3.4434,3.2926,3.4618,4.2663,4.1376,4.1589,0.8209,0.8117,0.8004,0.3264,0.3316,0.3200
2581,2,46,245.5173,231.0274,214.9375,0.0000,0.0000,0.0000,0.2530,0.2324,0.2167,3.6191,3.5434,3.4000,4.4853,4.4234,4.2890,0.8706,0.8655,0.8561,0.2058,0.2122,0.2155
2581,2,47,269.1082,245.2173,230.7562,0.0000,0.0000,0.0000,0.3046,0.2723,0.2527,4.1114,3.9383,3.8467,5.4002,4.6492,4.5774,0.8403,0.8314,0.8297,0.1555,0.1241,0.1268
2581,2,48,315.8222,268.1670,244.7586,0.0000,0.0000,0.0000,0.3990,0.3327,0.3031,4.4279,4.2899,4.0641,5.6368,5.3687,4.6625,0.5998,0.6020,0.5974,0.1452,0.1694,0.1359
2581,2,49,278.6494,314.6628,267.2177,0.0000,0.0000,0.0000,0.3968,0.4348,0.3644,4.6534,4.5601,4.4093,4.8872,5.4587,5.1871,0.4010,0.3975,0.3935,0.1858,0.2015,0.2461
2581,2,50,265.2901,278.5326,313.8058,0.0000,0.0000,0.0000,0.4053,0.4154,0.4547,4.7308,4.5852,4.4966,4.3295,4.5661,5.0929,0.3539,0.3545,0.3506,0.1387,0.1474,0.1594
2581,2,51,264.9352,265.3474,278.1736,0.0000,0.0000,0.0000,0.4535,0.4405,0.4586,4.4517,4.5869,4.4434,4.4662,4.4992,4.7349,0.4409,0.4381,0.4331,0.1142,0.1257,0.1329
2581,2,52,263.6015,264.6030,265.1491,0.0000,0.0000,0.0000,0.4899,0.4890,0.4764,4.3502,4.2379,4.3969,4.7764,4.6152,4.6554,0.5717,0.5726,0.5627,0.1349,0.1138,0.1254
2581,2,53,260.8078,263.2620,264.3145,0.0000,0.0000,0.0000,0.5144,0.5213,0.5080,4.1172,4.2478,4.1461,4.2742,4.5765,4.4315,0.5873,0.5787,0.5733,0.1302,0.1534,0.1324
2581,2,54,277.7969,260.5170,262.7769,0.0000,0.0000,0.0000,0.6357,0.5740,0.5742,4.3911,4.1858,4.2882,4.2987,4.2510,4.5700,0.4403,0.4348,0.4383,0.0986,0.1196,0.1479
2581,2,55,278.2543,277.7690,260.4092,0.0000,0.0000,0.0000,0.6863,0.6764,0.6247,4.9606,4.6650,4.4641,4.2890,4.2318,4.1928,0.3198,0.3239,0.3257,0.1043,0.0983,0.1174
2581,2,56,271.3376,278.4109,277.6065,0.0000,0.0000,0.0000,0.7869,0.7879,0.7770,4.7554,4.8588,4.5447,3.7567,4.0663,4.0117,0.2343,0.2343,0.2323,0.1153,0.1343,0.1309
2581,2,57,264.9294,271.1168,278.0357,0.0000,0.0000,0.0000,0.8327,0.8379,0.8400,4.1206,4.0667,4.1539,3.4290,3.4975,3.7446,0.1655,0.1640,0.1624,0.1220,0.1244,0.1382
2581,2,58,287.8690,264.2690,270.3245,0.0000,0.0000,0.0000,1.0277,0.9280,0.9353,3.3935,3.4178,3.3608,3.4416,3.1322,3.1981,0.1180,0.1168,0.1144,0.1549,0.1446,0.1414
2581,2,59,268.3792,286.2617,263.1290,0.0000,0.0000,0.0000,1.0483,1.0961,0.9878,2.8135,2.9818,3.0268,3.2135,3.3508,3.0616,0.0762,0.0770,0.0753,0.2656,0.2167,0.2038
2581,2,60,235.6795,266.5941,284.4869,0.0000,0.0000,0.0000,1.0415,1.1638,1.2190,2.7741,2.8127,2.9955,2.8986,3.2744,3.4290,0.0525,0.0519,0.0512,0.2052,0.2354,0.1982
2581,2,61,241.8526,234.5426,265.0086,0.0000,0.0000,0.0000,1.1863,1.1446,1.2643,2.9474,2.9733,3.0063,2.8959,2.9213,3.2945,0.0589,0.0602,0.0596,0.0823,0.1123,0.1247
2581,2,62,235.2342,240.9129,233.6841,0.0000,0.0000,0.0000,1.2261,1.2414,1.1919,3.3928,3.2603,3.3002,3.0311,3.0312,3.0616,0.1265,0.1265,0.1276,0.0575,0.0550,0.0579
2581,2,63,270.5719,234.5159,239.9914,0.0000,0.0000,0.0000,1.6050,1.3865,1.3883,3.5944,3.5804,3.4402,3.4924,3.0318,3.0564,0.1839,0.1839,0.1824,0.1146,0.0961,0.1030
2581,2,64,263.3472,268.9343,233.6001,0.0000,0.0000,0.0000,1.7182,1.7259,1.4795,3.5662,3.6199,3.5820,3.4967,3.5063,3.0490,0.1302,0.1291,0.1268,0.1535,0.1476,0.1263
2581,2,65,269.8667,261.2307,266.8587,0.0000,0.0000,0.0000,2.0130,1.9222,1.9255,3.4255,3.3384,3.3951,3.5205,3.4972,3.5064,0.0665,0.0669,0.0648,0.1004,0.1174,0.1069
2581,2,66,277.3918,267.3791,258.7727,0.0000,0.0000,0.0000,2.2425,2.1431,2.0410,3.0485,2.9175,2.8580,3.4363,3.3026,3.2992,0.0661,0.0639,0.0637,0.0345,0.0338,0.0436
2581,2,67,282.7990,274.5497,264.6906,0.0000,0.0000,0.0000,2.5014,2.3901,2.2813,2.6673,2.7980,2.6984,3.4321,3.3129,3.1799,0.0898,0.0868,0.0850,0.0212,0.0206,0.0190
2581,2,68,250.3761,279.7466,271.8402,0.0000,0.0000,0.0000,2.4634,2.7176,2.6023,2.6056,2.6673,2.7834,2.8050,3.0259,2.9198,0.1080,0.1059,0.1059,0.0835,0.0739,0.0739
2581,2,69,253.7923,248.0649,277.0365,0.0000,0.0000,0.0000,2.7302,2.6280,2.8997,2.7352,2.6622,2.7104,2.1856,2.2641,2.4480,0.1217,0.1193,0.1148,0.1406,0.2063,0.1827
2581,2,70,264.5116,251.6400,245.8469,0.0000,0.0000,0.0000,3.1730,2.9681,2.8732,2.6092,2.5914,2.5257,1.8758,1.7509,1.7931,0.1324,0.1302,0.1280,0.1699,0.1430,0.2026
2581,2,71,261.1136,261.7566,249.2040,0.0000,0.0000,0.0000,3.4913,3.4468,3.2299,2.2677,2.3146,2.3061,1.6239,1.6032,1.5001,0.0921,0.0940,0.0930,0.1283,0.1108,0.0972
2581,2,72,251.8319,257.6908,258.4278,0.0000,0.0000,0.0000,3.6856,3.7482,3.7018,2.0344,1.9361,1.9741,1.5158,1.5875,1.5792,0.0497,0.0475,0.0494,0.0472,0.0732,0.0654
2581,2,73,256.8669,247.9320,253.5843,0.0000,0.0000,0.0000,4.2282,4.0157,4.0877,1.7972,1.7701,1.6809,1.7060,1.6405,1.6901,0.0173,0.0173,0.0173,0.0209,0.0151,0.0261
2581,2,74,299.2078,252.2214,243.5150,0.0000,0.0000,0.0000,5.4349,4.5239,4.2984,1.7163,1.6076,1.5719,2.0493,1.7286,1.6646,0.0012,0.0012,0.0012,0.0000,0.0000,0.0000
2581,2,75,308.3735,293.0295,247.2588,0.0000,0.0000,0.0000,6.2705,5.8924,4.8901,1.5420,1.5704,1.4666,1.9281,1.8360,1.5443,0.0055,0.0055,0.0052,0.0000,0.0000,0.0000
2581,2,76,260.4594,301.7324,286.8720,0.0000,0.0000,0.0000,5.8715,6.7091,6.3019,1.6691,1.6218,1.6535,1.3586,1.5758,1.5026,0.0355,0.0332,0.0332,0.0106,0.0126,0.0112
2581,2,77,268.7924,254.8229,294.9408,0.0000,0.0000,0.0000,6.8453,6.4022,7.3074,1.9196,1.9783,1.9192,1.2865,1.2232,1.4158,0.0737,0.0680,0.0680,0.0426,0.0426,0.0486
2581,2,78,263.7728,261.7148,248.3673,0.0000,0.0000,0.0000,7.6566,7.4835,7.0076,1.9560,1.9870,2.0512,1.5464,1.5604,1.4918,0.0732,0.0665,0.0665,0.0498,0.0686,0.0687
2581,2,79,218.1019,255.5254,253.6323,0.0000,0.0000,0.0000,7.1516,8.2871,8.0955,1.7149,1.7674,1.7973,1.4859,1.7616,1.7654,0.0332,0.0295,0.0295,0.0169,0.0296,0.0384
2560,1,0,36.9564,36.2368,35.4368,36.2581,35.5467,34.7596,0.0613,0.0595,0.0576,1.5814,1.5568,1.5319,1.1926,1.1686,1.1420,0.3974,0.3892,0.3735,0.0236,0.0235,0.0233
2560,1,1,40.6103,37.6330,36.9147,0.0000,0.0000,0.0000,0.0123,0.0115,0.0114,2.7988,2.6945,2.6541,2.7995,2.6153,2.5647,0.7641,0.7588,0.7486,0.1564,0.1404,0.1376
2560,1,2,33.1349,41.0541,38.1417,0.0000,0.0000,0.0000,0.0039,0.0048,0.0039,2.3349,2.3681,2.2900,2.0035,2.7061,2.5465,0.8819,0.8749,0.8666,0.0702,0.1013,0.0919
2560,1,3,53.2865,33.6692,41.1158,0.0000,0.0000,0.0000,0.0036,0.0023,0.0028,2.0259,1.8657,1.8944,3.4543,2.0750,2.5672,0.8230,0.8174,0.8161,0.1125,0.0615,0.0859
2560,1,4,30.8151,52.6287,33.9568,0.0000,0.0000,0.0000,0.0020,0.0036,0.0023,1.6126,1.7638,1.6452,1.3635,2.9213,1.8972,0.6327,0.6306,0.6304,0.0369,0.1128,0.0738
2560,1,5,35.0382,31.5163,52.3427,0.0000,0.0000,0.0000,0.0017,0.0015,0.0026,1.7351,1.6337,1.7588,2.1451,1.4368,2.5035,0.5852,0.5844,0.5819,0.0872,0.0537,0.0949
2560,1,6,49.2584,35.4378,32.2189,0.0000,0.0000,0.0000,0.0024,0.0017,0.0016,1.6997,1.6243,1.5447,1.8767,1.6717,1.3171,0.5520,0.5502,0.5457,0.0779,0.0599,0.0508
2560,1,7,44.6973,49.4097,35.7950,0.0000,0.0000,0.0000,0.0021,0.0024,0.0017,1.3610,1.3130,1.2609,2.1312,1.6070,1.3569,0.5293,0.5265,0.5239,0.0577,0.0470,0.0388
2560,1,8,44.3774,44.6041,49.5423,0.0000,0.0000,0.0000,0.0015,0.0014,0.0024,1.1233,1.1509,1.1325,1.2096,1.6627,1.4281,0.4898,0.4868,0.4829,0.0178,0.0446,0.0240
2560,1,9,40.5853,44.8290,44.7948,0.0000,0.0000,0.0000,0.0014,0.0015,0.0014,1.1326,1.1273,1.1625,0.9401,1.0690,1.3356,0.4143,0.4136,0.4123,0.0054,0.0079,0.0214
2560,1,10,49.9385,41.0796,45.2161,0.0000,0.0000,0.0000,0.0016,0.0014,0.0015,1.0388,1.0536,1.0505,1.5011,0.9092,1.0187,0.3718,0.3727,0.3709,0.0060,0.0015,0.0019
2560,1,11,41.4679,49.8639,41.4983,0.0000,0.0000,0.0000,0.0021,0.0024,0.0021,1.0334,0.9454,0.9572,0.9737,1.4434,0.9296,0.4174,0.4165,0.4155,0.0009,0.0021,0.0007
2560,1,12,48.1061,41.8932,49.7497,0.0000,0.0000,0.0000,0.0023,0.0021,0.0024,1.1176,1.1284,1.0364,1.4500,1.1388,1.5809,0.4578,0.4567,0.4556,0.0193,0.0110,0.0222
2560,1,13,41.7537,48.1951,42.2795,0.0000,0.0000,0.0000,0.0024,0.0030,0.0028,1.1813,1.1753,1.1847,1.7974,1.4832,1.2091,0.4613,0.4612,0.4623,0.1137,0.0552,0.0355
2560,1,14,37.1117,41.4558,48.1781,0.0000,0.0000,0.0000,0.0034,0.0030,0.0038,1.0151,0.9698,0.9708,1.3204,1.6532,1.4333,0.5516,0.5475,0.5494,0.1084,0.1622,0.0870
2560,1,15,42.0065,37.0597,41.0166,0.0000,0.0000,0.0000,0.0046,0.0040,0.0044,0.8201,0.8398,0.8013,1.3666,1.3808,1.7057,0.6377,0.6381,0.6376,0.0882,0.1022,0.1546
2560,1,16,46.6171,42.0466,37.0591,0.0000,0.0000,0.0000,0.0067,0.0060,0.0051,0.9570,0.9237,0.9412,1.9785,1.5472,1.5449,0.7339,0.7339,0.7326,0.0849,0.0552,0.0616
2560,1,17,41.1702,46.3592,42.1488,0.0000,0.0000,0.0000,0.0083,0.0095,0.0086,1.1968,1.2475,1.2124,1.7147,2.1909,1.8004,0.7642,0.7642,0.7599,0.0299,0.0469,0.0340
2560,1,18,52.9753,40.9136,45.6845,0.0000,0.0000,0.0000,0.0152,0.0121,0.0123,1.6558,1.6197,1.6919,3.2742,2.4966,2.9760,0.7199,0.7184,0.7164,0.0533,0.0383,0.0535
2560,1,19,57.2250,50.9660,40.0649,0.0000,0.0000,0.0000,0.0228,0.0207,0.0153,2.5602,2.6125,2.5703,5.7356,5.0677,3.9262,0.6507,0.6494,0.6505,0.1104,0.0984,0.0779
2560,1,20,40.4646,53.8472,48.4782,0.0000,0.0000,0.0000,0.0244,0.0329,0.0288,3.5807,3.5072,3.5764,5.4227,7.1858,6.4071,0.5689,0.5672,0.5629,0.1528,0.1453,0.1331
2560,1,21,47.3542,38.7473,50.3137,0.0000,0.0000,0.0000,0.0343,0.0265,0.0351,4.2386,3.9854,3.9334,7.2404,6.0165,7.7786,0.5172,0.5160,0.5118,0.1217,0.1320,0.1325
2560,1,22,43.3950,45.1248,37.2630,0.0000,0.0000,0.0000,0.0322,0.0355,0.0285,4.8657,4.3758,4.1318,7.8727,7.0233,6.0063,0.5225,0.5203,0.5144,0.1366,0.0864,0.0914
2560,1,23,66.3046,40.7514,43.2571,0.0000,0.0000,0.0000,0.0558,0.0318,0.0355,5.4136,4.6218,4.2591,14.3923,7.6403,6.5434,0.4769,0.4737,0.4688,0.2170,0.1246,0.0794
2560,1,24,43.7379,58.8617,38.5057,0.0000,0.0000,0.0000,0.0380,0.0506,0.0317,4.4081,4.8765,4.3766,7.9995,12.4819,6.9331,0.4466,0.4442,0.4396,0.2058,0.3054,0.1811
2560,1,25,35.5479,41.5903,53.5516,0.0000,0.0000,0.0000,0.0299,0.0364,0.0465,4.1202,4.3110,4.6319,5.9659,6.7766,10.0850,0.4850,0.4819,0.4765,0.2149,0.2323,0.3333
2560,1,26,35.3802,34.7961,40.2464,0.0000,0.0000,0.0000,0.0316,0.0306,0.0366,4.1376,3.9162,4.0446,4.1555,5.0644,5.7360,0.5449,0.5421,0.5362,0.1460,0.1983,0.2122
2560,1,27,42.7919,35.8796,34.5895,0.0000,0.0000,0.0000,0.0402,0.0323,0.0312,3.9943,3.9688,3.7663,5.6600,4.0014,4.4871,0.7138,0.7104,0.7027,0.2334,0.1535,0.1915
2560,1,28,45.9085,42.3341,36.6019,0.0000,0.0000,0.0000,0.0439,0.0397,0.0338,4.3287,3.9255,3.8670,4.1232,4.9598,3.7839,0.8861,0.8811,0.8711,0.1552,0.2635,0.1842
2560,1,29,47.7989,46.7761,42.2971,0.0000,0.0000,0.0000,0.0445,0.0436,0.0384,4.1867,4.0829,3.7379,4.9150,3.8000,4.2727,0.8008,0.7962,0.7878,0.2857,0.1631,0.2391
2560,1,30,52.0022,47.9364,47.6646,0.0000,0.0000,0.0000,0.0484,0.0444,0.0433,4.1898,4.0303,3.9422,3.6064,4.2782,3.4472,0.5889,0.5855,0.5787,0.1327,0.1799,0.1240
2560,1,31,61.2225,52.6683,48.0566,0.0000,0.0000,0.0000,0.0581,0.0493,0.0438,3.9852,3.8047,3.6495,4.1242,3.4864,3.8789,0.4618,0.4587,0.4544,0.0610,0.0527,0.0606
2560,1,32,58.3426,61.2050,53.0742,0.0000,0.0000,0.0000,0.0547,0.0573,0.0490,3.5801,3.5496,3.4202,3.6584,3.9948,3.4310,0.4989,0.4959,0.4904,0.0055,0.0057,0.0052
2560,1,33,42.3853,58.4499,61.0274,0.0000,0.0000,0.0000,0.0388,0.0539,0.0561,3.1849,3.2563,3.2237,2.4430,3.7599,4.0170,0.6979,0.6942,0.6859,0.0021,0.0044,0.0051
2560,1,34,69.7784,43.4011,58.4543,0.0000,0.0000,0.0000,0.0681,0.0409,0.0551,2.8307,2.7879,2.8581,4.7826,2.5385,3.5711,0.8542,0.8493,0.8410,0.0702,0.0263,0.0398
2560,1,35,45.1424,69.1077,44.3511,0.0000,0.0000,0.0000,0.0419,0.0656,0.0409,2.4052,2.5449,2.5208,2.8739,3.8042,2.2341,0.8017,0.7967,0.7902,0.1417,0.1381,0.0681
2560,1,36,45.9286,45.5445,68.8638,0.0000,0.0000,0.0000,0.0431,0.0425,0.0635,2.3356,2.3994,2.5401,2.0088,2.5173,3.2794,0.6983,0.6956,0.6872,0.0588,0.1174,0.1152
2560,1,37,44.1029,46.5916,45.8469,0.0000,0.0000,0.0000,0.0410,0.0439,0.0430,2.2548,2.2976,2.3529,2.6304,2.1514,2.5262,0.6067,0.6037,0.5987,0.0749,0.0375,0.0641
2560,1,38,39.0867,44.0366,46.8612,0.0000,0.0000,0.0000,0.0383,0.0425,0.0458,1.8948,2.0131,2.0570,2.1942,2.4507,2.1750,0.4979,0.4965,0.4925,0.0729,0.0825,0.0514
2560,1,39,41.8189,38.9679,43.7709,0.0000,0.0000,0.0000,0.0424,0.0385,0.0425,1.7565,1.7228,1.8197,2.1195,2.0164,2.2416,0.3587,0.3571,0.3541,0.1468,0.1401,0.1554
2560,1,40,48.6770,41.6612,38.8709,0.0000,0.0000,0.0000,0.0510,0.0432,0.0392,1.7464,1.6896,1.6666,2.1387,1.9181,1.8283,0.2777,0.2757,0.2732,0.1792,0.1643,0.1570
2560,1,41,49.6368,48.6825,41.8236,0.0000,0.0000,0.0000,0.0550,0.0523,0.0444,1.9214,1.9920,1.9344,2.3120,2.0630,1.8501,0.2752,0.2731,0.2710,0.1843,0.1501,0.1392
2560,1,42,44.7888,49.3943,48.7366,0.0000,0.0000,0.0000,0.0499,0.0552,0.0528,1.8749,1.8261,1.8907,2.1389,2.1367,1.9487,0.3292,0.3271,0.3249,0.2139,0.1930,0.1549
2560,1,43,42.3173,44.3160,48.8959,0.0000,0.0000,0.0000,0.0525,0.0533,0.0578,1.4613,1.5520,1.5135,1.4098,2.1191,2.1328,0.3539,0.3526,0.3506,0.0564,0.1929,0.1702
2560,1,44,32.1311,42.3465,43.5323,0.0000,0.0000,0.0000,0.0437,0.0578,0.0572,1.3461,1.3328,1.4119,1.4005,1.5328,2.2569,0.3492,0.3492,0.3449,0.1110,0.0802,0.2224
2560,1,45,37.4205,32.0990,42.2174,0.0000,0.0000,0.0000,0.0527,0.0446,0.0578,1.2403,1.3248,1.3022,1.8947,1.4968,1.5963,0.3114,0.3104,0.3067,0.1608,0.1160,0.0930
2560,1,46,44.5556,36.7785,31.9431,0.0000,0.0000,0.0000,0.0693,0.0563,0.0475,1.2938,1.2194,1.2841,2.7344,1.9449,1.5790,0.3283,0.3265,0.3248,0.2666,0.1680,0.1278
2560,1,47,52.0839,43.2689,36.1782,0.0000,0.0000,0.0000,0.0895,0.0724,0.0591,1.3672,1.2711,1.1950,2.3090,2.5539,1.8668,0.3231,0.3230,0.3214,0.2122,0.2555,0.1767
2560,1,48,48.9928,51.5379,42.5802,0.0000,0.0000,0.0000,0.0935,0.0964,0.0778,1.2566,1.2488,1.1637,1.2879,1.7535,1.8034,0.2203,0.2195,0.2170,0.0975,0.1646,0.1851
2560,1,49,57.5478,48.9547,51.2467,0.0000,0.0000,0.0000,0.1229,0.1040,0.1058,1.0767,1.0979,1.0780,1.4842,1.1300,1.3412,0.1469,0.1462,0.1452,0.0722,0.0452,0.0678
2560,1,50,49.7484,57.0185,48.7813,0.0000,0.0000,0.0000,0.1178,0.1330,0.1113,1.0497,0.9941,1.0233,1.3003,1.5072,1.1998,0.1285,0.1269,0.1262,0.0138,0.0164,0.0126
2560,1,51,44.9186,49.5275,56.5223,0.0000,0.0000,0.0000,0.1190,0.1291,0.1418,1.1397,1.1123,1.0512,1.2600,1.3230,1.5258,0.1364,0.1356,0.1335,0.0181,0.0210,0.0239
2560,1,52,53.7944,44.8116,49.2783,0.0000,0.0000,0.0000,0.1490,0.1208,0.1322,1.1061,1.0782,1.0461,1.2643,1.2148,1.2728,0.1450,0.1443,0.1429,0.0398,0.0346,0.0374
2560,1,53,54.3932,53.4187,44.4843,0.0000,0.0000,0.0000,0.1749,0.1696,0.1395,0.8236,0.8352,0.8161,1.3735,1.1693,1.1428,0.1759,0.1728,0.1717,0.0765,0.0423,0.0658
2560,1,54,44.1367,53.6600,52.9988,0.0000,0.0000,0.0000,0.1582,0.1892,0.1843,0.7063,0.6830,0.6906,1.4122,1.2821,1.0323,0.1695,0.1669,0.1665,0.1912,0.1269,0.0579
2560,1,55,51.5360,43.5426,53.2114,0.0000,0.0000,0.0000,0.1966,0.1623,0.1968,0.8959,0.8269,0.7969,1.1458,1.2148,1.0618,0.1383,0.1374,0.1376,0.1621,0.2083,0.1391
2560,1,56,57.0451,51.3495,43.2499,0.0000,0.0000,0.0000,0.2453,0.2171,0.1776,1.0998,1.0830,1.0090,0.8229,1.0133,1.0729,0.1090,0.1080,0.1065,0.1042,0.1537,0.1827
2560,1,57,56.6921,56.9244,51.0417,0.0000,0.0000,0.0000,0.2678,0.2646,0.2317,1.0452,1.0411,1.0230,1.0111,0.8746,0.9970,0.1005,0.0998,0.0984,0.1833,0.1286,0.2034
2560,1,58,59.5775,56.2149,56.6191,0.0000,0.0000,0.0000,0.3040,0.2820,0.2792,0.9641,0.9820,0.9739,1.0552,1.0898,0.9874,0.1308,0.1288,0.1280,0.1680,0.2218,0.1471
2560,1,59,51.9009,59.2355,55.8520,0.0000,0.0000,0.0000,0.2997,0.3358,0.3119,1.0157,1.0794,1.1027,0.9212,1.1617,1.1918,0.1566,0.1562,0.1547,0.0489,0.0899,0.1237
2560,1,60,53.5395,51.8549,58.9811,0.0000,0.0000,0.0000,0.3349,0.3179,0.3510,1.0648,1.0634,1.1307,1.3156,0.9344,1.1764,0.1619,0.1619,0.1619,0.0487,0.0185,0.0301
2560,1,61,49.9894,53.1319,51.7993,0.0000,0.0000,0.0000,0.3468,0.3654,0.3464,1.0378,1.0462,1.0539,0.8183,1.2195,0.8762,0.1428,0.1414,0.1414,0.0273,0.0262,0.0283
2560,1,62,55.7102,49.9578,52.7742,0.0000,0.0000,0.0000,0.4259,0.3708,0.3879,1.0463,1.0572,1.0592,0.9585,0.7581,1.0897,0.0963,0.0943,0.0943,0.0617,0.0561,0.0552
2560,1,63,48.7763,55.4718,49.9608,0.0000,0.0000,0.0000,0.4103,0.4596,0.4029,1.2026,1.1505,1.1608,1.0218,0.9172,0.7385,0.0396,0.0395,0.0395,0.0553,0.0672,0.0593
2560,1,64,63.2834,48.3577,55.0428,0.0000,0.0000,0.0000,0.5999,0.4437,0.4986,1.0679,1.0888,1.0494,1.1867,1.0827,0.9862,0.0191,0.0186,0.0186,0.0351,0.0247,0.0299
2560,1,65,51.5283,62.4417,47.7837,0.0000,0.0000,0.0000,0.4899,0.5832,0.4356,0.8497,0.8509,0.8668,0.8633,1.1474,1.0484,0.0270,0.0270,0.0263,0.0039,0.0049,0.0037
2560,1,66,49.4929,51.0256,61.5927,0.0000,0.0000,0.0000,0.5171,0.5204,0.6196,0.6940,0.7136,0.7109,0.7072,0.7220,0.9684,0.0302,0.0294,0.0295,0.0089,0.0092,0.0111
2560,1,67,46.5293,48.9810,50.5154,0.0000,0.0000,0.0000,0.5334,0.5532,0.5567,0.6579,0.6543,0.6764,0.5856,0.6053,0.6189,0.0321,0.0315,0.0322,0.0430,0.0422,0.0453
2560,1,68,57.2253,46.0036,48.4200,0.0000,0.0000,0.0000,0.7080,0.5535,0.5721,0.6560,0.6343,0.6343,0.6510,0.5500,0.5686,0.0180,0.0180,0.0180,0.0879,0.0756,0.0769
2560,1,69,62.0665,56.3765,45.4134,0.0000,0.0000,0.0000,0.8515,0.7568,0.5937,0.6074,0.5954,0.5798,0.6017,0.6085,0.5096,0.0050,0.0049,0.0049,0.0936,0.0817,0.0708
2560,1,70,58.9172,60.9735,55.3968,0.0000,0.0000,0.0000,0.9031,0.9125,0.8136,0.4130,0.4321,0.4209,0.5547,0.5719,0.5532,0.0000,0.0000,0.0000,0.0363,0.0400,0.0338
2560,1,71,55.6656,57.5758,59.6120,0.0000,0.0000,0.0000,0.9349,0.9440,0.9546,0.3010,0.2977,0.3107,0.6713,0.6654,0.6881,0.0000,0.0000,0.0000,0.0244,0.0248,0.0278
2560,1,72,54.4050,54.0797,55.9865,0.0000,0.0000,0.0000,1.0242,0.9919,1.0050,0.3149,0.3090,0.3070,0.8551,0.8691,0.8557,0.0000,0.0000,0.0000,0.0301,0.0303,0.0291
2560,1,73,49.5060,52.8136,52.4766,0.0000,0.0000,0.0000,1.0226,1.0659,1.0320,0.3932,0.3868,0.3807,0.8183,0.8640,0.8966,0.0000,0.0000,0.0000,0.0482,0.0512,0.0503
2560,1,74,49.6519,48.1606,51.3781,0.0000,0.0000,0.0000,1.1580,1.1026,1.1485,0.4585,0.4488,0.4409,0.6094,0.6586,0.6963,0.0000,0.0000,0.0000,0.0349,0.0339,0.0337
2560,1,75,53.3893,48.2631,46.8050,0.0000,0.0000,0.0000,1.3895,1.2256,1.1651,0.4324,0.4306,0.4195,0.6432,0.5823,0.5987,0.0000,0.0000,0.0000,0.0093,0.0100,0.0093
2560,1,76,41.6870,51.6780,46.7899,0.0000,0.0000,0.0000,1.2120,1.4760,1.3023,0.4236,0.4169,0.4165,0.5252,0.6510,0.5885,0.0000,0.0000,0.0000,0.0000,0.0000,0.0000
2560,1,77,47.2749,40.3383,49.9138,0.0000,0.0000,0.0000,1.5717,1.3047,1.5871,0.3734,0.3951,0.3882,0.5280,0.4400,0.5652,0.0000,0.0000,0.0000,0.0000,0.0000,0.0000
2560,1,78,51.8799,45.4988,38.9492,0.0000,0.0000,0.0000,1.9649,1.6798,1.4007,0.3810,0.3907,0.4152,0.5360,0.4864,0.4040,0.0000,0.0000,0.0000,0.0000,0.0000,0.0000
2560,1,79,46.8677,49.6561,43.6503,0.0000,0.0000,0.0000,1.9890,2.0611,1.7696,0.4371,0.4427,0.4582,0.5703,0.5815,0.5286,0.0000,0.0000,0.0000,0.0089,0.0255,0.0083
2560,2,0,34.1313,33.4637,32.7220,34.2691,33.5968,32.8526,0.0557,0.0540,0.0527,0.8264,0.8123,0.7983,1.2205,1.1959,1.1687,0.3070,0.3005,0.2894,0.0000,0.0000,0.0000
2560,2,1,39.5659,34.5101,33.8460,0.0000,0.0000,0.0000,0.0126,0.0106,0.0105,2.1813,2.1062,2.0732,3.0803,2.2119,2.1691,0.5169,0.5113,0.5064,0.0161,0.0150,0.0148
2560,2,2,34.7679,39.5078,34.9701,0.0000,0.0000,0.0000,0.0037,0.0042,0.0038,2.0716,2.0687,2.0085,1.8846,2.6769,2.1120,0.6348,0.6304,0.6222,0.0475,0.0515,0.0477
2560,2,3,36.2013,35.2362,39.6451,0.0000,0.0000,0.0000,0.0025,0.0025,0.0028,1.8949,1.8382,1.8300,2.3736,2.0057,2.3081,0.7346,0.7310,0.7252,0.0743,0.0766,0.0830
2560,2,4,43.0384,36.5340,35.6533,0.0000,0.0000,0.0000,0.0030,0.0026,0.0025,1.7269,1.7123,1.6697,2.2715,2.0297,1.8884,0.7067,0.7047,0.7017,0.0554,0.0449,0.0456
2560,2,5,38.6302,43.3526,37.0383,0.0000,0.0000,0.0000,0.0019,0.0023,0.0019,1.7321,1.7321,1.7063,2.6989,2.0332,1.8396,0.6877,0.6857,0.6808,0.0215,0.0250,0.0206
2560,2,6,39.3295,38.7984,43.7000,0.0000,0.0000,0.0000,0.0019,0.0020,0.0023,1.7604,1.7025,1.7111,1.9528,2.0343,1.8845,0.6159,0.6132,0.6114,0.0466,0.0461,0.0534
2560,2,7,37.6182,39.6252,38.9777,0.0000,0.0000,0.0000,0.0020,0.0020,0.0013,1.5633,1.5870,1.5272,1.4497,1.7649,1.7995,0.6302,0.6272,0.6242,0.1095,0.1151,0.1146
2560,2,8,31.5102,38.0269,39.8349,0.0000,0.0000,0.0000,0.0011,0.0013,0.0013,1.3728,1.3203,1.3520,1.3807,1.4121,1.6183,0.6586,0.6571,0.6548,0.1041,0.1353,0.1427
2560,2,9,30.2432,31.9193,38.3082,0.0000,0.0000,0.0000,0.0010,0.0011,0.0013,1.2140,1.2379,1.1913,1.3757,1.2320,1.3075,0.5200,0.5181,0.5142,0.0803,0.0774,0.0944
2560,2,10,47.9393,30.4843,32.2644,0.0000,0.0000,0.0000,0.0017,0.0010,0.0011,1.0604,1.0470,1.0514,1.3941,1.0475,0.9524,0.3614,0.3604,0.3582,0.1194,0.0898,0.0808
2560,2,11,51.1215,47.9236,30.7060,0.0000,0.0000,0.0000,0.0028,0.0025,0.0015,0.9395,0.9294,0.9104,1.0134,1.1336,0.8687,0.3141,0.3156,0.3141,0.1332,0.1488,0.1089
2560,2,12,42.5102,51.1083,47.8287,0.0000,0.0000,0.0000,0.0020,0.0028,0.0025,0.9329,0.9197,0.9089,1.5685,1.1097,1.1860,0.2864,0.2864,0.2857,0.1185,0.1130,0.1169
2560,2,13,39.8229,42.0825,50.9177,0.0000,0.0000,0.0000,0.0020,0.0027,0.0028,0.9777,1.0028,0.9901,1.3911,1.6381,1.4038,0.2730,0.2723,0.2708,0.0427,0.0404,0.0469
2560,2,14,48.4721,39.6833,41.7440,0.0000,0.0000,0.0000,0.0034,0.0027,0.0027,1.1449,1.1499,1.1785,1.9848,1.5912,1.7986,0.3152,0.3135,0.3143,0.0116,0.0107,0.0108
2560,2,15,29.9303,47.7224,39.3747,0.0000,0.0000,0.0000,0.0026,0.0042,0.0034,1.1787,1.2203,1.2376,1.5484,2.2798,1.8543,0.3415,0.3424,0.3406,0.0184,0.0213,0.0193
2560,2,16,33.8647,29.9000,47.0350,0.0000,0.0000,0.0000,0.0040,0.0035,0.0055,1.3410,1.2585,1.3009,1.7531,1.5883,2.2869,0.3570,0.3570,0.3570,0.0311,0.0300,0.0345
2560,2,17,37.4648,33.7126,29.8725,0.0000,0.0000,0.0000,0.0053,0.0046,0.0040,1.4773,1.5275,1.4483,2.3340,1.9635,1.7810,0.3459,0.3451,0.3433,0.0205,0.0151,0.0144
2560,2,18,48.9709,36.4807,33.1987,0.0000,0.0000,0.0000,0.0082,0.0059,0.0052,2.3677,2.2390,2.2863,4.7486,3.6153,3.1621,0.3998,0.3972,0.3972,0.0039,0.0033,0.0024
2560,2,19,44.6598,45.6946,34.8982,0.0000,0.0000,0.0000,0.0086,0.0088,0.0064,3.8290,3.8175,3.6325,7.7215,7.6611,5.8300,0.6174,0.6155,0.6117,0.0050,0.0045,0.0040
2560,2,20,27.4467,40.7870,41.8284,0.0000,0.0000,0.0000,0.0059,0.0091,0.0093,4.6314,4.9809,4.9794,5.8807,9.4936,9.4968,0.7299,0.7270,0.7242,0.0190,0.0312,0.0278
2560,2,21,33.8283,26.6923,37.2578,0.0000,0.0000,0.0000,0.0090,0.0065,0.0092,5.0144,4.8752,5.1669,7.8507,6.2156,9.2166,0.6442,0.6406,0.6339,0.0464,0.0519,0.0714
2560,2,22,31.1841,31.9124,25.9341,0.0000,0.0000,0.0000,0.0082,0.0085,0.0062,4.5121,4.5183,4.4557,7.8002,6.9968,5.7281,0.5933,0.5900,0.5850,0.1372,0.0912,0.0867
2560,2,23,38.9737,29.6204,30.7236,0.0000,0.0000,0.0000,0.0108,0.0076,0.0080,4.0752,4.1766,4.1996,8.5122,6.2248,5.9258,0.6120,0.6087,0.6021,0.2142,0.1529,0.1371
2560,2,24,21.8296,36.8877,29.2212,0.0000,0.0000,0.0000,0.0052,0.0099,0.0073,3.9591,4.0326,4.1383,3.6333,6.5341,5.0221,0.6355,0.6317,0.6250,0.1370,0.2416,0.1834
2560,2,25,35.0280,23.0991,36.1614,0.0000,0.0000,0.0000,0.0102,0.0062,0.0107,4.0481,3.9426,4.0000,4.5367,3.1647,5.1424,0.6489,0.6455,0.6390,0.1980,0.1491,0.2372
2560,2,26,31.8321,35.4311,24.4231,0.0000,0.0000,0.0000,0.0092,0.0101,0.0065,3.8725,3.8134,3.7138,3.6031,3.9368,2.9011,0.6718,0.6671,0.6615,0.1570,0.1668,0.1300
2560,2,27,41.3020,32.5419,35.8097,0.0000,0.0000,0.0000,0.0121,0.0093,0.0101,3.9677,3.5428,3.4898,4.2487,3.4185,3.6648,0.7170,0.7120,0.7047,0.1706,0.1441,0.1469
2560,2,28,30.5983,41.6077,33.1548,0.0000,0.0000,0.0000,0.0091,0.0133,0.0104,3.4989,3.3975,3.0409,2.5685,3.7227,3.0642,0.8110,0.8053,0.7963,0.1200,0.1718,0.1482
2560,2,29,46.6388,32.2257,42.3817,0.0000,0.0000,0.0000,0.0160,0.0104,0.0136,3.2432,3.0646,2.9587,3.2284,2.1122,2.8239,0.8322,0.8268,0.8182,0.1917,0.1249,0.1593
2560,2,30,49.1669,47.4044,33.7368,0.0000,0.0000,0.0000,0.0175,0.0165,0.0112,3.1223,3.0150,2.8591,3.4951,2.8636,1.9976,0.8043,0.7998,0.7920,0.2595,0.1591,0.1150
2560,2,31,60.9919,49.2924,47.9498,0.0000,0.0000,0.0000,0.0227,0.0183,0.0176,3.0999,2.9957,2.8987,3.7398,3.4694,2.9767,0.7942,0.7905,0.7816,0.1464,0.1693,0.1203
2560,2,32,48.8285,60.6537,49.0873,0.0000,0.0000,0.0000,0.0186,0.0238,0.0183,2.5706,2.6037,2.5207,3.3675,3.5444,3.3189,0.7975,0.7934,0.7853,0.1601,0.1653,0.1588
2560,2,33,53.7388,48.6775,60.3296,0.0000,0.0000,0.0000,0.0219,0.0195,0.0248,2.2951,2.2989,2.3281,3.3017,3.1607,3.3368,0.8902,0.8860,0.8775,0.1520,0.1438,0.1565
2560,2,34,37.3701,53.5260,48.6059,0.0000,0.0000,0.0000,0.0155,0.0223,0.0207,2.1730,2.2330,2.2438,2.6102,3.2160,3.0547,0.9139,0.9120,0.9025,0.1092,0.1255,0.1222
2560,2,35,52.2070,37.7507,53.3551,0.0000,0.0000,0.0000,0.0228,0.0157,0.0231,2.1926,2.2224,2.2783,2.6982,2.5467,3.1248,0.8180,0.8161,0.8077,0.0718,0.1032,0.1041
2560,2,36,28.4576,52.2361,37.9975,0.0000,0.0000,0.0000,0.0119,0.0239,0.0164,2.1090,2.2102,2.2419,2.2061,2.7481,2.5542,0.6752,0.6743,0.6675,0.0979,0.0667,0.0944
2560,2,37,45.5691,28.8700,52.1645,0.0000,0.0000,0.0000,0.0213,0.0134,0.0252,1.9227,2.0007,2.0773,2.8644,2.0729,2.6288,0.5808,0.5792,0.5745,0.0834,0.0714,0.0523
2560,2,38,42.8163,45.1519,29.1688,0.0000,0.0000,0.0000,0.0213,0.0230,0.0145,1.6130,1.6229,1.6918,2.1640,2.4189,1.7497,0.4257,0.4244,0.4213,0.0393,0.0468,0.0418
2560,2,39,42.3769,42.4165,44.5913,0.0000,0.0000,0.0000,0.0230,0.0226,0.0236,1.2017,1.2550,1.2651,2.0115,1.8623,2.0368,0.2863,0.2849,0.2830,0.0718,0.0564,0.0646
2560,2,40,28.1134,41.8496,42.0647,0.0000,0.0000,0.0000,0.0161,0.0236,0.0232,1.1076,1.0864,1.1391,1.1444,1.7111,1.6154,0.2493,0.2475,0.2462,0.0781,0.1210,0.0985
2560,2,41,39.1529,28.2543,41.4208,0.0000,0.0000,0.0000,0.0230,0.0160,0.0242,1.0913,1.0629,1.0494,2.0085,1.1137,1.6230,0.2916,0.2911,0.2894,0.1836,0.0738,0.1095
2560,2,42,40.4227,38.1074,28.1831,0.0000,0.0000,0.0000,0.0272,0.0255,0.0186,0.9735,0.9747,0.9554,1.7519,2.1603,1.2436,0.2995,0.2995,0.2970,0.0674,0.1183,0.0506
2560,2,43,30.7651,39.7959,37.1271,0.0000,0.0000,0.0000,0.0213,0.0269,0.0255,0.8430,0.8523,0.8533,1.2950,1.6775,1.9905,0.2807,0.2794,0.2774,0.0408,0.0494,0.0844
2560,2,44,35.7627,30.6925,39.4194,0.0000,0.0000,0.0000,0.0274,0.0232,0.0298,0.6691,0.7066,0.7113,1.1552,1.0325,1.3226,0.3040,0.3039,0.3006,0.0297,0.0277,0.0338
2560,2,45,39.7336,35.6850,30.7636,0.0000,0.0000,0.0000,0.0344,0.0307,0.0250,0.7074,0.6692,0.7074,1.1783,0.9586,0.8556,0.2925,0.2893,0.2854,0.0640,0.0491,0.0452
2560,2,46,39.9823,39.4543,35.5636,0.0000,0.0000,0.0000,0.0392,0.0371,0.0338,0.8223,0.8015,0.7597,1.0006,1.1857,1.0103,0.2660,0.2643,0.2613,0.0609,0.1317,0.0994
2560,2,47,40.6296,39.8934,39.0989,0.0000,0.0000,0.0000,0.0430,0.0422,0.0403,0.9289,0.8771,0.8475,1.3034,1.0878,1.2317,0.2361,0.2336,0.2332,0.2002,0.0642,0.1732
2560,2,48,58.9804,40.3235,39.9020,0.0000,0.0000,0.0000,0.0703,0.0468,0.0466,1.1521,1.1098,1.0391,2.0387,1.3872,1.1379,0.2198,0.2212,0.2204,0.2984,0.2183,0.0610
2560,2,49,48.7696,58.0575,40.1732,0.0000,0.0000,0.0000,0.0652,0.0752,0.0509,1.5993,1.5668,1.5154,1.8101,2.3455,1.6132,0.1921,0.1908,0.1890,0.1677,0.2760,0.2065
2560,2,50,44.6465,48.2765,56.7906,0.0000,0.0000,0.0000,0.0639,0.0678,0.0773,1.6614,1.6068,1.5954,1.9971,2.0801,2.7626,0.1427,0.1428,0.1412,0.1216,0.1166,0.1876
2560,2,51,45.1161,44.0618,47.5791,0.0000,0.0000,0.0000,0.0734,0.0693,0.0744,1.3803,1.4586,1.4072,2.2730,2.0617,2.1145,0.1080,0.1074,0.1062,0.0529,0.0488,0.0471
2560,2,52,47.6128,44.3605,43.5337,0.0000,0.0000,0.0000,0.0839,0.0771,0.0736,1.1926,1.1446,1.2056,1.6082,1.9425,1.7821,0.1006,0.1010,0.0994,0.0041,0.0061,0.0057
2560,2,53,39.2744,47.4408,44.0087,0.0000,0.0000,0.0000,0.0731,0.0887,0.0792,1.0587,1.0886,1.0513,0.8432,1.3160,1.4723,0.1301,0.1279,0.1270,0.0000,0.0000,0.0000
2560,2,54,57.7971,39.6451,47.5379,0.0000,0.0000,0.0000,0.1238,0.0820,0.0975,1.0946,1.0452,1.0663,1.3460,0.7592,1.0534,0.1658,0.1640,0.1656,0.0000,0.0000,0.0000
2560,2,55,72.9444,57.9363,40.2459,0.0000,0.0000,0.0000,0.1684,0.1314,0.0903,1.2130,1.1375,1.0912,1.3092,1.0612,0.5932,0.1879,0.1896,0.1899,0.0000,0.0000,0.0000
2560,2,56,41.7009,73.0561,58.1962,0.0000,0.0000,0.0000,0.1114,0.1932,0.1514,1.3107,1.3334,1.2457,0.6479,1.1937,0.9796,0.1512,0.1507,0.1490,0.0052,0.0083,0.0072
2560,2,57,51.3890,42.2310,72.9067,0.0000,0.0000,0.0000,0.1504,0.1205,0.2062,1.3956,1.3760,1.4019,0.9094,0.7803,1.3972,0.0775,0.0768,0.0759,0.0325,0.0258,0.0406
2560,2,58,54.7992,51.3573,42.3945,0.0000,0.0000,0.0000,0.1828,0.1688,0.1363,1.2977,1.2924,1.2743,1.2909,1.1389,0.9685,0.0494,0.0489,0.0479,0.0742,0.0692,0.0579
2560,2,59,34.7934,54.1755,50.9081,0.0000,0.0000,0.0000,0.1256,0.1949,0.1802,0.9354,0.9967,0.9836,0.9726,1.3583,1.2022,0.0456,0.0462,0.0451,0.0948,0.1166,0.0993
2560,2,60,46.4783,34.4170,53.4203,0.0000,0.0000,0.0000,0.1949,0.1398,0.2152,0.6645,0.6741,0.7198,0.9285,0.8117,1.1480,0.0427,0.0422,0.0416,0.1049,0.1471,0.1607
2560,2,61,41.8052,46.1724,34.2616,0.0000,0.0000,0.0000,0.1931,0.2130,0.1515,0.6480,0.6606,0.6734,0.6180,0.6960,0.5693,0.0366,0.0376,0.0371,0.0703,0.0967,0.1519
2560,2,62,52.5834,41.6926,45.9600,0.0000,0.0000,0.0000,0.2569,0.2021,0.2213,0.7021,0.6757,0.6851,0.7843,0.5838,0.6537,0.0428,0.0428,0.0434,0.1313,0.0457,0.0708
2560,2,63,61.4830,52.1085,41.5508,0.0000,0.0000,0.0000,0.3459,0.2896,0.2262,0.7917,0.7872,0.7484,0.9533,0.8845,0.6542,0.0381,0.0381,0.0375,0.0498,0.1365,0.0480
2560,2,64,51.4998,60.8465,51.4994,0.0000,0.0000,0.0000,0.3187,0.3708,0.3077,0.8260,0.8452,0.8338,0.9498,1.0791,1.0262,0.0231,0.0227,0.0227,0.0841,0.0540,0.1408
2560,2,65,58.3121,50.9930,60.1812,0.0000,0.0000,0.0000,0.4072,0.3511,0.4069,1.0252,0.9969,1.0210,1.2556,1.1052,1.2533,0.0244,0.0247,0.0242,0.0765,0.0749,0.0518
2560,2,66,49.6221,57.6773,50.5332,0.0000,0.0000,0.0000,0.3734,0.4320,0.3723,1.0305,0.9694,0.9492,0.9895,1.1322,0.9986,0.0434,0.0427,0.0423,0.0870,0.0849,0.0813
2560,2,67,43.7334,49.3663,57.2063,0.0000,0.0000,0.0000,0.3583,0.3987,0.4592,0.8586,0.9269,0.8715,0.7396,0.7714,0.8740,0.0433,0.0418,0.0409,0.0706,0.0539,0.0520
2560,2,68,39.8727,43.4422,49.0824,0.0000,0.0000,0.0000,0.3635,0.3915,0.4365,0.7462,0.7611,0.8156,0.5057,0.6289,0.6413,0.0185,0.0178,0.0178,0.0249,0.0488,0.0389
2560,2,69,50.3363,39.4346,42.8548,0.0000,0.0000,0.0000,0.5075,0.3906,0.4199,0.4913,0.4800,0.4864,0.6200,0.5021,0.6022,0.0041,0.0039,0.0037,0.0298,0.0304,0.0551
2560,2,70,48.0544,49.4095,38.7777,0.0000,0.0000,0.0000,0.5432,0.5493,0.4262,0.3920,0.3913,0.3807,0.7630,0.7513,0.5959,0.0000,0.0000,0.0000,0.0293,0.0151,0.0155
2560,2,71,58.7964,47.2078,48.5241,0.0000,0.0000,0.0000,0.7404,0.5845,0.5917,0.5002,0.5094,0.5094,0.9533,0.7644,0.7978,0.0000,0.0000,0.0000,0.0094,0.0070,0.0038
2560,2,72,44.4841,57.8699,46.6230,0.0000,0.0000,0.0000,0.6080,0.7882,0.6231,0.7183,0.6907,0.7060,0.6245,0.8299,0.6675,0.0000,0.0000,0.0000,0.0000,0.0000,0.0000
2560,2,73,37.6857,43.9982,57.0128,0.0000,0.0000,0.0000,0.5763,0.6625,0.8575,0.7102,0.7042,0.6735,0.4523,0.5247,0.6739,0.0000,0.0000,0.0000,0.0000,0.0000,0.0000
2560,2,74,47.3558,37.1996,43.3416,0.0000,0.0000,0.0000,0.7982,0.6222,0.7142,0.6739,0.6163,0.6066,0.5186,0.4850,0.5471,0.0029,0.0030,0.0030,0.0000,0.0000,0.0000
2560,2,75,55.9073,46.5085,36.5427,0.0000,0.0000,0.0000,1.0548,0.8703,0.6762,0.5591,0.5721,0.5232,0.6157,0.5591,0.5180,0.0139,0.0139,0.0132,0.0000,0.0000,0.0000
2560,2,76,54.4927,54.4721,45.3694,0.0000,0.0000,0.0000,1.1539,1.1303,0.9333,0.4460,0.4309,0.4440,0.8251,0.7616,0.6715,0.0267,0.0262,0.0262,0.0001,0.0000,0.0001
2560,2,77,62.8205,52.7519,52.7466,0.0000,0.0000,0.0000,1.5081,1.2503,1.2265,0.3247,0.3397,0.3276,1.0254,0.8613,0.8569,0.0361,0.0343,0.0343,0.0000,0.0001,0.0000
2560,2,78,40.6662,60.6782,51.0486,0.0000,0.0000,0.0000,1.1088,1.6300,1.3541,0.2803,0.2857,0.2996,0.5481,0.8315,0.6858,0.0417,0.0383,0.0383,0.0000,0.0000,0.0000
2560,2,79,47.4420,39.4693,58.7168,0.0000,0.0000,0.0000,1.4530,1.1939,1.7498,0.3637,0.3668,0.3743,0.4920,0.3969,0.6028,0.0216,0.0192,0.0192,0.0000,0.0000,0.0000
2514,1,0,67.3868,66.2061,64.9566,66.7995,65.6238,64.3849,0.1130,0.1099,0.1066,2.0297,1.9996,1.9692,1.8530,1.8195,1.7839,0.5293,0.5202,0.5030,0.0000,0.0000,0.0000
2514,1,1,75.6917,68.4664,67.2831,0.0000,0.0000,0.0000,0.0228,0.0209,0.0207,4.3267,4.1918,4.1333,4.4760,3.9202,3.8520,0.9157,0.9099,0.8991,0.0720,0.0634,0.0622
2514,1,2,73.8281,76.1254,69.2862,0.0000,0.0000,0.0000,0.0088,0.0089,0.0070,3.6314,3.7035,3.5868,3.7643,4.2491,3.7157,1.0990,1.0909,1.0805,0.1241,0.1283,0.1145
2514,1,3,71.6568,74.6273,76.5731,0.0000,0.0000,0.0000,0.0047,0.0050,0.0051,3.2324,3.0649,3.1410,3.7388,3.3848,3.8364,1.2761,1.2703,1.2671,0.1237,0.1276,0.1339
2514,1,4,80.2523,72.3220,75.3244,0.0000,0.0000,0.0000,0.0053,0.0047,0.0051,2.6062,2.7670,2.6347,3.3415,3.1730,3.0033,1.2299,1.2242,1.2177,0.1247,0.1167,0.1141
2514,1,5,80.8959,80.6658,73.0230,0.0000,0.0000,0.0000,0.0040,0.0040,0.0036,2.3681,2.2609,2.3927,2.3417,2.6740,2.5334,1.0434,1.0416,1.0361,0.1143,0.1407,0.1362
2514,1,6,71.1924,81.4025,80.9341,0.0000,0.0000,0.0000,0.0033,0.0040,0.0040,2.1016,2.0268,1.9409,2.4581,2.1947,2.3359,0.8952,0.8936,0.8870,0.2075,0.1525,0.1731
2514,1,7,85.8029,71.3654,81.7090,0.0000,0.0000,0.0000,0.0041,0.0033,0.0040,2.0061,1.9456,1.8773,2.8097,2.3279,2.2192,0.8440,0.8424,0.8391,0.2299,0.1832,0.1351
2514,1,8,85.7478,85.6892,71.6354,0.0000,0.0000,0.0000,0.0027,0.0027,0.0033,1.9056,1.9150,1.8602,2.8150,2.6744,2.2292,0.8973,0.8936,0.8881,0.2203,0.2046,0.1667
2514,1,9,75.3309,85.5422,85.6082,0.0000,0.0000,0.0000,0.0025,0.0027,0.0027,1.8704,1.8484,1.8525,2.1099,2.5980,2.4712,0.8366,0.8366,0.8349,0.1996,0.2535,0.2451
2514,1,10,67.1407,75.4462,85.2237,0.0000,0.0000,0.0000,0.0021,0.0025,0.0027,1.7774,1.7616,1.7462,2.0812,1.9763,2.3707,0.6916,0.6931,0.6901,0.2977,0.2918,0.3439
2514,1,11,75.9191,67.2663,75.5419,0.0000,0.0000,0.0000,0.0037,0.0032,0.0037,1.7972,1.6736,1.6720,2.1003,1.8493,1.8099,0.6166,0.6152,0.6139,0.3641,0.3273,0.3128
2514,1,12,87.7811,75.6983,67.2129,0.0000,0.0000,0.0000,0.0042,0.0037,0.0032,1.5532,1.5682,1.4523,2.1024,2.0704,1.8377,0.5875,0.5861,0.5848,0.2557,0.2750,0.2483
2514,1,13,76.1999,87.1796,75.1750,0.0000,0.0000,0.0000,0.0047,0.0056,0.0049,1.2574,1.2617,1.2779,2.3418,2.1852,2.0788,0.5310,0.5310,0.5323,0.2738,0.1941,0.2151
2514,1,14,82.7231,75.4862,86.6721,0.0000,0.0000,0.0000,0.0076,0.0059,0.0070,1.1381,1.1012,1.1097,1.8125,2.1537,1.9904,0.5598,0.5557,0.5581,0.1326,0.2161,0.1591
2514,1,15,85.7003,82.7797,75.0228,0.0000,0.0000,0.0000,0.0095,0.0090,0.0081,1.1664,1.1956,1.1407,1.9806,1.6407,2.0692,0.6615,0.6622,0.6618,0.1522,0.1121,0.1748
2514,1,16,93.6844,85.6946,83.1430,0.0000,0.0000,0.0000,0.0136,0.0123,0.0118,1.4967,1.4288,1.4580,2.4073,2.0570,1.7063,0.8082,0.8082,0.8070,0.2007,0.1635,0.1239
2514,1,17,82.4334,93.0420,85.3882,0.0000,0.0000,0.0000,0.0167,0.0199,0.0181,1.9495,2.0362,1.9618,3.0919,3.2952,2.8924,0.8086,0.8086,0.8046,0.1480,0.1500,0.1290
2514,1,18,88.8540,80.6924,90.9514,0.0000,0.0000,0.0000,0.0258,0.0242,0.0253,3.1097,3.0400,3.1808,5.7589,5.3044,5.8200,0.8031,0.8012,0.7978,0.1912,0.1745,0.1698
2514,1,19,83.1133,84.8701,77.5136,0.0000,0.0000,0.0000,0.0331,0.0348,0.0301,4.9647,5.1007,5.0275,9.2919,9.5339,8.7219,0.9131,0.9102,0.9108,0.2853,0.3004,0.2859
2514,1,20,73.1913,79.0314,80.7055,0.0000,0.0000,0.0000,0.0440,0.0477,0.0479,7.1235,7.0600,7.2468,10.5290,11.6429,11.9166,1.0393,1.0359,1.0275,0.3131,0.3751,0.3952
2514,1,21,79.9596,70.9258,75.6961,0.0000,0.0000,0.0000,0.0572,0.0491,0.0515,8.4899,8.1751,8.1564,13.2020,11.1971,12.1801,1.1042,1.1009,1.0907,0.3897,0.2936,0.3299
2514,1,22,75.9458,76.7359,69.1664,0.0000,0.0000,0.0000,0.0585,0.0598,0.0531,9.1267,8.5561,8.3094,12.0593,12.5158,10.8721,1.1060,1.1013,1.0886,0.3073,0.3719,0.2997
2514,1,23,86.1291,74.1905,74.2750,0.0000,0.0000,0.0000,0.0698,0.0600,0.0607,9.4027,8.4657,8.0129,14.5919,10.9165,11.0642,0.9742,0.9685,0.9597,0.6927,0.3983,0.4449
2514,1,24,64.4992,82.6804,73.3312,0.0000,0.0000,0.0000,0.0539,0.0676,0.0608,7.9555,8.5677,7.9363,8.0614,12.0936,9.3212,0.8781,0.8741,0.8657,0.4463,0.8568,0.5193
2514,1,25,73.9708,65.7944,80.8052,0.0000,0.0000,0.0000,0.0628,0.0554,0.0665,7.5585,7.8341,8.2885,8.4050,7.3256,10.5145,1.0855,1.0794,1.0682,0.5134,0.4368,0.7394
2514,1,26,81.4234,74.6840,67.5119,0.0000,0.0000,0.0000,0.0716,0.0652,0.0585,7.8454,7.4388,7.6472,9.1863,7.7797,6.9589,1.3227,1.3165,1.3030,0.5144,0.3871,0.3372
2514,1,27,80.8497,81.1855,75.3091,0.0000,0.0000,0.0000,0.0742,0.0723,0.0673,7.3449,7.2240,6.8781,7.5838,8.3803,7.3394,1.4043,1.3976,1.3826,0.3067,0.3811,0.3182
2514,1,28,80.2538,81.2865,80.8439,0.0000,0.0000,0.0000,0.0750,0.0753,0.0746,7.2492,6.5964,6.4557,6.8851,7.0557,7.5418,1.3338,1.3262,1.3110,0.3678,0.3737,0.4238
2514,1,29,92.7470,81.1801,81.5767,0.0000,0.0000,0.0000,0.0864,0.0743,0.0736,6.8014,6.6379,6.0850,6.8766,6.4094,6.5009,1.3001,1.2929,1.2792,0.4931,0.4813,0.4850
2514,1,30,101.3458,93.4341,81.9824,0.0000,0.0000,0.0000,0.0945,0.0868,0.0733,6.8501,6.5983,6.4544,7.0419,6.5652,6.2135,1.2571,1.2499,1.2355,0.6410,0.5596,0.5370
2514,1,31,115.7592,101.9719,94.2801,0.0000,0.0000,0.0000,0.1092,0.0946,0.0854,6.9158,6.6577,6.4045,6.7292,6.5460,6.1584,1.2026,1.1945,1.1833,0.5516,0.5585,0.5011
2514,1,32,104.7355,116.2833,102.5741,0.0000,0.0000,0.0000,0.0964,0.1076,0.0932,6.1786,6.1315,5.9339,5.8294,6.0052,5.6925,0.9922,0.9866,0.9759,0.4713,0.4707,0.4758
2514,1,33,112.1417,104.9429,116.2080,0.0000,0.0000,0.0000,0.1035,0.0952,0.1058,5.1825,5.3321,5.2878,6.1949,5.3650,5.6189,0.8088,0.8053,0.7964,0.5011,0.4187,0.4173
2514,1,34,84.9453,110.8001,104.4910,0.0000,0.0000,0.0000,0.0796,0.1058,0.0973,4.5436,4.5019,4.6463,4.9087,6.0081,5.3355,0.8028,0.8001,0.7961,0.4328,0.4819,0.4075
2514,1,35,90.2856,84.2614,108.9194,0.0000,0.0000,0.0000,0.0860,0.0781,0.1026,3.7191,3.9479,3.9218,4.7829,4.9138,5.9643,0.9123,0.9122,0.9086,0.4680,0.5441,0.5993
2514,1,36,83.4998,89.2999,83.3052,0.0000,0.0000,0.0000,0.0792,0.0858,0.0761,3.3229,3.4011,3.6048,5.0974,4.7382,4.8433,0.9213,0.9206,0.9140,0.5806,0.4648,0.5375
2514,1,37,80.8814,82.5649,88.7762,0.0000,0.0000,0.0000,0.0773,0.0781,0.0850,3.1255,3.1845,3.2617,3.6976,4.4004,4.1620,0.8850,0.8821,0.8767,0.3371,0.5112,0.3964
2514,1,38,81.6809,81.4849,82.5866,0.0000,0.0000,0.0000,0.0810,0.0794,0.0797,3.1436,3.3275,3.3966,3.7692,3.1981,3.6842,0.8565,0.8543,0.8476,0.4706,0.2974,0.4430
2514,1,39,79.1622,82.0838,82.5808,0.0000,0.0000,0.0000,0.0794,0.0809,0.0800,3.1988,3.1467,3.3151,2.5564,3.1022,2.6934,0.8257,0.8221,0.8154,0.2454,0.3808,0.2600
2514,1,40,77.0133,79.9664,82.3127,0.0000,0.0000,0.0000,0.0797,0.0826,0.0826,2.8888,2.8082,2.7601,2.2780,2.3755,2.7875,0.6709,0.6664,0.6606,0.2214,0.2255,0.3092
2514,1,41,78.8012,77.5960,80.3508,0.0000,0.0000,0.0000,0.0868,0.0831,0.0860,2.5654,2.6620,2.5778,2.9156,2.3614,2.4489,0.5918,0.5876,0.5834,0.3450,0.2377,0.2426
2514,1,42,84.9326,78.6666,78.0857,0.0000,0.0000,0.0000,0.0960,0.0875,0.0843,2.5996,2.5339,2.6142,2.8128,2.7961,2.3577,0.5977,0.5941,0.5905,0.3436,0.3681,0.2750
2514,1,43,69.7480,85.2336,78.9546,0.0000,0.0000,0.0000,0.0848,0.1026,0.0918,2.4212,2.5600,2.4928,2.0634,2.5276,2.4847,0.6536,0.6516,0.6463,0.2260,0.2665,0.2742
2514,1,44,69.3840,70.0851,85.1724,0.0000,0.0000,0.0000,0.0939,0.0938,0.1107,2.0922,2.0476,2.1705,2.0622,2.1075,2.5377,0.6036,0.6036,0.5956,0.1414,0.1507,0.1729
2514,1,45,84.9554,69.4728,70.1112,0.0000,0.0000,0.0000,0.1188,0.0962,0.0943,1.7942,1.9197,1.8753,2.0938,2.0745,2.1143,0.4847,0.4831,0.4773,0.0824,0.1275,0.1365
2514,1,46,73.0195,84.7750,69.4507,0.0000,0.0000,0.0000,0.1109,0.1281,0.1026,2.0091,1.8785,1.9929,2.1174,2.2088,2.1236,0.4446,0.4421,0.4399,0.2051,0.1406,0.2107
2514,1,47,89.9974,72.9163,84.4825,0.0000,0.0000,0.0000,0.1517,0.1190,0.1369,2.0658,1.9196,1.8067,2.1541,2.0282,2.1435,0.3971,0.3971,0.3951,0.1566,0.2699,0.1948
2514,1,48,87.5215,90.0154,72.8606,0.0000,0.0000,0.0000,0.1651,0.1657,0.1308,2.0149,1.9930,1.8719,2.3285,2.0025,1.8781,0.4009,0.3998,0.3953,0.3910,0.2015,0.3069
2514,1,49,99.6046,87.3471,90.1339,0.0000,0.0000,0.0000,0.2100,0.1826,0.1839,2.0101,2.0493,1.9993,2.2733,2.0892,1.8721,0.3701,0.3690,0.3675,0.2979,0.3166,0.1880
2514,1,50,105.9421,99.5961,87.5815,0.0000,0.0000,0.0000,0.2472,0.2281,0.1960,2.0515,1.9570,2.0008,2.0110,1.8990,1.7195,0.3209,0.3185,0.3178,0.1760,0.1665,0.1720
2514,1,51,86.5201,105.9356,99.6435,0.0000,0.0000,0.0000,0.2267,0.2722,0.2455,1.8181,1.7965,1.7145,1.3487,1.7237,1.6256,0.3056,0.3043,0.3001,0.0633,0.1196,0.1131
2514,1,52,109.8096,86.9985,105.9142,0.0000,0.0000,0.0000,0.2976,0.2322,0.2802,1.7871,1.7434,1.7291,1.7806,1.2883,1.6399,0.2857,0.2849,0.2822,0.1606,0.0701,0.1211
2514,1,53,105.1482,109.6197,87.5011,0.0000,0.0000,0.0000,0.3319,0.3400,0.2701,1.9180,1.9609,1.8999,1.6571,1.9344,1.3726,0.2942,0.2888,0.2874,0.0941,0.1496,0.0773
2514,1,54,132.5889,105.2669,109.4011,0.0000,0.0000,0.0000,0.4701,0.3635,0.3713,1.9041,1.8495,1.8891,1.9482,1.5140,1.7832,0.2720,0.2679,0.2678,0.1795,0.1370,0.2072
2514,1,55,106.8840,132.1420,105.2799,0.0000,0.0000,0.0000,0.4010,0.4887,0.3833,1.7287,1.6272,1.5702,1.5108,1.6974,1.3315,0.2852,0.2835,0.2845,0.2300,0.1950,0.1446
2514,1,56,128.7778,106.8770,131.7510,0.0000,0.0000,0.0000,0.5485,0.4461,0.5403,1.8405,1.8186,1.7097,1.6964,1.5207,1.7388,0.2892,0.2870,0.2834,0.1321,0.1591,0.1343
2514,1,57,118.2379,128.8088,107.1288,0.0000,0.0000,0.0000,0.5496,0.5898,0.4776,2.1152,2.1015,2.0835,1.4900,1.6358,1.4646,0.2537,0.2530,0.2495,0.1073,0.1212,0.1455
2514,1,58,108.3820,118.4520,128.8389,0.0000,0.0000,0.0000,0.5410,0.5827,0.6238,1.9744,2.0126,1.9954,1.2417,1.3717,1.5041,0.2899,0.2856,0.2848,0.1226,0.1410,0.1510
2514,1,59,124.7968,108.7534,118.6676,0.0000,0.0000,0.0000,0.7089,0.6038,0.6510,1.7992,1.9095,1.9476,1.3643,1.1243,1.2351,0.2976,0.2960,0.2927,0.2120,0.1287,0.1532
2514,1,60,109.2312,124.7463,109.2514,0.0000,0.0000,0.0000,0.6700,0.7535,0.6371,1.9517,1.9776,2.0959,1.1369,1.3062,1.0955,0.2446,0.2446,0.2429,0.1811,0.1995,0.1323
2514,1,61,104.2018,109.4359,124.6521,0.0000,0.0000,0.0000,0.7091,0.7387,0.8219,2.1905,2.2120,2.2394,1.2851,1.3122,1.5026,0.2194,0.2165,0.2165,0.2096,0.2037,0.2193
2514,1,62,118.5333,104.0498,109.2756,0.0000,0.0000,0.0000,0.8940,0.7595,0.7914,2.2108,2.2048,2.2059,1.7908,1.5801,1.6164,0.2376,0.2340,0.2326,0.2816,0.2456,0.2345
2514,1,63,113.1273,117.5590,103.4031,0.0000,0.0000,0.0000,0.9461,0.9655,0.8249,1.9886,2.0777,2.0485,1.9475,2.0659,1.8233,0.2654,0.2639,0.2639,0.2721,0.3430,0.3096
2514,1,64,104.2320,112.1519,116.5015,0.0000,0.0000,0.0000,0.9728,1.0194,1.0432,2.1130,2.0936,2.1873,1.8933,2.0352,2.1367,0.2429,0.2411,0.2391,0.3000,0.3056,0.3693
2514,1,65,136.2004,103.5249,111.2342,0.0000,0.0000,0.0000,1.4301,1.0558,1.1113,2.3111,2.2848,2.2871,2.5431,1.9159,2.0585,0.2367,0.2348,0.2311,0.4160,0.2942,0.3108
2514,1,66,98.2993,134.3021,102.6900,0.0000,0.0000,0.0000,1.1264,1.5134,1.1294,2.2004,2.2935,2.2631,1.7895,2.5039,1.8983,0.1466,0.1426,0.1442,0.1373,0.3438,0.2406
2514,1,67,118.5371,97.6278,132.4880,0.0000,0.0000,0.0000,1.4995,1.2084,1.6112,2.1519,2.1574,2.2444,2.0074,1.6069,2.2767,0.0681,0.0670,0.0689,0.1834,0.0916,0.2545
2514,1,68,126.3585,117.2389,97.1103,0.0000,0.0000,0.0000,1.7199,1.5514,1.2545,2.1995,2.1252,2.1473,1.8709,1.7046,1.3562,0.0505,0.0505,0.0505,0.3038,0.2232,0.1197
2514,1,69,119.5135,124.7464,115.9652,0.0000,0.0000,0.0000,1.8044,1.8401,1.6642,2.2213,2.2015,2.1138,1.5897,1.6406,1.4803,0.0419,0.0411,0.0411,0.3460,0.3732,0.2823
2514,1,70,106.5888,117.9325,123.0483,0.0000,0.0000,0.0000,1.7940,1.9369,1.9842,2.1587,2.2821,2.2587,1.6049,1.7445,1.7927,0.0467,0.0464,0.0449,0.2224,0.2180,0.2271
2514,1,71,106.2188,104.8173,115.9400,0.0000,0.0000,0.0000,1.9542,1.8834,2.0326,2.0195,2.0141,2.1193,1.7641,1.8222,1.9790,0.0679,0.0658,0.0637,0.1403,0.1472,0.1533
2514,1,72,100.1402,104.0638,102.6925,0.0000,0.0000,0.0000,2.0533,2.0849,2.0135,1.6680,1.6481,1.6487,1.4822,1.6870,1.7347,0.1160,0.1114,0.1091,0.1131,0.1339,0.1312
2514,1,73,108.3784,98.0802,101.7393,0.0000,0.0000,0.0000,2.4500,2.1602,2.1865,1.4749,1.4117,1.3643,1.6400,1.3508,1.4851,0.1376,0.1382,0.1332,0.1667,0.1181,0.1362
2514,1,74,106.9869,105.4962,95.7492,0.0000,0.0000,0.0000,2.7563,2.6624,2.3472,1.2800,1.2868,1.2511,1.4520,1.4453,1.2220,0.0999,0.0984,0.0970,0.1672,0.1789,0.1249
2514,1,75,101.9383,103.8658,102.4535,0.0000,0.0000,0.0000,2.9300,2.9082,2.8092,1.2396,1.2492,1.2349,1.2982,1.3558,1.3548,0.0566,0.0563,0.0532,0.1234,0.1550,0.1664
2514,1,76,115.9472,98.7870,100.6728,0.0000,0.0000,0.0000,3.7285,3.1116,3.0925,1.1378,1.1198,1.1259,1.3952,1.1194,1.1799,0.0228,0.0228,0.0228,0.0906,0.0606,0.0784
2514,1,77,96.5242,111.7122,95.4240,0.0000,0.0000,0.0000,3.5323,3.9989,3.3453,0.8751,0.9482,0.9264,0.8084,1.1438,0.9171,0.0033,0.0033,0.0033,0.0156,0.0455,0.0297
2514,1,78,99.8140,92.8330,107.3499,0.0000,0.0000,0.0000,4.1637,3.7749,4.2717,0.7451,0.7670,0.8154,0.7232,0.6527,0.8280,0.0000,0.0000,0.0000,0.0432,0.0286,0.0774
2514,1,79,125.7589,95.4259,88.9252,0.0000,0.0000,0.0000,5.9169,4.3622,3.9748,0.6945,0.6990,0.7256,0.8797,0.6635,0.6162,0.0000,0.0000,0.0000,0.1304,0.0638,0.0414
2514,2,0,63.9392,62.8244,61.6457,63.1351,62.0240,60.8527,0.1026,0.0996,0.0976,2.3145,2.2802,2.2463,1.9487,1.9134,1.8761,0.5388,0.5331,0.5217,0.0059,0.0059,0.0059
2514,2,1,69.6215,64.6718,63.5563,0.0000,0.0000,0.0000,0.0223,0.0198,0.0196,3.5587,3.4566,3.4057,3.9239,3.7343,3.6710,1.1010,1.0928,1.0825,0.0541,0.0531,0.0527
2514,2,2,72.9191,69.7019,64.8634,0.0000,0.0000,0.0000,0.0078,0.0074,0.0070,2.9192,2.9527,2.8750,5.0443,3.8660,3.6923,1.1074,1.1002,1.0872,0.0594,0.0546,0.0531
2514,2,3,74.0987,72.4309,69.7812,0.0000,0.0000,0.0000,0.0053,0.0052,0.0049,2.7990,2.7282,2.7519,3.6616,4.0946,3.5454,1.0087,1.0031,0.9957,0.0775,0.0789,0.0731
2514,2,4,64.4040,74.2559,72.3892,0.0000,0.0000,0.0000,0.0044,0.0053,0.0051,2.8043,2.7666,2.7044,3.0286,3.3535,3.4556,0.8606,0.8576,0.8531,0.0838,0.0949,0.0953
2514,2,5,70.1097,65.2514,74.7862,0.0000,0.0000,0.0000,0.0037,0.0033,0.0039,2.7145,2.7200,2.6803,2.3288,2.5504,2.8608,0.9018,0.8985,0.8901,0.1302,0.1169,0.1326
2514,2,6,58.1846,70.6644,65.6119,0.0000,0.0000,0.0000,0.0028,0.0037,0.0034,2.2013,2.1293,2.1424,2.6291,2.1872,2.3967,0.8832,0.8781,0.8746,0.1531,0.1961,0.1788
2514,2,7,80.1727,57.9425,70.7733,0.0000,0.0000,0.0000,0.0042,0.0028,0.0025,1.7386,1.7478,1.6833,3.0322,2.4671,2.0563,0.7410,0.7364,0.7349,0.2241,0.1719,0.1847
2514,2,8,62.1029,79.4059,57.7061,0.0000,0.0000,0.0000,0.0021,0.0028,0.0019,1.5807,1.5113,1.5281,1.9178,2.6404,2.1478,0.6510,0.6510,0.6481,0.1572,0.2338,0.1931
2514,2,9,72.0023,62.2507,78.9048,0.0000,0.0000,0.0000,0.0025,0.0022,0.0028,1.3838,1.4176,1.3631,2.6179,1.6476,2.1616,0.6158,0.6145,0.6103,0.3066,0.1839,0.2648
2514,2,10,70.6125,71.4807,62.5023,0.0000,0.0000,0.0000,0.0024,0.0025,0.0022,1.2189,1.2179,1.2291,2.0839,2.1016,1.4360,0.6580,0.6565,0.6534,0.2377,0.2372,0.1532
2514,2,11,66.0622,70.4720,71.2658,0.0000,0.0000,0.0000,0.0034,0.0036,0.0037,1.2608,1.2403,1.2427,1.7853,1.9563,1.9455,0.7220,0.7255,0.7220,0.1690,0.1879,0.1860
2514,2,12,80.4898,66.3842,70.6230,0.0000,0.0000,0.0000,0.0042,0.0035,0.0036,1.6417,1.6189,1.5988,1.7041,1.8299,1.9787,0.7156,0.7155,0.7136,0.1521,0.1914,0.2051
2514,2,13,67.2689,81.0047,66.8866,0.0000,0.0000,0.0000,0.0035,0.0056,0.0035,1.9177,1.9562,1.9321,2.0855,1.9485,1.9009,0.6875,0.6851,0.6813,0.2584,0.1600,0.2107
2514,2,14,83.1071,67.5977,81.3557,0.0000,0.0000,0.0000,0.0060,0.0047,0.0057,1.9098,1.9403,1.9485,2.2305,1.9918,2.0337,0.6117,0.6081,0.6080,0.1884,0.2251,0.1503
2514,2,15,71.2026,83.1039,67.8841,0.0000,0.0000,0.0000,0.0065,0.0075,0.0058,1.7799,1.8229,1.8602,1.9049,2.1768,1.8920,0.4986,0.4990,0.4959,0.1278,0.1291,0.1552
2514,2,16,77.7819,71.1672,82.8086,0.0000,0.0000,0.0000,0.0093,0.0084,0.0096,1.8707,1.7961,1.8323,2.3454,2.1273,2.4400,0.4346,0.4328,0.4328,0.0921,0.0813,0.0822
2514,2,17,76.9505,76.7902,70.4475,0.0000,0.0000,0.0000,0.0110,0.0107,0.0096,2.2517,2.2629,2.1850,3.6900,3.5773,3.2674,0.4478,0.4460,0.4432,0.0511,0.0389,0.0342
2514,2,18,85.3777,73.4552,73.3623,0.0000,0.0000,0.0000,0.0146,0.0122,0.0118,3.6232,3.4909,3.5385,8.7163,7.5245,7.4451,0.5468,0.5442,0.5450,0.0040,0.0042,0.0031
2514,2,19,67.3402,76.7018,66.7867,0.0000,0.0000,0.0000,0.0135,0.0154,0.0130,5.8270,5.8393,5.6105,13.1109,15.1424,12.9953,0.7219,0.7211,0.7188,0.0153,0.0197,0.0148
2514,2,20,49.3873,60.8219,68.1021,0.0000,0.0000,0.0000,0.0119,0.0150,0.0170,7.5059,7.9672,8.0214,11.9204,15.1885,17.3100,0.8778,0.8761,0.8746,0.0608,0.0849,0.1056
2514,2,21,72.7780,47.4461,56.6736,0.0000,0.0000,0.0000,0.0221,0.0122,0.0149,8.8382,8.7603,9.2035,18.9975,11.5872,14.1275,1.0685,1.0662,1.0601,0.2759,0.1746,0.2061
2514,2,22,52.6331,67.5938,47.3627,0.0000,0.0000,0.0000,0.0144,0.0195,0.0117,9.3833,9.4108,9.4049,11.6835,15.5530,10.4047,1.2005,1.1987,1.1948,0.2938,0.3674,0.2923
2514,2,23,56.1228,52.9345,65.3766,0.0000,0.0000,0.0000,0.0154,0.0140,0.0182,9.1201,9.3023,9.3428,10.8822,9.9739,12.5708,1.2762,1.2726,1.2627,0.4096,0.3472,0.3923
2514,2,24,59.2548,56.3399,53.9871,0.0000,0.0000,0.0000,0.0160,0.0152,0.0141,8.4098,8.5285,8.7065,9.9876,9.2167,8.6357,1.2829,1.2761,1.2641,0.4571,0.3989,0.3531
2514,2,25,57.8000,59.6123,57.3185,0.0000,0.0000,0.0000,0.0178,0.0182,0.0175,8.0363,7.8400,7.9415,7.3528,8.2674,7.8046,1.2684,1.2618,1.2498,0.2579,0.4567,0.4133
2514,2,26,53.9579,59.4958,60.4068,0.0000,0.0000,0.0000,0.0157,0.0181,0.0181,7.4348,7.3038,7.1188,6.3350,6.6286,7.0880,1.3202,1.3110,1.3000,0.5306,0.3286,0.4798
2514,2,27,74.3001,55.3726,60.7062,0.0000,0.0000,0.0000,0.0231,0.0163,0.0183,7.1326,6.4197,6.3076,7.6312,5.7684,5.9821,1.3254,1.3162,1.3027,0.6045,0.5638,0.4020
2514,2,28,77.2504,74.0845,56.0832,0.0000,0.0000,0.0000,0.0260,0.0255,0.0188,6.2096,5.9752,5.4015,7.4590,6.8992,5.3871,1.3940,1.3843,1.3692,0.8280,0.6660,0.6251
2514,2,29,75.2082,76.5175,73.7146,0.0000,0.0000,0.0000,0.0281,0.0283,0.0262,5.8640,5.5878,5.3489,6.3582,6.8478,6.3694,1.2741,1.2657,1.2530,0.5407,0.6652,0.5600
2514,2,30,70.7026,75.3616,76.0211,0.0000,0.0000,0.0000,0.0273,0.0289,0.0289,5.5469,5.3655,5.1273,5.5163,5.8358,6.1617,1.0406,1.0349,1.0252,0.3583,0.3636,0.4178
2514,2,31,70.2664,71.4420,75.6400,0.0000,0.0000,0.0000,0.0279,0.0289,0.0304,5.1689,5.0098,4.8501,4.5891,4.9231,5.1744,0.9163,0.9119,0.9014,0.2103,0.2255,0.2328
2514,2,32,75.2284,71.2393,71.9706,0.0000,0.0000,0.0000,0.0311,0.0297,0.0291,4.4802,4.5301,4.3881,4.8494,4.1647,4.4278,0.9291,0.9242,0.9145,0.3123,0.2861,0.2961
2514,2,33,88.1178,75.4551,72.1533,0.0000,0.0000,0.0000,0.0396,0.0325,0.0314,4.1345,4.1396,4.1922,4.4459,4.3236,3.7390,0.9248,0.9210,0.9129,0.4908,0.4596,0.4066
2514,2,34,88.1541,88.4585,75.7972,0.0000,0.0000,0.0000,0.0414,0.0401,0.0347,3.7854,3.9186,3.9304,3.9643,3.8879,3.8581,0.8331,0.8316,0.8244,0.4845,0.4880,0.4878
2514,2,35,78.1252,88.8381,89.3209,0.0000,0.0000,0.0000,0.0366,0.0415,0.0420,3.5018,3.5659,3.6975,2.7920,3.2737,3.2059,0.8055,0.8039,0.7978,0.3372,0.3837,0.3795
2514,2,36,85.8090,79.2889,89.6569,0.0000,0.0000,0.0000,0.0419,0.0390,0.0437,3.0750,3.2070,3.2660,2.7547,2.5325,2.9236,0.7964,0.7955,0.7895,0.2572,0.2421,0.2752
2514,2,37,64.8421,86.0525,79.8362,0.0000,0.0000,0.0000,0.0328,0.0452,0.0417,2.6054,2.7092,2.8058,2.3181,2.9232,2.7087,0.7441,0.7423,0.7368,0.1945,0.2301,0.2192
2514,2,38,66.0093,65.2760,85.8245,0.0000,0.0000,0.0000,0.0353,0.0357,0.0479,2.5106,2.5344,2.6320,3.0104,2.6695,3.3459,0.7365,0.7345,0.7296,0.1999,0.1568,0.1855
2514,2,39,56.3138,65.6613,65.3349,0.0000,0.0000,0.0000,0.0329,0.0376,0.0373,2.2235,2.3253,2.3470,2.5232,3.2468,2.9001,0.7607,0.7567,0.7521,0.1102,0.1528,0.1212
2514,2,40,71.4130,56.4913,65.2661,0.0000,0.0000,0.0000,0.0451,0.0344,0.0389,1.9067,1.8791,1.9757,3.1394,2.3836,3.0203,0.8075,0.8016,0.7971,0.1033,0.0796,0.1122
2514,2,41,61.8105,71.0647,56.7608,0.0000,0.0000,0.0000,0.0401,0.0448,0.0359,1.6462,1.6185,1.6084,2.4648,2.5904,2.0037,0.8227,0.8210,0.8162,0.1398,0.1303,0.1027
2514,2,42,61.4770,61.9407,71.0374,0.0000,0.0000,0.0000,0.0444,0.0444,0.0512,1.5714,1.5715,1.5450,1.6424,1.9177,2.0375,0.7278,0.7274,0.7209,0.1297,0.1904,0.1802
2514,2,43,83.1420,62.2244,62.4890,0.0000,0.0000,0.0000,0.0626,0.0447,0.0452,1.7289,1.7526,1.7527,1.9550,1.4415,1.5812,0.6265,0.6221,0.6166,0.1925,0.1343,0.1816
2514,2,44,65.9447,83.6668,63.2856,0.0000,0.0000,0.0000,0.0539,0.0683,0.0508,1.9201,2.0036,2.0345,1.3810,1.8247,1.3654,0.5609,0.5595,0.5533,0.1014,0.1459,0.1067
2514,2,45,77.8661,67.1118,84.4481,0.0000,0.0000,0.0000,0.0721,0.0620,0.0747,2.2668,2.1808,2.2582,1.7229,1.3399,1.7707,0.4648,0.4584,0.4510,0.0888,0.0709,0.0915
2514,2,46,89.7634,78.8260,68.3660,0.0000,0.0000,0.0000,0.0924,0.0793,0.0693,2.2711,2.2257,2.1348,1.7967,1.5948,1.1992,0.4451,0.4415,0.4359,0.0567,0.0503,0.0475
2514,2,47,96.9970,90.5061,79.7247,0.0000,0.0000,0.0000,0.1112,0.1003,0.0877,2.2656,2.1617,2.1006,1.5390,1.6878,1.5070,0.4200,0.4156,0.4148,0.0444,0.0444,0.0396
2514,2,48,82.9786,97.7698,91.0120,0.0000,0.0000,0.0000,0.1050,0.1230,0.1143,2.2509,2.1720,2.0336,1.5026,1.6244,1.7113,0.4293,0.4317,0.4299,0.1072,0.0978,0.1358
2514,2,49,101.4466,83.5976,98.1269,0.0000,0.0000,0.0000,0.1468,0.1158,0.1363,2.2309,2.1788,2.0997,1.9208,1.6839,1.8603,0.4489,0.4459,0.4418,0.2011,0.2216,0.2060
2514,2,50,106.7241,101.2752,83.7456,0.0000,0.0000,0.0000,0.1665,0.1542,0.1219,2.2138,2.1393,2.1234,2.4500,2.3014,1.9734,0.3305,0.3327,0.3294,0.2540,0.2271,0.2384
2514,2,51,87.9833,106.1759,100.8178,0.0000,0.0000,0.0000,0.1546,0.1808,0.1703,2.0236,2.1276,2.0505,2.0560,2.6069,2.4545,0.2583,0.2581,0.2555,0.1148,0.2103,0.1889
2514,2,52,107.4297,88.0687,105.8047,0.0000,0.0000,0.0000,0.2018,0.1665,0.1935,2.1357,2.0501,2.1643,2.7061,2.0439,2.5710,0.2800,0.2814,0.2767,0.1459,0.0637,0.1156
2514,2,53,104.8167,107.2102,88.4116,0.0000,0.0000,0.0000,0.2099,0.2134,0.1731,2.1553,2.2345,2.1476,2.4242,2.5626,1.9684,0.3746,0.3682,0.3656,0.0955,0.1186,0.0554
2514,2,54,114.6559,104.6509,106.9939,0.0000,0.0000,0.0000,0.2655,0.2341,0.2354,2.0817,1.9786,2.0383,2.4482,2.2167,2.3484,0.4180,0.4135,0.4175,0.1518,0.1353,0.1607
2514,2,55,107.7818,114.1514,104.3465,0.0000,0.0000,0.0000,0.2682,0.2820,0.2537,1.9857,1.8628,1.7752,2.1242,2.2384,2.0246,0.3672,0.3716,0.3735,0.2225,0.2373,0.2102
2514,2,56,115.4529,107.3064,113.4073,0.0000,0.0000,0.0000,0.3420,0.3073,0.3226,1.7364,1.7903,1.6814,1.9866,2.0100,2.1062,0.2480,0.2476,0.2452,0.2141,0.2465,0.2577
2514,2,57,119.7311,115.2033,107.1013,0.0000,0.0000,0.0000,0.3834,0.3621,0.3262,1.7427,1.7378,1.7987,1.6921,1.6667,1.7078,0.1888,0.1873,0.1851,0.1496,0.1594,0.1972
2514,2,58,108.2566,119.8599,115.3616,0.0000,0.0000,0.0000,0.3886,0.4260,0.4032,1.9386,1.8989,1.8813,1.3497,1.4160,1.3867,0.1853,0.1839,0.1798,0.1336,0.1260,0.1269
2514,2,59,90.1939,108.3098,119.6958,0.0000,0.0000,0.0000,0.3473,0.4165,0.4553,1.7375,1.8448,1.7964,1.2213,1.4205,1.5506,0.1614,0.1630,0.1589,0.1564,0.1297,0.1264
2514,2,60,107.4969,90.0719,107.9458,0.0000,0.0000,0.0000,0.4759,0.3895,0.4641,1.6824,1.6895,1.7966,1.7072,1.4150,1.7180,0.1234,0.1219,0.1202,0.1360,0.1508,0.1189
2514,2,61,102.3327,106.7633,89.7598,0.0000,0.0000,0.0000,0.5034,0.5253,0.4254,1.8759,1.9111,1.9278,1.9942,2.0761,1.7586,0.1267,0.1302,0.1284,0.1841,0.1864,0.2085
2514,2,62,114.2573,101.6611,106.0168,0.0000,0.0000,0.0000,0.6047,0.5238,0.5455,2.3405,2.2224,2.2611,2.4524,2.2720,2.3509,0.1370,0.1370,0.1390,0.1907,0.2460,0.2657
2514,2,63,108.4431,113.7924,101.2538,0.0000,0.0000,0.0000,0.6472,0.6822,0.5854,2.5213,2.5329,2.4108,2.2943,2.3019,2.1458,0.1524,0.1524,0.1500,0.2792,0.1919,0.2482
2514,2,64,86.4894,108.4626,113.8696,0.0000,0.0000,0.0000,0.5583,0.6964,0.7282,2.5176,2.5851,2.5789,1.4764,1.8237,1.8364,0.2266,0.2230,0.2230,0.2339,0.2512,0.1833
2514,2,65,112.1994,87.0843,108.6284,0.0000,0.0000,0.0000,0.7821,0.5933,0.7318,2.5056,2.4493,2.5084,1.5900,1.3071,1.6092,0.2371,0.2411,0.2368,0.1703,0.2019,0.2298
2514,2,66,131.2685,111.9319,87.2391,0.0000,0.0000,0.0000,0.9965,0.8406,0.6382,2.2691,2.1873,2.1462,1.9681,1.6513,1.3431,0.2188,0.2178,0.2142,0.2427,0.1832,0.2238
2514,2,67,108.2888,130.2397,111.3758,0.0000,0.0000,0.0000,0.8975,1.0672,0.9038,1.9503,2.0499,1.9745,1.6638,1.9200,1.6091,0.1630,0.1585,0.1595,0.2673,0.2461,0.1798
2514,2,68,117.0302,107.4873,129.0845,0.0000,0.0000,0.0000,1.0899,0.9814,1.1675,1.8206,1.8661,1.9662,1.7189,1.6390,1.9119,0.1464,0.1451,0.1451,0.1363,0.1946,0.1826
2514,2,69,100.3566,115.9534,106.6200,0.0000,0.0000,0.0000,1.0187,1.1650,1.0544,1.8916,1.8277,1.8551,1.5639,1.7950,1.6819,0.1588,0.1575,0.1522,0.1115,0.1031,0.1418
2514,2,70,97.1974,99.5093,114.6726,0.0000,0.0000,0.0000,1.1045,1.1122,1.2741,1.7494,1.7395,1.6982,1.4913,1.5243,1.7543,0.1866,0.1849,0.1832,0.1402,0.1370,0.1275
2514,2,71,104.5199,96.0184,98.2759,0.0000,0.0000,0.0000,1.3305,1.2043,1.2130,1.3614,1.3889,1.3856,1.4212,1.3018,1.3367,0.1388,0.1426,0.1416,0.2275,0.2057,0.2094
2514,2,72,119.4863,102.6246,94.4020,0.0000,0.0000,0.0000,1.6829,1.4298,1.2895,1.0888,1.0164,1.0355,1.5530,1.3077,1.2029,0.1137,0.1087,0.1131,0.4700,0.2859,0.2764
2514,2,73,128.8901,116.5233,100.3786,0.0000,0.0000,0.0000,2.0404,1.8137,1.5526,0.7798,0.7885,0.7295,1.5795,1.5533,1.2255,0.1222,0.1222,0.1222,0.4119,0.4989,0.3262
2514,2,74,122.0279,125.9466,113.7233,0.0000,0.0000,0.0000,2.1307,2.1705,1.9364,0.7486,0.6920,0.6856,1.2976,1.2856,1.2718,0.1002,0.1061,0.1061,0.3715,0.2948,0.3706
2514,2,75,101.7340,119.1887,123.0681,0.0000,0.0000,0.0000,1.9863,2.3082,2.3364,0.7677,0.7856,0.7260,1.0394,1.2438,1.2495,0.1020,0.1020,0.0972,0.1163,0.1606,0.1204
2514,2,76,125.6624,99.2753,116.1681,0.0000,0.0000,0.0000,2.7275,2.1255,2.4591,0.8322,0.8058,0.8254,1.4283,1.1367,1.3460,0.0600,0.0600,0.0600,0.0734,0.0671,0.0977
2514,2,77,111.0738,122.3374,96.8791,0.0000,0.0000,0.0000,2.7084,2.9618,2.3055,0.9927,1.0372,1.0063,1.1654,1.3076,1.0385,0.0379,0.0379,0.0379,0.0775,0.1232,0.1085
2514,2,78,99.3621,108.1160,118.9874,0.0000,0.0000,0.0000,2.7503,2.9544,3.2253,1.1263,1.1491,1.2101,0.9903,1.0827,1.2088,0.0360,0.0360,0.0360,0.0736,0.1012,0.1611
2514,2,79,86.3207,96.4583,104.8282,0.0000,0.0000,0.0000,2.7146,2.9788,3.1906,1.0824,1.1480,1.1420,0.9948,1.0655,1.1749,0.0210,0.0210,0.0210,0.0864,0.0642,0.0827
25,1,0,1190.8086,1167.4940,1143.4961,1186.8282,1163.3713,1139.2845,2.0070,1.9486,1.8867,16.6772,16.4920,16.3267,19.4918,19.1063,18.7080,9.3897,9.2680,9.0553,0.5416,0.5363,0.5295
25,1,1,1281.4297,1198.8746,1175.7904,0.0000,0.0000,0.0000,0.3920,0.3683,0.3650,31.7088,31.5125,31.1616,36.8434,34.9689,34.2998,15.2279,15.1422,14.9877,3.2716,3.2514,3.1880
25,1,2,1225.6488,1287.4690,1206.3287,0.0000,0.0000,0.0000,0.1443,0.1523,0.1229,27.4954,27.4718,27.3108,32.9895,32.6955,31.0972,15.2939,15.1855,15.0414,4.0069,3.7701,3.6781
25,1,3,1326.6091,1231.1720,1293.2125,0.0000,0.0000,0.0000,0.0874,0.0826,0.0871,23.7880,23.3520,23.3266,33.4667,28.9187,28.7320,15.3678,15.2964,15.2588,4.9926,4.1238,4.0230
25,1,4,1186.1811,1328.4372,1236.5315,0.0000,0.0000,0.0000,0.0775,0.0875,0.0828,20.9675,20.7237,20.3515,24.1552,28.4218,25.0496,14.2472,14.1866,14.1304,3.8010,4.5729,3.9901
25,1,5,1284.2434,1193.7677,1331.9863,0.0000,0.0000,0.0000,0.0629,0.0584,0.0658,19.0880,19.0169,18.7815,23.1790,21.1369,24.2480,13.7236,13.7021,13.6379,4.3262,3.9371,4.5566
25,1,6,1359.5796,1288.7684,1200.0843,0.0000,0.0000,0.0000,0.0642,0.0632,0.0587,17.2602,16.7428,16.6709,23.7018,20.7755,19.1709,13.1617,13.1231,13.0194,5.0763,4.5023,4.1442
25,1,7,1383.4311,1360.4691,1291.8528,0.0000,0.0000,0.0000,0.0664,0.0644,0.0634,15.0736,14.9768,14.5368,23.7250,21.5356,19.2707,12.4492,12.3964,12.3378,5.3002,4.8838,4.4561
25,1,8,1349.6217,1382.6779,1361.5374,0.0000,0.0000,0.0000,0.0435,0.0443,0.0645,13.4782,13.1909,13.0784,21.4630,21.3523,19.5935,11.8858,11.8163,11.7252,4.2358,4.3638,4.0771
25,1,9,1343.9855,1349.7633,1382.5491,0.0000,0.0000,0.0000,0.0437,0.0435,0.0444,12.3046,12.2821,12.0075,20.6478,19.5583,19.4239,11.1492,11.1194,11.0781,3.7770,3.6579,3.7460
25,1,10,1291.4050,1342.7888,1349.4990,0.0000,0.0000,0.0000,0.0420,0.0437,0.0436,11.3232,11.1240,11.1147,18.8963,19.1905,18.2948,10.5299,10.5243,10.4557,3.5097,3.6109,3.4963
25,1,11,1393.6206,1290.3242,1341.1266,0.0000,0.0000,0.0000,0.0682,0.0631,0.0656,10.4867,10.5458,10.3912,21.8788,18.2386,18.5182,10.2251,10.1776,10.1300,4.1443,3.5026,3.5996
25,1,12,1339.0667,1388.3702,1288.8084,0.0000,0.0000,0.0000,0.0627,0.0681,0.0631,10.6355,10.2345,10.3091,21.5484,21.4696,18.2668,9.7025,9.6567,9.6195,3.6601,3.6040,3.1143
25,1,13,1336.9493,1335.6415,1384.6088,0.0000,0.0000,0.0000,0.0862,0.0835,0.0907,9.9636,10.3076,9.9215,20.4997,20.2207,20.2035,9.4722,9.4573,9.4632,2.9008,2.8859,2.8518
25,1,14,1376.6729,1333.8627,1333.1155,0.0000,0.0000,0.0000,0.1279,0.1076,0.1043,8.1860,8.1720,8.4485,19.8858,18.7236,18.4875,10.1692,10.0886,10.1202,2.6686,2.5159,2.5028
25,1,15,1357.5322,1371.8999,1330.1907,0.0000,0.0000,0.0000,0.1509,0.1495,0.1429,5.0510,5.1242,5.0829,18.0345,18.3541,17.3323,11.1770,11.1894,11.1830,2.5104,2.5830,2.4626
25,1,16,1408.5796,1355.2553,1369.3043,0.0000,0.0000,0.0000,0.2048,0.1952,0.1932,5.1058,5.1823,5.2497,20.0542,18.2399,18.5380,13.2070,13.2070,13.1917,2.4742,2.2310,2.3055
25,1,17,1336.3368,1417.0878,1365.9762,0.0000,0.0000,0.0000,0.2690,0.2973,0.2844,20.6141,21.2534,21.5071,23.3740,24.7129,22.8635,14.1093,14.1093,14.0372,1.7437,1.8444,1.6755
25,1,18,1391.1321,1377.9095,1458.6446,0.0000,0.0000,0.0000,0.3817,0.3927,0.3844,72.9197,72.8730,75.4876,44.3275,43.8424,46.3210,14.9255,14.8926,14.8361,2.0039,1.9577,2.0614
25,1,19,1395.8004,1475.5197,1463.0443,0.0000,0.0000,0.0000,0.4998,0.5437,0.5141,153.7309,156.6738,156.5587,82.3117,85.5688,84.7441,16.8551,16.8149,16.8379,2.9740,2.9887,3.0037
25,1,20,1520.4507,1488.4756,1566.3961,0.0000,0.0000,0.0000,0.8100,0.7747,0.8062,198.8777,203.3434,207.2661,128.3102,124.6113,130.0774,18.8324,18.7950,18.6728,4.1391,4.0772,4.1790
25,1,21,1672.4833,1572.2804,1548.0608,0.0000,0.0000,0.0000,1.0795,0.9837,0.9367,190.6981,196.1741,200.4103,173.7118,158.4259,154.8714,19.7791,19.7622,19.6426,5.2027,4.6970,4.6595
25,1,22,1747.5593,1666.3187,1584.2015,0.0000,0.0000,0.0000,1.2654,1.2043,1.1348,170.9591,166.1237,170.5602,203.4719,187.0044,173.6428,21.1209,21.0891,20.9125,5.7834,5.1688,4.7741
25,1,23,1810.1508,1700.6306,1630.4568,0.0000,0.0000,0.0000,1.4090,1.3213,1.2669,152.1140,143.8552,139.8089,240.7662,206.4014,191.8028,23.2120,23.1078,22.9289,8.0000,6.1690,5.5299
25,1,24,1600.8155,1722.3495,1636.9535,0.0000,0.0000,0.0000,1.3372,1.3833,1.3394,122.5177,129.7055,123.0206,201.9081,232.7319,203.6619,26.0239,25.9193,25.6858,7.4807,9.3110,7.3823
25,1,25,1462.6454,1540.7496,1639.9880,0.0000,0.0000,0.0000,1.2393,1.3142,1.3464,105.0280,108.9726,115.0751,173.5288,188.2376,214.4803,29.1686,29.0061,28.7081,7.7831,8.4929,10.3180
25,1,26,1537.4943,1424.0822,1492.3663,0.0000,0.0000,0.0000,1.3633,1.2436,1.3112,98.5348,95.6719,99.2853,170.0290,155.2311,167.5775,31.0488,30.9013,30.5816,9.6969,8.6616,9.3614
25,1,27,1500.0096,1501.5125,1397.7869,0.0000,0.0000,0.0000,1.3534,1.3326,1.2390,95.1084,89.0966,86.5826,142.8261,145.2486,133.7661,31.6865,31.5339,31.1967,9.6055,10.0311,9.0695
25,1,28,1688.7621,1483.8382,1477.9163,0.0000,0.0000,0.0000,1.5733,1.3404,1.3444,89.4893,84.7563,79.4509,136.0291,120.3760,121.7946,31.1276,30.9518,30.6002,11.2523,10.1633,10.5084
25,1,29,1692.2110,1670.5095,1474.4464,0.0000,0.0000,0.0000,1.5356,1.5105,1.2910,81.9918,79.1867,75.0640,112.7100,113.8893,101.7927,29.5248,29.3604,29.0473,11.0600,11.3997,10.4196
25,1,30,1803.7732,1682.6446,1657.1878,0.0000,0.0000,0.0000,1.6278,1.5183,1.4591,75.4003,72.6722,70.3135,103.7378,97.0407,97.8762,27.2471,27.0915,26.7778,11.5085,10.7710,11.0776
25,1,31,1845.2026,1793.4398,1675.8779,0.0000,0.0000,0.0000,1.6881,1.6123,1.4763,68.8531,67.8059,65.4245,92.1641,90.5610,85.1252,25.4480,25.2771,25.0408,11.2464,11.2431,10.6304
25,1,32,1856.6297,1837.2682,1785.8139,0.0000,0.0000,0.0000,1.6723,1.6450,1.5710,63.3917,62.8498,61.9180,84.5991,81.9502,80.5513,23.9760,23.8392,23.5827,11.4667,11.0283,11.0044
25,1,33,1783.8115,1847.7674,1830.3066,0.0000,0.0000,0.0000,1.6000,1.6304,1.6057,54.4938,57.4446,56.9899,75.8320,75.6087,73.4206,22.0701,21.9650,21.7131,11.3205,11.0328,10.6383
25,1,34,1785.8250,1774.7309,1841.4394,0.0000,0.0000,0.0000,1.6551,1.6359,1.6545,49.6555,50.6517,53.3365,69.9696,67.3589,67.3820,20.3154,20.2111,20.0360,11.5213,10.9488,10.6640
25,1,35,1652.9870,1775.4559,1767.8152,0.0000,0.0000,0.0000,1.5088,1.6110,1.5960,43.8127,46.4465,47.3342,60.3273,62.8250,60.6593,19.2480,19.1567,19.0184,11.2377,11.5363,11.0131
25,1,36,1551.6621,1644.1175,1766.2774,0.0000,0.0000,0.0000,1.4179,1.5145,1.5702,40.4556,40.8332,43.2373,55.1244,55.0933,57.2807,17.7767,17.7241,17.5381,11.0278,10.8189,11.1028
25,1,37,1515.0023,1542.7087,1635.3671,0.0000,0.0000,0.0000,1.3893,1.4107,1.5075,36.0321,36.6738,37.0203,48.7217,49.8928,50.0052,16.2705,16.2036,16.0876,10.1893,10.5272,10.3458
25,1,38,1397.3450,1507.9631,1534.9155,0.0000,0.0000,0.0000,1.3560,1.4279,1.4488,30.8231,32.1286,32.6899,39.6021,43.2844,44.2187,14.7680,14.7332,14.6196,8.2879,9.1885,9.4353
25,1,39,1445.3001,1393.7221,1501.4967,0.0000,0.0000,0.0000,1.4201,1.3534,1.4229,26.8369,27.7836,28.9351,36.7778,35.8547,38.9548,13.4079,13.3547,13.2532,7.7466,7.5531,8.2771
25,1,40,1456.3883,1440.0139,1390.2180,0.0000,0.0000,0.0000,1.4930,1.4484,1.3725,24.7526,24.6536,25.5242,33.0305,33.4078,32.6596,12.3806,12.3001,12.1972,7.2213,7.3837,7.1935
25,1,41,1392.9518,1451.4453,1434.5303,0.0000,0.0000,0.0000,1.5074,1.5335,1.4883,21.4912,22.3554,22.2750,28.8120,30.1415,30.4384,11.7973,11.7160,11.6347,7.0172,7.3394,7.4667
25,1,42,1448.4920,1388.2024,1445.8643,0.0000,0.0000,0.0000,1.5941,1.5144,1.5398,19.9031,19.1830,19.9393,29.2429,26.6212,27.8323,11.1017,11.0361,10.9705,7.6759,6.8330,7.1188
25,1,43,1295.8231,1441.0817,1383.1767,0.0000,0.0000,0.0000,1.5420,1.6954,1.5853,17.7647,18.5781,17.9167,24.6149,27.7187,25.4478,10.3807,10.3473,10.2691,6.1654,6.9216,6.1783
25,1,44,1356.7798,1291.6119,1433.8753,0.0000,0.0000,0.0000,1.7914,1.6886,1.8198,16.4685,17.0801,17.8525,26.0678,23.5838,26.4384,9.7629,9.7629,9.6346,6.5923,5.7818,6.4352
25,1,45,1243.6947,1350.6713,1288.9003,0.0000,0.0000,0.0000,1.6851,1.8128,1.6839,16.4421,16.3682,16.9680,20.1263,23.6289,21.5404,8.9469,8.9169,8.8076,4.8829,5.9519,5.2631
25,1,46,1374.7856,1242.1291,1344.9302,0.0000,0.0000,0.0000,2.0344,1.8190,1.9252,15.6343,15.6107,15.5395,21.1618,18.4529,21.4769,7.7860,7.7292,7.6853,5.4386,4.6337,5.5638
25,1,47,1457.4262,1369.7717,1240.3747,0.0000,0.0000,0.0000,2.3782,2.1761,1.9422,15.3706,15.0566,15.0369,21.3566,19.9851,17.5665,7.0332,7.0087,6.9661,5.2427,4.9180,4.2487
25,1,48,1484.4411,1450.5156,1364.2879,0.0000,0.0000,0.0000,2.7347,2.5962,2.3911,15.2502,14.7287,14.4348,19.1435,20.4246,19.1688,6.5632,6.5122,6.4262,4.4941,5.1306,4.7850
25,1,49,1438.5153,1479.7711,1443.7524,0.0000,0.0000,0.0000,2.9665,3.0265,2.8598,14.7783,15.2468,14.7311,17.4833,18.5821,19.6285,6.2135,6.1856,6.1458,4.0267,4.4939,5.1519
25,1,50,1549.9998,1435.2660,1475.4909,0.0000,0.0000,0.0000,3.5245,3.2251,3.2504,14.9364,14.7172,15.1760,17.7434,16.3781,17.3657,5.7003,5.6608,5.6493,4.3690,4.0242,4.4895
25,1,51,1571.7728,1545.6459,1432.5518,0.0000,0.0000,0.0000,4.0170,3.8711,3.4660,14.2707,14.4895,14.2713,16.6142,16.2394,15.0283,5.5152,5.5040,5.4463,4.3819,4.2368,3.9375
25,1,52,1627.2917,1566.6022,1541.1861,0.0000,0.0000,0.0000,4.3242,4.0734,3.9739,13.2247,13.5365,13.7366,16.5258,15.7746,15.4474,5.2360,5.2244,5.1759,4.3191,4.0835,3.9510
25,1,53,1566.3122,1619.2604,1559.9701,0.0000,0.0000,0.0000,4.8824,4.9293,4.7034,12.0550,12.2279,12.5269,15.3717,15.7572,15.0731,4.7550,4.6713,4.6408,4.2437,4.2440,4.0234
25,1,54,1642.8546,1557.2938,1609.9326,0.0000,0.0000,0.0000,5.7113,5.3100,5.3657,11.9695,11.5547,11.7219,15.4230,15.1152,15.5009,4.0778,4.0160,4.0031,4.0582,4.1639,4.1862
25,1,55,1807.0899,1634.1945,1548.7907,0.0000,0.0000,0.0000,6.6777,5.9247,5.5680,12.6805,12.1303,11.6907,17.1005,14.9011,14.5973,3.8017,3.7734,3.7777,4.6141,3.7381,3.8061
25,1,56,1775.9996,1796.1670,1626.1665,0.0000,0.0000,0.0000,7.4383,7.3891,6.5361,12.9287,12.8630,12.2621,14.4447,15.5372,13.6086,3.3859,3.3589,3.3155,3.4321,4.2185,3.4609
25,1,57,1822.7611,1767.1498,1785.7100,0.0000,0.0000,0.0000,8.3803,7.9676,7.8652,12.6730,12.6710,12.5993,13.7446,13.0671,13.9598,3.0403,3.0308,2.9877,3.8274,3.5169,4.2190
25,1,58,1739.5936,1812.4506,1758.2028,0.0000,0.0000,0.0000,8.6916,8.8175,8.3881,12.0870,12.2080,12.2047,12.2464,12.8778,12.2549,3.1523,3.1046,3.0923,3.7078,3.9278,3.6009
25,1,59,1649.2442,1729.2090,1801.1285,0.0000,0.0000,0.0000,9.3362,9.6160,9.7829,10.6884,11.4250,11.5472,11.4225,11.6371,12.2259,3.0809,3.0661,3.0325,3.7664,3.6224,3.8930
25,1,60,1609.6982,1638.2398,1718.4681,0.0000,0.0000,0.0000,9.8307,9.8789,10.0544,9.8546,10.3443,11.0290,10.8325,10.9700,11.2344,2.8672,2.8672,2.8517,3.3604,3.3668,3.3330
25,1,61,1576.6627,1597.4363,1626.2630,0.0000,0.0000,0.0000,10.8578,10.7447,10.7125,9.4972,9.9079,10.3933,10.6437,10.9121,11.0650,2.5843,2.5512,2.5512,2.9174,3.0642,3.1438
25,1,62,1580.4164,1563.1745,1584.0592,0.0000,0.0000,0.0000,11.9036,11.5185,11.4096,9.5866,9.6661,10.1003,11.1845,10.8416,11.1041,2.3156,2.2793,2.2662,3.3976,3.0734,3.2298
25,1,63,1634.1916,1564.8447,1548.7553,0.0000,0.0000,0.0000,13.6819,12.7947,12.4227,10.2120,10.4179,10.4846,11.4304,11.5436,11.2177,2.2482,2.2365,2.2365,3.1562,3.8879,3.4998
25,1,64,1625.8974,1617.2851,1548.3135,0.0000,0.0000,0.0000,15.1647,14.7163,13.8085,10.5575,10.7773,11.0383,12.0773,11.8742,11.8668,2.1917,2.1788,2.1591,3.6097,3.2722,4.0533
25,1,65,1597.5795,1607.9092,1600.3531,0.0000,0.0000,0.0000,15.6779,15.4075,14.9932,11.0705,10.9535,11.1849,12.3759,12.3323,12.1577,2.1529,2.1345,2.1012,3.5900,3.3364,3.0673
25,1,66,1550.8734,1578.8694,1589.5668,0.0000,0.0000,0.0000,16.7157,16.6222,16.4145,11.0989,11.1659,11.0486,11.3349,11.6850,11.6444,1.8002,1.7512,1.7681,2.9751,3.3199,3.1002
25,1,67,1556.3167,1532.4387,1559.9974,0.0000,0.0000,0.0000,18.5114,17.8362,17.7449,9.9758,10.3537,10.4320,10.2569,10.0993,10.4335,1.7024,1.6680,1.6852,2.5932,2.5210,2.8109
25,1,68,1606.1169,1535.9164,1513.2902,0.0000,0.0000,0.0000,20.5013,19.1539,18.4359,8.9428,9.0223,9.3743,10.1918,9.5459,9.4091,1.6660,1.6498,1.6336,2.7988,2.3728,2.3113
25,1,69,1649.3856,1581.4804,1513.7309,0.0000,0.0000,0.0000,23.4734,21.9100,20.5077,7.8103,7.8591,7.9376,9.9656,9.5891,8.9588,1.6176,1.5674,1.5538,2.6033,2.5638,2.2102
25,1,70,1506.8202,1621.8440,1555.8526,0.0000,0.0000,0.0000,23.8659,25.1130,23.5642,6.7585,6.8129,6.8303,8.1362,8.9893,8.6632,1.4211,1.3942,1.3432,1.3574,1.6463,1.5739
25,1,71,1515.5534,1479.9989,1592.7475,0.0000,0.0000,0.0000,26.2231,24.9797,26.2699,5.6713,5.8412,5.8785,7.9016,7.6894,8.4560,1.2706,1.2326,1.2022,1.2639,1.2259,1.4514
25,1,72,1537.5829,1484.9097,1450.9732,0.0000,0.0000,0.0000,29.6314,27.9397,26.6931,5.1120,4.8594,5.0060,7.8357,7.5423,7.3477,1.1051,1.0717,1.0550,1.1670,1.0926,1.0457
25,1,73,1575.0871,1504.1443,1453.3246,0.0000,0.0000,0.0000,33.2937,31.1001,29.3083,4.9907,4.9193,4.6792,7.4038,7.0829,6.8175,0.8804,0.8837,0.8515,1.0865,1.0587,0.9900
25,1,74,1559.6626,1537.1599,1468.8958,0.0000,0.0000,0.0000,37.6222,36.1942,33.7402,5.2903,5.1433,5.0718,6.5510,6.4457,6.1724,0.7420,0.7265,0.7110,1.1965,1.1570,1.1186
25,1,75,1517.3928,1518.8428,1497.7777,0.0000,0.0000,0.0000,40.7675,39.8210,38.3146,5.3454,5.2553,5.1161,5.4725,5.4908,5.4061,0.5924,0.5767,0.5464,1.3048,1.3399,1.3239
25,1,76,1494.1649,1473.0875,1475.3406,0.0000,0.0000,0.0000,44.9506,43.3972,42.4437,5.0247,5.0544,4.9708,5.1720,5.1702,5.1895,0.4831,0.4689,0.4548,1.2201,1.2613,1.2947
25,1,77,1341.7025,1443.8629,1424.4205,0.0000,0.0000,0.0000,46.0290,48.4072,46.7391,4.1982,4.2790,4.3052,4.9681,5.4591,5.4665,0.3627,0.3514,0.3400,0.8613,1.0661,1.1067
25,1,78,1266.3353,1290.3058,1389.1937,0.0000,0.0000,0.0000,49.4572,49.2060,51.8728,3.1588,3.2126,3.2675,4.7665,4.8259,5.2878,0.2040,0.1990,0.1939,0.8037,0.7762,0.9701
25,1,79,1204.8870,1212.3055,1236.3498,0.0000,0.0000,0.0000,52.7632,51.8599,51.8023,2.3579,2.5421,2.5914,4.0141,4.0170,4.0790,0.1122,0.1113,0.1113,0.8057,0.8064,0.7774
25,2,0,1123.9558,1101.9584,1079.2752,1121.7227,1099.5549,1076.7815,1.8227,1.7659,1.7262,13.7063,13.5537,13.4174,18.0235,17.6671,17.2987,8.9096,8.8146,8.6269,0.5075,0.5026,0.4964
25,2,1,1175.3057,1127.6723,1105.9281,0.0000,0.0000,0.0000,0.3771,0.3473,0.3443,27.4181,27.0357,26.7352,36.0213,34.3781,33.7255,14.1032,14.0030,13.8695,2.8171,2.5968,2.5652
25,2,2,1172.1203,1178.5006,1131.8325,0.0000,0.0000,0.0000,0.1259,0.1253,0.1223,25.0332,25.2370,24.8925,34.2956,32.5753,31.2605,13.7587,13.6736,13.5215,3.2501,3.0152,2.8711
25,2,3,1194.3126,1175.3737,1183.1732,0.0000,0.0000,0.0000,0.0838,0.0839,0.0835,22.7147,22.4210,22.5798,30.9446,28.9618,27.7870,13.6686,13.5911,13.4907,4.0423,3.7130,3.5273
25,2,4,1224.7114,1197.0004,1179.2668,0.0000,0.0000,0.0000,0.0849,0.0839,0.0840,20.6580,20.2847,20.0131,25.4403,25.9252,24.5967,12.4486,12.4088,12.3491,3.8701,3.9965,3.7885
25,2,5,1223.7274,1228.2791,1199.8945,0.0000,0.0000,0.0000,0.0631,0.0638,0.0631,18.2543,18.1349,17.8082,24.0971,22.3423,22.5453,11.9082,11.8686,11.7696,4.2750,4.0297,4.0754
25,2,6,1268.3917,1224.9907,1230.7326,0.0000,0.0000,0.0000,0.0636,0.0633,0.0640,16.1737,15.6939,15.5737,21.9938,21.6699,20.4659,11.7022,11.6421,11.6021,4.4270,4.3396,4.1925
25,2,7,1235.8860,1269.4494,1226.0222,0.0000,0.0000,0.0000,0.0637,0.0637,0.0423,14.4084,14.4042,13.9850,22.4990,20.4882,20.1634,11.4906,11.4282,11.3884,4.4502,4.2229,4.1363
25,2,8,1301.4426,1235.6092,1270.9632,0.0000,0.0000,0.0000,0.0443,0.0426,0.0425,13.6479,13.2409,13.1995,23.0361,20.6516,18.9420,11.2259,11.2092,11.1660,4.3508,4.0329,3.8671
25,2,9,1276.2774,1299.0557,1235.0541,0.0000,0.0000,0.0000,0.0443,0.0443,0.0426,11.5412,11.5549,11.2027,20.6544,21.1457,19.1315,10.8333,10.7980,10.7193,3.3983,3.5498,3.3029
25,2,10,1234.4774,1273.7928,1296.0554,0.0000,0.0000,0.0000,0.0421,0.0443,0.0443,10.1016,9.8065,9.8322,21.2072,19.0577,19.4384,9.5989,9.5683,9.5070,2.9738,2.7574,2.8567
25,2,11,1281.2740,1230.9479,1271.8682,0.0000,0.0000,0.0000,0.0663,0.0632,0.0664,9.3984,9.5301,9.2972,20.3369,19.4227,17.7625,9.0417,9.0765,9.0228,2.7629,2.6505,2.4157
25,2,12,1286.8145,1278.0125,1228.6879,0.0000,0.0000,0.0000,0.0646,0.0663,0.0631,10.1275,9.8253,9.9530,19.3817,19.1843,18.3923,8.8295,8.8243,8.7927,2.6965,2.6605,2.5502
25,2,13,1282.9012,1284.5844,1275.6662,0.0000,0.0000,0.0000,0.0653,0.0861,0.0662,10.0996,10.2959,9.9942,20.6682,18.4010,18.2238,8.6402,8.6074,8.5589,3.1050,2.6461,2.6094
25,2,14,1233.6998,1278.9802,1283.1047,0.0000,0.0000,0.0000,0.0865,0.0870,0.0860,9.2046,9.3134,9.4914,17.5666,18.9634,17.0972,8.8500,8.7994,8.8076,2.7018,2.9835,2.5956
25,2,15,1194.2860,1230.8668,1274.7206,0.0000,0.0000,0.0000,0.1060,0.1080,0.1086,7.2538,7.3671,7.4436,16.0926,16.2841,17.4851,8.6428,8.6572,8.6063,2.4120,2.4653,2.7158
25,2,16,1290.0406,1191.5818,1228.0365,0.0000,0.0000,0.0000,0.1531,0.1400,0.1420,6.9567,6.9593,7.0628,17.4644,16.3311,16.5379,8.8854,8.8710,8.8710,2.1840,2.0633,2.0841
25,2,17,1243.7536,1288.0573,1191.3556,0.0000,0.0000,0.0000,0.1750,0.1755,0.1604,15.2583,15.7178,15.7697,25.9669,24.3698,22.7628,8.9056,8.8765,8.8260,2.2683,2.0322,1.8986
25,2,18,1306.7837,1243.5329,1290.0889,0.0000,0.0000,0.0000,0.2106,0.1966,0.1978,45.4373,46.1023,47.5825,54.3371,53.7915,53.2469,10.2153,10.1606,10.1694,2.3211,2.4956,2.2757
25,2,19,1295.4091,1305.8512,1246.8123,0.0000,0.0000,0.0000,0.2337,0.2342,0.2186,96.1258,97.1655,98.4034,109.7416,107.5489,104.3134,14.1048,14.0838,14.0317,4.8462,4.3988,4.6236
25,2,20,1204.9047,1286.2633,1299.7058,0.0000,0.0000,0.0000,0.2364,0.2450,0.2461,130.1363,134.1552,135.7214,141.4200,152.7034,151.7017,16.4218,16.3968,16.3718,5.9969,6.7493,6.2907
25,2,21,1249.1032,1194.6646,1268.2556,0.0000,0.0000,0.0000,0.2897,0.2596,0.2676,130.1864,136.6127,140.7934,166.0917,157.2150,168.3793,17.3877,17.3504,17.2534,7.0893,6.7284,7.4078
25,2,22,1193.3813,1221.2174,1179.7263,0.0000,0.0000,0.0000,0.2764,0.2828,0.2565,122.0525,122.8032,128.7198,159.6725,162.6476,155.7967,19.2700,19.2359,19.1687,6.9923,6.9946,6.7736
25,2,23,1127.6282,1169.6165,1195.1491,0.0000,0.0000,0.0000,0.2604,0.2697,0.2753,112.6163,114.3382,115.0196,149.0161,152.4213,155.2070,21.6046,21.5417,21.3706,7.3161,6.9538,6.9763
25,2,24,1076.2469,1106.3273,1146.4323,0.0000,0.0000,0.0000,0.2461,0.2546,0.2631,104.8202,104.7602,106.4133,137.8706,142.0878,145.6666,23.8588,23.7324,23.5104,7.3156,7.4512,7.1782
25,2,25,1136.8956,1064.6657,1091.0022,0.0000,0.0000,0.0000,0.2964,0.2777,0.2861,96.7010,95.9461,95.9298,134.2154,125.3052,128.6511,25.5972,25.4645,25.2192,7.8908,7.4089,7.5368
25,2,26,1117.1958,1126.0448,1060.1314,0.0000,0.0000,0.0000,0.2944,0.2894,0.2729,89.6835,85.8963,85.2425,113.6076,114.6998,107.9454,26.3489,26.1667,25.9513,7.9346,7.9245,7.5099
25,2,27,1301.7373,1116.0003,1120.9673,0.0000,0.0000,0.0000,0.3471,0.2915,0.2852,81.5751,76.6631,73.4975,110.3259,95.1539,95.6584,25.9030,25.7245,25.4635,9.0678,8.1378,8.0951
25,2,28,1336.5670,1296.3127,1118.5563,0.0000,0.0000,0.0000,0.3849,0.3805,0.3247,74.3171,68.8887,64.8080,93.1269,90.7728,79.2912,25.8649,25.6848,25.4045,9.1030,8.8447,8.0408
25,2,29,1428.7151,1339.7876,1296.8440,0.0000,0.0000,0.0000,0.4555,0.4185,0.3900,67.3670,65.1330,60.4197,82.5059,77.9481,75.9124,25.0097,24.8442,24.5931,8.7003,8.3900,8.1791
25,2,30,1515.0227,1435.1050,1347.8986,0.0000,0.0000,0.0000,0.5027,0.4665,0.4300,62.9981,60.8080,58.8309,73.1317,69.7665,66.1715,24.3587,24.2242,23.9947,8.6996,8.4092,8.1132
25,2,31,1592.8252,1522.7554,1443.7315,0.0000,0.0000,0.0000,0.5462,0.5271,0.4906,56.3236,55.5515,53.6669,64.5283,62.0332,59.3290,23.0983,22.9914,22.7314,8.5223,8.2497,7.9522
25,2,32,1545.2772,1598.5984,1530.0078,0.0000,0.0000,0.0000,0.5443,0.5724,0.5283,49.2322,48.7555,48.1228,55.9532,55.9392,53.8927,21.7591,21.6520,21.4377,8.2166,8.1225,7.8872
25,2,33,1579.8131,1551.6649,1604.3281,0.0000,0.0000,0.0000,0.5927,0.5701,0.5993,41.7954,44.0797,43.6367,50.4360,50.0704,50.1276,20.5714,20.4951,20.3277,7.5250,7.5467,7.5078
25,2,34,1522.9641,1585.3131,1559.3788,0.0000,0.0000,0.0000,0.5959,0.6047,0.6078,38.1484,39.1836,41.2545,46.2219,45.1339,44.8136,19.2808,19.2445,19.0787,7.6473,7.1896,7.1978
25,2,35,1466.8305,1527.1327,1591.3972,0.0000,0.0000,0.0000,0.5757,0.5962,0.6327,34.3889,36.0235,36.9839,41.0848,41.4000,40.6744,17.7474,17.7109,17.5630,7.6453,7.5696,7.1556
25,2,36,1408.7384,1468.1943,1529.4766,0.0000,0.0000,0.0000,0.5720,0.6023,0.6233,30.3583,31.1859,32.6458,35.5739,38.1024,38.4659,16.4976,16.4791,16.3477,6.9717,7.5965,7.5604
25,2,37,1311.2324,1410.1152,1467.4088,0.0000,0.0000,0.0000,0.5611,0.6221,0.6412,26.6001,27.4642,28.1900,31.3968,33.5478,35.7519,15.0922,15.0556,14.9460,6.5019,6.9730,7.5283
25,2,38,1315.5145,1313.6330,1410.8691,0.0000,0.0000,0.0000,0.5984,0.6090,0.6596,22.7633,23.6373,24.3844,29.9836,28.4045,30.2559,13.8174,13.7814,13.6913,6.4842,6.0047,6.4064
25,2,39,1238.0985,1314.9609,1315.4977,0.0000,0.0000,0.0000,0.6136,0.6358,0.6347,19.5294,19.9828,20.7430,25.3996,27.0649,25.7297,12.6681,12.5967,12.5243,5.0858,5.4324,5.0382
25,2,40,1283.2722,1238.4016,1313.7890,0.0000,0.0000,0.0000,0.6841,0.6386,0.6611,17.0832,17.1795,17.5737,24.9403,23.3396,24.8044,11.7137,11.6249,11.5550,4.9002,4.5232,4.8351
25,2,41,1303.7187,1281.2317,1238.1497,0.0000,0.0000,0.0000,0.7197,0.6824,0.6635,15.2435,15.3953,15.4846,23.8966,23.0484,21.6401,11.1206,11.0911,11.0220,5.0290,4.7961,4.4548
25,2,42,1288.6519,1300.8114,1279.3400,0.0000,0.0000,0.0000,0.7933,0.7970,0.7835,14.7284,14.2693,14.4293,21.5713,21.6602,20.9352,10.1500,10.1420,10.0457,4.8619,4.8615,4.6480
25,2,43,1271.8506,1286.4689,1298.0113,0.0000,0.0000,0.0000,0.8131,0.7910,0.8084,13.4095,13.9717,13.5356,18.6188,19.8498,19.9221,8.8829,8.8261,8.7503,4.0099,4.3400,4.3555
25,2,44,1176.7052,1270.6619,1284.3337,0.0000,0.0000,0.0000,0.8259,0.8884,0.8900,12.4576,12.8015,13.3424,16.6798,17.6762,18.7657,8.1945,8.1812,8.0938,3.4412,3.6067,3.9158
25,2,45,1259.7402,1176.7692,1269.8035,0.0000,0.0000,0.0000,1.0098,0.9333,0.9622,12.5700,12.5238,12.8693,17.2763,16.1361,17.1014,7.9343,7.8435,7.7336,3.4778,3.2339,3.3977
25,2,46,1279.0016,1258.1955,1176.4966,0.0000,0.0000,0.0000,1.1397,1.0968,1.0301,12.4741,12.4622,12.4282,16.6939,17.0609,15.9666,7.6089,7.5746,7.4994,3.2478,3.4237,3.2035
25,2,47,1410.4448,1277.6219,1256.3080,0.0000,0.0000,0.0000,1.3922,1.2275,1.1978,12.7100,12.3178,12.3158,17.8599,16.5558,16.8903,7.2820,7.2097,7.2030,3.2950,3.1239,3.3183
25,2,48,1471.2095,1406.4352,1274.7659,0.0000,0.0000,0.0000,1.6262,1.5246,1.3812,12.4850,12.0533,11.6633,18.8508,17.9043,16.6294,6.4027,6.4349,6.4005,3.2009,3.0688,2.9091
25,2,49,1503.5652,1465.3767,1401.2397,0.0000,0.0000,0.0000,1.8682,1.7672,1.6677,11.8546,12.1095,11.6520,17.8487,18.3123,17.4144,5.3723,5.3355,5.2858,2.9450,3.1982,3.0513
25,2,50,1550.3032,1497.7652,1459.2418,0.0000,0.0000,0.0000,2.0607,1.9450,1.8396,12.3170,12.1053,12.3671,18.2721,17.4505,17.8415,4.5142,4.5399,4.4944,3.1953,3.0496,3.3153
25,2,51,1468.0658,1543.5891,1491.8037,0.0000,0.0000,0.0000,2.2034,2.2378,2.1468,12.4165,12.4954,12.2907,16.2847,17.6936,16.9271,4.1416,4.1256,4.0800,3.0042,3.4038,3.2584
25,2,52,1533.6404,1464.4755,1538.3823,0.0000,0.0000,0.0000,2.4811,2.3570,2.3967,12.3227,12.6348,12.7492,16.5265,15.4652,16.7150,4.3395,4.3475,4.2730,3.0142,2.7506,3.1174
25,2,53,1478.2464,1529.2565,1461.7294,0.0000,0.0000,0.0000,2.5452,2.6316,2.4463,12.3545,12.6439,12.9494,15.3613,16.0289,15.0579,4.4325,4.3654,4.3266,2.6341,2.7328,2.5178
25,2,54,1597.8500,1474.4692,1524.9859,0.0000,0.0000,0.0000,3.1624,2.8378,2.8987,12.7559,12.3758,12.6682,16.2604,14.9979,15.6346,4.1004,4.0457,4.0739,2.5836,2.3632,2.4793
25,2,55,1699.5253,1592.1785,1470.1250,0.0000,0.0000,0.0000,3.6402,3.3606,3.0732,13.5266,13.0355,12.6226,16.9932,16.0823,14.8532,3.3196,3.3502,3.3597,2.6875,2.6140,2.4000
25,2,56,1666.7504,1692.2568,1585.6786,0.0000,0.0000,0.0000,4.1886,4.1637,3.8484,13.1869,13.2190,12.7234,15.5044,16.2679,15.3923,2.7018,2.6938,2.6662,2.4452,2.7497,2.6490
25,2,57,1684.1160,1659.9657,1684.5483,0.0000,0.0000,0.0000,4.5873,4.4409,4.4198,12.3864,12.3445,12.3752,14.7758,14.7074,15.3562,2.5372,2.5178,2.4878,2.4446,2.4987,2.7956
25,2,58,1687.7880,1676.2970,1652.2594,0.0000,0.0000,0.0000,5.2016,5.0890,4.9355,11.1068,11.1695,11.1307,14.3661,13.6057,13.5353,2.4284,2.4099,2.3571,3.1795,2.7037,2.7232
25,2,59,1547.7439,1677.6054,1667.3228,0.0000,0.0000,0.0000,5.2111,5.5354,5.4131,9.1733,9.8674,9.9366,12.3393,13.3815,12.7929,1.8592,1.8749,1.8270,2.7383,3.0079,2.5319
25,2,60,1515.4736,1538.3660,1667.3546,0.0000,0.0000,0.0000,5.7542,5.7945,6.1369,8.6723,8.9914,9.6920,11.8304,11.9668,12.9729,1.5145,1.5004,1.4730,2.1286,2.1082,2.3059
25,2,61,1502.5308,1506.3844,1529.5090,0.0000,0.0000,0.0000,6.4079,6.3415,6.3018,8.7852,9.1656,9.5145,11.5880,11.6565,11.8030,1.4830,1.5153,1.4991,1.7416,1.7723,1.7660
25,2,62,1575.5162,1493.4400,1497.6769,0.0000,0.0000,0.0000,7.1093,6.6812,6.5969,9.5229,9.5519,9.9747,12.6747,11.9306,12.0116,1.6661,1.6661,1.6846,1.8888,1.6969,1.7582
25,2,63,1602.1864,1564.3902,1483.7811,0.0000,0.0000,0.0000,8.3339,8.0265,7.4675,10.1687,10.3445,10.3411,13.1440,12.9230,12.1619,1.7100,1.7100,1.6903,2.2143,2.2311,2.0610
25,2,64,1536.1037,1589.5381,1552.4666,0.0000,0.0000,0.0000,8.7419,8.9464,8.5530,10.1180,10.2311,10.4306,12.6314,13.1816,12.9692,1.8908,1.8686,1.8497,2.5317,2.6201,2.6816
25,2,65,1592.6221,1521.9508,1574.5130,0.0000,0.0000,0.0000,11.1714,10.5740,10.7317,9.8449,9.7501,9.8561,13.3431,12.7680,13.3221,1.9279,1.9521,1.9060,2.6361,2.5132,2.7333
25,2,66,1666.9875,1576.2930,1506.8405,0.0000,0.0000,0.0000,12.7339,11.8727,11.2034,9.0312,9.1017,9.0113,13.5416,12.8561,12.3041,1.7859,1.7652,1.7413,2.5541,2.4674,2.3554
25,2,67,1529.3437,1648.6748,1559.6643,0.0000,0.0000,0.0000,12.7381,13.5611,12.6658,8.2794,8.3698,8.4315,11.6388,12.4761,11.8453,1.3323,1.2954,1.3019,1.8910,1.9408,1.8510
25,2,68,1474.3014,1512.2836,1630.0206,0.0000,0.0000,0.0000,13.7211,13.8551,14.7773,7.5519,7.7417,7.8284,10.1267,10.4227,11.1647,1.0496,1.0395,1.0395,1.4521,1.5634,1.5800
25,2,69,1537.0549,1456.9060,1494.4940,0.0000,0.0000,0.0000,15.6668,14.6212,14.8038,6.9182,6.8741,7.0462,9.5553,9.0693,9.3347,0.8983,0.8886,0.8586,1.5394,1.4676,1.5559
25,2,70,1510.1588,1517.3699,1438.7287,0.0000,0.0000,0.0000,17.1755,16.9926,15.9477,6.0656,6.0813,6.0414,8.3444,8.3784,7.9539,0.8207,0.8101,0.7995,1.2074,1.2053,1.1165
25,2,71,1487.7439,1489.3442,1496.6640,0.0000,0.0000,0.0000,18.8350,18.6158,18.4375,5.5577,5.6237,5.6400,7.4108,7.3661,7.3975,0.5908,0.6002,0.5923,1.1588,1.0567,1.1032
25,2,72,1493.9343,1465.2655,1467.3540,0.0000,0.0000,0.0000,20.8283,20.2103,19.9106,5.4938,5.2968,5.3594,6.9520,6.8337,6.7879,0.4079,0.3896,0.3997,1.1871,1.1208,1.0508
25,2,73,1523.7122,1469.0597,1440.9125,0.0000,0.0000,0.0000,23.8400,22.6004,22.0059,5.3427,5.1680,4.9829,6.8622,6.5938,6.4869,0.3745,0.3708,0.3670,1.3028,1.2191,1.2102
25,2,74,1642.6646,1495.7391,1442.5264,0.0000,0.0000,0.0000,28.3500,25.5125,24.2373,5.1393,4.9614,4.7929,7.0874,6.4871,6.2318,0.3826,0.3903,0.3832,1.4200,1.3252,1.2404
25,2,75,1581.6988,1609.2705,1466.0325,0.0000,0.0000,0.0000,30.6997,30.8119,27.5796,4.8475,4.8555,4.6892,6.5845,6.6261,6.0641,0.4467,0.4467,0.4236,1.3114,1.2582,1.1756
25,2,76,1550.5447,1546.3932,1573.8677,0.0000,0.0000,0.0000,33.2965,32.8753,32.9366,4.8066,4.7792,4.7844,6.1292,6.2252,6.2809,0.3218,0.3152,0.3152,1.1582,1.2994,1.2849
25,2,77,1427.7003,1512.1544,1508.2330,0.0000,0.0000,0.0000,34.6720,36.2683,35.7383,5.1470,5.2681,5.2482,5.8461,6.2593,6.3796,0.2782,0.2688,0.2688,1.2066,1.3995,1.5592
25,2,78,1313.0484,1388.5164,1470.8256,0.0000,0.0000,0.0000,36.2484,37.8548,39.5633,5.2548,5.4085,5.5661,5.3371,5.7936,6.2198,0.3432,0.3278,0.3278,0.9641,1.2718,1.4396
25,2,79,1233.4859,1273.0228,1346.2889,0.0000,0.0000,0.0000,38.5449,39.1944,40.8415,4.4748,4.7625,4.9168,4.9600,5.1021,5.5473,0.3344,0.3172,0.3172,0.8185,0.8087,1.0727
2505,1,0,29.1138,28.4361,27.7119,29.2026,28.5202,27.7883,0.0494,0.0478,0.0460,1.0028,0.9789,0.9570,1.2844,1.2537,1.2208,0.2497,0.2470,0.2425,0.0042,0.0041,0.0041
2505,1,1,38.9344,28.8561,28.1884,0.0000,0.0000,0.0000,0.0123,0.0090,0.0089,1.8683,1.8262,1.7846,3.2518,2.3730,2.3179,0.3787,0.3767,0.3731,0.0634,0.0693,0.0682
2505,1,2,32.5045,37.9681,28.5695,0.0000,0.0000,0.0000,0.0040,0.0046,0.0029,1.6171,1.6171,1.5794,2.3769,2.8227,2.1052,0.3364,0.3341,0.3310,0.0663,0.1021,0.0836
2505,1,3,29.8451,32.2104,37.3269,0.0000,0.0000,0.0000,0.0019,0.0022,0.0026,1.6043,1.5086,1.5249,1.9653,1.9949,2.3428,0.3318,0.3300,0.3293,0.1370,0.1286,0.1568
2505,1,4,27.2426,29.7483,32.0563,0.0000,0.0000,0.0000,0.0018,0.0019,0.0022,1.4905,1.5343,1.4459,1.3221,1.6843,1.6429,0.2586,0.2576,0.2571,0.1694,0.1786,0.2001
2505,1,5,37.4420,27.4630,29.6753,0.0000,0.0000,0.0000,0.0018,0.0014,0.0014,1.3084,1.2543,1.2908,1.7697,1.0531,1.3503,0.2383,0.2380,0.2369,0.2588,0.2039,0.2140
2505,1,6,25.1598,36.9792,27.6412,0.0000,0.0000,0.0000,0.0011,0.0018,0.0014,1.0944,1.0295,1.0029,0.9747,1.4393,0.8955,0.2729,0.2721,0.2700,0.1780,0.2637,0.1875
2505,1,7,38.4956,25.1179,36.3483,0.0000,0.0000,0.0000,0.0019,0.0012,0.0018,0.9328,0.9446,0.8906,1.3970,1.0042,1.4385,0.2591,0.2576,0.2563,0.2964,0.2030,0.3002
2505,1,8,30.5453,38.0581,25.0928,0.0000,0.0000,0.0000,0.0010,0.0012,0.0012,1.0182,1.0049,0.9989,1.4743,1.4284,1.0575,0.2183,0.2165,0.2143,0.2100,0.2183,0.1557
2505,1,9,32.6201,30.3452,37.8234,0.0000,0.0000,0.0000,0.0011,0.0010,0.0012,1.1074,1.0969,1.0667,1.4320,1.2739,1.2724,0.1474,0.1466,0.1458,0.1698,0.1564,0.1616
2505,1,10,31.0068,32.5604,30.4079,0.0000,0.0000,0.0000,0.0010,0.0011,0.0010,1.0123,0.9804,0.9750,0.9897,0.9673,0.8750,0.1227,0.1228,0.1221,0.1597,0.1625,0.1458
2505,1,11,39.1514,30.9874,32.5142,0.0000,0.0000,0.0000,0.0021,0.0015,0.0016,0.8109,0.7896,0.7865,0.6291,0.7899,0.7755,0.1408,0.1405,0.1402,0.1716,0.1647,0.1682
2505,1,12,28.1779,39.2882,30.9449,0.0000,0.0000,0.0000,0.0013,0.0021,0.0015,0.8073,0.7759,0.7608,0.6809,0.6739,0.8264,0.1567,0.1564,0.1560,0.1048,0.1208,0.1307
2505,1,13,28.3175,28.2679,39.2901,0.0000,0.0000,0.0000,0.0020,0.0018,0.0028,0.7576,0.7916,0.7617,0.5773,0.8165,0.8673,0.1890,0.1890,0.1894,0.0526,0.0692,0.0799
2505,1,14,35.7862,28.5796,28.3090,0.0000,0.0000,0.0000,0.0033,0.0025,0.0023,0.8026,0.7888,0.8222,1.2476,0.7907,1.0226,0.2896,0.2875,0.2889,0.0462,0.0225,0.0394
2505,1,15,41.6458,35.4122,28.6989,0.0000,0.0000,0.0000,0.0047,0.0039,0.0031,0.7260,0.7569,0.7285,2.4435,1.5295,1.0453,0.4527,0.4538,0.4538,0.0930,0.0352,0.0150
2505,1,16,35.5455,40.3399,34.9157,0.0000,0.0000,0.0000,0.0053,0.0060,0.0050,0.7682,0.7576,0.7830,1.7282,2.5243,1.7555,0.5535,0.5535,0.5533,0.0451,0.0786,0.0465
2505,1,17,21.3783,35.1599,39.3522,0.0000,0.0000,0.0000,0.0044,0.0077,0.0084,0.8983,0.9525,0.9549,0.9829,1.7685,2.3296,0.5176,0.5176,0.5150,0.0391,0.0739,0.0971
2505,1,18,34.2594,21.7102,34.5339,0.0000,0.0000,0.0000,0.0100,0.0063,0.0097,1.5261,1.5164,1.6235,2.5864,1.5651,2.5831,0.4718,0.4708,0.4692,0.1124,0.0645,0.1069
2505,1,19,27.8044,33.4623,22.4312,0.0000,0.0000,0.0000,0.0107,0.0134,0.0081,2.8021,2.9284,2.9154,3.2711,3.9781,2.5325,0.4690,0.4682,0.4691,0.1313,0.1530,0.0990
2505,1,20,22.0492,28.9112,33.9897,0.0000,0.0000,0.0000,0.0109,0.0150,0.0178,4.5751,4.7161,4.9114,2.8465,3.8917,4.6515,0.4648,0.4651,0.4634,0.0979,0.1242,0.1446
2505,1,21,34.7993,24.6148,30.7074,0.0000,0.0000,0.0000,0.0219,0.0137,0.0177,5.5089,5.6167,5.8065,4.9890,3.3472,4.2844,0.4336,0.4353,0.4355,0.1438,0.1148,0.1330
2505,1,22,48.0549,34.8903,26.3155,0.0000,0.0000,0.0000,0.0351,0.0246,0.0172,5.6984,5.3227,5.4485,8.8098,5.5008,4.0249,0.4026,0.4027,0.4003,0.2812,0.1496,0.1270
2505,1,23,46.1872,45.4048,34.7501,0.0000,0.0000,0.0000,0.0354,0.0351,0.0262,6.9252,5.6798,5.2707,8.9238,8.5587,5.7221,0.3950,0.3929,0.3894,0.2320,0.2374,0.1302
2505,1,24,29.6598,45.3063,43.8750,0.0000,0.0000,0.0000,0.0224,0.0349,0.0349,5.8594,7.1190,5.7983,4.5829,8.2360,7.6474,0.3878,0.3861,0.3823,0.0855,0.1905,0.1669
2505,1,25,29.7760,30.3696,43.8961,0.0000,0.0000,0.0000,0.0230,0.0240,0.0348,4.7207,5.1990,6.2199,5.3736,4.9243,7.9366,0.4615,0.4588,0.4541,0.1383,0.0851,0.1601
2505,1,26,33.2400,29.0784,30.1533,0.0000,0.0000,0.0000,0.0286,0.0239,0.0252,4.3017,4.0260,4.4035,5.4647,5.1453,5.0342,0.4791,0.4767,0.4717,0.0687,0.0976,0.0728
2505,1,27,24.2181,32.5384,28.5049,0.0000,0.0000,0.0000,0.0201,0.0281,0.0242,4.0200,3.6729,3.4637,3.1708,4.6771,4.3458,0.4232,0.4212,0.4167,0.0481,0.0839,0.1019
2505,1,28,35.1124,25.4465,32.4336,0.0000,0.0000,0.0000,0.0304,0.0211,0.0284,4.0269,3.6065,3.3034,4.0246,2.6336,3.5728,0.3964,0.3943,0.3903,0.2310,0.1143,0.1685
2505,1,29,36.7134,35.6385,26.6913,0.0000,0.0000,0.0000,0.0307,0.0298,0.0214,3.7746,3.5803,3.2049,3.1353,3.0516,2.1320,0.4148,0.4124,0.4082,0.3575,0.3418,0.1986
2505,1,30,40.9773,37.2481,36.0434,0.0000,0.0000,0.0000,0.0351,0.0311,0.0295,3.7088,3.4613,3.2876,2.9253,3.0034,2.9096,0.4623,0.4596,0.4544,0.2371,0.3667,0.3446
2505,1,31,45.1430,41.5808,37.4164,0.0000,0.0000,0.0000,0.0390,0.0358,0.0309,3.7648,3.6226,3.3871,3.8496,3.2699,3.4122,0.5002,0.4971,0.4924,0.2630,0.1946,0.2589
2505,1,32,53.7717,45.1759,42.0579,0.0000,0.0000,0.0000,0.0472,0.0384,0.0355,3.9962,3.9441,3.8085,4.4633,4.1742,3.5924,0.4681,0.4656,0.4607,0.1621,0.1655,0.1393
2505,1,33,48.2995,53.7750,45.4694,0.0000,0.0000,0.0000,0.0420,0.0460,0.0378,3.7177,4.0287,3.9763,3.5887,4.1568,3.8688,0.3722,0.3703,0.3660,0.1412,0.1647,0.1377
2505,1,34,54.5957,48.8337,54.1221,0.0000,0.0000,0.0000,0.0487,0.0433,0.0469,3.5416,3.5970,3.8872,4.0884,3.1935,3.6288,0.3438,0.3417,0.3380,0.1655,0.1479,0.1700
2505,1,35,39.8481,54.1166,49.1181,0.0000,0.0000,0.0000,0.0347,0.0474,0.0428,2.6471,2.9369,2.9755,2.9684,3.5427,2.8439,0.3592,0.3569,0.3539,0.1485,0.1771,0.1375
2505,1,36,38.3614,39.4177,53.3718,0.0000,0.0000,0.0000,0.0336,0.0349,0.0461,2.1985,2.2321,2.4903,2.8639,2.6938,3.2386,0.3124,0.3114,0.3080,0.2605,0.2311,0.2465
2505,1,37,32.7491,37.6475,38.8651,0.0000,0.0000,0.0000,0.0289,0.0331,0.0346,1.7639,1.8347,1.8840,2.0002,2.4605,2.3689,0.2613,0.2607,0.2593,0.2384,0.3077,0.2790
2505,1,38,34.4809,32.3641,36.8763,0.0000,0.0000,0.0000,0.0326,0.0296,0.0337,1.3937,1.5272,1.5858,1.8181,1.7972,2.1605,0.1813,0.1814,0.1803,0.2440,0.2663,0.3327
2505,1,39,39.1681,34.0781,32.0823,0.0000,0.0000,0.0000,0.0380,0.0323,0.0295,1.3689,1.4182,1.5365,1.9323,1.6225,1.6037,0.1302,0.1300,0.1294,0.3712,0.2955,0.3144
2505,1,40,39.0565,38.9787,34.2583,0.0000,0.0000,0.0000,0.0384,0.0381,0.0324,1.8074,1.7763,1.8452,1.5483,1.6889,1.4440,0.0921,0.0917,0.0913,0.2730,0.3343,0.2737
2505,1,41,29.4409,39.1318,38.8842,0.0000,0.0000,0.0000,0.0304,0.0396,0.0391,1.7093,1.8347,1.7984,1.2034,1.6344,1.7202,0.1069,0.1063,0.1057,0.1394,0.1983,0.2340
2505,1,42,32.6633,29.5187,38.8021,0.0000,0.0000,0.0000,0.0343,0.0310,0.0400,1.5608,1.4702,1.5678,1.7558,1.3781,1.8356,0.1319,0.1311,0.1304,0.2300,0.1108,0.1508
2505,1,43,31.8856,32.2707,29.5007,0.0000,0.0000,0.0000,0.0372,0.0362,0.0326,1.3094,1.4401,1.3646,1.4866,1.7606,1.4158,0.1535,0.1530,0.1517,0.0724,0.1801,0.0859
2505,1,44,36.6762,31.8879,31.9527,0.0000,0.0000,0.0000,0.0475,0.0405,0.0388,1.2418,1.2875,1.4200,1.6233,1.3844,1.7434,0.1831,0.1831,0.1806,0.0707,0.0593,0.1331
2505,1,45,26.9006,36.4146,31.8965,0.0000,0.0000,0.0000,0.0349,0.0480,0.0405,1.0660,1.0873,1.1373,1.2298,1.4236,1.2328,0.2011,0.2005,0.1981,0.0846,0.0697,0.0618
2505,1,46,29.9629,26.6062,35.9564,0.0000,0.0000,0.0000,0.0432,0.0377,0.0507,0.8369,0.8240,0.8296,0.9450,1.1424,1.3102,0.1656,0.1647,0.1638,0.0505,0.0879,0.0812
2505,1,47,30.9490,29.6554,26.1035,0.0000,0.0000,0.0000,0.0494,0.0462,0.0398,0.6644,0.6287,0.6154,1.5493,0.9320,1.0545,0.1340,0.1335,0.1326,0.2642,0.0899,0.1446
2505,1,48,34.5660,30.0794,29.3606,0.0000,0.0000,0.0000,0.0621,0.0527,0.0503,0.6995,0.6615,0.6204,1.0438,1.2592,0.8650,0.1174,0.1159,0.1142,0.1412,0.3420,0.1112
2505,1,49,30.5193,34.1752,29.4096,0.0000,0.0000,0.0000,0.0609,0.0681,0.0566,0.6276,0.6515,0.6075,0.9946,0.9651,1.0996,0.0756,0.0752,0.0744,0.1335,0.0824,0.2007
2505,1,50,25.0532,30.0995,33.8104,0.0000,0.0000,0.0000,0.0554,0.0653,0.0724,0.6163,0.5872,0.6124,0.5752,0.9159,0.9132,0.0681,0.0675,0.0674,0.0000,0.1002,0.0602
2505,1,51,31.9505,25.4183,29.9259,0.0000,0.0000,0.0000,0.0792,0.0611,0.0694,0.8911,0.8953,0.8539,0.8579,0.5560,0.8929,0.0936,0.0933,0.0922,0.1196,0.0072,0.1669
2505,1,52,42.2637,32.2423,26.1401,0.0000,0.0000,0.0000,0.1085,0.0804,0.0637,1.1886,1.2201,1.2184,0.8778,0.8137,0.5209,0.1135,0.1130,0.1117,0.0506,0.1694,0.0249
2505,1,53,29.4207,42.5383,32.5771,0.0000,0.0000,0.0000,0.0864,0.1246,0.0941,1.1441,1.1783,1.2119,0.6104,0.8041,0.7107,0.0969,0.0953,0.0945,0.1297,0.0691,0.1847
2505,1,54,31.2631,29.7207,42.6406,0.0000,0.0000,0.0000,0.1031,0.0958,0.1373,1.0837,1.0143,1.0447,0.6597,0.6053,0.8329,0.1078,0.1062,0.1061,0.1709,0.1246,0.0769
2505,1,55,54.8362,31.5674,30.0434,0.0000,0.0000,0.0000,0.1951,0.1085,0.1020,1.1227,1.0180,0.9555,1.1043,0.6477,0.5979,0.1319,0.1312,0.1319,0.1240,0.0982,0.0713
2505,1,56,43.0471,54.5504,31.7383,0.0000,0.0000,0.0000,0.1725,0.2165,0.1214,1.0142,1.0075,0.9139,0.8812,1.1390,0.7040,0.1472,0.1462,0.1444,0.0692,0.0898,0.0727
2505,1,57,45.9918,42.9837,54.1327,0.0000,0.0000,0.0000,0.2024,0.1859,0.2306,0.9860,0.9800,0.9766,0.8976,0.9241,1.1841,0.1745,0.1737,0.1712,0.0737,0.1149,0.1541
2505,1,58,40.0472,46.1006,43.0782,0.0000,0.0000,0.0000,0.1885,0.2143,0.1964,1.1171,1.1468,1.1401,0.9078,0.9196,0.9148,0.1939,0.1908,0.1893,0.1797,0.0988,0.1337
2505,1,59,45.7418,40.2522,46.3108,0.0000,0.0000,0.0000,0.2455,0.2099,0.2394,1.0928,1.2381,1.2704,0.9666,0.7991,0.8472,0.1190,0.1180,0.1165,0.2508,0.1537,0.0953
2505,1,60,42.9814,45.6286,40.5334,0.0000,0.0000,0.0000,0.2493,0.2600,0.2220,1.0643,1.1224,1.2765,0.7263,0.7984,0.6817,0.0524,0.0524,0.0521,0.1688,0.2229,0.1553
2505,1,61,39.0837,42.9258,45.5415,0.0000,0.0000,0.0000,0.2525,0.2742,0.2832,0.9430,0.9847,1.0558,0.6305,0.6976,0.7420,0.0523,0.0518,0.0518,0.0294,0.1320,0.1665
2505,1,62,38.9533,39.0767,42.8298,0.0000,0.0000,0.0000,0.2770,0.2706,0.2929,0.8162,0.8422,0.8837,0.6454,0.6449,0.7138,0.0861,0.0844,0.0844,0.0364,0.0191,0.0739
2505,1,63,39.9252,38.8711,39.0538,0.0000,0.0000,0.0000,0.3137,0.3000,0.2941,0.9269,0.8878,0.9194,0.7695,0.7520,0.7417,0.1283,0.1283,0.1283,0.0553,0.0582,0.0368
2505,1,64,53.2787,39.7001,38.6336,0.0000,0.0000,0.0000,0.4727,0.3398,0.3261,0.9396,0.9451,0.9049,1.1495,0.8483,0.8285,0.1426,0.1426,0.1410,0.1959,0.1360,0.1421
2505,1,65,49.1912,52.3107,39.2397,0.0000,0.0000,0.0000,0.5170,0.5390,0.3927,0.9016,0.8945,0.8963,1.1091,1.1813,0.8802,0.0898,0.0889,0.0877,0.1828,0.2437,0.1809
2505,1,66,39.4768,48.6487,51.6273,0.0000,0.0000,0.0000,0.4556,0.5453,0.5697,0.9796,0.9781,0.9706,0.7990,0.9125,0.9797,0.0731,0.0711,0.0714,0.3275,0.1397,0.1837
2505,1,67,35.0289,39.1247,48.3749,0.0000,0.0000,0.0000,0.4361,0.4839,0.5825,0.9723,1.0024,0.9973,0.5682,0.8064,0.7446,0.1451,0.1415,0.1393,0.0858,0.2162,0.0855
2505,1,68,47.6005,35.0044,38.7733,0.0000,0.0000,0.0000,0.6432,0.4574,0.5019,0.8432,0.8530,0.8894,0.7576,0.5819,0.8527,0.1969,0.1936,0.1904,0.0376,0.0328,0.0886
2505,1,69,48.4538,47.0208,34.8253,0.0000,0.0000,0.0000,0.7270,0.6910,0.4958,0.8220,0.7981,0.8033,0.8128,0.8480,0.6476,0.1740,0.1684,0.1668,0.0026,0.0058,0.0052
2505,1,70,42.2601,47.6576,46.2133,0.0000,0.0000,0.0000,0.7116,0.7820,0.7450,0.6996,0.7312,0.6979,0.7892,0.8118,0.8218,0.0720,0.0714,0.0692,0.0112,0.0040,0.0077
2505,1,71,43.0972,41.2992,46.6419,0.0000,0.0000,0.0000,0.7895,0.7442,0.8190,0.5085,0.5143,0.5326,0.6389,0.6970,0.7269,0.0204,0.0199,0.0199,0.0000,0.0526,0.0206
2505,1,72,40.0694,42.0822,40.2408,0.0000,0.0000,0.0000,0.8225,0.8413,0.7915,0.4375,0.4024,0.4093,0.5637,0.5930,0.6060,0.0209,0.0209,0.0209,0.0000,0.0012,0.0880
2505,1,73,33.3034,39.1528,41.0879,0.0000,0.0000,0.0000,0.7479,0.8608,0.8804,0.4341,0.4027,0.3695,0.4203,0.4957,0.5211,0.0391,0.0407,0.0407,0.0000,0.0005,0.0012
2505,1,74,30.3116,32.5575,38.1841,0.0000,0.0000,0.0000,0.7734,0.8131,0.9340,0.4559,0.4276,0.3971,0.3991,0.3938,0.4636,0.0449,0.0449,0.0449,0.0136,0.0098,0.0108
2505,1,75,51.3459,29.5851,31.7739,0.0000,0.0000,0.0000,1.4721,0.8215,0.8642,0.4574,0.4488,0.4209,0.6124,0.3422,0.3234,0.0225,0.0225,0.0214,0.0477,0.0329,0.0364
2505,1,76,36.9617,49.7480,28.8815,0.0000,0.0000,0.0000,1.1748,1.5603,0.8770,0.4831,0.4641,0.4583,0.2984,0.4348,0.2406,0.0103,0.0103,0.0103,0.0592,0.0760,0.0557
2505,1,77,44.5409,35.9243,48.1654,0.0000,0.0000,0.0000,1.6196,1.2689,1.6784,0.4469,0.4674,0.4459,0.2525,0.2089,0.3070,0.0172,0.0172,0.0172,0.0523,0.0448,0.0599
2505,1,78,41.4132,42.8675,34.7104,0.0000,0.0000,0.0000,1.7141,1.7370,1.3686,0.4087,0.4311,0.4531,0.2971,0.3509,0.2874,0.0253,0.0253,0.0253,0.0105,0.0415,0.0370
2505,1,79,26.8089,39.5434,40.9214,0.0000,0.0000,0.0000,1.2462,1.8033,1.8297,0.3649,0.4001,0.4245,0.3282,0.4859,0.5156,0.0187,0.0187,0.0187,0.0000,0.0019,0.0438
2505,2,0,27.4093,26.7709,26.0881,27.6006,26.9557,26.2638,0.0448,0.0433,0.0421,0.7082,0.6915,0.6762,0.9498,0.9271,0.9027,0.0913,0.0913,0.0908,0.0000,0.0000,0.0000
2505,2,1,23.0716,27.1920,26.5600,0.0000,0.0000,0.0000,0.0074,0.0085,0.0084,1.1814,1.1405,1.1143,1.2807,1.5321,1.4966,0.2097,0.2090,0.2070,0.0191,0.0241,0.0238
2505,2,2,29.6082,23.1338,27.0235,0.0000,0.0000,0.0000,0.0032,0.0025,0.0030,0.9785,0.9788,0.9492,1.5333,1.0733,1.2726,0.2082,0.2072,0.2054,0.0443,0.0331,0.0410
2505,2,3,29.0202,29.3337,23.2342,0.0000,0.0000,0.0000,0.0021,0.0021,0.0016,0.9094,0.8729,0.8707,1.0780,1.3056,0.9411,0.2271,0.2256,0.2241,0.0451,0.0469,0.0356
2505,2,4,31.8272,29.0798,29.2019,0.0000,0.0000,0.0000,0.0022,0.0021,0.0021,0.8837,0.8473,0.8170,1.1507,0.9543,1.0907,0.2292,0.2284,0.2271,0.0671,0.0561,0.0643
2505,2,5,32.7610,31.7713,29.1657,0.0000,0.0000,0.0000,0.0017,0.0017,0.0016,0.8102,0.8060,0.7747,1.0768,0.9270,0.8004,0.2098,0.2091,0.2072,0.1251,0.1031,0.0823
2505,2,6,30.1271,32.5795,31.7610,0.0000,0.0000,0.0000,0.0015,0.0017,0.0017,0.9231,0.8682,0.8564,0.7981,0.9772,0.8521,0.1727,0.1718,0.1712,0.1441,0.1885,0.1561
2505,2,7,30.6889,30.1229,32.3125,0.0000,0.0000,0.0000,0.0015,0.0015,0.0011,0.9540,0.9218,0.8694,1.2158,0.9316,1.0912,0.1498,0.1490,0.1484,0.1699,0.1204,0.1454
2505,2,8,37.0122,30.3344,30.0364,0.0000,0.0000,0.0000,0.0013,0.0010,0.0010,0.9651,0.8909,0.8714,1.0279,1.2822,1.0165,0.1310,0.1308,0.1303,0.0482,0.0608,0.0496
2505,2,9,28.1970,36.8991,29.9058,0.0000,0.0000,0.0000,0.0010,0.0013,0.0010,0.7963,0.8063,0.7639,0.7153,1.0280,1.2850,0.1258,0.1254,0.1245,0.0048,0.0060,0.0048
2505,2,10,27.2144,28.2910,36.7235,0.0000,0.0000,0.0000,0.0010,0.0010,0.0013,0.7510,0.7295,0.7375,0.6736,0.7616,1.0386,0.1334,0.1331,0.1324,0.0000,0.0000,0.0000
2505,2,11,31.2595,27.1906,28.1749,0.0000,0.0000,0.0000,0.0016,0.0015,0.0016,0.6205,0.6321,0.6153,1.5242,0.7993,0.8609,0.1432,0.1439,0.1432,0.0051,0.0053,0.0056
2505,2,12,37.9765,30.4427,26.8310,0.0000,0.0000,0.0000,0.0020,0.0016,0.0015,0.5592,0.5299,0.5396,1.6574,1.4483,0.9966,0.1219,0.1219,0.1216,0.0362,0.0273,0.0280
2505,2,13,17.9718,37.0611,29.7830,0.0000,0.0000,0.0000,0.0010,0.0026,0.0015,0.6165,0.6501,0.6184,0.7540,1.6348,1.3749,0.1394,0.1390,0.1383,0.0308,0.0560,0.0429
2505,2,14,25.8444,18.1854,36.4897,0.0000,0.0000,0.0000,0.0019,0.0013,0.0025,0.7343,0.7559,0.7997,1.0728,0.7252,1.5243,0.2066,0.2055,0.2060,0.0266,0.0211,0.0393
2505,2,15,31.5620,25.8480,18.5306,0.0000,0.0000,0.0000,0.0028,0.0023,0.0016,0.7378,0.7675,0.7920,1.3703,0.9989,0.6881,0.2728,0.2735,0.2720,0.0545,0.0323,0.0247
2505,2,16,17.5456,31.3214,26.0256,0.0000,0.0000,0.0000,0.0020,0.0037,0.0029,0.7755,0.7599,0.7860,0.5290,1.2257,0.8856,0.3512,0.3512,0.3512,0.0335,0.0972,0.0608
2505,2,17,33.5210,18.0556,30.9728,0.0000,0.0000,0.0000,0.0047,0.0024,0.0042,0.9074,0.9343,0.9259,1.6416,0.7228,1.5132,0.3652,0.3643,0.3624,0.1065,0.0439,0.0993
2505,2,18,31.5142,32.4495,18.5580,0.0000,0.0000,0.0000,0.0053,0.0053,0.0028,1.7725,1.8042,1.8699,2.4742,3.0660,1.5820,0.2693,0.2676,0.2676,0.0347,0.0768,0.0346
2505,2,19,32.2587,30.2661,30.7856,0.0000,0.0000,0.0000,0.0063,0.0057,0.0058,3.4042,3.4428,3.4487,5.3041,4.8600,5.2601,0.2376,0.2368,0.2354,0.0527,0.0441,0.0966
2505,2,20,23.6255,30.3819,28.9532,0.0000,0.0000,0.0000,0.0056,0.0072,0.0067,4.5892,4.9690,5.0639,5.1500,6.9846,6.5274,0.2432,0.2422,0.2413,0.0374,0.0735,0.0639
2505,2,21,23.1060,23.3432,28.8310,0.0000,0.0000,0.0000,0.0061,0.0062,0.0076,4.6471,4.9422,5.3126,5.7335,5.4502,7.0393,0.2844,0.2827,0.2798,0.1404,0.0543,0.0789
2505,2,22,23.0843,23.1064,23.6826,0.0000,0.0000,0.0000,0.0062,0.0059,0.0060,4.6414,4.6586,4.9585,4.8766,4.9785,4.9406,0.3482,0.3464,0.3436,0.0397,0.0664,0.0380
2505,2,23,21.7318,23.6075,23.6160,0.0000,0.0000,0.0000,0.0054,0.0062,0.0059,4.4407,4.5488,4.5700,4.0526,4.3893,4.4331,0.3831,0.3816,0.3780,0.0466,0.0393,0.0456
2505,2,24,27.0338,22.6192,24.4277,0.0000,0.0000,0.0000,0.0071,0.0055,0.0062,4.2316,4.2698,4.3982,4.5327,3.7271,3.9504,0.4426,0.4404,0.4365,0.1106,0.1005,0.0933
2505,2,25,15.4084,27.0333,23.2302,0.0000,0.0000,0.0000,0.0039,0.0081,0.0066,3.9794,3.8737,3.9065,1.9953,4.1641,3.5931,0.4929,0.4904,0.4859,0.0885,0.1912,0.1824
2505,2,26,21.0260,16.8241,26.6369,0.0000,0.0000,0.0000,0.0061,0.0045,0.0080,3.5108,3.3012,3.2155,2.7901,2.1910,3.8033,0.4345,0.4314,0.4277,0.1590,0.1271,0.2137
2505,2,27,24.2906,21.4165,17.5320,0.0000,0.0000,0.0000,0.0071,0.0064,0.0049,3.1357,2.7279,2.5731,2.9566,2.4946,2.0284,0.3584,0.3559,0.3521,0.2771,0.2070,0.1755
2505,2,28,28.2375,24.3464,21.5523,0.0000,0.0000,0.0000,0.0096,0.0080,0.0072,2.9087,2.6108,2.2866,2.7851,2.6281,2.2609,0.3420,0.3396,0.3358,0.2066,0.2621,0.2117
2505,2,29,28.1165,28.2939,24.1860,0.0000,0.0000,0.0000,0.0103,0.0104,0.0084,2.7651,2.5755,2.3060,2.8165,2.6813,2.6269,0.3780,0.3755,0.3715,0.1988,0.1900,0.1948
2505,2,30,40.6881,28.0313,28.1687,0.0000,0.0000,0.0000,0.0161,0.0106,0.0106,2.5819,2.4254,2.2580,4.0478,2.7251,2.5954,0.3811,0.3791,0.3752,0.2203,0.1470,0.1399
2505,2,31,37.2705,39.4694,27.8270,0.0000,0.0000,0.0000,0.0151,0.0163,0.0111,2.2919,2.2113,2.0785,3.2491,3.6110,2.5127,0.3929,0.3910,0.3865,0.1537,0.1917,0.1329
2505,2,32,34.0807,37.0236,38.8872,0.0000,0.0000,0.0000,0.0142,0.0155,0.0158,2.2306,2.2022,2.1289,2.4720,2.7505,2.9766,0.4114,0.4094,0.4055,0.0744,0.0915,0.1143
2505,2,33,43.7728,34.7212,37.4222,0.0000,0.0000,0.0000,0.0189,0.0149,0.0161,2.1719,2.3237,2.2860,2.7363,2.0339,2.2267,0.4147,0.4135,0.4108,0.0858,0.0389,0.0482
2505,2,34,36.7061,44.0427,35.6963,0.0000,0.0000,0.0000,0.0166,0.0191,0.0160,2.1001,2.1832,2.3324,1.6924,2.1878,1.6290,0.3256,0.3250,0.3225,0.0222,0.0373,0.0214
2505,2,35,31.4538,37.2641,44.2323,0.0000,0.0000,0.0000,0.0139,0.0168,0.0201,1.7860,1.9049,1.9973,1.5070,1.5333,1.9668,0.2373,0.2368,0.2348,0.0383,0.0397,0.0503
2505,2,36,29.5574,31.6133,37.4942,0.0000,0.0000,0.0000,0.0142,0.0147,0.0178,1.5617,1.6565,1.7605,1.1728,1.6027,1.6604,0.2468,0.2466,0.2449,0.0621,0.1104,0.0994
2505,2,37,25.6026,30.3328,31.9213,0.0000,0.0000,0.0000,0.0123,0.0153,0.0158,1.7017,1.8057,1.8945,1.2586,1.2182,1.6495,0.2984,0.2978,0.2961,0.1482,0.0916,0.2021
2505,2,38,27.3637,26.0923,30.9643,0.0000,0.0000,0.0000,0.0142,0.0137,0.0165,1.6501,1.7342,1.8595,1.3882,1.3563,1.3815,0.2924,0.2918,0.2901,0.1787,0.1825,0.1163
2505,2,39,29.9152,27.2287,26.0847,0.0000,0.0000,0.0000,0.0175,0.0153,0.0145,1.1742,1.2449,1.3203,1.4092,1.4207,1.3757,0.2459,0.2445,0.2431,0.0782,0.1905,0.1920
2505,2,40,27.3669,29.6528,26.9598,0.0000,0.0000,0.0000,0.0166,0.0183,0.0158,0.9024,0.8986,0.9543,1.4248,1.2839,1.2548,0.2493,0.2474,0.2461,0.3390,0.1063,0.1995
2505,2,41,38.2303,26.8601,29.4916,0.0000,0.0000,0.0000,0.0249,0.0162,0.0189,0.8501,0.8473,0.8453,1.5526,1.2281,1.0968,0.2453,0.2448,0.2434,0.2814,0.3428,0.1315
2505,2,42,25.2257,37.8072,26.7085,0.0000,0.0000,0.0000,0.0178,0.0271,0.0185,1.0313,0.9936,1.0014,0.9299,1.4398,1.1253,0.2731,0.2731,0.2708,0.1287,0.2151,0.2652
2505,2,43,31.9973,25.6815,37.6890,0.0000,0.0000,0.0000,0.0234,0.0179,0.0271,1.0930,1.2067,1.1596,1.2228,0.9258,1.3989,0.2639,0.2627,0.2609,0.1115,0.0667,0.1057
2505,2,44,33.8460,32.0401,26.1718,0.0000,0.0000,0.0000,0.0273,0.0255,0.0205,1.0867,1.1352,1.2775,1.3133,1.1834,0.9092,0.2066,0.2066,0.2045,0.1135,0.0908,0.0601
2505,2,45,28.8439,33.4022,31.7900,0.0000,0.0000,0.0000,0.0265,0.0305,0.0276,0.9507,0.9554,0.9973,1.0966,1.3345,1.2102,0.1497,0.1485,0.1468,0.1424,0.1904,0.1621
2505,2,46,36.1641,28.2688,32.5485,0.0000,0.0000,0.0000,0.0377,0.0286,0.0334,0.6089,0.6201,0.6183,1.3387,1.1201,1.3382,0.1354,0.1354,0.1346,0.2008,0.1899,0.2412
2505,2,47,29.3948,35.2170,27.5876,0.0000,0.0000,0.0000,0.0339,0.0397,0.0307,0.4188,0.3948,0.3953,0.9693,1.1986,0.9621,0.1342,0.1333,0.1338,0.1573,0.2358,0.2255
2505,2,48,31.5862,29.0587,34.6369,0.0000,0.0000,0.0000,0.0399,0.0365,0.0436,0.4845,0.4510,0.4153,0.7939,0.7636,0.8961,0.1442,0.1453,0.1452,0.2191,0.1372,0.2018
2505,2,49,32.8437,31.4466,28.9536,0.0000,0.0000,0.0000,0.0467,0.0428,0.0396,0.5956,0.5937,0.5454,0.7184,0.6631,0.6456,0.1351,0.1345,0.1334,0.1388,0.1738,0.1052
2505,2,50,34.8659,32.6693,31.2381,0.0000,0.0000,0.0000,0.0535,0.0485,0.0444,0.7135,0.6828,0.6774,0.8253,0.7892,0.7696,0.1359,0.1371,0.1359,0.1181,0.1741,0.2256
2505,2,51,27.9685,34.8213,32.5391,0.0000,0.0000,0.0000,0.0473,0.0580,0.0535,0.8125,0.8233,0.7871,0.7589,0.8572,0.8430,0.1759,0.1759,0.1741,0.2355,0.1452,0.2157
2505,2,52,35.2199,28.3798,35.1802,0.0000,0.0000,0.0000,0.0639,0.0504,0.0625,1.0144,1.0266,1.0541,0.7612,0.6169,0.7346,0.1856,0.1866,0.1836,0.1775,0.1564,0.0995
2505,2,53,32.5575,35.7570,29.0907,0.0000,0.0000,0.0000,0.0628,0.0685,0.0533,1.1665,1.2222,1.2387,0.6556,0.7161,0.5747,0.1459,0.1433,0.1424,0.0411,0.0682,0.0632
2505,2,54,32.7518,33.1836,36.3666,0.0000,0.0000,0.0000,0.0727,0.0714,0.0768,1.4300,1.3147,1.3712,0.7192,0.7319,0.8064,0.1253,0.1242,0.1257,0.0159,0.0176,0.0292
2505,2,55,40.5190,33.4119,33.7122,0.0000,0.0000,0.0000,0.0967,0.0793,0.0790,1.6999,1.5411,1.4237,1.1263,0.8746,0.8903,0.1184,0.1193,0.1194,0.0952,0.0503,0.0556
2505,2,56,46.8916,40.3973,33.5466,0.0000,0.0000,0.0000,0.1363,0.1126,0.0929,1.3469,1.3492,1.2223,1.3356,1.3030,1.0033,0.1139,0.1127,0.1111,0.1003,0.1895,0.1054
2505,2,57,46.6159,46.5462,40.0694,0.0000,0.0000,0.0000,0.1469,0.1447,0.1198,1.0002,0.9909,0.9858,1.2336,1.2045,1.1383,0.1010,0.1005,0.0989,0.1145,0.0911,0.1717
2505,2,58,33.9582,46.2431,46.1873,0.0000,0.0000,0.0000,0.1208,0.1624,0.1605,0.7417,0.7434,0.7344,0.6951,0.9534,0.9513,0.0846,0.0842,0.0822,0.0516,0.0898,0.0671
2505,2,59,32.9585,33.9965,46.0317,0.0000,0.0000,0.0000,0.1289,0.1292,0.1722,0.6345,0.7285,0.7401,0.5744,0.5816,0.7857,0.0414,0.0416,0.0404,0.0161,0.0223,0.0386
2505,2,60,42.8189,33.0488,34.1836,0.0000,0.0000,0.0000,0.1889,0.1437,0.1444,0.7485,0.7938,0.9071,0.7720,0.5954,0.6108,0.0358,0.0355,0.0349,0.0053,0.0029,0.0041
2505,2,61,36.7924,42.5202,33.1022,0.0000,0.0000,0.0000,0.1780,0.2079,0.1574,0.8033,0.8465,0.9020,0.9128,1.0172,0.7722,0.0761,0.0775,0.0768,0.0000,0.0000,0.0000
2505,2,62,40.5898,36.4587,42.1504,0.0000,0.0000,0.0000,0.2115,0.1857,0.2160,0.8897,0.8886,0.9324,1.2201,1.1622,1.2151,0.1228,0.1228,0.1240,0.0000,0.0000,0.0000
2505,2,63,54.3768,40.2842,36.2073,0.0000,0.0000,0.0000,0.3252,0.2380,0.2071,0.9554,0.9376,0.9377,1.3650,1.1246,1.0950,0.1113,0.1113,0.1099,0.0000,0.0000,0.0000
2505,2,64,39.7940,53.8002,39.9719,0.0000,0.0000,0.0000,0.2605,0.3477,0.2534,0.7858,0.7801,0.7618,0.8050,1.0765,0.8973,0.0708,0.0698,0.0695,0.0000,0.0000,0.0000
2505,2,65,45.6321,39.5015,53.1474,0.0000,0.0000,0.0000,0.3642,0.3108,0.4118,0.7475,0.7216,0.7171,0.8018,0.7532,1.0028,0.0551,0.0560,0.0551,0.0059,0.0086,0.0108
2505,2,66,38.7995,45.2068,39.1593,0.0000,0.0000,0.0000,0.3346,0.3878,0.3302,0.7247,0.7013,0.6801,0.6249,0.7607,0.6991,0.0509,0.0509,0.0500,0.0157,0.0310,0.0436
2505,2,67,43.4462,38.5509,44.7341,0.0000,0.0000,0.0000,0.4108,0.3581,0.4127,0.6973,0.7388,0.7091,0.7561,0.6349,0.7486,0.0403,0.0394,0.0403,0.1244,0.0336,0.0621
2505,2,68,37.4432,42.7661,38.1472,0.0000,0.0000,0.0000,0.3957,0.4460,0.3912,0.6205,0.6431,0.6770,0.7060,0.8034,0.7013,0.0472,0.0472,0.0472,0.1251,0.1204,0.0351
2505,2,69,38.3987,36.8596,42.0629,0.0000,0.0000,0.0000,0.4441,0.4202,0.4739,0.5704,0.5307,0.5486,0.6998,0.6712,0.7571,0.0406,0.0406,0.0394,0.0679,0.0641,0.0598
2505,2,70,30.6700,37.8594,36.3390,0.0000,0.0000,0.0000,0.3940,0.4801,0.4566,0.4901,0.4895,0.4618,0.4336,0.5424,0.5204,0.0239,0.0239,0.0239,0.0149,0.0297,0.0282
2505,2,71,31.6189,30.3345,37.3175,0.0000,0.0000,0.0000,0.4528,0.4277,0.5200,0.4748,0.4876,0.4903,0.4057,0.3848,0.4698,0.0185,0.0192,0.0192,0.0156,0.0297,0.0607
2505,2,72,49.9746,31.1420,29.8890,0.0000,0.0000,0.0000,0.7883,0.4852,0.4590,0.5117,0.4769,0.4904,0.7449,0.4624,0.4450,0.0228,0.0218,0.0228,0.0263,0.0282,0.0544
2505,2,73,41.2033,48.9060,30.6309,0.0000,0.0000,0.0000,0.7273,0.8525,0.5281,0.5414,0.5147,0.4785,0.6135,0.7288,0.4598,0.0194,0.0191,0.0188,0.0170,0.0180,0.0202
2505,2,74,36.4460,40.5137,47.9541,0.0000,0.0000,0.0000,0.7085,0.7754,0.9066,0.6118,0.5505,0.5161,0.4539,0.4863,0.5767,0.0289,0.0277,0.0263,0.0275,0.0052,0.0057
2505,2,75,36.4864,35.9600,39.8613,0.0000,0.0000,0.0000,0.7901,0.7730,0.8393,0.5904,0.6037,0.5390,0.3519,0.3482,0.3835,0.0425,0.0425,0.0398,0.0072,0.0070,0.0083
2505,2,76,43.2170,35.8925,35.3849,0.0000,0.0000,0.0000,1.0370,0.8517,0.8324,0.6212,0.5921,0.6153,0.3511,0.3221,0.3442,0.0263,0.0246,0.0246,0.0418,0.0375,0.0362
2505,2,77,43.9274,42.2840,35.1626,0.0000,0.0000,0.0000,1.1985,1.1340,0.9324,0.6514,0.6829,0.6591,0.4544,0.4116,0.3976,0.0056,0.0051,0.0051,0.0725,0.0729,0.0647
2505,2,78,34.2698,42.8414,41.3320,0.0000,0.0000,0.0000,1.0546,1.3085,1.2414,0.7439,0.7658,0.8003,0.3763,0.4941,0.4660,0.0000,0.0000,0.0000,0.0396,0.0462,0.0441
2505,2,79,38.8801,33.4712,41.7080,0.0000,0.0000,0.0000,1.3606,1.1485,1.4178,0.6797,0.7329,0.7570,0.4339,0.3760,0.4610,0.0052,0.0046,0.0046,0.0120,0.0117,0.0146
2506,1,0,11.0683,10.5863,10.1847,10.9965,10.5081,10.1028,0.0186,0.0176,0.0167,0.2547,0.2522,0.2497,0.2104,0.2010,0.1931,0.0468,0.0456,0.0433,0.0000,0.0000,0.0000
2506,1,1,9.2619,11.2341,10.7639,0.0000,0.0000,0.0000,0.0028,0.0034,0.0033,0.5732,0.5649,0.5588,0.3514,0.4321,0.4132,0.0385,0.0383,0.0378,0.0001,0.0001,0.0001
2506,1,2,11.1291,9.4702,11.3500,0.0000,0.0000,0.0000,0.0013,0.0011,0.0012,0.5403,0.5449,0.5373,0.4511,0.3789,0.4596,0.0409,0.0407,0.0403,0.0001,0.0000,0.0001
2506,1,3,14.9358,11.2087,9.6281,0.0000,0.0000,0.0000,0.0010,0.0008,0.0006,0.5457,0.5340,0.5366,0.6565,0.4940,0.4201,0.0410,0.0409,0.0408,0.0001,0.0000,0.0000
2506,1,4,10.0585,14.6714,11.1914,0.0000,0.0000,0.0000,0.0007,0.0009,0.0008,0.5158,0.5173,0.5060,0.4810,0.7956,0.5465,0.0261,0.0259,0.0258,0.0000,0.0000,0.0000
2506,1,5,10.9825,10.0686,14.3352,0.0000,0.0000,0.0000,0.0006,0.0005,0.0007,0.4287,0.4233,0.4268,0.4765,0.4442,0.7813,0.0333,0.0333,0.0331,0.0000,0.0000,0.0000
2506,1,6,15.7918,10.9537,10.0662,0.0000,0.0000,0.0000,0.0008,0.0006,0.0005,0.3585,0.3479,0.3406,0.6228,0.4314,0.3990,0.0588,0.0587,0.0582,0.0000,0.0000,0.0000
2506,1,7,9.0469,15.5847,10.9123,0.0000,0.0000,0.0000,0.0005,0.0008,0.0006,0.3086,0.3085,0.2983,0.3231,0.5685,0.3960,0.0682,0.0681,0.0678,0.0063,0.0112,0.0078
2506,1,8,11.0063,9.1146,15.4228,0.0000,0.0000,0.0000,0.0004,0.0003,0.0008,0.2724,0.2790,0.2730,0.3283,0.2793,0.4809,0.0928,0.0924,0.0918,0.0285,0.0229,0.0404
2506,1,9,9.1900,11.0950,9.2396,0.0000,0.0000,0.0000,0.0003,0.0004,0.0003,0.2941,0.2901,0.2937,0.2205,0.3080,0.2814,0.1586,0.1586,0.1583,0.0392,0.0494,0.0428
2506,1,10,13.8044,9.4348,11.2626,0.0000,0.0000,0.0000,0.0005,0.0003,0.0004,0.3518,0.3492,0.3486,0.6968,0.2900,0.3600,0.2242,0.2247,0.2238,0.0810,0.0338,0.0414
2506,1,11,21.0984,13.8146,9.6906,0.0000,0.0000,0.0000,0.0011,0.0007,0.0005,0.4196,0.4154,0.4162,0.5276,0.5895,0.3539,0.2200,0.2195,0.2190,0.0135,0.0366,0.0192
2506,1,12,14.9172,20.9467,13.7853,0.0000,0.0000,0.0000,0.0007,0.0011,0.0007,0.3753,0.3663,0.3623,0.6137,0.6902,0.5506,0.1800,0.1796,0.1792,0.0241,0.0062,0.0189
2506,1,13,15.8310,14.6758,20.5511,0.0000,0.0000,0.0000,0.0011,0.0010,0.0015,0.2786,0.2816,0.2751,0.5642,0.6112,0.7744,0.1161,0.1161,0.1164,0.0000,0.0254,0.0104
2506,1,14,6.2521,15.7937,14.6072,0.0000,0.0000,0.0000,0.0005,0.0014,0.0012,0.2544,0.2501,0.2545,0.1664,0.4489,0.4690,0.1656,0.1645,0.1652,0.0000,0.0023,0.0150
2506,1,15,14.1684,6.6646,15.9790,0.0000,0.0000,0.0000,0.0015,0.0007,0.0017,0.2432,0.2477,0.2431,0.3939,0.1550,0.3760,0.3277,0.3283,0.3282,0.0094,0.0036,0.0082
2506,1,16,12.1624,14.3744,7.2009,0.0000,0.0000,0.0000,0.0017,0.0020,0.0010,0.3173,0.3160,0.3201,0.6491,0.5979,0.2769,0.5190,0.5190,0.5185,0.0219,0.0268,0.0137
2506,1,17,13.2352,12.2276,14.4252,0.0000,0.0000,0.0000,0.0027,0.0024,0.0030,0.6565,0.6737,0.6749,0.8692,1.0646,1.0671,0.5037,0.5037,0.5010,0.0428,0.0379,0.0456
2506,1,18,12.0090,13.0273,11.9731,0.0000,0.0000,0.0000,0.0034,0.0039,0.0033,1.0436,1.0419,1.0714,1.3431,1.5507,1.6308,0.3658,0.3650,0.3638,0.0422,0.0458,0.0435
2506,1,19,9.1367,11.6593,12.4755,0.0000,0.0000,0.0000,0.0034,0.0047,0.0049,1.4012,1.4310,1.4295,1.4751,1.9779,2.1776,0.2705,0.2701,0.2707,0.0379,0.0496,0.0548
2506,1,20,14.8885,9.1785,11.2677,0.0000,0.0000,0.0000,0.0102,0.0057,0.0072,1.5543,1.5663,1.6002,2.8317,1.7058,2.1683,0.2222,0.2226,0.2221,0.0313,0.0204,0.0258
2506,1,21,7.5124,14.0831,9.2810,0.0000,0.0000,0.0000,0.0052,0.0110,0.0065,1.5967,1.5870,1.5957,1.2403,2.5416,1.6408,0.1674,0.1681,0.1682,0.0057,0.0095,0.0081
2506,1,22,12.8915,7.8203,13.3044,0.0000,0.0000,0.0000,0.0107,0.0061,0.0116,1.6540,1.5362,1.5128,2.8621,1.3593,2.4257,0.1497,0.1504,0.1501,0.0547,0.0157,0.0184
2506,1,23,12.4392,11.9295,8.0100,0.0000,0.0000,0.0000,0.0109,0.0104,0.0067,1.9245,1.6330,1.5051,3.4591,2.6264,1.4011,0.1254,0.1251,0.1244,0.1550,0.1014,0.0400
2506,1,24,14.5630,11.2672,11.2265,0.0000,0.0000,0.0000,0.0140,0.0099,0.0102,1.4402,1.6558,1.4111,2.8511,2.7602,2.1056,0.0703,0.0701,0.0695,0.1236,0.1361,0.0911
2506,1,25,14.0521,13.9101,10.7930,0.0000,0.0000,0.0000,0.0129,0.0131,0.0091,1.2023,1.3081,1.4967,2.1582,1.9493,1.9238,0.0243,0.0241,0.0239,0.0655,0.0532,0.0588
2506,1,26,14.1492,13.5949,13.6240,0.0000,0.0000,0.0000,0.0141,0.0128,0.0131,1.1823,1.1471,1.2271,1.0309,1.6059,1.4991,0.0261,0.0259,0.0257,0.0312,0.0410,0.0378
2506,1,27,9.8122,14.5444,13.6417,0.0000,0.0000,0.0000,0.0092,0.0142,0.0130,1.4520,1.4260,1.3860,0.6696,1.0265,1.3316,0.0768,0.0764,0.0756,0.0440,0.0709,0.0761
2506,1,28,20.2865,10.7727,15.0817,0.0000,0.0000,0.0000,0.0209,0.0100,0.0149,1.7967,1.6870,1.6444,1.5042,0.7894,1.1265,0.1419,0.1410,0.1394,0.1289,0.0667,0.0981
2506,1,29,14.8641,20.4514,11.6063,0.0000,0.0000,0.0000,0.0145,0.0207,0.0105,1.8500,1.8066,1.6956,1.0906,1.6681,0.9500,0.1799,0.1789,0.1771,0.0771,0.1233,0.0708
2506,1,30,19.6342,15.0552,20.0272,0.0000,0.0000,0.0000,0.0201,0.0153,0.0203,1.3995,1.3544,1.3247,1.7412,1.2262,1.7309,0.1686,0.1676,0.1658,0.1712,0.0973,0.1485
2506,1,31,15.4426,18.9848,14.9153,0.0000,0.0000,0.0000,0.0157,0.0197,0.0150,1.1213,1.0824,1.0466,1.4576,1.5573,1.1342,0.1382,0.1374,0.1362,0.3591,0.2826,0.1732
2506,1,32,22.3135,14.8907,18.4308,0.0000,0.0000,0.0000,0.0233,0.0149,0.0187,1.1127,1.1013,1.0702,2.2541,1.3827,1.4217,0.1195,0.1188,0.1175,0.6270,0.3758,0.2901
2506,1,33,11.7454,21.1684,14.5503,0.0000,0.0000,0.0000,0.0116,0.0215,0.0142,0.9704,1.0016,0.9920,1.1173,1.8985,1.2299,0.1365,0.1357,0.1340,0.2242,0.3452,0.2211
2506,1,34,16.2102,11.6351,20.4220,0.0000,0.0000,0.0000,0.0172,0.0118,0.0210,0.7952,0.7989,0.8276,0.7268,0.9341,1.5314,0.1571,0.1561,0.1545,0.0000,0.1112,0.1592
2506,1,35,12.9343,16.3489,11.6225,0.0000,0.0000,0.0000,0.0132,0.0170,0.0115,0.7154,0.7528,0.7637,0.8313,0.7210,0.8118,0.1541,0.1531,0.1518,0.0890,0.0295,0.0969
2506,1,36,14.8320,12.6871,16.2292,0.0000,0.0000,0.0000,0.0157,0.0133,0.0167,0.5959,0.6014,0.6297,0.7733,0.8368,0.7594,0.1107,0.1103,0.1089,0.0868,0.1051,0.0808
2506,1,37,17.6728,14.4965,12.3578,0.0000,0.0000,0.0000,0.0193,0.0155,0.0131,0.4380,0.4430,0.4502,0.7108,0.7332,0.7386,0.0813,0.0809,0.0802,0.1134,0.1097,0.1047
2506,1,38,14.7255,17.3756,14.2479,0.0000,0.0000,0.0000,0.0166,0.0194,0.0156,0.3768,0.3921,0.3964,0.6376,0.6725,0.6268,0.0809,0.0807,0.0801,0.0790,0.0771,0.0812
2506,1,39,17.6592,14.5229,17.1335,0.0000,0.0000,0.0000,0.0202,0.0163,0.0191,0.4740,0.4728,0.4925,0.8313,0.6938,0.7754,0.1024,0.1022,0.1016,0.0693,0.0680,0.0414
2506,1,40,19.5451,17.2236,14.2580,0.0000,0.0000,0.0000,0.0235,0.0204,0.0162,0.5852,0.5740,0.5731,1.1346,1.0380,0.8625,0.1102,0.1097,0.1093,0.0000,0.0644,0.0679
2506,1,41,8.9777,19.0645,16.7987,0.0000,0.0000,0.0000,0.0107,0.0235,0.0204,0.5562,0.5785,0.5657,0.5674,1.1031,1.0018,0.0713,0.0709,0.0705,0.0699,0.0088,0.0396
2506,1,42,14.8538,9.0912,18.8647,0.0000,0.0000,0.0000,0.0182,0.0108,0.0230,0.4980,0.4834,0.5014,0.6318,0.3824,0.7348,0.0638,0.0634,0.0630,0.0543,0.0376,0.0091
2506,1,43,12.2515,14.9444,9.3603,0.0000,0.0000,0.0000,0.0162,0.0192,0.0114,0.5098,0.5340,0.5186,0.3112,0.4428,0.2792,0.0865,0.0862,0.0858,0.0244,0.0635,0.0440
2506,1,44,13.3089,12.4912,15.0101,0.0000,0.0000,0.0000,0.0198,0.0181,0.0210,0.5031,0.5044,0.5293,0.2114,0.2695,0.4210,0.0698,0.0698,0.0690,0.0324,0.0534,0.0893
2506,1,45,11.1672,13.5037,12.6156,0.0000,0.0000,0.0000,0.0168,0.0206,0.0184,0.4816,0.4995,0.4992,0.2873,0.2837,0.3441,0.0729,0.0725,0.0715,0.0783,0.0720,0.0871
2506,1,46,11.8124,11.2000,13.5291,0.0000,0.0000,0.0000,0.0192,0.0184,0.0221,0.4603,0.4375,0.4562,0.6306,0.4011,0.4238,0.0971,0.0960,0.0952,0.0976,0.0769,0.0787
2506,1,47,12.8998,11.5814,11.1755,0.0000,0.0000,0.0000,0.0238,0.0204,0.0197,0.4748,0.4425,0.4124,0.5947,0.6852,0.4682,0.1166,0.1161,0.1153,0.0754,0.0855,0.0607
2506,1,48,15.7476,12.7694,11.3357,0.0000,0.0000,0.0000,0.0329,0.0258,0.0223,0.4275,0.4296,0.4037,0.6655,0.5613,0.6269,0.1072,0.1067,0.1054,0.0870,0.0808,0.1054
2506,1,49,15.0462,15.7798,12.8785,0.0000,0.0000,0.0000,0.0343,0.0359,0.0283,0.4905,0.4962,0.4816,0.4891,0.5050,0.4252,0.1409,0.1405,0.1400,0.0639,0.0630,0.0599
2506,1,50,20.0957,15.2920,16.0203,0.0000,0.0000,0.0000,0.0509,0.0375,0.0388,0.5347,0.5153,0.5207,0.4766,0.3456,0.3543,0.1575,0.1569,0.1569,0.0709,0.0461,0.0449
2506,1,51,15.1952,20.2575,15.5687,0.0000,0.0000,0.0000,0.0424,0.0563,0.0412,0.4933,0.4915,0.4758,0.3812,0.3839,0.2801,0.1438,0.1434,0.1417,0.0475,0.0357,0.0241
2506,1,52,17.1644,15.3883,20.3760,0.0000,0.0000,0.0000,0.0500,0.0435,0.0584,0.4694,0.4706,0.4714,0.3885,0.4011,0.4299,0.1608,0.1600,0.1582,0.0210,0.0208,0.0251
2506,1,53,18.0693,17.2675,15.5521,0.0000,0.0000,0.0000,0.0616,0.0579,0.0512,0.4983,0.5046,0.5076,0.4916,0.4526,0.4288,0.1531,0.1504,0.1490,0.0421,0.0373,0.0361
2506,1,54,12.1964,17.9694,17.2125,0.0000,0.0000,0.0000,0.0464,0.0675,0.0636,0.5453,0.5274,0.5324,0.3831,0.5989,0.5654,0.1080,0.1063,0.1055,0.0290,0.0790,0.0605
2506,1,55,18.7317,12.2742,17.7341,0.0000,0.0000,0.0000,0.0772,0.0492,0.0710,0.4845,0.4544,0.4396,0.6370,0.3891,0.5951,0.0926,0.0917,0.0912,0.1351,0.0334,0.1119
2506,1,56,29.4049,18.3995,12.2383,0.0000,0.0000,0.0000,0.1400,0.0848,0.0549,0.3375,0.3352,0.3180,0.8121,0.5407,0.3354,0.0601,0.0596,0.0588,0.0463,0.1050,0.0260
2506,1,57,23.5557,28.8735,18.0888,0.0000,0.0000,0.0000,0.1217,0.1478,0.0892,0.3632,0.3625,0.3578,0.6128,0.7170,0.4875,0.0200,0.0200,0.0196,0.0987,0.0538,0.1125
2506,1,58,26.7167,23.3221,28.5503,0.0000,0.0000,0.0000,0.1482,0.1263,0.1534,0.5426,0.5491,0.5473,0.5964,0.5264,0.6371,0.0028,0.0028,0.0028,0.0903,0.1364,0.0884
2506,1,59,16.2511,26.7163,23.3706,0.0000,0.0000,0.0000,0.0998,0.1632,0.1396,0.6946,0.7361,0.7450,0.2982,0.5013,0.4621,0.0052,0.0051,0.0050,0.0493,0.0831,0.1039
2506,1,60,18.1038,16.4349,26.6799,0.0000,0.0000,0.0000,0.1211,0.1078,0.1716,0.5521,0.5610,0.5933,0.3285,0.2700,0.4517,0.0223,0.0223,0.0218,0.0251,0.0207,0.0346
2506,1,61,26.7876,18.0715,16.4763,0.0000,0.0000,0.0000,0.2031,0.1341,0.1190,0.3947,0.4043,0.4110,0.4253,0.3347,0.2769,0.0375,0.0366,0.0366,0.0167,0.0101,0.0099
2506,1,62,21.6947,26.3938,17.8830,0.0000,0.0000,0.0000,0.1814,0.2154,0.1432,0.3772,0.3768,0.3808,0.4978,0.5396,0.4278,0.0271,0.0270,0.0265,0.0384,0.0431,0.0327
2506,1,63,16.8492,21.3210,25.9471,0.0000,0.0000,0.0000,0.1550,0.1940,0.2309,0.4028,0.3813,0.3822,0.3535,0.4920,0.5207,0.0250,0.0249,0.0249,0.0739,0.1025,0.1037
2506,1,64,17.8667,16.7622,21.0427,0.0000,0.0000,0.0000,0.1833,0.1667,0.2078,0.3803,0.3864,0.3668,0.2738,0.2574,0.3556,0.0302,0.0302,0.0298,0.0916,0.0846,0.1206
2506,1,65,19.9376,17.7967,16.7257,0.0000,0.0000,0.0000,0.1859,0.1624,0.1491,0.3639,0.3639,0.3681,0.2268,0.2498,0.2356,0.0190,0.0187,0.0185,0.0346,0.0447,0.0428
2506,1,66,25.7058,19.8024,17.6713,0.0000,0.0000,0.0000,0.2649,0.1987,0.1742,0.3220,0.3336,0.3299,0.3472,0.2695,0.2792,0.0049,0.0047,0.0048,0.0087,0.0070,0.0093
2506,1,67,26.5529,25.3333,19.6007,0.0000,0.0000,0.0000,0.3028,0.2836,0.2132,0.3132,0.3144,0.3216,0.4642,0.4078,0.3155,0.0049,0.0048,0.0050,0.0000,0.0000,0.0000
2506,1,68,19.8107,26.1802,24.9669,0.0000,0.0000,0.0000,0.2410,0.3118,0.2919,0.3707,0.3645,0.3654,0.3390,0.4465,0.4595,0.0196,0.0196,0.0196,0.0000,0.0000,0.0000
2506,1,69,26.6964,19.6821,25.8790,0.0000,0.0000,0.0000,0.3619,0.2588,0.3334,0.4053,0.3939,0.3875,0.3535,0.2861,0.3736,0.0329,0.0322,0.0322,0.0224,0.0098,0.0135
2506,1,70,14.0244,26.4083,19.5790,0.0000,0.0000,0.0000,0.2087,0.3888,0.2808,0.3637,0.3735,0.3650,0.1188,0.2153,0.1750,0.0193,0.0193,0.0188,0.0319,0.0731,0.0314
2506,1,71,19.8960,14.0364,26.0935,0.0000,0.0000,0.0000,0.3226,0.2225,0.4085,0.3759,0.3789,0.3871,0.1610,0.0969,0.1736,0.0054,0.0052,0.0052,0.0001,0.0533,0.1212
2506,1,72,14.9152,19.6679,13.9800,0.0000,0.0000,0.0000,0.2708,0.3491,0.2419,0.3731,0.3629,0.3632,0.1720,0.2438,0.1484,0.0046,0.0043,0.0041,0.0204,0.0011,0.0333
2506,1,73,20.6142,14.7167,19.2973,0.0000,0.0000,0.0000,0.4159,0.2886,0.3699,0.2960,0.2870,0.2816,0.2730,0.2110,0.2967,0.0179,0.0172,0.0158,0.0162,0.0058,0.0004
2506,1,74,21.3886,20.0829,14.3802,0.0000,0.0000,0.0000,0.4942,0.4547,0.3159,0.1892,0.1844,0.1785,0.3347,0.2960,0.2298,0.0316,0.0302,0.0287,0.0000,0.0000,0.0000
2506,1,75,24.1029,20.6505,19.4202,0.0000,0.0000,0.0000,0.6254,0.5214,0.4799,0.0681,0.0678,0.0659,0.3664,0.3096,0.2741,0.0280,0.0266,0.0252,0.0000,0.0000,0.0000
2506,1,76,23.9717,23.1219,19.8333,0.0000,0.0000,0.0000,0.6960,0.6596,0.5513,0.0023,0.0023,0.0023,0.3692,0.3556,0.3009,0.0342,0.0326,0.0309,0.0000,0.0000,0.0000
2506,1,77,19.9961,22.8692,22.0699,0.0000,0.0000,0.0000,0.6640,0.7409,0.7021,0.0000,0.0000,0.0000,0.3884,0.4074,0.3926,0.0479,0.0454,0.0428,0.0000,0.0000,0.0000
2506,1,78,14.1749,18.8565,21.6218,0.0000,0.0000,0.0000,0.5387,0.7005,0.7840,0.0391,0.0403,0.0430,0.3554,0.5077,0.5328,0.0302,0.0284,0.0266,0.0001,0.0000,0.0001
2506,1,79,15.9743,13.3745,17.7437,0.0000,0.0000,0.0000,0.6801,0.5558,0.7229,0.0995,0.1003,0.1042,0.4484,0.3484,0.4973,0.0035,0.0032,0.0032,0.0000,0.0001,0.0000
2506,2,0,10.4164,9.9667,9.5924,10.3933,9.9317,9.5485,0.0169,0.0160,0.0153,0.4206,0.4148,0.4090,0.3823,0.3650,0.3507,0.0000,0.0000,0.0000,0.0000,0.0000,0.0000
2506,2,1,8.2803,10.5315,10.0993,0.0000,0.0000,0.0000,0.0026,0.0032,0.0031,0.7618,0.7441,0.7342,0.5013,0.6527,0.6245,0.0263,0.0263,0.0260,0.0000,0.0000,0.0000
2506,2,2,11.1298,8.5618,10.6837,0.0000,0.0000,0.0000,0.0012,0.0009,0.0012,0.6518,0.6623,0.6483,0.5769,0.4329,0.5509,0.0577,0.0575,0.0570,0.0000,0.0000,0.0000
2506,2,3,16.7875,11.2003,8.7703,0.0000,0.0000,0.0000,0.0012,0.0008,0.0006,0.5748,0.5646,0.5732,0.8683,0.5688,0.4378,0.0793,0.0788,0.0782,0.0000,0.0000,0.0000
2506,2,4,12.0572,16.6110,11.2418,0.0000,0.0000,0.0000,0.0009,0.0012,0.0008,0.5070,0.4967,0.4893,0.5165,0.7421,0.5140,0.0708,0.0706,0.0702,0.0000,0.0000,0.0000
2506,2,5,14.9452,12.0785,16.4262,0.0000,0.0000,0.0000,0.0008,0.0006,0.0009,0.4235,0.4263,0.4184,0.5437,0.4728,0.6707,0.0713,0.0711,0.0704,0.0000,0.0000,0.0000
2506,2,6,11.0419,14.7954,12.0180,0.0000,0.0000,0.0000,0.0006,0.0008,0.0006,0.3702,0.3603,0.3620,0.3804,0.5552,0.4705,0.0533,0.0530,0.0527,0.0000,0.0015,0.0022
2506,2,7,10.0240,11.0145,14.6261,0.0000,0.0000,0.0000,0.0005,0.0006,0.0005,0.3074,0.3129,0.3053,0.3157,0.3685,0.4971,0.0338,0.0336,0.0335,0.0000,0.0041,0.0059
2506,2,8,11.0396,10.0660,11.0151,0.0000,0.0000,0.0000,0.0004,0.0004,0.0004,0.3346,0.3252,0.3209,0.3361,0.3169,0.3513,0.0434,0.0434,0.0432,0.0000,0.0069,0.0098
2506,2,9,16.7119,11.1361,10.1689,0.0000,0.0000,0.0000,0.0006,0.0004,0.0004,0.3968,0.3955,0.3786,0.6779,0.3595,0.3336,0.0756,0.0754,0.0749,0.0708,0.0095,0.0128
2506,2,10,14.8791,16.5182,11.2307,0.0000,0.0000,0.0000,0.0005,0.0006,0.0004,0.3601,0.3464,0.3478,0.5843,0.6241,0.3586,0.1211,0.1208,0.1202,0.0284,0.0265,0.0090
2506,2,11,12.1352,14.7267,16.3158,0.0000,0.0000,0.0000,0.0007,0.0008,0.0009,0.2600,0.2553,0.2466,0.2876,0.5555,0.5817,0.1615,0.1623,0.1615,0.0000,0.0217,0.0198
2506,2,12,9.1298,12.1154,14.4201,0.0000,0.0000,0.0000,0.0005,0.0007,0.0008,0.2010,0.1994,0.1944,0.2385,0.3790,0.6385,0.1678,0.1678,0.1674,0.0001,0.0084,0.0340
2506,2,13,11.7263,9.1732,12.0132,0.0000,0.0000,0.0000,0.0006,0.0007,0.0007,0.2032,0.2093,0.2069,0.6463,0.3495,0.4893,0.1899,0.1894,0.1884,0.0213,0.0038,0.0079
2506,2,14,11.0714,11.5480,9.2210,0.0000,0.0000,0.0000,0.0009,0.0008,0.0006,0.1964,0.1977,0.2023,0.3576,0.6028,0.3831,0.2335,0.2323,0.2329,0.0000,0.0049,0.0017
2506,2,15,13.0635,11.1167,11.3998,0.0000,0.0000,0.0000,0.0013,0.0010,0.0010,0.1378,0.1403,0.1419,0.3336,0.3584,0.5510,0.2652,0.2659,0.2645,0.0000,0.0000,0.0000
2506,2,16,13.2200,13.1955,11.2460,0.0000,0.0000,0.0000,0.0015,0.0015,0.0013,0.1981,0.1974,0.1991,0.3108,0.3967,0.4052,0.3405,0.3405,0.3405,0.0000,0.0000,0.0000
2506,2,17,11.1622,13.4240,13.3479,0.0000,0.0000,0.0000,0.0015,0.0018,0.0018,0.4692,0.4564,0.4555,0.6962,0.6288,0.6821,0.3917,0.3907,0.3887,0.0014,0.0006,0.0009
2506,2,18,10.7552,11.1093,13.2362,0.0000,0.0000,0.0000,0.0017,0.0017,0.0021,0.8636,0.9110,0.8821,1.4533,1.3271,1.4219,0.3813,0.3788,0.3788,0.0188,0.0131,0.0110
2506,2,19,12.5041,9.9143,10.3618,0.0000,0.0000,0.0000,0.0025,0.0018,0.0019,1.2427,1.1934,1.2363,1.9607,2.2330,2.2000,0.2710,0.2703,0.2687,0.0377,0.0567,0.0505
2506,2,20,14.0781,11.6692,9.0945,0.0000,0.0000,0.0000,0.0033,0.0026,0.0018,1.3761,1.4453,1.4184,4.3061,2.3088,2.2780,0.1260,0.1261,0.1263,0.1170,0.0833,0.0725
2506,2,21,5.3926,12.0634,10.8997,0.0000,0.0000,0.0000,0.0011,0.0031,0.0026,1.4182,1.4185,1.4802,2.0918,3.4310,2.2442,0.0808,0.0821,0.0837,0.0280,0.0830,0.0789
2506,2,22,7.4386,5.3247,10.8796,0.0000,0.0000,0.0000,0.0018,0.0011,0.0027,1.4423,1.4409,1.4467,2.0651,1.5881,2.6726,0.0901,0.0915,0.0931,0.0328,0.0208,0.0582
2506,2,23,7.1141,7.4342,5.7107,0.0000,0.0000,0.0000,0.0017,0.0018,0.0012,1.4745,1.5001,1.5052,1.4642,1.6131,1.2417,0.1383,0.1385,0.1383,0.0369,0.0374,0.0264
2506,2,24,10.3411,7.3470,7.6271,0.0000,0.0000,0.0000,0.0026,0.0018,0.0018,1.4204,1.4361,1.4635,2.2013,1.3446,1.4161,0.1762,0.1755,0.1743,0.0553,0.0386,0.0395
2506,2,25,7.4769,10.0627,7.6411,0.0000,0.0000,0.0000,0.0021,0.0029,0.0021,1.4543,1.4289,1.4415,1.0841,1.7871,1.2413,0.1234,0.1228,0.1219,0.0320,0.0397,0.0295
2506,2,26,12.7544,8.0218,9.9755,0.0000,0.0000,0.0000,0.0035,0.0022,0.0027,1.5017,1.4694,1.4442,2.7726,0.9894,1.5659,0.0919,0.0914,0.0908,0.0806,0.0340,0.0494
2506,2,27,14.5443,11.8151,8.5214,0.0000,0.0000,0.0000,0.0043,0.0034,0.0023,1.5249,1.4078,1.3798,1.9764,2.2958,0.9222,0.0875,0.0869,0.0861,0.1043,0.1411,0.0449
2506,2,28,6.9370,14.3409,11.5156,0.0000,0.0000,0.0000,0.0019,0.0046,0.0036,1.3789,1.3187,1.2226,0.4848,1.4765,1.4368,0.0671,0.0665,0.0659,0.0196,0.1116,0.1445
2506,2,29,13.9118,7.4951,14.0817,0.0000,0.0000,0.0000,0.0049,0.0024,0.0047,1.2017,1.1592,1.0989,1.2935,0.6302,1.3488,0.0544,0.0541,0.0536,0.0468,0.0197,0.0570
2506,2,30,11.1381,13.7653,7.8790,0.0000,0.0000,0.0000,0.0039,0.0048,0.0026,1.0180,0.9871,0.9525,0.9620,1.2096,0.6498,0.0943,0.0938,0.0928,0.0105,0.0113,0.0058
2506,2,31,15.7680,11.3247,13.7221,0.0000,0.0000,0.0000,0.0058,0.0041,0.0050,0.9244,0.9098,0.8829,1.2899,0.8605,1.0557,0.1497,0.1490,0.1472,0.0138,0.0072,0.0081
2506,2,32,6.6104,15.5576,11.4963,0.0000,0.0000,0.0000,0.0024,0.0059,0.0042,0.8480,0.8481,0.8355,0.3892,1.1596,0.7880,0.1658,0.1649,0.1631,0.0107,0.0582,0.0322
2506,2,33,12.1164,7.0964,15.2822,0.0000,0.0000,0.0000,0.0051,0.0028,0.0060,0.7480,0.7741,0.7716,0.7625,0.4288,1.1041,0.1704,0.1695,0.1679,0.0354,0.0243,0.1019
2506,2,34,14.9119,12.2494,7.5392,0.0000,0.0000,0.0000,0.0064,0.0051,0.0030,0.7037,0.7122,0.7281,0.9279,0.7289,0.4387,0.1825,0.1821,0.1802,0.0434,0.0276,0.0212
2506,2,35,22.5549,14.9391,12.4611,0.0000,0.0000,0.0000,0.0099,0.0064,0.0053,0.6784,0.6894,0.6972,1.2298,0.7993,0.6310,0.1789,0.1785,0.1766,0.0583,0.0373,0.0252
2506,2,36,18.9637,22.2546,15.0369,0.0000,0.0000,0.0000,0.0086,0.0102,0.0066,0.6661,0.6870,0.7023,0.8139,1.0599,0.7169,0.1827,0.1825,0.1807,0.0618,0.0926,0.0626
2506,2,37,11.0825,18.7769,21.7924,0.0000,0.0000,0.0000,0.0050,0.0091,0.0106,0.6434,0.6690,0.6864,0.6940,0.9482,1.2078,0.1871,0.1866,0.1853,0.0573,0.0841,0.1090
2506,2,38,9.7661,11.0216,18.3756,0.0000,0.0000,0.0000,0.0046,0.0055,0.0095,0.5494,0.5624,0.5866,0.9628,0.7996,1.1314,0.2051,0.2046,0.2033,0.0242,0.0283,0.0491
2506,2,39,12.7990,9.6978,11.0137,0.0000,0.0000,0.0000,0.0068,0.0049,0.0057,0.4291,0.4438,0.4521,0.8170,0.7070,0.6544,0.2085,0.2074,0.2062,0.0130,0.0111,0.0102
2506,2,40,20.7125,12.7565,9.7236,0.0000,0.0000,0.0000,0.0120,0.0070,0.0050,0.3949,0.3880,0.4021,0.8307,0.5827,0.5280,0.1904,0.1890,0.1880,0.0263,0.0277,0.0334
2506,2,41,9.1623,20.4322,12.6788,0.0000,0.0000,0.0000,0.0053,0.0118,0.0072,0.4842,0.4762,0.4720,0.4402,0.8458,0.6419,0.1609,0.1606,0.1597,0.0353,0.0538,0.0561
2506,2,42,8.9510,9.2385,19.9639,0.0000,0.0000,0.0000,0.0057,0.0059,0.0134,0.5799,0.5714,0.5686,0.7133,0.5947,1.1084,0.1452,0.1452,0.1440,0.0544,0.0374,0.0535
2506,2,43,10.3562,8.9486,9.3271,0.0000,0.0000,0.0000,0.0070,0.0057,0.0061,0.6125,0.6241,0.6153,0.4149,0.7384,0.6489,0.1657,0.1649,0.1637,0.0000,0.0460,0.0335
2506,2,44,13.2008,10.7556,9.1140,0.0000,0.0000,0.0000,0.0098,0.0077,0.0065,0.5748,0.5968,0.6065,0.5588,0.3910,0.6139,0.2044,0.2044,0.2023,0.0092,0.0031,0.0223
2506,2,45,13.0044,13.3684,11.0676,0.0000,0.0000,0.0000,0.0110,0.0113,0.0088,0.5139,0.4986,0.5166,0.6533,0.4787,0.3568,0.1680,0.1665,0.1646,0.0165,0.0070,0.0038
2506,2,46,10.2476,12.8959,13.3663,0.0000,0.0000,0.0000,0.0097,0.0119,0.0125,0.4310,0.4231,0.4090,0.3068,0.6144,0.5108,0.1346,0.1344,0.1334,0.0000,0.0426,0.0202
2506,2,47,11.9957,10.4124,12.7761,0.0000,0.0000,0.0000,0.0125,0.0107,0.0130,0.3771,0.3591,0.3512,0.4911,0.3508,0.5583,0.1769,0.1751,0.1750,0.0563,0.0064,0.0778
2506,2,48,16.7276,11.9838,10.5261,0.0000,0.0000,0.0000,0.0196,0.0137,0.0120,0.2526,0.2437,0.2316,0.6474,0.4300,0.3299,0.2373,0.2384,0.2367,0.1002,0.0532,0.0112
2506,2,49,17.7998,16.4736,11.9709,0.0000,0.0000,0.0000,0.0236,0.0209,0.0150,0.2109,0.2106,0.2033,0.5282,0.5550,0.3563,0.2180,0.2164,0.2145,0.0855,0.1103,0.0629
2506,2,50,16.5080,17.6650,16.2528,0.0000,0.0000,0.0000,0.0230,0.0243,0.0215,0.2693,0.2638,0.2641,0.6597,0.3953,0.4554,0.1137,0.1145,0.1134,0.2094,0.1016,0.1286
2506,2,51,14.8336,16.1716,17.6094,0.0000,0.0000,0.0000,0.0233,0.0248,0.0267,0.3007,0.3014,0.2956,0.3591,0.4680,0.2746,0.0486,0.0486,0.0481,0.1450,0.2131,0.1073
2506,2,52,15.0475,14.7670,15.9848,0.0000,0.0000,0.0000,0.0257,0.0246,0.0259,0.3580,0.3652,0.3646,0.2583,0.3449,0.4241,0.0283,0.0284,0.0279,0.0611,0.1015,0.1483
2506,2,53,14.9403,15.0565,14.7192,0.0000,0.0000,0.0000,0.0269,0.0274,0.0257,0.4307,0.4393,0.4450,0.4758,0.4353,0.4839,0.0521,0.0515,0.0509,0.0429,0.0255,0.0439
2506,2,54,16.8427,14.8588,14.9966,0.0000,0.0000,0.0000,0.0350,0.0300,0.0303,0.4771,0.4570,0.4671,0.6823,0.5915,0.5828,0.0918,0.0898,0.0897,0.0146,0.0119,0.0101
2506,2,55,26.3105,16.6478,14.7320,0.0000,0.0000,0.0000,0.0616,0.0370,0.0322,0.5015,0.4744,0.4546,1.1948,0.7182,0.6398,0.1058,0.1064,0.1065,0.0465,0.0259,0.0227
2506,2,56,16.7909,25.7188,16.4704,0.0000,0.0000,0.0000,0.0453,0.0689,0.0420,0.4053,0.4128,0.3881,0.6155,0.9640,0.5794,0.0914,0.0913,0.0904,0.0470,0.0695,0.0400
2506,2,57,21.8185,16.7516,25.4541,0.0000,0.0000,0.0000,0.0626,0.0475,0.0716,0.3521,0.3500,0.3566,0.5140,0.3849,0.5820,0.0696,0.0690,0.0683,0.0347,0.0281,0.0408
2506,2,58,21.9581,21.7556,16.7906,0.0000,0.0000,0.0000,0.0721,0.0690,0.0528,0.3078,0.2985,0.2966,0.3200,0.3406,0.2509,0.0525,0.0519,0.0509,0.0097,0.0087,0.0072
2506,2,59,20.8284,21.7348,21.5550,0.0000,0.0000,0.0000,0.0725,0.0770,0.0736,0.2239,0.2405,0.2342,0.3658,0.4241,0.4010,0.0435,0.0440,0.0430,0.0063,0.0080,0.0071
2506,2,60,6.1299,20.5402,21.3475,0.0000,0.0000,0.0000,0.0240,0.0805,0.0850,0.2607,0.2687,0.2892,0.1662,0.5268,0.6327,0.0655,0.0646,0.0638,0.0067,0.0201,0.0255
2506,2,61,16.7189,6.2941,20.1265,0.0000,0.0000,0.0000,0.0753,0.0270,0.0868,0.3220,0.3281,0.3368,0.5742,0.2068,0.7160,0.0794,0.0815,0.0805,0.0347,0.0120,0.0343
2506,2,62,15.7161,16.4585,6.4692,0.0000,0.0000,0.0000,0.0744,0.0776,0.0291,0.3802,0.3705,0.3758,0.6343,0.5910,0.2232,0.0575,0.0575,0.0583,0.0192,0.0214,0.0079
2506,2,63,26.5870,15.5274,16.2942,0.0000,0.0000,0.0000,0.1465,0.0832,0.0860,0.3865,0.3841,0.3682,0.6778,0.5259,0.4775,0.0366,0.0366,0.0361,0.0113,0.0055,0.0065
2506,2,64,23.6369,26.1697,15.3581,0.0000,0.0000,0.0000,0.1430,0.1560,0.0886,0.2982,0.3020,0.2986,0.5365,0.5769,0.3990,0.0157,0.0155,0.0155,0.0000,0.0000,0.0000
2506,2,65,10.9199,23.1281,25.5891,0.0000,0.0000,0.0000,0.0842,0.1772,0.1927,0.2527,0.2456,0.2480,0.2562,0.5746,0.6320,0.0070,0.0071,0.0070,0.0000,0.0112,0.0105
2506,2,66,29.2905,10.8371,22.6294,0.0000,0.0000,0.0000,0.2479,0.0897,0.1855,0.2781,0.2635,0.2586,0.7419,0.2740,0.5500,0.0169,0.0169,0.0166,0.0139,0.0001,0.0388
2506,2,67,19.6945,28.7049,10.8388,0.0000,0.0000,0.0000,0.1803,0.2603,0.0955,0.3214,0.3406,0.3241,0.4519,0.6698,0.2536,0.0268,0.0262,0.0268,0.0213,0.0220,0.0005
2506,2,68,18.8953,19.6019,28.4027,0.0000,0.0000,0.0000,0.1905,0.1951,0.2806,0.4077,0.4139,0.4349,0.3016,0.3148,0.4593,0.0168,0.0168,0.0168,0.0384,0.0129,0.0137
2506,2,69,17.0472,18.8569,19.6030,0.0000,0.0000,0.0000,0.1868,0.2042,0.2095,0.3581,0.3454,0.3499,0.1243,0.1731,0.1397,0.0044,0.0044,0.0043,0.0039,0.0111,0.0037
2506,2,70,20.9480,17.0667,18.8180,0.0000,0.0000,0.0000,0.2571,0.2055,0.2249,0.2647,0.2637,0.2545,0.0588,0.0381,0.0673,0.0000,0.0000,0.0000,0.0000,0.0000,0.0000
2506,2,71,15.9570,20.8363,17.0278,0.0000,0.0000,0.0000,0.2180,0.2815,0.2258,0.2453,0.2482,0.2469,0.0699,0.0783,0.0594,0.0000,0.0000,0.0000,0.0000,0.0000,0.0000
2506,2,72,15.8353,15.7830,20.5685,0.0000,0.0000,0.0000,0.2392,0.2370,0.3038,0.2438,0.2298,0.2325,0.1681,0.1671,0.1966,0.0000,0.0000,0.0000,0.0000,0.0000,0.0000
2506,2,73,7.0249,15.5135,15.4456,0.0000,0.0000,0.0000,0.1167,0.2607,0.2593,0.2689,0.2685,0.2476,0.1273,0.3287,0.3268,0.0000,0.0000,0.0000,0.0000,0.0000,0.0000
2506,2,74,17.5072,6.9895,15.1221,0.0000,0.0000,0.0000,0.3309,0.1273,0.2791,0.2816,0.2663,0.2600,0.4420,0.1742,0.3706,0.0001,0.0001,0.0001,0.0000,0.0000,0.0000
2506,2,75,20.2991,16.9548,6.9057,0.0000,0.0000,0.0000,0.4325,0.3559,0.1394,0.2516,0.2542,0.2414,0.5217,0.4492,0.1859,0.0001,0.0001,0.0001,0.0000,0.0000,0.0000
2506,2,76,20.3091,19.6396,16.4344,0.0000,0.0000,0.0000,0.4796,0.4572,0.3763,0.2188,0.2132,0.2149,0.4156,0.4013,0.3492,0.0000,0.0000,0.0000,0.0143,0.0146,0.0083
2506,2,77,14.5099,19.5772,18.9416,0.0000,0.0000,0.0000,0.3834,0.5168,0.4922,0.1826,0.1861,0.1811,0.2873,0.3520,0.3401,0.0000,0.0000,0.0000,0.0000,0.0481,0.0475
2506,2,78,16.3322,13.9954,18.7830,0.0000,0.0000,0.0000,0.4963,0.4146,0.5572,0.1940,0.1964,0.2008,0.3253,0.2950,0.3607,0.0000,0.0000,0.0000,0.0411,0.0000,0.0767
2506,2,79,19.1075,15.6412,13.4397,0.0000,0.0000,0.0000,0.6570,0.5301,0.4447,0.1450,0.1487,0.1511,0.3550,0.2878,0.2615,0.0000,0.0000,0.0000,0.0268,0.0254,0.0000
2510,1,0,21.7599,21.0748,20.4157,21.6705,20.9729,20.3041,0.0366,0.0351,0.0336,0.7004,0.6898,0.6793,0.7559,0.7311,0.7074,0.1838,0.1813,0.1768,0.0000,0.0000,0.0000
2510,1,1,22.5080,21.4851,20.8307,0.0000,0.0000,0.0000,0.0068,0.0067,0.0066,1.2330,1.1968,1.1797,1.8729,1.6136,1.5633,0.1594,0.1585,0.1566,0.0048,0.0045,0.0044
2510,1,2,19.6626,22.0281,21.1465,0.0000,0.0000,0.0000,0.0023,0.0026,0.0022,1.1111,1.1077,1.0796,1.5890,1.7410,1.5603,0.1904,0.1890,0.1872,0.0358,0.0415,0.0399
2510,1,3,25.8170,19.4706,21.7576,0.0000,0.0000,0.0000,0.0018,0.0013,0.0015,1.0679,0.9694,0.9772,1.4223,1.3505,1.4424,0.2953,0.2939,0.2932,0.1252,0.0886,0.1025
2510,1,4,20.7600,25.6119,19.3648,0.0000,0.0000,0.0000,0.0014,0.0017,0.0013,0.8777,0.9574,0.8962,1.2984,1.3420,1.2203,0.3626,0.3611,0.3601,0.1337,0.1718,0.1247
2510,1,5,26.2886,20.5979,25.3409,0.0000,0.0000,0.0000,0.0013,0.0010,0.0013,0.8021,0.7652,0.8118,1.6476,1.1237,1.2551,0.3625,0.3620,0.3604,0.1809,0.1389,0.1717
2510,1,6,20.7284,25.8250,20.5302,0.0000,0.0000,0.0000,0.0009,0.0013,0.0010,0.7757,0.7472,0.7217,1.1805,1.3259,0.9708,0.3469,0.3459,0.3432,0.1630,0.1924,0.1446
2510,1,7,12.4663,20.6640,25.5831,0.0000,0.0000,0.0000,0.0006,0.0009,0.0012,0.7610,0.7337,0.7068,0.5620,0.9864,1.1283,0.3261,0.3248,0.3232,0.0577,0.1002,0.1160
2510,1,8,20.9111,12.9164,20.7075,0.0000,0.0000,0.0000,0.0006,0.0004,0.0009,0.7225,0.7277,0.6876,1.0490,0.5460,0.8762,0.3118,0.3100,0.3076,0.0685,0.0314,0.0466
2510,1,9,30.8923,20.8901,13.3052,0.0000,0.0000,0.0000,0.0010,0.0006,0.0004,0.6569,0.6435,0.6503,0.9834,0.8780,0.4946,0.2708,0.2703,0.2695,0.0261,0.0429,0.0227
2510,1,10,12.1540,30.6504,20.6921,0.0000,0.0000,0.0000,0.0004,0.0010,0.0006,0.4958,0.4914,0.4865,0.5569,0.9079,0.8596,0.2234,0.2238,0.2227,0.0227,0.0232,0.0336
2510,1,11,25.7279,12.0149,30.0316,0.0000,0.0000,0.0000,0.0011,0.0005,0.0015,0.2964,0.2804,0.2826,1.7675,0.6625,1.1180,0.2500,0.2494,0.2488,0.0310,0.0102,0.0100
2510,1,12,20.1689,24.3730,11.7223,0.0000,0.0000,0.0000,0.0009,0.0011,0.0005,0.2355,0.2388,0.2269,1.3298,1.8338,0.7832,0.2705,0.2699,0.2693,0.0083,0.0134,0.0049
2510,1,13,20.0373,19.3947,23.1687,0.0000,0.0000,0.0000,0.0012,0.0012,0.0014,0.3773,0.3795,0.3860,1.6132,1.4223,1.8327,0.2942,0.2942,0.2948,0.0302,0.0210,0.0323
2510,1,14,22.4549,19.3833,18.8830,0.0000,0.0000,0.0000,0.0021,0.0015,0.0015,0.5746,0.5534,0.5561,1.4266,1.4754,1.3458,0.3309,0.3285,0.3301,0.0162,0.0605,0.0439
2510,1,15,15.8149,22.0661,18.9501,0.0000,0.0000,0.0000,0.0017,0.0024,0.0021,0.6020,0.6178,0.5939,1.0960,1.3300,1.3171,0.3554,0.3563,0.3563,0.0485,0.0196,0.0586
2510,1,16,14.2203,15.8290,21.9123,0.0000,0.0000,0.0000,0.0020,0.0022,0.0032,0.6820,0.6619,0.6744,0.8257,0.9980,1.1772,0.3824,0.3824,0.3824,0.0154,0.0234,0.0115
2510,1,17,23.9140,14.8342,16.2664,0.0000,0.0000,0.0000,0.0046,0.0029,0.0031,0.9757,1.0167,0.9972,1.3920,0.7660,0.9100,0.3760,0.3760,0.3743,0.0052,0.0024,0.0034
2510,1,18,26.1860,24.1805,15.8248,0.0000,0.0000,0.0000,0.0072,0.0070,0.0039,1.5170,1.4950,1.5575,1.6762,1.5699,0.9351,0.3902,0.3893,0.3875,0.0001,0.0001,0.0000
2510,1,19,25.0285,26.4131,24.5479,0.0000,0.0000,0.0000,0.0095,0.0102,0.0091,2.1506,2.2032,2.1823,2.5253,2.3958,2.2471,0.4811,0.4792,0.4792,0.0000,0.0000,0.0000
2510,1,20,19.1304,24.5596,26.1368,0.0000,0.0000,0.0000,0.0085,0.0113,0.0120,2.4883,2.4978,2.5611,1.9205,3.4786,3.3644,0.5937,0.5908,0.5851,0.0025,0.0160,0.0123
2510,1,21,19.9357,19.7956,23.7278,0.0000,0.0000,0.0000,0.0109,0.0105,0.0128,2.7139,2.6523,2.6574,3.3221,2.5604,4.0041,0.5973,0.5950,0.5889,0.0315,0.0115,0.0374
2510,1,22,22.2350,20.1247,20.4543,0.0000,0.0000,0.0000,0.0132,0.0119,0.0121,3.4273,3.2206,3.1349,4.6616,3.5004,2.9763,0.5263,0.5239,0.5179,0.0723,0.0457,0.0238
2510,1,23,30.6809,21.8621,20.4711,0.0000,0.0000,0.0000,0.0207,0.0135,0.0127,4.1143,3.7743,3.5964,8.7690,4.5897,3.7031,0.5170,0.5141,0.5093,0.1971,0.0972,0.0685
2510,1,24,26.4908,27.7846,21.7957,0.0000,0.0000,0.0000,0.0185,0.0188,0.0141,3.8711,4.1238,3.8790,5.9002,7.4562,4.4684,0.5792,0.5764,0.5706,0.1231,0.1577,0.0912
2510,1,25,23.1919,25.8099,26.4355,0.0000,0.0000,0.0000,0.0159,0.0181,0.0179,3.4432,3.5859,3.8452,3.8205,4.7880,5.6540,0.5533,0.5499,0.5439,0.0652,0.0789,0.0879
2510,1,26,30.2810,23.2126,25.3395,0.0000,0.0000,0.0000,0.0228,0.0166,0.0185,3.0321,2.8624,3.0008,4.1626,3.3112,3.9076,0.4910,0.4886,0.4834,0.0814,0.0598,0.0628
2510,1,27,27.1112,29.3752,22.9340,0.0000,0.0000,0.0000,0.0207,0.0223,0.0170,2.6249,2.6059,2.4799,4.9358,3.9302,3.2191,0.5287,0.5261,0.5205,0.0756,0.0867,0.0660
2510,1,28,26.1446,25.3068,28.2317,0.0000,0.0000,0.0000,0.0206,0.0198,0.0223,2.8451,2.6316,2.5924,4.1401,4.8505,4.1546,0.5883,0.5850,0.5784,0.1195,0.1334,0.1240
2510,1,29,29.7101,25.4213,23.9624,0.0000,0.0000,0.0000,0.0233,0.0195,0.0182,3.0910,3.0204,2.8244,4.7748,4.1119,4.5185,0.5843,0.5809,0.5748,0.2020,0.1765,0.1904
2510,1,30,30.7922,28.6187,24.7858,0.0000,0.0000,0.0000,0.0239,0.0224,0.0187,3.1299,3.0307,2.9654,3.7075,4.4831,3.9438,0.5272,0.5242,0.5181,0.1405,0.1557,0.1379
2510,1,31,29.0439,30.3840,27.8445,0.0000,0.0000,0.0000,0.0228,0.0237,0.0212,3.0560,2.9504,2.8493,4.3703,3.7129,3.9747,0.4641,0.4610,0.4567,0.0965,0.0779,0.0850
2510,1,32,30.2146,28.6834,30.1170,0.0000,0.0000,0.0000,0.0232,0.0218,0.0228,2.7376,2.7126,2.6330,3.8510,3.4204,3.2405,0.4251,0.4226,0.4179,0.0614,0.0523,0.0429
2510,1,33,24.5757,30.0733,28.7428,0.0000,0.0000,0.0000,0.0182,0.0223,0.0211,2.3359,2.4022,2.3789,2.0416,2.7834,2.5768,0.3580,0.3562,0.3521,0.0487,0.0769,0.0701
2510,1,34,27.9513,24.9484,29.9868,0.0000,0.0000,0.0000,0.0215,0.0191,0.0227,2.0715,2.0531,2.1063,2.2761,1.8512,2.3228,0.2776,0.2760,0.2734,0.1068,0.0752,0.1007
2510,1,35,34.5491,28.0395,25.3555,0.0000,0.0000,0.0000,0.0269,0.0211,0.0189,1.9527,2.0588,2.0463,2.5348,2.1130,1.8004,0.2779,0.2762,0.2738,0.1159,0.1094,0.0813
2510,1,36,28.8029,34.3632,28.3153,0.0000,0.0000,0.0000,0.0218,0.0267,0.0206,2.0390,2.0913,2.2065,2.3088,2.3568,2.0237,0.2657,0.2648,0.2615,0.1772,0.1496,0.1407
2510,1,37,17.5161,28.4312,34.0853,0.0000,0.0000,0.0000,0.0127,0.0217,0.0266,1.8971,1.9275,1.9703,1.5173,2.3577,2.3065,0.2846,0.2832,0.2809,0.1304,0.1976,0.1876
2510,1,38,21.5933,17.6867,27.8280,0.0000,0.0000,0.0000,0.0174,0.0136,0.0222,1.5782,1.6693,1.7005,2.0980,1.6516,2.3735,0.3250,0.3241,0.3216,0.1942,0.1577,0.2230
2510,1,39,31.7728,21.0271,17.5765,0.0000,0.0000,0.0000,0.0272,0.0172,0.0138,1.3980,1.3643,1.4419,2.6712,2.0234,1.6762,0.2971,0.2958,0.2934,0.2324,0.1842,0.1555
2510,1,40,35.4893,30.6770,20.5208,0.0000,0.0000,0.0000,0.0314,0.0269,0.0172,1.2431,1.1887,1.1579,2.8112,2.3695,1.7676,0.2461,0.2444,0.2421,0.1726,0.1365,0.1170
2510,1,41,19.1579,34.6533,30.0986,0.0000,0.0000,0.0000,0.0173,0.0312,0.0268,1.0416,1.0794,1.0373,1.8932,1.9877,1.7025,0.2035,0.2019,0.2004,0.1704,0.1042,0.0853
2510,1,42,22.6123,18.4412,33.8997,0.0000,0.0000,0.0000,0.0210,0.0169,0.0306,0.9467,0.9120,0.9387,1.3497,1.5739,1.6968,0.1655,0.1644,0.1634,0.1247,0.1956,0.1279
2510,1,43,28.1347,21.9707,17.4511,0.0000,0.0000,0.0000,0.0295,0.0221,0.0172,0.9303,0.9839,0.9519,2.6574,1.6045,1.8610,0.1583,0.1578,0.1569,0.2969,0.1527,0.2196
2510,1,44,22.9614,26.8646,21.6455,0.0000,0.0000,0.0000,0.0257,0.0307,0.0233,1.0723,1.0364,1.1083,1.1688,2.2248,1.4435,0.1767,0.1767,0.1747,0.0895,0.2470,0.1397
2510,1,45,20.1534,23.1446,26.3364,0.0000,0.0000,0.0000,0.0227,0.0261,0.0294,1.0608,1.1923,1.1417,0.9860,1.0862,1.6747,0.1801,0.1797,0.1778,0.0697,0.0716,0.1522
2510,1,46,18.5739,20.5311,23.4903,0.0000,0.0000,0.0000,0.0223,0.0247,0.0280,1.4023,1.3039,1.4048,0.9004,0.9883,1.1168,0.1415,0.1409,0.1402,0.0474,0.0460,0.0488
2510,1,47,20.6798,19.3205,21.1040,0.0000,0.0000,0.0000,0.0271,0.0247,0.0269,1.6976,1.5797,1.4938,1.0276,0.8742,0.9547,0.1096,0.1096,0.1091,0.0787,0.0437,0.0414
2510,1,48,14.8691,21.2750,19.9394,0.0000,0.0000,0.0000,0.0212,0.0307,0.0282,1.3593,1.3522,1.2629,0.5388,0.7835,0.6917,0.1196,0.1193,0.1179,0.0482,0.0653,0.0402
2510,1,49,21.4468,15.3152,21.4876,0.0000,0.0000,0.0000,0.0361,0.0250,0.0349,0.8760,0.8980,0.8989,0.5428,0.5324,0.7396,0.1684,0.1678,0.1673,0.0192,0.0620,0.0819
2510,1,50,28.9223,21.7677,15.5870,0.0000,0.0000,0.0000,0.0550,0.0402,0.0278,0.7655,0.7263,0.7468,0.8521,0.5049,0.5323,0.1746,0.1737,0.1735,0.1133,0.0356,0.0895
2510,1,51,23.4395,28.9403,22.1381,0.0000,0.0000,0.0000,0.0496,0.0605,0.0439,0.9145,0.9003,0.8599,0.5682,0.8408,0.5634,0.1790,0.1786,0.1767,0.0457,0.1631,0.0623
2510,1,52,42.7220,23.9180,29.0532,0.0000,0.0000,0.0000,0.0956,0.0514,0.0623,1.1578,1.1492,1.1293,1.3537,0.7261,0.9550,0.1681,0.1676,0.1660,0.1490,0.0720,0.1683
2510,1,53,28.8921,42.2438,24.2532,0.0000,0.0000,0.0000,0.0740,0.1086,0.0607,1.1966,1.2120,1.2136,1.0783,1.4806,0.8234,0.1126,0.1107,0.1097,0.2837,0.2081,0.1139
2510,1,54,30.5836,28.5327,41.5330,0.0000,0.0000,0.0000,0.0885,0.0806,0.1176,1.0328,0.9966,1.0118,1.1982,1.1214,1.4556,0.0714,0.0703,0.0697,0.2470,0.2397,0.2161
2510,1,55,45.2282,30.2479,28.2418,0.0000,0.0000,0.0000,0.1407,0.0912,0.0842,0.9033,0.8378,0.8019,1.4303,1.0285,0.9654,0.0599,0.0592,0.0589,0.1694,0.1295,0.1173
2510,1,56,47.5945,44.7596,30.1021,0.0000,0.0000,0.0000,0.1673,0.1541,0.1000,0.7157,0.6973,0.6498,0.9299,0.9890,0.7067,0.0518,0.0511,0.0504,0.0823,0.0794,0.0551
2510,1,57,34.9103,47.3201,44.4575,0.0000,0.0000,0.0000,0.1325,0.1789,0.1634,0.6139,0.6108,0.5957,0.6183,0.7390,0.7673,0.0612,0.0606,0.0597,0.0217,0.0323,0.0295
2510,1,58,28.0965,34.8342,47.0713,0.0000,0.0000,0.0000,0.1145,0.1397,0.1878,0.5477,0.5576,0.5535,0.4364,0.5903,0.7082,0.0956,0.0941,0.0932,0.0022,0.0025,0.0038
2510,1,59,29.9693,28.1481,34.7027,0.0000,0.0000,0.0000,0.1394,0.1279,0.1557,0.5225,0.5556,0.5641,0.5004,0.4709,0.6324,0.0925,0.0917,0.0905,0.0033,0.0030,0.0035
2510,1,60,36.6237,29.7901,28.0627,0.0000,0.0000,0.0000,0.1861,0.1481,0.1348,0.5460,0.5515,0.5878,0.7795,0.6202,0.5852,0.0567,0.0567,0.0564,0.0208,0.0171,0.0160
2510,1,61,36.5470,36.2483,29.6141,0.0000,0.0000,0.0000,0.2060,0.2026,0.1607,0.6046,0.6034,0.6078,0.8460,0.7804,0.6224,0.0295,0.0293,0.0293,0.0333,0.0345,0.0292
2510,1,62,33.8680,36.3262,36.0779,0.0000,0.0000,0.0000,0.2089,0.2175,0.2145,0.6775,0.6850,0.6808,0.6136,0.6865,0.6485,0.0203,0.0199,0.0199,0.0193,0.0195,0.0207
2510,1,63,37.8599,33.8018,36.2100,0.0000,0.0000,0.0000,0.2584,0.2257,0.2352,0.7092,0.6692,0.6767,0.5958,0.5233,0.5556,0.0083,0.0083,0.0083,0.0079,0.0084,0.0096
2510,1,64,36.7546,37.5817,33.6082,0.0000,0.0000,0.0000,0.2800,0.2794,0.2455,0.5824,0.5909,0.5556,0.5295,0.5851,0.4941,0.0028,0.0028,0.0028,0.0371,0.0141,0.0276
2510,1,65,32.5493,36.2137,37.0290,0.0000,0.0000,0.0000,0.3479,0.3788,0.3793,0.4681,0.4718,0.4792,0.5369,0.5717,0.6310,0.0143,0.0141,0.0139,0.0551,0.0905,0.0413
2510,1,66,54.8752,32.1248,35.6617,0.0000,0.0000,0.0000,0.6485,0.3679,0.4020,0.4995,0.5009,0.5049,0.8841,0.5129,0.5624,0.0400,0.0389,0.0395,0.1346,0.0881,0.1412
2510,1,67,36.4679,53.9480,31.8335,0.0000,0.0000,0.0000,0.4707,0.6865,0.3923,0.5453,0.5426,0.5466,0.5228,0.7303,0.4310,0.0678,0.0667,0.0686,0.1544,0.1250,0.0853
2510,1,68,39.4931,36.0221,53.1275,0.0000,0.0000,0.0000,0.5467,0.4857,0.7055,0.5328,0.5218,0.5198,0.5141,0.4932,0.6663,0.0887,0.0883,0.0879,0.0676,0.0787,0.0631
2510,1,69,34.3392,38.7306,35.3445,0.0000,0.0000,0.0000,0.5311,0.5849,0.5204,0.3633,0.3532,0.3443,0.5408,0.5812,0.5487,0.0756,0.0733,0.0726,0.0250,0.0220,0.0248
2510,1,70,49.6333,33.5004,37.7806,0.0000,0.0000,0.0000,0.8604,0.5663,0.6263,0.2436,0.2565,0.2488,0.7630,0.5445,0.5885,0.0321,0.0312,0.0299,0.0191,0.0129,0.0144
2510,1,71,32.2487,48.3707,32.7663,0.0000,0.0000,0.0000,0.6061,0.8911,0.5875,0.3025,0.2994,0.3134,0.4229,0.6357,0.4350,0.0042,0.0041,0.0039,0.0261,0.0373,0.0258
2510,1,72,43.9594,31.6177,47.2644,0.0000,0.0000,0.0000,0.9214,0.6433,0.9452,0.3676,0.3599,0.3585,0.4607,0.3261,0.4900,0.0000,0.0000,0.0000,0.0263,0.0191,0.0258
2510,1,73,38.1238,42.9354,30.9758,0.0000,0.0000,0.0000,0.8756,0.9643,0.6754,0.3046,0.2971,0.2917,0.3035,0.3536,0.2500,0.0014,0.0015,0.0015,0.0078,0.0090,0.0064
2510,1,74,43.7580,37.1229,41.7868,0.0000,0.0000,0.0000,1.1475,0.9518,1.0452,0.2295,0.2239,0.2175,0.3278,0.2880,0.3353,0.0114,0.0114,0.0114,0.0003,0.0002,0.0001
2510,1,75,32.9483,42.3564,35.9869,0.0000,0.0000,0.0000,0.9614,1.2105,1.0056,0.2186,0.2183,0.2120,0.3276,0.4253,0.3600,0.0194,0.0194,0.0183,0.0000,0.0003,0.0002
2510,1,76,31.8269,31.7894,40.7011,0.0000,0.0000,0.0000,1.0395,1.0194,1.2836,0.2171,0.2129,0.2130,0.3641,0.3641,0.6010,0.0126,0.0126,0.0126,0.0000,0.0000,0.0001
2510,1,77,27.7421,30.5230,30.5006,0.0000,0.0000,0.0000,1.0417,1.1134,1.0927,0.1731,0.1807,0.1762,0.3933,0.3753,0.3757,0.0035,0.0034,0.0034,0.0000,0.0000,0.0000
2510,1,78,32.4695,26.5271,29.2332,0.0000,0.0000,0.0000,1.3821,1.1036,1.1852,0.1767,0.1796,0.1878,0.3259,0.2906,0.2929,0.0000,0.0000,0.0000,0.0001,0.0001,0.0001
2510,1,79,26.7827,31.0521,25.4457,0.0000,0.0000,0.0000,1.2708,1.4418,1.1552,0.2665,0.2689,0.2738,0.2124,0.2463,0.1996,0.0000,0.0000,0.0000,0.0002,0.0002,0.0001
2510,2,0,20.9089,20.2540,19.6234,20.4817,19.8225,19.1902,0.0333,0.0318,0.0308,0.8333,0.8216,0.8101,0.5352,0.5177,0.5009,0.1671,0.1648,0.1603,0.0075,0.0073,0.0072
2510,2,1,18.2457,20.8597,20.2350,0.0000,0.0000,0.0000,0.0058,0.0065,0.0063,1.4267,1.3831,1.3633,1.4563,1.7034,1.6505,0.3276,0.3247,0.3217,0.0363,0.0447,0.0437
2510,2,2,14.7517,17.8969,20.2376,0.0000,0.0000,0.0000,0.0015,0.0019,0.0023,1.0641,1.0590,1.0317,1.6164,1.6888,1.9337,0.3168,0.3148,0.3110,0.0153,0.0187,0.0225
2510,2,3,17.5562,14.1844,17.2515,0.0000,0.0000,0.0000,0.0013,0.0010,0.0013,0.7454,0.7221,0.7166,1.4752,1.5536,1.6227,0.2828,0.2811,0.2790,0.0035,0.0028,0.0034
2510,2,4,20.8313,16.9708,13.6521,0.0000,0.0000,0.0000,0.0015,0.0012,0.0010,0.5824,0.5744,0.5599,1.9459,1.4041,1.3269,0.2499,0.2490,0.2476,0.0000,0.0000,0.0000
2510,2,5,13.7204,20.1275,16.5954,0.0000,0.0000,0.0000,0.0007,0.0011,0.0009,0.6264,0.6293,0.6162,1.1274,1.5484,1.2282,0.2565,0.2556,0.2532,0.0049,0.0065,0.0049
2510,2,6,18.8853,13.8576,19.9380,0.0000,0.0000,0.0000,0.0009,0.0007,0.0010,0.7998,0.7744,0.7787,1.1313,0.8552,1.1816,0.2860,0.2845,0.2835,0.0414,0.0322,0.0427
2510,2,7,22.9368,19.0929,14.2245,0.0000,0.0000,0.0000,0.0011,0.0009,0.0005,0.8480,0.8468,0.8167,1.0720,0.8229,0.6413,0.2994,0.2978,0.2967,0.1177,0.0887,0.0711
2510,2,8,36.3944,23.0244,19.4041,0.0000,0.0000,0.0000,0.0012,0.0008,0.0006,0.8428,0.8037,0.8058,1.4809,0.8642,0.6711,0.3023,0.3016,0.3005,0.2048,0.1276,0.0985
2510,2,9,18.2435,35.8733,23.0841,0.0000,0.0000,0.0000,0.0006,0.0012,0.0008,0.7256,0.7426,0.7104,0.6811,1.3412,0.8212,0.3122,0.3111,0.3087,0.0880,0.1723,0.1135
2510,2,10,28.7746,18.4695,35.3832,0.0000,0.0000,0.0000,0.0009,0.0006,0.0012,0.7812,0.7474,0.7607,1.2499,0.7433,1.3971,0.3012,0.3000,0.2977,0.0970,0.0561,0.1025
2510,2,11,23.6054,28.4997,18.6492,0.0000,0.0000,0.0000,0.0010,0.0014,0.0009,0.8372,0.8186,0.7748,1.4982,1.3584,0.8277,0.2726,0.2734,0.2716,0.0457,0.0342,0.0198
2510,2,12,18.7925,23.0462,28.1039,0.0000,0.0000,0.0000,0.0008,0.0010,0.0014,0.7280,0.7248,0.7056,1.1579,1.5311,1.3528,0.2415,0.2415,0.2408,0.0037,0.0059,0.0038
2510,2,13,21.5904,18.4368,22.3736,0.0000,0.0000,0.0000,0.0010,0.0011,0.0010,0.6742,0.6190,0.6160,1.2801,1.1461,1.4785,0.1880,0.1875,0.1865,0.0000,0.0000,0.0000
2510,2,14,16.7557,21.2108,18.1704,0.0000,0.0000,0.0000,0.0010,0.0014,0.0011,0.7950,0.8162,0.7780,1.1883,1.3367,1.1690,0.1391,0.1384,0.1387,0.0000,0.0000,0.0000
2510,2,15,18.5338,16.6059,20.7955,0.0000,0.0000,0.0000,0.0013,0.0013,0.0017,1.0216,1.0459,1.0634,1.5847,1.3136,1.5917,0.1217,0.1220,0.1214,0.0000,0.0000,0.0000
2510,2,16,19.3857,17.8888,16.2362,0.0000,0.0000,0.0000,0.0023,0.0021,0.0019,1.0447,0.9978,1.0217,1.7560,1.7508,1.5137,0.1355,0.1355,0.1355,0.0000,0.0000,0.0000
2510,2,17,16.5454,18.7316,17.1511,0.0000,0.0000,0.0000,0.0023,0.0026,0.0023,0.9296,0.9493,0.9088,1.5029,1.6862,1.7401,0.1209,0.1205,0.1199,0.0000,0.0000,0.0000
2510,2,18,17.4390,16.0083,17.9876,0.0000,0.0000,0.0000,0.0029,0.0026,0.0028,1.1637,1.1176,1.1364,1.8599,1.8020,2.0052,0.1568,0.1559,0.1561,0.0037,0.0050,0.0048
2510,2,19,20.4921,16.8485,15.5273,0.0000,0.0000,0.0000,0.0037,0.0031,0.0028,1.9391,1.9264,1.8694,3.5813,2.6945,2.5433,0.2217,0.2214,0.2207,0.0414,0.0258,0.0274
2510,2,20,18.7998,19.0877,16.3840,0.0000,0.0000,0.0000,0.0029,0.0026,0.0023,2.5764,2.7332,2.7256,3.9617,4.2772,3.3692,0.2719,0.2711,0.2704,0.0771,0.0932,0.0724
2510,2,21,12.6489,17.7956,17.9022,0.0000,0.0000,0.0000,0.0021,0.0030,0.0028,3.0388,3.0277,3.1748,2.6525,4.2301,4.5199,0.3038,0.3023,0.2994,0.0682,0.1036,0.1077
2510,2,22,16.8800,12.9838,16.8576,0.0000,0.0000,0.0000,0.0029,0.0021,0.0029,3.0744,3.0711,3.0784,4.4435,3.0148,4.2575,0.3083,0.3072,0.3054,0.0694,0.0539,0.0746
2510,2,23,18.0848,16.5250,13.6076,0.0000,0.0000,0.0000,0.0032,0.0028,0.0021,3.1273,3.1910,3.2055,4.3256,3.8465,2.9038,0.3502,0.3494,0.3469,0.0747,0.0649,0.0534
2510,2,24,14.8599,18.1374,17.0103,0.0000,0.0000,0.0000,0.0023,0.0031,0.0027,3.3648,3.4216,3.5156,2.8560,3.7003,3.3812,0.4286,0.4266,0.4232,0.0818,0.1062,0.0956
2510,2,25,13.7364,15.8302,18.5354,0.0000,0.0000,0.0000,0.0023,0.0028,0.0035,3.4492,3.3525,3.4037,2.1242,2.7368,3.3382,0.4712,0.4688,0.4644,0.0841,0.1118,0.1366
2510,2,26,13.6964,15.0190,16.5568,0.0000,0.0000,0.0000,0.0024,0.0027,0.0030,3.0318,2.9851,2.9036,1.7740,2.1072,2.5345,0.4859,0.4824,0.4782,0.0697,0.0869,0.1107
2510,2,27,22.3157,14.7258,15.7380,0.0000,0.0000,0.0000,0.0043,0.0027,0.0028,2.8440,2.5764,2.5278,3.7558,1.8989,2.1301,0.4378,0.4347,0.4302,0.2380,0.0931,0.1072
2510,2,28,28.8978,21.7866,15.3356,0.0000,0.0000,0.0000,0.0064,0.0047,0.0031,2.6519,2.5426,2.3053,3.9317,3.2663,1.9777,0.3978,0.3950,0.3905,0.2018,0.2005,0.1059
2510,2,29,25.7125,28.0650,21.5239,0.0000,0.0000,0.0000,0.0061,0.0067,0.0048,2.6441,2.5189,2.4072,4.1197,3.6052,2.9333,0.3827,0.3801,0.3762,0.1845,0.1081,0.1038
2510,2,30,23.4804,25.2700,27.7077,0.0000,0.0000,0.0000,0.0056,0.0061,0.0066,2.7039,2.6142,2.4933,2.5599,3.3130,3.1500,0.3836,0.3814,0.3777,0.0464,0.1100,0.0599
2510,2,31,25.5241,24.0275,25.2170,0.0000,0.0000,0.0000,0.0063,0.0060,0.0063,2.8059,2.7202,2.6329,2.5962,2.4749,2.9041,0.3689,0.3672,0.3631,0.0501,0.0584,0.1243
2510,2,32,31.6432,25.8493,24.3758,0.0000,0.0000,0.0000,0.0085,0.0068,0.0061,2.5259,2.5484,2.4700,3.1605,2.5141,2.4006,0.3497,0.3481,0.3449,0.0630,0.0495,0.0543
2510,2,33,28.8197,31.3849,26.0959,0.0000,0.0000,0.0000,0.0079,0.0087,0.0071,2.1329,2.1411,2.1579,2.5715,2.6435,2.1630,0.2927,0.2919,0.2899,0.0412,0.0310,0.0261
2510,2,34,28.8597,28.8622,31.3694,0.0000,0.0000,0.0000,0.0083,0.0080,0.0091,1.8148,1.8569,1.8684,2.2244,2.0807,2.1376,0.2954,0.2949,0.2928,0.0294,0.0236,0.0188
2510,2,35,34.7032,28.8637,28.9758,0.0000,0.0000,0.0000,0.0102,0.0082,0.0084,1.7057,1.7272,1.7649,2.2920,2.0209,1.9446,0.3380,0.3373,0.3345,0.0303,0.0365,0.0300
2510,2,36,25.9815,34.4927,28.9669,0.0000,0.0000,0.0000,0.0074,0.0106,0.0085,1.4999,1.5838,1.6039,1.7958,2.0847,1.8048,0.3687,0.3682,0.3651,0.0728,0.0549,0.0544
2510,2,37,19.5322,26.1528,34.4387,0.0000,0.0000,0.0000,0.0056,0.0082,0.0111,1.4918,1.5279,1.6063,1.1533,1.4838,1.7874,0.3031,0.3023,0.2999,0.1382,0.1563,0.1492
2510,2,38,24.7824,19.7227,25.9739,0.0000,0.0000,0.0000,0.0080,0.0065,0.0087,1.3978,1.3937,1.4288,1.5175,1.1925,1.5239,0.2156,0.2150,0.2136,0.3142,0.2454,0.2798
2510,2,39,26.3828,24.2754,19.5821,0.0000,0.0000,0.0000,0.0096,0.0085,0.0067,1.1219,1.1910,1.1760,1.6090,1.5517,1.2430,0.1443,0.1435,0.1427,0.2600,0.2907,0.2289
2510,2,40,17.1047,25.8261,23.7981,0.0000,0.0000,0.0000,0.0064,0.0097,0.0086,1.0702,1.0295,1.0892,0.9983,1.5495,1.5146,0.1382,0.1372,0.1363,0.0960,0.1580,0.1858
2510,2,41,20.0888,17.2125,25.3919,0.0000,0.0000,0.0000,0.0080,0.0064,0.0098,0.9689,0.9397,0.9248,1.0428,0.9809,1.4702,0.2163,0.2158,0.2146,0.0413,0.0534,0.0830
2510,2,42,21.0371,20.2058,17.3537,0.0000,0.0000,0.0000,0.0094,0.0089,0.0075,0.9341,0.9302,0.9126,1.1189,1.0382,0.9839,0.2714,0.2714,0.2691,0.0383,0.0324,0.0403
2510,2,43,25.6686,21.0597,20.2987,0.0000,0.0000,0.0000,0.0119,0.0093,0.0092,0.9806,1.0043,0.9968,1.5033,1.1815,1.1037,0.2320,0.2308,0.2292,0.0270,0.0187,0.0162
2510,2,44,19.7152,25.3693,21.0817,0.0000,0.0000,0.0000,0.0100,0.0129,0.0106,0.9991,1.0379,1.0596,1.4216,1.4701,1.1739,0.1626,0.1624,0.1607,0.0232,0.0172,0.0125
2510,2,45,23.7386,19.4585,25.0920,0.0000,0.0000,0.0000,0.0137,0.0109,0.0137,1.0198,0.9859,1.0254,1.3728,1.3249,1.3877,0.1376,0.1360,0.1341,0.0410,0.0515,0.0398
2510,2,46,26.8049,23.5476,19.3517,0.0000,0.0000,0.0000,0.0175,0.0148,0.0121,1.0599,1.0405,1.0030,1.3323,1.2958,1.1610,0.1376,0.1372,0.1360,0.0401,0.0661,0.0801
2510,2,47,20.1615,26.5425,23.3782,0.0000,0.0000,0.0000,0.0143,0.0187,0.0161,1.0907,1.0337,1.0088,1.0348,1.3865,1.2668,0.1360,0.1349,0.1352,0.0183,0.0242,0.0384
2510,2,48,22.1135,20.4168,26.4373,0.0000,0.0000,0.0000,0.0173,0.0157,0.0207,1.1190,1.0827,1.0203,1.0944,0.9166,1.2042,0.1022,0.1030,0.1030,0.0042,0.0023,0.0030
2510,2,49,30.6777,22.2562,20.7464,0.0000,0.0000,0.0000,0.0274,0.0188,0.0175,1.1740,1.1630,1.1282,1.5628,1.0795,0.8551,0.0696,0.0693,0.0687,0.0000,0.0000,0.0000
2510,2,50,29.7358,30.2604,22.2877,0.0000,0.0000,0.0000,0.0284,0.0282,0.0198,1.0865,1.0539,1.0558,1.3912,1.5123,1.0663,0.0567,0.0572,0.0567,0.0099,0.0120,0.0080
2510,2,51,26.7488,29.3267,29.7297,0.0000,0.0000,0.0000,0.0290,0.0308,0.0310,0.9344,0.9663,0.9386,1.1781,1.3514,1.4300,0.0581,0.0581,0.0575,0.0527,0.0776,0.0936
2510,2,52,31.7071,26.6358,29.0680,0.0000,0.0000,0.0000,0.0373,0.0308,0.0326,0.9335,0.9227,0.9462,1.1489,0.9795,1.1054,0.0749,0.0753,0.0741,0.1309,0.1164,0.1678
2510,2,53,22.3226,31.6748,26.7205,0.0000,0.0000,0.0000,0.0277,0.0393,0.0319,0.8235,0.8443,0.8321,0.4959,0.7615,0.6489,0.0689,0.0677,0.0673,0.0478,0.1600,0.1479
2510,2,54,25.3114,22.7003,31.8052,0.0000,0.0000,0.0000,0.0359,0.0313,0.0433,0.7928,0.7548,0.7715,0.4350,0.3608,0.5688,0.0613,0.0603,0.0606,0.0746,0.0477,0.1056
2510,2,55,42.9937,25.6227,23.0784,0.0000,0.0000,0.0000,0.0664,0.0387,0.0347,0.7920,0.7362,0.7007,0.7874,0.4474,0.3546,0.0871,0.0874,0.0873,0.0464,0.0284,0.0231
2510,2,56,44.0146,42.9465,25.9292,0.0000,0.0000,0.0000,0.0804,0.0762,0.0451,0.7981,0.8105,0.7520,0.8156,0.9083,0.5143,0.1202,0.1198,0.1186,0.0108,0.0092,0.0062
2510,2,57,35.2200,44.0114,42.8409,0.0000,0.0000,0.0000,0.0693,0.0857,0.0812,0.8720,0.8609,0.8788,0.6783,0.8610,0.9769,0.1198,0.1187,0.1176,0.0302,0.0398,0.0562
2510,2,58,32.6920,35.2811,43.8388,0.0000,0.0000,0.0000,0.0725,0.0777,0.0957,0.8857,0.8879,0.8765,0.9970,0.7267,0.9119,0.0640,0.0633,0.0620,0.1916,0.0886,0.1068
2510,2,59,35.5628,32.1249,35.0079,0.0000,0.0000,0.0000,0.0879,0.0770,0.0832,0.6308,0.6697,0.6678,0.8582,0.9602,0.7744,0.0297,0.0301,0.0294,0.1552,0.2348,0.1154
2510,2,60,28.4159,34.9181,31.4427,0.0000,0.0000,0.0000,0.0791,0.0971,0.0845,0.3876,0.3919,0.4171,0.7943,0.8737,0.8943,0.0365,0.0360,0.0355,0.1370,0.1059,0.1627
2510,2,61,43.2448,28.0504,34.4225,0.0000,0.0000,0.0000,0.1352,0.0861,0.1044,0.4113,0.4185,0.4235,1.0311,0.6886,0.8214,0.0441,0.0453,0.0447,0.0473,0.0575,0.0432
2510,2,62,39.7278,42.8184,28.0608,0.0000,0.0000,0.0000,0.1290,0.1395,0.0889,0.6897,0.6670,0.6822,0.8535,0.9761,0.6038,0.0349,0.0349,0.0353,0.0266,0.0143,0.0185
2510,2,63,34.8902,39.5274,42.4520,0.0000,0.0000,0.0000,0.1294,0.1455,0.1552,0.8049,0.8079,0.7798,0.7792,0.8536,1.0011,0.0460,0.0460,0.0455,0.0501,0.0662,0.0375
2510,2,64,34.0186,34.8457,39.3597,0.0000,0.0000,0.0000,0.1402,0.1394,0.1554,0.8087,0.8196,0.8165,0.6665,0.6681,0.7495,0.0693,0.0687,0.0676,0.0548,0.1213,0.1563
2510,2,65,27.0299,33.8805,34.5800,0.0000,0.0000,0.0000,0.2079,0.2591,0.2589,0.6538,0.6383,0.6496,0.4053,0.5007,0.5737,0.0523,0.0529,0.0517,0.0635,0.0714,0.1330
2510,2,66,55.1490,26.8838,33.5854,0.0000,0.0000,0.0000,0.4663,0.2233,0.2762,0.4743,0.4552,0.4469,0.7790,0.3633,0.4418,0.0418,0.0416,0.0409,0.1186,0.0573,0.0657
2510,2,67,31.6006,54.1813,26.6067,0.0000,0.0000,0.0000,0.2916,0.4943,0.2389,0.3319,0.3500,0.3362,0.4385,0.7990,0.3777,0.0288,0.0281,0.0288,0.0296,0.0516,0.0261
2510,2,68,28.5375,31.1644,53.1759,0.0000,0.0000,0.0000,0.2942,0.3164,0.5347,0.3095,0.3152,0.3302,0.4869,0.4402,0.8016,0.0128,0.0128,0.0128,0.0058,0.0068,0.0111
2510,2,69,31.5918,28.0923,30.7456,0.0000,0.0000,0.0000,0.3559,0.3120,0.3367,0.3746,0.3648,0.3712,0.4277,0.5001,0.4547,0.0018,0.0018,0.0018,0.0000,0.0000,0.0000
2510,2,70,28.5332,31.1466,27.6597,0.0000,0.0000,0.0000,0.3591,0.3852,0.3391,0.3868,0.3842,0.3795,0.4936,0.4426,0.4716,0.0000,0.0000,0.0000,0.0000,0.0000,0.0000
2510,2,71,31.4794,28.0965,30.7118,0.0000,0.0000,0.0000,0.4412,0.3880,0.4168,0.3820,0.3901,0.3904,0.4611,0.4390,0.4074,0.0000,0.0000,0.0000,0.0000,0.0000,0.0000
2510,2,72,29.5111,30.9797,27.6677,0.0000,0.0000,0.0000,0.4532,0.4717,0.4144,0.4924,0.4719,0.4826,0.5269,0.5004,0.4974,0.0000,0.0000,0.0000,0.0000,0.0000,0.0000
2510,2,73,48.6610,28.8993,30.3697,0.0000,0.0000,0.0000,0.8462,0.4912,0.5130,0.5934,0.5820,0.5597,1.0743,0.6900,0.6490,0.0026,0.0026,0.0026,0.0181,0.0132,0.0105
2510,2,74,33.9902,46.9931,28.0590,0.0000,0.0000,0.0000,0.6517,0.8958,0.5244,0.5715,0.5420,0.5289,0.8765,1.2446,0.7895,0.0079,0.0084,0.0084,0.0576,0.0788,0.0605
2510,2,75,41.5248,32.8804,45.2346,0.0000,0.0000,0.0000,0.8924,0.7000,0.9524,0.5477,0.5552,0.5260,1.0774,0.8731,1.2138,0.0173,0.0173,0.0164,0.0738,0.1060,0.1353
2510,2,76,32.9714,40.1417,31.8727,0.0000,0.0000,0.0000,0.7813,0.9418,0.7391,0.5173,0.5111,0.5200,0.7395,0.8941,0.6944,0.0095,0.0095,0.0095,0.0338,0.0679,0.1012
2510,2,77,17.6435,31.9916,38.8459,0.0000,0.0000,0.0000,0.4677,0.8438,1.0136,0.4415,0.4576,0.4481,0.3003,0.5642,0.6757,0.0027,0.0027,0.0027,0.0312,0.0305,0.0564
2510,2,78,20.4858,17.2886,31.0454,0.0000,0.0000,0.0000,0.6252,0.5129,0.9160,0.4036,0.4099,0.4230,0.2540,0.2351,0.4370,0.0000,0.0000,0.0000,0.0447,0.0157,0.0155
2510,2,79,26.1076,19.9494,16.8920,0.0000,0.0000,0.0000,0.8929,0.6777,0.5581,0.3843,0.3899,0.3977,0.3842,0.2506,0.2325,0.0000,0.0000,0.0000,0.0000,0.0095,0.0032
2513,1,0,12.8089,12.4028,12.0027,12.5748,12.1638,11.7600,0.0213,0.0204,0.0195,0.5086,0.5011,0.4936,0.4096,0.3960,0.3826,0.1581,0.1565,0.1536,0.0000,0.0000,0.0000
2513,1,1,9.4506,12.8711,12.4840,0.0000,0.0000,0.0000,0.0028,0.0039,0.0039,1.0505,1.0113,0.9965,0.7972,1.1370,1.1010,0.1976,0.1967,0.1949,0.0000,0.0000,0.0000
2513,1,2,11.9719,9.6359,12.7646,0.0000,0.0000,0.0000,0.0014,0.0011,0.0013,0.7211,0.7447,0.7155,0.8883,0.7023,0.9571,0.1414,0.1404,0.1391,0.0000,0.0000,0.0000
2513,1,3,10.0565,11.9187,9.7245,0.0000,0.0000,0.0000,0.0006,0.0008,0.0006,0.4923,0.4684,0.4863,0.5599,0.6343,0.5165,0.1235,0.1231,0.1228,0.0053,0.0069,0.0055
2513,1,4,15.5284,10.1484,11.9637,0.0000,0.0000,0.0000,0.0009,0.0006,0.0008,0.4484,0.4807,0.4568,0.9152,0.5142,0.5371,0.1593,0.1585,0.1575,0.0285,0.0202,0.0258
2513,1,5,11.2784,15.1584,10.3154,0.0000,0.0000,0.0000,0.0006,0.0007,0.0005,0.5997,0.5764,0.6060,0.4697,1.0299,0.5801,0.1972,0.1968,0.1958,0.0418,0.0500,0.0361
2513,1,6,14.1663,11.5193,14.7343,0.0000,0.0000,0.0000,0.0007,0.0006,0.0007,0.6646,0.6427,0.6226,0.6857,0.5940,1.2123,0.2318,0.2313,0.2295,0.0366,0.0285,0.0327
2513,1,7,17.7024,14.3112,11.7192,0.0000,0.0000,0.0000,0.0007,0.0007,0.0006,0.6058,0.5795,0.5564,2.1249,0.6476,0.5711,0.2348,0.2339,0.2327,0.0094,0.0102,0.0083
2513,1,8,13.2089,16.9676,14.5529,0.0000,0.0000,0.0000,0.0004,0.0004,0.0007,0.5656,0.5738,0.5318,0.5535,1.4808,0.4762,0.2000,0.1989,0.1975,0.0000,0.0000,0.0000
2513,1,9,17.6604,13.3534,16.4468,0.0000,0.0000,0.0000,0.0005,0.0004,0.0004,0.4582,0.4417,0.4481,0.9460,0.4719,1.1209,0.1813,0.1812,0.1808,0.0000,0.0000,0.0000
2513,1,10,9.1618,17.3012,13.3558,0.0000,0.0000,0.0000,0.0003,0.0005,0.0004,0.3329,0.3263,0.3190,0.3647,0.8406,0.4944,0.1855,0.1859,0.1851,0.0000,0.0000,0.0000
2513,1,11,16.0757,9.1233,16.7877,0.0000,0.0000,0.0000,0.0006,0.0004,0.0008,0.2567,0.2276,0.2244,1.3424,0.4468,0.8912,0.1788,0.1784,0.1780,0.0000,0.0000,0.0000
2513,1,12,12.3692,15.0903,8.9485,0.0000,0.0000,0.0000,0.0005,0.0006,0.0004,0.2393,0.2362,0.2259,1.0311,1.3672,0.5589,0.1597,0.1593,0.1590,0.0001,0.0001,0.0001
2513,1,13,13.7454,11.9635,14.4181,0.0000,0.0000,0.0000,0.0009,0.0007,0.0008,0.2586,0.2610,0.2598,0.7518,0.8991,1.1520,0.2359,0.2359,0.2365,0.0001,0.0001,0.0001
2513,1,14,19.3070,13.6896,11.7933,0.0000,0.0000,0.0000,0.0019,0.0011,0.0008,0.2611,0.2504,0.2511,1.2935,0.6584,0.7687,0.3549,0.3524,0.3541,0.0000,0.0000,0.0000
2513,1,15,9.1982,18.7170,13.6803,0.0000,0.0000,0.0000,0.0010,0.0021,0.0014,0.2649,0.2735,0.2615,0.4576,1.2291,0.6586,0.3901,0.3910,0.3910,0.0000,0.0000,0.0000
2513,1,16,14.8622,9.3919,18.1522,0.0000,0.0000,0.0000,0.0022,0.0013,0.0025,0.3478,0.3346,0.3419,0.8935,0.5477,1.2844,0.4105,0.4105,0.4105,0.0000,0.0000,0.0000
2513,1,17,16.5153,14.7031,9.5354,0.0000,0.0000,0.0000,0.0033,0.0031,0.0019,0.3947,0.4139,0.4019,1.2272,0.9350,0.6178,0.3702,0.3702,0.3685,0.0000,0.0000,0.0000
2513,1,18,9.6858,15.8800,14.3485,0.0000,0.0000,0.0000,0.0027,0.0049,0.0040,0.5337,0.5236,0.5460,1.1489,1.4529,1.2044,0.3260,0.3252,0.3238,0.0031,0.0059,0.0056
2513,1,19,14.9546,9.5084,15.0631,0.0000,0.0000,0.0000,0.0062,0.0037,0.0059,0.8544,0.8778,0.8664,2.1583,1.3421,1.9592,0.3263,0.3254,0.3258,0.0223,0.0125,0.0241
2513,1,20,20.8367,14.0986,9.5528,0.0000,0.0000,0.0000,0.0205,0.0130,0.0080,1.2768,1.2591,1.2957,3.6298,2.3452,1.5106,0.3078,0.3072,0.3052,0.0483,0.0336,0.0203
2513,1,21,15.3061,19.2352,13.6104,0.0000,0.0000,0.0000,0.0167,0.0209,0.0139,1.7093,1.6221,1.6079,2.6042,3.4005,2.2926,0.2485,0.2480,0.2461,0.0193,0.0251,0.0177
2513,1,22,17.1106,14.9123,18.1638,0.0000,0.0000,0.0000,0.0190,0.0173,0.0218,1.8501,1.6798,1.5862,2.9133,2.2282,2.8047,0.1809,0.1801,0.1780,0.0032,0.0039,0.0050
2513,1,23,21.5993,16.1885,14.3951,0.0000,0.0000,0.0000,0.0268,0.0188,0.0177,1.8371,1.4988,1.3534,3.3835,2.5617,2.0043,0.1467,0.1457,0.1442,0.0000,0.0000,0.0000
2513,1,24,19.6770,20.4438,15.4907,0.0000,0.0000,0.0000,0.0253,0.0255,0.0188,1.3067,1.5020,1.2772,2.7982,2.8056,2.1237,0.1559,0.1551,0.1535,0.0033,0.0038,0.0027
2513,1,25,13.0293,18.9537,19.7820,0.0000,0.0000,0.0000,0.0156,0.0239,0.0246,1.2263,1.2965,1.4298,1.4371,2.2078,2.2563,0.2082,0.2069,0.2045,0.0117,0.0163,0.0187
2513,1,26,17.7055,13.1779,18.4554,0.0000,0.0000,0.0000,0.0234,0.0164,0.0241,1.2722,1.2073,1.2523,1.7808,1.3306,1.9673,0.2920,0.2904,0.2873,0.0392,0.0278,0.0389
2513,1,27,9.8034,17.2399,13.1087,0.0000,0.0000,0.0000,0.0130,0.0235,0.0175,1.2019,1.1824,1.1299,0.7052,1.8756,1.4669,0.3299,0.3284,0.3247,0.0178,0.0519,0.0405
2513,1,28,15.1018,10.3609,16.7559,0.0000,0.0000,0.0000,0.0217,0.0142,0.0239,1.2285,1.1057,1.0856,1.3308,0.7857,1.7226,0.2672,0.2656,0.2624,0.0351,0.0161,0.0551
2513,1,29,16.8476,15.1435,10.7677,0.0000,0.0000,0.0000,0.0238,0.0215,0.0146,1.2434,1.2168,1.0971,1.5698,1.3272,0.8697,0.2112,0.2100,0.2077,0.0354,0.0238,0.0118
2513,1,30,16.7351,16.7906,15.2700,0.0000,0.0000,0.0000,0.0225,0.0236,0.0211,1.3950,1.3391,1.3141,1.7464,1.5348,1.3183,0.2050,0.2038,0.2014,0.0830,0.0484,0.0328
2513,1,31,23.5810,16.6130,16.8856,0.0000,0.0000,0.0000,0.0338,0.0223,0.0231,1.4553,1.4052,1.3537,1.9514,1.5652,1.3578,0.2093,0.2078,0.2059,0.1186,0.1250,0.0796
2513,1,32,23.0091,23.3089,16.5841,0.0000,0.0000,0.0000,0.0329,0.0327,0.0219,1.4112,1.3982,1.3542,1.5084,1.7491,1.4412,0.2154,0.2141,0.2117,0.0656,0.1045,0.1085
2513,1,33,20.7639,22.9005,22.9308,0.0000,0.0000,0.0000,0.0293,0.0323,0.0318,1.5223,1.5705,1.5554,1.8606,1.7860,2.0359,0.1857,0.1849,0.1829,0.0417,0.0316,0.0467
2513,1,34,26.8852,20.2123,22.4574,0.0000,0.0000,0.0000,0.0410,0.0301,0.0328,1.6081,1.5917,1.6489,2.8450,2.2597,2.2035,0.1632,0.1627,0.1619,0.0058,0.0051,0.0040
2513,1,35,17.1878,25.9065,19.7343,0.0000,0.0000,0.0000,0.0254,0.0389,0.0289,1.3943,1.4732,1.4623,1.3483,2.5800,2.0694,0.1687,0.1684,0.1675,0.0000,0.0000,0.0000
2513,1,36,20.1136,17.2298,25.1578,0.0000,0.0000,0.0000,0.0302,0.0257,0.0369,1.1242,1.1571,1.2228,2.1233,1.2264,2.0644,0.1497,0.1493,0.1479,0.0101,0.0095,0.0139
2513,1,37,17.3115,19.5053,17.2129,0.0000,0.0000,0.0000,0.0258,0.0292,0.0257,0.8837,0.8998,0.9308,1.6271,1.5567,1.0077,0.1299,0.1293,0.1282,0.0444,0.0485,0.0396
2513,1,38,17.7288,16.7487,18.9299,0.0000,0.0000,0.0000,0.0284,0.0258,0.0294,0.6574,0.6948,0.7080,0.9438,1.2413,1.2594,0.1221,0.1216,0.1206,0.0796,0.1119,0.1119
2513,1,39,12.6093,17.2960,16.2063,0.0000,0.0000,0.0000,0.0201,0.0281,0.0252,0.4843,0.4698,0.4961,0.7976,0.8758,0.9520,0.0746,0.0742,0.0736,0.1358,0.0743,0.1349
2513,1,40,21.3116,12.3128,16.8543,0.0000,0.0000,0.0000,0.0360,0.0199,0.0275,0.4011,0.3875,0.3736,1.0188,0.6039,0.7924,0.0523,0.0519,0.0514,0.0962,0.1126,0.0473
2513,1,41,13.7110,20.6357,12.1190,0.0000,0.0000,0.0000,0.0240,0.0359,0.0202,0.4462,0.4664,0.4482,0.7002,1.1055,0.5920,0.0736,0.0731,0.0726,0.0831,0.0779,0.0990
2513,1,42,11.0614,13.6112,20.1748,0.0000,0.0000,0.0000,0.0191,0.0238,0.0349,0.5437,0.5360,0.5584,0.5196,0.6662,1.0439,0.1175,0.1168,0.1161,0.0586,0.0605,0.0567
2513,1,43,11.1786,11.2284,13.6578,0.0000,0.0000,0.0000,0.0212,0.0205,0.0247,0.5645,0.6072,0.5991,0.4766,0.4854,0.5944,0.1405,0.1401,0.1389,0.0353,0.0717,0.0720
2513,1,44,10.9844,11.3531,11.3304,0.0000,0.0000,0.0000,0.0227,0.0235,0.0225,0.5637,0.5568,0.5930,0.5369,0.4403,0.4954,0.1322,0.1322,0.1305,0.1467,0.0563,0.1028
2513,1,45,11.0368,10.9777,11.4962,0.0000,0.0000,0.0000,0.0236,0.0231,0.0238,0.5860,0.6258,0.6136,0.5640,0.6276,0.5152,0.1015,0.1013,0.1001,0.0561,0.0778,0.0346
2513,1,46,10.0909,11.1109,11.0414,0.0000,0.0000,0.0000,0.0229,0.0256,0.0247,0.6638,0.6222,0.6629,0.6059,0.5786,0.6257,0.0773,0.0769,0.0766,0.0234,0.0144,0.0192
2513,1,47,13.1896,10.1769,11.1962,0.0000,0.0000,0.0000,0.0340,0.0250,0.0275,0.7082,0.6627,0.6246,0.5576,0.6169,0.5745,0.0768,0.0766,0.0762,0.0042,0.0125,0.0081
2513,1,48,14.9661,13.3107,10.2113,0.0000,0.0000,0.0000,0.0438,0.0378,0.0279,0.6880,0.6837,0.6408,0.7258,0.5880,0.6090,0.0843,0.0830,0.0816,0.0349,0.0199,0.0509
2513,1,49,19.8303,15.0168,13.4861,0.0000,0.0000,0.0000,0.0654,0.0485,0.0422,0.7295,0.7441,0.7351,0.8587,0.6675,0.5618,0.0829,0.0822,0.0808,0.0598,0.0589,0.0364
2513,1,50,18.0352,19.7803,15.1426,0.0000,0.0000,0.0000,0.0653,0.0707,0.0525,0.7114,0.6746,0.6920,0.6215,0.6681,0.5266,0.0482,0.0474,0.0470,0.0389,0.0359,0.0348
2513,1,51,18.8807,18.0427,19.7280,0.0000,0.0000,0.0000,0.0763,0.0721,0.0759,0.5436,0.5347,0.5105,0.6283,0.4800,0.5144,0.0340,0.0339,0.0336,0.0289,0.0110,0.0102
2513,1,52,16.0254,18.8408,17.9994,0.0000,0.0000,0.0000,0.0679,0.0770,0.0742,0.4311,0.4194,0.4170,0.3817,0.4638,0.4335,0.0460,0.0460,0.0456,0.0000,0.0000,0.0000
2513,1,53,21.7879,15.9423,18.7714,0.0000,0.0000,0.0000,0.1074,0.0778,0.0890,0.3863,0.3980,0.3781,0.5486,0.4454,0.4317,0.0443,0.0435,0.0433,0.0001,0.0000,0.0000
2513,1,54,14.9049,21.4833,15.7638,0.0000,0.0000,0.0000,0.0816,0.1161,0.0846,0.2967,0.2861,0.2947,0.3571,0.5255,0.4261,0.0395,0.0390,0.0390,0.0000,0.0000,0.0000
2513,1,55,14.9460,14.8298,21.2288,0.0000,0.0000,0.0000,0.0880,0.0846,0.1209,0.2737,0.2527,0.2414,0.2985,0.3102,0.4449,0.0576,0.0573,0.0576,0.0000,0.0000,0.0000
2513,1,56,18.0652,15.0646,14.8671,0.0000,0.0000,0.0000,0.1195,0.0976,0.0933,0.3513,0.3520,0.3255,0.2347,0.2019,0.2685,0.0650,0.0646,0.0638,0.0000,0.0000,0.0000
2513,1,57,18.3132,18.3985,15.4468,0.0000,0.0000,0.0000,0.1303,0.1292,0.1053,0.5849,0.5791,0.5876,0.1655,0.1465,0.1269,0.0338,0.0338,0.0333,0.0130,0.0071,0.0075
2513,1,58,24.4750,18.8612,18.9638,0.0000,0.0000,0.0000,0.1878,0.1402,0.1390,0.8306,0.8472,0.8392,0.1554,0.1208,0.1199,0.0109,0.0108,0.0108,0.0272,0.0515,0.0302
2513,1,59,30.2343,24.8808,19.3644,0.0000,0.0000,0.0000,0.2666,0.2130,0.1611,0.8477,0.9008,0.9197,0.2875,0.2313,0.1649,0.0093,0.0093,0.0092,0.0671,0.0642,0.1028
2513,1,60,24.1986,30.2973,25.1256,0.0000,0.0000,0.0000,0.2303,0.2856,0.2276,0.7472,0.7454,0.7933,0.2610,0.3459,0.2806,0.0241,0.0241,0.0240,0.0865,0.0740,0.0690
2513,1,61,30.0117,24.3698,30.3060,0.0000,0.0000,0.0000,0.3202,0.2553,0.3122,0.7137,0.7177,0.7157,0.3595,0.2842,0.3742,0.0389,0.0383,0.0383,0.0610,0.0521,0.0587
2513,1,62,26.1989,30.1205,24.6333,0.0000,0.0000,0.0000,0.3054,0.3423,0.2749,0.7921,0.7842,0.7834,0.2938,0.3272,0.2599,0.0482,0.0478,0.0472,0.0484,0.0532,0.0427
2513,1,63,32.9348,26.3009,30.1312,0.0000,0.0000,0.0000,0.4277,0.3337,0.3734,0.7095,0.7062,0.6973,0.3236,0.2590,0.2910,0.0297,0.0294,0.0294,0.0617,0.0490,0.0522
2513,1,64,25.9842,32.7616,26.2932,0.0000,0.0000,0.0000,0.3772,0.4633,0.3648,0.6835,0.6978,0.6780,0.2925,0.3783,0.3013,0.0180,0.0179,0.0178,0.0507,0.0588,0.0468
2513,1,65,27.8732,25.9857,32.5503,0.0000,0.0000,0.0000,0.3196,0.2904,0.3577,0.7094,0.7127,0.7268,0.5262,0.4235,0.5851,0.0252,0.0249,0.0246,0.0238,0.0253,0.0300
2513,1,66,24.9165,27.6681,25.9879,0.0000,0.0000,0.0000,0.3136,0.3412,0.3125,0.7098,0.7121,0.7182,0.4977,0.5902,0.4283,0.0300,0.0292,0.0296,0.0141,0.0200,0.0065
2513,1,67,26.8865,24.8663,27.4794,0.0000,0.0000,0.0000,0.3716,0.3374,0.3657,0.7596,0.7497,0.7555,0.5080,0.4734,0.5719,0.0396,0.0390,0.0403,0.0345,0.0317,0.0495
2513,1,68,35.5016,26.6609,24.7086,0.0000,0.0000,0.0000,0.5326,0.3876,0.3521,0.7012,0.6795,0.6737,0.6417,0.5026,0.4692,0.0373,0.0373,0.0373,0.0619,0.0532,0.0516
2513,1,69,38.1949,34.8508,26.2953,0.0000,0.0000,0.0000,0.6400,0.5690,0.4169,0.5889,0.5760,0.5498,0.7206,0.6415,0.4870,0.0212,0.0206,0.0205,0.0531,0.0358,0.0315
2513,1,70,24.6109,37.3978,34.1592,0.0000,0.0000,0.0000,0.4563,0.6813,0.6097,0.4805,0.5117,0.4979,0.4266,0.6311,0.5885,0.0177,0.0169,0.0159,0.0042,0.0112,0.0074
2513,1,71,32.3700,24.2876,36.6864,0.0000,0.0000,0.0000,0.6537,0.4782,0.7099,0.5067,0.5001,0.5248,0.5033,0.3660,0.5443,0.0229,0.0222,0.0207,0.0001,0.0001,0.0001
2513,1,72,26.4697,31.8786,24.0262,0.0000,0.0000,0.0000,0.5998,0.6976,0.5137,0.6505,0.6377,0.6327,0.5986,0.4415,0.3898,0.0131,0.0122,0.0117,0.0001,0.0001,0.0001
2513,1,73,25.3078,25.6309,31.5281,0.0000,0.0000,0.0000,0.6322,0.6304,0.7362,0.8076,0.7878,0.7732,0.8752,1.0091,0.3892,0.0036,0.0034,0.0032,0.0000,0.0000,0.0000
2513,1,74,28.3949,24.4278,24.5862,0.0000,0.0000,0.0000,0.7987,0.6844,0.6763,0.7578,0.7403,0.7235,0.5613,0.9382,1.0967,0.0000,0.0000,0.0000,0.0000,0.0000,0.0000
2513,1,75,26.5090,27.6871,23.6497,0.0000,0.0000,0.0000,0.8265,0.8495,0.7163,0.5783,0.5761,0.5606,0.2424,0.4333,0.6218,0.0001,0.0001,0.0001,0.0000,0.0000,0.0001
2513,1,76,36.7521,25.7752,26.8744,0.0000,0.0000,0.0000,1.2958,0.8880,0.9058,0.4435,0.4356,0.4359,0.3964,0.2807,0.3437,0.0000,0.0000,0.0000,0.0000,0.0000,0.0000
2513,1,77,38.3416,35.3022,24.8553,0.0000,0.0000,0.0000,1.5532,1.3918,0.9591,0.2813,0.2971,0.2893,0.3874,0.3561,0.2501,0.0000,0.0000,0.0000,0.0000,0.0000,0.0000
2513,1,78,27.5590,36.4052,33.5776,0.0000,0.0000,0.0000,1.2776,1.6497,1.4839,0.1782,0.1813,0.1894,0.3418,0.4680,0.4308,0.0001,0.0000,0.0000,0.0000,0.0000,0.0000
2513,1,79,18.0088,26.0710,34.3930,0.0000,0.0000,0.0000,0.9335,1.3259,1.7141,0.2072,0.2073,0.2088,0.2647,0.3705,0.5070,0.0000,0.0000,0.0000,0.0000,0.0000,0.0000
2513,2,0,11.9227,11.5403,11.1644,11.8850,11.4966,11.1149,0.0193,0.0185,0.0178,0.4035,0.3973,0.3912,0.3555,0.3436,0.3320,0.0072,0.0072,0.0071,0.0000,0.0000,0.0000
2513,2,1,12.0004,11.9094,11.5417,0.0000,0.0000,0.0000,0.0039,0.0037,0.0036,0.7932,0.7705,0.7591,0.8508,0.8477,0.8206,0.0679,0.0675,0.0669,0.0000,0.0000,0.0000
2513,2,2,11.8792,11.8476,11.7478,0.0000,0.0000,0.0000,0.0013,0.0013,0.0013,0.6265,0.6313,0.6141,0.8446,0.8766,0.8714,0.1083,0.1076,0.1064,0.0081,0.0077,0.0080
2513,2,3,11.8951,11.6901,11.6500,0.0000,0.0000,0.0000,0.0009,0.0009,0.0008,0.5074,0.4932,0.4931,0.7443,0.8040,0.8106,0.1566,0.1557,0.1545,0.0280,0.0289,0.0275
2513,2,4,18.3498,11.6418,11.4271,0.0000,0.0000,0.0000,0.0014,0.0008,0.0008,0.4156,0.4126,0.4031,1.1194,0.7562,0.7515,0.1389,0.1384,0.1377,0.0765,0.0457,0.0465
2513,2,5,13.6032,17.6963,11.3610,0.0000,0.0000,0.0000,0.0008,0.0010,0.0006,0.3166,0.3231,0.3153,0.7733,1.0240,0.6632,0.1031,0.1027,0.1018,0.0366,0.0475,0.0290
2513,2,6,14.6845,13.3789,17.2934,0.0000,0.0000,0.0000,0.0007,0.0007,0.0009,0.2918,0.2811,0.2863,0.6847,0.5978,0.7801,0.1102,0.1096,0.1092,0.0078,0.0075,0.0098
2513,2,7,10.1428,14.6945,13.4817,0.0000,0.0000,0.0000,0.0005,0.0007,0.0005,0.3371,0.3377,0.3260,0.3325,0.4547,0.3599,0.1492,0.1484,0.1479,0.0000,0.0000,0.0000
2513,2,8,4.5403,10.3999,14.8405,0.0000,0.0000,0.0000,0.0001,0.0003,0.0005,0.4630,0.4424,0.4421,0.0893,0.3387,0.4402,0.1724,0.1720,0.1714,0.0018,0.0043,0.0065
2513,2,9,14.7452,4.9532,10.4819,0.0000,0.0000,0.0000,0.0004,0.0002,0.0003,0.4327,0.4416,0.4235,0.7806,0.1809,0.4653,0.1733,0.1726,0.1712,0.0470,0.0137,0.0337
2513,2,10,11.8264,14.3375,5.2168,0.0000,0.0000,0.0000,0.0004,0.0004,0.0002,0.3999,0.4026,0.4067,0.6318,0.7996,0.2310,0.1288,0.1284,0.1274,0.0898,0.1134,0.0327
2513,2,11,13.6211,11.6307,13.9372,0.0000,0.0000,0.0000,0.0006,0.0006,0.0007,0.3526,0.3430,0.3436,0.7475,0.5791,0.7230,0.1392,0.1398,0.1391,0.1430,0.1117,0.1398
2513,2,12,11.9373,13.2802,11.4673,0.0000,0.0000,0.0000,0.0006,0.0006,0.0005,0.2789,0.2760,0.2704,0.4219,0.6784,0.5154,0.1632,0.1632,0.1628,0.0786,0.1074,0.0883
2513,2,13,11.7507,11.9747,13.0664,0.0000,0.0000,0.0000,0.0005,0.0008,0.0006,0.2995,0.3027,0.2983,0.6695,0.3800,0.6271,0.1555,0.1551,0.1543,0.0417,0.0348,0.0410
2513,2,14,12.5895,11.6429,12.0723,0.0000,0.0000,0.0000,0.0006,0.0007,0.0008,0.3414,0.3399,0.3437,0.8950,0.5781,0.3681,0.1349,0.1342,0.1346,0.0048,0.0063,0.0068
2513,2,15,7.2269,12.3480,11.5727,0.0000,0.0000,0.0000,0.0007,0.0008,0.0009,0.2537,0.2622,0.2643,0.1436,0.6210,0.4493,0.1202,0.1205,0.1199,0.0000,0.0000,0.0000
2513,2,16,9.9567,7.3095,12.0511,0.0000,0.0000,0.0000,0.0012,0.0008,0.0014,0.2144,0.2009,0.2078,0.3680,0.2378,0.6166,0.1244,0.1244,0.1244,0.0000,0.0000,0.0000
2513,2,17,11.5231,9.7894,7.3003,0.0000,0.0000,0.0000,0.0015,0.0013,0.0010,0.2294,0.2403,0.2257,0.8329,0.5214,0.3583,0.1286,0.1283,0.1276,0.0000,0.0000,0.0000
2513,2,18,13.1342,10.8956,9.3600,0.0000,0.0000,0.0000,0.0021,0.0016,0.0015,0.4150,0.3891,0.4021,1.4282,1.1794,0.9938,0.1751,0.1739,0.1739,0.0001,0.0001,0.0000
2513,2,19,10.8138,11.8476,10.0576,0.0000,0.0000,0.0000,0.0021,0.0022,0.0016,0.8454,0.8541,0.8069,2.2594,2.3667,1.8811,0.2530,0.2522,0.2507,0.0035,0.0036,0.0023
2513,2,20,11.9888,9.7433,10.6374,0.0000,0.0000,0.0000,0.0013,0.0009,0.0010,1.3567,1.4504,1.4676,3.5942,2.7364,2.8908,0.2586,0.2577,0.2568,0.0297,0.0222,0.0225
2513,2,21,10.2039,10.7554,9.2307,0.0000,0.0000,0.0000,0.0009,0.0012,0.0009,1.9114,1.8631,1.9708,2.9328,3.2724,2.6508,0.2333,0.2325,0.2310,0.0357,0.0568,0.0456
2513,2,22,7.4421,9.7640,10.1842,0.0000,0.0000,0.0000,0.0007,0.0009,0.0011,2.0241,2.0385,2.0045,1.7888,2.6888,2.7586,0.2426,0.2424,0.2418,0.0407,0.0440,0.0634
2513,2,23,11.4656,7.9476,9.7896,0.0000,0.0000,0.0000,0.0012,0.0007,0.0008,1.8629,1.9171,1.9315,2.5457,1.5798,2.0705,0.1986,0.1984,0.1971,0.0557,0.0385,0.0409
2513,2,24,11.6210,11.2117,8.3524,0.0000,0.0000,0.0000,0.0012,0.0012,0.0008,1.6482,1.6794,1.7186,2.1084,2.0192,1.4176,0.1274,0.1267,0.1257,0.0442,0.0434,0.0332
2513,2,25,6.4835,11.1322,10.8144,0.0000,0.0000,0.0000,0.0006,0.0013,0.0013,1.3654,1.3250,1.3473,0.9470,1.8401,1.7762,0.0830,0.0825,0.0817,0.0214,0.0469,0.0463
2513,2,26,10.6010,6.6784,10.6471,0.0000,0.0000,0.0000,0.0013,0.0007,0.0013,1.0507,1.0366,1.0046,1.5056,0.8951,1.5123,0.0821,0.0816,0.0809,0.0404,0.0232,0.0433
2513,2,27,8.2362,10.2694,6.8067,0.0000,0.0000,0.0000,0.0011,0.0012,0.0007,1.0005,0.9003,0.8911,0.8452,1.3088,0.8366,0.0992,0.0985,0.0975,0.0245,0.0239,0.0146
2513,2,28,11.9110,8.6214,10.2312,0.0000,0.0000,0.0000,0.0016,0.0012,0.0013,1.0253,0.9903,0.9024,1.2038,0.7067,1.0310,0.1231,0.1222,0.1209,0.0252,0.0220,0.0215
2513,2,29,16.1137,12.2194,9.2485,0.0000,0.0000,0.0000,0.0024,0.0017,0.0013,1.1099,1.0664,1.0270,1.0921,0.8587,0.5152,0.1494,0.1485,0.1470,0.0495,0.0373,0.0296
2513,2,30,13.7303,16.5938,12.8174,0.0000,0.0000,0.0000,0.0020,0.0024,0.0018,1.2231,1.1845,1.1359,0.6481,0.8386,0.6758,0.1907,0.1896,0.1879,0.0366,0.0475,0.0402
2513,2,31,14.5723,14.3311,16.9514,0.0000,0.0000,0.0000,0.0022,0.0022,0.0026,1.2462,1.2033,1.1659,0.8031,0.7353,0.9194,0.1695,0.1687,0.1668,0.0418,0.0327,0.0437
2513,2,32,20.9577,14.9421,14.7198,0.0000,0.0000,0.0000,0.0035,0.0024,0.0023,1.1743,1.1917,1.1531,1.2932,0.9086,0.8535,0.1263,0.1256,0.1243,0.0495,0.0372,0.0285
2513,2,33,19.9178,20.8972,15.2730,0.0000,0.0000,0.0000,0.0033,0.0036,0.0026,1.1842,1.1724,1.1895,1.2606,1.2515,0.8971,0.1081,0.1076,0.1065,0.1324,0.0805,0.0625
2513,2,34,16.2326,19.8793,20.9206,0.0000,0.0000,0.0000,0.0029,0.0034,0.0038,1.0936,1.1220,1.1136,0.8295,1.0519,1.0456,0.1178,0.1176,0.1163,0.1553,0.2273,0.1479
2513,2,35,12.3628,16.2965,19.6970,0.0000,0.0000,0.0000,0.0023,0.0029,0.0035,0.8818,0.8908,0.9173,0.5233,0.7571,0.9520,0.1231,0.1228,0.1215,0.1132,0.1933,0.2618
2513,2,36,22.2798,12.3181,15.9463,0.0000,0.0000,0.0000,0.0044,0.0024,0.0030,0.5691,0.6029,0.6132,1.1210,0.5985,0.8571,0.1016,0.1015,0.1005,0.2613,0.1433,0.2047
2513,2,37,12.6112,21.3829,12.0781,0.0000,0.0000,0.0000,0.0025,0.0047,0.0025,0.4305,0.4491,0.4695,0.7938,1.2031,0.6651,0.1012,0.1009,0.1001,0.1400,0.2352,0.1372
2513,2,38,18.1768,12.3190,20.6009,0.0000,0.0000,0.0000,0.0040,0.0027,0.0047,0.4777,0.4800,0.5082,1.3177,0.8264,1.2437,0.1323,0.1320,0.1310,0.1171,0.0861,0.1693
2513,2,39,11.9446,17.5124,12.1885,0.0000,0.0000,0.0000,0.0028,0.0040,0.0027,0.6013,0.6357,0.6400,0.7812,1.4232,0.9081,0.1707,0.1697,0.1688,0.0425,0.0482,0.0365
2513,2,40,9.2182,11.9837,17.0559,0.0000,0.0000,0.0000,0.0022,0.0029,0.0040,0.6763,0.6640,0.7050,0.6125,0.7757,1.3137,0.1624,0.1610,0.1599,0.0043,0.0061,0.0070
2513,2,41,14.8974,9.4202,12.0502,0.0000,0.0000,0.0000,0.0039,0.0023,0.0030,0.6154,0.5899,0.5772,0.8125,0.4841,0.6060,0.1024,0.1020,0.1012,0.0000,0.0000,0.0000
2513,2,42,11.0863,14.8632,9.5919,0.0000,0.0000,0.0000,0.0031,0.0042,0.0026,0.5032,0.5100,0.4866,0.4828,0.6049,0.3766,0.0698,0.0695,0.0686,0.0000,0.0000,0.0000
2513,2,43,8.2538,11.1606,14.8715,0.0000,0.0000,0.0000,0.0025,0.0031,0.0043,0.3854,0.3920,0.3947,0.1844,0.3669,0.4321,0.0554,0.0546,0.0539,0.0000,0.0003,0.0002
2513,2,44,7.1369,8.4596,11.1120,0.0000,0.0000,0.0000,0.0023,0.0027,0.0036,0.3026,0.3165,0.3216,0.2091,0.1505,0.4083,0.0470,0.0468,0.0463,0.0027,0.0041,0.0034
2513,2,45,11.0910,7.1793,8.5943,0.0000,0.0000,0.0000,0.0042,0.0026,0.0031,0.3086,0.2929,0.3085,0.2325,0.2815,0.1967,0.0425,0.0421,0.0416,0.0218,0.0101,0.0156
2513,2,46,17.2854,11.1026,7.1656,0.0000,0.0000,0.0000,0.0070,0.0046,0.0029,0.2859,0.2766,0.2589,1.0060,0.2633,0.2939,0.0403,0.0403,0.0401,0.0286,0.0354,0.0169
2513,2,47,8.8842,16.6740,11.0798,0.0000,0.0000,0.0000,0.0040,0.0073,0.0050,0.1942,0.1806,0.1733,0.3500,0.8227,0.2202,0.0524,0.0520,0.0522,0.0124,0.0172,0.0212
2513,2,48,9.8166,8.7297,16.0048,0.0000,0.0000,0.0000,0.0050,0.0044,0.0083,0.1391,0.1334,0.1241,0.3959,0.3637,0.8647,0.0780,0.0786,0.0786,0.0037,0.0032,0.0046
2513,2,49,19.6360,9.5851,8.5302,0.0000,0.0000,0.0000,0.0116,0.0054,0.0047,0.1827,0.1813,0.1739,0.6179,0.4889,0.4502,0.0777,0.0774,0.0768,0.0000,0.0000,0.0000
2513,2,50,14.8797,19.3024,9.4845,0.0000,0.0000,0.0000,0.0094,0.0119,0.0055,0.3210,0.3085,0.3089,0.5034,0.7040,0.4777,0.0676,0.0683,0.0676,0.0000,0.0000,0.0000
2513,2,51,13.0824,14.9285,19.1702,0.0000,0.0000,0.0000,0.0090,0.0101,0.0129,0.4512,0.4728,0.4540,0.4128,0.4681,0.6274,0.0513,0.0513,0.0508,0.0019,0.0022,0.0038
2513,2,52,6.3887,13.2724,15.1050,0.0000,0.0000,0.0000,0.0046,0.0099,0.0110,0.4597,0.4387,0.4630,0.1112,0.2802,0.3166,0.0441,0.0443,0.0436,0.0000,0.0071,0.0082
2513,2,53,18.2225,6.8533,13.5876,0.0000,0.0000,0.0000,0.0144,0.0052,0.0104,0.4542,0.4723,0.4465,0.2611,0.0678,0.1771,0.0670,0.0658,0.0654,0.0256,0.0016,0.0130
2513,2,54,22.2181,18.4635,7.3498,0.0000,0.0000,0.0000,0.0204,0.0163,0.0061,0.4952,0.4684,0.4826,0.3616,0.3166,0.0984,0.1181,0.1173,0.1189,0.0146,0.0155,0.0022
2513,2,55,20.1068,22.2741,18.5790,0.0000,0.0000,0.0000,0.0198,0.0219,0.0179,0.5442,0.5067,0.4808,0.5385,0.5451,0.4703,0.1260,0.1279,0.1288,0.0128,0.0126,0.0109
2513,2,56,22.9247,20.2189,22.3070,0.0000,0.0000,0.0000,0.0265,0.0228,0.0253,0.6321,0.6555,0.6074,0.7472,0.5941,0.6073,0.0875,0.0875,0.0867,0.0260,0.0227,0.0293
2513,2,57,20.1379,22.9549,20.4086,0.0000,0.0000,0.0000,0.0250,0.0281,0.0245,0.7752,0.7751,0.8076,0.6124,0.7094,0.5936,0.0317,0.0314,0.0311,0.0397,0.0445,0.0383
2513,2,58,21.1250,20.2614,22.9789,0.0000,0.0000,0.0000,0.0298,0.0280,0.0314,0.7656,0.7369,0.7303,0.5938,0.5727,0.6590,0.0056,0.0056,0.0055,0.0248,0.0236,0.0269
2513,2,59,30.7086,21.1443,20.2946,0.0000,0.0000,0.0000,0.0479,0.0320,0.0301,0.5496,0.5847,0.5778,0.8047,0.5460,0.5275,0.0155,0.0155,0.0150,0.0092,0.0065,0.0060
2513,2,60,31.7250,30.3956,21.1021,0.0000,0.0000,0.0000,0.0567,0.0532,0.0357,0.4305,0.4355,0.4620,0.6780,0.7291,0.5000,0.0279,0.0279,0.0270,0.0001,0.0001,0.0001
2513,2,61,25.8727,31.5441,30.2099,0.0000,0.0000,0.0000,0.0502,0.0622,0.0576,0.4413,0.4463,0.4483,0.5517,0.5977,0.6129,0.0301,0.0305,0.0303,0.0001,0.0001,0.0001
2513,2,62,20.3549,26.0998,31.6903,0.0000,0.0000,0.0000,0.0420,0.0524,0.0648,0.6258,0.5909,0.5960,0.2705,0.3522,0.4270,0.0376,0.0376,0.0381,0.0000,0.0000,0.0000
2513,2,63,25.4447,20.8552,26.4881,0.0000,0.0000,0.0000,0.0586,0.0486,0.0595,0.7878,0.7849,0.7429,0.3169,0.2759,0.3337,0.0357,0.0357,0.0352,0.0000,0.0000,0.0000
2513,2,64,30.2350,25.7648,21.2912,0.0000,0.0000,0.0000,0.0789,0.0645,0.0533,0.8201,0.8371,0.8313,0.5377,0.4760,0.3741,0.0290,0.0285,0.0285,0.0001,0.0001,0.0001
2513,2,65,27.9760,30.1148,25.7248,0.0000,0.0000,0.0000,0.2002,0.2133,0.1770,0.7597,0.7418,0.7619,0.6071,0.6741,0.6454,0.0232,0.0236,0.0232,0.0001,0.0001,0.0001
2513,2,66,29.5579,27.5890,29.6467,0.0000,0.0000,0.0000,0.2319,0.2146,0.2273,0.5458,0.5249,0.5165,0.7648,0.7087,0.7682,0.0107,0.0107,0.0105,0.0000,0.0000,0.0000
2513,2,67,21.5670,28.8750,26.9683,0.0000,0.0000,0.0000,0.1864,0.2458,0.2276,0.3399,0.3580,0.3452,0.5880,0.7962,0.7408,0.0018,0.0017,0.0018,0.0000,0.0000,0.0000
2513,2,68,34.1373,21.1358,28.1851,0.0000,0.0000,0.0000,0.3301,0.2007,0.2644,0.2700,0.2743,0.2875,0.8068,0.5066,0.7148,0.0025,0.0025,0.0025,0.0000,0.0000,0.0000
2513,2,69,16.6973,33.4795,20.8350,0.0000,0.0000,0.0000,0.1743,0.3472,0.2122,0.3024,0.2907,0.2934,0.4418,0.6128,0.3917,0.0103,0.0103,0.0100,0.0000,0.0000,0.0000
2513,2,70,28.6499,16.5301,33.0142,0.0000,0.0000,0.0000,0.3337,0.1885,0.3756,0.3909,0.3903,0.3735,0.4242,0.3882,0.4815,0.0181,0.0181,0.0181,0.0000,0.0000,0.0000
2513,2,71,16.0152,28.4088,16.5002,0.0000,0.0000,0.0000,0.2049,0.3614,0.2055,0.4193,0.4310,0.4307,0.2095,0.3210,0.2658,0.0104,0.0108,0.0108,0.0000,0.0000,0.0000
2513,2,72,23.8628,16.0084,28.1552,0.0000,0.0000,0.0000,0.3356,0.2230,0.3890,0.4033,0.3840,0.3949,0.2076,0.1709,0.2614,0.0028,0.0027,0.0028,0.0000,0.0000,0.0000
2513,2,73,25.7335,23.7702,16.0131,0.0000,0.0000,0.0000,0.4095,0.3683,0.2464,0.4482,0.4482,0.4210,0.3127,0.1747,0.1740,0.0041,0.0039,0.0037,0.0000,0.0000,0.0000
2513,2,74,30.7087,25.4595,23.6464,0.0000,0.0000,0.0000,0.5347,0.4413,0.3984,0.4736,0.4343,0.4303,0.2455,0.2851,0.1688,0.0177,0.0168,0.0159,0.0000,0.0000,0.0000
2513,2,75,24.5903,30.1552,25.0367,0.0000,0.0000,0.0000,0.4877,0.5854,0.4809,0.3161,0.3295,0.3020,0.2687,0.3241,0.2720,0.0291,0.0291,0.0273,0.0000,0.0000,0.0000
2513,2,76,18.5424,23.9905,29.3090,0.0000,0.0000,0.0000,0.4045,0.5248,0.6277,0.2332,0.2241,0.2343,0.3044,0.3177,0.4672,0.0186,0.0174,0.0174,0.0000,0.0000,0.0000
2513,2,77,20.3157,17.9995,23.1219,0.0000,0.0000,0.0000,0.5064,0.4394,0.5692,0.1742,0.1868,0.1804,0.3553,0.2940,0.4878,0.0051,0.0047,0.0047,0.0000,0.0000,0.0000
2513,2,78,27.4858,19.5565,17.4727,0.0000,0.0000,0.0000,0.8014,0.5478,0.4773,0.1419,0.1455,0.1569,0.8613,0.3554,0.2059,0.0000,0.0000,0.0000,0.0000,0.0000,0.0000
2513,2,79,17.1944,25.7037,18.7659,0.0000,0.0000,0.0000,0.5558,0.8431,0.5858,0.1712,0.1822,0.1797,0.4221,1.1310,0.3838,0.0000,0.0000,0.0000,0.0000,0.0000,0.0000
2518,1,0,14.5454,14.0399,13.5595,14.7030,14.1763,13.6758,0.0249,0.0237,0.0226,0.5511,0.5435,0.5358,0.7945,0.7656,0.7382,0.1124,0.1118,0.1112,0.0000,0.0000,0.0000
2518,1,1,14.6302,14.4902,14.0160,0.0000,0.0000,0.0000,0.0043,0.0045,0.0044,1.3511,1.3107,1.2920,1.5120,1.4239,1.3746,0.1231,0.1226,0.1216,0.3254,0.0554,0.0535
2518,1,2,15.7469,14.5566,14.4062,0.0000,0.0000,0.0000,0.0018,0.0017,0.0015,1.2136,1.2432,1.1987,1.4156,1.2883,1.2623,0.1141,0.1133,0.1123,0.1512,0.1464,0.1287
2518,1,3,11.2661,15.5065,14.4687,0.0000,0.0000,0.0000,0.0007,0.0010,0.0010,1.0070,0.9551,0.9906,0.7524,1.1099,1.0199,0.1362,0.1356,0.1353,0.1251,0.2053,0.1972
2518,1,4,12.1059,11.4746,15.3418,0.0000,0.0000,0.0000,0.0008,0.0008,0.0010,0.7546,0.8187,0.7724,0.6701,0.6321,0.8861,0.1256,0.1250,0.1247,0.0982,0.0992,0.1589
2518,1,5,13.9649,12.2186,11.6676,0.0000,0.0000,0.0000,0.0007,0.0006,0.0006,0.7372,0.6943,0.7494,0.7318,0.6116,0.5835,0.1390,0.1388,0.1383,0.1522,0.1021,0.1038
2518,1,6,17.7992,13.9717,12.3771,0.0000,0.0000,0.0000,0.0008,0.0007,0.0006,0.7321,0.7073,0.6796,0.8506,0.6703,0.5582,0.1989,0.1980,0.1962,0.2524,0.2042,0.1530
2518,1,7,12.4786,17.8352,14.1766,0.0000,0.0000,0.0000,0.0006,0.0008,0.0007,0.8136,0.8083,0.7820,0.4284,0.7151,0.5789,0.2826,0.2803,0.2786,0.1885,0.3149,0.2588
2518,1,8,17.1376,12.9237,17.9204,0.0000,0.0000,0.0000,0.0006,0.0004,0.0008,0.7169,0.7333,0.7273,0.5883,0.3868,0.6208,0.2895,0.2870,0.2840,0.2769,0.1848,0.2870
2518,1,9,12.2781,17.2324,13.2567,0.0000,0.0000,0.0000,0.0004,0.0006,0.0004,0.6275,0.6257,0.6416,0.3461,0.4617,0.3135,0.1972,0.1961,0.1951,0.1876,0.2585,0.1855
2518,1,10,15.9295,12.4052,17.2167,0.0000,0.0000,0.0000,0.0005,0.0004,0.0006,0.5016,0.5079,0.5045,0.4622,0.3063,0.3962,0.1116,0.1115,0.1109,0.2354,0.1723,0.2279
2518,1,11,17.7291,15.8120,12.4620,0.0000,0.0000,0.0000,0.0008,0.0007,0.0006,0.4472,0.4148,0.4187,0.5676,0.4185,0.2772,0.0746,0.0742,0.0736,0.2144,0.1914,0.1454
2518,1,12,25.7952,17.4795,15.6806,0.0000,0.0000,0.0000,0.0013,0.0008,0.0007,0.3054,0.3125,0.2879,0.4229,0.4964,0.3807,0.1059,0.1047,0.1039,0.1920,0.1607,0.1416
2518,1,13,16.9243,25.6404,17.3290,0.0000,0.0000,0.0000,0.0011,0.0017,0.0011,0.1942,0.1952,0.2016,0.3669,0.4313,0.4097,0.2186,0.2175,0.2168,0.1267,0.1324,0.1463
2518,1,14,23.8130,17.0152,25.6795,0.0000,0.0000,0.0000,0.0022,0.0013,0.0021,0.1489,0.1442,0.1452,0.4670,0.2869,0.3399,0.3565,0.3529,0.3528,0.2088,0.1192,0.1128
2518,1,15,11.2289,23.7230,17.1647,0.0000,0.0000,0.0000,0.0012,0.0026,0.0018,0.1412,0.1455,0.1410,0.2049,0.4207,0.2644,0.3764,0.3764,0.3759,0.0855,0.1621,0.0980
2518,1,16,22.8735,11.4104,23.5715,0.0000,0.0000,0.0000,0.0033,0.0015,0.0033,0.2096,0.2022,0.2065,0.5310,0.2722,0.5286,0.3233,0.3233,0.3231,0.1234,0.0654,0.1117
2518,1,17,15.0751,22.7318,11.6430,0.0000,0.0000,0.0000,0.0029,0.0047,0.0022,0.4073,0.4249,0.4139,0.5271,0.7520,0.3992,0.2822,0.2822,0.2809,0.0624,0.0812,0.0485
2518,1,18,12.1359,15.0602,22.3311,0.0000,0.0000,0.0000,0.0032,0.0044,0.0060,0.7155,0.7041,0.7320,0.7521,0.8905,1.2904,0.2791,0.2785,0.2772,0.0813,0.0773,0.0936
2518,1,19,22.1940,12.1960,14.8562,0.0000,0.0000,0.0000,0.0088,0.0048,0.0057,1.1953,1.2215,1.2091,2.1374,1.2820,1.5355,0.2479,0.2469,0.2469,0.0630,0.0951,0.0950
2518,1,20,16.0751,21.0510,12.1612,0.0000,0.0000,0.0000,0.0101,0.0132,0.0069,1.6232,1.6098,1.6455,2.5959,2.8684,1.7972,0.2234,0.2224,0.2202,0.1259,0.0645,0.0767
2518,1,21,14.7006,14.9235,19.5137,0.0000,0.0000,0.0000,0.0107,0.0107,0.0143,1.9237,1.8469,1.8364,2.3946,3.0989,3.5010,0.2087,0.2081,0.2063,0.0346,0.0785,0.0604
2518,1,22,24.7523,14.2009,13.9564,0.0000,0.0000,0.0000,0.0214,0.0116,0.0113,2.2509,2.1092,2.0557,5.6346,2.7887,3.1555,0.2246,0.2245,0.2229,0.1098,0.0493,0.0784
2518,1,23,18.4644,22.4558,13.9783,0.0000,0.0000,0.0000,0.0159,0.0201,0.0118,2.4362,2.3008,2.2217,4.1381,4.7775,2.6691,0.2895,0.2887,0.2871,0.1301,0.1424,0.0781
2518,1,24,22.7974,17.5197,20.9090,0.0000,0.0000,0.0000,0.0213,0.0150,0.0190,2.2446,2.3533,2.2573,4.6370,3.4975,4.0187,0.3294,0.3281,0.3253,0.1902,0.1403,0.1574
2518,1,25,16.1521,21.0258,16.7501,0.0000,0.0000,0.0000,0.0142,0.0199,0.0146,2.0246,2.0990,2.2217,3.0954,4.0376,3.1608,0.3103,0.3085,0.3052,0.1440,0.1751,0.1367
2518,1,26,20.0392,15.2834,19.3544,0.0000,0.0000,0.0000,0.0195,0.0141,0.0190,2.2177,2.1078,2.1917,4.1517,3.0567,3.8923,0.2329,0.2318,0.2293,0.2338,0.1713,0.2038
2518,1,27,15.1695,18.4432,14.5454,0.0000,0.0000,0.0000,0.0145,0.0181,0.0138,2.2103,2.1898,2.0991,3.0313,3.7226,2.8504,0.1789,0.1780,0.1762,0.1656,0.2033,0.1561
2518,1,28,25.8146,14.6629,17.4212,0.0000,0.0000,0.0000,0.0272,0.0139,0.0172,2.1487,1.9828,1.9600,4.2280,2.4674,2.9187,0.1433,0.1426,0.1412,0.2134,0.1349,0.1591
2518,1,29,26.1760,24.2259,14.2857,0.0000,0.0000,0.0000,0.0266,0.0245,0.0132,1.9024,1.8669,1.7404,3.6427,3.3407,2.0727,0.1341,0.1333,0.1320,0.2231,0.2046,0.1453
2518,1,30,14.1332,24.5704,22.8342,0.0000,0.0000,0.0000,0.0133,0.0248,0.0224,1.8076,1.7481,1.7140,1.6921,3.2579,2.9989,0.1525,0.1515,0.1499,0.1206,0.2340,0.2118
2518,1,31,20.1927,14.1052,23.1336,0.0000,0.0000,0.0000,0.0201,0.0134,0.0229,1.6459,1.5894,1.5280,2.3964,1.6176,2.8420,0.1807,0.1796,0.1780,0.2288,0.1587,0.2760
2518,1,32,13.6247,19.7453,14.2764,0.0000,0.0000,0.0000,0.0128,0.0191,0.0131,1.6456,1.6355,1.5804,1.1633,2.0657,1.4505,0.2376,0.2363,0.2339,0.0797,0.2346,0.1701
2518,1,33,22.6812,14.3165,19.6935,0.0000,0.0000,0.0000,0.0222,0.0131,0.0183,1.5683,1.6278,1.6154,1.9374,1.0971,1.7116,0.2584,0.2571,0.2541,0.1777,0.0782,0.1891
2518,1,34,22.7891,22.7086,15.1406,0.0000,0.0000,0.0000,0.0219,0.0224,0.0140,1.7464,1.7256,1.7817,1.8031,1.6393,1.0082,0.2024,0.2012,0.1992,0.3418,0.2284,0.1276
2518,1,35,24.4529,22.5460,22.6845,0.0000,0.0000,0.0000,0.0238,0.0213,0.0219,1.9233,2.0270,2.0084,2.0982,1.9275,1.7768,0.1558,0.1548,0.1535,0.5000,0.4716,0.3767
2518,1,36,20.7094,23.8767,22.2663,0.0000,0.0000,0.0000,0.0198,0.0235,0.0207,2.0687,2.1045,2.2110,2.0607,2.3140,2.1542,0.1424,0.1418,0.1401,0.4261,0.4754,0.4481
2518,1,37,14.7390,20.5476,23.5160,0.0000,0.0000,0.0000,0.0137,0.0196,0.0230,1.9482,1.9790,2.0182,1.1300,1.8813,2.0725,0.1747,0.1738,0.1722,0.2365,0.4087,0.4465
2518,1,38,14.8049,15.3757,20.5305,0.0000,0.0000,0.0000,0.0146,0.0147,0.0201,1.5545,1.6397,1.6725,0.8016,0.9791,1.4989,0.2388,0.2381,0.2363,0.1729,0.2471,0.4002
2518,1,39,18.2004,15.3734,15.8023,0.0000,0.0000,0.0000,0.0187,0.0153,0.0154,1.2110,1.1944,1.2596,0.9813,0.7125,0.8400,0.2548,0.2541,0.2525,0.2705,0.1521,0.2302
2518,1,40,14.8774,18.0517,15.5195,0.0000,0.0000,0.0000,0.0156,0.0194,0.0161,0.8978,0.8700,0.8621,0.9659,1.0292,0.8093,0.2340,0.2327,0.2312,0.2800,0.2041,0.1196
2518,1,41,20.7809,14.5838,17.6620,0.0000,0.0000,0.0000,0.0247,0.0161,0.0199,0.7406,0.7671,0.7473,1.1258,0.9724,1.1039,0.1898,0.1886,0.1874,0.0000,0.2611,0.1976
2518,1,42,19.6030,20.6472,14.4865,0.0000,0.0000,0.0000,0.0230,0.0245,0.0161,0.7156,0.6992,0.7262,1.0033,0.9623,0.7446,0.1807,0.1797,0.1788,0.2622,0.0263,0.2376
2518,1,43,17.7174,19.4523,20.6311,0.0000,0.0000,0.0000,0.0218,0.0242,0.0254,0.6305,0.6744,0.6609,0.7665,0.7982,0.8086,0.2179,0.2173,0.2155,0.3792,0.2152,0.0592
2518,1,44,17.0272,17.6184,19.4363,0.0000,0.0000,0.0000,0.0235,0.0239,0.0259,0.6248,0.6243,0.6687,0.6506,0.7118,0.7352,0.2650,0.2650,0.2617,0.1811,0.2817,0.1834
2518,1,45,11.5169,17.2008,17.6603,0.0000,0.0000,0.0000,0.0159,0.0239,0.0238,0.7199,0.7578,0.7519,0.4132,0.6948,0.7706,0.2961,0.2953,0.2921,0.0644,0.1524,0.2227
2518,1,46,12.4967,12.0869,17.4517,0.0000,0.0000,0.0000,0.0182,0.0178,0.0257,0.9398,0.8943,0.9522,0.5777,0.4945,0.7931,0.2710,0.2694,0.2679,0.1212,0.0747,0.1395
2518,1,47,22.9077,12.9167,12.5353,0.0000,0.0000,0.0000,0.0390,0.0204,0.0200,0.9646,0.9139,0.8634,1.0502,0.5780,0.5274,0.2156,0.2152,0.2140,0.1957,0.1132,0.0753
2518,1,48,30.5411,22.7197,13.1632,0.0000,0.0000,0.0000,0.0599,0.0427,0.0233,0.7881,0.8069,0.7721,1.1185,0.8713,0.5013,0.1617,0.1606,0.1585,0.2269,0.2488,0.1595
2518,1,49,11.2716,30.2164,22.5783,0.0000,0.0000,0.0000,0.0230,0.0652,0.0467,0.7096,0.7323,0.7470,0.3318,0.8247,0.6454,0.1245,0.1239,0.1230,0.2145,0.2902,0.3255
2518,1,50,21.1808,11.6047,30.0667,0.0000,0.0000,0.0000,0.0503,0.0256,0.0699,0.7920,0.7436,0.7710,0.4441,0.2543,0.6401,0.0902,0.0895,0.0893,0.2099,0.2287,0.3026
2518,1,51,20.2476,21.3241,11.9294,0.0000,0.0000,0.0000,0.0541,0.0559,0.0286,0.7615,0.7420,0.7054,0.4345,0.4637,0.2649,0.0729,0.0728,0.0722,0.1222,0.1558,0.1714
2518,1,52,30.6393,20.3498,21.3490,0.0000,0.0000,0.0000,0.0850,0.0557,0.0579,0.6774,0.6607,0.6574,0.8658,0.5284,0.5675,0.0508,0.0508,0.0504,0.1191,0.0492,0.0606
2518,1,53,31.6550,30.3467,20.4423,0.0000,0.0000,0.0000,0.1025,0.0965,0.0648,0.6209,0.6367,0.6118,0.9318,0.8603,0.5257,0.0609,0.0599,0.0595,0.0285,0.0201,0.0083
2518,1,54,23.0293,31.4295,30.1622,0.0000,0.0000,0.0000,0.0824,0.1106,0.1044,0.5340,0.5204,0.5286,0.5147,0.7289,0.6667,0.0934,0.0919,0.0917,0.0195,0.0307,0.0236
2518,1,55,36.6798,23.1081,31.2696,0.0000,0.0000,0.0000,0.1408,0.0863,0.1164,0.5813,0.5403,0.5313,0.7579,0.4361,0.6172,0.1026,0.1018,0.1018,0.1159,0.0645,0.0934
2518,1,56,22.3077,36.3373,23.1896,0.0000,0.0000,0.0000,0.0969,0.1557,0.0957,0.6819,0.7015,0.6424,0.2936,0.7964,0.4546,0.0619,0.0613,0.0605,0.0509,0.1625,0.0939
2518,1,57,37.8486,22.6140,35.9678,0.0000,0.0000,0.0000,0.1820,0.1057,0.1651,0.7276,0.7200,0.7422,0.6238,0.3113,0.7836,0.0532,0.0531,0.0524,0.1365,0.0558,0.2170
2518,1,58,27.1730,37.7924,23.0187,0.0000,0.0000,0.0000,0.1384,0.1916,0.1133,0.8449,0.8575,0.8503,0.4866,0.6449,0.3626,0.0904,0.0890,0.0890,0.1578,0.1722,0.0676
2518,1,59,34.8295,27.3824,37.7585,0.0000,0.0000,0.0000,0.2029,0.1549,0.2136,0.8446,0.9019,0.9210,0.5694,0.4403,0.6060,0.1140,0.1137,0.1126,0.3444,0.2308,0.2550
2518,1,60,22.1980,34.5160,27.4314,0.0000,0.0000,0.0000,0.1387,0.2160,0.1643,0.7855,0.7695,0.8172,0.3532,0.5621,0.4408,0.1351,0.1351,0.1345,0.2380,0.4275,0.3161
2518,1,61,28.9736,22.4250,34.2341,0.0000,0.0000,0.0000,0.2033,0.1543,0.2339,0.8935,0.9098,0.8977,0.5082,0.3864,0.6139,0.0944,0.0932,0.0932,0.2990,0.2463,0.4187
2518,1,62,31.1639,29.3034,22.9652,0.0000,0.0000,0.0000,0.2398,0.2172,0.1669,1.1305,1.1238,1.1263,0.4296,0.3790,0.2909,0.0679,0.0666,0.0665,0.3998,0.2598,0.2123
2518,1,63,37.5986,31.8013,30.0251,0.0000,0.0000,0.0000,0.3177,0.2613,0.2390,1.3064,1.3785,1.3557,0.3071,0.2972,0.2607,0.0715,0.0715,0.0715,0.1775,0.2922,0.2024
2518,1,64,37.6707,38.3551,32.6266,0.0000,0.0000,0.0000,0.3535,0.3507,0.2905,1.5197,1.5170,1.5873,0.3793,0.3620,0.3443,0.0734,0.0734,0.0725,0.2216,0.1504,0.2416
2518,1,65,44.4964,38.1801,38.9379,0.0000,0.0000,0.0000,0.4561,0.3807,0.3799,1.5101,1.4956,1.5106,0.5453,0.4845,0.4845,0.0747,0.0738,0.0730,0.0997,0.2247,0.1632
2518,1,66,39.0631,44.5455,38.2660,0.0000,0.0000,0.0000,0.4457,0.4945,0.4163,1.1299,1.1812,1.1710,0.5023,0.5731,0.4915,0.0473,0.0461,0.0467,0.1743,0.1187,0.2445
2518,1,67,51.4262,38.8862,44.3168,0.0000,0.0000,0.0000,0.6514,0.4799,0.5346,0.8834,0.8791,0.9267,0.6497,0.4884,0.5606,0.0230,0.0227,0.0234,0.1853,0.1257,0.0886
2518,1,68,49.6636,50.9277,38.7893,0.0000,0.0000,0.0000,0.6720,0.6736,0.5003,1.0225,0.9541,0.9632,0.6309,0.6485,0.4903,0.0356,0.0356,0.0356,0.0928,0.1707,0.1240
2518,1,69,44.8807,49.5047,50.5652,0.0000,0.0000,0.0000,0.6726,0.7234,0.7233,1.1727,1.1815,1.0914,0.5585,0.5977,0.6365,0.0775,0.0759,0.0759,0.1318,0.0952,0.1694
2518,1,70,49.5855,44.6922,49.2756,0.0000,0.0000,0.0000,0.8318,0.7289,0.7878,1.0054,1.0869,1.0893,0.5980,0.5503,0.5629,0.0969,0.0969,0.0945,0.0908,0.0866,0.0631
2518,1,71,46.3058,48.8428,44.1463,0.0000,0.0000,0.0000,0.8543,0.8775,0.7711,0.7233,0.7193,0.7732,0.5760,0.6034,0.5600,0.0894,0.0869,0.0869,0.0716,0.0710,0.0685
2518,1,72,47.7053,45.1972,47.6827,0.0000,0.0000,0.0000,0.9904,0.9115,0.9388,0.4497,0.4514,0.4515,0.7321,0.6442,0.6757,0.0557,0.0557,0.0557,0.0945,0.0556,0.0536
2518,1,73,55.2516,46.2978,43.9228,0.0000,0.0000,0.0000,1.2600,1.0350,0.9516,0.4099,0.3891,0.3732,0.8731,0.7523,0.6685,0.0264,0.0275,0.0275,0.0748,0.0774,0.0455
2518,1,74,35.0154,53.5466,44.9417,0.0000,0.0000,0.0000,0.9055,1.3623,1.1116,0.4992,0.5118,0.4998,0.5086,0.7714,0.6653,0.0201,0.0201,0.0201,0.0811,0.1232,0.1303
2518,1,75,39.8904,34.2188,52.0400,0.0000,0.0000,0.0000,1.1522,0.9534,1.4277,0.6279,0.6457,0.6529,0.4100,0.3416,0.5144,0.0084,0.0084,0.0080,0.1789,0.1519,0.2276
2518,1,76,39.8595,38.8142,33.4446,0.0000,0.0000,0.0000,1.2796,1.2256,1.0227,0.7228,0.7006,0.7113,0.2816,0.2729,0.2245,0.0009,0.0009,0.0009,0.3025,0.2784,0.2445
2518,1,77,41.4011,38.5239,37.5468,0.0000,0.0000,0.0000,1.5328,1.3801,1.3201,0.5589,0.6173,0.5936,0.3658,0.3266,0.3168,0.0017,0.0017,0.0017,0.2613,0.2481,0.2253
2518,1,78,31.5397,39.5636,36.9062,0.0000,0.0000,0.0000,1.3309,1.6287,1.4770,0.2852,0.2878,0.3076,0.3246,0.3949,0.3602,0.0098,0.0098,0.0098,0.0966,0.1074,0.0966
2518,1,79,26.6426,30.0072,37.6538,0.0000,0.0000,0.0000,1.2607,1.3856,1.7068,0.0979,0.0989,0.1020,0.2110,0.2598,0.3179,0.0241,0.0241,0.0241,0.0046,0.0075,0.0082
2518,2,0,14.6367,14.1328,13.6516,13.8965,13.3987,12.9256,0.0226,0.0215,0.0207,0.9016,0.8863,0.8709,0.2297,0.2214,0.2134,0.1454,0.1443,0.1420,0.0561,0.0548,0.0535
2518,2,1,19.7469,14.7955,14.3069,0.0000,0.0000,0.0000,0.0061,0.0045,0.0044,1.0807,1.0491,1.0329,1.1647,0.7957,0.7686,0.1747,0.1736,0.1720,0.3216,0.2617,0.2549
2518,2,2,12.7240,18.9376,14.3686,0.0000,0.0000,0.0000,0.0014,0.0020,0.0016,0.5820,0.5926,0.5778,0.7888,1.2300,0.9049,0.1386,0.1377,0.1359,0.2046,0.2853,0.2301
2518,2,3,24.8654,12.4400,18.2221,0.0000,0.0000,0.0000,0.0017,0.0009,0.0013,0.4204,0.4105,0.4181,1.4068,0.6944,1.0280,0.1724,0.1716,0.1703,0.3570,0.1663,0.2527
2518,2,4,17.7148,24.0482,12.4189,0.0000,0.0000,0.0000,0.0013,0.0017,0.0009,0.4998,0.4863,0.4745,0.8189,1.1469,0.5677,0.2088,0.2082,0.2074,0.1653,0.3509,0.1288
2518,2,5,16.8209,17.5981,23.3933,0.0000,0.0000,0.0000,0.0009,0.0009,0.0012,0.6393,0.6514,0.6372,0.8053,0.8208,1.1493,0.2022,0.2015,0.1999,0.1845,0.1375,0.3144
2518,2,6,17.0364,16.8303,17.6449,0.0000,0.0000,0.0000,0.0008,0.0009,0.0009,0.7875,0.7590,0.7668,0.7994,0.7926,0.8039,0.1967,0.1956,0.1948,0.1214,0.1182,0.0975
2518,2,7,13.4464,17.1948,16.9509,0.0000,0.0000,0.0000,0.0007,0.0008,0.0006,0.8259,0.8163,0.7814,0.5277,0.7605,0.7542,0.1742,0.1731,0.1728,0.0218,0.0454,0.0449
2518,2,8,26.6022,13.7757,17.2230,0.0000,0.0000,0.0000,0.0009,0.0005,0.0006,0.7994,0.7457,0.7354,1.2626,0.5424,0.8006,0.1574,0.1573,0.1566,0.0566,0.0231,0.0390
2518,2,9,13.5312,26.3280,14.1444,0.0000,0.0000,0.0000,0.0005,0.0009,0.0005,0.7938,0.8128,0.7655,0.3834,1.0899,0.4995,0.2033,0.2025,0.2010,0.0771,0.1646,0.0878
2518,2,10,14.3630,13.9261,26.0787,0.0000,0.0000,0.0000,0.0005,0.0005,0.0009,0.7384,0.7120,0.7188,0.4384,0.3664,0.8371,0.2302,0.2291,0.2268,0.1799,0.1721,0.3288
2518,2,11,19.1481,14.6956,14.2797,0.0000,0.0000,0.0000,0.0010,0.0007,0.0007,0.6314,0.6215,0.6082,0.5017,0.3632,0.3206,0.2738,0.2741,0.2717,0.2707,0.2101,0.1965
2518,2,12,21.7910,19.2394,14.9362,0.0000,0.0000,0.0000,0.0009,0.0010,0.0007,0.4296,0.4259,0.4165,0.5699,0.3792,0.2820,0.3106,0.3100,0.3084,0.3588,0.2703,0.2091
2518,2,13,16.7981,21.5848,19.2837,0.0000,0.0000,0.0000,0.0006,0.0012,0.0010,0.2351,0.2318,0.2308,0.4916,0.4715,0.3063,0.3349,0.3330,0.3310,0.2956,0.2773,0.2124
2518,2,14,15.2592,16.7021,21.5143,0.0000,0.0000,0.0000,0.0010,0.0008,0.0012,0.2111,0.2174,0.2096,0.2075,0.4702,0.4206,0.3728,0.3705,0.3702,0.1220,0.2206,0.2099
2518,2,15,27.2085,15.6690,16.7853,0.0000,0.0000,0.0000,0.0024,0.0013,0.0010,0.3562,0.3646,0.3736,0.3098,0.2105,0.4530,0.3603,0.3606,0.3583,0.1782,0.1012,0.1867
2518,2,16,16.3968,27.5707,16.2211,0.0000,0.0000,0.0000,0.0018,0.0031,0.0018,0.5528,0.5287,0.5409,0.3735,0.4052,0.2722,0.3562,0.3549,0.3549,0.0894,0.0908,0.0609
2518,2,17,23.8181,16.5168,27.3336,0.0000,0.0000,0.0000,0.0033,0.0021,0.0037,0.7229,0.7324,0.7083,1.1364,0.8098,1.1721,0.3038,0.3026,0.3008,0.0694,0.0550,0.0513
2518,2,18,18.1123,22.3429,15.8408,0.0000,0.0000,0.0000,0.0030,0.0036,0.0024,1.0852,1.0605,1.0578,2.1161,2.6725,1.8632,0.2375,0.2362,0.2364,0.0696,0.0910,0.0696
2518,2,19,21.6543,16.1542,19.5020,0.0000,0.0000,0.0000,0.0042,0.0031,0.0038,1.6938,1.6598,1.6190,4.9842,3.6539,4.4753,0.2138,0.2132,0.2119,0.2129,0.1551,0.1903
2518,2,20,11.6040,17.7387,13.7774,0.0000,0.0000,0.0000,0.0026,0.0049,0.0038,1.9798,2.1041,2.0940,3.3917,5.9492,4.4890,0.2257,0.2249,0.2240,0.2224,0.2473,0.1834
2518,2,21,18.9797,10.2940,14.6478,0.0000,0.0000,0.0000,0.0067,0.0026,0.0044,2.1329,2.1219,2.2218,7.1851,3.4942,5.3159,0.2406,0.2397,0.2377,0.2486,0.1759,0.1960
2518,2,22,11.5071,15.8555,9.5823,0.0000,0.0000,0.0000,0.0029,0.0053,0.0024,2.0166,2.0278,2.0310,3.5519,5.2362,2.8210,0.2231,0.2226,0.2217,0.1892,0.1618,0.1340
2518,2,23,11.0439,10.7954,13.9622,0.0000,0.0000,0.0000,0.0034,0.0026,0.0044,1.9440,1.9903,2.0034,2.9830,2.7193,3.9750,0.2077,0.2071,0.2056,0.1277,0.1852,0.1455
2518,2,24,12.0370,10.5843,10.5394,0.0000,0.0000,0.0000,0.0036,0.0031,0.0025,1.9165,1.9442,1.9901,2.9607,2.5005,2.2961,0.2033,0.2023,0.2005,0.1180,0.1050,0.1423
2518,2,25,7.8436,11.6446,10.5252,0.0000,0.0000,0.0000,0.0019,0.0039,0.0034,1.9427,1.8952,1.9209,1.1535,2.3270,2.0341,0.1756,0.1747,0.1730,0.1148,0.1221,0.1102
2518,2,26,14.4874,8.5128,11.5642,0.0000,0.0000,0.0000,0.0047,0.0022,0.0038,1.8407,1.8132,1.7636,2.3500,1.1741,1.8649,0.1626,0.1614,0.1600,0.1794,0.1113,0.1177
2518,2,27,7.9412,14.1320,8.9614,0.0000,0.0000,0.0000,0.0024,0.0045,0.0024,1.7998,1.6086,1.5864,0.9432,1.9459,1.1412,0.1213,0.1205,0.1192,0.0458,0.1348,0.0913
2518,2,28,17.5604,8.7154,13.9294,0.0000,0.0000,0.0000,0.0064,0.0030,0.0051,1.6445,1.5887,1.4378,2.0424,0.8886,1.6146,0.1302,0.1292,0.1279,0.1546,0.0535,0.1317
2518,2,29,16.6927,17.0430,9.3019,0.0000,0.0000,0.0000,0.0072,0.0070,0.0034,1.6663,1.5871,1.5229,2.1145,2.1528,1.0739,0.1955,0.1942,0.1922,0.0483,0.1261,0.0484
2518,2,30,14.1742,16.4445,16.6624,0.0000,0.0000,0.0000,0.0061,0.0071,0.0071,1.7436,1.6851,1.6026,1.7329,2.1244,2.0874,0.2591,0.2577,0.2554,0.0934,0.0570,0.1331
2518,2,31,18.5703,14.3237,16.3257,0.0000,0.0000,0.0000,0.0082,0.0063,0.0074,1.7020,1.6405,1.5865,2.0966,1.5604,1.8055,0.2530,0.2518,0.2490,0.2872,0.1745,0.1351
2518,2,32,14.9764,18.0545,14.3765,0.0000,0.0000,0.0000,0.0068,0.0083,0.0063,1.6142,1.6323,1.5738,1.6482,2.0662,1.5490,0.2925,0.2912,0.2884,0.2804,0.3675,0.2485
2518,2,33,19.5590,15.1240,17.8028,0.0000,0.0000,0.0000,0.0094,0.0070,0.0083,1.6930,1.6936,1.7124,2.1344,1.6044,1.9562,0.3040,0.3034,0.3016,0.3120,0.2347,0.2975
2518,2,34,21.6096,19.5120,15.5367,0.0000,0.0000,0.0000,0.0109,0.0095,0.0076,1.6621,1.7149,1.7384,2.0566,1.7967,1.3954,0.2517,0.2513,0.2499,0.2490,0.2108,0.1650
2518,2,35,16.8098,21.3664,19.5590,0.0000,0.0000,0.0000,0.0078,0.0108,0.0099,1.6565,1.6992,1.7520,1.7156,1.8967,1.6845,0.1754,0.1751,0.1742,0.2890,0.2149,0.1817
2518,2,36,12.4056,16.5473,20.9567,0.0000,0.0000,0.0000,0.0065,0.0080,0.0111,1.3108,1.3615,1.3959,0.9317,1.4837,1.7137,0.1427,0.1426,0.1418,0.1073,0.2605,0.2241
2518,2,37,8.4263,12.5029,16.2896,0.0000,0.0000,0.0000,0.0047,0.0071,0.0087,0.8604,0.8931,0.9249,0.5548,0.8589,1.1422,0.1707,0.1703,0.1690,0.0463,0.0971,0.1878
2518,2,38,22.5216,8.7878,12.6481,0.0000,0.0000,0.0000,0.0135,0.0052,0.0077,0.6507,0.6562,0.6784,1.2277,0.4676,0.6768,0.2039,0.2033,0.2019,0.0961,0.0269,0.0479
2518,2,39,10.2433,22.2101,9.1780,0.0000,0.0000,0.0000,0.0063,0.0141,0.0056,0.5850,0.6090,0.6123,0.4727,1.0279,0.3808,0.1750,0.1740,0.1729,0.0348,0.0575,0.0106
2518,2,40,18.7497,10.2815,21.7259,0.0000,0.0000,0.0000,0.0131,0.0065,0.0143,0.5335,0.5241,0.5440,0.8209,0.5194,1.0167,0.1316,0.1306,0.1299,0.0778,0.0868,0.1299
2518,2,41,13.9166,18.4368,10.1855,0.0000,0.0000,0.0000,0.0100,0.0129,0.0068,0.4395,0.4255,0.4181,0.5140,0.6883,0.4566,0.1063,0.1061,0.1055,0.1020,0.1370,0.1502
2518,2,42,11.9010,13.9364,18.2544,0.0000,0.0000,0.0000,0.0092,0.0111,0.0146,0.4714,0.4737,0.4567,0.4339,0.4349,0.5748,0.1185,0.1185,0.1175,0.2448,0.1229,0.1600
2518,2,43,13.3374,12.2018,14.2412,0.0000,0.0000,0.0000,0.0109,0.0091,0.0113,0.6843,0.7083,0.7108,0.4004,0.3355,0.4220,0.1363,0.1357,0.1347,0.0714,0.1960,0.1045
2518,2,44,17.3689,13.8704,12.7579,0.0000,0.0000,0.0000,0.0154,0.0121,0.0107,0.8277,0.8499,0.8867,0.4796,0.3862,0.3075,0.1440,0.1440,0.1425,0.1107,0.0625,0.1534
2518,2,45,19.2688,17.6724,14.3383,0.0000,0.0000,0.0000,0.0194,0.0178,0.0136,0.8501,0.8056,0.8235,0.5627,0.5165,0.4140,0.1464,0.1452,0.1435,0.1546,0.1168,0.0738
2518,2,46,14.0434,19.1601,17.6347,0.0000,0.0000,0.0000,0.0152,0.0213,0.0200,0.6333,0.6150,0.5780,0.5139,0.6749,0.6089,0.1584,0.1583,0.1571,0.2197,0.1940,0.1472
2518,2,47,27.5337,14.0045,18.9972,0.0000,0.0000,0.0000,0.0352,0.0165,0.0233,0.5580,0.5299,0.5106,0.9264,0.5188,0.6475,0.1943,0.1926,0.1928,0.2668,0.2290,0.2036
2518,2,48,18.9568,27.1443,14.0210,0.0000,0.0000,0.0000,0.0266,0.0381,0.0193,0.5555,0.5413,0.5140,0.6499,0.9217,0.5259,0.2166,0.2178,0.2166,0.1481,0.2019,0.1742
2518,2,49,11.2699,18.9109,26.7296,0.0000,0.0000,0.0000,0.0171,0.0288,0.0411,0.6098,0.6167,0.5981,0.4693,0.7624,1.0743,0.1989,0.1976,0.1958,0.0671,0.0797,0.1079
2518,2,50,20.8311,11.5408,18.8311,0.0000,0.0000,0.0000,0.0350,0.0180,0.0298,0.7527,0.7239,0.7310,0.9879,0.5505,0.8860,0.1525,0.1538,0.1524,0.0736,0.0538,0.0631
2518,2,51,20.8631,20.7971,11.8840,0.0000,0.0000,0.0000,0.0395,0.0384,0.0208,0.8028,0.8437,0.8128,0.9336,0.8919,0.5179,0.1319,0.1319,0.1306,0.1267,0.1072,0.0804
2518,2,52,21.9644,20.8640,20.8750,0.0000,0.0000,0.0000,0.0437,0.0411,0.0406,0.7911,0.7695,0.8034,0.7626,0.7255,0.7048,0.1297,0.1303,0.1282,0.1784,0.1593,0.1374
2518,2,53,23.8691,21.9830,20.9066,0.0000,0.0000,0.0000,0.0508,0.0463,0.0430,0.8178,0.8422,0.8194,0.7560,0.6924,0.6573,0.0922,0.0909,0.0900,0.2440,0.2048,0.1919
2518,2,54,24.8523,23.7207,21.9534,0.0000,0.0000,0.0000,0.0614,0.0568,0.0516,0.8115,0.7715,0.7901,0.8067,0.7687,0.7103,0.0883,0.0862,0.0859,0.1952,0.1976,0.1722
2518,2,55,24.0038,24.7775,23.6563,0.0000,0.0000,0.0000,0.0625,0.0653,0.0606,0.7371,0.6883,0.6562,0.6696,0.7036,0.6704,0.0983,0.0980,0.0973,0.1232,0.1075,0.1089
2518,2,56,30.9636,24.2029,24.9075,0.0000,0.0000,0.0000,0.0958,0.0720,0.0748,0.6694,0.6956,0.6504,0.6874,0.5322,0.5427,0.1259,0.1250,0.1233,0.0636,0.0469,0.0414
2518,2,57,20.4235,31.0707,24.5256,0.0000,0.0000,0.0000,0.0676,0.1020,0.0775,0.7158,0.7167,0.7485,0.3588,0.6040,0.4719,0.1587,0.1576,0.1555,0.0389,0.0784,0.0599
2518,2,58,27.2420,20.8905,31.2241,0.0000,0.0000,0.0000,0.1004,0.0766,0.1136,0.8567,0.8140,0.8124,0.4990,0.3335,0.5375,0.1454,0.1442,0.1411,0.1748,0.0909,0.1665
2518,2,59,30.2110,27.5579,21.3468,0.0000,0.0000,0.0000,0.1242,0.1079,0.0841,0.8597,0.9179,0.8657,0.4739,0.4209,0.3323,0.1098,0.1108,0.1080,0.1717,0.2011,0.1090
2518,2,60,29.2149,30.4078,27.8502,0.0000,0.0000,0.0000,0.1323,0.1404,0.1202,0.7553,0.7533,0.8070,0.3676,0.3866,0.3464,0.0689,0.0682,0.0671,0.1202,0.1095,0.1313
2518,2,61,37.1449,29.4566,30.6604,0.0000,0.0000,0.0000,0.1970,0.1497,0.1545,0.7425,0.7562,0.7609,0.4070,0.3621,0.3595,0.0414,0.0425,0.0420,0.0410,0.0552,0.0487
2518,2,62,26.3335,37.3270,29.6635,0.0000,0.0000,0.0000,0.1424,0.2065,0.1579,0.8217,0.7796,0.7959,0.3760,0.4115,0.4412,0.0424,0.0424,0.0431,0.0315,0.0284,0.0403
2518,2,63,42.9522,26.7365,37.6195,0.0000,0.0000,0.0000,0.2723,0.1648,0.2339,0.9568,0.9705,0.9304,0.6575,0.3979,0.3932,0.0330,0.0330,0.0325,0.0947,0.0536,0.0498
2518,2,64,32.3988,42.9899,27.2351,0.0000,0.0000,0.0000,0.2255,0.2946,0.1810,1.0606,1.1081,1.1187,0.4104,0.6842,0.4223,0.0293,0.0289,0.0289,0.0629,0.1029,0.0592
2518,2,65,34.1680,32.7640,43.0589,0.0000,0.0000,0.0000,0.2072,0.1993,0.2588,1.1431,1.1190,1.1846,0.7163,0.5250,0.7882,0.0239,0.0243,0.0239,0.0683,0.0568,0.0817
2518,2,66,39.0289,34.1873,32.9256,0.0000,0.0000,0.0000,0.2635,0.2236,0.2149,1.1292,1.1162,1.0914,0.7673,0.8107,0.6615,0.0227,0.0227,0.0222,0.0852,0.0827,0.0749
2518,2,67,48.5199,38.9083,34.0903,0.0000,0.0000,0.0000,0.3611,0.2842,0.2454,0.9471,0.9763,0.9671,0.9527,0.7283,0.7130,0.0107,0.0105,0.0107,0.1293,0.0925,0.1163
2518,2,68,39.5326,47.8983,38.5917,0.0000,0.0000,0.0000,0.3328,0.3944,0.3135,0.6639,0.6995,0.7222,0.6661,0.7951,0.6294,0.0023,0.0023,0.0023,0.1405,0.1383,0.0954
2518,2,69,31.5659,38.8400,47.0222,0.0000,0.0000,0.0000,0.2904,0.3539,0.4231,0.4636,0.4485,0.4657,0.5226,0.6307,0.7755,0.0000,0.0000,0.0000,0.0863,0.1544,0.1479
2518,2,70,35.3808,31.0722,38.1111,0.0000,0.0000,0.0000,0.3668,0.3155,0.3845,0.4694,0.4561,0.4567,0.6549,0.5651,0.6745,0.0000,0.0000,0.0000,0.0663,0.0726,0.1163
2518,2,71,27.7082,34.8727,30.6853,0.0000,0.0000,0.0000,0.3178,0.3968,0.3427,0.5971,0.6027,0.5955,0.5183,0.6501,0.5770,0.0000,0.0000,0.0000,0.0523,0.0651,0.0630
2518,2,72,32.5621,27.4046,34.3876,0.0000,0.0000,0.0000,0.4128,0.3444,0.4237,0.6151,0.5609,0.5642,0.5842,0.4809,0.5818,0.0000,0.0000,0.0000,0.0518,0.0409,0.0466
2518,2,73,38.2516,32.0886,27.0541,0.0000,0.0000,0.0000,0.5519,0.4477,0.3771,0.4264,0.4409,0.4009,0.5787,0.4248,0.3460,0.0000,0.0000,0.0000,0.0624,0.0397,0.0327
2518,2,74,41.2360,37.6139,31.6442,0.0000,0.0000,0.0000,0.6574,0.5930,0.4850,0.3007,0.2865,0.2879,0.3606,0.3173,0.2290,0.0000,0.0000,0.0000,0.0321,0.0245,0.0150
2518,2,75,39.3082,40.5310,37.0138,0.0000,0.0000,0.0000,0.7121,0.7225,0.6438,0.2241,0.2290,0.2178,0.2044,0.2040,0.1790,0.0000,0.0000,0.0000,0.0000,0.0000,0.0000
2518,2,76,23.6357,38.4813,39.7044,0.0000,0.0000,0.0000,0.4680,0.7678,0.7730,0.2777,0.2734,0.2847,0.1605,0.3063,0.3074,0.0000,0.0000,0.0000,0.0138,0.0327,0.0356
2518,2,77,25.2710,23.0721,37.3227,0.0000,0.0000,0.0000,0.5775,0.5151,0.8325,0.2583,0.2923,0.3050,0.3131,0.2659,0.4874,0.0000,0.0000,0.0000,0.1030,0.0732,0.1653
2518,2,78,35.8406,24.3903,22.4040,0.0000,0.0000,0.0000,0.9157,0.6326,0.5624,0.3018,0.3198,0.3532,0.4196,0.3520,0.3015,0.0000,0.0000,0.0000,0.1469,0.2197,0.1579
2518,2,79,27.0433,34.6227,23.5065,0.0000,0.0000,0.0000,0.7836,0.9857,0.6714,0.3631,0.3928,0.4026,0.3958,0.4947,0.3852,0.0000,0.0000,0.0000,0.1488,0.1657,0.2312
2521,1,0,25.9490,25.3353,24.7032,26.3534,25.7249,25.0850,0.0446,0.0431,0.0415,0.6620,0.6514,0.6403,1.3636,1.3303,1.2965,0.3983,0.3899,0.3731,0.0546,0.0541,0.0534
2521,1,1,28.5305,25.6751,25.0855,0.0000,0.0000,0.0000,0.0089,0.0080,0.0079,1.5784,1.5175,1.4941,2.4253,2.1771,2.1259,0.5929,0.5889,0.5814,0.2164,0.1872,0.1826
2521,1,2,27.2391,28.6466,25.9020,0.0000,0.0000,0.0000,0.0033,0.0034,0.0026,1.5348,1.5748,1.5133,1.6973,1.8584,1.6908,0.6012,0.5968,0.5911,0.1921,0.2036,0.1788
2521,1,3,30.1352,27.4198,28.7325,0.0000,0.0000,0.0000,0.0018,0.0018,0.0019,1.3659,1.2944,1.3272,2.5923,1.4653,1.5965,0.5551,0.5529,0.5514,0.2125,0.1865,0.2009
2521,1,4,22.7789,29.2917,27.3792,0.0000,0.0000,0.0000,0.0014,0.0018,0.0018,1.0025,1.0564,1.0060,1.4886,2.1521,1.3649,0.5490,0.5463,0.5427,0.1890,0.2600,0.2029
2521,1,5,41.8146,22.6154,28.6684,0.0000,0.0000,0.0000,0.0020,0.0011,0.0014,0.8012,0.7666,0.8037,2.0363,1.1516,1.5829,0.4641,0.4633,0.4608,0.3437,0.1934,0.2616
2521,1,6,29.5632,41.2114,22.6392,0.0000,0.0000,0.0000,0.0013,0.0020,0.0011,0.7325,0.7034,0.6746,1.3221,1.4506,0.8855,0.3597,0.3590,0.3564,0.1354,0.1610,0.0946
2521,1,7,23.8288,29.5545,41.0724,0.0000,0.0000,0.0000,0.0012,0.0013,0.0020,0.8754,0.8302,0.7972,0.3548,1.0868,1.1910,0.3168,0.3162,0.3150,0.0073,0.0212,0.0240
2521,1,8,32.3420,24.6612,29.7798,0.0000,0.0000,0.0000,0.0010,0.0008,0.0014,1.0487,1.0522,0.9988,1.0214,0.5340,1.0562,0.3236,0.3223,0.3203,0.0021,0.0008,0.0023
2521,1,9,32.3783,32.6713,25.4298,0.0000,0.0000,0.0000,0.0011,0.0010,0.0008,1.2027,1.1771,1.1705,1.0820,1.1176,0.6913,0.3432,0.3431,0.3424,0.0581,0.0599,0.0413
2521,1,10,32.3506,32.5051,32.7692,0.0000,0.0000,0.0000,0.0010,0.0011,0.0011,1.1010,1.0801,1.0623,1.9033,1.1013,1.1254,0.3241,0.3249,0.3234,0.2017,0.1481,0.1483
2521,1,11,35.2621,31.5865,32.2697,0.0000,0.0000,0.0000,0.0017,0.0015,0.0016,0.7800,0.7348,0.7323,1.6073,1.6091,1.0950,0.3148,0.3141,0.3134,0.2127,0.2110,0.1611
2521,1,12,18.5689,34.6608,30.9922,0.0000,0.0000,0.0000,0.0008,0.0017,0.0015,0.6050,0.6104,0.5793,1.3199,1.4741,1.4445,0.4004,0.3995,0.3986,0.1181,0.1261,0.1256
2521,1,13,28.0569,18.5275,34.3572,0.0000,0.0000,0.0000,0.0019,0.0010,0.0023,0.5461,0.5508,0.5572,1.0228,1.1025,1.3634,0.5567,0.5566,0.5579,0.0288,0.0415,0.0406
2521,1,14,27.7606,28.1436,18.6249,0.0000,0.0000,0.0000,0.0026,0.0023,0.0013,0.5968,0.5757,0.5793,1.3410,1.0179,0.9961,0.5482,0.5444,0.5469,0.0263,0.0149,0.0230
2521,1,15,26.7477,27.5117,28.1496,0.0000,0.0000,0.0000,0.0030,0.0030,0.0031,0.6384,0.6543,0.6287,1.2580,1.2468,1.0079,0.4320,0.4330,0.4330,0.0674,0.0613,0.0421
2521,1,16,32.8486,26.7143,27.4802,0.0000,0.0000,0.0000,0.0048,0.0038,0.0039,0.6904,0.6704,0.6825,1.1771,1.0407,1.0306,0.4545,0.4545,0.4545,0.1143,0.1073,0.0980
2521,1,17,31.4374,32.9707,26.9335,0.0000,0.0000,0.0000,0.0065,0.0069,0.0055,0.8135,0.8421,0.8221,0.7977,1.1170,0.9917,0.4765,0.4765,0.4743,0.0319,0.0623,0.0616
2521,1,18,33.7987,31.5406,32.8245,0.0000,0.0000,0.0000,0.0096,0.0092,0.0089,1.0627,1.0443,1.0807,1.6098,1.3145,1.5866,0.4699,0.4688,0.4666,0.0794,0.0603,0.0745
2521,1,19,23.2999,32.8506,30.9126,0.0000,0.0000,0.0000,0.0087,0.0132,0.0117,1.2880,1.3142,1.3011,1.3431,2.5102,2.2218,0.5127,0.5108,0.5109,0.1134,0.1965,0.1757
2521,1,20,28.9201,23.2662,31.4184,0.0000,0.0000,0.0000,0.0214,0.0167,0.0228,1.7755,1.7443,1.7855,3.1271,2.1390,3.4530,0.6131,0.6111,0.6061,0.2763,0.2033,0.3118
2521,1,21,30.3833,27.6820,23.0434,0.0000,0.0000,0.0000,0.0269,0.0237,0.0189,2.2341,2.1597,2.1472,4.2220,3.7794,2.8102,0.6680,0.6670,0.6622,0.2711,0.2507,0.1970
2521,1,22,34.7736,28.9279,26.5523,0.0000,0.0000,0.0000,0.0327,0.0280,0.0254,2.4453,2.3044,2.2368,7.0089,4.1736,3.7850,0.5910,0.5896,0.5843,0.2553,0.1682,0.1573
2521,1,23,36.7960,31.4779,27.5183,0.0000,0.0000,0.0000,0.0378,0.0307,0.0281,2.4200,2.2919,2.2092,6.8921,5.8556,3.9984,0.4934,0.4906,0.4862,0.2318,0.2298,0.1257
2521,1,24,28.2846,32.9313,28.5184,0.0000,0.0000,0.0000,0.0306,0.0348,0.0296,2.2522,2.3474,2.2825,5.2985,6.4690,5.5138,0.5257,0.5230,0.5177,0.2438,0.2756,0.2688
2521,1,25,29.8693,26.0405,29.7399,0.0000,0.0000,0.0000,0.0337,0.0287,0.0322,2.1653,2.2532,2.3743,4.8442,4.9110,5.8951,0.6655,0.6615,0.6543,0.2077,0.2786,0.3179
2521,1,26,30.5286,28.8377,25.1652,0.0000,0.0000,0.0000,0.0348,0.0327,0.0277,2.6018,2.4794,2.5850,4.5932,4.1332,3.9992,0.7582,0.7544,0.7464,0.2148,0.1722,0.2031
2521,1,27,24.8099,30.5088,29.0045,0.0000,0.0000,0.0000,0.0268,0.0335,0.0321,3.1880,3.1689,3.0180,3.0061,3.7534,3.4716,0.7874,0.7837,0.7751,0.1332,0.1690,0.1513
2521,1,28,30.5638,25.6226,30.6110,0.0000,0.0000,0.0000,0.0344,0.0278,0.0345,3.5809,3.2477,3.2153,3.5452,2.9942,3.6033,0.7581,0.7537,0.7449,0.1776,0.1498,0.1828
2521,1,29,22.4472,30.7530,26.0478,0.0000,0.0000,0.0000,0.0234,0.0342,0.0278,3.4486,3.3714,3.0663,2.5656,3.6126,3.1045,0.7109,0.7070,0.6993,0.1533,0.2085,0.1824
2521,1,30,25.2872,23.3849,30.6409,0.0000,0.0000,0.0000,0.0267,0.0248,0.0335,3.4622,3.3279,3.2594,3.4465,2.7858,3.6526,0.6354,0.6318,0.6243,0.3220,0.2204,0.2700
2521,1,31,31.6847,25.3456,23.9388,0.0000,0.0000,0.0000,0.0353,0.0272,0.0253,3.5560,3.4188,3.2859,4.8709,3.4880,2.9707,0.5569,0.5531,0.5478,0.5622,0.3706,0.2776
2521,1,32,37.3875,30.3878,25.1515,0.0000,0.0000,0.0000,0.0438,0.0337,0.0270,3.3319,3.3043,3.1870,4.1258,4.5248,3.4424,0.5389,0.5358,0.5300,0.3006,0.5840,0.4140
2521,1,33,37.1012,36.3235,29.0712,0.0000,0.0000,0.0000,0.0438,0.0421,0.0322,2.7545,2.8216,2.7943,4.8066,4.1333,4.2630,0.6418,0.6387,0.6314,0.4253,0.3309,0.4455
2521,1,34,37.3813,35.5066,35.2940,0.0000,0.0000,0.0000,0.0456,0.0430,0.0417,2.3591,2.3185,2.3728,4.3249,4.2418,3.7485,0.6959,0.6923,0.6862,0.3116,0.3020,0.2781
2521,1,35,24.9998,36.1045,34.2998,0.0000,0.0000,0.0000,0.0291,0.0428,0.0404,2.0256,2.1435,2.1204,2.4387,3.6960,3.6066,0.6714,0.6681,0.6632,0.2263,0.3468,0.3267
2521,1,36,30.1759,24.6923,34.8271,0.0000,0.0000,0.0000,0.0365,0.0292,0.0405,1.7275,1.8019,1.9165,4.5132,2.2860,3.2248,0.5105,0.5095,0.5050,0.5199,0.2977,0.4273
2521,1,37,30.0922,28.4049,24.2960,0.0000,0.0000,0.0000,0.0365,0.0339,0.0289,1.2481,1.2678,1.3278,2.2711,3.0635,1.8938,0.4522,0.4515,0.4499,0.2941,0.3868,0.2457
2521,1,38,16.2573,29.5197,27.4259,0.0000,0.0000,0.0000,0.0197,0.0366,0.0333,0.9636,1.0114,1.0265,1.0764,1.8597,2.2547,0.4805,0.4804,0.4772,0.0911,0.1669,0.1867
2521,1,39,27.9314,16.8460,29.4732,0.0000,0.0000,0.0000,0.0351,0.0199,0.0359,1.2769,1.2640,1.3207,1.6978,1.0670,1.7024,0.4557,0.4547,0.4520,0.0753,0.0424,0.0806
2521,1,40,33.3836,28.2134,17.6744,0.0000,0.0000,0.0000,0.0433,0.0359,0.0209,1.7107,1.6695,1.6495,2.6717,1.7303,1.1924,0.4330,0.4303,0.4271,0.0602,0.0555,0.0310
2521,1,41,22.9769,33.0532,28.4936,0.0000,0.0000,0.0000,0.0306,0.0440,0.0373,1.5486,1.6199,1.5740,0.8798,2.2355,1.5811,0.3643,0.3617,0.3591,0.0252,0.0368,0.0332
2521,1,42,17.6107,23.6256,32.9285,0.0000,0.0000,0.0000,0.0234,0.0320,0.0440,1.2917,1.2578,1.3015,0.9297,0.8494,1.6229,0.3093,0.3074,0.3055,0.0334,0.0339,0.0625
2521,1,43,17.8487,18.2701,24.1965,0.0000,0.0000,0.0000,0.0261,0.0259,0.0344,1.1807,1.2486,1.2160,0.5721,0.7969,0.8482,0.3016,0.3007,0.2984,0.0441,0.0630,0.0611
2521,1,44,30.6811,18.6038,18.8907,0.0000,0.0000,0.0000,0.0509,0.0298,0.0291,1.2289,1.1933,1.2646,1.6245,0.6528,0.8278,0.2899,0.2899,0.2860,0.1488,0.0541,0.0716
2521,1,45,23.2110,30.1130,19.1898,0.0000,0.0000,0.0000,0.0394,0.0513,0.0310,1.1362,1.2384,1.1974,1.0328,1.8291,0.7669,0.2479,0.2471,0.2440,0.0892,0.1599,0.0624
2521,1,46,24.4557,23.2804,29.3814,0.0000,0.0000,0.0000,0.0455,0.0430,0.0539,1.1688,1.0942,1.1575,0.8553,1.1223,1.8965,0.2309,0.2295,0.2283,0.0417,0.0792,0.1534
2521,1,47,26.8209,24.6918,23.2785,0.0000,0.0000,0.0000,0.0555,0.0495,0.0461,1.1542,1.0771,1.0265,1.3641,0.9550,1.0969,0.2125,0.2123,0.2111,0.1306,0.0470,0.0886
2521,1,48,20.5246,26.7925,24.9175,0.0000,0.0000,0.0000,0.0466,0.0605,0.0550,1.1355,1.1199,1.0528,0.7225,1.1580,0.9076,0.2058,0.2046,0.2020,0.0453,0.1359,0.0641
2521,1,49,33.2224,21.2100,27.0231,0.0000,0.0000,0.0000,0.0859,0.0532,0.0670,1.1651,1.1903,1.1694,0.9535,0.5935,0.9133,0.2223,0.2213,0.2199,0.1268,0.0784,0.1800
2521,1,50,27.3077,33.6570,22.0213,0.0000,0.0000,0.0000,0.0772,0.0943,0.0589,1.2721,1.2097,1.2399,0.8489,0.7565,0.4928,0.2212,0.2200,0.2197,0.2630,0.1467,0.0972
2521,1,51,37.1709,27.6674,34.1162,0.0000,0.0000,0.0000,0.1195,0.0861,0.1027,1.2434,1.2395,1.1810,0.8772,0.7175,0.6512,0.1837,0.1836,0.1822,0.2960,0.2640,0.1553
2521,1,52,35.8087,37.1946,27.8703,0.0000,0.0000,0.0000,0.1191,0.1222,0.0898,1.1533,1.1138,1.1114,0.9200,0.8006,0.6564,0.1477,0.1477,0.1465,0.4397,0.3488,0.3124
2521,1,53,34.0880,35.4592,37.0406,0.0000,0.0000,0.0000,0.1326,0.1360,0.1417,1.0240,1.0402,1.0256,0.6650,0.8608,0.7865,0.1210,0.1188,0.1183,0.2688,0.5038,0.3958
2521,1,54,43.8241,34.2058,35.2542,0.0000,0.0000,0.0000,0.1919,0.1453,0.1476,1.1474,1.1149,1.1272,0.9572,0.7372,0.8666,0.1075,0.1059,0.1059,0.2880,0.2281,0.4175
2521,1,55,40.2365,43.7527,34.4040,0.0000,0.0000,0.0000,0.1863,0.1994,0.1538,1.3409,1.2519,1.2101,0.9181,1.0479,0.8169,0.0772,0.0768,0.0772,0.0802,0.1636,0.1270
2521,1,56,34.3930,40.6267,43.8471,0.0000,0.0000,0.0000,0.1774,0.2086,0.2208,1.5111,1.5042,1.3933,0.8369,0.9014,1.0177,0.0667,0.0663,0.0655,0.1819,0.0741,0.1383
2521,1,57,42.2844,34.9507,41.2143,0.0000,0.0000,0.0000,0.2405,0.1931,0.2255,1.7005,1.6872,1.6923,0.9922,0.8107,0.8676,0.0980,0.0980,0.0967,0.2905,0.2364,0.1110
2521,1,58,45.3850,42.6121,35.5542,0.0000,0.0000,0.0000,0.2783,0.2561,0.2080,1.6612,1.6921,1.6774,0.9882,1.0167,0.8383,0.1320,0.1301,0.1301,0.1542,0.2274,0.1742
2521,1,59,38.7222,45.7411,42.8837,0.0000,0.0000,0.0000,0.2679,0.3122,0.2883,1.5435,1.6423,1.6774,0.6732,1.0121,1.0860,0.1565,0.1565,0.1552,0.0352,0.1303,0.1934
2521,1,60,41.8871,39.7428,46.4721,0.0000,0.0000,0.0000,0.3128,0.2901,0.3310,1.8586,1.8567,1.9758,0.7393,0.6435,0.9519,0.1356,0.1356,0.1356,0.0623,0.0372,0.1093
2521,1,61,45.6893,42.8790,40.8630,0.0000,0.0000,0.0000,0.3796,0.3513,0.3248,2.0483,2.0525,2.0705,0.9245,0.7286,0.6595,0.0910,0.0901,0.0901,0.1442,0.0802,0.0557
2521,1,62,41.8915,46.3706,43.7766,0.0000,0.0000,0.0000,0.3814,0.4122,0.3845,2.0013,2.0115,2.0012,0.6884,0.8226,0.6900,0.0489,0.0479,0.0479,0.1018,0.1416,0.0898
2521,1,63,46.8856,42.6723,46.9612,0.0000,0.0000,0.0000,0.4735,0.4226,0.4552,1.8991,1.8023,1.8006,0.5139,0.5423,0.6482,0.0140,0.0140,0.0140,0.0454,0.0855,0.1208
2521,1,64,59.5500,47.7531,43.4591,0.0000,0.0000,0.0000,0.6777,0.5237,0.4691,1.7556,1.7886,1.7041,0.5039,0.3838,0.4180,0.0000,0.0000,0.0000,0.0364,0.0217,0.0471
2521,1,65,53.5511,60.0065,48.4878,0.0000,0.0000,0.0000,0.5894,0.6481,0.5082,1.5808,1.5901,1.6171,0.4238,0.4711,0.3666,0.0016,0.0016,0.0016,0.0273,0.0274,0.0165
2521,1,66,52.3336,53.9189,60.2621,0.0000,0.0000,0.0000,0.6351,0.6384,0.7029,1.4900,1.5102,1.5167,0.4769,0.4790,0.5343,0.0160,0.0156,0.0158,0.0634,0.0469,0.0466
2521,1,67,73.7739,52.6968,54.3042,0.0000,0.0000,0.0000,0.9923,0.6905,0.6944,1.6201,1.6078,1.6292,0.7639,0.5294,0.5372,0.0290,0.0285,0.0294,0.1230,0.0587,0.0443
2521,1,68,50.3788,73.4771,52.9893,0.0000,0.0000,0.0000,0.7207,1.0362,0.7268,1.6656,1.6066,1.6010,0.5343,0.7992,0.5617,0.0187,0.0187,0.0187,0.0498,0.0896,0.0461
2521,1,69,53.1901,50.6763,73.1311,0.0000,0.0000,0.0000,0.8483,0.7868,1.1195,1.5811,1.5466,1.4722,0.4644,0.4219,0.6246,0.0044,0.0043,0.0043,0.0785,0.0434,0.0771
2521,1,70,74.2505,53.0705,50.6446,0.0000,0.0000,0.0000,1.3361,0.9252,0.8639,1.1516,1.2227,1.1931,0.5278,0.3818,0.3440,0.0000,0.0000,0.0000,0.0393,0.0308,0.0170
2521,1,71,66.1668,73.2463,52.6613,0.0000,0.0000,0.0000,1.2954,1.4073,0.9817,0.8652,0.8570,0.9036,0.3952,0.4455,0.3198,0.0000,0.0000,0.0000,0.0023,0.0078,0.0062
2521,1,72,68.7654,65.0353,71.9690,0.0000,0.0000,0.0000,1.5135,1.3908,1.5100,0.7139,0.7041,0.7019,0.4501,0.4480,0.4734,0.0082,0.0078,0.0077,0.0001,0.0001,0.0000
2521,1,73,54.9651,67.3562,63.7005,0.0000,0.0000,0.0000,1.3263,1.5938,1.4645,0.6833,0.6551,0.6380,0.4361,0.5283,0.5375,0.0357,0.0357,0.0344,0.0001,0.0001,0.0001
2521,1,74,68.1739,53.7501,65.7299,0.0000,0.0000,0.0000,1.8805,1.4481,1.7311,0.6835,0.6881,0.6639,0.6908,0.5324,0.6453,0.0714,0.0701,0.0688,0.0002,0.0001,0.0001
2521,1,75,52.5025,66.1568,52.3349,0.0000,0.0000,0.0000,1.6118,1.9883,1.5359,0.6334,0.6483,0.6430,0.5797,0.7345,0.5798,0.0623,0.0613,0.0581,0.0000,0.0000,0.0000
2521,1,76,61.7731,50.8733,63.9433,0.0000,0.0000,0.0000,2.1328,1.7148,2.1122,0.5663,0.5461,0.5545,0.6737,0.4845,0.6743,0.0282,0.0279,0.0276,0.0155,0.0027,0.0137
2521,1,77,44.2660,59.2000,48.9762,0.0000,0.0000,0.0000,1.7403,2.2853,1.8454,0.4035,0.4420,0.4256,0.4025,0.6804,0.4716,0.0041,0.0041,0.0041,0.0000,0.0543,0.0097
2521,1,78,38.1260,42.2822,56.3608,0.0000,0.0000,0.0000,1.7179,1.8556,2.4287,0.2951,0.3007,0.3318,0.4202,0.4284,0.6601,0.0000,0.0000,0.0000,0.0309,0.0002,0.0823
2521,1,79,34.1351,36.2326,40.2248,0.0000,0.0000,0.0000,1.7381,1.7877,1.9398,0.2456,0.2369,0.2415,0.3002,0.3079,0.3370,0.0000,0.0000,0.0000,0.0684,0.0360,0.0226
2521,2,0,24.8974,24.3136,23.7166,24.9078,24.3137,23.7088,0.0405,0.0390,0.0380,0.8464,0.8335,0.8207,1.0541,1.0285,1.0023,0.2509,0.2477,0.2416,0.0163,0.0161,0.0159
2521,2,1,26.4512,24.4888,23.9298,0.0000,0.0000,0.0000,0.0087,0.0077,0.0076,1.4550,1.4118,1.3900,2.3391,2.1545,2.1039,0.4601,0.4569,0.4525,0.1012,0.1102,0.1088
2521,2,2,21.8982,25.9406,24.0885,0.0000,0.0000,0.0000,0.0024,0.0028,0.0026,1.2162,1.2279,1.1930,1.7082,2.0870,1.9437,0.4446,0.4420,0.4372,0.0508,0.0710,0.0738
2521,2,3,27.6646,21.9815,25.7057,0.0000,0.0000,0.0000,0.0020,0.0016,0.0018,1.1752,1.1369,1.1341,1.9212,1.4346,1.7307,0.4338,0.4312,0.4281,0.0468,0.0355,0.0418
2521,2,4,22.5906,27.7210,22.3597,0.0000,0.0000,0.0000,0.0016,0.0019,0.0016,1.2538,1.2472,1.2117,0.9631,1.5027,1.1446,0.3729,0.3717,0.3698,0.0416,0.0483,0.0403
2521,2,5,18.0868,23.3446,28.0609,0.0000,0.0000,0.0000,0.0009,0.0012,0.0014,1.3643,1.3519,1.3389,0.5470,0.8393,1.2320,0.3362,0.3350,0.3319,0.0474,0.0620,0.0727
2521,2,6,28.7001,18.9448,23.9671,0.0000,0.0000,0.0000,0.0015,0.0009,0.0012,1.3101,1.2675,1.2663,0.7856,0.6121,0.8153,0.3334,0.3315,0.3302,0.1439,0.0975,0.1277
2521,2,7,26.1226,29.1815,19.5766,0.0000,0.0000,0.0000,0.0013,0.0015,0.0006,1.1240,1.0940,1.0537,1.1203,0.7573,0.6079,0.3730,0.3707,0.3700,0.2238,0.2054,0.1469
2521,2,8,31.0319,26.1813,29.6293,0.0000,0.0000,0.0000,0.0010,0.0008,0.0010,0.9914,0.9243,0.9024,1.0793,1.0119,0.6228,0.3567,0.3567,0.3551,0.1860,0.1750,0.1625
2521,2,9,27.5291,31.0672,26.2360,0.0000,0.0000,0.0000,0.0010,0.0010,0.0009,0.8061,0.8273,0.7719,0.4985,0.9531,0.8946,0.2988,0.2979,0.2958,0.0608,0.0896,0.0878
2521,2,10,27.2197,27.6465,30.8199,0.0000,0.0000,0.0000,0.0008,0.0010,0.0010,0.6363,0.5943,0.6003,1.6551,0.6775,1.0165,0.2293,0.2285,0.2268,0.0425,0.0124,0.0222
2521,2,11,28.8570,26.4098,27.5863,0.0000,0.0000,0.0000,0.0015,0.0012,0.0015,0.5532,0.5465,0.5153,0.9599,1.6343,0.8098,0.2541,0.2550,0.2534,0.0045,0.0074,0.0040
2521,2,12,32.3265,28.7859,25.7141,0.0000,0.0000,0.0000,0.0016,0.0015,0.0012,0.6061,0.5975,0.5914,1.5642,0.9739,1.6060,0.3270,0.3269,0.3260,0.0284,0.0257,0.0224
2521,2,13,30.0857,31.9364,28.8524,0.0000,0.0000,0.0000,0.0016,0.0021,0.0015,0.6717,0.6685,0.6622,0.9374,1.3978,0.9513,0.4032,0.4022,0.4000,0.0536,0.0486,0.0446
2521,2,14,33.7501,30.3609,31.9536,0.0000,0.0000,0.0000,0.0023,0.0021,0.0021,0.7081,0.7174,0.7231,1.3986,0.8687,1.1248,0.4622,0.4598,0.4610,0.0285,0.0309,0.0287
2521,2,15,24.8962,33.6281,30.5766,0.0000,0.0000,0.0000,0.0021,0.0029,0.0027,0.6425,0.6668,0.6812,1.1285,1.1851,0.8579,0.4033,0.4043,0.4022,0.0002,0.0002,0.0003
2521,2,16,27.8203,24.8035,33.4551,0.0000,0.0000,0.0000,0.0033,0.0029,0.0039,0.5983,0.5527,0.5744,1.1201,1.0106,1.1199,0.3899,0.3899,0.3899,0.0000,0.0000,0.0000
2521,2,17,24.8614,27.4871,24.5708,0.0000,0.0000,0.0000,0.0035,0.0038,0.0033,0.5297,0.5512,0.5160,1.0610,1.2318,1.1188,0.4004,0.3994,0.3973,0.0051,0.0062,0.0056
2521,2,18,33.5848,24.1847,26.5573,0.0000,0.0000,0.0000,0.0056,0.0039,0.0042,0.7601,0.7303,0.7396,2.5192,1.8088,2.0320,0.4521,0.4491,0.4492,0.0739,0.0460,0.0538
2521,2,19,27.8655,30.6492,22.5506,0.0000,0.0000,0.0000,0.0053,0.0060,0.0042,1.3336,1.3174,1.2842,4.7099,4.4978,3.2824,0.5340,0.5329,0.5303,0.2316,0.2562,0.1698
2521,2,20,32.9945,24.3805,26.9985,0.0000,0.0000,0.0000,0.0100,0.0066,0.0076,1.9006,2.0272,2.0191,7.0203,5.6943,5.8205,0.5619,0.5612,0.5605,0.4219,0.3286,0.3769
2521,2,21,15.5654,28.6156,21.7000,0.0000,0.0000,0.0000,0.0049,0.0097,0.0064,2.5529,2.4966,2.6401,3.3055,6.9081,5.4084,0.5267,0.5260,0.5235,0.2390,0.4876,0.3947
2521,2,22,25.0796,15.5396,25.6529,0.0000,0.0000,0.0000,0.0084,0.0047,0.0083,2.9630,2.9632,2.9163,5.8824,3.2066,5.8843,0.4268,0.4260,0.4245,0.4388,0.2371,0.4346
2521,2,23,17.3988,23.1221,15.6707,0.0000,0.0000,0.0000,0.0055,0.0075,0.0046,2.9347,3.0070,3.0229,3.6175,4.9831,3.0560,0.3448,0.3435,0.3403,0.2682,0.3447,0.2078
2521,2,24,19.1538,17.2310,21.9698,0.0000,0.0000,0.0000,0.0058,0.0052,0.0069,2.8277,2.8820,2.9605,3.9079,3.3303,4.3651,0.4596,0.4568,0.4520,0.2239,0.1829,0.2271
2521,2,25,18.2542,19.0184,17.5606,0.0000,0.0000,0.0000,0.0061,0.0064,0.0060,2.9446,2.8570,2.9050,3.2184,3.4640,3.0748,0.6728,0.6691,0.6623,0.1660,0.1849,0.1604
2521,2,26,20.8752,18.5875,19.0697,0.0000,0.0000,0.0000,0.0072,0.0061,0.0064,2.8936,2.8639,2.7745,3.6065,3.1170,3.2699,0.7514,0.7462,0.7400,0.1893,0.1574,0.1680
2521,2,27,23.6129,20.7028,18.7791,0.0000,0.0000,0.0000,0.0081,0.0071,0.0062,3.0273,2.7030,2.6746,3.9545,3.4202,3.0308,0.7616,0.7564,0.7488,0.2497,0.2159,0.1843
2521,2,28,24.4869,23.0656,20.3619,0.0000,0.0000,0.0000,0.0094,0.0090,0.0079,2.7645,2.6718,2.4005,3.7410,3.6757,3.2124,0.7642,0.7589,0.7506,0.2793,0.2973,0.2629
2521,2,29,23.2021,24.0144,22.5852,0.0000,0.0000,0.0000,0.0098,0.0101,0.0091,2.7435,2.6144,2.5185,2.9143,3.3331,3.2387,0.6237,0.6196,0.6133,0.2414,0.3499,0.3577
2521,2,30,21.5814,23.3482,23.7481,0.0000,0.0000,0.0000,0.0093,0.0100,0.0101,2.8060,2.7145,2.5938,2.5808,2.8806,3.1020,0.5829,0.5797,0.5738,0.2222,0.2523,0.3090
2521,2,31,31.1450,21.7484,23.1802,0.0000,0.0000,0.0000,0.0143,0.0099,0.0106,2.4717,2.3918,2.3162,4.6020,2.6515,2.8811,0.6167,0.6136,0.6064,0.3385,0.1756,0.1874
2521,2,32,23.6415,29.4854,21.7611,0.0000,0.0000,0.0000,0.0111,0.0140,0.0099,2.0631,2.0675,1.9986,3.0116,4.2762,2.5661,0.6835,0.6800,0.6731,0.0879,0.1210,0.0759
2521,2,33,27.2730,23.1813,28.0067,0.0000,0.0000,0.0000,0.0132,0.0113,0.0138,1.7256,1.7105,1.7214,4.0463,2.7537,3.7554,0.6555,0.6531,0.6479,0.0811,0.0535,0.0735
2521,2,34,18.0493,25.7326,22.5431,0.0000,0.0000,0.0000,0.0094,0.0131,0.0118,1.3015,1.3355,1.3356,1.6998,3.2266,2.3542,0.5447,0.5437,0.5392,0.0952,0.1858,0.1364
2521,2,35,26.8258,17.9810,24.5915,0.0000,0.0000,0.0000,0.0144,0.0094,0.0130,1.1027,1.1206,1.1542,2.3888,1.4391,2.4186,0.4381,0.4373,0.4338,0.3035,0.1809,0.2928
2521,2,36,19.9587,26.1509,18.1184,0.0000,0.0000,0.0000,0.0108,0.0144,0.0097,1.0882,1.1352,1.1526,1.3215,1.8924,1.2230,0.4107,0.4103,0.4070,0.2041,0.3013,0.1906
2521,2,37,15.4283,20.2025,25.8835,0.0000,0.0000,0.0000,0.0083,0.0117,0.0150,1.2302,1.2870,1.3308,1.0666,1.2646,1.7330,0.4042,0.4032,0.4001,0.1488,0.1659,0.2387
2521,2,38,20.3081,16.0584,20.7125,0.0000,0.0000,0.0000,0.0120,0.0094,0.0124,1.3907,1.3947,1.4669,1.3633,1.0837,1.2458,0.4205,0.4193,0.4163,0.1312,0.1047,0.1108
2521,2,39,13.7735,20.7734,16.7608,0.0000,0.0000,0.0000,0.0084,0.0129,0.0101,1.2924,1.3581,1.3678,0.7879,1.1356,0.9330,0.3479,0.3460,0.3439,0.0679,0.0939,0.0766
2521,2,40,23.9170,14.3353,21.1201,0.0000,0.0000,0.0000,0.0162,0.0092,0.0137,1.0414,1.0249,1.0727,1.2733,0.6519,0.8942,0.2486,0.2467,0.2454,0.0797,0.0453,0.0653
2521,2,41,16.2986,23.7346,14.6313,0.0000,0.0000,0.0000,0.0115,0.0161,0.0099,0.7178,0.7023,0.6946,0.5738,1.0225,0.5543,0.1886,0.1882,0.1871,0.0186,0.0239,0.0155
2521,2,42,26.8561,16.5051,23.5627,0.0000,0.0000,0.0000,0.0218,0.0131,0.0186,0.5923,0.5897,0.5720,0.9049,0.5613,0.9048,0.2013,0.2011,0.1990,0.0084,0.0049,0.0061
2521,2,43,20.1659,26.7953,16.7732,0.0000,0.0000,0.0000,0.0168,0.0217,0.0135,0.5713,0.5849,0.5808,0.6409,0.8721,0.5446,0.2533,0.2515,0.2492,0.0000,0.0000,0.0000
2521,2,44,18.1949,20.3804,26.7658,0.0000,0.0000,0.0000,0.0164,0.0185,0.0244,0.6245,0.6481,0.6585,0.6778,0.6872,0.9229,0.2910,0.2908,0.2877,0.0329,0.0191,0.0265
2521,2,45,22.2654,18.5070,20.7492,0.0000,0.0000,0.0000,0.0229,0.0185,0.0202,0.9147,0.8765,0.9129,0.8671,0.7651,0.7744,0.3177,0.3149,0.3112,0.0850,0.1033,0.0639
2521,2,46,25.0613,22.6371,18.9224,0.0000,0.0000,0.0000,0.0279,0.0251,0.0209,1.2190,1.1976,1.1503,1.1158,0.9208,0.8045,0.2689,0.2689,0.2671,0.2835,0.1568,0.1834
2521,2,47,21.3872,25.1220,23.0120,0.0000,0.0000,0.0000,0.0262,0.0300,0.0280,1.4791,1.4203,1.3900,0.9914,1.1849,0.9995,0.2164,0.2150,0.2157,0.3040,0.3635,0.2118
2521,2,48,20.5679,21.6400,25.0596,0.0000,0.0000,0.0000,0.0286,0.0295,0.0352,1.4204,1.3784,1.3071,0.9088,1.0544,1.2400,0.1837,0.1851,0.1851,0.1032,0.2439,0.2870
2521,2,49,30.7852,20.8483,21.7006,0.0000,0.0000,0.0000,0.0501,0.0321,0.0325,1.1735,1.1539,1.1129,1.4275,0.9502,1.0484,0.1791,0.1782,0.1767,0.1065,0.0750,0.1652
2521,2,50,28.8147,30.5553,21.0488,0.0000,0.0000,0.0000,0.0491,0.0519,0.0339,1.0006,0.9642,0.9562,1.2385,1.2727,0.8656,0.1958,0.1968,0.1948,0.1225,0.0843,0.0608
2521,2,51,40.4288,28.8107,30.5235,0.0000,0.0000,0.0000,0.0788,0.0537,0.0572,0.9490,0.9939,0.9591,1.5030,1.0521,1.0646,0.2265,0.2253,0.2227,0.2058,0.1528,0.1142
2521,2,52,28.9513,39.9936,28.9368,0.0000,0.0000,0.0000,0.0581,0.0823,0.0571,1.1363,1.0921,1.1496,1.0910,1.4051,0.9946,0.2272,0.2280,0.2241,0.3004,0.3069,0.2328
2521,2,53,40.1693,28.9497,39.6430,0.0000,0.0000,0.0000,0.0902,0.0616,0.0848,1.2042,1.2455,1.1933,1.0020,1.1046,1.3606,0.1940,0.1905,0.1893,0.1410,0.3087,0.3226
2521,2,54,22.6423,40.3662,29.1265,0.0000,0.0000,0.0000,0.0562,0.1012,0.0688,1.2337,1.1647,1.1986,0.5973,0.9362,0.9274,0.1529,0.1519,0.1539,0.0979,0.0898,0.2160
2521,2,55,29.6002,23.2821,40.5205,0.0000,0.0000,0.0000,0.0812,0.0618,0.1106,1.2643,1.1699,1.1060,0.6783,0.5523,0.9285,0.1490,0.1512,0.1524,0.0640,0.0738,0.0745
2521,2,56,33.3203,30.0818,23.8614,0.0000,0.0000,0.0000,0.1084,0.0951,0.0731,1.2475,1.2831,1.1830,0.8545,0.7700,0.5870,0.1389,0.1388,0.1375,0.1079,0.0877,0.0877
2521,2,57,29.2044,33.3263,30.2527,0.0000,0.0000,0.0000,0.1025,0.1163,0.1029,1.2082,1.1918,1.2205,0.8803,1.0267,0.9346,0.1108,0.1100,0.1086,0.1420,0.1585,0.1311
2521,2,58,32.2314,29.4359,33.3811,0.0000,0.0000,0.0000,0.1248,0.1148,0.1298,1.1779,1.1753,1.1568,0.7962,0.8412,0.9733,0.1028,0.1024,0.1000,0.1373,0.0968,0.1048
2521,2,59,38.2125,32.7047,29.9168,0.0000,0.0000,0.0000,0.1642,0.1342,0.1237,1.1064,1.1745,1.1666,0.7618,0.5975,0.6161,0.1009,0.1012,0.0983,0.0774,0.0826,0.0495
2521,2,60,35.5879,38.7435,33.4274,0.0000,0.0000,0.0000,0.1698,0.1849,0.1509,1.2016,1.2063,1.2853,0.4944,0.5416,0.4548,0.0896,0.0892,0.0868,0.0449,0.0477,0.0560
2521,2,61,41.6769,36.3439,39.4581,0.0000,0.0000,0.0000,0.2262,0.1922,0.2051,1.4130,1.4234,1.4315,0.5306,0.4789,0.5182,0.0509,0.0516,0.0512,0.0339,0.0540,0.0552
2521,2,62,44.6838,42.4068,37.1313,0.0000,0.0000,0.0000,0.2505,0.2412,0.2055,1.5366,1.4581,1.4703,0.5662,0.4752,0.4473,0.0169,0.0169,0.0171,0.0759,0.0319,0.0534
2521,2,63,45.4075,45.0902,42.8594,0.0000,0.0000,0.0000,0.2973,0.2901,0.2760,1.3988,1.3931,1.3181,0.6414,0.6584,0.5734,0.0108,0.0108,0.0106,0.0575,0.0678,0.0300
2521,2,64,49.9090,45.4467,45.1263,0.0000,0.0000,0.0000,0.3650,0.3246,0.3155,1.2009,1.2379,1.2255,0.9481,0.8771,0.8965,0.0412,0.0408,0.0400,0.0274,0.0287,0.0333
2521,2,65,36.1547,49.5813,45.2477,0.0000,0.0000,0.0000,0.2680,0.3643,0.3250,1.0601,1.0320,1.0628,0.7068,1.0550,0.9836,0.0748,0.0755,0.0735,0.0060,0.0197,0.0216
2521,2,66,45.9318,36.3681,49.3615,0.0000,0.0000,0.0000,0.3679,0.2887,0.3868,1.0573,1.0075,0.9858,0.7656,0.5512,0.8256,0.0629,0.0621,0.0613,0.0496,0.0176,0.0545
2521,2,67,44.9784,45.9629,36.6474,0.0000,0.0000,0.0000,0.3935,0.3958,0.3125,1.0458,1.1034,1.0589,0.6058,0.6102,0.4600,0.0247,0.0241,0.0243,0.0949,0.0887,0.0324
2521,2,68,48.8293,44.9688,45.9962,0.0000,0.0000,0.0000,0.4803,0.4329,0.4370,1.0965,1.1349,1.1897,0.6958,0.6334,0.6410,0.0038,0.0038,0.0038,0.0993,0.0832,0.0801
2521,2,69,48.5964,48.3809,44.6768,0.0000,0.0000,0.0000,0.5245,0.5156,0.4685,0.9897,0.9531,0.9784,0.7995,0.8031,0.7360,0.0000,0.0000,0.0000,0.0699,0.0825,0.0675
2521,2,70,56.1048,47.9257,47.6911,0.0000,0.0000,0.0000,0.6829,0.5719,0.5643,0.8036,0.7854,0.7718,0.9947,0.8575,0.8580,0.0000,0.0000,0.0000,0.0193,0.0286,0.0338
2521,2,71,41.2426,54.9419,46.9961,0.0000,0.0000,0.0000,0.5601,0.7381,0.6208,0.6118,0.6255,0.6209,0.8048,1.0474,0.9243,0.0000,0.0000,0.0000,0.0038,0.0032,0.0049
2521,2,72,57.5277,40.3967,53.7076,0.0000,0.0000,0.0000,0.8654,0.5996,0.7839,0.5309,0.5051,0.5182,1.1323,0.7528,0.9693,0.0000,0.0000,0.0000,0.0000,0.0000,0.0000
2521,2,73,33.3267,56.0207,39.4936,0.0000,0.0000,0.0000,0.5588,0.9281,0.6495,0.4774,0.4685,0.4482,0.5977,1.0437,0.7046,0.0001,0.0000,0.0000,0.0000,0.0000,0.0000
2521,2,74,46.9007,32.6758,54.6412,0.0000,0.0000,0.0000,0.8669,0.5970,0.9907,0.4227,0.3961,0.3849,0.6485,0.4529,0.7678,0.0000,0.0000,0.0000,0.0000,0.0000,0.0000
2521,2,75,45.9677,45.8844,32.0873,0.0000,0.0000,0.0000,0.9545,0.9387,0.6450,0.3883,0.4036,0.3803,0.4690,0.4763,0.3251,0.0000,0.0000,0.0000,0.0000,0.0000,0.0000
2521,2,76,48.6674,44.7681,44.7257,0.0000,0.0000,0.0000,1.1212,1.0214,1.0023,0.3271,0.3097,0.3392,0.5381,0.4900,0.4933,0.0000,0.0000,0.0000,0.0001,0.0001,0.0001
2521,2,77,32.8854,46.9768,43.2433,0.0000,0.0000,0.0000,0.8549,1.2167,1.1060,0.2353,0.2627,0.2654,0.4959,0.7374,0.6941,0.0037,0.0037,0.0037,0.0000,0.0001,0.0001
2521,2,78,34.6376,31.7118,45.1353,0.0000,0.0000,0.0000,1.0337,0.9252,1.3141,0.3354,0.3463,0.3705,0.6865,0.6078,0.9127,0.0151,0.0151,0.0151,0.0000,0.0000,0.0000
2521,2,79,37.3999,33.3029,30.5624,0.0000,0.0000,0.0000,1.2632,1.1057,0.9911,0.4375,0.4401,0.4528,0.8011,0.7059,0.6313,0.0213,0.0213,0.0213,0.0000,0.0000,0.0000
2523,1,0,90.0320,87.3867,84.5665,90.8729,88.1909,85.3274,0.1537,0.1477,0.1413,1.7344,1.6915,1.6515,2.7115,2.6301,2.5431,0.3017,0.2972,0.2891,0.0051,0.0050,0.0049
2523,1,1,103.1829,89.6900,87.0800,0.0000,0.0000,0.0000,0.0320,0.0279,0.0274,3.6791,3.5307,3.4431,5.1258,4.4557,4.3252,0.7604,0.7559,0.7475,0.1436,0.1252,0.1215
2523,1,2,94.1649,102.5256,89.4245,0.0000,0.0000,0.0000,0.0112,0.0123,0.0092,3.0641,3.1376,3.0117,4.5013,4.4596,3.9255,0.8720,0.8656,0.8574,0.2394,0.2191,0.1899
2523,1,3,91.7691,93.2967,101.7683,0.0000,0.0000,0.0000,0.0062,0.0064,0.0070,2.6544,2.4624,2.5144,3.5262,3.9064,3.8841,0.8389,0.8350,0.8330,0.2028,0.2294,0.2284
2523,1,4,88.5424,91.5569,92.7364,0.0000,0.0000,0.0000,0.0059,0.0062,0.0063,2.1704,2.2737,2.1207,3.0769,3.0084,3.1868,0.7146,0.7115,0.7085,0.1620,0.1594,0.1657
2523,1,5,99.3131,88.4483,91.5101,0.0000,0.0000,0.0000,0.0049,0.0044,0.0046,1.9937,1.8941,1.9547,3.0054,2.3930,2.4138,0.6283,0.6273,0.6243,0.1898,0.1588,0.1640
2523,1,6,89.7394,98.7593,88.3056,0.0000,0.0000,0.0000,0.0043,0.0049,0.0044,1.7116,1.5939,1.5243,2.2636,2.4407,2.0482,0.5881,0.5868,0.5823,0.1794,0.1926,0.1583
2523,1,7,110.6464,89.0499,97.8064,0.0000,0.0000,0.0000,0.0054,0.0043,0.0049,1.3153,1.2464,1.1669,3.0518,2.3021,2.4853,0.6309,0.6292,0.6266,0.2387,0.1712,0.1864
2523,1,8,86.7637,108.9587,88.0766,0.0000,0.0000,0.0000,0.0028,0.0035,0.0042,0.9595,0.9257,0.8957,2.6530,3.0145,2.2911,0.6730,0.6695,0.6645,0.1955,0.2196,0.1677
2523,1,9,78.1149,85.5375,107.3217,0.0000,0.0000,0.0000,0.0026,0.0027,0.0035,0.7650,0.7600,0.7390,2.2132,2.5546,2.9052,0.7775,0.7749,0.7718,0.1387,0.1649,0.1862
2523,1,10,90.3166,77.4387,84.5450,0.0000,0.0000,0.0000,0.0030,0.0025,0.0027,0.9119,0.8904,0.8839,2.3367,2.1911,2.5063,0.8449,0.8434,0.8369,0.1420,0.1391,0.1635
2523,1,11,95.4749,89.9045,77.0886,0.0000,0.0000,0.0000,0.0045,0.0045,0.0038,1.2455,1.1996,1.1807,3.1830,2.2162,2.0487,0.7546,0.7503,0.7461,0.2907,0.1552,0.1539
2523,1,12,72.7902,94.3498,89.5518,0.0000,0.0000,0.0000,0.0033,0.0044,0.0045,1.4454,1.4005,1.3400,2.0618,2.8066,2.1227,0.5883,0.5853,0.5827,0.1841,0.2564,0.1459
2523,1,13,85.6691,72.7022,93.5125,0.0000,0.0000,0.0000,0.0055,0.0044,0.0059,1.3656,1.4192,1.3787,2.1107,1.8852,2.5162,0.4815,0.4809,0.4814,0.0902,0.0871,0.1184
2523,1,14,88.9703,85.3095,72.5567,0.0000,0.0000,0.0000,0.0084,0.0069,0.0055,1.1293,1.1099,1.1574,2.5564,1.9347,1.7436,0.4920,0.4882,0.4898,0.0300,0.0217,0.0200
2523,1,15,82.0797,87.5571,84.4999,0.0000,0.0000,0.0000,0.0092,0.0096,0.0091,0.6646,0.6919,0.6748,2.0894,2.4926,1.9624,0.5205,0.5210,0.5206,0.0233,0.0240,0.0232
2523,1,16,98.2422,80.9373,85.9650,0.0000,0.0000,0.0000,0.0144,0.0117,0.0121,0.7425,0.7283,0.7541,2.9236,2.2945,2.6431,0.4954,0.4954,0.4950,0.0533,0.0425,0.0471
2523,1,17,71.6523,97.0276,80.3264,0.0000,0.0000,0.0000,0.0146,0.0204,0.0167,1.3776,1.4669,1.4573,2.0693,3.0232,2.4126,0.4580,0.4580,0.4558,0.0410,0.0568,0.0451
2523,1,18,86.1250,71.4569,95.7623,0.0000,0.0000,0.0000,0.0245,0.0210,0.0261,2.3130,2.2985,2.4477,3.4590,2.8065,3.9828,0.4879,0.4869,0.4850,0.1003,0.0782,0.1126
2523,1,19,79.7066,84.6412,70.9735,0.0000,0.0000,0.0000,0.0308,0.0336,0.0267,3.3829,3.5401,3.5245,4.8104,5.1614,4.2485,0.4990,0.4982,0.4993,0.1778,0.1925,0.1550
2523,1,20,81.0249,78.4336,83.1546,0.0000,0.0000,0.0000,0.0642,0.0611,0.0638,4.8420,4.8986,5.1234,6.9039,6.3389,6.7761,0.5624,0.5615,0.5581,0.2793,0.2167,0.2399
2523,1,21,73.6199,79.5591,77.7535,0.0000,0.0000,0.0000,0.0677,0.0719,0.0685,6.3316,6.2395,6.3512,8.1301,8.1415,7.5175,0.7633,0.7615,0.7553,0.2457,0.2215,0.1764
2523,1,22,101.4016,72.7046,78.7903,0.0000,0.0000,0.0000,0.1034,0.0726,0.0792,7.8724,7.1062,7.0686,12.4210,8.8919,8.7315,1.0603,1.0561,1.0442,0.1776,0.1407,0.1339
2523,1,23,104.4427,99.5522,73.2042,0.0000,0.0000,0.0000,0.1108,0.1061,0.0760,11.8691,9.1160,8.2149,15.4935,12.1765,8.8550,1.2715,1.2636,1.2515,0.2236,0.1846,0.1469
2523,1,24,77.9184,103.1402,99.2257,0.0000,0.0000,0.0000,0.0849,0.1109,0.1090,9.7702,12.1348,9.6644,9.0949,14.3772,11.1902,1.3899,1.3833,1.3695,0.3228,0.4984,0.3810
2523,1,25,88.7343,79.7647,102.1560,0.0000,0.0000,0.0000,0.1001,0.0890,0.1124,8.7054,9.7127,11.7203,10.9945,8.9259,13.3522,1.4781,1.4692,1.4532,0.7294,0.5468,0.8129
2523,1,26,94.1423,88.2651,81.4863,0.0000,0.0000,0.0000,0.1124,0.1037,0.0945,9.3903,8.8294,9.8010,9.1956,10.2155,9.0235,1.5731,1.5650,1.5483,0.5982,0.7625,0.6362
2523,1,27,93.2591,95.6166,88.8920,0.0000,0.0000,0.0000,0.1131,0.1145,0.1062,9.6278,8.9442,8.4427,7.6187,8.5394,8.8857,1.6291,1.6214,1.6033,0.3493,0.4492,0.5190
2523,1,28,119.9606,95.5114,96.5599,0.0000,0.0000,0.0000,0.1518,0.1172,0.1196,9.5479,8.4471,7.7925,9.6561,7.4225,7.9313,1.6241,1.6144,1.5949,0.4035,0.2942,0.3439
2523,1,29,114.0233,120.0581,96.6334,0.0000,0.0000,0.0000,0.1414,0.1493,0.1164,8.5326,8.0833,7.1461,7.7627,8.9446,7.1234,1.5862,1.5775,1.5601,0.3170,0.4143,0.3260
2523,1,30,147.2753,114.9354,119.4979,0.0000,0.0000,0.0000,0.1849,0.1432,0.1459,7.9480,7.4041,7.0336,10.3522,7.5107,8.3511,1.5343,1.5256,1.5076,0.6747,0.4251,0.5132
2523,1,31,145.1164,145.3450,115.2377,0.0000,0.0000,0.0000,0.1827,0.1826,0.1409,7.4403,7.1158,6.6543,9.9973,9.6192,7.2141,1.4772,1.4670,1.4531,0.7067,0.6515,0.4503
2523,1,32,135.0688,143.3509,143.6503,0.0000,0.0000,0.0000,0.1676,0.1770,0.1767,6.9250,6.8224,6.5539,8.5096,9.2189,8.8199,1.4464,1.4380,1.4224,0.5647,0.6308,0.5910
2523,1,33,140.2466,133.3963,140.9786,0.0000,0.0000,0.0000,0.1748,0.1633,0.1717,5.7005,6.1153,6.0202,9.7269,8.1978,8.7853,1.2691,1.2629,1.2481,0.7445,0.6078,0.6672
2523,1,34,133.6853,137.1909,132.0549,0.0000,0.0000,0.0000,0.1710,0.1759,0.1647,5.7232,5.7764,6.1912,10.1021,8.9299,7.7340,1.0263,1.0205,1.0107,0.8278,0.6738,0.5583
2523,1,35,133.1043,131.7509,136.1754,0.0000,0.0000,0.0000,0.1687,0.1634,0.1693,5.4531,6.0277,6.0958,7.5469,8.0849,7.2834,0.9069,0.9013,0.8939,0.5223,0.5975,0.4829
2523,1,36,120.2492,133.0063,131.8523,0.0000,0.0000,0.0000,0.1501,0.1681,0.1585,5.4449,5.5366,6.1358,5.4559,5.7990,6.1350,0.8473,0.8439,0.8336,0.4569,0.4730,0.5390
2523,1,37,113.7294,120.4058,132.9104,0.0000,0.0000,0.0000,0.1421,0.1506,0.1680,5.0185,5.1757,5.2839,5.4105,5.2204,5.5216,0.8977,0.8928,0.8850,0.6037,0.5216,0.5369
2523,1,38,109.1954,112.6364,119.5720,0.0000,0.0000,0.0000,0.1466,0.1467,0.1556,4.3465,4.7284,4.8660,4.5114,5.9149,5.8105,0.8587,0.8558,0.8487,0.3560,0.6141,0.5562
2523,1,39,94.1835,108.2511,110.5633,0.0000,0.0000,0.0000,0.1289,0.1466,0.1455,3.6165,3.7405,4.0277,4.6917,4.9232,6.1229,0.8347,0.8308,0.8238,0.4722,0.4461,0.6555
2523,1,40,114.5132,92.9593,106.8267,0.0000,0.0000,0.0000,0.1629,0.1308,0.1469,3.2081,3.1506,3.2631,5.6310,4.4470,4.7186,0.6902,0.6855,0.6791,0.6420,0.4925,0.4880
2523,1,41,90.1489,112.0815,91.5921,0.0000,0.0000,0.0000,0.1356,0.1644,0.1330,2.6400,2.8982,2.8435,4.3944,5.1559,4.1658,0.5931,0.5887,0.5842,0.5426,0.6141,0.4849
2523,1,42,104.6823,88.9639,110.3731,0.0000,0.0000,0.0000,0.1601,0.1341,0.1623,3.0084,2.8299,3.0670,5.0246,3.9174,4.6041,0.5556,0.5520,0.5484,0.6745,0.5005,0.5500
2523,1,43,87.9374,103.3170,88.4690,0.0000,0.0000,0.0000,0.1454,0.1676,0.1392,2.8278,3.1275,2.9533,2.9748,4.2064,3.3602,0.4990,0.4973,0.4941,0.3273,0.5940,0.4415
2523,1,44,86.1203,87.8448,102.2405,0.0000,0.0000,0.0000,0.1572,0.1591,0.1790,2.6462,2.6934,2.9839,3.3447,2.8306,3.8298,0.4453,0.4453,0.4397,0.4423,0.2884,0.4831
2523,1,45,93.9469,85.3058,87.6078,0.0000,0.0000,0.0000,0.1768,0.1584,0.1589,2.2778,2.4287,2.4701,2.4561,3.2117,2.8025,0.4583,0.4568,0.4512,0.1253,0.3010,0.2206
2523,1,46,93.9673,93.4070,84.1036,0.0000,0.0000,0.0000,0.1934,0.1904,0.1676,2.0219,1.9190,2.0205,3.1385,2.5870,3.2701,0.5201,0.5160,0.5129,0.2436,0.1711,0.2657
2523,1,47,94.7104,92.8724,92.7756,0.0000,0.0000,0.0000,0.2150,0.2053,0.2027,2.0095,1.8984,1.8257,3.2538,2.9907,2.5174,0.5359,0.5330,0.5294,0.3802,0.3282,0.2443
2523,1,48,98.2301,93.8878,92.1823,0.0000,0.0000,0.0000,0.2495,0.2325,0.2234,2.0927,2.0826,1.9962,2.7071,2.7329,2.5528,0.4882,0.4824,0.4752,0.3834,0.4278,0.3773
2523,1,49,97.2339,97.6010,93.2326,0.0000,0.0000,0.0000,0.2756,0.2749,0.2552,2.1011,2.2619,2.2800,2.6006,2.6031,2.6247,0.4308,0.4283,0.4243,0.4325,0.4370,0.4849
2523,1,50,93.6527,96.4846,96.9924,0.0000,0.0000,0.0000,0.2942,0.2980,0.2940,2.2363,2.1284,2.2946,2.3346,2.5701,2.5849,0.3994,0.3952,0.3935,0.3595,0.4199,0.4225
2523,1,51,101.6410,93.4790,95.9781,0.0000,0.0000,0.0000,0.3599,0.3228,0.3185,2.2129,2.2362,2.1322,3.2125,2.2072,2.4138,0.3645,0.3631,0.3584,0.4902,0.2514,0.2877
2523,1,52,102.5002,100.3397,93.2286,0.0000,0.0000,0.0000,0.3757,0.3613,0.3317,2.1797,2.1978,2.2242,2.4212,3.2394,2.2745,0.2932,0.2926,0.2899,0.1590,0.3047,0.1662
2523,1,53,107.0142,101.8194,99.0319,0.0000,0.0000,0.0000,0.4576,0.4279,0.4140,1.9634,2.0338,2.0475,2.6118,2.3902,3.0662,0.2435,0.2392,0.2377,0.1529,0.1258,0.1988
2523,1,54,116.0376,106.1010,101.1569,0.0000,0.0000,0.0000,0.5553,0.4959,0.4653,1.9053,1.7832,1.8430,2.4455,2.3433,2.1654,0.2330,0.2295,0.2288,0.1112,0.1096,0.0947
2523,1,55,123.3912,115.1366,105.2601,0.0000,0.0000,0.0000,0.6283,0.5746,0.5184,1.9377,1.7307,1.6155,2.0792,2.2122,2.0976,0.2088,0.2072,0.2074,0.0559,0.0740,0.0717
2523,1,56,138.8657,122.3678,113.9226,0.0000,0.0000,0.0000,0.8013,0.6958,0.6325,1.7431,1.7138,1.5274,3.1376,2.1715,2.2263,0.1608,0.1596,0.1576,0.1405,0.0406,0.0661
2523,1,57,128.6233,136.3137,121.0601,0.0000,0.0000,0.0000,0.8161,0.8493,0.7390,1.6387,1.6322,1.6075,2.2681,3.1624,2.2140,0.1394,0.1393,0.1373,0.0827,0.3534,0.1077
2523,1,58,155.2906,127.3902,133.6163,0.0000,0.0000,0.0000,1.0632,0.8551,0.8834,1.7405,1.7885,1.7766,3.1363,2.1601,3.1969,0.1466,0.1444,0.1441,0.4292,0.1603,0.5869
2523,1,59,114.9669,152.8618,126.3370,0.0000,0.0000,0.0000,0.8890,1.1628,0.9437,1.6999,1.9268,1.9865,1.8225,2.9082,2.0471,0.1463,0.1458,0.1443,0.1641,0.4594,0.2059
2523,1,60,102.6685,113.7686,150.4696,0.0000,0.0000,0.0000,0.8617,0.9364,1.2041,1.6218,1.7110,1.9410,1.9569,1.9260,2.8873,0.1151,0.1151,0.1146,0.2680,0.1605,0.3856
2523,1,61,136.0343,100.9648,112.1082,0.0000,0.0000,0.0000,1.2793,0.9356,1.0109,1.3608,1.4232,1.5138,2.9352,2.1511,2.1472,0.1214,0.1197,0.1197,0.2339,0.1817,0.1361
2523,1,62,118.2945,132.8280,98.9609,0.0000,0.0000,0.0000,1.2244,1.3391,0.9839,0.9771,0.9940,1.0372,2.4818,2.8382,2.0982,0.1544,0.1530,0.1509,0.1572,0.1774,0.1373
2523,1,63,139.7411,115.6013,129.6859,0.0000,0.0000,0.0000,1.5996,1.2983,1.4224,0.7814,0.7677,0.7817,2.4801,2.2293,2.5320,0.1561,0.1536,0.1536,0.1311,0.1176,0.1288
2523,1,64,128.5250,136.1944,112.7084,0.0000,0.0000,0.0000,1.6471,1.6964,1.3825,0.6879,0.7013,0.6724,2.5922,2.6144,2.2756,0.1533,0.1508,0.1501,0.1077,0.1089,0.0916
2523,1,65,116.2892,125.3442,132.9294,0.0000,0.0000,0.0000,1.1923,1.2601,1.3061,0.6569,0.6567,0.6676,2.2403,2.6307,2.6701,0.1364,0.1355,0.1329,0.0833,0.1091,0.1072
2523,1,66,126.0088,113.7792,122.3429,0.0000,0.0000,0.0000,1.4179,1.2489,1.3229,0.7015,0.6934,0.6938,2.2524,1.9576,2.3418,0.0866,0.0843,0.0849,0.1100,0.0900,0.1307
2523,1,67,119.4448,123.4321,111.6198,0.0000,0.0000,0.0000,1.4722,1.4985,1.3204,0.6950,0.7163,0.7205,1.7762,1.7983,1.5754,0.0662,0.0648,0.0649,0.0707,0.0625,0.0504
2523,1,68,122.3870,117.0958,121.0640,0.0000,0.0000,0.0000,1.6232,1.5113,1.5333,0.7355,0.7243,0.7499,1.7075,1.5753,1.6061,0.0473,0.0464,0.0455,0.0624,0.0352,0.0276
2523,1,69,105.7102,119.6495,114.6620,0.0000,0.0000,0.0000,1.5541,1.7218,1.6073,0.8796,0.8430,0.8305,1.6071,1.8264,1.6709,0.0607,0.0581,0.0571,0.0673,0.0863,0.0411
2523,1,70,96.2123,103.5606,117.0625,0.0000,0.0000,0.0000,1.5681,1.6541,1.8372,0.9095,0.9588,0.9175,1.2048,1.4784,1.6801,0.0795,0.0775,0.0742,0.0000,0.0496,0.0614
2523,1,71,123.0956,94.3741,101.4696,0.0000,0.0000,0.0000,2.1974,1.6389,1.7251,0.7716,0.7871,0.8218,1.5223,1.0617,1.2431,0.0880,0.0854,0.0834,0.0337,0.0009,0.0234
2523,1,72,115.0130,119.9710,92.2092,0.0000,0.0000,0.0000,2.2968,2.3325,1.7520,0.6244,0.5802,0.5964,1.3544,1.4048,1.0541,0.0590,0.0580,0.0574,0.0229,0.0168,0.0009
2523,1,73,115.4809,111.6637,116.4772,0.0000,0.0000,0.0000,2.5381,2.3987,2.4348,0.4931,0.4727,0.4407,1.4622,1.4133,1.4741,0.0201,0.0207,0.0204,0.0392,0.0481,0.0352
2523,1,74,112.3172,111.8505,108.1931,0.0000,0.0000,0.0000,2.8053,2.7370,2.5839,0.4748,0.4486,0.4231,1.2895,1.2847,1.2434,0.0027,0.0027,0.0027,0.0527,0.0650,0.0817
2523,1,75,116.1488,108.7633,108.3342,0.0000,0.0000,0.0000,3.2269,2.9503,2.8784,0.4710,0.4652,0.4385,1.0794,1.0310,1.0328,0.0000,0.0000,0.0000,0.0124,0.0324,0.0397
2523,1,76,117.0245,112.4273,105.3608,0.0000,0.0000,0.0000,3.6269,3.4175,3.1255,0.6543,0.6238,0.6229,0.9956,0.9217,0.8959,0.0000,0.0000,0.0000,0.0094,0.0034,0.0092
2523,1,77,80.2253,112.9391,108.6153,0.0000,0.0000,0.0000,2.8322,3.8949,3.6740,0.6955,0.7528,0.7105,0.6401,0.9456,0.8482,0.0000,0.0000,0.0000,0.0000,0.0000,0.0000
2523,1,78,82.5513,77.1616,108.4722,0.0000,0.0000,0.0000,3.3261,3.0321,4.1709,0.5272,0.5487,0.5757,0.6503,0.5792,0.8734,0.0001,0.0001,0.0001,0.0000,0.0000,0.0000
2523,1,79,75.3162,78.8304,73.8281,0.0000,0.0000,0.0000,3.4140,3.4864,3.1921,0.3833,0.4294,0.4523,0.6506,0.6674,0.5935,0.0000,0.0000,0.0000,0.0000,0.0000,0.0000
2523,2,0,85.2603,82.7567,80.0828,85.8880,83.3532,80.6462,0.1396,0.1339,0.1293,1.1923,1.1638,1.1378,2.0292,1.9683,1.9032,0.4070,0.4017,0.3916,0.0702,0.0690,0.0675
2523,2,1,88.9674,85.2166,82.7356,0.0000,0.0000,0.0000,0.0288,0.0264,0.0259,3.4533,3.3041,3.2243,3.7961,3.6822,3.5754,0.6189,0.6135,0.6077,0.2357,0.2522,0.2472
2523,2,2,90.8825,89.4162,85.6532,0.0000,0.0000,0.0000,0.0098,0.0096,0.0093,3.3140,3.3665,3.2314,3.6798,3.2316,3.1254,0.5636,0.5598,0.5530,0.3017,0.1926,0.2037
2523,2,3,69.5055,90.5209,89.4504,0.0000,0.0000,0.0000,0.0048,0.0065,0.0064,2.7985,2.6961,2.7551,2.6055,3.2612,2.9747,0.4644,0.4620,0.4585,0.1876,0.2174,0.1620
2523,2,4,87.7048,69.5235,89.8480,0.0000,0.0000,0.0000,0.0062,0.0049,0.0065,2.2354,2.1599,2.0897,2.7738,2.4398,3.0089,0.4554,0.4541,0.4520,0.1427,0.1402,0.1683
2523,2,5,96.5114,87.4653,69.5552,0.0000,0.0000,0.0000,0.0052,0.0047,0.0037,1.8696,1.8773,1.8144,2.6648,2.4481,2.1445,0.5925,0.5906,0.5860,0.2257,0.2122,0.1918
2523,2,6,94.7478,96.2368,87.4381,0.0000,0.0000,0.0000,0.0049,0.0051,0.0046,1.9279,1.8091,1.8065,2.5555,2.4522,2.2487,0.7360,0.7325,0.7301,0.3070,0.2908,0.2702
2523,2,7,95.1287,94.4561,95.8710,0.0000,0.0000,0.0000,0.0050,0.0049,0.0034,1.7948,1.8087,1.6962,3.0527,2.5315,2.4727,0.7372,0.7334,0.7306,0.2959,0.2529,0.2491
2523,2,8,88.8074,94.3965,94.1401,0.0000,0.0000,0.0000,0.0031,0.0033,0.0032,1.7693,1.6657,1.7105,2.5180,2.9253,2.5773,0.7247,0.7235,0.7207,0.1084,0.1324,0.1198
2523,2,9,104.7670,88.3430,93.5625,0.0000,0.0000,0.0000,0.0037,0.0031,0.0033,1.3937,1.4309,1.3677,3.1698,2.4570,2.7558,0.6748,0.6727,0.6678,0.0586,0.0478,0.0535
2523,2,10,85.3377,103.5778,87.8100,0.0000,0.0000,0.0000,0.0030,0.0037,0.0031,1.2548,1.2404,1.2601,2.5061,2.8825,2.2689,0.5805,0.5789,0.5755,0.0525,0.0645,0.0511
2523,2,11,83.5837,84.6163,102.4680,0.0000,0.0000,0.0000,0.0042,0.0044,0.0055,1.0832,1.0891,1.0786,2.9437,2.2714,2.5501,0.4945,0.4965,0.4938,0.1204,0.0765,0.0794
2523,2,12,82.8400,82.2686,83.9162,0.0000,0.0000,0.0000,0.0041,0.0042,0.0044,1.0908,1.0388,1.0446,2.5564,2.6695,2.1488,0.4900,0.4897,0.4879,0.1520,0.1928,0.1075
2523,2,13,91.0453,81.9597,81.2892,0.0000,0.0000,0.0000,0.0048,0.0055,0.0041,0.9645,1.0242,0.9779,2.2751,2.2137,2.2777,0.4654,0.4637,0.4611,0.1161,0.1174,0.1442
2523,2,14,71.6603,90.3682,81.4267,0.0000,0.0000,0.0000,0.0050,0.0064,0.0054,1.0085,1.0398,1.0996,1.7888,2.1231,2.0157,0.4873,0.4846,0.4852,0.0587,0.0722,0.0663
2523,2,15,79.4487,71.5184,89.8738,0.0000,0.0000,0.0000,0.0069,0.0063,0.0079,1.1095,1.1568,1.1998,2.0548,1.7490,2.1098,0.5123,0.5131,0.5100,0.0577,0.0459,0.0658
2523,2,16,87.9527,78.7213,71.1946,0.0000,0.0000,0.0000,0.0105,0.0093,0.0083,1.3016,1.2694,1.3168,2.6699,2.3860,2.0731,0.4996,0.4983,0.4983,0.0381,0.0349,0.0277
2523,2,17,72.9659,86.2316,77.4133,0.0000,0.0000,0.0000,0.0105,0.0119,0.0105,1.5152,1.6008,1.5772,2.9426,3.5748,3.2102,0.4404,0.4385,0.4357,0.0393,0.0521,0.0464
2523,2,18,79.7212,70.5064,82.7391,0.0000,0.0000,0.0000,0.0133,0.0116,0.0132,2.4712,2.4580,2.5925,6.0516,5.3148,6.3742,0.4730,0.4710,0.4718,0.0948,0.0736,0.0926
2523,2,19,70.2574,74.4545,66.4802,0.0000,0.0000,0.0000,0.0136,0.0143,0.0124,4.3675,4.4357,4.3952,9.4796,10.0381,8.8923,0.6771,0.6758,0.6727,0.2258,0.2674,0.2214
2523,2,20,56.3928,65.7752,69.3825,0.0000,0.0000,0.0000,0.0112,0.0127,0.0133,6.2259,6.7920,6.8916,10.2197,11.6243,12.2699,0.7785,0.7758,0.7732,0.3643,0.3462,0.3939
2523,2,21,51.4193,54.5958,63.1959,0.0000,0.0000,0.0000,0.0113,0.0117,0.0132,7.5699,7.8483,8.4917,9.8045,10.1826,11.5394,0.8560,0.8521,0.8445,0.3112,0.3106,0.3093
2523,2,22,67.3377,51.9853,55.1403,0.0000,0.0000,0.0000,0.0152,0.0110,0.0113,8.4946,8.4761,8.8459,11.8412,8.7254,9.0404,0.9349,0.9314,0.9257,0.2875,0.2132,0.2184
2523,2,23,66.0136,66.6201,53.6287,0.0000,0.0000,0.0000,0.0152,0.0147,0.0111,8.4707,8.6870,8.7172,9.3141,10.2702,8.0189,1.0299,1.0257,1.0162,0.1978,0.2259,0.1794
2523,2,24,71.6902,66.6021,67.0311,0.0000,0.0000,0.0000,0.0160,0.0151,0.0146,8.2845,8.3777,8.6633,10.5986,8.8464,9.3422,1.1837,1.1773,1.1657,0.1968,0.1676,0.1722
2523,2,25,67.8345,71.9714,68.0227,0.0000,0.0000,0.0000,0.0167,0.0180,0.0170,8.3251,8.0980,8.1745,7.8564,9.0300,8.0064,1.4448,1.4373,1.4234,0.1925,0.2149,0.1967
2523,2,26,72.6407,70.2902,73.3522,0.0000,0.0000,0.0000,0.0180,0.0170,0.0180,8.6073,8.0983,7.8677,7.4298,7.0413,7.7592,1.6635,1.6520,1.6385,0.3095,0.2916,0.3195
2523,2,27,88.4297,74.8778,72.3300,0.0000,0.0000,0.0000,0.0217,0.0186,0.0175,9.0059,7.7361,7.2792,8.8844,6.8539,6.5412,1.6676,1.6561,1.6392,0.4638,0.3416,0.3183
2523,2,28,93.4515,89.7932,76.7689,0.0000,0.0000,0.0000,0.0254,0.0245,0.0212,8.7652,7.8242,6.7337,6.6944,7.7736,6.2078,1.7243,1.7123,1.6931,0.2789,0.3924,0.2985
2523,2,29,102.4073,95.3021,90.1664,0.0000,0.0000,0.0000,0.0310,0.0284,0.0258,7.6018,7.0299,6.2649,7.5305,6.5414,7.1659,1.7729,1.7610,1.7427,0.4042,0.3273,0.4203
2523,2,30,111.9922,102.4624,95.7457,0.0000,0.0000,0.0000,0.0358,0.0321,0.0294,6.7499,6.3357,5.8801,8.7028,7.3593,6.5652,1.6762,1.6669,1.6506,0.7227,0.5328,0.4496
2523,2,31,128.6642,110.4677,101.7013,0.0000,0.0000,0.0000,0.0428,0.0371,0.0336,6.0356,5.7864,5.4407,8.9075,7.8517,6.8618,1.3340,1.3280,1.3131,0.7749,0.7420,0.5738
2523,2,32,113.5524,126.9940,109.4356,0.0000,0.0000,0.0000,0.0392,0.0439,0.0364,5.3757,5.3260,5.0980,6.5046,7.5539,6.6841,1.2306,1.2249,1.2134,0.5152,0.6236,0.5888
2523,2,33,148.1395,113.6193,126.1331,0.0000,0.0000,0.0000,0.0533,0.0406,0.0453,4.4531,4.6613,4.6256,7.9234,5.3689,6.1700,1.3040,1.2996,1.2896,0.7462,0.4558,0.5367
2523,2,34,133.7430,146.6946,114.5682,0.0000,0.0000,0.0000,0.0511,0.0535,0.0431,4.2197,4.4405,4.7185,5.1798,6.3597,4.4369,1.2331,1.2308,1.2200,0.5223,0.7238,0.4650
2523,2,35,93.1147,134.2576,146.3598,0.0000,0.0000,0.0000,0.0343,0.0509,0.0553,4.1748,4.4859,4.7547,3.5713,4.4803,5.3776,1.0555,1.0533,1.0443,0.4805,0.5149,0.6828
2523,2,36,92.8718,94.2770,134.8318,0.0000,0.0000,0.0000,0.0352,0.0362,0.0532,3.8700,4.1419,4.4477,3.3592,3.3254,4.1898,0.8722,0.8712,0.8645,0.4488,0.4437,0.5037
2523,2,37,107.3640,92.9509,94.5723,0.0000,0.0000,0.0000,0.0441,0.0390,0.0391,3.2635,3.4905,3.7172,4.1288,3.6030,3.5866,0.7722,0.7703,0.7648,0.5911,0.5143,0.5178
2523,2,38,100.2214,105.9670,92.2597,0.0000,0.0000,0.0000,0.0445,0.0477,0.0415,2.6380,2.7701,2.9660,3.5215,4.2076,3.6935,0.7416,0.7396,0.7346,0.5945,0.7154,0.6351
2523,2,39,78.1391,99.2908,104.5180,0.0000,0.0000,0.0000,0.0372,0.0468,0.0490,2.0560,2.1999,2.2995,3.0316,3.2418,3.7949,0.6948,0.6912,0.6869,0.5313,0.5331,0.6353
2523,2,40,85.1478,77.5673,98.5685,0.0000,0.0000,0.0000,0.0432,0.0381,0.0483,1.7308,1.7126,1.8331,2.8428,2.5658,2.8596,0.6739,0.6690,0.6650,0.3563,0.3343,0.3107
2523,2,41,89.0026,84.3452,77.0284,0.0000,0.0000,0.0000,0.0469,0.0426,0.0392,1.4557,1.4568,1.4585,2.8061,2.6289,2.3830,0.6796,0.6778,0.6735,0.2552,0.2339,0.2209
2523,2,42,104.9598,88.0775,83.5941,0.0000,0.0000,0.0000,0.0624,0.0518,0.0487,1.4896,1.4449,1.4463,2.9388,2.7375,2.5676,0.6530,0.6524,0.6463,0.1721,0.2055,0.1891
2523,2,43,88.9027,103.7556,86.9431,0.0000,0.0000,0.0000,0.0544,0.0617,0.0522,1.3598,1.4959,1.4465,2.7505,2.9897,2.8435,0.5009,0.4981,0.4942,0.1480,0.1340,0.1588
2523,2,44,73.1267,87.7604,102.5016,0.0000,0.0000,0.0000,0.0493,0.0590,0.0687,1.3527,1.4208,1.5687,2.4210,2.7312,2.9749,0.3938,0.3935,0.3894,0.1638,0.1683,0.1622
2523,2,45,76.2299,72.4536,86.8291,0.0000,0.0000,0.0000,0.0581,0.0548,0.0629,1.4689,1.4330,1.5143,2.4523,2.3129,2.6264,0.3947,0.3905,0.3853,0.1502,0.1448,0.1553
2523,2,46,67.6732,75.5638,71.8661,0.0000,0.0000,0.0000,0.0569,0.0625,0.0601,1.5065,1.4870,1.4401,2.0934,2.4117,2.2796,0.4424,0.4412,0.4374,0.1216,0.1446,0.1377
2523,2,47,83.4216,67.3681,74.9046,0.0000,0.0000,0.0000,0.0782,0.0610,0.0680,1.7082,1.5771,1.5458,2.5629,2.1649,2.4831,0.4623,0.4585,0.4595,0.1263,0.1156,0.1375
2523,2,48,77.1646,82.5808,66.8220,0.0000,0.0000,0.0000,0.0804,0.0853,0.0690,1.7736,1.6456,1.5067,2.8397,2.7353,2.3043,0.4112,0.4142,0.4138,0.1323,0.1072,0.0994
2523,2,49,84.8783,76.0081,81.3549,0.0000,0.0000,0.0000,0.1010,0.0864,0.0926,1.5257,1.5181,1.3985,2.7940,2.7859,2.7463,0.3122,0.3105,0.3078,0.1076,0.1471,0.1222
2523,2,50,104.5807,83.9498,75.0580,0.0000,0.0000,0.0000,0.1336,0.1041,0.0885,1.5764,1.4993,1.4994,2.8948,2.3727,2.3417,0.2216,0.2226,0.2204,0.2430,0.2182,0.2893
2523,2,51,88.3353,103.6391,83.3977,0.0000,0.0000,0.0000,0.1258,0.1438,0.1142,1.7169,1.7851,1.6996,2.1150,2.4102,1.9904,0.1623,0.1616,0.1598,0.3540,0.3999,0.3598
2523,2,52,87.9781,88.0915,103.1709,0.0000,0.0000,0.0000,0.1357,0.1338,0.1533,1.9614,1.9536,2.0511,1.7633,1.9134,2.1844,0.1354,0.1353,0.1329,0.2524,0.3350,0.3814
2523,2,53,95.5373,87.9291,87.8438,0.0000,0.0000,0.0000,0.1563,0.1445,0.1389,1.8106,1.9167,1.8973,2.0555,1.8318,1.9697,0.1575,0.1561,0.1538,0.2331,0.1808,0.2349
2523,2,54,103.3856,95.0537,87.7999,0.0000,0.0000,0.0000,0.1956,0.1738,0.1593,1.8744,1.7522,1.8442,2.4073,2.1879,1.9657,0.2103,0.2042,0.2024,0.1130,0.1015,0.0864
2523,2,55,129.6932,102.5716,94.3932,0.0000,0.0000,0.0000,0.2679,0.2072,0.1878,1.8309,1.7133,1.6173,3.0614,2.4957,2.2822,0.1894,0.1881,0.1862,0.0336,0.0271,0.0238
2523,2,56,103.0408,128.1401,101.5505,0.0000,0.0000,0.0000,0.2488,0.3041,0.2360,1.5912,1.6222,1.5063,2.5066,3.1008,2.4921,0.1967,0.1946,0.1917,0.0036,0.0042,0.0035
2523,2,57,124.7247,102.2005,126.7436,0.0000,0.0000,0.0000,0.3304,0.2622,0.3201,1.6003,1.5868,1.6069,2.7086,2.3033,2.8330,0.1883,0.1875,0.1843,0.0380,0.0632,0.0648
2523,2,58,128.6714,123.6832,101.4918,0.0000,0.0000,0.0000,0.3822,0.3644,0.2900,1.6800,1.6789,1.6587,2.5674,2.3697,2.0453,0.1363,0.1358,0.1326,0.1956,0.1270,0.1785
2523,2,59,116.0371,127.6466,122.9512,0.0000,0.0000,0.0000,0.3770,0.4049,0.3855,1.5165,1.7402,1.7508,1.9857,2.2091,2.0186,0.0912,0.0917,0.0891,0.2179,0.2502,0.1735
2523,2,60,116.8065,114.9999,126.5398,0.0000,0.0000,0.0000,0.4295,0.4177,0.4484,1.3446,1.4185,1.6313,2.0610,2.0047,2.2413,0.0841,0.0834,0.0818,0.1345,0.1298,0.1480
2523,2,61,106.2987,114.9230,113.3021,0.0000,0.0000,0.0000,0.4356,0.4704,0.4528,1.1835,1.2369,1.3056,2.4868,2.6816,2.5965,0.1187,0.1211,0.1199,0.0887,0.0959,0.0904
2523,2,62,135.6547,104.0648,112.4794,0.0000,0.0000,0.0000,0.5967,0.4504,0.4845,1.0672,1.0452,1.0975,3.8498,2.8823,3.1069,0.1503,0.1503,0.1514,0.1429,0.1008,0.1141
2523,2,63,113.4108,132.3401,101.7853,0.0000,0.0000,0.0000,0.5690,0.6618,0.4959,0.9293,0.9306,0.9080,3.0014,3.6358,2.7534,0.1486,0.1486,0.1478,0.0970,0.1207,0.0908
2523,2,64,111.3584,110.8079,129.1387,0.0000,0.0000,0.0000,0.6159,0.6016,0.6921,0.7745,0.7882,0.7940,2.8159,2.7952,3.3091,0.1066,0.1058,0.1037,0.0995,0.0950,0.1197
2523,2,65,110.4360,108.8308,108.3217,0.0000,0.0000,0.0000,0.8063,0.7854,0.7660,0.7859,0.7579,0.7723,2.5253,2.4878,2.4734,0.0597,0.0602,0.0585,0.0797,0.0789,0.0772
2523,2,66,119.2788,107.9808,106.4090,0.0000,0.0000,0.0000,0.9450,0.8456,0.8215,0.7940,0.7603,0.7353,2.5935,2.3861,2.3504,0.0487,0.0476,0.0472,0.0219,0.0349,0.0339
2523,2,67,108.5173,116.6446,105.6215,0.0000,0.0000,0.0000,0.9370,0.9939,0.8895,0.6733,0.7222,0.6852,2.2409,2.3884,2.1790,0.0364,0.0353,0.0352,0.0143,0.0082,0.0143
2523,2,68,93.0085,106.1884,114.1652,0.0000,0.0000,0.0000,0.8942,1.0068,1.0691,0.5290,0.5533,0.5896,1.6272,1.8594,1.9969,0.0150,0.0148,0.0148,0.0195,0.0289,0.0170
2523,2,69,124.6242,91.3734,104.2603,0.0000,0.0000,0.0000,1.3100,0.9438,1.0634,0.5653,0.5394,0.5635,1.5989,1.1871,1.3634,0.0029,0.0029,0.0028,0.0305,0.0484,0.0669
2523,2,70,108.8712,122.3614,89.7692,0.0000,0.0000,0.0000,1.2748,1.4093,1.0231,0.4918,0.4884,0.4664,1.2467,1.2893,0.9883,0.0000,0.0000,0.0000,0.0952,0.0460,0.0583
2523,2,71,105.7467,106.4924,119.8692,0.0000,0.0000,0.0000,1.3809,1.3723,1.5183,0.3945,0.4056,0.4039,1.1965,1.3044,1.3090,0.0000,0.0000,0.0000,0.0694,0.1075,0.0648
2523,2,72,92.0141,103.4399,104.1121,0.0000,0.0000,0.0000,1.3144,1.4670,1.4561,0.5327,0.4796,0.4902,1.1606,1.2817,1.3576,0.0040,0.0038,0.0036,0.0455,0.0424,0.0603
2523,2,73,101.0054,90.2929,101.3622,0.0000,0.0000,0.0000,1.6138,1.4190,1.5857,0.7066,0.6783,0.6058,1.0979,0.9809,1.1022,0.0184,0.0174,0.0165,0.0119,0.0111,0.0113
2523,2,74,105.0436,99.1408,88.6800,0.0000,0.0000,0.0000,1.8477,1.7209,1.5154,0.7440,0.6701,0.6352,0.8756,0.8468,0.7542,0.0349,0.0331,0.0312,0.0000,0.0000,0.0000
2523,2,75,83.2160,102.7228,96.9542,0.0000,0.0000,0.0000,1.6418,2.0077,1.8597,0.5387,0.5512,0.4950,0.7086,0.8756,0.8425,0.0215,0.0215,0.0201,0.0000,0.0000,0.0000
2523,2,76,97.2536,81.0074,99.9323,0.0000,0.0000,0.0000,2.1392,1.7574,2.1434,0.3816,0.3651,0.3713,0.9935,0.8235,1.0164,0.0061,0.0057,0.0057,0.0000,0.0000,0.0000
2523,2,77,88.2350,94.3281,78.6621,0.0000,0.0000,0.0000,2.1941,2.3175,1.9034,0.3661,0.3870,0.3759,0.9299,0.9894,0.8203,0.0000,0.0000,0.0000,0.0000,0.0000,0.0000
2523,2,78,73.6751,85.5079,91.4433,0.0000,0.0000,0.0000,2.0745,2.3806,2.5150,0.4217,0.4426,0.4721,0.6699,0.7839,0.8403,0.0000,0.0000,0.0000,0.0001,0.0002,0.0002
2523,2,79,85.8958,71.2715,82.6631,0.0000,0.0000,0.0000,2.7437,2.2365,2.5621,0.4275,0.4695,0.4882,0.7940,0.6445,0.7680,0.0000,0.0000,0.0000,0.0002,0.0001,0.0002
2583,1,0,35.5120,34.3734,33.3579,33.8157,32.6726,31.6575,0.0572,0.0547,0.0524,1.6136,1.5915,1.5695,0.8630,0.8334,0.8070,1.2202,1.2120,1.2016,0.2060,0.2021,0.1981
2583,1,1,33.9055,36.9248,35.8098,0.0000,0.0000,0.0000,0.0099,0.0107,0.0104,2.7841,2.6812,2.6416,1.6113,1.7705,1.7133,1.2402,1.2340,1.2232,0.5000,0.6935,0.6758
2583,1,2,32.9207,35.2260,37.8772,0.0000,0.0000,0.0000,0.0033,0.0039,0.0036,2.3332,2.3911,2.3036,1.4735,1.4650,1.6139,0.9284,0.9220,0.9132,0.7999,0.5380,0.6322
2583,1,3,48.9801,33.6700,36.4258,0.0000,0.0000,0.0000,0.0029,0.0019,0.0023,2.0522,1.9288,1.9761,1.9893,1.3485,1.2254,0.9034,0.8992,0.8970,1.0242,0.6493,0.4570
2583,1,4,42.4480,48.8600,34.2151,0.0000,0.0000,0.0000,0.0026,0.0029,0.0020,1.5543,1.6654,1.5748,1.3673,1.8592,1.2992,0.8086,0.8052,0.8021,0.3916,0.6593,0.4520
2583,1,5,41.9068,42.6929,48.6023,0.0000,0.0000,0.0000,0.0018,0.0020,0.0022,1.4078,1.3429,1.4202,1.5706,1.4138,1.7766,0.7268,0.7256,0.7221,0.5065,0.3204,0.5224
2583,1,6,50.8300,41.9338,42.8888,0.0000,0.0000,0.0000,0.0023,0.0019,0.0020,1.3725,1.3212,1.2656,1.5710,1.3281,1.2955,0.6704,0.6687,0.6635,0.5001,0.5071,0.3801
2583,1,7,58.6447,50.7456,42.0498,0.0000,0.0000,0.0000,0.0027,0.0023,0.0019,1.4159,1.3775,1.3294,1.5622,1.3307,1.1241,0.6750,0.6721,0.6689,0.8768,0.6968,0.6642
2583,1,8,49.9731,58.2494,50.6462,0.0000,0.0000,0.0000,0.0015,0.0018,0.0023,1.2075,1.2099,1.1873,1.1421,1.3414,1.1385,0.6892,0.6844,0.6784,0.7684,0.8988,0.7441
2583,1,9,53.6398,50.2276,58.2157,0.0000,0.0000,0.0000,0.0014,0.0015,0.0017,1.1092,1.1003,1.1023,1.2630,0.9441,1.0962,0.7211,0.7171,0.7131,0.7711,0.5868,0.6916
2583,1,10,47.5421,53.6191,50.7111,0.0000,0.0000,0.0000,0.0013,0.0014,0.0015,1.0854,1.0727,1.0638,0.9522,1.1599,0.9162,0.8147,0.8126,0.8059,0.4741,0.5887,0.4338
2583,1,11,61.0742,47.9653,53.6158,0.0000,0.0000,0.0000,0.0027,0.0020,0.0022,1.1391,1.0526,1.0447,1.3311,1.0525,1.2205,0.8543,0.8495,0.8448,0.5424,0.4476,0.5290
2583,1,12,66.6634,60.8794,48.1213,0.0000,0.0000,0.0000,0.0028,0.0027,0.0020,1.0894,1.0882,1.0146,1.5875,1.4405,1.1475,0.7406,0.7371,0.7343,0.5860,0.5343,0.4440
2583,1,13,60.8380,66.1853,60.5519,0.0000,0.0000,0.0000,0.0036,0.0037,0.0035,1.0585,1.0628,1.0586,1.4906,1.6972,1.5395,0.6921,0.6912,0.6918,0.4486,0.5158,0.4753
2583,1,14,59.0705,60.5565,65.5839,0.0000,0.0000,0.0000,0.0058,0.0045,0.0046,0.8932,0.8683,0.8781,1.8461,1.4438,1.6535,0.7028,0.6975,0.7002,0.6016,0.4035,0.4881
2583,1,15,57.4720,57.9218,60.0298,0.0000,0.0000,0.0000,0.0064,0.0063,0.0065,0.6255,0.6360,0.6169,1.2648,1.5439,1.2556,0.6669,0.6676,0.6672,0.5639,0.7676,0.5320
2583,1,16,52.4869,56.9598,56.8794,0.0000,0.0000,0.0000,0.0074,0.0080,0.0076,0.6554,0.6498,0.6575,1.1539,1.1814,1.3541,0.6789,0.6789,0.6772,0.6745,0.6255,0.8220
2583,1,17,61.2600,52.0573,56.4858,0.0000,0.0000,0.0000,0.0118,0.0101,0.0112,0.9705,0.9942,0.9835,1.7731,1.5710,1.6062,0.7353,0.7353,0.7311,0.5585,0.5334,0.5070
2583,1,18,46.4310,59.8584,51.1968,0.0000,0.0000,0.0000,0.0127,0.0180,0.0134,1.6861,1.6641,1.7226,2.5893,3.3000,2.9019,0.8783,0.8765,0.8737,0.4457,0.5124,0.4728
2583,1,19,48.9223,45.1978,57.2090,0.0000,0.0000,0.0000,0.0196,0.0181,0.0224,2.9734,3.0311,3.0026,5.3762,4.7560,6.0352,1.1334,1.1322,1.1351,0.6415,0.5208,0.6279
2583,1,20,43.0821,46.0495,43.2421,0.0000,0.0000,0.0000,0.0330,0.0343,0.0315,4.1745,4.1396,4.2259,6.5468,7.3095,6.6277,1.3203,1.3214,1.3170,0.7324,0.8742,0.7626
2583,1,21,43.8349,41.3884,43.5382,0.0000,0.0000,0.0000,0.0394,0.0357,0.0371,5.1314,4.9692,4.9567,7.7456,7.1631,7.8304,1.4856,1.4892,1.4873,0.9503,0.8969,1.0110
2583,1,22,55.6114,42.7036,40.6723,0.0000,0.0000,0.0000,0.0526,0.0405,0.0384,5.9490,5.5165,5.3821,10.7183,7.3255,6.8250,1.6239,1.6276,1.6208,1.2450,0.8800,0.8390
2583,1,23,57.1308,52.3241,42.1232,0.0000,0.0000,0.0000,0.0570,0.0510,0.0412,6.2928,5.6679,5.3682,11.6249,9.5006,6.7203,1.6351,1.6320,1.6242,1.1815,1.0947,0.8206
2583,1,24,51.1422,52.6914,49.4093,0.0000,0.0000,0.0000,0.0553,0.0536,0.0510,5.1960,5.6183,5.1739,8.5074,10.2913,8.4573,1.5036,1.4998,1.4891,1.1324,1.2567,1.1519
2583,1,25,36.7974,48.3645,48.6741,0.0000,0.0000,0.0000,0.0386,0.0536,0.0507,4.4688,4.6607,4.9975,5.4040,7.7506,9.1009,1.4724,1.4652,1.4516,0.8608,1.1997,1.3149
2583,1,26,41.4031,36.1236,45.6625,0.0000,0.0000,0.0000,0.0475,0.0401,0.0530,4.2128,4.0207,4.1783,6.2139,5.3410,7.1843,1.4893,1.4826,1.4675,1.0312,0.8777,1.1456
2583,1,27,48.2463,40.1563,35.5538,0.0000,0.0000,0.0000,0.0583,0.0464,0.0408,4.1905,4.1058,3.9352,7.1073,5.6952,5.0195,1.4531,1.4461,1.4306,1.2263,1.0190,0.8954
2583,1,28,49.3046,46.6138,39.6391,0.0000,0.0000,0.0000,0.0603,0.0559,0.0466,4.9529,4.6116,4.5093,6.6314,6.3137,5.2391,1.3980,1.3904,1.3753,1.3178,1.2338,1.0537
2583,1,29,57.1045,47.8877,45.2566,0.0000,0.0000,0.0000,0.0696,0.0569,0.0526,4.9493,4.8309,4.5295,6.7724,6.1277,5.8460,1.3749,1.3671,1.3530,1.4473,1.3711,1.2978
2583,1,30,38.6936,55.1847,46.4902,0.0000,0.0000,0.0000,0.0446,0.0671,0.0540,4.3130,4.1807,4.0925,3.8962,5.9488,5.3431,1.2788,1.2712,1.2571,0.9515,1.3813,1.2823
2583,1,31,54.3546,39.2421,53.8797,0.0000,0.0000,0.0000,0.0657,0.0451,0.0634,3.7418,3.6339,3.5134,4.5305,3.4011,4.8104,1.2751,1.2672,1.2555,1.0970,0.8789,1.1922
2583,1,32,56.7346,54.1179,39.9774,0.0000,0.0000,0.0000,0.0666,0.0635,0.0447,3.3262,3.2985,3.2182,4.5015,3.7507,2.8563,1.2701,1.2634,1.2509,1.2555,0.9856,0.7956
2583,1,33,55.9255,56.1744,54.2565,0.0000,0.0000,0.0000,0.0637,0.0639,0.0618,3.1659,3.2558,3.2246,4.1889,3.8625,3.3525,1.1621,1.1577,1.1455,1.1009,0.9915,0.8119
2583,1,34,52.8735,55.5451,56.2024,0.0000,0.0000,0.0000,0.0630,0.0648,0.0644,3.2536,3.2203,3.2944,2.7910,3.6646,3.4001,0.9808,0.9775,0.9722,0.5198,0.7966,0.7093
2583,1,35,45.3035,53.6850,55.2508,0.0000,0.0000,0.0000,0.0529,0.0625,0.0632,3.0015,3.1226,3.0796,2.0688,2.5571,3.3198,0.8323,0.8317,0.8281,0.4022,0.5164,0.7660
2583,1,36,42.7060,46.2386,54.1965,0.0000,0.0000,0.0000,0.0492,0.0545,0.0618,2.6724,2.6570,2.7460,2.0546,1.8837,2.2549,0.8264,0.8257,0.8197,0.7000,0.5928,0.7211
2583,1,37,47.9866,42.9652,46.6065,0.0000,0.0000,0.0000,0.0564,0.0498,0.0554,2.0600,2.0799,2.0780,1.9425,1.7774,1.7319,0.9778,0.9753,0.9704,1.0374,0.9568,0.8750
2583,1,38,48.5446,47.6604,42.8923,0.0000,0.0000,0.0000,0.0607,0.0582,0.0516,1.6663,1.7419,1.7645,1.9803,1.9307,1.7601,0.9955,0.9942,0.9872,1.0743,1.0740,0.9944
2583,1,39,38.5479,48.3754,47.6344,0.0000,0.0000,0.0000,0.0484,0.0599,0.0576,1.9573,1.9394,2.0308,1.5659,2.0241,1.9813,0.9100,0.9067,0.9003,0.7182,0.9226,0.9182
2583,1,40,54.8066,39.2926,48.4871,0.0000,0.0000,0.0000,0.0711,0.0499,0.0612,2.3141,2.2455,2.2257,2.2872,1.5783,1.9946,0.7546,0.7494,0.7425,0.9309,0.6203,0.7754
2583,1,41,64.1701,54.5875,39.9317,0.0000,0.0000,0.0000,0.0897,0.0731,0.0524,2.2429,2.3353,2.2725,2.6292,2.2452,1.5973,0.6657,0.6608,0.6558,1.0026,0.8950,0.6203
2583,1,42,56.5245,63.2659,54.2046,0.0000,0.0000,0.0000,0.0799,0.0897,0.0738,2.1639,2.0890,2.1633,2.1868,2.4340,2.0968,0.5427,0.5393,0.5359,0.8963,0.9871,0.8909
2583,1,43,35.5504,56.0232,62.4391,0.0000,0.0000,0.0000,0.0536,0.0845,0.0929,1.8122,1.9161,1.8564,1.2054,1.9447,2.1553,0.4943,0.4928,0.4885,0.5541,0.8625,0.9185
2583,1,44,50.5454,36.1181,55.7222,0.0000,0.0000,0.0000,0.0843,0.0602,0.0911,1.6366,1.6122,1.7129,1.5253,1.0369,1.6308,0.5848,0.5848,0.5766,1.0274,0.5804,0.8624
2583,1,45,36.2410,50.4413,36.7575,0.0000,0.0000,0.0000,0.0600,0.0845,0.0610,1.4240,1.5484,1.5102,0.8541,1.2211,0.8847,0.6342,0.6316,0.6233,0.8439,0.9366,0.5745
2583,1,46,57.9698,36.7027,50.6437,0.0000,0.0000,0.0000,0.1083,0.0658,0.0907,1.5576,1.4471,1.5749,1.0198,0.6368,0.8867,0.5519,0.5476,0.5444,1.0283,0.7729,0.8900
2583,1,47,50.4703,58.1768,37.3196,0.0000,0.0000,0.0000,0.1028,0.1167,0.0704,1.8130,1.7262,1.6338,0.7530,0.8521,0.5712,0.5600,0.5578,0.5544,1.0903,1.1199,0.8805
2583,1,48,61.0825,50.6137,58.0820,0.0000,0.0000,0.0000,0.1442,0.1150,0.1300,1.7894,1.8179,1.7498,1.0807,0.9787,1.0772,0.5968,0.5912,0.5831,1.0712,1.1981,1.2207
2583,1,49,47.2744,61.0264,50.6460,0.0000,0.0000,0.0000,0.1224,0.1594,0.1265,1.8675,1.9358,1.9569,1.2433,1.5108,1.3819,0.5925,0.5897,0.5853,0.8455,0.9126,1.0243
2583,1,50,50.1978,47.3438,60.7712,0.0000,0.0000,0.0000,0.1469,0.1335,0.1736,1.9404,1.8737,1.9537,1.4315,1.4450,1.7342,0.5868,0.5826,0.5814,0.7643,0.8414,0.8907
2583,1,51,39.5818,50.1459,47.2084,0.0000,0.0000,0.0000,0.1284,0.1624,0.1452,1.6756,1.6656,1.6113,1.0373,1.3494,1.3387,0.6159,0.6153,0.6097,0.6375,0.8349,0.9167
2583,1,52,62.3195,40.0957,50.1460,0.0000,0.0000,0.0000,0.2108,0.1319,0.1669,1.4261,1.4077,1.4032,1.4072,0.8732,1.1080,0.6450,0.6445,0.6389,1.0794,0.6259,0.7791
2583,1,53,64.4907,61.8565,40.5602,0.0000,0.0000,0.0000,0.2579,0.2399,0.1549,1.3172,1.3418,1.3098,1.2458,1.1758,0.7785,0.5620,0.5520,0.5490,0.9614,0.9059,0.5402
2583,1,54,56.6703,63.9478,61.3355,0.0000,0.0000,0.0000,0.2496,0.2789,0.2598,1.3855,1.3612,1.3821,1.0463,1.2105,1.1496,0.3961,0.3902,0.3894,0.8847,0.8748,0.8539
2583,1,55,64.1311,56.2433,63.3985,0.0000,0.0000,0.0000,0.3035,0.2594,0.2931,1.5316,1.4764,1.4611,1.3066,1.1225,1.2370,0.3270,0.3247,0.3256,1.1403,0.9308,0.8795
2583,1,56,57.8957,63.4623,55.9480,0.0000,0.0000,0.0000,0.3098,0.3344,0.2843,1.6769,1.7580,1.6490,1.0343,1.2301,1.0580,0.2846,0.2825,0.2790,0.7610,1.1649,0.9620
2583,1,57,70.3749,57.9203,62.9878,0.0000,0.0000,0.0000,0.4139,0.3305,0.3537,1.7374,1.7134,1.8047,1.2474,0.9976,1.1331,0.2392,0.2389,0.2356,0.9785,0.6518,1.0302
2583,1,58,56.1739,69.9913,58.1700,0.0000,0.0000,0.0000,0.3525,0.4317,0.3517,1.7058,1.7396,1.7224,0.9449,1.1946,0.9682,0.2576,0.2538,0.2536,0.5542,0.7706,0.4828
2583,1,59,74.4165,56.5172,69.8258,0.0000,0.0000,0.0000,0.5323,0.3932,0.4813,1.6536,1.7281,1.7762,1.2187,0.8990,1.1291,0.3038,0.3034,0.3007,0.7486,0.4580,0.6550
2583,1,60,74.0065,74.2925,57.1901,0.0000,0.0000,0.0000,0.5693,0.5665,0.4162,1.8191,1.7989,1.8741,1.0604,1.0816,0.8049,0.3881,0.3881,0.3874,0.6079,0.6180,0.4269
2583,1,61,73.2414,74.4412,74.6341,0.0000,0.0000,0.0000,0.6222,0.6290,0.6181,2.0039,2.0876,2.0746,0.9738,0.9561,0.9724,0.4442,0.4397,0.4397,0.5871,0.5659,0.5574
2583,1,62,66.0140,73.7827,75.2203,0.0000,0.0000,0.0000,0.6198,0.6662,0.6776,2.4597,2.3958,2.4698,0.7673,0.8813,0.8683,0.4421,0.4331,0.4330,0.6048,0.7096,0.6756
2583,1,63,71.0138,67.3763,74.5936,0.0000,0.0000,0.0000,0.7375,0.6819,0.7301,2.6482,2.9819,2.8806,0.7624,0.7518,0.8632,0.4521,0.4520,0.4520,0.6880,0.7552,0.9032
2583,1,64,64.2380,72.2558,68.9805,0.0000,0.0000,0.0000,0.7377,0.8143,0.7577,2.9965,3.0504,3.4131,0.7846,0.8470,0.8309,0.4366,0.4362,0.4313,0.7782,0.7112,0.7824
2583,1,65,73.1869,65.7945,73.7634,0.0000,0.0000,0.0000,0.7732,0.6687,0.7384,3.3658,3.2870,3.3627,1.0669,0.9310,1.0213,0.4185,0.4140,0.4087,0.8445,0.6458,0.6217
2583,1,66,80.0270,74.4730,67.4420,0.0000,0.0000,0.0000,0.9436,0.8435,0.7413,3.4638,3.6526,3.5657,1.2509,1.1722,1.0423,0.4472,0.4352,0.4409,0.7379,0.8392,0.6500
2583,1,67,80.7115,80.9184,75.5769,0.0000,0.0000,0.0000,1.0433,1.0144,0.9234,3.3365,3.4349,3.6315,1.2977,1.3045,1.2323,0.4903,0.4823,0.4964,0.7983,0.8005,0.9101
2583,1,68,83.7290,80.7085,81.0540,0.0000,0.0000,0.0000,1.1740,1.0955,1.0799,3.1579,3.0054,3.1014,1.5315,1.4479,1.4592,0.4612,0.4602,0.4592,1.2154,0.9429,0.9987
2583,1,69,101.3141,82.9064,80.0902,0.0000,0.0000,0.0000,1.6104,1.2719,1.1864,2.5629,2.6524,2.4874,1.7845,1.4685,1.3827,0.3613,0.3526,0.3515,1.1650,1.1052,0.8880
2583,1,70,80.1932,99.7220,82.0630,0.0000,0.0000,0.0000,1.4069,1.7163,1.3833,1.9789,2.1114,2.1689,1.1765,1.5273,1.2702,0.2908,0.2887,0.2802,0.5152,0.7082,0.6524
2583,1,71,77.8901,79.2405,98.0788,0.0000,0.0000,0.0000,1.5176,1.4794,1.7857,1.6495,1.6768,1.7749,1.0312,1.0380,1.3037,0.2767,0.2688,0.2676,0.4743,0.4078,0.5594
2583,1,72,75.7241,76.5796,78.0659,0.0000,0.0000,0.0000,1.6199,1.6053,1.5785,1.4018,1.3846,1.4175,0.8945,0.9067,0.9329,0.2429,0.2427,0.2425,0.4711,0.4134,0.3449
2583,1,73,77.5057,74.3772,75.0693,0.0000,0.0000,0.0000,1.8131,1.7149,1.6815,1.4274,1.4038,1.3446,0.9142,0.8789,0.8876,0.1584,0.1650,0.1650,0.4375,0.4730,0.4084
2583,1,74,90.1961,75.6403,72.6650,0.0000,0.0000,0.0000,2.4451,1.9980,1.8567,1.4791,1.4895,1.4810,1.2395,1.0168,0.9839,0.1190,0.1190,0.1190,0.6724,0.5339,0.5900
2583,1,75,81.0122,86.9778,73.3042,0.0000,0.0000,0.0000,2.4794,2.5507,2.0930,1.4366,1.4526,1.4572,1.2980,1.3916,1.1638,0.0839,0.0839,0.0795,0.7094,0.7921,0.6297
2583,1,76,84.6549,77.9571,83.6804,0.0000,0.0000,0.0000,2.8589,2.6113,2.7162,1.4529,1.4440,1.4635,1.5013,1.3604,1.4651,0.0788,0.0788,0.0788,0.5133,0.6044,0.6899
2583,1,77,62.4221,81.2828,74.8601,0.0000,0.0000,0.0000,2.4197,3.0495,2.7695,1.1515,1.4014,1.3757,1.0217,1.3273,1.2326,0.0690,0.0690,0.0690,0.3571,0.4652,0.5373
2583,1,78,56.2984,59.6352,77.6728,0.0000,0.0000,0.0000,2.4843,2.5569,3.2366,0.9138,0.9015,1.0681,0.7238,0.7618,0.9886,0.0289,0.0289,0.0289,0.4229,0.3866,0.4748
2583,1,79,52.0843,53.2963,56.5304,0.0000,0.0000,0.0000,2.5955,2.5757,2.6852,0.5988,0.5732,0.5721,0.5497,0.5479,0.5898,0.0056,0.0056,0.0056,0.3608,0.4447,0.3991
2583,2,0,32.5420,31.4838,30.5383,31.9607,30.8803,29.9207,0.0519,0.0496,0.0480,0.9709,0.9564,0.9421,0.9955,0.9614,0.9309,0.7169,0.7169,0.7128,0.0598,0.0586,0.0574
2583,2,1,40.7577,33.2063,32.1707,0.0000,0.0000,0.0000,0.0123,0.0099,0.0097,1.9345,1.8819,1.8549,2.2674,1.6629,1.6107,0.8275,0.8247,0.8168,0.6840,0.3504,0.3436
2583,2,2,38.2118,40.7346,33.8312,0.0000,0.0000,0.0000,0.0038,0.0041,0.0035,1.7712,1.7818,1.7344,1.6956,1.8026,1.3649,0.7366,0.7327,0.7258,0.6121,0.6695,0.4417
2583,2,3,38.9544,38.4430,40.8503,0.0000,0.0000,0.0000,0.0028,0.0026,0.0027,1.6280,1.5815,1.5726,1.2024,1.4362,1.5083,0.8833,0.8783,0.8718,0.3721,0.7428,0.7536
2583,2,4,38.1354,39.5636,38.6095,0.0000,0.0000,0.0000,0.0025,0.0028,0.0026,1.4540,1.4708,1.4355,1.3470,1.2582,1.3737,0.9119,0.9091,0.9049,0.6806,0.4989,0.7476
2583,2,5,41.7156,38.3018,39.9254,0.0000,0.0000,0.0000,0.0019,0.0019,0.0021,1.3829,1.3654,1.3584,1.6195,1.3456,1.3115,0.8713,0.8685,0.8615,0.7589,0.5954,0.5092
2583,2,6,42.7602,41.3828,38.3887,0.0000,0.0000,0.0000,0.0020,0.0019,0.0019,1.3193,1.2750,1.2819,1.6021,1.6084,1.3745,0.8118,0.8077,0.8049,0.6453,0.6450,0.5316
2583,2,7,46.0388,42.7649,41.2786,0.0000,0.0000,0.0000,0.0023,0.0020,0.0013,1.3292,1.3418,1.2908,1.4473,1.4200,1.4278,0.7524,0.7483,0.7457,0.5509,0.5621,0.5649
2583,2,8,54.4351,46.2253,42.9314,0.0000,0.0000,0.0000,0.0016,0.0015,0.0013,1.3586,1.2993,1.3049,1.6452,1.1151,1.1075,0.6463,0.6452,0.6428,0.7564,0.5862,0.5775
2583,2,9,51.8829,54.0909,46.4641,0.0000,0.0000,0.0000,0.0016,0.0016,0.0015,1.0870,1.0949,1.0480,1.0467,1.1624,0.7754,0.5952,0.5931,0.5887,0.6585,0.7091,0.5674
2583,2,10,50.0538,51.7380,53.7604,0.0000,0.0000,0.0000,0.0016,0.0016,0.0016,0.8391,0.8262,0.8239,0.8339,0.8497,0.9228,0.5413,0.5392,0.5351,0.5736,0.5826,0.6320
2583,2,11,60.5874,49.9569,51.4949,0.0000,0.0000,0.0000,0.0029,0.0023,0.0025,0.7922,0.7934,0.7873,1.0808,0.8845,0.9037,0.5356,0.5371,0.5333,0.7300,0.5980,0.5931
2583,2,12,54.4198,60.0659,49.8027,0.0000,0.0000,0.0000,0.0022,0.0029,0.0023,0.8836,0.8668,0.8665,1.1814,1.2675,1.0450,0.5572,0.5568,0.5546,0.7815,0.6997,0.5630
2583,2,13,44.8418,53.7968,59.4580,0.0000,0.0000,0.0000,0.0020,0.0030,0.0028,0.9501,0.9632,0.9485,1.0271,1.2493,1.3653,0.5860,0.5836,0.5804,0.6884,0.8583,0.7778
2583,2,14,63.8769,44.5772,53.0610,0.0000,0.0000,0.0000,0.0038,0.0027,0.0030,1.0032,1.0210,1.0306,1.5532,1.0442,1.2860,0.5974,0.5936,0.5931,1.2116,0.8421,1.0195
2583,2,15,41.3437,62.5629,44.1221,0.0000,0.0000,0.0000,0.0028,0.0047,0.0034,0.9551,0.9751,0.9944,1.1348,1.6308,1.0988,0.4930,0.4928,0.4895,0.9156,1.1352,0.8216
2583,2,16,55.9346,40.7124,61.2868,0.0000,0.0000,0.0000,0.0067,0.0048,0.0072,0.9559,0.9146,0.9340,1.5535,1.2019,1.7326,0.3474,0.3463,0.3463,0.6736,0.6293,0.7745
2583,2,17,58.8388,54.7036,40.0502,0.0000,0.0000,0.0000,0.0083,0.0074,0.0053,1.1419,1.1369,1.0950,2.1299,2.0178,1.5226,0.2918,0.2910,0.2894,0.4578,0.5004,0.4626
2583,2,18,36.6351,55.6126,51.6949,0.0000,0.0000,0.0000,0.0060,0.0091,0.0081,1.8735,1.8460,1.8519,3.1524,4.8755,4.5440,0.4659,0.4630,0.4632,0.4963,0.6463,0.6775
2583,2,19,49.6029,33.3060,48.6993,0.0000,0.0000,0.0000,0.0096,0.0062,0.0096,3.0676,3.0514,2.9909,9.5619,6.1744,9.3843,0.8661,0.8648,0.8615,1.6331,1.0219,1.3755
2583,2,20,30.9155,41.7666,29.7398,0.0000,0.0000,0.0000,0.0077,0.0101,0.0070,3.7513,3.9657,3.9591,7.7786,10.9888,7.3995,1.1749,1.1739,1.1730,1.2274,1.8743,1.2480
2583,2,21,34.3375,28.4034,36.5168,0.0000,0.0000,0.0000,0.0092,0.0074,0.0093,4.0017,4.0091,4.1962,8.4648,6.7078,9.0638,1.2982,1.2980,1.2943,1.5781,1.1078,1.5788
2583,2,22,35.8320,31.8344,27.4062,0.0000,0.0000,0.0000,0.0101,0.0081,0.0067,4.0796,4.0681,4.1154,7.3594,6.5326,5.3784,1.2573,1.2588,1.2592,1.1641,1.3386,0.9919
2583,2,23,23.9518,33.6310,30.0936,0.0000,0.0000,0.0000,0.0060,0.0092,0.0076,4.1022,4.1415,4.1419,4.2507,6.2776,5.6696,0.9981,0.9981,0.9937,0.9058,1.0864,1.2374
2583,2,24,25.8269,24.3495,32.4318,0.0000,0.0000,0.0000,0.0063,0.0060,0.0086,4.2527,4.2988,4.3636,4.4317,4.0502,5.6058,0.9411,0.9372,0.9307,0.9266,0.7905,0.9194
2583,2,25,28.5759,25.9296,24.8455,0.0000,0.0000,0.0000,0.0083,0.0075,0.0072,4.2628,4.1673,4.2159,4.8487,4.3097,4.0568,1.0588,1.0539,1.0445,0.9156,0.7827,0.6955
2583,2,26,28.0602,28.2993,26.0359,0.0000,0.0000,0.0000,0.0086,0.0081,0.0075,3.8285,3.7582,3.6724,4.2411,4.3052,3.9115,1.1141,1.1066,1.0978,0.6773,0.8153,0.7073
2583,2,27,34.2730,28.1537,28.1214,0.0000,0.0000,0.0000,0.0102,0.0084,0.0079,3.5273,3.2308,3.1691,4.4877,3.5892,3.6300,1.0992,1.0916,1.0807,0.9165,0.6445,0.7554
2583,2,28,24.6730,33.4703,28.0135,0.0000,0.0000,0.0000,0.0078,0.0112,0.0094,2.7889,2.6770,2.4694,2.5491,3.6489,2.9743,1.0832,1.0756,1.0642,0.6273,0.8978,0.6708
2583,2,29,45.1352,25.1482,32.7910,0.0000,0.0000,0.0000,0.0172,0.0088,0.0115,2.4728,2.3686,2.2623,4.3417,2.2994,3.1218,1.0827,1.0756,1.0652,1.0549,0.6417,0.8582
2583,2,30,42.2247,43.9645,25.9148,0.0000,0.0000,0.0000,0.0166,0.0171,0.0093,2.6773,2.5914,2.4829,3.6474,3.8255,2.1282,1.0938,1.0876,1.0789,0.8933,0.9899,0.6400
2583,2,31,49.6376,42.4834,43.9161,0.0000,0.0000,0.0000,0.0196,0.0170,0.0173,2.9415,2.8556,2.7670,3.3698,2.8428,2.9624,1.0397,1.0358,1.0251,0.9671,0.7692,0.8320
2583,2,32,39.0191,49.9844,43.2812,0.0000,0.0000,0.0000,0.0152,0.0202,0.0169,2.7699,2.7924,2.7093,2.0176,2.5708,2.1703,0.9994,0.9955,0.9879,0.7298,0.8538,0.6965
2583,2,33,35.7451,39.4415,49.8179,0.0000,0.0000,0.0000,0.0146,0.0162,0.0212,2.2544,2.2507,2.2628,1.8238,2.0353,2.5043,0.8883,0.8867,0.8820,0.5944,0.6548,0.7763
2583,2,34,41.9730,36.0548,39.4705,0.0000,0.0000,0.0000,0.0188,0.0155,0.0176,1.9590,1.9770,1.9731,2.1161,1.8392,2.0263,0.7308,0.7296,0.7244,0.6048,0.5501,0.6037
2583,2,35,32.4494,42.0345,36.3974,0.0000,0.0000,0.0000,0.0141,0.0188,0.0161,1.8820,1.8879,1.9023,1.4685,1.8098,1.5847,0.6610,0.6597,0.6550,0.5971,0.6674,0.6063
2583,2,36,37.2324,32.9731,42.1871,0.0000,0.0000,0.0000,0.0168,0.0147,0.0194,1.8025,1.8711,1.8918,1.5487,1.3778,1.7118,0.7431,0.7423,0.7373,0.7320,0.6748,0.7480
2583,2,37,37.2159,37.3123,33.3290,0.0000,0.0000,0.0000,0.0184,0.0188,0.0161,1.5894,1.6399,1.6959,1.5367,1.5584,1.3830,0.7828,0.7810,0.7755,0.6368,0.7483,0.6947
2583,2,38,40.6528,37.1470,37.1564,0.0000,0.0000,0.0000,0.0215,0.0201,0.0201,1.2899,1.2909,1.3295,1.7450,1.5919,1.5787,0.7539,0.7520,0.7472,0.6327,0.5279,0.6205
2583,2,39,39.7033,40.3933,37.0943,0.0000,0.0000,0.0000,0.0229,0.0227,0.0208,1.0378,1.0959,1.0885,1.5886,1.6125,1.4875,0.7097,0.7054,0.7016,0.4255,0.4355,0.3567
2583,2,40,46.6871,39.7032,40.4270,0.0000,0.0000,0.0000,0.0276,0.0235,0.0233,1.0121,0.9880,1.0410,1.3451,1.2128,1.2318,0.6247,0.6199,0.6159,0.5704,0.3620,0.3747
2583,2,41,48.8634,46.6435,39.9308,0.0000,0.0000,0.0000,0.0296,0.0273,0.0241,1.0402,1.0291,1.0254,1.0041,0.9791,0.8806,0.5100,0.5084,0.5050,0.6253,0.5502,0.3805
2583,2,42,47.8892,48.6341,46.5201,0.0000,0.0000,0.0000,0.0333,0.0338,0.0318,0.9811,0.9669,0.9709,0.8323,0.8450,0.8084,0.3724,0.3718,0.3678,0.5950,0.6598,0.5881
2583,2,43,43.7838,47.5294,48.1223,0.0000,0.0000,0.0000,0.0316,0.0331,0.0350,0.9309,0.9611,0.9488,0.7863,0.8815,0.9306,0.2873,0.2847,0.2815,0.6120,0.6817,0.7563
2583,2,44,41.8027,43.6132,47.1827,0.0000,0.0000,0.0000,0.0337,0.0349,0.0374,1.0956,1.1258,1.1683,0.9424,0.9467,1.0714,0.3708,0.3692,0.3649,0.7051,0.6863,0.7658
2583,2,45,45.9838,41.9215,43.7199,0.0000,0.0000,0.0000,0.0414,0.0374,0.0370,1.2374,1.2004,1.2241,1.1546,1.0311,1.0495,0.5990,0.5905,0.5808,0.6895,0.6237,0.6245
2583,2,46,44.0986,45.9899,42.0375,0.0000,0.0000,0.0000,0.0436,0.0448,0.0417,1.1020,1.0857,1.0515,1.0806,1.1350,1.0314,0.7051,0.7002,0.6920,0.5848,0.6322,0.5726
2583,2,47,35.5339,44.2511,46.0631,0.0000,0.0000,0.0000,0.0391,0.0470,0.0494,1.0541,1.0211,1.0020,0.7847,0.9720,1.0023,0.6613,0.6542,0.6529,0.3756,0.5106,0.5636
2583,2,48,53.6520,35.7871,44.1067,0.0000,0.0000,0.0000,0.0676,0.0437,0.0548,0.9999,0.9745,0.9407,1.3534,0.8907,1.0886,0.5141,0.5163,0.5129,0.4725,0.3275,0.4686
2583,2,49,50.2847,52.8762,35.6510,0.0000,0.0000,0.0000,0.0714,0.0726,0.0478,0.9025,0.9158,0.8918,1.4548,1.5464,1.0309,0.3732,0.3707,0.3673,0.5241,0.4780,0.3422
2583,2,50,43.7732,49.7399,52.2819,0.0000,0.0000,0.0000,0.0659,0.0725,0.0740,1.1207,1.0898,1.1122,1.3231,1.5025,1.5858,0.2992,0.3019,0.2990,0.3034,0.4224,0.3962
2583,2,51,46.9520,43.9188,49.5924,0.0000,0.0000,0.0000,0.0796,0.0722,0.0805,1.3588,1.4373,1.3921,1.3968,1.3022,1.4715,0.2700,0.2700,0.2673,0.2531,0.2463,0.3293
2583,2,52,48.4010,47.3583,44.5304,0.0000,0.0000,0.0000,0.0858,0.0840,0.0767,1.6908,1.6358,1.7417,1.2898,1.2607,1.1788,0.2634,0.2648,0.2605,0.2375,0.2039,0.2011
2583,2,53,54.2712,48.9874,47.9140,0.0000,0.0000,0.0000,0.1028,0.0915,0.0881,1.7619,1.8369,1.7644,1.3557,1.2155,1.1927,0.2774,0.2724,0.2707,0.3316,0.2813,0.2524
2583,2,54,60.8702,54.3755,49.3857,0.0000,0.0000,0.0000,0.1304,0.1158,0.1028,1.7312,1.6754,1.7401,1.4145,1.3247,1.1956,0.3014,0.2994,0.3034,0.6763,0.4699,0.4149
2583,2,55,69.3529,60.4588,54.1996,0.0000,0.0000,0.0000,0.1634,0.1393,0.1242,1.6399,1.5871,1.5364,1.6777,1.3654,1.3283,0.2472,0.2509,0.2528,0.7606,0.8031,0.5658
2583,2,56,50.0755,68.9302,60.2192,0.0000,0.0000,0.0000,0.1370,0.1863,0.1588,1.6743,1.7563,1.6983,1.0343,1.4836,1.2011,0.2217,0.2217,0.2198,0.6765,0.8161,0.8569
2583,2,57,51.3269,50.4167,68.8349,0.0000,0.0000,0.0000,0.1498,0.1461,0.1974,1.6958,1.7076,1.7962,0.9233,0.9094,1.2808,0.2914,0.2887,0.2860,0.6402,0.6318,0.7808
2583,2,58,64.8064,51.5832,50.7214,0.0000,0.0000,0.0000,0.2147,0.1666,0.1629,1.6732,1.6303,1.6267,1.2159,0.9503,0.9326,0.2876,0.2847,0.2788,0.7612,0.5782,0.5386
2583,2,59,59.9771,64.6321,51.8249,0.0000,0.0000,0.0000,0.2177,0.2276,0.1801,1.5719,1.6530,1.6165,1.0945,1.2346,0.9494,0.1840,0.1862,0.1818,0.4944,0.5960,0.4556
2583,2,60,51.5919,60.4975,65.0835,0.0000,0.0000,0.0000,0.1947,0.2448,0.2493,1.7890,1.7956,1.8850,0.7793,0.8820,0.9645,0.1594,0.1574,0.1552,0.4140,0.3344,0.4162
2583,2,61,85.5620,52.9203,61.7998,0.0000,0.0000,0.0000,0.3830,0.2245,0.2702,2.2287,2.3289,2.3485,0.9829,0.6039,0.6924,0.2140,0.2194,0.2167,0.5419,0.4204,0.3307
2583,2,62,76.4075,86.5862,54.6551,0.0000,0.0000,0.0000,0.3530,0.3994,0.2410,2.9400,2.7704,2.8993,0.8786,0.9783,0.6538,0.2729,0.2729,0.2763,0.6541,0.6742,0.5647
2583,2,63,74.1119,77.5969,87.3536,0.0000,0.0000,0.0000,0.4053,0.4117,0.4574,3.0331,3.1785,2.9971,0.9653,1.0545,1.1644,0.2488,0.2488,0.2453,0.7679,0.8374,0.8872
2583,2,64,75.3980,74.7489,78.3178,0.0000,0.0000,0.0000,0.4503,0.4449,0.4541,2.8215,3.0403,3.1774,1.3005,1.2825,1.3535,0.3010,0.2966,0.2958,1.0045,0.9295,1.0004
2583,2,65,70.3613,75.5757,75.1120,0.0000,0.0000,0.0000,0.4728,0.5075,0.4980,2.8174,2.7930,2.9882,1.4940,1.6381,1.6324,0.3959,0.4021,0.3943,0.8675,0.8818,0.8613
2583,2,66,82.0073,70.8382,75.8479,0.0000,0.0000,0.0000,0.6037,0.5097,0.5401,2.6862,2.7137,2.6845,1.7076,1.4416,1.5882,0.4129,0.4104,0.4038,0.7501,0.6884,0.6831
2583,2,67,70.4735,82.1114,71.3238,0.0000,0.0000,0.0000,0.5674,0.6531,0.5654,2.4357,2.4832,2.5080,1.2691,1.4927,1.2849,0.3050,0.2974,0.3020,0.4446,0.5204,0.4730
2583,2,68,63.1737,70.4917,81.7763,0.0000,0.0000,0.0000,0.5844,0.6318,0.7292,1.9817,2.0684,2.1123,1.0985,1.2344,1.4267,0.2218,0.2214,0.2214,0.3580,0.4185,0.5004
2583,2,69,75.0887,62.7634,69.9053,0.0000,0.0000,0.0000,0.7610,0.6304,0.6914,1.6481,1.6728,1.7309,1.4055,1.1809,1.3135,0.1569,0.1569,0.1523,0.5620,0.4241,0.4786
2583,2,70,75.8070,73.9974,62.0652,0.0000,0.0000,0.0000,0.8732,0.8337,0.6930,1.3633,1.3520,1.3878,1.3919,1.3014,1.1477,0.1324,0.1324,0.1324,0.4265,0.4641,0.3551
2583,2,71,81.6726,74.6928,72.9490,0.0000,0.0000,0.0000,1.0508,0.9544,0.9128,1.1923,1.2083,1.2086,1.0425,1.0825,1.0037,0.0898,0.0934,0.0934,0.5143,0.3875,0.4383
2583,2,72,81.8238,80.4348,73.7408,0.0000,0.0000,0.0000,1.1680,1.1509,1.0146,1.3605,1.2568,1.2656,0.9884,0.9002,0.8708,0.0597,0.0571,0.0597,0.4213,0.5121,0.4134
2583,2,73,87.5120,80.7068,79.0763,0.0000,0.0000,0.0000,1.4190,1.2610,1.2582,1.4431,1.5037,1.3518,1.0560,0.9610,0.9618,0.0601,0.0601,0.0601,0.5779,0.4532,0.5841
2583,2,74,75.2157,85.3760,78.9545,0.0000,0.0000,0.0000,1.3553,1.5346,1.3809,1.1560,1.1276,1.1515,0.9385,1.0911,0.9693,0.0453,0.0479,0.0479,0.6588,0.7224,0.5927
2583,2,75,82.2829,73.0436,82.9098,0.0000,0.0000,0.0000,1.7189,1.4879,1.6557,0.7769,0.8237,0.8133,0.9885,0.8567,0.9833,0.0456,0.0456,0.0435,0.8310,0.6809,0.7008
2583,2,76,73.6772,79.6948,70.9067,0.0000,0.0000,0.0000,1.7009,1.8288,1.5716,0.8086,0.8250,0.8637,0.8037,0.8608,0.8010,0.0302,0.0302,0.0302,0.6616,0.7728,0.6719
2583,2,77,59.9700,71.1947,77.0702,0.0000,0.0000,0.0000,1.5691,1.8497,1.9585,0.9540,1.0638,1.1138,0.8952,1.0423,1.1119,0.0410,0.0405,0.0405,0.5876,0.6892,0.7740
2583,2,78,54.1232,57.7274,68.4621,0.0000,0.0000,0.0000,1.5957,1.7173,1.9987,0.9977,1.0607,1.1653,1.0699,1.1367,1.3472,0.0598,0.0576,0.0576,0.3503,0.5222,0.6140
2583,2,79,47.9360,52.0985,55.2332,0.0000,0.0000,0.0000,1.6176,1.7123,1.8090,0.7433,0.8160,0.8285,0.9790,1.0174,1.1715,0.0577,0.0536,0.0536,0.3018,0.2894,0.4030
2584,1,0,126.2578,122.2789,118.4621,126.5779,122.5558,118.7065,0.2141,0.2053,0.1966,2.1578,2.1049,2.0559,3.2705,3.1649,3.0636,1.0960,1.0808,1.0540,0.0766,0.0753,0.0738
2584,1,1,127.1680,124.9686,121.0780,0.0000,0.0000,0.0000,0.0394,0.0390,0.0382,3.8763,3.7234,3.6321,5.9656,6.1846,5.9977,1.6804,1.6710,1.6540,0.4306,0.4252,0.4118
2584,1,2,125.0417,125.4670,123.0946,0.0000,0.0000,0.0000,0.0149,0.0151,0.0128,2.9900,3.0730,2.9524,7.0309,5.9898,5.9909,1.7046,1.6928,1.6766,0.5695,0.5019,0.4818
2584,1,3,131.5624,122.4268,123.5154,0.0000,0.0000,0.0000,0.0089,0.0084,0.0085,2.6878,2.5296,2.5960,7.0758,6.1736,5.6769,1.6610,1.6539,1.6496,0.7305,0.5719,0.5332
2584,1,4,128.0519,128.8573,120.2740,0.0000,0.0000,0.0000,0.0087,0.0087,0.0082,2.3391,2.4357,2.2959,5.1983,5.9791,5.3657,1.4715,1.4651,1.4586,0.4409,0.5713,0.4841
2584,1,5,114.7235,126.3718,126.7354,0.0000,0.0000,0.0000,0.0059,0.0064,0.0064,2.4308,2.3444,2.4266,3.6903,4.8348,5.2850,1.3783,1.3762,1.3696,0.3448,0.4936,0.5576
2584,1,6,129.4392,114.2005,124.9325,0.0000,0.0000,0.0000,0.0063,0.0058,0.0063,2.4503,2.2993,2.2300,5.5545,3.6393,4.4091,1.4032,1.3997,1.3890,0.7147,0.5192,0.6024
2584,1,7,134.2361,127.6763,113.6485,0.0000,0.0000,0.0000,0.0066,0.0062,0.0058,1.9706,1.9842,1.8654,5.4627,4.4561,3.2692,1.4121,1.4079,1.4019,0.6739,0.5947,0.4956
2584,1,8,109.1328,132.3128,126.3407,0.0000,0.0000,0.0000,0.0035,0.0043,0.0061,1.5460,1.5086,1.4786,4.3675,4.3392,3.7167,1.3737,1.3674,1.3582,0.3950,0.4125,0.3685
2584,1,9,140.2207,107.7826,130.7636,0.0000,0.0000,0.0000,0.0047,0.0035,0.0043,1.3704,1.3492,1.2951,4.0563,3.6529,3.7843,1.2770,1.2763,1.2732,0.2817,0.2763,0.2781
2584,1,10,125.0071,138.9427,106.9401,0.0000,0.0000,0.0000,0.0042,0.0047,0.0035,1.5274,1.4743,1.4646,3.4445,3.5275,3.1401,1.1614,1.1631,1.1574,0.2951,0.2933,0.2765
2584,1,11,113.5985,124.3936,138.1303,0.0000,0.0000,0.0000,0.0057,0.0062,0.0070,1.6216,1.5706,1.5469,2.7762,2.9483,3.0129,1.0860,1.0821,1.0781,0.3037,0.3314,0.3365
2584,1,12,122.1660,113.5681,124.1397,0.0000,0.0000,0.0000,0.0056,0.0057,0.0062,1.9369,1.8611,1.8073,3.3655,2.5281,2.6857,0.9410,0.9364,0.9327,0.3488,0.2702,0.2986
2584,1,13,131.1555,121.6902,113.7550,0.0000,0.0000,0.0000,0.0084,0.0075,0.0076,1.9944,2.0704,2.0112,3.4217,3.0927,2.3946,0.8229,0.8205,0.8199,0.2765,0.2497,0.2093
2584,1,14,119.3316,130.3367,121.2224,0.0000,0.0000,0.0000,0.0109,0.0104,0.0094,1.9591,1.9056,1.9758,2.2243,3.3045,3.0027,0.8097,0.8021,0.8025,0.1742,0.2201,0.2005
2584,1,15,111.9265,118.9346,128.8973,0.0000,0.0000,0.0000,0.0125,0.0130,0.0139,1.4246,1.4861,1.4356,3.2258,2.5734,3.5452,0.9354,0.9350,0.9338,0.2158,0.1839,0.2348
2584,1,16,143.6865,110.5947,118.1536,0.0000,0.0000,0.0000,0.0210,0.0161,0.0170,1.3682,1.3476,1.3972,5.5135,3.6311,3.1169,1.1790,1.1790,1.1767,0.3196,0.1939,0.1520
2584,1,17,130.6057,140.9896,109.7950,0.0000,0.0000,0.0000,0.0265,0.0297,0.0231,1.9906,2.1423,2.1457,5.2964,5.7921,4.0033,1.3160,1.3160,1.3091,0.2515,0.2806,0.1765
2584,1,18,128.5244,127.8739,137.9042,0.0000,0.0000,0.0000,0.0370,0.0384,0.0379,3.4703,3.4435,3.7063,6.9400,7.1437,7.7727,1.4916,1.4884,1.4832,0.3322,0.3409,0.3638
2584,1,19,107.0024,125.6681,124.8599,0.0000,0.0000,0.0000,0.0416,0.0503,0.0477,6.0116,6.2759,6.2417,9.0425,10.1622,10.3307,1.7166,1.7144,1.7185,0.4223,0.4442,0.4616
2584,1,20,122.7680,107.3056,124.9856,0.0000,0.0000,0.0000,0.0669,0.0567,0.0661,9.5189,9.7239,10.1491,12.0973,10.8057,12.1927,2.1178,2.1147,2.1021,0.5447,0.5053,0.5515
2584,1,21,126.9401,125.2438,111.4910,0.0000,0.0000,0.0000,0.0795,0.0764,0.0648,13.4899,13.5456,13.9336,13.6214,13.1096,11.7796,2.6807,2.6741,2.6515,0.5602,0.5448,0.5084
2584,1,22,127.0712,131.9976,130.8987,0.0000,0.0000,0.0000,0.0837,0.0888,0.0873,17.4723,16.5432,16.7211,13.5940,14.4680,14.0306,3.4972,3.4816,3.4404,0.4506,0.5378,0.5153
2584,1,23,165.5293,133.7957,136.9600,0.0000,0.0000,0.0000,0.1170,0.0936,0.0977,21.6147,18.4218,17.2868,25.0300,15.4442,15.9077,4.0778,4.0524,4.0132,1.2179,0.5358,0.5834
2584,1,24,154.8474,164.6293,138.5054,0.0000,0.0000,0.0000,0.1182,0.1191,0.1018,17.6235,20.7377,17.6699,21.3317,24.7179,16.8075,4.2384,4.2186,4.1773,1.0347,1.2337,0.6450
2584,1,25,144.6536,153.4504,162.0868,0.0000,0.0000,0.0000,0.1124,0.1203,0.1207,14.5684,15.9562,18.5917,18.6181,20.6204,23.8627,4.1918,4.1677,4.1238,0.9921,1.1470,1.3693
2584,1,26,155.4790,143.1379,151.0642,0.0000,0.0000,0.0000,0.1284,0.1165,0.1237,14.5992,13.7197,15.0533,20.5626,18.2372,20.0728,4.0206,4.0007,3.9587,1.4592,1.2231,1.3577
2584,1,27,169.5254,151.8278,140.9041,0.0000,0.0000,0.0000,0.1461,0.1275,0.1185,14.9641,13.8112,13.0506,22.5691,19.6738,17.8657,4.0174,3.9984,3.9544,1.7527,1.5580,1.3704
2584,1,28,156.9105,164.8775,148.4224,0.0000,0.0000,0.0000,0.1368,0.1435,0.1289,15.3779,13.7980,12.7264,18.8118,20.6181,18.3111,4.0410,4.0173,3.9700,1.4745,1.6221,1.4721
2584,1,29,182.7055,155.5846,161.0197,0.0000,0.0000,0.0000,0.1579,0.1325,0.1359,14.0782,13.4177,12.1552,20.5492,16.8833,18.0336,3.7594,3.7386,3.6981,1.6593,1.2968,1.4068
2584,1,30,184.7872,179.1355,154.2414,0.0000,0.0000,0.0000,0.1580,0.1536,0.1281,13.1610,12.3479,11.7851,18.1145,17.8219,14.9961,3.3789,3.3597,3.3201,1.4369,1.3761,1.1087
2584,1,31,185.5563,181.8888,175.8543,0.0000,0.0000,0.0000,0.1603,0.1551,0.1475,12.3892,11.9026,11.1404,15.8357,16.3838,16.1026,3.2859,3.2629,3.2320,1.2507,1.3897,1.3631
2584,1,32,200.5848,184.5626,179.9149,0.0000,0.0000,0.0000,0.1727,0.1558,0.1499,12.0178,11.8741,11.4405,14.9624,14.4143,14.6599,3.1240,3.1054,3.0704,1.3295,1.4111,1.5175
2584,1,33,179.4746,198.6964,183.0932,0.0000,0.0000,0.0000,0.1524,0.1681,0.1521,9.7568,10.6197,10.4919,13.9320,13.4733,12.9294,2.7159,2.7014,2.6691,1.7973,1.4406,1.5309
2584,1,34,194.9851,176.7591,197.1462,0.0000,0.0000,0.0000,0.1709,0.1546,0.1698,8.7258,8.8949,9.6841,14.5231,11.8886,11.7622,2.2847,2.2719,2.2501,2.3919,1.7233,1.4137
2584,1,35,159.8184,189.9240,174.3818,0.0000,0.0000,0.0000,0.1391,0.1635,0.1498,7.0227,7.8625,8.0273,10.3715,12.6381,10.5418,1.9415,1.9303,1.9148,1.6081,2.0191,1.5172
2584,1,36,155.3062,156.6034,185.1277,0.0000,0.0000,0.0000,0.1364,0.1383,0.1569,6.4799,6.6722,7.4607,9.6616,10.1696,12.2238,1.7147,1.7086,1.6889,1.1181,1.2311,1.5079
2584,1,37,147.8936,152.3833,153.3414,0.0000,0.0000,0.0000,0.1301,0.1345,0.1359,5.7276,5.9273,6.1055,11.1092,9.4614,9.8568,1.6864,1.6787,1.6657,1.2376,0.9075,0.9882
2584,1,38,146.6098,143.5833,149.6808,0.0000,0.0000,0.0000,0.1373,0.1308,0.1365,4.8855,5.3134,5.4912,9.8967,10.1554,8.9221,1.7577,1.7534,1.7398,0.9992,1.0907,0.8427
2584,1,39,141.8555,142.8218,139.9389,0.0000,0.0000,0.0000,0.1359,0.1338,0.1276,4.6544,4.8049,5.2068,8.4182,9.0720,9.2693,1.6401,1.6331,1.6199,0.9240,1.0104,1.0735
2584,1,40,126.2132,139.2629,139.7809,0.0000,0.0000,0.0000,0.1238,0.1363,0.1332,4.5845,4.4840,4.6207,5.1437,7.3494,7.7964,1.4475,1.4378,1.4250,0.6045,1.0429,1.1235
2584,1,41,136.1976,125.7915,136.8025,0.0000,0.0000,0.0000,0.1428,0.1273,0.1381,3.5877,3.8906,3.8126,5.6808,4.8143,6.3427,1.3349,1.3259,1.3168,0.8924,0.7212,1.0917
2584,1,42,127.5246,134.6473,125.2988,0.0000,0.0000,0.0000,0.1350,0.1418,0.1274,3.5472,3.3406,3.6140,5.9520,5.0961,4.4565,1.2467,1.2400,1.2333,1.1548,0.8794,0.7571
2584,1,43,117.7289,125.6423,133.3713,0.0000,0.0000,0.0000,0.1356,0.1417,0.1471,3.0770,3.3821,3.1897,4.7614,5.4395,4.8284,1.1510,1.1477,1.1374,0.7010,0.8036,0.6280
2584,1,44,110.3483,116.7047,124.2137,0.0000,0.0000,0.0000,0.1406,0.1472,0.1509,2.7469,2.8274,3.1098,3.9067,4.3803,4.9094,1.0363,1.0363,1.0222,0.3620,0.4392,0.4898
2584,1,45,95.9460,109.9949,116.0255,0.0000,0.0000,0.0000,0.1233,0.1422,0.1459,2.5450,2.7521,2.8098,3.8989,3.4993,3.8955,0.8004,0.7978,0.7882,0.3034,0.2322,0.2767
2584,1,46,112.5622,95.2812,109.9522,0.0000,0.0000,0.0000,0.1585,0.1320,0.1509,2.6926,2.5698,2.7964,3.4437,3.4857,3.1391,0.6636,0.6590,0.6554,0.1985,0.2087,0.1686
2584,1,47,141.3971,112.1091,94.6628,0.0000,0.0000,0.0000,0.2210,0.1695,0.1399,2.8085,2.6787,2.5831,4.7147,3.5130,3.5434,0.7088,0.7069,0.7028,0.2196,0.1583,0.1657
2584,1,48,140.9011,139.5381,111.3547,0.0000,0.0000,0.0000,0.2479,0.2400,0.1862,2.7959,2.7134,2.5738,4.0985,4.7311,3.5954,0.7290,0.7255,0.7168,0.2615,0.3430,0.2555
2584,1,49,113.7207,139.4324,137.3933,0.0000,0.0000,0.0000,0.2231,0.2731,0.2619,2.4480,2.5877,2.4897,2.9137,4.0059,4.4774,0.6926,0.6903,0.6876,0.2916,0.4619,0.5960
2584,1,50,149.6048,113.1364,137.8259,0.0000,0.0000,0.0000,0.3286,0.2425,0.2912,2.3853,2.2794,2.4293,3.6369,2.8665,3.7907,0.5980,0.5953,0.5948,0.4187,0.3641,0.5554
2584,1,51,152.0535,148.2830,112.5601,0.0000,0.0000,0.0000,0.3755,0.3586,0.2596,2.0876,2.1226,2.0378,3.8631,3.3366,2.6478,0.5444,0.5438,0.5390,0.4811,0.3047,0.2697
2584,1,52,158.5970,150.4623,147.2146,0.0000,0.0000,0.0000,0.4056,0.3772,0.3657,1.8614,1.8934,1.9218,3.1840,3.4777,2.9745,0.5412,0.5403,0.5354,0.1930,0.3067,0.1967
2584,1,53,131.2473,157.3268,148.9876,0.0000,0.0000,0.0000,0.3883,0.4598,0.4325,1.5927,1.6423,1.6647,3.1715,2.7477,3.0208,0.5263,0.5170,0.5139,0.3871,0.2078,0.3080
2584,1,54,167.9380,129.3116,155.8631,0.0000,0.0000,0.0000,0.5584,0.4188,0.4992,1.4907,1.4006,1.4395,3.0867,2.9220,2.5768,0.4884,0.4810,0.4797,0.4267,0.5389,0.2940
2584,1,55,189.7853,165.6550,127.2181,0.0000,0.0000,0.0000,0.6736,0.5756,0.4359,1.7622,1.5710,1.4703,4.1450,3.3246,3.0795,0.4774,0.4738,0.4744,0.6579,0.4738,0.5839
2584,1,56,148.5282,186.8234,163.4627,0.0000,0.0000,0.0000,0.5939,0.7382,0.6299,1.8821,1.8643,1.6502,2.8445,3.9256,3.2312,0.3992,0.3959,0.3907,0.3475,0.5821,0.4206
2584,1,57,197.7680,147.2160,184.2753,0.0000,0.0000,0.0000,0.8700,0.6335,0.7784,1.9066,1.8984,1.8815,3.3298,2.6179,3.4698,0.3003,0.2991,0.2948,0.2619,0.2896,0.4875
2584,1,58,185.9470,195.6448,146.0644,0.0000,0.0000,0.0000,0.8780,0.9107,0.6642,1.8183,1.8614,1.8540,3.0104,3.0845,2.3993,0.2647,0.2607,0.2595,0.2889,0.2668,0.2409
2584,1,59,124.6960,183.4667,193.0835,0.0000,0.0000,0.0000,0.6682,0.9659,1.0043,1.4806,1.6832,1.7220,2.1387,3.1809,3.2527,0.2191,0.2177,0.2151,0.1869,0.2733,0.2631
2584,1,60,170.0489,123.0788,180.5651,0.0000,0.0000,0.0000,0.9943,0.7034,1.0023,1.2830,1.3811,1.5644,3.2363,2.3309,3.4503,0.2222,0.2222,0.2204,0.2573,0.1784,0.2741
2584,1,61,170.8102,166.9112,121.2782,0.0000,0.0000,0.0000,1.1136,1.0747,0.7575,1.0914,1.1498,1.2373,3.2233,3.2600,2.3592,0.2688,0.2647,0.2647,0.2168,0.2564,0.1827
2584,1,62,178.8570,167.3742,163.4931,0.0000,0.0000,0.0000,1.2828,1.1690,1.1281,0.8979,0.9200,0.9577,3.6850,3.1882,3.2356,0.2569,0.2538,0.2512,0.3993,0.2574,0.3138
2584,1,63,166.0751,174.4386,163.7613,0.0000,0.0000,0.0000,1.3175,1.3596,1.2458,0.9206,0.9129,0.9253,3.4007,3.7478,3.2299,0.1774,0.1754,0.1754,0.3432,0.4748,0.2480
2584,1,64,148.0382,161.8383,169.7121,0.0000,0.0000,0.0000,1.3147,1.3974,1.4449,0.8370,0.8526,0.8987,3.2582,3.5025,3.8315,0.1171,0.1152,0.1147,0.3904,0.3533,0.5436
2584,1,65,130.3512,144.0592,157.5489,0.0000,0.0000,0.0000,1.3297,1.4365,1.5361,0.7945,0.7770,0.8008,2.8799,3.1354,3.3905,0.1205,0.1202,0.1173,0.3888,0.3461,0.3221
2584,1,66,121.8861,127.0374,140.4036,0.0000,0.0000,0.0000,1.3624,1.3867,1.5051,0.7227,0.7521,0.7361,2.3872,2.5081,2.7563,0.0951,0.0924,0.0925,0.1900,0.2850,0.2486
2584,1,67,134.5908,119.0002,124.0065,0.0000,0.0000,0.0000,1.6496,1.4345,1.4593,0.6349,0.6596,0.6772,2.4241,2.1437,2.2389,0.0942,0.0917,0.0904,0.0695,0.0738,0.1113
2584,1,68,120.1471,131.4800,116.3848,0.0000,0.0000,0.0000,1.5818,1.6862,1.4642,0.7253,0.7180,0.7436,2.0522,2.2116,1.9747,0.0918,0.0908,0.0898,0.0356,0.0254,0.0288
2584,1,69,139.4427,117.2732,128.3855,0.0000,0.0000,0.0000,2.0385,1.6743,1.7870,0.8393,0.8146,0.8044,2.4196,2.0710,2.1829,0.1169,0.1141,0.1138,0.0511,0.0550,0.0404
2584,1,70,110.1620,135.9383,114.4147,0.0000,0.0000,0.0000,1.7949,2.1612,1.7842,0.8146,0.8626,0.8238,1.9305,2.2787,1.9700,0.1550,0.1537,0.1490,0.0839,0.0747,0.0781
2584,1,71,120.7652,107.2644,132.3723,0.0000,0.0000,0.0000,2.1412,1.8618,2.2423,0.6744,0.6814,0.7106,1.8415,1.7604,2.0818,0.1702,0.1651,0.1622,0.0864,0.1190,0.1071
2584,1,72,108.9977,117.5168,104.3869,0.0000,0.0000,0.0000,2.1581,2.2656,1.9724,0.6015,0.5566,0.5679,1.5137,1.6066,1.5188,0.1441,0.1409,0.1393,0.0780,0.0651,0.0865
2584,1,73,118.5727,106.0871,114.3495,0.0000,0.0000,0.0000,2.5768,2.2502,2.3613,0.6534,0.6251,0.5803,1.5294,1.3291,1.4129,0.0766,0.0779,0.0763,0.0622,0.0475,0.0392
2584,1,74,136.7451,115.1835,103.1993,0.0000,0.0000,0.0000,3.3789,2.7838,2.4302,0.7840,0.7452,0.7148,1.6382,1.3610,1.1886,0.0247,0.0245,0.0242,0.0278,0.0224,0.0177
2584,1,75,115.3191,132.4616,111.7335,0.0000,0.0000,0.0000,3.1756,3.5576,2.9353,0.8254,0.8101,0.7654,1.3233,1.5262,1.2752,0.0000,0.0000,0.0000,0.0016,0.0021,0.0017
2584,1,76,91.7702,111.3082,127.8686,0.0000,0.0000,0.0000,2.8214,3.3665,3.7719,0.5830,0.5639,0.5551,0.9928,1.2055,1.3848,0.0000,0.0000,0.0000,0.0000,0.0000,0.0000
2584,1,77,99.8969,88.2580,107.0222,0.0000,0.0000,0.0000,3.5230,3.0261,3.6064,0.3526,0.3549,0.3404,0.9373,0.8449,1.0218,0.0024,0.0024,0.0024,0.0000,0.0000,0.0000
2584,1,78,92.8912,95.7839,84.7366,0.0000,0.0000,0.0000,3.7151,3.7448,3.2285,0.3367,0.3521,0.3545,0.7448,0.7306,0.6623,0.0142,0.0142,0.0142,0.0000,0.0000,0.0000
2584,1,79,100.1630,88.7719,91.6381,0.0000,0.0000,0.0000,4.5014,3.8849,3.9327,0.3083,0.3434,0.3621,0.6702,0.6131,0.6048,0.0321,0.0318,0.0318,0.0000,0.0000,0.0000
2584,2,0,118.9925,115.2429,111.6370,119.6343,115.8330,112.1941,0.1944,0.1860,0.1799,1.8992,1.8504,1.8050,3.5761,3.4606,3.3498,1.2913,1.2705,1.2332,0.0774,0.0760,0.0744
2584,2,1,108.1718,116.2126,112.5954,0.0000,0.0000,0.0000,0.0355,0.0368,0.0360,3.6438,3.4980,3.4123,6.7932,7.5493,7.3177,1.6854,1.6680,1.6522,0.2723,0.3535,0.3463
2584,2,2,110.8575,106.4147,113.8093,0.0000,0.0000,0.0000,0.0122,0.0116,0.0126,2.9836,3.0745,2.9579,7.3816,6.1686,6.6742,1.6831,1.6714,1.6497,0.4122,0.2624,0.3051
2584,2,3,106.0106,109.2590,105.5472,0.0000,0.0000,0.0000,0.0075,0.0079,0.0076,2.7977,2.7092,2.7934,6.9512,5.5787,4.9864,1.6457,1.6369,1.6244,0.5607,0.3114,0.2330
2584,2,4,118.8217,104.3206,108.1521,0.0000,0.0000,0.0000,0.0084,0.0074,0.0078,2.6484,2.5454,2.4636,4.9578,5.3346,4.7513,1.4980,1.4930,1.4854,0.2154,0.3634,0.2505
2584,2,5,99.2980,117.7673,103.1606,0.0000,0.0000,0.0000,0.0052,0.0063,0.0055,2.3616,2.3871,2.2966,4.1736,4.5440,4.5393,1.4440,1.4387,1.4256,0.2251,0.2359,0.2828
2584,2,6,146.3556,98.8769,116.9581,0.0000,0.0000,0.0000,0.0076,0.0052,0.0062,2.4576,2.3005,2.3155,5.1207,3.7689,4.1793,1.4213,1.4133,1.4079,0.3200,0.2448,0.2685
2584,2,7,118.1499,144.9159,98.5416,0.0000,0.0000,0.0000,0.0063,0.0075,0.0034,2.1339,2.2036,2.0644,3.9648,4.5638,3.3404,1.2655,1.2581,1.2547,0.2316,0.2631,0.1995
2584,2,8,122.3856,117.4795,143.7439,0.0000,0.0000,0.0000,0.0043,0.0042,0.0049,2.0689,1.9636,2.0283,3.3936,3.3445,3.8589,1.0323,1.0311,1.0270,0.2429,0.2561,0.2964
2584,2,9,129.0670,121.4524,116.5210,0.0000,0.0000,0.0000,0.0045,0.0043,0.0041,1.6932,1.7327,1.6490,4.0047,3.1548,3.0916,0.8967,0.8940,0.8876,0.4153,0.3238,0.3414
2584,2,10,127.9622,127.2696,120.5318,0.0000,0.0000,0.0000,0.0044,0.0045,0.0043,1.7062,1.6463,1.6714,4.2903,3.8426,3.0835,0.8310,0.8286,0.8240,0.3872,0.3473,0.2726
2584,2,11,122.6470,126.0838,125.6309,0.0000,0.0000,0.0000,0.0063,0.0066,0.0067,1.5956,1.6042,1.5359,4.6745,4.2222,3.7981,0.8711,0.8746,0.8695,0.2267,0.2009,0.1762
2584,2,12,134.5040,120.9028,124.7048,0.0000,0.0000,0.0000,0.0069,0.0063,0.0065,1.8026,1.7228,1.7275,4.0348,4.2408,3.9046,0.8663,0.8653,0.8615,0.0979,0.1127,0.1017
2584,2,13,121.2018,133.1821,119.3857,0.0000,0.0000,0.0000,0.0060,0.0092,0.0062,1.8042,1.8084,1.7304,5.2421,3.7753,3.9170,0.8392,0.8353,0.8303,0.2301,0.1500,0.1634
2584,2,14,107.9116,118.5650,131.8229,0.0000,0.0000,0.0000,0.0077,0.0080,0.0091,1.7692,1.8031,1.8296,3.4835,4.9101,3.7375,0.8409,0.8360,0.8362,0.2265,0.3672,0.2474
2584,2,15,95.9260,107.1512,116.6713,0.0000,0.0000,0.0000,0.0089,0.0096,0.0099,1.7455,1.8157,1.8475,2.3853,3.1228,4.1249,0.8379,0.8387,0.8334,0.2193,0.2673,0.4092
2584,2,16,130.7493,95.9004,106.6190,0.0000,0.0000,0.0000,0.0157,0.0113,0.0124,1.9568,1.9029,1.9750,3.6772,2.5380,3.0938,0.8659,0.8630,0.8630,0.2673,0.1833,0.2246
2584,2,17,112.2416,129.6510,96.0738,0.0000,0.0000,0.0000,0.0160,0.0179,0.0130,2.4297,2.5467,2.5031,3.8602,4.1908,3.0070,0.9008,0.8976,0.8922,0.2174,0.2280,0.1577
2584,2,18,105.0264,111.0586,127.8682,0.0000,0.0000,0.0000,0.0171,0.0179,0.0201,4.5630,4.5542,4.7945,6.3741,6.6905,7.4459,1.1790,1.1723,1.1730,0.2455,0.2239,0.2132
2584,2,19,115.4237,103.2434,108.7552,0.0000,0.0000,0.0000,0.0217,0.0189,0.0198,8.2957,8.4173,8.3931,13.4212,11.7883,12.4197,1.9978,1.9930,1.9830,0.3089,0.3018,0.2920
2584,2,20,100.1778,111.2338,101.2563,0.0000,0.0000,0.0000,0.0216,0.0234,0.0207,11.0581,11.9935,12.1952,17.0875,18.3423,16.3760,2.6847,2.6761,2.6675,0.4360,0.3641,0.3547
2584,2,21,110.4497,97.1846,107.6635,0.0000,0.0000,0.0000,0.0283,0.0229,0.0249,11.8084,12.3767,13.3331,20.1866,17.9401,19.3408,3.0797,3.0648,3.0366,0.4789,0.4850,0.4570
2584,2,22,83.6854,107.5417,96.6347,0.0000,0.0000,0.0000,0.0196,0.0268,0.0221,12.5106,12.6160,13.3115,14.7246,18.5001,16.6636,3.4484,3.4332,3.4095,0.5970,0.6552,0.6430
2584,2,23,93.4219,86.2402,107.2605,0.0000,0.0000,0.0000,0.0217,0.0197,0.0260,12.6306,13.1169,13.2803,15.9719,13.6064,16.6670,3.7514,3.7345,3.6976,1.0204,0.7499,0.8004
2584,2,24,97.4690,94.0631,89.1874,0.0000,0.0000,0.0000,0.0230,0.0217,0.0203,12.5205,12.6395,13.1404,14.7018,14.5770,13.0167,3.6797,3.6578,3.6190,1.0265,1.0957,0.8784
2584,2,25,107.7613,97.8758,94.6552,0.0000,0.0000,0.0000,0.0287,0.0268,0.0257,12.0282,11.7080,11.7890,17.6520,13.9959,13.8382,3.6658,3.6450,3.6072,1.3526,0.8972,0.9371
2584,2,26,110.7101,105.7012,98.3434,0.0000,0.0000,0.0000,0.0310,0.0280,0.0268,11.5758,10.8143,10.5314,15.0077,15.6683,13.0639,3.8804,3.8527,3.8200,0.8863,1.0065,0.7130
2584,2,27,129.1479,110.0528,103.8592,0.0000,0.0000,0.0000,0.0368,0.0308,0.0276,11.6089,10.0962,9.4580,15.6703,13.8505,14.1107,3.9362,3.9090,3.8688,0.8668,0.8480,0.9467
2584,2,28,138.6235,127.6166,108.9266,0.0000,0.0000,0.0000,0.0428,0.0405,0.0344,11.5538,10.2337,8.9648,17.3181,14.6072,12.8658,3.7884,3.7618,3.7200,1.2830,0.9056,0.8707
2584,2,29,131.1534,136.1865,126.1709,0.0000,0.0000,0.0000,0.0447,0.0461,0.0411,11.1021,10.3530,9.1688,14.3845,15.0703,13.1453,3.4604,3.4374,3.4021,0.9650,1.0264,0.7998
2584,2,30,144.9587,131.1179,134.9033,0.0000,0.0000,0.0000,0.0516,0.0458,0.0468,10.7533,10.1070,9.4268,13.4176,12.6910,13.1478,3.4482,3.4293,3.3955,0.8086,0.7905,0.8356
2584,2,31,159.6083,145.8916,131.9881,0.0000,0.0000,0.0000,0.0583,0.0539,0.0479,9.9332,9.5821,9.0176,11.2649,11.4347,10.8560,3.6286,3.6113,3.5700,0.6492,0.7620,0.7390
2584,2,32,144.6277,161.2513,147.0773,0.0000,0.0000,0.0000,0.0541,0.0616,0.0540,8.4152,8.3305,8.0563,10.4906,9.6035,9.6061,3.6569,3.6383,3.6012,0.9281,0.6581,0.7676
2584,2,33,168.7941,144.3853,161.5169,0.0000,0.0000,0.0000,0.0683,0.0566,0.0649,6.1533,6.6225,6.5458,9.5744,8.9298,8.5294,3.1585,3.1449,3.1166,0.9722,0.9891,0.7715
2584,2,34,149.8215,166.8151,143.3488,0.0000,0.0000,0.0000,0.0630,0.0691,0.0604,5.0991,5.3501,5.7243,9.5067,8.7703,8.1115,2.6308,2.6255,2.6001,1.4187,1.1345,1.1249
2584,2,35,135.1411,146.5718,164.2719,0.0000,0.0000,0.0000,0.0573,0.0617,0.0712,4.6167,4.9171,5.1496,8.3738,9.0612,8.7000,2.2303,2.2254,2.2042,1.2297,1.3014,1.1092
2584,2,36,148.9778,132.8411,143.9639,0.0000,0.0000,0.0000,0.0662,0.0585,0.0629,4.3938,4.6983,5.0256,8.4011,7.9530,8.5829,2.0768,2.0742,2.0549,0.9907,0.9933,1.0520
2584,2,37,150.2336,146.7175,131.2271,0.0000,0.0000,0.0000,0.0703,0.0706,0.0615,4.0698,4.3700,4.6453,7.7420,7.4348,7.0355,1.8149,1.8102,1.7960,0.9562,0.9028,0.8959
2584,2,38,105.4312,147.9128,144.8720,0.0000,0.0000,0.0000,0.0517,0.0750,0.0737,3.5361,3.7406,4.0485,4.9494,6.7356,6.4820,1.5730,1.5687,1.5579,0.6893,0.8990,0.8683
2584,2,39,121.8574,104.5761,145.5069,0.0000,0.0000,0.0000,0.0657,0.0547,0.0769,2.8355,3.0252,3.1945,5.5688,4.6354,6.2163,1.3955,1.3880,1.3795,0.7243,0.5898,0.7391
2584,2,40,105.2306,119.8326,103.6694,0.0000,0.0000,0.0000,0.0600,0.0671,0.0564,2.5706,2.5543,2.7219,5.0290,5.2444,4.4258,1.3985,1.3884,1.3806,0.6313,0.6380,0.5322
2584,2,41,127.2974,103.7992,118.1915,0.0000,0.0000,0.0000,0.0760,0.0591,0.0686,2.3920,2.3829,2.3779,5.4917,4.4015,4.6002,1.3900,1.3870,1.3789,0.8834,0.7020,0.6954
2584,2,42,115.0347,125.1633,102.7370,0.0000,0.0000,0.0000,0.0762,0.0831,0.0673,2.4478,2.3650,2.3696,4.6728,4.7661,3.8683,1.2938,1.2934,1.2820,0.9486,0.9062,0.7325
2584,2,43,109.5890,112.9899,122.9380,0.0000,0.0000,0.0000,0.0754,0.0748,0.0834,2.0136,2.1435,2.0652,3.7576,4.3342,4.4366,1.1418,1.1355,1.1267,0.7274,0.8980,0.8698
2584,2,44,78.6318,107.9878,110.8641,0.0000,0.0000,0.0000,0.0593,0.0817,0.0832,1.6830,1.7923,1.9149,2.6036,3.7153,4.2017,1.0542,1.0533,1.0424,0.4507,0.6517,0.7895
2584,2,45,103.2859,78.2817,106.5105,0.0000,0.0000,0.0000,0.0890,0.0667,0.0870,1.7884,1.7271,1.8425,3.8489,2.6352,3.6848,1.0130,1.0032,0.9908,0.6123,0.3879,0.5541
2584,2,46,101.8036,101.7056,77.9505,0.0000,0.0000,0.0000,0.0974,0.0952,0.0733,1.9174,1.8699,1.8020,3.6024,3.8945,2.7444,1.0059,1.0040,0.9962,0.4119,0.4955,0.3187
2584,2,47,116.3885,100.4516,100.0097,0.0000,0.0000,0.0000,0.1239,0.1039,0.1027,2.0359,1.8774,1.8275,4.1725,3.7630,4.0365,0.9433,0.9353,0.9363,0.3104,0.2954,0.3503
2584,2,48,118.3079,114.8058,99.1163,0.0000,0.0000,0.0000,0.1401,0.1341,0.1156,2.2660,2.1099,1.9571,4.4345,4.1973,3.8044,0.8225,0.8277,0.8253,0.2245,0.2158,0.2015
2584,2,49,141.7676,116.9885,113.5621,0.0000,0.0000,0.0000,0.1900,0.1506,0.1451,2.2574,2.3268,2.1788,4.8037,3.9945,3.7866,0.7113,0.7078,0.7015,0.2751,0.2307,0.2235
2584,2,50,149.5774,140.1001,116.1145,0.0000,0.0000,0.0000,0.2146,0.1953,0.1555,2.4034,2.3058,2.3861,3.9774,4.0998,3.4412,0.6003,0.6051,0.5993,0.2973,0.3535,0.3024
2584,2,51,140.9624,148.5107,138.8069,0.0000,0.0000,0.0000,0.2262,0.2314,0.2140,2.2416,2.3440,2.2532,3.2959,3.4112,3.4875,0.4799,0.4778,0.4724,0.3003,0.3241,0.4019
2584,2,52,143.6898,139.8377,147.3303,0.0000,0.0000,0.0000,0.2497,0.2412,0.2477,2.0634,2.0825,2.1743,3.3733,3.2501,3.3835,0.4382,0.4383,0.4306,0.2529,0.2159,0.2349
2584,2,53,134.3140,142.0250,138.3293,0.0000,0.0000,0.0000,0.2475,0.2634,0.2490,1.7073,1.7961,1.8177,3.4092,3.5187,3.3995,0.4242,0.4175,0.4139,0.1827,0.1630,0.1463
2584,2,54,130.6339,132.6280,140.3296,0.0000,0.0000,0.0000,0.2791,0.2734,0.2875,1.8488,1.6976,1.7767,3.1652,3.3244,3.4421,0.3616,0.3586,0.3629,0.1491,0.1803,0.1698
2584,2,55,162.1797,129.3860,131.1118,0.0000,0.0000,0.0000,0.3754,0.2944,0.2931,2.1870,1.9750,1.8157,3.7643,3.0557,3.1766,0.2949,0.2994,0.3017,0.2097,0.1854,0.2079
2584,2,56,141.6585,160.3563,128.1320,0.0000,0.0000,0.0000,0.3862,0.4260,0.3350,2.1307,2.1420,1.9322,3.1507,3.6162,2.9097,0.2528,0.2528,0.2507,0.1977,0.2276,0.2018
2584,2,57,161.9525,140.2015,158.4453,0.0000,0.0000,0.0000,0.4749,0.4069,0.4488,1.9970,1.9716,1.9762,3.5048,2.9958,3.4093,0.2155,0.2135,0.2115,0.3243,0.2509,0.2804
2584,2,58,136.4749,159.8363,138.6738,0.0000,0.0000,0.0000,0.4540,0.5220,0.4494,1.8129,1.8362,1.8065,2.7381,3.2220,2.7579,0.1873,0.1854,0.1816,0.3359,0.4190,0.3198
2584,2,59,147.8148,134.7771,157.5796,0.0000,0.0000,0.0000,0.5428,0.4803,0.5507,1.2832,1.4821,1.5015,2.7563,2.5337,2.9765,0.1395,0.1412,0.1379,0.3210,0.3181,0.3898
2584,2,60,141.4771,145.3308,132.7725,0.0000,0.0000,0.0000,0.5857,0.5976,0.5293,1.0377,1.1098,1.2927,2.8594,2.8999,2.6808,0.1282,0.1267,0.1249,0.2490,0.2387,0.2328
2584,2,61,139.0129,138.5732,142.4759,0.0000,0.0000,0.0000,0.6398,0.6373,0.6425,0.9790,1.0219,1.0903,3.3013,3.2727,3.3075,0.1695,0.1731,0.1713,0.2061,0.1987,0.1867
2584,2,62,127.9471,135.7604,135.4151,0.0000,0.0000,0.0000,0.6248,0.6574,0.6531,0.9500,0.9349,0.9809,3.5182,3.6514,3.6179,0.2583,0.2583,0.2610,0.1543,0.1450,0.1458
2584,2,63,121.1552,124.7822,132.4204,0.0000,0.0000,0.0000,0.6811,0.6935,0.7216,0.9222,0.9189,0.9024,3.2619,3.5574,3.6752,0.2705,0.2705,0.2674,0.0934,0.1348,0.1215
2584,2,64,122.2219,118.6854,122.0275,0.0000,0.0000,0.0000,0.7494,0.7195,0.7258,0.8866,0.9103,0.9008,3.0637,2.8496,3.0887,0.2914,0.2881,0.2849,0.1571,0.0918,0.1529
2584,2,65,131.2025,119.8035,116.5297,0.0000,0.0000,0.0000,1.0133,0.9148,0.8740,0.9300,0.8978,0.9148,2.7994,2.5305,2.3741,0.2863,0.2895,0.2823,0.1988,0.1685,0.1034
2584,2,66,130.6047,128.6904,117.6275,0.0000,0.0000,0.0000,1.0939,1.0648,0.9591,0.9788,0.9645,0.9345,2.3518,2.4215,2.1888,0.1982,0.1960,0.1933,0.1184,0.1885,0.1565
2584,2,67,105.0670,128.1326,126.0900,0.0000,0.0000,0.0000,0.9608,1.1562,1.1268,0.9789,1.0144,0.9968,1.9473,2.3184,2.4140,0.0844,0.0822,0.0833,0.0892,0.0915,0.1424
2584,2,68,112.7033,102.9822,125.5064,0.0000,0.0000,0.0000,1.1537,1.0374,1.2493,0.8732,0.9064,0.9468,2.0145,1.9209,2.2844,0.0495,0.0495,0.0495,0.0580,0.0818,0.0861
2584,2,69,130.9461,110.3966,100.8944,0.0000,0.0000,0.0000,1.4682,1.2188,1.0985,0.8344,0.7749,0.7993,2.3063,1.8418,1.7373,0.0505,0.0505,0.0490,0.1638,0.0739,0.1008
2584,2,70,104.8573,128.1924,108.3047,0.0000,0.0000,0.0000,1.3093,1.5759,1.3175,0.8469,0.8427,0.7845,1.5978,1.9257,1.5450,0.0569,0.0569,0.0569,0.1363,0.1518,0.0691
2584,2,71,96.2553,102.9606,125.7432,0.0000,0.0000,0.0000,1.3353,1.4098,1.6960,0.7484,0.7690,0.7666,1.1421,1.2364,1.4846,0.0511,0.0532,0.0532,0.0658,0.0737,0.0859
2584,2,72,109.7735,94.3945,100.9594,0.0000,0.0000,0.0000,1.6725,1.4276,1.5008,0.6269,0.5685,0.5817,1.1655,1.0005,1.0798,0.0364,0.0348,0.0364,0.0464,0.0382,0.0412
2584,2,73,114.2002,107.1924,92.2071,0.0000,0.0000,0.0000,1.9616,1.8062,1.5479,0.5234,0.5126,0.4553,1.3254,1.2340,1.0605,0.0146,0.0145,0.0145,0.0666,0.0609,0.0532
2584,2,74,134.1819,111.1454,104.3505,0.0000,0.0000,0.0000,2.5528,2.0856,1.9244,0.4821,0.4329,0.4131,1.6191,1.3402,1.2582,0.0039,0.0041,0.0041,0.1091,0.0731,0.0647
2584,2,75,125.2043,130.2161,107.9646,0.0000,0.0000,0.0000,2.6719,2.7548,2.2363,0.4448,0.4574,0.4033,1.5378,1.6009,1.3247,0.0121,0.0121,0.0116,0.0510,0.0643,0.0383
2584,2,76,114.4497,121.3926,126.2691,0.0000,0.0000,0.0000,2.6917,2.8368,2.9163,0.4365,0.4140,0.4330,1.3122,1.4069,1.4688,0.0234,0.0234,0.0234,0.0049,0.0108,0.0149
2584,2,77,108.5489,110.9934,117.7243,0.0000,0.0000,0.0000,2.8843,2.9084,3.0581,0.5357,0.5789,0.5676,1.1222,1.1467,1.2183,0.0264,0.0264,0.0264,0.0000,0.0000,0.0000
2584,2,78,86.3885,105.2456,107.6931,0.0000,0.0000,0.0000,2.6137,3.1294,3.1558,0.7829,0.8173,0.8663,0.8311,1.0153,1.0383,0.0291,0.0291,0.0291,0.0000,0.0000,0.0000
2584,2,79,86.2168,83.8704,102.0072,0.0000,0.0000,0.0000,2.9372,2.8205,3.3677,0.9611,1.0528,1.1006,0.8304,0.8067,0.9816,0.0131,0.0131,0.0131,0.0000,0.0000,0.0000
2580,1,80,291.3428,305.8555,279.5278,0.0000,0.0000,0.0000,13.2442,13.5785,12.1281,1.7214,1.8383,1.8785,1.9597,2.0401,1.8412,0.0038,0.0035,0.0035,0.2017,0.2077,0.1367
2580,1,81,249.8899,276.9700,291.1664,0.0000,0.0000,0.0000,12.9742,14.1608,14.5569,1.4858,1.6126,1.7258,1.5917,1.7527,1.8287,0.0276,0.0276,0.0276,0.0765,0.1136,0.0856
2580,1,82,251.9980,236.4016,262.1194,0.0000,0.0000,0.0000,14.9648,13.7018,15.0008,1.5800,1.6134,1.7480,1.6179,1.4971,1.6530,0.0564,0.0564,0.0564,0.0327,0.0167,0.0259
2580,1,83,200.8851,236.4707,222.2992,0.0000,0.0000,0.0000,13.5920,15.8485,14.5520,1.6656,1.6846,1.6654,1.2095,1.4220,1.3384,0.0524,0.0524,0.0524,0.0000,0.0000,0.0000
2580,1,84,166.3633,187.0486,220.1354,0.0000,0.0000,0.0000,13.1142,14.3611,16.7591,1.2063,1.4111,1.4402,0.8504,0.9487,1.1086,0.0741,0.0741,0.0696,0.0000,0.0000,0.0000
2580,1,85,132.3177,152.8986,172.2098,0.0000,0.0000,0.0000,12.0289,13.7901,15.1647,0.8656,0.8858,1.0032,0.5886,0.6685,0.7473,0.0681,0.0681,0.0681,0.0000,0.0000,0.0000
2580,1,86,151.9778,119.9565,138.6345,0.0000,0.0000,0.0000,16.0172,12.4174,14.2666,0.5925,0.5410,0.5499,0.6325,0.4990,0.5736,0.0176,0.0176,0.0176,0.0000,0.0000,0.0000
2580,1,87,107.7449,135.5312,107.1779,0.0000,0.0000,0.0000,13.1197,16.2756,12.6639,0.4043,0.4424,0.3932,0.5603,0.6630,0.5154,0.0209,0.0209,0.0209,0.0002,0.0002,0.0001
2580,1,88,98.9458,94.3908,118.9379,0.0000,0.0000,0.0000,13.9172,13.1109,16.3222,0.4070,0.4315,0.4645,0.5772,0.7107,0.7936,0.0318,0.0318,0.0318,0.0000,0.0002,0.0001
2580,1,89,72.4625,85.3544,81.4714,0.0000,0.0000,0.0000,11.5649,13.5185,12.7554,0.5692,0.5195,0.5817,0.5381,0.6101,0.7563,0.0110,0.0110,0.0110,0.0000,0.0000,0.0001
2580,1,90,68.2705,61.2186,72.1191,0.0000,0.0000,0.0000,12.7782,11.2838,13.2033,0.6076,0.6004,0.5906,0.5562,0.5598,0.6396,0.0024,0.0024,0.0024,0.0000,0.0000,0.0000
2580,1,91,52.5200,56.2037,50.5018,0.0000,0.0000,0.0000,11.3335,11.9734,10.5935,0.4546,0.5026,0.4515,0.6136,0.5873,0.5736,0.0001,0.0001,0.0001,0.0000,0.0000,0.0000
2580,1,92,42.2250,41.9443,44.9446,0.0000,0.0000,0.0000,10.5234,10.3809,11.0304,0.2856,0.3225,0.3372,0.5396,0.5415,0.5604,0.0000,0.0001,0.0001,0.0001,0.0000,0.0000
2580,1,93,25.5662,32.7183,32.5670,0.0000,0.0000,0.0000,7.3594,9.3733,9.2819,0.1803,0.1894,0.2028,0.2446,0.3139,0.3111,0.0000,0.0000,0.0000,0.0000,0.0000,0.0000
2580,1,94,29.2960,19.4008,24.8085,0.0000,0.0000,0.0000,9.7163,6.2580,7.9679,0.1777,0.1884,0.1925,0.1508,0.0959,0.1242,0.0000,0.0000,0.0000,0.0000,0.0000,0.0000
2580,1,95,13.3367,21.4431,14.3681,0.0000,0.0000,0.0000,4.7783,7.9109,5.1439,0.1635,0.1765,0.1751,0.0597,0.1094,0.0702,0.0000,0.0000,0.0000,0.0000,0.0000,0.0000
2580,1,96,8.4168,9.4246,14.9600,0.0000,0.0000,0.0000,3.6084,3.9676,6.4812,0.0912,0.1063,0.1170,0.0622,0.0616,0.1111,0.0000,0.0000,0.0000,0.0000,0.0000,0.0000
2580,1,97,6.7677,5.6786,6.4087,0.0000,0.0000,0.0000,3.2668,2.7429,3.0330,0.0418,0.0382,0.0404,0.0309,0.0260,0.0260,0.0000,0.0000,0.0000,0.0000,0.0000,0.0000
2580,1,98,3.2808,4.4313,3.7100,0.0000,0.0000,0.0000,1.7272,2.3507,1.9711,0.0105,0.0105,0.0107,0.0042,0.0056,0.0047,0.0000,0.0000,0.0000,0.0000,0.0000,0.0000
2580,1,99,2.5063,2.0504,2.7605,0.0000,0.0000,0.0000,1.4962,1.2312,1.6730,0.0005,0.0006,0.0006,0.0001,0.0000,0.0000,0.0000,0.0000,0.0000,0.0000,0.0000,0.0000
2580,1,100+,2.8899,3.1263,2.9857,0.0000,0.0000,0.0000,2.1111,2.2707,2.1918,0.0010,0.0010,0.0008,0.0001,0.0001,0.0001,0.0000,0.0000,0.0000,0.0000,0.0000,0.0000
2580,2,80,305.1636,337.5605,348.5277,0.0000,0.0000,0.0000,10.2365,11.1693,11.3752,2.1864,2.3648,2.4003,1.9216,2.1217,2.2209,0.1390,0.1329,0.1329,0.0694,0.0751,0.0630
2580,2,81,316.6820,294.2402,325.5365,0.0000,0.0000,0.0000,12.3114,11.1993,12.2623,1.9623,2.0548,2.2407,1.9785,1.8663,2.0622,0.1394,0.1394,0.1394,0.1094,0.0780,0.0857
2580,2,82,256.5302,302.8635,281.8458,0.0000,0.0000,0.0000,11.3226,13.2665,12.1294,1.8146,1.7853,1.8772,1.9196,2.2557,2.1195,0.1020,0.0971,0.0971,0.1630,0.1575,0.1034
2580,2,83,290.0091,243.4720,287.2909,0.0000,0.0000,0.0000,14.9179,12.3241,14.4301,1.6447,1.5679,1.5444,2.5833,2.1734,2.5544,0.0527,0.0527,0.0527,0.2212,0.1804,0.1788
2580,2,84,216.9268,273.3243,229.8029,0.0000,0.0000,0.0000,12.7410,15.9268,13.1989,1.7100,1.8191,1.7113,1.9826,2.4997,2.0986,0.0363,0.0363,0.0363,0.1002,0.1513,0.1244
2580,2,85,215.0337,203.1696,255.7577,0.0000,0.0000,0.0000,14.8854,13.8121,17.2698,1.8571,1.9116,2.0657,1.9178,1.8172,2.3069,0.0154,0.0154,0.0154,0.0522,0.0607,0.0900
2580,2,86,196.0464,198.9794,188.3115,0.0000,0.0000,0.0000,15.7382,15.8401,14.7595,1.5559,1.5855,1.6216,1.7316,1.7614,1.6790,0.0046,0.0046,0.0046,0.0620,0.0454,0.0527
2580,2,87,170.7803,179.1983,182.0025,0.0000,0.0000,0.0000,15.9201,16.4901,16.6080,1.2057,1.2082,1.2367,1.4930,1.5655,1.5920,0.0060,0.0060,0.0060,0.0237,0.0246,0.0222
2580,2,88,142.3491,153.8276,161.5699,0.0000,0.0000,0.0000,15.4636,16.6304,17.2384,0.9947,0.9674,0.9592,1.2376,1.3383,1.4041,0.0348,0.0348,0.0348,0.0007,0.0009,0.0009
2580,2,89,117.8697,126.4269,136.6091,0.0000,0.0000,0.0000,14.9863,15.8082,17.0126,0.7628,0.8473,0.8231,0.9402,1.0155,1.0831,0.0361,0.0361,0.0361,0.0000,0.0000,0.0000
2580,2,90,116.6622,102.8057,110.5405,0.0000,0.0000,0.0000,17.4346,15.1766,16.0660,0.8832,0.8142,0.9218,0.8400,0.7410,0.8004,0.0437,0.0437,0.0437,0.0000,0.0000,0.0000
2580,2,91,85.6191,99.9678,88.2432,0.0000,0.0000,0.0000,14.6988,17.0711,14.8916,0.8495,0.9564,0.8683,0.5503,0.6468,0.5680,0.0268,0.0268,0.0268,0.0003,0.0005,0.0004
2580,2,92,77.0922,71.7168,83.8138,0.0000,0.0000,0.0000,15.4183,14.1691,16.4816,0.7992,0.7118,0.8020,0.5199,0.4350,0.5181,0.0000,0.0049,0.0049,0.0120,0.0031,0.0042
2580,2,93,65.5982,62.5588,58.3175,0.0000,0.0000,0.0000,15.2971,14.4889,13.3417,0.4788,0.4685,0.4250,0.5332,0.5559,0.4707,0.0000,0.0000,0.0000,0.0065,0.0172,0.0044
2580,2,94,51.0142,51.5538,49.2237,0.0000,0.0000,0.0000,13.7745,13.8140,13.1107,0.3066,0.3162,0.2903,0.5034,0.5081,0.4847,0.0000,0.0000,0.0000,0.0088,0.0031,0.0067
2580,2,95,28.5138,39.1189,39.6306,0.0000,0.0000,0.0000,8.5380,11.8774,11.9425,0.3113,0.3243,0.3813,0.2480,0.3361,0.3438,0.0000,0.0000,0.0000,0.0000,0.0000,0.0000
2580,2,96,18.7261,21.3569,29.1992,0.0000,0.0000,0.0000,6.4730,7.3399,10.1474,0.2711,0.2788,0.3445,0.0719,0.0883,0.1180,0.0000,0.0000,0.0000,0.0000,0.0000,0.0000
2580,2,97,15.2348,13.6749,15.5766,0.0000,0.0000,0.0000,6.0061,5.2899,5.9947,0.2467,0.2451,0.2330,0.0122,0.0095,0.0117,0.0000,0.0000,0.0000,0.0000,0.0000,0.0000
2580,2,98,15.0003,10.4975,9.4615,0.0000,0.0000,0.0000,7.1196,4.8578,4.3239,0.1550,0.1195,0.1112,0.0000,0.0000,0.0000,0.0000,0.0000,0.0000,0.0000,0.0000,0.0000
2580,2,99,7.8301,9.8592,6.9856,0.0000,0.0000,0.0000,4.2051,5.1883,3.5804,0.0548,0.0695,0.0556,0.0000,0.0000,0.0000,0.0000,0.0000,0.0000,0.0000,0.0000,0.0000
2580,2,100+,8.9614,10.6860,13.0380,0.0000,0.0000,0.0000,5.1952,6.2376,7.6382,0.1578,0.1518,0.1614,0.0000,0.0000,0.0000,0.0000,0.0000,0.0000,0.0000,0.0000,0.0000
2582,1,80,127.6770,127.2224,168.1873,0.0000,0.0000,0.0000,6.1334,5.9697,7.7258,1.0089,1.0794,1.1126,1.2087,1.2274,1.4775,0.0000,0.0000,0.0000,0.0000,0.0000,0.0000
2582,1,81,91.7018,120.8970,120.6341,0.0000,0.0000,0.0000,5.0516,6.5416,6.3855,0.8463,0.9273,0.9880,1.1034,1.1705,1.2027,0.0000,0.0000,0.0000,0.0000,0.0000,0.0000
2582,1,82,89.5620,86.1663,113.8112,0.0000,0.0000,0.0000,5.6033,5.3067,6.9017,0.7283,0.7379,0.8129,0.5498,0.9932,1.0037,0.0000,0.0000,0.0000,0.0000,0.0000,0.0000
2582,1,83,75.7141,83.7718,80.4174,0.0000,0.0000,0.0000,5.4163,5.9292,5.5959,0.6763,0.6742,0.6639,0.5374,0.5265,0.8466,0.0000,0.0000,0.0000,0.0000,0.0000,0.0002
2582,1,84,65.2101,69.9088,77.4276,0.0000,0.0000,0.0000,5.4865,5.7013,6.2470,0.4564,0.5404,0.5617,0.7794,0.6387,0.6547,0.0001,0.0001,0.0001,0.0001,0.0000,0.0000
2582,1,85,55.3471,59.1840,63.6261,0.0000,0.0000,0.0000,5.3728,5.7002,5.9739,0.3285,0.3659,0.3850,0.6090,0.7077,0.6891,0.0001,0.0001,0.0001,0.0000,0.0000,0.0000
2582,1,86,55.5806,49.7123,53.1907,0.0000,0.0000,0.0000,6.2354,5.4798,5.8234,0.2815,0.2753,0.3023,0.4732,0.4301,0.4776,0.0019,0.0019,0.0019,0.0000,0.0000,0.0000
2582,1,87,46.9115,49.3144,44.1515,0.0000,0.0000,0.0000,6.0627,6.2813,5.5376,0.2532,0.2710,0.2424,0.2882,0.2724,0.2688,0.0088,0.0088,0.0088,0.0000,0.0000,0.0000
2582,1,88,34.8844,40.9287,43.1299,0.0000,0.0000,0.0000,5.1984,6.0211,6.2670,0.2423,0.2745,0.2800,0.1757,0.2516,0.2189,0.0174,0.0174,0.0174,0.0000,0.0000,0.0000
2582,1,89,35.8294,29.7915,35.0429,0.0000,0.0000,0.0000,6.1057,5.0287,5.8326,0.2121,0.1607,0.2336,0.2763,0.2307,0.2917,0.0064,0.0064,0.0064,0.0000,0.0000,0.0000
2582,1,90,25.5533,29.6258,24.6659,0.0000,0.0000,0.0000,5.1571,5.8904,4.8628,0.0665,0.0985,0.0739,0.3557,0.4109,0.3417,0.0015,0.0015,0.0015,0.0000,0.0000,0.0000
2582,1,91,17.6992,20.5694,23.9006,0.0000,0.0000,0.0000,4.1079,4.7257,5.4136,0.0870,0.0898,0.0879,0.2838,0.3448,0.3981,0.0000,0.0000,0.0000,0.0000,0.0000,0.0000
2582,1,92,14.1063,13.9337,16.1795,0.0000,0.0000,0.0000,3.7744,3.6870,4.2567,0.1355,0.1532,0.1601,0.2553,0.2395,0.2914,0.0000,0.0000,0.0000,0.0000,0.0000,0.0000
2582,1,93,13.6556,10.7135,10.6252,0.0000,0.0000,0.0000,4.2196,3.3056,3.2504,0.1263,0.1328,0.1419,0.2462,0.2170,0.2042,0.0000,0.0000,0.0000,0.0000,0.0000,0.0000
2582,1,94,7.3203,10.0204,7.8641,0.0000,0.0000,0.0000,2.6087,3.5169,2.7551,0.0878,0.0909,0.0941,0.1556,0.2093,0.1852,0.0000,0.0000,0.0000,0.0000,0.0000,0.0000
2582,1,95,7.8139,5.2093,7.1576,0.0000,0.0000,0.0000,3.0787,2.0689,2.7875,0.0664,0.0681,0.0679,0.1813,0.1083,0.1461,0.0000,0.0000,0.0000,0.0000,0.0000,0.0000
2582,1,96,3.3965,5.2845,3.5171,0.0000,0.0000,0.0000,1.5724,2.4441,1.6508,0.0357,0.0364,0.0367,0.0657,0.1281,0.0764,0.0000,0.0000,0.0000,0.0000,0.0000,0.0000
2582,1,97,1.3069,2.2107,3.4545,0.0000,0.0000,0.0000,0.6890,1.1684,1.7933,0.0096,0.0098,0.0101,0.0183,0.0247,0.0484,0.0000,0.0000,0.0000,0.0000,0.0000,0.0000
2582,1,98,1.9006,0.8268,1.4018,0.0000,0.0000,0.0000,1.0928,0.4787,0.8035,0.0002,0.0003,0.0002,0.0077,0.0033,0.0045,0.0000,0.0000,0.0000,0.0000,0.0000,0.0000
2582,1,99,0.0001,1.1487,0.4981,0.0000,0.0000,0.0000,0.0000,0.7521,0.3291,0.0001,0.0001,0.0001,0.0000,0.0000,0.0000,0.0000,0.0000,0.0000,0.0000,0.0000,0.0000
2582,1,100+,1.7344,1.0021,1.2425,0.0000,0.0000,0.0000,1.2667,0.7330,0.9089,0.0012,0.0007,0.0006,0.0002,0.0001,0.0001,0.0000,0.0000,0.0000,0.0000,0.0000,0.0000
2582,2,80,121.9451,142.6296,147.1659,0.0000,0.0000,0.0000,4.0148,4.6351,4.7388,0.8487,0.8846,0.9108,0.8986,1.0517,1.0861,0.0185,0.0185,0.0185,0.0174,0.0264,0.0244
2582,2,81,101.2778,117.6480,137.5672,0.0000,0.0000,0.0000,3.8535,4.3910,5.0796,0.8343,0.8762,0.9451,0.7170,0.8047,0.9437,0.0254,0.0254,0.0254,0.0060,0.0058,0.0086
2582,2,82,112.2810,97.3029,113.0708,0.0000,0.0000,0.0000,4.8493,4.1633,4.7562,0.9731,0.9675,1.0007,0.8590,0.7841,0.8284,0.0140,0.0126,0.0126,0.0000,0.0000,0.0000
2582,2,83,105.9016,107.1245,92.9502,0.0000,0.0000,0.0000,5.3092,5.2981,4.5525,1.0407,0.9657,0.9607,0.8343,0.8179,0.7522,0.0017,0.0017,0.0017,0.0085,0.0074,0.0071
2582,2,84,90.8472,100.2913,101.4678,0.0000,0.0000,0.0000,5.2316,5.7117,5.7051,0.8111,0.8658,0.8111,0.6954,0.7433,0.7374,0.0000,0.0000,0.0000,0.0389,0.0326,0.0288
2582,2,85,104.6798,85.1315,94.0365,0.0000,0.0000,0.0000,7.1340,5.6912,6.2237,0.6431,0.6580,0.6918,0.7735,0.6274,0.6823,0.0018,0.0018,0.0018,0.0651,0.0589,0.0490
2582,2,86,70.4053,96.8613,78.9600,0.0000,0.0000,0.0000,5.5495,7.5890,6.0839,0.4520,0.4602,0.4732,0.4863,0.6672,0.5426,0.0101,0.0101,0.0101,0.0265,0.0339,0.0307
2582,2,87,84.0887,64.5016,88.6846,0.0000,0.0000,0.0000,7.7083,5.8253,7.9565,0.3110,0.3134,0.3192,0.5114,0.3961,0.5362,0.0164,0.0164,0.0164,0.0215,0.0175,0.0209
2582,2,88,56.9406,75.9590,58.4001,0.0000,0.0000,0.0000,6.0664,8.0588,6.1033,0.2991,0.2965,0.2921,0.2628,0.3384,0.2632,0.0127,0.0127,0.0127,0.0496,0.0487,0.0466
2582,2,89,51.6638,50.8454,67.7487,0.0000,0.0000,0.0000,6.4350,6.2219,8.2678,0.3644,0.3913,0.3848,0.2094,0.2083,0.2745,0.0115,0.0115,0.0115,0.0665,0.0745,0.0730
2582,2,90,51.5396,45.2238,44.6512,0.0000,0.0000,0.0000,7.5522,6.5498,6.3599,0.4017,0.3880,0.4237,0.3250,0.2894,0.2759,0.0131,0.0131,0.0131,0.0000,0.0000,0.0000
2582,2,91,34.2448,44.0881,38.7485,0.0000,0.0000,0.0000,5.7861,7.4222,6.4501,0.3252,0.3532,0.3262,0.3059,0.4071,0.3653,0.0125,0.0125,0.0125,0.0000,0.0000,0.0000
2582,2,92,36.0020,28.7048,36.9444,0.0000,0.0000,0.0000,7.0908,5.5797,7.1541,0.3484,0.3107,0.3492,0.3582,0.2786,0.3611,0.0095,0.0095,0.0095,0.0001,0.0000,0.0000
2582,2,93,34.1398,29.3946,23.4862,0.0000,0.0000,0.0000,7.8086,6.6607,5.2582,0.3104,0.3082,0.2757,0.3429,0.2796,0.2377,0.0031,0.0031,0.0031,0.0000,0.0001,0.0000
2582,2,94,26.8584,27.0044,23.3066,0.0000,0.0000,0.0000,7.0927,7.0789,6.0650,0.2113,0.2310,0.2033,0.2570,0.2693,0.2144,0.0000,0.0000,0.0000,0.0000,0.0000,0.0000
2582,2,95,10.8067,20.6330,20.7882,0.0000,0.0000,0.0000,3.1793,6.1550,6.1595,0.0907,0.1055,0.1331,0.0987,0.1722,0.1807,0.0000,0.0000,0.0000,0.0000,0.0000,0.0000
2582,2,96,8.1735,8.0560,15.3244,0.0000,0.0000,0.0000,2.8106,2.7386,5.2673,0.0581,0.0647,0.0843,0.0738,0.0723,0.1255,0.0000,0.0000,0.0000,0.0000,0.0000,0.0000
2582,2,97,9.2533,5.8555,5.7815,0.0000,0.0000,0.0000,3.6607,2.2754,2.2262,0.0346,0.0344,0.0321,0.1244,0.0782,0.0769,0.0000,0.0000,0.0000,0.0000,0.0000,0.0000
2582,2,98,8.6274,6.2049,3.9462,0.0000,0.0000,0.0000,4.1486,2.9050,1.8199,0.0115,0.0083,0.0075,0.2141,0.1524,0.0964,0.0000,0.0000,0.0000,0.0000,0.0000,0.0000
2582,2,99,3.1796,5.5247,4.0201,0.0000,0.0000,0.0000,1.7251,2.9386,2.0836,0.0002,0.0002,0.0002,0.0876,0.1511,0.1087,0.0000,0.0000,0.0000,0.0000,0.0000,0.0000
2582,2,100+,6.8509,6.2280,7.2827,0.0000,0.0000,0.0000,4.0732,3.7212,4.3682,0.0004,0.0004,0.0004,0.0755,0.0709,0.0857,0.0000,0.0000,0.0000,0.0000,0.0000,0.0000
2581,1,80,176.2762,193.8072,192.9378,0.0000,0.0000,0.0000,9.0968,9.7672,9.5177,1.3025,1.3872,1.4244,0.8747,0.9704,0.9559,0.0041,0.0047,0.0041,0.0727,0.0392,0.0749
2581,1,81,143.9782,167.0104,183.8073,0.0000,0.0000,0.0000,8.4818,9.7036,10.4439,1.2908,1.4070,1.4972,0.8328,0.9470,1.0603,0.0104,0.0104,0.0104,0.0091,0.0390,0.0157
2581,1,82,117.4055,135.2926,156.9866,0.0000,0.0000,0.0000,7.9307,8.9323,10.2446,1.0967,1.1129,1.2222,0.7826,0.9183,1.0448,0.0415,0.0415,0.0415,0.0054,0.0019,0.0082
2581,1,83,112.5025,109.2734,125.9741,0.0000,0.0000,0.0000,8.7064,8.3597,9.4268,0.9479,0.9442,0.9378,0.7750,0.7654,0.8985,0.0526,0.0526,0.0526,0.0000,0.0000,0.0000
2581,1,84,101.9503,103.6316,100.7756,0.0000,0.0000,0.0000,9.2191,9.1121,8.7663,0.6960,0.8281,0.8387,0.5983,0.6149,0.6078,0.0350,0.0350,0.0350,0.0000,0.0000,0.0000
2581,1,85,75.3491,92.5673,94.3393,0.0000,0.0000,0.0000,7.8547,9.5768,9.5199,0.6360,0.6619,0.7419,0.4422,0.5089,0.5247,0.0104,0.0104,0.0104,0.0000,0.0000,0.0000
2581,1,86,68.0131,67.5009,82.9530,0.0000,0.0000,0.0000,8.2083,8.0195,9.7866,0.5779,0.5674,0.6162,0.3647,0.3922,0.4511,0.0000,0.0000,0.0000,0.0000,0.0000,0.0000
2581,1,87,62.5014,60.0606,59.6242,0.0000,0.0000,0.0000,8.7253,8.2480,8.0840,0.5078,0.5388,0.4932,0.2812,0.2589,0.2786,0.0000,0.0000,0.0000,0.0001,0.0001,0.0000
2581,1,88,51.0515,54.1453,52.2295,0.0000,0.0000,0.0000,8.2292,8.6192,8.1912,0.4936,0.4898,0.5518,0.2161,0.2267,0.2095,0.0000,0.0000,0.0000,0.0000,0.0001,0.0001
2581,1,89,40.7003,43.3394,46.0213,0.0000,0.0000,0.0000,7.4811,7.8995,8.2913,0.3920,0.3960,0.3955,0.2019,0.2164,0.2274,0.0000,0.0000,0.0000,0.0000,0.0000,0.0000
2581,1,90,30.4460,33.5421,35.7636,0.0000,0.0000,0.0000,6.6003,7.1749,7.5911,0.2716,0.2634,0.2688,0.2269,0.2458,0.2638,0.0001,0.0001,0.0001,0.0000,0.0000,0.0000
2581,1,91,27.8946,24.3741,26.9012,0.0000,0.0000,0.0000,7.0234,6.0346,6.5685,0.2020,0.2157,0.2020,0.2906,0.2530,0.2745,0.0001,0.0001,0.0001,0.0000,0.0000,0.0000
2581,1,92,17.7368,21.5180,18.8719,0.0000,0.0000,0.0000,5.1649,6.2479,5.4038,0.1432,0.1587,0.1647,0.2434,0.2997,0.2620,0.0000,0.0000,0.0000,0.0001,0.0000,0.0000
2581,1,93,11.0887,13.1450,15.9487,0.0000,0.0000,0.0000,3.7951,4.4551,5.3958,0.0905,0.0950,0.1018,0.2022,0.2284,0.2815,0.0000,0.0000,0.0000,0.0000,0.0000,0.0000
2581,1,94,9.2087,7.9203,9.4134,0.0000,0.0000,0.0000,3.6700,3.0782,3.6204,0.0442,0.0471,0.0480,0.1610,0.1373,0.1553,0.0000,0.0000,0.0000,0.0000,0.0000,0.0000
2581,1,95,6.8637,6.2515,5.4231,0.0000,0.0000,0.0000,3.0080,2.8177,2.3839,0.0131,0.0139,0.0139,0.1473,0.1507,0.1296,0.0000,0.0000,0.0000,0.0000,0.0000,0.0000
2581,1,96,1.9169,4.3960,3.9465,0.0000,0.0000,0.0000,1.0222,2.3132,2.1411,0.0348,0.0353,0.0356,0.0948,0.1948,0.1975,0.0000,0.0000,0.0000,0.0000,0.0000,0.0000
2581,1,97,4.7917,1.1895,2.6963,0.0000,0.0000,0.0000,2.9615,0.7079,1.6031,0.0575,0.0589,0.0604,0.3211,0.0769,0.1580,0.0000,0.0000,0.0000,0.0000,0.0000,0.0000
2581,1,98,1.7952,2.8396,0.7319,0.0000,0.0000,0.0000,1.1743,1.8859,0.4679,0.0373,0.0372,0.0380,0.0686,0.1095,0.0272,0.0000,0.0000,0.0000,0.0000,0.0000,0.0000
2581,1,99,2.3083,1.0272,1.6154,0.0000,0.0000,0.0000,1.6774,0.7634,1.2148,0.0051,0.0050,0.0051,0.0219,0.0099,0.0155,0.0000,0.0000,0.0000,0.0000,0.0000,0.0000
2581,1,100+,0.0010,1.3342,1.3642,0.0000,0.0000,0.0000,0.0000,0.9759,0.9977,0.0010,0.0007,0.0005,0.0000,0.0000,0.0000,0.0000,0.0000,0.0000,0.0000,0.0000,0.0000
2581,2,80,179.4356,210.3506,246.3428,0.0000,0.0000,0.0000,6.7745,7.8214,9.0663,1.4100,1.4993,1.5408,1.2180,1.4264,1.6721,0.0065,0.0057,0.0057,0.0114,0.0120,0.0156
2581,2,81,158.3634,172.2897,201.9381,0.0000,0.0000,0.0000,6.9065,7.3836,8.5456,1.3158,1.3534,1.4614,1.0004,1.0916,1.2849,0.0000,0.0000,0.0000,0.0373,0.0328,0.0418
2581,2,82,131.1468,151.4058,164.7775,0.0000,0.0000,0.0000,6.4805,7.4259,7.9612,1.4194,1.3933,1.4268,0.7168,0.8337,0.9015,0.0053,0.0047,0.0047,0.0834,0.0845,0.0721
2581,2,83,139.7088,124.8097,143.9452,0.0000,0.0000,0.0000,8.0202,7.0628,8.0819,1.3484,1.2910,1.2794,0.5661,0.5040,0.5875,0.0155,0.0155,0.0155,0.0833,0.0761,0.0810
2581,2,84,127.0584,131.5780,117.7046,0.0000,0.0000,0.0000,8.3820,8.5962,7.5863,0.8712,0.9059,0.8785,0.4240,0.4415,0.3911,0.0259,0.0259,0.0259,0.0353,0.0396,0.0365
2581,2,85,106.0749,118.2165,122.5035,0.0000,0.0000,0.0000,8.2583,9.0723,9.3154,0.7675,0.7885,0.8189,0.4496,0.5655,0.5906,0.0126,0.0126,0.0126,0.0012,0.0074,0.0083
2581,2,86,112.8656,97.5667,108.7348,0.0000,0.0000,0.0000,10.2408,8.7488,9.6283,0.7715,0.7870,0.8072,0.6766,0.5513,0.6669,0.0039,0.0039,0.0039,0.0000,0.0000,0.0000
2581,2,87,109.5146,102.3488,88.6847,0.0000,0.0000,0.0000,11.5538,10.6488,9.1167,0.7401,0.7538,0.7708,0.6747,0.6292,0.5362,0.0000,0.0000,0.0000,0.0000,0.0000,0.0000
2581,2,88,91.8951,97.7070,91.5145,0.0000,0.0000,0.0000,11.3218,11.9603,11.0424,0.7729,0.7492,0.7647,0.5691,0.6052,0.5655,0.0000,0.0000,0.0000,0.0000,0.0000,0.0000
2581,2,89,76.0329,80.5042,85.6049,0.0000,0.0000,0.0000,10.9909,11.4618,12.1179,0.5639,0.6366,0.6151,0.5376,0.5765,0.6098,0.0000,0.0000,0.0000,0.0001,0.0001,0.0001
2581,2,90,59.7363,64.9308,68.9054,0.0000,0.0000,0.0000,10.2181,10.9853,11.4923,0.4182,0.3845,0.4295,0.4631,0.4966,0.5433,0.0000,0.0000,0.0000,0.0000,0.0000,0.0000
2581,2,91,48.2819,49.8286,54.2083,0.0000,0.0000,0.0000,9.5802,9.8130,10.5594,0.2807,0.3114,0.2854,0.4134,0.4119,0.4456,0.0000,0.0000,0.0000,0.0000,0.0000,0.0000
2581,2,92,46.2069,39.2132,40.5388,0.0000,0.0000,0.0000,10.7051,8.9778,9.2238,0.2887,0.2553,0.2848,0.4066,0.3384,0.3569,0.0000,0.0000,0.0000,0.0000,0.0000,0.0000
2581,2,93,31.5676,36.5011,31.0615,0.0000,0.0000,0.0000,8.4856,9.7496,8.1965,0.2914,0.2967,0.2546,0.2190,0.2500,0.2051,0.0000,0.0000,0.0000,0.0000,0.0000,0.0000
2581,2,94,27.4999,24.1839,27.9550,0.0000,0.0000,0.0000,8.5746,7.4707,8.5929,0.1885,0.2031,0.1802,0.1109,0.1002,0.1143,0.0000,0.0000,0.0000,0.0000,0.0000,0.0000
2581,2,95,17.8377,20.3718,17.9789,0.0000,0.0000,0.0000,6.2221,7.1970,6.2962,0.0976,0.1054,0.1285,0.0301,0.0339,0.0307,0.0000,0.0000,0.0000,0.0000,0.0000,0.0000
2581,2,96,15.6081,12.7004,14.4725,0.0000,0.0000,0.0000,6.4095,5.1591,5.9406,0.0563,0.0582,0.0751,0.0384,0.0312,0.0351,0.0000,0.0000,0.0000,0.0000,0.0000,0.0000
2581,2,97,8.8835,10.6704,8.7168,0.0000,0.0000,0.0000,4.1511,4.9571,4.0054,0.1054,0.1047,0.0977,0.0707,0.0878,0.0717,0.0000,0.0000,0.0000,0.0000,0.0000,0.0000
2581,2,98,3.9861,5.8087,6.9382,0.0000,0.0000,0.0000,2.1851,3.1669,3.7872,0.2405,0.1733,0.1565,0.0594,0.0810,0.1008,0.0000,0.0000,0.0000,0.0000,0.0000,0.0000
2581,2,99,2.4942,2.5443,3.6639,0.0000,0.0000,0.0000,1.5750,1.5495,2.2117,0.1264,0.1645,0.1289,0.0510,0.0509,0.0681,0.0000,0.0000,0.0000,0.0000,0.0000,0.0000
2581,2,100+,4.3193,4.1937,4.1461,0.0000,0.0000,0.0000,2.5976,2.5310,2.5062,0.0619,0.0596,0.0633,0.1445,0.1406,0.1391,0.0000,0.0000,0.0000,0.0000,0.0000,0.0000
2560,1,80,34.3321,44.6026,47.2631,0.0000,0.0000,0.0000,1.6754,2.1362,2.2185,0.5047,0.5359,0.5478,0.4997,0.6369,0.6501,0.0000,0.0000,0.0000,0.0001,0.0297,0.0752
2560,1,81,22.8644,32.6444,42.2965,0.0000,0.0000,0.0000,1.2791,1.7893,2.2791,0.5495,0.5964,0.6337,0.2878,0.4932,0.6278,0.0000,0.0000,0.0000,0.1251,0.0021,0.0362
2560,1,82,25.4390,21.6700,30.8178,0.0000,0.0000,0.0000,1.6262,1.3534,1.8958,0.4655,0.4758,0.5266,0.3488,0.2672,0.4540,0.0000,0.0000,0.0000,0.0494,0.0657,0.0027
2560,1,83,23.2204,23.6503,20.2529,0.0000,0.0000,0.0000,1.7047,1.7192,1.4381,0.2708,0.2701,0.2733,0.3339,0.3280,0.2531,0.0000,0.0000,0.0000,0.0084,0.0128,0.0182
2560,1,84,19.2723,21.3759,21.7738,0.0000,0.0000,0.0000,1.6553,1.7826,1.8013,0.1830,0.2119,0.2127,0.2658,0.2723,0.2907,0.0000,0.0000,0.0000,0.0000,0.0000,0.0000
2560,1,85,17.2557,17.4479,19.5055,0.0000,0.0000,0.0000,1.7052,1.7166,1.8613,0.2183,0.2189,0.2542,0.2579,0.3343,0.2626,0.0000,0.0000,0.0000,0.0000,0.0000,0.0000
2560,1,86,20.7043,15.4610,15.5415,0.0000,0.0000,0.0000,2.3564,1.7391,1.7485,0.2016,0.1820,0.1834,0.1430,0.2372,0.3426,0.0000,0.0000,0.0000,0.0000,0.0000,0.0000
2560,1,87,17.6182,18.2769,13.6298,0.0000,0.0000,0.0000,2.3310,2.3836,1.7533,0.0954,0.1047,0.0932,0.1463,0.1514,0.1694,0.0000,0.0000,0.0000,0.0000,0.0000,0.0000
2560,1,88,11.2502,15.2383,15.8472,0.0000,0.0000,0.0000,1.7211,2.3038,2.3662,0.0896,0.0850,0.1008,0.1179,0.1598,0.1658,0.0000,0.0000,0.0000,0.0000,0.0000,0.0000
2560,1,89,13.6750,9.6809,13.0736,0.0000,0.0000,0.0000,2.3695,1.6521,2.2122,0.1629,0.1646,0.1587,0.1158,0.0813,0.1103,0.0000,0.0000,0.0000,0.0000,0.0000,0.0000
2560,1,90,10.9541,11.5247,8.2364,0.0000,0.0000,0.0000,2.2031,2.2906,1.6100,0.2154,0.2015,0.2073,0.0574,0.0604,0.0427,0.0000,0.0000,0.0000,0.0000,0.0000,0.0000
2560,1,91,15.4606,9.0203,9.4905,0.0000,0.0000,0.0000,3.6152,2.0639,2.1461,0.1772,0.1924,0.1767,0.1056,0.0609,0.0640,0.0000,0.0000,0.0000,0.0000,0.0000,0.0000
2560,1,92,3.2154,12.1675,7.1574,0.0000,0.0000,0.0000,0.8544,3.2861,1.9018,0.1018,0.1094,0.1120,0.0320,0.1237,0.0722,0.0000,0.0000,0.0000,0.0000,0.0000,0.0000
2560,1,93,3.8382,2.4989,9.2886,0.0000,0.0000,0.0000,1.1993,0.7676,2.8942,0.0631,0.0672,0.0700,0.0240,0.0154,0.0584,0.0000,0.0000,0.0000,0.0000,0.0000,0.0000
2560,1,94,4.4351,2.8533,1.8722,0.0000,0.0000,0.0000,1.5870,1.0101,0.6546,0.0304,0.0300,0.0320,0.0067,0.0049,0.0032,0.0000,0.0000,0.0000,0.0000,0.0000,0.0000
2560,1,95,2.8694,3.1705,2.0474,0.0000,0.0000,0.0000,1.1405,1.2708,0.8142,0.0072,0.0073,0.0073,0.0000,0.0001,0.0000,0.0000,0.0000,0.0000,0.0000,0.0000,0.0000
2560,1,96,0.6767,1.9576,2.1496,0.0000,0.0000,0.0000,0.3230,0.9144,1.0199,0.0000,0.0000,0.0000,0.0000,0.0000,0.0000,0.0000,0.0000,0.0000,0.0000,0.0000,0.0000
2560,1,97,0.6514,0.4392,1.2815,0.0000,0.0000,0.0000,0.3509,0.2369,0.6768,0.0000,0.0000,0.0000,0.0000,0.0000,0.0000,0.0000,0.0000,0.0000,0.0000,0.0000,0.0000
2560,1,98,0.6294,0.4095,0.2753,0.0000,0.0000,0.0000,0.3711,0.2431,0.1638,0.0002,0.0003,0.0001,0.0000,0.0000,0.0000,0.0000,0.0000,0.0000,0.0000,0.0000,0.0000
2560,1,99,0.6031,0.3758,0.2436,0.0000,0.0000,0.0000,0.3976,0.2537,0.1661,0.0000,0.0001,0.0000,0.0000,0.0000,0.0000,0.0000,0.0000,0.0000,0.0000,0.0000,0.0000
2560,1,100+,0.0003,0.3488,0.4189,0.0000,0.0000,0.0000,0.0000,0.2550,0.3062,0.0003,0.0003,0.0003,0.0000,0.0000,0.0000,0.0000,0.0000,0.0000,0.0000,0.0000,0.0000
2560,2,80,37.6947,45.8049,38.2175,0.0000,0.0000,0.0000,1.3235,1.5873,1.3083,0.4393,0.4694,0.4730,0.4301,0.5252,0.4281,0.0061,0.0053,0.0053,0.0000,0.0000,0.0000
2560,2,81,24.1229,36.1847,43.9250,0.0000,0.0000,0.0000,0.9783,1.4456,1.7362,0.4599,0.4672,0.5030,0.3572,0.5325,0.6463,0.0000,0.0000,0.0000,0.0000,0.0000,0.0000
2560,2,82,35.1666,23.0328,34.4102,0.0000,0.0000,0.0000,1.6276,1.0572,1.5581,0.4023,0.3916,0.3928,0.6070,0.4226,0.6074,0.0000,0.0000,0.0000,0.0000,0.0000,0.0000
2560,2,83,43.3707,33.2452,21.8617,0.0000,0.0000,0.0000,2.3373,1.7633,1.1486,0.3227,0.3068,0.3026,0.6189,0.4649,0.3244,0.0000,0.0000,0.0000,0.0000,0.0000,0.0000
2560,2,84,28.2235,40.7343,31.3107,0.0000,0.0000,0.0000,1.7370,2.4866,1.8818,0.2553,0.2658,0.2573,0.2957,0.4197,0.3116,0.0000,0.0000,0.0000,0.0000,0.0000,0.0000
2560,2,85,27.9007,26.2756,37.8678,0.0000,0.0000,0.0000,2.0269,1.8795,2.6874,0.2280,0.2327,0.2443,0.3014,0.3016,0.4259,0.0000,0.0000,0.0000,0.0000,0.0000,0.0000
2560,2,86,26.6513,25.6795,24.2186,0.0000,0.0000,0.0000,2.2532,2.1463,1.9957,0.1941,0.1980,0.2020,0.2915,0.2732,0.2636,0.0000,0.0000,0.0000,0.0000,0.0000,0.0000
2560,2,87,22.7437,24.2517,23.4034,0.0000,0.0000,0.0000,2.2244,2.3466,2.2380,0.1709,0.1669,0.1711,0.2033,0.2217,0.2090,0.0000,0.0000,0.0000,0.0000,0.0000,0.0000
2560,2,88,26.7438,20.3647,21.7083,0.0000,0.0000,0.0000,3.0803,2.3146,2.4419,0.1984,0.1917,0.1878,0.3787,0.2580,0.2915,0.0000,0.0000,0.0000,0.0000,0.0000,0.0000
2560,2,89,14.9022,23.3925,17.9247,0.0000,0.0000,0.0000,2.0075,3.1154,2.3535,0.2212,0.2567,0.2455,0.3112,0.4960,0.3341,0.0000,0.0000,0.0000,0.0000,0.0000,0.0000
2560,2,90,13.6514,12.7896,20.0269,0.0000,0.0000,0.0000,2.1862,2.0111,3.1173,0.2371,0.2116,0.2489,0.4018,0.3125,0.5002,0.0000,0.0000,0.0000,0.0000,0.0000,0.0000
2560,2,91,12.5561,11.2112,10.6455,0.0000,0.0000,0.0000,2.3099,2.0961,1.9418,0.1006,0.1193,0.1054,0.2350,0.4696,0.3074,0.0000,0.0000,0.0000,0.0000,0.0000,0.0000
2560,2,92,16.3857,10.2961,8.9302,0.0000,0.0000,0.0000,3.6901,2.1786,1.9385,0.0332,0.0289,0.0349,0.9934,0.1106,0.3814,0.0000,0.0000,0.0000,0.0000,0.0000,0.0000
2560,2,93,15.2221,12.8764,8.2913,0.0000,0.0000,0.0000,3.7604,3.2278,2.0086,0.0274,0.0257,0.0235,0.0363,0.3118,0.0197,0.0000,0.0000,0.0000,0.0000,0.0000,0.0000
2560,2,94,5.4815,11.8735,10.0159,0.0000,0.0000,0.0000,1.5570,3.3620,2.8289,0.0562,0.0580,0.0526,0.0171,0.0373,0.0782,0.0000,0.0000,0.0000,0.0000,0.0000,0.0000
2560,2,95,5.2406,4.1022,8.8602,0.0000,0.0000,0.0000,1.6928,1.3402,2.8851,0.0413,0.0433,0.0525,0.1051,0.0823,0.1782,0.0000,0.0000,0.0000,0.0000,0.0000,0.0000
2560,2,96,2.0967,3.6584,2.8627,0.0000,0.0000,0.0000,0.8163,1.4142,1.1180,0.0191,0.0195,0.0228,0.1061,0.1853,0.1451,0.0000,0.0000,0.0000,0.0000,0.0000,0.0000
2560,2,97,1.3528,1.4233,2.4648,0.0000,0.0000,0.0000,0.5997,0.6216,1.0765,0.0334,0.0333,0.0334,0.0815,0.0854,0.1490,0.0000,0.0000,0.0000,0.0000,0.0000,0.0000
2560,2,98,1.3334,0.9276,0.9777,0.0000,0.0000,0.0000,0.6797,0.4523,0.4711,0.0600,0.0565,0.0566,0.0437,0.0295,0.0311,0.0000,0.0000,0.0000,0.0000,0.0000,0.0000
2560,2,99,0.6557,0.8718,0.6213,0.0000,0.0000,0.0000,0.3674,0.4836,0.3317,0.0295,0.0305,0.0287,0.0048,0.0063,0.0044,0.0000,0.0000,0.0000,0.0000,0.0000,0.0000
2560,2,100+,1.2579,1.2010,1.2990,0.0000,0.0000,0.0000,0.7422,0.7109,0.7710,0.0003,0.0002,0.0003,0.0000,0.0000,0.0000,0.0000,0.0000,0.0000,0.0000,0.0000,0.0000
2514,1,80,70.2154,119.0191,90.6138,0.0000,0.0000,0.0000,3.7981,6.3189,4.6895,0.6133,0.6611,0.6622,0.5885,1.0312,0.7647,0.0001,0.0001,0.0001,0.0171,0.0575,0.0258
2514,1,81,79.8479,66.1713,111.8252,0.0000,0.0000,0.0000,4.9593,4.0339,6.7048,0.6457,0.6699,0.7462,0.8238,0.6618,1.1992,0.0001,0.0001,0.0001,0.0242,0.0226,0.0555
2514,1,82,62.4583,74.5332,61.9738,0.0000,0.0000,0.0000,4.4383,5.1775,4.2360,0.6635,0.6995,0.7428,0.6574,0.7784,0.6305,0.0001,0.0001,0.0001,0.1045,0.0832,0.0811
2514,1,83,66.5004,57.7490,68.9826,0.0000,0.0000,0.0000,5.4000,4.6422,5.4241,0.7379,0.7564,0.7545,0.6575,0.6175,0.7297,0.0001,0.0001,0.0001,0.1710,0.2081,0.1790
2514,1,84,40.0161,60.7308,52.7729,0.0000,0.0000,0.0000,3.8140,5.6142,4.8362,0.5499,0.6144,0.6484,0.5121,0.5844,0.5969,0.0000,0.0000,0.0000,0.2266,0.1809,0.1964
2514,1,85,43.2622,35.9669,54.7844,0.0000,0.0000,0.0000,4.7369,3.9197,5.8158,0.3666,0.3943,0.4197,0.3403,0.4214,0.4734,0.0000,0.0000,0.0000,0.0273,0.1161,0.0746
2514,1,86,50.3350,38.3663,31.9071,0.0000,0.0000,0.0000,6.4201,4.7986,3.9646,0.2177,0.2110,0.2222,0.4455,0.3022,0.3010,0.0000,0.0000,0.0000,0.0229,0.0046,0.0196
2514,1,87,32.9713,43.7172,33.4118,0.0000,0.0000,0.0000,4.8710,6.3677,4.7880,0.1561,0.1708,0.1590,0.3141,0.4307,0.3214,0.0000,0.0000,0.0000,0.0000,0.0000,0.0000
2514,1,88,22.1167,28.0787,37.2438,0.0000,0.0000,0.0000,3.7753,4.7419,6.2195,0.1721,0.1752,0.1984,0.2846,0.3237,0.4619,0.0000,0.0000,0.0000,0.0000,0.0000,0.0000
2514,1,89,29.1401,18.4756,23.5088,0.0000,0.0000,0.0000,5.7007,3.5630,4.4832,0.1698,0.1735,0.1771,0.3234,0.2599,0.2623,0.0000,0.0000,0.0000,0.0000,0.0000,0.0000
2514,1,90,20.3094,23.6928,15.1146,0.0000,0.0000,0.0000,4.6452,5.3681,3.3677,0.1928,0.1837,0.1886,0.2404,0.2611,0.1893,0.0000,0.0000,0.0000,0.0000,0.0000,0.0000
2514,1,91,12.6700,16.1000,18.7619,0.0000,0.0000,0.0000,3.3468,4.1921,4.8520,0.1918,0.2087,0.1912,0.1774,0.2270,0.2687,0.0000,0.0000,0.0000,0.0001,0.0001,0.0000
2514,1,92,15.2292,9.7394,12.3730,0.0000,0.0000,0.0000,4.6987,2.9557,3.7167,0.1224,0.1355,0.1405,0.1949,0.1158,0.1504,0.0000,0.0000,0.0000,0.0000,0.0001,0.0001
2514,1,93,4.4473,11.2100,7.2094,0.0000,0.0000,0.0000,1.5724,3.9984,2.5446,0.0458,0.0483,0.0515,0.0216,0.0659,0.0395,0.0000,0.0000,0.0000,0.0031,0.0000,0.0000
2514,1,94,3.5383,3.1799,7.9843,0.0000,0.0000,0.0000,1.4718,1.2814,3.2298,0.0163,0.0174,0.0177,0.0046,0.0034,0.0103,0.0000,0.0000,0.0000,0.0000,0.0000,0.0000
2514,1,95,5.5301,2.4464,2.2304,0.0000,0.0000,0.0000,2.5092,1.1288,0.9880,0.0346,0.0380,0.0376,0.0000,0.0000,0.0000,0.0000,0.0000,0.0000,0.0000,0.0000,0.0000
2514,1,96,0.6842,3.6468,1.6415,0.0000,0.0000,0.0000,0.3553,1.9445,0.8736,0.0398,0.0571,0.0696,0.0000,0.0000,0.0000,0.0000,0.0000,0.0000,0.0000,0.0000,0.0000
2514,1,97,0.6719,0.4381,2.2908,0.0000,0.0000,0.0000,0.3860,0.2635,1.3866,0.0555,0.0180,0.0295,0.0000,0.0000,0.0000,0.0000,0.0000,0.0000,0.0000,0.0000,0.0000
2514,1,98,1.1916,0.4082,0.2616,0.0000,0.0000,0.0000,0.8163,0.2758,0.1797,0.0073,0.0110,0.0033,0.0000,0.0000,0.0000,0.0000,0.0000,0.0000,0.0000,0.0000,0.0000
2514,1,99,0.5634,0.6634,0.2264,0.0000,0.0000,0.0000,0.4372,0.5283,0.1820,0.0001,0.0000,0.0001,0.0000,0.0000,0.0000,0.0000,0.0000,0.0000,0.0000,0.0000,0.0000
2514,1,100+,0.0001,0.3255,0.5711,0.0000,0.0000,0.0000,0.0000,0.2381,0.4179,0.0001,0.0000,0.0000,0.0000,0.0000,0.0000,0.0000,0.0000,0.0000,0.0000,0.0000,0.0000
2514,2,80,69.4438,83.1446,93.0217,0.0000,0.0000,0.0000,2.5154,2.9664,3.2633,0.9181,0.9060,0.9602,0.9772,1.1147,1.1573,0.0179,0.0179,0.0179,0.0335,0.0307,0.0251
2514,2,81,81.2044,66.5143,79.6119,0.0000,0.0000,0.0000,3.4045,2.7366,3.2386,0.7718,0.7857,0.8169,1.1646,0.9984,1.1228,0.0335,0.0335,0.0335,0.0258,0.0277,0.0257
2514,2,82,90.5275,77.3814,63.5178,0.0000,0.0000,0.0000,4.2727,3.6391,2.9467,0.7970,0.8022,0.7945,0.9698,0.9324,0.7919,0.0207,0.0187,0.0187,0.0517,0.0674,0.0665
2514,2,83,62.9108,85.9717,73.5947,0.0000,0.0000,0.0000,3.4335,4.6331,3.9412,0.9342,0.8584,0.8610,0.5248,0.7155,0.6177,0.0041,0.0041,0.0041,0.0769,0.0695,0.0920
2514,2,84,69.7969,59.5487,81.0705,0.0000,0.0000,0.0000,4.3746,3.6866,4.9657,0.7928,0.8465,0.7935,0.5770,0.4853,0.6910,0.0047,0.0047,0.0047,0.0502,0.0496,0.0452
2514,2,85,61.4538,65.0512,55.6782,0.0000,0.0000,0.0000,4.5710,4.7424,4.0150,0.6640,0.6861,0.7269,0.6445,0.6927,0.5884,0.0145,0.0145,0.0145,0.0160,0.0131,0.0128
2514,2,86,58.7348,56.4444,59.8551,0.0000,0.0000,0.0000,5.0789,4.8431,5.0433,0.4715,0.4791,0.4937,0.6924,0.6744,0.6767,0.0280,0.0280,0.0280,0.0000,0.0000,0.0000
2514,2,87,47.0955,53.1735,51.1241,0.0000,0.0000,0.0000,4.7266,5.2803,5.0409,0.2618,0.2662,0.2715,0.4583,0.5711,0.5689,0.0169,0.0169,0.0169,0.0000,0.0000,0.0000
2514,2,88,44.6436,42.0604,47.4869,0.0000,0.0000,0.0000,5.2257,4.8962,5.4673,0.1749,0.1731,0.1772,0.3191,0.3217,0.4103,0.0058,0.0058,0.0058,0.0000,0.0000,0.0000
2514,2,89,37.6558,39.2330,36.9804,0.0000,0.0000,0.0000,5.1865,5.2932,4.9656,0.0967,0.1048,0.1028,0.2542,0.2285,0.2222,0.0000,0.0000,0.0000,0.0000,0.0000,0.0000
2514,2,90,38.4932,32.2749,33.7034,0.0000,0.0000,0.0000,6.2394,5.1822,5.3203,0.0682,0.0619,0.0709,0.3363,0.2604,0.2859,0.0000,0.0000,0.0000,0.0000,0.0001,0.0000
2514,2,91,22.5254,32.1280,27.0117,0.0000,0.0000,0.0000,4.2363,6.0050,4.9930,0.0267,0.0318,0.0280,0.2606,0.3993,0.3025,0.0000,0.0000,0.0000,0.0001,0.0000,0.0001
2514,2,92,20.3241,18.3224,26.1614,0.0000,0.0000,0.0000,4.4624,3.9764,5.6477,0.0074,0.0065,0.0078,0.2559,0.2271,0.3342,0.0000,0.0000,0.0000,0.0000,0.0000,0.0000
2514,2,93,21.2464,16.0567,14.4946,0.0000,0.0000,0.0000,5.4426,4.0727,3.6354,0.0002,0.0002,0.0002,0.2940,0.2006,0.1894,0.0000,0.0000,0.0000,0.0000,0.0000,0.0000
2514,2,94,13.7717,16.2498,12.3347,0.0000,0.0000,0.0000,4.0669,4.7706,3.5890,0.0002,0.0002,0.0002,0.1600,0.2139,0.1258,0.0000,0.0000,0.0000,0.0000,0.0000,0.0000
2514,2,95,6.6924,10.2155,12.0594,0.0000,0.0000,0.0000,2.2163,3.4182,4.0131,0.0002,0.0002,0.0003,0.0898,0.1363,0.1696,0.0000,0.0000,0.0000,0.0000,0.0000,0.0000
2514,2,96,6.3309,4.7316,7.2033,0.0000,0.0000,0.0000,2.4915,1.8379,2.8246,0.0001,0.0002,0.0003,0.1777,0.1226,0.1876,0.0000,0.0000,0.0000,0.0000,0.0000,0.0000
2514,2,97,4.0438,4.2340,3.1888,0.0000,0.0000,0.0000,1.8053,1.9096,1.4169,0.0002,0.0002,0.0002,0.1489,0.1886,0.1252,0.0000,0.0000,0.0000,0.0000,0.0000,0.0000
2514,2,98,3.7863,2.5878,2.6865,0.0000,0.0000,0.0000,2.0625,1.3601,1.4257,0.0001,0.0001,0.0001,0.1437,0.0957,0.1217,0.0000,0.0000,0.0000,0.0000,0.0000,0.0000
2514,2,99,3.0929,2.3426,1.6340,0.0000,0.0000,0.0000,1.8456,1.3961,0.9272,0.0000,0.0000,0.0000,0.0554,0.0432,0.0291,0.0000,0.0000,0.0000,0.0000,0.0000,0.0000
2514,2,100+,1.8867,3.1298,3.4371,0.0000,0.0000,0.0000,1.1133,1.8448,2.0283,0.0002,0.0002,0.0002,0.0000,0.0001,0.0001,0.0000,0.0000,0.0000,0.0000,0.0000,0.0000
25,1,80,1047.1096,1146.8343,1155.2185,0.0000,0.0000,0.0000,52.7272,56.5811,55.8115,2.2801,2.4334,2.6229,3.0266,3.3628,3.3684,0.0781,0.0814,0.0754,0.4948,0.6233,0.6052
25,1,81,895.2418,990.3496,1085.5579,0.0000,0.0000,0.0000,51.8929,56.1154,60.3625,2.1804,2.4541,2.6245,2.7029,2.8263,3.1700,0.1359,0.1359,0.1359,0.4787,0.4083,0.5044
25,1,82,836.0884,840.2947,931.0249,0.0000,0.0000,0.0000,55.2566,54.4388,59.1245,2.3424,2.4696,2.7936,2.7098,2.7117,2.8372,0.2289,0.2289,0.2289,0.5165,0.4952,0.3855
25,1,83,772.9959,777.7731,782.8764,0.0000,0.0000,0.0000,58.7731,58.0823,57.3167,2.6237,2.6611,2.8071,2.5496,2.5595,2.5664,0.2225,0.2225,0.2225,0.5276,0.5570,0.5647
25,1,84,588.3791,711.5042,716.8782,0.0000,0.0000,0.0000,51.7840,61.4068,60.8531,2.2858,2.4373,2.4782,1.8516,2.1930,2.2046,0.2002,0.2002,0.1813,0.4716,0.5296,0.4968
25,1,85,505.4850,534.5177,647.1867,0.0000,0.0000,0.0000,51.6572,53.7738,64.0349,1.5970,1.7261,1.8410,1.3528,1.5145,1.7949,0.1460,0.1460,0.1460,0.2480,0.4451,0.4746
25,1,86,555.1392,452.8948,479.4916,0.0000,0.0000,0.0000,65.5233,52.5897,54.9302,1.0753,1.1172,1.2086,1.2114,0.9759,1.0829,0.0499,0.0499,0.0499,0.2513,0.1916,0.2716
25,1,87,416.8097,488.9953,399.8002,0.0000,0.0000,0.0000,56.8982,65.7330,52.9590,0.7264,0.7799,0.8087,0.9297,1.0870,0.8773,0.0580,0.0580,0.0580,0.1465,0.1619,0.1250
25,1,88,367.4058,360.0385,423.1035,0.0000,0.0000,0.0000,58.0033,56.1079,65.0660,0.5029,0.5402,0.5817,1.0528,1.1110,1.2990,0.0642,0.0642,0.0642,0.1053,0.1566,0.1725
25,1,89,289.7628,311.0770,305.2746,0.0000,0.0000,0.0000,52.3262,55.4543,53.7770,0.3534,0.3617,0.3870,1.1407,1.1499,1.2336,0.0192,0.0192,0.0192,0.1430,0.1056,0.1597
25,1,90,245.9557,238.7978,256.9546,0.0000,0.0000,0.0000,52.0193,49.9417,53.0909,0.2595,0.2613,0.2658,1.1822,1.1571,1.2019,0.0042,0.0042,0.0042,0.1064,0.1316,0.0995
25,1,91,189.8172,197.4244,192.1139,0.0000,0.0000,0.0000,46.2064,47.4591,45.6495,0.2424,0.2441,0.2457,1.1519,1.1978,1.1635,0.0003,0.0003,0.0003,0.0673,0.1188,0.1168
25,1,92,139.7804,147.6533,153.9229,0.0000,0.0000,0.0000,39.3540,41.2502,42.5407,0.1813,0.1883,0.1898,1.0088,1.0679,1.0908,0.0000,0.0002,0.0002,0.0381,0.0343,0.0600
25,1,93,93.1294,105.1470,111.2453,0.0000,0.0000,0.0000,30.4414,34.1294,35.8684,0.1457,0.1581,0.1625,0.5717,0.6601,0.7003,0.0000,0.0000,0.0000,0.0031,0.0019,0.0018
25,1,94,77.1388,67.9459,76.8866,0.0000,0.0000,0.0000,28.6829,25.0600,28.1100,0.1531,0.1618,0.1796,0.3314,0.2852,0.3300,0.0000,0.0000,0.0000,0.0000,0.0000,0.0000
25,1,95,51.6050,54.5854,48.2453,0.0000,0.0000,0.0000,21.4229,22.5672,19.7442,0.1915,0.1896,0.1953,0.1636,0.1758,0.1517,0.0000,0.0000,0.0000,0.0000,0.0000,0.0000
25,1,96,25.6218,34.7549,36.7934,0.0000,0.0000,0.0000,12.4703,16.9086,17.8432,0.2016,0.2067,0.2104,0.1095,0.1481,0.1593,0.0000,0.0000,0.0000,0.0000,0.0000,0.0000
25,1,97,19.3700,16.5714,22.4903,0.0000,0.0000,0.0000,10.6792,9.1162,12.3073,0.1383,0.1427,0.1469,0.0890,0.0770,0.1042,0.0000,0.0000,0.0000,0.0000,0.0000,0.0000
25,1,98,12.4511,12.0545,10.3530,0.0000,0.0000,0.0000,7.5740,7.3440,6.2522,0.0582,0.0582,0.0597,0.0331,0.0299,0.0260,0.0000,0.0000,0.0000,0.0000,0.0000,0.0000
25,1,99,7.7005,7.3467,7.1248,0.0000,0.0000,0.0000,5.3018,5.1063,4.9320,0.0064,0.0061,0.0063,0.0041,0.0043,0.0039,0.0000,0.0000,0.0000,0.0000,0.0000,0.0000
25,1,100+,8.6687,9.4641,9.7054,0.0000,0.0000,0.0000,6.3333,6.9076,7.1077,0.0021,0.0024,0.0023,0.0000,0.0000,0.0000,0.0000,0.0000,0.0000,0.0000,0.0000,0.0000
25,2,80,1081.9176,1190.2100,1229.0575,0.0000,0.0000,0.0000,38.9568,42.0982,42.8727,3.1512,3.4391,3.6636,4.1255,4.4603,4.5916,0.2818,0.2675,0.2675,0.4331,0.4240,0.4320
25,2,81,1026.0276,1038.5892,1143.2332,0.0000,0.0000,0.0000,42.6427,42.3976,46.0230,2.5254,2.7648,3.0217,3.6709,3.5671,3.8545,0.3414,0.3414,0.3414,0.5255,0.4699,0.4625
25,2,82,966.0871,978.8968,992.0027,0.0000,0.0000,0.0000,45.6161,45.7539,45.7169,2.2593,2.3925,2.6633,3.1863,3.3289,3.2321,0.2981,0.2783,0.2783,0.6678,0.7188,0.5791
25,2,83,1015.0789,915.0797,927.6042,0.0000,0.0000,0.0000,55.7551,49.4373,49.6187,1.9234,1.8928,2.0011,3.4519,3.0144,3.1409,0.1729,0.1729,0.1729,0.8104,0.6215,0.7071
25,2,84,855.3152,953.4573,860.5701,0.0000,0.0000,0.0000,53.9575,59.3761,52.8280,1.5763,1.6276,1.6054,2.9390,3.3714,2.9382,0.1335,0.1335,0.1335,0.4981,0.6352,0.4822
25,2,85,792.7905,795.7319,887.4522,0.0000,0.0000,0.0000,58.7825,58.1979,64.1466,1.6701,1.7728,1.8331,2.8503,2.8938,3.3332,0.0675,0.0675,0.0675,0.3144,0.3318,0.4260
25,2,86,709.5697,729.5060,732.8985,0.0000,0.0000,0.0000,61.2711,62.1587,61.7600,1.6935,1.7210,1.8267,2.6789,2.7097,2.7523,0.0524,0.0524,0.0524,0.2262,0.1895,0.2003
25,2,87,628.4249,645.0116,663.9272,0.0000,0.0000,0.0000,62.7969,63.7810,64.7941,1.3628,1.4431,1.4695,2.1220,2.1981,2.2320,0.0589,0.0589,0.0589,0.0780,0.0811,0.0813
25,2,88,567.8494,562.6673,578.1769,0.0000,0.0000,0.0000,66.5607,65.2073,66.2920,1.0026,1.0157,1.0761,1.6284,1.6032,1.6580,0.0872,0.0872,0.0872,0.0511,0.0500,0.0480
25,2,89,442.9306,499.7087,495.7663,0.0000,0.0000,0.0000,60.5753,67.4903,66.2783,0.6937,0.6964,0.7080,1.1965,1.3473,1.3328,0.0752,0.0752,0.0752,0.0666,0.0746,0.0731
25,2,90,428.5688,381.7124,431.2440,0.0000,0.0000,0.0000,68.8433,60.7527,67.8552,0.6441,0.6277,0.6353,1.2912,1.1523,1.2992,0.0792,0.0792,0.0792,0.0201,0.0201,0.0248
25,2,91,309.8344,361.2866,322.2992,0.0000,0.0000,0.0000,57.6595,66.5668,58.8345,0.6934,0.6960,0.6789,1.1745,1.3641,1.2218,0.0465,0.0465,0.0465,0.0716,0.0938,0.0823
25,2,92,283.8411,254.6644,297.3516,0.0000,0.0000,0.0000,61.4080,54.5810,63.1710,0.6204,0.6066,0.6071,1.2316,1.0930,1.2723,0.0120,0.0170,0.0170,0.1517,0.1196,0.1159
25,2,93,239.9553,226.6272,203.6687,0.0000,0.0000,0.0000,60.2509,56.4647,50.3739,0.3901,0.4006,0.3948,1.1464,1.0590,0.9582,0.0033,0.0033,0.0033,0.0409,0.0939,0.0617
25,2,94,186.8914,185.6818,175.6823,0.0000,0.0000,0.0000,54.3355,53.4976,50.2311,0.2607,0.2551,0.2606,0.9759,0.9961,0.9071,0.0000,0.0000,0.0000,0.0580,0.0351,0.0675
25,2,95,108.0364,140.3461,139.7059,0.0000,0.0000,0.0000,35.6263,46.0420,45.4853,0.2059,0.2078,0.2029,0.5193,0.6729,0.6704,0.0000,0.0000,0.0000,0.0239,0.0380,0.0229
25,2,96,75.8287,78.1296,101.6421,0.0000,0.0000,0.0000,29.0279,29.7676,38.4663,0.1690,0.1755,0.1811,0.3124,0.3145,0.4189,0.0000,0.0000,0.0000,0.0000,0.0000,0.0000
25,2,97,56.4125,52.9595,54.6607,0.0000,0.0000,0.0000,24.5411,22.8306,23.4323,0.1493,0.1486,0.1544,0.1957,0.1872,0.1909,0.0000,0.0000,0.0000,0.0000,0.0000,0.0000
25,2,98,43.0307,37.3262,35.1195,0.0000,0.0000,0.0000,21.9062,19.0414,17.8081,0.1122,0.1087,0.1078,0.1752,0.1536,0.1398,0.0000,0.0000,0.0000,0.0000,0.0000,0.0000
25,2,99,19.7608,27.4787,23.8439,0.0000,0.0000,0.0000,11.2078,15.4934,13.4330,0.0372,0.0386,0.0364,0.0687,0.0973,0.0857,0.0000,0.0000,0.0000,0.0000,0.0000,0.0000
25,2,100+,33.2171,33.1927,37.9926,0.0000,0.0000,0.0000,19.6500,19.6556,22.5316,0.0023,0.0024,0.0027,0.1352,0.1320,0.1498,0.0000,0.0000,0.0000,0.0000,0.0000,0.0000
2505,1,80,30.2661,25.5254,37.5234,0.0000,0.0000,0.0000,1.6372,1.3404,1.9373,0.4011,0.4574,0.5095,0.4757,0.4044,0.5965,0.0039,0.0044,0.0039,0.0285,0.0016,0.0023
2505,1,81,30.1190,28.6341,24.3360,0.0000,0.0000,0.0000,1.8625,1.7336,1.4308,0.4040,0.5133,0.5920,0.4146,0.4049,0.3513,0.0000,0.0000,0.0000,0.0110,0.0080,0.0007
2505,1,82,18.8681,28.3292,27.0844,0.0000,0.0000,0.0000,1.3190,1.9485,1.8277,0.3608,0.3910,0.5129,0.1709,0.2411,0.2367,0.0000,0.0000,0.0000,0.0000,0.0000,0.0000
2505,1,83,22.4251,17.7153,26.5178,0.0000,0.0000,0.0000,1.7963,1.3967,2.0571,0.3356,0.3366,0.3635,0.1111,0.0910,0.1280,0.0000,0.0000,0.0000,0.0000,0.0000,0.0001
2505,1,84,16.6051,20.6994,16.4240,0.0000,0.0000,0.0000,1.5582,1.8895,1.4771,0.2301,0.2693,0.2723,0.0775,0.1041,0.0856,0.0000,0.0000,0.0000,0.0000,0.0000,0.0000
2505,1,85,12.6829,15.0532,18.7696,0.0000,0.0000,0.0000,1.3792,1.6235,1.9784,0.1724,0.1886,0.2179,0.1106,0.1258,0.1690,0.0000,0.0000,0.0000,0.0000,0.0000,0.0000
2505,1,86,26.4788,11.3138,13.4311,0.0000,0.0000,0.0000,3.3727,1.4022,1.6556,0.1567,0.1583,0.1738,0.3082,0.1253,0.1424,0.0000,0.0000,0.0000,0.0001,0.0001,0.0001
2505,1,87,14.8306,23.0800,10.0015,0.0000,0.0000,0.0000,2.1747,3.3439,1.4067,0.1772,0.1995,0.2020,0.1721,0.2590,0.1063,0.0000,0.0000,0.0000,0.0000,0.0001,0.0000
2505,1,88,11.1325,12.6898,19.7312,0.0000,0.0000,0.0000,1.8837,2.1285,3.2777,0.1622,0.1718,0.2002,0.1480,0.1830,0.2751,0.0000,0.0000,0.0000,0.0000,0.0000,0.0000
2505,1,89,5.0005,9.2456,10.5259,0.0000,0.0000,0.0000,0.9753,1.7899,2.0220,0.0895,0.0918,0.0976,0.1129,0.1932,0.2387,0.0000,0.0000,0.0000,0.0000,0.0000,0.0000
2505,1,90,9.5995,4.0412,7.4646,0.0000,0.0000,0.0000,2.2321,0.9193,1.6817,0.0583,0.0546,0.0572,0.2260,0.0942,0.1603,0.0000,0.0000,0.0000,0.0000,0.0000,0.0000
2505,1,91,3.1743,7.5543,3.2236,0.0000,0.0000,0.0000,0.8354,1.9851,0.8260,0.0633,0.0720,0.0637,0.0545,0.1309,0.0550,0.0000,0.0000,0.0000,0.0000,0.0000,0.0000
2505,1,92,5.3510,2.4546,5.8021,0.0000,0.0000,0.0000,1.6412,0.7405,1.7482,0.0319,0.0375,0.0397,0.0399,0.0181,0.0430,0.0000,0.0000,0.0000,0.0000,0.0000,0.0000
2505,1,93,4.4193,3.9497,1.8196,0.0000,0.0000,0.0000,1.5796,1.4020,0.6408,0.0057,0.0063,0.0070,0.0050,0.0045,0.0021,0.0000,0.0000,0.0000,0.0000,0.0000,0.0000
2505,1,94,0.7146,3.1513,2.8225,0.0000,0.0000,0.0000,0.2938,1.2765,1.1357,0.0087,0.0085,0.0096,0.0000,0.0000,0.0000,0.0000,0.0000,0.0000,0.0000,0.0000,0.0000
2505,1,95,0.7321,0.5339,2.2120,0.0000,0.0000,0.0000,0.3129,0.2275,0.9870,0.0444,0.0470,0.0465,0.0000,0.0000,0.0000,0.0000,0.0000,0.0000,0.0000,0.0000,0.0000
2505,1,96,1.3756,0.5762,0.4550,0.0000,0.0000,0.0000,0.7091,0.2561,0.1903,0.0853,0.0994,0.1116,0.0000,0.0000,0.0000,0.0000,0.0000,0.0000,0.0000,0.0000,0.0000
2505,1,97,0.7508,0.9155,0.4512,0.0000,0.0000,0.0000,0.3852,0.5286,0.2186,0.1334,0.0697,0.0933,0.0000,0.0000,0.0000,0.0000,0.0000,0.0000,0.0000,0.0000,0.0000
2505,1,98,0.6289,0.4959,0.5634,0.0000,0.0000,0.0000,0.4073,0.3075,0.3747,0.0359,0.0515,0.0230,0.0000,0.0000,0.0000,0.0000,0.0000,0.0000,0.0000,0.0000,0.0000
2505,1,99,0.0023,0.3548,0.2789,0.0000,0.0000,0.0000,0.0000,0.2783,0.2207,0.0022,0.0040,0.0035,0.0000,0.0000,0.0000,0.0000,0.0000,0.0000,0.0000,0.0000,0.0000
2505,1,100+,0.0000,0.0015,0.2057,0.0000,0.0000,0.0000,0.0000,0.0010,0.1505,0.0000,0.0000,0.0000,0.0000,0.0000,0.0000,0.0000,0.0000,0.0000,0.0000,0.0000,0.0000
2505,2,80,36.5649,37.4901,32.3966,0.0000,0.0000,0.0000,1.4820,1.4920,1.2674,0.4382,0.5241,0.5641,0.4224,0.4448,0.3924,0.0253,0.0221,0.0221,0.0001,0.0000,0.0000
2505,2,81,31.4315,34.8913,35.8289,0.0000,0.0000,0.0000,1.4690,1.6108,1.6296,0.2301,0.2818,0.3369,0.3663,0.3845,0.4058,0.0377,0.0377,0.0377,0.0000,0.0000,0.0000
2505,2,82,25.5708,29.7503,33.0746,0.0000,0.0000,0.0000,1.3696,1.5686,1.7261,0.1340,0.1410,0.1764,0.2174,0.2734,0.2875,0.0224,0.0224,0.0224,0.0000,0.0000,0.0000
2505,2,83,35.6186,24.0207,27.9395,0.0000,0.0000,0.0000,2.2232,1.4756,1.6922,0.1156,0.1118,0.1182,0.2834,0.1917,0.2409,0.0055,0.0055,0.0055,0.0000,0.0000,0.0000
2505,2,84,26.0084,33.0961,22.3863,0.0000,0.0000,0.0000,1.8552,2.3488,1.5644,0.1599,0.1701,0.1653,0.2968,0.3479,0.2359,0.0000,0.0000,0.0000,0.0000,0.0001,0.0000
2505,2,85,18.4699,23.9964,30.4982,0.0000,0.0000,0.0000,1.5535,1.9828,2.5111,0.2660,0.2921,0.3107,0.2436,0.3215,0.3996,0.0000,0.0000,0.0000,0.0000,0.0000,0.0000
2505,2,86,24.6613,17.0179,22.0856,0.0000,0.0000,0.0000,2.4055,1.6332,2.0863,0.4008,0.4152,0.4557,0.3358,0.2343,0.2805,0.0000,0.0000,0.0000,0.0000,0.0000,0.0000
2505,2,87,18.9693,22.2403,15.4802,0.0000,0.0000,0.0000,2.1423,2.4896,1.7047,0.3373,0.3689,0.3831,0.2261,0.3018,0.2163,0.0000,0.0000,0.0000,0.0000,0.0000,0.0000
2505,2,88,21.0360,16.6988,19.5782,0.0000,0.0000,0.0000,2.8227,2.2131,2.5672,0.2023,0.2006,0.2208,0.3465,0.2595,0.3178,0.0000,0.0000,0.0000,0.0000,0.0000,0.0000
2505,2,89,12.8713,18.0603,14.3718,0.0000,0.0000,0.0000,2.0317,2.8072,2.2122,0.1012,0.1093,0.1093,0.1980,0.2804,0.2258,0.0000,0.0000,0.0000,0.0000,0.0000,0.0000
2505,2,90,8.4500,10.8637,15.2499,0.0000,0.0000,0.0000,1.5603,1.9921,2.7584,0.0971,0.0885,0.0957,0.0862,0.1036,0.1494,0.0000,0.0000,0.0000,0.0000,0.0000,0.0000
2505,2,91,9.8912,6.9898,8.9869,0.0000,0.0000,0.0000,2.1187,1.4843,1.8917,0.0463,0.0502,0.0456,0.0366,0.0258,0.0310,0.0000,0.0000,0.0000,0.0000,0.0000,0.0000
2505,2,92,3.9962,7.9135,5.6025,0.0000,0.0000,0.0000,1.0038,1.9677,1.3837,0.0114,0.0105,0.0115,0.0105,0.0208,0.0147,0.0000,0.0000,0.0000,0.0000,0.0000,0.0000
2505,2,93,9.9697,3.0700,6.0979,0.0000,0.0000,0.0000,2.9500,0.9019,1.7700,0.0000,0.0000,0.0000,0.0748,0.0230,0.0455,0.0000,0.0000,0.0000,0.0000,0.0000,0.0000
2505,2,94,5.9087,7.3450,2.2658,0.0000,0.0000,0.0000,2.0329,2.5246,0.7731,0.0000,0.0000,0.0000,0.0577,0.0956,0.0294,0.0000,0.0000,0.0000,0.0000,0.0000,0.0000
2505,2,95,3.5821,4.2331,5.2538,0.0000,0.0000,0.0000,1.3864,1.6478,2.0463,0.0000,0.0000,0.0000,0.0296,0.0262,0.0435,0.0000,0.0000,0.0000,0.0000,0.0000,0.0000
2505,2,96,2.0591,2.4666,2.9128,0.0000,0.0000,0.0000,0.9359,1.1083,1.3138,0.0000,0.0000,0.0000,0.0049,0.0058,0.0051,0.0000,0.0000,0.0000,0.0000,0.0000,0.0000
2505,2,97,1.3131,1.3597,1.6336,0.0000,0.0000,0.0000,0.6876,0.6999,0.8322,0.0002,0.0002,0.0002,0.0000,0.0000,0.0000,0.0000,0.0000,0.0000,0.0000,0.0000,0.0000
2505,2,98,0.6091,0.8101,0.8439,0.0000,0.0000,0.0000,0.3896,0.5033,0.5160,0.0002,0.0002,0.0002,0.0000,0.0000,0.0000,0.0000,0.0000,0.0000,0.0000,0.0000,0.0000
2505,2,99,0.0001,0.3550,0.4789,0.0000,0.0000,0.0000,0.0000,0.2533,0.3321,0.0000,0.0000,0.0000,0.0000,0.0000,0.0000,0.0000,0.0000,0.0000,0.0000,0.0000,0.0000
2505,2,100+,0.6288,0.3947,0.4698,0.0000,0.0000,0.0000,0.3711,0.2336,0.2789,0.0000,0.0000,0.0001,0.0000,0.0000,0.0000,0.0000,0.0000,0.0000,0.0000,0.0000,0.0000
2506,1,80,18.9016,15.1380,12.7295,0.0000,0.0000,0.0000,0.9206,0.7179,0.5896,0.1339,0.1432,0.1477,0.3172,0.2667,0.2079,0.0040,0.0045,0.0040,0.0000,0.0000,0.0000
2506,1,81,9.5321,17.9270,14.4110,0.0000,0.0000,0.0000,0.5216,0.9739,0.7626,0.1316,0.1492,0.1599,0.0922,0.1656,0.1396,0.0146,0.0146,0.0146,0.0000,0.0000,0.0000
2506,1,82,11.3329,9.0513,16.9282,0.0000,0.0000,0.0000,0.7114,0.5528,1.0295,0.1173,0.1224,0.1408,0.0983,0.0780,0.1393,0.0270,0.0270,0.0270,0.0000,0.0000,0.0000
2506,1,83,14.0257,10.6370,8.5418,0.0000,0.0000,0.0000,1.0076,0.7542,0.5897,0.1138,0.1142,0.1195,0.0977,0.0736,0.0586,0.0186,0.0186,0.0186,0.0000,0.0000,0.0000
2506,1,84,7.4602,13.0159,9.9105,0.0000,0.0000,0.0000,0.6201,1.0611,0.7973,0.1200,0.1259,0.1264,0.0450,0.0788,0.0596,0.0053,0.0053,0.0044,0.0000,0.0000,0.0000
2506,1,85,6.4285,6.8506,11.9233,0.0000,0.0000,0.0000,0.6202,0.6552,1.1178,0.0727,0.0760,0.0792,0.0244,0.0304,0.0529,0.0000,0.0000,0.0000,0.0000,0.0000,0.0000
2506,1,86,10.7741,5.8109,6.1876,0.0000,0.0000,0.0000,1.2130,0.6377,0.6777,0.0468,0.0477,0.0496,0.0609,0.0280,0.0347,0.0000,0.0000,0.0000,0.0000,0.0000,0.0000
2506,1,87,8.8269,9.5247,5.1766,0.0000,0.0000,0.0000,1.1499,1.2238,0.6480,0.0472,0.0488,0.0495,0.0705,0.0759,0.0351,0.0000,0.0000,0.0000,0.0000,0.0000,0.0000
2506,1,88,3.4869,7.6775,8.2971,0.0000,0.0000,0.0000,0.5225,1.1388,1.2166,0.0262,0.0271,0.0281,0.0168,0.0370,0.0399,0.0000,0.0000,0.0000,0.0000,0.0000,0.0000
2506,1,89,3.4050,2.9738,6.5528,0.0000,0.0000,0.0000,0.5844,0.5052,1.0996,0.0066,0.0066,0.0070,0.0165,0.0145,0.0318,0.0000,0.0000,0.0000,0.0000,0.0000,0.0000
2506,1,90,4.9298,2.8043,2.4532,0.0000,0.0000,0.0000,1.0032,0.5627,0.4879,0.0000,0.0000,0.0000,0.0667,0.0378,0.0330,0.0000,0.0000,0.0000,0.0000,0.0000,0.0000
2506,1,91,3.9717,3.9233,2.2381,0.0000,0.0000,0.0000,0.9386,0.9164,0.5152,0.0000,0.0000,0.0000,0.0908,0.0895,0.0509,0.0000,0.0000,0.0000,0.0000,0.0000,0.0000
2506,1,92,1.5563,3.0966,3.0633,0.0000,0.0000,0.0000,0.4215,0.8329,0.8161,0.0000,0.0000,0.0000,0.0222,0.0441,0.0436,0.0000,0.0000,0.0000,0.0000,0.0000,0.0000
2506,1,93,0.0000,1.1848,2.3615,0.0000,0.0000,0.0000,0.0000,0.3665,0.7267,0.0000,0.0000,0.0000,0.0000,0.0047,0.0094,0.0000,0.0000,0.0000,0.0000,0.0000,0.0000
2506,1,94,2.2068,0.0001,0.8783,0.0000,0.0000,0.0000,0.7921,0.0000,0.3062,0.0001,0.0001,0.0001,0.0000,0.0000,0.0000,0.0000,0.0000,0.0000,0.0000,0.0000,0.0000
2506,1,95,0.7195,1.5746,0.0002,0.0000,0.0000,0.0000,0.2813,0.6316,0.0000,0.0001,0.0001,0.0001,0.0000,0.0000,0.0000,0.0000,0.0000,0.0000,0.0000,0.0000,0.0000
2506,1,96,0.0000,0.4939,1.0697,0.0000,0.0000,0.0000,0.0000,0.2262,0.5044,0.0000,0.0000,0.0000,0.0000,0.0000,0.0000,0.0000,0.0000,0.0000,0.0000,0.0000,0.0000
2506,1,97,0.0000,0.0000,0.3256,0.0000,0.0000,0.0000,0.0000,0.0000,0.1685,0.0000,0.0000,0.0000,0.0000,0.0000,0.0000,0.0000,0.0000,0.0000,0.0000,0.0000,0.0000
2506,1,98,1.2683,0.0000,0.0000,0.0000,0.0000,0.0000,0.7322,0.0000,0.0000,0.0000,0.0000,0.0000,0.0001,0.0000,0.0000,0.0000,0.0000,0.0000,0.0000,0.0000,0.0000
2506,1,99,0.0000,0.7640,0.0000,0.0000,0.0000,0.0000,0.0000,0.5045,0.0000,0.0000,0.0000,0.0000,0.0000,0.0000,0.0000,0.0000,0.0000,0.0000,0.0000,0.0000,0.0000
2506,1,100+,1.1556,0.6673,0.8265,0.0000,0.0000,0.0000,0.8444,0.4883,0.6047,0.0000,0.0000,0.0000,0.0000,0.0000,0.0000,0.0000,0.0000,0.0000,0.0000,0.0000,0.0000
2506,2,80,7.7430,18.3355,15.0457,0.0000,0.0000,0.0000,0.2993,0.7079,0.5731,0.1276,0.1389,0.1409,0.0887,0.2015,0.1637,0.0034,0.0034,0.0034,0.0000,0.0056,0.0057
2506,2,81,11.5775,7.5356,17.6545,0.0000,0.0000,0.0000,0.5231,0.3275,0.7697,0.1298,0.1379,0.1503,0.0453,0.0350,0.0789,0.0172,0.0172,0.0172,0.0000,0.0000,0.0000
2506,2,82,12.4481,11.0995,7.2829,0.0000,0.0000,0.0000,0.6431,0.5647,0.3578,0.1043,0.1048,0.1128,0.0470,0.0453,0.0353,0.0308,0.0277,0.0277,0.0000,0.0000,0.0000
2506,2,83,16.9903,11.8021,10.5396,0.0000,0.0000,0.0000,1.0129,0.6977,0.6150,0.1094,0.1062,0.1071,0.1229,0.0692,0.0669,0.0150,0.0150,0.0150,0.0000,0.0000,0.0000
2506,2,84,14.0720,15.9399,11.1179,0.0000,0.0000,0.0000,0.9613,1.0781,0.7461,0.1096,0.1142,0.1103,0.0807,0.0925,0.0524,0.0042,0.0042,0.0042,0.0000,0.0000,0.0000
2506,2,85,8.3408,13.0150,14.7446,0.0000,0.0000,0.0000,0.6717,1.0369,1.1639,0.0860,0.0870,0.0907,0.0736,0.1075,0.1232,0.0000,0.0000,0.0000,0.0000,0.0001,0.0001
2506,2,86,8.1540,7.5671,11.8059,0.0000,0.0000,0.0000,0.7713,0.7088,1.0940,0.0451,0.0463,0.0469,0.1204,0.1116,0.1626,0.0003,0.0003,0.0003,0.0000,0.0000,0.0001
2506,2,87,7.1759,7.3235,6.8077,0.0000,0.0000,0.0000,0.7863,0.7920,0.7285,0.0364,0.0373,0.0383,0.0936,0.0954,0.0885,0.0194,0.0194,0.0194,0.0000,0.0000,0.0000
2506,2,88,2.7292,6.4129,6.5546,0.0000,0.0000,0.0000,0.3437,0.8066,0.8133,0.0514,0.0490,0.0505,0.0102,0.0365,0.0373,0.0307,0.0307,0.0307,0.0000,0.0000,0.0000
2506,2,89,7.0049,2.4326,5.6466,0.0000,0.0000,0.0000,1.0406,0.3543,0.8186,0.0425,0.0489,0.0470,0.0061,0.0014,0.0049,0.0094,0.0094,0.0094,0.0000,0.0000,0.0000
2506,2,90,8.5549,6.0213,2.1512,0.0000,0.0000,0.0000,1.5033,1.0426,0.3595,0.0734,0.0687,0.0767,0.0177,0.0124,0.0029,0.0031,0.0031,0.0031,0.0000,0.0000,0.0000
2506,2,91,5.8710,7.1665,5.0809,0.0000,0.0000,0.0000,1.1930,1.4480,1.0092,0.1045,0.1148,0.1077,0.0389,0.0552,0.0388,0.0000,0.0000,0.0000,0.0000,0.0000,0.0000
2506,2,92,4.0589,4.7633,5.8042,0.0000,0.0000,0.0000,0.9672,1.1254,1.3671,0.0788,0.0727,0.0794,0.0529,0.0527,0.0749,0.0000,0.0000,0.0000,0.0000,0.0000,0.0000
2506,2,93,3.9208,3.1984,3.7578,0.0000,0.0000,0.0000,1.0932,0.8827,1.0261,0.0485,0.0492,0.0477,0.0323,0.0260,0.0260,0.0000,0.0000,0.0000,0.0000,0.0000,0.0000
2506,2,94,3.8166,3.0039,2.4639,0.0000,0.0000,0.0000,1.2251,0.9566,0.7761,0.0493,0.0486,0.0491,0.0071,0.0070,0.0057,0.0000,0.0000,0.0000,0.0000,0.0000,0.0000
2506,2,95,0.7634,2.8200,2.2274,0.0000,0.0000,0.0000,0.2672,1.0266,0.8063,0.0309,0.0310,0.0306,0.0000,0.0000,0.0000,0.0000,0.0000,0.0000,0.0000,0.0000,0.0000
2506,2,96,1.4070,0.5438,1.9831,0.0000,0.0000,0.0000,0.6012,0.2276,0.8446,0.0082,0.0083,0.0083,0.0000,0.0000,0.0000,0.0000,0.0000,0.0000,0.0000,0.0000,0.0000
2506,2,97,0.6690,0.9464,0.3668,0.0000,0.0000,0.0000,0.3313,0.4608,0.1768,0.0000,0.0000,0.0000,0.0000,0.0000,0.0000,0.0000,0.0000,0.0000,0.0000,0.0000,0.0000
2506,2,98,1.2463,0.4223,0.6006,0.0000,0.0000,0.0000,0.7508,0.2471,0.3461,0.0002,0.0003,0.0002,0.0000,0.0000,0.0000,0.0000,0.0000,0.0000,0.0000,0.0000,0.0000
2506,2,99,0.0002,0.7454,0.2561,0.0000,0.0000,0.0000,0.0000,0.4995,0.1668,0.0002,0.0002,0.0002,0.0000,0.0000,0.0000,0.0000,0.0000,0.0000,0.0000,0.0000,0.0000
2506,2,100+,0.6289,0.3949,0.7146,0.0000,0.0000,0.0000,0.3711,0.2338,0.4241,0.0001,0.0002,0.0002,0.0000,0.0000,0.0000,0.0000,0.0000,0.0000,0.0000,0.0000,0.0000
2510,1,80,25.7281,25.5845,29.6233,0.0000,0.0000,0.0000,1.4090,1.3655,1.5513,0.3741,0.4122,0.4054,0.2390,0.2458,0.2850,0.0000,0.0000,0.0000,0.0000,0.0000,0.0000
2510,1,81,19.8544,24.2764,24.2261,0.0000,0.0000,0.0000,1.2455,1.5032,1.4624,0.3838,0.3994,0.4462,0.2856,0.3490,0.3437,0.0000,0.0000,0.0000,0.0000,0.0000,0.0000
2510,1,82,17.6331,18.5190,22.6270,0.0000,0.0000,0.0000,1.2821,1.3089,1.5806,0.3253,0.3343,0.3628,0.4090,0.3652,0.4335,0.0000,0.0000,0.0000,0.0000,0.0000,0.0000
2510,1,83,20.1899,16.0593,16.9827,0.0000,0.0000,0.0000,1.6765,1.3347,1.3706,0.2262,0.2238,0.2191,0.3578,0.4643,0.3895,0.0000,0.0000,0.0000,0.0000,0.0000,0.0000
2510,1,84,6.3674,18.2831,14.4915,0.0000,0.0000,0.0000,0.6156,1.7329,1.3695,0.0760,0.0954,0.0958,0.0928,0.2678,0.2961,0.0000,0.0000,0.0000,0.0000,0.0000,0.0000
2510,1,85,11.6584,5.7339,16.4416,0.0000,0.0000,0.0000,1.3054,0.6344,1.7811,0.0375,0.0369,0.0447,0.0736,0.0361,0.1036,0.0000,0.0000,0.0000,0.0000,0.0000,0.0000
2510,1,86,19.4943,10.3643,5.1214,0.0000,0.0000,0.0000,2.5227,1.3166,0.6434,0.0458,0.0394,0.0391,0.0308,0.0163,0.0080,0.0000,0.0000,0.0000,0.0000,0.0000,0.0000
2510,1,87,6.0890,16.9495,9.0361,0.0000,0.0000,0.0000,0.9131,2.5119,1.3171,0.0248,0.0278,0.0236,0.0227,0.0632,0.0336,0.0000,0.0000,0.0000,0.0000,0.0000,0.0000
2510,1,88,6.7577,5.1574,14.3585,0.0000,0.0000,0.0000,1.1854,0.8912,2.4560,0.0165,0.0157,0.0186,0.0731,0.0556,0.1550,0.0000,0.0000,0.0000,0.0000,0.0000,0.0000
2510,1,89,9.8855,5.5925,4.2848,0.0000,0.0000,0.0000,1.9890,1.1107,0.8381,0.0343,0.0346,0.0334,0.1579,0.0889,0.0679,0.0000,0.0000,0.0000,0.0000,0.0000,0.0000
2510,1,90,5.6830,7.9739,4.5467,0.0000,0.0000,0.0000,1.3130,1.8533,1.0409,0.0634,0.0587,0.0605,0.0709,0.1164,0.0659,0.0000,0.0000,0.0000,0.0000,0.0000,0.0000
2510,1,91,3.9452,4.5188,6.3039,0.0000,0.0000,0.0000,1.0648,1.1814,1.6619,0.0361,0.0406,0.0357,0.0272,0.0266,0.0434,0.0000,0.0000,0.0000,0.0000,0.0000,0.0000
2510,1,92,4.5782,3.0253,3.4886,0.0000,0.0000,0.0000,1.4345,0.9385,1.0489,0.0182,0.0205,0.0215,0.0057,0.0037,0.0037,0.0000,0.0000,0.0000,0.0000,0.0000,0.0000
2510,1,93,2.9574,3.3880,2.2572,0.0000,0.0000,0.0000,1.0738,1.2232,0.8054,0.0324,0.0340,0.0364,0.0000,0.0000,0.0000,0.0000,0.0000,0.0000,0.0000,0.0000,0.0000
2510,1,94,3.5581,2.1476,2.4562,0.0000,0.0000,0.0000,1.4977,0.8711,0.9934,0.0576,0.0613,0.0626,0.0000,0.0000,0.0000,0.0000,0.0000,0.0000,0.0000,0.0000,0.0000
2510,1,95,2.0829,2.4439,1.5040,0.0000,0.0000,0.0000,0.9573,1.1552,0.6859,0.0383,0.0420,0.0416,0.0000,0.0000,0.0000,0.0000,0.0000,0.0000,0.0000,0.0000,0.0000
2510,1,96,1.2832,1.3517,1.5670,0.0000,0.0000,0.0000,0.7231,0.7429,0.8881,0.0069,0.0099,0.0121,0.0000,0.0000,0.0000,0.0000,0.0000,0.0000,0.0000,0.0000,0.0000
2510,1,97,0.0000,0.7794,0.8290,0.0000,0.0000,0.0000,0.0000,0.5028,0.5230,0.0000,0.0000,0.0000,0.0000,0.0000,0.0000,0.0000,0.0000,0.0000,0.0000,0.0000,0.0000
2510,1,98,0.0000,0.0000,0.4537,0.0000,0.0000,0.0000,0.0000,0.0000,0.3253,0.0000,0.0000,0.0000,0.0000,0.0000,0.0000,0.0000,0.0000,0.0000,0.0000,0.0000,0.0000
2510,1,99,0.0000,0.0000,0.0000,0.0000,0.0000,0.0000,0.0000,0.0000,0.0000,0.0000,0.0000,0.0000,0.0000,0.0000,0.0000,0.0000,0.0000,0.0000,0.0000,0.0000,0.0000
2510,1,100+,0.0003,0.0003,0.0004,0.0000,0.0000,0.0000,0.0000,0.0001,0.0001,0.0003,0.0001,0.0001,0.0000,0.0000,0.0000,0.0000,0.0000,0.0000,0.0000,0.0000,0.0000
2510,2,80,27.7400,25.0518,19.2731,0.0000,0.0000,0.0000,1.0973,0.9744,0.7441,0.3339,0.3658,0.3649,0.4966,0.4470,0.3073,0.0000,0.0000,0.0000,0.0000,0.0000,0.0000
2510,2,81,18.1540,26.4301,23.9328,0.0000,0.0000,0.0000,0.8286,1.1864,1.0590,0.2538,0.2577,0.2843,0.2703,0.3808,0.3439,0.0000,0.0000,0.0000,0.0000,0.0000,0.0000
2510,2,82,19.9138,17.3162,25.1725,0.0000,0.0000,0.0000,1.0437,0.8868,1.2687,0.2628,0.2509,0.2508,0.3080,0.2005,0.2386,0.0000,0.0000,0.0000,0.0000,0.0000,0.0000
2510,2,83,19.8434,18.7860,16.4431,0.0000,0.0000,0.0000,1.1988,1.1235,0.9630,0.2751,0.2526,0.2508,0.2353,0.2568,0.1603,0.0000,0.0000,0.0000,0.0000,0.0000,0.0000
2510,2,84,14.1898,18.7350,17.7232,0.0000,0.0000,0.0000,0.9761,1.2762,1.1955,0.2951,0.3225,0.2937,0.1294,0.1572,0.1609,0.0000,0.0000,0.0000,0.0001,0.0001,0.0002
2510,2,85,18.6668,13.3256,17.5499,0.0000,0.0000,0.0000,1.5099,1.0607,1.3862,0.2488,0.2603,0.2796,0.0728,0.0643,0.0799,0.0000,0.0000,0.0000,0.0000,0.0001,0.0001
2510,2,86,17.4790,17.1902,12.2984,0.0000,0.0000,0.0000,1.6471,1.6047,1.1367,0.1732,0.1759,0.1821,0.0482,0.0481,0.0732,0.0000,0.0000,0.0000,0.0000,0.0000,0.0000
2510,2,87,16.0757,15.8447,15.6008,0.0000,0.0000,0.0000,1.8066,1.7174,1.6742,0.1371,0.1409,0.1441,0.2555,0.0587,0.0593,0.0000,0.0000,0.0000,0.0000,0.0000,0.0000
2510,2,88,13.2669,14.1287,14.1587,0.0000,0.0000,0.0000,1.7251,1.8454,1.7803,0.1506,0.1470,0.1427,0.1614,0.2503,0.0496,0.0000,0.0000,0.0000,0.0000,0.0000,0.0000
2510,2,89,6.9191,11.5305,12.2005,0.0000,0.0000,0.0000,1.0654,1.7305,1.8417,0.1441,0.1557,0.1526,0.1596,0.1639,0.2410,0.0000,0.0000,0.0000,0.0000,0.0000,0.0000
2510,2,90,7.6175,5.8322,9.7455,0.0000,0.0000,0.0000,1.3685,1.0489,1.7186,0.0726,0.0715,0.0791,0.0861,0.1097,0.1478,0.0000,0.0000,0.0000,0.0000,0.0000,0.0000
2510,2,91,8.1722,6.2426,4.8050,0.0000,0.0000,0.0000,1.7206,1.3041,0.9926,0.0433,0.0438,0.0421,0.1507,0.1146,0.0783,0.0000,0.0000,0.0000,0.0000,0.0000,0.0000
2510,2,92,2.4089,6.4824,4.9715,0.0000,0.0000,0.0000,0.5869,1.5843,1.2044,0.0549,0.0536,0.0547,0.0585,0.1593,0.1212,0.0000,0.0000,0.0000,0.0000,0.0000,0.0000
2510,2,93,2.3488,1.8838,4.9782,0.0000,0.0000,0.0000,0.6650,0.5298,1.4131,0.0625,0.0610,0.0582,0.0461,0.0555,0.1493,0.0000,0.0000,0.0000,0.0000,0.0000,0.0000
2510,2,94,2.2543,1.8057,1.4437,0.0000,0.0000,0.0000,0.7456,0.5787,0.4623,0.0740,0.0760,0.0698,0.0740,0.0388,0.0464,0.0000,0.0000,0.0000,0.0000,0.0000,0.0000
2510,2,95,7.1528,1.6400,1.3484,0.0000,0.0000,0.0000,2.7044,0.6158,0.4891,0.0462,0.0485,0.0588,0.1871,0.0468,0.0254,0.0000,0.0000,0.0000,0.0000,0.0000,0.0000
2510,2,96,2.0709,4.9458,1.1407,0.0000,0.0000,0.0000,0.9121,2.1573,0.4993,0.0114,0.0118,0.0153,0.0284,0.0609,0.0155,0.0000,0.0000,0.0000,0.0000,0.0000,0.0000
2510,2,97,0.6631,1.3808,3.3088,0.0000,0.0000,0.0000,0.3351,0.6860,1.6265,0.0000,0.0000,0.0000,0.0021,0.0045,0.0096,0.0000,0.0000,0.0000,0.0000,0.0000,0.0000
2510,2,98,0.6188,0.4155,0.8702,0.0000,0.0000,0.0000,0.3797,0.2477,0.5106,0.0000,0.0000,0.0000,0.0000,0.0000,0.0000,0.0000,0.0000,0.0000,0.0000,0.0000,0.0000
2510,2,99,0.0001,0.3672,0.2500,0.0000,0.0000,0.0000,0.0000,0.2508,0.1660,0.0001,0.0001,0.0001,0.0000,0.0000,0.0000,0.0000,0.0000,0.0000,0.0000,0.0000,0.0000
2510,2,100+,1.8866,1.1839,0.9721,0.0000,0.0000,0.0000,1.1133,0.7008,0.5769,0.0003,0.0003,0.0003,0.0002,0.0001,0.0001,0.0000,0.0000,0.0000,0.0000,0.0000,0.0000
2513,1,80,19.9579,17.2276,24.7858,0.0000,0.0000,0.0000,1.1842,0.9940,1.4108,0.3340,0.3767,0.3557,0.1960,0.1677,0.2345,0.0027,0.0031,0.0027,0.0000,0.0000,0.0000
2513,1,81,17.1194,18.9333,16.4977,0.0000,0.0000,0.0000,1.1530,1.2604,1.0663,0.4065,0.3844,0.4616,0.1441,0.1589,0.1365,0.0100,0.0100,0.0100,0.0000,0.0000,0.0000
2513,1,82,20.4612,16.0509,17.7298,0.0000,0.0000,0.0000,1.6041,1.2198,1.3327,0.3217,0.3514,0.3537,0.2729,0.2202,0.2432,0.0184,0.0184,0.0184,0.0000,0.0000,0.0000
2513,1,83,10.9950,18.6173,14.6923,0.0000,0.0000,0.0000,0.9931,1.6742,1.2847,0.2235,0.2258,0.2229,0.2460,0.4081,0.3114,0.0127,0.0127,0.0127,0.0000,0.0000,0.0000
2513,1,84,7.9819,9.8031,16.6037,0.0000,0.0000,0.0000,0.8601,1.0238,1.7164,0.0992,0.1172,0.1182,0.2655,0.2885,0.4193,0.0036,0.0036,0.0030,0.0000,0.0000,0.0000
2513,1,85,11.5461,6.9857,8.6424,0.0000,0.0000,0.0000,1.4132,0.8614,1.0346,0.1034,0.1074,0.1232,0.1441,0.2452,0.2493,0.0000,0.0000,0.0000,0.0000,0.0000,0.0000
2513,1,86,8.8672,10.2141,6.1907,0.0000,0.0000,0.0000,1.2414,1.4114,0.8483,0.1769,0.1647,0.1719,0.0694,0.0847,0.1194,0.0000,0.0000,0.0000,0.0000,0.0000,0.0000
2513,1,87,13.7817,7.7286,8.8812,0.0000,0.0000,0.0000,2.2595,1.2368,1.4048,0.1360,0.1513,0.1363,0.0950,0.0545,0.0633,0.0000,0.0000,0.0000,0.0000,0.0000,0.0000
2513,1,88,6.8145,11.6752,6.6326,0.0000,0.0000,0.0000,1.2833,2.1836,1.2122,0.1195,0.1148,0.1357,0.0214,0.0368,0.0204,0.0000,0.0000,0.0000,0.0000,0.0000,0.0000
2513,1,89,5.8434,5.6935,9.7061,0.0000,0.0000,0.0000,1.2462,1.2125,2.0537,0.0946,0.0954,0.0918,0.0034,0.0039,0.0066,0.0000,0.0000,0.0000,0.0000,0.0000,0.0000
2513,1,90,4.7988,4.6975,4.5767,0.0000,0.0000,0.0000,1.2320,1.1768,1.1472,0.0482,0.0447,0.0460,0.0170,0.0142,0.0161,0.0000,0.0000,0.0000,0.0000,0.0000,0.0000
2513,1,91,4.5612,3.6596,3.6134,0.0000,0.0000,0.0000,1.3833,1.0955,1.0490,0.0071,0.0079,0.0070,0.0638,0.0510,0.0428,0.0000,0.0000,0.0000,0.0000,0.0000,0.0000
2513,1,92,1.4471,3.3080,2.6598,0.0000,0.0000,0.0000,0.5176,1.1747,0.9349,0.0000,0.0000,0.0000,0.0353,0.0805,0.0646,0.0000,0.0000,0.0000,0.0000,0.0000,0.0000
2513,1,93,1.3966,1.0127,2.3198,0.0000,0.0000,0.0000,0.5812,0.4186,0.9534,0.0001,0.0001,0.0001,0.0217,0.0157,0.0359,0.0000,0.0000,0.0000,0.0000,0.0000,0.0000
2513,1,94,1.3449,0.9473,0.6881,0.0000,0.0000,0.0000,0.6486,0.4453,0.3214,0.0001,0.0001,0.0001,0.0059,0.0042,0.0030,0.0000,0.0000,0.0000,0.0000,0.0000,0.0000
2513,1,95,0.6552,0.8719,0.6201,0.0000,0.0000,0.0000,0.3455,0.4727,0.3275,0.0000,0.0000,0.0000,0.0000,0.0000,0.0000,0.0000,0.0000,0.0000,0.0000,0.0000,0.0000
2513,1,96,0.0000,0.4027,0.5287,0.0000,0.0000,0.0000,0.0000,0.2530,0.3430,0.0000,0.0000,0.0000,0.0000,0.0000,0.0000,0.0000,0.0000,0.0000,0.0000,0.0000,0.0000
2513,1,97,0.5768,0.0000,0.2342,0.0000,0.0000,0.0000,0.4252,0.0000,0.1687,0.0000,0.0000,0.0000,0.0000,0.0000,0.0000,0.0000,0.0000,0.0000,0.0000,0.0000,0.0000
2513,1,98,0.5508,0.3170,0.0001,0.0000,0.0000,0.0000,0.4496,0.2608,0.0000,0.0002,0.0003,0.0001,0.0000,0.0000,0.0000,0.0000,0.0000,0.0000,0.0000,0.0000,0.0000
2513,1,99,0.0081,0.2965,0.1739,0.0000,0.0000,0.0000,0.0000,0.2691,0.1558,0.0081,0.0147,0.0125,0.0000,0.0000,0.0000,0.0000,0.0000,0.0000,0.0000,0.0000,0.0000
2513,1,100+,0.2173,0.2398,0.3891,0.0000,0.0000,0.0000,0.0000,0.0953,0.2266,0.2173,0.1097,0.0794,0.0000,0.0000,0.0000,0.0000,0.0000,0.0000,0.0000,0.0000,0.0000
2513,2,80,31.1179,16.4149,24.0451,0.0000,0.0000,0.0000,1.1656,0.5981,0.8872,0.1822,0.1867,0.1937,0.9025,0.3685,0.9705,0.0000,0.0000,0.0000,0.0000,0.0000,0.0000
2513,2,81,20.1343,29.4977,15.6903,0.0000,0.0000,0.0000,0.8461,1.2397,0.6461,0.1354,0.1428,0.1538,0.1542,0.5243,0.2322,0.0000,0.0000,0.0000,0.0000,0.0000,0.0000
2513,2,82,17.0020,19.1900,28.0051,0.0000,0.0000,0.0000,0.8288,0.9095,1.3185,0.1231,0.1198,0.1246,0.2941,0.1529,0.2971,0.0000,0.0000,0.0000,0.0000,0.0000,0.0000
2513,2,83,19.9339,16.1604,18.2350,0.0000,0.0000,0.0000,1.1055,0.8893,0.9879,0.1755,0.1661,0.1598,0.1379,0.1182,0.1260,0.0000,0.0000,0.0000,0.0000,0.0000,0.0000
2513,2,84,13.2348,18.7974,15.2783,0.0000,0.0000,0.0000,0.8395,1.1846,0.9538,0.1577,0.1656,0.1582,0.0837,0.1192,0.0870,0.0000,0.0000,0.0000,0.0000,0.0000,0.0000
2513,2,85,13.9924,12.3710,17.5506,0.0000,0.0000,0.0000,1.0517,0.9132,1.2855,0.0856,0.0864,0.0902,0.0420,0.0370,0.0527,0.0000,0.0000,0.0000,0.0000,0.0000,0.0000
2513,2,86,16.6108,12.9386,11.4627,0.0000,0.0000,0.0000,1.4492,1.1170,0.9735,0.0687,0.0704,0.0717,0.0096,0.0075,0.0066,0.0000,0.0000,0.0000,0.0000,0.0000,0.0000
2513,2,87,9.1978,15.2121,11.8926,0.0000,0.0000,0.0000,0.9233,1.5156,1.1701,0.1335,0.1372,0.1405,0.0126,0.0209,0.0163,0.0000,0.0000,0.0000,0.0000,0.0000,0.0000
2513,2,88,5.5136,8.3563,13.7315,0.0000,0.0000,0.0000,0.6377,0.9712,1.5869,0.1804,0.1745,0.1804,0.0297,0.0455,0.0752,0.0000,0.0000,0.0000,0.0000,0.0000,0.0000
2513,2,89,11.3985,4.9081,7.3880,0.0000,0.0000,0.0000,1.5885,0.6650,1.0020,0.0925,0.1035,0.1003,0.1050,0.0445,0.0675,0.0000,0.0000,0.0000,0.0000,0.0000,0.0000
2513,2,90,17.1300,9.7920,4.2518,0.0000,0.0000,0.0000,2.8335,1.5937,0.6780,0.0427,0.0396,0.0438,0.0815,0.0515,0.0222,0.0000,0.0000,0.0000,0.0000,0.0000,0.0000
2513,2,91,5.9334,14.4634,8.3011,0.0000,0.0000,0.0000,1.1186,2.7286,1.5414,0.0543,0.0591,0.0548,0.0025,0.0056,0.0035,0.0000,0.0000,0.0000,0.0000,0.0000,0.0000
2513,2,92,7.4606,4.9558,11.9761,0.0000,0.0000,0.0000,1.6353,1.0683,2.5954,0.0975,0.0906,0.0998,0.0000,0.0000,0.0001,0.0000,0.0000,0.0000,0.0000,0.0000,0.0000
2513,2,93,5.5952,5.9665,3.9916,0.0000,0.0000,0.0000,1.4377,1.5239,1.0033,0.0623,0.0607,0.0578,0.0263,0.0280,0.0186,0.0000,0.0000,0.0000,0.0000,0.0000,0.0000
2513,2,94,3.0358,4.2460,4.5325,0.0000,0.0000,0.0000,0.9233,1.2824,1.3600,0.0188,0.0190,0.0181,0.0594,0.0831,0.0886,0.0000,0.0000,0.0000,0.0000,0.0000,0.0000
2513,2,95,4.3448,2.1910,3.0704,0.0000,0.0000,0.0000,1.5057,0.7702,1.0706,0.0000,0.0000,0.0000,0.1471,0.0744,0.1041,0.0000,0.0000,0.0000,0.0000,0.0000,0.0000
2513,2,96,1.4258,3.0610,1.5389,0.0000,0.0000,0.0000,0.5594,1.2167,0.6196,0.0000,0.0000,0.0000,0.0150,0.0653,0.0329,0.0000,0.0000,0.0000,0.0000,0.0000,0.0000
2513,2,97,2.0551,0.9863,2.1125,0.0000,0.0000,0.0000,0.9335,0.4369,0.9347,0.0000,0.0000,0.0000,0.0123,0.0029,0.0125,0.0000,0.0000,0.0000,0.0000,0.0000,0.0000
2513,2,98,0.0000,1.3423,0.6452,0.0000,0.0000,0.0000,0.0000,0.7130,0.3411,0.0000,0.0000,0.0000,0.0000,0.0000,0.0000,0.0000,0.0000,0.0000,0.0000,0.0000,0.0000
2513,2,99,0.0001,0.0002,0.8458,0.0000,0.0000,0.0000,0.0000,0.0000,0.4981,0.0002,0.0002,0.0002,0.0000,0.0000,0.0000,0.0000,0.0000,0.0000,0.0000,0.0000,0.0000
2513,2,100+,0.0003,0.0005,0.0007,0.0000,0.0000,0.0000,0.0000,0.0002,0.0003,0.0003,0.0003,0.0003,0.0000,0.0000,0.0000,0.0000,0.0000,0.0000,0.0000,0.0000,0.0000
2518,1,80,28.3254,25.2060,28.4062,0.0000,0.0000,0.0000,1.5541,1.3423,1.4801,0.0400,0.0427,0.0431,0.1751,0.1548,0.1757,0.0197,0.0222,0.0197,0.0080,0.0060,0.0090
2518,1,81,15.9265,26.5006,23.6393,0.0000,0.0000,0.0000,0.9916,1.6407,1.4241,0.0431,0.0472,0.0504,0.1422,0.2004,0.1889,0.0217,0.0217,0.0217,0.0060,0.0592,0.0325
2518,1,82,23.1548,14.8413,24.5917,0.0000,0.0000,0.0000,1.6590,1.0326,1.7111,0.1117,0.1147,0.1296,0.2750,0.1838,0.2647,0.0221,0.0221,0.0221,0.0440,0.0100,0.1009
2518,1,83,29.3155,21.2857,13.7532,0.0000,0.0000,0.0000,2.4054,1.7238,1.0802,0.1555,0.1559,0.1609,0.4057,0.2926,0.1889,0.0233,0.0233,0.0233,0.0465,0.0349,0.0087
2518,1,84,12.8090,26.7240,19.4754,0.0000,0.0000,0.0000,1.2161,2.4792,1.7863,0.1517,0.1617,0.1703,0.1161,0.2270,0.1709,0.0125,0.0125,0.0104,0.0338,0.0582,0.0385
2518,1,85,9.1505,11.7250,24.2808,0.0000,0.0000,0.0000,0.9883,1.2556,2.5617,0.2114,0.2484,0.2495,0.0286,0.0317,0.0569,0.0024,0.0024,0.0024,0.0472,0.0567,0.0785
2518,1,86,13.4808,8.3751,10.7140,0.0000,0.0000,0.0000,1.6890,1.0107,1.2923,0.2458,0.2851,0.3432,0.0183,0.0115,0.0145,0.0000,0.0000,0.0000,0.0595,0.0395,0.0504
2518,1,87,6.1069,11.7609,7.3699,0.0000,0.0000,0.0000,0.8952,1.7034,1.0387,0.1608,0.1571,0.1636,0.0818,0.1045,0.0828,0.0000,0.0000,0.0000,0.0768,0.0730,0.0464
2518,1,88,11.6841,5.0019,9.8573,0.0000,0.0000,0.0000,2.0286,0.8773,1.6715,0.0786,0.0871,0.0912,0.3047,0.2203,0.2442,0.0000,0.0000,0.0000,0.0652,0.0965,0.0836
2518,1,89,3.2470,9.5675,4.0408,0.0000,0.0000,0.0000,0.6428,1.8801,0.7987,0.1107,0.1035,0.1118,0.1976,0.3106,0.2371,0.0000,0.0000,0.0000,0.0224,0.0351,0.0376
2518,1,90,4.1548,2.7140,7.7727,0.0000,0.0000,0.0000,0.9322,0.5918,1.7429,0.1327,0.1592,0.1374,0.0456,0.0979,0.1844,0.0000,0.0000,0.0000,0.0000,0.0029,0.0090
2518,1,91,5.4635,3.2674,2.2266,0.0000,0.0000,0.0000,1.4654,0.8608,0.5484,0.1291,0.0936,0.1396,0.2016,0.1197,0.0793,0.0000,0.0000,0.0000,0.0000,0.0000,0.0000
2518,1,92,3.6668,4.0258,2.4171,0.0000,0.0000,0.0000,1.1750,1.2772,0.7573,0.0764,0.0912,0.0592,0.2347,0.2541,0.1521,0.0000,0.0000,0.0000,0.0000,0.0000,0.0000
2518,1,93,1.5295,2.6360,2.9014,0.0000,0.0000,0.0000,0.5070,0.9627,1.0531,0.0366,0.0375,0.0413,0.0000,0.1049,0.1137,0.0000,0.0000,0.0000,0.0000,0.0000,0.0000
2518,1,94,2.1362,1.1136,1.8715,0.0000,0.0000,0.0000,0.8626,0.4311,0.7594,0.0151,0.0154,0.0161,0.0157,0.0003,0.0205,0.0000,0.0000,0.0000,0.0000,0.0000,0.0000
2518,1,95,0.7251,1.5126,0.8255,0.0000,0.0000,0.0000,0.3137,0.6650,0.3295,0.0381,0.0418,0.0413,0.0000,0.0000,0.0000,0.0000,0.0000,0.0000,0.0000,0.0000,0.0000
2518,1,96,1.3309,0.5323,1.0557,0.0000,0.0000,0.0000,0.7108,0.2542,0.5305,0.0423,0.0608,0.0741,0.0000,0.0000,0.0002,0.0000,0.0000,0.0000,0.0000,0.0000,0.0000
2518,1,97,0.0582,0.8359,0.3609,0.0000,0.0000,0.0000,0.0000,0.5126,0.2025,0.0580,0.0187,0.0308,0.0000,0.0000,0.0000,0.0000,0.0000,0.0000,0.0000,0.0000,0.0000
2518,1,98,0.5993,0.0455,0.4958,0.0000,0.0000,0.0000,0.4083,0.0239,0.3429,0.0072,0.0111,0.0033,0.0000,0.0000,0.0000,0.0000,0.0000,0.0000,0.0000,0.0000,0.0000
2518,1,99,1.1263,0.3335,0.0253,0.0000,0.0000,0.0000,0.8748,0.2658,0.0203,0.0000,0.0000,0.0000,0.0001,0.0000,0.0000,0.0000,0.0000,0.0000,0.0000,0.0000,0.0000
2518,1,100+,0.5778,0.9840,0.7609,0.0000,0.0000,0.0000,0.4222,0.7201,0.5567,0.0001,0.0001,0.0001,0.0001,0.0002,0.0001,0.0000,0.0000,0.0000,0.0000,0.0000,0.0000
2518,2,80,25.0955,26.1262,33.4124,0.0000,0.0000,0.0000,0.8337,0.8511,1.0719,0.3532,0.3660,0.3825,0.3633,0.3704,0.4675,0.0070,0.0064,0.0064,0.0934,0.0764,0.0917
2518,2,81,21.2351,24.1769,25.2035,0.0000,0.0000,0.0000,0.8071,0.9058,0.9330,0.2712,0.2666,0.2892,0.2190,0.2612,0.2625,0.0273,0.0273,0.0273,0.0350,0.0565,0.0472
2518,2,82,22.0369,20.3817,23.1648,0.0000,0.0000,0.0000,0.9562,0.8703,0.9828,0.1805,0.1759,0.1746,0.2173,0.1897,0.2277,0.0457,0.0436,0.0436,0.0241,0.0120,0.0177
2518,2,83,30.2102,20.8620,19.3214,0.0000,0.0000,0.0000,1.5391,1.0348,0.9470,0.0859,0.0802,0.0783,0.3644,0.2429,0.2156,0.0239,0.0239,0.0239,0.0020,0.0013,0.0007
2518,2,84,22.4779,28.2705,19.5541,0.0000,0.0000,0.0000,1.2947,1.6268,1.1044,0.0664,0.0787,0.0646,0.2951,0.3956,0.2665,0.0053,0.0053,0.0053,0.0044,0.0092,0.0060
2518,2,85,11.1591,20.9034,26.2531,0.0000,0.0000,0.0000,0.7666,1.3911,1.7506,0.1033,0.1136,0.1410,0.1616,0.2780,0.3685,0.0000,0.0000,0.0000,0.0196,0.0205,0.0424
2518,2,86,12.9306,10.3240,19.3196,0.0000,0.0000,0.0000,1.0148,0.8101,1.4774,0.1157,0.1160,0.1202,0.1362,0.1124,0.1982,0.0000,0.0000,0.0000,0.0370,0.0289,0.0302
2518,2,87,11.9288,11.8750,9.5055,0.0000,0.0000,0.0000,1.0783,1.0612,0.8502,0.1176,0.1115,0.1139,0.0974,0.0938,0.0682,0.0000,0.0000,0.0000,0.0137,0.0156,0.0150
2518,2,88,20.7437,10.7936,10.7553,0.0000,0.0000,0.0000,2.1922,1.1324,1.1158,0.0660,0.0654,0.0580,0.1403,0.0722,0.0684,0.0030,0.0030,0.0030,0.0007,0.0003,0.0003
2518,2,89,9.7715,18.4575,9.6265,0.0000,0.0000,0.0000,1.2183,2.2416,1.1645,0.0270,0.0281,0.0279,0.0560,0.0964,0.0503,0.0181,0.0181,0.0181,0.0000,0.0000,0.0000
2518,2,90,11.3352,8.5158,16.1417,0.0000,0.0000,0.0000,1.6442,1.2274,2.2721,0.0261,0.0292,0.0305,0.0635,0.0676,0.0895,0.0190,0.0190,0.0190,0.0090,0.0106,0.0122
2518,2,91,7.6360,9.7022,7.2704,0.0000,0.0000,0.0000,1.2846,1.6071,1.1980,0.0506,0.0472,0.0466,0.0865,0.0600,0.0665,0.0069,0.0069,0.0069,0.0421,0.0379,0.0398
2518,2,92,7.5437,6.3004,8.1111,0.0000,0.0000,0.0000,1.4580,1.2192,1.5488,0.0462,0.0355,0.0339,0.0367,0.0772,0.0541,0.0023,0.0023,0.0023,0.0481,0.0662,0.0430
2518,2,93,6.5296,6.1647,5.1161,0.0000,0.0000,0.0000,1.4582,1.3686,1.1291,0.0125,0.0148,0.0101,0.0098,0.0164,0.0335,0.0000,0.0000,0.0000,0.0098,0.0196,0.0263
2518,2,94,5.5158,5.1643,4.8820,0.0000,0.0000,0.0000,1.4239,1.3262,1.2467,0.0077,0.0077,0.0087,0.0469,0.0406,0.0393,0.0000,0.0000,0.0000,0.0202,0.0024,0.0039
2518,2,95,2.3058,4.2005,3.9284,0.0000,0.0000,0.0000,0.6730,1.2299,1.1536,0.0331,0.0339,0.0334,0.0589,0.1164,0.1131,0.0000,0.0000,0.0000,0.0000,0.0000,0.0000
2518,2,96,3.6457,1.7310,3.0832,0.0000,0.0000,0.0000,1.2423,0.5738,1.0413,0.0608,0.0670,0.0720,0.1733,0.0741,0.1449,0.0000,0.0000,0.0000,0.0000,0.0000,0.0000
2518,2,97,0.7494,2.6250,1.2828,0.0000,0.0000,0.0000,0.2759,0.9911,0.4695,0.0475,0.0473,0.0524,0.0223,0.0774,0.0342,0.0000,0.0000,0.0000,0.0000,0.0000,0.0000
2518,2,98,0.7084,0.5327,1.8218,0.0000,0.0000,0.0000,0.3019,0.2296,0.8041,0.0157,0.0175,0.0165,0.0055,0.0047,0.0155,0.0000,0.0000,0.0000,0.0000,0.0000,0.0000
2518,2,99,0.0000,0.4732,0.3594,0.0000,0.0000,0.0000,0.0000,0.2353,0.1739,0.0000,0.0000,0.0000,0.0000,0.0000,0.0000,0.0000,0.0000,0.0000,0.0000,0.0000,0.0000
2518,2,100+,1.2577,0.7891,0.7957,0.0000,0.0000,0.0000,0.7422,0.4672,0.4655,0.0000,0.0000,0.0000,0.0000,0.0000,0.0000,0.0000,0.0000,0.0000,0.0000,0.0000,0.0000
2521,1,80,32.0681,32.2512,34.2626,0.0000,0.0000,0.0000,1.8707,1.8449,1.9107,0.2213,0.2436,0.2366,0.2460,0.2177,0.2576,0.0000,0.0000,0.0000,0.0388,0.0671,0.0403
2521,1,81,31.7218,30.0257,30.1780,0.0000,0.0000,0.0000,2.1372,1.9754,1.9546,0.2643,0.2868,0.3122,0.2704,0.2678,0.2544,0.0000,0.0000,0.0000,0.1436,0.0873,0.1844
2521,1,82,40.5227,29.2069,27.8905,0.0000,0.0000,0.0000,3.1256,2.2148,2.0610,0.3039,0.3096,0.3464,0.4914,0.3878,0.3303,0.0000,0.0000,0.0000,0.1599,0.2403,0.0916
2521,1,83,38.3573,36.9889,26.5771,0.0000,0.0000,0.0000,3.3789,3.2300,2.2863,0.2905,0.2884,0.2871,0.4401,0.4430,0.3893,0.0046,0.0046,0.0046,0.1143,0.1528,0.2650
2521,1,84,23.5014,34.7233,33.5047,0.0000,0.0000,0.0000,2.4147,3.4743,3.3213,0.2048,0.2506,0.2517,0.2567,0.3717,0.3645,0.0174,0.0174,0.0145,0.0541,0.0533,0.0656
2521,1,85,19.6138,20.9540,30.9706,0.0000,0.0000,0.0000,2.3300,2.4702,3.5686,0.1913,0.1893,0.2267,0.2731,0.2822,0.4237,0.0258,0.0258,0.0258,0.0000,0.0139,0.0111
2521,1,86,17.4533,17.1560,18.3634,0.0000,0.0000,0.0000,2.4189,2.3362,2.4796,0.1570,0.1599,0.1776,0.2946,0.2885,0.2971,0.0079,0.0079,0.0079,0.0000,0.0000,0.0000
2521,1,87,13.8021,15.0537,14.8628,0.0000,0.0000,0.0000,2.1989,2.3720,2.2992,0.1933,0.1645,0.1995,0.1949,0.1974,0.1943,0.0027,0.0027,0.0027,0.0000,0.0000,0.0000
2521,1,88,10.2265,11.8020,12.8802,0.0000,0.0000,0.0000,1.8755,2.1292,2.3004,0.1724,0.3284,0.2215,0.0705,0.2019,0.0967,0.0000,0.0000,0.0000,0.0000,0.0000,0.0000
2521,1,89,14.6826,8.4708,9.7116,0.0000,0.0000,0.0000,3.1277,1.7721,2.0223,0.1737,0.1091,0.2120,0.3598,0.0937,0.2807,0.0000,0.0000,0.0000,0.0000,0.0000,0.0000
2521,1,90,8.6547,11.5543,6.7385,0.0000,0.0000,0.0000,2.1851,2.8861,1.6612,0.0771,0.0926,0.0805,0.2401,0.3352,0.1531,0.0000,0.0000,0.0000,0.0001,0.0001,0.0000
2521,1,91,3.9110,6.7222,8.9291,0.0000,0.0000,0.0000,1.1231,1.9084,2.5207,0.1386,0.1557,0.1370,0.1056,0.1818,0.2425,0.0000,0.0000,0.0000,0.0000,0.0002,0.0001
2521,1,92,3.0751,3.0352,5.1436,0.0000,0.0000,0.0000,1.0087,0.9813,1.6569,0.1441,0.1627,0.1701,0.0603,0.0590,0.0924,0.0000,0.0000,0.0000,0.0000,0.0000,0.0001
2521,1,93,2.1798,2.2407,2.2229,0.0000,0.0000,0.0000,0.8495,0.8666,0.8523,0.0759,0.0798,0.0854,0.0458,0.0469,0.0463,0.0000,0.0000,0.0000,0.0000,0.0000,0.0000
2521,1,94,2.7156,1.4786,1.5223,0.0000,0.0000,0.0000,1.2415,0.6772,0.6930,0.0192,0.0204,0.0208,0.0611,0.0444,0.0456,0.0000,0.0000,0.0000,0.0000,0.0000,0.0000
2521,1,95,1.9549,1.7778,0.9627,0.0000,0.0000,0.0000,1.0098,0.9124,0.4981,0.0002,0.0002,0.0002,0.0374,0.0250,0.0184,0.0000,0.0000,0.0000,0.0000,0.0000,0.0000
2521,1,96,0.6152,1.2146,1.1017,0.0000,0.0000,0.0000,0.3813,0.7353,0.6715,0.0001,0.0001,0.0002,0.0034,0.0066,0.0045,0.0000,0.0000,0.0000,0.0000,0.0000,0.0000
2521,1,97,0.5878,0.3605,0.7194,0.0000,0.0000,0.0000,0.4143,0.2543,0.4957,0.0000,0.0001,0.0000,0.0000,0.0000,0.0000,0.0000,0.0000,0.0000,0.0000,0.0000,0.0000
2521,1,98,0.0000,0.3296,0.2017,0.0000,0.0000,0.0000,0.0000,0.2589,0.1587,0.0000,0.0000,0.0000,0.0000,0.0000,0.0000,0.0000,0.0000,0.0000,0.0000,0.0000,0.0000
2521,1,99,0.0001,0.0001,0.1720,0.0000,0.0000,0.0000,0.0000,0.0000,0.1578,0.0001,0.0001,0.0001,0.0000,0.0000,0.0000,0.0000,0.0000,0.0000,0.0000,0.0000,0.0000
2521,1,100+,0.5783,0.3342,0.1934,0.0000,0.0000,0.0000,0.4222,0.2444,0.1413,0.0006,0.0003,0.0002,0.0001,0.0000,0.0000,0.0000,0.0000,0.0000,0.0000,0.0000,0.0000
2521,2,80,26.9536,35.8942,32.0452,0.0000,0.0000,0.0000,1.0342,1.3648,1.1991,0.3899,0.4121,0.4194,0.4208,0.5679,0.5013,0.0100,0.0100,0.0100,0.0000,0.0000,0.0000
2521,2,81,40.0694,25.8931,34.3801,0.0000,0.0000,0.0000,1.7918,1.1239,1.4845,0.3508,0.3494,0.3649,0.4899,0.2933,0.3996,0.0037,0.0037,0.0037,0.0000,0.0000,0.0000
2521,2,82,34.1145,38.0300,24.6976,0.0000,0.0000,0.0000,1.7488,1.9122,1.2134,0.2651,0.2719,0.2545,0.4159,0.4005,0.2386,0.0041,0.0037,0.0037,0.0000,0.0000,0.0000
2521,2,83,32.8643,32.0554,35.7574,0.0000,0.0000,0.0000,1.9644,1.8754,2.0619,0.2230,0.1997,0.1989,0.4124,0.3958,0.4220,0.0125,0.0125,0.0125,0.0000,0.0000,0.0000
2521,2,84,30.6813,30.5921,29.8524,0.0000,0.0000,0.0000,2.0796,2.0691,1.9871,0.1810,0.1921,0.1811,0.4425,0.4246,0.4180,0.0219,0.0219,0.0219,0.0000,0.0000,0.0000
2521,2,85,35.8502,28.2738,28.2382,0.0000,0.0000,0.0000,2.8767,2.2207,2.2150,0.1526,0.1548,0.1637,0.4416,0.3538,0.3163,0.0108,0.0108,0.0108,0.0000,0.0000,0.0000
2521,2,86,24.6335,32.6792,25.8332,0.0000,0.0000,0.0000,2.2861,3.0086,2.3357,0.1190,0.1210,0.1237,0.2068,0.2874,0.2333,0.0034,0.0034,0.0034,0.0000,0.0000,0.0000
2521,2,87,22.4827,22.1932,29.4256,0.0000,0.0000,0.0000,2.4169,2.3622,3.1086,0.0867,0.0809,0.0826,0.1879,0.1634,0.2287,0.0000,0.0000,0.0000,0.0000,0.0000,0.0000
2521,2,88,16.8312,19.9168,19.6878,0.0000,0.0000,0.0000,2.1201,2.4867,2.4356,0.0369,0.0378,0.0290,0.0905,0.1191,0.1038,0.0000,0.0000,0.0000,0.0000,0.0000,0.0000
2521,2,89,14.7208,14.6118,17.2915,0.0000,0.0000,0.0000,2.1888,2.1300,2.5023,0.0109,0.0107,0.0109,0.1016,0.1036,0.1361,0.0000,0.0000,0.0000,0.0000,0.0000,0.0000
2521,2,90,17.6713,12.4196,12.3604,0.0000,0.0000,0.0000,3.1036,2.1587,2.1100,0.0000,0.0000,0.0000,0.2292,0.1432,0.1463,0.0000,0.0000,0.0000,0.0000,0.0000,0.0000
2521,2,91,8.2393,14.5817,10.2734,0.0000,0.0000,0.0000,1.6690,2.9346,2.0451,0.0000,0.0000,0.0000,0.0886,0.1676,0.1050,0.0000,0.0000,0.0000,0.0000,0.0000,0.0000
2521,2,92,5.6510,6.6482,11.7883,0.0000,0.0000,0.0000,1.3297,1.5454,2.7279,0.0001,0.0000,0.0001,0.0379,0.0415,0.0786,0.0000,0.0000,0.0000,0.0000,0.0000,0.0000
2521,2,93,6.2205,4.4129,5.2023,0.0000,0.0000,0.0000,1.7116,1.2037,1.4011,0.0003,0.0002,0.0002,0.0648,0.0390,0.0429,0.0000,0.0000,0.0000,0.0000,0.0000,0.0000
2521,2,94,7.4717,4.6317,3.3025,0.0000,0.0000,0.0000,2.3976,1.4851,1.0482,0.0003,0.0003,0.0002,0.1300,0.1011,0.0611,0.0000,0.0000,0.0000,0.0000,0.0000,0.0000
2521,2,95,0.7145,5.3616,3.3037,0.0000,0.0000,0.0000,0.2614,1.9665,1.2165,0.0001,0.0001,0.0002,0.0239,0.1420,0.1106,0.0000,0.0000,0.0000,0.0000,0.0000,0.0000
2521,2,96,2.0916,0.4790,3.6306,0.0000,0.0000,0.0000,0.8712,0.2084,1.5708,0.0000,0.0000,0.0000,0.0376,0.0268,0.1591,0.0000,0.0000,0.0000,0.0000,0.0000,0.0000
2521,2,97,1.2576,1.3937,0.3038,0.0000,0.0000,0.0000,0.6483,0.6667,0.1523,0.0000,0.0000,0.0000,0.0947,0.0316,0.0226,0.0000,0.0000,0.0000,0.0000,0.0000,0.0000
2521,2,98,0.0000,0.7339,0.8671,0.0000,0.0000,0.0000,0.0000,0.4545,0.5035,0.0000,0.0000,0.0000,0.0000,0.0694,0.0234,0.0000,0.0000,0.0000,0.0000,0.0000,0.0000
2521,2,99,0.0000,0.0001,0.4285,0.0000,0.0000,0.0000,0.0000,0.0000,0.2837,0.0000,0.0000,0.0000,0.0000,0.0000,0.0225,0.0000,0.0000,0.0000,0.0000,0.0000,0.0000
2521,2,100+,0.6286,0.3943,0.2471,0.0000,0.0000,0.0000,0.3711,0.2335,0.1467,0.0000,0.0000,0.0000,0.0002,0.0002,0.0001,0.0000,0.0000,0.0000,0.0000,0.0000,0.0000
2523,1,80,70.9521,71.3590,74.8064,0.0000,0.0000,0.0000,3.7176,3.6532,3.7445,0.3506,0.4071,0.4526,0.6865,0.7144,0.7372,0.0000,0.0000,0.0000,0.0000,0.0000,0.0000
2523,1,81,74.0710,66.6528,67.1595,0.0000,0.0000,0.0000,4.4450,3.9372,3.8801,0.2491,0.3087,0.3616,0.7333,0.6730,0.6873,0.0000,0.0000,0.0000,0.0000,0.0000,0.0000
2523,1,82,63.2030,69.0216,62.1967,0.0000,0.0000,0.0000,4.3541,4.6334,4.1213,0.2007,0.2348,0.2624,0.6412,0.6604,0.6036,0.0037,0.0037,0.0037,0.0000,0.0000,0.0000
2523,1,83,56.2901,58.3272,63.8815,0.0000,0.0000,0.0000,4.4203,4.5412,4.8492,0.2450,0.2810,0.2926,0.5375,0.6142,0.6035,0.0153,0.0153,0.0153,0.0058,0.0175,0.0033
2523,1,84,50.1881,51.5588,53.3895,0.0000,0.0000,0.0000,4.6020,4.5933,4.7225,0.3488,0.4059,0.4372,0.5552,0.5426,0.6185,0.0263,0.0263,0.0219,0.0395,0.0236,0.0603
2523,1,85,41.6514,45.3740,46.8521,0.0000,0.0000,0.0000,4.3895,4.7529,4.7742,0.4694,0.5139,0.6087,0.4429,0.5248,0.5165,0.0146,0.0146,0.0146,0.0000,0.0722,0.0362
2523,1,86,41.9769,37.3244,40.6415,0.0000,0.0000,0.0000,5.1208,4.4700,4.8380,0.5769,0.5456,0.5886,0.4608,0.4019,0.4490,0.0020,0.0020,0.0020,0.0251,0.0005,0.0370
2523,1,87,33.3121,36.8923,32.8738,0.0000,0.0000,0.0000,4.7073,5.1384,4.5075,0.3968,0.4644,0.4318,0.3593,0.4120,0.3709,0.0000,0.0000,0.0000,0.0182,0.0053,0.0001
2523,1,88,40.9938,28.5774,31.7073,0.0000,0.0000,0.0000,6.7489,4.6313,5.0784,0.1963,0.1998,0.2477,0.4574,0.3054,0.3593,0.0000,0.0000,0.0000,0.0000,0.0000,0.0000
2523,1,89,20.0314,34.2778,23.9607,0.0000,0.0000,0.0000,3.7804,6.3944,4.4125,0.0461,0.0472,0.0483,0.2304,0.3768,0.2528,0.0000,0.0000,0.0000,0.0000,0.0000,0.0000
2523,1,90,18.6410,16.2522,27.8931,0.0000,0.0000,0.0000,4.1318,3.5689,6.0517,0.0000,0.0001,0.0001,0.2298,0.2093,0.3426,0.0000,0.0000,0.0000,0.0000,0.0000,0.0000
2523,1,91,15.7716,14.7584,12.8820,0.0000,0.0000,0.0000,4.0477,3.7193,3.2190,0.0001,0.0000,0.0001,0.1851,0.1648,0.1504,0.0000,0.0000,0.0000,0.0000,0.0000,0.0000
2523,1,92,14.5905,12.1572,11.4215,0.0000,0.0000,0.0000,4.2993,3.5655,3.2927,0.0302,0.0354,0.0375,0.1047,0.0916,0.0817,0.0000,0.0000,0.0000,0.0377,0.0000,0.0001
2523,1,93,10.3728,10.8486,9.0598,0.0000,0.0000,0.0000,3.5717,3.6940,3.0758,0.0529,0.0585,0.0652,0.1041,0.1030,0.0905,0.0000,0.0000,0.0000,0.0000,0.0006,0.0000
2523,1,94,4.9469,7.3672,7.7363,0.0000,0.0000,0.0000,1.9927,2.9035,3.0115,0.0384,0.0405,0.0436,0.0963,0.1427,0.1414,0.0000,0.0000,0.0000,0.0000,0.0000,0.0000
2523,1,95,2.7457,3.3638,5.0444,0.0000,0.0000,0.0000,1.2130,1.5263,2.2359,0.0116,0.0131,0.0129,0.0554,0.0685,0.1021,0.0000,0.0000,0.0000,0.0000,0.0000,0.0000
2523,1,96,3.2762,1.8046,2.1852,0.0000,0.0000,0.0000,1.7037,0.9306,1.1617,0.0000,0.0000,0.0000,0.0189,0.0130,0.0159,0.0000,0.0000,0.0000,0.0000,0.0000,0.0000
2523,1,97,0.6290,2.0529,1.1417,0.0000,0.0000,0.0000,0.3733,1.2213,0.6635,0.0000,0.0000,0.0000,0.0000,0.0000,0.0000,0.0000,0.0000,0.0000,0.0000,0.0000,0.0000
2523,1,98,0.6057,0.3803,1.2436,0.0000,0.0000,0.0000,0.3947,0.2496,0.8086,0.0001,0.0000,0.0000,0.0000,0.0000,0.0000,0.0000,0.0000,0.0000,0.0000,0.0000,0.0000
2523,1,99,0.0001,0.3318,0.2075,0.0000,0.0000,0.0000,0.0000,0.2597,0.1640,0.0001,0.0001,0.0001,0.0000,0.0143,0.0090,0.0000,0.0000,0.0000,0.0000,0.0000,0.0000
2523,1,100+,1.5127,0.7624,0.5516,0.0000,0.0000,0.0000,1.2667,0.6392,0.4624,0.0006,0.0004,0.0003,0.2212,0.1116,0.0807,0.0000,0.0000,0.0000,0.0000,0.0000,0.0000
2523,2,80,64.4282,82.5736,68.6788,0.0000,0.0000,0.0000,2.3595,2.9864,2.4437,0.4407,0.5061,0.5513,0.6614,0.8463,0.7059,0.0000,0.0000,0.0000,0.0000,0.0000,0.0000
2523,2,81,80.9888,61.6008,78.9369,0.0000,0.0000,0.0000,3.4351,2.5633,3.2527,0.4068,0.4755,0.5610,0.9789,0.7429,0.9456,0.0000,0.0000,0.0000,0.0000,0.0000,0.0000
2523,2,82,82.4019,76.7845,58.6105,0.0000,0.0000,0.0000,3.9828,3.6672,2.7522,0.4108,0.4257,0.4925,1.0293,0.9566,0.7275,0.0000,0.0000,0.0000,0.0000,0.0000,0.0000
2523,2,83,90.2663,77.6000,72.4079,0.0000,0.0000,0.0000,5.0770,4.2932,3.9590,0.4278,0.3895,0.4071,1.0948,0.8980,0.8220,0.0000,0.0000,0.0000,0.0000,0.0000,0.0000
2523,2,84,78.5229,84.3315,72.6219,0.0000,0.0000,0.0000,5.0395,5.3794,4.5628,0.2829,0.3125,0.2892,0.7224,0.8786,0.7068,0.0000,0.0000,0.0000,0.0000,0.0000,0.0000
2523,2,85,66.5993,72.7523,78.1206,0.0000,0.0000,0.0000,5.0554,5.4181,5.7820,0.2255,0.2505,0.2682,0.5751,0.6042,0.7027,0.0000,0.0000,0.0000,0.0000,0.0000,0.0000
2523,2,86,48.5282,61.0066,66.7456,0.0000,0.0000,0.0000,4.2809,5.3226,5.7257,0.2107,0.2166,0.2413,0.4070,0.4874,0.5235,0.0000,0.0000,0.0000,0.0000,0.0000,0.0000
2523,2,87,43.4937,44.0478,55.3744,0.0000,0.0000,0.0000,4.4444,4.4404,5.5241,0.2043,0.2251,0.2318,0.2678,0.2708,0.3405,0.0000,0.0000,0.0000,0.0000,0.0000,0.0000
2523,2,88,34.8650,38.8809,39.4536,0.0000,0.0000,0.0000,4.1383,4.6065,4.6100,0.2106,0.2107,0.2322,0.2111,0.2209,0.2226,0.0000,0.0000,0.0000,0.0000,0.0000,0.0000
2523,2,89,32.4722,30.7224,34.2200,0.0000,0.0000,0.0000,4.5316,4.1985,4.6770,0.1781,0.2015,0.1981,0.1736,0.1491,0.1867,0.0000,0.0000,0.0000,0.0000,0.0000,0.0000
2523,2,90,30.1177,27.9639,26.5991,0.0000,0.0000,0.0000,4.9438,4.5432,4.2373,0.1868,0.1660,0.1945,0.1268,0.1301,0.0819,0.0000,0.0000,0.0000,0.0000,0.0000,0.0000
2523,2,91,27.7784,25.3863,23.5902,0.0000,0.0000,0.0000,5.2668,4.7856,4.4008,0.1182,0.1307,0.1187,0.0720,0.0842,0.0929,0.0000,0.0000,0.0000,0.0000,0.0000,0.0000
2523,2,92,23.6885,22.7435,20.8029,0.0000,0.0000,0.0000,5.2743,4.9935,4.5451,0.0567,0.0499,0.0525,0.1469,0.0896,0.0986,0.0000,0.0000,0.0000,0.0000,0.0000,0.0000
2523,2,93,16.5975,18.7407,18.0431,0.0000,0.0000,0.0000,4.3060,4.8346,4.5964,0.0169,0.0193,0.0177,0.1041,0.1433,0.1203,0.0000,0.0000,0.0000,0.0000,0.0000,0.0000
2523,2,94,20.6831,12.7361,14.4027,0.0000,0.0000,0.0000,6.2089,3.7978,4.2658,0.0345,0.0333,0.0340,0.1402,0.0888,0.0983,0.0000,0.0000,0.0000,0.0000,0.0000,0.0000
2523,2,95,7.5563,15.5044,9.5951,0.0000,0.0000,0.0000,2.5055,5.2231,3.2062,0.0932,0.0962,0.1025,0.0273,0.0479,0.0347,0.0000,0.0000,0.0000,0.0000,0.0000,0.0000
2523,2,96,5.1196,5.5351,11.2547,0.0000,0.0000,0.0000,1.9733,2.1126,4.3605,0.0974,0.0992,0.1205,0.0043,0.0047,0.0082,0.0000,0.0000,0.0000,0.0000,0.0000,0.0000
2523,2,97,1.4288,3.5974,3.8917,0.0000,0.0000,0.0000,0.6213,1.5725,1.6875,0.0496,0.0493,0.0464,0.0000,0.0000,0.0000,0.0000,0.0000,0.0000,0.0000,0.0000,0.0000
2523,2,98,4.5409,0.9456,2.3740,0.0000,0.0000,0.0000,2.4645,0.4949,1.2335,0.0167,0.0115,0.0104,0.0000,0.0000,0.0000,0.0000,0.0000,0.0000,0.0000,0.0000,0.0000
2523,2,99,0.0001,2.8280,0.5966,0.0000,0.0000,0.0000,0.0000,1.7065,0.3503,0.0001,0.0001,0.0002,0.0000,0.0000,0.0000,0.0000,0.0000,0.0000,0.0000,0.0000,0.0000
2523,2,100+,1.8866,1.1838,2.5136,0.0000,0.0000,0.0000,1.1133,0.7009,1.4923,0.0001,0.0001,0.0001,0.0000,0.0000,0.0001,0.0000,0.0000,0.0000,0.0000,0.0000,0.0000
2583,1,80,38.6177,49.0106,50.1711,0.0000,0.0000,0.0000,2.2119,2.7361,2.7318,0.4423,0.4800,0.4475,0.4956,0.6139,0.6044,0.0055,0.0050,0.0050,0.1276,0.2143,0.2409
2583,1,81,50.2110,36.0111,45.7279,0.0000,0.0000,0.0000,3.3168,2.3278,2.8888,0.4516,0.4176,0.4685,0.9018,0.6528,0.8167,0.0185,0.0185,0.0185,0.0830,0.0765,0.0936
2583,1,82,33.3153,46.4805,33.4543,0.0000,0.0000,0.0000,2.5151,3.4212,2.4207,0.4766,0.5114,0.5000,0.5820,0.8752,0.6387,0.0412,0.0412,0.0412,0.1203,0.0771,0.0748
2583,1,83,35.0056,30.9200,43.1094,0.0000,0.0000,0.0000,3.0169,2.6058,3.5411,0.6031,0.6242,0.6482,0.4134,0.3617,0.5334,0.0389,0.0389,0.0389,0.1801,0.1301,0.0895
2583,1,84,23.9082,31.9717,28.4264,0.0000,0.0000,0.0000,2.3741,3.1074,2.7360,0.5027,0.5475,0.5694,0.2180,0.2932,0.2590,0.0257,0.0257,0.0221,0.1168,0.2123,0.1354
2583,1,85,28.4630,21.3697,28.4778,0.0000,0.0000,0.0000,3.2799,2.4322,3.1897,0.2198,0.2414,0.2630,0.3358,0.2571,0.3496,0.0243,0.0243,0.0243,0.1734,0.1860,0.2740
2583,1,86,20.0168,24.8562,18.6215,0.0000,0.0000,0.0000,2.6720,3.2240,2.4303,0.0490,0.0488,0.0529,0.2411,0.3160,0.2464,0.0204,0.0204,0.0204,0.1436,0.1470,0.1644
2583,1,87,12.0661,17.2773,21.5105,0.0000,0.0000,0.0000,1.8498,2.6012,3.1538,0.0284,0.0318,0.0271,0.0864,0.1262,0.1632,0.0253,0.0253,0.0253,0.0512,0.0831,0.0783
2583,1,88,14.4209,10.2214,14.6642,0.0000,0.0000,0.0000,2.5288,1.7919,2.5259,0.0542,0.0514,0.0612,0.0940,0.0676,0.0975,0.0148,0.0148,0.0148,0.0400,0.0597,0.0885
2583,1,89,9.8668,11.9093,8.4087,0.0000,0.0000,0.0000,1.9580,2.3826,1.6883,0.0456,0.0460,0.0443,0.1410,0.1422,0.1066,0.0017,0.0017,0.0017,0.0767,0.0604,0.0663
2583,1,90,14.2885,7.8490,9.4613,0.0000,0.0000,0.0000,3.3368,1.8217,2.2194,0.0533,0.0493,0.0508,0.3968,0.2220,0.2520,0.0000,0.0000,0.0000,0.0633,0.0283,0.0446
2583,1,91,5.3163,11.0848,6.1277,0.0000,0.0000,0.0000,1.5145,2.9147,1.5946,0.0621,0.0698,0.0615,0.2301,0.3654,0.1887,0.0000,0.0000,0.0000,0.0017,0.0230,0.0051
2583,1,92,3.0751,3.9237,8.4217,0.0000,0.0000,0.0000,0.9159,1.2798,2.5113,0.0319,0.0359,0.0376,0.0450,0.1506,0.1996,0.0000,0.0000,0.0000,0.0003,0.0000,0.0000
2583,1,93,3.5947,2.2723,2.8264,0.0000,0.0000,0.0000,1.3543,0.8002,1.0590,0.0081,0.0086,0.0092,0.0581,0.0110,0.0485,0.0000,0.0000,0.0000,0.0000,0.0000,0.0000
2583,1,94,1.3855,2.5174,1.6302,0.0000,0.0000,0.0000,0.6092,1.0707,0.6407,0.0000,0.0000,0.0000,0.0047,0.0067,0.0013,0.0000,0.0000,0.0000,0.0000,0.0000,0.0000
2583,1,95,2.0284,0.9278,1.7106,0.0000,0.0000,0.0000,0.9735,0.4574,0.8074,0.0000,0.0000,0.0000,0.0000,0.0000,0.0000,0.0000,0.0000,0.0000,0.0000,0.0000,0.0000
2583,1,96,0.0000,1.2945,0.5847,0.0000,0.0000,0.0000,0.0000,0.7357,0.3428,0.0000,0.0000,0.0000,0.0000,0.0000,0.0000,0.0000,0.0000,0.0000,0.0000,0.0000,0.0000
2583,1,97,0.6428,0.0002,0.7856,0.0000,0.0000,0.0000,0.3573,0.0000,0.5093,0.0000,0.0000,0.0000,0.0000,0.0000,0.0000,0.0000,0.0000,0.0000,0.0000,0.0000,0.0000
2583,1,98,0.0001,0.3823,0.0002,0.0000,0.0000,0.0000,0.0000,0.2606,0.0000,0.0001,0.0001,0.0000,0.0000,0.0000,0.0000,0.0000,0.0000,0.0000,0.0000,0.0000,0.0000
2583,1,99,0.0000,0.0002,0.2237,0.0000,0.0000,0.0000,0.0000,0.0000,0.1586,0.0000,0.0000,0.0000,0.0000,0.0000,0.0000,0.0000,0.0000,0.0000,0.0000,0.0000,0.0000
2583,1,100+,0.0001,0.0002,0.0003,0.0000,0.0000,0.0000,0.0000,0.0000,0.0002,0.0000,0.0000,0.0000,0.0000,0.0000,0.0000,0.0000,0.0000,0.0000,0.0000,0.0000,0.0000
2583,2,80,42.0612,45.7633,49.9132,0.0000,0.0000,0.0000,1.6221,1.7366,1.8462,0.5018,0.4739,0.5179,0.7506,0.7928,0.8116,0.0457,0.0428,0.0428,0.2007,0.1938,0.2014
2583,2,81,50.1925,40.0510,43.5493,0.0000,0.0000,0.0000,2.2724,1.7377,1.8842,0.5180,0.4986,0.5004,0.8024,0.6222,0.6628,0.0571,0.0571,0.0571,0.2956,0.2432,0.2388
2583,2,82,38.7653,47.2874,37.8502,0.0000,0.0000,0.0000,1.9273,2.3900,1.8705,0.5865,0.6321,0.5668,0.6691,0.8244,0.6568,0.0527,0.0475,0.0475,0.2996,0.3723,0.2825
2583,2,83,44.6456,36.1786,44.0653,0.0000,0.0000,0.0000,2.6313,2.0506,2.5309,0.5691,0.4829,0.5192,0.9510,0.7967,0.9249,0.0417,0.0417,0.0417,0.3951,0.2640,0.3348
2583,2,84,37.6423,41.0151,33.2867,0.0000,0.0000,0.0000,2.5181,2.7258,2.1564,0.3374,0.3790,0.3335,0.9507,0.9897,0.8660,0.0349,0.0349,0.0349,0.2611,0.3461,0.2346
2583,2,85,35.4395,34.2566,37.3109,0.0000,0.0000,0.0000,2.7963,2.6416,2.8782,0.2876,0.2963,0.3129,0.9175,0.8869,0.9337,0.0123,0.0123,0.0123,0.1601,0.1710,0.2232
2583,2,86,31.6616,32.0768,31.0611,0.0000,0.0000,0.0000,2.8527,2.8858,2.7496,0.2809,0.2867,0.2948,0.6778,0.6855,0.6626,0.0022,0.0022,0.0022,0.1006,0.0812,0.0865
2583,2,87,13.5541,28.5157,28.8683,0.0000,0.0000,0.0000,1.4226,2.9197,2.9634,0.2342,0.2436,0.2492,0.2400,0.4583,0.4743,0.0000,0.0000,0.0000,0.0190,0.0233,0.0232
2583,2,88,26.6873,12.1195,25.4340,0.0000,0.0000,0.0000,3.2287,1.4723,3.0120,0.1770,0.1744,0.1720,0.2778,0.1394,0.2539,0.0000,0.0000,0.0000,0.0000,0.0000,0.0000
2583,2,89,19.3333,23.4861,10.7248,0.0000,0.0000,0.0000,2.7273,3.2527,1.4974,0.1637,0.1763,0.1731,0.1043,0.1361,0.0731,0.0000,0.0000,0.0000,0.0000,0.0000,0.0000
2583,2,90,19.7688,16.6553,20.2847,0.0000,0.0000,0.0000,3.2715,2.7157,3.2440,0.1415,0.1356,0.1517,0.1104,0.0919,0.1163,0.0000,0.0000,0.0000,0.0110,0.0094,0.0124
2583,2,91,10.8947,16.5887,13.9837,0.0000,0.0000,0.0000,2.0720,3.1432,2.6191,0.0970,0.1045,0.0990,0.0897,0.1396,0.1210,0.0000,0.0000,0.0000,0.0291,0.0553,0.0420
2583,2,92,11.3810,8.8153,13.4734,0.0000,0.0000,0.0000,2.5507,1.9431,2.9681,0.0440,0.0411,0.0433,0.1557,0.1122,0.1772,0.0000,0.0000,0.0000,0.0914,0.0503,0.0686
2583,2,93,3.9146,8.9454,6.9358,0.0000,0.0000,0.0000,1.0215,2.3114,1.7646,0.0098,0.0105,0.0099,0.0430,0.1202,0.0864,0.0000,0.0000,0.0000,0.0246,0.0570,0.0310
2583,2,94,4.5060,2.9659,6.7848,0.0000,0.0000,0.0000,1.3683,0.8858,2.0221,0.0001,0.0001,0.0001,0.0963,0.0298,0.0838,0.0000,0.0000,0.0000,0.0289,0.0296,0.0568
2583,2,95,2.9800,3.3019,2.1899,0.0000,0.0000,0.0000,1.0023,1.1284,0.7374,0.0001,0.0001,0.0001,0.0000,0.0370,0.0115,0.0000,0.0000,0.0000,0.0239,0.0380,0.0229
2583,2,96,2.1695,2.1593,2.3732,0.0000,0.0000,0.0000,0.8283,0.8283,0.9210,0.0000,0.0000,0.0001,0.0027,0.0000,0.0074,0.0000,0.0000,0.0000,0.0000,0.0000,0.0000
2583,2,97,2.0765,1.5127,1.5089,0.0000,0.0000,0.0000,0.9246,0.6575,0.6541,0.0002,0.0002,0.0002,0.0000,0.0000,0.0000,0.0000,0.0000,0.0000,0.0000,0.0000,0.0000
2583,2,98,1.3124,1.3636,0.9936,0.0000,0.0000,0.0000,0.6865,0.7135,0.5193,0.0003,0.0002,0.0002,0.0000,0.0000,0.0000,0.0000,0.0000,0.0000,0.0000,0.0000,0.0000
2583,2,99,1.8878,0.8236,0.8641,0.0000,0.0000,0.0000,1.1092,0.4880,0.5012,0.0001,0.0002,0.0001,0.0001,0.0000,0.0000,0.0000,0.0000,0.0000,0.0000,0.0000,0.0000
2583,2,100+,1.8953,2.3846,2.0224,0.0000,0.0000,0.0000,1.1045,1.3956,1.1827,0.0000,0.0001,0.0001,0.0002,0.0002,0.0002,0.0000,0.0000,0.0000,0.0000,0.0000,0.0000
2584,1,80,82.4489,95.0253,84.3802,0.0000,0.0000,0.0000,4.2739,4.8161,4.1756,0.3189,0.3615,0.3974,0.6367,0.7217,0.6510,0.0339,0.0336,0.0320,0.0001,0.0001,0.0000
2584,1,81,58.4041,77.6956,89.6528,0.0000,0.0000,0.0000,3.4735,4.5341,5.1227,0.2733,0.3365,0.3854,0.4425,0.5927,0.6812,0.0328,0.0328,0.0328,0.0001,0.0001,0.0001
2584,1,82,60.7344,54.7303,72.8136,0.0000,0.0000,0.0000,4.1232,3.6354,4.7613,0.2532,0.2707,0.3476,0.4085,0.3597,0.4940,0.0180,0.0180,0.0180,0.0003,0.0003,0.0002
2584,1,83,67.5694,56.3071,50.8943,0.0000,0.0000,0.0000,5.2584,4.3229,3.8212,0.2122,0.2115,0.2208,0.3719,0.3222,0.2774,0.0038,0.0038,0.0038,0.0013,0.0006,0.0007
2584,1,84,46.7456,62.0291,51.7670,0.0000,0.0000,0.0000,4.2340,5.4742,4.5167,0.1464,0.1860,0.1882,0.1930,0.2486,0.2181,0.0000,0.0000,0.0000,0.0006,0.0013,0.0005
2584,1,85,40.7585,42.4072,56.3632,0.0000,0.0000,0.0000,4.2528,4.3849,5.6933,0.1561,0.1674,0.2038,0.1454,0.1426,0.1841,0.0000,0.0000,0.0000,0.0000,0.0000,0.0000
2584,1,86,49.9865,36.4831,37.9935,0.0000,0.0000,0.0000,6.0353,4.3262,4.4753,0.1915,0.1756,0.1878,0.1764,0.1240,0.1315,0.0000,0.0000,0.0000,0.0000,0.0000,0.0000
2584,1,87,40.2471,43.8281,32.0924,0.0000,0.0000,0.0000,5.6404,6.0454,4.3561,0.1198,0.1428,0.1271,0.2323,0.2713,0.1580,0.0000,0.0000,0.0000,0.0000,0.0000,0.0000
2584,1,88,43.6405,34.4543,37.5866,0.0000,0.0000,0.0000,7.1054,5.5393,5.9615,0.0481,0.0481,0.0614,0.3031,0.3061,0.3614,0.0000,0.0000,0.0000,0.0000,0.0000,0.0000
2584,1,89,25.9933,36.7045,28.9652,0.0000,0.0000,0.0000,4.8004,6.7449,5.2670,0.0355,0.0364,0.0372,0.1914,0.2208,0.2044,0.0000,0.0000,0.0000,0.0437,0.0100,0.0556
2584,1,90,19.6722,21.3074,30.1483,0.0000,0.0000,0.0000,4.2694,4.5533,6.4228,0.1172,0.1088,0.1141,0.1350,0.1427,0.2079,0.0000,0.0000,0.0000,0.0429,0.1002,0.0458
2584,1,91,17.4578,15.6679,17.0137,0.0000,0.0000,0.0000,4.4070,3.8879,4.1411,0.1883,0.2141,0.1894,0.2620,0.2356,0.2329,0.0000,0.0000,0.0000,0.0654,0.0955,0.1116
2584,1,92,9.9276,13.3241,11.9788,0.0000,0.0000,0.0000,2.9244,3.9022,3.4652,0.1201,0.1402,0.1483,0.2683,0.3451,0.3119,0.0000,0.0000,0.0000,0.0000,0.0343,0.0598
2584,1,93,8.0833,7.3283,9.8377,0.0000,0.0000,0.0000,2.7785,2.4957,3.3348,0.0987,0.1104,0.1179,0.2337,0.2108,0.2714,0.0000,0.0000,0.0000,0.0000,0.0013,0.0018
2584,1,94,4.3318,5.8480,5.3388,0.0000,0.0000,0.0000,1.6911,2.2400,2.0208,0.1226,0.1358,0.1521,0.0978,0.1312,0.1187,0.0000,0.0000,0.0000,0.0000,0.0000,0.0000
2584,1,95,3.5473,3.0585,4.1392,0.0000,0.0000,0.0000,1.5013,1.3219,1.7555,0.0809,0.0803,0.0858,0.0356,0.0304,0.0409,0.0000,0.0000,0.0000,0.0000,0.0000,0.0000
2584,1,96,2.6494,2.3747,2.0309,0.0000,0.0000,0.0000,1.3607,1.1908,1.0441,0.0167,0.0200,0.0217,0.0053,0.0047,0.0039,0.0000,0.0000,0.0000,0.0000,0.0000,0.0000
2584,1,97,1.9348,1.6706,1.5110,0.0000,0.0000,0.0000,1.0698,0.9768,0.8646,0.0003,0.0002,0.0002,0.0000,0.0000,0.0000,0.0000,0.0000,0.0000,0.0000,0.0000,0.0000
2584,1,98,0.0002,1.1883,1.0139,0.0000,0.0000,0.0000,0.0000,0.7483,0.6559,0.0001,0.0002,0.0002,0.0000,0.0000,0.0000,0.0000,0.0000,0.0000,0.0000,0.0000,0.0000
2584,1,99,0.5821,0.0003,0.6993,0.0000,0.0000,0.0000,0.4187,0.0000,0.4894,0.0001,0.0001,0.0001,0.0000,0.0000,0.0000,0.0000,0.0000,0.0000,0.0000,0.0000,0.0000
2584,1,100+,0.0007,0.3370,0.1952,0.0000,0.0000,0.0000,0.0000,0.2462,0.1426,0.0008,0.0006,0.0005,0.0000,0.0000,0.0000,0.0000,0.0000,0.0000,0.0000,0.0000,0.0000
2584,2,80,106.5305,83.0701,80.9723,0.0000,0.0000,0.0000,4.1983,3.2073,3.0881,0.7179,0.8468,0.9296,1.0267,0.7933,0.7744,0.0023,0.0023,0.0023,0.0069,0.0038,0.0050
2584,2,81,70.5942,101.6358,79.4781,0.0000,0.0000,0.0000,3.2153,4.5465,3.5019,0.4032,0.4845,0.5656,0.5724,0.8242,0.6437,0.0000,0.0000,0.0000,0.0162,0.0259,0.0146
2584,2,82,88.1817,67.0709,96.5223,0.0000,0.0000,0.0000,4.5632,3.4326,4.8753,0.3082,0.3383,0.3806,0.5282,0.3997,0.5755,0.0000,0.0000,0.0000,0.0459,0.0251,0.0368
2584,2,83,82.8052,82.9914,63.2523,0.0000,0.0000,0.0000,4.9845,4.9155,3.7074,0.3278,0.2855,0.3085,0.5257,0.5373,0.4063,0.0000,0.0000,0.0000,0.0233,0.0227,0.0128
2584,2,84,85.6329,77.2032,77.3927,0.0000,0.0000,0.0000,5.9270,5.2792,5.2198,0.2995,0.3379,0.3036,0.7333,0.6667,0.6770,0.0000,0.0000,0.0000,0.0077,0.0066,0.0065
2584,2,85,69.1293,78.9935,71.3425,0.0000,0.0000,0.0000,5.6250,6.3353,5.6627,0.3067,0.3367,0.3762,0.5584,0.6446,0.5799,0.0000,0.0000,0.0000,0.0000,0.0000,0.0000
2584,2,86,60.2074,63.1745,72.2062,0.0000,0.0000,0.0000,5.7028,5.9006,6.6703,0.3280,0.3395,0.3695,0.4267,0.3946,0.4910,0.0000,0.0000,0.0000,0.0000,0.0000,0.0000
2584,2,87,51.3240,54.2853,57.0727,0.0000,0.0000,0.0000,5.6429,5.8918,6.1101,0.3289,0.3539,0.3681,0.3641,0.3943,0.3605,0.0000,0.0000,0.0000,0.0000,0.0000,0.0000
2584,2,88,63.6043,45.4413,48.1436,0.0000,0.0000,0.0000,8.1944,5.8124,6.0776,0.2895,0.2873,0.3131,0.5066,0.3626,0.3880,0.0000,0.0000,0.0000,0.0000,0.0000,0.0000
2584,2,89,30.3145,55.0976,39.4290,0.0000,0.0000,0.0000,4.5767,8.2099,5.8452,0.1526,0.1636,0.1640,0.2610,0.4721,0.3371,0.0000,0.0000,0.0000,0.0000,0.0000,0.0000
2584,2,90,27.8404,25.6235,46.6324,0.0000,0.0000,0.0000,4.9839,4.5253,8.1216,0.0747,0.0701,0.0719,0.2572,0.2355,0.4298,0.0000,0.0000,0.0000,0.0000,0.0000,0.0000
2584,2,91,22.1908,22.9418,21.1504,0.0000,0.0000,0.0000,4.6050,4.7238,4.3009,0.0513,0.0513,0.0488,0.2463,0.2465,0.2234,0.0000,0.0000,0.0000,0.0000,0.0000,0.0000
2584,2,92,21.6414,17.7888,18.4329,0.0000,0.0000,0.0000,5.2353,4.2523,4.3847,0.0349,0.0343,0.0343,0.2114,0.1721,0.1790,0.0000,0.0000,0.0000,0.0000,0.0000,0.0000
2584,2,93,17.0846,16.8572,13.8946,0.0000,0.0000,0.0000,4.8133,4.7084,3.8299,0.0337,0.0351,0.0346,0.1221,0.1223,0.0926,0.0000,0.0000,0.0000,0.0000,0.0000,0.0000
2584,2,94,9.0737,12.9179,12.7685,0.0000,0.0000,0.0000,2.9442,4.1641,4.0902,0.0478,0.0459,0.0476,0.0290,0.0388,0.0393,0.0000,0.0000,0.0000,0.0000,0.0000,0.0000
2584,2,95,9.5456,6.6522,9.4716,0.0000,0.0000,0.0000,3.4719,2.4457,3.4630,0.0291,0.0295,0.0286,0.0065,0.0042,0.0056,0.0000,0.0000,0.0000,0.0000,0.0000,0.0000
2584,2,96,4.9042,6.7047,4.6626,0.0000,0.0000,0.0000,2.1034,2.8447,1.9977,0.0078,0.0078,0.0080,0.0000,0.0000,0.0000,0.0000,0.0000,0.0000,0.0000,0.0000,0.0000
2584,2,97,7.4315,3.2995,4.5234,0.0000,0.0000,0.0000,3.5606,1.6056,2.1788,0.0002,0.0002,0.0002,0.0000,0.0000,0.0000,0.0000,0.0000,0.0000,0.0000,0.0000,0.0000
2584,2,98,1.2609,4.7340,2.0931,0.0000,0.0000,0.0000,0.7377,2.6955,1.2060,0.0002,0.0001,0.0001,0.0001,0.0007,0.0004,0.0000,0.0000,0.0000,0.0000,0.0000,0.0000
2584,2,99,0.6198,0.7432,2.8396,0.0000,0.0000,0.0000,0.3804,0.5038,1.8262,0.0001,0.0001,0.0001,0.0000,0.0133,0.0719,0.0000,0.0000,0.0000,0.0000,0.0000,0.0000
2584,2,100+,1.1278,1.0288,1.0539,0.0000,0.0000,0.0000,0.7422,0.6444,0.6524,0.0003,0.0002,0.0003,0.1301,0.0733,0.0646,0.0000,0.0000,0.0000,0.0000,0.0000,0.0000
