Region,Kon,Alder,000004KG 2020,000004KG 2021,000004KG 2022,000004KG 2023,000004KG 2024,000004KF 2020,000004KF 2021,000004KF 2022,000004KF 2023,000004KF 2024,000004KE 2020,000004KE 2021,000004KE 2022,000004KE 2023,000004KE 2024,000004KH 2020,000004KH 2021,000004KH 2022,000004KH 2023,000004KH 2024,000004KI 2020,000004KI 2021,000004KI 2022,000004KI 2023,000004KI 2024,000004KJ 2020,000004KJ 2021,000004KJ 2022,000004KJ 2023,000004KJ 2024,000004KK 2020,000004KK 2021,000004KK 2022,000004KK 2023,000004KK 2024
2580,1,0,385,383,383,385,391,384,383,383,385,391,1,1,1,1,1,9,9,9,9,9,11,11,11,11,11,4,3,3,3,3,0,0,0,0,0
2580,1,1,391,389,387,386,386,0,0,0,0,0,0,1,0,0,1,18,18,18,17,17,20,18,19,19,20,5,5,5,5,5,0,0,0,0,0
2580,1,2,392,399,394,394,393,0,0,0,0,0,0,0,0,0,0,18,19,17,18,18,15,16,16,16,16,6,6,5,6,6,0,1,1,1,1
2580,1,3,402,399,404,399,400,0,0,0,0,0,0,0,0,0,0,16,16,15,15,16,13,13,14,14,14,6,5,5,5,5,0,1,1,1,1
2580,1,4,439,409,405,410,403,0,0,0,0,0,0,0,0,0,0,15,15,13,14,13,13,12,11,12,12,5,5,5,5,4,0,1,1,1,1
2580,1,5,412,443,415,407,414,0,0,0,0,0,0,0,0,0,0,13,14,13,12,13,11,12,11,11,11,5,5,5,4,5,3,3,1,3,3
2580,1,6,452,420,449,422,412,0,0,0,0,0,0,0,0,0,0,13,13,13,12,12,12,10,11,10,10,5,5,5,5,5,2,0,1,0,2
2580,1,7,436,457,425,453,427,0,0,0,0,0,0,0,0,0,0,10,10,10,10,11,10,10,9,10,9,5,5,5,5,4,1,0,1,1,1
2580,1,8,396,441,462,431,458,0,0,0,0,0,0,0,0,0,0,9,9,8,10,9,9,8,8,8,8,5,4,5,5,5,1,0,0,1,1
2580,1,9,462,402,447,466,436,0,0,0,0,0,0,0,0,0,0,11,10,10,9,9,7,7,7,7,7,5,4,4,4,4,1,1,1,2,1
2580,1,10,456,465,404,448,467,0,0,0,0,0,0,0,0,0,0,7,8,6,7,7,7,7,6,7,7,4,4,3,3,3,1,2,1,2,2
2580,1,11,451,459,468,406,451,0,0,0,0,0,0,0,0,0,0,7,8,8,7,8,6,7,7,6,6,4,3,3,3,3,1,1,1,2,2
2580,1,12,455,453,460,471,409,0,0,0,0,0,0,0,0,0,0,7,6,5,7,7,6,6,6,6,6,3,3,3,3,3,1,1,1,1,1
2580,1,13,459,462,458,465,478,0,0,0,0,0,0,0,0,0,0,9,12,10,9,11,6,6,6,6,6,2,2,2,3,3,1,1,1,1,1
2580,1,14,437,460,465,460,466,0,0,0,0,0,0,0,0,0,0,6,5,7,6,6,6,6,6,6,6,3,3,3,3,2,1,1,1,1,1
2580,1,15,423,438,460,466,460,0,0,0,0,0,0,0,0,0,0,6,5,4,5,5,6,6,6,6,6,4,3,3,3,2,1,1,1,1,1
2580,1,16,398,427,441,463,470,0,0,0,0,0,0,0,0,0,0,5,6,6,6,6,6,6,7,7,7,5,5,4,4,5,0,1,0,0,0
2580,1,17,407,408,438,452,474,0,0,0,0,0,0,0,0,0,0,14,14,14,14,14,9,9,9,9,9,6,5,6,6,6,0,0,0,0,0
2580,1,18,447,448,451,478,494,0,0,0,0,0,0,0,0,0,0,53,52,53,52,54,17,17,17,19,19,7,6,7,7,7,0,0,0,0,0
2580,1,19,493,532,532,534,559,0,0,0,0,0,1,0,0,1,0,118,118,117,116,116,33,37,37,37,39,6,5,5,6,6,1,1,1,1,2
2580,1,20,655,583,616,617,619,0,0,0,0,0,0,1,1,1,1,151,148,146,147,147,68,60,64,63,64,5,4,4,4,4,1,1,1,2,1
2580,1,21,749,700,634,663,663,0,0,0,0,0,1,1,1,1,1,142,137,135,134,133,99,93,84,86,87,6,4,4,4,4,2,2,3,4,3
2580,1,22,717,755,710,650,676,0,0,0,0,0,1,1,1,1,1,118,120,117,113,116,108,116,108,98,103,5,5,5,5,5,3,2,3,3,4
2580,1,23,651,698,734,692,640,0,0,0,0,0,1,1,1,1,1,99,99,103,99,96,111,120,127,119,109,6,6,7,7,7,2,3,3,4,3
2580,1,24,674,623,663,696,659,0,0,0,0,0,0,0,0,0,0,85,86,86,90,85,128,119,127,134,125,8,8,9,9,10,3,3,3,3,3
2580,1,25,607,635,592,627,656,0,0,0,0,0,1,1,1,1,1,74,77,76,76,79,118,122,114,119,126,10,10,10,11,11,2,3,2,3,3
2580,1,26,637,580,605,569,599,0,0,0,0,0,1,1,1,1,1,74,70,70,70,69,112,103,106,99,104,10,10,11,11,12,3,3,4,4,4
2580,1,27,606,610,562,583,552,0,0,0,0,0,1,1,1,1,1,62,61,60,59,58,92,93,84,88,82,9,10,11,12,12,4,4,4,4,4
2580,1,28,636,592,594,550,568,0,0,0,0,0,1,1,1,1,1,55,55,55,51,51,80,73,75,69,71,9,9,10,11,11,4,4,5,4,5
2580,1,29,640,625,589,588,547,0,0,0,0,0,2,2,1,1,1,53,51,52,51,48,67,66,62,62,57,10,10,11,10,11,3,4,3,4,4
2580,1,30,596,634,620,587,585,0,0,0,0,0,1,1,1,1,1,47,47,45,44,43,54,58,57,54,53,10,9,11,11,11,1,3,3,2,3
2580,1,31,588,593,626,614,582,0,0,0,0,0,2,1,2,1,1,41,39,38,38,37,47,47,50,49,46,9,9,10,10,10,3,3,4,4,5
2580,1,32,573,584,591,622,608,0,0,0,0,0,1,2,1,1,1,35,34,35,35,34,41,42,42,43,44,8,9,9,9,9,3,3,3,4,4
2580,1,33,540,570,580,587,616,0,0,0,0,0,1,1,1,1,1,30,30,31,30,31,34,35,37,37,40,8,7,7,8,9,3,4,4,4,5
2580,1,34,537,540,570,578,586,0,0,0,0,0,1,1,1,1,1,26,26,28,28,29,31,30,31,33,33,8,8,8,8,8,3,3,4,4,4
2580,1,35,487,536,538,568,574,0,0,0,0,0,1,1,1,1,1,22,23,22,24,23,25,27,27,29,31,7,7,8,8,9,3,3,4,4,4
2580,1,36,471,486,531,533,564,0,0,0,0,0,0,0,0,0,0,18,18,18,18,19,23,23,26,26,27,7,7,7,7,8,3,3,4,4,4
2580,1,37,490,471,485,527,530,0,0,0,0,0,0,0,0,0,0,16,17,17,17,17,22,20,21,23,23,6,6,6,6,6,3,3,3,4,3
2580,1,38,453,490,472,486,525,0,0,0,0,0,0,0,0,0,0,17,17,18,18,17,16,18,18,17,20,4,4,4,4,4,1,3,3,4,3
2580,1,39,466,456,495,477,489,0,0,0,0,0,1,1,1,1,1,18,17,18,18,18,14,14,15,14,16,3,3,4,4,4,1,2,1,2,2
2580,1,40,488,469,460,497,478,0,0,0,0,0,0,0,0,0,0,14,14,14,14,12,13,13,12,14,13,4,4,4,4,4,1,2,2,2,2
2580,1,41,438,489,471,462,498,0,0,0,0,0,1,2,1,1,2,13,13,13,13,13,10,12,12,12,12,4,4,4,4,5,2,2,2,2,3
2580,1,42,454,438,489,472,463,0,0,0,0,0,0,0,0,0,0,10,9,11,10,11,10,10,11,11,11,3,3,3,4,4,2,2,3,2,3
2580,1,43,454,454,438,486,470,0,0,0,0,0,2,1,2,2,2,10,11,11,11,11,12,11,9,12,11,3,3,3,3,3,2,2,3,3,3
2580,1,44,500,452,453,437,483,0,0,0,0,0,1,1,1,1,1,8,8,8,8,8,11,9,9,9,10,3,3,3,3,3,2,3,2,2,3
2580,1,45,477,499,451,454,438,0,0,0,0,0,1,2,2,1,1,10,9,9,9,10,8,10,9,8,9,3,3,3,3,3,2,1,2,2,2
2580,1,46,499,478,497,451,453,0,0,0,0,0,1,0,1,0,0,9,9,8,7,7,9,8,9,7,8,2,2,2,2,2,2,2,2,2,2
2580,1,47,495,496,477,492,449,0,0,0,0,0,2,2,2,2,1,8,6,8,5,5,8,8,8,7,7,2,2,2,2,3,2,1,1,3,2
2580,1,48,485,493,494,474,488,0,0,0,0,0,2,2,2,2,2,8,7,7,6,5,8,8,8,8,8,2,2,2,2,2,1,1,1,1,1
2580,1,49,500,484,492,491,474,0,0,0,0,0,1,1,1,1,1,7,7,7,6,7,8,8,8,8,7,2,2,2,2,2,1,1,1,2,1
2580,1,50,503,494,480,488,487,0,0,0,0,0,1,1,1,1,1,6,5,5,6,5,9,10,8,9,9,2,2,2,2,2,1,2,2,2,1
2580,1,51,504,502,493,477,489,0,0,0,0,0,1,1,1,2,1,10,10,9,8,9,9,10,9,9,8,2,2,2,2,2,1,2,2,2,1
2580,1,52,506,500,499,489,473,0,0,0,0,0,1,1,1,1,1,6,6,6,6,5,10,10,9,9,9,2,2,2,2,2,1,1,1,2,1
2580,1,53,598,503,497,496,485,0,0,0,0,0,1,1,1,1,1,6,6,6,6,6,11,9,9,9,10,2,2,2,2,2,1,1,1,1,1
2580,1,54,537,593,500,491,491,0,0,0,0,0,1,1,1,1,1,7,6,6,4,5,9,10,8,8,8,2,2,1,1,1,0,2,1,2,2
2580,1,55,554,535,589,497,486,0,0,0,0,0,1,1,2,1,1,7,7,7,7,5,9,8,9,8,8,2,1,1,1,1,1,1,1,2,2
2580,1,56,543,554,536,588,496,0,0,0,0,0,1,1,1,1,1,8,8,8,9,8,7,8,7,9,8,1,2,2,1,2,1,1,1,1,2
2580,1,57,539,541,551,534,585,0,0,0,0,0,1,2,2,2,3,6,7,7,7,8,7,8,8,8,8,1,2,2,2,2,2,1,2,1,2
2580,1,58,507,536,536,546,531,0,0,0,0,0,2,2,3,3,2,6,7,6,6,6,6,7,8,8,7,1,1,1,1,1,2,2,1,1,1
2580,1,59,428,503,531,531,541,0,0,0,0,0,1,2,2,2,2,5,5,4,4,5,8,8,7,8,8,2,2,2,2,2,1,1,2,1,2
2580,1,60,457,426,501,527,525,0,0,0,0,0,2,3,2,2,3,5,6,6,6,4,7,5,7,7,7,2,2,2,2,2,1,2,1,3,2
2580,1,61,445,455,425,498,524,0,0,0,0,0,3,2,2,2,2,6,6,6,6,6,6,7,6,7,7,1,2,2,1,2,1,1,1,1,2
2580,1,62,459,439,449,420,491,0,0,0,0,0,2,2,2,2,2,5,4,4,4,4,7,7,7,6,8,0,0,0,0,0,1,1,1,1,1
2580,1,63,440,453,433,443,415,0,0,0,0,0,2,2,2,2,2,4,4,4,4,4,7,8,7,6,6,1,1,1,1,1,1,1,2,3,2
2580,1,64,426,434,447,425,437,0,0,0,0,0,2,2,2,3,2,4,4,3,4,4,8,8,8,9,8,1,1,1,1,1,1,1,0,1,1
2580,1,65,402,419,427,439,418,0,0,0,0,0,4,4,4,4,4,5,4,4,4,4,6,7,7,8,7,1,1,1,1,1,0,1,1,1,1
2580,1,66,453,396,411,420,433,0,0,0,0,0,3,4,3,4,3,4,4,3,4,4,8,6,7,7,7,0,0,0,0,0,1,0,1,0,0
2580,1,67,417,444,388,402,412,0,0,0,0,0,4,4,4,4,4,5,4,4,4,4,6,7,7,7,6,0,0,0,0,0,2,2,1,2,2
2580,1,68,402,409,436,382,394,0,0,0,0,0,5,5,5,4,4,4,4,3,4,3,7,8,6,6,7,1,1,1,1,1,1,0,1,1,1
2580,1,69,397,394,401,427,375,0,0,0,0,0,5,5,5,5,4,1,2,2,2,2,4,5,5,6,5,1,1,1,1,1,1,1,1,1,1
2580,1,70,425,392,389,397,422,0,0,0,0,0,6,5,5,5,6,3,3,3,4,4,4,4,4,4,4,1,1,1,2,2,0,0,0,1,1
2580,1,71,435,421,388,387,394,0,0,0,0,0,7,7,6,6,6,5,6,5,6,6,4,4,4,4,4,1,1,1,2,1,0,0,0,0,0
2580,1,72,400,427,415,384,384,0,0,0,0,0,7,8,7,6,5,5,4,5,6,6,4,4,4,4,4,0,0,0,0,0,0,0,0,0,0
2580,1,73,406,394,421,409,378,0,0,0,0,0,8,7,8,8,7,5,6,6,6,5,4,5,4,4,4,0,0,0,0,0,0,0,0,0,0
2580,1,74,390,400,389,414,403,0,0,0,0,0,8,8,7,8,8,5,5,5,4,4,3,3,3,3,3,0,0,0,0,1,0,0,0,0,0
2580,1,75,401,384,393,385,407,0,0,0,0,0,10,9,9,8,9,5,5,4,5,5,4,2,2,2,4,0,0,0,1,1,0,0,0,0,0
2580,1,76,329,392,376,386,378,0,0,0,0,0,9,11,10,9,9,4,4,4,4,4,2,2,2,2,2,0,0,0,0,0,0,0,0,0,0
2580,1,77,343,320,381,367,378,0,0,0,0,0,11,9,10,11,10,4,3,3,4,5,2,3,4,2,3,0,0,0,0,0,0,0,0,0,0
2580,1,78,316,330,308,368,355,0,0,0,0,0,10,11,10,11,11,0,1,1,1,1,2,3,3,3,2,0,0,0,0,0,0,0,0,0,0
2580,1,79,272,303,317,296,354,0,0,0,0,0,11,12,12,11,13,1,1,1,1,1,2,2,2,2,2,0,0,0,0,0,0,0,0,0,0
2580,2,0,362,361,361,361,367,364,363,363,363,370,2,2,2,2,2,7,7,7,7,7,11,11,11,11,12,4,4,4,4,4,0,0,0,0,0
2580,2,1,368,361,359,360,359,0,0,0,0,0,0,0,0,0,0,15,14,13,14,13,19,19,19,19,19,6,5,5,5,5,1,1,1,1,1
2580,2,2,383,369,362,361,361,0,0,0,0,0,0,0,0,0,0,16,15,14,14,14,17,16,15,15,15,4,4,4,5,5,2,2,2,2,3
2580,2,3,383,386,373,366,365,0,0,0,0,0,0,0,0,0,0,17,16,16,15,15,15,15,14,13,13,4,4,4,4,4,2,2,2,2,2
2580,2,4,394,386,389,377,369,0,0,0,0,0,0,0,0,0,0,14,14,14,14,14,13,13,13,13,13,4,4,4,4,4,2,2,2,1,2
2580,2,5,364,395,388,391,380,0,0,0,0,0,0,0,0,0,0,10,11,11,11,11,11,11,11,11,10,3,3,4,4,4,2,2,2,2,2
2580,2,6,435,366,397,391,394,0,0,0,0,0,0,0,0,0,0,10,10,10,10,10,10,8,9,9,9,4,3,3,4,4,2,3,2,2,2
2580,2,7,398,437,370,398,391,0,0,0,0,0,0,0,0,0,0,8,8,8,7,7,8,8,6,8,8,4,4,4,4,4,2,2,2,2,3
2580,2,8,371,401,436,371,398,0,0,0,0,0,0,0,0,0,0,6,6,6,6,6,7,7,8,7,7,5,5,4,4,4,1,1,3,2,3
2580,2,9,415,372,401,436,372,0,0,0,0,0,0,0,0,0,0,5,5,4,5,5,7,7,7,8,7,5,4,4,4,4,1,1,1,1,1
2580,2,10,396,416,374,401,438,0,0,0,0,0,0,0,0,0,0,4,4,5,4,5,7,7,7,8,7,4,4,4,4,4,0,0,0,0,0
2580,2,11,428,398,418,377,404,0,0,0,0,0,0,0,0,0,0,5,5,5,5,5,7,6,6,5,5,3,3,3,3,3,0,0,0,0,0
2580,2,12,399,431,400,421,381,0,0,0,0,0,0,0,0,0,0,6,6,5,6,6,6,6,6,6,5,3,3,3,3,3,0,0,0,0,0
2580,2,13,408,401,433,403,422,0,0,0,0,0,0,0,0,0,0,6,6,6,7,6,6,6,6,6,6,3,3,3,3,3,1,1,1,1,2
2580,2,14,422,408,402,432,404,0,0,0,0,0,0,0,0,0,0,5,5,5,5,6,7,7,7,7,7,3,3,3,3,3,1,1,0,2,1
2580,2,15,424,421,407,401,431,0,0,0,0,0,0,0,0,0,0,3,3,3,2,3,7,7,6,6,7,3,3,3,3,3,0,0,1,0,0
2580,2,16,382,421,418,405,400,0,0,0,0,0,0,0,0,0,0,4,4,3,4,4,7,7,7,7,7,2,1,2,2,3,1,1,1,1,1
2580,2,17,399,385,423,419,407,0,0,0,0,0,0,0,0,0,0,11,12,13,12,12,9,9,11,11,10,3,2,2,2,2,2,2,2,2,2
2580,2,18,374,409,398,434,429,0,0,0,0,0,0,0,0,0,0,31,32,32,31,30,19,23,21,22,22,2,2,3,3,3,1,1,1,1,1
2580,2,19,425,402,434,423,456,0,0,0,0,0,0,0,0,0,0,65,64,65,65,65,42,38,42,42,45,3,3,3,3,3,1,1,1,1,1
2580,2,20,426,454,431,461,451,0,0,0,0,0,0,0,0,0,0,89,89,86,88,88,56,61,59,63,62,4,3,4,4,4,1,2,2,2,2
2580,2,21,453,438,462,443,467,0,0,0,0,0,0,0,0,0,0,81,80,80,80,80,72,70,74,70,76,3,4,4,4,4,1,2,2,2,2
2580,2,22,456,459,447,465,448,0,0,0,0,0,0,0,0,0,0,81,81,82,82,79,78,79,76,81,76,5,5,5,5,5,1,1,2,3,3
2580,2,23,465,450,451,442,456,0,0,0,0,0,0,0,0,0,0,73,73,72,73,71,88,83,85,83,85,6,6,7,6,7,1,2,2,1,2
2580,2,24,452,451,437,440,432,0,0,0,0,0,0,0,0,0,0,71,70,69,71,71,92,90,87,88,87,7,7,7,8,8,2,1,2,2,2
2580,2,25,489,438,440,423,427,0,0,0,0,0,0,0,0,0,0,68,64,65,63,63,98,85,83,83,83,8,9,9,9,9,1,2,2,3,2
2580,2,26,456,472,427,430,414,0,0,0,0,0,0,0,0,0,0,57,57,54,55,54,78,80,71,71,69,10,9,9,10,10,3,3,3,4,4
2580,2,27,508,449,463,421,424,0,0,0,0,0,0,0,0,0,0,49,49,48,46,46,71,62,64,59,58,9,9,10,10,10,3,3,3,3,4
2580,2,28,525,500,446,458,420,0,0,0,0,0,0,0,0,0,0,42,42,41,40,39,60,57,50,51,47,9,9,9,9,10,3,2,3,3,3
2580,2,29,532,522,499,448,460,0,0,0,0,0,0,0,0,0,0,39,39,38,37,38,49,49,45,42,42,9,9,9,9,9,2,2,3,2,3
2580,2,30,505,534,521,501,453,0,0,0,0,0,0,0,0,0,0,37,38,35,35,34,40,42,42,39,35,9,9,10,10,10,2,3,4,4,4
2580,2,31,508,505,533,520,500,0,0,0,0,0,0,0,0,0,0,28,27,28,27,26,33,34,36,35,33,10,9,10,10,10,3,2,3,3,4
2580,2,32,500,507,506,533,520,0,0,0,0,0,0,0,0,0,0,25,24,25,26,26,29,29,29,31,31,8,8,9,9,9,3,4,4,4,4
2580,2,33,492,500,507,505,535,0,0,0,0,0,0,0,0,0,0,21,22,22,21,22,26,27,28,27,27,8,8,8,8,9,2,3,2,3,2
2580,2,34,461,495,501,508,507,0,0,0,0,0,0,0,0,0,0,17,21,19,20,21,22,24,24,25,25,8,8,8,8,8,0,2,2,2,2
2580,2,35,439,466,498,502,509,0,0,0,0,0,0,0,0,0,0,17,18,18,18,19,18,18,20,21,22,7,7,7,7,7,2,2,2,3,3
2580,2,36,450,443,468,498,501,0,0,0,0,0,0,0,0,0,0,15,15,14,14,13,16,16,17,18,18,6,7,7,7,7,0,2,2,3,3
2580,2,37,417,453,447,470,500,0,0,0,0,0,0,0,0,0,0,14,14,16,14,15,14,14,14,15,16,5,5,5,5,5,1,2,3,2,2
2580,2,38,418,419,455,449,471,0,0,0,0,0,0,0,0,0,0,12,12,13,11,13,12,12,13,12,14,4,4,4,5,5,2,2,2,2,3
2580,2,39,425,420,420,457,449,0,0,0,0,0,0,0,0,0,0,9,9,9,10,9,11,10,11,11,12,5,4,4,4,5,1,1,1,1,2
2580,2,40,434,426,421,420,457,0,0,0,0,0,0,0,0,0,0,7,8,8,7,7,10,10,10,9,10,4,4,4,4,5,1,1,1,2,2
2580,2,41,436,435,427,422,421,0,0,0,0,0,0,0,0,0,0,7,7,8,7,7,10,9,10,9,8,4,4,4,4,4,1,1,1,1,2
2580,2,42,416,435,435,427,422,0,0,0,0,0,0,0,0,0,0,6,6,6,6,7,8,9,8,8,8,3,3,3,3,3,1,1,1,1,2
2580,2,43,424,417,435,434,428,0,0,0,0,0,0,0,0,0,0,7,8,7,6,7,8,8,8,8,8,2,2,2,2,3,1,1,1,1,1
2580,2,44,425,425,418,434,435,0,0,0,0,0,0,0,0,0,0,7,7,7,7,7,7,7,7,9,7,3,2,2,2,2,1,1,1,1,1
2580,2,45,459,425,426,418,432,0,0,0,0,0,0,0,0,0,0,7,7,7,7,7,8,8,8,7,9,2,2,3,2,2,1,1,1,2,2
2580,2,46,474,464,428,430,422,0,0,0,0,0,0,0,0,0,0,8,11,9,10,10,8,8,7,7,7,3,3,3,3,3,2,1,2,2,2
2580,2,47,482,474,465,429,430,0,0,0,0,0,0,0,0,0,0,8,7,7,7,6,9,9,8,7,7,3,3,3,3,3,2,1,1,2,2
2580,2,48,506,482,476,465,430,0,0,0,0,0,1,0,0,0,0,9,9,8,8,7,10,10,8,9,8,3,3,3,3,3,1,2,1,2,1
2580,2,49,493,507,483,477,465,0,0,0,0,0,0,0,0,0,0,9,9,8,8,8,8,8,8,8,9,2,2,3,3,3,2,2,2,2,2
2580,2,50,541,496,511,485,480,0,0,0,0,0,0,0,0,0,0,12,11,12,10,11,10,8,8,8,8,2,2,2,2,2,2,2,2,2,2
2580,2,51,482,541,497,509,484,0,0,0,0,0,1,0,0,1,0,8,8,8,8,7,8,9,8,9,8,2,3,3,2,2,2,2,2,2,2
2580,2,52,539,481,539,496,508,0,0,0,0,0,1,0,1,0,0,9,9,9,9,9,9,9,9,9,9,1,1,1,1,1,2,2,2,2,2
2580,2,53,515,534,476,533,492,0,0,0,0,0,1,2,1,1,1,7,7,6,6,6,10,10,9,10,9,1,1,1,1,2,1,1,2,2,2
2580,2,54,568,509,528,472,528,0,0,0,0,0,2,2,2,1,2,7,7,7,7,7,11,10,10,9,10,1,1,1,1,2,1,2,2,2,2
2580,2,55,549,564,504,524,469,0,0,0,0,0,1,2,2,2,2,7,8,7,7,7,10,10,9,9,8,1,1,1,1,1,1,1,2,1,1
2580,2,56,568,548,561,501,520,0,0,0,0,0,1,1,1,1,2,7,7,7,7,6,10,9,11,9,9,2,3,3,1,2,1,1,1,1,1
2580,2,57,477,566,545,558,498,0,0,0,0,0,1,1,1,1,1,5,5,5,5,5,9,9,9,9,9,3,3,3,3,3,1,0,1,1,1
2580,2,58,486,477,563,543,556,0,0,0,0,0,1,1,1,1,1,6,6,6,6,6,7,7,9,8,8,3,3,3,3,3,1,1,2,2,2
2580,2,59,438,483,475,558,539,0,0,0,0,0,1,1,1,1,1,6,5,5,4,4,7,7,6,9,7,2,2,2,2,2,1,2,2,1,2
2580,2,60,464,435,479,472,555,0,0,0,0,0,1,1,1,1,1,4,4,4,4,4,6,6,6,6,6,1,1,1,1,1,2,1,2,1,1
2580,2,61,453,464,434,476,470,0,0,0,0,0,1,1,1,1,1,6,6,5,4,5,5,5,5,6,6,1,1,1,1,1,1,1,1,1,1
2580,2,62,437,452,462,432,474,0,0,0,0,0,1,1,1,1,1,6,6,5,5,5,6,6,6,6,6,0,0,0,0,0,1,0,0,0,0
2580,2,63,468,432,447,457,430,0,0,0,0,0,1,1,1,1,1,6,6,6,6,6,9,9,9,9,7,0,0,0,0,0,0,1,1,1,0
2580,2,64,498,463,429,443,453,0,0,0,0,0,3,1,1,2,1,8,7,7,7,6,10,10,8,8,9,0,0,0,0,0,1,1,1,1,0
2580,2,65,420,490,456,424,438,0,0,0,0,0,3,3,3,3,3,5,5,5,5,5,7,9,8,7,7,0,0,0,1,1,1,1,1,1,1
2580,2,66,422,417,483,452,420,0,0,0,0,0,3,3,4,3,3,6,6,5,5,5,6,6,8,6,6,1,1,1,1,1,1,1,1,1,1
2580,2,67,443,418,414,481,449,0,0,0,0,0,4,4,4,4,3,5,5,6,6,5,6,6,6,6,6,2,2,2,2,2,1,1,1,0,1
2580,2,68,431,442,416,414,481,0,0,0,0,0,4,4,3,3,3,7,7,7,7,8,5,5,7,5,6,1,1,1,1,1,0,0,0,0,0
2580,2,69,448,429,439,414,411,0,0,0,0,0,4,4,4,4,4,6,6,6,7,6,7,5,5,5,5,1,1,1,1,1,0,0,1,1,1
2580,2,70,438,443,427,437,412,0,0,0,0,0,6,5,4,4,4,5,4,5,5,5,5,5,4,4,4,1,1,1,1,1,0,0,0,0,0
2580,2,71,440,434,440,423,433,0,0,0,0,0,5,5,4,5,5,6,5,5,5,5,4,4,4,4,4,0,0,0,0,0,0,0,0,0,0
2580,2,72,467,436,433,438,420,0,0,0,0,0,5,5,4,4,4,7,4,6,5,5,4,3,3,3,4,0,0,0,0,0,0,0,0,0,0
2580,2,73,444,462,433,431,434,0,0,0,0,0,5,6,5,5,5,4,4,5,6,4,3,3,3,3,3,0,0,0,0,0,0,0,0,0,0
2580,2,74,447,440,458,431,429,0,0,0,0,0,7,6,7,5,5,4,4,5,5,5,3,3,3,3,3,1,1,1,1,1,0,0,0,0,0
2580,2,75,435,441,434,452,426,0,0,0,0,0,8,8,7,8,7,3,4,3,4,4,3,3,3,3,3,1,1,1,1,1,0,0,0,0,0
2580,2,76,382,428,435,430,448,0,0,0,0,0,8,8,7,7,7,5,4,4,5,5,3,3,3,3,3,1,0,0,1,1,0,0,0,0,0
2580,2,77,373,373,420,428,424,0,0,0,0,0,8,8,9,9,9,3,2,5,5,5,2,3,4,3,2,0,0,0,0,0,0,0,0,0,0
2580,2,78,324,363,364,408,416,0,0,0,0,0,8,9,8,10,10,1,1,1,1,1,2,2,2,3,3,0,0,0,0,0,0,0,0,0,0
2580,2,79,343,314,353,354,396,0,0,0,0,0,10,9,10,10,11,2,1,2,2,2,2,2,2,2,3,0,0,0,0,0,0,0,0,0,0
2582,1,0,138,137,136,136,139,137,136,135,135,137,0,0,0,0,0,5,5,5,5,6,6,6,6,6,6,2,2,2,2,2,0,0,0,0,0
2582,1,1,157,138,138,138,138,0,0,0,0,0,0,0,0,0,0,9,9,9,10,10,12,11,11,11,11,4,2,3,3,3,0,0,0,0,0
2582,1,2,121,156,138,138,138,0,0,0,0,0,0,0,0,0,0,5,6,6,6,6,9,11,10,10,10,4,4,4,4,4,0,0,0,0,0
2582,1,3,154,122,154,137,137,0,0,0,0,0,0,0,0,0,0,5,5,5,5,5,10,7,10,9,9,4,3,3,3,3,0,0,0,0,0
2582,1,4,154,153,123,154,139,0,0,0,0,0,0,0,0,0,0,6,5,5,6,6,9,9,7,9,7,3,3,3,3,3,0,0,0,0,0
2582,1,5,166,155,154,125,155,0,0,0,0,0,0,0,0,0,0,7,6,6,5,6,9,8,8,6,8,3,3,3,3,3,0,0,0,0,0
2582,1,6,137,163,154,153,126,0,0,0,0,0,0,0,0,0,0,4,3,3,4,4,7,8,7,7,6,3,3,3,3,3,1,1,0,1,0
2582,1,7,151,137,161,152,152,0,0,0,0,0,0,0,0,0,0,3,3,3,3,4,7,6,7,7,7,3,3,3,3,3,0,0,1,1,1
2582,1,8,150,151,135,160,151,0,0,0,0,0,0,0,0,0,0,3,3,3,4,3,6,6,6,7,6,3,3,2,2,2,0,0,1,0,0
2582,1,9,144,149,150,134,159,0,0,0,0,0,0,0,0,0,0,4,3,3,3,3,6,6,6,6,6,3,2,2,2,2,0,0,0,0,0
2582,1,10,153,146,150,152,134,0,0,0,0,0,0,0,0,0,0,5,5,4,5,4,6,6,6,6,6,3,3,3,3,2,0,0,0,0,0
2582,1,11,152,152,144,148,149,0,0,0,0,0,0,0,0,0,0,2,2,2,2,1,6,6,6,6,6,3,3,2,2,2,0,0,0,0,0
2582,1,12,151,151,150,142,146,0,0,0,0,0,0,0,0,0,0,3,3,3,3,3,6,6,6,6,6,2,2,1,1,1,0,0,0,0,0
2582,1,13,162,149,150,148,140,0,0,0,0,0,0,0,0,0,0,2,2,2,2,2,5,5,5,5,5,2,1,2,1,1,0,0,0,0,0
2582,1,14,158,162,149,150,148,0,0,0,0,0,0,0,0,0,0,3,3,3,3,3,5,5,5,5,5,2,2,2,2,2,0,0,0,0,0
2582,1,15,135,158,162,149,149,0,0,0,0,0,0,0,0,0,0,2,2,2,2,2,5,5,5,5,5,3,3,3,3,2,0,0,0,0,0
2582,1,16,156,135,158,162,148,0,0,0,0,0,0,0,0,0,0,2,2,2,2,1,5,5,5,5,5,3,3,3,3,3,0,0,0,0,0
2582,1,17,130,157,136,159,163,0,0,0,0,0,0,0,0,0,0,5,4,4,4,4,6,7,7,7,7,4,4,4,4,4,0,0,0,0,0
2582,1,18,146,131,157,138,158,0,0,0,0,0,0,0,0,0,0,8,7,8,8,8,10,10,12,10,12,5,4,4,4,3,0,0,0,0,0
2582,1,19,167,147,132,156,138,0,0,0,0,0,0,0,0,0,0,12,13,12,13,12,21,18,16,19,17,6,6,5,5,5,0,0,0,0,0
2582,1,20,174,169,151,136,158,0,0,0,0,0,0,0,0,0,0,22,23,22,20,21,28,27,24,22,25,7,6,6,6,6,0,0,0,0,0
2582,1,21,197,172,168,154,141,0,0,0,0,0,0,0,0,0,0,24,23,23,23,22,36,32,31,28,25,13,7,7,8,8,0,0,0,0,0
2582,1,22,169,191,171,169,155,0,0,0,0,0,0,0,0,0,0,23,23,23,22,20,30,36,32,30,28,9,7,8,9,9,0,0,0,0,0
2582,1,23,185,170,188,172,170,0,0,0,0,0,0,0,0,0,0,24,24,25,23,23,33,30,35,30,30,7,7,8,8,8,0,0,1,0,0
2582,1,24,160,182,170,184,171,0,0,0,0,0,0,0,0,0,0,23,24,24,25,23,27,33,30,35,30,6,7,7,7,7,0,1,1,1,1
2582,1,25,163,160,180,168,181,0,0,0,0,0,0,0,0,0,0,21,22,22,21,22,28,28,31,30,32,7,7,7,8,8,0,1,0,1,1
2582,1,26,205,164,162,180,169,0,0,0,0,0,0,0,0,0,0,23,21,23,23,23,38,28,28,31,30,7,8,8,9,9,1,0,1,1,1
2582,1,27,191,200,165,164,180,0,0,0,0,0,0,0,0,0,0,21,21,22,22,22,33,34,27,27,29,8,8,8,9,9,1,0,2,2,2
2582,1,28,207,185,193,164,161,0,0,0,0,0,0,0,0,0,0,16,16,17,16,16,32,29,31,25,25,8,8,8,9,8,1,1,1,1,2
2582,1,29,224,199,180,188,163,0,0,0,0,0,0,0,0,0,0,16,15,14,16,15,34,29,26,28,23,7,7,8,8,8,1,1,1,1,1
2582,1,30,203,215,191,176,184,0,0,0,0,0,0,0,0,0,0,15,14,14,14,15,27,29,28,24,25,7,7,7,7,7,1,1,1,1,1
2582,1,31,190,197,208,186,173,0,0,0,0,0,0,0,0,0,0,14,13,13,13,13,23,24,25,23,21,6,6,6,6,6,1,1,1,1,1
2582,1,32,185,187,194,203,182,0,0,0,0,0,0,0,0,0,0,12,13,13,13,12,20,20,20,22,20,5,5,5,5,5,1,1,1,1,1
2582,1,33,181,183,185,192,200,0,0,0,0,0,0,0,0,0,0,12,12,12,13,13,18,18,18,19,20,5,5,5,5,5,1,1,1,1,1
2582,1,34,163,178,182,184,188,0,0,0,0,0,0,0,0,0,0,11,11,13,12,11,15,17,17,17,18,5,4,4,5,4,1,1,1,1,1
2582,1,35,176,164,177,182,184,0,0,0,0,0,0,0,0,0,0,10,12,11,11,11,15,14,15,15,15,4,4,4,5,5,1,1,1,1,1
2582,1,36,138,174,161,174,179,0,0,0,0,0,0,0,0,0,0,7,7,7,8,8,12,13,13,14,14,4,5,4,4,4,1,1,1,1,1
2582,1,37,157,140,172,163,174,0,0,0,0,0,0,0,0,0,0,8,8,8,10,9,10,9,13,11,12,3,4,4,4,4,1,1,1,1,1
2582,1,38,155,154,139,169,162,0,0,0,0,0,0,0,0,0,0,6,6,6,7,7,10,11,9,12,10,3,3,3,3,3,0,1,1,1,1
2582,1,39,158,152,152,137,165,0,0,0,0,0,0,0,0,0,0,5,5,5,5,5,10,9,9,8,10,2,2,2,2,2,0,1,0,1,1
2582,1,40,156,156,151,151,136,0,0,0,0,0,0,0,0,0,0,6,6,7,7,7,9,9,9,9,9,3,2,2,3,3,1,1,1,2,2
2582,1,41,143,155,154,147,149,0,0,0,0,0,0,0,0,0,0,5,5,5,4,5,7,9,9,9,9,3,3,3,3,4,0,0,1,2,2
2582,1,42,163,143,153,153,147,0,0,0,0,0,0,0,0,0,0,4,4,5,5,5,9,7,9,7,7,3,3,2,2,2,1,0,0,1,0
2582,1,43,131,161,140,150,150,0,0,0,0,0,0,0,0,0,0,3,3,2,3,2,5,7,7,8,7,2,2,2,2,2,0,0,0,0,0
2582,1,44,145,131,160,140,149,0,0,0,0,0,0,0,0,0,0,3,3,3,3,3,7,5,6,5,6,2,2,2,2,2,0,0,0,0,0
2582,1,45,188,146,132,161,141,0,0,0,0,0,0,0,0,0,0,5,4,4,4,4,7,5,5,5,5,2,2,2,2,2,0,0,0,0,0
2582,1,46,158,187,145,131,159,0,0,0,0,0,0,0,0,0,0,3,3,2,2,2,6,6,5,5,6,2,2,2,2,2,0,0,0,0,0
2582,1,47,149,157,185,144,131,0,0,0,0,0,0,0,0,0,0,4,3,3,3,3,4,5,6,5,4,1,1,1,1,1,0,0,0,0,0
2582,1,48,174,150,158,185,146,0,0,0,0,0,0,0,0,0,0,6,5,5,5,5,6,5,5,6,4,1,1,1,1,1,0,0,0,0,0
2582,1,49,199,174,150,157,184,0,0,0,0,0,0,0,0,0,0,5,4,4,4,4,6,5,5,5,6,1,1,1,1,1,1,0,0,1,0
2582,1,50,171,197,174,149,156,0,0,0,0,0,0,0,0,0,0,3,3,3,2,2,4,6,4,4,4,1,1,1,1,1,0,0,0,0,0
2582,1,51,173,172,195,172,149,0,0,0,0,0,0,0,1,1,0,3,4,3,3,3,4,4,5,5,4,1,1,1,1,1,0,0,0,0,0
2582,1,52,176,172,173,192,172,0,0,0,0,0,0,1,0,1,0,4,4,4,3,4,4,4,4,6,4,1,1,1,1,1,0,1,0,0,1
2582,1,53,182,176,171,173,189,0,0,0,0,0,2,1,2,1,2,4,4,4,4,4,4,4,4,4,6,1,1,1,1,1,0,0,0,0,0
2582,1,54,243,181,178,171,174,0,0,0,0,0,1,2,1,2,1,5,5,5,4,5,6,4,4,4,4,1,1,2,2,2,0,1,0,0,1
2582,1,55,208,242,181,179,171,0,0,0,0,0,1,1,2,1,2,7,6,6,6,5,6,6,5,5,4,1,1,1,1,1,0,1,0,0,0
2582,1,56,180,207,240,179,178,0,0,0,0,0,1,1,1,1,1,3,3,3,3,3,5,5,6,5,5,1,2,2,1,2,0,0,0,0,0
2582,1,57,165,178,205,237,176,0,0,0,0,0,1,1,1,1,1,2,2,2,2,2,3,4,4,5,5,2,1,1,1,1,0,0,0,0,0
2582,1,58,157,166,177,205,236,0,0,0,0,0,1,1,1,1,1,2,2,1,2,2,2,2,3,3,4,2,2,2,2,2,0,0,0,0,0
2582,1,59,164,155,165,176,204,0,0,0,0,0,1,1,1,1,1,2,1,2,2,3,2,2,2,2,3,0,0,0,0,0,0,0,0,0,0
2582,1,60,160,161,153,163,174,0,0,0,0,0,1,1,1,1,1,2,1,1,2,2,3,3,2,3,3,0,0,0,0,0,0,0,0,0,0
2582,1,61,197,159,160,152,162,0,0,0,0,0,1,1,1,1,1,3,3,3,3,3,3,3,3,3,3,0,0,0,0,0,0,0,0,0,0
2582,1,62,168,195,157,158,149,0,0,0,0,0,1,1,1,1,1,2,2,2,2,1,3,3,3,3,3,0,0,0,0,0,0,0,0,0,0
2582,1,63,195,169,194,156,157,0,0,0,0,0,2,1,2,1,1,3,5,4,3,3,3,3,3,3,3,0,0,0,0,0,0,0,0,0,0
2582,1,64,203,193,168,191,155,0,0,0,0,0,2,2,1,3,1,3,3,3,3,3,3,3,3,3,3,0,0,0,0,0,0,0,0,0,0
2582,1,65,170,200,190,166,188,0,0,0,0,0,2,2,2,2,2,2,2,2,2,2,2,3,3,2,3,0,0,0,0,0,0,0,0,0,0
2582,1,66,179,168,198,188,164,0,0,0,0,0,2,2,2,2,2,3,2,2,2,2,2,2,2,2,2,0,0,0,0,0,0,0,0,0,0
2582,1,67,191,178,166,196,186,0,0,0,0,0,2,2,2,2,2,3,3,2,2,2,2,2,2,2,2,0,0,0,0,0,0,0,0,0,0
2582,1,68,179,189,176,164,194,0,0,0,0,0,2,2,2,2,2,2,2,2,2,2,2,2,2,2,2,0,0,0,0,0,0,0,0,0,0
2582,1,69,173,178,188,174,161,0,0,0,0,0,2,2,2,2,2,3,3,3,2,1,2,2,2,2,2,0,0,0,0,0,0,0,0,0,0
2582,1,70,190,171,178,187,173,0,0,0,0,0,3,2,2,3,2,1,2,4,4,3,2,2,2,2,2,0,0,0,0,0,0,0,0,0,0
2582,1,71,192,187,168,175,184,0,0,0,0,0,3,3,3,3,3,3,2,2,2,2,2,2,2,2,2,0,0,0,0,0,0,0,0,0,0
2582,1,72,187,189,184,165,172,0,0,0,0,0,3,3,3,3,3,2,2,2,2,2,2,2,2,2,2,0,0,0,0,0,0,0,0,0,0
2582,1,73,178,181,183,179,160,0,0,0,0,0,4,4,4,3,3,0,0,0,0,0,2,2,2,2,2,0,0,0,0,0,0,0,0,0,0
2582,1,74,199,174,176,178,175,0,0,0,0,0,5,4,4,4,4,1,1,1,1,1,2,1,2,2,1,0,0,0,0,0,0,0,0,0,0
2582,1,75,150,194,170,172,174,0,0,0,0,0,4,5,4,4,4,1,1,1,1,1,1,1,1,1,1,0,0,0,0,0,0,0,0,0,0
2582,1,76,199,146,189,167,170,0,0,0,0,0,6,4,5,5,3,1,2,2,3,2,2,2,2,2,2,0,0,0,1,1,0,0,0,0,0
2582,1,77,140,191,139,181,160,0,0,0,0,0,4,6,4,6,5,0,1,0,0,0,2,3,3,2,2,0,0,0,0,0,0,0,0,0,0
2582,1,78,144,135,186,133,174,0,0,0,0,0,5,5,5,5,6,2,3,2,2,1,2,3,2,3,2,0,0,0,0,0,0,0,0,0,0
2582,1,79,106,138,130,179,127,0,0,0,0,0,5,6,5,7,5,2,2,2,2,1,2,2,2,2,2,0,0,0,0,0,0,0,0,0,0
2582,2,0,131,129,128,128,129,129,129,128,128,129,0,0,0,0,0,5,5,5,4,5,6,6,6,6,6,3,1,1,2,1,0,0,0,0,0
2582,2,1,127,131,129,128,127,0,0,0,0,0,0,0,0,0,0,7,8,8,8,7,11,11,11,11,11,4,3,3,3,3,0,0,0,0,0
2582,2,2,148,131,133,130,129,0,0,0,0,0,0,0,0,0,0,9,10,9,9,8,12,10,10,10,10,4,4,3,2,3,0,0,0,0,0
2582,2,3,128,148,133,134,131,0,0,0,0,0,0,0,0,0,0,7,7,8,8,7,8,10,8,9,8,3,3,3,3,3,0,0,1,1,1
2582,2,4,145,130,147,135,135,0,0,0,0,0,0,0,0,0,0,6,6,6,6,6,9,7,9,7,7,3,3,3,3,3,0,0,1,0,1
2582,2,5,144,144,128,146,133,0,0,0,0,0,0,0,0,0,0,3,4,4,4,4,7,7,7,7,7,3,2,2,2,2,1,0,1,0,1
2582,2,6,134,145,145,128,145,0,0,0,0,0,0,0,0,0,0,4,4,4,4,4,6,6,6,6,6,3,3,3,2,2,0,0,0,0,1
2582,2,7,112,135,145,146,130,0,0,0,0,0,0,0,0,0,0,4,4,5,5,5,5,6,7,6,5,3,3,2,2,2,0,0,0,0,0
2582,2,8,135,114,135,143,146,0,0,0,0,0,0,0,0,0,0,4,4,3,3,3,6,5,6,7,5,3,3,3,2,2,0,0,0,0,0
2582,2,9,139,136,113,134,142,0,0,0,0,0,0,0,0,0,0,3,3,2,3,3,6,5,5,6,6,3,3,2,2,2,0,0,0,0,0
2582,2,10,136,139,135,113,134,0,0,0,0,0,0,0,0,0,0,3,3,3,2,3,4,6,6,4,5,3,3,2,2,2,0,0,0,0,0
2582,2,11,140,135,138,135,113,0,0,0,0,0,0,0,0,0,0,2,2,2,2,2,5,5,5,4,4,2,2,2,2,2,0,0,0,0,0
2582,2,12,126,140,136,138,136,0,0,0,0,0,0,0,0,0,0,3,3,3,3,3,4,5,4,5,4,3,2,2,2,2,0,0,0,0,0
2582,2,13,138,126,139,136,138,0,0,0,0,0,0,0,0,0,0,2,2,2,2,2,4,4,4,4,4,3,2,1,2,2,0,0,0,0,0
2582,2,14,140,137,127,138,136,0,0,0,0,0,0,0,0,0,0,3,2,4,3,4,5,5,4,5,5,2,2,1,1,1,0,0,0,0,0
2582,2,15,132,140,136,127,137,0,0,0,0,0,0,0,0,0,0,4,4,3,4,3,5,5,5,5,5,2,1,1,1,1,0,0,0,0,0
2582,2,16,169,133,140,135,128,0,0,0,0,0,0,0,0,0,0,4,4,4,3,5,7,5,5,5,5,2,2,1,1,1,0,0,0,0,0
2582,2,17,142,166,133,139,136,0,0,0,0,0,0,0,0,0,0,4,3,4,4,5,7,8,6,7,6,2,2,2,2,2,0,0,0,0,0
2582,2,18,163,140,161,130,137,0,0,0,0,0,0,0,0,0,0,6,7,7,7,7,13,11,13,12,11,3,2,2,2,2,1,0,1,0,0
2582,2,19,131,155,134,153,127,0,0,0,0,0,0,0,0,0,0,12,11,11,12,12,19,22,19,22,17,3,3,3,3,3,1,0,1,1,1
2582,2,20,141,126,142,129,144,0,0,0,0,0,0,0,0,0,0,16,16,14,17,17,28,24,29,24,28,3,3,3,3,3,1,0,1,1,1
2582,2,21,133,134,122,135,124,0,0,0,0,0,0,0,0,0,0,20,20,20,19,19,29,29,26,29,27,3,3,3,4,4,1,1,1,1,1
2582,2,22,114,125,125,116,126,0,0,0,0,0,0,0,0,0,0,17,18,17,17,16,25,28,28,26,28,3,3,3,4,4,1,1,1,1,1
2582,2,23,120,113,122,123,115,0,0,0,0,0,0,0,0,0,0,19,19,19,20,19,24,23,25,25,23,4,4,4,4,4,1,1,1,1,1
2582,2,24,127,121,113,122,122,0,0,0,0,0,0,0,0,0,0,18,19,18,18,19,24,22,21,23,23,5,4,4,5,4,0,0,1,0,1
2582,2,25,144,123,123,115,123,0,0,0,0,0,0,0,0,0,0,19,16,19,18,19,25,22,21,19,21,4,3,5,4,4,0,1,1,1,1
2582,2,26,152,146,129,129,120,0,0,0,0,0,0,0,0,0,0,19,20,20,20,18,24,22,18,19,18,4,4,4,5,5,1,0,0,0,0
2582,2,27,147,154,150,134,135,0,0,0,0,0,0,0,0,0,0,18,18,19,17,18,18,20,19,16,16,4,4,4,4,4,0,0,0,0,0
2582,2,28,171,150,154,151,137,0,0,0,0,0,0,0,0,0,0,14,15,14,14,14,20,16,18,17,15,4,4,4,4,4,1,0,0,0,0
2582,2,29,161,170,151,156,153,0,0,0,0,0,0,0,0,0,0,13,12,12,13,13,16,17,15,15,15,5,4,4,5,5,1,0,0,1,1
2582,2,30,186,163,172,153,156,0,0,0,0,0,0,0,0,0,0,12,13,13,12,11,17,15,15,14,15,4,4,4,4,4,0,0,0,0,0
2582,2,31,160,183,162,169,151,0,0,0,0,0,0,0,0,0,0,10,10,10,10,10,15,17,15,16,15,4,4,4,4,4,0,0,0,1,1
2582,2,32,150,159,178,158,165,0,0,0,0,0,0,0,0,0,0,10,11,9,9,10,15,14,16,14,15,4,3,3,3,3,1,1,1,2,2
2582,2,33,166,151,160,177,159,0,0,0,0,0,0,0,0,0,0,11,10,11,10,11,13,12,12,14,12,3,3,3,3,3,1,0,1,0,1
2582,2,34,153,165,152,156,175,0,0,0,0,0,0,0,0,0,0,7,7,7,6,6,10,12,10,13,12,4,4,4,4,4,0,0,0,1,0
2582,2,35,148,155,168,154,159,0,0,0,0,0,0,0,0,0,0,8,8,10,9,10,9,9,10,9,9,4,3,3,3,3,1,0,0,1,1
2582,2,36,147,149,155,167,154,0,0,0,0,0,0,0,0,0,0,6,6,6,6,6,8,8,9,10,9,4,4,4,4,4,1,1,1,1,1
2582,2,37,131,147,148,154,165,0,0,0,0,0,0,0,0,0,0,6,6,5,5,5,7,8,8,8,9,3,3,3,3,3,1,1,1,1,1
2582,2,38,146,131,146,146,154,0,0,0,0,0,0,0,0,0,0,5,5,5,4,6,7,7,7,7,7,3,3,2,2,2,1,1,1,1,1
2582,2,39,162,147,134,148,146,0,0,0,0,0,0,0,0,0,0,7,7,7,7,6,6,7,6,6,7,2,2,2,2,2,1,1,0,1,1
2582,2,40,139,160,146,135,147,0,0,0,0,0,0,0,0,0,0,4,4,4,4,4,5,7,6,5,6,2,2,2,2,2,0,1,1,0,1
2582,2,41,146,139,160,146,136,0,0,0,0,0,0,0,0,0,0,4,3,4,3,4,5,5,6,5,5,3,3,3,3,3,1,1,1,1,1
2582,2,42,134,145,138,159,144,0,0,0,0,0,0,0,0,0,0,2,2,2,2,1,4,4,4,4,4,3,2,2,3,2,2,1,1,2,1
2582,2,43,139,135,145,137,157,0,0,0,0,0,0,0,0,0,0,2,3,3,2,3,4,3,4,4,4,2,2,2,2,1,0,1,1,1,2
2582,2,44,147,142,138,147,139,0,0,0,0,0,0,0,0,0,0,4,4,4,3,3,3,3,3,3,3,2,2,2,2,2,0,0,0,0,0
2582,2,45,187,149,144,139,148,0,0,0,0,0,0,0,0,0,0,4,4,4,4,4,4,4,4,4,4,1,2,2,1,1,0,0,0,0,0
2582,2,46,169,186,148,143,138,0,0,0,0,0,0,0,0,0,0,3,3,2,2,2,4,5,4,4,4,1,1,1,1,1,0,0,0,0,0
2582,2,47,181,170,187,149,145,0,0,0,0,0,0,0,0,0,0,6,5,5,5,4,5,5,5,5,3,1,1,1,1,1,0,0,0,0,0
2582,2,48,186,181,170,187,149,0,0,0,0,0,0,0,0,0,0,4,4,4,4,4,5,5,5,5,5,1,1,1,1,1,0,0,0,0,0
2582,2,49,169,185,180,169,186,0,0,0,0,0,0,0,0,0,0,3,3,3,3,3,5,5,5,5,5,1,1,1,1,1,0,0,0,0,0
2582,2,50,176,169,185,181,169,0,0,0,0,0,0,0,0,0,0,5,4,5,5,4,5,5,6,5,5,1,1,1,1,1,0,0,0,0,0
2582,2,51,158,174,167,184,179,0,0,0,0,0,0,0,0,0,0,3,3,3,4,3,5,6,6,6,6,1,1,1,1,1,0,0,0,0,0
2582,2,52,172,158,173,165,184,0,0,0,0,0,0,0,0,0,0,4,4,4,3,5,6,5,6,6,6,1,1,1,1,1,0,0,0,0,0
2582,2,53,186,172,158,173,164,0,0,0,0,0,0,0,0,0,0,4,4,3,4,3,6,6,5,6,5,2,2,2,2,1,0,0,0,0,0
2582,2,54,180,185,172,158,172,0,0,0,0,0,0,0,0,0,0,4,4,4,3,4,6,6,5,4,6,1,1,1,1,1,0,0,0,0,0
2582,2,55,195,180,185,172,160,0,0,0,0,0,1,1,0,0,0,4,4,3,3,4,5,5,5,5,4,2,2,2,2,2,0,0,0,0,0
2582,2,56,170,191,177,183,171,0,0,0,0,0,0,1,1,0,0,2,2,3,3,3,4,5,5,5,4,0,0,0,0,0,0,0,0,0,0
2582,2,57,165,168,189,174,181,0,0,0,0,0,1,1,1,2,1,3,3,3,3,3,4,4,4,4,4,0,0,0,0,0,0,0,0,0,0
2582,2,58,164,163,166,187,171,0,0,0,0,0,1,1,1,1,2,2,2,2,2,2,3,3,3,3,3,0,0,0,0,0,0,0,0,0,0
2582,2,59,162,163,161,165,185,0,0,0,0,0,2,1,2,1,1,3,2,2,2,2,2,2,2,2,3,0,0,0,0,0,0,0,0,0,0
2582,2,60,188,163,166,162,166,0,0,0,0,0,1,2,1,2,2,4,4,5,4,4,2,2,2,2,2,1,1,1,1,1,0,0,0,0,0
2582,2,61,185,187,162,165,161,0,0,0,0,0,1,1,1,1,1,3,3,2,2,2,3,3,2,2,2,0,0,0,0,0,0,0,0,0,0
2582,2,62,193,183,186,160,163,0,0,0,0,0,1,1,1,1,1,2,2,3,2,2,3,3,3,3,3,0,0,0,0,0,0,0,0,0,0
2582,2,63,194,192,182,185,159,0,0,0,0,0,1,1,1,1,1,3,3,3,3,3,3,3,3,3,3,0,0,0,0,0,0,0,0,0,0
2582,2,64,174,194,190,181,183,0,0,0,0,0,1,1,1,1,1,4,4,2,3,2,3,3,3,3,3,0,0,0,0,0,0,0,0,0,0
2582,2,65,186,172,191,188,179,0,0,0,0,0,1,1,1,1,1,2,2,2,2,2,3,3,4,3,3,0,0,0,0,0,0,0,0,0,0
2582,2,66,182,186,172,190,187,0,0,0,0,0,1,1,1,1,1,4,4,4,4,4,4,3,3,4,4,0,0,0,0,0,0,0,0,0,0
2582,2,67,189,181,185,171,189,0,0,0,0,0,3,1,1,1,1,3,3,3,3,3,3,3,3,3,3,0,0,0,0,0,0,0,0,0,0
2582,2,68,191,187,179,184,169,0,0,0,0,0,2,2,2,1,1,3,3,3,3,2,3,3,3,3,3,0,0,0,0,0,0,0,0,0,0
2582,2,69,180,188,184,177,181,0,0,0,0,0,2,2,2,2,2,1,1,1,2,1,2,2,2,2,2,0,0,0,0,0,0,0,0,0,0
2582,2,70,172,178,186,182,175,0,0,0,0,0,2,2,2,2,2,2,2,2,2,2,2,2,2,2,2,0,0,0,0,0,0,0,0,0,0
2582,2,71,192,169,175,183,179,0,0,0,0,0,2,2,2,2,2,1,1,1,1,1,2,2,2,2,2,0,0,0,0,0,0,0,0,0,0
2582,2,72,210,190,167,172,180,0,0,0,0,0,3,2,2,2,2,2,2,2,1,1,2,2,2,2,2,0,0,0,0,0,0,0,0,0,0
2582,2,73,206,206,186,164,169,0,0,0,0,0,3,3,3,2,2,1,1,1,1,1,2,2,2,2,2,0,0,0,0,0,0,0,0,0,0
2582,2,74,215,204,202,182,160,0,0,0,0,0,3,3,3,3,3,3,3,1,1,1,2,2,2,2,2,0,0,0,0,0,0,0,0,0,0
2582,2,75,164,211,200,199,179,0,0,0,0,0,3,4,4,3,3,2,2,2,2,2,2,2,2,2,2,0,0,0,0,0,0,0,0,0,0
2582,2,76,170,162,208,197,196,0,0,0,0,0,3,3,4,4,4,2,2,2,2,2,1,1,1,1,1,0,0,0,0,0,0,0,0,0,0
2582,2,77,158,166,158,204,193,0,0,0,0,0,4,4,4,4,4,1,1,1,1,1,1,1,1,1,1,0,0,0,0,0,0,0,0,0,0
2582,2,78,129,155,163,155,200,0,0,0,0,0,3,4,4,4,5,2,2,2,2,2,1,1,1,1,1,0,0,0,0,0,0,0,0,0,0
2582,2,79,111,125,151,157,151,0,0,0,0,0,3,4,4,5,4,1,1,1,0,1,1,1,1,1,1,0,0,0,0,0,0,0,0,0,0
2581,1,0,209,206,204,203,204,208,205,203,202,203,0,0,0,0,0,6,6,6,6,6,7,7,7,7,7,2,2,2,2,2,0,0,0,0,0
2581,1,1,235,207,203,202,202,0,0,0,0,0,0,0,0,0,0,9,8,9,9,9,12,11,11,10,11,2,2,1,1,1,0,1,2,2,0
2581,1,2,180,236,210,206,204,0,0,0,0,0,0,0,0,0,0,8,9,9,9,8,8,10,8,8,8,3,2,2,2,2,0,0,0,0,0
2581,1,3,212,182,236,211,207,0,0,0,0,0,0,0,0,0,0,8,8,8,8,8,9,8,10,9,9,2,2,2,2,2,0,0,0,0,0
2581,1,4,251,209,181,233,209,0,0,0,0,0,0,0,0,0,0,5,5,5,5,5,10,9,7,10,9,3,1,1,2,2,0,0,0,0,0
2581,1,5,238,249,207,182,231,0,0,0,0,0,0,0,0,0,0,6,6,6,6,6,9,10,9,7,9,2,2,1,2,1,0,0,0,0,0
2581,1,6,246,235,245,206,181,0,0,0,0,0,0,0,0,0,0,6,5,5,5,5,9,9,9,7,7,2,2,1,1,1,1,1,1,0,0
2581,1,7,234,245,235,245,205,0,0,0,0,0,0,0,0,0,0,5,5,5,5,5,7,7,7,7,6,2,2,2,2,1,0,1,0,0,1
2581,1,8,238,235,245,235,244,0,0,0,0,0,0,0,0,0,0,5,5,4,5,4,5,5,5,5,5,2,2,2,1,1,1,1,1,1,1
2581,1,9,246,237,235,245,235,0,0,0,0,0,0,0,0,0,0,4,3,3,3,3,5,6,5,5,5,2,2,2,2,2,0,0,0,0,0
2581,1,10,227,245,236,234,245,0,0,0,0,0,0,0,0,0,0,4,2,2,2,3,4,5,5,5,5,2,2,2,2,2,0,0,0,0,0
2581,1,11,215,229,247,238,235,0,0,0,0,0,0,0,0,0,0,6,6,6,6,6,6,6,6,6,6,2,2,2,2,1,0,0,0,0,0
2581,1,12,262,216,230,247,239,0,0,0,0,0,0,0,0,0,0,7,5,6,7,7,8,6,6,8,7,2,2,1,1,1,0,0,0,0,0
2581,1,13,236,258,215,228,244,0,0,0,0,0,0,0,0,0,0,3,3,3,3,3,6,8,6,6,7,2,1,2,1,1,0,0,0,0,0
2581,1,14,246,236,257,215,227,0,0,0,0,0,0,0,0,0,0,4,4,4,4,4,6,6,6,5,6,2,2,1,1,1,0,0,0,0,0
2581,1,15,250,247,236,255,214,0,0,0,0,0,0,0,0,0,0,5,5,4,3,3,6,5,5,6,5,1,1,1,1,1,0,0,0,0,0
2581,1,16,245,250,247,236,255,0,0,0,0,0,0,0,0,0,0,3,3,3,3,3,5,5,5,5,5,2,2,2,2,2,0,0,0,0,0
2581,1,17,255,246,250,247,236,0,0,0,0,0,0,0,0,0,0,6,6,5,5,5,7,7,7,7,7,2,2,2,2,2,0,0,0,0,0
2581,1,18,256,254,245,249,246,0,0,0,0,0,0,0,0,0,0,10,10,10,10,10,14,14,14,14,14,3,3,3,3,3,0,0,0,0,0
2581,1,19,262,249,247,240,243,0,0,0,0,0,0,0,0,0,0,16,16,16,17,17,27,26,26,25,26,2,3,3,3,3,0,0,0,0,0
2581,1,20,248,254,242,241,235,0,0,0,0,0,0,0,0,0,0,26,26,25,26,26,36,37,35,35,34,4,3,3,3,3,0,0,0,0,0
2581,1,21,265,246,248,239,238,0,0,0,0,0,0,0,0,0,0,37,34,32,32,33,42,39,41,38,39,5,3,3,3,3,0,0,0,0,0
2581,1,22,249,260,241,242,235,0,0,0,0,0,0,0,0,0,0,33,36,33,32,32,43,44,41,42,39,3,3,3,4,3,0,0,0,0,0
2581,1,23,215,241,252,234,234,0,0,0,0,0,0,0,0,0,0,30,30,35,30,30,35,40,45,39,39,3,3,3,3,3,1,1,1,1,2
2581,1,24,249,208,233,245,228,0,0,0,0,0,0,0,0,0,0,28,26,28,31,29,41,35,38,40,37,2,2,3,3,3,1,0,1,1,1
2581,1,25,233,239,204,225,238,0,0,0,0,0,0,0,0,0,0,26,25,25,25,28,35,37,31,35,37,3,3,3,3,3,1,1,1,1,1
2581,1,26,267,228,232,201,221,0,0,0,0,0,0,0,0,0,0,29,25,24,23,25,38,32,33,28,31,3,3,3,3,3,1,1,1,1,1
2581,1,27,251,261,223,226,200,0,0,0,0,0,0,0,0,0,0,24,24,21,20,20,31,32,28,28,23,4,3,3,3,3,1,1,1,1,1
2581,1,28,275,247,258,220,222,0,0,0,0,0,0,0,0,0,0,21,20,21,18,17,28,26,26,23,23,3,3,3,3,3,1,1,1,1,1
2581,1,29,265,274,248,257,221,0,0,0,0,0,0,0,0,0,0,21,20,19,18,17,22,23,21,22,18,3,3,4,4,3,1,1,1,1,1
2581,1,30,305,266,275,249,257,0,0,0,0,0,1,0,0,0,0,17,17,17,16,15,21,18,18,17,17,3,3,3,3,3,1,1,1,1,1
2581,1,31,307,302,266,275,249,0,0,0,0,0,1,1,0,0,0,12,15,15,15,13,20,19,17,17,15,3,3,3,3,3,1,1,1,1,1
2581,1,32,283,304,299,267,274,0,0,0,0,0,1,0,1,0,0,15,14,15,15,14,17,19,19,16,17,2,3,3,3,3,1,1,1,1,1
2581,1,33,273,282,301,297,269,0,0,0,0,0,0,0,0,0,0,15,13,13,14,14,15,15,17,18,14,2,2,2,3,3,1,1,1,1,1
2581,1,34,249,271,279,300,295,0,0,0,0,0,0,0,1,0,1,11,10,11,12,12,12,13,14,14,14,2,2,2,2,2,1,1,1,1,1
2581,1,35,272,251,270,280,299,0,0,0,0,0,0,0,0,0,0,11,11,10,12,11,12,10,12,12,13,2,2,2,2,2,1,1,1,1,1
2581,1,36,226,269,252,270,279,0,0,0,0,0,0,0,0,0,0,9,9,10,10,11,10,13,11,12,13,3,2,3,3,2,1,1,1,1,1
2581,1,37,238,227,267,252,270,0,0,0,0,0,0,0,0,0,0,9,9,9,9,9,9,9,11,10,10,2,2,2,2,2,1,1,2,1,1
2581,1,38,265,240,229,269,255,0,0,0,0,0,0,0,0,0,0,8,8,8,9,10,9,8,8,9,9,2,2,2,2,2,0,0,0,0,0
2581,1,39,237,264,239,230,268,0,0,0,0,0,0,0,0,0,0,7,7,7,7,7,7,9,9,7,9,2,2,2,2,2,1,1,1,1,1
2581,1,40,258,235,261,238,230,0,0,0,0,0,0,0,0,0,0,6,6,6,7,7,9,8,9,8,7,1,1,1,1,1,1,1,1,1,1
2581,1,41,235,255,232,258,235,0,0,0,0,0,0,0,1,1,0,6,6,6,6,6,8,8,8,8,8,1,1,1,2,1,1,2,1,2,2
2581,1,42,259,235,255,232,257,0,0,0,0,0,0,0,0,0,0,6,6,6,6,6,7,7,7,7,7,2,2,2,2,2,1,1,1,1,2
2581,1,43,217,259,236,256,232,0,0,0,0,0,0,1,0,0,0,6,7,6,7,6,6,6,6,6,6,2,1,2,2,2,1,1,1,2,2
2581,1,44,241,217,258,236,257,0,0,0,0,0,0,0,1,0,0,5,4,5,5,6,5,5,5,5,5,1,1,1,1,1,1,0,1,1,1
2581,1,45,247,241,216,255,234,0,0,0,0,0,1,0,0,1,1,4,4,4,4,4,6,5,5,5,5,1,1,1,1,1,1,0,1,2,1
2581,1,46,261,248,240,217,254,0,0,0,0,0,0,0,0,0,0,3,5,4,4,4,5,4,5,4,5,1,1,1,1,1,1,1,1,0,1
2581,1,47,245,260,247,240,217,0,0,0,0,0,0,1,0,0,1,3,4,3,3,3,4,4,4,4,3,1,1,1,1,1,1,1,1,0,0
2581,1,48,307,246,262,248,242,0,0,0,0,0,1,1,0,1,0,5,4,4,4,4,4,3,3,3,3,1,1,1,1,1,0,0,0,0,0
2581,1,49,313,306,247,261,249,0,0,0,0,0,1,1,1,1,1,4,4,4,3,4,5,5,3,4,3,1,1,1,1,1,0,0,0,0,0
2581,1,50,282,312,304,246,259,0,0,0,0,0,2,1,1,1,1,5,4,4,4,4,5,5,6,5,6,1,1,1,1,1,0,0,0,0,0
2581,1,51,264,281,310,301,243,0,0,0,0,0,1,1,1,1,2,4,4,4,3,4,6,5,6,6,6,1,1,1,1,1,0,0,0,0,0
2581,1,52,286,265,282,310,301,0,0,0,0,0,1,1,1,1,1,5,4,5,5,4,6,4,5,6,5,1,2,2,2,2,0,0,0,0,0
2581,1,53,293,287,265,282,308,0,0,0,0,0,1,1,1,1,1,5,5,5,5,5,4,4,4,4,5,1,1,1,1,1,1,0,1,1,2
2581,1,54,271,292,286,264,281,0,0,0,0,0,1,1,1,1,1,4,4,4,4,4,4,4,4,4,4,0,0,0,0,0,0,0,0,0,0
2581,1,55,307,270,291,286,263,0,0,0,0,0,1,1,2,1,1,5,4,5,5,3,4,4,4,4,3,0,0,0,0,0,0,0,0,0,0
2581,1,56,271,306,269,290,285,0,0,0,0,0,1,1,1,1,1,4,4,4,4,4,4,4,4,4,4,0,0,0,0,0,0,0,0,0,0
2581,1,57,274,268,303,268,290,0,0,0,0,0,1,2,2,2,1,5,5,5,5,6,6,6,6,4,5,0,0,0,0,0,0,0,0,0,0
2581,1,58,261,272,265,300,266,0,0,0,0,0,1,1,1,1,1,4,4,4,4,4,5,5,6,6,5,0,0,0,0,0,0,0,0,0,0
2581,1,59,242,259,268,260,294,0,0,0,0,0,1,1,1,1,2,3,3,2,2,2,4,4,5,6,6,0,0,0,0,0,0,0,0,0,0
2581,1,60,246,239,255,265,258,0,0,0,0,0,2,1,2,2,1,3,2,2,3,3,4,4,4,4,4,0,0,0,0,0,0,0,0,0,0
2581,1,61,246,241,234,250,260,0,0,0,0,0,3,3,3,3,3,2,2,2,2,2,4,4,4,4,4,0,0,0,0,0,0,0,0,0,0
2581,1,62,283,244,239,233,248,0,0,0,0,0,2,2,2,2,2,3,2,2,3,2,4,2,2,2,2,0,0,0,0,0,1,0,0,0,0
2581,1,63,253,279,242,237,230,0,0,0,0,0,2,2,2,2,2,2,2,2,2,2,2,3,2,2,2,0,0,0,0,0,1,1,0,0,1
2581,1,64,232,251,275,240,235,0,0,0,0,0,2,2,2,2,2,4,3,2,3,3,3,3,3,3,3,0,0,0,0,0,0,0,1,0,0
2581,1,65,254,230,248,272,238,0,0,0,0,0,3,2,3,3,2,3,4,4,4,4,4,4,4,4,4,0,0,0,0,0,0,0,0,0,0
2581,1,66,251,251,228,246,270,0,0,0,0,0,2,3,2,3,2,3,4,3,4,4,4,4,3,3,4,0,0,0,0,0,0,0,0,0,0
2581,1,67,292,248,247,224,242,0,0,0,0,0,3,3,3,3,3,2,3,2,2,2,5,3,3,3,3,0,0,0,0,0,0,0,0,0,0
2581,1,68,242,287,244,242,220,0,0,0,0,0,3,4,3,3,3,2,2,2,2,2,3,3,3,4,3,0,0,0,0,0,0,0,0,0,0
2581,1,69,251,240,281,241,238,0,0,0,0,0,4,3,4,3,3,2,3,2,2,2,4,2,4,2,3,0,0,0,0,0,0,0,0,0,0
2581,1,70,266,248,236,277,237,0,0,0,0,0,4,4,4,4,4,3,3,2,2,2,3,2,2,2,2,0,0,0,0,0,0,0,0,0,0
2581,1,71,294,261,244,233,271,0,0,0,0,0,6,5,4,4,5,2,3,3,3,3,3,3,3,2,4,0,0,0,0,0,0,0,0,0,0
2581,1,72,285,288,256,239,228,0,0,0,0,0,6,6,5,4,4,3,2,2,1,1,4,2,2,2,2,0,0,0,0,0,0,0,0,0,0
2581,1,73,276,281,283,252,234,0,0,0,0,0,6,5,6,5,5,2,3,3,3,2,2,2,2,2,2,0,0,0,0,0,0,0,0,0,0
2581,1,74,268,270,275,277,246,0,0,0,0,0,6,6,6,6,6,2,2,2,2,2,2,2,2,2,2,0,0,0,0,0,0,0,0,0,0
2581,1,75,253,261,263,269,269,0,0,0,0,0,7,7,7,6,7,2,2,2,2,2,3,2,2,2,3,0,0,0,0,0,0,0,0,0,0
2581,1,76,233,244,252,255,260,0,0,0,0,0,7,8,8,7,8,1,1,1,1,1,1,2,2,2,2,0,0,0,0,0,0,0,0,0,0
2581,1,77,224,227,239,246,249,0,0,0,0,0,8,7,7,8,7,2,2,3,3,2,1,1,1,1,1,0,0,0,0,0,0,0,0,0,0
2581,1,78,190,215,219,232,240,0,0,0,0,0,8,9,8,8,8,0,1,2,2,3,1,1,2,1,1,0,0,0,0,0,0,0,0,0,0
2581,1,79,161,182,207,211,223,0,0,0,0,0,7,8,9,9,9,2,1,2,2,1,1,1,1,1,1,0,0,0,0,0,0,0,0,0,0
2581,2,0,199,196,196,193,197,196,193,193,190,193,0,0,0,0,0,6,6,6,6,7,5,5,5,5,5,2,2,2,2,2,0,0,0,0,0
2581,2,1,202,198,195,197,194,0,0,0,0,0,0,0,0,0,0,6,6,6,8,8,10,10,10,10,9,3,3,3,3,2,0,0,0,0,0
2581,2,2,204,206,201,198,200,0,0,0,0,0,0,0,0,0,0,10,10,9,9,9,9,9,9,9,9,3,3,3,3,3,0,0,0,0,0
2581,2,3,244,205,206,201,198,0,0,0,0,0,0,0,0,0,0,8,8,7,7,7,10,9,9,9,9,2,2,2,2,2,0,0,0,0,0
2581,2,4,213,244,207,208,203,0,0,0,0,0,0,0,0,0,0,7,7,7,7,7,7,9,7,7,7,2,2,2,2,2,0,0,0,0,0
2581,2,5,219,214,243,208,209,0,0,0,0,0,0,0,0,0,0,6,6,6,6,6,7,7,9,7,7,2,2,2,2,2,0,0,0,0,0
2581,2,6,226,216,213,239,206,0,0,0,0,0,0,0,0,0,0,3,2,4,3,3,7,7,7,9,7,2,2,2,2,2,0,0,0,0,0
2581,2,7,257,226,215,212,236,0,0,0,0,0,0,0,0,0,0,5,5,4,4,3,8,7,7,7,7,2,2,2,2,1,0,0,0,0,0
2581,2,8,215,257,225,215,212,0,0,0,0,0,0,0,0,0,0,2,3,3,3,3,5,5,6,5,5,2,2,2,2,2,0,0,0,0,0
2581,2,9,219,215,256,225,215,0,0,0,0,0,0,0,0,0,0,3,3,2,3,3,4,5,5,5,5,2,2,2,2,2,0,0,0,0,0
2581,2,10,221,218,214,255,223,0,0,0,0,0,0,0,0,0,0,2,2,2,2,2,4,5,5,5,5,2,2,2,2,1,0,0,0,0,0
2581,2,11,230,219,216,212,252,0,0,0,0,0,0,0,0,0,0,2,2,2,2,2,5,5,5,5,6,1,1,1,1,1,0,0,0,0,0
2581,2,12,212,228,217,214,210,0,0,0,0,0,0,0,0,0,0,2,2,2,2,2,5,5,5,5,5,1,1,1,1,1,0,0,0,0,0
2581,2,13,205,212,228,218,214,0,0,0,0,0,0,0,0,0,0,3,3,3,4,3,4,4,4,4,4,1,1,1,1,1,0,0,0,0,0
2581,2,14,232,205,212,227,218,0,0,0,0,0,0,0,0,0,0,3,3,3,2,3,4,4,4,4,4,1,1,1,1,1,0,0,0,0,0
2581,2,15,198,233,205,213,227,0,0,0,0,0,0,0,0,0,0,5,5,4,5,4,5,5,5,5,5,2,1,1,1,1,0,0,0,0,0
2581,2,16,242,200,233,206,213,0,0,0,0,0,0,0,0,0,0,4,4,4,4,4,5,4,5,4,5,2,2,1,1,1,0,0,0,0,0
2581,2,17,237,244,202,233,207,0,0,0,0,0,0,0,0,0,0,6,7,6,6,6,7,7,6,7,6,2,2,2,1,1,0,0,0,0,0
2581,2,18,220,239,246,206,233,0,0,0,0,0,0,0,0,0,0,14,14,15,13,13,13,14,14,11,15,2,2,1,2,2,0,0,0,0,0
2581,2,19,234,222,240,246,211,0,0,0,0,0,0,0,0,0,0,24,24,25,25,25,25,24,26,27,22,2,2,2,2,2,0,0,0,0,0
2581,2,20,242,228,220,235,242,0,0,0,0,0,0,0,0,0,0,31,31,31,32,33,39,37,34,38,38,1,1,2,2,2,1,1,1,1,1
2581,2,21,200,233,222,216,229,0,0,0,0,0,0,0,0,0,0,34,34,34,34,35,38,43,41,39,42,1,1,2,2,2,1,1,1,1,1
2581,2,22,163,191,220,212,208,0,0,0,0,0,0,0,0,0,0,30,29,31,31,31,32,38,44,42,40,1,1,1,2,2,1,1,1,1,1
2581,2,23,199,162,186,212,206,0,0,0,0,0,0,0,0,0,0,30,29,29,32,31,38,31,34,41,38,1,1,1,2,2,1,0,1,1,1
2581,2,24,181,194,161,181,204,0,0,0,0,0,0,0,0,0,0,26,26,24,25,26,30,32,26,31,35,2,2,2,2,2,1,1,1,1,1
2581,2,25,215,180,191,163,180,0,0,0,0,0,0,0,0,0,0,27,24,24,23,23,31,26,28,23,26,2,2,2,3,3,1,1,1,1,1
2581,2,26,237,213,181,190,166,0,0,0,0,0,0,0,0,0,0,26,25,22,21,21,29,27,22,24,20,3,1,2,3,3,1,1,1,1,1
2581,2,27,236,232,210,182,188,0,0,0,0,0,0,0,0,0,0,21,19,19,18,17,25,25,23,19,20,3,2,2,3,2,1,1,1,1,1
2581,2,28,272,236,230,211,183,0,0,0,0,0,0,0,0,0,0,21,20,18,18,16,25,22,22,19,16,3,3,3,3,2,1,1,1,1,1
2581,2,29,264,270,236,229,210,0,0,0,0,0,0,0,0,0,0,16,17,17,15,14,21,21,18,18,16,2,2,2,3,2,1,0,1,1,1
2581,2,30,249,260,267,237,229,0,0,0,0,0,0,0,0,0,0,13,13,13,14,13,17,18,18,15,15,3,2,3,3,3,1,1,1,1,1
2581,2,31,268,252,262,268,240,0,0,0,0,0,0,1,1,1,1,14,15,15,15,14,16,13,14,15,12,3,3,3,3,3,1,1,1,1,1
2581,2,32,246,268,252,262,268,0,0,0,0,0,0,0,1,1,0,11,11,11,11,11,11,12,11,11,12,2,2,2,2,2,1,1,1,1,1
2581,2,33,248,246,268,253,263,0,0,0,0,0,0,0,0,0,0,9,9,10,11,11,11,10,11,11,11,2,2,2,2,2,0,1,1,1,1
2581,2,34,239,250,247,269,256,0,0,0,0,0,1,1,1,1,0,10,13,12,13,13,10,11,11,12,11,2,2,2,2,2,1,1,1,1,1
2581,2,35,215,238,248,246,266,0,0,0,0,0,1,0,1,0,1,9,9,9,9,9,10,11,11,11,12,2,2,2,2,2,0,1,1,1,1
2581,2,36,226,215,238,246,246,0,0,0,0,0,1,0,1,1,0,8,8,8,8,9,9,9,9,10,10,2,2,2,2,2,1,1,0,1,1
2581,2,37,240,224,215,237,245,0,0,0,0,0,1,1,1,1,1,7,7,8,8,8,9,9,9,9,9,2,2,2,2,2,1,1,0,1,1
2581,2,38,227,237,223,213,234,0,0,0,0,0,1,1,1,1,1,5,5,5,6,6,8,8,7,7,8,2,2,2,2,2,0,1,0,2,2
2581,2,39,226,226,236,223,212,0,0,0,0,0,0,0,0,0,0,6,5,5,5,4,5,6,6,5,6,2,1,1,1,2,1,1,1,1,1
2581,2,40,230,226,226,236,222,0,0,0,0,0,1,1,1,1,1,6,6,6,6,5,6,6,6,6,6,2,2,2,2,2,1,1,1,1,1
2581,2,41,216,228,223,223,233,0,0,0,0,0,1,1,1,1,1,3,4,3,3,4,5,5,5,5,6,1,1,1,1,1,1,1,1,1,1
2581,2,42,212,215,227,222,222,0,0,0,0,0,1,1,1,1,1,4,4,4,4,4,5,5,5,5,5,1,1,1,1,1,0,0,0,0,0
2581,2,43,228,212,215,227,222,0,0,0,0,0,1,1,1,1,1,4,4,4,4,4,4,4,4,4,4,1,1,1,1,1,0,0,0,0,0
2581,2,44,244,226,212,214,227,0,0,0,0,0,1,1,1,1,1,3,3,3,3,4,4,5,3,4,4,1,1,1,1,1,0,0,0,0,0
2581,2,45,270,243,226,211,213,0,0,0,0,0,1,1,1,1,1,4,3,4,3,3,4,4,4,4,4,1,1,1,1,1,0,0,0,0,0
2581,2,46,311,269,242,226,211,0,0,0,0,0,1,1,1,1,1,4,4,4,4,4,6,5,5,4,4,1,1,1,1,1,0,0,0,0,0
2581,2,47,271,309,268,241,225,0,0,0,0,0,2,1,1,1,1,4,4,4,4,4,5,6,5,5,5,1,1,1,1,1,0,0,0,0,0
2581,2,48,267,270,305,267,241,0,0,0,0,0,1,2,2,1,1,5,5,4,4,5,5,5,7,5,5,1,1,1,1,1,0,0,0,0,0
2581,2,49,260,265,268,302,266,0,0,0,0,0,2,2,2,2,1,4,4,4,4,4,5,5,5,6,5,1,1,1,1,1,0,0,0,0,0
2581,2,50,257,259,265,267,300,0,0,0,0,0,1,1,0,1,2,4,3,3,3,4,4,4,4,4,5,1,1,1,1,1,0,0,0,0,0
2581,2,51,255,256,257,264,265,0,0,0,0,0,1,2,2,1,2,4,4,3,4,3,4,4,4,5,4,1,1,1,1,1,0,0,0,0,0
2581,2,52,273,252,254,253,261,0,0,0,0,0,2,2,1,2,2,3,3,3,2,3,5,5,5,5,5,1,1,1,1,1,0,0,0,0,0
2581,2,53,275,272,252,253,252,0,0,0,0,0,1,1,2,1,1,4,3,4,3,3,5,5,4,4,4,1,2,2,1,1,0,0,0,0,0
2581,2,54,274,276,272,252,253,0,0,0,0,0,1,1,1,2,1,4,4,4,4,4,4,4,4,4,4,2,2,1,2,1,0,0,0,0,0
2581,2,55,264,273,274,270,251,0,0,0,0,0,1,1,1,1,1,5,5,4,4,4,4,5,5,5,4,0,0,0,0,0,0,0,0,0,0
2581,2,56,288,263,271,273,269,0,0,0,0,0,1,1,1,1,1,4,4,4,4,4,5,4,5,4,4,0,0,0,0,0,0,0,0,0,0
2581,2,57,274,288,263,271,273,0,0,0,0,0,1,1,1,1,1,5,5,5,5,5,4,4,4,4,4,0,0,0,0,0,0,0,0,0,0
2581,2,58,238,273,287,262,270,0,0,0,0,0,1,1,1,1,1,2,4,4,4,4,4,4,4,4,4,0,0,0,0,0,0,0,0,0,0
2581,2,59,247,236,271,284,260,0,0,0,0,0,1,1,1,1,1,2,1,2,2,2,2,2,3,4,3,0,0,0,0,0,0,0,0,0,0
2581,2,60,237,245,234,269,283,0,0,0,0,0,1,2,1,1,1,3,3,3,3,3,4,3,4,3,3,0,0,0,0,0,0,0,0,1,0
2581,2,61,268,235,243,231,267,0,0,0,0,0,1,1,1,1,1,2,2,2,1,2,3,3,3,3,3,0,0,0,0,0,0,0,0,0,0
2581,2,62,269,268,234,242,230,0,0,0,0,0,1,1,1,1,1,4,4,3,3,3,3,3,3,3,3,0,0,0,0,0,0,0,0,0,0
2581,2,63,264,267,266,233,241,0,0,0,0,0,3,2,2,1,1,3,3,3,3,3,3,3,3,3,3,0,0,0,0,0,0,0,0,0,0
2581,2,64,277,260,264,261,228,0,0,0,0,0,2,2,2,3,3,3,2,3,2,1,5,4,4,4,3,0,0,0,0,0,0,0,0,0,0
2581,2,65,286,275,258,262,259,0,0,0,0,0,2,2,2,2,2,4,4,4,4,4,5,4,4,4,4,0,0,0,0,0,0,0,0,0,0
2581,2,66,251,283,271,255,259,0,0,0,0,0,2,2,2,2,2,4,4,3,3,3,4,5,5,4,4,0,0,0,0,0,0,0,0,0,0
2581,2,67,264,248,280,268,252,0,0,0,0,0,2,2,2,2,2,3,3,3,3,3,4,4,4,4,4,0,0,0,0,0,0,0,0,0,0
2581,2,68,266,261,246,275,265,0,0,0,0,0,2,2,2,3,3,1,2,2,3,4,4,3,2,5,4,0,0,0,0,0,0,0,0,0,0
2581,2,69,261,264,259,245,273,0,0,0,0,0,3,3,3,3,3,3,3,3,4,3,2,2,2,2,2,0,0,0,0,0,0,0,0,0,0
2581,2,70,268,260,263,258,244,0,0,0,0,0,3,3,3,3,3,3,3,3,3,3,2,1,1,1,1,0,0,0,0,0,0,0,0,0,0
2581,2,71,265,268,261,264,259,0,0,0,0,0,3,4,3,3,3,5,5,5,5,5,1,1,1,1,1,0,0,0,0,0,0,0,0,0,0
2581,2,72,316,264,265,259,262,0,0,0,0,0,4,3,4,4,4,4,4,3,4,4,2,2,2,2,2,0,0,0,0,0,0,0,0,0,0
2581,2,73,319,312,262,263,257,0,0,0,0,0,4,4,3,3,3,2,2,3,3,3,2,2,2,2,2,0,0,0,0,0,0,0,0,0,0
2581,2,74,273,314,308,259,260,0,0,0,0,0,5,5,5,4,4,2,2,3,3,3,2,2,2,2,2,0,0,0,0,0,0,0,0,0,0
2581,2,75,280,267,308,301,253,0,0,0,0,0,6,5,5,6,5,1,1,1,1,1,2,2,2,2,2,0,0,0,0,0,0,0,0,0,0
2581,2,76,280,274,260,301,296,0,0,0,0,0,6,6,6,7,5,2,2,2,2,2,3,2,3,2,2,0,0,0,0,0,0,0,0,0,0
2581,2,77,228,273,267,255,295,0,0,0,0,0,6,7,7,6,7,2,2,2,2,2,1,2,2,1,1,0,0,0,0,0,0,0,0,0,0
2581,2,78,191,222,266,261,248,0,0,0,0,0,5,6,7,7,7,3,2,2,3,2,1,2,2,2,2,0,0,0,0,0,0,0,0,0,0
2581,2,79,174,185,215,257,253,0,0,0,0,0,6,6,7,8,8,2,2,2,1,2,2,2,2,2,2,0,0,0,0,0,0,0,0,0,0
2560,1,0,38,39,39,39,39,37,38,38,38,38,0,0,0,0,0,2,2,2,2,2,2,2,2,2,2,1,1,1,1,1,0,0,0,0,0
2560,1,1,50,39,39,38,39,0,0,0,0,0,0,0,0,0,0,2,2,2,2,2,5,3,4,5,4,2,2,2,2,2,0,0,0,0,0
2560,1,2,33,50,41,41,40,0,0,0,0,0,0,0,0,0,0,3,3,3,3,3,3,5,3,3,3,2,2,2,2,2,0,0,0,0,0
2560,1,3,37,34,50,41,41,0,0,0,0,0,0,0,0,0,0,2,2,2,2,2,3,3,4,4,4,2,2,2,2,2,0,0,0,0,0
2560,1,4,47,37,34,48,40,0,0,0,0,0,0,0,0,0,0,2,2,2,2,2,4,3,3,4,3,1,1,1,1,1,1,0,0,1,1
2560,1,5,43,47,37,34,48,0,0,0,0,0,0,0,0,0,0,2,2,2,2,2,3,3,3,3,3,1,1,1,1,1,0,0,0,0,0
2560,1,6,45,45,49,40,37,0,0,0,0,0,0,0,0,0,0,4,4,4,4,4,4,3,3,2,2,1,1,1,1,1,0,0,0,0,0
2560,1,7,42,45,43,49,40,0,0,0,0,0,0,0,0,0,0,1,1,0,1,1,2,2,3,2,2,1,1,1,1,1,0,0,0,0,0
2560,1,8,49,42,45,43,49,0,0,0,0,0,0,0,0,0,0,1,1,1,1,1,2,2,2,2,2,1,1,1,1,1,0,0,0,0,0
2560,1,9,36,48,41,44,42,0,0,0,0,0,0,0,0,0,0,0,0,0,0,0,2,2,2,2,2,1,1,1,1,1,0,0,0,0,0
2560,1,10,49,38,48,41,45,0,0,0,0,0,0,0,0,0,0,1,2,1,1,1,1,1,2,2,1,1,1,1,1,1,0,0,0,0,0
2560,1,11,47,50,39,49,42,0,0,0,0,0,0,0,0,0,0,1,1,1,1,1,1,1,1,1,1,1,1,1,1,1,0,0,0,0,0
2560,1,12,35,48,51,40,50,0,0,0,0,0,0,0,0,0,0,1,1,1,1,1,1,1,1,1,1,1,1,1,1,1,0,0,0,0,0
2560,1,13,46,37,49,52,41,0,0,0,0,0,0,0,0,0,0,2,2,2,2,2,2,1,2,2,2,1,1,1,1,1,0,0,0,0,0
2560,1,14,48,46,37,49,52,0,0,0,0,0,0,0,0,0,0,1,1,1,1,1,2,2,2,2,2,1,1,1,1,1,0,0,0,0,0
2560,1,15,46,48,46,37,49,0,0,0,0,0,0,0,0,0,0,2,1,1,1,1,2,2,2,2,2,1,1,1,1,1,0,0,0,0,0
2560,1,16,56,46,48,46,37,0,0,0,0,0,0,0,0,0,0,1,1,1,1,1,2,2,2,2,2,1,1,1,1,1,0,0,0,0,0
2560,1,17,62,57,49,51,49,0,0,0,0,0,0,0,0,0,0,2,2,3,3,3,3,3,2,2,2,2,2,2,2,2,0,0,0,0,0
2560,1,18,48,61,56,49,51,0,0,0,0,0,0,0,0,0,0,2,2,2,2,2,4,5,5,4,4,2,2,2,2,2,0,0,0,0,0
2560,1,19,53,47,58,53,47,0,0,0,0,0,0,0,0,0,0,3,3,2,2,2,6,6,7,7,6,2,2,2,2,2,0,0,0,0,0
2560,1,20,50,51,45,54,50,0,0,0,0,0,0,0,0,0,0,5,5,5,4,4,8,8,8,9,8,1,1,1,1,1,0,0,0,0,0
2560,1,21,79,47,47,41,49,0,0,0,0,0,0,0,0,0,0,5,4,3,2,2,15,9,9,8,9,3,2,2,2,2,0,0,0,0,0
2560,1,22,42,69,43,43,39,0,0,0,0,0,0,0,0,0,0,4,3,4,4,4,9,14,9,9,7,1,1,1,1,1,0,0,0,0,0
2560,1,23,44,42,65,42,42,0,0,0,0,0,0,0,0,0,0,5,6,6,5,5,8,7,11,7,7,1,1,1,1,1,0,0,0,0,0
2560,1,24,31,42,40,59,40,0,0,0,0,0,0,0,0,0,0,3,3,3,3,3,5,6,6,9,6,1,1,1,1,1,0,0,0,1,0
2560,1,25,44,34,43,41,58,0,0,0,0,0,0,0,0,0,0,7,6,6,6,7,5,4,5,5,8,1,1,1,1,1,1,0,1,1,1
2560,1,26,41,43,35,42,40,0,0,0,0,0,0,0,0,0,0,4,4,4,4,4,5,5,4,5,5,1,1,1,1,1,1,1,0,1,1
2560,1,27,48,44,45,37,44,0,0,0,0,0,0,0,0,0,0,6,6,5,5,5,4,4,4,4,4,1,1,1,1,1,0,0,0,0,0
2560,1,28,51,50,46,47,40,0,0,0,0,0,0,0,0,0,0,5,5,5,5,6,4,4,4,4,4,1,1,1,1,1,0,0,0,0,0
2560,1,29,55,50,49,45,46,0,0,0,0,0,0,0,0,0,0,3,3,3,3,3,5,4,4,4,4,1,1,1,1,1,1,1,1,1,1
2560,1,30,58,57,52,51,48,0,0,0,0,0,0,0,0,0,0,6,6,6,6,6,4,4,4,4,3,1,1,1,1,1,1,1,1,1,1
2560,1,31,43,59,58,53,52,0,0,0,0,0,0,0,0,0,0,4,4,4,4,4,4,4,4,4,4,1,1,1,1,1,0,0,0,0,0
2560,1,32,68,44,58,57,54,0,0,0,0,0,0,0,0,0,0,3,3,3,3,3,5,3,5,5,3,1,1,1,1,1,0,0,0,0,0
2560,1,33,49,67,45,58,57,0,0,0,0,0,0,0,0,0,0,3,3,3,3,3,3,5,3,4,4,1,1,1,1,1,0,0,0,0,0
2560,1,34,48,50,66,46,59,0,0,0,0,0,0,0,0,0,0,2,2,2,2,3,3,3,5,3,4,2,2,2,2,2,0,0,0,0,0
2560,1,35,44,49,50,64,46,0,0,0,0,0,0,0,0,0,0,2,2,2,2,2,3,3,3,5,3,2,2,1,1,1,0,0,0,0,0
2560,1,36,38,44,49,50,64,0,0,0,0,0,0,0,0,0,0,3,3,3,3,3,2,4,4,4,4,1,1,1,1,1,0,0,0,0,0
2560,1,37,43,40,45,48,51,0,0,0,0,0,0,0,0,0,0,3,3,3,3,4,2,2,3,5,4,1,1,1,1,1,0,0,0,0,0
2560,1,38,49,42,39,44,47,0,0,0,0,0,0,0,0,0,0,1,1,1,1,1,2,2,2,2,2,0,0,0,0,0,0,0,0,0,0
2560,1,39,47,48,42,39,44,0,0,0,0,0,0,0,0,0,0,2,2,2,2,2,3,3,2,2,2,0,0,0,0,0,0,0,0,0,0
2560,1,40,37,47,47,42,39,0,0,0,0,0,0,0,0,0,0,2,2,2,2,2,2,2,2,2,2,0,0,0,0,0,0,0,1,0,0
2560,1,41,40,37,47,47,42,0,0,0,0,0,0,0,0,0,0,2,2,2,2,2,2,2,2,2,2,0,0,0,0,0,0,0,0,0,0
2560,1,42,34,41,38,48,48,0,0,0,0,0,0,0,0,0,0,2,3,2,3,3,1,2,2,2,2,0,0,1,0,0,0,0,0,0,0
2560,1,43,39,35,43,39,49,0,0,0,0,0,0,0,0,0,0,1,1,3,1,2,3,1,2,1,2,1,1,1,1,1,0,0,0,0,0
2560,1,44,52,38,35,42,40,0,0,0,0,0,0,0,0,0,0,1,1,1,1,2,2,3,2,3,2,1,1,1,1,1,0,0,0,0,0
2560,1,45,54,51,38,34,42,0,0,0,0,0,0,0,0,0,0,2,1,1,1,2,2,2,1,2,2,0,0,0,0,0,0,0,0,0,0
2560,1,46,53,54,51,38,34,0,0,0,0,0,0,0,0,0,0,2,2,2,2,2,2,2,2,2,2,0,0,0,0,0,0,0,0,0,0
2560,1,47,55,54,55,51,38,0,0,0,0,0,0,0,0,0,0,2,2,2,2,2,2,2,2,2,2,0,1,1,0,0,0,0,0,0,0
2560,1,48,52,54,53,54,50,0,0,0,0,0,0,0,0,0,0,1,1,1,1,1,2,2,2,2,2,0,0,0,0,0,0,0,0,0,0
2560,1,49,42,51,53,52,53,0,0,0,0,0,0,0,0,0,0,1,1,1,1,1,2,2,2,2,2,0,0,0,0,0,0,0,0,0,0
2560,1,50,52,40,49,51,50,0,0,0,0,0,0,0,0,0,0,0,0,0,0,0,2,2,2,2,2,0,0,0,0,0,0,0,0,0,0
2560,1,51,56,51,38,48,50,0,0,0,0,0,0,0,0,0,0,1,1,1,1,1,2,2,3,2,2,0,0,0,0,0,0,0,0,0,0
2560,1,52,42,55,49,37,46,0,0,0,0,0,0,0,0,0,0,1,1,1,0,0,1,2,3,1,2,0,0,0,0,0,0,0,0,0,0
2560,1,53,48,41,54,48,36,0,0,0,0,0,0,0,0,0,0,0,0,0,0,0,1,1,1,1,1,0,0,0,0,0,0,0,0,0,0
2560,1,54,58,48,40,51,47,0,0,0,0,0,0,0,0,0,0,1,1,0,0,0,1,1,1,3,1,0,0,0,0,0,0,0,0,0,0
2560,1,55,56,56,47,40,48,0,0,0,0,0,0,0,0,0,0,0,0,0,0,0,2,2,1,0,3,0,0,0,0,0,0,0,0,0,0
2560,1,56,57,55,56,47,41,0,0,0,0,0,0,0,0,0,0,1,1,1,1,1,2,1,1,1,0,0,0,0,0,0,1,1,0,0,0
2560,1,57,53,56,55,55,48,0,0,0,0,0,0,0,0,0,0,1,1,2,1,2,1,1,1,1,1,0,0,0,0,0,0,1,1,1,0
2560,1,58,51,51,54,53,53,0,0,0,0,0,0,0,0,0,0,0,0,0,0,0,1,1,1,1,1,0,0,0,0,0,0,1,1,1,1
2560,1,59,50,51,50,54,54,0,0,0,0,0,0,0,0,0,0,0,1,0,1,2,1,1,1,1,1,0,0,0,0,0,0,0,0,0,0
2560,1,60,55,48,50,48,54,0,0,0,0,0,0,0,0,0,0,0,1,1,1,3,2,3,2,3,3,0,0,0,0,0,0,0,0,0,0
2560,1,61,46,54,47,50,47,0,0,0,0,0,0,0,0,0,0,1,1,1,1,1,2,2,2,1,2,0,0,0,0,0,0,0,0,0,0
2560,1,62,59,46,53,47,50,0,0,0,0,0,1,0,1,0,0,0,0,0,0,0,0,0,0,0,0,0,0,0,0,0,0,0,0,0,0
2560,1,63,52,57,45,51,47,0,0,0,0,0,1,2,1,2,0,0,0,0,0,0,0,0,0,0,0,0,0,0,0,0,0,0,0,0,0
2560,1,64,49,50,55,45,49,0,0,0,0,0,2,2,2,0,2,0,0,0,0,0,0,0,0,0,0,0,0,0,0,0,0,0,0,0,0
2560,1,65,47,48,50,55,45,0,0,0,0,0,0,1,0,0,0,0,0,0,0,0,0,0,0,0,0,0,0,0,0,0,0,0,0,0,0
2560,1,66,56,47,49,50,54,0,0,0,0,0,1,0,0,0,1,0,0,1,0,0,0,0,0,0,0,0,0,0,0,0,0,0,0,0,0
2560,1,67,63,56,47,49,51,0,0,0,0,0,1,1,1,1,0,1,1,1,1,1,1,0,0,0,0,0,0,0,0,0,0,0,0,0,0
2560,1,68,58,62,55,46,48,0,0,0,0,0,1,1,1,1,1,0,0,0,0,0,0,0,0,0,0,0,0,0,0,0,0,0,0,0,0
2560,1,69,58,57,61,54,45,0,0,0,0,0,1,1,1,1,1,0,0,0,0,0,0,0,0,0,0,0,0,0,0,0,0,0,0,0,0
2560,1,70,58,57,56,60,53,0,0,0,0,0,1,1,1,1,1,0,0,0,0,0,0,0,0,0,0,0,0,0,0,0,0,0,0,0,0
2560,1,71,53,56,55,54,58,0,0,0,0,0,1,1,1,1,1,0,0,0,0,0,0,1,1,1,1,0,0,0,0,0,0,0,0,0,0
2560,1,72,54,52,55,54,53,0,0,0,0,0,1,1,1,1,1,1,1,1,1,1,1,1,1,1,1,0,0,0,0,0,0,0,0,0,0
2560,1,73,59,52,50,53,52,0,0,0,0,0,1,1,1,1,1,0,0,0,0,0,1,1,1,1,1,0,0,0,0,0,0,0,0,0,0
2560,1,74,43,56,50,48,51,0,0,0,0,0,1,2,1,1,1,0,0,0,0,0,1,1,1,1,1,0,0,0,0,0,0,0,0,0,0
2560,1,75,49,41,54,48,46,0,0,0,0,0,2,1,1,1,1,0,0,0,0,0,1,1,1,1,1,0,0,0,0,0,0,0,0,0,0
2560,1,76,54,47,39,51,46,0,0,0,0,0,2,1,1,2,1,0,0,0,0,0,1,1,1,1,1,0,0,0,0,0,0,0,0,0,0
2560,1,77,53,51,44,37,48,0,0,0,0,0,2,2,2,1,2,0,0,0,0,0,1,1,1,1,1,0,0,0,0,0,0,0,0,0,0
2560,1,78,39,50,48,42,36,0,0,0,0,0,2,2,2,1,1,1,0,0,0,0,0,1,1,1,0,0,0,0,0,0,0,0,0,0,0
2560,1,79,26,37,48,46,40,0,0,0,0,0,1,2,2,2,2,0,0,0,0,0,0,0,0,0,0,0,0,0,0,0,0,0,0,0,0
2560,2,0,34,35,35,34,35,35,36,36,35,36,0,0,0,0,0,0,0,0,0,0,2,2,2,2,2,1,1,1,1,1,0,0,0,0,0
2560,2,1,37,35,36,36,35,0,0,0,0,0,0,0,0,0,0,4,3,3,3,3,3,3,3,3,3,1,1,1,1,1,0,0,0,0,0
2560,2,2,44,38,36,37,37,0,0,0,0,0,0,0,0,0,0,4,3,3,3,3,4,3,3,3,3,1,1,1,1,1,0,0,0,0,0
2560,2,3,41,44,39,37,38,0,0,0,0,0,0,0,0,0,0,2,2,2,2,2,4,4,3,3,3,2,2,2,2,2,0,0,0,0,0
2560,2,4,37,41,44,38,36,0,0,0,0,0,0,0,0,0,0,3,2,2,1,1,4,3,3,3,3,1,1,1,1,1,0,0,0,0,0
2560,2,5,39,38,42,44,39,0,0,0,0,0,0,0,0,0,0,2,2,2,2,2,2,2,2,3,2,1,1,1,1,1,0,0,0,0,0
2560,2,6,31,40,39,43,45,0,0,0,0,0,0,0,0,0,0,2,2,2,2,2,2,2,2,2,2,1,1,1,1,1,0,0,0,0,0
2560,2,7,32,34,42,40,43,0,0,0,0,0,0,0,0,0,0,2,3,2,1,1,2,2,2,2,2,1,2,2,2,1,0,0,0,0,0
2560,2,8,50,31,34,42,40,0,0,0,0,0,0,0,0,0,0,1,0,1,1,1,2,2,2,2,2,1,1,1,1,1,0,0,0,0,0
2560,2,9,51,51,32,35,43,0,0,0,0,0,0,0,0,0,0,2,2,2,2,2,3,2,2,2,2,1,1,1,1,1,0,0,0,0,0
2560,2,10,43,50,50,32,35,0,0,0,0,0,0,0,0,0,0,0,0,0,0,0,2,2,2,1,1,1,1,1,1,1,0,0,0,0,0
2560,2,11,40,43,50,50,32,0,0,0,0,0,0,0,0,0,0,0,0,0,0,0,1,1,1,1,1,1,1,1,1,1,0,0,0,0,0
2560,2,12,48,41,44,51,51,0,0,0,0,0,0,0,0,0,0,1,1,1,1,1,1,1,1,1,1,1,1,1,1,1,0,0,0,0,0
2560,2,13,30,47,40,43,50,0,0,0,0,0,0,0,0,0,0,0,0,0,0,0,1,2,2,2,2,1,1,1,1,1,0,0,0,0,0
2560,2,14,35,30,47,40,43,0,0,0,0,0,0,0,0,0,0,1,1,1,1,1,2,2,2,2,2,1,1,1,1,1,0,0,0,0,0
2560,2,15,37,34,29,46,40,0,0,0,0,0,0,0,0,0,0,0,0,0,1,1,2,2,2,3,2,1,1,1,1,1,0,0,0,0,0
2560,2,16,52,37,34,29,46,0,0,0,0,0,0,0,0,0,0,2,1,1,1,1,3,2,2,2,2,1,1,1,1,1,0,0,0,0,0
2560,2,17,46,50,36,33,28,0,0,0,0,0,0,0,0,0,0,0,0,0,0,0,3,3,2,2,2,1,1,1,1,1,0,0,0,0,0
2560,2,18,33,46,47,37,34,0,0,0,0,0,0,0,0,0,0,3,3,3,4,3,3,4,7,4,3,1,1,1,1,1,0,0,0,0,0
2560,2,19,35,31,42,44,34,0,0,0,0,0,0,0,0,0,0,4,3,3,4,3,7,6,8,8,7,1,1,1,1,1,0,0,0,0,0
2560,2,20,36,31,29,35,38,0,0,0,0,0,0,0,0,0,0,4,4,4,2,3,10,9,7,10,10,1,1,1,1,1,0,0,0,0,0
2560,2,21,41,34,30,28,33,0,0,0,0,0,0,0,0,0,0,6,6,6,6,6,11,9,8,8,9,1,1,1,1,1,0,0,0,0,0
2560,2,22,21,37,32,28,27,0,0,0,0,0,0,0,0,0,0,4,4,4,4,4,5,9,7,7,6,1,1,1,1,1,0,0,0,0,0
2560,2,23,36,22,35,30,28,0,0,0,0,0,0,0,0,0,0,4,4,4,4,4,7,4,6,6,5,1,1,1,1,1,1,0,1,1,0
2560,2,24,34,35,23,34,30,0,0,0,0,0,0,0,0,0,0,4,4,4,4,4,5,5,4,5,4,1,1,1,1,1,1,1,0,1,1
2560,2,25,37,34,35,24,34,0,0,0,0,0,0,0,0,0,0,4,4,4,4,4,5,4,4,4,4,1,1,1,1,1,1,1,1,0,1
2560,2,26,36,38,35,36,27,0,0,0,0,0,0,0,0,0,0,5,4,4,4,4,4,4,4,4,2,1,1,1,1,1,0,0,0,0,0
2560,2,27,44,38,40,36,37,0,0,0,0,0,0,0,0,0,0,5,5,5,4,4,5,4,4,4,4,1,1,1,1,1,0,0,0,0,0
2560,2,28,50,45,39,40,37,0,0,0,0,0,0,0,0,0,0,5,5,4,4,4,5,4,4,4,4,1,1,1,1,1,1,1,0,1,0
2560,2,29,53,49,44,39,39,0,0,0,0,0,0,0,0,0,0,3,3,3,3,3,4,4,4,5,4,1,1,1,2,1,1,1,1,0,1
2560,2,30,47,52,50,44,39,0,0,0,0,0,0,0,0,0,0,3,3,4,2,1,3,4,4,3,2,1,1,1,1,1,0,1,0,0,0
2560,2,31,52,48,53,51,44,0,0,0,0,0,0,0,0,0,0,4,3,3,3,2,3,3,3,3,3,1,1,1,1,1,0,0,0,0,0
2560,2,32,35,51,47,53,51,0,0,0,0,0,0,0,0,0,0,2,2,2,3,3,3,4,4,4,4,1,1,1,1,1,0,0,0,0,0
2560,2,33,49,35,49,48,50,0,0,0,0,0,0,0,0,0,0,3,2,3,2,2,3,3,5,3,5,1,1,1,2,1,1,0,1,0,1
2560,2,34,31,49,37,50,48,0,0,0,0,0,0,0,0,0,0,3,3,3,4,3,2,4,3,4,4,2,2,2,2,2,0,1,0,1,1
2560,2,35,45,33,48,39,50,0,0,0,0,0,0,0,0,0,0,2,2,2,3,3,4,2,4,3,4,2,2,2,2,2,0,0,1,0,1
2560,2,36,39,44,33,47,38,0,0,0,0,0,0,0,0,0,0,2,2,2,2,2,4,4,3,4,4,1,1,1,1,1,0,0,0,0,0
2560,2,37,44,42,44,35,47,0,0,0,0,0,0,0,0,0,0,3,5,3,3,3,4,3,4,2,4,1,1,1,1,1,0,0,0,0,0
2560,2,38,31,44,43,45,36,0,0,0,0,0,0,0,0,0,0,1,1,2,2,2,2,2,2,2,2,1,1,1,1,1,0,0,0,0,0
2560,2,39,40,33,45,45,45,0,0,0,0,0,0,0,0,0,0,2,2,2,3,1,2,1,2,2,2,1,1,1,1,1,0,0,0,0,0
2560,2,40,41,40,33,45,45,0,0,0,0,0,0,0,0,0,0,1,1,1,1,1,2,1,1,1,1,0,0,0,0,0,0,0,0,0,0
2560,2,41,30,40,41,33,45,0,0,0,0,0,0,0,0,0,0,2,1,2,1,1,1,2,1,1,1,0,0,0,0,0,0,0,0,0,0
2560,2,42,39,30,39,40,33,0,0,0,0,0,0,0,0,0,0,1,1,1,1,1,1,1,2,2,1,0,0,0,0,0,0,0,0,0,0
2560,2,43,42,38,29,38,40,0,0,0,0,0,0,0,0,0,0,1,1,1,1,1,2,2,2,2,2,0,0,0,0,1,0,0,0,0,0
2560,2,44,40,41,37,29,37,0,0,0,0,0,0,0,0,0,0,0,0,0,0,0,2,2,2,1,2,1,1,1,1,1,0,0,0,0,0
2560,2,45,40,40,41,37,29,0,0,0,0,0,0,0,0,0,0,0,0,0,0,0,1,1,1,1,1,1,1,1,1,1,0,0,0,0,0
2560,2,46,58,39,40,41,36,0,0,0,0,0,0,0,0,0,0,0,0,0,0,0,2,3,2,2,3,2,2,2,2,2,0,0,0,0,0
2560,2,47,48,58,39,40,40,0,0,0,0,0,0,0,0,0,0,1,1,1,1,1,2,2,2,2,3,0,1,1,1,1,0,0,0,0,0
2560,2,48,42,46,55,38,39,0,0,0,0,0,0,0,0,0,0,0,0,0,0,0,2,2,2,1,1,0,0,0,0,0,0,0,1,0,0
2560,2,49,43,43,47,55,38,0,0,0,0,0,0,0,0,0,0,2,2,2,2,1,1,1,1,1,1,0,0,0,0,0,0,0,0,1,0
2560,2,50,49,43,42,47,51,0,0,0,0,0,0,0,0,0,0,0,1,0,0,0,3,1,1,1,4,1,0,0,1,0,0,0,0,0,0
2560,2,51,43,49,44,43,47,0,0,0,0,0,0,0,0,0,0,2,2,2,2,2,1,2,1,1,2,0,0,0,0,0,0,0,0,0,0
2560,2,52,55,43,49,44,43,0,0,0,0,0,0,0,0,0,0,1,1,1,1,1,2,1,1,1,1,0,0,0,0,0,0,0,0,0,0
2560,2,53,68,53,42,48,43,0,0,0,0,0,0,0,0,0,0,0,0,0,0,0,2,2,1,1,1,0,0,0,0,0,0,0,0,0,0
2560,2,54,41,67,51,42,47,0,0,0,0,0,0,0,0,0,0,1,1,1,1,1,1,2,3,1,2,0,0,0,0,0,0,0,0,0,0
2560,2,55,50,42,66,51,43,0,0,0,0,0,0,0,0,0,0,1,1,1,1,1,1,0,2,1,0,0,0,0,0,0,0,0,0,0,0
2560,2,56,57,52,45,67,53,0,0,0,0,0,0,0,0,0,0,2,2,3,2,2,0,0,0,1,0,0,0,0,0,0,0,0,0,0,0
2560,2,57,35,57,52,45,67,0,0,0,0,0,0,0,0,0,0,1,1,1,1,1,0,1,1,1,1,0,0,0,0,0,0,0,0,0,0
2560,2,58,47,36,58,53,46,0,0,0,0,0,0,0,0,0,0,2,2,2,2,2,1,1,1,1,1,0,0,0,0,0,0,0,0,0,0
2560,2,59,43,48,36,59,53,0,0,0,0,0,0,0,0,0,0,0,2,1,2,1,1,1,1,1,1,0,0,0,0,0,0,0,0,0,0
2560,2,60,50,42,47,35,57,0,0,0,0,0,0,0,0,0,0,0,0,0,0,0,1,1,1,1,1,0,0,0,0,0,0,0,0,0,1
2560,2,61,62,49,42,47,35,0,0,0,0,0,0,0,0,0,0,0,0,0,0,0,1,1,0,0,0,0,0,0,0,0,0,0,0,0,0
2560,2,62,51,61,49,42,47,0,0,0,0,0,0,0,0,0,0,0,0,0,0,0,1,1,0,0,0,0,0,0,0,0,0,0,0,0,0
2560,2,63,59,51,60,49,42,0,0,0,0,0,0,0,0,0,0,1,1,1,1,1,1,1,1,1,1,0,0,0,0,0,1,0,1,0,0
2560,2,64,51,58,51,59,49,0,0,0,0,0,0,0,0,0,0,0,0,0,0,0,0,1,0,1,0,0,0,0,0,0,0,0,0,0,0
2560,2,65,44,52,59,52,60,0,0,0,0,0,0,0,0,0,0,1,1,1,1,1,0,0,0,0,0,0,0,0,0,0,0,0,0,0,0
2560,2,66,42,44,54,59,53,0,0,0,0,0,0,0,0,0,0,0,0,2,0,1,0,0,0,0,0,0,0,0,0,0,0,0,0,0,0
2560,2,67,51,43,45,54,59,0,0,0,0,0,0,0,0,1,1,1,1,1,1,1,0,0,0,0,0,0,0,0,0,0,0,0,0,0,0
2560,2,68,47,49,43,45,52,0,0,0,0,0,1,1,0,0,1,0,0,0,0,0,1,1,0,0,1,0,0,0,0,0,0,0,0,0,0
2560,2,69,63,45,47,42,44,0,0,0,0,0,1,1,1,0,0,0,0,0,0,0,1,1,1,1,1,0,0,0,0,0,0,0,0,0,0
2560,2,70,43,61,42,45,40,0,0,0,0,0,2,1,2,1,1,0,0,0,0,0,1,1,1,1,1,0,0,0,0,0,0,0,0,0,0
2560,2,71,36,42,59,41,44,0,0,0,0,0,0,0,1,0,0,0,0,0,0,0,1,1,1,1,1,0,0,0,0,0,0,0,0,0,0
2560,2,72,46,35,40,57,41,0,0,0,0,0,1,1,1,1,0,0,0,0,0,0,1,0,1,1,0,0,0,0,0,0,0,0,0,0,0
2560,2,73,60,46,36,41,57,0,0,0,0,0,1,1,0,0,1,1,1,1,1,1,0,0,0,0,0,0,0,0,0,0,0,0,0,0,0
2560,2,74,57,58,46,36,41,0,0,0,0,0,1,1,1,1,1,1,1,1,1,1,0,2,0,0,0,0,0,0,0,0,0,0,0,0,0
2560,2,75,63,55,57,45,35,0,0,0,0,0,1,1,1,1,1,0,0,0,0,0,1,1,0,0,0,0,0,0,0,0,0,0,0,0,0
2560,2,76,41,59,53,54,43,0,0,0,0,0,1,1,1,1,1,0,0,0,0,0,1,3,1,2,1,0,0,0,0,0,0,0,0,0,0
2560,2,77,48,39,57,51,52,0,0,0,0,0,1,1,1,1,1,0,0,0,0,0,1,1,1,1,1,0,0,0,0,0,0,0,0,0,0
2560,2,78,45,46,37,55,49,0,0,0,0,0,1,1,1,1,1,0,0,0,0,0,1,1,1,1,1,0,0,0,0,0,0,0,0,0,0
2560,2,79,27,44,45,36,53,0,0,0,0,0,1,1,1,1,2,1,1,1,0,1,0,1,1,0,1,0,0,0,0,0,0,0,0,0,0
2514,1,0,66,66,65,65,65,66,66,65,65,65,0,0,0,0,0,2,2,2,2,2,2,2,2,2,2,0,0,0,0,0,0,0,0,0,0
2514,1,1,67,67,67,66,66,0,0,0,0,0,0,0,0,0,0,5,5,5,5,5,5,5,5,5,5,1,1,1,1,1,0,0,0,0,0
2514,1,2,70,67,67,66,66,0,0,0,0,0,0,0,0,0,0,3,3,3,3,3,5,4,4,5,4,1,1,1,1,1,0,0,0,0,0
2514,1,3,76,71,68,68,66,0,0,0,0,0,0,0,0,0,0,3,4,4,4,3,4,4,4,4,4,1,1,1,1,1,0,0,0,0,0
2514,1,4,63,75,71,67,67,0,0,0,0,0,0,0,0,0,0,1,2,2,2,2,3,4,4,4,4,1,1,2,1,1,0,0,0,0,0
2514,1,5,86,62,75,71,67,0,0,0,0,0,0,0,0,0,0,2,1,2,2,2,4,3,3,3,3,1,1,1,1,1,0,0,0,0,0
2514,1,6,86,86,62,75,71,0,0,0,0,0,0,0,0,0,0,2,2,2,2,2,3,3,3,3,3,1,1,1,1,1,0,0,0,0,0
2514,1,7,71,86,87,63,75,0,0,0,0,0,0,0,0,0,0,2,3,3,3,2,3,3,3,3,3,1,1,1,1,1,0,1,0,0,0
2514,1,8,70,71,85,85,64,0,0,0,0,0,0,0,0,0,0,3,2,2,1,3,3,3,3,3,3,1,1,1,1,1,0,0,1,1,0
2514,1,9,74,70,71,84,84,0,0,0,0,0,0,0,0,0,0,1,2,2,1,1,3,3,3,3,3,1,1,1,1,1,0,0,0,0,0
2514,1,10,85,73,70,72,83,0,0,0,0,0,0,0,0,0,0,1,1,1,1,1,3,3,2,1,3,1,1,1,1,1,0,0,0,0,0
2514,1,11,73,85,74,71,73,0,0,0,0,0,0,0,0,0,0,2,2,2,2,2,2,3,2,2,2,1,1,1,1,1,0,0,0,0,0
2514,1,12,84,74,86,75,72,0,0,0,0,0,0,0,0,0,0,2,2,2,2,2,2,2,2,2,2,1,1,1,1,1,0,0,0,0,0
2514,1,13,86,83,73,85,74,0,0,0,0,0,0,0,0,0,0,0,0,0,0,0,2,2,2,2,2,1,1,1,1,1,0,0,0,0,0
2514,1,14,94,85,82,72,84,0,0,0,0,0,0,0,0,0,0,0,0,0,0,0,2,2,2,2,2,1,1,1,1,1,0,0,0,0,0
2514,1,15,80,93,84,82,72,0,0,0,0,0,0,0,0,0,0,0,1,1,1,1,2,3,3,2,2,1,1,1,1,1,0,0,0,0,0
2514,1,16,85,79,92,83,81,0,0,0,0,0,0,0,0,0,0,2,2,2,2,2,3,3,3,3,3,0,0,0,0,0,0,0,0,0,0
2514,1,17,89,85,78,92,83,0,0,0,0,0,0,0,0,0,0,2,2,2,2,2,3,3,3,3,3,1,1,1,1,1,0,0,1,0,0
2514,1,18,83,87,84,77,91,0,0,0,0,0,0,0,0,0,0,5,4,5,5,5,6,6,6,6,6,1,1,1,1,1,1,1,1,1,1
2514,1,19,81,78,80,77,73,0,0,0,0,0,0,0,0,0,0,5,5,5,5,5,11,11,11,11,10,1,1,1,1,1,1,0,2,2,0
2514,1,20,82,74,70,73,70,0,0,0,0,0,0,0,0,0,0,8,6,5,6,6,15,13,13,13,12,1,1,1,1,1,1,1,1,1,2
2514,1,21,95,80,73,70,72,0,0,0,0,0,0,0,0,0,0,11,10,9,10,9,17,14,12,12,12,3,2,2,2,2,0,0,0,0,0
2514,1,22,76,93,78,73,69,0,0,0,0,0,0,0,0,0,0,10,12,10,10,9,13,15,13,11,11,1,1,1,1,1,0,0,0,0,0
2514,1,23,69,72,88,76,69,0,0,0,0,0,0,0,0,0,0,5,6,8,8,6,10,11,13,11,11,1,1,1,1,1,0,0,1,0,0
2514,1,24,79,68,70,84,74,0,0,0,0,0,0,0,0,0,0,7,7,7,7,7,10,8,9,11,9,1,1,1,1,1,1,1,1,1,1
2514,1,25,90,79,67,71,83,0,0,0,0,0,0,0,0,0,0,7,8,6,8,8,9,8,7,7,9,1,1,1,1,1,0,1,1,1,1
2514,1,26,79,91,79,68,74,0,0,0,0,0,0,0,0,0,0,10,9,7,7,9,7,8,7,6,6,1,1,1,1,1,1,1,1,1,1
2514,1,27,89,81,90,77,68,0,0,0,0,0,0,0,0,0,0,8,8,7,4,6,8,6,8,6,6,1,1,1,1,1,1,1,1,1,1
2514,1,28,94,90,81,88,77,0,0,0,0,0,0,0,0,0,0,8,7,6,6,6,7,7,6,7,6,1,1,1,1,1,0,0,1,2,1
2514,1,29,110,93,88,81,87,0,0,0,0,0,0,0,0,0,0,5,5,5,5,5,9,7,7,6,7,1,1,1,1,1,1,0,1,0,0
2514,1,30,105,108,93,88,81,0,0,0,0,0,0,0,0,0,0,6,6,6,6,5,8,8,7,6,6,1,1,1,1,1,1,1,0,1,0
2514,1,31,104,104,107,94,89,0,0,0,0,0,0,0,0,0,0,7,7,7,7,7,8,8,8,7,6,1,1,1,1,1,1,1,1,0,1
2514,1,32,87,102,103,105,94,0,0,0,0,0,0,0,0,0,0,6,5,6,5,5,6,7,7,7,6,1,1,1,1,1,0,1,1,1,0
2514,1,33,92,87,104,104,106,0,0,0,0,0,0,0,0,0,0,6,5,6,5,6,5,5,5,5,5,1,1,1,1,1,1,1,0,0,1
2514,1,34,85,93,87,103,103,0,0,0,0,0,0,0,0,0,0,4,4,4,4,4,4,4,4,5,5,1,1,1,1,1,1,0,1,1,1
2514,1,35,86,85,92,86,102,0,0,0,0,0,0,0,0,0,0,4,4,4,4,4,4,4,5,5,5,1,1,1,1,1,0,1,1,1,1
2514,1,36,82,87,86,90,86,0,0,0,0,0,0,0,0,0,0,2,3,3,3,3,3,3,3,5,3,1,1,1,1,1,0,0,0,1,1
2514,1,37,83,81,87,85,90,0,0,0,0,0,0,0,0,0,0,3,2,3,3,3,3,3,3,3,3,1,1,1,1,1,0,1,1,2,1
2514,1,38,72,83,81,84,84,0,0,0,0,0,0,0,0,0,0,3,3,3,2,4,3,3,3,4,4,1,1,1,1,1,1,1,1,2,2
2514,1,39,74,72,82,80,83,0,0,0,0,0,0,0,0,0,0,3,1,2,3,4,2,2,4,5,5,1,1,1,1,1,0,0,0,0,1
2514,1,40,89,75,73,83,81,0,0,0,0,0,0,0,0,0,0,2,2,2,2,2,2,2,2,2,2,1,1,1,1,1,0,0,0,0,0
2514,1,41,69,90,76,74,84,0,0,0,0,0,0,0,0,0,0,3,3,3,3,3,2,2,2,2,2,0,0,0,0,0,0,0,0,0,0
2514,1,42,67,70,90,78,76,0,0,0,0,0,0,0,0,0,0,3,3,3,3,3,2,2,3,2,2,0,0,0,1,1,0,0,0,0,0
2514,1,43,87,69,71,92,80,0,0,0,0,0,0,0,0,0,0,3,3,2,3,3,2,2,2,2,2,1,1,1,1,1,0,0,0,0,0
2514,1,44,72,87,70,72,92,0,0,0,0,0,0,0,0,0,0,2,2,2,2,2,2,3,2,2,3,1,1,1,1,1,0,0,0,0,0
2514,1,45,91,73,88,71,73,0,0,0,0,0,0,0,0,0,0,2,2,2,2,2,3,2,2,2,2,1,1,1,1,1,0,0,0,0,0
2514,1,46,89,92,74,88,72,0,0,0,0,0,0,0,0,0,0,3,3,2,2,2,3,3,2,3,2,1,1,1,1,1,0,0,0,0,0
2514,1,47,98,90,92,75,89,0,0,0,0,0,0,0,0,0,0,2,2,2,2,2,3,2,3,2,2,1,1,1,1,1,0,0,0,0,0
2514,1,48,104,97,90,92,75,0,0,0,0,0,0,0,0,0,0,2,2,2,2,2,3,3,2,2,2,0,0,0,0,0,0,0,0,0,0
2514,1,49,86,103,96,89,92,0,0,0,0,0,0,0,0,0,0,2,2,2,1,2,2,3,3,2,2,0,0,0,0,0,0,0,0,0,0
2514,1,50,108,88,103,98,90,0,0,0,0,0,0,0,0,0,0,3,3,2,3,2,2,1,2,1,1,0,0,0,0,0,0,0,0,0,0
2514,1,51,107,109,89,104,99,0,0,0,0,0,0,0,0,0,0,2,2,2,2,2,1,1,1,1,1,0,0,0,0,0,0,0,0,0,0
2514,1,52,132,108,110,90,105,0,0,0,0,0,0,0,0,0,0,2,2,2,2,2,1,1,1,1,1,0,0,0,0,0,1,0,0,0,0
2514,1,53,108,131,107,110,91,0,0,0,0,0,0,0,0,0,0,2,2,2,2,2,2,2,3,2,1,0,0,0,0,0,0,1,0,0,0
2514,1,54,128,109,130,108,111,0,0,0,0,0,1,0,0,0,0,3,3,3,3,3,2,2,2,2,2,0,0,0,0,0,1,0,2,0,0
2514,1,55,117,126,109,127,107,0,0,0,0,0,2,2,0,2,0,2,2,2,1,1,2,2,2,2,2,0,0,0,0,0,0,0,0,0,0
2514,1,56,106,113,122,105,125,0,0,0,0,0,2,2,2,2,1,0,0,0,0,1,2,2,2,2,2,0,0,0,0,0,0,0,0,0,0
2514,1,57,120,105,112,119,104,0,0,0,0,0,2,2,2,2,2,2,2,2,2,2,2,1,1,3,1,0,0,0,0,0,0,0,0,0,0
2514,1,58,105,119,103,110,116,0,0,0,0,0,1,1,2,2,2,1,2,2,2,2,3,2,2,2,3,0,0,0,0,0,0,0,0,0,0
2514,1,59,101,105,118,102,109,0,0,0,0,0,2,1,1,2,2,2,2,2,2,2,1,1,2,1,1,0,0,0,0,0,0,0,0,0,0
2514,1,60,121,101,105,118,101,0,0,0,0,0,1,1,1,1,2,2,2,2,2,2,1,1,1,1,1,0,0,0,0,0,0,0,0,0,0
2514,1,61,116,119,101,105,115,0,0,0,0,0,1,1,1,1,1,2,2,2,2,2,2,2,1,1,3,0,0,0,0,0,0,1,0,0,1
2514,1,62,110,115,118,102,106,0,0,0,0,0,1,1,1,1,1,4,3,3,3,3,3,3,3,1,1,0,0,0,0,0,0,0,0,0,0
2514,1,63,129,107,112,116,99,0,0,0,0,0,1,1,1,1,1,0,0,0,1,1,3,2,2,2,3,0,0,0,0,0,1,0,0,0,0
2514,1,64,102,127,106,111,115,0,0,0,0,0,1,1,1,1,1,2,2,2,2,2,2,3,2,2,2,0,0,0,0,0,0,0,0,0,0
2514,1,65,127,102,127,106,111,0,0,0,0,0,1,1,1,1,1,3,3,3,3,3,2,2,2,2,2,0,0,0,0,0,0,0,0,0,0
2514,1,66,128,127,101,127,106,0,0,0,0,0,2,1,1,1,1,3,3,2,3,3,2,2,2,2,2,0,0,0,0,0,0,0,0,0,0
2514,1,67,122,125,126,100,126,0,0,0,0,0,2,2,1,1,1,2,1,2,2,2,2,2,2,2,2,0,0,0,0,0,0,0,0,0,0
2514,1,68,108,120,123,124,99,0,0,0,0,0,3,2,2,2,1,2,2,2,2,2,2,2,2,2,2,0,0,0,0,0,0,0,0,0,0
2514,1,69,106,104,118,120,122,0,0,0,0,0,2,2,2,2,2,2,1,2,1,2,2,3,2,2,2,0,0,0,0,0,0,0,0,0,0
2514,1,70,105,103,101,115,117,0,0,0,0,0,2,2,2,2,2,2,1,1,1,1,2,2,2,2,2,0,0,0,0,0,0,0,0,0,0
2514,1,71,115,103,101,99,113,0,0,0,0,0,2,2,2,2,2,1,2,2,2,2,2,2,2,2,2,0,0,0,0,0,0,0,0,0,0
2514,1,72,116,113,101,98,96,0,0,0,0,0,2,2,2,2,2,1,2,2,1,1,2,2,2,2,2,0,0,0,0,0,0,0,0,0,0
2514,1,73,113,113,110,99,95,0,0,0,0,0,3,3,2,2,2,1,2,1,2,1,2,2,2,2,2,0,0,0,0,0,0,0,0,0,0
2514,1,74,128,110,110,106,96,0,0,0,0,0,3,3,3,3,2,2,2,2,1,1,2,2,2,2,2,0,0,0,0,0,0,0,0,0,0
2514,1,75,108,125,108,107,104,0,0,0,0,0,3,3,3,3,3,3,2,3,2,3,2,2,2,2,2,0,0,0,0,0,0,0,0,0,0
2514,1,76,105,105,121,105,104,0,0,0,0,0,3,3,4,3,3,1,1,1,1,1,1,1,1,1,1,0,0,0,0,0,0,0,0,0,0
2514,1,77,135,101,101,117,101,0,0,0,0,0,5,4,4,4,4,1,1,1,1,1,1,1,1,1,1,0,0,0,0,0,0,0,0,0,0
2514,1,78,86,130,97,97,113,0,0,0,0,0,3,5,4,4,4,0,1,1,1,1,0,1,1,1,1,0,0,0,0,0,0,0,0,0,0
2514,1,79,92,82,123,93,93,0,0,0,0,0,4,4,6,4,4,0,0,0,0,0,0,0,1,0,0,0,0,0,0,0,0,0,0,0,0
2514,2,0,63,63,62,62,62,62,62,61,61,61,0,0,0,0,0,2,2,2,2,2,2,2,2,2,2,1,1,1,1,1,0,0,0,0,0
2514,2,1,71,62,62,61,61,0,0,0,0,0,0,0,0,0,0,3,3,3,3,3,5,5,5,5,5,1,1,1,1,1,0,0,0,0,0
2514,2,2,58,68,61,61,60,0,0,0,0,0,0,0,0,0,0,2,2,2,2,2,4,6,4,4,4,1,1,1,1,1,0,0,0,0,0
2514,2,3,71,57,67,60,60,0,0,0,0,0,0,0,0,0,0,2,2,2,2,2,4,4,4,4,4,1,1,1,1,1,0,0,0,0,0
2514,2,4,57,72,59,68,62,0,0,0,0,0,0,0,0,0,0,4,4,4,4,4,3,4,3,4,3,1,1,1,1,1,0,0,0,0,0
2514,2,5,76,60,74,61,69,0,0,0,0,0,0,0,0,0,0,4,5,4,4,3,3,3,3,3,3,1,1,1,1,1,0,0,0,0,0
2514,2,6,63,76,61,74,62,0,0,0,0,0,0,0,0,0,0,3,3,3,3,3,3,4,3,4,3,1,1,1,1,1,0,0,0,0,0
2514,2,7,74,63,75,61,73,0,0,0,0,0,0,0,0,0,0,2,2,2,2,2,3,3,4,3,4,1,1,1,1,1,0,0,0,0,0
2514,2,8,67,72,62,73,61,0,0,0,0,0,0,0,0,0,0,1,1,1,1,2,3,3,3,3,3,1,1,1,1,1,0,1,0,1,0
2514,2,9,62,66,71,62,70,0,0,0,0,0,0,0,0,0,0,2,1,1,1,1,2,2,2,2,3,1,1,1,1,1,0,1,1,0,2
2514,2,10,81,62,66,71,62,0,0,0,0,0,0,0,0,0,0,1,1,1,1,1,3,2,2,2,2,1,1,1,1,1,1,0,0,0,0
2514,2,11,70,80,64,66,70,0,0,0,0,0,0,0,0,0,0,2,1,3,1,1,2,3,2,2,3,1,1,1,1,1,0,0,0,0,0
2514,2,12,77,70,80,66,66,0,0,0,0,0,0,0,0,0,0,2,2,2,2,1,3,3,3,1,2,1,1,1,1,1,0,0,0,0,0
2514,2,13,68,77,71,80,67,0,0,0,0,0,0,0,0,0,0,2,2,2,2,2,2,3,2,3,2,1,1,1,1,1,0,0,0,0,0
2514,2,14,77,70,77,72,80,0,0,0,0,0,0,0,0,0,0,2,2,2,2,2,3,1,3,2,3,1,1,1,1,1,0,0,0,0,0
2514,2,15,80,78,71,78,73,0,0,0,0,0,0,0,0,0,0,2,2,2,2,2,2,2,2,2,2,1,1,1,1,1,0,0,0,0,0
2514,2,16,92,78,77,71,78,0,0,0,0,0,0,0,0,0,0,3,1,2,2,2,3,3,3,3,3,0,0,0,1,1,0,0,0,0,0
2514,2,17,74,91,77,76,70,0,0,0,0,0,0,0,0,0,0,2,3,2,2,2,4,5,4,4,4,1,1,1,1,1,0,0,0,0,0
2514,2,18,67,73,88,76,75,0,0,0,0,0,0,0,0,0,0,5,5,5,5,5,7,7,9,7,7,1,1,1,1,1,0,0,0,0,0
2514,2,19,90,61,66,79,68,0,0,0,0,0,0,0,0,0,0,4,5,5,5,5,19,12,13,15,14,1,1,1,1,1,0,0,0,0,0
2514,2,20,60,77,55,59,68,0,0,0,0,0,0,0,0,0,0,7,7,7,7,7,16,21,14,15,19,1,1,1,1,1,0,0,0,0,0
2514,2,21,56,54,67,50,53,0,0,0,0,0,0,0,0,0,0,7,7,7,7,7,14,14,18,13,14,1,1,1,1,1,0,0,0,0,0
2514,2,22,53,50,50,60,48,0,0,0,0,0,0,0,0,0,0,4,5,7,7,7,12,12,12,14,10,1,1,1,1,1,0,0,0,1,0
2514,2,23,51,50,50,49,57,0,0,0,0,0,0,0,0,0,0,8,7,9,9,9,10,10,9,10,11,1,1,1,1,1,1,1,1,1,2
2514,2,24,50,52,51,49,49,0,0,0,0,0,0,0,0,0,0,8,9,9,7,8,8,8,8,8,8,1,1,1,1,1,0,1,1,1,1
2514,2,25,72,52,53,52,51,0,0,0,0,0,0,0,0,0,0,9,8,8,8,8,12,7,8,8,7,1,1,1,1,1,1,0,0,0,0
2514,2,26,68,70,52,53,52,0,0,0,0,0,0,0,0,0,0,8,7,7,7,7,9,9,7,7,7,1,1,1,1,1,1,1,1,1,1
2514,2,27,75,68,70,53,52,0,0,0,0,0,0,0,0,0,0,8,8,8,7,6,8,8,8,6,6,1,1,1,1,1,1,1,1,1,2
2514,2,28,74,74,68,70,54,0,0,0,0,0,0,0,0,0,0,6,6,6,6,6,6,7,6,6,5,1,1,1,1,1,1,1,1,1,1
2514,2,29,71,74,74,68,71,0,0,0,0,0,0,0,0,0,0,6,5,5,5,5,5,6,6,5,5,1,1,1,1,1,0,0,0,1,0
2514,2,30,69,69,72,72,67,0,0,0,0,0,0,0,0,0,0,4,3,3,3,3,6,6,6,6,5,1,1,1,1,1,0,0,0,0,0
2514,2,31,89,71,71,74,74,0,0,0,0,0,0,0,0,0,0,6,6,6,6,6,6,5,5,5,5,1,1,1,1,1,0,0,0,0,0
2514,2,32,85,90,72,72,75,0,0,0,0,0,0,0,0,0,0,3,5,5,5,5,5,5,5,5,5,1,1,1,1,1,0,0,0,0,0
2514,2,33,76,86,91,73,74,0,0,0,0,0,0,0,0,0,0,5,6,6,5,6,5,5,5,4,4,1,1,1,1,1,1,1,1,1,1
2514,2,34,84,76,87,90,73,0,0,0,0,0,0,0,0,0,0,5,4,4,4,4,4,4,4,6,4,1,1,1,1,1,1,1,0,0,1
2514,2,35,66,84,76,87,90,0,0,0,0,0,0,0,0,0,0,3,3,3,3,3,3,4,4,4,4,1,1,1,1,1,0,0,0,0,0
2514,2,36,66,68,85,79,90,0,0,0,0,0,0,0,0,0,0,4,4,3,5,5,3,3,3,3,3,1,1,1,1,1,0,0,0,0,0
2514,2,37,55,66,68,86,80,0,0,0,0,0,0,0,0,0,0,2,2,2,3,3,2,3,3,3,3,1,1,1,1,1,0,0,0,0,0
2514,2,38,70,54,66,68,86,0,0,0,0,0,0,0,0,0,0,2,2,2,2,2,3,3,3,3,3,0,0,1,1,1,0,0,0,0,0
2514,2,39,60,70,54,65,67,0,0,0,0,0,0,0,0,0,0,2,2,2,1,2,3,3,3,3,3,0,1,1,1,0,0,0,0,0,0
2514,2,40,60,61,71,55,66,0,0,0,0,0,0,0,0,0,0,2,2,2,2,2,2,2,2,2,2,1,1,1,1,1,0,0,0,0,0
2514,2,41,85,62,63,72,57,0,0,0,0,0,0,0,0,0,0,3,3,3,2,3,2,2,2,2,2,1,1,1,1,1,0,0,0,0,0
2514,2,42,63,85,63,63,73,0,0,0,0,0,0,0,0,0,0,2,1,2,1,2,2,2,2,2,2,1,1,1,1,1,0,0,0,0,0
2514,2,43,71,63,85,63,64,0,0,0,0,0,0,0,0,0,0,2,2,2,2,2,2,2,2,2,2,0,0,0,0,1,0,0,0,0,0
2514,2,44,87,70,62,84,63,0,0,0,0,0,0,0,0,0,0,1,1,1,1,2,2,2,2,2,2,0,0,0,0,0,0,0,0,0,0
2514,2,45,94,87,69,63,84,0,0,0,0,0,0,0,0,0,0,2,1,1,2,1,2,2,2,2,2,1,1,0,1,1,0,0,0,0,0
2514,2,46,81,94,87,70,64,0,0,0,0,0,0,0,0,0,0,2,2,2,2,2,2,2,2,1,1,0,0,0,0,0,0,0,0,0,0
2514,2,47,96,82,95,88,71,0,0,0,0,0,0,0,0,0,0,2,2,2,2,2,1,1,1,1,1,1,0,0,0,0,0,0,0,0,0
2514,2,48,103,97,83,95,88,0,0,0,0,0,0,0,0,0,0,3,3,3,3,3,2,2,2,3,3,0,0,0,0,0,0,0,0,0,0
2514,2,49,89,104,96,83,94,0,0,0,0,0,0,0,0,0,0,2,2,1,2,1,2,2,2,2,2,1,1,0,0,0,0,0,0,0,0
2514,2,50,108,90,105,97,83,0,0,0,0,0,0,0,0,0,0,3,3,3,3,2,2,2,2,2,2,0,0,0,0,0,0,0,0,0,0
2514,2,51,108,108,90,105,97,0,0,0,0,0,0,0,0,0,0,2,2,2,2,2,2,2,2,2,2,0,0,0,0,0,0,0,0,0,0
2514,2,52,112,106,106,90,102,0,0,0,0,0,0,0,0,0,0,1,1,1,2,0,3,3,3,2,3,0,0,0,0,0,0,0,0,0,0
2514,2,53,105,111,105,105,89,0,0,0,0,0,0,0,0,0,0,2,2,2,2,2,3,3,3,3,3,0,0,0,0,0,0,0,0,0,0
2514,2,54,118,104,110,104,104,0,0,0,0,0,0,0,0,0,0,2,2,2,2,2,3,3,3,3,3,0,0,0,0,0,0,0,0,0,0
2514,2,55,115,117,104,109,104,0,0,0,0,0,0,0,0,0,0,2,2,2,2,2,3,3,2,3,2,0,0,0,0,0,0,0,0,0,0
2514,2,56,111,114,115,103,108,0,0,0,0,0,0,0,0,0,0,1,1,1,1,1,2,2,3,2,2,0,0,0,0,0,0,0,0,0,0
2514,2,57,87,110,114,115,103,0,0,0,0,0,0,0,0,0,0,1,1,2,2,2,2,2,2,2,2,0,0,0,0,0,0,0,0,0,0
2514,2,58,111,87,109,111,114,0,0,0,0,0,0,0,0,0,0,2,1,1,0,1,1,1,2,3,2,0,0,0,0,0,0,0,0,0,0
2514,2,59,103,110,86,109,111,0,0,0,0,0,0,0,0,0,0,2,1,1,2,2,2,2,2,2,2,0,0,0,0,0,0,0,0,0,0
2514,2,60,112,103,110,86,109,0,0,0,0,0,1,0,0,0,0,2,2,2,2,2,2,2,2,2,2,0,0,0,0,0,0,0,0,0,0
2514,2,61,104,110,101,109,86,0,0,0,0,0,1,1,1,1,0,1,1,1,2,2,2,2,2,2,2,0,0,0,0,0,0,0,0,0,0
2514,2,62,93,103,108,99,108,0,0,0,0,0,2,2,2,2,1,4,4,3,3,3,2,2,2,2,2,0,0,0,0,0,0,1,1,1,1
2514,2,63,110,91,101,105,96,0,0,0,0,0,1,2,2,2,2,2,2,2,2,2,2,2,2,2,2,0,0,0,0,0,1,0,0,1,1
2514,2,64,127,108,90,99,102,0,0,0,0,0,1,2,2,2,2,3,3,3,3,2,3,2,2,2,2,0,0,0,0,0,0,1,0,1,1
2514,2,65,107,126,107,89,98,0,0,0,0,0,1,1,1,1,1,3,3,3,3,3,2,2,2,2,2,0,0,0,0,0,1,1,1,1,1
2514,2,66,118,105,125,106,87,0,0,0,0,0,1,1,1,1,1,2,2,3,3,2,2,2,2,2,2,0,0,0,0,0,1,1,1,1,1
2514,2,67,102,116,104,122,105,0,0,0,0,0,1,1,1,1,1,2,1,2,1,2,2,2,2,2,2,0,0,0,0,0,0,0,0,1,0
2514,2,68,97,101,115,103,121,0,0,0,0,0,1,1,1,1,1,2,2,2,2,2,2,2,2,2,2,0,0,0,0,0,0,0,0,0,0
2514,2,69,110,97,101,114,103,0,0,0,0,0,1,1,1,1,1,3,3,3,2,3,2,2,2,2,2,0,0,0,0,0,0,0,0,0,0
2514,2,70,123,109,96,100,113,0,0,0,0,0,1,1,1,1,1,2,2,2,2,2,2,2,2,2,2,0,0,0,0,0,0,0,0,0,0
2514,2,71,135,120,106,93,97,0,0,0,0,0,2,1,1,1,1,1,0,0,0,0,2,2,2,2,2,0,0,0,0,0,1,0,0,0,0
2514,2,72,135,134,118,103,92,0,0,0,0,0,2,2,2,2,1,1,2,2,1,1,2,1,1,1,1,0,0,0,0,0,0,0,1,1,0
2514,2,73,106,131,131,115,99,0,0,0,0,0,2,2,2,2,2,1,1,1,1,0,1,2,2,1,1,0,0,0,0,0,1,1,0,1,1
2514,2,74,127,103,127,126,112,0,0,0,0,0,2,2,2,2,2,1,1,1,1,1,2,1,2,2,1,0,0,0,0,0,1,1,1,2,1
2514,2,75,121,124,101,124,123,0,0,0,0,0,2,2,2,2,2,1,1,1,1,1,2,2,1,2,2,0,0,0,0,0,0,0,0,0,0
2514,2,76,105,117,119,98,120,0,0,0,0,0,2,3,3,2,3,2,1,1,1,1,2,2,3,2,2,0,0,0,0,0,0,0,0,0,0
2514,2,77,96,104,114,116,97,0,0,0,0,0,2,2,3,3,2,1,2,2,2,2,1,1,2,2,1,0,0,0,0,0,0,0,0,0,0
2514,2,78,75,95,103,113,115,0,0,0,0,0,2,3,3,3,3,2,3,3,3,3,2,1,1,1,1,0,0,0,0,0,0,0,0,0,0
2514,2,79,88,72,91,99,109,0,0,0,0,0,3,2,3,3,3,1,1,1,1,1,3,2,2,2,2,0,0,0,0,0,0,0,0,0,0
25,1,0,1219,1209,1199,1194,1205,1213,1205,1196,1191,1203,2,2,2,2,2,18,18,18,18,18,25,25,25,24,25,16,14,14,13,13,1,1,2,2,2
25,1,1,1286,1219,1208,1199,1192,0,0,0,0,0,0,1,0,0,1,28,28,28,28,28,48,45,45,44,44,22,21,20,20,19,2,3,4,4,4
25,1,2,1178,1292,1226,1215,1205,0,0,0,0,0,0,0,0,0,0,28,28,28,28,28,38,41,39,39,39,24,23,22,23,22,2,4,4,5,5
25,1,3,1280,1184,1295,1230,1219,0,0,0,0,0,0,0,0,0,0,24,24,24,24,23,38,35,38,37,36,23,21,21,21,21,3,4,4,4,4
25,1,4,1359,1282,1187,1295,1231,0,0,0,0,0,0,0,0,0,0,21,21,20,20,20,37,35,32,36,34,22,20,20,20,19,3,4,5,4,4
25,1,5,1363,1360,1285,1192,1298,0,0,0,0,0,0,0,0,0,0,19,19,19,19,19,34,34,32,30,32,21,20,20,20,20,4,4,4,4,4
25,1,6,1339,1363,1359,1286,1196,0,0,0,0,0,0,0,0,0,0,16,17,17,17,17,32,32,32,31,28,21,20,19,19,19,5,5,5,4,4
25,1,7,1336,1337,1359,1355,1283,0,0,0,0,0,0,0,0,0,0,13,13,13,13,13,30,30,31,31,29,21,20,19,19,19,5,5,5,5,6
25,1,8,1280,1337,1336,1355,1352,0,0,0,0,0,0,0,0,0,0,13,13,12,12,12,27,28,28,29,28,21,20,19,18,18,4,4,4,5,5
25,1,9,1379,1282,1337,1335,1352,0,0,0,0,0,0,0,0,0,0,11,11,11,11,11,26,24,25,25,26,20,18,17,18,17,3,3,3,5,5
25,1,10,1355,1381,1284,1336,1334,0,0,0,0,0,0,0,0,0,0,10,10,10,10,10,23,23,22,23,23,19,19,17,17,16,2,4,3,5,4
25,1,11,1339,1357,1381,1284,1335,0,0,0,0,0,0,0,0,0,0,10,10,10,10,10,21,22,22,21,21,19,18,16,16,15,4,4,4,5,5
25,1,12,1390,1340,1355,1379,1283,0,0,0,0,0,0,0,0,0,0,11,10,10,11,11,23,22,23,23,22,17,17,15,15,14,4,4,4,5,4
25,1,13,1362,1387,1339,1353,1374,0,0,0,0,0,0,0,0,0,0,9,9,9,9,9,24,24,23,23,24,16,15,16,15,14,3,3,3,3,4
25,1,14,1411,1360,1384,1336,1347,0,0,0,0,0,0,0,0,0,0,7,7,7,7,7,24,23,23,23,23,17,16,15,15,13,2,2,2,2,3
25,1,15,1317,1409,1358,1381,1333,0,0,0,0,0,0,0,0,0,0,5,5,5,5,5,21,23,22,23,22,19,18,17,17,16,2,2,2,2,2
25,1,16,1336,1319,1408,1357,1380,0,0,0,0,0,0,0,0,0,0,5,5,5,5,5,22,22,24,23,23,21,21,20,19,20,2,2,2,2,3
25,1,17,1313,1350,1332,1420,1370,0,0,0,0,0,0,0,0,0,0,19,19,19,19,19,28,28,28,30,29,26,25,25,25,25,1,2,3,2,2
25,1,18,1373,1354,1390,1372,1457,0,0,0,0,0,0,0,0,0,0,66,65,66,65,66,51,50,52,51,55,30,28,28,28,28,2,2,2,2,2
25,1,19,1453,1437,1417,1452,1434,0,0,0,0,0,1,0,0,1,0,134,134,134,135,134,96,95,94,96,95,29,28,27,28,27,3,3,4,4,4
25,1,20,1664,1507,1492,1475,1507,0,0,0,0,0,1,1,1,1,1,176,174,175,176,176,157,141,140,138,141,33,27,27,28,28,5,5,6,7,7
25,1,21,1902,1679,1538,1527,1512,0,0,0,0,0,1,1,1,1,1,179,177,175,177,177,209,184,167,165,163,48,30,30,31,31,6,7,6,7,7
25,1,22,1683,1868,1670,1546,1536,0,0,0,0,0,1,1,1,1,1,158,162,159,158,159,194,218,192,176,175,34,30,31,34,33,6,7,6,7,7
25,1,23,1583,1648,1815,1639,1528,0,0,0,0,0,1,1,1,1,1,136,138,141,138,136,188,196,218,195,180,30,30,32,35,34,5,6,7,8,7
25,1,24,1622,1538,1598,1748,1592,0,0,0,0,0,1,1,1,1,1,119,120,121,124,122,199,188,195,215,194,31,31,33,35,35,7,7,8,10,9
25,1,25,1554,1569,1496,1550,1685,0,0,0,0,0,1,1,1,1,1,113,111,110,111,114,185,187,177,184,202,33,33,35,37,38,8,9,9,11,12
25,1,26,1704,1519,1532,1466,1517,0,0,0,0,0,2,1,1,1,1,107,105,103,102,104,187,165,167,159,165,36,35,38,39,40,9,9,10,11,11
25,1,27,1674,1667,1500,1509,1448,0,0,0,0,0,1,1,1,1,1,97,96,95,93,92,159,159,141,143,137,37,36,38,39,39,9,9,10,11,11
25,1,28,1783,1653,1646,1492,1497,0,0,0,0,0,1,1,1,1,1,87,86,85,83,82,144,133,132,119,120,36,36,37,39,38,9,9,10,10,11
25,1,29,1846,1761,1643,1635,1489,0,0,0,0,0,2,2,1,1,1,75,76,76,75,73,127,121,112,112,101,36,35,37,38,37,9,10,10,11,11
25,1,30,1842,1824,1745,1633,1624,0,0,0,0,0,2,1,1,1,1,66,66,66,65,64,112,111,106,99,98,35,34,35,35,35,9,10,10,10,11
25,1,31,1757,1818,1800,1728,1620,0,0,0,0,0,3,2,2,1,1,56,57,57,57,56,97,100,100,95,89,32,31,32,33,33,10,10,11,11,12
25,1,32,1745,1735,1793,1778,1709,0,0,0,0,0,2,2,2,1,1,49,50,51,51,51,88,88,91,90,86,30,29,29,31,30,11,11,12,13,13
25,1,33,1624,1725,1716,1772,1757,0,0,0,0,0,1,1,1,1,1,43,43,44,44,44,72,77,76,79,78,27,26,26,28,28,10,11,12,13,14
25,1,34,1544,1613,1709,1702,1754,0,0,0,0,0,1,1,2,1,2,39,39,40,40,40,60,63,67,66,68,26,24,25,26,25,10,10,12,13,13
25,1,35,1505,1538,1601,1693,1690,0,0,0,0,0,1,1,1,1,1,36,36,36,36,38,55,56,59,62,62,25,24,24,25,26,9,9,12,14,13
25,1,36,1377,1498,1529,1587,1677,0,0,0,0,0,1,1,1,1,1,34,34,34,34,35,50,54,55,58,61,24,24,24,24,24,9,10,11,13,13
25,1,37,1430,1374,1489,1518,1573,0,0,0,0,0,1,1,1,1,1,30,31,31,31,31,48,46,51,52,54,22,22,22,22,22,9,9,10,11,12
25,1,38,1450,1424,1371,1481,1509,0,0,0,0,0,1,1,1,1,1,27,27,28,28,28,43,43,41,44,45,19,19,19,19,19,7,8,8,10,10
25,1,39,1389,1442,1418,1366,1472,0,0,0,0,0,1,1,1,1,1,24,24,24,25,25,37,39,38,37,40,16,16,16,16,16,6,8,7,8,9
25,1,40,1431,1384,1434,1411,1359,0,0,0,0,0,1,1,1,1,1,22,22,22,22,22,34,33,34,34,33,14,14,14,14,14,7,7,9,8,9
25,1,41,1301,1423,1377,1426,1404,0,0,0,0,0,1,2,2,2,2,20,20,20,20,20,28,31,30,31,30,14,13,13,14,15,7,8,8,9,10
25,1,42,1345,1297,1415,1371,1417,0,0,0,0,0,2,2,2,2,2,17,17,17,17,17,26,25,27,26,27,13,13,13,13,13,6,7,9,8,10
25,1,43,1264,1341,1294,1409,1366,0,0,0,0,0,2,2,2,2,2,16,16,16,16,16,23,24,23,25,24,13,12,12,12,12,5,6,6,7,7
25,1,44,1383,1264,1339,1292,1404,0,0,0,0,0,2,2,2,2,2,16,16,16,16,16,23,21,23,22,24,12,12,12,12,12,5,5,5,6,7
25,1,45,1463,1383,1265,1338,1291,0,0,0,0,0,2,2,2,2,2,16,16,16,16,16,22,21,19,20,20,11,11,11,11,11,5,4,5,6,6
25,1,46,1500,1460,1382,1265,1336,0,0,0,0,0,2,2,2,2,2,15,15,15,15,15,21,20,19,18,19,10,10,10,10,10,5,6,5,5,6
25,1,47,1449,1497,1457,1380,1264,0,0,0,0,0,2,3,2,2,2,14,14,14,14,14,19,19,19,18,16,9,9,9,9,9,4,4,5,5,6
25,1,48,1551,1446,1492,1453,1378,0,0,0,0,0,3,3,3,3,2,14,14,14,14,14,20,18,19,18,17,8,8,8,8,8,4,4,5,5,5
25,1,49,1576,1546,1443,1487,1448,0,0,0,0,0,3,3,3,3,3,14,14,14,14,14,20,19,18,19,18,8,7,7,8,7,4,4,3,5,5
25,1,50,1618,1572,1542,1441,1484,0,0,0,0,0,4,3,3,3,3,14,14,14,14,14,19,19,18,17,18,7,8,8,8,8,4,4,5,4,4
25,1,51,1578,1613,1568,1538,1440,0,0,0,0,0,4,4,4,4,3,14,14,14,14,14,17,17,17,17,15,6,7,6,7,7,3,5,3,4,4
25,1,52,1643,1575,1609,1564,1535,0,0,0,0,0,5,4,4,4,4,13,13,13,13,13,17,16,16,16,15,6,7,7,7,7,3,3,4,4,4
25,1,53,1813,1637,1569,1603,1558,0,0,0,0,0,6,5,5,5,5,12,12,12,12,12,17,16,15,15,15,6,6,6,6,6,4,3,4,4,4
25,1,54,1786,1802,1628,1560,1594,0,0,0,0,0,6,6,5,5,5,12,12,11,10,10,17,17,16,15,15,5,5,5,5,5,2,5,4,4,4
25,1,55,1840,1772,1788,1618,1548,0,0,0,0,0,7,7,7,6,6,10,10,10,11,9,17,17,17,15,14,5,3,3,4,3,3,3,3,4,4
25,1,56,1762,1828,1762,1778,1609,0,0,0,0,0,7,8,7,7,6,11,11,11,11,11,15,16,15,15,14,4,4,4,4,4,3,3,3,3,4
25,1,57,1667,1752,1816,1752,1767,0,0,0,0,0,8,8,8,8,8,11,11,11,11,11,13,14,14,14,14,4,4,4,4,4,3,3,5,3,4
25,1,58,1624,1657,1740,1804,1741,0,0,0,0,0,8,8,9,9,8,10,10,10,10,10,12,12,13,13,13,4,4,4,4,4,4,4,4,4,4
25,1,59,1575,1613,1646,1728,1789,0,0,0,0,0,9,9,9,9,11,9,9,9,9,9,11,11,11,12,12,4,4,4,4,4,4,4,4,4,5
25,1,60,1599,1563,1602,1635,1715,0,0,0,0,0,10,10,10,10,10,8,9,10,10,9,11,11,11,11,12,4,4,4,4,4,4,4,4,4,4
25,1,61,1653,1585,1550,1590,1620,0,0,0,0,0,12,11,11,10,11,7,8,9,9,9,12,11,11,11,12,4,4,4,4,4,4,4,4,4,5
25,1,62,1660,1636,1568,1535,1575,0,0,0,0,0,13,12,12,11,11,8,8,8,8,8,12,12,12,11,12,4,3,3,3,4,4,4,4,4,4
25,1,63,1627,1642,1617,1550,1518,0,0,0,0,0,14,14,14,13,12,8,9,8,9,9,12,12,12,12,12,3,3,3,3,3,4,4,4,5,5
25,1,64,1591,1607,1622,1598,1532,0,0,0,0,0,15,15,15,15,14,8,8,8,8,8,12,12,12,12,12,3,2,2,3,3,3,3,3,3,3
25,1,65,1596,1570,1587,1602,1578,0,0,0,0,0,16,16,15,15,15,8,8,8,8,8,12,12,12,12,12,2,2,2,2,2,3,3,3,3,3
25,1,66,1651,1576,1552,1568,1583,0,0,0,0,0,18,17,15,16,16,9,9,9,9,9,12,11,11,11,11,2,2,2,2,2,3,3,3,3,3
25,1,67,1687,1628,1555,1531,1548,0,0,0,0,0,21,20,18,18,17,9,9,9,9,9,12,11,11,11,11,2,2,2,2,2,3,3,3,3,3
25,1,68,1547,1663,1603,1534,1511,0,0,0,0,0,21,22,21,19,19,7,8,7,8,9,10,11,11,10,10,2,2,2,2,2,2,1,2,2,2
25,1,69,1568,1523,1637,1578,1511,0,0,0,0,0,23,22,23,22,20,7,7,7,6,6,9,9,10,9,9,2,2,2,2,2,2,2,2,2,2
25,1,70,1604,1543,1498,1610,1552,0,0,0,0,0,26,24,23,24,23,6,6,5,5,5,8,8,8,8,8,2,2,2,2,2,1,1,1,2,2
25,1,71,1659,1574,1515,1472,1582,0,0,0,0,0,30,28,26,25,26,5,5,5,5,5,8,8,8,7,8,2,2,2,2,2,1,1,1,1,1
25,1,72,1641,1623,1540,1484,1444,0,0,0,0,0,33,32,30,28,26,4,4,4,4,4,8,8,8,8,7,1,1,1,2,2,1,1,1,1,1
25,1,73,1609,1602,1585,1505,1451,0,0,0,0,0,36,35,34,31,30,4,4,4,4,4,8,8,8,7,7,1,1,1,0,1,1,1,1,1,1
25,1,74,1583,1569,1563,1547,1471,0,0,0,0,0,39,38,37,36,33,5,5,5,5,5,7,7,7,7,6,1,1,1,1,1,1,1,1,1,1
25,1,75,1455,1542,1528,1524,1508,0,0,0,0,0,41,42,41,40,39,6,6,5,6,5,5,5,5,5,5,1,1,1,1,1,1,1,1,1,1
25,1,76,1384,1411,1496,1484,1482,0,0,0,0,0,44,43,45,44,43,4,4,4,4,4,4,4,4,4,4,0,0,0,1,2,1,1,1,1,1
25,1,77,1300,1336,1362,1445,1434,0,0,0,0,0,46,46,46,48,47,3,4,3,3,3,4,5,5,5,5,0,0,0,0,0,1,1,1,1,1
25,1,78,1158,1247,1282,1308,1390,0,0,0,0,0,47,49,50,50,51,2,2,2,2,2,4,5,5,5,5,0,0,0,0,0,1,1,1,1,1
25,1,79,1020,1106,1192,1226,1250,0,0,0,0,0,47,50,52,53,53,3,3,2,2,0,3,4,4,4,4,0,0,0,0,0,1,1,1,1,1
25,2,0,1150,1140,1132,1128,1138,1146,1139,1131,1126,1137,2,2,2,2,2,13,13,13,13,13,22,22,22,22,22,15,14,13,14,13,0,2,1,1,1
25,2,1,1162,1146,1137,1129,1123,0,0,0,0,0,0,0,0,0,0,22,22,22,23,22,43,43,42,42,42,21,19,19,19,18,2,2,2,3,3
25,2,2,1216,1164,1148,1139,1131,0,0,0,0,0,0,0,0,0,0,24,24,24,24,24,41,40,39,39,38,21,21,20,20,20,2,3,3,3,4
25,2,3,1216,1219,1167,1152,1142,0,0,0,0,0,0,0,0,0,0,23,23,23,23,23,36,36,35,34,34,20,20,19,19,18,3,4,4,4,4
25,2,4,1255,1221,1221,1172,1157,0,0,0,0,0,0,0,0,0,0,21,21,21,21,21,33,32,32,30,30,20,19,18,18,18,4,3,5,4,4
25,2,5,1219,1256,1223,1223,1173,0,0,0,0,0,0,0,0,0,0,17,17,17,17,17,28,29,28,28,27,20,18,18,18,17,5,5,5,5,6
25,2,6,1311,1220,1257,1223,1223,0,0,0,0,0,0,0,0,0,0,15,15,15,15,15,29,27,27,27,27,20,18,18,17,17,5,5,5,5,5
25,2,7,1282,1311,1221,1258,1222,0,0,0,0,0,0,0,0,0,0,14,14,14,14,14,28,29,27,27,27,19,19,18,18,17,4,4,4,4,5
25,2,8,1227,1284,1310,1221,1257,0,0,0,0,0,0,0,0,0,0,13,13,13,13,13,26,27,28,26,27,19,19,18,17,17,3,3,4,4,4
25,2,9,1287,1228,1283,1307,1220,0,0,0,0,0,0,0,0,0,0,11,11,11,11,11,26,25,26,27,25,19,18,17,17,17,3,3,3,4,4
25,2,10,1289,1285,1226,1280,1302,0,0,0,0,0,0,0,0,0,0,9,9,9,9,9,25,25,24,25,25,18,17,16,16,15,3,3,3,3,4
25,2,11,1287,1286,1282,1223,1275,0,0,0,0,0,0,0,0,0,0,8,8,9,8,8,24,24,24,22,23,17,16,15,15,14,3,3,3,4,4
25,2,12,1226,1285,1283,1279,1220,0,0,0,0,0,0,0,0,0,0,9,9,9,9,9,22,23,23,23,22,16,15,14,15,14,3,3,3,4,4
25,2,13,1204,1224,1281,1280,1274,0,0,0,0,0,0,0,0,0,0,9,9,9,9,9,21,22,23,23,23,16,14,13,14,13,3,3,3,3,4
25,2,14,1285,1203,1222,1277,1276,0,0,0,0,0,0,0,0,0,0,9,9,9,9,9,22,21,21,22,22,15,14,13,13,13,3,3,3,4,4
25,2,15,1247,1281,1199,1219,1272,0,0,0,0,0,0,0,0,0,0,7,7,7,7,7,20,21,20,20,21,15,13,13,13,12,3,3,4,3,3
25,2,16,1317,1245,1278,1198,1217,0,0,0,0,0,0,0,0,0,0,7,7,7,7,7,21,20,20,19,19,14,13,12,13,12,2,2,2,2,2
25,2,17,1289,1315,1244,1276,1198,0,0,0,0,0,0,0,0,0,0,13,13,13,13,13,27,28,26,27,25,16,15,14,14,14,2,2,2,2,2
25,2,18,1204,1286,1309,1242,1272,0,0,0,0,0,0,0,0,0,0,36,37,37,37,37,52,55,56,53,55,17,16,15,16,16,2,1,2,2,2
25,2,19,1269,1194,1268,1290,1228,0,0,0,0,0,0,0,0,0,0,75,76,76,76,77,106,99,106,108,102,18,17,17,18,17,4,4,5,5,6
25,2,20,1229,1237,1173,1238,1259,0,0,0,0,0,0,0,0,0,0,105,105,106,106,107,146,147,138,147,149,17,16,18,19,19,6,6,7,8,8
25,2,21,1174,1195,1202,1151,1206,0,0,0,0,0,0,0,0,0,0,113,113,113,115,116,155,158,159,151,160,18,18,19,21,21,6,7,8,7,9
25,2,22,1096,1147,1165,1172,1129,0,0,0,0,0,0,0,0,0,0,114,114,114,114,115,145,153,156,157,150,20,19,20,22,22,6,7,8,9,9
25,2,23,1160,1081,1125,1145,1150,0,0,0,0,0,0,0,0,0,0,113,112,111,114,114,153,142,148,150,151,22,22,23,24,24,7,7,8,8,9
25,2,24,1129,1139,1069,1111,1128,0,0,0,0,0,0,0,0,0,0,110,109,108,109,110,145,147,137,142,145,25,24,25,27,27,6,7,8,8,9
25,2,25,1314,1123,1132,1070,1107,0,0,0,0,0,0,0,0,0,0,106,104,104,103,103,155,130,131,123,128,28,27,28,29,29,7,7,8,8,8
25,2,26,1317,1299,1128,1135,1079,0,0,0,0,0,0,0,0,0,0,98,95,94,92,91,131,130,111,112,106,30,28,29,31,31,7,8,7,8,7
25,2,27,1418,1313,1295,1137,1140,0,0,0,0,0,0,0,0,0,0,83,83,81,79,78,117,108,107,93,93,30,29,30,31,29,8,8,8,8,9
25,2,28,1509,1413,1314,1296,1146,0,0,0,0,0,0,0,0,0,0,71,70,69,68,66,103,96,89,88,77,30,29,29,30,29,9,8,8,9,9
25,2,29,1556,1503,1411,1318,1300,0,0,0,0,0,0,0,0,0,0,61,61,60,59,60,91,88,82,76,75,30,29,29,30,29,9,8,9,9,10
25,2,30,1497,1550,1501,1413,1325,0,0,0,0,0,0,1,0,0,0,55,55,54,54,53,77,80,77,72,67,30,28,30,30,30,8,8,9,10,9
25,2,31,1561,1496,1546,1499,1414,0,0,0,0,0,0,1,1,1,1,46,47,47,47,46,70,67,69,67,63,29,28,28,29,29,8,8,9,10,10
25,2,32,1491,1554,1492,1539,1495,0,0,0,0,0,0,0,1,1,0,38,38,39,39,39,59,62,59,61,59,27,26,26,26,26,8,9,9,10,10
25,2,33,1431,1485,1545,1488,1532,0,0,0,0,0,0,1,1,0,1,33,33,33,34,34,52,54,56,54,56,25,24,24,25,25,7,8,9,9,9
25,2,34,1368,1428,1480,1537,1484,0,0,0,0,0,1,1,1,1,0,30,30,30,30,31,45,47,49,51,49,24,23,23,23,23,6,8,8,9,9
25,2,35,1290,1371,1427,1478,1531,0,0,0,0,0,1,0,1,0,1,29,29,29,29,29,38,40,42,44,46,23,22,22,22,22,7,8,9,9,10
25,2,36,1297,1294,1370,1424,1473,0,0,0,0,0,1,0,1,1,0,26,27,27,27,27,36,36,39,40,42,21,21,21,21,21,8,8,9,10,11
25,2,37,1232,1295,1291,1365,1418,0,0,0,0,0,1,1,1,1,1,23,23,24,24,24,33,35,35,37,38,19,19,19,19,19,7,8,10,10,10
25,2,38,1252,1230,1292,1287,1359,0,0,0,0,0,1,1,1,1,1,19,19,19,19,20,30,30,31,31,33,17,17,17,17,17,6,7,7,8,9
25,2,39,1282,1249,1227,1287,1282,0,0,0,0,0,1,1,1,1,1,16,16,16,16,16,28,27,27,28,28,16,15,15,15,15,5,6,6,7,7
25,2,40,1275,1281,1247,1227,1284,0,0,0,0,0,1,1,1,1,1,15,15,15,15,15,24,24,24,23,25,14,13,13,14,14,4,4,5,5,6
25,2,41,1260,1275,1279,1246,1225,0,0,0,0,0,1,1,1,1,1,14,14,14,14,14,22,22,23,22,22,13,13,13,13,13,4,4,5,5,6
25,2,42,1172,1258,1275,1278,1245,0,0,0,0,0,1,1,1,1,1,12,12,15,13,15,19,21,21,21,21,13,12,12,13,12,4,4,5,5,6
25,2,43,1251,1172,1257,1274,1276,0,0,0,0,0,1,1,1,1,1,13,13,13,13,13,20,19,20,20,20,11,11,11,11,11,3,4,4,4,5
25,2,44,1293,1251,1173,1256,1273,0,0,0,0,0,1,1,1,1,1,13,13,13,13,13,19,19,17,19,19,12,10,10,10,10,3,3,4,4,4
25,2,45,1407,1294,1253,1176,1257,0,0,0,0,0,1,1,1,1,1,14,13,14,14,13,20,18,18,17,18,10,10,10,10,10,3,3,3,3,3
25,2,46,1467,1407,1296,1255,1179,0,0,0,0,0,1,1,1,1,1,13,13,13,13,13,19,19,17,17,16,10,10,10,10,10,3,3,3,3,3
25,2,47,1497,1465,1406,1296,1256,0,0,0,0,0,2,1,1,1,1,11,11,11,11,11,18,18,17,16,15,9,9,9,9,9,3,3,3,3,3
25,2,48,1554,1492,1461,1402,1294,0,0,0,0,0,2,2,2,1,1,11,11,10,9,9,19,18,17,17,15,8,8,8,8,8,3,4,3,3,3
25,2,49,1489,1549,1487,1456,1399,0,0,0,0,0,2,2,2,2,1,10,10,10,10,10,17,17,17,16,16,8,7,7,7,7,3,3,3,4,3
25,2,50,1546,1485,1543,1482,1451,0,0,0,0,0,2,2,2,2,2,10,11,11,10,11,17,16,17,16,16,7,6,6,7,6,3,3,4,4,4
25,2,51,1480,1542,1482,1537,1477,0,0,0,0,0,2,2,2,2,2,11,11,11,11,11,16,17,16,17,16,6,7,7,6,6,3,3,3,4,4
25,2,52,1598,1476,1537,1477,1532,0,0,0,0,0,3,2,2,2,2,11,11,11,11,11,17,16,16,16,16,7,6,6,6,6,3,3,4,4,4
25,2,53,1706,1593,1472,1532,1472,0,0,0,0,0,3,3,3,2,2,11,11,11,11,11,18,17,16,16,16,6,7,7,6,6,3,3,3,4,4
25,2,54,1671,1698,1585,1467,1526,0,0,0,0,0,3,3,3,3,3,11,11,11,11,11,18,18,17,15,16,5,5,4,5,6,3,3,3,3,4
25,2,55,1686,1663,1687,1578,1461,0,0,0,0,0,4,4,4,3,3,11,11,11,11,11,18,17,18,16,15,4,4,4,4,4,2,2,4,3,3
25,2,56,1703,1677,1654,1677,1569,0,0,0,0,0,4,4,4,4,4,11,11,11,11,11,17,17,17,17,16,3,3,3,2,3,2,2,2,2,3
25,2,57,1552,1694,1669,1646,1669,0,0,0,0,0,4,4,4,4,4,11,10,11,11,11,15,17,16,16,16,3,3,3,3,3,2,1,2,2,2
25,2,58,1535,1545,1683,1658,1635,0,0,0,0,0,5,4,5,5,5,10,10,10,10,10,14,14,16,15,15,3,3,3,3,3,2,2,3,4,4
25,2,59,1528,1527,1537,1674,1648,0,0,0,0,0,5,5,5,5,5,9,10,10,10,9,13,13,13,14,14,2,2,2,2,2,2,2,2,2,2
25,2,60,1586,1517,1518,1528,1663,0,0,0,0,0,6,7,5,5,6,8,8,8,8,8,13,12,12,12,13,2,2,2,2,2,2,2,2,2,2
25,2,61,1618,1575,1507,1508,1518,0,0,0,0,0,7,6,6,6,6,8,8,8,8,8,13,13,12,12,12,2,2,2,2,2,2,2,2,2,2
25,2,62,1560,1606,1563,1496,1498,0,0,0,0,0,7,7,7,7,6,9,9,8,9,9,13,14,13,13,13,2,2,2,2,2,2,2,2,2,2
25,2,63,1601,1546,1592,1550,1484,0,0,0,0,0,8,8,8,7,7,9,9,9,9,9,14,14,14,14,13,2,2,2,2,2,3,3,3,3,3
25,2,64,1701,1585,1532,1577,1537,0,0,0,0,0,10,9,8,9,8,8,8,8,8,8,15,14,13,14,13,2,2,2,3,3,2,3,3,3,3
25,2,65,1547,1682,1569,1517,1561,0,0,0,0,0,11,11,10,10,10,8,8,8,8,8,14,15,14,13,14,2,2,3,3,3,3,3,3,3,3
25,2,66,1502,1529,1662,1551,1499,0,0,0,0,0,11,11,12,11,11,7,7,7,7,7,13,13,14,13,13,2,2,2,2,2,3,3,3,3,3
25,2,67,1577,1486,1512,1643,1533,0,0,0,0,0,13,12,12,13,12,7,7,7,7,7,12,11,12,13,12,2,2,2,2,2,2,2,2,2,3
25,2,68,1542,1559,1469,1495,1624,0,0,0,0,0,14,14,13,13,14,7,7,7,7,7,10,10,10,10,11,1,1,1,1,1,2,2,2,2,2
25,2,69,1523,1523,1539,1451,1476,0,0,0,0,0,15,15,15,14,14,6,6,6,6,6,10,10,10,9,9,1,1,1,1,1,1,1,2,2,3
25,2,70,1558,1503,1504,1520,1434,0,0,0,0,0,19,17,16,16,15,6,6,6,6,6,9,9,9,9,8,1,1,1,1,1,1,1,1,1,1
25,2,71,1579,1538,1484,1485,1501,0,0,0,0,0,20,19,18,18,18,6,6,6,6,6,8,7,7,7,7,1,1,1,1,1,1,1,1,1,1
25,2,72,1710,1558,1517,1464,1466,0,0,0,0,0,24,21,21,20,19,6,6,6,6,6,7,6,6,6,6,1,1,1,1,1,1,1,1,1,1
25,2,73,1647,1681,1533,1493,1441,0,0,0,0,0,25,26,23,22,21,5,5,5,5,5,7,7,7,6,6,1,1,1,1,1,2,2,1,2,2
25,2,74,1604,1615,1648,1503,1466,0,0,0,0,0,28,27,28,25,24,4,4,4,4,4,7,7,7,6,6,1,1,1,1,1,3,3,3,4,2
25,2,75,1502,1571,1582,1613,1472,0,0,0,0,0,29,30,30,30,27,3,3,3,3,3,6,6,6,7,6,1,1,1,1,1,1,1,1,2,2
25,2,76,1392,1467,1535,1547,1578,0,0,0,0,0,30,31,32,32,32,3,3,3,3,3,6,6,6,6,6,1,0,0,1,1,1,1,1,1,1
25,2,77,1316,1356,1430,1497,1509,0,0,0,0,0,32,33,34,35,35,4,4,4,4,4,5,6,6,6,6,0,0,0,0,0,1,1,1,1,1
25,2,78,1167,1279,1319,1390,1456,0,0,0,0,0,32,35,35,37,38,4,4,4,4,4,5,5,5,6,6,0,0,0,0,0,1,1,1,1,1
25,2,79,1124,1130,1239,1278,1347,0,0,0,0,0,36,35,38,39,40,4,4,4,4,4,5,5,5,5,6,0,0,0,0,0,1,1,1,1,1
2505,1,0,32,32,32,30,31,31,31,31,30,31,0,0,0,0,0,2,2,2,2,2,2,2,2,2,2,1,1,1,0,0,0,0,0,0,0
2505,1,1,28,32,32,32,30,0,0,0,0,0,0,0,0,0,0,3,3,3,3,3,4,4,4,4,4,1,1,1,1,1,0,0,0,0,0
2505,1,2,27,28,31,32,31,0,0,0,0,0,0,0,0,0,0,2,2,1,2,2,3,3,3,3,3,1,1,1,1,0,0,0,0,0,0
2505,1,3,36,27,29,32,33,0,0,0,0,0,0,0,0,0,0,1,1,2,2,2,3,2,2,2,2,1,1,1,1,1,0,0,0,0,0
2505,1,4,29,36,28,30,33,0,0,0,0,0,0,0,0,0,0,2,2,2,2,2,2,3,2,2,2,1,1,1,1,1,0,0,0,0,0
2505,1,5,36,31,37,30,32,0,0,0,0,0,0,0,0,0,0,2,2,2,2,2,3,1,2,1,1,1,1,1,1,1,0,0,0,0,0
2505,1,6,33,36,33,37,31,0,0,0,0,0,0,0,0,0,0,1,1,2,1,1,1,2,1,2,1,1,1,1,1,1,0,0,0,0,0
2505,1,7,34,32,34,32,35,0,0,0,0,0,0,0,0,0,0,1,1,1,1,1,2,2,2,2,3,0,0,0,0,1,0,0,1,0,1
2505,1,8,29,33,31,33,31,0,0,0,0,0,0,0,0,0,0,1,1,1,1,1,2,2,2,2,2,0,0,0,0,0,0,0,0,0,0
2505,1,9,36,29,32,31,31,0,0,0,0,0,0,0,0,0,0,1,1,1,1,1,3,1,2,1,3,0,0,0,0,0,0,0,0,0,0
2505,1,10,25,36,28,31,30,0,0,0,0,0,0,0,0,0,0,0,0,0,0,0,1,1,1,1,1,1,1,0,0,0,0,0,0,0,0
2505,1,11,29,26,35,27,31,0,0,0,0,0,0,0,0,0,0,0,0,0,0,0,0,0,1,1,1,1,1,0,0,1,0,0,0,0,0
2505,1,12,35,29,26,35,27,0,0,0,0,0,0,0,0,0,0,0,0,0,0,0,1,1,1,1,1,1,1,1,1,1,0,0,0,0,0
2505,1,13,40,34,29,26,34,0,0,0,0,0,0,0,0,0,0,0,0,0,0,0,2,2,1,1,2,1,1,1,1,1,0,0,0,0,0
2505,1,14,36,39,33,28,26,0,0,0,0,0,0,0,0,0,0,0,0,0,0,0,2,2,2,2,1,1,1,1,1,1,0,0,0,0,0
2505,1,15,23,35,39,34,28,0,0,0,0,0,0,0,0,0,0,0,0,1,2,1,1,2,2,2,2,1,1,1,1,1,0,0,0,0,0
2505,1,16,35,24,36,39,35,0,0,0,0,0,0,0,0,0,0,2,2,2,2,2,2,2,2,3,2,1,1,1,1,1,0,0,0,0,0
2505,1,17,30,35,24,35,37,0,0,0,0,0,0,0,0,0,0,1,1,1,1,1,2,2,2,3,4,1,1,1,1,1,0,0,0,0,0
2505,1,18,26,31,35,25,35,0,0,0,0,0,0,0,0,0,0,2,3,2,3,3,3,3,3,3,4,2,1,1,1,1,0,0,0,0,0
2505,1,19,32,26,31,35,25,0,0,0,0,0,0,0,0,0,0,3,3,3,3,3,4,4,4,4,4,1,1,1,1,1,0,0,0,0,0
2505,1,20,35,30,26,31,34,0,0,0,0,0,0,0,0,0,0,3,2,3,4,4,6,5,4,5,6,1,1,1,1,1,0,0,0,0,0
2505,1,21,47,34,29,28,31,0,0,0,0,0,0,0,0,0,0,6,5,5,5,6,9,6,6,4,6,1,1,1,1,1,1,1,1,0,1
2505,1,22,33,44,34,30,29,0,0,0,0,0,0,0,0,0,0,6,6,6,6,6,6,9,7,6,6,1,1,1,1,1,0,1,0,0,0
2505,1,23,34,32,42,34,31,0,0,0,0,0,0,0,0,0,0,6,6,6,6,6,7,7,8,7,6,0,0,0,1,1,0,0,0,0,0
2505,1,24,36,35,32,41,35,0,0,0,0,0,0,0,0,0,0,6,6,6,6,6,7,6,6,8,6,0,1,0,1,1,0,0,0,0,0
2505,1,25,28,34,34,30,39,0,0,0,0,0,0,0,0,0,0,6,4,5,3,6,5,7,7,6,9,1,1,1,1,1,0,0,0,0,0
2505,1,26,31,27,33,33,30,0,0,0,0,0,0,0,0,0,0,3,4,4,4,4,6,5,6,6,5,1,0,1,1,1,0,0,0,0,0
2505,1,27,28,31,28,33,32,0,0,0,0,0,0,0,0,0,0,3,4,4,4,4,4,4,4,5,5,1,0,1,1,0,0,0,0,0,0
2505,1,28,41,31,33,30,34,0,0,0,0,0,0,0,0,0,0,5,5,5,4,4,5,3,4,3,4,1,1,1,1,1,1,0,0,0,0
2505,1,29,51,42,33,34,31,0,0,0,0,0,0,0,0,0,0,5,5,5,4,4,5,4,3,3,3,1,1,1,1,1,0,1,1,1,1
2505,1,30,53,52,43,34,35,0,0,0,0,0,0,0,0,0,0,4,4,4,4,4,5,4,4,3,3,1,1,1,1,1,0,0,0,1,1
2505,1,31,45,50,50,42,34,0,0,0,0,0,0,0,0,0,0,3,2,3,3,3,4,5,5,4,3,1,1,1,1,1,1,1,1,1,1
2505,1,32,53,44,47,47,41,0,0,0,0,0,0,0,0,0,0,3,3,3,3,3,6,4,6,6,4,1,1,1,1,1,1,1,1,1,1
2505,1,33,38,50,43,46,46,0,0,0,0,0,0,0,0,0,0,3,3,3,3,3,4,6,4,4,4,1,1,1,1,1,0,1,1,1,1
2505,1,34,36,38,49,43,45,0,0,0,0,0,0,0,0,0,0,3,3,3,3,3,3,3,4,4,4,1,0,1,1,1,0,0,1,0,1
2505,1,35,34,37,39,48,43,0,0,0,0,0,0,0,0,0,0,3,3,3,3,3,3,3,3,4,4,1,1,1,1,1,0,0,0,1,0
2505,1,36,35,33,35,37,45,0,0,0,0,0,0,0,0,0,0,2,2,1,1,1,3,3,3,3,4,1,1,1,1,1,1,1,1,1,1
2505,1,37,39,34,33,34,36,0,0,0,0,0,0,0,0,0,0,2,2,2,2,2,3,3,2,3,3,1,1,1,1,1,1,1,1,1,1
2505,1,38,41,41,34,35,34,0,0,0,0,0,0,0,0,0,0,3,3,1,3,1,2,2,2,2,2,1,1,1,1,1,0,0,0,0,0
2505,1,39,30,41,41,34,35,0,0,0,0,0,0,0,0,0,0,1,2,2,2,2,2,2,2,2,2,0,0,0,0,0,0,0,0,0,0
2505,1,40,28,30,41,41,34,0,0,0,0,0,0,0,0,0,0,2,2,2,2,2,2,2,2,2,2,0,0,0,0,0,0,0,0,0,0
2505,1,41,31,28,31,41,41,0,0,0,0,0,0,0,0,0,0,1,1,2,2,2,1,1,1,2,2,0,0,0,0,0,0,0,0,0,0
2505,1,42,38,32,29,32,41,0,0,0,0,0,0,0,0,0,0,2,2,2,2,2,2,1,1,1,2,0,0,0,0,0,0,0,0,0,0
2505,1,43,27,37,31,29,32,0,0,0,0,0,0,0,0,0,0,2,2,2,2,2,1,3,3,2,2,0,0,0,0,0,0,0,0,0,0
2505,1,44,30,27,36,30,28,0,0,0,0,0,0,0,0,0,0,2,2,1,1,1,2,2,2,2,2,0,0,0,0,0,0,0,0,0,0
2505,1,45,26,29,26,35,29,0,0,0,0,0,0,0,0,0,0,1,1,1,1,1,2,2,2,2,2,0,0,0,0,0,0,0,0,0,0
2505,1,46,37,25,28,25,34,0,0,0,0,0,0,0,0,0,0,1,1,1,1,1,2,2,2,2,2,0,0,0,0,0,0,0,0,0,0
2505,1,47,32,36,25,28,25,0,0,0,0,0,0,0,0,0,0,1,1,1,1,1,2,2,1,1,1,0,0,0,0,0,0,0,0,0,0
2505,1,48,27,33,36,26,29,0,0,0,0,0,0,0,0,0,0,1,1,1,1,1,0,0,1,0,0,0,0,0,0,0,0,0,0,0,0
2505,1,49,32,28,33,36,27,0,0,0,0,0,0,0,0,0,0,1,1,1,1,1,1,0,1,1,0,0,0,0,0,0,0,0,0,0,0
2505,1,50,42,31,26,32,36,0,0,0,0,0,0,0,0,0,0,0,0,0,0,1,1,1,2,1,1,0,0,0,0,0,0,0,0,0,0
2505,1,51,28,41,31,26,31,0,0,0,0,0,0,0,0,0,0,1,1,1,1,1,2,2,1,1,2,0,0,0,0,0,0,0,0,0,0
2505,1,52,29,28,41,31,26,0,0,0,0,0,0,0,0,0,0,1,2,2,1,1,2,2,2,1,1,0,0,0,0,0,0,0,0,0,0
2505,1,53,53,29,28,40,31,0,0,0,0,0,0,0,0,0,0,2,1,1,1,1,2,1,1,2,1,0,0,0,0,0,0,0,0,0,0
2505,1,54,45,53,30,29,40,0,0,0,0,0,0,0,0,0,0,2,2,2,2,2,2,2,1,1,2,0,0,0,0,0,0,0,0,0,0
2505,1,55,46,45,54,31,31,0,0,0,0,0,0,0,0,0,0,3,2,3,3,3,2,2,2,3,1,0,0,0,1,0,0,0,0,0,0
2505,1,56,40,45,43,54,32,0,0,0,0,0,0,0,0,0,0,2,2,1,2,2,2,3,3,2,1,0,0,0,0,0,0,0,0,0,0
2505,1,57,45,40,45,43,53,0,0,0,0,0,0,0,0,0,0,1,1,1,1,1,1,1,1,1,2,0,0,0,0,0,0,0,0,0,0
2505,1,58,45,44,41,45,43,0,0,0,0,0,0,0,0,0,0,1,1,1,1,1,1,2,0,1,1,0,0,0,0,0,0,0,0,0,0
2505,1,59,42,44,45,42,45,0,0,0,0,0,0,0,0,0,0,1,1,1,1,1,0,2,0,0,1,0,0,0,0,0,0,0,0,0,0
2505,1,60,41,43,45,44,44,0,0,0,0,0,0,0,0,0,0,1,1,1,0,2,0,0,0,1,0,0,0,0,0,0,0,0,0,0,0
2505,1,61,42,41,44,44,44,0,0,0,0,0,0,0,0,0,0,0,0,1,0,0,0,0,0,1,0,0,0,0,0,0,0,0,0,0,0
2505,1,62,50,42,41,42,43,0,0,0,0,0,0,0,0,0,0,0,0,0,0,0,2,0,0,2,1,0,0,0,0,0,0,0,0,0,0
2505,1,63,51,49,42,41,41,0,0,0,0,0,1,1,0,0,0,1,1,1,1,0,1,1,1,1,1,0,0,0,0,0,0,0,0,0,0
2505,1,64,39,50,47,42,40,0,0,0,0,0,0,1,2,0,0,1,1,1,1,1,1,1,1,1,2,0,0,0,0,0,0,0,0,0,0
2505,1,65,37,38,50,46,42,0,0,0,0,0,1,1,0,1,0,1,1,1,1,1,1,1,1,1,1,0,0,0,0,0,0,0,0,0,0
2505,1,66,43,37,37,48,46,0,0,0,0,0,0,1,1,1,1,1,1,1,1,1,0,0,1,2,0,0,0,0,0,0,0,0,0,0,0
2505,1,67,50,43,38,38,47,0,0,0,0,0,1,1,0,0,1,1,1,1,1,1,0,0,0,0,1,0,0,0,0,0,0,0,0,0,0
2505,1,68,44,50,43,38,38,0,0,0,0,0,1,1,1,1,1,1,1,1,1,1,0,0,0,0,0,0,0,0,0,0,0,0,0,0,0
2505,1,69,46,43,49,42,38,0,0,0,0,0,1,1,1,1,1,1,1,1,1,1,1,1,1,1,0,0,0,0,0,0,0,0,0,0,0
2505,1,70,38,44,41,47,40,0,0,0,0,0,1,1,1,1,1,0,0,0,0,0,1,1,1,1,1,0,0,0,0,0,0,0,0,0,0
2505,1,71,35,37,42,39,45,0,0,0,0,0,1,1,1,1,1,0,0,0,0,0,0,0,1,1,1,0,0,0,0,0,0,0,0,0,0
2505,1,72,33,34,36,41,38,0,0,0,0,0,1,1,1,1,1,0,0,0,0,0,0,0,0,0,0,0,0,0,0,0,0,0,0,0,0
2505,1,73,51,32,33,35,40,0,0,0,0,0,1,1,1,1,1,0,0,0,0,0,1,0,0,0,0,0,0,0,0,0,0,0,0,0,0
2505,1,74,42,48,31,32,34,0,0,0,0,0,1,1,1,1,1,0,0,0,0,0,0,2,0,0,0,0,0,0,0,0,0,0,0,0,0
2505,1,75,48,41,48,30,31,0,0,0,0,0,1,1,0,1,1,0,0,0,0,0,0,0,0,0,0,0,0,0,0,0,0,0,0,0,0
2505,1,76,44,47,41,47,29,0,0,0,0,0,1,1,0,1,1,0,0,0,0,0,0,0,0,0,0,0,0,0,0,0,0,0,0,0,0
2505,1,77,31,42,45,41,46,0,0,0,0,0,1,2,2,1,2,1,0,0,1,1,0,0,0,0,0,0,0,0,0,0,0,0,0,0,0
2505,1,78,32,30,41,44,40,0,0,0,0,0,2,1,2,2,2,1,0,1,1,1,0,0,0,0,0,0,0,0,0,0,0,0,0,0,0
2505,1,79,40,32,30,39,42,0,0,0,0,0,2,1,1,2,2,1,1,1,0,0,0,0,0,0,0,0,0,0,0,0,0,0,0,0,0
2505,2,0,30,31,28,29,28,30,31,29,29,29,0,0,0,0,0,1,1,0,1,0,1,1,1,1,1,0,0,0,0,0,0,0,0,0,0
2505,2,1,28,30,31,27,28,0,0,0,0,0,0,0,0,0,0,1,2,2,1,1,2,2,2,2,2,0,0,0,0,0,0,0,0,0,0
2505,2,2,32,27,30,31,27,0,0,0,0,0,0,0,0,0,0,1,1,2,2,2,2,2,2,2,2,0,0,0,0,0,0,0,0,0,0
2505,2,3,32,33,27,30,30,0,0,0,0,0,0,0,0,0,0,1,2,1,1,1,2,2,2,2,2,1,1,1,1,0,0,0,0,0,0
2505,2,4,31,32,33,27,30,0,0,0,0,0,0,0,0,0,0,1,1,1,1,1,2,2,2,2,2,1,1,1,1,1,0,0,0,0,0
2505,2,5,30,31,32,33,27,0,0,0,0,0,0,0,0,0,0,1,1,1,1,1,2,2,2,2,2,1,1,1,1,1,0,0,0,0,0
2505,2,6,38,29,30,31,32,0,0,0,0,0,0,0,0,0,0,1,1,1,1,1,2,2,2,2,2,1,0,0,0,0,1,0,0,0,0
2505,2,7,30,37,29,30,32,0,0,0,0,0,0,0,0,0,0,1,1,1,1,1,1,2,1,1,1,0,0,0,0,1,0,0,0,0,0
2505,2,8,30,30,37,29,30,0,0,0,0,0,0,0,0,0,0,1,1,1,1,1,1,1,1,1,1,0,0,0,0,0,0,0,0,0,0
2505,2,9,34,30,30,37,29,0,0,0,0,0,0,0,0,0,0,1,1,1,1,1,1,1,1,1,1,0,0,0,0,0,0,0,0,0,0
2505,2,10,39,34,30,30,37,0,0,0,0,0,0,0,0,0,0,1,1,1,1,1,2,1,1,1,2,0,0,0,0,1,0,0,0,0,0
2505,2,11,19,38,33,29,29,0,0,0,0,0,0,0,0,0,0,0,0,0,0,0,1,1,1,1,1,1,0,0,0,0,0,0,0,0,0
2505,2,12,25,18,37,32,28,0,0,0,0,0,0,0,0,0,0,0,0,0,0,0,1,1,1,1,1,0,0,0,0,0,0,0,0,0,0
2505,2,13,30,24,18,35,30,0,0,0,0,0,0,0,0,0,0,0,0,0,0,0,2,1,0,2,2,0,0,0,0,0,0,0,0,0,0
2505,2,14,19,29,24,19,35,0,0,0,0,0,0,0,0,0,0,1,1,1,1,1,1,2,2,1,2,0,0,1,1,1,0,0,0,0,0
2505,2,15,32,19,29,24,19,0,0,0,0,0,0,0,0,0,0,1,1,1,1,1,2,2,2,2,2,1,1,1,1,1,0,0,0,0,0
2505,2,16,33,33,20,30,24,0,0,0,0,0,0,0,0,0,0,1,2,1,2,1,2,2,1,2,2,1,1,1,1,1,0,0,0,0,0
2505,2,17,35,34,33,22,30,0,0,0,0,0,0,0,0,0,0,3,3,2,2,2,3,3,3,1,3,1,1,1,1,1,0,0,0,0,0
2505,2,18,27,34,33,32,22,0,0,0,0,0,0,0,0,0,0,2,2,2,2,2,3,4,4,4,3,1,1,1,1,1,0,0,0,0,0
2505,2,19,25,25,30,28,29,0,0,0,0,0,0,0,0,0,0,3,3,3,3,3,5,5,7,8,6,0,0,0,0,0,0,0,0,0,0
2505,2,20,24,22,23,27,26,0,0,0,0,0,0,0,0,0,0,4,3,4,4,5,7,6,6,7,7,0,0,0,0,0,0,0,0,0,0
2505,2,21,26,22,20,21,24,0,0,0,0,0,0,0,0,0,0,3,4,4,4,4,8,6,6,6,7,0,0,0,0,0,0,0,0,0,0
2505,2,22,25,25,21,20,19,0,0,0,0,0,0,0,0,0,0,4,5,5,5,3,6,6,6,5,5,0,0,0,0,0,0,0,0,0,0
2505,2,23,20,25,25,22,20,0,0,0,0,0,0,0,0,0,0,5,5,5,5,5,3,6,6,5,5,1,1,1,1,0,0,0,0,0,0
2505,2,24,25,22,26,27,23,0,0,0,0,0,0,0,0,0,0,4,4,4,5,4,4,3,4,4,4,1,1,1,1,1,0,0,0,0,0
2505,2,25,24,28,24,28,27,0,0,0,0,0,0,0,0,0,0,4,5,4,4,4,3,3,3,3,5,1,1,1,1,1,0,0,0,0,0
2505,2,26,34,26,30,26,30,0,0,0,0,0,0,0,0,0,0,5,4,4,4,4,4,3,3,3,3,1,1,1,1,1,0,0,0,0,0
2505,2,27,31,34,27,30,27,0,0,0,0,0,0,0,0,0,0,4,4,3,3,3,3,4,3,3,3,1,1,1,1,1,1,1,0,1,0
2505,2,28,44,31,34,27,30,0,0,0,0,0,0,0,0,0,0,4,3,3,3,3,4,3,3,3,3,1,1,1,1,1,0,1,1,1,1
2505,2,29,38,43,31,34,27,0,0,0,0,0,0,0,0,0,0,3,3,3,3,3,3,4,3,3,3,1,1,1,1,1,1,1,1,1,1
2505,2,30,35,37,42,31,33,0,0,0,0,0,0,0,0,0,0,3,3,3,3,3,3,3,3,3,3,0,0,0,0,0,1,1,1,0,1
2505,2,31,46,32,35,40,30,0,0,0,0,0,0,0,0,0,0,2,1,2,2,2,4,3,3,3,3,0,0,0,0,0,0,1,1,1,0
2505,2,32,39,44,31,34,39,0,0,0,0,0,0,0,0,0,0,2,2,2,2,2,3,4,3,3,3,0,0,0,0,0,0,0,0,0,0
2505,2,33,27,38,43,30,33,0,0,0,0,0,0,0,0,0,0,2,2,2,2,2,2,3,3,3,3,0,0,0,0,0,0,0,0,0,0
2505,2,34,28,27,37,42,30,0,0,0,0,0,0,0,0,0,0,2,2,2,2,2,2,2,3,3,2,0,0,0,0,0,0,0,0,0,0
2505,2,35,24,28,27,37,40,0,0,0,0,0,0,0,0,0,0,2,2,2,2,2,2,2,2,2,4,0,0,0,0,0,0,0,0,0,0
2505,2,36,24,23,27,26,37,0,0,0,0,0,0,0,0,0,0,1,1,1,1,2,2,2,2,2,2,0,0,0,0,0,0,0,0,0,0
2505,2,37,28,24,23,26,27,0,0,0,0,0,0,0,0,0,0,1,1,1,1,2,1,1,1,1,1,0,0,0,0,0,1,0,0,1,0
2505,2,38,29,28,26,24,26,0,0,0,0,0,0,0,0,0,0,2,2,2,2,1,2,2,1,1,1,0,0,1,0,0,0,0,0,0,0
2505,2,39,38,28,27,25,26,0,0,0,0,0,0,0,0,0,0,1,1,1,1,2,3,3,3,3,1,1,1,1,1,1,0,0,0,0,0
2505,2,40,24,37,28,27,26,0,0,0,0,0,0,0,0,0,0,1,1,1,1,1,1,3,2,2,1,1,1,1,1,1,0,0,0,0,0
2505,2,41,35,26,38,30,29,0,0,0,0,0,0,0,0,0,0,2,2,2,2,2,2,1,2,1,1,1,1,1,1,1,0,0,0,0,0
2505,2,42,35,36,27,39,32,0,0,0,0,0,0,0,0,0,0,2,2,1,2,2,2,2,1,2,1,1,1,1,1,1,0,0,0,0,0
2505,2,43,30,35,36,28,39,0,0,0,0,0,0,0,0,0,0,1,1,1,1,1,1,2,2,1,2,1,1,1,1,1,0,0,0,0,0
2505,2,44,36,30,35,36,28,0,0,0,0,0,0,0,0,0,0,1,1,1,1,1,1,1,1,1,1,0,0,0,0,0,0,0,0,0,0
2505,2,45,31,36,30,35,36,0,0,0,0,0,0,0,0,0,0,1,1,1,1,1,1,1,1,1,1,0,0,0,0,0,0,0,0,0,0
2505,2,46,31,30,35,29,34,0,0,0,0,0,0,0,0,0,0,0,0,0,0,0,1,1,1,1,1,0,0,0,0,0,0,0,0,0,0
2505,2,47,33,30,29,33,28,0,0,0,0,0,0,0,0,0,0,0,0,0,0,0,2,1,1,2,1,0,0,0,0,0,0,0,0,0,0
2505,2,48,32,31,29,28,31,0,0,0,0,0,0,0,0,0,0,0,0,0,0,0,2,2,1,1,2,0,0,0,0,0,0,0,0,0,0
2505,2,49,29,31,30,27,26,0,0,0,0,0,0,0,0,0,0,0,0,0,0,0,1,1,1,2,2,0,0,0,0,0,0,0,0,0,0
2505,2,50,34,29,31,30,27,0,0,0,0,0,0,0,0,0,0,1,1,1,1,1,2,1,1,1,1,0,0,0,0,0,0,0,0,0,0
2505,2,51,33,35,30,31,31,0,0,0,0,0,0,0,0,0,0,2,2,2,1,2,1,1,1,1,1,0,0,0,0,0,0,0,0,0,0
2505,2,52,33,35,35,32,32,0,0,0,0,0,0,0,0,0,0,1,2,1,2,2,2,0,1,0,1,0,0,0,0,0,0,0,0,0,0
2505,2,53,42,35,37,37,34,0,0,0,0,0,0,0,0,0,0,2,2,2,2,2,0,0,0,0,0,0,0,0,0,0,0,0,0,0,0
2505,2,54,45,44,37,39,39,0,0,0,0,0,0,0,0,0,0,2,2,2,2,2,2,0,0,0,0,0,0,0,0,0,0,0,0,0,0
2505,2,55,46,45,44,38,39,0,0,0,0,0,0,0,0,0,0,2,2,2,2,2,2,2,2,1,2,0,0,0,0,0,0,0,0,0,0
2505,2,56,35,45,44,44,37,0,0,0,0,0,0,0,0,0,0,1,1,1,2,1,2,2,2,2,2,0,0,0,0,0,0,0,0,0,0
2505,2,57,33,35,45,44,44,0,0,0,0,0,0,0,0,0,0,1,1,1,1,1,1,1,1,1,1,0,0,0,0,0,0,0,0,0,0
2505,2,58,45,33,35,45,44,0,0,0,0,0,0,0,0,0,0,1,1,1,1,1,1,1,1,1,1,0,0,0,0,0,0,0,0,0,0
2505,2,59,36,45,33,34,45,0,0,0,0,0,0,0,0,0,0,0,1,1,1,1,1,1,1,2,1,0,0,0,0,0,0,0,0,0,0
2505,2,60,40,37,44,33,35,0,0,0,0,0,0,0,0,0,0,1,1,1,1,1,1,0,2,1,0,0,0,0,0,0,0,0,0,0,0
2505,2,61,55,39,36,43,32,0,0,0,0,0,0,0,0,0,0,1,1,1,1,1,2,2,2,2,2,0,0,0,0,0,0,0,0,0,0
2505,2,62,43,54,38,35,42,0,0,0,0,0,0,0,0,0,0,1,1,1,1,1,2,2,2,2,2,0,0,0,0,0,0,0,0,0,0
2505,2,63,43,43,54,38,34,0,0,0,0,0,0,0,0,0,0,1,1,2,1,1,1,1,2,1,2,0,0,0,0,0,0,0,0,0,0
2505,2,64,39,43,43,53,39,0,0,0,0,0,0,0,0,0,0,1,1,1,1,1,0,1,1,2,0,0,0,0,0,0,0,0,0,0,0
2505,2,65,45,40,43,42,53,0,0,0,0,0,0,0,0,0,0,1,1,1,1,1,2,0,1,2,1,0,0,0,0,0,0,0,0,0,0
2505,2,66,37,44,39,42,41,0,0,0,0,0,0,0,0,0,0,0,0,0,0,0,1,1,1,1,1,0,0,0,0,0,0,0,0,0,0
2505,2,67,40,38,43,39,41,0,0,0,0,0,0,0,0,0,0,1,1,1,1,0,1,0,2,1,1,0,0,0,0,0,0,0,0,0,0
2505,2,68,32,40,38,42,39,0,0,0,0,0,0,0,0,0,0,1,1,0,0,1,0,1,0,1,1,0,0,0,0,0,0,0,0,0,0
2505,2,69,34,32,39,38,42,0,0,0,0,0,0,0,1,0,0,0,0,0,0,0,0,0,0,0,0,0,0,0,0,0,0,0,0,0,0
2505,2,70,51,33,32,38,38,0,0,0,0,0,1,1,0,1,0,0,0,0,0,0,0,0,0,0,0,0,0,0,0,0,0,0,0,0,0
2505,2,71,43,50,32,32,38,0,0,0,0,0,1,1,1,0,0,0,0,0,0,0,0,0,0,0,0,0,0,0,0,0,0,0,0,0,0
2505,2,72,36,41,48,31,31,0,0,0,0,0,1,1,1,1,1,0,0,0,0,0,0,1,1,0,0,0,0,0,0,0,0,0,0,0,0
2505,2,73,34,34,39,46,31,0,0,0,0,0,1,1,1,1,0,0,0,0,0,0,1,1,1,1,0,0,0,0,0,0,0,0,0,0,0
2505,2,74,45,33,33,38,45,0,0,0,0,0,1,1,1,1,1,0,0,0,0,0,0,0,0,0,0,0,0,0,0,0,0,0,0,0,0
2505,2,75,45,44,32,32,37,0,0,0,0,0,1,1,1,1,1,0,0,0,0,0,0,0,0,0,0,0,0,0,0,0,0,0,0,0,0
2505,2,76,38,44,43,31,31,0,0,0,0,0,1,1,1,1,1,0,0,0,0,0,0,0,0,0,0,0,0,0,0,0,0,0,0,0,0
2505,2,77,40,37,43,42,30,0,0,0,0,0,1,1,1,1,1,1,0,0,0,0,0,0,0,0,0,0,0,0,0,0,0,0,0,0,0
2505,2,78,42,40,37,44,43,0,0,0,0,0,1,1,1,1,1,1,1,1,2,2,0,0,0,0,0,0,0,0,0,0,0,0,0,0,0
2505,2,79,33,41,40,37,44,0,0,0,0,0,1,2,1,1,1,0,1,1,1,1,0,0,0,0,0,0,0,0,0,0,0,0,0,0,0
2506,1,0,14,14,13,13,12,14,14,13,13,12,0,0,0,0,0,0,0,0,0,0,0,0,0,0,0,0,0,0,0,0,0,0,0,0,0
2506,1,1,13,13,13,12,12,0,0,0,0,0,0,0,0,0,0,0,0,0,0,0,1,1,1,1,1,0,0,0,0,0,0,0,0,0,0
2506,1,2,11,13,13,13,12,0,0,0,0,0,0,0,0,0,0,1,1,1,1,1,0,1,1,1,1,0,0,0,0,0,0,0,0,0,0
2506,1,3,12,10,13,13,13,0,0,0,0,0,0,0,0,0,0,1,1,1,1,1,1,2,1,1,1,0,0,0,0,0,0,0,0,0,0
2506,1,4,15,11,9,12,12,0,0,0,0,0,0,0,0,0,0,1,0,0,0,0,1,1,1,1,1,0,0,0,0,0,0,0,0,0,0
2506,1,5,10,15,12,10,13,0,0,0,0,0,0,0,0,0,0,1,1,1,1,1,1,1,0,0,0,0,0,0,0,0,0,0,0,0,0
2506,1,6,11,10,15,12,10,0,0,0,0,0,0,0,0,0,0,0,0,0,0,0,0,0,0,0,0,0,0,0,0,0,0,0,0,0,0
2506,1,7,9,11,10,15,12,0,0,0,0,0,0,0,0,0,0,0,0,0,0,0,0,0,0,0,0,0,0,0,0,0,0,0,0,0,0
2506,1,8,15,9,11,10,15,0,0,0,0,0,0,0,0,0,0,0,0,0,0,0,0,0,0,0,0,0,0,0,0,0,0,0,0,0,0
2506,1,9,21,14,10,11,11,0,0,0,0,0,0,0,0,0,0,0,0,0,0,0,2,2,0,1,0,1,1,1,1,1,0,0,0,0,0
2506,1,10,13,20,13,10,11,0,0,0,0,0,0,0,0,0,0,0,0,0,0,0,2,2,2,1,1,1,1,1,1,1,0,0,0,0,0
2506,1,11,16,13,19,13,11,0,0,0,0,0,0,0,0,0,0,0,0,0,0,0,1,1,2,1,0,1,1,1,1,1,0,0,0,0,0
2506,1,12,8,16,13,19,13,0,0,0,0,0,0,0,0,0,0,0,0,0,0,0,0,1,1,1,1,1,1,1,1,1,0,0,0,0,0
2506,1,13,14,9,15,13,19,0,0,0,0,0,0,0,0,0,0,0,0,0,0,0,1,0,1,0,0,0,1,0,0,0,0,0,0,0,0
2506,1,14,13,15,10,16,14,0,0,0,0,0,0,0,0,0,0,0,0,0,0,0,0,0,0,0,0,1,1,1,1,1,0,0,0,0,0
2506,1,15,14,14,16,11,17,0,0,0,0,0,0,0,0,0,0,0,0,0,0,0,0,0,0,0,0,1,1,1,1,1,0,0,0,0,0
2506,1,16,13,15,15,17,12,0,0,0,0,0,0,0,0,0,0,0,0,0,0,0,0,0,0,0,0,1,1,1,1,1,0,0,0,0,0
2506,1,17,14,15,17,17,19,0,0,0,0,0,0,0,0,0,0,2,2,2,2,2,1,1,1,1,1,1,1,1,1,1,0,0,0,0,0
2506,1,18,20,14,15,16,17,0,0,0,0,0,0,0,0,0,0,1,1,1,1,1,2,2,2,3,2,1,1,1,1,1,0,0,0,0,0
2506,1,19,11,17,13,15,15,0,0,0,0,0,0,0,0,0,0,1,1,1,2,2,3,4,3,3,4,1,1,1,1,1,0,1,0,0,0
2506,1,20,17,10,15,12,13,0,0,0,0,0,0,0,0,0,0,1,1,1,1,1,5,3,4,3,4,1,1,1,1,1,0,0,0,0,0
2506,1,21,14,15,9,13,11,0,0,0,0,0,0,0,0,0,0,3,2,2,2,2,4,4,3,4,3,0,0,0,0,0,0,0,0,0,0
2506,1,22,12,11,12,7,11,0,0,0,0,0,0,0,0,0,0,1,1,1,1,1,4,4,4,3,3,0,0,0,0,0,0,0,0,0,0
2506,1,23,12,11,10,11,7,0,0,0,0,0,0,0,0,0,0,2,2,2,2,2,4,3,3,3,2,0,0,0,0,0,0,0,0,0,0
2506,1,24,13,10,11,10,11,0,0,0,0,0,0,0,0,0,0,1,1,2,2,2,3,3,2,2,2,0,0,0,0,0,0,0,0,0,0
2506,1,25,8,13,10,11,9,0,0,0,0,0,0,0,0,0,0,2,2,2,2,1,1,2,2,2,2,0,0,0,0,0,0,0,0,0,0
2506,1,26,18,8,13,10,11,0,0,0,0,0,0,0,0,0,0,1,1,1,1,1,3,1,1,1,1,0,0,0,0,0,0,0,0,0,0
2506,1,27,14,18,9,14,11,0,0,0,0,0,0,0,0,0,0,2,2,1,2,2,1,2,0,1,1,0,0,0,0,0,0,0,0,0,0
2506,1,28,20,15,20,11,15,0,0,0,0,0,0,0,0,0,0,2,2,3,2,2,2,2,2,1,2,1,1,1,1,1,0,0,0,0,0
2506,1,29,15,21,16,21,13,0,0,0,0,0,0,0,0,0,0,2,2,2,2,2,2,2,2,2,1,1,1,1,1,1,0,0,0,0,0
2506,1,30,24,14,20,15,20,0,0,0,0,0,0,0,0,0,0,1,1,1,1,1,2,2,2,2,2,1,0,0,0,0,0,0,0,0,0
2506,1,31,12,23,14,20,14,0,0,0,0,0,0,0,0,0,0,2,2,2,2,1,1,2,2,2,2,0,0,0,0,0,0,1,0,0,0
2506,1,32,16,11,22,14,19,0,0,0,0,0,0,0,0,0,0,2,2,2,2,2,2,2,2,2,2,0,0,0,0,0,1,1,1,0,1
2506,1,33,11,15,10,20,13,0,0,0,0,0,0,0,0,0,0,1,1,1,1,1,2,2,2,2,2,0,0,0,0,0,0,0,0,1,0
2506,1,34,19,11,14,11,19,0,0,0,0,0,0,0,0,0,0,1,1,1,1,1,2,1,2,0,2,0,0,0,0,0,0,0,0,0,0
2506,1,35,20,18,11,13,11,0,0,0,0,0,0,0,0,0,0,1,1,1,1,1,1,2,1,2,1,0,0,0,0,0,0,0,0,0,0
2506,1,36,19,20,18,11,13,0,0,0,0,0,0,0,0,0,0,1,1,1,1,1,1,1,1,1,1,0,0,0,0,0,0,0,0,0,0
2506,1,37,17,19,20,18,11,0,0,0,0,0,0,0,0,0,0,1,1,1,1,1,1,1,1,1,1,0,0,0,0,0,0,0,0,0,0
2506,1,38,20,16,18,19,17,0,0,0,0,0,0,0,0,0,0,0,0,0,0,0,1,1,1,1,1,0,0,0,0,0,0,0,0,0,0
2506,1,39,9,19,15,17,18,0,0,0,0,0,0,0,0,0,0,0,0,0,0,0,1,1,1,1,1,0,0,0,0,0,0,0,0,0,0
2506,1,40,15,9,17,14,15,0,0,0,0,0,0,0,0,0,0,0,0,0,0,0,1,0,1,1,1,0,0,0,0,0,1,0,1,0,1
2506,1,41,14,14,10,16,13,0,0,0,0,0,0,0,0,0,0,0,0,1,0,0,2,1,0,1,1,0,0,0,0,0,0,0,0,0,0
2506,1,42,12,14,14,10,16,0,0,0,0,0,0,0,0,0,0,0,0,0,0,0,0,0,0,0,0,0,0,0,0,0,0,0,0,0,0
2506,1,43,11,12,14,14,10,0,0,0,0,0,0,0,0,0,0,0,0,0,0,0,0,0,0,0,0,0,0,0,0,0,0,0,0,0,0
2506,1,44,10,11,12,14,14,0,0,0,0,0,0,0,0,0,0,0,0,0,0,0,0,0,0,0,0,0,0,0,0,0,0,0,0,0,0
2506,1,45,13,10,11,12,14,0,0,0,0,0,0,0,0,0,0,0,0,0,0,0,0,0,0,0,0,0,0,0,0,0,0,0,0,0,0
2506,1,46,18,13,11,12,13,0,0,0,0,0,0,0,0,0,0,0,0,1,1,1,0,0,0,0,0,0,0,0,0,0,0,0,0,0,0
2506,1,47,18,20,14,11,12,0,0,0,0,0,0,0,0,0,0,0,2,1,0,0,0,0,0,0,0,0,0,0,0,0,0,0,0,0,0
2506,1,48,20,17,21,14,11,0,0,0,0,0,0,0,0,0,0,1,1,1,0,0,0,1,0,0,0,0,0,0,0,0,1,1,0,0,0
2506,1,49,15,21,18,22,15,0,0,0,0,0,0,0,0,0,0,1,1,1,1,1,0,0,0,0,0,0,0,0,0,0,0,0,0,0,0
2506,1,50,15,15,21,18,22,0,0,0,0,0,0,0,0,0,0,0,0,0,0,0,0,0,0,0,0,0,0,0,0,0,0,0,0,0,0
2506,1,51,16,15,15,21,18,0,0,0,0,0,0,0,0,0,0,0,0,0,0,0,0,0,0,0,0,0,0,0,0,0,0,0,0,0,0
2506,1,52,11,16,15,15,21,0,0,0,0,0,0,0,0,0,0,0,0,0,0,0,0,0,0,0,0,0,0,0,0,0,0,0,0,0,0
2506,1,53,19,12,17,16,16,0,0,0,0,0,0,0,0,0,0,1,1,1,1,1,0,0,0,0,0,0,0,0,0,0,0,0,0,0,0
2506,1,54,29,21,13,18,17,0,0,0,0,0,0,0,0,0,0,2,2,1,1,1,2,0,0,0,0,0,0,0,0,0,0,0,0,0,0
2506,1,55,24,29,21,13,18,0,0,0,0,0,0,0,0,0,0,0,0,0,0,0,0,0,0,0,0,0,0,0,0,0,0,0,0,0,0
2506,1,56,30,24,29,21,13,0,0,0,0,0,0,0,0,0,0,0,0,0,0,0,0,0,0,0,0,0,0,0,0,0,0,0,0,0,0
2506,1,57,15,30,24,29,21,0,0,0,0,0,0,0,0,0,0,0,0,0,0,0,0,0,0,0,0,0,0,0,0,0,0,0,0,0,0
2506,1,58,17,15,29,23,28,0,0,0,0,0,0,0,0,0,0,0,0,0,0,0,0,0,0,0,0,0,0,0,0,0,1,0,1,1,1
2506,1,59,29,18,17,28,22,0,0,0,0,0,0,0,0,0,0,2,2,2,1,1,1,0,0,1,1,0,0,0,0,0,1,1,0,1,1
2506,1,60,22,29,18,17,28,0,0,0,0,0,0,0,0,0,0,1,1,1,1,1,1,1,1,1,1,0,0,0,0,0,0,0,0,0,0
2506,1,61,18,22,28,18,17,0,0,0,0,0,0,0,0,0,0,0,0,0,0,0,0,0,1,0,0,0,0,0,0,0,0,0,0,0,0
2506,1,62,19,18,22,27,18,0,0,0,0,0,0,0,0,0,0,0,0,0,0,0,0,0,0,1,0,0,0,0,0,0,0,0,0,0,0
2506,1,63,19,18,18,20,26,0,0,0,0,0,0,0,0,0,0,0,0,0,0,0,1,1,0,2,1,0,0,0,0,0,0,0,0,0,0
2506,1,64,25,19,18,18,20,0,0,0,0,0,0,0,0,0,0,0,0,0,0,0,0,0,0,0,0,0,0,0,0,0,0,0,0,0,0
2506,1,65,28,26,20,19,19,0,0,0,0,0,0,0,0,0,0,1,1,1,1,1,0,0,0,0,0,0,0,0,0,0,0,0,0,0,0
2506,1,66,21,28,26,20,19,0,0,0,0,0,0,0,0,0,0,0,0,0,0,0,0,0,0,0,0,0,0,0,0,0,0,0,0,0,0
2506,1,67,27,21,28,26,20,0,0,0,0,0,0,0,0,0,0,0,0,0,0,0,0,0,0,0,0,0,0,0,0,0,0,0,0,0,0
2506,1,68,17,27,21,28,26,0,0,0,0,0,0,0,0,0,0,0,0,0,0,0,0,0,0,0,0,0,0,0,0,0,0,0,0,0,0
2506,1,69,22,17,28,22,29,0,0,0,0,0,0,0,0,0,0,1,0,1,1,1,0,0,0,0,0,0,0,0,0,0,0,0,0,0,0
2506,1,70,13,22,17,28,22,0,0,0,0,0,0,0,0,0,0,0,0,0,0,0,0,0,0,0,0,0,0,0,0,0,0,0,0,0,0
2506,1,71,21,13,22,17,28,0,0,0,0,0,0,0,0,0,0,0,0,0,0,0,0,0,0,0,0,0,0,0,0,0,0,0,0,0,0
2506,1,72,24,21,13,22,17,0,0,0,0,0,0,0,0,0,0,0,0,0,0,0,0,0,0,0,0,0,0,0,0,0,0,0,0,0,0
2506,1,73,24,24,20,13,22,0,0,0,0,0,1,0,1,0,0,0,0,0,0,0,0,0,0,0,0,0,0,0,0,0,0,0,0,0,0
2506,1,74,24,24,24,20,13,0,0,0,0,0,1,0,0,0,0,0,0,0,0,0,1,0,0,0,0,0,0,0,0,0,0,0,0,0,0
2506,1,75,23,23,23,23,20,0,0,0,0,0,1,1,1,1,0,0,0,0,0,0,0,0,0,0,0,0,0,0,0,0,0,0,0,0,0
2506,1,76,18,22,22,22,22,0,0,0,0,0,1,1,1,1,1,0,0,0,0,0,0,0,0,0,0,0,0,0,0,0,0,0,0,0,0
2506,1,77,16,17,21,21,21,0,0,0,0,0,1,1,1,1,1,0,0,0,0,0,0,0,0,0,0,0,0,0,0,0,0,0,0,0,0
2506,1,78,21,15,16,20,20,0,0,0,0,0,1,1,1,1,1,0,0,0,0,0,0,0,0,0,0,0,0,0,0,0,0,0,0,0,0
2506,1,79,11,19,13,14,18,0,0,0,0,0,1,1,1,1,1,0,0,0,0,0,0,1,1,1,1,0,0,0,0,0,0,0,0,0,0
2506,2,0,12,12,12,11,11,13,13,13,12,12,0,0,0,0,0,0,0,0,0,0,1,1,1,1,1,0,0,0,0,0,0,0,0,0,0
2506,2,1,16,11,12,12,11,0,0,0,0,0,0,0,0,0,0,0,0,1,1,1,2,1,1,1,1,0,0,0,0,0,0,0,0,0,0
2506,2,2,10,14,10,11,12,0,0,0,0,0,0,0,0,0,0,0,0,0,0,0,1,2,1,1,0,0,0,0,0,0,0,0,0,0,0
2506,2,3,12,10,13,10,10,0,0,0,0,0,0,0,0,0,0,0,0,0,0,0,1,0,1,0,1,0,0,0,0,0,0,0,0,0,0
2506,2,4,11,12,10,13,10,0,0,0,0,0,0,0,0,0,0,0,0,0,0,0,0,0,0,0,0,0,0,0,0,0,0,0,0,0,0
2506,2,5,11,11,13,11,13,0,0,0,0,0,0,0,0,0,0,1,1,1,1,1,0,1,0,0,1,0,0,0,0,0,0,0,0,0,0
2506,2,6,13,12,11,13,12,0,0,0,0,0,0,0,0,0,0,1,1,1,1,1,1,0,1,1,0,0,0,0,0,0,0,0,0,0,0
2506,2,7,16,12,11,11,12,0,0,0,0,0,0,0,0,0,0,0,0,0,0,0,1,1,1,0,1,0,0,0,0,0,0,0,0,0,0
2506,2,8,15,15,11,10,10,0,0,0,0,0,0,0,0,0,0,0,0,0,0,0,1,1,1,1,1,0,0,0,0,0,0,0,0,0,0
2506,2,9,10,14,14,10,10,0,0,0,0,0,0,0,0,0,0,0,0,0,0,0,1,1,1,1,0,0,0,0,0,0,0,0,0,0,0
2506,2,10,9,10,14,14,10,0,0,0,0,0,0,0,0,0,0,0,0,0,0,0,0,0,0,0,0,0,0,0,0,0,0,0,0,0,0
2506,2,11,13,10,11,15,15,0,0,0,0,0,0,0,0,0,0,0,0,0,0,0,0,0,0,0,0,1,1,1,1,1,0,0,0,0,0
2506,2,12,12,14,11,12,16,0,0,0,0,0,0,0,0,0,0,0,0,0,0,0,0,0,0,0,0,1,1,1,1,1,0,0,0,0,0
2506,2,13,14,13,14,12,13,0,0,0,0,0,0,0,0,0,0,0,0,0,0,0,1,0,1,0,0,1,1,1,1,1,0,0,0,0,0
2506,2,14,13,13,13,13,12,0,0,0,0,0,0,0,0,0,0,0,0,0,0,0,0,1,0,1,0,0,0,0,0,0,0,0,0,0,0
2506,2,15,12,11,13,13,13,0,0,0,0,0,0,0,0,0,0,0,0,0,0,0,1,2,0,1,1,0,0,0,1,1,0,0,0,0,0
2506,2,16,12,12,11,13,13,0,0,0,0,0,0,0,0,0,0,0,0,0,0,0,1,1,1,1,1,1,1,1,1,1,0,0,0,0,0
2506,2,17,16,13,13,12,14,0,0,0,0,0,0,0,0,0,0,1,1,1,1,1,1,1,1,1,1,1,1,1,1,1,0,0,0,0,0
2506,2,18,16,16,13,13,12,0,0,0,0,0,0,0,0,0,0,1,1,1,1,1,3,2,2,2,2,1,1,1,1,1,0,0,0,0,0
2506,2,19,9,15,16,12,12,0,0,0,0,0,0,0,0,0,0,2,2,3,1,1,2,4,4,3,3,1,1,1,1,1,0,0,0,0,0
2506,2,20,9,9,11,12,10,0,0,0,0,0,0,0,0,0,0,2,2,1,1,1,2,2,4,4,2,0,0,0,0,0,0,0,1,1,1
2506,2,21,11,9,9,11,11,0,0,0,0,0,0,0,0,0,0,2,2,2,2,2,2,2,2,2,3,0,0,0,0,0,0,0,0,0,0
2506,2,22,8,11,10,9,11,0,0,0,0,0,0,0,0,0,0,2,2,2,2,2,1,2,1,2,2,0,0,0,0,0,0,0,0,0,0
2506,2,23,9,9,9,10,10,0,0,0,0,0,0,0,0,0,0,2,2,2,2,2,1,1,4,2,1,0,0,0,0,0,0,0,0,0,0
2506,2,24,9,8,8,8,10,0,0,0,0,0,0,0,0,0,0,3,2,2,2,3,3,3,3,3,3,0,0,0,0,0,0,0,0,0,0
2506,2,25,11,9,8,8,8,0,0,0,0,0,0,0,0,0,0,2,2,2,2,2,3,2,2,2,2,0,0,0,0,0,0,0,0,0,0
2506,2,26,9,10,8,7,7,0,0,0,0,0,0,0,0,0,0,1,1,1,1,1,2,2,2,2,2,0,0,0,0,0,0,0,0,0,0
2506,2,27,13,8,9,8,7,0,0,0,0,0,0,0,0,0,0,1,1,1,1,1,2,2,2,1,1,0,0,0,0,0,0,0,0,0,0
2506,2,28,11,13,9,10,9,0,0,0,0,0,0,0,0,0,0,2,2,2,2,2,1,2,1,1,1,0,0,0,0,0,0,0,0,0,0
2506,2,29,19,9,12,8,9,0,0,0,0,0,0,0,0,0,0,1,1,1,1,1,2,3,2,2,2,0,0,0,0,0,0,0,0,0,0
2506,2,30,7,19,8,12,8,0,0,0,0,0,0,0,0,0,0,1,2,2,2,2,0,2,3,2,2,0,0,0,0,0,0,0,0,0,0
2506,2,31,10,7,18,8,11,0,0,0,0,0,0,0,0,0,0,1,1,1,1,1,2,1,2,1,2,0,0,0,0,0,0,0,0,0,0
2506,2,32,15,10,7,16,7,0,0,0,0,0,0,0,0,0,0,1,1,0,0,0,2,1,0,2,1,0,0,0,0,0,0,0,0,0,0
2506,2,33,21,15,11,8,15,0,0,0,0,0,0,0,0,0,0,1,1,1,1,1,2,1,0,0,2,0,0,0,0,0,0,0,0,0,0
2506,2,34,18,20,14,12,8,0,0,0,0,0,0,0,0,0,0,1,1,1,1,0,1,2,2,0,0,0,0,0,0,0,0,0,0,0,0
2506,2,35,15,19,21,15,13,0,0,0,0,0,0,0,0,0,0,1,1,0,0,0,0,1,0,0,0,1,1,1,1,1,0,0,0,0,0
2506,2,36,12,16,18,21,16,0,0,0,0,0,0,0,0,0,0,0,1,1,1,1,0,0,1,1,0,0,0,0,0,0,0,0,1,0,0
2506,2,37,14,12,16,17,21,0,0,0,0,0,0,0,0,0,0,1,1,1,0,1,1,1,1,1,1,0,0,0,0,0,0,0,0,0,0
2506,2,38,18,14,12,16,18,0,0,0,0,0,0,0,0,0,0,1,1,1,1,2,1,1,1,1,1,0,0,0,0,0,0,0,0,0,0
2506,2,39,10,18,14,12,16,0,0,0,0,0,0,0,0,0,0,1,1,1,1,1,1,1,1,1,1,0,0,0,0,0,0,0,0,0,0
2506,2,40,9,10,17,13,11,0,0,0,0,0,0,0,0,0,0,0,0,0,0,0,0,0,1,1,1,0,0,0,0,0,0,0,0,0,0
2506,2,41,9,10,10,16,13,0,0,0,0,0,0,0,0,0,0,1,1,1,1,1,1,0,1,2,1,0,0,0,0,0,0,0,0,0,0
2506,2,42,14,9,10,10,13,0,0,0,0,0,0,0,0,0,0,0,1,1,1,1,1,1,1,1,4,0,0,0,0,0,0,0,0,0,0
2506,2,43,15,14,10,10,11,0,0,0,0,0,0,0,0,0,0,1,0,1,0,1,1,1,1,1,1,1,1,1,1,1,0,0,0,0,0
2506,2,44,8,16,15,12,13,0,0,0,0,0,0,0,0,0,0,1,1,1,2,2,2,1,1,1,0,1,1,1,1,1,0,0,0,0,0
2506,2,45,13,9,17,16,13,0,0,0,0,0,0,0,0,0,0,1,1,1,1,1,0,0,0,0,0,0,0,0,0,0,0,0,0,0,0
2506,2,46,19,13,9,17,16,0,0,0,0,0,0,0,0,0,0,0,0,0,0,0,0,0,0,0,0,0,0,0,0,0,0,0,0,0,0
2506,2,47,15,20,14,9,18,0,0,0,0,0,0,0,0,0,0,0,1,1,0,1,0,0,0,0,0,0,0,0,0,0,0,0,0,0,0
2506,2,48,19,16,21,15,10,0,0,0,0,0,0,0,0,0,0,0,0,0,0,0,0,0,0,0,0,1,1,1,1,1,0,0,0,0,0
2506,2,49,15,19,16,21,15,0,0,0,0,0,0,0,0,0,0,0,0,0,0,0,0,0,0,0,0,0,0,0,0,0,0,0,0,0,0
2506,2,50,19,15,19,16,21,0,0,0,0,0,0,0,0,0,0,0,0,0,0,0,0,0,0,0,0,0,0,0,0,0,0,0,0,0,0
2506,2,51,15,19,15,19,16,0,0,0,0,0,0,0,0,0,0,0,0,0,0,0,0,0,0,0,0,0,0,0,0,0,0,0,0,0,0
2506,2,52,16,15,19,15,19,0,0,0,0,0,0,0,0,0,0,0,0,0,0,0,0,0,0,0,0,0,0,0,0,0,0,0,0,0,0
2506,2,53,26,16,15,19,15,0,0,0,0,0,0,0,0,0,0,0,0,0,0,0,1,0,0,0,0,0,0,0,0,0,0,0,0,0,0
2506,2,54,17,25,15,14,18,0,0,0,0,0,0,0,0,0,0,0,0,0,0,0,1,1,1,1,1,0,0,0,0,0,0,0,0,0,0
2506,2,55,21,17,25,15,13,0,0,0,0,0,0,0,0,0,0,1,1,1,1,0,1,1,1,1,1,0,0,0,0,0,0,0,0,0,0
2506,2,56,21,21,17,24,15,0,0,0,0,0,0,0,0,0,0,0,0,0,0,0,0,0,0,1,0,0,0,0,0,0,0,0,0,0,0
2506,2,57,19,21,21,17,24,0,0,0,0,0,0,0,0,0,0,0,0,0,0,0,0,0,0,0,0,0,0,0,0,0,0,0,0,0,0
2506,2,58,6,19,21,21,17,0,0,0,0,0,0,0,0,0,0,0,0,0,0,0,0,0,0,0,0,0,0,0,0,0,0,0,0,0,0
2506,2,59,17,6,19,21,21,0,0,0,0,0,0,0,0,0,0,0,0,0,0,0,0,0,0,0,0,0,0,0,0,0,0,0,0,0,0
2506,2,60,17,17,6,19,20,0,0,0,0,0,0,0,0,0,0,0,0,0,0,0,0,0,0,0,1,0,0,0,0,0,0,0,0,0,0
2506,2,61,26,17,17,6,19,0,0,0,0,0,0,0,0,0,0,0,0,0,0,0,1,0,0,0,0,0,0,0,0,0,0,0,0,0,0
2506,2,62,22,23,17,17,6,0,0,0,0,0,0,0,0,0,0,0,0,0,0,0,2,3,0,0,0,0,0,0,0,0,0,0,0,0,0
2506,2,63,10,23,23,17,17,0,0,0,0,0,0,0,0,0,0,0,1,0,0,0,0,0,0,0,0,0,0,0,0,0,0,0,0,0,0
2506,2,64,32,10,23,23,17,0,0,0,0,0,0,0,0,0,0,0,0,0,0,0,0,0,0,0,0,0,0,0,0,0,0,0,0,0,0
2506,2,65,21,31,10,22,23,0,0,0,0,0,0,0,0,0,0,0,0,0,0,0,0,1,0,1,0,0,0,0,0,0,0,0,0,0,0
2506,2,66,18,20,30,10,21,0,0,0,0,0,0,0,0,0,0,0,0,0,0,0,1,1,1,0,1,0,0,0,0,0,0,0,0,0,0
2506,2,67,15,17,19,28,10,0,0,0,0,0,0,0,0,0,0,0,0,0,0,0,1,1,1,1,0,0,0,0,0,0,0,0,0,1,0
2506,2,68,20,16,17,19,28,0,0,0,0,0,0,0,0,0,0,1,1,1,1,1,1,0,1,1,1,0,0,0,0,0,0,0,0,0,0
2506,2,69,18,20,16,17,19,0,0,0,0,0,0,0,0,0,0,0,0,0,0,0,0,0,0,0,0,0,0,0,0,0,0,0,0,0,0
2506,2,70,15,18,20,16,17,0,0,0,0,0,0,0,0,0,0,0,0,0,0,0,0,0,0,0,0,0,0,0,0,0,0,0,0,0,0
2506,2,71,8,15,18,20,16,0,0,0,0,0,0,0,0,0,0,0,0,0,0,0,0,0,0,0,0,0,0,0,0,0,0,0,0,0,0
2506,2,72,20,8,15,18,20,0,0,0,0,0,0,0,0,0,0,0,0,0,0,0,0,0,0,0,0,0,0,0,0,0,0,0,0,0,0
2506,2,73,25,21,8,15,18,0,0,0,0,0,0,0,0,0,0,1,1,0,0,0,0,0,0,0,0,0,0,0,0,0,0,0,0,0,0
2506,2,74,20,25,21,8,15,0,0,0,0,0,0,0,0,0,0,0,0,0,0,0,0,0,0,0,0,0,0,0,0,0,0,0,0,0,0
2506,2,75,16,19,23,20,8,0,0,0,0,0,0,1,1,0,0,0,0,0,0,0,0,0,1,1,0,0,0,0,0,0,0,0,0,0,0
2506,2,76,16,15,17,21,18,0,0,0,0,0,1,0,1,1,1,0,0,0,0,0,1,1,1,1,1,0,0,0,0,0,0,0,0,0,0
2506,2,77,19,14,14,15,20,0,0,0,0,0,1,1,0,1,0,0,0,0,0,0,1,1,1,1,1,0,0,0,0,0,0,0,0,0,0
2506,2,78,8,17,13,12,12,0,0,0,0,0,0,1,0,0,1,0,0,0,0,0,0,1,1,2,2,0,0,0,0,0,0,0,0,0,0
2506,2,79,11,8,16,13,12,0,0,0,0,0,1,0,1,0,0,0,0,0,0,0,0,0,0,0,0,0,0,0,0,0,0,0,0,0,0
2510,1,0,24,24,24,23,24,24,24,24,23,24,0,0,0,0,0,1,1,1,1,1,1,1,1,1,1,0,0,0,0,0,0,0,0,0,0
2510,1,1,27,23,23,23,22,0,0,0,0,0,0,0,0,0,0,2,2,2,2,2,3,3,3,3,3,0,0,0,0,0,0,0,0,0,0
2510,1,2,19,23,21,20,20,0,0,0,0,0,0,0,0,0,0,0,0,0,0,0,3,4,2,3,3,0,0,0,0,0,0,0,0,0,0
2510,1,3,24,17,21,19,18,0,0,0,0,0,0,0,0,0,0,2,1,1,1,1,3,2,2,2,2,0,0,0,0,0,1,1,1,1,1
2510,1,4,19,23,16,20,18,0,0,0,0,0,0,0,0,0,0,1,1,1,1,1,2,2,2,2,2,1,1,1,1,1,1,1,1,1,1
2510,1,5,9,18,21,15,19,0,0,0,0,0,0,0,0,0,0,0,0,0,0,0,1,2,2,2,2,1,1,1,1,1,0,0,1,0,0
2510,1,6,20,10,17,20,14,0,0,0,0,0,0,0,0,0,0,0,0,0,0,0,2,0,2,2,2,1,1,1,1,1,0,0,0,0,0
2510,1,7,28,19,10,16,19,0,0,0,0,0,0,0,0,0,0,0,0,0,0,0,2,2,1,2,2,1,1,1,1,1,1,0,0,0,0
2510,1,8,10,26,18,9,15,0,0,0,0,0,0,0,0,0,0,0,0,0,0,0,3,2,2,2,2,1,1,1,1,1,0,1,0,0,0
2510,1,9,26,11,26,18,10,0,0,0,0,0,0,0,0,0,0,0,1,1,1,1,2,1,2,2,0,1,1,1,1,0,0,0,0,0,0
2510,1,10,20,24,11,24,16,0,0,0,0,0,0,0,0,0,0,0,0,0,0,0,2,2,0,2,2,0,0,0,0,0,0,0,0,0,0
2510,1,11,20,18,22,11,22,0,0,0,0,0,0,0,0,0,0,0,0,0,0,0,2,2,2,0,2,0,0,0,0,0,0,0,0,0,0
2510,1,12,24,19,17,21,11,0,0,0,0,0,0,0,0,0,0,0,0,0,0,0,2,2,2,2,1,1,1,1,1,1,0,0,0,0,0
2510,1,13,19,23,18,16,20,0,0,0,0,0,0,0,0,0,0,0,0,0,0,0,2,2,2,2,2,1,1,1,1,1,0,0,0,0,0
2510,1,14,16,19,23,18,16,0,0,0,0,0,0,0,0,0,0,1,1,1,1,1,1,2,2,2,2,1,1,1,1,1,0,0,0,0,0
2510,1,15,22,16,18,22,17,0,0,0,0,0,0,0,0,0,0,0,0,0,0,0,2,1,2,2,2,1,1,1,1,1,0,0,0,0,0
2510,1,16,26,22,16,18,22,0,0,0,0,0,0,0,0,0,0,1,1,1,1,1,2,2,2,2,2,1,1,1,1,1,0,0,0,0,0
2510,1,17,21,25,20,13,16,0,0,0,0,0,0,0,0,0,0,0,0,0,0,0,2,2,2,3,2,1,1,0,0,0,0,0,0,0,0
2510,1,18,17,21,25,20,13,0,0,0,0,0,0,0,0,0,0,1,1,1,1,1,2,2,2,2,2,1,1,1,1,1,0,0,0,0,0
2510,1,19,22,17,21,25,20,0,0,0,0,0,0,0,0,0,0,2,2,2,2,2,3,3,3,3,3,1,1,1,1,1,0,0,0,0,0
2510,1,20,26,20,17,19,21,0,0,0,0,0,0,0,0,0,0,2,1,2,1,1,5,4,3,4,6,1,1,1,1,1,0,0,0,0,0
2510,1,21,41,25,21,17,19,0,0,0,0,0,0,0,0,0,0,4,3,4,3,3,9,5,4,4,4,3,1,1,1,1,0,0,0,0,0
2510,1,22,34,38,25,20,17,0,0,0,0,0,0,0,0,0,0,4,3,3,2,2,6,7,4,4,3,1,1,1,1,1,0,0,0,0,0
2510,1,23,24,34,36,26,22,0,0,0,0,0,0,0,0,0,0,4,4,4,4,4,4,5,7,4,3,1,1,1,1,1,0,0,0,0,0
2510,1,24,29,25,34,36,27,0,0,0,0,0,0,0,0,0,0,5,4,4,5,4,6,4,5,6,4,1,1,1,1,1,0,0,0,0,0
2510,1,25,30,29,25,34,36,0,0,0,0,0,0,0,0,0,0,4,4,3,4,4,5,5,4,5,5,1,1,1,1,1,0,0,0,0,0
2510,1,26,30,29,28,24,32,0,0,0,0,0,0,0,0,0,0,2,2,2,2,2,4,4,4,4,5,1,1,1,1,1,0,0,0,0,0
2510,1,27,31,28,28,27,23,0,0,0,0,0,0,0,0,0,0,2,2,2,2,2,5,5,4,4,4,1,1,1,1,1,0,0,0,0,0
2510,1,28,35,30,28,29,29,0,0,0,0,0,0,0,0,0,0,4,4,4,4,5,6,6,5,4,4,1,1,1,1,1,0,0,0,0,0
2510,1,29,33,34,29,28,28,0,0,0,0,0,0,0,0,0,0,4,4,4,4,4,6,6,6,5,6,1,1,1,1,1,0,0,0,0,0
2510,1,30,31,32,32,28,27,0,0,0,0,0,0,0,0,0,0,3,3,3,3,3,5,5,6,5,5,1,1,1,1,1,0,0,0,0,0
2510,1,31,29,30,31,31,27,0,0,0,0,0,0,0,0,0,0,5,3,3,3,3,5,5,5,5,5,1,1,1,1,1,0,0,0,0,0
2510,1,32,31,29,30,31,31,0,0,0,0,0,0,0,0,0,0,3,3,3,3,3,4,4,4,4,4,1,1,1,1,1,0,0,0,0,0
2510,1,33,31,31,29,31,32,0,0,0,0,0,0,0,0,0,0,1,2,2,3,3,3,3,3,3,3,1,1,1,1,1,0,0,0,0,0
2510,1,34,29,30,31,28,31,0,0,0,0,0,0,0,0,0,0,2,2,2,2,3,2,3,2,2,2,0,0,0,0,0,0,0,0,1,1
2510,1,35,21,27,28,28,27,0,0,0,0,0,0,0,0,0,0,1,1,1,0,1,1,3,3,3,2,1,0,0,0,0,0,0,0,0,0
2510,1,36,18,22,27,28,27,0,0,0,0,0,0,0,0,0,0,2,2,2,2,2,1,1,2,2,3,0,0,0,0,0,0,0,0,0,0
2510,1,37,35,18,22,26,27,0,0,0,0,0,0,0,0,0,0,2,2,2,2,2,3,2,2,3,3,1,0,0,0,0,0,0,0,0,0
2510,1,38,30,34,18,22,26,0,0,0,0,0,0,0,0,0,0,1,1,1,1,1,3,3,2,2,2,1,1,1,1,1,0,0,0,0,0
2510,1,39,20,30,31,18,21,0,0,0,0,0,0,0,0,0,0,1,2,2,2,1,2,3,4,2,2,1,1,0,0,0,0,0,1,0,0
2510,1,40,23,19,27,28,18,0,0,0,0,0,0,0,0,0,0,1,1,1,1,2,2,2,4,5,2,1,0,0,1,0,0,0,0,0,0
2510,1,41,28,22,18,26,26,0,0,0,0,0,0,0,0,0,0,1,1,1,1,1,3,2,2,2,3,0,0,0,0,0,0,0,0,0,0
2510,1,42,18,25,20,16,23,0,0,0,0,0,0,0,0,0,0,0,0,0,0,0,2,3,2,2,3,0,0,0,0,0,0,0,0,0,0
2510,1,43,20,16,22,18,14,0,0,0,0,0,0,0,0,0,0,0,0,0,0,0,3,2,3,2,2,0,0,0,0,0,0,0,0,0,0
2510,1,44,19,19,14,21,17,0,0,0,0,0,0,0,0,0,0,1,1,1,1,1,2,2,3,2,2,0,0,0,0,0,0,0,0,0,0
2510,1,45,16,17,17,13,19,0,0,0,0,0,0,0,0,0,0,0,0,0,0,0,2,2,2,1,2,0,0,0,0,0,0,0,0,0,0
2510,1,46,15,17,18,18,15,0,0,0,0,0,0,0,0,0,0,2,2,2,2,2,0,1,1,1,0,0,0,0,0,0,0,0,0,0,0
2510,1,47,22,17,19,19,19,0,0,0,0,0,0,0,0,0,0,2,2,2,2,2,2,0,0,1,1,0,0,0,0,0,0,0,0,0,0
2510,1,48,29,23,19,21,20,0,0,0,0,0,0,0,0,0,0,2,2,2,2,1,2,1,0,0,0,0,0,0,0,0,0,0,0,0,0
2510,1,49,23,28,23,19,21,0,0,0,0,0,0,0,0,0,0,0,0,0,0,0,1,1,0,0,0,0,0,0,0,0,0,0,0,0,0
2510,1,50,38,23,28,23,19,0,0,0,0,0,0,0,0,0,0,0,0,0,0,0,3,0,0,0,0,0,0,0,0,0,0,0,0,0,0
2510,1,51,29,38,23,28,23,0,0,0,0,0,0,0,0,0,0,0,1,0,0,0,0,1,0,0,0,0,0,0,0,0,0,0,0,0,0
2510,1,52,36,31,39,25,30,0,0,0,0,0,0,0,0,0,0,2,2,2,2,2,0,0,1,0,0,0,0,0,0,0,0,0,0,0,0
2510,1,53,45,35,32,38,26,0,0,0,0,0,0,0,0,0,0,2,2,2,2,2,2,3,1,3,1,0,0,0,0,0,0,0,0,0,0
2510,1,54,47,43,33,31,36,0,0,0,0,0,0,0,0,0,0,0,0,0,0,0,2,2,2,1,2,0,0,0,0,0,0,0,0,0,0
2510,1,55,32,45,41,32,30,0,0,0,0,0,0,0,0,0,0,0,0,0,0,0,1,2,2,1,1,0,0,0,0,0,0,0,0,0,0
2510,1,56,30,33,45,41,32,0,0,0,0,0,0,0,0,0,0,1,1,0,0,0,0,0,0,0,0,0,0,0,0,0,0,0,0,0,0
2510,1,57,32,31,34,46,41,0,0,0,0,0,0,0,0,0,0,1,1,1,1,0,0,0,0,0,0,0,0,0,0,0,0,0,0,0,0
2510,1,58,40,33,32,35,47,0,0,0,0,0,0,0,0,0,0,1,1,1,1,1,0,0,0,0,0,0,0,0,0,0,0,0,0,0,0
2510,1,59,37,40,33,32,35,0,0,0,0,0,0,0,0,0,0,0,0,0,0,0,0,0,0,0,0,0,0,0,0,0,0,0,0,0,0
2510,1,60,34,37,40,33,32,0,0,0,0,0,0,0,0,0,0,0,0,0,0,0,0,0,0,0,0,0,0,0,0,0,0,0,0,0,0
2510,1,61,40,34,37,40,33,0,0,0,0,0,0,0,0,0,0,1,1,1,1,1,1,1,1,1,1,0,0,0,0,0,0,0,0,0,0
2510,1,62,38,41,35,38,41,0,0,0,0,0,0,0,0,0,0,1,1,1,1,1,0,0,0,0,0,0,0,0,0,0,0,0,0,0,0
2510,1,63,33,38,41,35,38,0,0,0,0,0,0,0,0,0,0,0,0,0,0,0,0,0,0,0,0,0,0,0,0,0,0,0,0,0,0
2510,1,64,52,33,38,41,35,0,0,0,0,0,2,0,0,0,0,0,0,0,0,0,1,0,0,0,0,0,0,0,0,0,0,0,0,0,0
2510,1,65,37,51,33,38,41,0,0,0,0,0,0,1,0,0,0,0,0,0,0,0,0,0,0,0,0,0,0,0,0,0,0,0,0,0,0
2510,1,66,39,37,50,33,38,0,0,0,0,0,1,0,1,0,0,0,0,0,0,0,0,0,0,0,0,0,0,0,0,0,0,0,0,0,0
2510,1,67,34,39,37,49,33,0,0,0,0,0,0,0,0,1,0,0,0,0,0,0,0,0,0,0,0,0,0,0,0,0,0,0,0,0,0
2510,1,68,52,34,39,38,49,0,0,0,0,0,1,1,1,0,1,1,1,1,1,1,0,0,0,0,0,0,0,0,0,0,0,0,0,0,0
2510,1,69,36,51,34,38,38,0,0,0,0,0,1,1,0,1,0,0,0,0,0,0,0,0,0,0,0,0,0,0,0,0,0,0,0,0,0
2510,1,70,46,35,50,34,37,0,0,0,0,0,1,1,1,0,1,0,0,0,0,0,0,0,0,0,0,0,0,0,0,0,0,0,0,0,0
2510,1,71,41,44,33,48,34,0,0,0,0,0,1,1,1,1,0,0,0,0,0,0,1,1,1,1,0,0,0,0,0,0,0,0,0,0,0
2510,1,72,47,40,43,33,48,0,0,0,0,0,1,1,1,1,1,1,1,1,2,2,1,1,1,1,1,0,0,0,0,0,0,0,0,0,0
2510,1,73,35,45,38,41,33,0,0,0,0,0,1,1,1,1,1,1,0,0,0,1,0,1,1,1,0,0,0,0,0,0,0,0,0,0,0
2510,1,74,37,34,44,37,40,0,0,0,0,0,1,1,1,1,1,0,0,0,0,0,0,0,0,0,0,0,0,0,0,0,0,0,0,0,0
2510,1,75,34,37,34,44,37,0,0,0,0,0,1,1,1,1,1,1,1,1,1,1,0,0,0,0,0,0,0,0,0,0,0,0,0,0,0
2510,1,76,34,33,36,33,43,0,0,0,0,0,1,1,1,1,1,0,0,0,0,0,0,0,0,0,0,0,0,0,0,0,0,0,0,0,0
2510,1,77,30,33,32,35,32,0,0,0,0,0,1,1,1,1,1,0,0,0,0,0,0,0,0,0,0,0,0,0,0,0,0,0,0,0,0
2510,1,78,31,29,32,31,34,0,0,0,0,0,1,1,1,1,1,0,0,0,0,0,0,0,0,0,0,0,0,0,0,0,0,0,0,0,0
2510,1,79,23,30,28,31,30,0,0,0,0,0,1,1,1,1,1,0,0,0,0,0,0,0,0,0,0,0,0,0,0,0,0,0,0,0,0
2510,2,0,24,23,23,23,23,23,22,22,22,22,0,0,0,0,0,1,1,1,1,1,0,0,0,0,0,0,0,0,0,0,0,0,0,0,0
2510,2,1,22,25,24,24,24,0,0,0,0,0,0,0,0,0,0,3,2,2,2,2,2,2,2,2,2,1,1,1,1,1,0,0,0,0,0
2510,2,2,25,22,25,24,24,0,0,0,0,0,0,0,0,0,0,1,1,1,1,1,3,2,2,2,2,1,1,1,1,1,0,0,0,0,0
2510,2,3,16,24,21,23,24,0,0,0,0,0,0,0,0,0,0,1,1,0,0,1,2,3,2,3,2,1,1,1,1,1,0,0,0,0,0
2510,2,4,22,15,23,20,22,0,0,0,0,0,0,0,0,0,0,0,1,1,1,1,2,3,2,2,2,1,1,0,0,0,0,0,0,0,0
2510,2,5,24,21,13,22,19,0,0,0,0,0,0,0,0,0,0,0,0,0,0,0,2,2,3,2,2,1,1,1,1,1,0,0,0,0,0
2510,2,6,34,23,20,13,21,0,0,0,0,0,0,0,0,0,0,0,0,0,0,0,3,2,2,1,2,1,1,1,1,1,0,0,0,0,0
2510,2,7,17,34,23,20,14,0,0,0,0,0,0,0,0,0,0,1,1,1,1,1,2,2,2,2,1,1,1,1,1,1,0,0,0,0,0
2510,2,8,26,17,34,23,20,0,0,0,0,0,0,0,0,0,0,1,1,1,1,1,2,2,2,2,2,1,1,1,1,1,0,0,0,0,0
2510,2,9,21,24,17,32,22,0,0,0,0,0,0,0,0,0,0,0,0,0,0,0,2,2,1,2,2,1,1,1,1,1,0,1,0,1,0
2510,2,10,21,21,23,17,31,0,0,0,0,0,0,0,0,0,0,0,0,0,0,0,1,1,2,1,2,1,1,1,1,1,0,0,0,0,0
2510,2,11,21,21,21,23,17,0,0,0,0,0,0,0,0,0,0,0,0,0,0,0,1,1,1,1,1,1,1,1,1,1,0,0,0,0,0
2510,2,12,17,20,21,21,22,0,0,0,0,0,0,0,0,0,0,0,0,0,0,0,1,2,1,1,2,1,1,1,1,1,0,0,0,0,0
2510,2,13,21,15,18,19,19,0,0,0,0,0,0,0,0,0,0,0,0,0,0,0,2,2,2,2,2,0,0,0,0,0,0,0,0,0,0
2510,2,14,19,20,14,17,18,0,0,0,0,0,0,0,0,0,0,1,1,1,1,1,2,2,2,2,2,0,0,0,0,0,0,0,0,0,0
2510,2,15,18,17,19,14,16,0,0,0,0,0,0,0,0,0,0,1,1,1,1,1,2,3,2,1,2,0,0,0,0,0,0,0,0,0,0
2510,2,16,22,16,15,18,14,0,0,0,0,0,0,0,0,0,0,1,1,1,1,1,2,3,3,2,1,0,0,0,0,0,0,0,0,0,0
2510,2,17,22,21,14,15,17,0,0,0,0,0,0,0,0,0,0,1,1,0,1,1,2,2,2,1,2,0,0,0,0,0,0,0,0,0,0
2510,2,18,22,20,19,12,13,0,0,0,0,0,0,0,0,0,0,0,0,0,0,0,2,2,2,2,2,0,0,0,0,0,0,0,0,0,0
2510,2,19,17,20,19,19,12,0,0,0,0,0,0,0,0,0,0,3,2,3,4,2,3,4,4,4,2,0,0,0,0,0,0,0,0,0,0
2510,2,20,17,15,17,16,16,0,0,0,0,0,0,0,0,0,0,2,2,2,2,2,5,4,5,5,5,0,0,0,0,0,0,0,0,0,0
2510,2,21,16,17,16,17,17,0,0,0,0,0,0,0,0,0,0,3,4,4,4,4,5,5,4,5,4,1,1,1,1,1,0,0,0,0,0
2510,2,22,18,17,17,17,16,0,0,0,0,0,0,0,0,0,0,4,4,4,4,3,5,4,5,4,5,1,1,1,1,1,0,0,0,0,0
2510,2,23,18,18,17,17,17,0,0,0,0,0,0,0,0,0,0,3,3,3,3,3,4,4,4,4,4,1,1,1,1,1,0,0,0,0,0
2510,2,24,16,18,18,17,17,0,0,0,0,0,0,0,0,0,0,4,3,3,3,3,2,3,3,3,3,1,1,1,1,1,0,1,1,1,1
2510,2,25,23,17,19,18,18,0,0,0,0,0,0,0,0,0,0,5,4,5,4,4,4,3,4,4,3,1,1,1,1,1,1,1,1,1,1
2510,2,26,26,23,18,19,19,0,0,0,0,0,0,0,0,0,0,3,3,3,3,3,5,4,3,4,3,1,1,1,1,1,0,0,0,0,0
2510,2,27,27,24,22,17,18,0,0,0,0,0,0,0,0,0,0,2,2,2,2,2,5,5,4,4,4,1,1,1,1,1,0,0,0,0,0
2510,2,28,24,28,25,23,19,0,0,0,0,0,0,0,0,0,0,4,4,4,4,3,4,4,4,4,2,1,1,1,1,1,0,0,0,0,0
2510,2,29,26,25,28,26,24,0,0,0,0,0,0,0,0,0,0,3,3,3,3,3,5,3,4,3,3,1,1,1,1,1,0,0,0,0,0
2510,2,30,31,27,26,29,27,0,0,0,0,0,0,0,0,0,0,3,3,3,3,3,3,3,3,3,3,1,1,1,1,1,0,0,0,0,0
2510,2,31,31,32,27,26,28,0,0,0,0,0,0,0,0,0,0,2,3,3,3,2,3,3,3,3,3,1,1,0,0,0,0,0,0,0,0
2510,2,32,34,33,33,29,27,0,0,0,0,0,0,0,0,0,0,5,4,5,5,4,4,3,4,3,3,1,1,0,0,0,0,0,0,0,0
2510,2,33,32,34,33,34,29,0,0,0,0,0,0,0,0,0,0,1,3,3,4,3,3,3,3,3,3,0,0,0,0,0,0,0,0,0,0
2510,2,34,25,31,33,32,33,0,0,0,0,0,0,0,0,0,0,2,2,2,2,2,2,3,3,3,3,0,0,0,0,0,0,0,0,0,0
2510,2,35,16,25,30,32,31,0,0,0,0,0,0,0,0,0,0,2,2,3,3,3,2,2,4,4,4,1,0,0,0,0,0,0,0,0,0
2510,2,36,21,16,25,30,31,0,0,0,0,0,0,0,0,0,0,0,1,1,1,1,2,2,2,2,3,1,1,1,1,1,0,0,0,0,0
2510,2,37,22,19,15,24,30,0,0,0,0,0,0,0,0,0,0,0,0,0,1,2,2,2,1,2,2,0,0,0,0,0,0,0,0,0,0
2510,2,38,13,20,18,14,22,0,0,0,0,0,0,0,0,0,0,0,0,0,0,0,0,2,1,1,2,0,0,0,0,0,0,0,0,0,0
2510,2,39,21,12,19,17,14,0,0,0,0,0,0,0,0,0,0,0,0,0,0,0,1,1,1,1,0,0,0,0,0,0,0,0,0,0,0
2510,2,40,22,22,14,19,19,0,0,0,0,0,0,0,0,0,0,1,3,2,1,3,2,2,0,1,1,0,0,0,0,0,0,0,0,0,0
2510,2,41,26,22,21,14,18,0,0,0,0,0,0,0,0,0,0,1,2,1,1,1,2,2,2,1,2,0,0,0,0,0,0,0,0,0,0
2510,2,42,19,25,22,20,15,0,0,0,0,0,0,0,0,0,0,1,1,2,1,2,2,2,2,2,1,0,0,0,0,0,0,0,0,0,0
2510,2,43,25,18,24,21,19,0,0,0,0,0,0,0,0,0,0,1,1,1,1,1,2,2,2,2,2,0,0,0,0,0,0,0,0,0,0
2510,2,44,29,25,18,24,21,0,0,0,0,0,0,0,0,0,0,2,2,2,2,2,2,2,2,2,2,0,0,0,0,0,0,0,0,0,0
2510,2,45,18,28,24,17,23,0,0,0,0,0,0,0,0,0,0,1,1,1,1,1,2,2,2,2,2,0,0,0,0,0,0,0,0,0,0
2510,2,46,20,19,28,24,18,0,0,0,0,0,0,0,0,0,0,2,2,2,2,2,2,1,2,2,1,0,0,0,0,0,0,0,0,0,0
2510,2,47,28,19,18,26,23,0,0,0,0,0,0,0,0,0,0,0,0,0,0,0,3,1,1,2,1,0,0,0,0,0,0,0,0,0,0
2510,2,48,28,28,19,17,25,0,0,0,0,0,0,0,0,0,0,1,1,1,0,0,1,1,1,1,1,0,0,0,0,0,0,0,0,0,0
2510,2,49,28,29,29,20,17,0,0,0,0,0,0,0,0,0,0,2,2,2,2,1,1,1,1,1,1,0,0,0,0,0,0,0,0,0,0
2510,2,50,30,28,29,29,21,0,0,0,0,0,0,0,0,0,0,0,1,1,1,1,1,1,1,1,0,0,0,0,0,0,0,0,0,0,0
2510,2,51,25,29,28,28,29,0,0,0,0,0,0,0,0,0,0,0,0,0,0,0,0,1,0,1,0,0,0,0,0,0,0,0,0,0,0
2510,2,52,29,27,32,30,30,0,0,0,0,0,0,0,0,0,0,3,2,3,2,2,0,0,0,0,0,0,0,0,0,0,0,0,0,0,0
2510,2,53,48,31,29,34,32,0,0,0,0,0,0,0,0,0,0,2,2,2,2,2,0,0,0,0,0,0,0,0,0,0,1,0,0,0,0
2510,2,54,43,48,31,30,34,0,0,0,0,0,0,0,0,0,0,0,0,0,1,0,0,0,0,0,0,0,0,0,0,0,0,0,0,0,0
2510,2,55,34,44,49,32,31,0,0,0,0,0,0,0,0,0,0,1,1,1,1,1,0,0,0,0,0,0,0,0,0,0,0,0,0,0,0
2510,2,56,34,35,45,50,33,0,0,0,0,0,0,0,0,0,0,1,1,1,1,1,0,0,0,0,0,0,0,0,0,0,0,0,0,0,0
2510,2,57,38,35,36,46,51,0,0,0,0,0,0,0,0,0,0,1,1,1,1,1,0,0,0,0,0,0,0,0,0,0,0,0,0,0,0
2510,2,58,31,39,36,37,44,0,0,0,0,0,0,0,0,0,0,1,1,1,1,1,0,0,0,0,3,0,0,0,0,0,0,0,0,0,0
2510,2,59,39,30,38,36,36,0,0,0,0,0,0,0,0,0,0,0,0,1,1,0,3,1,2,1,1,0,0,0,0,0,0,0,0,0,0
2510,2,60,42,37,29,37,34,0,0,0,0,0,0,0,0,0,0,0,0,0,0,0,2,2,1,1,2,0,0,0,0,0,0,0,0,0,0
2510,2,61,32,40,36,29,36,0,0,0,0,0,0,0,0,0,0,0,0,0,0,0,1,2,1,0,1,0,0,0,0,0,0,0,0,0,0
2510,2,62,32,33,40,36,30,0,0,0,0,0,0,0,0,0,0,1,1,1,1,1,0,0,1,1,0,0,0,0,0,0,0,0,0,0,0
2510,2,63,30,32,33,40,36,0,0,0,0,0,0,0,0,0,0,0,0,0,0,0,0,0,0,0,0,0,0,0,0,0,0,0,0,0,0
2510,2,64,54,31,33,34,40,0,0,0,0,0,0,0,0,0,0,1,1,1,1,1,1,0,0,0,0,0,0,0,0,0,1,0,0,0,1
2510,2,65,33,54,32,34,35,0,0,0,0,0,0,0,0,0,0,1,1,1,1,1,0,1,0,0,0,0,0,0,0,0,0,0,0,0,0
2510,2,66,28,33,52,32,34,0,0,0,0,0,0,0,1,0,0,0,0,0,0,0,0,0,1,0,0,0,0,0,0,0,0,0,0,0,0
2510,2,67,33,28,33,51,32,0,0,0,0,0,0,0,0,1,0,0,0,0,0,0,0,0,0,0,0,0,0,0,0,0,0,0,0,0,0
2510,2,68,31,33,28,33,51,0,0,0,0,0,0,0,0,0,0,0,0,0,0,0,0,0,0,0,0,0,0,0,0,0,0,0,0,0,0
2510,2,69,34,31,33,28,33,0,0,0,0,0,0,0,0,0,0,0,0,0,0,0,0,0,0,0,0,0,0,0,0,0,0,0,0,0,0
2510,2,70,32,34,31,33,28,0,0,0,0,0,0,0,0,0,0,0,0,0,0,0,0,0,0,0,0,0,0,0,0,0,0,0,0,0,0
2510,2,71,49,32,33,30,33,0,0,0,0,0,1,0,1,1,0,0,0,0,0,0,1,0,0,0,0,0,0,0,0,0,0,0,0,0,0
2510,2,72,37,49,33,34,31,0,0,0,0,0,1,1,1,0,0,2,2,2,1,1,1,1,0,0,0,0,0,0,0,0,0,0,0,0,0
2510,2,73,44,36,46,31,31,0,0,0,0,0,1,1,1,0,1,2,2,0,0,0,2,2,2,2,2,0,0,0,0,0,0,0,0,0,0
2510,2,74,30,41,33,43,27,0,0,0,0,0,1,1,1,1,1,0,0,0,0,0,2,2,2,2,3,0,0,0,0,0,0,0,0,0,0
2510,2,75,20,29,39,32,41,0,0,0,0,0,0,1,1,1,1,1,1,1,1,1,0,1,2,1,2,0,0,0,0,0,0,0,0,0,0
2510,2,76,21,19,28,38,31,0,0,0,0,0,2,1,1,1,1,0,0,0,0,0,0,0,0,0,0,0,0,0,0,0,0,0,0,0,0
2510,2,77,30,21,19,27,37,0,0,0,0,0,1,1,0,1,1,0,1,0,0,0,0,0,0,0,0,0,0,0,0,0,0,0,0,0,0
2510,2,78,29,29,20,18,26,0,0,0,0,0,1,1,1,1,1,0,0,0,0,0,0,0,0,0,0,0,0,0,0,0,0,0,0,0,0
2510,2,79,21,29,28,20,17,0,0,0,0,0,1,1,1,1,1,0,1,0,1,0,0,0,0,0,0,0,0,0,0,0,0,0,0,0,0
2513,1,0,13,13,13,12,12,13,13,13,12,12,0,0,0,0,0,1,1,1,1,1,1,1,1,1,1,0,0,0,0,0,0,0,0,0,0
2513,1,1,12,14,14,14,13,0,0,0,0,0,0,0,0,0,0,2,2,2,2,2,1,2,2,2,1,0,1,1,1,0,0,0,0,0,0
2513,1,2,14,12,14,14,14,0,0,0,0,0,0,0,0,0,0,1,1,1,1,1,2,1,1,1,1,0,0,0,0,0,0,0,0,0,0
2513,1,3,11,14,12,14,13,0,0,0,0,0,0,0,0,0,0,0,0,0,0,0,0,0,0,0,1,0,0,0,0,0,0,0,0,0,0
2513,1,4,12,12,13,12,14,0,0,0,0,0,0,0,0,0,0,0,0,0,0,0,2,0,1,0,1,0,1,0,0,1,0,0,0,0,0
2513,1,5,16,12,13,13,12,0,0,0,0,0,0,0,0,0,0,0,1,1,0,0,1,1,1,1,1,0,0,1,1,1,0,0,0,0,0
2513,1,6,14,15,12,13,13,0,0,0,0,0,0,0,0,0,0,0,0,0,0,0,1,1,1,1,1,0,0,1,1,1,0,0,0,0,0
2513,1,7,15,14,15,12,13,0,0,0,0,0,0,0,0,0,0,0,0,0,0,0,1,1,1,1,1,1,1,1,1,1,0,0,0,0,0
2513,1,8,11,15,14,15,12,0,0,0,0,0,0,0,0,0,0,1,1,1,1,1,0,2,2,2,2,1,1,1,1,1,0,0,0,0,0
2513,1,9,14,11,13,13,14,0,0,0,0,0,0,0,0,0,0,0,0,0,0,1,2,0,2,1,2,0,0,0,0,0,0,0,0,0,0
2513,1,10,11,13,11,13,13,0,0,0,0,0,0,0,0,0,0,0,0,0,1,1,1,1,0,1,1,0,0,0,0,0,0,0,0,0,0
2513,1,11,12,10,12,11,14,0,0,0,0,0,0,0,0,0,0,0,0,0,0,0,0,1,1,0,0,0,0,0,0,1,0,0,0,0,0
2513,1,12,18,11,10,12,11,0,0,0,0,0,0,0,0,0,0,0,0,0,0,0,2,1,1,1,1,0,0,1,1,1,0,0,0,0,0
2513,1,13,12,17,11,10,12,0,0,0,0,0,0,0,0,0,0,0,0,0,0,0,1,2,1,1,1,1,1,1,1,1,0,0,0,0,0
2513,1,14,15,13,16,11,10,0,0,0,0,0,0,0,0,0,0,0,1,0,0,0,1,1,2,1,1,1,1,1,1,1,0,0,0,0,0
2513,1,15,14,14,12,14,11,0,0,0,0,0,0,0,0,0,0,0,0,0,0,0,2,2,1,2,1,1,1,0,0,1,0,0,0,0,0
2513,1,16,10,14,14,11,14,0,0,0,0,0,0,0,0,0,0,0,0,0,0,1,1,1,1,1,1,1,1,1,0,0,0,0,0,0,0
2513,1,17,17,11,14,15,12,0,0,0,0,0,0,0,0,0,0,1,1,1,1,1,2,1,2,1,1,1,1,1,1,1,0,0,0,0,0
2513,1,18,23,17,10,13,15,0,0,0,0,0,0,0,0,0,0,1,1,1,1,1,3,2,2,2,2,1,1,0,0,1,0,0,0,0,0
2513,1,19,18,21,18,11,13,0,0,0,0,0,0,0,0,0,0,2,2,2,2,2,4,4,2,2,2,1,0,1,1,0,0,0,0,0,0
2513,1,20,20,17,20,17,12,0,0,0,0,0,0,0,0,0,0,2,2,2,2,2,5,4,4,4,2,1,1,1,1,1,0,0,0,0,0
2513,1,21,21,18,18,19,18,0,0,0,0,0,0,0,0,0,0,4,3,3,3,3,5,6,3,5,3,1,1,1,1,1,0,0,0,0,0
2513,1,22,22,19,18,19,20,0,0,0,0,0,0,0,0,0,0,3,3,3,3,3,5,5,3,3,3,1,0,0,1,1,0,0,0,0,0
2513,1,23,15,20,17,16,18,0,0,0,0,0,0,0,0,0,0,1,1,1,0,2,2,3,3,2,3,0,0,0,0,0,0,0,0,0,0
2513,1,24,22,15,19,16,16,0,0,0,0,0,0,0,0,0,0,1,2,1,1,2,2,2,2,2,2,0,0,0,0,0,0,0,0,0,0
2513,1,25,10,23,17,20,17,0,0,0,0,0,0,0,0,0,0,2,3,3,3,2,1,2,2,2,2,0,0,1,0,1,0,0,0,0,0
2513,1,26,21,11,24,19,21,0,0,0,0,0,0,0,0,0,0,2,2,2,2,2,2,1,2,1,2,1,0,1,1,1,0,0,0,0,0
2513,1,27,20,22,12,25,20,0,0,0,0,0,0,0,0,0,0,2,2,2,2,2,2,2,2,2,2,1,1,1,1,1,0,0,0,0,0
2513,1,28,17,20,23,13,26,0,0,0,0,0,0,0,0,0,0,2,2,2,2,2,2,2,2,2,2,0,0,1,1,1,0,0,0,0,0
2513,1,29,23,19,20,23,12,0,0,0,0,0,0,0,0,0,0,2,3,2,1,1,2,2,2,2,2,0,1,0,1,0,0,0,0,0,0
2513,1,30,23,24,21,19,24,0,0,0,0,0,0,0,0,0,0,2,2,3,1,3,3,2,2,2,2,0,1,1,0,0,0,0,0,0,0
2513,1,31,22,24,24,20,20,0,0,0,0,0,0,0,0,0,0,2,2,2,1,3,2,2,2,2,2,0,1,0,0,0,0,0,0,0,0
2513,1,32,21,22,23,24,20,0,0,0,0,0,0,0,0,0,0,0,1,1,1,1,2,2,2,2,2,1,1,0,1,1,0,0,0,0,0
2513,1,33,16,21,23,23,23,0,0,0,0,0,0,0,0,0,0,2,2,3,2,2,2,2,2,2,3,0,0,0,0,0,0,0,0,0,0
2513,1,34,20,17,20,22,22,0,0,0,0,0,0,0,0,0,0,2,3,2,2,2,3,2,3,3,3,0,0,0,0,0,0,0,0,0,0
2513,1,35,17,18,16,18,20,0,0,0,0,0,0,0,0,0,0,1,1,1,1,1,2,3,2,3,3,0,0,0,0,0,0,0,0,0,0
2513,1,36,17,16,18,16,18,0,0,0,0,0,0,0,0,0,0,2,1,2,2,2,2,2,2,2,2,0,0,0,0,0,0,0,0,0,0
2513,1,37,13,15,14,17,14,0,0,0,0,0,0,0,0,0,0,1,1,1,1,1,3,3,3,2,3,0,0,0,0,0,0,0,0,0,0
2513,1,38,20,13,14,14,14,0,0,0,0,0,0,0,0,0,0,1,1,1,1,1,2,1,1,1,3,0,0,0,0,0,1,0,1,0,1
2513,1,39,13,18,13,12,15,0,0,0,0,0,0,0,0,0,0,1,1,1,0,2,1,2,1,1,1,0,0,0,0,0,0,1,0,1,0
2513,1,40,10,13,18,13,11,0,0,0,0,0,0,0,0,0,0,1,1,1,1,0,0,1,1,1,1,0,0,0,0,0,0,0,0,0,0
2513,1,41,11,10,13,18,13,0,0,0,0,0,0,0,0,0,0,1,1,1,1,1,1,1,1,1,1,0,0,0,0,0,0,0,0,0,0
2513,1,42,9,11,9,12,18,0,0,0,0,0,0,0,0,0,0,0,1,0,0,1,0,1,1,1,1,0,0,0,0,0,0,0,0,0,0
2513,1,43,11,10,12,9,14,0,0,0,0,0,0,0,0,0,0,1,1,1,0,2,0,0,0,0,0,0,0,0,0,0,0,0,0,0,0
2513,1,44,9,11,10,12,9,0,0,0,0,0,0,0,0,0,0,0,0,0,0,0,0,0,0,0,0,0,0,0,0,0,0,0,0,0,0
2513,1,45,16,11,13,12,13,0,0,0,0,0,0,0,0,0,0,2,2,2,2,1,0,0,0,0,0,0,0,0,0,0,0,0,0,0,0
2513,1,46,13,15,11,12,13,0,0,0,0,0,0,0,0,0,0,0,0,0,0,1,0,1,0,1,0,0,0,0,0,0,0,0,0,0,0
2513,1,47,21,13,15,12,12,0,0,0,0,0,0,0,0,0,0,1,1,1,1,1,1,1,1,0,1,0,0,0,0,0,0,0,0,0,0
2513,1,48,17,20,12,14,11,0,0,0,0,0,0,0,0,0,0,0,0,0,0,0,1,1,1,1,1,0,0,0,0,0,0,0,0,0,0
2513,1,49,18,17,20,13,14,0,0,0,0,0,0,0,0,0,0,1,1,1,1,1,1,1,1,0,1,0,0,0,0,0,0,0,0,0,0
2513,1,50,18,20,19,21,15,0,0,0,0,0,0,0,0,0,0,2,2,2,2,2,0,0,0,1,0,0,0,0,0,0,0,0,0,0,0
2513,1,51,21,18,20,19,21,0,0,0,0,0,0,0,0,0,0,0,0,0,0,0,0,0,0,0,0,0,0,0,0,0,0,0,0,0,0
2513,1,52,13,21,18,20,19,0,0,0,0,0,0,0,0,0,0,0,0,0,0,0,0,0,0,0,0,0,0,0,0,0,0,0,0,0,0
2513,1,53,16,14,22,19,21,0,0,0,0,0,0,0,0,0,0,1,1,1,1,1,0,0,0,0,0,0,0,0,0,0,0,0,0,0,0
2513,1,54,18,16,14,22,19,0,0,0,0,0,0,0,0,0,0,0,0,0,0,0,0,0,0,0,0,0,0,0,0,0,0,0,0,0,0
2513,1,55,18,18,16,14,22,0,0,0,0,0,0,0,0,0,0,0,0,0,0,0,0,0,0,0,0,0,0,0,0,0,0,0,0,0,0
2513,1,56,23,18,18,16,14,0,0,0,0,0,0,0,0,0,0,0,0,0,0,0,0,0,0,0,0,0,0,0,0,0,0,0,0,0,0
2513,1,57,28,23,18,18,16,0,0,0,0,0,0,0,0,0,0,0,0,0,0,0,0,0,0,0,0,0,0,0,0,0,0,0,0,0,0
2513,1,58,23,28,23,18,18,0,0,0,0,0,0,0,0,0,0,0,0,0,0,0,0,0,0,0,0,0,0,0,0,0,0,0,0,0,0
2513,1,59,29,24,29,24,19,0,0,0,0,0,0,0,0,0,0,1,1,1,1,1,0,0,0,0,0,0,0,0,0,0,0,0,0,0,0
2513,1,60,27,30,25,30,25,0,0,0,0,0,0,0,0,0,0,1,1,1,1,1,0,0,0,0,0,0,0,0,0,0,0,0,0,0,0
2513,1,61,33,28,30,25,30,0,0,0,0,0,0,0,0,0,0,1,1,0,0,0,0,0,0,0,0,0,0,0,0,0,0,0,0,0,0
2513,1,62,28,32,28,30,26,0,0,0,0,0,0,1,0,0,0,1,0,0,0,1,0,0,0,0,0,0,0,0,0,0,0,0,0,0,0
2513,1,63,28,29,32,29,31,0,0,0,0,0,0,0,1,0,0,1,1,1,1,1,0,0,0,0,0,0,0,0,0,0,0,0,0,0,0
2513,1,64,25,28,29,32,29,0,0,0,0,0,0,1,1,1,1,1,1,1,1,1,0,0,0,0,0,0,0,0,0,0,0,0,0,0,0
2513,1,65,27,25,27,28,31,0,0,0,0,0,0,0,0,0,0,0,0,0,0,0,0,0,1,1,1,0,0,0,0,0,0,0,0,0,0
2513,1,66,35,27,26,28,29,0,0,0,0,0,0,0,0,0,0,1,0,1,1,1,1,0,0,0,0,0,0,0,0,0,0,0,0,0,0
2513,1,67,37,34,28,27,29,0,0,0,0,0,0,1,0,0,0,1,1,1,1,1,1,1,0,0,0,0,0,0,0,0,0,0,0,0,0
2513,1,68,29,37,35,28,28,0,0,0,0,0,0,1,0,1,0,1,1,1,1,1,0,0,0,0,0,0,0,0,0,0,0,0,0,0,0
2513,1,69,31,28,36,34,27,0,0,0,0,0,1,1,1,1,1,1,1,1,1,1,1,1,1,1,1,0,0,0,0,0,0,0,0,0,0
2513,1,70,27,31,27,35,33,0,0,0,0,0,1,1,1,1,1,2,2,1,1,1,1,1,1,1,1,0,0,0,0,0,0,0,0,0,0
2513,1,71,24,25,29,26,33,0,0,0,0,0,1,1,1,0,1,0,0,0,0,0,0,1,1,1,1,0,0,0,0,0,0,0,0,0,0
2513,1,72,28,25,26,28,26,0,0,0,0,0,1,0,0,1,0,2,1,1,1,1,1,0,0,1,1,0,0,0,0,0,0,0,0,0,0
2513,1,73,30,30,27,28,29,0,0,0,0,0,1,1,1,1,1,2,3,3,3,2,0,0,0,0,0,0,0,0,0,0,0,0,0,0,0
2513,1,74,39,30,30,29,29,0,0,0,0,0,1,1,1,1,1,1,1,1,3,2,1,0,0,0,0,0,0,0,0,0,0,0,0,0,0
2513,1,75,41,38,29,30,29,0,0,0,0,0,1,1,1,1,1,0,0,0,1,1,0,0,0,0,0,0,0,0,0,0,0,0,0,0,0
2513,1,76,32,41,38,29,30,0,0,0,0,0,1,1,1,1,1,1,1,1,1,1,0,0,0,0,0,0,0,0,0,0,0,0,0,0,0
2513,1,77,22,31,39,37,28,0,0,0,0,0,1,1,2,1,1,0,0,0,0,0,0,0,0,0,0,0,0,0,0,0,0,0,0,0,0
2513,1,78,21,21,29,36,34,0,0,0,0,0,1,1,1,2,2,0,0,0,0,0,0,0,1,1,1,0,0,0,0,0,0,0,0,0,0
2513,1,79,20,19,19,27,34,0,0,0,0,0,1,1,1,1,1,0,0,0,0,0,1,1,1,1,1,0,0,0,0,0,0,0,0,0,0
2513,2,0,12,13,13,12,13,12,12,12,12,13,0,0,0,0,0,0,1,1,0,0,0,0,0,0,0,0,0,0,0,0,0,0,0,0,0
2513,2,1,13,11,13,13,12,0,0,0,0,0,0,0,0,0,0,1,1,1,1,1,2,2,1,1,1,0,0,0,0,0,0,0,0,0,0
2513,2,2,18,13,11,12,13,0,0,0,0,0,0,0,0,0,0,1,1,1,1,1,2,1,1,2,1,0,0,0,0,0,0,0,0,0,0
2513,2,3,14,17,13,10,10,0,0,0,0,0,0,0,0,0,0,1,1,2,0,0,1,2,2,1,2,0,0,0,0,0,0,0,0,0,0
2513,2,4,14,14,17,13,9,0,0,0,0,0,0,0,0,0,0,1,1,1,1,0,1,1,1,1,1,0,0,0,0,0,0,0,0,0,0
2513,2,5,12,13,14,17,13,0,0,0,0,0,0,0,0,0,0,1,1,1,2,1,1,2,1,2,1,0,0,0,0,0,0,0,0,0,0
2513,2,6,3,12,13,14,15,0,0,0,0,0,0,0,0,0,0,0,0,0,0,0,0,0,0,0,2,0,0,0,0,0,0,0,0,0,0
2513,2,7,16,4,13,14,15,0,0,0,0,0,0,0,0,0,0,0,0,0,0,0,0,0,0,0,0,1,1,1,1,1,0,0,0,0,0
2513,2,8,12,16,5,13,14,0,0,0,0,0,0,0,0,0,0,1,1,1,1,1,0,1,0,1,1,0,0,0,0,0,0,0,0,0,0
2513,2,9,16,11,15,5,12,0,0,0,0,0,0,0,0,0,0,0,0,0,0,0,1,1,1,0,1,0,0,0,0,0,0,0,0,0,0
2513,2,10,12,16,12,15,6,0,0,0,0,0,0,0,0,0,0,1,1,1,1,1,1,1,0,1,0,0,0,0,0,0,0,0,0,0,0
2513,2,11,15,14,18,12,16,0,0,0,0,0,0,0,0,0,0,1,1,1,1,1,0,0,0,1,0,1,1,1,0,0,0,0,0,0,0
2513,2,12,16,15,14,17,11,0,0,0,0,0,0,0,0,0,0,0,0,0,0,0,0,0,0,1,1,0,0,0,0,0,0,0,0,0,0
2513,2,13,8,16,15,15,17,0,0,0,0,0,0,0,0,0,0,0,0,0,0,0,0,1,1,0,1,0,1,1,1,1,0,0,0,0,0
2513,2,14,11,9,16,15,15,0,0,0,0,0,0,0,0,0,0,1,1,0,0,0,0,0,0,0,0,0,0,0,0,0,0,0,0,0,0
2513,2,15,12,11,9,16,15,0,0,0,0,0,0,0,0,0,0,0,0,0,0,0,0,0,0,0,0,0,0,0,0,0,0,0,0,0,0
2513,2,16,16,12,11,9,14,0,0,0,0,0,0,0,0,0,0,0,0,0,0,0,0,0,0,0,2,0,0,0,0,0,0,0,0,0,0
2513,2,17,13,15,13,13,10,0,0,0,0,0,0,0,0,0,0,2,1,2,2,0,1,2,1,1,0,0,0,0,1,1,0,0,0,0,0
2513,2,18,12,11,13,11,11,0,0,0,0,0,0,0,0,0,0,0,0,0,0,0,2,2,2,2,2,0,0,0,0,0,0,0,0,0,0
2513,2,19,14,11,11,12,11,0,0,0,0,0,0,0,0,0,0,1,1,1,1,1,3,3,2,3,2,1,1,1,1,1,0,0,0,0,0
2513,2,20,10,11,9,10,11,0,0,0,0,0,0,0,0,0,0,1,1,1,1,1,3,4,3,3,3,0,0,0,1,1,0,0,0,0,0
2513,2,21,13,11,12,8,9,0,0,0,0,0,0,0,0,0,0,3,3,3,2,2,3,3,3,3,3,1,1,1,0,0,0,0,0,0,0
2513,2,22,13,13,12,13,10,0,0,0,0,0,0,0,0,0,0,3,3,3,3,3,3,3,3,3,2,1,1,1,1,1,1,1,0,0,0
2513,2,23,9,13,13,11,13,0,0,0,0,0,0,0,0,0,0,3,3,3,2,3,2,3,3,3,3,0,0,0,0,0,0,0,0,0,0
2513,2,24,12,9,13,14,11,0,0,0,0,0,0,0,0,0,0,2,2,2,3,2,2,2,2,2,2,0,0,0,0,0,0,0,0,0,0
2513,2,25,12,13,9,14,15,0,0,0,0,0,0,0,0,0,0,3,3,2,3,3,2,2,2,2,2,0,0,0,0,0,0,0,0,0,0
2513,2,26,12,12,12,8,12,0,0,0,0,0,0,0,0,0,0,2,2,1,0,0,2,2,2,1,2,0,0,0,0,0,0,0,0,0,0
2513,2,27,15,11,11,11,7,0,0,0,0,0,0,0,0,0,0,1,1,1,1,1,2,2,2,2,2,0,0,0,0,0,0,0,0,0,0
2513,2,28,13,15,12,11,10,0,0,0,0,0,0,0,0,0,0,2,2,2,2,2,1,2,1,2,3,0,0,0,0,0,0,0,0,0,0
2513,2,29,14,14,15,14,13,0,0,0,0,0,0,0,0,0,0,2,2,2,2,2,2,1,2,0,0,0,0,0,0,0,0,0,0,0,0
2513,2,30,21,15,15,15,15,0,0,0,0,0,0,0,0,0,0,2,2,1,1,1,2,1,1,2,1,1,0,1,1,1,0,0,0,0,0
2513,2,31,16,22,16,16,16,0,0,0,0,0,0,0,0,0,0,3,3,3,3,3,2,2,2,2,2,0,0,0,0,0,0,0,0,0,0
2513,2,32,15,15,21,15,15,0,0,0,0,0,0,0,0,0,0,1,1,1,1,1,2,2,2,2,2,0,0,0,0,0,0,0,0,0,0
2513,2,33,11,13,13,20,14,0,0,0,0,0,0,0,0,0,0,1,1,1,2,2,1,3,3,2,3,0,0,0,0,0,0,0,0,1,0
2513,2,34,18,10,12,12,17,0,0,0,0,0,0,0,0,0,0,1,1,1,1,1,2,1,1,1,3,0,0,0,0,0,1,1,1,1,1
2513,2,35,12,16,10,11,12,0,0,0,0,0,0,0,0,0,0,1,1,1,1,1,0,2,0,1,0,0,0,0,0,0,1,1,1,1,1
2513,2,36,17,11,14,9,9,0,0,0,0,0,0,0,0,0,0,1,1,1,1,0,2,1,2,1,1,0,0,0,0,0,1,1,1,1,1
2513,2,37,11,14,9,11,8,0,0,0,0,0,0,0,0,0,0,0,0,0,0,0,1,2,1,2,0,0,0,0,0,0,1,1,1,1,1
2513,2,38,9,12,13,9,11,0,0,0,0,0,0,0,0,0,0,1,1,1,0,0,0,0,1,0,0,0,0,0,0,0,0,0,1,0,0
2513,2,39,16,10,12,12,10,0,0,0,0,0,0,0,0,0,0,1,1,1,1,1,2,0,1,2,0,0,0,0,0,0,0,0,0,0,0
2513,2,40,10,16,10,11,11,0,0,0,0,0,0,0,0,0,0,1,1,1,1,1,0,1,1,2,2,0,0,0,0,0,0,0,0,0,0
2513,2,41,9,11,16,11,11,0,0,0,0,0,0,0,0,0,0,1,1,1,1,0,0,0,1,0,0,0,0,0,0,0,0,0,0,0,0
2513,2,42,9,10,12,17,12,0,0,0,0,0,0,0,0,0,0,1,1,1,1,1,0,0,0,0,0,0,0,0,0,0,0,0,0,0,0
2513,2,43,12,10,11,13,18,0,0,0,0,0,0,0,0,0,0,0,1,1,1,1,0,0,0,0,0,0,0,0,0,0,0,0,0,0,0
2513,2,44,16,12,10,11,13,0,0,0,0,0,0,0,0,0,0,0,0,0,0,0,0,0,0,0,0,0,0,0,0,0,0,0,0,0,0
2513,2,45,11,16,12,10,11,0,0,0,0,0,0,0,0,0,0,0,0,0,0,0,0,0,0,0,0,0,0,0,0,0,0,0,0,0,0
2513,2,46,14,12,17,13,11,0,0,0,0,0,0,0,0,0,0,1,1,1,1,1,0,0,0,0,0,0,0,0,0,0,0,0,0,0,0
2513,2,47,20,14,12,17,13,0,0,0,0,0,0,0,0,0,0,0,0,0,0,0,0,0,0,0,0,0,0,0,0,0,0,0,0,0,0
2513,2,48,16,20,14,12,17,0,0,0,0,0,0,0,0,0,0,0,0,0,0,0,0,0,0,0,0,0,0,0,0,0,0,0,0,0,0
2513,2,49,15,16,19,14,12,0,0,0,0,0,0,0,0,0,0,0,0,0,0,0,0,0,1,0,0,0,0,0,0,0,0,0,0,0,0
2513,2,50,6,15,16,18,14,0,0,0,0,0,0,0,0,0,0,0,0,0,0,0,0,0,0,1,0,0,0,0,0,0,0,0,0,0,0
2513,2,51,18,7,16,17,19,0,0,0,0,0,0,0,0,0,0,1,1,1,1,1,0,0,0,0,0,0,0,0,0,0,0,0,0,0,0
2513,2,52,22,18,7,16,17,0,0,0,0,0,0,0,0,0,0,0,0,0,0,0,0,0,0,0,0,0,0,0,0,0,0,0,0,0,0
2513,2,53,22,23,19,8,17,0,0,0,0,0,0,0,0,0,0,1,1,1,1,1,0,0,0,0,0,0,0,0,0,0,0,0,0,0,0
2513,2,54,25,23,24,20,9,0,0,0,0,0,0,0,0,0,0,1,1,1,1,1,0,0,0,0,0,0,0,0,0,0,0,0,0,0,0
2513,2,55,22,25,23,23,19,0,0,0,0,0,0,0,0,0,0,1,1,1,0,0,1,1,1,1,1,0,0,0,0,0,0,0,0,0,0
2513,2,56,22,22,25,22,22,0,0,0,0,0,0,0,0,0,0,1,1,1,0,0,1,1,1,1,1,0,0,0,0,0,0,0,0,0,0
2513,2,57,29,22,22,24,23,0,0,0,0,0,0,0,0,0,0,1,1,1,0,2,1,1,1,1,1,0,0,0,0,0,0,0,0,0,0
2513,2,58,30,28,22,22,24,0,0,0,0,0,0,0,0,0,0,1,1,1,1,1,2,2,1,1,1,0,0,0,0,0,0,0,0,0,0
2513,2,59,27,30,28,22,22,0,0,0,0,0,0,0,0,0,0,0,0,0,0,0,0,0,0,0,0,0,0,0,0,0,0,0,0,0,0
2513,2,60,21,27,30,28,22,0,0,0,0,0,0,0,0,0,0,0,0,0,0,0,0,0,0,0,0,0,0,0,0,0,0,0,0,0,0
2513,2,61,26,21,28,30,28,0,0,0,0,0,0,0,0,0,0,0,0,1,0,0,0,0,0,0,0,0,0,0,0,0,0,0,0,0,0
2513,2,62,26,26,23,29,30,0,0,0,0,0,0,0,0,0,0,1,0,2,1,0,0,0,0,0,0,0,0,0,0,0,0,0,0,0,0
2513,2,63,28,27,27,24,30,0,0,0,0,0,0,0,0,0,0,1,1,1,1,1,0,0,0,0,0,0,0,0,0,0,0,0,0,0,0
2513,2,64,30,28,27,27,25,0,0,0,0,0,0,0,0,0,0,1,1,1,1,1,1,1,1,1,0,0,0,0,0,0,0,0,0,0,0
2513,2,65,23,30,28,28,27,0,0,0,0,0,0,0,0,0,0,1,1,1,2,1,1,1,1,1,1,0,0,0,0,0,0,0,0,0,0
2513,2,66,34,22,29,27,27,0,0,0,0,0,0,0,0,0,0,0,0,0,0,0,1,1,1,1,1,0,0,0,0,0,0,0,0,0,0
2513,2,67,19,33,21,28,26,0,0,0,0,0,0,0,0,0,0,0,0,0,0,0,1,1,1,1,1,0,0,0,0,0,0,0,0,0,0
2513,2,68,28,18,32,20,27,0,0,0,0,0,0,0,0,0,0,0,0,0,0,0,1,1,1,1,1,0,0,0,0,0,0,0,0,0,0
2513,2,69,15,27,18,31,20,0,0,0,0,0,0,0,0,0,0,0,0,0,0,0,0,1,0,1,0,0,0,0,0,0,0,0,0,0,0
2513,2,70,24,15,27,18,31,0,0,0,0,0,0,0,0,0,0,0,0,0,0,0,0,0,0,0,0,0,0,0,0,0,0,0,0,0,0
2513,2,71,26,25,16,28,19,0,0,0,0,0,0,0,0,0,0,1,1,1,1,1,0,0,0,0,0,0,0,0,0,0,0,0,0,0,0
2513,2,72,31,26,25,16,27,0,0,0,0,0,0,0,0,0,1,0,0,0,0,0,0,0,0,0,0,0,0,0,0,0,0,0,0,0,0
2513,2,73,26,32,26,25,17,0,0,0,0,0,0,0,1,1,0,1,1,1,1,1,0,0,0,0,0,0,0,0,0,0,0,0,0,0,0
2513,2,74,19,25,31,25,24,0,0,0,0,0,0,1,1,1,1,0,0,0,0,0,0,0,0,0,0,0,0,0,0,0,0,0,0,0,0
2513,2,75,21,19,24,30,25,0,0,0,0,0,1,0,1,1,0,0,0,0,0,0,0,0,0,0,0,0,0,0,0,0,0,0,0,0,0
2513,2,76,27,22,20,25,30,0,0,0,0,0,1,1,1,0,1,0,2,2,2,2,1,0,0,1,1,0,0,0,0,0,0,0,0,0,0
2513,2,77,19,25,20,20,23,0,0,0,0,0,1,1,1,0,1,0,0,0,0,0,0,1,1,0,1,0,0,0,0,0,0,0,0,0,0
2513,2,78,32,19,24,19,20,0,0,0,0,0,1,0,1,1,0,0,0,0,0,0,1,0,0,0,0,0,0,0,0,0,0,0,0,0,0
2513,2,79,24,30,18,24,19,0,0,0,0,0,1,1,1,1,1,0,0,0,1,1,0,1,0,0,0,0,0,0,0,0,0,0,0,0,0
2518,1,0,14,14,14,13,13,15,15,15,14,14,0,0,0,0,0,0,0,0,0,0,1,1,1,1,1,0,0,0,0,0,0,0,0,0,0
2518,1,1,10,13,13,13,12,0,0,0,0,0,0,0,0,0,0,1,1,1,1,1,2,2,2,2,2,0,0,0,0,0,0,0,0,0,0
2518,1,2,13,11,13,13,13,0,0,0,0,0,0,0,0,0,0,2,2,2,2,2,1,1,2,2,2,0,0,0,0,0,0,0,0,0,0
2518,1,3,13,12,12,13,14,0,0,0,0,0,0,0,0,0,0,2,2,2,2,2,1,3,1,2,1,0,0,0,0,0,0,0,0,0,0
2518,1,4,19,13,12,13,12,0,0,0,0,0,0,0,0,0,0,2,1,1,2,0,2,1,1,1,1,0,0,0,0,0,0,0,0,0,0
2518,1,5,11,17,12,11,12,0,0,0,0,0,0,0,0,0,0,0,0,0,0,0,0,2,1,1,1,0,0,0,0,0,0,0,0,0,0
2518,1,6,13,12,16,13,12,0,0,0,0,0,0,0,0,0,0,0,0,0,0,0,2,0,2,0,0,1,1,1,1,1,0,0,0,0,0
2518,1,7,11,12,11,15,13,0,0,0,0,0,0,0,0,0,0,0,0,0,0,0,0,1,1,1,1,0,0,0,0,1,0,0,0,0,0
2518,1,8,17,11,12,11,14,0,0,0,0,0,0,0,0,0,0,0,0,0,0,0,1,0,0,0,1,0,0,0,0,0,0,0,0,0,0
2518,1,9,17,17,11,12,11,0,0,0,0,0,0,0,0,0,0,0,0,0,0,0,0,0,0,0,0,0,0,0,0,0,0,0,0,0,0
2518,1,10,25,17,16,11,12,0,0,0,0,0,0,0,0,0,0,0,0,0,0,0,1,0,0,0,0,0,0,0,0,0,0,0,1,0,0
2518,1,11,16,23,17,16,11,0,0,0,0,0,0,0,0,0,0,0,0,0,0,0,0,1,0,0,0,0,0,0,0,0,0,1,0,0,0
2518,1,12,22,16,21,17,16,0,0,0,0,0,0,0,0,0,0,0,0,0,0,0,0,0,1,0,0,0,0,0,0,0,0,0,1,0,0
2518,1,13,12,23,17,22,18,0,0,0,0,0,0,0,0,0,0,0,0,0,0,0,0,0,0,0,0,1,1,1,1,1,0,0,0,0,0
2518,1,14,23,12,23,17,22,0,0,0,0,0,0,0,0,0,0,0,0,0,0,0,0,0,0,0,0,0,0,0,0,0,0,0,0,0,0
2518,1,15,16,24,13,24,18,0,0,0,0,0,0,0,0,0,0,0,0,0,0,0,0,0,0,0,0,1,1,1,1,1,0,0,0,0,0
2518,1,16,15,16,24,14,24,0,0,0,0,0,0,0,0,0,0,1,0,0,0,0,0,1,1,0,1,1,1,1,1,1,0,0,0,0,0
2518,1,17,23,15,17,25,15,0,0,0,0,0,0,0,0,0,0,0,0,1,1,1,1,1,1,1,1,1,1,1,1,1,0,0,0,0,0
2518,1,18,18,23,16,17,26,0,0,0,0,0,0,0,0,0,0,1,1,1,1,2,2,2,1,2,2,1,1,1,1,1,0,0,0,0,0
2518,1,19,22,19,21,16,17,0,0,0,0,0,0,0,0,0,0,2,2,2,2,2,3,2,4,2,2,1,1,0,0,0,0,0,0,0,0
2518,1,20,28,21,19,20,17,0,0,0,0,0,0,0,0,0,0,2,2,2,2,2,6,4,3,4,2,1,1,1,1,1,0,0,0,0,0
2518,1,21,27,24,19,17,18,0,0,0,0,0,0,0,0,0,0,2,2,2,2,2,6,6,4,4,4,0,0,0,0,0,0,0,0,0,0
2518,1,22,25,23,21,17,15,0,0,0,0,0,0,0,0,0,0,2,2,2,2,2,6,6,5,4,4,0,0,0,0,0,0,0,0,0,0
2518,1,23,25,24,21,20,14,0,0,0,0,0,0,0,0,0,0,2,2,2,2,2,6,4,4,4,5,1,1,0,1,0,0,0,0,0,0
2518,1,24,22,24,23,20,19,0,0,0,0,0,0,0,0,0,0,2,2,2,2,2,4,4,4,4,4,1,1,1,1,1,0,0,0,0,0
2518,1,25,15,20,22,21,19,0,0,0,0,0,0,0,0,0,0,2,2,2,2,2,2,4,4,4,4,0,0,1,1,1,0,0,1,1,0
2518,1,26,24,14,19,20,20,0,0,0,0,0,0,0,0,0,0,3,3,3,3,3,6,4,4,5,4,0,0,1,1,1,0,0,1,1,1
2518,1,27,23,20,13,16,17,0,0,0,0,0,0,0,0,0,0,2,2,2,2,2,5,5,3,4,4,0,0,0,0,0,1,1,0,1,1
2518,1,28,18,21,19,13,16,0,0,0,0,0,0,0,0,0,0,3,2,2,2,2,2,4,3,2,2,0,0,0,0,0,0,0,0,0,0
2518,1,29,23,18,20,18,12,0,0,0,0,0,0,0,0,0,0,2,2,1,1,1,2,2,2,2,2,0,0,0,0,0,0,0,0,0,0
2518,1,30,19,22,18,20,18,0,0,0,0,0,0,0,0,0,0,2,2,2,2,2,2,3,2,2,2,0,0,0,0,0,0,0,0,0,0
2518,1,31,23,19,21,18,20,0,0,0,0,0,0,0,0,0,0,2,2,2,2,2,2,2,3,2,2,0,0,0,0,0,0,0,0,0,0
2518,1,32,22,22,19,20,18,0,0,0,0,0,0,0,0,0,0,2,2,2,2,2,2,3,2,3,2,1,0,0,0,0,0,0,0,0,0
2518,1,33,26,23,21,19,19,0,0,0,0,0,0,0,0,0,0,1,2,1,1,1,4,2,3,2,2,1,1,1,1,0,0,0,0,0,0
2518,1,34,14,24,21,19,19,0,0,0,0,0,0,0,0,0,0,1,1,1,1,2,2,2,2,2,2,0,0,0,0,0,0,1,1,1,0
2518,1,35,13,13,23,20,18,0,0,0,0,0,0,0,0,0,0,2,2,2,2,2,2,2,2,2,2,0,0,0,0,0,1,1,1,1,1
2518,1,36,11,12,12,22,19,0,0,0,0,0,0,0,0,0,0,2,2,2,2,2,2,2,2,2,2,0,0,0,0,0,1,1,1,1,1
2518,1,37,14,9,11,10,19,0,0,0,0,0,0,0,0,0,0,1,1,1,1,1,2,3,2,3,2,0,0,0,0,0,1,0,0,0,2
2518,1,38,12,12,12,11,11,0,0,0,0,0,0,0,0,0,0,1,1,2,2,1,2,3,0,2,0,1,1,1,0,0,1,1,0,0,0
2518,1,39,21,13,12,12,11,0,0,0,0,0,0,0,0,0,0,1,1,1,1,1,2,1,1,1,1,1,1,1,1,1,1,0,1,1,1
2518,1,40,19,19,12,11,11,0,0,0,0,0,0,0,0,0,0,0,0,0,0,0,2,2,1,1,1,0,0,0,0,0,0,0,0,0,0
2518,1,41,15,17,17,12,11,0,0,0,0,0,0,0,0,0,0,0,0,0,0,0,1,1,1,0,0,0,0,0,0,0,1,1,1,0,0
2518,1,42,16,16,18,18,13,0,0,0,0,0,0,0,0,0,0,1,1,1,1,1,0,0,0,0,0,0,0,0,0,0,0,0,0,0,0
2518,1,43,10,16,16,18,18,0,0,0,0,0,0,0,0,0,0,0,0,0,0,0,0,0,0,0,0,0,0,0,0,0,0,0,0,0,0
2518,1,44,16,12,17,17,16,0,0,0,0,0,0,0,0,0,0,2,2,2,2,0,0,0,1,1,2,1,0,0,0,0,0,0,0,0,0
2518,1,45,24,17,14,17,16,0,0,0,0,0,0,0,0,0,0,1,1,1,2,1,1,0,0,2,2,1,1,1,1,1,0,1,0,1,1
2518,1,46,34,24,17,14,16,0,0,0,0,0,0,0,0,0,0,2,2,1,1,1,2,2,1,0,1,1,1,1,1,1,1,1,1,2,2
2518,1,47,13,32,21,16,14,0,0,0,0,0,0,0,0,0,0,0,1,1,1,1,0,2,2,1,0,0,0,0,0,0,0,1,2,1,1
2518,1,48,20,13,29,18,15,0,0,0,0,0,0,0,0,0,0,0,0,0,0,0,1,0,2,1,0,0,0,0,0,0,0,0,1,2,1
2518,1,49,17,17,12,27,15,0,0,0,0,0,0,0,0,0,0,0,0,0,0,0,1,1,0,1,1,0,0,0,0,0,1,2,1,1,2
2518,1,50,25,17,16,13,26,0,0,0,0,0,0,0,0,0,0,1,1,1,1,1,0,0,0,0,0,0,0,0,0,0,2,1,2,0,2
2518,1,51,28,21,17,16,13,0,0,0,0,0,2,1,0,0,0,0,0,0,0,0,1,1,0,0,0,0,0,0,0,0,1,2,0,0,0
2518,1,52,22,26,20,17,16,0,0,0,0,0,0,0,0,0,0,0,0,0,0,0,1,2,1,0,0,0,0,0,0,0,0,0,0,0,0
2518,1,53,35,23,25,21,18,0,0,0,0,0,0,0,0,0,0,1,1,0,1,1,2,0,1,0,0,0,0,0,0,0,0,0,0,0,0
2518,1,54,22,34,23,25,21,0,0,0,0,0,0,0,0,0,0,0,0,0,0,0,0,1,0,0,0,0,0,0,0,0,0,0,0,0,0
2518,1,55,36,22,33,23,25,0,0,0,0,0,0,0,0,0,0,0,0,0,0,0,1,0,1,0,0,0,0,0,0,0,0,0,0,0,0
2518,1,56,27,35,22,32,23,0,0,0,0,0,0,0,0,0,0,0,0,0,0,0,0,1,0,1,0,0,0,0,0,0,0,0,0,0,0
2518,1,57,33,28,35,23,32,0,0,0,0,0,0,0,0,0,0,1,1,1,1,1,1,0,1,0,1,0,0,0,0,0,0,0,0,0,0
2518,1,58,23,33,29,35,24,0,0,0,0,0,0,0,0,0,0,1,1,1,1,1,0,1,0,1,0,0,0,0,0,0,0,0,0,0,0
2518,1,59,28,24,35,31,36,0,0,0,0,0,0,0,0,0,0,1,1,2,2,2,0,0,0,0,1,0,0,0,0,0,0,0,0,0,0
2518,1,60,29,30,26,37,32,0,0,0,0,0,0,0,0,0,0,1,2,2,2,1,0,0,0,0,0,0,0,0,0,0,0,0,0,0,0
2518,1,61,36,30,31,27,35,0,0,0,0,0,0,0,0,0,0,0,1,1,1,0,0,0,0,0,1,0,0,0,0,0,1,0,0,0,1
2518,1,62,38,36,30,31,28,0,0,0,0,0,1,1,2,1,1,2,2,2,2,2,0,0,0,0,0,0,0,0,0,0,1,1,0,1,0
2518,1,63,43,38,36,31,31,0,0,0,0,0,1,1,1,1,1,2,2,2,2,2,0,0,0,0,0,0,0,0,0,0,0,1,1,0,1
2518,1,64,38,44,39,37,33,0,0,0,0,0,0,0,0,0,0,2,2,2,2,2,0,0,0,0,0,0,0,0,0,0,0,1,1,1,0
2518,1,65,49,38,43,39,37,0,0,0,0,0,0,0,1,0,0,1,1,1,1,1,1,0,0,0,0,0,0,0,0,0,2,1,1,1,1
2518,1,66,48,46,37,42,38,0,0,0,0,0,1,1,1,1,1,1,1,1,1,1,1,1,0,0,0,0,0,0,0,0,1,2,1,1,1
2518,1,67,46,47,45,36,41,0,0,0,0,0,1,1,1,1,1,0,0,0,0,0,0,0,0,0,0,0,0,0,0,0,0,0,0,0,0
2518,1,68,49,46,47,45,36,0,0,0,0,0,0,0,0,0,0,0,0,0,0,0,0,0,0,0,0,0,0,0,0,0,0,0,0,0,0
2518,1,69,48,49,46,47,45,0,0,0,0,0,1,1,1,1,1,1,1,1,1,1,0,0,0,0,0,0,0,0,0,0,0,0,0,0,0
2518,1,70,51,49,49,46,47,0,0,0,0,0,0,0,0,0,0,2,2,1,1,1,1,1,1,1,1,0,0,0,0,0,0,0,0,0,0
2518,1,71,58,50,49,48,46,0,0,0,0,0,1,1,1,1,1,1,1,2,1,1,1,1,1,1,0,0,0,0,0,0,0,0,0,0,0
2518,1,72,38,55,47,47,45,0,0,0,0,0,0,1,1,0,1,0,0,0,0,0,0,2,2,2,2,0,0,0,0,0,0,0,0,0,0
2518,1,73,41,36,52,45,45,0,0,0,0,0,1,1,1,1,1,0,0,0,0,0,1,1,2,1,1,0,0,0,0,0,0,0,0,0,0
2518,1,74,41,39,35,50,43,0,0,0,0,0,1,1,1,1,1,0,0,0,0,0,1,1,0,1,1,0,0,0,0,0,0,0,0,0,0
2518,1,75,40,38,36,33,48,0,0,0,0,0,2,2,2,2,1,0,0,0,0,0,0,0,0,0,0,0,0,0,0,0,1,1,1,0,1
2518,1,76,34,37,35,33,30,0,0,0,0,0,2,2,2,2,2,0,0,0,0,0,0,0,0,0,0,0,0,0,0,0,1,1,1,1,1
2518,1,77,28,33,36,34,32,0,0,0,0,0,1,1,1,1,1,0,0,0,0,0,0,0,0,0,0,0,0,0,0,0,0,0,0,0,0
2518,1,78,31,27,31,34,32,0,0,0,0,0,2,1,2,2,2,0,0,0,0,0,0,0,0,0,0,0,0,0,0,0,0,0,0,0,0
2518,1,79,17,29,25,29,32,0,0,0,0,0,1,2,2,2,2,0,0,0,0,0,0,0,0,0,0,0,0,0,0,0,0,0,0,0,0
2518,2,0,16,16,16,17,15,14,14,14,15,13,0,0,0,0,0,2,2,2,2,2,0,0,0,0,0,0,0,0,0,0,0,0,0,0,0
2518,2,1,26,17,17,17,17,0,0,0,0,0,0,0,0,0,0,2,2,2,2,2,2,1,1,1,2,0,0,0,0,0,0,0,0,0,0
2518,2,2,18,24,15,15,15,0,0,0,0,0,0,0,0,0,0,0,0,0,0,0,2,2,2,2,2,0,0,0,0,0,0,0,0,0,0
2518,2,3,16,17,22,15,15,0,0,0,0,0,0,0,0,0,0,0,0,0,0,0,2,1,2,0,0,0,0,0,0,0,0,0,0,0,0
2518,2,4,16,17,16,20,16,0,0,0,0,0,0,0,0,0,0,0,0,0,0,0,0,0,2,2,0,1,1,1,1,1,0,0,0,1,0
2518,2,5,14,16,16,15,19,0,0,0,0,0,0,0,0,0,0,1,1,1,1,1,0,1,1,1,1,1,1,0,0,0,0,1,1,1,1
2518,2,6,28,14,16,15,15,0,0,0,0,0,0,0,0,0,0,1,1,1,1,1,1,1,1,1,1,0,0,0,0,0,0,0,0,1,0
2518,2,7,14,26,14,16,15,0,0,0,0,0,0,0,0,0,0,1,1,1,1,1,1,2,1,1,1,0,0,0,0,0,0,1,0,0,0
2518,2,8,15,14,25,14,15,0,0,0,0,0,0,0,0,0,0,1,1,1,1,1,1,1,2,1,2,0,0,0,0,0,0,0,0,0,0
2518,2,9,19,18,17,25,17,0,0,0,0,0,0,0,0,0,0,2,2,2,2,2,2,0,0,2,0,0,1,1,1,1,0,0,0,1,0
2518,2,10,22,21,20,19,24,0,0,0,0,0,0,0,0,0,0,1,1,1,1,1,0,0,0,0,1,1,1,1,1,1,1,0,0,0,2
2518,2,11,20,23,20,20,20,0,0,0,0,0,0,0,0,0,0,1,2,1,1,1,0,0,1,1,0,1,1,1,1,1,0,2,2,1,1
2518,2,12,16,21,22,20,19,0,0,0,0,0,0,0,0,0,0,1,1,1,1,1,0,0,1,1,1,0,0,0,0,0,0,0,1,0,1
2518,2,13,28,16,20,21,19,0,0,0,0,0,0,0,0,0,0,0,0,0,0,0,1,0,1,1,1,0,0,0,0,0,0,0,0,0,0
2518,2,14,16,28,17,20,21,0,0,0,0,0,0,0,0,0,0,0,0,0,0,0,0,1,0,1,1,1,1,1,1,1,0,0,0,0,0
2518,2,15,25,18,29,18,20,0,0,0,0,0,0,0,0,0,0,1,1,1,1,1,1,0,1,0,1,1,1,1,0,0,0,0,0,0,0
2518,2,16,24,26,20,29,19,0,0,0,0,0,0,0,0,0,0,1,1,1,1,1,1,1,0,2,0,1,1,1,1,0,0,0,0,0,0
2518,2,17,25,22,24,19,28,0,0,0,0,0,0,0,0,0,0,0,0,0,0,0,2,2,2,1,2,0,0,0,0,1,0,0,0,0,0
2518,2,18,18,24,22,23,19,0,0,0,0,0,0,0,0,0,0,1,1,1,1,1,2,3,2,2,2,1,1,1,1,1,0,0,0,1,0
2518,2,19,27,16,21,19,19,0,0,0,0,0,0,0,0,0,0,2,2,2,2,2,5,4,5,4,4,1,1,1,0,0,1,1,1,1,2
2518,2,20,18,21,12,15,15,0,0,0,0,0,0,0,0,0,0,1,1,1,1,1,7,7,4,6,5,1,1,0,0,0,1,1,1,1,0
2518,2,21,14,15,17,11,13,0,0,0,0,0,0,0,0,0,0,1,3,3,3,3,5,6,7,4,5,1,1,1,1,1,0,1,1,1,1
2518,2,22,12,12,12,14,10,0,0,0,0,0,0,0,0,0,0,2,2,2,2,2,4,4,5,5,3,0,0,0,0,0,0,0,0,0,0
2518,2,23,8,11,11,11,11,0,0,0,0,0,0,0,0,0,0,2,2,2,2,1,2,3,3,3,4,0,0,0,0,0,0,0,0,0,0
2518,2,24,12,8,10,10,10,0,0,0,0,0,0,0,0,0,0,2,2,2,2,2,4,2,3,3,3,0,0,0,0,0,0,0,0,0,0
2518,2,25,12,12,8,10,10,0,0,0,0,0,0,0,0,0,0,2,2,2,2,2,2,2,2,2,2,0,0,0,0,0,0,0,0,0,0
2518,2,26,17,12,12,8,10,0,0,0,0,0,0,0,0,0,0,2,2,2,2,2,3,2,2,2,2,0,0,0,0,0,0,0,0,0,0
2518,2,27,17,17,12,12,9,0,0,0,0,0,0,0,0,0,0,2,2,2,2,2,2,2,2,2,1,0,0,0,0,0,0,0,0,0,0
2518,2,28,14,17,17,12,11,0,0,0,0,0,0,0,0,0,0,2,2,2,2,1,2,2,2,2,2,0,0,0,0,0,0,0,0,0,0
2518,2,29,17,14,18,17,12,0,0,0,0,0,0,0,0,0,0,3,2,3,2,2,2,2,2,2,2,0,0,0,0,0,0,0,0,0,0
2518,2,30,15,16,14,18,17,0,0,0,0,0,0,1,0,0,0,2,2,2,2,2,2,2,2,2,2,0,0,0,0,0,0,0,0,0,0
2518,2,31,17,15,15,13,17,0,0,0,0,0,0,0,0,0,0,1,2,1,1,1,2,2,2,2,2,0,0,0,0,0,0,0,0,0,0
2518,2,32,22,18,16,15,14,0,0,0,0,0,0,0,0,0,0,2,2,2,1,2,2,2,2,2,2,1,1,1,1,1,0,0,0,0,0
2518,2,33,17,22,18,16,15,0,0,0,0,0,0,0,0,0,0,2,1,1,1,1,2,2,2,2,2,1,1,1,1,1,0,0,0,0,0
2518,2,34,8,16,20,18,15,0,0,0,0,0,0,0,0,0,0,0,1,1,2,1,1,2,2,2,2,0,0,0,0,0,0,0,1,0,0
2518,2,35,9,10,16,20,18,0,0,0,0,0,0,0,0,0,0,2,2,2,2,2,0,0,2,2,2,0,0,0,0,0,0,0,0,0,0
2518,2,36,23,10,11,17,19,0,0,0,0,0,0,0,0,0,0,2,1,1,2,2,2,0,0,1,2,0,0,0,0,0,1,0,0,0,1
2518,2,37,11,21,11,12,15,0,0,0,0,0,0,0,0,0,0,1,1,1,1,1,0,2,0,0,3,0,0,0,0,0,0,1,0,0,0
2518,2,38,18,12,20,12,12,0,0,0,0,0,0,0,0,0,0,1,1,1,1,1,0,0,2,0,1,0,0,0,0,0,0,0,0,0,0
2518,2,39,13,18,12,18,12,0,0,0,0,0,0,0,0,0,0,1,1,1,0,0,1,1,1,2,0,0,0,0,0,0,0,0,0,0,0
2518,2,40,13,13,17,13,17,0,0,0,0,0,0,0,0,0,0,1,0,1,1,1,1,0,2,0,2,0,0,0,0,0,0,0,0,0,0
2518,2,41,12,12,12,16,12,0,0,0,0,0,0,0,0,0,0,0,0,0,0,0,1,1,1,1,1,0,0,0,0,0,0,0,0,0,0
2518,2,42,16,12,12,12,16,0,0,0,0,0,0,0,0,0,0,0,0,0,0,0,0,0,0,0,0,0,0,0,0,0,0,0,0,0,0
2518,2,43,14,16,12,12,12,0,0,0,0,0,0,0,0,0,0,0,0,0,0,0,0,0,0,0,0,0,0,0,0,0,0,0,0,0,0
2518,2,44,14,14,16,12,12,0,0,0,0,0,0,0,0,0,0,0,0,0,0,0,0,0,0,0,0,0,0,0,0,0,0,0,0,0,0
2518,2,45,26,15,15,17,13,0,0,0,0,0,0,0,0,0,0,1,1,1,1,1,3,0,0,0,0,0,0,0,0,0,0,0,0,0,0
2518,2,46,17,23,15,15,16,0,0,0,0,0,0,0,0,0,0,0,0,0,0,0,0,2,0,0,1,0,0,0,0,0,0,1,0,0,0
2518,2,47,12,16,20,15,15,0,0,0,0,0,0,0,0,0,0,0,0,0,0,0,0,0,2,0,0,0,0,0,0,0,0,1,1,0,0
2518,2,48,20,12,16,19,15,0,0,0,0,0,0,0,0,0,0,0,0,0,0,0,1,0,0,1,0,0,0,0,0,0,0,0,0,0,0
2518,2,49,23,20,13,16,19,0,0,0,0,0,0,0,0,0,0,1,1,1,1,1,1,1,0,1,1,0,0,0,0,0,0,0,0,0,0
2518,2,50,19,21,18,12,15,0,0,0,0,0,0,0,0,0,0,0,0,0,0,0,1,2,2,1,1,0,0,0,0,0,0,0,0,0,0
2518,2,51,22,18,20,18,13,0,0,0,0,0,0,0,0,0,0,0,1,1,1,1,3,2,2,1,0,0,0,0,0,0,0,0,0,0,0
2518,2,52,24,21,17,19,17,0,0,0,0,0,0,0,0,0,0,0,0,0,0,0,1,1,1,1,1,0,0,0,0,0,0,0,0,0,0
2518,2,53,23,23,20,17,19,0,0,0,0,0,0,0,0,0,0,1,0,0,0,1,1,1,1,0,1,0,0,0,0,0,0,0,0,0,0
2518,2,54,29,23,23,20,17,0,0,0,0,0,0,0,0,0,0,1,1,1,0,0,1,1,1,0,0,0,0,0,0,0,1,0,0,0,0
2518,2,55,21,29,24,24,21,0,0,0,0,0,0,0,0,0,0,0,1,1,1,1,0,1,0,0,0,0,0,0,0,0,0,0,0,0,0
2518,2,56,26,22,30,25,25,0,0,0,0,0,0,0,0,0,0,1,1,1,1,1,0,0,0,0,0,0,0,0,0,0,0,0,0,0,0
2518,2,57,32,27,23,31,26,0,0,0,0,0,0,0,0,0,0,1,1,1,1,1,0,0,0,0,0,0,0,0,0,0,0,0,0,0,0
2518,2,58,26,32,27,23,31,0,0,0,0,0,0,0,0,0,0,0,0,0,0,0,0,0,0,0,0,0,0,0,0,0,0,0,0,0,0
2518,2,59,40,28,34,29,25,0,0,0,0,0,0,0,0,0,0,2,2,2,2,2,0,0,0,0,0,0,0,0,0,0,0,0,0,0,0
2518,2,60,28,40,28,34,29,0,0,0,0,0,0,0,0,0,0,0,0,0,0,0,0,0,0,0,0,0,0,0,0,0,0,0,0,0,0
2518,2,61,43,29,40,29,35,0,0,0,0,0,0,0,0,0,0,1,1,1,1,1,1,0,1,0,0,0,0,0,0,0,0,0,0,0,0
2518,2,62,31,43,30,40,30,0,0,0,0,0,0,0,0,0,0,1,1,1,1,1,0,1,0,1,0,0,0,0,0,0,0,0,0,0,0
2518,2,63,36,31,43,30,40,0,0,0,0,0,0,0,0,0,0,1,1,1,1,1,1,1,1,1,1,0,0,0,0,0,0,0,0,0,0
2518,2,64,38,36,31,43,30,0,0,0,0,0,0,0,0,0,0,1,1,1,1,1,1,1,1,1,1,0,0,0,0,0,0,0,0,0,0
2518,2,65,45,37,35,30,41,0,0,0,0,0,0,0,0,0,0,0,1,0,0,0,2,2,1,1,2,0,0,0,0,0,0,0,0,0,0
2518,2,66,39,44,36,34,30,0,0,0,0,0,0,0,0,0,0,1,1,1,1,1,2,2,2,2,1,0,0,0,0,0,0,0,0,0,0
2518,2,67,33,39,43,35,34,0,0,0,0,0,0,0,0,0,0,1,1,1,1,1,1,1,2,2,1,0,0,0,0,0,0,0,0,0,0
2518,2,68,39,33,39,42,35,0,0,0,0,0,1,1,1,1,1,1,1,1,1,1,0,0,0,1,0,0,0,0,0,0,0,0,0,0,0
2518,2,69,27,39,33,38,41,0,0,0,0,0,0,0,0,0,0,0,0,0,0,0,0,0,0,1,1,0,0,0,0,0,0,0,0,0,0
2518,2,70,33,27,38,32,37,0,0,0,0,0,0,0,0,0,0,0,0,0,0,0,1,0,1,1,1,0,0,0,0,0,0,0,0,0,0
2518,2,71,40,33,27,38,32,0,0,0,0,0,0,0,0,0,0,1,1,1,1,1,1,1,1,1,1,0,0,0,0,0,0,0,0,0,0
2518,2,72,40,38,32,25,36,0,0,0,0,0,1,1,0,1,1,0,0,0,0,0,1,1,1,1,1,0,0,0,0,0,0,0,0,0,0
2518,2,73,39,38,36,30,24,0,0,0,0,0,1,1,1,1,1,0,0,0,0,0,1,1,1,1,0,0,0,0,0,0,0,0,0,0,0
2518,2,74,23,39,37,36,30,0,0,0,0,0,0,0,1,0,0,0,0,0,0,0,0,0,0,0,0,0,0,0,0,0,0,0,0,0,0
2518,2,75,26,23,39,37,36,0,0,0,0,0,0,0,0,0,0,0,0,0,0,0,0,0,0,0,0,0,0,0,0,0,0,0,0,0,0
2518,2,76,37,26,23,38,36,0,0,0,0,0,0,0,0,1,1,0,0,0,0,0,0,0,0,0,0,0,0,0,0,0,0,0,0,0,0
2518,2,77,29,36,25,22,37,0,0,0,0,0,1,1,1,1,1,0,0,0,0,0,0,0,0,0,0,0,0,0,0,0,0,0,0,0,0
2518,2,78,26,27,34,24,21,0,0,0,0,0,2,2,2,1,1,0,0,0,0,0,0,0,0,0,0,0,0,0,0,0,0,0,0,0,0
2518,2,79,23,26,27,32,24,0,0,0,0,0,1,1,1,1,1,1,1,1,1,1,0,0,0,1,0,0,0,0,0,0,0,0,0,1,0
2521,1,0,27,27,27,27,26,27,27,27,26,26,0,0,0,0,0,1,1,1,1,1,2,2,2,1,2,1,1,1,1,1,0,0,0,0,0
2521,1,1,23,26,26,26,26,0,0,0,0,0,0,0,0,0,0,1,1,1,1,1,2,3,3,3,3,1,1,1,1,1,0,0,0,0,0
2521,1,2,28,25,28,28,28,0,0,0,0,0,0,0,0,0,0,3,3,3,3,3,2,2,2,2,2,1,1,1,1,1,0,0,0,0,0
2521,1,3,40,28,25,28,28,0,0,0,0,0,0,0,0,0,0,1,1,1,1,1,2,2,2,2,2,1,1,1,1,1,0,0,0,0,0
2521,1,4,30,40,28,25,28,0,0,0,0,0,0,0,0,0,0,1,1,1,1,1,2,2,2,2,2,1,1,1,1,1,0,0,0,0,0
2521,1,5,25,30,39,28,25,0,0,0,0,0,0,0,0,0,0,1,1,1,1,1,2,2,2,2,2,1,1,1,1,1,0,0,1,0,0
2521,1,6,31,26,31,39,28,0,0,0,0,0,0,0,0,0,0,1,2,2,1,1,2,2,2,2,2,1,1,1,1,1,0,0,0,0,0
2521,1,7,32,31,26,30,39,0,0,0,0,0,0,0,0,0,0,1,1,1,1,1,2,2,1,2,2,1,1,0,0,1,0,0,0,0,0
2521,1,8,31,33,33,27,31,0,0,0,0,0,0,0,0,0,0,1,1,2,1,1,1,1,1,1,1,1,1,1,1,1,0,0,0,0,0
2521,1,9,41,34,36,36,30,0,0,0,0,0,0,0,0,0,0,3,3,3,3,3,1,1,1,1,1,1,1,1,1,1,0,0,0,0,0
2521,1,10,24,44,37,39,39,0,0,0,0,0,0,0,0,0,0,3,3,3,3,3,1,1,1,1,1,1,1,1,1,1,0,0,0,0,0
2521,1,11,29,24,42,36,38,0,0,0,0,0,0,0,0,0,0,0,0,0,0,0,1,1,2,2,2,1,1,1,1,1,0,0,1,0,0
2521,1,12,34,31,26,42,36,0,0,0,0,0,0,0,0,0,0,1,1,1,1,1,1,0,0,2,2,1,1,1,1,1,0,0,0,0,0
2521,1,13,27,33,31,26,41,0,0,0,0,0,0,0,0,0,0,0,0,0,0,0,0,2,1,1,2,1,1,1,1,1,0,0,0,0,0
2521,1,14,34,26,32,30,25,0,0,0,0,0,0,0,0,0,0,0,0,0,0,0,2,2,2,2,2,1,1,1,1,1,0,0,0,0,0
2521,1,15,32,35,28,33,31,0,0,0,0,0,0,0,0,0,0,1,2,2,2,2,2,2,1,2,2,1,1,1,1,1,0,0,0,0,0
2521,1,16,29,32,34,27,33,0,0,0,0,0,0,0,0,0,0,0,0,0,0,1,3,1,2,2,2,1,1,1,1,1,0,0,0,0,0
2521,1,17,24,29,31,33,26,0,0,0,0,0,0,0,0,0,0,0,0,0,0,0,2,1,2,2,2,1,1,1,1,1,0,0,0,0,0
2521,1,18,32,25,30,32,33,0,0,0,0,0,0,0,0,0,0,2,2,2,2,1,2,2,2,2,2,1,1,1,1,1,0,0,0,0,0
2521,1,19,32,31,25,30,31,0,0,0,0,0,0,0,0,0,0,2,2,2,2,2,3,3,2,2,3,0,0,0,0,0,0,0,0,0,0
2521,1,20,40,30,29,25,28,0,0,0,0,0,0,0,0,0,0,2,2,2,2,2,5,4,4,3,4,1,1,1,1,1,1,1,1,0,1
2521,1,21,45,37,28,29,25,0,0,0,0,0,0,0,0,0,0,2,2,2,2,2,7,5,5,3,3,1,1,1,1,1,1,1,0,0,0
2521,1,22,30,41,35,28,28,0,0,0,0,0,0,0,0,0,0,2,2,2,2,2,4,6,5,3,4,1,1,1,1,1,0,1,0,0,0
2521,1,23,28,28,38,33,27,0,0,0,0,0,0,0,0,0,0,2,2,2,2,2,6,5,6,5,4,1,1,1,1,1,0,0,0,0,0
2521,1,24,34,27,28,37,33,0,0,0,0,0,0,0,0,0,0,3,2,3,4,4,6,4,4,6,5,1,1,1,1,1,0,0,0,0,0
2521,1,25,25,32,26,27,34,0,0,0,0,0,0,0,0,0,0,2,2,2,2,2,3,5,4,4,6,1,1,1,1,1,0,0,0,0,0
2521,1,26,26,25,31,26,27,0,0,0,0,0,0,0,0,0,0,2,2,2,2,2,3,3,4,3,3,1,1,1,1,1,0,0,0,0,0
2521,1,27,22,27,26,32,27,0,0,0,0,0,0,0,0,0,0,3,3,3,3,3,3,3,3,3,3,1,1,1,1,1,0,0,0,0,0
2521,1,28,27,24,28,27,33,0,0,0,0,0,0,0,0,0,0,3,3,3,3,3,3,2,3,3,3,1,1,1,1,1,0,0,0,0,0
2521,1,29,31,28,25,28,28,0,0,0,0,0,0,0,0,0,0,3,3,3,3,3,3,3,3,3,3,1,1,1,1,1,1,0,0,1,0
2521,1,30,38,31,28,25,27,0,0,0,0,0,0,0,0,0,0,3,3,3,3,2,4,3,3,3,3,1,1,1,1,1,1,1,1,1,1
2521,1,31,39,38,31,28,24,0,0,0,0,0,0,0,0,0,0,2,4,3,3,2,5,5,3,3,3,1,1,1,1,1,0,0,1,1,1
2521,1,32,36,37,36,31,28,0,0,0,0,0,0,0,0,0,0,3,3,3,3,3,5,5,5,4,3,1,1,1,1,1,1,1,1,0,1
2521,1,33,28,34,34,34,29,0,0,0,0,0,0,0,0,0,0,2,2,2,2,2,3,4,5,4,4,1,1,1,1,1,1,1,1,1,1
2521,1,34,31,27,33,33,33,0,0,0,0,0,0,0,0,0,0,3,3,3,3,3,4,4,4,4,4,1,1,1,1,1,1,1,1,1,1
2521,1,35,31,30,26,32,33,0,0,0,0,0,0,0,0,0,0,2,2,2,3,4,4,4,4,4,4,1,1,1,1,1,0,0,0,1,1
2521,1,36,19,29,28,27,30,0,0,0,0,0,0,0,0,0,0,2,2,2,2,2,2,4,5,2,4,1,1,1,1,1,0,1,0,0,1
2521,1,37,28,19,29,29,27,0,0,0,0,0,0,0,0,0,0,1,1,1,2,1,2,2,2,2,2,1,1,1,1,1,0,0,0,0,0
2521,1,38,30,29,20,30,30,0,0,0,0,0,0,0,0,0,0,2,2,2,2,2,2,2,2,2,2,1,1,1,1,1,0,0,0,0,0
2521,1,39,21,30,29,20,30,0,0,0,0,0,0,0,0,0,0,1,1,1,1,1,2,2,2,2,2,1,1,1,1,1,0,0,0,0,0
2521,1,40,15,22,31,30,21,0,0,0,0,0,0,0,0,0,0,2,2,2,2,2,0,2,2,2,2,1,1,1,1,1,0,0,0,0,0
2521,1,41,22,17,23,32,31,0,0,0,0,0,0,0,0,0,0,2,2,2,2,2,2,1,2,2,2,1,1,1,1,1,0,0,0,0,0
2521,1,42,28,23,18,24,32,0,0,0,0,0,0,0,0,0,0,0,1,1,1,1,1,1,1,1,2,1,1,1,1,1,0,0,0,0,0
2521,1,43,22,27,23,19,23,0,0,0,0,0,0,0,0,0,0,1,1,1,1,1,0,3,1,0,2,0,1,0,0,0,0,0,0,0,0
2521,1,44,22,23,28,24,21,0,0,0,0,0,0,0,0,0,0,1,1,1,1,1,1,1,1,1,0,0,1,1,1,1,0,0,0,0,0
2521,1,45,31,24,25,29,26,0,0,0,0,0,0,0,0,0,0,2,2,2,2,2,2,1,1,2,1,1,1,1,1,1,0,0,0,0,0
2521,1,46,24,31,26,27,30,0,0,0,0,0,0,0,0,0,0,1,1,2,2,2,0,2,1,1,2,1,1,1,1,1,0,0,0,0,0
2521,1,47,36,24,30,26,27,0,0,0,0,0,0,0,0,0,0,1,1,1,0,0,2,1,2,1,1,1,0,0,1,1,0,0,0,0,0
2521,1,48,26,36,25,30,27,0,0,0,0,0,0,0,0,0,0,1,1,1,1,3,2,2,1,1,2,1,1,1,0,0,0,0,0,0,0
2521,1,49,37,27,36,27,30,0,0,0,0,0,0,0,0,0,0,1,1,1,1,1,1,0,1,0,2,1,0,0,1,1,0,0,0,0,0
2521,1,50,37,39,30,39,30,0,0,0,0,0,0,0,0,0,0,2,2,2,2,1,1,1,0,1,0,0,1,1,2,2,0,0,0,0,0
2521,1,51,33,37,39,32,39,0,0,0,0,0,0,0,0,0,0,1,1,1,1,1,0,1,1,0,1,0,0,0,1,1,0,0,0,0,1
2521,1,52,39,34,37,38,33,0,0,0,0,0,0,0,0,0,0,1,1,1,1,1,1,0,1,1,0,0,0,0,0,0,1,0,0,1,0
2521,1,53,35,38,34,37,36,0,0,0,0,0,0,0,0,0,0,0,1,1,1,0,0,1,0,0,1,0,0,0,0,0,1,1,1,1,1
2521,1,54,36,37,38,35,38,0,0,0,0,0,0,0,0,0,0,2,2,1,1,1,0,0,1,0,0,0,0,0,0,0,0,0,0,0,0
2521,1,55,40,36,36,38,36,0,0,0,0,0,0,0,0,0,0,0,0,0,1,1,1,0,1,1,0,0,0,0,0,0,0,0,0,0,0
2521,1,56,47,42,38,38,39,0,0,0,0,0,0,0,0,0,0,2,2,2,2,1,1,0,0,0,0,0,0,0,0,0,0,0,0,0,0
2521,1,57,39,47,42,38,38,0,0,0,0,0,0,0,0,0,0,1,1,1,1,1,0,1,1,1,1,0,0,0,0,0,0,0,0,0,0
2521,1,58,41,39,48,43,39,0,0,0,0,0,0,0,0,0,0,1,1,2,2,2,1,1,1,1,1,0,0,0,0,0,0,0,0,0,0
2521,1,59,48,41,39,49,44,0,0,0,0,0,0,0,0,0,0,1,1,1,2,2,1,1,1,1,1,0,0,0,0,0,0,0,0,0,0
2521,1,60,39,49,43,42,50,0,0,0,0,0,0,0,0,0,0,2,1,2,3,1,0,0,0,0,0,0,0,0,0,0,0,0,0,0,0
2521,1,61,46,40,51,45,44,0,0,0,0,0,1,0,0,0,0,1,1,2,2,2,0,0,0,0,0,0,0,0,0,0,0,0,0,0,0
2521,1,62,52,46,41,50,46,0,0,0,0,0,2,1,0,1,0,1,1,1,1,1,1,0,0,1,0,0,0,0,0,0,0,0,0,0,0
2521,1,63,51,52,47,42,50,0,0,0,0,0,1,1,1,1,2,2,2,2,2,2,0,1,0,0,0,0,0,0,0,0,0,0,0,0,0
2521,1,64,51,52,53,47,41,0,0,0,0,0,1,1,1,2,2,2,2,2,2,1,0,0,0,0,0,0,0,0,0,0,0,0,0,0,0
2521,1,65,69,51,52,53,46,0,0,0,0,0,1,1,1,1,2,1,1,1,1,1,1,0,0,0,0,0,0,0,0,0,0,0,0,0,0
2521,1,66,55,69,51,52,53,0,0,0,0,0,1,1,1,1,1,2,1,1,1,1,0,0,0,0,0,0,0,0,0,0,0,0,0,0,0
2521,1,67,51,56,70,52,53,0,0,0,0,0,1,1,1,1,1,2,2,2,2,2,0,0,0,0,0,0,0,0,0,0,0,0,0,0,0
2521,1,68,72,51,56,69,53,0,0,0,0,0,1,1,1,1,1,1,1,1,1,2,1,0,0,1,0,0,0,0,0,0,0,0,0,0,0
2521,1,69,66,71,51,56,68,0,0,0,0,0,1,1,1,1,1,1,1,1,1,1,0,1,0,0,1,0,0,0,0,0,0,0,0,0,0
2521,1,70,67,64,69,50,55,0,0,0,0,0,1,1,1,1,1,0,0,0,0,0,1,1,1,0,0,0,0,0,0,0,0,0,0,0,0
2521,1,71,57,66,64,68,50,0,0,0,0,0,1,1,1,1,1,1,1,1,1,1,0,1,0,1,0,0,0,0,0,0,0,0,0,0,0
2521,1,72,69,56,64,62,66,0,0,0,0,0,2,1,1,1,1,0,0,0,0,0,1,0,1,1,1,0,0,0,0,0,0,0,0,0,0
2521,1,73,57,66,55,62,61,0,0,0,0,0,1,2,1,1,1,0,0,0,0,0,0,1,0,1,0,0,0,0,0,0,0,0,0,0,0
2521,1,74,64,56,64,55,62,0,0,0,0,0,2,2,2,1,1,1,1,1,1,1,0,0,1,0,0,0,0,0,0,0,0,0,0,0,0
2521,1,75,49,62,55,62,53,0,0,0,0,0,1,2,2,2,2,1,1,1,1,0,0,1,0,1,0,0,0,0,0,0,0,0,0,0,0
2521,1,76,42,48,60,53,61,0,0,0,0,0,2,2,2,2,2,1,1,1,1,2,0,0,1,1,1,0,0,0,0,0,0,0,0,0,0
2521,1,77,37,40,46,57,51,0,0,0,0,0,1,2,2,2,2,0,0,0,0,0,0,0,0,1,0,0,0,0,0,0,0,0,0,0,0
2521,1,78,34,35,38,44,55,0,0,0,0,0,2,2,2,2,2,0,0,0,0,0,0,0,0,0,0,0,0,0,0,0,0,0,0,0,0
2521,1,79,37,32,33,36,42,0,0,0,0,0,2,2,2,2,2,0,0,0,0,0,0,0,0,0,0,0,0,0,0,0,0,0,0,0,0
2521,2,0,25,24,24,25,25,26,25,25,25,25,0,0,0,0,0,0,0,0,1,0,2,2,2,2,1,1,1,1,1,1,0,0,0,0,0
2521,2,1,29,26,25,24,25,0,0,0,0,0,0,0,0,0,0,2,2,2,1,1,3,2,2,2,2,1,1,1,1,1,0,0,0,0,0
2521,2,2,26,29,26,25,24,0,0,0,0,0,0,0,0,0,0,1,1,1,1,1,2,2,2,2,2,1,1,1,1,1,0,0,0,0,0
2521,2,3,21,26,30,27,26,0,0,0,0,0,0,0,0,0,0,1,1,2,2,2,2,2,2,2,2,1,1,1,1,1,0,0,0,0,0
2521,2,4,31,22,27,31,28,0,0,0,0,0,0,0,0,0,0,2,2,2,2,2,2,2,2,2,2,1,1,1,1,1,0,0,0,0,0
2521,2,5,27,32,23,27,31,0,0,0,0,0,0,0,0,0,0,2,2,1,1,1,2,2,1,2,2,1,1,1,1,1,0,0,0,0,0
2521,2,6,32,28,33,24,28,0,0,0,0,0,0,0,0,0,0,1,1,1,1,1,1,1,1,1,1,1,1,1,1,1,0,0,0,0,0
2521,2,7,28,33,29,34,25,0,0,0,0,0,0,0,0,0,0,0,1,1,1,1,1,1,1,1,1,1,1,1,1,1,0,0,0,0,0
2521,2,8,27,29,34,30,34,0,0,0,0,0,0,0,0,0,0,1,1,1,1,0,1,1,1,1,1,1,1,1,1,1,0,0,0,0,0
2521,2,9,30,27,29,34,30,0,0,0,0,0,0,0,0,0,0,1,1,1,1,1,1,1,1,1,1,1,0,0,0,0,0,0,0,0,0
2521,2,10,36,30,27,28,33,0,0,0,0,0,0,0,0,0,0,1,1,1,0,1,2,1,1,1,2,0,0,0,0,0,0,0,0,0,0
2521,2,11,28,34,28,26,27,0,0,0,0,0,0,0,0,0,0,0,0,0,0,0,2,2,2,1,1,0,0,0,0,0,0,0,0,0,0
2521,2,12,33,27,33,27,26,0,0,0,0,0,0,0,0,0,0,0,0,0,0,0,2,2,2,2,1,1,1,1,1,1,0,0,0,0,0
2521,2,13,30,34,28,33,29,0,0,0,0,0,0,0,0,0,0,1,2,1,1,2,1,2,1,2,1,1,1,1,1,1,0,0,0,0,0
2521,2,14,26,30,33,29,32,0,0,0,0,0,0,0,0,0,0,0,0,0,0,0,1,1,2,0,2,1,1,1,1,1,0,0,0,0,0
2521,2,15,29,28,31,33,30,0,0,0,0,0,0,0,0,0,0,1,1,1,1,1,0,0,1,2,1,1,1,1,1,1,0,0,0,0,0
2521,2,16,36,30,29,32,34,0,0,0,0,0,0,0,0,0,0,0,0,0,0,0,1,0,0,0,0,1,1,1,1,1,0,0,0,0,0
2521,2,17,35,38,31,30,33,0,0,0,0,0,0,0,0,0,0,1,2,1,1,1,1,1,1,1,1,1,1,1,1,1,0,0,0,0,0
2521,2,18,37,33,36,29,29,0,0,0,0,0,0,0,0,0,0,0,0,0,0,0,3,3,3,3,2,1,1,1,1,1,0,0,0,0,0
2521,2,19,19,34,30,33,25,0,0,0,0,0,0,0,0,0,0,1,2,2,2,1,3,5,5,5,5,1,1,1,1,1,0,1,1,1,1
2521,2,20,26,17,30,26,29,0,0,0,0,0,0,0,0,0,0,2,2,2,2,3,7,4,7,6,7,1,1,1,1,1,1,1,0,1,1
2521,2,21,19,25,16,27,24,0,0,0,0,0,0,0,0,0,0,3,3,3,3,4,5,5,4,7,5,1,1,1,1,1,1,0,1,0,2
2521,2,22,21,19,22,17,25,0,0,0,0,0,0,0,0,0,0,4,4,3,4,5,5,4,5,3,6,1,1,1,1,1,0,1,2,1,2
2521,2,23,20,19,19,20,17,0,0,0,0,0,0,0,0,0,0,4,3,3,4,4,5,5,4,5,4,1,1,1,0,0,1,1,0,1,0
2521,2,24,19,20,17,19,19,0,0,0,0,0,0,0,0,0,0,4,3,2,4,2,4,4,4,4,4,0,1,0,0,1,0,0,0,0,0
2521,2,25,26,20,20,18,19,0,0,0,0,0,0,0,0,0,0,3,4,3,3,3,5,4,4,3,4,1,1,1,1,1,0,0,0,0,0
2521,2,26,19,27,19,20,17,0,0,0,0,0,0,0,0,0,0,3,4,2,3,2,4,4,4,4,4,1,1,1,1,1,0,0,0,0,0
2521,2,27,24,20,26,19,20,0,0,0,0,0,0,0,0,0,0,3,3,3,3,3,4,3,4,4,4,1,1,1,1,1,1,0,1,0,0
2521,2,28,23,22,18,24,18,0,0,0,0,0,0,0,0,0,0,2,2,2,2,2,4,4,4,4,3,1,1,1,1,1,1,1,1,1,1
2521,2,29,27,24,22,18,22,0,0,0,0,0,0,0,0,0,0,4,4,3,2,2,4,3,3,2,4,1,1,1,1,1,1,1,1,1,1
2521,2,30,26,27,24,23,19,0,0,0,0,0,0,0,0,0,0,3,3,3,3,3,4,4,3,2,2,1,1,1,1,1,1,0,1,1,1
2521,2,31,24,23,25,22,23,0,0,0,0,0,0,0,0,0,0,2,2,2,2,2,4,5,4,4,2,1,1,1,1,1,1,1,1,1,1
2521,2,32,23,23,23,25,23,0,0,0,0,0,0,0,0,0,0,2,2,2,2,2,2,4,3,3,2,1,1,1,1,1,0,0,0,0,0
2521,2,33,29,23,22,22,24,0,0,0,0,0,0,0,0,0,0,2,1,1,1,1,3,2,3,3,3,1,1,1,1,1,0,0,0,0,0
2521,2,34,25,28,23,22,23,0,0,0,0,0,0,0,0,0,0,1,1,1,1,2,3,3,2,2,2,1,1,1,1,1,0,0,0,0,0
2521,2,35,13,23,26,22,21,0,0,0,0,0,0,0,0,0,0,0,0,0,0,0,2,2,2,2,2,1,1,1,1,1,0,1,1,0,0
2521,2,36,18,13,22,25,21,0,0,0,0,0,0,0,0,0,0,1,1,1,1,1,2,2,2,2,2,1,1,1,1,1,1,0,1,1,1
2521,2,37,14,18,14,21,24,0,0,0,0,0,0,0,0,0,0,1,1,1,1,1,1,2,1,2,2,1,1,1,1,1,0,0,0,1,1
2521,2,38,24,16,18,15,21,0,0,0,0,0,0,0,0,0,0,1,1,1,1,1,2,0,2,1,2,1,1,1,1,1,0,0,0,0,0
2521,2,39,15,25,19,20,17,0,0,0,0,0,0,0,0,0,0,2,2,2,2,1,0,2,0,1,0,1,1,1,1,1,0,0,0,0,0
2521,2,40,26,17,25,20,21,0,0,0,0,0,0,0,0,0,0,1,2,2,1,1,0,0,2,0,0,0,0,0,0,0,0,0,0,0,0
2521,2,41,21,26,17,25,20,0,0,0,0,0,0,0,0,0,0,0,0,0,0,0,0,0,0,0,0,0,0,0,0,0,0,0,0,0,0
2521,2,42,21,21,26,17,25,0,0,0,0,0,0,0,0,0,0,0,0,0,0,0,0,0,0,0,0,0,0,0,0,0,0,0,0,0,0
2521,2,43,19,21,21,26,17,0,0,0,0,0,0,0,0,0,0,0,0,0,0,0,0,0,0,0,0,0,0,0,0,0,0,0,0,0,0
2521,2,44,24,19,21,21,25,0,0,0,0,0,0,0,0,0,0,0,0,0,0,0,0,0,0,0,1,0,0,0,0,0,0,0,0,0,0
2521,2,45,22,24,19,22,22,0,0,0,0,0,0,0,0,0,0,1,1,1,1,1,1,1,1,1,1,1,0,0,1,1,0,0,0,0,0
2521,2,46,19,23,25,19,22,0,0,0,0,0,0,0,0,0,0,2,2,2,1,1,1,1,1,1,1,0,0,0,0,0,0,0,0,0,0
2521,2,47,29,21,25,27,21,0,0,0,0,0,0,0,0,0,0,3,3,3,3,3,1,1,1,1,1,0,0,0,0,0,0,0,0,0,0
2521,2,48,29,30,21,26,27,0,0,0,0,0,0,0,0,0,0,2,2,1,2,1,1,1,1,1,1,0,0,0,0,0,0,0,0,0,0
2521,2,49,41,29,30,21,26,0,0,0,0,0,0,0,0,0,0,1,1,1,1,1,2,1,1,1,1,0,0,0,0,0,0,0,0,0,0
2521,2,50,28,40,28,29,21,0,0,0,0,0,0,0,0,0,0,1,1,1,1,1,1,2,2,2,1,0,0,0,0,0,0,0,0,0,0
2521,2,51,34,27,38,26,27,0,0,0,0,0,0,0,0,0,0,0,0,0,0,0,2,1,2,2,2,0,0,0,0,0,0,0,0,0,0
2521,2,52,22,34,28,38,27,0,0,0,0,0,0,0,0,0,0,1,1,1,1,1,0,2,1,2,1,1,1,1,1,1,0,0,0,0,0
2521,2,53,27,23,34,28,37,0,0,0,0,0,0,0,0,0,0,1,1,1,1,1,1,0,1,1,2,0,0,0,0,0,0,0,0,0,0
2521,2,54,34,29,24,34,29,0,0,0,0,0,0,0,0,0,0,2,2,1,1,1,0,0,0,1,0,0,0,0,0,0,0,0,0,0,0
2521,2,55,28,34,30,25,34,0,0,0,0,0,0,0,0,0,0,1,1,1,1,1,0,1,0,0,1,0,0,0,0,0,0,0,0,0,0
2521,2,56,32,29,34,31,26,0,0,0,0,0,0,0,0,0,0,1,1,1,1,1,0,0,1,0,0,0,0,0,0,0,0,0,0,0,0
2521,2,57,35,32,29,34,31,0,0,0,0,0,0,0,0,0,0,1,1,1,1,1,1,1,1,1,1,0,0,0,0,0,0,0,0,0,0
2521,2,58,36,35,33,30,34,0,0,0,0,0,0,0,0,0,0,1,1,1,1,1,1,1,0,0,1,0,0,0,0,0,0,0,0,0,0
2521,2,59,41,37,36,34,31,0,0,0,0,0,0,0,0,0,0,1,1,1,1,1,0,0,0,0,0,0,0,0,0,0,0,0,0,0,0
2521,2,60,43,42,38,37,35,0,0,0,0,0,0,0,0,0,0,1,1,1,1,1,0,0,0,0,0,0,0,0,0,0,0,0,0,0,0
2521,2,61,42,45,43,39,38,0,0,0,0,0,0,0,0,0,0,2,2,1,1,1,0,0,0,0,0,0,0,0,0,0,0,0,0,0,0
2521,2,62,48,43,45,44,40,0,0,0,0,0,0,0,0,0,0,1,1,1,1,1,1,0,1,0,0,0,0,0,0,0,0,0,0,0,0
2521,2,63,37,48,44,46,45,0,0,0,0,0,0,0,0,0,0,1,1,1,1,1,0,1,0,0,0,0,0,0,0,0,0,0,0,0,0
2521,2,64,48,38,48,45,47,0,0,0,0,0,0,0,0,0,0,1,1,1,1,1,0,0,1,0,0,0,0,0,0,0,0,0,0,0,0
2521,2,65,48,48,39,47,46,0,0,0,0,0,0,0,0,0,0,1,1,1,1,1,1,1,0,2,0,0,0,0,0,0,0,0,0,0,0
2521,2,66,49,49,49,40,48,0,0,0,0,0,0,0,0,0,0,1,1,1,1,1,0,0,0,0,0,0,0,0,0,0,0,0,0,0,0
2521,2,67,51,50,50,50,41,0,0,0,0,0,0,0,0,0,0,1,1,1,1,1,0,0,0,0,0,0,0,0,0,0,0,0,0,0,0
2521,2,68,59,52,50,50,50,0,0,0,0,0,0,0,1,1,1,1,1,1,1,1,0,0,0,0,0,0,0,0,0,0,0,0,0,0,0
2521,2,69,40,57,51,48,48,0,0,0,0,0,1,1,0,1,1,0,0,0,0,0,1,1,1,1,1,0,0,0,0,0,0,0,0,0,0
2521,2,70,61,39,56,50,47,0,0,0,0,0,1,1,1,1,1,1,1,1,1,1,1,1,1,1,1,0,0,0,0,0,0,0,0,0,0
2521,2,71,35,59,38,54,48,0,0,0,0,0,0,1,0,1,1,0,0,0,0,0,1,1,1,1,1,0,0,0,0,0,0,0,0,0,0
2521,2,72,46,35,57,37,52,0,0,0,0,0,1,0,1,1,1,0,0,0,0,0,1,0,1,0,1,0,0,0,0,0,0,0,0,0,0
2521,2,73,47,45,35,55,36,0,0,0,0,0,1,1,0,1,1,0,0,0,0,0,0,0,0,1,0,0,0,0,0,0,0,0,0,0,0
2521,2,74,52,46,44,34,54,0,0,0,0,0,1,1,1,1,1,0,0,0,0,0,0,0,0,0,0,0,0,0,0,0,0,0,0,0,0
2521,2,75,38,53,47,45,35,0,0,0,0,0,1,1,1,1,1,2,2,2,2,2,0,0,0,0,0,0,0,0,0,0,0,0,0,0,0
2521,2,76,37,37,52,46,44,0,0,0,0,0,1,1,1,1,1,0,0,0,0,0,0,0,0,0,0,0,0,0,0,0,0,0,0,0,0
2521,2,77,40,36,36,50,44,0,0,0,0,0,1,1,1,1,1,0,0,0,0,0,0,0,0,1,1,0,0,0,0,0,0,0,0,0,0
2521,2,78,34,38,34,34,48,0,0,0,0,0,1,1,1,1,1,0,0,0,0,0,1,1,1,1,1,0,0,0,0,0,0,0,0,0,0
2521,2,79,44,32,36,33,32,0,0,0,0,0,0,1,1,1,1,0,0,0,1,0,1,1,1,1,1,0,0,0,0,0,0,0,0,0,0
2523,1,0,87,85,84,83,82,89,87,86,85,84,1,1,1,1,1,2,2,2,2,2,3,3,3,3,3,0,0,0,0,0,0,0,0,0,0
2523,1,1,97,88,86,85,84,0,0,0,0,0,0,0,0,0,0,4,4,4,4,4,4,4,4,4,4,1,1,1,1,1,0,0,0,0,0
2523,1,2,89,96,87,85,84,0,0,0,0,0,0,0,0,0,0,3,3,3,3,3,4,4,4,3,3,1,1,1,1,1,0,1,1,2,2
2523,1,3,99,89,95,87,85,0,0,0,0,0,0,0,0,0,0,2,2,2,2,2,3,3,3,3,3,1,1,1,1,1,1,0,1,0,0
2523,1,4,92,98,89,95,88,0,0,0,0,0,0,0,0,0,0,2,2,2,2,2,3,3,2,3,2,1,1,1,1,1,0,1,1,0,0
2523,1,5,108,92,98,89,95,0,0,0,0,0,0,0,0,0,0,2,2,2,2,2,3,3,3,3,3,1,1,1,1,1,0,0,0,0,0
2523,1,6,88,105,91,95,88,0,0,0,0,0,0,0,0,0,0,2,2,2,2,2,2,4,2,4,3,1,0,0,0,0,0,1,1,1,0
2523,1,7,78,86,104,90,95,0,0,0,0,0,0,0,0,0,0,2,2,2,2,2,2,4,4,3,3,1,1,1,1,1,1,1,0,1,0
2523,1,8,89,76,84,101,88,0,0,0,0,0,0,0,0,0,0,0,0,0,0,0,2,2,3,4,2,1,1,1,1,1,1,1,0,0,1
2523,1,9,93,87,75,83,97,0,0,0,0,0,0,0,0,0,0,0,0,0,0,0,2,2,2,2,3,1,1,1,1,1,1,1,0,0,2
2523,1,10,73,92,87,75,82,0,0,0,0,0,0,0,0,0,0,1,0,1,1,0,2,2,2,2,2,1,1,1,1,1,0,0,0,0,0
2523,1,11,89,74,92,88,76,0,0,0,0,0,0,0,0,0,0,2,2,2,2,2,2,2,2,2,2,1,1,1,1,1,0,0,1,0,0
2523,1,12,88,88,74,91,88,0,0,0,0,0,0,0,0,0,0,1,1,1,1,1,2,2,2,2,2,1,1,1,1,1,1,1,0,1,0
2523,1,13,83,88,88,75,90,0,0,0,0,0,0,0,0,0,0,2,2,2,2,2,3,3,3,2,3,1,1,1,1,0,0,0,0,0,0
2523,1,14,98,83,88,87,75,0,0,0,0,0,0,0,0,0,0,1,1,1,1,1,3,2,2,3,2,1,1,1,1,1,0,0,0,0,0
2523,1,15,75,97,82,87,86,0,0,0,0,0,0,0,0,0,0,1,1,1,1,1,2,3,3,3,3,1,1,1,1,1,0,0,0,0,0
2523,1,16,88,74,96,82,86,0,0,0,0,0,0,0,0,0,0,0,0,1,1,0,2,2,3,2,2,1,1,1,1,1,0,0,0,0,0
2523,1,17,79,89,75,97,83,0,0,0,0,0,0,0,0,0,0,2,2,2,2,2,2,2,2,2,2,1,1,1,1,1,0,0,0,0,0
2523,1,18,82,80,89,77,97,0,0,0,0,0,0,0,0,0,0,3,3,3,3,3,4,3,4,2,4,0,1,1,1,1,0,0,0,0,0
2523,1,19,78,81,79,86,77,0,0,0,0,0,0,0,0,0,0,3,3,3,3,4,5,5,5,7,5,1,1,1,1,1,0,0,0,0,0
2523,1,20,100,74,76,75,81,0,0,0,0,0,1,0,0,0,0,4,3,3,4,4,9,7,7,7,8,1,1,1,1,1,1,1,2,2,2
2523,1,21,104,96,73,74,74,0,0,0,0,0,0,0,0,0,0,7,7,6,6,6,11,10,7,8,7,1,1,1,1,1,0,2,1,1,1
2523,1,22,71,102,94,74,74,0,0,0,0,0,0,0,0,0,0,7,8,7,7,7,7,11,10,7,8,1,1,1,1,1,0,0,0,0,0
2523,1,23,82,72,100,92,75,0,0,0,0,0,0,0,0,0,0,8,8,8,8,7,9,7,10,11,7,0,0,0,1,1,0,0,0,0,0
2523,1,24,81,82,74,98,88,0,0,0,0,0,1,1,1,1,1,8,8,8,8,7,7,7,6,9,10,2,0,1,1,1,0,0,0,1,1
2523,1,25,87,83,82,77,99,0,0,0,0,0,0,0,0,0,0,8,8,7,9,9,7,6,6,6,8,1,1,0,1,1,1,1,1,1,1
2523,1,26,116,91,87,85,81,0,0,0,0,0,1,0,0,0,0,10,10,10,8,9,9,7,7,6,6,2,2,1,1,1,0,1,0,0,0
2523,1,27,113,119,95,89,88,0,0,0,0,0,0,0,0,0,0,12,10,10,10,10,9,9,8,8,8,2,2,2,0,1,0,0,0,0,0
2523,1,28,145,116,118,96,90,0,0,0,0,0,0,0,0,0,0,10,10,8,8,8,12,9,10,8,8,2,2,1,1,1,0,0,0,0,0
2523,1,29,137,143,115,118,96,0,0,0,0,0,0,0,0,0,0,8,8,8,8,8,11,12,9,9,8,2,2,0,1,1,0,0,0,0,1
2523,1,30,137,133,137,112,115,0,0,0,0,0,0,0,0,0,0,6,6,6,6,6,11,11,11,9,9,2,2,0,1,1,1,1,1,1,1
2523,1,31,135,135,132,135,111,0,0,0,0,0,0,0,0,0,0,7,8,8,8,7,10,9,9,10,8,2,0,1,1,1,1,1,1,1,1
2523,1,32,128,132,133,130,133,0,0,0,0,0,0,0,0,0,0,6,7,7,7,7,9,9,9,9,9,2,0,1,1,1,1,1,1,1,1
2523,1,33,132,127,129,130,127,0,0,0,0,0,0,0,0,0,0,5,5,5,5,5,8,7,8,8,8,1,1,1,1,1,1,0,1,1,1
2523,1,34,122,131,126,128,129,0,0,0,0,0,0,0,0,0,0,4,5,5,5,5,6,7,7,7,7,1,1,1,1,1,0,0,0,0,0
2523,1,35,107,121,130,126,128,0,0,0,0,0,0,0,0,0,0,4,4,6,6,6,6,6,7,6,6,1,1,1,1,1,1,0,1,1,1
2523,1,36,101,108,121,127,124,0,0,0,0,0,1,1,1,1,1,5,6,6,6,6,5,5,5,7,7,1,1,1,1,1,0,0,1,2,1
2523,1,37,95,100,107,119,124,0,0,0,0,0,1,1,1,1,1,4,4,4,4,4,5,5,5,6,6,1,1,1,1,1,0,0,0,0,1
2523,1,38,116,95,99,106,117,0,0,0,0,0,1,1,1,1,1,4,4,4,4,4,5,4,5,5,5,1,1,1,1,1,1,0,0,0,1
2523,1,39,93,114,93,97,104,0,0,0,0,0,0,0,0,0,0,3,3,3,3,3,5,5,5,5,5,1,1,1,1,1,1,1,1,1,1
2523,1,40,106,91,111,90,92,0,0,0,0,0,1,1,1,1,1,3,3,3,2,2,5,4,5,4,5,1,1,1,1,0,1,1,1,1,1
2523,1,41,90,104,89,109,88,0,0,0,0,0,0,0,0,0,0,3,3,3,3,3,4,4,4,4,4,1,0,0,0,0,1,1,1,1,1
2523,1,42,84,85,100,84,104,0,0,0,0,0,2,2,2,2,2,3,2,3,2,2,4,4,4,4,4,1,1,1,0,0,0,2,2,1,1
2523,1,43,98,85,85,100,85,0,0,0,0,0,0,0,0,0,0,2,2,2,3,3,2,2,2,3,2,1,1,0,0,0,0,0,0,0,0
2523,1,44,98,97,85,84,99,0,0,0,0,0,1,1,0,1,1,2,2,2,2,2,2,2,2,2,2,0,0,0,0,0,0,0,0,0,0
2523,1,45,92,98,96,85,84,0,0,0,0,0,0,0,0,0,0,2,2,2,2,2,2,2,3,2,2,0,0,0,0,0,0,0,0,0,0
2523,1,46,101,89,97,93,83,0,0,0,0,0,1,2,1,2,2,2,2,2,2,2,3,3,2,3,2,0,0,0,0,0,0,0,0,0,0
2523,1,47,102,100,90,98,91,0,0,0,0,0,0,0,0,0,0,2,1,2,2,2,3,3,2,2,3,1,1,1,1,0,0,0,0,0,1
2523,1,48,96,101,97,90,97,0,0,0,0,0,0,0,1,0,0,1,1,1,1,1,2,2,2,2,2,1,1,1,2,2,1,1,2,1,2
2523,1,49,105,96,100,97,89,0,0,0,0,0,1,1,1,1,1,2,2,2,2,2,2,2,3,2,2,1,1,1,1,0,0,0,0,0,0
2523,1,50,100,105,96,99,96,0,0,0,0,0,1,1,1,1,1,2,2,2,2,2,2,2,2,2,2,1,1,1,0,0,0,0,0,0,0
2523,1,51,109,101,105,97,100,0,0,0,0,0,0,0,1,0,0,3,2,3,3,3,2,2,2,2,2,0,1,0,0,0,0,0,0,0,0
2523,1,52,120,109,101,105,96,0,0,0,0,0,1,1,1,1,2,3,3,3,3,3,3,2,2,2,2,0,0,0,0,0,0,0,0,0,0
2523,1,53,127,118,108,101,105,0,0,0,0,0,1,1,0,0,0,2,2,2,2,2,3,3,3,2,2,0,0,0,0,0,0,0,0,0,0
2523,1,54,141,125,116,107,100,0,0,0,0,0,1,1,1,1,1,2,2,2,2,2,3,3,3,2,2,0,0,0,0,0,0,0,0,0,0
2523,1,55,129,141,125,116,107,0,0,0,0,0,0,0,0,0,0,2,2,2,2,2,2,2,2,2,2,0,0,0,0,0,0,0,0,0,0
2523,1,56,158,127,139,124,114,0,0,0,0,0,1,1,1,1,1,1,1,1,2,1,2,2,2,2,2,0,0,0,0,0,0,0,0,0,0
2523,1,57,118,157,126,138,123,0,0,0,0,0,0,0,0,0,0,1,1,1,1,1,2,2,2,2,2,0,0,0,0,0,0,0,0,0,0
2523,1,58,104,117,156,125,137,0,0,0,0,0,1,1,1,1,1,2,2,2,2,2,2,2,2,2,2,0,0,0,0,0,0,0,0,0,0
2523,1,59,140,103,116,155,124,0,0,0,0,0,1,1,1,1,1,2,2,2,2,2,2,2,2,2,2,0,0,0,0,0,0,0,0,0,0
2523,1,60,124,139,101,115,153,0,0,0,0,0,1,1,2,1,1,2,2,2,2,2,2,2,2,2,3,0,0,0,0,0,0,0,0,0,0
2523,1,61,146,121,136,99,114,0,0,0,0,0,1,1,1,1,1,1,1,1,1,2,3,3,3,2,2,0,0,0,0,0,0,0,0,0,0
2523,1,62,131,143,118,133,96,0,0,0,0,0,1,1,1,1,2,1,1,1,1,1,3,3,3,3,2,0,0,0,0,0,0,0,0,0,0
2523,1,63,127,128,139,115,130,0,0,0,0,0,1,1,1,1,1,0,0,0,0,0,2,2,3,2,2,0,0,0,0,0,0,0,0,0,0
2523,1,64,133,124,125,135,112,0,0,0,0,0,1,1,1,1,1,0,0,0,0,0,3,2,2,3,2,0,0,0,0,0,0,0,0,0,0
2523,1,65,128,131,122,123,131,0,0,0,0,0,1,1,1,1,1,1,1,1,1,1,2,2,2,2,4,0,0,0,0,0,0,0,0,0,0
2523,1,66,129,125,129,119,119,0,0,0,0,0,2,1,1,1,2,0,0,1,0,0,2,2,2,2,2,0,0,0,0,0,0,0,0,0,0
2523,1,67,110,125,121,125,115,0,0,0,0,0,2,2,2,2,2,0,0,0,0,0,2,2,2,2,2,0,0,0,0,0,0,0,0,0,0
2523,1,68,99,108,120,119,122,0,0,0,0,0,1,1,2,1,2,0,0,0,0,0,1,1,3,1,1,0,0,0,0,0,0,0,0,0,0
2523,1,69,126,97,106,118,117,0,0,0,0,0,1,1,1,1,1,0,0,0,0,0,1,1,1,1,1,0,0,0,0,0,0,0,0,0,0
2523,1,70,117,123,95,103,115,0,0,0,0,0,2,2,2,2,2,0,0,1,0,0,1,1,1,1,1,0,0,0,0,0,0,0,0,0,0
2523,1,71,126,114,120,93,101,0,0,0,0,0,2,2,2,1,1,0,0,0,0,0,1,1,1,1,1,0,0,0,0,0,0,0,0,0,0
2523,1,72,115,120,108,114,89,0,0,0,0,0,4,4,4,4,3,0,0,0,0,0,1,2,2,2,1,0,0,0,0,0,0,0,0,0,0
2523,1,73,123,110,115,103,109,0,0,0,0,0,3,3,3,3,3,0,0,0,0,0,2,2,2,2,2,0,0,0,0,0,0,0,0,0,0
2523,1,74,121,118,105,110,99,0,0,0,0,0,4,4,4,4,3,1,1,1,1,2,2,2,2,2,3,0,0,0,0,0,0,0,0,0,0
2523,1,75,84,115,112,101,105,0,0,0,0,0,3,4,4,3,4,0,0,0,0,0,1,2,2,1,1,0,0,0,0,0,0,0,0,0,0
2523,1,76,91,81,111,108,97,0,0,0,0,0,4,3,4,4,4,1,1,1,1,1,1,1,1,1,1,0,0,0,0,0,0,0,0,0,0
2523,1,77,82,87,78,105,104,0,0,0,0,0,4,4,4,5,4,0,1,1,1,1,1,1,0,2,1,0,0,0,0,0,0,0,0,0,0
2523,1,78,81,78,82,74,97,0,0,0,0,0,4,4,5,4,5,0,0,0,0,0,1,0,0,0,3,0,0,0,0,0,0,0,0,0,0
2523,1,79,88,77,74,78,70,0,0,0,0,0,5,4,4,4,4,0,0,0,0,0,1,0,0,0,0,0,0,0,0,0,0,0,0,0,0
2523,2,0,84,83,80,79,78,84,83,81,80,79,0,0,0,0,0,1,1,1,1,1,2,2,2,2,2,1,1,0,0,0,0,0,0,0,0
2523,2,1,67,84,83,80,80,0,0,0,0,0,0,0,0,0,0,3,3,3,3,3,3,4,4,4,3,1,1,1,1,1,0,0,0,0,0
2523,2,2,89,68,84,84,80,0,0,0,0,0,0,0,0,0,0,4,3,3,3,3,4,3,4,3,3,1,1,1,1,0,0,0,0,0,0
2523,2,3,92,89,67,83,83,0,0,0,0,0,0,0,0,0,0,2,2,2,2,2,5,3,3,3,3,1,1,0,0,0,0,0,0,0,0
2523,2,4,95,90,88,67,81,0,0,0,0,0,0,0,0,0,0,2,2,2,2,1,4,4,3,2,3,1,0,0,0,0,0,0,0,0,0
2523,2,5,93,95,90,88,67,0,0,0,0,0,0,0,0,0,0,2,2,2,2,2,3,3,3,3,2,1,1,1,1,0,0,0,0,0,0
2523,2,6,90,93,94,90,88,0,0,0,0,0,0,0,0,0,0,2,2,2,2,2,3,3,3,3,3,1,1,1,1,1,0,0,1,0,0
2523,2,7,105,89,91,94,89,0,0,0,0,0,0,0,0,0,0,1,1,1,2,1,3,3,3,3,3,1,1,1,1,1,1,0,1,0,0
2523,2,8,85,104,91,92,95,0,0,0,0,0,0,0,0,0,0,2,2,2,2,2,2,4,1,2,2,1,1,1,1,1,0,0,0,0,0
2523,2,9,80,84,103,90,91,0,0,0,0,0,0,0,0,0,0,1,1,1,1,1,3,3,3,3,3,1,1,1,1,1,0,0,0,0,0
2523,2,10,83,80,84,103,90,0,0,0,0,0,0,0,0,0,0,2,2,2,2,2,3,3,3,3,3,1,1,1,1,1,0,0,0,0,0
2523,2,11,91,82,79,83,101,0,0,0,0,0,0,0,0,0,0,1,1,1,1,1,3,3,3,3,3,1,1,1,1,1,0,0,0,0,1
2523,2,12,71,88,80,76,80,0,0,0,0,0,0,0,0,0,0,1,1,1,1,1,3,3,3,3,3,1,1,1,1,1,1,2,1,2,2
2523,2,13,77,70,86,79,74,0,0,0,0,0,0,0,0,0,0,1,1,1,1,1,3,3,3,3,3,1,1,1,1,0,0,0,1,0,0
2523,2,14,86,77,70,85,79,0,0,0,0,0,0,0,0,0,0,1,1,1,1,1,3,2,2,3,2,1,1,1,1,1,0,0,0,0,0
2523,2,15,74,87,78,71,86,0,0,0,0,0,0,0,0,0,0,2,2,2,2,2,2,2,2,2,2,1,1,1,1,1,0,0,0,0,0
2523,2,16,89,75,88,79,71,0,0,0,0,0,0,0,0,0,0,2,2,2,2,2,2,2,2,2,2,1,1,1,1,0,0,0,0,0,0
2523,2,17,74,87,74,86,77,0,0,0,0,0,0,0,0,0,0,1,1,1,1,1,2,4,2,4,3,1,1,0,1,0,0,0,0,0,0
2523,2,18,65,72,85,71,83,0,0,0,0,0,0,0,0,0,0,2,2,2,2,2,5,5,5,5,5,1,1,1,0,0,0,0,0,0,0
2523,2,19,68,62,69,81,68,0,0,0,0,0,0,0,0,0,0,4,4,4,4,4,8,8,8,9,8,1,1,1,1,1,0,0,0,0,0
2523,2,20,74,64,60,65,73,0,0,0,0,0,0,0,0,0,0,6,6,6,6,6,12,11,9,11,14,1,1,1,1,1,1,0,0,0,1
2523,2,21,65,68,60,56,62,0,0,0,0,0,0,0,0,0,0,8,6,6,6,7,11,13,11,11,11,1,1,1,1,1,0,0,0,0,0
2523,2,22,65,63,65,58,55,0,0,0,0,0,0,0,0,0,0,8,8,7,7,8,11,11,11,10,10,1,1,1,1,1,0,0,0,0,0
2523,2,23,62,62,61,63,56,0,0,0,0,0,0,0,0,0,0,6,6,6,7,6,10,10,9,10,9,1,1,1,1,1,0,0,0,0,0
2523,2,24,60,62,62,61,63,0,0,0,0,0,0,0,0,0,0,6,7,7,7,7,8,8,8,8,8,0,1,1,1,1,0,0,0,0,0
2523,2,25,83,62,63,63,63,0,0,0,0,0,0,0,0,0,0,8,7,8,7,7,9,6,7,7,6,2,1,0,1,1,0,0,0,0,0
2523,2,26,89,85,67,66,66,0,0,0,0,0,0,0,0,0,0,10,9,9,8,8,8,8,6,6,6,2,2,2,1,1,0,1,0,0,0
2523,2,27,93,92,88,70,69,0,0,0,0,0,0,0,0,0,0,9,9,8,8,8,8,8,7,6,6,2,2,2,1,1,0,0,0,0,0
2523,2,28,105,97,95,90,73,0,0,0,0,0,0,0,0,0,0,9,9,9,7,7,8,7,7,6,5,2,2,1,1,1,0,0,0,0,0
2523,2,29,124,105,98,94,90,0,0,0,0,0,0,0,0,0,0,6,6,6,6,6,9,7,7,7,7,2,2,2,0,1,1,1,0,0,0
2523,2,30,115,122,105,96,94,0,0,0,0,0,0,0,0,0,0,6,6,6,6,6,8,9,7,7,7,2,2,1,1,1,1,1,0,2,0
2523,2,31,142,114,119,104,95,0,0,0,0,0,0,0,0,0,0,6,6,6,6,6,9,7,9,7,7,0,1,1,1,1,1,1,1,1,1
2523,2,32,132,139,112,117,102,0,0,0,0,0,0,0,0,0,0,5,5,4,4,4,8,8,6,6,6,0,1,1,1,1,1,1,1,1,1
2523,2,33,90,128,134,109,113,0,0,0,0,0,0,1,1,0,1,3,3,3,3,3,4,6,7,6,6,2,1,1,1,1,0,1,1,1,1
2523,2,34,88,88,125,131,108,0,0,0,0,0,0,0,0,0,0,3,3,3,3,3,4,4,6,6,4,1,0,1,1,1,1,1,1,1,1
2523,2,35,102,88,88,124,130,0,0,0,0,0,0,0,0,0,0,3,3,3,3,3,4,3,3,4,4,1,1,1,1,1,1,1,1,1,1
2523,2,36,95,103,89,89,123,0,0,0,0,0,0,0,0,0,0,4,4,4,4,4,3,3,3,3,5,1,1,1,1,1,1,1,1,1,1
2523,2,37,77,95,100,88,86,0,0,0,0,0,0,0,0,0,0,2,2,2,2,1,3,3,4,3,3,1,1,1,1,1,0,0,2,1,2
2523,2,38,87,76,93,98,86,0,0,0,0,0,0,0,0,0,0,2,2,2,2,2,4,3,4,4,4,1,1,1,1,1,1,1,1,1,1
2523,2,39,85,85,73,89,94,0,0,0,0,0,1,1,1,1,1,2,2,2,2,2,4,3,3,4,4,1,1,1,1,0,0,1,2,2,1
2523,2,40,104,85,85,74,88,0,0,0,0,0,0,0,0,0,0,2,2,2,2,2,3,3,3,2,3,1,1,1,1,0,0,0,0,0,0
2523,2,41,88,101,85,85,73,0,0,0,0,0,0,0,0,0,0,1,1,2,2,1,2,4,2,2,2,1,0,0,0,0,0,0,0,0,0
2523,2,42,74,88,101,85,85,0,0,0,0,0,0,0,0,0,0,2,2,2,2,2,2,3,3,3,3,1,1,1,1,1,0,0,0,0,0
2523,2,43,76,73,87,101,83,0,0,0,0,0,0,0,0,0,0,2,1,1,2,1,3,3,3,3,3,1,1,1,1,0,0,0,0,0,0
2523,2,44,68,75,72,86,99,0,0,0,0,0,0,0,0,0,0,2,2,2,2,2,3,3,3,3,4,1,0,0,0,0,0,0,0,0,0
2523,2,45,81,66,74,70,85,0,0,0,0,0,0,0,0,0,0,2,2,2,1,2,3,4,3,3,3,0,0,0,0,0,0,0,0,0,0
2523,2,46,79,80,66,73,69,0,0,0,0,0,0,0,0,0,0,2,2,2,2,2,3,3,2,3,3,0,0,0,0,0,0,0,0,0,0
2523,2,47,82,77,79,66,73,0,0,0,0,0,0,0,0,0,0,2,2,2,2,2,3,4,3,2,2,0,0,0,0,0,0,0,0,0,0
2523,2,48,108,82,77,79,66,0,0,0,0,0,0,0,0,0,0,2,2,2,2,2,3,2,2,2,2,0,0,0,0,0,0,0,0,0,0
2523,2,49,91,107,82,77,79,0,0,0,0,0,0,0,0,0,0,2,2,2,2,2,3,3,2,2,2,0,0,0,0,0,0,0,0,0,0
2523,2,50,87,89,103,80,76,0,0,0,0,0,1,1,2,1,0,1,1,1,1,1,2,2,3,2,2,0,0,0,0,0,0,0,0,0,0
2523,2,51,94,87,89,101,79,0,0,0,0,0,0,0,0,0,0,2,2,2,2,2,2,2,2,2,2,0,0,0,0,0,0,0,0,2,1
2523,2,52,105,94,87,88,100,0,0,0,0,0,0,0,0,0,0,2,2,2,2,2,2,2,2,2,2,0,0,0,0,0,0,0,0,1,1
2523,2,53,129,105,94,87,88,0,0,0,0,0,1,0,0,0,0,2,2,2,2,2,2,2,2,2,2,0,0,0,0,0,0,0,0,0,0
2523,2,54,106,128,105,94,87,0,0,0,0,0,0,0,0,0,0,2,2,2,2,2,2,3,2,2,2,0,0,0,0,0,0,0,0,0,0
2523,2,55,125,105,127,105,93,0,0,0,0,0,0,0,0,0,0,2,2,2,2,1,3,3,3,2,2,0,0,0,0,0,0,0,0,0,0
2523,2,56,129,124,104,124,104,0,0,0,0,0,2,0,1,2,1,2,2,2,2,2,3,3,2,3,2,0,0,0,0,0,0,0,0,0,0
2523,2,57,117,126,122,103,122,0,0,0,0,0,0,0,0,0,0,1,1,1,1,1,2,4,3,2,3,0,0,0,0,0,0,0,0,0,0
2523,2,58,119,115,124,120,101,0,0,0,0,0,1,1,1,1,1,1,1,1,1,1,2,2,2,2,2,0,0,0,0,0,0,0,0,0,0
2523,2,59,105,118,114,123,119,0,0,0,0,0,0,0,0,0,0,1,1,1,1,1,2,2,2,2,2,0,0,0,0,0,0,0,0,0,0
2523,2,60,143,104,117,113,122,0,0,0,0,0,0,0,0,0,0,1,1,1,1,1,2,2,2,2,2,0,0,0,0,0,0,0,0,0,0
2523,2,61,120,140,102,115,110,0,0,0,0,0,2,1,1,1,2,1,1,1,1,1,2,3,2,2,2,0,0,0,0,0,0,0,0,0,0
2523,2,62,112,116,135,99,111,0,0,0,0,0,1,1,1,1,1,0,0,0,0,0,3,3,4,2,3,0,0,0,0,0,0,0,0,0,0
2523,2,63,112,109,113,132,97,0,0,0,0,0,1,1,1,1,1,1,1,1,1,1,3,3,3,3,2,0,0,0,0,0,0,0,0,0,0
2523,2,64,123,109,106,110,129,0,0,0,0,0,0,0,0,0,0,0,0,0,0,0,3,3,3,3,3,0,0,0,0,0,0,0,0,0,0
2523,2,65,109,121,107,104,108,0,0,0,0,0,1,1,1,1,1,1,1,1,1,1,2,2,2,2,2,0,0,0,0,0,0,0,0,0,0
2523,2,66,99,106,119,104,101,0,0,0,0,0,1,1,1,1,1,0,0,1,0,0,2,2,2,2,2,0,0,0,0,0,0,0,0,0,0
2523,2,67,132,97,104,117,102,0,0,0,0,0,1,1,1,1,1,1,1,1,1,1,2,2,2,2,2,0,0,0,0,0,0,0,0,0,0
2523,2,68,112,129,95,102,113,0,0,0,0,0,1,1,1,1,1,0,0,0,0,0,2,2,1,1,3,0,0,0,0,0,0,0,0,0,0
2523,2,69,107,109,125,93,100,0,0,0,0,0,1,1,1,1,1,0,0,0,0,0,1,2,3,1,1,0,0,0,0,0,0,0,0,0,0
2523,2,70,97,104,105,121,91,0,0,0,0,0,1,1,1,1,1,0,0,0,0,0,2,2,3,3,1,0,0,0,0,0,0,0,0,0,0
2523,2,71,99,94,99,100,116,0,0,0,0,0,3,2,3,3,3,0,0,0,0,0,2,1,2,2,2,0,0,0,0,0,0,0,0,0,0
2523,2,72,106,95,90,95,96,0,0,0,0,0,2,2,2,2,2,0,0,0,0,0,2,2,2,2,2,0,0,0,0,0,0,0,0,0,0
2523,2,73,82,101,90,86,91,0,0,0,0,0,3,3,3,3,2,0,0,0,1,0,3,2,2,2,2,0,0,0,0,0,0,0,0,0,0
2523,2,74,97,80,98,88,84,0,0,0,0,0,2,2,2,2,2,0,0,0,0,0,1,0,1,0,0,0,0,0,0,0,0,0,0,0,0
2523,2,75,94,94,78,95,85,0,0,0,0,0,2,2,2,2,2,0,0,0,0,0,1,1,0,1,1,0,0,0,0,0,0,0,0,0,0
2523,2,76,87,91,92,76,92,0,0,0,0,0,1,2,1,1,2,0,0,0,0,0,1,1,1,1,1,0,0,0,0,0,0,0,0,0,0
2523,2,77,93,84,88,89,73,0,0,0,0,0,2,2,2,2,2,0,0,0,0,0,1,1,1,1,1,0,0,0,0,0,0,0,0,0,0
2523,2,78,71,90,81,85,86,0,0,0,0,0,2,2,2,2,2,0,0,0,0,0,0,1,1,1,1,0,0,0,0,0,0,0,0,0,0
2523,2,79,94,69,86,79,82,0,0,0,0,0,3,2,3,2,2,0,0,0,0,0,1,0,1,0,1,0,0,0,0,0,0,0,0,0,0
2583,1,0,41,38,37,37,36,37,35,34,34,34,0,0,0,0,0,3,3,3,3,2,1,1,1,1,1,3,2,2,2,2,1,1,1,1,1
2583,1,1,44,42,40,39,38,0,0,0,0,0,0,0,0,0,0,3,3,3,3,3,3,3,2,2,2,2,2,2,2,2,1,1,1,1,2
2583,1,2,45,47,44,41,40,0,0,0,0,0,0,0,0,0,0,3,3,3,2,2,2,1,2,2,2,2,2,2,2,2,1,1,1,1,1
2583,1,3,37,45,48,45,42,0,0,0,0,0,0,0,0,0,0,1,1,2,2,2,2,2,2,2,2,2,2,2,2,2,1,1,1,1,1
2583,1,4,55,39,46,49,45,0,0,0,0,0,0,0,0,0,0,4,3,2,2,2,2,2,2,2,2,2,2,2,2,1,1,1,1,1,1
2583,1,5,57,55,39,46,49,0,0,0,0,0,0,0,0,0,0,1,1,1,1,1,2,2,2,2,2,2,2,2,2,2,1,1,1,1,1
2583,1,6,51,57,54,38,45,0,0,0,0,0,0,0,0,0,0,1,1,1,1,1,2,2,2,2,2,2,2,1,1,1,1,1,1,1,1
2583,1,7,54,52,58,55,38,0,0,0,0,0,0,0,0,0,0,2,2,2,2,2,2,2,2,2,2,2,2,2,2,1,1,1,1,1,1
2583,1,8,46,55,53,58,55,0,0,0,0,0,0,0,0,0,0,1,1,1,1,1,2,2,2,2,2,2,2,2,2,2,1,0,0,1,1
2583,1,9,55,46,53,51,57,0,0,0,0,0,0,0,0,0,0,1,1,1,1,1,2,2,2,2,2,1,2,1,2,2,1,1,2,3,2
2583,1,10,69,55,47,53,51,0,0,0,0,0,0,0,0,0,0,1,1,1,1,1,2,2,1,2,2,2,2,2,2,2,1,1,1,1,1
2583,1,11,59,70,57,48,53,0,0,0,0,0,0,0,0,0,0,2,2,2,2,2,2,2,2,2,2,2,2,2,2,1,2,1,0,1,1
2583,1,12,55,58,69,56,45,0,0,0,0,0,0,0,0,0,0,1,1,1,1,1,2,2,2,2,2,1,1,1,1,0,1,1,1,1,2
2583,1,13,53,54,57,67,55,0,0,0,0,0,0,0,0,0,0,1,1,1,1,1,2,2,2,3,2,0,1,1,1,1,1,1,1,1,1
2583,1,14,53,52,54,57,64,0,0,0,0,0,0,0,0,0,0,1,1,1,1,1,1,1,1,1,2,1,0,1,1,0,1,1,1,1,2
2583,1,15,60,52,51,53,56,0,0,0,0,0,0,0,0,0,0,0,0,0,0,0,1,1,1,1,1,1,1,1,1,1,1,1,1,1,1
2583,1,16,49,59,50,49,50,0,0,0,0,0,0,0,0,0,0,0,0,0,0,0,0,1,1,1,1,1,1,1,1,1,2,1,2,2,3
2583,1,17,55,48,58,49,48,0,0,0,0,0,0,0,0,0,0,1,1,1,1,1,2,2,2,2,2,2,2,2,2,2,1,2,2,2,2
2583,1,18,48,55,48,57,49,0,0,0,0,0,0,0,0,0,0,2,2,2,2,2,3,3,3,4,3,2,2,2,2,2,1,1,1,1,1
2583,1,19,49,47,53,47,54,0,0,0,0,0,0,0,0,0,0,4,4,3,3,3,7,7,7,6,7,3,3,3,3,3,1,1,1,1,2
2583,1,20,58,44,42,48,43,0,0,0,0,0,0,0,0,0,0,4,4,4,4,4,13,10,10,10,10,4,2,2,3,3,1,1,1,2,1
2583,1,21,60,52,41,38,42,0,0,0,0,0,0,0,0,0,0,5,5,5,5,5,16,13,10,10,12,5,3,3,3,3,2,1,1,2,2
2583,1,22,48,56,47,38,36,0,0,0,0,0,0,0,0,0,0,4,7,4,4,4,12,13,11,9,8,4,4,4,4,4,2,2,2,2,2
2583,1,23,37,47,54,45,39,0,0,0,0,0,0,0,0,0,0,5,5,4,5,5,6,9,10,9,7,4,4,4,4,4,1,1,0,2,1
2583,1,24,45,37,45,53,44,0,0,0,0,0,0,0,0,0,0,4,4,3,4,4,7,6,7,8,7,3,3,3,4,3,1,1,1,1,1
2583,1,25,50,45,38,45,51,0,0,0,0,0,0,0,0,0,0,4,5,5,5,5,7,7,6,7,8,3,3,3,3,3,1,1,1,1,2
2583,1,26,51,47,41,36,41,0,0,0,0,0,0,0,0,0,0,3,2,1,2,1,8,7,7,6,7,3,3,3,3,3,1,1,1,1,1
2583,1,27,59,49,45,42,35,0,0,0,0,0,0,0,0,0,0,3,3,3,3,1,8,7,7,5,5,3,3,3,4,4,0,1,1,1,1
2583,1,28,44,57,49,46,43,0,0,0,0,0,0,0,0,0,0,5,4,4,4,4,5,7,6,5,5,3,3,3,3,3,1,2,1,1,1
2583,1,29,55,45,58,51,48,0,0,0,0,0,0,0,0,0,0,6,6,6,6,6,7,6,7,6,6,3,2,3,3,3,0,1,1,1,1
2583,1,30,59,55,45,57,50,0,0,0,0,0,0,0,0,0,0,4,4,4,4,4,9,7,6,8,7,3,3,3,3,3,1,0,1,0,1
2583,1,31,51,59,56,45,57,0,0,0,0,0,0,0,0,0,0,4,4,4,4,4,6,7,6,6,7,3,3,3,3,3,1,0,0,1,0
2583,1,32,58,52,60,56,46,0,0,0,0,0,0,0,0,0,0,4,3,4,4,4,5,5,5,5,5,2,3,3,3,3,1,0,1,2,1
2583,1,33,42,57,52,59,56,0,0,0,0,0,0,0,0,0,0,1,3,3,3,3,4,5,4,5,4,2,2,2,2,2,1,1,1,1,1
2583,1,34,42,43,57,51,58,0,0,0,0,0,0,0,0,0,0,2,3,3,2,2,3,3,4,4,4,2,2,2,2,2,1,1,1,1,1
2583,1,35,45,42,43,56,51,0,0,0,0,0,0,0,0,0,0,2,2,2,2,2,3,3,3,4,3,2,2,2,2,2,1,1,1,1,1
2583,1,36,47,45,43,43,57,0,0,0,0,0,0,0,0,0,0,2,2,2,2,3,3,3,2,3,3,2,2,2,2,2,1,1,1,1,1
2583,1,37,36,47,45,43,43,0,0,0,0,0,0,0,0,0,0,1,1,1,1,1,2,2,2,2,2,2,2,2,2,2,1,1,1,1,1
2583,1,38,54,36,46,43,43,0,0,0,0,0,0,0,0,0,0,1,1,1,1,1,3,2,3,3,2,2,2,2,2,2,1,1,1,2,1
2583,1,39,63,54,38,46,44,0,0,0,0,0,0,0,0,0,0,2,2,3,2,2,3,3,2,3,2,2,2,2,2,2,1,1,1,1,1
2583,1,40,54,63,55,39,47,0,0,0,0,0,0,0,0,0,0,1,2,3,2,2,3,3,3,1,2,1,2,2,1,2,1,1,1,1,1
2583,1,41,41,54,62,55,40,0,0,0,0,0,0,0,0,0,0,1,1,1,1,1,1,2,3,2,1,2,2,2,2,2,1,1,1,1,1
2583,1,42,52,42,53,60,53,0,0,0,0,0,0,0,0,0,0,2,2,2,2,2,2,1,2,3,3,1,1,1,1,1,1,1,2,2,2
2583,1,43,36,51,41,52,59,0,0,0,0,0,0,0,0,0,0,1,1,1,1,1,1,2,2,2,2,1,1,1,1,1,1,1,1,1,1
2583,1,44,52,36,51,41,52,0,0,0,0,0,0,0,0,0,0,2,2,2,2,2,2,1,2,2,2,1,1,1,1,1,1,2,1,1,1
2583,1,45,52,51,35,50,41,0,0,0,0,0,0,0,0,0,0,1,1,1,0,1,1,2,1,1,1,1,1,1,1,1,1,1,2,1,1
2583,1,46,58,52,51,36,50,0,0,0,0,0,0,0,0,0,0,1,1,1,1,1,1,1,1,0,1,1,1,1,1,1,1,1,1,1,1
2583,1,47,47,59,53,52,36,0,0,0,0,0,0,0,0,0,0,1,1,1,1,1,0,0,0,0,0,1,1,1,1,1,1,1,1,1,2
2583,1,48,50,48,59,53,52,0,0,0,0,0,0,0,0,0,0,1,1,1,1,1,1,0,1,1,1,1,1,1,1,1,1,1,1,1,1
2583,1,49,36,50,48,59,52,0,0,0,0,0,0,0,0,0,0,1,1,1,1,1,1,1,1,1,1,1,1,1,1,1,1,1,1,1,2
2583,1,50,64,37,51,48,60,0,0,0,0,0,0,0,0,0,0,2,2,2,2,2,1,1,1,1,1,1,1,1,1,1,1,1,1,2,1
2583,1,51,70,64,37,50,47,0,0,0,0,0,0,0,0,0,0,1,1,1,1,1,2,1,1,1,1,1,1,1,1,1,1,1,1,2,2
2583,1,52,60,70,64,39,50,0,0,0,0,0,0,0,0,0,0,2,2,2,2,2,1,2,1,0,1,1,1,1,1,1,0,1,2,1,2
2583,1,53,64,60,69,63,41,0,0,0,0,0,0,0,0,0,0,2,0,0,0,1,1,1,1,1,0,1,1,1,1,1,1,0,1,1,0
2583,1,54,59,62,59,67,62,0,0,0,0,0,0,0,0,0,0,2,2,2,2,2,2,2,2,2,2,0,0,0,0,0,1,2,1,2,1
2583,1,55,71,57,60,56,64,0,0,0,0,0,1,0,0,0,0,1,1,1,1,1,2,2,2,2,2,0,0,0,0,0,1,1,1,2,2
2583,1,56,61,70,57,60,54,0,0,0,0,0,0,1,0,0,0,3,3,3,3,2,2,2,2,2,2,0,0,0,0,0,1,1,1,1,2
2583,1,57,76,61,69,57,59,0,0,0,0,0,2,0,0,0,0,2,2,2,2,2,2,2,2,2,2,1,1,1,1,1,1,1,2,1,2
2583,1,58,74,75,61,70,57,0,0,0,0,0,1,1,0,0,0,2,2,1,2,1,2,2,1,1,1,1,1,1,1,1,1,1,1,1,1
2583,1,59,66,74,73,62,69,0,0,0,0,0,2,2,2,1,2,1,2,1,2,2,1,1,1,1,1,2,2,2,2,2,1,1,2,1,2
2583,1,60,62,65,74,72,62,0,0,0,0,0,2,2,1,2,1,1,1,1,1,1,1,1,1,1,1,2,2,2,2,2,1,1,1,1,1
2583,1,61,72,63,65,74,72,0,0,0,0,0,1,2,2,1,2,2,2,2,2,2,1,0,1,1,1,1,2,2,1,2,1,1,1,1,1
2583,1,62,68,74,66,68,77,0,0,0,0,0,1,1,1,1,1,2,2,2,2,2,0,1,0,0,1,4,3,3,3,4,1,1,1,1,1
2583,1,63,69,70,75,67,70,0,0,0,0,0,1,1,1,1,1,3,2,2,2,2,1,0,1,0,0,2,2,2,2,2,1,1,1,2,1
2583,1,64,81,68,70,76,67,0,0,0,0,0,1,1,1,1,1,2,2,2,2,2,2,2,1,1,1,2,1,1,2,2,2,1,1,1,2
2583,1,65,83,80,68,70,78,0,0,0,0,0,1,1,1,1,1,2,2,3,2,4,2,2,2,1,1,1,1,1,1,1,1,1,1,1,1
2583,1,66,88,84,81,68,70,0,0,0,0,0,1,1,1,1,1,3,3,3,3,3,2,2,2,2,2,2,2,2,2,2,1,1,1,2,2
2583,1,67,103,89,84,82,69,0,0,0,0,0,2,1,1,1,1,3,3,3,3,3,2,2,2,2,2,2,2,2,2,2,1,1,2,1,1
2583,1,68,81,103,89,84,82,0,0,0,0,0,1,1,1,1,1,3,3,3,3,3,2,2,2,2,2,1,1,1,1,1,1,1,1,1,1
2583,1,69,81,82,102,89,84,0,0,0,0,0,1,1,2,1,1,2,3,2,2,2,1,1,1,1,1,1,1,1,1,1,1,1,1,1,1
2583,1,70,77,80,81,99,88,0,0,0,0,0,2,2,1,2,0,2,2,1,1,1,0,1,1,1,1,1,1,1,0,0,1,1,1,1,1
2583,1,71,84,78,81,80,98,0,0,0,0,0,2,1,1,2,2,2,2,2,2,2,1,0,0,0,1,1,1,1,0,1,1,1,1,1,1
2583,1,72,101,83,77,82,81,0,0,0,0,0,2,2,2,2,2,2,2,2,3,3,1,1,1,1,1,1,1,1,2,2,1,1,1,1,1
2583,1,73,90,98,81,74,80,0,0,0,0,0,2,3,2,2,2,1,1,1,1,1,1,1,1,1,1,1,1,1,0,1,1,1,1,1,1
2583,1,74,90,89,95,80,72,0,0,0,0,0,2,2,3,2,2,2,2,2,2,2,1,1,2,1,1,1,1,1,1,0,1,1,1,1,1
2583,1,75,70,88,86,91,78,0,0,0,0,0,2,3,3,3,2,2,2,1,2,1,1,2,2,2,1,1,1,1,0,0,0,0,0,1,0
2583,1,76,63,67,84,82,88,0,0,0,0,0,2,2,3,3,3,1,1,1,1,1,2,2,2,2,2,0,0,0,0,1,0,0,0,0,0
2583,1,77,50,61,63,78,75,0,0,0,0,0,2,2,3,3,3,0,1,0,0,0,1,0,0,2,3,0,0,0,0,0,1,1,1,1,1
2583,1,78,42,47,57,59,74,0,0,0,0,0,2,2,3,3,3,0,0,0,0,0,0,0,0,0,0,0,0,0,0,0,1,1,1,1,1
2583,1,79,57,40,44,53,55,0,0,0,0,0,3,2,2,3,3,1,1,0,0,0,0,0,0,0,0,0,0,0,0,0,1,1,1,1,1
2583,2,0,35,32,33,33,33,34,33,32,32,32,0,0,0,0,0,1,0,1,1,1,1,1,1,1,1,1,1,1,1,1,0,1,0,0,0
2583,2,1,41,35,32,32,33,0,0,0,0,0,0,0,0,0,0,2,2,2,2,2,1,2,2,2,2,0,0,0,0,1,0,0,0,1,1
2583,2,2,37,43,37,34,34,0,0,0,0,0,0,0,0,0,0,2,2,2,2,2,2,2,2,2,2,2,2,2,2,2,0,0,0,0,0
2583,2,3,46,39,45,39,36,0,0,0,0,0,0,0,0,0,0,3,3,3,3,3,2,2,2,2,2,2,2,2,2,2,1,1,1,1,1
2583,2,4,41,47,40,46,40,0,0,0,0,0,0,0,0,0,0,2,2,2,2,2,2,2,2,2,2,2,2,2,2,2,1,1,1,1,1
2583,2,5,46,42,48,41,47,0,0,0,0,0,0,0,0,0,0,2,2,2,2,2,2,2,2,2,2,2,2,2,2,2,1,1,1,1,1
2583,2,6,55,47,43,49,42,0,0,0,0,0,0,0,0,0,0,2,2,2,2,2,2,2,2,2,2,2,2,2,2,2,1,1,1,1,1
2583,2,7,53,55,48,43,48,0,0,0,0,0,0,0,0,0,0,1,1,1,1,1,1,2,1,1,1,2,2,2,2,1,1,1,1,2,2
2583,2,8,51,55,56,50,45,0,0,0,0,0,0,0,0,0,0,1,2,1,2,2,1,1,1,1,1,2,2,2,2,2,2,1,1,1,1
2583,2,9,62,53,57,58,51,0,0,0,0,0,0,0,0,0,0,1,1,2,2,1,1,1,1,1,1,2,2,2,2,2,1,0,1,1,1
2583,2,10,54,62,52,56,58,0,0,0,0,0,0,0,0,0,0,1,1,1,1,1,1,1,1,1,1,2,1,1,1,1,1,1,2,2,1
2583,2,11,46,54,62,50,55,0,0,0,0,0,0,0,0,0,0,1,1,1,1,1,1,1,1,1,1,1,1,1,1,1,3,1,1,3,2
2583,2,12,65,46,54,60,50,0,0,0,0,0,0,0,0,0,0,1,1,1,1,1,2,1,1,2,1,1,1,1,1,1,2,1,1,2,1
2583,2,13,44,64,46,53,59,0,0,0,0,0,0,0,0,0,0,1,2,2,2,2,0,2,2,2,2,2,1,1,1,1,2,2,1,2,2
2583,2,14,56,45,62,46,52,0,0,0,0,0,0,0,0,0,0,1,2,2,2,2,2,1,2,1,2,2,2,1,1,1,2,2,3,2,2
2583,2,15,59,54,43,61,45,0,0,0,0,0,0,0,0,0,0,0,0,0,1,2,2,2,1,2,2,0,1,1,1,0,1,1,2,1,1
2583,2,16,42,58,53,43,60,0,0,0,0,0,0,0,0,0,0,1,1,1,1,1,1,2,2,1,2,1,1,1,1,1,1,1,1,1,1
2583,2,17,55,42,57,52,43,0,0,0,0,0,0,0,0,0,0,0,0,0,0,0,2,1,2,2,1,1,1,1,1,1,0,0,0,0,0
2583,2,18,47,55,43,55,50,0,0,0,0,0,0,0,0,0,0,2,3,3,2,2,4,4,3,5,4,1,1,1,1,1,0,0,0,0,1
2583,2,19,48,40,47,38,48,0,0,0,0,0,0,0,0,0,0,2,2,2,2,2,8,8,9,7,9,1,0,0,1,1,1,1,1,1,1
2583,2,20,46,42,37,42,35,0,0,0,0,0,0,0,0,0,0,4,4,4,4,4,11,10,8,10,8,1,1,2,2,2,0,1,1,1,1
2583,2,21,28,39,38,33,38,0,0,0,0,0,0,0,0,0,0,3,4,4,4,4,7,10,8,8,8,1,0,1,1,1,1,1,1,1,1
2583,2,22,25,27,37,35,30,0,0,0,0,0,0,0,0,0,0,2,4,4,4,3,5,5,7,7,6,2,1,2,1,1,1,1,1,1,1
2583,2,23,31,23,25,35,33,0,0,0,0,0,0,0,0,0,0,3,3,3,3,3,6,5,5,6,6,1,1,1,2,2,1,1,1,1,1
2583,2,24,23,27,22,24,33,0,0,0,0,0,0,0,0,0,0,3,2,2,3,3,3,6,4,5,6,2,1,2,2,2,1,1,1,1,1
2583,2,25,37,26,27,24,25,0,0,0,0,0,0,0,0,0,0,4,4,4,4,4,6,3,5,3,4,2,2,2,2,2,1,0,1,1,1
2583,2,26,30,36,27,28,26,0,0,0,0,0,0,0,0,0,0,4,3,3,3,3,3,5,3,3,3,2,2,2,2,2,0,1,1,1,0
2583,2,27,46,31,36,28,29,0,0,0,0,0,0,0,0,0,0,3,3,3,3,3,6,3,4,3,3,2,2,2,2,2,1,1,1,1,1
2583,2,28,39,45,32,36,28,0,0,0,0,0,0,0,0,0,0,3,3,3,3,2,4,5,3,4,3,2,2,2,2,2,1,1,1,1,1
2583,2,29,54,40,44,32,36,0,0,0,0,0,0,0,0,0,0,3,3,3,2,2,5,3,5,3,3,2,2,2,2,2,0,1,1,1,1
2583,2,30,39,54,41,42,32,0,0,0,0,0,0,0,0,0,0,2,3,3,1,2,3,5,3,4,3,2,2,2,2,2,1,0,1,1,1
2583,2,31,37,39,52,41,42,0,0,0,0,0,0,0,0,0,0,2,2,2,2,2,3,3,5,3,3,2,2,2,2,2,1,1,1,1,1
2583,2,32,43,37,40,52,41,0,0,0,0,0,0,0,0,0,0,2,2,3,2,2,3,3,3,3,3,2,2,2,2,2,1,1,1,1,1
2583,2,33,35,43,37,40,51,0,0,0,0,0,0,0,0,0,0,2,2,2,2,2,3,3,3,3,4,2,2,2,2,2,1,1,1,1,1
2583,2,34,37,36,42,37,39,0,0,0,0,0,0,0,0,0,0,2,2,3,3,3,2,2,3,2,3,1,1,0,0,0,1,0,1,1,1
2583,2,35,36,36,36,42,37,0,0,0,0,0,0,0,0,0,0,2,1,2,2,2,2,2,2,2,2,1,1,1,1,1,1,1,1,1,1
2583,2,36,42,34,36,36,42,0,0,0,0,0,0,0,0,0,0,2,1,3,3,3,2,2,2,2,2,1,0,0,0,0,1,1,1,1,1
2583,2,37,43,43,35,37,37,0,0,0,0,0,0,0,0,0,0,2,2,2,2,2,2,2,2,2,2,2,2,2,2,2,1,1,1,1,1
2583,2,38,49,43,43,35,37,0,0,0,0,0,0,0,0,0,0,1,1,1,1,1,2,2,2,2,2,2,2,2,2,2,1,1,1,1,1
2583,2,39,48,47,41,42,34,0,0,0,0,0,0,0,0,0,0,0,0,0,1,1,2,2,2,2,2,1,1,1,1,1,1,1,1,1,1
2583,2,40,48,49,47,41,42,0,0,0,0,0,0,0,0,0,0,1,1,1,1,1,1,1,1,1,1,1,1,1,1,1,1,0,1,1,1
2583,2,41,43,49,49,47,41,0,0,0,0,0,0,0,0,0,0,1,1,1,1,1,1,1,1,1,1,1,1,1,1,1,0,0,1,1,1
2583,2,42,42,43,49,49,47,0,0,0,0,0,0,0,0,0,0,1,1,1,1,1,1,1,1,1,1,1,1,1,1,1,1,1,1,1,1
2583,2,43,48,42,43,49,49,0,0,0,0,0,0,0,0,0,0,1,1,1,1,1,1,1,1,1,1,1,1,1,1,1,1,1,1,1,1
2583,2,44,46,48,41,42,48,0,0,0,0,0,0,0,0,0,0,1,1,1,1,1,1,1,1,1,1,1,1,1,1,1,1,1,2,2,2
2583,2,45,37,47,49,42,43,0,0,0,0,0,0,0,0,0,0,2,2,2,2,2,1,1,1,1,1,1,1,1,1,1,1,1,1,1,1
2583,2,46,56,37,47,48,42,0,0,0,0,0,0,0,0,0,0,1,0,0,0,0,1,0,0,1,0,1,1,1,1,1,1,1,1,1,1
2583,2,47,55,56,37,47,48,0,0,0,0,0,0,0,0,0,0,1,0,0,0,0,0,0,0,0,0,1,1,1,1,1,1,1,1,1,1
2583,2,48,48,55,57,38,47,0,0,0,0,0,0,0,0,0,0,1,1,1,1,1,0,0,0,0,0,1,1,1,1,1,2,2,1,1,2
2583,2,49,50,46,54,56,40,0,0,0,0,0,0,0,0,0,0,1,1,1,1,2,2,3,2,2,0,1,1,1,1,1,1,1,1,1,1
2583,2,50,49,49,45,53,54,0,0,0,0,0,0,0,0,0,0,1,1,1,1,1,2,2,2,2,2,1,1,1,1,1,1,1,1,1,2
2583,2,51,51,49,49,46,53,0,0,0,0,0,0,0,0,0,0,2,2,2,2,2,2,2,2,2,2,1,1,1,1,1,1,1,1,0,1
2583,2,52,64,50,49,49,46,0,0,0,0,0,0,0,0,0,0,1,1,1,1,1,2,2,1,1,1,2,1,1,1,1,1,1,1,1,1
2583,2,53,67,62,49,47,48,0,0,0,0,0,0,0,0,0,0,2,2,2,2,2,2,2,2,2,2,0,0,0,0,1,1,2,1,2,2
2583,2,54,49,65,61,47,46,0,0,0,0,0,0,0,0,0,0,1,1,2,1,2,1,2,2,2,1,0,0,0,0,0,1,1,1,1,2
2583,2,55,50,47,62,58,44,0,0,0,0,0,0,0,0,0,0,1,1,1,1,1,3,2,2,2,2,0,0,0,0,0,1,1,2,2,2
2583,2,56,64,48,46,61,55,0,0,0,0,0,0,0,0,0,0,1,2,2,2,1,2,3,2,2,2,0,0,0,0,0,1,1,1,1,2
2583,2,57,59,63,48,45,60,0,0,0,0,0,0,0,0,0,0,2,2,2,2,2,2,2,1,2,2,0,0,0,0,0,1,1,1,1,1
2583,2,58,53,58,62,47,46,0,0,0,0,0,0,0,0,0,0,2,2,2,2,2,1,2,2,1,0,0,0,0,0,0,1,1,1,2,1
2583,2,59,83,53,59,62,48,0,0,0,0,0,0,0,0,0,0,2,2,2,2,2,2,2,1,1,1,0,0,0,0,0,1,0,0,1,0
2583,2,60,70,82,54,59,62,0,0,0,0,0,0,0,0,0,0,1,1,1,1,1,1,1,0,1,1,0,0,0,0,0,0,1,0,0,0
2583,2,61,68,70,82,55,59,0,0,0,0,0,0,0,0,0,0,2,2,2,3,2,1,1,1,1,1,0,0,0,0,0,1,1,1,1,1
2583,2,62,74,70,71,83,56,0,0,0,0,0,0,0,0,0,0,3,3,3,3,3,2,1,2,2,2,1,1,1,1,1,1,1,1,1,1
2583,2,63,71,74,71,72,82,0,0,0,0,0,0,0,0,0,0,2,2,2,2,2,1,1,1,1,2,1,1,1,1,1,1,2,1,1,2
2583,2,64,79,71,74,74,75,0,0,0,0,0,2,2,1,0,0,2,2,2,2,2,2,1,1,1,1,2,2,2,3,3,0,1,2,1,1
2583,2,65,72,79,71,74,73,0,0,0,0,0,2,2,1,1,1,2,3,1,2,1,2,2,2,2,2,2,2,3,2,2,1,1,1,1,1
2583,2,66,63,70,78,69,72,0,0,0,0,0,2,2,1,2,2,2,2,2,2,2,2,2,2,2,2,1,1,1,1,1,1,1,1,1,1
2583,2,67,72,60,67,77,65,0,0,0,0,0,1,2,2,1,2,2,2,2,2,2,2,2,2,2,2,0,0,0,0,0,1,1,1,0,2
2583,2,68,79,69,57,64,74,0,0,0,0,0,1,1,1,1,1,2,2,2,2,2,2,2,2,2,2,0,0,0,0,0,2,2,2,2,2
2583,2,69,80,78,67,55,62,0,0,0,0,0,1,1,1,1,1,2,3,2,2,3,2,2,2,2,2,0,0,0,0,0,1,1,1,1,2
2583,2,70,90,79,77,66,53,0,0,0,0,0,1,1,1,1,1,4,3,3,3,3,2,2,2,2,3,0,0,0,0,0,1,1,1,1,1
2583,2,71,93,90,79,77,67,0,0,0,0,0,1,1,1,1,1,2,3,3,3,3,2,2,2,2,1,1,1,1,1,1,0,1,1,1,1
2583,2,72,81,92,90,80,78,0,0,0,0,0,1,1,1,1,1,2,2,2,2,2,2,2,2,1,0,1,1,1,1,1,1,1,0,0,1
2583,2,73,84,81,93,90,80,0,0,0,0,0,1,1,1,1,1,2,2,3,2,2,1,1,1,1,1,1,1,1,1,1,1,1,1,1,1
2583,2,74,77,79,77,88,87,0,0,0,0,0,3,2,1,2,1,0,0,0,0,0,1,1,1,1,1,0,0,0,0,0,2,2,2,2,1
2583,2,75,63,74,75,73,83,0,0,0,0,0,1,1,2,1,2,0,0,0,0,0,1,1,1,1,1,0,0,0,0,0,1,1,1,2,2
2583,2,76,57,61,71,72,71,0,0,0,0,0,1,1,2,2,1,0,0,0,0,0,0,0,0,0,0,0,0,0,0,0,1,1,1,1,1
2583,2,77,51,56,60,67,68,0,0,0,0,0,1,1,1,2,2,1,1,1,1,1,1,0,0,2,2,0,0,0,0,0,1,1,1,1,1
2583,2,78,48,49,54,57,64,0,0,0,0,0,2,1,1,2,2,1,1,1,1,1,1,1,1,1,1,0,0,0,0,0,1,1,1,1,1
2583,2,79,51,46,47,52,53,0,0,0,0,0,2,1,1,2,2,1,1,1,1,1,1,1,1,1,2,0,0,0,0,0,1,1,1,0,1
2584,1,0,131,131,128,128,131,131,131,129,129,132,0,0,0,0,0,2,2,2,2,2,4,4,4,4,4,2,2,2,2,2,0,0,1,1,1
2584,1,1,132,128,127,125,124,0,0,0,0,0,0,0,0,0,0,4,4,4,4,4,9,9,9,8,8,3,3,2,2,2,1,1,1,1,2
2584,1,2,136,129,125,124,122,0,0,0,0,0,0,0,0,0,0,3,3,3,3,3,8,8,8,8,8,3,3,3,3,3,1,1,1,1,1
2584,1,3,127,134,128,123,122,0,0,0,0,0,0,0,0,0,0,3,3,3,3,3,7,7,7,7,7,3,3,3,3,3,0,1,0,1,1
2584,1,4,134,127,132,127,123,0,0,0,0,0,0,0,0,0,0,3,3,3,3,3,6,5,6,6,5,3,2,2,2,2,0,0,1,0,0
2584,1,5,146,134,126,131,126,0,0,0,0,0,0,0,0,0,0,2,3,2,2,2,5,5,5,5,5,3,2,2,2,2,0,0,0,0,0
2584,1,6,112,143,131,123,128,0,0,0,0,0,0,0,0,0,0,2,2,2,2,2,5,6,6,6,6,2,2,2,2,2,0,1,1,1,1
2584,1,7,141,110,140,128,120,0,0,0,0,0,0,0,0,0,0,2,2,2,2,2,6,5,6,6,6,3,2,2,2,2,1,1,1,1,1
2584,1,8,129,139,108,137,125,0,0,0,0,0,0,0,0,0,0,2,2,2,2,2,5,6,5,6,6,3,3,2,2,2,0,1,1,1,1
2584,1,9,114,127,137,107,135,0,0,0,0,0,0,0,0,0,0,1,1,1,1,1,4,5,5,4,5,3,2,2,2,2,0,0,0,0,0
2584,1,10,125,113,126,133,106,0,0,0,0,0,0,0,0,0,0,1,1,1,1,1,4,3,4,5,3,2,2,2,2,2,0,1,0,2,1
2584,1,11,131,124,113,122,129,0,0,0,0,0,0,0,0,0,0,1,1,2,1,2,5,3,3,5,5,2,2,2,2,1,1,1,1,2,2
2584,1,12,119,130,122,111,120,0,0,0,0,0,0,0,0,0,0,2,2,2,2,2,4,4,4,3,4,2,2,1,1,1,1,1,1,2,1
2584,1,13,113,117,128,120,108,0,0,0,0,0,0,0,0,0,0,2,2,2,2,2,4,4,4,4,4,2,1,1,1,1,1,1,1,1,2
2584,1,14,140,112,115,126,118,0,0,0,0,0,0,0,0,0,0,2,2,2,2,2,5,4,4,4,4,1,1,0,0,0,0,0,0,0,0
2584,1,15,127,138,111,114,125,0,0,0,0,0,0,0,0,0,0,2,2,2,2,2,4,5,4,4,4,1,1,1,1,1,0,0,0,0,0
2584,1,16,131,126,137,110,113,0,0,0,0,0,0,0,0,0,0,2,2,2,2,2,5,5,5,5,5,2,2,2,2,2,0,0,0,0,0
2584,1,17,107,130,125,135,109,0,0,0,0,0,0,0,0,0,0,2,2,2,2,2,5,5,5,6,5,2,2,2,2,2,0,0,0,0,0
2584,1,18,127,107,129,124,132,0,0,0,0,0,0,0,0,0,0,3,3,3,3,3,7,6,7,7,9,3,3,3,3,3,0,0,0,0,0
2584,1,19,133,125,107,127,122,0,0,0,0,0,0,0,0,0,0,7,6,6,6,6,12,11,9,11,11,3,3,3,3,3,0,0,0,0,0
2584,1,20,131,130,124,107,126,0,0,0,0,0,0,0,0,0,0,10,9,9,9,9,14,15,13,12,13,4,3,3,3,3,0,0,0,0,0
2584,1,21,158,133,130,125,111,0,0,0,0,0,0,0,0,0,0,13,13,11,12,12,19,15,15,15,12,6,4,4,4,4,0,0,0,0,0
2584,1,22,155,166,141,136,132,0,0,0,0,0,0,0,0,0,0,19,23,20,19,19,19,19,16,16,16,6,5,5,5,5,1,1,1,2,1
2584,1,23,162,157,170,146,140,0,0,0,0,0,0,0,0,0,0,17,18,20,18,16,21,20,21,18,17,5,5,6,6,6,1,1,1,1,1
2584,1,24,147,160,156,169,147,0,0,0,0,0,0,0,0,0,0,16,15,16,17,16,19,21,21,22,19,5,5,5,5,5,1,1,1,1,1
2584,1,25,164,143,156,153,165,0,0,0,0,0,0,0,0,0,0,14,13,13,14,15,25,20,21,21,22,4,4,5,5,5,2,1,1,1,2
2584,1,26,158,161,143,153,151,0,0,0,0,0,0,0,0,0,0,16,14,14,13,13,21,21,18,20,19,5,5,5,5,5,1,1,1,1,1
2584,1,27,179,157,159,144,151,0,0,0,0,0,0,0,0,0,0,16,15,14,14,14,23,20,20,17,20,5,5,5,5,5,1,1,1,1,1
2584,1,28,173,175,156,158,143,0,0,0,0,0,0,0,0,0,0,13,13,13,13,12,21,21,18,18,17,5,5,5,5,5,1,1,1,1,1
2584,1,29,184,170,173,155,157,0,0,0,0,0,0,0,0,0,0,12,12,12,11,11,19,18,18,16,16,5,4,5,5,5,1,1,1,1,1
2584,1,30,191,181,170,172,153,0,0,0,0,0,0,0,0,0,0,12,12,12,12,10,19,18,16,17,16,4,4,5,5,5,1,1,1,1,1
2584,1,31,169,185,176,167,168,0,0,0,0,0,0,0,0,0,0,9,11,11,10,9,18,20,19,17,17,4,4,4,5,5,1,1,1,1,1
2584,1,32,184,165,178,171,161,0,0,0,0,0,0,0,0,0,0,10,10,10,10,10,19,16,19,17,17,4,3,3,4,3,1,1,1,2,2
2584,1,33,165,178,160,172,164,0,0,0,0,0,0,0,0,0,0,9,8,9,8,8,15,16,15,15,16,3,3,3,3,3,1,1,2,2,2
2584,1,34,149,160,174,156,167,0,0,0,0,0,0,0,0,0,0,7,6,7,7,6,10,12,13,12,12,3,3,3,3,3,2,2,1,2,2
2584,1,35,152,147,158,172,154,0,0,0,0,0,0,0,0,0,0,6,6,6,6,6,9,10,9,9,9,3,3,3,3,3,1,1,2,2,2
2584,1,36,155,153,148,159,172,0,0,0,0,0,0,0,0,0,0,4,7,7,7,7,8,8,8,8,9,3,3,3,3,3,1,1,1,1,1
2584,1,37,142,154,152,147,157,0,0,0,0,0,0,0,0,0,0,5,5,6,5,6,8,8,9,8,10,3,3,3,3,3,1,1,1,1,1
2584,1,38,133,139,150,149,144,0,0,0,0,0,0,0,0,0,0,4,4,4,4,4,8,8,9,9,9,2,2,2,3,3,1,1,1,1,1
2584,1,39,137,131,136,147,145,0,0,0,0,0,0,0,0,0,0,4,4,4,4,4,8,7,8,9,9,2,2,2,2,2,1,1,1,0,1
2584,1,40,133,136,130,134,146,0,0,0,0,0,0,0,0,0,0,5,5,5,5,5,7,7,7,7,7,1,2,2,1,2,1,1,1,1,1
2584,1,41,124,131,134,129,133,0,0,0,0,0,0,0,0,0,0,4,4,4,4,4,6,7,7,6,6,2,2,2,2,2,1,1,1,1,1
2584,1,42,111,122,129,132,126,0,0,0,0,0,0,0,0,0,0,3,3,3,3,3,5,6,6,6,6,2,2,2,2,2,1,1,1,1,2
2584,1,43,101,109,122,127,130,0,0,0,0,0,0,0,0,0,0,2,3,3,4,3,4,4,4,7,6,2,1,2,2,2,1,2,1,1,1
2584,1,44,117,103,110,122,127,0,0,0,0,0,0,0,0,0,0,4,4,4,4,4,4,4,4,4,4,2,2,2,2,2,1,0,1,2,2
2584,1,45,136,116,103,110,121,0,0,0,0,0,0,0,0,0,0,3,3,3,3,3,5,4,4,4,4,1,1,1,1,1,1,1,0,0,1
2584,1,46,140,135,116,103,110,0,0,0,0,0,0,0,0,0,0,3,3,3,3,3,5,4,4,4,4,1,1,1,1,1,0,1,0,0,0
2584,1,47,116,139,134,116,104,0,0,0,0,0,0,0,0,0,0,3,3,3,3,3,4,5,5,4,3,1,1,1,1,1,0,0,0,0,0
2584,1,48,144,115,137,134,115,0,0,0,0,0,0,0,0,0,0,2,2,2,3,2,5,4,5,4,4,1,1,1,1,1,0,0,0,0,0
2584,1,49,153,144,115,137,133,0,0,0,0,0,0,0,0,0,0,3,3,2,3,2,4,4,3,4,4,1,1,1,1,1,0,0,0,0,0
2584,1,50,163,154,145,116,138,0,0,0,0,0,0,0,0,0,0,2,3,3,3,3,3,3,3,3,3,1,1,1,1,1,0,0,0,0,0
2584,1,51,140,163,156,147,118,0,0,0,0,0,0,1,0,0,0,2,2,3,3,3,2,2,2,2,2,1,1,1,1,1,0,0,0,0,0
2584,1,52,171,140,161,156,147,0,0,0,0,0,2,0,1,0,0,1,1,1,1,1,2,2,2,2,2,1,1,1,1,1,0,0,1,0,0
2584,1,53,190,170,140,159,155,0,0,0,0,0,1,1,1,2,1,2,2,2,2,2,3,3,2,3,3,1,1,1,1,1,0,0,0,0,0
2584,1,54,152,188,168,141,157,0,0,0,0,0,1,1,1,0,1,1,1,1,1,1,3,4,4,2,4,2,2,2,2,2,0,0,0,0,0
2584,1,55,202,150,185,166,140,0,0,0,0,0,1,2,1,1,2,2,2,2,2,2,4,3,4,4,2,2,1,1,1,1,1,0,1,0,0
2584,1,56,189,199,148,183,163,0,0,0,0,0,1,1,1,1,1,2,2,2,2,2,4,4,2,4,4,2,0,0,2,0,0,0,1,1,0
2584,1,57,130,187,197,147,181,0,0,0,0,0,1,1,1,1,1,2,2,2,2,2,2,3,3,2,3,0,0,0,0,0,0,0,0,0,0
2584,1,58,176,129,186,196,146,0,0,0,0,0,1,1,1,1,1,2,2,2,2,2,2,2,2,2,2,0,0,0,0,0,0,0,0,0,0
2584,1,59,171,172,127,182,193,0,0,0,0,0,1,1,1,1,1,1,1,1,1,1,3,3,2,3,3,0,0,0,0,0,1,1,0,1,0
2584,1,60,182,166,166,124,177,0,0,0,0,0,1,1,1,1,1,1,1,1,1,1,4,4,4,3,4,0,0,0,0,0,2,1,2,0,1
2584,1,61,170,178,161,163,123,0,0,0,0,0,1,1,1,1,1,1,2,2,2,2,4,4,4,4,2,2,0,0,2,0,1,1,2,2,0
2584,1,62,157,165,171,156,156,0,0,0,0,0,1,1,1,1,1,1,1,1,1,1,4,4,5,4,5,0,0,0,0,0,0,1,2,1,2
2584,1,63,137,155,161,167,153,0,0,0,0,0,1,1,1,1,1,1,2,1,1,2,3,3,4,4,4,0,0,0,0,0,0,0,0,0,0
2584,1,64,135,134,152,158,164,0,0,0,0,0,1,1,1,1,1,1,1,1,1,1,3,3,3,3,3,0,0,0,0,0,0,0,0,0,0
2584,1,65,138,131,130,148,153,0,0,0,0,0,2,1,1,1,2,0,0,0,0,0,3,3,3,3,3,0,0,0,0,0,0,0,0,0,0
2584,1,66,126,134,128,127,144,0,0,0,0,0,2,2,1,1,1,0,0,0,0,0,2,2,2,2,3,0,0,0,0,0,0,0,0,0,0
2584,1,67,144,123,130,125,124,0,0,0,0,0,2,1,2,1,1,0,0,0,0,0,2,2,2,2,2,0,0,0,0,0,0,0,0,0,0
2584,1,68,115,140,119,127,122,0,0,0,0,0,2,2,2,2,2,0,0,0,1,1,2,2,2,2,2,0,0,0,0,0,0,0,0,0,0
2584,1,69,127,112,136,116,124,0,0,0,0,0,2,2,2,2,2,1,1,1,1,1,2,2,3,2,2,0,0,0,0,0,0,0,0,0,0
2584,1,70,124,124,109,132,113,0,0,0,0,0,2,2,2,2,2,2,2,1,1,1,3,3,2,3,2,0,0,0,0,0,0,0,0,0,0
2584,1,71,124,119,119,105,127,0,0,0,0,0,2,2,2,2,2,0,0,0,0,0,3,3,3,2,3,0,0,0,0,0,0,0,0,0,0
2584,1,72,144,120,115,115,101,0,0,0,0,0,3,2,2,2,2,0,0,0,0,0,3,2,2,2,2,0,0,0,0,0,0,0,0,0,0
2584,1,73,126,140,117,112,113,0,0,0,0,0,3,3,2,2,2,2,1,1,1,2,2,2,2,2,2,0,0,0,0,0,0,0,0,0,0
2584,1,74,97,121,135,111,108,0,0,0,0,0,3,3,3,3,2,0,0,0,0,0,1,2,2,3,2,0,0,0,0,0,0,0,0,0,0
2584,1,75,105,95,117,129,107,0,0,0,0,0,3,2,3,4,3,0,0,0,0,0,1,0,1,2,1,0,0,0,0,0,0,0,0,0,0
2584,1,76,106,101,92,113,124,0,0,0,0,0,3,3,3,3,4,0,0,0,0,0,1,1,0,1,1,0,0,0,0,0,0,0,0,0,0
2584,1,77,109,102,98,89,109,0,0,0,0,0,4,4,3,3,4,0,0,0,0,0,0,0,0,0,0,0,0,0,0,0,0,0,0,0,0
2584,1,78,90,105,98,94,86,0,0,0,0,0,4,4,4,4,3,0,0,0,0,0,0,0,0,0,0,0,0,0,0,0,0,0,0,0,0
2584,1,79,70,86,101,94,90,0,0,0,0,0,3,4,4,4,4,0,0,0,0,0,0,0,0,0,0,0,0,0,0,0,0,0,0,0,0
2584,2,0,123,122,121,121,122,124,123,122,122,123,0,0,0,0,0,2,2,2,2,2,4,4,4,4,4,1,2,2,2,2,0,1,1,1,1
2584,2,1,115,120,119,118,117,0,0,0,0,0,0,0,0,0,0,4,4,4,4,4,9,9,9,9,9,3,3,3,3,2,1,1,1,1,1
2584,2,2,124,112,117,116,115,0,0,0,0,0,0,0,0,0,0,3,3,3,3,3,7,8,8,8,8,3,3,3,3,3,0,1,1,1,1
2584,2,3,100,124,111,117,116,0,0,0,0,0,0,0,0,0,0,5,5,3,4,4,5,6,6,6,6,2,2,2,2,2,0,1,0,0,0
2584,2,4,148,99,121,109,116,0,0,0,0,0,0,0,0,0,0,3,2,2,2,2,8,5,6,5,5,2,2,2,2,2,1,0,1,1,0
2584,2,5,120,144,99,119,107,0,0,0,0,0,0,0,0,0,0,2,1,2,2,2,6,6,4,5,5,3,2,2,2,2,1,1,0,1,1
2584,2,6,129,119,142,99,118,0,0,0,0,0,0,0,0,0,0,3,3,2,3,4,6,6,6,4,6,3,3,3,2,2,1,1,1,1,1
2584,2,7,130,126,116,139,99,0,0,0,0,0,0,0,0,0,0,2,2,2,2,2,6,6,6,6,4,2,1,1,1,2,0,0,0,0,0
2584,2,8,128,129,125,116,137,0,0,0,0,0,0,0,0,0,0,2,2,2,2,2,5,5,5,4,6,2,2,2,2,2,0,0,0,0,0
2584,2,9,129,127,128,124,116,0,0,0,0,0,0,0,0,0,0,2,2,2,2,2,4,5,5,5,4,2,2,2,2,2,1,0,0,0,0
2584,2,10,136,126,125,126,121,0,0,0,0,0,0,0,0,0,0,2,2,2,2,2,5,5,5,5,5,2,2,2,2,1,0,2,1,1,1
2584,2,11,126,135,124,125,124,0,0,0,0,0,0,0,0,0,0,2,2,2,2,2,5,5,5,4,5,2,2,1,2,1,0,0,0,0,0
2584,2,12,109,126,134,124,124,0,0,0,0,0,0,0,0,0,0,2,2,2,2,2,4,4,4,4,4,2,2,1,2,1,0,0,0,0,0
2584,2,13,103,109,125,133,123,0,0,0,0,0,0,0,0,0,0,2,2,2,2,2,3,3,4,4,4,2,1,1,1,1,0,0,0,0,0
2584,2,14,133,102,108,124,131,0,0,0,0,0,0,0,0,0,0,2,2,2,2,2,4,4,4,4,4,2,1,1,1,1,0,0,0,0,1
2584,2,15,115,130,100,104,120,0,0,0,0,0,0,0,0,0,0,2,2,2,1,1,4,4,4,4,4,2,1,1,1,1,2,2,1,2,2
2584,2,16,106,114,129,99,103,0,0,0,0,0,0,0,0,0,0,2,2,2,2,2,4,4,4,4,4,1,1,1,1,1,0,0,0,0,0
2584,2,17,116,107,114,127,98,0,0,0,0,0,0,0,0,0,0,2,3,2,2,2,4,4,4,5,4,2,2,2,1,1,0,0,0,0,0
2584,2,18,103,114,105,113,125,0,0,0,0,0,0,0,0,0,0,3,3,4,4,4,7,7,7,7,8,2,2,1,2,2,0,0,0,0,0
2584,2,19,127,100,109,103,108,0,0,0,0,0,0,0,0,0,0,7,7,7,7,7,16,12,14,12,14,2,2,2,3,2,0,0,0,0,0
2584,2,20,100,120,97,106,101,0,0,0,0,0,0,0,0,0,0,10,11,11,12,12,17,21,17,18,17,3,3,3,3,3,0,0,0,0,0
2584,2,21,99,96,111,95,102,0,0,0,0,0,0,0,0,0,0,12,12,12,12,12,18,18,22,17,19,3,3,2,4,4,1,1,1,1,1
2584,2,22,102,98,95,108,96,0,0,0,0,0,0,0,0,0,0,13,13,13,12,13,17,16,16,18,15,3,3,3,4,4,1,1,1,1,1
2584,2,23,112,104,101,100,111,0,0,0,0,0,0,0,0,0,0,14,14,14,15,15,16,15,14,14,15,4,4,4,5,5,0,1,1,1,2
2584,2,24,109,112,108,105,105,0,0,0,0,0,0,0,0,0,0,14,14,14,14,14,15,17,14,14,13,5,4,5,5,5,1,1,1,1,1
2584,2,25,129,109,112,110,107,0,0,0,0,0,0,0,0,0,0,14,10,11,11,11,16,14,15,13,13,5,5,5,5,5,1,1,1,1,1
2584,2,26,132,129,111,115,113,0,0,0,0,0,0,0,0,0,0,13,12,11,12,12,16,16,13,13,13,4,5,5,5,5,1,1,1,1,1
2584,2,27,142,135,131,116,118,0,0,0,0,0,0,0,0,0,0,13,13,12,12,12,14,14,14,12,13,5,5,5,6,5,0,1,1,1,1
2584,2,28,144,140,135,133,117,0,0,0,0,0,0,0,0,0,0,10,8,9,9,8,14,14,14,13,11,5,4,5,6,5,0,0,0,0,1
2584,2,29,156,144,139,135,134,0,0,0,0,0,0,0,0,0,0,10,10,9,9,10,15,14,14,13,13,5,5,5,5,5,1,1,1,1,1
2584,2,30,152,155,144,140,136,0,0,0,0,0,0,0,0,0,0,9,9,8,9,9,14,14,12,12,12,5,5,5,5,5,1,1,1,1,1
2584,2,31,161,153,158,147,143,0,0,0,0,0,0,0,0,0,0,8,8,10,9,8,11,11,11,11,10,6,5,5,6,6,1,1,1,1,1
2584,2,32,152,160,154,158,148,0,0,0,0,0,0,0,0,0,0,6,5,6,6,6,9,10,9,10,9,6,5,5,5,5,1,1,1,1,1
2584,2,33,138,151,159,153,157,0,0,0,0,0,0,0,0,0,0,5,5,5,5,5,9,9,9,9,9,4,4,4,4,4,1,1,1,1,1
2584,2,34,153,137,150,158,152,0,0,0,0,0,0,0,0,0,0,5,5,5,5,5,9,9,9,9,9,4,4,4,4,4,1,1,1,1,1
2584,2,35,150,150,135,147,155,0,0,0,0,0,0,0,0,0,0,4,4,4,4,4,9,9,8,9,9,2,3,3,3,3,1,1,1,1,1
2584,2,36,117,149,149,134,146,0,0,0,0,0,0,0,0,0,0,5,5,5,5,5,6,8,8,8,8,3,3,3,3,3,1,1,1,1,1
2584,2,37,125,117,146,147,133,0,0,0,0,0,0,0,0,0,0,4,4,4,4,4,7,6,8,8,7,3,3,3,3,3,1,1,2,1,1
2584,2,38,113,124,116,143,145,0,0,0,0,0,0,0,0,0,0,4,3,4,3,4,6,6,6,7,7,3,3,2,2,2,1,1,1,1,1
2584,2,39,123,110,121,114,140,0,0,0,0,0,0,0,0,0,0,1,2,2,2,3,6,6,6,5,7,2,2,2,2,2,1,1,1,1,1
2584,2,40,115,119,107,118,112,0,0,0,0,0,0,0,0,0,0,2,2,2,2,2,6,6,5,6,5,2,1,1,2,2,1,1,1,1,1
2584,2,41,104,114,117,106,116,0,0,0,0,0,0,0,0,0,0,2,2,2,2,2,4,4,5,4,5,1,2,2,2,2,1,1,1,1,1
2584,2,42,78,104,114,118,106,0,0,0,0,0,0,0,0,0,0,2,2,3,3,3,3,3,3,3,3,2,2,2,2,2,0,1,2,1,2
2584,2,43,108,78,104,115,117,0,0,0,0,0,0,0,0,0,0,2,2,2,3,2,3,3,3,3,3,2,2,2,2,1,1,1,1,1,1
2584,2,44,109,108,78,104,113,0,0,0,0,0,0,0,0,0,0,2,2,2,2,1,3,3,3,3,4,2,2,2,2,2,1,1,1,1,1
2584,2,45,118,109,107,79,105,0,0,0,0,0,0,0,0,0,0,2,2,2,2,2,4,3,4,3,3,2,2,2,2,2,1,1,1,0,0
2584,2,46,119,118,109,107,80,0,0,0,0,0,0,0,0,0,0,3,2,2,2,2,4,4,4,4,3,2,2,2,2,2,0,0,0,0,0
2584,2,47,145,119,118,109,106,0,0,0,0,0,0,0,0,0,0,2,2,2,2,1,5,4,4,4,4,2,2,2,2,2,0,0,0,0,0
2584,2,48,150,142,118,116,109,0,0,0,0,0,0,0,0,0,0,2,1,2,1,2,5,5,4,4,3,1,1,1,1,1,0,0,0,0,0
2584,2,49,143,148,140,118,116,0,0,0,0,0,0,0,0,0,0,2,2,2,2,2,5,5,5,3,3,2,1,1,1,1,0,0,0,0,0
2584,2,50,143,142,146,138,119,0,0,0,0,0,0,0,0,0,0,2,2,2,2,2,4,4,4,4,2,1,1,1,1,1,0,0,1,1,0
2584,2,51,142,143,142,146,138,0,0,0,0,0,0,0,0,0,0,2,2,2,2,2,3,3,3,3,3,1,1,1,1,1,0,0,0,0,0
2584,2,52,132,142,142,142,146,0,0,0,0,0,0,0,0,0,0,2,2,2,2,2,2,3,3,3,3,1,1,1,1,1,0,0,1,0,0
2584,2,53,173,133,142,143,142,0,0,0,0,0,0,0,0,0,0,2,2,1,2,2,4,3,3,3,3,2,2,2,2,1,0,0,0,0,0
2584,2,54,142,172,132,141,143,0,0,0,0,0,0,0,0,0,0,1,2,1,1,1,3,4,3,3,3,1,1,1,1,2,0,0,0,0,0
2584,2,55,166,141,170,132,140,0,0,0,0,0,1,0,1,0,0,2,2,2,2,2,4,4,4,3,4,1,1,1,1,1,0,0,0,0,0
2584,2,56,146,163,140,169,131,0,0,0,0,0,0,1,0,0,0,2,2,2,2,2,3,4,3,4,4,1,0,0,1,1,0,0,0,0,0
2584,2,57,152,144,160,139,166,0,0,0,0,0,1,1,1,0,1,2,2,2,2,2,3,3,4,3,4,0,0,0,0,0,0,0,0,0,0
2584,2,58,143,150,140,157,137,0,0,0,0,0,1,0,1,1,0,2,2,2,2,2,4,4,5,4,3,0,0,0,0,0,0,0,0,0,1
2584,2,59,147,140,147,138,153,0,0,0,0,0,1,2,1,2,2,1,2,1,2,1,2,3,3,2,3,0,0,0,0,0,0,0,0,0,0
2584,2,60,131,143,136,144,134,0,0,0,0,0,2,2,2,1,2,1,1,1,1,1,2,3,3,3,3,0,0,0,0,0,0,0,0,0,0
2584,2,61,134,129,141,134,142,0,0,0,0,0,1,1,1,1,1,1,1,1,1,1,3,3,3,3,3,1,1,1,1,1,0,0,0,0,0
2584,2,62,129,131,125,138,131,0,0,0,0,0,1,1,1,1,1,1,1,0,1,1,4,4,4,4,4,1,1,1,1,1,0,0,0,0,0
2584,2,63,139,126,128,122,135,0,0,0,0,0,1,1,1,1,1,1,1,1,1,1,4,4,4,4,4,1,1,1,1,1,0,0,0,0,0
2584,2,64,131,136,123,125,120,0,0,0,0,0,1,1,1,1,1,2,2,1,2,2,5,4,3,4,3,0,0,0,0,0,0,0,0,0,0
2584,2,65,108,127,133,121,121,0,0,0,0,0,1,1,1,1,1,1,1,1,1,1,2,4,3,2,4,0,0,0,0,0,0,0,0,0,0
2584,2,66,120,106,125,131,119,0,0,0,0,0,1,1,1,1,1,1,1,1,1,1,2,2,2,2,2,0,0,0,0,0,0,0,0,0,0
2584,2,67,133,118,104,122,128,0,0,0,0,0,1,1,1,1,1,1,1,1,1,1,3,2,2,3,3,0,0,0,0,0,0,0,0,0,0
2584,2,68,110,129,114,102,119,0,0,0,0,0,1,1,1,1,1,1,0,0,0,1,2,3,3,1,3,0,0,0,0,0,0,0,0,0,0
2584,2,69,106,107,127,111,99,0,0,0,0,0,1,1,1,1,1,1,1,1,1,1,2,3,2,3,3,0,0,0,0,0,0,0,0,0,0
2584,2,70,111,103,104,124,108,0,0,0,0,0,1,1,1,1,1,0,0,0,0,0,2,2,2,2,2,0,0,0,0,0,0,0,0,0,0
2584,2,71,118,107,101,102,120,0,0,0,0,0,2,2,1,1,2,0,0,0,0,0,2,2,1,1,2,0,0,0,0,0,0,0,0,0,0
2584,2,72,139,115,104,99,100,0,0,0,0,0,2,2,2,1,1,0,0,0,0,0,1,1,1,1,1,0,0,0,0,0,0,0,0,0,0
2584,2,73,131,136,112,101,97,0,0,0,0,0,2,2,2,2,2,0,0,0,0,0,1,1,1,1,0,0,0,0,0,0,0,0,0,0,0
2584,2,74,122,128,133,109,98,0,0,0,0,0,2,2,2,2,2,0,0,0,0,0,1,1,1,1,1,0,0,0,0,0,0,0,0,0,0
2584,2,75,116,118,125,128,106,0,0,0,0,0,3,3,2,3,2,0,0,0,0,0,1,1,1,2,1,0,0,0,0,0,0,0,0,0,0
2584,2,76,94,112,114,120,122,0,0,0,0,0,2,3,3,3,3,0,0,0,0,0,1,1,1,2,3,0,0,0,0,0,0,0,0,0,0
2584,2,77,92,92,109,111,116,0,0,0,0,0,2,2,3,3,3,0,1,1,1,1,1,1,1,1,2,0,0,0,0,0,0,0,0,0,0
2584,2,78,113,89,89,105,108,0,0,0,0,0,3,3,3,3,3,0,0,0,0,1,1,0,0,1,1,0,0,0,0,0,0,0,0,0,0
2584,2,79,80,109,86,85,102,0,0,0,0,0,3,4,3,3,3,1,1,1,0,1,0,1,1,1,1,0,0,0,0,0,0,0,0,0,0
2580,1,80,279,257,288,302,283,0,0,0,0,0,12,12,13,13,11,1,1,1,1,1,4,4,3,3,3,0,0,0,0,0,0,0,0,0,0
2580,1,81,226,265,243,272,289,0,0,0,0,0,11,13,13,14,13,1,1,1,1,2,2,2,2,3,2,0,0,0,0,0,0,0,0,0,0
2580,1,82,197,213,251,230,257,0,0,0,0,0,12,13,14,13,14,1,2,2,2,2,2,2,2,2,3,0,0,0,0,0,0,0,0,0,0
2580,1,83,164,185,200,235,217,0,0,0,0,0,11,12,13,15,13,2,2,2,2,2,1,2,2,3,2,0,0,0,0,0,0,0,0,0,0
2580,1,84,184,153,175,187,219,0,0,0,0,0,15,12,12,14,17,2,1,2,2,2,0,0,0,1,1,0,0,0,0,0,0,0,0,0,0
2580,1,85,143,170,142,163,173,0,0,0,0,0,13,15,12,13,15,1,1,1,1,1,0,0,0,0,0,0,0,0,0,0,0,0,0,0,0
2580,1,86,133,130,156,131,149,0,0,0,0,0,13,14,15,12,14,1,1,1,1,0,0,0,0,0,0,0,0,0,0,0,0,0,0,0,0
2580,1,87,91,118,115,138,116,0,0,0,0,0,13,14,14,17,14,0,0,0,0,0,1,1,1,1,1,0,0,0,0,0,0,0,0,0,0
2580,1,88,91,79,103,100,120,0,0,0,0,0,13,11,14,14,17,0,0,0,0,0,1,1,1,1,1,0,0,0,0,0,0,0,0,0,0
2580,1,89,69,77,67,88,85,0,0,0,0,0,12,13,11,14,14,0,0,0,0,0,1,1,1,1,1,0,0,0,0,0,0,0,0,0,0
2580,1,90,61,57,64,56,74,0,0,0,0,0,12,11,12,10,13,0,0,0,0,0,1,1,1,1,1,0,0,0,0,0,0,0,0,0,0
2580,1,91,39,50,47,53,46,0,0,0,0,0,8,10,10,10,10,0,0,0,0,0,1,1,0,1,0,0,0,0,0,0,0,0,0,0,0
2580,1,92,40,31,40,38,43,0,0,0,0,0,9,8,10,9,10,0,0,0,0,0,0,0,0,0,0,0,0,0,0,0,0,0,0,0,0
2580,1,93,27,32,24,31,30,0,0,0,0,0,7,8,7,9,8,0,0,0,0,0,0,0,0,0,0,0,0,0,0,0,0,0,0,0,0
2580,1,94,18,21,25,18,24,0,0,0,0,0,5,6,7,6,7,0,0,0,0,0,0,0,0,0,0,0,0,0,0,0,0,0,0,0,0
2580,1,95,15,13,16,18,13,0,0,0,0,0,4,5,5,7,5,0,0,0,0,0,0,0,0,0,0,0,0,0,0,0,0,0,0,0,0
2580,1,96,7,11,9,11,12,0,0,0,0,0,3,4,4,5,6,0,0,0,0,0,0,0,0,0,0,0,0,0,0,0,0,0,0,0,0
2580,1,97,9,4,5,6,7,0,0,0,0,0,4,3,6,3,4,0,0,0,0,0,0,0,0,0,0,0,0,0,0,0,0,0,0,0,0
2580,1,98,3,6,2,3,4,0,0,0,0,0,2,3,2,2,2,0,0,0,0,0,0,0,0,0,0,0,0,0,0,0,0,0,0,0,0
2580,1,99,1,1,3,1,1,0,0,0,0,0,0,2,3,1,2,0,0,0,0,0,0,0,0,0,0,0,0,0,0,0,0,0,0,0,0
2580,1,100+,5,5,4,6,6,0,0,0,0,0,2,1,2,1,1,0,0,0,0,0,0,0,0,0,0,0,0,0,0,0,0,0,0,0,0
2580,2,80,287,334,306,344,343,0,0,0,0,0,9,10,9,10,11,4,3,3,3,2,2,2,2,2,2,0,0,0,0,0,0,0,0,0,0
2580,2,81,321,280,323,297,333,0,0,0,0,0,11,9,11,10,11,4,4,3,4,2,3,3,4,4,3,1,1,1,1,1,0,0,0,0,0
2580,2,82,239,308,269,309,285,0,0,0,0,0,10,13,10,12,11,1,1,1,1,1,4,2,3,4,3,0,1,1,1,1,0,0,0,0,0
2580,2,83,249,228,293,255,294,0,0,0,0,0,11,10,14,12,13,1,1,1,1,1,2,2,2,3,3,0,0,0,0,0,0,0,0,0,0
2580,2,84,220,235,215,275,241,0,0,0,0,0,13,14,12,17,13,2,2,2,2,2,3,2,3,3,3,0,0,0,0,0,0,0,0,0,0
2580,2,85,202,205,220,202,257,0,0,0,0,0,14,13,14,12,16,2,1,2,2,2,2,3,3,3,4,0,0,0,0,0,0,0,0,0,0
2580,2,86,182,186,190,204,187,0,0,0,0,0,13,15,14,15,14,2,2,2,2,2,3,3,3,3,3,0,0,0,0,0,0,0,0,0,0
2580,2,87,158,167,170,175,187,0,0,0,0,0,15,14,15,14,16,1,1,1,1,1,2,2,2,2,2,0,0,0,0,0,0,0,0,0,0
2580,2,88,143,141,149,152,157,0,0,0,0,0,16,15,16,16,16,0,0,0,0,0,2,2,2,2,2,0,0,0,0,0,0,0,0,0,0
2580,2,89,119,126,125,132,134,0,0,0,0,0,16,16,15,16,16,0,1,1,1,1,2,2,2,2,3,0,0,0,0,0,0,0,0,0,0
2580,2,90,113,104,109,110,116,0,0,0,0,0,17,15,16,15,16,2,2,2,2,3,2,2,3,2,3,0,0,0,0,0,0,0,0,0,0
2580,2,91,94,99,91,95,96,0,0,0,0,0,14,14,13,14,14,1,1,1,1,1,1,1,1,1,1,0,0,0,0,0,0,0,0,0,0
2580,2,92,88,80,84,78,81,0,0,0,0,0,15,14,15,13,14,1,1,1,1,1,1,1,1,1,1,0,0,0,0,0,0,0,0,0,0
2580,2,93,53,72,66,68,66,0,0,0,0,0,11,15,14,15,12,0,0,0,0,0,0,1,0,1,0,0,0,0,0,0,0,0,0,0,0
2580,2,94,42,43,57,52,55,0,0,0,0,0,10,10,14,13,12,0,0,0,0,0,1,0,1,1,1,0,0,0,0,0,0,0,0,0,0
2580,2,95,34,32,33,44,40,0,0,0,0,0,9,9,9,12,11,0,0,0,0,0,1,1,1,1,1,0,0,0,0,0,0,0,0,0,0
2580,2,96,29,27,25,26,33,0,0,0,0,0,8,7,7,7,11,0,0,0,0,0,0,0,0,0,0,0,0,0,0,0,0,0,0,0,0
2580,2,97,16,22,21,18,19,0,0,0,0,0,6,7,6,7,7,0,0,0,0,0,0,0,0,0,0,0,0,0,0,0,0,0,0,0,0
2580,2,98,9,12,16,15,13,0,0,0,0,0,4,4,6,6,5,0,0,0,0,0,0,0,0,0,0,0,0,0,0,0,0,0,0,0,0
2580,2,99,6,6,8,10,10,0,0,0,0,0,3,3,4,6,5,0,0,0,0,0,0,0,0,0,0,0,0,0,0,0,0,0,0,0,0
2580,2,100+,9,10,11,12,15,0,0,0,0,0,5,5,5,7,7,0,0,0,0,0,0,0,0,0,0,0,0,0,0,0,0,0,0,0,0
2582,1,80,102,102,131,123,171,0,0,0,0,0,5,5,6,6,7,2,2,1,1,1,1,1,2,2,2,0,0,0,0,0,0,0,0,0,0
2582,1,81,90,96,96,124,116,0,0,0,0,0,5,5,5,6,6,0,0,0,0,0,1,1,1,1,1,0,0,0,0,0,0,0,0,0,0
2582,1,82,76,85,91,91,117,0,0,0,0,0,5,5,5,5,7,0,0,1,1,1,0,0,1,1,1,0,0,0,0,0,0,0,0,0,0
2582,1,83,65,72,81,86,86,0,0,0,0,0,5,5,5,6,6,1,1,1,1,1,0,0,0,0,0,0,0,0,0,0,0,0,0,0,0
2582,1,84,72,60,66,75,79,0,0,0,0,0,6,5,5,6,6,1,0,0,1,1,1,0,1,1,2,0,0,0,0,0,0,0,0,0,0
2582,1,85,56,65,54,59,68,0,0,0,0,0,6,6,5,6,6,0,0,0,0,0,1,1,1,1,1,0,0,0,0,0,0,0,0,0,0
2582,1,86,49,51,59,50,54,0,0,0,0,0,6,5,6,4,5,0,0,0,0,0,0,0,0,0,0,0,0,0,0,0,0,0,0,0,0
2582,1,87,48,44,45,53,45,0,0,0,0,0,6,5,6,6,5,0,0,0,0,0,0,0,0,0,0,0,0,0,0,0,0,0,0,0,0
2582,1,88,38,42,38,39,46,0,0,0,0,0,6,6,6,6,7,0,0,0,0,0,0,0,0,0,0,0,0,0,0,0,0,0,0,0,0
2582,1,89,29,33,36,33,34,0,0,0,0,0,5,5,6,5,5,0,0,0,0,0,0,0,0,0,0,0,0,0,0,0,0,0,0,0,0
2582,1,90,27,24,28,30,28,0,0,0,0,0,5,5,5,6,5,0,0,0,0,0,0,0,0,0,0,0,0,0,0,0,0,0,0,0,0
2582,1,91,21,22,20,23,25,0,0,0,0,0,4,5,4,5,5,0,0,0,0,0,0,0,0,0,0,0,0,0,0,0,0,0,0,0,0
2582,1,92,13,17,18,16,19,0,0,0,0,0,3,4,4,4,4,0,0,0,0,0,0,0,0,0,0,0,0,0,0,0,0,0,0,0,0
2582,1,93,12,10,13,14,13,0,0,0,0,0,4,3,4,4,3,0,0,0,0,0,0,0,0,0,0,0,0,0,0,0,0,0,0,0,0
2582,1,94,7,9,8,10,11,0,0,0,0,0,2,3,2,3,3,0,0,0,0,0,0,0,0,0,0,0,0,0,0,0,0,0,0,0,0
2582,1,95,2,5,7,6,7,0,0,0,0,0,1,2,2,2,3,0,0,0,0,0,0,0,0,0,0,0,0,0,0,0,0,0,0,0,0
2582,1,96,3,1,3,5,4,0,0,0,0,0,1,1,2,2,2,0,0,0,0,0,0,0,0,0,0,0,0,0,0,0,0,0,0,0,0
2582,1,97,1,2,1,2,3,0,0,0,0,0,1,1,0,1,2,0,0,0,0,0,0,0,0,0,0,0,0,0,0,0,0,0,0,0,0
2582,1,98,1,1,1,1,1,0,0,0,0,0,1,0,1,0,1,0,0,0,0,0,0,0,0,0,0,0,0,0,0,0,0,0,0,0,0
2582,1,99,1,1,1,1,1,0,0,0,0,0,2,0,0,0,0,0,0,0,0,0,0,0,0,0,0,0,0,0,0,0,0,0,0,0,0
2582,1,100+,0,0,0,0,0,0,0,0,0,0,0,1,1,1,1,0,0,0,0,0,0,0,0,0,0,0,0,0,0,0,0,0,0,0,0
2582,2,80,121,107,120,145,151,0,0,0,0,0,4,3,4,5,5,0,0,0,0,0,1,1,1,1,1,0,0,0,0,0,0,0,0,0,0
2582,2,81,119,117,103,116,139,0,0,0,0,0,5,4,4,4,5,0,0,0,0,0,1,0,0,0,1,0,0,0,0,0,0,0,0,0,0
2582,2,82,101,115,113,100,111,0,0,0,0,0,4,5,5,4,5,1,3,3,1,2,0,2,2,0,2,0,0,0,0,0,0,0,0,0,0
2582,2,83,117,95,108,107,95,0,0,0,0,0,6,5,6,5,4,1,1,1,1,1,2,2,2,2,2,0,0,0,0,0,0,0,0,0,0
2582,2,84,82,110,90,101,101,0,0,0,0,0,5,6,5,6,6,1,1,1,1,1,1,2,1,2,1,0,0,0,0,0,0,0,0,0,0
2582,2,85,101,77,104,85,95,0,0,0,0,0,7,5,6,6,6,1,0,1,1,1,2,0,1,0,1,0,0,0,0,0,0,0,0,0,0
2582,2,86,71,94,72,97,79,0,0,0,0,0,6,7,5,7,6,0,0,0,0,0,0,0,0,0,0,0,0,0,0,0,0,0,0,0,0
2582,2,87,68,65,86,66,89,0,0,0,0,0,6,6,8,6,8,0,0,0,0,0,0,0,0,0,0,0,0,0,0,0,0,0,0,0,0
2582,2,88,64,61,59,78,60,0,0,0,0,0,7,7,6,8,6,0,0,0,0,0,0,0,0,0,0,0,0,0,0,0,0,0,0,0,0
2582,2,89,53,58,55,54,71,0,0,0,0,0,7,7,7,6,8,2,1,1,1,1,0,0,0,0,0,0,0,0,0,0,0,0,0,0,0
2582,2,90,49,45,51,48,47,0,0,0,0,0,7,8,7,7,7,0,0,0,0,0,1,0,0,0,0,0,0,0,0,0,0,0,0,0,0
2582,2,91,46,41,38,43,41,0,0,0,0,0,7,7,6,7,6,0,0,0,0,0,1,1,1,1,1,0,0,0,0,0,0,0,0,0,0
2582,2,92,39,39,35,32,36,0,0,0,0,0,7,7,6,6,7,0,0,0,0,0,1,0,0,0,0,0,0,0,0,0,0,0,0,0,0
2582,2,93,19,32,32,29,27,0,0,0,0,0,4,7,7,6,5,0,0,0,0,0,0,0,0,0,0,0,0,0,0,0,0,0,0,0,0
2582,2,94,16,15,26,26,23,0,0,0,0,0,4,4,6,6,6,0,0,0,0,0,0,0,0,0,0,0,0,0,0,0,0,0,0,0,0
2582,2,95,19,12,12,20,20,0,0,0,0,0,6,4,3,6,6,0,0,0,0,0,0,0,0,0,0,0,0,0,0,0,0,0,0,0,0
2582,2,96,21,14,9,9,15,0,0,0,0,0,5,5,3,3,5,0,0,0,0,0,0,0,0,0,0,0,0,0,0,0,0,0,0,0,0
2582,2,97,7,16,10,7,7,0,0,0,0,0,3,5,4,2,2,0,0,0,0,0,0,0,0,0,0,0,0,0,0,0,0,0,0,0,0
2582,2,98,9,5,11,7,5,0,0,0,0,0,4,2,5,3,2,0,0,0,0,0,0,0,0,0,0,0,0,0,0,0,0,0,0,0,0
2582,2,99,3,6,3,8,5,0,0,0,0,0,1,3,2,3,2,0,0,0,0,0,0,0,0,0,0,0,0,0,0,0,0,0,0,0,0
2582,2,100+,4,5,8,7,10,0,0,0,0,0,3,2,3,4,5,0,0,0,0,0,0,0,0,0,0,0,0,0,0,0,0,0,0,0,0
2581,1,80,134,153,173,197,202,0,0,0,0,0,7,8,9,10,9,1,1,1,1,1,0,0,0,0,0,0,0,0,0,0,0,1,1,1,1
2581,1,81,132,129,147,165,189,0,0,0,0,0,7,7,8,9,9,2,2,2,1,2,0,0,0,0,1,0,0,0,0,0,0,0,0,0,0
2581,1,82,117,124,121,138,155,0,0,0,0,0,8,8,8,9,10,1,1,1,1,1,1,1,1,1,1,0,0,0,0,0,0,0,0,0,0
2581,1,83,92,109,116,114,130,0,0,0,0,0,8,8,9,8,9,0,1,2,2,2,1,1,1,1,1,0,0,0,0,0,0,0,0,0,0
2581,1,84,91,84,99,108,105,0,0,0,0,0,8,8,9,8,9,1,1,0,1,1,1,1,1,1,1,0,0,0,0,0,0,0,0,0,0
2581,1,85,78,82,76,90,98,0,0,0,0,0,8,9,8,9,10,0,0,0,0,1,0,0,0,0,1,0,0,0,0,0,0,0,0,0,0
2581,1,86,72,70,73,69,81,0,0,0,0,0,8,8,9,7,9,0,0,0,0,0,0,0,0,0,0,0,0,0,0,0,0,0,0,0,0
2581,1,87,58,63,60,64,61,0,0,0,0,0,8,9,10,9,8,0,0,0,0,0,0,0,0,0,0,0,0,0,0,0,0,0,0,0,0
2581,1,88,50,51,55,53,56,0,0,0,0,0,8,8,9,8,9,1,1,1,1,1,0,0,0,0,0,0,0,0,0,0,0,0,0,0,0
2581,1,89,43,42,43,46,45,0,0,0,0,0,8,8,8,9,8,0,0,0,0,0,0,0,0,0,0,0,0,0,0,0,0,0,0,0,0
2581,1,90,31,35,34,36,38,0,0,0,0,0,7,8,8,7,8,0,0,0,0,0,0,0,0,0,0,0,0,0,0,0,0,0,0,0,0
2581,1,91,21,26,28,28,29,0,0,0,0,0,5,5,6,6,6,0,0,0,0,0,0,0,1,0,1,0,0,0,0,0,0,0,0,0,0
2581,1,92,19,16,20,22,22,0,0,0,0,0,5,4,5,5,5,0,0,0,0,0,1,1,1,1,1,0,0,0,0,0,0,0,0,0,0
2581,1,93,13,15,12,16,17,0,0,0,0,0,3,4,4,4,5,0,0,0,0,0,0,0,0,0,0,0,0,0,0,0,0,0,0,0,0
2581,1,94,7,10,11,9,12,0,0,0,0,0,3,3,4,3,4,0,0,0,0,0,0,0,0,0,0,0,0,0,0,0,0,0,0,0,0
2581,1,95,10,5,7,8,7,0,0,0,0,0,3,2,3,3,2,0,0,0,0,0,0,0,0,0,0,0,0,0,0,0,0,0,0,0,0
2581,1,96,4,7,3,5,6,0,0,0,0,0,2,3,2,2,2,0,0,0,0,0,0,0,0,0,0,0,0,0,0,0,0,0,0,0,0
2581,1,97,4,3,5,2,3,0,0,0,0,0,2,1,2,1,2,0,0,0,0,0,0,0,0,0,0,0,0,0,0,0,0,0,0,0,0
2581,1,98,1,3,2,3,1,0,0,0,0,0,1,1,1,2,1,0,0,0,0,0,0,0,0,0,0,0,0,0,0,0,0,0,0,0,0
2581,1,99,1,1,2,1,1,0,0,0,0,0,0,0,1,1,2,0,0,0,0,0,0,0,0,0,0,0,0,0,0,0,0,0,0,0,0
2581,1,100+,0,0,0,1,1,0,0,0,0,0,1,1,1,1,1,0,0,0,0,0,0,0,0,0,0,0,0,0,0,0,0,0,0,0,0
2581,2,80,147,170,179,210,249,0,0,0,0,0,5,6,6,6,9,4,4,2,3,3,2,2,2,2,2,0,0,0,0,0,0,0,0,0,0
2581,2,81,157,142,164,173,202,0,0,0,0,0,7,6,7,7,8,3,2,2,2,3,1,1,1,1,3,0,0,0,0,0,0,0,0,0,0
2581,2,82,150,151,137,158,167,0,0,0,0,0,7,7,6,7,8,2,2,2,2,3,1,1,1,1,1,0,0,0,0,0,0,0,0,0,0
2581,2,83,134,144,145,133,152,0,0,0,0,0,7,8,8,6,8,2,2,2,2,2,0,0,0,0,0,0,0,0,0,0,0,0,0,0,0
2581,2,84,134,127,136,137,126,0,0,0,0,0,9,8,9,9,8,1,1,1,1,1,0,0,0,0,0,0,0,0,0,0,0,0,0,0,0
2581,2,85,133,125,121,129,130,0,0,0,0,0,10,9,8,8,8,2,1,2,2,2,1,1,0,1,1,0,0,0,0,0,0,0,0,0,0
2581,2,86,123,123,117,113,121,0,0,0,0,0,10,11,9,10,10,3,2,2,3,3,1,1,1,1,1,0,0,0,0,0,0,0,0,0,0
2581,2,87,98,111,111,106,103,0,0,0,0,0,10,11,11,10,10,0,0,0,0,0,1,1,1,1,0,0,0,0,0,0,0,0,0,0,0
2581,2,88,86,88,100,100,96,0,0,0,0,0,10,11,12,12,11,1,1,1,1,1,0,0,0,0,0,0,0,0,0,0,0,0,0,0,0
2581,2,89,72,75,77,88,88,0,0,0,0,0,12,11,11,12,12,0,0,0,0,0,0,0,0,0,0,0,0,0,0,0,0,0,0,0,0
2581,2,90,67,62,64,66,75,0,0,0,0,0,11,10,11,11,12,0,0,0,0,0,0,0,0,0,1,0,0,0,0,0,0,0,0,0,0
2581,2,91,52,59,54,55,58,0,0,0,0,0,9,8,8,9,8,0,0,0,0,0,0,0,0,0,0,0,0,0,0,0,0,0,0,0,0
2581,2,92,40,43,49,45,46,0,0,0,0,0,7,8,9,8,8,0,0,0,0,0,0,1,1,1,1,0,0,0,0,0,0,0,0,0,0
2581,2,93,32,32,34,39,37,0,0,0,0,0,7,7,8,9,8,0,0,0,0,0,0,1,1,1,0,0,0,0,0,0,0,0,0,0,0
2581,2,94,26,26,26,27,32,0,0,0,0,0,6,6,6,7,7,0,0,0,0,0,0,0,0,0,0,0,0,0,0,0,0,0,0,0,0
2581,2,95,19,20,20,20,21,0,0,0,0,0,5,6,6,6,6,0,0,0,0,0,0,0,0,0,0,0,0,0,0,0,0,0,0,0,0
2581,2,96,9,14,16,15,15,0,0,0,0,0,3,5,4,5,5,0,0,0,0,0,0,0,0,0,0,0,0,0,0,0,0,0,0,0,0
2581,2,97,9,7,10,12,11,0,0,0,0,0,4,2,4,4,4,0,0,0,0,0,0,0,0,0,0,0,0,0,0,0,0,0,0,0,0
2581,2,98,5,6,5,7,8,0,0,0,0,0,2,3,2,3,4,0,0,0,0,0,0,0,0,0,0,0,0,0,0,0,0,0,0,0,0
2581,2,99,3,4,4,2,5,0,0,0,0,0,2,1,2,3,2,0,0,0,0,0,0,0,0,0,0,0,0,0,0,0,0,0,0,0,0
2581,2,100+,2,3,5,6,6,0,0,0,0,0,1,2,2,3,2,0,0,0,0,0,0,0,0,0,0,0,0,0,0,0,0,0,0,0,0
2560,1,80,27,25,35,46,44,0,0,0,0,0,1,1,2,2,2,0,0,0,0,0,0,0,0,0,0,0,0,0,0,0,0,0,0,0,0
2560,1,81,26,26,25,33,43,0,0,0,0,0,2,1,1,2,2,0,0,1,0,1,0,0,0,0,1,0,0,0,0,0,0,0,0,0,1
2560,1,82,24,24,24,23,30,0,0,0,0,0,2,2,2,2,2,0,0,0,0,0,0,0,0,0,1,0,0,0,0,0,0,0,0,0,0
2560,1,83,20,21,21,21,20,0,0,0,0,0,2,2,2,2,2,0,0,0,0,0,0,1,1,1,1,0,0,0,0,0,0,0,0,0,0
2560,1,84,25,18,19,19,19,0,0,0,0,0,2,2,2,2,2,0,0,0,0,0,1,0,0,0,0,0,0,0,0,0,0,0,0,0,0
2560,1,85,21,23,16,17,18,0,0,0,0,0,2,2,2,2,2,0,0,0,0,1,0,0,0,0,0,0,0,0,0,0,0,0,0,0,0
2560,1,86,14,19,20,14,15,0,0,0,0,0,2,2,3,2,2,0,0,0,0,0,0,0,0,0,0,0,0,0,0,0,0,0,0,0,0
2560,1,87,15,12,17,18,12,0,0,0,0,0,2,2,2,2,2,0,0,0,0,0,0,0,0,0,0,0,0,0,0,0,0,0,0,0,0
2560,1,88,16,13,10,15,16,0,0,0,0,0,3,2,2,2,2,0,0,0,0,0,0,0,0,0,0,0,0,0,0,0,0,0,0,0,0
2560,1,89,20,13,11,8,13,0,0,0,0,0,4,3,2,2,2,0,0,0,0,0,0,0,0,0,0,0,0,0,0,0,0,0,0,0,0
2560,1,90,4,16,11,9,7,0,0,0,0,0,1,4,2,2,1,0,0,0,0,0,0,0,0,0,0,0,0,0,0,0,0,0,0,0,0
2560,1,91,6,3,13,9,7,0,0,0,0,0,1,1,3,2,2,0,0,0,0,0,0,0,0,0,0,0,0,0,0,0,0,0,0,0,0
2560,1,92,8,5,2,11,7,0,0,0,0,0,2,1,1,2,2,0,0,0,0,0,0,0,0,0,0,0,0,0,0,0,0,0,0,0,0
2560,1,93,5,6,4,1,9,0,0,0,0,0,1,2,1,1,2,0,0,0,0,0,0,0,0,0,0,0,0,0,0,0,0,0,0,0,0
2560,1,94,1,4,4,3,1,0,0,0,0,0,1,1,2,1,0,0,0,0,0,0,0,0,0,0,0,0,0,0,0,0,0,0,0,0,0
2560,1,95,4,1,3,3,2,0,0,0,0,0,2,0,1,1,1,0,0,0,0,0,0,0,0,0,0,0,0,0,0,0,0,0,0,0,0
2560,1,96,1,3,1,2,2,0,0,0,0,0,0,1,0,1,1,0,0,0,0,0,0,0,0,0,0,0,0,0,0,0,0,0,0,0,0
2560,1,97,1,1,2,1,1,0,0,0,0,0,1,0,1,0,1,0,0,0,0,0,0,0,0,0,0,0,0,0,0,0,0,0,0,0,0
2560,1,98,0,1,1,1,1,0,0,0,0,0,0,0,0,1,0,0,0,0,0,0,0,0,0,0,0,0,0,0,0,0,0,0,0,0,0
2560,1,99,0,0,0,1,1,0,0,0,0,0,0,0,1,0,0,0,0,0,0,0,0,0,0,0,0,0,0,0,0,0,0,0,0,0,0
2560,1,100+,0,0,0,0,0,0,0,0,0,0,0,0,0,0,1,0,0,0,0,0,0,0,0,0,0,0,0,0,0,0,0,0,0,0,0
2560,2,80,39,27,42,43,35,0,0,0,0,0,1,1,2,2,1,1,1,1,1,1,1,0,1,1,1,0,0,0,0,0,0,0,0,0,0
2560,2,81,51,38,27,41,42,0,0,0,0,0,2,1,1,1,1,2,1,1,1,1,1,1,0,1,1,0,0,0,0,0,0,0,0,0,0
2560,2,82,30,48,35,26,38,0,0,0,0,0,1,2,2,1,2,0,0,0,0,0,0,1,1,0,1,0,0,0,0,0,0,0,0,0,0
2560,2,83,35,29,45,33,25,0,0,0,0,0,2,1,2,2,1,0,0,0,0,0,0,0,1,0,0,0,0,0,0,0,0,0,0,0,0
2560,2,84,30,33,27,40,31,0,0,0,0,0,2,2,2,4,2,0,0,0,0,0,0,0,0,1,0,0,0,0,0,0,0,0,0,0,0
2560,2,85,29,29,31,25,38,0,0,0,0,0,2,2,2,2,2,0,1,0,0,1,0,0,0,0,1,0,0,0,0,0,0,0,0,0,0
2560,2,86,32,27,27,29,23,0,0,0,0,0,2,2,2,2,2,0,0,0,0,0,0,0,0,0,0,0,0,0,0,0,0,0,0,0,0
2560,2,87,18,29,25,25,28,0,0,0,0,0,2,3,2,2,1,0,0,0,0,0,0,0,0,0,0,0,0,0,0,0,0,0,0,0,0
2560,2,88,19,16,26,23,23,0,0,0,0,0,2,2,3,2,2,0,0,0,0,0,0,0,0,0,0,0,0,0,0,0,0,0,0,0,0
2560,2,89,17,17,14,23,20,0,0,0,0,0,2,2,2,3,3,0,0,0,0,0,0,0,0,0,0,0,0,0,0,0,0,0,0,0,0
2560,2,90,23,15,15,12,20,0,0,0,0,0,3,2,2,2,3,0,0,0,0,0,0,0,0,0,0,0,0,0,0,0,0,0,0,0,0
2560,2,91,21,20,13,13,10,0,0,0,0,0,3,3,2,2,2,0,0,0,0,0,0,0,0,0,0,0,0,0,0,0,0,0,0,0,0
2560,2,92,9,18,17,11,11,0,0,0,0,0,2,3,3,2,2,0,0,0,0,0,0,0,0,0,0,0,0,0,0,0,0,0,0,0,0
2560,2,93,11,7,15,14,9,0,0,0,0,0,2,2,3,3,2,0,0,0,0,0,0,0,0,0,0,0,0,0,0,0,0,0,0,0,0
2560,2,94,6,9,6,12,11,0,0,0,0,0,1,2,1,3,3,0,0,0,0,0,0,0,0,0,0,0,0,0,0,0,0,0,0,0,0
2560,2,95,3,5,7,5,9,0,0,0,0,0,1,1,2,1,3,0,0,0,0,0,0,0,0,0,0,0,0,0,0,0,0,0,0,0,0
2560,2,96,3,2,4,5,4,0,0,0,0,0,1,1,1,2,1,0,0,0,0,0,0,0,0,0,0,0,0,0,0,0,0,0,0,0,0
2560,2,97,2,2,1,3,4,0,0,0,0,0,0,1,1,1,1,0,0,0,0,0,0,0,0,0,0,0,0,0,0,0,0,0,0,0,0
2560,2,98,2,1,1,1,2,0,0,0,0,0,0,1,1,0,1,0,0,0,0,0,0,0,0,0,0,0,0,0,0,0,0,0,0,0,0
2560,2,99,0,1,1,1,1,0,0,0,0,0,0,1,0,0,0,0,0,0,0,0,0,0,0,0,0,0,0,0,0,0,0,0,0,0,0
2560,2,100+,0,0,0,1,1,0,0,0,0,0,1,0,1,0,1,0,0,0,0,0,0,0,0,0,0,0,0,0,0,0,0,0,0,0,0
2514,1,80,73,87,78,116,89,0,0,0,0,0,4,5,4,6,4,0,0,0,0,0,0,0,0,1,0,0,0,0,0,0,0,0,0,0,0
2514,1,81,78,69,82,74,108,0,0,0,0,0,5,4,5,4,6,0,0,0,0,0,0,0,0,0,2,0,0,0,0,0,0,0,0,0,0
2514,1,82,51,73,65,77,69,0,0,0,0,0,4,5,4,5,5,0,0,0,0,0,0,0,0,0,0,0,0,0,0,0,0,0,0,0,0
2514,1,83,52,48,68,61,71,0,0,0,0,0,4,4,5,5,6,1,1,1,1,1,0,0,0,0,0,0,0,0,0,0,0,0,1,0,1
2514,1,84,61,47,44,63,56,0,0,0,0,0,6,4,4,5,5,1,0,1,1,1,1,1,1,1,1,0,0,0,0,0,0,0,0,0,0
2514,1,85,46,55,42,39,56,0,0,0,0,0,5,6,4,4,6,0,0,0,0,0,0,0,1,1,1,0,0,0,0,0,0,0,0,0,0
2514,1,86,32,41,49,38,35,0,0,0,0,0,4,5,6,4,4,0,0,0,0,0,0,0,0,0,0,0,0,0,0,0,0,0,0,0,0
2514,1,87,39,28,36,43,33,0,0,0,0,0,6,4,5,6,5,0,0,0,0,0,0,0,0,0,0,0,0,0,0,0,0,0,0,0,0
2514,1,88,28,34,24,31,37,0,0,0,0,0,5,5,4,5,6,0,0,0,0,0,0,0,0,0,0,0,0,0,0,0,0,0,0,0,0
2514,1,89,23,24,29,20,26,0,0,0,0,0,5,4,5,4,5,0,0,0,0,0,0,0,0,0,0,0,0,0,0,0,0,0,0,0,0
2514,1,90,21,19,20,24,16,0,0,0,0,0,5,4,4,5,4,0,0,0,0,0,0,0,0,0,0,0,0,0,0,0,0,0,0,0,0
2514,1,91,10,17,16,17,20,0,0,0,0,0,2,4,3,3,4,0,0,0,0,0,0,0,0,0,0,0,0,0,0,0,0,0,0,0,0
2514,1,92,7,8,14,13,14,0,0,0,0,0,2,2,3,3,3,0,0,0,0,0,0,0,0,0,0,0,0,0,0,0,0,0,0,0,0
2514,1,93,9,6,6,11,10,0,0,0,0,0,3,1,2,3,3,0,0,0,0,0,0,0,0,0,0,0,0,0,0,0,0,0,0,0,0
2514,1,94,2,7,5,4,8,0,0,0,0,0,0,2,1,2,3,0,0,0,0,0,0,0,0,0,0,0,0,0,0,0,0,0,0,0,0
2514,1,95,2,1,5,4,3,0,0,0,0,0,1,1,2,1,1,0,0,0,0,0,0,0,0,0,0,0,0,0,0,0,0,0,0,0,0
2514,1,96,3,1,1,3,3,0,0,0,0,0,2,1,0,2,1,0,0,0,0,0,0,0,0,0,0,0,0,0,0,0,0,0,0,0,0
2514,1,97,3,2,1,1,2,0,0,0,0,0,1,1,0,0,1,0,0,0,0,0,0,0,0,0,0,0,0,0,0,0,0,0,0,0,0
2514,1,98,1,2,1,1,1,0,0,0,0,0,0,1,1,0,0,0,0,0,0,0,0,0,0,0,0,0,0,0,0,0,0,0,0,0,0
2514,1,99,0,1,1,1,1,0,0,0,0,0,0,0,1,0,0,0,0,0,0,0,0,0,0,0,0,0,0,0,0,0,0,0,0,0,0
2514,1,100+,0,0,0,0,0,0,0,0,0,0,0,0,1,1,1,0,0,0,0,0,0,0,0,0,0,0,0,0,0,0,0,0,0,0,0
2514,2,80,96,84,69,87,95,0,0,0,0,0,4,3,2,3,3,1,1,1,1,1,2,2,2,2,2,0,0,0,0,0,0,0,0,0,0
2514,2,81,71,90,80,65,83,0,0,0,0,0,3,4,3,3,3,0,0,0,0,0,1,2,1,1,1,0,0,0,0,0,0,0,0,0,0
2514,2,82,78,68,85,75,61,0,0,0,0,0,4,3,4,4,3,0,1,0,0,0,1,1,1,1,1,0,0,0,0,0,0,0,0,0,0
2514,2,83,71,74,64,80,70,0,0,0,0,0,4,4,4,4,4,1,1,1,1,1,1,1,1,1,1,0,0,0,0,0,0,0,0,1,1
2514,2,84,64,68,70,60,75,0,0,0,0,0,4,4,4,4,5,0,2,1,1,1,1,1,1,1,1,0,0,0,0,0,0,0,0,0,0
2514,2,85,58,59,62,64,56,0,0,0,0,0,3,5,5,5,4,0,1,0,0,1,1,1,1,1,1,0,0,0,0,0,0,0,0,0,0
2514,2,86,50,52,53,56,58,0,0,0,0,0,5,5,5,5,5,0,0,0,0,0,1,1,1,1,1,0,0,0,0,0,0,0,0,0,0
2514,2,87,47,45,47,48,51,0,0,0,0,0,5,5,5,5,5,0,0,0,0,0,0,0,0,0,0,0,0,0,0,0,0,0,0,0,0
2514,2,88,54,43,41,43,44,0,0,0,0,0,6,5,5,5,5,1,1,1,1,1,0,0,0,0,0,0,0,0,0,0,0,0,0,0,0
2514,2,89,30,47,38,36,38,0,0,0,0,0,4,7,5,5,5,0,0,0,0,0,0,0,0,0,0,0,0,0,0,0,0,0,0,0,0
2514,2,90,27,26,39,33,31,0,0,0,0,0,4,4,8,5,5,0,0,0,0,0,0,0,0,0,0,0,0,0,0,0,0,0,0,0,0
2514,2,91,30,23,22,34,28,0,0,0,0,0,5,4,4,5,5,0,0,0,0,0,0,0,0,0,0,0,0,0,0,0,0,0,0,0,0
2514,2,92,23,25,19,19,29,0,0,0,0,0,4,5,4,3,5,0,0,0,0,0,0,0,0,0,0,0,0,0,0,0,0,0,0,0,0
2514,2,93,12,19,21,16,16,0,0,0,0,0,3,4,4,3,3,0,0,0,0,0,0,0,0,0,0,0,0,0,0,0,0,0,0,0,0
2514,2,94,10,10,15,17,13,0,0,0,0,0,3,2,4,4,3,0,0,0,0,0,0,0,0,0,0,0,0,0,0,0,0,0,0,0,0
2514,2,95,6,8,8,12,13,0,0,0,0,0,2,2,2,3,4,0,0,0,0,0,0,0,0,0,0,0,0,0,0,0,0,0,0,0,0
2514,2,96,7,4,5,5,8,0,0,0,0,0,2,1,2,2,3,0,0,0,0,0,1,1,1,1,1,0,0,0,0,0,0,0,0,0,0
2514,2,97,4,5,3,4,4,0,0,0,0,0,1,2,1,1,1,0,0,0,0,0,0,0,0,0,0,0,0,0,0,0,0,0,0,0,0
2514,2,98,2,3,3,2,3,0,0,0,0,0,1,1,2,1,1,0,0,0,0,0,0,0,0,0,0,0,0,0,0,0,0,0,0,0,0
2514,2,99,0,1,2,2,1,0,0,0,0,0,0,1,1,1,1,0,0,0,0,0,0,0,0,0,0,0,0,0,0,0,0,0,0,0,0
2514,2,100+,1,1,1,2,3,0,0,0,0,0,1,0,1,1,1,0,0,0,0,0,0,0,0,0,0,0,0,0,0,0,0,0,0,0,0
25,1,80,946,968,1051,1134,1168,0,0,0,0,0,49,50,53,56,56,2,2,2,2,2,3,3,3,3,3,0,0,0,0,0,0,1,1,1,1
25,1,81,890,893,914,993,1073,0,0,0,0,0,53,52,54,56,59,2,2,2,2,2,2,2,2,3,3,0,0,0,0,0,0,1,0,1,1
25,1,82,708,834,838,856,932,0,0,0,0,0,48,56,55,56,59,2,2,2,2,2,2,2,2,3,3,0,0,0,0,0,0,0,0,1,1
25,1,83,618,657,774,780,796,0,0,0,0,0,49,51,59,58,59,2,2,2,2,2,2,2,2,2,2,0,0,0,0,0,0,0,1,0,1
25,1,84,672,566,603,712,718,0,0,0,0,0,61,51,53,61,61,1,1,1,1,1,2,2,2,2,2,0,0,0,0,0,0,0,0,0,0
25,1,85,551,608,513,547,647,0,0,0,0,0,58,63,52,55,64,1,1,1,1,1,2,2,2,2,2,0,0,0,0,0,0,0,0,0,0
25,1,86,490,492,544,460,491,0,0,0,0,0,59,59,64,53,56,1,1,1,1,1,1,1,1,1,1,0,0,0,0,0,0,0,0,0,0
25,1,87,396,431,433,480,405,0,0,0,0,0,55,59,59,64,55,1,1,1,1,1,1,1,1,1,1,0,0,0,0,0,0,0,0,0,0
25,1,88,357,342,373,375,416,0,0,0,0,0,57,54,58,58,64,1,1,1,1,1,1,1,1,1,1,0,0,0,0,0,0,0,0,0,0
25,1,89,287,301,289,315,318,0,0,0,0,0,54,55,52,57,56,0,0,0,0,0,1,1,1,1,1,0,0,0,0,0,0,0,0,0,0
25,1,90,223,236,248,239,261,0,0,0,0,0,48,50,52,49,53,0,0,0,0,0,1,1,1,1,1,0,0,0,0,0,0,0,0,0,0
25,1,91,167,183,194,204,197,0,0,0,0,0,36,39,41,43,41,0,0,0,0,0,1,1,1,1,1,0,0,0,0,0,0,0,0,0,0
25,1,92,131,133,146,155,164,0,0,0,0,0,32,33,36,38,39,0,0,0,0,0,1,1,1,1,1,0,0,0,0,0,0,0,0,0,0
25,1,93,101,103,104,115,122,0,0,0,0,0,29,28,29,31,33,0,0,0,0,0,0,0,0,0,0,0,0,0,0,0,0,0,0,0,0
25,1,94,64,77,78,79,88,0,0,0,0,0,20,24,25,25,27,0,0,0,0,0,0,0,0,0,0,0,0,0,0,0,0,0,0,0,0
25,1,95,48,47,57,57,58,0,0,0,0,0,17,17,20,21,21,0,0,0,0,0,0,0,0,0,0,0,0,0,0,0,0,0,0,0,0
25,1,96,26,34,33,41,41,0,0,0,0,0,11,14,14,16,16,0,0,0,0,0,0,0,0,0,0,0,0,0,0,0,0,0,0,0,0
25,1,97,24,18,23,23,28,0,0,0,0,0,11,8,11,10,13,0,0,0,0,0,0,0,0,0,0,0,0,0,0,0,0,0,0,0,0
25,1,98,10,16,12,15,15,0,0,0,0,0,5,8,6,8,8,0,0,0,0,0,0,0,0,0,0,0,0,0,0,0,0,0,0,0,0
25,1,99,4,6,10,8,9,0,0,0,0,0,3,4,6,4,6,0,0,0,0,0,0,0,0,0,0,0,0,0,0,0,0,0,0,0,0
25,1,100+,9,8,8,11,11,0,0,0,0,0,5,5,6,7,8,0,0,0,0,0,0,0,0,0,0,0,0,0,0,0,0,0,0,0,0
25,2,80,1069,1084,1091,1196,1234,0,0,0,0,0,38,39,38,41,42,3,3,3,3,3,4,4,4,5,5,0,0,0,0,0,0,0,0,0,0
25,2,81,1124,1028,1042,1050,1151,0,0,0,0,0,47,42,42,42,45,2,2,2,2,2,4,3,3,3,4,1,2,1,2,2,0,0,0,0,0
25,2,82,957,1075,984,997,1006,0,0,0,0,0,46,50,45,45,45,2,2,2,2,2,3,3,3,3,3,0,2,2,1,2,0,0,0,0,0
25,2,83,938,907,1016,932,944,0,0,0,0,0,52,49,56,49,49,1,1,1,1,1,3,2,3,3,3,0,0,0,0,0,0,0,1,1,2
25,2,84,812,882,853,954,878,0,0,0,0,0,52,55,53,60,53,1,1,1,1,1,2,2,2,3,2,0,0,0,0,0,0,0,0,0,0
25,2,85,764,756,822,795,889,0,0,0,0,0,56,55,59,57,63,1,1,1,1,1,2,2,2,2,3,0,0,0,0,0,0,0,0,0,0
25,2,86,700,704,698,759,735,0,0,0,0,0,60,60,58,63,60,2,2,2,2,2,2,2,2,2,2,0,0,0,0,0,0,0,0,0,0
25,2,87,584,637,641,637,693,0,0,0,0,0,59,63,63,61,66,2,2,2,2,2,2,2,2,2,2,0,0,0,0,0,0,0,0,0,0
25,2,88,572,524,572,576,573,0,0,0,0,0,67,60,65,65,64,1,1,1,1,1,1,1,1,1,1,0,0,0,0,0,0,0,0,0,0
25,2,89,447,504,463,506,509,0,0,0,0,0,61,68,61,66,66,1,1,1,1,1,1,1,1,1,2,0,0,0,0,0,0,0,0,0,0
25,2,90,410,387,435,402,438,0,0,0,0,0,65,60,68,61,67,1,1,1,1,1,2,1,2,1,2,0,0,0,0,0,0,0,0,0,0
25,2,91,347,353,333,375,347,0,0,0,0,0,56,56,53,59,54,1,1,1,1,1,2,2,2,2,2,0,0,0,0,0,0,0,0,0,0
25,2,92,310,292,297,281,317,0,0,0,0,0,58,54,55,51,57,1,1,1,1,1,2,2,2,2,2,0,0,0,0,0,0,0,0,0,0
25,2,93,199,254,240,244,232,0,0,0,0,0,43,54,51,51,48,0,0,0,0,0,1,2,1,2,1,0,0,0,0,0,0,0,0,0,0
25,2,94,140,159,204,193,196,0,0,0,0,0,35,39,49,46,47,0,0,0,0,0,1,1,1,1,1,0,0,0,0,0,0,0,0,0,0
25,2,95,118,109,124,159,151,0,0,0,0,0,35,30,34,44,41,0,0,0,0,0,1,1,1,1,1,0,0,0,0,0,0,0,0,0,0
25,2,96,95,89,82,93,120,0,0,0,0,0,30,28,26,30,38,0,0,0,0,0,1,1,1,1,1,0,0,0,0,0,0,0,0,0,0
25,2,97,50,70,64,60,69,0,0,0,0,0,18,25,25,22,24,0,0,0,0,0,0,0,0,0,0,0,0,0,0,0,0,0,0,0,0
25,2,98,38,36,50,46,43,0,0,0,0,0,15,14,20,18,17,0,0,0,0,0,0,0,0,0,0,0,0,0,0,0,0,0,0,0,0
25,2,99,24,26,25,34,32,0,0,0,0,0,11,12,11,16,14,0,0,0,0,0,0,0,0,0,0,0,0,0,0,0,0,0,0,0,0
25,2,100+,26,32,37,39,47,0,0,0,0,0,15,18,21,23,26,0,0,0,0,0,0,0,0,0,0,0,0,0,0,0,0,0,0,0,0
2505,1,80,22,38,30,29,37,0,0,0,0,0,1,2,2,1,2,0,0,0,0,0,0,0,0,0,0,0,0,0,0,0,0,0,0,0,0
2505,1,81,24,21,36,28,27,0,0,0,0,0,1,1,2,2,2,0,0,0,0,0,0,0,0,0,0,0,0,0,0,0,0,0,0,0,0
2505,1,82,18,22,19,34,26,0,0,0,0,0,2,2,2,2,2,0,0,0,0,0,0,0,0,0,0,0,0,0,0,0,0,0,0,0,0
2505,1,83,17,16,20,18,32,0,0,0,0,0,2,2,2,1,2,0,0,0,0,0,0,0,0,0,0,0,0,0,0,0,0,0,0,0,0
2505,1,84,31,15,15,18,17,0,0,0,0,0,3,2,1,2,1,0,0,0,0,0,0,0,0,0,0,0,0,0,0,0,0,0,0,0,0
2505,1,85,17,27,14,14,16,0,0,0,0,0,2,3,1,1,2,0,0,0,0,0,0,1,0,0,0,0,0,0,0,0,0,0,0,0,0
2505,1,86,15,14,23,11,12,0,0,0,0,0,2,2,3,2,2,0,0,0,0,0,0,1,1,1,0,0,0,0,0,0,0,0,0,0,0
2505,1,87,8,14,13,21,11,0,0,0,0,0,1,2,2,3,1,1,1,1,1,1,0,0,0,0,0,0,0,0,0,0,0,0,0,0,0
2505,1,88,17,7,12,11,18,0,0,0,0,0,3,1,2,2,3,0,0,0,0,0,0,0,0,0,0,0,0,0,0,0,0,0,0,0,0
2505,1,89,6,14,6,10,9,0,0,0,0,0,1,3,1,2,2,0,0,0,0,0,0,0,0,0,0,0,0,0,0,0,0,0,0,0,0
2505,1,90,10,5,11,5,8,0,0,0,0,0,2,1,3,1,2,0,0,0,0,0,0,0,0,0,0,0,0,0,0,0,0,0,0,0,0
2505,1,91,9,8,4,9,4,0,0,0,0,0,2,2,1,2,1,0,0,0,0,0,0,0,0,0,0,0,0,0,0,0,0,0,0,0,0
2505,1,92,3,7,6,3,7,0,0,0,0,0,1,2,2,1,2,0,0,0,0,0,0,0,0,0,0,0,0,0,0,0,0,0,0,0,0
2505,1,93,1,2,5,5,2,0,0,0,0,0,1,1,2,1,1,0,0,0,0,0,0,0,0,0,0,0,0,0,0,0,0,0,0,0,0
2505,1,94,3,1,2,4,4,0,0,0,0,0,1,0,0,1,1,0,0,0,0,0,0,0,0,0,0,0,0,0,0,0,0,0,0,0,0
2505,1,95,1,2,1,0,3,0,0,0,0,0,1,1,0,2,1,0,0,0,0,0,0,0,0,0,0,0,0,0,0,0,0,0,0,0,0
2505,1,96,1,1,1,1,0,0,0,0,0,0,0,0,1,0,0,0,0,0,0,0,0,0,0,0,0,0,0,0,0,0,0,0,0,0,0
2505,1,97,0,0,1,1,1,0,0,0,0,0,0,1,0,0,0,0,0,0,0,0,0,0,0,0,0,0,0,0,0,0,0,0,0,0,0
2505,1,98,0,0,0,0,1,0,0,0,0,0,0,0,0,1,0,0,0,0,0,0,0,0,0,0,0,0,0,0,0,0,0,0,0,0,0
2505,1,99,0,0,0,0,0,0,0,0,0,0,0,0,0,0,0,0,0,0,0,0,0,0,0,0,0,0,0,0,0,0,0,0,0,0,0
2505,1,100+,1,1,1,1,1,0,0,0,0,0,0,0,0,0,0,0,0,0,0,0,0,0,0,0,0,0,0,0,0,0,0,0,0,0,0
2505,2,80,28,32,39,40,36,0,0,0,0,0,1,1,2,1,1,0,0,0,1,0,0,0,0,0,0,0,0,0,0,0,0,0,0,0,0
2505,2,81,39,28,31,38,39,0,0,0,0,0,2,1,1,2,2,0,0,0,0,0,0,0,0,0,0,0,1,0,1,1,0,0,0,0,0
2505,2,82,33,37,27,29,36,0,0,0,0,0,2,2,1,2,2,0,0,0,0,0,0,0,0,0,0,0,0,0,0,0,0,0,0,0,0
2505,2,83,21,31,35,25,27,0,0,0,0,0,1,2,2,2,2,0,0,0,0,0,0,0,0,0,0,0,0,0,0,0,0,0,0,0,0
2505,2,84,28,20,29,33,23,0,0,0,0,0,2,1,2,2,2,0,0,0,0,0,0,0,0,0,0,0,0,0,0,0,0,0,0,0,0
2505,2,85,24,26,19,27,30,0,0,0,0,0,2,2,1,2,3,0,0,0,0,0,0,0,0,0,0,0,0,0,0,0,0,0,0,0,0
2505,2,86,22,22,24,17,25,0,0,0,0,0,2,2,2,2,2,0,0,0,0,0,0,0,0,0,0,0,0,0,0,0,0,0,0,0,0
2505,2,87,20,20,20,22,15,0,0,0,0,0,2,2,2,2,2,0,0,0,0,0,0,0,0,0,0,0,0,0,0,0,0,0,0,0,0
2505,2,88,14,18,18,18,19,0,0,0,0,0,2,2,2,2,3,0,0,0,0,0,0,0,0,0,0,0,0,0,0,0,0,0,0,0,0
2505,2,89,13,12,16,16,16,0,0,0,0,0,2,2,2,2,2,0,0,0,0,0,0,0,0,0,0,0,0,0,0,0,0,0,0,0,0
2505,2,90,11,11,10,14,14,0,0,0,0,0,2,2,2,2,2,0,0,0,0,0,0,0,0,0,0,0,0,0,0,0,0,0,0,0,0
2505,2,91,11,10,10,10,12,0,0,0,0,0,2,1,1,0,2,0,0,0,0,0,0,0,0,0,0,0,0,0,0,0,0,0,0,0,0
2505,2,92,8,9,8,9,9,0,0,0,0,0,2,2,2,1,1,0,0,0,0,0,0,0,0,0,0,0,0,0,0,0,0,0,0,0,0
2505,2,93,7,7,7,7,7,0,0,0,0,0,2,1,2,1,2,0,0,0,0,0,0,0,0,0,0,0,0,0,0,0,0,0,0,0,0
2505,2,94,3,6,6,6,6,0,0,0,0,0,1,1,1,1,1,0,0,0,0,0,0,0,0,0,0,0,0,0,0,0,0,0,0,0,0
2505,2,95,2,2,5,5,5,0,0,0,0,0,1,1,1,1,1,0,0,0,0,0,0,0,0,0,0,0,0,0,0,0,0,0,0,0,0
2505,2,96,1,2,2,4,4,0,0,0,0,0,0,0,0,1,1,0,0,0,0,0,0,0,0,0,0,0,0,0,0,0,0,0,0,0,0
2505,2,97,0,1,2,1,3,0,0,0,0,0,0,0,0,1,1,0,0,0,0,0,0,0,0,0,0,0,0,0,0,0,0,0,0,0,0
2505,2,98,0,0,1,1,1,0,0,0,0,0,0,0,0,1,0,0,0,0,0,0,0,0,0,0,0,0,0,0,0,0,0,0,0,0,0
2505,2,99,3,0,0,1,1,0,0,0,0,0,1,0,0,0,0,0,0,0,0,0,0,0,0,0,0,0,0,0,0,0,0,0,0,0,0
2505,2,100+,1,3,2,1,1,0,0,0,0,0,0,1,1,1,1,0,0,0,0,0,0,0,0,0,0,0,0,0,0,0,0,0,0,0,0
2506,1,80,12,11,18,12,13,0,0,0,0,0,1,0,1,1,1,0,0,0,0,0,0,0,0,0,0,0,0,0,0,0,0,0,0,0,0
2506,1,81,15,11,10,17,11,0,0,0,0,0,1,1,1,1,1,0,0,0,0,0,0,0,0,0,0,0,0,0,0,0,0,0,0,0,0
2506,1,82,8,14,10,9,16,0,0,0,0,0,1,1,1,1,1,0,0,0,0,0,0,0,0,0,0,0,0,0,0,0,0,0,0,0,0
2506,1,83,7,7,13,9,8,0,0,0,0,0,0,1,1,1,1,0,0,0,0,0,0,0,0,0,0,0,0,0,0,0,0,0,0,0,0
2506,1,84,12,6,6,12,8,0,0,0,0,0,1,1,1,1,1,0,0,0,0,0,0,0,0,0,0,0,0,0,0,0,0,0,0,0,0
2506,1,85,10,11,5,5,11,0,0,0,0,0,1,1,1,1,1,0,0,0,0,0,0,0,0,0,0,0,0,0,0,0,0,0,0,0,0
2506,1,86,4,9,10,4,5,0,0,0,0,0,1,1,1,1,0,0,0,0,0,0,0,0,0,0,0,0,0,0,0,0,0,0,0,0,0
2506,1,87,4,3,8,9,3,0,0,0,0,0,1,1,1,1,1,0,0,0,0,0,0,0,0,0,0,0,0,0,0,0,0,0,0,0,0
2506,1,88,8,3,3,7,8,0,0,0,0,0,1,1,0,1,1,0,0,0,0,0,0,0,0,0,0,0,0,0,0,0,0,0,0,0,0
2506,1,89,5,7,2,2,6,0,0,0,0,0,1,1,1,1,1,0,0,0,0,0,0,0,0,0,0,0,0,0,0,0,0,0,0,0,0
2506,1,90,2,4,6,2,2,0,0,0,0,0,0,1,1,0,0,0,0,0,0,0,0,0,0,0,0,0,0,0,0,0,0,0,0,0,0
2506,1,91,2,2,3,5,2,0,0,0,0,0,0,0,1,1,0,0,0,0,0,0,0,0,0,0,0,0,0,0,0,0,0,0,0,0,0
2506,1,92,3,2,2,2,4,0,0,0,0,0,1,0,0,1,1,0,0,0,0,0,0,0,0,0,0,0,0,0,0,0,0,0,0,0,0
2506,1,93,3,2,2,2,1,0,0,0,0,0,1,1,0,0,1,0,0,0,0,0,0,0,0,0,0,0,0,0,0,0,0,0,0,0,0
2506,1,94,0,2,1,2,1,0,0,0,0,0,0,1,1,0,1,0,0,0,0,0,0,0,0,0,0,0,0,0,0,0,0,0,0,0,0
2506,1,95,0,0,2,1,1,0,0,0,0,0,0,0,0,0,1,0,0,0,0,0,0,0,0,0,0,0,0,0,0,0,0,0,0,0,0
2506,1,96,1,0,0,1,1,0,0,0,0,0,1,0,0,1,0,0,0,0,0,0,0,0,0,0,0,0,0,0,0,0,0,0,0,0,0
2506,1,97,0,1,0,0,1,0,0,0,0,0,0,0,0,0,0,0,0,0,0,0,0,0,0,0,0,0,0,0,0,0,0,0,0,0,0
2506,1,98,1,0,1,0,0,0,0,0,0,0,0,0,0,0,0,0,0,0,0,0,0,0,0,0,0,0,0,0,0,0,0,0,0,0,0
2506,1,99,0,1,0,0,0,0,0,0,0,0,1,0,0,1,0,0,0,0,0,0,0,0,0,0,0,0,0,0,0,0,0,0,0,0,0
2506,1,100+,0,0,1,1,1,0,0,0,0,0,0,0,0,0,0,0,0,0,0,0,0,0,0,0,0,0,0,0,0,0,0,0,0,0,0
2506,2,80,13,10,8,15,13,0,0,0,0,0,0,1,0,1,0,0,0,0,0,0,0,0,0,0,0,0,0,0,0,0,0,0,0,0,0
2506,2,81,16,12,10,8,14,0,0,0,0,0,1,1,0,0,1,0,0,0,0,0,0,0,0,0,0,0,0,0,0,0,0,0,0,0,0
2506,2,82,18,15,11,10,8,0,0,0,0,0,1,1,1,0,0,0,0,0,0,0,0,0,0,0,0,0,0,0,0,0,0,0,0,0,0
2506,2,83,11,17,14,10,10,0,0,0,0,0,1,1,1,1,0,0,0,0,0,0,0,0,0,0,0,0,0,0,0,0,0,0,0,0,0
2506,2,84,9,10,16,13,9,0,0,0,0,0,1,1,1,1,1,0,0,0,0,0,0,0,0,0,0,0,0,0,0,0,0,0,0,0,0
2506,2,85,9,8,9,15,12,0,0,0,0,0,1,1,1,1,1,0,0,0,0,0,0,0,0,0,0,0,0,0,0,0,0,0,0,0,0
2506,2,86,6,8,7,8,14,0,0,0,0,0,0,1,1,1,1,0,0,0,0,0,0,0,0,0,0,0,0,0,0,0,0,0,0,0,0
2506,2,87,8,5,7,6,7,0,0,0,0,0,1,1,1,1,1,0,0,0,0,0,0,0,0,0,0,0,0,0,0,0,0,0,0,0,0
2506,2,88,9,7,4,6,5,0,0,0,0,0,1,1,1,1,1,0,0,0,0,0,0,0,0,0,0,0,0,0,0,0,0,0,0,0,0
2506,2,89,8,8,6,3,5,0,0,0,0,0,1,1,1,1,1,0,0,0,0,0,0,0,0,0,0,0,0,0,0,0,0,0,0,0,0
2506,2,90,7,7,7,5,1,0,0,0,0,0,1,1,1,1,2,0,0,0,0,0,0,0,0,0,0,0,0,0,0,0,0,0,0,0,0
2506,2,91,5,6,6,6,4,0,0,0,0,0,1,1,1,1,1,0,0,0,0,0,0,0,0,0,0,0,0,0,0,0,0,0,0,0,0
2506,2,92,8,4,5,5,5,0,0,0,0,0,2,1,1,1,1,0,0,0,0,0,0,0,0,0,0,0,0,0,0,0,0,0,0,0,0
2506,2,93,3,7,3,4,4,0,0,0,0,0,0,1,1,1,1,0,0,0,0,0,0,0,0,0,0,0,0,0,0,0,0,0,0,0,0
2506,2,94,2,2,6,2,3,0,0,0,0,0,0,1,1,1,1,0,0,0,0,0,0,0,0,0,0,0,0,0,0,0,0,0,0,0,0
2506,2,95,2,2,2,5,2,0,0,0,0,0,1,0,0,1,0,0,0,0,0,0,0,0,0,0,0,0,0,0,0,0,0,0,0,0,0
2506,2,96,2,2,1,2,4,0,0,0,0,0,0,0,1,0,1,0,0,0,0,0,0,0,0,0,0,0,0,0,0,0,0,0,0,0,0
2506,2,97,0,2,1,1,1,0,0,0,0,0,0,0,1,0,1,0,0,0,0,0,0,0,0,0,0,0,0,0,0,0,0,0,0,0,0
2506,2,98,2,0,1,1,1,0,0,0,0,0,1,0,1,0,0,0,0,0,0,0,0,0,0,0,0,0,0,0,0,0,0,0,0,0,0
2506,2,99,1,1,0,1,1,0,0,0,0,0,0,1,0,0,0,0,0,0,0,0,0,0,0,0,0,0,0,0,0,0,0,0,0,0,0
2506,2,100+,1,1,1,1,1,0,0,0,0,0,0,1,1,0,1,0,0,0,0,0,0,0,0,0,0,0,0,0,0,0,0,0,0,0,0
2510,1,80,21,22,30,29,31,0,0,0,0,0,1,1,1,1,1,0,0,1,2,1,0,0,0,0,0,0,0,0,0,0,0,0,0,0,0
2510,1,81,26,20,22,29,28,0,0,0,0,0,1,1,1,2,2,1,0,1,1,1,0,0,0,0,0,0,0,0,0,0,0,0,0,0,0
2510,1,82,9,24,19,20,27,0,0,0,0,0,0,2,1,2,2,1,1,1,1,1,0,1,1,1,1,0,0,0,0,0,0,0,0,0,0
2510,1,83,16,8,21,17,17,0,0,0,0,0,1,1,2,1,2,0,0,0,0,0,1,0,1,1,1,0,0,0,0,0,0,0,0,0,0
2510,1,84,19,15,7,18,16,0,0,0,0,0,2,1,1,2,1,0,0,0,0,0,1,0,0,1,0,0,0,0,0,0,0,0,0,0,0
2510,1,85,12,17,13,6,17,0,0,0,0,0,1,2,2,1,1,0,0,0,0,0,0,0,0,0,0,0,0,0,0,0,0,0,0,0,0
2510,1,86,7,11,15,11,5,0,0,0,0,0,1,1,2,2,1,0,0,0,0,0,0,0,0,0,0,0,0,0,0,0,0,0,0,0,0
2510,1,87,12,6,10,13,10,0,0,0,0,0,2,1,1,2,1,0,0,0,0,0,0,0,0,0,0,0,0,0,0,0,0,0,0,0,0
2510,1,88,9,10,5,8,11,0,0,0,0,0,1,2,1,2,2,0,0,0,0,0,0,0,0,0,0,0,0,0,0,0,0,0,0,0,0
2510,1,89,6,7,8,4,7,0,0,0,0,0,1,2,2,1,1,0,0,0,0,0,0,0,0,0,0,0,0,0,0,0,0,0,0,0,0
2510,1,90,8,5,6,6,3,0,0,0,0,0,2,1,1,2,1,0,0,0,0,0,0,0,0,0,0,0,0,0,0,0,0,0,0,0,0
2510,1,91,8,7,4,5,5,0,0,0,0,0,2,1,1,1,1,0,0,0,0,0,0,0,0,0,0,0,0,0,0,0,0,0,0,0,0
2510,1,92,6,6,6,3,4,0,0,0,0,0,1,2,1,1,1,0,0,0,0,0,0,0,0,0,0,0,0,0,0,0,0,0,0,0,0
2510,1,93,3,5,5,5,2,0,0,0,0,0,1,1,1,1,1,0,0,0,0,0,0,0,0,0,0,0,0,0,0,0,0,0,0,0,0
2510,1,94,3,2,4,4,4,0,0,0,0,0,1,1,1,1,1,0,0,0,0,0,0,0,0,0,0,0,0,0,0,0,0,0,0,0,0
2510,1,95,1,2,1,3,3,0,0,0,0,0,0,1,1,1,1,0,0,0,0,0,0,0,0,0,0,0,0,0,0,0,0,0,0,0,0
2510,1,96,1,1,1,1,2,0,0,0,0,0,0,0,1,0,1,0,0,0,0,0,0,0,0,0,0,0,0,0,0,0,0,0,0,0,0
2510,1,97,0,1,1,1,1,0,0,0,0,0,0,0,0,0,0,0,0,0,0,0,0,0,0,0,0,0,0,0,0,0,0,0,0,0,0
2510,1,98,0,0,1,0,1,0,0,0,0,0,0,0,0,1,0,0,0,0,0,0,0,0,0,0,0,0,0,0,0,0,0,0,0,0,0
2510,1,99,0,0,0,0,0,0,0,0,0,0,0,0,0,1,0,0,0,0,0,0,0,0,0,0,0,0,0,0,0,0,0,0,0,0,0
2510,1,100+,0,0,0,0,0,0,0,0,0,0,0,0,0,0,0,0,0,0,0,0,0,0,0,0,0,0,0,0,0,0,0,0,0,0,0
2510,2,80,25,21,29,28,20,0,0,0,0,0,1,1,1,1,1,1,1,1,1,1,0,0,0,0,0,0,0,0,0,0,0,0,0,0,0
2510,2,81,22,24,20,28,27,0,0,0,0,0,1,1,1,1,1,0,0,0,0,0,0,0,0,0,0,0,0,0,0,0,0,0,0,0,0
2510,2,82,15,22,24,20,28,0,0,0,0,0,1,1,1,1,1,1,1,1,1,1,0,0,0,0,0,0,0,0,0,0,0,0,0,0,0
2510,2,83,23,14,21,23,19,0,0,0,0,0,1,1,1,1,1,0,0,0,0,0,0,0,0,0,0,0,0,0,0,0,0,0,0,0,0
2510,2,84,20,23,14,21,23,0,0,0,0,0,1,1,1,1,1,1,1,1,1,1,0,0,0,0,0,0,0,0,0,0,0,0,0,0,0
2510,2,85,20,19,21,13,19,0,0,0,0,0,2,1,2,1,2,0,0,0,0,0,0,0,0,0,0,0,0,0,0,0,0,0,0,0,0
2510,2,86,18,18,17,19,12,0,0,0,0,0,2,2,2,2,1,0,0,0,0,0,0,0,0,0,0,0,0,0,0,0,0,0,0,0,0
2510,2,87,7,16,16,15,17,0,0,0,0,0,1,2,2,2,2,0,0,0,0,0,0,0,0,0,0,0,0,0,0,0,0,0,0,0,0
2510,2,88,12,6,14,14,13,0,0,0,0,0,2,1,2,2,2,0,0,0,0,0,0,0,0,0,0,0,0,0,0,0,0,0,0,0,0
2510,2,89,13,9,5,12,12,0,0,0,0,0,2,3,1,2,2,0,0,0,0,0,0,0,0,0,0,0,0,0,0,0,0,0,0,0,0
2510,2,90,5,11,8,4,10,0,0,0,0,0,1,2,1,1,2,0,0,0,0,0,0,0,0,0,0,0,0,0,0,0,0,0,0,0,0
2510,2,91,4,4,10,7,4,0,0,0,0,0,1,1,1,1,0,0,0,0,0,0,0,0,0,0,0,0,0,0,0,0,0,0,0,0,0
2510,2,92,3,3,3,9,6,0,0,0,0,0,1,1,1,1,1,0,0,0,0,0,0,0,0,0,0,0,0,0,0,0,0,0,0,0,0
2510,2,93,7,1,2,3,6,0,0,0,0,0,2,2,1,0,2,0,0,0,0,0,1,0,0,0,1,0,0,0,0,0,0,0,0,0,0
2510,2,94,2,5,1,2,2,0,0,0,0,0,1,1,0,0,1,0,0,0,0,0,0,1,0,0,0,0,0,0,0,0,0,0,0,0,0
2510,2,95,2,2,4,1,2,0,0,0,0,0,1,0,1,0,0,0,0,0,0,0,0,0,0,0,0,0,0,0,0,0,0,0,0,0,0
2510,2,96,2,1,1,3,1,0,0,0,0,0,1,1,1,1,0,0,0,0,0,0,0,0,0,0,0,0,0,0,0,0,0,0,0,0,0
2510,2,97,1,1,1,1,2,0,0,0,0,0,0,1,0,0,1,0,0,0,0,0,0,0,0,0,0,0,0,0,0,0,0,0,0,0,0
2510,2,98,1,1,1,1,1,0,0,0,0,0,0,0,0,0,0,0,0,0,0,0,0,0,0,0,0,0,0,0,0,0,0,0,0,0,0
2510,2,99,1,1,1,1,1,0,0,0,0,0,1,0,0,0,0,0,0,0,0,0,0,0,0,0,0,0,0,0,0,0,0,0,0,0,0
2510,2,100+,1,1,1,1,1,0,0,0,0,0,0,1,1,1,1,0,0,0,0,0,0,0,0,0,0,0,0,0,0,0,0,0,0,0,0
2513,1,80,24,19,18,18,25,0,0,0,0,0,1,1,1,1,2,0,0,0,0,0,0,0,0,0,0,0,0,0,0,0,0,0,0,0,0
2513,1,81,13,24,18,18,18,0,0,0,0,0,1,1,1,1,1,0,1,0,1,1,0,0,0,0,0,0,0,0,0,0,0,0,0,0,0
2513,1,82,13,13,23,18,18,0,0,0,0,0,1,1,2,1,1,1,1,1,1,1,0,0,0,0,0,0,0,0,0,0,0,0,0,0,0
2513,1,83,15,12,12,21,16,0,0,0,0,0,1,1,1,2,2,0,0,0,0,0,0,0,0,0,0,0,0,0,0,0,0,0,0,0,0
2513,1,84,11,14,11,11,19,0,0,0,0,0,1,1,1,1,2,0,0,0,0,0,0,0,0,0,0,0,0,0,0,0,0,0,0,0,0
2513,1,85,19,10,12,10,10,0,0,0,0,0,3,1,2,1,1,0,0,0,0,0,1,0,0,0,0,0,0,0,0,0,0,0,0,0,0
2513,1,86,11,17,9,10,9,0,0,0,0,0,1,2,1,2,1,0,0,0,0,0,0,0,0,0,0,0,0,0,0,0,0,0,0,0,0
2513,1,87,9,8,15,8,9,0,0,0,0,0,1,3,2,1,1,0,0,0,0,0,0,0,0,0,0,0,0,0,0,0,0,0,0,0,0
2513,1,88,8,7,7,13,7,0,0,0,0,0,1,2,1,2,1,0,0,0,0,0,0,0,0,0,0,0,0,0,0,0,0,0,0,0,0
2513,1,89,6,6,6,6,11,0,0,0,0,0,1,2,1,1,2,0,0,0,0,0,0,0,0,0,0,0,0,0,0,0,0,0,0,0,0
2513,1,90,2,5,5,5,5,0,0,0,0,0,0,1,1,1,1,0,0,0,0,0,0,0,0,0,0,0,0,0,0,0,0,0,0,0,0
2513,1,91,2,2,4,4,4,0,0,0,0,0,1,0,1,1,1,0,0,0,0,0,0,0,0,0,0,0,0,0,0,0,0,0,0,0,0
2513,1,92,3,1,2,3,3,0,0,0,0,0,0,1,0,1,1,0,0,0,0,0,0,0,0,0,0,0,0,0,0,0,0,0,0,0,0
2513,1,93,1,2,1,1,2,0,0,0,0,0,1,1,0,1,1,0,0,0,0,0,0,0,0,0,0,0,0,0,0,0,0,0,0,0,0
2513,1,94,1,1,1,1,1,0,0,0,0,0,0,0,1,0,0,0,0,0,0,0,0,0,0,0,0,0,0,0,0,0,0,0,0,0,0
2513,1,95,1,1,1,1,1,0,0,0,0,0,1,0,0,0,0,0,0,0,0,0,0,0,0,0,0,0,0,0,0,0,0,0,0,0,0
2513,1,96,1,1,1,1,1,0,0,0,0,0,0,0,0,0,0,0,0,0,0,0,0,0,0,0,0,0,0,0,0,0,0,0,0,0,0
2513,1,97,0,1,1,1,1,0,0,0,0,0,0,0,0,0,0,0,0,0,0,0,0,0,0,0,0,0,0,0,0,0,0,0,0,0,0
2513,1,98,0,0,1,1,1,0,0,0,0,0,0,0,0,0,0,0,0,0,0,0,0,0,0,0,0,0,0,0,0,0,0,0,0,0,0
2513,1,99,0,0,0,1,0,0,0,0,0,0,0,0,0,0,1,0,0,0,0,0,0,0,0,0,0,0,0,0,0,0,0,0,0,0,0
2513,1,100+,0,0,0,0,0,0,0,0,0,0,0,0,0,0,1,0,0,0,0,0,0,0,0,0,0,0,0,0,0,0,0,0,0,0,0
2513,2,80,17,23,29,17,23,0,0,0,0,0,1,1,1,1,1,0,0,0,0,0,0,0,0,0,0,0,0,0,0,0,0,0,0,0,0
2513,2,81,22,16,22,28,16,0,0,0,0,0,1,1,1,1,1,0,0,0,0,0,0,0,0,0,0,0,0,0,0,0,0,0,0,0,0
2513,2,82,14,21,15,21,27,0,0,0,0,0,1,1,1,1,1,0,0,0,0,0,0,0,0,0,0,0,0,0,0,0,0,0,0,0,0
2513,2,83,13,13,21,14,20,0,0,0,0,0,1,1,1,1,1,0,0,1,0,0,0,0,0,0,0,0,0,0,0,0,0,0,0,0,0
2513,2,84,19,12,12,20,13,0,0,0,0,0,1,1,1,1,1,0,0,0,0,0,0,0,0,0,0,0,0,0,0,0,0,0,0,0,0
2513,2,85,13,18,11,11,19,0,0,0,0,0,1,1,1,1,1,0,0,0,0,0,0,0,0,0,0,0,0,0,0,0,0,0,0,0,0
2513,2,86,7,12,16,10,10,0,0,0,0,0,1,1,2,1,1,0,0,0,0,0,0,0,0,0,0,0,0,0,0,0,0,0,0,0,0
2513,2,87,14,6,11,15,9,0,0,0,0,0,1,1,1,1,1,0,0,0,0,0,0,0,0,0,0,0,0,0,0,0,0,0,0,0,0
2513,2,88,19,13,5,10,13,0,0,0,0,0,4,1,1,1,2,0,0,0,0,0,0,0,0,0,0,0,0,0,0,0,0,0,0,0,0
2513,2,89,8,17,11,4,9,0,0,0,0,0,1,2,2,1,1,0,0,0,0,0,0,0,0,0,0,0,0,0,0,0,0,0,0,0,0
2513,2,90,9,7,15,10,3,0,0,0,0,0,2,1,2,1,1,0,0,0,0,0,0,0,0,0,0,0,0,0,0,0,0,0,0,0,0
2513,2,91,8,8,6,13,9,0,0,0,0,0,1,1,1,2,1,0,0,0,0,0,0,0,0,0,0,0,0,0,0,0,0,0,0,0,0
2513,2,92,4,7,7,5,11,0,0,0,0,0,1,1,1,1,2,0,0,0,0,0,0,0,0,0,0,0,0,0,0,0,0,0,0,0,0
2513,2,93,7,3,6,6,4,0,0,0,0,0,2,1,1,1,1,0,0,0,0,0,0,0,0,0,0,0,0,0,0,0,0,0,0,0,0
2513,2,94,2,6,1,5,5,0,0,0,0,0,1,1,2,1,1,0,0,0,0,0,0,0,0,0,0,0,0,0,0,0,0,0,0,0,0
2513,2,95,3,1,5,1,4,0,0,0,0,0,1,1,1,0,1,0,0,0,0,0,0,0,0,0,0,0,0,0,0,0,0,0,0,0,0
2513,2,96,1,2,1,4,1,0,0,0,0,0,1,1,0,1,0,0,0,0,0,0,0,0,0,0,0,0,0,0,0,0,0,0,0,0,0
2513,2,97,0,1,1,1,3,0,0,0,0,0,0,0,1,0,1,0,0,0,0,0,0,0,0,0,0,0,0,0,0,0,0,0,0,0,0
2513,2,98,1,0,1,1,1,0,0,0,0,0,0,0,0,0,0,0,0,0,0,0,0,0,0,0,0,0,0,0,0,0,0,0,0,0,0
2513,2,99,0,1,0,1,1,0,0,0,0,0,0,0,0,0,0,0,0,0,0,0,0,0,0,0,0,0,0,0,0,0,0,0,0,0,0
2513,2,100+,1,1,1,0,1,0,0,0,0,0,0,0,1,1,0,0,0,0,0,0,0,0,0,0,0,0,0,0,0,0,0,0,0,0,0
2518,1,80,25,15,26,23,26,0,0,0,0,0,3,2,3,2,3,0,0,0,0,0,0,0,0,0,0,0,0,0,0,0,0,0,0,0,0
2518,1,81,32,23,14,24,22,0,0,0,0,0,2,1,1,1,1,0,0,0,0,0,0,0,0,0,0,0,0,0,0,0,0,1,0,1,0
2518,1,82,15,30,21,12,21,0,0,0,0,0,1,2,2,1,2,0,0,0,0,0,0,0,0,0,0,0,0,0,0,0,0,0,0,1,1
2518,1,83,13,13,26,18,11,0,0,0,0,0,2,2,4,3,1,0,0,0,0,0,0,0,0,0,0,0,0,0,0,0,0,0,0,0,0
2518,1,84,13,11,11,23,16,0,0,0,0,0,2,2,2,3,2,0,0,0,0,0,0,0,0,0,0,0,0,0,0,0,0,0,0,0,0
2518,1,85,10,11,10,10,20,0,0,0,0,0,1,2,1,1,3,0,0,0,0,0,0,0,0,0,0,0,0,0,0,0,0,0,0,0,0
2518,1,86,14,8,9,8,8,0,0,0,0,0,3,2,2,2,2,0,0,0,0,0,0,0,0,0,0,0,0,0,0,0,0,0,0,0,0
2518,1,87,12,13,7,8,7,0,0,0,0,0,1,1,1,1,1,0,0,0,0,0,0,0,0,0,0,0,0,0,0,0,0,0,0,0,0
2518,1,88,6,10,11,6,7,0,0,0,0,0,1,2,2,1,1,0,0,0,0,0,0,0,0,0,0,0,0,0,0,0,0,0,0,0,0
2518,1,89,8,5,9,9,5,0,0,0,0,0,2,1,1,2,1,0,0,0,0,0,0,0,0,0,0,0,0,0,0,0,0,0,0,0,0
2518,1,90,6,7,4,8,8,0,0,0,0,0,1,1,1,1,1,0,0,0,0,0,0,0,0,0,0,0,0,0,0,0,0,0,0,0,0
2518,1,91,4,5,6,3,7,0,0,0,0,0,1,1,1,1,1,0,0,0,0,0,0,0,0,0,0,0,0,0,0,0,0,0,0,0,0
2518,1,92,4,3,4,5,2,0,0,0,0,0,1,1,1,1,1,0,0,0,0,0,0,0,0,0,0,0,0,0,0,0,0,0,0,0,0
2518,1,93,3,3,2,3,4,0,0,0,0,0,1,1,1,1,1,0,0,0,0,0,0,0,0,0,0,0,0,0,0,0,0,0,0,0,0
2518,1,94,3,3,3,2,3,0,0,0,0,0,0,0,0,0,0,0,0,0,0,0,0,0,0,0,0,0,0,0,0,0,0,0,0,0,0
2518,1,95,0,2,2,2,1,0,0,0,0,0,0,1,1,1,1,0,0,0,0,0,0,0,0,0,0,0,0,0,0,0,0,0,0,0,0
2518,1,96,2,0,2,2,2,0,0,0,0,0,0,0,0,0,0,0,0,0,0,0,0,0,0,0,0,0,0,0,0,0,0,0,0,0,0
2518,1,97,2,1,0,2,2,0,0,0,0,0,0,1,0,0,0,0,0,0,0,0,0,0,0,0,0,0,0,0,0,0,0,0,0,0,0
2518,1,98,0,1,0,0,0,0,0,0,0,0,1,1,1,0,2,0,0,0,0,0,0,0,0,0,0,0,0,0,0,0,0,0,0,0,0
2518,1,99,1,0,1,0,0,0,0,0,0,0,0,0,0,0,0,0,0,0,0,0,0,0,0,0,0,0,0,0,0,0,0,0,0,0,0
2518,1,100+,0,0,0,0,0,0,0,0,0,0,0,1,0,1,0,0,0,0,0,0,0,0,0,0,0,0,0,0,0,0,0,0,0,0,0
2518,2,80,24,22,26,27,32,0,0,0,0,0,1,1,1,1,1,0,0,1,1,1,0,0,0,0,0,0,0,0,0,0,0,0,0,0,0
2518,2,81,29,23,21,24,25,0,0,0,0,0,2,1,1,2,2,0,0,0,0,0,0,0,0,0,0,0,0,0,0,0,0,0,0,0,0
2518,2,82,25,28,21,19,22,0,0,0,0,0,2,2,2,2,2,0,0,0,0,0,0,0,0,0,0,0,1,0,0,0,0,0,0,0,0
2518,2,83,13,24,27,20,18,0,0,0,0,0,1,1,1,1,1,0,0,0,0,0,0,0,0,0,0,0,0,0,0,0,0,0,0,0,0
2518,2,84,19,12,23,26,19,0,0,0,0,0,1,1,1,1,1,0,0,0,0,0,0,0,0,0,0,0,0,0,0,0,0,0,0,0,0
2518,2,85,14,18,12,22,25,0,0,0,0,0,0,1,0,1,1,0,0,0,0,0,0,0,0,0,0,0,0,0,0,0,0,0,0,0,0
2518,2,86,21,13,16,11,20,0,0,0,0,0,3,1,2,1,2,0,0,0,0,0,0,0,0,0,0,0,0,0,0,0,0,0,0,0,0
2518,2,87,14,19,12,14,10,0,0,0,0,0,1,2,1,2,1,0,0,0,0,0,0,0,0,0,0,0,0,0,0,0,0,0,0,0,0
2518,2,88,14,12,17,10,12,0,0,0,0,0,2,2,2,2,2,0,0,0,0,0,0,0,0,0,0,0,0,0,0,0,0,0,0,0,0
2518,2,89,13,12,10,14,8,0,0,0,0,0,2,2,2,3,2,0,0,0,0,0,0,0,0,0,0,0,0,0,0,0,0,0,0,0,0
2518,2,90,10,12,11,9,13,0,0,0,0,0,1,1,1,1,1,0,0,0,0,0,0,0,0,0,0,0,0,0,0,0,0,0,0,0,0
2518,2,91,9,8,10,9,7,0,0,0,0,0,2,2,2,2,2,0,0,0,0,0,0,0,0,0,0,0,0,0,0,0,0,0,0,0,0
2518,2,92,8,8,7,8,8,0,0,0,0,0,1,1,1,2,1,0,0,0,0,0,0,0,0,0,0,0,0,0,0,0,0,0,0,0,0
2518,2,93,5,7,7,6,7,0,0,0,0,0,1,1,1,1,1,0,0,0,0,0,0,0,0,0,0,0,0,0,0,0,0,0,0,0,0
2518,2,94,4,2,5,5,4,0,0,0,0,0,1,3,2,2,2,0,0,0,0,0,0,0,0,0,0,0,0,0,0,0,0,0,0,0,0
2518,2,95,3,4,2,5,5,0,0,0,0,0,0,0,0,0,0,0,0,0,0,0,0,0,0,0,0,0,0,0,0,0,0,0,0,0,0
2518,2,96,1,2,3,1,4,0,0,0,0,0,1,1,1,1,1,0,0,0,0,0,0,0,0,0,0,0,0,0,0,0,0,0,0,0,0
2518,2,97,0,1,1,2,1,0,0,0,0,0,0,0,1,1,0,0,0,0,0,0,0,0,0,0,0,0,0,0,0,0,0,0,0,0,0
2518,2,98,2,0,1,1,1,0,0,0,0,0,1,0,0,0,1,0,0,0,0,0,0,0,0,0,0,0,0,0,0,0,0,0,0,0,0
2518,2,99,1,1,0,1,1,0,0,0,0,0,0,1,0,0,0,0,0,0,0,0,0,0,0,0,0,0,0,0,0,0,0,0,0,0,0
2518,2,100+,1,1,1,1,1,0,0,0,0,0,1,1,1,0,1,0,0,0,0,0,0,0,0,0,0,0,0,0,0,0,0,0,0,0,0
2521,1,80,43,35,30,31,34,0,0,0,0,0,3,2,2,2,2,0,0,0,0,0,0,0,0,0,0,0,0,0,0,0,0,0,0,0,0
2521,1,81,44,40,33,28,29,0,0,0,0,0,3,3,2,2,2,0,0,0,0,0,0,0,0,0,0,0,0,0,0,0,0,0,0,0,0
2521,1,82,30,41,37,31,27,0,0,0,0,0,2,3,3,2,2,0,0,0,0,1,0,0,0,0,0,0,0,0,0,0,0,0,0,0,0
2521,1,83,26,27,38,34,29,0,0,0,0,0,2,3,3,3,2,0,0,0,0,0,0,0,0,0,0,0,0,0,0,0,0,0,0,0,0
2521,1,84,23,24,24,34,31,0,0,0,0,0,3,2,3,4,3,0,0,0,0,0,0,0,0,0,0,0,0,0,0,0,0,0,0,0,0
2521,1,85,23,20,21,21,30,0,0,0,0,0,3,3,3,3,3,0,0,0,0,0,0,0,0,0,1,0,0,0,0,0,0,0,0,0,0
2521,1,86,16,20,18,18,18,0,0,0,0,0,2,3,2,3,3,0,0,0,0,0,0,0,0,0,0,0,0,0,0,0,0,0,0,0,0
2521,1,87,17,14,17,15,14,0,0,0,0,0,3,2,3,3,4,0,0,0,0,0,0,0,0,0,0,0,0,0,0,0,0,0,0,0,0
2521,1,88,13,14,12,14,13,0,0,0,0,0,3,3,2,3,2,0,0,0,0,0,0,0,0,0,0,0,0,0,0,0,0,0,0,0,0
2521,1,89,7,11,11,10,11,0,0,0,0,0,2,2,3,2,3,0,0,0,0,0,0,0,0,0,0,0,0,0,0,0,0,0,0,0,0
2521,1,90,6,6,9,9,8,0,0,0,0,0,1,1,2,2,2,0,0,0,0,0,0,0,0,0,0,0,0,0,0,0,0,0,0,0,0
2521,1,91,5,5,5,7,8,0,0,0,0,0,1,1,1,2,1,0,0,0,0,0,0,0,0,0,0,0,0,0,0,0,0,0,0,0,0
2521,1,92,3,4,4,4,6,0,0,0,0,0,1,1,1,1,1,0,0,0,0,0,0,0,0,0,0,0,0,0,0,0,0,0,0,0,0
2521,1,93,5,2,3,3,3,0,0,0,0,0,1,1,1,1,1,0,0,0,0,0,0,0,0,0,0,0,0,0,0,0,0,0,0,0,0
2521,1,94,5,4,1,2,2,0,0,0,0,0,2,1,1,1,1,0,0,0,0,0,0,0,0,0,0,0,0,0,0,0,0,0,0,0,0
2521,1,95,1,4,3,1,1,0,0,0,0,0,1,1,1,0,1,0,0,0,0,0,0,0,0,0,0,0,0,0,0,0,0,0,0,0,0
2521,1,96,0,1,3,2,1,0,0,0,0,0,0,0,1,1,0,0,0,0,0,0,0,0,0,0,0,0,0,0,0,0,0,0,0,0,0
2521,1,97,0,0,1,2,1,0,0,0,0,0,0,0,0,1,1,0,0,0,0,0,0,0,0,0,0,0,0,0,0,0,0,0,0,0,0
2521,1,98,0,0,0,1,1,0,0,0,0,0,0,0,0,0,1,0,0,0,0,0,0,0,0,0,0,0,0,0,0,0,0,0,0,0,0
2521,1,99,0,0,0,0,1,0,0,0,0,0,0,0,0,0,0,0,0,0,0,0,0,0,0,0,0,0,0,0,0,0,0,0,0,0,0
2521,1,100+,1,0,0,0,0,0,0,0,0,0,1,1,0,0,0,0,0,0,0,0,0,0,0,0,0,0,0,0,0,0,0,0,0,0,0
2521,2,80,38,41,31,34,32,0,0,0,0,0,1,2,1,1,1,0,0,0,0,0,1,1,0,1,0,0,0,0,0,0,0,0,0,0,0
2521,2,81,35,36,39,30,34,0,0,0,0,0,1,2,2,1,1,0,0,0,0,1,0,0,0,0,0,0,0,0,0,0,0,0,0,0,0
2521,2,82,33,33,34,37,29,0,0,0,0,0,2,2,2,2,1,0,0,0,0,0,0,0,0,0,0,0,0,0,0,0,0,0,0,0,0
2521,2,83,44,31,31,32,35,0,0,0,0,0,3,2,2,2,2,0,0,0,0,0,0,0,0,0,0,0,0,0,0,0,0,0,0,0,0
2521,2,84,27,40,29,30,30,0,0,0,0,0,2,3,2,2,2,0,0,0,1,0,0,1,0,0,0,0,0,0,0,0,0,0,0,0,0
2521,2,85,28,25,37,27,28,0,0,0,0,0,2,2,3,2,2,0,0,0,0,0,0,0,0,0,0,0,0,0,0,0,0,0,0,0,0
2521,2,86,23,26,23,34,25,0,0,0,0,0,2,2,2,3,2,0,0,0,0,0,0,0,0,0,0,0,0,0,0,0,0,0,0,0,0
2521,2,87,16,21,24,21,31,0,0,0,0,0,2,2,2,2,3,0,0,0,0,0,0,0,0,0,0,0,0,0,0,0,0,0,0,0,0
2521,2,88,23,14,19,21,19,0,0,0,0,0,3,2,2,3,2,0,0,0,0,0,0,0,0,0,0,0,0,0,0,0,0,0,0,0,0
2521,2,89,15,20,12,17,18,0,0,0,0,0,2,3,2,2,3,0,0,0,0,0,0,0,0,0,0,0,0,0,0,0,0,0,0,0,0
2521,2,90,10,13,17,10,15,0,0,0,0,0,2,2,3,2,2,0,0,0,0,0,0,0,0,0,0,0,0,0,0,0,0,0,0,0,0
2521,2,91,10,9,11,15,9,0,0,0,0,0,1,1,2,2,1,0,0,0,0,0,0,0,0,0,0,0,0,0,0,0,0,0,0,0,0
2521,2,92,13,8,8,9,13,0,0,0,0,0,2,2,1,2,2,0,0,0,0,0,0,0,0,0,0,0,0,0,0,0,0,0,0,0,0
2521,2,93,4,11,7,7,7,0,0,0,0,0,1,2,1,1,2,0,0,0,0,0,0,0,0,0,0,0,0,0,0,0,0,0,0,0,0
2521,2,94,2,3,9,6,6,0,0,0,0,0,1,1,2,1,1,0,0,0,0,0,0,0,0,0,0,0,0,0,0,0,0,0,0,0,0
2521,2,95,4,2,2,7,5,0,0,0,0,0,1,0,1,2,1,0,0,0,0,0,0,0,0,0,0,0,0,0,0,0,0,0,0,0,0
2521,2,96,2,3,1,1,5,0,0,0,0,0,1,1,1,1,2,0,0,0,0,0,0,0,0,0,0,0,0,0,0,0,0,0,0,0,0
2521,2,97,1,1,2,1,1,0,0,0,0,0,0,1,1,0,0,0,0,0,0,0,0,0,0,0,0,0,0,0,0,0,0,0,0,0,0
2521,2,98,2,1,1,1,1,0,0,0,0,0,1,0,0,1,0,0,0,0,0,0,0,0,0,0,0,0,0,0,0,0,0,0,0,0,0
2521,2,99,1,1,1,1,1,0,0,0,0,0,0,1,0,0,0,0,0,0,0,0,0,0,0,0,0,0,0,0,0,0,0,0,0,0,0
2521,2,100+,1,1,1,1,1,0,0,0,0,0,0,1,1,1,1,0,0,0,0,0,0,0,0,0,0,0,0,0,0,0,0,0,0,0,0
2523,1,80,74,82,73,69,72,0,0,0,0,0,4,5,3,4,5,0,0,0,0,0,1,1,1,1,1,0,0,0,0,0,0,0,0,0,0
2523,1,81,64,66,74,66,63,0,0,0,0,0,6,7,7,6,6,0,0,0,0,1,1,1,1,1,1,0,0,0,0,0,0,0,0,0,0
2523,1,82,61,59,61,68,61,0,0,0,0,0,4,4,4,5,4,0,0,0,0,0,1,1,1,1,1,0,0,0,0,0,0,0,0,0,0
2523,1,83,47,56,54,56,62,0,0,0,0,0,4,4,4,4,5,0,0,0,0,0,0,1,1,1,1,0,0,0,0,0,0,0,0,0,0
2523,1,84,52,43,50,50,51,0,0,0,0,0,5,4,5,4,4,0,0,0,0,0,1,0,1,0,1,0,0,0,0,0,0,0,0,0,0
2523,1,85,43,47,39,45,45,0,0,0,0,0,5,5,4,5,5,0,0,0,0,0,0,0,0,0,0,0,0,0,0,0,0,0,0,0,0
2523,1,86,51,37,40,34,40,0,0,0,0,0,7,6,7,5,5,0,0,0,0,1,1,0,0,0,1,0,0,0,0,0,0,0,0,0,0
2523,1,87,33,45,33,35,30,0,0,0,0,0,4,6,4,5,4,0,0,0,0,0,0,0,0,0,0,0,0,0,0,0,0,0,0,0,0
2523,1,88,25,29,39,29,31,0,0,0,0,0,3,4,6,4,4,0,0,0,0,0,0,0,0,0,0,0,0,0,0,0,0,0,0,0,0
2523,1,89,25,22,25,34,25,0,0,0,0,0,4,3,4,5,4,0,0,0,0,0,0,0,0,0,0,0,0,0,0,0,0,0,0,0,0
2523,1,90,22,20,17,20,27,0,0,0,0,0,6,5,5,5,7,0,0,0,0,0,0,0,0,0,0,0,0,0,0,0,0,0,0,0,0
2523,1,91,16,17,16,14,16,0,0,0,0,0,4,5,4,3,4,0,0,0,0,0,0,0,0,0,0,0,0,0,0,0,0,0,0,0,0
2523,1,92,8,13,13,13,11,0,0,0,0,0,2,3,4,3,3,0,0,0,0,0,0,0,0,0,0,0,0,0,0,0,0,0,0,0,0
2523,1,93,6,7,11,11,11,0,0,0,0,0,1,1,2,2,2,0,0,0,0,0,0,0,0,0,0,0,0,0,0,0,0,0,0,0,0
2523,1,94,8,4,5,8,8,0,0,0,0,0,3,2,2,3,3,0,0,0,0,0,0,0,0,0,0,0,0,0,0,0,0,0,0,0,0
2523,1,95,6,7,3,4,7,0,0,0,0,0,1,1,1,1,1,0,0,0,0,0,0,0,0,0,0,0,0,0,0,0,0,0,0,0,0
2523,1,96,1,4,5,2,3,0,0,0,0,0,1,2,2,1,1,0,0,0,0,0,0,0,0,0,0,0,0,0,0,0,0,0,0,0,0
2523,1,97,2,1,3,2,1,0,0,0,0,0,1,0,1,3,1,0,0,0,0,0,0,0,0,0,0,0,0,0,0,0,0,0,0,0,0
2523,1,98,3,1,1,2,1,0,0,0,0,0,0,1,0,1,1,0,0,0,0,0,0,0,0,0,0,0,0,0,0,0,0,0,0,0,0
2523,1,99,0,1,1,1,1,0,0,0,0,0,0,2,0,0,1,0,0,0,0,0,0,0,0,0,0,0,0,0,0,0,0,0,0,0,0
2523,1,100+,2,2,2,2,2,0,0,0,0,0,1,0,1,1,1,0,0,0,0,0,0,0,0,0,0,0,0,0,0,0,0,0,0,0,0
2523,2,80,94,89,66,81,76,0,0,0,0,0,4,4,3,4,3,0,0,0,0,0,1,1,0,1,0,0,0,0,0,0,0,0,0,0,0
2523,2,81,100,88,83,62,77,0,0,0,0,0,5,5,5,4,4,0,0,0,0,0,1,1,1,0,0,0,0,0,0,0,0,0,0,0,0
2523,2,82,84,94,84,79,59,0,0,0,0,0,4,5,4,4,3,0,0,0,0,0,0,1,0,0,0,0,0,0,0,0,0,0,0,0,0
2523,2,83,83,77,87,78,73,0,0,0,0,0,6,7,7,6,6,0,0,0,0,0,0,0,0,0,0,0,0,0,0,0,0,0,0,0,0
2523,2,84,57,78,72,82,73,0,0,0,0,0,4,5,5,5,5,0,0,0,0,0,0,0,0,0,0,0,0,0,0,0,0,0,0,0,0
2523,2,85,49,51,70,65,74,0,0,0,0,0,6,6,8,7,8,0,0,0,0,0,0,0,0,0,0,0,0,0,0,0,0,0,0,0,0
2523,2,86,43,45,47,64,60,0,0,0,0,0,4,4,4,6,5,0,0,0,0,0,0,0,0,0,0,0,0,0,0,0,0,0,0,0,0
2523,2,87,49,40,41,43,58,0,0,0,0,0,6,4,5,5,7,1,1,1,1,1,0,0,0,0,0,0,0,0,0,0,0,0,0,0,0
2523,2,88,43,46,37,38,40,0,0,0,0,0,3,3,3,3,3,0,0,0,0,0,0,0,0,0,0,0,0,0,0,0,0,0,0,0,0
2523,2,89,38,40,42,34,35,0,0,0,0,0,3,3,4,3,3,0,0,0,0,0,0,0,0,0,0,0,0,0,0,0,0,0,0,0,0
2523,2,90,34,33,35,37,30,0,0,0,0,0,5,5,5,5,4,0,0,0,0,0,0,0,0,0,0,0,0,0,0,0,0,0,0,0,0
2523,2,91,23,27,27,28,31,0,0,0,0,0,5,7,6,7,6,0,0,0,0,0,0,0,0,0,0,0,0,0,0,0,0,0,0,0,0
2523,2,92,36,19,22,22,23,0,0,0,0,0,8,4,5,5,5,0,0,0,0,0,0,0,0,0,0,0,0,0,0,0,0,0,0,0,0
2523,2,93,13,30,16,18,18,0,0,0,0,0,2,6,3,4,4,0,0,0,0,0,0,0,0,0,0,0,0,0,0,0,0,0,0,0,0
2523,2,94,11,11,25,13,15,0,0,0,0,0,2,2,5,3,3,0,0,0,0,0,0,0,0,0,0,0,0,0,0,0,0,0,0,0,0
2523,2,95,3,8,8,18,9,0,0,0,0,0,2,3,3,7,4,0,0,0,0,0,0,0,0,0,0,0,0,0,0,0,0,0,0,0,0
2523,2,96,10,2,6,6,13,0,0,0,0,0,4,1,2,2,5,0,0,0,0,0,0,0,0,0,0,0,0,0,0,0,0,0,0,0,0
2523,2,97,3,6,1,4,4,0,0,0,0,0,1,4,1,2,2,0,0,0,0,0,0,0,0,0,0,0,0,0,0,0,0,0,0,0,0
2523,2,98,1,2,4,1,2,0,0,0,0,0,1,1,2,0,2,0,0,0,0,0,0,0,0,0,0,0,0,0,0,0,0,0,0,0,0
2523,2,99,2,1,1,2,0,0,0,0,0,0,2,0,1,2,1,0,0,0,0,0,0,0,0,0,0,0,0,0,0,0,0,0,0,0,0
2523,2,100+,2,2,2,2,2,0,0,0,0,0,1,2,1,1,2,0,0,0,0,0,0,0,0,0,0,0,0,0,0,0,0,0,0,0,0
2583,1,80,40,55,39,43,51,0,0,0,0,0,2,3,2,2,3,1,1,1,1,1,0,0,0,0,0,0,0,0,0,0,0,0,0,0,0
2583,1,81,40,37,51,37,40,0,0,0,0,0,3,3,3,2,3,1,1,1,1,1,1,1,2,1,1,0,0,0,0,0,0,0,0,0,0
2583,1,82,29,37,34,46,35,0,0,0,0,0,2,3,3,4,2,1,1,1,1,1,1,1,1,2,1,0,0,0,0,0,0,0,0,0,0
2583,1,83,33,27,34,32,42,0,0,0,0,0,3,2,3,3,4,1,1,1,1,1,2,1,1,0,1,0,0,0,0,0,0,0,0,0,0
2583,1,84,20,29,25,30,29,0,0,0,0,0,2,3,2,3,3,0,0,0,0,0,0,1,0,1,0,0,0,0,0,0,0,0,0,0,0
2583,1,85,19,18,26,22,27,0,0,0,0,0,2,2,3,3,3,0,0,0,0,0,0,0,0,0,0,0,0,0,0,0,0,0,0,0,0
2583,1,86,16,17,16,23,19,0,0,0,0,0,2,2,2,3,3,0,0,0,0,0,0,0,0,0,0,0,0,0,0,0,0,0,0,0,0
2583,1,87,12,14,15,14,20,0,0,0,0,0,2,2,2,2,3,0,0,0,0,0,0,0,0,0,0,0,0,0,0,0,0,0,0,0,0
2583,1,88,19,10,12,13,12,0,0,0,0,0,4,2,2,2,2,0,0,0,0,0,0,0,0,0,0,0,0,0,0,0,0,0,0,0,0
2583,1,89,11,16,8,10,11,0,0,0,0,0,3,3,2,2,2,0,0,0,0,0,0,0,0,0,0,0,0,0,0,0,0,0,0,0,0
2583,1,90,7,9,13,6,8,0,0,0,0,0,2,2,3,2,2,0,0,0,0,0,0,0,0,0,0,0,0,0,0,0,0,0,0,0,0
2583,1,91,6,6,8,11,5,0,0,0,0,0,1,1,1,2,1,0,0,0,0,0,0,0,0,0,0,0,0,0,0,0,0,0,0,0,0
2583,1,92,3,5,5,6,9,0,0,0,0,0,1,1,1,2,2,0,0,0,0,0,0,0,0,0,0,0,0,0,0,0,0,0,0,0,0
2583,1,93,3,2,4,4,5,0,0,0,0,0,1,1,1,1,1,0,0,0,0,0,0,0,0,0,0,0,0,0,0,0,0,0,0,0,0
2583,1,94,2,2,1,3,3,0,0,0,0,0,1,1,1,1,1,0,0,0,0,0,0,0,0,0,0,0,0,0,0,0,0,0,0,0,0
2583,1,95,2,1,1,1,2,0,0,0,0,0,1,1,1,0,1,0,0,0,0,0,0,0,0,0,0,0,0,0,0,0,0,0,0,0,0
2583,1,96,0,1,1,1,1,0,0,0,0,0,0,1,0,0,0,0,0,0,0,0,0,0,0,0,0,0,0,0,0,0,0,0,0,0,0
2583,1,97,0,0,1,1,1,0,0,0,0,0,0,0,0,0,0,0,0,0,0,0,0,0,0,0,0,0,0,0,0,0,0,0,0,0,0
2583,1,98,0,0,0,1,1,0,0,0,0,0,0,0,0,0,0,0,0,0,0,0,0,0,0,0,0,0,0,0,0,0,0,0,0,0,0
2583,1,99,0,0,0,0,1,0,0,0,0,0,0,0,0,0,0,0,0,0,0,0,0,0,0,0,0,0,0,0,0,0,0,0,0,0,0
2583,1,100+,0,0,0,0,0,0,0,0,0,0,0,0,0,0,0,0,0,0,0,0,0,0,0,0,0,0,0,0,0,0,0,0,0,0,0
2583,2,80,47,48,43,43,49,0,0,0,0,0,2,2,2,2,2,0,0,0,0,0,1,1,1,2,1,0,0,0,0,0,0,0,0,0,0
2583,2,81,48,45,46,41,41,0,0,0,0,0,2,2,2,2,2,0,0,0,0,0,3,0,0,0,0,0,0,0,0,0,0,0,0,0,0
2583,2,82,45,45,44,44,40,0,0,0,0,0,2,2,2,2,2,1,1,1,1,1,1,2,1,1,1,0,0,1,0,1,0,0,0,0,0
2583,2,83,44,44,41,42,41,0,0,0,0,0,3,1,2,2,2,1,1,1,1,1,2,1,2,1,1,0,0,0,0,0,0,0,1,0,1
2583,2,84,32,40,40,38,40,0,0,0,0,0,2,3,3,2,1,0,0,0,0,0,0,1,1,1,1,0,0,0,0,0,0,0,0,0,0
2583,2,85,20,30,36,36,34,0,0,0,0,0,1,2,3,3,3,0,0,0,0,0,0,0,1,1,1,0,0,0,0,0,0,0,0,0,0
2583,2,86,30,19,29,33,33,0,0,0,0,0,3,2,2,3,3,1,1,1,1,1,1,0,0,1,1,0,0,0,0,0,0,0,0,0,0
2583,2,87,24,28,18,27,30,0,0,0,0,0,2,3,2,3,3,1,1,1,1,1,0,0,0,0,1,0,0,0,0,0,0,0,0,0,0
2583,2,88,25,21,25,16,24,0,0,0,0,0,3,3,3,2,3,0,0,0,0,0,0,0,0,0,0,0,0,0,0,0,0,0,0,0,0
2583,2,89,15,22,19,22,14,0,0,0,0,0,2,3,2,3,2,0,0,0,0,0,0,0,0,0,0,0,0,0,0,0,0,0,0,0,0
2583,2,90,14,13,19,16,19,0,0,0,0,0,2,2,3,3,3,0,0,0,0,0,0,0,0,0,0,0,0,0,0,0,0,0,0,0,0
2583,2,91,9,12,11,17,14,0,0,0,0,0,1,2,2,2,2,0,0,0,0,0,0,0,0,0,0,0,0,0,0,0,0,0,0,0,0
2583,2,92,12,8,10,9,14,0,0,0,0,0,2,1,2,2,3,0,0,0,0,0,0,0,0,0,0,0,0,0,0,0,0,0,0,0,0
2583,2,93,6,10,7,8,7,0,0,0,0,0,2,2,1,2,2,0,0,0,0,0,0,0,0,0,0,0,0,0,0,0,0,0,0,0,0
2583,2,94,4,5,8,6,6,0,0,0,0,0,1,1,2,1,2,0,0,0,0,0,0,0,0,0,0,0,0,0,0,0,0,0,0,0,0
2583,2,95,5,3,4,6,5,0,0,0,0,0,2,1,1,2,1,0,0,0,0,0,0,0,0,0,0,0,0,0,0,0,0,0,0,0,0
2583,2,96,5,4,2,3,5,0,0,0,0,0,2,1,1,1,1,0,0,0,0,0,0,0,0,0,0,0,0,0,0,0,0,0,0,0,0
2583,2,97,5,4,3,1,2,0,0,0,0,0,2,1,1,1,1,0,0,0,0,0,0,0,0,0,0,0,0,0,0,0,0,0,0,0,0
2583,2,98,1,4,3,2,1,0,0,0,0,0,0,1,1,1,0,0,0,0,0,0,0,0,0,0,0,0,0,0,0,0,0,0,0,0,0
2583,2,99,2,1,3,2,1,0,0,0,0,0,1,0,1,1,1,0,0,0,0,0,0,0,0,0,0,0,0,0,0,0,0,0,0,0,0
2583,2,100+,1,2,2,3,3,0,0,0,0,0,1,1,1,2,2,0,0,0,0,0,0,0,0,0,0,0,0,0,0,0,0,0,0,0,0
2584,1,80,70,67,82,96,90,0,0,0,0,0,4,3,4,5,4,0,0,0,0,0,0,0,0,0,0,0,0,0,0,0,0,0,0,0,0
2584,1,81,80,66,63,78,90,0,0,0,0,0,5,4,4,4,5,0,0,0,0,0,0,0,0,0,1,0,0,0,0,0,0,0,0,0,0
2584,1,82,60,75,62,59,73,0,0,0,0,0,4,5,4,4,5,0,0,0,0,0,0,0,0,0,0,0,0,0,0,0,0,0,0,0,0
2584,1,83,51,56,70,58,55,0,0,0,0,0,4,4,5,4,4,0,0,0,0,0,0,0,0,0,0,0,0,0,0,0,0,0,0,0,0
2584,1,84,58,47,51,64,53,0,0,0,0,0,5,4,5,6,5,0,0,0,0,0,0,0,0,0,0,0,0,0,0,0,0,0,0,0,0
2584,1,85,54,52,43,46,58,0,0,0,0,0,6,6,4,5,6,0,0,0,0,0,0,0,0,0,0,0,0,0,0,0,0,0,0,0,0
2584,1,86,56,48,47,39,41,0,0,0,0,0,7,6,5,4,5,0,0,0,0,0,0,0,0,0,0,0,0,0,0,0,0,0,0,0,0
2584,1,87,38,49,42,41,34,0,0,0,0,0,5,7,6,6,5,0,0,0,0,0,0,0,0,0,0,0,0,0,0,0,0,0,0,0,0
2584,1,88,29,33,42,36,34,0,0,0,0,0,5,5,7,6,7,0,0,0,0,0,0,0,0,0,0,0,0,0,0,0,0,0,0,0,0
2584,1,89,29,24,28,35,30,0,0,0,0,0,5,5,5,7,6,0,0,0,0,0,0,0,0,0,0,0,0,0,0,0,0,0,0,0,0
2584,1,90,16,24,20,23,29,0,0,0,0,0,4,5,4,5,6,0,0,0,0,0,0,0,0,0,0,0,0,0,0,0,0,0,0,0,0
2584,1,91,18,13,20,16,19,0,0,0,0,0,4,3,4,4,4,0,0,0,0,0,0,0,0,0,0,0,0,0,0,0,0,0,0,0,0
2584,1,92,11,15,10,16,13,0,0,0,0,0,3,3,3,4,3,0,0,0,0,0,0,0,0,0,0,0,0,0,0,0,0,0,0,0,0
2584,1,93,10,9,12,8,13,0,0,0,0,0,3,2,3,2,3,0,0,0,0,0,0,0,0,0,0,0,0,0,0,0,0,0,0,0,0
2584,1,94,4,7,7,9,6,0,0,0,0,0,1,3,2,3,2,0,0,0,0,0,0,0,0,0,0,0,0,0,0,0,0,0,0,0,0
2584,1,95,3,3,5,5,7,0,0,0,0,0,1,1,2,2,2,0,0,0,0,0,0,0,0,0,0,0,0,0,0,0,0,0,0,0,0
2584,1,96,1,2,2,4,3,0,0,0,0,0,1,1,1,1,2,0,0,0,0,0,0,0,0,0,0,0,0,0,0,0,0,0,0,0,0
2584,1,97,2,1,1,1,3,0,0,0,0,0,1,0,1,1,1,0,0,0,0,0,0,0,0,0,0,0,0,0,0,0,0,0,0,0,0
2584,1,98,0,1,1,1,1,0,0,0,0,0,0,1,0,0,0,0,0,0,0,0,0,0,0,0,0,0,0,0,0,0,0,0,0,0,0
2584,1,99,0,0,1,1,1,0,0,0,0,0,0,0,0,0,0,0,0,0,0,0,0,0,0,0,0,0,0,0,0,0,0,0,0,0,0
2584,1,100+,0,0,0,0,0,0,0,0,0,0,0,0,0,1,1,0,0,0,0,0,0,0,0,0,0,0,0,0,0,0,0,0,0,0,0
2584,2,80,93,76,104,82,80,0,0,0,0,0,4,3,4,3,3,0,0,0,0,0,1,1,1,1,2,0,0,0,0,0,0,0,0,0,0
2584,2,81,94,89,73,99,79,0,0,0,0,0,4,4,3,4,3,0,0,0,0,0,0,0,0,1,0,0,0,0,0,0,0,0,0,0,0
2584,2,82,92,90,85,70,95,0,0,0,0,0,5,4,4,3,4,0,0,0,0,0,0,0,0,0,0,0,0,0,0,0,0,0,0,0,0
2584,2,83,80,86,84,80,65,0,0,0,0,0,5,5,5,4,4,0,0,0,0,0,1,1,1,1,1,0,0,0,0,0,0,0,0,0,0
2584,2,84,71,74,80,78,74,0,0,0,0,0,5,5,5,5,5,0,0,0,0,0,1,1,1,1,1,0,0,0,0,0,0,0,0,0,0
2584,2,85,64,66,69,74,72,0,0,0,0,0,5,5,5,6,6,0,0,0,0,0,0,0,0,0,0,0,0,0,0,0,0,0,0,0,0
2584,2,86,72,59,60,64,68,0,0,0,0,0,7,5,6,5,6,0,0,0,0,0,0,0,0,0,0,0,0,0,0,0,0,0,0,0,0
2584,2,87,43,65,53,54,58,0,0,0,0,0,5,7,6,6,6,0,0,0,0,0,0,0,0,0,0,0,0,0,0,0,0,0,0,0,0
2584,2,88,47,38,58,47,48,0,0,0,0,0,6,5,7,6,6,0,0,0,0,0,0,0,0,0,0,0,0,0,0,0,0,0,0,0,0
2584,2,89,33,41,33,51,41,0,0,0,0,0,5,6,5,7,6,0,0,0,0,0,0,0,0,0,0,0,0,0,0,0,0,0,0,0,0
2584,2,90,31,28,35,28,44,0,0,0,0,0,7,5,6,5,7,0,0,0,0,0,0,0,0,0,0,0,0,0,0,0,0,0,0,0,0
2584,2,91,25,27,24,30,24,0,0,0,0,0,4,4,4,5,4,0,0,0,0,0,0,0,0,0,0,0,0,0,0,0,0,0,0,0,0
2584,2,92,19,21,23,20,25,0,0,0,0,0,4,4,4,4,5,0,0,0,0,0,0,0,0,0,0,0,0,0,0,0,0,0,0,0,0
2584,2,93,20,16,17,19,17,0,0,0,0,0,4,3,4,4,3,0,0,0,0,0,0,0,0,0,0,0,0,0,0,0,0,0,0,0,0
2584,2,94,10,16,13,14,15,0,0,0,0,0,3,4,3,3,4,0,0,0,0,0,0,0,0,0,0,0,0,0,0,0,0,0,0,0,0
2584,2,95,13,8,12,10,11,0,0,0,0,0,3,2,4,3,3,0,0,0,0,0,0,0,0,0,0,0,0,0,0,0,0,0,0,0,0
2584,2,96,2,10,6,9,8,0,0,0,0,0,1,3,2,3,2,0,0,0,0,0,0,0,0,0,0,0,0,0,0,0,0,0,0,0,0
2584,2,97,2,1,7,4,7,0,0,0,0,0,1,1,3,2,2,0,0,0,0,0,0,0,0,0,0,0,0,0,0,0,0,0,0,0,0
2584,2,98,1,1,1,5,3,0,0,0,0,0,0,1,0,2,1,0,0,0,0,0,0,0,0,0,0,0,0,0,0,0,0,0,0,0,0
2584,2,99,1,1,1,1,3,0,0,0,0,0,0,0,0,0,2,0,0,0,0,0,0,0,0,0,0,0,0,0,0,0,0,0,0,0,0
2584,2,100+,1,1,1,1,1,0,0,0,0,0,1,1,1,1,1,0,0,0,0,0,0,0,0,0,0,0,0,0,0,0,0,0,0,0,0
